scenario,policy_family,task_local_index,task_global_index,segment_id,task_id,source_line,task_start,task_goal,pass_time,std,start_deadline_slack,teacher_family,teacher_path,teacher_finish_time,policy_partial_path,policy_decision_count,policy_terminal_reason,first_divergence_current,sipp_teacher_next,policy_next,policy_action_kind,divergence_reason,ready_time,deadline_slack_at_divergence,safe_candidate_count,candidate_count,blocked_candidate_count,active_fault_state,node_capacity_state,merge_group_state,scenario_context,failure_motif,observation_vs_model_guess,suggested_next_fix,slice_scope,prefix_match_len,decision_ordinal,task_decision_ordinal,fallback_used
legacy_first16,fallback_event,8,8,8:storage_in,8,10,0,47,10084.10648,23400.0,13277.49352,rolling_horizon_sipp,0 6 8 11 14 46 36 38 39 47,10155.706479999999,0 6 12 13 23 24 27,8,no_safe_action,6,8,12,move,different_next_node,10088.306480000001,13276.493519999998,3,3,0,no,none,none,no_fault,wrong_branch_vs_sipp,model_or_data_limited,Collect SIPP teacher counterfactual slices and run feature ablations before RL.,first_divergence,2,69,2,True
legacy_first16,pibt_active_bag_replay,0,0,0:storage_in,0,2,3,47,8267.845453,22200.0,13890.154547,rolling_horizon_sipp,3 16 17 18 22 24 27 28 47,8316.845453,3 16 21 23 24 27 28 29 30 31 43 15 14 46 36 38 39 40 41 42 25 26 43 15 14 46 36 38 39 40 41 42 25 26 43 15 14 46 36 38 39 40 41 42 25 26 43 15 14 46 36 38 39 40 41 42 25 26 43 15 14 46 36 38 ...(+699 more),1472,max_ticks,16,17,21,move,different_next_node,8297.845453,13861.754547,,,,no,none,none,no_fault,wrong_branch_vs_sipp,model_or_data_limited,Collect SIPP teacher counterfactual slices and run feature ablations before RL.,first_divergence,2,,2,
legacy_first16,pibt_active_bag_replay,1,1,1:storage_in,1,3,4,47,8867.845453,22200.0,13291.754547,rolling_horizon_sipp,4 17 18 22 24 27 28 47,8914.245453,4 17 18 22 24 27 28 29 30 31 43 15 14 46 36 38 39 40 41 42 25 26 43 15 14 46 36 38 39 40 41 42 25 26 43 15 14 46 36 38 39 40 41 42 25 26 43 15 14 46 36 38 39 40 41 42 25 26 43 15 14 46 36 38 ...(+631 more),1405,max_ticks,28,47,29,move,different_next_node,8937.845453,13258.154547,,,,no,none,none,no_fault,wrong_branch_vs_sipp,model_or_data_limited,Collect SIPP teacher counterfactual slices and run feature ablations before RL.,first_divergence,7,,7,
legacy_first16,pibt_active_bag_replay,2,2,2:storage_in,2,4,5,47,8875.816299,22200.0,13284.583701,rolling_horizon_sipp,5 19 18 22 24 27 28 47,8939.800872,5 19 18 22 26 43 15 14 46 36 38 39 40 41 42 25 26 43 15 14 46 36 38 39 40 41 42 25 26 43 15 14 46 36 38 39 40 41 42 25 26 43 15 14 46 36 38 39 40 41 42 25 26 43 15 14 46 36 38 39 40 41 42 25 ...(+629 more),1410,max_ticks,22,24,26,move,different_next_node,8912.845453,13260.354547,,,,no,none,none,no_fault,wrong_branch_vs_sipp,model_or_data_limited,Collect SIPP teacher counterfactual slices and run feature ablations before RL.,first_divergence,4,,4,
legacy_first16,pibt_active_bag_replay,3,3,3:storage_in,3,5,3,47,8880.000872,22200.0,13277.999128,rolling_horizon_sipp,3 16 17 18 22 24 27 28 47,8929.000872,3 16 21 23 24 27 28 29 30 31 43 15 14 46 36 38 39 40 41 42 25 26 43 15 14 46 36 38 39 40 41 42 25 26 43 15 14 46 36 38 39 40 41 42 25 26 43 15 14 46 36 38 39 40 41 42 25 26 43 15 14 46 36 38 ...(+630 more),1400,max_ticks,16,17,21,move,different_next_node,8917.845453,13241.754547,,,,no,none,none,no_fault,wrong_branch_vs_sipp,model_or_data_limited,Collect SIPP teacher counterfactual slices and run feature ablations before RL.,first_divergence,2,,2,
legacy_first16,pibt_active_bag_replay,4,4,4:storage_in,4,6,3,47,9462.482986,22200.0,12695.517014,rolling_horizon_sipp,3 16 17 18 22 24 27 28 47,9511.482986,3 16 21 23 24 27 28 29 30 31 43 15 14 46 36 38 39 40 41 42 25 26 43 15 14 46 36 38 39 40 41 42 25 26 43 15 14 46 36 38 39 40 41 42 25 26 43 15 14 46 36 38 39 40 41 42 25 26 43 15 14 46 36 38 ...(+560 more),1338,max_ticks,16,17,21,move,different_next_node,9497.845453,12661.754547,,,,no,none,none,no_fault,wrong_branch_vs_sipp,model_or_data_limited,Collect SIPP teacher counterfactual slices and run feature ablations before RL.,first_divergence,2,,2,
legacy_first16,pibt_active_bag_replay,5,5,5:storage_in,5,7,4,47,9470.615484,23100.0,13588.984516,rolling_horizon_sipp,4 17 18 22 24 27 28 47,9522.282986,4 17 18 22 24 27 28 29 30 31 32 33 34 12 13 23 24 27 28 29 30 31 43 15 14 46 36 38 39 40 41 42 25 26 43 15 14 46 36 38 39 40 41 42 25 26 43 15 14 46 36 38 39 40 41 42 25 26 43 15 14 46 36 38 ...(+563 more),1336,max_ticks,28,47,29,move,different_next_node,9542.845453,13553.154547,,,,no,none,none,no_fault,wrong_branch_vs_sipp,model_or_data_limited,Collect SIPP teacher counterfactual slices and run feature ablations before RL.,first_divergence,7,,7,
legacy_first16,pibt_active_bag_replay,6,6,6:storage_in,6,8,5,47,10062.62162,22200.0,12097.77838,rolling_horizon_sipp,5 19 18 22 24 27 28 47,10108.221619999998,5 19 18 22 24 27 28 29 30 31 32 33 34 12 13 23 24 27 28 29 30 31 32 33 34 12 13 23 24 27 28 29 30 31 32 33 34 12 13 23 24 27 28 29 30 31 32 33 34 12 13 23 24 27 28 29 30 31 32 33 34 12 13 23 ...(+903 more),1044,max_ticks,28,47,29,move,different_next_node,10132.845453,12063.154547,,,,no,none,none,no_fault,wrong_branch_vs_sipp,model_or_data_limited,Collect SIPP teacher counterfactual slices and run feature ablations before RL.,first_divergence,7,,7,
legacy_first16,pibt_active_bag_replay,7,7,7:storage_in,7,9,3,47,10073.28213,22200.0,12084.71787,rolling_horizon_sipp,3 16 17 18 22 24 27 28 47,10122.28213,3 16 21 23 24 27 28 29 30 31 32 33 34 12 13 23 24 27 28 29 30 31 32 33 34 12 13 23 24 27 28 29 30 31 32 33 34 12 13 23 24 27 28 29 30 31 32 33 34 12 13 23 24 27 28 29 30 31 32 33 34 12 13 23 ...(+898 more),1042,max_ticks,16,17,21,move,different_next_node,10112.845453,12046.754547,,,,no,none,none,no_fault,wrong_branch_vs_sipp,model_or_data_limited,Collect SIPP teacher counterfactual slices and run feature ablations before RL.,first_divergence,2,,2,
legacy_first16,pibt_active_bag_replay,8,8,8:storage_in,8,10,0,47,10084.10648,23400.0,13277.49352,rolling_horizon_sipp,0 6 8 11 14 46 36 38 39 47,10155.706479999999,0 6 12 13 23 24 27 28 29 30 31 32 33 34 12 13 23 24 27 28 29 30 31 32 33 34 12 13 23 24 27 28 29 30 31 32 33 34 12 13 23 24 27 28 29 30 31 32 33 34 12 13 23 24 27 28 29 30 31 32 33 34 12 13 ...(+897 more),1044,max_ticks,6,8,12,move,different_next_node,10112.845453,13251.954547,,,,no,none,none,no_fault,wrong_branch_vs_sipp,model_or_data_limited,Collect SIPP teacher counterfactual slices and run feature ablations before RL.,first_divergence,2,,2,
legacy_first16,pibt_active_bag_replay,9,9,9:storage_in,9,11,4,47,10085.33414,23400.0,13274.26586,rolling_horizon_sipp,4 17 18 22 24 27 28 47,10155.172939999997,4 17 18 22 24 27 28 29 30 31 43 15 14 46 36 38 39 40 41 42 25 26 43 15 14 46 36 38 39 40 41 42 25 26 43 15 14 46 36 38 39 40 41 42 25 26 43 15 14 46 36 38 39 40 41 42 25 26 43 15 14 46 36 38 ...(+501 more),1260,max_ticks,28,47,29,move,different_next_node,10157.845453,13238.154547,,,,no,none,none,no_fault,wrong_branch_vs_sipp,model_or_data_limited,Collect SIPP teacher counterfactual slices and run feature ablations before RL.,first_divergence,7,,7,
legacy_first16,pibt_active_bag_replay,10,10,10:storage_in,10,12,5,47,10087.97294,22200.0,12072.42706,rolling_horizon_sipp,5 19 18 22 24 27 28 47,10133.572939999998,5 19 18 22 26 43 15 14 46 36 38 39 40 41 42 25 26 43 15 14 46 36 38 39 40 41 42 25 26 43 15 14 46 36 38 39 40 41 42 25 26 43 15 14 46 36 38 39 40 41 42 25 26 43 15 14 46 36 38 39 40 41 42 25 ...(+500 more),1261,max_ticks,18,22,18,hold,hold_when_sipp_moves,10112.845453,12051.954547,,,,no,none,none,no_fault,hold_when_sipp_moves,model_or_feature_limited,Train against SIPP next-hop rankings and add shortest-to-goal plus downstream reservation features.,first_divergence,4,,3,
legacy_first16,pibt_active_bag_replay,11,11,11:storage_in,11,13,1,47,10089.43982,23400.0,13268.56018,rolling_horizon_sipp,1 7 8 11 13 23 24 27 28 47,10144.372939999997,1 7 8 11 14 46 36 38 39 40 41 42 25 26 43 15 14 46 36 38 39 40 41 42 25 26 43 15 14 46 36 38 39 40 41 42 25 26 43 15 14 46 36 38 39 40 41 42 25 26 43 15 14 46 36 38 39 40 41 42 25 26 43 15 ...(+501 more),1256,max_ticks,11,13,14,move,different_next_node,10132.845453,13234.754547,,,,no,none,none,no_fault,wrong_branch_vs_sipp,model_or_data_limited,Collect SIPP teacher counterfactual slices and run feature ablations before RL.,first_divergence,4,,4,
legacy_first16,pibt_active_bag_replay,12,12,12:storage_in,12,14,0,47,10645.1686,24000.0,13316.4314,rolling_horizon_sipp,0 6 12 13 23 24 27 28 47,10690.568600000002,0 6 12 13 23 24 27 28 29 30 31 32 33 34 12 13 23 24 27 28 29 30 31 32 33 34 12 13 23 24 27 28 29 30 31 32 33 34 12 13 23 24 27 28 29 30 31 32 33 34 12 13 23 24 27 28 29 30 31 32 33 34 12 13 ...(+836 more),974,max_ticks,28,47,29,move,different_next_node,10717.845453,13278.154547,,,,no,none,none,no_fault,wrong_branch_vs_sipp,model_or_data_limited,Collect SIPP teacher counterfactual slices and run feature ablations before RL.,first_divergence,8,,8,
legacy_first16,pibt_active_bag_replay,13,13,13:storage_in,13,15,4,47,10665.17885,24300.0,13594.42115,rolling_horizon_sipp,4 17 18 22 24 27 28 47,10711.57885,4 17 18 22 24 27 28 29 30 31 32 33 34 12 13 23 24 27 28 29 30 31 32 33 34 12 13 23 24 27 28 29 30 31 32 33 34 12 13 23 24 27 28 29 30 31 32 33 34 12 13 23 24 27 28 29 30 31 32 33 34 12 13 23 ...(+832 more),969,max_ticks,28,47,29,move,different_next_node,10737.845453,13558.154547,,,,no,none,none,no_fault,wrong_branch_vs_sipp,model_or_data_limited,Collect SIPP teacher counterfactual slices and run feature ablations before RL.,first_divergence,7,,7,
legacy_first16,pibt_active_bag_replay,14,14,14:storage_in,14,16,5,47,10673.28828,22200.0,11487.111719999999,rolling_horizon_sipp,5 19 18 22 24 27 28 47,10722.37885,5 19 18 22 24 27 28 29 30 31 32 33 34 12 13 23 24 27 28 29 30 31 32 33 34 12 13 23 24 27 28 29 30 31 32 33 34 12 13 23 24 27 28 29 30 31 32 33 34 12 13 23 24 27 28 29 30 31 32 33 34 12 13 23 ...(+830 more),970,max_ticks,22,24,22,hold,hold_when_sipp_moves,10707.845453,11465.354547,,,,no,none,none,no_fault,hold_when_sipp_moves,model_or_feature_limited,Train against SIPP next-hop rankings and add shortest-to-goal plus downstream reservation features.,first_divergence,7,,4,
legacy_first16,pibt_active_bag_replay,15,15,15:storage_in,15,17,3,47,10675.8454,24000.0,13282.1546,rolling_horizon_sipp,3 16 21 23 24 27 28 47,10733.178849999998,3 16 21 23 24 27 28 29 30 31 32 33 34 12 13 23 24 27 28 29 30 31 32 33 34 12 13 23 24 27 28 29 30 31 32 33 34 12 13 23 24 27 28 29 30 31 32 33 34 12 13 23 24 27 28 29 30 31 32 33 34 12 13 23 ...(+827 more),968,max_ticks,23,24,23,hold,hold_when_sipp_moves,10727.845453,13254.154547,,,,no,none,none,no_fault,hold_when_sipp_moves,model_or_feature_limited,Train against SIPP next-hop rankings and add shortest-to-goal plus downstream reservation features.,first_divergence,7,,4,
legacy_first16_buffer2,fallback_event,8,8,8:storage_in,8,10,0,47,10084.10648,23400.0,13277.49352,rolling_horizon_sipp,0 6 8 11 14 46 36 38 39 47,10155.706479999999,0 6 12 13 23 24 27,8,no_safe_action,6,8,12,move,different_next_node,10088.306480000001,13276.493519999998,3,3,0,no,28:2;47:2,none,buffer_capacity,buffer_capacity_branch_gap,model_or_data_limited,Collect SIPP teacher counterfactual slices and run feature ablations before RL.,first_divergence,2,69,2,True
legacy_first16_buffer2,pibt_active_bag_replay,0,0,0:storage_in,0,2,3,47,8267.845453,22200.0,13890.154547,rolling_horizon_sipp,3 16 17 18 22 24 27 28 47,8316.845453,3 16 21 23 24 27 28 29 30 31 43 15 14 46 36 38 39 40 41 42 25 26 43 15 14 46 36 38 39 40 41 42 25 26 43 15 14 46 36 38 39 40 41 42 25 26 43 15 14 46 36 38 39 40 41 42 25 26 43 15 14 46 36 38 ...(+699 more),1472,max_ticks,16,17,21,move,different_next_node,8297.845453,13861.754547,,,,no,28:2;47:2,none,buffer_capacity,buffer_capacity_branch_gap,model_or_data_limited,Collect SIPP teacher counterfactual slices and run feature ablations before RL.,first_divergence,2,,2,
legacy_first16_buffer2,pibt_active_bag_replay,1,1,1:storage_in,1,3,4,47,8867.845453,22200.0,13291.754547,rolling_horizon_sipp,4 17 18 22 24 27 28 47,8914.245453,4 17 18 22 24 27 28 29 30 31 43 15 14 46 36 38 39 40 41 42 25 26 43 15 14 46 36 38 39 40 41 42 25 26 43 15 14 46 36 38 39 40 41 42 25 26 43 15 14 46 36 38 39 40 41 42 25 26 43 15 14 46 36 38 ...(+631 more),1405,max_ticks,28,47,29,move,different_next_node,8937.845453,13258.154547,,,,no,28:2;47:2,none,buffer_capacity,buffer_capacity_branch_gap,model_or_data_limited,Collect SIPP teacher counterfactual slices and run feature ablations before RL.,first_divergence,7,,7,
legacy_first16_buffer2,pibt_active_bag_replay,2,2,2:storage_in,2,4,5,47,8875.816299,22200.0,13284.583701,rolling_horizon_sipp,5 19 18 22 24 27 28 47,8939.800872,5 19 18 22 26 43 15 14 46 36 38 39 40 41 42 25 26 43 15 14 46 36 38 39 40 41 42 25 26 43 15 14 46 36 38 39 40 41 42 25 26 43 15 14 46 36 38 39 40 41 42 25 26 43 15 14 46 36 38 39 40 41 42 25 ...(+629 more),1410,max_ticks,22,24,26,move,different_next_node,8912.845453,13260.354547,,,,no,28:2;47:2,none,buffer_capacity,buffer_capacity_branch_gap,model_or_data_limited,Collect SIPP teacher counterfactual slices and run feature ablations before RL.,first_divergence,4,,4,
legacy_first16_buffer2,pibt_active_bag_replay,3,3,3:storage_in,3,5,3,47,8880.000872,22200.0,13277.999128,rolling_horizon_sipp,3 16 17 18 22 24 27 28 47,8929.000872,3 16 21 23 24 27 28 29 30 31 43 15 14 46 36 38 39 40 41 42 25 26 43 15 14 46 36 38 39 40 41 42 25 26 43 15 14 46 36 38 39 40 41 42 25 26 43 15 14 46 36 38 39 40 41 42 25 26 43 15 14 46 36 38 ...(+630 more),1400,max_ticks,16,17,21,move,different_next_node,8917.845453,13241.754547,,,,no,28:2;47:2,none,buffer_capacity,buffer_capacity_branch_gap,model_or_data_limited,Collect SIPP teacher counterfactual slices and run feature ablations before RL.,first_divergence,2,,2,
legacy_first16_buffer2,pibt_active_bag_replay,4,4,4:storage_in,4,6,3,47,9462.482986,22200.0,12695.517014,rolling_horizon_sipp,3 16 17 18 22 24 27 28 47,9511.482986,3 16 21 23 24 27 28 29 30 31 43 15 14 46 36 38 39 40 41 42 25 26 43 15 14 46 36 38 39 40 41 42 25 26 43 15 14 46 36 38 39 40 41 42 25 26 43 15 14 46 36 38 39 40 41 42 25 26 43 15 14 46 36 38 ...(+560 more),1338,max_ticks,16,17,21,move,different_next_node,9497.845453,12661.754547,,,,no,28:2;47:2,none,buffer_capacity,buffer_capacity_branch_gap,model_or_data_limited,Collect SIPP teacher counterfactual slices and run feature ablations before RL.,first_divergence,2,,2,
legacy_first16_buffer2,pibt_active_bag_replay,5,5,5:storage_in,5,7,4,47,9470.615484,23100.0,13588.984516,rolling_horizon_sipp,4 17 18 22 24 27 28 47,9522.282986,4 17 18 22 24 27 28 29 30 31 32 33 34 12 13 23 24 27 28 29 30 31 43 15 14 46 36 38 39 40 41 42 25 26 43 15 14 46 36 38 39 40 41 42 25 26 43 15 14 46 36 38 39 40 41 42 25 26 43 15 14 46 36 38 ...(+563 more),1336,max_ticks,28,47,29,move,different_next_node,9542.845453,13553.154547,,,,no,28:2;47:2,none,buffer_capacity,buffer_capacity_branch_gap,model_or_data_limited,Collect SIPP teacher counterfactual slices and run feature ablations before RL.,first_divergence,7,,7,
legacy_first16_buffer2,pibt_active_bag_replay,6,6,6:storage_in,6,8,5,47,10062.62162,22200.0,12097.77838,rolling_horizon_sipp,5 19 18 22 24 27 28 47,10108.221619999998,5 19 18 22 24 27 28 29 30 31 32 33 34 12 13 23 24 27 28 29 30 31 32 33 34 12 13 23 24 27 28 29 30 31 32 33 34 12 13 23 24 27 28 29 30 31 32 33 34 12 13 23 24 27 28 29 30 31 32 33 34 12 13 23 ...(+903 more),1044,max_ticks,28,47,29,move,different_next_node,10132.845453,12063.154547,,,,no,28:2;47:2,none,buffer_capacity,buffer_capacity_branch_gap,model_or_data_limited,Collect SIPP teacher counterfactual slices and run feature ablations before RL.,first_divergence,7,,7,
legacy_first16_buffer2,pibt_active_bag_replay,7,7,7:storage_in,7,9,3,47,10073.28213,22200.0,12084.71787,rolling_horizon_sipp,3 16 17 18 22 24 27 28 47,10122.28213,3 16 21 23 24 27 28 29 30 31 32 33 34 12 13 23 24 27 28 29 30 31 32 33 34 12 13 23 24 27 28 29 30 31 32 33 34 12 13 23 24 27 28 29 30 31 32 33 34 12 13 23 24 27 28 29 30 31 32 33 34 12 13 23 ...(+898 more),1042,max_ticks,16,17,21,move,different_next_node,10112.845453,12046.754547,,,,no,28:2;47:2,none,buffer_capacity,buffer_capacity_branch_gap,model_or_data_limited,Collect SIPP teacher counterfactual slices and run feature ablations before RL.,first_divergence,2,,2,
legacy_first16_buffer2,pibt_active_bag_replay,8,8,8:storage_in,8,10,0,47,10084.10648,23400.0,13277.49352,rolling_horizon_sipp,0 6 8 11 14 46 36 38 39 47,10155.706479999999,0 6 12 13 23 24 27 28 29 30 31 32 33 34 12 13 23 24 27 28 29 30 31 32 33 34 12 13 23 24 27 28 29 30 31 32 33 34 12 13 23 24 27 28 29 30 31 32 33 34 12 13 23 24 27 28 29 30 31 32 33 34 12 13 ...(+897 more),1044,max_ticks,6,8,12,move,different_next_node,10112.845453,13251.954547,,,,no,28:2;47:2,none,buffer_capacity,buffer_capacity_branch_gap,model_or_data_limited,Collect SIPP teacher counterfactual slices and run feature ablations before RL.,first_divergence,2,,2,
legacy_first16_buffer2,pibt_active_bag_replay,9,9,9:storage_in,9,11,4,47,10085.33414,23400.0,13274.26586,rolling_horizon_sipp,4 17 18 22 24 27 28 47,10155.172939999997,4 17 18 22 24 27 28 29 30 31 43 15 14 46 36 38 39 40 41 42 25 26 43 15 14 46 36 38 39 40 41 42 25 26 43 15 14 46 36 38 39 40 41 42 25 26 43 15 14 46 36 38 39 40 41 42 25 26 43 15 14 46 36 38 ...(+501 more),1260,max_ticks,28,47,29,move,different_next_node,10157.845453,13238.154547,,,,no,28:2;47:2,none,buffer_capacity,buffer_capacity_branch_gap,model_or_data_limited,Collect SIPP teacher counterfactual slices and run feature ablations before RL.,first_divergence,7,,7,
legacy_first16_buffer2,pibt_active_bag_replay,10,10,10:storage_in,10,12,5,47,10087.97294,22200.0,12072.42706,rolling_horizon_sipp,5 19 18 22 24 27 28 47,10133.572939999998,5 19 18 22 26 43 15 14 46 36 38 39 40 41 42 25 26 43 15 14 46 36 38 39 40 41 42 25 26 43 15 14 46 36 38 39 40 41 42 25 26 43 15 14 46 36 38 39 40 41 42 25 26 43 15 14 46 36 38 39 40 41 42 25 ...(+500 more),1261,max_ticks,18,22,18,hold,hold_when_sipp_moves,10112.845453,12051.954547,,,,no,28:2;47:2,none,buffer_capacity,hold_when_sipp_moves,model_or_feature_limited,Train against SIPP next-hop rankings and add shortest-to-goal plus downstream reservation features.,first_divergence,4,,3,
legacy_first16_buffer2,pibt_active_bag_replay,11,11,11:storage_in,11,13,1,47,10089.43982,23400.0,13268.56018,rolling_horizon_sipp,1 7 8 11 13 23 24 27 28 47,10144.372939999997,1 7 8 11 14 46 36 38 39 40 41 42 25 26 43 15 14 46 36 38 39 40 41 42 25 26 43 15 14 46 36 38 39 40 41 42 25 26 43 15 14 46 36 38 39 40 41 42 25 26 43 15 14 46 36 38 39 40 41 42 25 26 43 15 ...(+501 more),1256,max_ticks,11,13,14,move,different_next_node,10132.845453,13234.754547,,,,no,28:2;47:2,none,buffer_capacity,buffer_capacity_branch_gap,model_or_data_limited,Collect SIPP teacher counterfactual slices and run feature ablations before RL.,first_divergence,4,,4,
legacy_first16_buffer2,pibt_active_bag_replay,12,12,12:storage_in,12,14,0,47,10645.1686,24000.0,13316.4314,rolling_horizon_sipp,0 6 12 13 23 24 27 28 47,10690.568600000002,0 6 12 13 23 24 27 28 29 30 31 32 33 34 12 13 23 24 27 28 29 30 31 32 33 34 12 13 23 24 27 28 29 30 31 32 33 34 12 13 23 24 27 28 29 30 31 32 33 34 12 13 23 24 27 28 29 30 31 32 33 34 12 13 ...(+836 more),974,max_ticks,28,47,29,move,different_next_node,10717.845453,13278.154547,,,,no,28:2;47:2,none,buffer_capacity,buffer_capacity_branch_gap,model_or_data_limited,Collect SIPP teacher counterfactual slices and run feature ablations before RL.,first_divergence,8,,8,
legacy_first16_buffer2,pibt_active_bag_replay,13,13,13:storage_in,13,15,4,47,10665.17885,24300.0,13594.42115,rolling_horizon_sipp,4 17 18 22 24 27 28 47,10711.57885,4 17 18 22 24 27 28 29 30 31 32 33 34 12 13 23 24 27 28 29 30 31 32 33 34 12 13 23 24 27 28 29 30 31 32 33 34 12 13 23 24 27 28 29 30 31 32 33 34 12 13 23 24 27 28 29 30 31 32 33 34 12 13 23 ...(+832 more),969,max_ticks,28,47,29,move,different_next_node,10737.845453,13558.154547,,,,no,28:2;47:2,none,buffer_capacity,buffer_capacity_branch_gap,model_or_data_limited,Collect SIPP teacher counterfactual slices and run feature ablations before RL.,first_divergence,7,,7,
legacy_first16_buffer2,pibt_active_bag_replay,14,14,14:storage_in,14,16,5,47,10673.28828,22200.0,11487.111719999999,rolling_horizon_sipp,5 19 18 22 24 27 28 47,10722.37885,5 19 18 22 24 27 28 29 30 31 32 33 34 12 13 23 24 27 28 29 30 31 32 33 34 12 13 23 24 27 28 29 30 31 32 33 34 12 13 23 24 27 28 29 30 31 32 33 34 12 13 23 24 27 28 29 30 31 32 33 34 12 13 23 ...(+830 more),970,max_ticks,22,24,22,hold,hold_when_sipp_moves,10707.845453,11465.354547,,,,no,28:2;47:2,none,buffer_capacity,hold_when_sipp_moves,model_or_feature_limited,Train against SIPP next-hop rankings and add shortest-to-goal plus downstream reservation features.,first_divergence,7,,4,
legacy_first16_buffer2,pibt_active_bag_replay,15,15,15:storage_in,15,17,3,47,10675.8454,24000.0,13282.1546,rolling_horizon_sipp,3 16 21 23 24 27 28 47,10733.178849999998,3 16 21 23 24 27 28 29 30 31 32 33 34 12 13 23 24 27 28 29 30 31 32 33 34 12 13 23 24 27 28 29 30 31 32 33 34 12 13 23 24 27 28 29 30 31 32 33 34 12 13 23 24 27 28 29 30 31 32 33 34 12 13 23 ...(+827 more),968,max_ticks,23,24,23,hold,hold_when_sipp_moves,10727.845453,13254.154547,,,,no,28:2;47:2,none,buffer_capacity,hold_when_sipp_moves,model_or_feature_limited,Train against SIPP next-hop rankings and add shortest-to-goal plus downstream reservation features.,first_divergence,7,,4,
legacy_first32,edge_score_event,15,15,15:storage_in,15,17,3,47,10675.8454,24000.0,13282.1546,rolling_horizon_sipp,3 16 21 23 24 27 28 47,10762.459529999998,3 16 17 18,8,no_safe_action,16,21,17,move,different_next_node,10678.4454,13281.1546,3,3,0,no,none,none,no_fault,wrong_branch_vs_sipp,model_or_data_limited,Collect SIPP teacher counterfactual slices and run feature ablations before RL.,first_divergence,2,143,2,False
legacy_first32,edge_score_event,17,17,17:storage_in,17,19,2,47,10681.47782,24000.0,13274.92218,rolling_horizon_sipp,2 9 7 8 11 14 46 36 38 39 47,10756.077819999999,2 9 7 8,5,no_safe_action,7,8,7,hold,hold_when_sipp_moves,10689.87782,13272.92218,1,2,1,no,none,none,no_fault,hold_when_sipp_moves,model_or_feature_limited,Train against SIPP next-hop rankings and add shortest-to-goal plus downstream reservation features.,first_divergence,4,165,3,False
legacy_first32,edge_score_event,18,18,18:storage_in,18,20,0,47,10684.10647,24000.0,13277.49353,rolling_horizon_sipp,0 6 12 13 23 24 27 28 47,10751.659529999999,0 6 8 11 14 46,18,no_safe_action,6,12,8,move,different_next_node,10688.306470000001,13276.493529999998,3,3,0,no,none,none,no_fault,wrong_branch_vs_sipp,model_or_data_limited,Collect SIPP teacher counterfactual slices and run feature ablations before RL.,first_divergence,2,160,2,False
legacy_first32,edge_score_event,19,19,19:storage_in,19,21,1,47,10686.81115,24900.0,14171.18885,rolling_horizon_sipp,1 7 8 11 13 23 24 27 28 47,10784.059529999997,1 7 8 11 13 23 24 27,11,no_safe_action,8,11,8,hold,hold_when_sipp_moves,10695.21115,14169.18885,1,2,1,no,none,none,no_fault,hold_when_sipp_moves,model_or_feature_limited,Train against SIPP next-hop rankings and add shortest-to-goal plus downstream reservation features.,first_divergence,8,175,3,False
legacy_first32,edge_score_event,25,25,25:storage_in,25,27,4,47,11267.81636,24600.0,13291.78364,rolling_horizon_sipp,4 17 18 22 24 27 28 47,11314.21636,4 17 18,3,no_safe_action,18,22,,unplanned,no_safe_action,11275.016360000001,13289.783639999998,0,2,2,no,none,none,no_fault,no_safe_action_at_divergence,shield_or_timing_limited,Audit safe-mask timing and add no-safe-action risk labels to the dataset.,first_divergence,3,267,3,True
legacy_first32,edge_score_event,26,26,26:storage_in,26,28,4,47,11269.33434,23400.0,12090.265660000001,rolling_horizon_sipp,4 17 18 22 24 27 28 47,11357.416359999997,4 17 18,6,no_safe_action,4,17,4,hold,hold_when_sipp_moves,11269.33434,12090.265660000001,1,2,1,no,none,none,no_fault,hold_when_sipp_moves,model_or_feature_limited,Train against SIPP next-hop rankings and add shortest-to-goal plus downstream reservation features.,first_divergence,3,257,1,False
legacy_first32,edge_score_event,27,27,27:storage_in,27,29,5,47,11270.51203,22200.0,10889.88797,rolling_horizon_sipp,5 19 18 22 24 27 28 47,11346.616359999998,5 19 18 22 26 43 15 14 46,17,no_safe_action,22,24,26,move,different_next_node,11286.31203,10886.887970000002,2,3,1,no,none,none,no_fault,wrong_branch_vs_sipp,model_or_data_limited,Collect SIPP teacher counterfactual slices and run feature ablations before RL.,first_divergence,4,291,4,False
legacy_first32,edge_score_event,30,30,30:storage_in,30,32,5,47,11274.66746,24600.0,13285.732539999999,rolling_horizon_sipp,5 19 25 26 43 15 14 46 36 38 39 47,11362.944479999998,5 19 18,3,no_safe_action,19,25,18,move,different_next_node,11277.267460000001,13284.732539999999,3,3,0,no,none,none,no_fault,wrong_branch_vs_sipp,model_or_data_limited,Collect SIPP teacher counterfactual slices and run feature ablations before RL.,first_divergence,2,273,2,False
legacy_first32,fallback_event,8,8,8:storage_in,8,10,0,47,10084.10648,23400.0,13277.49352,rolling_horizon_sipp,0 6 8 11 14 46 36 38 39 47,10155.706479999999,0 6 12 13 23 24 27,8,no_safe_action,6,8,12,move,different_next_node,10088.306480000001,13276.493519999998,3,3,0,no,none,none,no_fault,wrong_branch_vs_sipp,model_or_data_limited,Collect SIPP teacher counterfactual slices and run feature ablations before RL.,first_divergence,2,69,2,True
legacy_first32,fallback_event,16,16,16:storage_in,16,18,3,47,10681.05953,22200.0,11476.94047,rolling_horizon_sipp,3 16 17 18 22 24 27 28 47,10730.05953,3 16 17 18 22 24,6,no_safe_action,24,27,,unplanned,no_safe_action,10711.65953,11471.94047,0,2,2,no,none,none,no_fault,no_safe_action_at_divergence,shield_or_timing_limited,Audit safe-mask timing and add no-safe-action risk labels to the dataset.,first_divergence,6,203,6,True
legacy_first32,fallback_event,18,18,18:storage_in,18,20,0,47,10684.10647,24000.0,13277.49353,rolling_horizon_sipp,0 6 12 13 23 24 27 28 47,10751.659529999999,0 6 12 13 23 24 27,10,no_safe_action,13,23,13,hold,hold_when_sipp_moves,10704.306470000001,13274.493529999998,1,2,1,no,none,none,no_fault,hold_when_sipp_moves,model_or_feature_limited,Train against SIPP next-hop rankings and add shortest-to-goal plus downstream reservation features.,first_divergence,7,186,4,True
legacy_first32,fallback_event,25,25,25:storage_in,25,27,4,47,11267.81636,24600.0,13291.78364,rolling_horizon_sipp,4 17 18 22 24 27 28 47,11314.21636,4 17 18 22 24 27,9,no_safe_action,27,28,27,hold,hold_when_sipp_moves,11298.416360000001,13286.78364,1,3,2,no,none,none,no_fault,hold_when_sipp_moves,model_or_feature_limited,Train against SIPP next-hop rankings and add shortest-to-goal plus downstream reservation features.,first_divergence,6,320,6,True
legacy_first32,fallback_event,26,26,26:storage_in,26,28,4,47,11269.33434,23400.0,12090.265660000001,rolling_horizon_sipp,4 17 18 22 24 27 28 47,11357.416359999997,4 17 18,6,no_safe_action,4,17,4,hold,hold_when_sipp_moves,11269.33434,12090.265660000001,1,2,1,no,none,none,no_fault,hold_when_sipp_moves,model_or_feature_limited,Train against SIPP next-hop rankings and add shortest-to-goal plus downstream reservation features.,first_divergence,3,280,1,True
legacy_first32,fallback_event,27,27,27:storage_in,27,29,5,47,11270.51203,22200.0,10889.88797,rolling_horizon_sipp,5 19 18 22 24 27 28 47,11346.616359999998,5 19 18,4,no_safe_action,18,22,18,hold,hold_when_sipp_moves,11276.91203,10887.88797,1,2,1,no,none,none,no_fault,hold_when_sipp_moves,model_or_feature_limited,Train against SIPP next-hop rankings and add shortest-to-goal plus downstream reservation features.,first_divergence,3,293,3,True
legacy_first32,fallback_event,30,30,30:storage_in,30,32,5,47,11274.66746,24600.0,13285.732539999999,rolling_horizon_sipp,5 19 25 26 43 15 14 46 36 38 39 47,11362.944479999998,5 19 18,3,no_safe_action,19,25,18,move,different_next_node,11277.267460000001,13284.732539999999,3,3,0,no,none,none,no_fault,wrong_branch_vs_sipp,model_or_data_limited,Collect SIPP teacher counterfactual slices and run feature ablations before RL.,first_divergence,2,295,2,True
legacy_first32,pibt_active_bag_replay,0,0,0:storage_in,0,2,3,47,8267.845453,22200.0,13890.154547,rolling_horizon_sipp,3 16 17 18 22 24 27 28 47,8316.845453,3 16 21 23 24 27 28 29 30 31 43 15 14 46 36 38 39 40 41 42 25 26 43 15 14 46 36 38 39 40 41 42 25 26 43 15 14 46 36 38 39 40 41 42 25 26 43 15 14 46 36 38 39 40 41 42 25 26 43 15 14 46 36 38 ...(+711 more),1459,max_ticks,16,17,21,move,different_next_node,8297.845453,13861.754547,,,,no,none,none,no_fault,wrong_branch_vs_sipp,model_or_data_limited,Collect SIPP teacher counterfactual slices and run feature ablations before RL.,first_divergence,2,,2,
legacy_first32,pibt_active_bag_replay,1,1,1:storage_in,1,3,4,47,8867.845453,22200.0,13291.754547,rolling_horizon_sipp,4 17 18 22 24 27 28 47,8914.245453,4 17 18 22 24 27 28 29 30 31 43 15 14 46 36 38 39 40 41 42 25 26 43 15 14 46 36 38 39 40 41 42 25 26 43 15 14 46 36 38 39 40 41 42 25 26 43 15 14 46 36 38 39 40 41 42 25 26 43 15 14 46 36 38 ...(+631 more),1396,max_ticks,28,47,29,move,different_next_node,8937.845453,13258.154547,,,,no,none,none,no_fault,wrong_branch_vs_sipp,model_or_data_limited,Collect SIPP teacher counterfactual slices and run feature ablations before RL.,first_divergence,7,,7,
legacy_first32,pibt_active_bag_replay,3,3,3:storage_in,3,5,3,47,8880.000872,22200.0,13277.999128,rolling_horizon_sipp,3 16 17 18 22 24 27 28 47,8929.000872,3 16 21 23 24 27 28 29 30 31 43 15 14 46 36 38 39 40 41 42 25 26 43 15 14 46 36 38 39 40 41 42 25 26 43 15 14 46 36 38 39 40 41 42 25 26 43 15 14 46 36 38 39 40 41 42 25 26 43 15 14 46 36 38 ...(+633 more),1398,max_ticks,16,17,21,move,different_next_node,8917.845453,13241.754547,,,,no,none,none,no_fault,wrong_branch_vs_sipp,model_or_data_limited,Collect SIPP teacher counterfactual slices and run feature ablations before RL.,first_divergence,2,,2,
legacy_first32,pibt_active_bag_replay,4,4,4:storage_in,4,6,3,47,9462.482986,22200.0,12695.517014,rolling_horizon_sipp,3 16 17 18 22 24 27 28 47,9511.482986,3 16 21 23 24 27 28 29 30 31 43 15 14 46 36 38 39 40 41 42 25 26 43 15 14 46 36 38 39 40 41 42 25 26 43 15 14 46 36 38 39 40 41 42 25 26 43 15 14 46 36 38 39 40 41 42 25 26 43 15 14 46 36 38 ...(+651 more),1308,max_ticks,16,17,21,move,different_next_node,9497.845453,12661.754547,,,,no,none,none,no_fault,wrong_branch_vs_sipp,model_or_data_limited,Collect SIPP teacher counterfactual slices and run feature ablations before RL.,first_divergence,2,,2,
legacy_first32,pibt_active_bag_replay,5,5,5:storage_in,5,7,4,47,9470.615484,23100.0,13588.984516,rolling_horizon_sipp,4 17 18 22 24 27 28 47,9522.282986,4 17 18 22 24 27 28 29 30 31 32 33 34 12 13 23 24 27 28 29 30 31 43 15 14 46 36 38 39 40 41 42 25 26 43 15 14 46 36 38 39 40 41 42 25 26 43 15 14 46 36 38 39 40 41 42 25 26 43 15 14 46 36 38 ...(+655 more),1312,max_ticks,28,47,29,move,different_next_node,9542.845453,13553.154547,,,,no,none,none,no_fault,wrong_branch_vs_sipp,model_or_data_limited,Collect SIPP teacher counterfactual slices and run feature ablations before RL.,first_divergence,7,,7,
legacy_first32,pibt_active_bag_replay,7,7,7:storage_in,7,9,3,47,10073.28213,22200.0,12084.71787,rolling_horizon_sipp,3 16 17 18 22 24 27 28 47,10122.28213,3 16 21 23 24 27 28 29 30 31 32 33 34 12 13 23 24 27 28 29 30 31 32 33 34 12 13 23 24 27 28 29 30 31 32 33 34 12 13 23 24 27 28 29 30 31 32 33 34 12 13 23 24 27 28 29 30 31 32 33 34 12 13 23 ...(+533 more),1238,max_ticks,16,17,21,move,different_next_node,10112.845453,12046.754547,,,,no,none,none,no_fault,wrong_branch_vs_sipp,model_or_data_limited,Collect SIPP teacher counterfactual slices and run feature ablations before RL.,first_divergence,2,,2,
legacy_first32,pibt_active_bag_replay,11,11,11:storage_in,11,13,1,47,10089.43982,23400.0,13268.56018,rolling_horizon_sipp,1 7 8 11 13 23 24 27 28 47,10144.372939999997,1 7 8 11 14 46 36 38 39 40 41 42 25 26 43 15 14 46 36 38 39 40 41 42 25 26 43 15 14 46 36 38 39 40 41 42 25 26 43 15 14 46 36 38 39 40 41 42 25 26 43 15 14 46 36 38 39 40 41 42 25 26 43 15 ...(+485 more),1269,max_ticks,11,13,14,move,different_next_node,10132.845453,13234.754547,,,,no,none,none,no_fault,wrong_branch_vs_sipp,model_or_data_limited,Collect SIPP teacher counterfactual slices and run feature ablations before RL.,first_divergence,4,,4,
legacy_first32,pibt_active_bag_replay,12,12,12:storage_in,12,14,0,47,10645.1686,24000.0,13316.4314,rolling_horizon_sipp,0 6 12 13 23 24 27 28 47,10690.568600000002,0 6 12 13 23 24 27 28 29 30 31 32 33 34 12 13 23 24 27 28 29 30 31 32 33 34 12 13 23 24 27 28 29 30 31 32 33 34 12 13 23 24 27 28 29 30 31 32 33 34 12 13 23 24 27 28 29 30 31 32 33 34 12 13 ...(+562 more),1155,max_ticks,28,47,29,move,different_next_node,10717.845453,13278.154547,,,,no,none,none,no_fault,wrong_branch_vs_sipp,model_or_data_limited,Collect SIPP teacher counterfactual slices and run feature ablations before RL.,first_divergence,8,,8,
legacy_first32,pibt_active_bag_replay,14,14,14:storage_in,14,16,5,47,10673.28828,22200.0,11487.111719999999,rolling_horizon_sipp,5 19 18 22 24 27 28 47,10740.85953,5 19 18 22 24 27 28 29 30 31 32 33 34 12 13 23 24 27 28 29 30 31 32 33 34 12 13 23 24 27 28 29 30 31 32 33 34 12 13 23 24 27 28 29 30 31 32 33 34 12 13 23 24 27 28 29 30 31 43 15 14 46 36 38 ...(+467 more),1167,max_ticks,22,24,22,hold,hold_when_sipp_moves,10707.845453,11465.354547,,,,no,none,none,no_fault,hold_when_sipp_moves,model_or_feature_limited,Train against SIPP next-hop rankings and add shortest-to-goal plus downstream reservation features.,first_divergence,7,,4,
legacy_first32,pibt_active_bag_replay,16,16,16:storage_in,16,18,3,47,10681.05953,22200.0,11476.94047,rolling_horizon_sipp,3 16 17 18 22 24 27 28 47,10730.05953,3 16 17 18 22 24 27 28 29 30 31 32 33 34 12 13 23 24 27 28 29 30 31 32 33 34 12 13 23 24 27 28 29 30 31 32 33 34 12 13 23 24 27 28 29 30 31 43 15 14 46 36 38 39 40 41 42 30 31 32 33 34 12 13 ...(+554 more),1147,max_ticks,18,22,18,hold,hold_when_sipp_moves,10707.845453,11456.954547,,,,no,none,none,no_fault,hold_when_sipp_moves,model_or_feature_limited,Train against SIPP next-hop rankings and add shortest-to-goal plus downstream reservation features.,first_divergence,8,,4,
legacy_first32,pibt_active_bag_replay,19,19,19:storage_in,19,21,1,47,10686.81115,24900.0,14171.18885,rolling_horizon_sipp,1 7 8 11 13 23 24 27 28 47,10784.059529999997,1 7 8 11 13 23 24 27 28 29 30 31 32 33 34 12 13 23 24 27 28 29 30 31 32 33 34 12 13 23 24 27 28 29 30 31 32 33 34 12 13 23 24 27 28 29 30 31 32 33 34 12 13 23 24 27 28 29 30 31 32 33 34 12 ...(+505 more),1184,max_ticks,1,7,1,hold,hold_when_sipp_moves,10697.845453,14160.154547,,,,no,none,none,no_fault,hold_when_sipp_moves,model_or_feature_limited,Train against SIPP next-hop rankings and add shortest-to-goal plus downstream reservation features.,first_divergence,9,,1,
legacy_first32,pibt_active_bag_replay,20,20,20:storage_in,20,22,3,47,10688.10327,24600.0,13869.89673,rolling_horizon_sipp,3 16 17 18 22 24 27 28 47,10773.259529999998,3 16 17 18 22 26 43 15 14 46 36 38 39 40 41 42 25 26 43 15 14 46 36 38 39 40 41 42 25 26 43 15 14 46 36 38 39 40 41 42 30 31 32 33 34 12 13 23 24 27 28 29 30 31 32 33 34 12 13 23 24 27 28 29 ...(+540 more),1155,max_ticks,17,18,17,hold,hold_when_sipp_moves,10712.845453,13850.354547,,,,no,none,none,no_fault,hold_when_sipp_moves,model_or_feature_limited,Train against SIPP next-hop rankings and add shortest-to-goal plus downstream reservation features.,first_divergence,5,,3,
legacy_first32,pibt_active_bag_replay,21,21,21:storage_in,21,23,2,47,10689.43977,24600.0,13866.960229999999,rolling_horizon_sipp,2 9 10 15 14 46 36 38 39 47,10770.877819999998,2 9 10,1561,max_ticks,10,15,10,hold,hold_when_sipp_moves,10717.845453,13824.554547,,,,no,none,none,no_fault,hold_when_sipp_moves,model_or_feature_limited,Train against SIPP next-hop rankings and add shortest-to-goal plus downstream reservation features.,first_divergence,3,,3,
legacy_first32,pibt_active_bag_replay,22,22,22:storage_in,22,24,4,47,10812.77765,23100.0,12246.82235,rolling_horizon_sipp,4 17 18 22 24 27 28 47,10859.17765,4 17 18 22 26 43 15 14 46 36 38 39 40 41 42 25 26 43 15 14 46 36 38 39 40 41 42 25 26 43 15 14 46 36 38 39 40 41 42 30 31 32 33 34 12 13 23 24 27 28 29 30 31 32 33 34 12 13 23 24 27 28 29 30 ...(+537 more),1134,max_ticks,18,22,18,hold,hold_when_sipp_moves,10832.845453,12231.954547,,,,no,none,none,no_fault,hold_when_sipp_moves,model_or_feature_limited,Train against SIPP next-hop rankings and add shortest-to-goal plus downstream reservation features.,first_divergence,4,,3,
legacy_first32,pibt_active_bag_replay,23,23,23:storage_in,23,25,5,47,11251.84541,24600.0,13308.55459,rolling_horizon_sipp,5 19 18 22 24 27 28 47,11297.445409999998,5 19 18 22 26 43 15 14 46 36 38 39 40 41 42 25 26 43 15 14 46 36 38 39 40 41 42 25 26 43 15 14 46 36 38 39 40 41 42 25 26 43 15 14 46 36 38 39 40 41 42 25 26 43 15 14 46 36 38 39 40 41 42 25 ...(+413 more),1097,max_ticks,22,24,22,hold,hold_when_sipp_moves,11282.845453,13290.354547,,,,no,none,none,no_fault,hold_when_sipp_moves,model_or_feature_limited,Train against SIPP next-hop rankings and add shortest-to-goal plus downstream reservation features.,first_divergence,4,,4,
legacy_first32,pibt_active_bag_replay,24,24,24:storage_in,24,26,3,47,11254.48296,24900.0,13603.51704,rolling_horizon_sipp,3 16 21 23 24 27 28 47,11325.01636,3 16 21,1445,max_ticks,21,23,21,hold,hold_when_sipp_moves,11297.845453,13579.354547,,,,no,none,none,no_fault,hold_when_sipp_moves,model_or_feature_limited,Train against SIPP next-hop rankings and add shortest-to-goal plus downstream reservation features.,first_divergence,3,,3,
legacy_first32,pibt_active_bag_replay,25,25,25:storage_in,25,27,4,47,11267.81636,24600.0,13291.78364,rolling_horizon_sipp,4 17 18 22 24 27 28 47,11314.21636,4 17 18 22 26 43 15 14 46 36 38 39 40 41 42 25 26 43 15 14 46 36 38 39 40 41 42 25 26 43 15 14 46 36 38 39 40 41 42 25 26 43 15 14 46 36 38 39 40 41 42 25 26 43 15 14 46 36 38 39 40 41 42 25 ...(+411 more),1094,max_ticks,18,22,18,hold,hold_when_sipp_moves,11287.845453,13276.954547,,,,no,none,none,no_fault,hold_when_sipp_moves,model_or_feature_limited,Train against SIPP next-hop rankings and add shortest-to-goal plus downstream reservation features.,first_divergence,4,,3,
legacy_first32,pibt_active_bag_replay,26,26,26:storage_in,26,28,4,47,11269.33434,23400.0,12090.265660000001,rolling_horizon_sipp,4 17 18 22 24 27 28 47,11357.416359999997,4 17 18 22 26 43 15 14 46 36 38 39 40 41 42 25 26 43 15 14 46 36 38 39 40 41 42 25 26 43 15 14 46 36 38 39 40 41 42 25 26 43 15 14 46 36 38 39 40 41 42 25 26 43 15 14 46 36 38 39 40 41 42 25 ...(+409 more),1093,max_ticks,17,18,17,hold,hold_when_sipp_moves,11287.845453,12075.354547,,,,no,none,none,no_fault,hold_when_sipp_moves,model_or_feature_limited,Train against SIPP next-hop rankings and add shortest-to-goal plus downstream reservation features.,first_divergence,4,,2,
legacy_first32,pibt_active_bag_replay,28,28,28:storage_in,28,30,3,47,11273.14959,22200.0,10884.85041,rolling_horizon_sipp,3 16 17 18 22 24 27 28 47,11335.816359999999,3 16 17 18 22 26 43 15 14 46 36 38 39 40 41 42 25 26 43 15 14 46 36 38 39 40 41 42 25 26 43 15 14 46 36 38 39 40 41 42 25 26 43 15 14 46 36 38 39 40 41 42 25 26 43 15 14 46 36 38 39 40 41 42 ...(+486 more),1072,max_ticks,17,18,17,hold,hold_when_sipp_moves,11297.845453,10865.354547,,,,no,none,none,no_fault,hold_when_sipp_moves,model_or_feature_limited,Train against SIPP next-hop rankings and add shortest-to-goal plus downstream reservation features.,first_divergence,5,,3,
legacy_first32,pibt_active_bag_replay,29,29,29:storage_in,29,31,0,47,11273.43982,24600.0,13288.16018,rolling_horizon_sipp,0 6 12 13 23 24 27 28 47,11368.216359999997,0 6 8 11 13 23 24 27 28 29 30 31 32 33 34 12 13 23 24 27 28 29 30 31 32 33 34 12 13 23 24 27 28 29 30 31 32 33 34 12 13 23 24 27 28 29 30 31 32 33 34 12 13 23 24 27 28 29 30 31 32 33 34 12 ...(+422 more),1123,max_ticks,6,12,8,move,different_next_node,11292.845453,13271.954547,,,,no,none,none,no_fault,wrong_branch_vs_sipp,model_or_data_limited,Collect SIPP teacher counterfactual slices and run feature ablations before RL.,first_divergence,2,,2,
legacy_first32,pibt_active_bag_replay,30,30,30:storage_in,30,32,5,47,11274.66746,24600.0,13285.732539999999,rolling_horizon_sipp,5 19 25 26 43 15 14 46 36 38 39 47,11362.944479999998,5 19 18 22 26 43 15 14 46 36 38 39 40 41 42 30 31 32 33 34 12 13 23 24 27 28 29 30 31 32 33 34 12 13 23 24 27 28 29 30 31 32 33 34 12 13 23 24 27 28 29 30 31 32 33 34 12 13 23 24 27 28 29 30 ...(+495 more),1071,max_ticks,19,25,19,hold,hold_when_sipp_moves,11292.845453,13269.154547,,,,no,none,none,no_fault,hold_when_sipp_moves,model_or_feature_limited,Train against SIPP next-hop rankings and add shortest-to-goal plus downstream reservation features.,first_divergence,2,,2,
legacy_first32,pibt_active_bag_replay,31,31,31:storage_in,31,33,1,47,11276.14448,24600.0,13281.85552,rolling_horizon_sipp,1 7 8 11 14 46 36 38 39 47,11348.144479999999,1 7 8 11,1444,max_ticks,7,8,7,hold,hold_when_sipp_moves,11297.845453,13264.954547,,,,no,none,none,no_fault,hold_when_sipp_moves,model_or_feature_limited,Train against SIPP next-hop rankings and add shortest-to-goal plus downstream reservation features.,first_divergence,4,,2,
legacy_offset32_static16,edge_score_event,0,32,32:storage_in,32,34,2,47,11278.77315,24600.0,13277.626849999999,rolling_horizon_sipp,2 9 7 8 11 13 23 24 27 28 47,11368.239609999997,2 9 7 8 11 13 23 24 27,13,no_safe_action,7,8,7,hold,hold_when_sipp_moves,11287.17315,13275.626849999999,1,2,1,yes,none,none,static_fault,hold_when_sipp_moves,model_or_feature_limited,Train against SIPP next-hop rankings and add shortest-to-goal plus downstream reservation features.,first_divergence,9,9,3,False
legacy_offset32_static16,edge_score_event,2,34,34:storage_in,34,36,3,47,11282.63961,22200.0,10875.36039,rolling_horizon_sipp,3 16 21 23 24 27 28 47,11335.839609999999,3 16 21 23 24 27,11,no_safe_action,23,24,23,hold,hold_when_sipp_moves,11314.839609999999,10867.160390000001,1,2,1,yes,none,none,static_fault,hold_when_sipp_moves,model_or_feature_limited,Train against SIPP next-hop rankings and add shortest-to-goal plus downstream reservation features.,first_divergence,6,79,4,False
legacy_offset32_static16,edge_score_event,4,36,36:storage_in,36,38,1,47,11286.58781,23400.0,12071.41219,rolling_horizon_sipp,1 7 8 11 13 23 24 27 28 47,11357.439609999998,1 7 8 11,8,no_safe_action,8,11,8,hold,hold_when_sipp_moves,11294.98781,12069.41219,1,2,1,yes,none,none,static_fault,hold_when_sipp_moves,model_or_feature_limited,Train against SIPP next-hop rankings and add shortest-to-goal plus downstream reservation features.,first_divergence,4,28,3,False
legacy_offset32_static16,edge_score_event,11,43,43:storage_in,43,45,5,47,11865.14962,24000.0,12095.25038,rolling_horizon_sipp,5 19 25 26 43 15 14 46 36 38 39 47,11941.949620000001,5 19 18 22 26 43 15 14 46,19,no_safe_action,19,25,18,move,different_next_node,11867.74962,12094.25038,3,3,0,yes,none,none,static_fault,static_fault_branch_gap,fault_context_limited,Generate fault/repair teacher slices and expose active repair-window features.,first_divergence,2,137,2,False
legacy_offset32_static16,fallback_event,0,32,32:storage_in,32,34,2,47,11278.77315,24600.0,13277.626849999999,rolling_horizon_sipp,2 9 7 8 11 13 23 24 27 28 47,11368.239609999997,2 9 7 8 11 13 23 24 27,12,no_safe_action,23,24,23,hold,hold_when_sipp_moves,11310.373150000003,13271.626849999997,1,2,1,yes,none,none,static_fault,hold_when_sipp_moves,model_or_feature_limited,Train against SIPP next-hop rankings and add shortest-to-goal plus downstream reservation features.,first_divergence,9,60,7,True
legacy_offset32_static16,fallback_event,2,34,34:storage_in,34,36,3,47,11282.63961,22200.0,10875.36039,rolling_horizon_sipp,3 16 21 23 24 27 28 47,11335.839609999999,3 16 21 23 24 27,6,no_safe_action,27,28,,unplanned,no_safe_action,11320.03961,10865.160390000001,0,3,3,yes,none,none,static_fault,no_safe_action_at_divergence,shield_or_timing_limited,Audit safe-mask timing and add no-safe-action risk labels to the dataset.,first_divergence,6,79,6,True
legacy_offset32_static16,fallback_event,3,35,35:storage_in,35,37,4,47,11285.33412,24900.0,13574.26588,rolling_horizon_sipp,4 17 18 22 24 27 28 47,11389.839609999995,4 17 18 22 24 27,6,no_safe_action,27,28,,unplanned,no_safe_action,11315.93412,13569.26588,0,3,3,yes,none,none,static_fault,no_safe_action_at_divergence,shield_or_timing_limited,Audit safe-mask timing and add no-safe-action risk labels to the dataset.,first_divergence,6,71,6,True
legacy_offset32_static16,fallback_event,14,46,46:storage_in,46,48,4,47,11875.94881,23100.0,11183.65119,rolling_horizon_sipp,4 17 18 22 24 27 28 47,11931.948899999998,4 17 18 22 24,5,no_safe_action,24,27,,unplanned,no_safe_action,11903.94881,11179.65119,0,2,2,yes,none,none,static_fault,no_safe_action_at_divergence,shield_or_timing_limited,Audit safe-mask timing and add no-safe-action risk labels to the dataset.,first_divergence,5,165,5,True
legacy_offset32_static16,pibt_active_bag_replay,0,32,32:storage_in,32,34,2,47,11278.77315,24600.0,13277.626849999999,rolling_horizon_sipp,2 9 7 8 11 13 23 24 27 28 47,11368.239609999997,2 9 7 8 11 13 23 24 27 28 29 30 31 32 33 34 12 13 23 24 27 28 29 30 31 43 15 14 46 36 38 39 40 41 42 25 26 43 15 14 46 36 38 39 40 41 42 25 26 43 15 14 46 36 38 39 40 41 42 25 26 43 15 14 ...(+634 more),1528,max_ticks,23,24,23,hold,hold_when_sipp_moves,11323.77315,13258.22685,,,,yes,none,none,static_fault,hold_when_sipp_moves,model_or_feature_limited,Train against SIPP next-hop rankings and add shortest-to-goal plus downstream reservation features.,first_divergence,10,,7,
legacy_offset32_static16,pibt_active_bag_replay,1,33,33:storage_in,33,35,0,47,11281.43983,24900.0,13580.160170000001,rolling_horizon_sipp,0 6 8 11 14 46 36 38 39 47,11394.40084,0 6 12 13 23 24 27 28 29 30 31 43 15 14 46 36 38 39 40 41 42 25 26 43 15 14 46 36 38 39 40 41 42 25 26 43 15 14 46 36 38 39 40 41 42 25 26 43 15 14 46 36 38 39 40 41 42 25 26 43 15 14 46 36 ...(+625 more),1531,max_ticks,6,8,12,move,different_next_node,11308.77315,13556.026849999998,,,,yes,none,none,static_fault,static_fault_branch_gap,fault_context_limited,Generate fault/repair teacher slices and expose active repair-window features.,first_divergence,2,,2,
legacy_offset32_static16,pibt_active_bag_replay,2,34,34:storage_in,34,36,3,47,11282.63961,22200.0,10875.36039,rolling_horizon_sipp,3 16 21 23 24 27 28 47,11335.839609999999,3 16 21 23 24 27 28 29 30 31 43 15 14 46 36 38 39 40 41 42 25 26 43 15 14 46 36 38 39 40 41 42 25 26 43 15 14 46 36 38 39 40 41 42 25 26 43 15 14 46 36 38 39 40 41 42 25 26 43 15 14 46 36 38 ...(+628 more),1524,max_ticks,21,23,21,hold,hold_when_sipp_moves,11323.77315,10853.42685,,,,yes,none,none,static_fault,hold_when_sipp_moves,model_or_feature_limited,Train against SIPP next-hop rankings and add shortest-to-goal plus downstream reservation features.,first_divergence,7,,3,
legacy_offset32_static16,pibt_active_bag_replay,3,35,35:storage_in,35,37,4,47,11285.33412,24900.0,13574.26588,rolling_horizon_sipp,4 17 18 22 24 27 28 47,11389.839609999995,4 17 18 22 26 43 15 14 46 36 38 39 40 41 42 25 26 43 15 14 46 36 38 39 40 41 42 25 26 43 15 14 46 36 38 39 40 41 42 25 26 43 15 14 46 36 38 39 40 41 42 30 31 32 33 34 12 13 23 24 27 28 29 30 ...(+1139 more),1238,max_ticks,17,18,17,hold,hold_when_sipp_moves,11303.77315,13559.42685,,,,yes,none,none,static_fault,hold_when_sipp_moves,model_or_feature_limited,Train against SIPP next-hop rankings and add shortest-to-goal plus downstream reservation features.,first_divergence,4,,2,
legacy_offset32_static16,pibt_active_bag_replay,4,36,36:storage_in,36,38,1,47,11286.58781,23400.0,12071.41219,rolling_horizon_sipp,1 7 8 11 13 23 24 27 28 47,11357.439609999998,1 7 8 11 13 23 24 27 28 29 30 31 32 33 34 12 13 23 24 27 28 29 30 31 43 15 14 46 36 38 39 40 41 42 25 26 43 15 14 46 36 38 39 40 41 42 25 26 43 15 14 46 36 38 39 40 41 42 30 31 32 33 34 12 ...(+1139 more),1236,max_ticks,13,23,13,hold,hold_when_sipp_moves,11333.77315,12045.026849999998,,,,yes,none,none,static_fault,hold_when_sipp_moves,model_or_feature_limited,Train against SIPP next-hop rankings and add shortest-to-goal plus downstream reservation features.,first_divergence,9,,5,
legacy_offset32_static16,pibt_active_bag_replay,5,37,37:storage_in,37,39,5,47,11288.00084,24600.0,13272.399159999999,rolling_horizon_sipp,5 19 25 26 43 15 14 46 36 38 39 47,11364.800840000002,5 19 18 22 24 27 28 29 30 31 43 15 14 46 36 38 39 40 41 42 25 26 43 15 14 46 36 38 39 40 41 42 25 26 43 15 14 46 36 38 39 40 41 42 25 26 43 15 14 46 36 38 39 40 41 42 25 26 43 15 14 46 36 38 ...(+630 more),1523,max_ticks,19,25,18,move,different_next_node,11303.77315,13258.22685,,,,yes,none,none,static_fault,static_fault_branch_gap,fault_context_limited,Generate fault/repair teacher slices and expose active repair-window features.,first_divergence,2,,2,
legacy_offset32_static16,pibt_active_bag_replay,6,38,38:storage_in,38,40,2,47,11289.25449,24900.0,13567.14551,rolling_horizon_sipp,2 9 7 8 11 14 46 36 38 39 47,11379.600840000001,2 9 7 8 11 14 46 36 38 39 40 41 42 25 26 43 15 14 46 36 38 39 40 41 42 25 26 43 15 14 46 36 38 39 40 41 42 25 26 43 15 14 46 36 38 39 40 41 42 25 26 43 15 14 46 36 38 39 40 41 42 25 26 43 ...(+626 more),1529,max_ticks,7,8,7,hold,hold_when_sipp_moves,11313.77315,13549.026849999998,,,,yes,none,none,static_fault,hold_when_sipp_moves,model_or_feature_limited,Train against SIPP next-hop rankings and add shortest-to-goal plus downstream reservation features.,first_divergence,10,,3,
legacy_offset32_static16,pibt_active_bag_replay,7,39,39:storage_in,39,41,3,47,11290.77424,24900.0,13567.22576,rolling_horizon_sipp,3 16 21 23 24 27 28 47,11379.039609999996,3 16 21 23 24 27 28 29 30 31 32 33 34 12 13 23 24 27 28 29 30 31 32 33 34 12 13 23 24 27 28 29 30 31 32 33 34 12 13 23 24 27 28 29 30 31 32 33 34 12 13 23 24 27 28 29 30 31 32 33 34 12 13 23 ...(+1151 more),1231,max_ticks,16,21,16,hold,hold_when_sipp_moves,11308.77315,13550.82685,,,,yes,none,none,static_fault,hold_when_sipp_moves,model_or_feature_limited,Train against SIPP next-hop rankings and add shortest-to-goal plus downstream reservation features.,first_divergence,7,,2,
legacy_offset32_static16,pibt_active_bag_replay,8,40,40:storage_in,40,42,0,47,11292.14444,23400.0,12069.45556,rolling_horizon_sipp,0 6 12 13 23 24 27 28 47,11346.639609999998,0 6 8 11 14 46 36 38 39 40 41 42 25 26 43 15 14 46 36 38 39 40 41 42 25 26 43 15 14 46 36 38 39 40 41 42 25 26 43 15 14 46 36 38 39 40 41 42 25 26 43 15 14 46 36 38 39 40 41 42 25 26 43 15 ...(+629 more),1523,max_ticks,6,12,6,hold,hold_when_sipp_moves,11308.77315,12056.026849999998,,,,yes,none,none,static_fault,hold_when_sipp_moves,model_or_feature_limited,Train against SIPP next-hop rankings and add shortest-to-goal plus downstream reservation features.,first_divergence,2,,2,
legacy_offset32_static16,pibt_active_bag_replay,9,41,41:storage_in,41,43,1,47,11845.2066,24000.0,12112.7934,rolling_horizon_sipp,1 7 8 11 13 23 24 27 28 47,11895.206600000001,1 7 8 11 13 23 24 27 28 29 30 31 43 15 14 46 36 38 39 40 41 42 25 26 43 15 14 46 36 38 39 40 41 42 25 26 43 15 14 46 36 38 39 40 41 42 25 26 43 15 14 46 36 38 39 40 41 42 25 26 43 15 14 46 ...(+586 more),1447,max_ticks,23,24,23,hold,hold_when_sipp_moves,11898.77315,12083.22685,,,,yes,none,none,static_fault,hold_when_sipp_moves,model_or_feature_limited,Train against SIPP next-hop rankings and add shortest-to-goal plus downstream reservation features.,first_divergence,9,,6,
legacy_offset32_static16,pibt_active_bag_replay,10,42,42:storage_in,42,44,4,47,11854.61553,24300.0,12404.984470000001,rolling_horizon_sipp,4 17 18 22 24 27 28 47,11906.0066,4 17 18 22 24 27 28 29 30 31 32 33 34 12 13 23 24 27 28 29 30 31 32 33 34 12 13 23 24 27 28 29 30 31 32 33 34 12 13 23 24 27 28 29 30 31 32 33 34 12 13 23 24 27 28 29 30 31 32 33 34 12 13 23 ...(+1095 more),1160,max_ticks,28,47,29,move,different_next_node,11928.77315,12367.22685,,,,yes,none,none,static_fault,static_fault_branch_gap,fault_context_limited,Generate fault/repair teacher slices and expose active repair-window features.,first_divergence,7,,7,
legacy_offset32_static16,pibt_active_bag_replay,11,43,43:storage_in,43,45,5,47,11865.14962,24000.0,12095.25038,rolling_horizon_sipp,5 19 25 26 43 15 14 46 36 38 39 47,11941.949620000001,5 19 18 22 26 43 15 14 46 36 38 39 40 41 42 25 26 43 15 14 46 36 38 39 40 41 42 25 26 43 15 14 46 36 38 39 40 41 42 25 26 43 15 14 46 36 38 39 40 41 42 25 26 43 15 14 46 36 38 39 40 41 42 25 ...(+582 more),1450,max_ticks,19,25,18,move,different_next_node,11883.77315,12078.22685,,,,yes,none,none,static_fault,static_fault_branch_gap,fault_context_limited,Generate fault/repair teacher slices and expose active repair-window features.,first_divergence,2,,2,
legacy_offset32_static16,pibt_active_bag_replay,12,44,44:storage_in,44,46,3,47,11867.9489,22200.0,10290.0511,rolling_horizon_sipp,3 16 21 23 24 27 28 47,11921.148899999998,3 16 21 23 24 27 28 29 30 31 32 33 34 12 13 23 24 27 28 29 30 31 32 33 34 12 13 23 24 27 28 29 30 31 32 33 34 12 13 23 24 27 28 29 30 31 32 33 34 12 13 23 24 27 28 29 30 31 32 33 34 12 13 23 ...(+1088 more),1160,max_ticks,23,24,23,hold,hold_when_sipp_moves,11918.77315,10263.22685,,,,yes,none,none,static_fault,hold_when_sipp_moves,model_or_feature_limited,Train against SIPP next-hop rankings and add shortest-to-goal plus downstream reservation features.,first_divergence,7,,4,
legacy_offset32_static16,pibt_active_bag_replay,14,46,46:storage_in,46,48,4,47,11875.94881,23100.0,11183.65119,rolling_horizon_sipp,4 17 18 22 24 27 28 47,11931.948899999998,4 17 18 22 26 43 15 14 46 36 38 39 40 41 42 25 26 43 15 14 46 36 38 39 40 41 42 25 26 43 15 14 46 36 38 39 40 41 42 25 26 43 15 14 46 36 38 39 40 41 42 25 26 43 15 14 46 36 38 39 40 41 42 25 ...(+581 more),1448,max_ticks,22,24,26,move,different_next_node,11913.77315,11159.42685,,,,yes,none,none,static_fault,static_fault_branch_gap,fault_context_limited,Generate fault/repair teacher slices and expose active repair-window features.,first_divergence,4,,4,
legacy_offset32_static16,pibt_active_bag_replay,15,47,47:storage_in,47,49,2,47,11878.58781,24600.0,12677.812189999999,rolling_horizon_sipp,2 9 7 8 11 13 23 24 27 28 47,11942.748899999997,2 9 7 8 11 13 23 24 27 28 29 30 31 32 33 34 12 13 23 24 27 28 29 30 31 32 33 34 12 13 23 24 27 28 29 30 31 32 33 34 12 13 23 24 27 28 29 30 31 32 33 34 12 13 23 24 27 28 29 30 31 32 33 34 ...(+1089 more),1162,max_ticks,11,13,11,hold,hold_when_sipp_moves,11908.77315,12658.82685,,,,yes,none,none,static_fault,hold_when_sipp_moves,model_or_feature_limited,Train against SIPP next-hop rankings and add shortest-to-goal plus downstream reservation features.,first_divergence,10,,5,
legacy_offset64_repair32,edge_score_event,2,66,66:storage_in,66,68,4,47,12477.43655,25800.0,13282.16345,rolling_horizon_sipp,4 17 18 22 26 43 15 14 46 36 38 39 47,12606.572989999997,4 17 18,9,no_safe_action,4,17,4,hold,hold_when_sipp_moves,12477.43655,13282.16345,1,2,1,yes,none,none,repair_window,hold_when_sipp_moves,model_or_feature_limited,Train against SIPP next-hop rankings and add shortest-to-goal plus downstream reservation features.,first_divergence,3,4,1,False
legacy_offset64_repair32,edge_score_event,4,68,68:storage_in,68,70,5,47,12480.10318,24600.0,12080.29682,rolling_horizon_sipp,5 19 18 22 24 27 28 47,12576.772989999996,5 19 18,3,no_safe_action,18,22,,unplanned,no_safe_action,12486.50318,12078.29682,0,2,2,yes,none,none,repair_window,no_safe_action_at_divergence,shield_or_timing_limited,Audit safe-mask timing and add no-safe-action risk labels to the dataset.,first_divergence,3,22,3,True
legacy_offset64_repair32,edge_score_event,5,69,69:storage_in,69,71,3,47,12482.66742,24900.0,12375.33258,rolling_horizon_sipp,3 16 17 18 22 26 43 15 14 46 36 38 39 47,12591.772989999998,3 16 17 18,4,no_safe_action,18,22,,unplanned,no_safe_action,12492.46742,12372.332579999998,0,2,2,yes,none,none,repair_window,no_safe_action_at_divergence,shield_or_timing_limited,Audit safe-mask timing and add no-safe-action risk labels to the dataset.,first_divergence,4,42,4,True
legacy_offset64_repair32,edge_score_event,6,70,70:storage_in,70,72,2,47,12484.10648,23400.0,10872.29352,rolling_horizon_sipp,2 9 7 8 11 14 46 36 38 39 47,12558.706479999999,2 9 7 8,5,no_safe_action,7,8,7,hold,hold_when_sipp_moves,12492.50648,10870.29352,1,2,1,yes,none,none,repair_window,hold_when_sipp_moves,model_or_feature_limited,Train against SIPP next-hop rankings and add shortest-to-goal plus downstream reservation features.,first_divergence,4,43,3,False
legacy_offset64_repair32,edge_score_event,7,71,71:storage_in,71,73,4,47,12485.3062,25800.0,13274.2938,rolling_horizon_sipp,4 17 18 22 24 27 28 47,12598.372989999994,4 17 18,10,no_safe_action,4,17,4,hold,hold_when_sipp_moves,12485.3062,13274.2938,1,2,1,yes,none,none,repair_window,hold_when_sipp_moves,model_or_feature_limited,Train against SIPP next-hop rankings and add shortest-to-goal plus downstream reservation features.,first_divergence,3,20,1,False
legacy_offset64_repair32,edge_score_event,8,72,72:storage_in,72,74,0,47,12486.60448,23400.0,10874.99552,rolling_horizon_sipp,0 6 12 13 23 24 27 28 47,12555.172989999997,0 6 8 11,6,no_safe_action,6,12,8,move,different_next_node,12490.80448,10873.995519999999,3,3,0,yes,none,none,repair_window,repair_window_branch_gap,fault_context_limited,Generate fault/repair teacher slices and expose active repair-window features.,first_divergence,2,37,2,False
legacy_offset64_repair32,edge_score_event,9,73,73:storage_in,73,75,5,47,12487.97299,22200.0,9672.42701,rolling_horizon_sipp,5 19 18 22 24 27 28 47,12533.572989999999,5 19 18 22 26 43 15 14 46,17,no_safe_action,22,24,26,move,different_next_node,12503.77299,9669.427010000001,2,3,1,yes,none,none,repair_window,repair_window_branch_gap,fault_context_limited,Generate fault/repair teacher slices and expose active repair-window features.,first_divergence,4,71,4,False
legacy_offset64_repair32,edge_score_event,17,81,81:storage_in,81,83,5,47,13051.84528,26400.0,13308.55472,rolling_horizon_sipp,5 19 18 22 24 27 28 47,13181.888279999996,5 19 18,8,no_safe_action,18,22,18,hold,hold_when_sipp_moves,13058.24528,13306.55472,1,2,1,yes,none,none,repair_window,hold_when_sipp_moves,model_or_feature_limited,Train against SIPP next-hop rankings and add shortest-to-goal plus downstream reservation features.,first_divergence,3,148,3,False
legacy_offset64_repair32,edge_score_event,19,83,83:storage_in,83,85,3,47,13057.28828,22200.0,9100.71172,rolling_horizon_sipp,3 16 17 18 22 24 27 28 47,13106.28828,3 16 17 18,4,no_safe_action,18,22,,unplanned,no_safe_action,13067.088280000002,9097.711719999998,0,2,2,yes,none,none,repair_window,no_safe_action_at_divergence,shield_or_timing_limited,Audit safe-mask timing and add no-safe-action risk labels to the dataset.,first_divergence,4,175,4,True
legacy_offset64_repair32,edge_score_event,20,84,84:storage_in,84,86,4,47,13059.8454,24000.0,10899.7546,rolling_horizon_sipp,4 17 18 22 24 27 28 47,13138.688279999998,4 17 18,9,no_safe_action,4,17,4,hold,hold_when_sipp_moves,13059.8454,10899.7546,1,2,1,yes,none,none,repair_window,hold_when_sipp_moves,model_or_feature_limited,Train against SIPP next-hop rankings and add shortest-to-goal plus downstream reservation features.,first_divergence,3,151,1,False
legacy_offset64_repair32,edge_score_event,21,85,85:storage_in,85,87,1,47,13060.10649,24000.0,10897.89351,rolling_horizon_sipp,1 7 8 11 13 23 24 27 28 47,13127.88828,1 7 8 11 14 46,10,no_safe_action,11,13,11,hold,hold_when_sipp_moves,13072.70649,10894.89351,1,3,2,yes,none,none,repair_window,hold_when_sipp_moves,model_or_feature_limited,Train against SIPP next-hop rankings and add shortest-to-goal plus downstream reservation features.,first_divergence,4,194,4,False
legacy_offset64_repair32,edge_score_event,22,86,86:storage_in,86,88,5,47,13062.51217,26400.0,13297.88783,rolling_horizon_sipp,5 19 25 26 43 15 14 46 36 38 39 47,13169.137819999996,5 19 18,3,no_safe_action,19,25,18,move,different_next_node,13065.11217,13296.88783,3,3,0,yes,none,none,repair_window,repair_window_branch_gap,fault_context_limited,Generate fault/repair teacher slices and expose active repair-window features.,first_divergence,2,167,2,False
legacy_offset64_repair32,edge_score_event,23,87,87:storage_in,87,89,3,47,13065.17869,24300.0,11192.82131,rolling_horizon_sipp,3 16 21 23 24 27 28 47,13149.488279999998,3 16 17 18 22 26 43 15 14 46,11,no_safe_action,16,21,17,move,different_next_node,13067.778690000001,11191.82131,3,3,0,yes,none,none,repair_window,repair_window_branch_gap,fault_context_limited,Generate fault/repair teacher slices and expose active repair-window features.,first_divergence,2,177,2,False
legacy_offset64_repair32,edge_score_event,24,88,88:storage_in,88,90,2,47,13065.43983,25200.0,12090.96017,rolling_horizon_sipp,2 9 10 15 14 46 36 38 39 47,13154.337819999997,2 9 7 8,6,no_safe_action,9,10,7,move,different_next_node,13070.03983,12089.96017,3,3,0,yes,none,none,repair_window,repair_window_branch_gap,fault_context_limited,Generate fault/repair teacher slices and expose active repair-window features.,first_divergence,2,184,2,False
legacy_offset64_repair32,edge_score_event,25,89,89:storage_in,89,91,4,47,13067.84538,23100.0,9991.75462,rolling_horizon_sipp,4 17 18 22 24 27 28 47,13117.08828,4 17 18,7,no_safe_action,4,17,4,hold,hold_when_sipp_moves,13067.84538,9991.75462,1,2,1,yes,none,none,repair_window,hold_when_sipp_moves,model_or_feature_limited,Train against SIPP next-hop rankings and add shortest-to-goal plus downstream reservation features.,first_divergence,3,178,1,False
legacy_offset64_repair32,edge_score_event,27,91,91:storage_in,91,93,4,47,13069.4367,25200.0,12090.1633,rolling_horizon_sipp,4 17 18 22 24 27 28 47,13171.088279999996,4 17 18,9,no_safe_action,4,17,4,hold,hold_when_sipp_moves,13069.4367,12090.1633,1,2,1,yes,none,none,repair_window,hold_when_sipp_moves,model_or_feature_limited,Train against SIPP next-hop rankings and add shortest-to-goal plus downstream reservation features.,first_divergence,3,183,1,False
legacy_offset64_repair32,edge_score_event,30,94,94:storage_in,94,96,5,47,13077.44086,25200.0,12082.959139999999,rolling_horizon_sipp,5 19 25 26 43 15 14 46 36 38 39 47,13213.537819999994,5 19 18 22 24 27,11,no_safe_action,19,25,18,move,different_next_node,13080.040860000001,12081.959139999999,3,3,0,yes,none,none,repair_window,repair_window_branch_gap,fault_context_limited,Generate fault/repair teacher slices and expose active repair-window features.,first_divergence,2,223,2,False
legacy_offset64_repair32,fallback_event,0,64,64:storage_in,64,66,3,47,12474.63977,24600.0,12083.36023,rolling_horizon_sipp,3 16 21 23 24 27 28 47,12587.572989999995,3 16 21 23 24 27,6,no_safe_action,27,28,,unplanned,no_safe_action,12512.03977,12073.160230000001,0,3,3,yes,none,none,repair_window,no_safe_action_at_divergence,shield_or_timing_limited,Audit safe-mask timing and add no-safe-action risk labels to the dataset.,first_divergence,6,88,6,True
legacy_offset64_repair32,fallback_event,2,66,66:storage_in,66,68,4,47,12477.43655,25800.0,13282.16345,rolling_horizon_sipp,4 17 18 22 26 43 15 14 46 36 38 39 47,12606.572989999997,4 17 18 22 24 27,9,no_safe_action,22,26,24,move,different_next_node,12494.03655,13279.16345,3,3,0,yes,none,none,repair_window,repair_window_branch_gap,fault_context_limited,Generate fault/repair teacher slices and expose active repair-window features.,first_divergence,4,40,4,True
legacy_offset64_repair32,fallback_event,3,67,67:storage_in,67,69,1,47,12478.58782,26400.0,13879.41218,rolling_horizon_sipp,1 7 8 11 13 23 24 27 28 47,12609.172989999994,1 7 8 11 13 23 24 27,11,no_safe_action,13,23,13,hold,hold_when_sipp_moves,12503.387820000002,13875.412179999998,1,2,1,yes,none,none,repair_window,hold_when_sipp_moves,model_or_feature_limited,Train against SIPP next-hop rankings and add shortest-to-goal plus downstream reservation features.,first_divergence,8,65,5,True
legacy_offset64_repair32,fallback_event,4,68,68:storage_in,68,70,5,47,12480.10318,24600.0,12080.29682,rolling_horizon_sipp,5 19 18 22 24 27 28 47,12576.772989999996,5 19 18,7,no_safe_action,18,22,18,hold,hold_when_sipp_moves,12486.50318,12078.29682,1,2,1,yes,none,none,repair_window,hold_when_sipp_moves,model_or_feature_limited,Train against SIPP next-hop rankings and add shortest-to-goal plus downstream reservation features.,first_divergence,3,17,3,True
legacy_offset64_repair32,fallback_event,5,69,69:storage_in,69,71,3,47,12482.66742,24900.0,12375.33258,rolling_horizon_sipp,3 16 17 18 22 26 43 15 14 46 36 38 39 47,12591.772989999998,3 16 17 18,4,no_safe_action,18,22,,unplanned,no_safe_action,12492.46742,12372.332579999998,0,2,2,yes,none,none,repair_window,no_safe_action_at_divergence,shield_or_timing_limited,Audit safe-mask timing and add no-safe-action risk labels to the dataset.,first_divergence,4,36,4,True
legacy_offset64_repair32,fallback_event,7,71,71:storage_in,71,73,4,47,12485.3062,25800.0,13274.2938,rolling_horizon_sipp,4 17 18 22 24 27 28 47,12598.372989999994,4 17 18,10,no_safe_action,4,17,4,hold,hold_when_sipp_moves,12485.3062,13274.2938,1,2,1,yes,none,none,repair_window,hold_when_sipp_moves,model_or_feature_limited,Train against SIPP next-hop rankings and add shortest-to-goal plus downstream reservation features.,first_divergence,3,15,1,True
legacy_offset64_repair32,fallback_event,9,73,73:storage_in,73,75,5,47,12487.97299,22200.0,9672.42701,rolling_horizon_sipp,5 19 18 22 24 27 28 47,12533.572989999999,5 19 18 22 26 43 15 14 46,12,no_safe_action,22,24,26,move,different_next_node,12503.77299,9669.427010000001,2,3,1,yes,none,none,repair_window,repair_window_branch_gap,fault_context_limited,Generate fault/repair teacher slices and expose active repair-window features.,first_divergence,4,67,4,True
legacy_offset64_repair32,fallback_event,10,74,74:storage_in,74,76,1,47,12489.43982,24600.0,12068.56018,rolling_horizon_sipp,1 7 8 11 14 46 36 38 39 47,12573.506479999998,1 7 8 11 13 23 24 27,10,no_safe_action,8,11,8,hold,hold_when_sipp_moves,12497.83982,12066.56018,1,2,1,yes,none,none,repair_window,hold_when_sipp_moves,model_or_feature_limited,Train against SIPP next-hop rankings and add shortest-to-goal plus downstream reservation features.,first_divergence,4,49,3,True
legacy_offset64_repair32,fallback_event,16,80,80:storage_in,80,82,0,47,13050.16178,26400.0,13311.43822,rolling_horizon_sipp,0 6 8 11 14 46 36 38 39 47,13183.937819999996,0 6 12 13 23 24 27,10,no_safe_action,6,8,12,move,different_next_node,13054.361780000001,13310.438219999998,3,3,0,yes,none,none,repair_window,repair_window_branch_gap,fault_context_limited,Generate fault/repair teacher slices and expose active repair-window features.,first_divergence,2,140,2,True
legacy_offset64_repair32,fallback_event,17,81,81:storage_in,81,83,5,47,13051.84528,26400.0,13308.55472,rolling_horizon_sipp,5 19 18 22 24 27 28 47,13181.888279999996,5 19 18,8,no_safe_action,18,22,18,hold,hold_when_sipp_moves,13058.24528,13306.55472,1,2,1,yes,none,none,repair_window,hold_when_sipp_moves,model_or_feature_limited,Train against SIPP next-hop rankings and add shortest-to-goal plus downstream reservation features.,first_divergence,3,146,3,True
legacy_offset64_repair32,fallback_event,18,82,82:storage_in,82,84,4,47,13057.05944,24600.0,11502.54056,rolling_horizon_sipp,4 17 18 22 24 27 28 47,13160.288279999997,4 17 18 22 26 43 15 14 46,17,no_safe_action,18,22,18,hold,hold_when_sipp_moves,13064.259440000002,11500.540559999998,1,2,1,yes,none,none,repair_window,hold_when_sipp_moves,model_or_feature_limited,Train against SIPP next-hop rankings and add shortest-to-goal plus downstream reservation features.,first_divergence,4,160,3,True
legacy_offset64_repair32,fallback_event,19,83,83:storage_in,83,85,3,47,13057.28828,22200.0,9100.71172,rolling_horizon_sipp,3 16 17 18 22 24 27 28 47,13106.28828,3 16 21 23 24 27,8,no_safe_action,16,17,21,move,different_next_node,13059.888280000001,9099.71172,3,3,0,yes,none,none,repair_window,repair_window_branch_gap,fault_context_limited,Generate fault/repair teacher slices and expose active repair-window features.,first_divergence,2,150,2,True
legacy_offset64_repair32,fallback_event,20,84,84:storage_in,84,86,4,47,13059.8454,24000.0,10899.7546,rolling_horizon_sipp,4 17 18 22 24 27 28 47,13138.688279999998,4 17 18,9,no_safe_action,4,17,4,hold,hold_when_sipp_moves,13059.8454,10899.7546,1,2,1,yes,none,none,repair_window,hold_when_sipp_moves,model_or_feature_limited,Train against SIPP next-hop rankings and add shortest-to-goal plus downstream reservation features.,first_divergence,3,149,1,True
legacy_offset64_repair32,fallback_event,22,86,86:storage_in,86,88,5,47,13062.51217,26400.0,13297.88783,rolling_horizon_sipp,5 19 25 26 43 15 14 46 36 38 39 47,13169.137819999996,5 19 18,3,no_safe_action,19,25,18,move,different_next_node,13065.11217,13296.88783,3,3,0,yes,none,none,repair_window,repair_window_branch_gap,fault_context_limited,Generate fault/repair teacher slices and expose active repair-window features.,first_divergence,2,161,2,True
legacy_offset64_repair32,fallback_event,23,87,87:storage_in,87,89,3,47,13065.17869,24300.0,11192.82131,rolling_horizon_sipp,3 16 21 23 24 27 28 47,13149.488279999998,3 16 17 18 22 24 27,8,no_safe_action,16,21,17,move,different_next_node,13067.778690000001,11191.82131,2,3,1,yes,none,none,repair_window,repair_window_branch_gap,fault_context_limited,Generate fault/repair teacher slices and expose active repair-window features.,first_divergence,2,171,2,True
legacy_offset64_repair32,fallback_event,25,89,89:storage_in,89,91,4,47,13067.84538,23100.0,9991.75462,rolling_horizon_sipp,4 17 18 22 24 27 28 47,13117.08828,4 17 18,7,no_safe_action,4,17,4,hold,hold_when_sipp_moves,13067.84538,9991.75462,1,2,1,yes,none,none,repair_window,hold_when_sipp_moves,model_or_feature_limited,Train against SIPP next-hop rankings and add shortest-to-goal plus downstream reservation features.,first_divergence,3,172,1,True
legacy_offset64_repair32,fallback_event,26,90,90:storage_in,90,92,0,47,13067.93782,25200.0,12093.662180000001,rolling_horizon_sipp,0 6 8 11 14 46 36 38 39 47,13139.537819999998,0 6 12 13 23 24 27,10,no_safe_action,6,8,12,move,different_next_node,13072.13782,12092.66218,3,3,0,yes,none,none,repair_window,repair_window_branch_gap,fault_context_limited,Generate fault/repair teacher slices and expose active repair-window features.,first_divergence,2,186,2,True
legacy_offset64_repair32,fallback_event,27,91,91:storage_in,91,93,4,47,13069.4367,25200.0,12090.1633,rolling_horizon_sipp,4 17 18 22 24 27 28 47,13171.088279999996,4 17 18,9,no_safe_action,4,17,4,hold,hold_when_sipp_moves,13069.4367,12090.1633,1,2,1,yes,none,none,repair_window,hold_when_sipp_moves,model_or_feature_limited,Train against SIPP next-hop rankings and add shortest-to-goal plus downstream reservation features.,first_divergence,3,177,1,True
legacy_offset64_repair32,fallback_event,31,95,95:storage_in,95,97,0,47,13078.60448,24600.0,11482.99552,rolling_horizon_sipp,0 6 12 13 23 24 27 28 47,13203.488279999994,0 6 12 13 23 24 27,11,no_safe_action,27,28,27,hold,hold_when_sipp_moves,13108.204480000002,11476.995519999999,1,3,2,yes,none,none,repair_window,hold_when_sipp_moves,model_or_feature_limited,Train against SIPP next-hop rankings and add shortest-to-goal plus downstream reservation features.,first_divergence,7,294,7,True
legacy_offset64_repair32,pibt_active_bag_replay,0,64,64:storage_in,64,66,3,47,12474.63977,24600.0,12083.36023,rolling_horizon_sipp,3 16 21 23 24 27 28 47,12587.572989999995,3 16 21 23 24 27 28 29 30 31 32 33 34 12 13 23 24 27 28 29 30 31 32 33 34 12 13 23 24 27 28 29 30 31 32 33 34 12 13 23 24 27 28 29 30 31 32 33 34 12 13 23 24 27 28 29 30 31 32 33 34 12 13 23 ...(+644 more),1517,max_ticks,23,24,23,hold,hold_when_sipp_moves,12519.63977,12062.36023,,,,yes,none,none,repair_window,hold_when_sipp_moves,model_or_feature_limited,Train against SIPP next-hop rankings and add shortest-to-goal plus downstream reservation features.,first_divergence,7,,4,
legacy_offset64_repair32,pibt_active_bag_replay,4,68,68:storage_in,68,70,5,47,12480.10318,24600.0,12080.29682,rolling_horizon_sipp,5 19 18 22 24 27 28 47,12576.772989999996,5 19 18 22 26 43 15 14 46 36 38 39 40 41 42 25 26 43 15 14 46 36 38 39 40 41 42 25 26 43 15 14 46 36 38 39 40 41 42 25 26 43 15 14 46 36 38 39 40 41 42 30 31 43 15 14 46 36 38 39 40 41 42 25 ...(+903 more),1386,max_ticks,18,22,18,hold,hold_when_sipp_moves,12504.63977,12060.16023,,,,yes,none,none,repair_window,hold_when_sipp_moves,model_or_feature_limited,Train against SIPP next-hop rankings and add shortest-to-goal plus downstream reservation features.,first_divergence,4,,3,
legacy_offset64_repair32,pibt_active_bag_replay,5,69,69:storage_in,69,71,3,47,12482.66742,24900.0,12375.33258,rolling_horizon_sipp,3 16 17 18 22 26 43 15 14 46 36 38 39 47,12591.772989999998,3 16 17 18 22 26 43 15 14 46 36 38 39 40 41 42 25 26 43 15 14 46 36 38 39 40 41 42 25 26 43 15 14 46 36 38 39 40 41 42 25 26 43 15 14 46 36 38 39 40 41 42 30 31 32 33 34 12 13 23 24 27 28 29 ...(+910 more),1392,max_ticks,17,18,17,hold,hold_when_sipp_moves,12504.63977,12358.560230000001,,,,yes,none,none,repair_window,hold_when_sipp_moves,model_or_feature_limited,Train against SIPP next-hop rankings and add shortest-to-goal plus downstream reservation features.,first_divergence,13,,3,
legacy_offset64_repair32,pibt_active_bag_replay,6,70,70:storage_in,70,72,2,47,12484.10648,23400.0,10872.29352,rolling_horizon_sipp,2 9 7 8 11 14 46 36 38 39 47,12558.706479999999,2 9 7 8 11 13 23 24 27 28 29 30 31 32 33 34 12 13 23 24 27 28 29 30 31 43 15 14 46 36 38 39 40 41 42 25 26 43 15 14 46 36 38 39 40 41 42 25 26 43 15 14 46 36 38 39 40 41 42 30 31 32 33 34 ...(+627 more),1527,max_ticks,7,8,7,hold,hold_when_sipp_moves,12504.63977,10858.16023,,,,yes,none,none,repair_window,hold_when_sipp_moves,model_or_feature_limited,Train against SIPP next-hop rankings and add shortest-to-goal plus downstream reservation features.,first_divergence,5,,3,
legacy_offset64_repair32,pibt_active_bag_replay,7,71,71:storage_in,71,73,4,47,12485.3062,25800.0,13274.2938,rolling_horizon_sipp,4 17 18 22 24 27 28 47,12598.372989999994,4 17 18 22 26 43 15 14 46 36 38 39 40 41 42 25 26 43 15 14 46 36 38 39 40 41 42 25 26 43 15 14 46 36 38 39 40 41 42 30 31 43 15 14 46 36 38 39 40 41 42 25 26 43 15 14 46 36 38 39 40 41 42 25 ...(+898 more),1391,max_ticks,4,17,4,hold,hold_when_sipp_moves,12499.63977,13259.96023,,,,yes,none,none,repair_window,hold_when_sipp_moves,model_or_feature_limited,Train against SIPP next-hop rankings and add shortest-to-goal plus downstream reservation features.,first_divergence,4,,1,
legacy_offset64_repair32,pibt_active_bag_replay,8,72,72:storage_in,72,74,0,47,12486.60448,23400.0,10874.99552,rolling_horizon_sipp,0 6 12 13 23 24 27 28 47,12555.172989999997,0 6 8 11 14 46 36 38 39 40 41 42 25 26 43 15 14 46 36 38 39 40 41 42 25 26 43 15 14 46 36 38 39 40 41 42 25 26 43 15 14 46 36 38 39 40 41 42 30 31 32 33 34 12 13 23 24 27 28 29 30 31 43 15 ...(+626 more),1521,max_ticks,6,12,8,move,different_next_node,12504.63977,10860.16023,,,,yes,none,none,repair_window,repair_window_branch_gap,fault_context_limited,Generate fault/repair teacher slices and expose active repair-window features.,first_divergence,2,,2,
legacy_offset64_repair32,pibt_active_bag_replay,10,74,74:storage_in,74,76,1,47,12489.43982,24600.0,12068.56018,rolling_horizon_sipp,1 7 8 11 14 46 36 38 39 47,12573.506479999998,1 7 8 11 14 46 36 38 39 40 41 42 25 26 43 15 14 46 36 38 39 40 41 42 25 26 43 15 14 46 36 38 39 40 41 42 25 26 43 15 14 46 36 38 39 40 41 42 30 31 32 33 34 12 13 23 24 27 28 29 30 31 32 33 ...(+904 more),1382,max_ticks,1,7,1,hold,hold_when_sipp_moves,12499.63977,12058.36023,,,,yes,none,none,repair_window,hold_when_sipp_moves,model_or_feature_limited,Train against SIPP next-hop rankings and add shortest-to-goal plus downstream reservation features.,first_divergence,9,,1,
legacy_offset64_repair32,pibt_active_bag_replay,11,75,75:storage_in,75,77,3,47,12490.77417,23400.0,10867.22583,rolling_horizon_sipp,3 16 17 18 22 24 27 28 47,12544.372989999998,3 16 21 23 24 27 28 29 30 31 32 33 34 12 13 23 24 27 28 29 30 31 32 33 34 12 13 23 24 27 28 29 30 31 32 33 34 12 13 23 24 27 28 29 30 31 32 33 34 12 13 23 24 27 28 29 30 31 32 33 34 12 13 23 ...(+654 more),1513,max_ticks,16,17,21,move,different_next_node,12529.63977,10829.96023,,,,yes,none,none,repair_window,repair_window_branch_gap,fault_context_limited,Generate fault/repair teacher slices and expose active repair-window features.,first_divergence,2,,2,
legacy_offset64_repair32,pibt_active_bag_replay,16,80,80:storage_in,80,82,0,47,13050.16178,26400.0,13311.43822,rolling_horizon_sipp,0 6 8 11 14 46 36 38 39 47,13183.937819999996,0 6 12 13 23 24 27 28 29 30 31 32 33 34 12 13 23 24 27 28 29 30 31 32 33 34 12 13 23 24 27 28 29 30 31 32 33 34 12 13 23 24 27 28 29 30 31 32 33 34 12 13 23 24 27 28 29 30 31 32 33 34 12 13 ...(+863 more),1314,max_ticks,6,8,12,move,different_next_node,13079.63977,13285.16023,,,,yes,none,none,repair_window,repair_window_branch_gap,fault_context_limited,Generate fault/repair teacher slices and expose active repair-window features.,first_divergence,2,,2,
legacy_offset64_repair32,pibt_active_bag_replay,20,84,84:storage_in,84,86,4,47,13059.8454,24000.0,10899.7546,rolling_horizon_sipp,4 17 18 22 24 27 28 47,13138.688279999998,4 17 18 22 26 43 15 14 46 36 38 39 40 41 42 25 26 43 15 14 46 36 38 39 40 41 42 25 26 43 15 14 46 36 38 39 40 41 42 25 26 43 15 14 46 36 38 39 40 41 42 25 26 43 15 14 46 36 38 39 40 41 42 25 ...(+572 more),1453,max_ticks,4,17,4,hold,hold_when_sipp_moves,13074.63977,10884.96023,,,,yes,none,none,repair_window,hold_when_sipp_moves,model_or_feature_limited,Train against SIPP next-hop rankings and add shortest-to-goal plus downstream reservation features.,first_divergence,4,,1,
legacy_offset64_repair32,pibt_active_bag_replay,21,85,85:storage_in,85,87,1,47,13060.10649,24000.0,10897.89351,rolling_horizon_sipp,1 7 8 11 13 23 24 27 28 47,13127.88828,1 7 8 11 14 46 36 38 39 40 41 42 25 26 43 15 14 46 36 38 39 40 41 42 25 26 43 15 14 46 36 38 39 40 41 42 25 26 43 15 14 46 36 38 39 40 41 42 25 26 43 15 14 46 36 38 39 40 41 42 25 26 43 15 ...(+572 more),1451,max_ticks,11,13,11,hold,hold_when_sipp_moves,13094.63977,10872.96023,,,,yes,none,none,repair_window,hold_when_sipp_moves,model_or_feature_limited,Train against SIPP next-hop rankings and add shortest-to-goal plus downstream reservation features.,first_divergence,4,,4,
legacy_offset64_repair32,pibt_active_bag_replay,24,88,88:storage_in,88,90,2,47,13065.43983,25200.0,12090.96017,rolling_horizon_sipp,2 9 10 15 14 46 36 38 39 47,13154.337819999997,2 9 7 8 11 13 23 24 27 28 29 30 31 32 33 34 12 13 23 24 27 28 29 30 31 32 33 34 12 13 23 24 27 28 29 30 31 32 33 34 12 13 23 24 27 28 29 30 31 32 33 34 12 13 23 24 27 28 29 30 31 32 33 34 ...(+828 more),1337,max_ticks,9,10,7,move,different_next_node,13084.63977,12075.36023,,,,yes,none,none,repair_window,repair_window_branch_gap,fault_context_limited,Generate fault/repair teacher slices and expose active repair-window features.,first_divergence,2,,2,
legacy_offset64_repair32,pibt_active_bag_replay,25,89,89:storage_in,89,91,4,47,13067.84538,23100.0,9991.75462,rolling_horizon_sipp,4 17 18 22 24 27 28 47,13117.08828,4 17 18 22 24 27 28 29 30 31 32 33 34 12 13 23 24 27 28 29 30 31 32 33 34 12 13 23 24 27 28 29 30 31 32 33 34 12 13 23 24 27 28 29 30 31 32 33 34 12 13 23 24 27 28 29 30 31 32 33 34 12 13 23 ...(+587 more),1446,max_ticks,4,17,4,hold,hold_when_sipp_moves,13084.63977,9974.96023,,,,yes,none,none,repair_window,hold_when_sipp_moves,model_or_feature_limited,Train against SIPP next-hop rankings and add shortest-to-goal plus downstream reservation features.,first_divergence,7,,1,
legacy_offset64_repair32,pibt_active_bag_replay,27,91,91:storage_in,91,93,4,47,13069.4367,25200.0,12090.1633,rolling_horizon_sipp,4 17 18 22 24 27 28 47,13171.088279999996,4 17 18 22 26 43 15 14 46 36 38 39 40 41 42 25 26 43 15 14 46 36 38 39 40 41 42 25 26 43 15 14 46 36 38 39 40 41 42 25 26 43 15 14 46 36 38 39 40 41 42 25 26 43 15 14 46 36 38 39 40 41 42 25 ...(+566 more),1454,max_ticks,4,17,4,hold,hold_when_sipp_moves,13099.63977,12059.96023,,,,yes,none,none,repair_window,hold_when_sipp_moves,model_or_feature_limited,Train against SIPP next-hop rankings and add shortest-to-goal plus downstream reservation features.,first_divergence,4,,1,
legacy_offset64_repair32,pibt_active_bag_replay,28,92,92:storage_in,92,94,1,47,13071.49516,27000.0,13886.50484,rolling_horizon_sipp,1 7 8 11 14 46 36 38 39 47,13198.737819999995,1 7 8 11 13 23 24 27 28 29 30 31 32 33 34 12 13 23 24 27 28 29 30 31 32 33 34 12 13 23 24 27 28 29 30 31 32 33 34 12 13 23 24 27 28 29 30 31 32 33 34 12 13 23 24 27 28 29 30 31 32 33 34 12 ...(+812 more),1342,max_ticks,1,7,1,hold,hold_when_sipp_moves,13099.63977,13858.36023,,,,yes,none,none,repair_window,hold_when_sipp_moves,model_or_feature_limited,Train against SIPP next-hop rankings and add shortest-to-goal plus downstream reservation features.,first_divergence,4,,1,
legacy_offset64_repair32,pibt_active_bag_replay,29,93,93:storage_in,93,95,2,47,13075.92116,26700.0,13580.47884,rolling_horizon_sipp,2 9 7 8 11 13 23 24 27 28 47,13214.288279999993,2 9 10,1923,max_ticks,9,7,10,move,different_next_node,13109.63977,13550.36023,,,,yes,none,none,repair_window,repair_window_branch_gap,fault_context_limited,Generate fault/repair teacher slices and expose active repair-window features.,first_divergence,2,,2,
legacy_offset64_repair32,pibt_active_bag_replay,30,94,94:storage_in,94,96,5,47,13077.44086,25200.0,12082.959139999999,rolling_horizon_sipp,5 19 25 26 43 15 14 46 36 38 39 47,13213.537819999994,5 19 25 26 43 15 14 46 36 38 39 40 41 42 25 26 43 15 14 46 36 38 39 40 41 42 25 26 43 15 14 46 36 38 39 40 41 42 30 31 32 33 34 12 13 23 24 27 28 29 30 31 32 33 34 12 13 23 24 27 28 29 30 31 ...(+850 more),1310,max_ticks,25,26,25,hold,hold_when_sipp_moves,13119.63977,12029.16023,,,,yes,none,none,repair_window,hold_when_sipp_moves,model_or_feature_limited,Train against SIPP next-hop rankings and add shortest-to-goal plus downstream reservation features.,first_divergence,11,,3,
legacy_offset64_repair32,pibt_active_bag_replay,31,95,95:storage_in,95,97,0,47,13078.60448,24600.0,11482.99552,rolling_horizon_sipp,0 6 12 13 23 24 27 28 47,13203.488279999994,0 6 8 11 13 23 24 27 28 29 30 31 32 33 34 12 13 23 24 27 28 29 30 31 32 33 34 12 13 23 24 27 28 29 30 31 32 33 34 12 13 23 24 27 28 29 30 31 32 33 34 12 13 23 24 27 28 29 30 31 43 15 14 46 ...(+563 more),1461,max_ticks,6,12,6,hold,hold_when_sipp_moves,13104.63977,11460.16023,,,,yes,none,none,repair_window,hold_when_sipp_moves,model_or_feature_limited,Train against SIPP next-hop rankings and add shortest-to-goal plus downstream reservation features.,first_divergence,2,,2,
legacy_offset64_merge32,edge_score_event,2,66,66:storage_in,66,68,4,47,12477.43655,25800.0,13282.16345,rolling_horizon_sipp,4 17 18 22 24 27 28 47,12609.172989999994,4 17 18,9,no_safe_action,4,17,4,hold,hold_when_sipp_moves,12477.43655,13282.16345,1,2,1,no,none,none,merge_group,hold_when_sipp_moves,model_or_feature_limited,Train against SIPP next-hop rankings and add shortest-to-goal plus downstream reservation features.,first_divergence,3,4,1,False
legacy_offset64_merge32,edge_score_event,4,68,68:storage_in,68,70,5,47,12480.10318,24600.0,12080.29682,rolling_horizon_sipp,5 19 18 22 24 27 28 47,12576.772989999996,5 19 18,3,no_safe_action,18,22,,unplanned,no_safe_action,12486.50318,12078.29682,0,2,2,no,none,9,merge_group,no_safe_action_at_divergence,shield_or_timing_limited,Audit safe-mask timing and add no-safe-action risk labels to the dataset.,first_divergence,3,22,3,True
legacy_offset64_merge32,edge_score_event,5,69,69:storage_in,69,71,3,47,12482.66742,24900.0,12375.33258,rolling_horizon_sipp,3 16 21 23 24 27 28 47,12598.372989999994,3 16 17 18,4,no_safe_action,16,21,17,move,different_next_node,12485.26742,12374.33258,3,3,0,no,none,none,merge_group,wrong_branch_vs_sipp,model_or_data_limited,Collect SIPP teacher counterfactual slices and run feature ablations before RL.,first_divergence,2,19,2,False
legacy_offset64_merge32,edge_score_event,6,70,70:storage_in,70,72,2,47,12484.10648,23400.0,10872.29352,rolling_horizon_sipp,2 9 7 8 11 14 46 36 38 39 47,12558.706479999999,2 9 7 8,5,no_safe_action,7,8,7,hold,hold_when_sipp_moves,12492.50648,10870.29352,1,2,1,no,none,none,merge_group,hold_when_sipp_moves,model_or_feature_limited,Train against SIPP next-hop rankings and add shortest-to-goal plus downstream reservation features.,first_divergence,4,43,3,False
legacy_offset64_merge32,edge_score_event,7,71,71:storage_in,71,73,4,47,12485.3062,25800.0,13274.2938,rolling_horizon_sipp,4 17 18 22 26 43 15 14 46 36 38 39 47,12603.121410000002,4 17 18,10,no_safe_action,4,17,4,hold,hold_when_sipp_moves,12485.3062,13274.2938,1,2,1,no,none,none,merge_group,hold_when_sipp_moves,model_or_feature_limited,Train against SIPP next-hop rankings and add shortest-to-goal plus downstream reservation features.,first_divergence,3,20,1,False
legacy_offset64_merge32,edge_score_event,8,72,72:storage_in,72,74,0,47,12486.60448,23400.0,10874.99552,rolling_horizon_sipp,0 6 12 13 23 24 27 28 47,12555.172989999997,0 6 8 11,6,no_safe_action,6,12,8,move,different_next_node,12490.80448,10873.995519999999,3,3,0,no,none,none,merge_group,wrong_branch_vs_sipp,model_or_data_limited,Collect SIPP teacher counterfactual slices and run feature ablations before RL.,first_divergence,2,37,2,False
legacy_offset64_merge32,edge_score_event,9,73,73:storage_in,73,75,5,47,12487.97299,22200.0,9672.42701,rolling_horizon_sipp,5 19 18 22 24 27 28 47,12533.572989999999,5 19 18 22 26 43 15 14 46,17,no_safe_action,22,24,26,move,different_next_node,12503.77299,9669.427010000001,2,3,1,no,none,none,merge_group,wrong_branch_vs_sipp,model_or_data_limited,Collect SIPP teacher counterfactual slices and run feature ablations before RL.,first_divergence,4,71,4,False
legacy_offset64_merge32,edge_score_event,14,78,78:storage_in,78,80,2,47,13047.64994,24000.0,10908.75006,rolling_horizon_sipp,2 9 7 8 11 14 46 36 38 39 47,13122.249939999998,2 9 7 8 11 13,22,no_safe_action,7,8,7,hold,hold_when_sipp_moves,13056.049939999999,10906.75006,1,2,1,no,none,none,merge_group,hold_when_sipp_moves,model_or_feature_limited,Train against SIPP next-hop rankings and add shortest-to-goal plus downstream reservation features.,first_divergence,5,148,3,False
legacy_offset64_merge32,edge_score_event,17,81,81:storage_in,81,83,5,47,13051.84528,26400.0,13308.55472,rolling_horizon_sipp,5 19 18 22 24 27 28 47,13181.888279999996,5 19 18,8,no_safe_action,18,22,18,hold,hold_when_sipp_moves,13058.24528,13306.55472,1,2,1,no,none,9,merge_group,hold_when_sipp_moves,model_or_feature_limited,Train against SIPP next-hop rankings and add shortest-to-goal plus downstream reservation features.,first_divergence,3,154,3,False
legacy_offset64_merge32,edge_score_event,19,83,83:storage_in,83,85,3,47,13057.28828,22200.0,9100.71172,rolling_horizon_sipp,3 16 17 18 22 24 27 28 47,13106.28828,3 16 17 18,4,no_safe_action,18,22,,unplanned,no_safe_action,13067.088280000002,9097.711719999998,0,2,2,no,none,9,merge_group,no_safe_action_at_divergence,shield_or_timing_limited,Audit safe-mask timing and add no-safe-action risk labels to the dataset.,first_divergence,4,181,4,True
legacy_offset64_merge32,edge_score_event,20,84,84:storage_in,84,86,4,47,13059.8454,24000.0,10899.7546,rolling_horizon_sipp,4 17 18 22 24 27 28 47,13138.688279999998,4 17 18,9,no_safe_action,4,17,4,hold,hold_when_sipp_moves,13059.8454,10899.7546,1,2,1,no,none,none,merge_group,hold_when_sipp_moves,model_or_feature_limited,Train against SIPP next-hop rankings and add shortest-to-goal plus downstream reservation features.,first_divergence,3,157,1,False
legacy_offset64_merge32,edge_score_event,21,85,85:storage_in,85,87,1,47,13060.10649,24000.0,10897.89351,rolling_horizon_sipp,1 7 8 11 13 23 24 27 28 47,13127.88828,1 7 8 11 14 46,10,no_safe_action,11,13,11,hold,hold_when_sipp_moves,13072.70649,10894.89351,1,3,2,no,none,none,merge_group,hold_when_sipp_moves,model_or_feature_limited,Train against SIPP next-hop rankings and add shortest-to-goal plus downstream reservation features.,first_divergence,4,200,4,False
legacy_offset64_merge32,edge_score_event,22,86,86:storage_in,86,88,5,47,13062.51217,26400.0,13297.88783,rolling_horizon_sipp,5 19 25 26 43 15 14 46 36 38 39 47,13169.137819999996,5 19 18,3,no_safe_action,19,25,18,move,different_next_node,13065.11217,13296.88783,3,3,0,no,none,none,merge_group,wrong_branch_vs_sipp,model_or_data_limited,Collect SIPP teacher counterfactual slices and run feature ablations before RL.,first_divergence,2,173,2,False
legacy_offset64_merge32,edge_score_event,23,87,87:storage_in,87,89,3,47,13065.17869,24300.0,11192.82131,rolling_horizon_sipp,3 16 21 23 24 27 28 47,13149.488279999998,3 16 17 18 22 26 43 15 14 46,11,no_safe_action,16,21,17,move,different_next_node,13067.778690000001,11191.82131,3,3,0,no,none,none,merge_group,wrong_branch_vs_sipp,model_or_data_limited,Collect SIPP teacher counterfactual slices and run feature ablations before RL.,first_divergence,2,183,2,False
legacy_offset64_merge32,edge_score_event,24,88,88:storage_in,88,90,2,47,13065.43983,25200.0,12090.96017,rolling_horizon_sipp,2 9 10 15 14 46 36 38 39 47,13154.337819999997,2 9 7 8,6,no_safe_action,9,10,7,move,different_next_node,13070.03983,12089.96017,3,3,0,no,none,none,merge_group,wrong_branch_vs_sipp,model_or_data_limited,Collect SIPP teacher counterfactual slices and run feature ablations before RL.,first_divergence,2,190,2,False
legacy_offset64_merge32,edge_score_event,25,89,89:storage_in,89,91,4,47,13067.84538,23100.0,9991.75462,rolling_horizon_sipp,4 17 18 22 24 27 28 47,13117.08828,4 17 18,7,no_safe_action,4,17,4,hold,hold_when_sipp_moves,13067.84538,9991.75462,1,2,1,no,none,none,merge_group,hold_when_sipp_moves,model_or_feature_limited,Train against SIPP next-hop rankings and add shortest-to-goal plus downstream reservation features.,first_divergence,3,184,1,False
legacy_offset64_merge32,edge_score_event,27,91,91:storage_in,91,93,4,47,13069.4367,25200.0,12090.1633,rolling_horizon_sipp,4 17 18 22 24 27 28 47,13171.088279999996,4 17 18,9,no_safe_action,4,17,4,hold,hold_when_sipp_moves,13069.4367,12090.1633,1,2,1,no,none,none,merge_group,hold_when_sipp_moves,model_or_feature_limited,Train against SIPP next-hop rankings and add shortest-to-goal plus downstream reservation features.,first_divergence,3,189,1,False
legacy_offset64_merge32,edge_score_event,30,94,94:storage_in,94,96,5,47,13077.44086,25200.0,12082.959139999999,rolling_horizon_sipp,5 19 25 26 43 15 14 46 36 38 39 47,13213.537819999994,5 19 18 22 24 27,11,no_safe_action,19,25,18,move,different_next_node,13080.040860000001,12081.959139999999,3,3,0,no,none,none,merge_group,wrong_branch_vs_sipp,model_or_data_limited,Collect SIPP teacher counterfactual slices and run feature ablations before RL.,first_divergence,2,230,2,False
legacy_offset64_merge32,fallback_event,1,65,65:storage_in,65,67,0,47,12475.93777,24900.0,12385.66223,rolling_horizon_sipp,0 6 8 11 14 46 36 38 39 47,12588.306479999997,0 6 12 13,10,no_safe_action,6,8,12,move,different_next_node,12480.137770000001,12384.662229999998,3,3,0,no,none,none,merge_group,wrong_branch_vs_sipp,model_or_data_limited,Collect SIPP teacher counterfactual slices and run feature ablations before RL.,first_divergence,2,7,2,True
legacy_offset64_merge32,fallback_event,3,67,67:storage_in,67,69,1,47,12478.58782,26400.0,13879.41218,rolling_horizon_sipp,1 7 8 11 14 46 36 38 39 47,12617.92141,1 7 8 11 13,7,no_safe_action,11,14,13,move,different_next_node,12491.187820000001,13876.41218,3,3,0,no,none,none,merge_group,wrong_branch_vs_sipp,model_or_data_limited,Collect SIPP teacher counterfactual slices and run feature ablations before RL.,first_divergence,4,33,4,True
legacy_offset64_merge32,fallback_event,4,68,68:storage_in,68,70,5,47,12480.10318,24600.0,12080.29682,rolling_horizon_sipp,5 19 18 22 24 27 28 47,12576.772989999996,5 19 18,7,no_safe_action,18,22,18,hold,hold_when_sipp_moves,12486.50318,12078.29682,1,2,1,no,none,9,merge_group,hold_when_sipp_moves,model_or_feature_limited,Train against SIPP next-hop rankings and add shortest-to-goal plus downstream reservation features.,first_divergence,3,17,3,True
legacy_offset64_merge32,fallback_event,5,69,69:storage_in,69,71,3,47,12482.66742,24900.0,12375.33258,rolling_horizon_sipp,3 16 21 23 24 27 28 47,12598.372989999994,3 16 17 18,4,no_safe_action,16,21,17,move,different_next_node,12485.26742,12374.33258,2,3,1,no,none,none,merge_group,wrong_branch_vs_sipp,model_or_data_limited,Collect SIPP teacher counterfactual slices and run feature ablations before RL.,first_divergence,2,14,2,True
legacy_offset64_merge32,fallback_event,7,71,71:storage_in,71,73,4,47,12485.3062,25800.0,13274.2938,rolling_horizon_sipp,4 17 18 22 26 43 15 14 46 36 38 39 47,12603.121410000002,4 17 18,10,no_safe_action,4,17,4,hold,hold_when_sipp_moves,12485.3062,13274.2938,1,2,1,no,none,none,merge_group,hold_when_sipp_moves,model_or_feature_limited,Train against SIPP next-hop rankings and add shortest-to-goal plus downstream reservation features.,first_divergence,3,15,1,True
legacy_offset64_merge32,fallback_event,8,72,72:storage_in,72,74,0,47,12486.60448,23400.0,10874.99552,rolling_horizon_sipp,0 6 12 13 23 24 27 28 47,12555.172989999997,0 6 12 13 23 24 27,15,no_safe_action,13,23,13,hold,hold_when_sipp_moves,12506.80448,10871.995519999999,1,2,1,no,none,9,merge_group,hold_when_sipp_moves,model_or_feature_limited,Train against SIPP next-hop rankings and add shortest-to-goal plus downstream reservation features.,first_divergence,7,75,4,True
legacy_offset64_merge32,fallback_event,9,73,73:storage_in,73,75,5,47,12487.97299,22200.0,9672.42701,rolling_horizon_sipp,5 19 18 22 24 27 28 47,12533.572989999999,5 19 18 22 26 43 15 14 46,12,no_safe_action,22,24,26,move,different_next_node,12503.77299,9669.427010000001,2,3,1,no,none,none,merge_group,wrong_branch_vs_sipp,model_or_data_limited,Collect SIPP teacher counterfactual slices and run feature ablations before RL.,first_divergence,4,71,4,True
legacy_offset64_merge32,fallback_event,10,74,74:storage_in,74,76,1,47,12489.43982,24600.0,12068.56018,rolling_horizon_sipp,1 7 8 11 14 46 36 38 39 47,12573.506479999998,1 7 8 11 13 23 24 27,11,no_safe_action,8,11,8,hold,hold_when_sipp_moves,12497.83982,12066.56018,1,2,1,no,none,none,merge_group,hold_when_sipp_moves,model_or_feature_limited,Train against SIPP next-hop rankings and add shortest-to-goal plus downstream reservation features.,first_divergence,4,50,3,True
legacy_offset64_merge32,fallback_event,14,78,78:storage_in,78,80,2,47,13047.64994,24000.0,10908.75006,rolling_horizon_sipp,2 9 7 8 11 14 46 36 38 39 47,13122.249939999998,2 9 7 8 11 13,18,no_safe_action,11,14,13,move,different_next_node,13062.84994,10904.75006,3,3,0,no,none,none,merge_group,wrong_branch_vs_sipp,model_or_data_limited,Collect SIPP teacher counterfactual slices and run feature ablations before RL.,first_divergence,5,170,5,True
legacy_offset64_merge32,fallback_event,16,80,80:storage_in,80,82,0,47,13050.16178,26400.0,13311.43822,rolling_horizon_sipp,0 6 8 11 14 46 36 38 39 47,13183.937819999996,0 6 12 13,7,no_safe_action,6,8,12,move,different_next_node,13054.361780000001,13310.438219999998,3,3,0,no,none,none,merge_group,wrong_branch_vs_sipp,model_or_data_limited,Collect SIPP teacher counterfactual slices and run feature ablations before RL.,first_divergence,2,152,2,True
legacy_offset64_merge32,fallback_event,17,81,81:storage_in,81,83,5,47,13051.84528,26400.0,13308.55472,rolling_horizon_sipp,5 19 18 22 24 27 28 47,13181.888279999996,5 19 18,8,no_safe_action,18,22,18,hold,hold_when_sipp_moves,13058.24528,13306.55472,1,2,1,no,none,9,merge_group,hold_when_sipp_moves,model_or_feature_limited,Train against SIPP next-hop rankings and add shortest-to-goal plus downstream reservation features.,first_divergence,3,158,3,True
legacy_offset64_merge32,fallback_event,18,82,82:storage_in,82,84,4,47,13057.05944,24600.0,11502.54056,rolling_horizon_sipp,4 17 18 22 24 27 28 47,13160.288279999997,4 17 18 22 26 43 15 14 46,17,no_safe_action,18,22,18,hold,hold_when_sipp_moves,13064.259440000002,11500.540559999998,1,2,1,no,none,9,merge_group,hold_when_sipp_moves,model_or_feature_limited,Train against SIPP next-hop rankings and add shortest-to-goal plus downstream reservation features.,first_divergence,4,172,3,True
legacy_offset64_merge32,fallback_event,20,84,84:storage_in,84,86,4,47,13059.8454,24000.0,10899.7546,rolling_horizon_sipp,4 17 18 22 24 27 28 47,13138.688279999998,4 17 18,9,no_safe_action,4,17,4,hold,hold_when_sipp_moves,13059.8454,10899.7546,1,2,1,no,none,none,merge_group,hold_when_sipp_moves,model_or_feature_limited,Train against SIPP next-hop rankings and add shortest-to-goal plus downstream reservation features.,first_divergence,3,161,1,True
legacy_offset64_merge32,fallback_event,22,86,86:storage_in,86,88,5,47,13062.51217,26400.0,13297.88783,rolling_horizon_sipp,5 19 25 26 43 15 14 46 36 38 39 47,13169.137819999996,5 19 18,3,no_safe_action,19,25,18,move,different_next_node,13065.11217,13296.88783,3,3,0,no,none,none,merge_group,wrong_branch_vs_sipp,model_or_data_limited,Collect SIPP teacher counterfactual slices and run feature ablations before RL.,first_divergence,2,173,2,True
legacy_offset64_merge32,fallback_event,23,87,87:storage_in,87,89,3,47,13065.17869,24300.0,11192.82131,rolling_horizon_sipp,3 16 21 23 24 27 28 47,13149.488279999998,3 16 17 18 22 24 27,9,no_safe_action,16,21,17,move,different_next_node,13067.778690000001,11191.82131,2,3,1,no,none,none,merge_group,wrong_branch_vs_sipp,model_or_data_limited,Collect SIPP teacher counterfactual slices and run feature ablations before RL.,first_divergence,2,183,2,True
legacy_offset64_merge32,fallback_event,25,89,89:storage_in,89,91,4,47,13067.84538,23100.0,9991.75462,rolling_horizon_sipp,4 17 18 22 24 27 28 47,13117.08828,4 17 18,7,no_safe_action,4,17,4,hold,hold_when_sipp_moves,13067.84538,9991.75462,1,2,1,no,none,none,merge_group,hold_when_sipp_moves,model_or_feature_limited,Train against SIPP next-hop rankings and add shortest-to-goal plus downstream reservation features.,first_divergence,3,184,1,True
legacy_offset64_merge32,fallback_event,26,90,90:storage_in,90,92,0,47,13067.93782,25200.0,12093.662180000001,rolling_horizon_sipp,0 6 8 11 14 46 36 38 39 47,13139.537819999998,0 6 12 13,7,no_safe_action,6,8,12,move,different_next_node,13072.13782,12092.66218,3,3,0,no,none,none,merge_group,wrong_branch_vs_sipp,model_or_data_limited,Collect SIPP teacher counterfactual slices and run feature ablations before RL.,first_divergence,2,199,2,True
legacy_offset64_merge32,fallback_event,27,91,91:storage_in,91,93,4,47,13069.4367,25200.0,12090.1633,rolling_horizon_sipp,4 17 18 22 24 27 28 47,13171.088279999996,4 17 18,9,no_safe_action,4,17,4,hold,hold_when_sipp_moves,13069.4367,12090.1633,1,2,1,no,none,none,merge_group,hold_when_sipp_moves,model_or_feature_limited,Train against SIPP next-hop rankings and add shortest-to-goal plus downstream reservation features.,first_divergence,3,189,1,True
legacy_offset64_merge32,fallback_event,31,95,95:storage_in,95,97,0,47,13078.60448,24600.0,11482.99552,rolling_horizon_sipp,0 6 12 13 23 24 27 28 47,13203.488279999994,0 6 12 13 23 24 27,11,no_safe_action,27,28,27,hold,hold_when_sipp_moves,13108.204480000002,11476.995519999999,1,3,2,no,none,none,merge_group,hold_when_sipp_moves,model_or_feature_limited,Train against SIPP next-hop rankings and add shortest-to-goal plus downstream reservation features.,first_divergence,7,304,7,True
legacy_offset64_merge32,pibt_active_bag_replay,0,64,64:storage_in,64,66,3,47,12474.63977,24600.0,12083.36023,rolling_horizon_sipp,3 16 21 23 24 27 28 47,12587.572989999995,3 16 21 23 24 27 28 29 30 31 32 33 34 12 13 23 24 27 28 29 30 31 32 33 34 12 13 23 24 27 28 29 30 31 32 33 34 12 13 23 24 27 28 29 30 31 32 33 34 12 13 23 24 27 28 29 30 31 32 33 34 12 13 23 ...(+644 more),1517,max_ticks,23,24,23,hold,hold_when_sipp_moves,12519.63977,12062.36023,,,,no,none,none,merge_group,hold_when_sipp_moves,model_or_feature_limited,Train against SIPP next-hop rankings and add shortest-to-goal plus downstream reservation features.,first_divergence,7,,4,
legacy_offset64_merge32,pibt_active_bag_replay,4,68,68:storage_in,68,70,5,47,12480.10318,24600.0,12080.29682,rolling_horizon_sipp,5 19 18 22 24 27 28 47,12576.772989999996,5 19 18 22 26 43 15 14 46 36 38 39 40 41 42 25 26 43 15 14 46 36 38 39 40 41 42 25 26 43 15 14 46 36 38 39 40 41 42 25 26 43 15 14 46 36 38 39 40 41 42 30 31 43 15 14 46 36 38 39 40 41 42 25 ...(+903 more),1386,max_ticks,18,22,18,hold,hold_when_sipp_moves,12504.63977,12060.16023,,,,no,none,9,merge_group,hold_when_sipp_moves,model_or_feature_limited,Train against SIPP next-hop rankings and add shortest-to-goal plus downstream reservation features.,first_divergence,4,,3,
legacy_offset64_merge32,pibt_active_bag_replay,5,69,69:storage_in,69,71,3,47,12482.66742,24900.0,12375.33258,rolling_horizon_sipp,3 16 21 23 24 27 28 47,12598.372989999994,3 16 17 18 22 26 43 15 14 46 36 38 39 40 41 42 25 26 43 15 14 46 36 38 39 40 41 42 25 26 43 15 14 46 36 38 39 40 41 42 25 26 43 15 14 46 36 38 39 40 41 42 30 31 32 33 34 12 13 23 24 27 28 29 ...(+910 more),1392,max_ticks,16,21,17,move,different_next_node,12499.63977,12359.96023,,,,no,none,none,merge_group,wrong_branch_vs_sipp,model_or_data_limited,Collect SIPP teacher counterfactual slices and run feature ablations before RL.,first_divergence,2,,2,
legacy_offset64_merge32,pibt_active_bag_replay,6,70,70:storage_in,70,72,2,47,12484.10648,23400.0,10872.29352,rolling_horizon_sipp,2 9 7 8 11 14 46 36 38 39 47,12558.706479999999,2 9 7 8 11 13 23 24 27 28 29 30 31 32 33 34 12 13 23 24 27 28 29 30 31 43 15 14 46 36 38 39 40 41 42 25 26 43 15 14 46 36 38 39 40 41 42 25 26 43 15 14 46 36 38 39 40 41 42 30 31 32 33 34 ...(+627 more),1527,max_ticks,7,8,7,hold,hold_when_sipp_moves,12504.63977,10858.16023,,,,no,none,none,merge_group,hold_when_sipp_moves,model_or_feature_limited,Train against SIPP next-hop rankings and add shortest-to-goal plus downstream reservation features.,first_divergence,5,,3,
legacy_offset64_merge32,pibt_active_bag_replay,7,71,71:storage_in,71,73,4,47,12485.3062,25800.0,13274.2938,rolling_horizon_sipp,4 17 18 22 26 43 15 14 46 36 38 39 47,12603.121410000002,4 17 18 22 26 43 15 14 46 36 38 39 40 41 42 25 26 43 15 14 46 36 38 39 40 41 42 25 26 43 15 14 46 36 38 39 40 41 42 30 31 43 15 14 46 36 38 39 40 41 42 25 26 43 15 14 46 36 38 39 40 41 42 25 ...(+898 more),1391,max_ticks,4,17,4,hold,hold_when_sipp_moves,12499.63977,13259.96023,,,,no,none,none,merge_group,hold_when_sipp_moves,model_or_feature_limited,Train against SIPP next-hop rankings and add shortest-to-goal plus downstream reservation features.,first_divergence,12,,1,
legacy_offset64_merge32,pibt_active_bag_replay,8,72,72:storage_in,72,74,0,47,12486.60448,23400.0,10874.99552,rolling_horizon_sipp,0 6 12 13 23 24 27 28 47,12555.172989999997,0 6 8 11 14 46 36 38 39 40 41 42 25 26 43 15 14 46 36 38 39 40 41 42 25 26 43 15 14 46 36 38 39 40 41 42 25 26 43 15 14 46 36 38 39 40 41 42 30 31 32 33 34 12 13 23 24 27 28 29 30 31 43 15 ...(+626 more),1521,max_ticks,6,12,8,move,different_next_node,12504.63977,10860.16023,,,,no,none,none,merge_group,wrong_branch_vs_sipp,model_or_data_limited,Collect SIPP teacher counterfactual slices and run feature ablations before RL.,first_divergence,2,,2,
legacy_offset64_merge32,pibt_active_bag_replay,10,74,74:storage_in,74,76,1,47,12489.43982,24600.0,12068.56018,rolling_horizon_sipp,1 7 8 11 14 46 36 38 39 47,12573.506479999998,1 7 8 11 14 46 36 38 39 40 41 42 25 26 43 15 14 46 36 38 39 40 41 42 25 26 43 15 14 46 36 38 39 40 41 42 25 26 43 15 14 46 36 38 39 40 41 42 30 31 32 33 34 12 13 23 24 27 28 29 30 31 32 33 ...(+904 more),1382,max_ticks,1,7,1,hold,hold_when_sipp_moves,12499.63977,12058.36023,,,,no,none,none,merge_group,hold_when_sipp_moves,model_or_feature_limited,Train against SIPP next-hop rankings and add shortest-to-goal plus downstream reservation features.,first_divergence,9,,1,
legacy_offset64_merge32,pibt_active_bag_replay,11,75,75:storage_in,75,77,3,47,12490.77417,23400.0,10867.22583,rolling_horizon_sipp,3 16 17 18 22 24 27 28 47,12544.372989999998,3 16 21 23 24 27 28 29 30 31 32 33 34 12 13 23 24 27 28 29 30 31 32 33 34 12 13 23 24 27 28 29 30 31 32 33 34 12 13 23 24 27 28 29 30 31 32 33 34 12 13 23 24 27 28 29 30 31 32 33 34 12 13 23 ...(+654 more),1513,max_ticks,16,17,21,move,different_next_node,12529.63977,10829.96023,,,,no,none,none,merge_group,wrong_branch_vs_sipp,model_or_data_limited,Collect SIPP teacher counterfactual slices and run feature ablations before RL.,first_divergence,2,,2,
legacy_offset64_merge32,pibt_active_bag_replay,16,80,80:storage_in,80,82,0,47,13050.16178,26400.0,13311.43822,rolling_horizon_sipp,0 6 8 11 14 46 36 38 39 47,13183.937819999996,0 6 12 13 23 24 27 28 29 30 31 32 33 34 12 13 23 24 27 28 29 30 31 32 33 34 12 13 23 24 27 28 29 30 31 32 33 34 12 13 23 24 27 28 29 30 31 32 33 34 12 13 23 24 27 28 29 30 31 32 33 34 12 13 ...(+863 more),1314,max_ticks,6,8,12,move,different_next_node,13079.63977,13285.16023,,,,no,none,none,merge_group,wrong_branch_vs_sipp,model_or_data_limited,Collect SIPP teacher counterfactual slices and run feature ablations before RL.,first_divergence,2,,2,
legacy_offset64_merge32,pibt_active_bag_replay,20,84,84:storage_in,84,86,4,47,13059.8454,24000.0,10899.7546,rolling_horizon_sipp,4 17 18 22 24 27 28 47,13138.688279999998,4 17 18 22 26 43 15 14 46 36 38 39 40 41 42 25 26 43 15 14 46 36 38 39 40 41 42 25 26 43 15 14 46 36 38 39 40 41 42 25 26 43 15 14 46 36 38 39 40 41 42 25 26 43 15 14 46 36 38 39 40 41 42 25 ...(+572 more),1453,max_ticks,4,17,4,hold,hold_when_sipp_moves,13074.63977,10884.96023,,,,no,none,none,merge_group,hold_when_sipp_moves,model_or_feature_limited,Train against SIPP next-hop rankings and add shortest-to-goal plus downstream reservation features.,first_divergence,4,,1,
legacy_offset64_merge32,pibt_active_bag_replay,21,85,85:storage_in,85,87,1,47,13060.10649,24000.0,10897.89351,rolling_horizon_sipp,1 7 8 11 13 23 24 27 28 47,13127.88828,1 7 8 11 14 46 36 38 39 40 41 42 25 26 43 15 14 46 36 38 39 40 41 42 25 26 43 15 14 46 36 38 39 40 41 42 25 26 43 15 14 46 36 38 39 40 41 42 25 26 43 15 14 46 36 38 39 40 41 42 25 26 43 15 ...(+572 more),1451,max_ticks,11,13,11,hold,hold_when_sipp_moves,13094.63977,10872.96023,,,,no,none,none,merge_group,hold_when_sipp_moves,model_or_feature_limited,Train against SIPP next-hop rankings and add shortest-to-goal plus downstream reservation features.,first_divergence,4,,4,
legacy_offset64_merge32,pibt_active_bag_replay,24,88,88:storage_in,88,90,2,47,13065.43983,25200.0,12090.96017,rolling_horizon_sipp,2 9 10 15 14 46 36 38 39 47,13154.337819999997,2 9 7 8 11 13 23 24 27 28 29 30 31 32 33 34 12 13 23 24 27 28 29 30 31 32 33 34 12 13 23 24 27 28 29 30 31 32 33 34 12 13 23 24 27 28 29 30 31 32 33 34 12 13 23 24 27 28 29 30 31 32 33 34 ...(+828 more),1337,max_ticks,9,10,7,move,different_next_node,13084.63977,12075.36023,,,,no,none,none,merge_group,wrong_branch_vs_sipp,model_or_data_limited,Collect SIPP teacher counterfactual slices and run feature ablations before RL.,first_divergence,2,,2,
legacy_offset64_merge32,pibt_active_bag_replay,25,89,89:storage_in,89,91,4,47,13067.84538,23100.0,9991.75462,rolling_horizon_sipp,4 17 18 22 24 27 28 47,13117.08828,4 17 18 22 24 27 28 29 30 31 32 33 34 12 13 23 24 27 28 29 30 31 32 33 34 12 13 23 24 27 28 29 30 31 32 33 34 12 13 23 24 27 28 29 30 31 32 33 34 12 13 23 24 27 28 29 30 31 32 33 34 12 13 23 ...(+587 more),1446,max_ticks,4,17,4,hold,hold_when_sipp_moves,13084.63977,9974.96023,,,,no,none,none,merge_group,hold_when_sipp_moves,model_or_feature_limited,Train against SIPP next-hop rankings and add shortest-to-goal plus downstream reservation features.,first_divergence,7,,1,
legacy_offset64_merge32,pibt_active_bag_replay,27,91,91:storage_in,91,93,4,47,13069.4367,25200.0,12090.1633,rolling_horizon_sipp,4 17 18 22 24 27 28 47,13171.088279999996,4 17 18 22 26 43 15 14 46 36 38 39 40 41 42 25 26 43 15 14 46 36 38 39 40 41 42 25 26 43 15 14 46 36 38 39 40 41 42 25 26 43 15 14 46 36 38 39 40 41 42 25 26 43 15 14 46 36 38 39 40 41 42 25 ...(+566 more),1454,max_ticks,4,17,4,hold,hold_when_sipp_moves,13099.63977,12059.96023,,,,no,none,none,merge_group,hold_when_sipp_moves,model_or_feature_limited,Train against SIPP next-hop rankings and add shortest-to-goal plus downstream reservation features.,first_divergence,4,,1,
legacy_offset64_merge32,pibt_active_bag_replay,28,92,92:storage_in,92,94,1,47,13071.49516,27000.0,13886.50484,rolling_horizon_sipp,1 7 8 11 14 46 36 38 39 47,13198.737819999995,1 7 8 11 13 23 24 27 28 29 30 31 32 33 34 12 13 23 24 27 28 29 30 31 32 33 34 12 13 23 24 27 28 29 30 31 32 33 34 12 13 23 24 27 28 29 30 31 32 33 34 12 13 23 24 27 28 29 30 31 32 33 34 12 ...(+812 more),1342,max_ticks,1,7,1,hold,hold_when_sipp_moves,13099.63977,13858.36023,,,,no,none,none,merge_group,hold_when_sipp_moves,model_or_feature_limited,Train against SIPP next-hop rankings and add shortest-to-goal plus downstream reservation features.,first_divergence,4,,1,
legacy_offset64_merge32,pibt_active_bag_replay,29,93,93:storage_in,93,95,2,47,13075.92116,26700.0,13580.47884,rolling_horizon_sipp,2 9 7 8 11 13 23 24 27 28 47,13214.288279999993,2 9 10,1923,max_ticks,9,7,10,move,different_next_node,13109.63977,13550.36023,,,,no,none,none,merge_group,wrong_branch_vs_sipp,model_or_data_limited,Collect SIPP teacher counterfactual slices and run feature ablations before RL.,first_divergence,2,,2,
legacy_offset64_merge32,pibt_active_bag_replay,30,94,94:storage_in,94,96,5,47,13077.44086,25200.0,12082.959139999999,rolling_horizon_sipp,5 19 25 26 43 15 14 46 36 38 39 47,13213.537819999994,5 19 25 26 43 15 14 46 36 38 39 40 41 42 25 26 43 15 14 46 36 38 39 40 41 42 25 26 43 15 14 46 36 38 39 40 41 42 30 31 32 33 34 12 13 23 24 27 28 29 30 31 32 33 34 12 13 23 24 27 28 29 30 31 ...(+850 more),1310,max_ticks,25,26,25,hold,hold_when_sipp_moves,13119.63977,12029.16023,,,,no,none,none,merge_group,hold_when_sipp_moves,model_or_feature_limited,Train against SIPP next-hop rankings and add shortest-to-goal plus downstream reservation features.,first_divergence,11,,3,
legacy_offset64_merge32,pibt_active_bag_replay,31,95,95:storage_in,95,97,0,47,13078.60448,24600.0,11482.99552,rolling_horizon_sipp,0 6 12 13 23 24 27 28 47,13203.488279999994,0 6 8 11 13 23 24 27 28 29 30 31 32 33 34 12 13 23 24 27 28 29 30 31 32 33 34 12 13 23 24 27 28 29 30 31 32 33 34 12 13 23 24 27 28 29 30 31 32 33 34 12 13 23 24 27 28 29 30 31 43 15 14 46 ...(+563 more),1461,max_ticks,6,12,6,hold,hold_when_sipp_moves,13104.63977,11460.16023,,,,no,none,none,merge_group,hold_when_sipp_moves,model_or_feature_limited,Train against SIPP next-hop rankings and add shortest-to-goal plus downstream reservation features.,first_divergence,2,,2,
