scenario,policy_family,slice_scope,task_local_index,task_global_index,segment_id,task_id,source_line,current,goal,ready_time,waiting_time,deadline_slack,decision_ordinal,task_decision_ordinal,proposed_position,executed_next,executed_kind,terminal_reason,fallback_used,safe_candidate_count,candidate_count,blocked_candidate_count,sipp_teacher_next,matches_sipp_next,active_fault_state,node_capacity_state,merge_group_state
legacy_first16,edge_score_event,event_trace,0,0,0:storage_in,0,2,3,47,8267.845453,0.0,13890.154547,1,1,0,16,move,,False,2,2,0,16,True,no,none,none
legacy_first16,edge_score_event,event_trace,0,0,0:storage_in,0,2,16,47,8270.445453,0.0,13889.154547,2,2,0,17,move,,False,3,3,0,17,True,no,none,none
legacy_first16,edge_score_event,event_trace,0,0,0:storage_in,0,2,17,47,8275.045453,0.0,13888.154547,3,3,0,18,move,,False,2,2,0,18,True,no,none,none
legacy_first16,edge_score_event,event_trace,0,0,0:storage_in,0,2,18,47,8277.645453000001,0.0,13887.154546999998,4,4,0,22,move,,False,2,2,0,22,True,no,none,none
legacy_first16,edge_score_event,event_trace,0,0,0:storage_in,0,2,22,47,8287.045453,0.0,13886.154547,5,5,0,24,move,,False,3,3,0,24,True,no,none,none
legacy_first16,edge_score_event,event_trace,0,0,0:storage_in,0,2,24,47,8298.445453,0.0,13885.154547,6,6,0,27,move,,False,2,2,0,27,True,no,none,none
legacy_first16,edge_score_event,event_trace,0,0,0:storage_in,0,2,27,47,8301.045453,0.0,13884.154547,7,7,0,28,move,,False,2,3,1,28,True,no,none,none
legacy_first16,edge_score_event,event_trace,0,0,0:storage_in,0,2,28,47,8312.845453,0.0,13883.154547,8,8,1,47,move,,False,3,3,0,47,True,no,none,none
legacy_first16,edge_score_event,event_trace,1,1,1:storage_in,1,3,4,47,8867.845453,0.0,13291.754547,9,1,0,17,move,,False,2,2,0,17,True,no,none,none
legacy_first16,edge_score_event,event_trace,1,1,1:storage_in,1,3,17,47,8872.445453,0.0,13290.754547,10,2,0,18,move,,False,2,2,0,18,True,no,none,none
legacy_first16,edge_score_event,event_trace,1,1,1:storage_in,1,3,18,47,8875.045453,0.0,13289.754546999999,11,3,0,22,move,,False,2,2,0,22,True,no,none,none
legacy_first16,edge_score_event,event_trace,1,1,1:storage_in,1,3,22,47,8884.445453,0.0,13288.754547,19,4,0,24,move,,False,3,3,0,24,True,no,none,none
legacy_first16,edge_score_event,event_trace,1,1,1:storage_in,1,3,24,47,8895.845453,0.0,13287.754547,28,5,0,27,move,,False,2,2,0,27,True,no,none,none
legacy_first16,edge_score_event,event_trace,1,1,1:storage_in,1,3,27,47,8898.445453,0.0,13286.754547,29,6,0,28,move,,False,2,3,1,28,True,no,none,none
legacy_first16,edge_score_event,event_trace,1,1,1:storage_in,1,3,28,47,8910.245453,0.0,13285.754547,37,7,1,47,move,,False,3,3,0,47,True,no,none,none
legacy_first16,edge_score_event,event_trace,2,2,2:storage_in,2,4,5,47,8875.816299,0.0,13284.583701,12,1,0,19,move,,False,2,2,0,19,True,no,none,none
legacy_first16,edge_score_event,event_trace,2,2,2:storage_in,2,4,19,47,8878.416299,0.0,13283.583701,13,2,0,18,move,,False,3,3,0,18,True,no,none,none
legacy_first16,edge_score_event,event_trace,2,2,2:storage_in,2,4,18,47,8882.216299,0.0,13282.583701,15,3,1,18,hold,,False,1,2,1,22,False,no,none,none
legacy_first16,edge_score_event,event_trace,2,2,2:storage_in,2,4,18,47,8883.216299,1.0,13281.583701,17,4,1,18,hold,,False,1,2,1,22,False,no,none,none
legacy_first16,edge_score_event,event_trace,2,2,2:storage_in,2,4,18,47,8884.216299,2.0,13280.583701,18,5,0,22,move,,False,2,2,0,22,True,no,none,none
legacy_first16,edge_score_event,event_trace,2,2,2:storage_in,2,4,22,47,8893.616299,2.0,13279.583701000001,25,6,2,22,hold,,False,2,3,1,24,False,no,none,none
legacy_first16,edge_score_event,event_trace,2,2,2:storage_in,2,4,22,47,8894.616299,3.0,13278.583701000001,26,7,2,22,hold,,False,2,3,1,24,False,no,none,none
legacy_first16,edge_score_event,event_trace,2,2,2:storage_in,2,4,22,47,8895.616299,4.0,13277.583701000001,27,8,0,24,move,,False,3,3,0,24,True,no,none,none
legacy_first16,edge_score_event,event_trace,2,2,2:storage_in,2,4,24,47,8907.016298999999,4.0,13276.583701000001,35,9,0,27,move,,False,2,2,0,27,True,no,none,none
legacy_first16,edge_score_event,event_trace,2,2,2:storage_in,2,4,27,47,8909.616299,4.0,13275.583701000001,36,10,0,28,move,,False,2,3,1,28,True,no,none,none
legacy_first16,edge_score_event,event_trace,2,2,2:storage_in,2,4,28,47,8921.416298999999,4.0,13274.583701000001,41,11,1,47,move,,False,3,3,0,47,True,no,none,none
legacy_first16,edge_score_event,event_trace,3,3,3:storage_in,3,5,3,47,8880.000872,0.0,13277.999128,14,1,0,16,move,,False,2,2,0,16,True,no,none,none
legacy_first16,edge_score_event,event_trace,3,3,3:storage_in,3,5,16,47,8882.600872,0.0,13276.999128,16,2,0,17,move,,False,3,3,0,17,True,no,none,none
legacy_first16,edge_score_event,event_trace,3,3,3:storage_in,3,5,17,47,8887.200872000001,0.0,13275.999128,20,3,0,18,move,,False,2,2,0,18,True,no,none,none
legacy_first16,edge_score_event,event_trace,3,3,3:storage_in,3,5,18,47,8889.800872000002,0.0,13274.999127999998,21,4,1,18,hold,,False,1,2,1,22,False,no,none,none
legacy_first16,edge_score_event,event_trace,3,3,3:storage_in,3,5,18,47,8890.800872000002,1.0,13273.999127999998,22,5,1,18,hold,,False,1,2,1,22,False,no,none,none
legacy_first16,edge_score_event,event_trace,3,3,3:storage_in,3,5,18,47,8891.800872000002,2.0,13272.999127999998,23,6,1,18,hold,,False,1,2,1,22,False,no,none,none
legacy_first16,edge_score_event,event_trace,3,3,3:storage_in,3,5,18,47,8892.800872000002,3.0,13271.999127999998,24,7,0,22,move,,False,2,2,0,22,True,no,none,none
legacy_first16,edge_score_event,event_trace,3,3,3:storage_in,3,5,22,47,8902.200872000001,3.0,13270.999128,30,8,2,22,hold,,False,2,3,1,24,False,no,none,none
legacy_first16,edge_score_event,event_trace,3,3,3:storage_in,3,5,22,47,8903.200872000001,4.0,13269.999128,31,9,2,22,hold,,False,2,3,1,24,False,no,none,none
legacy_first16,edge_score_event,event_trace,3,3,3:storage_in,3,5,22,47,8904.200872000001,5.0,13268.999128,32,10,2,22,hold,,False,2,3,1,24,False,no,none,none
legacy_first16,edge_score_event,event_trace,3,3,3:storage_in,3,5,22,47,8905.200872000001,6.0,13267.999128,33,11,2,22,hold,,False,2,3,1,24,False,no,none,none
legacy_first16,edge_score_event,event_trace,3,3,3:storage_in,3,5,22,47,8906.200872000001,7.0,13266.999128,34,12,0,24,move,,False,3,3,0,24,True,no,none,none
legacy_first16,edge_score_event,event_trace,3,3,3:storage_in,3,5,24,47,8917.600872,7.0,13265.999128,38,13,0,27,move,,False,2,2,0,27,True,no,none,none
legacy_first16,edge_score_event,event_trace,3,3,3:storage_in,3,5,27,47,8920.200872000001,7.0,13264.999128,39,14,2,27,hold,,False,1,3,2,28,False,no,none,none
legacy_first16,edge_score_event,event_trace,3,3,3:storage_in,3,5,27,47,8921.200872000001,8.0,13263.999128,40,15,0,28,move,,False,2,3,1,28,True,no,none,none
legacy_first16,edge_score_event,event_trace,3,3,3:storage_in,3,5,28,47,8933.000872,8.0,13262.999128,42,16,1,47,move,,False,3,3,0,47,True,no,none,none
legacy_first16,edge_score_event,event_trace,4,4,4:storage_in,4,6,3,47,9462.482986,0.0,12695.517014,43,1,0,16,move,,False,2,2,0,16,True,no,none,none
legacy_first16,edge_score_event,event_trace,4,4,4:storage_in,4,6,16,47,9465.082986000001,0.0,12694.517014,44,2,0,17,move,,False,3,3,0,17,True,no,none,none
legacy_first16,edge_score_event,event_trace,4,4,4:storage_in,4,6,17,47,9469.682986000002,0.0,12693.517014,45,3,0,18,move,,False,2,2,0,18,True,no,none,none
legacy_first16,edge_score_event,event_trace,4,4,4:storage_in,4,6,18,47,9472.282986000002,0.0,12692.517013999997,47,4,0,22,move,,False,2,2,0,22,True,no,none,none
legacy_first16,edge_score_event,event_trace,4,4,4:storage_in,4,6,22,47,9481.682986000002,0.0,12691.517014,53,5,0,24,move,,False,3,3,0,24,True,no,none,none
legacy_first16,edge_score_event,event_trace,4,4,4:storage_in,4,6,24,47,9493.082986000001,0.0,12690.517014,57,6,0,27,move,,False,2,2,0,27,True,no,none,none
legacy_first16,edge_score_event,event_trace,4,4,4:storage_in,4,6,27,47,9495.682986000002,0.0,12689.517014,58,7,0,28,move,,False,2,3,1,28,True,no,none,none
legacy_first16,edge_score_event,event_trace,4,4,4:storage_in,4,6,28,47,9507.482986,0.0,12688.517014,62,8,1,47,move,,False,3,3,0,47,True,no,none,none
legacy_first16,edge_score_event,event_trace,5,5,5:storage_in,5,7,4,47,9470.615484,0.0,13588.984516,46,1,0,17,move,,False,2,2,0,17,True,no,none,none
legacy_first16,edge_score_event,event_trace,5,5,5:storage_in,5,7,17,47,9475.215484,0.0,13587.984516,48,2,0,18,move,,False,2,2,0,18,True,no,none,none
legacy_first16,edge_score_event,event_trace,5,5,5:storage_in,5,7,18,47,9477.815484,0.0,13586.984515999999,49,3,1,18,hold,,False,1,2,1,22,False,no,none,none
legacy_first16,edge_score_event,event_trace,5,5,5:storage_in,5,7,18,47,9478.815484,1.0,13585.984515999999,50,4,1,18,hold,,False,1,2,1,22,False,no,none,none
legacy_first16,edge_score_event,event_trace,5,5,5:storage_in,5,7,18,47,9479.815484,2.0,13584.984515999999,51,5,1,18,hold,,False,1,2,1,22,False,no,none,none
legacy_first16,edge_score_event,event_trace,5,5,5:storage_in,5,7,18,47,9480.815484,3.0,13583.984515999999,52,6,0,22,move,,False,2,2,0,22,True,no,none,none
legacy_first16,edge_score_event,event_trace,5,5,5:storage_in,5,7,22,47,9490.215484,3.0,13582.984516,54,7,2,22,hold,,False,2,3,1,24,False,no,none,none
legacy_first16,edge_score_event,event_trace,5,5,5:storage_in,5,7,22,47,9491.215484,4.0,13581.984516,55,8,2,22,hold,,False,2,3,1,24,False,no,none,none
legacy_first16,edge_score_event,event_trace,5,5,5:storage_in,5,7,22,47,9492.215484,5.0,13580.984516,56,9,0,24,move,,False,3,3,0,24,True,no,none,none
legacy_first16,edge_score_event,event_trace,5,5,5:storage_in,5,7,24,47,9503.615484,5.0,13579.984516,59,10,0,27,move,,False,2,2,0,27,True,no,none,none
legacy_first16,edge_score_event,event_trace,5,5,5:storage_in,5,7,27,47,9506.215484,5.0,13578.984516,60,11,2,27,hold,,False,1,3,2,28,False,no,none,none
legacy_first16,edge_score_event,event_trace,5,5,5:storage_in,5,7,27,47,9507.215484,6.0,13577.984516,61,12,0,28,move,,False,2,3,1,28,True,no,none,none
legacy_first16,edge_score_event,event_trace,5,5,5:storage_in,5,7,28,47,9519.015484,6.0,13576.984516,63,13,1,47,move,,False,3,3,0,47,True,no,none,none
legacy_first16,edge_score_event,event_trace,6,6,6:storage_in,6,8,5,47,10062.62162,0.0,12097.77838,64,1,0,19,move,,False,2,2,0,19,True,no,none,none
legacy_first16,edge_score_event,event_trace,6,6,6:storage_in,6,8,19,47,10065.22162,0.0,12096.77838,65,2,0,18,move,,False,3,3,0,18,True,no,none,none
legacy_first16,edge_score_event,event_trace,6,6,6:storage_in,6,8,18,47,10069.02162,0.0,12095.77838,66,3,0,22,move,,False,2,2,0,22,True,no,none,none
legacy_first16,edge_score_event,event_trace,6,6,6:storage_in,6,8,22,47,10078.42162,0.0,12094.778380000002,69,4,0,24,move,,False,3,3,0,24,True,no,none,none
legacy_first16,edge_score_event,event_trace,6,6,6:storage_in,6,8,24,47,10089.821619999999,0.0,12093.778380000002,77,5,0,27,move,,False,2,2,0,27,True,no,none,none
legacy_first16,edge_score_event,event_trace,6,6,6:storage_in,6,8,27,47,10092.42162,0.0,12092.778380000002,81,6,0,28,move,,False,2,3,1,28,True,no,none,none
legacy_first16,edge_score_event,event_trace,6,6,6:storage_in,6,8,28,47,10104.221619999998,0.0,12091.778380000002,99,7,1,47,move,,False,3,3,0,47,True,no,none,none
legacy_first16,edge_score_event,event_trace,7,7,7:storage_in,7,9,3,47,10073.28213,0.0,12084.71787,67,1,0,16,move,,False,2,2,0,16,True,no,none,none
legacy_first16,edge_score_event,event_trace,7,7,7:storage_in,7,9,16,47,10075.88213,0.0,12083.71787,68,2,0,17,move,,False,3,3,0,17,True,no,none,none
legacy_first16,edge_score_event,event_trace,7,7,7:storage_in,7,9,17,47,10080.48213,0.0,12082.71787,70,3,0,18,move,,False,2,2,0,18,True,no,none,none
legacy_first16,edge_score_event,event_trace,7,7,7:storage_in,7,9,18,47,10083.08213,0.0,12081.717869999999,71,4,0,22,move,,False,2,2,0,22,True,no,none,none
legacy_first16,edge_score_event,event_trace,7,7,7:storage_in,7,9,22,47,10092.48213,0.0,12080.71787,82,5,0,24,move,,False,3,3,0,24,True,no,none,none
legacy_first16,edge_score_event,event_trace,7,7,7:storage_in,7,9,24,47,10103.88213,0.0,12079.71787,98,6,0,27,move,,False,2,2,0,27,True,no,none,none
legacy_first16,edge_score_event,event_trace,7,7,7:storage_in,7,9,27,47,10106.48213,0.0,12078.71787,100,7,0,28,move,,False,2,3,1,28,True,no,none,none
legacy_first16,edge_score_event,event_trace,7,7,7:storage_in,7,9,28,47,10118.28213,0.0,12077.71787,108,8,1,47,move,,False,3,3,0,47,True,no,none,none
legacy_first16,edge_score_event,event_trace,8,8,8:storage_in,8,10,0,47,10084.10648,0.0,13277.49352,72,1,0,6,move,,False,2,2,0,6,True,no,none,none
legacy_first16,edge_score_event,event_trace,8,8,8:storage_in,8,10,6,47,10088.306480000001,0.0,13276.493519999998,75,2,0,8,move,,False,3,3,0,8,True,no,none,none
legacy_first16,edge_score_event,event_trace,8,8,8:storage_in,8,10,8,47,10092.10648,0.0,13272.29352,80,3,0,11,move,,False,2,2,0,11,True,no,none,none
legacy_first16,edge_score_event,event_trace,8,8,8:storage_in,8,10,11,47,10096.306480000001,0.0,13271.29352,87,4,1,14,move,,False,3,3,0,14,True,no,none,none
legacy_first16,edge_score_event,event_trace,8,8,8:storage_in,8,10,14,47,10110.10648,0.0,13248.29352,101,5,0,46,move,,False,2,2,0,46,True,no,none,none
legacy_first16,edge_score_event,event_trace,8,8,8:storage_in,8,10,46,47,10112.70648,0.0,13247.29352,103,6,1,36,move,,False,2,3,1,36,True,no,none,none
legacy_first16,edge_score_event,event_trace,8,8,8:storage_in,8,10,36,47,10128.50648,0.0,13246.29352,120,7,0,38,move,,False,2,3,1,38,True,no,none,none
legacy_first16,edge_score_event,event_trace,8,8,8:storage_in,8,10,38,47,10142.30648,0.0,13245.293520000001,126,8,1,39,move,,False,2,3,1,39,True,no,none,none
legacy_first16,edge_score_event,event_trace,8,8,8:storage_in,8,10,39,47,10151.706479999999,0.0,13244.293520000001,128,9,1,47,move,,False,3,3,0,47,True,no,none,none
legacy_first16,edge_score_event,event_trace,9,9,9:storage_in,9,11,4,47,10085.33414,0.0,13274.26586,73,1,0,17,move,,False,2,2,0,17,True,no,none,none
legacy_first16,edge_score_event,event_trace,9,9,9:storage_in,9,11,17,47,10089.934140000001,0.0,13273.26586,78,2,0,18,move,,False,2,2,0,18,True,no,none,none
legacy_first16,edge_score_event,event_trace,9,9,9:storage_in,9,11,18,47,10092.534140000002,0.0,13272.265859999998,83,3,0,22,move,,False,1,2,1,22,True,no,none,none
legacy_first16,edge_score_event,event_trace,9,9,9:storage_in,9,11,22,47,10101.934140000001,0.0,13271.26586,95,4,2,22,hold,,False,2,3,1,24,False,no,none,none
legacy_first16,edge_score_event,event_trace,9,9,9:storage_in,9,11,22,47,10102.934140000001,1.0,13270.26586,97,5,0,24,move,,False,3,3,0,24,True,no,none,none
legacy_first16,edge_score_event,event_trace,9,9,9:storage_in,9,11,24,47,10114.33414,1.0,13269.26586,105,6,0,27,move,,False,2,2,0,27,True,no,none,none
legacy_first16,edge_score_event,event_trace,9,9,9:storage_in,9,11,27,47,10116.934140000001,1.0,13268.26586,106,7,2,27,hold,,False,1,3,2,28,False,no,none,none
legacy_first16,edge_score_event,event_trace,9,9,9:storage_in,9,11,27,47,10117.934140000001,2.0,13267.26586,107,8,0,28,move,,False,2,3,1,28,True,no,none,none
legacy_first16,edge_score_event,event_trace,9,9,9:storage_in,9,11,28,47,10129.73414,2.0,13266.26586,123,9,1,47,move,,False,3,3,0,47,True,no,none,none
legacy_first16,edge_score_event,event_trace,10,10,10:storage_in,10,12,5,47,10087.97294,0.0,12072.42706,74,1,0,19,move,,False,2,2,0,19,True,no,none,none
legacy_first16,edge_score_event,event_trace,10,10,10:storage_in,10,12,19,47,10090.57294,0.0,12071.42706,79,2,0,18,move,,False,3,3,0,18,True,no,none,none
legacy_first16,edge_score_event,event_trace,10,10,10:storage_in,10,12,18,47,10094.37294,0.0,12070.42706,84,3,1,18,hold,,False,1,2,1,22,False,no,none,none
legacy_first16,edge_score_event,event_trace,10,10,10:storage_in,10,12,18,47,10095.37294,1.0,12069.42706,86,4,1,18,hold,,False,1,2,1,22,False,no,none,none
legacy_first16,edge_score_event,event_trace,10,10,10:storage_in,10,12,18,47,10096.37294,2.0,12068.42706,88,5,1,18,hold,,False,1,2,1,22,False,no,none,none
legacy_first16,edge_score_event,event_trace,10,10,10:storage_in,10,12,18,47,10097.37294,3.0,12067.42706,89,6,1,18,hold,,False,1,2,1,22,False,no,none,none
legacy_first16,edge_score_event,event_trace,10,10,10:storage_in,10,12,18,47,10098.37294,4.0,12066.42706,91,7,1,18,hold,,False,1,2,1,22,False,no,none,none
legacy_first16,edge_score_event,event_trace,10,10,10:storage_in,10,12,18,47,10099.37294,5.0,12065.42706,92,8,1,18,hold,,False,1,2,1,22,False,no,none,none
legacy_first16,edge_score_event,event_trace,10,10,10:storage_in,10,12,18,47,10100.37294,6.0,12064.42706,93,9,1,18,hold,,False,1,2,1,22,False,no,none,none
legacy_first16,edge_score_event,event_trace,10,10,10:storage_in,10,12,18,47,10101.37294,7.0,12063.42706,94,10,0,22,move,,False,2,2,0,22,True,no,none,none
legacy_first16,edge_score_event,event_trace,10,10,10:storage_in,10,12,22,47,10110.772939999999,7.0,12062.427060000002,102,11,1,26,move,,False,2,3,1,24,False,no,none,none
legacy_first16,edge_score_event,event_trace,10,10,10:storage_in,10,12,26,47,10118.572939999998,7.0,12033.427060000002,110,12,0,43,move,,False,2,2,0,,False,no,none,none
legacy_first16,edge_score_event,event_trace,10,10,10:storage_in,10,12,43,47,10121.172939999999,7.0,12032.427060000002,112,13,0,15,move,,False,2,2,0,,False,no,none,none
legacy_first16,edge_score_event,event_trace,10,10,10:storage_in,10,12,15,47,10125.37294,7.0,12031.42706,115,14,0,14,move,,False,2,2,0,,False,no,none,none
legacy_first16,edge_score_event,event_trace,10,10,10:storage_in,10,12,14,47,10127.97294,7.0,12030.42706,119,15,0,46,move,,False,2,2,0,,False,no,none,none
legacy_first16,edge_score_event,event_trace,10,10,10:storage_in,10,12,46,47,10130.57294,7.0,12029.42706,124,16,1,36,move,,False,2,3,1,,False,no,none,none
legacy_first16,edge_score_event,event_trace,10,10,10:storage_in,10,12,36,47,10146.37294,7.0,12028.42706,127,17,0,38,move,,False,2,3,1,,False,no,none,none
legacy_first16,edge_score_event,event_trace,10,10,10:storage_in,10,12,38,47,10160.172939999999,7.0,12027.427060000002,129,18,1,39,move,,False,2,3,1,,False,no,none,none
legacy_first16,edge_score_event,event_trace,10,10,10:storage_in,10,12,39,47,10169.572939999998,7.0,12026.427060000002,130,19,1,47,move,,False,3,3,0,,False,no,none,none
legacy_first16,edge_score_event,event_trace,11,11,11:storage_in,11,13,1,47,10089.43982,0.0,13268.56018,76,1,0,7,move,,False,2,2,0,7,True,no,none,none
legacy_first16,edge_score_event,event_trace,11,11,11:storage_in,11,13,7,47,10095.239819999999,0.0,13267.56018,85,2,0,8,move,,False,2,2,0,8,True,no,none,none
legacy_first16,edge_score_event,event_trace,11,11,11:storage_in,11,13,8,47,10097.83982,0.0,13266.56018,90,3,0,11,move,,False,2,2,0,11,True,no,none,none
legacy_first16,edge_score_event,event_trace,11,11,11:storage_in,11,13,11,47,10102.03982,0.0,13265.56018,96,4,0,13,move,,False,2,3,1,13,True,no,none,none
legacy_first16,edge_score_event,event_trace,11,11,11:storage_in,11,13,13,47,10114.23982,0.0,13264.560179999999,104,5,0,23,move,,False,2,2,0,23,True,no,none,none
legacy_first16,edge_score_event,event_trace,11,11,11:storage_in,11,13,23,47,10118.439820000001,0.0,13263.560179999999,109,6,0,24,move,,False,2,2,0,24,True,no,none,none
legacy_first16,edge_score_event,event_trace,11,11,11:storage_in,11,13,24,47,10121.039820000002,0.0,13262.560179999999,111,7,0,27,move,,False,2,2,0,27,True,no,none,none
legacy_first16,edge_score_event,event_trace,11,11,11:storage_in,11,13,27,47,10123.639820000002,0.0,13261.560179999999,113,8,2,27,hold,,False,1,3,2,28,False,no,none,none
legacy_first16,edge_score_event,event_trace,11,11,11:storage_in,11,13,27,47,10124.639820000002,1.0,13260.560179999999,114,9,2,27,hold,,False,1,3,2,28,False,no,none,none
legacy_first16,edge_score_event,event_trace,11,11,11:storage_in,11,13,27,47,10125.639820000002,2.0,13259.560179999999,116,10,2,27,hold,,False,1,3,2,28,False,no,none,none
legacy_first16,edge_score_event,event_trace,11,11,11:storage_in,11,13,27,47,10126.639820000002,3.0,13258.560179999999,117,11,2,27,hold,,False,1,3,2,28,False,no,none,none
legacy_first16,edge_score_event,event_trace,11,11,11:storage_in,11,13,27,47,10127.639820000002,4.0,13257.560179999999,118,12,2,27,hold,,False,1,3,2,28,False,no,none,none
legacy_first16,edge_score_event,event_trace,11,11,11:storage_in,11,13,27,47,10128.639820000002,5.0,13256.560179999999,121,13,2,27,hold,,False,1,3,2,28,False,no,none,none
legacy_first16,edge_score_event,event_trace,11,11,11:storage_in,11,13,27,47,10129.639820000002,6.0,13255.560179999999,122,14,0,28,move,,False,2,3,1,28,True,no,none,none
legacy_first16,edge_score_event,event_trace,11,11,11:storage_in,11,13,28,47,10141.439820000001,6.0,13254.560179999999,125,15,1,47,move,,False,3,3,0,47,True,no,none,none
legacy_first16,edge_score_event,event_trace,12,12,12:storage_in,12,14,0,47,10645.1686,0.0,13316.4314,131,1,0,6,move,,False,2,2,0,6,True,no,none,none
legacy_first16,edge_score_event,event_trace,12,12,12:storage_in,12,14,6,47,10649.368600000002,0.0,13315.431399999998,132,2,0,8,move,,False,3,3,0,12,False,no,none,none
legacy_first16,edge_score_event,event_trace,12,12,12:storage_in,12,14,8,47,10653.1686,0.0,13311.231399999999,133,3,0,11,move,,False,2,2,0,,False,no,none,none
legacy_first16,edge_score_event,event_trace,12,12,12:storage_in,12,14,11,47,10657.368600000002,0.0,13310.231399999999,134,4,1,14,move,,False,3,3,0,,False,no,none,none
legacy_first16,edge_score_event,event_trace,12,12,12:storage_in,12,14,14,47,10671.1686,0.0,13287.231399999999,137,5,0,46,move,,False,2,2,0,,False,no,none,none
legacy_first16,edge_score_event,event_trace,12,12,12:storage_in,12,14,46,47,10673.768600000001,0.0,13286.231399999999,140,6,1,36,move,,False,2,3,1,,False,no,none,none
legacy_first16,edge_score_event,event_trace,12,12,12:storage_in,12,14,36,47,10689.5686,0.0,13285.231399999999,153,7,0,38,move,,False,2,3,1,,False,no,none,none
legacy_first16,edge_score_event,event_trace,12,12,12:storage_in,12,14,38,47,10703.3686,0.0,13284.2314,162,8,1,39,move,,False,2,3,1,,False,no,none,none
legacy_first16,edge_score_event,event_trace,12,12,12:storage_in,12,14,39,47,10712.7686,0.0,13283.2314,168,9,1,47,move,,False,3,3,0,,False,no,none,none
legacy_first16,edge_score_event,event_trace,13,13,13:storage_in,13,15,4,47,10665.17885,0.0,13594.42115,135,1,0,17,move,,False,2,2,0,17,True,no,none,none
legacy_first16,edge_score_event,event_trace,13,13,13:storage_in,13,15,17,47,10669.77885,0.0,13593.42115,136,2,0,18,move,,False,2,2,0,18,True,no,none,none
legacy_first16,edge_score_event,event_trace,13,13,13:storage_in,13,15,18,47,10672.378850000001,0.0,13592.421149999998,138,3,0,22,move,,False,2,2,0,22,True,no,none,none
legacy_first16,edge_score_event,event_trace,13,13,13:storage_in,13,15,22,47,10681.77885,0.0,13591.42115,147,4,0,24,move,,False,3,3,0,24,True,no,none,none
legacy_first16,edge_score_event,event_trace,13,13,13:storage_in,13,15,24,47,10693.17885,0.0,13590.42115,157,5,0,27,move,,False,2,2,0,27,True,no,none,none
legacy_first16,edge_score_event,event_trace,13,13,13:storage_in,13,15,27,47,10695.77885,0.0,13589.42115,158,6,0,28,move,,False,2,3,1,28,True,no,none,none
legacy_first16,edge_score_event,event_trace,13,13,13:storage_in,13,15,28,47,10707.57885,0.0,13588.42115,164,7,1,47,move,,False,3,3,0,47,True,no,none,none
legacy_first16,edge_score_event,event_trace,14,14,14:storage_in,14,16,5,47,10673.28828,0.0,11487.111719999999,139,1,0,19,move,,False,2,2,0,19,True,no,none,none
legacy_first16,edge_score_event,event_trace,14,14,14:storage_in,14,16,19,47,10675.888280000001,0.0,11486.111719999999,142,2,0,18,move,,False,3,3,0,18,True,no,none,none
legacy_first16,edge_score_event,event_trace,14,14,14:storage_in,14,16,18,47,10679.68828,0.0,11485.111719999999,144,3,1,18,hold,,False,1,2,1,22,False,no,none,none
legacy_first16,edge_score_event,event_trace,14,14,14:storage_in,14,16,18,47,10680.68828,1.0,11484.111719999999,145,4,1,18,hold,,False,1,2,1,22,False,no,none,none
legacy_first16,edge_score_event,event_trace,14,14,14:storage_in,14,16,18,47,10681.68828,2.0,11483.111719999999,146,5,0,22,move,,False,2,2,0,22,True,no,none,none
legacy_first16,edge_score_event,event_trace,14,14,14:storage_in,14,16,22,47,10691.08828,2.0,11482.11172,156,6,1,26,move,,False,2,3,1,24,False,no,none,none
legacy_first16,edge_score_event,event_trace,14,14,14:storage_in,14,16,26,47,10698.88828,2.0,11453.11172,159,7,0,43,move,,False,2,2,0,,False,no,none,none
legacy_first16,edge_score_event,event_trace,14,14,14:storage_in,14,16,43,47,10701.48828,2.0,11452.11172,161,8,0,15,move,,False,2,2,0,,False,no,none,none
legacy_first16,edge_score_event,event_trace,14,14,14:storage_in,14,16,15,47,10705.68828,2.0,11451.111719999999,163,9,0,14,move,,False,2,2,0,,False,no,none,none
legacy_first16,edge_score_event,event_trace,14,14,14:storage_in,14,16,14,47,10708.28828,2.0,11450.111719999999,165,10,0,46,move,,False,2,2,0,,False,no,none,none
legacy_first16,edge_score_event,event_trace,14,14,14:storage_in,14,16,46,47,10710.888280000001,2.0,11449.111719999999,166,11,1,36,move,,False,2,3,1,,False,no,none,none
legacy_first16,edge_score_event,event_trace,14,14,14:storage_in,14,16,36,47,10726.68828,2.0,11448.111719999999,171,12,0,38,move,,False,2,3,1,,False,no,none,none
legacy_first16,edge_score_event,event_trace,14,14,14:storage_in,14,16,38,47,10740.48828,2.0,11447.11172,172,13,1,39,move,,False,2,3,1,,False,no,none,none
legacy_first16,edge_score_event,event_trace,14,14,14:storage_in,14,16,39,47,10749.88828,2.0,11446.11172,173,14,1,47,move,,False,3,3,0,,False,no,none,none
legacy_first16,edge_score_event,event_trace,15,15,15:storage_in,15,17,3,47,10675.8454,0.0,13282.1546,141,1,0,16,move,,False,2,2,0,16,True,no,none,none
legacy_first16,edge_score_event,event_trace,15,15,15:storage_in,15,17,16,47,10678.4454,0.0,13281.1546,143,2,0,17,move,,False,3,3,0,21,False,no,none,none
legacy_first16,edge_score_event,event_trace,15,15,15:storage_in,15,17,17,47,10683.0454,0.0,13280.1546,148,3,0,18,move,,False,2,2,0,,False,no,none,none
legacy_first16,edge_score_event,event_trace,15,15,15:storage_in,15,17,18,47,10685.645400000001,0.0,13279.154599999998,149,4,1,18,hold,,False,1,2,1,,False,no,none,none
legacy_first16,edge_score_event,event_trace,15,15,15:storage_in,15,17,18,47,10686.645400000001,1.0,13278.154599999998,150,5,1,18,hold,,False,1,2,1,,False,no,none,none
legacy_first16,edge_score_event,event_trace,15,15,15:storage_in,15,17,18,47,10687.645400000001,2.0,13277.154599999998,151,6,1,18,hold,,False,1,2,1,,False,no,none,none
legacy_first16,edge_score_event,event_trace,15,15,15:storage_in,15,17,18,47,10688.645400000001,3.0,13276.154599999998,152,7,1,18,hold,,False,1,2,1,,False,no,none,none
legacy_first16,edge_score_event,event_trace,15,15,15:storage_in,15,17,18,47,10689.645400000001,4.0,13275.154599999998,154,8,1,18,hold,,False,1,2,1,,False,no,none,none
legacy_first16,edge_score_event,event_trace,15,15,15:storage_in,15,17,18,47,10690.645400000001,5.0,13274.154599999998,155,9,0,22,move,,False,2,2,0,,False,no,none,none
legacy_first16,edge_score_event,event_trace,15,15,15:storage_in,15,17,22,47,10700.0454,5.0,13273.1546,160,10,0,24,move,,False,3,3,0,,False,no,none,none
legacy_first16,edge_score_event,event_trace,15,15,15:storage_in,15,17,24,47,10711.4454,5.0,13272.1546,167,11,0,27,move,,False,2,2,0,27,True,no,none,none
legacy_first16,edge_score_event,event_trace,15,15,15:storage_in,15,17,27,47,10714.0454,5.0,13271.1546,169,12,0,28,move,,False,2,3,1,28,True,no,none,none
legacy_first16,edge_score_event,event_trace,15,15,15:storage_in,15,17,28,47,10725.8454,5.0,13270.1546,170,13,1,47,move,,False,3,3,0,47,True,no,none,none
legacy_first16,fallback_event,event_trace,0,0,0:storage_in,0,2,3,47,8267.845453,0.0,13890.154547,1,1,-1,16,move,,True,2,2,0,16,True,no,none,none
legacy_first16,fallback_event,event_trace,0,0,0:storage_in,0,2,16,47,8270.445453,0.0,13889.154547,2,2,-1,21,move,,True,3,3,0,17,False,no,none,none
legacy_first16,fallback_event,event_trace,0,0,0:storage_in,0,2,21,47,8294.245453,0.0,13882.954547000001,3,3,-1,23,move,,True,2,2,0,,False,no,none,none
legacy_first16,fallback_event,event_trace,0,0,0:storage_in,0,2,23,47,8300.045452999999,0.0,13881.954547000001,4,4,-1,24,move,,True,2,2,0,,False,no,none,none
legacy_first16,fallback_event,event_trace,0,0,0:storage_in,0,2,24,47,8302.645453,0.0,13880.954547000001,5,5,-1,27,move,,True,2,2,0,27,True,no,none,none
legacy_first16,fallback_event,event_trace,0,0,0:storage_in,0,2,27,47,8305.245453,0.0,13879.954547000001,6,6,-1,28,move,,True,2,3,1,28,True,no,none,none
legacy_first16,fallback_event,event_trace,0,0,0:storage_in,0,2,28,47,8317.045452999999,0.0,13878.954547000001,7,7,-1,47,move,,True,3,3,0,47,True,no,none,none
legacy_first16,fallback_event,event_trace,1,1,1:storage_in,1,3,4,47,8867.845453,0.0,13291.754547,8,1,-1,17,move,,True,2,2,0,17,True,no,none,none
legacy_first16,fallback_event,event_trace,1,1,1:storage_in,1,3,17,47,8872.445453,0.0,13290.754547,9,2,-1,18,move,,True,2,2,0,18,True,no,none,none
legacy_first16,fallback_event,event_trace,1,1,1:storage_in,1,3,18,47,8875.045453,0.0,13289.754546999999,10,3,-1,22,move,,True,2,2,0,22,True,no,none,none
legacy_first16,fallback_event,event_trace,1,1,1:storage_in,1,3,22,47,8884.445453,0.0,13288.754547,18,4,-1,24,move,,True,3,3,0,24,True,no,none,none
legacy_first16,fallback_event,event_trace,1,1,1:storage_in,1,3,24,47,8895.845453,0.0,13287.754547,20,5,-1,27,move,,True,2,2,0,27,True,no,none,none
legacy_first16,fallback_event,event_trace,1,1,1:storage_in,1,3,27,47,8898.445453,0.0,13286.754547,21,6,-1,28,move,,True,2,3,1,28,True,no,none,none
legacy_first16,fallback_event,event_trace,1,1,1:storage_in,1,3,28,47,8910.245453,0.0,13285.754547,26,7,-1,47,move,,True,3,3,0,47,True,no,none,none
legacy_first16,fallback_event,event_trace,2,2,2:storage_in,2,4,5,47,8875.816299,0.0,13284.583701,11,1,-1,19,move,,True,2,2,0,19,True,no,none,none
legacy_first16,fallback_event,event_trace,2,2,2:storage_in,2,4,19,47,8878.416299,0.0,13283.583701,12,2,-1,18,move,,True,3,3,0,18,True,no,none,none
legacy_first16,fallback_event,event_trace,2,2,2:storage_in,2,4,18,47,8882.216299,0.0,13282.583701,14,3,-1,18,hold,,True,1,2,1,22,False,no,none,none
legacy_first16,fallback_event,event_trace,2,2,2:storage_in,2,4,18,47,8883.216299,1.0,13281.583701,16,4,-1,18,hold,,True,1,2,1,22,False,no,none,none
legacy_first16,fallback_event,event_trace,2,2,2:storage_in,2,4,18,47,8884.216299,2.0,13280.583701,17,5,-1,22,move,,True,2,2,0,22,True,no,none,none
legacy_first16,fallback_event,event_trace,2,2,2:storage_in,2,4,22,47,8893.616299,2.0,13279.583701000001,19,6,-1,26,move,,True,2,3,1,24,False,no,none,none
legacy_first16,fallback_event,event_trace,2,2,2:storage_in,2,4,26,47,8901.416298999999,2.0,13250.583701000001,22,7,-1,43,move,,True,2,2,0,,False,no,none,none
legacy_first16,fallback_event,event_trace,2,2,2:storage_in,2,4,43,47,8904.016298999999,2.0,13249.583701000001,23,8,-1,15,move,,True,2,2,0,,False,no,none,none
legacy_first16,fallback_event,event_trace,2,2,2:storage_in,2,4,15,47,8908.216299,2.0,13248.583701,25,9,-1,14,move,,True,2,2,0,,False,no,none,none
legacy_first16,fallback_event,event_trace,2,2,2:storage_in,2,4,14,47,8910.816299,2.0,13247.583701,27,10,-1,46,move,,True,2,2,0,,False,no,none,none
legacy_first16,fallback_event,event_trace,2,2,2:storage_in,2,4,46,47,8913.416299,2.0,13246.583701,29,11,-1,36,move,,True,2,3,1,,False,no,none,none
legacy_first16,fallback_event,event_trace,2,2,2:storage_in,2,4,36,47,8929.216299,2.0,13245.583701,33,12,-1,38,move,,True,2,3,1,,False,no,none,none
legacy_first16,fallback_event,event_trace,2,2,2:storage_in,2,4,38,47,8943.016298999999,2.0,13244.583701000001,34,13,-1,39,move,,True,2,3,1,,False,no,none,none
legacy_first16,fallback_event,event_trace,2,2,2:storage_in,2,4,39,47,8952.416298999999,2.0,13243.583701000001,35,14,-1,47,move,,True,3,3,0,,False,no,none,none
legacy_first16,fallback_event,event_trace,3,3,3:storage_in,3,5,3,47,8880.000872,0.0,13277.999128,13,1,-1,16,move,,True,2,2,0,16,True,no,none,none
legacy_first16,fallback_event,event_trace,3,3,3:storage_in,3,5,16,47,8882.600872,0.0,13276.999128,15,2,-1,21,move,,True,3,3,0,17,False,no,none,none
legacy_first16,fallback_event,event_trace,3,3,3:storage_in,3,5,21,47,8906.400872,0.0,13270.799128,24,3,-1,23,move,,True,2,2,0,,False,no,none,none
legacy_first16,fallback_event,event_trace,3,3,3:storage_in,3,5,23,47,8912.200872,0.0,13269.799128,28,4,-1,24,move,,True,2,2,0,,False,no,none,none
legacy_first16,fallback_event,event_trace,3,3,3:storage_in,3,5,24,47,8914.800872,0.0,13268.799128,30,5,-1,27,move,,True,2,2,0,27,True,no,none,none
legacy_first16,fallback_event,event_trace,3,3,3:storage_in,3,5,27,47,8917.400872,0.0,13267.799128,31,6,-1,28,move,,True,2,3,1,28,True,no,none,none
legacy_first16,fallback_event,event_trace,3,3,3:storage_in,3,5,28,47,8929.200872,0.0,13266.799128,32,7,-1,47,move,,True,3,3,0,47,True,no,none,none
legacy_first16,fallback_event,event_trace,4,4,4:storage_in,4,6,3,47,9462.482986,0.0,12695.517014,36,1,-1,16,move,,True,2,2,0,16,True,no,none,none
legacy_first16,fallback_event,event_trace,4,4,4:storage_in,4,6,16,47,9465.082986000001,0.0,12694.517014,37,2,-1,21,move,,True,3,3,0,17,False,no,none,none
legacy_first16,fallback_event,event_trace,4,4,4:storage_in,4,6,21,47,9488.882986,0.0,12688.317014,42,3,-1,23,move,,True,2,2,0,,False,no,none,none
legacy_first16,fallback_event,event_trace,4,4,4:storage_in,4,6,23,47,9494.682986,0.0,12687.317014,43,4,-1,24,move,,True,2,2,0,,False,no,none,none
legacy_first16,fallback_event,event_trace,4,4,4:storage_in,4,6,24,47,9497.282986,0.0,12686.317014,44,5,-1,27,move,,True,1,2,1,27,True,no,none,none
legacy_first16,fallback_event,event_trace,4,4,4:storage_in,4,6,27,47,9499.882986,0.0,12685.317014,47,6,-1,28,move,,True,2,3,1,28,True,no,none,none
legacy_first16,fallback_event,event_trace,4,4,4:storage_in,4,6,28,47,9511.682986,0.0,12684.317014,58,7,-1,47,move,,True,3,3,0,47,True,no,none,none
legacy_first16,fallback_event,event_trace,5,5,5:storage_in,5,7,4,47,9470.615484,0.0,13588.984516,38,1,-1,17,move,,True,2,2,0,17,True,no,none,none
legacy_first16,fallback_event,event_trace,5,5,5:storage_in,5,7,17,47,9475.215484,0.0,13587.984516,39,2,-1,18,move,,True,2,2,0,18,True,no,none,none
legacy_first16,fallback_event,event_trace,5,5,5:storage_in,5,7,18,47,9477.815484,0.0,13586.984515999999,40,3,-1,22,move,,True,2,2,0,22,True,no,none,none
legacy_first16,fallback_event,event_trace,5,5,5:storage_in,5,7,22,47,9487.215484,0.0,13585.984516,41,4,-1,24,move,,True,3,3,0,24,True,no,none,none
legacy_first16,fallback_event,event_trace,5,5,5:storage_in,5,7,24,47,9498.615484,0.0,13584.984516,45,5,-1,24,hold,,True,1,2,1,27,False,no,none,none
legacy_first16,fallback_event,event_trace,5,5,5:storage_in,5,7,24,47,9499.615484,1.0,13583.984516,46,6,-1,27,move,,True,2,2,0,27,True,no,none,none
legacy_first16,fallback_event,event_trace,5,5,5:storage_in,5,7,27,47,9502.215484,1.0,13582.984516,48,7,-1,27,hold,,True,1,3,2,28,False,no,none,none
legacy_first16,fallback_event,event_trace,5,5,5:storage_in,5,7,27,47,9503.215484,2.0,13581.984516,49,8,-1,27,hold,,True,1,3,2,28,False,no,none,none
legacy_first16,fallback_event,event_trace,5,5,5:storage_in,5,7,27,47,9504.215484,3.0,13580.984516,50,9,-1,27,hold,,True,1,3,2,28,False,no,none,none
legacy_first16,fallback_event,event_trace,5,5,5:storage_in,5,7,27,47,9505.215484,4.0,13579.984516,51,10,-1,27,hold,,True,1,3,2,28,False,no,none,none
legacy_first16,fallback_event,event_trace,5,5,5:storage_in,5,7,27,47,9506.215484,5.0,13578.984516,52,11,-1,27,hold,,True,1,3,2,28,False,no,none,none
legacy_first16,fallback_event,event_trace,5,5,5:storage_in,5,7,27,47,9507.215484,6.0,13577.984516,53,12,-1,27,hold,,True,1,3,2,28,False,no,none,none
legacy_first16,fallback_event,event_trace,5,5,5:storage_in,5,7,27,47,9508.215484,7.0,13576.984516,54,13,-1,27,hold,,True,1,3,2,28,False,no,none,none
legacy_first16,fallback_event,event_trace,5,5,5:storage_in,5,7,27,47,9509.215484,8.0,13575.984516,55,14,-1,27,hold,,True,1,3,2,28,False,no,none,none
legacy_first16,fallback_event,event_trace,5,5,5:storage_in,5,7,27,47,9510.215484,9.0,13574.984516,56,15,-1,27,hold,,True,1,3,2,28,False,no,none,none
legacy_first16,fallback_event,event_trace,5,5,5:storage_in,5,7,27,47,9511.215484,10.0,13573.984516,57,16,-1,28,move,,True,2,3,1,28,True,no,none,none
legacy_first16,fallback_event,event_trace,5,5,5:storage_in,5,7,28,47,9523.015484,10.0,13572.984516,59,17,-1,47,move,,True,3,3,0,47,True,no,none,none
legacy_first16,fallback_event,event_trace,6,6,6:storage_in,6,8,5,47,10062.62162,0.0,12097.77838,60,1,-1,19,move,,True,2,2,0,19,True,no,none,none
legacy_first16,fallback_event,event_trace,6,6,6:storage_in,6,8,19,47,10065.22162,0.0,12096.77838,61,2,-1,18,move,,True,3,3,0,18,True,no,none,none
legacy_first16,fallback_event,event_trace,6,6,6:storage_in,6,8,18,47,10069.02162,0.0,12095.77838,62,3,-1,22,move,,True,2,2,0,22,True,no,none,none
legacy_first16,fallback_event,event_trace,6,6,6:storage_in,6,8,22,47,10078.42162,0.0,12094.778380000002,65,4,-1,24,move,,True,3,3,0,24,True,no,none,none
legacy_first16,fallback_event,event_trace,6,6,6:storage_in,6,8,24,47,10089.821619999999,0.0,12093.778380000002,71,5,-1,27,move,,True,2,2,0,27,True,no,none,none
legacy_first16,fallback_event,event_trace,6,6,6:storage_in,6,8,27,47,10092.42162,0.0,12092.778380000002,74,6,-1,28,move,,True,2,3,1,28,True,no,none,none
legacy_first16,fallback_event,event_trace,6,6,6:storage_in,6,8,28,47,10104.221619999998,0.0,12091.778380000002,90,7,-1,47,move,,True,3,3,0,47,True,no,none,none
legacy_first16,fallback_event,event_trace,7,7,7:storage_in,7,9,3,47,10073.28213,0.0,12084.71787,63,1,-1,16,move,,True,2,2,0,16,True,no,none,none
legacy_first16,fallback_event,event_trace,7,7,7:storage_in,7,9,16,47,10075.88213,0.0,12083.71787,64,2,-1,21,move,,True,3,3,0,17,False,no,none,none
legacy_first16,fallback_event,event_trace,7,7,7:storage_in,7,9,21,47,10099.68213,0.0,12077.517870000001,85,3,-1,23,move,,True,2,2,0,,False,no,none,none
legacy_first16,fallback_event,event_trace,7,7,7:storage_in,7,9,23,47,10105.482129999999,0.0,12076.517870000001,92,4,-1,24,move,,True,2,2,0,,False,no,none,none
legacy_first16,fallback_event,event_trace,7,7,7:storage_in,7,9,24,47,10108.082129999999,0.0,12075.517870000001,93,5,-1,27,move,,True,2,2,0,27,True,no,none,none
legacy_first16,fallback_event,event_trace,7,7,7:storage_in,7,9,27,47,10110.68213,0.0,12074.517870000001,95,6,-1,28,move,,True,2,3,1,28,True,no,none,none
legacy_first16,fallback_event,event_trace,7,7,7:storage_in,7,9,28,47,10122.482129999999,0.0,12073.517870000001,113,7,-1,47,move,,True,3,3,0,47,True,no,none,none
legacy_first16,fallback_event,event_trace,8,8,8:storage_in,8,10,0,47,10084.10648,0.0,13277.49352,66,1,-1,6,move,,True,2,2,0,6,True,no,none,none
legacy_first16,fallback_event,event_trace,8,8,8:storage_in,8,10,6,47,10088.306480000001,0.0,13276.493519999998,69,2,-1,12,move,,True,3,3,0,8,False,no,none,none
legacy_first16,fallback_event,event_trace,8,8,8:storage_in,8,10,12,47,10099.306480000001,0.0,13275.493519999998,83,3,-1,13,move,,True,2,2,0,,False,no,none,none
legacy_first16,fallback_event,event_trace,8,8,8:storage_in,8,10,13,47,10104.306480000001,0.0,13274.493519999998,91,4,-1,23,move,,True,2,2,0,,False,no,none,none
legacy_first16,fallback_event,event_trace,8,8,8:storage_in,8,10,23,47,10108.506480000002,0.0,13273.493519999998,94,5,-1,24,move,,True,2,2,0,,False,no,none,none
legacy_first16,fallback_event,event_trace,8,8,8:storage_in,8,10,24,47,10111.106480000002,0.0,13272.493519999998,97,6,-1,27,move,,True,2,2,0,,False,no,none,none
legacy_first16,fallback_event,event_trace,8,8,8:storage_in,8,10,27,47,10113.706480000003,0.0,13271.493519999998,99,7,-1,27,hold,,True,1,3,2,,False,no,none,none
legacy_first16,fallback_event,event_trace,8,8,8:storage_in,8,10,27,47,10114.706480000003,1.0,13270.493519999998,101,8,-1,27,none,no_safe_action,True,0,3,3,,False,no,none,none
legacy_first16,fallback_event,event_trace,9,9,9:storage_in,9,11,4,47,10085.33414,0.0,13274.26586,67,1,-1,17,move,,True,2,2,0,17,True,no,none,none
legacy_first16,fallback_event,event_trace,9,9,9:storage_in,9,11,17,47,10089.934140000001,0.0,13273.26586,72,2,-1,18,move,,True,2,2,0,18,True,no,none,none
legacy_first16,fallback_event,event_trace,9,9,9:storage_in,9,11,18,47,10092.534140000002,0.0,13272.265859999998,75,3,-1,22,move,,True,1,2,1,22,True,no,none,none
legacy_first16,fallback_event,event_trace,9,9,9:storage_in,9,11,22,47,10101.934140000001,0.0,13271.26586,88,4,-1,24,move,,True,3,3,0,24,True,no,none,none
legacy_first16,fallback_event,event_trace,9,9,9:storage_in,9,11,24,47,10113.33414,0.0,13270.26586,98,5,-1,27,move,,True,2,2,0,27,True,no,none,none
legacy_first16,fallback_event,event_trace,9,9,9:storage_in,9,11,27,47,10115.934140000001,0.0,13269.26586,102,6,-1,27,hold,,True,1,3,2,28,False,no,none,none
legacy_first16,fallback_event,event_trace,9,9,9:storage_in,9,11,27,47,10116.934140000001,1.0,13268.26586,103,7,-1,27,hold,,True,1,3,2,28,False,no,none,none
legacy_first16,fallback_event,event_trace,9,9,9:storage_in,9,11,27,47,10117.934140000001,2.0,13267.26586,104,8,-1,27,hold,,True,1,3,2,28,False,no,none,none
legacy_first16,fallback_event,event_trace,9,9,9:storage_in,9,11,27,47,10118.934140000001,3.0,13266.26586,107,9,-1,27,hold,,True,1,3,2,28,False,no,none,none
legacy_first16,fallback_event,event_trace,9,9,9:storage_in,9,11,27,47,10119.934140000001,4.0,13265.26586,108,10,-1,27,hold,,True,1,3,2,28,False,no,none,none
legacy_first16,fallback_event,event_trace,9,9,9:storage_in,9,11,27,47,10120.934140000001,5.0,13264.26586,109,11,-1,27,hold,,True,1,3,2,28,False,no,none,none
legacy_first16,fallback_event,event_trace,9,9,9:storage_in,9,11,27,47,10121.934140000001,6.0,13263.26586,112,12,-1,28,move,,True,1,3,2,28,True,no,none,none
legacy_first16,fallback_event,event_trace,9,9,9:storage_in,9,11,28,47,10133.73414,6.0,13262.26586,128,13,-1,47,move,,True,3,3,0,47,True,no,none,none
legacy_first16,fallback_event,event_trace,10,10,10:storage_in,10,12,5,47,10087.97294,0.0,12072.42706,68,1,-1,19,move,,True,2,2,0,19,True,no,none,none
legacy_first16,fallback_event,event_trace,10,10,10:storage_in,10,12,19,47,10090.57294,0.0,12071.42706,73,2,-1,18,move,,True,3,3,0,18,True,no,none,none
legacy_first16,fallback_event,event_trace,10,10,10:storage_in,10,12,18,47,10094.37294,0.0,12070.42706,76,3,-1,18,hold,,True,1,2,1,22,False,no,none,none
legacy_first16,fallback_event,event_trace,10,10,10:storage_in,10,12,18,47,10095.37294,1.0,12069.42706,78,4,-1,18,hold,,True,1,2,1,22,False,no,none,none
legacy_first16,fallback_event,event_trace,10,10,10:storage_in,10,12,18,47,10096.37294,2.0,12068.42706,79,5,-1,18,hold,,True,1,2,1,22,False,no,none,none
legacy_first16,fallback_event,event_trace,10,10,10:storage_in,10,12,18,47,10097.37294,3.0,12067.42706,80,6,-1,18,hold,,True,1,2,1,22,False,no,none,none
legacy_first16,fallback_event,event_trace,10,10,10:storage_in,10,12,18,47,10098.37294,4.0,12066.42706,82,7,-1,18,hold,,True,1,2,1,22,False,no,none,none
legacy_first16,fallback_event,event_trace,10,10,10:storage_in,10,12,18,47,10099.37294,5.0,12065.42706,84,8,-1,18,hold,,True,1,2,1,22,False,no,none,none
legacy_first16,fallback_event,event_trace,10,10,10:storage_in,10,12,18,47,10100.37294,6.0,12064.42706,86,9,-1,18,hold,,True,1,2,1,22,False,no,none,none
legacy_first16,fallback_event,event_trace,10,10,10:storage_in,10,12,18,47,10101.37294,7.0,12063.42706,87,10,-1,22,move,,True,2,2,0,22,True,no,none,none
legacy_first16,fallback_event,event_trace,10,10,10:storage_in,10,12,22,47,10110.772939999999,7.0,12062.427060000002,96,11,-1,26,move,,True,2,3,1,24,False,no,none,none
legacy_first16,fallback_event,event_trace,10,10,10:storage_in,10,12,26,47,10118.572939999998,7.0,12033.427060000002,106,12,-1,43,move,,True,2,2,0,,False,no,none,none
legacy_first16,fallback_event,event_trace,10,10,10:storage_in,10,12,43,47,10121.172939999999,7.0,12032.427060000002,111,13,-1,15,move,,True,2,2,0,,False,no,none,none
legacy_first16,fallback_event,event_trace,10,10,10:storage_in,10,12,15,47,10125.37294,7.0,12031.42706,116,14,-1,14,move,,True,2,2,0,,False,no,none,none
legacy_first16,fallback_event,event_trace,10,10,10:storage_in,10,12,14,47,10127.97294,7.0,12030.42706,120,15,-1,46,move,,True,2,2,0,,False,no,none,none
legacy_first16,fallback_event,event_trace,10,10,10:storage_in,10,12,46,47,10130.57294,7.0,12029.42706,123,16,-1,36,move,,True,2,3,1,,False,no,none,none
legacy_first16,fallback_event,event_trace,10,10,10:storage_in,10,12,36,47,10146.37294,7.0,12028.42706,130,17,-1,38,move,,True,2,3,1,,False,no,none,none
legacy_first16,fallback_event,event_trace,10,10,10:storage_in,10,12,38,47,10160.172939999999,7.0,12027.427060000002,131,18,-1,39,move,,True,2,3,1,,False,no,none,none
legacy_first16,fallback_event,event_trace,10,10,10:storage_in,10,12,39,47,10169.572939999998,7.0,12026.427060000002,132,19,-1,47,move,,True,3,3,0,,False,no,none,none
legacy_first16,fallback_event,event_trace,11,11,11:storage_in,11,13,1,47,10089.43982,0.0,13268.56018,70,1,-1,7,move,,True,2,2,0,7,True,no,none,none
legacy_first16,fallback_event,event_trace,11,11,11:storage_in,11,13,7,47,10095.239819999999,0.0,13267.56018,77,2,-1,8,move,,True,2,2,0,8,True,no,none,none
legacy_first16,fallback_event,event_trace,11,11,11:storage_in,11,13,8,47,10097.83982,0.0,13266.56018,81,3,-1,11,move,,True,2,2,0,11,True,no,none,none
legacy_first16,fallback_event,event_trace,11,11,11:storage_in,11,13,11,47,10102.03982,0.0,13265.56018,89,4,-1,13,move,,True,3,3,0,13,True,no,none,none
legacy_first16,fallback_event,event_trace,11,11,11:storage_in,11,13,13,47,10114.23982,0.0,13264.560179999999,100,5,-1,23,move,,True,2,2,0,23,True,no,none,none
legacy_first16,fallback_event,event_trace,11,11,11:storage_in,11,13,23,47,10118.439820000001,0.0,13263.560179999999,105,6,-1,24,move,,True,2,2,0,24,True,no,none,none
legacy_first16,fallback_event,event_trace,11,11,11:storage_in,11,13,24,47,10121.039820000002,0.0,13262.560179999999,110,7,-1,27,move,,True,2,2,0,27,True,no,none,none
legacy_first16,fallback_event,event_trace,11,11,11:storage_in,11,13,27,47,10123.639820000002,0.0,13261.560179999999,114,8,-1,27,hold,,True,1,3,2,28,False,no,none,none
legacy_first16,fallback_event,event_trace,11,11,11:storage_in,11,13,27,47,10124.639820000002,1.0,13260.560179999999,115,9,-1,27,hold,,True,1,3,2,28,False,no,none,none
legacy_first16,fallback_event,event_trace,11,11,11:storage_in,11,13,27,47,10125.639820000002,2.0,13259.560179999999,117,10,-1,27,hold,,True,1,3,2,28,False,no,none,none
legacy_first16,fallback_event,event_trace,11,11,11:storage_in,11,13,27,47,10126.639820000002,3.0,13258.560179999999,118,11,-1,27,hold,,True,1,3,2,28,False,no,none,none
legacy_first16,fallback_event,event_trace,11,11,11:storage_in,11,13,27,47,10127.639820000002,4.0,13257.560179999999,119,12,-1,27,hold,,True,1,3,2,28,False,no,none,none
legacy_first16,fallback_event,event_trace,11,11,11:storage_in,11,13,27,47,10128.639820000002,5.0,13256.560179999999,121,13,-1,27,hold,,True,1,3,2,28,False,no,none,none
legacy_first16,fallback_event,event_trace,11,11,11:storage_in,11,13,27,47,10129.639820000002,6.0,13255.560179999999,122,14,-1,27,hold,,True,1,3,2,28,False,no,none,none
legacy_first16,fallback_event,event_trace,11,11,11:storage_in,11,13,27,47,10130.639820000002,7.0,13254.560179999999,124,15,-1,27,hold,,True,1,3,2,28,False,no,none,none
legacy_first16,fallback_event,event_trace,11,11,11:storage_in,11,13,27,47,10131.639820000002,8.0,13253.560179999999,125,16,-1,27,hold,,True,1,3,2,28,False,no,none,none
legacy_first16,fallback_event,event_trace,11,11,11:storage_in,11,13,27,47,10132.639820000002,9.0,13252.560179999999,126,17,-1,27,hold,,True,1,3,2,28,False,no,none,none
legacy_first16,fallback_event,event_trace,11,11,11:storage_in,11,13,27,47,10133.639820000002,10.0,13251.560179999999,127,18,-1,28,move,,True,2,3,1,28,True,no,none,none
legacy_first16,fallback_event,event_trace,11,11,11:storage_in,11,13,28,47,10145.439820000001,10.0,13250.560179999999,129,19,-1,47,move,,True,3,3,0,47,True,no,none,none
legacy_first16,fallback_event,event_trace,12,12,12:storage_in,12,14,0,47,10645.1686,0.0,13316.4314,133,1,-1,6,move,,True,2,2,0,6,True,no,none,none
legacy_first16,fallback_event,event_trace,12,12,12:storage_in,12,14,6,47,10649.368600000002,0.0,13315.431399999998,134,2,-1,12,move,,True,3,3,0,12,True,no,none,none
legacy_first16,fallback_event,event_trace,12,12,12:storage_in,12,14,12,47,10660.368600000002,0.0,13314.431399999998,135,3,-1,13,move,,True,2,2,0,13,True,no,none,none
legacy_first16,fallback_event,event_trace,12,12,12:storage_in,12,14,13,47,10665.368600000002,0.0,13313.431399999998,137,4,-1,23,move,,True,2,2,0,23,True,no,none,none
legacy_first16,fallback_event,event_trace,12,12,12:storage_in,12,14,23,47,10669.568600000002,0.0,13312.431399999998,138,5,-1,24,move,,True,2,2,0,24,True,no,none,none
legacy_first16,fallback_event,event_trace,12,12,12:storage_in,12,14,24,47,10672.168600000003,0.0,13311.431399999998,140,6,-1,27,move,,True,2,2,0,27,True,no,none,none
legacy_first16,fallback_event,event_trace,12,12,12:storage_in,12,14,27,47,10674.768600000003,0.0,13310.431399999998,143,7,-1,28,move,,True,2,3,1,28,True,no,none,none
legacy_first16,fallback_event,event_trace,12,12,12:storage_in,12,14,28,47,10686.568600000002,0.0,13309.431399999998,151,8,-1,47,move,,True,3,3,0,47,True,no,none,none
legacy_first16,fallback_event,event_trace,13,13,13:storage_in,13,15,4,47,10665.17885,0.0,13594.42115,136,1,-1,17,move,,True,2,2,0,17,True,no,none,none
legacy_first16,fallback_event,event_trace,13,13,13:storage_in,13,15,17,47,10669.77885,0.0,13593.42115,139,2,-1,18,move,,True,2,2,0,18,True,no,none,none
legacy_first16,fallback_event,event_trace,13,13,13:storage_in,13,15,18,47,10672.378850000001,0.0,13592.421149999998,141,3,-1,22,move,,True,2,2,0,22,True,no,none,none
legacy_first16,fallback_event,event_trace,13,13,13:storage_in,13,15,22,47,10681.77885,0.0,13591.42115,150,4,-1,24,move,,True,3,3,0,24,True,no,none,none
legacy_first16,fallback_event,event_trace,13,13,13:storage_in,13,15,24,47,10693.17885,0.0,13590.42115,153,5,-1,27,move,,True,2,2,0,27,True,no,none,none
legacy_first16,fallback_event,event_trace,13,13,13:storage_in,13,15,27,47,10695.77885,0.0,13589.42115,154,6,-1,28,move,,True,2,3,1,28,True,no,none,none
legacy_first16,fallback_event,event_trace,13,13,13:storage_in,13,15,28,47,10707.57885,0.0,13588.42115,159,7,-1,47,move,,True,3,3,0,47,True,no,none,none
legacy_first16,fallback_event,event_trace,14,14,14:storage_in,14,16,5,47,10673.28828,0.0,11487.111719999999,142,1,-1,19,move,,True,2,2,0,19,True,no,none,none
legacy_first16,fallback_event,event_trace,14,14,14:storage_in,14,16,19,47,10675.888280000001,0.0,11486.111719999999,145,2,-1,18,move,,True,3,3,0,18,True,no,none,none
legacy_first16,fallback_event,event_trace,14,14,14:storage_in,14,16,18,47,10679.68828,0.0,11485.111719999999,147,3,-1,18,hold,,True,1,2,1,22,False,no,none,none
legacy_first16,fallback_event,event_trace,14,14,14:storage_in,14,16,18,47,10680.68828,1.0,11484.111719999999,148,4,-1,18,hold,,True,1,2,1,22,False,no,none,none
legacy_first16,fallback_event,event_trace,14,14,14:storage_in,14,16,18,47,10681.68828,2.0,11483.111719999999,149,5,-1,22,move,,True,2,2,0,22,True,no,none,none
legacy_first16,fallback_event,event_trace,14,14,14:storage_in,14,16,22,47,10691.08828,2.0,11482.11172,152,6,-1,26,move,,True,2,3,1,24,False,no,none,none
legacy_first16,fallback_event,event_trace,14,14,14:storage_in,14,16,26,47,10698.88828,2.0,11453.11172,155,7,-1,43,move,,True,2,2,0,,False,no,none,none
legacy_first16,fallback_event,event_trace,14,14,14:storage_in,14,16,43,47,10701.48828,2.0,11452.11172,156,8,-1,15,move,,True,2,2,0,,False,no,none,none
legacy_first16,fallback_event,event_trace,14,14,14:storage_in,14,16,15,47,10705.68828,2.0,11451.111719999999,158,9,-1,14,move,,True,2,2,0,,False,no,none,none
legacy_first16,fallback_event,event_trace,14,14,14:storage_in,14,16,14,47,10708.28828,2.0,11450.111719999999,161,10,-1,46,move,,True,2,2,0,,False,no,none,none
legacy_first16,fallback_event,event_trace,14,14,14:storage_in,14,16,46,47,10710.888280000001,2.0,11449.111719999999,163,11,-1,36,move,,True,2,3,1,,False,no,none,none
legacy_first16,fallback_event,event_trace,14,14,14:storage_in,14,16,36,47,10726.68828,2.0,11448.111719999999,166,12,-1,38,move,,True,2,3,1,,False,no,none,none
legacy_first16,fallback_event,event_trace,14,14,14:storage_in,14,16,38,47,10740.48828,2.0,11447.11172,167,13,-1,39,move,,True,2,3,1,,False,no,none,none
legacy_first16,fallback_event,event_trace,14,14,14:storage_in,14,16,39,47,10749.88828,2.0,11446.11172,168,14,-1,47,move,,True,3,3,0,,False,no,none,none
legacy_first16,fallback_event,event_trace,15,15,15:storage_in,15,17,3,47,10675.8454,0.0,13282.1546,144,1,-1,16,move,,True,2,2,0,16,True,no,none,none
legacy_first16,fallback_event,event_trace,15,15,15:storage_in,15,17,16,47,10678.4454,0.0,13281.1546,146,2,-1,21,move,,True,3,3,0,21,True,no,none,none
legacy_first16,fallback_event,event_trace,15,15,15:storage_in,15,17,21,47,10702.2454,0.0,13274.954600000001,157,3,-1,23,move,,True,2,2,0,23,True,no,none,none
legacy_first16,fallback_event,event_trace,15,15,15:storage_in,15,17,23,47,10708.045399999999,0.0,13273.954600000001,160,4,-1,24,move,,True,2,2,0,24,True,no,none,none
legacy_first16,fallback_event,event_trace,15,15,15:storage_in,15,17,24,47,10710.6454,0.0,13272.954600000001,162,5,-1,27,move,,True,2,2,0,27,True,no,none,none
legacy_first16,fallback_event,event_trace,15,15,15:storage_in,15,17,27,47,10713.2454,0.0,13271.954600000001,164,6,-1,28,move,,True,2,3,1,28,True,no,none,none
legacy_first16,fallback_event,event_trace,15,15,15:storage_in,15,17,28,47,10725.045399999999,0.0,13270.954600000001,165,7,-1,47,move,,True,3,3,0,47,True,no,none,none
legacy_first16_buffer2,edge_score_event,event_trace,0,0,0:storage_in,0,2,3,47,8267.845453,0.0,13890.154547,1,1,0,16,move,,False,2,2,0,16,True,no,28:2;47:2,none
legacy_first16_buffer2,edge_score_event,event_trace,0,0,0:storage_in,0,2,16,47,8270.445453,0.0,13889.154547,2,2,0,17,move,,False,3,3,0,17,True,no,28:2;47:2,none
legacy_first16_buffer2,edge_score_event,event_trace,0,0,0:storage_in,0,2,17,47,8275.045453,0.0,13888.154547,3,3,0,18,move,,False,2,2,0,18,True,no,28:2;47:2,none
legacy_first16_buffer2,edge_score_event,event_trace,0,0,0:storage_in,0,2,18,47,8277.645453000001,0.0,13887.154546999998,4,4,0,22,move,,False,2,2,0,22,True,no,28:2;47:2,none
legacy_first16_buffer2,edge_score_event,event_trace,0,0,0:storage_in,0,2,22,47,8287.045453,0.0,13886.154547,5,5,0,24,move,,False,3,3,0,24,True,no,28:2;47:2,none
legacy_first16_buffer2,edge_score_event,event_trace,0,0,0:storage_in,0,2,24,47,8298.445453,0.0,13885.154547,6,6,0,27,move,,False,2,2,0,27,True,no,28:2;47:2,none
legacy_first16_buffer2,edge_score_event,event_trace,0,0,0:storage_in,0,2,27,47,8301.045453,0.0,13884.154547,7,7,0,28,move,,False,2,3,1,28,True,no,28:2;47:2,none
legacy_first16_buffer2,edge_score_event,event_trace,0,0,0:storage_in,0,2,28,47,8312.845453,0.0,13883.154547,8,8,1,47,move,,False,3,3,0,47,True,no,28:2;47:2,none
legacy_first16_buffer2,edge_score_event,event_trace,1,1,1:storage_in,1,3,4,47,8867.845453,0.0,13291.754547,9,1,0,17,move,,False,2,2,0,17,True,no,28:2;47:2,none
legacy_first16_buffer2,edge_score_event,event_trace,1,1,1:storage_in,1,3,17,47,8872.445453,0.0,13290.754547,10,2,0,18,move,,False,2,2,0,18,True,no,28:2;47:2,none
legacy_first16_buffer2,edge_score_event,event_trace,1,1,1:storage_in,1,3,18,47,8875.045453,0.0,13289.754546999999,11,3,0,22,move,,False,2,2,0,22,True,no,28:2;47:2,none
legacy_first16_buffer2,edge_score_event,event_trace,1,1,1:storage_in,1,3,22,47,8884.445453,0.0,13288.754547,19,4,0,24,move,,False,3,3,0,24,True,no,28:2;47:2,none
legacy_first16_buffer2,edge_score_event,event_trace,1,1,1:storage_in,1,3,24,47,8895.845453,0.0,13287.754547,28,5,0,27,move,,False,2,2,0,27,True,no,28:2;47:2,none
legacy_first16_buffer2,edge_score_event,event_trace,1,1,1:storage_in,1,3,27,47,8898.445453,0.0,13286.754547,29,6,0,28,move,,False,2,3,1,28,True,no,28:2;47:2,none
legacy_first16_buffer2,edge_score_event,event_trace,1,1,1:storage_in,1,3,28,47,8910.245453,0.0,13285.754547,37,7,1,47,move,,False,3,3,0,47,True,no,28:2;47:2,none
legacy_first16_buffer2,edge_score_event,event_trace,2,2,2:storage_in,2,4,5,47,8875.816299,0.0,13284.583701,12,1,0,19,move,,False,2,2,0,19,True,no,28:2;47:2,none
legacy_first16_buffer2,edge_score_event,event_trace,2,2,2:storage_in,2,4,19,47,8878.416299,0.0,13283.583701,13,2,0,18,move,,False,3,3,0,18,True,no,28:2;47:2,none
legacy_first16_buffer2,edge_score_event,event_trace,2,2,2:storage_in,2,4,18,47,8882.216299,0.0,13282.583701,15,3,1,18,hold,,False,1,2,1,22,False,no,28:2;47:2,none
legacy_first16_buffer2,edge_score_event,event_trace,2,2,2:storage_in,2,4,18,47,8883.216299,1.0,13281.583701,17,4,1,18,hold,,False,1,2,1,22,False,no,28:2;47:2,none
legacy_first16_buffer2,edge_score_event,event_trace,2,2,2:storage_in,2,4,18,47,8884.216299,2.0,13280.583701,18,5,0,22,move,,False,2,2,0,22,True,no,28:2;47:2,none
legacy_first16_buffer2,edge_score_event,event_trace,2,2,2:storage_in,2,4,22,47,8893.616299,2.0,13279.583701000001,25,6,2,22,hold,,False,2,3,1,24,False,no,28:2;47:2,none
legacy_first16_buffer2,edge_score_event,event_trace,2,2,2:storage_in,2,4,22,47,8894.616299,3.0,13278.583701000001,26,7,2,22,hold,,False,2,3,1,24,False,no,28:2;47:2,none
legacy_first16_buffer2,edge_score_event,event_trace,2,2,2:storage_in,2,4,22,47,8895.616299,4.0,13277.583701000001,27,8,0,24,move,,False,3,3,0,24,True,no,28:2;47:2,none
legacy_first16_buffer2,edge_score_event,event_trace,2,2,2:storage_in,2,4,24,47,8907.016298999999,4.0,13276.583701000001,35,9,0,27,move,,False,2,2,0,27,True,no,28:2;47:2,none
legacy_first16_buffer2,edge_score_event,event_trace,2,2,2:storage_in,2,4,27,47,8909.616299,4.0,13275.583701000001,36,10,0,28,move,,False,2,3,1,28,True,no,28:2;47:2,none
legacy_first16_buffer2,edge_score_event,event_trace,2,2,2:storage_in,2,4,28,47,8921.416298999999,4.0,13274.583701000001,41,11,1,47,move,,False,3,3,0,47,True,no,28:2;47:2,none
legacy_first16_buffer2,edge_score_event,event_trace,3,3,3:storage_in,3,5,3,47,8880.000872,0.0,13277.999128,14,1,0,16,move,,False,2,2,0,16,True,no,28:2;47:2,none
legacy_first16_buffer2,edge_score_event,event_trace,3,3,3:storage_in,3,5,16,47,8882.600872,0.0,13276.999128,16,2,0,17,move,,False,3,3,0,17,True,no,28:2;47:2,none
legacy_first16_buffer2,edge_score_event,event_trace,3,3,3:storage_in,3,5,17,47,8887.200872000001,0.0,13275.999128,20,3,0,18,move,,False,2,2,0,18,True,no,28:2;47:2,none
legacy_first16_buffer2,edge_score_event,event_trace,3,3,3:storage_in,3,5,18,47,8889.800872000002,0.0,13274.999127999998,21,4,1,18,hold,,False,1,2,1,22,False,no,28:2;47:2,none
legacy_first16_buffer2,edge_score_event,event_trace,3,3,3:storage_in,3,5,18,47,8890.800872000002,1.0,13273.999127999998,22,5,1,18,hold,,False,1,2,1,22,False,no,28:2;47:2,none
legacy_first16_buffer2,edge_score_event,event_trace,3,3,3:storage_in,3,5,18,47,8891.800872000002,2.0,13272.999127999998,23,6,1,18,hold,,False,1,2,1,22,False,no,28:2;47:2,none
legacy_first16_buffer2,edge_score_event,event_trace,3,3,3:storage_in,3,5,18,47,8892.800872000002,3.0,13271.999127999998,24,7,0,22,move,,False,2,2,0,22,True,no,28:2;47:2,none
legacy_first16_buffer2,edge_score_event,event_trace,3,3,3:storage_in,3,5,22,47,8902.200872000001,3.0,13270.999128,30,8,2,22,hold,,False,2,3,1,24,False,no,28:2;47:2,none
legacy_first16_buffer2,edge_score_event,event_trace,3,3,3:storage_in,3,5,22,47,8903.200872000001,4.0,13269.999128,31,9,2,22,hold,,False,2,3,1,24,False,no,28:2;47:2,none
legacy_first16_buffer2,edge_score_event,event_trace,3,3,3:storage_in,3,5,22,47,8904.200872000001,5.0,13268.999128,32,10,2,22,hold,,False,2,3,1,24,False,no,28:2;47:2,none
legacy_first16_buffer2,edge_score_event,event_trace,3,3,3:storage_in,3,5,22,47,8905.200872000001,6.0,13267.999128,33,11,2,22,hold,,False,2,3,1,24,False,no,28:2;47:2,none
legacy_first16_buffer2,edge_score_event,event_trace,3,3,3:storage_in,3,5,22,47,8906.200872000001,7.0,13266.999128,34,12,0,24,move,,False,3,3,0,24,True,no,28:2;47:2,none
legacy_first16_buffer2,edge_score_event,event_trace,3,3,3:storage_in,3,5,24,47,8917.600872,7.0,13265.999128,38,13,0,27,move,,False,2,2,0,27,True,no,28:2;47:2,none
legacy_first16_buffer2,edge_score_event,event_trace,3,3,3:storage_in,3,5,27,47,8920.200872000001,7.0,13264.999128,39,14,2,27,hold,,False,1,3,2,28,False,no,28:2;47:2,none
legacy_first16_buffer2,edge_score_event,event_trace,3,3,3:storage_in,3,5,27,47,8921.200872000001,8.0,13263.999128,40,15,0,28,move,,False,2,3,1,28,True,no,28:2;47:2,none
legacy_first16_buffer2,edge_score_event,event_trace,3,3,3:storage_in,3,5,28,47,8933.000872,8.0,13262.999128,42,16,1,47,move,,False,3,3,0,47,True,no,28:2;47:2,none
legacy_first16_buffer2,edge_score_event,event_trace,4,4,4:storage_in,4,6,3,47,9462.482986,0.0,12695.517014,43,1,0,16,move,,False,2,2,0,16,True,no,28:2;47:2,none
legacy_first16_buffer2,edge_score_event,event_trace,4,4,4:storage_in,4,6,16,47,9465.082986000001,0.0,12694.517014,44,2,0,17,move,,False,3,3,0,17,True,no,28:2;47:2,none
legacy_first16_buffer2,edge_score_event,event_trace,4,4,4:storage_in,4,6,17,47,9469.682986000002,0.0,12693.517014,45,3,0,18,move,,False,2,2,0,18,True,no,28:2;47:2,none
legacy_first16_buffer2,edge_score_event,event_trace,4,4,4:storage_in,4,6,18,47,9472.282986000002,0.0,12692.517013999997,47,4,0,22,move,,False,2,2,0,22,True,no,28:2;47:2,none
legacy_first16_buffer2,edge_score_event,event_trace,4,4,4:storage_in,4,6,22,47,9481.682986000002,0.0,12691.517014,53,5,0,24,move,,False,3,3,0,24,True,no,28:2;47:2,none
legacy_first16_buffer2,edge_score_event,event_trace,4,4,4:storage_in,4,6,24,47,9493.082986000001,0.0,12690.517014,57,6,0,27,move,,False,2,2,0,27,True,no,28:2;47:2,none
legacy_first16_buffer2,edge_score_event,event_trace,4,4,4:storage_in,4,6,27,47,9495.682986000002,0.0,12689.517014,58,7,0,28,move,,False,2,3,1,28,True,no,28:2;47:2,none
legacy_first16_buffer2,edge_score_event,event_trace,4,4,4:storage_in,4,6,28,47,9507.482986,0.0,12688.517014,62,8,1,47,move,,False,3,3,0,47,True,no,28:2;47:2,none
legacy_first16_buffer2,edge_score_event,event_trace,5,5,5:storage_in,5,7,4,47,9470.615484,0.0,13588.984516,46,1,0,17,move,,False,2,2,0,17,True,no,28:2;47:2,none
legacy_first16_buffer2,edge_score_event,event_trace,5,5,5:storage_in,5,7,17,47,9475.215484,0.0,13587.984516,48,2,0,18,move,,False,2,2,0,18,True,no,28:2;47:2,none
legacy_first16_buffer2,edge_score_event,event_trace,5,5,5:storage_in,5,7,18,47,9477.815484,0.0,13586.984515999999,49,3,1,18,hold,,False,1,2,1,22,False,no,28:2;47:2,none
legacy_first16_buffer2,edge_score_event,event_trace,5,5,5:storage_in,5,7,18,47,9478.815484,1.0,13585.984515999999,50,4,1,18,hold,,False,1,2,1,22,False,no,28:2;47:2,none
legacy_first16_buffer2,edge_score_event,event_trace,5,5,5:storage_in,5,7,18,47,9479.815484,2.0,13584.984515999999,51,5,1,18,hold,,False,1,2,1,22,False,no,28:2;47:2,none
legacy_first16_buffer2,edge_score_event,event_trace,5,5,5:storage_in,5,7,18,47,9480.815484,3.0,13583.984515999999,52,6,0,22,move,,False,2,2,0,22,True,no,28:2;47:2,none
legacy_first16_buffer2,edge_score_event,event_trace,5,5,5:storage_in,5,7,22,47,9490.215484,3.0,13582.984516,54,7,2,22,hold,,False,2,3,1,24,False,no,28:2;47:2,none
legacy_first16_buffer2,edge_score_event,event_trace,5,5,5:storage_in,5,7,22,47,9491.215484,4.0,13581.984516,55,8,2,22,hold,,False,2,3,1,24,False,no,28:2;47:2,none
legacy_first16_buffer2,edge_score_event,event_trace,5,5,5:storage_in,5,7,22,47,9492.215484,5.0,13580.984516,56,9,0,24,move,,False,3,3,0,24,True,no,28:2;47:2,none
legacy_first16_buffer2,edge_score_event,event_trace,5,5,5:storage_in,5,7,24,47,9503.615484,5.0,13579.984516,59,10,0,27,move,,False,2,2,0,27,True,no,28:2;47:2,none
legacy_first16_buffer2,edge_score_event,event_trace,5,5,5:storage_in,5,7,27,47,9506.215484,5.0,13578.984516,60,11,2,27,hold,,False,1,3,2,28,False,no,28:2;47:2,none
legacy_first16_buffer2,edge_score_event,event_trace,5,5,5:storage_in,5,7,27,47,9507.215484,6.0,13577.984516,61,12,0,28,move,,False,2,3,1,28,True,no,28:2;47:2,none
legacy_first16_buffer2,edge_score_event,event_trace,5,5,5:storage_in,5,7,28,47,9519.015484,6.0,13576.984516,63,13,1,47,move,,False,3,3,0,47,True,no,28:2;47:2,none
legacy_first16_buffer2,edge_score_event,event_trace,6,6,6:storage_in,6,8,5,47,10062.62162,0.0,12097.77838,64,1,0,19,move,,False,2,2,0,19,True,no,28:2;47:2,none
legacy_first16_buffer2,edge_score_event,event_trace,6,6,6:storage_in,6,8,19,47,10065.22162,0.0,12096.77838,65,2,0,18,move,,False,3,3,0,18,True,no,28:2;47:2,none
legacy_first16_buffer2,edge_score_event,event_trace,6,6,6:storage_in,6,8,18,47,10069.02162,0.0,12095.77838,66,3,0,22,move,,False,2,2,0,22,True,no,28:2;47:2,none
legacy_first16_buffer2,edge_score_event,event_trace,6,6,6:storage_in,6,8,22,47,10078.42162,0.0,12094.778380000002,69,4,0,24,move,,False,3,3,0,24,True,no,28:2;47:2,none
legacy_first16_buffer2,edge_score_event,event_trace,6,6,6:storage_in,6,8,24,47,10089.821619999999,0.0,12093.778380000002,77,5,0,27,move,,False,2,2,0,27,True,no,28:2;47:2,none
legacy_first16_buffer2,edge_score_event,event_trace,6,6,6:storage_in,6,8,27,47,10092.42162,0.0,12092.778380000002,81,6,0,28,move,,False,2,3,1,28,True,no,28:2;47:2,none
legacy_first16_buffer2,edge_score_event,event_trace,6,6,6:storage_in,6,8,28,47,10104.221619999998,0.0,12091.778380000002,99,7,1,47,move,,False,3,3,0,47,True,no,28:2;47:2,none
legacy_first16_buffer2,edge_score_event,event_trace,7,7,7:storage_in,7,9,3,47,10073.28213,0.0,12084.71787,67,1,0,16,move,,False,2,2,0,16,True,no,28:2;47:2,none
legacy_first16_buffer2,edge_score_event,event_trace,7,7,7:storage_in,7,9,16,47,10075.88213,0.0,12083.71787,68,2,0,17,move,,False,3,3,0,17,True,no,28:2;47:2,none
legacy_first16_buffer2,edge_score_event,event_trace,7,7,7:storage_in,7,9,17,47,10080.48213,0.0,12082.71787,70,3,0,18,move,,False,2,2,0,18,True,no,28:2;47:2,none
legacy_first16_buffer2,edge_score_event,event_trace,7,7,7:storage_in,7,9,18,47,10083.08213,0.0,12081.717869999999,71,4,0,22,move,,False,2,2,0,22,True,no,28:2;47:2,none
legacy_first16_buffer2,edge_score_event,event_trace,7,7,7:storage_in,7,9,22,47,10092.48213,0.0,12080.71787,82,5,0,24,move,,False,3,3,0,24,True,no,28:2;47:2,none
legacy_first16_buffer2,edge_score_event,event_trace,7,7,7:storage_in,7,9,24,47,10103.88213,0.0,12079.71787,98,6,0,27,move,,False,2,2,0,27,True,no,28:2;47:2,none
legacy_first16_buffer2,edge_score_event,event_trace,7,7,7:storage_in,7,9,27,47,10106.48213,0.0,12078.71787,100,7,0,28,move,,False,2,3,1,28,True,no,28:2;47:2,none
legacy_first16_buffer2,edge_score_event,event_trace,7,7,7:storage_in,7,9,28,47,10118.28213,0.0,12077.71787,108,8,1,47,move,,False,3,3,0,47,True,no,28:2;47:2,none
legacy_first16_buffer2,edge_score_event,event_trace,8,8,8:storage_in,8,10,0,47,10084.10648,0.0,13277.49352,72,1,0,6,move,,False,2,2,0,6,True,no,28:2;47:2,none
legacy_first16_buffer2,edge_score_event,event_trace,8,8,8:storage_in,8,10,6,47,10088.306480000001,0.0,13276.493519999998,75,2,0,8,move,,False,3,3,0,8,True,no,28:2;47:2,none
legacy_first16_buffer2,edge_score_event,event_trace,8,8,8:storage_in,8,10,8,47,10092.10648,0.0,13272.29352,80,3,0,11,move,,False,2,2,0,11,True,no,28:2;47:2,none
legacy_first16_buffer2,edge_score_event,event_trace,8,8,8:storage_in,8,10,11,47,10096.306480000001,0.0,13271.29352,87,4,1,14,move,,False,3,3,0,14,True,no,28:2;47:2,none
legacy_first16_buffer2,edge_score_event,event_trace,8,8,8:storage_in,8,10,14,47,10110.10648,0.0,13248.29352,101,5,0,46,move,,False,2,2,0,46,True,no,28:2;47:2,none
legacy_first16_buffer2,edge_score_event,event_trace,8,8,8:storage_in,8,10,46,47,10112.70648,0.0,13247.29352,103,6,1,36,move,,False,2,3,1,36,True,no,28:2;47:2,none
legacy_first16_buffer2,edge_score_event,event_trace,8,8,8:storage_in,8,10,36,47,10128.50648,0.0,13246.29352,120,7,0,38,move,,False,2,3,1,38,True,no,28:2;47:2,none
legacy_first16_buffer2,edge_score_event,event_trace,8,8,8:storage_in,8,10,38,47,10142.30648,0.0,13245.293520000001,126,8,1,39,move,,False,2,3,1,39,True,no,28:2;47:2,none
legacy_first16_buffer2,edge_score_event,event_trace,8,8,8:storage_in,8,10,39,47,10151.706479999999,0.0,13244.293520000001,128,9,1,47,move,,False,3,3,0,47,True,no,28:2;47:2,none
legacy_first16_buffer2,edge_score_event,event_trace,9,9,9:storage_in,9,11,4,47,10085.33414,0.0,13274.26586,73,1,0,17,move,,False,2,2,0,17,True,no,28:2;47:2,none
legacy_first16_buffer2,edge_score_event,event_trace,9,9,9:storage_in,9,11,17,47,10089.934140000001,0.0,13273.26586,78,2,0,18,move,,False,2,2,0,18,True,no,28:2;47:2,none
legacy_first16_buffer2,edge_score_event,event_trace,9,9,9:storage_in,9,11,18,47,10092.534140000002,0.0,13272.265859999998,83,3,0,22,move,,False,1,2,1,22,True,no,28:2;47:2,none
legacy_first16_buffer2,edge_score_event,event_trace,9,9,9:storage_in,9,11,22,47,10101.934140000001,0.0,13271.26586,95,4,2,22,hold,,False,2,3,1,24,False,no,28:2;47:2,none
legacy_first16_buffer2,edge_score_event,event_trace,9,9,9:storage_in,9,11,22,47,10102.934140000001,1.0,13270.26586,97,5,0,24,move,,False,3,3,0,24,True,no,28:2;47:2,none
legacy_first16_buffer2,edge_score_event,event_trace,9,9,9:storage_in,9,11,24,47,10114.33414,1.0,13269.26586,105,6,0,27,move,,False,2,2,0,27,True,no,28:2;47:2,none
legacy_first16_buffer2,edge_score_event,event_trace,9,9,9:storage_in,9,11,27,47,10116.934140000001,1.0,13268.26586,106,7,2,27,hold,,False,1,3,2,28,False,no,28:2;47:2,none
legacy_first16_buffer2,edge_score_event,event_trace,9,9,9:storage_in,9,11,27,47,10117.934140000001,2.0,13267.26586,107,8,0,28,move,,False,2,3,1,28,True,no,28:2;47:2,none
legacy_first16_buffer2,edge_score_event,event_trace,9,9,9:storage_in,9,11,28,47,10129.73414,2.0,13266.26586,123,9,1,47,move,,False,3,3,0,47,True,no,28:2;47:2,none
legacy_first16_buffer2,edge_score_event,event_trace,10,10,10:storage_in,10,12,5,47,10087.97294,0.0,12072.42706,74,1,0,19,move,,False,2,2,0,19,True,no,28:2;47:2,none
legacy_first16_buffer2,edge_score_event,event_trace,10,10,10:storage_in,10,12,19,47,10090.57294,0.0,12071.42706,79,2,0,18,move,,False,3,3,0,18,True,no,28:2;47:2,none
legacy_first16_buffer2,edge_score_event,event_trace,10,10,10:storage_in,10,12,18,47,10094.37294,0.0,12070.42706,84,3,1,18,hold,,False,1,2,1,22,False,no,28:2;47:2,none
legacy_first16_buffer2,edge_score_event,event_trace,10,10,10:storage_in,10,12,18,47,10095.37294,1.0,12069.42706,86,4,1,18,hold,,False,1,2,1,22,False,no,28:2;47:2,none
legacy_first16_buffer2,edge_score_event,event_trace,10,10,10:storage_in,10,12,18,47,10096.37294,2.0,12068.42706,88,5,1,18,hold,,False,1,2,1,22,False,no,28:2;47:2,none
legacy_first16_buffer2,edge_score_event,event_trace,10,10,10:storage_in,10,12,18,47,10097.37294,3.0,12067.42706,89,6,1,18,hold,,False,1,2,1,22,False,no,28:2;47:2,none
legacy_first16_buffer2,edge_score_event,event_trace,10,10,10:storage_in,10,12,18,47,10098.37294,4.0,12066.42706,91,7,1,18,hold,,False,1,2,1,22,False,no,28:2;47:2,none
legacy_first16_buffer2,edge_score_event,event_trace,10,10,10:storage_in,10,12,18,47,10099.37294,5.0,12065.42706,92,8,1,18,hold,,False,1,2,1,22,False,no,28:2;47:2,none
legacy_first16_buffer2,edge_score_event,event_trace,10,10,10:storage_in,10,12,18,47,10100.37294,6.0,12064.42706,93,9,1,18,hold,,False,1,2,1,22,False,no,28:2;47:2,none
legacy_first16_buffer2,edge_score_event,event_trace,10,10,10:storage_in,10,12,18,47,10101.37294,7.0,12063.42706,94,10,0,22,move,,False,2,2,0,22,True,no,28:2;47:2,none
legacy_first16_buffer2,edge_score_event,event_trace,10,10,10:storage_in,10,12,22,47,10110.772939999999,7.0,12062.427060000002,102,11,1,26,move,,False,2,3,1,24,False,no,28:2;47:2,none
legacy_first16_buffer2,edge_score_event,event_trace,10,10,10:storage_in,10,12,26,47,10118.572939999998,7.0,12033.427060000002,110,12,0,43,move,,False,2,2,0,,False,no,28:2;47:2,none
legacy_first16_buffer2,edge_score_event,event_trace,10,10,10:storage_in,10,12,43,47,10121.172939999999,7.0,12032.427060000002,112,13,0,15,move,,False,2,2,0,,False,no,28:2;47:2,none
legacy_first16_buffer2,edge_score_event,event_trace,10,10,10:storage_in,10,12,15,47,10125.37294,7.0,12031.42706,115,14,0,14,move,,False,2,2,0,,False,no,28:2;47:2,none
legacy_first16_buffer2,edge_score_event,event_trace,10,10,10:storage_in,10,12,14,47,10127.97294,7.0,12030.42706,119,15,0,46,move,,False,2,2,0,,False,no,28:2;47:2,none
legacy_first16_buffer2,edge_score_event,event_trace,10,10,10:storage_in,10,12,46,47,10130.57294,7.0,12029.42706,124,16,1,36,move,,False,2,3,1,,False,no,28:2;47:2,none
legacy_first16_buffer2,edge_score_event,event_trace,10,10,10:storage_in,10,12,36,47,10146.37294,7.0,12028.42706,127,17,0,38,move,,False,2,3,1,,False,no,28:2;47:2,none
legacy_first16_buffer2,edge_score_event,event_trace,10,10,10:storage_in,10,12,38,47,10160.172939999999,7.0,12027.427060000002,129,18,1,39,move,,False,2,3,1,,False,no,28:2;47:2,none
legacy_first16_buffer2,edge_score_event,event_trace,10,10,10:storage_in,10,12,39,47,10169.572939999998,7.0,12026.427060000002,130,19,1,47,move,,False,3,3,0,,False,no,28:2;47:2,none
legacy_first16_buffer2,edge_score_event,event_trace,11,11,11:storage_in,11,13,1,47,10089.43982,0.0,13268.56018,76,1,0,7,move,,False,2,2,0,7,True,no,28:2;47:2,none
legacy_first16_buffer2,edge_score_event,event_trace,11,11,11:storage_in,11,13,7,47,10095.239819999999,0.0,13267.56018,85,2,0,8,move,,False,2,2,0,8,True,no,28:2;47:2,none
legacy_first16_buffer2,edge_score_event,event_trace,11,11,11:storage_in,11,13,8,47,10097.83982,0.0,13266.56018,90,3,0,11,move,,False,2,2,0,11,True,no,28:2;47:2,none
legacy_first16_buffer2,edge_score_event,event_trace,11,11,11:storage_in,11,13,11,47,10102.03982,0.0,13265.56018,96,4,0,13,move,,False,2,3,1,13,True,no,28:2;47:2,none
legacy_first16_buffer2,edge_score_event,event_trace,11,11,11:storage_in,11,13,13,47,10114.23982,0.0,13264.560179999999,104,5,0,23,move,,False,2,2,0,23,True,no,28:2;47:2,none
legacy_first16_buffer2,edge_score_event,event_trace,11,11,11:storage_in,11,13,23,47,10118.439820000001,0.0,13263.560179999999,109,6,0,24,move,,False,2,2,0,24,True,no,28:2;47:2,none
legacy_first16_buffer2,edge_score_event,event_trace,11,11,11:storage_in,11,13,24,47,10121.039820000002,0.0,13262.560179999999,111,7,0,27,move,,False,2,2,0,27,True,no,28:2;47:2,none
legacy_first16_buffer2,edge_score_event,event_trace,11,11,11:storage_in,11,13,27,47,10123.639820000002,0.0,13261.560179999999,113,8,2,27,hold,,False,1,3,2,28,False,no,28:2;47:2,none
legacy_first16_buffer2,edge_score_event,event_trace,11,11,11:storage_in,11,13,27,47,10124.639820000002,1.0,13260.560179999999,114,9,2,27,hold,,False,1,3,2,28,False,no,28:2;47:2,none
legacy_first16_buffer2,edge_score_event,event_trace,11,11,11:storage_in,11,13,27,47,10125.639820000002,2.0,13259.560179999999,116,10,2,27,hold,,False,1,3,2,28,False,no,28:2;47:2,none
legacy_first16_buffer2,edge_score_event,event_trace,11,11,11:storage_in,11,13,27,47,10126.639820000002,3.0,13258.560179999999,117,11,2,27,hold,,False,1,3,2,28,False,no,28:2;47:2,none
legacy_first16_buffer2,edge_score_event,event_trace,11,11,11:storage_in,11,13,27,47,10127.639820000002,4.0,13257.560179999999,118,12,2,27,hold,,False,1,3,2,28,False,no,28:2;47:2,none
legacy_first16_buffer2,edge_score_event,event_trace,11,11,11:storage_in,11,13,27,47,10128.639820000002,5.0,13256.560179999999,121,13,2,27,hold,,False,1,3,2,28,False,no,28:2;47:2,none
legacy_first16_buffer2,edge_score_event,event_trace,11,11,11:storage_in,11,13,27,47,10129.639820000002,6.0,13255.560179999999,122,14,0,28,move,,False,2,3,1,28,True,no,28:2;47:2,none
legacy_first16_buffer2,edge_score_event,event_trace,11,11,11:storage_in,11,13,28,47,10141.439820000001,6.0,13254.560179999999,125,15,1,47,move,,False,3,3,0,47,True,no,28:2;47:2,none
legacy_first16_buffer2,edge_score_event,event_trace,12,12,12:storage_in,12,14,0,47,10645.1686,0.0,13316.4314,131,1,0,6,move,,False,2,2,0,6,True,no,28:2;47:2,none
legacy_first16_buffer2,edge_score_event,event_trace,12,12,12:storage_in,12,14,6,47,10649.368600000002,0.0,13315.431399999998,132,2,0,8,move,,False,3,3,0,12,False,no,28:2;47:2,none
legacy_first16_buffer2,edge_score_event,event_trace,12,12,12:storage_in,12,14,8,47,10653.1686,0.0,13311.231399999999,133,3,0,11,move,,False,2,2,0,,False,no,28:2;47:2,none
legacy_first16_buffer2,edge_score_event,event_trace,12,12,12:storage_in,12,14,11,47,10657.368600000002,0.0,13310.231399999999,134,4,1,14,move,,False,3,3,0,,False,no,28:2;47:2,none
legacy_first16_buffer2,edge_score_event,event_trace,12,12,12:storage_in,12,14,14,47,10671.1686,0.0,13287.231399999999,137,5,0,46,move,,False,2,2,0,,False,no,28:2;47:2,none
legacy_first16_buffer2,edge_score_event,event_trace,12,12,12:storage_in,12,14,46,47,10673.768600000001,0.0,13286.231399999999,140,6,1,36,move,,False,2,3,1,,False,no,28:2;47:2,none
legacy_first16_buffer2,edge_score_event,event_trace,12,12,12:storage_in,12,14,36,47,10689.5686,0.0,13285.231399999999,153,7,0,38,move,,False,2,3,1,,False,no,28:2;47:2,none
legacy_first16_buffer2,edge_score_event,event_trace,12,12,12:storage_in,12,14,38,47,10703.3686,0.0,13284.2314,162,8,1,39,move,,False,2,3,1,,False,no,28:2;47:2,none
legacy_first16_buffer2,edge_score_event,event_trace,12,12,12:storage_in,12,14,39,47,10712.7686,0.0,13283.2314,168,9,1,47,move,,False,3,3,0,,False,no,28:2;47:2,none
legacy_first16_buffer2,edge_score_event,event_trace,13,13,13:storage_in,13,15,4,47,10665.17885,0.0,13594.42115,135,1,0,17,move,,False,2,2,0,17,True,no,28:2;47:2,none
legacy_first16_buffer2,edge_score_event,event_trace,13,13,13:storage_in,13,15,17,47,10669.77885,0.0,13593.42115,136,2,0,18,move,,False,2,2,0,18,True,no,28:2;47:2,none
legacy_first16_buffer2,edge_score_event,event_trace,13,13,13:storage_in,13,15,18,47,10672.378850000001,0.0,13592.421149999998,138,3,0,22,move,,False,2,2,0,22,True,no,28:2;47:2,none
legacy_first16_buffer2,edge_score_event,event_trace,13,13,13:storage_in,13,15,22,47,10681.77885,0.0,13591.42115,147,4,0,24,move,,False,3,3,0,24,True,no,28:2;47:2,none
legacy_first16_buffer2,edge_score_event,event_trace,13,13,13:storage_in,13,15,24,47,10693.17885,0.0,13590.42115,157,5,0,27,move,,False,2,2,0,27,True,no,28:2;47:2,none
legacy_first16_buffer2,edge_score_event,event_trace,13,13,13:storage_in,13,15,27,47,10695.77885,0.0,13589.42115,158,6,0,28,move,,False,2,3,1,28,True,no,28:2;47:2,none
legacy_first16_buffer2,edge_score_event,event_trace,13,13,13:storage_in,13,15,28,47,10707.57885,0.0,13588.42115,164,7,1,47,move,,False,3,3,0,47,True,no,28:2;47:2,none
legacy_first16_buffer2,edge_score_event,event_trace,14,14,14:storage_in,14,16,5,47,10673.28828,0.0,11487.111719999999,139,1,0,19,move,,False,2,2,0,19,True,no,28:2;47:2,none
legacy_first16_buffer2,edge_score_event,event_trace,14,14,14:storage_in,14,16,19,47,10675.888280000001,0.0,11486.111719999999,142,2,0,18,move,,False,3,3,0,18,True,no,28:2;47:2,none
legacy_first16_buffer2,edge_score_event,event_trace,14,14,14:storage_in,14,16,18,47,10679.68828,0.0,11485.111719999999,144,3,1,18,hold,,False,1,2,1,22,False,no,28:2;47:2,none
legacy_first16_buffer2,edge_score_event,event_trace,14,14,14:storage_in,14,16,18,47,10680.68828,1.0,11484.111719999999,145,4,1,18,hold,,False,1,2,1,22,False,no,28:2;47:2,none
legacy_first16_buffer2,edge_score_event,event_trace,14,14,14:storage_in,14,16,18,47,10681.68828,2.0,11483.111719999999,146,5,0,22,move,,False,2,2,0,22,True,no,28:2;47:2,none
legacy_first16_buffer2,edge_score_event,event_trace,14,14,14:storage_in,14,16,22,47,10691.08828,2.0,11482.11172,156,6,1,26,move,,False,2,3,1,24,False,no,28:2;47:2,none
legacy_first16_buffer2,edge_score_event,event_trace,14,14,14:storage_in,14,16,26,47,10698.88828,2.0,11453.11172,159,7,0,43,move,,False,2,2,0,,False,no,28:2;47:2,none
legacy_first16_buffer2,edge_score_event,event_trace,14,14,14:storage_in,14,16,43,47,10701.48828,2.0,11452.11172,161,8,0,15,move,,False,2,2,0,,False,no,28:2;47:2,none
legacy_first16_buffer2,edge_score_event,event_trace,14,14,14:storage_in,14,16,15,47,10705.68828,2.0,11451.111719999999,163,9,0,14,move,,False,2,2,0,,False,no,28:2;47:2,none
legacy_first16_buffer2,edge_score_event,event_trace,14,14,14:storage_in,14,16,14,47,10708.28828,2.0,11450.111719999999,165,10,0,46,move,,False,2,2,0,,False,no,28:2;47:2,none
legacy_first16_buffer2,edge_score_event,event_trace,14,14,14:storage_in,14,16,46,47,10710.888280000001,2.0,11449.111719999999,166,11,1,36,move,,False,2,3,1,,False,no,28:2;47:2,none
legacy_first16_buffer2,edge_score_event,event_trace,14,14,14:storage_in,14,16,36,47,10726.68828,2.0,11448.111719999999,171,12,0,38,move,,False,2,3,1,,False,no,28:2;47:2,none
legacy_first16_buffer2,edge_score_event,event_trace,14,14,14:storage_in,14,16,38,47,10740.48828,2.0,11447.11172,172,13,1,39,move,,False,2,3,1,,False,no,28:2;47:2,none
legacy_first16_buffer2,edge_score_event,event_trace,14,14,14:storage_in,14,16,39,47,10749.88828,2.0,11446.11172,173,14,1,47,move,,False,3,3,0,,False,no,28:2;47:2,none
legacy_first16_buffer2,edge_score_event,event_trace,15,15,15:storage_in,15,17,3,47,10675.8454,0.0,13282.1546,141,1,0,16,move,,False,2,2,0,16,True,no,28:2;47:2,none
legacy_first16_buffer2,edge_score_event,event_trace,15,15,15:storage_in,15,17,16,47,10678.4454,0.0,13281.1546,143,2,0,17,move,,False,3,3,0,21,False,no,28:2;47:2,none
legacy_first16_buffer2,edge_score_event,event_trace,15,15,15:storage_in,15,17,17,47,10683.0454,0.0,13280.1546,148,3,0,18,move,,False,2,2,0,,False,no,28:2;47:2,none
legacy_first16_buffer2,edge_score_event,event_trace,15,15,15:storage_in,15,17,18,47,10685.645400000001,0.0,13279.154599999998,149,4,1,18,hold,,False,1,2,1,,False,no,28:2;47:2,none
legacy_first16_buffer2,edge_score_event,event_trace,15,15,15:storage_in,15,17,18,47,10686.645400000001,1.0,13278.154599999998,150,5,1,18,hold,,False,1,2,1,,False,no,28:2;47:2,none
legacy_first16_buffer2,edge_score_event,event_trace,15,15,15:storage_in,15,17,18,47,10687.645400000001,2.0,13277.154599999998,151,6,1,18,hold,,False,1,2,1,,False,no,28:2;47:2,none
legacy_first16_buffer2,edge_score_event,event_trace,15,15,15:storage_in,15,17,18,47,10688.645400000001,3.0,13276.154599999998,152,7,1,18,hold,,False,1,2,1,,False,no,28:2;47:2,none
legacy_first16_buffer2,edge_score_event,event_trace,15,15,15:storage_in,15,17,18,47,10689.645400000001,4.0,13275.154599999998,154,8,1,18,hold,,False,1,2,1,,False,no,28:2;47:2,none
legacy_first16_buffer2,edge_score_event,event_trace,15,15,15:storage_in,15,17,18,47,10690.645400000001,5.0,13274.154599999998,155,9,0,22,move,,False,2,2,0,,False,no,28:2;47:2,none
legacy_first16_buffer2,edge_score_event,event_trace,15,15,15:storage_in,15,17,22,47,10700.0454,5.0,13273.1546,160,10,0,24,move,,False,3,3,0,,False,no,28:2;47:2,none
legacy_first16_buffer2,edge_score_event,event_trace,15,15,15:storage_in,15,17,24,47,10711.4454,5.0,13272.1546,167,11,0,27,move,,False,2,2,0,27,True,no,28:2;47:2,none
legacy_first16_buffer2,edge_score_event,event_trace,15,15,15:storage_in,15,17,27,47,10714.0454,5.0,13271.1546,169,12,0,28,move,,False,2,3,1,28,True,no,28:2;47:2,none
legacy_first16_buffer2,edge_score_event,event_trace,15,15,15:storage_in,15,17,28,47,10725.8454,5.0,13270.1546,170,13,1,47,move,,False,3,3,0,47,True,no,28:2;47:2,none
legacy_first16_buffer2,fallback_event,event_trace,0,0,0:storage_in,0,2,3,47,8267.845453,0.0,13890.154547,1,1,-1,16,move,,True,2,2,0,16,True,no,28:2;47:2,none
legacy_first16_buffer2,fallback_event,event_trace,0,0,0:storage_in,0,2,16,47,8270.445453,0.0,13889.154547,2,2,-1,21,move,,True,3,3,0,17,False,no,28:2;47:2,none
legacy_first16_buffer2,fallback_event,event_trace,0,0,0:storage_in,0,2,21,47,8294.245453,0.0,13882.954547000001,3,3,-1,23,move,,True,2,2,0,,False,no,28:2;47:2,none
legacy_first16_buffer2,fallback_event,event_trace,0,0,0:storage_in,0,2,23,47,8300.045452999999,0.0,13881.954547000001,4,4,-1,24,move,,True,2,2,0,,False,no,28:2;47:2,none
legacy_first16_buffer2,fallback_event,event_trace,0,0,0:storage_in,0,2,24,47,8302.645453,0.0,13880.954547000001,5,5,-1,27,move,,True,2,2,0,27,True,no,28:2;47:2,none
legacy_first16_buffer2,fallback_event,event_trace,0,0,0:storage_in,0,2,27,47,8305.245453,0.0,13879.954547000001,6,6,-1,28,move,,True,2,3,1,28,True,no,28:2;47:2,none
legacy_first16_buffer2,fallback_event,event_trace,0,0,0:storage_in,0,2,28,47,8317.045452999999,0.0,13878.954547000001,7,7,-1,47,move,,True,3,3,0,47,True,no,28:2;47:2,none
legacy_first16_buffer2,fallback_event,event_trace,1,1,1:storage_in,1,3,4,47,8867.845453,0.0,13291.754547,8,1,-1,17,move,,True,2,2,0,17,True,no,28:2;47:2,none
legacy_first16_buffer2,fallback_event,event_trace,1,1,1:storage_in,1,3,17,47,8872.445453,0.0,13290.754547,9,2,-1,18,move,,True,2,2,0,18,True,no,28:2;47:2,none
legacy_first16_buffer2,fallback_event,event_trace,1,1,1:storage_in,1,3,18,47,8875.045453,0.0,13289.754546999999,10,3,-1,22,move,,True,2,2,0,22,True,no,28:2;47:2,none
legacy_first16_buffer2,fallback_event,event_trace,1,1,1:storage_in,1,3,22,47,8884.445453,0.0,13288.754547,18,4,-1,24,move,,True,3,3,0,24,True,no,28:2;47:2,none
legacy_first16_buffer2,fallback_event,event_trace,1,1,1:storage_in,1,3,24,47,8895.845453,0.0,13287.754547,20,5,-1,27,move,,True,2,2,0,27,True,no,28:2;47:2,none
legacy_first16_buffer2,fallback_event,event_trace,1,1,1:storage_in,1,3,27,47,8898.445453,0.0,13286.754547,21,6,-1,28,move,,True,2,3,1,28,True,no,28:2;47:2,none
legacy_first16_buffer2,fallback_event,event_trace,1,1,1:storage_in,1,3,28,47,8910.245453,0.0,13285.754547,26,7,-1,47,move,,True,3,3,0,47,True,no,28:2;47:2,none
legacy_first16_buffer2,fallback_event,event_trace,2,2,2:storage_in,2,4,5,47,8875.816299,0.0,13284.583701,11,1,-1,19,move,,True,2,2,0,19,True,no,28:2;47:2,none
legacy_first16_buffer2,fallback_event,event_trace,2,2,2:storage_in,2,4,19,47,8878.416299,0.0,13283.583701,12,2,-1,18,move,,True,3,3,0,18,True,no,28:2;47:2,none
legacy_first16_buffer2,fallback_event,event_trace,2,2,2:storage_in,2,4,18,47,8882.216299,0.0,13282.583701,14,3,-1,18,hold,,True,1,2,1,22,False,no,28:2;47:2,none
legacy_first16_buffer2,fallback_event,event_trace,2,2,2:storage_in,2,4,18,47,8883.216299,1.0,13281.583701,16,4,-1,18,hold,,True,1,2,1,22,False,no,28:2;47:2,none
legacy_first16_buffer2,fallback_event,event_trace,2,2,2:storage_in,2,4,18,47,8884.216299,2.0,13280.583701,17,5,-1,22,move,,True,2,2,0,22,True,no,28:2;47:2,none
legacy_first16_buffer2,fallback_event,event_trace,2,2,2:storage_in,2,4,22,47,8893.616299,2.0,13279.583701000001,19,6,-1,26,move,,True,2,3,1,24,False,no,28:2;47:2,none
legacy_first16_buffer2,fallback_event,event_trace,2,2,2:storage_in,2,4,26,47,8901.416298999999,2.0,13250.583701000001,22,7,-1,43,move,,True,2,2,0,,False,no,28:2;47:2,none
legacy_first16_buffer2,fallback_event,event_trace,2,2,2:storage_in,2,4,43,47,8904.016298999999,2.0,13249.583701000001,23,8,-1,15,move,,True,2,2,0,,False,no,28:2;47:2,none
legacy_first16_buffer2,fallback_event,event_trace,2,2,2:storage_in,2,4,15,47,8908.216299,2.0,13248.583701,25,9,-1,14,move,,True,2,2,0,,False,no,28:2;47:2,none
legacy_first16_buffer2,fallback_event,event_trace,2,2,2:storage_in,2,4,14,47,8910.816299,2.0,13247.583701,27,10,-1,46,move,,True,2,2,0,,False,no,28:2;47:2,none
legacy_first16_buffer2,fallback_event,event_trace,2,2,2:storage_in,2,4,46,47,8913.416299,2.0,13246.583701,29,11,-1,36,move,,True,2,3,1,,False,no,28:2;47:2,none
legacy_first16_buffer2,fallback_event,event_trace,2,2,2:storage_in,2,4,36,47,8929.216299,2.0,13245.583701,33,12,-1,38,move,,True,2,3,1,,False,no,28:2;47:2,none
legacy_first16_buffer2,fallback_event,event_trace,2,2,2:storage_in,2,4,38,47,8943.016298999999,2.0,13244.583701000001,34,13,-1,39,move,,True,2,3,1,,False,no,28:2;47:2,none
legacy_first16_buffer2,fallback_event,event_trace,2,2,2:storage_in,2,4,39,47,8952.416298999999,2.0,13243.583701000001,35,14,-1,47,move,,True,3,3,0,,False,no,28:2;47:2,none
legacy_first16_buffer2,fallback_event,event_trace,3,3,3:storage_in,3,5,3,47,8880.000872,0.0,13277.999128,13,1,-1,16,move,,True,2,2,0,16,True,no,28:2;47:2,none
legacy_first16_buffer2,fallback_event,event_trace,3,3,3:storage_in,3,5,16,47,8882.600872,0.0,13276.999128,15,2,-1,21,move,,True,3,3,0,17,False,no,28:2;47:2,none
legacy_first16_buffer2,fallback_event,event_trace,3,3,3:storage_in,3,5,21,47,8906.400872,0.0,13270.799128,24,3,-1,23,move,,True,2,2,0,,False,no,28:2;47:2,none
legacy_first16_buffer2,fallback_event,event_trace,3,3,3:storage_in,3,5,23,47,8912.200872,0.0,13269.799128,28,4,-1,24,move,,True,2,2,0,,False,no,28:2;47:2,none
legacy_first16_buffer2,fallback_event,event_trace,3,3,3:storage_in,3,5,24,47,8914.800872,0.0,13268.799128,30,5,-1,27,move,,True,2,2,0,27,True,no,28:2;47:2,none
legacy_first16_buffer2,fallback_event,event_trace,3,3,3:storage_in,3,5,27,47,8917.400872,0.0,13267.799128,31,6,-1,28,move,,True,2,3,1,28,True,no,28:2;47:2,none
legacy_first16_buffer2,fallback_event,event_trace,3,3,3:storage_in,3,5,28,47,8929.200872,0.0,13266.799128,32,7,-1,47,move,,True,3,3,0,47,True,no,28:2;47:2,none
legacy_first16_buffer2,fallback_event,event_trace,4,4,4:storage_in,4,6,3,47,9462.482986,0.0,12695.517014,36,1,-1,16,move,,True,2,2,0,16,True,no,28:2;47:2,none
legacy_first16_buffer2,fallback_event,event_trace,4,4,4:storage_in,4,6,16,47,9465.082986000001,0.0,12694.517014,37,2,-1,21,move,,True,3,3,0,17,False,no,28:2;47:2,none
legacy_first16_buffer2,fallback_event,event_trace,4,4,4:storage_in,4,6,21,47,9488.882986,0.0,12688.317014,42,3,-1,23,move,,True,2,2,0,,False,no,28:2;47:2,none
legacy_first16_buffer2,fallback_event,event_trace,4,4,4:storage_in,4,6,23,47,9494.682986,0.0,12687.317014,43,4,-1,24,move,,True,2,2,0,,False,no,28:2;47:2,none
legacy_first16_buffer2,fallback_event,event_trace,4,4,4:storage_in,4,6,24,47,9497.282986,0.0,12686.317014,44,5,-1,27,move,,True,1,2,1,27,True,no,28:2;47:2,none
legacy_first16_buffer2,fallback_event,event_trace,4,4,4:storage_in,4,6,27,47,9499.882986,0.0,12685.317014,47,6,-1,28,move,,True,2,3,1,28,True,no,28:2;47:2,none
legacy_first16_buffer2,fallback_event,event_trace,4,4,4:storage_in,4,6,28,47,9511.682986,0.0,12684.317014,58,7,-1,47,move,,True,3,3,0,47,True,no,28:2;47:2,none
legacy_first16_buffer2,fallback_event,event_trace,5,5,5:storage_in,5,7,4,47,9470.615484,0.0,13588.984516,38,1,-1,17,move,,True,2,2,0,17,True,no,28:2;47:2,none
legacy_first16_buffer2,fallback_event,event_trace,5,5,5:storage_in,5,7,17,47,9475.215484,0.0,13587.984516,39,2,-1,18,move,,True,2,2,0,18,True,no,28:2;47:2,none
legacy_first16_buffer2,fallback_event,event_trace,5,5,5:storage_in,5,7,18,47,9477.815484,0.0,13586.984515999999,40,3,-1,22,move,,True,2,2,0,22,True,no,28:2;47:2,none
legacy_first16_buffer2,fallback_event,event_trace,5,5,5:storage_in,5,7,22,47,9487.215484,0.0,13585.984516,41,4,-1,24,move,,True,3,3,0,24,True,no,28:2;47:2,none
legacy_first16_buffer2,fallback_event,event_trace,5,5,5:storage_in,5,7,24,47,9498.615484,0.0,13584.984516,45,5,-1,24,hold,,True,1,2,1,27,False,no,28:2;47:2,none
legacy_first16_buffer2,fallback_event,event_trace,5,5,5:storage_in,5,7,24,47,9499.615484,1.0,13583.984516,46,6,-1,27,move,,True,2,2,0,27,True,no,28:2;47:2,none
legacy_first16_buffer2,fallback_event,event_trace,5,5,5:storage_in,5,7,27,47,9502.215484,1.0,13582.984516,48,7,-1,27,hold,,True,1,3,2,28,False,no,28:2;47:2,none
legacy_first16_buffer2,fallback_event,event_trace,5,5,5:storage_in,5,7,27,47,9503.215484,2.0,13581.984516,49,8,-1,27,hold,,True,1,3,2,28,False,no,28:2;47:2,none
legacy_first16_buffer2,fallback_event,event_trace,5,5,5:storage_in,5,7,27,47,9504.215484,3.0,13580.984516,50,9,-1,27,hold,,True,1,3,2,28,False,no,28:2;47:2,none
legacy_first16_buffer2,fallback_event,event_trace,5,5,5:storage_in,5,7,27,47,9505.215484,4.0,13579.984516,51,10,-1,27,hold,,True,1,3,2,28,False,no,28:2;47:2,none
legacy_first16_buffer2,fallback_event,event_trace,5,5,5:storage_in,5,7,27,47,9506.215484,5.0,13578.984516,52,11,-1,27,hold,,True,1,3,2,28,False,no,28:2;47:2,none
legacy_first16_buffer2,fallback_event,event_trace,5,5,5:storage_in,5,7,27,47,9507.215484,6.0,13577.984516,53,12,-1,27,hold,,True,1,3,2,28,False,no,28:2;47:2,none
legacy_first16_buffer2,fallback_event,event_trace,5,5,5:storage_in,5,7,27,47,9508.215484,7.0,13576.984516,54,13,-1,27,hold,,True,1,3,2,28,False,no,28:2;47:2,none
legacy_first16_buffer2,fallback_event,event_trace,5,5,5:storage_in,5,7,27,47,9509.215484,8.0,13575.984516,55,14,-1,27,hold,,True,1,3,2,28,False,no,28:2;47:2,none
legacy_first16_buffer2,fallback_event,event_trace,5,5,5:storage_in,5,7,27,47,9510.215484,9.0,13574.984516,56,15,-1,27,hold,,True,1,3,2,28,False,no,28:2;47:2,none
legacy_first16_buffer2,fallback_event,event_trace,5,5,5:storage_in,5,7,27,47,9511.215484,10.0,13573.984516,57,16,-1,28,move,,True,2,3,1,28,True,no,28:2;47:2,none
legacy_first16_buffer2,fallback_event,event_trace,5,5,5:storage_in,5,7,28,47,9523.015484,10.0,13572.984516,59,17,-1,47,move,,True,3,3,0,47,True,no,28:2;47:2,none
legacy_first16_buffer2,fallback_event,event_trace,6,6,6:storage_in,6,8,5,47,10062.62162,0.0,12097.77838,60,1,-1,19,move,,True,2,2,0,19,True,no,28:2;47:2,none
legacy_first16_buffer2,fallback_event,event_trace,6,6,6:storage_in,6,8,19,47,10065.22162,0.0,12096.77838,61,2,-1,18,move,,True,3,3,0,18,True,no,28:2;47:2,none
legacy_first16_buffer2,fallback_event,event_trace,6,6,6:storage_in,6,8,18,47,10069.02162,0.0,12095.77838,62,3,-1,22,move,,True,2,2,0,22,True,no,28:2;47:2,none
legacy_first16_buffer2,fallback_event,event_trace,6,6,6:storage_in,6,8,22,47,10078.42162,0.0,12094.778380000002,65,4,-1,24,move,,True,3,3,0,24,True,no,28:2;47:2,none
legacy_first16_buffer2,fallback_event,event_trace,6,6,6:storage_in,6,8,24,47,10089.821619999999,0.0,12093.778380000002,71,5,-1,27,move,,True,2,2,0,27,True,no,28:2;47:2,none
legacy_first16_buffer2,fallback_event,event_trace,6,6,6:storage_in,6,8,27,47,10092.42162,0.0,12092.778380000002,74,6,-1,28,move,,True,2,3,1,28,True,no,28:2;47:2,none
legacy_first16_buffer2,fallback_event,event_trace,6,6,6:storage_in,6,8,28,47,10104.221619999998,0.0,12091.778380000002,90,7,-1,47,move,,True,3,3,0,47,True,no,28:2;47:2,none
legacy_first16_buffer2,fallback_event,event_trace,7,7,7:storage_in,7,9,3,47,10073.28213,0.0,12084.71787,63,1,-1,16,move,,True,2,2,0,16,True,no,28:2;47:2,none
legacy_first16_buffer2,fallback_event,event_trace,7,7,7:storage_in,7,9,16,47,10075.88213,0.0,12083.71787,64,2,-1,21,move,,True,3,3,0,17,False,no,28:2;47:2,none
legacy_first16_buffer2,fallback_event,event_trace,7,7,7:storage_in,7,9,21,47,10099.68213,0.0,12077.517870000001,85,3,-1,23,move,,True,2,2,0,,False,no,28:2;47:2,none
legacy_first16_buffer2,fallback_event,event_trace,7,7,7:storage_in,7,9,23,47,10105.482129999999,0.0,12076.517870000001,92,4,-1,24,move,,True,2,2,0,,False,no,28:2;47:2,none
legacy_first16_buffer2,fallback_event,event_trace,7,7,7:storage_in,7,9,24,47,10108.082129999999,0.0,12075.517870000001,93,5,-1,27,move,,True,2,2,0,27,True,no,28:2;47:2,none
legacy_first16_buffer2,fallback_event,event_trace,7,7,7:storage_in,7,9,27,47,10110.68213,0.0,12074.517870000001,95,6,-1,28,move,,True,2,3,1,28,True,no,28:2;47:2,none
legacy_first16_buffer2,fallback_event,event_trace,7,7,7:storage_in,7,9,28,47,10122.482129999999,0.0,12073.517870000001,113,7,-1,47,move,,True,3,3,0,47,True,no,28:2;47:2,none
legacy_first16_buffer2,fallback_event,event_trace,8,8,8:storage_in,8,10,0,47,10084.10648,0.0,13277.49352,66,1,-1,6,move,,True,2,2,0,6,True,no,28:2;47:2,none
legacy_first16_buffer2,fallback_event,event_trace,8,8,8:storage_in,8,10,6,47,10088.306480000001,0.0,13276.493519999998,69,2,-1,12,move,,True,3,3,0,8,False,no,28:2;47:2,none
legacy_first16_buffer2,fallback_event,event_trace,8,8,8:storage_in,8,10,12,47,10099.306480000001,0.0,13275.493519999998,83,3,-1,13,move,,True,2,2,0,,False,no,28:2;47:2,none
legacy_first16_buffer2,fallback_event,event_trace,8,8,8:storage_in,8,10,13,47,10104.306480000001,0.0,13274.493519999998,91,4,-1,23,move,,True,2,2,0,,False,no,28:2;47:2,none
legacy_first16_buffer2,fallback_event,event_trace,8,8,8:storage_in,8,10,23,47,10108.506480000002,0.0,13273.493519999998,94,5,-1,24,move,,True,2,2,0,,False,no,28:2;47:2,none
legacy_first16_buffer2,fallback_event,event_trace,8,8,8:storage_in,8,10,24,47,10111.106480000002,0.0,13272.493519999998,97,6,-1,27,move,,True,2,2,0,,False,no,28:2;47:2,none
legacy_first16_buffer2,fallback_event,event_trace,8,8,8:storage_in,8,10,27,47,10113.706480000003,0.0,13271.493519999998,99,7,-1,27,hold,,True,1,3,2,,False,no,28:2;47:2,none
legacy_first16_buffer2,fallback_event,event_trace,8,8,8:storage_in,8,10,27,47,10114.706480000003,1.0,13270.493519999998,101,8,-1,27,none,no_safe_action,True,0,3,3,,False,no,28:2;47:2,none
legacy_first16_buffer2,fallback_event,event_trace,9,9,9:storage_in,9,11,4,47,10085.33414,0.0,13274.26586,67,1,-1,17,move,,True,2,2,0,17,True,no,28:2;47:2,none
legacy_first16_buffer2,fallback_event,event_trace,9,9,9:storage_in,9,11,17,47,10089.934140000001,0.0,13273.26586,72,2,-1,18,move,,True,2,2,0,18,True,no,28:2;47:2,none
legacy_first16_buffer2,fallback_event,event_trace,9,9,9:storage_in,9,11,18,47,10092.534140000002,0.0,13272.265859999998,75,3,-1,22,move,,True,1,2,1,22,True,no,28:2;47:2,none
legacy_first16_buffer2,fallback_event,event_trace,9,9,9:storage_in,9,11,22,47,10101.934140000001,0.0,13271.26586,88,4,-1,24,move,,True,3,3,0,24,True,no,28:2;47:2,none
legacy_first16_buffer2,fallback_event,event_trace,9,9,9:storage_in,9,11,24,47,10113.33414,0.0,13270.26586,98,5,-1,27,move,,True,2,2,0,27,True,no,28:2;47:2,none
legacy_first16_buffer2,fallback_event,event_trace,9,9,9:storage_in,9,11,27,47,10115.934140000001,0.0,13269.26586,102,6,-1,27,hold,,True,1,3,2,28,False,no,28:2;47:2,none
legacy_first16_buffer2,fallback_event,event_trace,9,9,9:storage_in,9,11,27,47,10116.934140000001,1.0,13268.26586,103,7,-1,27,hold,,True,1,3,2,28,False,no,28:2;47:2,none
legacy_first16_buffer2,fallback_event,event_trace,9,9,9:storage_in,9,11,27,47,10117.934140000001,2.0,13267.26586,104,8,-1,27,hold,,True,1,3,2,28,False,no,28:2;47:2,none
legacy_first16_buffer2,fallback_event,event_trace,9,9,9:storage_in,9,11,27,47,10118.934140000001,3.0,13266.26586,107,9,-1,27,hold,,True,1,3,2,28,False,no,28:2;47:2,none
legacy_first16_buffer2,fallback_event,event_trace,9,9,9:storage_in,9,11,27,47,10119.934140000001,4.0,13265.26586,108,10,-1,27,hold,,True,1,3,2,28,False,no,28:2;47:2,none
legacy_first16_buffer2,fallback_event,event_trace,9,9,9:storage_in,9,11,27,47,10120.934140000001,5.0,13264.26586,109,11,-1,27,hold,,True,1,3,2,28,False,no,28:2;47:2,none
legacy_first16_buffer2,fallback_event,event_trace,9,9,9:storage_in,9,11,27,47,10121.934140000001,6.0,13263.26586,112,12,-1,28,move,,True,1,3,2,28,True,no,28:2;47:2,none
legacy_first16_buffer2,fallback_event,event_trace,9,9,9:storage_in,9,11,28,47,10133.73414,6.0,13262.26586,128,13,-1,47,move,,True,3,3,0,47,True,no,28:2;47:2,none
legacy_first16_buffer2,fallback_event,event_trace,10,10,10:storage_in,10,12,5,47,10087.97294,0.0,12072.42706,68,1,-1,19,move,,True,2,2,0,19,True,no,28:2;47:2,none
legacy_first16_buffer2,fallback_event,event_trace,10,10,10:storage_in,10,12,19,47,10090.57294,0.0,12071.42706,73,2,-1,18,move,,True,3,3,0,18,True,no,28:2;47:2,none
legacy_first16_buffer2,fallback_event,event_trace,10,10,10:storage_in,10,12,18,47,10094.37294,0.0,12070.42706,76,3,-1,18,hold,,True,1,2,1,22,False,no,28:2;47:2,none
legacy_first16_buffer2,fallback_event,event_trace,10,10,10:storage_in,10,12,18,47,10095.37294,1.0,12069.42706,78,4,-1,18,hold,,True,1,2,1,22,False,no,28:2;47:2,none
legacy_first16_buffer2,fallback_event,event_trace,10,10,10:storage_in,10,12,18,47,10096.37294,2.0,12068.42706,79,5,-1,18,hold,,True,1,2,1,22,False,no,28:2;47:2,none
legacy_first16_buffer2,fallback_event,event_trace,10,10,10:storage_in,10,12,18,47,10097.37294,3.0,12067.42706,80,6,-1,18,hold,,True,1,2,1,22,False,no,28:2;47:2,none
legacy_first16_buffer2,fallback_event,event_trace,10,10,10:storage_in,10,12,18,47,10098.37294,4.0,12066.42706,82,7,-1,18,hold,,True,1,2,1,22,False,no,28:2;47:2,none
legacy_first16_buffer2,fallback_event,event_trace,10,10,10:storage_in,10,12,18,47,10099.37294,5.0,12065.42706,84,8,-1,18,hold,,True,1,2,1,22,False,no,28:2;47:2,none
legacy_first16_buffer2,fallback_event,event_trace,10,10,10:storage_in,10,12,18,47,10100.37294,6.0,12064.42706,86,9,-1,18,hold,,True,1,2,1,22,False,no,28:2;47:2,none
legacy_first16_buffer2,fallback_event,event_trace,10,10,10:storage_in,10,12,18,47,10101.37294,7.0,12063.42706,87,10,-1,22,move,,True,2,2,0,22,True,no,28:2;47:2,none
legacy_first16_buffer2,fallback_event,event_trace,10,10,10:storage_in,10,12,22,47,10110.772939999999,7.0,12062.427060000002,96,11,-1,26,move,,True,2,3,1,24,False,no,28:2;47:2,none
legacy_first16_buffer2,fallback_event,event_trace,10,10,10:storage_in,10,12,26,47,10118.572939999998,7.0,12033.427060000002,106,12,-1,43,move,,True,2,2,0,,False,no,28:2;47:2,none
legacy_first16_buffer2,fallback_event,event_trace,10,10,10:storage_in,10,12,43,47,10121.172939999999,7.0,12032.427060000002,111,13,-1,15,move,,True,2,2,0,,False,no,28:2;47:2,none
legacy_first16_buffer2,fallback_event,event_trace,10,10,10:storage_in,10,12,15,47,10125.37294,7.0,12031.42706,116,14,-1,14,move,,True,2,2,0,,False,no,28:2;47:2,none
legacy_first16_buffer2,fallback_event,event_trace,10,10,10:storage_in,10,12,14,47,10127.97294,7.0,12030.42706,120,15,-1,46,move,,True,2,2,0,,False,no,28:2;47:2,none
legacy_first16_buffer2,fallback_event,event_trace,10,10,10:storage_in,10,12,46,47,10130.57294,7.0,12029.42706,123,16,-1,36,move,,True,2,3,1,,False,no,28:2;47:2,none
legacy_first16_buffer2,fallback_event,event_trace,10,10,10:storage_in,10,12,36,47,10146.37294,7.0,12028.42706,130,17,-1,38,move,,True,2,3,1,,False,no,28:2;47:2,none
legacy_first16_buffer2,fallback_event,event_trace,10,10,10:storage_in,10,12,38,47,10160.172939999999,7.0,12027.427060000002,131,18,-1,39,move,,True,2,3,1,,False,no,28:2;47:2,none
legacy_first16_buffer2,fallback_event,event_trace,10,10,10:storage_in,10,12,39,47,10169.572939999998,7.0,12026.427060000002,132,19,-1,47,move,,True,3,3,0,,False,no,28:2;47:2,none
legacy_first16_buffer2,fallback_event,event_trace,11,11,11:storage_in,11,13,1,47,10089.43982,0.0,13268.56018,70,1,-1,7,move,,True,2,2,0,7,True,no,28:2;47:2,none
legacy_first16_buffer2,fallback_event,event_trace,11,11,11:storage_in,11,13,7,47,10095.239819999999,0.0,13267.56018,77,2,-1,8,move,,True,2,2,0,8,True,no,28:2;47:2,none
legacy_first16_buffer2,fallback_event,event_trace,11,11,11:storage_in,11,13,8,47,10097.83982,0.0,13266.56018,81,3,-1,11,move,,True,2,2,0,11,True,no,28:2;47:2,none
legacy_first16_buffer2,fallback_event,event_trace,11,11,11:storage_in,11,13,11,47,10102.03982,0.0,13265.56018,89,4,-1,13,move,,True,3,3,0,13,True,no,28:2;47:2,none
legacy_first16_buffer2,fallback_event,event_trace,11,11,11:storage_in,11,13,13,47,10114.23982,0.0,13264.560179999999,100,5,-1,23,move,,True,2,2,0,23,True,no,28:2;47:2,none
legacy_first16_buffer2,fallback_event,event_trace,11,11,11:storage_in,11,13,23,47,10118.439820000001,0.0,13263.560179999999,105,6,-1,24,move,,True,2,2,0,24,True,no,28:2;47:2,none
legacy_first16_buffer2,fallback_event,event_trace,11,11,11:storage_in,11,13,24,47,10121.039820000002,0.0,13262.560179999999,110,7,-1,27,move,,True,2,2,0,27,True,no,28:2;47:2,none
legacy_first16_buffer2,fallback_event,event_trace,11,11,11:storage_in,11,13,27,47,10123.639820000002,0.0,13261.560179999999,114,8,-1,27,hold,,True,1,3,2,28,False,no,28:2;47:2,none
legacy_first16_buffer2,fallback_event,event_trace,11,11,11:storage_in,11,13,27,47,10124.639820000002,1.0,13260.560179999999,115,9,-1,27,hold,,True,1,3,2,28,False,no,28:2;47:2,none
legacy_first16_buffer2,fallback_event,event_trace,11,11,11:storage_in,11,13,27,47,10125.639820000002,2.0,13259.560179999999,117,10,-1,27,hold,,True,1,3,2,28,False,no,28:2;47:2,none
legacy_first16_buffer2,fallback_event,event_trace,11,11,11:storage_in,11,13,27,47,10126.639820000002,3.0,13258.560179999999,118,11,-1,27,hold,,True,1,3,2,28,False,no,28:2;47:2,none
legacy_first16_buffer2,fallback_event,event_trace,11,11,11:storage_in,11,13,27,47,10127.639820000002,4.0,13257.560179999999,119,12,-1,27,hold,,True,1,3,2,28,False,no,28:2;47:2,none
legacy_first16_buffer2,fallback_event,event_trace,11,11,11:storage_in,11,13,27,47,10128.639820000002,5.0,13256.560179999999,121,13,-1,27,hold,,True,1,3,2,28,False,no,28:2;47:2,none
legacy_first16_buffer2,fallback_event,event_trace,11,11,11:storage_in,11,13,27,47,10129.639820000002,6.0,13255.560179999999,122,14,-1,27,hold,,True,1,3,2,28,False,no,28:2;47:2,none
legacy_first16_buffer2,fallback_event,event_trace,11,11,11:storage_in,11,13,27,47,10130.639820000002,7.0,13254.560179999999,124,15,-1,27,hold,,True,1,3,2,28,False,no,28:2;47:2,none
legacy_first16_buffer2,fallback_event,event_trace,11,11,11:storage_in,11,13,27,47,10131.639820000002,8.0,13253.560179999999,125,16,-1,27,hold,,True,1,3,2,28,False,no,28:2;47:2,none
legacy_first16_buffer2,fallback_event,event_trace,11,11,11:storage_in,11,13,27,47,10132.639820000002,9.0,13252.560179999999,126,17,-1,27,hold,,True,1,3,2,28,False,no,28:2;47:2,none
legacy_first16_buffer2,fallback_event,event_trace,11,11,11:storage_in,11,13,27,47,10133.639820000002,10.0,13251.560179999999,127,18,-1,28,move,,True,2,3,1,28,True,no,28:2;47:2,none
legacy_first16_buffer2,fallback_event,event_trace,11,11,11:storage_in,11,13,28,47,10145.439820000001,10.0,13250.560179999999,129,19,-1,47,move,,True,3,3,0,47,True,no,28:2;47:2,none
legacy_first16_buffer2,fallback_event,event_trace,12,12,12:storage_in,12,14,0,47,10645.1686,0.0,13316.4314,133,1,-1,6,move,,True,2,2,0,6,True,no,28:2;47:2,none
legacy_first16_buffer2,fallback_event,event_trace,12,12,12:storage_in,12,14,6,47,10649.368600000002,0.0,13315.431399999998,134,2,-1,12,move,,True,3,3,0,12,True,no,28:2;47:2,none
legacy_first16_buffer2,fallback_event,event_trace,12,12,12:storage_in,12,14,12,47,10660.368600000002,0.0,13314.431399999998,135,3,-1,13,move,,True,2,2,0,13,True,no,28:2;47:2,none
legacy_first16_buffer2,fallback_event,event_trace,12,12,12:storage_in,12,14,13,47,10665.368600000002,0.0,13313.431399999998,137,4,-1,23,move,,True,2,2,0,23,True,no,28:2;47:2,none
legacy_first16_buffer2,fallback_event,event_trace,12,12,12:storage_in,12,14,23,47,10669.568600000002,0.0,13312.431399999998,138,5,-1,24,move,,True,2,2,0,24,True,no,28:2;47:2,none
legacy_first16_buffer2,fallback_event,event_trace,12,12,12:storage_in,12,14,24,47,10672.168600000003,0.0,13311.431399999998,140,6,-1,27,move,,True,2,2,0,27,True,no,28:2;47:2,none
legacy_first16_buffer2,fallback_event,event_trace,12,12,12:storage_in,12,14,27,47,10674.768600000003,0.0,13310.431399999998,143,7,-1,28,move,,True,2,3,1,28,True,no,28:2;47:2,none
legacy_first16_buffer2,fallback_event,event_trace,12,12,12:storage_in,12,14,28,47,10686.568600000002,0.0,13309.431399999998,151,8,-1,47,move,,True,3,3,0,47,True,no,28:2;47:2,none
legacy_first16_buffer2,fallback_event,event_trace,13,13,13:storage_in,13,15,4,47,10665.17885,0.0,13594.42115,136,1,-1,17,move,,True,2,2,0,17,True,no,28:2;47:2,none
legacy_first16_buffer2,fallback_event,event_trace,13,13,13:storage_in,13,15,17,47,10669.77885,0.0,13593.42115,139,2,-1,18,move,,True,2,2,0,18,True,no,28:2;47:2,none
legacy_first16_buffer2,fallback_event,event_trace,13,13,13:storage_in,13,15,18,47,10672.378850000001,0.0,13592.421149999998,141,3,-1,22,move,,True,2,2,0,22,True,no,28:2;47:2,none
legacy_first16_buffer2,fallback_event,event_trace,13,13,13:storage_in,13,15,22,47,10681.77885,0.0,13591.42115,150,4,-1,24,move,,True,3,3,0,24,True,no,28:2;47:2,none
legacy_first16_buffer2,fallback_event,event_trace,13,13,13:storage_in,13,15,24,47,10693.17885,0.0,13590.42115,153,5,-1,27,move,,True,2,2,0,27,True,no,28:2;47:2,none
legacy_first16_buffer2,fallback_event,event_trace,13,13,13:storage_in,13,15,27,47,10695.77885,0.0,13589.42115,154,6,-1,28,move,,True,2,3,1,28,True,no,28:2;47:2,none
legacy_first16_buffer2,fallback_event,event_trace,13,13,13:storage_in,13,15,28,47,10707.57885,0.0,13588.42115,159,7,-1,47,move,,True,3,3,0,47,True,no,28:2;47:2,none
legacy_first16_buffer2,fallback_event,event_trace,14,14,14:storage_in,14,16,5,47,10673.28828,0.0,11487.111719999999,142,1,-1,19,move,,True,2,2,0,19,True,no,28:2;47:2,none
legacy_first16_buffer2,fallback_event,event_trace,14,14,14:storage_in,14,16,19,47,10675.888280000001,0.0,11486.111719999999,145,2,-1,18,move,,True,3,3,0,18,True,no,28:2;47:2,none
legacy_first16_buffer2,fallback_event,event_trace,14,14,14:storage_in,14,16,18,47,10679.68828,0.0,11485.111719999999,147,3,-1,18,hold,,True,1,2,1,22,False,no,28:2;47:2,none
legacy_first16_buffer2,fallback_event,event_trace,14,14,14:storage_in,14,16,18,47,10680.68828,1.0,11484.111719999999,148,4,-1,18,hold,,True,1,2,1,22,False,no,28:2;47:2,none
legacy_first16_buffer2,fallback_event,event_trace,14,14,14:storage_in,14,16,18,47,10681.68828,2.0,11483.111719999999,149,5,-1,22,move,,True,2,2,0,22,True,no,28:2;47:2,none
legacy_first16_buffer2,fallback_event,event_trace,14,14,14:storage_in,14,16,22,47,10691.08828,2.0,11482.11172,152,6,-1,26,move,,True,2,3,1,24,False,no,28:2;47:2,none
legacy_first16_buffer2,fallback_event,event_trace,14,14,14:storage_in,14,16,26,47,10698.88828,2.0,11453.11172,155,7,-1,43,move,,True,2,2,0,,False,no,28:2;47:2,none
legacy_first16_buffer2,fallback_event,event_trace,14,14,14:storage_in,14,16,43,47,10701.48828,2.0,11452.11172,156,8,-1,15,move,,True,2,2,0,,False,no,28:2;47:2,none
legacy_first16_buffer2,fallback_event,event_trace,14,14,14:storage_in,14,16,15,47,10705.68828,2.0,11451.111719999999,158,9,-1,14,move,,True,2,2,0,,False,no,28:2;47:2,none
legacy_first16_buffer2,fallback_event,event_trace,14,14,14:storage_in,14,16,14,47,10708.28828,2.0,11450.111719999999,161,10,-1,46,move,,True,2,2,0,,False,no,28:2;47:2,none
legacy_first16_buffer2,fallback_event,event_trace,14,14,14:storage_in,14,16,46,47,10710.888280000001,2.0,11449.111719999999,163,11,-1,36,move,,True,2,3,1,,False,no,28:2;47:2,none
legacy_first16_buffer2,fallback_event,event_trace,14,14,14:storage_in,14,16,36,47,10726.68828,2.0,11448.111719999999,166,12,-1,38,move,,True,2,3,1,,False,no,28:2;47:2,none
legacy_first16_buffer2,fallback_event,event_trace,14,14,14:storage_in,14,16,38,47,10740.48828,2.0,11447.11172,167,13,-1,39,move,,True,2,3,1,,False,no,28:2;47:2,none
legacy_first16_buffer2,fallback_event,event_trace,14,14,14:storage_in,14,16,39,47,10749.88828,2.0,11446.11172,168,14,-1,47,move,,True,3,3,0,,False,no,28:2;47:2,none
legacy_first16_buffer2,fallback_event,event_trace,15,15,15:storage_in,15,17,3,47,10675.8454,0.0,13282.1546,144,1,-1,16,move,,True,2,2,0,16,True,no,28:2;47:2,none
legacy_first16_buffer2,fallback_event,event_trace,15,15,15:storage_in,15,17,16,47,10678.4454,0.0,13281.1546,146,2,-1,21,move,,True,3,3,0,21,True,no,28:2;47:2,none
legacy_first16_buffer2,fallback_event,event_trace,15,15,15:storage_in,15,17,21,47,10702.2454,0.0,13274.954600000001,157,3,-1,23,move,,True,2,2,0,23,True,no,28:2;47:2,none
legacy_first16_buffer2,fallback_event,event_trace,15,15,15:storage_in,15,17,23,47,10708.045399999999,0.0,13273.954600000001,160,4,-1,24,move,,True,2,2,0,24,True,no,28:2;47:2,none
legacy_first16_buffer2,fallback_event,event_trace,15,15,15:storage_in,15,17,24,47,10710.6454,0.0,13272.954600000001,162,5,-1,27,move,,True,2,2,0,27,True,no,28:2;47:2,none
legacy_first16_buffer2,fallback_event,event_trace,15,15,15:storage_in,15,17,27,47,10713.2454,0.0,13271.954600000001,164,6,-1,28,move,,True,2,3,1,28,True,no,28:2;47:2,none
legacy_first16_buffer2,fallback_event,event_trace,15,15,15:storage_in,15,17,28,47,10725.045399999999,0.0,13270.954600000001,165,7,-1,47,move,,True,3,3,0,47,True,no,28:2;47:2,none
legacy_first32,edge_score_event,event_trace,0,0,0:storage_in,0,2,3,47,8267.845453,0.0,13890.154547,1,1,0,16,move,,False,2,2,0,16,True,no,none,none
legacy_first32,edge_score_event,event_trace,0,0,0:storage_in,0,2,16,47,8270.445453,0.0,13889.154547,2,2,0,17,move,,False,3,3,0,17,True,no,none,none
legacy_first32,edge_score_event,event_trace,0,0,0:storage_in,0,2,17,47,8275.045453,0.0,13888.154547,3,3,0,18,move,,False,2,2,0,18,True,no,none,none
legacy_first32,edge_score_event,event_trace,0,0,0:storage_in,0,2,18,47,8277.645453000001,0.0,13887.154546999998,4,4,0,22,move,,False,2,2,0,22,True,no,none,none
legacy_first32,edge_score_event,event_trace,0,0,0:storage_in,0,2,22,47,8287.045453,0.0,13886.154547,5,5,0,24,move,,False,3,3,0,24,True,no,none,none
legacy_first32,edge_score_event,event_trace,0,0,0:storage_in,0,2,24,47,8298.445453,0.0,13885.154547,6,6,0,27,move,,False,2,2,0,27,True,no,none,none
legacy_first32,edge_score_event,event_trace,0,0,0:storage_in,0,2,27,47,8301.045453,0.0,13884.154547,7,7,0,28,move,,False,2,3,1,28,True,no,none,none
legacy_first32,edge_score_event,event_trace,0,0,0:storage_in,0,2,28,47,8312.845453,0.0,13883.154547,8,8,1,47,move,,False,3,3,0,47,True,no,none,none
legacy_first32,edge_score_event,event_trace,1,1,1:storage_in,1,3,4,47,8867.845453,0.0,13291.754547,9,1,0,17,move,,False,2,2,0,17,True,no,none,none
legacy_first32,edge_score_event,event_trace,1,1,1:storage_in,1,3,17,47,8872.445453,0.0,13290.754547,10,2,0,18,move,,False,2,2,0,18,True,no,none,none
legacy_first32,edge_score_event,event_trace,1,1,1:storage_in,1,3,18,47,8875.045453,0.0,13289.754546999999,11,3,0,22,move,,False,2,2,0,22,True,no,none,none
legacy_first32,edge_score_event,event_trace,1,1,1:storage_in,1,3,22,47,8884.445453,0.0,13288.754547,19,4,0,24,move,,False,3,3,0,24,True,no,none,none
legacy_first32,edge_score_event,event_trace,1,1,1:storage_in,1,3,24,47,8895.845453,0.0,13287.754547,28,5,0,27,move,,False,2,2,0,27,True,no,none,none
legacy_first32,edge_score_event,event_trace,1,1,1:storage_in,1,3,27,47,8898.445453,0.0,13286.754547,29,6,0,28,move,,False,2,3,1,28,True,no,none,none
legacy_first32,edge_score_event,event_trace,1,1,1:storage_in,1,3,28,47,8910.245453,0.0,13285.754547,37,7,1,47,move,,False,3,3,0,47,True,no,none,none
legacy_first32,edge_score_event,event_trace,2,2,2:storage_in,2,4,5,47,8875.816299,0.0,13284.583701,12,1,0,19,move,,False,2,2,0,19,True,no,none,none
legacy_first32,edge_score_event,event_trace,2,2,2:storage_in,2,4,19,47,8878.416299,0.0,13283.583701,13,2,0,18,move,,False,3,3,0,18,True,no,none,none
legacy_first32,edge_score_event,event_trace,2,2,2:storage_in,2,4,18,47,8882.216299,0.0,13282.583701,15,3,1,18,hold,,False,1,2,1,22,False,no,none,none
legacy_first32,edge_score_event,event_trace,2,2,2:storage_in,2,4,18,47,8883.216299,1.0,13281.583701,17,4,1,18,hold,,False,1,2,1,22,False,no,none,none
legacy_first32,edge_score_event,event_trace,2,2,2:storage_in,2,4,18,47,8884.216299,2.0,13280.583701,18,5,0,22,move,,False,2,2,0,22,True,no,none,none
legacy_first32,edge_score_event,event_trace,2,2,2:storage_in,2,4,22,47,8893.616299,2.0,13279.583701000001,25,6,2,22,hold,,False,2,3,1,24,False,no,none,none
legacy_first32,edge_score_event,event_trace,2,2,2:storage_in,2,4,22,47,8894.616299,3.0,13278.583701000001,26,7,2,22,hold,,False,2,3,1,24,False,no,none,none
legacy_first32,edge_score_event,event_trace,2,2,2:storage_in,2,4,22,47,8895.616299,4.0,13277.583701000001,27,8,0,24,move,,False,3,3,0,24,True,no,none,none
legacy_first32,edge_score_event,event_trace,2,2,2:storage_in,2,4,24,47,8907.016298999999,4.0,13276.583701000001,35,9,0,27,move,,False,2,2,0,27,True,no,none,none
legacy_first32,edge_score_event,event_trace,2,2,2:storage_in,2,4,27,47,8909.616299,4.0,13275.583701000001,36,10,0,28,move,,False,2,3,1,28,True,no,none,none
legacy_first32,edge_score_event,event_trace,2,2,2:storage_in,2,4,28,47,8921.416298999999,4.0,13274.583701000001,41,11,1,47,move,,False,3,3,0,47,True,no,none,none
legacy_first32,edge_score_event,event_trace,3,3,3:storage_in,3,5,3,47,8880.000872,0.0,13277.999128,14,1,0,16,move,,False,2,2,0,16,True,no,none,none
legacy_first32,edge_score_event,event_trace,3,3,3:storage_in,3,5,16,47,8882.600872,0.0,13276.999128,16,2,0,17,move,,False,3,3,0,17,True,no,none,none
legacy_first32,edge_score_event,event_trace,3,3,3:storage_in,3,5,17,47,8887.200872000001,0.0,13275.999128,20,3,0,18,move,,False,2,2,0,18,True,no,none,none
legacy_first32,edge_score_event,event_trace,3,3,3:storage_in,3,5,18,47,8889.800872000002,0.0,13274.999127999998,21,4,1,18,hold,,False,1,2,1,22,False,no,none,none
legacy_first32,edge_score_event,event_trace,3,3,3:storage_in,3,5,18,47,8890.800872000002,1.0,13273.999127999998,22,5,1,18,hold,,False,1,2,1,22,False,no,none,none
legacy_first32,edge_score_event,event_trace,3,3,3:storage_in,3,5,18,47,8891.800872000002,2.0,13272.999127999998,23,6,1,18,hold,,False,1,2,1,22,False,no,none,none
legacy_first32,edge_score_event,event_trace,3,3,3:storage_in,3,5,18,47,8892.800872000002,3.0,13271.999127999998,24,7,0,22,move,,False,2,2,0,22,True,no,none,none
legacy_first32,edge_score_event,event_trace,3,3,3:storage_in,3,5,22,47,8902.200872000001,3.0,13270.999128,30,8,2,22,hold,,False,2,3,1,24,False,no,none,none
legacy_first32,edge_score_event,event_trace,3,3,3:storage_in,3,5,22,47,8903.200872000001,4.0,13269.999128,31,9,2,22,hold,,False,2,3,1,24,False,no,none,none
legacy_first32,edge_score_event,event_trace,3,3,3:storage_in,3,5,22,47,8904.200872000001,5.0,13268.999128,32,10,2,22,hold,,False,2,3,1,24,False,no,none,none
legacy_first32,edge_score_event,event_trace,3,3,3:storage_in,3,5,22,47,8905.200872000001,6.0,13267.999128,33,11,2,22,hold,,False,2,3,1,24,False,no,none,none
legacy_first32,edge_score_event,event_trace,3,3,3:storage_in,3,5,22,47,8906.200872000001,7.0,13266.999128,34,12,0,24,move,,False,3,3,0,24,True,no,none,none
legacy_first32,edge_score_event,event_trace,3,3,3:storage_in,3,5,24,47,8917.600872,7.0,13265.999128,38,13,0,27,move,,False,2,2,0,27,True,no,none,none
legacy_first32,edge_score_event,event_trace,3,3,3:storage_in,3,5,27,47,8920.200872000001,7.0,13264.999128,39,14,2,27,hold,,False,1,3,2,28,False,no,none,none
legacy_first32,edge_score_event,event_trace,3,3,3:storage_in,3,5,27,47,8921.200872000001,8.0,13263.999128,40,15,0,28,move,,False,2,3,1,28,True,no,none,none
legacy_first32,edge_score_event,event_trace,3,3,3:storage_in,3,5,28,47,8933.000872,8.0,13262.999128,42,16,1,47,move,,False,3,3,0,47,True,no,none,none
legacy_first32,edge_score_event,event_trace,4,4,4:storage_in,4,6,3,47,9462.482986,0.0,12695.517014,43,1,0,16,move,,False,2,2,0,16,True,no,none,none
legacy_first32,edge_score_event,event_trace,4,4,4:storage_in,4,6,16,47,9465.082986000001,0.0,12694.517014,44,2,0,17,move,,False,3,3,0,17,True,no,none,none
legacy_first32,edge_score_event,event_trace,4,4,4:storage_in,4,6,17,47,9469.682986000002,0.0,12693.517014,45,3,0,18,move,,False,2,2,0,18,True,no,none,none
legacy_first32,edge_score_event,event_trace,4,4,4:storage_in,4,6,18,47,9472.282986000002,0.0,12692.517013999997,47,4,0,22,move,,False,2,2,0,22,True,no,none,none
legacy_first32,edge_score_event,event_trace,4,4,4:storage_in,4,6,22,47,9481.682986000002,0.0,12691.517014,53,5,0,24,move,,False,3,3,0,24,True,no,none,none
legacy_first32,edge_score_event,event_trace,4,4,4:storage_in,4,6,24,47,9493.082986000001,0.0,12690.517014,57,6,0,27,move,,False,2,2,0,27,True,no,none,none
legacy_first32,edge_score_event,event_trace,4,4,4:storage_in,4,6,27,47,9495.682986000002,0.0,12689.517014,58,7,0,28,move,,False,2,3,1,28,True,no,none,none
legacy_first32,edge_score_event,event_trace,4,4,4:storage_in,4,6,28,47,9507.482986,0.0,12688.517014,62,8,1,47,move,,False,3,3,0,47,True,no,none,none
legacy_first32,edge_score_event,event_trace,5,5,5:storage_in,5,7,4,47,9470.615484,0.0,13588.984516,46,1,0,17,move,,False,2,2,0,17,True,no,none,none
legacy_first32,edge_score_event,event_trace,5,5,5:storage_in,5,7,17,47,9475.215484,0.0,13587.984516,48,2,0,18,move,,False,2,2,0,18,True,no,none,none
legacy_first32,edge_score_event,event_trace,5,5,5:storage_in,5,7,18,47,9477.815484,0.0,13586.984515999999,49,3,1,18,hold,,False,1,2,1,22,False,no,none,none
legacy_first32,edge_score_event,event_trace,5,5,5:storage_in,5,7,18,47,9478.815484,1.0,13585.984515999999,50,4,1,18,hold,,False,1,2,1,22,False,no,none,none
legacy_first32,edge_score_event,event_trace,5,5,5:storage_in,5,7,18,47,9479.815484,2.0,13584.984515999999,51,5,1,18,hold,,False,1,2,1,22,False,no,none,none
legacy_first32,edge_score_event,event_trace,5,5,5:storage_in,5,7,18,47,9480.815484,3.0,13583.984515999999,52,6,0,22,move,,False,2,2,0,22,True,no,none,none
legacy_first32,edge_score_event,event_trace,5,5,5:storage_in,5,7,22,47,9490.215484,3.0,13582.984516,54,7,2,22,hold,,False,2,3,1,24,False,no,none,none
legacy_first32,edge_score_event,event_trace,5,5,5:storage_in,5,7,22,47,9491.215484,4.0,13581.984516,55,8,2,22,hold,,False,2,3,1,24,False,no,none,none
legacy_first32,edge_score_event,event_trace,5,5,5:storage_in,5,7,22,47,9492.215484,5.0,13580.984516,56,9,0,24,move,,False,3,3,0,24,True,no,none,none
legacy_first32,edge_score_event,event_trace,5,5,5:storage_in,5,7,24,47,9503.615484,5.0,13579.984516,59,10,0,27,move,,False,2,2,0,27,True,no,none,none
legacy_first32,edge_score_event,event_trace,5,5,5:storage_in,5,7,27,47,9506.215484,5.0,13578.984516,60,11,2,27,hold,,False,1,3,2,28,False,no,none,none
legacy_first32,edge_score_event,event_trace,5,5,5:storage_in,5,7,27,47,9507.215484,6.0,13577.984516,61,12,0,28,move,,False,2,3,1,28,True,no,none,none
legacy_first32,edge_score_event,event_trace,5,5,5:storage_in,5,7,28,47,9519.015484,6.0,13576.984516,63,13,1,47,move,,False,3,3,0,47,True,no,none,none
legacy_first32,edge_score_event,event_trace,6,6,6:storage_in,6,8,5,47,10062.62162,0.0,12097.77838,64,1,0,19,move,,False,2,2,0,19,True,no,none,none
legacy_first32,edge_score_event,event_trace,6,6,6:storage_in,6,8,19,47,10065.22162,0.0,12096.77838,65,2,0,18,move,,False,3,3,0,18,True,no,none,none
legacy_first32,edge_score_event,event_trace,6,6,6:storage_in,6,8,18,47,10069.02162,0.0,12095.77838,66,3,0,22,move,,False,2,2,0,22,True,no,none,none
legacy_first32,edge_score_event,event_trace,6,6,6:storage_in,6,8,22,47,10078.42162,0.0,12094.778380000002,69,4,0,24,move,,False,3,3,0,24,True,no,none,none
legacy_first32,edge_score_event,event_trace,6,6,6:storage_in,6,8,24,47,10089.821619999999,0.0,12093.778380000002,77,5,0,27,move,,False,2,2,0,27,True,no,none,none
legacy_first32,edge_score_event,event_trace,6,6,6:storage_in,6,8,27,47,10092.42162,0.0,12092.778380000002,81,6,0,28,move,,False,2,3,1,28,True,no,none,none
legacy_first32,edge_score_event,event_trace,6,6,6:storage_in,6,8,28,47,10104.221619999998,0.0,12091.778380000002,99,7,1,47,move,,False,3,3,0,47,True,no,none,none
legacy_first32,edge_score_event,event_trace,7,7,7:storage_in,7,9,3,47,10073.28213,0.0,12084.71787,67,1,0,16,move,,False,2,2,0,16,True,no,none,none
legacy_first32,edge_score_event,event_trace,7,7,7:storage_in,7,9,16,47,10075.88213,0.0,12083.71787,68,2,0,17,move,,False,3,3,0,17,True,no,none,none
legacy_first32,edge_score_event,event_trace,7,7,7:storage_in,7,9,17,47,10080.48213,0.0,12082.71787,70,3,0,18,move,,False,2,2,0,18,True,no,none,none
legacy_first32,edge_score_event,event_trace,7,7,7:storage_in,7,9,18,47,10083.08213,0.0,12081.717869999999,71,4,0,22,move,,False,2,2,0,22,True,no,none,none
legacy_first32,edge_score_event,event_trace,7,7,7:storage_in,7,9,22,47,10092.48213,0.0,12080.71787,82,5,0,24,move,,False,3,3,0,24,True,no,none,none
legacy_first32,edge_score_event,event_trace,7,7,7:storage_in,7,9,24,47,10103.88213,0.0,12079.71787,98,6,0,27,move,,False,2,2,0,27,True,no,none,none
legacy_first32,edge_score_event,event_trace,7,7,7:storage_in,7,9,27,47,10106.48213,0.0,12078.71787,100,7,0,28,move,,False,2,3,1,28,True,no,none,none
legacy_first32,edge_score_event,event_trace,7,7,7:storage_in,7,9,28,47,10118.28213,0.0,12077.71787,108,8,1,47,move,,False,3,3,0,47,True,no,none,none
legacy_first32,edge_score_event,event_trace,8,8,8:storage_in,8,10,0,47,10084.10648,0.0,13277.49352,72,1,0,6,move,,False,2,2,0,6,True,no,none,none
legacy_first32,edge_score_event,event_trace,8,8,8:storage_in,8,10,6,47,10088.306480000001,0.0,13276.493519999998,75,2,0,8,move,,False,3,3,0,8,True,no,none,none
legacy_first32,edge_score_event,event_trace,8,8,8:storage_in,8,10,8,47,10092.10648,0.0,13272.29352,80,3,0,11,move,,False,2,2,0,11,True,no,none,none
legacy_first32,edge_score_event,event_trace,8,8,8:storage_in,8,10,11,47,10096.306480000001,0.0,13271.29352,87,4,1,14,move,,False,3,3,0,14,True,no,none,none
legacy_first32,edge_score_event,event_trace,8,8,8:storage_in,8,10,14,47,10110.10648,0.0,13248.29352,101,5,0,46,move,,False,2,2,0,46,True,no,none,none
legacy_first32,edge_score_event,event_trace,8,8,8:storage_in,8,10,46,47,10112.70648,0.0,13247.29352,103,6,1,36,move,,False,2,3,1,36,True,no,none,none
legacy_first32,edge_score_event,event_trace,8,8,8:storage_in,8,10,36,47,10128.50648,0.0,13246.29352,120,7,0,38,move,,False,2,3,1,38,True,no,none,none
legacy_first32,edge_score_event,event_trace,8,8,8:storage_in,8,10,38,47,10142.30648,0.0,13245.293520000001,126,8,1,39,move,,False,2,3,1,39,True,no,none,none
legacy_first32,edge_score_event,event_trace,8,8,8:storage_in,8,10,39,47,10151.706479999999,0.0,13244.293520000001,128,9,1,47,move,,False,3,3,0,47,True,no,none,none
legacy_first32,edge_score_event,event_trace,9,9,9:storage_in,9,11,4,47,10085.33414,0.0,13274.26586,73,1,0,17,move,,False,2,2,0,17,True,no,none,none
legacy_first32,edge_score_event,event_trace,9,9,9:storage_in,9,11,17,47,10089.934140000001,0.0,13273.26586,78,2,0,18,move,,False,2,2,0,18,True,no,none,none
legacy_first32,edge_score_event,event_trace,9,9,9:storage_in,9,11,18,47,10092.534140000002,0.0,13272.265859999998,83,3,0,22,move,,False,1,2,1,22,True,no,none,none
legacy_first32,edge_score_event,event_trace,9,9,9:storage_in,9,11,22,47,10101.934140000001,0.0,13271.26586,95,4,2,22,hold,,False,2,3,1,24,False,no,none,none
legacy_first32,edge_score_event,event_trace,9,9,9:storage_in,9,11,22,47,10102.934140000001,1.0,13270.26586,97,5,0,24,move,,False,3,3,0,24,True,no,none,none
legacy_first32,edge_score_event,event_trace,9,9,9:storage_in,9,11,24,47,10114.33414,1.0,13269.26586,105,6,0,27,move,,False,2,2,0,27,True,no,none,none
legacy_first32,edge_score_event,event_trace,9,9,9:storage_in,9,11,27,47,10116.934140000001,1.0,13268.26586,106,7,2,27,hold,,False,1,3,2,28,False,no,none,none
legacy_first32,edge_score_event,event_trace,9,9,9:storage_in,9,11,27,47,10117.934140000001,2.0,13267.26586,107,8,0,28,move,,False,2,3,1,28,True,no,none,none
legacy_first32,edge_score_event,event_trace,9,9,9:storage_in,9,11,28,47,10129.73414,2.0,13266.26586,123,9,1,47,move,,False,3,3,0,47,True,no,none,none
legacy_first32,edge_score_event,event_trace,10,10,10:storage_in,10,12,5,47,10087.97294,0.0,12072.42706,74,1,0,19,move,,False,2,2,0,19,True,no,none,none
legacy_first32,edge_score_event,event_trace,10,10,10:storage_in,10,12,19,47,10090.57294,0.0,12071.42706,79,2,0,18,move,,False,3,3,0,18,True,no,none,none
legacy_first32,edge_score_event,event_trace,10,10,10:storage_in,10,12,18,47,10094.37294,0.0,12070.42706,84,3,1,18,hold,,False,1,2,1,22,False,no,none,none
legacy_first32,edge_score_event,event_trace,10,10,10:storage_in,10,12,18,47,10095.37294,1.0,12069.42706,86,4,1,18,hold,,False,1,2,1,22,False,no,none,none
legacy_first32,edge_score_event,event_trace,10,10,10:storage_in,10,12,18,47,10096.37294,2.0,12068.42706,88,5,1,18,hold,,False,1,2,1,22,False,no,none,none
legacy_first32,edge_score_event,event_trace,10,10,10:storage_in,10,12,18,47,10097.37294,3.0,12067.42706,89,6,1,18,hold,,False,1,2,1,22,False,no,none,none
legacy_first32,edge_score_event,event_trace,10,10,10:storage_in,10,12,18,47,10098.37294,4.0,12066.42706,91,7,1,18,hold,,False,1,2,1,22,False,no,none,none
legacy_first32,edge_score_event,event_trace,10,10,10:storage_in,10,12,18,47,10099.37294,5.0,12065.42706,92,8,1,18,hold,,False,1,2,1,22,False,no,none,none
legacy_first32,edge_score_event,event_trace,10,10,10:storage_in,10,12,18,47,10100.37294,6.0,12064.42706,93,9,1,18,hold,,False,1,2,1,22,False,no,none,none
legacy_first32,edge_score_event,event_trace,10,10,10:storage_in,10,12,18,47,10101.37294,7.0,12063.42706,94,10,0,22,move,,False,2,2,0,22,True,no,none,none
legacy_first32,edge_score_event,event_trace,10,10,10:storage_in,10,12,22,47,10110.772939999999,7.0,12062.427060000002,102,11,1,26,move,,False,2,3,1,24,False,no,none,none
legacy_first32,edge_score_event,event_trace,10,10,10:storage_in,10,12,26,47,10118.572939999998,7.0,12033.427060000002,110,12,0,43,move,,False,2,2,0,,False,no,none,none
legacy_first32,edge_score_event,event_trace,10,10,10:storage_in,10,12,43,47,10121.172939999999,7.0,12032.427060000002,112,13,0,15,move,,False,2,2,0,,False,no,none,none
legacy_first32,edge_score_event,event_trace,10,10,10:storage_in,10,12,15,47,10125.37294,7.0,12031.42706,115,14,0,14,move,,False,2,2,0,,False,no,none,none
legacy_first32,edge_score_event,event_trace,10,10,10:storage_in,10,12,14,47,10127.97294,7.0,12030.42706,119,15,0,46,move,,False,2,2,0,,False,no,none,none
legacy_first32,edge_score_event,event_trace,10,10,10:storage_in,10,12,46,47,10130.57294,7.0,12029.42706,124,16,1,36,move,,False,2,3,1,,False,no,none,none
legacy_first32,edge_score_event,event_trace,10,10,10:storage_in,10,12,36,47,10146.37294,7.0,12028.42706,127,17,0,38,move,,False,2,3,1,,False,no,none,none
legacy_first32,edge_score_event,event_trace,10,10,10:storage_in,10,12,38,47,10160.172939999999,7.0,12027.427060000002,129,18,1,39,move,,False,2,3,1,,False,no,none,none
legacy_first32,edge_score_event,event_trace,10,10,10:storage_in,10,12,39,47,10169.572939999998,7.0,12026.427060000002,130,19,1,47,move,,False,3,3,0,,False,no,none,none
legacy_first32,edge_score_event,event_trace,11,11,11:storage_in,11,13,1,47,10089.43982,0.0,13268.56018,76,1,0,7,move,,False,2,2,0,7,True,no,none,none
legacy_first32,edge_score_event,event_trace,11,11,11:storage_in,11,13,7,47,10095.239819999999,0.0,13267.56018,85,2,0,8,move,,False,2,2,0,8,True,no,none,none
legacy_first32,edge_score_event,event_trace,11,11,11:storage_in,11,13,8,47,10097.83982,0.0,13266.56018,90,3,0,11,move,,False,2,2,0,11,True,no,none,none
legacy_first32,edge_score_event,event_trace,11,11,11:storage_in,11,13,11,47,10102.03982,0.0,13265.56018,96,4,0,13,move,,False,2,3,1,13,True,no,none,none
legacy_first32,edge_score_event,event_trace,11,11,11:storage_in,11,13,13,47,10114.23982,0.0,13264.560179999999,104,5,0,23,move,,False,2,2,0,23,True,no,none,none
legacy_first32,edge_score_event,event_trace,11,11,11:storage_in,11,13,23,47,10118.439820000001,0.0,13263.560179999999,109,6,0,24,move,,False,2,2,0,24,True,no,none,none
legacy_first32,edge_score_event,event_trace,11,11,11:storage_in,11,13,24,47,10121.039820000002,0.0,13262.560179999999,111,7,0,27,move,,False,2,2,0,27,True,no,none,none
legacy_first32,edge_score_event,event_trace,11,11,11:storage_in,11,13,27,47,10123.639820000002,0.0,13261.560179999999,113,8,2,27,hold,,False,1,3,2,28,False,no,none,none
legacy_first32,edge_score_event,event_trace,11,11,11:storage_in,11,13,27,47,10124.639820000002,1.0,13260.560179999999,114,9,2,27,hold,,False,1,3,2,28,False,no,none,none
legacy_first32,edge_score_event,event_trace,11,11,11:storage_in,11,13,27,47,10125.639820000002,2.0,13259.560179999999,116,10,2,27,hold,,False,1,3,2,28,False,no,none,none
legacy_first32,edge_score_event,event_trace,11,11,11:storage_in,11,13,27,47,10126.639820000002,3.0,13258.560179999999,117,11,2,27,hold,,False,1,3,2,28,False,no,none,none
legacy_first32,edge_score_event,event_trace,11,11,11:storage_in,11,13,27,47,10127.639820000002,4.0,13257.560179999999,118,12,2,27,hold,,False,1,3,2,28,False,no,none,none
legacy_first32,edge_score_event,event_trace,11,11,11:storage_in,11,13,27,47,10128.639820000002,5.0,13256.560179999999,121,13,2,27,hold,,False,1,3,2,28,False,no,none,none
legacy_first32,edge_score_event,event_trace,11,11,11:storage_in,11,13,27,47,10129.639820000002,6.0,13255.560179999999,122,14,0,28,move,,False,2,3,1,28,True,no,none,none
legacy_first32,edge_score_event,event_trace,11,11,11:storage_in,11,13,28,47,10141.439820000001,6.0,13254.560179999999,125,15,1,47,move,,False,3,3,0,47,True,no,none,none
legacy_first32,edge_score_event,event_trace,12,12,12:storage_in,12,14,0,47,10645.1686,0.0,13316.4314,131,1,0,6,move,,False,2,2,0,6,True,no,none,none
legacy_first32,edge_score_event,event_trace,12,12,12:storage_in,12,14,6,47,10649.368600000002,0.0,13315.431399999998,132,2,0,8,move,,False,3,3,0,12,False,no,none,none
legacy_first32,edge_score_event,event_trace,12,12,12:storage_in,12,14,8,47,10653.1686,0.0,13311.231399999999,133,3,0,11,move,,False,2,2,0,,False,no,none,none
legacy_first32,edge_score_event,event_trace,12,12,12:storage_in,12,14,11,47,10657.368600000002,0.0,13310.231399999999,134,4,1,14,move,,False,3,3,0,,False,no,none,none
legacy_first32,edge_score_event,event_trace,12,12,12:storage_in,12,14,14,47,10671.1686,0.0,13287.231399999999,137,5,0,46,move,,False,2,2,0,,False,no,none,none
legacy_first32,edge_score_event,event_trace,12,12,12:storage_in,12,14,46,47,10673.768600000001,0.0,13286.231399999999,140,6,1,36,move,,False,2,3,1,,False,no,none,none
legacy_first32,edge_score_event,event_trace,12,12,12:storage_in,12,14,36,47,10689.5686,0.0,13285.231399999999,163,7,0,38,move,,False,2,3,1,,False,no,none,none
legacy_first32,edge_score_event,event_trace,12,12,12:storage_in,12,14,38,47,10703.3686,0.0,13284.2314,189,8,1,39,move,,False,2,3,1,,False,no,none,none
legacy_first32,edge_score_event,event_trace,12,12,12:storage_in,12,14,39,47,10712.7686,0.0,13283.2314,207,9,1,47,move,,False,3,3,0,,False,no,none,none
legacy_first32,edge_score_event,event_trace,13,13,13:storage_in,13,15,4,47,10665.17885,0.0,13594.42115,135,1,0,17,move,,False,2,2,0,17,True,no,none,none
legacy_first32,edge_score_event,event_trace,13,13,13:storage_in,13,15,17,47,10669.77885,0.0,13593.42115,136,2,0,18,move,,False,2,2,0,18,True,no,none,none
legacy_first32,edge_score_event,event_trace,13,13,13:storage_in,13,15,18,47,10672.378850000001,0.0,13592.421149999998,138,3,0,22,move,,False,2,2,0,22,True,no,none,none
legacy_first32,edge_score_event,event_trace,13,13,13:storage_in,13,15,22,47,10681.77885,0.0,13591.42115,149,4,0,24,move,,False,3,3,0,24,True,no,none,none
legacy_first32,edge_score_event,event_trace,13,13,13:storage_in,13,15,24,47,10693.17885,0.0,13590.42115,172,5,0,27,move,,False,2,2,0,27,True,no,none,none
legacy_first32,edge_score_event,event_trace,13,13,13:storage_in,13,15,27,47,10695.77885,0.0,13589.42115,177,6,0,28,move,,False,2,3,1,28,True,no,none,none
legacy_first32,edge_score_event,event_trace,13,13,13:storage_in,13,15,28,47,10707.57885,0.0,13588.42115,194,7,1,47,move,,False,3,3,0,47,True,no,none,none
legacy_first32,edge_score_event,event_trace,14,14,14:storage_in,14,16,5,47,10673.28828,0.0,11487.111719999999,139,1,0,19,move,,False,2,2,0,19,True,no,none,none
legacy_first32,edge_score_event,event_trace,14,14,14:storage_in,14,16,19,47,10675.888280000001,0.0,11486.111719999999,142,2,0,18,move,,False,3,3,0,18,True,no,none,none
legacy_first32,edge_score_event,event_trace,14,14,14:storage_in,14,16,18,47,10679.68828,0.0,11485.111719999999,144,3,1,18,hold,,False,1,2,1,22,False,no,none,none
legacy_first32,edge_score_event,event_trace,14,14,14:storage_in,14,16,18,47,10680.68828,1.0,11484.111719999999,145,4,1,18,hold,,False,1,2,1,22,False,no,none,none
legacy_first32,edge_score_event,event_trace,14,14,14:storage_in,14,16,18,47,10681.68828,2.0,11483.111719999999,148,5,0,22,move,,False,2,2,0,22,True,no,none,none
legacy_first32,edge_score_event,event_trace,14,14,14:storage_in,14,16,22,47,10691.08828,2.0,11482.11172,169,6,1,26,move,,False,2,3,1,24,False,no,none,none
legacy_first32,edge_score_event,event_trace,14,14,14:storage_in,14,16,26,47,10698.88828,2.0,11453.11172,182,7,0,43,move,,False,2,2,0,,False,no,none,none
legacy_first32,edge_score_event,event_trace,14,14,14:storage_in,14,16,43,47,10701.48828,2.0,11452.11172,188,8,0,15,move,,False,2,2,0,,False,no,none,none
legacy_first32,edge_score_event,event_trace,14,14,14:storage_in,14,16,15,47,10705.68828,2.0,11451.111719999999,192,9,0,14,move,,False,2,2,0,,False,no,none,none
legacy_first32,edge_score_event,event_trace,14,14,14:storage_in,14,16,14,47,10708.28828,2.0,11450.111719999999,196,10,0,46,move,,False,1,2,1,,False,no,none,none
legacy_first32,edge_score_event,event_trace,14,14,14:storage_in,14,16,46,47,10710.888280000001,2.0,11449.111719999999,202,11,1,36,move,,False,1,3,2,,False,no,none,none
legacy_first32,edge_score_event,event_trace,14,14,14:storage_in,14,16,36,47,10726.68828,2.0,11448.111719999999,231,12,0,38,move,,False,2,3,1,,False,no,none,none
legacy_first32,edge_score_event,event_trace,14,14,14:storage_in,14,16,38,47,10740.48828,2.0,11447.11172,233,13,1,39,move,,False,2,3,1,,False,no,none,none
legacy_first32,edge_score_event,event_trace,14,14,14:storage_in,14,16,39,47,10749.88828,2.0,11446.11172,235,14,1,47,move,,False,3,3,0,,False,no,none,none
legacy_first32,edge_score_event,event_trace,15,15,15:storage_in,15,17,3,47,10675.8454,0.0,13282.1546,141,1,0,16,move,,False,2,2,0,16,True,no,none,none
legacy_first32,edge_score_event,event_trace,15,15,15:storage_in,15,17,16,47,10678.4454,0.0,13281.1546,143,2,0,17,move,,False,3,3,0,21,False,no,none,none
legacy_first32,edge_score_event,event_trace,15,15,15:storage_in,15,17,17,47,10683.0454,0.0,13280.1546,150,3,0,18,move,,False,2,2,0,,False,no,none,none
legacy_first32,edge_score_event,event_trace,15,15,15:storage_in,15,17,18,47,10685.645400000001,0.0,13279.154599999998,153,4,1,18,hold,,False,1,2,1,,False,no,none,none
legacy_first32,edge_score_event,event_trace,15,15,15:storage_in,15,17,18,47,10686.645400000001,1.0,13278.154599999998,155,5,1,18,hold,,False,1,2,1,,False,no,none,none
legacy_first32,edge_score_event,event_trace,15,15,15:storage_in,15,17,18,47,10687.645400000001,2.0,13277.154599999998,157,6,1,18,hold,,False,1,2,1,,False,no,none,none
legacy_first32,edge_score_event,event_trace,15,15,15:storage_in,15,17,18,47,10688.645400000001,3.0,13276.154599999998,161,7,1,18,hold,,False,1,2,1,,False,no,none,none
legacy_first32,edge_score_event,event_trace,15,15,15:storage_in,15,17,18,47,10689.645400000001,4.0,13275.154599999998,164,8,-1,18,none,no_safe_action,True,0,2,2,,False,no,none,none
legacy_first32,edge_score_event,event_trace,16,16,16:storage_in,16,18,3,47,10681.05953,0.0,11476.94047,146,1,0,16,move,,False,2,2,0,16,True,no,none,none
legacy_first32,edge_score_event,event_trace,16,16,16:storage_in,16,18,16,47,10683.65953,0.0,11475.94047,151,2,0,17,move,,False,3,3,0,17,True,no,none,none
legacy_first32,edge_score_event,event_trace,16,16,16:storage_in,16,18,17,47,10688.259530000001,0.0,11474.94047,159,3,0,18,move,,False,2,2,0,18,True,no,none,none
legacy_first32,edge_score_event,event_trace,16,16,16:storage_in,16,18,18,47,10690.859530000002,0.0,11473.940469999998,167,4,0,22,move,,False,2,2,0,22,True,no,none,none
legacy_first32,edge_score_event,event_trace,16,16,16:storage_in,16,18,22,47,10700.259530000001,0.0,11472.94047,185,5,0,24,move,,False,3,3,0,24,True,no,none,none
legacy_first32,edge_score_event,event_trace,16,16,16:storage_in,16,18,24,47,10711.65953,0.0,11471.94047,204,6,0,27,move,,False,2,2,0,27,True,no,none,none
legacy_first32,edge_score_event,event_trace,16,16,16:storage_in,16,18,27,47,10714.259530000001,0.0,11470.94047,209,7,0,28,move,,False,2,3,1,28,True,no,none,none
legacy_first32,edge_score_event,event_trace,16,16,16:storage_in,16,18,28,47,10726.05953,0.0,11469.94047,230,8,1,47,move,,False,3,3,0,47,True,no,none,none
legacy_first32,edge_score_event,event_trace,17,17,17:storage_in,17,19,2,47,10681.47782,0.0,13274.92218,147,1,0,9,move,,False,2,2,0,9,True,no,none,none
legacy_first32,edge_score_event,event_trace,17,17,17:storage_in,17,19,9,47,10686.07782,0.0,13273.92218,154,2,0,7,move,,False,3,3,0,7,True,no,none,none
legacy_first32,edge_score_event,event_trace,17,17,17:storage_in,17,19,7,47,10689.87782,0.0,13272.92218,165,3,1,7,hold,,False,1,2,1,8,False,no,none,none
legacy_first32,edge_score_event,event_trace,17,17,17:storage_in,17,19,7,47,10690.87782,1.0,13271.92218,168,4,0,8,move,,False,1,2,1,8,True,no,none,none
legacy_first32,edge_score_event,event_trace,17,17,17:storage_in,17,19,8,47,10693.47782,1.0,13270.92218,173,5,-1,8,none,no_safe_action,True,0,2,2,11,False,no,none,none
legacy_first32,edge_score_event,event_trace,18,18,18:storage_in,18,20,0,47,10684.10647,0.0,13277.49353,152,1,0,6,move,,False,2,2,0,6,True,no,none,none
legacy_first32,edge_score_event,event_trace,18,18,18:storage_in,18,20,6,47,10688.306470000001,0.0,13276.493529999998,160,2,0,8,move,,False,3,3,0,12,False,no,none,none
legacy_first32,edge_score_event,event_trace,18,18,18:storage_in,18,20,8,47,10692.10647,0.0,13272.293529999999,170,3,0,11,move,,False,1,2,1,,False,no,none,none
legacy_first32,edge_score_event,event_trace,18,18,18:storage_in,18,20,11,47,10696.306470000001,0.0,13271.293529999999,179,4,1,14,move,,False,3,3,0,,False,no,none,none
legacy_first32,edge_score_event,event_trace,18,18,18:storage_in,18,20,14,47,10710.10647,0.0,13248.293529999999,200,5,0,46,move,,False,2,2,0,,False,no,none,none
legacy_first32,edge_score_event,event_trace,18,18,18:storage_in,18,20,46,47,10712.706470000001,0.0,13247.293529999999,206,6,2,46,hold,,False,1,3,2,,False,no,none,none
legacy_first32,edge_score_event,event_trace,18,18,18:storage_in,18,20,46,47,10713.706470000001,1.0,13246.293529999999,208,7,2,46,hold,,False,1,3,2,,False,no,none,none
legacy_first32,edge_score_event,event_trace,18,18,18:storage_in,18,20,46,47,10714.706470000001,2.0,13245.293529999999,210,8,2,46,hold,,False,1,3,2,,False,no,none,none
legacy_first32,edge_score_event,event_trace,18,18,18:storage_in,18,20,46,47,10715.706470000001,3.0,13244.293529999999,211,9,2,46,hold,,False,1,3,2,,False,no,none,none
legacy_first32,edge_score_event,event_trace,18,18,18:storage_in,18,20,46,47,10716.706470000001,4.0,13243.293529999999,212,10,2,46,hold,,False,1,3,2,,False,no,none,none
legacy_first32,edge_score_event,event_trace,18,18,18:storage_in,18,20,46,47,10717.706470000001,5.0,13242.293529999999,214,11,2,46,hold,,False,1,3,2,,False,no,none,none
legacy_first32,edge_score_event,event_trace,18,18,18:storage_in,18,20,46,47,10718.706470000001,6.0,13241.293529999999,215,12,2,46,hold,,False,1,3,2,,False,no,none,none
legacy_first32,edge_score_event,event_trace,18,18,18:storage_in,18,20,46,47,10719.706470000001,7.0,13240.293529999999,217,13,2,46,hold,,False,1,3,2,,False,no,none,none
legacy_first32,edge_score_event,event_trace,18,18,18:storage_in,18,20,46,47,10720.706470000001,8.0,13239.293529999999,218,14,2,46,hold,,False,1,3,2,,False,no,none,none
legacy_first32,edge_score_event,event_trace,18,18,18:storage_in,18,20,46,47,10721.706470000001,9.0,13238.293529999999,219,15,2,46,hold,,False,1,3,2,,False,no,none,none
legacy_first32,edge_score_event,event_trace,18,18,18:storage_in,18,20,46,47,10722.706470000001,10.0,13237.293529999999,222,16,2,46,hold,,False,1,3,2,,False,no,none,none
legacy_first32,edge_score_event,event_trace,18,18,18:storage_in,18,20,46,47,10723.706470000001,11.0,13236.293529999999,225,17,2,46,hold,,False,1,3,2,,False,no,none,none
legacy_first32,edge_score_event,event_trace,18,18,18:storage_in,18,20,46,47,10724.706470000001,12.0,13235.293529999999,227,18,-1,46,none,no_safe_action,True,0,3,3,,False,no,none,none
legacy_first32,edge_score_event,event_trace,19,19,19:storage_in,19,21,1,47,10686.81115,0.0,14171.18885,156,1,0,7,move,,False,2,2,0,7,True,no,none,none
legacy_first32,edge_score_event,event_trace,19,19,19:storage_in,19,21,7,47,10692.611149999999,0.0,14170.18885,171,2,0,8,move,,False,2,2,0,8,True,no,none,none
legacy_first32,edge_score_event,event_trace,19,19,19:storage_in,19,21,8,47,10695.21115,0.0,14169.18885,175,3,1,8,hold,,False,1,2,1,11,False,no,none,none
legacy_first32,edge_score_event,event_trace,19,19,19:storage_in,19,21,8,47,10696.21115,1.0,14168.18885,178,4,0,11,move,,False,2,2,0,11,True,no,none,none
legacy_first32,edge_score_event,event_trace,19,19,19:storage_in,19,21,11,47,10700.41115,1.0,14167.18885,186,5,0,13,move,,False,2,3,1,13,True,no,none,none
legacy_first32,edge_score_event,event_trace,19,19,19:storage_in,19,21,13,47,10712.61115,1.0,14166.188849999999,205,6,0,23,move,,False,2,2,0,23,True,no,none,none
legacy_first32,edge_score_event,event_trace,19,19,19:storage_in,19,21,23,47,10716.811150000001,1.0,14165.188849999999,213,7,0,24,move,,False,2,2,0,24,True,no,none,none
legacy_first32,edge_score_event,event_trace,19,19,19:storage_in,19,21,24,47,10719.411150000002,1.0,14164.188849999999,216,8,0,27,move,,False,2,2,0,27,True,no,none,none
legacy_first32,edge_score_event,event_trace,19,19,19:storage_in,19,21,27,47,10722.011150000002,1.0,14163.188849999999,220,9,2,27,hold,,False,1,3,2,28,False,no,none,none
legacy_first32,edge_score_event,event_trace,19,19,19:storage_in,19,21,27,47,10723.011150000002,2.0,14162.188849999999,223,10,2,27,hold,,False,1,3,2,28,False,no,none,none
legacy_first32,edge_score_event,event_trace,19,19,19:storage_in,19,21,27,47,10724.011150000002,3.0,14161.188849999999,226,11,-1,27,none,no_safe_action,True,0,3,3,28,False,no,none,none
legacy_first32,edge_score_event,event_trace,20,20,20:storage_in,20,22,3,47,10688.10327,0.0,13869.89673,158,1,0,16,move,,False,2,2,0,16,True,no,none,none
legacy_first32,edge_score_event,event_trace,20,20,20:storage_in,20,22,16,47,10690.70327,0.0,13868.89673,166,2,0,17,move,,False,3,3,0,17,True,no,none,none
legacy_first32,edge_score_event,event_trace,20,20,20:storage_in,20,22,17,47,10695.30327,0.0,13867.89673,176,3,0,18,move,,False,2,2,0,18,True,no,none,none
legacy_first32,edge_score_event,event_trace,20,20,20:storage_in,20,22,18,47,10697.90327,0.0,13866.896729999999,181,4,1,18,hold,,False,1,2,1,22,False,no,none,none
legacy_first32,edge_score_event,event_trace,20,20,20:storage_in,20,22,18,47,10698.90327,1.0,13865.896729999999,183,5,1,18,hold,,False,1,2,1,22,False,no,none,none
legacy_first32,edge_score_event,event_trace,20,20,20:storage_in,20,22,18,47,10699.90327,2.0,13864.896729999999,184,6,0,22,move,,False,2,2,0,22,True,no,none,none
legacy_first32,edge_score_event,event_trace,20,20,20:storage_in,20,22,22,47,10709.30327,2.0,13863.89673,198,7,2,22,hold,,False,2,3,1,24,False,no,none,none
legacy_first32,edge_score_event,event_trace,20,20,20:storage_in,20,22,22,47,10710.30327,3.0,13862.89673,201,8,2,22,hold,,False,2,3,1,24,False,no,none,none
legacy_first32,edge_score_event,event_trace,20,20,20:storage_in,20,22,22,47,10711.30327,4.0,13861.89673,203,9,0,24,move,,False,3,3,0,24,True,no,none,none
legacy_first32,edge_score_event,event_trace,20,20,20:storage_in,20,22,24,47,10722.70327,4.0,13860.89673,221,10,0,27,move,,False,2,2,0,27,True,no,none,none
legacy_first32,edge_score_event,event_trace,20,20,20:storage_in,20,22,27,47,10725.30327,4.0,13859.89673,228,11,0,28,move,,False,2,3,1,28,True,no,none,none
legacy_first32,edge_score_event,event_trace,20,20,20:storage_in,20,22,28,47,10737.10327,4.0,13858.89673,232,12,1,47,move,,False,3,3,0,47,True,no,none,none
legacy_first32,edge_score_event,event_trace,21,21,21:storage_in,21,23,2,47,10689.43977,0.0,13866.960229999999,162,1,0,9,move,,False,2,2,0,9,True,no,none,none
legacy_first32,edge_score_event,event_trace,21,21,21:storage_in,21,23,9,47,10694.039770000001,0.0,13865.960229999999,174,2,0,7,move,,False,3,3,0,10,False,no,none,none
legacy_first32,edge_score_event,event_trace,21,21,21:storage_in,21,23,7,47,10697.83977,0.0,13864.960229999999,180,3,0,8,move,,False,2,2,0,,False,no,none,none
legacy_first32,edge_score_event,event_trace,21,21,21:storage_in,21,23,8,47,10700.43977,0.0,13863.960229999999,187,4,0,11,move,,False,2,2,0,,False,no,none,none
legacy_first32,edge_score_event,event_trace,21,21,21:storage_in,21,23,11,47,10704.639770000002,0.0,13862.960229999999,190,5,2,11,hold,,False,1,3,2,,False,no,none,none
legacy_first32,edge_score_event,event_trace,21,21,21:storage_in,21,23,11,47,10705.639770000002,1.0,13861.960229999999,191,6,2,11,hold,,False,1,3,2,,False,no,none,none
legacy_first32,edge_score_event,event_trace,21,21,21:storage_in,21,23,11,47,10706.639770000002,2.0,13860.960229999999,193,7,2,11,hold,,False,1,3,2,,False,no,none,none
legacy_first32,edge_score_event,event_trace,21,21,21:storage_in,21,23,11,47,10707.639770000002,3.0,13859.960229999999,195,8,2,11,hold,,False,1,3,2,,False,no,none,none
legacy_first32,edge_score_event,event_trace,21,21,21:storage_in,21,23,11,47,10708.639770000002,4.0,13858.960229999999,197,9,2,11,hold,,False,1,3,2,,False,no,none,none
legacy_first32,edge_score_event,event_trace,21,21,21:storage_in,21,23,11,47,10709.639770000002,5.0,13857.960229999999,199,10,1,14,move,,False,2,3,1,,False,no,none,none
legacy_first32,edge_score_event,event_trace,21,21,21:storage_in,21,23,14,47,10723.43977,5.0,13834.960229999999,224,11,0,46,move,,False,2,2,0,46,True,no,none,none
legacy_first32,edge_score_event,event_trace,21,21,21:storage_in,21,23,46,47,10726.039770000001,5.0,13833.960229999999,229,12,1,36,move,,False,2,3,1,36,True,no,none,none
legacy_first32,edge_score_event,event_trace,21,21,21:storage_in,21,23,36,47,10741.83977,5.0,13832.960229999999,234,13,0,38,move,,False,2,3,1,38,True,no,none,none
legacy_first32,edge_score_event,event_trace,21,21,21:storage_in,21,23,38,47,10755.63977,5.0,13831.96023,236,14,1,39,move,,False,2,3,1,39,True,no,none,none
legacy_first32,edge_score_event,event_trace,21,21,21:storage_in,21,23,39,47,10765.03977,5.0,13830.96023,237,15,1,47,move,,False,3,3,0,47,True,no,none,none
legacy_first32,edge_score_event,event_trace,22,22,22:storage_in,22,24,4,47,10812.77765,0.0,12246.82235,238,1,0,17,move,,False,2,2,0,17,True,no,none,none
legacy_first32,edge_score_event,event_trace,22,22,22:storage_in,22,24,17,47,10817.37765,0.0,12245.82235,239,2,0,18,move,,False,2,2,0,18,True,no,none,none
legacy_first32,edge_score_event,event_trace,22,22,22:storage_in,22,24,18,47,10819.97765,0.0,12244.822349999999,240,3,0,22,move,,False,2,2,0,22,True,no,none,none
legacy_first32,edge_score_event,event_trace,22,22,22:storage_in,22,24,22,47,10829.37765,0.0,12243.82235,241,4,0,24,move,,False,3,3,0,24,True,no,none,none
legacy_first32,edge_score_event,event_trace,22,22,22:storage_in,22,24,24,47,10840.77765,0.0,12242.82235,242,5,0,27,move,,False,2,2,0,27,True,no,none,none
legacy_first32,edge_score_event,event_trace,22,22,22:storage_in,22,24,27,47,10843.37765,0.0,12241.82235,243,6,0,28,move,,False,2,3,1,28,True,no,none,none
legacy_first32,edge_score_event,event_trace,22,22,22:storage_in,22,24,28,47,10855.17765,0.0,12240.82235,244,7,1,47,move,,False,3,3,0,47,True,no,none,none
legacy_first32,edge_score_event,event_trace,23,23,23:storage_in,23,25,5,47,11251.84541,0.0,13308.55459,245,1,0,19,move,,False,2,2,0,19,True,no,none,none
legacy_first32,edge_score_event,event_trace,23,23,23:storage_in,23,25,19,47,11254.44541,0.0,13307.55459,246,2,0,18,move,,False,3,3,0,18,True,no,none,none
legacy_first32,edge_score_event,event_trace,23,23,23:storage_in,23,25,18,47,11258.24541,0.0,13306.55459,249,3,0,22,move,,False,2,2,0,22,True,no,none,none
legacy_first32,edge_score_event,event_trace,23,23,23:storage_in,23,25,22,47,11267.64541,0.0,13305.554590000002,255,4,0,24,move,,False,3,3,0,24,True,no,none,none
legacy_first32,edge_score_event,event_trace,23,23,23:storage_in,23,25,24,47,11279.045409999999,0.0,13304.554590000002,277,5,0,27,move,,False,2,2,0,27,True,no,none,none
legacy_first32,edge_score_event,event_trace,23,23,23:storage_in,23,25,27,47,11281.64541,0.0,13303.554590000002,282,6,0,28,move,,False,2,3,1,28,True,no,none,none
legacy_first32,edge_score_event,event_trace,23,23,23:storage_in,23,25,28,47,11293.445409999998,0.0,13302.554590000002,295,7,1,47,move,,False,3,3,0,47,True,no,none,none
legacy_first32,edge_score_event,event_trace,24,24,24:storage_in,24,26,3,47,11254.48296,0.0,13603.51704,247,1,0,16,move,,False,2,2,0,16,True,no,none,none
legacy_first32,edge_score_event,event_trace,24,24,24:storage_in,24,26,16,47,11257.08296,0.0,13602.51704,248,2,0,17,move,,False,3,3,0,21,False,no,none,none
legacy_first32,edge_score_event,event_trace,24,24,24:storage_in,24,26,17,47,11261.68296,0.0,13601.51704,250,3,0,18,move,,False,2,2,0,,False,no,none,none
legacy_first32,edge_score_event,event_trace,24,24,24:storage_in,24,26,18,47,11264.28296,0.0,13600.517039999999,251,4,1,18,hold,,False,1,2,1,,False,no,none,none
legacy_first32,edge_score_event,event_trace,24,24,24:storage_in,24,26,18,47,11265.28296,1.0,13599.517039999999,252,5,1,18,hold,,False,1,2,1,,False,no,none,none
legacy_first32,edge_score_event,event_trace,24,24,24:storage_in,24,26,18,47,11266.28296,2.0,13598.517039999999,253,6,1,18,hold,,False,1,2,1,,False,no,none,none
legacy_first32,edge_score_event,event_trace,24,24,24:storage_in,24,26,18,47,11267.28296,3.0,13597.517039999999,254,7,0,22,move,,False,2,2,0,,False,no,none,none
legacy_first32,edge_score_event,event_trace,24,24,24:storage_in,24,26,22,47,11276.68296,3.0,13596.51704,270,8,2,22,hold,,False,2,3,1,,False,no,none,none
legacy_first32,edge_score_event,event_trace,24,24,24:storage_in,24,26,22,47,11277.68296,4.0,13595.51704,275,9,2,22,hold,,False,2,3,1,,False,no,none,none
legacy_first32,edge_score_event,event_trace,24,24,24:storage_in,24,26,22,47,11278.68296,5.0,13594.51704,276,10,0,24,move,,False,3,3,0,,False,no,none,none
legacy_first32,edge_score_event,event_trace,24,24,24:storage_in,24,26,24,47,11290.08296,5.0,13593.51704,293,11,0,27,move,,False,2,2,0,27,True,no,none,none
legacy_first32,edge_score_event,event_trace,24,24,24:storage_in,24,26,27,47,11292.68296,5.0,13592.51704,294,12,0,28,move,,False,2,3,1,28,True,no,none,none
legacy_first32,edge_score_event,event_trace,24,24,24:storage_in,24,26,28,47,11304.48296,5.0,13591.51704,305,13,1,47,move,,False,3,3,0,47,True,no,none,none
legacy_first32,edge_score_event,event_trace,25,25,25:storage_in,25,27,4,47,11267.81636,0.0,13291.78364,256,1,0,17,move,,False,2,2,0,17,True,no,none,none
legacy_first32,edge_score_event,event_trace,25,25,25:storage_in,25,27,17,47,11272.416360000001,0.0,13290.78364,262,2,0,18,move,,False,2,2,0,18,True,no,none,none
legacy_first32,edge_score_event,event_trace,25,25,25:storage_in,25,27,18,47,11275.016360000001,0.0,13289.783639999998,267,3,-1,18,none,no_safe_action,True,0,2,2,22,False,no,none,none
legacy_first32,edge_score_event,event_trace,26,26,26:storage_in,26,28,4,47,11269.33434,0.0,12090.265660000001,257,1,1,4,hold,,False,1,2,1,17,False,no,none,none
legacy_first32,edge_score_event,event_trace,26,26,26:storage_in,26,28,4,47,11270.33434,1.0,12089.265660000001,258,2,1,4,hold,,False,1,2,1,17,False,no,none,none
legacy_first32,edge_score_event,event_trace,26,26,26:storage_in,26,28,4,47,11271.33434,2.0,12088.265660000001,260,3,1,4,hold,,False,1,2,1,17,False,no,none,none
legacy_first32,edge_score_event,event_trace,26,26,26:storage_in,26,28,4,47,11272.33434,3.0,12087.265660000001,261,4,0,17,move,,False,2,2,0,17,True,no,none,none
legacy_first32,edge_score_event,event_trace,26,26,26:storage_in,26,28,17,47,11276.93434,3.0,12086.265660000001,272,5,0,18,move,,False,2,2,0,18,True,no,none,none
legacy_first32,edge_score_event,event_trace,26,26,26:storage_in,26,28,18,47,11279.53434,3.0,12085.26566,278,6,-1,18,none,no_safe_action,True,0,2,2,22,False,no,none,none
legacy_first32,edge_score_event,event_trace,27,27,27:storage_in,27,29,5,47,11270.51203,0.0,10889.88797,259,1,0,19,move,,False,2,2,0,19,True,no,none,none
legacy_first32,edge_score_event,event_trace,27,27,27:storage_in,27,29,19,47,11273.11203,0.0,10888.88797,263,2,0,18,move,,False,3,3,0,18,True,no,none,none
legacy_first32,edge_score_event,event_trace,27,27,27:storage_in,27,29,18,47,11276.91203,0.0,10887.88797,271,3,0,22,move,,False,2,2,0,22,True,no,none,none
legacy_first32,edge_score_event,event_trace,27,27,27:storage_in,27,29,22,47,11286.31203,0.0,10886.887970000002,291,4,1,26,move,,False,2,3,1,24,False,no,none,none
legacy_first32,edge_score_event,event_trace,27,27,27:storage_in,27,29,26,47,11294.112029999998,0.0,10857.887970000002,296,5,0,43,move,,False,2,2,0,,False,no,none,none
legacy_first32,edge_score_event,event_trace,27,27,27:storage_in,27,29,43,47,11296.712029999999,0.0,10856.887970000002,298,6,0,15,move,,False,2,2,0,,False,no,none,none
legacy_first32,edge_score_event,event_trace,27,27,27:storage_in,27,29,15,47,11300.91203,0.0,10855.88797,300,7,0,14,move,,False,2,2,0,,False,no,none,none
legacy_first32,edge_score_event,event_trace,27,27,27:storage_in,27,29,14,47,11303.51203,0.0,10854.88797,304,8,0,46,move,,False,2,2,0,,False,no,none,none
legacy_first32,edge_score_event,event_trace,27,27,27:storage_in,27,29,46,47,11306.11203,0.0,10853.88797,307,9,2,46,hold,,False,1,3,2,,False,no,none,none
legacy_first32,edge_score_event,event_trace,27,27,27:storage_in,27,29,46,47,11307.11203,1.0,10852.88797,309,10,2,46,hold,,False,1,3,2,,False,no,none,none
legacy_first32,edge_score_event,event_trace,27,27,27:storage_in,27,29,46,47,11308.11203,2.0,10851.88797,310,11,2,46,hold,,False,1,3,2,,False,no,none,none
legacy_first32,edge_score_event,event_trace,27,27,27:storage_in,27,29,46,47,11309.11203,3.0,10850.88797,312,12,2,46,hold,,False,1,3,2,,False,no,none,none
legacy_first32,edge_score_event,event_trace,27,27,27:storage_in,27,29,46,47,11310.11203,4.0,10849.88797,314,13,2,46,hold,,False,1,3,2,,False,no,none,none
legacy_first32,edge_score_event,event_trace,27,27,27:storage_in,27,29,46,47,11311.11203,5.0,10848.88797,315,14,2,46,hold,,False,1,3,2,,False,no,none,none
legacy_first32,edge_score_event,event_trace,27,27,27:storage_in,27,29,46,47,11312.11203,6.0,10847.88797,317,15,2,46,hold,,False,1,3,2,,False,no,none,none
legacy_first32,edge_score_event,event_trace,27,27,27:storage_in,27,29,46,47,11313.11203,7.0,10846.88797,319,16,2,46,hold,,False,1,3,2,,False,no,none,none
legacy_first32,edge_score_event,event_trace,27,27,27:storage_in,27,29,46,47,11314.11203,8.0,10845.88797,320,17,-1,46,none,no_safe_action,True,0,3,3,,False,no,none,none
legacy_first32,edge_score_event,event_trace,28,28,28:storage_in,28,30,3,47,11273.14959,0.0,10884.85041,264,1,0,16,move,,False,2,2,0,16,True,no,none,none
legacy_first32,edge_score_event,event_trace,28,28,28:storage_in,28,30,16,47,11275.749590000001,0.0,10883.85041,268,2,0,17,move,,False,3,3,0,17,True,no,none,none
legacy_first32,edge_score_event,event_trace,28,28,28:storage_in,28,30,17,47,11280.349590000002,0.0,10882.85041,279,3,0,18,move,,False,2,2,0,18,True,no,none,none
legacy_first32,edge_score_event,event_trace,28,28,28:storage_in,28,30,18,47,11282.949590000002,0.0,10881.850409999997,284,4,1,18,hold,,False,1,2,1,22,False,no,none,none
legacy_first32,edge_score_event,event_trace,28,28,28:storage_in,28,30,18,47,11283.949590000002,1.0,10880.850409999997,285,5,1,18,hold,,False,1,2,1,22,False,no,none,none
legacy_first32,edge_score_event,event_trace,28,28,28:storage_in,28,30,18,47,11284.949590000002,2.0,10879.850409999997,287,6,1,18,hold,,False,1,2,1,22,False,no,none,none
legacy_first32,edge_score_event,event_trace,28,28,28:storage_in,28,30,18,47,11285.949590000002,3.0,10878.850409999997,290,7,0,22,move,,False,2,2,0,22,True,no,none,none
legacy_first32,edge_score_event,event_trace,28,28,28:storage_in,28,30,22,47,11295.349590000002,3.0,10877.85041,297,8,1,26,move,,False,3,3,0,24,False,no,none,none
legacy_first32,edge_score_event,event_trace,28,28,28:storage_in,28,30,26,47,11303.14959,3.0,10848.85041,303,9,0,43,move,,False,2,2,0,,False,no,none,none
legacy_first32,edge_score_event,event_trace,28,28,28:storage_in,28,30,43,47,11305.749590000001,3.0,10847.85041,306,10,0,15,move,,False,2,2,0,,False,no,none,none
legacy_first32,edge_score_event,event_trace,28,28,28:storage_in,28,30,15,47,11309.949590000002,3.0,10846.850409999997,313,11,0,14,move,,False,2,2,0,,False,no,none,none
legacy_first32,edge_score_event,event_trace,28,28,28:storage_in,28,30,14,47,11312.549590000002,3.0,10845.850409999997,318,12,0,46,move,,False,2,2,0,,False,no,none,none
legacy_first32,edge_score_event,event_trace,28,28,28:storage_in,28,30,46,47,11315.149590000003,3.0,10844.850409999997,321,13,2,46,hold,,False,1,3,2,,False,no,none,none
legacy_first32,edge_score_event,event_trace,28,28,28:storage_in,28,30,46,47,11316.149590000003,4.0,10843.850409999997,322,14,2,46,hold,,False,1,3,2,,False,no,none,none
legacy_first32,edge_score_event,event_trace,28,28,28:storage_in,28,30,46,47,11317.149590000003,5.0,10842.850409999997,323,15,1,36,move,,False,2,3,1,,False,no,none,none
legacy_first32,edge_score_event,event_trace,28,28,28:storage_in,28,30,36,47,11332.949590000002,5.0,10841.850409999997,327,16,0,38,move,,False,2,3,1,,False,no,none,none
legacy_first32,edge_score_event,event_trace,28,28,28:storage_in,28,30,38,47,11346.749590000001,5.0,10840.85041,329,17,1,39,move,,False,2,3,1,,False,no,none,none
legacy_first32,edge_score_event,event_trace,28,28,28:storage_in,28,30,39,47,11356.14959,5.0,10839.85041,330,18,1,47,move,,False,3,3,0,,False,no,none,none
legacy_first32,edge_score_event,event_trace,29,29,29:storage_in,29,31,0,47,11273.43982,0.0,13288.16018,265,1,0,6,move,,False,2,2,0,6,True,no,none,none
legacy_first32,edge_score_event,event_trace,29,29,29:storage_in,29,31,6,47,11277.63982,0.0,13287.160179999999,274,2,0,8,move,,False,3,3,0,12,False,no,none,none
legacy_first32,edge_score_event,event_trace,29,29,29:storage_in,29,31,8,47,11281.43982,0.0,13282.96018,281,3,0,11,move,,False,2,2,0,,False,no,none,none
legacy_first32,edge_score_event,event_trace,29,29,29:storage_in,29,31,11,47,11285.63982,0.0,13281.96018,289,4,1,14,move,,False,3,3,0,,False,no,none,none
legacy_first32,edge_score_event,event_trace,29,29,29:storage_in,29,31,14,47,11299.43982,0.0,13258.96018,299,5,0,46,move,,False,2,2,0,,False,no,none,none
legacy_first32,edge_score_event,event_trace,29,29,29:storage_in,29,31,46,47,11302.03982,0.0,13257.96018,302,6,1,36,move,,False,2,3,1,,False,no,none,none
legacy_first32,edge_score_event,event_trace,29,29,29:storage_in,29,31,36,47,11317.83982,0.0,13256.96018,324,7,0,38,move,,False,2,3,1,,False,no,none,none
legacy_first32,edge_score_event,event_trace,29,29,29:storage_in,29,31,38,47,11331.639819999999,0.0,13255.960180000002,326,8,1,39,move,,False,2,3,1,,False,no,none,none
legacy_first32,edge_score_event,event_trace,29,29,29:storage_in,29,31,39,47,11341.039819999998,0.0,13254.960180000002,328,9,1,47,move,,False,3,3,0,,False,no,none,none
legacy_first32,edge_score_event,event_trace,30,30,30:storage_in,30,32,5,47,11274.66746,0.0,13285.732539999999,266,1,0,19,move,,False,2,2,0,19,True,no,none,none
legacy_first32,edge_score_event,event_trace,30,30,30:storage_in,30,32,19,47,11277.267460000001,0.0,13284.732539999999,273,2,0,18,move,,False,3,3,0,25,False,no,none,none
legacy_first32,edge_score_event,event_trace,30,30,30:storage_in,30,32,18,47,11281.06746,0.0,13283.732539999999,280,3,-1,18,none,no_safe_action,True,0,2,2,,False,no,none,none
legacy_first32,edge_score_event,event_trace,31,31,31:storage_in,31,33,1,47,11276.14448,0.0,13281.85552,269,1,0,7,move,,False,2,2,0,7,True,no,none,none
legacy_first32,edge_score_event,event_trace,31,31,31:storage_in,31,33,7,47,11281.94448,0.0,13280.85552,283,2,0,8,move,,False,2,2,0,8,True,no,none,none
legacy_first32,edge_score_event,event_trace,31,31,31:storage_in,31,33,8,47,11284.54448,0.0,13279.85552,286,3,1,8,hold,,False,1,2,1,11,False,no,none,none
legacy_first32,edge_score_event,event_trace,31,31,31:storage_in,31,33,8,47,11285.54448,1.0,13278.85552,288,4,0,11,move,,False,2,2,0,11,True,no,none,none
legacy_first32,edge_score_event,event_trace,31,31,31:storage_in,31,33,11,47,11289.744480000001,1.0,13277.85552,292,5,0,13,move,,False,2,3,1,14,False,no,none,none
legacy_first32,edge_score_event,event_trace,31,31,31:storage_in,31,33,13,47,11301.944480000002,1.0,13276.855519999997,301,6,0,23,move,,False,2,2,0,,False,no,none,none
legacy_first32,edge_score_event,event_trace,31,31,31:storage_in,31,33,23,47,11306.144480000003,1.0,13275.855519999997,308,7,0,24,move,,False,2,2,0,,False,no,none,none
legacy_first32,edge_score_event,event_trace,31,31,31:storage_in,31,33,24,47,11308.744480000003,1.0,13274.855519999997,311,8,0,27,move,,False,2,2,0,,False,no,none,none
legacy_first32,edge_score_event,event_trace,31,31,31:storage_in,31,33,27,47,11311.344480000003,1.0,13273.855519999997,316,9,0,28,move,,False,2,3,1,,False,no,none,none
legacy_first32,edge_score_event,event_trace,31,31,31:storage_in,31,33,28,47,11323.144480000003,1.0,13272.855519999997,325,10,1,47,move,,False,3,3,0,,False,no,none,none
legacy_first32,fallback_event,event_trace,0,0,0:storage_in,0,2,3,47,8267.845453,0.0,13890.154547,1,1,-1,16,move,,True,2,2,0,16,True,no,none,none
legacy_first32,fallback_event,event_trace,0,0,0:storage_in,0,2,16,47,8270.445453,0.0,13889.154547,2,2,-1,21,move,,True,3,3,0,17,False,no,none,none
legacy_first32,fallback_event,event_trace,0,0,0:storage_in,0,2,21,47,8294.245453,0.0,13882.954547000001,3,3,-1,23,move,,True,2,2,0,,False,no,none,none
legacy_first32,fallback_event,event_trace,0,0,0:storage_in,0,2,23,47,8300.045452999999,0.0,13881.954547000001,4,4,-1,24,move,,True,2,2,0,,False,no,none,none
legacy_first32,fallback_event,event_trace,0,0,0:storage_in,0,2,24,47,8302.645453,0.0,13880.954547000001,5,5,-1,27,move,,True,2,2,0,27,True,no,none,none
legacy_first32,fallback_event,event_trace,0,0,0:storage_in,0,2,27,47,8305.245453,0.0,13879.954547000001,6,6,-1,28,move,,True,2,3,1,28,True,no,none,none
legacy_first32,fallback_event,event_trace,0,0,0:storage_in,0,2,28,47,8317.045452999999,0.0,13878.954547000001,7,7,-1,47,move,,True,3,3,0,47,True,no,none,none
legacy_first32,fallback_event,event_trace,1,1,1:storage_in,1,3,4,47,8867.845453,0.0,13291.754547,8,1,-1,17,move,,True,2,2,0,17,True,no,none,none
legacy_first32,fallback_event,event_trace,1,1,1:storage_in,1,3,17,47,8872.445453,0.0,13290.754547,9,2,-1,18,move,,True,2,2,0,18,True,no,none,none
legacy_first32,fallback_event,event_trace,1,1,1:storage_in,1,3,18,47,8875.045453,0.0,13289.754546999999,10,3,-1,22,move,,True,2,2,0,22,True,no,none,none
legacy_first32,fallback_event,event_trace,1,1,1:storage_in,1,3,22,47,8884.445453,0.0,13288.754547,18,4,-1,24,move,,True,3,3,0,24,True,no,none,none
legacy_first32,fallback_event,event_trace,1,1,1:storage_in,1,3,24,47,8895.845453,0.0,13287.754547,20,5,-1,27,move,,True,2,2,0,27,True,no,none,none
legacy_first32,fallback_event,event_trace,1,1,1:storage_in,1,3,27,47,8898.445453,0.0,13286.754547,21,6,-1,28,move,,True,2,3,1,28,True,no,none,none
legacy_first32,fallback_event,event_trace,1,1,1:storage_in,1,3,28,47,8910.245453,0.0,13285.754547,26,7,-1,47,move,,True,3,3,0,47,True,no,none,none
legacy_first32,fallback_event,event_trace,2,2,2:storage_in,2,4,5,47,8875.816299,0.0,13284.583701,11,1,-1,19,move,,True,2,2,0,19,True,no,none,none
legacy_first32,fallback_event,event_trace,2,2,2:storage_in,2,4,19,47,8878.416299,0.0,13283.583701,12,2,-1,18,move,,True,3,3,0,18,True,no,none,none
legacy_first32,fallback_event,event_trace,2,2,2:storage_in,2,4,18,47,8882.216299,0.0,13282.583701,14,3,-1,18,hold,,True,1,2,1,22,False,no,none,none
legacy_first32,fallback_event,event_trace,2,2,2:storage_in,2,4,18,47,8883.216299,1.0,13281.583701,16,4,-1,18,hold,,True,1,2,1,22,False,no,none,none
legacy_first32,fallback_event,event_trace,2,2,2:storage_in,2,4,18,47,8884.216299,2.0,13280.583701,17,5,-1,22,move,,True,2,2,0,22,True,no,none,none
legacy_first32,fallback_event,event_trace,2,2,2:storage_in,2,4,22,47,8893.616299,2.0,13279.583701000001,19,6,-1,26,move,,True,2,3,1,24,False,no,none,none
legacy_first32,fallback_event,event_trace,2,2,2:storage_in,2,4,26,47,8901.416298999999,2.0,13250.583701000001,22,7,-1,43,move,,True,2,2,0,,False,no,none,none
legacy_first32,fallback_event,event_trace,2,2,2:storage_in,2,4,43,47,8904.016298999999,2.0,13249.583701000001,23,8,-1,15,move,,True,2,2,0,,False,no,none,none
legacy_first32,fallback_event,event_trace,2,2,2:storage_in,2,4,15,47,8908.216299,2.0,13248.583701,25,9,-1,14,move,,True,2,2,0,,False,no,none,none
legacy_first32,fallback_event,event_trace,2,2,2:storage_in,2,4,14,47,8910.816299,2.0,13247.583701,27,10,-1,46,move,,True,2,2,0,,False,no,none,none
legacy_first32,fallback_event,event_trace,2,2,2:storage_in,2,4,46,47,8913.416299,2.0,13246.583701,29,11,-1,36,move,,True,2,3,1,,False,no,none,none
legacy_first32,fallback_event,event_trace,2,2,2:storage_in,2,4,36,47,8929.216299,2.0,13245.583701,33,12,-1,38,move,,True,2,3,1,,False,no,none,none
legacy_first32,fallback_event,event_trace,2,2,2:storage_in,2,4,38,47,8943.016298999999,2.0,13244.583701000001,34,13,-1,39,move,,True,2,3,1,,False,no,none,none
legacy_first32,fallback_event,event_trace,2,2,2:storage_in,2,4,39,47,8952.416298999999,2.0,13243.583701000001,35,14,-1,47,move,,True,3,3,0,,False,no,none,none
legacy_first32,fallback_event,event_trace,3,3,3:storage_in,3,5,3,47,8880.000872,0.0,13277.999128,13,1,-1,16,move,,True,2,2,0,16,True,no,none,none
legacy_first32,fallback_event,event_trace,3,3,3:storage_in,3,5,16,47,8882.600872,0.0,13276.999128,15,2,-1,21,move,,True,3,3,0,17,False,no,none,none
legacy_first32,fallback_event,event_trace,3,3,3:storage_in,3,5,21,47,8906.400872,0.0,13270.799128,24,3,-1,23,move,,True,2,2,0,,False,no,none,none
legacy_first32,fallback_event,event_trace,3,3,3:storage_in,3,5,23,47,8912.200872,0.0,13269.799128,28,4,-1,24,move,,True,2,2,0,,False,no,none,none
legacy_first32,fallback_event,event_trace,3,3,3:storage_in,3,5,24,47,8914.800872,0.0,13268.799128,30,5,-1,27,move,,True,2,2,0,27,True,no,none,none
legacy_first32,fallback_event,event_trace,3,3,3:storage_in,3,5,27,47,8917.400872,0.0,13267.799128,31,6,-1,28,move,,True,2,3,1,28,True,no,none,none
legacy_first32,fallback_event,event_trace,3,3,3:storage_in,3,5,28,47,8929.200872,0.0,13266.799128,32,7,-1,47,move,,True,3,3,0,47,True,no,none,none
legacy_first32,fallback_event,event_trace,4,4,4:storage_in,4,6,3,47,9462.482986,0.0,12695.517014,36,1,-1,16,move,,True,2,2,0,16,True,no,none,none
legacy_first32,fallback_event,event_trace,4,4,4:storage_in,4,6,16,47,9465.082986000001,0.0,12694.517014,37,2,-1,21,move,,True,3,3,0,17,False,no,none,none
legacy_first32,fallback_event,event_trace,4,4,4:storage_in,4,6,21,47,9488.882986,0.0,12688.317014,42,3,-1,23,move,,True,2,2,0,,False,no,none,none
legacy_first32,fallback_event,event_trace,4,4,4:storage_in,4,6,23,47,9494.682986,0.0,12687.317014,43,4,-1,24,move,,True,2,2,0,,False,no,none,none
legacy_first32,fallback_event,event_trace,4,4,4:storage_in,4,6,24,47,9497.282986,0.0,12686.317014,44,5,-1,27,move,,True,1,2,1,27,True,no,none,none
legacy_first32,fallback_event,event_trace,4,4,4:storage_in,4,6,27,47,9499.882986,0.0,12685.317014,47,6,-1,28,move,,True,2,3,1,28,True,no,none,none
legacy_first32,fallback_event,event_trace,4,4,4:storage_in,4,6,28,47,9511.682986,0.0,12684.317014,58,7,-1,47,move,,True,3,3,0,47,True,no,none,none
legacy_first32,fallback_event,event_trace,5,5,5:storage_in,5,7,4,47,9470.615484,0.0,13588.984516,38,1,-1,17,move,,True,2,2,0,17,True,no,none,none
legacy_first32,fallback_event,event_trace,5,5,5:storage_in,5,7,17,47,9475.215484,0.0,13587.984516,39,2,-1,18,move,,True,2,2,0,18,True,no,none,none
legacy_first32,fallback_event,event_trace,5,5,5:storage_in,5,7,18,47,9477.815484,0.0,13586.984515999999,40,3,-1,22,move,,True,2,2,0,22,True,no,none,none
legacy_first32,fallback_event,event_trace,5,5,5:storage_in,5,7,22,47,9487.215484,0.0,13585.984516,41,4,-1,24,move,,True,3,3,0,24,True,no,none,none
legacy_first32,fallback_event,event_trace,5,5,5:storage_in,5,7,24,47,9498.615484,0.0,13584.984516,45,5,-1,24,hold,,True,1,2,1,27,False,no,none,none
legacy_first32,fallback_event,event_trace,5,5,5:storage_in,5,7,24,47,9499.615484,1.0,13583.984516,46,6,-1,27,move,,True,2,2,0,27,True,no,none,none
legacy_first32,fallback_event,event_trace,5,5,5:storage_in,5,7,27,47,9502.215484,1.0,13582.984516,48,7,-1,27,hold,,True,1,3,2,28,False,no,none,none
legacy_first32,fallback_event,event_trace,5,5,5:storage_in,5,7,27,47,9503.215484,2.0,13581.984516,49,8,-1,27,hold,,True,1,3,2,28,False,no,none,none
legacy_first32,fallback_event,event_trace,5,5,5:storage_in,5,7,27,47,9504.215484,3.0,13580.984516,50,9,-1,27,hold,,True,1,3,2,28,False,no,none,none
legacy_first32,fallback_event,event_trace,5,5,5:storage_in,5,7,27,47,9505.215484,4.0,13579.984516,51,10,-1,27,hold,,True,1,3,2,28,False,no,none,none
legacy_first32,fallback_event,event_trace,5,5,5:storage_in,5,7,27,47,9506.215484,5.0,13578.984516,52,11,-1,27,hold,,True,1,3,2,28,False,no,none,none
legacy_first32,fallback_event,event_trace,5,5,5:storage_in,5,7,27,47,9507.215484,6.0,13577.984516,53,12,-1,27,hold,,True,1,3,2,28,False,no,none,none
legacy_first32,fallback_event,event_trace,5,5,5:storage_in,5,7,27,47,9508.215484,7.0,13576.984516,54,13,-1,27,hold,,True,1,3,2,28,False,no,none,none
legacy_first32,fallback_event,event_trace,5,5,5:storage_in,5,7,27,47,9509.215484,8.0,13575.984516,55,14,-1,27,hold,,True,1,3,2,28,False,no,none,none
legacy_first32,fallback_event,event_trace,5,5,5:storage_in,5,7,27,47,9510.215484,9.0,13574.984516,56,15,-1,27,hold,,True,1,3,2,28,False,no,none,none
legacy_first32,fallback_event,event_trace,5,5,5:storage_in,5,7,27,47,9511.215484,10.0,13573.984516,57,16,-1,28,move,,True,2,3,1,28,True,no,none,none
legacy_first32,fallback_event,event_trace,5,5,5:storage_in,5,7,28,47,9523.015484,10.0,13572.984516,59,17,-1,47,move,,True,3,3,0,47,True,no,none,none
legacy_first32,fallback_event,event_trace,6,6,6:storage_in,6,8,5,47,10062.62162,0.0,12097.77838,60,1,-1,19,move,,True,2,2,0,19,True,no,none,none
legacy_first32,fallback_event,event_trace,6,6,6:storage_in,6,8,19,47,10065.22162,0.0,12096.77838,61,2,-1,18,move,,True,3,3,0,18,True,no,none,none
legacy_first32,fallback_event,event_trace,6,6,6:storage_in,6,8,18,47,10069.02162,0.0,12095.77838,62,3,-1,22,move,,True,2,2,0,22,True,no,none,none
legacy_first32,fallback_event,event_trace,6,6,6:storage_in,6,8,22,47,10078.42162,0.0,12094.778380000002,65,4,-1,24,move,,True,3,3,0,24,True,no,none,none
legacy_first32,fallback_event,event_trace,6,6,6:storage_in,6,8,24,47,10089.821619999999,0.0,12093.778380000002,71,5,-1,27,move,,True,2,2,0,27,True,no,none,none
legacy_first32,fallback_event,event_trace,6,6,6:storage_in,6,8,27,47,10092.42162,0.0,12092.778380000002,74,6,-1,28,move,,True,2,3,1,28,True,no,none,none
legacy_first32,fallback_event,event_trace,6,6,6:storage_in,6,8,28,47,10104.221619999998,0.0,12091.778380000002,90,7,-1,47,move,,True,3,3,0,47,True,no,none,none
legacy_first32,fallback_event,event_trace,7,7,7:storage_in,7,9,3,47,10073.28213,0.0,12084.71787,63,1,-1,16,move,,True,2,2,0,16,True,no,none,none
legacy_first32,fallback_event,event_trace,7,7,7:storage_in,7,9,16,47,10075.88213,0.0,12083.71787,64,2,-1,21,move,,True,3,3,0,17,False,no,none,none
legacy_first32,fallback_event,event_trace,7,7,7:storage_in,7,9,21,47,10099.68213,0.0,12077.517870000001,85,3,-1,23,move,,True,2,2,0,,False,no,none,none
legacy_first32,fallback_event,event_trace,7,7,7:storage_in,7,9,23,47,10105.482129999999,0.0,12076.517870000001,92,4,-1,24,move,,True,2,2,0,,False,no,none,none
legacy_first32,fallback_event,event_trace,7,7,7:storage_in,7,9,24,47,10108.082129999999,0.0,12075.517870000001,93,5,-1,27,move,,True,2,2,0,27,True,no,none,none
legacy_first32,fallback_event,event_trace,7,7,7:storage_in,7,9,27,47,10110.68213,0.0,12074.517870000001,95,6,-1,28,move,,True,2,3,1,28,True,no,none,none
legacy_first32,fallback_event,event_trace,7,7,7:storage_in,7,9,28,47,10122.482129999999,0.0,12073.517870000001,113,7,-1,47,move,,True,3,3,0,47,True,no,none,none
legacy_first32,fallback_event,event_trace,8,8,8:storage_in,8,10,0,47,10084.10648,0.0,13277.49352,66,1,-1,6,move,,True,2,2,0,6,True,no,none,none
legacy_first32,fallback_event,event_trace,8,8,8:storage_in,8,10,6,47,10088.306480000001,0.0,13276.493519999998,69,2,-1,12,move,,True,3,3,0,8,False,no,none,none
legacy_first32,fallback_event,event_trace,8,8,8:storage_in,8,10,12,47,10099.306480000001,0.0,13275.493519999998,83,3,-1,13,move,,True,2,2,0,,False,no,none,none
legacy_first32,fallback_event,event_trace,8,8,8:storage_in,8,10,13,47,10104.306480000001,0.0,13274.493519999998,91,4,-1,23,move,,True,2,2,0,,False,no,none,none
legacy_first32,fallback_event,event_trace,8,8,8:storage_in,8,10,23,47,10108.506480000002,0.0,13273.493519999998,94,5,-1,24,move,,True,2,2,0,,False,no,none,none
legacy_first32,fallback_event,event_trace,8,8,8:storage_in,8,10,24,47,10111.106480000002,0.0,13272.493519999998,97,6,-1,27,move,,True,2,2,0,,False,no,none,none
legacy_first32,fallback_event,event_trace,8,8,8:storage_in,8,10,27,47,10113.706480000003,0.0,13271.493519999998,99,7,-1,27,hold,,True,1,3,2,,False,no,none,none
legacy_first32,fallback_event,event_trace,8,8,8:storage_in,8,10,27,47,10114.706480000003,1.0,13270.493519999998,101,8,-1,27,none,no_safe_action,True,0,3,3,,False,no,none,none
legacy_first32,fallback_event,event_trace,9,9,9:storage_in,9,11,4,47,10085.33414,0.0,13274.26586,67,1,-1,17,move,,True,2,2,0,17,True,no,none,none
legacy_first32,fallback_event,event_trace,9,9,9:storage_in,9,11,17,47,10089.934140000001,0.0,13273.26586,72,2,-1,18,move,,True,2,2,0,18,True,no,none,none
legacy_first32,fallback_event,event_trace,9,9,9:storage_in,9,11,18,47,10092.534140000002,0.0,13272.265859999998,75,3,-1,22,move,,True,1,2,1,22,True,no,none,none
legacy_first32,fallback_event,event_trace,9,9,9:storage_in,9,11,22,47,10101.934140000001,0.0,13271.26586,88,4,-1,24,move,,True,3,3,0,24,True,no,none,none
legacy_first32,fallback_event,event_trace,9,9,9:storage_in,9,11,24,47,10113.33414,0.0,13270.26586,98,5,-1,27,move,,True,2,2,0,27,True,no,none,none
legacy_first32,fallback_event,event_trace,9,9,9:storage_in,9,11,27,47,10115.934140000001,0.0,13269.26586,102,6,-1,27,hold,,True,1,3,2,28,False,no,none,none
legacy_first32,fallback_event,event_trace,9,9,9:storage_in,9,11,27,47,10116.934140000001,1.0,13268.26586,103,7,-1,27,hold,,True,1,3,2,28,False,no,none,none
legacy_first32,fallback_event,event_trace,9,9,9:storage_in,9,11,27,47,10117.934140000001,2.0,13267.26586,104,8,-1,27,hold,,True,1,3,2,28,False,no,none,none
legacy_first32,fallback_event,event_trace,9,9,9:storage_in,9,11,27,47,10118.934140000001,3.0,13266.26586,107,9,-1,27,hold,,True,1,3,2,28,False,no,none,none
legacy_first32,fallback_event,event_trace,9,9,9:storage_in,9,11,27,47,10119.934140000001,4.0,13265.26586,108,10,-1,27,hold,,True,1,3,2,28,False,no,none,none
legacy_first32,fallback_event,event_trace,9,9,9:storage_in,9,11,27,47,10120.934140000001,5.0,13264.26586,109,11,-1,27,hold,,True,1,3,2,28,False,no,none,none
legacy_first32,fallback_event,event_trace,9,9,9:storage_in,9,11,27,47,10121.934140000001,6.0,13263.26586,112,12,-1,28,move,,True,1,3,2,28,True,no,none,none
legacy_first32,fallback_event,event_trace,9,9,9:storage_in,9,11,28,47,10133.73414,6.0,13262.26586,128,13,-1,47,move,,True,3,3,0,47,True,no,none,none
legacy_first32,fallback_event,event_trace,10,10,10:storage_in,10,12,5,47,10087.97294,0.0,12072.42706,68,1,-1,19,move,,True,2,2,0,19,True,no,none,none
legacy_first32,fallback_event,event_trace,10,10,10:storage_in,10,12,19,47,10090.57294,0.0,12071.42706,73,2,-1,18,move,,True,3,3,0,18,True,no,none,none
legacy_first32,fallback_event,event_trace,10,10,10:storage_in,10,12,18,47,10094.37294,0.0,12070.42706,76,3,-1,18,hold,,True,1,2,1,22,False,no,none,none
legacy_first32,fallback_event,event_trace,10,10,10:storage_in,10,12,18,47,10095.37294,1.0,12069.42706,78,4,-1,18,hold,,True,1,2,1,22,False,no,none,none
legacy_first32,fallback_event,event_trace,10,10,10:storage_in,10,12,18,47,10096.37294,2.0,12068.42706,79,5,-1,18,hold,,True,1,2,1,22,False,no,none,none
legacy_first32,fallback_event,event_trace,10,10,10:storage_in,10,12,18,47,10097.37294,3.0,12067.42706,80,6,-1,18,hold,,True,1,2,1,22,False,no,none,none
legacy_first32,fallback_event,event_trace,10,10,10:storage_in,10,12,18,47,10098.37294,4.0,12066.42706,82,7,-1,18,hold,,True,1,2,1,22,False,no,none,none
legacy_first32,fallback_event,event_trace,10,10,10:storage_in,10,12,18,47,10099.37294,5.0,12065.42706,84,8,-1,18,hold,,True,1,2,1,22,False,no,none,none
legacy_first32,fallback_event,event_trace,10,10,10:storage_in,10,12,18,47,10100.37294,6.0,12064.42706,86,9,-1,18,hold,,True,1,2,1,22,False,no,none,none
legacy_first32,fallback_event,event_trace,10,10,10:storage_in,10,12,18,47,10101.37294,7.0,12063.42706,87,10,-1,22,move,,True,2,2,0,22,True,no,none,none
legacy_first32,fallback_event,event_trace,10,10,10:storage_in,10,12,22,47,10110.772939999999,7.0,12062.427060000002,96,11,-1,26,move,,True,2,3,1,24,False,no,none,none
legacy_first32,fallback_event,event_trace,10,10,10:storage_in,10,12,26,47,10118.572939999998,7.0,12033.427060000002,106,12,-1,43,move,,True,2,2,0,,False,no,none,none
legacy_first32,fallback_event,event_trace,10,10,10:storage_in,10,12,43,47,10121.172939999999,7.0,12032.427060000002,111,13,-1,15,move,,True,2,2,0,,False,no,none,none
legacy_first32,fallback_event,event_trace,10,10,10:storage_in,10,12,15,47,10125.37294,7.0,12031.42706,116,14,-1,14,move,,True,2,2,0,,False,no,none,none
legacy_first32,fallback_event,event_trace,10,10,10:storage_in,10,12,14,47,10127.97294,7.0,12030.42706,120,15,-1,46,move,,True,2,2,0,,False,no,none,none
legacy_first32,fallback_event,event_trace,10,10,10:storage_in,10,12,46,47,10130.57294,7.0,12029.42706,123,16,-1,36,move,,True,2,3,1,,False,no,none,none
legacy_first32,fallback_event,event_trace,10,10,10:storage_in,10,12,36,47,10146.37294,7.0,12028.42706,130,17,-1,38,move,,True,2,3,1,,False,no,none,none
legacy_first32,fallback_event,event_trace,10,10,10:storage_in,10,12,38,47,10160.172939999999,7.0,12027.427060000002,131,18,-1,39,move,,True,2,3,1,,False,no,none,none
legacy_first32,fallback_event,event_trace,10,10,10:storage_in,10,12,39,47,10169.572939999998,7.0,12026.427060000002,132,19,-1,47,move,,True,3,3,0,,False,no,none,none
legacy_first32,fallback_event,event_trace,11,11,11:storage_in,11,13,1,47,10089.43982,0.0,13268.56018,70,1,-1,7,move,,True,2,2,0,7,True,no,none,none
legacy_first32,fallback_event,event_trace,11,11,11:storage_in,11,13,7,47,10095.239819999999,0.0,13267.56018,77,2,-1,8,move,,True,2,2,0,8,True,no,none,none
legacy_first32,fallback_event,event_trace,11,11,11:storage_in,11,13,8,47,10097.83982,0.0,13266.56018,81,3,-1,11,move,,True,2,2,0,11,True,no,none,none
legacy_first32,fallback_event,event_trace,11,11,11:storage_in,11,13,11,47,10102.03982,0.0,13265.56018,89,4,-1,13,move,,True,3,3,0,13,True,no,none,none
legacy_first32,fallback_event,event_trace,11,11,11:storage_in,11,13,13,47,10114.23982,0.0,13264.560179999999,100,5,-1,23,move,,True,2,2,0,23,True,no,none,none
legacy_first32,fallback_event,event_trace,11,11,11:storage_in,11,13,23,47,10118.439820000001,0.0,13263.560179999999,105,6,-1,24,move,,True,2,2,0,24,True,no,none,none
legacy_first32,fallback_event,event_trace,11,11,11:storage_in,11,13,24,47,10121.039820000002,0.0,13262.560179999999,110,7,-1,27,move,,True,2,2,0,27,True,no,none,none
legacy_first32,fallback_event,event_trace,11,11,11:storage_in,11,13,27,47,10123.639820000002,0.0,13261.560179999999,114,8,-1,27,hold,,True,1,3,2,28,False,no,none,none
legacy_first32,fallback_event,event_trace,11,11,11:storage_in,11,13,27,47,10124.639820000002,1.0,13260.560179999999,115,9,-1,27,hold,,True,1,3,2,28,False,no,none,none
legacy_first32,fallback_event,event_trace,11,11,11:storage_in,11,13,27,47,10125.639820000002,2.0,13259.560179999999,117,10,-1,27,hold,,True,1,3,2,28,False,no,none,none
legacy_first32,fallback_event,event_trace,11,11,11:storage_in,11,13,27,47,10126.639820000002,3.0,13258.560179999999,118,11,-1,27,hold,,True,1,3,2,28,False,no,none,none
legacy_first32,fallback_event,event_trace,11,11,11:storage_in,11,13,27,47,10127.639820000002,4.0,13257.560179999999,119,12,-1,27,hold,,True,1,3,2,28,False,no,none,none
legacy_first32,fallback_event,event_trace,11,11,11:storage_in,11,13,27,47,10128.639820000002,5.0,13256.560179999999,121,13,-1,27,hold,,True,1,3,2,28,False,no,none,none
legacy_first32,fallback_event,event_trace,11,11,11:storage_in,11,13,27,47,10129.639820000002,6.0,13255.560179999999,122,14,-1,27,hold,,True,1,3,2,28,False,no,none,none
legacy_first32,fallback_event,event_trace,11,11,11:storage_in,11,13,27,47,10130.639820000002,7.0,13254.560179999999,124,15,-1,27,hold,,True,1,3,2,28,False,no,none,none
legacy_first32,fallback_event,event_trace,11,11,11:storage_in,11,13,27,47,10131.639820000002,8.0,13253.560179999999,125,16,-1,27,hold,,True,1,3,2,28,False,no,none,none
legacy_first32,fallback_event,event_trace,11,11,11:storage_in,11,13,27,47,10132.639820000002,9.0,13252.560179999999,126,17,-1,27,hold,,True,1,3,2,28,False,no,none,none
legacy_first32,fallback_event,event_trace,11,11,11:storage_in,11,13,27,47,10133.639820000002,10.0,13251.560179999999,127,18,-1,28,move,,True,2,3,1,28,True,no,none,none
legacy_first32,fallback_event,event_trace,11,11,11:storage_in,11,13,28,47,10145.439820000001,10.0,13250.560179999999,129,19,-1,47,move,,True,3,3,0,47,True,no,none,none
legacy_first32,fallback_event,event_trace,12,12,12:storage_in,12,14,0,47,10645.1686,0.0,13316.4314,133,1,-1,6,move,,True,2,2,0,6,True,no,none,none
legacy_first32,fallback_event,event_trace,12,12,12:storage_in,12,14,6,47,10649.368600000002,0.0,13315.431399999998,134,2,-1,12,move,,True,3,3,0,12,True,no,none,none
legacy_first32,fallback_event,event_trace,12,12,12:storage_in,12,14,12,47,10660.368600000002,0.0,13314.431399999998,135,3,-1,13,move,,True,2,2,0,13,True,no,none,none
legacy_first32,fallback_event,event_trace,12,12,12:storage_in,12,14,13,47,10665.368600000002,0.0,13313.431399999998,137,4,-1,23,move,,True,2,2,0,23,True,no,none,none
legacy_first32,fallback_event,event_trace,12,12,12:storage_in,12,14,23,47,10669.568600000002,0.0,13312.431399999998,138,5,-1,24,move,,True,2,2,0,24,True,no,none,none
legacy_first32,fallback_event,event_trace,12,12,12:storage_in,12,14,24,47,10672.168600000003,0.0,13311.431399999998,140,6,-1,27,move,,True,2,2,0,27,True,no,none,none
legacy_first32,fallback_event,event_trace,12,12,12:storage_in,12,14,27,47,10674.768600000003,0.0,13310.431399999998,143,7,-1,28,move,,True,2,3,1,28,True,no,none,none
legacy_first32,fallback_event,event_trace,12,12,12:storage_in,12,14,28,47,10686.568600000002,0.0,13309.431399999998,156,8,-1,47,move,,True,3,3,0,47,True,no,none,none
legacy_first32,fallback_event,event_trace,13,13,13:storage_in,13,15,4,47,10665.17885,0.0,13594.42115,136,1,-1,17,move,,True,2,2,0,17,True,no,none,none
legacy_first32,fallback_event,event_trace,13,13,13:storage_in,13,15,17,47,10669.77885,0.0,13593.42115,139,2,-1,18,move,,True,2,2,0,18,True,no,none,none
legacy_first32,fallback_event,event_trace,13,13,13:storage_in,13,15,18,47,10672.378850000001,0.0,13592.421149999998,141,3,-1,22,move,,True,2,2,0,22,True,no,none,none
legacy_first32,fallback_event,event_trace,13,13,13:storage_in,13,15,22,47,10681.77885,0.0,13591.42115,152,4,-1,24,move,,True,3,3,0,24,True,no,none,none
legacy_first32,fallback_event,event_trace,13,13,13:storage_in,13,15,24,47,10693.17885,0.0,13590.42115,168,5,-1,27,move,,True,2,2,0,27,True,no,none,none
legacy_first32,fallback_event,event_trace,13,13,13:storage_in,13,15,27,47,10695.77885,0.0,13589.42115,172,6,-1,28,move,,True,2,3,1,28,True,no,none,none
legacy_first32,fallback_event,event_trace,13,13,13:storage_in,13,15,28,47,10707.57885,0.0,13588.42115,192,7,-1,47,move,,True,3,3,0,47,True,no,none,none
legacy_first32,fallback_event,event_trace,14,14,14:storage_in,14,16,5,47,10673.28828,0.0,11487.111719999999,142,1,-1,19,move,,True,2,2,0,19,True,no,none,none
legacy_first32,fallback_event,event_trace,14,14,14:storage_in,14,16,19,47,10675.888280000001,0.0,11486.111719999999,145,2,-1,18,move,,True,3,3,0,18,True,no,none,none
legacy_first32,fallback_event,event_trace,14,14,14:storage_in,14,16,18,47,10679.68828,0.0,11485.111719999999,147,3,-1,18,hold,,True,1,2,1,22,False,no,none,none
legacy_first32,fallback_event,event_trace,14,14,14:storage_in,14,16,18,47,10680.68828,1.0,11484.111719999999,148,4,-1,18,hold,,True,1,2,1,22,False,no,none,none
legacy_first32,fallback_event,event_trace,14,14,14:storage_in,14,16,18,47,10681.68828,2.0,11483.111719999999,151,5,-1,22,move,,True,2,2,0,22,True,no,none,none
legacy_first32,fallback_event,event_trace,14,14,14:storage_in,14,16,22,47,10691.08828,2.0,11482.11172,165,6,-1,26,move,,True,2,3,1,24,False,no,none,none
legacy_first32,fallback_event,event_trace,14,14,14:storage_in,14,16,26,47,10698.88828,2.0,11453.11172,177,7,-1,43,move,,True,2,2,0,,False,no,none,none
legacy_first32,fallback_event,event_trace,14,14,14:storage_in,14,16,43,47,10701.48828,2.0,11452.11172,184,8,-1,15,move,,True,2,2,0,,False,no,none,none
legacy_first32,fallback_event,event_trace,14,14,14:storage_in,14,16,15,47,10705.68828,2.0,11451.111719999999,190,9,-1,14,move,,True,2,2,0,,False,no,none,none
legacy_first32,fallback_event,event_trace,14,14,14:storage_in,14,16,14,47,10708.28828,2.0,11450.111719999999,195,10,-1,46,move,,True,2,2,0,,False,no,none,none
legacy_first32,fallback_event,event_trace,14,14,14:storage_in,14,16,46,47,10710.888280000001,2.0,11449.111719999999,202,11,-1,36,move,,True,2,3,1,,False,no,none,none
legacy_first32,fallback_event,event_trace,14,14,14:storage_in,14,16,36,47,10726.68828,2.0,11448.111719999999,235,12,-1,38,move,,True,2,3,1,,False,no,none,none
legacy_first32,fallback_event,event_trace,14,14,14:storage_in,14,16,38,47,10740.48828,2.0,11447.11172,256,13,-1,39,move,,True,2,3,1,,False,no,none,none
legacy_first32,fallback_event,event_trace,14,14,14:storage_in,14,16,39,47,10749.88828,2.0,11446.11172,260,14,-1,47,move,,True,3,3,0,,False,no,none,none
legacy_first32,fallback_event,event_trace,15,15,15:storage_in,15,17,3,47,10675.8454,0.0,13282.1546,144,1,-1,16,move,,True,2,2,0,16,True,no,none,none
legacy_first32,fallback_event,event_trace,15,15,15:storage_in,15,17,16,47,10678.4454,0.0,13281.1546,146,2,-1,21,move,,True,3,3,0,21,True,no,none,none
legacy_first32,fallback_event,event_trace,15,15,15:storage_in,15,17,21,47,10702.2454,0.0,13274.954600000001,185,3,-1,23,move,,True,2,2,0,23,True,no,none,none
legacy_first32,fallback_event,event_trace,15,15,15:storage_in,15,17,23,47,10708.045399999999,0.0,13273.954600000001,194,4,-1,24,move,,True,1,2,1,24,True,no,none,none
legacy_first32,fallback_event,event_trace,15,15,15:storage_in,15,17,24,47,10710.6454,0.0,13272.954600000001,201,5,-1,27,move,,True,1,2,1,27,True,no,none,none
legacy_first32,fallback_event,event_trace,15,15,15:storage_in,15,17,27,47,10713.2454,0.0,13271.954600000001,206,6,-1,28,move,,True,2,3,1,28,True,no,none,none
legacy_first32,fallback_event,event_trace,15,15,15:storage_in,15,17,28,47,10725.045399999999,0.0,13270.954600000001,232,7,-1,47,move,,True,3,3,0,47,True,no,none,none
legacy_first32,fallback_event,event_trace,16,16,16:storage_in,16,18,3,47,10681.05953,0.0,11476.94047,149,1,-1,16,move,,True,2,2,0,16,True,no,none,none
legacy_first32,fallback_event,event_trace,16,16,16:storage_in,16,18,16,47,10683.65953,0.0,11475.94047,153,2,-1,17,move,,True,2,3,1,17,True,no,none,none
legacy_first32,fallback_event,event_trace,16,16,16:storage_in,16,18,17,47,10688.259530000001,0.0,11474.94047,159,3,-1,18,move,,True,2,2,0,18,True,no,none,none
legacy_first32,fallback_event,event_trace,16,16,16:storage_in,16,18,18,47,10690.859530000002,0.0,11473.940469999998,164,4,-1,22,move,,True,2,2,0,22,True,no,none,none
legacy_first32,fallback_event,event_trace,16,16,16:storage_in,16,18,22,47,10700.259530000001,0.0,11472.94047,181,5,-1,24,move,,True,3,3,0,24,True,no,none,none
legacy_first32,fallback_event,event_trace,16,16,16:storage_in,16,18,24,47,10711.65953,0.0,11471.94047,203,6,-1,24,none,no_safe_action,True,0,2,2,27,False,no,none,none
legacy_first32,fallback_event,event_trace,17,17,17:storage_in,17,19,2,47,10681.47782,0.0,13274.92218,150,1,-1,9,move,,True,2,2,0,9,True,no,none,none
legacy_first32,fallback_event,event_trace,17,17,17:storage_in,17,19,9,47,10686.07782,0.0,13273.92218,155,2,-1,7,move,,True,3,3,0,7,True,no,none,none
legacy_first32,fallback_event,event_trace,17,17,17:storage_in,17,19,7,47,10689.87782,0.0,13272.92218,162,3,-1,8,move,,True,2,2,0,8,True,no,none,none
legacy_first32,fallback_event,event_trace,17,17,17:storage_in,17,19,8,47,10692.47782,0.0,13271.92218,166,4,-1,11,move,,True,2,2,0,11,True,no,none,none
legacy_first32,fallback_event,event_trace,17,17,17:storage_in,17,19,11,47,10696.67782,0.0,13270.92218,174,5,-1,13,move,,True,3,3,0,14,False,no,none,none
legacy_first32,fallback_event,event_trace,17,17,17:storage_in,17,19,13,47,10708.877820000002,0.0,13269.922179999998,197,6,-1,23,move,,True,2,2,0,,False,no,none,none
legacy_first32,fallback_event,event_trace,17,17,17:storage_in,17,19,23,47,10713.077820000002,0.0,13268.922179999998,204,7,-1,24,move,,True,2,2,0,,False,no,none,none
legacy_first32,fallback_event,event_trace,17,17,17:storage_in,17,19,24,47,10715.677820000003,0.0,13267.922179999998,208,8,-1,27,move,,True,2,2,0,,False,no,none,none
legacy_first32,fallback_event,event_trace,17,17,17:storage_in,17,19,27,47,10718.277820000003,0.0,13266.922179999998,214,9,-1,27,hold,,True,1,3,2,,False,no,none,none
legacy_first32,fallback_event,event_trace,17,17,17:storage_in,17,19,27,47,10719.277820000003,1.0,13265.922179999998,216,10,-1,27,hold,,True,1,3,2,,False,no,none,none
legacy_first32,fallback_event,event_trace,17,17,17:storage_in,17,19,27,47,10720.277820000003,2.0,13264.922179999998,219,11,-1,27,hold,,True,1,3,2,,False,no,none,none
legacy_first32,fallback_event,event_trace,17,17,17:storage_in,17,19,27,47,10721.277820000003,3.0,13263.922179999998,222,12,-1,27,hold,,True,1,3,2,,False,no,none,none
legacy_first32,fallback_event,event_trace,17,17,17:storage_in,17,19,27,47,10722.277820000003,4.0,13262.922179999998,224,13,-1,27,hold,,True,1,3,2,,False,no,none,none
legacy_first32,fallback_event,event_trace,17,17,17:storage_in,17,19,27,47,10723.277820000003,5.0,13261.922179999998,226,14,-1,27,hold,,True,1,3,2,,False,no,none,none
legacy_first32,fallback_event,event_trace,17,17,17:storage_in,17,19,27,47,10724.277820000003,6.0,13260.922179999998,229,15,-1,28,move,,True,2,3,1,,False,no,none,none
legacy_first32,fallback_event,event_trace,17,17,17:storage_in,17,19,28,47,10736.077820000002,6.0,13259.922179999998,250,16,-1,47,move,,True,3,3,0,,False,no,none,none
legacy_first32,fallback_event,event_trace,18,18,18:storage_in,18,20,0,47,10684.10647,0.0,13277.49353,154,1,-1,6,move,,True,2,2,0,6,True,no,none,none
legacy_first32,fallback_event,event_trace,18,18,18:storage_in,18,20,6,47,10688.306470000001,0.0,13276.493529999998,160,2,-1,12,move,,True,3,3,0,12,True,no,none,none
legacy_first32,fallback_event,event_trace,18,18,18:storage_in,18,20,12,47,10699.306470000001,0.0,13275.493529999998,179,3,-1,13,move,,True,2,2,0,13,True,no,none,none
legacy_first32,fallback_event,event_trace,18,18,18:storage_in,18,20,13,47,10704.306470000001,0.0,13274.493529999998,186,4,-1,13,hold,,True,1,2,1,23,False,no,none,none
legacy_first32,fallback_event,event_trace,18,18,18:storage_in,18,20,13,47,10705.306470000001,1.0,13273.493529999998,188,5,-1,23,move,,True,2,2,0,23,True,no,none,none
legacy_first32,fallback_event,event_trace,18,18,18:storage_in,18,20,23,47,10709.506470000002,1.0,13272.493529999998,199,6,-1,23,hold,,True,1,2,1,24,False,no,none,none
legacy_first32,fallback_event,event_trace,18,18,18:storage_in,18,20,23,47,10710.506470000002,2.0,13271.493529999998,200,7,-1,24,move,,True,2,2,0,24,True,no,none,none
legacy_first32,fallback_event,event_trace,18,18,18:storage_in,18,20,24,47,10713.106470000002,2.0,13270.493529999998,205,8,-1,27,move,,True,2,2,0,27,True,no,none,none
legacy_first32,fallback_event,event_trace,18,18,18:storage_in,18,20,27,47,10715.706470000003,2.0,13269.493529999998,209,9,-1,27,hold,,True,1,3,2,28,False,no,none,none
legacy_first32,fallback_event,event_trace,18,18,18:storage_in,18,20,27,47,10716.706470000003,3.0,13268.493529999998,210,10,-1,27,none,no_safe_action,True,0,3,3,28,False,no,none,none
legacy_first32,fallback_event,event_trace,19,19,19:storage_in,19,21,1,47,10686.81115,0.0,14171.18885,157,1,-1,7,move,,True,2,2,0,7,True,no,none,none
legacy_first32,fallback_event,event_trace,19,19,19:storage_in,19,21,7,47,10692.611149999999,0.0,14170.18885,167,2,-1,8,move,,True,2,2,0,8,True,no,none,none
legacy_first32,fallback_event,event_trace,19,19,19:storage_in,19,21,8,47,10695.21115,0.0,14169.18885,170,3,-1,8,hold,,True,1,2,1,11,False,no,none,none
legacy_first32,fallback_event,event_trace,19,19,19:storage_in,19,21,8,47,10696.21115,1.0,14168.18885,173,4,-1,11,move,,True,2,2,0,11,True,no,none,none
legacy_first32,fallback_event,event_trace,19,19,19:storage_in,19,21,11,47,10700.41115,1.0,14167.18885,182,5,-1,14,move,,True,2,3,1,13,False,no,none,none
legacy_first32,fallback_event,event_trace,19,19,19:storage_in,19,21,14,47,10714.21115,1.0,14144.18885,207,6,-1,46,move,,True,2,2,0,,False,no,none,none
legacy_first32,fallback_event,event_trace,19,19,19:storage_in,19,21,46,47,10716.81115,1.0,14143.18885,211,7,-1,46,hold,,True,1,3,2,,False,no,none,none
legacy_first32,fallback_event,event_trace,19,19,19:storage_in,19,21,46,47,10717.81115,2.0,14142.18885,213,8,-1,46,hold,,True,1,3,2,,False,no,none,none
legacy_first32,fallback_event,event_trace,19,19,19:storage_in,19,21,46,47,10718.81115,3.0,14141.18885,215,9,-1,46,hold,,True,1,3,2,,False,no,none,none
legacy_first32,fallback_event,event_trace,19,19,19:storage_in,19,21,46,47,10719.81115,4.0,14140.18885,218,10,-1,46,hold,,True,1,3,2,,False,no,none,none
legacy_first32,fallback_event,event_trace,19,19,19:storage_in,19,21,46,47,10720.81115,5.0,14139.18885,220,11,-1,46,hold,,True,1,3,2,,False,no,none,none
legacy_first32,fallback_event,event_trace,19,19,19:storage_in,19,21,46,47,10721.81115,6.0,14138.18885,223,12,-1,46,hold,,True,1,3,2,,False,no,none,none
legacy_first32,fallback_event,event_trace,19,19,19:storage_in,19,21,46,47,10722.81115,7.0,14137.18885,225,13,-1,46,hold,,True,1,3,2,,False,no,none,none
legacy_first32,fallback_event,event_trace,19,19,19:storage_in,19,21,46,47,10723.81115,8.0,14136.18885,227,14,-1,46,hold,,True,1,3,2,,False,no,none,none
legacy_first32,fallback_event,event_trace,19,19,19:storage_in,19,21,46,47,10724.81115,9.0,14135.18885,230,15,-1,46,hold,,True,1,3,2,,False,no,none,none
legacy_first32,fallback_event,event_trace,19,19,19:storage_in,19,21,46,47,10725.81115,10.0,14134.18885,233,16,-1,36,move,,True,2,3,1,,False,no,none,none
legacy_first32,fallback_event,event_trace,19,19,19:storage_in,19,21,36,47,10741.611149999999,10.0,14133.18885,258,17,-1,38,move,,True,2,3,1,,False,no,none,none
legacy_first32,fallback_event,event_trace,19,19,19:storage_in,19,21,38,47,10755.411149999998,10.0,14132.188850000002,261,18,-1,39,move,,True,2,3,1,,False,no,none,none
legacy_first32,fallback_event,event_trace,19,19,19:storage_in,19,21,39,47,10764.811149999998,10.0,14131.188850000002,263,19,-1,47,move,,True,3,3,0,,False,no,none,none
legacy_first32,fallback_event,event_trace,20,20,20:storage_in,20,22,3,47,10688.10327,0.0,13869.89673,158,1,-1,16,move,,True,2,2,0,16,True,no,none,none
legacy_first32,fallback_event,event_trace,20,20,20:storage_in,20,22,16,47,10690.70327,0.0,13868.89673,163,2,-1,17,move,,True,2,3,1,17,True,no,none,none
legacy_first32,fallback_event,event_trace,20,20,20:storage_in,20,22,17,47,10695.30327,0.0,13867.89673,171,3,-1,18,move,,True,2,2,0,18,True,no,none,none
legacy_first32,fallback_event,event_trace,20,20,20:storage_in,20,22,18,47,10697.90327,0.0,13866.896729999999,176,4,-1,18,hold,,True,1,2,1,22,False,no,none,none
legacy_first32,fallback_event,event_trace,20,20,20:storage_in,20,22,18,47,10698.90327,1.0,13865.896729999999,178,5,-1,18,hold,,True,1,2,1,22,False,no,none,none
legacy_first32,fallback_event,event_trace,20,20,20:storage_in,20,22,18,47,10699.90327,2.0,13864.896729999999,180,6,-1,22,move,,True,2,2,0,22,True,no,none,none
legacy_first32,fallback_event,event_trace,20,20,20:storage_in,20,22,22,47,10709.30327,2.0,13863.89673,198,7,-1,26,move,,True,2,3,1,24,False,no,none,none
legacy_first32,fallback_event,event_trace,20,20,20:storage_in,20,22,26,47,10717.10327,2.0,13834.89673,212,8,-1,43,move,,True,2,2,0,,False,no,none,none
legacy_first32,fallback_event,event_trace,20,20,20:storage_in,20,22,43,47,10719.70327,2.0,13833.89673,217,9,-1,15,move,,True,2,2,0,,False,no,none,none
legacy_first32,fallback_event,event_trace,20,20,20:storage_in,20,22,15,47,10723.90327,2.0,13832.896729999999,228,10,-1,14,move,,True,2,2,0,,False,no,none,none
legacy_first32,fallback_event,event_trace,20,20,20:storage_in,20,22,14,47,10726.503270000001,2.0,13831.896729999999,234,11,-1,46,move,,True,2,2,0,,False,no,none,none
legacy_first32,fallback_event,event_trace,20,20,20:storage_in,20,22,46,47,10729.103270000001,2.0,13830.896729999999,237,12,-1,46,hold,,True,1,3,2,,False,no,none,none
legacy_first32,fallback_event,event_trace,20,20,20:storage_in,20,22,46,47,10730.103270000001,3.0,13829.896729999999,238,13,-1,46,hold,,True,1,3,2,,False,no,none,none
legacy_first32,fallback_event,event_trace,20,20,20:storage_in,20,22,46,47,10731.103270000001,4.0,13828.896729999999,240,14,-1,46,hold,,True,1,3,2,,False,no,none,none
legacy_first32,fallback_event,event_trace,20,20,20:storage_in,20,22,46,47,10732.103270000001,5.0,13827.896729999999,242,15,-1,46,hold,,True,1,3,2,,False,no,none,none
legacy_first32,fallback_event,event_trace,20,20,20:storage_in,20,22,46,47,10733.103270000001,6.0,13826.896729999999,244,16,-1,46,hold,,True,1,3,2,,False,no,none,none
legacy_first32,fallback_event,event_trace,20,20,20:storage_in,20,22,46,47,10734.103270000001,7.0,13825.896729999999,246,17,-1,46,hold,,True,1,3,2,,False,no,none,none
legacy_first32,fallback_event,event_trace,20,20,20:storage_in,20,22,46,47,10735.103270000001,8.0,13824.896729999999,248,18,-1,46,hold,,True,1,3,2,,False,no,none,none
legacy_first32,fallback_event,event_trace,20,20,20:storage_in,20,22,46,47,10736.103270000001,9.0,13823.896729999999,251,19,-1,46,hold,,True,1,3,2,,False,no,none,none
legacy_first32,fallback_event,event_trace,20,20,20:storage_in,20,22,46,47,10737.103270000001,10.0,13822.896729999999,252,20,-1,46,hold,,True,1,3,2,,False,no,none,none
legacy_first32,fallback_event,event_trace,20,20,20:storage_in,20,22,46,47,10738.103270000001,11.0,13821.896729999999,253,21,-1,46,hold,,True,1,3,2,,False,no,none,none
legacy_first32,fallback_event,event_trace,20,20,20:storage_in,20,22,46,47,10739.103270000001,12.0,13820.896729999999,254,22,-1,46,hold,,True,1,3,2,,False,no,none,none
legacy_first32,fallback_event,event_trace,20,20,20:storage_in,20,22,46,47,10740.103270000001,13.0,13819.896729999999,255,23,-1,46,hold,,True,1,3,2,,False,no,none,none
legacy_first32,fallback_event,event_trace,20,20,20:storage_in,20,22,46,47,10741.103270000001,14.0,13818.896729999999,257,24,-1,36,move,,True,2,3,1,,False,no,none,none
legacy_first32,fallback_event,event_trace,20,20,20:storage_in,20,22,36,47,10756.90327,14.0,13817.896729999999,262,25,-1,38,move,,True,2,3,1,,False,no,none,none
legacy_first32,fallback_event,event_trace,20,20,20:storage_in,20,22,38,47,10770.70327,14.0,13816.89673,264,26,-1,39,move,,True,2,3,1,,False,no,none,none
legacy_first32,fallback_event,event_trace,20,20,20:storage_in,20,22,39,47,10780.10327,14.0,13815.89673,265,27,-1,47,move,,True,3,3,0,,False,no,none,none
legacy_first32,fallback_event,event_trace,21,21,21:storage_in,21,23,2,47,10689.43977,0.0,13866.960229999999,161,1,-1,9,move,,True,2,2,0,9,True,no,none,none
legacy_first32,fallback_event,event_trace,21,21,21:storage_in,21,23,9,47,10694.039770000001,0.0,13865.960229999999,169,2,-1,7,move,,True,3,3,0,10,False,no,none,none
legacy_first32,fallback_event,event_trace,21,21,21:storage_in,21,23,7,47,10697.83977,0.0,13864.960229999999,175,3,-1,8,move,,True,2,2,0,,False,no,none,none
legacy_first32,fallback_event,event_trace,21,21,21:storage_in,21,23,8,47,10700.43977,0.0,13863.960229999999,183,4,-1,11,move,,True,2,2,0,,False,no,none,none
legacy_first32,fallback_event,event_trace,21,21,21:storage_in,21,23,11,47,10704.639770000002,0.0,13862.960229999999,187,5,-1,11,hold,,True,1,3,2,,False,no,none,none
legacy_first32,fallback_event,event_trace,21,21,21:storage_in,21,23,11,47,10705.639770000002,1.0,13861.960229999999,189,6,-1,11,hold,,True,1,3,2,,False,no,none,none
legacy_first32,fallback_event,event_trace,21,21,21:storage_in,21,23,11,47,10706.639770000002,2.0,13860.960229999999,191,7,-1,11,hold,,True,1,3,2,,False,no,none,none
legacy_first32,fallback_event,event_trace,21,21,21:storage_in,21,23,11,47,10707.639770000002,3.0,13859.960229999999,193,8,-1,11,hold,,True,1,3,2,,False,no,none,none
legacy_first32,fallback_event,event_trace,21,21,21:storage_in,21,23,11,47,10708.639770000002,4.0,13858.960229999999,196,9,-1,13,move,,True,2,3,1,,False,no,none,none
legacy_first32,fallback_event,event_trace,21,21,21:storage_in,21,23,13,47,10720.839770000002,4.0,13857.960229999997,221,10,-1,23,move,,True,2,2,0,,False,no,none,none
legacy_first32,fallback_event,event_trace,21,21,21:storage_in,21,23,23,47,10725.039770000003,4.0,13856.960229999997,231,11,-1,24,move,,True,2,2,0,,False,no,none,none
legacy_first32,fallback_event,event_trace,21,21,21:storage_in,21,23,24,47,10727.639770000003,4.0,13855.960229999997,236,12,-1,27,move,,True,2,2,0,,False,no,none,none
legacy_first32,fallback_event,event_trace,21,21,21:storage_in,21,23,27,47,10730.239770000004,4.0,13854.960229999997,239,13,-1,27,hold,,True,1,3,2,,False,no,none,none
legacy_first32,fallback_event,event_trace,21,21,21:storage_in,21,23,27,47,10731.239770000004,5.0,13853.960229999997,241,14,-1,27,hold,,True,1,3,2,,False,no,none,none
legacy_first32,fallback_event,event_trace,21,21,21:storage_in,21,23,27,47,10732.239770000004,6.0,13852.960229999997,243,15,-1,27,hold,,True,1,3,2,,False,no,none,none
legacy_first32,fallback_event,event_trace,21,21,21:storage_in,21,23,27,47,10733.239770000004,7.0,13851.960229999997,245,16,-1,27,hold,,True,1,3,2,,False,no,none,none
legacy_first32,fallback_event,event_trace,21,21,21:storage_in,21,23,27,47,10734.239770000004,8.0,13850.960229999997,247,17,-1,27,hold,,True,1,3,2,,False,no,none,none
legacy_first32,fallback_event,event_trace,21,21,21:storage_in,21,23,27,47,10735.239770000004,9.0,13849.960229999997,249,18,-1,28,move,,True,2,3,1,,False,no,none,none
legacy_first32,fallback_event,event_trace,21,21,21:storage_in,21,23,28,47,10747.039770000003,9.0,13848.960229999997,259,19,-1,47,move,,True,3,3,0,,False,no,none,none
legacy_first32,fallback_event,event_trace,22,22,22:storage_in,22,24,4,47,10812.77765,0.0,12246.82235,266,1,-1,17,move,,True,2,2,0,17,True,no,none,none
legacy_first32,fallback_event,event_trace,22,22,22:storage_in,22,24,17,47,10817.37765,0.0,12245.82235,267,2,-1,18,move,,True,2,2,0,18,True,no,none,none
legacy_first32,fallback_event,event_trace,22,22,22:storage_in,22,24,18,47,10819.97765,0.0,12244.822349999999,268,3,-1,22,move,,True,2,2,0,22,True,no,none,none
legacy_first32,fallback_event,event_trace,22,22,22:storage_in,22,24,22,47,10829.37765,0.0,12243.82235,269,4,-1,24,move,,True,3,3,0,24,True,no,none,none
legacy_first32,fallback_event,event_trace,22,22,22:storage_in,22,24,24,47,10840.77765,0.0,12242.82235,270,5,-1,27,move,,True,2,2,0,27,True,no,none,none
legacy_first32,fallback_event,event_trace,22,22,22:storage_in,22,24,27,47,10843.37765,0.0,12241.82235,271,6,-1,28,move,,True,2,3,1,28,True,no,none,none
legacy_first32,fallback_event,event_trace,22,22,22:storage_in,22,24,28,47,10855.17765,0.0,12240.82235,272,7,-1,47,move,,True,3,3,0,47,True,no,none,none
legacy_first32,fallback_event,event_trace,23,23,23:storage_in,23,25,5,47,11251.84541,0.0,13308.55459,273,1,-1,19,move,,True,2,2,0,19,True,no,none,none
legacy_first32,fallback_event,event_trace,23,23,23:storage_in,23,25,19,47,11254.44541,0.0,13307.55459,274,2,-1,18,move,,True,3,3,0,18,True,no,none,none
legacy_first32,fallback_event,event_trace,23,23,23:storage_in,23,25,18,47,11258.24541,0.0,13306.55459,277,3,-1,22,move,,True,2,2,0,22,True,no,none,none
legacy_first32,fallback_event,event_trace,23,23,23:storage_in,23,25,22,47,11267.64541,0.0,13305.554590000002,278,4,-1,24,move,,True,3,3,0,24,True,no,none,none
legacy_first32,fallback_event,event_trace,23,23,23:storage_in,23,25,24,47,11279.045409999999,0.0,13304.554590000002,298,5,-1,27,move,,True,2,2,0,27,True,no,none,none
legacy_first32,fallback_event,event_trace,23,23,23:storage_in,23,25,27,47,11281.64541,0.0,13303.554590000002,303,6,-1,28,move,,True,2,3,1,28,True,no,none,none
legacy_first32,fallback_event,event_trace,23,23,23:storage_in,23,25,28,47,11293.445409999998,0.0,13302.554590000002,316,7,-1,47,move,,True,3,3,0,47,True,no,none,none
legacy_first32,fallback_event,event_trace,24,24,24:storage_in,24,26,3,47,11254.48296,0.0,13603.51704,275,1,-1,16,move,,True,2,2,0,16,True,no,none,none
legacy_first32,fallback_event,event_trace,24,24,24:storage_in,24,26,16,47,11257.08296,0.0,13602.51704,276,2,-1,21,move,,True,3,3,0,21,True,no,none,none
legacy_first32,fallback_event,event_trace,24,24,24:storage_in,24,26,21,47,11280.882959999999,0.0,13596.317040000002,301,3,-1,23,move,,True,2,2,0,23,True,no,none,none
legacy_first32,fallback_event,event_trace,24,24,24:storage_in,24,26,23,47,11286.682959999998,0.0,13595.317040000002,309,4,-1,24,move,,True,2,2,0,24,True,no,none,none
legacy_first32,fallback_event,event_trace,24,24,24:storage_in,24,26,24,47,11289.282959999999,0.0,13594.317040000002,312,5,-1,27,move,,True,2,2,0,27,True,no,none,none
legacy_first32,fallback_event,event_trace,24,24,24:storage_in,24,26,27,47,11291.882959999999,0.0,13593.317040000002,313,6,-1,27,hold,,True,1,3,2,28,False,no,none,none
legacy_first32,fallback_event,event_trace,24,24,24:storage_in,24,26,27,47,11292.882959999999,1.0,13592.317040000002,314,7,-1,28,move,,True,2,3,1,28,True,no,none,none
legacy_first32,fallback_event,event_trace,24,24,24:storage_in,24,26,28,47,11304.682959999998,1.0,13591.317040000002,330,8,-1,47,move,,True,3,3,0,47,True,no,none,none
legacy_first32,fallback_event,event_trace,25,25,25:storage_in,25,27,4,47,11267.81636,0.0,13291.78364,279,1,-1,17,move,,True,2,2,0,17,True,no,none,none
legacy_first32,fallback_event,event_trace,25,25,25:storage_in,25,27,17,47,11272.416360000001,0.0,13290.78364,285,2,-1,18,move,,True,2,2,0,18,True,no,none,none
legacy_first32,fallback_event,event_trace,25,25,25:storage_in,25,27,18,47,11275.016360000001,0.0,13289.783639999998,290,3,-1,22,move,,True,1,2,1,22,True,no,none,none
legacy_first32,fallback_event,event_trace,25,25,25:storage_in,25,27,22,47,11284.416360000001,0.0,13288.78364,307,4,-1,24,move,,True,3,3,0,24,True,no,none,none
legacy_first32,fallback_event,event_trace,25,25,25:storage_in,25,27,24,47,11295.81636,0.0,13287.78364,318,5,-1,27,move,,True,2,2,0,27,True,no,none,none
legacy_first32,fallback_event,event_trace,25,25,25:storage_in,25,27,27,47,11298.416360000001,0.0,13286.78364,320,6,-1,27,hold,,True,1,3,2,28,False,no,none,none
legacy_first32,fallback_event,event_trace,25,25,25:storage_in,25,27,27,47,11299.416360000001,1.0,13285.78364,321,7,-1,27,hold,,True,1,3,2,28,False,no,none,none
legacy_first32,fallback_event,event_trace,25,25,25:storage_in,25,27,27,47,11300.416360000001,2.0,13284.78364,322,8,-1,27,hold,,True,1,3,2,28,False,no,none,none
legacy_first32,fallback_event,event_trace,25,25,25:storage_in,25,27,27,47,11301.416360000001,3.0,13283.78364,326,9,-1,27,none,no_safe_action,True,0,3,3,28,False,no,none,none
legacy_first32,fallback_event,event_trace,26,26,26:storage_in,26,28,4,47,11269.33434,0.0,12090.265660000001,280,1,-1,4,hold,,True,1,2,1,17,False,no,none,none
legacy_first32,fallback_event,event_trace,26,26,26:storage_in,26,28,4,47,11270.33434,1.0,12089.265660000001,281,2,-1,4,hold,,True,1,2,1,17,False,no,none,none
legacy_first32,fallback_event,event_trace,26,26,26:storage_in,26,28,4,47,11271.33434,2.0,12088.265660000001,283,3,-1,4,hold,,True,1,2,1,17,False,no,none,none
legacy_first32,fallback_event,event_trace,26,26,26:storage_in,26,28,4,47,11272.33434,3.0,12087.265660000001,284,4,-1,17,move,,True,2,2,0,17,True,no,none,none
legacy_first32,fallback_event,event_trace,26,26,26:storage_in,26,28,17,47,11276.93434,3.0,12086.265660000001,294,5,-1,18,move,,True,2,2,0,18,True,no,none,none
legacy_first32,fallback_event,event_trace,26,26,26:storage_in,26,28,18,47,11279.53434,3.0,12085.26566,299,6,-1,18,none,no_safe_action,True,0,2,2,22,False,no,none,none
legacy_first32,fallback_event,event_trace,27,27,27:storage_in,27,29,5,47,11270.51203,0.0,10889.88797,282,1,-1,19,move,,True,2,2,0,19,True,no,none,none
legacy_first32,fallback_event,event_trace,27,27,27:storage_in,27,29,19,47,11273.11203,0.0,10888.88797,286,2,-1,18,move,,True,3,3,0,18,True,no,none,none
legacy_first32,fallback_event,event_trace,27,27,27:storage_in,27,29,18,47,11276.91203,0.0,10887.88797,293,3,-1,18,hold,,True,1,2,1,22,False,no,none,none
legacy_first32,fallback_event,event_trace,27,27,27:storage_in,27,29,18,47,11277.91203,1.0,10886.88797,297,4,-1,18,none,no_safe_action,True,0,2,2,22,False,no,none,none
legacy_first32,fallback_event,event_trace,28,28,28:storage_in,28,30,3,47,11273.14959,0.0,10884.85041,287,1,-1,16,move,,True,2,2,0,16,True,no,none,none
legacy_first32,fallback_event,event_trace,28,28,28:storage_in,28,30,16,47,11275.749590000001,0.0,10883.85041,291,2,-1,17,move,,True,2,3,1,17,True,no,none,none
legacy_first32,fallback_event,event_trace,28,28,28:storage_in,28,30,17,47,11280.349590000002,0.0,10882.85041,300,3,-1,18,move,,True,2,2,0,18,True,no,none,none
legacy_first32,fallback_event,event_trace,28,28,28:storage_in,28,30,18,47,11282.949590000002,0.0,10881.850409999997,305,4,-1,18,hold,,True,1,2,1,22,False,no,none,none
legacy_first32,fallback_event,event_trace,28,28,28:storage_in,28,30,18,47,11283.949590000002,1.0,10880.850409999997,306,5,-1,22,move,,True,2,2,0,22,True,no,none,none
legacy_first32,fallback_event,event_trace,28,28,28:storage_in,28,30,22,47,11293.349590000002,1.0,10879.85041,315,6,-1,26,move,,True,2,3,1,24,False,no,none,none
legacy_first32,fallback_event,event_trace,28,28,28:storage_in,28,30,26,47,11301.14959,1.0,10850.85041,325,7,-1,43,move,,True,2,2,0,,False,no,none,none
legacy_first32,fallback_event,event_trace,28,28,28:storage_in,28,30,43,47,11303.749590000001,1.0,10849.85041,328,8,-1,15,move,,True,2,2,0,,False,no,none,none
legacy_first32,fallback_event,event_trace,28,28,28:storage_in,28,30,15,47,11307.949590000002,1.0,10848.850409999997,333,9,-1,14,move,,True,2,2,0,,False,no,none,none
legacy_first32,fallback_event,event_trace,28,28,28:storage_in,28,30,14,47,11310.549590000002,1.0,10847.850409999997,335,10,-1,46,move,,True,2,2,0,,False,no,none,none
legacy_first32,fallback_event,event_trace,28,28,28:storage_in,28,30,46,47,11313.149590000003,1.0,10846.850409999997,338,11,-1,36,move,,True,2,3,1,,False,no,none,none
legacy_first32,fallback_event,event_trace,28,28,28:storage_in,28,30,36,47,11328.949590000002,1.0,10845.850409999997,344,12,-1,38,move,,True,2,3,1,,False,no,none,none
legacy_first32,fallback_event,event_trace,28,28,28:storage_in,28,30,38,47,11342.749590000001,1.0,10844.85041,345,13,-1,39,move,,True,2,3,1,,False,no,none,none
legacy_first32,fallback_event,event_trace,28,28,28:storage_in,28,30,39,47,11352.14959,1.0,10843.85041,346,14,-1,47,move,,True,3,3,0,,False,no,none,none
legacy_first32,fallback_event,event_trace,29,29,29:storage_in,29,31,0,47,11273.43982,0.0,13288.16018,288,1,-1,6,move,,True,2,2,0,6,True,no,none,none
legacy_first32,fallback_event,event_trace,29,29,29:storage_in,29,31,6,47,11277.63982,0.0,13287.160179999999,296,2,-1,12,move,,True,3,3,0,12,True,no,none,none
legacy_first32,fallback_event,event_trace,29,29,29:storage_in,29,31,12,47,11288.63982,0.0,13286.160179999999,310,3,-1,13,move,,True,2,2,0,13,True,no,none,none
legacy_first32,fallback_event,event_trace,29,29,29:storage_in,29,31,13,47,11293.63982,0.0,13285.160179999999,317,4,-1,23,move,,True,2,2,0,23,True,no,none,none
legacy_first32,fallback_event,event_trace,29,29,29:storage_in,29,31,23,47,11297.839820000001,0.0,13284.160179999999,319,5,-1,24,move,,True,2,2,0,24,True,no,none,none
legacy_first32,fallback_event,event_trace,29,29,29:storage_in,29,31,24,47,11300.439820000001,0.0,13283.160179999999,323,6,-1,27,move,,True,2,2,0,27,True,no,none,none
legacy_first32,fallback_event,event_trace,29,29,29:storage_in,29,31,27,47,11303.039820000002,0.0,13282.160179999999,327,7,-1,27,hold,,True,1,3,2,28,False,no,none,none
legacy_first32,fallback_event,event_trace,29,29,29:storage_in,29,31,27,47,11304.039820000002,1.0,13281.160179999999,329,8,-1,28,move,,True,2,3,1,28,True,no,none,none
legacy_first32,fallback_event,event_trace,29,29,29:storage_in,29,31,28,47,11315.839820000001,1.0,13280.160179999999,342,9,-1,47,move,,True,3,3,0,47,True,no,none,none
legacy_first32,fallback_event,event_trace,30,30,30:storage_in,30,32,5,47,11274.66746,0.0,13285.732539999999,289,1,-1,19,move,,True,2,2,0,19,True,no,none,none
legacy_first32,fallback_event,event_trace,30,30,30:storage_in,30,32,19,47,11277.267460000001,0.0,13284.732539999999,295,2,-1,18,move,,True,3,3,0,25,False,no,none,none
legacy_first32,fallback_event,event_trace,30,30,30:storage_in,30,32,18,47,11281.06746,0.0,13283.732539999999,302,3,-1,18,none,no_safe_action,True,0,2,2,,False,no,none,none
legacy_first32,fallback_event,event_trace,31,31,31:storage_in,31,33,1,47,11276.14448,0.0,13281.85552,292,1,-1,7,move,,True,2,2,0,7,True,no,none,none
legacy_first32,fallback_event,event_trace,31,31,31:storage_in,31,33,7,47,11281.94448,0.0,13280.85552,304,2,-1,8,move,,True,2,2,0,8,True,no,none,none
legacy_first32,fallback_event,event_trace,31,31,31:storage_in,31,33,8,47,11284.54448,0.0,13279.85552,308,3,-1,11,move,,True,2,2,0,11,True,no,none,none
legacy_first32,fallback_event,event_trace,31,31,31:storage_in,31,33,11,47,11288.744480000001,0.0,13278.85552,311,4,-1,13,move,,True,3,3,0,14,False,no,none,none
legacy_first32,fallback_event,event_trace,31,31,31:storage_in,31,33,13,47,11300.944480000002,0.0,13277.855519999997,324,5,-1,23,move,,True,2,2,0,,False,no,none,none
legacy_first32,fallback_event,event_trace,31,31,31:storage_in,31,33,23,47,11305.144480000003,0.0,13276.855519999997,331,6,-1,24,move,,True,2,2,0,,False,no,none,none
legacy_first32,fallback_event,event_trace,31,31,31:storage_in,31,33,24,47,11307.744480000003,0.0,13275.855519999997,332,7,-1,27,move,,True,2,2,0,,False,no,none,none
legacy_first32,fallback_event,event_trace,31,31,31:storage_in,31,33,27,47,11310.344480000003,0.0,13274.855519999997,334,8,-1,27,hold,,True,1,3,2,,False,no,none,none
legacy_first32,fallback_event,event_trace,31,31,31:storage_in,31,33,27,47,11311.344480000003,1.0,13273.855519999997,336,9,-1,27,hold,,True,1,3,2,,False,no,none,none
legacy_first32,fallback_event,event_trace,31,31,31:storage_in,31,33,27,47,11312.344480000003,2.0,13272.855519999997,337,10,-1,27,hold,,True,1,3,2,,False,no,none,none
legacy_first32,fallback_event,event_trace,31,31,31:storage_in,31,33,27,47,11313.344480000003,3.0,13271.855519999997,339,11,-1,27,hold,,True,1,3,2,,False,no,none,none
legacy_first32,fallback_event,event_trace,31,31,31:storage_in,31,33,27,47,11314.344480000003,4.0,13270.855519999997,340,12,-1,27,hold,,True,1,3,2,,False,no,none,none
legacy_first32,fallback_event,event_trace,31,31,31:storage_in,31,33,27,47,11315.344480000003,5.0,13269.855519999997,341,13,-1,28,move,,True,2,3,1,,False,no,none,none
legacy_first32,fallback_event,event_trace,31,31,31:storage_in,31,33,28,47,11327.144480000003,5.0,13268.855519999997,343,14,-1,47,move,,True,3,3,0,,False,no,none,none
legacy_offset32_static16,edge_score_event,event_trace,0,32,32:storage_in,32,34,2,47,11278.77315,0.0,13277.626849999999,1,1,0,9,move,,False,2,2,0,9,True,yes,none,none
legacy_offset32_static16,edge_score_event,event_trace,0,32,32:storage_in,32,34,9,47,11283.373150000001,0.0,13276.626849999999,4,2,0,7,move,,False,3,3,0,7,True,yes,none,none
legacy_offset32_static16,edge_score_event,event_trace,0,32,32:storage_in,32,34,7,47,11287.17315,0.0,13275.626849999999,9,3,1,7,hold,,False,1,2,1,8,False,yes,none,none
legacy_offset32_static16,edge_score_event,event_trace,0,32,32:storage_in,32,34,7,47,11288.17315,1.0,13274.626849999999,11,4,0,8,move,,False,2,2,0,8,True,yes,none,none
legacy_offset32_static16,edge_score_event,event_trace,0,32,32:storage_in,32,34,8,47,11290.77315,1.0,13273.626849999999,16,5,1,8,hold,,False,1,2,1,11,False,yes,none,none
legacy_offset32_static16,edge_score_event,event_trace,0,32,32:storage_in,32,34,8,47,11291.77315,2.0,13272.626849999999,18,6,1,8,hold,,False,1,2,1,11,False,yes,none,none
legacy_offset32_static16,edge_score_event,event_trace,0,32,32:storage_in,32,34,8,47,11292.77315,3.0,13271.626849999999,22,7,0,11,move,,False,2,2,0,11,True,yes,none,none
legacy_offset32_static16,edge_score_event,event_trace,0,32,32:storage_in,32,34,11,47,11296.973150000002,3.0,13270.626849999999,35,8,0,13,move,,False,2,3,1,13,True,yes,none,none
legacy_offset32_static16,edge_score_event,event_trace,0,32,32:storage_in,32,34,13,47,11309.173150000002,3.0,13269.626849999997,72,9,0,23,move,,False,2,2,0,23,True,yes,none,none
legacy_offset32_static16,edge_score_event,event_trace,0,32,32:storage_in,32,34,23,47,11313.373150000003,3.0,13268.626849999997,78,10,0,24,move,,False,1,2,1,24,True,yes,none,none
legacy_offset32_static16,edge_score_event,event_trace,0,32,32:storage_in,32,34,24,47,11315.973150000003,3.0,13267.626849999997,82,11,0,27,move,,False,2,2,0,27,True,yes,none,none
legacy_offset32_static16,edge_score_event,event_trace,0,32,32:storage_in,32,34,27,47,11318.573150000004,3.0,13266.626849999997,84,12,2,27,hold,,False,1,3,2,28,False,yes,none,none
legacy_offset32_static16,edge_score_event,event_trace,0,32,32:storage_in,32,34,27,47,11319.573150000004,4.0,13265.626849999997,85,13,-1,27,none,no_safe_action,True,0,3,3,28,False,yes,none,none
legacy_offset32_static16,edge_score_event,event_trace,1,33,33:storage_in,33,35,0,47,11281.43983,0.0,13580.160170000001,2,1,0,6,move,,False,2,2,0,6,True,yes,none,none
legacy_offset32_static16,edge_score_event,event_trace,1,33,33:storage_in,33,35,6,47,11285.63983,0.0,13579.16017,7,2,0,8,move,,False,3,3,0,8,True,yes,none,none
legacy_offset32_static16,edge_score_event,event_trace,1,33,33:storage_in,33,35,8,47,11289.43983,0.0,13574.96017,13,3,0,11,move,,False,1,2,1,11,True,yes,none,none
legacy_offset32_static16,edge_score_event,event_trace,1,33,33:storage_in,33,35,11,47,11293.63983,0.0,13573.96017,24,4,1,14,move,,False,3,3,0,14,True,yes,none,none
legacy_offset32_static16,edge_score_event,event_trace,1,33,33:storage_in,33,35,14,47,11307.43983,0.0,13550.96017,68,5,0,46,move,,False,2,2,0,46,True,yes,none,none
legacy_offset32_static16,edge_score_event,event_trace,1,33,33:storage_in,33,35,46,47,11310.03983,0.0,13549.96017,73,6,1,36,move,,False,2,3,1,36,True,yes,none,none
legacy_offset32_static16,edge_score_event,event_trace,1,33,33:storage_in,33,35,36,47,11325.839829999999,0.0,13548.96017,98,7,0,38,move,,False,2,3,1,38,True,yes,none,none
legacy_offset32_static16,edge_score_event,event_trace,1,33,33:storage_in,33,35,38,47,11339.639829999998,0.0,13547.960170000002,114,8,1,39,move,,False,2,3,1,39,True,yes,none,none
legacy_offset32_static16,edge_score_event,event_trace,1,33,33:storage_in,33,35,39,47,11349.039829999998,0.0,13546.960170000002,123,9,1,47,move,,False,3,3,0,47,True,yes,none,none
legacy_offset32_static16,edge_score_event,event_trace,2,34,34:storage_in,34,36,3,47,11282.63961,0.0,10875.36039,3,1,0,16,move,,False,2,2,0,16,True,yes,none,none
legacy_offset32_static16,edge_score_event,event_trace,2,34,34:storage_in,34,36,16,47,11285.23961,0.0,10874.36039,5,2,1,21,move,,False,2,3,1,21,True,yes,none,none
legacy_offset32_static16,edge_score_event,event_trace,2,34,34:storage_in,34,36,21,47,11309.03961,0.0,10868.160390000001,71,3,0,23,move,,False,2,2,0,23,True,yes,none,none
legacy_offset32_static16,edge_score_event,event_trace,2,34,34:storage_in,34,36,23,47,11314.839609999999,0.0,10867.160390000001,79,4,1,23,hold,,False,1,2,1,24,False,yes,none,none
legacy_offset32_static16,edge_score_event,event_trace,2,34,34:storage_in,34,36,23,47,11315.839609999999,1.0,10866.160390000001,80,5,0,24,move,,False,2,2,0,24,True,yes,none,none
legacy_offset32_static16,edge_score_event,event_trace,2,34,34:storage_in,34,36,24,47,11318.43961,1.0,10865.160390000001,83,6,0,27,move,,False,2,2,0,27,True,yes,none,none
legacy_offset32_static16,edge_score_event,event_trace,2,34,34:storage_in,34,36,27,47,11321.03961,1.0,10864.160390000001,87,7,2,27,hold,,False,1,3,2,28,False,yes,none,none
legacy_offset32_static16,edge_score_event,event_trace,2,34,34:storage_in,34,36,27,47,11322.03961,2.0,10863.160390000001,89,8,2,27,hold,,False,1,3,2,28,False,yes,none,none
legacy_offset32_static16,edge_score_event,event_trace,2,34,34:storage_in,34,36,27,47,11323.03961,3.0,10862.160390000001,90,9,2,27,hold,,False,1,3,2,28,False,yes,none,none
legacy_offset32_static16,edge_score_event,event_trace,2,34,34:storage_in,34,36,27,47,11324.03961,4.0,10861.160390000001,92,10,2,27,hold,,False,1,3,2,28,False,yes,none,none
legacy_offset32_static16,edge_score_event,event_trace,2,34,34:storage_in,34,36,27,47,11325.03961,5.0,10860.160390000001,96,11,-1,27,none,no_safe_action,True,0,3,3,28,False,yes,none,none
legacy_offset32_static16,edge_score_event,event_trace,3,35,35:storage_in,35,37,4,47,11285.33412,0.0,13574.26588,6,1,0,17,move,,False,2,2,0,17,True,yes,none,none
legacy_offset32_static16,edge_score_event,event_trace,3,35,35:storage_in,35,37,17,47,11289.93412,0.0,13573.26588,14,2,0,18,move,,False,2,2,0,18,True,yes,none,none
legacy_offset32_static16,edge_score_event,event_trace,3,35,35:storage_in,35,37,18,47,11292.53412,0.0,13572.265879999999,21,3,0,22,move,,False,1,2,1,22,True,yes,none,none
legacy_offset32_static16,edge_score_event,event_trace,3,35,35:storage_in,35,37,22,47,11301.93412,0.0,13571.26588,52,4,0,24,move,,False,3,3,0,24,True,yes,none,none
legacy_offset32_static16,edge_score_event,event_trace,3,35,35:storage_in,35,37,24,47,11313.33412,0.0,13570.26588,77,5,0,27,move,,False,2,2,0,27,True,yes,none,none
legacy_offset32_static16,edge_score_event,event_trace,3,35,35:storage_in,35,37,27,47,11315.93412,0.0,13569.26588,81,6,0,28,move,,False,2,3,1,28,True,yes,none,none
legacy_offset32_static16,edge_score_event,event_trace,3,35,35:storage_in,35,37,28,47,11327.73412,0.0,13568.26588,101,7,1,47,move,,False,3,3,0,47,True,yes,none,none
legacy_offset32_static16,edge_score_event,event_trace,4,36,36:storage_in,36,38,1,47,11286.58781,0.0,12071.41219,8,1,0,7,move,,False,2,2,0,7,True,yes,none,none
legacy_offset32_static16,edge_score_event,event_trace,4,36,36:storage_in,36,38,7,47,11292.38781,0.0,12070.41219,20,2,0,8,move,,False,2,2,0,8,True,yes,none,none
legacy_offset32_static16,edge_score_event,event_trace,4,36,36:storage_in,36,38,8,47,11294.98781,0.0,12069.41219,28,3,1,8,hold,,False,1,2,1,11,False,yes,none,none
legacy_offset32_static16,edge_score_event,event_trace,4,36,36:storage_in,36,38,8,47,11295.98781,1.0,12068.41219,31,4,0,11,move,,False,2,2,0,11,True,yes,none,none
legacy_offset32_static16,edge_score_event,event_trace,4,36,36:storage_in,36,38,11,47,11300.187810000001,1.0,12067.41219,45,5,2,11,hold,,False,1,3,2,13,False,yes,none,none
legacy_offset32_static16,edge_score_event,event_trace,4,36,36:storage_in,36,38,11,47,11301.187810000001,2.0,12066.41219,48,6,2,11,hold,,False,1,3,2,13,False,yes,none,none
legacy_offset32_static16,edge_score_event,event_trace,4,36,36:storage_in,36,38,11,47,11302.187810000001,3.0,12065.41219,53,7,2,11,hold,,False,1,3,2,13,False,yes,none,none
legacy_offset32_static16,edge_score_event,event_trace,4,36,36:storage_in,36,38,11,47,11303.187810000001,4.0,12064.41219,56,8,-1,11,none,no_safe_action,True,0,3,3,13,False,yes,none,none
legacy_offset32_static16,edge_score_event,event_trace,5,37,37:storage_in,37,39,5,47,11288.00084,0.0,13272.399159999999,10,1,0,19,move,,False,2,2,0,19,True,yes,none,none
legacy_offset32_static16,edge_score_event,event_trace,5,37,37:storage_in,37,39,19,47,11290.600840000001,0.0,13271.399159999999,15,2,0,18,move,,False,3,3,0,25,False,yes,none,none
legacy_offset32_static16,edge_score_event,event_trace,5,37,37:storage_in,37,39,18,47,11294.40084,0.0,13270.399159999999,27,3,1,18,hold,,False,1,2,1,,False,yes,none,none
legacy_offset32_static16,edge_score_event,event_trace,5,37,37:storage_in,37,39,18,47,11295.40084,1.0,13269.399159999999,30,4,1,18,hold,,False,1,2,1,,False,yes,none,none
legacy_offset32_static16,edge_score_event,event_trace,5,37,37:storage_in,37,39,18,47,11296.40084,2.0,13268.399159999999,34,5,1,18,hold,,False,1,2,1,,False,yes,none,none
legacy_offset32_static16,edge_score_event,event_trace,5,37,37:storage_in,37,39,18,47,11297.40084,3.0,13267.399159999999,37,6,1,18,hold,,False,1,2,1,,False,yes,none,none
legacy_offset32_static16,edge_score_event,event_trace,5,37,37:storage_in,37,39,18,47,11298.40084,4.0,13266.399159999999,40,7,1,18,hold,,False,1,2,1,,False,yes,none,none
legacy_offset32_static16,edge_score_event,event_trace,5,37,37:storage_in,37,39,18,47,11299.40084,5.0,13265.399159999999,43,8,1,18,hold,,False,1,2,1,,False,yes,none,none
legacy_offset32_static16,edge_score_event,event_trace,5,37,37:storage_in,37,39,18,47,11300.40084,6.0,13264.399159999999,47,9,1,18,hold,,False,1,2,1,,False,yes,none,none
legacy_offset32_static16,edge_score_event,event_trace,5,37,37:storage_in,37,39,18,47,11301.40084,7.0,13263.399159999999,51,10,0,22,move,,False,2,2,0,,False,yes,none,none
legacy_offset32_static16,edge_score_event,event_trace,5,37,37:storage_in,37,39,22,47,11310.80084,7.0,13262.39916,74,11,2,22,hold,,False,2,3,1,,False,yes,none,none
legacy_offset32_static16,edge_score_event,event_trace,5,37,37:storage_in,37,39,22,47,11311.80084,8.0,13261.39916,75,12,2,22,hold,,False,2,3,1,,False,yes,none,none
legacy_offset32_static16,edge_score_event,event_trace,5,37,37:storage_in,37,39,22,47,11312.80084,9.0,13260.39916,76,13,0,24,move,,False,3,3,0,,False,yes,none,none
legacy_offset32_static16,edge_score_event,event_trace,5,37,37:storage_in,37,39,24,47,11324.20084,9.0,13259.39916,93,14,0,27,move,,False,2,2,0,,False,yes,none,none
legacy_offset32_static16,edge_score_event,event_trace,5,37,37:storage_in,37,39,27,47,11326.80084,9.0,13258.39916,99,15,0,28,move,,False,2,3,1,,False,yes,none,none
legacy_offset32_static16,edge_score_event,event_trace,5,37,37:storage_in,37,39,28,47,11338.60084,9.0,13257.39916,113,16,1,47,move,,False,3,3,0,,False,yes,none,none
legacy_offset32_static16,edge_score_event,event_trace,6,38,38:storage_in,38,40,2,47,11289.25449,0.0,13567.14551,12,1,0,9,move,,False,2,2,0,9,True,yes,none,none
legacy_offset32_static16,edge_score_event,event_trace,6,38,38:storage_in,38,40,9,47,11293.85449,0.0,13566.14551,25,2,0,7,move,,False,3,3,0,7,True,yes,none,none
legacy_offset32_static16,edge_score_event,event_trace,6,38,38:storage_in,38,40,7,47,11297.654489999999,0.0,13565.14551,38,3,1,7,hold,,False,1,2,1,8,False,yes,none,none
legacy_offset32_static16,edge_score_event,event_trace,6,38,38:storage_in,38,40,7,47,11298.654489999999,1.0,13564.14551,41,4,0,8,move,,False,2,2,0,8,True,yes,none,none
legacy_offset32_static16,edge_score_event,event_trace,6,38,38:storage_in,38,40,8,47,11301.25449,1.0,13563.14551,49,5,1,8,hold,,False,1,2,1,11,False,yes,none,none
legacy_offset32_static16,edge_score_event,event_trace,6,38,38:storage_in,38,40,8,47,11302.25449,2.0,13562.14551,54,6,1,8,hold,,False,1,2,1,11,False,yes,none,none
legacy_offset32_static16,edge_score_event,event_trace,6,38,38:storage_in,38,40,8,47,11303.25449,3.0,13561.14551,57,7,1,8,hold,,False,1,2,1,11,False,yes,none,none
legacy_offset32_static16,edge_score_event,event_trace,6,38,38:storage_in,38,40,8,47,11304.25449,4.0,13560.14551,59,8,0,11,move,,False,2,2,0,11,True,yes,none,none
legacy_offset32_static16,edge_score_event,event_trace,6,38,38:storage_in,38,40,11,47,11308.45449,4.0,13559.14551,70,9,0,13,move,,False,2,3,1,14,False,yes,none,none
legacy_offset32_static16,edge_score_event,event_trace,6,38,38:storage_in,38,40,13,47,11320.65449,4.0,13558.145509999998,86,10,0,23,move,,False,2,2,0,,False,yes,none,none
legacy_offset32_static16,edge_score_event,event_trace,6,38,38:storage_in,38,40,23,47,11324.854490000002,4.0,13557.145509999998,95,11,0,24,move,,False,2,2,0,,False,yes,none,none
legacy_offset32_static16,edge_score_event,event_trace,6,38,38:storage_in,38,40,24,47,11327.454490000002,4.0,13556.145509999998,100,12,0,27,move,,False,2,2,0,,False,yes,none,none
legacy_offset32_static16,edge_score_event,event_trace,6,38,38:storage_in,38,40,27,47,11330.054490000002,4.0,13555.145509999998,102,13,2,27,hold,,False,1,3,2,,False,yes,none,none
legacy_offset32_static16,edge_score_event,event_trace,6,38,38:storage_in,38,40,27,47,11331.054490000002,5.0,13554.145509999998,103,14,2,27,hold,,False,1,3,2,,False,yes,none,none
legacy_offset32_static16,edge_score_event,event_trace,6,38,38:storage_in,38,40,27,47,11332.054490000002,6.0,13553.145509999998,104,15,2,27,hold,,False,1,3,2,,False,yes,none,none
legacy_offset32_static16,edge_score_event,event_trace,6,38,38:storage_in,38,40,27,47,11333.054490000002,7.0,13552.145509999998,106,16,2,27,hold,,False,1,3,2,,False,yes,none,none
legacy_offset32_static16,edge_score_event,event_trace,6,38,38:storage_in,38,40,27,47,11334.054490000002,8.0,13551.145509999998,107,17,2,27,hold,,False,1,3,2,,False,yes,none,none
legacy_offset32_static16,edge_score_event,event_trace,6,38,38:storage_in,38,40,27,47,11335.054490000002,9.0,13550.145509999998,108,18,2,27,hold,,False,1,3,2,,False,yes,none,none
legacy_offset32_static16,edge_score_event,event_trace,6,38,38:storage_in,38,40,27,47,11336.054490000002,10.0,13549.145509999998,109,19,2,27,hold,,False,1,3,2,,False,yes,none,none
legacy_offset32_static16,edge_score_event,event_trace,6,38,38:storage_in,38,40,27,47,11337.054490000002,11.0,13548.145509999998,110,20,2,27,hold,,False,1,3,2,,False,yes,none,none
legacy_offset32_static16,edge_score_event,event_trace,6,38,38:storage_in,38,40,27,47,11338.054490000002,12.0,13547.145509999998,112,21,0,28,move,,False,2,3,1,,False,yes,none,none
legacy_offset32_static16,edge_score_event,event_trace,6,38,38:storage_in,38,40,28,47,11349.854490000002,12.0,13546.145509999998,125,22,1,47,move,,False,3,3,0,,False,yes,none,none
legacy_offset32_static16,edge_score_event,event_trace,7,39,39:storage_in,39,41,3,47,11290.77424,0.0,13567.22576,17,1,0,16,move,,False,2,2,0,16,True,yes,none,none
legacy_offset32_static16,edge_score_event,event_trace,7,39,39:storage_in,39,41,16,47,11293.374240000001,0.0,13566.22576,23,2,2,16,hold,,False,1,3,2,21,False,yes,none,none
legacy_offset32_static16,edge_score_event,event_trace,7,39,39:storage_in,39,41,16,47,11294.374240000001,1.0,13565.22576,26,3,2,16,hold,,False,1,3,2,21,False,yes,none,none
legacy_offset32_static16,edge_score_event,event_trace,7,39,39:storage_in,39,41,16,47,11295.374240000001,2.0,13564.22576,29,4,2,16,hold,,False,1,3,2,21,False,yes,none,none
legacy_offset32_static16,edge_score_event,event_trace,7,39,39:storage_in,39,41,16,47,11296.374240000001,3.0,13563.22576,33,5,2,16,hold,,False,1,3,2,21,False,yes,none,none
legacy_offset32_static16,edge_score_event,event_trace,7,39,39:storage_in,39,41,16,47,11297.374240000001,4.0,13562.22576,36,6,2,16,hold,,False,1,3,2,21,False,yes,none,none
legacy_offset32_static16,edge_score_event,event_trace,7,39,39:storage_in,39,41,16,47,11298.374240000001,5.0,13561.22576,39,7,2,16,hold,,False,1,3,2,21,False,yes,none,none
legacy_offset32_static16,edge_score_event,event_trace,7,39,39:storage_in,39,41,16,47,11299.374240000001,6.0,13560.22576,42,8,2,16,hold,,False,1,3,2,21,False,yes,none,none
legacy_offset32_static16,edge_score_event,event_trace,7,39,39:storage_in,39,41,16,47,11300.374240000001,7.0,13559.22576,46,9,2,16,hold,,False,1,3,2,21,False,yes,none,none
legacy_offset32_static16,edge_score_event,event_trace,7,39,39:storage_in,39,41,16,47,11301.374240000001,8.0,13558.22576,50,10,2,16,hold,,False,1,3,2,21,False,yes,none,none
legacy_offset32_static16,edge_score_event,event_trace,7,39,39:storage_in,39,41,16,47,11302.374240000001,9.0,13557.22576,55,11,2,16,hold,,False,1,3,2,21,False,yes,none,none
legacy_offset32_static16,edge_score_event,event_trace,7,39,39:storage_in,39,41,16,47,11303.374240000001,10.0,13556.22576,58,12,2,16,hold,,False,1,3,2,21,False,yes,none,none
legacy_offset32_static16,edge_score_event,event_trace,7,39,39:storage_in,39,41,16,47,11304.374240000001,11.0,13555.22576,61,13,2,16,hold,,False,1,3,2,21,False,yes,none,none
legacy_offset32_static16,edge_score_event,event_trace,7,39,39:storage_in,39,41,16,47,11305.374240000001,12.0,13554.22576,63,14,2,16,hold,,False,1,3,2,21,False,yes,none,none
legacy_offset32_static16,edge_score_event,event_trace,7,39,39:storage_in,39,41,16,47,11306.374240000001,13.0,13553.22576,65,15,2,16,hold,,False,1,3,2,21,False,yes,none,none
legacy_offset32_static16,edge_score_event,event_trace,7,39,39:storage_in,39,41,16,47,11307.374240000001,14.0,13552.22576,67,16,2,16,hold,,False,1,3,2,21,False,yes,none,none
legacy_offset32_static16,edge_score_event,event_trace,7,39,39:storage_in,39,41,16,47,11308.374240000001,15.0,13551.22576,69,17,1,21,move,,False,2,3,1,21,True,yes,none,none
legacy_offset32_static16,edge_score_event,event_trace,7,39,39:storage_in,39,41,21,47,11332.17424,15.0,13545.02576,105,18,0,23,move,,False,2,2,0,23,True,yes,none,none
legacy_offset32_static16,edge_score_event,event_trace,7,39,39:storage_in,39,41,23,47,11337.97424,15.0,13544.02576,111,19,0,24,move,,False,2,2,0,24,True,yes,none,none
legacy_offset32_static16,edge_score_event,event_trace,7,39,39:storage_in,39,41,24,47,11340.57424,15.0,13543.02576,115,20,0,27,move,,False,2,2,0,27,True,yes,none,none
legacy_offset32_static16,edge_score_event,event_trace,7,39,39:storage_in,39,41,27,47,11343.17424,15.0,13542.02576,117,21,2,27,hold,,False,1,3,2,28,False,yes,none,none
legacy_offset32_static16,edge_score_event,event_trace,7,39,39:storage_in,39,41,27,47,11344.17424,16.0,13541.02576,118,22,2,27,hold,,False,1,3,2,28,False,yes,none,none
legacy_offset32_static16,edge_score_event,event_trace,7,39,39:storage_in,39,41,27,47,11345.17424,17.0,13540.02576,119,23,2,27,hold,,False,1,3,2,28,False,yes,none,none
legacy_offset32_static16,edge_score_event,event_trace,7,39,39:storage_in,39,41,27,47,11346.17424,18.0,13539.02576,120,24,2,27,hold,,False,1,3,2,28,False,yes,none,none
legacy_offset32_static16,edge_score_event,event_trace,7,39,39:storage_in,39,41,27,47,11347.17424,19.0,13538.02576,121,25,2,27,hold,,False,1,3,2,28,False,yes,none,none
legacy_offset32_static16,edge_score_event,event_trace,7,39,39:storage_in,39,41,27,47,11348.17424,20.0,13537.02576,122,26,2,27,hold,,False,1,3,2,28,False,yes,none,none
legacy_offset32_static16,edge_score_event,event_trace,7,39,39:storage_in,39,41,27,47,11349.17424,21.0,13536.02576,124,27,0,28,move,,False,2,3,1,28,True,yes,none,none
legacy_offset32_static16,edge_score_event,event_trace,7,39,39:storage_in,39,41,28,47,11360.97424,21.0,13535.02576,127,28,1,47,move,,False,3,3,0,47,True,yes,none,none
legacy_offset32_static16,edge_score_event,event_trace,8,40,40:storage_in,40,42,0,47,11292.14444,0.0,12069.45556,19,1,0,6,move,,False,2,2,0,6,True,yes,none,none
legacy_offset32_static16,edge_score_event,event_trace,8,40,40:storage_in,40,42,6,47,11296.34444,0.0,12068.455559999999,32,2,0,8,move,,False,3,3,0,12,False,yes,none,none
legacy_offset32_static16,edge_score_event,event_trace,8,40,40:storage_in,40,42,8,47,11300.14444,0.0,12064.25556,44,3,0,11,move,,False,1,2,1,,False,yes,none,none
legacy_offset32_static16,edge_score_event,event_trace,8,40,40:storage_in,40,42,11,47,11304.34444,0.0,12063.25556,60,4,2,11,hold,,False,1,3,2,,False,yes,none,none
legacy_offset32_static16,edge_score_event,event_trace,8,40,40:storage_in,40,42,11,47,11305.34444,1.0,12062.25556,62,5,2,11,hold,,False,1,3,2,,False,yes,none,none
legacy_offset32_static16,edge_score_event,event_trace,8,40,40:storage_in,40,42,11,47,11306.34444,2.0,12061.25556,64,6,2,11,hold,,False,1,3,2,,False,yes,none,none
legacy_offset32_static16,edge_score_event,event_trace,8,40,40:storage_in,40,42,11,47,11307.34444,3.0,12060.25556,66,7,1,14,move,,False,1,3,2,,False,yes,none,none
legacy_offset32_static16,edge_score_event,event_trace,8,40,40:storage_in,40,42,14,47,11321.14444,3.0,12037.25556,88,8,0,46,move,,False,2,2,0,,False,yes,none,none
legacy_offset32_static16,edge_score_event,event_trace,8,40,40:storage_in,40,42,46,47,11323.74444,3.0,12036.25556,91,9,2,46,hold,,False,1,3,2,,False,yes,none,none
legacy_offset32_static16,edge_score_event,event_trace,8,40,40:storage_in,40,42,46,47,11324.74444,4.0,12035.25556,94,10,2,46,hold,,False,1,3,2,,False,yes,none,none
legacy_offset32_static16,edge_score_event,event_trace,8,40,40:storage_in,40,42,46,47,11325.74444,5.0,12034.25556,97,11,1,36,move,,False,2,3,1,,False,yes,none,none
legacy_offset32_static16,edge_score_event,event_trace,8,40,40:storage_in,40,42,36,47,11341.54444,5.0,12033.25556,116,12,0,38,move,,False,2,3,1,,False,yes,none,none
legacy_offset32_static16,edge_score_event,event_trace,8,40,40:storage_in,40,42,38,47,11355.344439999999,5.0,12032.255560000001,126,13,1,39,move,,False,2,3,1,,False,yes,none,none
legacy_offset32_static16,edge_score_event,event_trace,8,40,40:storage_in,40,42,39,47,11364.744439999999,5.0,12031.255560000001,128,14,1,47,move,,False,3,3,0,,False,yes,none,none
legacy_offset32_static16,edge_score_event,event_trace,9,41,41:storage_in,41,43,1,47,11845.2066,0.0,12112.7934,129,1,0,7,move,,False,2,2,0,7,True,yes,none,none
legacy_offset32_static16,edge_score_event,event_trace,9,41,41:storage_in,41,43,7,47,11851.006599999999,0.0,12111.7934,130,2,0,8,move,,False,2,2,0,8,True,yes,none,none
legacy_offset32_static16,edge_score_event,event_trace,9,41,41:storage_in,41,43,8,47,11853.6066,0.0,12110.7934,131,3,0,11,move,,False,2,2,0,11,True,yes,none,none
legacy_offset32_static16,edge_score_event,event_trace,9,41,41:storage_in,41,43,11,47,11857.8066,0.0,12109.7934,133,4,1,14,move,,False,3,3,0,13,False,yes,none,none
legacy_offset32_static16,edge_score_event,event_trace,9,41,41:storage_in,41,43,14,47,11871.6066,0.0,12086.7934,143,5,0,46,move,,False,2,2,0,,False,yes,none,none
legacy_offset32_static16,edge_score_event,event_trace,9,41,41:storage_in,41,43,46,47,11874.2066,0.0,12085.7934,144,6,1,36,move,,False,2,3,1,,False,yes,none,none
legacy_offset32_static16,edge_score_event,event_trace,9,41,41:storage_in,41,43,36,47,11890.006599999999,0.0,12084.7934,159,7,0,38,move,,False,2,3,1,,False,yes,none,none
legacy_offset32_static16,edge_score_event,event_trace,9,41,41:storage_in,41,43,38,47,11903.806599999998,0.0,12083.793400000002,177,8,1,39,move,,False,2,3,1,,False,yes,none,none
legacy_offset32_static16,edge_score_event,event_trace,9,41,41:storage_in,41,43,39,47,11913.206599999998,0.0,12082.793400000002,192,9,1,47,move,,False,3,3,0,,False,yes,none,none
legacy_offset32_static16,edge_score_event,event_trace,10,42,42:storage_in,42,44,4,47,11854.61553,0.0,12404.984470000001,132,1,0,17,move,,False,2,2,0,17,True,yes,none,none
legacy_offset32_static16,edge_score_event,event_trace,10,42,42:storage_in,42,44,17,47,11859.21553,0.0,12403.984470000001,134,2,0,18,move,,False,2,2,0,18,True,yes,none,none
legacy_offset32_static16,edge_score_event,event_trace,10,42,42:storage_in,42,44,18,47,11861.81553,0.0,12402.98447,135,3,0,22,move,,False,2,2,0,22,True,yes,none,none
legacy_offset32_static16,edge_score_event,event_trace,10,42,42:storage_in,42,44,22,47,11871.21553,0.0,12401.984470000001,141,4,0,24,move,,False,3,3,0,24,True,yes,none,none
legacy_offset32_static16,edge_score_event,event_trace,10,42,42:storage_in,42,44,24,47,11882.61553,0.0,12400.984470000001,151,5,0,27,move,,False,2,2,0,27,True,yes,none,none
legacy_offset32_static16,edge_score_event,event_trace,10,42,42:storage_in,42,44,27,47,11885.21553,0.0,12399.984470000001,155,6,0,28,move,,False,2,3,1,28,True,yes,none,none
legacy_offset32_static16,edge_score_event,event_trace,10,42,42:storage_in,42,44,28,47,11897.015529999999,0.0,12398.984470000001,166,7,1,47,move,,False,3,3,0,47,True,yes,none,none
legacy_offset32_static16,edge_score_event,event_trace,11,43,43:storage_in,43,45,5,47,11865.14962,0.0,12095.25038,136,1,0,19,move,,False,2,2,0,19,True,yes,none,none
legacy_offset32_static16,edge_score_event,event_trace,11,43,43:storage_in,43,45,19,47,11867.74962,0.0,12094.25038,137,2,0,18,move,,False,3,3,0,25,False,yes,none,none
legacy_offset32_static16,edge_score_event,event_trace,11,43,43:storage_in,43,45,18,47,11871.54962,0.0,12093.25038,142,3,0,22,move,,False,2,2,0,,False,yes,none,none
legacy_offset32_static16,edge_score_event,event_trace,11,43,43:storage_in,43,45,22,47,11880.94962,0.0,12092.250380000001,150,4,1,26,move,,False,2,3,1,,False,yes,none,none
legacy_offset32_static16,edge_score_event,event_trace,11,43,43:storage_in,43,45,26,47,11888.749619999999,0.0,12063.250380000001,157,5,0,43,move,,False,2,2,0,43,True,yes,none,none
legacy_offset32_static16,edge_score_event,event_trace,11,43,43:storage_in,43,45,43,47,11891.349619999999,0.0,12062.250380000001,160,6,0,15,move,,False,2,2,0,15,True,yes,none,none
legacy_offset32_static16,edge_score_event,event_trace,11,43,43:storage_in,43,45,15,47,11895.54962,0.0,12061.25038,164,7,1,15,hold,,False,1,2,1,14,False,yes,none,none
legacy_offset32_static16,edge_score_event,event_trace,11,43,43:storage_in,43,45,15,47,11896.54962,1.0,12060.25038,165,8,0,14,move,,False,2,2,0,14,True,yes,none,none
legacy_offset32_static16,edge_score_event,event_trace,11,43,43:storage_in,43,45,14,47,11899.14962,1.0,12059.25038,168,9,0,46,move,,False,2,2,0,46,True,yes,none,none
legacy_offset32_static16,edge_score_event,event_trace,11,43,43:storage_in,43,45,46,47,11901.74962,1.0,12058.25038,172,10,2,46,hold,,False,1,3,2,36,False,yes,none,none
legacy_offset32_static16,edge_score_event,event_trace,11,43,43:storage_in,43,45,46,47,11902.74962,2.0,12057.25038,174,11,2,46,hold,,False,1,3,2,36,False,yes,none,none
legacy_offset32_static16,edge_score_event,event_trace,11,43,43:storage_in,43,45,46,47,11903.74962,3.0,12056.25038,176,12,2,46,hold,,False,1,3,2,36,False,yes,none,none
legacy_offset32_static16,edge_score_event,event_trace,11,43,43:storage_in,43,45,46,47,11904.74962,4.0,12055.25038,178,13,2,46,hold,,False,1,3,2,36,False,yes,none,none
legacy_offset32_static16,edge_score_event,event_trace,11,43,43:storage_in,43,45,46,47,11905.74962,5.0,12054.25038,180,14,2,46,hold,,False,1,3,2,36,False,yes,none,none
legacy_offset32_static16,edge_score_event,event_trace,11,43,43:storage_in,43,45,46,47,11906.74962,6.0,12053.25038,182,15,2,46,hold,,False,1,3,2,36,False,yes,none,none
legacy_offset32_static16,edge_score_event,event_trace,11,43,43:storage_in,43,45,46,47,11907.74962,7.0,12052.25038,184,16,2,46,hold,,False,1,3,2,36,False,yes,none,none
legacy_offset32_static16,edge_score_event,event_trace,11,43,43:storage_in,43,45,46,47,11908.74962,8.0,12051.25038,185,17,2,46,hold,,False,1,3,2,36,False,yes,none,none
legacy_offset32_static16,edge_score_event,event_trace,11,43,43:storage_in,43,45,46,47,11909.74962,9.0,12050.25038,187,18,2,46,hold,,False,1,3,2,36,False,yes,none,none
legacy_offset32_static16,edge_score_event,event_trace,11,43,43:storage_in,43,45,46,47,11910.74962,10.0,12049.25038,189,19,-1,46,none,no_safe_action,True,0,3,3,36,False,yes,none,none
legacy_offset32_static16,edge_score_event,event_trace,12,44,44:storage_in,44,46,3,47,11867.9489,0.0,10290.0511,138,1,0,16,move,,False,2,2,0,16,True,yes,none,none
legacy_offset32_static16,edge_score_event,event_trace,12,44,44:storage_in,44,46,16,47,11870.5489,0.0,10289.0511,139,2,1,21,move,,False,2,3,1,21,True,yes,none,none
legacy_offset32_static16,edge_score_event,event_trace,12,44,44:storage_in,44,46,21,47,11894.348899999999,0.0,10282.851100000002,163,3,0,23,move,,False,2,2,0,23,True,yes,none,none
legacy_offset32_static16,edge_score_event,event_trace,12,44,44:storage_in,44,46,23,47,11900.148899999998,0.0,10281.851100000002,170,4,0,24,move,,False,2,2,0,24,True,yes,none,none
legacy_offset32_static16,edge_score_event,event_trace,12,44,44:storage_in,44,46,24,47,11902.748899999999,0.0,10280.851100000002,173,5,0,27,move,,False,2,2,0,27,True,yes,none,none
legacy_offset32_static16,edge_score_event,event_trace,12,44,44:storage_in,44,46,27,47,11905.348899999999,0.0,10279.851100000002,179,6,0,28,move,,False,2,3,1,28,True,yes,none,none
legacy_offset32_static16,edge_score_event,event_trace,12,44,44:storage_in,44,46,28,47,11917.148899999998,0.0,10278.851100000002,199,7,1,47,move,,False,3,3,0,47,True,yes,none,none
legacy_offset32_static16,edge_score_event,event_trace,13,45,45:storage_in,45,47,1,47,11870.81115,0.0,12987.18885,140,1,0,7,move,,False,2,2,0,7,True,yes,none,none
legacy_offset32_static16,edge_score_event,event_trace,13,45,45:storage_in,45,47,7,47,11876.611149999999,0.0,12986.18885,146,2,0,8,move,,False,2,2,0,8,True,yes,none,none
legacy_offset32_static16,edge_score_event,event_trace,13,45,45:storage_in,45,47,8,47,11879.21115,0.0,12985.18885,148,3,0,11,move,,False,2,2,0,11,True,yes,none,none
legacy_offset32_static16,edge_score_event,event_trace,13,45,45:storage_in,45,47,11,47,11883.41115,0.0,12984.18885,154,4,1,14,move,,False,3,3,0,13,False,yes,none,none
legacy_offset32_static16,edge_score_event,event_trace,13,45,45:storage_in,45,47,14,47,11897.21115,0.0,12961.18885,167,5,0,46,move,,False,1,2,1,,False,yes,none,none
legacy_offset32_static16,edge_score_event,event_trace,13,45,45:storage_in,45,47,46,47,11899.81115,0.0,12960.18885,169,6,1,36,move,,False,1,3,2,,False,yes,none,none
legacy_offset32_static16,edge_score_event,event_trace,13,45,45:storage_in,45,47,36,47,11915.611149999999,0.0,12959.18885,197,7,0,38,move,,False,2,3,1,,False,yes,none,none
legacy_offset32_static16,edge_score_event,event_trace,13,45,45:storage_in,45,47,38,47,11929.411149999998,0.0,12958.188850000002,201,8,1,39,move,,False,2,3,1,,False,yes,none,none
legacy_offset32_static16,edge_score_event,event_trace,13,45,45:storage_in,45,47,39,47,11938.811149999998,0.0,12957.188850000002,203,9,1,47,move,,False,3,3,0,,False,yes,none,none
legacy_offset32_static16,edge_score_event,event_trace,14,46,46:storage_in,46,48,4,47,11875.94881,0.0,11183.65119,145,1,0,17,move,,False,2,2,0,17,True,yes,none,none
legacy_offset32_static16,edge_score_event,event_trace,14,46,46:storage_in,46,48,17,47,11880.54881,0.0,11182.65119,149,2,0,18,move,,False,2,2,0,18,True,yes,none,none
legacy_offset32_static16,edge_score_event,event_trace,14,46,46:storage_in,46,48,18,47,11883.14881,0.0,11181.651189999999,152,3,0,22,move,,False,2,2,0,22,True,yes,none,none
legacy_offset32_static16,edge_score_event,event_trace,14,46,46:storage_in,46,48,22,47,11892.54881,0.0,11180.65119,161,4,1,26,move,,False,3,3,0,24,False,yes,none,none
legacy_offset32_static16,edge_score_event,event_trace,14,46,46:storage_in,46,48,26,47,11900.34881,0.0,11151.65119,171,5,0,43,move,,False,2,2,0,,False,yes,none,none
legacy_offset32_static16,edge_score_event,event_trace,14,46,46:storage_in,46,48,43,47,11902.94881,0.0,11150.65119,175,6,0,15,move,,False,2,2,0,,False,yes,none,none
legacy_offset32_static16,edge_score_event,event_trace,14,46,46:storage_in,46,48,15,47,11907.14881,0.0,11149.651189999999,183,7,0,14,move,,False,2,2,0,,False,yes,none,none
legacy_offset32_static16,edge_score_event,event_trace,14,46,46:storage_in,46,48,14,47,11909.748810000001,0.0,11148.651189999999,186,8,0,46,move,,False,2,2,0,,False,yes,none,none
legacy_offset32_static16,edge_score_event,event_trace,14,46,46:storage_in,46,48,46,47,11912.348810000001,0.0,11147.651189999999,190,9,2,46,hold,,False,1,3,2,,False,yes,none,none
legacy_offset32_static16,edge_score_event,event_trace,14,46,46:storage_in,46,48,46,47,11913.348810000001,1.0,11146.651189999999,193,10,2,46,hold,,False,1,3,2,,False,yes,none,none
legacy_offset32_static16,edge_score_event,event_trace,14,46,46:storage_in,46,48,46,47,11914.348810000001,2.0,11145.651189999999,194,11,2,46,hold,,False,1,3,2,,False,yes,none,none
legacy_offset32_static16,edge_score_event,event_trace,14,46,46:storage_in,46,48,46,47,11915.348810000001,3.0,11144.651189999999,195,12,1,36,move,,False,2,3,1,,False,yes,none,none
legacy_offset32_static16,edge_score_event,event_trace,14,46,46:storage_in,46,48,36,47,11931.14881,3.0,11143.651189999999,202,13,0,38,move,,False,2,3,1,,False,yes,none,none
legacy_offset32_static16,edge_score_event,event_trace,14,46,46:storage_in,46,48,38,47,11944.94881,3.0,11142.65119,204,14,1,39,move,,False,2,3,1,,False,yes,none,none
legacy_offset32_static16,edge_score_event,event_trace,14,46,46:storage_in,46,48,39,47,11954.34881,3.0,11141.65119,205,15,1,47,move,,False,3,3,0,,False,yes,none,none
legacy_offset32_static16,edge_score_event,event_trace,15,47,47:storage_in,47,49,2,47,11878.58781,0.0,12677.812189999999,147,1,0,9,move,,False,2,2,0,9,True,yes,none,none
legacy_offset32_static16,edge_score_event,event_trace,15,47,47:storage_in,47,49,9,47,11883.187810000001,0.0,12676.812189999999,153,2,0,7,move,,False,3,3,0,7,True,yes,none,none
legacy_offset32_static16,edge_score_event,event_trace,15,47,47:storage_in,47,49,7,47,11886.98781,0.0,12675.812189999999,156,3,0,8,move,,False,2,2,0,8,True,yes,none,none
legacy_offset32_static16,edge_score_event,event_trace,15,47,47:storage_in,47,49,8,47,11889.58781,0.0,12674.812189999999,158,4,0,11,move,,False,2,2,0,11,True,yes,none,none
legacy_offset32_static16,edge_score_event,event_trace,15,47,47:storage_in,47,49,11,47,11893.787810000002,0.0,12673.812189999999,162,5,0,13,move,,False,2,3,1,13,True,yes,none,none
legacy_offset32_static16,edge_score_event,event_trace,15,47,47:storage_in,47,49,13,47,11905.987810000002,0.0,12672.812189999997,181,6,0,23,move,,False,2,2,0,23,True,yes,none,none
legacy_offset32_static16,edge_score_event,event_trace,15,47,47:storage_in,47,49,23,47,11910.187810000003,0.0,12671.812189999997,188,7,0,24,move,,False,2,2,0,24,True,yes,none,none
legacy_offset32_static16,edge_score_event,event_trace,15,47,47:storage_in,47,49,24,47,11912.787810000003,0.0,12670.812189999997,191,8,0,27,move,,False,2,2,0,27,True,yes,none,none
legacy_offset32_static16,edge_score_event,event_trace,15,47,47:storage_in,47,49,27,47,11915.387810000004,0.0,12669.812189999997,196,9,2,27,hold,,False,1,3,2,28,False,yes,none,none
legacy_offset32_static16,edge_score_event,event_trace,15,47,47:storage_in,47,49,27,47,11916.387810000004,1.0,12668.812189999997,198,10,0,28,move,,False,2,3,1,28,True,yes,none,none
legacy_offset32_static16,edge_score_event,event_trace,15,47,47:storage_in,47,49,28,47,11928.187810000003,1.0,12667.812189999997,200,11,1,47,move,,False,3,3,0,47,True,yes,none,none
legacy_offset32_static16,fallback_event,event_trace,0,32,32:storage_in,32,34,2,47,11278.77315,0.0,13277.626849999999,1,1,-1,9,move,,True,2,2,0,9,True,yes,none,none
legacy_offset32_static16,fallback_event,event_trace,0,32,32:storage_in,32,34,9,47,11283.373150000001,0.0,13276.626849999999,4,2,-1,7,move,,True,3,3,0,7,True,yes,none,none
legacy_offset32_static16,fallback_event,event_trace,0,32,32:storage_in,32,34,7,47,11287.17315,0.0,13275.626849999999,9,3,-1,8,move,,True,2,2,0,8,True,yes,none,none
legacy_offset32_static16,fallback_event,event_trace,0,32,32:storage_in,32,34,8,47,11289.77315,0.0,13274.626849999999,12,4,-1,11,move,,True,2,2,0,11,True,yes,none,none
legacy_offset32_static16,fallback_event,event_trace,0,32,32:storage_in,32,34,11,47,11293.973150000002,0.0,13273.626849999999,21,5,-1,13,move,,True,3,3,0,13,True,yes,none,none
legacy_offset32_static16,fallback_event,event_trace,0,32,32:storage_in,32,34,13,47,11306.173150000002,0.0,13272.626849999997,53,6,-1,23,move,,True,2,2,0,23,True,yes,none,none
legacy_offset32_static16,fallback_event,event_trace,0,32,32:storage_in,32,34,23,47,11310.373150000003,0.0,13271.626849999997,60,7,-1,23,hold,,True,1,2,1,24,False,yes,none,none
legacy_offset32_static16,fallback_event,event_trace,0,32,32:storage_in,32,34,23,47,11311.373150000003,1.0,13270.626849999997,63,8,-1,23,hold,,True,1,2,1,24,False,yes,none,none
legacy_offset32_static16,fallback_event,event_trace,0,32,32:storage_in,32,34,23,47,11312.373150000003,2.0,13269.626849999997,65,9,-1,24,move,,True,2,2,0,24,True,yes,none,none
legacy_offset32_static16,fallback_event,event_trace,0,32,32:storage_in,32,34,24,47,11314.973150000003,2.0,13268.626849999997,69,10,-1,27,move,,True,2,2,0,27,True,yes,none,none
legacy_offset32_static16,fallback_event,event_trace,0,32,32:storage_in,32,34,27,47,11317.573150000004,2.0,13267.626849999997,74,11,-1,27,hold,,True,1,3,2,28,False,yes,none,none
legacy_offset32_static16,fallback_event,event_trace,0,32,32:storage_in,32,34,27,47,11318.573150000004,3.0,13266.626849999997,76,12,-1,27,none,no_safe_action,True,0,3,3,28,False,yes,none,none
legacy_offset32_static16,fallback_event,event_trace,1,33,33:storage_in,33,35,0,47,11281.43983,0.0,13580.160170000001,2,1,-1,6,move,,True,2,2,0,6,True,yes,none,none
legacy_offset32_static16,fallback_event,event_trace,1,33,33:storage_in,33,35,6,47,11285.63983,0.0,13579.16017,7,2,-1,12,move,,True,3,3,0,8,False,yes,none,none
legacy_offset32_static16,fallback_event,event_trace,1,33,33:storage_in,33,35,12,47,11296.63983,0.0,13578.16017,30,3,-1,13,move,,True,2,2,0,,False,yes,none,none
legacy_offset32_static16,fallback_event,event_trace,1,33,33:storage_in,33,35,13,47,11301.63983,0.0,13577.16017,44,4,-1,23,move,,True,2,2,0,,False,yes,none,none
legacy_offset32_static16,fallback_event,event_trace,1,33,33:storage_in,33,35,23,47,11305.83983,0.0,13576.16017,52,5,-1,24,move,,True,2,2,0,,False,yes,none,none
legacy_offset32_static16,fallback_event,event_trace,1,33,33:storage_in,33,35,24,47,11308.439830000001,0.0,13575.16017,58,6,-1,27,move,,True,2,2,0,,False,yes,none,none
legacy_offset32_static16,fallback_event,event_trace,1,33,33:storage_in,33,35,27,47,11311.039830000002,0.0,13574.16017,62,7,-1,28,move,,True,2,3,1,,False,yes,none,none
legacy_offset32_static16,fallback_event,event_trace,1,33,33:storage_in,33,35,28,47,11322.83983,0.0,13573.16017,84,8,-1,47,move,,True,3,3,0,,False,yes,none,none
legacy_offset32_static16,fallback_event,event_trace,2,34,34:storage_in,34,36,3,47,11282.63961,0.0,10875.36039,3,1,-1,16,move,,True,2,2,0,16,True,yes,none,none
legacy_offset32_static16,fallback_event,event_trace,2,34,34:storage_in,34,36,16,47,11285.23961,0.0,10874.36039,5,2,-1,21,move,,True,2,3,1,21,True,yes,none,none
legacy_offset32_static16,fallback_event,event_trace,2,34,34:storage_in,34,36,21,47,11309.03961,0.0,10868.160390000001,59,3,-1,23,move,,True,2,2,0,23,True,yes,none,none
legacy_offset32_static16,fallback_event,event_trace,2,34,34:storage_in,34,36,23,47,11314.839609999999,0.0,10867.160390000001,68,4,-1,24,move,,True,1,2,1,24,True,yes,none,none
legacy_offset32_static16,fallback_event,event_trace,2,34,34:storage_in,34,36,24,47,11317.43961,0.0,10866.160390000001,73,5,-1,27,move,,True,1,2,1,27,True,yes,none,none
legacy_offset32_static16,fallback_event,event_trace,2,34,34:storage_in,34,36,27,47,11320.03961,0.0,10865.160390000001,79,6,-1,27,none,no_safe_action,True,0,3,3,28,False,yes,none,none
legacy_offset32_static16,fallback_event,event_trace,3,35,35:storage_in,35,37,4,47,11285.33412,0.0,13574.26588,6,1,-1,17,move,,True,2,2,0,17,True,yes,none,none
legacy_offset32_static16,fallback_event,event_trace,3,35,35:storage_in,35,37,17,47,11289.93412,0.0,13573.26588,13,2,-1,18,move,,True,2,2,0,18,True,yes,none,none
legacy_offset32_static16,fallback_event,event_trace,3,35,35:storage_in,35,37,18,47,11292.53412,0.0,13572.265879999999,18,3,-1,22,move,,True,1,2,1,22,True,yes,none,none
legacy_offset32_static16,fallback_event,event_trace,3,35,35:storage_in,35,37,22,47,11301.93412,0.0,13571.26588,45,4,-1,24,move,,True,3,3,0,24,True,yes,none,none
legacy_offset32_static16,fallback_event,event_trace,3,35,35:storage_in,35,37,24,47,11313.33412,0.0,13570.26588,67,5,-1,27,move,,True,1,2,1,27,True,yes,none,none
legacy_offset32_static16,fallback_event,event_trace,3,35,35:storage_in,35,37,27,47,11315.93412,0.0,13569.26588,71,6,-1,27,none,no_safe_action,True,0,3,3,28,False,yes,none,none
legacy_offset32_static16,fallback_event,event_trace,4,36,36:storage_in,36,38,1,47,11286.58781,0.0,12071.41219,8,1,-1,7,move,,True,2,2,0,7,True,yes,none,none
legacy_offset32_static16,fallback_event,event_trace,4,36,36:storage_in,36,38,7,47,11292.38781,0.0,12070.41219,17,2,-1,8,move,,True,2,2,0,8,True,yes,none,none
legacy_offset32_static16,fallback_event,event_trace,4,36,36:storage_in,36,38,8,47,11294.98781,0.0,12069.41219,24,3,-1,11,move,,True,2,2,0,11,True,yes,none,none
legacy_offset32_static16,fallback_event,event_trace,4,36,36:storage_in,36,38,11,47,11299.187810000001,0.0,12068.41219,36,4,-1,14,move,,True,2,3,1,13,False,yes,none,none
legacy_offset32_static16,fallback_event,event_trace,4,36,36:storage_in,36,38,14,47,11312.98781,0.0,12045.41219,66,5,-1,46,move,,True,2,2,0,,False,yes,none,none
legacy_offset32_static16,fallback_event,event_trace,4,36,36:storage_in,36,38,46,47,11315.58781,0.0,12044.41219,70,6,-1,36,move,,True,2,3,1,,False,yes,none,none
legacy_offset32_static16,fallback_event,event_trace,4,36,36:storage_in,36,38,36,47,11331.38781,0.0,12043.41219,94,7,-1,38,move,,True,2,3,1,,False,yes,none,none
legacy_offset32_static16,fallback_event,event_trace,4,36,36:storage_in,36,38,38,47,11345.18781,0.0,12042.412190000001,105,8,-1,39,move,,True,2,3,1,,False,yes,none,none
legacy_offset32_static16,fallback_event,event_trace,4,36,36:storage_in,36,38,39,47,11354.587809999999,0.0,12041.412190000001,108,9,-1,47,move,,True,3,3,0,,False,yes,none,none
legacy_offset32_static16,fallback_event,event_trace,5,37,37:storage_in,37,39,5,47,11288.00084,0.0,13272.399159999999,10,1,-1,19,move,,True,2,2,0,19,True,yes,none,none
legacy_offset32_static16,fallback_event,event_trace,5,37,37:storage_in,37,39,19,47,11290.600840000001,0.0,13271.399159999999,14,2,-1,18,move,,True,3,3,0,25,False,yes,none,none
legacy_offset32_static16,fallback_event,event_trace,5,37,37:storage_in,37,39,18,47,11294.40084,0.0,13270.399159999999,23,3,-1,18,hold,,True,1,2,1,,False,yes,none,none
legacy_offset32_static16,fallback_event,event_trace,5,37,37:storage_in,37,39,18,47,11295.40084,1.0,13269.399159999999,26,4,-1,18,hold,,True,1,2,1,,False,yes,none,none
legacy_offset32_static16,fallback_event,event_trace,5,37,37:storage_in,37,39,18,47,11296.40084,2.0,13268.399159999999,29,5,-1,18,hold,,True,1,2,1,,False,yes,none,none
legacy_offset32_static16,fallback_event,event_trace,5,37,37:storage_in,37,39,18,47,11297.40084,3.0,13267.399159999999,32,6,-1,18,hold,,True,1,2,1,,False,yes,none,none
legacy_offset32_static16,fallback_event,event_trace,5,37,37:storage_in,37,39,18,47,11298.40084,4.0,13266.399159999999,35,7,-1,18,hold,,True,1,2,1,,False,yes,none,none
legacy_offset32_static16,fallback_event,event_trace,5,37,37:storage_in,37,39,18,47,11299.40084,5.0,13265.399159999999,38,8,-1,18,hold,,True,1,2,1,,False,yes,none,none
legacy_offset32_static16,fallback_event,event_trace,5,37,37:storage_in,37,39,18,47,11300.40084,6.0,13264.399159999999,41,9,-1,18,hold,,True,1,2,1,,False,yes,none,none
legacy_offset32_static16,fallback_event,event_trace,5,37,37:storage_in,37,39,18,47,11301.40084,7.0,13263.399159999999,43,10,-1,22,move,,True,2,2,0,,False,yes,none,none
legacy_offset32_static16,fallback_event,event_trace,5,37,37:storage_in,37,39,22,47,11310.80084,7.0,13262.39916,61,11,-1,26,move,,True,2,3,1,,False,yes,none,none
legacy_offset32_static16,fallback_event,event_trace,5,37,37:storage_in,37,39,26,47,11318.60084,7.0,13233.39916,77,12,-1,43,move,,True,2,2,0,43,True,yes,none,none
legacy_offset32_static16,fallback_event,event_trace,5,37,37:storage_in,37,39,43,47,11321.20084,7.0,13232.39916,80,13,-1,15,move,,True,2,2,0,15,True,yes,none,none
legacy_offset32_static16,fallback_event,event_trace,5,37,37:storage_in,37,39,15,47,11325.40084,7.0,13231.399159999999,86,14,-1,14,move,,True,2,2,0,14,True,yes,none,none
legacy_offset32_static16,fallback_event,event_trace,5,37,37:storage_in,37,39,14,47,11328.00084,7.0,13230.399159999999,88,15,-1,46,move,,True,2,2,0,46,True,yes,none,none
legacy_offset32_static16,fallback_event,event_trace,5,37,37:storage_in,37,39,46,47,11330.600840000001,7.0,13229.399159999999,92,16,-1,36,move,,True,2,3,1,36,True,yes,none,none
legacy_offset32_static16,fallback_event,event_trace,5,37,37:storage_in,37,39,36,47,11346.40084,7.0,13228.399159999999,107,17,-1,38,move,,True,2,3,1,38,True,yes,none,none
legacy_offset32_static16,fallback_event,event_trace,5,37,37:storage_in,37,39,38,47,11360.20084,7.0,13227.39916,110,18,-1,39,move,,True,2,3,1,39,True,yes,none,none
legacy_offset32_static16,fallback_event,event_trace,5,37,37:storage_in,37,39,39,47,11369.60084,7.0,13226.39916,111,19,-1,47,move,,True,3,3,0,47,True,yes,none,none
legacy_offset32_static16,fallback_event,event_trace,6,38,38:storage_in,38,40,2,47,11289.25449,0.0,13567.14551,11,1,-1,9,move,,True,2,2,0,9,True,yes,none,none
legacy_offset32_static16,fallback_event,event_trace,6,38,38:storage_in,38,40,9,47,11293.85449,0.0,13566.14551,20,2,-1,7,move,,True,3,3,0,7,True,yes,none,none
legacy_offset32_static16,fallback_event,event_trace,6,38,38:storage_in,38,40,7,47,11297.654489999999,0.0,13565.14551,33,3,-1,8,move,,True,2,2,0,8,True,yes,none,none
legacy_offset32_static16,fallback_event,event_trace,6,38,38:storage_in,38,40,8,47,11300.25449,0.0,13564.14551,39,4,-1,11,move,,True,2,2,0,11,True,yes,none,none
legacy_offset32_static16,fallback_event,event_trace,6,38,38:storage_in,38,40,11,47,11304.45449,0.0,13563.14551,49,5,-1,11,hold,,True,1,3,2,14,False,yes,none,none
legacy_offset32_static16,fallback_event,event_trace,6,38,38:storage_in,38,40,11,47,11305.45449,1.0,13562.14551,51,6,-1,13,move,,True,2,3,1,14,False,yes,none,none
legacy_offset32_static16,fallback_event,event_trace,6,38,38:storage_in,38,40,13,47,11317.65449,1.0,13561.145509999998,75,7,-1,23,move,,True,2,2,0,,False,yes,none,none
legacy_offset32_static16,fallback_event,event_trace,6,38,38:storage_in,38,40,23,47,11321.854490000002,1.0,13560.145509999998,82,8,-1,24,move,,True,2,2,0,,False,yes,none,none
legacy_offset32_static16,fallback_event,event_trace,6,38,38:storage_in,38,40,24,47,11324.454490000002,1.0,13559.145509999998,85,9,-1,27,move,,True,2,2,0,,False,yes,none,none
legacy_offset32_static16,fallback_event,event_trace,6,38,38:storage_in,38,40,27,47,11327.054490000002,1.0,13558.145509999998,87,10,-1,27,hold,,True,1,3,2,,False,yes,none,none
legacy_offset32_static16,fallback_event,event_trace,6,38,38:storage_in,38,40,27,47,11328.054490000002,2.0,13557.145509999998,89,11,-1,27,hold,,True,1,3,2,,False,yes,none,none
legacy_offset32_static16,fallback_event,event_trace,6,38,38:storage_in,38,40,27,47,11329.054490000002,3.0,13556.145509999998,90,12,-1,27,hold,,True,1,3,2,,False,yes,none,none
legacy_offset32_static16,fallback_event,event_trace,6,38,38:storage_in,38,40,27,47,11330.054490000002,4.0,13555.145509999998,91,13,-1,27,hold,,True,1,3,2,,False,yes,none,none
legacy_offset32_static16,fallback_event,event_trace,6,38,38:storage_in,38,40,27,47,11331.054490000002,5.0,13554.145509999998,93,14,-1,27,hold,,True,1,3,2,,False,yes,none,none
legacy_offset32_static16,fallback_event,event_trace,6,38,38:storage_in,38,40,27,47,11332.054490000002,6.0,13553.145509999998,95,15,-1,27,hold,,True,1,3,2,,False,yes,none,none
legacy_offset32_static16,fallback_event,event_trace,6,38,38:storage_in,38,40,27,47,11333.054490000002,7.0,13552.145509999998,97,16,-1,27,hold,,True,1,3,2,,False,yes,none,none
legacy_offset32_static16,fallback_event,event_trace,6,38,38:storage_in,38,40,27,47,11334.054490000002,8.0,13551.145509999998,98,17,-1,28,move,,True,2,3,1,,False,yes,none,none
legacy_offset32_static16,fallback_event,event_trace,6,38,38:storage_in,38,40,28,47,11345.854490000002,8.0,13550.145509999998,106,18,-1,47,move,,True,3,3,0,,False,yes,none,none
legacy_offset32_static16,fallback_event,event_trace,7,39,39:storage_in,39,41,3,47,11290.77424,0.0,13567.22576,15,1,-1,16,move,,True,2,2,0,16,True,yes,none,none
legacy_offset32_static16,fallback_event,event_trace,7,39,39:storage_in,39,41,16,47,11293.374240000001,0.0,13566.22576,19,2,-1,16,hold,,True,1,3,2,21,False,yes,none,none
legacy_offset32_static16,fallback_event,event_trace,7,39,39:storage_in,39,41,16,47,11294.374240000001,1.0,13565.22576,22,3,-1,16,hold,,True,1,3,2,21,False,yes,none,none
legacy_offset32_static16,fallback_event,event_trace,7,39,39:storage_in,39,41,16,47,11295.374240000001,2.0,13564.22576,25,4,-1,16,hold,,True,1,3,2,21,False,yes,none,none
legacy_offset32_static16,fallback_event,event_trace,7,39,39:storage_in,39,41,16,47,11296.374240000001,3.0,13563.22576,28,5,-1,16,hold,,True,1,3,2,21,False,yes,none,none
legacy_offset32_static16,fallback_event,event_trace,7,39,39:storage_in,39,41,16,47,11297.374240000001,4.0,13562.22576,31,6,-1,16,hold,,True,1,3,2,21,False,yes,none,none
legacy_offset32_static16,fallback_event,event_trace,7,39,39:storage_in,39,41,16,47,11298.374240000001,5.0,13561.22576,34,7,-1,16,hold,,True,1,3,2,21,False,yes,none,none
legacy_offset32_static16,fallback_event,event_trace,7,39,39:storage_in,39,41,16,47,11299.374240000001,6.0,13560.22576,37,8,-1,16,hold,,True,1,3,2,21,False,yes,none,none
legacy_offset32_static16,fallback_event,event_trace,7,39,39:storage_in,39,41,16,47,11300.374240000001,7.0,13559.22576,40,9,-1,16,hold,,True,1,3,2,21,False,yes,none,none
legacy_offset32_static16,fallback_event,event_trace,7,39,39:storage_in,39,41,16,47,11301.374240000001,8.0,13558.22576,42,10,-1,16,hold,,True,1,3,2,21,False,yes,none,none
legacy_offset32_static16,fallback_event,event_trace,7,39,39:storage_in,39,41,16,47,11302.374240000001,9.0,13557.22576,46,11,-1,16,hold,,True,1,3,2,21,False,yes,none,none
legacy_offset32_static16,fallback_event,event_trace,7,39,39:storage_in,39,41,16,47,11303.374240000001,10.0,13556.22576,47,12,-1,16,hold,,True,1,3,2,21,False,yes,none,none
legacy_offset32_static16,fallback_event,event_trace,7,39,39:storage_in,39,41,16,47,11304.374240000001,11.0,13555.22576,48,13,-1,16,hold,,True,1,3,2,21,False,yes,none,none
legacy_offset32_static16,fallback_event,event_trace,7,39,39:storage_in,39,41,16,47,11305.374240000001,12.0,13554.22576,50,14,-1,16,hold,,True,1,3,2,21,False,yes,none,none
legacy_offset32_static16,fallback_event,event_trace,7,39,39:storage_in,39,41,16,47,11306.374240000001,13.0,13553.22576,54,15,-1,16,hold,,True,1,3,2,21,False,yes,none,none
legacy_offset32_static16,fallback_event,event_trace,7,39,39:storage_in,39,41,16,47,11307.374240000001,14.0,13552.22576,56,16,-1,16,hold,,True,1,3,2,21,False,yes,none,none
legacy_offset32_static16,fallback_event,event_trace,7,39,39:storage_in,39,41,16,47,11308.374240000001,15.0,13551.22576,57,17,-1,21,move,,True,2,3,1,21,True,yes,none,none
legacy_offset32_static16,fallback_event,event_trace,7,39,39:storage_in,39,41,21,47,11332.17424,15.0,13545.02576,96,18,-1,23,move,,True,2,2,0,23,True,yes,none,none
legacy_offset32_static16,fallback_event,event_trace,7,39,39:storage_in,39,41,23,47,11337.97424,15.0,13544.02576,100,19,-1,24,move,,True,2,2,0,24,True,yes,none,none
legacy_offset32_static16,fallback_event,event_trace,7,39,39:storage_in,39,41,24,47,11340.57424,15.0,13543.02576,101,20,-1,27,move,,True,2,2,0,27,True,yes,none,none
legacy_offset32_static16,fallback_event,event_trace,7,39,39:storage_in,39,41,27,47,11343.17424,15.0,13542.02576,102,21,-1,27,hold,,True,1,3,2,28,False,yes,none,none
legacy_offset32_static16,fallback_event,event_trace,7,39,39:storage_in,39,41,27,47,11344.17424,16.0,13541.02576,103,22,-1,27,hold,,True,1,3,2,28,False,yes,none,none
legacy_offset32_static16,fallback_event,event_trace,7,39,39:storage_in,39,41,27,47,11345.17424,17.0,13540.02576,104,23,-1,28,move,,True,2,3,1,28,True,yes,none,none
legacy_offset32_static16,fallback_event,event_trace,7,39,39:storage_in,39,41,28,47,11356.97424,17.0,13539.02576,109,24,-1,47,move,,True,3,3,0,47,True,yes,none,none
legacy_offset32_static16,fallback_event,event_trace,8,40,40:storage_in,40,42,0,47,11292.14444,0.0,12069.45556,16,1,-1,6,move,,True,2,2,0,6,True,yes,none,none
legacy_offset32_static16,fallback_event,event_trace,8,40,40:storage_in,40,42,6,47,11296.34444,0.0,12068.455559999999,27,2,-1,12,move,,True,3,3,0,12,True,yes,none,none
legacy_offset32_static16,fallback_event,event_trace,8,40,40:storage_in,40,42,12,47,11307.34444,0.0,12067.455559999999,55,3,-1,13,move,,True,2,2,0,13,True,yes,none,none
legacy_offset32_static16,fallback_event,event_trace,8,40,40:storage_in,40,42,13,47,11312.34444,0.0,12066.455559999999,64,4,-1,23,move,,True,2,2,0,23,True,yes,none,none
legacy_offset32_static16,fallback_event,event_trace,8,40,40:storage_in,40,42,23,47,11316.544440000001,0.0,12065.455559999999,72,5,-1,24,move,,True,2,2,0,24,True,yes,none,none
legacy_offset32_static16,fallback_event,event_trace,8,40,40:storage_in,40,42,24,47,11319.144440000002,0.0,12064.455559999999,78,6,-1,27,move,,True,2,2,0,27,True,yes,none,none
legacy_offset32_static16,fallback_event,event_trace,8,40,40:storage_in,40,42,27,47,11321.744440000002,0.0,12063.455559999999,81,7,-1,27,hold,,True,1,3,2,28,False,yes,none,none
legacy_offset32_static16,fallback_event,event_trace,8,40,40:storage_in,40,42,27,47,11322.744440000002,1.0,12062.455559999999,83,8,-1,28,move,,True,2,3,1,28,True,yes,none,none
legacy_offset32_static16,fallback_event,event_trace,8,40,40:storage_in,40,42,28,47,11334.544440000001,1.0,12061.455559999999,99,9,-1,47,move,,True,3,3,0,47,True,yes,none,none
legacy_offset32_static16,fallback_event,event_trace,9,41,41:storage_in,41,43,1,47,11845.2066,0.0,12112.7934,112,1,-1,7,move,,True,2,2,0,7,True,yes,none,none
legacy_offset32_static16,fallback_event,event_trace,9,41,41:storage_in,41,43,7,47,11851.006599999999,0.0,12111.7934,113,2,-1,8,move,,True,2,2,0,8,True,yes,none,none
legacy_offset32_static16,fallback_event,event_trace,9,41,41:storage_in,41,43,8,47,11853.6066,0.0,12110.7934,114,3,-1,11,move,,True,2,2,0,11,True,yes,none,none
legacy_offset32_static16,fallback_event,event_trace,9,41,41:storage_in,41,43,11,47,11857.8066,0.0,12109.7934,116,4,-1,13,move,,True,3,3,0,13,True,yes,none,none
legacy_offset32_static16,fallback_event,event_trace,9,41,41:storage_in,41,43,13,47,11870.0066,0.0,12108.793399999999,122,5,-1,23,move,,True,2,2,0,23,True,yes,none,none
legacy_offset32_static16,fallback_event,event_trace,9,41,41:storage_in,41,43,23,47,11874.206600000001,0.0,12107.793399999999,127,6,-1,24,move,,True,2,2,0,24,True,yes,none,none
legacy_offset32_static16,fallback_event,event_trace,9,41,41:storage_in,41,43,24,47,11876.806600000002,0.0,12106.793399999999,130,7,-1,27,move,,True,2,2,0,27,True,yes,none,none
legacy_offset32_static16,fallback_event,event_trace,9,41,41:storage_in,41,43,27,47,11879.406600000002,0.0,12105.793399999999,133,8,-1,28,move,,True,2,3,1,28,True,yes,none,none
legacy_offset32_static16,fallback_event,event_trace,9,41,41:storage_in,41,43,28,47,11891.206600000001,0.0,12104.793399999999,149,9,-1,47,move,,True,3,3,0,47,True,yes,none,none
legacy_offset32_static16,fallback_event,event_trace,10,42,42:storage_in,42,44,4,47,11854.61553,0.0,12404.984470000001,115,1,-1,17,move,,True,2,2,0,17,True,yes,none,none
legacy_offset32_static16,fallback_event,event_trace,10,42,42:storage_in,42,44,17,47,11859.21553,0.0,12403.984470000001,117,2,-1,18,move,,True,2,2,0,18,True,yes,none,none
legacy_offset32_static16,fallback_event,event_trace,10,42,42:storage_in,42,44,18,47,11861.81553,0.0,12402.98447,118,3,-1,22,move,,True,2,2,0,22,True,yes,none,none
legacy_offset32_static16,fallback_event,event_trace,10,42,42:storage_in,42,44,22,47,11871.21553,0.0,12401.984470000001,125,4,-1,24,move,,True,3,3,0,24,True,yes,none,none
legacy_offset32_static16,fallback_event,event_trace,10,42,42:storage_in,42,44,24,47,11882.61553,0.0,12400.984470000001,136,5,-1,27,move,,True,2,2,0,27,True,yes,none,none
legacy_offset32_static16,fallback_event,event_trace,10,42,42:storage_in,42,44,27,47,11885.21553,0.0,12399.984470000001,140,6,-1,27,hold,,True,1,3,2,28,False,yes,none,none
legacy_offset32_static16,fallback_event,event_trace,10,42,42:storage_in,42,44,27,47,11886.21553,1.0,12398.984470000001,141,7,-1,27,hold,,True,1,3,2,28,False,yes,none,none
legacy_offset32_static16,fallback_event,event_trace,10,42,42:storage_in,42,44,27,47,11887.21553,2.0,12397.984470000001,143,8,-1,27,hold,,True,1,3,2,28,False,yes,none,none
legacy_offset32_static16,fallback_event,event_trace,10,42,42:storage_in,42,44,27,47,11888.21553,3.0,12396.984470000001,144,9,-1,27,hold,,True,1,3,2,28,False,yes,none,none
legacy_offset32_static16,fallback_event,event_trace,10,42,42:storage_in,42,44,27,47,11889.21553,4.0,12395.984470000001,146,10,-1,27,hold,,True,1,3,2,28,False,yes,none,none
legacy_offset32_static16,fallback_event,event_trace,10,42,42:storage_in,42,44,27,47,11890.21553,5.0,12394.984470000001,148,11,-1,28,move,,True,2,3,1,28,True,yes,none,none
legacy_offset32_static16,fallback_event,event_trace,10,42,42:storage_in,42,44,28,47,11902.015529999999,5.0,12393.984470000001,162,12,-1,47,move,,True,3,3,0,47,True,yes,none,none
legacy_offset32_static16,fallback_event,event_trace,11,43,43:storage_in,43,45,5,47,11865.14962,0.0,12095.25038,119,1,-1,19,move,,True,2,2,0,19,True,yes,none,none
legacy_offset32_static16,fallback_event,event_trace,11,43,43:storage_in,43,45,19,47,11867.74962,0.0,12094.25038,120,2,-1,18,move,,True,3,3,0,25,False,yes,none,none
legacy_offset32_static16,fallback_event,event_trace,11,43,43:storage_in,43,45,18,47,11871.54962,0.0,12093.25038,126,3,-1,22,move,,True,2,2,0,,False,yes,none,none
legacy_offset32_static16,fallback_event,event_trace,11,43,43:storage_in,43,45,22,47,11880.94962,0.0,12092.250380000001,135,4,-1,26,move,,True,2,3,1,,False,yes,none,none
legacy_offset32_static16,fallback_event,event_trace,11,43,43:storage_in,43,45,26,47,11888.749619999999,0.0,12063.250380000001,145,5,-1,43,move,,True,2,2,0,43,True,yes,none,none
legacy_offset32_static16,fallback_event,event_trace,11,43,43:storage_in,43,45,43,47,11891.349619999999,0.0,12062.250380000001,150,6,-1,15,move,,True,2,2,0,15,True,yes,none,none
legacy_offset32_static16,fallback_event,event_trace,11,43,43:storage_in,43,45,15,47,11895.54962,0.0,12061.25038,154,7,-1,14,move,,True,2,2,0,14,True,yes,none,none
legacy_offset32_static16,fallback_event,event_trace,11,43,43:storage_in,43,45,14,47,11898.14962,0.0,12060.25038,158,8,-1,46,move,,True,2,2,0,46,True,yes,none,none
legacy_offset32_static16,fallback_event,event_trace,11,43,43:storage_in,43,45,46,47,11900.74962,0.0,12059.25038,160,9,-1,36,move,,True,2,3,1,36,True,yes,none,none
legacy_offset32_static16,fallback_event,event_trace,11,43,43:storage_in,43,45,36,47,11916.54962,0.0,12058.25038,185,10,-1,38,move,,True,2,3,1,38,True,yes,none,none
legacy_offset32_static16,fallback_event,event_trace,11,43,43:storage_in,43,45,38,47,11930.349619999999,0.0,12057.250380000001,189,11,-1,39,move,,True,2,3,1,39,True,yes,none,none
legacy_offset32_static16,fallback_event,event_trace,11,43,43:storage_in,43,45,39,47,11939.749619999999,0.0,12056.250380000001,191,12,-1,47,move,,True,3,3,0,47,True,yes,none,none
legacy_offset32_static16,fallback_event,event_trace,12,44,44:storage_in,44,46,3,47,11867.9489,0.0,10290.0511,121,1,-1,16,move,,True,2,2,0,16,True,yes,none,none
legacy_offset32_static16,fallback_event,event_trace,12,44,44:storage_in,44,46,16,47,11870.5489,0.0,10289.0511,123,2,-1,21,move,,True,2,3,1,21,True,yes,none,none
legacy_offset32_static16,fallback_event,event_trace,12,44,44:storage_in,44,46,21,47,11894.348899999999,0.0,10282.851100000002,153,3,-1,23,move,,True,2,2,0,23,True,yes,none,none
legacy_offset32_static16,fallback_event,event_trace,12,44,44:storage_in,44,46,23,47,11900.148899999998,0.0,10281.851100000002,159,4,-1,24,move,,True,1,2,1,24,True,yes,none,none
legacy_offset32_static16,fallback_event,event_trace,12,44,44:storage_in,44,46,24,47,11902.748899999999,0.0,10280.851100000002,163,5,-1,27,move,,True,1,2,1,27,True,yes,none,none
legacy_offset32_static16,fallback_event,event_trace,12,44,44:storage_in,44,46,27,47,11905.348899999999,0.0,10279.851100000002,166,6,-1,28,move,,True,2,3,1,28,True,yes,none,none
legacy_offset32_static16,fallback_event,event_trace,12,44,44:storage_in,44,46,28,47,11917.148899999998,0.0,10278.851100000002,187,7,-1,47,move,,True,3,3,0,47,True,yes,none,none
legacy_offset32_static16,fallback_event,event_trace,13,45,45:storage_in,45,47,1,47,11870.81115,0.0,12987.18885,124,1,-1,7,move,,True,2,2,0,7,True,yes,none,none
legacy_offset32_static16,fallback_event,event_trace,13,45,45:storage_in,45,47,7,47,11876.611149999999,0.0,12986.18885,129,2,-1,8,move,,True,2,2,0,8,True,yes,none,none
legacy_offset32_static16,fallback_event,event_trace,13,45,45:storage_in,45,47,8,47,11879.21115,0.0,12985.18885,132,3,-1,11,move,,True,2,2,0,11,True,yes,none,none
legacy_offset32_static16,fallback_event,event_trace,13,45,45:storage_in,45,47,11,47,11883.41115,0.0,12984.18885,139,4,-1,13,move,,True,3,3,0,13,True,yes,none,none
legacy_offset32_static16,fallback_event,event_trace,13,45,45:storage_in,45,47,13,47,11895.61115,0.0,12983.188849999999,155,5,-1,13,hold,,True,1,2,1,23,False,yes,none,none
legacy_offset32_static16,fallback_event,event_trace,13,45,45:storage_in,45,47,13,47,11896.61115,1.0,12982.188849999999,156,6,-1,13,hold,,True,1,2,1,23,False,yes,none,none
legacy_offset32_static16,fallback_event,event_trace,13,45,45:storage_in,45,47,13,47,11897.61115,2.0,12981.188849999999,157,7,-1,23,move,,True,2,2,0,23,True,yes,none,none
legacy_offset32_static16,fallback_event,event_trace,13,45,45:storage_in,45,47,23,47,11901.811150000001,2.0,12980.188849999999,161,8,-1,23,hold,,True,1,2,1,24,False,yes,none,none
legacy_offset32_static16,fallback_event,event_trace,13,45,45:storage_in,45,47,23,47,11902.811150000001,3.0,12979.188849999999,164,9,-1,24,move,,True,2,2,0,24,True,yes,none,none
legacy_offset32_static16,fallback_event,event_trace,13,45,45:storage_in,45,47,24,47,11905.411150000002,3.0,12978.188849999999,167,10,-1,27,move,,True,2,2,0,27,True,yes,none,none
legacy_offset32_static16,fallback_event,event_trace,13,45,45:storage_in,45,47,27,47,11908.011150000002,3.0,12977.188849999999,169,11,-1,27,hold,,True,1,3,2,28,False,yes,none,none
legacy_offset32_static16,fallback_event,event_trace,13,45,45:storage_in,45,47,27,47,11909.011150000002,4.0,12976.188849999999,170,12,-1,27,hold,,True,1,3,2,28,False,yes,none,none
legacy_offset32_static16,fallback_event,event_trace,13,45,45:storage_in,45,47,27,47,11910.011150000002,5.0,12975.188849999999,171,13,-1,27,hold,,True,1,3,2,28,False,yes,none,none
legacy_offset32_static16,fallback_event,event_trace,13,45,45:storage_in,45,47,27,47,11911.011150000002,6.0,12974.188849999999,173,14,-1,27,hold,,True,1,3,2,28,False,yes,none,none
legacy_offset32_static16,fallback_event,event_trace,13,45,45:storage_in,45,47,27,47,11912.011150000002,7.0,12973.188849999999,175,15,-1,27,hold,,True,1,3,2,28,False,yes,none,none
legacy_offset32_static16,fallback_event,event_trace,13,45,45:storage_in,45,47,27,47,11913.011150000002,8.0,12972.188849999999,177,16,-1,27,hold,,True,1,3,2,28,False,yes,none,none
legacy_offset32_static16,fallback_event,event_trace,13,45,45:storage_in,45,47,27,47,11914.011150000002,9.0,12971.188849999999,179,17,-1,27,hold,,True,1,3,2,28,False,yes,none,none
legacy_offset32_static16,fallback_event,event_trace,13,45,45:storage_in,45,47,27,47,11915.011150000002,10.0,12970.188849999999,181,18,-1,27,hold,,True,1,3,2,28,False,yes,none,none
legacy_offset32_static16,fallback_event,event_trace,13,45,45:storage_in,45,47,27,47,11916.011150000002,11.0,12969.188849999999,183,19,-1,27,hold,,True,1,3,2,28,False,yes,none,none
legacy_offset32_static16,fallback_event,event_trace,13,45,45:storage_in,45,47,27,47,11917.011150000002,12.0,12968.188849999999,186,20,-1,28,move,,True,2,3,1,28,True,yes,none,none
legacy_offset32_static16,fallback_event,event_trace,13,45,45:storage_in,45,47,28,47,11928.811150000001,12.0,12967.188849999999,188,21,-1,47,move,,True,3,3,0,47,True,yes,none,none
legacy_offset32_static16,fallback_event,event_trace,14,46,46:storage_in,46,48,4,47,11875.94881,0.0,11183.65119,128,1,-1,17,move,,True,2,2,0,17,True,yes,none,none
legacy_offset32_static16,fallback_event,event_trace,14,46,46:storage_in,46,48,17,47,11880.54881,0.0,11182.65119,134,2,-1,18,move,,True,2,2,0,18,True,yes,none,none
legacy_offset32_static16,fallback_event,event_trace,14,46,46:storage_in,46,48,18,47,11883.14881,0.0,11181.651189999999,137,3,-1,22,move,,True,2,2,0,22,True,yes,none,none
legacy_offset32_static16,fallback_event,event_trace,14,46,46:storage_in,46,48,22,47,11892.54881,0.0,11180.65119,151,4,-1,24,move,,True,3,3,0,24,True,yes,none,none
legacy_offset32_static16,fallback_event,event_trace,14,46,46:storage_in,46,48,24,47,11903.94881,0.0,11179.65119,165,5,-1,24,none,no_safe_action,True,0,2,2,27,False,yes,none,none
legacy_offset32_static16,fallback_event,event_trace,15,47,47:storage_in,47,49,2,47,11878.58781,0.0,12677.812189999999,131,1,-1,9,move,,True,2,2,0,9,True,yes,none,none
legacy_offset32_static16,fallback_event,event_trace,15,47,47:storage_in,47,49,9,47,11883.187810000001,0.0,12676.812189999999,138,2,-1,7,move,,True,3,3,0,7,True,yes,none,none
legacy_offset32_static16,fallback_event,event_trace,15,47,47:storage_in,47,49,7,47,11886.98781,0.0,12675.812189999999,142,3,-1,8,move,,True,2,2,0,8,True,yes,none,none
legacy_offset32_static16,fallback_event,event_trace,15,47,47:storage_in,47,49,8,47,11889.58781,0.0,12674.812189999999,147,4,-1,11,move,,True,2,2,0,11,True,yes,none,none
legacy_offset32_static16,fallback_event,event_trace,15,47,47:storage_in,47,49,11,47,11893.787810000002,0.0,12673.812189999999,152,5,-1,14,move,,True,2,3,1,13,False,yes,none,none
legacy_offset32_static16,fallback_event,event_trace,15,47,47:storage_in,47,49,14,47,11907.58781,0.0,12650.812189999999,168,6,-1,46,move,,True,2,2,0,,False,yes,none,none
legacy_offset32_static16,fallback_event,event_trace,15,47,47:storage_in,47,49,46,47,11910.187810000001,0.0,12649.812189999999,172,7,-1,46,hold,,True,1,3,2,,False,yes,none,none
legacy_offset32_static16,fallback_event,event_trace,15,47,47:storage_in,47,49,46,47,11911.187810000001,1.0,12648.812189999999,174,8,-1,46,hold,,True,1,3,2,,False,yes,none,none
legacy_offset32_static16,fallback_event,event_trace,15,47,47:storage_in,47,49,46,47,11912.187810000001,2.0,12647.812189999999,176,9,-1,46,hold,,True,1,3,2,,False,yes,none,none
legacy_offset32_static16,fallback_event,event_trace,15,47,47:storage_in,47,49,46,47,11913.187810000001,3.0,12646.812189999999,178,10,-1,46,hold,,True,1,3,2,,False,yes,none,none
legacy_offset32_static16,fallback_event,event_trace,15,47,47:storage_in,47,49,46,47,11914.187810000001,4.0,12645.812189999999,180,11,-1,46,hold,,True,1,3,2,,False,yes,none,none
legacy_offset32_static16,fallback_event,event_trace,15,47,47:storage_in,47,49,46,47,11915.187810000001,5.0,12644.812189999999,182,12,-1,46,hold,,True,1,3,2,,False,yes,none,none
legacy_offset32_static16,fallback_event,event_trace,15,47,47:storage_in,47,49,46,47,11916.187810000001,6.0,12643.812189999999,184,13,-1,36,move,,True,2,3,1,,False,yes,none,none
legacy_offset32_static16,fallback_event,event_trace,15,47,47:storage_in,47,49,36,47,11931.98781,6.0,12642.812189999999,190,14,-1,38,move,,True,2,3,1,,False,yes,none,none
legacy_offset32_static16,fallback_event,event_trace,15,47,47:storage_in,47,49,38,47,11945.78781,6.0,12641.81219,192,15,-1,39,move,,True,2,3,1,,False,yes,none,none
legacy_offset32_static16,fallback_event,event_trace,15,47,47:storage_in,47,49,39,47,11955.18781,6.0,12640.81219,193,16,-1,47,move,,True,3,3,0,,False,yes,none,none
legacy_offset64_repair32,edge_score_event,event_trace,0,64,64:storage_in,64,66,3,47,12474.63977,0.0,12083.36023,1,1,0,16,move,,False,2,2,0,16,True,yes,none,none
legacy_offset64_repair32,edge_score_event,event_trace,0,64,64:storage_in,64,66,16,47,12477.23977,0.0,12082.36023,3,2,0,17,move,,False,3,3,0,21,False,yes,none,none
legacy_offset64_repair32,edge_score_event,event_trace,0,64,64:storage_in,64,66,17,47,12481.83977,0.0,12081.36023,9,3,0,18,move,,False,1,2,1,,False,yes,none,none
legacy_offset64_repair32,edge_score_event,event_trace,0,64,64:storage_in,64,66,18,47,12484.43977,0.0,12080.360229999998,17,4,0,22,move,,False,2,2,0,,False,yes,none,none
legacy_offset64_repair32,edge_score_event,event_trace,0,64,64:storage_in,64,66,22,47,12493.83977,0.0,12079.36023,47,5,0,24,move,,False,3,3,0,,False,yes,none,none
legacy_offset64_repair32,edge_score_event,event_trace,0,64,64:storage_in,64,66,24,47,12505.23977,0.0,12078.36023,74,6,0,27,move,,False,2,2,0,27,True,yes,none,none
legacy_offset64_repair32,edge_score_event,event_trace,0,64,64:storage_in,64,66,27,47,12507.83977,0.0,12077.36023,76,7,0,28,move,,False,2,3,1,28,True,yes,none,none
legacy_offset64_repair32,edge_score_event,event_trace,0,64,64:storage_in,64,66,28,47,12519.63977,0.0,12076.36023,93,8,1,47,move,,False,3,3,0,47,True,yes,none,none
legacy_offset64_repair32,edge_score_event,event_trace,1,65,65:storage_in,65,67,0,47,12475.93777,0.0,12385.66223,2,1,0,6,move,,False,2,2,0,6,True,yes,none,none
legacy_offset64_repair32,edge_score_event,event_trace,1,65,65:storage_in,65,67,6,47,12480.137770000001,0.0,12384.662229999998,8,2,0,8,move,,False,3,3,0,12,False,yes,none,none
legacy_offset64_repair32,edge_score_event,event_trace,1,65,65:storage_in,65,67,8,47,12483.93777,0.0,12380.46223,13,3,0,11,move,,False,2,2,0,,False,yes,none,none
legacy_offset64_repair32,edge_score_event,event_trace,1,65,65:storage_in,65,67,11,47,12488.137770000001,0.0,12379.46223,28,4,1,14,move,,False,3,3,0,,False,yes,none,none
legacy_offset64_repair32,edge_score_event,event_trace,1,65,65:storage_in,65,67,14,47,12501.93777,0.0,12356.46223,66,5,0,46,move,,False,2,2,0,,False,yes,none,none
legacy_offset64_repair32,edge_score_event,event_trace,1,65,65:storage_in,65,67,46,47,12504.53777,0.0,12355.46223,73,6,1,36,move,,False,2,3,1,,False,yes,none,none
legacy_offset64_repair32,edge_score_event,event_trace,1,65,65:storage_in,65,67,36,47,12520.33777,0.0,12354.46223,94,7,0,38,move,,False,2,3,1,,False,yes,none,none
legacy_offset64_repair32,edge_score_event,event_trace,1,65,65:storage_in,65,67,38,47,12534.13777,0.0,12353.462230000001,116,8,1,39,move,,False,2,3,1,,False,yes,none,none
legacy_offset64_repair32,edge_score_event,event_trace,1,65,65:storage_in,65,67,39,47,12543.537769999999,0.0,12352.462230000001,120,9,1,47,move,,False,3,3,0,,False,yes,none,none
legacy_offset64_repair32,edge_score_event,event_trace,2,66,66:storage_in,66,68,4,47,12477.43655,0.0,13282.16345,4,1,1,4,hold,,False,1,2,1,17,False,yes,none,none
legacy_offset64_repair32,edge_score_event,event_trace,2,66,66:storage_in,66,68,4,47,12478.43655,1.0,13281.16345,5,2,0,17,move,,False,2,2,0,17,True,yes,none,none
legacy_offset64_repair32,edge_score_event,event_trace,2,66,66:storage_in,66,68,17,47,12483.03655,1.0,13280.16345,12,3,1,17,hold,,False,1,2,1,18,False,yes,none,none
legacy_offset64_repair32,edge_score_event,event_trace,2,66,66:storage_in,66,68,17,47,12484.03655,2.0,13279.16345,14,4,1,17,hold,,False,1,2,1,18,False,yes,none,none
legacy_offset64_repair32,edge_score_event,event_trace,2,66,66:storage_in,66,68,17,47,12485.03655,3.0,13278.16345,18,5,0,18,move,,False,2,2,0,18,True,yes,none,none
legacy_offset64_repair32,edge_score_event,event_trace,2,66,66:storage_in,66,68,18,47,12487.636550000001,3.0,13277.163449999998,25,6,1,18,hold,,False,1,2,1,22,False,yes,none,none
legacy_offset64_repair32,edge_score_event,event_trace,2,66,66:storage_in,66,68,18,47,12488.636550000001,4.0,13276.163449999998,29,7,1,18,hold,,False,1,2,1,22,False,yes,none,none
legacy_offset64_repair32,edge_score_event,event_trace,2,66,66:storage_in,66,68,18,47,12489.636550000001,5.0,13275.163449999998,32,8,1,18,hold,,False,1,2,1,22,False,yes,none,none
legacy_offset64_repair32,edge_score_event,event_trace,2,66,66:storage_in,66,68,18,47,12490.636550000001,6.0,13274.163449999998,35,9,-1,18,none,no_safe_action,True,0,2,2,22,False,yes,none,none
legacy_offset64_repair32,edge_score_event,event_trace,3,67,67:storage_in,67,69,1,47,12478.58782,0.0,13879.41218,6,1,0,7,move,,False,2,2,0,7,True,yes,none,none
legacy_offset64_repair32,edge_score_event,event_trace,3,67,67:storage_in,67,69,7,47,12484.38782,0.0,13878.41218,16,2,0,8,move,,False,2,2,0,8,True,yes,none,none
legacy_offset64_repair32,edge_score_event,event_trace,3,67,67:storage_in,67,69,8,47,12486.98782,0.0,13877.41218,24,3,1,8,hold,,False,1,2,1,11,False,yes,none,none
legacy_offset64_repair32,edge_score_event,event_trace,3,67,67:storage_in,67,69,8,47,12487.98782,1.0,13876.41218,27,4,0,11,move,,False,2,2,0,11,True,yes,none,none
legacy_offset64_repair32,edge_score_event,event_trace,3,67,67:storage_in,67,69,11,47,12492.187820000001,1.0,13875.41218,41,5,0,13,move,,False,2,3,1,13,True,yes,none,none
legacy_offset64_repair32,edge_score_event,event_trace,3,67,67:storage_in,67,69,13,47,12504.387820000002,1.0,13874.412179999998,72,6,0,23,move,,False,2,2,0,23,True,yes,none,none
legacy_offset64_repair32,edge_score_event,event_trace,3,67,67:storage_in,67,69,23,47,12508.587820000002,1.0,13873.412179999998,77,7,0,24,move,,False,2,2,0,24,True,yes,none,none
legacy_offset64_repair32,edge_score_event,event_trace,3,67,67:storage_in,67,69,24,47,12511.187820000003,1.0,13872.412179999998,78,8,0,27,move,,False,2,2,0,27,True,yes,none,none
legacy_offset64_repair32,edge_score_event,event_trace,3,67,67:storage_in,67,69,27,47,12513.787820000003,1.0,13871.412179999998,81,9,2,27,hold,,False,1,3,2,28,False,yes,none,none
legacy_offset64_repair32,edge_score_event,event_trace,3,67,67:storage_in,67,69,27,47,12514.787820000003,2.0,13870.412179999998,83,10,2,27,hold,,False,1,3,2,28,False,yes,none,none
legacy_offset64_repair32,edge_score_event,event_trace,3,67,67:storage_in,67,69,27,47,12515.787820000003,3.0,13869.412179999998,84,11,2,27,hold,,False,1,3,2,28,False,yes,none,none
legacy_offset64_repair32,edge_score_event,event_trace,3,67,67:storage_in,67,69,27,47,12516.787820000003,4.0,13868.412179999998,86,12,2,27,hold,,False,1,3,2,28,False,yes,none,none
legacy_offset64_repair32,edge_score_event,event_trace,3,67,67:storage_in,67,69,27,47,12517.787820000003,5.0,13867.412179999998,87,13,2,27,hold,,False,1,3,2,28,False,yes,none,none
legacy_offset64_repair32,edge_score_event,event_trace,3,67,67:storage_in,67,69,27,47,12518.787820000003,6.0,13866.412179999998,90,14,0,28,move,,False,2,3,1,28,True,yes,none,none
legacy_offset64_repair32,edge_score_event,event_trace,3,67,67:storage_in,67,69,28,47,12530.587820000002,6.0,13865.412179999998,112,15,1,47,move,,False,3,3,0,47,True,yes,none,none
legacy_offset64_repair32,edge_score_event,event_trace,4,68,68:storage_in,68,70,5,47,12480.10318,0.0,12080.29682,7,1,0,19,move,,False,2,2,0,19,True,yes,none,none
legacy_offset64_repair32,edge_score_event,event_trace,4,68,68:storage_in,68,70,19,47,12482.70318,0.0,12079.29682,11,2,0,18,move,,False,3,3,0,18,True,yes,none,none
legacy_offset64_repair32,edge_score_event,event_trace,4,68,68:storage_in,68,70,18,47,12486.50318,0.0,12078.29682,22,3,-1,18,none,no_safe_action,True,0,2,2,22,False,yes,none,none
legacy_offset64_repair32,edge_score_event,event_trace,5,69,69:storage_in,69,71,3,47,12482.66742,0.0,12375.33258,10,1,0,16,move,,False,2,2,0,16,True,yes,none,none
legacy_offset64_repair32,edge_score_event,event_trace,5,69,69:storage_in,69,71,16,47,12485.26742,0.0,12374.33258,19,2,0,17,move,,False,3,3,0,17,True,yes,none,none
legacy_offset64_repair32,edge_score_event,event_trace,5,69,69:storage_in,69,71,17,47,12489.86742,0.0,12373.33258,33,3,0,18,move,,False,1,2,1,18,True,yes,none,none
legacy_offset64_repair32,edge_score_event,event_trace,5,69,69:storage_in,69,71,18,47,12492.46742,0.0,12372.332579999998,42,4,-1,18,none,no_safe_action,True,0,2,2,22,False,yes,none,none
legacy_offset64_repair32,edge_score_event,event_trace,6,70,70:storage_in,70,72,2,47,12484.10648,0.0,10872.29352,15,1,0,9,move,,False,2,2,0,9,True,yes,none,none
legacy_offset64_repair32,edge_score_event,event_trace,6,70,70:storage_in,70,72,9,47,12488.70648,0.0,10871.29352,30,2,0,7,move,,False,3,3,0,7,True,yes,none,none
legacy_offset64_repair32,edge_score_event,event_trace,6,70,70:storage_in,70,72,7,47,12492.50648,0.0,10870.29352,43,3,1,7,hold,,False,1,2,1,8,False,yes,none,none
legacy_offset64_repair32,edge_score_event,event_trace,6,70,70:storage_in,70,72,7,47,12493.50648,1.0,10869.29352,46,4,0,8,move,,False,1,2,1,8,True,yes,none,none
legacy_offset64_repair32,edge_score_event,event_trace,6,70,70:storage_in,70,72,8,47,12496.10648,1.0,10868.29352,52,5,-1,8,none,no_safe_action,True,0,2,2,11,False,yes,none,none
legacy_offset64_repair32,edge_score_event,event_trace,7,71,71:storage_in,71,73,4,47,12485.3062,0.0,13274.2938,20,1,1,4,hold,,False,1,2,1,17,False,yes,none,none
legacy_offset64_repair32,edge_score_event,event_trace,7,71,71:storage_in,71,73,4,47,12486.3062,1.0,13273.2938,21,2,0,17,move,,False,2,2,0,17,True,yes,none,none
legacy_offset64_repair32,edge_score_event,event_trace,7,71,71:storage_in,71,73,17,47,12490.906200000001,1.0,13272.2938,38,3,1,17,hold,,False,1,2,1,18,False,yes,none,none
legacy_offset64_repair32,edge_score_event,event_trace,7,71,71:storage_in,71,73,17,47,12491.906200000001,2.0,13271.2938,39,4,1,17,hold,,False,1,2,1,18,False,yes,none,none
legacy_offset64_repair32,edge_score_event,event_trace,7,71,71:storage_in,71,73,17,47,12492.906200000001,3.0,13270.2938,44,5,0,18,move,,False,2,2,0,18,True,yes,none,none
legacy_offset64_repair32,edge_score_event,event_trace,7,71,71:storage_in,71,73,18,47,12495.506200000002,3.0,13269.293799999998,51,6,1,18,hold,,False,1,2,1,22,False,yes,none,none
legacy_offset64_repair32,edge_score_event,event_trace,7,71,71:storage_in,71,73,18,47,12496.506200000002,4.0,13268.293799999998,53,7,1,18,hold,,False,1,2,1,22,False,yes,none,none
legacy_offset64_repair32,edge_score_event,event_trace,7,71,71:storage_in,71,73,18,47,12497.506200000002,5.0,13267.293799999998,55,8,1,18,hold,,False,1,2,1,22,False,yes,none,none
legacy_offset64_repair32,edge_score_event,event_trace,7,71,71:storage_in,71,73,18,47,12498.506200000002,6.0,13266.293799999998,58,9,1,18,hold,,False,1,2,1,22,False,yes,none,none
legacy_offset64_repair32,edge_score_event,event_trace,7,71,71:storage_in,71,73,18,47,12499.506200000002,7.0,13265.293799999998,60,10,-1,18,none,no_safe_action,True,0,2,2,22,False,yes,none,none
legacy_offset64_repair32,edge_score_event,event_trace,8,72,72:storage_in,72,74,0,47,12486.60448,0.0,10874.99552,23,1,0,6,move,,False,2,2,0,6,True,yes,none,none
legacy_offset64_repair32,edge_score_event,event_trace,8,72,72:storage_in,72,74,6,47,12490.80448,0.0,10873.995519999999,37,2,0,8,move,,False,3,3,0,12,False,yes,none,none
legacy_offset64_repair32,edge_score_event,event_trace,8,72,72:storage_in,72,74,8,47,12494.60448,0.0,10869.79552,49,3,0,11,move,,False,1,2,1,,False,yes,none,none
legacy_offset64_repair32,edge_score_event,event_trace,8,72,72:storage_in,72,74,11,47,12498.80448,0.0,10868.79552,59,4,2,11,hold,,False,1,3,2,,False,yes,none,none
legacy_offset64_repair32,edge_score_event,event_trace,8,72,72:storage_in,72,74,11,47,12499.80448,1.0,10867.79552,61,5,2,11,hold,,False,1,3,2,,False,yes,none,none
legacy_offset64_repair32,edge_score_event,event_trace,8,72,72:storage_in,72,74,11,47,12500.80448,2.0,10866.79552,64,6,-1,11,none,no_safe_action,True,0,3,3,,False,yes,none,none
legacy_offset64_repair32,edge_score_event,event_trace,9,73,73:storage_in,73,75,5,47,12487.97299,0.0,9672.42701,26,1,0,19,move,,False,2,2,0,19,True,yes,none,none
legacy_offset64_repair32,edge_score_event,event_trace,9,73,73:storage_in,73,75,19,47,12490.57299,0.0,9671.42701,34,2,0,18,move,,False,3,3,0,18,True,yes,none,none
legacy_offset64_repair32,edge_score_event,event_trace,9,73,73:storage_in,73,75,18,47,12494.37299,0.0,9670.42701,48,3,0,22,move,,False,1,2,1,22,True,yes,none,none
legacy_offset64_repair32,edge_score_event,event_trace,9,73,73:storage_in,73,75,22,47,12503.77299,0.0,9669.427010000001,71,4,1,26,move,,False,2,3,1,24,False,yes,none,none
legacy_offset64_repair32,edge_score_event,event_trace,9,73,73:storage_in,73,75,26,47,12511.572989999999,0.0,9640.427010000001,79,5,0,43,move,,False,2,2,0,,False,yes,none,none
legacy_offset64_repair32,edge_score_event,event_trace,9,73,73:storage_in,73,75,43,47,12514.17299,0.0,9639.427010000001,82,6,0,15,move,,False,2,2,0,,False,yes,none,none
legacy_offset64_repair32,edge_score_event,event_trace,9,73,73:storage_in,73,75,15,47,12518.37299,0.0,9638.42701,88,7,0,14,move,,False,2,2,0,,False,yes,none,none
legacy_offset64_repair32,edge_score_event,event_trace,9,73,73:storage_in,73,75,14,47,12520.97299,0.0,9637.42701,96,8,0,46,move,,False,2,2,0,,False,yes,none,none
legacy_offset64_repair32,edge_score_event,event_trace,9,73,73:storage_in,73,75,46,47,12523.57299,0.0,9636.42701,99,9,2,46,hold,,False,1,3,2,,False,yes,none,none
legacy_offset64_repair32,edge_score_event,event_trace,9,73,73:storage_in,73,75,46,47,12524.57299,1.0,9635.42701,100,10,2,46,hold,,False,1,3,2,,False,yes,none,none
legacy_offset64_repair32,edge_score_event,event_trace,9,73,73:storage_in,73,75,46,47,12525.57299,2.0,9634.42701,101,11,2,46,hold,,False,1,3,2,,False,yes,none,none
legacy_offset64_repair32,edge_score_event,event_trace,9,73,73:storage_in,73,75,46,47,12526.57299,3.0,9633.42701,103,12,2,46,hold,,False,1,3,2,,False,yes,none,none
legacy_offset64_repair32,edge_score_event,event_trace,9,73,73:storage_in,73,75,46,47,12527.57299,4.0,9632.42701,104,13,2,46,hold,,False,1,3,2,,False,yes,none,none
legacy_offset64_repair32,edge_score_event,event_trace,9,73,73:storage_in,73,75,46,47,12528.57299,5.0,9631.42701,106,14,2,46,hold,,False,1,3,2,,False,yes,none,none
legacy_offset64_repair32,edge_score_event,event_trace,9,73,73:storage_in,73,75,46,47,12529.57299,6.0,9630.42701,108,15,2,46,hold,,False,1,3,2,,False,yes,none,none
legacy_offset64_repair32,edge_score_event,event_trace,9,73,73:storage_in,73,75,46,47,12530.57299,7.0,9629.42701,111,16,2,46,hold,,False,1,3,2,,False,yes,none,none
legacy_offset64_repair32,edge_score_event,event_trace,9,73,73:storage_in,73,75,46,47,12531.57299,8.0,9628.42701,113,17,-1,46,none,no_safe_action,True,0,3,3,,False,yes,none,none
legacy_offset64_repair32,edge_score_event,event_trace,10,74,74:storage_in,74,76,1,47,12489.43982,0.0,12068.56018,31,1,0,7,move,,False,2,2,0,7,True,yes,none,none
legacy_offset64_repair32,edge_score_event,event_trace,10,74,74:storage_in,74,76,7,47,12495.239819999999,0.0,12067.56018,50,2,0,8,move,,False,2,2,0,8,True,yes,none,none
legacy_offset64_repair32,edge_score_event,event_trace,10,74,74:storage_in,74,76,8,47,12497.83982,0.0,12066.56018,56,3,0,11,move,,False,2,2,0,11,True,yes,none,none
legacy_offset64_repair32,edge_score_event,event_trace,10,74,74:storage_in,74,76,11,47,12502.03982,0.0,12065.56018,67,4,1,14,move,,False,2,3,1,14,True,yes,none,none
legacy_offset64_repair32,edge_score_event,event_trace,10,74,74:storage_in,74,76,14,47,12515.83982,0.0,12042.56018,85,5,0,46,move,,False,2,2,0,46,True,yes,none,none
legacy_offset64_repair32,edge_score_event,event_trace,10,74,74:storage_in,74,76,46,47,12518.43982,0.0,12041.56018,89,6,2,46,hold,,False,1,3,2,36,False,yes,none,none
legacy_offset64_repair32,edge_score_event,event_trace,10,74,74:storage_in,74,76,46,47,12519.43982,1.0,12040.56018,92,7,1,36,move,,False,2,3,1,36,True,yes,none,none
legacy_offset64_repair32,edge_score_event,event_trace,10,74,74:storage_in,74,76,36,47,12535.239819999999,1.0,12039.56018,118,8,0,38,move,,False,2,3,1,38,True,yes,none,none
legacy_offset64_repair32,edge_score_event,event_trace,10,74,74:storage_in,74,76,38,47,12549.039819999998,1.0,12038.560180000002,121,9,1,39,move,,False,2,3,1,39,True,yes,none,none
legacy_offset64_repair32,edge_score_event,event_trace,10,74,74:storage_in,74,76,39,47,12558.439819999998,1.0,12037.560180000002,123,10,1,47,move,,False,3,3,0,47,True,yes,none,none
legacy_offset64_repair32,edge_score_event,event_trace,11,75,75:storage_in,75,77,3,47,12490.77417,0.0,10867.22583,36,1,0,16,move,,False,2,2,0,16,True,yes,none,none
legacy_offset64_repair32,edge_score_event,event_trace,11,75,75:storage_in,75,77,16,47,12493.374170000001,0.0,10866.22583,45,2,0,17,move,,False,3,3,0,17,True,yes,none,none
legacy_offset64_repair32,edge_score_event,event_trace,11,75,75:storage_in,75,77,17,47,12497.974170000001,0.0,10865.22583,57,3,0,18,move,,False,2,2,0,18,True,yes,none,none
legacy_offset64_repair32,edge_score_event,event_trace,11,75,75:storage_in,75,77,18,47,12500.574170000002,0.0,10864.225829999998,63,4,1,18,hold,,False,1,2,1,22,False,yes,none,none
legacy_offset64_repair32,edge_score_event,event_trace,11,75,75:storage_in,75,77,18,47,12501.574170000002,1.0,10863.225829999998,65,5,1,18,hold,,False,1,2,1,22,False,yes,none,none
legacy_offset64_repair32,edge_score_event,event_trace,11,75,75:storage_in,75,77,18,47,12502.574170000002,2.0,10862.225829999998,68,6,1,18,hold,,False,1,2,1,22,False,yes,none,none
legacy_offset64_repair32,edge_score_event,event_trace,11,75,75:storage_in,75,77,18,47,12503.574170000002,3.0,10861.225829999998,70,7,0,22,move,,False,2,2,0,22,True,yes,none,none
legacy_offset64_repair32,edge_score_event,event_trace,11,75,75:storage_in,75,77,22,47,12512.974170000001,3.0,10860.22583,80,8,1,26,move,,False,3,3,0,24,False,yes,none,none
legacy_offset64_repair32,edge_score_event,event_trace,11,75,75:storage_in,75,77,26,47,12520.77417,3.0,10831.22583,95,9,0,43,move,,False,2,2,0,,False,yes,none,none
legacy_offset64_repair32,edge_score_event,event_trace,11,75,75:storage_in,75,77,43,47,12523.374170000001,3.0,10830.22583,97,10,0,15,move,,False,2,2,0,,False,yes,none,none
legacy_offset64_repair32,edge_score_event,event_trace,11,75,75:storage_in,75,77,15,47,12527.574170000002,3.0,10829.225829999998,105,11,0,14,move,,False,2,2,0,,False,yes,none,none
legacy_offset64_repair32,edge_score_event,event_trace,11,75,75:storage_in,75,77,14,47,12530.174170000002,3.0,10828.225829999998,110,12,0,46,move,,False,2,2,0,,False,yes,none,none
legacy_offset64_repair32,edge_score_event,event_trace,11,75,75:storage_in,75,77,46,47,12532.774170000002,3.0,10827.225829999998,114,13,2,46,hold,,False,1,3,2,,False,yes,none,none
legacy_offset64_repair32,edge_score_event,event_trace,11,75,75:storage_in,75,77,46,47,12533.774170000002,4.0,10826.225829999998,115,14,2,46,hold,,False,1,3,2,,False,yes,none,none
legacy_offset64_repair32,edge_score_event,event_trace,11,75,75:storage_in,75,77,46,47,12534.774170000002,5.0,10825.225829999998,117,15,1,36,move,,False,2,3,1,,False,yes,none,none
legacy_offset64_repair32,edge_score_event,event_trace,11,75,75:storage_in,75,77,36,47,12550.574170000002,5.0,10824.225829999998,122,16,0,38,move,,False,2,3,1,,False,yes,none,none
legacy_offset64_repair32,edge_score_event,event_trace,11,75,75:storage_in,75,77,38,47,12564.374170000001,5.0,10823.22583,124,17,1,39,move,,False,2,3,1,,False,yes,none,none
legacy_offset64_repair32,edge_score_event,event_trace,11,75,75:storage_in,75,77,39,47,12573.77417,5.0,10822.22583,125,18,1,47,move,,False,3,3,0,,False,yes,none,none
legacy_offset64_repair32,edge_score_event,event_trace,12,76,76:storage_in,76,78,2,47,12491.92141,0.0,12064.478589999999,40,1,0,9,move,,False,2,2,0,9,True,yes,none,none
legacy_offset64_repair32,edge_score_event,event_trace,12,76,76:storage_in,76,78,9,47,12496.521410000001,0.0,12063.478589999999,54,2,0,7,move,,False,3,3,0,7,True,yes,none,none
legacy_offset64_repair32,edge_score_event,event_trace,12,76,76:storage_in,76,78,7,47,12500.32141,0.0,12062.478589999999,62,3,0,8,move,,False,2,2,0,8,True,yes,none,none
legacy_offset64_repair32,edge_score_event,event_trace,12,76,76:storage_in,76,78,8,47,12502.92141,0.0,12061.478589999999,69,4,0,11,move,,False,2,2,0,11,True,yes,none,none
legacy_offset64_repair32,edge_score_event,event_trace,12,76,76:storage_in,76,78,11,47,12507.121410000002,0.0,12060.478589999999,75,5,0,13,move,,False,2,3,1,13,True,yes,none,none
legacy_offset64_repair32,edge_score_event,event_trace,12,76,76:storage_in,76,78,13,47,12519.321410000002,0.0,12059.478589999997,91,6,0,23,move,,False,2,2,0,23,True,yes,none,none
legacy_offset64_repair32,edge_score_event,event_trace,12,76,76:storage_in,76,78,23,47,12523.521410000003,0.0,12058.478589999997,98,7,0,24,move,,False,2,2,0,24,True,yes,none,none
legacy_offset64_repair32,edge_score_event,event_trace,12,76,76:storage_in,76,78,24,47,12526.121410000003,0.0,12057.478589999997,102,8,0,27,move,,False,2,2,0,27,True,yes,none,none
legacy_offset64_repair32,edge_score_event,event_trace,12,76,76:storage_in,76,78,27,47,12528.721410000004,0.0,12056.478589999997,107,9,2,27,hold,,False,1,3,2,28,False,yes,none,none
legacy_offset64_repair32,edge_score_event,event_trace,12,76,76:storage_in,76,78,27,47,12529.721410000004,1.0,12055.478589999997,109,10,0,28,move,,False,2,3,1,28,True,yes,none,none
legacy_offset64_repair32,edge_score_event,event_trace,12,76,76:storage_in,76,78,28,47,12541.521410000003,1.0,12054.478589999997,119,11,1,47,move,,False,3,3,0,47,True,yes,none,none
legacy_offset64_repair32,edge_score_event,event_trace,13,77,77:storage_in,77,79,3,47,12620.00081,0.0,11937.99919,126,1,0,16,move,,False,2,2,0,16,True,yes,none,none
legacy_offset64_repair32,edge_score_event,event_trace,13,77,77:storage_in,77,79,16,47,12622.60081,0.0,11936.99919,127,2,0,17,move,,False,3,3,0,17,True,yes,none,none
legacy_offset64_repair32,edge_score_event,event_trace,13,77,77:storage_in,77,79,17,47,12627.20081,0.0,11935.99919,128,3,0,18,move,,False,2,2,0,18,True,yes,none,none
legacy_offset64_repair32,edge_score_event,event_trace,13,77,77:storage_in,77,79,18,47,12629.80081,0.0,11934.999189999999,129,4,0,22,move,,False,2,2,0,22,True,yes,none,none
legacy_offset64_repair32,edge_score_event,event_trace,13,77,77:storage_in,77,79,22,47,12639.20081,0.0,11933.99919,130,5,0,24,move,,False,3,3,0,24,True,yes,none,none
legacy_offset64_repair32,edge_score_event,event_trace,13,77,77:storage_in,77,79,24,47,12650.60081,0.0,11932.99919,131,6,0,27,move,,False,2,2,0,27,True,yes,none,none
legacy_offset64_repair32,edge_score_event,event_trace,13,77,77:storage_in,77,79,27,47,12653.20081,0.0,11931.99919,132,7,0,28,move,,False,2,3,1,28,True,yes,none,none
legacy_offset64_repair32,edge_score_event,event_trace,13,77,77:storage_in,77,79,28,47,12665.00081,0.0,11930.99919,133,8,1,47,move,,False,3,3,0,47,True,yes,none,none
legacy_offset64_repair32,edge_score_event,event_trace,14,78,78:storage_in,78,80,2,47,13047.64994,0.0,10908.75006,134,1,0,9,move,,False,2,2,0,9,True,yes,none,none
legacy_offset64_repair32,edge_score_event,event_trace,14,78,78:storage_in,78,80,9,47,13052.24994,0.0,10907.75006,138,2,0,7,move,,False,3,3,0,7,True,yes,none,none
legacy_offset64_repair32,edge_score_event,event_trace,14,78,78:storage_in,78,80,7,47,13056.049939999999,0.0,10906.75006,142,3,1,7,hold,,False,1,2,1,8,False,yes,none,none
legacy_offset64_repair32,edge_score_event,event_trace,14,78,78:storage_in,78,80,7,47,13057.049939999999,1.0,10905.75006,144,4,0,8,move,,False,2,2,0,8,True,yes,none,none
legacy_offset64_repair32,edge_score_event,event_trace,14,78,78:storage_in,78,80,8,47,13059.64994,1.0,10904.75006,150,5,1,8,hold,,False,1,2,1,11,False,yes,none,none
legacy_offset64_repair32,edge_score_event,event_trace,14,78,78:storage_in,78,80,8,47,13060.64994,2.0,10903.75006,155,6,1,8,hold,,False,1,2,1,11,False,yes,none,none
legacy_offset64_repair32,edge_score_event,event_trace,14,78,78:storage_in,78,80,8,47,13061.64994,3.0,10902.75006,158,7,0,11,move,,False,2,2,0,11,True,yes,none,none
legacy_offset64_repair32,edge_score_event,event_trace,14,78,78:storage_in,78,80,11,47,13065.84994,3.0,10901.75006,171,8,0,13,move,,False,2,3,1,14,False,yes,none,none
legacy_offset64_repair32,edge_score_event,event_trace,14,78,78:storage_in,78,80,13,47,13078.04994,3.0,10900.750059999998,216,9,0,23,move,,False,2,2,0,,False,yes,none,none
legacy_offset64_repair32,edge_score_event,event_trace,14,78,78:storage_in,78,80,23,47,13082.249940000002,3.0,10899.750059999998,228,10,0,24,move,,False,2,2,0,,False,yes,none,none
legacy_offset64_repair32,edge_score_event,event_trace,14,78,78:storage_in,78,80,24,47,13084.849940000002,3.0,10898.750059999998,236,11,0,27,move,,False,2,2,0,,False,yes,none,none
legacy_offset64_repair32,edge_score_event,event_trace,14,78,78:storage_in,78,80,27,47,13087.449940000002,3.0,10897.750059999998,243,12,2,27,hold,,False,1,3,2,,False,yes,none,none
legacy_offset64_repair32,edge_score_event,event_trace,14,78,78:storage_in,78,80,27,47,13088.449940000002,4.0,10896.750059999998,246,13,2,27,hold,,False,1,3,2,,False,yes,none,none
legacy_offset64_repair32,edge_score_event,event_trace,14,78,78:storage_in,78,80,27,47,13089.449940000002,5.0,10895.750059999998,250,14,2,27,hold,,False,1,3,2,,False,yes,none,none
legacy_offset64_repair32,edge_score_event,event_trace,14,78,78:storage_in,78,80,27,47,13090.449940000002,6.0,10894.750059999998,253,15,2,27,hold,,False,1,3,2,,False,yes,none,none
legacy_offset64_repair32,edge_score_event,event_trace,14,78,78:storage_in,78,80,27,47,13091.449940000002,7.0,10893.750059999998,255,16,0,28,move,,False,2,3,1,,False,yes,none,none
legacy_offset64_repair32,edge_score_event,event_trace,14,78,78:storage_in,78,80,28,47,13103.249940000002,7.0,10892.750059999998,283,17,1,47,move,,False,3,3,0,,False,yes,none,none
legacy_offset64_repair32,edge_score_event,event_trace,15,79,79:storage_in,79,81,4,47,13049.28215,0.0,13310.317850000001,135,1,0,17,move,,False,2,2,0,17,True,yes,none,none
legacy_offset64_repair32,edge_score_event,event_trace,15,79,79:storage_in,79,81,17,47,13053.88215,0.0,13309.317850000001,139,2,0,18,move,,False,2,2,0,18,True,yes,none,none
legacy_offset64_repair32,edge_score_event,event_trace,15,79,79:storage_in,79,81,18,47,13056.48215,0.0,13308.31785,143,3,0,22,move,,False,1,2,1,22,True,yes,none,none
legacy_offset64_repair32,edge_score_event,event_trace,15,79,79:storage_in,79,81,22,47,13065.88215,0.0,13307.317850000001,172,4,0,24,move,,False,3,3,0,24,True,yes,none,none
legacy_offset64_repair32,edge_score_event,event_trace,15,79,79:storage_in,79,81,24,47,13077.28215,0.0,13306.317850000001,210,5,0,27,move,,False,2,2,0,27,True,yes,none,none
legacy_offset64_repair32,edge_score_event,event_trace,15,79,79:storage_in,79,81,27,47,13079.88215,0.0,13305.317850000001,221,6,0,28,move,,False,2,3,1,28,True,yes,none,none
legacy_offset64_repair32,edge_score_event,event_trace,15,79,79:storage_in,79,81,28,47,13091.682149999999,0.0,13304.317850000001,256,7,1,47,move,,False,3,3,0,47,True,yes,none,none
legacy_offset64_repair32,edge_score_event,event_trace,16,80,80:storage_in,80,82,0,47,13050.16178,0.0,13311.43822,136,1,0,6,move,,False,2,2,0,6,True,yes,none,none
legacy_offset64_repair32,edge_score_event,event_trace,16,80,80:storage_in,80,82,6,47,13054.361780000001,0.0,13310.438219999998,140,2,0,8,move,,False,3,3,0,8,True,yes,none,none
legacy_offset64_repair32,edge_score_event,event_trace,16,80,80:storage_in,80,82,8,47,13058.16178,0.0,13306.23822,147,3,0,11,move,,False,1,2,1,11,True,yes,none,none
legacy_offset64_repair32,edge_score_event,event_trace,16,80,80:storage_in,80,82,11,47,13062.361780000001,0.0,13305.23822,162,4,1,14,move,,False,3,3,0,14,True,yes,none,none
legacy_offset64_repair32,edge_score_event,event_trace,16,80,80:storage_in,80,82,14,47,13076.16178,0.0,13282.23822,208,5,0,46,move,,False,2,2,0,46,True,yes,none,none
legacy_offset64_repair32,edge_score_event,event_trace,16,80,80:storage_in,80,82,46,47,13078.76178,0.0,13281.23822,219,6,1,36,move,,False,2,3,1,36,True,yes,none,none
legacy_offset64_repair32,edge_score_event,event_trace,16,80,80:storage_in,80,82,36,47,13094.56178,0.0,13280.23822,266,7,0,38,move,,False,2,3,1,38,True,yes,none,none
legacy_offset64_repair32,edge_score_event,event_trace,16,80,80:storage_in,80,82,38,47,13108.36178,0.0,13279.238220000001,294,8,1,39,move,,False,2,3,1,39,True,yes,none,none
legacy_offset64_repair32,edge_score_event,event_trace,16,80,80:storage_in,80,82,39,47,13117.761779999999,0.0,13278.238220000001,307,9,1,47,move,,False,3,3,0,47,True,yes,none,none
legacy_offset64_repair32,edge_score_event,event_trace,17,81,81:storage_in,81,83,5,47,13051.84528,0.0,13308.55472,137,1,0,19,move,,False,2,2,0,19,True,yes,none,none
legacy_offset64_repair32,edge_score_event,event_trace,17,81,81:storage_in,81,83,19,47,13054.44528,0.0,13307.55472,141,2,0,18,move,,False,3,3,0,18,True,yes,none,none
legacy_offset64_repair32,edge_score_event,event_trace,17,81,81:storage_in,81,83,18,47,13058.24528,0.0,13306.55472,148,3,1,18,hold,,False,1,2,1,22,False,yes,none,none
legacy_offset64_repair32,edge_score_event,event_trace,17,81,81:storage_in,81,83,18,47,13059.24528,1.0,13305.55472,149,4,1,18,hold,,False,1,2,1,22,False,yes,none,none
legacy_offset64_repair32,edge_score_event,event_trace,17,81,81:storage_in,81,83,18,47,13060.24528,2.0,13304.55472,154,5,1,18,hold,,False,1,2,1,22,False,yes,none,none
legacy_offset64_repair32,edge_score_event,event_trace,17,81,81:storage_in,81,83,18,47,13061.24528,3.0,13303.55472,157,6,1,18,hold,,False,1,2,1,22,False,yes,none,none
legacy_offset64_repair32,edge_score_event,event_trace,17,81,81:storage_in,81,83,18,47,13062.24528,4.0,13302.55472,161,7,1,18,hold,,False,1,2,1,22,False,yes,none,none
legacy_offset64_repair32,edge_score_event,event_trace,17,81,81:storage_in,81,83,18,47,13063.24528,5.0,13301.55472,164,8,-1,18,none,no_safe_action,True,0,2,2,22,False,yes,none,none
legacy_offset64_repair32,edge_score_event,event_trace,18,82,82:storage_in,82,84,4,47,13057.05944,0.0,11502.54056,145,1,0,17,move,,False,2,2,0,17,True,yes,none,none
legacy_offset64_repair32,edge_score_event,event_trace,18,82,82:storage_in,82,84,17,47,13061.659440000001,0.0,11501.54056,159,2,0,18,move,,False,2,2,0,18,True,yes,none,none
legacy_offset64_repair32,edge_score_event,event_trace,18,82,82:storage_in,82,84,18,47,13064.259440000002,0.0,11500.540559999998,165,3,1,18,hold,,False,1,2,1,22,False,yes,none,none
legacy_offset64_repair32,edge_score_event,event_trace,18,82,82:storage_in,82,84,18,47,13065.259440000002,1.0,11499.540559999998,169,4,0,22,move,,False,1,2,1,22,True,yes,none,none
legacy_offset64_repair32,edge_score_event,event_trace,18,82,82:storage_in,82,84,22,47,13074.659440000001,1.0,11498.54056,201,5,1,26,move,,False,2,3,1,24,False,yes,none,none
legacy_offset64_repair32,edge_score_event,event_trace,18,82,82:storage_in,82,84,26,47,13082.45944,1.0,11469.54056,229,6,0,43,move,,False,2,2,0,,False,yes,none,none
legacy_offset64_repair32,edge_score_event,event_trace,18,82,82:storage_in,82,84,43,47,13085.05944,1.0,11468.54056,237,7,0,15,move,,False,2,2,0,,False,yes,none,none
legacy_offset64_repair32,edge_score_event,event_trace,18,82,82:storage_in,82,84,15,47,13089.259440000002,1.0,11467.540559999998,249,8,0,14,move,,False,2,2,0,,False,yes,none,none
legacy_offset64_repair32,edge_score_event,event_trace,18,82,82:storage_in,82,84,14,47,13091.859440000002,1.0,11466.540559999998,258,9,0,46,move,,False,2,2,0,,False,yes,none,none
legacy_offset64_repair32,edge_score_event,event_trace,18,82,82:storage_in,82,84,46,47,13094.459440000002,1.0,11465.540559999998,265,10,1,36,move,,False,2,3,1,,False,yes,none,none
legacy_offset64_repair32,edge_score_event,event_trace,18,82,82:storage_in,82,84,36,47,13110.259440000002,1.0,11464.540559999998,299,11,0,38,move,,False,2,3,1,,False,yes,none,none
legacy_offset64_repair32,edge_score_event,event_trace,18,82,82:storage_in,82,84,38,47,13124.05944,1.0,11463.54056,314,12,1,39,move,,False,2,3,1,,False,yes,none,none
legacy_offset64_repair32,edge_score_event,event_trace,18,82,82:storage_in,82,84,39,47,13133.45944,1.0,11462.54056,318,13,1,47,move,,False,3,3,0,,False,yes,none,none
legacy_offset64_repair32,edge_score_event,event_trace,19,83,83:storage_in,83,85,3,47,13057.28828,0.0,9100.71172,146,1,0,16,move,,False,2,2,0,16,True,yes,none,none
legacy_offset64_repair32,edge_score_event,event_trace,19,83,83:storage_in,83,85,16,47,13059.888280000001,0.0,9099.71172,152,2,0,17,move,,False,3,3,0,17,True,yes,none,none
legacy_offset64_repair32,edge_score_event,event_trace,19,83,83:storage_in,83,85,17,47,13064.488280000001,0.0,9098.71172,166,3,0,18,move,,False,1,2,1,18,True,yes,none,none
legacy_offset64_repair32,edge_score_event,event_trace,19,83,83:storage_in,83,85,18,47,13067.088280000002,0.0,9097.711719999998,175,4,-1,18,none,no_safe_action,True,0,2,2,22,False,yes,none,none
legacy_offset64_repair32,edge_score_event,event_trace,20,84,84:storage_in,84,86,4,47,13059.8454,0.0,10899.7546,151,1,1,4,hold,,False,1,2,1,17,False,yes,none,none
legacy_offset64_repair32,edge_score_event,event_trace,20,84,84:storage_in,84,86,4,47,13060.8454,1.0,10898.7546,156,2,1,4,hold,,False,1,2,1,17,False,yes,none,none
legacy_offset64_repair32,edge_score_event,event_trace,20,84,84:storage_in,84,86,4,47,13061.8454,2.0,10897.7546,160,3,0,17,move,,False,2,2,0,17,True,yes,none,none
legacy_offset64_repair32,edge_score_event,event_trace,20,84,84:storage_in,84,86,17,47,13066.4454,2.0,10896.7546,174,4,1,17,hold,,False,1,2,1,18,False,yes,none,none
legacy_offset64_repair32,edge_score_event,event_trace,20,84,84:storage_in,84,86,17,47,13067.4454,3.0,10895.7546,176,5,0,18,move,,False,2,2,0,18,True,yes,none,none
legacy_offset64_repair32,edge_score_event,event_trace,20,84,84:storage_in,84,86,18,47,13070.0454,3.0,10894.754599999998,185,6,1,18,hold,,False,1,2,1,22,False,yes,none,none
legacy_offset64_repair32,edge_score_event,event_trace,20,84,84:storage_in,84,86,18,47,13071.0454,4.0,10893.754599999998,187,7,1,18,hold,,False,1,2,1,22,False,yes,none,none
legacy_offset64_repair32,edge_score_event,event_trace,20,84,84:storage_in,84,86,18,47,13072.0454,5.0,10892.754599999998,190,8,1,18,hold,,False,1,2,1,22,False,yes,none,none
legacy_offset64_repair32,edge_score_event,event_trace,20,84,84:storage_in,84,86,18,47,13073.0454,6.0,10891.754599999998,195,9,-1,18,none,no_safe_action,True,0,2,2,22,False,yes,none,none
legacy_offset64_repair32,edge_score_event,event_trace,21,85,85:storage_in,85,87,1,47,13060.10649,0.0,10897.89351,153,1,0,7,move,,False,2,2,0,7,True,yes,none,none
legacy_offset64_repair32,edge_score_event,event_trace,21,85,85:storage_in,85,87,7,47,13065.90649,0.0,10896.89351,173,2,0,8,move,,False,2,2,0,8,True,yes,none,none
legacy_offset64_repair32,edge_score_event,event_trace,21,85,85:storage_in,85,87,8,47,13068.50649,0.0,10895.89351,180,3,0,11,move,,False,2,2,0,11,True,yes,none,none
legacy_offset64_repair32,edge_score_event,event_trace,21,85,85:storage_in,85,87,11,47,13072.70649,0.0,10894.89351,194,4,2,11,hold,,False,1,3,2,13,False,yes,none,none
legacy_offset64_repair32,edge_score_event,event_trace,21,85,85:storage_in,85,87,11,47,13073.70649,1.0,10893.89351,198,5,2,11,hold,,False,1,3,2,13,False,yes,none,none
legacy_offset64_repair32,edge_score_event,event_trace,21,85,85:storage_in,85,87,11,47,13074.70649,2.0,10892.89351,202,6,2,11,hold,,False,1,3,2,13,False,yes,none,none
legacy_offset64_repair32,edge_score_event,event_trace,21,85,85:storage_in,85,87,11,47,13075.70649,3.0,10891.89351,205,7,1,14,move,,False,2,3,1,13,False,yes,none,none
legacy_offset64_repair32,edge_score_event,event_trace,21,85,85:storage_in,85,87,14,47,13089.50649,3.0,10868.89351,251,8,0,46,move,,False,2,2,0,,False,yes,none,none
legacy_offset64_repair32,edge_score_event,event_trace,21,85,85:storage_in,85,87,46,47,13092.10649,3.0,10867.89351,259,9,2,46,hold,,False,1,3,2,,False,yes,none,none
legacy_offset64_repair32,edge_score_event,event_trace,21,85,85:storage_in,85,87,46,47,13093.10649,4.0,10866.89351,262,10,-1,46,none,no_safe_action,True,0,3,3,,False,yes,none,none
legacy_offset64_repair32,edge_score_event,event_trace,22,86,86:storage_in,86,88,5,47,13062.51217,0.0,13297.88783,163,1,0,19,move,,False,2,2,0,19,True,yes,none,none
legacy_offset64_repair32,edge_score_event,event_trace,22,86,86:storage_in,86,88,19,47,13065.11217,0.0,13296.88783,167,2,0,18,move,,False,3,3,0,25,False,yes,none,none
legacy_offset64_repair32,edge_score_event,event_trace,22,86,86:storage_in,86,88,18,47,13068.91217,0.0,13295.88783,182,3,-1,18,none,no_safe_action,True,0,2,2,,False,yes,none,none
legacy_offset64_repair32,edge_score_event,event_trace,23,87,87:storage_in,87,89,3,47,13065.17869,0.0,11192.82131,168,1,0,16,move,,False,2,2,0,16,True,yes,none,none
legacy_offset64_repair32,edge_score_event,event_trace,23,87,87:storage_in,87,89,16,47,13067.778690000001,0.0,11191.82131,177,2,0,17,move,,False,3,3,0,21,False,yes,none,none
legacy_offset64_repair32,edge_score_event,event_trace,23,87,87:storage_in,87,89,17,47,13072.378690000001,0.0,11190.82131,192,3,0,18,move,,False,1,2,1,,False,yes,none,none
legacy_offset64_repair32,edge_score_event,event_trace,23,87,87:storage_in,87,89,18,47,13074.978690000002,0.0,11189.821309999998,204,4,0,22,move,,False,2,2,0,,False,yes,none,none
legacy_offset64_repair32,edge_score_event,event_trace,23,87,87:storage_in,87,89,22,47,13084.378690000001,0.0,11188.82131,235,5,1,26,move,,False,3,3,0,,False,yes,none,none
legacy_offset64_repair32,edge_score_event,event_trace,23,87,87:storage_in,87,89,26,47,13092.17869,0.0,11159.82131,260,6,0,43,move,,False,2,2,0,,False,yes,none,none
legacy_offset64_repair32,edge_score_event,event_trace,23,87,87:storage_in,87,89,43,47,13094.778690000001,0.0,11158.82131,267,7,0,15,move,,False,2,2,0,,False,yes,none,none
legacy_offset64_repair32,edge_score_event,event_trace,23,87,87:storage_in,87,89,15,47,13098.978690000002,0.0,11157.821309999998,273,8,0,14,move,,False,2,2,0,,False,yes,none,none
legacy_offset64_repair32,edge_score_event,event_trace,23,87,87:storage_in,87,89,14,47,13101.578690000002,0.0,11156.821309999998,278,9,0,46,move,,False,1,2,1,,False,yes,none,none
legacy_offset64_repair32,edge_score_event,event_trace,23,87,87:storage_in,87,89,46,47,13104.178690000002,0.0,11155.821309999998,286,10,2,46,hold,,False,1,3,2,,False,yes,none,none
legacy_offset64_repair32,edge_score_event,event_trace,23,87,87:storage_in,87,89,46,47,13105.178690000002,1.0,11154.821309999998,288,11,-1,46,none,no_safe_action,True,0,3,3,,False,yes,none,none
legacy_offset64_repair32,edge_score_event,event_trace,24,88,88:storage_in,88,90,2,47,13065.43983,0.0,12090.96017,170,1,0,9,move,,False,2,2,0,9,True,yes,none,none
legacy_offset64_repair32,edge_score_event,event_trace,24,88,88:storage_in,88,90,9,47,13070.03983,0.0,12089.96017,184,2,0,7,move,,False,3,3,0,10,False,yes,none,none
legacy_offset64_repair32,edge_score_event,event_trace,24,88,88:storage_in,88,90,7,47,13073.839829999999,0.0,12088.96017,199,3,1,7,hold,,False,1,2,1,,False,yes,none,none
legacy_offset64_repair32,edge_score_event,event_trace,24,88,88:storage_in,88,90,7,47,13074.839829999999,1.0,12087.96017,203,4,0,8,move,,False,2,2,0,,False,yes,none,none
legacy_offset64_repair32,edge_score_event,event_trace,24,88,88:storage_in,88,90,8,47,13077.43983,1.0,12086.96017,212,5,1,8,hold,,False,1,2,1,,False,yes,none,none
legacy_offset64_repair32,edge_score_event,event_trace,24,88,88:storage_in,88,90,8,47,13078.43983,2.0,12085.96017,217,6,-1,8,none,no_safe_action,True,0,2,2,,False,yes,none,none
legacy_offset64_repair32,edge_score_event,event_trace,25,89,89:storage_in,89,91,4,47,13067.84538,0.0,9991.75462,178,1,1,4,hold,,False,1,2,1,17,False,yes,none,none
legacy_offset64_repair32,edge_score_event,event_trace,25,89,89:storage_in,89,91,4,47,13068.84538,1.0,9990.75462,181,2,0,17,move,,False,2,2,0,17,True,yes,none,none
legacy_offset64_repair32,edge_score_event,event_trace,25,89,89:storage_in,89,91,17,47,13073.445380000001,1.0,9989.75462,197,3,1,17,hold,,False,1,2,1,18,False,yes,none,none
legacy_offset64_repair32,edge_score_event,event_trace,25,89,89:storage_in,89,91,17,47,13074.445380000001,2.0,9988.75462,200,4,0,18,move,,False,2,2,0,18,True,yes,none,none
legacy_offset64_repair32,edge_score_event,event_trace,25,89,89:storage_in,89,91,18,47,13077.045380000001,2.0,9987.754619999998,209,5,1,18,hold,,False,1,2,1,22,False,yes,none,none
legacy_offset64_repair32,edge_score_event,event_trace,25,89,89:storage_in,89,91,18,47,13078.045380000001,3.0,9986.754619999998,215,6,1,18,hold,,False,1,2,1,22,False,yes,none,none
legacy_offset64_repair32,edge_score_event,event_trace,25,89,89:storage_in,89,91,18,47,13079.045380000001,4.0,9985.754619999998,220,7,-1,18,none,no_safe_action,True,0,2,2,22,False,yes,none,none
legacy_offset64_repair32,edge_score_event,event_trace,26,90,90:storage_in,90,92,0,47,13067.93782,0.0,12093.662180000001,179,1,0,6,move,,False,2,2,0,6,True,yes,none,none
legacy_offset64_repair32,edge_score_event,event_trace,26,90,90:storage_in,90,92,6,47,13072.13782,0.0,12092.66218,191,2,0,8,move,,False,3,3,0,8,True,yes,none,none
legacy_offset64_repair32,edge_score_event,event_trace,26,90,90:storage_in,90,92,8,47,13075.93782,0.0,12088.46218,207,3,0,11,move,,False,1,2,1,11,True,yes,none,none
legacy_offset64_repair32,edge_score_event,event_trace,26,90,90:storage_in,90,92,11,47,13080.13782,0.0,12087.46218,224,4,0,13,move,,False,2,3,1,14,False,yes,none,none
legacy_offset64_repair32,edge_score_event,event_trace,26,90,90:storage_in,90,92,13,47,13092.33782,0.0,12086.462179999999,261,5,0,23,move,,False,2,2,0,,False,yes,none,none
legacy_offset64_repair32,edge_score_event,event_trace,26,90,90:storage_in,90,92,23,47,13096.537820000001,0.0,12085.462179999999,270,6,0,24,move,,False,2,2,0,,False,yes,none,none
legacy_offset64_repair32,edge_score_event,event_trace,26,90,90:storage_in,90,92,24,47,13099.137820000002,0.0,12084.462179999999,275,7,0,27,move,,False,2,2,0,,False,yes,none,none
legacy_offset64_repair32,edge_score_event,event_trace,26,90,90:storage_in,90,92,27,47,13101.737820000002,0.0,12083.462179999999,279,8,2,27,hold,,False,1,3,2,,False,yes,none,none
legacy_offset64_repair32,edge_score_event,event_trace,26,90,90:storage_in,90,92,27,47,13102.737820000002,1.0,12082.462179999999,281,9,0,28,move,,False,2,3,1,,False,yes,none,none
legacy_offset64_repair32,edge_score_event,event_trace,26,90,90:storage_in,90,92,28,47,13114.537820000001,1.0,12081.462179999999,305,10,1,47,move,,False,3,3,0,,False,yes,none,none
legacy_offset64_repair32,edge_score_event,event_trace,27,91,91:storage_in,91,93,4,47,13069.4367,0.0,12090.1633,183,1,1,4,hold,,False,1,2,1,17,False,yes,none,none
legacy_offset64_repair32,edge_score_event,event_trace,27,91,91:storage_in,91,93,4,47,13070.4367,1.0,12089.1633,186,2,1,4,hold,,False,1,2,1,17,False,yes,none,none
legacy_offset64_repair32,edge_score_event,event_trace,27,91,91:storage_in,91,93,4,47,13071.4367,2.0,12088.1633,188,3,1,4,hold,,False,1,2,1,17,False,yes,none,none
legacy_offset64_repair32,edge_score_event,event_trace,27,91,91:storage_in,91,93,4,47,13072.4367,3.0,12087.1633,193,4,1,4,hold,,False,1,2,1,17,False,yes,none,none
legacy_offset64_repair32,edge_score_event,event_trace,27,91,91:storage_in,91,93,4,47,13073.4367,4.0,12086.1633,196,5,0,17,move,,False,2,2,0,17,True,yes,none,none
legacy_offset64_repair32,edge_score_event,event_trace,27,91,91:storage_in,91,93,17,47,13078.0367,4.0,12085.1633,214,6,0,18,move,,False,2,2,0,18,True,yes,none,none
legacy_offset64_repair32,edge_score_event,event_trace,27,91,91:storage_in,91,93,18,47,13080.636700000001,4.0,12084.163299999998,226,7,1,18,hold,,False,1,2,1,22,False,yes,none,none
legacy_offset64_repair32,edge_score_event,event_trace,27,91,91:storage_in,91,93,18,47,13081.636700000001,5.0,12083.163299999998,227,8,1,18,hold,,False,1,2,1,22,False,yes,none,none
legacy_offset64_repair32,edge_score_event,event_trace,27,91,91:storage_in,91,93,18,47,13082.636700000001,6.0,12082.163299999998,230,9,-1,18,none,no_safe_action,True,0,2,2,22,False,yes,none,none
legacy_offset64_repair32,edge_score_event,event_trace,28,92,92:storage_in,92,94,1,47,13071.49516,0.0,13886.50484,189,1,0,7,move,,False,2,2,0,7,True,yes,none,none
legacy_offset64_repair32,edge_score_event,event_trace,28,92,92:storage_in,92,94,7,47,13077.29516,0.0,13885.50484,211,2,0,8,move,,False,2,2,0,8,True,yes,none,none
legacy_offset64_repair32,edge_score_event,event_trace,28,92,92:storage_in,92,94,8,47,13079.89516,0.0,13884.50484,222,3,0,11,move,,False,2,2,0,11,True,yes,none,none
legacy_offset64_repair32,edge_score_event,event_trace,28,92,92:storage_in,92,94,11,47,13084.09516,0.0,13883.50484,233,4,2,11,hold,,False,1,3,2,14,False,yes,none,none
legacy_offset64_repair32,edge_score_event,event_trace,28,92,92:storage_in,92,94,11,47,13085.09516,1.0,13882.50484,238,5,2,11,hold,,False,1,3,2,14,False,yes,none,none
legacy_offset64_repair32,edge_score_event,event_trace,28,92,92:storage_in,92,94,11,47,13086.09516,2.0,13881.50484,240,6,2,11,hold,,False,1,3,2,14,False,yes,none,none
legacy_offset64_repair32,edge_score_event,event_trace,28,92,92:storage_in,92,94,11,47,13087.09516,3.0,13880.50484,242,7,2,11,hold,,False,1,3,2,14,False,yes,none,none
legacy_offset64_repair32,edge_score_event,event_trace,28,92,92:storage_in,92,94,11,47,13088.09516,4.0,13879.50484,245,8,2,11,hold,,False,1,3,2,14,False,yes,none,none
legacy_offset64_repair32,edge_score_event,event_trace,28,92,92:storage_in,92,94,11,47,13089.09516,5.0,13878.50484,248,9,1,14,move,,False,1,3,2,14,True,yes,none,none
legacy_offset64_repair32,edge_score_event,event_trace,28,92,92:storage_in,92,94,14,47,13102.89516,5.0,13855.50484,282,10,1,14,hold,,False,1,2,1,46,False,yes,none,none
legacy_offset64_repair32,edge_score_event,event_trace,28,92,92:storage_in,92,94,14,47,13103.89516,6.0,13854.50484,284,11,0,46,move,,False,2,2,0,46,True,yes,none,none
legacy_offset64_repair32,edge_score_event,event_trace,28,92,92:storage_in,92,94,46,47,13106.49516,6.0,13853.50484,289,12,2,46,hold,,False,1,3,2,36,False,yes,none,none
legacy_offset64_repair32,edge_score_event,event_trace,28,92,92:storage_in,92,94,46,47,13107.49516,7.0,13852.50484,291,13,2,46,hold,,False,1,3,2,36,False,yes,none,none
legacy_offset64_repair32,edge_score_event,event_trace,28,92,92:storage_in,92,94,46,47,13108.49516,8.0,13851.50484,295,14,2,46,hold,,False,1,3,2,36,False,yes,none,none
legacy_offset64_repair32,edge_score_event,event_trace,28,92,92:storage_in,92,94,46,47,13109.49516,9.0,13850.50484,297,15,1,36,move,,False,2,3,1,36,True,yes,none,none
legacy_offset64_repair32,edge_score_event,event_trace,28,92,92:storage_in,92,94,36,47,13125.29516,9.0,13849.50484,316,16,0,38,move,,False,2,3,1,38,True,yes,none,none
legacy_offset64_repair32,edge_score_event,event_trace,28,92,92:storage_in,92,94,38,47,13139.095159999999,9.0,13848.504840000001,319,17,1,39,move,,False,2,3,1,39,True,yes,none,none
legacy_offset64_repair32,edge_score_event,event_trace,28,92,92:storage_in,92,94,39,47,13148.495159999999,9.0,13847.504840000001,321,18,1,47,move,,False,3,3,0,47,True,yes,none,none
legacy_offset64_repair32,edge_score_event,event_trace,29,93,93:storage_in,93,95,2,47,13075.92116,0.0,13580.47884,206,1,0,9,move,,False,2,2,0,9,True,yes,none,none
legacy_offset64_repair32,edge_score_event,event_trace,29,93,93:storage_in,93,95,9,47,13080.52116,0.0,13579.47884,225,2,0,7,move,,False,3,3,0,7,True,yes,none,none
legacy_offset64_repair32,edge_score_event,event_trace,29,93,93:storage_in,93,95,7,47,13084.32116,0.0,13578.47884,234,3,1,7,hold,,False,1,2,1,8,False,yes,none,none
legacy_offset64_repair32,edge_score_event,event_trace,29,93,93:storage_in,93,95,7,47,13085.32116,1.0,13577.47884,239,4,0,8,move,,False,2,2,0,8,True,yes,none,none
legacy_offset64_repair32,edge_score_event,event_trace,29,93,93:storage_in,93,95,8,47,13087.92116,1.0,13576.47884,244,5,1,8,hold,,False,1,2,1,11,False,yes,none,none
legacy_offset64_repair32,edge_score_event,event_trace,29,93,93:storage_in,93,95,8,47,13088.92116,2.0,13575.47884,247,6,1,8,hold,,False,1,2,1,11,False,yes,none,none
legacy_offset64_repair32,edge_score_event,event_trace,29,93,93:storage_in,93,95,8,47,13089.92116,3.0,13574.47884,252,7,0,11,move,,False,2,2,0,11,True,yes,none,none
legacy_offset64_repair32,edge_score_event,event_trace,29,93,93:storage_in,93,95,11,47,13094.12116,3.0,13573.47884,264,8,2,11,hold,,False,1,3,2,13,False,yes,none,none
legacy_offset64_repair32,edge_score_event,event_trace,29,93,93:storage_in,93,95,11,47,13095.12116,4.0,13572.47884,268,9,2,11,hold,,False,1,3,2,13,False,yes,none,none
legacy_offset64_repair32,edge_score_event,event_trace,29,93,93:storage_in,93,95,11,47,13096.12116,5.0,13571.47884,269,10,2,11,hold,,False,1,3,2,13,False,yes,none,none
legacy_offset64_repair32,edge_score_event,event_trace,29,93,93:storage_in,93,95,11,47,13097.12116,6.0,13570.47884,271,11,2,11,hold,,False,1,3,2,13,False,yes,none,none
legacy_offset64_repair32,edge_score_event,event_trace,29,93,93:storage_in,93,95,11,47,13098.12116,7.0,13569.47884,272,12,2,11,hold,,False,1,3,2,13,False,yes,none,none
legacy_offset64_repair32,edge_score_event,event_trace,29,93,93:storage_in,93,95,11,47,13099.12116,8.0,13568.47884,274,13,2,11,hold,,False,1,3,2,13,False,yes,none,none
legacy_offset64_repair32,edge_score_event,event_trace,29,93,93:storage_in,93,95,11,47,13100.12116,9.0,13567.47884,276,14,2,11,hold,,False,1,3,2,13,False,yes,none,none
legacy_offset64_repair32,edge_score_event,event_trace,29,93,93:storage_in,93,95,11,47,13101.12116,10.0,13566.47884,277,15,2,11,hold,,False,1,3,2,13,False,yes,none,none
legacy_offset64_repair32,edge_score_event,event_trace,29,93,93:storage_in,93,95,11,47,13102.12116,11.0,13565.47884,280,16,1,14,move,,False,2,3,1,13,False,yes,none,none
legacy_offset64_repair32,edge_score_event,event_trace,29,93,93:storage_in,93,95,14,47,13115.92116,11.0,13542.47884,306,17,0,46,move,,False,2,2,0,,False,yes,none,none
legacy_offset64_repair32,edge_score_event,event_trace,29,93,93:storage_in,93,95,46,47,13118.52116,11.0,13541.47884,308,18,2,46,hold,,False,1,3,2,,False,yes,none,none
legacy_offset64_repair32,edge_score_event,event_trace,29,93,93:storage_in,93,95,46,47,13119.52116,12.0,13540.47884,309,19,2,46,hold,,False,1,3,2,,False,yes,none,none
legacy_offset64_repair32,edge_score_event,event_trace,29,93,93:storage_in,93,95,46,47,13120.52116,13.0,13539.47884,310,20,2,46,hold,,False,1,3,2,,False,yes,none,none
legacy_offset64_repair32,edge_score_event,event_trace,29,93,93:storage_in,93,95,46,47,13121.52116,14.0,13538.47884,311,21,2,46,hold,,False,1,3,2,,False,yes,none,none
legacy_offset64_repair32,edge_score_event,event_trace,29,93,93:storage_in,93,95,46,47,13122.52116,15.0,13537.47884,312,22,2,46,hold,,False,1,3,2,,False,yes,none,none
legacy_offset64_repair32,edge_score_event,event_trace,29,93,93:storage_in,93,95,46,47,13123.52116,16.0,13536.47884,313,23,2,46,hold,,False,1,3,2,,False,yes,none,none
legacy_offset64_repair32,edge_score_event,event_trace,29,93,93:storage_in,93,95,46,47,13124.52116,17.0,13535.47884,315,24,1,36,move,,False,2,3,1,,False,yes,none,none
legacy_offset64_repair32,edge_score_event,event_trace,29,93,93:storage_in,93,95,36,47,13140.32116,17.0,13534.47884,320,25,0,38,move,,False,2,3,1,,False,yes,none,none
legacy_offset64_repair32,edge_score_event,event_trace,29,93,93:storage_in,93,95,38,47,13154.121159999999,17.0,13533.478840000002,322,26,1,39,move,,False,2,3,1,,False,yes,none,none
legacy_offset64_repair32,edge_score_event,event_trace,29,93,93:storage_in,93,95,39,47,13163.521159999998,17.0,13532.478840000002,323,27,1,47,move,,False,3,3,0,,False,yes,none,none
legacy_offset64_repair32,edge_score_event,event_trace,30,94,94:storage_in,94,96,5,47,13077.44086,0.0,12082.959139999999,213,1,0,19,move,,False,2,2,0,19,True,yes,none,none
legacy_offset64_repair32,edge_score_event,event_trace,30,94,94:storage_in,94,96,19,47,13080.040860000001,0.0,12081.959139999999,223,2,0,18,move,,False,3,3,0,25,False,yes,none,none
legacy_offset64_repair32,edge_score_event,event_trace,30,94,94:storage_in,94,96,18,47,13083.84086,0.0,12080.959139999999,232,3,0,22,move,,False,2,2,0,,False,yes,none,none
legacy_offset64_repair32,edge_score_event,event_trace,30,94,94:storage_in,94,96,22,47,13093.24086,0.0,12079.95914,263,4,0,24,move,,False,3,3,0,,False,yes,none,none
legacy_offset64_repair32,edge_score_event,event_trace,30,94,94:storage_in,94,96,24,47,13104.64086,0.0,12078.95914,287,5,0,27,move,,False,2,2,0,,False,yes,none,none
legacy_offset64_repair32,edge_score_event,event_trace,30,94,94:storage_in,94,96,27,47,13107.24086,0.0,12077.95914,290,6,2,27,hold,,False,1,3,2,,False,yes,none,none
legacy_offset64_repair32,edge_score_event,event_trace,30,94,94:storage_in,94,96,27,47,13108.24086,1.0,12076.95914,293,7,2,27,hold,,False,1,3,2,,False,yes,none,none
legacy_offset64_repair32,edge_score_event,event_trace,30,94,94:storage_in,94,96,27,47,13109.24086,2.0,12075.95914,296,8,2,27,hold,,False,1,3,2,,False,yes,none,none
legacy_offset64_repair32,edge_score_event,event_trace,30,94,94:storage_in,94,96,27,47,13110.24086,3.0,12074.95914,298,9,2,27,hold,,False,1,3,2,,False,yes,none,none
legacy_offset64_repair32,edge_score_event,event_trace,30,94,94:storage_in,94,96,27,47,13111.24086,4.0,12073.95914,301,10,2,27,hold,,False,1,3,2,,False,yes,none,none
legacy_offset64_repair32,edge_score_event,event_trace,30,94,94:storage_in,94,96,27,47,13112.24086,5.0,12072.95914,302,11,-1,27,none,no_safe_action,True,0,3,3,,False,yes,none,none
legacy_offset64_repair32,edge_score_event,event_trace,31,95,95:storage_in,95,97,0,47,13078.60448,0.0,11482.99552,218,1,0,6,move,,False,2,2,0,6,True,yes,none,none
legacy_offset64_repair32,edge_score_event,event_trace,31,95,95:storage_in,95,97,6,47,13082.80448,0.0,11481.995519999999,231,2,0,8,move,,False,3,3,0,12,False,yes,none,none
legacy_offset64_repair32,edge_score_event,event_trace,31,95,95:storage_in,95,97,8,47,13086.60448,0.0,11477.79552,241,3,0,11,move,,False,1,2,1,,False,yes,none,none
legacy_offset64_repair32,edge_score_event,event_trace,31,95,95:storage_in,95,97,11,47,13090.80448,0.0,11476.79552,254,4,2,11,hold,,False,1,3,2,,False,yes,none,none
legacy_offset64_repair32,edge_score_event,event_trace,31,95,95:storage_in,95,97,11,47,13091.80448,1.0,11475.79552,257,5,0,13,move,,False,2,3,1,,False,yes,none,none
legacy_offset64_repair32,edge_score_event,event_trace,31,95,95:storage_in,95,97,13,47,13104.004480000001,1.0,11474.795519999998,285,6,0,23,move,,False,2,2,0,23,True,yes,none,none
legacy_offset64_repair32,edge_score_event,event_trace,31,95,95:storage_in,95,97,23,47,13108.204480000002,1.0,11473.795519999998,292,7,0,24,move,,False,2,2,0,24,True,yes,none,none
legacy_offset64_repair32,edge_score_event,event_trace,31,95,95:storage_in,95,97,24,47,13110.804480000003,1.0,11472.795519999998,300,8,0,27,move,,False,2,2,0,27,True,yes,none,none
legacy_offset64_repair32,edge_score_event,event_trace,31,95,95:storage_in,95,97,27,47,13113.404480000003,1.0,11471.795519999998,303,9,2,27,hold,,False,1,3,2,28,False,yes,none,none
legacy_offset64_repair32,edge_score_event,event_trace,31,95,95:storage_in,95,97,27,47,13114.404480000003,2.0,11470.795519999998,304,10,0,28,move,,False,2,3,1,28,True,yes,none,none
legacy_offset64_repair32,edge_score_event,event_trace,31,95,95:storage_in,95,97,28,47,13126.204480000002,2.0,11469.795519999998,317,11,1,47,move,,False,3,3,0,47,True,yes,none,none
legacy_offset64_repair32,fallback_event,event_trace,0,64,64:storage_in,64,66,3,47,12474.63977,0.0,12083.36023,1,1,-1,16,move,,True,2,2,0,16,True,yes,none,none
legacy_offset64_repair32,fallback_event,event_trace,0,64,64:storage_in,64,66,16,47,12477.23977,0.0,12082.36023,3,2,-1,21,move,,True,3,3,0,21,True,yes,none,none
legacy_offset64_repair32,fallback_event,event_trace,0,64,64:storage_in,64,66,21,47,12501.03977,0.0,12076.160230000001,58,3,-1,23,move,,True,2,2,0,23,True,yes,none,none
legacy_offset64_repair32,fallback_event,event_trace,0,64,64:storage_in,64,66,23,47,12506.839769999999,0.0,12075.160230000001,72,4,-1,24,move,,True,1,2,1,24,True,yes,none,none
legacy_offset64_repair32,fallback_event,event_trace,0,64,64:storage_in,64,66,24,47,12509.439769999999,0.0,12074.160230000001,80,5,-1,27,move,,True,1,2,1,27,True,yes,none,none
legacy_offset64_repair32,fallback_event,event_trace,0,64,64:storage_in,64,66,27,47,12512.03977,0.0,12073.160230000001,88,6,-1,27,none,no_safe_action,True,0,3,3,28,False,yes,none,none
legacy_offset64_repair32,fallback_event,event_trace,1,65,65:storage_in,65,67,0,47,12475.93777,0.0,12385.66223,2,1,-1,6,move,,True,2,2,0,6,True,yes,none,none
legacy_offset64_repair32,fallback_event,event_trace,1,65,65:storage_in,65,67,6,47,12480.137770000001,0.0,12384.662229999998,7,2,-1,12,move,,True,3,3,0,12,True,yes,none,none
legacy_offset64_repair32,fallback_event,event_trace,1,65,65:storage_in,65,67,12,47,12491.137770000001,0.0,12383.662229999998,32,3,-1,13,move,,True,2,2,0,13,True,yes,none,none
legacy_offset64_repair32,fallback_event,event_trace,1,65,65:storage_in,65,67,13,47,12496.137770000001,0.0,12382.662229999998,45,4,-1,23,move,,True,2,2,0,23,True,yes,none,none
legacy_offset64_repair32,fallback_event,event_trace,1,65,65:storage_in,65,67,23,47,12500.337770000002,0.0,12381.662229999998,56,5,-1,24,move,,True,2,2,0,24,True,yes,none,none
legacy_offset64_repair32,fallback_event,event_trace,1,65,65:storage_in,65,67,24,47,12502.937770000002,0.0,12380.662229999998,63,6,-1,27,move,,True,2,2,0,27,True,yes,none,none
legacy_offset64_repair32,fallback_event,event_trace,1,65,65:storage_in,65,67,27,47,12505.537770000003,0.0,12379.662229999998,70,7,-1,28,move,,True,2,3,1,28,True,yes,none,none
legacy_offset64_repair32,fallback_event,event_trace,1,65,65:storage_in,65,67,28,47,12517.337770000002,0.0,12378.662229999998,100,8,-1,47,move,,True,3,3,0,47,True,yes,none,none
legacy_offset64_repair32,fallback_event,event_trace,2,66,66:storage_in,66,68,4,47,12477.43655,0.0,13282.16345,4,1,-1,17,move,,True,2,2,0,17,True,yes,none,none
legacy_offset64_repair32,fallback_event,event_trace,2,66,66:storage_in,66,68,17,47,12482.03655,0.0,13281.16345,8,2,-1,18,move,,True,2,2,0,18,True,yes,none,none
legacy_offset64_repair32,fallback_event,event_trace,2,66,66:storage_in,66,68,18,47,12484.636550000001,0.0,13280.163449999998,13,3,-1,22,move,,True,1,2,1,22,True,yes,none,none
legacy_offset64_repair32,fallback_event,event_trace,2,66,66:storage_in,66,68,22,47,12494.03655,0.0,13279.16345,40,4,-1,24,move,,True,3,3,0,26,False,yes,none,none
legacy_offset64_repair32,fallback_event,event_trace,2,66,66:storage_in,66,68,24,47,12505.43655,0.0,13278.16345,69,5,-1,27,move,,True,2,2,0,,False,yes,none,none
legacy_offset64_repair32,fallback_event,event_trace,2,66,66:storage_in,66,68,27,47,12508.03655,0.0,13277.16345,75,6,-1,27,hold,,True,1,3,2,,False,yes,none,none
legacy_offset64_repair32,fallback_event,event_trace,2,66,66:storage_in,66,68,27,47,12509.03655,1.0,13276.16345,78,7,-1,27,hold,,True,1,3,2,,False,yes,none,none
legacy_offset64_repair32,fallback_event,event_trace,2,66,66:storage_in,66,68,27,47,12510.03655,2.0,13275.16345,81,8,-1,27,hold,,True,1,3,2,,False,yes,none,none
legacy_offset64_repair32,fallback_event,event_trace,2,66,66:storage_in,66,68,27,47,12511.03655,3.0,13274.16345,83,9,-1,27,none,no_safe_action,True,0,3,3,,False,yes,none,none
legacy_offset64_repair32,fallback_event,event_trace,3,67,67:storage_in,67,69,1,47,12478.58782,0.0,13879.41218,5,1,-1,7,move,,True,2,2,0,7,True,yes,none,none
legacy_offset64_repair32,fallback_event,event_trace,3,67,67:storage_in,67,69,7,47,12484.38782,0.0,13878.41218,12,2,-1,8,move,,True,2,2,0,8,True,yes,none,none
legacy_offset64_repair32,fallback_event,event_trace,3,67,67:storage_in,67,69,8,47,12486.98782,0.0,13877.41218,19,3,-1,11,move,,True,2,2,0,11,True,yes,none,none
legacy_offset64_repair32,fallback_event,event_trace,3,67,67:storage_in,67,69,11,47,12491.187820000001,0.0,13876.41218,33,4,-1,13,move,,True,3,3,0,13,True,yes,none,none
legacy_offset64_repair32,fallback_event,event_trace,3,67,67:storage_in,67,69,13,47,12503.387820000002,0.0,13875.412179999998,65,5,-1,13,hold,,True,1,2,1,23,False,yes,none,none
legacy_offset64_repair32,fallback_event,event_trace,3,67,67:storage_in,67,69,13,47,12504.387820000002,1.0,13874.412179999998,68,6,-1,23,move,,True,2,2,0,23,True,yes,none,none
legacy_offset64_repair32,fallback_event,event_trace,3,67,67:storage_in,67,69,23,47,12508.587820000002,1.0,13873.412179999998,77,7,-1,24,move,,True,2,2,0,24,True,yes,none,none
legacy_offset64_repair32,fallback_event,event_trace,3,67,67:storage_in,67,69,24,47,12511.187820000003,1.0,13872.412179999998,85,8,-1,27,move,,True,2,2,0,27,True,yes,none,none
legacy_offset64_repair32,fallback_event,event_trace,3,67,67:storage_in,67,69,27,47,12513.787820000003,1.0,13871.412179999998,92,9,-1,27,hold,,True,1,3,2,28,False,yes,none,none
legacy_offset64_repair32,fallback_event,event_trace,3,67,67:storage_in,67,69,27,47,12514.787820000003,2.0,13870.412179999998,95,10,-1,27,hold,,True,1,3,2,28,False,yes,none,none
legacy_offset64_repair32,fallback_event,event_trace,3,67,67:storage_in,67,69,27,47,12515.787820000003,3.0,13869.412179999998,98,11,-1,27,none,no_safe_action,True,0,3,3,28,False,yes,none,none
legacy_offset64_repair32,fallback_event,event_trace,4,68,68:storage_in,68,70,5,47,12480.10318,0.0,12080.29682,6,1,-1,19,move,,True,2,2,0,19,True,yes,none,none
legacy_offset64_repair32,fallback_event,event_trace,4,68,68:storage_in,68,70,19,47,12482.70318,0.0,12079.29682,10,2,-1,18,move,,True,3,3,0,18,True,yes,none,none
legacy_offset64_repair32,fallback_event,event_trace,4,68,68:storage_in,68,70,18,47,12486.50318,0.0,12078.29682,17,3,-1,18,hold,,True,1,2,1,22,False,yes,none,none
legacy_offset64_repair32,fallback_event,event_trace,4,68,68:storage_in,68,70,18,47,12487.50318,1.0,12077.29682,20,4,-1,18,hold,,True,1,2,1,22,False,yes,none,none
legacy_offset64_repair32,fallback_event,event_trace,4,68,68:storage_in,68,70,18,47,12488.50318,2.0,12076.29682,22,5,-1,18,hold,,True,1,2,1,22,False,yes,none,none
legacy_offset64_repair32,fallback_event,event_trace,4,68,68:storage_in,68,70,18,47,12489.50318,3.0,12075.29682,25,6,-1,18,hold,,True,1,2,1,22,False,yes,none,none
legacy_offset64_repair32,fallback_event,event_trace,4,68,68:storage_in,68,70,18,47,12490.50318,4.0,12074.29682,27,7,-1,18,none,no_safe_action,True,0,2,2,22,False,yes,none,none
legacy_offset64_repair32,fallback_event,event_trace,5,69,69:storage_in,69,71,3,47,12482.66742,0.0,12375.33258,9,1,-1,16,move,,True,2,2,0,16,True,yes,none,none
legacy_offset64_repair32,fallback_event,event_trace,5,69,69:storage_in,69,71,16,47,12485.26742,0.0,12374.33258,14,2,-1,17,move,,True,2,3,1,17,True,yes,none,none
legacy_offset64_repair32,fallback_event,event_trace,5,69,69:storage_in,69,71,17,47,12489.86742,0.0,12373.33258,26,3,-1,18,move,,True,1,2,1,18,True,yes,none,none
legacy_offset64_repair32,fallback_event,event_trace,5,69,69:storage_in,69,71,18,47,12492.46742,0.0,12372.332579999998,36,4,-1,18,none,no_safe_action,True,0,2,2,22,False,yes,none,none
legacy_offset64_repair32,fallback_event,event_trace,6,70,70:storage_in,70,72,2,47,12484.10648,0.0,10872.29352,11,1,-1,9,move,,True,2,2,0,9,True,yes,none,none
legacy_offset64_repair32,fallback_event,event_trace,6,70,70:storage_in,70,72,9,47,12488.70648,0.0,10871.29352,23,2,-1,7,move,,True,3,3,0,7,True,yes,none,none
legacy_offset64_repair32,fallback_event,event_trace,6,70,70:storage_in,70,72,7,47,12492.50648,0.0,10870.29352,37,3,-1,8,move,,True,2,2,0,8,True,yes,none,none
legacy_offset64_repair32,fallback_event,event_trace,6,70,70:storage_in,70,72,8,47,12495.10648,0.0,10869.29352,42,4,-1,11,move,,True,2,2,0,11,True,yes,none,none
legacy_offset64_repair32,fallback_event,event_trace,6,70,70:storage_in,70,72,11,47,12499.306480000001,0.0,10868.29352,53,5,-1,14,move,,True,2,3,1,14,True,yes,none,none
legacy_offset64_repair32,fallback_event,event_trace,6,70,70:storage_in,70,72,14,47,12513.10648,0.0,10845.29352,91,6,-1,46,move,,True,2,2,0,46,True,yes,none,none
legacy_offset64_repair32,fallback_event,event_trace,6,70,70:storage_in,70,72,46,47,12515.70648,0.0,10844.29352,97,7,-1,36,move,,True,2,3,1,36,True,yes,none,none
legacy_offset64_repair32,fallback_event,event_trace,6,70,70:storage_in,70,72,36,47,12531.50648,0.0,10843.29352,120,8,-1,38,move,,True,2,3,1,38,True,yes,none,none
legacy_offset64_repair32,fallback_event,event_trace,6,70,70:storage_in,70,72,38,47,12545.30648,0.0,10842.293520000001,122,9,-1,39,move,,True,2,3,1,39,True,yes,none,none
legacy_offset64_repair32,fallback_event,event_trace,6,70,70:storage_in,70,72,39,47,12554.706479999999,0.0,10841.293520000001,124,10,-1,47,move,,True,3,3,0,47,True,yes,none,none
legacy_offset64_repair32,fallback_event,event_trace,7,71,71:storage_in,71,73,4,47,12485.3062,0.0,13274.2938,15,1,-1,4,hold,,True,1,2,1,17,False,yes,none,none
legacy_offset64_repair32,fallback_event,event_trace,7,71,71:storage_in,71,73,4,47,12486.3062,1.0,13273.2938,16,2,-1,17,move,,True,2,2,0,17,True,yes,none,none
legacy_offset64_repair32,fallback_event,event_trace,7,71,71:storage_in,71,73,17,47,12490.906200000001,1.0,13272.2938,31,3,-1,17,hold,,True,1,2,1,18,False,yes,none,none
legacy_offset64_repair32,fallback_event,event_trace,7,71,71:storage_in,71,73,17,47,12491.906200000001,2.0,13271.2938,34,4,-1,17,hold,,True,1,2,1,18,False,yes,none,none
legacy_offset64_repair32,fallback_event,event_trace,7,71,71:storage_in,71,73,17,47,12492.906200000001,3.0,13270.2938,38,5,-1,18,move,,True,2,2,0,18,True,yes,none,none
legacy_offset64_repair32,fallback_event,event_trace,7,71,71:storage_in,71,73,18,47,12495.506200000002,3.0,13269.293799999998,44,6,-1,18,hold,,True,1,2,1,22,False,yes,none,none
legacy_offset64_repair32,fallback_event,event_trace,7,71,71:storage_in,71,73,18,47,12496.506200000002,4.0,13268.293799999998,46,7,-1,18,hold,,True,1,2,1,22,False,yes,none,none
legacy_offset64_repair32,fallback_event,event_trace,7,71,71:storage_in,71,73,18,47,12497.506200000002,5.0,13267.293799999998,48,8,-1,18,hold,,True,1,2,1,22,False,yes,none,none
legacy_offset64_repair32,fallback_event,event_trace,7,71,71:storage_in,71,73,18,47,12498.506200000002,6.0,13266.293799999998,51,9,-1,18,hold,,True,1,2,1,22,False,yes,none,none
legacy_offset64_repair32,fallback_event,event_trace,7,71,71:storage_in,71,73,18,47,12499.506200000002,7.0,13265.293799999998,54,10,-1,18,none,no_safe_action,True,0,2,2,22,False,yes,none,none
legacy_offset64_repair32,fallback_event,event_trace,8,72,72:storage_in,72,74,0,47,12486.60448,0.0,10874.99552,18,1,-1,6,move,,True,2,2,0,6,True,yes,none,none
legacy_offset64_repair32,fallback_event,event_trace,8,72,72:storage_in,72,74,6,47,12490.80448,0.0,10873.995519999999,30,2,-1,12,move,,True,3,3,0,12,True,yes,none,none
legacy_offset64_repair32,fallback_event,event_trace,8,72,72:storage_in,72,74,12,47,12501.80448,0.0,10872.995519999999,60,3,-1,13,move,,True,2,2,0,13,True,yes,none,none
legacy_offset64_repair32,fallback_event,event_trace,8,72,72:storage_in,72,74,13,47,12506.80448,0.0,10871.995519999999,71,4,-1,13,hold,,True,1,2,1,23,False,yes,none,none
legacy_offset64_repair32,fallback_event,event_trace,8,72,72:storage_in,72,74,13,47,12507.80448,1.0,10870.995519999999,74,5,-1,23,move,,True,2,2,0,23,True,yes,none,none
legacy_offset64_repair32,fallback_event,event_trace,8,72,72:storage_in,72,74,23,47,12512.004480000001,1.0,10869.995519999999,87,6,-1,24,move,,True,2,2,0,24,True,yes,none,none
legacy_offset64_repair32,fallback_event,event_trace,8,72,72:storage_in,72,74,24,47,12514.604480000002,1.0,10868.995519999999,94,7,-1,27,move,,True,2,2,0,27,True,yes,none,none
legacy_offset64_repair32,fallback_event,event_trace,8,72,72:storage_in,72,74,27,47,12517.204480000002,1.0,10867.995519999999,99,8,-1,28,move,,True,2,3,1,28,True,yes,none,none
legacy_offset64_repair32,fallback_event,event_trace,8,72,72:storage_in,72,74,28,47,12529.004480000001,1.0,10866.995519999999,117,9,-1,47,move,,True,3,3,0,47,True,yes,none,none
legacy_offset64_repair32,fallback_event,event_trace,9,73,73:storage_in,73,75,5,47,12487.97299,0.0,9672.42701,21,1,-1,19,move,,True,2,2,0,19,True,yes,none,none
legacy_offset64_repair32,fallback_event,event_trace,9,73,73:storage_in,73,75,19,47,12490.57299,0.0,9671.42701,28,2,-1,18,move,,True,3,3,0,18,True,yes,none,none
legacy_offset64_repair32,fallback_event,event_trace,9,73,73:storage_in,73,75,18,47,12494.37299,0.0,9670.42701,41,3,-1,22,move,,True,1,2,1,22,True,yes,none,none
legacy_offset64_repair32,fallback_event,event_trace,9,73,73:storage_in,73,75,22,47,12503.77299,0.0,9669.427010000001,67,4,-1,26,move,,True,2,3,1,24,False,yes,none,none
legacy_offset64_repair32,fallback_event,event_trace,9,73,73:storage_in,73,75,26,47,12511.572989999999,0.0,9640.427010000001,86,5,-1,43,move,,True,2,2,0,,False,yes,none,none
legacy_offset64_repair32,fallback_event,event_trace,9,73,73:storage_in,73,75,43,47,12514.17299,0.0,9639.427010000001,93,6,-1,15,move,,True,2,2,0,,False,yes,none,none
legacy_offset64_repair32,fallback_event,event_trace,9,73,73:storage_in,73,75,15,47,12518.37299,0.0,9638.42701,101,7,-1,14,move,,True,2,2,0,,False,yes,none,none
legacy_offset64_repair32,fallback_event,event_trace,9,73,73:storage_in,73,75,14,47,12520.97299,0.0,9637.42701,103,8,-1,46,move,,True,2,2,0,,False,yes,none,none
legacy_offset64_repair32,fallback_event,event_trace,9,73,73:storage_in,73,75,46,47,12523.57299,0.0,9636.42701,105,9,-1,46,hold,,True,1,3,2,,False,yes,none,none
legacy_offset64_repair32,fallback_event,event_trace,9,73,73:storage_in,73,75,46,47,12524.57299,1.0,9635.42701,107,10,-1,46,hold,,True,1,3,2,,False,yes,none,none
legacy_offset64_repair32,fallback_event,event_trace,9,73,73:storage_in,73,75,46,47,12525.57299,2.0,9634.42701,109,11,-1,46,hold,,True,1,3,2,,False,yes,none,none
legacy_offset64_repair32,fallback_event,event_trace,9,73,73:storage_in,73,75,46,47,12526.57299,3.0,9633.42701,112,12,-1,46,none,no_safe_action,True,0,3,3,,False,yes,none,none
legacy_offset64_repair32,fallback_event,event_trace,10,74,74:storage_in,74,76,1,47,12489.43982,0.0,12068.56018,24,1,-1,7,move,,True,2,2,0,7,True,yes,none,none
legacy_offset64_repair32,fallback_event,event_trace,10,74,74:storage_in,74,76,7,47,12495.239819999999,0.0,12067.56018,43,2,-1,8,move,,True,2,2,0,8,True,yes,none,none
legacy_offset64_repair32,fallback_event,event_trace,10,74,74:storage_in,74,76,8,47,12497.83982,0.0,12066.56018,49,3,-1,8,hold,,True,1,2,1,11,False,yes,none,none
legacy_offset64_repair32,fallback_event,event_trace,10,74,74:storage_in,74,76,8,47,12498.83982,1.0,12065.56018,52,4,-1,11,move,,True,2,2,0,11,True,yes,none,none
legacy_offset64_repair32,fallback_event,event_trace,10,74,74:storage_in,74,76,11,47,12503.03982,1.0,12064.56018,64,5,-1,13,move,,True,2,3,1,14,False,yes,none,none
legacy_offset64_repair32,fallback_event,event_trace,10,74,74:storage_in,74,76,13,47,12515.23982,1.0,12063.560179999999,96,6,-1,23,move,,True,2,2,0,,False,yes,none,none
legacy_offset64_repair32,fallback_event,event_trace,10,74,74:storage_in,74,76,23,47,12519.439820000001,1.0,12062.560179999999,102,7,-1,24,move,,True,2,2,0,,False,yes,none,none
legacy_offset64_repair32,fallback_event,event_trace,10,74,74:storage_in,74,76,24,47,12522.039820000002,1.0,12061.560179999999,104,8,-1,27,move,,True,2,2,0,,False,yes,none,none
legacy_offset64_repair32,fallback_event,event_trace,10,74,74:storage_in,74,76,27,47,12524.639820000002,1.0,12060.560179999999,108,9,-1,27,hold,,True,1,3,2,,False,yes,none,none
legacy_offset64_repair32,fallback_event,event_trace,10,74,74:storage_in,74,76,27,47,12525.639820000002,2.0,12059.560179999999,110,10,-1,27,none,no_safe_action,True,0,3,3,,False,yes,none,none
legacy_offset64_repair32,fallback_event,event_trace,11,75,75:storage_in,75,77,3,47,12490.77417,0.0,10867.22583,29,1,-1,16,move,,True,2,2,0,16,True,yes,none,none
legacy_offset64_repair32,fallback_event,event_trace,11,75,75:storage_in,75,77,16,47,12493.374170000001,0.0,10866.22583,39,2,-1,17,move,,True,2,3,1,17,True,yes,none,none
legacy_offset64_repair32,fallback_event,event_trace,11,75,75:storage_in,75,77,17,47,12497.974170000001,0.0,10865.22583,50,3,-1,18,move,,True,2,2,0,18,True,yes,none,none
legacy_offset64_repair32,fallback_event,event_trace,11,75,75:storage_in,75,77,18,47,12500.574170000002,0.0,10864.225829999998,57,4,-1,18,hold,,True,1,2,1,22,False,yes,none,none
legacy_offset64_repair32,fallback_event,event_trace,11,75,75:storage_in,75,77,18,47,12501.574170000002,1.0,10863.225829999998,59,5,-1,18,hold,,True,1,2,1,22,False,yes,none,none
legacy_offset64_repair32,fallback_event,event_trace,11,75,75:storage_in,75,77,18,47,12502.574170000002,2.0,10862.225829999998,61,6,-1,18,hold,,True,1,2,1,22,False,yes,none,none
legacy_offset64_repair32,fallback_event,event_trace,11,75,75:storage_in,75,77,18,47,12503.574170000002,3.0,10861.225829999998,66,7,-1,22,move,,True,2,2,0,22,True,yes,none,none
legacy_offset64_repair32,fallback_event,event_trace,11,75,75:storage_in,75,77,22,47,12512.974170000001,3.0,10860.22583,90,8,-1,24,move,,True,3,3,0,24,True,yes,none,none
legacy_offset64_repair32,fallback_event,event_trace,11,75,75:storage_in,75,77,24,47,12524.374170000001,3.0,10859.22583,106,9,-1,27,move,,True,2,2,0,27,True,yes,none,none
legacy_offset64_repair32,fallback_event,event_trace,11,75,75:storage_in,75,77,27,47,12526.974170000001,3.0,10858.22583,113,10,-1,27,hold,,True,1,3,2,28,False,yes,none,none
legacy_offset64_repair32,fallback_event,event_trace,11,75,75:storage_in,75,77,27,47,12527.974170000001,4.0,10857.22583,114,11,-1,27,hold,,True,1,3,2,28,False,yes,none,none
legacy_offset64_repair32,fallback_event,event_trace,11,75,75:storage_in,75,77,27,47,12528.974170000001,5.0,10856.22583,116,12,-1,28,move,,True,2,3,1,28,True,yes,none,none
legacy_offset64_repair32,fallback_event,event_trace,11,75,75:storage_in,75,77,28,47,12540.77417,5.0,10855.22583,121,13,-1,47,move,,True,3,3,0,47,True,yes,none,none
legacy_offset64_repair32,fallback_event,event_trace,12,76,76:storage_in,76,78,2,47,12491.92141,0.0,12064.478589999999,35,1,-1,9,move,,True,2,2,0,9,True,yes,none,none
legacy_offset64_repair32,fallback_event,event_trace,12,76,76:storage_in,76,78,9,47,12496.521410000001,0.0,12063.478589999999,47,2,-1,7,move,,True,3,3,0,7,True,yes,none,none
legacy_offset64_repair32,fallback_event,event_trace,12,76,76:storage_in,76,78,7,47,12500.32141,0.0,12062.478589999999,55,3,-1,8,move,,True,2,2,0,8,True,yes,none,none
legacy_offset64_repair32,fallback_event,event_trace,12,76,76:storage_in,76,78,8,47,12502.92141,0.0,12061.478589999999,62,4,-1,11,move,,True,2,2,0,11,True,yes,none,none
legacy_offset64_repair32,fallback_event,event_trace,12,76,76:storage_in,76,78,11,47,12507.121410000002,0.0,12060.478589999999,73,5,-1,11,hold,,True,1,3,2,13,False,yes,none,none
legacy_offset64_repair32,fallback_event,event_trace,12,76,76:storage_in,76,78,11,47,12508.121410000002,1.0,12059.478589999999,76,6,-1,11,hold,,True,1,3,2,13,False,yes,none,none
legacy_offset64_repair32,fallback_event,event_trace,12,76,76:storage_in,76,78,11,47,12509.121410000002,2.0,12058.478589999999,79,7,-1,11,hold,,True,1,3,2,13,False,yes,none,none
legacy_offset64_repair32,fallback_event,event_trace,12,76,76:storage_in,76,78,11,47,12510.121410000002,3.0,12057.478589999999,82,8,-1,11,hold,,True,1,3,2,13,False,yes,none,none
legacy_offset64_repair32,fallback_event,event_trace,12,76,76:storage_in,76,78,11,47,12511.121410000002,4.0,12056.478589999999,84,9,-1,11,hold,,True,1,3,2,13,False,yes,none,none
legacy_offset64_repair32,fallback_event,event_trace,12,76,76:storage_in,76,78,11,47,12512.121410000002,5.0,12055.478589999999,89,10,-1,14,move,,True,2,3,1,13,False,yes,none,none
legacy_offset64_repair32,fallback_event,event_trace,12,76,76:storage_in,76,78,14,47,12525.92141,5.0,12032.478589999999,111,11,-1,46,move,,True,2,2,0,,False,yes,none,none
legacy_offset64_repair32,fallback_event,event_trace,12,76,76:storage_in,76,78,46,47,12528.521410000001,5.0,12031.478589999999,115,12,-1,46,hold,,True,1,3,2,,False,yes,none,none
legacy_offset64_repair32,fallback_event,event_trace,12,76,76:storage_in,76,78,46,47,12529.521410000001,6.0,12030.478589999999,118,13,-1,46,hold,,True,1,3,2,,False,yes,none,none
legacy_offset64_repair32,fallback_event,event_trace,12,76,76:storage_in,76,78,46,47,12530.521410000001,7.0,12029.478589999999,119,14,-1,36,move,,True,2,3,1,,False,yes,none,none
legacy_offset64_repair32,fallback_event,event_trace,12,76,76:storage_in,76,78,36,47,12546.32141,7.0,12028.478589999999,123,15,-1,38,move,,True,2,3,1,,False,yes,none,none
legacy_offset64_repair32,fallback_event,event_trace,12,76,76:storage_in,76,78,38,47,12560.12141,7.0,12027.47859,125,16,-1,39,move,,True,2,3,1,,False,yes,none,none
legacy_offset64_repair32,fallback_event,event_trace,12,76,76:storage_in,76,78,39,47,12569.52141,7.0,12026.47859,126,17,-1,47,move,,True,3,3,0,,False,yes,none,none
legacy_offset64_repair32,fallback_event,event_trace,13,77,77:storage_in,77,79,3,47,12620.00081,0.0,11937.99919,127,1,-1,16,move,,True,2,2,0,16,True,yes,none,none
legacy_offset64_repair32,fallback_event,event_trace,13,77,77:storage_in,77,79,16,47,12622.60081,0.0,11936.99919,128,2,-1,21,move,,True,3,3,0,17,False,yes,none,none
legacy_offset64_repair32,fallback_event,event_trace,13,77,77:storage_in,77,79,21,47,12646.40081,0.0,11930.799190000002,129,3,-1,23,move,,True,2,2,0,,False,yes,none,none
legacy_offset64_repair32,fallback_event,event_trace,13,77,77:storage_in,77,79,23,47,12652.200809999998,0.0,11929.799190000002,130,4,-1,24,move,,True,2,2,0,,False,yes,none,none
legacy_offset64_repair32,fallback_event,event_trace,13,77,77:storage_in,77,79,24,47,12654.800809999999,0.0,11928.799190000002,131,5,-1,27,move,,True,2,2,0,27,True,yes,none,none
legacy_offset64_repair32,fallback_event,event_trace,13,77,77:storage_in,77,79,27,47,12657.40081,0.0,11927.799190000002,132,6,-1,28,move,,True,2,3,1,28,True,yes,none,none
legacy_offset64_repair32,fallback_event,event_trace,13,77,77:storage_in,77,79,28,47,12669.200809999998,0.0,11926.799190000002,133,7,-1,47,move,,True,3,3,0,47,True,yes,none,none
legacy_offset64_repair32,fallback_event,event_trace,14,78,78:storage_in,78,80,2,47,13047.64994,0.0,10908.75006,134,1,-1,9,move,,True,2,2,0,9,True,yes,none,none
legacy_offset64_repair32,fallback_event,event_trace,14,78,78:storage_in,78,80,9,47,13052.24994,0.0,10907.75006,138,2,-1,7,move,,True,3,3,0,7,True,yes,none,none
legacy_offset64_repair32,fallback_event,event_trace,14,78,78:storage_in,78,80,7,47,13056.049939999999,0.0,10906.75006,142,3,-1,8,move,,True,2,2,0,8,True,yes,none,none
legacy_offset64_repair32,fallback_event,event_trace,14,78,78:storage_in,78,80,8,47,13058.64994,0.0,10905.75006,147,4,-1,11,move,,True,2,2,0,11,True,yes,none,none
legacy_offset64_repair32,fallback_event,event_trace,14,78,78:storage_in,78,80,11,47,13062.84994,0.0,10904.75006,158,5,-1,13,move,,True,3,3,0,14,False,yes,none,none
legacy_offset64_repair32,fallback_event,event_trace,14,78,78:storage_in,78,80,13,47,13075.04994,0.0,10903.750059999998,198,6,-1,23,move,,True,2,2,0,,False,yes,none,none
legacy_offset64_repair32,fallback_event,event_trace,14,78,78:storage_in,78,80,23,47,13079.249940000002,0.0,10902.750059999998,212,7,-1,24,move,,True,2,2,0,,False,yes,none,none
legacy_offset64_repair32,fallback_event,event_trace,14,78,78:storage_in,78,80,24,47,13081.849940000002,0.0,10901.750059999998,221,8,-1,27,move,,True,2,2,0,,False,yes,none,none
legacy_offset64_repair32,fallback_event,event_trace,14,78,78:storage_in,78,80,27,47,13084.449940000002,0.0,10900.750059999998,232,9,-1,27,hold,,True,1,3,2,,False,yes,none,none
legacy_offset64_repair32,fallback_event,event_trace,14,78,78:storage_in,78,80,27,47,13085.449940000002,1.0,10899.750059999998,235,10,-1,27,hold,,True,1,3,2,,False,yes,none,none
legacy_offset64_repair32,fallback_event,event_trace,14,78,78:storage_in,78,80,27,47,13086.449940000002,2.0,10898.750059999998,237,11,-1,27,hold,,True,1,3,2,,False,yes,none,none
legacy_offset64_repair32,fallback_event,event_trace,14,78,78:storage_in,78,80,27,47,13087.449940000002,3.0,10897.750059999998,240,12,-1,27,hold,,True,1,3,2,,False,yes,none,none
legacy_offset64_repair32,fallback_event,event_trace,14,78,78:storage_in,78,80,27,47,13088.449940000002,4.0,10896.750059999998,242,13,-1,27,hold,,True,1,3,2,,False,yes,none,none
legacy_offset64_repair32,fallback_event,event_trace,14,78,78:storage_in,78,80,27,47,13089.449940000002,5.0,10895.750059999998,245,14,-1,27,hold,,True,1,3,2,,False,yes,none,none
legacy_offset64_repair32,fallback_event,event_trace,14,78,78:storage_in,78,80,27,47,13090.449940000002,6.0,10894.750059999998,247,15,-1,27,hold,,True,1,3,2,,False,yes,none,none
legacy_offset64_repair32,fallback_event,event_trace,14,78,78:storage_in,78,80,27,47,13091.449940000002,7.0,10893.750059999998,249,16,-1,28,move,,True,2,3,1,,False,yes,none,none
legacy_offset64_repair32,fallback_event,event_trace,14,78,78:storage_in,78,80,28,47,13103.249940000002,7.0,10892.750059999998,286,17,-1,47,move,,True,3,3,0,,False,yes,none,none
legacy_offset64_repair32,fallback_event,event_trace,15,79,79:storage_in,79,81,4,47,13049.28215,0.0,13310.317850000001,135,1,-1,17,move,,True,2,2,0,17,True,yes,none,none
legacy_offset64_repair32,fallback_event,event_trace,15,79,79:storage_in,79,81,17,47,13053.88215,0.0,13309.317850000001,139,2,-1,18,move,,True,2,2,0,18,True,yes,none,none
legacy_offset64_repair32,fallback_event,event_trace,15,79,79:storage_in,79,81,18,47,13056.48215,0.0,13308.31785,143,3,-1,22,move,,True,1,2,1,22,True,yes,none,none
legacy_offset64_repair32,fallback_event,event_trace,15,79,79:storage_in,79,81,22,47,13065.88215,0.0,13307.317850000001,167,4,-1,24,move,,True,3,3,0,24,True,yes,none,none
legacy_offset64_repair32,fallback_event,event_trace,15,79,79:storage_in,79,81,24,47,13077.28215,0.0,13306.317850000001,204,5,-1,27,move,,True,1,2,1,27,True,yes,none,none
legacy_offset64_repair32,fallback_event,event_trace,15,79,79:storage_in,79,81,27,47,13079.88215,0.0,13305.317850000001,213,6,-1,28,move,,True,1,3,2,28,True,yes,none,none
legacy_offset64_repair32,fallback_event,event_trace,15,79,79:storage_in,79,81,28,47,13091.682149999999,0.0,13304.317850000001,250,7,-1,47,move,,True,3,3,0,47,True,yes,none,none
legacy_offset64_repair32,fallback_event,event_trace,16,80,80:storage_in,80,82,0,47,13050.16178,0.0,13311.43822,136,1,-1,6,move,,True,2,2,0,6,True,yes,none,none
legacy_offset64_repair32,fallback_event,event_trace,16,80,80:storage_in,80,82,6,47,13054.361780000001,0.0,13310.438219999998,140,2,-1,12,move,,True,3,3,0,8,False,yes,none,none
legacy_offset64_repair32,fallback_event,event_trace,16,80,80:storage_in,80,82,12,47,13065.361780000001,0.0,13309.438219999998,164,3,-1,13,move,,True,2,2,0,,False,yes,none,none
legacy_offset64_repair32,fallback_event,event_trace,16,80,80:storage_in,80,82,13,47,13070.361780000001,0.0,13308.438219999998,180,4,-1,23,move,,True,2,2,0,,False,yes,none,none
legacy_offset64_repair32,fallback_event,event_trace,16,80,80:storage_in,80,82,23,47,13074.561780000002,0.0,13307.438219999998,195,5,-1,23,hold,,True,1,2,1,,False,yes,none,none
legacy_offset64_repair32,fallback_event,event_trace,16,80,80:storage_in,80,82,23,47,13075.561780000002,1.0,13306.438219999998,199,6,-1,23,hold,,True,1,2,1,,False,yes,none,none
legacy_offset64_repair32,fallback_event,event_trace,16,80,80:storage_in,80,82,23,47,13076.561780000002,2.0,13305.438219999998,202,7,-1,24,move,,True,2,2,0,,False,yes,none,none
legacy_offset64_repair32,fallback_event,event_trace,16,80,80:storage_in,80,82,24,47,13079.161780000002,2.0,13304.438219999998,211,8,-1,27,move,,True,2,2,0,,False,yes,none,none
legacy_offset64_repair32,fallback_event,event_trace,16,80,80:storage_in,80,82,27,47,13081.761780000003,2.0,13303.438219999998,220,9,-1,27,hold,,True,1,3,2,,False,yes,none,none
legacy_offset64_repair32,fallback_event,event_trace,16,80,80:storage_in,80,82,27,47,13082.761780000003,3.0,13302.438219999998,224,10,-1,27,none,no_safe_action,True,0,3,3,,False,yes,none,none
legacy_offset64_repair32,fallback_event,event_trace,17,81,81:storage_in,81,83,5,47,13051.84528,0.0,13308.55472,137,1,-1,19,move,,True,2,2,0,19,True,yes,none,none
legacy_offset64_repair32,fallback_event,event_trace,17,81,81:storage_in,81,83,19,47,13054.44528,0.0,13307.55472,141,2,-1,18,move,,True,3,3,0,18,True,yes,none,none
legacy_offset64_repair32,fallback_event,event_trace,17,81,81:storage_in,81,83,18,47,13058.24528,0.0,13306.55472,146,3,-1,18,hold,,True,1,2,1,22,False,yes,none,none
legacy_offset64_repair32,fallback_event,event_trace,17,81,81:storage_in,81,83,18,47,13059.24528,1.0,13305.55472,148,4,-1,18,hold,,True,1,2,1,22,False,yes,none,none
legacy_offset64_repair32,fallback_event,event_trace,17,81,81:storage_in,81,83,18,47,13060.24528,2.0,13304.55472,152,5,-1,18,hold,,True,1,2,1,22,False,yes,none,none
legacy_offset64_repair32,fallback_event,event_trace,17,81,81:storage_in,81,83,18,47,13061.24528,3.0,13303.55472,154,6,-1,18,hold,,True,1,2,1,22,False,yes,none,none
legacy_offset64_repair32,fallback_event,event_trace,17,81,81:storage_in,81,83,18,47,13062.24528,4.0,13302.55472,156,7,-1,18,hold,,True,1,2,1,22,False,yes,none,none
legacy_offset64_repair32,fallback_event,event_trace,17,81,81:storage_in,81,83,18,47,13063.24528,5.0,13301.55472,159,8,-1,18,none,no_safe_action,True,0,2,2,22,False,yes,none,none
legacy_offset64_repair32,fallback_event,event_trace,18,82,82:storage_in,82,84,4,47,13057.05944,0.0,11502.54056,144,1,-1,17,move,,True,2,2,0,17,True,yes,none,none
legacy_offset64_repair32,fallback_event,event_trace,18,82,82:storage_in,82,84,17,47,13061.659440000001,0.0,11501.54056,155,2,-1,18,move,,True,2,2,0,18,True,yes,none,none
legacy_offset64_repair32,fallback_event,event_trace,18,82,82:storage_in,82,84,18,47,13064.259440000002,0.0,11500.540559999998,160,3,-1,18,hold,,True,1,2,1,22,False,yes,none,none
legacy_offset64_repair32,fallback_event,event_trace,18,82,82:storage_in,82,84,18,47,13065.259440000002,1.0,11499.540559999998,163,4,-1,22,move,,True,2,2,0,22,True,yes,none,none
legacy_offset64_repair32,fallback_event,event_trace,18,82,82:storage_in,82,84,22,47,13074.659440000001,1.0,11498.54056,196,5,-1,26,move,,True,2,3,1,24,False,yes,none,none
legacy_offset64_repair32,fallback_event,event_trace,18,82,82:storage_in,82,84,26,47,13082.45944,1.0,11469.54056,222,6,-1,43,move,,True,2,2,0,,False,yes,none,none
legacy_offset64_repair32,fallback_event,event_trace,18,82,82:storage_in,82,84,43,47,13085.05944,1.0,11468.54056,233,7,-1,15,move,,True,2,2,0,,False,yes,none,none
legacy_offset64_repair32,fallback_event,event_trace,18,82,82:storage_in,82,84,15,47,13089.259440000002,1.0,11467.540559999998,244,8,-1,14,move,,True,2,2,0,,False,yes,none,none
legacy_offset64_repair32,fallback_event,event_trace,18,82,82:storage_in,82,84,14,47,13091.859440000002,1.0,11466.540559999998,251,9,-1,46,move,,True,2,2,0,,False,yes,none,none
legacy_offset64_repair32,fallback_event,event_trace,18,82,82:storage_in,82,84,46,47,13094.459440000002,1.0,11465.540559999998,260,10,-1,46,hold,,True,1,3,2,,False,yes,none,none
legacy_offset64_repair32,fallback_event,event_trace,18,82,82:storage_in,82,84,46,47,13095.459440000002,2.0,11464.540559999998,262,11,-1,46,hold,,True,1,3,2,,False,yes,none,none
legacy_offset64_repair32,fallback_event,event_trace,18,82,82:storage_in,82,84,46,47,13096.459440000002,3.0,11463.540559999998,265,12,-1,46,hold,,True,1,3,2,,False,yes,none,none
legacy_offset64_repair32,fallback_event,event_trace,18,82,82:storage_in,82,84,46,47,13097.459440000002,4.0,11462.540559999998,269,13,-1,46,hold,,True,1,3,2,,False,yes,none,none
legacy_offset64_repair32,fallback_event,event_trace,18,82,82:storage_in,82,84,46,47,13098.459440000002,5.0,11461.540559999998,272,14,-1,46,hold,,True,1,3,2,,False,yes,none,none
legacy_offset64_repair32,fallback_event,event_trace,18,82,82:storage_in,82,84,46,47,13099.459440000002,6.0,11460.540559999998,275,15,-1,46,hold,,True,1,3,2,,False,yes,none,none
legacy_offset64_repair32,fallback_event,event_trace,18,82,82:storage_in,82,84,46,47,13100.459440000002,7.0,11459.540559999998,278,16,-1,46,hold,,True,1,3,2,,False,yes,none,none
legacy_offset64_repair32,fallback_event,event_trace,18,82,82:storage_in,82,84,46,47,13101.459440000002,8.0,11458.540559999998,281,17,-1,46,none,no_safe_action,True,0,3,3,,False,yes,none,none
legacy_offset64_repair32,fallback_event,event_trace,19,83,83:storage_in,83,85,3,47,13057.28828,0.0,9100.71172,145,1,-1,16,move,,True,2,2,0,16,True,yes,none,none
legacy_offset64_repair32,fallback_event,event_trace,19,83,83:storage_in,83,85,16,47,13059.888280000001,0.0,9099.71172,150,2,-1,21,move,,True,3,3,0,17,False,yes,none,none
legacy_offset64_repair32,fallback_event,event_trace,19,83,83:storage_in,83,85,21,47,13083.68828,0.0,9093.51172,227,3,-1,23,move,,True,2,2,0,,False,yes,none,none
legacy_offset64_repair32,fallback_event,event_trace,19,83,83:storage_in,83,85,23,47,13089.48828,0.0,9092.51172,246,4,-1,24,move,,True,2,2,0,,False,yes,none,none
legacy_offset64_repair32,fallback_event,event_trace,19,83,83:storage_in,83,85,24,47,13092.08828,0.0,9091.51172,252,5,-1,27,move,,True,2,2,0,27,True,yes,none,none
legacy_offset64_repair32,fallback_event,event_trace,19,83,83:storage_in,83,85,27,47,13094.68828,0.0,9090.51172,261,6,-1,27,hold,,True,1,3,2,28,False,yes,none,none
legacy_offset64_repair32,fallback_event,event_trace,19,83,83:storage_in,83,85,27,47,13095.68828,1.0,9089.51172,263,7,-1,27,hold,,True,1,3,2,28,False,yes,none,none
legacy_offset64_repair32,fallback_event,event_trace,19,83,83:storage_in,83,85,27,47,13096.68828,2.0,9088.51172,266,8,-1,27,none,no_safe_action,True,0,3,3,28,False,yes,none,none
legacy_offset64_repair32,fallback_event,event_trace,20,84,84:storage_in,84,86,4,47,13059.8454,0.0,10899.7546,149,1,-1,4,hold,,True,1,2,1,17,False,yes,none,none
legacy_offset64_repair32,fallback_event,event_trace,20,84,84:storage_in,84,86,4,47,13060.8454,1.0,10898.7546,153,2,-1,17,move,,True,2,2,0,17,True,yes,none,none
legacy_offset64_repair32,fallback_event,event_trace,20,84,84:storage_in,84,86,17,47,13065.4454,1.0,10897.7546,166,3,-1,17,hold,,True,1,2,1,18,False,yes,none,none
legacy_offset64_repair32,fallback_event,event_trace,20,84,84:storage_in,84,86,17,47,13066.4454,2.0,10896.7546,169,4,-1,17,hold,,True,1,2,1,18,False,yes,none,none
legacy_offset64_repair32,fallback_event,event_trace,20,84,84:storage_in,84,86,17,47,13067.4454,3.0,10895.7546,170,5,-1,18,move,,True,2,2,0,18,True,yes,none,none
legacy_offset64_repair32,fallback_event,event_trace,20,84,84:storage_in,84,86,18,47,13070.0454,3.0,10894.754599999998,179,6,-1,18,hold,,True,1,2,1,22,False,yes,none,none
legacy_offset64_repair32,fallback_event,event_trace,20,84,84:storage_in,84,86,18,47,13071.0454,4.0,10893.754599999998,182,7,-1,18,hold,,True,1,2,1,22,False,yes,none,none
legacy_offset64_repair32,fallback_event,event_trace,20,84,84:storage_in,84,86,18,47,13072.0454,5.0,10892.754599999998,185,8,-1,18,hold,,True,1,2,1,22,False,yes,none,none
legacy_offset64_repair32,fallback_event,event_trace,20,84,84:storage_in,84,86,18,47,13073.0454,6.0,10891.754599999998,190,9,-1,18,none,no_safe_action,True,0,2,2,22,False,yes,none,none
legacy_offset64_repair32,fallback_event,event_trace,21,85,85:storage_in,85,87,1,47,13060.10649,0.0,10897.89351,151,1,-1,7,move,,True,2,2,0,7,True,yes,none,none
legacy_offset64_repair32,fallback_event,event_trace,21,85,85:storage_in,85,87,7,47,13065.90649,0.0,10896.89351,168,2,-1,8,move,,True,2,2,0,8,True,yes,none,none
legacy_offset64_repair32,fallback_event,event_trace,21,85,85:storage_in,85,87,8,47,13068.50649,0.0,10895.89351,174,3,-1,11,move,,True,2,2,0,11,True,yes,none,none
legacy_offset64_repair32,fallback_event,event_trace,21,85,85:storage_in,85,87,11,47,13072.70649,0.0,10894.89351,189,4,-1,14,move,,True,2,3,1,13,False,yes,none,none
legacy_offset64_repair32,fallback_event,event_trace,21,85,85:storage_in,85,87,14,47,13086.50649,0.0,10871.89351,238,5,-1,46,move,,True,2,2,0,,False,yes,none,none
legacy_offset64_repair32,fallback_event,event_trace,21,85,85:storage_in,85,87,46,47,13089.10649,0.0,10870.89351,243,6,-1,36,move,,True,2,3,1,,False,yes,none,none
legacy_offset64_repair32,fallback_event,event_trace,21,85,85:storage_in,85,87,36,47,13104.90649,0.0,10869.89351,291,7,-1,38,move,,True,2,3,1,,False,yes,none,none
legacy_offset64_repair32,fallback_event,event_trace,21,85,85:storage_in,85,87,38,47,13118.706489999999,0.0,10868.893510000002,311,8,-1,39,move,,True,2,3,1,,False,yes,none,none
legacy_offset64_repair32,fallback_event,event_trace,21,85,85:storage_in,85,87,39,47,13128.106489999998,0.0,10867.893510000002,316,9,-1,47,move,,True,3,3,0,,False,yes,none,none
legacy_offset64_repair32,fallback_event,event_trace,22,86,86:storage_in,86,88,5,47,13062.51217,0.0,13297.88783,157,1,-1,19,move,,True,2,2,0,19,True,yes,none,none
legacy_offset64_repair32,fallback_event,event_trace,22,86,86:storage_in,86,88,19,47,13065.11217,0.0,13296.88783,161,2,-1,18,move,,True,3,3,0,25,False,yes,none,none
legacy_offset64_repair32,fallback_event,event_trace,22,86,86:storage_in,86,88,18,47,13068.91217,0.0,13295.88783,176,3,-1,18,none,no_safe_action,True,0,2,2,,False,yes,none,none
legacy_offset64_repair32,fallback_event,event_trace,23,87,87:storage_in,87,89,3,47,13065.17869,0.0,11192.82131,162,1,-1,16,move,,True,2,2,0,16,True,yes,none,none
legacy_offset64_repair32,fallback_event,event_trace,23,87,87:storage_in,87,89,16,47,13067.778690000001,0.0,11191.82131,171,2,-1,17,move,,True,2,3,1,21,False,yes,none,none
legacy_offset64_repair32,fallback_event,event_trace,23,87,87:storage_in,87,89,17,47,13072.378690000001,0.0,11190.82131,187,3,-1,18,move,,True,1,2,1,,False,yes,none,none
legacy_offset64_repair32,fallback_event,event_trace,23,87,87:storage_in,87,89,18,47,13074.978690000002,0.0,11189.821309999998,197,4,-1,22,move,,True,2,2,0,,False,yes,none,none
legacy_offset64_repair32,fallback_event,event_trace,23,87,87:storage_in,87,89,22,47,13084.378690000001,0.0,11188.82131,231,5,-1,24,move,,True,3,3,0,,False,yes,none,none
legacy_offset64_repair32,fallback_event,event_trace,23,87,87:storage_in,87,89,24,47,13095.778690000001,0.0,11187.82131,264,6,-1,27,move,,True,1,2,1,27,True,yes,none,none
legacy_offset64_repair32,fallback_event,event_trace,23,87,87:storage_in,87,89,27,47,13098.378690000001,0.0,11186.82131,271,7,-1,27,hold,,True,1,3,2,28,False,yes,none,none
legacy_offset64_repair32,fallback_event,event_trace,23,87,87:storage_in,87,89,27,47,13099.378690000001,1.0,11185.82131,274,8,-1,27,none,no_safe_action,True,0,3,3,28,False,yes,none,none
legacy_offset64_repair32,fallback_event,event_trace,24,88,88:storage_in,88,90,2,47,13065.43983,0.0,12090.96017,165,1,-1,9,move,,True,2,2,0,9,True,yes,none,none
legacy_offset64_repair32,fallback_event,event_trace,24,88,88:storage_in,88,90,9,47,13070.03983,0.0,12089.96017,178,2,-1,7,move,,True,3,3,0,10,False,yes,none,none
legacy_offset64_repair32,fallback_event,event_trace,24,88,88:storage_in,88,90,7,47,13073.839829999999,0.0,12088.96017,193,3,-1,8,move,,True,2,2,0,,False,yes,none,none
legacy_offset64_repair32,fallback_event,event_trace,24,88,88:storage_in,88,90,8,47,13076.43983,0.0,12087.96017,201,4,-1,11,move,,True,2,2,0,,False,yes,none,none
legacy_offset64_repair32,fallback_event,event_trace,24,88,88:storage_in,88,90,11,47,13080.63983,0.0,12086.96017,218,5,-1,13,move,,True,2,3,1,,False,yes,none,none
legacy_offset64_repair32,fallback_event,event_trace,24,88,88:storage_in,88,90,13,47,13092.83983,0.0,12085.960169999998,255,6,-1,23,move,,True,2,2,0,,False,yes,none,none
legacy_offset64_repair32,fallback_event,event_trace,24,88,88:storage_in,88,90,23,47,13097.039830000002,0.0,12084.960169999998,268,7,-1,24,move,,True,2,2,0,,False,yes,none,none
legacy_offset64_repair32,fallback_event,event_trace,24,88,88:storage_in,88,90,24,47,13099.639830000002,0.0,12083.960169999998,276,8,-1,27,move,,True,2,2,0,,False,yes,none,none
legacy_offset64_repair32,fallback_event,event_trace,24,88,88:storage_in,88,90,27,47,13102.239830000002,0.0,12082.960169999998,282,9,-1,27,hold,,True,1,3,2,,False,yes,none,none
legacy_offset64_repair32,fallback_event,event_trace,24,88,88:storage_in,88,90,27,47,13103.239830000002,1.0,12081.960169999998,285,10,-1,28,move,,True,2,3,1,,False,yes,none,none
legacy_offset64_repair32,fallback_event,event_trace,24,88,88:storage_in,88,90,28,47,13115.039830000002,1.0,12080.960169999998,306,11,-1,47,move,,True,3,3,0,,False,yes,none,none
legacy_offset64_repair32,fallback_event,event_trace,25,89,89:storage_in,89,91,4,47,13067.84538,0.0,9991.75462,172,1,-1,4,hold,,True,1,2,1,17,False,yes,none,none
legacy_offset64_repair32,fallback_event,event_trace,25,89,89:storage_in,89,91,4,47,13068.84538,1.0,9990.75462,175,2,-1,17,move,,True,2,2,0,17,True,yes,none,none
legacy_offset64_repair32,fallback_event,event_trace,25,89,89:storage_in,89,91,17,47,13073.445380000001,1.0,9989.75462,192,3,-1,17,hold,,True,1,2,1,18,False,yes,none,none
legacy_offset64_repair32,fallback_event,event_trace,25,89,89:storage_in,89,91,17,47,13074.445380000001,2.0,9988.75462,194,4,-1,18,move,,True,2,2,0,18,True,yes,none,none
legacy_offset64_repair32,fallback_event,event_trace,25,89,89:storage_in,89,91,18,47,13077.045380000001,2.0,9987.754619999998,203,5,-1,18,hold,,True,1,2,1,22,False,yes,none,none
legacy_offset64_repair32,fallback_event,event_trace,25,89,89:storage_in,89,91,18,47,13078.045380000001,3.0,9986.754619999998,208,6,-1,18,hold,,True,1,2,1,22,False,yes,none,none
legacy_offset64_repair32,fallback_event,event_trace,25,89,89:storage_in,89,91,18,47,13079.045380000001,4.0,9985.754619999998,210,7,-1,18,none,no_safe_action,True,0,2,2,22,False,yes,none,none
legacy_offset64_repair32,fallback_event,event_trace,26,90,90:storage_in,90,92,0,47,13067.93782,0.0,12093.662180000001,173,1,-1,6,move,,True,2,2,0,6,True,yes,none,none
legacy_offset64_repair32,fallback_event,event_trace,26,90,90:storage_in,90,92,6,47,13072.13782,0.0,12092.66218,186,2,-1,12,move,,True,3,3,0,8,False,yes,none,none
legacy_offset64_repair32,fallback_event,event_trace,26,90,90:storage_in,90,92,12,47,13083.13782,0.0,12091.66218,226,3,-1,13,move,,True,2,2,0,,False,yes,none,none
legacy_offset64_repair32,fallback_event,event_trace,26,90,90:storage_in,90,92,13,47,13088.13782,0.0,12090.66218,241,4,-1,23,move,,True,2,2,0,,False,yes,none,none
legacy_offset64_repair32,fallback_event,event_trace,26,90,90:storage_in,90,92,23,47,13092.33782,0.0,12089.66218,254,5,-1,23,hold,,True,1,2,1,,False,yes,none,none
legacy_offset64_repair32,fallback_event,event_trace,26,90,90:storage_in,90,92,23,47,13093.33782,1.0,12088.66218,257,6,-1,23,hold,,True,1,2,1,,False,yes,none,none
legacy_offset64_repair32,fallback_event,event_trace,26,90,90:storage_in,90,92,23,47,13094.33782,2.0,12087.66218,259,7,-1,24,move,,True,2,2,0,,False,yes,none,none
legacy_offset64_repair32,fallback_event,event_trace,26,90,90:storage_in,90,92,24,47,13096.937820000001,2.0,12086.66218,267,8,-1,24,hold,,True,1,2,1,,False,yes,none,none
legacy_offset64_repair32,fallback_event,event_trace,26,90,90:storage_in,90,92,24,47,13097.937820000001,3.0,12085.66218,270,9,-1,27,move,,True,1,2,1,,False,yes,none,none
legacy_offset64_repair32,fallback_event,event_trace,26,90,90:storage_in,90,92,27,47,13100.537820000001,3.0,12084.66218,279,10,-1,27,none,no_safe_action,True,0,3,3,,False,yes,none,none
legacy_offset64_repair32,fallback_event,event_trace,27,91,91:storage_in,91,93,4,47,13069.4367,0.0,12090.1633,177,1,-1,4,hold,,True,1,2,1,17,False,yes,none,none
legacy_offset64_repair32,fallback_event,event_trace,27,91,91:storage_in,91,93,4,47,13070.4367,1.0,12089.1633,181,2,-1,4,hold,,True,1,2,1,17,False,yes,none,none
legacy_offset64_repair32,fallback_event,event_trace,27,91,91:storage_in,91,93,4,47,13071.4367,2.0,12088.1633,183,3,-1,4,hold,,True,1,2,1,17,False,yes,none,none
legacy_offset64_repair32,fallback_event,event_trace,27,91,91:storage_in,91,93,4,47,13072.4367,3.0,12087.1633,188,4,-1,4,hold,,True,1,2,1,17,False,yes,none,none
legacy_offset64_repair32,fallback_event,event_trace,27,91,91:storage_in,91,93,4,47,13073.4367,4.0,12086.1633,191,5,-1,17,move,,True,2,2,0,17,True,yes,none,none
legacy_offset64_repair32,fallback_event,event_trace,27,91,91:storage_in,91,93,17,47,13078.0367,4.0,12085.1633,207,6,-1,18,move,,True,2,2,0,18,True,yes,none,none
legacy_offset64_repair32,fallback_event,event_trace,27,91,91:storage_in,91,93,18,47,13080.636700000001,4.0,12084.163299999998,217,7,-1,18,hold,,True,1,2,1,22,False,yes,none,none
legacy_offset64_repair32,fallback_event,event_trace,27,91,91:storage_in,91,93,18,47,13081.636700000001,5.0,12083.163299999998,219,8,-1,18,hold,,True,1,2,1,22,False,yes,none,none
legacy_offset64_repair32,fallback_event,event_trace,27,91,91:storage_in,91,93,18,47,13082.636700000001,6.0,12082.163299999998,223,9,-1,18,none,no_safe_action,True,0,2,2,22,False,yes,none,none
legacy_offset64_repair32,fallback_event,event_trace,28,92,92:storage_in,92,94,1,47,13071.49516,0.0,13886.50484,184,1,-1,7,move,,True,2,2,0,7,True,yes,none,none
legacy_offset64_repair32,fallback_event,event_trace,28,92,92:storage_in,92,94,7,47,13077.29516,0.0,13885.50484,205,2,-1,8,move,,True,2,2,0,8,True,yes,none,none
legacy_offset64_repair32,fallback_event,event_trace,28,92,92:storage_in,92,94,8,47,13079.89516,0.0,13884.50484,214,3,-1,11,move,,True,2,2,0,11,True,yes,none,none
legacy_offset64_repair32,fallback_event,event_trace,28,92,92:storage_in,92,94,11,47,13084.09516,0.0,13883.50484,229,4,-1,11,hold,,True,1,3,2,14,False,yes,none,none
legacy_offset64_repair32,fallback_event,event_trace,28,92,92:storage_in,92,94,11,47,13085.09516,1.0,13882.50484,234,5,-1,11,hold,,True,1,3,2,14,False,yes,none,none
legacy_offset64_repair32,fallback_event,event_trace,28,92,92:storage_in,92,94,11,47,13086.09516,2.0,13881.50484,236,6,-1,14,move,,True,2,3,1,14,True,yes,none,none
legacy_offset64_repair32,fallback_event,event_trace,28,92,92:storage_in,92,94,14,47,13099.89516,2.0,13858.50484,277,7,-1,46,move,,True,2,2,0,46,True,yes,none,none
legacy_offset64_repair32,fallback_event,event_trace,28,92,92:storage_in,92,94,46,47,13102.49516,2.0,13857.50484,283,8,-1,46,hold,,True,1,3,2,36,False,yes,none,none
legacy_offset64_repair32,fallback_event,event_trace,28,92,92:storage_in,92,94,46,47,13103.49516,3.0,13856.50484,287,9,-1,46,hold,,True,1,3,2,36,False,yes,none,none
legacy_offset64_repair32,fallback_event,event_trace,28,92,92:storage_in,92,94,46,47,13104.49516,4.0,13855.50484,290,10,-1,36,move,,True,2,3,1,36,True,yes,none,none
legacy_offset64_repair32,fallback_event,event_trace,28,92,92:storage_in,92,94,36,47,13120.29516,4.0,13854.50484,314,11,-1,38,move,,True,2,3,1,38,True,yes,none,none
legacy_offset64_repair32,fallback_event,event_trace,28,92,92:storage_in,92,94,38,47,13134.095159999999,4.0,13853.504840000001,317,12,-1,39,move,,True,2,3,1,39,True,yes,none,none
legacy_offset64_repair32,fallback_event,event_trace,28,92,92:storage_in,92,94,39,47,13143.495159999999,4.0,13852.504840000001,319,13,-1,47,move,,True,3,3,0,47,True,yes,none,none
legacy_offset64_repair32,fallback_event,event_trace,29,93,93:storage_in,93,95,2,47,13075.92116,0.0,13580.47884,200,1,-1,9,move,,True,2,2,0,9,True,yes,none,none
legacy_offset64_repair32,fallback_event,event_trace,29,93,93:storage_in,93,95,9,47,13080.52116,0.0,13579.47884,216,2,-1,7,move,,True,3,3,0,7,True,yes,none,none
legacy_offset64_repair32,fallback_event,event_trace,29,93,93:storage_in,93,95,7,47,13084.32116,0.0,13578.47884,230,3,-1,8,move,,True,2,2,0,8,True,yes,none,none
legacy_offset64_repair32,fallback_event,event_trace,29,93,93:storage_in,93,95,8,47,13086.92116,0.0,13577.47884,239,4,-1,11,move,,True,2,2,0,11,True,yes,none,none
legacy_offset64_repair32,fallback_event,event_trace,29,93,93:storage_in,93,95,11,47,13091.12116,0.0,13576.47884,248,5,-1,11,hold,,True,1,3,2,13,False,yes,none,none
legacy_offset64_repair32,fallback_event,event_trace,29,93,93:storage_in,93,95,11,47,13092.12116,1.0,13575.47884,253,6,-1,13,move,,True,2,3,1,13,True,yes,none,none
legacy_offset64_repair32,fallback_event,event_trace,29,93,93:storage_in,93,95,13,47,13104.321160000001,1.0,13574.478839999998,289,7,-1,23,move,,True,2,2,0,23,True,yes,none,none
legacy_offset64_repair32,fallback_event,event_trace,29,93,93:storage_in,93,95,23,47,13108.521160000002,1.0,13573.478839999998,295,8,-1,24,move,,True,2,2,0,24,True,yes,none,none
legacy_offset64_repair32,fallback_event,event_trace,29,93,93:storage_in,93,95,24,47,13111.121160000002,1.0,13572.478839999998,299,9,-1,27,move,,True,2,2,0,27,True,yes,none,none
legacy_offset64_repair32,fallback_event,event_trace,29,93,93:storage_in,93,95,27,47,13113.721160000003,1.0,13571.478839999998,303,10,-1,27,hold,,True,1,3,2,28,False,yes,none,none
legacy_offset64_repair32,fallback_event,event_trace,29,93,93:storage_in,93,95,27,47,13114.721160000003,2.0,13570.478839999998,305,11,-1,28,move,,True,2,3,1,28,True,yes,none,none
legacy_offset64_repair32,fallback_event,event_trace,29,93,93:storage_in,93,95,28,47,13126.521160000002,2.0,13569.478839999998,315,12,-1,47,move,,True,3,3,0,47,True,yes,none,none
legacy_offset64_repair32,fallback_event,event_trace,30,94,94:storage_in,94,96,5,47,13077.44086,0.0,12082.959139999999,206,1,-1,19,move,,True,2,2,0,19,True,yes,none,none
legacy_offset64_repair32,fallback_event,event_trace,30,94,94:storage_in,94,96,19,47,13080.040860000001,0.0,12081.959139999999,215,2,-1,18,move,,True,3,3,0,25,False,yes,none,none
legacy_offset64_repair32,fallback_event,event_trace,30,94,94:storage_in,94,96,18,47,13083.84086,0.0,12080.959139999999,228,3,-1,22,move,,True,2,2,0,,False,yes,none,none
legacy_offset64_repair32,fallback_event,event_trace,30,94,94:storage_in,94,96,22,47,13093.24086,0.0,12079.95914,256,4,-1,26,move,,True,2,3,1,,False,yes,none,none
legacy_offset64_repair32,fallback_event,event_trace,30,94,94:storage_in,94,96,26,47,13101.04086,0.0,12050.95914,280,5,-1,43,move,,True,2,2,0,43,True,yes,none,none
legacy_offset64_repair32,fallback_event,event_trace,30,94,94:storage_in,94,96,43,47,13103.64086,0.0,12049.95914,288,6,-1,15,move,,True,2,2,0,15,True,yes,none,none
legacy_offset64_repair32,fallback_event,event_trace,30,94,94:storage_in,94,96,15,47,13107.84086,0.0,12048.959139999999,293,7,-1,14,move,,True,2,2,0,14,True,yes,none,none
legacy_offset64_repair32,fallback_event,event_trace,30,94,94:storage_in,94,96,14,47,13110.44086,0.0,12047.959139999999,298,8,-1,46,move,,True,2,2,0,46,True,yes,none,none
legacy_offset64_repair32,fallback_event,event_trace,30,94,94:storage_in,94,96,46,47,13113.040860000001,0.0,12046.959139999999,302,9,-1,46,hold,,True,1,3,2,36,False,yes,none,none
legacy_offset64_repair32,fallback_event,event_trace,30,94,94:storage_in,94,96,46,47,13114.040860000001,1.0,12045.959139999999,304,10,-1,46,hold,,True,1,3,2,36,False,yes,none,none
legacy_offset64_repair32,fallback_event,event_trace,30,94,94:storage_in,94,96,46,47,13115.040860000001,2.0,12044.959139999999,307,11,-1,46,hold,,True,1,3,2,36,False,yes,none,none
legacy_offset64_repair32,fallback_event,event_trace,30,94,94:storage_in,94,96,46,47,13116.040860000001,3.0,12043.959139999999,308,12,-1,46,hold,,True,1,3,2,36,False,yes,none,none
legacy_offset64_repair32,fallback_event,event_trace,30,94,94:storage_in,94,96,46,47,13117.040860000001,4.0,12042.959139999999,309,13,-1,46,hold,,True,1,3,2,36,False,yes,none,none
legacy_offset64_repair32,fallback_event,event_trace,30,94,94:storage_in,94,96,46,47,13118.040860000001,5.0,12041.959139999999,310,14,-1,46,hold,,True,1,3,2,36,False,yes,none,none
legacy_offset64_repair32,fallback_event,event_trace,30,94,94:storage_in,94,96,46,47,13119.040860000001,6.0,12040.959139999999,312,15,-1,46,hold,,True,1,3,2,36,False,yes,none,none
legacy_offset64_repair32,fallback_event,event_trace,30,94,94:storage_in,94,96,46,47,13120.040860000001,7.0,12039.959139999999,313,16,-1,36,move,,True,2,3,1,36,True,yes,none,none
legacy_offset64_repair32,fallback_event,event_trace,30,94,94:storage_in,94,96,36,47,13135.84086,7.0,12038.959139999999,318,17,-1,38,move,,True,2,3,1,38,True,yes,none,none
legacy_offset64_repair32,fallback_event,event_trace,30,94,94:storage_in,94,96,38,47,13149.64086,7.0,12037.95914,320,18,-1,39,move,,True,2,3,1,39,True,yes,none,none
legacy_offset64_repair32,fallback_event,event_trace,30,94,94:storage_in,94,96,39,47,13159.04086,7.0,12036.95914,321,19,-1,47,move,,True,3,3,0,47,True,yes,none,none
legacy_offset64_repair32,fallback_event,event_trace,31,95,95:storage_in,95,97,0,47,13078.60448,0.0,11482.99552,209,1,-1,6,move,,True,2,2,0,6,True,yes,none,none
legacy_offset64_repair32,fallback_event,event_trace,31,95,95:storage_in,95,97,6,47,13082.80448,0.0,11481.995519999999,225,2,-1,12,move,,True,3,3,0,12,True,yes,none,none
legacy_offset64_repair32,fallback_event,event_trace,31,95,95:storage_in,95,97,12,47,13093.80448,0.0,11480.995519999999,258,3,-1,13,move,,True,2,2,0,13,True,yes,none,none
legacy_offset64_repair32,fallback_event,event_trace,31,95,95:storage_in,95,97,13,47,13098.80448,0.0,11479.995519999999,273,4,-1,23,move,,True,2,2,0,23,True,yes,none,none
legacy_offset64_repair32,fallback_event,event_trace,31,95,95:storage_in,95,97,23,47,13103.004480000001,0.0,11478.995519999999,284,5,-1,24,move,,True,2,2,0,24,True,yes,none,none
legacy_offset64_repair32,fallback_event,event_trace,31,95,95:storage_in,95,97,24,47,13105.604480000002,0.0,11477.995519999999,292,6,-1,27,move,,True,2,2,0,27,True,yes,none,none
legacy_offset64_repair32,fallback_event,event_trace,31,95,95:storage_in,95,97,27,47,13108.204480000002,0.0,11476.995519999999,294,7,-1,27,hold,,True,1,3,2,28,False,yes,none,none
legacy_offset64_repair32,fallback_event,event_trace,31,95,95:storage_in,95,97,27,47,13109.204480000002,1.0,11475.995519999999,296,8,-1,27,hold,,True,1,3,2,28,False,yes,none,none
legacy_offset64_repair32,fallback_event,event_trace,31,95,95:storage_in,95,97,27,47,13110.204480000002,2.0,11474.995519999999,297,9,-1,27,hold,,True,1,3,2,28,False,yes,none,none
legacy_offset64_repair32,fallback_event,event_trace,31,95,95:storage_in,95,97,27,47,13111.204480000002,3.0,11473.995519999999,300,10,-1,27,hold,,True,1,3,2,28,False,yes,none,none
legacy_offset64_repair32,fallback_event,event_trace,31,95,95:storage_in,95,97,27,47,13112.204480000002,4.0,11472.995519999999,301,11,-1,27,none,no_safe_action,True,0,3,3,28,False,yes,none,none
legacy_offset64_merge32,edge_score_event,event_trace,0,64,64:storage_in,64,66,3,47,12474.63977,0.0,12083.36023,1,1,0,16,move,,False,2,2,0,16,True,no,none,none
legacy_offset64_merge32,edge_score_event,event_trace,0,64,64:storage_in,64,66,16,47,12477.23977,0.0,12082.36023,3,2,0,17,move,,False,3,3,0,21,False,no,none,none
legacy_offset64_merge32,edge_score_event,event_trace,0,64,64:storage_in,64,66,17,47,12481.83977,0.0,12081.36023,9,3,0,18,move,,False,1,2,1,,False,no,none,none
legacy_offset64_merge32,edge_score_event,event_trace,0,64,64:storage_in,64,66,18,47,12484.43977,0.0,12080.360229999998,17,4,0,22,move,,False,2,2,0,,False,no,none,none
legacy_offset64_merge32,edge_score_event,event_trace,0,64,64:storage_in,64,66,22,47,12493.83977,0.0,12079.36023,47,5,0,24,move,,False,3,3,0,,False,no,none,none
legacy_offset64_merge32,edge_score_event,event_trace,0,64,64:storage_in,64,66,24,47,12505.23977,0.0,12078.36023,74,6,0,27,move,,False,2,2,0,27,True,no,none,none
legacy_offset64_merge32,edge_score_event,event_trace,0,64,64:storage_in,64,66,27,47,12507.83977,0.0,12077.36023,79,7,0,28,move,,False,2,3,1,28,True,no,none,none
legacy_offset64_merge32,edge_score_event,event_trace,0,64,64:storage_in,64,66,28,47,12519.63977,0.0,12076.36023,95,8,1,47,move,,False,3,3,0,47,True,no,none,none
legacy_offset64_merge32,edge_score_event,event_trace,1,65,65:storage_in,65,67,0,47,12475.93777,0.0,12385.66223,2,1,0,6,move,,False,2,2,0,6,True,no,none,none
legacy_offset64_merge32,edge_score_event,event_trace,1,65,65:storage_in,65,67,6,47,12480.137770000001,0.0,12384.662229999998,8,2,0,8,move,,False,3,3,0,8,True,no,none,none
legacy_offset64_merge32,edge_score_event,event_trace,1,65,65:storage_in,65,67,8,47,12483.93777,0.0,12380.46223,13,3,0,11,move,,False,2,2,0,11,True,no,none,none
legacy_offset64_merge32,edge_score_event,event_trace,1,65,65:storage_in,65,67,11,47,12488.137770000001,0.0,12379.46223,28,4,1,14,move,,False,3,3,0,14,True,no,none,none
legacy_offset64_merge32,edge_score_event,event_trace,1,65,65:storage_in,65,67,14,47,12501.93777,0.0,12356.46223,66,5,0,46,move,,False,2,2,0,46,True,no,none,none
legacy_offset64_merge32,edge_score_event,event_trace,1,65,65:storage_in,65,67,46,47,12504.53777,0.0,12355.46223,73,6,1,36,move,,False,2,3,1,36,True,no,none,none
legacy_offset64_merge32,edge_score_event,event_trace,1,65,65:storage_in,65,67,36,47,12520.33777,0.0,12354.46223,96,7,0,38,move,,False,2,3,1,38,True,no,none,none
legacy_offset64_merge32,edge_score_event,event_trace,1,65,65:storage_in,65,67,38,47,12534.13777,0.0,12353.462230000001,122,8,1,39,move,,False,2,3,1,39,True,no,none,none
legacy_offset64_merge32,edge_score_event,event_trace,1,65,65:storage_in,65,67,39,47,12543.537769999999,0.0,12352.462230000001,125,9,1,47,move,,False,3,3,0,47,True,no,none,none
legacy_offset64_merge32,edge_score_event,event_trace,2,66,66:storage_in,66,68,4,47,12477.43655,0.0,13282.16345,4,1,1,4,hold,,False,1,2,1,17,False,no,none,none
legacy_offset64_merge32,edge_score_event,event_trace,2,66,66:storage_in,66,68,4,47,12478.43655,1.0,13281.16345,5,2,0,17,move,,False,2,2,0,17,True,no,none,none
legacy_offset64_merge32,edge_score_event,event_trace,2,66,66:storage_in,66,68,17,47,12483.03655,1.0,13280.16345,12,3,1,17,hold,,False,1,2,1,18,False,no,none,none
legacy_offset64_merge32,edge_score_event,event_trace,2,66,66:storage_in,66,68,17,47,12484.03655,2.0,13279.16345,14,4,1,17,hold,,False,1,2,1,18,False,no,none,none
legacy_offset64_merge32,edge_score_event,event_trace,2,66,66:storage_in,66,68,17,47,12485.03655,3.0,13278.16345,18,5,0,18,move,,False,2,2,0,18,True,no,none,none
legacy_offset64_merge32,edge_score_event,event_trace,2,66,66:storage_in,66,68,18,47,12487.636550000001,3.0,13277.163449999998,25,6,1,18,hold,,False,1,2,1,22,False,no,none,9
legacy_offset64_merge32,edge_score_event,event_trace,2,66,66:storage_in,66,68,18,47,12488.636550000001,4.0,13276.163449999998,29,7,1,18,hold,,False,1,2,1,22,False,no,none,9
legacy_offset64_merge32,edge_score_event,event_trace,2,66,66:storage_in,66,68,18,47,12489.636550000001,5.0,13275.163449999998,32,8,1,18,hold,,False,1,2,1,22,False,no,none,9
legacy_offset64_merge32,edge_score_event,event_trace,2,66,66:storage_in,66,68,18,47,12490.636550000001,6.0,13274.163449999998,35,9,-1,18,none,no_safe_action,True,0,2,2,22,False,no,none,9
legacy_offset64_merge32,edge_score_event,event_trace,3,67,67:storage_in,67,69,1,47,12478.58782,0.0,13879.41218,6,1,0,7,move,,False,2,2,0,7,True,no,none,none
legacy_offset64_merge32,edge_score_event,event_trace,3,67,67:storage_in,67,69,7,47,12484.38782,0.0,13878.41218,16,2,0,8,move,,False,2,2,0,8,True,no,none,none
legacy_offset64_merge32,edge_score_event,event_trace,3,67,67:storage_in,67,69,8,47,12486.98782,0.0,13877.41218,24,3,1,8,hold,,False,1,2,1,11,False,no,none,none
legacy_offset64_merge32,edge_score_event,event_trace,3,67,67:storage_in,67,69,8,47,12487.98782,1.0,13876.41218,27,4,0,11,move,,False,2,2,0,11,True,no,none,none
legacy_offset64_merge32,edge_score_event,event_trace,3,67,67:storage_in,67,69,11,47,12492.187820000001,1.0,13875.41218,41,5,0,13,move,,False,2,3,1,14,False,no,none,none
legacy_offset64_merge32,edge_score_event,event_trace,3,67,67:storage_in,67,69,13,47,12504.387820000002,1.0,13874.412179999998,72,6,1,13,hold,,False,1,2,1,,False,no,none,none
legacy_offset64_merge32,edge_score_event,event_trace,3,67,67:storage_in,67,69,13,47,12505.387820000002,2.0,13873.412179999998,75,7,1,13,hold,,False,1,2,1,,False,no,none,none
legacy_offset64_merge32,edge_score_event,event_trace,3,67,67:storage_in,67,69,13,47,12506.387820000002,3.0,13872.412179999998,76,8,1,13,hold,,False,1,2,1,,False,no,none,none
legacy_offset64_merge32,edge_score_event,event_trace,3,67,67:storage_in,67,69,13,47,12507.387820000002,4.0,13871.412179999998,78,9,1,13,hold,,False,1,2,1,,False,no,none,none
legacy_offset64_merge32,edge_score_event,event_trace,3,67,67:storage_in,67,69,13,47,12508.387820000002,5.0,13870.412179999998,80,10,1,13,hold,,False,1,2,1,,False,no,none,none
legacy_offset64_merge32,edge_score_event,event_trace,3,67,67:storage_in,67,69,13,47,12509.387820000002,6.0,13869.412179999998,81,11,1,13,hold,,False,1,2,1,,False,no,none,none
legacy_offset64_merge32,edge_score_event,event_trace,3,67,67:storage_in,67,69,13,47,12510.387820000002,7.0,13868.412179999998,82,12,1,13,hold,,False,1,2,1,,False,no,none,none
legacy_offset64_merge32,edge_score_event,event_trace,3,67,67:storage_in,67,69,13,47,12511.387820000002,8.0,13867.412179999998,83,13,1,13,hold,,False,1,2,1,,False,no,none,none
legacy_offset64_merge32,edge_score_event,event_trace,3,67,67:storage_in,67,69,13,47,12512.387820000002,9.0,13866.412179999998,85,14,0,23,move,,False,2,2,0,,False,no,none,none
legacy_offset64_merge32,edge_score_event,event_trace,3,67,67:storage_in,67,69,23,47,12516.587820000002,9.0,13865.412179999998,89,15,0,24,move,,False,2,2,0,,False,no,none,none
legacy_offset64_merge32,edge_score_event,event_trace,3,67,67:storage_in,67,69,24,47,12519.187820000003,9.0,13864.412179999998,92,16,0,27,move,,False,2,2,0,,False,no,none,none
legacy_offset64_merge32,edge_score_event,event_trace,3,67,67:storage_in,67,69,27,47,12521.787820000003,9.0,13863.412179999998,99,17,0,28,move,,False,2,3,1,,False,no,none,none
legacy_offset64_merge32,edge_score_event,event_trace,3,67,67:storage_in,67,69,28,47,12533.587820000002,9.0,13862.412179999998,120,18,1,47,move,,False,3,3,0,,False,no,none,none
legacy_offset64_merge32,edge_score_event,event_trace,4,68,68:storage_in,68,70,5,47,12480.10318,0.0,12080.29682,7,1,0,19,move,,False,2,2,0,19,True,no,none,none
legacy_offset64_merge32,edge_score_event,event_trace,4,68,68:storage_in,68,70,19,47,12482.70318,0.0,12079.29682,11,2,0,18,move,,False,3,3,0,18,True,no,none,none
legacy_offset64_merge32,edge_score_event,event_trace,4,68,68:storage_in,68,70,18,47,12486.50318,0.0,12078.29682,22,3,-1,18,none,no_safe_action,True,0,2,2,22,False,no,none,9
legacy_offset64_merge32,edge_score_event,event_trace,5,69,69:storage_in,69,71,3,47,12482.66742,0.0,12375.33258,10,1,0,16,move,,False,2,2,0,16,True,no,none,none
legacy_offset64_merge32,edge_score_event,event_trace,5,69,69:storage_in,69,71,16,47,12485.26742,0.0,12374.33258,19,2,0,17,move,,False,3,3,0,21,False,no,none,none
legacy_offset64_merge32,edge_score_event,event_trace,5,69,69:storage_in,69,71,17,47,12489.86742,0.0,12373.33258,33,3,0,18,move,,False,1,2,1,,False,no,none,none
legacy_offset64_merge32,edge_score_event,event_trace,5,69,69:storage_in,69,71,18,47,12492.46742,0.0,12372.332579999998,42,4,-1,18,none,no_safe_action,True,0,2,2,,False,no,none,none
legacy_offset64_merge32,edge_score_event,event_trace,6,70,70:storage_in,70,72,2,47,12484.10648,0.0,10872.29352,15,1,0,9,move,,False,2,2,0,9,True,no,none,none
legacy_offset64_merge32,edge_score_event,event_trace,6,70,70:storage_in,70,72,9,47,12488.70648,0.0,10871.29352,30,2,0,7,move,,False,3,3,0,7,True,no,none,none
legacy_offset64_merge32,edge_score_event,event_trace,6,70,70:storage_in,70,72,7,47,12492.50648,0.0,10870.29352,43,3,1,7,hold,,False,1,2,1,8,False,no,none,none
legacy_offset64_merge32,edge_score_event,event_trace,6,70,70:storage_in,70,72,7,47,12493.50648,1.0,10869.29352,46,4,0,8,move,,False,1,2,1,8,True,no,none,none
legacy_offset64_merge32,edge_score_event,event_trace,6,70,70:storage_in,70,72,8,47,12496.10648,1.0,10868.29352,52,5,-1,8,none,no_safe_action,True,0,2,2,11,False,no,none,none
legacy_offset64_merge32,edge_score_event,event_trace,7,71,71:storage_in,71,73,4,47,12485.3062,0.0,13274.2938,20,1,1,4,hold,,False,1,2,1,17,False,no,none,none
legacy_offset64_merge32,edge_score_event,event_trace,7,71,71:storage_in,71,73,4,47,12486.3062,1.0,13273.2938,21,2,0,17,move,,False,2,2,0,17,True,no,none,none
legacy_offset64_merge32,edge_score_event,event_trace,7,71,71:storage_in,71,73,17,47,12490.906200000001,1.0,13272.2938,38,3,1,17,hold,,False,1,2,1,18,False,no,none,none
legacy_offset64_merge32,edge_score_event,event_trace,7,71,71:storage_in,71,73,17,47,12491.906200000001,2.0,13271.2938,39,4,1,17,hold,,False,1,2,1,18,False,no,none,none
legacy_offset64_merge32,edge_score_event,event_trace,7,71,71:storage_in,71,73,17,47,12492.906200000001,3.0,13270.2938,44,5,0,18,move,,False,2,2,0,18,True,no,none,none
legacy_offset64_merge32,edge_score_event,event_trace,7,71,71:storage_in,71,73,18,47,12495.506200000002,3.0,13269.293799999998,51,6,1,18,hold,,False,1,2,1,22,False,no,none,9
legacy_offset64_merge32,edge_score_event,event_trace,7,71,71:storage_in,71,73,18,47,12496.506200000002,4.0,13268.293799999998,53,7,1,18,hold,,False,1,2,1,22,False,no,none,9
legacy_offset64_merge32,edge_score_event,event_trace,7,71,71:storage_in,71,73,18,47,12497.506200000002,5.0,13267.293799999998,55,8,1,18,hold,,False,1,2,1,22,False,no,none,9
legacy_offset64_merge32,edge_score_event,event_trace,7,71,71:storage_in,71,73,18,47,12498.506200000002,6.0,13266.293799999998,58,9,1,18,hold,,False,1,2,1,22,False,no,none,9
legacy_offset64_merge32,edge_score_event,event_trace,7,71,71:storage_in,71,73,18,47,12499.506200000002,7.0,13265.293799999998,60,10,-1,18,none,no_safe_action,True,0,2,2,22,False,no,none,9
legacy_offset64_merge32,edge_score_event,event_trace,8,72,72:storage_in,72,74,0,47,12486.60448,0.0,10874.99552,23,1,0,6,move,,False,2,2,0,6,True,no,none,none
legacy_offset64_merge32,edge_score_event,event_trace,8,72,72:storage_in,72,74,6,47,12490.80448,0.0,10873.995519999999,37,2,0,8,move,,False,3,3,0,12,False,no,none,none
legacy_offset64_merge32,edge_score_event,event_trace,8,72,72:storage_in,72,74,8,47,12494.60448,0.0,10869.79552,49,3,0,11,move,,False,1,2,1,,False,no,none,none
legacy_offset64_merge32,edge_score_event,event_trace,8,72,72:storage_in,72,74,11,47,12498.80448,0.0,10868.79552,59,4,2,11,hold,,False,1,3,2,,False,no,none,none
legacy_offset64_merge32,edge_score_event,event_trace,8,72,72:storage_in,72,74,11,47,12499.80448,1.0,10867.79552,61,5,2,11,hold,,False,1,3,2,,False,no,none,none
legacy_offset64_merge32,edge_score_event,event_trace,8,72,72:storage_in,72,74,11,47,12500.80448,2.0,10866.79552,64,6,-1,11,none,no_safe_action,True,0,3,3,,False,no,none,none
legacy_offset64_merge32,edge_score_event,event_trace,9,73,73:storage_in,73,75,5,47,12487.97299,0.0,9672.42701,26,1,0,19,move,,False,2,2,0,19,True,no,none,none
legacy_offset64_merge32,edge_score_event,event_trace,9,73,73:storage_in,73,75,19,47,12490.57299,0.0,9671.42701,34,2,0,18,move,,False,3,3,0,18,True,no,none,none
legacy_offset64_merge32,edge_score_event,event_trace,9,73,73:storage_in,73,75,18,47,12494.37299,0.0,9670.42701,48,3,0,22,move,,False,1,2,1,22,True,no,none,9
legacy_offset64_merge32,edge_score_event,event_trace,9,73,73:storage_in,73,75,22,47,12503.77299,0.0,9669.427010000001,71,4,1,26,move,,False,2,3,1,24,False,no,none,none
legacy_offset64_merge32,edge_score_event,event_trace,9,73,73:storage_in,73,75,26,47,12511.572989999999,0.0,9640.427010000001,84,5,0,43,move,,False,2,2,0,,False,no,none,none
legacy_offset64_merge32,edge_score_event,event_trace,9,73,73:storage_in,73,75,43,47,12514.17299,0.0,9639.427010000001,87,6,0,15,move,,False,2,2,0,,False,no,none,none
legacy_offset64_merge32,edge_score_event,event_trace,9,73,73:storage_in,73,75,15,47,12518.37299,0.0,9638.42701,90,7,0,14,move,,False,2,2,0,,False,no,none,none
legacy_offset64_merge32,edge_score_event,event_trace,9,73,73:storage_in,73,75,14,47,12520.97299,0.0,9637.42701,98,8,0,46,move,,False,2,2,0,,False,no,none,none
legacy_offset64_merge32,edge_score_event,event_trace,9,73,73:storage_in,73,75,46,47,12523.57299,0.0,9636.42701,102,9,2,46,hold,,False,1,3,2,,False,no,none,none
legacy_offset64_merge32,edge_score_event,event_trace,9,73,73:storage_in,73,75,46,47,12524.57299,1.0,9635.42701,103,10,2,46,hold,,False,1,3,2,,False,no,none,none
legacy_offset64_merge32,edge_score_event,event_trace,9,73,73:storage_in,73,75,46,47,12525.57299,2.0,9634.42701,104,11,2,46,hold,,False,1,3,2,,False,no,none,none
legacy_offset64_merge32,edge_score_event,event_trace,9,73,73:storage_in,73,75,46,47,12526.57299,3.0,9633.42701,106,12,2,46,hold,,False,1,3,2,,False,no,none,none
legacy_offset64_merge32,edge_score_event,event_trace,9,73,73:storage_in,73,75,46,47,12527.57299,4.0,9632.42701,107,13,2,46,hold,,False,1,3,2,,False,no,none,none
legacy_offset64_merge32,edge_score_event,event_trace,9,73,73:storage_in,73,75,46,47,12528.57299,5.0,9631.42701,109,14,2,46,hold,,False,1,3,2,,False,no,none,none
legacy_offset64_merge32,edge_score_event,event_trace,9,73,73:storage_in,73,75,46,47,12529.57299,6.0,9630.42701,111,15,2,46,hold,,False,1,3,2,,False,no,none,none
legacy_offset64_merge32,edge_score_event,event_trace,9,73,73:storage_in,73,75,46,47,12530.57299,7.0,9629.42701,114,16,2,46,hold,,False,1,3,2,,False,no,none,none
legacy_offset64_merge32,edge_score_event,event_trace,9,73,73:storage_in,73,75,46,47,12531.57299,8.0,9628.42701,116,17,-1,46,none,no_safe_action,True,0,3,3,,False,no,none,none
legacy_offset64_merge32,edge_score_event,event_trace,10,74,74:storage_in,74,76,1,47,12489.43982,0.0,12068.56018,31,1,0,7,move,,False,2,2,0,7,True,no,none,none
legacy_offset64_merge32,edge_score_event,event_trace,10,74,74:storage_in,74,76,7,47,12495.239819999999,0.0,12067.56018,50,2,0,8,move,,False,2,2,0,8,True,no,none,none
legacy_offset64_merge32,edge_score_event,event_trace,10,74,74:storage_in,74,76,8,47,12497.83982,0.0,12066.56018,56,3,0,11,move,,False,2,2,0,11,True,no,none,none
legacy_offset64_merge32,edge_score_event,event_trace,10,74,74:storage_in,74,76,11,47,12502.03982,0.0,12065.56018,67,4,1,14,move,,False,2,3,1,14,True,no,none,none
legacy_offset64_merge32,edge_score_event,event_trace,10,74,74:storage_in,74,76,14,47,12515.83982,0.0,12042.56018,88,5,0,46,move,,False,2,2,0,46,True,no,none,none
legacy_offset64_merge32,edge_score_event,event_trace,10,74,74:storage_in,74,76,46,47,12518.43982,0.0,12041.56018,91,6,2,46,hold,,False,1,3,2,36,False,no,none,none
legacy_offset64_merge32,edge_score_event,event_trace,10,74,74:storage_in,74,76,46,47,12519.43982,1.0,12040.56018,94,7,1,36,move,,False,2,3,1,36,True,no,none,none
legacy_offset64_merge32,edge_score_event,event_trace,10,74,74:storage_in,74,76,36,47,12535.239819999999,1.0,12039.56018,124,8,0,38,move,,False,2,3,1,38,True,no,none,none
legacy_offset64_merge32,edge_score_event,event_trace,10,74,74:storage_in,74,76,38,47,12549.039819999998,1.0,12038.560180000002,127,9,1,39,move,,False,2,3,1,39,True,no,none,none
legacy_offset64_merge32,edge_score_event,event_trace,10,74,74:storage_in,74,76,39,47,12558.439819999998,1.0,12037.560180000002,129,10,1,47,move,,False,3,3,0,47,True,no,none,none
legacy_offset64_merge32,edge_score_event,event_trace,11,75,75:storage_in,75,77,3,47,12490.77417,0.0,10867.22583,36,1,0,16,move,,False,2,2,0,16,True,no,none,none
legacy_offset64_merge32,edge_score_event,event_trace,11,75,75:storage_in,75,77,16,47,12493.374170000001,0.0,10866.22583,45,2,0,17,move,,False,3,3,0,17,True,no,none,none
legacy_offset64_merge32,edge_score_event,event_trace,11,75,75:storage_in,75,77,17,47,12497.974170000001,0.0,10865.22583,57,3,0,18,move,,False,2,2,0,18,True,no,none,none
legacy_offset64_merge32,edge_score_event,event_trace,11,75,75:storage_in,75,77,18,47,12500.574170000002,0.0,10864.225829999998,63,4,1,18,hold,,False,1,2,1,22,False,no,none,9
legacy_offset64_merge32,edge_score_event,event_trace,11,75,75:storage_in,75,77,18,47,12501.574170000002,1.0,10863.225829999998,65,5,1,18,hold,,False,1,2,1,22,False,no,none,9
legacy_offset64_merge32,edge_score_event,event_trace,11,75,75:storage_in,75,77,18,47,12502.574170000002,2.0,10862.225829999998,68,6,1,18,hold,,False,1,2,1,22,False,no,none,9
legacy_offset64_merge32,edge_score_event,event_trace,11,75,75:storage_in,75,77,18,47,12503.574170000002,3.0,10861.225829999998,70,7,0,22,move,,False,2,2,0,22,True,no,none,9
legacy_offset64_merge32,edge_score_event,event_trace,11,75,75:storage_in,75,77,22,47,12512.974170000001,3.0,10860.22583,86,8,1,26,move,,False,3,3,0,24,False,no,none,none
legacy_offset64_merge32,edge_score_event,event_trace,11,75,75:storage_in,75,77,26,47,12520.77417,3.0,10831.22583,97,9,0,43,move,,False,2,2,0,,False,no,none,none
legacy_offset64_merge32,edge_score_event,event_trace,11,75,75:storage_in,75,77,43,47,12523.374170000001,3.0,10830.22583,100,10,0,15,move,,False,2,2,0,,False,no,none,none
legacy_offset64_merge32,edge_score_event,event_trace,11,75,75:storage_in,75,77,15,47,12527.574170000002,3.0,10829.225829999998,108,11,0,14,move,,False,2,2,0,,False,no,none,none
legacy_offset64_merge32,edge_score_event,event_trace,11,75,75:storage_in,75,77,14,47,12530.174170000002,3.0,10828.225829999998,113,12,0,46,move,,False,2,2,0,,False,no,none,none
legacy_offset64_merge32,edge_score_event,event_trace,11,75,75:storage_in,75,77,46,47,12532.774170000002,3.0,10827.225829999998,119,13,2,46,hold,,False,1,3,2,,False,no,none,none
legacy_offset64_merge32,edge_score_event,event_trace,11,75,75:storage_in,75,77,46,47,12533.774170000002,4.0,10826.225829999998,121,14,2,46,hold,,False,1,3,2,,False,no,none,none
legacy_offset64_merge32,edge_score_event,event_trace,11,75,75:storage_in,75,77,46,47,12534.774170000002,5.0,10825.225829999998,123,15,1,36,move,,False,2,3,1,,False,no,none,none
legacy_offset64_merge32,edge_score_event,event_trace,11,75,75:storage_in,75,77,36,47,12550.574170000002,5.0,10824.225829999998,128,16,0,38,move,,False,2,3,1,,False,no,none,none
legacy_offset64_merge32,edge_score_event,event_trace,11,75,75:storage_in,75,77,38,47,12564.374170000001,5.0,10823.22583,130,17,1,39,move,,False,2,3,1,,False,no,none,none
legacy_offset64_merge32,edge_score_event,event_trace,11,75,75:storage_in,75,77,39,47,12573.77417,5.0,10822.22583,131,18,1,47,move,,False,3,3,0,,False,no,none,none
legacy_offset64_merge32,edge_score_event,event_trace,12,76,76:storage_in,76,78,2,47,12491.92141,0.0,12064.478589999999,40,1,0,9,move,,False,2,2,0,9,True,no,none,none
legacy_offset64_merge32,edge_score_event,event_trace,12,76,76:storage_in,76,78,9,47,12496.521410000001,0.0,12063.478589999999,54,2,0,7,move,,False,3,3,0,7,True,no,none,none
legacy_offset64_merge32,edge_score_event,event_trace,12,76,76:storage_in,76,78,7,47,12500.32141,0.0,12062.478589999999,62,3,0,8,move,,False,2,2,0,8,True,no,none,none
legacy_offset64_merge32,edge_score_event,event_trace,12,76,76:storage_in,76,78,8,47,12502.92141,0.0,12061.478589999999,69,4,0,11,move,,False,2,2,0,11,True,no,none,none
legacy_offset64_merge32,edge_score_event,event_trace,12,76,76:storage_in,76,78,11,47,12507.121410000002,0.0,12060.478589999999,77,5,0,13,move,,False,2,3,1,13,True,no,none,none
legacy_offset64_merge32,edge_score_event,event_trace,12,76,76:storage_in,76,78,13,47,12519.321410000002,0.0,12059.478589999997,93,6,0,23,move,,False,2,2,0,23,True,no,none,9
legacy_offset64_merge32,edge_score_event,event_trace,12,76,76:storage_in,76,78,23,47,12523.521410000003,0.0,12058.478589999997,101,7,0,24,move,,False,2,2,0,24,True,no,none,none
legacy_offset64_merge32,edge_score_event,event_trace,12,76,76:storage_in,76,78,24,47,12526.121410000003,0.0,12057.478589999997,105,8,0,27,move,,False,2,2,0,27,True,no,none,none
legacy_offset64_merge32,edge_score_event,event_trace,12,76,76:storage_in,76,78,27,47,12528.721410000004,0.0,12056.478589999997,110,9,2,27,hold,,False,1,3,2,28,False,no,none,none
legacy_offset64_merge32,edge_score_event,event_trace,12,76,76:storage_in,76,78,27,47,12529.721410000004,1.0,12055.478589999997,112,10,2,27,hold,,False,1,3,2,28,False,no,none,none
legacy_offset64_merge32,edge_score_event,event_trace,12,76,76:storage_in,76,78,27,47,12530.721410000004,2.0,12054.478589999997,115,11,2,27,hold,,False,1,3,2,28,False,no,none,none
legacy_offset64_merge32,edge_score_event,event_trace,12,76,76:storage_in,76,78,27,47,12531.721410000004,3.0,12053.478589999997,117,12,2,27,hold,,False,1,3,2,28,False,no,none,none
legacy_offset64_merge32,edge_score_event,event_trace,12,76,76:storage_in,76,78,27,47,12532.721410000004,4.0,12052.478589999997,118,13,0,28,move,,False,2,3,1,28,True,no,none,none
legacy_offset64_merge32,edge_score_event,event_trace,12,76,76:storage_in,76,78,28,47,12544.521410000003,4.0,12051.478589999997,126,14,1,47,move,,False,3,3,0,47,True,no,none,none
legacy_offset64_merge32,edge_score_event,event_trace,13,77,77:storage_in,77,79,3,47,12620.00081,0.0,11937.99919,132,1,0,16,move,,False,2,2,0,16,True,no,none,none
legacy_offset64_merge32,edge_score_event,event_trace,13,77,77:storage_in,77,79,16,47,12622.60081,0.0,11936.99919,133,2,0,17,move,,False,3,3,0,17,True,no,none,none
legacy_offset64_merge32,edge_score_event,event_trace,13,77,77:storage_in,77,79,17,47,12627.20081,0.0,11935.99919,134,3,0,18,move,,False,2,2,0,18,True,no,none,none
legacy_offset64_merge32,edge_score_event,event_trace,13,77,77:storage_in,77,79,18,47,12629.80081,0.0,11934.999189999999,135,4,0,22,move,,False,2,2,0,22,True,no,none,9
legacy_offset64_merge32,edge_score_event,event_trace,13,77,77:storage_in,77,79,22,47,12639.20081,0.0,11933.99919,136,5,0,24,move,,False,3,3,0,24,True,no,none,none
legacy_offset64_merge32,edge_score_event,event_trace,13,77,77:storage_in,77,79,24,47,12650.60081,0.0,11932.99919,137,6,0,27,move,,False,2,2,0,27,True,no,none,none
legacy_offset64_merge32,edge_score_event,event_trace,13,77,77:storage_in,77,79,27,47,12653.20081,0.0,11931.99919,138,7,0,28,move,,False,2,3,1,28,True,no,none,none
legacy_offset64_merge32,edge_score_event,event_trace,13,77,77:storage_in,77,79,28,47,12665.00081,0.0,11930.99919,139,8,1,47,move,,False,3,3,0,47,True,no,none,none
legacy_offset64_merge32,edge_score_event,event_trace,14,78,78:storage_in,78,80,2,47,13047.64994,0.0,10908.75006,140,1,0,9,move,,False,2,2,0,9,True,no,none,none
legacy_offset64_merge32,edge_score_event,event_trace,14,78,78:storage_in,78,80,9,47,13052.24994,0.0,10907.75006,144,2,0,7,move,,False,3,3,0,7,True,no,none,none
legacy_offset64_merge32,edge_score_event,event_trace,14,78,78:storage_in,78,80,7,47,13056.049939999999,0.0,10906.75006,148,3,1,7,hold,,False,1,2,1,8,False,no,none,none
legacy_offset64_merge32,edge_score_event,event_trace,14,78,78:storage_in,78,80,7,47,13057.049939999999,1.0,10905.75006,150,4,0,8,move,,False,2,2,0,8,True,no,none,none
legacy_offset64_merge32,edge_score_event,event_trace,14,78,78:storage_in,78,80,8,47,13059.64994,1.0,10904.75006,156,5,1,8,hold,,False,1,2,1,11,False,no,none,none
legacy_offset64_merge32,edge_score_event,event_trace,14,78,78:storage_in,78,80,8,47,13060.64994,2.0,10903.75006,161,6,1,8,hold,,False,1,2,1,11,False,no,none,none
legacy_offset64_merge32,edge_score_event,event_trace,14,78,78:storage_in,78,80,8,47,13061.64994,3.0,10902.75006,164,7,0,11,move,,False,2,2,0,11,True,no,none,none
legacy_offset64_merge32,edge_score_event,event_trace,14,78,78:storage_in,78,80,11,47,13065.84994,3.0,10901.75006,177,8,0,13,move,,False,2,3,1,14,False,no,none,none
legacy_offset64_merge32,edge_score_event,event_trace,14,78,78:storage_in,78,80,13,47,13078.04994,3.0,10900.750059999998,222,9,1,13,hold,,False,1,2,1,,False,no,none,none
legacy_offset64_merge32,edge_score_event,event_trace,14,78,78:storage_in,78,80,13,47,13079.04994,4.0,10899.750059999998,227,10,1,13,hold,,False,1,2,1,,False,no,none,none
legacy_offset64_merge32,edge_score_event,event_trace,14,78,78:storage_in,78,80,13,47,13080.04994,5.0,10898.750059999998,231,11,1,13,hold,,False,1,2,1,,False,no,none,none
legacy_offset64_merge32,edge_score_event,event_trace,14,78,78:storage_in,78,80,13,47,13081.04994,6.0,10897.750059999998,235,12,1,13,hold,,False,1,2,1,,False,no,none,none
legacy_offset64_merge32,edge_score_event,event_trace,14,78,78:storage_in,78,80,13,47,13082.04994,7.0,10896.750059999998,237,13,1,13,hold,,False,1,2,1,,False,no,none,none
legacy_offset64_merge32,edge_score_event,event_trace,14,78,78:storage_in,78,80,13,47,13083.04994,8.0,10895.750059999998,241,14,1,13,hold,,False,1,2,1,,False,no,none,none
legacy_offset64_merge32,edge_score_event,event_trace,14,78,78:storage_in,78,80,13,47,13084.04994,9.0,10894.750059999998,243,15,1,13,hold,,False,1,2,1,,False,no,none,none
legacy_offset64_merge32,edge_score_event,event_trace,14,78,78:storage_in,78,80,13,47,13085.04994,10.0,10893.750059999998,247,16,1,13,hold,,False,1,2,1,,False,no,none,none
legacy_offset64_merge32,edge_score_event,event_trace,14,78,78:storage_in,78,80,13,47,13086.04994,11.0,10892.750059999998,251,17,1,13,hold,,False,1,2,1,,False,no,none,none
legacy_offset64_merge32,edge_score_event,event_trace,14,78,78:storage_in,78,80,13,47,13087.04994,12.0,10891.750059999998,254,18,1,13,hold,,False,1,2,1,,False,no,none,none
legacy_offset64_merge32,edge_score_event,event_trace,14,78,78:storage_in,78,80,13,47,13088.04994,13.0,10890.750059999998,257,19,1,13,hold,,False,1,2,1,,False,no,none,none
legacy_offset64_merge32,edge_score_event,event_trace,14,78,78:storage_in,78,80,13,47,13089.04994,14.0,10889.750059999998,260,20,1,13,hold,,False,1,2,1,,False,no,none,none
legacy_offset64_merge32,edge_score_event,event_trace,14,78,78:storage_in,78,80,13,47,13090.04994,15.0,10888.750059999998,265,21,1,13,hold,,False,1,2,1,,False,no,none,none
legacy_offset64_merge32,edge_score_event,event_trace,14,78,78:storage_in,78,80,13,47,13091.04994,16.0,10887.750059999998,267,22,-1,13,none,no_safe_action,True,0,2,2,,False,no,none,none
legacy_offset64_merge32,edge_score_event,event_trace,15,79,79:storage_in,79,81,4,47,13049.28215,0.0,13310.317850000001,141,1,0,17,move,,False,2,2,0,17,True,no,none,none
legacy_offset64_merge32,edge_score_event,event_trace,15,79,79:storage_in,79,81,17,47,13053.88215,0.0,13309.317850000001,145,2,0,18,move,,False,2,2,0,18,True,no,none,none
legacy_offset64_merge32,edge_score_event,event_trace,15,79,79:storage_in,79,81,18,47,13056.48215,0.0,13308.31785,149,3,0,22,move,,False,1,2,1,22,True,no,none,9
legacy_offset64_merge32,edge_score_event,event_trace,15,79,79:storage_in,79,81,22,47,13065.88215,0.0,13307.317850000001,178,4,0,24,move,,False,3,3,0,24,True,no,none,none
legacy_offset64_merge32,edge_score_event,event_trace,15,79,79:storage_in,79,81,24,47,13077.28215,0.0,13306.317850000001,216,5,0,27,move,,False,2,2,0,27,True,no,none,none
legacy_offset64_merge32,edge_score_event,event_trace,15,79,79:storage_in,79,81,27,47,13079.88215,0.0,13305.317850000001,228,6,0,28,move,,False,2,3,1,28,True,no,none,none
legacy_offset64_merge32,edge_score_event,event_trace,15,79,79:storage_in,79,81,28,47,13091.682149999999,0.0,13304.317850000001,268,7,1,47,move,,False,3,3,0,47,True,no,none,none
legacy_offset64_merge32,edge_score_event,event_trace,16,80,80:storage_in,80,82,0,47,13050.16178,0.0,13311.43822,142,1,0,6,move,,False,2,2,0,6,True,no,none,none
legacy_offset64_merge32,edge_score_event,event_trace,16,80,80:storage_in,80,82,6,47,13054.361780000001,0.0,13310.438219999998,146,2,0,8,move,,False,3,3,0,8,True,no,none,none
legacy_offset64_merge32,edge_score_event,event_trace,16,80,80:storage_in,80,82,8,47,13058.16178,0.0,13306.23822,153,3,0,11,move,,False,1,2,1,11,True,no,none,none
legacy_offset64_merge32,edge_score_event,event_trace,16,80,80:storage_in,80,82,11,47,13062.361780000001,0.0,13305.23822,168,4,1,14,move,,False,3,3,0,14,True,no,none,none
legacy_offset64_merge32,edge_score_event,event_trace,16,80,80:storage_in,80,82,14,47,13076.16178,0.0,13282.23822,214,5,0,46,move,,False,2,2,0,46,True,no,none,none
legacy_offset64_merge32,edge_score_event,event_trace,16,80,80:storage_in,80,82,46,47,13078.76178,0.0,13281.23822,225,6,1,36,move,,False,2,3,1,36,True,no,none,none
legacy_offset64_merge32,edge_score_event,event_trace,16,80,80:storage_in,80,82,36,47,13094.56178,0.0,13280.23822,278,7,0,38,move,,False,2,3,1,38,True,no,none,none
legacy_offset64_merge32,edge_score_event,event_trace,16,80,80:storage_in,80,82,38,47,13108.36178,0.0,13279.238220000001,304,8,1,39,move,,False,2,3,1,39,True,no,none,none
legacy_offset64_merge32,edge_score_event,event_trace,16,80,80:storage_in,80,82,39,47,13117.761779999999,0.0,13278.238220000001,316,9,1,47,move,,False,3,3,0,47,True,no,none,none
legacy_offset64_merge32,edge_score_event,event_trace,17,81,81:storage_in,81,83,5,47,13051.84528,0.0,13308.55472,143,1,0,19,move,,False,2,2,0,19,True,no,none,none
legacy_offset64_merge32,edge_score_event,event_trace,17,81,81:storage_in,81,83,19,47,13054.44528,0.0,13307.55472,147,2,0,18,move,,False,3,3,0,18,True,no,none,none
legacy_offset64_merge32,edge_score_event,event_trace,17,81,81:storage_in,81,83,18,47,13058.24528,0.0,13306.55472,154,3,1,18,hold,,False,1,2,1,22,False,no,none,9
legacy_offset64_merge32,edge_score_event,event_trace,17,81,81:storage_in,81,83,18,47,13059.24528,1.0,13305.55472,155,4,1,18,hold,,False,1,2,1,22,False,no,none,9
legacy_offset64_merge32,edge_score_event,event_trace,17,81,81:storage_in,81,83,18,47,13060.24528,2.0,13304.55472,160,5,1,18,hold,,False,1,2,1,22,False,no,none,9
legacy_offset64_merge32,edge_score_event,event_trace,17,81,81:storage_in,81,83,18,47,13061.24528,3.0,13303.55472,163,6,1,18,hold,,False,1,2,1,22,False,no,none,9
legacy_offset64_merge32,edge_score_event,event_trace,17,81,81:storage_in,81,83,18,47,13062.24528,4.0,13302.55472,167,7,1,18,hold,,False,1,2,1,22,False,no,none,9
legacy_offset64_merge32,edge_score_event,event_trace,17,81,81:storage_in,81,83,18,47,13063.24528,5.0,13301.55472,170,8,-1,18,none,no_safe_action,True,0,2,2,22,False,no,none,9
legacy_offset64_merge32,edge_score_event,event_trace,18,82,82:storage_in,82,84,4,47,13057.05944,0.0,11502.54056,151,1,0,17,move,,False,2,2,0,17,True,no,none,none
legacy_offset64_merge32,edge_score_event,event_trace,18,82,82:storage_in,82,84,17,47,13061.659440000001,0.0,11501.54056,165,2,0,18,move,,False,2,2,0,18,True,no,none,none
legacy_offset64_merge32,edge_score_event,event_trace,18,82,82:storage_in,82,84,18,47,13064.259440000002,0.0,11500.540559999998,171,3,1,18,hold,,False,1,2,1,22,False,no,none,9
legacy_offset64_merge32,edge_score_event,event_trace,18,82,82:storage_in,82,84,18,47,13065.259440000002,1.0,11499.540559999998,175,4,0,22,move,,False,1,2,1,22,True,no,none,9
legacy_offset64_merge32,edge_score_event,event_trace,18,82,82:storage_in,82,84,22,47,13074.659440000001,1.0,11498.54056,207,5,1,26,move,,False,2,3,1,24,False,no,none,none
legacy_offset64_merge32,edge_score_event,event_trace,18,82,82:storage_in,82,84,26,47,13082.45944,1.0,11469.54056,238,6,0,43,move,,False,2,2,0,,False,no,none,none
legacy_offset64_merge32,edge_score_event,event_trace,18,82,82:storage_in,82,84,43,47,13085.05944,1.0,11468.54056,248,7,0,15,move,,False,2,2,0,,False,no,none,none
legacy_offset64_merge32,edge_score_event,event_trace,18,82,82:storage_in,82,84,15,47,13089.259440000002,1.0,11467.540559999998,262,8,0,14,move,,False,2,2,0,,False,no,none,none
legacy_offset64_merge32,edge_score_event,event_trace,18,82,82:storage_in,82,84,14,47,13091.859440000002,1.0,11466.540559999998,270,9,0,46,move,,False,2,2,0,,False,no,none,none
legacy_offset64_merge32,edge_score_event,event_trace,18,82,82:storage_in,82,84,46,47,13094.459440000002,1.0,11465.540559999998,277,10,1,36,move,,False,2,3,1,,False,no,none,none
legacy_offset64_merge32,edge_score_event,event_trace,18,82,82:storage_in,82,84,36,47,13110.259440000002,1.0,11464.540559999998,309,11,0,38,move,,False,2,3,1,,False,no,none,none
legacy_offset64_merge32,edge_score_event,event_trace,18,82,82:storage_in,82,84,38,47,13124.05944,1.0,11463.54056,323,12,1,39,move,,False,2,3,1,,False,no,none,none
legacy_offset64_merge32,edge_score_event,event_trace,18,82,82:storage_in,82,84,39,47,13133.45944,1.0,11462.54056,327,13,1,47,move,,False,3,3,0,,False,no,none,none
legacy_offset64_merge32,edge_score_event,event_trace,19,83,83:storage_in,83,85,3,47,13057.28828,0.0,9100.71172,152,1,0,16,move,,False,2,2,0,16,True,no,none,none
legacy_offset64_merge32,edge_score_event,event_trace,19,83,83:storage_in,83,85,16,47,13059.888280000001,0.0,9099.71172,158,2,0,17,move,,False,3,3,0,17,True,no,none,none
legacy_offset64_merge32,edge_score_event,event_trace,19,83,83:storage_in,83,85,17,47,13064.488280000001,0.0,9098.71172,172,3,0,18,move,,False,1,2,1,18,True,no,none,none
legacy_offset64_merge32,edge_score_event,event_trace,19,83,83:storage_in,83,85,18,47,13067.088280000002,0.0,9097.711719999998,181,4,-1,18,none,no_safe_action,True,0,2,2,22,False,no,none,9
legacy_offset64_merge32,edge_score_event,event_trace,20,84,84:storage_in,84,86,4,47,13059.8454,0.0,10899.7546,157,1,1,4,hold,,False,1,2,1,17,False,no,none,none
legacy_offset64_merge32,edge_score_event,event_trace,20,84,84:storage_in,84,86,4,47,13060.8454,1.0,10898.7546,162,2,1,4,hold,,False,1,2,1,17,False,no,none,none
legacy_offset64_merge32,edge_score_event,event_trace,20,84,84:storage_in,84,86,4,47,13061.8454,2.0,10897.7546,166,3,0,17,move,,False,2,2,0,17,True,no,none,none
legacy_offset64_merge32,edge_score_event,event_trace,20,84,84:storage_in,84,86,17,47,13066.4454,2.0,10896.7546,180,4,1,17,hold,,False,1,2,1,18,False,no,none,none
legacy_offset64_merge32,edge_score_event,event_trace,20,84,84:storage_in,84,86,17,47,13067.4454,3.0,10895.7546,182,5,0,18,move,,False,2,2,0,18,True,no,none,none
legacy_offset64_merge32,edge_score_event,event_trace,20,84,84:storage_in,84,86,18,47,13070.0454,3.0,10894.754599999998,191,6,1,18,hold,,False,1,2,1,22,False,no,none,9
legacy_offset64_merge32,edge_score_event,event_trace,20,84,84:storage_in,84,86,18,47,13071.0454,4.0,10893.754599999998,193,7,1,18,hold,,False,1,2,1,22,False,no,none,9
legacy_offset64_merge32,edge_score_event,event_trace,20,84,84:storage_in,84,86,18,47,13072.0454,5.0,10892.754599999998,196,8,1,18,hold,,False,1,2,1,22,False,no,none,9
legacy_offset64_merge32,edge_score_event,event_trace,20,84,84:storage_in,84,86,18,47,13073.0454,6.0,10891.754599999998,201,9,-1,18,none,no_safe_action,True,0,2,2,22,False,no,none,9
legacy_offset64_merge32,edge_score_event,event_trace,21,85,85:storage_in,85,87,1,47,13060.10649,0.0,10897.89351,159,1,0,7,move,,False,2,2,0,7,True,no,none,none
legacy_offset64_merge32,edge_score_event,event_trace,21,85,85:storage_in,85,87,7,47,13065.90649,0.0,10896.89351,179,2,0,8,move,,False,2,2,0,8,True,no,none,none
legacy_offset64_merge32,edge_score_event,event_trace,21,85,85:storage_in,85,87,8,47,13068.50649,0.0,10895.89351,186,3,0,11,move,,False,2,2,0,11,True,no,none,none
legacy_offset64_merge32,edge_score_event,event_trace,21,85,85:storage_in,85,87,11,47,13072.70649,0.0,10894.89351,200,4,2,11,hold,,False,1,3,2,13,False,no,none,none
legacy_offset64_merge32,edge_score_event,event_trace,21,85,85:storage_in,85,87,11,47,13073.70649,1.0,10893.89351,204,5,2,11,hold,,False,1,3,2,13,False,no,none,none
legacy_offset64_merge32,edge_score_event,event_trace,21,85,85:storage_in,85,87,11,47,13074.70649,2.0,10892.89351,208,6,2,11,hold,,False,1,3,2,13,False,no,none,none
legacy_offset64_merge32,edge_score_event,event_trace,21,85,85:storage_in,85,87,11,47,13075.70649,3.0,10891.89351,211,7,1,14,move,,False,2,3,1,13,False,no,none,none
legacy_offset64_merge32,edge_score_event,event_trace,21,85,85:storage_in,85,87,14,47,13089.50649,3.0,10868.89351,263,8,0,46,move,,False,2,2,0,,False,no,none,none
legacy_offset64_merge32,edge_score_event,event_trace,21,85,85:storage_in,85,87,46,47,13092.10649,3.0,10867.89351,271,9,2,46,hold,,False,1,3,2,,False,no,none,none
legacy_offset64_merge32,edge_score_event,event_trace,21,85,85:storage_in,85,87,46,47,13093.10649,4.0,10866.89351,274,10,-1,46,none,no_safe_action,True,0,3,3,,False,no,none,none
legacy_offset64_merge32,edge_score_event,event_trace,22,86,86:storage_in,86,88,5,47,13062.51217,0.0,13297.88783,169,1,0,19,move,,False,2,2,0,19,True,no,none,none
legacy_offset64_merge32,edge_score_event,event_trace,22,86,86:storage_in,86,88,19,47,13065.11217,0.0,13296.88783,173,2,0,18,move,,False,3,3,0,25,False,no,none,none
legacy_offset64_merge32,edge_score_event,event_trace,22,86,86:storage_in,86,88,18,47,13068.91217,0.0,13295.88783,188,3,-1,18,none,no_safe_action,True,0,2,2,,False,no,none,none
legacy_offset64_merge32,edge_score_event,event_trace,23,87,87:storage_in,87,89,3,47,13065.17869,0.0,11192.82131,174,1,0,16,move,,False,2,2,0,16,True,no,none,none
legacy_offset64_merge32,edge_score_event,event_trace,23,87,87:storage_in,87,89,16,47,13067.778690000001,0.0,11191.82131,183,2,0,17,move,,False,3,3,0,21,False,no,none,none
legacy_offset64_merge32,edge_score_event,event_trace,23,87,87:storage_in,87,89,17,47,13072.378690000001,0.0,11190.82131,198,3,0,18,move,,False,1,2,1,,False,no,none,none
legacy_offset64_merge32,edge_score_event,event_trace,23,87,87:storage_in,87,89,18,47,13074.978690000002,0.0,11189.821309999998,210,4,0,22,move,,False,2,2,0,,False,no,none,none
legacy_offset64_merge32,edge_score_event,event_trace,23,87,87:storage_in,87,89,22,47,13084.378690000001,0.0,11188.82131,246,5,1,26,move,,False,3,3,0,,False,no,none,none
legacy_offset64_merge32,edge_score_event,event_trace,23,87,87:storage_in,87,89,26,47,13092.17869,0.0,11159.82131,272,6,0,43,move,,False,2,2,0,,False,no,none,none
legacy_offset64_merge32,edge_score_event,event_trace,23,87,87:storage_in,87,89,43,47,13094.778690000001,0.0,11158.82131,279,7,0,15,move,,False,2,2,0,,False,no,none,none
legacy_offset64_merge32,edge_score_event,event_trace,23,87,87:storage_in,87,89,15,47,13098.978690000002,0.0,11157.821309999998,285,8,0,14,move,,False,2,2,0,,False,no,none,none
legacy_offset64_merge32,edge_score_event,event_trace,23,87,87:storage_in,87,89,14,47,13101.578690000002,0.0,11156.821309999998,290,9,0,46,move,,False,1,2,1,,False,no,none,none
legacy_offset64_merge32,edge_score_event,event_trace,23,87,87:storage_in,87,89,46,47,13104.178690000002,0.0,11155.821309999998,296,10,2,46,hold,,False,1,3,2,,False,no,none,none
legacy_offset64_merge32,edge_score_event,event_trace,23,87,87:storage_in,87,89,46,47,13105.178690000002,1.0,11154.821309999998,298,11,-1,46,none,no_safe_action,True,0,3,3,,False,no,none,none
legacy_offset64_merge32,edge_score_event,event_trace,24,88,88:storage_in,88,90,2,47,13065.43983,0.0,12090.96017,176,1,0,9,move,,False,2,2,0,9,True,no,none,none
legacy_offset64_merge32,edge_score_event,event_trace,24,88,88:storage_in,88,90,9,47,13070.03983,0.0,12089.96017,190,2,0,7,move,,False,3,3,0,10,False,no,none,none
legacy_offset64_merge32,edge_score_event,event_trace,24,88,88:storage_in,88,90,7,47,13073.839829999999,0.0,12088.96017,205,3,1,7,hold,,False,1,2,1,,False,no,none,none
legacy_offset64_merge32,edge_score_event,event_trace,24,88,88:storage_in,88,90,7,47,13074.839829999999,1.0,12087.96017,209,4,0,8,move,,False,2,2,0,,False,no,none,none
legacy_offset64_merge32,edge_score_event,event_trace,24,88,88:storage_in,88,90,8,47,13077.43983,1.0,12086.96017,218,5,1,8,hold,,False,1,2,1,,False,no,none,none
legacy_offset64_merge32,edge_score_event,event_trace,24,88,88:storage_in,88,90,8,47,13078.43983,2.0,12085.96017,223,6,-1,8,none,no_safe_action,True,0,2,2,,False,no,none,none
legacy_offset64_merge32,edge_score_event,event_trace,25,89,89:storage_in,89,91,4,47,13067.84538,0.0,9991.75462,184,1,1,4,hold,,False,1,2,1,17,False,no,none,none
legacy_offset64_merge32,edge_score_event,event_trace,25,89,89:storage_in,89,91,4,47,13068.84538,1.0,9990.75462,187,2,0,17,move,,False,2,2,0,17,True,no,none,none
legacy_offset64_merge32,edge_score_event,event_trace,25,89,89:storage_in,89,91,17,47,13073.445380000001,1.0,9989.75462,203,3,1,17,hold,,False,1,2,1,18,False,no,none,none
legacy_offset64_merge32,edge_score_event,event_trace,25,89,89:storage_in,89,91,17,47,13074.445380000001,2.0,9988.75462,206,4,0,18,move,,False,2,2,0,18,True,no,none,none
legacy_offset64_merge32,edge_score_event,event_trace,25,89,89:storage_in,89,91,18,47,13077.045380000001,2.0,9987.754619999998,215,5,1,18,hold,,False,1,2,1,22,False,no,none,9
legacy_offset64_merge32,edge_score_event,event_trace,25,89,89:storage_in,89,91,18,47,13078.045380000001,3.0,9986.754619999998,221,6,1,18,hold,,False,1,2,1,22,False,no,none,9
legacy_offset64_merge32,edge_score_event,event_trace,25,89,89:storage_in,89,91,18,47,13079.045380000001,4.0,9985.754619999998,226,7,-1,18,none,no_safe_action,True,0,2,2,22,False,no,none,9
legacy_offset64_merge32,edge_score_event,event_trace,26,90,90:storage_in,90,92,0,47,13067.93782,0.0,12093.662180000001,185,1,0,6,move,,False,2,2,0,6,True,no,none,none
legacy_offset64_merge32,edge_score_event,event_trace,26,90,90:storage_in,90,92,6,47,13072.13782,0.0,12092.66218,197,2,0,8,move,,False,3,3,0,8,True,no,none,none
legacy_offset64_merge32,edge_score_event,event_trace,26,90,90:storage_in,90,92,8,47,13075.93782,0.0,12088.46218,213,3,0,11,move,,False,1,2,1,11,True,no,none,none
legacy_offset64_merge32,edge_score_event,event_trace,26,90,90:storage_in,90,92,11,47,13080.13782,0.0,12087.46218,232,4,0,13,move,,False,2,3,1,14,False,no,none,none
legacy_offset64_merge32,edge_score_event,event_trace,26,90,90:storage_in,90,92,13,47,13092.33782,0.0,12086.462179999999,273,5,0,23,move,,False,2,2,0,,False,no,none,none
legacy_offset64_merge32,edge_score_event,event_trace,26,90,90:storage_in,90,92,23,47,13096.537820000001,0.0,12085.462179999999,282,6,0,24,move,,False,2,2,0,,False,no,none,none
legacy_offset64_merge32,edge_score_event,event_trace,26,90,90:storage_in,90,92,24,47,13099.137820000002,0.0,12084.462179999999,287,7,0,27,move,,False,2,2,0,,False,no,none,none
legacy_offset64_merge32,edge_score_event,event_trace,26,90,90:storage_in,90,92,27,47,13101.737820000002,0.0,12083.462179999999,291,8,0,28,move,,False,2,3,1,,False,no,none,none
legacy_offset64_merge32,edge_score_event,event_trace,26,90,90:storage_in,90,92,28,47,13113.537820000001,0.0,12082.462179999999,314,9,1,47,move,,False,3,3,0,,False,no,none,none
legacy_offset64_merge32,edge_score_event,event_trace,27,91,91:storage_in,91,93,4,47,13069.4367,0.0,12090.1633,189,1,1,4,hold,,False,1,2,1,17,False,no,none,none
legacy_offset64_merge32,edge_score_event,event_trace,27,91,91:storage_in,91,93,4,47,13070.4367,1.0,12089.1633,192,2,1,4,hold,,False,1,2,1,17,False,no,none,none
legacy_offset64_merge32,edge_score_event,event_trace,27,91,91:storage_in,91,93,4,47,13071.4367,2.0,12088.1633,194,3,1,4,hold,,False,1,2,1,17,False,no,none,none
legacy_offset64_merge32,edge_score_event,event_trace,27,91,91:storage_in,91,93,4,47,13072.4367,3.0,12087.1633,199,4,1,4,hold,,False,1,2,1,17,False,no,none,none
legacy_offset64_merge32,edge_score_event,event_trace,27,91,91:storage_in,91,93,4,47,13073.4367,4.0,12086.1633,202,5,0,17,move,,False,2,2,0,17,True,no,none,none
legacy_offset64_merge32,edge_score_event,event_trace,27,91,91:storage_in,91,93,17,47,13078.0367,4.0,12085.1633,220,6,0,18,move,,False,2,2,0,18,True,no,none,none
legacy_offset64_merge32,edge_score_event,event_trace,27,91,91:storage_in,91,93,18,47,13080.636700000001,4.0,12084.163299999998,234,7,1,18,hold,,False,1,2,1,22,False,no,none,9
legacy_offset64_merge32,edge_score_event,event_trace,27,91,91:storage_in,91,93,18,47,13081.636700000001,5.0,12083.163299999998,236,8,1,18,hold,,False,1,2,1,22,False,no,none,9
legacy_offset64_merge32,edge_score_event,event_trace,27,91,91:storage_in,91,93,18,47,13082.636700000001,6.0,12082.163299999998,239,9,-1,18,none,no_safe_action,True,0,2,2,22,False,no,none,9
legacy_offset64_merge32,edge_score_event,event_trace,28,92,92:storage_in,92,94,1,47,13071.49516,0.0,13886.50484,195,1,0,7,move,,False,2,2,0,7,True,no,none,none
legacy_offset64_merge32,edge_score_event,event_trace,28,92,92:storage_in,92,94,7,47,13077.29516,0.0,13885.50484,217,2,0,8,move,,False,2,2,0,8,True,no,none,none
legacy_offset64_merge32,edge_score_event,event_trace,28,92,92:storage_in,92,94,8,47,13079.89516,0.0,13884.50484,229,3,0,11,move,,False,2,2,0,11,True,no,none,none
legacy_offset64_merge32,edge_score_event,event_trace,28,92,92:storage_in,92,94,11,47,13084.09516,0.0,13883.50484,244,4,2,11,hold,,False,1,3,2,14,False,no,none,none
legacy_offset64_merge32,edge_score_event,event_trace,28,92,92:storage_in,92,94,11,47,13085.09516,1.0,13882.50484,249,5,2,11,hold,,False,1,3,2,14,False,no,none,none
legacy_offset64_merge32,edge_score_event,event_trace,28,92,92:storage_in,92,94,11,47,13086.09516,2.0,13881.50484,252,6,2,11,hold,,False,1,3,2,14,False,no,none,none
legacy_offset64_merge32,edge_score_event,event_trace,28,92,92:storage_in,92,94,11,47,13087.09516,3.0,13880.50484,255,7,2,11,hold,,False,1,3,2,14,False,no,none,none
legacy_offset64_merge32,edge_score_event,event_trace,28,92,92:storage_in,92,94,11,47,13088.09516,4.0,13879.50484,258,8,2,11,hold,,False,1,3,2,14,False,no,none,none
legacy_offset64_merge32,edge_score_event,event_trace,28,92,92:storage_in,92,94,11,47,13089.09516,5.0,13878.50484,261,9,1,14,move,,False,1,3,2,14,True,no,none,none
legacy_offset64_merge32,edge_score_event,event_trace,28,92,92:storage_in,92,94,14,47,13102.89516,5.0,13855.50484,293,10,1,14,hold,,False,1,2,1,46,False,no,none,none
legacy_offset64_merge32,edge_score_event,event_trace,28,92,92:storage_in,92,94,14,47,13103.89516,6.0,13854.50484,294,11,0,46,move,,False,2,2,0,46,True,no,none,none
legacy_offset64_merge32,edge_score_event,event_trace,28,92,92:storage_in,92,94,46,47,13106.49516,6.0,13853.50484,299,12,2,46,hold,,False,1,3,2,36,False,no,none,none
legacy_offset64_merge32,edge_score_event,event_trace,28,92,92:storage_in,92,94,46,47,13107.49516,7.0,13852.50484,301,13,2,46,hold,,False,1,3,2,36,False,no,none,none
legacy_offset64_merge32,edge_score_event,event_trace,28,92,92:storage_in,92,94,46,47,13108.49516,8.0,13851.50484,305,14,2,46,hold,,False,1,3,2,36,False,no,none,none
legacy_offset64_merge32,edge_score_event,event_trace,28,92,92:storage_in,92,94,46,47,13109.49516,9.0,13850.50484,307,15,1,36,move,,False,2,3,1,36,True,no,none,none
legacy_offset64_merge32,edge_score_event,event_trace,28,92,92:storage_in,92,94,36,47,13125.29516,9.0,13849.50484,326,16,0,38,move,,False,2,3,1,38,True,no,none,none
legacy_offset64_merge32,edge_score_event,event_trace,28,92,92:storage_in,92,94,38,47,13139.095159999999,9.0,13848.504840000001,328,17,1,39,move,,False,2,3,1,39,True,no,none,none
legacy_offset64_merge32,edge_score_event,event_trace,28,92,92:storage_in,92,94,39,47,13148.495159999999,9.0,13847.504840000001,330,18,1,47,move,,False,3,3,0,47,True,no,none,none
legacy_offset64_merge32,edge_score_event,event_trace,29,93,93:storage_in,93,95,2,47,13075.92116,0.0,13580.47884,212,1,0,9,move,,False,2,2,0,9,True,no,none,none
legacy_offset64_merge32,edge_score_event,event_trace,29,93,93:storage_in,93,95,9,47,13080.52116,0.0,13579.47884,233,2,0,7,move,,False,3,3,0,7,True,no,none,none
legacy_offset64_merge32,edge_score_event,event_trace,29,93,93:storage_in,93,95,7,47,13084.32116,0.0,13578.47884,245,3,1,7,hold,,False,1,2,1,8,False,no,none,none
legacy_offset64_merge32,edge_score_event,event_trace,29,93,93:storage_in,93,95,7,47,13085.32116,1.0,13577.47884,250,4,0,8,move,,False,2,2,0,8,True,no,none,none
legacy_offset64_merge32,edge_score_event,event_trace,29,93,93:storage_in,93,95,8,47,13087.92116,1.0,13576.47884,256,5,1,8,hold,,False,1,2,1,11,False,no,none,none
legacy_offset64_merge32,edge_score_event,event_trace,29,93,93:storage_in,93,95,8,47,13088.92116,2.0,13575.47884,259,6,1,8,hold,,False,1,2,1,11,False,no,none,none
legacy_offset64_merge32,edge_score_event,event_trace,29,93,93:storage_in,93,95,8,47,13089.92116,3.0,13574.47884,264,7,0,11,move,,False,2,2,0,11,True,no,none,none
legacy_offset64_merge32,edge_score_event,event_trace,29,93,93:storage_in,93,95,11,47,13094.12116,3.0,13573.47884,276,8,2,11,hold,,False,1,3,2,13,False,no,none,none
legacy_offset64_merge32,edge_score_event,event_trace,29,93,93:storage_in,93,95,11,47,13095.12116,4.0,13572.47884,280,9,2,11,hold,,False,1,3,2,13,False,no,none,none
legacy_offset64_merge32,edge_score_event,event_trace,29,93,93:storage_in,93,95,11,47,13096.12116,5.0,13571.47884,281,10,2,11,hold,,False,1,3,2,13,False,no,none,none
legacy_offset64_merge32,edge_score_event,event_trace,29,93,93:storage_in,93,95,11,47,13097.12116,6.0,13570.47884,283,11,2,11,hold,,False,1,3,2,13,False,no,none,none
legacy_offset64_merge32,edge_score_event,event_trace,29,93,93:storage_in,93,95,11,47,13098.12116,7.0,13569.47884,284,12,2,11,hold,,False,1,3,2,13,False,no,none,none
legacy_offset64_merge32,edge_score_event,event_trace,29,93,93:storage_in,93,95,11,47,13099.12116,8.0,13568.47884,286,13,2,11,hold,,False,1,3,2,13,False,no,none,none
legacy_offset64_merge32,edge_score_event,event_trace,29,93,93:storage_in,93,95,11,47,13100.12116,9.0,13567.47884,288,14,2,11,hold,,False,1,3,2,13,False,no,none,none
legacy_offset64_merge32,edge_score_event,event_trace,29,93,93:storage_in,93,95,11,47,13101.12116,10.0,13566.47884,289,15,2,11,hold,,False,1,3,2,13,False,no,none,none
legacy_offset64_merge32,edge_score_event,event_trace,29,93,93:storage_in,93,95,11,47,13102.12116,11.0,13565.47884,292,16,1,14,move,,False,2,3,1,13,False,no,none,none
legacy_offset64_merge32,edge_score_event,event_trace,29,93,93:storage_in,93,95,14,47,13115.92116,11.0,13542.47884,315,17,0,46,move,,False,2,2,0,,False,no,none,none
legacy_offset64_merge32,edge_score_event,event_trace,29,93,93:storage_in,93,95,46,47,13118.52116,11.0,13541.47884,317,18,2,46,hold,,False,1,3,2,,False,no,none,none
legacy_offset64_merge32,edge_score_event,event_trace,29,93,93:storage_in,93,95,46,47,13119.52116,12.0,13540.47884,318,19,2,46,hold,,False,1,3,2,,False,no,none,none
legacy_offset64_merge32,edge_score_event,event_trace,29,93,93:storage_in,93,95,46,47,13120.52116,13.0,13539.47884,319,20,2,46,hold,,False,1,3,2,,False,no,none,none
legacy_offset64_merge32,edge_score_event,event_trace,29,93,93:storage_in,93,95,46,47,13121.52116,14.0,13538.47884,320,21,2,46,hold,,False,1,3,2,,False,no,none,none
legacy_offset64_merge32,edge_score_event,event_trace,29,93,93:storage_in,93,95,46,47,13122.52116,15.0,13537.47884,321,22,2,46,hold,,False,1,3,2,,False,no,none,none
legacy_offset64_merge32,edge_score_event,event_trace,29,93,93:storage_in,93,95,46,47,13123.52116,16.0,13536.47884,322,23,2,46,hold,,False,1,3,2,,False,no,none,none
legacy_offset64_merge32,edge_score_event,event_trace,29,93,93:storage_in,93,95,46,47,13124.52116,17.0,13535.47884,324,24,1,36,move,,False,2,3,1,,False,no,none,none
legacy_offset64_merge32,edge_score_event,event_trace,29,93,93:storage_in,93,95,36,47,13140.32116,17.0,13534.47884,329,25,0,38,move,,False,2,3,1,,False,no,none,none
legacy_offset64_merge32,edge_score_event,event_trace,29,93,93:storage_in,93,95,38,47,13154.121159999999,17.0,13533.478840000002,331,26,1,39,move,,False,2,3,1,,False,no,none,none
legacy_offset64_merge32,edge_score_event,event_trace,29,93,93:storage_in,93,95,39,47,13163.521159999998,17.0,13532.478840000002,332,27,1,47,move,,False,3,3,0,,False,no,none,none
legacy_offset64_merge32,edge_score_event,event_trace,30,94,94:storage_in,94,96,5,47,13077.44086,0.0,12082.959139999999,219,1,0,19,move,,False,2,2,0,19,True,no,none,none
legacy_offset64_merge32,edge_score_event,event_trace,30,94,94:storage_in,94,96,19,47,13080.040860000001,0.0,12081.959139999999,230,2,0,18,move,,False,3,3,0,25,False,no,none,none
legacy_offset64_merge32,edge_score_event,event_trace,30,94,94:storage_in,94,96,18,47,13083.84086,0.0,12080.959139999999,242,3,0,22,move,,False,2,2,0,,False,no,none,none
legacy_offset64_merge32,edge_score_event,event_trace,30,94,94:storage_in,94,96,22,47,13093.24086,0.0,12079.95914,275,4,0,24,move,,False,3,3,0,,False,no,none,none
legacy_offset64_merge32,edge_score_event,event_trace,30,94,94:storage_in,94,96,24,47,13104.64086,0.0,12078.95914,297,5,0,27,move,,False,2,2,0,,False,no,none,none
legacy_offset64_merge32,edge_score_event,event_trace,30,94,94:storage_in,94,96,27,47,13107.24086,0.0,12077.95914,300,6,2,27,hold,,False,1,3,2,,False,no,none,none
legacy_offset64_merge32,edge_score_event,event_trace,30,94,94:storage_in,94,96,27,47,13108.24086,1.0,12076.95914,303,7,2,27,hold,,False,1,3,2,,False,no,none,none
legacy_offset64_merge32,edge_score_event,event_trace,30,94,94:storage_in,94,96,27,47,13109.24086,2.0,12075.95914,306,8,2,27,hold,,False,1,3,2,,False,no,none,none
legacy_offset64_merge32,edge_score_event,event_trace,30,94,94:storage_in,94,96,27,47,13110.24086,3.0,12074.95914,308,9,2,27,hold,,False,1,3,2,,False,no,none,none
legacy_offset64_merge32,edge_score_event,event_trace,30,94,94:storage_in,94,96,27,47,13111.24086,4.0,12073.95914,311,10,2,27,hold,,False,1,3,2,,False,no,none,none
legacy_offset64_merge32,edge_score_event,event_trace,30,94,94:storage_in,94,96,27,47,13112.24086,5.0,12072.95914,312,11,-1,27,none,no_safe_action,True,0,3,3,,False,no,none,none
legacy_offset64_merge32,edge_score_event,event_trace,31,95,95:storage_in,95,97,0,47,13078.60448,0.0,11482.99552,224,1,0,6,move,,False,2,2,0,6,True,no,none,none
legacy_offset64_merge32,edge_score_event,event_trace,31,95,95:storage_in,95,97,6,47,13082.80448,0.0,11481.995519999999,240,2,0,8,move,,False,3,3,0,12,False,no,none,none
legacy_offset64_merge32,edge_score_event,event_trace,31,95,95:storage_in,95,97,8,47,13086.60448,0.0,11477.79552,253,3,0,11,move,,False,1,2,1,,False,no,none,none
legacy_offset64_merge32,edge_score_event,event_trace,31,95,95:storage_in,95,97,11,47,13090.80448,0.0,11476.79552,266,4,2,11,hold,,False,1,3,2,,False,no,none,none
legacy_offset64_merge32,edge_score_event,event_trace,31,95,95:storage_in,95,97,11,47,13091.80448,1.0,11475.79552,269,5,0,13,move,,False,2,3,1,,False,no,none,none
legacy_offset64_merge32,edge_score_event,event_trace,31,95,95:storage_in,95,97,13,47,13104.004480000001,1.0,11474.795519999998,295,6,0,23,move,,False,2,2,0,23,True,no,none,9
legacy_offset64_merge32,edge_score_event,event_trace,31,95,95:storage_in,95,97,23,47,13108.204480000002,1.0,11473.795519999998,302,7,0,24,move,,False,2,2,0,24,True,no,none,none
legacy_offset64_merge32,edge_score_event,event_trace,31,95,95:storage_in,95,97,24,47,13110.804480000003,1.0,11472.795519999998,310,8,0,27,move,,False,2,2,0,27,True,no,none,none
legacy_offset64_merge32,edge_score_event,event_trace,31,95,95:storage_in,95,97,27,47,13113.404480000003,1.0,11471.795519999998,313,9,0,28,move,,False,2,3,1,28,True,no,none,none
legacy_offset64_merge32,edge_score_event,event_trace,31,95,95:storage_in,95,97,28,47,13125.204480000002,1.0,11470.795519999998,325,10,1,47,move,,False,3,3,0,47,True,no,none,none
legacy_offset64_merge32,fallback_event,event_trace,0,64,64:storage_in,64,66,3,47,12474.63977,0.0,12083.36023,1,1,-1,16,move,,True,2,2,0,16,True,no,none,none
legacy_offset64_merge32,fallback_event,event_trace,0,64,64:storage_in,64,66,16,47,12477.23977,0.0,12082.36023,3,2,-1,21,move,,True,3,3,0,21,True,no,none,none
legacy_offset64_merge32,fallback_event,event_trace,0,64,64:storage_in,64,66,21,47,12501.03977,0.0,12076.160230000001,61,3,-1,23,move,,True,2,2,0,23,True,no,none,none
legacy_offset64_merge32,fallback_event,event_trace,0,64,64:storage_in,64,66,23,47,12506.839769999999,0.0,12075.160230000001,76,4,-1,24,move,,True,2,2,0,24,True,no,none,none
legacy_offset64_merge32,fallback_event,event_trace,0,64,64:storage_in,64,66,24,47,12509.439769999999,0.0,12074.160230000001,83,5,-1,27,move,,True,2,2,0,27,True,no,none,none
legacy_offset64_merge32,fallback_event,event_trace,0,64,64:storage_in,64,66,27,47,12512.03977,0.0,12073.160230000001,90,6,-1,27,hold,,True,1,3,2,28,False,no,none,none
legacy_offset64_merge32,fallback_event,event_trace,0,64,64:storage_in,64,66,27,47,12513.03977,1.0,12072.160230000001,94,7,-1,27,hold,,True,1,3,2,28,False,no,none,none
legacy_offset64_merge32,fallback_event,event_trace,0,64,64:storage_in,64,66,27,47,12514.03977,2.0,12071.160230000001,96,8,-1,27,hold,,True,1,3,2,28,False,no,none,none
legacy_offset64_merge32,fallback_event,event_trace,0,64,64:storage_in,64,66,27,47,12515.03977,3.0,12070.160230000001,98,9,-1,27,hold,,True,1,3,2,28,False,no,none,none
legacy_offset64_merge32,fallback_event,event_trace,0,64,64:storage_in,64,66,27,47,12516.03977,4.0,12069.160230000001,101,10,-1,27,hold,,True,1,3,2,28,False,no,none,none
legacy_offset64_merge32,fallback_event,event_trace,0,64,64:storage_in,64,66,27,47,12517.03977,5.0,12068.160230000001,104,11,-1,27,hold,,True,1,3,2,28,False,no,none,none
legacy_offset64_merge32,fallback_event,event_trace,0,64,64:storage_in,64,66,27,47,12518.03977,6.0,12067.160230000001,105,12,-1,27,hold,,True,1,3,2,28,False,no,none,none
legacy_offset64_merge32,fallback_event,event_trace,0,64,64:storage_in,64,66,27,47,12519.03977,7.0,12066.160230000001,107,13,-1,28,move,,True,2,3,1,28,True,no,none,none
legacy_offset64_merge32,fallback_event,event_trace,0,64,64:storage_in,64,66,28,47,12530.839769999999,7.0,12065.160230000001,131,14,-1,47,move,,True,3,3,0,47,True,no,none,none
legacy_offset64_merge32,fallback_event,event_trace,1,65,65:storage_in,65,67,0,47,12475.93777,0.0,12385.66223,2,1,-1,6,move,,True,2,2,0,6,True,no,none,none
legacy_offset64_merge32,fallback_event,event_trace,1,65,65:storage_in,65,67,6,47,12480.137770000001,0.0,12384.662229999998,7,2,-1,12,move,,True,3,3,0,8,False,no,none,none
legacy_offset64_merge32,fallback_event,event_trace,1,65,65:storage_in,65,67,12,47,12491.137770000001,0.0,12383.662229999998,32,3,-1,13,move,,True,2,2,0,,False,no,none,none
legacy_offset64_merge32,fallback_event,event_trace,1,65,65:storage_in,65,67,13,47,12496.137770000001,0.0,12382.662229999998,45,4,-1,13,hold,,True,1,2,1,,False,no,none,none
legacy_offset64_merge32,fallback_event,event_trace,1,65,65:storage_in,65,67,13,47,12497.137770000001,1.0,12381.662229999998,48,5,-1,13,hold,,True,1,2,1,,False,no,none,none
legacy_offset64_merge32,fallback_event,event_trace,1,65,65:storage_in,65,67,13,47,12498.137770000001,2.0,12380.662229999998,52,6,-1,13,hold,,True,1,2,1,,False,no,none,none
legacy_offset64_merge32,fallback_event,event_trace,1,65,65:storage_in,65,67,13,47,12499.137770000001,3.0,12379.662229999998,55,7,-1,13,hold,,True,1,2,1,,False,no,none,none
legacy_offset64_merge32,fallback_event,event_trace,1,65,65:storage_in,65,67,13,47,12500.137770000001,4.0,12378.662229999998,58,8,-1,13,hold,,True,1,2,1,,False,no,none,none
legacy_offset64_merge32,fallback_event,event_trace,1,65,65:storage_in,65,67,13,47,12501.137770000001,5.0,12377.662229999998,62,9,-1,13,hold,,True,1,2,1,,False,no,none,none
legacy_offset64_merge32,fallback_event,event_trace,1,65,65:storage_in,65,67,13,47,12502.137770000001,6.0,12376.662229999998,65,10,-1,13,none,no_safe_action,True,0,2,2,,False,no,none,none
legacy_offset64_merge32,fallback_event,event_trace,2,66,66:storage_in,66,68,4,47,12477.43655,0.0,13282.16345,4,1,-1,17,move,,True,2,2,0,17,True,no,none,none
legacy_offset64_merge32,fallback_event,event_trace,2,66,66:storage_in,66,68,17,47,12482.03655,0.0,13281.16345,8,2,-1,18,move,,True,2,2,0,18,True,no,none,none
legacy_offset64_merge32,fallback_event,event_trace,2,66,66:storage_in,66,68,18,47,12484.636550000001,0.0,13280.163449999998,13,3,-1,22,move,,True,1,2,1,22,True,no,none,9
legacy_offset64_merge32,fallback_event,event_trace,2,66,66:storage_in,66,68,22,47,12494.03655,0.0,13279.16345,40,4,-1,24,move,,True,3,3,0,24,True,no,none,none
legacy_offset64_merge32,fallback_event,event_trace,2,66,66:storage_in,66,68,24,47,12505.43655,0.0,13278.16345,74,5,-1,27,move,,True,2,2,0,27,True,no,none,none
legacy_offset64_merge32,fallback_event,event_trace,2,66,66:storage_in,66,68,27,47,12508.03655,0.0,13277.16345,79,6,-1,28,move,,True,2,3,1,28,True,no,none,none
legacy_offset64_merge32,fallback_event,event_trace,2,66,66:storage_in,66,68,28,47,12519.83655,0.0,13276.16345,109,7,-1,47,move,,True,3,3,0,47,True,no,none,none
legacy_offset64_merge32,fallback_event,event_trace,3,67,67:storage_in,67,69,1,47,12478.58782,0.0,13879.41218,5,1,-1,7,move,,True,2,2,0,7,True,no,none,none
legacy_offset64_merge32,fallback_event,event_trace,3,67,67:storage_in,67,69,7,47,12484.38782,0.0,13878.41218,12,2,-1,8,move,,True,2,2,0,8,True,no,none,none
legacy_offset64_merge32,fallback_event,event_trace,3,67,67:storage_in,67,69,8,47,12486.98782,0.0,13877.41218,19,3,-1,11,move,,True,2,2,0,11,True,no,none,none
legacy_offset64_merge32,fallback_event,event_trace,3,67,67:storage_in,67,69,11,47,12491.187820000001,0.0,13876.41218,33,4,-1,13,move,,True,3,3,0,14,False,no,none,none
legacy_offset64_merge32,fallback_event,event_trace,3,67,67:storage_in,67,69,13,47,12503.387820000002,0.0,13875.412179999998,69,5,-1,13,hold,,True,1,2,1,,False,no,none,none
legacy_offset64_merge32,fallback_event,event_trace,3,67,67:storage_in,67,69,13,47,12504.387820000002,1.0,13874.412179999998,72,6,-1,13,hold,,True,1,2,1,,False,no,none,none
legacy_offset64_merge32,fallback_event,event_trace,3,67,67:storage_in,67,69,13,47,12505.387820000002,2.0,13873.412179999998,73,7,-1,13,none,no_safe_action,True,0,2,2,,False,no,none,none
legacy_offset64_merge32,fallback_event,event_trace,4,68,68:storage_in,68,70,5,47,12480.10318,0.0,12080.29682,6,1,-1,19,move,,True,2,2,0,19,True,no,none,none
legacy_offset64_merge32,fallback_event,event_trace,4,68,68:storage_in,68,70,19,47,12482.70318,0.0,12079.29682,10,2,-1,18,move,,True,3,3,0,18,True,no,none,none
legacy_offset64_merge32,fallback_event,event_trace,4,68,68:storage_in,68,70,18,47,12486.50318,0.0,12078.29682,17,3,-1,18,hold,,True,1,2,1,22,False,no,none,9
legacy_offset64_merge32,fallback_event,event_trace,4,68,68:storage_in,68,70,18,47,12487.50318,1.0,12077.29682,20,4,-1,18,hold,,True,1,2,1,22,False,no,none,9
legacy_offset64_merge32,fallback_event,event_trace,4,68,68:storage_in,68,70,18,47,12488.50318,2.0,12076.29682,22,5,-1,18,hold,,True,1,2,1,22,False,no,none,9
legacy_offset64_merge32,fallback_event,event_trace,4,68,68:storage_in,68,70,18,47,12489.50318,3.0,12075.29682,25,6,-1,18,hold,,True,1,2,1,22,False,no,none,9
legacy_offset64_merge32,fallback_event,event_trace,4,68,68:storage_in,68,70,18,47,12490.50318,4.0,12074.29682,27,7,-1,18,none,no_safe_action,True,0,2,2,22,False,no,none,9
legacy_offset64_merge32,fallback_event,event_trace,5,69,69:storage_in,69,71,3,47,12482.66742,0.0,12375.33258,9,1,-1,16,move,,True,2,2,0,16,True,no,none,none
legacy_offset64_merge32,fallback_event,event_trace,5,69,69:storage_in,69,71,16,47,12485.26742,0.0,12374.33258,14,2,-1,17,move,,True,2,3,1,21,False,no,none,none
legacy_offset64_merge32,fallback_event,event_trace,5,69,69:storage_in,69,71,17,47,12489.86742,0.0,12373.33258,26,3,-1,18,move,,True,1,2,1,,False,no,none,none
legacy_offset64_merge32,fallback_event,event_trace,5,69,69:storage_in,69,71,18,47,12492.46742,0.0,12372.332579999998,36,4,-1,18,none,no_safe_action,True,0,2,2,,False,no,none,none
legacy_offset64_merge32,fallback_event,event_trace,6,70,70:storage_in,70,72,2,47,12484.10648,0.0,10872.29352,11,1,-1,9,move,,True,2,2,0,9,True,no,none,none
legacy_offset64_merge32,fallback_event,event_trace,6,70,70:storage_in,70,72,9,47,12488.70648,0.0,10871.29352,23,2,-1,7,move,,True,3,3,0,7,True,no,none,none
legacy_offset64_merge32,fallback_event,event_trace,6,70,70:storage_in,70,72,7,47,12492.50648,0.0,10870.29352,37,3,-1,8,move,,True,2,2,0,8,True,no,none,none
legacy_offset64_merge32,fallback_event,event_trace,6,70,70:storage_in,70,72,8,47,12495.10648,0.0,10869.29352,42,4,-1,11,move,,True,2,2,0,11,True,no,none,none
legacy_offset64_merge32,fallback_event,event_trace,6,70,70:storage_in,70,72,11,47,12499.306480000001,0.0,10868.29352,56,5,-1,14,move,,True,2,3,1,14,True,no,none,none
legacy_offset64_merge32,fallback_event,event_trace,6,70,70:storage_in,70,72,14,47,12513.10648,0.0,10845.29352,95,6,-1,46,move,,True,2,2,0,46,True,no,none,none
legacy_offset64_merge32,fallback_event,event_trace,6,70,70:storage_in,70,72,46,47,12515.70648,0.0,10844.29352,100,7,-1,36,move,,True,2,3,1,36,True,no,none,none
legacy_offset64_merge32,fallback_event,event_trace,6,70,70:storage_in,70,72,36,47,12531.50648,0.0,10843.29352,132,8,-1,38,move,,True,2,3,1,38,True,no,none,none
legacy_offset64_merge32,fallback_event,event_trace,6,70,70:storage_in,70,72,38,47,12545.30648,0.0,10842.293520000001,134,9,-1,39,move,,True,2,3,1,39,True,no,none,none
legacy_offset64_merge32,fallback_event,event_trace,6,70,70:storage_in,70,72,39,47,12554.706479999999,0.0,10841.293520000001,136,10,-1,47,move,,True,3,3,0,47,True,no,none,none
legacy_offset64_merge32,fallback_event,event_trace,7,71,71:storage_in,71,73,4,47,12485.3062,0.0,13274.2938,15,1,-1,4,hold,,True,1,2,1,17,False,no,none,none
legacy_offset64_merge32,fallback_event,event_trace,7,71,71:storage_in,71,73,4,47,12486.3062,1.0,13273.2938,16,2,-1,17,move,,True,2,2,0,17,True,no,none,none
legacy_offset64_merge32,fallback_event,event_trace,7,71,71:storage_in,71,73,17,47,12490.906200000001,1.0,13272.2938,31,3,-1,17,hold,,True,1,2,1,18,False,no,none,none
legacy_offset64_merge32,fallback_event,event_trace,7,71,71:storage_in,71,73,17,47,12491.906200000001,2.0,13271.2938,34,4,-1,17,hold,,True,1,2,1,18,False,no,none,none
legacy_offset64_merge32,fallback_event,event_trace,7,71,71:storage_in,71,73,17,47,12492.906200000001,3.0,13270.2938,38,5,-1,18,move,,True,2,2,0,18,True,no,none,none
legacy_offset64_merge32,fallback_event,event_trace,7,71,71:storage_in,71,73,18,47,12495.506200000002,3.0,13269.293799999998,44,6,-1,18,hold,,True,1,2,1,22,False,no,none,9
legacy_offset64_merge32,fallback_event,event_trace,7,71,71:storage_in,71,73,18,47,12496.506200000002,4.0,13268.293799999998,46,7,-1,18,hold,,True,1,2,1,22,False,no,none,9
legacy_offset64_merge32,fallback_event,event_trace,7,71,71:storage_in,71,73,18,47,12497.506200000002,5.0,13267.293799999998,49,8,-1,18,hold,,True,1,2,1,22,False,no,none,9
legacy_offset64_merge32,fallback_event,event_trace,7,71,71:storage_in,71,73,18,47,12498.506200000002,6.0,13266.293799999998,53,9,-1,18,hold,,True,1,2,1,22,False,no,none,9
legacy_offset64_merge32,fallback_event,event_trace,7,71,71:storage_in,71,73,18,47,12499.506200000002,7.0,13265.293799999998,57,10,-1,18,none,no_safe_action,True,0,2,2,22,False,no,none,9
legacy_offset64_merge32,fallback_event,event_trace,8,72,72:storage_in,72,74,0,47,12486.60448,0.0,10874.99552,18,1,-1,6,move,,True,2,2,0,6,True,no,none,none
legacy_offset64_merge32,fallback_event,event_trace,8,72,72:storage_in,72,74,6,47,12490.80448,0.0,10873.995519999999,30,2,-1,12,move,,True,3,3,0,12,True,no,none,none
legacy_offset64_merge32,fallback_event,event_trace,8,72,72:storage_in,72,74,12,47,12501.80448,0.0,10872.995519999999,64,3,-1,13,move,,True,2,2,0,13,True,no,none,none
legacy_offset64_merge32,fallback_event,event_trace,8,72,72:storage_in,72,74,13,47,12506.80448,0.0,10871.995519999999,75,4,-1,13,hold,,True,1,2,1,23,False,no,none,9
legacy_offset64_merge32,fallback_event,event_trace,8,72,72:storage_in,72,74,13,47,12507.80448,1.0,10870.995519999999,78,5,-1,13,hold,,True,1,2,1,23,False,no,none,9
legacy_offset64_merge32,fallback_event,event_trace,8,72,72:storage_in,72,74,13,47,12508.80448,2.0,10869.995519999999,81,6,-1,13,hold,,True,1,2,1,23,False,no,none,9
legacy_offset64_merge32,fallback_event,event_trace,8,72,72:storage_in,72,74,13,47,12509.80448,3.0,10868.995519999999,84,7,-1,13,hold,,True,1,2,1,23,False,no,none,9
legacy_offset64_merge32,fallback_event,event_trace,8,72,72:storage_in,72,74,13,47,12510.80448,4.0,10867.995519999999,86,8,-1,13,hold,,True,1,2,1,23,False,no,none,9
legacy_offset64_merge32,fallback_event,event_trace,8,72,72:storage_in,72,74,13,47,12511.80448,5.0,10866.995519999999,89,9,-1,13,hold,,True,1,2,1,23,False,no,none,9
legacy_offset64_merge32,fallback_event,event_trace,8,72,72:storage_in,72,74,13,47,12512.80448,6.0,10865.995519999999,92,10,-1,23,move,,True,2,2,0,23,True,no,none,9
legacy_offset64_merge32,fallback_event,event_trace,8,72,72:storage_in,72,74,23,47,12517.004480000001,6.0,10864.995519999999,103,11,-1,24,move,,True,2,2,0,24,True,no,none,none
legacy_offset64_merge32,fallback_event,event_trace,8,72,72:storage_in,72,74,24,47,12519.604480000002,6.0,10863.995519999999,108,12,-1,27,move,,True,2,2,0,27,True,no,none,none
legacy_offset64_merge32,fallback_event,event_trace,8,72,72:storage_in,72,74,27,47,12522.204480000002,6.0,10862.995519999999,112,13,-1,27,hold,,True,1,3,2,28,False,no,none,none
legacy_offset64_merge32,fallback_event,event_trace,8,72,72:storage_in,72,74,27,47,12523.204480000002,7.0,10861.995519999999,114,14,-1,27,hold,,True,1,3,2,28,False,no,none,none
legacy_offset64_merge32,fallback_event,event_trace,8,72,72:storage_in,72,74,27,47,12524.204480000002,8.0,10860.995519999999,116,15,-1,27,none,no_safe_action,True,0,3,3,28,False,no,none,none
legacy_offset64_merge32,fallback_event,event_trace,9,73,73:storage_in,73,75,5,47,12487.97299,0.0,9672.42701,21,1,-1,19,move,,True,2,2,0,19,True,no,none,none
legacy_offset64_merge32,fallback_event,event_trace,9,73,73:storage_in,73,75,19,47,12490.57299,0.0,9671.42701,28,2,-1,18,move,,True,3,3,0,18,True,no,none,none
legacy_offset64_merge32,fallback_event,event_trace,9,73,73:storage_in,73,75,18,47,12494.37299,0.0,9670.42701,41,3,-1,22,move,,True,1,2,1,22,True,no,none,9
legacy_offset64_merge32,fallback_event,event_trace,9,73,73:storage_in,73,75,22,47,12503.77299,0.0,9669.427010000001,71,4,-1,26,move,,True,2,3,1,24,False,no,none,none
legacy_offset64_merge32,fallback_event,event_trace,9,73,73:storage_in,73,75,26,47,12511.572989999999,0.0,9640.427010000001,88,5,-1,43,move,,True,2,2,0,,False,no,none,none
legacy_offset64_merge32,fallback_event,event_trace,9,73,73:storage_in,73,75,43,47,12514.17299,0.0,9639.427010000001,97,6,-1,15,move,,True,2,2,0,,False,no,none,none
legacy_offset64_merge32,fallback_event,event_trace,9,73,73:storage_in,73,75,15,47,12518.37299,0.0,9638.42701,106,7,-1,14,move,,True,2,2,0,,False,no,none,none
legacy_offset64_merge32,fallback_event,event_trace,9,73,73:storage_in,73,75,14,47,12520.97299,0.0,9637.42701,111,8,-1,46,move,,True,2,2,0,,False,no,none,none
legacy_offset64_merge32,fallback_event,event_trace,9,73,73:storage_in,73,75,46,47,12523.57299,0.0,9636.42701,115,9,-1,46,hold,,True,1,3,2,,False,no,none,none
legacy_offset64_merge32,fallback_event,event_trace,9,73,73:storage_in,73,75,46,47,12524.57299,1.0,9635.42701,118,10,-1,46,hold,,True,1,3,2,,False,no,none,none
legacy_offset64_merge32,fallback_event,event_trace,9,73,73:storage_in,73,75,46,47,12525.57299,2.0,9634.42701,120,11,-1,46,hold,,True,1,3,2,,False,no,none,none
legacy_offset64_merge32,fallback_event,event_trace,9,73,73:storage_in,73,75,46,47,12526.57299,3.0,9633.42701,123,12,-1,46,none,no_safe_action,True,0,3,3,,False,no,none,none
legacy_offset64_merge32,fallback_event,event_trace,10,74,74:storage_in,74,76,1,47,12489.43982,0.0,12068.56018,24,1,-1,7,move,,True,2,2,0,7,True,no,none,none
legacy_offset64_merge32,fallback_event,event_trace,10,74,74:storage_in,74,76,7,47,12495.239819999999,0.0,12067.56018,43,2,-1,8,move,,True,2,2,0,8,True,no,none,none
legacy_offset64_merge32,fallback_event,event_trace,10,74,74:storage_in,74,76,8,47,12497.83982,0.0,12066.56018,50,3,-1,8,hold,,True,1,2,1,11,False,no,none,none
legacy_offset64_merge32,fallback_event,event_trace,10,74,74:storage_in,74,76,8,47,12498.83982,1.0,12065.56018,54,4,-1,11,move,,True,2,2,0,11,True,no,none,none
legacy_offset64_merge32,fallback_event,event_trace,10,74,74:storage_in,74,76,11,47,12503.03982,1.0,12064.56018,68,5,-1,13,move,,True,2,3,1,14,False,no,none,none
legacy_offset64_merge32,fallback_event,event_trace,10,74,74:storage_in,74,76,13,47,12515.23982,1.0,12063.560179999999,99,6,-1,13,hold,,True,1,2,1,,False,no,none,none
legacy_offset64_merge32,fallback_event,event_trace,10,74,74:storage_in,74,76,13,47,12516.23982,2.0,12062.560179999999,102,7,-1,23,move,,True,2,2,0,,False,no,none,none
legacy_offset64_merge32,fallback_event,event_trace,10,74,74:storage_in,74,76,23,47,12520.439820000001,2.0,12061.560179999999,110,8,-1,24,move,,True,2,2,0,,False,no,none,none
legacy_offset64_merge32,fallback_event,event_trace,10,74,74:storage_in,74,76,24,47,12523.039820000002,2.0,12060.560179999999,113,9,-1,27,move,,True,1,2,1,,False,no,none,none
legacy_offset64_merge32,fallback_event,event_trace,10,74,74:storage_in,74,76,27,47,12525.639820000002,2.0,12059.560179999999,121,10,-1,27,hold,,True,1,3,2,,False,no,none,none
legacy_offset64_merge32,fallback_event,event_trace,10,74,74:storage_in,74,76,27,47,12526.639820000002,3.0,12058.560179999999,124,11,-1,27,none,no_safe_action,True,0,3,3,,False,no,none,none
legacy_offset64_merge32,fallback_event,event_trace,11,75,75:storage_in,75,77,3,47,12490.77417,0.0,10867.22583,29,1,-1,16,move,,True,2,2,0,16,True,no,none,none
legacy_offset64_merge32,fallback_event,event_trace,11,75,75:storage_in,75,77,16,47,12493.374170000001,0.0,10866.22583,39,2,-1,17,move,,True,2,3,1,17,True,no,none,none
legacy_offset64_merge32,fallback_event,event_trace,11,75,75:storage_in,75,77,17,47,12497.974170000001,0.0,10865.22583,51,3,-1,18,move,,True,2,2,0,18,True,no,none,none
legacy_offset64_merge32,fallback_event,event_trace,11,75,75:storage_in,75,77,18,47,12500.574170000002,0.0,10864.225829999998,60,4,-1,18,hold,,True,1,2,1,22,False,no,none,9
legacy_offset64_merge32,fallback_event,event_trace,11,75,75:storage_in,75,77,18,47,12501.574170000002,1.0,10863.225829999998,63,5,-1,18,hold,,True,1,2,1,22,False,no,none,9
legacy_offset64_merge32,fallback_event,event_trace,11,75,75:storage_in,75,77,18,47,12502.574170000002,2.0,10862.225829999998,66,6,-1,18,hold,,True,1,2,1,22,False,no,none,9
legacy_offset64_merge32,fallback_event,event_trace,11,75,75:storage_in,75,77,18,47,12503.574170000002,3.0,10861.225829999998,70,7,-1,22,move,,True,2,2,0,22,True,no,none,9
legacy_offset64_merge32,fallback_event,event_trace,11,75,75:storage_in,75,77,22,47,12512.974170000001,3.0,10860.22583,93,8,-1,24,move,,True,3,3,0,24,True,no,none,none
legacy_offset64_merge32,fallback_event,event_trace,11,75,75:storage_in,75,77,24,47,12524.374170000001,3.0,10859.22583,117,9,-1,24,hold,,True,1,2,1,27,False,no,none,none
legacy_offset64_merge32,fallback_event,event_trace,11,75,75:storage_in,75,77,24,47,12525.374170000001,4.0,10858.22583,119,10,-1,27,move,,True,2,2,0,27,True,no,none,none
legacy_offset64_merge32,fallback_event,event_trace,11,75,75:storage_in,75,77,27,47,12527.974170000001,4.0,10857.22583,125,11,-1,27,hold,,True,1,3,2,28,False,no,none,none
legacy_offset64_merge32,fallback_event,event_trace,11,75,75:storage_in,75,77,27,47,12528.974170000001,5.0,10856.22583,127,12,-1,27,hold,,True,1,3,2,28,False,no,none,none
legacy_offset64_merge32,fallback_event,event_trace,11,75,75:storage_in,75,77,27,47,12529.974170000001,6.0,10855.22583,129,13,-1,28,move,,True,2,3,1,28,True,no,none,none
legacy_offset64_merge32,fallback_event,event_trace,11,75,75:storage_in,75,77,28,47,12541.77417,6.0,10854.22583,133,14,-1,47,move,,True,3,3,0,47,True,no,none,none
legacy_offset64_merge32,fallback_event,event_trace,12,76,76:storage_in,76,78,2,47,12491.92141,0.0,12064.478589999999,35,1,-1,9,move,,True,2,2,0,9,True,no,none,none
legacy_offset64_merge32,fallback_event,event_trace,12,76,76:storage_in,76,78,9,47,12496.521410000001,0.0,12063.478589999999,47,2,-1,7,move,,True,3,3,0,7,True,no,none,none
legacy_offset64_merge32,fallback_event,event_trace,12,76,76:storage_in,76,78,7,47,12500.32141,0.0,12062.478589999999,59,3,-1,8,move,,True,2,2,0,8,True,no,none,none
legacy_offset64_merge32,fallback_event,event_trace,12,76,76:storage_in,76,78,8,47,12502.92141,0.0,12061.478589999999,67,4,-1,11,move,,True,2,2,0,11,True,no,none,none
legacy_offset64_merge32,fallback_event,event_trace,12,76,76:storage_in,76,78,11,47,12507.121410000002,0.0,12060.478589999999,77,5,-1,11,hold,,True,1,3,2,13,False,no,none,none
legacy_offset64_merge32,fallback_event,event_trace,12,76,76:storage_in,76,78,11,47,12508.121410000002,1.0,12059.478589999999,80,6,-1,11,hold,,True,1,3,2,13,False,no,none,none
legacy_offset64_merge32,fallback_event,event_trace,12,76,76:storage_in,76,78,11,47,12509.121410000002,2.0,12058.478589999999,82,7,-1,11,hold,,True,1,3,2,13,False,no,none,none
legacy_offset64_merge32,fallback_event,event_trace,12,76,76:storage_in,76,78,11,47,12510.121410000002,3.0,12057.478589999999,85,8,-1,11,hold,,True,1,3,2,13,False,no,none,none
legacy_offset64_merge32,fallback_event,event_trace,12,76,76:storage_in,76,78,11,47,12511.121410000002,4.0,12056.478589999999,87,9,-1,11,hold,,True,1,3,2,13,False,no,none,none
legacy_offset64_merge32,fallback_event,event_trace,12,76,76:storage_in,76,78,11,47,12512.121410000002,5.0,12055.478589999999,91,10,-1,14,move,,True,2,3,1,13,False,no,none,none
legacy_offset64_merge32,fallback_event,event_trace,12,76,76:storage_in,76,78,14,47,12525.92141,5.0,12032.478589999999,122,11,-1,46,move,,True,2,2,0,,False,no,none,none
legacy_offset64_merge32,fallback_event,event_trace,12,76,76:storage_in,76,78,46,47,12528.521410000001,5.0,12031.478589999999,126,12,-1,46,hold,,True,1,3,2,,False,no,none,none
legacy_offset64_merge32,fallback_event,event_trace,12,76,76:storage_in,76,78,46,47,12529.521410000001,6.0,12030.478589999999,128,13,-1,46,hold,,True,1,3,2,,False,no,none,none
legacy_offset64_merge32,fallback_event,event_trace,12,76,76:storage_in,76,78,46,47,12530.521410000001,7.0,12029.478589999999,130,14,-1,36,move,,True,2,3,1,,False,no,none,none
legacy_offset64_merge32,fallback_event,event_trace,12,76,76:storage_in,76,78,36,47,12546.32141,7.0,12028.478589999999,135,15,-1,38,move,,True,2,3,1,,False,no,none,none
legacy_offset64_merge32,fallback_event,event_trace,12,76,76:storage_in,76,78,38,47,12560.12141,7.0,12027.47859,137,16,-1,39,move,,True,2,3,1,,False,no,none,none
legacy_offset64_merge32,fallback_event,event_trace,12,76,76:storage_in,76,78,39,47,12569.52141,7.0,12026.47859,138,17,-1,47,move,,True,3,3,0,,False,no,none,none
legacy_offset64_merge32,fallback_event,event_trace,13,77,77:storage_in,77,79,3,47,12620.00081,0.0,11937.99919,139,1,-1,16,move,,True,2,2,0,16,True,no,none,none
legacy_offset64_merge32,fallback_event,event_trace,13,77,77:storage_in,77,79,16,47,12622.60081,0.0,11936.99919,140,2,-1,21,move,,True,3,3,0,17,False,no,none,none
legacy_offset64_merge32,fallback_event,event_trace,13,77,77:storage_in,77,79,21,47,12646.40081,0.0,11930.799190000002,141,3,-1,23,move,,True,2,2,0,,False,no,none,none
legacy_offset64_merge32,fallback_event,event_trace,13,77,77:storage_in,77,79,23,47,12652.200809999998,0.0,11929.799190000002,142,4,-1,24,move,,True,2,2,0,,False,no,none,none
legacy_offset64_merge32,fallback_event,event_trace,13,77,77:storage_in,77,79,24,47,12654.800809999999,0.0,11928.799190000002,143,5,-1,27,move,,True,2,2,0,27,True,no,none,none
legacy_offset64_merge32,fallback_event,event_trace,13,77,77:storage_in,77,79,27,47,12657.40081,0.0,11927.799190000002,144,6,-1,28,move,,True,2,3,1,28,True,no,none,none
legacy_offset64_merge32,fallback_event,event_trace,13,77,77:storage_in,77,79,28,47,12669.200809999998,0.0,11926.799190000002,145,7,-1,47,move,,True,3,3,0,47,True,no,none,none
legacy_offset64_merge32,fallback_event,event_trace,14,78,78:storage_in,78,80,2,47,13047.64994,0.0,10908.75006,146,1,-1,9,move,,True,2,2,0,9,True,no,none,none
legacy_offset64_merge32,fallback_event,event_trace,14,78,78:storage_in,78,80,9,47,13052.24994,0.0,10907.75006,150,2,-1,7,move,,True,3,3,0,7,True,no,none,none
legacy_offset64_merge32,fallback_event,event_trace,14,78,78:storage_in,78,80,7,47,13056.049939999999,0.0,10906.75006,154,3,-1,8,move,,True,2,2,0,8,True,no,none,none
legacy_offset64_merge32,fallback_event,event_trace,14,78,78:storage_in,78,80,8,47,13058.64994,0.0,10905.75006,159,4,-1,11,move,,True,2,2,0,11,True,no,none,none
legacy_offset64_merge32,fallback_event,event_trace,14,78,78:storage_in,78,80,11,47,13062.84994,0.0,10904.75006,170,5,-1,13,move,,True,3,3,0,14,False,no,none,none
legacy_offset64_merge32,fallback_event,event_trace,14,78,78:storage_in,78,80,13,47,13075.04994,0.0,10903.750059999998,212,6,-1,13,hold,,True,1,2,1,,False,no,none,none
legacy_offset64_merge32,fallback_event,event_trace,14,78,78:storage_in,78,80,13,47,13076.04994,1.0,10902.750059999998,214,7,-1,13,hold,,True,1,2,1,,False,no,none,none
legacy_offset64_merge32,fallback_event,event_trace,14,78,78:storage_in,78,80,13,47,13077.04994,2.0,10901.750059999998,217,8,-1,13,hold,,True,1,2,1,,False,no,none,none
legacy_offset64_merge32,fallback_event,event_trace,14,78,78:storage_in,78,80,13,47,13078.04994,3.0,10900.750059999998,223,9,-1,13,hold,,True,1,2,1,,False,no,none,none
legacy_offset64_merge32,fallback_event,event_trace,14,78,78:storage_in,78,80,13,47,13079.04994,4.0,10899.750059999998,226,10,-1,13,hold,,True,1,2,1,,False,no,none,none
legacy_offset64_merge32,fallback_event,event_trace,14,78,78:storage_in,78,80,13,47,13080.04994,5.0,10898.750059999998,230,11,-1,13,hold,,True,1,2,1,,False,no,none,none
legacy_offset64_merge32,fallback_event,event_trace,14,78,78:storage_in,78,80,13,47,13081.04994,6.0,10897.750059999998,234,12,-1,13,hold,,True,1,2,1,,False,no,none,none
legacy_offset64_merge32,fallback_event,event_trace,14,78,78:storage_in,78,80,13,47,13082.04994,7.0,10896.750059999998,236,13,-1,13,hold,,True,1,2,1,,False,no,none,none
legacy_offset64_merge32,fallback_event,event_trace,14,78,78:storage_in,78,80,13,47,13083.04994,8.0,10895.750059999998,240,14,-1,13,hold,,True,1,2,1,,False,no,none,none
legacy_offset64_merge32,fallback_event,event_trace,14,78,78:storage_in,78,80,13,47,13084.04994,9.0,10894.750059999998,244,15,-1,13,hold,,True,1,2,1,,False,no,none,none
legacy_offset64_merge32,fallback_event,event_trace,14,78,78:storage_in,78,80,13,47,13085.04994,10.0,10893.750059999998,248,16,-1,13,hold,,True,1,2,1,,False,no,none,none
legacy_offset64_merge32,fallback_event,event_trace,14,78,78:storage_in,78,80,13,47,13086.04994,11.0,10892.750059999998,251,17,-1,13,hold,,True,1,2,1,,False,no,none,none
legacy_offset64_merge32,fallback_event,event_trace,14,78,78:storage_in,78,80,13,47,13087.04994,12.0,10891.750059999998,255,18,-1,13,none,no_safe_action,True,0,2,2,,False,no,none,none
legacy_offset64_merge32,fallback_event,event_trace,15,79,79:storage_in,79,81,4,47,13049.28215,0.0,13310.317850000001,147,1,-1,17,move,,True,2,2,0,17,True,no,none,none
legacy_offset64_merge32,fallback_event,event_trace,15,79,79:storage_in,79,81,17,47,13053.88215,0.0,13309.317850000001,151,2,-1,18,move,,True,2,2,0,18,True,no,none,none
legacy_offset64_merge32,fallback_event,event_trace,15,79,79:storage_in,79,81,18,47,13056.48215,0.0,13308.31785,155,3,-1,22,move,,True,1,2,1,22,True,no,none,9
legacy_offset64_merge32,fallback_event,event_trace,15,79,79:storage_in,79,81,22,47,13065.88215,0.0,13307.317850000001,179,4,-1,24,move,,True,3,3,0,24,True,no,none,none
legacy_offset64_merge32,fallback_event,event_trace,15,79,79:storage_in,79,81,24,47,13077.28215,0.0,13306.317850000001,218,5,-1,27,move,,True,2,2,0,27,True,no,none,none
legacy_offset64_merge32,fallback_event,event_trace,15,79,79:storage_in,79,81,27,47,13079.88215,0.0,13305.317850000001,227,6,-1,28,move,,True,2,3,1,28,True,no,none,none
legacy_offset64_merge32,fallback_event,event_trace,15,79,79:storage_in,79,81,28,47,13091.682149999999,0.0,13304.317850000001,264,7,-1,47,move,,True,3,3,0,47,True,no,none,none
legacy_offset64_merge32,fallback_event,event_trace,16,80,80:storage_in,80,82,0,47,13050.16178,0.0,13311.43822,148,1,-1,6,move,,True,2,2,0,6,True,no,none,none
legacy_offset64_merge32,fallback_event,event_trace,16,80,80:storage_in,80,82,6,47,13054.361780000001,0.0,13310.438219999998,152,2,-1,12,move,,True,3,3,0,8,False,no,none,none
legacy_offset64_merge32,fallback_event,event_trace,16,80,80:storage_in,80,82,12,47,13065.361780000001,0.0,13309.438219999998,176,3,-1,13,move,,True,2,2,0,,False,no,none,none
legacy_offset64_merge32,fallback_event,event_trace,16,80,80:storage_in,80,82,13,47,13070.361780000001,0.0,13308.438219999998,192,4,-1,13,hold,,True,1,2,1,,False,no,none,none
legacy_offset64_merge32,fallback_event,event_trace,16,80,80:storage_in,80,82,13,47,13071.361780000001,1.0,13307.438219999998,195,5,-1,13,hold,,True,1,2,1,,False,no,none,none
legacy_offset64_merge32,fallback_event,event_trace,16,80,80:storage_in,80,82,13,47,13072.361780000001,2.0,13306.438219999998,200,6,-1,13,hold,,True,1,2,1,,False,no,none,none
legacy_offset64_merge32,fallback_event,event_trace,16,80,80:storage_in,80,82,13,47,13073.361780000001,3.0,13305.438219999998,205,7,-1,13,none,no_safe_action,True,0,2,2,,False,no,none,none
legacy_offset64_merge32,fallback_event,event_trace,17,81,81:storage_in,81,83,5,47,13051.84528,0.0,13308.55472,149,1,-1,19,move,,True,2,2,0,19,True,no,none,none
legacy_offset64_merge32,fallback_event,event_trace,17,81,81:storage_in,81,83,19,47,13054.44528,0.0,13307.55472,153,2,-1,18,move,,True,3,3,0,18,True,no,none,none
legacy_offset64_merge32,fallback_event,event_trace,17,81,81:storage_in,81,83,18,47,13058.24528,0.0,13306.55472,158,3,-1,18,hold,,True,1,2,1,22,False,no,none,9
legacy_offset64_merge32,fallback_event,event_trace,17,81,81:storage_in,81,83,18,47,13059.24528,1.0,13305.55472,160,4,-1,18,hold,,True,1,2,1,22,False,no,none,9
legacy_offset64_merge32,fallback_event,event_trace,17,81,81:storage_in,81,83,18,47,13060.24528,2.0,13304.55472,164,5,-1,18,hold,,True,1,2,1,22,False,no,none,9
legacy_offset64_merge32,fallback_event,event_trace,17,81,81:storage_in,81,83,18,47,13061.24528,3.0,13303.55472,166,6,-1,18,hold,,True,1,2,1,22,False,no,none,9
legacy_offset64_merge32,fallback_event,event_trace,17,81,81:storage_in,81,83,18,47,13062.24528,4.0,13302.55472,168,7,-1,18,hold,,True,1,2,1,22,False,no,none,9
legacy_offset64_merge32,fallback_event,event_trace,17,81,81:storage_in,81,83,18,47,13063.24528,5.0,13301.55472,171,8,-1,18,none,no_safe_action,True,0,2,2,22,False,no,none,9
legacy_offset64_merge32,fallback_event,event_trace,18,82,82:storage_in,82,84,4,47,13057.05944,0.0,11502.54056,156,1,-1,17,move,,True,2,2,0,17,True,no,none,none
legacy_offset64_merge32,fallback_event,event_trace,18,82,82:storage_in,82,84,17,47,13061.659440000001,0.0,11501.54056,167,2,-1,18,move,,True,2,2,0,18,True,no,none,none
legacy_offset64_merge32,fallback_event,event_trace,18,82,82:storage_in,82,84,18,47,13064.259440000002,0.0,11500.540559999998,172,3,-1,18,hold,,True,1,2,1,22,False,no,none,9
legacy_offset64_merge32,fallback_event,event_trace,18,82,82:storage_in,82,84,18,47,13065.259440000002,1.0,11499.540559999998,175,4,-1,22,move,,True,2,2,0,22,True,no,none,9
legacy_offset64_merge32,fallback_event,event_trace,18,82,82:storage_in,82,84,22,47,13074.659440000001,1.0,11498.54056,210,5,-1,26,move,,True,2,3,1,24,False,no,none,none
legacy_offset64_merge32,fallback_event,event_trace,18,82,82:storage_in,82,84,26,47,13082.45944,1.0,11469.54056,237,6,-1,43,move,,True,2,2,0,,False,no,none,none
legacy_offset64_merge32,fallback_event,event_trace,18,82,82:storage_in,82,84,43,47,13085.05944,1.0,11468.54056,249,7,-1,15,move,,True,2,2,0,,False,no,none,none
legacy_offset64_merge32,fallback_event,event_trace,18,82,82:storage_in,82,84,15,47,13089.259440000002,1.0,11467.540559999998,259,8,-1,14,move,,True,2,2,0,,False,no,none,none
legacy_offset64_merge32,fallback_event,event_trace,18,82,82:storage_in,82,84,14,47,13091.859440000002,1.0,11466.540559999998,265,9,-1,46,move,,True,2,2,0,,False,no,none,none
legacy_offset64_merge32,fallback_event,event_trace,18,82,82:storage_in,82,84,46,47,13094.459440000002,1.0,11465.540559999998,271,10,-1,46,hold,,True,1,3,2,,False,no,none,none
legacy_offset64_merge32,fallback_event,event_trace,18,82,82:storage_in,82,84,46,47,13095.459440000002,2.0,11464.540559999998,273,11,-1,46,hold,,True,1,3,2,,False,no,none,none
legacy_offset64_merge32,fallback_event,event_trace,18,82,82:storage_in,82,84,46,47,13096.459440000002,3.0,11463.540559999998,275,12,-1,46,hold,,True,1,3,2,,False,no,none,none
legacy_offset64_merge32,fallback_event,event_trace,18,82,82:storage_in,82,84,46,47,13097.459440000002,4.0,11462.540559999998,277,13,-1,46,hold,,True,1,3,2,,False,no,none,none
legacy_offset64_merge32,fallback_event,event_trace,18,82,82:storage_in,82,84,46,47,13098.459440000002,5.0,11461.540559999998,279,14,-1,46,hold,,True,1,3,2,,False,no,none,none
legacy_offset64_merge32,fallback_event,event_trace,18,82,82:storage_in,82,84,46,47,13099.459440000002,6.0,11460.540559999998,282,15,-1,46,hold,,True,1,3,2,,False,no,none,none
legacy_offset64_merge32,fallback_event,event_trace,18,82,82:storage_in,82,84,46,47,13100.459440000002,7.0,11459.540559999998,286,16,-1,46,hold,,True,1,3,2,,False,no,none,none
legacy_offset64_merge32,fallback_event,event_trace,18,82,82:storage_in,82,84,46,47,13101.459440000002,8.0,11458.540559999998,288,17,-1,46,none,no_safe_action,True,0,3,3,,False,no,none,none
legacy_offset64_merge32,fallback_event,event_trace,19,83,83:storage_in,83,85,3,47,13057.28828,0.0,9100.71172,157,1,-1,16,move,,True,2,2,0,16,True,no,none,none
legacy_offset64_merge32,fallback_event,event_trace,19,83,83:storage_in,83,85,16,47,13059.888280000001,0.0,9099.71172,162,2,-1,21,move,,True,3,3,0,17,False,no,none,none
legacy_offset64_merge32,fallback_event,event_trace,19,83,83:storage_in,83,85,21,47,13083.68828,0.0,9093.51172,242,3,-1,23,move,,True,2,2,0,,False,no,none,none
legacy_offset64_merge32,fallback_event,event_trace,19,83,83:storage_in,83,85,23,47,13089.48828,0.0,9092.51172,260,4,-1,24,move,,True,2,2,0,,False,no,none,none
legacy_offset64_merge32,fallback_event,event_trace,19,83,83:storage_in,83,85,24,47,13092.08828,0.0,9091.51172,266,5,-1,27,move,,True,2,2,0,27,True,no,none,none
legacy_offset64_merge32,fallback_event,event_trace,19,83,83:storage_in,83,85,27,47,13094.68828,0.0,9090.51172,272,6,-1,28,move,,True,2,3,1,28,True,no,none,none
legacy_offset64_merge32,fallback_event,event_trace,19,83,83:storage_in,83,85,28,47,13106.48828,0.0,9089.51172,302,7,-1,47,move,,True,3,3,0,47,True,no,none,none
legacy_offset64_merge32,fallback_event,event_trace,20,84,84:storage_in,84,86,4,47,13059.8454,0.0,10899.7546,161,1,-1,4,hold,,True,1,2,1,17,False,no,none,none
legacy_offset64_merge32,fallback_event,event_trace,20,84,84:storage_in,84,86,4,47,13060.8454,1.0,10898.7546,165,2,-1,17,move,,True,2,2,0,17,True,no,none,none
legacy_offset64_merge32,fallback_event,event_trace,20,84,84:storage_in,84,86,17,47,13065.4454,1.0,10897.7546,178,3,-1,17,hold,,True,1,2,1,18,False,no,none,none
legacy_offset64_merge32,fallback_event,event_trace,20,84,84:storage_in,84,86,17,47,13066.4454,2.0,10896.7546,181,4,-1,17,hold,,True,1,2,1,18,False,no,none,none
legacy_offset64_merge32,fallback_event,event_trace,20,84,84:storage_in,84,86,17,47,13067.4454,3.0,10895.7546,182,5,-1,18,move,,True,2,2,0,18,True,no,none,none
legacy_offset64_merge32,fallback_event,event_trace,20,84,84:storage_in,84,86,18,47,13070.0454,3.0,10894.754599999998,191,6,-1,18,hold,,True,1,2,1,22,False,no,none,9
legacy_offset64_merge32,fallback_event,event_trace,20,84,84:storage_in,84,86,18,47,13071.0454,4.0,10893.754599999998,194,7,-1,18,hold,,True,1,2,1,22,False,no,none,9
legacy_offset64_merge32,fallback_event,event_trace,20,84,84:storage_in,84,86,18,47,13072.0454,5.0,10892.754599999998,198,8,-1,18,hold,,True,1,2,1,22,False,no,none,9
legacy_offset64_merge32,fallback_event,event_trace,20,84,84:storage_in,84,86,18,47,13073.0454,6.0,10891.754599999998,204,9,-1,18,none,no_safe_action,True,0,2,2,22,False,no,none,9
legacy_offset64_merge32,fallback_event,event_trace,21,85,85:storage_in,85,87,1,47,13060.10649,0.0,10897.89351,163,1,-1,7,move,,True,2,2,0,7,True,no,none,none
legacy_offset64_merge32,fallback_event,event_trace,21,85,85:storage_in,85,87,7,47,13065.90649,0.0,10896.89351,180,2,-1,8,move,,True,2,2,0,8,True,no,none,none
legacy_offset64_merge32,fallback_event,event_trace,21,85,85:storage_in,85,87,8,47,13068.50649,0.0,10895.89351,186,3,-1,11,move,,True,2,2,0,11,True,no,none,none
legacy_offset64_merge32,fallback_event,event_trace,21,85,85:storage_in,85,87,11,47,13072.70649,0.0,10894.89351,203,4,-1,14,move,,True,2,3,1,13,False,no,none,none
legacy_offset64_merge32,fallback_event,event_trace,21,85,85:storage_in,85,87,14,47,13086.50649,0.0,10871.89351,253,5,-1,46,move,,True,2,2,0,,False,no,none,none
legacy_offset64_merge32,fallback_event,event_trace,21,85,85:storage_in,85,87,46,47,13089.10649,0.0,10870.89351,257,6,-1,36,move,,True,2,3,1,,False,no,none,none
legacy_offset64_merge32,fallback_event,event_trace,21,85,85:storage_in,85,87,36,47,13104.90649,0.0,10869.89351,298,7,-1,38,move,,True,2,3,1,,False,no,none,none
legacy_offset64_merge32,fallback_event,event_trace,21,85,85:storage_in,85,87,38,47,13118.706489999999,0.0,10868.893510000002,324,8,-1,39,move,,True,2,3,1,,False,no,none,none
legacy_offset64_merge32,fallback_event,event_trace,21,85,85:storage_in,85,87,39,47,13128.106489999998,0.0,10867.893510000002,328,9,-1,47,move,,True,3,3,0,,False,no,none,none
legacy_offset64_merge32,fallback_event,event_trace,22,86,86:storage_in,86,88,5,47,13062.51217,0.0,13297.88783,169,1,-1,19,move,,True,2,2,0,19,True,no,none,none
legacy_offset64_merge32,fallback_event,event_trace,22,86,86:storage_in,86,88,19,47,13065.11217,0.0,13296.88783,173,2,-1,18,move,,True,3,3,0,25,False,no,none,none
legacy_offset64_merge32,fallback_event,event_trace,22,86,86:storage_in,86,88,18,47,13068.91217,0.0,13295.88783,188,3,-1,18,none,no_safe_action,True,0,2,2,,False,no,none,none
legacy_offset64_merge32,fallback_event,event_trace,23,87,87:storage_in,87,89,3,47,13065.17869,0.0,11192.82131,174,1,-1,16,move,,True,2,2,0,16,True,no,none,none
legacy_offset64_merge32,fallback_event,event_trace,23,87,87:storage_in,87,89,16,47,13067.778690000001,0.0,11191.82131,183,2,-1,17,move,,True,2,3,1,21,False,no,none,none
legacy_offset64_merge32,fallback_event,event_trace,23,87,87:storage_in,87,89,17,47,13072.378690000001,0.0,11190.82131,201,3,-1,18,move,,True,1,2,1,,False,no,none,none
legacy_offset64_merge32,fallback_event,event_trace,23,87,87:storage_in,87,89,18,47,13074.978690000002,0.0,11189.821309999998,211,4,-1,22,move,,True,2,2,0,,False,no,none,none
legacy_offset64_merge32,fallback_event,event_trace,23,87,87:storage_in,87,89,22,47,13084.378690000001,0.0,11188.82131,247,5,-1,24,move,,True,3,3,0,,False,no,none,none
legacy_offset64_merge32,fallback_event,event_trace,23,87,87:storage_in,87,89,24,47,13095.778690000001,0.0,11187.82131,274,6,-1,27,move,,True,2,2,0,27,True,no,none,none
legacy_offset64_merge32,fallback_event,event_trace,23,87,87:storage_in,87,89,27,47,13098.378690000001,0.0,11186.82131,278,7,-1,27,hold,,True,1,3,2,28,False,no,none,none
legacy_offset64_merge32,fallback_event,event_trace,23,87,87:storage_in,87,89,27,47,13099.378690000001,1.0,11185.82131,281,8,-1,27,hold,,True,1,3,2,28,False,no,none,none
legacy_offset64_merge32,fallback_event,event_trace,23,87,87:storage_in,87,89,27,47,13100.378690000001,2.0,11184.82131,285,9,-1,27,none,no_safe_action,True,0,3,3,28,False,no,none,none
legacy_offset64_merge32,fallback_event,event_trace,24,88,88:storage_in,88,90,2,47,13065.43983,0.0,12090.96017,177,1,-1,9,move,,True,2,2,0,9,True,no,none,none
legacy_offset64_merge32,fallback_event,event_trace,24,88,88:storage_in,88,90,9,47,13070.03983,0.0,12089.96017,190,2,-1,7,move,,True,3,3,0,10,False,no,none,none
legacy_offset64_merge32,fallback_event,event_trace,24,88,88:storage_in,88,90,7,47,13073.839829999999,0.0,12088.96017,208,3,-1,8,move,,True,2,2,0,,False,no,none,none
legacy_offset64_merge32,fallback_event,event_trace,24,88,88:storage_in,88,90,8,47,13076.43983,0.0,12087.96017,215,4,-1,11,move,,True,2,2,0,,False,no,none,none
legacy_offset64_merge32,fallback_event,event_trace,24,88,88:storage_in,88,90,11,47,13080.63983,0.0,12086.96017,233,5,-1,13,move,,True,2,3,1,,False,no,none,none
legacy_offset64_merge32,fallback_event,event_trace,24,88,88:storage_in,88,90,13,47,13092.83983,0.0,12085.960169999998,268,6,-1,23,move,,True,2,2,0,,False,no,none,none
legacy_offset64_merge32,fallback_event,event_trace,24,88,88:storage_in,88,90,23,47,13097.039830000002,0.0,12084.960169999998,276,7,-1,24,move,,True,2,2,0,,False,no,none,none
legacy_offset64_merge32,fallback_event,event_trace,24,88,88:storage_in,88,90,24,47,13099.639830000002,0.0,12083.960169999998,283,8,-1,27,move,,True,2,2,0,,False,no,none,none
legacy_offset64_merge32,fallback_event,event_trace,24,88,88:storage_in,88,90,27,47,13102.239830000002,0.0,12082.960169999998,289,9,-1,27,hold,,True,1,3,2,,False,no,none,none
legacy_offset64_merge32,fallback_event,event_trace,24,88,88:storage_in,88,90,27,47,13103.239830000002,1.0,12081.960169999998,292,10,-1,27,hold,,True,1,3,2,,False,no,none,none
legacy_offset64_merge32,fallback_event,event_trace,24,88,88:storage_in,88,90,27,47,13104.239830000002,2.0,12080.960169999998,295,11,-1,27,hold,,True,1,3,2,,False,no,none,none
legacy_offset64_merge32,fallback_event,event_trace,24,88,88:storage_in,88,90,27,47,13105.239830000002,3.0,12079.960169999998,299,12,-1,27,hold,,True,1,3,2,,False,no,none,none
legacy_offset64_merge32,fallback_event,event_trace,24,88,88:storage_in,88,90,27,47,13106.239830000002,4.0,12078.960169999998,301,13,-1,28,move,,True,1,3,2,,False,no,none,none
legacy_offset64_merge32,fallback_event,event_trace,24,88,88:storage_in,88,90,28,47,13118.039830000002,4.0,12077.960169999998,322,14,-1,47,move,,True,3,3,0,,False,no,none,none
legacy_offset64_merge32,fallback_event,event_trace,25,89,89:storage_in,89,91,4,47,13067.84538,0.0,9991.75462,184,1,-1,4,hold,,True,1,2,1,17,False,no,none,none
legacy_offset64_merge32,fallback_event,event_trace,25,89,89:storage_in,89,91,4,47,13068.84538,1.0,9990.75462,187,2,-1,17,move,,True,2,2,0,17,True,no,none,none
legacy_offset64_merge32,fallback_event,event_trace,25,89,89:storage_in,89,91,17,47,13073.445380000001,1.0,9989.75462,207,3,-1,17,hold,,True,1,2,1,18,False,no,none,none
legacy_offset64_merge32,fallback_event,event_trace,25,89,89:storage_in,89,91,17,47,13074.445380000001,2.0,9988.75462,209,4,-1,18,move,,True,2,2,0,18,True,no,none,none
legacy_offset64_merge32,fallback_event,event_trace,25,89,89:storage_in,89,91,18,47,13077.045380000001,2.0,9987.754619999998,216,5,-1,18,hold,,True,1,2,1,22,False,no,none,9
legacy_offset64_merge32,fallback_event,event_trace,25,89,89:storage_in,89,91,18,47,13078.045380000001,3.0,9986.754619999998,222,6,-1,18,hold,,True,1,2,1,22,False,no,none,9
legacy_offset64_merge32,fallback_event,event_trace,25,89,89:storage_in,89,91,18,47,13079.045380000001,4.0,9985.754619999998,225,7,-1,18,none,no_safe_action,True,0,2,2,22,False,no,none,9
legacy_offset64_merge32,fallback_event,event_trace,26,90,90:storage_in,90,92,0,47,13067.93782,0.0,12093.662180000001,185,1,-1,6,move,,True,2,2,0,6,True,no,none,none
legacy_offset64_merge32,fallback_event,event_trace,26,90,90:storage_in,90,92,6,47,13072.13782,0.0,12092.66218,199,2,-1,12,move,,True,3,3,0,8,False,no,none,none
legacy_offset64_merge32,fallback_event,event_trace,26,90,90:storage_in,90,92,12,47,13083.13782,0.0,12091.66218,241,3,-1,13,move,,True,2,2,0,,False,no,none,none
legacy_offset64_merge32,fallback_event,event_trace,26,90,90:storage_in,90,92,13,47,13088.13782,0.0,12090.66218,256,4,-1,13,hold,,True,1,2,1,,False,no,none,none
legacy_offset64_merge32,fallback_event,event_trace,26,90,90:storage_in,90,92,13,47,13089.13782,1.0,12089.66218,258,5,-1,13,hold,,True,1,2,1,,False,no,none,none
legacy_offset64_merge32,fallback_event,event_trace,26,90,90:storage_in,90,92,13,47,13090.13782,2.0,12088.66218,261,6,-1,13,hold,,True,1,2,1,,False,no,none,none
legacy_offset64_merge32,fallback_event,event_trace,26,90,90:storage_in,90,92,13,47,13091.13782,3.0,12087.66218,263,7,-1,13,none,no_safe_action,True,0,2,2,,False,no,none,none
legacy_offset64_merge32,fallback_event,event_trace,27,91,91:storage_in,91,93,4,47,13069.4367,0.0,12090.1633,189,1,-1,4,hold,,True,1,2,1,17,False,no,none,none
legacy_offset64_merge32,fallback_event,event_trace,27,91,91:storage_in,91,93,4,47,13070.4367,1.0,12089.1633,193,2,-1,4,hold,,True,1,2,1,17,False,no,none,none
legacy_offset64_merge32,fallback_event,event_trace,27,91,91:storage_in,91,93,4,47,13071.4367,2.0,12088.1633,196,3,-1,4,hold,,True,1,2,1,17,False,no,none,none
legacy_offset64_merge32,fallback_event,event_trace,27,91,91:storage_in,91,93,4,47,13072.4367,3.0,12087.1633,202,4,-1,4,hold,,True,1,2,1,17,False,no,none,none
legacy_offset64_merge32,fallback_event,event_trace,27,91,91:storage_in,91,93,4,47,13073.4367,4.0,12086.1633,206,5,-1,17,move,,True,2,2,0,17,True,no,none,none
legacy_offset64_merge32,fallback_event,event_trace,27,91,91:storage_in,91,93,17,47,13078.0367,4.0,12085.1633,221,6,-1,18,move,,True,2,2,0,18,True,no,none,none
legacy_offset64_merge32,fallback_event,event_trace,27,91,91:storage_in,91,93,18,47,13080.636700000001,4.0,12084.163299999998,232,7,-1,18,hold,,True,1,2,1,22,False,no,none,9
legacy_offset64_merge32,fallback_event,event_trace,27,91,91:storage_in,91,93,18,47,13081.636700000001,5.0,12083.163299999998,235,8,-1,18,hold,,True,1,2,1,22,False,no,none,9
legacy_offset64_merge32,fallback_event,event_trace,27,91,91:storage_in,91,93,18,47,13082.636700000001,6.0,12082.163299999998,238,9,-1,18,none,no_safe_action,True,0,2,2,22,False,no,none,9
legacy_offset64_merge32,fallback_event,event_trace,28,92,92:storage_in,92,94,1,47,13071.49516,0.0,13886.50484,197,1,-1,7,move,,True,2,2,0,7,True,no,none,none
legacy_offset64_merge32,fallback_event,event_trace,28,92,92:storage_in,92,94,7,47,13077.29516,0.0,13885.50484,219,2,-1,8,move,,True,2,2,0,8,True,no,none,none
legacy_offset64_merge32,fallback_event,event_trace,28,92,92:storage_in,92,94,8,47,13079.89516,0.0,13884.50484,228,3,-1,11,move,,True,2,2,0,11,True,no,none,none
legacy_offset64_merge32,fallback_event,event_trace,28,92,92:storage_in,92,94,11,47,13084.09516,0.0,13883.50484,245,4,-1,11,hold,,True,1,3,2,14,False,no,none,none
legacy_offset64_merge32,fallback_event,event_trace,28,92,92:storage_in,92,94,11,47,13085.09516,1.0,13882.50484,250,5,-1,11,hold,,True,1,3,2,14,False,no,none,none
legacy_offset64_merge32,fallback_event,event_trace,28,92,92:storage_in,92,94,11,47,13086.09516,2.0,13881.50484,252,6,-1,14,move,,True,2,3,1,14,True,no,none,none
legacy_offset64_merge32,fallback_event,event_trace,28,92,92:storage_in,92,94,14,47,13099.89516,2.0,13858.50484,284,7,-1,46,move,,True,2,2,0,46,True,no,none,none
legacy_offset64_merge32,fallback_event,event_trace,28,92,92:storage_in,92,94,46,47,13102.49516,2.0,13857.50484,290,8,-1,46,hold,,True,1,3,2,36,False,no,none,none
legacy_offset64_merge32,fallback_event,event_trace,28,92,92:storage_in,92,94,46,47,13103.49516,3.0,13856.50484,293,9,-1,46,hold,,True,1,3,2,36,False,no,none,none
legacy_offset64_merge32,fallback_event,event_trace,28,92,92:storage_in,92,94,46,47,13104.49516,4.0,13855.50484,297,10,-1,36,move,,True,2,3,1,36,True,no,none,none
legacy_offset64_merge32,fallback_event,event_trace,28,92,92:storage_in,92,94,36,47,13120.29516,4.0,13854.50484,327,11,-1,38,move,,True,2,3,1,38,True,no,none,none
legacy_offset64_merge32,fallback_event,event_trace,28,92,92:storage_in,92,94,38,47,13134.095159999999,4.0,13853.504840000001,330,12,-1,39,move,,True,2,3,1,39,True,no,none,none
legacy_offset64_merge32,fallback_event,event_trace,28,92,92:storage_in,92,94,39,47,13143.495159999999,4.0,13852.504840000001,332,13,-1,47,move,,True,3,3,0,47,True,no,none,none
legacy_offset64_merge32,fallback_event,event_trace,29,93,93:storage_in,93,95,2,47,13075.92116,0.0,13580.47884,213,1,-1,9,move,,True,2,2,0,9,True,no,none,none
legacy_offset64_merge32,fallback_event,event_trace,29,93,93:storage_in,93,95,9,47,13080.52116,0.0,13579.47884,231,2,-1,7,move,,True,3,3,0,7,True,no,none,none
legacy_offset64_merge32,fallback_event,event_trace,29,93,93:storage_in,93,95,7,47,13084.32116,0.0,13578.47884,246,3,-1,8,move,,True,2,2,0,8,True,no,none,none
legacy_offset64_merge32,fallback_event,event_trace,29,93,93:storage_in,93,95,8,47,13086.92116,0.0,13577.47884,254,4,-1,11,move,,True,2,2,0,11,True,no,none,none
legacy_offset64_merge32,fallback_event,event_trace,29,93,93:storage_in,93,95,11,47,13091.12116,0.0,13576.47884,262,5,-1,11,hold,,True,1,3,2,13,False,no,none,none
legacy_offset64_merge32,fallback_event,event_trace,29,93,93:storage_in,93,95,11,47,13092.12116,1.0,13575.47884,267,6,-1,13,move,,True,2,3,1,13,True,no,none,none
legacy_offset64_merge32,fallback_event,event_trace,29,93,93:storage_in,93,95,13,47,13104.321160000001,1.0,13574.478839999998,296,7,-1,23,move,,True,2,2,0,23,True,no,none,9
legacy_offset64_merge32,fallback_event,event_trace,29,93,93:storage_in,93,95,23,47,13108.521160000002,1.0,13573.478839999998,305,8,-1,24,move,,True,2,2,0,24,True,no,none,none
legacy_offset64_merge32,fallback_event,event_trace,29,93,93:storage_in,93,95,24,47,13111.121160000002,1.0,13572.478839999998,309,9,-1,27,move,,True,2,2,0,27,True,no,none,none
legacy_offset64_merge32,fallback_event,event_trace,29,93,93:storage_in,93,95,27,47,13113.721160000003,1.0,13571.478839999998,313,10,-1,27,hold,,True,1,3,2,28,False,no,none,none
legacy_offset64_merge32,fallback_event,event_trace,29,93,93:storage_in,93,95,27,47,13114.721160000003,2.0,13570.478839999998,315,11,-1,27,hold,,True,1,3,2,28,False,no,none,none
legacy_offset64_merge32,fallback_event,event_trace,29,93,93:storage_in,93,95,27,47,13115.721160000003,3.0,13569.478839999998,317,12,-1,27,hold,,True,1,3,2,28,False,no,none,none
legacy_offset64_merge32,fallback_event,event_trace,29,93,93:storage_in,93,95,27,47,13116.721160000003,4.0,13568.478839999998,319,13,-1,27,hold,,True,1,3,2,28,False,no,none,none
legacy_offset64_merge32,fallback_event,event_trace,29,93,93:storage_in,93,95,27,47,13117.721160000003,5.0,13567.478839999998,321,14,-1,28,move,,True,2,3,1,28,True,no,none,none
legacy_offset64_merge32,fallback_event,event_trace,29,93,93:storage_in,93,95,28,47,13129.521160000002,5.0,13566.478839999998,329,15,-1,47,move,,True,3,3,0,47,True,no,none,none
legacy_offset64_merge32,fallback_event,event_trace,30,94,94:storage_in,94,96,5,47,13077.44086,0.0,12082.959139999999,220,1,-1,19,move,,True,2,2,0,19,True,no,none,none
legacy_offset64_merge32,fallback_event,event_trace,30,94,94:storage_in,94,96,19,47,13080.040860000001,0.0,12081.959139999999,229,2,-1,18,move,,True,3,3,0,25,False,no,none,none
legacy_offset64_merge32,fallback_event,event_trace,30,94,94:storage_in,94,96,18,47,13083.84086,0.0,12080.959139999999,243,3,-1,22,move,,True,2,2,0,,False,no,none,none
legacy_offset64_merge32,fallback_event,event_trace,30,94,94:storage_in,94,96,22,47,13093.24086,0.0,12079.95914,269,4,-1,26,move,,True,2,3,1,,False,no,none,none
legacy_offset64_merge32,fallback_event,event_trace,30,94,94:storage_in,94,96,26,47,13101.04086,0.0,12050.95914,287,5,-1,43,move,,True,2,2,0,43,True,no,none,none
legacy_offset64_merge32,fallback_event,event_trace,30,94,94:storage_in,94,96,43,47,13103.64086,0.0,12049.95914,294,6,-1,15,move,,True,2,2,0,15,True,no,none,none
legacy_offset64_merge32,fallback_event,event_trace,30,94,94:storage_in,94,96,15,47,13107.84086,0.0,12048.959139999999,303,7,-1,14,move,,True,2,2,0,14,True,no,none,none
legacy_offset64_merge32,fallback_event,event_trace,30,94,94:storage_in,94,96,14,47,13110.44086,0.0,12047.959139999999,308,8,-1,46,move,,True,2,2,0,46,True,no,none,none
legacy_offset64_merge32,fallback_event,event_trace,30,94,94:storage_in,94,96,46,47,13113.040860000001,0.0,12046.959139999999,312,9,-1,46,hold,,True,1,3,2,36,False,no,none,none
legacy_offset64_merge32,fallback_event,event_trace,30,94,94:storage_in,94,96,46,47,13114.040860000001,1.0,12045.959139999999,314,10,-1,46,hold,,True,1,3,2,36,False,no,none,none
legacy_offset64_merge32,fallback_event,event_trace,30,94,94:storage_in,94,96,46,47,13115.040860000001,2.0,12044.959139999999,316,11,-1,46,hold,,True,1,3,2,36,False,no,none,none
legacy_offset64_merge32,fallback_event,event_trace,30,94,94:storage_in,94,96,46,47,13116.040860000001,3.0,12043.959139999999,318,12,-1,46,hold,,True,1,3,2,36,False,no,none,none
legacy_offset64_merge32,fallback_event,event_trace,30,94,94:storage_in,94,96,46,47,13117.040860000001,4.0,12042.959139999999,320,13,-1,46,hold,,True,1,3,2,36,False,no,none,none
legacy_offset64_merge32,fallback_event,event_trace,30,94,94:storage_in,94,96,46,47,13118.040860000001,5.0,12041.959139999999,323,14,-1,46,hold,,True,1,3,2,36,False,no,none,none
legacy_offset64_merge32,fallback_event,event_trace,30,94,94:storage_in,94,96,46,47,13119.040860000001,6.0,12040.959139999999,325,15,-1,46,hold,,True,1,3,2,36,False,no,none,none
legacy_offset64_merge32,fallback_event,event_trace,30,94,94:storage_in,94,96,46,47,13120.040860000001,7.0,12039.959139999999,326,16,-1,36,move,,True,2,3,1,36,True,no,none,none
legacy_offset64_merge32,fallback_event,event_trace,30,94,94:storage_in,94,96,36,47,13135.84086,7.0,12038.959139999999,331,17,-1,38,move,,True,2,3,1,38,True,no,none,none
legacy_offset64_merge32,fallback_event,event_trace,30,94,94:storage_in,94,96,38,47,13149.64086,7.0,12037.95914,333,18,-1,39,move,,True,2,3,1,39,True,no,none,none
legacy_offset64_merge32,fallback_event,event_trace,30,94,94:storage_in,94,96,39,47,13159.04086,7.0,12036.95914,334,19,-1,47,move,,True,3,3,0,47,True,no,none,none
legacy_offset64_merge32,fallback_event,event_trace,31,95,95:storage_in,95,97,0,47,13078.60448,0.0,11482.99552,224,1,-1,6,move,,True,2,2,0,6,True,no,none,none
legacy_offset64_merge32,fallback_event,event_trace,31,95,95:storage_in,95,97,6,47,13082.80448,0.0,11481.995519999999,239,2,-1,12,move,,True,3,3,0,12,True,no,none,none
legacy_offset64_merge32,fallback_event,event_trace,31,95,95:storage_in,95,97,12,47,13093.80448,0.0,11480.995519999999,270,3,-1,13,move,,True,2,2,0,13,True,no,none,none
legacy_offset64_merge32,fallback_event,event_trace,31,95,95:storage_in,95,97,13,47,13098.80448,0.0,11479.995519999999,280,4,-1,23,move,,True,2,2,0,23,True,no,none,9
legacy_offset64_merge32,fallback_event,event_trace,31,95,95:storage_in,95,97,23,47,13103.004480000001,0.0,11478.995519999999,291,5,-1,24,move,,True,2,2,0,24,True,no,none,none
legacy_offset64_merge32,fallback_event,event_trace,31,95,95:storage_in,95,97,24,47,13105.604480000002,0.0,11477.995519999999,300,6,-1,27,move,,True,2,2,0,27,True,no,none,none
legacy_offset64_merge32,fallback_event,event_trace,31,95,95:storage_in,95,97,27,47,13108.204480000002,0.0,11476.995519999999,304,7,-1,27,hold,,True,1,3,2,28,False,no,none,none
legacy_offset64_merge32,fallback_event,event_trace,31,95,95:storage_in,95,97,27,47,13109.204480000002,1.0,11475.995519999999,306,8,-1,27,hold,,True,1,3,2,28,False,no,none,none
legacy_offset64_merge32,fallback_event,event_trace,31,95,95:storage_in,95,97,27,47,13110.204480000002,2.0,11474.995519999999,307,9,-1,27,hold,,True,1,3,2,28,False,no,none,none
legacy_offset64_merge32,fallback_event,event_trace,31,95,95:storage_in,95,97,27,47,13111.204480000002,3.0,11473.995519999999,310,10,-1,27,hold,,True,1,3,2,28,False,no,none,none
legacy_offset64_merge32,fallback_event,event_trace,31,95,95:storage_in,95,97,27,47,13112.204480000002,4.0,11472.995519999999,311,11,-1,27,none,no_safe_action,True,0,3,3,28,False,no,none,none
