scenario,context,teacher_source,decision_ordinal,task_decision_ordinal,segment_id,task_id,current,next_label,goal,ready_time,route_suffix,label_kind,label_source,fault_state,repair_state,constraint_summary,candidate_next_nodes,safe_next_nodes,label_in_candidate,label_in_safe_mask,label_block_reason,executed_next,executed_kind,replay_action
legacy_first16,no_fault,python_faithful_legacy_astar_event_trace,15,3,2:storage_in,2,18,22,47,8882.216299,18 22 24 27 28 47,move,python_faithful_legacy_astar,none,none,fault_edges=none|fault_windows=none|node_capacities=none|merge_groups=none,22,,True,False,edge_capacity,18,hold,shield_hold
legacy_first16,no_fault,python_faithful_legacy_astar_event_trace,17,4,2:storage_in,2,18,22,47,8883.216299,18 22 24 27 28 47,move,python_faithful_legacy_astar,none,none,fault_edges=none|fault_windows=none|node_capacities=none|merge_groups=none,22,,True,False,edge_capacity,18,hold,shield_hold
legacy_first16,no_fault,python_faithful_legacy_astar_event_trace,21,4,3:storage_in,3,18,22,47,8889.800872000002,18 22 24 27 28 47,move,python_faithful_legacy_astar,none,none,fault_edges=none|fault_windows=none|node_capacities=none|merge_groups=none,22,,True,False,edge_capacity,18,hold,shield_hold
legacy_first16,no_fault,python_faithful_legacy_astar_event_trace,22,5,3:storage_in,3,18,22,47,8890.800872000002,18 22 24 27 28 47,move,python_faithful_legacy_astar,none,none,fault_edges=none|fault_windows=none|node_capacities=none|merge_groups=none,22,,True,False,edge_capacity,18,hold,shield_hold
legacy_first16,no_fault,python_faithful_legacy_astar_event_trace,23,6,3:storage_in,3,18,22,47,8891.800872000002,18 22 24 27 28 47,move,python_faithful_legacy_astar,none,none,fault_edges=none|fault_windows=none|node_capacities=none|merge_groups=none,22,,True,False,edge_capacity,18,hold,shield_hold
legacy_first16,no_fault,python_faithful_legacy_astar_event_trace,25,6,2:storage_in,2,22,24,47,8893.616299,22 24 27 28 47,move,python_faithful_legacy_astar,none,none,fault_edges=none|fault_windows=none|node_capacities=none|merge_groups=none,24 26,26,True,False,edge_capacity,22,hold,shield_hold
legacy_first16,no_fault,python_faithful_legacy_astar_event_trace,26,7,2:storage_in,2,22,24,47,8894.616299,22 24 27 28 47,move,python_faithful_legacy_astar,none,none,fault_edges=none|fault_windows=none|node_capacities=none|merge_groups=none,24 26,26,True,False,edge_capacity,22,hold,shield_hold
legacy_first16,no_fault,python_faithful_legacy_astar_event_trace,30,8,3:storage_in,3,22,24,47,8902.200872000001,22 24 27 28 47,move,python_faithful_legacy_astar,none,none,fault_edges=none|fault_windows=none|node_capacities=none|merge_groups=none,24 26,26,True,False,edge_capacity,22,hold,shield_hold
legacy_first16,no_fault,python_faithful_legacy_astar_event_trace,31,9,3:storage_in,3,22,24,47,8903.200872000001,22 24 27 28 47,move,python_faithful_legacy_astar,none,none,fault_edges=none|fault_windows=none|node_capacities=none|merge_groups=none,24 26,26,True,False,edge_capacity,22,hold,shield_hold
legacy_first16,no_fault,python_faithful_legacy_astar_event_trace,32,10,3:storage_in,3,22,24,47,8904.200872000001,22 24 27 28 47,move,python_faithful_legacy_astar,none,none,fault_edges=none|fault_windows=none|node_capacities=none|merge_groups=none,24 26,26,True,False,edge_capacity,22,hold,shield_hold
legacy_first16,no_fault,python_faithful_legacy_astar_event_trace,33,11,3:storage_in,3,22,24,47,8905.200872000001,22 24 27 28 47,move,python_faithful_legacy_astar,none,none,fault_edges=none|fault_windows=none|node_capacities=none|merge_groups=none,24 26,26,True,False,edge_capacity,22,hold,shield_hold
legacy_first16,no_fault,python_faithful_legacy_astar_event_trace,39,14,3:storage_in,3,27,28,47,8920.200872000001,27 28 47,move,python_faithful_legacy_astar,none,none,fault_edges=none|fault_windows=none|node_capacities=none|merge_groups=none,28 45,,True,False,edge_capacity,27,hold,shield_hold
legacy_first16,no_fault,python_faithful_legacy_astar_event_trace,49,3,5:storage_in,5,18,22,47,9477.815484,18 22 24 27 28 47,move,python_faithful_legacy_astar,none,none,fault_edges=none|fault_windows=none|node_capacities=none|merge_groups=none,22,,True,False,edge_capacity,18,hold,shield_hold
legacy_first16,no_fault,python_faithful_legacy_astar_event_trace,50,4,5:storage_in,5,18,22,47,9478.815484,18 22 24 27 28 47,move,python_faithful_legacy_astar,none,none,fault_edges=none|fault_windows=none|node_capacities=none|merge_groups=none,22,,True,False,edge_capacity,18,hold,shield_hold
legacy_first16,no_fault,python_faithful_legacy_astar_event_trace,51,5,5:storage_in,5,18,22,47,9479.815484,18 22 24 27 28 47,move,python_faithful_legacy_astar,none,none,fault_edges=none|fault_windows=none|node_capacities=none|merge_groups=none,22,,True,False,edge_capacity,18,hold,shield_hold
legacy_first16,no_fault,python_faithful_legacy_astar_event_trace,54,7,5:storage_in,5,22,24,47,9490.215484,22 24 27 28 47,move,python_faithful_legacy_astar,none,none,fault_edges=none|fault_windows=none|node_capacities=none|merge_groups=none,24 26,26,True,False,edge_capacity,22,hold,shield_hold
legacy_first16,no_fault,python_faithful_legacy_astar_event_trace,55,8,5:storage_in,5,22,24,47,9491.215484,22 24 27 28 47,move,python_faithful_legacy_astar,none,none,fault_edges=none|fault_windows=none|node_capacities=none|merge_groups=none,24 26,26,True,False,edge_capacity,22,hold,shield_hold
legacy_first16,no_fault,python_faithful_legacy_astar_event_trace,60,11,5:storage_in,5,27,28,47,9506.215484,27 28 47,move,python_faithful_legacy_astar,none,none,fault_edges=none|fault_windows=none|node_capacities=none|merge_groups=none,28 45,,True,False,edge_capacity,27,hold,shield_hold
legacy_first16,no_fault,python_faithful_legacy_astar_event_trace,83,3,10:storage_in,10,18,22,47,10094.37294,18 22 24 27 28 47,move,python_faithful_legacy_astar,none,none,fault_edges=none|fault_windows=none|node_capacities=none|merge_groups=none,22,,True,False,edge_capacity,18,hold,shield_hold
legacy_first16,no_fault,python_faithful_legacy_astar_event_trace,85,4,10:storage_in,10,18,22,47,10095.37294,18 22 24 27 28 47,move,python_faithful_legacy_astar,none,none,fault_edges=none|fault_windows=none|node_capacities=none|merge_groups=none,22,,True,False,edge_capacity,18,hold,shield_hold
legacy_first16,no_fault,python_faithful_legacy_astar_event_trace,86,5,10:storage_in,10,18,22,47,10096.37294,18 22 24 27 28 47,move,python_faithful_legacy_astar,none,none,fault_edges=none|fault_windows=none|node_capacities=none|merge_groups=none,22,,True,False,edge_capacity,18,hold,shield_hold
legacy_first16,no_fault,python_faithful_legacy_astar_event_trace,87,6,10:storage_in,10,18,22,47,10097.37294,18 22 24 27 28 47,move,python_faithful_legacy_astar,none,none,fault_edges=none|fault_windows=none|node_capacities=none|merge_groups=none,22,,True,False,edge_capacity,18,hold,shield_hold
legacy_first16,no_fault,python_faithful_legacy_astar_event_trace,89,7,10:storage_in,10,18,22,47,10098.37294,18 22 24 27 28 47,move,python_faithful_legacy_astar,none,none,fault_edges=none|fault_windows=none|node_capacities=none|merge_groups=none,22,,True,False,edge_capacity,18,hold,shield_hold
legacy_first16,no_fault,python_faithful_legacy_astar_event_trace,91,8,10:storage_in,10,18,22,47,10099.37294,18 22 24 27 28 47,move,python_faithful_legacy_astar,none,none,fault_edges=none|fault_windows=none|node_capacities=none|merge_groups=none,22,,True,False,edge_capacity,18,hold,shield_hold
legacy_first16,no_fault,python_faithful_legacy_astar_event_trace,92,9,10:storage_in,10,18,22,47,10100.37294,18 22 24 27 28 47,move,python_faithful_legacy_astar,none,none,fault_edges=none|fault_windows=none|node_capacities=none|merge_groups=none,22,,True,False,edge_capacity,18,hold,shield_hold
legacy_first16,no_fault,python_faithful_legacy_astar_event_trace,94,4,9:storage_in,9,22,24,47,10101.934140000001,22 24 27 28 47,move,python_faithful_legacy_astar,none,none,fault_edges=none|fault_windows=none|node_capacities=none|merge_groups=none,24 26,26,True,False,edge_capacity,22,hold,shield_hold
legacy_first16,no_fault,python_faithful_legacy_astar_event_trace,102,11,10:storage_in,10,22,24,47,10110.772939999999,22 24 27 28 47,move,python_faithful_legacy_astar,none,none,fault_edges=none|fault_windows=none|node_capacities=none|merge_groups=none,24 26,26,True,False,edge_capacity,22,hold,shield_hold
legacy_first16,no_fault,python_faithful_legacy_astar_event_trace,104,12,10:storage_in,10,22,24,47,10111.772939999999,22 24 27 28 47,move,python_faithful_legacy_astar,none,none,fault_edges=none|fault_windows=none|node_capacities=none|merge_groups=none,24 26,26,True,False,edge_capacity,22,hold,shield_hold
legacy_first16,no_fault,python_faithful_legacy_astar_event_trace,105,13,10:storage_in,10,22,24,47,10112.772939999999,22 24 27 28 47,move,python_faithful_legacy_astar,none,none,fault_edges=none|fault_windows=none|node_capacities=none|merge_groups=none,24 26,26,True,False,edge_capacity,22,hold,shield_hold
legacy_first16,no_fault,python_faithful_legacy_astar_event_trace,106,7,8:storage_in,8,27,28,47,10113.706480000003,27 28 47,move,python_faithful_legacy_astar,none,none,fault_edges=none|fault_windows=none|node_capacities=none|merge_groups=none,28 45,,True,False,edge_capacity,27,hold,shield_hold
legacy_first16,no_fault,python_faithful_legacy_astar_event_trace,110,8,8:storage_in,8,27,28,47,10114.706480000003,27 28 47,move,python_faithful_legacy_astar,none,none,fault_edges=none|fault_windows=none|node_capacities=none|merge_groups=none,28 45,,True,False,edge_capacity,27,hold,shield_hold
legacy_first16,no_fault,python_faithful_legacy_astar_event_trace,111,9,8:storage_in,8,27,28,47,10115.706480000003,27 28 47,move,python_faithful_legacy_astar,none,none,fault_edges=none|fault_windows=none|node_capacities=none|merge_groups=none,28 45,,True,False,edge_capacity,,none,mark_unplanned
legacy_first16,no_fault,python_faithful_legacy_astar_event_trace,112,7,9:storage_in,9,27,28,47,10116.934140000001,27 28 47,move,python_faithful_legacy_astar,none,none,fault_edges=none|fault_windows=none|node_capacities=none|merge_groups=none,28 45,,True,False,edge_capacity,27,hold,shield_hold
legacy_first16,no_fault,python_faithful_legacy_astar_event_trace,117,8,11:storage_in,11,27,28,47,10123.639820000002,27 28 47,move,python_faithful_legacy_astar,none,none,fault_edges=none|fault_windows=none|node_capacities=none|merge_groups=none,28 45,,True,False,edge_capacity,27,hold,shield_hold
legacy_first16,no_fault,python_faithful_legacy_astar_event_trace,118,9,11:storage_in,11,27,28,47,10124.639820000002,27 28 47,move,python_faithful_legacy_astar,none,none,fault_edges=none|fault_windows=none|node_capacities=none|merge_groups=none,28 45,,True,False,edge_capacity,27,hold,shield_hold
legacy_first16,no_fault,python_faithful_legacy_astar_event_trace,120,10,11:storage_in,11,27,28,47,10125.639820000002,27 28 47,move,python_faithful_legacy_astar,none,none,fault_edges=none|fault_windows=none|node_capacities=none|merge_groups=none,28 45,,True,False,edge_capacity,27,hold,shield_hold
legacy_first16,no_fault,python_faithful_legacy_astar_event_trace,121,11,11:storage_in,11,27,28,47,10126.639820000002,27 28 47,move,python_faithful_legacy_astar,none,none,fault_edges=none|fault_windows=none|node_capacities=none|merge_groups=none,28 45,,True,False,edge_capacity,,none,mark_unplanned
legacy_first16,no_fault,python_faithful_legacy_astar_event_trace,122,16,10:storage_in,10,27,28,47,10127.772939999999,27 28 47,move,python_faithful_legacy_astar,none,none,fault_edges=none|fault_windows=none|node_capacities=none|merge_groups=none,28 45,,True,False,edge_capacity,27,hold,shield_hold
legacy_first16,no_fault,python_faithful_legacy_astar_event_trace,140,3,14:storage_in,14,18,22,47,10679.68828,18 22 24 27 28 47,move,python_faithful_legacy_astar,none,none,fault_edges=none|fault_windows=none|node_capacities=none|merge_groups=none,22,,True,False,edge_capacity,18,hold,shield_hold
legacy_first16,no_fault,python_faithful_legacy_astar_event_trace,141,4,14:storage_in,14,18,22,47,10680.68828,18 22 24 27 28 47,move,python_faithful_legacy_astar,none,none,fault_edges=none|fault_windows=none|node_capacities=none|merge_groups=none,22,,True,False,edge_capacity,18,hold,shield_hold
legacy_first16,no_fault,python_faithful_legacy_astar_event_trace,145,4,15:storage_in,15,18,22,47,10685.645400000001,18 22 24 27 28 47,move,python_faithful_legacy_astar,none,none,fault_edges=none|fault_windows=none|node_capacities=none|merge_groups=none,22,,True,False,edge_capacity,18,hold,shield_hold
legacy_first16,no_fault,python_faithful_legacy_astar_event_trace,147,5,15:storage_in,15,18,22,47,10686.645400000001,18 22 24 27 28 47,move,python_faithful_legacy_astar,none,none,fault_edges=none|fault_windows=none|node_capacities=none|merge_groups=none,22,,True,False,edge_capacity,18,hold,shield_hold
legacy_first16,no_fault,python_faithful_legacy_astar_event_trace,148,6,15:storage_in,15,18,22,47,10687.645400000001,18 22 24 27 28 47,move,python_faithful_legacy_astar,none,none,fault_edges=none|fault_windows=none|node_capacities=none|merge_groups=none,22,,True,False,edge_capacity,18,hold,shield_hold
legacy_first16,no_fault,python_faithful_legacy_astar_event_trace,149,7,15:storage_in,15,18,22,47,10688.645400000001,18 22 24 27 28 47,move,python_faithful_legacy_astar,none,none,fault_edges=none|fault_windows=none|node_capacities=none|merge_groups=none,22,,True,False,edge_capacity,18,hold,shield_hold
legacy_first16,no_fault,python_faithful_legacy_astar_event_trace,150,8,15:storage_in,15,18,22,47,10689.645400000001,18 22 24 27 28 47,move,python_faithful_legacy_astar,none,none,fault_edges=none|fault_windows=none|node_capacities=none|merge_groups=none,22,,True,False,edge_capacity,18,hold,shield_hold
legacy_first16,no_fault,python_faithful_legacy_astar_event_trace,152,6,14:storage_in,14,22,24,47,10691.08828,22 24 27 28 47,move,python_faithful_legacy_astar,none,none,fault_edges=none|fault_windows=none|node_capacities=none|merge_groups=none,24 26,26,True,False,edge_capacity,22,hold,shield_hold
legacy_first16,no_fault,python_faithful_legacy_astar_event_trace,153,7,14:storage_in,14,22,24,47,10692.08828,22 24 27 28 47,move,python_faithful_legacy_astar,none,none,fault_edges=none|fault_windows=none|node_capacities=none|merge_groups=none,24 26,26,True,False,edge_capacity,22,hold,shield_hold
legacy_first16,no_fault,python_faithful_legacy_astar_event_trace,157,10,15:storage_in,15,22,24,47,10700.0454,22 24 27 28 47,move,python_faithful_legacy_astar,none,none,fault_edges=none|fault_windows=none|node_capacities=none|merge_groups=none,24 26,26,True,False,edge_capacity,22,hold,shield_hold
legacy_first16,no_fault,python_faithful_legacy_astar_event_trace,158,11,15:storage_in,15,22,24,47,10701.0454,22 24 27 28 47,move,python_faithful_legacy_astar,none,none,fault_edges=none|fault_windows=none|node_capacities=none|merge_groups=none,24 26,26,True,False,edge_capacity,22,hold,shield_hold
legacy_first16,no_fault,python_faithful_legacy_astar_event_trace,159,12,15:storage_in,15,22,24,47,10702.0454,22 24 27 28 47,move,python_faithful_legacy_astar,none,none,fault_edges=none|fault_windows=none|node_capacities=none|merge_groups=none,24 26,26,True,False,edge_capacity,22,hold,shield_hold
legacy_first16,no_fault,python_faithful_legacy_astar_event_trace,160,13,15:storage_in,15,22,24,47,10703.0454,22 24 27 28 47,move,python_faithful_legacy_astar,none,none,fault_edges=none|fault_windows=none|node_capacities=none|merge_groups=none,24 26,26,True,False,edge_capacity,22,hold,shield_hold
legacy_first16_buffer2,buffer_capacity,python_faithful_legacy_astar_event_trace,15,3,2:storage_in,2,18,22,47,8882.216299,18 22 24 27 28 47,move,python_faithful_legacy_astar,none,none,fault_edges=none|fault_windows=none|node_capacities=28:2;47:2|merge_groups=none,22,,True,False,edge_capacity,18,hold,shield_hold
legacy_first16_buffer2,buffer_capacity,python_faithful_legacy_astar_event_trace,17,4,2:storage_in,2,18,22,47,8883.216299,18 22 24 27 28 47,move,python_faithful_legacy_astar,none,none,fault_edges=none|fault_windows=none|node_capacities=28:2;47:2|merge_groups=none,22,,True,False,edge_capacity,18,hold,shield_hold
legacy_first16_buffer2,buffer_capacity,python_faithful_legacy_astar_event_trace,21,4,3:storage_in,3,18,22,47,8889.800872000002,18 22 24 27 28 47,move,python_faithful_legacy_astar,none,none,fault_edges=none|fault_windows=none|node_capacities=28:2;47:2|merge_groups=none,22,,True,False,edge_capacity,18,hold,shield_hold
legacy_first16_buffer2,buffer_capacity,python_faithful_legacy_astar_event_trace,22,5,3:storage_in,3,18,22,47,8890.800872000002,18 22 24 27 28 47,move,python_faithful_legacy_astar,none,none,fault_edges=none|fault_windows=none|node_capacities=28:2;47:2|merge_groups=none,22,,True,False,edge_capacity,18,hold,shield_hold
legacy_first16_buffer2,buffer_capacity,python_faithful_legacy_astar_event_trace,23,6,3:storage_in,3,18,22,47,8891.800872000002,18 22 24 27 28 47,move,python_faithful_legacy_astar,none,none,fault_edges=none|fault_windows=none|node_capacities=28:2;47:2|merge_groups=none,22,,True,False,edge_capacity,18,hold,shield_hold
legacy_first16_buffer2,buffer_capacity,python_faithful_legacy_astar_event_trace,25,6,2:storage_in,2,22,24,47,8893.616299,22 24 27 28 47,move,python_faithful_legacy_astar,none,none,fault_edges=none|fault_windows=none|node_capacities=28:2;47:2|merge_groups=none,24 26,26,True,False,edge_capacity,22,hold,shield_hold
legacy_first16_buffer2,buffer_capacity,python_faithful_legacy_astar_event_trace,26,7,2:storage_in,2,22,24,47,8894.616299,22 24 27 28 47,move,python_faithful_legacy_astar,none,none,fault_edges=none|fault_windows=none|node_capacities=28:2;47:2|merge_groups=none,24 26,26,True,False,edge_capacity,22,hold,shield_hold
legacy_first16_buffer2,buffer_capacity,python_faithful_legacy_astar_event_trace,30,8,3:storage_in,3,22,24,47,8902.200872000001,22 24 27 28 47,move,python_faithful_legacy_astar,none,none,fault_edges=none|fault_windows=none|node_capacities=28:2;47:2|merge_groups=none,24 26,26,True,False,edge_capacity,22,hold,shield_hold
legacy_first16_buffer2,buffer_capacity,python_faithful_legacy_astar_event_trace,31,9,3:storage_in,3,22,24,47,8903.200872000001,22 24 27 28 47,move,python_faithful_legacy_astar,none,none,fault_edges=none|fault_windows=none|node_capacities=28:2;47:2|merge_groups=none,24 26,26,True,False,edge_capacity,22,hold,shield_hold
legacy_first16_buffer2,buffer_capacity,python_faithful_legacy_astar_event_trace,32,10,3:storage_in,3,22,24,47,8904.200872000001,22 24 27 28 47,move,python_faithful_legacy_astar,none,none,fault_edges=none|fault_windows=none|node_capacities=28:2;47:2|merge_groups=none,24 26,26,True,False,edge_capacity,22,hold,shield_hold
legacy_first16_buffer2,buffer_capacity,python_faithful_legacy_astar_event_trace,33,11,3:storage_in,3,22,24,47,8905.200872000001,22 24 27 28 47,move,python_faithful_legacy_astar,none,none,fault_edges=none|fault_windows=none|node_capacities=28:2;47:2|merge_groups=none,24 26,26,True,False,edge_capacity,22,hold,shield_hold
legacy_first16_buffer2,buffer_capacity,python_faithful_legacy_astar_event_trace,39,14,3:storage_in,3,27,28,47,8920.200872000001,27 28 47,move,python_faithful_legacy_astar,none,none,fault_edges=none|fault_windows=none|node_capacities=28:2;47:2|merge_groups=none,28 45,,True,False,edge_capacity,27,hold,shield_hold
legacy_first16_buffer2,buffer_capacity,python_faithful_legacy_astar_event_trace,49,3,5:storage_in,5,18,22,47,9477.815484,18 22 24 27 28 47,move,python_faithful_legacy_astar,none,none,fault_edges=none|fault_windows=none|node_capacities=28:2;47:2|merge_groups=none,22,,True,False,edge_capacity,18,hold,shield_hold
legacy_first16_buffer2,buffer_capacity,python_faithful_legacy_astar_event_trace,50,4,5:storage_in,5,18,22,47,9478.815484,18 22 24 27 28 47,move,python_faithful_legacy_astar,none,none,fault_edges=none|fault_windows=none|node_capacities=28:2;47:2|merge_groups=none,22,,True,False,edge_capacity,18,hold,shield_hold
legacy_first16_buffer2,buffer_capacity,python_faithful_legacy_astar_event_trace,51,5,5:storage_in,5,18,22,47,9479.815484,18 22 24 27 28 47,move,python_faithful_legacy_astar,none,none,fault_edges=none|fault_windows=none|node_capacities=28:2;47:2|merge_groups=none,22,,True,False,edge_capacity,18,hold,shield_hold
legacy_first16_buffer2,buffer_capacity,python_faithful_legacy_astar_event_trace,54,7,5:storage_in,5,22,24,47,9490.215484,22 24 27 28 47,move,python_faithful_legacy_astar,none,none,fault_edges=none|fault_windows=none|node_capacities=28:2;47:2|merge_groups=none,24 26,26,True,False,edge_capacity,22,hold,shield_hold
legacy_first16_buffer2,buffer_capacity,python_faithful_legacy_astar_event_trace,55,8,5:storage_in,5,22,24,47,9491.215484,22 24 27 28 47,move,python_faithful_legacy_astar,none,none,fault_edges=none|fault_windows=none|node_capacities=28:2;47:2|merge_groups=none,24 26,26,True,False,edge_capacity,22,hold,shield_hold
legacy_first16_buffer2,buffer_capacity,python_faithful_legacy_astar_event_trace,60,11,5:storage_in,5,27,28,47,9506.215484,27 28 47,move,python_faithful_legacy_astar,none,none,fault_edges=none|fault_windows=none|node_capacities=28:2;47:2|merge_groups=none,28 45,,True,False,edge_capacity,27,hold,shield_hold
legacy_first16_buffer2,buffer_capacity,python_faithful_legacy_astar_event_trace,83,3,10:storage_in,10,18,22,47,10094.37294,18 22 24 27 28 47,move,python_faithful_legacy_astar,none,none,fault_edges=none|fault_windows=none|node_capacities=28:2;47:2|merge_groups=none,22,,True,False,edge_capacity,18,hold,shield_hold
legacy_first16_buffer2,buffer_capacity,python_faithful_legacy_astar_event_trace,85,4,10:storage_in,10,18,22,47,10095.37294,18 22 24 27 28 47,move,python_faithful_legacy_astar,none,none,fault_edges=none|fault_windows=none|node_capacities=28:2;47:2|merge_groups=none,22,,True,False,edge_capacity,18,hold,shield_hold
legacy_first16_buffer2,buffer_capacity,python_faithful_legacy_astar_event_trace,86,5,10:storage_in,10,18,22,47,10096.37294,18 22 24 27 28 47,move,python_faithful_legacy_astar,none,none,fault_edges=none|fault_windows=none|node_capacities=28:2;47:2|merge_groups=none,22,,True,False,edge_capacity,18,hold,shield_hold
legacy_first16_buffer2,buffer_capacity,python_faithful_legacy_astar_event_trace,87,6,10:storage_in,10,18,22,47,10097.37294,18 22 24 27 28 47,move,python_faithful_legacy_astar,none,none,fault_edges=none|fault_windows=none|node_capacities=28:2;47:2|merge_groups=none,22,,True,False,edge_capacity,18,hold,shield_hold
legacy_first16_buffer2,buffer_capacity,python_faithful_legacy_astar_event_trace,89,7,10:storage_in,10,18,22,47,10098.37294,18 22 24 27 28 47,move,python_faithful_legacy_astar,none,none,fault_edges=none|fault_windows=none|node_capacities=28:2;47:2|merge_groups=none,22,,True,False,edge_capacity,18,hold,shield_hold
legacy_first16_buffer2,buffer_capacity,python_faithful_legacy_astar_event_trace,91,8,10:storage_in,10,18,22,47,10099.37294,18 22 24 27 28 47,move,python_faithful_legacy_astar,none,none,fault_edges=none|fault_windows=none|node_capacities=28:2;47:2|merge_groups=none,22,,True,False,edge_capacity,18,hold,shield_hold
legacy_first16_buffer2,buffer_capacity,python_faithful_legacy_astar_event_trace,92,9,10:storage_in,10,18,22,47,10100.37294,18 22 24 27 28 47,move,python_faithful_legacy_astar,none,none,fault_edges=none|fault_windows=none|node_capacities=28:2;47:2|merge_groups=none,22,,True,False,edge_capacity,18,hold,shield_hold
legacy_first16_buffer2,buffer_capacity,python_faithful_legacy_astar_event_trace,94,4,9:storage_in,9,22,24,47,10101.934140000001,22 24 27 28 47,move,python_faithful_legacy_astar,none,none,fault_edges=none|fault_windows=none|node_capacities=28:2;47:2|merge_groups=none,24 26,26,True,False,edge_capacity,22,hold,shield_hold
legacy_first16_buffer2,buffer_capacity,python_faithful_legacy_astar_event_trace,102,11,10:storage_in,10,22,24,47,10110.772939999999,22 24 27 28 47,move,python_faithful_legacy_astar,none,none,fault_edges=none|fault_windows=none|node_capacities=28:2;47:2|merge_groups=none,24 26,26,True,False,edge_capacity,22,hold,shield_hold
legacy_first16_buffer2,buffer_capacity,python_faithful_legacy_astar_event_trace,104,12,10:storage_in,10,22,24,47,10111.772939999999,22 24 27 28 47,move,python_faithful_legacy_astar,none,none,fault_edges=none|fault_windows=none|node_capacities=28:2;47:2|merge_groups=none,24 26,26,True,False,edge_capacity,22,hold,shield_hold
legacy_first16_buffer2,buffer_capacity,python_faithful_legacy_astar_event_trace,105,13,10:storage_in,10,22,24,47,10112.772939999999,22 24 27 28 47,move,python_faithful_legacy_astar,none,none,fault_edges=none|fault_windows=none|node_capacities=28:2;47:2|merge_groups=none,24 26,26,True,False,edge_capacity,22,hold,shield_hold
legacy_first16_buffer2,buffer_capacity,python_faithful_legacy_astar_event_trace,106,7,8:storage_in,8,27,28,47,10113.706480000003,27 28 47,move,python_faithful_legacy_astar,none,none,fault_edges=none|fault_windows=none|node_capacities=28:2;47:2|merge_groups=none,28 45,,True,False,edge_capacity,27,hold,shield_hold
legacy_first16_buffer2,buffer_capacity,python_faithful_legacy_astar_event_trace,110,8,8:storage_in,8,27,28,47,10114.706480000003,27 28 47,move,python_faithful_legacy_astar,none,none,fault_edges=none|fault_windows=none|node_capacities=28:2;47:2|merge_groups=none,28 45,,True,False,edge_capacity,27,hold,shield_hold
legacy_first16_buffer2,buffer_capacity,python_faithful_legacy_astar_event_trace,111,9,8:storage_in,8,27,28,47,10115.706480000003,27 28 47,move,python_faithful_legacy_astar,none,none,fault_edges=none|fault_windows=none|node_capacities=28:2;47:2|merge_groups=none,28 45,,True,False,edge_capacity,,none,mark_unplanned
legacy_first16_buffer2,buffer_capacity,python_faithful_legacy_astar_event_trace,112,7,9:storage_in,9,27,28,47,10116.934140000001,27 28 47,move,python_faithful_legacy_astar,none,none,fault_edges=none|fault_windows=none|node_capacities=28:2;47:2|merge_groups=none,28 45,,True,False,edge_capacity,27,hold,shield_hold
legacy_first16_buffer2,buffer_capacity,python_faithful_legacy_astar_event_trace,117,8,11:storage_in,11,27,28,47,10123.639820000002,27 28 47,move,python_faithful_legacy_astar,none,none,fault_edges=none|fault_windows=none|node_capacities=28:2;47:2|merge_groups=none,28 45,,True,False,edge_capacity,27,hold,shield_hold
legacy_first16_buffer2,buffer_capacity,python_faithful_legacy_astar_event_trace,118,9,11:storage_in,11,27,28,47,10124.639820000002,27 28 47,move,python_faithful_legacy_astar,none,none,fault_edges=none|fault_windows=none|node_capacities=28:2;47:2|merge_groups=none,28 45,,True,False,edge_capacity,27,hold,shield_hold
legacy_first16_buffer2,buffer_capacity,python_faithful_legacy_astar_event_trace,120,10,11:storage_in,11,27,28,47,10125.639820000002,27 28 47,move,python_faithful_legacy_astar,none,none,fault_edges=none|fault_windows=none|node_capacities=28:2;47:2|merge_groups=none,28 45,,True,False,edge_capacity,27,hold,shield_hold
legacy_first16_buffer2,buffer_capacity,python_faithful_legacy_astar_event_trace,121,11,11:storage_in,11,27,28,47,10126.639820000002,27 28 47,move,python_faithful_legacy_astar,none,none,fault_edges=none|fault_windows=none|node_capacities=28:2;47:2|merge_groups=none,28 45,,True,False,edge_capacity,,none,mark_unplanned
legacy_first16_buffer2,buffer_capacity,python_faithful_legacy_astar_event_trace,122,16,10:storage_in,10,27,28,47,10127.772939999999,27 28 47,move,python_faithful_legacy_astar,none,none,fault_edges=none|fault_windows=none|node_capacities=28:2;47:2|merge_groups=none,28 45,,True,False,edge_capacity,27,hold,shield_hold
legacy_first16_buffer2,buffer_capacity,python_faithful_legacy_astar_event_trace,140,3,14:storage_in,14,18,22,47,10679.68828,18 22 24 27 28 47,move,python_faithful_legacy_astar,none,none,fault_edges=none|fault_windows=none|node_capacities=28:2;47:2|merge_groups=none,22,,True,False,edge_capacity,18,hold,shield_hold
legacy_first16_buffer2,buffer_capacity,python_faithful_legacy_astar_event_trace,141,4,14:storage_in,14,18,22,47,10680.68828,18 22 24 27 28 47,move,python_faithful_legacy_astar,none,none,fault_edges=none|fault_windows=none|node_capacities=28:2;47:2|merge_groups=none,22,,True,False,edge_capacity,18,hold,shield_hold
legacy_first16_buffer2,buffer_capacity,python_faithful_legacy_astar_event_trace,145,4,15:storage_in,15,18,22,47,10685.645400000001,18 22 24 27 28 47,move,python_faithful_legacy_astar,none,none,fault_edges=none|fault_windows=none|node_capacities=28:2;47:2|merge_groups=none,22,,True,False,edge_capacity,18,hold,shield_hold
legacy_first16_buffer2,buffer_capacity,python_faithful_legacy_astar_event_trace,147,5,15:storage_in,15,18,22,47,10686.645400000001,18 22 24 27 28 47,move,python_faithful_legacy_astar,none,none,fault_edges=none|fault_windows=none|node_capacities=28:2;47:2|merge_groups=none,22,,True,False,edge_capacity,18,hold,shield_hold
legacy_first16_buffer2,buffer_capacity,python_faithful_legacy_astar_event_trace,148,6,15:storage_in,15,18,22,47,10687.645400000001,18 22 24 27 28 47,move,python_faithful_legacy_astar,none,none,fault_edges=none|fault_windows=none|node_capacities=28:2;47:2|merge_groups=none,22,,True,False,edge_capacity,18,hold,shield_hold
legacy_first16_buffer2,buffer_capacity,python_faithful_legacy_astar_event_trace,149,7,15:storage_in,15,18,22,47,10688.645400000001,18 22 24 27 28 47,move,python_faithful_legacy_astar,none,none,fault_edges=none|fault_windows=none|node_capacities=28:2;47:2|merge_groups=none,22,,True,False,edge_capacity,18,hold,shield_hold
legacy_first16_buffer2,buffer_capacity,python_faithful_legacy_astar_event_trace,150,8,15:storage_in,15,18,22,47,10689.645400000001,18 22 24 27 28 47,move,python_faithful_legacy_astar,none,none,fault_edges=none|fault_windows=none|node_capacities=28:2;47:2|merge_groups=none,22,,True,False,edge_capacity,18,hold,shield_hold
legacy_first16_buffer2,buffer_capacity,python_faithful_legacy_astar_event_trace,152,6,14:storage_in,14,22,24,47,10691.08828,22 24 27 28 47,move,python_faithful_legacy_astar,none,none,fault_edges=none|fault_windows=none|node_capacities=28:2;47:2|merge_groups=none,24 26,26,True,False,edge_capacity,22,hold,shield_hold
legacy_first16_buffer2,buffer_capacity,python_faithful_legacy_astar_event_trace,153,7,14:storage_in,14,22,24,47,10692.08828,22 24 27 28 47,move,python_faithful_legacy_astar,none,none,fault_edges=none|fault_windows=none|node_capacities=28:2;47:2|merge_groups=none,24 26,26,True,False,edge_capacity,22,hold,shield_hold
legacy_first16_buffer2,buffer_capacity,python_faithful_legacy_astar_event_trace,157,10,15:storage_in,15,22,24,47,10700.0454,22 24 27 28 47,move,python_faithful_legacy_astar,none,none,fault_edges=none|fault_windows=none|node_capacities=28:2;47:2|merge_groups=none,24 26,26,True,False,edge_capacity,22,hold,shield_hold
legacy_first16_buffer2,buffer_capacity,python_faithful_legacy_astar_event_trace,158,11,15:storage_in,15,22,24,47,10701.0454,22 24 27 28 47,move,python_faithful_legacy_astar,none,none,fault_edges=none|fault_windows=none|node_capacities=28:2;47:2|merge_groups=none,24 26,26,True,False,edge_capacity,22,hold,shield_hold
legacy_first16_buffer2,buffer_capacity,python_faithful_legacy_astar_event_trace,159,12,15:storage_in,15,22,24,47,10702.0454,22 24 27 28 47,move,python_faithful_legacy_astar,none,none,fault_edges=none|fault_windows=none|node_capacities=28:2;47:2|merge_groups=none,24 26,26,True,False,edge_capacity,22,hold,shield_hold
legacy_first16_buffer2,buffer_capacity,python_faithful_legacy_astar_event_trace,160,13,15:storage_in,15,22,24,47,10703.0454,22 24 27 28 47,move,python_faithful_legacy_astar,none,none,fault_edges=none|fault_windows=none|node_capacities=28:2;47:2|merge_groups=none,24 26,26,True,False,edge_capacity,22,hold,shield_hold
legacy_first32,no_fault,python_faithful_legacy_astar_event_trace,15,3,2:storage_in,2,18,22,47,8882.216299,18 22 24 27 28 47,move,python_faithful_legacy_astar,none,none,fault_edges=none|fault_windows=none|node_capacities=none|merge_groups=none,22,,True,False,edge_capacity,18,hold,shield_hold
legacy_first32,no_fault,python_faithful_legacy_astar_event_trace,17,4,2:storage_in,2,18,22,47,8883.216299,18 22 24 27 28 47,move,python_faithful_legacy_astar,none,none,fault_edges=none|fault_windows=none|node_capacities=none|merge_groups=none,22,,True,False,edge_capacity,18,hold,shield_hold
legacy_first32,no_fault,python_faithful_legacy_astar_event_trace,21,4,3:storage_in,3,18,22,47,8889.800872000002,18 22 24 27 28 47,move,python_faithful_legacy_astar,none,none,fault_edges=none|fault_windows=none|node_capacities=none|merge_groups=none,22,,True,False,edge_capacity,18,hold,shield_hold
legacy_first32,no_fault,python_faithful_legacy_astar_event_trace,22,5,3:storage_in,3,18,22,47,8890.800872000002,18 22 24 27 28 47,move,python_faithful_legacy_astar,none,none,fault_edges=none|fault_windows=none|node_capacities=none|merge_groups=none,22,,True,False,edge_capacity,18,hold,shield_hold
legacy_first32,no_fault,python_faithful_legacy_astar_event_trace,23,6,3:storage_in,3,18,22,47,8891.800872000002,18 22 24 27 28 47,move,python_faithful_legacy_astar,none,none,fault_edges=none|fault_windows=none|node_capacities=none|merge_groups=none,22,,True,False,edge_capacity,18,hold,shield_hold
legacy_first32,no_fault,python_faithful_legacy_astar_event_trace,25,6,2:storage_in,2,22,24,47,8893.616299,22 24 27 28 47,move,python_faithful_legacy_astar,none,none,fault_edges=none|fault_windows=none|node_capacities=none|merge_groups=none,24 26,26,True,False,edge_capacity,22,hold,shield_hold
legacy_first32,no_fault,python_faithful_legacy_astar_event_trace,26,7,2:storage_in,2,22,24,47,8894.616299,22 24 27 28 47,move,python_faithful_legacy_astar,none,none,fault_edges=none|fault_windows=none|node_capacities=none|merge_groups=none,24 26,26,True,False,edge_capacity,22,hold,shield_hold
legacy_first32,no_fault,python_faithful_legacy_astar_event_trace,30,8,3:storage_in,3,22,24,47,8902.200872000001,22 24 27 28 47,move,python_faithful_legacy_astar,none,none,fault_edges=none|fault_windows=none|node_capacities=none|merge_groups=none,24 26,26,True,False,edge_capacity,22,hold,shield_hold
legacy_first32,no_fault,python_faithful_legacy_astar_event_trace,31,9,3:storage_in,3,22,24,47,8903.200872000001,22 24 27 28 47,move,python_faithful_legacy_astar,none,none,fault_edges=none|fault_windows=none|node_capacities=none|merge_groups=none,24 26,26,True,False,edge_capacity,22,hold,shield_hold
legacy_first32,no_fault,python_faithful_legacy_astar_event_trace,32,10,3:storage_in,3,22,24,47,8904.200872000001,22 24 27 28 47,move,python_faithful_legacy_astar,none,none,fault_edges=none|fault_windows=none|node_capacities=none|merge_groups=none,24 26,26,True,False,edge_capacity,22,hold,shield_hold
legacy_first32,no_fault,python_faithful_legacy_astar_event_trace,33,11,3:storage_in,3,22,24,47,8905.200872000001,22 24 27 28 47,move,python_faithful_legacy_astar,none,none,fault_edges=none|fault_windows=none|node_capacities=none|merge_groups=none,24 26,26,True,False,edge_capacity,22,hold,shield_hold
legacy_first32,no_fault,python_faithful_legacy_astar_event_trace,39,14,3:storage_in,3,27,28,47,8920.200872000001,27 28 47,move,python_faithful_legacy_astar,none,none,fault_edges=none|fault_windows=none|node_capacities=none|merge_groups=none,28 45,,True,False,edge_capacity,27,hold,shield_hold
legacy_first32,no_fault,python_faithful_legacy_astar_event_trace,49,3,5:storage_in,5,18,22,47,9477.815484,18 22 24 27 28 47,move,python_faithful_legacy_astar,none,none,fault_edges=none|fault_windows=none|node_capacities=none|merge_groups=none,22,,True,False,edge_capacity,18,hold,shield_hold
legacy_first32,no_fault,python_faithful_legacy_astar_event_trace,50,4,5:storage_in,5,18,22,47,9478.815484,18 22 24 27 28 47,move,python_faithful_legacy_astar,none,none,fault_edges=none|fault_windows=none|node_capacities=none|merge_groups=none,22,,True,False,edge_capacity,18,hold,shield_hold
legacy_first32,no_fault,python_faithful_legacy_astar_event_trace,51,5,5:storage_in,5,18,22,47,9479.815484,18 22 24 27 28 47,move,python_faithful_legacy_astar,none,none,fault_edges=none|fault_windows=none|node_capacities=none|merge_groups=none,22,,True,False,edge_capacity,18,hold,shield_hold
legacy_first32,no_fault,python_faithful_legacy_astar_event_trace,54,7,5:storage_in,5,22,24,47,9490.215484,22 24 27 28 47,move,python_faithful_legacy_astar,none,none,fault_edges=none|fault_windows=none|node_capacities=none|merge_groups=none,24 26,26,True,False,edge_capacity,22,hold,shield_hold
legacy_first32,no_fault,python_faithful_legacy_astar_event_trace,55,8,5:storage_in,5,22,24,47,9491.215484,22 24 27 28 47,move,python_faithful_legacy_astar,none,none,fault_edges=none|fault_windows=none|node_capacities=none|merge_groups=none,24 26,26,True,False,edge_capacity,22,hold,shield_hold
legacy_first32,no_fault,python_faithful_legacy_astar_event_trace,60,11,5:storage_in,5,27,28,47,9506.215484,27 28 47,move,python_faithful_legacy_astar,none,none,fault_edges=none|fault_windows=none|node_capacities=none|merge_groups=none,28 45,,True,False,edge_capacity,27,hold,shield_hold
legacy_first32,no_fault,python_faithful_legacy_astar_event_trace,83,3,10:storage_in,10,18,22,47,10094.37294,18 22 24 27 28 47,move,python_faithful_legacy_astar,none,none,fault_edges=none|fault_windows=none|node_capacities=none|merge_groups=none,22,,True,False,edge_capacity,18,hold,shield_hold
legacy_first32,no_fault,python_faithful_legacy_astar_event_trace,85,4,10:storage_in,10,18,22,47,10095.37294,18 22 24 27 28 47,move,python_faithful_legacy_astar,none,none,fault_edges=none|fault_windows=none|node_capacities=none|merge_groups=none,22,,True,False,edge_capacity,18,hold,shield_hold
legacy_first32,no_fault,python_faithful_legacy_astar_event_trace,86,5,10:storage_in,10,18,22,47,10096.37294,18 22 24 27 28 47,move,python_faithful_legacy_astar,none,none,fault_edges=none|fault_windows=none|node_capacities=none|merge_groups=none,22,,True,False,edge_capacity,18,hold,shield_hold
legacy_first32,no_fault,python_faithful_legacy_astar_event_trace,87,6,10:storage_in,10,18,22,47,10097.37294,18 22 24 27 28 47,move,python_faithful_legacy_astar,none,none,fault_edges=none|fault_windows=none|node_capacities=none|merge_groups=none,22,,True,False,edge_capacity,18,hold,shield_hold
legacy_first32,no_fault,python_faithful_legacy_astar_event_trace,89,7,10:storage_in,10,18,22,47,10098.37294,18 22 24 27 28 47,move,python_faithful_legacy_astar,none,none,fault_edges=none|fault_windows=none|node_capacities=none|merge_groups=none,22,,True,False,edge_capacity,18,hold,shield_hold
legacy_first32,no_fault,python_faithful_legacy_astar_event_trace,91,8,10:storage_in,10,18,22,47,10099.37294,18 22 24 27 28 47,move,python_faithful_legacy_astar,none,none,fault_edges=none|fault_windows=none|node_capacities=none|merge_groups=none,22,,True,False,edge_capacity,18,hold,shield_hold
legacy_first32,no_fault,python_faithful_legacy_astar_event_trace,92,9,10:storage_in,10,18,22,47,10100.37294,18 22 24 27 28 47,move,python_faithful_legacy_astar,none,none,fault_edges=none|fault_windows=none|node_capacities=none|merge_groups=none,22,,True,False,edge_capacity,18,hold,shield_hold
legacy_first32,no_fault,python_faithful_legacy_astar_event_trace,94,4,9:storage_in,9,22,24,47,10101.934140000001,22 24 27 28 47,move,python_faithful_legacy_astar,none,none,fault_edges=none|fault_windows=none|node_capacities=none|merge_groups=none,24 26,26,True,False,edge_capacity,22,hold,shield_hold
legacy_first32,no_fault,python_faithful_legacy_astar_event_trace,102,11,10:storage_in,10,22,24,47,10110.772939999999,22 24 27 28 47,move,python_faithful_legacy_astar,none,none,fault_edges=none|fault_windows=none|node_capacities=none|merge_groups=none,24 26,26,True,False,edge_capacity,22,hold,shield_hold
legacy_first32,no_fault,python_faithful_legacy_astar_event_trace,104,12,10:storage_in,10,22,24,47,10111.772939999999,22 24 27 28 47,move,python_faithful_legacy_astar,none,none,fault_edges=none|fault_windows=none|node_capacities=none|merge_groups=none,24 26,26,True,False,edge_capacity,22,hold,shield_hold
legacy_first32,no_fault,python_faithful_legacy_astar_event_trace,105,13,10:storage_in,10,22,24,47,10112.772939999999,22 24 27 28 47,move,python_faithful_legacy_astar,none,none,fault_edges=none|fault_windows=none|node_capacities=none|merge_groups=none,24 26,26,True,False,edge_capacity,22,hold,shield_hold
legacy_first32,no_fault,python_faithful_legacy_astar_event_trace,106,7,8:storage_in,8,27,28,47,10113.706480000003,27 28 47,move,python_faithful_legacy_astar,none,none,fault_edges=none|fault_windows=none|node_capacities=none|merge_groups=none,28 45,,True,False,edge_capacity,27,hold,shield_hold
legacy_first32,no_fault,python_faithful_legacy_astar_event_trace,110,8,8:storage_in,8,27,28,47,10114.706480000003,27 28 47,move,python_faithful_legacy_astar,none,none,fault_edges=none|fault_windows=none|node_capacities=none|merge_groups=none,28 45,,True,False,edge_capacity,27,hold,shield_hold
legacy_first32,no_fault,python_faithful_legacy_astar_event_trace,111,9,8:storage_in,8,27,28,47,10115.706480000003,27 28 47,move,python_faithful_legacy_astar,none,none,fault_edges=none|fault_windows=none|node_capacities=none|merge_groups=none,28 45,,True,False,edge_capacity,,none,mark_unplanned
legacy_first32,no_fault,python_faithful_legacy_astar_event_trace,112,7,9:storage_in,9,27,28,47,10116.934140000001,27 28 47,move,python_faithful_legacy_astar,none,none,fault_edges=none|fault_windows=none|node_capacities=none|merge_groups=none,28 45,,True,False,edge_capacity,27,hold,shield_hold
legacy_first32,no_fault,python_faithful_legacy_astar_event_trace,117,8,11:storage_in,11,27,28,47,10123.639820000002,27 28 47,move,python_faithful_legacy_astar,none,none,fault_edges=none|fault_windows=none|node_capacities=none|merge_groups=none,28 45,,True,False,edge_capacity,27,hold,shield_hold
legacy_first32,no_fault,python_faithful_legacy_astar_event_trace,118,9,11:storage_in,11,27,28,47,10124.639820000002,27 28 47,move,python_faithful_legacy_astar,none,none,fault_edges=none|fault_windows=none|node_capacities=none|merge_groups=none,28 45,,True,False,edge_capacity,27,hold,shield_hold
legacy_first32,no_fault,python_faithful_legacy_astar_event_trace,120,10,11:storage_in,11,27,28,47,10125.639820000002,27 28 47,move,python_faithful_legacy_astar,none,none,fault_edges=none|fault_windows=none|node_capacities=none|merge_groups=none,28 45,,True,False,edge_capacity,27,hold,shield_hold
legacy_first32,no_fault,python_faithful_legacy_astar_event_trace,121,11,11:storage_in,11,27,28,47,10126.639820000002,27 28 47,move,python_faithful_legacy_astar,none,none,fault_edges=none|fault_windows=none|node_capacities=none|merge_groups=none,28 45,,True,False,edge_capacity,,none,mark_unplanned
legacy_first32,no_fault,python_faithful_legacy_astar_event_trace,122,16,10:storage_in,10,27,28,47,10127.772939999999,27 28 47,move,python_faithful_legacy_astar,none,none,fault_edges=none|fault_windows=none|node_capacities=none|merge_groups=none,28 45,,True,False,edge_capacity,27,hold,shield_hold
legacy_first32,no_fault,python_faithful_legacy_astar_event_trace,140,3,14:storage_in,14,18,22,47,10679.68828,18 22 24 27 28 47,move,python_faithful_legacy_astar,none,none,fault_edges=none|fault_windows=none|node_capacities=none|merge_groups=none,22,,True,False,edge_capacity,18,hold,shield_hold
legacy_first32,no_fault,python_faithful_legacy_astar_event_trace,141,4,14:storage_in,14,18,22,47,10680.68828,18 22 24 27 28 47,move,python_faithful_legacy_astar,none,none,fault_edges=none|fault_windows=none|node_capacities=none|merge_groups=none,22,,True,False,edge_capacity,18,hold,shield_hold
legacy_first32,no_fault,python_faithful_legacy_astar_event_trace,149,4,15:storage_in,15,18,22,47,10685.645400000001,18 22 24 27 28 47,move,python_faithful_legacy_astar,none,none,fault_edges=none|fault_windows=none|node_capacities=none|merge_groups=none,22,,True,False,edge_capacity,18,hold,shield_hold
legacy_first32,no_fault,python_faithful_legacy_astar_event_trace,152,5,15:storage_in,15,18,22,47,10686.645400000001,18 22 24 27 28 47,move,python_faithful_legacy_astar,none,none,fault_edges=none|fault_windows=none|node_capacities=none|merge_groups=none,22,,True,False,edge_capacity,18,hold,shield_hold
legacy_first32,no_fault,python_faithful_legacy_astar_event_trace,154,6,15:storage_in,15,18,22,47,10687.645400000001,18 22 24 27 28 47,move,python_faithful_legacy_astar,none,none,fault_edges=none|fault_windows=none|node_capacities=none|merge_groups=none,22,,True,False,edge_capacity,18,hold,shield_hold
legacy_first32,no_fault,python_faithful_legacy_astar_event_trace,158,7,15:storage_in,15,18,22,47,10688.645400000001,18 22 24 27 28 47,move,python_faithful_legacy_astar,none,none,fault_edges=none|fault_windows=none|node_capacities=none|merge_groups=none,22,,True,False,edge_capacity,18,hold,shield_hold
legacy_first32,no_fault,python_faithful_legacy_astar_event_trace,160,8,15:storage_in,15,18,22,47,10689.645400000001,18 22 24 27 28 47,move,python_faithful_legacy_astar,none,none,fault_edges=none|fault_windows=none|node_capacities=none|merge_groups=none,22,,True,False,edge_capacity,,none,mark_unplanned
legacy_first32,no_fault,python_faithful_legacy_astar_event_trace,164,6,14:storage_in,14,22,24,47,10691.08828,22 24 27 28 47,move,python_faithful_legacy_astar,none,none,fault_edges=none|fault_windows=none|node_capacities=none|merge_groups=none,24 26,26,True,False,edge_capacity,22,hold,shield_hold
legacy_first32,no_fault,python_faithful_legacy_astar_event_trace,165,7,14:storage_in,14,22,24,47,10692.08828,22 24 27 28 47,move,python_faithful_legacy_astar,none,none,fault_edges=none|fault_windows=none|node_capacities=none|merge_groups=none,24 26,26,True,False,edge_capacity,22,hold,shield_hold
legacy_first32,no_fault,python_faithful_legacy_astar_event_trace,171,3,19:storage_in,19,8,11,47,10695.21115,8 11 13 23 24 27 28 47,move,python_faithful_legacy_astar,none,none,fault_edges=none|fault_windows=none|node_capacities=none|merge_groups=none,11,,True,False,edge_capacity,8,hold,shield_hold
legacy_first32,no_fault,python_faithful_legacy_astar_event_trace,177,4,20:storage_in,20,18,22,47,10697.90327,18 22 24 27 28 47,move,python_faithful_legacy_astar,none,none,fault_edges=none|fault_windows=none|node_capacities=none|merge_groups=none,22,,True,False,edge_capacity,18,hold,shield_hold
legacy_first32,no_fault,python_faithful_legacy_astar_event_trace,178,5,20:storage_in,20,18,22,47,10698.90327,18 22 24 27 28 47,move,python_faithful_legacy_astar,none,none,fault_edges=none|fault_windows=none|node_capacities=none|merge_groups=none,22,,True,False,edge_capacity,18,hold,shield_hold
legacy_first32,no_fault,python_faithful_legacy_astar_event_trace,181,5,16:storage_in,16,22,24,47,10700.259530000001,22 24 27 28 47,move,python_faithful_legacy_astar,none,none,fault_edges=none|fault_windows=none|node_capacities=none|merge_groups=none,24 26,26,True,False,edge_capacity,22,hold,shield_hold
legacy_first32,no_fault,python_faithful_legacy_astar_event_trace,182,5,19:storage_in,19,11,13,47,10700.41115,11 13 23 24 27 28 47,move,python_faithful_legacy_astar,none,none,fault_edges=none|fault_windows=none|node_capacities=none|merge_groups=none,13 14,14,True,False,edge_capacity,11,hold,shield_hold
legacy_first32,no_fault,python_faithful_legacy_astar_event_trace,184,6,16:storage_in,16,22,24,47,10701.259530000001,22 24 27 28 47,move,python_faithful_legacy_astar,none,none,fault_edges=none|fault_windows=none|node_capacities=none|merge_groups=none,24 26,26,True,False,edge_capacity,22,hold,shield_hold
legacy_first32,no_fault,python_faithful_legacy_astar_event_trace,185,6,19:storage_in,19,11,13,47,10701.41115,11 13 23 24 27 28 47,move,python_faithful_legacy_astar,none,none,fault_edges=none|fault_windows=none|node_capacities=none|merge_groups=none,13 14,14,True,False,edge_capacity,11,hold,shield_hold
legacy_first32,no_fault,python_faithful_legacy_astar_event_trace,186,7,16:storage_in,16,22,24,47,10702.259530000001,22 24 27 28 47,move,python_faithful_legacy_astar,none,none,fault_edges=none|fault_windows=none|node_capacities=none|merge_groups=none,24 26,26,True,False,edge_capacity,22,hold,shield_hold
legacy_first32,no_fault,python_faithful_legacy_astar_event_trace,187,7,19:storage_in,19,11,13,47,10702.41115,11 13 23 24 27 28 47,move,python_faithful_legacy_astar,none,none,fault_edges=none|fault_windows=none|node_capacities=none|merge_groups=none,13 14,14,True,False,edge_capacity,11,hold,shield_hold
legacy_first32,no_fault,python_faithful_legacy_astar_event_trace,188,8,16:storage_in,16,22,24,47,10703.259530000001,22 24 27 28 47,move,python_faithful_legacy_astar,none,none,fault_edges=none|fault_windows=none|node_capacities=none|merge_groups=none,24 26,26,True,False,edge_capacity,22,hold,shield_hold
legacy_first32,no_fault,python_faithful_legacy_astar_event_trace,189,8,19:storage_in,19,11,13,47,10703.41115,11 13 23 24 27 28 47,move,python_faithful_legacy_astar,none,none,fault_edges=none|fault_windows=none|node_capacities=none|merge_groups=none,13 14,14,True,False,edge_capacity,,none,mark_unplanned
legacy_first32,no_fault,python_faithful_legacy_astar_event_trace,193,5,21:storage_in,21,11,13,47,10704.639770000002,11 13 23 24 27 28 47,move,python_faithful_legacy_astar,none,none,fault_edges=none|fault_windows=none|node_capacities=none|merge_groups=none,13 14,14,True,False,edge_capacity,11,hold,shield_hold
legacy_first32,no_fault,python_faithful_legacy_astar_event_trace,194,6,21:storage_in,21,11,13,47,10705.639770000002,11 13 23 24 27 28 47,move,python_faithful_legacy_astar,none,none,fault_edges=none|fault_windows=none|node_capacities=none|merge_groups=none,13 14,14,True,False,edge_capacity,11,hold,shield_hold
legacy_first32,no_fault,python_faithful_legacy_astar_event_trace,195,7,21:storage_in,21,11,13,47,10706.639770000002,11 13 23 24 27 28 47,move,python_faithful_legacy_astar,none,none,fault_edges=none|fault_windows=none|node_capacities=none|merge_groups=none,13 14,14,True,False,edge_capacity,11,hold,shield_hold
legacy_first32,no_fault,python_faithful_legacy_astar_event_trace,198,8,21:storage_in,21,11,13,47,10707.639770000002,11 13 23 24 27 28 47,move,python_faithful_legacy_astar,none,none,fault_edges=none|fault_windows=none|node_capacities=none|merge_groups=none,13 14,14,True,False,edge_capacity,11,hold,shield_hold
legacy_first32,no_fault,python_faithful_legacy_astar_event_trace,201,6,17:storage_in,17,13,,47,10708.877820000002,,no_path,python_faithful_legacy_astar_no_path,none,none,fault_edges=none|fault_windows=none|node_capacities=none|merge_groups=none,23,23,False,False,legacy_astar_no_path,13,hold,shield_hold
legacy_first32,no_fault,python_faithful_legacy_astar_event_trace,202,7,20:storage_in,20,22,24,47,10709.30327,22 24 27 28 47,move,python_faithful_legacy_astar,none,none,fault_edges=none|fault_windows=none|node_capacities=none|merge_groups=none,24 26,26,True,False,edge_capacity,22,hold,shield_hold
legacy_first32,no_fault,python_faithful_legacy_astar_event_trace,204,8,20:storage_in,20,22,24,47,10710.30327,22 24 27 28 47,move,python_faithful_legacy_astar,none,none,fault_edges=none|fault_windows=none|node_capacities=none|merge_groups=none,24 26,26,True,False,edge_capacity,22,hold,shield_hold
legacy_first32,no_fault,python_faithful_legacy_astar_event_trace,206,9,20:storage_in,20,22,24,47,10711.30327,22 24 27 28 47,move,python_faithful_legacy_astar,none,none,fault_edges=none|fault_windows=none|node_capacities=none|merge_groups=none,24 26,26,True,False,edge_capacity,22,hold,shield_hold
legacy_first32,no_fault,python_faithful_legacy_astar_event_trace,207,10,20:storage_in,20,22,24,47,10712.30327,22 24 27 28 47,move,python_faithful_legacy_astar,none,none,fault_edges=none|fault_windows=none|node_capacities=none|merge_groups=none,24 26,26,True,False,edge_capacity,22,hold,shield_hold
legacy_first32,no_fault,python_faithful_legacy_astar_event_trace,208,11,20:storage_in,20,22,24,47,10713.30327,22 24 27 28 47,move,python_faithful_legacy_astar,none,none,fault_edges=none|fault_windows=none|node_capacities=none|merge_groups=none,24 26,26,True,False,edge_capacity,22,hold,shield_hold
legacy_first32,no_fault,python_faithful_legacy_astar_event_trace,209,7,18:storage_in,18,27,28,47,10713.706470000003,27 28 47,move,python_faithful_legacy_astar,none,none,fault_edges=none|fault_windows=none|node_capacities=none|merge_groups=none,28 45,,True,False,edge_capacity,27,hold,shield_hold
legacy_first32,no_fault,python_faithful_legacy_astar_event_trace,211,12,20:storage_in,20,22,24,47,10714.30327,22 24 27 28 47,move,python_faithful_legacy_astar,none,none,fault_edges=none|fault_windows=none|node_capacities=none|merge_groups=none,24 26,26,True,False,edge_capacity,22,hold,shield_hold
legacy_first32,no_fault,python_faithful_legacy_astar_event_trace,212,8,18:storage_in,18,27,28,47,10714.706470000003,27 28 47,move,python_faithful_legacy_astar,none,none,fault_edges=none|fault_windows=none|node_capacities=none|merge_groups=none,28 45,,True,False,edge_capacity,27,hold,shield_hold
legacy_first32,no_fault,python_faithful_legacy_astar_event_trace,215,9,18:storage_in,18,27,28,47,10715.706470000003,27 28 47,move,python_faithful_legacy_astar,none,none,fault_edges=none|fault_windows=none|node_capacities=none|merge_groups=none,28 45,,True,False,edge_capacity,27,hold,shield_hold
legacy_first32,no_fault,python_faithful_legacy_astar_event_trace,216,9,17:storage_in,17,24,27,47,10716.677820000003,24 27 28 47,move,python_faithful_legacy_astar,none,none,fault_edges=none|fault_windows=none|node_capacities=none|merge_groups=none,27,,True,False,edge_capacity,24,hold,shield_hold
legacy_first32,no_fault,python_faithful_legacy_astar_event_trace,217,10,18:storage_in,18,27,28,47,10716.706470000003,27 28 47,move,python_faithful_legacy_astar,none,none,fault_edges=none|fault_windows=none|node_capacities=none|merge_groups=none,28 45,,True,False,edge_capacity,,none,mark_unplanned
legacy_first32,no_fault,python_faithful_legacy_astar_event_trace,221,11,17:storage_in,17,27,28,47,10720.277820000003,27 28 47,move,python_faithful_legacy_astar,none,none,fault_edges=none|fault_windows=none|node_capacities=none|merge_groups=none,28 45,,True,False,edge_capacity,27,hold,shield_hold
legacy_first32,no_fault,python_faithful_legacy_astar_event_trace,222,10,21:storage_in,21,13,,47,10720.839770000002,,no_path,python_faithful_legacy_astar_no_path,none,none,fault_edges=none|fault_windows=none|node_capacities=none|merge_groups=none,23,23,False,False,legacy_astar_no_path,13,hold,shield_hold
legacy_first32,no_fault,python_faithful_legacy_astar_event_trace,223,12,17:storage_in,17,27,28,47,10721.277820000003,27 28 47,move,python_faithful_legacy_astar,none,none,fault_edges=none|fault_windows=none|node_capacities=none|merge_groups=none,28 45,,True,False,edge_capacity,27,hold,shield_hold
legacy_first32,no_fault,python_faithful_legacy_astar_event_trace,225,13,17:storage_in,17,27,28,47,10722.277820000003,27 28 47,move,python_faithful_legacy_astar,none,none,fault_edges=none|fault_windows=none|node_capacities=none|merge_groups=none,28 45,,True,False,edge_capacity,27,hold,shield_hold
legacy_first32,no_fault,python_faithful_legacy_astar_event_trace,226,14,17:storage_in,17,27,28,47,10723.277820000003,27 28 47,move,python_faithful_legacy_astar,none,none,fault_edges=none|fault_windows=none|node_capacities=none|merge_groups=none,28 45,,True,False,edge_capacity,27,hold,shield_hold
legacy_first32,no_fault,python_faithful_legacy_astar_event_trace,227,15,17:storage_in,17,27,28,47,10724.277820000003,27 28 47,move,python_faithful_legacy_astar,none,none,fault_edges=none|fault_windows=none|node_capacities=none|merge_groups=none,28 45,,True,False,edge_capacity,27,hold,shield_hold
legacy_first32,no_fault,python_faithful_legacy_astar_event_trace,228,16,17:storage_in,17,27,28,47,10725.277820000003,27 28 47,move,python_faithful_legacy_astar,none,none,fault_edges=none|fault_windows=none|node_capacities=none|merge_groups=none,28 45,,True,False,edge_capacity,27,hold,shield_hold
legacy_first32,no_fault,python_faithful_legacy_astar_event_trace,230,17,17:storage_in,17,27,28,47,10726.277820000003,27 28 47,move,python_faithful_legacy_astar,none,none,fault_edges=none|fault_windows=none|node_capacities=none|merge_groups=none,28 45,,True,False,edge_capacity,27,hold,shield_hold
legacy_first32,no_fault,python_faithful_legacy_astar_event_trace,232,18,17:storage_in,17,27,28,47,10727.277820000003,27 28 47,move,python_faithful_legacy_astar,none,none,fault_edges=none|fault_windows=none|node_capacities=none|merge_groups=none,28 45,,True,False,edge_capacity,27,hold,shield_hold
legacy_first32,no_fault,python_faithful_legacy_astar_event_trace,233,19,17:storage_in,17,27,28,47,10728.277820000003,27 28 47,move,python_faithful_legacy_astar,none,none,fault_edges=none|fault_windows=none|node_capacities=none|merge_groups=none,28 45,,True,False,edge_capacity,,none,mark_unplanned
legacy_first32,no_fault,python_faithful_legacy_astar_event_trace,237,14,21:storage_in,21,27,28,47,10731.239770000004,27 28 47,move,python_faithful_legacy_astar,none,none,fault_edges=none|fault_windows=none|node_capacities=none|merge_groups=none,28 45,,True,False,edge_capacity,27,hold,shield_hold
legacy_first32,no_fault,python_faithful_legacy_astar_event_trace,238,15,21:storage_in,21,27,28,47,10732.239770000004,27 28 47,move,python_faithful_legacy_astar,none,none,fault_edges=none|fault_windows=none|node_capacities=none|merge_groups=none,28 45,,True,False,edge_capacity,27,hold,shield_hold
legacy_first32,no_fault,python_faithful_legacy_astar_event_trace,239,16,21:storage_in,21,27,28,47,10733.239770000004,27 28 47,move,python_faithful_legacy_astar,none,none,fault_edges=none|fault_windows=none|node_capacities=none|merge_groups=none,28 45,,True,False,edge_capacity,27,hold,shield_hold
legacy_first32,no_fault,python_faithful_legacy_astar_event_trace,240,17,21:storage_in,21,27,28,47,10734.239770000004,27 28 47,move,python_faithful_legacy_astar,none,none,fault_edges=none|fault_windows=none|node_capacities=none|merge_groups=none,28 45,,True,False,edge_capacity,27,hold,shield_hold
legacy_first32,no_fault,python_faithful_legacy_astar_event_trace,241,18,21:storage_in,21,27,28,47,10735.239770000004,27 28 47,move,python_faithful_legacy_astar,none,none,fault_edges=none|fault_windows=none|node_capacities=none|merge_groups=none,28 45,,True,False,edge_capacity,27,hold,shield_hold
legacy_first32,no_fault,python_faithful_legacy_astar_event_trace,242,19,21:storage_in,21,27,28,47,10736.239770000004,27 28 47,move,python_faithful_legacy_astar,none,none,fault_edges=none|fault_windows=none|node_capacities=none|merge_groups=none,28 45,,True,False,edge_capacity,27,hold,shield_hold
legacy_first32,no_fault,python_faithful_legacy_astar_event_trace,243,20,21:storage_in,21,27,28,47,10737.239770000004,27 28 47,move,python_faithful_legacy_astar,none,none,fault_edges=none|fault_windows=none|node_capacities=none|merge_groups=none,28 45,,True,False,edge_capacity,27,hold,shield_hold
legacy_first32,no_fault,python_faithful_legacy_astar_event_trace,244,21,21:storage_in,21,27,28,47,10738.239770000004,27 28 47,move,python_faithful_legacy_astar,none,none,fault_edges=none|fault_windows=none|node_capacities=none|merge_groups=none,28 45,,True,False,edge_capacity,27,hold,shield_hold
legacy_first32,no_fault,python_faithful_legacy_astar_event_trace,245,22,21:storage_in,21,27,28,47,10739.239770000004,27 28 47,move,python_faithful_legacy_astar,none,none,fault_edges=none|fault_windows=none|node_capacities=none|merge_groups=none,28 45,,True,False,edge_capacity,27,hold,shield_hold
legacy_first32,no_fault,python_faithful_legacy_astar_event_trace,262,4,24:storage_in,24,18,22,47,11264.28296,18 22 24 27 28 47,move,python_faithful_legacy_astar,none,none,fault_edges=none|fault_windows=none|node_capacities=none|merge_groups=none,22,,True,False,edge_capacity,18,hold,shield_hold
legacy_first32,no_fault,python_faithful_legacy_astar_event_trace,263,5,24:storage_in,24,18,22,47,11265.28296,18 22 24 27 28 47,move,python_faithful_legacy_astar,none,none,fault_edges=none|fault_windows=none|node_capacities=none|merge_groups=none,22,,True,False,edge_capacity,18,hold,shield_hold
legacy_first32,no_fault,python_faithful_legacy_astar_event_trace,264,6,24:storage_in,24,18,22,47,11266.28296,18 22 24 27 28 47,move,python_faithful_legacy_astar,none,none,fault_edges=none|fault_windows=none|node_capacities=none|merge_groups=none,22,,True,False,edge_capacity,18,hold,shield_hold
legacy_first32,no_fault,python_faithful_legacy_astar_event_trace,268,1,26:storage_in,26,4,17,47,11269.33434,4 17 18 22 24 27 28 47,move,python_faithful_legacy_astar,none,none,fault_edges=none|fault_windows=none|node_capacities=none|merge_groups=none,17,,True,False,edge_capacity,4,hold,shield_hold
legacy_first32,no_fault,python_faithful_legacy_astar_event_trace,269,2,26:storage_in,26,4,17,47,11270.33434,4 17 18 22 24 27 28 47,move,python_faithful_legacy_astar,none,none,fault_edges=none|fault_windows=none|node_capacities=none|merge_groups=none,17,,True,False,edge_capacity,4,hold,shield_hold
legacy_first32,no_fault,python_faithful_legacy_astar_event_trace,271,3,26:storage_in,26,4,17,47,11271.33434,4 17 18 22 24 27 28 47,move,python_faithful_legacy_astar,none,none,fault_edges=none|fault_windows=none|node_capacities=none|merge_groups=none,17,,True,False,edge_capacity,4,hold,shield_hold
legacy_first32,no_fault,python_faithful_legacy_astar_event_trace,278,3,25:storage_in,25,18,22,47,11275.016360000001,18 22 24 27 28 47,move,python_faithful_legacy_astar,none,none,fault_edges=none|fault_windows=none|node_capacities=none|merge_groups=none,22,,True,False,edge_capacity,,none,mark_unplanned
legacy_first32,no_fault,python_faithful_legacy_astar_event_trace,281,8,24:storage_in,24,22,24,47,11276.68296,22 24 27 28 47,move,python_faithful_legacy_astar,none,none,fault_edges=none|fault_windows=none|node_capacities=none|merge_groups=none,24 26,26,True,False,edge_capacity,22,hold,shield_hold
legacy_first32,no_fault,python_faithful_legacy_astar_event_trace,286,9,24:storage_in,24,22,24,47,11277.68296,22 24 27 28 47,move,python_faithful_legacy_astar,none,none,fault_edges=none|fault_windows=none|node_capacities=none|merge_groups=none,24 26,26,True,False,edge_capacity,22,hold,shield_hold
legacy_first32,no_fault,python_faithful_legacy_astar_event_trace,289,6,26:storage_in,26,18,22,47,11279.53434,18 22 24 27 28 47,move,python_faithful_legacy_astar,none,none,fault_edges=none|fault_windows=none|node_capacities=none|merge_groups=none,22,,True,False,edge_capacity,,none,mark_unplanned
legacy_first32,no_fault,python_faithful_legacy_astar_event_trace,291,3,30:storage_in,30,18,22,47,11281.06746,18 22 24 27 28 47,move,python_faithful_legacy_astar,none,none,fault_edges=none|fault_windows=none|node_capacities=none|merge_groups=none,22,,True,False,edge_capacity,,none,mark_unplanned
legacy_first32,no_fault,python_faithful_legacy_astar_event_trace,294,4,28:storage_in,28,18,22,47,11282.949590000002,18 22 24 27 28 47,move,python_faithful_legacy_astar,none,none,fault_edges=none|fault_windows=none|node_capacities=none|merge_groups=none,22,,True,False,edge_capacity,18,hold,shield_hold
legacy_first32,no_fault,python_faithful_legacy_astar_event_trace,295,5,28:storage_in,28,18,22,47,11283.949590000002,18 22 24 27 28 47,move,python_faithful_legacy_astar,none,none,fault_edges=none|fault_windows=none|node_capacities=none|merge_groups=none,22,,True,False,edge_capacity,18,hold,shield_hold
legacy_first32,no_fault,python_faithful_legacy_astar_event_trace,297,6,28:storage_in,28,18,22,47,11284.949590000002,18 22 24 27 28 47,move,python_faithful_legacy_astar,none,none,fault_edges=none|fault_windows=none|node_capacities=none|merge_groups=none,22,,True,False,edge_capacity,18,hold,shield_hold
legacy_first32,no_fault,python_faithful_legacy_astar_event_trace,299,4,27:storage_in,27,22,24,47,11286.31203,22 24 27 28 47,move,python_faithful_legacy_astar,none,none,fault_edges=none|fault_windows=none|node_capacities=none|merge_groups=none,24 26,26,True,False,edge_capacity,22,hold,shield_hold
legacy_first32,no_fault,python_faithful_legacy_astar_event_trace,300,5,27:storage_in,27,22,24,47,11287.31203,22 24 27 28 47,move,python_faithful_legacy_astar,none,none,fault_edges=none|fault_windows=none|node_capacities=none|merge_groups=none,24 26,26,True,False,edge_capacity,22,hold,shield_hold
legacy_first32,no_fault,python_faithful_legacy_astar_event_trace,301,6,27:storage_in,27,22,24,47,11288.31203,22 24 27 28 47,move,python_faithful_legacy_astar,none,none,fault_edges=none|fault_windows=none|node_capacities=none|merge_groups=none,24 26,26,True,False,edge_capacity,22,hold,shield_hold
legacy_first32,no_fault,python_faithful_legacy_astar_event_trace,308,4,29:storage_in,29,13,,47,11293.63982,,no_path,python_faithful_legacy_astar_no_path,none,none,fault_edges=none|fault_windows=none|node_capacities=none|merge_groups=none,23,23,False,False,legacy_astar_no_path,13,hold,shield_hold
legacy_first32,no_fault,python_faithful_legacy_astar_event_trace,309,5,29:storage_in,29,13,,47,11294.63982,,no_path,python_faithful_legacy_astar_no_path,none,none,fault_edges=none|fault_windows=none|node_capacities=none|merge_groups=none,23,23,False,False,legacy_astar_no_path,13,hold,shield_hold
legacy_first32,no_fault,python_faithful_legacy_astar_event_trace,310,8,28:storage_in,28,22,24,47,11295.349590000002,22 24 27 28 47,move,python_faithful_legacy_astar,none,none,fault_edges=none|fault_windows=none|node_capacities=none|merge_groups=none,24 26,26,True,False,edge_capacity,22,hold,shield_hold
legacy_first32,no_fault,python_faithful_legacy_astar_event_trace,312,9,28:storage_in,28,22,24,47,11296.349590000002,22 24 27 28 47,move,python_faithful_legacy_astar,none,none,fault_edges=none|fault_windows=none|node_capacities=none|merge_groups=none,24 26,26,True,False,edge_capacity,22,hold,shield_hold
legacy_first32,no_fault,python_faithful_legacy_astar_event_trace,313,10,28:storage_in,28,22,24,47,11297.349590000002,22 24 27 28 47,move,python_faithful_legacy_astar,none,none,fault_edges=none|fault_windows=none|node_capacities=none|merge_groups=none,24 26,26,True,False,edge_capacity,22,hold,shield_hold
legacy_first32,no_fault,python_faithful_legacy_astar_event_trace,314,11,28:storage_in,28,22,24,47,11298.349590000002,22 24 27 28 47,move,python_faithful_legacy_astar,none,none,fault_edges=none|fault_windows=none|node_capacities=none|merge_groups=none,24 26,26,True,False,edge_capacity,22,hold,shield_hold
legacy_first32,no_fault,python_faithful_legacy_astar_event_trace,315,12,28:storage_in,28,22,24,47,11299.349590000002,22 24 27 28 47,move,python_faithful_legacy_astar,none,none,fault_edges=none|fault_windows=none|node_capacities=none|merge_groups=none,24 26,26,True,False,edge_capacity,22,hold,shield_hold
legacy_first32,no_fault,python_faithful_legacy_astar_event_trace,321,9,27:storage_in,27,27,28,47,11303.31203,27 28 47,move,python_faithful_legacy_astar,none,none,fault_edges=none|fault_windows=none|node_capacities=none|merge_groups=none,28 45,,True,False,edge_capacity,,none,mark_unplanned
legacy_first32,no_fault,python_faithful_legacy_astar_event_trace,326,8,31:storage_in,31,27,28,47,11310.344480000003,27 28 47,move,python_faithful_legacy_astar,none,none,fault_edges=none|fault_windows=none|node_capacities=none|merge_groups=none,28 45,,True,False,edge_capacity,27,hold,shield_hold
legacy_first32,no_fault,python_faithful_legacy_astar_event_trace,327,9,31:storage_in,31,27,28,47,11311.344480000003,27 28 47,move,python_faithful_legacy_astar,none,none,fault_edges=none|fault_windows=none|node_capacities=none|merge_groups=none,28 45,,True,False,edge_capacity,27,hold,shield_hold
legacy_first32,no_fault,python_faithful_legacy_astar_event_trace,329,10,31:storage_in,31,27,28,47,11312.344480000003,27 28 47,move,python_faithful_legacy_astar,none,none,fault_edges=none|fault_windows=none|node_capacities=none|merge_groups=none,28 45,,True,False,edge_capacity,27,hold,shield_hold
legacy_first32,no_fault,python_faithful_legacy_astar_event_trace,330,11,31:storage_in,31,27,28,47,11313.344480000003,27 28 47,move,python_faithful_legacy_astar,none,none,fault_edges=none|fault_windows=none|node_capacities=none|merge_groups=none,28 45,,True,False,edge_capacity,,none,mark_unplanned
legacy_first32,no_fault,python_faithful_legacy_astar_event_trace,331,15,28:storage_in,28,27,28,47,11314.349590000002,27 28 47,move,python_faithful_legacy_astar,none,none,fault_edges=none|fault_windows=none|node_capacities=none|merge_groups=none,28 45,,True,False,edge_capacity,27,hold,shield_hold
legacy_first32,no_fault,python_faithful_legacy_astar_event_trace,332,16,28:storage_in,28,27,28,47,11315.349590000002,27 28 47,move,python_faithful_legacy_astar,none,none,fault_edges=none|fault_windows=none|node_capacities=none|merge_groups=none,28 45,,True,False,edge_capacity,27,hold,shield_hold
legacy_offset32_static16,static_fault,python_faithful_legacy_astar_event_trace,19,2,39:storage_in,39,16,21,47,11293.374240000001,16 21 23 24 27 28 47,move,python_faithful_legacy_astar,16->17,none,fault_edges=16->17|fault_windows=none|node_capacities=none|merge_groups=none,17 21,,True,False,edge_capacity,16,hold,shield_hold
legacy_offset32_static16,static_fault,python_faithful_legacy_astar_event_trace,22,3,39:storage_in,39,16,21,47,11294.374240000001,16 21 23 24 27 28 47,move,python_faithful_legacy_astar,16->17,none,fault_edges=16->17|fault_windows=none|node_capacities=none|merge_groups=none,17 21,,True,False,edge_capacity,16,hold,shield_hold
legacy_offset32_static16,static_fault,python_faithful_legacy_astar_event_trace,23,3,37:storage_in,37,18,22,47,11294.40084,18 22 24 27 28 47,move,python_faithful_legacy_astar,16->17,none,fault_edges=16->17|fault_windows=none|node_capacities=none|merge_groups=none,22,,True,False,edge_capacity,18,hold,shield_hold
legacy_offset32_static16,static_fault,python_faithful_legacy_astar_event_trace,25,4,39:storage_in,39,16,21,47,11295.374240000001,16 21 23 24 27 28 47,move,python_faithful_legacy_astar,16->17,none,fault_edges=16->17|fault_windows=none|node_capacities=none|merge_groups=none,17 21,,True,False,edge_capacity,16,hold,shield_hold
legacy_offset32_static16,static_fault,python_faithful_legacy_astar_event_trace,26,4,37:storage_in,37,18,22,47,11295.40084,18 22 24 27 28 47,move,python_faithful_legacy_astar,16->17,none,fault_edges=16->17|fault_windows=none|node_capacities=none|merge_groups=none,22,,True,False,edge_capacity,18,hold,shield_hold
legacy_offset32_static16,static_fault,python_faithful_legacy_astar_event_trace,28,5,39:storage_in,39,16,21,47,11296.374240000001,16 21 23 24 27 28 47,move,python_faithful_legacy_astar,16->17,none,fault_edges=16->17|fault_windows=none|node_capacities=none|merge_groups=none,17 21,,True,False,edge_capacity,16,hold,shield_hold
legacy_offset32_static16,static_fault,python_faithful_legacy_astar_event_trace,29,5,37:storage_in,37,18,22,47,11296.40084,18 22 24 27 28 47,move,python_faithful_legacy_astar,16->17,none,fault_edges=16->17|fault_windows=none|node_capacities=none|merge_groups=none,22,,True,False,edge_capacity,18,hold,shield_hold
legacy_offset32_static16,static_fault,python_faithful_legacy_astar_event_trace,31,6,39:storage_in,39,16,21,47,11297.374240000001,16 21 23 24 27 28 47,move,python_faithful_legacy_astar,16->17,none,fault_edges=16->17|fault_windows=none|node_capacities=none|merge_groups=none,17 21,,True,False,edge_capacity,16,hold,shield_hold
legacy_offset32_static16,static_fault,python_faithful_legacy_astar_event_trace,32,6,37:storage_in,37,18,22,47,11297.40084,18 22 24 27 28 47,move,python_faithful_legacy_astar,16->17,none,fault_edges=16->17|fault_windows=none|node_capacities=none|merge_groups=none,22,,True,False,edge_capacity,18,hold,shield_hold
legacy_offset32_static16,static_fault,python_faithful_legacy_astar_event_trace,34,7,39:storage_in,39,16,21,47,11298.374240000001,16 21 23 24 27 28 47,move,python_faithful_legacy_astar,16->17,none,fault_edges=16->17|fault_windows=none|node_capacities=none|merge_groups=none,17 21,,True,False,edge_capacity,16,hold,shield_hold
legacy_offset32_static16,static_fault,python_faithful_legacy_astar_event_trace,35,7,37:storage_in,37,18,22,47,11298.40084,18 22 24 27 28 47,move,python_faithful_legacy_astar,16->17,none,fault_edges=16->17|fault_windows=none|node_capacities=none|merge_groups=none,22,,True,False,edge_capacity,18,hold,shield_hold
legacy_offset32_static16,static_fault,python_faithful_legacy_astar_event_trace,36,4,36:storage_in,36,11,13,47,11299.187810000001,11 13 23 24 27 28 47,move,python_faithful_legacy_astar,16->17,none,fault_edges=16->17|fault_windows=none|node_capacities=none|merge_groups=none,13 14,14,True,False,edge_capacity,11,hold,shield_hold
legacy_offset32_static16,static_fault,python_faithful_legacy_astar_event_trace,37,8,39:storage_in,39,16,21,47,11299.374240000001,16 21 23 24 27 28 47,move,python_faithful_legacy_astar,16->17,none,fault_edges=16->17|fault_windows=none|node_capacities=none|merge_groups=none,17 21,,True,False,edge_capacity,16,hold,shield_hold
legacy_offset32_static16,static_fault,python_faithful_legacy_astar_event_trace,38,8,37:storage_in,37,18,22,47,11299.40084,18 22 24 27 28 47,move,python_faithful_legacy_astar,16->17,none,fault_edges=16->17|fault_windows=none|node_capacities=none|merge_groups=none,22,,True,False,edge_capacity,18,hold,shield_hold
legacy_offset32_static16,static_fault,python_faithful_legacy_astar_event_trace,39,5,36:storage_in,36,11,13,47,11300.187810000001,11 13 23 24 27 28 47,move,python_faithful_legacy_astar,16->17,none,fault_edges=16->17|fault_windows=none|node_capacities=none|merge_groups=none,13 14,14,True,False,edge_capacity,11,hold,shield_hold
legacy_offset32_static16,static_fault,python_faithful_legacy_astar_event_trace,41,9,39:storage_in,39,16,21,47,11300.374240000001,16 21 23 24 27 28 47,move,python_faithful_legacy_astar,16->17,none,fault_edges=16->17|fault_windows=none|node_capacities=none|merge_groups=none,17 21,,True,False,edge_capacity,16,hold,shield_hold
legacy_offset32_static16,static_fault,python_faithful_legacy_astar_event_trace,42,9,37:storage_in,37,18,22,47,11300.40084,18 22 24 27 28 47,move,python_faithful_legacy_astar,16->17,none,fault_edges=16->17|fault_windows=none|node_capacities=none|merge_groups=none,22,,True,False,edge_capacity,18,hold,shield_hold
legacy_offset32_static16,static_fault,python_faithful_legacy_astar_event_trace,43,6,36:storage_in,36,11,13,47,11301.187810000001,11 13 23 24 27 28 47,move,python_faithful_legacy_astar,16->17,none,fault_edges=16->17|fault_windows=none|node_capacities=none|merge_groups=none,13 14,14,True,False,edge_capacity,11,hold,shield_hold
legacy_offset32_static16,static_fault,python_faithful_legacy_astar_event_trace,44,10,39:storage_in,39,16,21,47,11301.374240000001,16 21 23 24 27 28 47,move,python_faithful_legacy_astar,16->17,none,fault_edges=16->17|fault_windows=none|node_capacities=none|merge_groups=none,17 21,,True,False,edge_capacity,16,hold,shield_hold
legacy_offset32_static16,static_fault,python_faithful_legacy_astar_event_trace,48,7,36:storage_in,36,11,13,47,11302.187810000001,11 13 23 24 27 28 47,move,python_faithful_legacy_astar,16->17,none,fault_edges=16->17|fault_windows=none|node_capacities=none|merge_groups=none,13 14,14,True,False,edge_capacity,11,hold,shield_hold
legacy_offset32_static16,static_fault,python_faithful_legacy_astar_event_trace,49,11,39:storage_in,39,16,21,47,11302.374240000001,16 21 23 24 27 28 47,move,python_faithful_legacy_astar,16->17,none,fault_edges=16->17|fault_windows=none|node_capacities=none|merge_groups=none,17 21,,True,False,edge_capacity,16,hold,shield_hold
legacy_offset32_static16,static_fault,python_faithful_legacy_astar_event_trace,50,8,36:storage_in,36,11,13,47,11303.187810000001,11 13 23 24 27 28 47,move,python_faithful_legacy_astar,16->17,none,fault_edges=16->17|fault_windows=none|node_capacities=none|merge_groups=none,13 14,14,True,False,edge_capacity,,none,mark_unplanned
legacy_offset32_static16,static_fault,python_faithful_legacy_astar_event_trace,51,12,39:storage_in,39,16,21,47,11303.374240000001,16 21 23 24 27 28 47,move,python_faithful_legacy_astar,16->17,none,fault_edges=16->17|fault_windows=none|node_capacities=none|merge_groups=none,17 21,,True,False,edge_capacity,16,hold,shield_hold
legacy_offset32_static16,static_fault,python_faithful_legacy_astar_event_trace,52,13,39:storage_in,39,16,21,47,11304.374240000001,16 21 23 24 27 28 47,move,python_faithful_legacy_astar,16->17,none,fault_edges=16->17|fault_windows=none|node_capacities=none|merge_groups=none,17 21,,True,False,edge_capacity,16,hold,shield_hold
legacy_offset32_static16,static_fault,python_faithful_legacy_astar_event_trace,53,5,38:storage_in,38,11,13,47,11304.45449,11 13 23 24 27 28 47,move,python_faithful_legacy_astar,16->17,none,fault_edges=16->17|fault_windows=none|node_capacities=none|merge_groups=none,13 14,14,True,False,edge_capacity,11,hold,shield_hold
legacy_offset32_static16,static_fault,python_faithful_legacy_astar_event_trace,54,14,39:storage_in,39,16,21,47,11305.374240000001,16 21 23 24 27 28 47,move,python_faithful_legacy_astar,16->17,none,fault_edges=16->17|fault_windows=none|node_capacities=none|merge_groups=none,17 21,,True,False,edge_capacity,16,hold,shield_hold
legacy_offset32_static16,static_fault,python_faithful_legacy_astar_event_trace,57,6,32:storage_in,32,13,,47,11306.173150000002,,no_path,python_faithful_legacy_astar_no_path,16->17,none,fault_edges=16->17|fault_windows=none|node_capacities=none|merge_groups=none,23,23,False,False,legacy_astar_no_path,13,hold,shield_hold
legacy_offset32_static16,static_fault,python_faithful_legacy_astar_event_trace,58,15,39:storage_in,39,16,21,47,11306.374240000001,16 21 23 24 27 28 47,move,python_faithful_legacy_astar,16->17,none,fault_edges=16->17|fault_windows=none|node_capacities=none|merge_groups=none,17 21,,True,False,edge_capacity,16,hold,shield_hold
legacy_offset32_static16,static_fault,python_faithful_legacy_astar_event_trace,59,7,32:storage_in,32,13,,47,11307.173150000002,,no_path,python_faithful_legacy_astar_no_path,16->17,none,fault_edges=16->17|fault_windows=none|node_capacities=none|merge_groups=none,23,23,False,False,legacy_astar_no_path,13,hold,shield_hold
legacy_offset32_static16,static_fault,python_faithful_legacy_astar_event_trace,61,16,39:storage_in,39,16,21,47,11307.374240000001,16 21 23 24 27 28 47,move,python_faithful_legacy_astar,16->17,none,fault_edges=16->17|fault_windows=none|node_capacities=none|merge_groups=none,17 21,,True,False,edge_capacity,16,hold,shield_hold
legacy_offset32_static16,static_fault,python_faithful_legacy_astar_event_trace,66,11,37:storage_in,37,22,24,47,11310.80084,22 24 27 28 47,move,python_faithful_legacy_astar,16->17,none,fault_edges=16->17|fault_windows=none|node_capacities=none|merge_groups=none,24 26,26,True,False,edge_capacity,22,hold,shield_hold
legacy_offset32_static16,static_fault,python_faithful_legacy_astar_event_trace,68,12,37:storage_in,37,22,24,47,11311.80084,22 24 27 28 47,move,python_faithful_legacy_astar,16->17,none,fault_edges=16->17|fault_windows=none|node_capacities=none|merge_groups=none,24 26,26,True,False,edge_capacity,22,hold,shield_hold
legacy_offset32_static16,static_fault,python_faithful_legacy_astar_event_trace,75,6,35:storage_in,35,27,28,47,11315.93412,27 28 47,move,python_faithful_legacy_astar,16->17,none,fault_edges=16->17|fault_windows=none|node_capacities=none|merge_groups=none,28 45,,True,False,edge_capacity,,none,mark_unplanned
legacy_offset32_static16,static_fault,python_faithful_legacy_astar_event_trace,78,11,32:storage_in,32,27,28,47,11317.573150000004,27 28 47,move,python_faithful_legacy_astar,16->17,none,fault_edges=16->17|fault_windows=none|node_capacities=none|merge_groups=none,28 45,,True,False,edge_capacity,27,hold,shield_hold
legacy_offset32_static16,static_fault,python_faithful_legacy_astar_event_trace,79,7,38:storage_in,38,13,,47,11317.65449,,no_path,python_faithful_legacy_astar_no_path,16->17,none,fault_edges=16->17|fault_windows=none|node_capacities=none|merge_groups=none,23,23,False,False,legacy_astar_no_path,13,hold,shield_hold
legacy_offset32_static16,static_fault,python_faithful_legacy_astar_event_trace,80,12,32:storage_in,32,27,28,47,11318.573150000004,27 28 47,move,python_faithful_legacy_astar,16->17,none,fault_edges=16->17|fault_windows=none|node_capacities=none|merge_groups=none,28 45,,True,False,edge_capacity,,none,mark_unplanned
legacy_offset32_static16,static_fault,python_faithful_legacy_astar_event_trace,83,6,34:storage_in,34,27,28,47,11320.03961,27 28 47,move,python_faithful_legacy_astar,16->17,none,fault_edges=16->17|fault_windows=none|node_capacities=none|merge_groups=none,28 45,,True,False,edge_capacity,,none,mark_unplanned
legacy_offset32_static16,static_fault,python_faithful_legacy_astar_event_trace,84,7,40:storage_in,40,27,28,47,11321.744440000002,27 28 47,move,python_faithful_legacy_astar,16->17,none,fault_edges=16->17|fault_windows=none|node_capacities=none|merge_groups=none,28 45,,True,False,edge_capacity,27,hold,shield_hold
legacy_offset32_static16,static_fault,python_faithful_legacy_astar_event_trace,89,10,38:storage_in,38,24,27,47,11325.454490000002,24 27 28 47,move,python_faithful_legacy_astar,16->17,none,fault_edges=16->17|fault_windows=none|node_capacities=none|merge_groups=none,27,,True,False,edge_capacity,24,hold,shield_hold
legacy_offset32_static16,static_fault,python_faithful_legacy_astar_event_trace,91,15,37:storage_in,37,27,28,47,11326.80084,27 28 47,move,python_faithful_legacy_astar,16->17,none,fault_edges=16->17|fault_windows=none|node_capacities=none|merge_groups=none,28 45,,True,False,edge_capacity,27,hold,shield_hold
legacy_offset32_static16,static_fault,python_faithful_legacy_astar_event_trace,92,16,37:storage_in,37,27,28,47,11327.80084,27 28 47,move,python_faithful_legacy_astar,16->17,none,fault_edges=16->17|fault_windows=none|node_capacities=none|merge_groups=none,28 45,,True,False,edge_capacity,,none,mark_unplanned
legacy_offset32_static16,static_fault,python_faithful_legacy_astar_event_trace,93,12,38:storage_in,38,27,28,47,11329.054490000002,27 28 47,move,python_faithful_legacy_astar,16->17,none,fault_edges=16->17|fault_windows=none|node_capacities=none|merge_groups=none,28 45,,True,False,edge_capacity,27,hold,shield_hold
legacy_offset32_static16,static_fault,python_faithful_legacy_astar_event_trace,94,13,38:storage_in,38,27,28,47,11330.054490000002,27 28 47,move,python_faithful_legacy_astar,16->17,none,fault_edges=16->17|fault_windows=none|node_capacities=none|merge_groups=none,28 45,,True,False,edge_capacity,27,hold,shield_hold
legacy_offset32_static16,static_fault,python_faithful_legacy_astar_event_trace,95,14,38:storage_in,38,27,28,47,11331.054490000002,27 28 47,move,python_faithful_legacy_astar,16->17,none,fault_edges=16->17|fault_windows=none|node_capacities=none|merge_groups=none,28 45,,True,False,edge_capacity,27,hold,shield_hold
legacy_offset32_static16,static_fault,python_faithful_legacy_astar_event_trace,96,15,38:storage_in,38,27,28,47,11332.054490000002,27 28 47,move,python_faithful_legacy_astar,16->17,none,fault_edges=16->17|fault_windows=none|node_capacities=none|merge_groups=none,28 45,,True,False,edge_capacity,27,hold,shield_hold
legacy_offset32_static16,static_fault,python_faithful_legacy_astar_event_trace,98,16,38:storage_in,38,27,28,47,11333.054490000002,27 28 47,move,python_faithful_legacy_astar,16->17,none,fault_edges=16->17|fault_windows=none|node_capacities=none|merge_groups=none,28 45,,True,False,edge_capacity,27,hold,shield_hold
legacy_offset32_static16,static_fault,python_faithful_legacy_astar_event_trace,103,21,39:storage_in,39,27,28,47,11343.17424,27 28 47,move,python_faithful_legacy_astar,16->17,none,fault_edges=16->17|fault_windows=none|node_capacities=none|merge_groups=none,28 45,,True,False,edge_capacity,27,hold,shield_hold
legacy_offset32_static16,static_fault,python_faithful_legacy_astar_event_trace,104,22,39:storage_in,39,27,28,47,11344.17424,27 28 47,move,python_faithful_legacy_astar,16->17,none,fault_edges=16->17|fault_windows=none|node_capacities=none|merge_groups=none,28 45,,True,False,edge_capacity,27,hold,shield_hold
legacy_offset32_static16,static_fault,python_faithful_legacy_astar_event_trace,131,4,43:storage_in,43,22,24,47,11880.94962,22 24 27 28 47,move,python_faithful_legacy_astar,16->17,none,fault_edges=16->17|fault_windows=none|node_capacities=none|merge_groups=none,24 26,26,True,False,edge_capacity,22,hold,shield_hold
legacy_offset32_static16,static_fault,python_faithful_legacy_astar_event_trace,137,6,42:storage_in,42,27,28,47,11885.21553,27 28 47,move,python_faithful_legacy_astar,16->17,none,fault_edges=16->17|fault_windows=none|node_capacities=none|merge_groups=none,28 45,,True,False,edge_capacity,27,hold,shield_hold
legacy_offset32_static16,static_fault,python_faithful_legacy_astar_event_trace,138,7,42:storage_in,42,27,28,47,11886.21553,27 28 47,move,python_faithful_legacy_astar,16->17,none,fault_edges=16->17|fault_windows=none|node_capacities=none|merge_groups=none,28 45,,True,False,edge_capacity,27,hold,shield_hold
legacy_offset32_static16,static_fault,python_faithful_legacy_astar_event_trace,140,8,42:storage_in,42,27,28,47,11887.21553,27 28 47,move,python_faithful_legacy_astar,16->17,none,fault_edges=16->17|fault_windows=none|node_capacities=none|merge_groups=none,28 45,,True,False,edge_capacity,27,hold,shield_hold
legacy_offset32_static16,static_fault,python_faithful_legacy_astar_event_trace,141,9,42:storage_in,42,27,28,47,11888.21553,27 28 47,move,python_faithful_legacy_astar,16->17,none,fault_edges=16->17|fault_windows=none|node_capacities=none|merge_groups=none,28 45,,True,False,edge_capacity,27,hold,shield_hold
legacy_offset32_static16,static_fault,python_faithful_legacy_astar_event_trace,142,10,42:storage_in,42,27,28,47,11889.21553,27 28 47,move,python_faithful_legacy_astar,16->17,none,fault_edges=16->17|fault_windows=none|node_capacities=none|merge_groups=none,28 45,,True,False,edge_capacity,27,hold,shield_hold
legacy_offset32_static16,static_fault,python_faithful_legacy_astar_event_trace,148,5,47:storage_in,47,11,13,47,11893.787810000002,11 13 23 24 27 28 47,move,python_faithful_legacy_astar,16->17,none,fault_edges=16->17|fault_windows=none|node_capacities=none|merge_groups=none,13 14,14,True,False,edge_capacity,11,hold,shield_hold
legacy_offset32_static16,static_fault,python_faithful_legacy_astar_event_trace,151,5,45:storage_in,45,13,,47,11895.61115,,no_path,python_faithful_legacy_astar_no_path,16->17,none,fault_edges=16->17|fault_windows=none|node_capacities=none|merge_groups=none,23,,False,False,legacy_astar_no_path,13,hold,shield_hold
legacy_offset32_static16,static_fault,python_faithful_legacy_astar_event_trace,152,7,43:storage_in,43,27,28,47,11895.94962,27 28 47,move,python_faithful_legacy_astar,16->17,none,fault_edges=16->17|fault_windows=none|node_capacities=none|merge_groups=none,28 45,,True,False,edge_capacity,27,hold,shield_hold
legacy_offset32_static16,static_fault,python_faithful_legacy_astar_event_trace,153,6,45:storage_in,45,13,,47,11896.61115,,no_path,python_faithful_legacy_astar_no_path,16->17,none,fault_edges=16->17|fault_windows=none|node_capacities=none|merge_groups=none,23,,False,False,legacy_astar_no_path,13,hold,shield_hold
legacy_offset32_static16,static_fault,python_faithful_legacy_astar_event_trace,154,8,43:storage_in,43,27,28,47,11896.94962,27 28 47,move,python_faithful_legacy_astar,16->17,none,fault_edges=16->17|fault_windows=none|node_capacities=none|merge_groups=none,28 45,,True,False,edge_capacity,27,hold,shield_hold
legacy_offset32_static16,static_fault,python_faithful_legacy_astar_event_trace,155,7,45:storage_in,45,13,,47,11897.61115,,no_path,python_faithful_legacy_astar_no_path,16->17,none,fault_edges=16->17|fault_windows=none|node_capacities=none|merge_groups=none,23,23,False,False,legacy_astar_no_path,13,hold,shield_hold
legacy_offset32_static16,static_fault,python_faithful_legacy_astar_event_trace,156,9,43:storage_in,43,27,28,47,11897.94962,27 28 47,move,python_faithful_legacy_astar,16->17,none,fault_edges=16->17|fault_windows=none|node_capacities=none|merge_groups=none,28 45,,True,False,edge_capacity,27,hold,shield_hold
legacy_offset32_static16,static_fault,python_faithful_legacy_astar_event_trace,158,10,43:storage_in,43,27,28,47,11898.94962,27 28 47,move,python_faithful_legacy_astar,16->17,none,fault_edges=16->17|fault_windows=none|node_capacities=none|merge_groups=none,28 45,,True,False,edge_capacity,27,hold,shield_hold
legacy_offset32_static16,static_fault,python_faithful_legacy_astar_event_trace,159,11,43:storage_in,43,27,28,47,11899.94962,27 28 47,move,python_faithful_legacy_astar,16->17,none,fault_edges=16->17|fault_windows=none|node_capacities=none|merge_groups=none,28 45,,True,False,edge_capacity,27,hold,shield_hold
legacy_offset32_static16,static_fault,python_faithful_legacy_astar_event_trace,161,12,43:storage_in,43,27,28,47,11900.94962,27 28 47,move,python_faithful_legacy_astar,16->17,none,fault_edges=16->17|fault_windows=none|node_capacities=none|merge_groups=none,28 45,,True,False,edge_capacity,27,hold,shield_hold
legacy_offset32_static16,static_fault,python_faithful_legacy_astar_event_trace,166,5,46:storage_in,46,24,27,47,11903.94881,24 27 28 47,move,python_faithful_legacy_astar,16->17,none,fault_edges=16->17|fault_windows=none|node_capacities=none|merge_groups=none,27,,True,False,edge_capacity,,none,mark_unplanned
legacy_offset32_static16,static_fault,python_faithful_legacy_astar_event_trace,167,6,44:storage_in,44,27,28,47,11905.348899999999,27 28 47,move,python_faithful_legacy_astar,16->17,none,fault_edges=16->17|fault_windows=none|node_capacities=none|merge_groups=none,28 45,,True,False,edge_capacity,27,hold,shield_hold
legacy_offset32_static16,static_fault,python_faithful_legacy_astar_event_trace,169,7,44:storage_in,44,27,28,47,11906.348899999999,27 28 47,move,python_faithful_legacy_astar,16->17,none,fault_edges=16->17|fault_windows=none|node_capacities=none|merge_groups=none,28 45,,True,False,edge_capacity,,none,mark_unplanned
legacy_offset32_static16,static_fault,python_faithful_legacy_astar_event_trace,171,11,45:storage_in,45,27,28,47,11908.011150000002,27 28 47,move,python_faithful_legacy_astar,16->17,none,fault_edges=16->17|fault_windows=none|node_capacities=none|merge_groups=none,28 45,,True,False,edge_capacity,27,hold,shield_hold
legacy_offset32_static16,static_fault,python_faithful_legacy_astar_event_trace,172,12,45:storage_in,45,27,28,47,11909.011150000002,27 28 47,move,python_faithful_legacy_astar,16->17,none,fault_edges=16->17|fault_windows=none|node_capacities=none|merge_groups=none,28 45,,True,False,edge_capacity,27,hold,shield_hold
legacy_offset32_static16,static_fault,python_faithful_legacy_astar_event_trace,173,13,45:storage_in,45,27,28,47,11910.011150000002,27 28 47,move,python_faithful_legacy_astar,16->17,none,fault_edges=16->17|fault_windows=none|node_capacities=none|merge_groups=none,28 45,,True,False,edge_capacity,27,hold,shield_hold
legacy_offset32_static16,static_fault,python_faithful_legacy_astar_event_trace,174,14,45:storage_in,45,27,28,47,11911.011150000002,27 28 47,move,python_faithful_legacy_astar,16->17,none,fault_edges=16->17|fault_windows=none|node_capacities=none|merge_groups=none,28 45,,True,False,edge_capacity,27,hold,shield_hold
legacy_offset32_static16,static_fault,python_faithful_legacy_astar_event_trace,176,15,45:storage_in,45,27,28,47,11912.011150000002,27 28 47,move,python_faithful_legacy_astar,16->17,none,fault_edges=16->17|fault_windows=none|node_capacities=none|merge_groups=none,28 45,,True,False,edge_capacity,27,hold,shield_hold
legacy_offset32_static16,static_fault,python_faithful_legacy_astar_event_trace,180,10,47:storage_in,47,27,28,47,11916.387810000004,27 28 47,move,python_faithful_legacy_astar,16->17,none,fault_edges=16->17|fault_windows=none|node_capacities=none|merge_groups=none,28 45,,True,False,edge_capacity,27,hold,shield_hold
legacy_offset32_static16,static_fault,python_faithful_legacy_astar_event_trace,181,11,47:storage_in,47,27,28,47,11917.387810000004,27 28 47,move,python_faithful_legacy_astar,16->17,none,fault_edges=16->17|fault_windows=none|node_capacities=none|merge_groups=none,28 45,,True,False,edge_capacity,27,hold,shield_hold
legacy_offset32_static16,static_fault,python_faithful_legacy_astar_event_trace,182,12,47:storage_in,47,27,28,47,11918.387810000004,27 28 47,move,python_faithful_legacy_astar,16->17,none,fault_edges=16->17|fault_windows=none|node_capacities=none|merge_groups=none,28 45,,True,False,edge_capacity,27,hold,shield_hold
legacy_offset32_static16,static_fault,python_faithful_legacy_astar_event_trace,183,13,47:storage_in,47,27,28,47,11919.387810000004,27 28 47,move,python_faithful_legacy_astar,16->17,none,fault_edges=16->17|fault_windows=none|node_capacities=none|merge_groups=none,28 45,,True,False,edge_capacity,27,hold,shield_hold
legacy_offset32_static16,static_fault,python_faithful_legacy_astar_event_trace,184,14,47:storage_in,47,27,28,47,11920.387810000004,27 28 47,move,python_faithful_legacy_astar,16->17,none,fault_edges=16->17|fault_windows=none|node_capacities=none|merge_groups=none,28 45,,True,False,edge_capacity,27,hold,shield_hold
legacy_offset32_static16,static_fault,python_faithful_legacy_astar_event_trace,185,15,47:storage_in,47,27,28,47,11921.387810000004,27 28 47,move,python_faithful_legacy_astar,16->17,none,fault_edges=16->17|fault_windows=none|node_capacities=none|merge_groups=none,28 45,,True,False,edge_capacity,27,hold,shield_hold
legacy_offset32_static16,static_fault,python_faithful_legacy_astar_event_trace,186,16,47:storage_in,47,27,28,47,11922.387810000004,27 28 47,move,python_faithful_legacy_astar,16->17,none,fault_edges=16->17|fault_windows=none|node_capacities=none|merge_groups=none,28 45,,True,False,edge_capacity,27,hold,shield_hold
legacy_offset32_static16,static_fault,python_faithful_legacy_astar_event_trace,187,17,47:storage_in,47,27,28,47,11923.387810000004,27 28 47,move,python_faithful_legacy_astar,16->17,none,fault_edges=16->17|fault_windows=none|node_capacities=none|merge_groups=none,28 45,,True,False,edge_capacity,27,hold,shield_hold
legacy_offset64_repair32,repair_window,python_faithful_legacy_astar_event_trace,4,1,66:storage_in,66,4,,47,12477.43655,,no_path,python_faithful_legacy_astar_no_path,none,"28->47@[0.000,12000.000)","fault_edges=none|fault_windows=28->47@[0.000,12000.000)|node_capacities=none|merge_groups=none",17,,False,False,legacy_astar_no_path,4,hold,shield_hold
legacy_offset64_repair32,repair_window,python_faithful_legacy_astar_event_trace,12,3,66:storage_in,66,17,,47,12483.03655,,no_path,python_faithful_legacy_astar_no_path,none,"28->47@[0.000,12000.000)","fault_edges=none|fault_windows=28->47@[0.000,12000.000)|node_capacities=none|merge_groups=none",18,,False,False,legacy_astar_no_path,17,hold,shield_hold
legacy_offset64_repair32,repair_window,python_faithful_legacy_astar_event_trace,13,4,66:storage_in,66,17,,47,12484.03655,,no_path,python_faithful_legacy_astar_no_path,none,"28->47@[0.000,12000.000)","fault_edges=none|fault_windows=28->47@[0.000,12000.000)|node_capacities=none|merge_groups=none",18,,False,False,legacy_astar_no_path,17,hold,shield_hold
legacy_offset64_repair32,repair_window,python_faithful_legacy_astar_event_trace,19,1,71:storage_in,71,4,,47,12485.3062,,no_path,python_faithful_legacy_astar_no_path,none,"28->47@[0.000,12000.000)","fault_edges=none|fault_windows=28->47@[0.000,12000.000)|node_capacities=none|merge_groups=none",17,,False,False,legacy_astar_no_path,4,hold,shield_hold
legacy_offset64_repair32,repair_window,python_faithful_legacy_astar_event_trace,21,3,68:storage_in,68,18,22,47,12486.50318,18 22 24 27 28 47,move,python_faithful_legacy_astar,none,"28->47@[0.000,12000.000)","fault_edges=none|fault_windows=28->47@[0.000,12000.000)|node_capacities=none|merge_groups=none",22,,True,False,edge_capacity,,none,mark_unplanned
legacy_offset64_repair32,repair_window,python_faithful_legacy_astar_event_trace,24,6,66:storage_in,66,18,22,47,12487.636550000001,18 22 24 27 28 47,move,python_faithful_legacy_astar,none,"28->47@[0.000,12000.000)","fault_edges=none|fault_windows=28->47@[0.000,12000.000)|node_capacities=none|merge_groups=none",22,,True,False,edge_capacity,18,hold,shield_hold
legacy_offset64_repair32,repair_window,python_faithful_legacy_astar_event_trace,26,7,66:storage_in,66,18,22,47,12488.636550000001,18 22 24 27 28 47,move,python_faithful_legacy_astar,none,"28->47@[0.000,12000.000)","fault_edges=none|fault_windows=28->47@[0.000,12000.000)|node_capacities=none|merge_groups=none",22,,True,False,edge_capacity,18,hold,shield_hold
legacy_offset64_repair32,repair_window,python_faithful_legacy_astar_event_trace,29,8,66:storage_in,66,18,22,47,12489.636550000001,18 22 24 27 28 47,move,python_faithful_legacy_astar,none,"28->47@[0.000,12000.000)","fault_edges=none|fault_windows=28->47@[0.000,12000.000)|node_capacities=none|merge_groups=none",22,,True,False,edge_capacity,18,hold,shield_hold
legacy_offset64_repair32,repair_window,python_faithful_legacy_astar_event_trace,32,9,66:storage_in,66,18,22,47,12490.636550000001,18 22 24 27 28 47,move,python_faithful_legacy_astar,none,"28->47@[0.000,12000.000)","fault_edges=none|fault_windows=28->47@[0.000,12000.000)|node_capacities=none|merge_groups=none",22,,True,False,edge_capacity,,none,mark_unplanned
legacy_offset64_repair32,repair_window,python_faithful_legacy_astar_event_trace,35,3,71:storage_in,71,17,,47,12490.906200000001,,no_path,python_faithful_legacy_astar_no_path,none,"28->47@[0.000,12000.000)","fault_edges=none|fault_windows=28->47@[0.000,12000.000)|node_capacities=none|merge_groups=none",18,,False,False,legacy_astar_no_path,17,hold,shield_hold
legacy_offset64_repair32,repair_window,python_faithful_legacy_astar_event_trace,38,4,71:storage_in,71,17,,47,12491.906200000001,,no_path,python_faithful_legacy_astar_no_path,none,"28->47@[0.000,12000.000)","fault_edges=none|fault_windows=28->47@[0.000,12000.000)|node_capacities=none|merge_groups=none",18,,False,False,legacy_astar_no_path,17,hold,shield_hold
legacy_offset64_repair32,repair_window,python_faithful_legacy_astar_event_trace,40,4,69:storage_in,69,18,22,47,12492.46742,18 22 24 27 28 47,move,python_faithful_legacy_astar,none,"28->47@[0.000,12000.000)","fault_edges=none|fault_windows=28->47@[0.000,12000.000)|node_capacities=none|merge_groups=none",22,,True,False,edge_capacity,,none,mark_unplanned
legacy_offset64_repair32,repair_window,python_faithful_legacy_astar_event_trace,48,6,71:storage_in,71,18,22,47,12495.506200000002,18 22 24 27 28 47,move,python_faithful_legacy_astar,none,"28->47@[0.000,12000.000)","fault_edges=none|fault_windows=28->47@[0.000,12000.000)|node_capacities=none|merge_groups=none",22,,True,False,edge_capacity,18,hold,shield_hold
legacy_offset64_repair32,repair_window,python_faithful_legacy_astar_event_trace,50,7,71:storage_in,71,18,22,47,12496.506200000002,18 22 24 27 28 47,move,python_faithful_legacy_astar,none,"28->47@[0.000,12000.000)","fault_edges=none|fault_windows=28->47@[0.000,12000.000)|node_capacities=none|merge_groups=none",22,,True,False,edge_capacity,18,hold,shield_hold
legacy_offset64_repair32,repair_window,python_faithful_legacy_astar_event_trace,52,8,71:storage_in,71,18,22,47,12497.506200000002,18 22 24 27 28 47,move,python_faithful_legacy_astar,none,"28->47@[0.000,12000.000)","fault_edges=none|fault_windows=28->47@[0.000,12000.000)|node_capacities=none|merge_groups=none",22,,True,False,edge_capacity,18,hold,shield_hold
legacy_offset64_repair32,repair_window,python_faithful_legacy_astar_event_trace,53,3,74:storage_in,74,8,11,47,12497.83982,8 11 13 23 24 27 28 47,move,python_faithful_legacy_astar,none,"28->47@[0.000,12000.000)","fault_edges=none|fault_windows=28->47@[0.000,12000.000)|node_capacities=none|merge_groups=none",11,,True,False,edge_capacity,8,hold,shield_hold
legacy_offset64_repair32,repair_window,python_faithful_legacy_astar_event_trace,55,9,71:storage_in,71,18,22,47,12498.506200000002,18 22 24 27 28 47,move,python_faithful_legacy_astar,none,"28->47@[0.000,12000.000)","fault_edges=none|fault_windows=28->47@[0.000,12000.000)|node_capacities=none|merge_groups=none",22,,True,False,edge_capacity,18,hold,shield_hold
legacy_offset64_repair32,repair_window,python_faithful_legacy_astar_event_trace,57,5,70:storage_in,70,11,13,47,12499.306480000001,11 13 23 24 27 28 47,move,python_faithful_legacy_astar,none,"28->47@[0.000,12000.000)","fault_edges=none|fault_windows=28->47@[0.000,12000.000)|node_capacities=none|merge_groups=none",13 14,14,True,False,edge_capacity,11,hold,shield_hold
legacy_offset64_repair32,repair_window,python_faithful_legacy_astar_event_trace,58,10,71:storage_in,71,18,22,47,12499.506200000002,18 22 24 27 28 47,move,python_faithful_legacy_astar,none,"28->47@[0.000,12000.000)","fault_edges=none|fault_windows=28->47@[0.000,12000.000)|node_capacities=none|merge_groups=none",22,,True,False,edge_capacity,,none,mark_unplanned
legacy_offset64_repair32,repair_window,python_faithful_legacy_astar_event_trace,59,6,70:storage_in,70,11,13,47,12500.306480000001,11 13 23 24 27 28 47,move,python_faithful_legacy_astar,none,"28->47@[0.000,12000.000)","fault_edges=none|fault_windows=28->47@[0.000,12000.000)|node_capacities=none|merge_groups=none",13 14,14,True,False,edge_capacity,11,hold,shield_hold
legacy_offset64_repair32,repair_window,python_faithful_legacy_astar_event_trace,62,4,75:storage_in,75,18,22,47,12500.574170000002,18 22 24 27 28 47,move,python_faithful_legacy_astar,none,"28->47@[0.000,12000.000)","fault_edges=none|fault_windows=28->47@[0.000,12000.000)|node_capacities=none|merge_groups=none",22,,True,False,edge_capacity,18,hold,shield_hold
legacy_offset64_repair32,repair_window,python_faithful_legacy_astar_event_trace,63,7,70:storage_in,70,11,13,47,12501.306480000001,11 13 23 24 27 28 47,move,python_faithful_legacy_astar,none,"28->47@[0.000,12000.000)","fault_edges=none|fault_windows=28->47@[0.000,12000.000)|node_capacities=none|merge_groups=none",13 14,14,True,False,edge_capacity,,none,mark_unplanned
legacy_offset64_repair32,repair_window,python_faithful_legacy_astar_event_trace,64,5,75:storage_in,75,18,22,47,12501.574170000002,18 22 24 27 28 47,move,python_faithful_legacy_astar,none,"28->47@[0.000,12000.000)","fault_edges=none|fault_windows=28->47@[0.000,12000.000)|node_capacities=none|merge_groups=none",22,,True,False,edge_capacity,18,hold,shield_hold
legacy_offset64_repair32,repair_window,python_faithful_legacy_astar_event_trace,66,6,75:storage_in,75,18,22,47,12502.574170000002,18 22 24 27 28 47,move,python_faithful_legacy_astar,none,"28->47@[0.000,12000.000)","fault_edges=none|fault_windows=28->47@[0.000,12000.000)|node_capacities=none|merge_groups=none",22,,True,False,edge_capacity,18,hold,shield_hold
legacy_offset64_repair32,repair_window,python_faithful_legacy_astar_event_trace,72,4,73:storage_in,73,22,24,47,12503.77299,22 24 27 28 47,move,python_faithful_legacy_astar,none,"28->47@[0.000,12000.000)","fault_edges=none|fault_windows=28->47@[0.000,12000.000)|node_capacities=none|merge_groups=none",24 26,26,True,False,edge_capacity,22,hold,shield_hold
legacy_offset64_repair32,repair_window,python_faithful_legacy_astar_event_trace,77,5,76:storage_in,76,11,13,47,12507.121410000002,11 13 23 24 27 28 47,move,python_faithful_legacy_astar,none,"28->47@[0.000,12000.000)","fault_edges=none|fault_windows=28->47@[0.000,12000.000)|node_capacities=none|merge_groups=none",13 14,14,True,False,edge_capacity,11,hold,shield_hold
legacy_offset64_repair32,repair_window,python_faithful_legacy_astar_event_trace,79,7,64:storage_in,64,27,28,47,12507.83977,27 28 47,move,python_faithful_legacy_astar,none,"28->47@[0.000,12000.000)","fault_edges=none|fault_windows=28->47@[0.000,12000.000)|node_capacities=none|merge_groups=none",28 45,,True,False,edge_capacity,27,hold,shield_hold
legacy_offset64_repair32,repair_window,python_faithful_legacy_astar_event_trace,80,6,76:storage_in,76,11,13,47,12508.121410000002,11 13 23 24 27 28 47,move,python_faithful_legacy_astar,none,"28->47@[0.000,12000.000)","fault_edges=none|fault_windows=28->47@[0.000,12000.000)|node_capacities=none|merge_groups=none",13 14,14,True,False,edge_capacity,11,hold,shield_hold
legacy_offset64_repair32,repair_window,python_faithful_legacy_astar_event_trace,81,8,64:storage_in,64,27,28,47,12508.83977,27 28 47,move,python_faithful_legacy_astar,none,"28->47@[0.000,12000.000)","fault_edges=none|fault_windows=28->47@[0.000,12000.000)|node_capacities=none|merge_groups=none",28 45,,True,False,edge_capacity,27,hold,shield_hold
legacy_offset64_repair32,repair_window,python_faithful_legacy_astar_event_trace,82,7,76:storage_in,76,11,13,47,12509.121410000002,11 13 23 24 27 28 47,move,python_faithful_legacy_astar,none,"28->47@[0.000,12000.000)","fault_edges=none|fault_windows=28->47@[0.000,12000.000)|node_capacities=none|merge_groups=none",13 14,14,True,False,edge_capacity,11,hold,shield_hold
legacy_offset64_repair32,repair_window,python_faithful_legacy_astar_event_trace,83,9,64:storage_in,64,27,28,47,12509.83977,27 28 47,move,python_faithful_legacy_astar,none,"28->47@[0.000,12000.000)","fault_edges=none|fault_windows=28->47@[0.000,12000.000)|node_capacities=none|merge_groups=none",28 45,,True,False,edge_capacity,27,hold,shield_hold
legacy_offset64_repair32,repair_window,python_faithful_legacy_astar_event_trace,84,8,76:storage_in,76,11,13,47,12510.121410000002,11 13 23 24 27 28 47,move,python_faithful_legacy_astar,none,"28->47@[0.000,12000.000)","fault_edges=none|fault_windows=28->47@[0.000,12000.000)|node_capacities=none|merge_groups=none",13 14,14,True,False,edge_capacity,11,hold,shield_hold
legacy_offset64_repair32,repair_window,python_faithful_legacy_astar_event_trace,86,10,64:storage_in,64,27,28,47,12510.83977,27 28 47,move,python_faithful_legacy_astar,none,"28->47@[0.000,12000.000)","fault_edges=none|fault_windows=28->47@[0.000,12000.000)|node_capacities=none|merge_groups=none",28 45,,True,False,edge_capacity,,none,mark_unplanned
legacy_offset64_repair32,repair_window,python_faithful_legacy_astar_event_trace,88,9,76:storage_in,76,11,13,47,12511.121410000002,11 13 23 24 27 28 47,move,python_faithful_legacy_astar,none,"28->47@[0.000,12000.000)","fault_edges=none|fault_windows=28->47@[0.000,12000.000)|node_capacities=none|merge_groups=none",13 14,14,True,False,edge_capacity,11,hold,shield_hold
legacy_offset64_repair32,repair_window,python_faithful_legacy_astar_event_trace,89,10,76:storage_in,76,11,13,47,12512.121410000002,11 13 23 24 27 28 47,move,python_faithful_legacy_astar,none,"28->47@[0.000,12000.000)","fault_edges=none|fault_windows=28->47@[0.000,12000.000)|node_capacities=none|merge_groups=none",13 14,14,True,False,edge_capacity,11,hold,shield_hold
legacy_offset64_repair32,repair_window,python_faithful_legacy_astar_event_trace,90,8,67:storage_in,67,27,28,47,12512.787820000003,27 28 47,move,python_faithful_legacy_astar,none,"28->47@[0.000,12000.000)","fault_edges=none|fault_windows=28->47@[0.000,12000.000)|node_capacities=none|merge_groups=none",28 45,,True,False,edge_capacity,27,hold,shield_hold
legacy_offset64_repair32,repair_window,python_faithful_legacy_astar_event_trace,91,8,75:storage_in,75,22,24,47,12512.974170000001,22 24 27 28 47,move,python_faithful_legacy_astar,none,"28->47@[0.000,12000.000)","fault_edges=none|fault_windows=28->47@[0.000,12000.000)|node_capacities=none|merge_groups=none",24 26,26,True,False,edge_capacity,22,hold,shield_hold
legacy_offset64_repair32,repair_window,python_faithful_legacy_astar_event_trace,92,11,76:storage_in,76,11,13,47,12513.121410000002,11 13 23 24 27 28 47,move,python_faithful_legacy_astar,none,"28->47@[0.000,12000.000)","fault_edges=none|fault_windows=28->47@[0.000,12000.000)|node_capacities=none|merge_groups=none",13 14,14,True,False,edge_capacity,11,hold,shield_hold
legacy_offset64_repair32,repair_window,python_faithful_legacy_astar_event_trace,94,9,67:storage_in,67,27,28,47,12513.787820000003,27 28 47,move,python_faithful_legacy_astar,none,"28->47@[0.000,12000.000)","fault_edges=none|fault_windows=28->47@[0.000,12000.000)|node_capacities=none|merge_groups=none",28 45,,True,False,edge_capacity,27,hold,shield_hold
legacy_offset64_repair32,repair_window,python_faithful_legacy_astar_event_trace,95,9,75:storage_in,75,22,24,47,12513.974170000001,22 24 27 28 47,move,python_faithful_legacy_astar,none,"28->47@[0.000,12000.000)","fault_edges=none|fault_windows=28->47@[0.000,12000.000)|node_capacities=none|merge_groups=none",24 26,26,True,False,edge_capacity,22,hold,shield_hold
legacy_offset64_repair32,repair_window,python_faithful_legacy_astar_event_trace,96,12,76:storage_in,76,11,13,47,12514.121410000002,11 13 23 24 27 28 47,move,python_faithful_legacy_astar,none,"28->47@[0.000,12000.000)","fault_edges=none|fault_windows=28->47@[0.000,12000.000)|node_capacities=none|merge_groups=none",13 14,14,True,False,edge_capacity,11,hold,shield_hold
legacy_offset64_repair32,repair_window,python_faithful_legacy_astar_event_trace,97,10,67:storage_in,67,27,28,47,12514.787820000003,27 28 47,move,python_faithful_legacy_astar,none,"28->47@[0.000,12000.000)","fault_edges=none|fault_windows=28->47@[0.000,12000.000)|node_capacities=none|merge_groups=none",28 45,,True,False,edge_capacity,,none,mark_unplanned
legacy_offset64_repair32,repair_window,python_faithful_legacy_astar_event_trace,98,10,75:storage_in,75,22,24,47,12514.974170000001,22 24 27 28 47,move,python_faithful_legacy_astar,none,"28->47@[0.000,12000.000)","fault_edges=none|fault_windows=28->47@[0.000,12000.000)|node_capacities=none|merge_groups=none",24 26,26,True,False,edge_capacity,22,hold,shield_hold
legacy_offset64_repair32,repair_window,python_faithful_legacy_astar_event_trace,103,7,72:storage_in,72,27,28,47,12516.204480000002,27 28 47,move,python_faithful_legacy_astar,none,"28->47@[0.000,12000.000)","fault_edges=none|fault_windows=28->47@[0.000,12000.000)|node_capacities=none|merge_groups=none",28 45,,True,False,edge_capacity,27,hold,shield_hold
legacy_offset64_repair32,repair_window,python_faithful_legacy_astar_event_trace,106,7,73:storage_in,73,27,28,47,12518.77299,27 28 47,move,python_faithful_legacy_astar,none,"28->47@[0.000,12000.000)","fault_edges=none|fault_windows=28->47@[0.000,12000.000)|node_capacities=none|merge_groups=none",28 45,,True,False,edge_capacity,27,hold,shield_hold
legacy_offset64_repair32,repair_window,python_faithful_legacy_astar_event_trace,108,8,73:storage_in,73,27,28,47,12519.77299,27 28 47,move,python_faithful_legacy_astar,none,"28->47@[0.000,12000.000)","fault_edges=none|fault_windows=28->47@[0.000,12000.000)|node_capacities=none|merge_groups=none",28 45,,True,False,edge_capacity,27,hold,shield_hold
legacy_offset64_repair32,repair_window,python_faithful_legacy_astar_event_trace,109,9,73:storage_in,73,27,28,47,12520.77299,27 28 47,move,python_faithful_legacy_astar,none,"28->47@[0.000,12000.000)","fault_edges=none|fault_windows=28->47@[0.000,12000.000)|node_capacities=none|merge_groups=none",28 45,,True,False,edge_capacity,27,hold,shield_hold
legacy_offset64_repair32,repair_window,python_faithful_legacy_astar_event_trace,110,10,73:storage_in,73,27,28,47,12521.77299,27 28 47,move,python_faithful_legacy_astar,none,"28->47@[0.000,12000.000)","fault_edges=none|fault_windows=28->47@[0.000,12000.000)|node_capacities=none|merge_groups=none",28 45,,True,False,edge_capacity,27,hold,shield_hold
legacy_offset64_repair32,repair_window,python_faithful_legacy_astar_event_trace,112,11,73:storage_in,73,27,28,47,12522.77299,27 28 47,move,python_faithful_legacy_astar,none,"28->47@[0.000,12000.000)","fault_edges=none|fault_windows=28->47@[0.000,12000.000)|node_capacities=none|merge_groups=none",28 45,,True,False,edge_capacity,,none,mark_unplanned
legacy_offset64_repair32,repair_window,python_faithful_legacy_astar_event_trace,113,9,74:storage_in,74,27,28,47,12524.639820000002,27 28 47,move,python_faithful_legacy_astar,none,"28->47@[0.000,12000.000)","fault_edges=none|fault_windows=28->47@[0.000,12000.000)|node_capacities=none|merge_groups=none",28 45,,True,False,edge_capacity,27,hold,shield_hold
legacy_offset64_repair32,repair_window,python_faithful_legacy_astar_event_trace,114,10,74:storage_in,74,27,28,47,12525.639820000002,27 28 47,move,python_faithful_legacy_astar,none,"28->47@[0.000,12000.000)","fault_edges=none|fault_windows=28->47@[0.000,12000.000)|node_capacities=none|merge_groups=none",28 45,,True,False,edge_capacity,27,hold,shield_hold
legacy_offset64_repair32,repair_window,python_faithful_legacy_astar_event_trace,115,11,74:storage_in,74,27,28,47,12526.639820000002,27 28 47,move,python_faithful_legacy_astar,none,"28->47@[0.000,12000.000)","fault_edges=none|fault_windows=28->47@[0.000,12000.000)|node_capacities=none|merge_groups=none",28 45,,True,False,edge_capacity,27,hold,shield_hold
legacy_offset64_repair32,repair_window,python_faithful_legacy_astar_event_trace,118,12,74:storage_in,74,27,28,47,12527.639820000002,27 28 47,move,python_faithful_legacy_astar,none,"28->47@[0.000,12000.000)","fault_edges=none|fault_windows=28->47@[0.000,12000.000)|node_capacities=none|merge_groups=none",28 45,,True,False,edge_capacity,27,hold,shield_hold
legacy_offset64_repair32,repair_window,python_faithful_legacy_astar_event_trace,121,13,75:storage_in,75,27,28,47,12529.974170000001,27 28 47,move,python_faithful_legacy_astar,none,"28->47@[0.000,12000.000)","fault_edges=none|fault_windows=28->47@[0.000,12000.000)|node_capacities=none|merge_groups=none",28 45,,True,False,edge_capacity,27,hold,shield_hold
legacy_offset64_repair32,repair_window,python_faithful_legacy_astar_event_trace,122,14,75:storage_in,75,27,28,47,12530.974170000001,27 28 47,move,python_faithful_legacy_astar,none,"28->47@[0.000,12000.000)","fault_edges=none|fault_windows=28->47@[0.000,12000.000)|node_capacities=none|merge_groups=none",28 45,,True,False,edge_capacity,27,hold,shield_hold
legacy_offset64_repair32,repair_window,python_faithful_legacy_astar_event_trace,124,15,75:storage_in,75,27,28,47,12531.974170000001,27 28 47,move,python_faithful_legacy_astar,none,"28->47@[0.000,12000.000)","fault_edges=none|fault_windows=28->47@[0.000,12000.000)|node_capacities=none|merge_groups=none",28 45,,True,False,edge_capacity,27,hold,shield_hold
legacy_offset64_repair32,repair_window,python_faithful_legacy_astar_event_trace,125,16,75:storage_in,75,27,28,47,12532.974170000001,27 28 47,move,python_faithful_legacy_astar,none,"28->47@[0.000,12000.000)","fault_edges=none|fault_windows=28->47@[0.000,12000.000)|node_capacities=none|merge_groups=none",28 45,,True,False,edge_capacity,27,hold,shield_hold
legacy_offset64_repair32,repair_window,python_faithful_legacy_astar_event_trace,126,17,75:storage_in,75,27,28,47,12533.974170000001,27 28 47,move,python_faithful_legacy_astar,none,"28->47@[0.000,12000.000)","fault_edges=none|fault_windows=28->47@[0.000,12000.000)|node_capacities=none|merge_groups=none",28 45,,True,False,edge_capacity,27,hold,shield_hold
legacy_offset64_repair32,repair_window,python_faithful_legacy_astar_event_trace,128,18,75:storage_in,75,27,28,47,12534.974170000001,27 28 47,move,python_faithful_legacy_astar,none,"28->47@[0.000,12000.000)","fault_edges=none|fault_windows=28->47@[0.000,12000.000)|node_capacities=none|merge_groups=none",28 45,,True,False,edge_capacity,,none,mark_unplanned
legacy_offset64_repair32,repair_window,python_faithful_legacy_astar_event_trace,129,17,76:storage_in,76,27,28,47,12536.721410000004,27 28 47,move,python_faithful_legacy_astar,none,"28->47@[0.000,12000.000)","fault_edges=none|fault_windows=28->47@[0.000,12000.000)|node_capacities=none|merge_groups=none",28 45,,True,False,edge_capacity,27,hold,shield_hold
legacy_offset64_repair32,repair_window,python_faithful_legacy_astar_event_trace,130,18,76:storage_in,76,27,28,47,12537.721410000004,27 28 47,move,python_faithful_legacy_astar,none,"28->47@[0.000,12000.000)","fault_edges=none|fault_windows=28->47@[0.000,12000.000)|node_capacities=none|merge_groups=none",28 45,,True,False,edge_capacity,27,hold,shield_hold
legacy_offset64_repair32,repair_window,python_faithful_legacy_astar_event_trace,131,19,76:storage_in,76,27,28,47,12538.721410000004,27 28 47,move,python_faithful_legacy_astar,none,"28->47@[0.000,12000.000)","fault_edges=none|fault_windows=28->47@[0.000,12000.000)|node_capacities=none|merge_groups=none",28 45,,True,False,edge_capacity,27,hold,shield_hold
legacy_offset64_repair32,repair_window,python_faithful_legacy_astar_event_trace,155,3,81:storage_in,81,18,22,47,13058.24528,18 22 24 27 28 47,move,python_faithful_legacy_astar,none,"28->47@[0.000,12000.000)","fault_edges=none|fault_windows=28->47@[0.000,12000.000)|node_capacities=none|merge_groups=none",22,,True,False,edge_capacity,18,hold,shield_hold
legacy_offset64_repair32,repair_window,python_faithful_legacy_astar_event_trace,157,4,81:storage_in,81,18,22,47,13059.24528,18 22 24 27 28 47,move,python_faithful_legacy_astar,none,"28->47@[0.000,12000.000)","fault_edges=none|fault_windows=28->47@[0.000,12000.000)|node_capacities=none|merge_groups=none",22,,True,False,edge_capacity,18,hold,shield_hold
legacy_offset64_repair32,repair_window,python_faithful_legacy_astar_event_trace,158,1,84:storage_in,84,4,17,47,13059.8454,4 17 18 22 24 27 28 47,move,python_faithful_legacy_astar,none,"28->47@[0.000,12000.000)","fault_edges=none|fault_windows=28->47@[0.000,12000.000)|node_capacities=none|merge_groups=none",17,,True,False,edge_capacity,4,hold,shield_hold
legacy_offset64_repair32,repair_window,python_faithful_legacy_astar_event_trace,161,5,81:storage_in,81,18,22,47,13060.24528,18 22 24 27 28 47,move,python_faithful_legacy_astar,none,"28->47@[0.000,12000.000)","fault_edges=none|fault_windows=28->47@[0.000,12000.000)|node_capacities=none|merge_groups=none",22,,True,False,edge_capacity,18,hold,shield_hold
legacy_offset64_repair32,repair_window,python_faithful_legacy_astar_event_trace,162,2,84:storage_in,84,4,,47,13060.8454,,no_path,python_faithful_legacy_astar_no_path,none,"28->47@[0.000,12000.000)","fault_edges=none|fault_windows=28->47@[0.000,12000.000)|node_capacities=none|merge_groups=none",17,,False,False,legacy_astar_no_path,4,hold,shield_hold
legacy_offset64_repair32,repair_window,python_faithful_legacy_astar_event_trace,163,6,81:storage_in,81,18,22,47,13061.24528,18 22 24 27 28 47,move,python_faithful_legacy_astar,none,"28->47@[0.000,12000.000)","fault_edges=none|fault_windows=28->47@[0.000,12000.000)|node_capacities=none|merge_groups=none",22,,True,False,edge_capacity,18,hold,shield_hold
legacy_offset64_repair32,repair_window,python_faithful_legacy_astar_event_trace,166,7,81:storage_in,81,18,22,47,13062.24528,18 22 24 27 28 47,move,python_faithful_legacy_astar,none,"28->47@[0.000,12000.000)","fault_edges=none|fault_windows=28->47@[0.000,12000.000)|node_capacities=none|merge_groups=none",22,,True,False,edge_capacity,18,hold,shield_hold
legacy_offset64_repair32,repair_window,python_faithful_legacy_astar_event_trace,169,8,81:storage_in,81,18,22,47,13063.24528,18 22 24 27 28 47,move,python_faithful_legacy_astar,none,"28->47@[0.000,12000.000)","fault_edges=none|fault_windows=28->47@[0.000,12000.000)|node_capacities=none|merge_groups=none",22,,True,False,edge_capacity,,none,mark_unplanned
legacy_offset64_repair32,repair_window,python_faithful_legacy_astar_event_trace,170,3,82:storage_in,82,18,22,47,13064.259440000002,18 22 24 27 28 47,move,python_faithful_legacy_astar,none,"28->47@[0.000,12000.000)","fault_edges=none|fault_windows=28->47@[0.000,12000.000)|node_capacities=none|merge_groups=none",22,,True,False,edge_capacity,18,hold,shield_hold
legacy_offset64_repair32,repair_window,python_faithful_legacy_astar_event_trace,179,4,84:storage_in,84,17,,47,13066.4454,,no_path,python_faithful_legacy_astar_no_path,none,"28->47@[0.000,12000.000)","fault_edges=none|fault_windows=28->47@[0.000,12000.000)|node_capacities=none|merge_groups=none",18,,False,False,legacy_astar_no_path,17,hold,shield_hold
legacy_offset64_repair32,repair_window,python_faithful_legacy_astar_event_trace,180,4,83:storage_in,83,18,22,47,13067.088280000002,18 22 24 27 28 47,move,python_faithful_legacy_astar,none,"28->47@[0.000,12000.000)","fault_edges=none|fault_windows=28->47@[0.000,12000.000)|node_capacities=none|merge_groups=none",22,,True,False,edge_capacity,,none,mark_unplanned
legacy_offset64_repair32,repair_window,python_faithful_legacy_astar_event_trace,183,1,89:storage_in,89,4,,47,13067.84538,,no_path,python_faithful_legacy_astar_no_path,none,"28->47@[0.000,12000.000)","fault_edges=none|fault_windows=28->47@[0.000,12000.000)|node_capacities=none|merge_groups=none",17,,False,False,legacy_astar_no_path,4,hold,shield_hold
legacy_offset64_repair32,repair_window,python_faithful_legacy_astar_event_trace,187,3,86:storage_in,86,18,22,47,13068.91217,18 22 24 27 28 47,move,python_faithful_legacy_astar,none,"28->47@[0.000,12000.000)","fault_edges=none|fault_windows=28->47@[0.000,12000.000)|node_capacities=none|merge_groups=none",22,,True,False,edge_capacity,,none,mark_unplanned
legacy_offset64_repair32,repair_window,python_faithful_legacy_astar_event_trace,188,1,91:storage_in,91,4,,47,13069.4367,,no_path,python_faithful_legacy_astar_no_path,none,"28->47@[0.000,12000.000)","fault_edges=none|fault_windows=28->47@[0.000,12000.000)|node_capacities=none|merge_groups=none",17,,False,False,legacy_astar_no_path,4,hold,shield_hold
legacy_offset64_repair32,repair_window,python_faithful_legacy_astar_event_trace,190,6,84:storage_in,84,18,22,47,13070.0454,18 22 24 27 28 47,move,python_faithful_legacy_astar,none,"28->47@[0.000,12000.000)","fault_edges=none|fault_windows=28->47@[0.000,12000.000)|node_capacities=none|merge_groups=none",22,,True,False,edge_capacity,18,hold,shield_hold
legacy_offset64_repair32,repair_window,python_faithful_legacy_astar_event_trace,191,4,80:storage_in,80,13,,47,13070.361780000001,,no_path,python_faithful_legacy_astar_no_path,none,"28->47@[0.000,12000.000)","fault_edges=none|fault_windows=28->47@[0.000,12000.000)|node_capacities=none|merge_groups=none",23,23,False,False,legacy_astar_no_path,13,hold,shield_hold
legacy_offset64_repair32,repair_window,python_faithful_legacy_astar_event_trace,192,2,91:storage_in,91,4,17,47,13070.4367,4 17 18 22 24 27 28 47,move,python_faithful_legacy_astar,none,"28->47@[0.000,12000.000)","fault_edges=none|fault_windows=28->47@[0.000,12000.000)|node_capacities=none|merge_groups=none",17,,True,False,edge_capacity,4,hold,shield_hold
legacy_offset64_repair32,repair_window,python_faithful_legacy_astar_event_trace,193,7,84:storage_in,84,18,22,47,13071.0454,18 22 24 27 28 47,move,python_faithful_legacy_astar,none,"28->47@[0.000,12000.000)","fault_edges=none|fault_windows=28->47@[0.000,12000.000)|node_capacities=none|merge_groups=none",22,,True,False,edge_capacity,18,hold,shield_hold
legacy_offset64_repair32,repair_window,python_faithful_legacy_astar_event_trace,194,5,80:storage_in,80,13,,47,13071.361780000001,,no_path,python_faithful_legacy_astar_no_path,none,"28->47@[0.000,12000.000)","fault_edges=none|fault_windows=28->47@[0.000,12000.000)|node_capacities=none|merge_groups=none",23,23,False,False,legacy_astar_no_path,13,hold,shield_hold
legacy_offset64_repair32,repair_window,python_faithful_legacy_astar_event_trace,195,3,91:storage_in,91,4,17,47,13071.4367,4 17 18 22 24 27 28 47,move,python_faithful_legacy_astar,none,"28->47@[0.000,12000.000)","fault_edges=none|fault_windows=28->47@[0.000,12000.000)|node_capacities=none|merge_groups=none",17,,True,False,edge_capacity,4,hold,shield_hold
legacy_offset64_repair32,repair_window,python_faithful_legacy_astar_event_trace,197,8,84:storage_in,84,18,22,47,13072.0454,18 22 24 27 28 47,move,python_faithful_legacy_astar,none,"28->47@[0.000,12000.000)","fault_edges=none|fault_windows=28->47@[0.000,12000.000)|node_capacities=none|merge_groups=none",22,,True,False,edge_capacity,18,hold,shield_hold
legacy_offset64_repair32,repair_window,python_faithful_legacy_astar_event_trace,201,4,91:storage_in,91,4,17,47,13072.4367,4 17 18 22 24 27 28 47,move,python_faithful_legacy_astar,none,"28->47@[0.000,12000.000)","fault_edges=none|fault_windows=28->47@[0.000,12000.000)|node_capacities=none|merge_groups=none",17,,True,False,edge_capacity,4,hold,shield_hold
legacy_offset64_repair32,repair_window,python_faithful_legacy_astar_event_trace,202,4,85:storage_in,85,11,13,47,13072.70649,11 13 23 24 27 28 47,move,python_faithful_legacy_astar,none,"28->47@[0.000,12000.000)","fault_edges=none|fault_windows=28->47@[0.000,12000.000)|node_capacities=none|merge_groups=none",13 14,14,True,False,edge_capacity,11,hold,shield_hold
legacy_offset64_repair32,repair_window,python_faithful_legacy_astar_event_trace,203,9,84:storage_in,84,18,22,47,13073.0454,18 22 24 27 28 47,move,python_faithful_legacy_astar,none,"28->47@[0.000,12000.000)","fault_edges=none|fault_windows=28->47@[0.000,12000.000)|node_capacities=none|merge_groups=none",22,,True,False,edge_capacity,,none,mark_unplanned
legacy_offset64_repair32,repair_window,python_faithful_legacy_astar_event_trace,205,3,89:storage_in,89,17,18,47,13073.445380000001,17 18 22 24 27 28 47,move,python_faithful_legacy_astar,none,"28->47@[0.000,12000.000)","fault_edges=none|fault_windows=28->47@[0.000,12000.000)|node_capacities=none|merge_groups=none",18,,True,False,edge_capacity,17,hold,shield_hold
legacy_offset64_repair32,repair_window,python_faithful_legacy_astar_event_trace,206,5,85:storage_in,85,11,13,47,13073.70649,11 13 23 24 27 28 47,move,python_faithful_legacy_astar,none,"28->47@[0.000,12000.000)","fault_edges=none|fault_windows=28->47@[0.000,12000.000)|node_capacities=none|merge_groups=none",13 14,14,True,False,edge_capacity,11,hold,shield_hold
legacy_offset64_repair32,repair_window,python_faithful_legacy_astar_event_trace,209,5,82:storage_in,82,22,24,47,13074.659440000001,22 24 27 28 47,move,python_faithful_legacy_astar,none,"28->47@[0.000,12000.000)","fault_edges=none|fault_windows=28->47@[0.000,12000.000)|node_capacities=none|merge_groups=none",24 26,26,True,False,edge_capacity,22,hold,shield_hold
legacy_offset64_repair32,repair_window,python_faithful_legacy_astar_event_trace,212,6,78:storage_in,78,13,23,47,13075.04994,13 23 24 27 28 47,move,python_faithful_legacy_astar,none,"28->47@[0.000,12000.000)","fault_edges=none|fault_windows=28->47@[0.000,12000.000)|node_capacities=none|merge_groups=none",23,,True,False,edge_capacity,13,hold,shield_hold
legacy_offset64_repair32,repair_window,python_faithful_legacy_astar_event_trace,213,6,82:storage_in,82,22,24,47,13075.659440000001,22 24 27 28 47,move,python_faithful_legacy_astar,none,"28->47@[0.000,12000.000)","fault_edges=none|fault_windows=28->47@[0.000,12000.000)|node_capacities=none|merge_groups=none",24 26,26,True,False,edge_capacity,22,hold,shield_hold
legacy_offset64_repair32,repair_window,python_faithful_legacy_astar_event_trace,219,5,89:storage_in,89,18,22,47,13077.045380000001,18 22 24 27 28 47,move,python_faithful_legacy_astar,none,"28->47@[0.000,12000.000)","fault_edges=none|fault_windows=28->47@[0.000,12000.000)|node_capacities=none|merge_groups=none",22,,True,False,edge_capacity,18,hold,shield_hold
legacy_offset64_repair32,repair_window,python_faithful_legacy_astar_event_trace,224,6,89:storage_in,89,18,22,47,13078.045380000001,18 22 24 27 28 47,move,python_faithful_legacy_astar,none,"28->47@[0.000,12000.000)","fault_edges=none|fault_windows=28->47@[0.000,12000.000)|node_capacities=none|merge_groups=none",22,,True,False,edge_capacity,18,hold,shield_hold
legacy_offset64_repair32,repair_window,python_faithful_legacy_astar_event_trace,226,7,89:storage_in,89,18,22,47,13079.045380000001,18 22 24 27 28 47,move,python_faithful_legacy_astar,none,"28->47@[0.000,12000.000)","fault_edges=none|fault_windows=28->47@[0.000,12000.000)|node_capacities=none|merge_groups=none",22,,True,False,edge_capacity,,none,mark_unplanned
legacy_offset64_repair32,repair_window,python_faithful_legacy_astar_event_trace,233,7,91:storage_in,91,18,22,47,13080.636700000001,18 22 24 27 28 47,move,python_faithful_legacy_astar,none,"28->47@[0.000,12000.000)","fault_edges=none|fault_windows=28->47@[0.000,12000.000)|node_capacities=none|merge_groups=none",22,,True,False,edge_capacity,18,hold,shield_hold
legacy_offset64_repair32,repair_window,python_faithful_legacy_astar_event_trace,234,5,88:storage_in,88,11,13,47,13080.63983,11 13 23 24 27 28 47,move,python_faithful_legacy_astar,none,"28->47@[0.000,12000.000)","fault_edges=none|fault_windows=28->47@[0.000,12000.000)|node_capacities=none|merge_groups=none",13 14,14,True,False,edge_capacity,11,hold,shield_hold
legacy_offset64_repair32,repair_window,python_faithful_legacy_astar_event_trace,235,8,91:storage_in,91,18,22,47,13081.636700000001,18 22 24 27 28 47,move,python_faithful_legacy_astar,none,"28->47@[0.000,12000.000)","fault_edges=none|fault_windows=28->47@[0.000,12000.000)|node_capacities=none|merge_groups=none",22,,True,False,edge_capacity,18,hold,shield_hold
legacy_offset64_repair32,repair_window,python_faithful_legacy_astar_event_trace,236,6,88:storage_in,88,11,13,47,13081.63983,11 13 23 24 27 28 47,move,python_faithful_legacy_astar,none,"28->47@[0.000,12000.000)","fault_edges=none|fault_windows=28->47@[0.000,12000.000)|node_capacities=none|merge_groups=none",13 14,14,True,False,edge_capacity,11,hold,shield_hold
legacy_offset64_repair32,repair_window,python_faithful_legacy_astar_event_trace,237,9,80:storage_in,80,27,28,47,13081.761780000003,27 28 47,move,python_faithful_legacy_astar,none,"28->47@[0.000,12000.000)","fault_edges=none|fault_windows=28->47@[0.000,12000.000)|node_capacities=none|merge_groups=none",28 45,,True,False,edge_capacity,27,hold,shield_hold
legacy_offset64_repair32,repair_window,python_faithful_legacy_astar_event_trace,238,9,91:storage_in,91,18,22,47,13082.636700000001,18 22 24 27 28 47,move,python_faithful_legacy_astar,none,"28->47@[0.000,12000.000)","fault_edges=none|fault_windows=28->47@[0.000,12000.000)|node_capacities=none|merge_groups=none",22,,True,False,edge_capacity,,none,mark_unplanned
legacy_offset64_repair32,repair_window,python_faithful_legacy_astar_event_trace,239,7,88:storage_in,88,11,13,47,13082.63983,11 13 23 24 27 28 47,move,python_faithful_legacy_astar,none,"28->47@[0.000,12000.000)","fault_edges=none|fault_windows=28->47@[0.000,12000.000)|node_capacities=none|merge_groups=none",13 14,14,True,False,edge_capacity,,none,mark_unplanned
legacy_offset64_repair32,repair_window,python_faithful_legacy_astar_event_trace,240,10,80:storage_in,80,27,28,47,13082.761780000003,27 28 47,move,python_faithful_legacy_astar,none,"28->47@[0.000,12000.000)","fault_edges=none|fault_windows=28->47@[0.000,12000.000)|node_capacities=none|merge_groups=none",28 45,,True,False,edge_capacity,27,hold,shield_hold
legacy_offset64_repair32,repair_window,python_faithful_legacy_astar_event_trace,244,11,80:storage_in,80,27,28,47,13083.761780000003,27 28 47,move,python_faithful_legacy_astar,none,"28->47@[0.000,12000.000)","fault_edges=none|fault_windows=28->47@[0.000,12000.000)|node_capacities=none|merge_groups=none",28 45,,True,False,edge_capacity,,none,mark_unplanned
legacy_offset64_repair32,repair_window,python_faithful_legacy_astar_event_trace,246,4,92:storage_in,92,11,13,47,13084.09516,11 13 23 24 27 28 47,move,python_faithful_legacy_astar,none,"28->47@[0.000,12000.000)","fault_edges=none|fault_windows=28->47@[0.000,12000.000)|node_capacities=none|merge_groups=none",13 14,14,True,False,edge_capacity,11,hold,shield_hold
legacy_offset64_repair32,repair_window,python_faithful_legacy_astar_event_trace,248,5,87:storage_in,87,22,24,47,13084.378690000001,22 24 27 28 47,move,python_faithful_legacy_astar,none,"28->47@[0.000,12000.000)","fault_edges=none|fault_windows=28->47@[0.000,12000.000)|node_capacities=none|merge_groups=none",24 26,26,True,False,edge_capacity,22,hold,shield_hold
legacy_offset64_repair32,repair_window,python_faithful_legacy_astar_event_trace,249,5,92:storage_in,92,11,13,47,13085.09516,11 13 23 24 27 28 47,move,python_faithful_legacy_astar,none,"28->47@[0.000,12000.000)","fault_edges=none|fault_windows=28->47@[0.000,12000.000)|node_capacities=none|merge_groups=none",13 14,14,True,False,edge_capacity,11,hold,shield_hold
legacy_offset64_repair32,repair_window,python_faithful_legacy_astar_event_trace,250,6,87:storage_in,87,22,24,47,13085.378690000001,22 24 27 28 47,move,python_faithful_legacy_astar,none,"28->47@[0.000,12000.000)","fault_edges=none|fault_windows=28->47@[0.000,12000.000)|node_capacities=none|merge_groups=none",24 26,26,True,False,edge_capacity,22,hold,shield_hold
legacy_offset64_repair32,repair_window,python_faithful_legacy_astar_event_trace,251,10,78:storage_in,78,27,28,47,13085.449940000002,27 28 47,move,python_faithful_legacy_astar,none,"28->47@[0.000,12000.000)","fault_edges=none|fault_windows=28->47@[0.000,12000.000)|node_capacities=none|merge_groups=none",28 45,,True,False,edge_capacity,27,hold,shield_hold
legacy_offset64_repair32,repair_window,python_faithful_legacy_astar_event_trace,253,7,87:storage_in,87,22,24,47,13086.378690000001,22 24 27 28 47,move,python_faithful_legacy_astar,none,"28->47@[0.000,12000.000)","fault_edges=none|fault_windows=28->47@[0.000,12000.000)|node_capacities=none|merge_groups=none",24 26,26,True,False,edge_capacity,22,hold,shield_hold
legacy_offset64_repair32,repair_window,python_faithful_legacy_astar_event_trace,254,11,78:storage_in,78,27,28,47,13086.449940000002,27 28 47,move,python_faithful_legacy_astar,none,"28->47@[0.000,12000.000)","fault_edges=none|fault_windows=28->47@[0.000,12000.000)|node_capacities=none|merge_groups=none",28 45,,True,False,edge_capacity,27,hold,shield_hold
legacy_offset64_repair32,repair_window,python_faithful_legacy_astar_event_trace,258,12,78:storage_in,78,27,28,47,13087.449940000002,27 28 47,move,python_faithful_legacy_astar,none,"28->47@[0.000,12000.000)","fault_edges=none|fault_windows=28->47@[0.000,12000.000)|node_capacities=none|merge_groups=none",28 45,,True,False,edge_capacity,27,hold,shield_hold
legacy_offset64_repair32,repair_window,python_faithful_legacy_astar_event_trace,260,4,90:storage_in,90,13,23,47,13088.13782,13 23 24 27 28 47,move,python_faithful_legacy_astar,none,"28->47@[0.000,12000.000)","fault_edges=none|fault_windows=28->47@[0.000,12000.000)|node_capacities=none|merge_groups=none",23,,True,False,edge_capacity,13,hold,shield_hold
legacy_offset64_repair32,repair_window,python_faithful_legacy_astar_event_trace,261,13,78:storage_in,78,27,28,47,13088.449940000002,27 28 47,move,python_faithful_legacy_astar,none,"28->47@[0.000,12000.000)","fault_edges=none|fault_windows=28->47@[0.000,12000.000)|node_capacities=none|merge_groups=none",28 45,,True,False,edge_capacity,27,hold,shield_hold
legacy_offset64_repair32,repair_window,python_faithful_legacy_astar_event_trace,262,5,90:storage_in,90,13,23,47,13089.13782,13 23 24 27 28 47,move,python_faithful_legacy_astar,none,"28->47@[0.000,12000.000)","fault_edges=none|fault_windows=28->47@[0.000,12000.000)|node_capacities=none|merge_groups=none",23,,True,False,edge_capacity,13,hold,shield_hold
legacy_offset64_repair32,repair_window,python_faithful_legacy_astar_event_trace,263,14,78:storage_in,78,27,28,47,13089.449940000002,27 28 47,move,python_faithful_legacy_astar,none,"28->47@[0.000,12000.000)","fault_edges=none|fault_windows=28->47@[0.000,12000.000)|node_capacities=none|merge_groups=none",28 45,,True,False,edge_capacity,,none,mark_unplanned
legacy_offset64_repair32,repair_window,python_faithful_legacy_astar_event_trace,265,9,82:storage_in,82,27,28,47,13090.659440000001,27 28 47,move,python_faithful_legacy_astar,none,"28->47@[0.000,12000.000)","fault_edges=none|fault_windows=28->47@[0.000,12000.000)|node_capacities=none|merge_groups=none",28 45,,True,False,edge_capacity,27,hold,shield_hold
legacy_offset64_repair32,repair_window,python_faithful_legacy_astar_event_trace,267,5,93:storage_in,93,11,13,47,13091.12116,11 13 23 24 27 28 47,move,python_faithful_legacy_astar,none,"28->47@[0.000,12000.000)","fault_edges=none|fault_windows=28->47@[0.000,12000.000)|node_capacities=none|merge_groups=none",13 14,14,True,False,edge_capacity,11,hold,shield_hold
legacy_offset64_repair32,repair_window,python_faithful_legacy_astar_event_trace,270,6,93:storage_in,93,11,13,47,13092.12116,11 13 23 24 27 28 47,move,python_faithful_legacy_astar,none,"28->47@[0.000,12000.000)","fault_edges=none|fault_windows=28->47@[0.000,12000.000)|node_capacities=none|merge_groups=none",13 14,14,True,False,edge_capacity,11,hold,shield_hold
legacy_offset64_repair32,repair_window,python_faithful_legacy_astar_event_trace,271,7,93:storage_in,93,11,13,47,13093.12116,11 13 23 24 27 28 47,move,python_faithful_legacy_astar,none,"28->47@[0.000,12000.000)","fault_edges=none|fault_windows=28->47@[0.000,12000.000)|node_capacities=none|merge_groups=none",13 14,14,True,False,edge_capacity,11,hold,shield_hold
legacy_offset64_repair32,repair_window,python_faithful_legacy_astar_event_trace,272,4,94:storage_in,94,22,24,47,13093.24086,22 24 27 28 47,move,python_faithful_legacy_astar,none,"28->47@[0.000,12000.000)","fault_edges=none|fault_windows=28->47@[0.000,12000.000)|node_capacities=none|merge_groups=none",24 26,26,True,False,edge_capacity,22,hold,shield_hold
legacy_offset64_repair32,repair_window,python_faithful_legacy_astar_event_trace,274,3,95:storage_in,95,12,,47,13093.80448,,no_path,python_faithful_legacy_astar_no_path,none,"28->47@[0.000,12000.000)","fault_edges=none|fault_windows=28->47@[0.000,12000.000)|node_capacities=none|merge_groups=none",13,,False,False,legacy_astar_no_path,12,hold,shield_hold
legacy_offset64_repair32,repair_window,python_faithful_legacy_astar_event_trace,275,8,93:storage_in,93,11,13,47,13094.12116,11 13 23 24 27 28 47,move,python_faithful_legacy_astar,none,"28->47@[0.000,12000.000)","fault_edges=none|fault_windows=28->47@[0.000,12000.000)|node_capacities=none|merge_groups=none",13 14,14,True,False,edge_capacity,11,hold,shield_hold
legacy_offset64_repair32,repair_window,python_faithful_legacy_astar_event_trace,276,5,94:storage_in,94,22,24,47,13094.24086,22 24 27 28 47,move,python_faithful_legacy_astar,none,"28->47@[0.000,12000.000)","fault_edges=none|fault_windows=28->47@[0.000,12000.000)|node_capacities=none|merge_groups=none",24 26,26,True,False,edge_capacity,22,hold,shield_hold
legacy_offset64_repair32,repair_window,python_faithful_legacy_astar_event_trace,279,9,93:storage_in,93,11,13,47,13095.12116,11 13 23 24 27 28 47,move,python_faithful_legacy_astar,none,"28->47@[0.000,12000.000)","fault_edges=none|fault_windows=28->47@[0.000,12000.000)|node_capacities=none|merge_groups=none",13 14,14,True,False,edge_capacity,11,hold,shield_hold
legacy_offset64_repair32,repair_window,python_faithful_legacy_astar_event_trace,280,6,94:storage_in,94,22,24,47,13095.24086,22 24 27 28 47,move,python_faithful_legacy_astar,none,"28->47@[0.000,12000.000)","fault_edges=none|fault_windows=28->47@[0.000,12000.000)|node_capacities=none|merge_groups=none",24 26,26,True,False,edge_capacity,22,hold,shield_hold
legacy_offset64_repair32,repair_window,python_faithful_legacy_astar_event_trace,281,10,93:storage_in,93,11,13,47,13096.12116,11 13 23 24 27 28 47,move,python_faithful_legacy_astar,none,"28->47@[0.000,12000.000)","fault_edges=none|fault_windows=28->47@[0.000,12000.000)|node_capacities=none|merge_groups=none",13 14,14,True,False,edge_capacity,11,hold,shield_hold
legacy_offset64_repair32,repair_window,python_faithful_legacy_astar_event_trace,282,7,94:storage_in,94,22,24,47,13096.24086,22 24 27 28 47,move,python_faithful_legacy_astar,none,"28->47@[0.000,12000.000)","fault_edges=none|fault_windows=28->47@[0.000,12000.000)|node_capacities=none|merge_groups=none",24 26,26,True,False,edge_capacity,22,hold,shield_hold
legacy_offset64_repair32,repair_window,python_faithful_legacy_astar_event_trace,283,10,85:storage_in,85,27,28,47,13096.306490000003,27 28 47,move,python_faithful_legacy_astar,none,"28->47@[0.000,12000.000)","fault_edges=none|fault_windows=28->47@[0.000,12000.000)|node_capacities=none|merge_groups=none",28 45,,True,False,edge_capacity,27,hold,shield_hold
legacy_offset64_repair32,repair_window,python_faithful_legacy_astar_event_trace,285,11,93:storage_in,93,11,13,47,13097.12116,11 13 23 24 27 28 47,move,python_faithful_legacy_astar,none,"28->47@[0.000,12000.000)","fault_edges=none|fault_windows=28->47@[0.000,12000.000)|node_capacities=none|merge_groups=none",13 14,14,True,False,edge_capacity,11,hold,shield_hold
legacy_offset64_repair32,repair_window,python_faithful_legacy_astar_event_trace,286,8,94:storage_in,94,22,24,47,13097.24086,22 24 27 28 47,move,python_faithful_legacy_astar,none,"28->47@[0.000,12000.000)","fault_edges=none|fault_windows=28->47@[0.000,12000.000)|node_capacities=none|merge_groups=none",24 26,26,True,False,edge_capacity,22,hold,shield_hold
legacy_offset64_repair32,repair_window,python_faithful_legacy_astar_event_trace,287,11,85:storage_in,85,27,28,47,13097.306490000003,27 28 47,move,python_faithful_legacy_astar,none,"28->47@[0.000,12000.000)","fault_edges=none|fault_windows=28->47@[0.000,12000.000)|node_capacities=none|merge_groups=none",28 45,,True,False,edge_capacity,27,hold,shield_hold
legacy_offset64_repair32,repair_window,python_faithful_legacy_astar_event_trace,291,12,85:storage_in,85,27,28,47,13098.306490000003,27 28 47,move,python_faithful_legacy_astar,none,"28->47@[0.000,12000.000)","fault_edges=none|fault_windows=28->47@[0.000,12000.000)|node_capacities=none|merge_groups=none",28 45,,True,False,edge_capacity,,none,mark_unplanned
legacy_offset64_repair32,repair_window,python_faithful_legacy_astar_event_trace,293,9,90:storage_in,90,27,28,47,13099.537820000001,27 28 47,move,python_faithful_legacy_astar,none,"28->47@[0.000,12000.000)","fault_edges=none|fault_windows=28->47@[0.000,12000.000)|node_capacities=none|merge_groups=none",28 45,,True,False,edge_capacity,,none,mark_unplanned
legacy_offset64_repair32,repair_window,python_faithful_legacy_astar_event_trace,294,5,95:storage_in,95,13,23,47,13099.80448,13 23 24 27 28 47,move,python_faithful_legacy_astar,none,"28->47@[0.000,12000.000)","fault_edges=none|fault_windows=28->47@[0.000,12000.000)|node_capacities=none|merge_groups=none",23,,True,False,edge_capacity,13,hold,shield_hold
legacy_offset64_repair32,repair_window,python_faithful_legacy_astar_event_trace,295,6,95:storage_in,95,13,23,47,13100.80448,13 23 24 27 28 47,move,python_faithful_legacy_astar,none,"28->47@[0.000,12000.000)","fault_edges=none|fault_windows=28->47@[0.000,12000.000)|node_capacities=none|merge_groups=none",23,,True,False,edge_capacity,13,hold,shield_hold
legacy_offset64_repair32,repair_window,python_faithful_legacy_astar_event_trace,296,10,87:storage_in,87,27,28,47,13101.378690000001,27 28 47,move,python_faithful_legacy_astar,none,"28->47@[0.000,12000.000)","fault_edges=none|fault_windows=28->47@[0.000,12000.000)|node_capacities=none|merge_groups=none",28 45,,True,False,edge_capacity,27,hold,shield_hold
legacy_offset64_repair32,repair_window,python_faithful_legacy_astar_event_trace,298,11,87:storage_in,87,27,28,47,13102.378690000001,27 28 47,move,python_faithful_legacy_astar,none,"28->47@[0.000,12000.000)","fault_edges=none|fault_windows=28->47@[0.000,12000.000)|node_capacities=none|merge_groups=none",28 45,,True,False,edge_capacity,27,hold,shield_hold
legacy_offset64_repair32,repair_window,python_faithful_legacy_astar_event_trace,304,10,92:storage_in,92,27,28,47,13107.695160000003,27 28 47,move,python_faithful_legacy_astar,none,"28->47@[0.000,12000.000)","fault_edges=none|fault_windows=28->47@[0.000,12000.000)|node_capacities=none|merge_groups=none",28 45,,True,False,edge_capacity,27,hold,shield_hold
legacy_offset64_repair32,repair_window,python_faithful_legacy_astar_event_trace,306,11,92:storage_in,92,27,28,47,13108.695160000003,27 28 47,move,python_faithful_legacy_astar,none,"28->47@[0.000,12000.000)","fault_edges=none|fault_windows=28->47@[0.000,12000.000)|node_capacities=none|merge_groups=none",28 45,,True,False,edge_capacity,27,hold,shield_hold
legacy_offset64_repair32,repair_window,python_faithful_legacy_astar_event_trace,307,10,94:storage_in,94,24,27,47,13109.64086,24 27 28 47,move,python_faithful_legacy_astar,none,"28->47@[0.000,12000.000)","fault_edges=none|fault_windows=28->47@[0.000,12000.000)|node_capacities=none|merge_groups=none",27,,True,False,edge_capacity,24,hold,shield_hold
legacy_offset64_repair32,repair_window,python_faithful_legacy_astar_event_trace,308,12,92:storage_in,92,27,28,47,13109.695160000003,27 28 47,move,python_faithful_legacy_astar,none,"28->47@[0.000,12000.000)","fault_edges=none|fault_windows=28->47@[0.000,12000.000)|node_capacities=none|merge_groups=none",28 45,,True,False,edge_capacity,,none,mark_unplanned
legacy_offset64_repair32,repair_window,python_faithful_legacy_astar_event_trace,311,10,95:storage_in,95,27,28,47,13111.204480000002,27 28 47,move,python_faithful_legacy_astar,none,"28->47@[0.000,12000.000)","fault_edges=none|fault_windows=28->47@[0.000,12000.000)|node_capacities=none|merge_groups=none",28 45,,True,False,edge_capacity,27,hold,shield_hold
legacy_offset64_repair32,repair_window,python_faithful_legacy_astar_event_trace,312,11,95:storage_in,95,27,28,47,13112.204480000002,27 28 47,move,python_faithful_legacy_astar,none,"28->47@[0.000,12000.000)","fault_edges=none|fault_windows=28->47@[0.000,12000.000)|node_capacities=none|merge_groups=none",28 45,,True,False,edge_capacity,,none,mark_unplanned
legacy_offset64_repair32,repair_window,python_faithful_legacy_astar_event_trace,313,12,94:storage_in,94,27,28,47,13113.24086,27 28 47,move,python_faithful_legacy_astar,none,"28->47@[0.000,12000.000)","fault_edges=none|fault_windows=28->47@[0.000,12000.000)|node_capacities=none|merge_groups=none",28 45,,True,False,edge_capacity,27,hold,shield_hold
legacy_offset64_repair32,repair_window,python_faithful_legacy_astar_event_trace,318,16,93:storage_in,93,27,28,47,13119.721160000003,27 28 47,move,python_faithful_legacy_astar,none,"28->47@[0.000,12000.000)","fault_edges=none|fault_windows=28->47@[0.000,12000.000)|node_capacities=none|merge_groups=none",28 45,,True,False,edge_capacity,27,hold,shield_hold
legacy_offset64_repair32,repair_window,python_faithful_legacy_astar_event_trace,319,17,93:storage_in,93,27,28,47,13120.721160000003,27 28 47,move,python_faithful_legacy_astar,none,"28->47@[0.000,12000.000)","fault_edges=none|fault_windows=28->47@[0.000,12000.000)|node_capacities=none|merge_groups=none",28 45,,True,False,edge_capacity,27,hold,shield_hold
legacy_offset64_repair32,repair_window,python_faithful_legacy_astar_event_trace,320,18,93:storage_in,93,27,28,47,13121.721160000003,27 28 47,move,python_faithful_legacy_astar,none,"28->47@[0.000,12000.000)","fault_edges=none|fault_windows=28->47@[0.000,12000.000)|node_capacities=none|merge_groups=none",28 45,,True,False,edge_capacity,27,hold,shield_hold
legacy_offset64_repair32,repair_window,python_faithful_legacy_astar_event_trace,321,19,93:storage_in,93,27,28,47,13122.721160000003,27 28 47,move,python_faithful_legacy_astar,none,"28->47@[0.000,12000.000)","fault_edges=none|fault_windows=28->47@[0.000,12000.000)|node_capacities=none|merge_groups=none",28 45,,True,False,edge_capacity,27,hold,shield_hold
legacy_offset64_repair32,repair_window,python_faithful_legacy_astar_event_trace,322,20,93:storage_in,93,27,28,47,13123.721160000003,27 28 47,move,python_faithful_legacy_astar,none,"28->47@[0.000,12000.000)","fault_edges=none|fault_windows=28->47@[0.000,12000.000)|node_capacities=none|merge_groups=none",28 45,,True,False,edge_capacity,27,hold,shield_hold
legacy_offset64_repair32,repair_window,python_faithful_legacy_astar_event_trace,323,21,93:storage_in,93,27,28,47,13124.721160000003,27 28 47,move,python_faithful_legacy_astar,none,"28->47@[0.000,12000.000)","fault_edges=none|fault_windows=28->47@[0.000,12000.000)|node_capacities=none|merge_groups=none",28 45,,True,False,edge_capacity,27,hold,shield_hold
legacy_offset64_merge32,merge_group,python_faithful_legacy_astar_event_trace,4,1,66:storage_in,66,4,,47,12477.43655,,no_path,python_faithful_legacy_astar_no_path,none,none,fault_edges=none|fault_windows=none|node_capacities=none|merge_groups=13->23:9;18->22:9,17,,False,False,legacy_astar_no_path,4,hold,shield_hold
legacy_offset64_merge32,merge_group,python_faithful_legacy_astar_event_trace,12,3,66:storage_in,66,17,,47,12483.03655,,no_path,python_faithful_legacy_astar_no_path,none,none,fault_edges=none|fault_windows=none|node_capacities=none|merge_groups=13->23:9;18->22:9,18,,False,False,legacy_astar_no_path,17,hold,shield_hold
legacy_offset64_merge32,merge_group,python_faithful_legacy_astar_event_trace,13,4,66:storage_in,66,17,,47,12484.03655,,no_path,python_faithful_legacy_astar_no_path,none,none,fault_edges=none|fault_windows=none|node_capacities=none|merge_groups=13->23:9;18->22:9,18,,False,False,legacy_astar_no_path,17,hold,shield_hold
legacy_offset64_merge32,merge_group,python_faithful_legacy_astar_event_trace,19,1,71:storage_in,71,4,,47,12485.3062,,no_path,python_faithful_legacy_astar_no_path,none,none,fault_edges=none|fault_windows=none|node_capacities=none|merge_groups=13->23:9;18->22:9,17,,False,False,legacy_astar_no_path,4,hold,shield_hold
legacy_offset64_merge32,merge_group,python_faithful_legacy_astar_event_trace,21,3,68:storage_in,68,18,22,47,12486.50318,18 22 24 27 28 47,move,python_faithful_legacy_astar,none,none,fault_edges=none|fault_windows=none|node_capacities=none|merge_groups=13->23:9;18->22:9,22,,True,False,edge_capacity+merge_group,,none,mark_unplanned
legacy_offset64_merge32,merge_group,python_faithful_legacy_astar_event_trace,24,6,66:storage_in,66,18,22,47,12487.636550000001,18 22 24 27 28 47,move,python_faithful_legacy_astar,none,none,fault_edges=none|fault_windows=none|node_capacities=none|merge_groups=13->23:9;18->22:9,22,,True,False,edge_capacity+merge_group,18,hold,shield_hold
legacy_offset64_merge32,merge_group,python_faithful_legacy_astar_event_trace,26,7,66:storage_in,66,18,22,47,12488.636550000001,18 22 24 27 28 47,move,python_faithful_legacy_astar,none,none,fault_edges=none|fault_windows=none|node_capacities=none|merge_groups=13->23:9;18->22:9,22,,True,False,edge_capacity+merge_group,18,hold,shield_hold
legacy_offset64_merge32,merge_group,python_faithful_legacy_astar_event_trace,29,8,66:storage_in,66,18,22,47,12489.636550000001,18 22 24 27 28 47,move,python_faithful_legacy_astar,none,none,fault_edges=none|fault_windows=none|node_capacities=none|merge_groups=13->23:9;18->22:9,22,,True,False,edge_capacity+merge_group,18,hold,shield_hold
legacy_offset64_merge32,merge_group,python_faithful_legacy_astar_event_trace,32,9,66:storage_in,66,18,22,47,12490.636550000001,18 22 24 27 28 47,move,python_faithful_legacy_astar,none,none,fault_edges=none|fault_windows=none|node_capacities=none|merge_groups=13->23:9;18->22:9,22,,True,False,edge_capacity+merge_group,,none,mark_unplanned
legacy_offset64_merge32,merge_group,python_faithful_legacy_astar_event_trace,35,3,71:storage_in,71,17,,47,12490.906200000001,,no_path,python_faithful_legacy_astar_no_path,none,none,fault_edges=none|fault_windows=none|node_capacities=none|merge_groups=13->23:9;18->22:9,18,,False,False,legacy_astar_no_path,17,hold,shield_hold
legacy_offset64_merge32,merge_group,python_faithful_legacy_astar_event_trace,38,4,71:storage_in,71,17,,47,12491.906200000001,,no_path,python_faithful_legacy_astar_no_path,none,none,fault_edges=none|fault_windows=none|node_capacities=none|merge_groups=13->23:9;18->22:9,18,,False,False,legacy_astar_no_path,17,hold,shield_hold
legacy_offset64_merge32,merge_group,python_faithful_legacy_astar_event_trace,40,4,69:storage_in,69,18,22,47,12492.46742,18 22 24 27 28 47,move,python_faithful_legacy_astar,none,none,fault_edges=none|fault_windows=none|node_capacities=none|merge_groups=13->23:9;18->22:9,22,,True,False,edge_capacity+merge_group,,none,mark_unplanned
legacy_offset64_merge32,merge_group,python_faithful_legacy_astar_event_trace,48,6,71:storage_in,71,18,22,47,12495.506200000002,18 22 24 27 28 47,move,python_faithful_legacy_astar,none,none,fault_edges=none|fault_windows=none|node_capacities=none|merge_groups=13->23:9;18->22:9,22,,True,False,edge_capacity+merge_group,18,hold,shield_hold
legacy_offset64_merge32,merge_group,python_faithful_legacy_astar_event_trace,49,4,65:storage_in,65,13,23,47,12496.137770000001,13 23 24 27 28 47,move,python_faithful_legacy_astar,none,none,fault_edges=none|fault_windows=none|node_capacities=none|merge_groups=13->23:9;18->22:9,23,,True,False,merge_group,13,hold,shield_hold
legacy_offset64_merge32,merge_group,python_faithful_legacy_astar_event_trace,50,7,71:storage_in,71,18,22,47,12496.506200000002,18 22 24 27 28 47,move,python_faithful_legacy_astar,none,none,fault_edges=none|fault_windows=none|node_capacities=none|merge_groups=13->23:9;18->22:9,22,,True,False,edge_capacity+merge_group,18,hold,shield_hold
legacy_offset64_merge32,merge_group,python_faithful_legacy_astar_event_trace,52,5,65:storage_in,65,13,23,47,12497.137770000001,13 23 24 27 28 47,move,python_faithful_legacy_astar,none,none,fault_edges=none|fault_windows=none|node_capacities=none|merge_groups=13->23:9;18->22:9,23,,True,False,merge_group,13,hold,shield_hold
legacy_offset64_merge32,merge_group,python_faithful_legacy_astar_event_trace,53,8,71:storage_in,71,18,22,47,12497.506200000002,18 22 24 27 28 47,move,python_faithful_legacy_astar,none,none,fault_edges=none|fault_windows=none|node_capacities=none|merge_groups=13->23:9;18->22:9,22,,True,False,edge_capacity+merge_group,18,hold,shield_hold
legacy_offset64_merge32,merge_group,python_faithful_legacy_astar_event_trace,54,3,74:storage_in,74,8,11,47,12497.83982,8 11 13 23 24 27 28 47,move,python_faithful_legacy_astar,none,none,fault_edges=none|fault_windows=none|node_capacities=none|merge_groups=13->23:9;18->22:9,11,,True,False,edge_capacity,8,hold,shield_hold
legacy_offset64_merge32,merge_group,python_faithful_legacy_astar_event_trace,56,6,65:storage_in,65,13,,47,12498.137770000001,,no_path,python_faithful_legacy_astar_no_path,none,none,fault_edges=none|fault_windows=none|node_capacities=none|merge_groups=13->23:9;18->22:9,23,,False,False,legacy_astar_no_path,13,hold,shield_hold
legacy_offset64_merge32,merge_group,python_faithful_legacy_astar_event_trace,57,9,71:storage_in,71,18,22,47,12498.506200000002,18 22 24 27 28 47,move,python_faithful_legacy_astar,none,none,fault_edges=none|fault_windows=none|node_capacities=none|merge_groups=13->23:9;18->22:9,22,,True,False,edge_capacity+merge_group,18,hold,shield_hold
legacy_offset64_merge32,merge_group,python_faithful_legacy_astar_event_trace,59,7,65:storage_in,65,13,,47,12499.137770000001,,no_path,python_faithful_legacy_astar_no_path,none,none,fault_edges=none|fault_windows=none|node_capacities=none|merge_groups=13->23:9;18->22:9,23,,False,False,legacy_astar_no_path,13,hold,shield_hold
legacy_offset64_merge32,merge_group,python_faithful_legacy_astar_event_trace,60,5,70:storage_in,70,11,13,47,12499.306480000001,11 13 23 24 27 28 47,move,python_faithful_legacy_astar,none,none,fault_edges=none|fault_windows=none|node_capacities=none|merge_groups=13->23:9;18->22:9,13 14,14,True,False,edge_capacity,11,hold,shield_hold
legacy_offset64_merge32,merge_group,python_faithful_legacy_astar_event_trace,61,10,71:storage_in,71,18,22,47,12499.506200000002,18 22 24 27 28 47,move,python_faithful_legacy_astar,none,none,fault_edges=none|fault_windows=none|node_capacities=none|merge_groups=13->23:9;18->22:9,22,,True,False,edge_capacity+merge_group,,none,mark_unplanned
legacy_offset64_merge32,merge_group,python_faithful_legacy_astar_event_trace,62,8,65:storage_in,65,13,23,47,12500.137770000001,13 23 24 27 28 47,move,python_faithful_legacy_astar,none,none,fault_edges=none|fault_windows=none|node_capacities=none|merge_groups=13->23:9;18->22:9,23,,True,False,merge_group,13,hold,shield_hold
legacy_offset64_merge32,merge_group,python_faithful_legacy_astar_event_trace,63,6,70:storage_in,70,11,13,47,12500.306480000001,11 13 23 24 27 28 47,move,python_faithful_legacy_astar,none,none,fault_edges=none|fault_windows=none|node_capacities=none|merge_groups=13->23:9;18->22:9,13 14,14,True,False,edge_capacity,11,hold,shield_hold
legacy_offset64_merge32,merge_group,python_faithful_legacy_astar_event_trace,65,4,75:storage_in,75,18,22,47,12500.574170000002,18 22 24 27 28 47,move,python_faithful_legacy_astar,none,none,fault_edges=none|fault_windows=none|node_capacities=none|merge_groups=13->23:9;18->22:9,22,,True,False,edge_capacity+merge_group,18,hold,shield_hold
legacy_offset64_merge32,merge_group,python_faithful_legacy_astar_event_trace,66,9,65:storage_in,65,13,23,47,12501.137770000001,13 23 24 27 28 47,move,python_faithful_legacy_astar,none,none,fault_edges=none|fault_windows=none|node_capacities=none|merge_groups=13->23:9;18->22:9,23,,True,False,merge_group,13,hold,shield_hold
legacy_offset64_merge32,merge_group,python_faithful_legacy_astar_event_trace,67,7,70:storage_in,70,11,13,47,12501.306480000001,11 13 23 24 27 28 47,move,python_faithful_legacy_astar,none,none,fault_edges=none|fault_windows=none|node_capacities=none|merge_groups=13->23:9;18->22:9,13 14,14,True,False,edge_capacity,,none,mark_unplanned
legacy_offset64_merge32,merge_group,python_faithful_legacy_astar_event_trace,68,5,75:storage_in,75,18,22,47,12501.574170000002,18 22 24 27 28 47,move,python_faithful_legacy_astar,none,none,fault_edges=none|fault_windows=none|node_capacities=none|merge_groups=13->23:9;18->22:9,22,,True,False,edge_capacity+merge_group,18,hold,shield_hold
legacy_offset64_merge32,merge_group,python_faithful_legacy_astar_event_trace,70,10,65:storage_in,65,13,23,47,12502.137770000001,13 23 24 27 28 47,move,python_faithful_legacy_astar,none,none,fault_edges=none|fault_windows=none|node_capacities=none|merge_groups=13->23:9;18->22:9,23,,True,False,merge_group,,none,mark_unplanned
legacy_offset64_merge32,merge_group,python_faithful_legacy_astar_event_trace,71,6,75:storage_in,75,18,22,47,12502.574170000002,18 22 24 27 28 47,move,python_faithful_legacy_astar,none,none,fault_edges=none|fault_windows=none|node_capacities=none|merge_groups=13->23:9;18->22:9,22,,True,False,edge_capacity+merge_group,18,hold,shield_hold
legacy_offset64_merge32,merge_group,python_faithful_legacy_astar_event_trace,75,7,75:storage_in,75,18,22,47,12503.574170000002,18 22 24 27 28 47,move,python_faithful_legacy_astar,none,none,fault_edges=none|fault_windows=none|node_capacities=none|merge_groups=13->23:9;18->22:9,22,,True,False,merge_group,18,hold,shield_hold
legacy_offset64_merge32,merge_group,python_faithful_legacy_astar_event_trace,76,4,73:storage_in,73,22,24,47,12503.77299,22 24 27 28 47,move,python_faithful_legacy_astar,none,none,fault_edges=none|fault_windows=none|node_capacities=none|merge_groups=13->23:9;18->22:9,24 26,26,True,False,edge_capacity,22,hold,shield_hold
legacy_offset64_merge32,merge_group,python_faithful_legacy_astar_event_trace,77,8,75:storage_in,75,18,22,47,12504.574170000002,18 22 24 27 28 47,move,python_faithful_legacy_astar,none,none,fault_edges=none|fault_windows=none|node_capacities=none|merge_groups=13->23:9;18->22:9,22,,True,False,merge_group,18,hold,shield_hold
legacy_offset64_merge32,merge_group,python_faithful_legacy_astar_event_trace,80,9,75:storage_in,75,18,22,47,12505.574170000002,18 22 24 27 28 47,move,python_faithful_legacy_astar,none,none,fault_edges=none|fault_windows=none|node_capacities=none|merge_groups=13->23:9;18->22:9,22,,True,False,merge_group,18,hold,shield_hold
legacy_offset64_merge32,merge_group,python_faithful_legacy_astar_event_trace,81,10,75:storage_in,75,18,22,47,12506.574170000002,18 22 24 27 28 47,move,python_faithful_legacy_astar,none,none,fault_edges=none|fault_windows=none|node_capacities=none|merge_groups=13->23:9;18->22:9,22,,True,False,merge_group,18,hold,shield_hold
legacy_offset64_merge32,merge_group,python_faithful_legacy_astar_event_trace,83,5,76:storage_in,76,11,13,47,12507.121410000002,11 13 23 24 27 28 47,move,python_faithful_legacy_astar,none,none,fault_edges=none|fault_windows=none|node_capacities=none|merge_groups=13->23:9;18->22:9,13 14,14,True,False,edge_capacity,11,hold,shield_hold
legacy_offset64_merge32,merge_group,python_faithful_legacy_astar_event_trace,84,11,75:storage_in,75,18,22,47,12507.574170000002,18 22 24 27 28 47,move,python_faithful_legacy_astar,none,none,fault_edges=none|fault_windows=none|node_capacities=none|merge_groups=13->23:9;18->22:9,22,,True,False,merge_group,18,hold,shield_hold
legacy_offset64_merge32,merge_group,python_faithful_legacy_astar_event_trace,87,6,76:storage_in,76,11,13,47,12508.121410000002,11 13 23 24 27 28 47,move,python_faithful_legacy_astar,none,none,fault_edges=none|fault_windows=none|node_capacities=none|merge_groups=13->23:9;18->22:9,13 14,14,True,False,edge_capacity,11,hold,shield_hold
legacy_offset64_merge32,merge_group,python_faithful_legacy_astar_event_trace,88,12,75:storage_in,75,18,22,47,12508.574170000002,18 22 24 27 28 47,move,python_faithful_legacy_astar,none,none,fault_edges=none|fault_windows=none|node_capacities=none|merge_groups=13->23:9;18->22:9,22,,True,False,merge_group,18,hold,shield_hold
legacy_offset64_merge32,merge_group,python_faithful_legacy_astar_event_trace,89,7,76:storage_in,76,11,13,47,12509.121410000002,11 13 23 24 27 28 47,move,python_faithful_legacy_astar,none,none,fault_edges=none|fault_windows=none|node_capacities=none|merge_groups=13->23:9;18->22:9,13 14,14,True,False,edge_capacity,11,hold,shield_hold
legacy_offset64_merge32,merge_group,python_faithful_legacy_astar_event_trace,90,13,75:storage_in,75,18,22,47,12509.574170000002,18 22 24 27 28 47,move,python_faithful_legacy_astar,none,none,fault_edges=none|fault_windows=none|node_capacities=none|merge_groups=13->23:9;18->22:9,22,,True,False,merge_group,18,hold,shield_hold
legacy_offset64_merge32,merge_group,python_faithful_legacy_astar_event_trace,91,8,76:storage_in,76,11,13,47,12510.121410000002,11 13 23 24 27 28 47,move,python_faithful_legacy_astar,none,none,fault_edges=none|fault_windows=none|node_capacities=none|merge_groups=13->23:9;18->22:9,13 14,14,True,False,edge_capacity,11,hold,shield_hold
legacy_offset64_merge32,merge_group,python_faithful_legacy_astar_event_trace,95,9,76:storage_in,76,11,13,47,12511.121410000002,11 13 23 24 27 28 47,move,python_faithful_legacy_astar,none,none,fault_edges=none|fault_windows=none|node_capacities=none|merge_groups=13->23:9;18->22:9,13 14,14,True,False,edge_capacity,11,hold,shield_hold
legacy_offset64_merge32,merge_group,python_faithful_legacy_astar_event_trace,96,10,76:storage_in,76,11,13,47,12512.121410000002,11 13 23 24 27 28 47,move,python_faithful_legacy_astar,none,none,fault_edges=none|fault_windows=none|node_capacities=none|merge_groups=13->23:9;18->22:9,13 14,14,True,False,edge_capacity,11,hold,shield_hold
legacy_offset64_merge32,merge_group,python_faithful_legacy_astar_event_trace,97,8,67:storage_in,67,27,28,47,12512.787820000003,27 28 47,move,python_faithful_legacy_astar,none,none,fault_edges=none|fault_windows=none|node_capacities=none|merge_groups=13->23:9;18->22:9,28 45,,True,False,edge_capacity,27,hold,shield_hold
legacy_offset64_merge32,merge_group,python_faithful_legacy_astar_event_trace,98,11,76:storage_in,76,11,13,47,12513.121410000002,11 13 23 24 27 28 47,move,python_faithful_legacy_astar,none,none,fault_edges=none|fault_windows=none|node_capacities=none|merge_groups=13->23:9;18->22:9,13 14,14,True,False,edge_capacity,11,hold,shield_hold
legacy_offset64_merge32,merge_group,python_faithful_legacy_astar_event_trace,100,9,67:storage_in,67,27,28,47,12513.787820000003,27 28 47,move,python_faithful_legacy_astar,none,none,fault_edges=none|fault_windows=none|node_capacities=none|merge_groups=13->23:9;18->22:9,28 45,,True,False,edge_capacity,27,hold,shield_hold
legacy_offset64_merge32,merge_group,python_faithful_legacy_astar_event_trace,101,12,76:storage_in,76,11,13,47,12514.121410000002,11 13 23 24 27 28 47,move,python_faithful_legacy_astar,none,none,fault_edges=none|fault_windows=none|node_capacities=none|merge_groups=13->23:9;18->22:9,13 14,14,True,False,edge_capacity,11,hold,shield_hold
legacy_offset64_merge32,merge_group,python_faithful_legacy_astar_event_trace,102,10,67:storage_in,67,27,28,47,12514.787820000003,27 28 47,move,python_faithful_legacy_astar,none,none,fault_edges=none|fault_windows=none|node_capacities=none|merge_groups=13->23:9;18->22:9,28 45,,True,False,edge_capacity,,none,mark_unplanned
legacy_offset64_merge32,merge_group,python_faithful_legacy_astar_event_trace,104,6,74:storage_in,74,13,23,47,12515.23982,13 23 24 27 28 47,move,python_faithful_legacy_astar,none,none,fault_edges=none|fault_windows=none|node_capacities=none|merge_groups=13->23:9;18->22:9,23,,True,False,merge_group,13,hold,shield_hold
legacy_offset64_merge32,merge_group,python_faithful_legacy_astar_event_trace,106,7,72:storage_in,72,27,28,47,12516.204480000002,27 28 47,move,python_faithful_legacy_astar,none,none,fault_edges=none|fault_windows=none|node_capacities=none|merge_groups=13->23:9;18->22:9,28 45,,True,False,edge_capacity,27,hold,shield_hold
legacy_offset64_merge32,merge_group,python_faithful_legacy_astar_event_trace,107,7,74:storage_in,74,13,23,47,12516.23982,13 23 24 27 28 47,move,python_faithful_legacy_astar,none,none,fault_edges=none|fault_windows=none|node_capacities=none|merge_groups=13->23:9;18->22:9,23,,True,False,merge_group,13,hold,shield_hold
legacy_offset64_merge32,merge_group,python_faithful_legacy_astar_event_trace,108,8,72:storage_in,72,27,28,47,12517.204480000002,27 28 47,move,python_faithful_legacy_astar,none,none,fault_edges=none|fault_windows=none|node_capacities=none|merge_groups=13->23:9;18->22:9,28 45,,True,False,edge_capacity,,none,mark_unplanned
legacy_offset64_merge32,merge_group,python_faithful_legacy_astar_event_trace,109,8,74:storage_in,74,13,23,47,12517.23982,13 23 24 27 28 47,move,python_faithful_legacy_astar,none,none,fault_edges=none|fault_windows=none|node_capacities=none|merge_groups=13->23:9;18->22:9,23,,True,False,merge_group,13,hold,shield_hold
legacy_offset64_merge32,merge_group,python_faithful_legacy_astar_event_trace,110,9,74:storage_in,74,13,23,47,12518.23982,13 23 24 27 28 47,move,python_faithful_legacy_astar,none,none,fault_edges=none|fault_windows=none|node_capacities=none|merge_groups=13->23:9;18->22:9,23,,True,False,merge_group,13,hold,shield_hold
legacy_offset64_merge32,merge_group,python_faithful_legacy_astar_event_trace,118,13,74:storage_in,74,27,28,47,12528.639820000002,27 28 47,move,python_faithful_legacy_astar,none,none,fault_edges=none|fault_windows=none|node_capacities=none|merge_groups=13->23:9;18->22:9,28 45,,True,False,edge_capacity,27,hold,shield_hold
legacy_offset64_merge32,merge_group,python_faithful_legacy_astar_event_trace,123,17,75:storage_in,75,27,28,47,12533.974170000001,27 28 47,move,python_faithful_legacy_astar,none,none,fault_edges=none|fault_windows=none|node_capacities=none|merge_groups=13->23:9;18->22:9,28 45,,True,False,edge_capacity,27,hold,shield_hold
legacy_offset64_merge32,merge_group,python_faithful_legacy_astar_event_trace,125,18,75:storage_in,75,27,28,47,12534.974170000001,27 28 47,move,python_faithful_legacy_astar,none,none,fault_edges=none|fault_windows=none|node_capacities=none|merge_groups=13->23:9;18->22:9,28 45,,True,False,edge_capacity,,none,mark_unplanned
legacy_offset64_merge32,merge_group,python_faithful_legacy_astar_event_trace,126,17,76:storage_in,76,27,28,47,12536.721410000004,27 28 47,move,python_faithful_legacy_astar,none,none,fault_edges=none|fault_windows=none|node_capacities=none|merge_groups=13->23:9;18->22:9,28 45,,True,False,edge_capacity,27,hold,shield_hold
legacy_offset64_merge32,merge_group,python_faithful_legacy_astar_event_trace,127,18,76:storage_in,76,27,28,47,12537.721410000004,27 28 47,move,python_faithful_legacy_astar,none,none,fault_edges=none|fault_windows=none|node_capacities=none|merge_groups=13->23:9;18->22:9,28 45,,True,False,edge_capacity,27,hold,shield_hold
legacy_offset64_merge32,merge_group,python_faithful_legacy_astar_event_trace,128,19,76:storage_in,76,27,28,47,12538.721410000004,27 28 47,move,python_faithful_legacy_astar,none,none,fault_edges=none|fault_windows=none|node_capacities=none|merge_groups=13->23:9;18->22:9,28 45,,True,False,edge_capacity,27,hold,shield_hold
legacy_offset64_merge32,merge_group,python_faithful_legacy_astar_event_trace,129,20,76:storage_in,76,27,28,47,12539.721410000004,27 28 47,move,python_faithful_legacy_astar,none,none,fault_edges=none|fault_windows=none|node_capacities=none|merge_groups=13->23:9;18->22:9,28 45,,True,False,edge_capacity,27,hold,shield_hold
legacy_offset64_merge32,merge_group,python_faithful_legacy_astar_event_trace,153,3,81:storage_in,81,18,22,47,13058.24528,18 22 24 27 28 47,move,python_faithful_legacy_astar,none,none,fault_edges=none|fault_windows=none|node_capacities=none|merge_groups=13->23:9;18->22:9,22,,True,False,edge_capacity+merge_group,18,hold,shield_hold
legacy_offset64_merge32,merge_group,python_faithful_legacy_astar_event_trace,155,4,81:storage_in,81,18,22,47,13059.24528,18 22 24 27 28 47,move,python_faithful_legacy_astar,none,none,fault_edges=none|fault_windows=none|node_capacities=none|merge_groups=13->23:9;18->22:9,22,,True,False,edge_capacity+merge_group,18,hold,shield_hold
legacy_offset64_merge32,merge_group,python_faithful_legacy_astar_event_trace,156,1,84:storage_in,84,4,17,47,13059.8454,4 17 18 22 24 27 28 47,move,python_faithful_legacy_astar,none,none,fault_edges=none|fault_windows=none|node_capacities=none|merge_groups=13->23:9;18->22:9,17,,True,False,edge_capacity,4,hold,shield_hold
legacy_offset64_merge32,merge_group,python_faithful_legacy_astar_event_trace,159,5,81:storage_in,81,18,22,47,13060.24528,18 22 24 27 28 47,move,python_faithful_legacy_astar,none,none,fault_edges=none|fault_windows=none|node_capacities=none|merge_groups=13->23:9;18->22:9,22,,True,False,edge_capacity+merge_group,18,hold,shield_hold
legacy_offset64_merge32,merge_group,python_faithful_legacy_astar_event_trace,160,2,84:storage_in,84,4,,47,13060.8454,,no_path,python_faithful_legacy_astar_no_path,none,none,fault_edges=none|fault_windows=none|node_capacities=none|merge_groups=13->23:9;18->22:9,17,,False,False,legacy_astar_no_path,4,hold,shield_hold
legacy_offset64_merge32,merge_group,python_faithful_legacy_astar_event_trace,161,6,81:storage_in,81,18,22,47,13061.24528,18 22 24 27 28 47,move,python_faithful_legacy_astar,none,none,fault_edges=none|fault_windows=none|node_capacities=none|merge_groups=13->23:9;18->22:9,22,,True,False,edge_capacity+merge_group,18,hold,shield_hold
legacy_offset64_merge32,merge_group,python_faithful_legacy_astar_event_trace,164,7,81:storage_in,81,18,22,47,13062.24528,18 22 24 27 28 47,move,python_faithful_legacy_astar,none,none,fault_edges=none|fault_windows=none|node_capacities=none|merge_groups=13->23:9;18->22:9,22,,True,False,edge_capacity+merge_group,18,hold,shield_hold
legacy_offset64_merge32,merge_group,python_faithful_legacy_astar_event_trace,167,8,81:storage_in,81,18,22,47,13063.24528,18 22 24 27 28 47,move,python_faithful_legacy_astar,none,none,fault_edges=none|fault_windows=none|node_capacities=none|merge_groups=13->23:9;18->22:9,22,,True,False,edge_capacity+merge_group,,none,mark_unplanned
legacy_offset64_merge32,merge_group,python_faithful_legacy_astar_event_trace,168,3,82:storage_in,82,18,22,47,13064.259440000002,18 22 24 27 28 47,move,python_faithful_legacy_astar,none,none,fault_edges=none|fault_windows=none|node_capacities=none|merge_groups=13->23:9;18->22:9,22,,True,False,edge_capacity+merge_group,18,hold,shield_hold
legacy_offset64_merge32,merge_group,python_faithful_legacy_astar_event_trace,177,4,84:storage_in,84,17,,47,13066.4454,,no_path,python_faithful_legacy_astar_no_path,none,none,fault_edges=none|fault_windows=none|node_capacities=none|merge_groups=13->23:9;18->22:9,18,,False,False,legacy_astar_no_path,17,hold,shield_hold
legacy_offset64_merge32,merge_group,python_faithful_legacy_astar_event_trace,178,4,83:storage_in,83,18,22,47,13067.088280000002,18 22 24 27 28 47,move,python_faithful_legacy_astar,none,none,fault_edges=none|fault_windows=none|node_capacities=none|merge_groups=13->23:9;18->22:9,22,,True,False,edge_capacity+merge_group,,none,mark_unplanned
legacy_offset64_merge32,merge_group,python_faithful_legacy_astar_event_trace,181,1,89:storage_in,89,4,,47,13067.84538,,no_path,python_faithful_legacy_astar_no_path,none,none,fault_edges=none|fault_windows=none|node_capacities=none|merge_groups=13->23:9;18->22:9,17,,False,False,legacy_astar_no_path,4,hold,shield_hold
legacy_offset64_merge32,merge_group,python_faithful_legacy_astar_event_trace,185,3,86:storage_in,86,18,22,47,13068.91217,18 22 24 27 28 47,move,python_faithful_legacy_astar,none,none,fault_edges=none|fault_windows=none|node_capacities=none|merge_groups=13->23:9;18->22:9,22,,True,False,edge_capacity+merge_group,,none,mark_unplanned
legacy_offset64_merge32,merge_group,python_faithful_legacy_astar_event_trace,186,1,91:storage_in,91,4,,47,13069.4367,,no_path,python_faithful_legacy_astar_no_path,none,none,fault_edges=none|fault_windows=none|node_capacities=none|merge_groups=13->23:9;18->22:9,17,,False,False,legacy_astar_no_path,4,hold,shield_hold
legacy_offset64_merge32,merge_group,python_faithful_legacy_astar_event_trace,188,6,84:storage_in,84,18,22,47,13070.0454,18 22 24 27 28 47,move,python_faithful_legacy_astar,none,none,fault_edges=none|fault_windows=none|node_capacities=none|merge_groups=13->23:9;18->22:9,22,,True,False,edge_capacity+merge_group,18,hold,shield_hold
legacy_offset64_merge32,merge_group,python_faithful_legacy_astar_event_trace,189,4,80:storage_in,80,13,,47,13070.361780000001,,no_path,python_faithful_legacy_astar_no_path,none,none,fault_edges=none|fault_windows=none|node_capacities=none|merge_groups=13->23:9;18->22:9,23,,False,False,legacy_astar_no_path,13,hold,shield_hold
legacy_offset64_merge32,merge_group,python_faithful_legacy_astar_event_trace,190,2,91:storage_in,91,4,17,47,13070.4367,4 17 18 22 24 27 28 47,move,python_faithful_legacy_astar,none,none,fault_edges=none|fault_windows=none|node_capacities=none|merge_groups=13->23:9;18->22:9,17,,True,False,edge_capacity,4,hold,shield_hold
legacy_offset64_merge32,merge_group,python_faithful_legacy_astar_event_trace,191,7,84:storage_in,84,18,22,47,13071.0454,18 22 24 27 28 47,move,python_faithful_legacy_astar,none,none,fault_edges=none|fault_windows=none|node_capacities=none|merge_groups=13->23:9;18->22:9,22,,True,False,edge_capacity+merge_group,18,hold,shield_hold
legacy_offset64_merge32,merge_group,python_faithful_legacy_astar_event_trace,192,5,80:storage_in,80,13,,47,13071.361780000001,,no_path,python_faithful_legacy_astar_no_path,none,none,fault_edges=none|fault_windows=none|node_capacities=none|merge_groups=13->23:9;18->22:9,23,,False,False,legacy_astar_no_path,13,hold,shield_hold
legacy_offset64_merge32,merge_group,python_faithful_legacy_astar_event_trace,193,3,91:storage_in,91,4,17,47,13071.4367,4 17 18 22 24 27 28 47,move,python_faithful_legacy_astar,none,none,fault_edges=none|fault_windows=none|node_capacities=none|merge_groups=13->23:9;18->22:9,17,,True,False,edge_capacity,4,hold,shield_hold
legacy_offset64_merge32,merge_group,python_faithful_legacy_astar_event_trace,195,8,84:storage_in,84,18,22,47,13072.0454,18 22 24 27 28 47,move,python_faithful_legacy_astar,none,none,fault_edges=none|fault_windows=none|node_capacities=none|merge_groups=13->23:9;18->22:9,22,,True,False,edge_capacity+merge_group,18,hold,shield_hold
legacy_offset64_merge32,merge_group,python_faithful_legacy_astar_event_trace,197,6,80:storage_in,80,13,23,47,13072.361780000001,13 23 24 27 28 47,move,python_faithful_legacy_astar,none,none,fault_edges=none|fault_windows=none|node_capacities=none|merge_groups=13->23:9;18->22:9,23,,True,False,merge_group,13,hold,shield_hold
legacy_offset64_merge32,merge_group,python_faithful_legacy_astar_event_trace,199,4,91:storage_in,91,4,17,47,13072.4367,4 17 18 22 24 27 28 47,move,python_faithful_legacy_astar,none,none,fault_edges=none|fault_windows=none|node_capacities=none|merge_groups=13->23:9;18->22:9,17,,True,False,edge_capacity,4,hold,shield_hold
legacy_offset64_merge32,merge_group,python_faithful_legacy_astar_event_trace,200,4,85:storage_in,85,11,13,47,13072.70649,11 13 23 24 27 28 47,move,python_faithful_legacy_astar,none,none,fault_edges=none|fault_windows=none|node_capacities=none|merge_groups=13->23:9;18->22:9,13 14,14,True,False,edge_capacity,11,hold,shield_hold
legacy_offset64_merge32,merge_group,python_faithful_legacy_astar_event_trace,201,9,84:storage_in,84,18,22,47,13073.0454,18 22 24 27 28 47,move,python_faithful_legacy_astar,none,none,fault_edges=none|fault_windows=none|node_capacities=none|merge_groups=13->23:9;18->22:9,22,,True,False,edge_capacity+merge_group,,none,mark_unplanned
legacy_offset64_merge32,merge_group,python_faithful_legacy_astar_event_trace,202,7,80:storage_in,80,13,23,47,13073.361780000001,13 23 24 27 28 47,move,python_faithful_legacy_astar,none,none,fault_edges=none|fault_windows=none|node_capacities=none|merge_groups=13->23:9;18->22:9,23,,True,False,merge_group,,none,mark_unplanned
legacy_offset64_merge32,merge_group,python_faithful_legacy_astar_event_trace,204,3,89:storage_in,89,17,18,47,13073.445380000001,17 18 22 24 27 28 47,move,python_faithful_legacy_astar,none,none,fault_edges=none|fault_windows=none|node_capacities=none|merge_groups=13->23:9;18->22:9,18,,True,False,edge_capacity,17,hold,shield_hold
legacy_offset64_merge32,merge_group,python_faithful_legacy_astar_event_trace,205,5,85:storage_in,85,11,13,47,13073.70649,11 13 23 24 27 28 47,move,python_faithful_legacy_astar,none,none,fault_edges=none|fault_windows=none|node_capacities=none|merge_groups=13->23:9;18->22:9,13 14,14,True,False,edge_capacity,11,hold,shield_hold
legacy_offset64_merge32,merge_group,python_faithful_legacy_astar_event_trace,208,5,82:storage_in,82,22,24,47,13074.659440000001,22 24 27 28 47,move,python_faithful_legacy_astar,none,none,fault_edges=none|fault_windows=none|node_capacities=none|merge_groups=13->23:9;18->22:9,24 26,26,True,False,edge_capacity,22,hold,shield_hold
legacy_offset64_merge32,merge_group,python_faithful_legacy_astar_event_trace,211,6,78:storage_in,78,13,23,47,13075.04994,13 23 24 27 28 47,move,python_faithful_legacy_astar,none,none,fault_edges=none|fault_windows=none|node_capacities=none|merge_groups=13->23:9;18->22:9,23,,True,False,merge_group,13,hold,shield_hold
legacy_offset64_merge32,merge_group,python_faithful_legacy_astar_event_trace,212,6,82:storage_in,82,22,24,47,13075.659440000001,22 24 27 28 47,move,python_faithful_legacy_astar,none,none,fault_edges=none|fault_windows=none|node_capacities=none|merge_groups=13->23:9;18->22:9,24 26,26,True,False,edge_capacity,22,hold,shield_hold
legacy_offset64_merge32,merge_group,python_faithful_legacy_astar_event_trace,214,7,78:storage_in,78,13,23,47,13076.04994,13 23 24 27 28 47,move,python_faithful_legacy_astar,none,none,fault_edges=none|fault_windows=none|node_capacities=none|merge_groups=13->23:9;18->22:9,23,,True,False,merge_group,13,hold,shield_hold
legacy_offset64_merge32,merge_group,python_faithful_legacy_astar_event_trace,217,5,89:storage_in,89,18,22,47,13077.045380000001,18 22 24 27 28 47,move,python_faithful_legacy_astar,none,none,fault_edges=none|fault_windows=none|node_capacities=none|merge_groups=13->23:9;18->22:9,22,,True,False,edge_capacity+merge_group,18,hold,shield_hold
legacy_offset64_merge32,merge_group,python_faithful_legacy_astar_event_trace,218,8,78:storage_in,78,13,23,47,13077.04994,13 23 24 27 28 47,move,python_faithful_legacy_astar,none,none,fault_edges=none|fault_windows=none|node_capacities=none|merge_groups=13->23:9;18->22:9,23,,True,False,merge_group,13,hold,shield_hold
legacy_offset64_merge32,merge_group,python_faithful_legacy_astar_event_trace,223,6,89:storage_in,89,18,22,47,13078.045380000001,18 22 24 27 28 47,move,python_faithful_legacy_astar,none,none,fault_edges=none|fault_windows=none|node_capacities=none|merge_groups=13->23:9;18->22:9,22,,True,False,edge_capacity+merge_group,18,hold,shield_hold
legacy_offset64_merge32,merge_group,python_faithful_legacy_astar_event_trace,224,9,78:storage_in,78,13,23,47,13078.04994,13 23 24 27 28 47,move,python_faithful_legacy_astar,none,none,fault_edges=none|fault_windows=none|node_capacities=none|merge_groups=13->23:9;18->22:9,23,,True,False,merge_group,13,hold,shield_hold
legacy_offset64_merge32,merge_group,python_faithful_legacy_astar_event_trace,226,7,89:storage_in,89,18,22,47,13079.045380000001,18 22 24 27 28 47,move,python_faithful_legacy_astar,none,none,fault_edges=none|fault_windows=none|node_capacities=none|merge_groups=13->23:9;18->22:9,22,,True,False,edge_capacity+merge_group,,none,mark_unplanned
legacy_offset64_merge32,merge_group,python_faithful_legacy_astar_event_trace,227,10,78:storage_in,78,13,23,47,13079.04994,13 23 24 27 28 47,move,python_faithful_legacy_astar,none,none,fault_edges=none|fault_windows=none|node_capacities=none|merge_groups=13->23:9;18->22:9,23,,True,False,merge_group,13,hold,shield_hold
legacy_offset64_merge32,merge_group,python_faithful_legacy_astar_event_trace,231,11,78:storage_in,78,13,23,47,13080.04994,13 23 24 27 28 47,move,python_faithful_legacy_astar,none,none,fault_edges=none|fault_windows=none|node_capacities=none|merge_groups=13->23:9;18->22:9,23,,True,False,merge_group,13,hold,shield_hold
legacy_offset64_merge32,merge_group,python_faithful_legacy_astar_event_trace,233,7,91:storage_in,91,18,22,47,13080.636700000001,18 22 24 27 28 47,move,python_faithful_legacy_astar,none,none,fault_edges=none|fault_windows=none|node_capacities=none|merge_groups=13->23:9;18->22:9,22,,True,False,edge_capacity+merge_group,18,hold,shield_hold
legacy_offset64_merge32,merge_group,python_faithful_legacy_astar_event_trace,234,5,88:storage_in,88,11,13,47,13080.63983,11 13 23 24 27 28 47,move,python_faithful_legacy_astar,none,none,fault_edges=none|fault_windows=none|node_capacities=none|merge_groups=13->23:9;18->22:9,13 14,14,True,False,edge_capacity,11,hold,shield_hold
legacy_offset64_merge32,merge_group,python_faithful_legacy_astar_event_trace,235,12,78:storage_in,78,13,,47,13081.04994,,no_path,python_faithful_legacy_astar_no_path,none,none,fault_edges=none|fault_windows=none|node_capacities=none|merge_groups=13->23:9;18->22:9,23,,False,False,legacy_astar_no_path,13,hold,shield_hold
legacy_offset64_merge32,merge_group,python_faithful_legacy_astar_event_trace,236,8,91:storage_in,91,18,22,47,13081.636700000001,18 22 24 27 28 47,move,python_faithful_legacy_astar,none,none,fault_edges=none|fault_windows=none|node_capacities=none|merge_groups=13->23:9;18->22:9,22,,True,False,edge_capacity+merge_group,18,hold,shield_hold
legacy_offset64_merge32,merge_group,python_faithful_legacy_astar_event_trace,237,6,88:storage_in,88,11,13,47,13081.63983,11 13 23 24 27 28 47,move,python_faithful_legacy_astar,none,none,fault_edges=none|fault_windows=none|node_capacities=none|merge_groups=13->23:9;18->22:9,13 14,14,True,False,edge_capacity,11,hold,shield_hold
legacy_offset64_merge32,merge_group,python_faithful_legacy_astar_event_trace,238,13,78:storage_in,78,13,,47,13082.04994,,no_path,python_faithful_legacy_astar_no_path,none,none,fault_edges=none|fault_windows=none|node_capacities=none|merge_groups=13->23:9;18->22:9,23,,False,False,legacy_astar_no_path,13,hold,shield_hold
legacy_offset64_merge32,merge_group,python_faithful_legacy_astar_event_trace,239,9,91:storage_in,91,18,22,47,13082.636700000001,18 22 24 27 28 47,move,python_faithful_legacy_astar,none,none,fault_edges=none|fault_windows=none|node_capacities=none|merge_groups=13->23:9;18->22:9,22,,True,False,edge_capacity+merge_group,,none,mark_unplanned
legacy_offset64_merge32,merge_group,python_faithful_legacy_astar_event_trace,240,7,88:storage_in,88,11,13,47,13082.63983,11 13 23 24 27 28 47,move,python_faithful_legacy_astar,none,none,fault_edges=none|fault_windows=none|node_capacities=none|merge_groups=13->23:9;18->22:9,13 14,14,True,False,edge_capacity,,none,mark_unplanned
legacy_offset64_merge32,merge_group,python_faithful_legacy_astar_event_trace,242,14,78:storage_in,78,13,23,47,13083.04994,13 23 24 27 28 47,move,python_faithful_legacy_astar,none,none,fault_edges=none|fault_windows=none|node_capacities=none|merge_groups=13->23:9;18->22:9,23,,True,False,merge_group,13,hold,shield_hold
legacy_offset64_merge32,merge_group,python_faithful_legacy_astar_event_trace,245,15,78:storage_in,78,13,23,47,13084.04994,13 23 24 27 28 47,move,python_faithful_legacy_astar,none,none,fault_edges=none|fault_windows=none|node_capacities=none|merge_groups=13->23:9;18->22:9,23,,True,False,merge_group,13,hold,shield_hold
legacy_offset64_merge32,merge_group,python_faithful_legacy_astar_event_trace,246,4,92:storage_in,92,11,13,47,13084.09516,11 13 23 24 27 28 47,move,python_faithful_legacy_astar,none,none,fault_edges=none|fault_windows=none|node_capacities=none|merge_groups=13->23:9;18->22:9,13 14,14,True,False,edge_capacity,11,hold,shield_hold
legacy_offset64_merge32,merge_group,python_faithful_legacy_astar_event_trace,248,5,87:storage_in,87,22,24,47,13084.378690000001,22 24 27 28 47,move,python_faithful_legacy_astar,none,none,fault_edges=none|fault_windows=none|node_capacities=none|merge_groups=13->23:9;18->22:9,24 26,26,True,False,edge_capacity,22,hold,shield_hold
legacy_offset64_merge32,merge_group,python_faithful_legacy_astar_event_trace,249,16,78:storage_in,78,13,23,47,13085.04994,13 23 24 27 28 47,move,python_faithful_legacy_astar,none,none,fault_edges=none|fault_windows=none|node_capacities=none|merge_groups=13->23:9;18->22:9,23,,True,False,merge_group,,none,mark_unplanned
legacy_offset64_merge32,merge_group,python_faithful_legacy_astar_event_trace,250,5,92:storage_in,92,11,13,47,13085.09516,11 13 23 24 27 28 47,move,python_faithful_legacy_astar,none,none,fault_edges=none|fault_windows=none|node_capacities=none|merge_groups=13->23:9;18->22:9,13 14,14,True,False,edge_capacity,11,hold,shield_hold
legacy_offset64_merge32,merge_group,python_faithful_legacy_astar_event_trace,251,6,87:storage_in,87,22,24,47,13085.378690000001,22 24 27 28 47,move,python_faithful_legacy_astar,none,none,fault_edges=none|fault_windows=none|node_capacities=none|merge_groups=13->23:9;18->22:9,24 26,26,True,False,edge_capacity,22,hold,shield_hold
legacy_offset64_merge32,merge_group,python_faithful_legacy_astar_event_trace,253,7,87:storage_in,87,22,24,47,13086.378690000001,22 24 27 28 47,move,python_faithful_legacy_astar,none,none,fault_edges=none|fault_windows=none|node_capacities=none|merge_groups=13->23:9;18->22:9,24 26,26,True,False,edge_capacity,22,hold,shield_hold
legacy_offset64_merge32,merge_group,python_faithful_legacy_astar_event_trace,254,7,85:storage_in,85,13,23,47,13086.906490000001,13 23 24 27 28 47,move,python_faithful_legacy_astar,none,none,fault_edges=none|fault_windows=none|node_capacities=none|merge_groups=13->23:9;18->22:9,23,,True,False,merge_group,,none,mark_unplanned
legacy_offset64_merge32,merge_group,python_faithful_legacy_astar_event_trace,258,4,90:storage_in,90,13,23,47,13088.13782,13 23 24 27 28 47,move,python_faithful_legacy_astar,none,none,fault_edges=none|fault_windows=none|node_capacities=none|merge_groups=13->23:9;18->22:9,23,,True,False,merge_group,13,hold,shield_hold
legacy_offset64_merge32,merge_group,python_faithful_legacy_astar_event_trace,259,5,90:storage_in,90,13,23,47,13089.13782,13 23 24 27 28 47,move,python_faithful_legacy_astar,none,none,fault_edges=none|fault_windows=none|node_capacities=none|merge_groups=13->23:9;18->22:9,23,,True,False,merge_group,13,hold,shield_hold
legacy_offset64_merge32,merge_group,python_faithful_legacy_astar_event_trace,260,6,90:storage_in,90,13,23,47,13090.13782,13 23 24 27 28 47,move,python_faithful_legacy_astar,none,none,fault_edges=none|fault_windows=none|node_capacities=none|merge_groups=13->23:9;18->22:9,23,,True,False,merge_group,13,hold,shield_hold
legacy_offset64_merge32,merge_group,python_faithful_legacy_astar_event_trace,261,9,82:storage_in,82,27,28,47,13090.659440000001,27 28 47,move,python_faithful_legacy_astar,none,none,fault_edges=none|fault_windows=none|node_capacities=none|merge_groups=13->23:9;18->22:9,28 45,,True,False,edge_capacity,27,hold,shield_hold
legacy_offset64_merge32,merge_group,python_faithful_legacy_astar_event_trace,262,5,93:storage_in,93,11,13,47,13091.12116,11 13 23 24 27 28 47,move,python_faithful_legacy_astar,none,none,fault_edges=none|fault_windows=none|node_capacities=none|merge_groups=13->23:9;18->22:9,13 14,14,True,False,edge_capacity,11,hold,shield_hold
legacy_offset64_merge32,merge_group,python_faithful_legacy_astar_event_trace,263,7,90:storage_in,90,13,,47,13091.13782,,no_path,python_faithful_legacy_astar_no_path,none,none,fault_edges=none|fault_windows=none|node_capacities=none|merge_groups=13->23:9;18->22:9,23,,False,False,legacy_astar_no_path,13,hold,shield_hold
legacy_offset64_merge32,merge_group,python_faithful_legacy_astar_event_trace,266,6,93:storage_in,93,11,13,47,13092.12116,11 13 23 24 27 28 47,move,python_faithful_legacy_astar,none,none,fault_edges=none|fault_windows=none|node_capacities=none|merge_groups=13->23:9;18->22:9,13 14,14,True,False,edge_capacity,11,hold,shield_hold
legacy_offset64_merge32,merge_group,python_faithful_legacy_astar_event_trace,267,8,90:storage_in,90,13,,47,13092.13782,,no_path,python_faithful_legacy_astar_no_path,none,none,fault_edges=none|fault_windows=none|node_capacities=none|merge_groups=13->23:9;18->22:9,23,,False,False,legacy_astar_no_path,13,hold,shield_hold
legacy_offset64_merge32,merge_group,python_faithful_legacy_astar_event_trace,268,7,93:storage_in,93,11,13,47,13093.12116,11 13 23 24 27 28 47,move,python_faithful_legacy_astar,none,none,fault_edges=none|fault_windows=none|node_capacities=none|merge_groups=13->23:9;18->22:9,13 14,14,True,False,edge_capacity,11,hold,shield_hold
legacy_offset64_merge32,merge_group,python_faithful_legacy_astar_event_trace,270,4,94:storage_in,94,22,24,47,13093.24086,22 24 27 28 47,move,python_faithful_legacy_astar,none,none,fault_edges=none|fault_windows=none|node_capacities=none|merge_groups=13->23:9;18->22:9,24 26,26,True,False,edge_capacity,22,hold,shield_hold
legacy_offset64_merge32,merge_group,python_faithful_legacy_astar_event_trace,271,3,95:storage_in,95,12,,47,13093.80448,,no_path,python_faithful_legacy_astar_no_path,none,none,fault_edges=none|fault_windows=none|node_capacities=none|merge_groups=13->23:9;18->22:9,13,,False,False,legacy_astar_no_path,12,hold,shield_hold
legacy_offset64_merge32,merge_group,python_faithful_legacy_astar_event_trace,272,8,93:storage_in,93,11,13,47,13094.12116,11 13 23 24 27 28 47,move,python_faithful_legacy_astar,none,none,fault_edges=none|fault_windows=none|node_capacities=none|merge_groups=13->23:9;18->22:9,13 14,14,True,False,edge_capacity,11,hold,shield_hold
legacy_offset64_merge32,merge_group,python_faithful_legacy_astar_event_trace,273,5,94:storage_in,94,22,24,47,13094.24086,22 24 27 28 47,move,python_faithful_legacy_astar,none,none,fault_edges=none|fault_windows=none|node_capacities=none|merge_groups=13->23:9;18->22:9,24 26,26,True,False,edge_capacity,22,hold,shield_hold
legacy_offset64_merge32,merge_group,python_faithful_legacy_astar_event_trace,275,9,93:storage_in,93,11,13,47,13095.12116,11 13 23 24 27 28 47,move,python_faithful_legacy_astar,none,none,fault_edges=none|fault_windows=none|node_capacities=none|merge_groups=13->23:9;18->22:9,13 14,14,True,False,edge_capacity,11,hold,shield_hold
legacy_offset64_merge32,merge_group,python_faithful_legacy_astar_event_trace,276,6,94:storage_in,94,22,24,47,13095.24086,22 24 27 28 47,move,python_faithful_legacy_astar,none,none,fault_edges=none|fault_windows=none|node_capacities=none|merge_groups=13->23:9;18->22:9,24 26,26,True,False,edge_capacity,22,hold,shield_hold
legacy_offset64_merge32,merge_group,python_faithful_legacy_astar_event_trace,277,10,93:storage_in,93,11,13,47,13096.12116,11 13 23 24 27 28 47,move,python_faithful_legacy_astar,none,none,fault_edges=none|fault_windows=none|node_capacities=none|merge_groups=13->23:9;18->22:9,13 14,14,True,False,edge_capacity,11,hold,shield_hold
legacy_offset64_merge32,merge_group,python_faithful_legacy_astar_event_trace,278,7,94:storage_in,94,22,24,47,13096.24086,22 24 27 28 47,move,python_faithful_legacy_astar,none,none,fault_edges=none|fault_windows=none|node_capacities=none|merge_groups=13->23:9;18->22:9,24 26,26,True,False,edge_capacity,22,hold,shield_hold
legacy_offset64_merge32,merge_group,python_faithful_legacy_astar_event_trace,279,11,93:storage_in,93,11,13,47,13097.12116,11 13 23 24 27 28 47,move,python_faithful_legacy_astar,none,none,fault_edges=none|fault_windows=none|node_capacities=none|merge_groups=13->23:9;18->22:9,13 14,14,True,False,edge_capacity,11,hold,shield_hold
legacy_offset64_merge32,merge_group,python_faithful_legacy_astar_event_trace,280,8,94:storage_in,94,22,24,47,13097.24086,22 24 27 28 47,move,python_faithful_legacy_astar,none,none,fault_edges=none|fault_windows=none|node_capacities=none|merge_groups=13->23:9;18->22:9,24 26,26,True,False,edge_capacity,22,hold,shield_hold
legacy_offset64_merge32,merge_group,python_faithful_legacy_astar_event_trace,286,5,95:storage_in,95,13,23,47,13099.80448,13 23 24 27 28 47,move,python_faithful_legacy_astar,none,none,fault_edges=none|fault_windows=none|node_capacities=none|merge_groups=13->23:9;18->22:9,23,,True,False,edge_capacity+merge_group,13,hold,shield_hold
legacy_offset64_merge32,merge_group,python_faithful_legacy_astar_event_trace,287,11,90:storage_in,90,24,27,47,13099.937820000001,24 27 28 47,move,python_faithful_legacy_astar,none,none,fault_edges=none|fault_windows=none|node_capacities=none|merge_groups=13->23:9;18->22:9,27,,True,False,edge_capacity,24,hold,shield_hold
legacy_offset64_merge32,merge_group,python_faithful_legacy_astar_event_trace,288,6,95:storage_in,95,13,23,47,13100.80448,13 23 24 27 28 47,move,python_faithful_legacy_astar,none,none,fault_edges=none|fault_windows=none|node_capacities=none|merge_groups=13->23:9;18->22:9,23,,True,False,edge_capacity+merge_group,13,hold,shield_hold
legacy_offset64_merge32,merge_group,python_faithful_legacy_astar_event_trace,290,10,87:storage_in,87,27,28,47,13101.378690000001,27 28 47,move,python_faithful_legacy_astar,none,none,fault_edges=none|fault_windows=none|node_capacities=none|merge_groups=13->23:9;18->22:9,28 45,,True,False,edge_capacity,27,hold,shield_hold
legacy_offset64_merge32,merge_group,python_faithful_legacy_astar_event_trace,292,11,87:storage_in,87,27,28,47,13102.378690000001,27 28 47,move,python_faithful_legacy_astar,none,none,fault_edges=none|fault_windows=none|node_capacities=none|merge_groups=13->23:9;18->22:9,28 45,,True,False,edge_capacity,,none,mark_unplanned
legacy_offset64_merge32,merge_group,python_faithful_legacy_astar_event_trace,298,10,92:storage_in,92,27,28,47,13107.695160000003,27 28 47,move,python_faithful_legacy_astar,none,none,fault_edges=none|fault_windows=none|node_capacities=none|merge_groups=13->23:9;18->22:9,28 45,,True,False,edge_capacity,27,hold,shield_hold
legacy_offset64_merge32,merge_group,python_faithful_legacy_astar_event_trace,300,11,92:storage_in,92,27,28,47,13108.695160000003,27 28 47,move,python_faithful_legacy_astar,none,none,fault_edges=none|fault_windows=none|node_capacities=none|merge_groups=13->23:9;18->22:9,28 45,,True,False,edge_capacity,27,hold,shield_hold
legacy_offset64_merge32,merge_group,python_faithful_legacy_astar_event_trace,301,10,94:storage_in,94,24,27,47,13109.64086,24 27 28 47,move,python_faithful_legacy_astar,none,none,fault_edges=none|fault_windows=none|node_capacities=none|merge_groups=13->23:9;18->22:9,27,,True,False,edge_capacity,24,hold,shield_hold
legacy_offset64_merge32,merge_group,python_faithful_legacy_astar_event_trace,302,12,92:storage_in,92,27,28,47,13109.695160000003,27 28 47,move,python_faithful_legacy_astar,none,none,fault_edges=none|fault_windows=none|node_capacities=none|merge_groups=13->23:9;18->22:9,28 45,,True,False,edge_capacity,,none,mark_unplanned
legacy_offset64_merge32,merge_group,python_faithful_legacy_astar_event_trace,305,10,95:storage_in,95,27,28,47,13111.204480000002,27 28 47,move,python_faithful_legacy_astar,none,none,fault_edges=none|fault_windows=none|node_capacities=none|merge_groups=13->23:9;18->22:9,28 45,,True,False,edge_capacity,27,hold,shield_hold
legacy_offset64_merge32,merge_group,python_faithful_legacy_astar_event_trace,306,11,95:storage_in,95,27,28,47,13112.204480000002,27 28 47,move,python_faithful_legacy_astar,none,none,fault_edges=none|fault_windows=none|node_capacities=none|merge_groups=13->23:9;18->22:9,28 45,,True,False,edge_capacity,,none,mark_unplanned
legacy_offset64_merge32,merge_group,python_faithful_legacy_astar_event_trace,307,12,94:storage_in,94,27,28,47,13113.24086,27 28 47,move,python_faithful_legacy_astar,none,none,fault_edges=none|fault_windows=none|node_capacities=none|merge_groups=13->23:9;18->22:9,28 45,,True,False,edge_capacity,27,hold,shield_hold
legacy_offset64_merge32,merge_group,python_faithful_legacy_astar_event_trace,308,13,94:storage_in,94,27,28,47,13114.24086,27 28 47,move,python_faithful_legacy_astar,none,none,fault_edges=none|fault_windows=none|node_capacities=none|merge_groups=13->23:9;18->22:9,28 45,,True,False,edge_capacity,27,hold,shield_hold
legacy_offset64_merge32,merge_group,python_faithful_legacy_astar_event_trace,313,16,93:storage_in,93,27,28,47,13119.721160000003,27 28 47,move,python_faithful_legacy_astar,none,none,fault_edges=none|fault_windows=none|node_capacities=none|merge_groups=13->23:9;18->22:9,28 45,,True,False,edge_capacity,27,hold,shield_hold
legacy_offset64_merge32,merge_group,python_faithful_legacy_astar_event_trace,314,17,93:storage_in,93,27,28,47,13120.721160000003,27 28 47,move,python_faithful_legacy_astar,none,none,fault_edges=none|fault_windows=none|node_capacities=none|merge_groups=13->23:9;18->22:9,28 45,,True,False,edge_capacity,27,hold,shield_hold
legacy_offset64_merge32,merge_group,python_faithful_legacy_astar_event_trace,315,18,93:storage_in,93,27,28,47,13121.721160000003,27 28 47,move,python_faithful_legacy_astar,none,none,fault_edges=none|fault_windows=none|node_capacities=none|merge_groups=13->23:9;18->22:9,28 45,,True,False,edge_capacity,27,hold,shield_hold
legacy_offset64_merge32,merge_group,python_faithful_legacy_astar_event_trace,316,19,93:storage_in,93,27,28,47,13122.721160000003,27 28 47,move,python_faithful_legacy_astar,none,none,fault_edges=none|fault_windows=none|node_capacities=none|merge_groups=13->23:9;18->22:9,28 45,,True,False,edge_capacity,27,hold,shield_hold
legacy_offset64_merge32,merge_group,python_faithful_legacy_astar_event_trace,317,20,93:storage_in,93,27,28,47,13123.721160000003,27 28 47,move,python_faithful_legacy_astar,none,none,fault_edges=none|fault_windows=none|node_capacities=none|merge_groups=13->23:9;18->22:9,28 45,,True,False,edge_capacity,27,hold,shield_hold
legacy_offset64_merge32,merge_group,python_faithful_legacy_astar_event_trace,318,21,93:storage_in,93,27,28,47,13124.721160000003,27 28 47,move,python_faithful_legacy_astar,none,none,fault_edges=none|fault_windows=none|node_capacities=none|merge_groups=13->23:9;18->22:9,28 45,,True,False,edge_capacity,27,hold,shield_hold
legacy_offset64_merge32,merge_group,python_faithful_legacy_astar_event_trace,319,22,93:storage_in,93,27,28,47,13125.721160000003,27 28 47,move,python_faithful_legacy_astar,none,none,fault_edges=none|fault_windows=none|node_capacities=none|merge_groups=13->23:9;18->22:9,28 45,,True,False,edge_capacity,27,hold,shield_hold
