scenario,context,replay_variant,variant_mode,diagnostic_ablation,teacher_source,decision_ordinal,task_decision_ordinal,task_index,segment_id,task_id,source_line,current,goal,ready_time,candidate_next_nodes,safe_next_nodes,legacy_route_suffix,legacy_next,label_taxonomy,label_kind,label_next,hold_until_time,hold_duration,earliest_safe_time,earliest_hold_duration,earliest_safe_status,block_reason,block_reason_detail,label_source,post_label_safe,teacher_finish_time,branch_or_linear,fault_state,repair_state,merge_state,buffer_state,executed_kind,executed_next,edge_start,edge_end,node_start,node_end,terminal_reason,reroute_attempted,sipp_repair_attempted,g4a_primary_eligible
legacy_first16,no_fault,reroute_from_current_legacy,reroute,False,python_faithful_legacy_astar_wait_horizon_audit,15,3,2,2:storage_in,2,4,18,47,8882.216299,22,,18 22 24 27 28 47,22,LEGACY_NEXT_TEMPORARILY_BLOCKED,hold,22,8883.216299,1.0,8883.445453,1.2291540000005625,ok,edge_capacity,edge_capacity,shield_hold_after_blocked_legacy_next,True,8921.416298999999,linear,none,none,none,none,hold,18,,,8882.216299,8883.216299,,False,False,False
legacy_first16,no_fault,reroute_from_current_legacy,reroute,False,python_faithful_legacy_astar_wait_horizon_audit,17,4,2,2:storage_in,2,4,18,47,8883.216299,22,,18 22 24 27 28 47,22,LEGACY_NEXT_TEMPORARILY_BLOCKED,hold,22,8884.216299,1.0,8883.445453,0.22915400000056252,ok,edge_capacity,edge_capacity,shield_hold_after_blocked_legacy_next,True,8922.416298999999,linear,none,none,none,none,hold,18,,,8883.216299,8884.216299,,False,False,False
legacy_first16,no_fault,reroute_from_current_legacy,reroute,False,python_faithful_legacy_astar_wait_horizon_audit,21,4,3,3:storage_in,3,5,18,47,8889.800872000002,22,,18 22 24 27 28 47,22,LEGACY_NEXT_TEMPORARILY_BLOCKED,hold,22,8890.800872000002,1.0,8892.616299,2.815426999997726,ok,edge_capacity,edge_capacity,shield_hold_after_blocked_legacy_next,True,8929.000872,linear,none,none,none,none,hold,18,,,8889.800872000002,8890.800872000002,,False,False,False
legacy_first16,no_fault,reroute_from_current_legacy,reroute,False,python_faithful_legacy_astar_wait_horizon_audit,22,5,3,3:storage_in,3,5,18,47,8890.800872000002,22,,18 22 24 27 28 47,22,LEGACY_NEXT_TEMPORARILY_BLOCKED,hold,22,8891.800872000002,1.0,8892.616299,1.815426999997726,ok,edge_capacity,edge_capacity,shield_hold_after_blocked_legacy_next,True,8930.000872,linear,none,none,none,none,hold,18,,,8890.800872000002,8891.800872000002,,False,False,False
legacy_first16,no_fault,reroute_from_current_legacy,reroute,False,python_faithful_legacy_astar_wait_horizon_audit,23,6,3,3:storage_in,3,5,18,47,8891.800872000002,22,,18 22 24 27 28 47,22,LEGACY_NEXT_TEMPORARILY_BLOCKED,hold,22,8892.800872000002,1.0,8892.616299,0.8154269999977259,ok,edge_capacity,edge_capacity,shield_hold_after_blocked_legacy_next,True,8931.000872,linear,none,none,none,none,hold,18,,,8891.800872000002,8892.800872000002,,False,False,False
legacy_first16,no_fault,reroute_from_current_legacy,reroute,False,python_faithful_legacy_astar_wait_horizon_audit,47,3,5,5:storage_in,5,7,18,47,9477.815484,22,,18 22 24 27 28 47,22,LEGACY_NEXT_TEMPORARILY_BLOCKED,hold,22,9478.815484,1.0,9480.682986000002,2.867502000000968,ok,edge_capacity,edge_capacity,shield_hold_after_blocked_legacy_next,True,9517.015484,linear,none,none,none,none,hold,18,,,9477.815484,9478.815484,,False,False,False
legacy_first16,no_fault,reroute_from_current_legacy,reroute,False,python_faithful_legacy_astar_wait_horizon_audit,48,4,5,5:storage_in,5,7,18,47,9478.815484,22,,18 22 24 27 28 47,22,LEGACY_NEXT_TEMPORARILY_BLOCKED,hold,22,9479.815484,1.0,9480.682986000002,1.867502000000968,ok,edge_capacity,edge_capacity,shield_hold_after_blocked_legacy_next,True,9518.015484,linear,none,none,none,none,hold,18,,,9478.815484,9479.815484,,False,False,False
legacy_first16,no_fault,reroute_from_current_legacy,reroute,False,python_faithful_legacy_astar_wait_horizon_audit,49,5,5,5:storage_in,5,7,18,47,9479.815484,22,,18 22 24 27 28 47,22,LEGACY_NEXT_TEMPORARILY_BLOCKED,hold,22,9480.815484,1.0,9480.682986000002,0.8675020000009681,ok,edge_capacity,edge_capacity,shield_hold_after_blocked_legacy_next,True,9519.015484,linear,none,none,none,none,hold,18,,,9479.815484,9480.815484,,False,False,False
legacy_first16,no_fault,reroute_from_current_legacy,reroute,False,python_faithful_legacy_astar_wait_horizon_audit,83,3,10,10:storage_in,10,12,18,47,10094.37294,22,,18 22 24 27 28 47,22,LEGACY_NEXT_TEMPORARILY_BLOCKED,hold,22,10095.37294,1.0,10100.934140000001,6.561200000001918,ok,edge_capacity,edge_capacity,shield_hold_after_blocked_legacy_next,True,10133.572939999998,linear,none,none,none,none,hold,18,,,10094.37294,10095.37294,,False,False,False
legacy_first16,no_fault,reroute_from_current_legacy,reroute,False,python_faithful_legacy_astar_wait_horizon_audit,85,4,10,10:storage_in,10,12,18,47,10095.37294,22,,18 22 24 27 28 47,22,LEGACY_NEXT_TEMPORARILY_BLOCKED,hold,22,10096.37294,1.0,10100.934140000001,5.561200000001918,ok,edge_capacity,edge_capacity,shield_hold_after_blocked_legacy_next,True,10134.572939999998,linear,none,none,none,none,hold,18,,,10095.37294,10096.37294,,False,False,False
legacy_first16,no_fault,reroute_from_current_legacy,reroute,False,python_faithful_legacy_astar_wait_horizon_audit,86,5,10,10:storage_in,10,12,18,47,10096.37294,22,,18 22 24 27 28 47,22,LEGACY_NEXT_TEMPORARILY_BLOCKED,hold,22,10097.37294,1.0,10100.934140000001,4.561200000001918,ok,edge_capacity,edge_capacity,shield_hold_after_blocked_legacy_next,True,10135.572939999998,linear,none,none,none,none,hold,18,,,10096.37294,10097.37294,,False,False,False
legacy_first16,no_fault,reroute_from_current_legacy,reroute,False,python_faithful_legacy_astar_wait_horizon_audit,87,6,10,10:storage_in,10,12,18,47,10097.37294,22,,18 22 24 27 28 47,22,LEGACY_NEXT_TEMPORARILY_BLOCKED,hold,22,10098.37294,1.0,10100.934140000001,3.561200000001918,ok,edge_capacity,edge_capacity,shield_hold_after_blocked_legacy_next,True,10136.572939999998,linear,none,none,none,none,hold,18,,,10097.37294,10098.37294,,False,False,False
legacy_first16,no_fault,reroute_from_current_legacy,reroute,False,python_faithful_legacy_astar_wait_horizon_audit,89,7,10,10:storage_in,10,12,18,47,10098.37294,22,,18 22 24 27 28 47,22,LEGACY_NEXT_TEMPORARILY_BLOCKED,hold,22,10099.37294,1.0,10100.934140000001,2.561200000001918,ok,edge_capacity,edge_capacity,shield_hold_after_blocked_legacy_next,True,10137.572939999998,linear,none,none,none,none,hold,18,,,10098.37294,10099.37294,,False,False,False
legacy_first16,no_fault,reroute_from_current_legacy,reroute,False,python_faithful_legacy_astar_wait_horizon_audit,91,8,10,10:storage_in,10,12,18,47,10099.37294,22,,18 22 24 27 28 47,22,LEGACY_NEXT_TEMPORARILY_BLOCKED,hold,22,10100.37294,1.0,10100.934140000001,1.561200000001918,ok,edge_capacity,edge_capacity,shield_hold_after_blocked_legacy_next,True,10138.572939999998,linear,none,none,none,none,hold,18,,,10099.37294,10100.37294,,False,False,False
legacy_first16,no_fault,reroute_from_current_legacy,reroute,False,python_faithful_legacy_astar_wait_horizon_audit,92,9,10,10:storage_in,10,12,18,47,10100.37294,22,,18 22 24 27 28 47,22,LEGACY_NEXT_TEMPORARILY_BLOCKED,hold,22,10101.37294,1.0,10100.934140000001,0.5612000000019179,ok,edge_capacity,edge_capacity,shield_hold_after_blocked_legacy_next,True,10139.572939999998,linear,none,none,none,none,hold,18,,,10100.37294,10101.37294,,False,False,False
legacy_first16,no_fault,reroute_from_current_legacy,reroute,False,python_faithful_legacy_astar_wait_horizon_audit,105,7,8,8:storage_in,8,10,27,47,10113.706480000003,28 45,,27 28 47,28,LEGACY_NEXT_TEMPORARILY_BLOCKED,hold,28,10114.706480000003,1.0,10117.28213,3.57564999999704,ok,edge_capacity,edge_capacity,shield_hold_after_blocked_legacy_next,True,10129.506480000002,branch,none,none,none,none,hold,27,,,10113.706480000003,10114.706480000003,,False,False,False
legacy_first16,no_fault,reroute_from_current_legacy,reroute,False,python_faithful_legacy_astar_wait_horizon_audit,107,8,8,8:storage_in,8,10,27,47,10114.706480000003,28 45,,27 28 47,28,LEGACY_NEXT_TEMPORARILY_BLOCKED,hold,28,10115.706480000003,1.0,10117.28213,2.57564999999704,ok,edge_capacity,edge_capacity,shield_hold_after_blocked_legacy_next,True,10130.506480000002,branch,none,none,none,none,hold,27,,,10114.706480000003,10115.706480000003,,False,False,False
legacy_first16,no_fault,reroute_from_current_legacy,reroute,False,python_faithful_legacy_astar_wait_horizon_audit,108,9,8,8:storage_in,8,10,27,47,10115.706480000003,28 45,,27 28 47,28,LEGACY_NEXT_TEMPORARILY_BLOCKED,hold,28,10116.706480000003,1.0,10117.28213,1.5756499999970401,ok,edge_capacity,edge_capacity,shield_hold_after_blocked_legacy_next,True,10131.506480000002,branch,none,none,none,none,hold,27,,,10115.706480000003,10116.706480000003,,False,False,False
legacy_first16,no_fault,reroute_from_current_legacy,reroute,False,python_faithful_legacy_astar_wait_horizon_audit,110,10,8,8:storage_in,8,10,27,47,10116.706480000003,28 45,,27 28 47,28,LEGACY_NEXT_TEMPORARILY_BLOCKED,hold,28,10117.706480000003,1.0,10117.28213,0.5756499999970401,ok,edge_capacity,edge_capacity,shield_hold_after_blocked_legacy_next,True,10132.506480000002,branch,none,none,none,none,hold,27,,,10116.706480000003,10117.706480000003,,False,False,False
legacy_first16,no_fault,reroute_from_current_legacy,reroute,False,python_faithful_legacy_astar_wait_horizon_audit,117,12,10,10:storage_in,10,12,24,47,10122.172939999999,27,,24 27 28 47,27,LEGACY_NEXT_TEMPORARILY_BLOCKED,hold,27,10123.172939999999,1.0,10122.639820000002,0.46688000000358443,ok,edge_capacity,edge_capacity,shield_hold_after_blocked_legacy_next,True,10140.572939999998,linear,none,none,none,none,hold,24,,,10122.172939999999,10123.172939999999,,False,False,False
legacy_first16,no_fault,reroute_from_current_legacy,reroute,False,python_faithful_legacy_astar_wait_horizon_audit,119,8,11,11:storage_in,11,13,27,47,10123.639820000002,28 45,,27 28 47,28,LEGACY_NEXT_GLOBALLY_UNSAFE,hold,28,10124.639820000002,1.0,,,current_node_hold_conflict,edge_capacity,edge_capacity,shield_hold_after_blocked_legacy_next,True,10139.439820000001,branch,none,none,none,none,hold,27,,,10123.639820000002,10124.639820000002,,False,False,False
legacy_first16,no_fault,reroute_from_current_legacy,reroute,False,python_faithful_legacy_astar_wait_horizon_audit,120,9,11,11:storage_in,11,13,27,47,10124.639820000002,28 45,,27 28 47,28,ABSTAIN_NO_TEACHER,no_teacher,28,,0.0,,,current_node_hold_conflict,edge_capacity,edge_capacity,abstain_no_safe_hold,False,10140.439820000001,branch,none,none,none,none,unplanned,,,,,,edge_capacity,True,False,False
legacy_first16,no_fault,reroute_from_current_legacy,reroute,False,python_faithful_legacy_astar_wait_horizon_audit,121,14,10,10:storage_in,10,12,27,47,10125.772939999999,28 45,,27 28 47,28,LEGACY_NEXT_TEMPORARILY_BLOCKED,hold,28,10126.772939999999,1.0,10128.506480000002,2.733540000002904,ok,edge_capacity,edge_capacity,shield_hold_after_blocked_legacy_next,True,10141.572939999998,branch,none,none,none,none,hold,27,,,10125.772939999999,10126.772939999999,,False,False,False
legacy_first16,no_fault,reroute_from_current_legacy,reroute,False,python_faithful_legacy_astar_wait_horizon_audit,122,15,10,10:storage_in,10,12,27,47,10126.772939999999,28 45,,27 28 47,28,LEGACY_NEXT_TEMPORARILY_BLOCKED,hold,28,10127.772939999999,1.0,10128.506480000002,1.733540000002904,ok,edge_capacity,edge_capacity,shield_hold_after_blocked_legacy_next,True,10142.572939999998,branch,none,none,none,none,hold,27,,,10126.772939999999,10127.772939999999,,False,False,False
legacy_first16,no_fault,reroute_from_current_legacy,reroute,False,python_faithful_legacy_astar_wait_horizon_audit,123,16,10,10:storage_in,10,12,27,47,10127.772939999999,28 45,,27 28 47,28,LEGACY_NEXT_TEMPORARILY_BLOCKED,hold,28,10128.772939999999,1.0,10128.506480000002,0.733540000002904,ok,edge_capacity,edge_capacity,shield_hold_after_blocked_legacy_next,True,10143.572939999998,branch,none,none,none,none,hold,27,,,10127.772939999999,10128.772939999999,,False,False,False
legacy_first16,no_fault,reroute_from_current_legacy,reroute,False,python_faithful_legacy_astar_wait_horizon_audit,144,3,14,14:storage_in,14,16,18,47,10679.68828,22,,18 22 24 27 28 47,22,LEGACY_NEXT_TEMPORARILY_BLOCKED,hold,22,10680.68828,1.0,10680.77885,1.090570000000298,ok,edge_capacity,edge_capacity,shield_hold_after_blocked_legacy_next,True,10718.88828,linear,none,none,none,none,hold,18,,,10679.68828,10680.68828,,False,False,False
legacy_first16,no_fault,reroute_from_current_legacy,reroute,False,python_faithful_legacy_astar_wait_horizon_audit,145,4,14,14:storage_in,14,16,18,47,10680.68828,22,,18 22 24 27 28 47,22,LEGACY_NEXT_TEMPORARILY_BLOCKED,hold,22,10681.68828,1.0,10680.77885,0.09057000000029802,ok,edge_capacity,edge_capacity,shield_hold_after_blocked_legacy_next,True,10719.88828,linear,none,none,none,none,hold,18,,,10680.68828,10681.68828,,False,False,False
legacy_first16,no_fault,reroute_from_current_legacy,reroute,False,python_faithful_legacy_astar_wait_horizon_audit,149,4,15,15:storage_in,15,17,18,47,10685.645400000001,22,,18 22 24 27 28 47,22,LEGACY_NEXT_TEMPORARILY_BLOCKED,hold,22,10686.645400000001,1.0,10690.08828,4.442879999998695,ok,edge_capacity,edge_capacity,shield_hold_after_blocked_legacy_next,True,10724.8454,linear,none,none,none,none,hold,18,,,10685.645400000001,10686.645400000001,,False,False,False
legacy_first16,no_fault,reroute_from_current_legacy,reroute,False,python_faithful_legacy_astar_wait_horizon_audit,151,5,15,15:storage_in,15,17,18,47,10686.645400000001,22,,18 22 24 27 28 47,22,LEGACY_NEXT_TEMPORARILY_BLOCKED,hold,22,10687.645400000001,1.0,10690.08828,3.442879999998695,ok,edge_capacity,edge_capacity,shield_hold_after_blocked_legacy_next,True,10725.8454,linear,none,none,none,none,hold,18,,,10686.645400000001,10687.645400000001,,False,False,False
legacy_first16,no_fault,reroute_from_current_legacy,reroute,False,python_faithful_legacy_astar_wait_horizon_audit,152,6,15,15:storage_in,15,17,18,47,10687.645400000001,22,,18 22 24 27 28 47,22,LEGACY_NEXT_TEMPORARILY_BLOCKED,hold,22,10688.645400000001,1.0,10690.08828,2.442879999998695,ok,edge_capacity,edge_capacity,shield_hold_after_blocked_legacy_next,True,10726.8454,linear,none,none,none,none,hold,18,,,10687.645400000001,10688.645400000001,,False,False,False
legacy_first16,no_fault,reroute_from_current_legacy,reroute,False,python_faithful_legacy_astar_wait_horizon_audit,153,7,15,15:storage_in,15,17,18,47,10688.645400000001,22,,18 22 24 27 28 47,22,LEGACY_NEXT_TEMPORARILY_BLOCKED,hold,22,10689.645400000001,1.0,10690.08828,1.442879999998695,ok,edge_capacity,edge_capacity,shield_hold_after_blocked_legacy_next,True,10727.8454,linear,none,none,none,none,hold,18,,,10688.645400000001,10689.645400000001,,False,False,False
legacy_first16,no_fault,reroute_from_current_legacy,reroute,False,python_faithful_legacy_astar_wait_horizon_audit,154,8,15,15:storage_in,15,17,18,47,10689.645400000001,22,,18 22 24 27 28 47,22,LEGACY_NEXT_TEMPORARILY_BLOCKED,hold,22,10690.645400000001,1.0,10690.08828,0.442879999998695,ok,edge_capacity,edge_capacity,shield_hold_after_blocked_legacy_next,True,10728.8454,linear,none,none,none,none,hold,18,,,10689.645400000001,10690.645400000001,,False,False,False
legacy_first16_buffer2,buffer_capacity,reroute_from_current_legacy,reroute,False,python_faithful_legacy_astar_wait_horizon_audit,15,3,2,2:storage_in,2,4,18,47,8882.216299,22,,18 22 24 27 28 47,22,LEGACY_NEXT_TEMPORARILY_BLOCKED,hold,22,8883.216299,1.0,8883.445453,1.2291540000005625,ok,edge_capacity,edge_capacity,shield_hold_after_blocked_legacy_next,True,8921.416298999999,linear,none,none,none,28:2;47:2,hold,18,,,8882.216299,8883.216299,,False,False,False
legacy_first16_buffer2,buffer_capacity,reroute_from_current_legacy,reroute,False,python_faithful_legacy_astar_wait_horizon_audit,17,4,2,2:storage_in,2,4,18,47,8883.216299,22,,18 22 24 27 28 47,22,LEGACY_NEXT_TEMPORARILY_BLOCKED,hold,22,8884.216299,1.0,8883.445453,0.22915400000056252,ok,edge_capacity,edge_capacity,shield_hold_after_blocked_legacy_next,True,8922.416298999999,linear,none,none,none,28:2;47:2,hold,18,,,8883.216299,8884.216299,,False,False,False
legacy_first16_buffer2,buffer_capacity,reroute_from_current_legacy,reroute,False,python_faithful_legacy_astar_wait_horizon_audit,21,4,3,3:storage_in,3,5,18,47,8889.800872000002,22,,18 22 24 27 28 47,22,LEGACY_NEXT_TEMPORARILY_BLOCKED,hold,22,8890.800872000002,1.0,8892.616299,2.815426999997726,ok,edge_capacity,edge_capacity,shield_hold_after_blocked_legacy_next,True,8929.000872,linear,none,none,none,28:2;47:2,hold,18,,,8889.800872000002,8890.800872000002,,False,False,False
legacy_first16_buffer2,buffer_capacity,reroute_from_current_legacy,reroute,False,python_faithful_legacy_astar_wait_horizon_audit,22,5,3,3:storage_in,3,5,18,47,8890.800872000002,22,,18 22 24 27 28 47,22,LEGACY_NEXT_TEMPORARILY_BLOCKED,hold,22,8891.800872000002,1.0,8892.616299,1.815426999997726,ok,edge_capacity,edge_capacity,shield_hold_after_blocked_legacy_next,True,8930.000872,linear,none,none,none,28:2;47:2,hold,18,,,8890.800872000002,8891.800872000002,,False,False,False
legacy_first16_buffer2,buffer_capacity,reroute_from_current_legacy,reroute,False,python_faithful_legacy_astar_wait_horizon_audit,23,6,3,3:storage_in,3,5,18,47,8891.800872000002,22,,18 22 24 27 28 47,22,LEGACY_NEXT_TEMPORARILY_BLOCKED,hold,22,8892.800872000002,1.0,8892.616299,0.8154269999977259,ok,edge_capacity,edge_capacity,shield_hold_after_blocked_legacy_next,True,8931.000872,linear,none,none,none,28:2;47:2,hold,18,,,8891.800872000002,8892.800872000002,,False,False,False
legacy_first16_buffer2,buffer_capacity,reroute_from_current_legacy,reroute,False,python_faithful_legacy_astar_wait_horizon_audit,47,3,5,5:storage_in,5,7,18,47,9477.815484,22,,18 22 24 27 28 47,22,LEGACY_NEXT_TEMPORARILY_BLOCKED,hold,22,9478.815484,1.0,9480.682986000002,2.867502000000968,ok,edge_capacity,edge_capacity,shield_hold_after_blocked_legacy_next,True,9517.015484,linear,none,none,none,28:2;47:2,hold,18,,,9477.815484,9478.815484,,False,False,False
legacy_first16_buffer2,buffer_capacity,reroute_from_current_legacy,reroute,False,python_faithful_legacy_astar_wait_horizon_audit,48,4,5,5:storage_in,5,7,18,47,9478.815484,22,,18 22 24 27 28 47,22,LEGACY_NEXT_TEMPORARILY_BLOCKED,hold,22,9479.815484,1.0,9480.682986000002,1.867502000000968,ok,edge_capacity,edge_capacity,shield_hold_after_blocked_legacy_next,True,9518.015484,linear,none,none,none,28:2;47:2,hold,18,,,9478.815484,9479.815484,,False,False,False
legacy_first16_buffer2,buffer_capacity,reroute_from_current_legacy,reroute,False,python_faithful_legacy_astar_wait_horizon_audit,49,5,5,5:storage_in,5,7,18,47,9479.815484,22,,18 22 24 27 28 47,22,LEGACY_NEXT_TEMPORARILY_BLOCKED,hold,22,9480.815484,1.0,9480.682986000002,0.8675020000009681,ok,edge_capacity,edge_capacity,shield_hold_after_blocked_legacy_next,True,9519.015484,linear,none,none,none,28:2;47:2,hold,18,,,9479.815484,9480.815484,,False,False,False
legacy_first16_buffer2,buffer_capacity,reroute_from_current_legacy,reroute,False,python_faithful_legacy_astar_wait_horizon_audit,83,3,10,10:storage_in,10,12,18,47,10094.37294,22,,18 22 24 27 28 47,22,LEGACY_NEXT_TEMPORARILY_BLOCKED,hold,22,10095.37294,1.0,10100.934140000001,6.561200000001918,ok,edge_capacity,edge_capacity,shield_hold_after_blocked_legacy_next,True,10133.572939999998,linear,none,none,none,28:2;47:2,hold,18,,,10094.37294,10095.37294,,False,False,False
legacy_first16_buffer2,buffer_capacity,reroute_from_current_legacy,reroute,False,python_faithful_legacy_astar_wait_horizon_audit,85,4,10,10:storage_in,10,12,18,47,10095.37294,22,,18 22 24 27 28 47,22,LEGACY_NEXT_TEMPORARILY_BLOCKED,hold,22,10096.37294,1.0,10100.934140000001,5.561200000001918,ok,edge_capacity,edge_capacity,shield_hold_after_blocked_legacy_next,True,10134.572939999998,linear,none,none,none,28:2;47:2,hold,18,,,10095.37294,10096.37294,,False,False,False
legacy_first16_buffer2,buffer_capacity,reroute_from_current_legacy,reroute,False,python_faithful_legacy_astar_wait_horizon_audit,86,5,10,10:storage_in,10,12,18,47,10096.37294,22,,18 22 24 27 28 47,22,LEGACY_NEXT_TEMPORARILY_BLOCKED,hold,22,10097.37294,1.0,10100.934140000001,4.561200000001918,ok,edge_capacity,edge_capacity,shield_hold_after_blocked_legacy_next,True,10135.572939999998,linear,none,none,none,28:2;47:2,hold,18,,,10096.37294,10097.37294,,False,False,False
legacy_first16_buffer2,buffer_capacity,reroute_from_current_legacy,reroute,False,python_faithful_legacy_astar_wait_horizon_audit,87,6,10,10:storage_in,10,12,18,47,10097.37294,22,,18 22 24 27 28 47,22,LEGACY_NEXT_TEMPORARILY_BLOCKED,hold,22,10098.37294,1.0,10100.934140000001,3.561200000001918,ok,edge_capacity,edge_capacity,shield_hold_after_blocked_legacy_next,True,10136.572939999998,linear,none,none,none,28:2;47:2,hold,18,,,10097.37294,10098.37294,,False,False,False
legacy_first16_buffer2,buffer_capacity,reroute_from_current_legacy,reroute,False,python_faithful_legacy_astar_wait_horizon_audit,89,7,10,10:storage_in,10,12,18,47,10098.37294,22,,18 22 24 27 28 47,22,LEGACY_NEXT_TEMPORARILY_BLOCKED,hold,22,10099.37294,1.0,10100.934140000001,2.561200000001918,ok,edge_capacity,edge_capacity,shield_hold_after_blocked_legacy_next,True,10137.572939999998,linear,none,none,none,28:2;47:2,hold,18,,,10098.37294,10099.37294,,False,False,False
legacy_first16_buffer2,buffer_capacity,reroute_from_current_legacy,reroute,False,python_faithful_legacy_astar_wait_horizon_audit,91,8,10,10:storage_in,10,12,18,47,10099.37294,22,,18 22 24 27 28 47,22,LEGACY_NEXT_TEMPORARILY_BLOCKED,hold,22,10100.37294,1.0,10100.934140000001,1.561200000001918,ok,edge_capacity,edge_capacity,shield_hold_after_blocked_legacy_next,True,10138.572939999998,linear,none,none,none,28:2;47:2,hold,18,,,10099.37294,10100.37294,,False,False,False
legacy_first16_buffer2,buffer_capacity,reroute_from_current_legacy,reroute,False,python_faithful_legacy_astar_wait_horizon_audit,92,9,10,10:storage_in,10,12,18,47,10100.37294,22,,18 22 24 27 28 47,22,LEGACY_NEXT_TEMPORARILY_BLOCKED,hold,22,10101.37294,1.0,10100.934140000001,0.5612000000019179,ok,edge_capacity,edge_capacity,shield_hold_after_blocked_legacy_next,True,10139.572939999998,linear,none,none,none,28:2;47:2,hold,18,,,10100.37294,10101.37294,,False,False,False
legacy_first16_buffer2,buffer_capacity,reroute_from_current_legacy,reroute,False,python_faithful_legacy_astar_wait_horizon_audit,105,7,8,8:storage_in,8,10,27,47,10113.706480000003,28 45,,27 28 47,28,LEGACY_NEXT_TEMPORARILY_BLOCKED,hold,28,10114.706480000003,1.0,10117.28213,3.57564999999704,ok,edge_capacity,edge_capacity,shield_hold_after_blocked_legacy_next,True,10129.506480000002,branch,none,none,none,28:2;47:2,hold,27,,,10113.706480000003,10114.706480000003,,False,False,False
legacy_first16_buffer2,buffer_capacity,reroute_from_current_legacy,reroute,False,python_faithful_legacy_astar_wait_horizon_audit,107,8,8,8:storage_in,8,10,27,47,10114.706480000003,28 45,,27 28 47,28,LEGACY_NEXT_TEMPORARILY_BLOCKED,hold,28,10115.706480000003,1.0,10117.28213,2.57564999999704,ok,edge_capacity,edge_capacity,shield_hold_after_blocked_legacy_next,True,10130.506480000002,branch,none,none,none,28:2;47:2,hold,27,,,10114.706480000003,10115.706480000003,,False,False,False
legacy_first16_buffer2,buffer_capacity,reroute_from_current_legacy,reroute,False,python_faithful_legacy_astar_wait_horizon_audit,108,9,8,8:storage_in,8,10,27,47,10115.706480000003,28 45,,27 28 47,28,LEGACY_NEXT_TEMPORARILY_BLOCKED,hold,28,10116.706480000003,1.0,10117.28213,1.5756499999970401,ok,edge_capacity,edge_capacity,shield_hold_after_blocked_legacy_next,True,10131.506480000002,branch,none,none,none,28:2;47:2,hold,27,,,10115.706480000003,10116.706480000003,,False,False,False
legacy_first16_buffer2,buffer_capacity,reroute_from_current_legacy,reroute,False,python_faithful_legacy_astar_wait_horizon_audit,110,10,8,8:storage_in,8,10,27,47,10116.706480000003,28 45,,27 28 47,28,LEGACY_NEXT_TEMPORARILY_BLOCKED,hold,28,10117.706480000003,1.0,10117.28213,0.5756499999970401,ok,edge_capacity,edge_capacity,shield_hold_after_blocked_legacy_next,True,10132.506480000002,branch,none,none,none,28:2;47:2,hold,27,,,10116.706480000003,10117.706480000003,,False,False,False
legacy_first16_buffer2,buffer_capacity,reroute_from_current_legacy,reroute,False,python_faithful_legacy_astar_wait_horizon_audit,117,12,10,10:storage_in,10,12,24,47,10122.172939999999,27,,24 27 28 47,27,LEGACY_NEXT_TEMPORARILY_BLOCKED,hold,27,10123.172939999999,1.0,10122.639820000002,0.46688000000358443,ok,edge_capacity,edge_capacity,shield_hold_after_blocked_legacy_next,True,10140.572939999998,linear,none,none,none,28:2;47:2,hold,24,,,10122.172939999999,10123.172939999999,,False,False,False
legacy_first16_buffer2,buffer_capacity,reroute_from_current_legacy,reroute,False,python_faithful_legacy_astar_wait_horizon_audit,119,8,11,11:storage_in,11,13,27,47,10123.639820000002,28 45,,27 28 47,28,LEGACY_NEXT_GLOBALLY_UNSAFE,hold,28,10124.639820000002,1.0,,,current_node_hold_conflict,edge_capacity,edge_capacity,shield_hold_after_blocked_legacy_next,True,10139.439820000001,branch,none,none,none,28:2;47:2,hold,27,,,10123.639820000002,10124.639820000002,,False,False,False
legacy_first16_buffer2,buffer_capacity,reroute_from_current_legacy,reroute,False,python_faithful_legacy_astar_wait_horizon_audit,120,9,11,11:storage_in,11,13,27,47,10124.639820000002,28 45,,27 28 47,28,ABSTAIN_NO_TEACHER,no_teacher,28,,0.0,,,current_node_hold_conflict,edge_capacity,edge_capacity,abstain_no_safe_hold,False,10140.439820000001,branch,none,none,none,28:2;47:2,unplanned,,,,,,edge_capacity,True,False,False
legacy_first16_buffer2,buffer_capacity,reroute_from_current_legacy,reroute,False,python_faithful_legacy_astar_wait_horizon_audit,121,14,10,10:storage_in,10,12,27,47,10125.772939999999,28 45,,27 28 47,28,LEGACY_NEXT_TEMPORARILY_BLOCKED,hold,28,10126.772939999999,1.0,10128.506480000002,2.733540000002904,ok,edge_capacity,edge_capacity,shield_hold_after_blocked_legacy_next,True,10141.572939999998,branch,none,none,none,28:2;47:2,hold,27,,,10125.772939999999,10126.772939999999,,False,False,False
legacy_first16_buffer2,buffer_capacity,reroute_from_current_legacy,reroute,False,python_faithful_legacy_astar_wait_horizon_audit,122,15,10,10:storage_in,10,12,27,47,10126.772939999999,28 45,,27 28 47,28,LEGACY_NEXT_TEMPORARILY_BLOCKED,hold,28,10127.772939999999,1.0,10128.506480000002,1.733540000002904,ok,edge_capacity,edge_capacity,shield_hold_after_blocked_legacy_next,True,10142.572939999998,branch,none,none,none,28:2;47:2,hold,27,,,10126.772939999999,10127.772939999999,,False,False,False
legacy_first16_buffer2,buffer_capacity,reroute_from_current_legacy,reroute,False,python_faithful_legacy_astar_wait_horizon_audit,123,16,10,10:storage_in,10,12,27,47,10127.772939999999,28 45,,27 28 47,28,LEGACY_NEXT_TEMPORARILY_BLOCKED,hold,28,10128.772939999999,1.0,10128.506480000002,0.733540000002904,ok,edge_capacity,edge_capacity,shield_hold_after_blocked_legacy_next,True,10143.572939999998,branch,none,none,none,28:2;47:2,hold,27,,,10127.772939999999,10128.772939999999,,False,False,False
legacy_first16_buffer2,buffer_capacity,reroute_from_current_legacy,reroute,False,python_faithful_legacy_astar_wait_horizon_audit,144,3,14,14:storage_in,14,16,18,47,10679.68828,22,,18 22 24 27 28 47,22,LEGACY_NEXT_TEMPORARILY_BLOCKED,hold,22,10680.68828,1.0,10680.77885,1.090570000000298,ok,edge_capacity,edge_capacity,shield_hold_after_blocked_legacy_next,True,10718.88828,linear,none,none,none,28:2;47:2,hold,18,,,10679.68828,10680.68828,,False,False,False
legacy_first16_buffer2,buffer_capacity,reroute_from_current_legacy,reroute,False,python_faithful_legacy_astar_wait_horizon_audit,145,4,14,14:storage_in,14,16,18,47,10680.68828,22,,18 22 24 27 28 47,22,LEGACY_NEXT_TEMPORARILY_BLOCKED,hold,22,10681.68828,1.0,10680.77885,0.09057000000029802,ok,edge_capacity,edge_capacity,shield_hold_after_blocked_legacy_next,True,10719.88828,linear,none,none,none,28:2;47:2,hold,18,,,10680.68828,10681.68828,,False,False,False
legacy_first16_buffer2,buffer_capacity,reroute_from_current_legacy,reroute,False,python_faithful_legacy_astar_wait_horizon_audit,149,4,15,15:storage_in,15,17,18,47,10685.645400000001,22,,18 22 24 27 28 47,22,LEGACY_NEXT_TEMPORARILY_BLOCKED,hold,22,10686.645400000001,1.0,10690.08828,4.442879999998695,ok,edge_capacity,edge_capacity,shield_hold_after_blocked_legacy_next,True,10724.8454,linear,none,none,none,28:2;47:2,hold,18,,,10685.645400000001,10686.645400000001,,False,False,False
legacy_first16_buffer2,buffer_capacity,reroute_from_current_legacy,reroute,False,python_faithful_legacy_astar_wait_horizon_audit,151,5,15,15:storage_in,15,17,18,47,10686.645400000001,22,,18 22 24 27 28 47,22,LEGACY_NEXT_TEMPORARILY_BLOCKED,hold,22,10687.645400000001,1.0,10690.08828,3.442879999998695,ok,edge_capacity,edge_capacity,shield_hold_after_blocked_legacy_next,True,10725.8454,linear,none,none,none,28:2;47:2,hold,18,,,10686.645400000001,10687.645400000001,,False,False,False
legacy_first16_buffer2,buffer_capacity,reroute_from_current_legacy,reroute,False,python_faithful_legacy_astar_wait_horizon_audit,152,6,15,15:storage_in,15,17,18,47,10687.645400000001,22,,18 22 24 27 28 47,22,LEGACY_NEXT_TEMPORARILY_BLOCKED,hold,22,10688.645400000001,1.0,10690.08828,2.442879999998695,ok,edge_capacity,edge_capacity,shield_hold_after_blocked_legacy_next,True,10726.8454,linear,none,none,none,28:2;47:2,hold,18,,,10687.645400000001,10688.645400000001,,False,False,False
legacy_first16_buffer2,buffer_capacity,reroute_from_current_legacy,reroute,False,python_faithful_legacy_astar_wait_horizon_audit,153,7,15,15:storage_in,15,17,18,47,10688.645400000001,22,,18 22 24 27 28 47,22,LEGACY_NEXT_TEMPORARILY_BLOCKED,hold,22,10689.645400000001,1.0,10690.08828,1.442879999998695,ok,edge_capacity,edge_capacity,shield_hold_after_blocked_legacy_next,True,10727.8454,linear,none,none,none,28:2;47:2,hold,18,,,10688.645400000001,10689.645400000001,,False,False,False
legacy_first16_buffer2,buffer_capacity,reroute_from_current_legacy,reroute,False,python_faithful_legacy_astar_wait_horizon_audit,154,8,15,15:storage_in,15,17,18,47,10689.645400000001,22,,18 22 24 27 28 47,22,LEGACY_NEXT_TEMPORARILY_BLOCKED,hold,22,10690.645400000001,1.0,10690.08828,0.442879999998695,ok,edge_capacity,edge_capacity,shield_hold_after_blocked_legacy_next,True,10728.8454,linear,none,none,none,28:2;47:2,hold,18,,,10689.645400000001,10690.645400000001,,False,False,False
legacy_first32,no_fault,reroute_from_current_legacy,reroute,False,python_faithful_legacy_astar_wait_horizon_audit,15,3,2,2:storage_in,2,4,18,47,8882.216299,22,,18 22 24 27 28 47,22,LEGACY_NEXT_TEMPORARILY_BLOCKED,hold,22,8883.216299,1.0,8883.445453,1.2291540000005625,ok,edge_capacity,edge_capacity,shield_hold_after_blocked_legacy_next,True,8921.416298999999,linear,none,none,none,none,hold,18,,,8882.216299,8883.216299,,False,False,False
legacy_first32,no_fault,reroute_from_current_legacy,reroute,False,python_faithful_legacy_astar_wait_horizon_audit,17,4,2,2:storage_in,2,4,18,47,8883.216299,22,,18 22 24 27 28 47,22,LEGACY_NEXT_TEMPORARILY_BLOCKED,hold,22,8884.216299,1.0,8883.445453,0.22915400000056252,ok,edge_capacity,edge_capacity,shield_hold_after_blocked_legacy_next,True,8922.416298999999,linear,none,none,none,none,hold,18,,,8883.216299,8884.216299,,False,False,False
legacy_first32,no_fault,reroute_from_current_legacy,reroute,False,python_faithful_legacy_astar_wait_horizon_audit,21,4,3,3:storage_in,3,5,18,47,8889.800872000002,22,,18 22 24 27 28 47,22,LEGACY_NEXT_TEMPORARILY_BLOCKED,hold,22,8890.800872000002,1.0,8892.616299,2.815426999997726,ok,edge_capacity,edge_capacity,shield_hold_after_blocked_legacy_next,True,8929.000872,linear,none,none,none,none,hold,18,,,8889.800872000002,8890.800872000002,,False,False,False
legacy_first32,no_fault,reroute_from_current_legacy,reroute,False,python_faithful_legacy_astar_wait_horizon_audit,22,5,3,3:storage_in,3,5,18,47,8890.800872000002,22,,18 22 24 27 28 47,22,LEGACY_NEXT_TEMPORARILY_BLOCKED,hold,22,8891.800872000002,1.0,8892.616299,1.815426999997726,ok,edge_capacity,edge_capacity,shield_hold_after_blocked_legacy_next,True,8930.000872,linear,none,none,none,none,hold,18,,,8890.800872000002,8891.800872000002,,False,False,False
legacy_first32,no_fault,reroute_from_current_legacy,reroute,False,python_faithful_legacy_astar_wait_horizon_audit,23,6,3,3:storage_in,3,5,18,47,8891.800872000002,22,,18 22 24 27 28 47,22,LEGACY_NEXT_TEMPORARILY_BLOCKED,hold,22,8892.800872000002,1.0,8892.616299,0.8154269999977259,ok,edge_capacity,edge_capacity,shield_hold_after_blocked_legacy_next,True,8931.000872,linear,none,none,none,none,hold,18,,,8891.800872000002,8892.800872000002,,False,False,False
legacy_first32,no_fault,reroute_from_current_legacy,reroute,False,python_faithful_legacy_astar_wait_horizon_audit,47,3,5,5:storage_in,5,7,18,47,9477.815484,22,,18 22 24 27 28 47,22,LEGACY_NEXT_TEMPORARILY_BLOCKED,hold,22,9478.815484,1.0,9480.682986000002,2.867502000000968,ok,edge_capacity,edge_capacity,shield_hold_after_blocked_legacy_next,True,9517.015484,linear,none,none,none,none,hold,18,,,9477.815484,9478.815484,,False,False,False
legacy_first32,no_fault,reroute_from_current_legacy,reroute,False,python_faithful_legacy_astar_wait_horizon_audit,48,4,5,5:storage_in,5,7,18,47,9478.815484,22,,18 22 24 27 28 47,22,LEGACY_NEXT_TEMPORARILY_BLOCKED,hold,22,9479.815484,1.0,9480.682986000002,1.867502000000968,ok,edge_capacity,edge_capacity,shield_hold_after_blocked_legacy_next,True,9518.015484,linear,none,none,none,none,hold,18,,,9478.815484,9479.815484,,False,False,False
legacy_first32,no_fault,reroute_from_current_legacy,reroute,False,python_faithful_legacy_astar_wait_horizon_audit,49,5,5,5:storage_in,5,7,18,47,9479.815484,22,,18 22 24 27 28 47,22,LEGACY_NEXT_TEMPORARILY_BLOCKED,hold,22,9480.815484,1.0,9480.682986000002,0.8675020000009681,ok,edge_capacity,edge_capacity,shield_hold_after_blocked_legacy_next,True,9519.015484,linear,none,none,none,none,hold,18,,,9479.815484,9480.815484,,False,False,False
legacy_first32,no_fault,reroute_from_current_legacy,reroute,False,python_faithful_legacy_astar_wait_horizon_audit,83,3,10,10:storage_in,10,12,18,47,10094.37294,22,,18 22 24 27 28 47,22,LEGACY_NEXT_TEMPORARILY_BLOCKED,hold,22,10095.37294,1.0,10100.934140000001,6.561200000001918,ok,edge_capacity,edge_capacity,shield_hold_after_blocked_legacy_next,True,10133.572939999998,linear,none,none,none,none,hold,18,,,10094.37294,10095.37294,,False,False,False
legacy_first32,no_fault,reroute_from_current_legacy,reroute,False,python_faithful_legacy_astar_wait_horizon_audit,85,4,10,10:storage_in,10,12,18,47,10095.37294,22,,18 22 24 27 28 47,22,LEGACY_NEXT_TEMPORARILY_BLOCKED,hold,22,10096.37294,1.0,10100.934140000001,5.561200000001918,ok,edge_capacity,edge_capacity,shield_hold_after_blocked_legacy_next,True,10134.572939999998,linear,none,none,none,none,hold,18,,,10095.37294,10096.37294,,False,False,False
legacy_first32,no_fault,reroute_from_current_legacy,reroute,False,python_faithful_legacy_astar_wait_horizon_audit,86,5,10,10:storage_in,10,12,18,47,10096.37294,22,,18 22 24 27 28 47,22,LEGACY_NEXT_TEMPORARILY_BLOCKED,hold,22,10097.37294,1.0,10100.934140000001,4.561200000001918,ok,edge_capacity,edge_capacity,shield_hold_after_blocked_legacy_next,True,10135.572939999998,linear,none,none,none,none,hold,18,,,10096.37294,10097.37294,,False,False,False
legacy_first32,no_fault,reroute_from_current_legacy,reroute,False,python_faithful_legacy_astar_wait_horizon_audit,87,6,10,10:storage_in,10,12,18,47,10097.37294,22,,18 22 24 27 28 47,22,LEGACY_NEXT_TEMPORARILY_BLOCKED,hold,22,10098.37294,1.0,10100.934140000001,3.561200000001918,ok,edge_capacity,edge_capacity,shield_hold_after_blocked_legacy_next,True,10136.572939999998,linear,none,none,none,none,hold,18,,,10097.37294,10098.37294,,False,False,False
legacy_first32,no_fault,reroute_from_current_legacy,reroute,False,python_faithful_legacy_astar_wait_horizon_audit,89,7,10,10:storage_in,10,12,18,47,10098.37294,22,,18 22 24 27 28 47,22,LEGACY_NEXT_TEMPORARILY_BLOCKED,hold,22,10099.37294,1.0,10100.934140000001,2.561200000001918,ok,edge_capacity,edge_capacity,shield_hold_after_blocked_legacy_next,True,10137.572939999998,linear,none,none,none,none,hold,18,,,10098.37294,10099.37294,,False,False,False
legacy_first32,no_fault,reroute_from_current_legacy,reroute,False,python_faithful_legacy_astar_wait_horizon_audit,91,8,10,10:storage_in,10,12,18,47,10099.37294,22,,18 22 24 27 28 47,22,LEGACY_NEXT_TEMPORARILY_BLOCKED,hold,22,10100.37294,1.0,10100.934140000001,1.561200000001918,ok,edge_capacity,edge_capacity,shield_hold_after_blocked_legacy_next,True,10138.572939999998,linear,none,none,none,none,hold,18,,,10099.37294,10100.37294,,False,False,False
legacy_first32,no_fault,reroute_from_current_legacy,reroute,False,python_faithful_legacy_astar_wait_horizon_audit,92,9,10,10:storage_in,10,12,18,47,10100.37294,22,,18 22 24 27 28 47,22,LEGACY_NEXT_TEMPORARILY_BLOCKED,hold,22,10101.37294,1.0,10100.934140000001,0.5612000000019179,ok,edge_capacity,edge_capacity,shield_hold_after_blocked_legacy_next,True,10139.572939999998,linear,none,none,none,none,hold,18,,,10100.37294,10101.37294,,False,False,False
legacy_first32,no_fault,reroute_from_current_legacy,reroute,False,python_faithful_legacy_astar_wait_horizon_audit,105,7,8,8:storage_in,8,10,27,47,10113.706480000003,28 45,,27 28 47,28,LEGACY_NEXT_TEMPORARILY_BLOCKED,hold,28,10114.706480000003,1.0,10117.28213,3.57564999999704,ok,edge_capacity,edge_capacity,shield_hold_after_blocked_legacy_next,True,10129.506480000002,branch,none,none,none,none,hold,27,,,10113.706480000003,10114.706480000003,,False,False,False
legacy_first32,no_fault,reroute_from_current_legacy,reroute,False,python_faithful_legacy_astar_wait_horizon_audit,107,8,8,8:storage_in,8,10,27,47,10114.706480000003,28 45,,27 28 47,28,LEGACY_NEXT_TEMPORARILY_BLOCKED,hold,28,10115.706480000003,1.0,10117.28213,2.57564999999704,ok,edge_capacity,edge_capacity,shield_hold_after_blocked_legacy_next,True,10130.506480000002,branch,none,none,none,none,hold,27,,,10114.706480000003,10115.706480000003,,False,False,False
legacy_first32,no_fault,reroute_from_current_legacy,reroute,False,python_faithful_legacy_astar_wait_horizon_audit,108,9,8,8:storage_in,8,10,27,47,10115.706480000003,28 45,,27 28 47,28,LEGACY_NEXT_TEMPORARILY_BLOCKED,hold,28,10116.706480000003,1.0,10117.28213,1.5756499999970401,ok,edge_capacity,edge_capacity,shield_hold_after_blocked_legacy_next,True,10131.506480000002,branch,none,none,none,none,hold,27,,,10115.706480000003,10116.706480000003,,False,False,False
legacy_first32,no_fault,reroute_from_current_legacy,reroute,False,python_faithful_legacy_astar_wait_horizon_audit,110,10,8,8:storage_in,8,10,27,47,10116.706480000003,28 45,,27 28 47,28,LEGACY_NEXT_TEMPORARILY_BLOCKED,hold,28,10117.706480000003,1.0,10117.28213,0.5756499999970401,ok,edge_capacity,edge_capacity,shield_hold_after_blocked_legacy_next,True,10132.506480000002,branch,none,none,none,none,hold,27,,,10116.706480000003,10117.706480000003,,False,False,False
legacy_first32,no_fault,reroute_from_current_legacy,reroute,False,python_faithful_legacy_astar_wait_horizon_audit,117,12,10,10:storage_in,10,12,24,47,10122.172939999999,27,,24 27 28 47,27,LEGACY_NEXT_TEMPORARILY_BLOCKED,hold,27,10123.172939999999,1.0,10122.639820000002,0.46688000000358443,ok,edge_capacity,edge_capacity,shield_hold_after_blocked_legacy_next,True,10140.572939999998,linear,none,none,none,none,hold,24,,,10122.172939999999,10123.172939999999,,False,False,False
legacy_first32,no_fault,reroute_from_current_legacy,reroute,False,python_faithful_legacy_astar_wait_horizon_audit,119,8,11,11:storage_in,11,13,27,47,10123.639820000002,28 45,,27 28 47,28,LEGACY_NEXT_GLOBALLY_UNSAFE,hold,28,10124.639820000002,1.0,,,current_node_hold_conflict,edge_capacity,edge_capacity,shield_hold_after_blocked_legacy_next,True,10139.439820000001,branch,none,none,none,none,hold,27,,,10123.639820000002,10124.639820000002,,False,False,False
legacy_first32,no_fault,reroute_from_current_legacy,reroute,False,python_faithful_legacy_astar_wait_horizon_audit,120,9,11,11:storage_in,11,13,27,47,10124.639820000002,28 45,,27 28 47,28,ABSTAIN_NO_TEACHER,no_teacher,28,,0.0,,,current_node_hold_conflict,edge_capacity,edge_capacity,abstain_no_safe_hold,False,10140.439820000001,branch,none,none,none,none,unplanned,,,,,,edge_capacity,True,False,False
legacy_first32,no_fault,reroute_from_current_legacy,reroute,False,python_faithful_legacy_astar_wait_horizon_audit,121,14,10,10:storage_in,10,12,27,47,10125.772939999999,28 45,,27 28 47,28,LEGACY_NEXT_TEMPORARILY_BLOCKED,hold,28,10126.772939999999,1.0,10128.506480000002,2.733540000002904,ok,edge_capacity,edge_capacity,shield_hold_after_blocked_legacy_next,True,10141.572939999998,branch,none,none,none,none,hold,27,,,10125.772939999999,10126.772939999999,,False,False,False
legacy_first32,no_fault,reroute_from_current_legacy,reroute,False,python_faithful_legacy_astar_wait_horizon_audit,122,15,10,10:storage_in,10,12,27,47,10126.772939999999,28 45,,27 28 47,28,LEGACY_NEXT_TEMPORARILY_BLOCKED,hold,28,10127.772939999999,1.0,10128.506480000002,1.733540000002904,ok,edge_capacity,edge_capacity,shield_hold_after_blocked_legacy_next,True,10142.572939999998,branch,none,none,none,none,hold,27,,,10126.772939999999,10127.772939999999,,False,False,False
legacy_first32,no_fault,reroute_from_current_legacy,reroute,False,python_faithful_legacy_astar_wait_horizon_audit,123,16,10,10:storage_in,10,12,27,47,10127.772939999999,28 45,,27 28 47,28,LEGACY_NEXT_TEMPORARILY_BLOCKED,hold,28,10128.772939999999,1.0,10128.506480000002,0.733540000002904,ok,edge_capacity,edge_capacity,shield_hold_after_blocked_legacy_next,True,10143.572939999998,branch,none,none,none,none,hold,27,,,10127.772939999999,10128.772939999999,,False,False,False
legacy_first32,no_fault,reroute_from_current_legacy,reroute,False,python_faithful_legacy_astar_wait_horizon_audit,144,3,14,14:storage_in,14,16,18,47,10679.68828,22,,18 22 24 27 28 47,22,LEGACY_NEXT_TEMPORARILY_BLOCKED,hold,22,10680.68828,1.0,10680.77885,1.090570000000298,ok,edge_capacity,edge_capacity,shield_hold_after_blocked_legacy_next,True,10718.88828,linear,none,none,none,none,hold,18,,,10679.68828,10680.68828,,False,False,False
legacy_first32,no_fault,reroute_from_current_legacy,reroute,False,python_faithful_legacy_astar_wait_horizon_audit,145,4,14,14:storage_in,14,16,18,47,10680.68828,22,,18 22 24 27 28 47,22,LEGACY_NEXT_TEMPORARILY_BLOCKED,hold,22,10681.68828,1.0,10680.77885,0.09057000000029802,ok,edge_capacity,edge_capacity,shield_hold_after_blocked_legacy_next,True,10719.88828,linear,none,none,none,none,hold,18,,,10680.68828,10681.68828,,False,False,False
legacy_first32,no_fault,reroute_from_current_legacy,reroute,False,python_faithful_legacy_astar_wait_horizon_audit,153,4,15,15:storage_in,15,17,18,47,10685.645400000001,22,,18 22 24 27 28 47,22,LEGACY_NEXT_TEMPORARILY_BLOCKED,hold,22,10686.645400000001,1.0,10690.08828,4.442879999998695,ok,edge_capacity,edge_capacity,shield_hold_after_blocked_legacy_next,True,10724.8454,linear,none,none,none,none,hold,18,,,10685.645400000001,10686.645400000001,,False,False,False
legacy_first32,no_fault,reroute_from_current_legacy,reroute,False,python_faithful_legacy_astar_wait_horizon_audit,156,5,15,15:storage_in,15,17,18,47,10686.645400000001,22,,18 22 24 27 28 47,22,LEGACY_NEXT_TEMPORARILY_BLOCKED,hold,22,10687.645400000001,1.0,10690.08828,3.442879999998695,ok,edge_capacity,edge_capacity,shield_hold_after_blocked_legacy_next,True,10725.8454,linear,none,none,none,none,hold,18,,,10686.645400000001,10687.645400000001,,False,False,False
legacy_first32,no_fault,reroute_from_current_legacy,reroute,False,python_faithful_legacy_astar_wait_horizon_audit,158,6,15,15:storage_in,15,17,18,47,10687.645400000001,22,,18 22 24 27 28 47,22,LEGACY_NEXT_TEMPORARILY_BLOCKED,hold,22,10688.645400000001,1.0,10690.08828,2.442879999998695,ok,edge_capacity,edge_capacity,shield_hold_after_blocked_legacy_next,True,10726.8454,linear,none,none,none,none,hold,18,,,10687.645400000001,10688.645400000001,,False,False,False
legacy_first32,no_fault,reroute_from_current_legacy,reroute,False,python_faithful_legacy_astar_wait_horizon_audit,162,7,15,15:storage_in,15,17,18,47,10688.645400000001,22,,18 22 24 27 28 47,22,LEGACY_NEXT_GLOBALLY_UNSAFE,hold,22,10689.645400000001,1.0,,,current_node_hold_conflict,edge_capacity,edge_capacity,shield_hold_after_blocked_legacy_next,True,10727.8454,linear,none,none,none,none,hold,18,,,10688.645400000001,10689.645400000001,,False,False,False
legacy_first32,no_fault,reroute_from_current_legacy,reroute,False,python_faithful_legacy_astar_wait_horizon_audit,164,8,15,15:storage_in,15,17,18,47,10689.645400000001,22,,18 22 24 27 28 47,22,ABSTAIN_NO_TEACHER,no_teacher,22,,0.0,,,current_node_hold_conflict,edge_capacity,edge_capacity,abstain_no_safe_hold,False,10728.8454,linear,none,none,none,none,unplanned,,,,,,edge_capacity,True,False,False
legacy_first32,no_fault,reroute_from_current_legacy,reroute,False,python_faithful_legacy_astar_wait_horizon_audit,173,3,19,19:storage_in,19,21,8,47,10695.21115,11,,8 11 13 23 24 27 28 47,11,LEGACY_NEXT_TEMPORARILY_BLOCKED,hold,11,10696.21115,1.0,10695.67782,0.4666700000016135,ok,edge_capacity,edge_capacity,shield_hold_after_blocked_legacy_next,True,10736.811150000001,linear,none,none,none,none,hold,8,,,10695.21115,10696.21115,,False,False,False
legacy_first32,no_fault,reroute_from_current_legacy,reroute,False,python_faithful_legacy_astar_wait_horizon_audit,179,4,20,20:storage_in,20,22,18,47,10697.90327,22,,18 22 24 27 28 47,22,LEGACY_NEXT_TEMPORARILY_BLOCKED,hold,22,10698.90327,1.0,10699.259530000001,1.356260000000475,ok,edge_capacity,edge_capacity,shield_hold_after_blocked_legacy_next,True,10737.10327,linear,none,none,none,none,hold,18,,,10697.90327,10698.90327,,False,False,False
legacy_first32,no_fault,reroute_from_current_legacy,reroute,False,python_faithful_legacy_astar_wait_horizon_audit,181,5,20,20:storage_in,20,22,18,47,10698.90327,22,,18 22 24 27 28 47,22,LEGACY_NEXT_TEMPORARILY_BLOCKED,hold,22,10699.90327,1.0,10699.259530000001,0.356260000000475,ok,edge_capacity,edge_capacity,shield_hold_after_blocked_legacy_next,True,10738.10327,linear,none,none,none,none,hold,18,,,10698.90327,10699.90327,,False,False,False
legacy_first32,no_fault,reroute_from_current_legacy,reroute,False,python_faithful_legacy_astar_wait_horizon_audit,188,4,18,18:storage_in,18,20,13,47,10704.306470000001,23,23,,,LEGACY_NO_PATH,hold_no_path_probe,,10705.306470000001,1.0,,,,legacy_astar_no_path,legacy_astar_no_path,shield_hold_after_legacy_no_path,True,,linear,none,none,none,none,hold,13,,,10704.306470000001,10705.306470000001,,False,False,False
legacy_first32,no_fault,reroute_from_current_legacy,reroute,False,python_faithful_legacy_astar_wait_horizon_audit,189,5,21,21:storage_in,21,23,11,47,10704.639770000002,13 14,,11 13 23 24 27 28 47,13,LEGACY_NEXT_TEMPORARILY_BLOCKED,hold,13,10705.639770000002,1.0,10707.877820000002,3.23804999999993,ok,edge_capacity,edge_capacity,shield_hold_after_blocked_legacy_next,True,10742.039770000003,branch,none,none,none,none,hold,11,,,10704.639770000002,10705.639770000002,,False,False,False
legacy_first32,no_fault,reroute_from_current_legacy,reroute,False,python_faithful_legacy_astar_wait_horizon_audit,190,5,18,18:storage_in,18,20,13,47,10705.306470000001,23,23,,,LEGACY_NO_PATH,hold_no_path_probe,,10706.306470000001,1.0,,,,legacy_astar_no_path,legacy_astar_no_path,shield_hold_after_legacy_no_path,True,,linear,none,none,none,none,hold,13,,,10705.306470000001,10706.306470000001,,False,False,False
legacy_first32,no_fault,reroute_from_current_legacy,reroute,False,python_faithful_legacy_astar_wait_horizon_audit,191,6,21,21:storage_in,21,23,11,47,10705.639770000002,13 14,,11 13 23 24 27 28 47,13,LEGACY_NEXT_TEMPORARILY_BLOCKED,hold,13,10706.639770000002,1.0,10707.877820000002,2.23804999999993,ok,edge_capacity,edge_capacity,shield_hold_after_blocked_legacy_next,True,10743.039770000003,branch,none,none,none,none,hold,11,,,10705.639770000002,10706.639770000002,,False,False,False
legacy_first32,no_fault,reroute_from_current_legacy,reroute,False,python_faithful_legacy_astar_wait_horizon_audit,194,7,21,21:storage_in,21,23,11,47,10706.639770000002,13 14,,11 13 23 24 27 28 47,13,LEGACY_NEXT_TEMPORARILY_BLOCKED,hold,13,10707.639770000002,1.0,10707.877820000002,1.2380499999999302,ok,edge_capacity,edge_capacity,shield_hold_after_blocked_legacy_next,True,10744.039770000003,branch,none,none,none,none,hold,11,,,10706.639770000002,10707.639770000002,,False,False,False
legacy_first32,no_fault,reroute_from_current_legacy,reroute,False,python_faithful_legacy_astar_wait_horizon_audit,196,8,21,21:storage_in,21,23,11,47,10707.639770000002,13 14,,11 13 23 24 27 28 47,13,LEGACY_NEXT_TEMPORARILY_BLOCKED,hold,13,10708.639770000002,1.0,10707.877820000002,0.23804999999993015,ok,edge_capacity,edge_capacity,shield_hold_after_blocked_legacy_next,True,10745.039770000003,branch,none,none,none,none,hold,11,,,10707.639770000002,10708.639770000002,,False,False,False
legacy_first32,no_fault,reroute_from_current_legacy,reroute,False,python_faithful_legacy_astar_wait_horizon_audit,199,6,17,17:storage_in,17,19,13,47,10708.877820000002,23,,13 23 24 27 28 47,23,LEGACY_NEXT_TEMPORARILY_BLOCKED,hold,23,10709.877820000002,1.0,10709.506470000002,0.6286500000005617,ok,edge_capacity,edge_capacity,shield_hold_after_blocked_legacy_next,True,10734.077820000002,linear,none,none,none,none,hold,13,,,10708.877820000002,10709.877820000002,,False,False,False
legacy_first32,no_fault,reroute_from_current_legacy,reroute,False,python_faithful_legacy_astar_wait_horizon_audit,205,8,18,18:storage_in,18,20,24,47,10713.106470000002,27,,24 27 28 47,27,LEGACY_NEXT_TEMPORARILY_BLOCKED,hold,27,10714.106470000002,1.0,10713.259530000001,0.15305999999873166,ok,edge_capacity,edge_capacity,shield_hold_after_blocked_legacy_next,True,10731.506470000002,linear,none,none,none,none,hold,24,,,10713.106470000002,10714.106470000002,,False,False,False
legacy_first32,no_fault,reroute_from_current_legacy,reroute,False,python_faithful_legacy_astar_wait_horizon_audit,211,10,18,18:storage_in,18,20,27,47,10716.706470000003,28 45,,27 28 47,28,LEGACY_NEXT_GLOBALLY_UNSAFE,hold,28,10717.706470000003,1.0,,,current_node_hold_conflict,edge_capacity,edge_capacity,shield_hold_after_blocked_legacy_next,True,10732.506470000002,branch,none,none,none,none,hold,27,,,10716.706470000003,10717.706470000003,,False,False,False
legacy_first32,no_fault,reroute_from_current_legacy,reroute,False,python_faithful_legacy_astar_wait_horizon_audit,212,7,19,19:storage_in,19,21,46,47,10716.81115,35 36,,46 36 38 39 47,36,LEGACY_NEXT_TEMPORARILY_BLOCKED,hold,36,10717.81115,1.0,10725.68828,8.877130000000761,ok,edge_capacity,edge_capacity,shield_hold_after_blocked_legacy_next,True,10759.811149999998,branch,none,none,none,none,hold,46,,,10716.81115,10717.81115,,False,False,False
legacy_first32,no_fault,reroute_from_current_legacy,reroute,False,python_faithful_legacy_astar_wait_horizon_audit,214,11,18,18:storage_in,18,20,27,47,10717.706470000003,28 45,,27 28 47,28,ABSTAIN_NO_TEACHER,no_teacher,28,,0.0,,,current_node_hold_conflict,edge_capacity,edge_capacity,abstain_no_safe_hold,False,10733.506470000002,branch,none,none,none,none,unplanned,,,,,,edge_capacity,True,False,False
legacy_first32,no_fault,reroute_from_current_legacy,reroute,False,python_faithful_legacy_astar_wait_horizon_audit,215,8,19,19:storage_in,19,21,46,47,10717.81115,35 36,,46 36 38 39 47,36,LEGACY_NEXT_TEMPORARILY_BLOCKED,hold,36,10718.81115,1.0,10725.68828,7.877130000000761,ok,edge_capacity,edge_capacity,shield_hold_after_blocked_legacy_next,True,10760.811149999998,branch,none,none,none,none,hold,46,,,10717.81115,10718.81115,,False,False,False
legacy_first32,no_fault,reroute_from_current_legacy,reroute,False,python_faithful_legacy_astar_wait_horizon_audit,216,9,19,19:storage_in,19,21,46,47,10718.81115,35 36,,46 36 38 39 47,36,LEGACY_NEXT_TEMPORARILY_BLOCKED,hold,36,10719.81115,1.0,10725.68828,6.877130000000761,ok,edge_capacity,edge_capacity,shield_hold_after_blocked_legacy_next,True,10761.811149999998,branch,none,none,none,none,hold,46,,,10718.81115,10719.81115,,False,False,False
legacy_first32,no_fault,reroute_from_current_legacy,reroute,False,python_faithful_legacy_astar_wait_horizon_audit,217,10,17,17:storage_in,17,19,27,47,10719.277820000003,28 45,,27 28 47,28,LEGACY_NEXT_TEMPORARILY_BLOCKED,hold,28,10720.277820000003,1.0,10725.05953,5.781709999997474,ok,edge_capacity,edge_capacity,shield_hold_after_blocked_legacy_next,True,10735.077820000002,branch,none,none,none,none,hold,27,,,10719.277820000003,10720.277820000003,,False,False,False
legacy_first32,no_fault,reroute_from_current_legacy,reroute,False,python_faithful_legacy_astar_wait_horizon_audit,219,10,19,19:storage_in,19,21,46,47,10719.81115,35 36,,46 36 38 39 47,36,LEGACY_NEXT_TEMPORARILY_BLOCKED,hold,36,10720.81115,1.0,10725.68828,5.877130000000761,ok,edge_capacity,edge_capacity,shield_hold_after_blocked_legacy_next,True,10762.811149999998,branch,none,none,none,none,hold,46,,,10719.81115,10720.81115,,False,False,False
legacy_first32,no_fault,reroute_from_current_legacy,reroute,False,python_faithful_legacy_astar_wait_horizon_audit,220,11,17,17:storage_in,17,19,27,47,10720.277820000003,28 45,,27 28 47,28,LEGACY_NEXT_TEMPORARILY_BLOCKED,hold,28,10721.277820000003,1.0,10725.05953,4.781709999997474,ok,edge_capacity,edge_capacity,shield_hold_after_blocked_legacy_next,True,10736.077820000002,branch,none,none,none,none,hold,27,,,10720.277820000003,10721.277820000003,,False,False,False
legacy_first32,no_fault,reroute_from_current_legacy,reroute,False,python_faithful_legacy_astar_wait_horizon_audit,221,11,19,19:storage_in,19,21,46,47,10720.81115,35 36,,46 36 38 39 47,36,LEGACY_NEXT_TEMPORARILY_BLOCKED,hold,36,10721.81115,1.0,10725.68828,4.877130000000761,ok,edge_capacity,edge_capacity,shield_hold_after_blocked_legacy_next,True,10763.811149999998,branch,none,none,none,none,hold,46,,,10720.81115,10721.81115,,False,False,False
legacy_first32,no_fault,reroute_from_current_legacy,reroute,False,python_faithful_legacy_astar_wait_horizon_audit,223,12,17,17:storage_in,17,19,27,47,10721.277820000003,28 45,,27 28 47,28,LEGACY_NEXT_TEMPORARILY_BLOCKED,hold,28,10722.277820000003,1.0,10725.05953,3.7817099999974744,ok,edge_capacity,edge_capacity,shield_hold_after_blocked_legacy_next,True,10737.077820000002,branch,none,none,none,none,hold,27,,,10721.277820000003,10722.277820000003,,False,False,False
legacy_first32,no_fault,reroute_from_current_legacy,reroute,False,python_faithful_legacy_astar_wait_horizon_audit,224,12,19,19:storage_in,19,21,46,47,10721.81115,35 36,,46 36 38 39 47,36,LEGACY_NEXT_TEMPORARILY_BLOCKED,hold,36,10722.81115,1.0,10725.68828,3.8771300000007614,ok,edge_capacity,edge_capacity,shield_hold_after_blocked_legacy_next,True,10764.811149999998,branch,none,none,none,none,hold,46,,,10721.81115,10722.81115,,False,False,False
legacy_first32,no_fault,reroute_from_current_legacy,reroute,False,python_faithful_legacy_astar_wait_horizon_audit,225,13,17,17:storage_in,17,19,27,47,10722.277820000003,28 45,,27 28 47,28,LEGACY_NEXT_TEMPORARILY_BLOCKED,hold,28,10723.277820000003,1.0,10725.05953,2.7817099999974744,ok,edge_capacity,edge_capacity,shield_hold_after_blocked_legacy_next,True,10738.077820000002,branch,none,none,none,none,hold,27,,,10722.277820000003,10723.277820000003,,False,False,False
legacy_first32,no_fault,reroute_from_current_legacy,reroute,False,python_faithful_legacy_astar_wait_horizon_audit,226,13,19,19:storage_in,19,21,46,47,10722.81115,35 36,,46 36 38 39 47,36,LEGACY_NEXT_TEMPORARILY_BLOCKED,hold,36,10723.81115,1.0,10725.68828,2.8771300000007614,ok,edge_capacity,edge_capacity,shield_hold_after_blocked_legacy_next,True,10765.811149999998,branch,none,none,none,none,hold,46,,,10722.81115,10723.81115,,False,False,False
legacy_first32,no_fault,reroute_from_current_legacy,reroute,False,python_faithful_legacy_astar_wait_horizon_audit,227,14,17,17:storage_in,17,19,27,47,10723.277820000003,28 45,,27 28 47,28,LEGACY_NEXT_TEMPORARILY_BLOCKED,hold,28,10724.277820000003,1.0,10725.05953,1.7817099999974744,ok,edge_capacity,edge_capacity,shield_hold_after_blocked_legacy_next,True,10739.077820000002,branch,none,none,none,none,hold,27,,,10723.277820000003,10724.277820000003,,False,False,False
legacy_first32,no_fault,reroute_from_current_legacy,reroute,False,python_faithful_legacy_astar_wait_horizon_audit,228,14,19,19:storage_in,19,21,46,47,10723.81115,35 36,,46 36 38 39 47,36,LEGACY_NEXT_TEMPORARILY_BLOCKED,hold,36,10724.81115,1.0,10725.68828,1.8771300000007614,ok,edge_capacity,edge_capacity,shield_hold_after_blocked_legacy_next,True,10766.811149999998,branch,none,none,none,none,hold,46,,,10723.81115,10724.81115,,False,False,False
legacy_first32,no_fault,reroute_from_current_legacy,reroute,False,python_faithful_legacy_astar_wait_horizon_audit,230,15,17,17:storage_in,17,19,27,47,10724.277820000003,28 45,,27 28 47,28,LEGACY_NEXT_TEMPORARILY_BLOCKED,hold,28,10725.277820000003,1.0,10725.05953,0.7817099999974744,ok,edge_capacity,edge_capacity,shield_hold_after_blocked_legacy_next,True,10740.077820000002,branch,none,none,none,none,hold,27,,,10724.277820000003,10725.277820000003,,False,False,False
legacy_first32,no_fault,reroute_from_current_legacy,reroute,False,python_faithful_legacy_astar_wait_horizon_audit,231,15,19,19:storage_in,19,21,46,47,10724.81115,35 36,,46 36 38 39 47,36,LEGACY_NEXT_TEMPORARILY_BLOCKED,hold,36,10725.81115,1.0,10725.68828,0.8771300000007614,ok,edge_capacity,edge_capacity,shield_hold_after_blocked_legacy_next,True,10767.811149999998,branch,none,none,none,none,hold,46,,,10724.81115,10725.81115,,False,False,False
legacy_first32,no_fault,reroute_from_current_legacy,reroute,False,python_faithful_legacy_astar_wait_horizon_audit,239,12,20,20:storage_in,20,22,46,47,10729.103270000001,35 36,,46 36 38 39 47,36,LEGACY_NEXT_TEMPORARILY_BLOCKED,hold,36,10730.103270000001,1.0,10740.611149999999,11.507879999997385,ok,edge_capacity,edge_capacity,shield_hold_after_blocked_legacy_next,True,10772.10327,branch,none,none,none,none,hold,46,,,10729.103270000001,10730.103270000001,,False,False,False
legacy_first32,no_fault,reroute_from_current_legacy,reroute,False,python_faithful_legacy_astar_wait_horizon_audit,240,13,20,20:storage_in,20,22,46,47,10730.103270000001,35 36,,46 36 38 39 47,36,LEGACY_NEXT_TEMPORARILY_BLOCKED,hold,36,10731.103270000001,1.0,10740.611149999999,10.507879999997385,ok,edge_capacity,edge_capacity,shield_hold_after_blocked_legacy_next,True,10773.10327,branch,none,none,none,none,hold,46,,,10730.103270000001,10731.103270000001,,False,False,False
legacy_first32,no_fault,reroute_from_current_legacy,reroute,False,python_faithful_legacy_astar_wait_horizon_audit,241,13,21,21:storage_in,21,23,27,47,10730.239770000004,28 45,,27 28 47,28,LEGACY_NEXT_TEMPORARILY_BLOCKED,hold,28,10731.239770000004,1.0,10736.077820000002,5.838049999998475,ok,edge_capacity,edge_capacity,shield_hold_after_blocked_legacy_next,True,10746.039770000003,branch,none,none,none,none,hold,27,,,10730.239770000004,10731.239770000004,,False,False,False
legacy_first32,no_fault,reroute_from_current_legacy,reroute,False,python_faithful_legacy_astar_wait_horizon_audit,242,14,20,20:storage_in,20,22,46,47,10731.103270000001,35 36,,46 36 38 39 47,36,LEGACY_NEXT_TEMPORARILY_BLOCKED,hold,36,10732.103270000001,1.0,10740.611149999999,9.507879999997385,ok,edge_capacity,edge_capacity,shield_hold_after_blocked_legacy_next,True,10774.10327,branch,none,none,none,none,hold,46,,,10731.103270000001,10732.103270000001,,False,False,False
legacy_first32,no_fault,reroute_from_current_legacy,reroute,False,python_faithful_legacy_astar_wait_horizon_audit,243,14,21,21:storage_in,21,23,27,47,10731.239770000004,28 45,,27 28 47,28,LEGACY_NEXT_TEMPORARILY_BLOCKED,hold,28,10732.239770000004,1.0,10736.077820000002,4.838049999998475,ok,edge_capacity,edge_capacity,shield_hold_after_blocked_legacy_next,True,10747.039770000003,branch,none,none,none,none,hold,27,,,10731.239770000004,10732.239770000004,,False,False,False
legacy_first32,no_fault,reroute_from_current_legacy,reroute,False,python_faithful_legacy_astar_wait_horizon_audit,244,15,20,20:storage_in,20,22,46,47,10732.103270000001,35 36,,46 36 38 39 47,36,LEGACY_NEXT_TEMPORARILY_BLOCKED,hold,36,10733.103270000001,1.0,10740.611149999999,8.507879999997385,ok,edge_capacity,edge_capacity,shield_hold_after_blocked_legacy_next,True,10775.10327,branch,none,none,none,none,hold,46,,,10732.103270000001,10733.103270000001,,False,False,False
legacy_first32,no_fault,reroute_from_current_legacy,reroute,False,python_faithful_legacy_astar_wait_horizon_audit,245,15,21,21:storage_in,21,23,27,47,10732.239770000004,28 45,,27 28 47,28,LEGACY_NEXT_TEMPORARILY_BLOCKED,hold,28,10733.239770000004,1.0,10736.077820000002,3.838049999998475,ok,edge_capacity,edge_capacity,shield_hold_after_blocked_legacy_next,True,10748.039770000003,branch,none,none,none,none,hold,27,,,10732.239770000004,10733.239770000004,,False,False,False
legacy_first32,no_fault,reroute_from_current_legacy,reroute,False,python_faithful_legacy_astar_wait_horizon_audit,246,16,20,20:storage_in,20,22,46,47,10733.103270000001,35 36,,46 36 38 39 47,36,LEGACY_NEXT_TEMPORARILY_BLOCKED,hold,36,10734.103270000001,1.0,10740.611149999999,7.507879999997385,ok,edge_capacity,edge_capacity,shield_hold_after_blocked_legacy_next,True,10776.10327,branch,none,none,none,none,hold,46,,,10733.103270000001,10734.103270000001,,False,False,False
legacy_first32,no_fault,reroute_from_current_legacy,reroute,False,python_faithful_legacy_astar_wait_horizon_audit,247,16,21,21:storage_in,21,23,27,47,10733.239770000004,28 45,,27 28 47,28,LEGACY_NEXT_TEMPORARILY_BLOCKED,hold,28,10734.239770000004,1.0,10736.077820000002,2.838049999998475,ok,edge_capacity,edge_capacity,shield_hold_after_blocked_legacy_next,True,10749.039770000003,branch,none,none,none,none,hold,27,,,10733.239770000004,10734.239770000004,,False,False,False
legacy_first32,no_fault,reroute_from_current_legacy,reroute,False,python_faithful_legacy_astar_wait_horizon_audit,248,17,20,20:storage_in,20,22,46,47,10734.103270000001,35 36,,46 36 38 39 47,36,LEGACY_NEXT_TEMPORARILY_BLOCKED,hold,36,10735.103270000001,1.0,10740.611149999999,6.507879999997385,ok,edge_capacity,edge_capacity,shield_hold_after_blocked_legacy_next,True,10777.10327,branch,none,none,none,none,hold,46,,,10734.103270000001,10735.103270000001,,False,False,False
legacy_first32,no_fault,reroute_from_current_legacy,reroute,False,python_faithful_legacy_astar_wait_horizon_audit,249,17,21,21:storage_in,21,23,27,47,10734.239770000004,28 45,,27 28 47,28,LEGACY_NEXT_TEMPORARILY_BLOCKED,hold,28,10735.239770000004,1.0,10736.077820000002,1.838049999998475,ok,edge_capacity,edge_capacity,shield_hold_after_blocked_legacy_next,True,10750.039770000003,branch,none,none,none,none,hold,27,,,10734.239770000004,10735.239770000004,,False,False,False
legacy_first32,no_fault,reroute_from_current_legacy,reroute,False,python_faithful_legacy_astar_wait_horizon_audit,250,18,20,20:storage_in,20,22,46,47,10735.103270000001,35 36,,46 36 38 39 47,36,LEGACY_NEXT_TEMPORARILY_BLOCKED,hold,36,10736.103270000001,1.0,10740.611149999999,5.507879999997385,ok,edge_capacity,edge_capacity,shield_hold_after_blocked_legacy_next,True,10778.10327,branch,none,none,none,none,hold,46,,,10735.103270000001,10736.103270000001,,False,False,False
legacy_first32,no_fault,reroute_from_current_legacy,reroute,False,python_faithful_legacy_astar_wait_horizon_audit,251,18,21,21:storage_in,21,23,27,47,10735.239770000004,28 45,,27 28 47,28,LEGACY_NEXT_TEMPORARILY_BLOCKED,hold,28,10736.239770000004,1.0,10736.077820000002,0.838049999998475,ok,edge_capacity,edge_capacity,shield_hold_after_blocked_legacy_next,True,10751.039770000003,branch,none,none,none,none,hold,27,,,10735.239770000004,10736.239770000004,,False,False,False
legacy_first32,no_fault,reroute_from_current_legacy,reroute,False,python_faithful_legacy_astar_wait_horizon_audit,252,19,20,20:storage_in,20,22,46,47,10736.103270000001,35 36,,46 36 38 39 47,36,LEGACY_NEXT_TEMPORARILY_BLOCKED,hold,36,10737.103270000001,1.0,10740.611149999999,4.507879999997385,ok,edge_capacity,edge_capacity,shield_hold_after_blocked_legacy_next,True,10779.10327,branch,none,none,none,none,hold,46,,,10736.103270000001,10737.103270000001,,False,False,False
legacy_first32,no_fault,reroute_from_current_legacy,reroute,False,python_faithful_legacy_astar_wait_horizon_audit,255,20,20,20:storage_in,20,22,46,47,10737.103270000001,35 36,,46 36 38 39 47,36,LEGACY_NEXT_TEMPORARILY_BLOCKED,hold,36,10738.103270000001,1.0,10740.611149999999,3.5078799999973853,ok,edge_capacity,edge_capacity,shield_hold_after_blocked_legacy_next,True,10780.10327,branch,none,none,none,none,hold,46,,,10737.103270000001,10738.103270000001,,False,False,False
legacy_first32,no_fault,reroute_from_current_legacy,reroute,False,python_faithful_legacy_astar_wait_horizon_audit,256,21,20,20:storage_in,20,22,46,47,10738.103270000001,35 36,,46 36 38 39 47,36,LEGACY_NEXT_TEMPORARILY_BLOCKED,hold,36,10739.103270000001,1.0,10740.611149999999,2.5078799999973853,ok,edge_capacity,edge_capacity,shield_hold_after_blocked_legacy_next,True,10781.10327,branch,none,none,none,none,hold,46,,,10738.103270000001,10739.103270000001,,False,False,False
legacy_first32,no_fault,reroute_from_current_legacy,reroute,False,python_faithful_legacy_astar_wait_horizon_audit,257,22,20,20:storage_in,20,22,46,47,10739.103270000001,35 36,,46 36 38 39 47,36,LEGACY_NEXT_TEMPORARILY_BLOCKED,hold,36,10740.103270000001,1.0,10740.611149999999,1.5078799999973853,ok,edge_capacity,edge_capacity,shield_hold_after_blocked_legacy_next,True,10782.10327,branch,none,none,none,none,hold,46,,,10739.103270000001,10740.103270000001,,False,False,False
legacy_first32,no_fault,reroute_from_current_legacy,reroute,False,python_faithful_legacy_astar_wait_horizon_audit,258,23,20,20:storage_in,20,22,46,47,10740.103270000001,35 36,,46 36 38 39 47,36,LEGACY_NEXT_TEMPORARILY_BLOCKED,hold,36,10741.103270000001,1.0,10740.611149999999,0.5078799999973853,ok,edge_capacity,edge_capacity,shield_hold_after_blocked_legacy_next,True,10783.10327,branch,none,none,none,none,hold,46,,,10740.103270000001,10741.103270000001,,False,False,False
legacy_first32,no_fault,reroute_from_current_legacy,reroute,False,python_faithful_legacy_astar_wait_horizon_audit,282,4,24,24:storage_in,24,26,18,47,11264.28296,22,,18 22 24 27 28 47,22,LEGACY_NEXT_TEMPORARILY_BLOCKED,hold,22,11265.28296,1.0,11266.64541,2.3624499999987165,ok,edge_capacity,edge_capacity,shield_hold_after_blocked_legacy_next,True,11303.48296,linear,none,none,none,none,hold,18,,,11264.28296,11265.28296,,False,False,False
legacy_first32,no_fault,reroute_from_current_legacy,reroute,False,python_faithful_legacy_astar_wait_horizon_audit,283,5,24,24:storage_in,24,26,18,47,11265.28296,22,,18 22 24 27 28 47,22,LEGACY_NEXT_TEMPORARILY_BLOCKED,hold,22,11266.28296,1.0,11266.64541,1.3624499999987165,ok,edge_capacity,edge_capacity,shield_hold_after_blocked_legacy_next,True,11304.48296,linear,none,none,none,none,hold,18,,,11265.28296,11266.28296,,False,False,False
legacy_first32,no_fault,reroute_from_current_legacy,reroute,False,python_faithful_legacy_astar_wait_horizon_audit,284,6,24,24:storage_in,24,26,18,47,11266.28296,22,,18 22 24 27 28 47,22,LEGACY_NEXT_TEMPORARILY_BLOCKED,hold,22,11267.28296,1.0,11266.64541,0.3624499999987165,ok,edge_capacity,edge_capacity,shield_hold_after_blocked_legacy_next,True,11305.48296,linear,none,none,none,none,hold,18,,,11266.28296,11267.28296,,False,False,False
legacy_first32,no_fault,reroute_from_current_legacy,reroute,False,python_faithful_legacy_astar_wait_horizon_audit,288,1,26,26:storage_in,26,28,4,47,11269.33434,17,,4 17 18 22 24 27 28 47,17,LEGACY_NEXT_TEMPORARILY_BLOCKED,hold,17,11270.33434,1.0,11271.416360000001,2.0820200000016484,ok,edge_capacity,edge_capacity,shield_hold_after_blocked_legacy_next,True,11315.734339999999,linear,none,none,none,none,hold,4,,,11269.33434,11270.33434,,False,False,False
legacy_first32,no_fault,reroute_from_current_legacy,reroute,False,python_faithful_legacy_astar_wait_horizon_audit,289,2,26,26:storage_in,26,28,4,47,11270.33434,17,,4 17 18 22 24 27 28 47,17,LEGACY_NEXT_TEMPORARILY_BLOCKED,hold,17,11271.33434,1.0,11271.416360000001,1.0820200000016484,ok,edge_capacity,edge_capacity,shield_hold_after_blocked_legacy_next,True,11316.734339999999,linear,none,none,none,none,hold,4,,,11270.33434,11271.33434,,False,False,False
legacy_first32,no_fault,reroute_from_current_legacy,reroute,False,python_faithful_legacy_astar_wait_horizon_audit,291,3,26,26:storage_in,26,28,4,47,11271.33434,17,,4 17 18 22 24 27 28 47,17,LEGACY_NEXT_TEMPORARILY_BLOCKED,hold,17,11272.33434,1.0,11271.416360000001,0.08202000000164844,ok,edge_capacity,edge_capacity,shield_hold_after_blocked_legacy_next,True,11317.734339999999,linear,none,none,none,none,hold,4,,,11271.33434,11272.33434,,False,False,False
legacy_first32,no_fault,reroute_from_current_legacy,reroute,False,python_faithful_legacy_astar_wait_horizon_audit,298,3,25,25:storage_in,25,27,18,47,11275.016360000001,22,,18 22 24 27 28 47,22,ABSTAIN_NO_TEACHER,no_teacher,22,,0.0,11275.68296,0.6665999999986525,ok,edge_capacity,edge_capacity,abstain_no_safe_hold,False,11314.21636,linear,none,none,none,none,unplanned,,,,,,edge_capacity,True,False,False
legacy_first32,no_fault,reroute_from_current_legacy,reroute,False,python_faithful_legacy_astar_wait_horizon_audit,307,6,26,26:storage_in,26,28,18,47,11279.53434,22,,18 22 24 27 28 47,22,ABSTAIN_NO_TEACHER,no_teacher,22,,0.0,,,current_node_hold_conflict,edge_capacity,edge_capacity,abstain_no_safe_hold,False,11318.734339999999,linear,none,none,none,none,unplanned,,,,,,edge_capacity,True,False,False
legacy_first32,no_fault,reroute_from_current_legacy,reroute,False,python_faithful_legacy_astar_wait_horizon_audit,309,3,30,30:storage_in,30,32,18,47,11281.06746,22,,18 22 24 27 28 47,22,ABSTAIN_NO_TEACHER,no_teacher,22,,0.0,,,current_node_hold_conflict,edge_capacity,edge_capacity,abstain_no_safe_hold,False,11320.26746,linear,none,none,none,none,unplanned,,,,,,edge_capacity,True,False,False
legacy_first32,no_fault,reroute_from_current_legacy,reroute,False,python_faithful_legacy_astar_wait_horizon_audit,312,4,28,28:storage_in,28,30,18,47,11282.949590000002,22,,18 22 24 27 28 47,22,LEGACY_NEXT_TEMPORARILY_BLOCKED,hold,22,11283.949590000002,1.0,11285.31203,2.36243999999715,ok,edge_capacity,edge_capacity,shield_hold_after_blocked_legacy_next,True,11322.14959,linear,none,none,none,none,hold,18,,,11282.949590000002,11283.949590000002,,False,False,False
legacy_first32,no_fault,reroute_from_current_legacy,reroute,False,python_faithful_legacy_astar_wait_horizon_audit,313,5,28,28:storage_in,28,30,18,47,11283.949590000002,22,,18 22 24 27 28 47,22,LEGACY_NEXT_TEMPORARILY_BLOCKED,hold,22,11284.949590000002,1.0,11285.31203,1.3624399999971502,ok,edge_capacity,edge_capacity,shield_hold_after_blocked_legacy_next,True,11323.14959,linear,none,none,none,none,hold,18,,,11283.949590000002,11284.949590000002,,False,False,False
legacy_first32,no_fault,reroute_from_current_legacy,reroute,False,python_faithful_legacy_astar_wait_horizon_audit,316,6,28,28:storage_in,28,30,18,47,11284.949590000002,22,,18 22 24 27 28 47,22,LEGACY_NEXT_TEMPORARILY_BLOCKED,hold,22,11285.949590000002,1.0,11285.31203,0.36243999999715015,ok,edge_capacity,edge_capacity,shield_hold_after_blocked_legacy_next,True,11324.14959,linear,none,none,none,none,hold,18,,,11284.949590000002,11285.949590000002,,False,False,False
legacy_first32,no_fault,reroute_from_current_legacy,reroute,False,python_faithful_legacy_astar_wait_horizon_audit,333,7,29,29:storage_in,29,31,27,47,11303.039820000002,28 45,,27 28 47,28,LEGACY_NEXT_TEMPORARILY_BLOCKED,hold,28,11304.039820000002,1.0,11311.112029999998,8.07220999999663,ok,edge_capacity,edge_capacity,shield_hold_after_blocked_legacy_next,True,11318.839820000001,branch,none,none,none,none,hold,27,,,11303.039820000002,11304.039820000002,,False,False,False
legacy_first32,no_fault,reroute_from_current_legacy,reroute,False,python_faithful_legacy_astar_wait_horizon_audit,335,8,29,29:storage_in,29,31,27,47,11304.039820000002,28 45,,27 28 47,28,LEGACY_NEXT_TEMPORARILY_BLOCKED,hold,28,11305.039820000002,1.0,11311.112029999998,7.07220999999663,ok,edge_capacity,edge_capacity,shield_hold_after_blocked_legacy_next,True,11319.839820000001,branch,none,none,none,none,hold,27,,,11304.039820000002,11305.039820000002,,False,False,False
legacy_first32,no_fault,reroute_from_current_legacy,reroute,False,python_faithful_legacy_astar_wait_horizon_audit,336,9,29,29:storage_in,29,31,27,47,11305.039820000002,28 45,,27 28 47,28,LEGACY_NEXT_TEMPORARILY_BLOCKED,hold,28,11306.039820000002,1.0,11311.112029999998,6.07220999999663,ok,edge_capacity,edge_capacity,shield_hold_after_blocked_legacy_next,True,11320.839820000001,branch,none,none,none,none,hold,27,,,11305.039820000002,11306.039820000002,,False,False,False
legacy_first32,no_fault,reroute_from_current_legacy,reroute,False,python_faithful_legacy_astar_wait_horizon_audit,339,10,29,29:storage_in,29,31,27,47,11306.039820000002,28 45,,27 28 47,28,LEGACY_NEXT_TEMPORARILY_BLOCKED,hold,28,11307.039820000002,1.0,11311.112029999998,5.07220999999663,ok,edge_capacity,edge_capacity,shield_hold_after_blocked_legacy_next,True,11321.839820000001,branch,none,none,none,none,hold,27,,,11306.039820000002,11307.039820000002,,False,False,False
legacy_first32,no_fault,reroute_from_current_legacy,reroute,False,python_faithful_legacy_astar_wait_horizon_audit,340,11,29,29:storage_in,29,31,27,47,11307.039820000002,28 45,,27 28 47,28,LEGACY_NEXT_TEMPORARILY_BLOCKED,hold,28,11308.039820000002,1.0,11311.112029999998,4.07220999999663,ok,edge_capacity,edge_capacity,shield_hold_after_blocked_legacy_next,True,11322.839820000001,branch,none,none,none,none,hold,27,,,11307.039820000002,11308.039820000002,,False,False,False
legacy_first32,no_fault,reroute_from_current_legacy,reroute,False,python_faithful_legacy_astar_wait_horizon_audit,342,12,29,29:storage_in,29,31,27,47,11308.039820000002,28 45,,27 28 47,28,LEGACY_NEXT_GLOBALLY_UNSAFE,hold,28,11309.039820000002,1.0,,,current_node_hold_conflict,edge_capacity,edge_capacity,shield_hold_after_blocked_legacy_next,True,11323.839820000001,branch,none,none,none,none,hold,27,,,11308.039820000002,11309.039820000002,,False,False,False
legacy_first32,no_fault,reroute_from_current_legacy,reroute,False,python_faithful_legacy_astar_wait_horizon_audit,343,13,29,29:storage_in,29,31,27,47,11309.039820000002,28 45,,27 28 47,28,ABSTAIN_NO_TEACHER,no_teacher,28,,0.0,,,current_node_hold_conflict,edge_capacity,edge_capacity,abstain_no_safe_hold,False,11324.839820000001,branch,none,none,none,none,unplanned,,,,,,edge_capacity,True,False,False
legacy_first32,no_fault,reroute_from_current_legacy,reroute,False,python_faithful_legacy_astar_wait_horizon_audit,345,8,31,31:storage_in,31,33,27,47,11310.344480000003,28 45,,27 28 47,28,LEGACY_NEXT_TEMPORARILY_BLOCKED,hold,28,11311.344480000003,1.0,11311.112029999998,0.7675499999950262,ok,edge_capacity,edge_capacity,shield_hold_after_blocked_legacy_next,True,11326.144480000003,branch,none,none,none,none,hold,27,,,11310.344480000003,11311.344480000003,,False,False,False
legacy_offset32_static16,static_fault,reroute_from_current_legacy,reroute,False,python_faithful_legacy_astar_wait_horizon_audit,19,2,7,39:storage_in,39,41,16,47,11293.374240000001,17 21,,16 21 23 24 27 28 47,21,LEGACY_NEXT_TEMPORARILY_BLOCKED,hold,21,11294.374240000001,1.0,11308.03961,14.665369999998802,ok,edge_capacity,edge_capacity,shield_hold_after_blocked_legacy_next,True,11343.97424,branch,16->17,none,none,none,hold,16,,,11293.374240000001,11294.374240000001,,False,False,False
legacy_offset32_static16,static_fault,reroute_from_current_legacy,reroute,False,python_faithful_legacy_astar_wait_horizon_audit,22,3,7,39:storage_in,39,41,16,47,11294.374240000001,17 21,,16 21 23 24 27 28 47,21,LEGACY_NEXT_TEMPORARILY_BLOCKED,hold,21,11295.374240000001,1.0,11308.03961,13.665369999998802,ok,edge_capacity,edge_capacity,shield_hold_after_blocked_legacy_next,True,11344.97424,branch,16->17,none,none,none,hold,16,,,11294.374240000001,11295.374240000001,,False,False,False
legacy_offset32_static16,static_fault,reroute_from_current_legacy,reroute,False,python_faithful_legacy_astar_wait_horizon_audit,23,3,5,37:storage_in,37,39,18,47,11294.40084,22,,18 22 24 27 28 47,22,LEGACY_NEXT_TEMPORARILY_BLOCKED,hold,22,11295.40084,1.0,11300.93412,6.53327999999965,ok,edge_capacity,edge_capacity,shield_hold_after_blocked_legacy_next,True,11333.60084,linear,16->17,none,none,none,hold,18,,,11294.40084,11295.40084,,False,False,False
legacy_offset32_static16,static_fault,reroute_from_current_legacy,reroute,False,python_faithful_legacy_astar_wait_horizon_audit,25,4,7,39:storage_in,39,41,16,47,11295.374240000001,17 21,,16 21 23 24 27 28 47,21,LEGACY_NEXT_TEMPORARILY_BLOCKED,hold,21,11296.374240000001,1.0,11308.03961,12.665369999998802,ok,edge_capacity,edge_capacity,shield_hold_after_blocked_legacy_next,True,11345.97424,branch,16->17,none,none,none,hold,16,,,11295.374240000001,11296.374240000001,,False,False,False
legacy_offset32_static16,static_fault,reroute_from_current_legacy,reroute,False,python_faithful_legacy_astar_wait_horizon_audit,26,4,5,37:storage_in,37,39,18,47,11295.40084,22,,18 22 24 27 28 47,22,LEGACY_NEXT_TEMPORARILY_BLOCKED,hold,22,11296.40084,1.0,11300.93412,5.53327999999965,ok,edge_capacity,edge_capacity,shield_hold_after_blocked_legacy_next,True,11334.60084,linear,16->17,none,none,none,hold,18,,,11295.40084,11296.40084,,False,False,False
legacy_offset32_static16,static_fault,reroute_from_current_legacy,reroute,False,python_faithful_legacy_astar_wait_horizon_audit,28,5,7,39:storage_in,39,41,16,47,11296.374240000001,17 21,,16 21 23 24 27 28 47,21,LEGACY_NEXT_TEMPORARILY_BLOCKED,hold,21,11297.374240000001,1.0,11308.03961,11.665369999998802,ok,edge_capacity,edge_capacity,shield_hold_after_blocked_legacy_next,True,11346.97424,branch,16->17,none,none,none,hold,16,,,11296.374240000001,11297.374240000001,,False,False,False
legacy_offset32_static16,static_fault,reroute_from_current_legacy,reroute,False,python_faithful_legacy_astar_wait_horizon_audit,29,5,5,37:storage_in,37,39,18,47,11296.40084,22,,18 22 24 27 28 47,22,LEGACY_NEXT_TEMPORARILY_BLOCKED,hold,22,11297.40084,1.0,11300.93412,4.53327999999965,ok,edge_capacity,edge_capacity,shield_hold_after_blocked_legacy_next,True,11335.60084,linear,16->17,none,none,none,hold,18,,,11296.40084,11297.40084,,False,False,False
legacy_offset32_static16,static_fault,reroute_from_current_legacy,reroute,False,python_faithful_legacy_astar_wait_horizon_audit,31,6,7,39:storage_in,39,41,16,47,11297.374240000001,17 21,,16 21 23 24 27 28 47,21,LEGACY_NEXT_TEMPORARILY_BLOCKED,hold,21,11298.374240000001,1.0,11308.03961,10.665369999998802,ok,edge_capacity,edge_capacity,shield_hold_after_blocked_legacy_next,True,11347.97424,branch,16->17,none,none,none,hold,16,,,11297.374240000001,11298.374240000001,,False,False,False
legacy_offset32_static16,static_fault,reroute_from_current_legacy,reroute,False,python_faithful_legacy_astar_wait_horizon_audit,32,6,5,37:storage_in,37,39,18,47,11297.40084,22,,18 22 24 27 28 47,22,LEGACY_NEXT_TEMPORARILY_BLOCKED,hold,22,11298.40084,1.0,11300.93412,3.5332799999996496,ok,edge_capacity,edge_capacity,shield_hold_after_blocked_legacy_next,True,11336.60084,linear,16->17,none,none,none,hold,18,,,11297.40084,11298.40084,,False,False,False
legacy_offset32_static16,static_fault,reroute_from_current_legacy,reroute,False,python_faithful_legacy_astar_wait_horizon_audit,34,7,7,39:storage_in,39,41,16,47,11298.374240000001,17 21,,16 21 23 24 27 28 47,21,LEGACY_NEXT_TEMPORARILY_BLOCKED,hold,21,11299.374240000001,1.0,11308.03961,9.665369999998802,ok,edge_capacity,edge_capacity,shield_hold_after_blocked_legacy_next,True,11348.97424,branch,16->17,none,none,none,hold,16,,,11298.374240000001,11299.374240000001,,False,False,False
legacy_offset32_static16,static_fault,reroute_from_current_legacy,reroute,False,python_faithful_legacy_astar_wait_horizon_audit,35,7,5,37:storage_in,37,39,18,47,11298.40084,22,,18 22 24 27 28 47,22,LEGACY_NEXT_TEMPORARILY_BLOCKED,hold,22,11299.40084,1.0,11300.93412,2.5332799999996496,ok,edge_capacity,edge_capacity,shield_hold_after_blocked_legacy_next,True,11337.60084,linear,16->17,none,none,none,hold,18,,,11298.40084,11299.40084,,False,False,False
legacy_offset32_static16,static_fault,reroute_from_current_legacy,reroute,False,python_faithful_legacy_astar_wait_horizon_audit,37,8,7,39:storage_in,39,41,16,47,11299.374240000001,17 21,,16 21 23 24 27 28 47,21,LEGACY_NEXT_TEMPORARILY_BLOCKED,hold,21,11300.374240000001,1.0,11308.03961,8.665369999998802,ok,edge_capacity,edge_capacity,shield_hold_after_blocked_legacy_next,True,11349.97424,branch,16->17,none,none,none,hold,16,,,11299.374240000001,11300.374240000001,,False,False,False
legacy_offset32_static16,static_fault,reroute_from_current_legacy,reroute,False,python_faithful_legacy_astar_wait_horizon_audit,38,8,5,37:storage_in,37,39,18,47,11299.40084,22,,18 22 24 27 28 47,22,LEGACY_NEXT_TEMPORARILY_BLOCKED,hold,22,11300.40084,1.0,11300.93412,1.5332799999996496,ok,edge_capacity,edge_capacity,shield_hold_after_blocked_legacy_next,True,11338.60084,linear,16->17,none,none,none,hold,18,,,11299.40084,11300.40084,,False,False,False
legacy_offset32_static16,static_fault,reroute_from_current_legacy,reroute,False,python_faithful_legacy_astar_wait_horizon_audit,40,9,7,39:storage_in,39,41,16,47,11300.374240000001,17 21,,16 21 23 24 27 28 47,21,LEGACY_NEXT_TEMPORARILY_BLOCKED,hold,21,11301.374240000001,1.0,11308.03961,7.665369999998802,ok,edge_capacity,edge_capacity,shield_hold_after_blocked_legacy_next,True,11350.97424,branch,16->17,none,none,none,hold,16,,,11300.374240000001,11301.374240000001,,False,False,False
legacy_offset32_static16,static_fault,reroute_from_current_legacy,reroute,False,python_faithful_legacy_astar_wait_horizon_audit,41,9,5,37:storage_in,37,39,18,47,11300.40084,22,,18 22 24 27 28 47,22,LEGACY_NEXT_TEMPORARILY_BLOCKED,hold,22,11301.40084,1.0,11300.93412,0.5332799999996496,ok,edge_capacity,edge_capacity,shield_hold_after_blocked_legacy_next,True,11339.60084,linear,16->17,none,none,none,hold,18,,,11300.40084,11301.40084,,False,False,False
legacy_offset32_static16,static_fault,reroute_from_current_legacy,reroute,False,python_faithful_legacy_astar_wait_horizon_audit,42,10,7,39:storage_in,39,41,16,47,11301.374240000001,17 21,,16 21 23 24 27 28 47,21,LEGACY_NEXT_TEMPORARILY_BLOCKED,hold,21,11302.374240000001,1.0,11308.03961,6.665369999998802,ok,edge_capacity,edge_capacity,shield_hold_after_blocked_legacy_next,True,11351.97424,branch,16->17,none,none,none,hold,16,,,11301.374240000001,11302.374240000001,,False,False,False
legacy_offset32_static16,static_fault,reroute_from_current_legacy,reroute,False,python_faithful_legacy_astar_wait_horizon_audit,46,11,7,39:storage_in,39,41,16,47,11302.374240000001,17 21,,16 21 23 24 27 28 47,21,LEGACY_NEXT_TEMPORARILY_BLOCKED,hold,21,11303.374240000001,1.0,11308.03961,5.665369999998802,ok,edge_capacity,edge_capacity,shield_hold_after_blocked_legacy_next,True,11352.97424,branch,16->17,none,none,none,hold,16,,,11302.374240000001,11303.374240000001,,False,False,False
legacy_offset32_static16,static_fault,reroute_from_current_legacy,reroute,False,python_faithful_legacy_astar_wait_horizon_audit,47,12,7,39:storage_in,39,41,16,47,11303.374240000001,17 21,,16 21 23 24 27 28 47,21,LEGACY_NEXT_TEMPORARILY_BLOCKED,hold,21,11304.374240000001,1.0,11308.03961,4.665369999998802,ok,edge_capacity,edge_capacity,shield_hold_after_blocked_legacy_next,True,11353.97424,branch,16->17,none,none,none,hold,16,,,11303.374240000001,11304.374240000001,,False,False,False
legacy_offset32_static16,static_fault,reroute_from_current_legacy,reroute,False,python_faithful_legacy_astar_wait_horizon_audit,48,13,7,39:storage_in,39,41,16,47,11304.374240000001,17 21,,16 21 23 24 27 28 47,21,LEGACY_NEXT_TEMPORARILY_BLOCKED,hold,21,11305.374240000001,1.0,11308.03961,3.665369999998802,ok,edge_capacity,edge_capacity,shield_hold_after_blocked_legacy_next,True,11354.97424,branch,16->17,none,none,none,hold,16,,,11304.374240000001,11305.374240000001,,False,False,False
legacy_offset32_static16,static_fault,reroute_from_current_legacy,reroute,False,python_faithful_legacy_astar_wait_horizon_audit,49,5,6,38:storage_in,38,40,11,47,11304.45449,13 14,,11 13 23 24 27 28 47,13,LEGACY_NEXT_TEMPORARILY_BLOCKED,hold,13,11305.45449,1.0,11305.173150000002,0.7186600000022736,ok,edge_capacity,edge_capacity,shield_hold_after_blocked_legacy_next,True,11341.854490000002,branch,16->17,none,none,none,hold,11,,,11304.45449,11305.45449,,False,False,False
legacy_offset32_static16,static_fault,reroute_from_current_legacy,reroute,False,python_faithful_legacy_astar_wait_horizon_audit,50,14,7,39:storage_in,39,41,16,47,11305.374240000001,17 21,,16 21 23 24 27 28 47,21,LEGACY_NEXT_TEMPORARILY_BLOCKED,hold,21,11306.374240000001,1.0,11308.03961,2.665369999998802,ok,edge_capacity,edge_capacity,shield_hold_after_blocked_legacy_next,True,11355.97424,branch,16->17,none,none,none,hold,16,,,11305.374240000001,11306.374240000001,,False,False,False
legacy_offset32_static16,static_fault,reroute_from_current_legacy,reroute,False,python_faithful_legacy_astar_wait_horizon_audit,53,6,0,32:storage_in,32,34,13,47,11306.173150000002,23,23,,,LEGACY_NO_PATH,hold_no_path_probe,,11307.173150000002,1.0,,,,legacy_astar_no_path,legacy_astar_no_path,shield_hold_after_legacy_no_path,True,,linear,16->17,none,none,none,hold,13,,,11306.173150000002,11307.173150000002,,False,False,False
legacy_offset32_static16,static_fault,reroute_from_current_legacy,reroute,False,python_faithful_legacy_astar_wait_horizon_audit,54,15,7,39:storage_in,39,41,16,47,11306.374240000001,17 21,,16 21 23 24 27 28 47,21,LEGACY_NEXT_TEMPORARILY_BLOCKED,hold,21,11307.374240000001,1.0,11308.03961,1.665369999998802,ok,edge_capacity,edge_capacity,shield_hold_after_blocked_legacy_next,True,11356.97424,branch,16->17,none,none,none,hold,16,,,11306.374240000001,11307.374240000001,,False,False,False
legacy_offset32_static16,static_fault,reroute_from_current_legacy,reroute,False,python_faithful_legacy_astar_wait_horizon_audit,55,7,0,32:storage_in,32,34,13,47,11307.173150000002,23,23,,,LEGACY_NO_PATH,hold_no_path_probe,,11308.173150000002,1.0,,,,legacy_astar_no_path,legacy_astar_no_path,shield_hold_after_legacy_no_path,True,,linear,16->17,none,none,none,hold,13,,,11307.173150000002,11308.173150000002,,False,False,False
legacy_offset32_static16,static_fault,reroute_from_current_legacy,reroute,False,python_faithful_legacy_astar_wait_horizon_audit,57,16,7,39:storage_in,39,41,16,47,11307.374240000001,17 21,,16 21 23 24 27 28 47,21,LEGACY_NEXT_TEMPORARILY_BLOCKED,hold,21,11308.374240000001,1.0,11308.03961,0.6653699999988021,ok,edge_capacity,edge_capacity,shield_hold_after_blocked_legacy_next,True,11357.97424,branch,16->17,none,none,none,hold,16,,,11307.374240000001,11308.374240000001,,False,False,False
legacy_offset32_static16,static_fault,reroute_from_current_legacy,reroute,False,python_faithful_legacy_astar_wait_horizon_audit,71,6,3,35:storage_in,35,37,27,47,11315.93412,28 45,,27 28 47,28,ABSTAIN_NO_TEACHER,no_teacher,28,,0.0,,,current_node_hold_conflict,edge_capacity,edge_capacity,abstain_no_safe_hold,False,11331.73412,branch,16->17,none,none,none,unplanned,,,,,,edge_capacity,True,False,False
legacy_offset32_static16,static_fault,reroute_from_current_legacy,reroute,False,python_faithful_legacy_astar_wait_horizon_audit,74,11,0,32:storage_in,32,34,27,47,11317.573150000004,28 45,,27 28 47,28,LEGACY_NEXT_GLOBALLY_UNSAFE,hold,28,11318.573150000004,1.0,,,current_node_hold_conflict,edge_capacity,edge_capacity,shield_hold_after_blocked_legacy_next,True,11333.373150000003,branch,16->17,none,none,none,hold,27,,,11317.573150000004,11318.573150000004,,False,False,False
legacy_offset32_static16,static_fault,reroute_from_current_legacy,reroute,False,python_faithful_legacy_astar_wait_horizon_audit,76,12,0,32:storage_in,32,34,27,47,11318.573150000004,28 45,,27 28 47,28,ABSTAIN_NO_TEACHER,no_teacher,28,,0.0,,,current_node_hold_conflict,edge_capacity,edge_capacity,abstain_no_safe_hold,False,11334.373150000003,branch,16->17,none,none,none,unplanned,,,,,,edge_capacity,True,False,False
legacy_offset32_static16,static_fault,reroute_from_current_legacy,reroute,False,python_faithful_legacy_astar_wait_horizon_audit,79,6,2,34:storage_in,34,36,27,47,11320.03961,28 45,,27 28 47,28,ABSTAIN_NO_TEACHER,no_teacher,28,,0.0,,,current_node_hold_conflict,edge_capacity,edge_capacity,abstain_no_safe_hold,False,11335.839609999999,branch,16->17,none,none,none,unplanned,,,,,,edge_capacity,True,False,False
legacy_offset32_static16,static_fault,reroute_from_current_legacy,reroute,False,python_faithful_legacy_astar_wait_horizon_audit,81,7,8,40:storage_in,40,42,27,47,11321.744440000002,28 45,,27 28 47,28,LEGACY_NEXT_TEMPORARILY_BLOCKED,hold,28,11322.744440000002,1.0,11321.83983,0.09538999999858788,ok,edge_capacity,edge_capacity,shield_hold_after_blocked_legacy_next,True,11337.544440000001,branch,16->17,none,none,none,hold,27,,,11321.744440000002,11322.744440000002,,False,False,False
legacy_offset32_static16,static_fault,reroute_from_current_legacy,reroute,False,python_faithful_legacy_astar_wait_horizon_audit,87,10,6,38:storage_in,38,40,27,47,11327.054490000002,28 45,,27 28 47,28,LEGACY_NEXT_TEMPORARILY_BLOCKED,hold,28,11328.054490000002,1.0,11333.544440000001,6.489949999999226,ok,edge_capacity,edge_capacity,shield_hold_after_blocked_legacy_next,True,11342.854490000002,branch,16->17,none,none,none,hold,27,,,11327.054490000002,11328.054490000002,,False,False,False
legacy_offset32_static16,static_fault,reroute_from_current_legacy,reroute,False,python_faithful_legacy_astar_wait_horizon_audit,89,11,6,38:storage_in,38,40,27,47,11328.054490000002,28 45,,27 28 47,28,LEGACY_NEXT_TEMPORARILY_BLOCKED,hold,28,11329.054490000002,1.0,11333.544440000001,5.489949999999226,ok,edge_capacity,edge_capacity,shield_hold_after_blocked_legacy_next,True,11343.854490000002,branch,16->17,none,none,none,hold,27,,,11328.054490000002,11329.054490000002,,False,False,False
legacy_offset32_static16,static_fault,reroute_from_current_legacy,reroute,False,python_faithful_legacy_astar_wait_horizon_audit,90,12,6,38:storage_in,38,40,27,47,11329.054490000002,28 45,,27 28 47,28,LEGACY_NEXT_TEMPORARILY_BLOCKED,hold,28,11330.054490000002,1.0,11333.544440000001,4.489949999999226,ok,edge_capacity,edge_capacity,shield_hold_after_blocked_legacy_next,True,11344.854490000002,branch,16->17,none,none,none,hold,27,,,11329.054490000002,11330.054490000002,,False,False,False
legacy_offset32_static16,static_fault,reroute_from_current_legacy,reroute,False,python_faithful_legacy_astar_wait_horizon_audit,91,13,6,38:storage_in,38,40,27,47,11330.054490000002,28 45,,27 28 47,28,LEGACY_NEXT_TEMPORARILY_BLOCKED,hold,28,11331.054490000002,1.0,11333.544440000001,3.489949999999226,ok,edge_capacity,edge_capacity,shield_hold_after_blocked_legacy_next,True,11345.854490000002,branch,16->17,none,none,none,hold,27,,,11330.054490000002,11331.054490000002,,False,False,False
legacy_offset32_static16,static_fault,reroute_from_current_legacy,reroute,False,python_faithful_legacy_astar_wait_horizon_audit,93,14,6,38:storage_in,38,40,27,47,11331.054490000002,28 45,,27 28 47,28,LEGACY_NEXT_TEMPORARILY_BLOCKED,hold,28,11332.054490000002,1.0,11333.544440000001,2.489949999999226,ok,edge_capacity,edge_capacity,shield_hold_after_blocked_legacy_next,True,11346.854490000002,branch,16->17,none,none,none,hold,27,,,11331.054490000002,11332.054490000002,,False,False,False
legacy_offset32_static16,static_fault,reroute_from_current_legacy,reroute,False,python_faithful_legacy_astar_wait_horizon_audit,95,15,6,38:storage_in,38,40,27,47,11332.054490000002,28 45,,27 28 47,28,LEGACY_NEXT_TEMPORARILY_BLOCKED,hold,28,11333.054490000002,1.0,11333.544440000001,1.4899499999992258,ok,edge_capacity,edge_capacity,shield_hold_after_blocked_legacy_next,True,11347.854490000002,branch,16->17,none,none,none,hold,27,,,11332.054490000002,11333.054490000002,,False,False,False
legacy_offset32_static16,static_fault,reroute_from_current_legacy,reroute,False,python_faithful_legacy_astar_wait_horizon_audit,97,16,6,38:storage_in,38,40,27,47,11333.054490000002,28 45,,27 28 47,28,LEGACY_NEXT_TEMPORARILY_BLOCKED,hold,28,11334.054490000002,1.0,11333.544440000001,0.48994999999922584,ok,edge_capacity,edge_capacity,shield_hold_after_blocked_legacy_next,True,11348.854490000002,branch,16->17,none,none,none,hold,27,,,11333.054490000002,11334.054490000002,,False,False,False
legacy_offset32_static16,static_fault,reroute_from_current_legacy,reroute,False,python_faithful_legacy_astar_wait_horizon_audit,102,21,7,39:storage_in,39,41,27,47,11343.17424,28 45,,27 28 47,28,LEGACY_NEXT_TEMPORARILY_BLOCKED,hold,28,11344.17424,1.0,11344.854490000002,1.6802500000012515,ok,edge_capacity,edge_capacity,shield_hold_after_blocked_legacy_next,True,11358.97424,branch,16->17,none,none,none,hold,27,,,11343.17424,11344.17424,,False,False,False
legacy_offset32_static16,static_fault,reroute_from_current_legacy,reroute,False,python_faithful_legacy_astar_wait_horizon_audit,103,22,7,39:storage_in,39,41,27,47,11344.17424,28 45,,27 28 47,28,LEGACY_NEXT_TEMPORARILY_BLOCKED,hold,28,11345.17424,1.0,11344.854490000002,0.6802500000012515,ok,edge_capacity,edge_capacity,shield_hold_after_blocked_legacy_next,True,11359.97424,branch,16->17,none,none,none,hold,27,,,11344.17424,11345.17424,,False,False,False
legacy_offset32_static16,static_fault,reroute_from_current_legacy,reroute,False,python_faithful_legacy_astar_wait_horizon_audit,140,6,10,42:storage_in,42,44,27,47,11885.21553,28 45,,27 28 47,28,LEGACY_NEXT_TEMPORARILY_BLOCKED,hold,28,11886.21553,1.0,11890.206600000001,4.991070000001855,ok,edge_capacity,edge_capacity,shield_hold_after_blocked_legacy_next,True,11901.015529999999,branch,16->17,none,none,none,hold,27,,,11885.21553,11886.21553,,False,False,False
legacy_offset32_static16,static_fault,reroute_from_current_legacy,reroute,False,python_faithful_legacy_astar_wait_horizon_audit,141,7,10,42:storage_in,42,44,27,47,11886.21553,28 45,,27 28 47,28,LEGACY_NEXT_TEMPORARILY_BLOCKED,hold,28,11887.21553,1.0,11890.206600000001,3.991070000001855,ok,edge_capacity,edge_capacity,shield_hold_after_blocked_legacy_next,True,11902.015529999999,branch,16->17,none,none,none,hold,27,,,11886.21553,11887.21553,,False,False,False
legacy_offset32_static16,static_fault,reroute_from_current_legacy,reroute,False,python_faithful_legacy_astar_wait_horizon_audit,143,8,10,42:storage_in,42,44,27,47,11887.21553,28 45,,27 28 47,28,LEGACY_NEXT_TEMPORARILY_BLOCKED,hold,28,11888.21553,1.0,11890.206600000001,2.991070000001855,ok,edge_capacity,edge_capacity,shield_hold_after_blocked_legacy_next,True,11903.015529999999,branch,16->17,none,none,none,hold,27,,,11887.21553,11888.21553,,False,False,False
legacy_offset32_static16,static_fault,reroute_from_current_legacy,reroute,False,python_faithful_legacy_astar_wait_horizon_audit,144,9,10,42:storage_in,42,44,27,47,11888.21553,28 45,,27 28 47,28,LEGACY_NEXT_TEMPORARILY_BLOCKED,hold,28,11889.21553,1.0,11890.206600000001,1.991070000001855,ok,edge_capacity,edge_capacity,shield_hold_after_blocked_legacy_next,True,11904.015529999999,branch,16->17,none,none,none,hold,27,,,11888.21553,11889.21553,,False,False,False
legacy_offset32_static16,static_fault,reroute_from_current_legacy,reroute,False,python_faithful_legacy_astar_wait_horizon_audit,146,10,10,42:storage_in,42,44,27,47,11889.21553,28 45,,27 28 47,28,LEGACY_NEXT_TEMPORARILY_BLOCKED,hold,28,11890.21553,1.0,11890.206600000001,0.9910700000018551,ok,edge_capacity,edge_capacity,shield_hold_after_blocked_legacy_next,True,11905.015529999999,branch,16->17,none,none,none,hold,27,,,11889.21553,11890.21553,,False,False,False
legacy_offset32_static16,static_fault,reroute_from_current_legacy,reroute,False,python_faithful_legacy_astar_wait_horizon_audit,155,5,13,45:storage_in,45,47,13,47,11895.61115,23,,,,LEGACY_NO_PATH,hold_no_path_probe,,11896.61115,1.0,,,,legacy_astar_no_path,legacy_astar_no_path,shield_hold_after_legacy_no_path,True,,linear,16->17,none,none,none,hold,13,,,11895.61115,11896.61115,,False,False,False
legacy_offset32_static16,static_fault,reroute_from_current_legacy,reroute,False,python_faithful_legacy_astar_wait_horizon_audit,156,6,13,45:storage_in,45,47,13,47,11896.61115,23,,,,LEGACY_NO_PATH,hold_no_path_probe,,11897.61115,1.0,,,,legacy_astar_no_path,legacy_astar_no_path,shield_hold_after_legacy_no_path,True,,linear,16->17,none,none,none,hold,13,,,11896.61115,11897.61115,,False,False,False
legacy_offset32_static16,static_fault,reroute_from_current_legacy,reroute,False,python_faithful_legacy_astar_wait_horizon_audit,157,7,13,45:storage_in,45,47,13,47,11897.61115,23,23,,,LEGACY_NO_PATH,hold_no_path_probe,,11898.61115,1.0,,,,legacy_astar_no_path,legacy_astar_no_path,shield_hold_after_legacy_no_path,True,,linear,16->17,none,none,none,hold,13,,,11897.61115,11898.61115,,False,False,False
legacy_offset32_static16,static_fault,reroute_from_current_legacy,reroute,False,python_faithful_legacy_astar_wait_horizon_audit,165,5,14,46:storage_in,46,48,24,47,11903.94881,27,,24 27 28 47,27,ABSTAIN_NO_TEACHER,no_teacher,27,,0.0,11904.348899999999,0.4000899999991816,ok,edge_capacity,edge_capacity,abstain_no_safe_hold,False,11922.34881,linear,16->17,none,none,none,unplanned,,,,,,edge_capacity,True,False,False
legacy_offset32_static16,static_fault,reroute_from_current_legacy,reroute,False,python_faithful_legacy_astar_wait_horizon_audit,169,11,13,45:storage_in,45,47,27,47,11908.011150000002,28 45,,27 28 47,28,LEGACY_NEXT_TEMPORARILY_BLOCKED,hold,28,11909.011150000002,1.0,11916.148899999998,8.137749999996231,ok,edge_capacity,edge_capacity,shield_hold_after_blocked_legacy_next,True,11923.811150000001,branch,16->17,none,none,none,hold,27,,,11908.011150000002,11909.011150000002,,False,False,False
legacy_offset32_static16,static_fault,reroute_from_current_legacy,reroute,False,python_faithful_legacy_astar_wait_horizon_audit,170,12,13,45:storage_in,45,47,27,47,11909.011150000002,28 45,,27 28 47,28,LEGACY_NEXT_TEMPORARILY_BLOCKED,hold,28,11910.011150000002,1.0,11916.148899999998,7.137749999996231,ok,edge_capacity,edge_capacity,shield_hold_after_blocked_legacy_next,True,11924.811150000001,branch,16->17,none,none,none,hold,27,,,11909.011150000002,11910.011150000002,,False,False,False
legacy_offset32_static16,static_fault,reroute_from_current_legacy,reroute,False,python_faithful_legacy_astar_wait_horizon_audit,171,13,13,45:storage_in,45,47,27,47,11910.011150000002,28 45,,27 28 47,28,LEGACY_NEXT_TEMPORARILY_BLOCKED,hold,28,11911.011150000002,1.0,11916.148899999998,6.137749999996231,ok,edge_capacity,edge_capacity,shield_hold_after_blocked_legacy_next,True,11925.811150000001,branch,16->17,none,none,none,hold,27,,,11910.011150000002,11911.011150000002,,False,False,False
legacy_offset32_static16,static_fault,reroute_from_current_legacy,reroute,False,python_faithful_legacy_astar_wait_horizon_audit,172,7,15,47:storage_in,47,49,46,47,11910.187810000001,35 36,,46 36 38 39 47,36,LEGACY_NEXT_TEMPORARILY_BLOCKED,hold,36,11911.187810000001,1.0,11915.54962,5.361809999998513,ok,edge_capacity,edge_capacity,shield_hold_after_blocked_legacy_next,True,11953.18781,branch,16->17,none,none,none,hold,46,,,11910.187810000001,11911.187810000001,,False,False,False
legacy_offset32_static16,static_fault,reroute_from_current_legacy,reroute,False,python_faithful_legacy_astar_wait_horizon_audit,173,14,13,45:storage_in,45,47,27,47,11911.011150000002,28 45,,27 28 47,28,LEGACY_NEXT_TEMPORARILY_BLOCKED,hold,28,11912.011150000002,1.0,11916.148899999998,5.137749999996231,ok,edge_capacity,edge_capacity,shield_hold_after_blocked_legacy_next,True,11926.811150000001,branch,16->17,none,none,none,hold,27,,,11911.011150000002,11912.011150000002,,False,False,False
legacy_offset32_static16,static_fault,reroute_from_current_legacy,reroute,False,python_faithful_legacy_astar_wait_horizon_audit,174,8,15,47:storage_in,47,49,46,47,11911.187810000001,35 36,,46 36 38 39 47,36,LEGACY_NEXT_TEMPORARILY_BLOCKED,hold,36,11912.187810000001,1.0,11915.54962,4.361809999998513,ok,edge_capacity,edge_capacity,shield_hold_after_blocked_legacy_next,True,11954.18781,branch,16->17,none,none,none,hold,46,,,11911.187810000001,11912.187810000001,,False,False,False
legacy_offset32_static16,static_fault,reroute_from_current_legacy,reroute,False,python_faithful_legacy_astar_wait_horizon_audit,175,15,13,45:storage_in,45,47,27,47,11912.011150000002,28 45,,27 28 47,28,LEGACY_NEXT_TEMPORARILY_BLOCKED,hold,28,11913.011150000002,1.0,11916.148899999998,4.137749999996231,ok,edge_capacity,edge_capacity,shield_hold_after_blocked_legacy_next,True,11927.811150000001,branch,16->17,none,none,none,hold,27,,,11912.011150000002,11913.011150000002,,False,False,False
legacy_offset32_static16,static_fault,reroute_from_current_legacy,reroute,False,python_faithful_legacy_astar_wait_horizon_audit,176,9,15,47:storage_in,47,49,46,47,11912.187810000001,35 36,,46 36 38 39 47,36,LEGACY_NEXT_TEMPORARILY_BLOCKED,hold,36,11913.187810000001,1.0,11915.54962,3.3618099999985134,ok,edge_capacity,edge_capacity,shield_hold_after_blocked_legacy_next,True,11955.18781,branch,16->17,none,none,none,hold,46,,,11912.187810000001,11913.187810000001,,False,False,False
legacy_offset32_static16,static_fault,reroute_from_current_legacy,reroute,False,python_faithful_legacy_astar_wait_horizon_audit,177,16,13,45:storage_in,45,47,27,47,11913.011150000002,28 45,,27 28 47,28,LEGACY_NEXT_TEMPORARILY_BLOCKED,hold,28,11914.011150000002,1.0,11916.148899999998,3.137749999996231,ok,edge_capacity,edge_capacity,shield_hold_after_blocked_legacy_next,True,11928.811150000001,branch,16->17,none,none,none,hold,27,,,11913.011150000002,11914.011150000002,,False,False,False
legacy_offset32_static16,static_fault,reroute_from_current_legacy,reroute,False,python_faithful_legacy_astar_wait_horizon_audit,178,10,15,47:storage_in,47,49,46,47,11913.187810000001,35 36,,46 36 38 39 47,36,LEGACY_NEXT_TEMPORARILY_BLOCKED,hold,36,11914.187810000001,1.0,11915.54962,2.3618099999985134,ok,edge_capacity,edge_capacity,shield_hold_after_blocked_legacy_next,True,11956.18781,branch,16->17,none,none,none,hold,46,,,11913.187810000001,11914.187810000001,,False,False,False
legacy_offset32_static16,static_fault,reroute_from_current_legacy,reroute,False,python_faithful_legacy_astar_wait_horizon_audit,179,17,13,45:storage_in,45,47,27,47,11914.011150000002,28 45,,27 28 47,28,LEGACY_NEXT_TEMPORARILY_BLOCKED,hold,28,11915.011150000002,1.0,11916.148899999998,2.137749999996231,ok,edge_capacity,edge_capacity,shield_hold_after_blocked_legacy_next,True,11929.811150000001,branch,16->17,none,none,none,hold,27,,,11914.011150000002,11915.011150000002,,False,False,False
legacy_offset32_static16,static_fault,reroute_from_current_legacy,reroute,False,python_faithful_legacy_astar_wait_horizon_audit,180,11,15,47:storage_in,47,49,46,47,11914.187810000001,35 36,,46 36 38 39 47,36,LEGACY_NEXT_TEMPORARILY_BLOCKED,hold,36,11915.187810000001,1.0,11915.54962,1.3618099999985134,ok,edge_capacity,edge_capacity,shield_hold_after_blocked_legacy_next,True,11957.18781,branch,16->17,none,none,none,hold,46,,,11914.187810000001,11915.187810000001,,False,False,False
legacy_offset32_static16,static_fault,reroute_from_current_legacy,reroute,False,python_faithful_legacy_astar_wait_horizon_audit,181,18,13,45:storage_in,45,47,27,47,11915.011150000002,28 45,,27 28 47,28,LEGACY_NEXT_TEMPORARILY_BLOCKED,hold,28,11916.011150000002,1.0,11916.148899999998,1.137749999996231,ok,edge_capacity,edge_capacity,shield_hold_after_blocked_legacy_next,True,11930.811150000001,branch,16->17,none,none,none,hold,27,,,11915.011150000002,11916.011150000002,,False,False,False
legacy_offset32_static16,static_fault,reroute_from_current_legacy,reroute,False,python_faithful_legacy_astar_wait_horizon_audit,182,12,15,47:storage_in,47,49,46,47,11915.187810000001,35 36,,46 36 38 39 47,36,LEGACY_NEXT_TEMPORARILY_BLOCKED,hold,36,11916.187810000001,1.0,11915.54962,0.3618099999985134,ok,edge_capacity,edge_capacity,shield_hold_after_blocked_legacy_next,True,11958.18781,branch,16->17,none,none,none,hold,46,,,11915.187810000001,11916.187810000001,,False,False,False
legacy_offset32_static16,static_fault,reroute_from_current_legacy,reroute,False,python_faithful_legacy_astar_wait_horizon_audit,183,19,13,45:storage_in,45,47,27,47,11916.011150000002,28 45,,27 28 47,28,LEGACY_NEXT_TEMPORARILY_BLOCKED,hold,28,11917.011150000002,1.0,11916.148899999998,0.13774999999623105,ok,edge_capacity,edge_capacity,shield_hold_after_blocked_legacy_next,True,11931.811150000001,branch,16->17,none,none,none,hold,27,,,11916.011150000002,11917.011150000002,,False,False,False
legacy_offset64_repair32,repair_window,reroute_from_current_legacy,reroute,False,python_faithful_legacy_astar_wait_horizon_audit,4,1,2,66:storage_in,66,68,4,47,12477.43655,17,,,,LEGACY_NO_PATH,hold_no_path_probe,,12478.43655,1.0,,,,legacy_astar_no_path,legacy_astar_no_path,shield_hold_after_legacy_no_path,True,,linear,none,"28->47@[0.000,12000.000)",none,none,hold,4,,,12477.43655,12478.43655,,False,False,False
legacy_offset64_repair32,repair_window,reroute_from_current_legacy,reroute,False,python_faithful_legacy_astar_wait_horizon_audit,12,3,2,66:storage_in,66,68,17,47,12483.03655,18,,,,LEGACY_NO_PATH,hold_no_path_probe,,12484.03655,1.0,,,,legacy_astar_no_path,legacy_astar_no_path,shield_hold_after_legacy_no_path,True,,linear,none,"28->47@[0.000,12000.000)",none,none,hold,17,,,12483.03655,12484.03655,,False,False,False
legacy_offset64_repair32,repair_window,reroute_from_current_legacy,reroute,False,python_faithful_legacy_astar_wait_horizon_audit,13,4,2,66:storage_in,66,68,17,47,12484.03655,18,,,,LEGACY_NO_PATH,hold_no_path_probe,,12485.03655,1.0,,,,legacy_astar_no_path,legacy_astar_no_path,shield_hold_after_legacy_no_path,True,,linear,none,"28->47@[0.000,12000.000)",none,none,hold,17,,,12484.03655,12485.03655,,False,False,False
legacy_offset64_repair32,repair_window,reroute_from_current_legacy,reroute,False,python_faithful_legacy_astar_wait_horizon_audit,19,1,7,71:storage_in,71,73,4,47,12485.3062,17,,,,LEGACY_NO_PATH,hold_no_path_probe,,12486.3062,1.0,,,,legacy_astar_no_path,legacy_astar_no_path,shield_hold_after_legacy_no_path,True,,linear,none,"28->47@[0.000,12000.000)",none,none,hold,4,,,12485.3062,12486.3062,,False,False,False
legacy_offset64_repair32,repair_window,reroute_from_current_legacy,reroute,False,python_faithful_legacy_astar_wait_horizon_audit,21,3,4,68:storage_in,68,70,18,47,12486.50318,22,,18 22 24 27 28 47,22,ABSTAIN_NO_TEACHER,no_teacher,22,,0.0,,,current_node_hold_conflict,edge_capacity,edge_capacity,abstain_no_safe_hold,False,12525.703179999999,linear,none,"28->47@[0.000,12000.000)",none,none,unplanned,,,,,,edge_capacity,True,False,False
legacy_offset64_repair32,repair_window,reroute_from_current_legacy,reroute,False,python_faithful_legacy_astar_wait_horizon_audit,24,6,2,66:storage_in,66,68,18,47,12487.636550000001,22,,18 22 24 27 28 47,22,LEGACY_NEXT_TEMPORARILY_BLOCKED,hold,22,12488.636550000001,1.0,12492.83977,5.203219999999419,ok,edge_capacity,edge_capacity,shield_hold_after_blocked_legacy_next,True,12526.83655,linear,none,"28->47@[0.000,12000.000)",none,none,hold,18,,,12487.636550000001,12488.636550000001,,False,False,False
legacy_offset64_repair32,repair_window,reroute_from_current_legacy,reroute,False,python_faithful_legacy_astar_wait_horizon_audit,26,7,2,66:storage_in,66,68,18,47,12488.636550000001,22,,18 22 24 27 28 47,22,LEGACY_NEXT_TEMPORARILY_BLOCKED,hold,22,12489.636550000001,1.0,12492.83977,4.203219999999419,ok,edge_capacity,edge_capacity,shield_hold_after_blocked_legacy_next,True,12527.83655,linear,none,"28->47@[0.000,12000.000)",none,none,hold,18,,,12488.636550000001,12489.636550000001,,False,False,False
legacy_offset64_repair32,repair_window,reroute_from_current_legacy,reroute,False,python_faithful_legacy_astar_wait_horizon_audit,29,8,2,66:storage_in,66,68,18,47,12489.636550000001,22,,18 22 24 27 28 47,22,LEGACY_NEXT_TEMPORARILY_BLOCKED,hold,22,12490.636550000001,1.0,12492.83977,3.203219999999419,ok,edge_capacity,edge_capacity,shield_hold_after_blocked_legacy_next,True,12528.83655,linear,none,"28->47@[0.000,12000.000)",none,none,hold,18,,,12489.636550000001,12490.636550000001,,False,False,False
legacy_offset64_repair32,repair_window,reroute_from_current_legacy,reroute,False,python_faithful_legacy_astar_wait_horizon_audit,32,9,2,66:storage_in,66,68,18,47,12490.636550000001,22,,18 22 24 27 28 47,22,ABSTAIN_NO_TEACHER,no_teacher,22,,0.0,,,current_node_hold_conflict,edge_capacity,edge_capacity,abstain_no_safe_hold,False,12529.83655,linear,none,"28->47@[0.000,12000.000)",none,none,unplanned,,,,,,edge_capacity,True,False,False
legacy_offset64_repair32,repair_window,reroute_from_current_legacy,reroute,False,python_faithful_legacy_astar_wait_horizon_audit,35,3,7,71:storage_in,71,73,17,47,12490.906200000001,18,,,,LEGACY_NO_PATH,hold_no_path_probe,,12491.906200000001,1.0,,,,legacy_astar_no_path,legacy_astar_no_path,shield_hold_after_legacy_no_path,True,,linear,none,"28->47@[0.000,12000.000)",none,none,hold,17,,,12490.906200000001,12491.906200000001,,False,False,False
legacy_offset64_repair32,repair_window,reroute_from_current_legacy,reroute,False,python_faithful_legacy_astar_wait_horizon_audit,38,4,7,71:storage_in,71,73,17,47,12491.906200000001,18,,,,LEGACY_NO_PATH,hold_no_path_probe,,12492.906200000001,1.0,,,,legacy_astar_no_path,legacy_astar_no_path,shield_hold_after_legacy_no_path,True,,linear,none,"28->47@[0.000,12000.000)",none,none,hold,17,,,12491.906200000001,12492.906200000001,,False,False,False
legacy_offset64_repair32,repair_window,reroute_from_current_legacy,reroute,False,python_faithful_legacy_astar_wait_horizon_audit,40,4,5,69:storage_in,69,71,18,47,12492.46742,22,,18 22 24 27 28 47,22,ABSTAIN_NO_TEACHER,no_teacher,22,,0.0,12492.83977,0.372349999999642,ok,edge_capacity,edge_capacity,abstain_no_safe_hold,False,12531.66742,linear,none,"28->47@[0.000,12000.000)",none,none,unplanned,,,,,,edge_capacity,True,False,False
legacy_offset64_repair32,repair_window,reroute_from_current_legacy,reroute,False,python_faithful_legacy_astar_wait_horizon_audit,48,6,7,71:storage_in,71,73,18,47,12495.506200000002,22,,18 22 24 27 28 47,22,LEGACY_NEXT_TEMPORARILY_BLOCKED,hold,22,12496.506200000002,1.0,12502.77299,7.2667899999978545,ok,edge_capacity,edge_capacity,shield_hold_after_blocked_legacy_next,True,12534.7062,linear,none,"28->47@[0.000,12000.000)",none,none,hold,18,,,12495.506200000002,12496.506200000002,,False,False,False
legacy_offset64_repair32,repair_window,reroute_from_current_legacy,reroute,False,python_faithful_legacy_astar_wait_horizon_audit,50,7,7,71:storage_in,71,73,18,47,12496.506200000002,22,,18 22 24 27 28 47,22,LEGACY_NEXT_TEMPORARILY_BLOCKED,hold,22,12497.506200000002,1.0,12502.77299,6.2667899999978545,ok,edge_capacity,edge_capacity,shield_hold_after_blocked_legacy_next,True,12535.7062,linear,none,"28->47@[0.000,12000.000)",none,none,hold,18,,,12496.506200000002,12497.506200000002,,False,False,False
legacy_offset64_repair32,repair_window,reroute_from_current_legacy,reroute,False,python_faithful_legacy_astar_wait_horizon_audit,52,8,7,71:storage_in,71,73,18,47,12497.506200000002,22,,18 22 24 27 28 47,22,LEGACY_NEXT_TEMPORARILY_BLOCKED,hold,22,12498.506200000002,1.0,12502.77299,5.2667899999978545,ok,edge_capacity,edge_capacity,shield_hold_after_blocked_legacy_next,True,12536.7062,linear,none,"28->47@[0.000,12000.000)",none,none,hold,18,,,12497.506200000002,12498.506200000002,,False,False,False
legacy_offset64_repair32,repair_window,reroute_from_current_legacy,reroute,False,python_faithful_legacy_astar_wait_horizon_audit,53,3,10,74:storage_in,74,76,8,47,12497.83982,11,,8 11 13 23 24 27 28 47,11,LEGACY_NEXT_TEMPORARILY_BLOCKED,hold,11,12498.83982,1.0,12498.306480000001,0.46666000000186614,ok,edge_capacity,edge_capacity,shield_hold_after_blocked_legacy_next,True,12539.439820000001,linear,none,"28->47@[0.000,12000.000)",none,none,hold,8,,,12497.83982,12498.83982,,False,False,False
legacy_offset64_repair32,repair_window,reroute_from_current_legacy,reroute,False,python_faithful_legacy_astar_wait_horizon_audit,55,9,7,71:storage_in,71,73,18,47,12498.506200000002,22,,18 22 24 27 28 47,22,LEGACY_NEXT_GLOBALLY_UNSAFE,hold,22,12499.506200000002,1.0,,,current_node_hold_conflict,edge_capacity,edge_capacity,shield_hold_after_blocked_legacy_next,True,12537.7062,linear,none,"28->47@[0.000,12000.000)",none,none,hold,18,,,12498.506200000002,12499.506200000002,,False,False,False
legacy_offset64_repair32,repair_window,reroute_from_current_legacy,reroute,False,python_faithful_legacy_astar_wait_horizon_audit,58,10,7,71:storage_in,71,73,18,47,12499.506200000002,22,,18 22 24 27 28 47,22,ABSTAIN_NO_TEACHER,no_teacher,22,,0.0,,,current_node_hold_conflict,edge_capacity,edge_capacity,abstain_no_safe_hold,False,12538.7062,linear,none,"28->47@[0.000,12000.000)",none,none,unplanned,,,,,,edge_capacity,True,False,False
legacy_offset64_repair32,repair_window,reroute_from_current_legacy,reroute,False,python_faithful_legacy_astar_wait_horizon_audit,61,4,11,75:storage_in,75,77,18,47,12500.574170000002,22,,18 22 24 27 28 47,22,LEGACY_NEXT_TEMPORARILY_BLOCKED,hold,22,12501.574170000002,1.0,12502.77299,2.198819999997795,ok,edge_capacity,edge_capacity,shield_hold_after_blocked_legacy_next,True,12539.77417,linear,none,"28->47@[0.000,12000.000)",none,none,hold,18,,,12500.574170000002,12501.574170000002,,False,False,False
legacy_offset64_repair32,repair_window,reroute_from_current_legacy,reroute,False,python_faithful_legacy_astar_wait_horizon_audit,62,5,11,75:storage_in,75,77,18,47,12501.574170000002,22,,18 22 24 27 28 47,22,LEGACY_NEXT_TEMPORARILY_BLOCKED,hold,22,12502.574170000002,1.0,12502.77299,1.198819999997795,ok,edge_capacity,edge_capacity,shield_hold_after_blocked_legacy_next,True,12540.77417,linear,none,"28->47@[0.000,12000.000)",none,none,hold,18,,,12501.574170000002,12502.574170000002,,False,False,False
legacy_offset64_repair32,repair_window,reroute_from_current_legacy,reroute,False,python_faithful_legacy_astar_wait_horizon_audit,64,6,11,75:storage_in,75,77,18,47,12502.574170000002,22,,18 22 24 27 28 47,22,LEGACY_NEXT_TEMPORARILY_BLOCKED,hold,22,12503.574170000002,1.0,12502.77299,0.1988199999977951,ok,edge_capacity,edge_capacity,shield_hold_after_blocked_legacy_next,True,12541.77417,linear,none,"28->47@[0.000,12000.000)",none,none,hold,18,,,12502.574170000002,12503.574170000002,,False,False,False
legacy_offset64_repair32,repair_window,reroute_from_current_legacy,reroute,False,python_faithful_legacy_astar_wait_horizon_audit,74,5,12,76:storage_in,76,78,11,47,12507.121410000002,13 14,,11 13 23 24 27 28 47,13,LEGACY_NEXT_TEMPORARILY_BLOCKED,hold,13,12508.121410000002,1.0,12514.23982,7.11840999999913,ok,edge_capacity,edge_capacity,shield_hold_after_blocked_legacy_next,True,12544.521410000003,branch,none,"28->47@[0.000,12000.000)",none,none,hold,11,,,12507.121410000002,12508.121410000002,,False,False,False
legacy_offset64_repair32,repair_window,reroute_from_current_legacy,reroute,False,python_faithful_legacy_astar_wait_horizon_audit,76,7,0,64:storage_in,64,66,27,47,12507.83977,28 45,,27 28 47,28,LEGACY_NEXT_TEMPORARILY_BLOCKED,hold,28,12508.83977,1.0,12516.337770000002,8.498000000001412,ok,edge_capacity,edge_capacity,shield_hold_after_blocked_legacy_next,True,12523.63977,branch,none,"28->47@[0.000,12000.000)",none,none,hold,27,,,12507.83977,12508.83977,,False,False,False
legacy_offset64_repair32,repair_window,reroute_from_current_legacy,reroute,False,python_faithful_legacy_astar_wait_horizon_audit,77,6,12,76:storage_in,76,78,11,47,12508.121410000002,13 14,,11 13 23 24 27 28 47,13,LEGACY_NEXT_TEMPORARILY_BLOCKED,hold,13,12509.121410000002,1.0,12514.23982,6.11840999999913,ok,edge_capacity,edge_capacity,shield_hold_after_blocked_legacy_next,True,12545.521410000003,branch,none,"28->47@[0.000,12000.000)",none,none,hold,11,,,12508.121410000002,12509.121410000002,,False,False,False
legacy_offset64_repair32,repair_window,reroute_from_current_legacy,reroute,False,python_faithful_legacy_astar_wait_horizon_audit,78,8,0,64:storage_in,64,66,27,47,12508.83977,28 45,,27 28 47,28,LEGACY_NEXT_TEMPORARILY_BLOCKED,hold,28,12509.83977,1.0,12516.337770000002,7.4980000000014115,ok,edge_capacity,edge_capacity,shield_hold_after_blocked_legacy_next,True,12524.63977,branch,none,"28->47@[0.000,12000.000)",none,none,hold,27,,,12508.83977,12509.83977,,False,False,False
legacy_offset64_repair32,repair_window,reroute_from_current_legacy,reroute,False,python_faithful_legacy_astar_wait_horizon_audit,79,7,12,76:storage_in,76,78,11,47,12509.121410000002,13 14,,11 13 23 24 27 28 47,13,LEGACY_NEXT_TEMPORARILY_BLOCKED,hold,13,12510.121410000002,1.0,12514.23982,5.11840999999913,ok,edge_capacity,edge_capacity,shield_hold_after_blocked_legacy_next,True,12546.521410000003,branch,none,"28->47@[0.000,12000.000)",none,none,hold,11,,,12509.121410000002,12510.121410000002,,False,False,False
legacy_offset64_repair32,repair_window,reroute_from_current_legacy,reroute,False,python_faithful_legacy_astar_wait_horizon_audit,80,9,0,64:storage_in,64,66,27,47,12509.83977,28 45,,27 28 47,28,LEGACY_NEXT_TEMPORARILY_BLOCKED,hold,28,12510.83977,1.0,12516.337770000002,6.4980000000014115,ok,edge_capacity,edge_capacity,shield_hold_after_blocked_legacy_next,True,12525.63977,branch,none,"28->47@[0.000,12000.000)",none,none,hold,27,,,12509.83977,12510.83977,,False,False,False
legacy_offset64_repair32,repair_window,reroute_from_current_legacy,reroute,False,python_faithful_legacy_astar_wait_horizon_audit,81,8,12,76:storage_in,76,78,11,47,12510.121410000002,13 14,,11 13 23 24 27 28 47,13,LEGACY_NEXT_TEMPORARILY_BLOCKED,hold,13,12511.121410000002,1.0,12514.23982,4.11840999999913,ok,edge_capacity,edge_capacity,shield_hold_after_blocked_legacy_next,True,12547.521410000003,branch,none,"28->47@[0.000,12000.000)",none,none,hold,11,,,12510.121410000002,12511.121410000002,,False,False,False
legacy_offset64_repair32,repair_window,reroute_from_current_legacy,reroute,False,python_faithful_legacy_astar_wait_horizon_audit,83,10,0,64:storage_in,64,66,27,47,12510.83977,28 45,,27 28 47,28,ABSTAIN_NO_TEACHER,no_teacher,28,,0.0,,,current_node_hold_conflict,edge_capacity,edge_capacity,abstain_no_safe_hold,False,12526.63977,branch,none,"28->47@[0.000,12000.000)",none,none,unplanned,,,,,,edge_capacity,True,False,False
legacy_offset64_repair32,repair_window,reroute_from_current_legacy,reroute,False,python_faithful_legacy_astar_wait_horizon_audit,85,9,12,76:storage_in,76,78,11,47,12511.121410000002,13 14,,11 13 23 24 27 28 47,13,LEGACY_NEXT_TEMPORARILY_BLOCKED,hold,13,12512.121410000002,1.0,12514.23982,3.1184099999991304,ok,edge_capacity,edge_capacity,shield_hold_after_blocked_legacy_next,True,12548.521410000003,branch,none,"28->47@[0.000,12000.000)",none,none,hold,11,,,12511.121410000002,12512.121410000002,,False,False,False
legacy_offset64_repair32,repair_window,reroute_from_current_legacy,reroute,False,python_faithful_legacy_astar_wait_horizon_audit,88,8,3,67:storage_in,67,69,27,47,12512.787820000003,28 45,,27 28 47,28,LEGACY_NEXT_TEMPORARILY_BLOCKED,hold,28,12513.787820000003,1.0,12516.337770000002,3.5499499999987165,ok,edge_capacity,edge_capacity,shield_hold_after_blocked_legacy_next,True,12528.587820000002,branch,none,"28->47@[0.000,12000.000)",none,none,hold,27,,,12512.787820000003,12513.787820000003,,False,False,False
legacy_offset64_repair32,repair_window,reroute_from_current_legacy,reroute,False,python_faithful_legacy_astar_wait_horizon_audit,92,9,3,67:storage_in,67,69,27,47,12513.787820000003,28 45,,27 28 47,28,LEGACY_NEXT_GLOBALLY_UNSAFE,hold,28,12514.787820000003,1.0,,,current_node_hold_conflict,edge_capacity,edge_capacity,shield_hold_after_blocked_legacy_next,True,12529.587820000002,branch,none,"28->47@[0.000,12000.000)",none,none,hold,27,,,12513.787820000003,12514.787820000003,,False,False,False
legacy_offset64_repair32,repair_window,reroute_from_current_legacy,reroute,False,python_faithful_legacy_astar_wait_horizon_audit,94,10,3,67:storage_in,67,69,27,47,12514.787820000003,28 45,,27 28 47,28,ABSTAIN_NO_TEACHER,no_teacher,28,,0.0,,,current_node_hold_conflict,edge_capacity,edge_capacity,abstain_no_safe_hold,False,12530.587820000002,branch,none,"28->47@[0.000,12000.000)",none,none,unplanned,,,,,,edge_capacity,True,False,False
legacy_offset64_repair32,repair_window,reroute_from_current_legacy,reroute,False,python_faithful_legacy_astar_wait_horizon_audit,97,7,8,72:storage_in,72,74,27,47,12516.204480000002,28 45,,27 28 47,28,LEGACY_NEXT_TEMPORARILY_BLOCKED,hold,28,12517.204480000002,1.0,12516.337770000002,0.13328999999976077,ok,edge_capacity,edge_capacity,shield_hold_after_blocked_legacy_next,True,12532.004480000001,branch,none,"28->47@[0.000,12000.000)",none,none,hold,27,,,12516.204480000002,12517.204480000002,,False,False,False
legacy_offset64_repair32,repair_window,reroute_from_current_legacy,reroute,False,python_faithful_legacy_astar_wait_horizon_audit,104,9,9,73:storage_in,73,75,46,47,12523.57299,35 36,,46 36 38 39 47,36,LEGACY_NEXT_TEMPORARILY_BLOCKED,hold,36,12524.57299,1.0,12530.50648,6.933489999999438,ok,edge_capacity,edge_capacity,shield_hold_after_blocked_legacy_next,True,12566.572989999999,branch,none,"28->47@[0.000,12000.000)",none,none,hold,46,,,12523.57299,12524.57299,,False,False,False
legacy_offset64_repair32,repair_window,reroute_from_current_legacy,reroute,False,python_faithful_legacy_astar_wait_horizon_audit,106,10,9,73:storage_in,73,75,46,47,12524.57299,35 36,,46 36 38 39 47,36,LEGACY_NEXT_TEMPORARILY_BLOCKED,hold,36,12525.57299,1.0,12530.50648,5.933489999999438,ok,edge_capacity,edge_capacity,shield_hold_after_blocked_legacy_next,True,12567.572989999999,branch,none,"28->47@[0.000,12000.000)",none,none,hold,46,,,12524.57299,12525.57299,,False,False,False
legacy_offset64_repair32,repair_window,reroute_from_current_legacy,reroute,False,python_faithful_legacy_astar_wait_horizon_audit,107,9,10,74:storage_in,74,76,27,47,12524.639820000002,28 45,,27 28 47,28,LEGACY_NEXT_GLOBALLY_UNSAFE,hold,28,12525.639820000002,1.0,,,current_node_hold_conflict,edge_capacity,edge_capacity,shield_hold_after_blocked_legacy_next,True,12540.439820000001,branch,none,"28->47@[0.000,12000.000)",none,none,hold,27,,,12524.639820000002,12525.639820000002,,False,False,False
legacy_offset64_repair32,repair_window,reroute_from_current_legacy,reroute,False,python_faithful_legacy_astar_wait_horizon_audit,108,11,9,73:storage_in,73,75,46,47,12525.57299,35 36,,46 36 38 39 47,36,LEGACY_NEXT_TEMPORARILY_BLOCKED,hold,36,12526.57299,1.0,12530.50648,4.933489999999438,ok,edge_capacity,edge_capacity,shield_hold_after_blocked_legacy_next,True,12568.572989999999,branch,none,"28->47@[0.000,12000.000)",none,none,hold,46,,,12525.57299,12526.57299,,False,False,False
legacy_offset64_repair32,repair_window,reroute_from_current_legacy,reroute,False,python_faithful_legacy_astar_wait_horizon_audit,109,10,10,74:storage_in,74,76,27,47,12525.639820000002,28 45,,27 28 47,28,ABSTAIN_NO_TEACHER,no_teacher,28,,0.0,,,current_node_hold_conflict,edge_capacity,edge_capacity,abstain_no_safe_hold,False,12541.439820000001,branch,none,"28->47@[0.000,12000.000)",none,none,unplanned,,,,,,edge_capacity,True,False,False
legacy_offset64_repair32,repair_window,reroute_from_current_legacy,reroute,False,python_faithful_legacy_astar_wait_horizon_audit,111,12,9,73:storage_in,73,75,46,47,12526.57299,35 36,,46 36 38 39 47,36,ABSTAIN_NO_TEACHER,no_teacher,36,,0.0,,,current_node_hold_conflict,edge_capacity,edge_capacity,abstain_no_safe_hold,False,12569.572989999999,branch,none,"28->47@[0.000,12000.000)",none,none,unplanned,,,,,,edge_capacity,True,False,False
legacy_offset64_repair32,repair_window,reroute_from_current_legacy,reroute,False,python_faithful_legacy_astar_wait_horizon_audit,112,10,11,75:storage_in,75,77,27,47,12526.974170000001,28 45,,27 28 47,28,LEGACY_NEXT_TEMPORARILY_BLOCKED,hold,28,12527.974170000001,1.0,12528.004480000001,1.0303100000000995,ok,edge_capacity,edge_capacity,shield_hold_after_blocked_legacy_next,True,12542.77417,branch,none,"28->47@[0.000,12000.000)",none,none,hold,27,,,12526.974170000001,12527.974170000001,,False,False,False
legacy_offset64_repair32,repair_window,reroute_from_current_legacy,reroute,False,python_faithful_legacy_astar_wait_horizon_audit,113,11,11,75:storage_in,75,77,27,47,12527.974170000001,28 45,,27 28 47,28,LEGACY_NEXT_TEMPORARILY_BLOCKED,hold,28,12528.974170000001,1.0,12528.004480000001,0.030310000000099535,ok,edge_capacity,edge_capacity,shield_hold_after_blocked_legacy_next,True,12543.77417,branch,none,"28->47@[0.000,12000.000)",none,none,hold,27,,,12527.974170000001,12528.974170000001,,False,False,False
legacy_offset64_repair32,repair_window,reroute_from_current_legacy,reroute,False,python_faithful_legacy_astar_wait_horizon_audit,114,12,12,76:storage_in,76,78,46,47,12528.521410000001,35 36,,46 36 38 39 47,36,LEGACY_NEXT_TEMPORARILY_BLOCKED,hold,36,12529.521410000001,1.0,12530.50648,1.9850699999988137,ok,edge_capacity,edge_capacity,shield_hold_after_blocked_legacy_next,True,12571.52141,branch,none,"28->47@[0.000,12000.000)",none,none,hold,46,,,12528.521410000001,12529.521410000001,,False,False,False
legacy_offset64_repair32,repair_window,reroute_from_current_legacy,reroute,False,python_faithful_legacy_astar_wait_horizon_audit,117,13,12,76:storage_in,76,78,46,47,12529.521410000001,35 36,,46 36 38 39 47,36,LEGACY_NEXT_TEMPORARILY_BLOCKED,hold,36,12530.521410000001,1.0,12530.50648,0.9850699999988137,ok,edge_capacity,edge_capacity,shield_hold_after_blocked_legacy_next,True,12572.52141,branch,none,"28->47@[0.000,12000.000)",none,none,hold,46,,,12529.521410000001,12530.521410000001,,False,False,False
legacy_offset64_repair32,repair_window,reroute_from_current_legacy,reroute,False,python_faithful_legacy_astar_wait_horizon_audit,146,3,17,81:storage_in,81,83,18,47,13058.24528,22,,18 22 24 27 28 47,22,LEGACY_NEXT_TEMPORARILY_BLOCKED,hold,22,13059.24528,1.0,13064.88215,6.636870000000272,ok,edge_capacity,edge_capacity,shield_hold_after_blocked_legacy_next,True,13097.445279999998,linear,none,"28->47@[0.000,12000.000)",none,none,hold,18,,,13058.24528,13059.24528,,False,False,False
legacy_offset64_repair32,repair_window,reroute_from_current_legacy,reroute,False,python_faithful_legacy_astar_wait_horizon_audit,148,4,17,81:storage_in,81,83,18,47,13059.24528,22,,18 22 24 27 28 47,22,LEGACY_NEXT_TEMPORARILY_BLOCKED,hold,22,13060.24528,1.0,13064.88215,5.636870000000272,ok,edge_capacity,edge_capacity,shield_hold_after_blocked_legacy_next,True,13098.445279999998,linear,none,"28->47@[0.000,12000.000)",none,none,hold,18,,,13059.24528,13060.24528,,False,False,False
legacy_offset64_repair32,repair_window,reroute_from_current_legacy,reroute,False,python_faithful_legacy_astar_wait_horizon_audit,149,1,20,84:storage_in,84,86,4,47,13059.8454,17,,4 17 18 22 24 27 28 47,17,LEGACY_NEXT_TEMPORARILY_BLOCKED,hold,17,13060.8454,1.0,13060.659440000001,0.8140400000011141,ok,edge_capacity,edge_capacity,shield_hold_after_blocked_legacy_next,True,13106.2454,linear,none,"28->47@[0.000,12000.000)",none,none,hold,4,,,13059.8454,13060.8454,,False,False,False
legacy_offset64_repair32,repair_window,reroute_from_current_legacy,reroute,False,python_faithful_legacy_astar_wait_horizon_audit,152,5,17,81:storage_in,81,83,18,47,13060.24528,22,,18 22 24 27 28 47,22,LEGACY_NEXT_TEMPORARILY_BLOCKED,hold,22,13061.24528,1.0,13064.88215,4.636870000000272,ok,edge_capacity,edge_capacity,shield_hold_after_blocked_legacy_next,True,13099.445279999998,linear,none,"28->47@[0.000,12000.000)",none,none,hold,18,,,13060.24528,13061.24528,,False,False,False
legacy_offset64_repair32,repair_window,reroute_from_current_legacy,reroute,False,python_faithful_legacy_astar_wait_horizon_audit,153,2,20,84:storage_in,84,86,4,47,13060.8454,17,,,,LEGACY_NO_PATH,hold_no_path_probe,,13061.8454,1.0,,,,legacy_astar_no_path,legacy_astar_no_path,shield_hold_after_legacy_no_path,True,,linear,none,"28->47@[0.000,12000.000)",none,none,hold,4,,,13060.8454,13061.8454,,False,False,False
legacy_offset64_repair32,repair_window,reroute_from_current_legacy,reroute,False,python_faithful_legacy_astar_wait_horizon_audit,154,6,17,81:storage_in,81,83,18,47,13061.24528,22,,18 22 24 27 28 47,22,LEGACY_NEXT_TEMPORARILY_BLOCKED,hold,22,13062.24528,1.0,13064.88215,3.636870000000272,ok,edge_capacity,edge_capacity,shield_hold_after_blocked_legacy_next,True,13100.445279999998,linear,none,"28->47@[0.000,12000.000)",none,none,hold,18,,,13061.24528,13062.24528,,False,False,False
legacy_offset64_repair32,repair_window,reroute_from_current_legacy,reroute,False,python_faithful_legacy_astar_wait_horizon_audit,157,7,17,81:storage_in,81,83,18,47,13062.24528,22,,18 22 24 27 28 47,22,LEGACY_NEXT_GLOBALLY_UNSAFE,hold,22,13063.24528,1.0,,,current_node_hold_conflict,edge_capacity,edge_capacity,shield_hold_after_blocked_legacy_next,True,13101.445279999998,linear,none,"28->47@[0.000,12000.000)",none,none,hold,18,,,13062.24528,13063.24528,,False,False,False
legacy_offset64_repair32,repair_window,reroute_from_current_legacy,reroute,False,python_faithful_legacy_astar_wait_horizon_audit,160,8,17,81:storage_in,81,83,18,47,13063.24528,22,,18 22 24 27 28 47,22,ABSTAIN_NO_TEACHER,no_teacher,22,,0.0,,,current_node_hold_conflict,edge_capacity,edge_capacity,abstain_no_safe_hold,False,13102.445279999998,linear,none,"28->47@[0.000,12000.000)",none,none,unplanned,,,,,,edge_capacity,True,False,False
legacy_offset64_repair32,repair_window,reroute_from_current_legacy,reroute,False,python_faithful_legacy_astar_wait_horizon_audit,161,3,18,82:storage_in,82,84,18,47,13064.259440000002,22,,18 22 24 27 28 47,22,LEGACY_NEXT_TEMPORARILY_BLOCKED,hold,22,13065.259440000002,1.0,13064.88215,0.6227099999978236,ok,edge_capacity,edge_capacity,shield_hold_after_blocked_legacy_next,True,13103.45944,linear,none,"28->47@[0.000,12000.000)",none,none,hold,18,,,13064.259440000002,13065.259440000002,,False,False,False
legacy_offset64_repair32,repair_window,reroute_from_current_legacy,reroute,False,python_faithful_legacy_astar_wait_horizon_audit,170,4,20,84:storage_in,84,86,17,47,13066.4454,18,,,,LEGACY_NO_PATH,hold_no_path_probe,,13067.4454,1.0,,,,legacy_astar_no_path,legacy_astar_no_path,shield_hold_after_legacy_no_path,True,,linear,none,"28->47@[0.000,12000.000)",none,none,hold,17,,,13066.4454,13067.4454,,False,False,False
legacy_offset64_repair32,repair_window,reroute_from_current_legacy,reroute,False,python_faithful_legacy_astar_wait_horizon_audit,171,4,19,83:storage_in,83,85,18,47,13067.088280000002,22,,18 22 24 27 28 47,22,ABSTAIN_NO_TEACHER,no_teacher,22,,0.0,,,current_node_hold_conflict,edge_capacity,edge_capacity,abstain_no_safe_hold,False,13106.28828,linear,none,"28->47@[0.000,12000.000)",none,none,unplanned,,,,,,edge_capacity,True,False,False
legacy_offset64_repair32,repair_window,reroute_from_current_legacy,reroute,False,python_faithful_legacy_astar_wait_horizon_audit,174,1,25,89:storage_in,89,91,4,47,13067.84538,17,,,,LEGACY_NO_PATH,hold_no_path_probe,,13068.84538,1.0,,,,legacy_astar_no_path,legacy_astar_no_path,shield_hold_after_legacy_no_path,True,,linear,none,"28->47@[0.000,12000.000)",none,none,hold,4,,,13067.84538,13068.84538,,False,False,False
legacy_offset64_repair32,repair_window,reroute_from_current_legacy,reroute,False,python_faithful_legacy_astar_wait_horizon_audit,178,3,22,86:storage_in,86,88,18,47,13068.91217,22,,18 22 24 27 28 47,22,ABSTAIN_NO_TEACHER,no_teacher,22,,0.0,,,current_node_hold_conflict,edge_capacity,edge_capacity,abstain_no_safe_hold,False,13108.112169999999,linear,none,"28->47@[0.000,12000.000)",none,none,unplanned,,,,,,edge_capacity,True,False,False
legacy_offset64_repair32,repair_window,reroute_from_current_legacy,reroute,False,python_faithful_legacy_astar_wait_horizon_audit,179,1,27,91:storage_in,91,93,4,47,13069.4367,17,,,,LEGACY_NO_PATH,hold_no_path_probe,,13070.4367,1.0,,,,legacy_astar_no_path,legacy_astar_no_path,shield_hold_after_legacy_no_path,True,,linear,none,"28->47@[0.000,12000.000)",none,none,hold,4,,,13069.4367,13070.4367,,False,False,False
legacy_offset64_repair32,repair_window,reroute_from_current_legacy,reroute,False,python_faithful_legacy_astar_wait_horizon_audit,181,6,20,84:storage_in,84,86,18,47,13070.0454,22,,18 22 24 27 28 47,22,LEGACY_NEXT_TEMPORARILY_BLOCKED,hold,22,13071.0454,1.0,13073.659440000001,3.6140400000003865,ok,edge_capacity,edge_capacity,shield_hold_after_blocked_legacy_next,True,13109.2454,linear,none,"28->47@[0.000,12000.000)",none,none,hold,18,,,13070.0454,13071.0454,,False,False,False
legacy_offset64_repair32,repair_window,reroute_from_current_legacy,reroute,False,python_faithful_legacy_astar_wait_horizon_audit,182,4,16,80:storage_in,80,82,13,47,13070.361780000001,23,23,,,LEGACY_NO_PATH,hold_no_path_probe,,13071.361780000001,1.0,,,,legacy_astar_no_path,legacy_astar_no_path,shield_hold_after_legacy_no_path,True,,linear,none,"28->47@[0.000,12000.000)",none,none,hold,13,,,13070.361780000001,13071.361780000001,,False,False,False
legacy_offset64_repair32,repair_window,reroute_from_current_legacy,reroute,False,python_faithful_legacy_astar_wait_horizon_audit,183,2,27,91:storage_in,91,93,4,47,13070.4367,17,,4 17 18 22 24 27 28 47,17,LEGACY_NEXT_TEMPORARILY_BLOCKED,hold,17,13071.4367,1.0,13072.445380000001,2.0086800000008225,ok,edge_capacity,edge_capacity,shield_hold_after_blocked_legacy_next,True,13116.8367,linear,none,"28->47@[0.000,12000.000)",none,none,hold,4,,,13070.4367,13071.4367,,False,False,False
legacy_offset64_repair32,repair_window,reroute_from_current_legacy,reroute,False,python_faithful_legacy_astar_wait_horizon_audit,184,7,20,84:storage_in,84,86,18,47,13071.0454,22,,18 22 24 27 28 47,22,LEGACY_NEXT_TEMPORARILY_BLOCKED,hold,22,13072.0454,1.0,13073.659440000001,2.6140400000003865,ok,edge_capacity,edge_capacity,shield_hold_after_blocked_legacy_next,True,13110.2454,linear,none,"28->47@[0.000,12000.000)",none,none,hold,18,,,13071.0454,13072.0454,,False,False,False
legacy_offset64_repair32,repair_window,reroute_from_current_legacy,reroute,False,python_faithful_legacy_astar_wait_horizon_audit,185,5,16,80:storage_in,80,82,13,47,13071.361780000001,23,23,,,LEGACY_NO_PATH,hold_no_path_probe,,13072.361780000001,1.0,,,,legacy_astar_no_path,legacy_astar_no_path,shield_hold_after_legacy_no_path,True,,linear,none,"28->47@[0.000,12000.000)",none,none,hold,13,,,13071.361780000001,13072.361780000001,,False,False,False
legacy_offset64_repair32,repair_window,reroute_from_current_legacy,reroute,False,python_faithful_legacy_astar_wait_horizon_audit,186,3,27,91:storage_in,91,93,4,47,13071.4367,17,,4 17 18 22 24 27 28 47,17,LEGACY_NEXT_TEMPORARILY_BLOCKED,hold,17,13072.4367,1.0,13072.445380000001,1.0086800000008225,ok,edge_capacity,edge_capacity,shield_hold_after_blocked_legacy_next,True,13117.8367,linear,none,"28->47@[0.000,12000.000)",none,none,hold,4,,,13071.4367,13072.4367,,False,False,False
legacy_offset64_repair32,repair_window,reroute_from_current_legacy,reroute,False,python_faithful_legacy_astar_wait_horizon_audit,188,8,20,84:storage_in,84,86,18,47,13072.0454,22,,18 22 24 27 28 47,22,LEGACY_NEXT_TEMPORARILY_BLOCKED,hold,22,13073.0454,1.0,13073.659440000001,1.6140400000003865,ok,edge_capacity,edge_capacity,shield_hold_after_blocked_legacy_next,True,13111.2454,linear,none,"28->47@[0.000,12000.000)",none,none,hold,18,,,13072.0454,13073.0454,,False,False,False
legacy_offset64_repair32,repair_window,reroute_from_current_legacy,reroute,False,python_faithful_legacy_astar_wait_horizon_audit,192,4,27,91:storage_in,91,93,4,47,13072.4367,17,,4 17 18 22 24 27 28 47,17,LEGACY_NEXT_TEMPORARILY_BLOCKED,hold,17,13073.4367,1.0,13072.445380000001,0.008680000000822474,ok,edge_capacity,edge_capacity,shield_hold_after_blocked_legacy_next,True,13118.8367,linear,none,"28->47@[0.000,12000.000)",none,none,hold,4,,,13072.4367,13073.4367,,False,False,False
legacy_offset64_repair32,repair_window,reroute_from_current_legacy,reroute,False,python_faithful_legacy_astar_wait_horizon_audit,194,9,20,84:storage_in,84,86,18,47,13073.0454,22,,18 22 24 27 28 47,22,ABSTAIN_NO_TEACHER,no_teacher,22,,0.0,13073.659440000001,0.6140400000003865,ok,edge_capacity,edge_capacity,abstain_no_safe_hold,False,13112.2454,linear,none,"28->47@[0.000,12000.000)",none,none,unplanned,,,,,,edge_capacity,True,False,False
legacy_offset64_repair32,repair_window,reroute_from_current_legacy,reroute,False,python_faithful_legacy_astar_wait_horizon_audit,196,3,25,89:storage_in,89,91,17,47,13073.445380000001,18,,17 18 22 24 27 28 47,18,LEGACY_NEXT_TEMPORARILY_BLOCKED,hold,18,13074.445380000001,1.0,13073.978690000002,0.5333100000007107,ok,edge_capacity,edge_capacity,shield_hold_after_blocked_legacy_next,True,13115.24538,linear,none,"28->47@[0.000,12000.000)",none,none,hold,17,,,13073.445380000001,13074.445380000001,,False,False,False
legacy_offset64_repair32,repair_window,reroute_from_current_legacy,reroute,False,python_faithful_legacy_astar_wait_horizon_audit,201,6,14,78:storage_in,78,80,13,47,13075.04994,23,,13 23 24 27 28 47,23,LEGACY_NEXT_TEMPORARILY_BLOCKED,hold,23,13076.04994,1.0,13075.561780000002,0.5118400000010297,ok,edge_capacity,edge_capacity,shield_hold_after_blocked_legacy_next,True,13100.249940000002,linear,none,"28->47@[0.000,12000.000)",none,none,hold,13,,,13075.04994,13076.04994,,False,False,False
legacy_offset64_repair32,repair_window,reroute_from_current_legacy,reroute,False,python_faithful_legacy_astar_wait_horizon_audit,206,5,25,89:storage_in,89,91,18,47,13077.045380000001,22,,18 22 24 27 28 47,22,LEGACY_NEXT_TEMPORARILY_BLOCKED,hold,22,13078.045380000001,1.0,13083.378690000001,6.333309999999983,ok,edge_capacity,edge_capacity,shield_hold_after_blocked_legacy_next,True,13116.24538,linear,none,"28->47@[0.000,12000.000)",none,none,hold,18,,,13077.045380000001,13078.045380000001,,False,False,False
legacy_offset64_repair32,repair_window,reroute_from_current_legacy,reroute,False,python_faithful_legacy_astar_wait_horizon_audit,211,6,25,89:storage_in,89,91,18,47,13078.045380000001,22,,18 22 24 27 28 47,22,LEGACY_NEXT_GLOBALLY_UNSAFE,hold,22,13079.045380000001,1.0,,,current_node_hold_conflict,edge_capacity,edge_capacity,shield_hold_after_blocked_legacy_next,True,13117.24538,linear,none,"28->47@[0.000,12000.000)",none,none,hold,18,,,13078.045380000001,13079.045380000001,,False,False,False
legacy_offset64_repair32,repair_window,reroute_from_current_legacy,reroute,False,python_faithful_legacy_astar_wait_horizon_audit,213,7,25,89:storage_in,89,91,18,47,13079.045380000001,22,,18 22 24 27 28 47,22,ABSTAIN_NO_TEACHER,no_teacher,22,,0.0,,,current_node_hold_conflict,edge_capacity,edge_capacity,abstain_no_safe_hold,False,13118.24538,linear,none,"28->47@[0.000,12000.000)",none,none,unplanned,,,,,,edge_capacity,True,False,False
legacy_offset64_repair32,repair_window,reroute_from_current_legacy,reroute,False,python_faithful_legacy_astar_wait_horizon_audit,220,7,27,91:storage_in,91,93,18,47,13080.636700000001,22,,18 22 24 27 28 47,22,LEGACY_NEXT_GLOBALLY_UNSAFE,hold,22,13081.636700000001,1.0,,,current_node_hold_conflict,edge_capacity,edge_capacity,shield_hold_after_blocked_legacy_next,True,13119.8367,linear,none,"28->47@[0.000,12000.000)",none,none,hold,18,,,13080.636700000001,13081.636700000001,,False,False,False
legacy_offset64_repair32,repair_window,reroute_from_current_legacy,reroute,False,python_faithful_legacy_astar_wait_horizon_audit,222,8,27,91:storage_in,91,93,18,47,13081.636700000001,22,,18 22 24 27 28 47,22,LEGACY_NEXT_GLOBALLY_UNSAFE,hold,22,13082.636700000001,1.0,,,current_node_hold_conflict,edge_capacity,edge_capacity,shield_hold_after_blocked_legacy_next,True,13120.8367,linear,none,"28->47@[0.000,12000.000)",none,none,hold,18,,,13081.636700000001,13082.636700000001,,False,False,False
legacy_offset64_repair32,repair_window,reroute_from_current_legacy,reroute,False,python_faithful_legacy_astar_wait_horizon_audit,223,9,16,80:storage_in,80,82,27,47,13081.761780000003,28 45,,27 28 47,28,LEGACY_NEXT_TEMPORARILY_BLOCKED,hold,28,13082.761780000003,1.0,13090.682149999999,8.920369999996183,ok,edge_capacity,edge_capacity,shield_hold_after_blocked_legacy_next,True,13097.561780000002,branch,none,"28->47@[0.000,12000.000)",none,none,hold,27,,,13081.761780000003,13082.761780000003,,False,False,False
legacy_offset64_repair32,repair_window,reroute_from_current_legacy,reroute,False,python_faithful_legacy_astar_wait_horizon_audit,225,9,27,91:storage_in,91,93,18,47,13082.636700000001,22,,18 22 24 27 28 47,22,ABSTAIN_NO_TEACHER,no_teacher,22,,0.0,,,current_node_hold_conflict,edge_capacity,edge_capacity,abstain_no_safe_hold,False,13121.8367,linear,none,"28->47@[0.000,12000.000)",none,none,unplanned,,,,,,edge_capacity,True,False,False
legacy_offset64_repair32,repair_window,reroute_from_current_legacy,reroute,False,python_faithful_legacy_astar_wait_horizon_audit,226,10,16,80:storage_in,80,82,27,47,13082.761780000003,28 45,,27 28 47,28,LEGACY_NEXT_TEMPORARILY_BLOCKED,hold,28,13083.761780000003,1.0,13090.682149999999,7.920369999996183,ok,edge_capacity,edge_capacity,shield_hold_after_blocked_legacy_next,True,13098.561780000002,branch,none,"28->47@[0.000,12000.000)",none,none,hold,27,,,13082.761780000003,13083.761780000003,,False,False,False
legacy_offset64_repair32,repair_window,reroute_from_current_legacy,reroute,False,python_faithful_legacy_astar_wait_horizon_audit,230,11,16,80:storage_in,80,82,27,47,13083.761780000003,28 45,,27 28 47,28,ABSTAIN_NO_TEACHER,no_teacher,28,,0.0,,,current_node_hold_conflict,edge_capacity,edge_capacity,abstain_no_safe_hold,False,13099.561780000002,branch,none,"28->47@[0.000,12000.000)",none,none,unplanned,,,,,,edge_capacity,True,False,False
legacy_offset64_repair32,repair_window,reroute_from_current_legacy,reroute,False,python_faithful_legacy_astar_wait_horizon_audit,232,4,28,92:storage_in,92,94,11,47,13084.09516,13 14,,11 13 23 24 27 28 47,13,LEGACY_NEXT_TEMPORARILY_BLOCKED,hold,13,13085.09516,1.0,13091.83983,7.744670000000042,ok,edge_capacity,edge_capacity,shield_hold_after_blocked_legacy_next,True,13121.495160000002,branch,none,"28->47@[0.000,12000.000)",none,none,hold,11,,,13084.09516,13085.09516,,False,False,False
legacy_offset64_repair32,repair_window,reroute_from_current_legacy,reroute,False,python_faithful_legacy_astar_wait_horizon_audit,236,5,28,92:storage_in,92,94,11,47,13085.09516,13 14,,11 13 23 24 27 28 47,13,LEGACY_NEXT_TEMPORARILY_BLOCKED,hold,13,13086.09516,1.0,13091.83983,6.744670000000042,ok,edge_capacity,edge_capacity,shield_hold_after_blocked_legacy_next,True,13122.495160000002,branch,none,"28->47@[0.000,12000.000)",none,none,hold,11,,,13085.09516,13086.09516,,False,False,False
legacy_offset64_repair32,repair_window,reroute_from_current_legacy,reroute,False,python_faithful_legacy_astar_wait_horizon_audit,237,10,14,78:storage_in,78,80,27,47,13085.449940000002,28 45,,27 28 47,28,LEGACY_NEXT_TEMPORARILY_BLOCKED,hold,28,13086.449940000002,1.0,13090.682149999999,5.232209999996485,ok,edge_capacity,edge_capacity,shield_hold_after_blocked_legacy_next,True,13101.249940000002,branch,none,"28->47@[0.000,12000.000)",none,none,hold,27,,,13085.449940000002,13086.449940000002,,False,False,False
legacy_offset64_repair32,repair_window,reroute_from_current_legacy,reroute,False,python_faithful_legacy_astar_wait_horizon_audit,239,11,14,78:storage_in,78,80,27,47,13086.449940000002,28 45,,27 28 47,28,LEGACY_NEXT_TEMPORARILY_BLOCKED,hold,28,13087.449940000002,1.0,13090.682149999999,4.232209999996485,ok,edge_capacity,edge_capacity,shield_hold_after_blocked_legacy_next,True,13102.249940000002,branch,none,"28->47@[0.000,12000.000)",none,none,hold,27,,,13086.449940000002,13087.449940000002,,False,False,False
legacy_offset64_repair32,repair_window,reroute_from_current_legacy,reroute,False,python_faithful_legacy_astar_wait_horizon_audit,242,12,14,78:storage_in,78,80,27,47,13087.449940000002,28 45,,27 28 47,28,LEGACY_NEXT_TEMPORARILY_BLOCKED,hold,28,13088.449940000002,1.0,13090.682149999999,3.232209999996485,ok,edge_capacity,edge_capacity,shield_hold_after_blocked_legacy_next,True,13103.249940000002,branch,none,"28->47@[0.000,12000.000)",none,none,hold,27,,,13087.449940000002,13088.449940000002,,False,False,False
legacy_offset64_repair32,repair_window,reroute_from_current_legacy,reroute,False,python_faithful_legacy_astar_wait_horizon_audit,243,4,26,90:storage_in,90,92,13,47,13088.13782,23,23,,,LEGACY_NO_PATH,hold_no_path_probe,,13089.13782,1.0,,,,legacy_astar_no_path,legacy_astar_no_path,shield_hold_after_legacy_no_path,True,,linear,none,"28->47@[0.000,12000.000)",none,none,hold,13,,,13088.13782,13089.13782,,False,False,False
legacy_offset64_repair32,repair_window,reroute_from_current_legacy,reroute,False,python_faithful_legacy_astar_wait_horizon_audit,244,13,14,78:storage_in,78,80,27,47,13088.449940000002,28 45,,27 28 47,28,LEGACY_NEXT_TEMPORARILY_BLOCKED,hold,28,13089.449940000002,1.0,13090.682149999999,2.232209999996485,ok,edge_capacity,edge_capacity,shield_hold_after_blocked_legacy_next,True,13104.249940000002,branch,none,"28->47@[0.000,12000.000)",none,none,hold,27,,,13088.449940000002,13089.449940000002,,False,False,False
legacy_offset64_repair32,repair_window,reroute_from_current_legacy,reroute,False,python_faithful_legacy_astar_wait_horizon_audit,246,5,26,90:storage_in,90,92,13,47,13089.13782,23,23,,,LEGACY_NO_PATH,hold_no_path_probe,,13090.13782,1.0,,,,legacy_astar_no_path,legacy_astar_no_path,shield_hold_after_legacy_no_path,True,,linear,none,"28->47@[0.000,12000.000)",none,none,hold,13,,,13089.13782,13090.13782,,False,False,False
legacy_offset64_repair32,repair_window,reroute_from_current_legacy,reroute,False,python_faithful_legacy_astar_wait_horizon_audit,248,14,14,78:storage_in,78,80,27,47,13089.449940000002,28 45,,27 28 47,28,LEGACY_NEXT_TEMPORARILY_BLOCKED,hold,28,13090.449940000002,1.0,13090.682149999999,1.2322099999964848,ok,edge_capacity,edge_capacity,shield_hold_after_blocked_legacy_next,True,13105.249940000002,branch,none,"28->47@[0.000,12000.000)",none,none,hold,27,,,13089.449940000002,13090.449940000002,,False,False,False
legacy_offset64_repair32,repair_window,reroute_from_current_legacy,reroute,False,python_faithful_legacy_astar_wait_horizon_audit,250,15,14,78:storage_in,78,80,27,47,13090.449940000002,28 45,,27 28 47,28,LEGACY_NEXT_TEMPORARILY_BLOCKED,hold,28,13091.449940000002,1.0,13090.682149999999,0.23220999999648484,ok,edge_capacity,edge_capacity,shield_hold_after_blocked_legacy_next,True,13106.249940000002,branch,none,"28->47@[0.000,12000.000)",none,none,hold,27,,,13090.449940000002,13091.449940000002,,False,False,False
legacy_offset64_repair32,repair_window,reroute_from_current_legacy,reroute,False,python_faithful_legacy_astar_wait_horizon_audit,251,5,29,93:storage_in,93,95,11,47,13091.12116,13 14,,11 13 23 24 27 28 47,13,LEGACY_NEXT_TEMPORARILY_BLOCKED,hold,13,13092.12116,1.0,13091.83983,0.718670000000202,ok,edge_capacity,edge_capacity,shield_hold_after_blocked_legacy_next,True,13128.521160000002,branch,none,"28->47@[0.000,12000.000)",none,none,hold,11,,,13091.12116,13092.12116,,False,False,False
legacy_offset64_repair32,repair_window,reroute_from_current_legacy,reroute,False,python_faithful_legacy_astar_wait_horizon_audit,256,6,24,88:storage_in,88,90,13,47,13092.83983,23,,13 23 24 27 28 47,23,LEGACY_NEXT_TEMPORARILY_BLOCKED,hold,23,13093.83983,1.0,13093.33782,0.49798999999984517,ok,edge_capacity,edge_capacity,shield_hold_after_blocked_legacy_next,True,13118.039830000002,linear,none,"28->47@[0.000,12000.000)",none,none,hold,13,,,13092.83983,13093.83983,,False,False,False
legacy_offset64_repair32,repair_window,reroute_from_current_legacy,reroute,False,python_faithful_legacy_astar_wait_horizon_audit,261,10,18,82:storage_in,82,84,46,47,13094.459440000002,35 36,,46 36 38 39 47,36,LEGACY_NEXT_TEMPORARILY_BLOCKED,hold,36,13095.459440000002,1.0,13103.90649,9.447049999997034,ok,edge_capacity,edge_capacity,shield_hold_after_blocked_legacy_next,True,13137.45944,branch,none,"28->47@[0.000,12000.000)",none,none,hold,46,,,13094.459440000002,13095.459440000002,,False,False,False
legacy_offset64_repair32,repair_window,reroute_from_current_legacy,reroute,False,python_faithful_legacy_astar_wait_horizon_audit,262,11,18,82:storage_in,82,84,46,47,13095.459440000002,35 36,,46 36 38 39 47,36,LEGACY_NEXT_TEMPORARILY_BLOCKED,hold,36,13096.459440000002,1.0,13103.90649,8.447049999997034,ok,edge_capacity,edge_capacity,shield_hold_after_blocked_legacy_next,True,13138.45944,branch,none,"28->47@[0.000,12000.000)",none,none,hold,46,,,13095.459440000002,13096.459440000002,,False,False,False
legacy_offset64_repair32,repair_window,reroute_from_current_legacy,reroute,False,python_faithful_legacy_astar_wait_horizon_audit,264,12,18,82:storage_in,82,84,46,47,13096.459440000002,35 36,,46 36 38 39 47,36,LEGACY_NEXT_TEMPORARILY_BLOCKED,hold,36,13097.459440000002,1.0,13103.90649,7.447049999997034,ok,edge_capacity,edge_capacity,shield_hold_after_blocked_legacy_next,True,13139.45944,branch,none,"28->47@[0.000,12000.000)",none,none,hold,46,,,13096.459440000002,13097.459440000002,,False,False,False
legacy_offset64_repair32,repair_window,reroute_from_current_legacy,reroute,False,python_faithful_legacy_astar_wait_horizon_audit,265,8,26,90:storage_in,90,92,24,47,13096.937820000001,27,,24 27 28 47,27,LEGACY_NEXT_TEMPORARILY_BLOCKED,hold,27,13097.937820000001,1.0,13097.378690000001,0.44087000000035914,ok,edge_capacity,edge_capacity,shield_hold_after_blocked_legacy_next,True,13115.33782,linear,none,"28->47@[0.000,12000.000)",none,none,hold,24,,,13096.937820000001,13097.937820000001,,False,False,False
legacy_offset64_repair32,repair_window,reroute_from_current_legacy,reroute,False,python_faithful_legacy_astar_wait_horizon_audit,266,13,18,82:storage_in,82,84,46,47,13097.459440000002,35 36,,46 36 38 39 47,36,LEGACY_NEXT_TEMPORARILY_BLOCKED,hold,36,13098.459440000002,1.0,13103.90649,6.447049999997034,ok,edge_capacity,edge_capacity,shield_hold_after_blocked_legacy_next,True,13140.45944,branch,none,"28->47@[0.000,12000.000)",none,none,hold,46,,,13097.459440000002,13098.459440000002,,False,False,False
legacy_offset64_repair32,repair_window,reroute_from_current_legacy,reroute,False,python_faithful_legacy_astar_wait_horizon_audit,269,7,23,87:storage_in,87,89,27,47,13098.378690000001,28 45,,27 28 47,28,LEGACY_NEXT_GLOBALLY_UNSAFE,hold,28,13099.378690000001,1.0,,,current_node_hold_conflict,edge_capacity,edge_capacity,shield_hold_after_blocked_legacy_next,True,13114.17869,branch,none,"28->47@[0.000,12000.000)",none,none,hold,27,,,13098.378690000001,13099.378690000001,,False,False,False
legacy_offset64_repair32,repair_window,reroute_from_current_legacy,reroute,False,python_faithful_legacy_astar_wait_horizon_audit,270,14,18,82:storage_in,82,84,46,47,13098.459440000002,35 36,,46 36 38 39 47,36,LEGACY_NEXT_TEMPORARILY_BLOCKED,hold,36,13099.459440000002,1.0,13103.90649,5.447049999997034,ok,edge_capacity,edge_capacity,shield_hold_after_blocked_legacy_next,True,13141.45944,branch,none,"28->47@[0.000,12000.000)",none,none,hold,46,,,13098.459440000002,13099.459440000002,,False,False,False
legacy_offset64_repair32,repair_window,reroute_from_current_legacy,reroute,False,python_faithful_legacy_astar_wait_horizon_audit,272,8,23,87:storage_in,87,89,27,47,13099.378690000001,28 45,,27 28 47,28,ABSTAIN_NO_TEACHER,no_teacher,28,,0.0,,,current_node_hold_conflict,edge_capacity,edge_capacity,abstain_no_safe_hold,False,13115.17869,branch,none,"28->47@[0.000,12000.000)",none,none,unplanned,,,,,,edge_capacity,True,False,False
legacy_offset64_repair32,repair_window,reroute_from_current_legacy,reroute,False,python_faithful_legacy_astar_wait_horizon_audit,273,15,18,82:storage_in,82,84,46,47,13099.459440000002,35 36,,46 36 38 39 47,36,LEGACY_NEXT_TEMPORARILY_BLOCKED,hold,36,13100.459440000002,1.0,13103.90649,4.447049999997034,ok,edge_capacity,edge_capacity,shield_hold_after_blocked_legacy_next,True,13142.45944,branch,none,"28->47@[0.000,12000.000)",none,none,hold,46,,,13099.459440000002,13100.459440000002,,False,False,False
legacy_offset64_repair32,repair_window,reroute_from_current_legacy,reroute,False,python_faithful_legacy_astar_wait_horizon_audit,275,16,18,82:storage_in,82,84,46,47,13100.459440000002,35 36,,46 36 38 39 47,36,LEGACY_NEXT_GLOBALLY_UNSAFE,hold,36,13101.459440000002,1.0,,,current_node_hold_conflict,edge_capacity,edge_capacity,shield_hold_after_blocked_legacy_next,True,13143.45944,branch,none,"28->47@[0.000,12000.000)",none,none,hold,46,,,13100.459440000002,13101.459440000002,,False,False,False
legacy_offset64_repair32,repair_window,reroute_from_current_legacy,reroute,False,python_faithful_legacy_astar_wait_horizon_audit,276,10,26,90:storage_in,90,92,27,47,13100.537820000001,28 45,,27 28 47,28,LEGACY_NEXT_TEMPORARILY_BLOCKED,hold,28,13101.537820000001,1.0,13102.249940000002,1.7121200000001409,ok,edge_capacity,edge_capacity,shield_hold_after_blocked_legacy_next,True,13116.33782,branch,none,"28->47@[0.000,12000.000)",none,none,hold,27,,,13100.537820000001,13101.537820000001,,False,False,False
legacy_offset64_repair32,repair_window,reroute_from_current_legacy,reroute,False,python_faithful_legacy_astar_wait_horizon_audit,279,17,18,82:storage_in,82,84,46,47,13101.459440000002,35 36,,46 36 38 39 47,36,ABSTAIN_NO_TEACHER,no_teacher,36,,0.0,,,current_node_hold_conflict,edge_capacity,edge_capacity,abstain_no_safe_hold,False,13144.45944,branch,none,"28->47@[0.000,12000.000)",none,none,unplanned,,,,,,edge_capacity,True,False,False
legacy_offset64_repair32,repair_window,reroute_from_current_legacy,reroute,False,python_faithful_legacy_astar_wait_horizon_audit,280,11,26,90:storage_in,90,92,27,47,13101.537820000001,28 45,,27 28 47,28,ABSTAIN_NO_TEACHER,no_teacher,28,,0.0,,,current_node_hold_conflict,edge_capacity,edge_capacity,abstain_no_safe_hold,False,13117.33782,branch,none,"28->47@[0.000,12000.000)",none,none,unplanned,,,,,,edge_capacity,True,False,False
legacy_offset64_repair32,repair_window,reroute_from_current_legacy,reroute,False,python_faithful_legacy_astar_wait_horizon_audit,281,8,28,92:storage_in,92,94,46,47,13102.49516,35 36,,46 36 38 39 47,36,LEGACY_NEXT_TEMPORARILY_BLOCKED,hold,36,13103.49516,1.0,13103.90649,1.4113299999989977,ok,edge_capacity,edge_capacity,shield_hold_after_blocked_legacy_next,True,13145.495159999999,branch,none,"28->47@[0.000,12000.000)",none,none,hold,46,,,13102.49516,13103.49516,,False,False,False
legacy_offset64_repair32,repair_window,reroute_from_current_legacy,reroute,False,python_faithful_legacy_astar_wait_horizon_audit,285,9,28,92:storage_in,92,94,46,47,13103.49516,35 36,,46 36 38 39 47,36,LEGACY_NEXT_TEMPORARILY_BLOCKED,hold,36,13104.49516,1.0,13103.90649,0.41132999999899766,ok,edge_capacity,edge_capacity,shield_hold_after_blocked_legacy_next,True,13146.495159999999,branch,none,"28->47@[0.000,12000.000)",none,none,hold,46,,,13103.49516,13104.49516,,False,False,False
legacy_offset64_repair32,repair_window,reroute_from_current_legacy,reroute,False,python_faithful_legacy_astar_wait_horizon_audit,292,7,31,95:storage_in,95,97,27,47,13108.204480000002,28 45,,27 28 47,28,LEGACY_NEXT_TEMPORARILY_BLOCKED,hold,28,13109.204480000002,1.0,13114.039830000002,5.83534999999938,ok,edge_capacity,edge_capacity,shield_hold_after_blocked_legacy_next,True,13124.004480000001,branch,none,"28->47@[0.000,12000.000)",none,none,hold,27,,,13108.204480000002,13109.204480000002,,False,False,False
legacy_offset64_repair32,repair_window,reroute_from_current_legacy,reroute,False,python_faithful_legacy_astar_wait_horizon_audit,294,8,31,95:storage_in,95,97,27,47,13109.204480000002,28 45,,27 28 47,28,LEGACY_NEXT_TEMPORARILY_BLOCKED,hold,28,13110.204480000002,1.0,13114.039830000002,4.83534999999938,ok,edge_capacity,edge_capacity,shield_hold_after_blocked_legacy_next,True,13125.004480000001,branch,none,"28->47@[0.000,12000.000)",none,none,hold,27,,,13109.204480000002,13110.204480000002,,False,False,False
legacy_offset64_repair32,repair_window,reroute_from_current_legacy,reroute,False,python_faithful_legacy_astar_wait_horizon_audit,295,9,31,95:storage_in,95,97,27,47,13110.204480000002,28 45,,27 28 47,28,LEGACY_NEXT_TEMPORARILY_BLOCKED,hold,28,13111.204480000002,1.0,13114.039830000002,3.83534999999938,ok,edge_capacity,edge_capacity,shield_hold_after_blocked_legacy_next,True,13126.004480000001,branch,none,"28->47@[0.000,12000.000)",none,none,hold,27,,,13110.204480000002,13111.204480000002,,False,False,False
legacy_offset64_repair32,repair_window,reroute_from_current_legacy,reroute,False,python_faithful_legacy_astar_wait_horizon_audit,298,10,31,95:storage_in,95,97,27,47,13111.204480000002,28 45,,27 28 47,28,LEGACY_NEXT_GLOBALLY_UNSAFE,hold,28,13112.204480000002,1.0,,,current_node_hold_conflict,edge_capacity,edge_capacity,shield_hold_after_blocked_legacy_next,True,13127.004480000001,branch,none,"28->47@[0.000,12000.000)",none,none,hold,27,,,13111.204480000002,13112.204480000002,,False,False,False
legacy_offset64_repair32,repair_window,reroute_from_current_legacy,reroute,False,python_faithful_legacy_astar_wait_horizon_audit,299,11,31,95:storage_in,95,97,27,47,13112.204480000002,28 45,,27 28 47,28,ABSTAIN_NO_TEACHER,no_teacher,28,,0.0,,,current_node_hold_conflict,edge_capacity,edge_capacity,abstain_no_safe_hold,False,13128.004480000001,branch,none,"28->47@[0.000,12000.000)",none,none,unplanned,,,,,,edge_capacity,True,False,False
legacy_offset64_repair32,repair_window,reroute_from_current_legacy,reroute,False,python_faithful_legacy_astar_wait_horizon_audit,300,9,30,94:storage_in,94,96,46,47,13113.040860000001,35 36,,46 36 38 39 47,36,LEGACY_NEXT_TEMPORARILY_BLOCKED,hold,36,13114.040860000001,1.0,13119.29516,6.254299999998693,ok,edge_capacity,edge_capacity,shield_hold_after_blocked_legacy_next,True,13156.04086,branch,none,"28->47@[0.000,12000.000)",none,none,hold,46,,,13113.040860000001,13114.040860000001,,False,False,False
legacy_offset64_repair32,repair_window,reroute_from_current_legacy,reroute,False,python_faithful_legacy_astar_wait_horizon_audit,301,10,29,93:storage_in,93,95,27,47,13113.721160000003,28 45,,27 28 47,28,LEGACY_NEXT_TEMPORARILY_BLOCKED,hold,28,13114.721160000003,1.0,13114.039830000002,0.3186699999987468,ok,edge_capacity,edge_capacity,shield_hold_after_blocked_legacy_next,True,13129.521160000002,branch,none,"28->47@[0.000,12000.000)",none,none,hold,27,,,13113.721160000003,13114.721160000003,,False,False,False
legacy_offset64_repair32,repair_window,reroute_from_current_legacy,reroute,False,python_faithful_legacy_astar_wait_horizon_audit,302,10,30,94:storage_in,94,96,46,47,13114.040860000001,35 36,,46 36 38 39 47,36,LEGACY_NEXT_TEMPORARILY_BLOCKED,hold,36,13115.040860000001,1.0,13119.29516,5.254299999998693,ok,edge_capacity,edge_capacity,shield_hold_after_blocked_legacy_next,True,13157.04086,branch,none,"28->47@[0.000,12000.000)",none,none,hold,46,,,13114.040860000001,13115.040860000001,,False,False,False
legacy_offset64_repair32,repair_window,reroute_from_current_legacy,reroute,False,python_faithful_legacy_astar_wait_horizon_audit,305,11,30,94:storage_in,94,96,46,47,13115.040860000001,35 36,,46 36 38 39 47,36,LEGACY_NEXT_TEMPORARILY_BLOCKED,hold,36,13116.040860000001,1.0,13119.29516,4.254299999998693,ok,edge_capacity,edge_capacity,shield_hold_after_blocked_legacy_next,True,13158.04086,branch,none,"28->47@[0.000,12000.000)",none,none,hold,46,,,13115.040860000001,13116.040860000001,,False,False,False
legacy_offset64_repair32,repair_window,reroute_from_current_legacy,reroute,False,python_faithful_legacy_astar_wait_horizon_audit,306,12,30,94:storage_in,94,96,46,47,13116.040860000001,35 36,,46 36 38 39 47,36,LEGACY_NEXT_TEMPORARILY_BLOCKED,hold,36,13117.040860000001,1.0,13119.29516,3.2542999999986932,ok,edge_capacity,edge_capacity,shield_hold_after_blocked_legacy_next,True,13159.04086,branch,none,"28->47@[0.000,12000.000)",none,none,hold,46,,,13116.040860000001,13117.040860000001,,False,False,False
legacy_offset64_repair32,repair_window,reroute_from_current_legacy,reroute,False,python_faithful_legacy_astar_wait_horizon_audit,307,13,30,94:storage_in,94,96,46,47,13117.040860000001,35 36,,46 36 38 39 47,36,LEGACY_NEXT_TEMPORARILY_BLOCKED,hold,36,13118.040860000001,1.0,13119.29516,2.2542999999986932,ok,edge_capacity,edge_capacity,shield_hold_after_blocked_legacy_next,True,13160.04086,branch,none,"28->47@[0.000,12000.000)",none,none,hold,46,,,13117.040860000001,13118.040860000001,,False,False,False
legacy_offset64_repair32,repair_window,reroute_from_current_legacy,reroute,False,python_faithful_legacy_astar_wait_horizon_audit,308,14,30,94:storage_in,94,96,46,47,13118.040860000001,35 36,,46 36 38 39 47,36,LEGACY_NEXT_TEMPORARILY_BLOCKED,hold,36,13119.040860000001,1.0,13119.29516,1.2542999999986932,ok,edge_capacity,edge_capacity,shield_hold_after_blocked_legacy_next,True,13161.04086,branch,none,"28->47@[0.000,12000.000)",none,none,hold,46,,,13118.040860000001,13119.040860000001,,False,False,False
legacy_offset64_repair32,repair_window,reroute_from_current_legacy,reroute,False,python_faithful_legacy_astar_wait_horizon_audit,310,15,30,94:storage_in,94,96,46,47,13119.040860000001,35 36,,46 36 38 39 47,36,LEGACY_NEXT_TEMPORARILY_BLOCKED,hold,36,13120.040860000001,1.0,13119.29516,0.25429999999869324,ok,edge_capacity,edge_capacity,shield_hold_after_blocked_legacy_next,True,13162.04086,branch,none,"28->47@[0.000,12000.000)",none,none,hold,46,,,13119.040860000001,13120.040860000001,,False,False,False
legacy_offset64_merge32,merge_group,reroute_from_current_legacy,reroute,False,python_faithful_legacy_astar_wait_horizon_audit,4,1,2,66:storage_in,66,68,4,47,12477.43655,17,,,,LEGACY_NO_PATH,hold_no_path_probe,,12478.43655,1.0,,,,legacy_astar_no_path,legacy_astar_no_path,shield_hold_after_legacy_no_path,True,,linear,none,none,13->23:9;18->22:9,none,hold,4,,,12477.43655,12478.43655,,False,False,False
legacy_offset64_merge32,merge_group,reroute_from_current_legacy,reroute,False,python_faithful_legacy_astar_wait_horizon_audit,12,3,2,66:storage_in,66,68,17,47,12483.03655,18,,,,LEGACY_NO_PATH,hold_no_path_probe,,12484.03655,1.0,,,,legacy_astar_no_path,legacy_astar_no_path,shield_hold_after_legacy_no_path,True,,linear,none,none,13->23:9;18->22:9,none,hold,17,,,12483.03655,12484.03655,,False,False,False
legacy_offset64_merge32,merge_group,reroute_from_current_legacy,reroute,False,python_faithful_legacy_astar_wait_horizon_audit,13,4,2,66:storage_in,66,68,17,47,12484.03655,18,,,,LEGACY_NO_PATH,hold_no_path_probe,,12485.03655,1.0,,,,legacy_astar_no_path,legacy_astar_no_path,shield_hold_after_legacy_no_path,True,,linear,none,none,13->23:9;18->22:9,none,hold,17,,,12484.03655,12485.03655,,False,False,False
legacy_offset64_merge32,merge_group,reroute_from_current_legacy,reroute,False,python_faithful_legacy_astar_wait_horizon_audit,19,1,7,71:storage_in,71,73,4,47,12485.3062,17,,,,LEGACY_NO_PATH,hold_no_path_probe,,12486.3062,1.0,,,,legacy_astar_no_path,legacy_astar_no_path,shield_hold_after_legacy_no_path,True,,linear,none,none,13->23:9;18->22:9,none,hold,4,,,12485.3062,12486.3062,,False,False,False
legacy_offset64_merge32,merge_group,reroute_from_current_legacy,reroute,False,python_faithful_legacy_astar_wait_horizon_audit,21,3,4,68:storage_in,68,70,18,47,12486.50318,22,,18 22 24 27 28 47,22,ABSTAIN_NO_TEACHER,no_teacher,22,,0.0,,,current_node_hold_conflict,edge_capacity+merge_group,edge_capacity+merge_group,abstain_no_safe_hold,False,12525.703179999999,linear,none,none,13->23:9;18->22:9,none,unplanned,,,,,,edge_capacity+merge_group,True,False,False
legacy_offset64_merge32,merge_group,reroute_from_current_legacy,reroute,False,python_faithful_legacy_astar_wait_horizon_audit,24,6,2,66:storage_in,66,68,18,47,12487.636550000001,22,,18 22 24 27 28 47,22,LEGACY_NEXT_TEMPORARILY_BLOCKED,hold,22,12488.636550000001,1.0,12492.83977,5.203219999999419,ok,edge_capacity+merge_group,edge_capacity+merge_group,shield_hold_after_blocked_legacy_next,True,12526.83655,linear,none,none,13->23:9;18->22:9,none,hold,18,,,12487.636550000001,12488.636550000001,,False,False,False
legacy_offset64_merge32,merge_group,reroute_from_current_legacy,reroute,False,python_faithful_legacy_astar_wait_horizon_audit,26,7,2,66:storage_in,66,68,18,47,12488.636550000001,22,,18 22 24 27 28 47,22,LEGACY_NEXT_TEMPORARILY_BLOCKED,hold,22,12489.636550000001,1.0,12492.83977,4.203219999999419,ok,edge_capacity+merge_group,edge_capacity+merge_group,shield_hold_after_blocked_legacy_next,True,12527.83655,linear,none,none,13->23:9;18->22:9,none,hold,18,,,12488.636550000001,12489.636550000001,,False,False,False
legacy_offset64_merge32,merge_group,reroute_from_current_legacy,reroute,False,python_faithful_legacy_astar_wait_horizon_audit,29,8,2,66:storage_in,66,68,18,47,12489.636550000001,22,,18 22 24 27 28 47,22,LEGACY_NEXT_TEMPORARILY_BLOCKED,hold,22,12490.636550000001,1.0,12492.83977,3.203219999999419,ok,edge_capacity+merge_group,edge_capacity+merge_group,shield_hold_after_blocked_legacy_next,True,12528.83655,linear,none,none,13->23:9;18->22:9,none,hold,18,,,12489.636550000001,12490.636550000001,,False,False,False
legacy_offset64_merge32,merge_group,reroute_from_current_legacy,reroute,False,python_faithful_legacy_astar_wait_horizon_audit,32,9,2,66:storage_in,66,68,18,47,12490.636550000001,22,,18 22 24 27 28 47,22,ABSTAIN_NO_TEACHER,no_teacher,22,,0.0,,,current_node_hold_conflict,edge_capacity+merge_group,edge_capacity+merge_group,abstain_no_safe_hold,False,12529.83655,linear,none,none,13->23:9;18->22:9,none,unplanned,,,,,,edge_capacity+merge_group,True,False,False
legacy_offset64_merge32,merge_group,reroute_from_current_legacy,reroute,False,python_faithful_legacy_astar_wait_horizon_audit,35,3,7,71:storage_in,71,73,17,47,12490.906200000001,18,,,,LEGACY_NO_PATH,hold_no_path_probe,,12491.906200000001,1.0,,,,legacy_astar_no_path,legacy_astar_no_path,shield_hold_after_legacy_no_path,True,,linear,none,none,13->23:9;18->22:9,none,hold,17,,,12490.906200000001,12491.906200000001,,False,False,False
legacy_offset64_merge32,merge_group,reroute_from_current_legacy,reroute,False,python_faithful_legacy_astar_wait_horizon_audit,38,4,7,71:storage_in,71,73,17,47,12491.906200000001,18,,,,LEGACY_NO_PATH,hold_no_path_probe,,12492.906200000001,1.0,,,,legacy_astar_no_path,legacy_astar_no_path,shield_hold_after_legacy_no_path,True,,linear,none,none,13->23:9;18->22:9,none,hold,17,,,12491.906200000001,12492.906200000001,,False,False,False
legacy_offset64_merge32,merge_group,reroute_from_current_legacy,reroute,False,python_faithful_legacy_astar_wait_horizon_audit,40,4,5,69:storage_in,69,71,18,47,12492.46742,22,,18 22 24 27 28 47,22,ABSTAIN_NO_TEACHER,no_teacher,22,,0.0,12492.83977,0.372349999999642,ok,edge_capacity+merge_group,edge_capacity+merge_group,abstain_no_safe_hold,False,12531.66742,linear,none,none,13->23:9;18->22:9,none,unplanned,,,,,,edge_capacity+merge_group,True,False,False
legacy_offset64_merge32,merge_group,reroute_from_current_legacy,reroute,False,python_faithful_legacy_astar_wait_horizon_audit,48,6,7,71:storage_in,71,73,18,47,12495.506200000002,22,,18 22 24 27 28 47,22,LEGACY_NEXT_TEMPORARILY_BLOCKED,hold,22,12496.506200000002,1.0,12502.77299,7.2667899999978545,ok,edge_capacity+merge_group,edge_capacity+merge_group,shield_hold_after_blocked_legacy_next,True,12534.7062,linear,none,none,13->23:9;18->22:9,none,hold,18,,,12495.506200000002,12496.506200000002,,False,False,False
legacy_offset64_merge32,merge_group,reroute_from_current_legacy,reroute,False,python_faithful_legacy_astar_wait_horizon_audit,49,4,1,65:storage_in,65,67,13,47,12496.137770000001,23,,13 23 24 27 28 47,23,LEGACY_NEXT_GLOBALLY_UNSAFE,hold,23,12497.137770000001,1.0,,,current_node_hold_conflict,merge_group,merge_group,shield_hold_after_blocked_legacy_next,True,12521.337770000002,linear,none,none,13->23:9;18->22:9,none,hold,13,,,12496.137770000001,12497.137770000001,,False,False,False
legacy_offset64_merge32,merge_group,reroute_from_current_legacy,reroute,False,python_faithful_legacy_astar_wait_horizon_audit,50,7,7,71:storage_in,71,73,18,47,12496.506200000002,22,,18 22 24 27 28 47,22,LEGACY_NEXT_TEMPORARILY_BLOCKED,hold,22,12497.506200000002,1.0,12502.77299,6.2667899999978545,ok,edge_capacity+merge_group,edge_capacity+merge_group,shield_hold_after_blocked_legacy_next,True,12535.7062,linear,none,none,13->23:9;18->22:9,none,hold,18,,,12496.506200000002,12497.506200000002,,False,False,False
legacy_offset64_merge32,merge_group,reroute_from_current_legacy,reroute,False,python_faithful_legacy_astar_wait_horizon_audit,52,5,1,65:storage_in,65,67,13,47,12497.137770000001,23,,13 23 24 27 28 47,23,LEGACY_NEXT_GLOBALLY_UNSAFE,hold,23,12498.137770000001,1.0,,,current_node_hold_conflict,merge_group,merge_group,shield_hold_after_blocked_legacy_next,True,12522.337770000002,linear,none,none,13->23:9;18->22:9,none,hold,13,,,12497.137770000001,12498.137770000001,,False,False,False
legacy_offset64_merge32,merge_group,reroute_from_current_legacy,reroute,False,python_faithful_legacy_astar_wait_horizon_audit,53,8,7,71:storage_in,71,73,18,47,12497.506200000002,22,,18 22 24 27 28 47,22,LEGACY_NEXT_TEMPORARILY_BLOCKED,hold,22,12498.506200000002,1.0,12502.77299,5.2667899999978545,ok,edge_capacity+merge_group,edge_capacity+merge_group,shield_hold_after_blocked_legacy_next,True,12536.7062,linear,none,none,13->23:9;18->22:9,none,hold,18,,,12497.506200000002,12498.506200000002,,False,False,False
legacy_offset64_merge32,merge_group,reroute_from_current_legacy,reroute,False,python_faithful_legacy_astar_wait_horizon_audit,54,3,10,74:storage_in,74,76,8,47,12497.83982,11,,8 11 13 23 24 27 28 47,11,LEGACY_NEXT_TEMPORARILY_BLOCKED,hold,11,12498.83982,1.0,12498.306480000001,0.46666000000186614,ok,edge_capacity,edge_capacity,shield_hold_after_blocked_legacy_next,True,12539.439820000001,linear,none,none,13->23:9;18->22:9,none,hold,8,,,12497.83982,12498.83982,,False,False,False
legacy_offset64_merge32,merge_group,reroute_from_current_legacy,reroute,False,python_faithful_legacy_astar_wait_horizon_audit,56,6,1,65:storage_in,65,67,13,47,12498.137770000001,23,,,,LEGACY_NO_PATH,hold_no_path_probe,,12499.137770000001,1.0,,,,legacy_astar_no_path,legacy_astar_no_path,shield_hold_after_legacy_no_path,True,,linear,none,none,13->23:9;18->22:9,none,hold,13,,,12498.137770000001,12499.137770000001,,False,False,False
legacy_offset64_merge32,merge_group,reroute_from_current_legacy,reroute,False,python_faithful_legacy_astar_wait_horizon_audit,57,9,7,71:storage_in,71,73,18,47,12498.506200000002,22,,18 22 24 27 28 47,22,LEGACY_NEXT_GLOBALLY_UNSAFE,hold,22,12499.506200000002,1.0,,,current_node_hold_conflict,edge_capacity+merge_group,edge_capacity+merge_group,shield_hold_after_blocked_legacy_next,True,12537.7062,linear,none,none,13->23:9;18->22:9,none,hold,18,,,12498.506200000002,12499.506200000002,,False,False,False
legacy_offset64_merge32,merge_group,reroute_from_current_legacy,reroute,False,python_faithful_legacy_astar_wait_horizon_audit,59,7,1,65:storage_in,65,67,13,47,12499.137770000001,23,,,,LEGACY_NO_PATH,hold_no_path_probe,,12500.137770000001,1.0,,,,legacy_astar_no_path,legacy_astar_no_path,shield_hold_after_legacy_no_path,True,,linear,none,none,13->23:9;18->22:9,none,hold,13,,,12499.137770000001,12500.137770000001,,False,False,False
legacy_offset64_merge32,merge_group,reroute_from_current_legacy,reroute,False,python_faithful_legacy_astar_wait_horizon_audit,61,10,7,71:storage_in,71,73,18,47,12499.506200000002,22,,18 22 24 27 28 47,22,ABSTAIN_NO_TEACHER,no_teacher,22,,0.0,,,current_node_hold_conflict,edge_capacity+merge_group,edge_capacity+merge_group,abstain_no_safe_hold,False,12538.7062,linear,none,none,13->23:9;18->22:9,none,unplanned,,,,,,edge_capacity+merge_group,True,False,False
legacy_offset64_merge32,merge_group,reroute_from_current_legacy,reroute,False,python_faithful_legacy_astar_wait_horizon_audit,62,8,1,65:storage_in,65,67,13,47,12500.137770000001,23,,13 23 24 27 28 47,23,LEGACY_NEXT_GLOBALLY_UNSAFE,hold,23,12501.137770000001,1.0,,,current_node_hold_conflict,merge_group,merge_group,shield_hold_after_blocked_legacy_next,True,12525.337770000002,linear,none,none,13->23:9;18->22:9,none,hold,13,,,12500.137770000001,12501.137770000001,,False,False,False
legacy_offset64_merge32,merge_group,reroute_from_current_legacy,reroute,False,python_faithful_legacy_astar_wait_horizon_audit,64,4,11,75:storage_in,75,77,18,47,12500.574170000002,22,,18 22 24 27 28 47,22,LEGACY_NEXT_TEMPORARILY_BLOCKED,hold,22,12501.574170000002,1.0,12502.77299,2.198819999997795,ok,edge_capacity+merge_group,edge_capacity+merge_group,shield_hold_after_blocked_legacy_next,True,12539.77417,linear,none,none,13->23:9;18->22:9,none,hold,18,,,12500.574170000002,12501.574170000002,,False,False,False
legacy_offset64_merge32,merge_group,reroute_from_current_legacy,reroute,False,python_faithful_legacy_astar_wait_horizon_audit,65,9,1,65:storage_in,65,67,13,47,12501.137770000001,23,,13 23 24 27 28 47,23,LEGACY_NEXT_GLOBALLY_UNSAFE,hold,23,12502.137770000001,1.0,,,current_node_hold_conflict,merge_group,merge_group,shield_hold_after_blocked_legacy_next,True,12526.337770000002,linear,none,none,13->23:9;18->22:9,none,hold,13,,,12501.137770000001,12502.137770000001,,False,False,False
legacy_offset64_merge32,merge_group,reroute_from_current_legacy,reroute,False,python_faithful_legacy_astar_wait_horizon_audit,66,5,11,75:storage_in,75,77,18,47,12501.574170000002,22,,18 22 24 27 28 47,22,LEGACY_NEXT_TEMPORARILY_BLOCKED,hold,22,12502.574170000002,1.0,12502.77299,1.198819999997795,ok,edge_capacity+merge_group,edge_capacity+merge_group,shield_hold_after_blocked_legacy_next,True,12540.77417,linear,none,none,13->23:9;18->22:9,none,hold,18,,,12501.574170000002,12502.574170000002,,False,False,False
legacy_offset64_merge32,merge_group,reroute_from_current_legacy,reroute,False,python_faithful_legacy_astar_wait_horizon_audit,68,10,1,65:storage_in,65,67,13,47,12502.137770000001,23,,13 23 24 27 28 47,23,ABSTAIN_NO_TEACHER,no_teacher,23,,0.0,,,current_node_hold_conflict,merge_group,merge_group,abstain_no_safe_hold,False,12527.337770000002,linear,none,none,13->23:9;18->22:9,none,unplanned,,,,,,merge_group,True,False,False
legacy_offset64_merge32,merge_group,reroute_from_current_legacy,reroute,False,python_faithful_legacy_astar_wait_horizon_audit,69,6,11,75:storage_in,75,77,18,47,12502.574170000002,22,,18 22 24 27 28 47,22,LEGACY_NEXT_TEMPORARILY_BLOCKED,hold,22,12503.574170000002,1.0,12502.77299,0.1988199999977951,ok,edge_capacity+merge_group,edge_capacity+merge_group,shield_hold_after_blocked_legacy_next,True,12541.77417,linear,none,none,13->23:9;18->22:9,none,hold,18,,,12502.574170000002,12503.574170000002,,False,False,False
legacy_offset64_merge32,merge_group,reroute_from_current_legacy,reroute,False,python_faithful_legacy_astar_wait_horizon_audit,73,7,11,75:storage_in,75,77,18,47,12503.574170000002,22,,18 22 24 27 28 47,22,LEGACY_NEXT_TEMPORARILY_BLOCKED,hold,22,12504.574170000002,1.0,12506.587820000002,3.01365000000078,ok,merge_group,merge_group,shield_hold_after_blocked_legacy_next,True,12542.77417,linear,none,none,13->23:9;18->22:9,none,hold,18,,,12503.574170000002,12504.574170000002,,False,False,False
legacy_offset64_merge32,merge_group,reroute_from_current_legacy,reroute,False,python_faithful_legacy_astar_wait_horizon_audit,75,8,11,75:storage_in,75,77,18,47,12504.574170000002,22,,18 22 24 27 28 47,22,LEGACY_NEXT_TEMPORARILY_BLOCKED,hold,22,12505.574170000002,1.0,12506.587820000002,2.01365000000078,ok,merge_group,merge_group,shield_hold_after_blocked_legacy_next,True,12543.77417,linear,none,none,13->23:9;18->22:9,none,hold,18,,,12504.574170000002,12505.574170000002,,False,False,False
legacy_offset64_merge32,merge_group,reroute_from_current_legacy,reroute,False,python_faithful_legacy_astar_wait_horizon_audit,77,9,11,75:storage_in,75,77,18,47,12505.574170000002,22,,18 22 24 27 28 47,22,LEGACY_NEXT_TEMPORARILY_BLOCKED,hold,22,12506.574170000002,1.0,12506.587820000002,1.01365000000078,ok,merge_group,merge_group,shield_hold_after_blocked_legacy_next,True,12544.77417,linear,none,none,13->23:9;18->22:9,none,hold,18,,,12505.574170000002,12506.574170000002,,False,False,False
legacy_offset64_merge32,merge_group,reroute_from_current_legacy,reroute,False,python_faithful_legacy_astar_wait_horizon_audit,78,10,11,75:storage_in,75,77,18,47,12506.574170000002,22,,18 22 24 27 28 47,22,LEGACY_NEXT_TEMPORARILY_BLOCKED,hold,22,12507.574170000002,1.0,12506.587820000002,0.013650000000779983,ok,merge_group,merge_group,shield_hold_after_blocked_legacy_next,True,12545.77417,linear,none,none,13->23:9;18->22:9,none,hold,18,,,12506.574170000002,12507.574170000002,,False,False,False
legacy_offset64_merge32,merge_group,reroute_from_current_legacy,reroute,False,python_faithful_legacy_astar_wait_horizon_audit,80,5,12,76:storage_in,76,78,11,47,12507.121410000002,13 14,,11 13 23 24 27 28 47,13,LEGACY_NEXT_TEMPORARILY_BLOCKED,hold,13,12508.121410000002,1.0,12514.23982,7.11840999999913,ok,edge_capacity,edge_capacity,shield_hold_after_blocked_legacy_next,True,12544.521410000003,branch,none,none,13->23:9;18->22:9,none,hold,11,,,12507.121410000002,12508.121410000002,,False,False,False
legacy_offset64_merge32,merge_group,reroute_from_current_legacy,reroute,False,python_faithful_legacy_astar_wait_horizon_audit,81,11,11,75:storage_in,75,77,18,47,12507.574170000002,22,,18 22 24 27 28 47,22,LEGACY_NEXT_TEMPORARILY_BLOCKED,hold,22,12508.574170000002,1.0,12510.004480000001,2.4303099999997357,ok,merge_group,merge_group,shield_hold_after_blocked_legacy_next,True,12546.77417,linear,none,none,13->23:9;18->22:9,none,hold,18,,,12507.574170000002,12508.574170000002,,False,False,False
legacy_offset64_merge32,merge_group,reroute_from_current_legacy,reroute,False,python_faithful_legacy_astar_wait_horizon_audit,84,6,12,76:storage_in,76,78,11,47,12508.121410000002,13 14,,11 13 23 24 27 28 47,13,LEGACY_NEXT_TEMPORARILY_BLOCKED,hold,13,12509.121410000002,1.0,12514.23982,6.11840999999913,ok,edge_capacity,edge_capacity,shield_hold_after_blocked_legacy_next,True,12545.521410000003,branch,none,none,13->23:9;18->22:9,none,hold,11,,,12508.121410000002,12509.121410000002,,False,False,False
legacy_offset64_merge32,merge_group,reroute_from_current_legacy,reroute,False,python_faithful_legacy_astar_wait_horizon_audit,85,12,11,75:storage_in,75,77,18,47,12508.574170000002,22,,18 22 24 27 28 47,22,LEGACY_NEXT_TEMPORARILY_BLOCKED,hold,22,12509.574170000002,1.0,12510.004480000001,1.4303099999997357,ok,merge_group,merge_group,shield_hold_after_blocked_legacy_next,True,12547.77417,linear,none,none,13->23:9;18->22:9,none,hold,18,,,12508.574170000002,12509.574170000002,,False,False,False
legacy_offset64_merge32,merge_group,reroute_from_current_legacy,reroute,False,python_faithful_legacy_astar_wait_horizon_audit,86,7,12,76:storage_in,76,78,11,47,12509.121410000002,13 14,,11 13 23 24 27 28 47,13,LEGACY_NEXT_TEMPORARILY_BLOCKED,hold,13,12510.121410000002,1.0,12514.23982,5.11840999999913,ok,edge_capacity,edge_capacity,shield_hold_after_blocked_legacy_next,True,12546.521410000003,branch,none,none,13->23:9;18->22:9,none,hold,11,,,12509.121410000002,12510.121410000002,,False,False,False
legacy_offset64_merge32,merge_group,reroute_from_current_legacy,reroute,False,python_faithful_legacy_astar_wait_horizon_audit,87,13,11,75:storage_in,75,77,18,47,12509.574170000002,22,,18 22 24 27 28 47,22,LEGACY_NEXT_TEMPORARILY_BLOCKED,hold,22,12510.574170000002,1.0,12510.004480000001,0.43030999999973574,ok,merge_group,merge_group,shield_hold_after_blocked_legacy_next,True,12548.77417,linear,none,none,13->23:9;18->22:9,none,hold,18,,,12509.574170000002,12510.574170000002,,False,False,False
legacy_offset64_merge32,merge_group,reroute_from_current_legacy,reroute,False,python_faithful_legacy_astar_wait_horizon_audit,88,8,12,76:storage_in,76,78,11,47,12510.121410000002,13 14,,11 13 23 24 27 28 47,13,LEGACY_NEXT_TEMPORARILY_BLOCKED,hold,13,12511.121410000002,1.0,12514.23982,4.11840999999913,ok,edge_capacity,edge_capacity,shield_hold_after_blocked_legacy_next,True,12547.521410000003,branch,none,none,13->23:9;18->22:9,none,hold,11,,,12510.121410000002,12511.121410000002,,False,False,False
legacy_offset64_merge32,merge_group,reroute_from_current_legacy,reroute,False,python_faithful_legacy_astar_wait_horizon_audit,92,9,12,76:storage_in,76,78,11,47,12511.121410000002,13 14,,11 13 23 24 27 28 47,13,LEGACY_NEXT_TEMPORARILY_BLOCKED,hold,13,12512.121410000002,1.0,12514.23982,3.1184099999991304,ok,edge_capacity,edge_capacity,shield_hold_after_blocked_legacy_next,True,12548.521410000003,branch,none,none,13->23:9;18->22:9,none,hold,11,,,12511.121410000002,12512.121410000002,,False,False,False
legacy_offset64_merge32,merge_group,reroute_from_current_legacy,reroute,False,python_faithful_legacy_astar_wait_horizon_audit,95,8,3,67:storage_in,67,69,27,47,12512.787820000003,28 45,,27 28 47,28,LEGACY_NEXT_TEMPORARILY_BLOCKED,hold,28,12513.787820000003,1.0,12518.63977,5.851949999996577,ok,edge_capacity,edge_capacity,shield_hold_after_blocked_legacy_next,True,12528.587820000002,branch,none,none,13->23:9;18->22:9,none,hold,27,,,12512.787820000003,12513.787820000003,,False,False,False
legacy_offset64_merge32,merge_group,reroute_from_current_legacy,reroute,False,python_faithful_legacy_astar_wait_horizon_audit,98,9,3,67:storage_in,67,69,27,47,12513.787820000003,28 45,,27 28 47,28,LEGACY_NEXT_GLOBALLY_UNSAFE,hold,28,12514.787820000003,1.0,,,current_node_hold_conflict,edge_capacity,edge_capacity,shield_hold_after_blocked_legacy_next,True,12529.587820000002,branch,none,none,13->23:9;18->22:9,none,hold,27,,,12513.787820000003,12514.787820000003,,False,False,False
legacy_offset64_merge32,merge_group,reroute_from_current_legacy,reroute,False,python_faithful_legacy_astar_wait_horizon_audit,100,10,3,67:storage_in,67,69,27,47,12514.787820000003,28 45,,27 28 47,28,ABSTAIN_NO_TEACHER,no_teacher,28,,0.0,,,current_node_hold_conflict,edge_capacity,edge_capacity,abstain_no_safe_hold,False,12530.587820000002,branch,none,none,13->23:9;18->22:9,none,unplanned,,,,,,edge_capacity,True,False,False
legacy_offset64_merge32,merge_group,reroute_from_current_legacy,reroute,False,python_faithful_legacy_astar_wait_horizon_audit,101,6,10,74:storage_in,74,76,13,47,12515.23982,23,,13 23 24 27 28 47,23,LEGACY_NEXT_TEMPORARILY_BLOCKED,hold,23,12516.23982,1.0,12518.974170000001,3.7343500000006316,ok,merge_group,merge_group,shield_hold_after_blocked_legacy_next,True,12540.439820000001,linear,none,none,13->23:9;18->22:9,none,hold,13,,,12515.23982,12516.23982,,False,False,False
legacy_offset64_merge32,merge_group,reroute_from_current_legacy,reroute,False,python_faithful_legacy_astar_wait_horizon_audit,103,7,8,72:storage_in,72,74,27,47,12516.204480000002,28 45,,27 28 47,28,LEGACY_NEXT_TEMPORARILY_BLOCKED,hold,28,12517.204480000002,1.0,12518.63977,2.4352899999976216,ok,edge_capacity,edge_capacity,shield_hold_after_blocked_legacy_next,True,12532.004480000001,branch,none,none,13->23:9;18->22:9,none,hold,27,,,12516.204480000002,12517.204480000002,,False,False,False
legacy_offset64_merge32,merge_group,reroute_from_current_legacy,reroute,False,python_faithful_legacy_astar_wait_horizon_audit,104,7,10,74:storage_in,74,76,13,47,12516.23982,23,,13 23 24 27 28 47,23,LEGACY_NEXT_TEMPORARILY_BLOCKED,hold,23,12517.23982,1.0,12518.974170000001,2.7343500000006316,ok,merge_group,merge_group,shield_hold_after_blocked_legacy_next,True,12541.439820000001,linear,none,none,13->23:9;18->22:9,none,hold,13,,,12516.23982,12517.23982,,False,False,False
legacy_offset64_merge32,merge_group,reroute_from_current_legacy,reroute,False,python_faithful_legacy_astar_wait_horizon_audit,105,8,8,72:storage_in,72,74,27,47,12517.204480000002,28 45,,27 28 47,28,LEGACY_NEXT_TEMPORARILY_BLOCKED,hold,28,12518.204480000002,1.0,12518.63977,1.4352899999976216,ok,edge_capacity,edge_capacity,shield_hold_after_blocked_legacy_next,True,12533.004480000001,branch,none,none,13->23:9;18->22:9,none,hold,27,,,12517.204480000002,12518.204480000002,,False,False,False
legacy_offset64_merge32,merge_group,reroute_from_current_legacy,reroute,False,python_faithful_legacy_astar_wait_horizon_audit,106,8,10,74:storage_in,74,76,13,47,12517.23982,23,,13 23 24 27 28 47,23,LEGACY_NEXT_TEMPORARILY_BLOCKED,hold,23,12518.23982,1.0,12518.974170000001,1.7343500000006316,ok,merge_group,merge_group,shield_hold_after_blocked_legacy_next,True,12542.439820000001,linear,none,none,13->23:9;18->22:9,none,hold,13,,,12517.23982,12518.23982,,False,False,False
legacy_offset64_merge32,merge_group,reroute_from_current_legacy,reroute,False,python_faithful_legacy_astar_wait_horizon_audit,107,9,8,72:storage_in,72,74,27,47,12518.204480000002,28 45,,27 28 47,28,LEGACY_NEXT_TEMPORARILY_BLOCKED,hold,28,12519.204480000002,1.0,12518.63977,0.43528999999762163,ok,edge_capacity,edge_capacity,shield_hold_after_blocked_legacy_next,True,12534.004480000001,branch,none,none,13->23:9;18->22:9,none,hold,27,,,12518.204480000002,12519.204480000002,,False,False,False
legacy_offset64_merge32,merge_group,reroute_from_current_legacy,reroute,False,python_faithful_legacy_astar_wait_horizon_audit,108,9,10,74:storage_in,74,76,13,47,12518.23982,23,,13 23 24 27 28 47,23,LEGACY_NEXT_TEMPORARILY_BLOCKED,hold,23,12519.23982,1.0,12518.974170000001,0.7343500000006316,ok,merge_group,merge_group,shield_hold_after_blocked_legacy_next,True,12543.439820000001,linear,none,none,13->23:9;18->22:9,none,hold,13,,,12518.23982,12519.23982,,False,False,False
legacy_offset64_merge32,merge_group,reroute_from_current_legacy,reroute,False,python_faithful_legacy_astar_wait_horizon_audit,116,9,9,73:storage_in,73,75,46,47,12523.57299,35 36,,46 36 38 39 47,36,LEGACY_NEXT_TEMPORARILY_BLOCKED,hold,36,12524.57299,1.0,12530.50648,6.933489999999438,ok,edge_capacity,edge_capacity,shield_hold_after_blocked_legacy_next,True,12566.572989999999,branch,none,none,13->23:9;18->22:9,none,hold,46,,,12523.57299,12524.57299,,False,False,False
legacy_offset64_merge32,merge_group,reroute_from_current_legacy,reroute,False,python_faithful_legacy_astar_wait_horizon_audit,117,10,9,73:storage_in,73,75,46,47,12524.57299,35 36,,46 36 38 39 47,36,LEGACY_NEXT_TEMPORARILY_BLOCKED,hold,36,12525.57299,1.0,12530.50648,5.933489999999438,ok,edge_capacity,edge_capacity,shield_hold_after_blocked_legacy_next,True,12567.572989999999,branch,none,none,13->23:9;18->22:9,none,hold,46,,,12524.57299,12525.57299,,False,False,False
legacy_offset64_merge32,merge_group,reroute_from_current_legacy,reroute,False,python_faithful_legacy_astar_wait_horizon_audit,118,11,9,73:storage_in,73,75,46,47,12525.57299,35 36,,46 36 38 39 47,36,LEGACY_NEXT_TEMPORARILY_BLOCKED,hold,36,12526.57299,1.0,12530.50648,4.933489999999438,ok,edge_capacity,edge_capacity,shield_hold_after_blocked_legacy_next,True,12568.572989999999,branch,none,none,13->23:9;18->22:9,none,hold,46,,,12525.57299,12526.57299,,False,False,False
legacy_offset64_merge32,merge_group,reroute_from_current_legacy,reroute,False,python_faithful_legacy_astar_wait_horizon_audit,121,12,9,73:storage_in,73,75,46,47,12526.57299,35 36,,46 36 38 39 47,36,ABSTAIN_NO_TEACHER,no_teacher,36,,0.0,,,current_node_hold_conflict,edge_capacity,edge_capacity,abstain_no_safe_hold,False,12569.572989999999,branch,none,none,13->23:9;18->22:9,none,unplanned,,,,,,edge_capacity,True,False,False
legacy_offset64_merge32,merge_group,reroute_from_current_legacy,reroute,False,python_faithful_legacy_astar_wait_horizon_audit,122,12,12,76:storage_in,76,78,46,47,12528.521410000001,35 36,,46 36 38 39 47,36,LEGACY_NEXT_TEMPORARILY_BLOCKED,hold,36,12529.521410000001,1.0,12530.50648,1.9850699999988137,ok,edge_capacity,edge_capacity,shield_hold_after_blocked_legacy_next,True,12571.52141,branch,none,none,13->23:9;18->22:9,none,hold,46,,,12528.521410000001,12529.521410000001,,False,False,False
legacy_offset64_merge32,merge_group,reroute_from_current_legacy,reroute,False,python_faithful_legacy_astar_wait_horizon_audit,123,13,10,74:storage_in,74,76,27,47,12528.639820000002,28 45,,27 28 47,28,LEGACY_NEXT_TEMPORARILY_BLOCKED,hold,28,12529.639820000002,1.0,12530.004480000001,1.364659999999276,ok,edge_capacity,edge_capacity,shield_hold_after_blocked_legacy_next,True,12544.439820000001,branch,none,none,13->23:9;18->22:9,none,hold,27,,,12528.639820000002,12529.639820000002,,False,False,False
legacy_offset64_merge32,merge_group,reroute_from_current_legacy,reroute,False,python_faithful_legacy_astar_wait_horizon_audit,124,13,12,76:storage_in,76,78,46,47,12529.521410000001,35 36,,46 36 38 39 47,36,LEGACY_NEXT_TEMPORARILY_BLOCKED,hold,36,12530.521410000001,1.0,12530.50648,0.9850699999988137,ok,edge_capacity,edge_capacity,shield_hold_after_blocked_legacy_next,True,12572.52141,branch,none,none,13->23:9;18->22:9,none,hold,46,,,12529.521410000001,12530.521410000001,,False,False,False
legacy_offset64_merge32,merge_group,reroute_from_current_legacy,reroute,False,python_faithful_legacy_astar_wait_horizon_audit,125,14,10,74:storage_in,74,76,27,47,12529.639820000002,28 45,,27 28 47,28,LEGACY_NEXT_TEMPORARILY_BLOCKED,hold,28,12530.639820000002,1.0,12530.004480000001,0.3646599999992759,ok,edge_capacity,edge_capacity,shield_hold_after_blocked_legacy_next,True,12545.439820000001,branch,none,none,13->23:9;18->22:9,none,hold,27,,,12529.639820000002,12530.639820000002,,False,False,False
legacy_offset64_merge32,merge_group,reroute_from_current_legacy,reroute,False,python_faithful_legacy_astar_wait_horizon_audit,131,17,11,75:storage_in,75,77,27,47,12533.974170000001,28 45,,27 28 47,28,LEGACY_NEXT_TEMPORARILY_BLOCKED,hold,28,12534.974170000001,1.0,12541.439820000001,7.465650000000096,ok,edge_capacity,edge_capacity,shield_hold_after_blocked_legacy_next,True,12549.77417,branch,none,none,13->23:9;18->22:9,none,hold,27,,,12533.974170000001,12534.974170000001,,False,False,False
legacy_offset64_merge32,merge_group,reroute_from_current_legacy,reroute,False,python_faithful_legacy_astar_wait_horizon_audit,132,18,11,75:storage_in,75,77,27,47,12534.974170000001,28 45,,27 28 47,28,LEGACY_NEXT_TEMPORARILY_BLOCKED,hold,28,12535.974170000001,1.0,12541.439820000001,6.465650000000096,ok,edge_capacity,edge_capacity,shield_hold_after_blocked_legacy_next,True,12550.77417,branch,none,none,13->23:9;18->22:9,none,hold,27,,,12534.974170000001,12535.974170000001,,False,False,False
legacy_offset64_merge32,merge_group,reroute_from_current_legacy,reroute,False,python_faithful_legacy_astar_wait_horizon_audit,133,19,11,75:storage_in,75,77,27,47,12535.974170000001,28 45,,27 28 47,28,LEGACY_NEXT_TEMPORARILY_BLOCKED,hold,28,12536.974170000001,1.0,12541.439820000001,5.465650000000096,ok,edge_capacity,edge_capacity,shield_hold_after_blocked_legacy_next,True,12551.77417,branch,none,none,13->23:9;18->22:9,none,hold,27,,,12535.974170000001,12536.974170000001,,False,False,False
legacy_offset64_merge32,merge_group,reroute_from_current_legacy,reroute,False,python_faithful_legacy_astar_wait_horizon_audit,134,20,11,75:storage_in,75,77,27,47,12536.974170000001,28 45,,27 28 47,28,LEGACY_NEXT_TEMPORARILY_BLOCKED,hold,28,12537.974170000001,1.0,12541.439820000001,4.465650000000096,ok,edge_capacity,edge_capacity,shield_hold_after_blocked_legacy_next,True,12552.77417,branch,none,none,13->23:9;18->22:9,none,hold,27,,,12536.974170000001,12537.974170000001,,False,False,False
legacy_offset64_merge32,merge_group,reroute_from_current_legacy,reroute,False,python_faithful_legacy_astar_wait_horizon_audit,135,21,11,75:storage_in,75,77,27,47,12537.974170000001,28 45,,27 28 47,28,LEGACY_NEXT_TEMPORARILY_BLOCKED,hold,28,12538.974170000001,1.0,12541.439820000001,3.465650000000096,ok,edge_capacity,edge_capacity,shield_hold_after_blocked_legacy_next,True,12553.77417,branch,none,none,13->23:9;18->22:9,none,hold,27,,,12537.974170000001,12538.974170000001,,False,False,False
legacy_offset64_merge32,merge_group,reroute_from_current_legacy,reroute,False,python_faithful_legacy_astar_wait_horizon_audit,136,22,11,75:storage_in,75,77,27,47,12538.974170000001,28 45,,27 28 47,28,LEGACY_NEXT_TEMPORARILY_BLOCKED,hold,28,12539.974170000001,1.0,12541.439820000001,2.465650000000096,ok,edge_capacity,edge_capacity,shield_hold_after_blocked_legacy_next,True,12554.77417,branch,none,none,13->23:9;18->22:9,none,hold,27,,,12538.974170000001,12539.974170000001,,False,False,False
legacy_offset64_merge32,merge_group,reroute_from_current_legacy,reroute,False,python_faithful_legacy_astar_wait_horizon_audit,137,23,11,75:storage_in,75,77,27,47,12539.974170000001,28 45,,27 28 47,28,LEGACY_NEXT_TEMPORARILY_BLOCKED,hold,28,12540.974170000001,1.0,12541.439820000001,1.465650000000096,ok,edge_capacity,edge_capacity,shield_hold_after_blocked_legacy_next,True,12555.77417,branch,none,none,13->23:9;18->22:9,none,hold,27,,,12539.974170000001,12540.974170000001,,False,False,False
legacy_offset64_merge32,merge_group,reroute_from_current_legacy,reroute,False,python_faithful_legacy_astar_wait_horizon_audit,138,24,11,75:storage_in,75,77,27,47,12540.974170000001,28 45,,27 28 47,28,LEGACY_NEXT_TEMPORARILY_BLOCKED,hold,28,12541.974170000001,1.0,12541.439820000001,0.46565000000009604,ok,edge_capacity,edge_capacity,shield_hold_after_blocked_legacy_next,True,12556.77417,branch,none,none,13->23:9;18->22:9,none,hold,27,,,12540.974170000001,12541.974170000001,,False,False,False
legacy_offset64_merge32,merge_group,reroute_from_current_legacy,reroute,False,python_faithful_legacy_astar_wait_horizon_audit,167,3,17,81:storage_in,81,83,18,47,13058.24528,22,,18 22 24 27 28 47,22,LEGACY_NEXT_TEMPORARILY_BLOCKED,hold,22,13059.24528,1.0,13064.88215,6.636870000000272,ok,edge_capacity+merge_group,edge_capacity+merge_group,shield_hold_after_blocked_legacy_next,True,13097.445279999998,linear,none,none,13->23:9;18->22:9,none,hold,18,,,13058.24528,13059.24528,,False,False,False
legacy_offset64_merge32,merge_group,reroute_from_current_legacy,reroute,False,python_faithful_legacy_astar_wait_horizon_audit,169,4,17,81:storage_in,81,83,18,47,13059.24528,22,,18 22 24 27 28 47,22,LEGACY_NEXT_TEMPORARILY_BLOCKED,hold,22,13060.24528,1.0,13064.88215,5.636870000000272,ok,edge_capacity+merge_group,edge_capacity+merge_group,shield_hold_after_blocked_legacy_next,True,13098.445279999998,linear,none,none,13->23:9;18->22:9,none,hold,18,,,13059.24528,13060.24528,,False,False,False
legacy_offset64_merge32,merge_group,reroute_from_current_legacy,reroute,False,python_faithful_legacy_astar_wait_horizon_audit,170,1,20,84:storage_in,84,86,4,47,13059.8454,17,,4 17 18 22 24 27 28 47,17,LEGACY_NEXT_TEMPORARILY_BLOCKED,hold,17,13060.8454,1.0,13060.659440000001,0.8140400000011141,ok,edge_capacity,edge_capacity,shield_hold_after_blocked_legacy_next,True,13106.2454,linear,none,none,13->23:9;18->22:9,none,hold,4,,,13059.8454,13060.8454,,False,False,False
legacy_offset64_merge32,merge_group,reroute_from_current_legacy,reroute,False,python_faithful_legacy_astar_wait_horizon_audit,173,5,17,81:storage_in,81,83,18,47,13060.24528,22,,18 22 24 27 28 47,22,LEGACY_NEXT_TEMPORARILY_BLOCKED,hold,22,13061.24528,1.0,13064.88215,4.636870000000272,ok,edge_capacity+merge_group,edge_capacity+merge_group,shield_hold_after_blocked_legacy_next,True,13099.445279999998,linear,none,none,13->23:9;18->22:9,none,hold,18,,,13060.24528,13061.24528,,False,False,False
legacy_offset64_merge32,merge_group,reroute_from_current_legacy,reroute,False,python_faithful_legacy_astar_wait_horizon_audit,174,2,20,84:storage_in,84,86,4,47,13060.8454,17,,,,LEGACY_NO_PATH,hold_no_path_probe,,13061.8454,1.0,,,,legacy_astar_no_path,legacy_astar_no_path,shield_hold_after_legacy_no_path,True,,linear,none,none,13->23:9;18->22:9,none,hold,4,,,13060.8454,13061.8454,,False,False,False
legacy_offset64_merge32,merge_group,reroute_from_current_legacy,reroute,False,python_faithful_legacy_astar_wait_horizon_audit,175,6,17,81:storage_in,81,83,18,47,13061.24528,22,,18 22 24 27 28 47,22,LEGACY_NEXT_TEMPORARILY_BLOCKED,hold,22,13062.24528,1.0,13064.88215,3.636870000000272,ok,edge_capacity+merge_group,edge_capacity+merge_group,shield_hold_after_blocked_legacy_next,True,13100.445279999998,linear,none,none,13->23:9;18->22:9,none,hold,18,,,13061.24528,13062.24528,,False,False,False
legacy_offset64_merge32,merge_group,reroute_from_current_legacy,reroute,False,python_faithful_legacy_astar_wait_horizon_audit,178,7,17,81:storage_in,81,83,18,47,13062.24528,22,,18 22 24 27 28 47,22,LEGACY_NEXT_GLOBALLY_UNSAFE,hold,22,13063.24528,1.0,,,current_node_hold_conflict,edge_capacity+merge_group,edge_capacity+merge_group,shield_hold_after_blocked_legacy_next,True,13101.445279999998,linear,none,none,13->23:9;18->22:9,none,hold,18,,,13062.24528,13063.24528,,False,False,False
legacy_offset64_merge32,merge_group,reroute_from_current_legacy,reroute,False,python_faithful_legacy_astar_wait_horizon_audit,181,8,17,81:storage_in,81,83,18,47,13063.24528,22,,18 22 24 27 28 47,22,ABSTAIN_NO_TEACHER,no_teacher,22,,0.0,,,current_node_hold_conflict,edge_capacity+merge_group,edge_capacity+merge_group,abstain_no_safe_hold,False,13102.445279999998,linear,none,none,13->23:9;18->22:9,none,unplanned,,,,,,edge_capacity+merge_group,True,False,False
legacy_offset64_merge32,merge_group,reroute_from_current_legacy,reroute,False,python_faithful_legacy_astar_wait_horizon_audit,182,3,18,82:storage_in,82,84,18,47,13064.259440000002,22,,18 22 24 27 28 47,22,LEGACY_NEXT_TEMPORARILY_BLOCKED,hold,22,13065.259440000002,1.0,13064.88215,0.6227099999978236,ok,edge_capacity+merge_group,edge_capacity+merge_group,shield_hold_after_blocked_legacy_next,True,13103.45944,linear,none,none,13->23:9;18->22:9,none,hold,18,,,13064.259440000002,13065.259440000002,,False,False,False
legacy_offset64_merge32,merge_group,reroute_from_current_legacy,reroute,False,python_faithful_legacy_astar_wait_horizon_audit,191,4,20,84:storage_in,84,86,17,47,13066.4454,18,,,,LEGACY_NO_PATH,hold_no_path_probe,,13067.4454,1.0,,,,legacy_astar_no_path,legacy_astar_no_path,shield_hold_after_legacy_no_path,True,,linear,none,none,13->23:9;18->22:9,none,hold,17,,,13066.4454,13067.4454,,False,False,False
legacy_offset64_merge32,merge_group,reroute_from_current_legacy,reroute,False,python_faithful_legacy_astar_wait_horizon_audit,192,4,19,83:storage_in,83,85,18,47,13067.088280000002,22,,18 22 24 27 28 47,22,ABSTAIN_NO_TEACHER,no_teacher,22,,0.0,,,current_node_hold_conflict,edge_capacity+merge_group,edge_capacity+merge_group,abstain_no_safe_hold,False,13106.28828,linear,none,none,13->23:9;18->22:9,none,unplanned,,,,,,edge_capacity+merge_group,True,False,False
legacy_offset64_merge32,merge_group,reroute_from_current_legacy,reroute,False,python_faithful_legacy_astar_wait_horizon_audit,195,1,25,89:storage_in,89,91,4,47,13067.84538,17,,,,LEGACY_NO_PATH,hold_no_path_probe,,13068.84538,1.0,,,,legacy_astar_no_path,legacy_astar_no_path,shield_hold_after_legacy_no_path,True,,linear,none,none,13->23:9;18->22:9,none,hold,4,,,13067.84538,13068.84538,,False,False,False
legacy_offset64_merge32,merge_group,reroute_from_current_legacy,reroute,False,python_faithful_legacy_astar_wait_horizon_audit,199,3,22,86:storage_in,86,88,18,47,13068.91217,22,,18 22 24 27 28 47,22,ABSTAIN_NO_TEACHER,no_teacher,22,,0.0,,,current_node_hold_conflict,edge_capacity+merge_group,edge_capacity+merge_group,abstain_no_safe_hold,False,13108.112169999999,linear,none,none,13->23:9;18->22:9,none,unplanned,,,,,,edge_capacity+merge_group,True,False,False
legacy_offset64_merge32,merge_group,reroute_from_current_legacy,reroute,False,python_faithful_legacy_astar_wait_horizon_audit,200,1,27,91:storage_in,91,93,4,47,13069.4367,17,,,,LEGACY_NO_PATH,hold_no_path_probe,,13070.4367,1.0,,,,legacy_astar_no_path,legacy_astar_no_path,shield_hold_after_legacy_no_path,True,,linear,none,none,13->23:9;18->22:9,none,hold,4,,,13069.4367,13070.4367,,False,False,False
legacy_offset64_merge32,merge_group,reroute_from_current_legacy,reroute,False,python_faithful_legacy_astar_wait_horizon_audit,202,6,20,84:storage_in,84,86,18,47,13070.0454,22,,18 22 24 27 28 47,22,LEGACY_NEXT_TEMPORARILY_BLOCKED,hold,22,13071.0454,1.0,13073.659440000001,3.6140400000003865,ok,edge_capacity+merge_group,edge_capacity+merge_group,shield_hold_after_blocked_legacy_next,True,13109.2454,linear,none,none,13->23:9;18->22:9,none,hold,18,,,13070.0454,13071.0454,,False,False,False
legacy_offset64_merge32,merge_group,reroute_from_current_legacy,reroute,False,python_faithful_legacy_astar_wait_horizon_audit,203,4,16,80:storage_in,80,82,13,47,13070.361780000001,23,,,,LEGACY_NO_PATH,hold_no_path_probe,,13071.361780000001,1.0,,,,legacy_astar_no_path,legacy_astar_no_path,shield_hold_after_legacy_no_path,True,,linear,none,none,13->23:9;18->22:9,none,hold,13,,,13070.361780000001,13071.361780000001,,False,False,False
legacy_offset64_merge32,merge_group,reroute_from_current_legacy,reroute,False,python_faithful_legacy_astar_wait_horizon_audit,204,2,27,91:storage_in,91,93,4,47,13070.4367,17,,4 17 18 22 24 27 28 47,17,LEGACY_NEXT_TEMPORARILY_BLOCKED,hold,17,13071.4367,1.0,13072.445380000001,2.0086800000008225,ok,edge_capacity,edge_capacity,shield_hold_after_blocked_legacy_next,True,13116.8367,linear,none,none,13->23:9;18->22:9,none,hold,4,,,13070.4367,13071.4367,,False,False,False
legacy_offset64_merge32,merge_group,reroute_from_current_legacy,reroute,False,python_faithful_legacy_astar_wait_horizon_audit,205,7,20,84:storage_in,84,86,18,47,13071.0454,22,,18 22 24 27 28 47,22,LEGACY_NEXT_TEMPORARILY_BLOCKED,hold,22,13072.0454,1.0,13073.659440000001,2.6140400000003865,ok,edge_capacity+merge_group,edge_capacity+merge_group,shield_hold_after_blocked_legacy_next,True,13110.2454,linear,none,none,13->23:9;18->22:9,none,hold,18,,,13071.0454,13072.0454,,False,False,False
legacy_offset64_merge32,merge_group,reroute_from_current_legacy,reroute,False,python_faithful_legacy_astar_wait_horizon_audit,206,5,16,80:storage_in,80,82,13,47,13071.361780000001,23,,,,LEGACY_NO_PATH,hold_no_path_probe,,13072.361780000001,1.0,,,,legacy_astar_no_path,legacy_astar_no_path,shield_hold_after_legacy_no_path,True,,linear,none,none,13->23:9;18->22:9,none,hold,13,,,13071.361780000001,13072.361780000001,,False,False,False
legacy_offset64_merge32,merge_group,reroute_from_current_legacy,reroute,False,python_faithful_legacy_astar_wait_horizon_audit,207,3,27,91:storage_in,91,93,4,47,13071.4367,17,,4 17 18 22 24 27 28 47,17,LEGACY_NEXT_TEMPORARILY_BLOCKED,hold,17,13072.4367,1.0,13072.445380000001,1.0086800000008225,ok,edge_capacity,edge_capacity,shield_hold_after_blocked_legacy_next,True,13117.8367,linear,none,none,13->23:9;18->22:9,none,hold,4,,,13071.4367,13072.4367,,False,False,False
legacy_offset64_merge32,merge_group,reroute_from_current_legacy,reroute,False,python_faithful_legacy_astar_wait_horizon_audit,209,8,20,84:storage_in,84,86,18,47,13072.0454,22,,18 22 24 27 28 47,22,LEGACY_NEXT_TEMPORARILY_BLOCKED,hold,22,13073.0454,1.0,13073.659440000001,1.6140400000003865,ok,edge_capacity+merge_group,edge_capacity+merge_group,shield_hold_after_blocked_legacy_next,True,13111.2454,linear,none,none,13->23:9;18->22:9,none,hold,18,,,13072.0454,13073.0454,,False,False,False
legacy_offset64_merge32,merge_group,reroute_from_current_legacy,reroute,False,python_faithful_legacy_astar_wait_horizon_audit,211,6,16,80:storage_in,80,82,13,47,13072.361780000001,23,,13 23 24 27 28 47,23,LEGACY_NEXT_TEMPORARILY_BLOCKED,hold,23,13073.361780000001,1.0,13073.659440000001,1.2976600000001781,ok,merge_group,merge_group,shield_hold_after_blocked_legacy_next,True,13097.561780000002,linear,none,none,13->23:9;18->22:9,none,hold,13,,,13072.361780000001,13073.361780000001,,False,False,False
legacy_offset64_merge32,merge_group,reroute_from_current_legacy,reroute,False,python_faithful_legacy_astar_wait_horizon_audit,213,4,27,91:storage_in,91,93,4,47,13072.4367,17,,4 17 18 22 24 27 28 47,17,LEGACY_NEXT_TEMPORARILY_BLOCKED,hold,17,13073.4367,1.0,13072.445380000001,0.008680000000822474,ok,edge_capacity,edge_capacity,shield_hold_after_blocked_legacy_next,True,13118.8367,linear,none,none,13->23:9;18->22:9,none,hold,4,,,13072.4367,13073.4367,,False,False,False
legacy_offset64_merge32,merge_group,reroute_from_current_legacy,reroute,False,python_faithful_legacy_astar_wait_horizon_audit,215,9,20,84:storage_in,84,86,18,47,13073.0454,22,,18 22 24 27 28 47,22,ABSTAIN_NO_TEACHER,no_teacher,22,,0.0,13073.659440000001,0.6140400000003865,ok,edge_capacity+merge_group,edge_capacity+merge_group,abstain_no_safe_hold,False,13112.2454,linear,none,none,13->23:9;18->22:9,none,unplanned,,,,,,edge_capacity+merge_group,True,False,False
legacy_offset64_merge32,merge_group,reroute_from_current_legacy,reroute,False,python_faithful_legacy_astar_wait_horizon_audit,216,7,16,80:storage_in,80,82,13,47,13073.361780000001,23,,13 23 24 27 28 47,23,ABSTAIN_NO_TEACHER,no_teacher,23,,0.0,13073.659440000001,0.2976600000001781,ok,merge_group,merge_group,abstain_no_safe_hold,False,13098.561780000002,linear,none,none,13->23:9;18->22:9,none,unplanned,,,,,,merge_group,True,False,False
legacy_offset64_merge32,merge_group,reroute_from_current_legacy,reroute,False,python_faithful_legacy_astar_wait_horizon_audit,218,3,25,89:storage_in,89,91,17,47,13073.445380000001,18,,17 18 22 24 27 28 47,18,LEGACY_NEXT_TEMPORARILY_BLOCKED,hold,18,13074.445380000001,1.0,13073.978690000002,0.5333100000007107,ok,edge_capacity,edge_capacity,shield_hold_after_blocked_legacy_next,True,13115.24538,linear,none,none,13->23:9;18->22:9,none,hold,17,,,13073.445380000001,13074.445380000001,,False,False,False
legacy_offset64_merge32,merge_group,reroute_from_current_legacy,reroute,False,python_faithful_legacy_astar_wait_horizon_audit,223,6,14,78:storage_in,78,80,13,47,13075.04994,23,,13 23 24 27 28 47,23,LEGACY_NEXT_TEMPORARILY_BLOCKED,hold,23,13076.04994,1.0,13083.378690000001,8.328750000000582,ok,merge_group,merge_group,shield_hold_after_blocked_legacy_next,True,13100.249940000002,linear,none,none,13->23:9;18->22:9,none,hold,13,,,13075.04994,13076.04994,,False,False,False
legacy_offset64_merge32,merge_group,reroute_from_current_legacy,reroute,False,python_faithful_legacy_astar_wait_horizon_audit,225,7,14,78:storage_in,78,80,13,47,13076.04994,23,,13 23 24 27 28 47,23,LEGACY_NEXT_TEMPORARILY_BLOCKED,hold,23,13077.04994,1.0,13083.378690000001,7.328750000000582,ok,merge_group,merge_group,shield_hold_after_blocked_legacy_next,True,13101.249940000002,linear,none,none,13->23:9;18->22:9,none,hold,13,,,13076.04994,13077.04994,,False,False,False
legacy_offset64_merge32,merge_group,reroute_from_current_legacy,reroute,False,python_faithful_legacy_astar_wait_horizon_audit,227,5,25,89:storage_in,89,91,18,47,13077.045380000001,22,,18 22 24 27 28 47,22,LEGACY_NEXT_TEMPORARILY_BLOCKED,hold,22,13078.045380000001,1.0,13083.378690000001,6.333309999999983,ok,edge_capacity+merge_group,edge_capacity+merge_group,shield_hold_after_blocked_legacy_next,True,13116.24538,linear,none,none,13->23:9;18->22:9,none,hold,18,,,13077.045380000001,13078.045380000001,,False,False,False
legacy_offset64_merge32,merge_group,reroute_from_current_legacy,reroute,False,python_faithful_legacy_astar_wait_horizon_audit,228,8,14,78:storage_in,78,80,13,47,13077.04994,23,,13 23 24 27 28 47,23,LEGACY_NEXT_TEMPORARILY_BLOCKED,hold,23,13078.04994,1.0,13083.378690000001,6.328750000000582,ok,merge_group,merge_group,shield_hold_after_blocked_legacy_next,True,13102.249940000002,linear,none,none,13->23:9;18->22:9,none,hold,13,,,13077.04994,13078.04994,,False,False,False
legacy_offset64_merge32,merge_group,reroute_from_current_legacy,reroute,False,python_faithful_legacy_astar_wait_horizon_audit,233,6,25,89:storage_in,89,91,18,47,13078.045380000001,22,,18 22 24 27 28 47,22,LEGACY_NEXT_GLOBALLY_UNSAFE,hold,22,13079.045380000001,1.0,,,current_node_hold_conflict,edge_capacity+merge_group,edge_capacity+merge_group,shield_hold_after_blocked_legacy_next,True,13117.24538,linear,none,none,13->23:9;18->22:9,none,hold,18,,,13078.045380000001,13079.045380000001,,False,False,False
legacy_offset64_merge32,merge_group,reroute_from_current_legacy,reroute,False,python_faithful_legacy_astar_wait_horizon_audit,234,9,14,78:storage_in,78,80,13,47,13078.04994,23,,13 23 24 27 28 47,23,LEGACY_NEXT_TEMPORARILY_BLOCKED,hold,23,13079.04994,1.0,13083.378690000001,5.328750000000582,ok,merge_group,merge_group,shield_hold_after_blocked_legacy_next,True,13103.249940000002,linear,none,none,13->23:9;18->22:9,none,hold,13,,,13078.04994,13079.04994,,False,False,False
legacy_offset64_merge32,merge_group,reroute_from_current_legacy,reroute,False,python_faithful_legacy_astar_wait_horizon_audit,236,7,25,89:storage_in,89,91,18,47,13079.045380000001,22,,18 22 24 27 28 47,22,ABSTAIN_NO_TEACHER,no_teacher,22,,0.0,,,current_node_hold_conflict,edge_capacity+merge_group,edge_capacity+merge_group,abstain_no_safe_hold,False,13118.24538,linear,none,none,13->23:9;18->22:9,none,unplanned,,,,,,edge_capacity+merge_group,True,False,False
legacy_offset64_merge32,merge_group,reroute_from_current_legacy,reroute,False,python_faithful_legacy_astar_wait_horizon_audit,237,10,14,78:storage_in,78,80,13,47,13079.04994,23,,13 23 24 27 28 47,23,LEGACY_NEXT_TEMPORARILY_BLOCKED,hold,23,13080.04994,1.0,13083.378690000001,4.328750000000582,ok,merge_group,merge_group,shield_hold_after_blocked_legacy_next,True,13104.249940000002,linear,none,none,13->23:9;18->22:9,none,hold,13,,,13079.04994,13080.04994,,False,False,False
legacy_offset64_merge32,merge_group,reroute_from_current_legacy,reroute,False,python_faithful_legacy_astar_wait_horizon_audit,241,11,14,78:storage_in,78,80,13,47,13080.04994,23,,13 23 24 27 28 47,23,LEGACY_NEXT_TEMPORARILY_BLOCKED,hold,23,13081.04994,1.0,13083.378690000001,3.328750000000582,ok,merge_group,merge_group,shield_hold_after_blocked_legacy_next,True,13105.249940000002,linear,none,none,13->23:9;18->22:9,none,hold,13,,,13080.04994,13081.04994,,False,False,False
legacy_offset64_merge32,merge_group,reroute_from_current_legacy,reroute,False,python_faithful_legacy_astar_wait_horizon_audit,243,7,27,91:storage_in,91,93,18,47,13080.636700000001,22,,18 22 24 27 28 47,22,LEGACY_NEXT_GLOBALLY_UNSAFE,hold,22,13081.636700000001,1.0,,,current_node_hold_conflict,edge_capacity+merge_group,edge_capacity+merge_group,shield_hold_after_blocked_legacy_next,True,13119.8367,linear,none,none,13->23:9;18->22:9,none,hold,18,,,13080.636700000001,13081.636700000001,,False,False,False
legacy_offset64_merge32,merge_group,reroute_from_current_legacy,reroute,False,python_faithful_legacy_astar_wait_horizon_audit,245,12,14,78:storage_in,78,80,13,47,13081.04994,23,,13 23 24 27 28 47,23,LEGACY_NEXT_TEMPORARILY_BLOCKED,hold,23,13082.04994,1.0,13083.378690000001,2.328750000000582,ok,merge_group,merge_group,shield_hold_after_blocked_legacy_next,True,13106.249940000002,linear,none,none,13->23:9;18->22:9,none,hold,13,,,13081.04994,13082.04994,,False,False,False
legacy_offset64_merge32,merge_group,reroute_from_current_legacy,reroute,False,python_faithful_legacy_astar_wait_horizon_audit,246,8,27,91:storage_in,91,93,18,47,13081.636700000001,22,,18 22 24 27 28 47,22,LEGACY_NEXT_GLOBALLY_UNSAFE,hold,22,13082.636700000001,1.0,,,current_node_hold_conflict,edge_capacity+merge_group,edge_capacity+merge_group,shield_hold_after_blocked_legacy_next,True,13120.8367,linear,none,none,13->23:9;18->22:9,none,hold,18,,,13081.636700000001,13082.636700000001,,False,False,False
legacy_offset64_merge32,merge_group,reroute_from_current_legacy,reroute,False,python_faithful_legacy_astar_wait_horizon_audit,247,13,14,78:storage_in,78,80,13,47,13082.04994,23,,13 23 24 27 28 47,23,LEGACY_NEXT_TEMPORARILY_BLOCKED,hold,23,13083.04994,1.0,13083.378690000001,1.328750000000582,ok,merge_group,merge_group,shield_hold_after_blocked_legacy_next,True,13107.249940000002,linear,none,none,13->23:9;18->22:9,none,hold,13,,,13082.04994,13083.04994,,False,False,False
legacy_offset64_merge32,merge_group,reroute_from_current_legacy,reroute,False,python_faithful_legacy_astar_wait_horizon_audit,249,9,27,91:storage_in,91,93,18,47,13082.636700000001,22,,18 22 24 27 28 47,22,ABSTAIN_NO_TEACHER,no_teacher,22,,0.0,,,current_node_hold_conflict,edge_capacity+merge_group,edge_capacity+merge_group,abstain_no_safe_hold,False,13121.8367,linear,none,none,13->23:9;18->22:9,none,unplanned,,,,,,edge_capacity+merge_group,True,False,False
legacy_offset64_merge32,merge_group,reroute_from_current_legacy,reroute,False,python_faithful_legacy_astar_wait_horizon_audit,251,14,14,78:storage_in,78,80,13,47,13083.04994,23,,13 23 24 27 28 47,23,LEGACY_NEXT_TEMPORARILY_BLOCKED,hold,23,13084.04994,1.0,13083.378690000001,0.3287500000005821,ok,merge_group,merge_group,shield_hold_after_blocked_legacy_next,True,13108.249940000002,linear,none,none,13->23:9;18->22:9,none,hold,13,,,13083.04994,13084.04994,,False,False,False
legacy_offset64_merge32,merge_group,reroute_from_current_legacy,reroute,False,python_faithful_legacy_astar_wait_horizon_audit,254,15,14,78:storage_in,78,80,13,47,13084.04994,23,,13 23 24 27 28 47,23,LEGACY_NEXT_GLOBALLY_UNSAFE,hold,23,13085.04994,1.0,,,current_node_hold_conflict,merge_group,merge_group,shield_hold_after_blocked_legacy_next,True,13109.249940000002,linear,none,none,13->23:9;18->22:9,none,hold,13,,,13084.04994,13085.04994,,False,False,False
legacy_offset64_merge32,merge_group,reroute_from_current_legacy,reroute,False,python_faithful_legacy_astar_wait_horizon_audit,255,4,28,92:storage_in,92,94,11,47,13084.09516,13 14,,11 13 23 24 27 28 47,13,LEGACY_NEXT_TEMPORARILY_BLOCKED,hold,13,13085.09516,1.0,13091.83983,7.744670000000042,ok,edge_capacity,edge_capacity,shield_hold_after_blocked_legacy_next,True,13121.495160000002,branch,none,none,13->23:9;18->22:9,none,hold,11,,,13084.09516,13085.09516,,False,False,False
legacy_offset64_merge32,merge_group,reroute_from_current_legacy,reroute,False,python_faithful_legacy_astar_wait_horizon_audit,258,16,14,78:storage_in,78,80,13,47,13085.04994,23,,13 23 24 27 28 47,23,LEGACY_NEXT_GLOBALLY_UNSAFE,hold,23,13086.04994,1.0,,,current_node_hold_conflict,merge_group,merge_group,shield_hold_after_blocked_legacy_next,True,13110.249940000002,linear,none,none,13->23:9;18->22:9,none,hold,13,,,13085.04994,13086.04994,,False,False,False
legacy_offset64_merge32,merge_group,reroute_from_current_legacy,reroute,False,python_faithful_legacy_astar_wait_horizon_audit,260,5,28,92:storage_in,92,94,11,47,13085.09516,13 14,,11 13 23 24 27 28 47,13,LEGACY_NEXT_TEMPORARILY_BLOCKED,hold,13,13086.09516,1.0,13091.83983,6.744670000000042,ok,edge_capacity,edge_capacity,shield_hold_after_blocked_legacy_next,True,13122.495160000002,branch,none,none,13->23:9;18->22:9,none,hold,11,,,13085.09516,13086.09516,,False,False,False
legacy_offset64_merge32,merge_group,reroute_from_current_legacy,reroute,False,python_faithful_legacy_astar_wait_horizon_audit,261,17,14,78:storage_in,78,80,13,47,13086.04994,23,,13 23 24 27 28 47,23,LEGACY_NEXT_GLOBALLY_UNSAFE,hold,23,13087.04994,1.0,,,current_node_hold_conflict,merge_group,merge_group,shield_hold_after_blocked_legacy_next,True,13111.249940000002,linear,none,none,13->23:9;18->22:9,none,hold,13,,,13086.04994,13087.04994,,False,False,False
legacy_offset64_merge32,merge_group,reroute_from_current_legacy,reroute,False,python_faithful_legacy_astar_wait_horizon_audit,265,18,14,78:storage_in,78,80,13,47,13087.04994,23,,13 23 24 27 28 47,23,ABSTAIN_NO_TEACHER,no_teacher,23,,0.0,,,current_node_hold_conflict,merge_group,merge_group,abstain_no_safe_hold,False,13112.249940000002,linear,none,none,13->23:9;18->22:9,none,unplanned,,,,,,merge_group,True,False,False
legacy_offset64_merge32,merge_group,reroute_from_current_legacy,reroute,False,python_faithful_legacy_astar_wait_horizon_audit,266,4,26,90:storage_in,90,92,13,47,13088.13782,23,,,,LEGACY_NO_PATH,hold_no_path_probe,,13089.13782,1.0,,,,legacy_astar_no_path,legacy_astar_no_path,shield_hold_after_legacy_no_path,True,,linear,none,none,13->23:9;18->22:9,none,hold,13,,,13088.13782,13089.13782,,False,False,False
legacy_offset64_merge32,merge_group,reroute_from_current_legacy,reroute,False,python_faithful_legacy_astar_wait_horizon_audit,268,5,26,90:storage_in,90,92,13,47,13089.13782,23,,,,LEGACY_NO_PATH,hold_no_path_probe,,13090.13782,1.0,,,,legacy_astar_no_path,legacy_astar_no_path,shield_hold_after_legacy_no_path,True,,linear,none,none,13->23:9;18->22:9,none,hold,13,,,13089.13782,13090.13782,,False,False,False
legacy_offset64_merge32,merge_group,reroute_from_current_legacy,reroute,False,python_faithful_legacy_astar_wait_horizon_audit,270,6,26,90:storage_in,90,92,13,47,13090.13782,23,,13 23 24 27 28 47,23,LEGACY_NEXT_GLOBALLY_UNSAFE,hold,23,13091.13782,1.0,,,current_node_hold_conflict,merge_group,merge_group,shield_hold_after_blocked_legacy_next,True,13115.33782,linear,none,none,13->23:9;18->22:9,none,hold,13,,,13090.13782,13091.13782,,False,False,False
legacy_offset64_merge32,merge_group,reroute_from_current_legacy,reroute,False,python_faithful_legacy_astar_wait_horizon_audit,271,5,29,93:storage_in,93,95,11,47,13091.12116,13 14,,11 13 23 24 27 28 47,13,LEGACY_NEXT_TEMPORARILY_BLOCKED,hold,13,13092.12116,1.0,13091.83983,0.718670000000202,ok,edge_capacity,edge_capacity,shield_hold_after_blocked_legacy_next,True,13128.521160000002,branch,none,none,13->23:9;18->22:9,none,hold,11,,,13091.12116,13092.12116,,False,False,False
legacy_offset64_merge32,merge_group,reroute_from_current_legacy,reroute,False,python_faithful_legacy_astar_wait_horizon_audit,272,7,26,90:storage_in,90,92,13,47,13091.13782,23,,13 23 24 27 28 47,23,ABSTAIN_NO_TEACHER,no_teacher,23,,0.0,,,current_node_hold_conflict,merge_group,merge_group,abstain_no_safe_hold,False,13116.33782,linear,none,none,13->23:9;18->22:9,none,unplanned,,,,,,merge_group,True,False,False
legacy_offset64_merge32,merge_group,reroute_from_current_legacy,reroute,False,python_faithful_legacy_astar_wait_horizon_audit,279,10,18,82:storage_in,82,84,46,47,13094.459440000002,35 36,,46 36 38 39 47,36,LEGACY_NEXT_TEMPORARILY_BLOCKED,hold,36,13095.459440000002,1.0,13103.90649,9.447049999997034,ok,edge_capacity,edge_capacity,shield_hold_after_blocked_legacy_next,True,13137.45944,branch,none,none,13->23:9;18->22:9,none,hold,46,,,13094.459440000002,13095.459440000002,,False,False,False
legacy_offset64_merge32,merge_group,reroute_from_current_legacy,reroute,False,python_faithful_legacy_astar_wait_horizon_audit,280,11,18,82:storage_in,82,84,46,47,13095.459440000002,35 36,,46 36 38 39 47,36,LEGACY_NEXT_TEMPORARILY_BLOCKED,hold,36,13096.459440000002,1.0,13103.90649,8.447049999997034,ok,edge_capacity,edge_capacity,shield_hold_after_blocked_legacy_next,True,13138.45944,branch,none,none,13->23:9;18->22:9,none,hold,46,,,13095.459440000002,13096.459440000002,,False,False,False
legacy_offset64_merge32,merge_group,reroute_from_current_legacy,reroute,False,python_faithful_legacy_astar_wait_horizon_audit,282,12,18,82:storage_in,82,84,46,47,13096.459440000002,35 36,,46 36 38 39 47,36,LEGACY_NEXT_TEMPORARILY_BLOCKED,hold,36,13097.459440000002,1.0,13103.90649,7.447049999997034,ok,edge_capacity,edge_capacity,shield_hold_after_blocked_legacy_next,True,13139.45944,branch,none,none,13->23:9;18->22:9,none,hold,46,,,13096.459440000002,13097.459440000002,,False,False,False
legacy_offset64_merge32,merge_group,reroute_from_current_legacy,reroute,False,python_faithful_legacy_astar_wait_horizon_audit,284,13,18,82:storage_in,82,84,46,47,13097.459440000002,35 36,,46 36 38 39 47,36,LEGACY_NEXT_TEMPORARILY_BLOCKED,hold,36,13098.459440000002,1.0,13103.90649,6.447049999997034,ok,edge_capacity,edge_capacity,shield_hold_after_blocked_legacy_next,True,13140.45944,branch,none,none,13->23:9;18->22:9,none,hold,46,,,13097.459440000002,13098.459440000002,,False,False,False
legacy_offset64_merge32,merge_group,reroute_from_current_legacy,reroute,False,python_faithful_legacy_astar_wait_horizon_audit,286,14,18,82:storage_in,82,84,46,47,13098.459440000002,35 36,,46 36 38 39 47,36,LEGACY_NEXT_TEMPORARILY_BLOCKED,hold,36,13099.459440000002,1.0,13103.90649,5.447049999997034,ok,edge_capacity,edge_capacity,shield_hold_after_blocked_legacy_next,True,13141.45944,branch,none,none,13->23:9;18->22:9,none,hold,46,,,13098.459440000002,13099.459440000002,,False,False,False
legacy_offset64_merge32,merge_group,reroute_from_current_legacy,reroute,False,python_faithful_legacy_astar_wait_horizon_audit,288,15,18,82:storage_in,82,84,46,47,13099.459440000002,35 36,,46 36 38 39 47,36,LEGACY_NEXT_TEMPORARILY_BLOCKED,hold,36,13100.459440000002,1.0,13103.90649,4.447049999997034,ok,edge_capacity,edge_capacity,shield_hold_after_blocked_legacy_next,True,13142.45944,branch,none,none,13->23:9;18->22:9,none,hold,46,,,13099.459440000002,13100.459440000002,,False,False,False
legacy_offset64_merge32,merge_group,reroute_from_current_legacy,reroute,False,python_faithful_legacy_astar_wait_horizon_audit,291,16,18,82:storage_in,82,84,46,47,13100.459440000002,35 36,,46 36 38 39 47,36,LEGACY_NEXT_GLOBALLY_UNSAFE,hold,36,13101.459440000002,1.0,,,current_node_hold_conflict,edge_capacity,edge_capacity,shield_hold_after_blocked_legacy_next,True,13143.45944,branch,none,none,13->23:9;18->22:9,none,hold,46,,,13100.459440000002,13101.459440000002,,False,False,False
legacy_offset64_merge32,merge_group,reroute_from_current_legacy,reroute,False,python_faithful_legacy_astar_wait_horizon_audit,293,17,18,82:storage_in,82,84,46,47,13101.459440000002,35 36,,46 36 38 39 47,36,ABSTAIN_NO_TEACHER,no_teacher,36,,0.0,,,current_node_hold_conflict,edge_capacity,edge_capacity,abstain_no_safe_hold,False,13144.45944,branch,none,none,13->23:9;18->22:9,none,unplanned,,,,,,edge_capacity,True,False,False
legacy_offset64_merge32,merge_group,reroute_from_current_legacy,reroute,False,python_faithful_legacy_astar_wait_horizon_audit,294,9,24,88:storage_in,88,90,27,47,13102.239830000002,28 45,,27 28 47,28,LEGACY_NEXT_TEMPORARILY_BLOCKED,hold,28,13103.239830000002,1.0,13109.17869,6.938859999998385,ok,edge_capacity,edge_capacity,shield_hold_after_blocked_legacy_next,True,13118.039830000002,branch,none,none,13->23:9;18->22:9,none,hold,27,,,13102.239830000002,13103.239830000002,,False,False,False
legacy_offset64_merge32,merge_group,reroute_from_current_legacy,reroute,False,python_faithful_legacy_astar_wait_horizon_audit,295,8,28,92:storage_in,92,94,46,47,13102.49516,35 36,,46 36 38 39 47,36,LEGACY_NEXT_TEMPORARILY_BLOCKED,hold,36,13103.49516,1.0,13103.90649,1.4113299999989977,ok,edge_capacity,edge_capacity,shield_hold_after_blocked_legacy_next,True,13145.495159999999,branch,none,none,13->23:9;18->22:9,none,hold,46,,,13102.49516,13103.49516,,False,False,False
legacy_offset64_merge32,merge_group,reroute_from_current_legacy,reroute,False,python_faithful_legacy_astar_wait_horizon_audit,297,10,24,88:storage_in,88,90,27,47,13103.239830000002,28 45,,27 28 47,28,LEGACY_NEXT_TEMPORARILY_BLOCKED,hold,28,13104.239830000002,1.0,13109.17869,5.938859999998385,ok,edge_capacity,edge_capacity,shield_hold_after_blocked_legacy_next,True,13119.039830000002,branch,none,none,13->23:9;18->22:9,none,hold,27,,,13103.239830000002,13104.239830000002,,False,False,False
legacy_offset64_merge32,merge_group,reroute_from_current_legacy,reroute,False,python_faithful_legacy_astar_wait_horizon_audit,298,9,28,92:storage_in,92,94,46,47,13103.49516,35 36,,46 36 38 39 47,36,LEGACY_NEXT_TEMPORARILY_BLOCKED,hold,36,13104.49516,1.0,13103.90649,0.41132999999899766,ok,edge_capacity,edge_capacity,shield_hold_after_blocked_legacy_next,True,13146.495159999999,branch,none,none,13->23:9;18->22:9,none,hold,46,,,13103.49516,13104.49516,,False,False,False
legacy_offset64_merge32,merge_group,reroute_from_current_legacy,reroute,False,python_faithful_legacy_astar_wait_horizon_audit,300,11,24,88:storage_in,88,90,27,47,13104.239830000002,28 45,,27 28 47,28,LEGACY_NEXT_TEMPORARILY_BLOCKED,hold,28,13105.239830000002,1.0,13109.17869,4.938859999998385,ok,edge_capacity,edge_capacity,shield_hold_after_blocked_legacy_next,True,13120.039830000002,branch,none,none,13->23:9;18->22:9,none,hold,27,,,13104.239830000002,13105.239830000002,,False,False,False
legacy_offset64_merge32,merge_group,reroute_from_current_legacy,reroute,False,python_faithful_legacy_astar_wait_horizon_audit,304,12,24,88:storage_in,88,90,27,47,13105.239830000002,28 45,,27 28 47,28,LEGACY_NEXT_TEMPORARILY_BLOCKED,hold,28,13106.239830000002,1.0,13109.17869,3.9388599999983853,ok,edge_capacity,edge_capacity,shield_hold_after_blocked_legacy_next,True,13121.039830000002,branch,none,none,13->23:9;18->22:9,none,hold,27,,,13105.239830000002,13106.239830000002,,False,False,False
legacy_offset64_merge32,merge_group,reroute_from_current_legacy,reroute,False,python_faithful_legacy_astar_wait_horizon_audit,306,13,24,88:storage_in,88,90,27,47,13106.239830000002,28 45,,27 28 47,28,ABSTAIN_NO_TEACHER,no_teacher,28,,0.0,,,current_node_hold_conflict,edge_capacity,edge_capacity,abstain_no_safe_hold,False,13122.039830000002,branch,none,none,13->23:9;18->22:9,none,unplanned,,,,,,edge_capacity,True,False,False
legacy_offset64_merge32,merge_group,reroute_from_current_legacy,reroute,False,python_faithful_legacy_astar_wait_horizon_audit,308,7,31,95:storage_in,95,97,27,47,13108.204480000002,28 45,,27 28 47,28,LEGACY_NEXT_TEMPORARILY_BLOCKED,hold,28,13109.204480000002,1.0,13109.17869,0.974209999998493,ok,edge_capacity,edge_capacity,shield_hold_after_blocked_legacy_next,True,13124.004480000001,branch,none,none,13->23:9;18->22:9,none,hold,27,,,13108.204480000002,13109.204480000002,,False,False,False
legacy_offset64_merge32,merge_group,reroute_from_current_legacy,reroute,False,python_faithful_legacy_astar_wait_horizon_audit,314,9,30,94:storage_in,94,96,46,47,13113.040860000001,35 36,,46 36 38 39 47,36,LEGACY_NEXT_TEMPORARILY_BLOCKED,hold,36,13114.040860000001,1.0,13119.29516,6.254299999998693,ok,edge_capacity,edge_capacity,shield_hold_after_blocked_legacy_next,True,13156.04086,branch,none,none,13->23:9;18->22:9,none,hold,46,,,13113.040860000001,13114.040860000001,,False,False,False
legacy_offset64_merge32,merge_group,reroute_from_current_legacy,reroute,False,python_faithful_legacy_astar_wait_horizon_audit,315,10,29,93:storage_in,93,95,27,47,13113.721160000003,28 45,,27 28 47,28,LEGACY_NEXT_TEMPORARILY_BLOCKED,hold,28,13114.721160000003,1.0,13120.004480000001,6.283319999998639,ok,edge_capacity,edge_capacity,shield_hold_after_blocked_legacy_next,True,13129.521160000002,branch,none,none,13->23:9;18->22:9,none,hold,27,,,13113.721160000003,13114.721160000003,,False,False,False
legacy_offset64_merge32,merge_group,reroute_from_current_legacy,reroute,False,python_faithful_legacy_astar_wait_horizon_audit,316,10,30,94:storage_in,94,96,46,47,13114.040860000001,35 36,,46 36 38 39 47,36,LEGACY_NEXT_TEMPORARILY_BLOCKED,hold,36,13115.040860000001,1.0,13119.29516,5.254299999998693,ok,edge_capacity,edge_capacity,shield_hold_after_blocked_legacy_next,True,13157.04086,branch,none,none,13->23:9;18->22:9,none,hold,46,,,13114.040860000001,13115.040860000001,,False,False,False
legacy_offset64_merge32,merge_group,reroute_from_current_legacy,reroute,False,python_faithful_legacy_astar_wait_horizon_audit,317,11,29,93:storage_in,93,95,27,47,13114.721160000003,28 45,,27 28 47,28,LEGACY_NEXT_TEMPORARILY_BLOCKED,hold,28,13115.721160000003,1.0,13120.004480000001,5.283319999998639,ok,edge_capacity,edge_capacity,shield_hold_after_blocked_legacy_next,True,13130.521160000002,branch,none,none,13->23:9;18->22:9,none,hold,27,,,13114.721160000003,13115.721160000003,,False,False,False
legacy_offset64_merge32,merge_group,reroute_from_current_legacy,reroute,False,python_faithful_legacy_astar_wait_horizon_audit,318,11,30,94:storage_in,94,96,46,47,13115.040860000001,35 36,,46 36 38 39 47,36,LEGACY_NEXT_TEMPORARILY_BLOCKED,hold,36,13116.040860000001,1.0,13119.29516,4.254299999998693,ok,edge_capacity,edge_capacity,shield_hold_after_blocked_legacy_next,True,13158.04086,branch,none,none,13->23:9;18->22:9,none,hold,46,,,13115.040860000001,13116.040860000001,,False,False,False
legacy_offset64_merge32,merge_group,reroute_from_current_legacy,reroute,False,python_faithful_legacy_astar_wait_horizon_audit,319,12,29,93:storage_in,93,95,27,47,13115.721160000003,28 45,,27 28 47,28,LEGACY_NEXT_TEMPORARILY_BLOCKED,hold,28,13116.721160000003,1.0,13120.004480000001,4.283319999998639,ok,edge_capacity,edge_capacity,shield_hold_after_blocked_legacy_next,True,13131.521160000002,branch,none,none,13->23:9;18->22:9,none,hold,27,,,13115.721160000003,13116.721160000003,,False,False,False
legacy_offset64_merge32,merge_group,reroute_from_current_legacy,reroute,False,python_faithful_legacy_astar_wait_horizon_audit,320,12,30,94:storage_in,94,96,46,47,13116.040860000001,35 36,,46 36 38 39 47,36,LEGACY_NEXT_TEMPORARILY_BLOCKED,hold,36,13117.040860000001,1.0,13119.29516,3.2542999999986932,ok,edge_capacity,edge_capacity,shield_hold_after_blocked_legacy_next,True,13159.04086,branch,none,none,13->23:9;18->22:9,none,hold,46,,,13116.040860000001,13117.040860000001,,False,False,False
legacy_offset64_merge32,merge_group,reroute_from_current_legacy,reroute,False,python_faithful_legacy_astar_wait_horizon_audit,321,13,29,93:storage_in,93,95,27,47,13116.721160000003,28 45,,27 28 47,28,LEGACY_NEXT_TEMPORARILY_BLOCKED,hold,28,13117.721160000003,1.0,13120.004480000001,3.283319999998639,ok,edge_capacity,edge_capacity,shield_hold_after_blocked_legacy_next,True,13132.521160000002,branch,none,none,13->23:9;18->22:9,none,hold,27,,,13116.721160000003,13117.721160000003,,False,False,False
legacy_offset64_merge32,merge_group,reroute_from_current_legacy,reroute,False,python_faithful_legacy_astar_wait_horizon_audit,322,13,30,94:storage_in,94,96,46,47,13117.040860000001,35 36,,46 36 38 39 47,36,LEGACY_NEXT_TEMPORARILY_BLOCKED,hold,36,13118.040860000001,1.0,13119.29516,2.2542999999986932,ok,edge_capacity,edge_capacity,shield_hold_after_blocked_legacy_next,True,13160.04086,branch,none,none,13->23:9;18->22:9,none,hold,46,,,13117.040860000001,13118.040860000001,,False,False,False
legacy_offset64_merge32,merge_group,reroute_from_current_legacy,reroute,False,python_faithful_legacy_astar_wait_horizon_audit,323,14,29,93:storage_in,93,95,27,47,13117.721160000003,28 45,,27 28 47,28,LEGACY_NEXT_TEMPORARILY_BLOCKED,hold,28,13118.721160000003,1.0,13120.004480000001,2.283319999998639,ok,edge_capacity,edge_capacity,shield_hold_after_blocked_legacy_next,True,13133.521160000002,branch,none,none,13->23:9;18->22:9,none,hold,27,,,13117.721160000003,13118.721160000003,,False,False,False
legacy_offset64_merge32,merge_group,reroute_from_current_legacy,reroute,False,python_faithful_legacy_astar_wait_horizon_audit,324,14,30,94:storage_in,94,96,46,47,13118.040860000001,35 36,,46 36 38 39 47,36,LEGACY_NEXT_TEMPORARILY_BLOCKED,hold,36,13119.040860000001,1.0,13119.29516,1.2542999999986932,ok,edge_capacity,edge_capacity,shield_hold_after_blocked_legacy_next,True,13161.04086,branch,none,none,13->23:9;18->22:9,none,hold,46,,,13118.040860000001,13119.040860000001,,False,False,False
legacy_offset64_merge32,merge_group,reroute_from_current_legacy,reroute,False,python_faithful_legacy_astar_wait_horizon_audit,326,15,29,93:storage_in,93,95,27,47,13118.721160000003,28 45,,27 28 47,28,LEGACY_NEXT_TEMPORARILY_BLOCKED,hold,28,13119.721160000003,1.0,13120.004480000001,1.283319999998639,ok,edge_capacity,edge_capacity,shield_hold_after_blocked_legacy_next,True,13134.521160000002,branch,none,none,13->23:9;18->22:9,none,hold,27,,,13118.721160000003,13119.721160000003,,False,False,False
legacy_offset64_merge32,merge_group,reroute_from_current_legacy,reroute,False,python_faithful_legacy_astar_wait_horizon_audit,327,15,30,94:storage_in,94,96,46,47,13119.040860000001,35 36,,46 36 38 39 47,36,LEGACY_NEXT_TEMPORARILY_BLOCKED,hold,36,13120.040860000001,1.0,13119.29516,0.25429999999869324,ok,edge_capacity,edge_capacity,shield_hold_after_blocked_legacy_next,True,13162.04086,branch,none,none,13->23:9;18->22:9,none,hold,46,,,13119.040860000001,13120.040860000001,,False,False,False
legacy_offset64_merge32,merge_group,reroute_from_current_legacy,reroute,False,python_faithful_legacy_astar_wait_horizon_audit,328,16,29,93:storage_in,93,95,27,47,13119.721160000003,28 45,,27 28 47,28,LEGACY_NEXT_TEMPORARILY_BLOCKED,hold,28,13120.721160000003,1.0,13120.004480000001,0.2833199999986391,ok,edge_capacity,edge_capacity,shield_hold_after_blocked_legacy_next,True,13135.521160000002,branch,none,none,13->23:9;18->22:9,none,hold,27,,,13119.721160000003,13120.721160000003,,False,False,False
