scenario,event_variant,segment_id,task_id,edge,ready_time,blocked_reason,occupying_task_id,occupancy_start,occupancy_end,earliest_release_time,wait_needed,can_current_node_hold,queue_rank,queue_length
legacy_first16,g3d_reroute_anchor,2:storage_in,2,18->22,8882.216299,edge_capacity,1,8875.05,8883.45,8883.445453,1.2291540000005625,True,2,2
legacy_first16,g3d_reroute_anchor,2:storage_in,2,18->22,8883.216299,edge_capacity,1,8875.05,8883.45,8883.445453,0.22915400000056252,True,2,2
legacy_first16,g3d_reroute_anchor,3:storage_in,3,18->22,8889.800872000002,edge_capacity,2,8884.22,8892.62,8892.616299,2.815426999997726,True,2,2
legacy_first16,g3d_reroute_anchor,3:storage_in,3,18->22,8890.800872000002,edge_capacity,2,8884.22,8892.62,8892.616299,1.815426999997726,True,2,2
legacy_first16,g3d_reroute_anchor,3:storage_in,3,18->22,8891.800872000002,edge_capacity,2,8884.22,8892.62,8892.616299,0.8154269999977259,True,2,2
legacy_first16,g3d_reroute_anchor,2:storage_in,2,22->24,8893.616299,edge_capacity,1,8884.45,8894.85,8894.845453,1.2291540000005625,True,2,2
legacy_first16,g3d_reroute_anchor,5:storage_in,5,18->22,9477.815484,edge_capacity,4,9472.28,9480.68,9480.682986000002,2.867502000000968,True,2,2
legacy_first16,g3d_reroute_anchor,5:storage_in,5,18->22,9478.815484,edge_capacity,4,9472.28,9480.68,9480.682986000002,1.867502000000968,True,2,2
legacy_first16,g3d_reroute_anchor,5:storage_in,5,18->22,9479.815484,edge_capacity,4,9472.28,9480.68,9480.682986000002,0.8675020000009681,True,2,2
legacy_first16,g3d_reroute_anchor,5:storage_in,5,22->24,9490.215484,edge_capacity,4,9481.68,9492.08,9492.082986000001,1.867502000000968,True,2,2
legacy_first16,g3d_reroute_anchor,10:storage_in,10,18->22,10094.37294,edge_capacity,9,10092.5,10100.9,10100.934140000001,6.561200000001918,True,2,2
legacy_first16,g3d_reroute_anchor,10:storage_in,10,18->22,10095.37294,edge_capacity,9,10092.5,10100.9,10100.934140000001,5.561200000001918,True,2,2
legacy_first16,g3d_reroute_anchor,10:storage_in,10,18->22,10096.37294,edge_capacity,9,10092.5,10100.9,10100.934140000001,4.561200000001918,True,2,2
legacy_first16,g3d_reroute_anchor,10:storage_in,10,18->22,10097.37294,edge_capacity,9,10092.5,10100.9,10100.934140000001,3.561200000001918,True,2,2
legacy_first16,g3d_reroute_anchor,10:storage_in,10,18->22,10098.37294,edge_capacity,9,10092.5,10100.9,10100.934140000001,2.561200000001918,True,2,2
legacy_first16,g3d_reroute_anchor,10:storage_in,10,18->22,10099.37294,edge_capacity,9,10092.5,10100.9,10100.934140000001,1.561200000001918,True,2,2
legacy_first16,g3d_reroute_anchor,10:storage_in,10,18->22,10100.37294,edge_capacity,9,10092.5,10100.9,10100.934140000001,0.5612000000019179,True,2,2
legacy_first16,g3d_reroute_anchor,9:storage_in,9,22->24,10101.934140000001,edge_capacity,7,10092.5,10102.9,10102.88213,0.9479899999987538,True,2,2
legacy_first16,g3d_reroute_anchor,8:storage_in,8,27->28,10113.706480000003,edge_capacity,7,10106.5,10117.3,10117.28213,3.57564999999704,True,2,2
legacy_first16,g3d_reroute_anchor,8:storage_in,8,27->28,10114.706480000003,edge_capacity,7,10106.5,10117.3,10117.28213,2.57564999999704,True,2,2
legacy_first16,g3d_reroute_anchor,8:storage_in,8,27->28,10115.706480000003,edge_capacity,7,10106.5,10117.3,10117.28213,1.5756499999970401,True,2,2
legacy_first16,g3d_reroute_anchor,8:storage_in,8,27->28,10116.706480000003,edge_capacity,7,10106.5,10117.3,10117.28213,0.5756499999970401,True,2,2
legacy_first16,g3d_reroute_anchor,10:storage_in,10,24->27,10122.172939999999,edge_capacity,11,10121,10122.6,10122.639820000002,0.46688000000358443,True,2,2
legacy_first16,g3d_reroute_anchor,11:storage_in,11,27->28,10123.639820000002,edge_capacity,8,10117.7,10128.5,,,False,2,2
legacy_first16,g3d_reroute_anchor,11:storage_in,11,27->28,10124.639820000002,edge_capacity,8,10117.7,10128.5,,,False,2,2
legacy_first16,g3d_reroute_anchor,10:storage_in,10,27->28,10125.772939999999,edge_capacity,8,10117.7,10128.5,10128.506480000002,2.733540000002904,True,2,2
legacy_first16,g3d_reroute_anchor,10:storage_in,10,27->28,10126.772939999999,edge_capacity,8,10117.7,10128.5,10128.506480000002,1.733540000002904,True,2,2
legacy_first16,g3d_reroute_anchor,10:storage_in,10,27->28,10127.772939999999,edge_capacity,8,10117.7,10128.5,10128.506480000002,0.733540000002904,True,2,2
legacy_first16,g3d_reroute_anchor,14:storage_in,14,18->22,10679.68828,edge_capacity,13,10672.4,10680.8,10680.77885,1.090570000000298,True,2,2
legacy_first16,g3d_reroute_anchor,14:storage_in,14,18->22,10680.68828,edge_capacity,13,10672.4,10680.8,10680.77885,0.09057000000029802,True,2,2
legacy_first16,g3d_reroute_anchor,15:storage_in,15,18->22,10685.645400000001,edge_capacity,14,10681.7,10690.1,10690.08828,4.442879999998695,True,2,2
legacy_first16,g3d_reroute_anchor,15:storage_in,15,18->22,10686.645400000001,edge_capacity,14,10681.7,10690.1,10690.08828,3.442879999998695,True,2,2
legacy_first16,g3d_reroute_anchor,15:storage_in,15,18->22,10687.645400000001,edge_capacity,14,10681.7,10690.1,10690.08828,2.442879999998695,True,2,2
legacy_first16,g3d_reroute_anchor,15:storage_in,15,18->22,10688.645400000001,edge_capacity,14,10681.7,10690.1,10690.08828,1.442879999998695,True,2,2
legacy_first16,g3d_reroute_anchor,15:storage_in,15,18->22,10689.645400000001,edge_capacity,14,10681.7,10690.1,10690.08828,0.442879999998695,True,2,2
legacy_first16,g3d_reroute_anchor,14:storage_in,14,22->24,10691.08828,edge_capacity,13,10681.8,10692.2,10692.17885,1.090570000000298,True,2,2
legacy_first16,edge_release_wait_scheduler,2:storage_in,2,18->22,8882.216299,edge_capacity,1,8875.05,8883.45,8883.445453,1.2291540000005625,True,2,2
legacy_first16,edge_release_wait_scheduler,3:storage_in,3,18->22,8889.800872000002,edge_capacity,2,8883.45,8891.85,8891.845453,2.0445809999982885,True,2,2
legacy_first16,edge_release_wait_scheduler,2:storage_in,2,22->24,8892.845453,edge_capacity,1,8884.45,8894.85,8894.845453,2.0,True,2,2
legacy_first16,edge_release_wait_scheduler,3:storage_in,3,22->24,8901.245453,edge_capacity,2,8894.85,8905.25,8905.245453,4.0,True,2,2
legacy_first16,edge_release_wait_scheduler,2:storage_in,2,27->28,8908.845453,edge_capacity,1,8898.45,8909.25,8909.245453,0.3999999999996362,True,2,2
legacy_first16,edge_release_wait_scheduler,3:storage_in,3,27->28,8919.245453,edge_capacity,2,8909.25,8920.05,8920.045452999999,0.7999999999992724,True,2,2
legacy_first16,edge_release_wait_scheduler,5:storage_in,5,18->22,9477.815484,edge_capacity,4,9472.28,9480.68,9480.682986000002,2.867502000000968,True,2,2
legacy_first16,edge_release_wait_scheduler,5:storage_in,5,22->24,9490.082986000001,edge_capacity,4,9481.68,9492.08,9492.082986000001,2.0,True,2,2
legacy_first16,edge_release_wait_scheduler,5:storage_in,5,27->28,9506.082986000001,edge_capacity,4,9495.68,9506.48,9506.482986,0.3999999999996362,True,2,2
legacy_first16,edge_release_wait_scheduler,10:storage_in,10,18->22,10094.37294,edge_capacity,9,10092.5,10100.9,10100.934140000001,6.561200000001918,True,2,2
legacy_first16,edge_release_wait_scheduler,9:storage_in,9,22->24,10101.934140000001,edge_capacity,7,10092.5,10102.9,10102.88213,0.9479899999987538,True,2,2
legacy_first16,edge_release_wait_scheduler,10:storage_in,10,22->24,10110.33414,edge_capacity,9,10102.9,10113.3,10113.28213,2.9479899999987538,True,2,2
legacy_first16,edge_release_wait_scheduler,8:storage_in,8,27->28,10113.706480000003,edge_capacity,7,10106.5,10117.3,10117.28213,3.57564999999704,True,2,2
legacy_first16,edge_release_wait_scheduler,9:storage_in,9,27->28,10118.88213,edge_capacity,8,10117.3,10128.1,10128.082129999999,9.199999999998909,True,2,2
legacy_first16,edge_release_wait_scheduler,10:storage_in,10,27->28,10129.28213,edge_capacity,9,10128.1,10138.9,10138.882129999998,9.599999999998545,True,2,2
legacy_first16,edge_release_wait_scheduler,14:storage_in,14,18->22,10679.68828,edge_capacity,13,10672.4,10680.8,10680.77885,1.090570000000298,True,2,2
legacy_first16,edge_release_wait_scheduler,15:storage_in,15,18->22,10685.645400000001,edge_capacity,14,10680.8,10689.2,10689.17885,3.533449999998993,True,2,2
legacy_first16,edge_release_wait_scheduler,14:storage_in,14,22->24,10690.17885,edge_capacity,13,10681.8,10692.2,10692.17885,2.0,True,2,2
legacy_first16,edge_release_wait_scheduler,15:storage_in,15,22->24,10698.57885,edge_capacity,14,10692.2,10702.6,10702.57885,4.0,True,2,2
legacy_first16,edge_release_wait_scheduler,14:storage_in,14,27->28,10706.17885,edge_capacity,13,10695.8,10706.6,10706.57885,0.3999999999996362,True,2,2
legacy_first16,edge_release_wait_scheduler,15:storage_in,15,27->28,10716.57885,edge_capacity,14,10706.6,10717.4,10717.37885,0.7999999999992724,True,2,2
legacy_first16,fifo_edge_queue_scheduler,2:storage_in,2,18->22,8882.216299,edge_capacity,1,8875.05,8883.45,8883.445453,1.2291540000005625,True,2,2
legacy_first16,fifo_edge_queue_scheduler,3:storage_in,3,18->22,8889.800872000002,edge_capacity,2,8883.45,8891.85,8891.845453,2.0445809999982885,True,2,2
legacy_first16,fifo_edge_queue_scheduler,2:storage_in,2,22->24,8892.845453,edge_capacity,1,8884.45,8894.85,8894.845453,2.0,True,2,2
legacy_first16,fifo_edge_queue_scheduler,3:storage_in,3,22->24,8901.245453,edge_capacity,2,8894.85,8905.25,8905.245453,4.0,True,2,2
legacy_first16,fifo_edge_queue_scheduler,2:storage_in,2,27->28,8908.845453,edge_capacity,1,8898.45,8909.25,8909.245453,0.3999999999996362,True,2,2
legacy_first16,fifo_edge_queue_scheduler,3:storage_in,3,27->28,8919.245453,edge_capacity,2,8909.25,8920.05,8920.045452999999,0.7999999999992724,True,2,2
legacy_first16,fifo_edge_queue_scheduler,5:storage_in,5,18->22,9477.815484,edge_capacity,4,9472.28,9480.68,9480.682986000002,2.867502000000968,True,2,2
legacy_first16,fifo_edge_queue_scheduler,5:storage_in,5,22->24,9490.082986000001,edge_capacity,4,9481.68,9492.08,9492.082986000001,2.0,True,2,2
legacy_first16,fifo_edge_queue_scheduler,5:storage_in,5,27->28,9506.082986000001,edge_capacity,4,9495.68,9506.48,9506.482986,0.3999999999996362,True,2,2
legacy_first16,fifo_edge_queue_scheduler,10:storage_in,10,18->22,10094.37294,edge_capacity,9,10092.5,10100.9,10100.934140000001,6.561200000001918,True,2,2
legacy_first16,fifo_edge_queue_scheduler,9:storage_in,9,22->24,10101.934140000001,edge_capacity,7,10092.5,10102.9,10102.88213,0.9479899999987538,True,2,2
legacy_first16,fifo_edge_queue_scheduler,10:storage_in,10,22->24,10110.33414,edge_capacity,9,10102.9,10113.3,10113.28213,2.9479899999987538,True,2,2
legacy_first16,fifo_edge_queue_scheduler,8:storage_in,8,27->28,10113.706480000003,edge_capacity,7,10106.5,10117.3,10117.28213,3.57564999999704,True,2,2
legacy_first16,fifo_edge_queue_scheduler,9:storage_in,9,27->28,10118.88213,edge_capacity,8,10117.3,10128.1,10128.082129999999,9.199999999998909,True,2,2
legacy_first16,fifo_edge_queue_scheduler,10:storage_in,10,27->28,10129.28213,edge_capacity,9,10128.1,10138.9,10138.882129999998,9.599999999998545,True,2,2
legacy_first16,fifo_edge_queue_scheduler,14:storage_in,14,18->22,10679.68828,edge_capacity,13,10672.4,10680.8,10680.77885,1.090570000000298,True,2,2
legacy_first16,fifo_edge_queue_scheduler,15:storage_in,15,18->22,10685.645400000001,edge_capacity,14,10680.8,10689.2,10689.17885,3.533449999998993,True,2,2
legacy_first16,fifo_edge_queue_scheduler,14:storage_in,14,22->24,10690.17885,edge_capacity,13,10681.8,10692.2,10692.17885,2.0,True,2,2
legacy_first16,fifo_edge_queue_scheduler,15:storage_in,15,22->24,10698.57885,edge_capacity,14,10692.2,10702.6,10702.57885,4.0,True,2,2
legacy_first16,fifo_edge_queue_scheduler,14:storage_in,14,27->28,10706.17885,edge_capacity,13,10695.8,10706.6,10706.57885,0.3999999999996362,True,2,2
legacy_first16,fifo_edge_queue_scheduler,15:storage_in,15,27->28,10716.57885,edge_capacity,14,10706.6,10717.4,10717.37885,0.7999999999992724,True,2,2
legacy_first16,capacity_wait_budget_5s,2:storage_in,2,18->22,8882.216299,edge_capacity,1,8875.05,8883.45,8883.445453,1.2291540000005625,True,2,2
legacy_first16,capacity_wait_budget_5s,3:storage_in,3,18->22,8889.800872000002,edge_capacity,2,8883.45,8891.85,8891.845453,2.0445809999982885,True,2,2
legacy_first16,capacity_wait_budget_5s,2:storage_in,2,22->24,8892.845453,edge_capacity,1,8884.45,8894.85,8894.845453,2.0,True,2,2
legacy_first16,capacity_wait_budget_5s,3:storage_in,3,22->24,8901.245453,edge_capacity,2,8894.85,8905.25,8905.245453,4.0,True,2,2
legacy_first16,capacity_wait_budget_5s,2:storage_in,2,27->28,8908.845453,edge_capacity,1,8898.45,8909.25,8909.245453,0.3999999999996362,True,2,2
legacy_first16,capacity_wait_budget_5s,3:storage_in,3,27->28,8919.245453,edge_capacity,2,8909.25,8920.05,8920.045452999999,0.7999999999992724,True,2,2
legacy_first16,capacity_wait_budget_5s,5:storage_in,5,18->22,9477.815484,edge_capacity,4,9472.28,9480.68,9480.682986000002,2.867502000000968,True,2,2
legacy_first16,capacity_wait_budget_5s,5:storage_in,5,22->24,9490.082986000001,edge_capacity,4,9481.68,9492.08,9492.082986000001,2.0,True,2,2
legacy_first16,capacity_wait_budget_5s,5:storage_in,5,27->28,9506.082986000001,edge_capacity,4,9495.68,9506.48,9506.482986,0.3999999999996362,True,2,2
legacy_first16,capacity_wait_budget_5s,10:storage_in,10,18->22,10094.37294,edge_capacity,9,10092.5,10100.9,10100.934140000001,6.561200000001918,True,2,2
legacy_first16,capacity_wait_budget_5s,9:storage_in,9,22->24,10101.934140000001,edge_capacity,7,10092.5,10102.9,10102.88213,0.9479899999987538,True,2,2
legacy_first16,capacity_wait_budget_5s,10:storage_in,10,22->24,10110.33414,edge_capacity,9,10102.9,10113.3,10113.28213,2.9479899999987538,True,2,2
legacy_first16,capacity_wait_budget_5s,8:storage_in,8,27->28,10113.706480000003,edge_capacity,7,10106.5,10117.3,10117.28213,3.57564999999704,True,2,2
legacy_first16,capacity_wait_budget_5s,9:storage_in,9,27->28,10118.88213,edge_capacity,8,10117.3,10128.1,10128.082129999999,9.199999999998909,True,2,2
legacy_first16,capacity_wait_budget_5s,10:storage_in,10,27->28,10129.28213,edge_capacity,9,10128.1,10138.9,10138.882129999998,9.599999999998545,True,2,2
legacy_first16,capacity_wait_budget_5s,14:storage_in,14,18->22,10679.68828,edge_capacity,13,10672.4,10680.8,10680.77885,1.090570000000298,True,2,2
legacy_first16,capacity_wait_budget_5s,15:storage_in,15,18->22,10685.645400000001,edge_capacity,14,10680.8,10689.2,10689.17885,3.533449999998993,True,2,2
legacy_first16,capacity_wait_budget_5s,14:storage_in,14,22->24,10690.17885,edge_capacity,13,10681.8,10692.2,10692.17885,2.0,True,2,2
legacy_first16,capacity_wait_budget_5s,15:storage_in,15,22->24,10698.57885,edge_capacity,14,10692.2,10702.6,10702.57885,4.0,True,2,2
legacy_first16,capacity_wait_budget_5s,14:storage_in,14,27->28,10706.17885,edge_capacity,13,10695.8,10706.6,10706.57885,0.3999999999996362,True,2,2
legacy_first16,capacity_wait_budget_5s,15:storage_in,15,27->28,10716.57885,edge_capacity,14,10706.6,10717.4,10717.37885,0.7999999999992724,True,2,2
legacy_first16,capacity_wait_budget_10s,2:storage_in,2,18->22,8882.216299,edge_capacity,1,8875.05,8883.45,8883.445453,1.2291540000005625,True,2,2
legacy_first16,capacity_wait_budget_10s,3:storage_in,3,18->22,8889.800872000002,edge_capacity,2,8883.45,8891.85,8891.845453,2.0445809999982885,True,2,2
legacy_first16,capacity_wait_budget_10s,2:storage_in,2,22->24,8892.845453,edge_capacity,1,8884.45,8894.85,8894.845453,2.0,True,2,2
legacy_first16,capacity_wait_budget_10s,3:storage_in,3,22->24,8901.245453,edge_capacity,2,8894.85,8905.25,8905.245453,4.0,True,2,2
legacy_first16,capacity_wait_budget_10s,2:storage_in,2,27->28,8908.845453,edge_capacity,1,8898.45,8909.25,8909.245453,0.3999999999996362,True,2,2
legacy_first16,capacity_wait_budget_10s,3:storage_in,3,27->28,8919.245453,edge_capacity,2,8909.25,8920.05,8920.045452999999,0.7999999999992724,True,2,2
legacy_first16,capacity_wait_budget_10s,5:storage_in,5,18->22,9477.815484,edge_capacity,4,9472.28,9480.68,9480.682986000002,2.867502000000968,True,2,2
legacy_first16,capacity_wait_budget_10s,5:storage_in,5,22->24,9490.082986000001,edge_capacity,4,9481.68,9492.08,9492.082986000001,2.0,True,2,2
legacy_first16,capacity_wait_budget_10s,5:storage_in,5,27->28,9506.082986000001,edge_capacity,4,9495.68,9506.48,9506.482986,0.3999999999996362,True,2,2
legacy_first16,capacity_wait_budget_10s,10:storage_in,10,18->22,10094.37294,edge_capacity,9,10092.5,10100.9,10100.934140000001,6.561200000001918,True,2,2
legacy_first16,capacity_wait_budget_10s,9:storage_in,9,22->24,10101.934140000001,edge_capacity,7,10092.5,10102.9,10102.88213,0.9479899999987538,True,2,2
legacy_first16,capacity_wait_budget_10s,10:storage_in,10,22->24,10110.33414,edge_capacity,9,10102.9,10113.3,10113.28213,2.9479899999987538,True,2,2
legacy_first16,capacity_wait_budget_10s,8:storage_in,8,27->28,10113.706480000003,edge_capacity,7,10106.5,10117.3,10117.28213,3.57564999999704,True,2,2
legacy_first16,capacity_wait_budget_10s,9:storage_in,9,27->28,10118.88213,edge_capacity,8,10117.3,10128.1,10128.082129999999,9.199999999998909,True,2,2
legacy_first16,capacity_wait_budget_10s,10:storage_in,10,27->28,10129.28213,edge_capacity,9,10128.1,10138.9,10138.882129999998,9.599999999998545,True,2,2
legacy_first16,capacity_wait_budget_10s,14:storage_in,14,18->22,10679.68828,edge_capacity,13,10672.4,10680.8,10680.77885,1.090570000000298,True,2,2
legacy_first16,capacity_wait_budget_10s,15:storage_in,15,18->22,10685.645400000001,edge_capacity,14,10680.8,10689.2,10689.17885,3.533449999998993,True,2,2
legacy_first16,capacity_wait_budget_10s,14:storage_in,14,22->24,10690.17885,edge_capacity,13,10681.8,10692.2,10692.17885,2.0,True,2,2
legacy_first16,capacity_wait_budget_10s,15:storage_in,15,22->24,10698.57885,edge_capacity,14,10692.2,10702.6,10702.57885,4.0,True,2,2
legacy_first16,capacity_wait_budget_10s,14:storage_in,14,27->28,10706.17885,edge_capacity,13,10695.8,10706.6,10706.57885,0.3999999999996362,True,2,2
legacy_first16,capacity_wait_budget_10s,15:storage_in,15,27->28,10716.57885,edge_capacity,14,10706.6,10717.4,10717.37885,0.7999999999992724,True,2,2
legacy_first16,capacity_wait_budget_30s,2:storage_in,2,18->22,8882.216299,edge_capacity,1,8875.05,8883.45,8883.445453,1.2291540000005625,True,2,2
legacy_first16,capacity_wait_budget_30s,3:storage_in,3,18->22,8889.800872000002,edge_capacity,2,8883.45,8891.85,8891.845453,2.0445809999982885,True,2,2
legacy_first16,capacity_wait_budget_30s,2:storage_in,2,22->24,8892.845453,edge_capacity,1,8884.45,8894.85,8894.845453,2.0,True,2,2
legacy_first16,capacity_wait_budget_30s,3:storage_in,3,22->24,8901.245453,edge_capacity,2,8894.85,8905.25,8905.245453,4.0,True,2,2
legacy_first16,capacity_wait_budget_30s,2:storage_in,2,27->28,8908.845453,edge_capacity,1,8898.45,8909.25,8909.245453,0.3999999999996362,True,2,2
legacy_first16,capacity_wait_budget_30s,3:storage_in,3,27->28,8919.245453,edge_capacity,2,8909.25,8920.05,8920.045452999999,0.7999999999992724,True,2,2
legacy_first16,capacity_wait_budget_30s,5:storage_in,5,18->22,9477.815484,edge_capacity,4,9472.28,9480.68,9480.682986000002,2.867502000000968,True,2,2
legacy_first16,capacity_wait_budget_30s,5:storage_in,5,22->24,9490.082986000001,edge_capacity,4,9481.68,9492.08,9492.082986000001,2.0,True,2,2
legacy_first16,capacity_wait_budget_30s,5:storage_in,5,27->28,9506.082986000001,edge_capacity,4,9495.68,9506.48,9506.482986,0.3999999999996362,True,2,2
legacy_first16,capacity_wait_budget_30s,10:storage_in,10,18->22,10094.37294,edge_capacity,9,10092.5,10100.9,10100.934140000001,6.561200000001918,True,2,2
legacy_first16,capacity_wait_budget_30s,9:storage_in,9,22->24,10101.934140000001,edge_capacity,7,10092.5,10102.9,10102.88213,0.9479899999987538,True,2,2
legacy_first16,capacity_wait_budget_30s,10:storage_in,10,22->24,10110.33414,edge_capacity,9,10102.9,10113.3,10113.28213,2.9479899999987538,True,2,2
legacy_first16,capacity_wait_budget_30s,8:storage_in,8,27->28,10113.706480000003,edge_capacity,7,10106.5,10117.3,10117.28213,3.57564999999704,True,2,2
legacy_first16,capacity_wait_budget_30s,9:storage_in,9,27->28,10118.88213,edge_capacity,8,10117.3,10128.1,10128.082129999999,9.199999999998909,True,2,2
legacy_first16,capacity_wait_budget_30s,10:storage_in,10,27->28,10129.28213,edge_capacity,9,10128.1,10138.9,10138.882129999998,9.599999999998545,True,2,2
legacy_first16,capacity_wait_budget_30s,14:storage_in,14,18->22,10679.68828,edge_capacity,13,10672.4,10680.8,10680.77885,1.090570000000298,True,2,2
legacy_first16,capacity_wait_budget_30s,15:storage_in,15,18->22,10685.645400000001,edge_capacity,14,10680.8,10689.2,10689.17885,3.533449999998993,True,2,2
legacy_first16,capacity_wait_budget_30s,14:storage_in,14,22->24,10690.17885,edge_capacity,13,10681.8,10692.2,10692.17885,2.0,True,2,2
legacy_first16,capacity_wait_budget_30s,15:storage_in,15,22->24,10698.57885,edge_capacity,14,10692.2,10702.6,10702.57885,4.0,True,2,2
legacy_first16,capacity_wait_budget_30s,14:storage_in,14,27->28,10706.17885,edge_capacity,13,10695.8,10706.6,10706.57885,0.3999999999996362,True,2,2
legacy_first16,capacity_wait_budget_30s,15:storage_in,15,27->28,10716.57885,edge_capacity,14,10706.6,10717.4,10717.37885,0.7999999999992724,True,2,2
legacy_first16,capacity_wait_budget_60s,2:storage_in,2,18->22,8882.216299,edge_capacity,1,8875.05,8883.45,8883.445453,1.2291540000005625,True,2,2
legacy_first16,capacity_wait_budget_60s,3:storage_in,3,18->22,8889.800872000002,edge_capacity,2,8883.45,8891.85,8891.845453,2.0445809999982885,True,2,2
legacy_first16,capacity_wait_budget_60s,2:storage_in,2,22->24,8892.845453,edge_capacity,1,8884.45,8894.85,8894.845453,2.0,True,2,2
legacy_first16,capacity_wait_budget_60s,3:storage_in,3,22->24,8901.245453,edge_capacity,2,8894.85,8905.25,8905.245453,4.0,True,2,2
legacy_first16,capacity_wait_budget_60s,2:storage_in,2,27->28,8908.845453,edge_capacity,1,8898.45,8909.25,8909.245453,0.3999999999996362,True,2,2
legacy_first16,capacity_wait_budget_60s,3:storage_in,3,27->28,8919.245453,edge_capacity,2,8909.25,8920.05,8920.045452999999,0.7999999999992724,True,2,2
legacy_first16,capacity_wait_budget_60s,5:storage_in,5,18->22,9477.815484,edge_capacity,4,9472.28,9480.68,9480.682986000002,2.867502000000968,True,2,2
legacy_first16,capacity_wait_budget_60s,5:storage_in,5,22->24,9490.082986000001,edge_capacity,4,9481.68,9492.08,9492.082986000001,2.0,True,2,2
legacy_first16,capacity_wait_budget_60s,5:storage_in,5,27->28,9506.082986000001,edge_capacity,4,9495.68,9506.48,9506.482986,0.3999999999996362,True,2,2
legacy_first16,capacity_wait_budget_60s,10:storage_in,10,18->22,10094.37294,edge_capacity,9,10092.5,10100.9,10100.934140000001,6.561200000001918,True,2,2
legacy_first16,capacity_wait_budget_60s,9:storage_in,9,22->24,10101.934140000001,edge_capacity,7,10092.5,10102.9,10102.88213,0.9479899999987538,True,2,2
legacy_first16,capacity_wait_budget_60s,10:storage_in,10,22->24,10110.33414,edge_capacity,9,10102.9,10113.3,10113.28213,2.9479899999987538,True,2,2
legacy_first16,capacity_wait_budget_60s,8:storage_in,8,27->28,10113.706480000003,edge_capacity,7,10106.5,10117.3,10117.28213,3.57564999999704,True,2,2
legacy_first16,capacity_wait_budget_60s,9:storage_in,9,27->28,10118.88213,edge_capacity,8,10117.3,10128.1,10128.082129999999,9.199999999998909,True,2,2
legacy_first16,capacity_wait_budget_60s,10:storage_in,10,27->28,10129.28213,edge_capacity,9,10128.1,10138.9,10138.882129999998,9.599999999998545,True,2,2
legacy_first16,capacity_wait_budget_60s,14:storage_in,14,18->22,10679.68828,edge_capacity,13,10672.4,10680.8,10680.77885,1.090570000000298,True,2,2
legacy_first16,capacity_wait_budget_60s,15:storage_in,15,18->22,10685.645400000001,edge_capacity,14,10680.8,10689.2,10689.17885,3.533449999998993,True,2,2
legacy_first16,capacity_wait_budget_60s,14:storage_in,14,22->24,10690.17885,edge_capacity,13,10681.8,10692.2,10692.17885,2.0,True,2,2
legacy_first16,capacity_wait_budget_60s,15:storage_in,15,22->24,10698.57885,edge_capacity,14,10692.2,10702.6,10702.57885,4.0,True,2,2
legacy_first16,capacity_wait_budget_60s,14:storage_in,14,27->28,10706.17885,edge_capacity,13,10695.8,10706.6,10706.57885,0.3999999999996362,True,2,2
legacy_first16,capacity_wait_budget_60s,15:storage_in,15,27->28,10716.57885,edge_capacity,14,10706.6,10717.4,10717.37885,0.7999999999992724,True,2,2
legacy_first16,hybrid_executable_teacher,2:storage_in,2,18->22,8882.216299,edge_capacity,1,8875.05,8883.45,8883.445453,1.2291540000005625,True,2,2
legacy_first16,hybrid_executable_teacher,3:storage_in,3,18->22,8889.800872000002,edge_capacity,2,8883.45,8891.85,8891.845453,2.0445809999982885,True,2,2
legacy_first16,hybrid_executable_teacher,2:storage_in,2,22->24,8892.845453,edge_capacity,1,8884.45,8894.85,8894.845453,2.0,True,2,2
legacy_first16,hybrid_executable_teacher,3:storage_in,3,22->24,8901.245453,edge_capacity,2,8894.85,8905.25,8905.245453,4.0,True,2,2
legacy_first16,hybrid_executable_teacher,2:storage_in,2,27->28,8908.845453,edge_capacity,1,8898.45,8909.25,8909.245453,0.3999999999996362,True,2,2
legacy_first16,hybrid_executable_teacher,3:storage_in,3,27->28,8919.245453,edge_capacity,2,8909.25,8920.05,8920.045452999999,0.7999999999992724,True,2,2
legacy_first16,hybrid_executable_teacher,5:storage_in,5,18->22,9477.815484,edge_capacity,4,9472.28,9480.68,9480.682986000002,2.867502000000968,True,2,2
legacy_first16,hybrid_executable_teacher,5:storage_in,5,22->24,9490.082986000001,edge_capacity,4,9481.68,9492.08,9492.082986000001,2.0,True,2,2
legacy_first16,hybrid_executable_teacher,5:storage_in,5,27->28,9506.082986000001,edge_capacity,4,9495.68,9506.48,9506.482986,0.3999999999996362,True,2,2
legacy_first16,hybrid_executable_teacher,10:storage_in,10,18->22,10094.37294,edge_capacity,9,10092.5,10100.9,10100.934140000001,6.561200000001918,True,2,2
legacy_first16,hybrid_executable_teacher,9:storage_in,9,22->24,10101.934140000001,edge_capacity,7,10092.5,10102.9,10102.88213,0.9479899999987538,True,2,2
legacy_first16,hybrid_executable_teacher,10:storage_in,10,22->24,10110.33414,edge_capacity,9,10102.9,10113.3,10113.28213,2.9479899999987538,True,2,2
legacy_first16,hybrid_executable_teacher,8:storage_in,8,27->28,10113.706480000003,edge_capacity,7,10106.5,10117.3,10117.28213,3.57564999999704,True,2,2
legacy_first16,hybrid_executable_teacher,9:storage_in,9,27->28,10118.88213,edge_capacity,8,10117.3,10128.1,10128.082129999999,9.199999999998909,True,2,2
legacy_first16,hybrid_executable_teacher,10:storage_in,10,27->28,10129.28213,edge_capacity,9,10128.1,10138.9,10138.882129999998,9.599999999998545,True,2,2
legacy_first16,hybrid_executable_teacher,14:storage_in,14,18->22,10679.68828,edge_capacity,13,10672.4,10680.8,10680.77885,1.090570000000298,True,2,2
legacy_first16,hybrid_executable_teacher,15:storage_in,15,18->22,10685.645400000001,edge_capacity,14,10680.8,10689.2,10689.17885,3.533449999998993,True,2,2
legacy_first16,hybrid_executable_teacher,14:storage_in,14,22->24,10690.17885,edge_capacity,13,10681.8,10692.2,10692.17885,2.0,True,2,2
legacy_first16,hybrid_executable_teacher,15:storage_in,15,22->24,10698.57885,edge_capacity,14,10692.2,10702.6,10702.57885,4.0,True,2,2
legacy_first16,hybrid_executable_teacher,14:storage_in,14,27->28,10706.17885,edge_capacity,13,10695.8,10706.6,10706.57885,0.3999999999996362,True,2,2
legacy_first16,hybrid_executable_teacher,15:storage_in,15,27->28,10716.57885,edge_capacity,14,10706.6,10717.4,10717.37885,0.7999999999992724,True,2,2
legacy_first16_buffer2,g3d_reroute_anchor,2:storage_in,2,18->22,8882.216299,edge_capacity,1,8875.05,8883.45,8883.445453,1.2291540000005625,True,2,2
legacy_first16_buffer2,g3d_reroute_anchor,2:storage_in,2,18->22,8883.216299,edge_capacity,1,8875.05,8883.45,8883.445453,0.22915400000056252,True,2,2
legacy_first16_buffer2,g3d_reroute_anchor,3:storage_in,3,18->22,8889.800872000002,edge_capacity,2,8884.22,8892.62,8892.616299,2.815426999997726,True,2,2
legacy_first16_buffer2,g3d_reroute_anchor,3:storage_in,3,18->22,8890.800872000002,edge_capacity,2,8884.22,8892.62,8892.616299,1.815426999997726,True,2,2
legacy_first16_buffer2,g3d_reroute_anchor,3:storage_in,3,18->22,8891.800872000002,edge_capacity,2,8884.22,8892.62,8892.616299,0.8154269999977259,True,2,2
legacy_first16_buffer2,g3d_reroute_anchor,2:storage_in,2,22->24,8893.616299,edge_capacity,1,8884.45,8894.85,8894.845453,1.2291540000005625,True,2,2
legacy_first16_buffer2,g3d_reroute_anchor,5:storage_in,5,18->22,9477.815484,edge_capacity,4,9472.28,9480.68,9480.682986000002,2.867502000000968,True,2,2
legacy_first16_buffer2,g3d_reroute_anchor,5:storage_in,5,18->22,9478.815484,edge_capacity,4,9472.28,9480.68,9480.682986000002,1.867502000000968,True,2,2
legacy_first16_buffer2,g3d_reroute_anchor,5:storage_in,5,18->22,9479.815484,edge_capacity,4,9472.28,9480.68,9480.682986000002,0.8675020000009681,True,2,2
legacy_first16_buffer2,g3d_reroute_anchor,5:storage_in,5,22->24,9490.215484,edge_capacity,4,9481.68,9492.08,9492.082986000001,1.867502000000968,True,2,2
legacy_first16_buffer2,g3d_reroute_anchor,10:storage_in,10,18->22,10094.37294,edge_capacity,9,10092.5,10100.9,10100.934140000001,6.561200000001918,True,2,2
legacy_first16_buffer2,g3d_reroute_anchor,10:storage_in,10,18->22,10095.37294,edge_capacity,9,10092.5,10100.9,10100.934140000001,5.561200000001918,True,2,2
legacy_first16_buffer2,g3d_reroute_anchor,10:storage_in,10,18->22,10096.37294,edge_capacity,9,10092.5,10100.9,10100.934140000001,4.561200000001918,True,2,2
legacy_first16_buffer2,g3d_reroute_anchor,10:storage_in,10,18->22,10097.37294,edge_capacity,9,10092.5,10100.9,10100.934140000001,3.561200000001918,True,2,2
legacy_first16_buffer2,g3d_reroute_anchor,10:storage_in,10,18->22,10098.37294,edge_capacity,9,10092.5,10100.9,10100.934140000001,2.561200000001918,True,2,2
legacy_first16_buffer2,g3d_reroute_anchor,10:storage_in,10,18->22,10099.37294,edge_capacity,9,10092.5,10100.9,10100.934140000001,1.561200000001918,True,2,2
legacy_first16_buffer2,g3d_reroute_anchor,10:storage_in,10,18->22,10100.37294,edge_capacity,9,10092.5,10100.9,10100.934140000001,0.5612000000019179,True,2,2
legacy_first16_buffer2,g3d_reroute_anchor,9:storage_in,9,22->24,10101.934140000001,edge_capacity,7,10092.5,10102.9,10102.88213,0.9479899999987538,True,2,2
legacy_first16_buffer2,g3d_reroute_anchor,8:storage_in,8,27->28,10113.706480000003,edge_capacity,7,10106.5,10117.3,10117.28213,3.57564999999704,True,2,2
legacy_first16_buffer2,g3d_reroute_anchor,8:storage_in,8,27->28,10114.706480000003,edge_capacity,7,10106.5,10117.3,10117.28213,2.57564999999704,True,2,2
legacy_first16_buffer2,g3d_reroute_anchor,8:storage_in,8,27->28,10115.706480000003,edge_capacity,7,10106.5,10117.3,10117.28213,1.5756499999970401,True,2,2
legacy_first16_buffer2,g3d_reroute_anchor,8:storage_in,8,27->28,10116.706480000003,edge_capacity,7,10106.5,10117.3,10117.28213,0.5756499999970401,True,2,2
legacy_first16_buffer2,g3d_reroute_anchor,10:storage_in,10,24->27,10122.172939999999,edge_capacity,11,10121,10122.6,10122.639820000002,0.46688000000358443,True,2,2
legacy_first16_buffer2,g3d_reroute_anchor,11:storage_in,11,27->28,10123.639820000002,edge_capacity,8,10117.7,10128.5,,,False,2,2
legacy_first16_buffer2,g3d_reroute_anchor,11:storage_in,11,27->28,10124.639820000002,edge_capacity,8,10117.7,10128.5,,,False,2,2
legacy_first16_buffer2,g3d_reroute_anchor,10:storage_in,10,27->28,10125.772939999999,edge_capacity,8,10117.7,10128.5,10128.506480000002,2.733540000002904,True,2,2
legacy_first16_buffer2,g3d_reroute_anchor,10:storage_in,10,27->28,10126.772939999999,edge_capacity,8,10117.7,10128.5,10128.506480000002,1.733540000002904,True,2,2
legacy_first16_buffer2,g3d_reroute_anchor,10:storage_in,10,27->28,10127.772939999999,edge_capacity,8,10117.7,10128.5,10128.506480000002,0.733540000002904,True,2,2
legacy_first16_buffer2,g3d_reroute_anchor,14:storage_in,14,18->22,10679.68828,edge_capacity,13,10672.4,10680.8,10680.77885,1.090570000000298,True,2,2
legacy_first16_buffer2,g3d_reroute_anchor,14:storage_in,14,18->22,10680.68828,edge_capacity,13,10672.4,10680.8,10680.77885,0.09057000000029802,True,2,2
legacy_first16_buffer2,g3d_reroute_anchor,15:storage_in,15,18->22,10685.645400000001,edge_capacity,14,10681.7,10690.1,10690.08828,4.442879999998695,True,2,2
legacy_first16_buffer2,g3d_reroute_anchor,15:storage_in,15,18->22,10686.645400000001,edge_capacity,14,10681.7,10690.1,10690.08828,3.442879999998695,True,2,2
legacy_first16_buffer2,g3d_reroute_anchor,15:storage_in,15,18->22,10687.645400000001,edge_capacity,14,10681.7,10690.1,10690.08828,2.442879999998695,True,2,2
legacy_first16_buffer2,g3d_reroute_anchor,15:storage_in,15,18->22,10688.645400000001,edge_capacity,14,10681.7,10690.1,10690.08828,1.442879999998695,True,2,2
legacy_first16_buffer2,g3d_reroute_anchor,15:storage_in,15,18->22,10689.645400000001,edge_capacity,14,10681.7,10690.1,10690.08828,0.442879999998695,True,2,2
legacy_first16_buffer2,g3d_reroute_anchor,14:storage_in,14,22->24,10691.08828,edge_capacity,13,10681.8,10692.2,10692.17885,1.090570000000298,True,2,2
legacy_first16_buffer2,edge_release_wait_scheduler,2:storage_in,2,18->22,8882.216299,edge_capacity,1,8875.05,8883.45,8883.445453,1.2291540000005625,True,2,2
legacy_first16_buffer2,edge_release_wait_scheduler,3:storage_in,3,18->22,8889.800872000002,edge_capacity,2,8883.45,8891.85,8891.845453,2.0445809999982885,True,2,2
legacy_first16_buffer2,edge_release_wait_scheduler,2:storage_in,2,22->24,8892.845453,edge_capacity,1,8884.45,8894.85,8894.845453,2.0,True,2,2
legacy_first16_buffer2,edge_release_wait_scheduler,3:storage_in,3,22->24,8901.245453,edge_capacity,2,8894.85,8905.25,8905.245453,4.0,True,2,2
legacy_first16_buffer2,edge_release_wait_scheduler,2:storage_in,2,27->28,8908.845453,edge_capacity,1,8898.45,8909.25,8909.245453,0.3999999999996362,True,2,2
legacy_first16_buffer2,edge_release_wait_scheduler,3:storage_in,3,27->28,8919.245453,edge_capacity,2,8909.25,8920.05,8920.045452999999,0.7999999999992724,True,2,2
legacy_first16_buffer2,edge_release_wait_scheduler,5:storage_in,5,18->22,9477.815484,edge_capacity,4,9472.28,9480.68,9480.682986000002,2.867502000000968,True,2,2
legacy_first16_buffer2,edge_release_wait_scheduler,5:storage_in,5,22->24,9490.082986000001,edge_capacity,4,9481.68,9492.08,9492.082986000001,2.0,True,2,2
legacy_first16_buffer2,edge_release_wait_scheduler,5:storage_in,5,27->28,9506.082986000001,edge_capacity,4,9495.68,9506.48,9506.482986,0.3999999999996362,True,2,2
legacy_first16_buffer2,edge_release_wait_scheduler,10:storage_in,10,18->22,10094.37294,edge_capacity,9,10092.5,10100.9,10100.934140000001,6.561200000001918,True,2,2
legacy_first16_buffer2,edge_release_wait_scheduler,9:storage_in,9,22->24,10101.934140000001,edge_capacity,7,10092.5,10102.9,10102.88213,0.9479899999987538,True,2,2
legacy_first16_buffer2,edge_release_wait_scheduler,10:storage_in,10,22->24,10110.33414,edge_capacity,9,10102.9,10113.3,10113.28213,2.9479899999987538,True,2,2
legacy_first16_buffer2,edge_release_wait_scheduler,8:storage_in,8,27->28,10113.706480000003,edge_capacity,7,10106.5,10117.3,10117.28213,3.57564999999704,True,2,2
legacy_first16_buffer2,edge_release_wait_scheduler,9:storage_in,9,27->28,10118.88213,edge_capacity,8,10117.3,10128.1,10128.082129999999,9.199999999998909,True,2,2
legacy_first16_buffer2,edge_release_wait_scheduler,10:storage_in,10,27->28,10129.28213,edge_capacity,9,10128.1,10138.9,10138.882129999998,9.599999999998545,True,2,2
legacy_first16_buffer2,edge_release_wait_scheduler,14:storage_in,14,18->22,10679.68828,edge_capacity,13,10672.4,10680.8,10680.77885,1.090570000000298,True,2,2
legacy_first16_buffer2,edge_release_wait_scheduler,15:storage_in,15,18->22,10685.645400000001,edge_capacity,14,10680.8,10689.2,10689.17885,3.533449999998993,True,2,2
legacy_first16_buffer2,edge_release_wait_scheduler,14:storage_in,14,22->24,10690.17885,edge_capacity,13,10681.8,10692.2,10692.17885,2.0,True,2,2
legacy_first16_buffer2,edge_release_wait_scheduler,15:storage_in,15,22->24,10698.57885,edge_capacity,14,10692.2,10702.6,10702.57885,4.0,True,2,2
legacy_first16_buffer2,edge_release_wait_scheduler,14:storage_in,14,27->28,10706.17885,edge_capacity,13,10695.8,10706.6,10706.57885,0.3999999999996362,True,2,2
legacy_first16_buffer2,edge_release_wait_scheduler,15:storage_in,15,27->28,10716.57885,edge_capacity,14,10706.6,10717.4,10717.37885,0.7999999999992724,True,2,2
legacy_first16_buffer2,fifo_edge_queue_scheduler,2:storage_in,2,18->22,8882.216299,edge_capacity,1,8875.05,8883.45,8883.445453,1.2291540000005625,True,2,2
legacy_first16_buffer2,fifo_edge_queue_scheduler,3:storage_in,3,18->22,8889.800872000002,edge_capacity,2,8883.45,8891.85,8891.845453,2.0445809999982885,True,2,2
legacy_first16_buffer2,fifo_edge_queue_scheduler,2:storage_in,2,22->24,8892.845453,edge_capacity,1,8884.45,8894.85,8894.845453,2.0,True,2,2
legacy_first16_buffer2,fifo_edge_queue_scheduler,3:storage_in,3,22->24,8901.245453,edge_capacity,2,8894.85,8905.25,8905.245453,4.0,True,2,2
legacy_first16_buffer2,fifo_edge_queue_scheduler,2:storage_in,2,27->28,8908.845453,edge_capacity,1,8898.45,8909.25,8909.245453,0.3999999999996362,True,2,2
legacy_first16_buffer2,fifo_edge_queue_scheduler,3:storage_in,3,27->28,8919.245453,edge_capacity,2,8909.25,8920.05,8920.045452999999,0.7999999999992724,True,2,2
legacy_first16_buffer2,fifo_edge_queue_scheduler,5:storage_in,5,18->22,9477.815484,edge_capacity,4,9472.28,9480.68,9480.682986000002,2.867502000000968,True,2,2
legacy_first16_buffer2,fifo_edge_queue_scheduler,5:storage_in,5,22->24,9490.082986000001,edge_capacity,4,9481.68,9492.08,9492.082986000001,2.0,True,2,2
legacy_first16_buffer2,fifo_edge_queue_scheduler,5:storage_in,5,27->28,9506.082986000001,edge_capacity,4,9495.68,9506.48,9506.482986,0.3999999999996362,True,2,2
legacy_first16_buffer2,fifo_edge_queue_scheduler,10:storage_in,10,18->22,10094.37294,edge_capacity,9,10092.5,10100.9,10100.934140000001,6.561200000001918,True,2,2
legacy_first16_buffer2,fifo_edge_queue_scheduler,9:storage_in,9,22->24,10101.934140000001,edge_capacity,7,10092.5,10102.9,10102.88213,0.9479899999987538,True,2,2
legacy_first16_buffer2,fifo_edge_queue_scheduler,10:storage_in,10,22->24,10110.33414,edge_capacity,9,10102.9,10113.3,10113.28213,2.9479899999987538,True,2,2
legacy_first16_buffer2,fifo_edge_queue_scheduler,8:storage_in,8,27->28,10113.706480000003,edge_capacity,7,10106.5,10117.3,10117.28213,3.57564999999704,True,2,2
legacy_first16_buffer2,fifo_edge_queue_scheduler,9:storage_in,9,27->28,10118.88213,edge_capacity,8,10117.3,10128.1,10128.082129999999,9.199999999998909,True,2,2
legacy_first16_buffer2,fifo_edge_queue_scheduler,10:storage_in,10,27->28,10129.28213,edge_capacity,9,10128.1,10138.9,10138.882129999998,9.599999999998545,True,2,2
legacy_first16_buffer2,fifo_edge_queue_scheduler,14:storage_in,14,18->22,10679.68828,edge_capacity,13,10672.4,10680.8,10680.77885,1.090570000000298,True,2,2
legacy_first16_buffer2,fifo_edge_queue_scheduler,15:storage_in,15,18->22,10685.645400000001,edge_capacity,14,10680.8,10689.2,10689.17885,3.533449999998993,True,2,2
legacy_first16_buffer2,fifo_edge_queue_scheduler,14:storage_in,14,22->24,10690.17885,edge_capacity,13,10681.8,10692.2,10692.17885,2.0,True,2,2
legacy_first16_buffer2,fifo_edge_queue_scheduler,15:storage_in,15,22->24,10698.57885,edge_capacity,14,10692.2,10702.6,10702.57885,4.0,True,2,2
legacy_first16_buffer2,fifo_edge_queue_scheduler,14:storage_in,14,27->28,10706.17885,edge_capacity,13,10695.8,10706.6,10706.57885,0.3999999999996362,True,2,2
legacy_first16_buffer2,fifo_edge_queue_scheduler,15:storage_in,15,27->28,10716.57885,edge_capacity,14,10706.6,10717.4,10717.37885,0.7999999999992724,True,2,2
legacy_first16_buffer2,capacity_wait_budget_5s,2:storage_in,2,18->22,8882.216299,edge_capacity,1,8875.05,8883.45,8883.445453,1.2291540000005625,True,2,2
legacy_first16_buffer2,capacity_wait_budget_5s,3:storage_in,3,18->22,8889.800872000002,edge_capacity,2,8883.45,8891.85,8891.845453,2.0445809999982885,True,2,2
legacy_first16_buffer2,capacity_wait_budget_5s,2:storage_in,2,22->24,8892.845453,edge_capacity,1,8884.45,8894.85,8894.845453,2.0,True,2,2
legacy_first16_buffer2,capacity_wait_budget_5s,3:storage_in,3,22->24,8901.245453,edge_capacity,2,8894.85,8905.25,8905.245453,4.0,True,2,2
legacy_first16_buffer2,capacity_wait_budget_5s,2:storage_in,2,27->28,8908.845453,edge_capacity,1,8898.45,8909.25,8909.245453,0.3999999999996362,True,2,2
legacy_first16_buffer2,capacity_wait_budget_5s,3:storage_in,3,27->28,8919.245453,edge_capacity,2,8909.25,8920.05,8920.045452999999,0.7999999999992724,True,2,2
legacy_first16_buffer2,capacity_wait_budget_5s,5:storage_in,5,18->22,9477.815484,edge_capacity,4,9472.28,9480.68,9480.682986000002,2.867502000000968,True,2,2
legacy_first16_buffer2,capacity_wait_budget_5s,5:storage_in,5,22->24,9490.082986000001,edge_capacity,4,9481.68,9492.08,9492.082986000001,2.0,True,2,2
legacy_first16_buffer2,capacity_wait_budget_5s,5:storage_in,5,27->28,9506.082986000001,edge_capacity,4,9495.68,9506.48,9506.482986,0.3999999999996362,True,2,2
legacy_first16_buffer2,capacity_wait_budget_5s,10:storage_in,10,18->22,10094.37294,edge_capacity,9,10092.5,10100.9,10100.934140000001,6.561200000001918,True,2,2
legacy_first16_buffer2,capacity_wait_budget_5s,9:storage_in,9,22->24,10101.934140000001,edge_capacity,7,10092.5,10102.9,10102.88213,0.9479899999987538,True,2,2
legacy_first16_buffer2,capacity_wait_budget_5s,10:storage_in,10,22->24,10110.33414,edge_capacity,9,10102.9,10113.3,10113.28213,2.9479899999987538,True,2,2
legacy_first16_buffer2,capacity_wait_budget_5s,8:storage_in,8,27->28,10113.706480000003,edge_capacity,7,10106.5,10117.3,10117.28213,3.57564999999704,True,2,2
legacy_first16_buffer2,capacity_wait_budget_5s,9:storage_in,9,27->28,10118.88213,edge_capacity,8,10117.3,10128.1,10128.082129999999,9.199999999998909,True,2,2
legacy_first16_buffer2,capacity_wait_budget_5s,10:storage_in,10,27->28,10129.28213,edge_capacity,9,10128.1,10138.9,10138.882129999998,9.599999999998545,True,2,2
legacy_first16_buffer2,capacity_wait_budget_5s,14:storage_in,14,18->22,10679.68828,edge_capacity,13,10672.4,10680.8,10680.77885,1.090570000000298,True,2,2
legacy_first16_buffer2,capacity_wait_budget_5s,15:storage_in,15,18->22,10685.645400000001,edge_capacity,14,10680.8,10689.2,10689.17885,3.533449999998993,True,2,2
legacy_first16_buffer2,capacity_wait_budget_5s,14:storage_in,14,22->24,10690.17885,edge_capacity,13,10681.8,10692.2,10692.17885,2.0,True,2,2
legacy_first16_buffer2,capacity_wait_budget_5s,15:storage_in,15,22->24,10698.57885,edge_capacity,14,10692.2,10702.6,10702.57885,4.0,True,2,2
legacy_first16_buffer2,capacity_wait_budget_5s,14:storage_in,14,27->28,10706.17885,edge_capacity,13,10695.8,10706.6,10706.57885,0.3999999999996362,True,2,2
legacy_first16_buffer2,capacity_wait_budget_5s,15:storage_in,15,27->28,10716.57885,edge_capacity,14,10706.6,10717.4,10717.37885,0.7999999999992724,True,2,2
legacy_first16_buffer2,capacity_wait_budget_10s,2:storage_in,2,18->22,8882.216299,edge_capacity,1,8875.05,8883.45,8883.445453,1.2291540000005625,True,2,2
legacy_first16_buffer2,capacity_wait_budget_10s,3:storage_in,3,18->22,8889.800872000002,edge_capacity,2,8883.45,8891.85,8891.845453,2.0445809999982885,True,2,2
legacy_first16_buffer2,capacity_wait_budget_10s,2:storage_in,2,22->24,8892.845453,edge_capacity,1,8884.45,8894.85,8894.845453,2.0,True,2,2
legacy_first16_buffer2,capacity_wait_budget_10s,3:storage_in,3,22->24,8901.245453,edge_capacity,2,8894.85,8905.25,8905.245453,4.0,True,2,2
legacy_first16_buffer2,capacity_wait_budget_10s,2:storage_in,2,27->28,8908.845453,edge_capacity,1,8898.45,8909.25,8909.245453,0.3999999999996362,True,2,2
legacy_first16_buffer2,capacity_wait_budget_10s,3:storage_in,3,27->28,8919.245453,edge_capacity,2,8909.25,8920.05,8920.045452999999,0.7999999999992724,True,2,2
legacy_first16_buffer2,capacity_wait_budget_10s,5:storage_in,5,18->22,9477.815484,edge_capacity,4,9472.28,9480.68,9480.682986000002,2.867502000000968,True,2,2
legacy_first16_buffer2,capacity_wait_budget_10s,5:storage_in,5,22->24,9490.082986000001,edge_capacity,4,9481.68,9492.08,9492.082986000001,2.0,True,2,2
legacy_first16_buffer2,capacity_wait_budget_10s,5:storage_in,5,27->28,9506.082986000001,edge_capacity,4,9495.68,9506.48,9506.482986,0.3999999999996362,True,2,2
legacy_first16_buffer2,capacity_wait_budget_10s,10:storage_in,10,18->22,10094.37294,edge_capacity,9,10092.5,10100.9,10100.934140000001,6.561200000001918,True,2,2
legacy_first16_buffer2,capacity_wait_budget_10s,9:storage_in,9,22->24,10101.934140000001,edge_capacity,7,10092.5,10102.9,10102.88213,0.9479899999987538,True,2,2
legacy_first16_buffer2,capacity_wait_budget_10s,10:storage_in,10,22->24,10110.33414,edge_capacity,9,10102.9,10113.3,10113.28213,2.9479899999987538,True,2,2
legacy_first16_buffer2,capacity_wait_budget_10s,8:storage_in,8,27->28,10113.706480000003,edge_capacity,7,10106.5,10117.3,10117.28213,3.57564999999704,True,2,2
legacy_first16_buffer2,capacity_wait_budget_10s,9:storage_in,9,27->28,10118.88213,edge_capacity,8,10117.3,10128.1,10128.082129999999,9.199999999998909,True,2,2
legacy_first16_buffer2,capacity_wait_budget_10s,10:storage_in,10,27->28,10129.28213,edge_capacity,9,10128.1,10138.9,10138.882129999998,9.599999999998545,True,2,2
legacy_first16_buffer2,capacity_wait_budget_10s,14:storage_in,14,18->22,10679.68828,edge_capacity,13,10672.4,10680.8,10680.77885,1.090570000000298,True,2,2
legacy_first16_buffer2,capacity_wait_budget_10s,15:storage_in,15,18->22,10685.645400000001,edge_capacity,14,10680.8,10689.2,10689.17885,3.533449999998993,True,2,2
legacy_first16_buffer2,capacity_wait_budget_10s,14:storage_in,14,22->24,10690.17885,edge_capacity,13,10681.8,10692.2,10692.17885,2.0,True,2,2
legacy_first16_buffer2,capacity_wait_budget_10s,15:storage_in,15,22->24,10698.57885,edge_capacity,14,10692.2,10702.6,10702.57885,4.0,True,2,2
legacy_first16_buffer2,capacity_wait_budget_10s,14:storage_in,14,27->28,10706.17885,edge_capacity,13,10695.8,10706.6,10706.57885,0.3999999999996362,True,2,2
legacy_first16_buffer2,capacity_wait_budget_10s,15:storage_in,15,27->28,10716.57885,edge_capacity,14,10706.6,10717.4,10717.37885,0.7999999999992724,True,2,2
legacy_first16_buffer2,capacity_wait_budget_30s,2:storage_in,2,18->22,8882.216299,edge_capacity,1,8875.05,8883.45,8883.445453,1.2291540000005625,True,2,2
legacy_first16_buffer2,capacity_wait_budget_30s,3:storage_in,3,18->22,8889.800872000002,edge_capacity,2,8883.45,8891.85,8891.845453,2.0445809999982885,True,2,2
legacy_first16_buffer2,capacity_wait_budget_30s,2:storage_in,2,22->24,8892.845453,edge_capacity,1,8884.45,8894.85,8894.845453,2.0,True,2,2
legacy_first16_buffer2,capacity_wait_budget_30s,3:storage_in,3,22->24,8901.245453,edge_capacity,2,8894.85,8905.25,8905.245453,4.0,True,2,2
legacy_first16_buffer2,capacity_wait_budget_30s,2:storage_in,2,27->28,8908.845453,edge_capacity,1,8898.45,8909.25,8909.245453,0.3999999999996362,True,2,2
legacy_first16_buffer2,capacity_wait_budget_30s,3:storage_in,3,27->28,8919.245453,edge_capacity,2,8909.25,8920.05,8920.045452999999,0.7999999999992724,True,2,2
legacy_first16_buffer2,capacity_wait_budget_30s,5:storage_in,5,18->22,9477.815484,edge_capacity,4,9472.28,9480.68,9480.682986000002,2.867502000000968,True,2,2
legacy_first16_buffer2,capacity_wait_budget_30s,5:storage_in,5,22->24,9490.082986000001,edge_capacity,4,9481.68,9492.08,9492.082986000001,2.0,True,2,2
legacy_first16_buffer2,capacity_wait_budget_30s,5:storage_in,5,27->28,9506.082986000001,edge_capacity,4,9495.68,9506.48,9506.482986,0.3999999999996362,True,2,2
legacy_first16_buffer2,capacity_wait_budget_30s,10:storage_in,10,18->22,10094.37294,edge_capacity,9,10092.5,10100.9,10100.934140000001,6.561200000001918,True,2,2
legacy_first16_buffer2,capacity_wait_budget_30s,9:storage_in,9,22->24,10101.934140000001,edge_capacity,7,10092.5,10102.9,10102.88213,0.9479899999987538,True,2,2
legacy_first16_buffer2,capacity_wait_budget_30s,10:storage_in,10,22->24,10110.33414,edge_capacity,9,10102.9,10113.3,10113.28213,2.9479899999987538,True,2,2
legacy_first16_buffer2,capacity_wait_budget_30s,8:storage_in,8,27->28,10113.706480000003,edge_capacity,7,10106.5,10117.3,10117.28213,3.57564999999704,True,2,2
legacy_first16_buffer2,capacity_wait_budget_30s,9:storage_in,9,27->28,10118.88213,edge_capacity,8,10117.3,10128.1,10128.082129999999,9.199999999998909,True,2,2
legacy_first16_buffer2,capacity_wait_budget_30s,10:storage_in,10,27->28,10129.28213,edge_capacity,9,10128.1,10138.9,10138.882129999998,9.599999999998545,True,2,2
legacy_first16_buffer2,capacity_wait_budget_30s,14:storage_in,14,18->22,10679.68828,edge_capacity,13,10672.4,10680.8,10680.77885,1.090570000000298,True,2,2
legacy_first16_buffer2,capacity_wait_budget_30s,15:storage_in,15,18->22,10685.645400000001,edge_capacity,14,10680.8,10689.2,10689.17885,3.533449999998993,True,2,2
legacy_first16_buffer2,capacity_wait_budget_30s,14:storage_in,14,22->24,10690.17885,edge_capacity,13,10681.8,10692.2,10692.17885,2.0,True,2,2
legacy_first16_buffer2,capacity_wait_budget_30s,15:storage_in,15,22->24,10698.57885,edge_capacity,14,10692.2,10702.6,10702.57885,4.0,True,2,2
legacy_first16_buffer2,capacity_wait_budget_30s,14:storage_in,14,27->28,10706.17885,edge_capacity,13,10695.8,10706.6,10706.57885,0.3999999999996362,True,2,2
legacy_first16_buffer2,capacity_wait_budget_30s,15:storage_in,15,27->28,10716.57885,edge_capacity,14,10706.6,10717.4,10717.37885,0.7999999999992724,True,2,2
legacy_first16_buffer2,capacity_wait_budget_60s,2:storage_in,2,18->22,8882.216299,edge_capacity,1,8875.05,8883.45,8883.445453,1.2291540000005625,True,2,2
legacy_first16_buffer2,capacity_wait_budget_60s,3:storage_in,3,18->22,8889.800872000002,edge_capacity,2,8883.45,8891.85,8891.845453,2.0445809999982885,True,2,2
legacy_first16_buffer2,capacity_wait_budget_60s,2:storage_in,2,22->24,8892.845453,edge_capacity,1,8884.45,8894.85,8894.845453,2.0,True,2,2
legacy_first16_buffer2,capacity_wait_budget_60s,3:storage_in,3,22->24,8901.245453,edge_capacity,2,8894.85,8905.25,8905.245453,4.0,True,2,2
legacy_first16_buffer2,capacity_wait_budget_60s,2:storage_in,2,27->28,8908.845453,edge_capacity,1,8898.45,8909.25,8909.245453,0.3999999999996362,True,2,2
legacy_first16_buffer2,capacity_wait_budget_60s,3:storage_in,3,27->28,8919.245453,edge_capacity,2,8909.25,8920.05,8920.045452999999,0.7999999999992724,True,2,2
legacy_first16_buffer2,capacity_wait_budget_60s,5:storage_in,5,18->22,9477.815484,edge_capacity,4,9472.28,9480.68,9480.682986000002,2.867502000000968,True,2,2
legacy_first16_buffer2,capacity_wait_budget_60s,5:storage_in,5,22->24,9490.082986000001,edge_capacity,4,9481.68,9492.08,9492.082986000001,2.0,True,2,2
legacy_first16_buffer2,capacity_wait_budget_60s,5:storage_in,5,27->28,9506.082986000001,edge_capacity,4,9495.68,9506.48,9506.482986,0.3999999999996362,True,2,2
legacy_first16_buffer2,capacity_wait_budget_60s,10:storage_in,10,18->22,10094.37294,edge_capacity,9,10092.5,10100.9,10100.934140000001,6.561200000001918,True,2,2
legacy_first16_buffer2,capacity_wait_budget_60s,9:storage_in,9,22->24,10101.934140000001,edge_capacity,7,10092.5,10102.9,10102.88213,0.9479899999987538,True,2,2
legacy_first16_buffer2,capacity_wait_budget_60s,10:storage_in,10,22->24,10110.33414,edge_capacity,9,10102.9,10113.3,10113.28213,2.9479899999987538,True,2,2
legacy_first16_buffer2,capacity_wait_budget_60s,8:storage_in,8,27->28,10113.706480000003,edge_capacity,7,10106.5,10117.3,10117.28213,3.57564999999704,True,2,2
legacy_first16_buffer2,capacity_wait_budget_60s,9:storage_in,9,27->28,10118.88213,edge_capacity,8,10117.3,10128.1,10128.082129999999,9.199999999998909,True,2,2
legacy_first16_buffer2,capacity_wait_budget_60s,10:storage_in,10,27->28,10129.28213,edge_capacity,9,10128.1,10138.9,10138.882129999998,9.599999999998545,True,2,2
legacy_first16_buffer2,capacity_wait_budget_60s,14:storage_in,14,18->22,10679.68828,edge_capacity,13,10672.4,10680.8,10680.77885,1.090570000000298,True,2,2
legacy_first16_buffer2,capacity_wait_budget_60s,15:storage_in,15,18->22,10685.645400000001,edge_capacity,14,10680.8,10689.2,10689.17885,3.533449999998993,True,2,2
legacy_first16_buffer2,capacity_wait_budget_60s,14:storage_in,14,22->24,10690.17885,edge_capacity,13,10681.8,10692.2,10692.17885,2.0,True,2,2
legacy_first16_buffer2,capacity_wait_budget_60s,15:storage_in,15,22->24,10698.57885,edge_capacity,14,10692.2,10702.6,10702.57885,4.0,True,2,2
legacy_first16_buffer2,capacity_wait_budget_60s,14:storage_in,14,27->28,10706.17885,edge_capacity,13,10695.8,10706.6,10706.57885,0.3999999999996362,True,2,2
legacy_first16_buffer2,capacity_wait_budget_60s,15:storage_in,15,27->28,10716.57885,edge_capacity,14,10706.6,10717.4,10717.37885,0.7999999999992724,True,2,2
legacy_first16_buffer2,hybrid_executable_teacher,2:storage_in,2,18->22,8882.216299,edge_capacity,1,8875.05,8883.45,8883.445453,1.2291540000005625,True,2,2
legacy_first16_buffer2,hybrid_executable_teacher,3:storage_in,3,18->22,8889.800872000002,edge_capacity,2,8883.45,8891.85,8891.845453,2.0445809999982885,True,2,2
legacy_first16_buffer2,hybrid_executable_teacher,2:storage_in,2,22->24,8892.845453,edge_capacity,1,8884.45,8894.85,8894.845453,2.0,True,2,2
legacy_first16_buffer2,hybrid_executable_teacher,3:storage_in,3,22->24,8901.245453,edge_capacity,2,8894.85,8905.25,8905.245453,4.0,True,2,2
legacy_first16_buffer2,hybrid_executable_teacher,2:storage_in,2,27->28,8908.845453,edge_capacity,1,8898.45,8909.25,8909.245453,0.3999999999996362,True,2,2
legacy_first16_buffer2,hybrid_executable_teacher,3:storage_in,3,27->28,8919.245453,edge_capacity,2,8909.25,8920.05,8920.045452999999,0.7999999999992724,True,2,2
legacy_first16_buffer2,hybrid_executable_teacher,5:storage_in,5,18->22,9477.815484,edge_capacity,4,9472.28,9480.68,9480.682986000002,2.867502000000968,True,2,2
legacy_first16_buffer2,hybrid_executable_teacher,5:storage_in,5,22->24,9490.082986000001,edge_capacity,4,9481.68,9492.08,9492.082986000001,2.0,True,2,2
legacy_first16_buffer2,hybrid_executable_teacher,5:storage_in,5,27->28,9506.082986000001,edge_capacity,4,9495.68,9506.48,9506.482986,0.3999999999996362,True,2,2
legacy_first16_buffer2,hybrid_executable_teacher,10:storage_in,10,18->22,10094.37294,edge_capacity,9,10092.5,10100.9,10100.934140000001,6.561200000001918,True,2,2
legacy_first16_buffer2,hybrid_executable_teacher,9:storage_in,9,22->24,10101.934140000001,edge_capacity,7,10092.5,10102.9,10102.88213,0.9479899999987538,True,2,2
legacy_first16_buffer2,hybrid_executable_teacher,10:storage_in,10,22->24,10110.33414,edge_capacity,9,10102.9,10113.3,10113.28213,2.9479899999987538,True,2,2
legacy_first16_buffer2,hybrid_executable_teacher,8:storage_in,8,27->28,10113.706480000003,edge_capacity,7,10106.5,10117.3,10117.28213,3.57564999999704,True,2,2
legacy_first16_buffer2,hybrid_executable_teacher,9:storage_in,9,27->28,10118.88213,edge_capacity,8,10117.3,10128.1,10128.082129999999,9.199999999998909,True,2,2
legacy_first16_buffer2,hybrid_executable_teacher,10:storage_in,10,27->28,10129.28213,edge_capacity,9,10128.1,10138.9,10138.882129999998,9.599999999998545,True,2,2
legacy_first16_buffer2,hybrid_executable_teacher,14:storage_in,14,18->22,10679.68828,edge_capacity,13,10672.4,10680.8,10680.77885,1.090570000000298,True,2,2
legacy_first16_buffer2,hybrid_executable_teacher,15:storage_in,15,18->22,10685.645400000001,edge_capacity,14,10680.8,10689.2,10689.17885,3.533449999998993,True,2,2
legacy_first16_buffer2,hybrid_executable_teacher,14:storage_in,14,22->24,10690.17885,edge_capacity,13,10681.8,10692.2,10692.17885,2.0,True,2,2
legacy_first16_buffer2,hybrid_executable_teacher,15:storage_in,15,22->24,10698.57885,edge_capacity,14,10692.2,10702.6,10702.57885,4.0,True,2,2
legacy_first16_buffer2,hybrid_executable_teacher,14:storage_in,14,27->28,10706.17885,edge_capacity,13,10695.8,10706.6,10706.57885,0.3999999999996362,True,2,2
legacy_first16_buffer2,hybrid_executable_teacher,15:storage_in,15,27->28,10716.57885,edge_capacity,14,10706.6,10717.4,10717.37885,0.7999999999992724,True,2,2
legacy_first32,g3d_reroute_anchor,2:storage_in,2,18->22,8882.216299,edge_capacity,1,8875.05,8883.45,8883.445453,1.2291540000005625,True,2,2
legacy_first32,g3d_reroute_anchor,2:storage_in,2,18->22,8883.216299,edge_capacity,1,8875.05,8883.45,8883.445453,0.22915400000056252,True,2,2
legacy_first32,g3d_reroute_anchor,3:storage_in,3,18->22,8889.800872000002,edge_capacity,2,8884.22,8892.62,8892.616299,2.815426999997726,True,2,2
legacy_first32,g3d_reroute_anchor,3:storage_in,3,18->22,8890.800872000002,edge_capacity,2,8884.22,8892.62,8892.616299,1.815426999997726,True,2,2
legacy_first32,g3d_reroute_anchor,3:storage_in,3,18->22,8891.800872000002,edge_capacity,2,8884.22,8892.62,8892.616299,0.8154269999977259,True,2,2
legacy_first32,g3d_reroute_anchor,2:storage_in,2,22->24,8893.616299,edge_capacity,1,8884.45,8894.85,8894.845453,1.2291540000005625,True,2,2
legacy_first32,g3d_reroute_anchor,5:storage_in,5,18->22,9477.815484,edge_capacity,4,9472.28,9480.68,9480.682986000002,2.867502000000968,True,2,2
legacy_first32,g3d_reroute_anchor,5:storage_in,5,18->22,9478.815484,edge_capacity,4,9472.28,9480.68,9480.682986000002,1.867502000000968,True,2,2
legacy_first32,g3d_reroute_anchor,5:storage_in,5,18->22,9479.815484,edge_capacity,4,9472.28,9480.68,9480.682986000002,0.8675020000009681,True,2,2
legacy_first32,g3d_reroute_anchor,5:storage_in,5,22->24,9490.215484,edge_capacity,4,9481.68,9492.08,9492.082986000001,1.867502000000968,True,2,2
legacy_first32,g3d_reroute_anchor,10:storage_in,10,18->22,10094.37294,edge_capacity,9,10092.5,10100.9,10100.934140000001,6.561200000001918,True,2,2
legacy_first32,g3d_reroute_anchor,10:storage_in,10,18->22,10095.37294,edge_capacity,9,10092.5,10100.9,10100.934140000001,5.561200000001918,True,2,2
legacy_first32,g3d_reroute_anchor,10:storage_in,10,18->22,10096.37294,edge_capacity,9,10092.5,10100.9,10100.934140000001,4.561200000001918,True,2,2
legacy_first32,g3d_reroute_anchor,10:storage_in,10,18->22,10097.37294,edge_capacity,9,10092.5,10100.9,10100.934140000001,3.561200000001918,True,2,2
legacy_first32,g3d_reroute_anchor,10:storage_in,10,18->22,10098.37294,edge_capacity,9,10092.5,10100.9,10100.934140000001,2.561200000001918,True,2,2
legacy_first32,g3d_reroute_anchor,10:storage_in,10,18->22,10099.37294,edge_capacity,9,10092.5,10100.9,10100.934140000001,1.561200000001918,True,2,2
legacy_first32,g3d_reroute_anchor,10:storage_in,10,18->22,10100.37294,edge_capacity,9,10092.5,10100.9,10100.934140000001,0.5612000000019179,True,2,2
legacy_first32,g3d_reroute_anchor,9:storage_in,9,22->24,10101.934140000001,edge_capacity,7,10092.5,10102.9,10102.88213,0.9479899999987538,True,2,2
legacy_first32,g3d_reroute_anchor,8:storage_in,8,27->28,10113.706480000003,edge_capacity,7,10106.5,10117.3,10117.28213,3.57564999999704,True,2,2
legacy_first32,g3d_reroute_anchor,8:storage_in,8,27->28,10114.706480000003,edge_capacity,7,10106.5,10117.3,10117.28213,2.57564999999704,True,2,2
legacy_first32,g3d_reroute_anchor,8:storage_in,8,27->28,10115.706480000003,edge_capacity,7,10106.5,10117.3,10117.28213,1.5756499999970401,True,2,2
legacy_first32,g3d_reroute_anchor,8:storage_in,8,27->28,10116.706480000003,edge_capacity,7,10106.5,10117.3,10117.28213,0.5756499999970401,True,2,2
legacy_first32,g3d_reroute_anchor,10:storage_in,10,24->27,10122.172939999999,edge_capacity,11,10121,10122.6,10122.639820000002,0.46688000000358443,True,2,2
legacy_first32,g3d_reroute_anchor,11:storage_in,11,27->28,10123.639820000002,edge_capacity,8,10117.7,10128.5,,,False,2,2
legacy_first32,g3d_reroute_anchor,11:storage_in,11,27->28,10124.639820000002,edge_capacity,8,10117.7,10128.5,,,False,2,2
legacy_first32,g3d_reroute_anchor,10:storage_in,10,27->28,10125.772939999999,edge_capacity,8,10117.7,10128.5,10128.506480000002,2.733540000002904,True,2,2
legacy_first32,g3d_reroute_anchor,10:storage_in,10,27->28,10126.772939999999,edge_capacity,8,10117.7,10128.5,10128.506480000002,1.733540000002904,True,2,2
legacy_first32,g3d_reroute_anchor,10:storage_in,10,27->28,10127.772939999999,edge_capacity,8,10117.7,10128.5,10128.506480000002,0.733540000002904,True,2,2
legacy_first32,g3d_reroute_anchor,14:storage_in,14,18->22,10679.68828,edge_capacity,13,10672.4,10680.8,10680.77885,1.090570000000298,True,2,2
legacy_first32,g3d_reroute_anchor,14:storage_in,14,18->22,10680.68828,edge_capacity,13,10672.4,10680.8,10680.77885,0.09057000000029802,True,2,2
legacy_first32,g3d_reroute_anchor,15:storage_in,15,18->22,10685.645400000001,edge_capacity,14,10681.7,10690.1,10690.08828,4.442879999998695,True,2,2
legacy_first32,g3d_reroute_anchor,15:storage_in,15,18->22,10686.645400000001,edge_capacity,14,10681.7,10690.1,10690.08828,3.442879999998695,True,2,2
legacy_first32,g3d_reroute_anchor,15:storage_in,15,18->22,10687.645400000001,edge_capacity,14,10681.7,10690.1,10690.08828,2.442879999998695,True,2,2
legacy_first32,g3d_reroute_anchor,15:storage_in,15,18->22,10688.645400000001,edge_capacity,14,10681.7,10690.1,,,False,2,2
legacy_first32,g3d_reroute_anchor,15:storage_in,15,18->22,10689.645400000001,edge_capacity,14,10681.7,10690.1,,,False,2,2
legacy_first32,g3d_reroute_anchor,14:storage_in,14,22->24,10691.08828,edge_capacity,13,10681.8,10692.2,10692.17885,1.090570000000298,True,2,2
legacy_first32,g3d_reroute_anchor,19:storage_in,19,8->11,10695.21115,edge_capacity,17,10692.5,10695.7,10695.67782,0.4666700000016135,True,2,2
legacy_first32,g3d_reroute_anchor,20:storage_in,20,18->22,10697.90327,edge_capacity,16,10690.9,10699.3,10699.259530000001,1.356260000000475,True,2,2
legacy_first32,g3d_reroute_anchor,20:storage_in,20,18->22,10698.90327,edge_capacity,16,10690.9,10699.3,10699.259530000001,0.356260000000475,True,2,2
legacy_first32,g3d_reroute_anchor,19:storage_in,19,11->13,10700.41115,edge_capacity,17,10696.7,10707.9,10707.877820000002,7.4666700000016135,True,2,2
legacy_first32,g3d_reroute_anchor,21:storage_in,21,11->13,10704.639770000002,edge_capacity,17,10696.7,10707.9,10707.877820000002,3.23804999999993,True,2,2
legacy_first32,g3d_reroute_anchor,21:storage_in,21,11->13,10705.639770000002,edge_capacity,17,10696.7,10707.9,10707.877820000002,2.23804999999993,True,2,2
legacy_first32,g3d_reroute_anchor,21:storage_in,21,11->13,10706.639770000002,edge_capacity,17,10696.7,10707.9,10707.877820000002,1.2380499999999302,True,2,2
legacy_first32,g3d_reroute_anchor,21:storage_in,21,11->13,10707.639770000002,edge_capacity,17,10696.7,10707.9,10707.877820000002,0.23804999999993015,True,2,2
legacy_first32,g3d_reroute_anchor,17:storage_in,17,13->23,10708.877820000002,edge_capacity,18,10706.3,10709.5,10709.506470000002,0.6286500000005617,True,2,2
legacy_first32,g3d_reroute_anchor,20:storage_in,20,22->24,10709.30327,edge_capacity,16,10700.3,10710.7,10710.65953,1.356260000000475,True,2,2
legacy_first32,g3d_reroute_anchor,18:storage_in,18,24->27,10713.106470000002,edge_capacity,16,10711.7,10713.3,10713.259530000001,0.15305999999873166,True,2,2
legacy_first32,g3d_reroute_anchor,18:storage_in,18,27->28,10716.706470000003,edge_capacity,16,10714.3,10725.1,,,False,2,2
legacy_first32,g3d_reroute_anchor,19:storage_in,19,46->36,10716.81115,edge_capacity,14,10710.9,10725.7,10725.68828,8.877130000000761,True,2,2
legacy_first32,g3d_reroute_anchor,18:storage_in,18,27->28,10717.706470000003,edge_capacity,16,10714.3,10725.1,,,False,2,2
legacy_first32,g3d_reroute_anchor,19:storage_in,19,46->36,10717.81115,edge_capacity,14,10710.9,10725.7,10725.68828,7.877130000000761,True,2,2
legacy_first32,g3d_reroute_anchor,19:storage_in,19,46->36,10718.81115,edge_capacity,14,10710.9,10725.7,10725.68828,6.877130000000761,True,2,2
legacy_first32,g3d_reroute_anchor,17:storage_in,17,27->28,10719.277820000003,edge_capacity,16,10714.3,10725.1,10725.05953,5.781709999997474,True,2,2
legacy_first32,g3d_reroute_anchor,19:storage_in,19,46->36,10719.81115,edge_capacity,14,10710.9,10725.7,10725.68828,5.877130000000761,True,2,2
legacy_first32,g3d_reroute_anchor,17:storage_in,17,27->28,10720.277820000003,edge_capacity,16,10714.3,10725.1,10725.05953,4.781709999997474,True,2,2
legacy_first32,g3d_reroute_anchor,19:storage_in,19,46->36,10720.81115,edge_capacity,14,10710.9,10725.7,10725.68828,4.877130000000761,True,2,2
legacy_first32,g3d_reroute_anchor,17:storage_in,17,27->28,10721.277820000003,edge_capacity,16,10714.3,10725.1,10725.05953,3.7817099999974744,True,2,2
legacy_first32,g3d_reroute_anchor,19:storage_in,19,46->36,10721.81115,edge_capacity,14,10710.9,10725.7,10725.68828,3.8771300000007614,True,2,2
legacy_first32,g3d_reroute_anchor,17:storage_in,17,27->28,10722.277820000003,edge_capacity,16,10714.3,10725.1,10725.05953,2.7817099999974744,True,2,2
legacy_first32,g3d_reroute_anchor,19:storage_in,19,46->36,10722.81115,edge_capacity,14,10710.9,10725.7,10725.68828,2.8771300000007614,True,2,2
legacy_first32,g3d_reroute_anchor,17:storage_in,17,27->28,10723.277820000003,edge_capacity,16,10714.3,10725.1,10725.05953,1.7817099999974744,True,2,2
legacy_first32,g3d_reroute_anchor,19:storage_in,19,46->36,10723.81115,edge_capacity,14,10710.9,10725.7,10725.68828,1.8771300000007614,True,2,2
legacy_first32,g3d_reroute_anchor,17:storage_in,17,27->28,10724.277820000003,edge_capacity,16,10714.3,10725.1,10725.05953,0.7817099999974744,True,2,2
legacy_first32,g3d_reroute_anchor,19:storage_in,19,46->36,10724.81115,edge_capacity,14,10710.9,10725.7,10725.68828,0.8771300000007614,True,2,2
legacy_first32,g3d_reroute_anchor,20:storage_in,20,46->36,10729.103270000001,edge_capacity,19,10725.8,10740.6,10740.611149999999,11.507879999997385,True,2,2
legacy_first32,g3d_reroute_anchor,20:storage_in,20,46->36,10730.103270000001,edge_capacity,19,10725.8,10740.6,10740.611149999999,10.507879999997385,True,2,2
legacy_first32,g3d_reroute_anchor,21:storage_in,21,27->28,10730.239770000004,edge_capacity,17,10725.3,10736.1,10736.077820000002,5.838049999998475,True,2,2
legacy_first32,g3d_reroute_anchor,20:storage_in,20,46->36,10731.103270000001,edge_capacity,19,10725.8,10740.6,10740.611149999999,9.507879999997385,True,2,2
legacy_first32,g3d_reroute_anchor,21:storage_in,21,27->28,10731.239770000004,edge_capacity,17,10725.3,10736.1,10736.077820000002,4.838049999998475,True,2,2
legacy_first32,g3d_reroute_anchor,20:storage_in,20,46->36,10732.103270000001,edge_capacity,19,10725.8,10740.6,10740.611149999999,8.507879999997385,True,2,2
legacy_first32,g3d_reroute_anchor,21:storage_in,21,27->28,10732.239770000004,edge_capacity,17,10725.3,10736.1,10736.077820000002,3.838049999998475,True,2,2
legacy_first32,g3d_reroute_anchor,20:storage_in,20,46->36,10733.103270000001,edge_capacity,19,10725.8,10740.6,10740.611149999999,7.507879999997385,True,2,2
legacy_first32,g3d_reroute_anchor,21:storage_in,21,27->28,10733.239770000004,edge_capacity,17,10725.3,10736.1,10736.077820000002,2.838049999998475,True,2,2
legacy_first32,g3d_reroute_anchor,20:storage_in,20,46->36,10734.103270000001,edge_capacity,19,10725.8,10740.6,10740.611149999999,6.507879999997385,True,2,2
legacy_first32,g3d_reroute_anchor,21:storage_in,21,27->28,10734.239770000004,edge_capacity,17,10725.3,10736.1,10736.077820000002,1.838049999998475,True,2,2
legacy_first32,g3d_reroute_anchor,20:storage_in,20,46->36,10735.103270000001,edge_capacity,19,10725.8,10740.6,10740.611149999999,5.507879999997385,True,2,2
legacy_first32,g3d_reroute_anchor,21:storage_in,21,27->28,10735.239770000004,edge_capacity,17,10725.3,10736.1,10736.077820000002,0.838049999998475,True,2,2
legacy_first32,g3d_reroute_anchor,20:storage_in,20,46->36,10736.103270000001,edge_capacity,19,10725.8,10740.6,10740.611149999999,4.507879999997385,True,2,2
legacy_first32,g3d_reroute_anchor,20:storage_in,20,46->36,10737.103270000001,edge_capacity,19,10725.8,10740.6,10740.611149999999,3.5078799999973853,True,2,2
legacy_first32,g3d_reroute_anchor,20:storage_in,20,46->36,10738.103270000001,edge_capacity,19,10725.8,10740.6,10740.611149999999,2.5078799999973853,True,2,2
legacy_first32,g3d_reroute_anchor,20:storage_in,20,46->36,10739.103270000001,edge_capacity,19,10725.8,10740.6,10740.611149999999,1.5078799999973853,True,2,2
legacy_first32,g3d_reroute_anchor,20:storage_in,20,46->36,10740.103270000001,edge_capacity,19,10725.8,10740.6,10740.611149999999,0.5078799999973853,True,2,2
legacy_first32,g3d_reroute_anchor,24:storage_in,24,18->22,11264.28296,edge_capacity,23,11258.2,11266.6,11266.64541,2.3624499999987165,True,2,2
legacy_first32,g3d_reroute_anchor,24:storage_in,24,18->22,11265.28296,edge_capacity,23,11258.2,11266.6,11266.64541,1.3624499999987165,True,2,2
legacy_first32,g3d_reroute_anchor,24:storage_in,24,18->22,11266.28296,edge_capacity,23,11258.2,11266.6,11266.64541,0.3624499999987165,True,2,2
legacy_first32,g3d_reroute_anchor,26:storage_in,26,4->17,11269.33434,edge_capacity,25,11267.8,11271.4,11271.416360000001,2.0820200000016484,True,2,2
legacy_first32,g3d_reroute_anchor,26:storage_in,26,4->17,11270.33434,edge_capacity,25,11267.8,11271.4,11271.416360000001,1.0820200000016484,True,2,2
legacy_first32,g3d_reroute_anchor,26:storage_in,26,4->17,11271.33434,edge_capacity,25,11267.8,11271.4,11271.416360000001,0.08202000000164844,True,2,2
legacy_first32,g3d_reroute_anchor,25:storage_in,25,18->22,11275.016360000001,edge_capacity,24,11267.3,11275.7,11275.68296,0.6665999999986525,True,2,2
legacy_first32,g3d_reroute_anchor,24:storage_in,24,22->24,11276.68296,edge_capacity,23,11267.6,11278,11278.045409999999,1.3624499999987165,True,2,2
legacy_first32,g3d_reroute_anchor,26:storage_in,26,18->22,11279.53434,edge_capacity,27,11276.9,11285.3,,,False,2,2
legacy_first32,g3d_reroute_anchor,30:storage_in,30,18->22,11281.06746,edge_capacity,27,11276.9,11285.3,,,False,2,2
legacy_first32,g3d_reroute_anchor,28:storage_in,28,18->22,11282.949590000002,edge_capacity,27,11276.9,11285.3,11285.31203,2.36243999999715,True,2,2
legacy_first32,g3d_reroute_anchor,28:storage_in,28,18->22,11283.949590000002,edge_capacity,27,11276.9,11285.3,11285.31203,1.3624399999971502,True,2,2
legacy_first32,g3d_reroute_anchor,28:storage_in,28,18->22,11284.949590000002,edge_capacity,27,11276.9,11285.3,11285.31203,0.36243999999715015,True,2,2
legacy_first32,g3d_reroute_anchor,28:storage_in,28,22->24,11295.349590000002,edge_capacity,27,11286.3,11296.7,11296.712029999999,1.3624399999971502,True,2,2
legacy_first32,g3d_reroute_anchor,29:storage_in,29,27->28,11303.039820000002,edge_capacity,27,11300.3,11311.1,11311.112029999998,8.07220999999663,True,2,2
legacy_first32,g3d_reroute_anchor,29:storage_in,29,27->28,11304.039820000002,edge_capacity,27,11300.3,11311.1,11311.112029999998,7.07220999999663,True,2,2
legacy_first32,g3d_reroute_anchor,29:storage_in,29,27->28,11305.039820000002,edge_capacity,27,11300.3,11311.1,11311.112029999998,6.07220999999663,True,2,2
legacy_first32,g3d_reroute_anchor,29:storage_in,29,27->28,11306.039820000002,edge_capacity,27,11300.3,11311.1,11311.112029999998,5.07220999999663,True,2,2
legacy_first32,g3d_reroute_anchor,29:storage_in,29,27->28,11307.039820000002,edge_capacity,27,11300.3,11311.1,11311.112029999998,4.07220999999663,True,2,2
legacy_first32,g3d_reroute_anchor,29:storage_in,29,27->28,11308.039820000002,edge_capacity,27,11300.3,11311.1,,,False,2,2
legacy_first32,g3d_reroute_anchor,29:storage_in,29,27->28,11309.039820000002,edge_capacity,27,11300.3,11311.1,,,False,2,2
legacy_first32,g3d_reroute_anchor,31:storage_in,31,27->28,11310.344480000003,edge_capacity,27,11300.3,11311.1,11311.112029999998,0.7675499999950262,True,2,2
legacy_first32,edge_release_wait_scheduler,2:storage_in,2,18->22,8882.216299,edge_capacity,1,8875.05,8883.45,8883.445453,1.2291540000005625,True,2,2
legacy_first32,edge_release_wait_scheduler,3:storage_in,3,18->22,8889.800872000002,edge_capacity,2,8883.45,8891.85,8891.845453,2.0445809999982885,True,2,2
legacy_first32,edge_release_wait_scheduler,2:storage_in,2,22->24,8892.845453,edge_capacity,1,8884.45,8894.85,8894.845453,2.0,True,2,2
legacy_first32,edge_release_wait_scheduler,3:storage_in,3,22->24,8901.245453,edge_capacity,2,8894.85,8905.25,8905.245453,4.0,True,2,2
legacy_first32,edge_release_wait_scheduler,2:storage_in,2,27->28,8908.845453,edge_capacity,1,8898.45,8909.25,8909.245453,0.3999999999996362,True,2,2
legacy_first32,edge_release_wait_scheduler,3:storage_in,3,27->28,8919.245453,edge_capacity,2,8909.25,8920.05,8920.045452999999,0.7999999999992724,True,2,2
legacy_first32,edge_release_wait_scheduler,5:storage_in,5,18->22,9477.815484,edge_capacity,4,9472.28,9480.68,9480.682986000002,2.867502000000968,True,2,2
legacy_first32,edge_release_wait_scheduler,5:storage_in,5,22->24,9490.082986000001,edge_capacity,4,9481.68,9492.08,9492.082986000001,2.0,True,2,2
legacy_first32,edge_release_wait_scheduler,5:storage_in,5,27->28,9506.082986000001,edge_capacity,4,9495.68,9506.48,9506.482986,0.3999999999996362,True,2,2
legacy_first32,edge_release_wait_scheduler,10:storage_in,10,18->22,10094.37294,edge_capacity,9,10092.5,10100.9,10100.934140000001,6.561200000001918,True,2,2
legacy_first32,edge_release_wait_scheduler,9:storage_in,9,22->24,10101.934140000001,edge_capacity,7,10092.5,10102.9,10102.88213,0.9479899999987538,True,2,2
legacy_first32,edge_release_wait_scheduler,10:storage_in,10,22->24,10110.33414,edge_capacity,9,10102.9,10113.3,10113.28213,2.9479899999987538,True,2,2
legacy_first32,edge_release_wait_scheduler,8:storage_in,8,27->28,10113.706480000003,edge_capacity,7,10106.5,10117.3,10117.28213,3.57564999999704,True,2,2
legacy_first32,edge_release_wait_scheduler,9:storage_in,9,27->28,10118.88213,edge_capacity,8,10117.3,10128.1,10128.082129999999,9.199999999998909,True,2,2
legacy_first32,edge_release_wait_scheduler,10:storage_in,10,27->28,10129.28213,edge_capacity,9,10128.1,10138.9,10138.882129999998,9.599999999998545,True,2,2
legacy_first32,edge_release_wait_scheduler,14:storage_in,14,18->22,10679.68828,edge_capacity,13,10672.4,10680.8,10680.77885,1.090570000000298,True,2,2
legacy_first32,edge_release_wait_scheduler,15:storage_in,15,18->22,10685.645400000001,edge_capacity,14,10680.8,10689.2,10689.17885,3.533449999998993,True,2,2
legacy_first32,edge_release_wait_scheduler,14:storage_in,14,22->24,10690.17885,edge_capacity,13,10681.8,10692.2,10692.17885,2.0,True,2,2
legacy_first32,edge_release_wait_scheduler,16:storage_in,16,18->22,10690.859530000002,edge_capacity,15,10689.2,10697.6,10697.57885,6.7193199999983335,True,2,2
legacy_first32,edge_release_wait_scheduler,19:storage_in,19,8->11,10695.21115,edge_capacity,17,10692.5,10695.7,10695.67782,0.4666700000016135,True,2,2
legacy_first32,edge_release_wait_scheduler,15:storage_in,15,22->24,10698.57885,edge_capacity,14,10692.2,10702.6,10702.57885,4.0,True,2,2
legacy_first32,edge_release_wait_scheduler,20:storage_in,20,18->22,10698.90327,edge_capacity,16,10697.6,10706,10705.97885,7.0755799999988085,True,2,2
legacy_first32,edge_release_wait_scheduler,19:storage_in,19,11->13,10699.877820000002,edge_capacity,17,10696.7,10707.9,10707.877820000002,8.0,True,2,2
legacy_first32,edge_release_wait_scheduler,14:storage_in,14,27->28,10706.17885,edge_capacity,13,10695.8,10706.6,10706.57885,0.3999999999996362,True,2,2
legacy_first32,edge_release_wait_scheduler,16:storage_in,16,22->24,10706.97885,edge_capacity,15,10702.6,10713,10712.97885,6.0,True,2,2
legacy_first32,edge_release_wait_scheduler,21:storage_in,21,11->13,10709.639770000002,edge_capacity,19,10707.9,10719.1,10719.077820000002,9.438050000000658,True,2,2
legacy_first32,edge_release_wait_scheduler,18:storage_in,18,27->28,10713.706470000003,edge_capacity,14,10706.6,10717.4,10717.37885,3.6723799999963376,True,2,2
legacy_first32,edge_release_wait_scheduler,20:storage_in,20,22->24,10715.37885,edge_capacity,16,10713,10723.4,10723.37885,8.0,True,2,2
legacy_first32,edge_release_wait_scheduler,17:storage_in,17,27->28,10719.277820000003,edge_capacity,18,10717.4,10728.2,10728.178849999998,8.901029999995444,True,2,2
legacy_first32,edge_release_wait_scheduler,19:storage_in,19,27->28,10729.477820000004,edge_capacity,17,10728.2,10739,10738.978849999998,9.501029999993989,True,2,2
legacy_first32,edge_release_wait_scheduler,21:storage_in,21,27->28,10740.677820000004,edge_capacity,19,10739,10749.8,10749.778849999997,9.101029999992534,True,2,2
legacy_first32,edge_release_wait_scheduler,24:storage_in,24,18->22,11264.28296,edge_capacity,23,11258.2,11266.6,11266.64541,2.3624499999987165,True,2,2
legacy_first32,edge_release_wait_scheduler,26:storage_in,26,4->17,11269.33434,edge_capacity,25,11267.8,11271.4,11271.416360000001,2.0820200000016484,True,2,2
legacy_first32,edge_release_wait_scheduler,25:storage_in,25,18->22,11275.016360000001,edge_capacity,24,11266.6,11275,11275.045409999999,0.029049999997369014,True,2,2
legacy_first32,edge_release_wait_scheduler,24:storage_in,24,22->24,11276.045409999999,edge_capacity,23,11267.6,11278,11278.045409999999,2.0,True,2,2
legacy_first32,edge_release_wait_scheduler,27:storage_in,27,18->22,11276.91203,edge_capacity,25,11275,11283.4,,,False,2,2
legacy_first32,edge_release_wait_scheduler,26:storage_in,26,18->22,11278.616360000002,edge_capacity,25,11275,11283.4,,,False,2,2
legacy_first32,edge_release_wait_scheduler,26:storage_in,26,18->22,11279.616360000002,edge_capacity,25,11275,11283.4,,,False,2,2
legacy_first32,edge_release_wait_scheduler,30:storage_in,30,18->22,11281.06746,edge_capacity,25,11275,11283.4,,,False,2,2
legacy_first32,edge_release_wait_scheduler,28:storage_in,28,18->22,11282.949590000002,edge_capacity,25,11275,11283.4,11283.445409999998,0.4958199999964563,True,2,2
legacy_first32,edge_release_wait_scheduler,25:storage_in,25,22->24,11284.445409999998,edge_capacity,24,11278,11288.4,11288.445409999998,4.0,True,2,2
legacy_first32,edge_release_wait_scheduler,24:storage_in,24,27->28,11292.045409999999,edge_capacity,23,11281.6,11292.4,11292.445409999998,0.3999999999996362,True,2,2
legacy_first32,edge_release_wait_scheduler,28:storage_in,28,22->24,11292.845409999998,edge_capacity,25,11288.4,11298.8,11298.845409999998,6.0,True,2,2
legacy_first32,edge_release_wait_scheduler,29:storage_in,29,24->27,11301.439820000001,edge_capacity,25,11299.8,11301.4,11301.445409999998,0.005589999997027917,True,2,2
legacy_first32,edge_release_wait_scheduler,25:storage_in,25,27->28,11302.445409999998,edge_capacity,24,11292.4,11303.2,,,False,2,2
legacy_first32,edge_release_wait_scheduler,31:storage_in,31,27->28,11310.344480000003,edge_capacity,29,11304,11314.8,,,False,2,2
legacy_first32,edge_release_wait_scheduler,31:storage_in,31,27->28,11311.344480000003,edge_capacity,29,11304,11314.8,,,False,2,2
legacy_first32,edge_release_wait_scheduler,28:storage_in,28,27->28,11312.845409999998,edge_capacity,29,11304,11314.8,11314.845409999998,2.0,True,2,2
legacy_first32,fifo_edge_queue_scheduler,2:storage_in,2,18->22,8882.216299,edge_capacity,1,8875.05,8883.45,8883.445453,1.2291540000005625,True,2,2
legacy_first32,fifo_edge_queue_scheduler,3:storage_in,3,18->22,8889.800872000002,edge_capacity,2,8883.45,8891.85,8891.845453,2.0445809999982885,True,2,2
legacy_first32,fifo_edge_queue_scheduler,2:storage_in,2,22->24,8892.845453,edge_capacity,1,8884.45,8894.85,8894.845453,2.0,True,2,2
legacy_first32,fifo_edge_queue_scheduler,3:storage_in,3,22->24,8901.245453,edge_capacity,2,8894.85,8905.25,8905.245453,4.0,True,2,2
legacy_first32,fifo_edge_queue_scheduler,2:storage_in,2,27->28,8908.845453,edge_capacity,1,8898.45,8909.25,8909.245453,0.3999999999996362,True,2,2
legacy_first32,fifo_edge_queue_scheduler,3:storage_in,3,27->28,8919.245453,edge_capacity,2,8909.25,8920.05,8920.045452999999,0.7999999999992724,True,2,2
legacy_first32,fifo_edge_queue_scheduler,5:storage_in,5,18->22,9477.815484,edge_capacity,4,9472.28,9480.68,9480.682986000002,2.867502000000968,True,2,2
legacy_first32,fifo_edge_queue_scheduler,5:storage_in,5,22->24,9490.082986000001,edge_capacity,4,9481.68,9492.08,9492.082986000001,2.0,True,2,2
legacy_first32,fifo_edge_queue_scheduler,5:storage_in,5,27->28,9506.082986000001,edge_capacity,4,9495.68,9506.48,9506.482986,0.3999999999996362,True,2,2
legacy_first32,fifo_edge_queue_scheduler,10:storage_in,10,18->22,10094.37294,edge_capacity,9,10092.5,10100.9,10100.934140000001,6.561200000001918,True,2,2
legacy_first32,fifo_edge_queue_scheduler,9:storage_in,9,22->24,10101.934140000001,edge_capacity,7,10092.5,10102.9,10102.88213,0.9479899999987538,True,2,2
legacy_first32,fifo_edge_queue_scheduler,10:storage_in,10,22->24,10110.33414,edge_capacity,9,10102.9,10113.3,10113.28213,2.9479899999987538,True,2,2
legacy_first32,fifo_edge_queue_scheduler,8:storage_in,8,27->28,10113.706480000003,edge_capacity,7,10106.5,10117.3,10117.28213,3.57564999999704,True,2,2
legacy_first32,fifo_edge_queue_scheduler,9:storage_in,9,27->28,10118.88213,edge_capacity,8,10117.3,10128.1,10128.082129999999,9.199999999998909,True,2,2
legacy_first32,fifo_edge_queue_scheduler,10:storage_in,10,27->28,10129.28213,edge_capacity,9,10128.1,10138.9,10138.882129999998,9.599999999998545,True,2,2
legacy_first32,fifo_edge_queue_scheduler,14:storage_in,14,18->22,10679.68828,edge_capacity,13,10672.4,10680.8,10680.77885,1.090570000000298,True,2,2
legacy_first32,fifo_edge_queue_scheduler,15:storage_in,15,18->22,10685.645400000001,edge_capacity,14,10680.8,10689.2,10689.17885,3.533449999998993,True,2,2
legacy_first32,fifo_edge_queue_scheduler,14:storage_in,14,22->24,10690.17885,edge_capacity,13,10681.8,10692.2,10692.17885,2.0,True,2,2
legacy_first32,fifo_edge_queue_scheduler,16:storage_in,16,18->22,10690.859530000002,edge_capacity,15,10689.2,10697.6,10697.57885,6.7193199999983335,True,2,2
legacy_first32,fifo_edge_queue_scheduler,19:storage_in,19,8->11,10695.21115,edge_capacity,17,10692.5,10695.7,10695.67782,0.4666700000016135,True,2,2
legacy_first32,fifo_edge_queue_scheduler,15:storage_in,15,22->24,10698.57885,edge_capacity,14,10692.2,10702.6,10702.57885,4.0,True,2,2
legacy_first32,fifo_edge_queue_scheduler,20:storage_in,20,18->22,10698.90327,edge_capacity,16,10697.6,10706,10705.97885,7.0755799999988085,True,2,2
legacy_first32,fifo_edge_queue_scheduler,19:storage_in,19,11->13,10699.877820000002,edge_capacity,17,10696.7,10707.9,10707.877820000002,8.0,True,2,2
legacy_first32,fifo_edge_queue_scheduler,14:storage_in,14,27->28,10706.17885,edge_capacity,13,10695.8,10706.6,10706.57885,0.3999999999996362,True,2,2
legacy_first32,fifo_edge_queue_scheduler,16:storage_in,16,22->24,10706.97885,edge_capacity,15,10702.6,10713,10712.97885,6.0,True,2,2
legacy_first32,fifo_edge_queue_scheduler,21:storage_in,21,11->13,10709.639770000002,edge_capacity,19,10707.9,10719.1,10719.077820000002,9.438050000000658,True,2,2
legacy_first32,fifo_edge_queue_scheduler,18:storage_in,18,27->28,10713.706470000003,edge_capacity,14,10706.6,10717.4,10717.37885,3.6723799999963376,True,2,2
legacy_first32,fifo_edge_queue_scheduler,20:storage_in,20,22->24,10715.37885,edge_capacity,16,10713,10723.4,10723.37885,8.0,True,2,2
legacy_first32,fifo_edge_queue_scheduler,17:storage_in,17,27->28,10719.277820000003,edge_capacity,18,10717.4,10728.2,10728.178849999998,8.901029999995444,True,2,2
legacy_first32,fifo_edge_queue_scheduler,19:storage_in,19,27->28,10729.477820000004,edge_capacity,17,10728.2,10739,10738.978849999998,9.501029999993989,True,2,2
legacy_first32,fifo_edge_queue_scheduler,21:storage_in,21,27->28,10740.677820000004,edge_capacity,19,10739,10749.8,10749.778849999997,9.101029999992534,True,2,2
legacy_first32,fifo_edge_queue_scheduler,24:storage_in,24,18->22,11264.28296,edge_capacity,23,11258.2,11266.6,11266.64541,2.3624499999987165,True,2,2
legacy_first32,fifo_edge_queue_scheduler,26:storage_in,26,4->17,11269.33434,edge_capacity,25,11267.8,11271.4,11271.416360000001,2.0820200000016484,True,2,2
legacy_first32,fifo_edge_queue_scheduler,25:storage_in,25,18->22,11275.016360000001,edge_capacity,24,11266.6,11275,11275.045409999999,0.029049999997369014,True,2,2
legacy_first32,fifo_edge_queue_scheduler,24:storage_in,24,22->24,11276.045409999999,edge_capacity,23,11267.6,11278,11278.045409999999,2.0,True,2,2
legacy_first32,fifo_edge_queue_scheduler,27:storage_in,27,18->22,11276.91203,edge_capacity,25,11275,11283.4,,,False,2,2
legacy_first32,fifo_edge_queue_scheduler,26:storage_in,26,18->22,11278.616360000002,edge_capacity,25,11275,11283.4,,,False,2,2
legacy_first32,fifo_edge_queue_scheduler,26:storage_in,26,18->22,11279.616360000002,edge_capacity,25,11275,11283.4,,,False,2,2
legacy_first32,fifo_edge_queue_scheduler,30:storage_in,30,18->22,11281.06746,edge_capacity,25,11275,11283.4,,,False,2,2
legacy_first32,fifo_edge_queue_scheduler,28:storage_in,28,18->22,11282.949590000002,edge_capacity,25,11275,11283.4,11283.445409999998,0.4958199999964563,True,2,2
legacy_first32,fifo_edge_queue_scheduler,25:storage_in,25,22->24,11284.445409999998,edge_capacity,24,11278,11288.4,11288.445409999998,4.0,True,2,2
legacy_first32,fifo_edge_queue_scheduler,24:storage_in,24,27->28,11292.045409999999,edge_capacity,23,11281.6,11292.4,11292.445409999998,0.3999999999996362,True,2,2
legacy_first32,fifo_edge_queue_scheduler,28:storage_in,28,22->24,11292.845409999998,edge_capacity,25,11288.4,11298.8,11298.845409999998,6.0,True,2,2
legacy_first32,fifo_edge_queue_scheduler,29:storage_in,29,24->27,11301.439820000001,edge_capacity,25,11299.8,11301.4,11301.445409999998,0.005589999997027917,True,2,2
legacy_first32,fifo_edge_queue_scheduler,25:storage_in,25,27->28,11302.445409999998,edge_capacity,24,11292.4,11303.2,,,False,2,2
legacy_first32,fifo_edge_queue_scheduler,31:storage_in,31,27->28,11310.344480000003,edge_capacity,29,11304,11314.8,,,False,2,2
legacy_first32,fifo_edge_queue_scheduler,31:storage_in,31,27->28,11311.344480000003,edge_capacity,29,11304,11314.8,,,False,2,2
legacy_first32,fifo_edge_queue_scheduler,28:storage_in,28,27->28,11312.845409999998,edge_capacity,29,11304,11314.8,11314.845409999998,2.0,True,2,2
legacy_first32,capacity_wait_budget_5s,2:storage_in,2,18->22,8882.216299,edge_capacity,1,8875.05,8883.45,8883.445453,1.2291540000005625,True,2,2
legacy_first32,capacity_wait_budget_5s,3:storage_in,3,18->22,8889.800872000002,edge_capacity,2,8883.45,8891.85,8891.845453,2.0445809999982885,True,2,2
legacy_first32,capacity_wait_budget_5s,2:storage_in,2,22->24,8892.845453,edge_capacity,1,8884.45,8894.85,8894.845453,2.0,True,2,2
legacy_first32,capacity_wait_budget_5s,3:storage_in,3,22->24,8901.245453,edge_capacity,2,8894.85,8905.25,8905.245453,4.0,True,2,2
legacy_first32,capacity_wait_budget_5s,2:storage_in,2,27->28,8908.845453,edge_capacity,1,8898.45,8909.25,8909.245453,0.3999999999996362,True,2,2
legacy_first32,capacity_wait_budget_5s,3:storage_in,3,27->28,8919.245453,edge_capacity,2,8909.25,8920.05,8920.045452999999,0.7999999999992724,True,2,2
legacy_first32,capacity_wait_budget_5s,5:storage_in,5,18->22,9477.815484,edge_capacity,4,9472.28,9480.68,9480.682986000002,2.867502000000968,True,2,2
legacy_first32,capacity_wait_budget_5s,5:storage_in,5,22->24,9490.082986000001,edge_capacity,4,9481.68,9492.08,9492.082986000001,2.0,True,2,2
legacy_first32,capacity_wait_budget_5s,5:storage_in,5,27->28,9506.082986000001,edge_capacity,4,9495.68,9506.48,9506.482986,0.3999999999996362,True,2,2
legacy_first32,capacity_wait_budget_5s,10:storage_in,10,18->22,10094.37294,edge_capacity,9,10092.5,10100.9,10100.934140000001,6.561200000001918,True,2,2
legacy_first32,capacity_wait_budget_5s,9:storage_in,9,22->24,10101.934140000001,edge_capacity,7,10092.5,10102.9,10102.88213,0.9479899999987538,True,2,2
legacy_first32,capacity_wait_budget_5s,10:storage_in,10,22->24,10110.33414,edge_capacity,9,10102.9,10113.3,10113.28213,2.9479899999987538,True,2,2
legacy_first32,capacity_wait_budget_5s,8:storage_in,8,27->28,10113.706480000003,edge_capacity,7,10106.5,10117.3,10117.28213,3.57564999999704,True,2,2
legacy_first32,capacity_wait_budget_5s,9:storage_in,9,27->28,10118.88213,edge_capacity,8,10117.3,10128.1,10128.082129999999,9.199999999998909,True,2,2
legacy_first32,capacity_wait_budget_5s,10:storage_in,10,27->28,10129.28213,edge_capacity,9,10128.1,10138.9,10138.882129999998,9.599999999998545,True,2,2
legacy_first32,capacity_wait_budget_5s,14:storage_in,14,18->22,10679.68828,edge_capacity,13,10672.4,10680.8,10680.77885,1.090570000000298,True,2,2
legacy_first32,capacity_wait_budget_5s,15:storage_in,15,18->22,10685.645400000001,edge_capacity,14,10680.8,10689.2,10689.17885,3.533449999998993,True,2,2
legacy_first32,capacity_wait_budget_5s,14:storage_in,14,22->24,10690.17885,edge_capacity,13,10681.8,10692.2,10692.17885,2.0,True,2,2
legacy_first32,capacity_wait_budget_5s,16:storage_in,16,18->22,10690.859530000002,edge_capacity,15,10689.2,10697.6,10697.57885,6.7193199999983335,True,2,2
legacy_first32,capacity_wait_budget_5s,19:storage_in,19,8->11,10695.21115,edge_capacity,17,10692.5,10695.7,10695.67782,0.4666700000016135,True,2,2
legacy_first32,capacity_wait_budget_5s,15:storage_in,15,22->24,10698.57885,edge_capacity,14,10692.2,10702.6,10702.57885,4.0,True,2,2
legacy_first32,capacity_wait_budget_5s,20:storage_in,20,18->22,10698.90327,edge_capacity,16,10697.6,10706,10705.97885,7.0755799999988085,True,2,2
legacy_first32,capacity_wait_budget_5s,19:storage_in,19,11->13,10699.877820000002,edge_capacity,17,10696.7,10707.9,10707.877820000002,8.0,True,2,2
legacy_first32,capacity_wait_budget_5s,21:storage_in,21,11->13,10704.639770000002,edge_capacity,17,10696.7,10707.9,10707.877820000002,3.23804999999993,True,2,2
legacy_first32,capacity_wait_budget_5s,14:storage_in,14,27->28,10706.17885,edge_capacity,13,10695.8,10706.6,10706.57885,0.3999999999996362,True,2,2
legacy_first32,capacity_wait_budget_5s,16:storage_in,16,22->24,10706.97885,edge_capacity,15,10702.6,10713,10712.97885,6.0,True,2,2
legacy_first32,capacity_wait_budget_5s,18:storage_in,18,27->28,10713.706470000003,edge_capacity,14,10706.6,10717.4,10717.37885,3.6723799999963376,True,2,2
legacy_first32,capacity_wait_budget_5s,17:storage_in,17,27->28,10719.277820000003,edge_capacity,18,10717.4,10728.2,10728.178849999998,8.901029999995444,True,2,2
legacy_first32,capacity_wait_budget_5s,16:storage_in,16,46->36,10726.77885,edge_capacity,19,10716.3,10731.1,10731.07782,4.2989699999998265,True,2,2
legacy_first32,capacity_wait_budget_5s,21:storage_in,21,24->27,10727.877820000003,edge_capacity,20,10726.8,10728.4,10728.37885,0.5010299999958079,True,2,2
legacy_first32,capacity_wait_budget_5s,20:storage_in,20,27->28,10729.37885,edge_capacity,17,10728.2,10739,,,False,2,2
legacy_first32,capacity_wait_budget_5s,21:storage_in,21,27->28,10730.97885,edge_capacity,17,10728.2,10739,10738.978849999998,7.999999999998181,True,2,2
legacy_first32,capacity_wait_budget_5s,24:storage_in,24,18->22,11264.28296,edge_capacity,23,11258.2,11266.6,11266.64541,2.3624499999987165,True,2,2
legacy_first32,capacity_wait_budget_5s,26:storage_in,26,4->17,11269.33434,edge_capacity,25,11267.8,11271.4,11271.416360000001,2.0820200000016484,True,2,2
legacy_first32,capacity_wait_budget_5s,25:storage_in,25,18->22,11275.016360000001,edge_capacity,24,11266.6,11275,11275.045409999999,0.029049999997369014,True,2,2
legacy_first32,capacity_wait_budget_5s,24:storage_in,24,22->24,11276.045409999999,edge_capacity,23,11267.6,11278,11278.045409999999,2.0,True,2,2
legacy_first32,capacity_wait_budget_5s,27:storage_in,27,18->22,11276.91203,edge_capacity,25,11275,11283.4,,,False,2,2
legacy_first32,capacity_wait_budget_5s,26:storage_in,26,18->22,11278.616360000002,edge_capacity,25,11275,11283.4,,,False,2,2
legacy_first32,capacity_wait_budget_5s,26:storage_in,26,18->22,11279.616360000002,edge_capacity,25,11275,11283.4,,,False,2,2
legacy_first32,capacity_wait_budget_5s,30:storage_in,30,18->22,11281.06746,edge_capacity,25,11275,11283.4,,,False,2,2
legacy_first32,capacity_wait_budget_5s,28:storage_in,28,18->22,11282.949590000002,edge_capacity,25,11275,11283.4,11283.445409999998,0.4958199999964563,True,2,2
legacy_first32,capacity_wait_budget_5s,25:storage_in,25,22->24,11284.445409999998,edge_capacity,24,11278,11288.4,11288.445409999998,4.0,True,2,2
legacy_first32,capacity_wait_budget_5s,24:storage_in,24,27->28,11292.045409999999,edge_capacity,23,11281.6,11292.4,11292.445409999998,0.3999999999996362,True,2,2
legacy_first32,capacity_wait_budget_5s,28:storage_in,28,22->24,11292.845409999998,edge_capacity,25,11288.4,11298.8,11298.845409999998,6.0,True,2,2
legacy_first32,capacity_wait_budget_5s,29:storage_in,29,24->27,11301.439820000001,edge_capacity,25,11299.8,11301.4,11301.445409999998,0.005589999997027917,True,2,2
legacy_first32,capacity_wait_budget_5s,25:storage_in,25,27->28,11302.445409999998,edge_capacity,24,11292.4,11303.2,,,False,2,2
legacy_first32,capacity_wait_budget_5s,31:storage_in,31,27->28,11310.344480000003,edge_capacity,29,11304,11314.8,11314.845409999998,4.500929999994696,True,2,2
legacy_first32,capacity_wait_budget_10s,2:storage_in,2,18->22,8882.216299,edge_capacity,1,8875.05,8883.45,8883.445453,1.2291540000005625,True,2,2
legacy_first32,capacity_wait_budget_10s,3:storage_in,3,18->22,8889.800872000002,edge_capacity,2,8883.45,8891.85,8891.845453,2.0445809999982885,True,2,2
legacy_first32,capacity_wait_budget_10s,2:storage_in,2,22->24,8892.845453,edge_capacity,1,8884.45,8894.85,8894.845453,2.0,True,2,2
legacy_first32,capacity_wait_budget_10s,3:storage_in,3,22->24,8901.245453,edge_capacity,2,8894.85,8905.25,8905.245453,4.0,True,2,2
legacy_first32,capacity_wait_budget_10s,2:storage_in,2,27->28,8908.845453,edge_capacity,1,8898.45,8909.25,8909.245453,0.3999999999996362,True,2,2
legacy_first32,capacity_wait_budget_10s,3:storage_in,3,27->28,8919.245453,edge_capacity,2,8909.25,8920.05,8920.045452999999,0.7999999999992724,True,2,2
legacy_first32,capacity_wait_budget_10s,5:storage_in,5,18->22,9477.815484,edge_capacity,4,9472.28,9480.68,9480.682986000002,2.867502000000968,True,2,2
legacy_first32,capacity_wait_budget_10s,5:storage_in,5,22->24,9490.082986000001,edge_capacity,4,9481.68,9492.08,9492.082986000001,2.0,True,2,2
legacy_first32,capacity_wait_budget_10s,5:storage_in,5,27->28,9506.082986000001,edge_capacity,4,9495.68,9506.48,9506.482986,0.3999999999996362,True,2,2
legacy_first32,capacity_wait_budget_10s,10:storage_in,10,18->22,10094.37294,edge_capacity,9,10092.5,10100.9,10100.934140000001,6.561200000001918,True,2,2
legacy_first32,capacity_wait_budget_10s,9:storage_in,9,22->24,10101.934140000001,edge_capacity,7,10092.5,10102.9,10102.88213,0.9479899999987538,True,2,2
legacy_first32,capacity_wait_budget_10s,10:storage_in,10,22->24,10110.33414,edge_capacity,9,10102.9,10113.3,10113.28213,2.9479899999987538,True,2,2
legacy_first32,capacity_wait_budget_10s,8:storage_in,8,27->28,10113.706480000003,edge_capacity,7,10106.5,10117.3,10117.28213,3.57564999999704,True,2,2
legacy_first32,capacity_wait_budget_10s,9:storage_in,9,27->28,10118.88213,edge_capacity,8,10117.3,10128.1,10128.082129999999,9.199999999998909,True,2,2
legacy_first32,capacity_wait_budget_10s,10:storage_in,10,27->28,10129.28213,edge_capacity,9,10128.1,10138.9,10138.882129999998,9.599999999998545,True,2,2
legacy_first32,capacity_wait_budget_10s,14:storage_in,14,18->22,10679.68828,edge_capacity,13,10672.4,10680.8,10680.77885,1.090570000000298,True,2,2
legacy_first32,capacity_wait_budget_10s,15:storage_in,15,18->22,10685.645400000001,edge_capacity,14,10680.8,10689.2,10689.17885,3.533449999998993,True,2,2
legacy_first32,capacity_wait_budget_10s,14:storage_in,14,22->24,10690.17885,edge_capacity,13,10681.8,10692.2,10692.17885,2.0,True,2,2
legacy_first32,capacity_wait_budget_10s,16:storage_in,16,18->22,10690.859530000002,edge_capacity,15,10689.2,10697.6,10697.57885,6.7193199999983335,True,2,2
legacy_first32,capacity_wait_budget_10s,19:storage_in,19,8->11,10695.21115,edge_capacity,17,10692.5,10695.7,10695.67782,0.4666700000016135,True,2,2
legacy_first32,capacity_wait_budget_10s,15:storage_in,15,22->24,10698.57885,edge_capacity,14,10692.2,10702.6,10702.57885,4.0,True,2,2
legacy_first32,capacity_wait_budget_10s,20:storage_in,20,18->22,10698.90327,edge_capacity,16,10697.6,10706,10705.97885,7.0755799999988085,True,2,2
legacy_first32,capacity_wait_budget_10s,19:storage_in,19,11->13,10699.877820000002,edge_capacity,17,10696.7,10707.9,10707.877820000002,8.0,True,2,2
legacy_first32,capacity_wait_budget_10s,14:storage_in,14,27->28,10706.17885,edge_capacity,13,10695.8,10706.6,10706.57885,0.3999999999996362,True,2,2
legacy_first32,capacity_wait_budget_10s,16:storage_in,16,22->24,10706.97885,edge_capacity,15,10702.6,10713,10712.97885,6.0,True,2,2
legacy_first32,capacity_wait_budget_10s,21:storage_in,21,11->13,10709.639770000002,edge_capacity,19,10707.9,10719.1,10719.077820000002,9.438050000000658,True,2,2
legacy_first32,capacity_wait_budget_10s,18:storage_in,18,27->28,10713.706470000003,edge_capacity,14,10706.6,10717.4,10717.37885,3.6723799999963376,True,2,2
legacy_first32,capacity_wait_budget_10s,20:storage_in,20,22->24,10715.37885,edge_capacity,16,10713,10723.4,10723.37885,8.0,True,2,2
legacy_first32,capacity_wait_budget_10s,17:storage_in,17,27->28,10719.277820000003,edge_capacity,18,10717.4,10728.2,10728.178849999998,8.901029999995444,True,2,2
legacy_first32,capacity_wait_budget_10s,19:storage_in,19,27->28,10729.477820000004,edge_capacity,17,10728.2,10739,10738.978849999998,9.501029999993989,True,2,2
legacy_first32,capacity_wait_budget_10s,21:storage_in,21,27->28,10740.677820000004,edge_capacity,19,10739,10749.8,10749.778849999997,9.101029999992534,True,2,2
legacy_first32,capacity_wait_budget_10s,24:storage_in,24,18->22,11264.28296,edge_capacity,23,11258.2,11266.6,11266.64541,2.3624499999987165,True,2,2
legacy_first32,capacity_wait_budget_10s,26:storage_in,26,4->17,11269.33434,edge_capacity,25,11267.8,11271.4,11271.416360000001,2.0820200000016484,True,2,2
legacy_first32,capacity_wait_budget_10s,25:storage_in,25,18->22,11275.016360000001,edge_capacity,24,11266.6,11275,11275.045409999999,0.029049999997369014,True,2,2
legacy_first32,capacity_wait_budget_10s,24:storage_in,24,22->24,11276.045409999999,edge_capacity,23,11267.6,11278,11278.045409999999,2.0,True,2,2
legacy_first32,capacity_wait_budget_10s,27:storage_in,27,18->22,11276.91203,edge_capacity,25,11275,11283.4,,,False,2,2
legacy_first32,capacity_wait_budget_10s,26:storage_in,26,18->22,11278.616360000002,edge_capacity,25,11275,11283.4,,,False,2,2
legacy_first32,capacity_wait_budget_10s,26:storage_in,26,18->22,11279.616360000002,edge_capacity,25,11275,11283.4,,,False,2,2
legacy_first32,capacity_wait_budget_10s,30:storage_in,30,18->22,11281.06746,edge_capacity,25,11275,11283.4,,,False,2,2
legacy_first32,capacity_wait_budget_10s,28:storage_in,28,18->22,11282.949590000002,edge_capacity,25,11275,11283.4,11283.445409999998,0.4958199999964563,True,2,2
legacy_first32,capacity_wait_budget_10s,25:storage_in,25,22->24,11284.445409999998,edge_capacity,24,11278,11288.4,11288.445409999998,4.0,True,2,2
legacy_first32,capacity_wait_budget_10s,24:storage_in,24,27->28,11292.045409999999,edge_capacity,23,11281.6,11292.4,11292.445409999998,0.3999999999996362,True,2,2
legacy_first32,capacity_wait_budget_10s,28:storage_in,28,22->24,11292.845409999998,edge_capacity,25,11288.4,11298.8,11298.845409999998,6.0,True,2,2
legacy_first32,capacity_wait_budget_10s,29:storage_in,29,24->27,11301.439820000001,edge_capacity,25,11299.8,11301.4,11301.445409999998,0.005589999997027917,True,2,2
legacy_first32,capacity_wait_budget_10s,25:storage_in,25,27->28,11302.445409999998,edge_capacity,24,11292.4,11303.2,,,False,2,2
legacy_first32,capacity_wait_budget_10s,31:storage_in,31,27->28,11310.344480000003,edge_capacity,29,11304,11314.8,,,False,2,2
legacy_first32,capacity_wait_budget_10s,31:storage_in,31,27->28,11311.344480000003,edge_capacity,29,11304,11314.8,,,False,2,2
legacy_first32,capacity_wait_budget_10s,28:storage_in,28,27->28,11312.845409999998,edge_capacity,29,11304,11314.8,11314.845409999998,2.0,True,2,2
legacy_first32,capacity_wait_budget_30s,2:storage_in,2,18->22,8882.216299,edge_capacity,1,8875.05,8883.45,8883.445453,1.2291540000005625,True,2,2
legacy_first32,capacity_wait_budget_30s,3:storage_in,3,18->22,8889.800872000002,edge_capacity,2,8883.45,8891.85,8891.845453,2.0445809999982885,True,2,2
legacy_first32,capacity_wait_budget_30s,2:storage_in,2,22->24,8892.845453,edge_capacity,1,8884.45,8894.85,8894.845453,2.0,True,2,2
legacy_first32,capacity_wait_budget_30s,3:storage_in,3,22->24,8901.245453,edge_capacity,2,8894.85,8905.25,8905.245453,4.0,True,2,2
legacy_first32,capacity_wait_budget_30s,2:storage_in,2,27->28,8908.845453,edge_capacity,1,8898.45,8909.25,8909.245453,0.3999999999996362,True,2,2
legacy_first32,capacity_wait_budget_30s,3:storage_in,3,27->28,8919.245453,edge_capacity,2,8909.25,8920.05,8920.045452999999,0.7999999999992724,True,2,2
legacy_first32,capacity_wait_budget_30s,5:storage_in,5,18->22,9477.815484,edge_capacity,4,9472.28,9480.68,9480.682986000002,2.867502000000968,True,2,2
legacy_first32,capacity_wait_budget_30s,5:storage_in,5,22->24,9490.082986000001,edge_capacity,4,9481.68,9492.08,9492.082986000001,2.0,True,2,2
legacy_first32,capacity_wait_budget_30s,5:storage_in,5,27->28,9506.082986000001,edge_capacity,4,9495.68,9506.48,9506.482986,0.3999999999996362,True,2,2
legacy_first32,capacity_wait_budget_30s,10:storage_in,10,18->22,10094.37294,edge_capacity,9,10092.5,10100.9,10100.934140000001,6.561200000001918,True,2,2
legacy_first32,capacity_wait_budget_30s,9:storage_in,9,22->24,10101.934140000001,edge_capacity,7,10092.5,10102.9,10102.88213,0.9479899999987538,True,2,2
legacy_first32,capacity_wait_budget_30s,10:storage_in,10,22->24,10110.33414,edge_capacity,9,10102.9,10113.3,10113.28213,2.9479899999987538,True,2,2
legacy_first32,capacity_wait_budget_30s,8:storage_in,8,27->28,10113.706480000003,edge_capacity,7,10106.5,10117.3,10117.28213,3.57564999999704,True,2,2
legacy_first32,capacity_wait_budget_30s,9:storage_in,9,27->28,10118.88213,edge_capacity,8,10117.3,10128.1,10128.082129999999,9.199999999998909,True,2,2
legacy_first32,capacity_wait_budget_30s,10:storage_in,10,27->28,10129.28213,edge_capacity,9,10128.1,10138.9,10138.882129999998,9.599999999998545,True,2,2
legacy_first32,capacity_wait_budget_30s,14:storage_in,14,18->22,10679.68828,edge_capacity,13,10672.4,10680.8,10680.77885,1.090570000000298,True,2,2
legacy_first32,capacity_wait_budget_30s,15:storage_in,15,18->22,10685.645400000001,edge_capacity,14,10680.8,10689.2,10689.17885,3.533449999998993,True,2,2
legacy_first32,capacity_wait_budget_30s,14:storage_in,14,22->24,10690.17885,edge_capacity,13,10681.8,10692.2,10692.17885,2.0,True,2,2
legacy_first32,capacity_wait_budget_30s,16:storage_in,16,18->22,10690.859530000002,edge_capacity,15,10689.2,10697.6,10697.57885,6.7193199999983335,True,2,2
legacy_first32,capacity_wait_budget_30s,19:storage_in,19,8->11,10695.21115,edge_capacity,17,10692.5,10695.7,10695.67782,0.4666700000016135,True,2,2
legacy_first32,capacity_wait_budget_30s,15:storage_in,15,22->24,10698.57885,edge_capacity,14,10692.2,10702.6,10702.57885,4.0,True,2,2
legacy_first32,capacity_wait_budget_30s,20:storage_in,20,18->22,10698.90327,edge_capacity,16,10697.6,10706,10705.97885,7.0755799999988085,True,2,2
legacy_first32,capacity_wait_budget_30s,19:storage_in,19,11->13,10699.877820000002,edge_capacity,17,10696.7,10707.9,10707.877820000002,8.0,True,2,2
legacy_first32,capacity_wait_budget_30s,14:storage_in,14,27->28,10706.17885,edge_capacity,13,10695.8,10706.6,10706.57885,0.3999999999996362,True,2,2
legacy_first32,capacity_wait_budget_30s,16:storage_in,16,22->24,10706.97885,edge_capacity,15,10702.6,10713,10712.97885,6.0,True,2,2
legacy_first32,capacity_wait_budget_30s,21:storage_in,21,11->13,10709.639770000002,edge_capacity,19,10707.9,10719.1,10719.077820000002,9.438050000000658,True,2,2
legacy_first32,capacity_wait_budget_30s,18:storage_in,18,27->28,10713.706470000003,edge_capacity,14,10706.6,10717.4,10717.37885,3.6723799999963376,True,2,2
legacy_first32,capacity_wait_budget_30s,20:storage_in,20,22->24,10715.37885,edge_capacity,16,10713,10723.4,10723.37885,8.0,True,2,2
legacy_first32,capacity_wait_budget_30s,17:storage_in,17,27->28,10719.277820000003,edge_capacity,18,10717.4,10728.2,10728.178849999998,8.901029999995444,True,2,2
legacy_first32,capacity_wait_budget_30s,19:storage_in,19,27->28,10729.477820000004,edge_capacity,17,10728.2,10739,10738.978849999998,9.501029999993989,True,2,2
legacy_first32,capacity_wait_budget_30s,21:storage_in,21,27->28,10740.677820000004,edge_capacity,19,10739,10749.8,10749.778849999997,9.101029999992534,True,2,2
legacy_first32,capacity_wait_budget_30s,24:storage_in,24,18->22,11264.28296,edge_capacity,23,11258.2,11266.6,11266.64541,2.3624499999987165,True,2,2
legacy_first32,capacity_wait_budget_30s,26:storage_in,26,4->17,11269.33434,edge_capacity,25,11267.8,11271.4,11271.416360000001,2.0820200000016484,True,2,2
legacy_first32,capacity_wait_budget_30s,25:storage_in,25,18->22,11275.016360000001,edge_capacity,24,11266.6,11275,11275.045409999999,0.029049999997369014,True,2,2
legacy_first32,capacity_wait_budget_30s,24:storage_in,24,22->24,11276.045409999999,edge_capacity,23,11267.6,11278,11278.045409999999,2.0,True,2,2
legacy_first32,capacity_wait_budget_30s,27:storage_in,27,18->22,11276.91203,edge_capacity,25,11275,11283.4,,,False,2,2
legacy_first32,capacity_wait_budget_30s,26:storage_in,26,18->22,11278.616360000002,edge_capacity,25,11275,11283.4,,,False,2,2
legacy_first32,capacity_wait_budget_30s,26:storage_in,26,18->22,11279.616360000002,edge_capacity,25,11275,11283.4,,,False,2,2
legacy_first32,capacity_wait_budget_30s,30:storage_in,30,18->22,11281.06746,edge_capacity,25,11275,11283.4,,,False,2,2
legacy_first32,capacity_wait_budget_30s,28:storage_in,28,18->22,11282.949590000002,edge_capacity,25,11275,11283.4,11283.445409999998,0.4958199999964563,True,2,2
legacy_first32,capacity_wait_budget_30s,25:storage_in,25,22->24,11284.445409999998,edge_capacity,24,11278,11288.4,11288.445409999998,4.0,True,2,2
legacy_first32,capacity_wait_budget_30s,24:storage_in,24,27->28,11292.045409999999,edge_capacity,23,11281.6,11292.4,11292.445409999998,0.3999999999996362,True,2,2
legacy_first32,capacity_wait_budget_30s,28:storage_in,28,22->24,11292.845409999998,edge_capacity,25,11288.4,11298.8,11298.845409999998,6.0,True,2,2
legacy_first32,capacity_wait_budget_30s,29:storage_in,29,24->27,11301.439820000001,edge_capacity,25,11299.8,11301.4,11301.445409999998,0.005589999997027917,True,2,2
legacy_first32,capacity_wait_budget_30s,25:storage_in,25,27->28,11302.445409999998,edge_capacity,24,11292.4,11303.2,,,False,2,2
legacy_first32,capacity_wait_budget_30s,31:storage_in,31,27->28,11310.344480000003,edge_capacity,29,11304,11314.8,,,False,2,2
legacy_first32,capacity_wait_budget_30s,31:storage_in,31,27->28,11311.344480000003,edge_capacity,29,11304,11314.8,,,False,2,2
legacy_first32,capacity_wait_budget_30s,28:storage_in,28,27->28,11312.845409999998,edge_capacity,29,11304,11314.8,11314.845409999998,2.0,True,2,2
legacy_first32,capacity_wait_budget_60s,2:storage_in,2,18->22,8882.216299,edge_capacity,1,8875.05,8883.45,8883.445453,1.2291540000005625,True,2,2
legacy_first32,capacity_wait_budget_60s,3:storage_in,3,18->22,8889.800872000002,edge_capacity,2,8883.45,8891.85,8891.845453,2.0445809999982885,True,2,2
legacy_first32,capacity_wait_budget_60s,2:storage_in,2,22->24,8892.845453,edge_capacity,1,8884.45,8894.85,8894.845453,2.0,True,2,2
legacy_first32,capacity_wait_budget_60s,3:storage_in,3,22->24,8901.245453,edge_capacity,2,8894.85,8905.25,8905.245453,4.0,True,2,2
legacy_first32,capacity_wait_budget_60s,2:storage_in,2,27->28,8908.845453,edge_capacity,1,8898.45,8909.25,8909.245453,0.3999999999996362,True,2,2
legacy_first32,capacity_wait_budget_60s,3:storage_in,3,27->28,8919.245453,edge_capacity,2,8909.25,8920.05,8920.045452999999,0.7999999999992724,True,2,2
legacy_first32,capacity_wait_budget_60s,5:storage_in,5,18->22,9477.815484,edge_capacity,4,9472.28,9480.68,9480.682986000002,2.867502000000968,True,2,2
legacy_first32,capacity_wait_budget_60s,5:storage_in,5,22->24,9490.082986000001,edge_capacity,4,9481.68,9492.08,9492.082986000001,2.0,True,2,2
legacy_first32,capacity_wait_budget_60s,5:storage_in,5,27->28,9506.082986000001,edge_capacity,4,9495.68,9506.48,9506.482986,0.3999999999996362,True,2,2
legacy_first32,capacity_wait_budget_60s,10:storage_in,10,18->22,10094.37294,edge_capacity,9,10092.5,10100.9,10100.934140000001,6.561200000001918,True,2,2
legacy_first32,capacity_wait_budget_60s,9:storage_in,9,22->24,10101.934140000001,edge_capacity,7,10092.5,10102.9,10102.88213,0.9479899999987538,True,2,2
legacy_first32,capacity_wait_budget_60s,10:storage_in,10,22->24,10110.33414,edge_capacity,9,10102.9,10113.3,10113.28213,2.9479899999987538,True,2,2
legacy_first32,capacity_wait_budget_60s,8:storage_in,8,27->28,10113.706480000003,edge_capacity,7,10106.5,10117.3,10117.28213,3.57564999999704,True,2,2
legacy_first32,capacity_wait_budget_60s,9:storage_in,9,27->28,10118.88213,edge_capacity,8,10117.3,10128.1,10128.082129999999,9.199999999998909,True,2,2
legacy_first32,capacity_wait_budget_60s,10:storage_in,10,27->28,10129.28213,edge_capacity,9,10128.1,10138.9,10138.882129999998,9.599999999998545,True,2,2
legacy_first32,capacity_wait_budget_60s,14:storage_in,14,18->22,10679.68828,edge_capacity,13,10672.4,10680.8,10680.77885,1.090570000000298,True,2,2
legacy_first32,capacity_wait_budget_60s,15:storage_in,15,18->22,10685.645400000001,edge_capacity,14,10680.8,10689.2,10689.17885,3.533449999998993,True,2,2
legacy_first32,capacity_wait_budget_60s,14:storage_in,14,22->24,10690.17885,edge_capacity,13,10681.8,10692.2,10692.17885,2.0,True,2,2
legacy_first32,capacity_wait_budget_60s,16:storage_in,16,18->22,10690.859530000002,edge_capacity,15,10689.2,10697.6,10697.57885,6.7193199999983335,True,2,2
legacy_first32,capacity_wait_budget_60s,19:storage_in,19,8->11,10695.21115,edge_capacity,17,10692.5,10695.7,10695.67782,0.4666700000016135,True,2,2
legacy_first32,capacity_wait_budget_60s,15:storage_in,15,22->24,10698.57885,edge_capacity,14,10692.2,10702.6,10702.57885,4.0,True,2,2
legacy_first32,capacity_wait_budget_60s,20:storage_in,20,18->22,10698.90327,edge_capacity,16,10697.6,10706,10705.97885,7.0755799999988085,True,2,2
legacy_first32,capacity_wait_budget_60s,19:storage_in,19,11->13,10699.877820000002,edge_capacity,17,10696.7,10707.9,10707.877820000002,8.0,True,2,2
legacy_first32,capacity_wait_budget_60s,14:storage_in,14,27->28,10706.17885,edge_capacity,13,10695.8,10706.6,10706.57885,0.3999999999996362,True,2,2
legacy_first32,capacity_wait_budget_60s,16:storage_in,16,22->24,10706.97885,edge_capacity,15,10702.6,10713,10712.97885,6.0,True,2,2
legacy_first32,capacity_wait_budget_60s,21:storage_in,21,11->13,10709.639770000002,edge_capacity,19,10707.9,10719.1,10719.077820000002,9.438050000000658,True,2,2
legacy_first32,capacity_wait_budget_60s,18:storage_in,18,27->28,10713.706470000003,edge_capacity,14,10706.6,10717.4,10717.37885,3.6723799999963376,True,2,2
legacy_first32,capacity_wait_budget_60s,20:storage_in,20,22->24,10715.37885,edge_capacity,16,10713,10723.4,10723.37885,8.0,True,2,2
legacy_first32,capacity_wait_budget_60s,17:storage_in,17,27->28,10719.277820000003,edge_capacity,18,10717.4,10728.2,10728.178849999998,8.901029999995444,True,2,2
legacy_first32,capacity_wait_budget_60s,19:storage_in,19,27->28,10729.477820000004,edge_capacity,17,10728.2,10739,10738.978849999998,9.501029999993989,True,2,2
legacy_first32,capacity_wait_budget_60s,21:storage_in,21,27->28,10740.677820000004,edge_capacity,19,10739,10749.8,10749.778849999997,9.101029999992534,True,2,2
legacy_first32,capacity_wait_budget_60s,24:storage_in,24,18->22,11264.28296,edge_capacity,23,11258.2,11266.6,11266.64541,2.3624499999987165,True,2,2
legacy_first32,capacity_wait_budget_60s,26:storage_in,26,4->17,11269.33434,edge_capacity,25,11267.8,11271.4,11271.416360000001,2.0820200000016484,True,2,2
legacy_first32,capacity_wait_budget_60s,25:storage_in,25,18->22,11275.016360000001,edge_capacity,24,11266.6,11275,11275.045409999999,0.029049999997369014,True,2,2
legacy_first32,capacity_wait_budget_60s,24:storage_in,24,22->24,11276.045409999999,edge_capacity,23,11267.6,11278,11278.045409999999,2.0,True,2,2
legacy_first32,capacity_wait_budget_60s,27:storage_in,27,18->22,11276.91203,edge_capacity,25,11275,11283.4,,,False,2,2
legacy_first32,capacity_wait_budget_60s,26:storage_in,26,18->22,11278.616360000002,edge_capacity,25,11275,11283.4,,,False,2,2
legacy_first32,capacity_wait_budget_60s,26:storage_in,26,18->22,11279.616360000002,edge_capacity,25,11275,11283.4,,,False,2,2
legacy_first32,capacity_wait_budget_60s,30:storage_in,30,18->22,11281.06746,edge_capacity,25,11275,11283.4,,,False,2,2
legacy_first32,capacity_wait_budget_60s,28:storage_in,28,18->22,11282.949590000002,edge_capacity,25,11275,11283.4,11283.445409999998,0.4958199999964563,True,2,2
legacy_first32,capacity_wait_budget_60s,25:storage_in,25,22->24,11284.445409999998,edge_capacity,24,11278,11288.4,11288.445409999998,4.0,True,2,2
legacy_first32,capacity_wait_budget_60s,24:storage_in,24,27->28,11292.045409999999,edge_capacity,23,11281.6,11292.4,11292.445409999998,0.3999999999996362,True,2,2
legacy_first32,capacity_wait_budget_60s,28:storage_in,28,22->24,11292.845409999998,edge_capacity,25,11288.4,11298.8,11298.845409999998,6.0,True,2,2
legacy_first32,capacity_wait_budget_60s,29:storage_in,29,24->27,11301.439820000001,edge_capacity,25,11299.8,11301.4,11301.445409999998,0.005589999997027917,True,2,2
legacy_first32,capacity_wait_budget_60s,25:storage_in,25,27->28,11302.445409999998,edge_capacity,24,11292.4,11303.2,,,False,2,2
legacy_first32,capacity_wait_budget_60s,31:storage_in,31,27->28,11310.344480000003,edge_capacity,29,11304,11314.8,,,False,2,2
legacy_first32,capacity_wait_budget_60s,31:storage_in,31,27->28,11311.344480000003,edge_capacity,29,11304,11314.8,,,False,2,2
legacy_first32,capacity_wait_budget_60s,28:storage_in,28,27->28,11312.845409999998,edge_capacity,29,11304,11314.8,11314.845409999998,2.0,True,2,2
legacy_first32,hybrid_executable_teacher,2:storage_in,2,18->22,8882.216299,edge_capacity,1,8875.05,8883.45,8883.445453,1.2291540000005625,True,2,2
legacy_first32,hybrid_executable_teacher,3:storage_in,3,18->22,8889.800872000002,edge_capacity,2,8883.45,8891.85,8891.845453,2.0445809999982885,True,2,2
legacy_first32,hybrid_executable_teacher,2:storage_in,2,22->24,8892.845453,edge_capacity,1,8884.45,8894.85,8894.845453,2.0,True,2,2
legacy_first32,hybrid_executable_teacher,3:storage_in,3,22->24,8901.245453,edge_capacity,2,8894.85,8905.25,8905.245453,4.0,True,2,2
legacy_first32,hybrid_executable_teacher,2:storage_in,2,27->28,8908.845453,edge_capacity,1,8898.45,8909.25,8909.245453,0.3999999999996362,True,2,2
legacy_first32,hybrid_executable_teacher,3:storage_in,3,27->28,8919.245453,edge_capacity,2,8909.25,8920.05,8920.045452999999,0.7999999999992724,True,2,2
legacy_first32,hybrid_executable_teacher,5:storage_in,5,18->22,9477.815484,edge_capacity,4,9472.28,9480.68,9480.682986000002,2.867502000000968,True,2,2
legacy_first32,hybrid_executable_teacher,5:storage_in,5,22->24,9490.082986000001,edge_capacity,4,9481.68,9492.08,9492.082986000001,2.0,True,2,2
legacy_first32,hybrid_executable_teacher,5:storage_in,5,27->28,9506.082986000001,edge_capacity,4,9495.68,9506.48,9506.482986,0.3999999999996362,True,2,2
legacy_first32,hybrid_executable_teacher,10:storage_in,10,18->22,10094.37294,edge_capacity,9,10092.5,10100.9,10100.934140000001,6.561200000001918,True,2,2
legacy_first32,hybrid_executable_teacher,9:storage_in,9,22->24,10101.934140000001,edge_capacity,7,10092.5,10102.9,10102.88213,0.9479899999987538,True,2,2
legacy_first32,hybrid_executable_teacher,10:storage_in,10,22->24,10110.33414,edge_capacity,9,10102.9,10113.3,10113.28213,2.9479899999987538,True,2,2
legacy_first32,hybrid_executable_teacher,8:storage_in,8,27->28,10113.706480000003,edge_capacity,7,10106.5,10117.3,10117.28213,3.57564999999704,True,2,2
legacy_first32,hybrid_executable_teacher,9:storage_in,9,27->28,10118.88213,edge_capacity,8,10117.3,10128.1,10128.082129999999,9.199999999998909,True,2,2
legacy_first32,hybrid_executable_teacher,10:storage_in,10,27->28,10129.28213,edge_capacity,9,10128.1,10138.9,10138.882129999998,9.599999999998545,True,2,2
legacy_first32,hybrid_executable_teacher,14:storage_in,14,18->22,10679.68828,edge_capacity,13,10672.4,10680.8,10680.77885,1.090570000000298,True,2,2
legacy_first32,hybrid_executable_teacher,15:storage_in,15,18->22,10685.645400000001,edge_capacity,14,10680.8,10689.2,10689.17885,3.533449999998993,True,2,2
legacy_first32,hybrid_executable_teacher,14:storage_in,14,22->24,10690.17885,edge_capacity,13,10681.8,10692.2,10692.17885,2.0,True,2,2
legacy_first32,hybrid_executable_teacher,16:storage_in,16,18->22,10690.859530000002,edge_capacity,15,10689.2,10697.6,10697.57885,6.7193199999983335,True,2,2
legacy_first32,hybrid_executable_teacher,19:storage_in,19,8->11,10695.21115,edge_capacity,17,10692.5,10695.7,10695.67782,0.4666700000016135,True,2,2
legacy_first32,hybrid_executable_teacher,15:storage_in,15,22->24,10698.57885,edge_capacity,14,10692.2,10702.6,10702.57885,4.0,True,2,2
legacy_first32,hybrid_executable_teacher,20:storage_in,20,18->22,10698.90327,edge_capacity,16,10697.6,10706,10705.97885,7.0755799999988085,True,2,2
legacy_first32,hybrid_executable_teacher,19:storage_in,19,11->13,10699.877820000002,edge_capacity,17,10696.7,10707.9,10707.877820000002,8.0,True,2,2
legacy_first32,hybrid_executable_teacher,14:storage_in,14,27->28,10706.17885,edge_capacity,13,10695.8,10706.6,10706.57885,0.3999999999996362,True,2,2
legacy_first32,hybrid_executable_teacher,16:storage_in,16,22->24,10706.97885,edge_capacity,15,10702.6,10713,10712.97885,6.0,True,2,2
legacy_first32,hybrid_executable_teacher,21:storage_in,21,11->13,10709.639770000002,edge_capacity,19,10707.9,10719.1,10719.077820000002,9.438050000000658,True,2,2
legacy_first32,hybrid_executable_teacher,18:storage_in,18,27->28,10713.706470000003,edge_capacity,14,10706.6,10717.4,10717.37885,3.6723799999963376,True,2,2
legacy_first32,hybrid_executable_teacher,20:storage_in,20,22->24,10715.37885,edge_capacity,16,10713,10723.4,10723.37885,8.0,True,2,2
legacy_first32,hybrid_executable_teacher,17:storage_in,17,27->28,10719.277820000003,edge_capacity,18,10717.4,10728.2,10728.178849999998,8.901029999995444,True,2,2
legacy_first32,hybrid_executable_teacher,19:storage_in,19,27->28,10729.477820000004,edge_capacity,17,10728.2,10739,10738.978849999998,9.501029999993989,True,2,2
legacy_first32,hybrid_executable_teacher,21:storage_in,21,27->28,10740.677820000004,edge_capacity,19,10739,10749.8,10749.778849999997,9.101029999992534,True,2,2
legacy_first32,hybrid_executable_teacher,24:storage_in,24,18->22,11264.28296,edge_capacity,23,11258.2,11266.6,11266.64541,2.3624499999987165,True,2,2
legacy_first32,hybrid_executable_teacher,26:storage_in,26,4->17,11269.33434,edge_capacity,25,11267.8,11271.4,11271.416360000001,2.0820200000016484,True,2,2
legacy_first32,hybrid_executable_teacher,25:storage_in,25,18->22,11275.016360000001,edge_capacity,24,11266.6,11275,11275.045409999999,0.029049999997369014,True,2,2
legacy_first32,hybrid_executable_teacher,24:storage_in,24,22->24,11276.045409999999,edge_capacity,23,11267.6,11278,11278.045409999999,2.0,True,2,2
legacy_first32,hybrid_executable_teacher,27:storage_in,27,18->22,11276.91203,edge_capacity,25,11275,11283.4,,,False,2,2
legacy_first32,hybrid_executable_teacher,26:storage_in,26,18->22,11278.616360000002,edge_capacity,25,11275,11283.4,,,False,2,2
legacy_first32,hybrid_executable_teacher,26:storage_in,26,18->22,11279.616360000002,edge_capacity,25,11275,11283.4,,,False,2,2
legacy_first32,hybrid_executable_teacher,30:storage_in,30,18->22,11281.06746,edge_capacity,25,11275,11283.4,,,False,2,2
legacy_first32,hybrid_executable_teacher,28:storage_in,28,18->22,11282.949590000002,edge_capacity,25,11275,11283.4,11283.445409999998,0.4958199999964563,True,2,2
legacy_first32,hybrid_executable_teacher,25:storage_in,25,22->24,11284.445409999998,edge_capacity,24,11278,11288.4,11288.445409999998,4.0,True,2,2
legacy_first32,hybrid_executable_teacher,24:storage_in,24,27->28,11292.045409999999,edge_capacity,23,11281.6,11292.4,11292.445409999998,0.3999999999996362,True,2,2
legacy_first32,hybrid_executable_teacher,28:storage_in,28,22->24,11292.845409999998,edge_capacity,25,11288.4,11298.8,11298.845409999998,6.0,True,2,2
legacy_first32,hybrid_executable_teacher,29:storage_in,29,24->27,11301.439820000001,edge_capacity,25,11299.8,11301.4,11301.445409999998,0.005589999997027917,True,2,2
legacy_first32,hybrid_executable_teacher,25:storage_in,25,27->28,11302.445409999998,edge_capacity,24,11292.4,11303.2,,,False,2,2
legacy_first32,hybrid_executable_teacher,31:storage_in,31,27->28,11310.344480000003,edge_capacity,29,11304,11314.8,,,False,2,2
legacy_first32,hybrid_executable_teacher,31:storage_in,31,27->28,11311.344480000003,edge_capacity,29,11304,11314.8,,,False,2,2
legacy_first32,hybrid_executable_teacher,28:storage_in,28,27->28,11312.845409999998,edge_capacity,29,11304,11314.8,11314.845409999998,2.0,True,2,2
legacy_offset32_static16,g3d_reroute_anchor,39:storage_in,39,16->21,11293.374240000001,edge_capacity,34,11285.2,11308,11308.03961,14.665369999998802,True,2,2
legacy_offset32_static16,g3d_reroute_anchor,39:storage_in,39,16->21,11294.374240000001,edge_capacity,34,11285.2,11308,11308.03961,13.665369999998802,True,2,2
legacy_offset32_static16,g3d_reroute_anchor,37:storage_in,37,18->22,11294.40084,edge_capacity,35,11292.5,11300.9,11300.93412,6.53327999999965,True,2,2
legacy_offset32_static16,g3d_reroute_anchor,39:storage_in,39,16->21,11295.374240000001,edge_capacity,34,11285.2,11308,11308.03961,12.665369999998802,True,2,2
legacy_offset32_static16,g3d_reroute_anchor,37:storage_in,37,18->22,11295.40084,edge_capacity,35,11292.5,11300.9,11300.93412,5.53327999999965,True,2,2
legacy_offset32_static16,g3d_reroute_anchor,39:storage_in,39,16->21,11296.374240000001,edge_capacity,34,11285.2,11308,11308.03961,11.665369999998802,True,2,2
legacy_offset32_static16,g3d_reroute_anchor,37:storage_in,37,18->22,11296.40084,edge_capacity,35,11292.5,11300.9,11300.93412,4.53327999999965,True,2,2
legacy_offset32_static16,g3d_reroute_anchor,39:storage_in,39,16->21,11297.374240000001,edge_capacity,34,11285.2,11308,11308.03961,10.665369999998802,True,2,2
legacy_offset32_static16,g3d_reroute_anchor,37:storage_in,37,18->22,11297.40084,edge_capacity,35,11292.5,11300.9,11300.93412,3.5332799999996496,True,2,2
legacy_offset32_static16,g3d_reroute_anchor,39:storage_in,39,16->21,11298.374240000001,edge_capacity,34,11285.2,11308,11308.03961,9.665369999998802,True,2,2
legacy_offset32_static16,g3d_reroute_anchor,37:storage_in,37,18->22,11298.40084,edge_capacity,35,11292.5,11300.9,11300.93412,2.5332799999996496,True,2,2
legacy_offset32_static16,g3d_reroute_anchor,36:storage_in,36,11->13,11299.187810000001,edge_capacity,32,11294,11305.2,11305.173150000002,5.985340000001088,True,2,2
legacy_offset32_static16,g3d_reroute_anchor,39:storage_in,39,16->21,11299.374240000001,edge_capacity,34,11285.2,11308,11308.03961,8.665369999998802,True,2,2
legacy_offset32_static16,g3d_reroute_anchor,37:storage_in,37,18->22,11299.40084,edge_capacity,35,11292.5,11300.9,11300.93412,1.5332799999996496,True,2,2
legacy_offset32_static16,g3d_reroute_anchor,39:storage_in,39,16->21,11300.374240000001,edge_capacity,34,11285.2,11308,11308.03961,7.665369999998802,True,2,2
legacy_offset32_static16,g3d_reroute_anchor,37:storage_in,37,18->22,11300.40084,edge_capacity,35,11292.5,11300.9,11300.93412,0.5332799999996496,True,2,2
legacy_offset32_static16,g3d_reroute_anchor,39:storage_in,39,16->21,11301.374240000001,edge_capacity,34,11285.2,11308,11308.03961,6.665369999998802,True,2,2
legacy_offset32_static16,g3d_reroute_anchor,39:storage_in,39,16->21,11302.374240000001,edge_capacity,34,11285.2,11308,11308.03961,5.665369999998802,True,2,2
legacy_offset32_static16,g3d_reroute_anchor,39:storage_in,39,16->21,11303.374240000001,edge_capacity,34,11285.2,11308,11308.03961,4.665369999998802,True,2,2
legacy_offset32_static16,g3d_reroute_anchor,39:storage_in,39,16->21,11304.374240000001,edge_capacity,34,11285.2,11308,11308.03961,3.665369999998802,True,2,2
legacy_offset32_static16,g3d_reroute_anchor,38:storage_in,38,11->13,11304.45449,edge_capacity,32,11294,11305.2,11305.173150000002,0.7186600000022736,True,2,2
legacy_offset32_static16,g3d_reroute_anchor,39:storage_in,39,16->21,11305.374240000001,edge_capacity,34,11285.2,11308,11308.03961,2.665369999998802,True,2,2
legacy_offset32_static16,g3d_reroute_anchor,39:storage_in,39,16->21,11306.374240000001,edge_capacity,34,11285.2,11308,11308.03961,1.665369999998802,True,2,2
legacy_offset32_static16,g3d_reroute_anchor,39:storage_in,39,16->21,11307.374240000001,edge_capacity,34,11285.2,11308,11308.03961,0.6653699999988021,True,2,2
legacy_offset32_static16,g3d_reroute_anchor,37:storage_in,37,22->24,11310.80084,edge_capacity,35,11301.9,11312.3,11312.33412,1.5332799999996496,True,2,2
legacy_offset32_static16,g3d_reroute_anchor,35:storage_in,35,27->28,11315.93412,edge_capacity,33,11311,11321.8,,,False,2,2
legacy_offset32_static16,g3d_reroute_anchor,32:storage_in,32,27->28,11317.573150000004,edge_capacity,33,11311,11321.8,,,False,2,2
legacy_offset32_static16,g3d_reroute_anchor,32:storage_in,32,27->28,11318.573150000004,edge_capacity,33,11311,11321.8,,,False,2,2
legacy_offset32_static16,g3d_reroute_anchor,34:storage_in,34,27->28,11320.03961,edge_capacity,33,11311,11321.8,,,False,2,2
legacy_offset32_static16,g3d_reroute_anchor,40:storage_in,40,27->28,11321.744440000002,edge_capacity,33,11311,11321.8,11321.83983,0.09538999999858788,True,2,2
legacy_offset32_static16,g3d_reroute_anchor,38:storage_in,38,27->28,11327.054490000002,edge_capacity,40,11322.7,11333.5,11333.544440000001,6.489949999999226,True,2,2
legacy_offset32_static16,g3d_reroute_anchor,38:storage_in,38,27->28,11328.054490000002,edge_capacity,40,11322.7,11333.5,11333.544440000001,5.489949999999226,True,2,2
legacy_offset32_static16,g3d_reroute_anchor,38:storage_in,38,27->28,11329.054490000002,edge_capacity,40,11322.7,11333.5,11333.544440000001,4.489949999999226,True,2,2
legacy_offset32_static16,g3d_reroute_anchor,38:storage_in,38,27->28,11330.054490000002,edge_capacity,40,11322.7,11333.5,11333.544440000001,3.489949999999226,True,2,2
legacy_offset32_static16,g3d_reroute_anchor,38:storage_in,38,27->28,11331.054490000002,edge_capacity,40,11322.7,11333.5,11333.544440000001,2.489949999999226,True,2,2
legacy_offset32_static16,g3d_reroute_anchor,38:storage_in,38,27->28,11332.054490000002,edge_capacity,40,11322.7,11333.5,11333.544440000001,1.4899499999992258,True,2,2
legacy_offset32_static16,g3d_reroute_anchor,38:storage_in,38,27->28,11333.054490000002,edge_capacity,40,11322.7,11333.5,11333.544440000001,0.48994999999922584,True,2,2
legacy_offset32_static16,g3d_reroute_anchor,39:storage_in,39,27->28,11343.17424,edge_capacity,38,11334.1,11344.9,11344.854490000002,1.6802500000012515,True,2,2
legacy_offset32_static16,g3d_reroute_anchor,39:storage_in,39,27->28,11344.17424,edge_capacity,38,11334.1,11344.9,11344.854490000002,0.6802500000012515,True,2,2
legacy_offset32_static16,g3d_reroute_anchor,43:storage_in,43,22->24,11880.94962,edge_capacity,42,11871.2,11881.6,11881.61553,0.6659099999997125,True,2,2
legacy_offset32_static16,g3d_reroute_anchor,42:storage_in,42,27->28,11885.21553,edge_capacity,41,11879.4,11890.2,11890.206600000001,4.991070000001855,True,2,2
legacy_offset32_static16,g3d_reroute_anchor,42:storage_in,42,27->28,11886.21553,edge_capacity,41,11879.4,11890.2,11890.206600000001,3.991070000001855,True,2,2
legacy_offset32_static16,g3d_reroute_anchor,42:storage_in,42,27->28,11887.21553,edge_capacity,41,11879.4,11890.2,11890.206600000001,2.991070000001855,True,2,2
legacy_offset32_static16,g3d_reroute_anchor,42:storage_in,42,27->28,11888.21553,edge_capacity,41,11879.4,11890.2,11890.206600000001,1.991070000001855,True,2,2
legacy_offset32_static16,g3d_reroute_anchor,42:storage_in,42,27->28,11889.21553,edge_capacity,41,11879.4,11890.2,11890.206600000001,0.9910700000018551,True,2,2
legacy_offset32_static16,g3d_reroute_anchor,47:storage_in,47,11->13,11893.787810000002,edge_capacity,45,11883.4,11894.6,11894.61115,0.823339999999007,True,2,2
legacy_offset32_static16,g3d_reroute_anchor,46:storage_in,46,24->27,11903.94881,edge_capacity,44,11902.7,11904.3,11904.348899999999,0.4000899999991816,True,2,2
legacy_offset32_static16,g3d_reroute_anchor,45:storage_in,45,27->28,11908.011150000002,edge_capacity,44,11905.3,11916.1,11916.148899999998,8.137749999996231,True,2,2
legacy_offset32_static16,g3d_reroute_anchor,45:storage_in,45,27->28,11909.011150000002,edge_capacity,44,11905.3,11916.1,11916.148899999998,7.137749999996231,True,2,2
legacy_offset32_static16,g3d_reroute_anchor,45:storage_in,45,27->28,11910.011150000002,edge_capacity,44,11905.3,11916.1,11916.148899999998,6.137749999996231,True,2,2
legacy_offset32_static16,g3d_reroute_anchor,47:storage_in,47,46->36,11910.187810000001,edge_capacity,43,11900.7,11915.5,11915.54962,5.361809999998513,True,2,2
legacy_offset32_static16,g3d_reroute_anchor,45:storage_in,45,27->28,11911.011150000002,edge_capacity,44,11905.3,11916.1,11916.148899999998,5.137749999996231,True,2,2
legacy_offset32_static16,g3d_reroute_anchor,47:storage_in,47,46->36,11911.187810000001,edge_capacity,43,11900.7,11915.5,11915.54962,4.361809999998513,True,2,2
legacy_offset32_static16,g3d_reroute_anchor,45:storage_in,45,27->28,11912.011150000002,edge_capacity,44,11905.3,11916.1,11916.148899999998,4.137749999996231,True,2,2
legacy_offset32_static16,g3d_reroute_anchor,47:storage_in,47,46->36,11912.187810000001,edge_capacity,43,11900.7,11915.5,11915.54962,3.3618099999985134,True,2,2
legacy_offset32_static16,g3d_reroute_anchor,45:storage_in,45,27->28,11913.011150000002,edge_capacity,44,11905.3,11916.1,11916.148899999998,3.137749999996231,True,2,2
legacy_offset32_static16,g3d_reroute_anchor,47:storage_in,47,46->36,11913.187810000001,edge_capacity,43,11900.7,11915.5,11915.54962,2.3618099999985134,True,2,2
legacy_offset32_static16,g3d_reroute_anchor,45:storage_in,45,27->28,11914.011150000002,edge_capacity,44,11905.3,11916.1,11916.148899999998,2.137749999996231,True,2,2
legacy_offset32_static16,g3d_reroute_anchor,47:storage_in,47,46->36,11914.187810000001,edge_capacity,43,11900.7,11915.5,11915.54962,1.3618099999985134,True,2,2
legacy_offset32_static16,g3d_reroute_anchor,45:storage_in,45,27->28,11915.011150000002,edge_capacity,44,11905.3,11916.1,11916.148899999998,1.137749999996231,True,2,2
legacy_offset32_static16,g3d_reroute_anchor,47:storage_in,47,46->36,11915.187810000001,edge_capacity,43,11900.7,11915.5,11915.54962,0.3618099999985134,True,2,2
legacy_offset32_static16,g3d_reroute_anchor,45:storage_in,45,27->28,11916.011150000002,edge_capacity,44,11905.3,11916.1,11916.148899999998,0.13774999999623105,True,2,2
legacy_offset32_static16,edge_release_wait_scheduler,39:storage_in,39,16->21,11293.374240000001,edge_capacity,34,11285.2,11308,11308.03961,14.665369999998802,True,2,2
legacy_offset32_static16,edge_release_wait_scheduler,37:storage_in,37,18->22,11294.40084,edge_capacity,35,11292.5,11300.9,11300.93412,6.53327999999965,True,2,2
legacy_offset32_static16,edge_release_wait_scheduler,36:storage_in,36,11->13,11299.187810000001,edge_capacity,32,11294,11305.2,11305.173150000002,5.985340000001088,True,2,2
legacy_offset32_static16,edge_release_wait_scheduler,38:storage_in,38,11->13,11306.45449,edge_capacity,36,11305.2,11316.4,11316.373150000003,9.918660000003001,True,2,2
legacy_offset32_static16,edge_release_wait_scheduler,37:storage_in,37,22->24,11310.33412,edge_capacity,35,11301.9,11312.3,11312.33412,2.0,True,2,2
legacy_offset32_static16,edge_release_wait_scheduler,35:storage_in,35,27->28,11315.93412,edge_capacity,33,11311,11321.8,,,False,2,2
legacy_offset32_static16,edge_release_wait_scheduler,32:storage_in,32,27->28,11317.573150000004,edge_capacity,33,11311,11321.8,,,False,2,2
legacy_offset32_static16,edge_release_wait_scheduler,32:storage_in,32,27->28,11318.573150000004,edge_capacity,33,11311,11321.8,,,False,2,2
legacy_offset32_static16,edge_release_wait_scheduler,34:storage_in,34,27->28,11320.03961,edge_capacity,33,11311,11321.8,,,False,2,2
legacy_offset32_static16,edge_release_wait_scheduler,40:storage_in,40,27->28,11321.744440000002,edge_capacity,33,11311,11321.8,11321.83983,0.09538999999858788,True,2,2
legacy_offset32_static16,edge_release_wait_scheduler,36:storage_in,36,24->27,11325.173150000004,edge_capacity,37,11323.7,11325.3,11325.33412,0.1609699999953591,True,2,2
legacy_offset32_static16,edge_release_wait_scheduler,37:storage_in,37,27->28,11326.33412,edge_capacity,40,11321.8,11332.6,,,False,2,2
legacy_offset32_static16,edge_release_wait_scheduler,36:storage_in,36,27->28,11327.93412,edge_capacity,40,11321.8,11332.6,11332.63983,4.705710000000181,True,2,2
legacy_offset32_static16,edge_release_wait_scheduler,38:storage_in,38,27->28,11337.973150000005,edge_capacity,36,11332.6,11343.4,11343.43983,5.466679999994085,True,2,2
legacy_offset32_static16,edge_release_wait_scheduler,39:storage_in,39,27->28,11344.839609999999,edge_capacity,38,11343.4,11354.2,11354.239829999999,9.400219999999536,True,2,2
legacy_offset32_static16,edge_release_wait_scheduler,43:storage_in,43,22->24,11880.94962,edge_capacity,42,11871.2,11881.6,11881.61553,0.6659099999997125,True,2,2
legacy_offset32_static16,edge_release_wait_scheduler,42:storage_in,42,27->28,11885.21553,edge_capacity,41,11879.4,11890.2,11890.206600000001,4.991070000001855,True,2,2
legacy_offset32_static16,edge_release_wait_scheduler,47:storage_in,47,11->13,11893.787810000002,edge_capacity,45,11883.4,11894.6,11894.61115,0.823339999999007,True,2,2
legacy_offset32_static16,edge_release_wait_scheduler,43:storage_in,43,27->28,11895.61553,edge_capacity,42,11890.2,11901,11901.0066,5.391070000001491,True,2,2
legacy_offset32_static16,edge_release_wait_scheduler,46:storage_in,46,24->27,11903.94881,edge_capacity,44,11902.7,11904.3,11904.348899999999,0.4000899999991816,True,2,2
legacy_offset32_static16,edge_release_wait_scheduler,44:storage_in,44,27->28,11905.348899999999,edge_capacity,43,11901,11911.8,,,False,2,2
legacy_offset32_static16,edge_release_wait_scheduler,45:storage_in,45,24->27,11905.411150000002,edge_capacity,46,11904.3,11905.9,11905.9489,0.5377499999976862,True,2,2
legacy_offset32_static16,edge_release_wait_scheduler,46:storage_in,46,27->28,11906.9489,edge_capacity,43,11901,11911.8,,,False,2,2
legacy_offset32_static16,edge_release_wait_scheduler,45:storage_in,45,27->28,11908.5489,edge_capacity,43,11901,11911.8,11911.8066,3.2577000000001135,True,2,2
legacy_offset32_static16,edge_release_wait_scheduler,47:storage_in,47,27->28,11916.211150000003,edge_capacity,45,11911.8,11922.6,11922.6066,6.395449999996345,True,2,2
legacy_offset32_static16,fifo_edge_queue_scheduler,39:storage_in,39,16->21,11293.374240000001,edge_capacity,34,11285.2,11308,11308.03961,14.665369999998802,True,2,2
legacy_offset32_static16,fifo_edge_queue_scheduler,37:storage_in,37,18->22,11294.40084,edge_capacity,35,11292.5,11300.9,11300.93412,6.53327999999965,True,2,2
legacy_offset32_static16,fifo_edge_queue_scheduler,36:storage_in,36,11->13,11299.187810000001,edge_capacity,32,11294,11305.2,11305.173150000002,5.985340000001088,True,2,2
legacy_offset32_static16,fifo_edge_queue_scheduler,38:storage_in,38,11->13,11306.45449,edge_capacity,36,11305.2,11316.4,11316.373150000003,9.918660000003001,True,2,2
legacy_offset32_static16,fifo_edge_queue_scheduler,37:storage_in,37,22->24,11310.33412,edge_capacity,35,11301.9,11312.3,11312.33412,2.0,True,2,2
legacy_offset32_static16,fifo_edge_queue_scheduler,35:storage_in,35,27->28,11315.93412,edge_capacity,33,11311,11321.8,,,False,2,2
legacy_offset32_static16,fifo_edge_queue_scheduler,32:storage_in,32,27->28,11317.573150000004,edge_capacity,33,11311,11321.8,,,False,2,2
legacy_offset32_static16,fifo_edge_queue_scheduler,32:storage_in,32,27->28,11318.573150000004,edge_capacity,33,11311,11321.8,,,False,2,2
legacy_offset32_static16,fifo_edge_queue_scheduler,34:storage_in,34,27->28,11320.03961,edge_capacity,33,11311,11321.8,,,False,2,2
legacy_offset32_static16,fifo_edge_queue_scheduler,40:storage_in,40,27->28,11321.744440000002,edge_capacity,33,11311,11321.8,11321.83983,0.09538999999858788,True,2,2
legacy_offset32_static16,fifo_edge_queue_scheduler,36:storage_in,36,24->27,11325.173150000004,edge_capacity,37,11323.7,11325.3,11325.33412,0.1609699999953591,True,2,2
legacy_offset32_static16,fifo_edge_queue_scheduler,37:storage_in,37,27->28,11326.33412,edge_capacity,40,11321.8,11332.6,,,False,2,2
legacy_offset32_static16,fifo_edge_queue_scheduler,36:storage_in,36,27->28,11327.93412,edge_capacity,40,11321.8,11332.6,11332.63983,4.705710000000181,True,2,2
legacy_offset32_static16,fifo_edge_queue_scheduler,38:storage_in,38,27->28,11337.973150000005,edge_capacity,36,11332.6,11343.4,11343.43983,5.466679999994085,True,2,2
legacy_offset32_static16,fifo_edge_queue_scheduler,39:storage_in,39,27->28,11344.839609999999,edge_capacity,38,11343.4,11354.2,11354.239829999999,9.400219999999536,True,2,2
legacy_offset32_static16,fifo_edge_queue_scheduler,43:storage_in,43,22->24,11880.94962,edge_capacity,42,11871.2,11881.6,11881.61553,0.6659099999997125,True,2,2
legacy_offset32_static16,fifo_edge_queue_scheduler,42:storage_in,42,27->28,11885.21553,edge_capacity,41,11879.4,11890.2,11890.206600000001,4.991070000001855,True,2,2
legacy_offset32_static16,fifo_edge_queue_scheduler,47:storage_in,47,11->13,11893.787810000002,edge_capacity,45,11883.4,11894.6,11894.61115,0.823339999999007,True,2,2
legacy_offset32_static16,fifo_edge_queue_scheduler,43:storage_in,43,27->28,11895.61553,edge_capacity,42,11890.2,11901,11901.0066,5.391070000001491,True,2,2
legacy_offset32_static16,fifo_edge_queue_scheduler,46:storage_in,46,24->27,11903.94881,edge_capacity,44,11902.7,11904.3,11904.348899999999,0.4000899999991816,True,2,2
legacy_offset32_static16,fifo_edge_queue_scheduler,44:storage_in,44,27->28,11905.348899999999,edge_capacity,43,11901,11911.8,,,False,2,2
legacy_offset32_static16,fifo_edge_queue_scheduler,45:storage_in,45,24->27,11905.411150000002,edge_capacity,46,11904.3,11905.9,11905.9489,0.5377499999976862,True,2,2
legacy_offset32_static16,fifo_edge_queue_scheduler,46:storage_in,46,27->28,11906.9489,edge_capacity,43,11901,11911.8,,,False,2,2
legacy_offset32_static16,fifo_edge_queue_scheduler,45:storage_in,45,27->28,11908.5489,edge_capacity,43,11901,11911.8,11911.8066,3.2577000000001135,True,2,2
legacy_offset32_static16,fifo_edge_queue_scheduler,47:storage_in,47,27->28,11916.211150000003,edge_capacity,45,11911.8,11922.6,11922.6066,6.395449999996345,True,2,2
legacy_offset32_static16,capacity_wait_budget_5s,39:storage_in,39,16->21,11293.374240000001,edge_capacity,34,11285.2,11308,11308.03961,14.665369999998802,True,2,2
legacy_offset32_static16,capacity_wait_budget_5s,37:storage_in,37,18->22,11294.40084,edge_capacity,35,11292.5,11300.9,11300.93412,6.53327999999965,True,2,2
legacy_offset32_static16,capacity_wait_budget_5s,36:storage_in,36,11->13,11299.187810000001,edge_capacity,32,11294,11305.2,11305.173150000002,5.985340000001088,True,2,2
legacy_offset32_static16,capacity_wait_budget_5s,38:storage_in,38,11->13,11304.45449,edge_capacity,32,11294,11305.2,11305.173150000002,0.7186600000022736,True,2,2
legacy_offset32_static16,capacity_wait_budget_5s,37:storage_in,37,22->24,11310.33412,edge_capacity,35,11301.9,11312.3,11312.33412,2.0,True,2,2
legacy_offset32_static16,capacity_wait_budget_5s,35:storage_in,35,27->28,11315.93412,edge_capacity,33,11311,11321.8,,,False,2,2
legacy_offset32_static16,capacity_wait_budget_5s,32:storage_in,32,27->28,11317.573150000004,edge_capacity,33,11311,11321.8,,,False,2,2
legacy_offset32_static16,capacity_wait_budget_5s,32:storage_in,32,27->28,11318.573150000004,edge_capacity,33,11311,11321.8,,,False,2,2
legacy_offset32_static16,capacity_wait_budget_5s,34:storage_in,34,27->28,11320.03961,edge_capacity,33,11311,11321.8,,,False,2,2
legacy_offset32_static16,capacity_wait_budget_5s,40:storage_in,40,27->28,11321.744440000002,edge_capacity,33,11311,11321.8,11321.83983,0.09538999999858788,True,2,2
legacy_offset32_static16,capacity_wait_budget_5s,38:storage_in,38,24->27,11325.173150000004,edge_capacity,37,11323.7,11325.3,11325.33412,0.1609699999953591,True,2,2
legacy_offset32_static16,capacity_wait_budget_5s,37:storage_in,37,27->28,11326.33412,edge_capacity,40,11321.8,11332.6,,,False,2,2
legacy_offset32_static16,capacity_wait_budget_5s,38:storage_in,38,27->28,11327.93412,edge_capacity,40,11321.8,11332.6,11332.63983,4.705710000000181,True,2,2
legacy_offset32_static16,capacity_wait_budget_5s,39:storage_in,39,27->28,11342.839609999999,edge_capacity,38,11332.6,11343.4,11343.43983,0.6002200000002631,True,2,2
legacy_offset32_static16,capacity_wait_budget_5s,43:storage_in,43,22->24,11880.94962,edge_capacity,42,11871.2,11881.6,11881.61553,0.6659099999997125,True,2,2
legacy_offset32_static16,capacity_wait_budget_5s,42:storage_in,42,27->28,11885.21553,edge_capacity,41,11879.4,11890.2,11890.206600000001,4.991070000001855,True,2,2
legacy_offset32_static16,capacity_wait_budget_5s,47:storage_in,47,11->13,11893.787810000002,edge_capacity,45,11883.4,11894.6,11894.61115,0.823339999999007,True,2,2
legacy_offset32_static16,capacity_wait_budget_5s,43:storage_in,43,27->28,11895.61553,edge_capacity,42,11890.2,11901,11901.0066,5.391070000001491,True,2,2
legacy_offset32_static16,capacity_wait_budget_5s,46:storage_in,46,24->27,11903.94881,edge_capacity,44,11902.7,11904.3,11904.348899999999,0.4000899999991816,True,2,2
legacy_offset32_static16,capacity_wait_budget_5s,44:storage_in,44,27->28,11905.348899999999,edge_capacity,43,11901,11911.8,,,False,2,2
legacy_offset32_static16,capacity_wait_budget_5s,45:storage_in,45,24->27,11905.411150000002,edge_capacity,46,11904.3,11905.9,11905.9489,0.5377499999976862,True,2,2
legacy_offset32_static16,capacity_wait_budget_5s,46:storage_in,46,27->28,11906.9489,edge_capacity,43,11901,11911.8,,,False,2,2
legacy_offset32_static16,capacity_wait_budget_5s,45:storage_in,45,27->28,11908.5489,edge_capacity,43,11901,11911.8,11911.8066,3.2577000000001135,True,2,2
legacy_offset32_static16,capacity_wait_budget_5s,47:storage_in,47,27->28,11916.211150000003,edge_capacity,45,11911.8,11922.6,11922.6066,6.395449999996345,True,2,2
legacy_offset32_static16,capacity_wait_budget_10s,39:storage_in,39,16->21,11293.374240000001,edge_capacity,34,11285.2,11308,11308.03961,14.665369999998802,True,2,2
legacy_offset32_static16,capacity_wait_budget_10s,37:storage_in,37,18->22,11294.40084,edge_capacity,35,11292.5,11300.9,11300.93412,6.53327999999965,True,2,2
legacy_offset32_static16,capacity_wait_budget_10s,36:storage_in,36,11->13,11299.187810000001,edge_capacity,32,11294,11305.2,11305.173150000002,5.985340000001088,True,2,2
legacy_offset32_static16,capacity_wait_budget_10s,38:storage_in,38,11->13,11306.45449,edge_capacity,36,11305.2,11316.4,11316.373150000003,9.918660000003001,True,2,2
legacy_offset32_static16,capacity_wait_budget_10s,37:storage_in,37,22->24,11310.33412,edge_capacity,35,11301.9,11312.3,11312.33412,2.0,True,2,2
legacy_offset32_static16,capacity_wait_budget_10s,35:storage_in,35,27->28,11315.93412,edge_capacity,33,11311,11321.8,,,False,2,2
legacy_offset32_static16,capacity_wait_budget_10s,32:storage_in,32,27->28,11317.573150000004,edge_capacity,33,11311,11321.8,,,False,2,2
legacy_offset32_static16,capacity_wait_budget_10s,32:storage_in,32,27->28,11318.573150000004,edge_capacity,33,11311,11321.8,,,False,2,2
legacy_offset32_static16,capacity_wait_budget_10s,34:storage_in,34,27->28,11320.03961,edge_capacity,33,11311,11321.8,,,False,2,2
legacy_offset32_static16,capacity_wait_budget_10s,40:storage_in,40,27->28,11321.744440000002,edge_capacity,33,11311,11321.8,11321.83983,0.09538999999858788,True,2,2
legacy_offset32_static16,capacity_wait_budget_10s,36:storage_in,36,24->27,11325.173150000004,edge_capacity,37,11323.7,11325.3,11325.33412,0.1609699999953591,True,2,2
legacy_offset32_static16,capacity_wait_budget_10s,37:storage_in,37,27->28,11326.33412,edge_capacity,40,11321.8,11332.6,,,False,2,2
legacy_offset32_static16,capacity_wait_budget_10s,36:storage_in,36,27->28,11327.93412,edge_capacity,40,11321.8,11332.6,11332.63983,4.705710000000181,True,2,2
legacy_offset32_static16,capacity_wait_budget_10s,38:storage_in,38,27->28,11337.973150000005,edge_capacity,36,11332.6,11343.4,11343.43983,5.466679999994085,True,2,2
legacy_offset32_static16,capacity_wait_budget_10s,39:storage_in,39,27->28,11344.839609999999,edge_capacity,38,11343.4,11354.2,11354.239829999999,9.400219999999536,True,2,2
legacy_offset32_static16,capacity_wait_budget_10s,43:storage_in,43,22->24,11880.94962,edge_capacity,42,11871.2,11881.6,11881.61553,0.6659099999997125,True,2,2
legacy_offset32_static16,capacity_wait_budget_10s,42:storage_in,42,27->28,11885.21553,edge_capacity,41,11879.4,11890.2,11890.206600000001,4.991070000001855,True,2,2
legacy_offset32_static16,capacity_wait_budget_10s,47:storage_in,47,11->13,11893.787810000002,edge_capacity,45,11883.4,11894.6,11894.61115,0.823339999999007,True,2,2
legacy_offset32_static16,capacity_wait_budget_10s,43:storage_in,43,27->28,11895.61553,edge_capacity,42,11890.2,11901,11901.0066,5.391070000001491,True,2,2
legacy_offset32_static16,capacity_wait_budget_10s,46:storage_in,46,24->27,11903.94881,edge_capacity,44,11902.7,11904.3,11904.348899999999,0.4000899999991816,True,2,2
legacy_offset32_static16,capacity_wait_budget_10s,44:storage_in,44,27->28,11905.348899999999,edge_capacity,43,11901,11911.8,,,False,2,2
legacy_offset32_static16,capacity_wait_budget_10s,45:storage_in,45,24->27,11905.411150000002,edge_capacity,46,11904.3,11905.9,11905.9489,0.5377499999976862,True,2,2
legacy_offset32_static16,capacity_wait_budget_10s,46:storage_in,46,27->28,11906.9489,edge_capacity,43,11901,11911.8,,,False,2,2
legacy_offset32_static16,capacity_wait_budget_10s,45:storage_in,45,27->28,11908.5489,edge_capacity,43,11901,11911.8,11911.8066,3.2577000000001135,True,2,2
legacy_offset32_static16,capacity_wait_budget_10s,47:storage_in,47,27->28,11916.211150000003,edge_capacity,45,11911.8,11922.6,11922.6066,6.395449999996345,True,2,2
legacy_offset32_static16,capacity_wait_budget_30s,39:storage_in,39,16->21,11293.374240000001,edge_capacity,34,11285.2,11308,11308.03961,14.665369999998802,True,2,2
legacy_offset32_static16,capacity_wait_budget_30s,37:storage_in,37,18->22,11294.40084,edge_capacity,35,11292.5,11300.9,11300.93412,6.53327999999965,True,2,2
legacy_offset32_static16,capacity_wait_budget_30s,36:storage_in,36,11->13,11299.187810000001,edge_capacity,32,11294,11305.2,11305.173150000002,5.985340000001088,True,2,2
legacy_offset32_static16,capacity_wait_budget_30s,38:storage_in,38,11->13,11306.45449,edge_capacity,36,11305.2,11316.4,11316.373150000003,9.918660000003001,True,2,2
legacy_offset32_static16,capacity_wait_budget_30s,37:storage_in,37,22->24,11310.33412,edge_capacity,35,11301.9,11312.3,11312.33412,2.0,True,2,2
legacy_offset32_static16,capacity_wait_budget_30s,35:storage_in,35,27->28,11315.93412,edge_capacity,33,11311,11321.8,,,False,2,2
legacy_offset32_static16,capacity_wait_budget_30s,32:storage_in,32,27->28,11317.573150000004,edge_capacity,33,11311,11321.8,,,False,2,2
legacy_offset32_static16,capacity_wait_budget_30s,32:storage_in,32,27->28,11318.573150000004,edge_capacity,33,11311,11321.8,,,False,2,2
legacy_offset32_static16,capacity_wait_budget_30s,34:storage_in,34,27->28,11320.03961,edge_capacity,33,11311,11321.8,,,False,2,2
legacy_offset32_static16,capacity_wait_budget_30s,40:storage_in,40,27->28,11321.744440000002,edge_capacity,33,11311,11321.8,11321.83983,0.09538999999858788,True,2,2
legacy_offset32_static16,capacity_wait_budget_30s,36:storage_in,36,24->27,11325.173150000004,edge_capacity,37,11323.7,11325.3,11325.33412,0.1609699999953591,True,2,2
legacy_offset32_static16,capacity_wait_budget_30s,37:storage_in,37,27->28,11326.33412,edge_capacity,40,11321.8,11332.6,,,False,2,2
legacy_offset32_static16,capacity_wait_budget_30s,36:storage_in,36,27->28,11327.93412,edge_capacity,40,11321.8,11332.6,11332.63983,4.705710000000181,True,2,2
legacy_offset32_static16,capacity_wait_budget_30s,38:storage_in,38,27->28,11337.973150000005,edge_capacity,36,11332.6,11343.4,11343.43983,5.466679999994085,True,2,2
legacy_offset32_static16,capacity_wait_budget_30s,39:storage_in,39,27->28,11344.839609999999,edge_capacity,38,11343.4,11354.2,11354.239829999999,9.400219999999536,True,2,2
legacy_offset32_static16,capacity_wait_budget_30s,43:storage_in,43,22->24,11880.94962,edge_capacity,42,11871.2,11881.6,11881.61553,0.6659099999997125,True,2,2
legacy_offset32_static16,capacity_wait_budget_30s,42:storage_in,42,27->28,11885.21553,edge_capacity,41,11879.4,11890.2,11890.206600000001,4.991070000001855,True,2,2
legacy_offset32_static16,capacity_wait_budget_30s,47:storage_in,47,11->13,11893.787810000002,edge_capacity,45,11883.4,11894.6,11894.61115,0.823339999999007,True,2,2
legacy_offset32_static16,capacity_wait_budget_30s,43:storage_in,43,27->28,11895.61553,edge_capacity,42,11890.2,11901,11901.0066,5.391070000001491,True,2,2
legacy_offset32_static16,capacity_wait_budget_30s,46:storage_in,46,24->27,11903.94881,edge_capacity,44,11902.7,11904.3,11904.348899999999,0.4000899999991816,True,2,2
legacy_offset32_static16,capacity_wait_budget_30s,44:storage_in,44,27->28,11905.348899999999,edge_capacity,43,11901,11911.8,,,False,2,2
legacy_offset32_static16,capacity_wait_budget_30s,45:storage_in,45,24->27,11905.411150000002,edge_capacity,46,11904.3,11905.9,11905.9489,0.5377499999976862,True,2,2
legacy_offset32_static16,capacity_wait_budget_30s,46:storage_in,46,27->28,11906.9489,edge_capacity,43,11901,11911.8,,,False,2,2
legacy_offset32_static16,capacity_wait_budget_30s,45:storage_in,45,27->28,11908.5489,edge_capacity,43,11901,11911.8,11911.8066,3.2577000000001135,True,2,2
legacy_offset32_static16,capacity_wait_budget_30s,47:storage_in,47,27->28,11916.211150000003,edge_capacity,45,11911.8,11922.6,11922.6066,6.395449999996345,True,2,2
legacy_offset32_static16,capacity_wait_budget_60s,39:storage_in,39,16->21,11293.374240000001,edge_capacity,34,11285.2,11308,11308.03961,14.665369999998802,True,2,2
legacy_offset32_static16,capacity_wait_budget_60s,37:storage_in,37,18->22,11294.40084,edge_capacity,35,11292.5,11300.9,11300.93412,6.53327999999965,True,2,2
legacy_offset32_static16,capacity_wait_budget_60s,36:storage_in,36,11->13,11299.187810000001,edge_capacity,32,11294,11305.2,11305.173150000002,5.985340000001088,True,2,2
legacy_offset32_static16,capacity_wait_budget_60s,38:storage_in,38,11->13,11306.45449,edge_capacity,36,11305.2,11316.4,11316.373150000003,9.918660000003001,True,2,2
legacy_offset32_static16,capacity_wait_budget_60s,37:storage_in,37,22->24,11310.33412,edge_capacity,35,11301.9,11312.3,11312.33412,2.0,True,2,2
legacy_offset32_static16,capacity_wait_budget_60s,35:storage_in,35,27->28,11315.93412,edge_capacity,33,11311,11321.8,,,False,2,2
legacy_offset32_static16,capacity_wait_budget_60s,32:storage_in,32,27->28,11317.573150000004,edge_capacity,33,11311,11321.8,,,False,2,2
legacy_offset32_static16,capacity_wait_budget_60s,32:storage_in,32,27->28,11318.573150000004,edge_capacity,33,11311,11321.8,,,False,2,2
legacy_offset32_static16,capacity_wait_budget_60s,34:storage_in,34,27->28,11320.03961,edge_capacity,33,11311,11321.8,,,False,2,2
legacy_offset32_static16,capacity_wait_budget_60s,40:storage_in,40,27->28,11321.744440000002,edge_capacity,33,11311,11321.8,11321.83983,0.09538999999858788,True,2,2
legacy_offset32_static16,capacity_wait_budget_60s,36:storage_in,36,24->27,11325.173150000004,edge_capacity,37,11323.7,11325.3,11325.33412,0.1609699999953591,True,2,2
legacy_offset32_static16,capacity_wait_budget_60s,37:storage_in,37,27->28,11326.33412,edge_capacity,40,11321.8,11332.6,,,False,2,2
legacy_offset32_static16,capacity_wait_budget_60s,36:storage_in,36,27->28,11327.93412,edge_capacity,40,11321.8,11332.6,11332.63983,4.705710000000181,True,2,2
legacy_offset32_static16,capacity_wait_budget_60s,38:storage_in,38,27->28,11337.973150000005,edge_capacity,36,11332.6,11343.4,11343.43983,5.466679999994085,True,2,2
legacy_offset32_static16,capacity_wait_budget_60s,39:storage_in,39,27->28,11344.839609999999,edge_capacity,38,11343.4,11354.2,11354.239829999999,9.400219999999536,True,2,2
legacy_offset32_static16,capacity_wait_budget_60s,43:storage_in,43,22->24,11880.94962,edge_capacity,42,11871.2,11881.6,11881.61553,0.6659099999997125,True,2,2
legacy_offset32_static16,capacity_wait_budget_60s,42:storage_in,42,27->28,11885.21553,edge_capacity,41,11879.4,11890.2,11890.206600000001,4.991070000001855,True,2,2
legacy_offset32_static16,capacity_wait_budget_60s,47:storage_in,47,11->13,11893.787810000002,edge_capacity,45,11883.4,11894.6,11894.61115,0.823339999999007,True,2,2
legacy_offset32_static16,capacity_wait_budget_60s,43:storage_in,43,27->28,11895.61553,edge_capacity,42,11890.2,11901,11901.0066,5.391070000001491,True,2,2
legacy_offset32_static16,capacity_wait_budget_60s,46:storage_in,46,24->27,11903.94881,edge_capacity,44,11902.7,11904.3,11904.348899999999,0.4000899999991816,True,2,2
legacy_offset32_static16,capacity_wait_budget_60s,44:storage_in,44,27->28,11905.348899999999,edge_capacity,43,11901,11911.8,,,False,2,2
legacy_offset32_static16,capacity_wait_budget_60s,45:storage_in,45,24->27,11905.411150000002,edge_capacity,46,11904.3,11905.9,11905.9489,0.5377499999976862,True,2,2
legacy_offset32_static16,capacity_wait_budget_60s,46:storage_in,46,27->28,11906.9489,edge_capacity,43,11901,11911.8,,,False,2,2
legacy_offset32_static16,capacity_wait_budget_60s,45:storage_in,45,27->28,11908.5489,edge_capacity,43,11901,11911.8,11911.8066,3.2577000000001135,True,2,2
legacy_offset32_static16,capacity_wait_budget_60s,47:storage_in,47,27->28,11916.211150000003,edge_capacity,45,11911.8,11922.6,11922.6066,6.395449999996345,True,2,2
legacy_offset32_static16,hybrid_executable_teacher,39:storage_in,39,16->21,11293.374240000001,edge_capacity,34,11285.2,11308,11308.03961,14.665369999998802,True,2,2
legacy_offset32_static16,hybrid_executable_teacher,37:storage_in,37,18->22,11294.40084,edge_capacity,35,11292.5,11300.9,11300.93412,6.53327999999965,True,2,2
legacy_offset32_static16,hybrid_executable_teacher,36:storage_in,36,11->13,11299.187810000001,edge_capacity,32,11294,11305.2,11305.173150000002,5.985340000001088,True,2,2
legacy_offset32_static16,hybrid_executable_teacher,38:storage_in,38,11->13,11306.45449,edge_capacity,36,11305.2,11316.4,11316.373150000003,9.918660000003001,True,2,2
legacy_offset32_static16,hybrid_executable_teacher,37:storage_in,37,22->24,11310.33412,edge_capacity,35,11301.9,11312.3,11312.33412,2.0,True,2,2
legacy_offset32_static16,hybrid_executable_teacher,35:storage_in,35,27->28,11315.93412,edge_capacity,33,11311,11321.8,,,False,2,2
legacy_offset32_static16,hybrid_executable_teacher,32:storage_in,32,27->28,11317.573150000004,edge_capacity,33,11311,11321.8,,,False,2,2
legacy_offset32_static16,hybrid_executable_teacher,32:storage_in,32,27->28,11318.573150000004,edge_capacity,33,11311,11321.8,,,False,2,2
legacy_offset32_static16,hybrid_executable_teacher,34:storage_in,34,27->28,11320.03961,edge_capacity,33,11311,11321.8,,,False,2,2
legacy_offset32_static16,hybrid_executable_teacher,40:storage_in,40,27->28,11321.744440000002,edge_capacity,33,11311,11321.8,11321.83983,0.09538999999858788,True,2,2
legacy_offset32_static16,hybrid_executable_teacher,36:storage_in,36,24->27,11325.173150000004,edge_capacity,37,11323.7,11325.3,11325.33412,0.1609699999953591,True,2,2
legacy_offset32_static16,hybrid_executable_teacher,37:storage_in,37,27->28,11326.33412,edge_capacity,40,11321.8,11332.6,,,False,2,2
legacy_offset32_static16,hybrid_executable_teacher,36:storage_in,36,27->28,11327.93412,edge_capacity,40,11321.8,11332.6,11332.63983,4.705710000000181,True,2,2
legacy_offset32_static16,hybrid_executable_teacher,38:storage_in,38,27->28,11337.973150000005,edge_capacity,36,11332.6,11343.4,11343.43983,5.466679999994085,True,2,2
legacy_offset32_static16,hybrid_executable_teacher,39:storage_in,39,27->28,11344.839609999999,edge_capacity,38,11343.4,11354.2,11354.239829999999,9.400219999999536,True,2,2
legacy_offset32_static16,hybrid_executable_teacher,43:storage_in,43,22->24,11880.94962,edge_capacity,42,11871.2,11881.6,11881.61553,0.6659099999997125,True,2,2
legacy_offset32_static16,hybrid_executable_teacher,42:storage_in,42,27->28,11885.21553,edge_capacity,41,11879.4,11890.2,11890.206600000001,4.991070000001855,True,2,2
legacy_offset32_static16,hybrid_executable_teacher,47:storage_in,47,11->13,11893.787810000002,edge_capacity,45,11883.4,11894.6,11894.61115,0.823339999999007,True,2,2
legacy_offset32_static16,hybrid_executable_teacher,43:storage_in,43,27->28,11895.61553,edge_capacity,42,11890.2,11901,11901.0066,5.391070000001491,True,2,2
legacy_offset32_static16,hybrid_executable_teacher,46:storage_in,46,24->27,11903.94881,edge_capacity,44,11902.7,11904.3,11904.348899999999,0.4000899999991816,True,2,2
legacy_offset32_static16,hybrid_executable_teacher,44:storage_in,44,27->28,11905.348899999999,edge_capacity,43,11901,11911.8,,,False,2,2
legacy_offset32_static16,hybrid_executable_teacher,45:storage_in,45,24->27,11905.411150000002,edge_capacity,46,11904.3,11905.9,11905.9489,0.5377499999976862,True,2,2
legacy_offset32_static16,hybrid_executable_teacher,46:storage_in,46,27->28,11906.9489,edge_capacity,43,11901,11911.8,,,False,2,2
legacy_offset32_static16,hybrid_executable_teacher,45:storage_in,45,27->28,11908.5489,edge_capacity,43,11901,11911.8,11911.8066,3.2577000000001135,True,2,2
legacy_offset32_static16,hybrid_executable_teacher,47:storage_in,47,27->28,11916.211150000003,edge_capacity,45,11911.8,11922.6,11922.6066,6.395449999996345,True,2,2
legacy_offset64_repair32,g3d_reroute_anchor,68:storage_in,68,18->22,12486.50318,edge_capacity,64,12484.4,12492.8,,,False,2,2
legacy_offset64_repair32,g3d_reroute_anchor,66:storage_in,66,18->22,12487.636550000001,edge_capacity,64,12484.4,12492.8,12492.83977,5.203219999999419,True,2,2
legacy_offset64_repair32,g3d_reroute_anchor,66:storage_in,66,18->22,12488.636550000001,edge_capacity,64,12484.4,12492.8,12492.83977,4.203219999999419,True,2,2
legacy_offset64_repair32,g3d_reroute_anchor,66:storage_in,66,18->22,12489.636550000001,edge_capacity,64,12484.4,12492.8,12492.83977,3.203219999999419,True,2,2
legacy_offset64_repair32,g3d_reroute_anchor,66:storage_in,66,18->22,12490.636550000001,edge_capacity,64,12484.4,12492.8,,,False,2,2
legacy_offset64_repair32,g3d_reroute_anchor,69:storage_in,69,18->22,12492.46742,edge_capacity,64,12484.4,12492.8,12492.83977,0.372349999999642,True,2,2
legacy_offset64_repair32,g3d_reroute_anchor,71:storage_in,71,18->22,12495.506200000002,edge_capacity,73,12494.4,12502.8,12502.77299,7.2667899999978545,True,2,2
legacy_offset64_repair32,g3d_reroute_anchor,71:storage_in,71,18->22,12496.506200000002,edge_capacity,73,12494.4,12502.8,12502.77299,6.2667899999978545,True,2,2
legacy_offset64_repair32,g3d_reroute_anchor,71:storage_in,71,18->22,12497.506200000002,edge_capacity,73,12494.4,12502.8,12502.77299,5.2667899999978545,True,2,2
legacy_offset64_repair32,g3d_reroute_anchor,74:storage_in,74,8->11,12497.83982,edge_capacity,70,12495.1,12498.3,12498.306480000001,0.46666000000186614,True,2,2
legacy_offset64_repair32,g3d_reroute_anchor,71:storage_in,71,18->22,12498.506200000002,edge_capacity,73,12494.4,12502.8,,,False,2,2
legacy_offset64_repair32,g3d_reroute_anchor,70:storage_in,70,11->13,12499.306480000001,edge_capacity,67,12491.2,12502.4,,,False,2,2
legacy_offset64_repair32,g3d_reroute_anchor,71:storage_in,71,18->22,12499.506200000002,edge_capacity,73,12494.4,12502.8,,,False,2,2
legacy_offset64_repair32,g3d_reroute_anchor,75:storage_in,75,18->22,12500.574170000002,edge_capacity,73,12494.4,12502.8,12502.77299,2.198819999997795,True,2,2
legacy_offset64_repair32,g3d_reroute_anchor,75:storage_in,75,18->22,12501.574170000002,edge_capacity,73,12494.4,12502.8,12502.77299,1.198819999997795,True,2,2
legacy_offset64_repair32,g3d_reroute_anchor,75:storage_in,75,18->22,12502.574170000002,edge_capacity,73,12494.4,12502.8,12502.77299,0.1988199999977951,True,2,2
legacy_offset64_repair32,g3d_reroute_anchor,73:storage_in,73,22->24,12503.77299,edge_capacity,64,12493.8,12504.2,12504.23977,0.46678000000065367,True,2,2
legacy_offset64_repair32,g3d_reroute_anchor,76:storage_in,76,11->13,12507.121410000002,edge_capacity,74,12503,12514.2,12514.23982,7.11840999999913,True,2,2
legacy_offset64_repair32,g3d_reroute_anchor,64:storage_in,64,27->28,12507.83977,edge_capacity,65,12505.5,12516.3,12516.337770000002,8.498000000001412,True,2,2
legacy_offset64_repair32,g3d_reroute_anchor,76:storage_in,76,11->13,12508.121410000002,edge_capacity,74,12503,12514.2,12514.23982,6.11840999999913,True,2,2
legacy_offset64_repair32,g3d_reroute_anchor,64:storage_in,64,27->28,12508.83977,edge_capacity,65,12505.5,12516.3,12516.337770000002,7.4980000000014115,True,2,2
legacy_offset64_repair32,g3d_reroute_anchor,76:storage_in,76,11->13,12509.121410000002,edge_capacity,74,12503,12514.2,12514.23982,5.11840999999913,True,2,2
legacy_offset64_repair32,g3d_reroute_anchor,64:storage_in,64,27->28,12509.83977,edge_capacity,65,12505.5,12516.3,12516.337770000002,6.4980000000014115,True,2,2
legacy_offset64_repair32,g3d_reroute_anchor,76:storage_in,76,11->13,12510.121410000002,edge_capacity,74,12503,12514.2,12514.23982,4.11840999999913,True,2,2
legacy_offset64_repair32,g3d_reroute_anchor,64:storage_in,64,27->28,12510.83977,edge_capacity,65,12505.5,12516.3,,,False,2,2
legacy_offset64_repair32,g3d_reroute_anchor,76:storage_in,76,11->13,12511.121410000002,edge_capacity,74,12503,12514.2,12514.23982,3.1184099999991304,True,2,2
legacy_offset64_repair32,g3d_reroute_anchor,76:storage_in,76,11->13,12512.121410000002,edge_capacity,74,12503,12514.2,12514.23982,2.1184099999991304,True,2,2
legacy_offset64_repair32,g3d_reroute_anchor,67:storage_in,67,27->28,12512.787820000003,edge_capacity,65,12505.5,12516.3,12516.337770000002,3.5499499999987165,True,2,2
legacy_offset64_repair32,g3d_reroute_anchor,67:storage_in,67,27->28,12513.787820000003,edge_capacity,65,12505.5,12516.3,,,False,2,2
legacy_offset64_repair32,g3d_reroute_anchor,67:storage_in,67,27->28,12514.787820000003,edge_capacity,65,12505.5,12516.3,,,False,2,2
legacy_offset64_repair32,g3d_reroute_anchor,72:storage_in,72,27->28,12516.204480000002,edge_capacity,65,12505.5,12516.3,12516.337770000002,0.13328999999976077,True,2,2
legacy_offset64_repair32,g3d_reroute_anchor,73:storage_in,73,46->36,12523.57299,edge_capacity,70,12515.7,12530.5,12530.50648,6.933489999999438,True,2,2
legacy_offset64_repair32,g3d_reroute_anchor,73:storage_in,73,46->36,12524.57299,edge_capacity,70,12515.7,12530.5,12530.50648,5.933489999999438,True,2,2
legacy_offset64_repair32,g3d_reroute_anchor,74:storage_in,74,27->28,12524.639820000002,edge_capacity,72,12517.2,12528,,,False,2,2
legacy_offset64_repair32,g3d_reroute_anchor,73:storage_in,73,46->36,12525.57299,edge_capacity,70,12515.7,12530.5,12530.50648,4.933489999999438,True,2,2
legacy_offset64_repair32,g3d_reroute_anchor,74:storage_in,74,27->28,12525.639820000002,edge_capacity,72,12517.2,12528,,,False,2,2
legacy_offset64_repair32,g3d_reroute_anchor,73:storage_in,73,46->36,12526.57299,edge_capacity,70,12515.7,12530.5,,,False,2,2
legacy_offset64_repair32,g3d_reroute_anchor,75:storage_in,75,27->28,12526.974170000001,edge_capacity,72,12517.2,12528,12528.004480000001,1.0303100000000995,True,2,2
legacy_offset64_repair32,g3d_reroute_anchor,75:storage_in,75,27->28,12527.974170000001,edge_capacity,72,12517.2,12528,12528.004480000001,0.030310000000099535,True,2,2
legacy_offset64_repair32,g3d_reroute_anchor,76:storage_in,76,46->36,12528.521410000001,edge_capacity,70,12515.7,12530.5,12530.50648,1.9850699999988137,True,2,2
legacy_offset64_repair32,g3d_reroute_anchor,76:storage_in,76,46->36,12529.521410000001,edge_capacity,70,12515.7,12530.5,12530.50648,0.9850699999988137,True,2,2
legacy_offset64_repair32,g3d_reroute_anchor,81:storage_in,81,18->22,13058.24528,edge_capacity,79,13056.5,13064.9,13064.88215,6.636870000000272,True,2,2
legacy_offset64_repair32,g3d_reroute_anchor,81:storage_in,81,18->22,13059.24528,edge_capacity,79,13056.5,13064.9,13064.88215,5.636870000000272,True,2,2
legacy_offset64_repair32,g3d_reroute_anchor,84:storage_in,84,4->17,13059.8454,edge_capacity,82,13057.1,13060.7,13060.659440000001,0.8140400000011141,True,2,2
legacy_offset64_repair32,g3d_reroute_anchor,81:storage_in,81,18->22,13060.24528,edge_capacity,79,13056.5,13064.9,13064.88215,4.636870000000272,True,2,2
legacy_offset64_repair32,g3d_reroute_anchor,81:storage_in,81,18->22,13061.24528,edge_capacity,79,13056.5,13064.9,13064.88215,3.636870000000272,True,2,2
legacy_offset64_repair32,g3d_reroute_anchor,81:storage_in,81,18->22,13062.24528,edge_capacity,79,13056.5,13064.9,,,False,2,2
legacy_offset64_repair32,g3d_reroute_anchor,81:storage_in,81,18->22,13063.24528,edge_capacity,79,13056.5,13064.9,,,False,2,2
legacy_offset64_repair32,g3d_reroute_anchor,82:storage_in,82,18->22,13064.259440000002,edge_capacity,79,13056.5,13064.9,13064.88215,0.6227099999978236,True,2,2
legacy_offset64_repair32,g3d_reroute_anchor,83:storage_in,83,18->22,13067.088280000002,edge_capacity,82,13065.3,13073.7,,,False,2,2
legacy_offset64_repair32,g3d_reroute_anchor,86:storage_in,86,18->22,13068.91217,edge_capacity,82,13065.3,13073.7,,,False,2,2
legacy_offset64_repair32,g3d_reroute_anchor,84:storage_in,84,18->22,13070.0454,edge_capacity,82,13065.3,13073.7,13073.659440000001,3.6140400000003865,True,2,2
legacy_offset64_repair32,g3d_reroute_anchor,91:storage_in,91,4->17,13070.4367,edge_capacity,89,13068.8,13072.4,13072.445380000001,2.0086800000008225,True,2,2
legacy_offset64_repair32,g3d_reroute_anchor,84:storage_in,84,18->22,13071.0454,edge_capacity,82,13065.3,13073.7,13073.659440000001,2.6140400000003865,True,2,2
legacy_offset64_repair32,g3d_reroute_anchor,91:storage_in,91,4->17,13071.4367,edge_capacity,89,13068.8,13072.4,13072.445380000001,1.0086800000008225,True,2,2
legacy_offset64_repair32,g3d_reroute_anchor,84:storage_in,84,18->22,13072.0454,edge_capacity,82,13065.3,13073.7,13073.659440000001,1.6140400000003865,True,2,2
legacy_offset64_repair32,g3d_reroute_anchor,91:storage_in,91,4->17,13072.4367,edge_capacity,89,13068.8,13072.4,13072.445380000001,0.008680000000822474,True,2,2
legacy_offset64_repair32,g3d_reroute_anchor,85:storage_in,85,11->13,13072.70649,edge_capacity,78,13062.8,13074,13074.04994,1.3434500000003027,True,2,2
legacy_offset64_repair32,g3d_reroute_anchor,84:storage_in,84,18->22,13073.0454,edge_capacity,82,13065.3,13073.7,13073.659440000001,0.6140400000003865,True,2,2
legacy_offset64_repair32,g3d_reroute_anchor,89:storage_in,89,17->18,13073.445380000001,edge_capacity,87,13072.4,13074,13073.978690000002,0.5333100000007107,True,2,2
legacy_offset64_repair32,g3d_reroute_anchor,82:storage_in,82,22->24,13074.659440000001,edge_capacity,79,13065.9,13076.3,13076.28215,1.6227099999978236,True,2,2
legacy_offset64_repair32,g3d_reroute_anchor,78:storage_in,78,13->23,13075.04994,edge_capacity,80,13072.4,13075.6,13075.561780000002,0.5118400000010297,True,2,2
legacy_offset64_repair32,g3d_reroute_anchor,89:storage_in,89,18->22,13077.045380000001,edge_capacity,87,13075,13083.4,13083.378690000001,6.333309999999983,True,2,2
legacy_offset64_repair32,g3d_reroute_anchor,89:storage_in,89,18->22,13078.045380000001,edge_capacity,87,13075,13083.4,,,False,2,2
legacy_offset64_repair32,g3d_reroute_anchor,89:storage_in,89,18->22,13079.045380000001,edge_capacity,87,13075,13083.4,,,False,2,2
legacy_offset64_repair32,g3d_reroute_anchor,91:storage_in,91,18->22,13080.636700000001,edge_capacity,87,13075,13083.4,,,False,2,2
legacy_offset64_repair32,g3d_reroute_anchor,91:storage_in,91,18->22,13081.636700000001,edge_capacity,87,13075,13083.4,,,False,2,2
legacy_offset64_repair32,g3d_reroute_anchor,80:storage_in,80,27->28,13081.761780000003,edge_capacity,79,13079.9,13090.7,13090.682149999999,8.920369999996183,True,2,2
legacy_offset64_repair32,g3d_reroute_anchor,91:storage_in,91,18->22,13082.636700000001,edge_capacity,87,13075,13083.4,,,False,2,2
legacy_offset64_repair32,g3d_reroute_anchor,80:storage_in,80,27->28,13082.761780000003,edge_capacity,79,13079.9,13090.7,13090.682149999999,7.920369999996183,True,2,2
legacy_offset64_repair32,g3d_reroute_anchor,80:storage_in,80,27->28,13083.761780000003,edge_capacity,79,13079.9,13090.7,,,False,2,2
legacy_offset64_repair32,g3d_reroute_anchor,92:storage_in,92,11->13,13084.09516,edge_capacity,88,13080.6,13091.8,13091.83983,7.744670000000042,True,2,2
legacy_offset64_repair32,g3d_reroute_anchor,92:storage_in,92,11->13,13085.09516,edge_capacity,88,13080.6,13091.8,13091.83983,6.744670000000042,True,2,2
legacy_offset64_repair32,g3d_reroute_anchor,78:storage_in,78,27->28,13085.449940000002,edge_capacity,79,13079.9,13090.7,13090.682149999999,5.232209999996485,True,2,2
legacy_offset64_repair32,g3d_reroute_anchor,92:storage_in,92,11->13,13086.09516,edge_capacity,88,13080.6,13091.8,13091.83983,5.744670000000042,True,2,2
legacy_offset64_repair32,g3d_reroute_anchor,78:storage_in,78,27->28,13086.449940000002,edge_capacity,79,13079.9,13090.7,13090.682149999999,4.232209999996485,True,2,2
legacy_offset64_repair32,g3d_reroute_anchor,78:storage_in,78,27->28,13087.449940000002,edge_capacity,79,13079.9,13090.7,13090.682149999999,3.232209999996485,True,2,2
legacy_offset64_repair32,g3d_reroute_anchor,78:storage_in,78,27->28,13088.449940000002,edge_capacity,79,13079.9,13090.7,13090.682149999999,2.232209999996485,True,2,2
legacy_offset64_repair32,g3d_reroute_anchor,78:storage_in,78,27->28,13089.449940000002,edge_capacity,79,13079.9,13090.7,13090.682149999999,1.2322099999964848,True,2,2
legacy_offset64_repair32,g3d_reroute_anchor,78:storage_in,78,27->28,13090.449940000002,edge_capacity,79,13079.9,13090.7,13090.682149999999,0.23220999999648484,True,2,2
legacy_offset64_repair32,g3d_reroute_anchor,93:storage_in,93,11->13,13091.12116,edge_capacity,88,13080.6,13091.8,13091.83983,0.718670000000202,True,2,2
legacy_offset64_repair32,g3d_reroute_anchor,88:storage_in,88,13->23,13092.83983,edge_capacity,90,13090.1,13093.3,13093.33782,0.49798999999984517,True,2,2
legacy_offset64_repair32,g3d_reroute_anchor,94:storage_in,94,22->24,13093.24086,edge_capacity,87,13084.4,13094.8,13094.778690000001,1.5378300000011222,True,2,2
legacy_offset64_repair32,g3d_reroute_anchor,82:storage_in,82,46->36,13094.459440000002,edge_capacity,85,13089.1,13103.9,13103.90649,9.447049999997034,True,2,2
legacy_offset64_repair32,g3d_reroute_anchor,82:storage_in,82,46->36,13095.459440000002,edge_capacity,85,13089.1,13103.9,13103.90649,8.447049999997034,True,2,2
legacy_offset64_repair32,g3d_reroute_anchor,82:storage_in,82,46->36,13096.459440000002,edge_capacity,85,13089.1,13103.9,13103.90649,7.447049999997034,True,2,2
legacy_offset64_repair32,g3d_reroute_anchor,90:storage_in,90,24->27,13096.937820000001,edge_capacity,87,13095.8,13097.4,13097.378690000001,0.44087000000035914,True,2,2
legacy_offset64_repair32,g3d_reroute_anchor,82:storage_in,82,46->36,13097.459440000002,edge_capacity,85,13089.1,13103.9,13103.90649,6.447049999997034,True,2,2
legacy_offset64_repair32,g3d_reroute_anchor,87:storage_in,87,27->28,13098.378690000001,edge_capacity,78,13091.4,13102.2,,,False,2,2
legacy_offset64_repair32,g3d_reroute_anchor,82:storage_in,82,46->36,13098.459440000002,edge_capacity,85,13089.1,13103.9,13103.90649,5.447049999997034,True,2,2
legacy_offset64_repair32,g3d_reroute_anchor,87:storage_in,87,27->28,13099.378690000001,edge_capacity,78,13091.4,13102.2,,,False,2,2
legacy_offset64_repair32,g3d_reroute_anchor,82:storage_in,82,46->36,13099.459440000002,edge_capacity,85,13089.1,13103.9,13103.90649,4.447049999997034,True,2,2
legacy_offset64_repair32,g3d_reroute_anchor,82:storage_in,82,46->36,13100.459440000002,edge_capacity,85,13089.1,13103.9,,,False,2,2
legacy_offset64_repair32,g3d_reroute_anchor,90:storage_in,90,27->28,13100.537820000001,edge_capacity,78,13091.4,13102.2,13102.249940000002,1.7121200000001409,True,2,2
legacy_offset64_repair32,g3d_reroute_anchor,82:storage_in,82,46->36,13101.459440000002,edge_capacity,85,13089.1,13103.9,,,False,2,2
legacy_offset64_repair32,g3d_reroute_anchor,90:storage_in,90,27->28,13101.537820000001,edge_capacity,78,13091.4,13102.2,,,False,2,2
legacy_offset64_repair32,g3d_reroute_anchor,92:storage_in,92,46->36,13102.49516,edge_capacity,85,13089.1,13103.9,13103.90649,1.4113299999989977,True,2,2
legacy_offset64_repair32,g3d_reroute_anchor,92:storage_in,92,46->36,13103.49516,edge_capacity,85,13089.1,13103.9,13103.90649,0.41132999999899766,True,2,2
legacy_offset64_repair32,g3d_reroute_anchor,95:storage_in,95,27->28,13108.204480000002,edge_capacity,88,13103.2,13114,13114.039830000002,5.83534999999938,True,2,2
legacy_offset64_repair32,g3d_reroute_anchor,95:storage_in,95,27->28,13109.204480000002,edge_capacity,88,13103.2,13114,13114.039830000002,4.83534999999938,True,2,2
legacy_offset64_repair32,g3d_reroute_anchor,95:storage_in,95,27->28,13110.204480000002,edge_capacity,88,13103.2,13114,13114.039830000002,3.83534999999938,True,2,2
legacy_offset64_repair32,g3d_reroute_anchor,95:storage_in,95,27->28,13111.204480000002,edge_capacity,88,13103.2,13114,,,False,2,2
legacy_offset64_repair32,g3d_reroute_anchor,95:storage_in,95,27->28,13112.204480000002,edge_capacity,88,13103.2,13114,,,False,2,2
legacy_offset64_repair32,g3d_reroute_anchor,94:storage_in,94,46->36,13113.040860000001,edge_capacity,92,13104.5,13119.3,13119.29516,6.254299999998693,True,2,2
legacy_offset64_repair32,g3d_reroute_anchor,93:storage_in,93,27->28,13113.721160000003,edge_capacity,88,13103.2,13114,13114.039830000002,0.3186699999987468,True,2,2
legacy_offset64_repair32,g3d_reroute_anchor,94:storage_in,94,46->36,13114.040860000001,edge_capacity,92,13104.5,13119.3,13119.29516,5.254299999998693,True,2,2
legacy_offset64_repair32,g3d_reroute_anchor,94:storage_in,94,46->36,13115.040860000001,edge_capacity,92,13104.5,13119.3,13119.29516,4.254299999998693,True,2,2
legacy_offset64_repair32,g3d_reroute_anchor,94:storage_in,94,46->36,13116.040860000001,edge_capacity,92,13104.5,13119.3,13119.29516,3.2542999999986932,True,2,2
legacy_offset64_repair32,g3d_reroute_anchor,94:storage_in,94,46->36,13117.040860000001,edge_capacity,92,13104.5,13119.3,13119.29516,2.2542999999986932,True,2,2
legacy_offset64_repair32,g3d_reroute_anchor,94:storage_in,94,46->36,13118.040860000001,edge_capacity,92,13104.5,13119.3,13119.29516,1.2542999999986932,True,2,2
legacy_offset64_repair32,g3d_reroute_anchor,94:storage_in,94,46->36,13119.040860000001,edge_capacity,92,13104.5,13119.3,13119.29516,0.25429999999869324,True,2,2
legacy_offset64_repair32,edge_release_wait_scheduler,68:storage_in,68,18->22,12486.50318,edge_capacity,64,12484.4,12492.8,,,False,2,2
legacy_offset64_repair32,edge_release_wait_scheduler,66:storage_in,66,18->22,12487.636550000001,edge_capacity,64,12484.4,12492.8,12492.83977,5.203219999999419,True,2,2
legacy_offset64_repair32,edge_release_wait_scheduler,73:storage_in,73,18->22,12494.37299,edge_capacity,66,12492.8,12501.2,,,False,2,2
legacy_offset64_repair32,edge_release_wait_scheduler,71:storage_in,71,18->22,12495.506200000002,edge_capacity,66,12492.8,12501.2,12501.23977,5.733569999998508,True,2,2
legacy_offset64_repair32,edge_release_wait_scheduler,74:storage_in,74,8->11,12497.83982,edge_capacity,70,12495.1,12498.3,12498.306480000001,0.46666000000186614,True,2,2
legacy_offset64_repair32,edge_release_wait_scheduler,70:storage_in,70,11->13,12499.306480000001,edge_capacity,67,12491.2,12502.4,,,False,2,2
legacy_offset64_repair32,edge_release_wait_scheduler,70:storage_in,70,11->13,12500.306480000001,edge_capacity,67,12491.2,12502.4,,,False,2,2
legacy_offset64_repair32,edge_release_wait_scheduler,70:storage_in,70,11->13,12501.306480000001,edge_capacity,67,12491.2,12502.4,,,False,2,2
legacy_offset64_repair32,edge_release_wait_scheduler,66:storage_in,66,22->24,12502.23977,edge_capacity,64,12493.8,12504.2,12504.23977,2.0,True,2,2
legacy_offset64_repair32,edge_release_wait_scheduler,75:storage_in,75,18->22,12502.574170000002,edge_capacity,71,12501.2,12509.6,12509.63977,7.065599999998085,True,2,2
legacy_offset64_repair32,edge_release_wait_scheduler,76:storage_in,76,11->13,12507.121410000002,edge_capacity,74,12502.5,12513.7,12513.706480000003,6.5850700000009965,True,2,2
legacy_offset64_repair32,edge_release_wait_scheduler,64:storage_in,64,27->28,12507.83977,edge_capacity,65,12505.5,12516.3,12516.337770000002,8.498000000001412,True,2,2
legacy_offset64_repair32,edge_release_wait_scheduler,71:storage_in,71,22->24,12510.63977,edge_capacity,66,12504.2,12514.6,12514.63977,4.0,True,2,2
legacy_offset64_repair32,edge_release_wait_scheduler,66:storage_in,66,27->28,12518.23977,edge_capacity,64,12516.3,12527.1,,,False,2,2
legacy_offset64_repair32,edge_release_wait_scheduler,75:storage_in,75,22->24,12519.03977,edge_capacity,71,12514.6,12525,12525.03977,6.0,True,2,2
legacy_offset64_repair32,edge_release_wait_scheduler,72:storage_in,72,27->28,12520.204480000002,edge_capacity,64,12516.3,12527.1,12527.137770000001,6.933289999999033,True,2,2
legacy_offset64_repair32,edge_release_wait_scheduler,71:storage_in,71,27->28,12528.63977,edge_capacity,72,12527.1,12537.9,12537.93777,9.298000000000684,True,2,2
legacy_offset64_repair32,edge_release_wait_scheduler,76:storage_in,76,24->27,12537.706480000004,edge_capacity,75,12536.4,12538,12538.03977,0.3332899999950314,True,2,2
legacy_offset64_repair32,edge_release_wait_scheduler,75:storage_in,75,27->28,12539.03977,edge_capacity,71,12537.9,12548.7,,,False,2,2
legacy_offset64_repair32,edge_release_wait_scheduler,76:storage_in,76,27->28,12540.63977,edge_capacity,71,12537.9,12548.7,12548.73777,8.097999999999956,True,2,2
legacy_offset64_repair32,edge_release_wait_scheduler,81:storage_in,81,18->22,13058.24528,edge_capacity,79,13056.5,13064.9,13064.88215,6.636870000000272,True,2,2
legacy_offset64_repair32,edge_release_wait_scheduler,84:storage_in,84,4->17,13059.8454,edge_capacity,82,13057.1,13060.7,13060.659440000001,0.8140400000011141,True,2,2
legacy_offset64_repair32,edge_release_wait_scheduler,82:storage_in,82,18->22,13066.259440000002,edge_capacity,81,13064.9,13073.3,,,False,2,2
legacy_offset64_repair32,edge_release_wait_scheduler,84:storage_in,84,18->22,13067.859440000002,edge_capacity,81,13064.9,13073.3,,,False,2,2
legacy_offset64_repair32,edge_release_wait_scheduler,86:storage_in,86,18->22,13068.91217,edge_capacity,81,13064.9,13073.3,13073.28215,4.369979999999487,True,2,2
legacy_offset64_repair32,edge_release_wait_scheduler,91:storage_in,91,4->17,13070.4367,edge_capacity,89,13068.8,13072.4,13072.445380000001,2.0086800000008225,True,2,2
legacy_offset64_repair32,edge_release_wait_scheduler,85:storage_in,85,11->13,13072.70649,edge_capacity,78,13062.8,13074,13074.04994,1.3434500000003027,True,2,2
legacy_offset64_repair32,edge_release_wait_scheduler,89:storage_in,89,17->18,13073.445380000001,edge_capacity,87,13072.4,13074,13073.978690000002,0.5333100000007107,True,2,2
legacy_offset64_repair32,edge_release_wait_scheduler,81:storage_in,81,22->24,13074.28215,edge_capacity,79,13065.9,13076.3,13076.28215,2.0,True,2,2
legacy_offset64_repair32,edge_release_wait_scheduler,87:storage_in,87,18->22,13074.978690000002,edge_capacity,86,13073.3,13081.7,,,False,2,2
legacy_offset64_repair32,edge_release_wait_scheduler,78:storage_in,78,13->23,13075.04994,edge_capacity,80,13072.4,13075.6,13075.561780000002,0.5118400000010297,True,2,2
legacy_offset64_repair32,edge_release_wait_scheduler,89:storage_in,89,18->22,13076.578690000002,edge_capacity,86,13073.3,13081.7,13081.682149999999,5.10345999999663,True,2,2
legacy_offset64_repair32,edge_release_wait_scheduler,88:storage_in,88,11->13,13080.63983,edge_capacity,85,13074,13085.2,,,False,2,2
legacy_offset64_repair32,edge_release_wait_scheduler,88:storage_in,88,11->13,13081.63983,edge_capacity,85,13074,13085.2,,,False,2,2
legacy_offset64_repair32,edge_release_wait_scheduler,80:storage_in,80,27->28,13081.761780000003,edge_capacity,79,13079.9,13090.7,13090.682149999999,8.920369999996183,True,2,2
legacy_offset64_repair32,edge_release_wait_scheduler,88:storage_in,88,11->13,13082.63983,edge_capacity,85,13074,13085.2,,,False,2,2
legacy_offset64_repair32,edge_release_wait_scheduler,86:storage_in,86,22->24,13082.682149999999,edge_capacity,81,13076.3,13086.7,13086.682149999999,4.0,True,2,2
legacy_offset64_repair32,edge_release_wait_scheduler,94:storage_in,94,18->22,13083.84086,edge_capacity,89,13081.7,13090.1,,,False,2,2
legacy_offset64_repair32,edge_release_wait_scheduler,92:storage_in,92,11->13,13084.09516,edge_capacity,85,13074,13085.2,13085.249940000002,1.1547800000007555,True,2,2
legacy_offset64_repair32,edge_release_wait_scheduler,91:storage_in,91,18->22,13085.645380000002,edge_capacity,89,13081.7,13090.1,13090.082149999998,4.4367699999966135,True,2,2
legacy_offset64_repair32,edge_release_wait_scheduler,89:storage_in,89,22->24,13091.082149999998,edge_capacity,86,13086.7,13097.1,13097.082149999998,6.0,True,2,2
legacy_offset64_repair32,edge_release_wait_scheduler,93:storage_in,93,11->13,13091.12116,edge_capacity,92,13085.2,13096.4,13096.449940000002,5.328780000001643,True,2,2
legacy_offset64_repair32,edge_release_wait_scheduler,81:storage_in,81,27->28,13092.28215,edge_capacity,80,13090.7,13101.5,,,False,2,2
legacy_offset64_repair32,edge_release_wait_scheduler,81:storage_in,81,27->28,13093.28215,edge_capacity,80,13090.7,13101.5,,,False,2,2
legacy_offset64_repair32,edge_release_wait_scheduler,83:storage_in,83,27->28,13094.68828,edge_capacity,80,13090.7,13101.5,13101.482149999998,6.793869999997696,True,2,2
legacy_offset64_repair32,edge_release_wait_scheduler,95:storage_in,95,13->23,13098.80448,edge_capacity,92,13097.4,13100.6,13100.649940000003,1.8454600000022765,True,2,2
legacy_offset64_repair32,edge_release_wait_scheduler,91:storage_in,91,22->24,13099.482149999998,edge_capacity,89,13097.1,13107.5,13107.482149999998,8.0,True,2,2
legacy_offset64_repair32,edge_release_wait_scheduler,86:storage_in,86,27->28,13102.682149999999,edge_capacity,83,13101.5,13112.3,13112.282149999997,9.599999999998545,True,2,2
legacy_offset64_repair32,edge_release_wait_scheduler,95:storage_in,95,27->28,13114.049940000004,edge_capacity,86,13112.3,13123.1,13123.082149999997,9.03220999999212,True,2,2
legacy_offset64_repair32,edge_release_wait_scheduler,91:storage_in,91,27->28,13124.482149999998,edge_capacity,95,13123.1,13133.9,13133.882149999996,9.399999999997817,True,2,2
legacy_offset64_repair32,fifo_edge_queue_scheduler,68:storage_in,68,18->22,12486.50318,edge_capacity,64,12484.4,12492.8,,,False,2,2
legacy_offset64_repair32,fifo_edge_queue_scheduler,66:storage_in,66,18->22,12487.636550000001,edge_capacity,64,12484.4,12492.8,12492.83977,5.203219999999419,True,2,2
legacy_offset64_repair32,fifo_edge_queue_scheduler,73:storage_in,73,18->22,12494.37299,edge_capacity,66,12492.8,12501.2,,,False,2,2
legacy_offset64_repair32,fifo_edge_queue_scheduler,71:storage_in,71,18->22,12495.506200000002,edge_capacity,66,12492.8,12501.2,12501.23977,5.733569999998508,True,2,2
legacy_offset64_repair32,fifo_edge_queue_scheduler,74:storage_in,74,8->11,12497.83982,edge_capacity,70,12495.1,12498.3,12498.306480000001,0.46666000000186614,True,2,2
legacy_offset64_repair32,fifo_edge_queue_scheduler,70:storage_in,70,11->13,12499.306480000001,edge_capacity,67,12491.2,12502.4,,,False,2,2
legacy_offset64_repair32,fifo_edge_queue_scheduler,70:storage_in,70,11->13,12500.306480000001,edge_capacity,67,12491.2,12502.4,,,False,2,2
legacy_offset64_repair32,fifo_edge_queue_scheduler,70:storage_in,70,11->13,12501.306480000001,edge_capacity,67,12491.2,12502.4,,,False,2,2
legacy_offset64_repair32,fifo_edge_queue_scheduler,66:storage_in,66,22->24,12502.23977,edge_capacity,64,12493.8,12504.2,12504.23977,2.0,True,2,2
legacy_offset64_repair32,fifo_edge_queue_scheduler,75:storage_in,75,18->22,12502.574170000002,edge_capacity,71,12501.2,12509.6,12509.63977,7.065599999998085,True,2,2
legacy_offset64_repair32,fifo_edge_queue_scheduler,76:storage_in,76,11->13,12507.121410000002,edge_capacity,74,12502.5,12513.7,12513.706480000003,6.5850700000009965,True,2,2
legacy_offset64_repair32,fifo_edge_queue_scheduler,64:storage_in,64,27->28,12507.83977,edge_capacity,65,12505.5,12516.3,12516.337770000002,8.498000000001412,True,2,2
legacy_offset64_repair32,fifo_edge_queue_scheduler,71:storage_in,71,22->24,12510.63977,edge_capacity,66,12504.2,12514.6,12514.63977,4.0,True,2,2
legacy_offset64_repair32,fifo_edge_queue_scheduler,66:storage_in,66,27->28,12518.23977,edge_capacity,64,12516.3,12527.1,,,False,2,2
legacy_offset64_repair32,fifo_edge_queue_scheduler,75:storage_in,75,22->24,12519.03977,edge_capacity,71,12514.6,12525,12525.03977,6.0,True,2,2
legacy_offset64_repair32,fifo_edge_queue_scheduler,72:storage_in,72,27->28,12520.204480000002,edge_capacity,64,12516.3,12527.1,12527.137770000001,6.933289999999033,True,2,2
legacy_offset64_repair32,fifo_edge_queue_scheduler,71:storage_in,71,27->28,12528.63977,edge_capacity,72,12527.1,12537.9,12537.93777,9.298000000000684,True,2,2
legacy_offset64_repair32,fifo_edge_queue_scheduler,76:storage_in,76,24->27,12537.706480000004,edge_capacity,75,12536.4,12538,12538.03977,0.3332899999950314,True,2,2
legacy_offset64_repair32,fifo_edge_queue_scheduler,75:storage_in,75,27->28,12539.03977,edge_capacity,71,12537.9,12548.7,,,False,2,2
legacy_offset64_repair32,fifo_edge_queue_scheduler,76:storage_in,76,27->28,12540.63977,edge_capacity,71,12537.9,12548.7,12548.73777,8.097999999999956,True,2,2
legacy_offset64_repair32,fifo_edge_queue_scheduler,81:storage_in,81,18->22,13058.24528,edge_capacity,79,13056.5,13064.9,13064.88215,6.636870000000272,True,2,2
legacy_offset64_repair32,fifo_edge_queue_scheduler,84:storage_in,84,4->17,13059.8454,edge_capacity,82,13057.1,13060.7,13060.659440000001,0.8140400000011141,True,2,2
legacy_offset64_repair32,fifo_edge_queue_scheduler,82:storage_in,82,18->22,13066.259440000002,edge_capacity,81,13064.9,13073.3,,,False,2,2
legacy_offset64_repair32,fifo_edge_queue_scheduler,84:storage_in,84,18->22,13067.859440000002,edge_capacity,81,13064.9,13073.3,,,False,2,2
legacy_offset64_repair32,fifo_edge_queue_scheduler,86:storage_in,86,18->22,13068.91217,edge_capacity,81,13064.9,13073.3,13073.28215,4.369979999999487,True,2,2
legacy_offset64_repair32,fifo_edge_queue_scheduler,91:storage_in,91,4->17,13070.4367,edge_capacity,89,13068.8,13072.4,13072.445380000001,2.0086800000008225,True,2,2
legacy_offset64_repair32,fifo_edge_queue_scheduler,85:storage_in,85,11->13,13072.70649,edge_capacity,78,13062.8,13074,13074.04994,1.3434500000003027,True,2,2
legacy_offset64_repair32,fifo_edge_queue_scheduler,89:storage_in,89,17->18,13073.445380000001,edge_capacity,87,13072.4,13074,13073.978690000002,0.5333100000007107,True,2,2
legacy_offset64_repair32,fifo_edge_queue_scheduler,81:storage_in,81,22->24,13074.28215,edge_capacity,79,13065.9,13076.3,13076.28215,2.0,True,2,2
legacy_offset64_repair32,fifo_edge_queue_scheduler,87:storage_in,87,18->22,13074.978690000002,edge_capacity,86,13073.3,13081.7,,,False,2,2
legacy_offset64_repair32,fifo_edge_queue_scheduler,78:storage_in,78,13->23,13075.04994,edge_capacity,80,13072.4,13075.6,13075.561780000002,0.5118400000010297,True,2,2
legacy_offset64_repair32,fifo_edge_queue_scheduler,89:storage_in,89,18->22,13076.578690000002,edge_capacity,86,13073.3,13081.7,13081.682149999999,5.10345999999663,True,2,2
legacy_offset64_repair32,fifo_edge_queue_scheduler,88:storage_in,88,11->13,13080.63983,edge_capacity,85,13074,13085.2,,,False,2,2
legacy_offset64_repair32,fifo_edge_queue_scheduler,88:storage_in,88,11->13,13081.63983,edge_capacity,85,13074,13085.2,,,False,2,2
legacy_offset64_repair32,fifo_edge_queue_scheduler,80:storage_in,80,27->28,13081.761780000003,edge_capacity,79,13079.9,13090.7,13090.682149999999,8.920369999996183,True,2,2
legacy_offset64_repair32,fifo_edge_queue_scheduler,88:storage_in,88,11->13,13082.63983,edge_capacity,85,13074,13085.2,,,False,2,2
legacy_offset64_repair32,fifo_edge_queue_scheduler,86:storage_in,86,22->24,13082.682149999999,edge_capacity,81,13076.3,13086.7,13086.682149999999,4.0,True,2,2
legacy_offset64_repair32,fifo_edge_queue_scheduler,94:storage_in,94,18->22,13083.84086,edge_capacity,89,13081.7,13090.1,,,False,2,2
legacy_offset64_repair32,fifo_edge_queue_scheduler,92:storage_in,92,11->13,13084.09516,edge_capacity,85,13074,13085.2,13085.249940000002,1.1547800000007555,True,2,2
legacy_offset64_repair32,fifo_edge_queue_scheduler,91:storage_in,91,18->22,13085.645380000002,edge_capacity,89,13081.7,13090.1,13090.082149999998,4.4367699999966135,True,2,2
legacy_offset64_repair32,fifo_edge_queue_scheduler,89:storage_in,89,22->24,13091.082149999998,edge_capacity,86,13086.7,13097.1,13097.082149999998,6.0,True,2,2
legacy_offset64_repair32,fifo_edge_queue_scheduler,93:storage_in,93,11->13,13091.12116,edge_capacity,92,13085.2,13096.4,13096.449940000002,5.328780000001643,True,2,2
legacy_offset64_repair32,fifo_edge_queue_scheduler,81:storage_in,81,27->28,13092.28215,edge_capacity,80,13090.7,13101.5,,,False,2,2
legacy_offset64_repair32,fifo_edge_queue_scheduler,81:storage_in,81,27->28,13093.28215,edge_capacity,80,13090.7,13101.5,,,False,2,2
legacy_offset64_repair32,fifo_edge_queue_scheduler,83:storage_in,83,27->28,13094.68828,edge_capacity,80,13090.7,13101.5,13101.482149999998,6.793869999997696,True,2,2
legacy_offset64_repair32,fifo_edge_queue_scheduler,95:storage_in,95,13->23,13098.80448,edge_capacity,92,13097.4,13100.6,13100.649940000003,1.8454600000022765,True,2,2
legacy_offset64_repair32,fifo_edge_queue_scheduler,91:storage_in,91,22->24,13099.482149999998,edge_capacity,89,13097.1,13107.5,13107.482149999998,8.0,True,2,2
legacy_offset64_repair32,fifo_edge_queue_scheduler,86:storage_in,86,27->28,13102.682149999999,edge_capacity,83,13101.5,13112.3,13112.282149999997,9.599999999998545,True,2,2
legacy_offset64_repair32,fifo_edge_queue_scheduler,95:storage_in,95,27->28,13114.049940000004,edge_capacity,86,13112.3,13123.1,13123.082149999997,9.03220999999212,True,2,2
legacy_offset64_repair32,fifo_edge_queue_scheduler,91:storage_in,91,27->28,13124.482149999998,edge_capacity,95,13123.1,13133.9,13133.882149999996,9.399999999997817,True,2,2
legacy_offset64_repair32,capacity_wait_budget_5s,68:storage_in,68,18->22,12486.50318,edge_capacity,64,12484.4,12492.8,,,False,2,2
legacy_offset64_repair32,capacity_wait_budget_5s,66:storage_in,66,18->22,12487.636550000001,edge_capacity,64,12484.4,12492.8,12492.83977,5.203219999999419,True,2,2
legacy_offset64_repair32,capacity_wait_budget_5s,73:storage_in,73,18->22,12494.37299,edge_capacity,66,12492.8,12501.2,,,False,2,2
legacy_offset64_repair32,capacity_wait_budget_5s,71:storage_in,71,18->22,12495.506200000002,edge_capacity,66,12492.8,12501.2,12501.23977,5.733569999998508,True,2,2
legacy_offset64_repair32,capacity_wait_budget_5s,74:storage_in,74,8->11,12497.83982,edge_capacity,70,12495.1,12498.3,12498.306480000001,0.46666000000186614,True,2,2
legacy_offset64_repair32,capacity_wait_budget_5s,70:storage_in,70,11->13,12499.306480000001,edge_capacity,67,12491.2,12502.4,,,False,2,2
legacy_offset64_repair32,capacity_wait_budget_5s,66:storage_in,66,22->24,12502.23977,edge_capacity,64,12493.8,12504.2,12504.23977,2.0,True,2,2
legacy_offset64_repair32,capacity_wait_budget_5s,75:storage_in,75,18->22,12502.574170000002,edge_capacity,71,12501.2,12509.6,12509.63977,7.065599999998085,True,2,2
legacy_offset64_repair32,capacity_wait_budget_5s,76:storage_in,76,11->13,12507.121410000002,edge_capacity,74,12502.5,12513.7,12513.706480000003,6.5850700000009965,True,2,2
legacy_offset64_repair32,capacity_wait_budget_5s,64:storage_in,64,27->28,12507.83977,edge_capacity,65,12505.5,12516.3,12516.337770000002,8.498000000001412,True,2,2
legacy_offset64_repair32,capacity_wait_budget_5s,71:storage_in,71,22->24,12510.63977,edge_capacity,66,12504.2,12514.6,12514.63977,4.0,True,2,2
legacy_offset64_repair32,capacity_wait_budget_5s,66:storage_in,66,27->28,12518.23977,edge_capacity,64,12516.3,12527.1,,,False,2,2
legacy_offset64_repair32,capacity_wait_budget_5s,75:storage_in,75,22->24,12519.03977,edge_capacity,71,12514.6,12525,12525.03977,6.0,True,2,2
legacy_offset64_repair32,capacity_wait_budget_5s,72:storage_in,72,27->28,12520.204480000002,edge_capacity,64,12516.3,12527.1,12527.137770000001,6.933289999999033,True,2,2
legacy_offset64_repair32,capacity_wait_budget_5s,71:storage_in,71,27->28,12528.63977,edge_capacity,72,12527.1,12537.9,12537.93777,9.298000000000684,True,2,2
legacy_offset64_repair32,capacity_wait_budget_5s,76:storage_in,76,27->28,12539.306480000005,edge_capacity,71,12537.9,12548.7,12548.73777,9.431289999994988,True,2,2
legacy_offset64_repair32,capacity_wait_budget_5s,81:storage_in,81,18->22,13058.24528,edge_capacity,79,13056.5,13064.9,13064.88215,6.636870000000272,True,2,2
legacy_offset64_repair32,capacity_wait_budget_5s,84:storage_in,84,4->17,13059.8454,edge_capacity,82,13057.1,13060.7,13060.659440000001,0.8140400000011141,True,2,2
legacy_offset64_repair32,capacity_wait_budget_5s,82:storage_in,82,18->22,13066.259440000002,edge_capacity,81,13064.9,13073.3,,,False,2,2
legacy_offset64_repair32,capacity_wait_budget_5s,84:storage_in,84,18->22,13067.859440000002,edge_capacity,81,13064.9,13073.3,,,False,2,2
legacy_offset64_repair32,capacity_wait_budget_5s,86:storage_in,86,18->22,13068.91217,edge_capacity,81,13064.9,13073.3,13073.28215,4.369979999999487,True,2,2
legacy_offset64_repair32,capacity_wait_budget_5s,91:storage_in,91,4->17,13070.4367,edge_capacity,89,13068.8,13072.4,13072.445380000001,2.0086800000008225,True,2,2
legacy_offset64_repair32,capacity_wait_budget_5s,85:storage_in,85,11->13,13072.70649,edge_capacity,78,13062.8,13074,13074.04994,1.3434500000003027,True,2,2
legacy_offset64_repair32,capacity_wait_budget_5s,89:storage_in,89,17->18,13073.445380000001,edge_capacity,87,13072.4,13074,13073.978690000002,0.5333100000007107,True,2,2
legacy_offset64_repair32,capacity_wait_budget_5s,81:storage_in,81,22->24,13074.28215,edge_capacity,79,13065.9,13076.3,13076.28215,2.0,True,2,2
legacy_offset64_repair32,capacity_wait_budget_5s,87:storage_in,87,18->22,13074.978690000002,edge_capacity,86,13073.3,13081.7,,,False,2,2
legacy_offset64_repair32,capacity_wait_budget_5s,78:storage_in,78,13->23,13075.04994,edge_capacity,80,13072.4,13075.6,13075.561780000002,0.5118400000010297,True,2,2
legacy_offset64_repair32,capacity_wait_budget_5s,89:storage_in,89,18->22,13076.578690000002,edge_capacity,86,13073.3,13081.7,13081.682149999999,5.10345999999663,True,2,2
legacy_offset64_repair32,capacity_wait_budget_5s,88:storage_in,88,11->13,13080.63983,edge_capacity,85,13074,13085.2,,,False,2,2
legacy_offset64_repair32,capacity_wait_budget_5s,80:storage_in,80,27->28,13081.761780000003,edge_capacity,79,13079.9,13090.7,13090.682149999999,8.920369999996183,True,2,2
legacy_offset64_repair32,capacity_wait_budget_5s,86:storage_in,86,22->24,13082.682149999999,edge_capacity,81,13076.3,13086.7,13086.682149999999,4.0,True,2,2
legacy_offset64_repair32,capacity_wait_budget_5s,94:storage_in,94,18->22,13083.84086,edge_capacity,89,13081.7,13090.1,,,False,2,2
legacy_offset64_repair32,capacity_wait_budget_5s,92:storage_in,92,11->13,13084.09516,edge_capacity,85,13074,13085.2,13085.249940000002,1.1547800000007555,True,2,2
legacy_offset64_repair32,capacity_wait_budget_5s,91:storage_in,91,18->22,13085.645380000002,edge_capacity,89,13081.7,13090.1,13090.082149999998,4.4367699999966135,True,2,2
legacy_offset64_repair32,capacity_wait_budget_5s,89:storage_in,89,22->24,13091.082149999998,edge_capacity,86,13086.7,13097.1,13097.082149999998,6.0,True,2,2
legacy_offset64_repair32,capacity_wait_budget_5s,93:storage_in,93,11->13,13091.12116,edge_capacity,92,13085.2,13096.4,13096.449940000002,5.328780000001643,True,2,2
legacy_offset64_repair32,capacity_wait_budget_5s,81:storage_in,81,27->28,13092.28215,edge_capacity,80,13090.7,13101.5,,,False,2,2
legacy_offset64_repair32,capacity_wait_budget_5s,81:storage_in,81,27->28,13093.28215,edge_capacity,80,13090.7,13101.5,,,False,2,2
legacy_offset64_repair32,capacity_wait_budget_5s,83:storage_in,83,27->28,13094.68828,edge_capacity,80,13090.7,13101.5,13101.482149999998,6.793869999997696,True,2,2
legacy_offset64_repair32,capacity_wait_budget_5s,95:storage_in,95,13->23,13098.80448,edge_capacity,92,13097.4,13100.6,13100.649940000003,1.8454600000022765,True,2,2
legacy_offset64_repair32,capacity_wait_budget_5s,86:storage_in,86,27->28,13102.682149999999,edge_capacity,83,13101.5,13112.3,13112.282149999997,9.599999999998545,True,2,2
legacy_offset64_repair32,capacity_wait_budget_5s,89:storage_in,89,46->36,13110.88215,edge_capacity,88,13097,13111.8,13111.839829999999,0.9576799999995274,True,2,2
legacy_offset64_repair32,capacity_wait_budget_5s,95:storage_in,95,24->27,13112.449940000004,edge_capacity,91,13110.9,13112.5,13112.482149999998,0.032209999993938254,True,2,2
legacy_offset64_repair32,capacity_wait_budget_5s,91:storage_in,91,27->28,13113.482149999998,edge_capacity,86,13112.3,13123.1,,,False,2,2
legacy_offset64_repair32,capacity_wait_budget_5s,95:storage_in,95,27->28,13115.082149999998,edge_capacity,86,13112.3,13123.1,13123.082149999997,7.999999999998181,True,2,2
legacy_offset64_repair32,capacity_wait_budget_5s,93:storage_in,93,27->28,13125.049940000004,edge_capacity,95,13123.1,13133.9,13133.882149999996,8.832209999991392,True,2,2
legacy_offset64_repair32,capacity_wait_budget_10s,68:storage_in,68,18->22,12486.50318,edge_capacity,64,12484.4,12492.8,,,False,2,2
legacy_offset64_repair32,capacity_wait_budget_10s,66:storage_in,66,18->22,12487.636550000001,edge_capacity,64,12484.4,12492.8,12492.83977,5.203219999999419,True,2,2
legacy_offset64_repair32,capacity_wait_budget_10s,73:storage_in,73,18->22,12494.37299,edge_capacity,66,12492.8,12501.2,,,False,2,2
legacy_offset64_repair32,capacity_wait_budget_10s,71:storage_in,71,18->22,12495.506200000002,edge_capacity,66,12492.8,12501.2,12501.23977,5.733569999998508,True,2,2
legacy_offset64_repair32,capacity_wait_budget_10s,74:storage_in,74,8->11,12497.83982,edge_capacity,70,12495.1,12498.3,12498.306480000001,0.46666000000186614,True,2,2
legacy_offset64_repair32,capacity_wait_budget_10s,70:storage_in,70,11->13,12499.306480000001,edge_capacity,67,12491.2,12502.4,,,False,2,2
legacy_offset64_repair32,capacity_wait_budget_10s,66:storage_in,66,22->24,12502.23977,edge_capacity,64,12493.8,12504.2,12504.23977,2.0,True,2,2
legacy_offset64_repair32,capacity_wait_budget_10s,75:storage_in,75,18->22,12502.574170000002,edge_capacity,71,12501.2,12509.6,12509.63977,7.065599999998085,True,2,2
legacy_offset64_repair32,capacity_wait_budget_10s,76:storage_in,76,11->13,12507.121410000002,edge_capacity,74,12502.5,12513.7,12513.706480000003,6.5850700000009965,True,2,2
legacy_offset64_repair32,capacity_wait_budget_10s,64:storage_in,64,27->28,12507.83977,edge_capacity,65,12505.5,12516.3,12516.337770000002,8.498000000001412,True,2,2
legacy_offset64_repair32,capacity_wait_budget_10s,71:storage_in,71,22->24,12510.63977,edge_capacity,66,12504.2,12514.6,12514.63977,4.0,True,2,2
legacy_offset64_repair32,capacity_wait_budget_10s,66:storage_in,66,27->28,12518.23977,edge_capacity,64,12516.3,12527.1,,,False,2,2
legacy_offset64_repair32,capacity_wait_budget_10s,75:storage_in,75,22->24,12519.03977,edge_capacity,71,12514.6,12525,12525.03977,6.0,True,2,2
legacy_offset64_repair32,capacity_wait_budget_10s,72:storage_in,72,27->28,12520.204480000002,edge_capacity,64,12516.3,12527.1,12527.137770000001,6.933289999999033,True,2,2
legacy_offset64_repair32,capacity_wait_budget_10s,71:storage_in,71,27->28,12528.63977,edge_capacity,72,12527.1,12537.9,12537.93777,9.298000000000684,True,2,2
legacy_offset64_repair32,capacity_wait_budget_10s,76:storage_in,76,24->27,12537.706480000004,edge_capacity,75,12536.4,12538,12538.03977,0.3332899999950314,True,2,2
legacy_offset64_repair32,capacity_wait_budget_10s,75:storage_in,75,27->28,12539.03977,edge_capacity,71,12537.9,12548.7,,,False,2,2
legacy_offset64_repair32,capacity_wait_budget_10s,76:storage_in,76,27->28,12540.63977,edge_capacity,71,12537.9,12548.7,12548.73777,8.097999999999956,True,2,2
legacy_offset64_repair32,capacity_wait_budget_10s,81:storage_in,81,18->22,13058.24528,edge_capacity,79,13056.5,13064.9,13064.88215,6.636870000000272,True,2,2
legacy_offset64_repair32,capacity_wait_budget_10s,84:storage_in,84,4->17,13059.8454,edge_capacity,82,13057.1,13060.7,13060.659440000001,0.8140400000011141,True,2,2
legacy_offset64_repair32,capacity_wait_budget_10s,82:storage_in,82,18->22,13066.259440000002,edge_capacity,81,13064.9,13073.3,,,False,2,2
legacy_offset64_repair32,capacity_wait_budget_10s,84:storage_in,84,18->22,13067.859440000002,edge_capacity,81,13064.9,13073.3,,,False,2,2
legacy_offset64_repair32,capacity_wait_budget_10s,86:storage_in,86,18->22,13068.91217,edge_capacity,81,13064.9,13073.3,13073.28215,4.369979999999487,True,2,2
legacy_offset64_repair32,capacity_wait_budget_10s,91:storage_in,91,4->17,13070.4367,edge_capacity,89,13068.8,13072.4,13072.445380000001,2.0086800000008225,True,2,2
legacy_offset64_repair32,capacity_wait_budget_10s,85:storage_in,85,11->13,13072.70649,edge_capacity,78,13062.8,13074,13074.04994,1.3434500000003027,True,2,2
legacy_offset64_repair32,capacity_wait_budget_10s,89:storage_in,89,17->18,13073.445380000001,edge_capacity,87,13072.4,13074,13073.978690000002,0.5333100000007107,True,2,2
legacy_offset64_repair32,capacity_wait_budget_10s,81:storage_in,81,22->24,13074.28215,edge_capacity,79,13065.9,13076.3,13076.28215,2.0,True,2,2
legacy_offset64_repair32,capacity_wait_budget_10s,87:storage_in,87,18->22,13074.978690000002,edge_capacity,86,13073.3,13081.7,,,False,2,2
legacy_offset64_repair32,capacity_wait_budget_10s,78:storage_in,78,13->23,13075.04994,edge_capacity,80,13072.4,13075.6,13075.561780000002,0.5118400000010297,True,2,2
legacy_offset64_repair32,capacity_wait_budget_10s,89:storage_in,89,18->22,13076.578690000002,edge_capacity,86,13073.3,13081.7,13081.682149999999,5.10345999999663,True,2,2
legacy_offset64_repair32,capacity_wait_budget_10s,88:storage_in,88,11->13,13080.63983,edge_capacity,85,13074,13085.2,,,False,2,2
legacy_offset64_repair32,capacity_wait_budget_10s,80:storage_in,80,27->28,13081.761780000003,edge_capacity,79,13079.9,13090.7,13090.682149999999,8.920369999996183,True,2,2
legacy_offset64_repair32,capacity_wait_budget_10s,86:storage_in,86,22->24,13082.682149999999,edge_capacity,81,13076.3,13086.7,13086.682149999999,4.0,True,2,2
legacy_offset64_repair32,capacity_wait_budget_10s,94:storage_in,94,18->22,13083.84086,edge_capacity,89,13081.7,13090.1,,,False,2,2
legacy_offset64_repair32,capacity_wait_budget_10s,92:storage_in,92,11->13,13084.09516,edge_capacity,85,13074,13085.2,13085.249940000002,1.1547800000007555,True,2,2
legacy_offset64_repair32,capacity_wait_budget_10s,91:storage_in,91,18->22,13085.645380000002,edge_capacity,89,13081.7,13090.1,13090.082149999998,4.4367699999966135,True,2,2
legacy_offset64_repair32,capacity_wait_budget_10s,89:storage_in,89,22->24,13091.082149999998,edge_capacity,86,13086.7,13097.1,13097.082149999998,6.0,True,2,2
legacy_offset64_repair32,capacity_wait_budget_10s,93:storage_in,93,11->13,13091.12116,edge_capacity,92,13085.2,13096.4,13096.449940000002,5.328780000001643,True,2,2
legacy_offset64_repair32,capacity_wait_budget_10s,81:storage_in,81,27->28,13092.28215,edge_capacity,80,13090.7,13101.5,,,False,2,2
legacy_offset64_repair32,capacity_wait_budget_10s,81:storage_in,81,27->28,13093.28215,edge_capacity,80,13090.7,13101.5,,,False,2,2
legacy_offset64_repair32,capacity_wait_budget_10s,83:storage_in,83,27->28,13094.68828,edge_capacity,80,13090.7,13101.5,13101.482149999998,6.793869999997696,True,2,2
legacy_offset64_repair32,capacity_wait_budget_10s,95:storage_in,95,13->23,13098.80448,edge_capacity,92,13097.4,13100.6,13100.649940000003,1.8454600000022765,True,2,2
legacy_offset64_repair32,capacity_wait_budget_10s,91:storage_in,91,22->24,13099.482149999998,edge_capacity,89,13097.1,13107.5,13107.482149999998,8.0,True,2,2
legacy_offset64_repair32,capacity_wait_budget_10s,86:storage_in,86,27->28,13102.682149999999,edge_capacity,83,13101.5,13112.3,13112.282149999997,9.599999999998545,True,2,2
legacy_offset64_repair32,capacity_wait_budget_10s,95:storage_in,95,27->28,13114.049940000004,edge_capacity,86,13112.3,13123.1,13123.082149999997,9.03220999999212,True,2,2
legacy_offset64_repair32,capacity_wait_budget_10s,91:storage_in,91,27->28,13124.482149999998,edge_capacity,95,13123.1,13133.9,13133.882149999996,9.399999999997817,True,2,2
legacy_offset64_repair32,capacity_wait_budget_30s,68:storage_in,68,18->22,12486.50318,edge_capacity,64,12484.4,12492.8,,,False,2,2
legacy_offset64_repair32,capacity_wait_budget_30s,66:storage_in,66,18->22,12487.636550000001,edge_capacity,64,12484.4,12492.8,12492.83977,5.203219999999419,True,2,2
legacy_offset64_repair32,capacity_wait_budget_30s,73:storage_in,73,18->22,12494.37299,edge_capacity,66,12492.8,12501.2,,,False,2,2
legacy_offset64_repair32,capacity_wait_budget_30s,71:storage_in,71,18->22,12495.506200000002,edge_capacity,66,12492.8,12501.2,12501.23977,5.733569999998508,True,2,2
legacy_offset64_repair32,capacity_wait_budget_30s,74:storage_in,74,8->11,12497.83982,edge_capacity,70,12495.1,12498.3,12498.306480000001,0.46666000000186614,True,2,2
legacy_offset64_repair32,capacity_wait_budget_30s,70:storage_in,70,11->13,12499.306480000001,edge_capacity,67,12491.2,12502.4,,,False,2,2
legacy_offset64_repair32,capacity_wait_budget_30s,66:storage_in,66,22->24,12502.23977,edge_capacity,64,12493.8,12504.2,12504.23977,2.0,True,2,2
legacy_offset64_repair32,capacity_wait_budget_30s,75:storage_in,75,18->22,12502.574170000002,edge_capacity,71,12501.2,12509.6,12509.63977,7.065599999998085,True,2,2
legacy_offset64_repair32,capacity_wait_budget_30s,76:storage_in,76,11->13,12507.121410000002,edge_capacity,74,12502.5,12513.7,12513.706480000003,6.5850700000009965,True,2,2
legacy_offset64_repair32,capacity_wait_budget_30s,64:storage_in,64,27->28,12507.83977,edge_capacity,65,12505.5,12516.3,12516.337770000002,8.498000000001412,True,2,2
legacy_offset64_repair32,capacity_wait_budget_30s,71:storage_in,71,22->24,12510.63977,edge_capacity,66,12504.2,12514.6,12514.63977,4.0,True,2,2
legacy_offset64_repair32,capacity_wait_budget_30s,66:storage_in,66,27->28,12518.23977,edge_capacity,64,12516.3,12527.1,,,False,2,2
legacy_offset64_repair32,capacity_wait_budget_30s,75:storage_in,75,22->24,12519.03977,edge_capacity,71,12514.6,12525,12525.03977,6.0,True,2,2
legacy_offset64_repair32,capacity_wait_budget_30s,72:storage_in,72,27->28,12520.204480000002,edge_capacity,64,12516.3,12527.1,12527.137770000001,6.933289999999033,True,2,2
legacy_offset64_repair32,capacity_wait_budget_30s,71:storage_in,71,27->28,12528.63977,edge_capacity,72,12527.1,12537.9,12537.93777,9.298000000000684,True,2,2
legacy_offset64_repair32,capacity_wait_budget_30s,76:storage_in,76,24->27,12537.706480000004,edge_capacity,75,12536.4,12538,12538.03977,0.3332899999950314,True,2,2
legacy_offset64_repair32,capacity_wait_budget_30s,75:storage_in,75,27->28,12539.03977,edge_capacity,71,12537.9,12548.7,,,False,2,2
legacy_offset64_repair32,capacity_wait_budget_30s,76:storage_in,76,27->28,12540.63977,edge_capacity,71,12537.9,12548.7,12548.73777,8.097999999999956,True,2,2
legacy_offset64_repair32,capacity_wait_budget_30s,81:storage_in,81,18->22,13058.24528,edge_capacity,79,13056.5,13064.9,13064.88215,6.636870000000272,True,2,2
legacy_offset64_repair32,capacity_wait_budget_30s,84:storage_in,84,4->17,13059.8454,edge_capacity,82,13057.1,13060.7,13060.659440000001,0.8140400000011141,True,2,2
legacy_offset64_repair32,capacity_wait_budget_30s,82:storage_in,82,18->22,13066.259440000002,edge_capacity,81,13064.9,13073.3,,,False,2,2
legacy_offset64_repair32,capacity_wait_budget_30s,84:storage_in,84,18->22,13067.859440000002,edge_capacity,81,13064.9,13073.3,,,False,2,2
legacy_offset64_repair32,capacity_wait_budget_30s,86:storage_in,86,18->22,13068.91217,edge_capacity,81,13064.9,13073.3,13073.28215,4.369979999999487,True,2,2
legacy_offset64_repair32,capacity_wait_budget_30s,91:storage_in,91,4->17,13070.4367,edge_capacity,89,13068.8,13072.4,13072.445380000001,2.0086800000008225,True,2,2
legacy_offset64_repair32,capacity_wait_budget_30s,85:storage_in,85,11->13,13072.70649,edge_capacity,78,13062.8,13074,13074.04994,1.3434500000003027,True,2,2
legacy_offset64_repair32,capacity_wait_budget_30s,89:storage_in,89,17->18,13073.445380000001,edge_capacity,87,13072.4,13074,13073.978690000002,0.5333100000007107,True,2,2
legacy_offset64_repair32,capacity_wait_budget_30s,81:storage_in,81,22->24,13074.28215,edge_capacity,79,13065.9,13076.3,13076.28215,2.0,True,2,2
legacy_offset64_repair32,capacity_wait_budget_30s,87:storage_in,87,18->22,13074.978690000002,edge_capacity,86,13073.3,13081.7,,,False,2,2
legacy_offset64_repair32,capacity_wait_budget_30s,78:storage_in,78,13->23,13075.04994,edge_capacity,80,13072.4,13075.6,13075.561780000002,0.5118400000010297,True,2,2
legacy_offset64_repair32,capacity_wait_budget_30s,89:storage_in,89,18->22,13076.578690000002,edge_capacity,86,13073.3,13081.7,13081.682149999999,5.10345999999663,True,2,2
legacy_offset64_repair32,capacity_wait_budget_30s,88:storage_in,88,11->13,13080.63983,edge_capacity,85,13074,13085.2,,,False,2,2
legacy_offset64_repair32,capacity_wait_budget_30s,80:storage_in,80,27->28,13081.761780000003,edge_capacity,79,13079.9,13090.7,13090.682149999999,8.920369999996183,True,2,2
legacy_offset64_repair32,capacity_wait_budget_30s,86:storage_in,86,22->24,13082.682149999999,edge_capacity,81,13076.3,13086.7,13086.682149999999,4.0,True,2,2
legacy_offset64_repair32,capacity_wait_budget_30s,94:storage_in,94,18->22,13083.84086,edge_capacity,89,13081.7,13090.1,,,False,2,2
legacy_offset64_repair32,capacity_wait_budget_30s,92:storage_in,92,11->13,13084.09516,edge_capacity,85,13074,13085.2,13085.249940000002,1.1547800000007555,True,2,2
legacy_offset64_repair32,capacity_wait_budget_30s,91:storage_in,91,18->22,13085.645380000002,edge_capacity,89,13081.7,13090.1,13090.082149999998,4.4367699999966135,True,2,2
legacy_offset64_repair32,capacity_wait_budget_30s,89:storage_in,89,22->24,13091.082149999998,edge_capacity,86,13086.7,13097.1,13097.082149999998,6.0,True,2,2
legacy_offset64_repair32,capacity_wait_budget_30s,93:storage_in,93,11->13,13091.12116,edge_capacity,92,13085.2,13096.4,13096.449940000002,5.328780000001643,True,2,2
legacy_offset64_repair32,capacity_wait_budget_30s,81:storage_in,81,27->28,13092.28215,edge_capacity,80,13090.7,13101.5,,,False,2,2
legacy_offset64_repair32,capacity_wait_budget_30s,81:storage_in,81,27->28,13093.28215,edge_capacity,80,13090.7,13101.5,,,False,2,2
legacy_offset64_repair32,capacity_wait_budget_30s,83:storage_in,83,27->28,13094.68828,edge_capacity,80,13090.7,13101.5,13101.482149999998,6.793869999997696,True,2,2
legacy_offset64_repair32,capacity_wait_budget_30s,95:storage_in,95,13->23,13098.80448,edge_capacity,92,13097.4,13100.6,13100.649940000003,1.8454600000022765,True,2,2
legacy_offset64_repair32,capacity_wait_budget_30s,91:storage_in,91,22->24,13099.482149999998,edge_capacity,89,13097.1,13107.5,13107.482149999998,8.0,True,2,2
legacy_offset64_repair32,capacity_wait_budget_30s,86:storage_in,86,27->28,13102.682149999999,edge_capacity,83,13101.5,13112.3,13112.282149999997,9.599999999998545,True,2,2
legacy_offset64_repair32,capacity_wait_budget_30s,95:storage_in,95,27->28,13114.049940000004,edge_capacity,86,13112.3,13123.1,13123.082149999997,9.03220999999212,True,2,2
legacy_offset64_repair32,capacity_wait_budget_30s,91:storage_in,91,27->28,13124.482149999998,edge_capacity,95,13123.1,13133.9,13133.882149999996,9.399999999997817,True,2,2
legacy_offset64_repair32,capacity_wait_budget_60s,68:storage_in,68,18->22,12486.50318,edge_capacity,64,12484.4,12492.8,,,False,2,2
legacy_offset64_repair32,capacity_wait_budget_60s,66:storage_in,66,18->22,12487.636550000001,edge_capacity,64,12484.4,12492.8,12492.83977,5.203219999999419,True,2,2
legacy_offset64_repair32,capacity_wait_budget_60s,73:storage_in,73,18->22,12494.37299,edge_capacity,66,12492.8,12501.2,,,False,2,2
legacy_offset64_repair32,capacity_wait_budget_60s,71:storage_in,71,18->22,12495.506200000002,edge_capacity,66,12492.8,12501.2,12501.23977,5.733569999998508,True,2,2
legacy_offset64_repair32,capacity_wait_budget_60s,74:storage_in,74,8->11,12497.83982,edge_capacity,70,12495.1,12498.3,12498.306480000001,0.46666000000186614,True,2,2
legacy_offset64_repair32,capacity_wait_budget_60s,70:storage_in,70,11->13,12499.306480000001,edge_capacity,67,12491.2,12502.4,,,False,2,2
legacy_offset64_repair32,capacity_wait_budget_60s,66:storage_in,66,22->24,12502.23977,edge_capacity,64,12493.8,12504.2,12504.23977,2.0,True,2,2
legacy_offset64_repair32,capacity_wait_budget_60s,75:storage_in,75,18->22,12502.574170000002,edge_capacity,71,12501.2,12509.6,12509.63977,7.065599999998085,True,2,2
legacy_offset64_repair32,capacity_wait_budget_60s,76:storage_in,76,11->13,12507.121410000002,edge_capacity,74,12502.5,12513.7,12513.706480000003,6.5850700000009965,True,2,2
legacy_offset64_repair32,capacity_wait_budget_60s,64:storage_in,64,27->28,12507.83977,edge_capacity,65,12505.5,12516.3,12516.337770000002,8.498000000001412,True,2,2
legacy_offset64_repair32,capacity_wait_budget_60s,71:storage_in,71,22->24,12510.63977,edge_capacity,66,12504.2,12514.6,12514.63977,4.0,True,2,2
legacy_offset64_repair32,capacity_wait_budget_60s,66:storage_in,66,27->28,12518.23977,edge_capacity,64,12516.3,12527.1,,,False,2,2
legacy_offset64_repair32,capacity_wait_budget_60s,75:storage_in,75,22->24,12519.03977,edge_capacity,71,12514.6,12525,12525.03977,6.0,True,2,2
legacy_offset64_repair32,capacity_wait_budget_60s,72:storage_in,72,27->28,12520.204480000002,edge_capacity,64,12516.3,12527.1,12527.137770000001,6.933289999999033,True,2,2
legacy_offset64_repair32,capacity_wait_budget_60s,71:storage_in,71,27->28,12528.63977,edge_capacity,72,12527.1,12537.9,12537.93777,9.298000000000684,True,2,2
legacy_offset64_repair32,capacity_wait_budget_60s,76:storage_in,76,24->27,12537.706480000004,edge_capacity,75,12536.4,12538,12538.03977,0.3332899999950314,True,2,2
legacy_offset64_repair32,capacity_wait_budget_60s,75:storage_in,75,27->28,12539.03977,edge_capacity,71,12537.9,12548.7,,,False,2,2
legacy_offset64_repair32,capacity_wait_budget_60s,76:storage_in,76,27->28,12540.63977,edge_capacity,71,12537.9,12548.7,12548.73777,8.097999999999956,True,2,2
legacy_offset64_repair32,capacity_wait_budget_60s,81:storage_in,81,18->22,13058.24528,edge_capacity,79,13056.5,13064.9,13064.88215,6.636870000000272,True,2,2
legacy_offset64_repair32,capacity_wait_budget_60s,84:storage_in,84,4->17,13059.8454,edge_capacity,82,13057.1,13060.7,13060.659440000001,0.8140400000011141,True,2,2
legacy_offset64_repair32,capacity_wait_budget_60s,82:storage_in,82,18->22,13066.259440000002,edge_capacity,81,13064.9,13073.3,,,False,2,2
legacy_offset64_repair32,capacity_wait_budget_60s,84:storage_in,84,18->22,13067.859440000002,edge_capacity,81,13064.9,13073.3,,,False,2,2
legacy_offset64_repair32,capacity_wait_budget_60s,86:storage_in,86,18->22,13068.91217,edge_capacity,81,13064.9,13073.3,13073.28215,4.369979999999487,True,2,2
legacy_offset64_repair32,capacity_wait_budget_60s,91:storage_in,91,4->17,13070.4367,edge_capacity,89,13068.8,13072.4,13072.445380000001,2.0086800000008225,True,2,2
legacy_offset64_repair32,capacity_wait_budget_60s,85:storage_in,85,11->13,13072.70649,edge_capacity,78,13062.8,13074,13074.04994,1.3434500000003027,True,2,2
legacy_offset64_repair32,capacity_wait_budget_60s,89:storage_in,89,17->18,13073.445380000001,edge_capacity,87,13072.4,13074,13073.978690000002,0.5333100000007107,True,2,2
legacy_offset64_repair32,capacity_wait_budget_60s,81:storage_in,81,22->24,13074.28215,edge_capacity,79,13065.9,13076.3,13076.28215,2.0,True,2,2
legacy_offset64_repair32,capacity_wait_budget_60s,87:storage_in,87,18->22,13074.978690000002,edge_capacity,86,13073.3,13081.7,,,False,2,2
legacy_offset64_repair32,capacity_wait_budget_60s,78:storage_in,78,13->23,13075.04994,edge_capacity,80,13072.4,13075.6,13075.561780000002,0.5118400000010297,True,2,2
legacy_offset64_repair32,capacity_wait_budget_60s,89:storage_in,89,18->22,13076.578690000002,edge_capacity,86,13073.3,13081.7,13081.682149999999,5.10345999999663,True,2,2
legacy_offset64_repair32,capacity_wait_budget_60s,88:storage_in,88,11->13,13080.63983,edge_capacity,85,13074,13085.2,,,False,2,2
legacy_offset64_repair32,capacity_wait_budget_60s,80:storage_in,80,27->28,13081.761780000003,edge_capacity,79,13079.9,13090.7,13090.682149999999,8.920369999996183,True,2,2
legacy_offset64_repair32,capacity_wait_budget_60s,86:storage_in,86,22->24,13082.682149999999,edge_capacity,81,13076.3,13086.7,13086.682149999999,4.0,True,2,2
legacy_offset64_repair32,capacity_wait_budget_60s,94:storage_in,94,18->22,13083.84086,edge_capacity,89,13081.7,13090.1,,,False,2,2
legacy_offset64_repair32,capacity_wait_budget_60s,92:storage_in,92,11->13,13084.09516,edge_capacity,85,13074,13085.2,13085.249940000002,1.1547800000007555,True,2,2
legacy_offset64_repair32,capacity_wait_budget_60s,91:storage_in,91,18->22,13085.645380000002,edge_capacity,89,13081.7,13090.1,13090.082149999998,4.4367699999966135,True,2,2
legacy_offset64_repair32,capacity_wait_budget_60s,89:storage_in,89,22->24,13091.082149999998,edge_capacity,86,13086.7,13097.1,13097.082149999998,6.0,True,2,2
legacy_offset64_repair32,capacity_wait_budget_60s,93:storage_in,93,11->13,13091.12116,edge_capacity,92,13085.2,13096.4,13096.449940000002,5.328780000001643,True,2,2
legacy_offset64_repair32,capacity_wait_budget_60s,81:storage_in,81,27->28,13092.28215,edge_capacity,80,13090.7,13101.5,,,False,2,2
legacy_offset64_repair32,capacity_wait_budget_60s,81:storage_in,81,27->28,13093.28215,edge_capacity,80,13090.7,13101.5,,,False,2,2
legacy_offset64_repair32,capacity_wait_budget_60s,83:storage_in,83,27->28,13094.68828,edge_capacity,80,13090.7,13101.5,13101.482149999998,6.793869999997696,True,2,2
legacy_offset64_repair32,capacity_wait_budget_60s,95:storage_in,95,13->23,13098.80448,edge_capacity,92,13097.4,13100.6,13100.649940000003,1.8454600000022765,True,2,2
legacy_offset64_repair32,capacity_wait_budget_60s,91:storage_in,91,22->24,13099.482149999998,edge_capacity,89,13097.1,13107.5,13107.482149999998,8.0,True,2,2
legacy_offset64_repair32,capacity_wait_budget_60s,86:storage_in,86,27->28,13102.682149999999,edge_capacity,83,13101.5,13112.3,13112.282149999997,9.599999999998545,True,2,2
legacy_offset64_repair32,capacity_wait_budget_60s,95:storage_in,95,27->28,13114.049940000004,edge_capacity,86,13112.3,13123.1,13123.082149999997,9.03220999999212,True,2,2
legacy_offset64_repair32,capacity_wait_budget_60s,91:storage_in,91,27->28,13124.482149999998,edge_capacity,95,13123.1,13133.9,13133.882149999996,9.399999999997817,True,2,2
legacy_offset64_repair32,hybrid_executable_teacher,68:storage_in,68,18->22,12486.50318,edge_capacity,64,12484.4,12492.8,,,False,2,2
legacy_offset64_repair32,hybrid_executable_teacher,66:storage_in,66,18->22,12487.636550000001,edge_capacity,64,12484.4,12492.8,12492.83977,5.203219999999419,True,2,2
legacy_offset64_repair32,hybrid_executable_teacher,73:storage_in,73,18->22,12494.37299,edge_capacity,66,12492.8,12501.2,,,False,2,2
legacy_offset64_repair32,hybrid_executable_teacher,71:storage_in,71,18->22,12495.506200000002,edge_capacity,66,12492.8,12501.2,12501.23977,5.733569999998508,True,2,2
legacy_offset64_repair32,hybrid_executable_teacher,74:storage_in,74,8->11,12497.83982,edge_capacity,70,12495.1,12498.3,12498.306480000001,0.46666000000186614,True,2,2
legacy_offset64_repair32,hybrid_executable_teacher,70:storage_in,70,11->13,12499.306480000001,edge_capacity,67,12491.2,12502.4,,,False,2,2
legacy_offset64_repair32,hybrid_executable_teacher,66:storage_in,66,22->24,12502.23977,edge_capacity,64,12493.8,12504.2,12504.23977,2.0,True,2,2
legacy_offset64_repair32,hybrid_executable_teacher,75:storage_in,75,18->22,12502.574170000002,edge_capacity,71,12501.2,12509.6,12509.63977,7.065599999998085,True,2,2
legacy_offset64_repair32,hybrid_executable_teacher,76:storage_in,76,11->13,12507.121410000002,edge_capacity,74,12502.5,12513.7,12513.706480000003,6.5850700000009965,True,2,2
legacy_offset64_repair32,hybrid_executable_teacher,64:storage_in,64,27->28,12507.83977,edge_capacity,65,12505.5,12516.3,12516.337770000002,8.498000000001412,True,2,2
legacy_offset64_repair32,hybrid_executable_teacher,71:storage_in,71,22->24,12510.63977,edge_capacity,66,12504.2,12514.6,12514.63977,4.0,True,2,2
legacy_offset64_repair32,hybrid_executable_teacher,66:storage_in,66,27->28,12518.23977,edge_capacity,64,12516.3,12527.1,12527.137770000001,8.898000000001048,True,2,2
legacy_offset64_repair32,hybrid_executable_teacher,75:storage_in,75,22->24,12519.03977,edge_capacity,71,12514.6,12525,12525.03977,6.0,True,2,2
legacy_offset64_repair32,hybrid_executable_teacher,71:storage_in,71,27->28,12528.63977,edge_capacity,66,12527.1,12537.9,12537.93777,9.298000000000684,True,2,2
legacy_offset64_repair32,hybrid_executable_teacher,75:storage_in,75,27->28,12539.03977,edge_capacity,71,12537.9,12548.7,12548.73777,9.69800000000032,True,2,2
legacy_offset64_repair32,hybrid_executable_teacher,81:storage_in,81,18->22,13058.24528,edge_capacity,79,13056.5,13064.9,13064.88215,6.636870000000272,True,2,2
legacy_offset64_repair32,hybrid_executable_teacher,84:storage_in,84,4->17,13059.8454,edge_capacity,82,13057.1,13060.7,13060.659440000001,0.8140400000011141,True,2,2
legacy_offset64_repair32,hybrid_executable_teacher,82:storage_in,82,18->22,13066.259440000002,edge_capacity,81,13064.9,13073.3,,,False,2,2
legacy_offset64_repair32,hybrid_executable_teacher,84:storage_in,84,18->22,13067.859440000002,edge_capacity,81,13064.9,13073.3,,,False,2,2
legacy_offset64_repair32,hybrid_executable_teacher,86:storage_in,86,18->22,13068.91217,edge_capacity,81,13064.9,13073.3,13073.28215,4.369979999999487,True,2,2
legacy_offset64_repair32,hybrid_executable_teacher,91:storage_in,91,4->17,13070.4367,edge_capacity,89,13068.8,13072.4,13072.445380000001,2.0086800000008225,True,2,2
legacy_offset64_repair32,hybrid_executable_teacher,85:storage_in,85,11->13,13072.70649,edge_capacity,78,13062.8,13074,13074.04994,1.3434500000003027,True,2,2
legacy_offset64_repair32,hybrid_executable_teacher,89:storage_in,89,17->18,13073.445380000001,edge_capacity,87,13072.4,13074,13073.978690000002,0.5333100000007107,True,2,2
legacy_offset64_repair32,hybrid_executable_teacher,81:storage_in,81,22->24,13074.28215,edge_capacity,79,13065.9,13076.3,13076.28215,2.0,True,2,2
legacy_offset64_repair32,hybrid_executable_teacher,87:storage_in,87,18->22,13074.978690000002,edge_capacity,86,13073.3,13081.7,,,False,2,2
legacy_offset64_repair32,hybrid_executable_teacher,89:storage_in,89,18->22,13076.578690000002,edge_capacity,86,13073.3,13081.7,13081.682149999999,5.10345999999663,True,2,2
legacy_offset64_repair32,hybrid_executable_teacher,88:storage_in,88,11->13,13080.63983,edge_capacity,85,13074,13085.2,,,False,2,2
legacy_offset64_repair32,hybrid_executable_teacher,80:storage_in,80,27->28,13081.761780000003,edge_capacity,79,13079.9,13090.7,13090.682149999999,8.920369999996183,True,2,2
legacy_offset64_repair32,hybrid_executable_teacher,86:storage_in,86,22->24,13082.682149999999,edge_capacity,81,13076.3,13086.7,13086.682149999999,4.0,True,2,2
legacy_offset64_repair32,hybrid_executable_teacher,94:storage_in,94,18->22,13083.84086,edge_capacity,89,13081.7,13090.1,,,False,2,2
legacy_offset64_repair32,hybrid_executable_teacher,92:storage_in,92,11->13,13084.09516,edge_capacity,85,13074,13085.2,13085.249940000002,1.1547800000007555,True,2,2
legacy_offset64_repair32,hybrid_executable_teacher,91:storage_in,91,18->22,13085.645380000002,edge_capacity,89,13081.7,13090.1,13090.082149999998,4.4367699999966135,True,2,2
legacy_offset64_repair32,hybrid_executable_teacher,89:storage_in,89,22->24,13091.082149999998,edge_capacity,86,13086.7,13097.1,13097.082149999998,6.0,True,2,2
legacy_offset64_repair32,hybrid_executable_teacher,93:storage_in,93,11->13,13091.12116,edge_capacity,92,13085.2,13096.4,13096.449940000002,5.328780000001643,True,2,2
legacy_offset64_repair32,hybrid_executable_teacher,81:storage_in,81,27->28,13092.28215,edge_capacity,80,13090.7,13101.5,,,False,2,2
legacy_offset64_repair32,hybrid_executable_teacher,81:storage_in,81,27->28,13093.28215,edge_capacity,80,13090.7,13101.5,,,False,2,2
legacy_offset64_repair32,hybrid_executable_teacher,83:storage_in,83,27->28,13094.68828,edge_capacity,80,13090.7,13101.5,13101.482149999998,6.793869999997696,True,2,2
legacy_offset64_repair32,hybrid_executable_teacher,95:storage_in,95,13->23,13098.80448,edge_capacity,92,13097.4,13100.6,13100.649940000003,1.8454600000022765,True,2,2
legacy_offset64_repair32,hybrid_executable_teacher,91:storage_in,91,22->24,13099.482149999998,edge_capacity,89,13097.1,13107.5,13107.482149999998,8.0,True,2,2
legacy_offset64_repair32,hybrid_executable_teacher,86:storage_in,86,27->28,13102.682149999999,edge_capacity,83,13101.5,13112.3,13112.282149999997,9.599999999998545,True,2,2
legacy_offset64_repair32,hybrid_executable_teacher,89:storage_in,89,27->28,13114.082149999998,edge_capacity,86,13112.3,13123.1,13123.082149999997,8.999999999998181,True,2,2
legacy_offset64_repair32,hybrid_executable_teacher,91:storage_in,91,27->28,13124.482149999998,edge_capacity,89,13123.1,13133.9,13133.882149999996,9.399999999997817,True,2,2
legacy_offset64_merge32,g3d_reroute_anchor,68:storage_in,68,18->22,12486.50318,edge_capacity+merge_group,64,12484.4;12484.4,12492.8;12492.8,,,False,3,3
legacy_offset64_merge32,g3d_reroute_anchor,66:storage_in,66,18->22,12487.636550000001,edge_capacity+merge_group,64,12484.4;12484.4,12492.8;12492.8,12492.83977,5.203219999999419,True,3,3
legacy_offset64_merge32,g3d_reroute_anchor,66:storage_in,66,18->22,12488.636550000001,edge_capacity+merge_group,64,12484.4;12484.4,12492.8;12492.8,12492.83977,4.203219999999419,True,3,3
legacy_offset64_merge32,g3d_reroute_anchor,66:storage_in,66,18->22,12489.636550000001,edge_capacity+merge_group,64,12484.4;12484.4,12492.8;12492.8,12492.83977,3.203219999999419,True,3,3
legacy_offset64_merge32,g3d_reroute_anchor,66:storage_in,66,18->22,12490.636550000001,edge_capacity+merge_group,64,12484.4;12484.4,12492.8;12492.8,,,False,3,3
legacy_offset64_merge32,g3d_reroute_anchor,69:storage_in,69,18->22,12492.46742,edge_capacity+merge_group,64,12484.4;12484.4,12492.8;12492.8,12492.83977,0.372349999999642,True,3,3
legacy_offset64_merge32,g3d_reroute_anchor,71:storage_in,71,18->22,12495.506200000002,edge_capacity+merge_group,73,12494.4;12494.4,12502.8;12502.8,12502.77299,7.2667899999978545,True,3,3
legacy_offset64_merge32,g3d_reroute_anchor,65:storage_in,65,13->23,12496.137770000001,merge_group,73,12494.4,12502.8,,,False,2,2
legacy_offset64_merge32,g3d_reroute_anchor,71:storage_in,71,18->22,12496.506200000002,edge_capacity+merge_group,73,12494.4;12494.4,12502.8;12502.8,12502.77299,6.2667899999978545,True,3,3
legacy_offset64_merge32,g3d_reroute_anchor,65:storage_in,65,13->23,12497.137770000001,merge_group,73,12494.4,12502.8,,,False,2,2
legacy_offset64_merge32,g3d_reroute_anchor,71:storage_in,71,18->22,12497.506200000002,edge_capacity+merge_group,73,12494.4;12494.4,12502.8;12502.8,12502.77299,5.2667899999978545,True,3,3
legacy_offset64_merge32,g3d_reroute_anchor,74:storage_in,74,8->11,12497.83982,edge_capacity,70,12495.1,12498.3,12498.306480000001,0.46666000000186614,True,2,2
legacy_offset64_merge32,g3d_reroute_anchor,71:storage_in,71,18->22,12498.506200000002,edge_capacity+merge_group,73,12494.4;12494.4,12502.8;12502.8,,,False,3,3
legacy_offset64_merge32,g3d_reroute_anchor,70:storage_in,70,11->13,12499.306480000001,edge_capacity,67,12491.2,12502.4,,,False,2,2
legacy_offset64_merge32,g3d_reroute_anchor,71:storage_in,71,18->22,12499.506200000002,edge_capacity+merge_group,73,12494.4;12494.4,12502.8;12502.8,,,False,3,3
legacy_offset64_merge32,g3d_reroute_anchor,65:storage_in,65,13->23,12500.137770000001,merge_group,73,12494.4,12502.8,,,False,2,2
legacy_offset64_merge32,g3d_reroute_anchor,75:storage_in,75,18->22,12500.574170000002,edge_capacity+merge_group,73,12494.4;12494.4,12502.8;12502.8,12502.77299,2.198819999997795,True,3,3
legacy_offset64_merge32,g3d_reroute_anchor,65:storage_in,65,13->23,12501.137770000001,merge_group,73,12494.4,12502.8,,,False,2,2
legacy_offset64_merge32,g3d_reroute_anchor,75:storage_in,75,18->22,12501.574170000002,edge_capacity+merge_group,73,12494.4;12494.4,12502.8;12502.8,12502.77299,1.198819999997795,True,3,3
legacy_offset64_merge32,g3d_reroute_anchor,65:storage_in,65,13->23,12502.137770000001,merge_group,73,12494.4,12502.8,,,False,2,2
legacy_offset64_merge32,g3d_reroute_anchor,75:storage_in,75,18->22,12502.574170000002,edge_capacity+merge_group,73,12494.4;12494.4,12502.8;12502.8,12502.77299,0.1988199999977951,True,3,3
legacy_offset64_merge32,g3d_reroute_anchor,75:storage_in,75,18->22,12503.574170000002,merge_group,67,12503.4,12506.6,12506.587820000002,3.01365000000078,True,2,2
legacy_offset64_merge32,g3d_reroute_anchor,73:storage_in,73,22->24,12503.77299,edge_capacity,64,12493.8,12504.2,12504.23977,0.46678000000065367,True,2,2
legacy_offset64_merge32,g3d_reroute_anchor,75:storage_in,75,18->22,12504.574170000002,merge_group,67,12503.4,12506.6,12506.587820000002,2.01365000000078,True,2,2
legacy_offset64_merge32,g3d_reroute_anchor,75:storage_in,75,18->22,12505.574170000002,merge_group,67,12503.4,12506.6,12506.587820000002,1.01365000000078,True,2,2
legacy_offset64_merge32,g3d_reroute_anchor,75:storage_in,75,18->22,12506.574170000002,merge_group,67,12503.4,12506.6,12506.587820000002,0.013650000000779983,True,2,2
legacy_offset64_merge32,g3d_reroute_anchor,76:storage_in,76,11->13,12507.121410000002,edge_capacity,74,12503,12514.2,12514.23982,7.11840999999913,True,2,2
legacy_offset64_merge32,g3d_reroute_anchor,75:storage_in,75,18->22,12507.574170000002,merge_group,72,12506.8,12510,12510.004480000001,2.4303099999997357,True,2,2
legacy_offset64_merge32,g3d_reroute_anchor,76:storage_in,76,11->13,12508.121410000002,edge_capacity,74,12503,12514.2,12514.23982,6.11840999999913,True,2,2
legacy_offset64_merge32,g3d_reroute_anchor,75:storage_in,75,18->22,12508.574170000002,merge_group,72,12506.8,12510,12510.004480000001,1.4303099999997357,True,2,2
legacy_offset64_merge32,g3d_reroute_anchor,76:storage_in,76,11->13,12509.121410000002,edge_capacity,74,12503,12514.2,12514.23982,5.11840999999913,True,2,2
legacy_offset64_merge32,g3d_reroute_anchor,75:storage_in,75,18->22,12509.574170000002,merge_group,72,12506.8,12510,12510.004480000001,0.43030999999973574,True,2,2
legacy_offset64_merge32,g3d_reroute_anchor,76:storage_in,76,11->13,12510.121410000002,edge_capacity,74,12503,12514.2,12514.23982,4.11840999999913,True,2,2
legacy_offset64_merge32,g3d_reroute_anchor,76:storage_in,76,11->13,12511.121410000002,edge_capacity,74,12503,12514.2,12514.23982,3.1184099999991304,True,2,2
legacy_offset64_merge32,g3d_reroute_anchor,76:storage_in,76,11->13,12512.121410000002,edge_capacity,74,12503,12514.2,12514.23982,2.1184099999991304,True,2,2
legacy_offset64_merge32,g3d_reroute_anchor,67:storage_in,67,27->28,12512.787820000003,edge_capacity,64,12507.8,12518.6,12518.63977,5.851949999996577,True,2,2
legacy_offset64_merge32,g3d_reroute_anchor,67:storage_in,67,27->28,12513.787820000003,edge_capacity,64,12507.8,12518.6,,,False,2,2
legacy_offset64_merge32,g3d_reroute_anchor,67:storage_in,67,27->28,12514.787820000003,edge_capacity,64,12507.8,12518.6,,,False,2,2
legacy_offset64_merge32,g3d_reroute_anchor,74:storage_in,74,13->23,12515.23982,merge_group,75,12510.6,12519,12518.974170000001,3.7343500000006316,True,2,2
legacy_offset64_merge32,g3d_reroute_anchor,72:storage_in,72,27->28,12516.204480000002,edge_capacity,64,12507.8,12518.6,12518.63977,2.4352899999976216,True,2,2
legacy_offset64_merge32,g3d_reroute_anchor,74:storage_in,74,13->23,12516.23982,merge_group,75,12510.6,12519,12518.974170000001,2.7343500000006316,True,2,2
legacy_offset64_merge32,g3d_reroute_anchor,72:storage_in,72,27->28,12517.204480000002,edge_capacity,64,12507.8,12518.6,12518.63977,1.4352899999976216,True,2,2
legacy_offset64_merge32,g3d_reroute_anchor,74:storage_in,74,13->23,12517.23982,merge_group,75,12510.6,12519,12518.974170000001,1.7343500000006316,True,2,2
legacy_offset64_merge32,g3d_reroute_anchor,72:storage_in,72,27->28,12518.204480000002,edge_capacity,64,12507.8,12518.6,12518.63977,0.43528999999762163,True,2,2
legacy_offset64_merge32,g3d_reroute_anchor,74:storage_in,74,13->23,12518.23982,merge_group,75,12510.6,12519,12518.974170000001,0.7343500000006316,True,2,2
legacy_offset64_merge32,g3d_reroute_anchor,73:storage_in,73,46->36,12523.57299,edge_capacity,70,12515.7,12530.5,12530.50648,6.933489999999438,True,2,2
legacy_offset64_merge32,g3d_reroute_anchor,73:storage_in,73,46->36,12524.57299,edge_capacity,70,12515.7,12530.5,12530.50648,5.933489999999438,True,2,2
legacy_offset64_merge32,g3d_reroute_anchor,73:storage_in,73,46->36,12525.57299,edge_capacity,70,12515.7,12530.5,12530.50648,4.933489999999438,True,2,2
legacy_offset64_merge32,g3d_reroute_anchor,73:storage_in,73,46->36,12526.57299,edge_capacity,70,12515.7,12530.5,,,False,2,2
legacy_offset64_merge32,g3d_reroute_anchor,76:storage_in,76,46->36,12528.521410000001,edge_capacity,70,12515.7,12530.5,12530.50648,1.9850699999988137,True,2,2
legacy_offset64_merge32,g3d_reroute_anchor,74:storage_in,74,27->28,12528.639820000002,edge_capacity,72,12519.2,12530,12530.004480000001,1.364659999999276,True,2,2
legacy_offset64_merge32,g3d_reroute_anchor,76:storage_in,76,46->36,12529.521410000001,edge_capacity,70,12515.7,12530.5,12530.50648,0.9850699999988137,True,2,2
legacy_offset64_merge32,g3d_reroute_anchor,74:storage_in,74,27->28,12529.639820000002,edge_capacity,72,12519.2,12530,12530.004480000001,0.3646599999992759,True,2,2
legacy_offset64_merge32,g3d_reroute_anchor,75:storage_in,75,27->28,12533.974170000001,edge_capacity,74,12530.6,12541.4,12541.439820000001,7.465650000000096,True,2,2
legacy_offset64_merge32,g3d_reroute_anchor,75:storage_in,75,27->28,12534.974170000001,edge_capacity,74,12530.6,12541.4,12541.439820000001,6.465650000000096,True,2,2
legacy_offset64_merge32,g3d_reroute_anchor,75:storage_in,75,27->28,12535.974170000001,edge_capacity,74,12530.6,12541.4,12541.439820000001,5.465650000000096,True,2,2
legacy_offset64_merge32,g3d_reroute_anchor,75:storage_in,75,27->28,12536.974170000001,edge_capacity,74,12530.6,12541.4,12541.439820000001,4.465650000000096,True,2,2
legacy_offset64_merge32,g3d_reroute_anchor,75:storage_in,75,27->28,12537.974170000001,edge_capacity,74,12530.6,12541.4,12541.439820000001,3.465650000000096,True,2,2
legacy_offset64_merge32,g3d_reroute_anchor,75:storage_in,75,27->28,12538.974170000001,edge_capacity,74,12530.6,12541.4,12541.439820000001,2.465650000000096,True,2,2
legacy_offset64_merge32,g3d_reroute_anchor,75:storage_in,75,27->28,12539.974170000001,edge_capacity,74,12530.6,12541.4,12541.439820000001,1.465650000000096,True,2,2
legacy_offset64_merge32,g3d_reroute_anchor,75:storage_in,75,27->28,12540.974170000001,edge_capacity,74,12530.6,12541.4,12541.439820000001,0.46565000000009604,True,2,2
legacy_offset64_merge32,g3d_reroute_anchor,81:storage_in,81,18->22,13058.24528,edge_capacity+merge_group,79,13056.5;13056.5,13064.9;13064.9,13064.88215,6.636870000000272,True,3,3
legacy_offset64_merge32,g3d_reroute_anchor,81:storage_in,81,18->22,13059.24528,edge_capacity+merge_group,79,13056.5;13056.5,13064.9;13064.9,13064.88215,5.636870000000272,True,3,3
legacy_offset64_merge32,g3d_reroute_anchor,84:storage_in,84,4->17,13059.8454,edge_capacity,82,13057.1,13060.7,13060.659440000001,0.8140400000011141,True,2,2
legacy_offset64_merge32,g3d_reroute_anchor,81:storage_in,81,18->22,13060.24528,edge_capacity+merge_group,79,13056.5;13056.5,13064.9;13064.9,13064.88215,4.636870000000272,True,3,3
legacy_offset64_merge32,g3d_reroute_anchor,81:storage_in,81,18->22,13061.24528,edge_capacity+merge_group,79,13056.5;13056.5,13064.9;13064.9,13064.88215,3.636870000000272,True,3,3
legacy_offset64_merge32,g3d_reroute_anchor,81:storage_in,81,18->22,13062.24528,edge_capacity+merge_group,79,13056.5;13056.5,13064.9;13064.9,,,False,3,3
legacy_offset64_merge32,g3d_reroute_anchor,81:storage_in,81,18->22,13063.24528,edge_capacity+merge_group,79,13056.5;13056.5,13064.9;13064.9,,,False,3,3
legacy_offset64_merge32,g3d_reroute_anchor,82:storage_in,82,18->22,13064.259440000002,edge_capacity+merge_group,79,13056.5;13056.5,13064.9;13064.9,13064.88215,0.6227099999978236,True,3,3
legacy_offset64_merge32,g3d_reroute_anchor,83:storage_in,83,18->22,13067.088280000002,edge_capacity+merge_group,82,13065.3;13065.3,13073.7;13073.7,,,False,3,3
legacy_offset64_merge32,g3d_reroute_anchor,86:storage_in,86,18->22,13068.91217,edge_capacity+merge_group,82,13065.3;13065.3,13073.7;13073.7,,,False,3,3
legacy_offset64_merge32,g3d_reroute_anchor,84:storage_in,84,18->22,13070.0454,edge_capacity+merge_group,82,13065.3;13065.3,13073.7;13073.7,13073.659440000001,3.6140400000003865,True,3,3
legacy_offset64_merge32,g3d_reroute_anchor,91:storage_in,91,4->17,13070.4367,edge_capacity,89,13068.8,13072.4,13072.445380000001,2.0086800000008225,True,2,2
legacy_offset64_merge32,g3d_reroute_anchor,84:storage_in,84,18->22,13071.0454,edge_capacity+merge_group,82,13065.3;13065.3,13073.7;13073.7,13073.659440000001,2.6140400000003865,True,3,3
legacy_offset64_merge32,g3d_reroute_anchor,91:storage_in,91,4->17,13071.4367,edge_capacity,89,13068.8,13072.4,13072.445380000001,1.0086800000008225,True,2,2
legacy_offset64_merge32,g3d_reroute_anchor,84:storage_in,84,18->22,13072.0454,edge_capacity+merge_group,82,13065.3;13065.3,13073.7;13073.7,13073.659440000001,1.6140400000003865,True,3,3
legacy_offset64_merge32,g3d_reroute_anchor,80:storage_in,80,13->23,13072.361780000001,merge_group,82,13065.3,13073.7,13073.659440000001,1.2976600000001781,True,2,2
legacy_offset64_merge32,g3d_reroute_anchor,91:storage_in,91,4->17,13072.4367,edge_capacity,89,13068.8,13072.4,13072.445380000001,0.008680000000822474,True,2,2
legacy_offset64_merge32,g3d_reroute_anchor,85:storage_in,85,11->13,13072.70649,edge_capacity,78,13062.8,13074,13074.04994,1.3434500000003027,True,2,2
legacy_offset64_merge32,g3d_reroute_anchor,84:storage_in,84,18->22,13073.0454,edge_capacity+merge_group,82,13065.3;13065.3,13073.7;13073.7,13073.659440000001,0.6140400000003865,True,3,3
legacy_offset64_merge32,g3d_reroute_anchor,80:storage_in,80,13->23,13073.361780000001,merge_group,82,13065.3,13073.7,13073.659440000001,0.2976600000001781,True,2,2
legacy_offset64_merge32,g3d_reroute_anchor,89:storage_in,89,17->18,13073.445380000001,edge_capacity,87,13072.4,13074,13073.978690000002,0.5333100000007107,True,2,2
legacy_offset64_merge32,g3d_reroute_anchor,82:storage_in,82,22->24,13074.659440000001,edge_capacity,79,13065.9,13076.3,13076.28215,1.6227099999978236,True,2,2
legacy_offset64_merge32,g3d_reroute_anchor,78:storage_in,78,13->23,13075.04994,merge_group,87,13075,13083.4,13083.378690000001,8.328750000000582,True,2,2
legacy_offset64_merge32,g3d_reroute_anchor,78:storage_in,78,13->23,13076.04994,merge_group,87,13075,13083.4,13083.378690000001,7.328750000000582,True,2,2
legacy_offset64_merge32,g3d_reroute_anchor,89:storage_in,89,18->22,13077.045380000001,edge_capacity+merge_group,87,13075;13075,13083.4;13083.4,13083.378690000001,6.333309999999983,True,3,3
legacy_offset64_merge32,g3d_reroute_anchor,78:storage_in,78,13->23,13077.04994,merge_group,87,13075,13083.4,13083.378690000001,6.328750000000582,True,2,2
legacy_offset64_merge32,g3d_reroute_anchor,89:storage_in,89,18->22,13078.045380000001,edge_capacity+merge_group,87,13075;13075,13083.4;13083.4,,,False,3,3
legacy_offset64_merge32,g3d_reroute_anchor,78:storage_in,78,13->23,13078.04994,merge_group,87,13075,13083.4,13083.378690000001,5.328750000000582,True,2,2
legacy_offset64_merge32,g3d_reroute_anchor,89:storage_in,89,18->22,13079.045380000001,edge_capacity+merge_group,87,13075;13075,13083.4;13083.4,,,False,3,3
legacy_offset64_merge32,g3d_reroute_anchor,78:storage_in,78,13->23,13079.04994,merge_group,87,13075,13083.4,13083.378690000001,4.328750000000582,True,2,2
legacy_offset64_merge32,g3d_reroute_anchor,78:storage_in,78,13->23,13080.04994,merge_group,87,13075,13083.4,13083.378690000001,3.328750000000582,True,2,2
legacy_offset64_merge32,g3d_reroute_anchor,91:storage_in,91,18->22,13080.636700000001,edge_capacity+merge_group,87,13075;13075,13083.4;13083.4,,,False,3,3
legacy_offset64_merge32,g3d_reroute_anchor,78:storage_in,78,13->23,13081.04994,merge_group,87,13075,13083.4,13083.378690000001,2.328750000000582,True,2,2
legacy_offset64_merge32,g3d_reroute_anchor,91:storage_in,91,18->22,13081.636700000001,edge_capacity+merge_group,87,13075;13075,13083.4;13083.4,,,False,3,3
legacy_offset64_merge32,g3d_reroute_anchor,78:storage_in,78,13->23,13082.04994,merge_group,87,13075,13083.4,13083.378690000001,1.328750000000582,True,2,2
legacy_offset64_merge32,g3d_reroute_anchor,91:storage_in,91,18->22,13082.636700000001,edge_capacity+merge_group,87,13075;13075,13083.4;13083.4,,,False,3,3
legacy_offset64_merge32,g3d_reroute_anchor,78:storage_in,78,13->23,13083.04994,merge_group,87,13075,13083.4,13083.378690000001,0.3287500000005821,True,2,2
legacy_offset64_merge32,g3d_reroute_anchor,78:storage_in,78,13->23,13084.04994,merge_group,94,13083.8,13092.2,,,False,2,2
legacy_offset64_merge32,g3d_reroute_anchor,92:storage_in,92,11->13,13084.09516,edge_capacity,88,13080.6,13091.8,13091.83983,7.744670000000042,True,2,2
legacy_offset64_merge32,g3d_reroute_anchor,78:storage_in,78,13->23,13085.04994,merge_group,94,13083.8,13092.2,,,False,2,2
legacy_offset64_merge32,g3d_reroute_anchor,92:storage_in,92,11->13,13085.09516,edge_capacity,88,13080.6,13091.8,13091.83983,6.744670000000042,True,2,2
legacy_offset64_merge32,g3d_reroute_anchor,78:storage_in,78,13->23,13086.04994,merge_group,94,13083.8,13092.2,,,False,2,2
legacy_offset64_merge32,g3d_reroute_anchor,92:storage_in,92,11->13,13086.09516,edge_capacity,88,13080.6,13091.8,13091.83983,5.744670000000042,True,2,2
legacy_offset64_merge32,g3d_reroute_anchor,78:storage_in,78,13->23,13087.04994,merge_group,94,13083.8,13092.2,,,False,2,2
legacy_offset64_merge32,g3d_reroute_anchor,90:storage_in,90,13->23,13090.13782,merge_group,94,13083.8,13092.2,,,False,2,2
legacy_offset64_merge32,g3d_reroute_anchor,93:storage_in,93,11->13,13091.12116,edge_capacity,88,13080.6,13091.8,13091.83983,0.718670000000202,True,2,2
legacy_offset64_merge32,g3d_reroute_anchor,90:storage_in,90,13->23,13091.13782,merge_group,94,13083.8,13092.2,,,False,2,2
legacy_offset64_merge32,g3d_reroute_anchor,94:storage_in,94,22->24,13093.24086,edge_capacity,87,13084.4,13094.8,13094.778690000001,1.5378300000011222,True,2,2
legacy_offset64_merge32,g3d_reroute_anchor,82:storage_in,82,46->36,13094.459440000002,edge_capacity,85,13089.1,13103.9,13103.90649,9.447049999997034,True,2,2
legacy_offset64_merge32,g3d_reroute_anchor,82:storage_in,82,46->36,13095.459440000002,edge_capacity,85,13089.1,13103.9,13103.90649,8.447049999997034,True,2,2
legacy_offset64_merge32,g3d_reroute_anchor,82:storage_in,82,46->36,13096.459440000002,edge_capacity,85,13089.1,13103.9,13103.90649,7.447049999997034,True,2,2
legacy_offset64_merge32,g3d_reroute_anchor,82:storage_in,82,46->36,13097.459440000002,edge_capacity,85,13089.1,13103.9,13103.90649,6.447049999997034,True,2,2
legacy_offset64_merge32,g3d_reroute_anchor,82:storage_in,82,46->36,13098.459440000002,edge_capacity,85,13089.1,13103.9,13103.90649,5.447049999997034,True,2,2
legacy_offset64_merge32,g3d_reroute_anchor,82:storage_in,82,46->36,13099.459440000002,edge_capacity,85,13089.1,13103.9,13103.90649,4.447049999997034,True,2,2
legacy_offset64_merge32,g3d_reroute_anchor,82:storage_in,82,46->36,13100.459440000002,edge_capacity,85,13089.1,13103.9,,,False,2,2
legacy_offset64_merge32,g3d_reroute_anchor,82:storage_in,82,46->36,13101.459440000002,edge_capacity,85,13089.1,13103.9,,,False,2,2
legacy_offset64_merge32,g3d_reroute_anchor,88:storage_in,88,27->28,13102.239830000002,edge_capacity,87,13098.4,13109.2,13109.17869,6.938859999998385,True,2,2
legacy_offset64_merge32,g3d_reroute_anchor,92:storage_in,92,46->36,13102.49516,edge_capacity,85,13089.1,13103.9,13103.90649,1.4113299999989977,True,2,2
legacy_offset64_merge32,g3d_reroute_anchor,88:storage_in,88,27->28,13103.239830000002,edge_capacity,87,13098.4,13109.2,13109.17869,5.938859999998385,True,2,2
legacy_offset64_merge32,g3d_reroute_anchor,92:storage_in,92,46->36,13103.49516,edge_capacity,85,13089.1,13103.9,13103.90649,0.41132999999899766,True,2,2
legacy_offset64_merge32,g3d_reroute_anchor,88:storage_in,88,27->28,13104.239830000002,edge_capacity,87,13098.4,13109.2,13109.17869,4.938859999998385,True,2,2
legacy_offset64_merge32,g3d_reroute_anchor,88:storage_in,88,27->28,13105.239830000002,edge_capacity,87,13098.4,13109.2,13109.17869,3.9388599999983853,True,2,2
legacy_offset64_merge32,g3d_reroute_anchor,88:storage_in,88,27->28,13106.239830000002,edge_capacity,87,13098.4,13109.2,,,False,2,2
legacy_offset64_merge32,g3d_reroute_anchor,95:storage_in,95,27->28,13108.204480000002,edge_capacity,87,13098.4,13109.2,13109.17869,0.974209999998493,True,2,2
legacy_offset64_merge32,g3d_reroute_anchor,94:storage_in,94,46->36,13113.040860000001,edge_capacity,92,13104.5,13119.3,13119.29516,6.254299999998693,True,2,2
legacy_offset64_merge32,g3d_reroute_anchor,93:storage_in,93,27->28,13113.721160000003,edge_capacity,95,13109.2,13120,13120.004480000001,6.283319999998639,True,2,2
legacy_offset64_merge32,g3d_reroute_anchor,94:storage_in,94,46->36,13114.040860000001,edge_capacity,92,13104.5,13119.3,13119.29516,5.254299999998693,True,2,2
legacy_offset64_merge32,g3d_reroute_anchor,93:storage_in,93,27->28,13114.721160000003,edge_capacity,95,13109.2,13120,13120.004480000001,5.283319999998639,True,2,2
legacy_offset64_merge32,g3d_reroute_anchor,94:storage_in,94,46->36,13115.040860000001,edge_capacity,92,13104.5,13119.3,13119.29516,4.254299999998693,True,2,2
legacy_offset64_merge32,g3d_reroute_anchor,93:storage_in,93,27->28,13115.721160000003,edge_capacity,95,13109.2,13120,13120.004480000001,4.283319999998639,True,2,2
legacy_offset64_merge32,g3d_reroute_anchor,94:storage_in,94,46->36,13116.040860000001,edge_capacity,92,13104.5,13119.3,13119.29516,3.2542999999986932,True,2,2
legacy_offset64_merge32,g3d_reroute_anchor,93:storage_in,93,27->28,13116.721160000003,edge_capacity,95,13109.2,13120,13120.004480000001,3.283319999998639,True,2,2
legacy_offset64_merge32,g3d_reroute_anchor,94:storage_in,94,46->36,13117.040860000001,edge_capacity,92,13104.5,13119.3,13119.29516,2.2542999999986932,True,2,2
legacy_offset64_merge32,g3d_reroute_anchor,93:storage_in,93,27->28,13117.721160000003,edge_capacity,95,13109.2,13120,13120.004480000001,2.283319999998639,True,2,2
legacy_offset64_merge32,g3d_reroute_anchor,94:storage_in,94,46->36,13118.040860000001,edge_capacity,92,13104.5,13119.3,13119.29516,1.2542999999986932,True,2,2
legacy_offset64_merge32,g3d_reroute_anchor,93:storage_in,93,27->28,13118.721160000003,edge_capacity,95,13109.2,13120,13120.004480000001,1.283319999998639,True,2,2
legacy_offset64_merge32,g3d_reroute_anchor,94:storage_in,94,46->36,13119.040860000001,edge_capacity,92,13104.5,13119.3,13119.29516,0.25429999999869324,True,2,2
legacy_offset64_merge32,g3d_reroute_anchor,93:storage_in,93,27->28,13119.721160000003,edge_capacity,95,13109.2,13120,13120.004480000001,0.2833199999986391,True,2,2
legacy_offset64_merge32,edge_release_wait_scheduler,68:storage_in,68,18->22,12486.50318,edge_capacity+merge_group,64,12484.4;12484.4,12492.8;12492.8,,,False,3,3
legacy_offset64_merge32,edge_release_wait_scheduler,66:storage_in,66,18->22,12487.636550000001,edge_capacity+merge_group,64,12484.4;12484.4,12492.8;12492.8,12492.83977,5.203219999999419,True,3,3
legacy_offset64_merge32,edge_release_wait_scheduler,73:storage_in,73,18->22,12494.37299,edge_capacity+merge_group,66,12492.8;12492.8,12501.2;12501.2,,,False,3,3
legacy_offset64_merge32,edge_release_wait_scheduler,71:storage_in,71,18->22,12495.506200000002,edge_capacity+merge_group,66,12492.8;12492.8,12501.2;12501.2,12501.23977,5.733569999998508,True,3,3
legacy_offset64_merge32,edge_release_wait_scheduler,65:storage_in,65,13->23,12496.137770000001,merge_group,66,12492.8,12501.2,,,False,2,2
legacy_offset64_merge32,edge_release_wait_scheduler,65:storage_in,65,13->23,12497.137770000001,merge_group,66,12492.8,12501.2,,,False,2,2
legacy_offset64_merge32,edge_release_wait_scheduler,74:storage_in,74,8->11,12497.83982,edge_capacity,70,12495.1,12498.3,12498.306480000001,0.46666000000186614,True,2,2
legacy_offset64_merge32,edge_release_wait_scheduler,70:storage_in,70,11->13,12499.306480000001,edge_capacity,67,12491.2,12502.4,,,False,2,2
legacy_offset64_merge32,edge_release_wait_scheduler,65:storage_in,65,13->23,12500.137770000001,merge_group,66;71,12492.8;12501.2,12501.2;12509.6,,,False,3,3
legacy_offset64_merge32,edge_release_wait_scheduler,70:storage_in,70,11->13,12500.306480000001,edge_capacity,67,12491.2,12502.4,,,False,2,2
legacy_offset64_merge32,edge_release_wait_scheduler,65:storage_in,65,13->23,12501.137770000001,merge_group,66;71,12492.8;12501.2,12501.2;12509.6,,,False,3,3
legacy_offset64_merge32,edge_release_wait_scheduler,70:storage_in,70,11->13,12501.306480000001,edge_capacity,67,12491.2,12502.4,,,False,2,2
legacy_offset64_merge32,edge_release_wait_scheduler,65:storage_in,65,13->23,12502.137770000001,merge_group,71,12501.2,12509.6,,,False,2,2
legacy_offset64_merge32,edge_release_wait_scheduler,66:storage_in,66,22->24,12502.23977,edge_capacity,64,12493.8,12504.2,12504.23977,2.0,True,2,2
legacy_offset64_merge32,edge_release_wait_scheduler,75:storage_in,75,18->22,12502.574170000002,edge_capacity+merge_group,71,12501.2;12501.2,12509.6;12509.6,12509.63977,7.065599999998085,True,3,3
legacy_offset64_merge32,edge_release_wait_scheduler,67:storage_in,67,13->23,12503.387820000002,merge_group,71,12501.2,12509.6,,,False,2,2
legacy_offset64_merge32,edge_release_wait_scheduler,67:storage_in,67,13->23,12504.387820000002,merge_group,71,12501.2,12509.6,,,False,2,2
legacy_offset64_merge32,edge_release_wait_scheduler,67:storage_in,67,13->23,12505.387820000002,merge_group,71,12501.2,12509.6,,,False,2,2
legacy_offset64_merge32,edge_release_wait_scheduler,72:storage_in,72,13->23,12506.80448,merge_group,71;75,12501.2;12509.6,12509.6;12518,,,False,3,3
legacy_offset64_merge32,edge_release_wait_scheduler,76:storage_in,76,11->13,12507.121410000002,edge_capacity,74,12502.5,12513.7,12513.706480000003,6.5850700000009965,True,2,2
legacy_offset64_merge32,edge_release_wait_scheduler,72:storage_in,72,13->23,12507.80448,merge_group,71;75,12501.2;12509.6,12509.6;12518,,,False,3,3
legacy_offset64_merge32,edge_release_wait_scheduler,71:storage_in,71,22->24,12510.63977,edge_capacity,66,12504.2,12514.6,12514.63977,4.0,True,2,2
legacy_offset64_merge32,edge_release_wait_scheduler,72:storage_in,72,13->23,12510.80448,merge_group,75,12509.6,12518,,,False,2,2
legacy_offset64_merge32,edge_release_wait_scheduler,72:storage_in,72,13->23,12511.80448,merge_group,75,12509.6,12518,,,False,2,2
legacy_offset64_merge32,edge_release_wait_scheduler,72:storage_in,72,13->23,12512.80448,merge_group,75,12509.6,12518,,,False,2,2
legacy_offset64_merge32,edge_release_wait_scheduler,74:storage_in,74,13->23,12514.706480000003,merge_group,75,12509.6,12518,12518.03977,3.3332899999968504,True,2,2
legacy_offset64_merge32,edge_release_wait_scheduler,66:storage_in,66,27->28,12518.23977,edge_capacity,64,12507.8,12518.6,12518.63977,0.3999999999996362,True,2,2
legacy_offset64_merge32,edge_release_wait_scheduler,75:storage_in,75,22->24,12519.03977,edge_capacity,71,12514.6,12525,12525.03977,6.0,True,2,2
legacy_offset64_merge32,edge_release_wait_scheduler,71:storage_in,71,24->27,12526.03977,edge_capacity,74,12524.8,12526.4,12526.43977,0.4000000000014552,True,2,2
legacy_offset64_merge32,edge_release_wait_scheduler,74:storage_in,74,27->28,12527.43977,edge_capacity,66,12518.6,12529.4,,,False,2,2
legacy_offset64_merge32,edge_release_wait_scheduler,71:storage_in,71,27->28,12529.039770000001,edge_capacity,66,12518.6,12529.4,12529.439769999999,0.3999999999978172,True,2,2
legacy_offset64_merge32,edge_release_wait_scheduler,76:storage_in,76,27->28,12535.306480000005,edge_capacity,71,12529.4,12540.2,12540.239769999998,4.933289999993576,True,2,2
legacy_offset64_merge32,edge_release_wait_scheduler,75:storage_in,75,27->28,12542.03977,edge_capacity,76,12540.2,12551,12551.039769999998,8.999999999998181,True,2,2
legacy_offset64_merge32,edge_release_wait_scheduler,81:storage_in,81,18->22,13058.24528,edge_capacity+merge_group,79,13056.5;13056.5,13064.9;13064.9,13064.88215,6.636870000000272,True,3,3
legacy_offset64_merge32,edge_release_wait_scheduler,84:storage_in,84,4->17,13059.8454,edge_capacity,82,13057.1,13060.7,13060.659440000001,0.8140400000011141,True,2,2
legacy_offset64_merge32,edge_release_wait_scheduler,82:storage_in,82,18->22,13066.259440000002,edge_capacity+merge_group,81,13064.9;13064.9,13073.3;13073.3,,,False,3,3
legacy_offset64_merge32,edge_release_wait_scheduler,84:storage_in,84,18->22,13067.859440000002,edge_capacity+merge_group,81,13064.9;13064.9,13073.3;13073.3,,,False,3,3
legacy_offset64_merge32,edge_release_wait_scheduler,86:storage_in,86,18->22,13068.91217,edge_capacity+merge_group,81,13064.9;13064.9,13073.3;13073.3,13073.28215,4.369979999999487,True,3,3
legacy_offset64_merge32,edge_release_wait_scheduler,91:storage_in,91,4->17,13070.4367,edge_capacity,89,13068.8,13072.4,13072.445380000001,2.0086800000008225,True,2,2
legacy_offset64_merge32,edge_release_wait_scheduler,80:storage_in,80,13->23,13072.361780000001,merge_group,81;86,13064.9;13073.3,13073.3;13081.7,,,False,3,3
legacy_offset64_merge32,edge_release_wait_scheduler,85:storage_in,85,11->13,13072.70649,edge_capacity,78,13062.8,13074,13074.04994,1.3434500000003027,True,2,2
legacy_offset64_merge32,edge_release_wait_scheduler,80:storage_in,80,13->23,13073.361780000001,merge_group,86,13073.3,13081.7,,,False,2,2
legacy_offset64_merge32,edge_release_wait_scheduler,89:storage_in,89,17->18,13073.445380000001,edge_capacity,87,13072.4,13074,13073.978690000002,0.5333100000007107,True,2,2
legacy_offset64_merge32,edge_release_wait_scheduler,81:storage_in,81,22->24,13074.28215,edge_capacity,79,13065.9,13076.3,13076.28215,2.0,True,2,2
legacy_offset64_merge32,edge_release_wait_scheduler,87:storage_in,87,18->22,13074.978690000002,edge_capacity+merge_group,86,13073.3;13073.3,13081.7;13081.7,,,False,3,3
legacy_offset64_merge32,edge_release_wait_scheduler,78:storage_in,78,13->23,13075.04994,merge_group,86,13073.3,13081.7,13081.682149999999,6.63220999999794,True,2,2
legacy_offset64_merge32,edge_release_wait_scheduler,89:storage_in,89,18->22,13076.578690000002,edge_capacity+merge_group,78;86,13073.3;13073.3;13081.7,13081.7;13081.7;13084.9,13084.88215,8.303459999997358,True,4,4
legacy_offset64_merge32,edge_release_wait_scheduler,88:storage_in,88,11->13,13080.63983,edge_capacity,85,13074,13085.2,,,False,2,2
legacy_offset64_merge32,edge_release_wait_scheduler,88:storage_in,88,11->13,13081.63983,edge_capacity,85,13074,13085.2,,,False,2,2
legacy_offset64_merge32,edge_release_wait_scheduler,88:storage_in,88,11->13,13082.63983,edge_capacity,85,13074,13085.2,,,False,2,2
legacy_offset64_merge32,edge_release_wait_scheduler,86:storage_in,86,22->24,13082.682149999999,edge_capacity,81,13076.3,13086.7,13086.682149999999,4.0,True,2,2
legacy_offset64_merge32,edge_release_wait_scheduler,92:storage_in,92,11->13,13084.09516,edge_capacity,85,13074,13085.2,13085.249940000002,1.1547800000007555,True,2,2
legacy_offset64_merge32,edge_release_wait_scheduler,91:storage_in,91,18->22,13086.645380000002,edge_capacity+merge_group,89,13084.9;13084.9,13093.3;13093.3,13093.28215,6.636769999997341,True,3,3
legacy_offset64_merge32,edge_release_wait_scheduler,90:storage_in,90,13->23,13088.13782,merge_group,89,13084.9,13093.3,,,False,2,2
legacy_offset64_merge32,edge_release_wait_scheduler,90:storage_in,90,13->23,13089.13782,merge_group,89,13084.9,13093.3,,,False,2,2
legacy_offset64_merge32,edge_release_wait_scheduler,90:storage_in,90,13->23,13090.13782,merge_group,89;91,13084.9;13093.3,13093.3;13101.7,,,False,3,3
legacy_offset64_merge32,edge_release_wait_scheduler,81:storage_in,81,27->28,13090.28215,edge_capacity,79,13079.9,13090.7,13090.682149999999,0.3999999999996362,True,2,2
legacy_offset64_merge32,edge_release_wait_scheduler,93:storage_in,93,11->13,13091.12116,edge_capacity,92,13085.2,13096.4,13096.449940000002,5.328780000001643,True,2,2
legacy_offset64_merge32,edge_release_wait_scheduler,78:storage_in,78,27->28,13092.08215,edge_capacity,81,13090.7,13101.5,13101.482149999998,9.399999999997817,True,2,2
legacy_offset64_merge32,edge_release_wait_scheduler,90:storage_in,90,13->23,13093.13782,merge_group,89;91,13084.9;13093.3,13093.3;13101.7,,,False,3,3
legacy_offset64_merge32,edge_release_wait_scheduler,90:storage_in,90,13->23,13094.13782,merge_group,91,13093.3,13101.7,,,False,2,2
legacy_offset64_merge32,edge_release_wait_scheduler,89:storage_in,89,22->24,13094.28215,edge_capacity,86,13086.7,13097.1,13097.082149999998,2.7999999999992724,True,2,2
legacy_offset64_merge32,edge_release_wait_scheduler,90:storage_in,90,13->23,13095.13782,merge_group,91,13093.3,13101.7,,,False,2,2
legacy_offset64_merge32,edge_release_wait_scheduler,90:storage_in,90,13->23,13096.13782,merge_group,91,13093.3,13101.7,,,False,2,2
legacy_offset64_merge32,edge_release_wait_scheduler,92:storage_in,92,13->23,13097.449940000002,merge_group,91,13093.3,13101.7,,,False,2,2
legacy_offset64_merge32,edge_release_wait_scheduler,95:storage_in,95,13->23,13098.80448,merge_group,91,13093.3,13101.7,13101.682149999999,2.8776699999980337,True,2,2
legacy_offset64_merge32,edge_release_wait_scheduler,91:storage_in,91,22->24,13102.682149999999,edge_capacity,89,13097.1,13107.5,13107.482149999998,4.799999999999272,True,2,2
legacy_offset64_merge32,edge_release_wait_scheduler,86:storage_in,86,27->28,13102.682149999999,edge_capacity,78,13101.5,13112.3,13112.282149999997,9.599999999998545,True,2,2
legacy_offset64_merge32,edge_release_wait_scheduler,95:storage_in,95,27->28,13114.08215,edge_capacity,86,13112.3,13123.1,13123.082149999997,8.999999999996362,True,2,2
legacy_offset64_merge32,edge_release_wait_scheduler,91:storage_in,91,27->28,13124.482149999998,edge_capacity,95,13123.1,13133.9,13133.882149999996,9.399999999997817,True,2,2
legacy_offset64_merge32,fifo_edge_queue_scheduler,68:storage_in,68,18->22,12486.50318,edge_capacity+merge_group,64,12484.4;12484.4,12492.8;12492.8,,,False,3,3
legacy_offset64_merge32,fifo_edge_queue_scheduler,66:storage_in,66,18->22,12487.636550000001,edge_capacity+merge_group,64,12484.4;12484.4,12492.8;12492.8,12492.83977,5.203219999999419,True,3,3
legacy_offset64_merge32,fifo_edge_queue_scheduler,73:storage_in,73,18->22,12494.37299,edge_capacity+merge_group,66,12492.8;12492.8,12501.2;12501.2,,,False,3,3
legacy_offset64_merge32,fifo_edge_queue_scheduler,71:storage_in,71,18->22,12495.506200000002,edge_capacity+merge_group,66,12492.8;12492.8,12501.2;12501.2,12501.23977,5.733569999998508,True,3,3
legacy_offset64_merge32,fifo_edge_queue_scheduler,65:storage_in,65,13->23,12496.137770000001,merge_group,66,12492.8,12501.2,,,False,2,2
legacy_offset64_merge32,fifo_edge_queue_scheduler,65:storage_in,65,13->23,12497.137770000001,merge_group,66,12492.8,12501.2,,,False,2,2
legacy_offset64_merge32,fifo_edge_queue_scheduler,74:storage_in,74,8->11,12497.83982,edge_capacity,70,12495.1,12498.3,12498.306480000001,0.46666000000186614,True,2,2
legacy_offset64_merge32,fifo_edge_queue_scheduler,70:storage_in,70,11->13,12499.306480000001,edge_capacity,67,12491.2,12502.4,,,False,2,2
legacy_offset64_merge32,fifo_edge_queue_scheduler,65:storage_in,65,13->23,12500.137770000001,merge_group,66;71,12492.8;12501.2,12501.2;12509.6,,,False,3,3
legacy_offset64_merge32,fifo_edge_queue_scheduler,70:storage_in,70,11->13,12500.306480000001,edge_capacity,67,12491.2,12502.4,,,False,2,2
legacy_offset64_merge32,fifo_edge_queue_scheduler,65:storage_in,65,13->23,12501.137770000001,merge_group,66;71,12492.8;12501.2,12501.2;12509.6,,,False,3,3
legacy_offset64_merge32,fifo_edge_queue_scheduler,70:storage_in,70,11->13,12501.306480000001,edge_capacity,67,12491.2,12502.4,,,False,2,2
legacy_offset64_merge32,fifo_edge_queue_scheduler,65:storage_in,65,13->23,12502.137770000001,merge_group,71,12501.2,12509.6,,,False,2,2
legacy_offset64_merge32,fifo_edge_queue_scheduler,66:storage_in,66,22->24,12502.23977,edge_capacity,64,12493.8,12504.2,12504.23977,2.0,True,2,2
legacy_offset64_merge32,fifo_edge_queue_scheduler,75:storage_in,75,18->22,12502.574170000002,edge_capacity+merge_group,71,12501.2;12501.2,12509.6;12509.6,12509.63977,7.065599999998085,True,3,3
legacy_offset64_merge32,fifo_edge_queue_scheduler,67:storage_in,67,13->23,12503.387820000002,merge_group,71,12501.2,12509.6,,,False,2,2
legacy_offset64_merge32,fifo_edge_queue_scheduler,67:storage_in,67,13->23,12504.387820000002,merge_group,71,12501.2,12509.6,,,False,2,2
legacy_offset64_merge32,fifo_edge_queue_scheduler,67:storage_in,67,13->23,12505.387820000002,merge_group,71,12501.2,12509.6,,,False,2,2
legacy_offset64_merge32,fifo_edge_queue_scheduler,72:storage_in,72,13->23,12506.80448,merge_group,71;75,12501.2;12509.6,12509.6;12518,,,False,3,3
legacy_offset64_merge32,fifo_edge_queue_scheduler,76:storage_in,76,11->13,12507.121410000002,edge_capacity,74,12502.5,12513.7,12513.706480000003,6.5850700000009965,True,2,2
legacy_offset64_merge32,fifo_edge_queue_scheduler,72:storage_in,72,13->23,12507.80448,merge_group,71;75,12501.2;12509.6,12509.6;12518,,,False,3,3
legacy_offset64_merge32,fifo_edge_queue_scheduler,71:storage_in,71,22->24,12510.63977,edge_capacity,66,12504.2,12514.6,12514.63977,4.0,True,2,2
legacy_offset64_merge32,fifo_edge_queue_scheduler,72:storage_in,72,13->23,12510.80448,merge_group,75,12509.6,12518,,,False,2,2
legacy_offset64_merge32,fifo_edge_queue_scheduler,72:storage_in,72,13->23,12511.80448,merge_group,75,12509.6,12518,,,False,2,2
legacy_offset64_merge32,fifo_edge_queue_scheduler,72:storage_in,72,13->23,12512.80448,merge_group,75,12509.6,12518,,,False,2,2
legacy_offset64_merge32,fifo_edge_queue_scheduler,74:storage_in,74,13->23,12514.706480000003,merge_group,75,12509.6,12518,12518.03977,3.3332899999968504,True,2,2
legacy_offset64_merge32,fifo_edge_queue_scheduler,66:storage_in,66,27->28,12518.23977,edge_capacity,64,12507.8,12518.6,12518.63977,0.3999999999996362,True,2,2
legacy_offset64_merge32,fifo_edge_queue_scheduler,75:storage_in,75,22->24,12519.03977,edge_capacity,71,12514.6,12525,12525.03977,6.0,True,2,2
legacy_offset64_merge32,fifo_edge_queue_scheduler,71:storage_in,71,24->27,12526.03977,edge_capacity,74,12524.8,12526.4,12526.43977,0.4000000000014552,True,2,2
legacy_offset64_merge32,fifo_edge_queue_scheduler,74:storage_in,74,27->28,12527.43977,edge_capacity,66,12518.6,12529.4,,,False,2,2
legacy_offset64_merge32,fifo_edge_queue_scheduler,71:storage_in,71,27->28,12529.039770000001,edge_capacity,66,12518.6,12529.4,12529.439769999999,0.3999999999978172,True,2,2
legacy_offset64_merge32,fifo_edge_queue_scheduler,76:storage_in,76,27->28,12535.306480000005,edge_capacity,71,12529.4,12540.2,12540.239769999998,4.933289999993576,True,2,2
legacy_offset64_merge32,fifo_edge_queue_scheduler,75:storage_in,75,27->28,12542.03977,edge_capacity,76,12540.2,12551,12551.039769999998,8.999999999998181,True,2,2
legacy_offset64_merge32,fifo_edge_queue_scheduler,81:storage_in,81,18->22,13058.24528,edge_capacity+merge_group,79,13056.5;13056.5,13064.9;13064.9,13064.88215,6.636870000000272,True,3,3
legacy_offset64_merge32,fifo_edge_queue_scheduler,84:storage_in,84,4->17,13059.8454,edge_capacity,82,13057.1,13060.7,13060.659440000001,0.8140400000011141,True,2,2
legacy_offset64_merge32,fifo_edge_queue_scheduler,82:storage_in,82,18->22,13066.259440000002,edge_capacity+merge_group,81,13064.9;13064.9,13073.3;13073.3,,,False,3,3
legacy_offset64_merge32,fifo_edge_queue_scheduler,84:storage_in,84,18->22,13067.859440000002,edge_capacity+merge_group,81,13064.9;13064.9,13073.3;13073.3,,,False,3,3
legacy_offset64_merge32,fifo_edge_queue_scheduler,86:storage_in,86,18->22,13068.91217,edge_capacity+merge_group,81,13064.9;13064.9,13073.3;13073.3,13073.28215,4.369979999999487,True,3,3
legacy_offset64_merge32,fifo_edge_queue_scheduler,91:storage_in,91,4->17,13070.4367,edge_capacity,89,13068.8,13072.4,13072.445380000001,2.0086800000008225,True,2,2
legacy_offset64_merge32,fifo_edge_queue_scheduler,80:storage_in,80,13->23,13072.361780000001,merge_group,81;86,13064.9;13073.3,13073.3;13081.7,,,False,3,3
legacy_offset64_merge32,fifo_edge_queue_scheduler,85:storage_in,85,11->13,13072.70649,edge_capacity,78,13062.8,13074,13074.04994,1.3434500000003027,True,2,2
legacy_offset64_merge32,fifo_edge_queue_scheduler,80:storage_in,80,13->23,13073.361780000001,merge_group,86,13073.3,13081.7,,,False,2,2
legacy_offset64_merge32,fifo_edge_queue_scheduler,89:storage_in,89,17->18,13073.445380000001,edge_capacity,87,13072.4,13074,13073.978690000002,0.5333100000007107,True,2,2
legacy_offset64_merge32,fifo_edge_queue_scheduler,81:storage_in,81,22->24,13074.28215,edge_capacity,79,13065.9,13076.3,13076.28215,2.0,True,2,2
legacy_offset64_merge32,fifo_edge_queue_scheduler,87:storage_in,87,18->22,13074.978690000002,edge_capacity+merge_group,86,13073.3;13073.3,13081.7;13081.7,,,False,3,3
legacy_offset64_merge32,fifo_edge_queue_scheduler,78:storage_in,78,13->23,13075.04994,merge_group,86,13073.3,13081.7,13081.682149999999,6.63220999999794,True,2,2
legacy_offset64_merge32,fifo_edge_queue_scheduler,89:storage_in,89,18->22,13076.578690000002,edge_capacity+merge_group,78;86,13073.3;13073.3;13081.7,13081.7;13081.7;13084.9,13084.88215,8.303459999997358,True,4,4
legacy_offset64_merge32,fifo_edge_queue_scheduler,88:storage_in,88,11->13,13080.63983,edge_capacity,85,13074,13085.2,,,False,2,2
legacy_offset64_merge32,fifo_edge_queue_scheduler,88:storage_in,88,11->13,13081.63983,edge_capacity,85,13074,13085.2,,,False,2,2
legacy_offset64_merge32,fifo_edge_queue_scheduler,88:storage_in,88,11->13,13082.63983,edge_capacity,85,13074,13085.2,,,False,2,2
legacy_offset64_merge32,fifo_edge_queue_scheduler,86:storage_in,86,22->24,13082.682149999999,edge_capacity,81,13076.3,13086.7,13086.682149999999,4.0,True,2,2
legacy_offset64_merge32,fifo_edge_queue_scheduler,92:storage_in,92,11->13,13084.09516,edge_capacity,85,13074,13085.2,13085.249940000002,1.1547800000007555,True,2,2
legacy_offset64_merge32,fifo_edge_queue_scheduler,91:storage_in,91,18->22,13086.645380000002,edge_capacity+merge_group,89,13084.9;13084.9,13093.3;13093.3,13093.28215,6.636769999997341,True,3,3
legacy_offset64_merge32,fifo_edge_queue_scheduler,90:storage_in,90,13->23,13088.13782,merge_group,89,13084.9,13093.3,,,False,2,2
legacy_offset64_merge32,fifo_edge_queue_scheduler,90:storage_in,90,13->23,13089.13782,merge_group,89,13084.9,13093.3,,,False,2,2
legacy_offset64_merge32,fifo_edge_queue_scheduler,90:storage_in,90,13->23,13090.13782,merge_group,89;91,13084.9;13093.3,13093.3;13101.7,,,False,3,3
legacy_offset64_merge32,fifo_edge_queue_scheduler,81:storage_in,81,27->28,13090.28215,edge_capacity,79,13079.9,13090.7,13090.682149999999,0.3999999999996362,True,2,2
legacy_offset64_merge32,fifo_edge_queue_scheduler,93:storage_in,93,11->13,13091.12116,edge_capacity,92,13085.2,13096.4,13096.449940000002,5.328780000001643,True,2,2
legacy_offset64_merge32,fifo_edge_queue_scheduler,78:storage_in,78,27->28,13092.08215,edge_capacity,81,13090.7,13101.5,13101.482149999998,9.399999999997817,True,2,2
legacy_offset64_merge32,fifo_edge_queue_scheduler,90:storage_in,90,13->23,13093.13782,merge_group,89;91,13084.9;13093.3,13093.3;13101.7,,,False,3,3
legacy_offset64_merge32,fifo_edge_queue_scheduler,90:storage_in,90,13->23,13094.13782,merge_group,91,13093.3,13101.7,,,False,2,2
legacy_offset64_merge32,fifo_edge_queue_scheduler,89:storage_in,89,22->24,13094.28215,edge_capacity,86,13086.7,13097.1,13097.082149999998,2.7999999999992724,True,2,2
legacy_offset64_merge32,fifo_edge_queue_scheduler,90:storage_in,90,13->23,13095.13782,merge_group,91,13093.3,13101.7,,,False,2,2
legacy_offset64_merge32,fifo_edge_queue_scheduler,90:storage_in,90,13->23,13096.13782,merge_group,91,13093.3,13101.7,,,False,2,2
legacy_offset64_merge32,fifo_edge_queue_scheduler,92:storage_in,92,13->23,13097.449940000002,merge_group,91,13093.3,13101.7,,,False,2,2
legacy_offset64_merge32,fifo_edge_queue_scheduler,95:storage_in,95,13->23,13098.80448,merge_group,91,13093.3,13101.7,13101.682149999999,2.8776699999980337,True,2,2
legacy_offset64_merge32,fifo_edge_queue_scheduler,91:storage_in,91,22->24,13102.682149999999,edge_capacity,89,13097.1,13107.5,13107.482149999998,4.799999999999272,True,2,2
legacy_offset64_merge32,fifo_edge_queue_scheduler,86:storage_in,86,27->28,13102.682149999999,edge_capacity,78,13101.5,13112.3,13112.282149999997,9.599999999998545,True,2,2
legacy_offset64_merge32,fifo_edge_queue_scheduler,95:storage_in,95,27->28,13114.08215,edge_capacity,86,13112.3,13123.1,13123.082149999997,8.999999999996362,True,2,2
legacy_offset64_merge32,fifo_edge_queue_scheduler,91:storage_in,91,27->28,13124.482149999998,edge_capacity,95,13123.1,13133.9,13133.882149999996,9.399999999997817,True,2,2
legacy_offset64_merge32,capacity_wait_budget_5s,68:storage_in,68,18->22,12486.50318,edge_capacity+merge_group,64,12484.4;12484.4,12492.8;12492.8,,,False,3,3
legacy_offset64_merge32,capacity_wait_budget_5s,66:storage_in,66,18->22,12487.636550000001,edge_capacity+merge_group,64,12484.4;12484.4,12492.8;12492.8,12492.83977,5.203219999999419,True,3,3
legacy_offset64_merge32,capacity_wait_budget_5s,73:storage_in,73,18->22,12494.37299,edge_capacity+merge_group,66,12492.8;12492.8,12501.2;12501.2,,,False,3,3
legacy_offset64_merge32,capacity_wait_budget_5s,71:storage_in,71,18->22,12495.506200000002,edge_capacity+merge_group,66,12492.8;12492.8,12501.2;12501.2,12501.23977,5.733569999998508,True,3,3
legacy_offset64_merge32,capacity_wait_budget_5s,65:storage_in,65,13->23,12496.137770000001,merge_group,66,12492.8,12501.2,,,False,2,2
legacy_offset64_merge32,capacity_wait_budget_5s,65:storage_in,65,13->23,12497.137770000001,merge_group,66,12492.8,12501.2,,,False,2,2
legacy_offset64_merge32,capacity_wait_budget_5s,74:storage_in,74,8->11,12497.83982,edge_capacity,70,12495.1,12498.3,12498.306480000001,0.46666000000186614,True,2,2
legacy_offset64_merge32,capacity_wait_budget_5s,70:storage_in,70,11->13,12499.306480000001,edge_capacity,67,12491.2,12502.4,,,False,2,2
legacy_offset64_merge32,capacity_wait_budget_5s,65:storage_in,65,13->23,12500.137770000001,merge_group,66;71,12492.8;12501.2,12501.2;12509.6,,,False,3,3
legacy_offset64_merge32,capacity_wait_budget_5s,65:storage_in,65,13->23,12501.137770000001,merge_group,66;71,12492.8;12501.2,12501.2;12509.6,,,False,3,3
legacy_offset64_merge32,capacity_wait_budget_5s,65:storage_in,65,13->23,12502.137770000001,merge_group,71,12501.2,12509.6,,,False,2,2
legacy_offset64_merge32,capacity_wait_budget_5s,66:storage_in,66,22->24,12502.23977,edge_capacity,64,12493.8,12504.2,12504.23977,2.0,True,2,2
legacy_offset64_merge32,capacity_wait_budget_5s,75:storage_in,75,18->22,12502.574170000002,edge_capacity+merge_group,71,12501.2;12501.2,12509.6;12509.6,12509.63977,7.065599999998085,True,3,3
legacy_offset64_merge32,capacity_wait_budget_5s,67:storage_in,67,13->23,12503.387820000002,merge_group,71,12501.2,12509.6,,,False,2,2
legacy_offset64_merge32,capacity_wait_budget_5s,67:storage_in,67,13->23,12504.387820000002,merge_group,71,12501.2,12509.6,,,False,2,2
legacy_offset64_merge32,capacity_wait_budget_5s,67:storage_in,67,13->23,12505.387820000002,merge_group,71,12501.2,12509.6,,,False,2,2
legacy_offset64_merge32,capacity_wait_budget_5s,72:storage_in,72,13->23,12506.80448,merge_group,71;75,12501.2;12509.6,12509.6;12518,,,False,3,3
legacy_offset64_merge32,capacity_wait_budget_5s,76:storage_in,76,11->13,12507.121410000002,edge_capacity,74,12502.5,12513.7,12513.706480000003,6.5850700000009965,True,2,2
legacy_offset64_merge32,capacity_wait_budget_5s,72:storage_in,72,13->23,12507.80448,merge_group,71;75,12501.2;12509.6,12509.6;12518,,,False,3,3
legacy_offset64_merge32,capacity_wait_budget_5s,71:storage_in,71,22->24,12510.63977,edge_capacity,66,12504.2,12514.6,12514.63977,4.0,True,2,2
legacy_offset64_merge32,capacity_wait_budget_5s,72:storage_in,72,13->23,12510.80448,merge_group,75,12509.6,12518,,,False,2,2
legacy_offset64_merge32,capacity_wait_budget_5s,72:storage_in,72,13->23,12511.80448,merge_group,75,12509.6,12518,,,False,2,2
legacy_offset64_merge32,capacity_wait_budget_5s,72:storage_in,72,13->23,12512.80448,merge_group,75,12509.6,12518,,,False,2,2
legacy_offset64_merge32,capacity_wait_budget_5s,74:storage_in,74,13->23,12514.706480000003,merge_group,75,12509.6,12518,12518.03977,3.3332899999968504,True,2,2
legacy_offset64_merge32,capacity_wait_budget_5s,66:storage_in,66,27->28,12518.23977,edge_capacity,64,12507.8,12518.6,12518.63977,0.3999999999996362,True,2,2
legacy_offset64_merge32,capacity_wait_budget_5s,75:storage_in,75,22->24,12519.03977,edge_capacity,71,12514.6,12525,12525.03977,6.0,True,2,2
legacy_offset64_merge32,capacity_wait_budget_5s,71:storage_in,71,24->27,12526.03977,edge_capacity,74,12524.8,12526.4,12526.43977,0.4000000000014552,True,2,2
legacy_offset64_merge32,capacity_wait_budget_5s,74:storage_in,74,27->28,12527.43977,edge_capacity,66,12518.6,12529.4,,,False,2,2
legacy_offset64_merge32,capacity_wait_budget_5s,71:storage_in,71,27->28,12529.039770000001,edge_capacity,66,12518.6,12529.4,12529.439769999999,0.3999999999978172,True,2,2
legacy_offset64_merge32,capacity_wait_budget_5s,76:storage_in,76,27->28,12535.306480000005,edge_capacity,71,12529.4,12540.2,12540.239769999998,4.933289999993576,True,2,2
legacy_offset64_merge32,capacity_wait_budget_5s,81:storage_in,81,18->22,13058.24528,edge_capacity+merge_group,79,13056.5;13056.5,13064.9;13064.9,13064.88215,6.636870000000272,True,3,3
legacy_offset64_merge32,capacity_wait_budget_5s,84:storage_in,84,4->17,13059.8454,edge_capacity,82,13057.1,13060.7,13060.659440000001,0.8140400000011141,True,2,2
legacy_offset64_merge32,capacity_wait_budget_5s,82:storage_in,82,18->22,13066.259440000002,edge_capacity+merge_group,81,13064.9;13064.9,13073.3;13073.3,,,False,3,3
legacy_offset64_merge32,capacity_wait_budget_5s,84:storage_in,84,18->22,13067.859440000002,edge_capacity+merge_group,81,13064.9;13064.9,13073.3;13073.3,,,False,3,3
legacy_offset64_merge32,capacity_wait_budget_5s,86:storage_in,86,18->22,13068.91217,edge_capacity+merge_group,81,13064.9;13064.9,13073.3;13073.3,13073.28215,4.369979999999487,True,3,3
legacy_offset64_merge32,capacity_wait_budget_5s,91:storage_in,91,4->17,13070.4367,edge_capacity,89,13068.8,13072.4,13072.445380000001,2.0086800000008225,True,2,2
legacy_offset64_merge32,capacity_wait_budget_5s,80:storage_in,80,13->23,13072.361780000001,merge_group,81;86,13064.9;13073.3,13073.3;13081.7,,,False,3,3
legacy_offset64_merge32,capacity_wait_budget_5s,85:storage_in,85,11->13,13072.70649,edge_capacity,78,13062.8,13074,13074.04994,1.3434500000003027,True,2,2
legacy_offset64_merge32,capacity_wait_budget_5s,80:storage_in,80,13->23,13073.361780000001,merge_group,86,13073.3,13081.7,,,False,2,2
legacy_offset64_merge32,capacity_wait_budget_5s,89:storage_in,89,17->18,13073.445380000001,edge_capacity,87,13072.4,13074,13073.978690000002,0.5333100000007107,True,2,2
legacy_offset64_merge32,capacity_wait_budget_5s,81:storage_in,81,22->24,13074.28215,edge_capacity,79,13065.9,13076.3,13076.28215,2.0,True,2,2
legacy_offset64_merge32,capacity_wait_budget_5s,87:storage_in,87,18->22,13074.978690000002,edge_capacity+merge_group,86,13073.3;13073.3,13081.7;13081.7,,,False,3,3
legacy_offset64_merge32,capacity_wait_budget_5s,78:storage_in,78,13->23,13075.04994,merge_group,86,13073.3,13081.7,13081.682149999999,6.63220999999794,True,2,2
legacy_offset64_merge32,capacity_wait_budget_5s,89:storage_in,89,18->22,13076.578690000002,edge_capacity+merge_group,78;86,13073.3;13073.3;13081.7,13081.7;13081.7;13084.9,13084.88215,8.303459999997358,True,4,4
legacy_offset64_merge32,capacity_wait_budget_5s,88:storage_in,88,11->13,13080.63983,edge_capacity,85,13074,13085.2,,,False,2,2
legacy_offset64_merge32,capacity_wait_budget_5s,86:storage_in,86,22->24,13082.682149999999,edge_capacity,81,13076.3,13086.7,13086.682149999999,4.0,True,2,2
legacy_offset64_merge32,capacity_wait_budget_5s,92:storage_in,92,11->13,13084.09516,edge_capacity,85,13074,13085.2,13085.249940000002,1.1547800000007555,True,2,2
legacy_offset64_merge32,capacity_wait_budget_5s,91:storage_in,91,18->22,13086.645380000002,edge_capacity+merge_group,89,13084.9;13084.9,13093.3;13093.3,13093.28215,6.636769999997341,True,3,3
legacy_offset64_merge32,capacity_wait_budget_5s,90:storage_in,90,13->23,13088.13782,merge_group,89,13084.9,13093.3,,,False,2,2
legacy_offset64_merge32,capacity_wait_budget_5s,90:storage_in,90,13->23,13089.13782,merge_group,89,13084.9,13093.3,,,False,2,2
legacy_offset64_merge32,capacity_wait_budget_5s,90:storage_in,90,13->23,13090.13782,merge_group,89;91,13084.9;13093.3,13093.3;13101.7,,,False,3,3
legacy_offset64_merge32,capacity_wait_budget_5s,81:storage_in,81,27->28,13090.28215,edge_capacity,79,13079.9,13090.7,13090.682149999999,0.3999999999996362,True,2,2
legacy_offset64_merge32,capacity_wait_budget_5s,93:storage_in,93,11->13,13091.12116,edge_capacity,92,13085.2,13096.4,13096.449940000002,5.328780000001643,True,2,2
legacy_offset64_merge32,capacity_wait_budget_5s,78:storage_in,78,27->28,13092.08215,edge_capacity,81,13090.7,13101.5,13101.482149999998,9.399999999997817,True,2,2
legacy_offset64_merge32,capacity_wait_budget_5s,90:storage_in,90,13->23,13093.13782,merge_group,89;91,13084.9;13093.3,13093.3;13101.7,,,False,3,3
legacy_offset64_merge32,capacity_wait_budget_5s,90:storage_in,90,13->23,13094.13782,merge_group,91,13093.3,13101.7,,,False,2,2
legacy_offset64_merge32,capacity_wait_budget_5s,89:storage_in,89,22->24,13094.28215,edge_capacity,86,13086.7,13097.1,13097.082149999998,2.7999999999992724,True,2,2
legacy_offset64_merge32,capacity_wait_budget_5s,90:storage_in,90,13->23,13095.13782,merge_group,91,13093.3,13101.7,,,False,2,2
legacy_offset64_merge32,capacity_wait_budget_5s,90:storage_in,90,13->23,13096.13782,merge_group,91,13093.3,13101.7,,,False,2,2
legacy_offset64_merge32,capacity_wait_budget_5s,92:storage_in,92,13->23,13097.449940000002,merge_group,91,13093.3,13101.7,,,False,2,2
legacy_offset64_merge32,capacity_wait_budget_5s,95:storage_in,95,13->23,13098.80448,merge_group,91,13093.3,13101.7,13101.682149999999,2.8776699999980337,True,2,2
legacy_offset64_merge32,capacity_wait_budget_5s,91:storage_in,91,22->24,13102.682149999999,edge_capacity,89,13097.1,13107.5,13107.482149999998,4.799999999999272,True,2,2
legacy_offset64_merge32,capacity_wait_budget_5s,86:storage_in,86,27->28,13102.682149999999,edge_capacity,78,13101.5,13112.3,13112.282149999997,9.599999999998545,True,2,2
legacy_offset64_merge32,capacity_wait_budget_5s,94:storage_in,94,46->36,13111.240860000004,edge_capacity,88,13097,13111.8,13111.839829999999,0.598969999995461,True,2,2
legacy_offset64_merge32,capacity_wait_budget_5s,95:storage_in,95,27->28,13114.08215,edge_capacity,86,13112.3,13123.1,13123.082149999997,8.999999999996362,True,2,2
legacy_offset64_merge32,capacity_wait_budget_5s,91:storage_in,91,27->28,13124.482149999998,edge_capacity,95,13123.1,13133.9,13133.882149999996,9.399999999997817,True,2,2
legacy_offset64_merge32,capacity_wait_budget_10s,68:storage_in,68,18->22,12486.50318,edge_capacity+merge_group,64,12484.4;12484.4,12492.8;12492.8,,,False,3,3
legacy_offset64_merge32,capacity_wait_budget_10s,66:storage_in,66,18->22,12487.636550000001,edge_capacity+merge_group,64,12484.4;12484.4,12492.8;12492.8,12492.83977,5.203219999999419,True,3,3
legacy_offset64_merge32,capacity_wait_budget_10s,73:storage_in,73,18->22,12494.37299,edge_capacity+merge_group,66,12492.8;12492.8,12501.2;12501.2,,,False,3,3
legacy_offset64_merge32,capacity_wait_budget_10s,71:storage_in,71,18->22,12495.506200000002,edge_capacity+merge_group,66,12492.8;12492.8,12501.2;12501.2,12501.23977,5.733569999998508,True,3,3
legacy_offset64_merge32,capacity_wait_budget_10s,65:storage_in,65,13->23,12496.137770000001,merge_group,66,12492.8,12501.2,,,False,2,2
legacy_offset64_merge32,capacity_wait_budget_10s,65:storage_in,65,13->23,12497.137770000001,merge_group,66,12492.8,12501.2,,,False,2,2
legacy_offset64_merge32,capacity_wait_budget_10s,74:storage_in,74,8->11,12497.83982,edge_capacity,70,12495.1,12498.3,12498.306480000001,0.46666000000186614,True,2,2
legacy_offset64_merge32,capacity_wait_budget_10s,70:storage_in,70,11->13,12499.306480000001,edge_capacity,67,12491.2,12502.4,,,False,2,2
legacy_offset64_merge32,capacity_wait_budget_10s,65:storage_in,65,13->23,12500.137770000001,merge_group,66;71,12492.8;12501.2,12501.2;12509.6,,,False,3,3
legacy_offset64_merge32,capacity_wait_budget_10s,65:storage_in,65,13->23,12501.137770000001,merge_group,66;71,12492.8;12501.2,12501.2;12509.6,,,False,3,3
legacy_offset64_merge32,capacity_wait_budget_10s,65:storage_in,65,13->23,12502.137770000001,merge_group,71,12501.2,12509.6,,,False,2,2
legacy_offset64_merge32,capacity_wait_budget_10s,66:storage_in,66,22->24,12502.23977,edge_capacity,64,12493.8,12504.2,12504.23977,2.0,True,2,2
legacy_offset64_merge32,capacity_wait_budget_10s,75:storage_in,75,18->22,12502.574170000002,edge_capacity+merge_group,71,12501.2;12501.2,12509.6;12509.6,12509.63977,7.065599999998085,True,3,3
legacy_offset64_merge32,capacity_wait_budget_10s,67:storage_in,67,13->23,12503.387820000002,merge_group,71,12501.2,12509.6,,,False,2,2
legacy_offset64_merge32,capacity_wait_budget_10s,67:storage_in,67,13->23,12504.387820000002,merge_group,71,12501.2,12509.6,,,False,2,2
legacy_offset64_merge32,capacity_wait_budget_10s,67:storage_in,67,13->23,12505.387820000002,merge_group,71,12501.2,12509.6,,,False,2,2
legacy_offset64_merge32,capacity_wait_budget_10s,72:storage_in,72,13->23,12506.80448,merge_group,71;75,12501.2;12509.6,12509.6;12518,,,False,3,3
legacy_offset64_merge32,capacity_wait_budget_10s,76:storage_in,76,11->13,12507.121410000002,edge_capacity,74,12502.5,12513.7,12513.706480000003,6.5850700000009965,True,2,2
legacy_offset64_merge32,capacity_wait_budget_10s,72:storage_in,72,13->23,12507.80448,merge_group,71;75,12501.2;12509.6,12509.6;12518,,,False,3,3
legacy_offset64_merge32,capacity_wait_budget_10s,71:storage_in,71,22->24,12510.63977,edge_capacity,66,12504.2,12514.6,12514.63977,4.0,True,2,2
legacy_offset64_merge32,capacity_wait_budget_10s,72:storage_in,72,13->23,12510.80448,merge_group,75,12509.6,12518,,,False,2,2
legacy_offset64_merge32,capacity_wait_budget_10s,72:storage_in,72,13->23,12511.80448,merge_group,75,12509.6,12518,,,False,2,2
legacy_offset64_merge32,capacity_wait_budget_10s,72:storage_in,72,13->23,12512.80448,merge_group,75,12509.6,12518,,,False,2,2
legacy_offset64_merge32,capacity_wait_budget_10s,74:storage_in,74,13->23,12514.706480000003,merge_group,75,12509.6,12518,12518.03977,3.3332899999968504,True,2,2
legacy_offset64_merge32,capacity_wait_budget_10s,66:storage_in,66,27->28,12518.23977,edge_capacity,64,12507.8,12518.6,12518.63977,0.3999999999996362,True,2,2
legacy_offset64_merge32,capacity_wait_budget_10s,75:storage_in,75,22->24,12519.03977,edge_capacity,71,12514.6,12525,12525.03977,6.0,True,2,2
legacy_offset64_merge32,capacity_wait_budget_10s,71:storage_in,71,24->27,12526.03977,edge_capacity,74,12524.8,12526.4,12526.43977,0.4000000000014552,True,2,2
legacy_offset64_merge32,capacity_wait_budget_10s,74:storage_in,74,27->28,12527.43977,edge_capacity,66,12518.6,12529.4,,,False,2,2
legacy_offset64_merge32,capacity_wait_budget_10s,71:storage_in,71,27->28,12529.039770000001,edge_capacity,66,12518.6,12529.4,12529.439769999999,0.3999999999978172,True,2,2
legacy_offset64_merge32,capacity_wait_budget_10s,76:storage_in,76,27->28,12535.306480000005,edge_capacity,71,12529.4,12540.2,12540.239769999998,4.933289999993576,True,2,2
legacy_offset64_merge32,capacity_wait_budget_10s,75:storage_in,75,27->28,12542.03977,edge_capacity,76,12540.2,12551,12551.039769999998,8.999999999998181,True,2,2
legacy_offset64_merge32,capacity_wait_budget_10s,81:storage_in,81,18->22,13058.24528,edge_capacity+merge_group,79,13056.5;13056.5,13064.9;13064.9,13064.88215,6.636870000000272,True,3,3
legacy_offset64_merge32,capacity_wait_budget_10s,84:storage_in,84,4->17,13059.8454,edge_capacity,82,13057.1,13060.7,13060.659440000001,0.8140400000011141,True,2,2
legacy_offset64_merge32,capacity_wait_budget_10s,82:storage_in,82,18->22,13066.259440000002,edge_capacity+merge_group,81,13064.9;13064.9,13073.3;13073.3,,,False,3,3
legacy_offset64_merge32,capacity_wait_budget_10s,84:storage_in,84,18->22,13067.859440000002,edge_capacity+merge_group,81,13064.9;13064.9,13073.3;13073.3,,,False,3,3
legacy_offset64_merge32,capacity_wait_budget_10s,86:storage_in,86,18->22,13068.91217,edge_capacity+merge_group,81,13064.9;13064.9,13073.3;13073.3,13073.28215,4.369979999999487,True,3,3
legacy_offset64_merge32,capacity_wait_budget_10s,91:storage_in,91,4->17,13070.4367,edge_capacity,89,13068.8,13072.4,13072.445380000001,2.0086800000008225,True,2,2
legacy_offset64_merge32,capacity_wait_budget_10s,80:storage_in,80,13->23,13072.361780000001,merge_group,81;86,13064.9;13073.3,13073.3;13081.7,,,False,3,3
legacy_offset64_merge32,capacity_wait_budget_10s,85:storage_in,85,11->13,13072.70649,edge_capacity,78,13062.8,13074,13074.04994,1.3434500000003027,True,2,2
legacy_offset64_merge32,capacity_wait_budget_10s,80:storage_in,80,13->23,13073.361780000001,merge_group,86,13073.3,13081.7,,,False,2,2
legacy_offset64_merge32,capacity_wait_budget_10s,89:storage_in,89,17->18,13073.445380000001,edge_capacity,87,13072.4,13074,13073.978690000002,0.5333100000007107,True,2,2
legacy_offset64_merge32,capacity_wait_budget_10s,81:storage_in,81,22->24,13074.28215,edge_capacity,79,13065.9,13076.3,13076.28215,2.0,True,2,2
legacy_offset64_merge32,capacity_wait_budget_10s,87:storage_in,87,18->22,13074.978690000002,edge_capacity+merge_group,86,13073.3;13073.3,13081.7;13081.7,,,False,3,3
legacy_offset64_merge32,capacity_wait_budget_10s,78:storage_in,78,13->23,13075.04994,merge_group,86,13073.3,13081.7,13081.682149999999,6.63220999999794,True,2,2
legacy_offset64_merge32,capacity_wait_budget_10s,89:storage_in,89,18->22,13076.578690000002,edge_capacity+merge_group,78;86,13073.3;13073.3;13081.7,13081.7;13081.7;13084.9,13084.88215,8.303459999997358,True,4,4
legacy_offset64_merge32,capacity_wait_budget_10s,88:storage_in,88,11->13,13080.63983,edge_capacity,85,13074,13085.2,,,False,2,2
legacy_offset64_merge32,capacity_wait_budget_10s,86:storage_in,86,22->24,13082.682149999999,edge_capacity,81,13076.3,13086.7,13086.682149999999,4.0,True,2,2
legacy_offset64_merge32,capacity_wait_budget_10s,92:storage_in,92,11->13,13084.09516,edge_capacity,85,13074,13085.2,13085.249940000002,1.1547800000007555,True,2,2
legacy_offset64_merge32,capacity_wait_budget_10s,91:storage_in,91,18->22,13086.645380000002,edge_capacity+merge_group,89,13084.9;13084.9,13093.3;13093.3,13093.28215,6.636769999997341,True,3,3
legacy_offset64_merge32,capacity_wait_budget_10s,90:storage_in,90,13->23,13088.13782,merge_group,89,13084.9,13093.3,,,False,2,2
legacy_offset64_merge32,capacity_wait_budget_10s,90:storage_in,90,13->23,13089.13782,merge_group,89,13084.9,13093.3,,,False,2,2
legacy_offset64_merge32,capacity_wait_budget_10s,90:storage_in,90,13->23,13090.13782,merge_group,89;91,13084.9;13093.3,13093.3;13101.7,,,False,3,3
legacy_offset64_merge32,capacity_wait_budget_10s,81:storage_in,81,27->28,13090.28215,edge_capacity,79,13079.9,13090.7,13090.682149999999,0.3999999999996362,True,2,2
legacy_offset64_merge32,capacity_wait_budget_10s,93:storage_in,93,11->13,13091.12116,edge_capacity,92,13085.2,13096.4,13096.449940000002,5.328780000001643,True,2,2
legacy_offset64_merge32,capacity_wait_budget_10s,78:storage_in,78,27->28,13092.08215,edge_capacity,81,13090.7,13101.5,13101.482149999998,9.399999999997817,True,2,2
legacy_offset64_merge32,capacity_wait_budget_10s,90:storage_in,90,13->23,13093.13782,merge_group,89;91,13084.9;13093.3,13093.3;13101.7,,,False,3,3
legacy_offset64_merge32,capacity_wait_budget_10s,90:storage_in,90,13->23,13094.13782,merge_group,91,13093.3,13101.7,,,False,2,2
legacy_offset64_merge32,capacity_wait_budget_10s,89:storage_in,89,22->24,13094.28215,edge_capacity,86,13086.7,13097.1,13097.082149999998,2.7999999999992724,True,2,2
legacy_offset64_merge32,capacity_wait_budget_10s,90:storage_in,90,13->23,13095.13782,merge_group,91,13093.3,13101.7,,,False,2,2
legacy_offset64_merge32,capacity_wait_budget_10s,90:storage_in,90,13->23,13096.13782,merge_group,91,13093.3,13101.7,,,False,2,2
legacy_offset64_merge32,capacity_wait_budget_10s,92:storage_in,92,13->23,13097.449940000002,merge_group,91,13093.3,13101.7,,,False,2,2
legacy_offset64_merge32,capacity_wait_budget_10s,95:storage_in,95,13->23,13098.80448,merge_group,91,13093.3,13101.7,13101.682149999999,2.8776699999980337,True,2,2
legacy_offset64_merge32,capacity_wait_budget_10s,91:storage_in,91,22->24,13102.682149999999,edge_capacity,89,13097.1,13107.5,13107.482149999998,4.799999999999272,True,2,2
legacy_offset64_merge32,capacity_wait_budget_10s,86:storage_in,86,27->28,13102.682149999999,edge_capacity,78,13101.5,13112.3,13112.282149999997,9.599999999998545,True,2,2
legacy_offset64_merge32,capacity_wait_budget_10s,94:storage_in,94,46->36,13111.240860000004,edge_capacity,88,13097,13111.8,13111.839829999999,0.598969999995461,True,2,2
legacy_offset64_merge32,capacity_wait_budget_10s,95:storage_in,95,27->28,13114.08215,edge_capacity,86,13112.3,13123.1,13123.082149999997,8.999999999996362,True,2,2
legacy_offset64_merge32,capacity_wait_budget_10s,91:storage_in,91,27->28,13124.482149999998,edge_capacity,95,13123.1,13133.9,13133.882149999996,9.399999999997817,True,2,2
legacy_offset64_merge32,capacity_wait_budget_30s,68:storage_in,68,18->22,12486.50318,edge_capacity+merge_group,64,12484.4;12484.4,12492.8;12492.8,,,False,3,3
legacy_offset64_merge32,capacity_wait_budget_30s,66:storage_in,66,18->22,12487.636550000001,edge_capacity+merge_group,64,12484.4;12484.4,12492.8;12492.8,12492.83977,5.203219999999419,True,3,3
legacy_offset64_merge32,capacity_wait_budget_30s,73:storage_in,73,18->22,12494.37299,edge_capacity+merge_group,66,12492.8;12492.8,12501.2;12501.2,,,False,3,3
legacy_offset64_merge32,capacity_wait_budget_30s,71:storage_in,71,18->22,12495.506200000002,edge_capacity+merge_group,66,12492.8;12492.8,12501.2;12501.2,12501.23977,5.733569999998508,True,3,3
legacy_offset64_merge32,capacity_wait_budget_30s,65:storage_in,65,13->23,12496.137770000001,merge_group,66,12492.8,12501.2,,,False,2,2
legacy_offset64_merge32,capacity_wait_budget_30s,65:storage_in,65,13->23,12497.137770000001,merge_group,66,12492.8,12501.2,,,False,2,2
legacy_offset64_merge32,capacity_wait_budget_30s,74:storage_in,74,8->11,12497.83982,edge_capacity,70,12495.1,12498.3,12498.306480000001,0.46666000000186614,True,2,2
legacy_offset64_merge32,capacity_wait_budget_30s,70:storage_in,70,11->13,12499.306480000001,edge_capacity,67,12491.2,12502.4,,,False,2,2
legacy_offset64_merge32,capacity_wait_budget_30s,65:storage_in,65,13->23,12500.137770000001,merge_group,66;71,12492.8;12501.2,12501.2;12509.6,,,False,3,3
legacy_offset64_merge32,capacity_wait_budget_30s,65:storage_in,65,13->23,12501.137770000001,merge_group,66;71,12492.8;12501.2,12501.2;12509.6,,,False,3,3
legacy_offset64_merge32,capacity_wait_budget_30s,65:storage_in,65,13->23,12502.137770000001,merge_group,71,12501.2,12509.6,,,False,2,2
legacy_offset64_merge32,capacity_wait_budget_30s,66:storage_in,66,22->24,12502.23977,edge_capacity,64,12493.8,12504.2,12504.23977,2.0,True,2,2
legacy_offset64_merge32,capacity_wait_budget_30s,75:storage_in,75,18->22,12502.574170000002,edge_capacity+merge_group,71,12501.2;12501.2,12509.6;12509.6,12509.63977,7.065599999998085,True,3,3
legacy_offset64_merge32,capacity_wait_budget_30s,67:storage_in,67,13->23,12503.387820000002,merge_group,71,12501.2,12509.6,,,False,2,2
legacy_offset64_merge32,capacity_wait_budget_30s,67:storage_in,67,13->23,12504.387820000002,merge_group,71,12501.2,12509.6,,,False,2,2
legacy_offset64_merge32,capacity_wait_budget_30s,67:storage_in,67,13->23,12505.387820000002,merge_group,71,12501.2,12509.6,,,False,2,2
legacy_offset64_merge32,capacity_wait_budget_30s,72:storage_in,72,13->23,12506.80448,merge_group,71;75,12501.2;12509.6,12509.6;12518,,,False,3,3
legacy_offset64_merge32,capacity_wait_budget_30s,76:storage_in,76,11->13,12507.121410000002,edge_capacity,74,12502.5,12513.7,12513.706480000003,6.5850700000009965,True,2,2
legacy_offset64_merge32,capacity_wait_budget_30s,72:storage_in,72,13->23,12507.80448,merge_group,71;75,12501.2;12509.6,12509.6;12518,,,False,3,3
legacy_offset64_merge32,capacity_wait_budget_30s,71:storage_in,71,22->24,12510.63977,edge_capacity,66,12504.2,12514.6,12514.63977,4.0,True,2,2
legacy_offset64_merge32,capacity_wait_budget_30s,72:storage_in,72,13->23,12510.80448,merge_group,75,12509.6,12518,,,False,2,2
legacy_offset64_merge32,capacity_wait_budget_30s,72:storage_in,72,13->23,12511.80448,merge_group,75,12509.6,12518,,,False,2,2
legacy_offset64_merge32,capacity_wait_budget_30s,72:storage_in,72,13->23,12512.80448,merge_group,75,12509.6,12518,,,False,2,2
legacy_offset64_merge32,capacity_wait_budget_30s,74:storage_in,74,13->23,12514.706480000003,merge_group,75,12509.6,12518,12518.03977,3.3332899999968504,True,2,2
legacy_offset64_merge32,capacity_wait_budget_30s,66:storage_in,66,27->28,12518.23977,edge_capacity,64,12507.8,12518.6,12518.63977,0.3999999999996362,True,2,2
legacy_offset64_merge32,capacity_wait_budget_30s,75:storage_in,75,22->24,12519.03977,edge_capacity,71,12514.6,12525,12525.03977,6.0,True,2,2
legacy_offset64_merge32,capacity_wait_budget_30s,71:storage_in,71,24->27,12526.03977,edge_capacity,74,12524.8,12526.4,12526.43977,0.4000000000014552,True,2,2
legacy_offset64_merge32,capacity_wait_budget_30s,74:storage_in,74,27->28,12527.43977,edge_capacity,66,12518.6,12529.4,,,False,2,2
legacy_offset64_merge32,capacity_wait_budget_30s,71:storage_in,71,27->28,12529.039770000001,edge_capacity,66,12518.6,12529.4,12529.439769999999,0.3999999999978172,True,2,2
legacy_offset64_merge32,capacity_wait_budget_30s,76:storage_in,76,27->28,12535.306480000005,edge_capacity,71,12529.4,12540.2,12540.239769999998,4.933289999993576,True,2,2
legacy_offset64_merge32,capacity_wait_budget_30s,75:storage_in,75,27->28,12542.03977,edge_capacity,76,12540.2,12551,12551.039769999998,8.999999999998181,True,2,2
legacy_offset64_merge32,capacity_wait_budget_30s,81:storage_in,81,18->22,13058.24528,edge_capacity+merge_group,79,13056.5;13056.5,13064.9;13064.9,13064.88215,6.636870000000272,True,3,3
legacy_offset64_merge32,capacity_wait_budget_30s,84:storage_in,84,4->17,13059.8454,edge_capacity,82,13057.1,13060.7,13060.659440000001,0.8140400000011141,True,2,2
legacy_offset64_merge32,capacity_wait_budget_30s,82:storage_in,82,18->22,13066.259440000002,edge_capacity+merge_group,81,13064.9;13064.9,13073.3;13073.3,,,False,3,3
legacy_offset64_merge32,capacity_wait_budget_30s,84:storage_in,84,18->22,13067.859440000002,edge_capacity+merge_group,81,13064.9;13064.9,13073.3;13073.3,,,False,3,3
legacy_offset64_merge32,capacity_wait_budget_30s,86:storage_in,86,18->22,13068.91217,edge_capacity+merge_group,81,13064.9;13064.9,13073.3;13073.3,13073.28215,4.369979999999487,True,3,3
legacy_offset64_merge32,capacity_wait_budget_30s,91:storage_in,91,4->17,13070.4367,edge_capacity,89,13068.8,13072.4,13072.445380000001,2.0086800000008225,True,2,2
legacy_offset64_merge32,capacity_wait_budget_30s,80:storage_in,80,13->23,13072.361780000001,merge_group,81;86,13064.9;13073.3,13073.3;13081.7,,,False,3,3
legacy_offset64_merge32,capacity_wait_budget_30s,85:storage_in,85,11->13,13072.70649,edge_capacity,78,13062.8,13074,13074.04994,1.3434500000003027,True,2,2
legacy_offset64_merge32,capacity_wait_budget_30s,80:storage_in,80,13->23,13073.361780000001,merge_group,86,13073.3,13081.7,,,False,2,2
legacy_offset64_merge32,capacity_wait_budget_30s,89:storage_in,89,17->18,13073.445380000001,edge_capacity,87,13072.4,13074,13073.978690000002,0.5333100000007107,True,2,2
legacy_offset64_merge32,capacity_wait_budget_30s,81:storage_in,81,22->24,13074.28215,edge_capacity,79,13065.9,13076.3,13076.28215,2.0,True,2,2
legacy_offset64_merge32,capacity_wait_budget_30s,87:storage_in,87,18->22,13074.978690000002,edge_capacity+merge_group,86,13073.3;13073.3,13081.7;13081.7,,,False,3,3
legacy_offset64_merge32,capacity_wait_budget_30s,78:storage_in,78,13->23,13075.04994,merge_group,86,13073.3,13081.7,13081.682149999999,6.63220999999794,True,2,2
legacy_offset64_merge32,capacity_wait_budget_30s,89:storage_in,89,18->22,13076.578690000002,edge_capacity+merge_group,78;86,13073.3;13073.3;13081.7,13081.7;13081.7;13084.9,13084.88215,8.303459999997358,True,4,4
legacy_offset64_merge32,capacity_wait_budget_30s,88:storage_in,88,11->13,13080.63983,edge_capacity,85,13074,13085.2,,,False,2,2
legacy_offset64_merge32,capacity_wait_budget_30s,86:storage_in,86,22->24,13082.682149999999,edge_capacity,81,13076.3,13086.7,13086.682149999999,4.0,True,2,2
legacy_offset64_merge32,capacity_wait_budget_30s,92:storage_in,92,11->13,13084.09516,edge_capacity,85,13074,13085.2,13085.249940000002,1.1547800000007555,True,2,2
legacy_offset64_merge32,capacity_wait_budget_30s,91:storage_in,91,18->22,13086.645380000002,edge_capacity+merge_group,89,13084.9;13084.9,13093.3;13093.3,13093.28215,6.636769999997341,True,3,3
legacy_offset64_merge32,capacity_wait_budget_30s,90:storage_in,90,13->23,13088.13782,merge_group,89,13084.9,13093.3,,,False,2,2
legacy_offset64_merge32,capacity_wait_budget_30s,90:storage_in,90,13->23,13089.13782,merge_group,89,13084.9,13093.3,,,False,2,2
legacy_offset64_merge32,capacity_wait_budget_30s,90:storage_in,90,13->23,13090.13782,merge_group,89;91,13084.9;13093.3,13093.3;13101.7,,,False,3,3
legacy_offset64_merge32,capacity_wait_budget_30s,81:storage_in,81,27->28,13090.28215,edge_capacity,79,13079.9,13090.7,13090.682149999999,0.3999999999996362,True,2,2
legacy_offset64_merge32,capacity_wait_budget_30s,93:storage_in,93,11->13,13091.12116,edge_capacity,92,13085.2,13096.4,13096.449940000002,5.328780000001643,True,2,2
legacy_offset64_merge32,capacity_wait_budget_30s,78:storage_in,78,27->28,13092.08215,edge_capacity,81,13090.7,13101.5,13101.482149999998,9.399999999997817,True,2,2
legacy_offset64_merge32,capacity_wait_budget_30s,90:storage_in,90,13->23,13093.13782,merge_group,89;91,13084.9;13093.3,13093.3;13101.7,,,False,3,3
legacy_offset64_merge32,capacity_wait_budget_30s,90:storage_in,90,13->23,13094.13782,merge_group,91,13093.3,13101.7,,,False,2,2
legacy_offset64_merge32,capacity_wait_budget_30s,89:storage_in,89,22->24,13094.28215,edge_capacity,86,13086.7,13097.1,13097.082149999998,2.7999999999992724,True,2,2
legacy_offset64_merge32,capacity_wait_budget_30s,90:storage_in,90,13->23,13095.13782,merge_group,91,13093.3,13101.7,,,False,2,2
legacy_offset64_merge32,capacity_wait_budget_30s,90:storage_in,90,13->23,13096.13782,merge_group,91,13093.3,13101.7,,,False,2,2
legacy_offset64_merge32,capacity_wait_budget_30s,92:storage_in,92,13->23,13097.449940000002,merge_group,91,13093.3,13101.7,,,False,2,2
legacy_offset64_merge32,capacity_wait_budget_30s,95:storage_in,95,13->23,13098.80448,merge_group,91,13093.3,13101.7,13101.682149999999,2.8776699999980337,True,2,2
legacy_offset64_merge32,capacity_wait_budget_30s,91:storage_in,91,22->24,13102.682149999999,edge_capacity,89,13097.1,13107.5,13107.482149999998,4.799999999999272,True,2,2
legacy_offset64_merge32,capacity_wait_budget_30s,86:storage_in,86,27->28,13102.682149999999,edge_capacity,78,13101.5,13112.3,13112.282149999997,9.599999999998545,True,2,2
legacy_offset64_merge32,capacity_wait_budget_30s,94:storage_in,94,46->36,13111.240860000004,edge_capacity,88,13097,13111.8,13111.839829999999,0.598969999995461,True,2,2
legacy_offset64_merge32,capacity_wait_budget_30s,95:storage_in,95,27->28,13114.08215,edge_capacity,86,13112.3,13123.1,13123.082149999997,8.999999999996362,True,2,2
legacy_offset64_merge32,capacity_wait_budget_30s,91:storage_in,91,27->28,13124.482149999998,edge_capacity,95,13123.1,13133.9,13133.882149999996,9.399999999997817,True,2,2
legacy_offset64_merge32,capacity_wait_budget_60s,68:storage_in,68,18->22,12486.50318,edge_capacity+merge_group,64,12484.4;12484.4,12492.8;12492.8,,,False,3,3
legacy_offset64_merge32,capacity_wait_budget_60s,66:storage_in,66,18->22,12487.636550000001,edge_capacity+merge_group,64,12484.4;12484.4,12492.8;12492.8,12492.83977,5.203219999999419,True,3,3
legacy_offset64_merge32,capacity_wait_budget_60s,73:storage_in,73,18->22,12494.37299,edge_capacity+merge_group,66,12492.8;12492.8,12501.2;12501.2,,,False,3,3
legacy_offset64_merge32,capacity_wait_budget_60s,71:storage_in,71,18->22,12495.506200000002,edge_capacity+merge_group,66,12492.8;12492.8,12501.2;12501.2,12501.23977,5.733569999998508,True,3,3
legacy_offset64_merge32,capacity_wait_budget_60s,65:storage_in,65,13->23,12496.137770000001,merge_group,66,12492.8,12501.2,,,False,2,2
legacy_offset64_merge32,capacity_wait_budget_60s,65:storage_in,65,13->23,12497.137770000001,merge_group,66,12492.8,12501.2,,,False,2,2
legacy_offset64_merge32,capacity_wait_budget_60s,74:storage_in,74,8->11,12497.83982,edge_capacity,70,12495.1,12498.3,12498.306480000001,0.46666000000186614,True,2,2
legacy_offset64_merge32,capacity_wait_budget_60s,70:storage_in,70,11->13,12499.306480000001,edge_capacity,67,12491.2,12502.4,,,False,2,2
legacy_offset64_merge32,capacity_wait_budget_60s,65:storage_in,65,13->23,12500.137770000001,merge_group,66;71,12492.8;12501.2,12501.2;12509.6,,,False,3,3
legacy_offset64_merge32,capacity_wait_budget_60s,65:storage_in,65,13->23,12501.137770000001,merge_group,66;71,12492.8;12501.2,12501.2;12509.6,,,False,3,3
legacy_offset64_merge32,capacity_wait_budget_60s,65:storage_in,65,13->23,12502.137770000001,merge_group,71,12501.2,12509.6,,,False,2,2
legacy_offset64_merge32,capacity_wait_budget_60s,66:storage_in,66,22->24,12502.23977,edge_capacity,64,12493.8,12504.2,12504.23977,2.0,True,2,2
legacy_offset64_merge32,capacity_wait_budget_60s,75:storage_in,75,18->22,12502.574170000002,edge_capacity+merge_group,71,12501.2;12501.2,12509.6;12509.6,12509.63977,7.065599999998085,True,3,3
legacy_offset64_merge32,capacity_wait_budget_60s,67:storage_in,67,13->23,12503.387820000002,merge_group,71,12501.2,12509.6,,,False,2,2
legacy_offset64_merge32,capacity_wait_budget_60s,67:storage_in,67,13->23,12504.387820000002,merge_group,71,12501.2,12509.6,,,False,2,2
legacy_offset64_merge32,capacity_wait_budget_60s,67:storage_in,67,13->23,12505.387820000002,merge_group,71,12501.2,12509.6,,,False,2,2
legacy_offset64_merge32,capacity_wait_budget_60s,72:storage_in,72,13->23,12506.80448,merge_group,71;75,12501.2;12509.6,12509.6;12518,,,False,3,3
legacy_offset64_merge32,capacity_wait_budget_60s,76:storage_in,76,11->13,12507.121410000002,edge_capacity,74,12502.5,12513.7,12513.706480000003,6.5850700000009965,True,2,2
legacy_offset64_merge32,capacity_wait_budget_60s,72:storage_in,72,13->23,12507.80448,merge_group,71;75,12501.2;12509.6,12509.6;12518,,,False,3,3
legacy_offset64_merge32,capacity_wait_budget_60s,71:storage_in,71,22->24,12510.63977,edge_capacity,66,12504.2,12514.6,12514.63977,4.0,True,2,2
legacy_offset64_merge32,capacity_wait_budget_60s,72:storage_in,72,13->23,12510.80448,merge_group,75,12509.6,12518,,,False,2,2
legacy_offset64_merge32,capacity_wait_budget_60s,72:storage_in,72,13->23,12511.80448,merge_group,75,12509.6,12518,,,False,2,2
legacy_offset64_merge32,capacity_wait_budget_60s,72:storage_in,72,13->23,12512.80448,merge_group,75,12509.6,12518,,,False,2,2
legacy_offset64_merge32,capacity_wait_budget_60s,74:storage_in,74,13->23,12514.706480000003,merge_group,75,12509.6,12518,12518.03977,3.3332899999968504,True,2,2
legacy_offset64_merge32,capacity_wait_budget_60s,66:storage_in,66,27->28,12518.23977,edge_capacity,64,12507.8,12518.6,12518.63977,0.3999999999996362,True,2,2
legacy_offset64_merge32,capacity_wait_budget_60s,75:storage_in,75,22->24,12519.03977,edge_capacity,71,12514.6,12525,12525.03977,6.0,True,2,2
legacy_offset64_merge32,capacity_wait_budget_60s,71:storage_in,71,24->27,12526.03977,edge_capacity,74,12524.8,12526.4,12526.43977,0.4000000000014552,True,2,2
legacy_offset64_merge32,capacity_wait_budget_60s,74:storage_in,74,27->28,12527.43977,edge_capacity,66,12518.6,12529.4,,,False,2,2
legacy_offset64_merge32,capacity_wait_budget_60s,71:storage_in,71,27->28,12529.039770000001,edge_capacity,66,12518.6,12529.4,12529.439769999999,0.3999999999978172,True,2,2
legacy_offset64_merge32,capacity_wait_budget_60s,76:storage_in,76,27->28,12535.306480000005,edge_capacity,71,12529.4,12540.2,12540.239769999998,4.933289999993576,True,2,2
legacy_offset64_merge32,capacity_wait_budget_60s,75:storage_in,75,27->28,12542.03977,edge_capacity,76,12540.2,12551,12551.039769999998,8.999999999998181,True,2,2
legacy_offset64_merge32,capacity_wait_budget_60s,81:storage_in,81,18->22,13058.24528,edge_capacity+merge_group,79,13056.5;13056.5,13064.9;13064.9,13064.88215,6.636870000000272,True,3,3
legacy_offset64_merge32,capacity_wait_budget_60s,84:storage_in,84,4->17,13059.8454,edge_capacity,82,13057.1,13060.7,13060.659440000001,0.8140400000011141,True,2,2
legacy_offset64_merge32,capacity_wait_budget_60s,82:storage_in,82,18->22,13066.259440000002,edge_capacity+merge_group,81,13064.9;13064.9,13073.3;13073.3,,,False,3,3
legacy_offset64_merge32,capacity_wait_budget_60s,84:storage_in,84,18->22,13067.859440000002,edge_capacity+merge_group,81,13064.9;13064.9,13073.3;13073.3,,,False,3,3
legacy_offset64_merge32,capacity_wait_budget_60s,86:storage_in,86,18->22,13068.91217,edge_capacity+merge_group,81,13064.9;13064.9,13073.3;13073.3,13073.28215,4.369979999999487,True,3,3
legacy_offset64_merge32,capacity_wait_budget_60s,91:storage_in,91,4->17,13070.4367,edge_capacity,89,13068.8,13072.4,13072.445380000001,2.0086800000008225,True,2,2
legacy_offset64_merge32,capacity_wait_budget_60s,80:storage_in,80,13->23,13072.361780000001,merge_group,81;86,13064.9;13073.3,13073.3;13081.7,,,False,3,3
legacy_offset64_merge32,capacity_wait_budget_60s,85:storage_in,85,11->13,13072.70649,edge_capacity,78,13062.8,13074,13074.04994,1.3434500000003027,True,2,2
legacy_offset64_merge32,capacity_wait_budget_60s,80:storage_in,80,13->23,13073.361780000001,merge_group,86,13073.3,13081.7,,,False,2,2
legacy_offset64_merge32,capacity_wait_budget_60s,89:storage_in,89,17->18,13073.445380000001,edge_capacity,87,13072.4,13074,13073.978690000002,0.5333100000007107,True,2,2
legacy_offset64_merge32,capacity_wait_budget_60s,81:storage_in,81,22->24,13074.28215,edge_capacity,79,13065.9,13076.3,13076.28215,2.0,True,2,2
legacy_offset64_merge32,capacity_wait_budget_60s,87:storage_in,87,18->22,13074.978690000002,edge_capacity+merge_group,86,13073.3;13073.3,13081.7;13081.7,,,False,3,3
legacy_offset64_merge32,capacity_wait_budget_60s,78:storage_in,78,13->23,13075.04994,merge_group,86,13073.3,13081.7,13081.682149999999,6.63220999999794,True,2,2
legacy_offset64_merge32,capacity_wait_budget_60s,89:storage_in,89,18->22,13076.578690000002,edge_capacity+merge_group,78;86,13073.3;13073.3;13081.7,13081.7;13081.7;13084.9,13084.88215,8.303459999997358,True,4,4
legacy_offset64_merge32,capacity_wait_budget_60s,88:storage_in,88,11->13,13080.63983,edge_capacity,85,13074,13085.2,,,False,2,2
legacy_offset64_merge32,capacity_wait_budget_60s,86:storage_in,86,22->24,13082.682149999999,edge_capacity,81,13076.3,13086.7,13086.682149999999,4.0,True,2,2
legacy_offset64_merge32,capacity_wait_budget_60s,92:storage_in,92,11->13,13084.09516,edge_capacity,85,13074,13085.2,13085.249940000002,1.1547800000007555,True,2,2
legacy_offset64_merge32,capacity_wait_budget_60s,91:storage_in,91,18->22,13086.645380000002,edge_capacity+merge_group,89,13084.9;13084.9,13093.3;13093.3,13093.28215,6.636769999997341,True,3,3
legacy_offset64_merge32,capacity_wait_budget_60s,90:storage_in,90,13->23,13088.13782,merge_group,89,13084.9,13093.3,,,False,2,2
legacy_offset64_merge32,capacity_wait_budget_60s,90:storage_in,90,13->23,13089.13782,merge_group,89,13084.9,13093.3,,,False,2,2
legacy_offset64_merge32,capacity_wait_budget_60s,90:storage_in,90,13->23,13090.13782,merge_group,89;91,13084.9;13093.3,13093.3;13101.7,,,False,3,3
legacy_offset64_merge32,capacity_wait_budget_60s,81:storage_in,81,27->28,13090.28215,edge_capacity,79,13079.9,13090.7,13090.682149999999,0.3999999999996362,True,2,2
legacy_offset64_merge32,capacity_wait_budget_60s,93:storage_in,93,11->13,13091.12116,edge_capacity,92,13085.2,13096.4,13096.449940000002,5.328780000001643,True,2,2
legacy_offset64_merge32,capacity_wait_budget_60s,78:storage_in,78,27->28,13092.08215,edge_capacity,81,13090.7,13101.5,13101.482149999998,9.399999999997817,True,2,2
legacy_offset64_merge32,capacity_wait_budget_60s,90:storage_in,90,13->23,13093.13782,merge_group,89;91,13084.9;13093.3,13093.3;13101.7,,,False,3,3
legacy_offset64_merge32,capacity_wait_budget_60s,90:storage_in,90,13->23,13094.13782,merge_group,91,13093.3,13101.7,,,False,2,2
legacy_offset64_merge32,capacity_wait_budget_60s,89:storage_in,89,22->24,13094.28215,edge_capacity,86,13086.7,13097.1,13097.082149999998,2.7999999999992724,True,2,2
legacy_offset64_merge32,capacity_wait_budget_60s,90:storage_in,90,13->23,13095.13782,merge_group,91,13093.3,13101.7,,,False,2,2
legacy_offset64_merge32,capacity_wait_budget_60s,90:storage_in,90,13->23,13096.13782,merge_group,91,13093.3,13101.7,,,False,2,2
legacy_offset64_merge32,capacity_wait_budget_60s,92:storage_in,92,13->23,13097.449940000002,merge_group,91,13093.3,13101.7,,,False,2,2
legacy_offset64_merge32,capacity_wait_budget_60s,95:storage_in,95,13->23,13098.80448,merge_group,91,13093.3,13101.7,13101.682149999999,2.8776699999980337,True,2,2
legacy_offset64_merge32,capacity_wait_budget_60s,91:storage_in,91,22->24,13102.682149999999,edge_capacity,89,13097.1,13107.5,13107.482149999998,4.799999999999272,True,2,2
legacy_offset64_merge32,capacity_wait_budget_60s,86:storage_in,86,27->28,13102.682149999999,edge_capacity,78,13101.5,13112.3,13112.282149999997,9.599999999998545,True,2,2
legacy_offset64_merge32,capacity_wait_budget_60s,94:storage_in,94,46->36,13111.240860000004,edge_capacity,88,13097,13111.8,13111.839829999999,0.598969999995461,True,2,2
legacy_offset64_merge32,capacity_wait_budget_60s,95:storage_in,95,27->28,13114.08215,edge_capacity,86,13112.3,13123.1,13123.082149999997,8.999999999996362,True,2,2
legacy_offset64_merge32,capacity_wait_budget_60s,91:storage_in,91,27->28,13124.482149999998,edge_capacity,95,13123.1,13133.9,13133.882149999996,9.399999999997817,True,2,2
legacy_offset64_merge32,hybrid_executable_teacher,68:storage_in,68,18->22,12486.50318,edge_capacity+merge_group,64,12484.4;12484.4,12492.8;12492.8,,,False,3,3
legacy_offset64_merge32,hybrid_executable_teacher,66:storage_in,66,18->22,12487.636550000001,edge_capacity+merge_group,64,12484.4;12484.4,12492.8;12492.8,12492.83977,5.203219999999419,True,3,3
legacy_offset64_merge32,hybrid_executable_teacher,73:storage_in,73,18->22,12494.37299,edge_capacity+merge_group,66,12492.8;12492.8,12501.2;12501.2,,,False,3,3
legacy_offset64_merge32,hybrid_executable_teacher,71:storage_in,71,18->22,12495.506200000002,edge_capacity+merge_group,66,12492.8;12492.8,12501.2;12501.2,12501.23977,5.733569999998508,True,3,3
legacy_offset64_merge32,hybrid_executable_teacher,65:storage_in,65,13->23,12496.137770000001,merge_group,66,12492.8,12501.2,,,False,2,2
legacy_offset64_merge32,hybrid_executable_teacher,65:storage_in,65,13->23,12497.137770000001,merge_group,66,12492.8,12501.2,,,False,2,2
legacy_offset64_merge32,hybrid_executable_teacher,74:storage_in,74,8->11,12497.83982,edge_capacity,70,12495.1,12498.3,12498.306480000001,0.46666000000186614,True,2,2
legacy_offset64_merge32,hybrid_executable_teacher,70:storage_in,70,11->13,12499.306480000001,edge_capacity,67,12491.2,12502.4,,,False,2,2
legacy_offset64_merge32,hybrid_executable_teacher,65:storage_in,65,13->23,12500.137770000001,merge_group,66;71,12492.8;12501.2,12501.2;12509.6,,,False,3,3
legacy_offset64_merge32,hybrid_executable_teacher,65:storage_in,65,13->23,12501.137770000001,merge_group,66;71,12492.8;12501.2,12501.2;12509.6,,,False,3,3
legacy_offset64_merge32,hybrid_executable_teacher,65:storage_in,65,13->23,12502.137770000001,merge_group,71,12501.2,12509.6,,,False,2,2
legacy_offset64_merge32,hybrid_executable_teacher,66:storage_in,66,22->24,12502.23977,edge_capacity,64,12493.8,12504.2,12504.23977,2.0,True,2,2
legacy_offset64_merge32,hybrid_executable_teacher,75:storage_in,75,18->22,12502.574170000002,edge_capacity+merge_group,71,12501.2;12501.2,12509.6;12509.6,12509.63977,7.065599999998085,True,3,3
legacy_offset64_merge32,hybrid_executable_teacher,67:storage_in,67,13->23,12503.387820000002,merge_group,71,12501.2,12509.6,,,False,2,2
legacy_offset64_merge32,hybrid_executable_teacher,67:storage_in,67,13->23,12504.387820000002,merge_group,71,12501.2,12509.6,,,False,2,2
legacy_offset64_merge32,hybrid_executable_teacher,67:storage_in,67,13->23,12505.387820000002,merge_group,71,12501.2,12509.6,,,False,2,2
legacy_offset64_merge32,hybrid_executable_teacher,72:storage_in,72,13->23,12506.80448,merge_group,71;75,12501.2;12509.6,12509.6;12518,,,False,3,3
legacy_offset64_merge32,hybrid_executable_teacher,76:storage_in,76,11->13,12507.121410000002,edge_capacity,74,12502.5,12513.7,12513.706480000003,6.5850700000009965,True,2,2
legacy_offset64_merge32,hybrid_executable_teacher,72:storage_in,72,13->23,12507.80448,merge_group,71;75,12501.2;12509.6,12509.6;12518,,,False,3,3
legacy_offset64_merge32,hybrid_executable_teacher,71:storage_in,71,22->24,12510.63977,edge_capacity,66,12504.2,12514.6,12514.63977,4.0,True,2,2
legacy_offset64_merge32,hybrid_executable_teacher,72:storage_in,72,13->23,12510.80448,merge_group,75,12509.6,12518,,,False,2,2
legacy_offset64_merge32,hybrid_executable_teacher,72:storage_in,72,13->23,12511.80448,merge_group,75,12509.6,12518,,,False,2,2
legacy_offset64_merge32,hybrid_executable_teacher,72:storage_in,72,13->23,12512.80448,merge_group,75,12509.6,12518,,,False,2,2
legacy_offset64_merge32,hybrid_executable_teacher,74:storage_in,74,13->23,12514.706480000003,merge_group,75,12509.6,12518,12518.03977,3.3332899999968504,True,2,2
legacy_offset64_merge32,hybrid_executable_teacher,66:storage_in,66,27->28,12518.23977,edge_capacity,64,12507.8,12518.6,12518.63977,0.3999999999996362,True,2,2
legacy_offset64_merge32,hybrid_executable_teacher,75:storage_in,75,22->24,12519.03977,edge_capacity,71,12514.6,12525,12525.03977,6.0,True,2,2
legacy_offset64_merge32,hybrid_executable_teacher,71:storage_in,71,24->27,12526.03977,edge_capacity,74,12524.8,12526.4,12526.43977,0.4000000000014552,True,2,2
legacy_offset64_merge32,hybrid_executable_teacher,74:storage_in,74,27->28,12527.43977,edge_capacity,66,12518.6,12529.4,,,False,2,2
legacy_offset64_merge32,hybrid_executable_teacher,71:storage_in,71,27->28,12529.039770000001,edge_capacity,66,12518.6,12529.4,12529.439769999999,0.3999999999978172,True,2,2
legacy_offset64_merge32,hybrid_executable_teacher,76:storage_in,76,27->28,12535.306480000005,edge_capacity,71,12529.4,12540.2,12540.239769999998,4.933289999993576,True,2,2
legacy_offset64_merge32,hybrid_executable_teacher,75:storage_in,75,27->28,12542.03977,edge_capacity,76,12540.2,12551,12551.039769999998,8.999999999998181,True,2,2
legacy_offset64_merge32,hybrid_executable_teacher,81:storage_in,81,18->22,13058.24528,edge_capacity+merge_group,79,13056.5;13056.5,13064.9;13064.9,13064.88215,6.636870000000272,True,3,3
legacy_offset64_merge32,hybrid_executable_teacher,84:storage_in,84,4->17,13059.8454,edge_capacity,82,13057.1,13060.7,13060.659440000001,0.8140400000011141,True,2,2
legacy_offset64_merge32,hybrid_executable_teacher,82:storage_in,82,18->22,13066.259440000002,edge_capacity+merge_group,81,13064.9;13064.9,13073.3;13073.3,,,False,3,3
legacy_offset64_merge32,hybrid_executable_teacher,84:storage_in,84,18->22,13067.859440000002,edge_capacity+merge_group,81,13064.9;13064.9,13073.3;13073.3,,,False,3,3
legacy_offset64_merge32,hybrid_executable_teacher,86:storage_in,86,18->22,13068.91217,edge_capacity+merge_group,81,13064.9;13064.9,13073.3;13073.3,13073.28215,4.369979999999487,True,3,3
legacy_offset64_merge32,hybrid_executable_teacher,91:storage_in,91,4->17,13070.4367,edge_capacity,89,13068.8,13072.4,13072.445380000001,2.0086800000008225,True,2,2
legacy_offset64_merge32,hybrid_executable_teacher,80:storage_in,80,13->23,13072.361780000001,merge_group,81;86,13064.9;13073.3,13073.3;13081.7,,,False,3,3
legacy_offset64_merge32,hybrid_executable_teacher,85:storage_in,85,11->13,13072.70649,edge_capacity,78,13062.8,13074,13074.04994,1.3434500000003027,True,2,2
legacy_offset64_merge32,hybrid_executable_teacher,80:storage_in,80,13->23,13073.361780000001,merge_group,86,13073.3,13081.7,,,False,2,2
legacy_offset64_merge32,hybrid_executable_teacher,89:storage_in,89,17->18,13073.445380000001,edge_capacity,87,13072.4,13074,13073.978690000002,0.5333100000007107,True,2,2
legacy_offset64_merge32,hybrid_executable_teacher,81:storage_in,81,22->24,13074.28215,edge_capacity,79,13065.9,13076.3,13076.28215,2.0,True,2,2
legacy_offset64_merge32,hybrid_executable_teacher,87:storage_in,87,18->22,13074.978690000002,edge_capacity+merge_group,86,13073.3;13073.3,13081.7;13081.7,,,False,3,3
legacy_offset64_merge32,hybrid_executable_teacher,78:storage_in,78,13->23,13075.04994,merge_group,86,13073.3,13081.7,13081.682149999999,6.63220999999794,True,2,2
legacy_offset64_merge32,hybrid_executable_teacher,89:storage_in,89,18->22,13076.578690000002,edge_capacity+merge_group,78;86,13073.3;13073.3;13081.7,13081.7;13081.7;13084.9,13084.88215,8.303459999997358,True,4,4
legacy_offset64_merge32,hybrid_executable_teacher,88:storage_in,88,11->13,13080.63983,edge_capacity,85,13074,13085.2,,,False,2,2
legacy_offset64_merge32,hybrid_executable_teacher,86:storage_in,86,22->24,13082.682149999999,edge_capacity,81,13076.3,13086.7,13086.682149999999,4.0,True,2,2
legacy_offset64_merge32,hybrid_executable_teacher,92:storage_in,92,11->13,13084.09516,edge_capacity,85,13074,13085.2,13085.249940000002,1.1547800000007555,True,2,2
legacy_offset64_merge32,hybrid_executable_teacher,91:storage_in,91,18->22,13086.645380000002,edge_capacity+merge_group,89,13084.9;13084.9,13093.3;13093.3,13093.28215,6.636769999997341,True,3,3
legacy_offset64_merge32,hybrid_executable_teacher,90:storage_in,90,13->23,13088.13782,merge_group,89,13084.9,13093.3,,,False,2,2
legacy_offset64_merge32,hybrid_executable_teacher,90:storage_in,90,13->23,13089.13782,merge_group,89,13084.9,13093.3,,,False,2,2
legacy_offset64_merge32,hybrid_executable_teacher,90:storage_in,90,13->23,13090.13782,merge_group,89;91,13084.9;13093.3,13093.3;13101.7,,,False,3,3
legacy_offset64_merge32,hybrid_executable_teacher,81:storage_in,81,27->28,13090.28215,edge_capacity,79,13079.9,13090.7,13090.682149999999,0.3999999999996362,True,2,2
legacy_offset64_merge32,hybrid_executable_teacher,93:storage_in,93,11->13,13091.12116,edge_capacity,92,13085.2,13096.4,13096.449940000002,5.328780000001643,True,2,2
legacy_offset64_merge32,hybrid_executable_teacher,78:storage_in,78,27->28,13092.08215,edge_capacity,81,13090.7,13101.5,13101.482149999998,9.399999999997817,True,2,2
legacy_offset64_merge32,hybrid_executable_teacher,90:storage_in,90,13->23,13093.13782,merge_group,89;91,13084.9;13093.3,13093.3;13101.7,,,False,3,3
legacy_offset64_merge32,hybrid_executable_teacher,90:storage_in,90,13->23,13094.13782,merge_group,91,13093.3,13101.7,,,False,2,2
legacy_offset64_merge32,hybrid_executable_teacher,89:storage_in,89,22->24,13094.28215,edge_capacity,86,13086.7,13097.1,13097.082149999998,2.7999999999992724,True,2,2
legacy_offset64_merge32,hybrid_executable_teacher,90:storage_in,90,13->23,13095.13782,merge_group,91,13093.3,13101.7,,,False,2,2
legacy_offset64_merge32,hybrid_executable_teacher,90:storage_in,90,13->23,13096.13782,merge_group,91,13093.3,13101.7,,,False,2,2
legacy_offset64_merge32,hybrid_executable_teacher,92:storage_in,92,13->23,13097.449940000002,merge_group,91,13093.3,13101.7,,,False,2,2
legacy_offset64_merge32,hybrid_executable_teacher,95:storage_in,95,13->23,13098.80448,merge_group,91,13093.3,13101.7,13101.682149999999,2.8776699999980337,True,2,2
legacy_offset64_merge32,hybrid_executable_teacher,91:storage_in,91,22->24,13102.682149999999,edge_capacity,89,13097.1,13107.5,13107.482149999998,4.799999999999272,True,2,2
legacy_offset64_merge32,hybrid_executable_teacher,86:storage_in,86,27->28,13102.682149999999,edge_capacity,78,13101.5,13112.3,13112.282149999997,9.599999999998545,True,2,2
legacy_offset64_merge32,hybrid_executable_teacher,94:storage_in,94,46->36,13111.240860000004,edge_capacity,88,13097,13111.8,13111.839829999999,0.598969999995461,True,2,2
legacy_offset64_merge32,hybrid_executable_teacher,95:storage_in,95,27->28,13114.08215,edge_capacity,86,13112.3,13123.1,13123.082149999997,8.999999999996362,True,2,2
legacy_offset64_merge32,hybrid_executable_teacher,91:storage_in,91,27->28,13124.482149999998,edge_capacity,95,13123.1,13133.9,13133.882149999996,9.399999999997817,True,2,2
