window_id,segment_id,task_id,interface_decisions,fallback_calls,would_model_have_been_wrong,zero_fallback_task,one_fallback_task,le_two_fallback_task,gt_five_fallback_task,fallback_nodes
g4d_first1024_no_fault,0:storage_in,0,8,2,1,False,False,True,False,"[16, 22]"
g4d_first1024_no_fault,1000:direct,1000,11,2,0,False,False,True,False,"[19, 38]"
g4d_first1024_no_fault,1001:direct,1001,13,4,1,False,False,False,False,"[16, 22, 31, 32]"
g4d_first1024_no_fault,1002:storage_in,1002,7,1,0,False,True,True,False,[20]
g4d_first1024_no_fault,1003:storage_in,1003,8,1,0,False,True,True,False,[6]
g4d_first1024_no_fault,1004:direct,1004,12,3,0,False,False,False,False,"[22, 31, 32]"
g4d_first1024_no_fault,1005:direct,1005,14,2,1,False,False,True,False,"[19, 41]"
g4d_first1024_no_fault,1006:direct,1006,12,4,1,False,False,False,False,"[19, 22, 31, 32]"
g4d_first1024_no_fault,1007:storage_in,1007,9,1,0,False,True,True,False,[11]
g4d_first1024_no_fault,1008:direct,1008,13,4,1,False,False,False,False,"[16, 22, 31, 32]"
g4d_first1024_no_fault,1009:storage_in,1009,10,2,0,False,False,True,False,"[9, 11]"
g4d_first1024_no_fault,100:storage_in,100,12,2,1,False,False,True,False,"[19, 22]"
g4d_first1024_no_fault,1010:storage_in,1010,9,2,1,False,False,True,False,"[6, 11]"
g4d_first1024_no_fault,1011:direct,1011,12,2,1,False,False,True,False,"[22, 38]"
g4d_first1024_no_fault,1012:storage_in,1012,9,2,1,False,False,True,False,"[6, 11]"
g4d_first1024_no_fault,1013:direct,1013,7,2,0,False,False,True,False,"[16, 27]"
g4d_first1024_no_fault,1014:storage_in,1014,12,2,1,False,False,True,False,"[19, 22]"
g4d_first1024_no_fault,1015:storage_in,1015,9,1,1,False,True,True,False,[11]
g4d_first1024_no_fault,1016:storage_in,1016,12,2,1,False,False,True,False,"[19, 22]"
g4d_first1024_no_fault,1017:storage_in,1017,10,2,0,False,False,True,False,"[9, 11]"
g4d_first1024_no_fault,1018:storage_in,1018,8,2,1,False,False,True,False,"[16, 22]"
g4d_first1024_no_fault,1019:storage_in,1019,8,1,0,False,True,True,False,[6]
g4d_first1024_no_fault,101:storage_in,101,9,2,2,False,False,True,False,"[6, 11]"
g4d_first1024_no_fault,1020:direct,1020,7,2,0,False,False,True,False,"[22, 27]"
g4d_first1024_no_fault,1021:storage_in,1021,8,2,1,False,False,True,False,"[16, 22]"
g4d_first1024_no_fault,1022:storage_in,1022,7,1,0,False,True,True,False,[22]
g4d_first1024_no_fault,1023:direct,1023,14,2,1,False,False,True,False,"[19, 41]"
g4d_first1024_no_fault,102:storage_in,102,7,1,0,False,True,True,False,[16]
g4d_first1024_no_fault,103:storage_in,103,9,1,0,False,True,True,False,[11]
g4d_first1024_no_fault,104:storage_in,104,9,1,0,False,True,True,False,[11]
g4d_first1024_no_fault,105:storage_in,105,10,2,0,False,False,True,False,"[9, 11]"
g4d_first1024_no_fault,106:storage_in,106,7,1,0,False,True,True,False,[20]
g4d_first1024_no_fault,107:storage_in,107,7,1,0,False,True,True,False,[20]
g4d_first1024_no_fault,108:storage_in,108,7,1,0,False,True,True,False,[20]
g4d_first1024_no_fault,109:storage_in,109,7,1,0,False,True,True,False,[20]
g4d_first1024_no_fault,10:storage_in,10,7,2,0,False,False,True,False,"[19, 22]"
g4d_first1024_no_fault,110:storage_in,110,7,1,0,False,True,True,False,[20]
g4d_first1024_no_fault,111:storage_in,111,7,1,0,False,True,True,False,[20]
g4d_first1024_no_fault,112:storage_in,112,7,1,0,False,True,True,False,[20]
g4d_first1024_no_fault,113:storage_in,113,7,1,0,False,True,True,False,[20]
g4d_first1024_no_fault,114:storage_in,114,7,1,0,False,True,True,False,[20]
g4d_first1024_no_fault,115:storage_in,115,7,1,0,False,True,True,False,[20]
g4d_first1024_no_fault,116:storage_in,116,7,1,0,False,True,True,False,[20]
g4d_first1024_no_fault,117:storage_in,117,7,1,0,False,True,True,False,[20]
g4d_first1024_no_fault,118:storage_in,118,7,2,0,False,False,True,False,"[19, 22]"
g4d_first1024_no_fault,119:storage_in,119,8,2,1,False,False,True,False,"[16, 22]"
g4d_first1024_no_fault,11:storage_in,11,9,1,0,False,True,True,False,[11]
g4d_first1024_no_fault,120:storage_in,120,7,1,0,False,True,True,False,[22]
g4d_first1024_no_fault,121:storage_in,121,11,1,1,False,True,True,False,[19]
g4d_first1024_no_fault,122:storage_in,122,8,2,1,False,False,True,False,"[16, 22]"
g4d_first1024_no_fault,123:storage_in,123,9,2,2,False,False,True,False,"[6, 11]"
g4d_first1024_no_fault,124:storage_in,124,7,1,0,False,True,True,False,[22]
g4d_first1024_no_fault,125:storage_in,125,7,1,0,False,True,True,False,[22]
g4d_first1024_no_fault,126:storage_in,126,11,1,1,False,True,True,False,[19]
g4d_first1024_no_fault,127:storage_in,127,9,1,0,False,True,True,False,[11]
g4d_first1024_no_fault,128:storage_in,128,11,1,1,False,True,True,False,[19]
g4d_first1024_no_fault,129:storage_in,129,8,2,1,False,False,True,False,"[16, 22]"
g4d_first1024_no_fault,12:storage_in,12,8,1,0,False,True,True,False,[6]
g4d_first1024_no_fault,130:storage_in,130,8,2,1,False,False,True,False,"[16, 22]"
g4d_first1024_no_fault,131:storage_in,131,7,1,0,False,True,True,False,[22]
g4d_first1024_no_fault,132:storage_in,132,7,1,0,False,True,True,False,[22]
g4d_first1024_no_fault,133:storage_in,133,10,2,0,False,False,True,False,"[9, 11]"
g4d_first1024_no_fault,134:storage_in,134,11,1,1,False,True,True,False,[19]
g4d_first1024_no_fault,135:storage_in,135,8,1,0,False,True,True,False,[6]
g4d_first1024_no_fault,136:storage_in,136,7,1,0,False,True,True,False,[16]
g4d_first1024_no_fault,137:storage_in,137,9,1,0,False,True,True,False,[11]
g4d_first1024_no_fault,138:storage_in,138,12,1,1,False,True,True,False,[22]
g4d_first1024_no_fault,139:storage_in,139,10,2,0,False,False,True,False,"[9, 11]"
g4d_first1024_no_fault,13:storage_in,13,7,1,0,False,True,True,False,[22]
g4d_first1024_no_fault,140:storage_in,140,9,2,2,False,False,True,False,"[6, 11]"
g4d_first1024_no_fault,141:storage_in,141,11,1,1,False,True,True,False,[19]
g4d_first1024_no_fault,142:storage_in,142,8,2,1,False,False,True,False,"[16, 22]"
g4d_first1024_no_fault,143:storage_in,143,9,1,0,False,True,True,False,[11]
g4d_first1024_no_fault,144:storage_in,144,10,2,0,False,False,True,False,"[9, 11]"
g4d_first1024_no_fault,145:storage_in,145,10,2,0,False,False,True,False,"[9, 11]"
g4d_first1024_no_fault,146:storage_in,146,8,1,0,False,True,True,False,[6]
g4d_first1024_no_fault,147:storage_in,147,7,1,0,False,True,True,False,[22]
g4d_first1024_no_fault,148:storage_in,148,8,1,0,False,True,True,False,[6]
g4d_first1024_no_fault,149:storage_in,149,7,1,0,False,True,True,False,[20]
g4d_first1024_no_fault,14:storage_in,14,7,2,0,False,False,True,False,"[19, 22]"
g4d_first1024_no_fault,150:storage_in,150,7,1,0,False,True,True,False,[20]
g4d_first1024_no_fault,151:storage_in,151,7,1,0,False,True,True,False,[20]
g4d_first1024_no_fault,152:storage_in,152,7,1,0,False,True,True,False,[20]
g4d_first1024_no_fault,153:storage_in,153,7,2,0,False,False,True,False,"[19, 22]"
g4d_first1024_no_fault,154:storage_in,154,8,2,1,False,False,True,False,"[16, 22]"
g4d_first1024_no_fault,155:storage_in,155,7,1,0,False,True,True,False,[22]
g4d_first1024_no_fault,156:storage_in,156,7,2,0,False,False,True,False,"[19, 22]"
g4d_first1024_no_fault,157:storage_in,157,8,1,0,False,True,True,False,[6]
g4d_first1024_no_fault,158:storage_in,158,8,2,1,False,False,True,False,"[16, 22]"
g4d_first1024_no_fault,159:storage_in,159,9,1,0,False,True,True,False,[11]
g4d_first1024_no_fault,15:storage_in,15,8,2,1,False,False,True,False,"[16, 22]"
g4d_first1024_no_fault,160:storage_in,160,9,1,0,False,True,True,False,[11]
g4d_first1024_no_fault,161:storage_in,161,10,2,0,False,False,True,False,"[9, 11]"
g4d_first1024_no_fault,162:storage_in,162,12,1,1,False,True,True,False,[22]
g4d_first1024_no_fault,163:storage_in,163,9,2,1,False,False,True,False,"[6, 11]"
g4d_first1024_no_fault,164:storage_in,164,12,2,1,False,False,True,False,"[19, 22]"
g4d_first1024_no_fault,165:storage_in,165,7,2,0,False,False,True,False,"[19, 22]"
g4d_first1024_no_fault,166:storage_in,166,7,1,0,False,True,True,False,[16]
g4d_first1024_no_fault,167:storage_in,167,9,1,0,False,True,True,False,[11]
g4d_first1024_no_fault,168:storage_in,168,7,1,0,False,True,True,False,[16]
g4d_first1024_no_fault,169:storage_in,169,12,1,1,False,True,True,False,[22]
g4d_first1024_no_fault,16:storage_in,16,8,2,1,False,False,True,False,"[16, 22]"
g4d_first1024_no_fault,170:storage_in,170,10,2,0,False,False,True,False,"[9, 11]"
g4d_first1024_no_fault,171:storage_in,171,12,1,1,False,True,True,False,[22]
g4d_first1024_no_fault,172:storage_in,172,12,2,1,False,False,True,False,"[19, 22]"
g4d_first1024_no_fault,173:storage_in,173,12,2,1,False,False,True,False,"[19, 22]"
g4d_first1024_no_fault,174:storage_in,174,8,2,1,False,False,True,False,"[16, 22]"
g4d_first1024_no_fault,175:storage_in,175,8,1,0,False,True,True,False,[6]
g4d_first1024_no_fault,176:storage_in,176,7,1,0,False,True,True,False,[22]
g4d_first1024_no_fault,177:storage_in,177,9,1,0,False,True,True,False,[11]
g4d_first1024_no_fault,178:storage_in,178,7,2,0,False,False,True,False,"[19, 22]"
g4d_first1024_no_fault,179:storage_in,179,10,2,0,False,False,True,False,"[9, 11]"
g4d_first1024_no_fault,17:storage_in,17,10,2,0,False,False,True,False,"[9, 11]"
g4d_first1024_no_fault,180:storage_in,180,8,2,1,False,False,True,False,"[16, 22]"
g4d_first1024_no_fault,181:storage_in,181,8,1,0,False,True,True,False,[6]
g4d_first1024_no_fault,182:storage_in,182,9,1,0,False,True,True,False,[11]
g4d_first1024_no_fault,183:storage_in,183,10,2,0,False,False,True,False,"[9, 11]"
g4d_first1024_no_fault,184:storage_in,184,8,2,1,False,False,True,False,"[16, 22]"
g4d_first1024_no_fault,185:storage_in,185,7,1,0,False,True,True,False,[22]
g4d_first1024_no_fault,186:storage_in,186,9,2,2,False,False,True,False,"[6, 11]"
g4d_first1024_no_fault,187:storage_in,187,9,1,0,False,True,True,False,[11]
g4d_first1024_no_fault,188:storage_in,188,10,2,0,False,False,True,False,"[9, 11]"
g4d_first1024_no_fault,189:storage_in,189,8,1,0,False,True,True,False,[6]
g4d_first1024_no_fault,18:storage_in,18,8,1,0,False,True,True,False,[6]
g4d_first1024_no_fault,190:storage_in,190,9,1,0,False,True,True,False,[11]
g4d_first1024_no_fault,191:storage_in,191,10,2,0,False,False,True,False,"[9, 11]"
g4d_first1024_no_fault,192:storage_in,192,7,1,0,False,True,True,False,[22]
g4d_first1024_no_fault,193:storage_in,193,7,1,0,False,True,True,False,[20]
g4d_first1024_no_fault,194:storage_in,194,7,1,0,False,True,True,False,[20]
g4d_first1024_no_fault,195:storage_in,195,7,1,0,False,True,True,False,[20]
g4d_first1024_no_fault,196:storage_in,196,7,1,0,False,True,True,False,[20]
g4d_first1024_no_fault,197:storage_in,197,7,1,0,False,True,True,False,[20]
g4d_first1024_no_fault,198:storage_in,198,7,1,0,False,True,True,False,[20]
g4d_first1024_no_fault,199:storage_in,199,7,1,0,False,True,True,False,[20]
g4d_first1024_no_fault,19:storage_in,19,9,1,0,False,True,True,False,[11]
g4d_first1024_no_fault,1:storage_in,1,7,1,0,False,True,True,False,[22]
g4d_first1024_no_fault,200:storage_in,200,7,1,0,False,True,True,False,[20]
g4d_first1024_no_fault,201:storage_in,201,7,1,0,False,True,True,False,[20]
g4d_first1024_no_fault,202:storage_in,202,7,1,0,False,True,True,False,[20]
g4d_first1024_no_fault,203:storage_in,203,7,2,0,False,False,True,False,"[19, 22]"
g4d_first1024_no_fault,204:storage_in,204,8,2,1,False,False,True,False,"[16, 22]"
g4d_first1024_no_fault,205:storage_in,205,7,1,0,False,True,True,False,[22]
g4d_first1024_no_fault,206:storage_in,206,7,2,0,False,False,True,False,"[19, 22]"
g4d_first1024_no_fault,207:storage_in,207,10,2,0,False,False,True,False,"[9, 11]"
g4d_first1024_no_fault,208:storage_in,208,8,2,1,False,False,True,False,"[16, 22]"
g4d_first1024_no_fault,209:storage_in,209,8,1,0,False,True,True,False,[6]
g4d_first1024_no_fault,20:storage_in,20,7,1,0,False,True,True,False,[16]
g4d_first1024_no_fault,210:storage_in,210,11,1,1,False,True,True,False,[19]
g4d_first1024_no_fault,211:storage_in,211,7,1,0,False,True,True,False,[22]
g4d_first1024_no_fault,212:storage_in,212,9,1,0,False,True,True,False,[11]
g4d_first1024_no_fault,213:storage_in,213,7,1,0,False,True,True,False,[16]
g4d_first1024_no_fault,214:storage_in,214,11,1,1,False,True,True,False,[19]
g4d_first1024_no_fault,215:storage_in,215,12,1,1,False,True,True,False,[22]
g4d_first1024_no_fault,216:storage_in,216,10,2,0,False,False,True,False,"[9, 11]"
g4d_first1024_no_fault,217:storage_in,217,7,2,0,False,False,True,False,"[19, 22]"
g4d_first1024_no_fault,218:storage_in,218,8,2,1,False,False,True,False,"[16, 22]"
g4d_first1024_no_fault,219:storage_in,219,9,2,2,False,False,True,False,"[6, 11]"
g4d_first1024_no_fault,21:storage_in,21,10,2,1,False,False,True,False,"[9, 11]"
g4d_first1024_no_fault,220:storage_in,220,7,1,0,False,True,True,False,[16]
g4d_first1024_no_fault,221:storage_in,221,9,1,0,False,True,True,False,[11]
g4d_first1024_no_fault,222:storage_in,222,12,1,1,False,True,True,False,[22]
g4d_first1024_no_fault,223:storage_in,223,10,2,0,False,False,True,False,"[9, 11]"
g4d_first1024_no_fault,224:storage_in,224,7,2,0,False,False,True,False,"[19, 22]"
g4d_first1024_no_fault,225:storage_in,225,12,2,1,False,False,True,False,"[19, 22]"
g4d_first1024_no_fault,226:storage_in,226,7,1,0,False,True,True,False,[16]
g4d_first1024_no_fault,227:storage_in,227,12,1,1,False,True,True,False,[22]
g4d_first1024_no_fault,228:storage_in,228,7,2,0,False,False,True,False,"[19, 22]"
g4d_first1024_no_fault,229:storage_in,229,8,1,0,False,True,True,False,[6]
g4d_first1024_no_fault,22:storage_in,22,7,1,0,False,True,True,False,[22]
g4d_first1024_no_fault,230:storage_in,230,8,2,1,False,False,True,False,"[16, 22]"
g4d_first1024_no_fault,231:storage_in,231,9,1,0,False,True,True,False,[11]
g4d_first1024_no_fault,232:storage_in,232,12,1,1,False,True,True,False,[22]
g4d_first1024_no_fault,233:storage_in,233,10,2,0,False,False,True,False,"[9, 11]"
g4d_first1024_no_fault,234:storage_in,234,8,1,0,False,True,True,False,[6]
g4d_first1024_no_fault,235:storage_in,235,9,1,0,False,True,True,False,[11]
g4d_first1024_no_fault,236:storage_in,236,7,1,0,False,True,True,False,[22]
g4d_first1024_no_fault,237:storage_in,237,7,2,0,False,False,True,False,"[19, 22]"
g4d_first1024_no_fault,238:storage_in,238,7,2,0,False,False,True,False,"[19, 22]"
g4d_first1024_no_fault,239:storage_in,239,8,2,1,False,False,True,False,"[16, 22]"
g4d_first1024_no_fault,23:storage_in,23,7,2,0,False,False,True,False,"[19, 22]"
g4d_first1024_no_fault,240:storage_in,240,8,1,0,False,True,True,False,[6]
g4d_first1024_no_fault,241:storage_in,241,8,2,1,False,False,True,False,"[16, 22]"
g4d_first1024_no_fault,242:storage_in,242,10,2,0,False,False,True,False,"[9, 11]"
g4d_first1024_no_fault,243:storage_in,243,12,1,1,False,True,True,False,[22]
g4d_first1024_no_fault,244:storage_in,244,7,1,0,False,True,True,False,[20]
g4d_first1024_no_fault,245:storage_in,245,7,1,0,False,True,True,False,[20]
g4d_first1024_no_fault,246:storage_in,246,7,1,0,False,True,True,False,[20]
g4d_first1024_no_fault,247:storage_in,247,7,1,0,False,True,True,False,[20]
g4d_first1024_no_fault,248:storage_in,248,7,1,0,False,True,True,False,[20]
g4d_first1024_no_fault,249:storage_in,249,7,1,0,False,True,True,False,[20]
g4d_first1024_no_fault,24:storage_in,24,8,2,1,False,False,True,False,"[16, 22]"
g4d_first1024_no_fault,250:storage_in,250,7,1,0,False,True,True,False,[20]
g4d_first1024_no_fault,251:storage_in,251,7,1,0,False,True,True,False,[20]
g4d_first1024_no_fault,252:storage_in,252,7,1,0,False,True,True,False,[20]
g4d_first1024_no_fault,253:storage_in,253,7,1,0,False,True,True,False,[20]
g4d_first1024_no_fault,254:storage_in,254,7,1,0,False,True,True,False,[20]
g4d_first1024_no_fault,255:storage_in,255,7,1,0,False,True,True,False,[20]
g4d_first1024_no_fault,256:storage_in,256,7,1,0,False,True,True,False,[20]
g4d_first1024_no_fault,257:storage_in,257,7,1,0,False,True,True,False,[20]
g4d_first1024_no_fault,258:storage_in,258,7,1,0,False,True,True,False,[20]
g4d_first1024_no_fault,259:storage_in,259,7,1,0,False,True,True,False,[20]
g4d_first1024_no_fault,25:storage_in,25,7,1,0,False,True,True,False,[22]
g4d_first1024_no_fault,260:storage_in,260,7,1,0,False,True,True,False,[20]
g4d_first1024_no_fault,261:storage_in,261,7,2,0,False,False,True,False,"[19, 22]"
g4d_first1024_no_fault,262:storage_in,262,8,2,1,False,False,True,False,"[16, 22]"
g4d_first1024_no_fault,263:storage_in,263,7,1,0,False,True,True,False,[22]
g4d_first1024_no_fault,264:storage_in,264,9,1,0,False,True,True,False,[11]
g4d_first1024_no_fault,265:storage_in,265,7,1,0,False,True,True,False,[16]
g4d_first1024_no_fault,266:storage_in,266,7,2,0,False,False,True,False,"[19, 22]"
g4d_first1024_no_fault,267:storage_in,267,9,2,2,False,False,True,False,"[6, 11]"
g4d_first1024_no_fault,268:storage_in,268,10,2,1,False,False,True,False,"[9, 11]"
g4d_first1024_no_fault,269:storage_in,269,12,1,1,False,True,True,False,[22]
g4d_first1024_no_fault,26:storage_in,26,7,1,0,False,True,True,False,[22]
g4d_first1024_no_fault,270:storage_in,270,9,1,0,False,True,True,False,[11]
g4d_first1024_no_fault,271:storage_in,271,8,2,1,False,False,True,False,"[16, 22]"
g4d_first1024_no_fault,272:storage_in,272,10,2,0,False,False,True,False,"[9, 11]"
g4d_first1024_no_fault,273:storage_in,273,9,2,2,False,False,True,False,"[6, 11]"
g4d_first1024_no_fault,274:storage_in,274,11,1,1,False,True,True,False,[19]
g4d_first1024_no_fault,275:storage_in,275,12,1,1,False,True,True,False,[22]
g4d_first1024_no_fault,276:storage_in,276,9,2,1,False,False,True,False,"[6, 11]"
g4d_first1024_no_fault,277:storage_in,277,11,1,1,False,True,True,False,[19]
g4d_first1024_no_fault,278:storage_in,278,9,1,1,False,True,True,False,[20]
g4d_first1024_no_fault,279:storage_in,279,8,2,1,False,False,True,False,"[16, 22]"
g4d_first1024_no_fault,27:storage_in,27,11,1,1,False,True,True,False,[19]
g4d_first1024_no_fault,280:storage_in,280,8,2,1,False,False,True,False,"[16, 22]"
g4d_first1024_no_fault,281:storage_in,281,7,1,0,False,True,True,False,[22]
g4d_first1024_no_fault,282:storage_in,282,9,1,0,False,True,True,False,[11]
g4d_first1024_no_fault,283:storage_in,283,11,1,1,False,True,True,False,[19]
g4d_first1024_no_fault,284:storage_in,284,7,1,0,False,True,True,False,[22]
g4d_first1024_no_fault,285:storage_in,285,10,2,0,False,False,True,False,"[9, 11]"
g4d_first1024_no_fault,286:storage_in,286,8,2,1,False,False,True,False,"[16, 22]"
g4d_first1024_no_fault,287:storage_in,287,8,1,0,False,True,True,False,[6]
g4d_first1024_no_fault,288:storage_in,288,7,1,0,False,True,True,False,[22]
g4d_first1024_no_fault,289:storage_in,289,12,1,1,False,True,True,False,[22]
g4d_first1024_no_fault,28:storage_in,28,8,2,1,False,False,True,False,"[16, 22]"
g4d_first1024_no_fault,290:storage_in,290,11,1,1,False,True,True,False,[19]
g4d_first1024_no_fault,291:storage_in,291,9,1,0,False,True,True,False,[11]
g4d_first1024_no_fault,292:storage_in,292,7,2,0,False,False,True,False,"[19, 22]"
g4d_first1024_no_fault,293:storage_in,293,8,2,1,False,False,True,False,"[16, 22]"
g4d_first1024_no_fault,294:storage_in,294,10,2,0,False,False,True,False,"[9, 11]"
g4d_first1024_no_fault,295:storage_in,295,8,1,0,False,True,True,False,[6]
g4d_first1024_no_fault,296:storage_in,296,9,1,0,False,True,True,False,[11]
g4d_first1024_no_fault,297:storage_in,297,9,1,0,False,True,True,False,[11]
g4d_first1024_no_fault,298:storage_in,298,10,2,0,False,False,True,False,"[9, 11]"
g4d_first1024_no_fault,299:storage_in,299,7,2,0,False,False,True,False,"[19, 22]"
g4d_first1024_no_fault,29:storage_in,29,8,1,0,False,True,True,False,[6]
g4d_first1024_no_fault,2:storage_in,2,7,2,0,False,False,True,False,"[19, 22]"
g4d_first1024_no_fault,300:storage_in,300,7,1,0,False,True,True,False,[16]
g4d_first1024_no_fault,301:storage_in,301,8,1,0,False,True,True,False,[6]
g4d_first1024_no_fault,302:storage_in,302,7,1,0,False,True,True,False,[22]
g4d_first1024_no_fault,303:storage_in,303,7,2,0,False,False,True,False,"[19, 22]"
g4d_first1024_no_fault,304:storage_in,304,10,2,0,False,False,True,False,"[9, 11]"
g4d_first1024_no_fault,305:storage_in,305,8,2,1,False,False,True,False,"[16, 22]"
g4d_first1024_no_fault,306:storage_in,306,12,1,1,False,True,True,False,[22]
g4d_first1024_no_fault,307:storage_in,307,11,1,1,False,True,True,False,[19]
g4d_first1024_no_fault,308:storage_in,308,9,2,1,False,False,True,False,"[6, 11]"
g4d_first1024_no_fault,309:storage_in,309,9,1,0,False,True,True,False,[11]
g4d_first1024_no_fault,30:storage_in,30,7,2,0,False,False,True,False,"[19, 22]"
g4d_first1024_no_fault,310:storage_in,310,7,1,0,False,True,True,False,[16]
g4d_first1024_no_fault,311:storage_in,311,10,2,1,False,False,True,False,"[9, 11]"
g4d_first1024_no_fault,312:storage_in,312,12,1,1,False,True,True,False,[22]
g4d_first1024_no_fault,313:storage_in,313,8,1,0,False,True,True,False,[6]
g4d_first1024_no_fault,314:storage_in,314,7,2,0,False,False,True,False,"[19, 22]"
g4d_first1024_no_fault,315:storage_in,315,9,1,0,False,True,True,False,[11]
g4d_first1024_no_fault,316:storage_in,316,10,2,0,False,False,True,False,"[9, 11]"
g4d_first1024_no_fault,317:storage_in,317,8,1,0,False,True,True,False,[6]
g4d_first1024_no_fault,318:storage_in,318,9,1,0,False,True,True,False,[11]
g4d_first1024_no_fault,319:storage_in,319,12,1,1,False,True,True,False,[22]
g4d_first1024_no_fault,31:storage_in,31,9,1,0,False,True,True,False,[11]
g4d_first1024_no_fault,320:storage_in,320,10,2,0,False,False,True,False,"[9, 11]"
g4d_first1024_no_fault,321:storage_in,321,7,2,0,False,False,True,False,"[19, 22]"
g4d_first1024_no_fault,322:storage_in,322,8,1,0,False,True,True,False,[6]
g4d_first1024_no_fault,323:storage_in,323,8,2,1,False,False,True,False,"[16, 22]"
g4d_first1024_no_fault,324:storage_in,324,9,1,0,False,True,True,False,[11]
g4d_first1024_no_fault,325:storage_in,325,10,2,0,False,False,True,False,"[9, 11]"
g4d_first1024_no_fault,326:storage_in,326,8,2,1,False,False,True,False,"[16, 22]"
g4d_first1024_no_fault,327:storage_in,327,7,1,0,False,True,True,False,[22]
g4d_first1024_no_fault,328:storage_in,328,7,1,0,False,True,True,False,[22]
g4d_first1024_no_fault,329:storage_in,329,8,1,0,False,True,True,False,[6]
g4d_first1024_no_fault,32:storage_in,32,10,2,0,False,False,True,False,"[9, 11]"
g4d_first1024_no_fault,330:storage_in,330,7,2,0,False,False,True,False,"[19, 22]"
g4d_first1024_no_fault,331:storage_in,331,9,1,0,False,True,True,False,[11]
g4d_first1024_no_fault,332:storage_in,332,7,1,0,False,True,True,False,[20]
g4d_first1024_no_fault,333:storage_in,333,7,1,0,False,True,True,False,[20]
g4d_first1024_no_fault,334:storage_in,334,7,1,0,False,True,True,False,[20]
g4d_first1024_no_fault,335:storage_in,335,7,1,0,False,True,True,False,[20]
g4d_first1024_no_fault,336:storage_in,336,7,1,0,False,True,True,False,[20]
g4d_first1024_no_fault,337:storage_in,337,7,1,0,False,True,True,False,[20]
g4d_first1024_no_fault,338:storage_in,338,7,1,0,False,True,True,False,[20]
g4d_first1024_no_fault,339:storage_in,339,7,1,0,False,True,True,False,[20]
g4d_first1024_no_fault,33:storage_in,33,8,1,0,False,True,True,False,[6]
g4d_first1024_no_fault,340:storage_in,340,7,1,0,False,True,True,False,[20]
g4d_first1024_no_fault,341:storage_in,341,7,1,0,False,True,True,False,[20]
g4d_first1024_no_fault,342:storage_in,342,7,1,0,False,True,True,False,[20]
g4d_first1024_no_fault,343:storage_in,343,7,1,0,False,True,True,False,[20]
g4d_first1024_no_fault,344:storage_in,344,7,1,0,False,True,True,False,[20]
g4d_first1024_no_fault,345:storage_in,345,7,1,0,False,True,True,False,[20]
g4d_first1024_no_fault,346:storage_in,346,7,1,0,False,True,True,False,[20]
g4d_first1024_no_fault,347:storage_in,347,7,1,0,False,True,True,False,[20]
g4d_first1024_no_fault,348:storage_in,348,7,1,0,False,True,True,False,[20]
g4d_first1024_no_fault,349:storage_in,349,7,1,0,False,True,True,False,[20]
g4d_first1024_no_fault,34:storage_in,34,7,1,0,False,True,True,False,[16]
g4d_first1024_no_fault,350:storage_in,350,7,1,0,False,True,True,False,[20]
g4d_first1024_no_fault,351:storage_in,351,7,1,0,False,True,True,False,[20]
g4d_first1024_no_fault,352:storage_in,352,7,1,0,False,True,True,False,[20]
g4d_first1024_no_fault,353:storage_in,353,7,1,0,False,True,True,False,[20]
g4d_first1024_no_fault,354:storage_in,354,7,1,0,False,True,True,False,[20]
g4d_first1024_no_fault,355:storage_in,355,7,1,0,False,True,True,False,[20]
g4d_first1024_no_fault,356:storage_in,356,7,1,0,False,True,True,False,[20]
g4d_first1024_no_fault,357:storage_in,357,7,1,0,False,True,True,False,[20]
g4d_first1024_no_fault,358:storage_in,358,7,1,0,False,True,True,False,[20]
g4d_first1024_no_fault,359:storage_in,359,7,1,0,False,True,True,False,[20]
g4d_first1024_no_fault,35:storage_in,35,12,1,1,False,True,True,False,[22]
g4d_first1024_no_fault,360:storage_in,360,7,1,0,False,True,True,False,[20]
g4d_first1024_no_fault,361:storage_in,361,7,1,0,False,True,True,False,[20]
g4d_first1024_no_fault,362:storage_in,362,7,1,0,False,True,True,False,[20]
g4d_first1024_no_fault,363:storage_in,363,7,1,0,False,True,True,False,[20]
g4d_first1024_no_fault,364:storage_in,364,7,1,0,False,True,True,False,[20]
g4d_first1024_no_fault,365:storage_in,365,7,1,0,False,True,True,False,[20]
g4d_first1024_no_fault,366:storage_in,366,7,1,0,False,True,True,False,[20]
g4d_first1024_no_fault,367:storage_in,367,7,1,0,False,True,True,False,[20]
g4d_first1024_no_fault,368:storage_in,368,7,1,0,False,True,True,False,[20]
g4d_first1024_no_fault,369:storage_in,369,7,1,0,False,True,True,False,[20]
g4d_first1024_no_fault,36:storage_in,36,9,1,1,False,True,True,False,[11]
g4d_first1024_no_fault,370:storage_in,370,7,1,0,False,True,True,False,[20]
g4d_first1024_no_fault,371:storage_in,371,7,1,0,False,True,True,False,[20]
g4d_first1024_no_fault,372:storage_in,372,7,1,0,False,True,True,False,[20]
g4d_first1024_no_fault,373:storage_in,373,7,1,0,False,True,True,False,[20]
g4d_first1024_no_fault,374:storage_in,374,7,1,0,False,True,True,False,[20]
g4d_first1024_no_fault,375:storage_in,375,7,1,0,False,True,True,False,[20]
g4d_first1024_no_fault,376:storage_in,376,7,2,0,False,False,True,False,"[19, 22]"
g4d_first1024_no_fault,377:storage_in,377,8,2,1,False,False,True,False,"[16, 22]"
g4d_first1024_no_fault,378:storage_in,378,7,1,0,False,True,True,False,[20]
g4d_first1024_no_fault,379:storage_in,379,9,1,0,False,True,True,False,[11]
g4d_first1024_no_fault,37:storage_in,37,7,2,0,False,False,True,False,"[19, 22]"
g4d_first1024_no_fault,380:storage_in,380,7,1,0,False,True,True,False,[16]
g4d_first1024_no_fault,381:storage_in,381,12,1,1,False,True,True,False,[22]
g4d_first1024_no_fault,382:storage_in,382,10,2,0,False,False,True,False,"[9, 11]"
g4d_first1024_no_fault,383:storage_in,383,10,2,0,False,False,True,False,"[9, 11]"
g4d_first1024_no_fault,384:storage_in,384,8,1,0,False,True,True,False,[6]
g4d_first1024_no_fault,385:storage_in,385,7,1,0,False,True,True,False,[16]
g4d_first1024_no_fault,386:storage_in,386,7,1,0,False,True,True,False,[22]
g4d_first1024_no_fault,387:storage_in,387,11,1,1,False,True,True,False,[19]
g4d_first1024_no_fault,388:storage_in,388,11,1,1,False,True,True,False,[19]
g4d_first1024_no_fault,389:storage_in,389,7,1,0,False,True,True,False,[22]
g4d_first1024_no_fault,38:storage_in,38,10,2,0,False,False,True,False,"[9, 11]"
g4d_first1024_no_fault,390:storage_in,390,9,2,1,False,False,True,False,"[6, 11]"
g4d_first1024_no_fault,391:storage_in,391,7,1,0,False,True,True,False,[16]
g4d_first1024_no_fault,392:storage_in,392,7,1,0,False,True,True,False,[16]
g4d_first1024_no_fault,393:storage_in,393,7,1,0,False,True,True,False,[20]
g4d_first1024_no_fault,394:storage_in,394,7,1,0,False,True,True,False,[22]
g4d_first1024_no_fault,395:storage_in,395,11,1,1,False,True,True,False,[19]
g4d_first1024_no_fault,396:storage_in,396,7,1,0,False,True,True,False,[22]
g4d_first1024_no_fault,397:storage_in,397,9,1,0,False,True,True,False,[11]
g4d_first1024_no_fault,398:storage_in,398,11,1,1,False,True,True,False,[19]
g4d_first1024_no_fault,399:storage_in,399,11,1,1,False,True,True,False,[19]
g4d_first1024_no_fault,39:storage_in,39,8,2,1,False,False,True,False,"[16, 22]"
g4d_first1024_no_fault,3:storage_in,3,8,2,1,False,False,True,False,"[16, 22]"
g4d_first1024_no_fault,400:storage_in,400,10,2,0,False,False,True,False,"[9, 11]"
g4d_first1024_no_fault,401:storage_in,401,8,2,1,False,False,True,False,"[16, 22]"
g4d_first1024_no_fault,402:storage_in,402,8,1,0,False,True,True,False,[6]
g4d_first1024_no_fault,403:storage_in,403,7,1,0,False,True,True,False,[22]
g4d_first1024_no_fault,404:storage_in,404,8,2,1,False,False,True,False,"[16, 22]"
g4d_first1024_no_fault,405:storage_in,405,9,1,0,False,True,True,False,[11]
g4d_first1024_no_fault,406:storage_in,406,11,1,1,False,True,True,False,[19]
g4d_first1024_no_fault,407:storage_in,407,10,2,0,False,False,True,False,"[9, 11]"
g4d_first1024_no_fault,408:storage_in,408,8,2,1,False,False,True,False,"[16, 22]"
g4d_first1024_no_fault,409:storage_in,409,8,1,0,False,True,True,False,[6]
g4d_first1024_no_fault,40:storage_in,40,8,1,0,False,True,True,False,[6]
g4d_first1024_no_fault,410:storage_in,410,12,1,1,False,True,True,False,[22]
g4d_first1024_no_fault,411:storage_in,411,9,1,0,False,True,True,False,[11]
g4d_first1024_no_fault,412:storage_in,412,8,2,1,False,False,True,False,"[16, 22]"
g4d_first1024_no_fault,413:storage_in,413,7,1,0,False,True,True,False,[22]
g4d_first1024_no_fault,414:storage_in,414,10,2,0,False,False,True,False,"[9, 11]"
g4d_first1024_no_fault,415:storage_in,415,7,1,0,False,True,True,False,[20]
g4d_first1024_no_fault,416:storage_in,416,9,1,0,False,True,True,False,[11]
g4d_first1024_no_fault,417:storage_in,417,11,1,1,False,True,True,False,[19]
g4d_first1024_no_fault,418:storage_in,418,9,2,1,False,False,True,False,"[6, 11]"
g4d_first1024_no_fault,419:storage_in,419,7,1,0,False,True,True,False,[16]
g4d_first1024_no_fault,41:storage_in,41,9,1,0,False,True,True,False,[11]
g4d_first1024_no_fault,420:storage_in,420,9,1,0,False,True,True,False,[11]
g4d_first1024_no_fault,421:storage_in,421,7,1,0,False,True,True,False,[22]
g4d_first1024_no_fault,422:storage_in,422,11,1,1,False,True,True,False,[19]
g4d_first1024_no_fault,423:storage_in,423,11,1,1,False,True,True,False,[19]
g4d_first1024_no_fault,424:storage_in,424,10,2,0,False,False,True,False,"[9, 11]"
g4d_first1024_no_fault,425:storage_in,425,8,2,1,False,False,True,False,"[16, 22]"
g4d_first1024_no_fault,426:storage_in,426,7,1,0,False,True,True,False,[20]
g4d_first1024_no_fault,427:storage_in,427,12,1,1,False,True,True,False,[22]
g4d_first1024_no_fault,428:storage_in,428,8,2,1,False,False,True,False,"[16, 22]"
g4d_first1024_no_fault,429:storage_in,429,7,2,0,False,False,True,False,"[19, 22]"
g4d_first1024_no_fault,42:storage_in,42,7,1,0,False,True,True,False,[22]
g4d_first1024_no_fault,430:storage_in,430,9,2,2,False,False,True,False,"[6, 11]"
g4d_first1024_no_fault,431:storage_in,431,9,1,0,False,True,True,False,[11]
g4d_first1024_no_fault,432:storage_in,432,7,1,0,False,True,True,False,[22]
g4d_first1024_no_fault,433:storage_in,433,11,1,1,False,True,True,False,[19]
g4d_first1024_no_fault,434:storage_in,434,10,2,0,False,False,True,False,"[9, 11]"
g4d_first1024_no_fault,435:storage_in,435,8,2,1,False,False,True,False,"[16, 22]"
g4d_first1024_no_fault,436:storage_in,436,8,1,0,False,True,True,False,[6]
g4d_first1024_no_fault,437:storage_in,437,12,1,1,False,True,True,False,[22]
g4d_first1024_no_fault,438:storage_in,438,9,1,0,False,True,True,False,[11]
g4d_first1024_no_fault,439:storage_in,439,10,2,0,False,False,True,False,"[9, 11]"
g4d_first1024_no_fault,43:storage_in,43,7,2,0,False,False,True,False,"[19, 22]"
g4d_first1024_no_fault,440:storage_in,440,7,1,0,False,True,True,False,[20]
g4d_first1024_no_fault,441:storage_in,441,8,2,1,False,False,True,False,"[16, 22]"
g4d_first1024_no_fault,442:storage_in,442,7,1,0,False,True,True,False,[22]
g4d_first1024_no_fault,443:storage_in,443,7,2,0,False,False,True,False,"[19, 22]"
g4d_first1024_no_fault,444:storage_in,444,8,2,1,False,False,True,False,"[16, 22]"
g4d_first1024_no_fault,445:storage_in,445,7,1,0,False,True,True,False,[22]
g4d_first1024_no_fault,446:storage_in,446,7,2,0,False,False,True,False,"[19, 22]"
g4d_first1024_no_fault,447:storage_in,447,8,2,1,False,False,True,False,"[16, 22]"
g4d_first1024_no_fault,448:storage_in,448,9,2,2,False,False,True,False,"[6, 11]"
g4d_first1024_no_fault,449:storage_in,449,7,2,0,False,False,True,False,"[19, 22]"
g4d_first1024_no_fault,44:storage_in,44,8,2,1,False,False,True,False,"[16, 22]"
g4d_first1024_no_fault,450:storage_in,450,7,1,0,False,True,True,False,[20]
g4d_first1024_no_fault,451:storage_in,451,7,1,0,False,True,True,False,[22]
g4d_first1024_no_fault,452:storage_in,452,9,1,0,False,True,True,False,[11]
g4d_first1024_no_fault,453:storage_in,453,7,2,0,False,False,True,False,"[19, 22]"
g4d_first1024_no_fault,454:storage_in,454,10,2,0,False,False,True,False,"[9, 11]"
g4d_first1024_no_fault,455:storage_in,455,8,2,1,False,False,True,False,"[16, 22]"
g4d_first1024_no_fault,456:storage_in,456,8,2,1,False,False,True,False,"[16, 22]"
g4d_first1024_no_fault,457:storage_in,457,7,1,0,False,True,True,False,[20]
g4d_first1024_no_fault,458:storage_in,458,8,1,0,False,True,True,False,[6]
g4d_first1024_no_fault,459:storage_in,459,7,1,0,False,True,True,False,[22]
g4d_first1024_no_fault,45:storage_in,45,9,1,0,False,True,True,False,[11]
g4d_first1024_no_fault,460:storage_in,460,7,1,0,False,True,True,False,[20]
g4d_first1024_no_fault,461:storage_in,461,7,1,0,False,True,True,False,[20]
g4d_first1024_no_fault,462:storage_in,462,7,1,0,False,True,True,False,[20]
g4d_first1024_no_fault,463:storage_in,463,7,1,0,False,True,True,False,[20]
g4d_first1024_no_fault,464:storage_in,464,7,1,0,False,True,True,False,[20]
g4d_first1024_no_fault,465:storage_in,465,7,1,0,False,True,True,False,[20]
g4d_first1024_no_fault,466:storage_in,466,7,1,0,False,True,True,False,[20]
g4d_first1024_no_fault,467:storage_in,467,7,1,0,False,True,True,False,[20]
g4d_first1024_no_fault,468:storage_in,468,7,1,0,False,True,True,False,[20]
g4d_first1024_no_fault,469:storage_in,469,7,1,0,False,True,True,False,[20]
g4d_first1024_no_fault,46:storage_in,46,7,1,0,False,True,True,False,[22]
g4d_first1024_no_fault,470:storage_in,470,7,1,0,False,True,True,False,[20]
g4d_first1024_no_fault,471:storage_in,471,7,1,0,False,True,True,False,[20]
g4d_first1024_no_fault,472:storage_in,472,7,1,0,False,True,True,False,[20]
g4d_first1024_no_fault,473:storage_in,473,7,1,0,False,True,True,False,[20]
g4d_first1024_no_fault,474:storage_in,474,7,1,0,False,True,True,False,[20]
g4d_first1024_no_fault,475:storage_in,475,7,1,0,False,True,True,False,[20]
g4d_first1024_no_fault,476:storage_in,476,7,1,0,False,True,True,False,[20]
g4d_first1024_no_fault,477:storage_in,477,7,1,0,False,True,True,False,[20]
g4d_first1024_no_fault,478:storage_in,478,7,1,0,False,True,True,False,[20]
g4d_first1024_no_fault,479:storage_in,479,7,1,0,False,True,True,False,[20]
g4d_first1024_no_fault,47:storage_in,47,10,2,0,False,False,True,False,"[9, 11]"
g4d_first1024_no_fault,480:storage_in,480,7,1,0,False,True,True,False,[20]
g4d_first1024_no_fault,481:storage_in,481,7,1,0,False,True,True,False,[20]
g4d_first1024_no_fault,482:storage_in,482,7,1,0,False,True,True,False,[20]
g4d_first1024_no_fault,483:storage_in,483,7,1,0,False,True,True,False,[20]
g4d_first1024_no_fault,484:storage_in,484,7,1,0,False,True,True,False,[20]
g4d_first1024_no_fault,485:storage_in,485,7,1,0,False,True,True,False,[20]
g4d_first1024_no_fault,486:storage_in,486,7,1,0,False,True,True,False,[20]
g4d_first1024_no_fault,487:storage_in,487,7,1,0,False,True,True,False,[20]
g4d_first1024_no_fault,488:storage_in,488,7,1,0,False,True,True,False,[20]
g4d_first1024_no_fault,489:storage_in,489,7,1,0,False,True,True,False,[20]
g4d_first1024_no_fault,48:storage_in,48,7,1,0,False,True,True,False,[22]
g4d_first1024_no_fault,490:storage_in,490,7,1,0,False,True,True,False,[20]
g4d_first1024_no_fault,491:storage_in,491,7,1,0,False,True,True,False,[20]
g4d_first1024_no_fault,492:storage_in,492,7,1,0,False,True,True,False,[20]
g4d_first1024_no_fault,493:storage_in,493,7,1,0,False,True,True,False,[20]
g4d_first1024_no_fault,494:storage_in,494,7,1,0,False,True,True,False,[22]
g4d_first1024_no_fault,495:storage_in,495,7,2,0,False,False,True,False,"[19, 22]"
g4d_first1024_no_fault,496:storage_in,496,9,1,0,False,True,True,False,[11]
g4d_first1024_no_fault,497:storage_in,497,7,1,0,False,True,True,False,[22]
g4d_first1024_no_fault,498:storage_in,498,9,1,0,False,True,True,False,[11]
g4d_first1024_no_fault,499:storage_in,499,10,2,0,False,False,True,False,"[9, 11]"
g4d_first1024_no_fault,49:storage_in,49,8,1,0,False,True,True,False,[6]
g4d_first1024_no_fault,4:storage_in,4,8,2,1,False,False,True,False,"[16, 22]"
g4d_first1024_no_fault,500:storage_in,500,11,1,1,False,True,True,False,[19]
g4d_first1024_no_fault,501:storage_in,501,9,1,1,False,True,True,False,[20]
g4d_first1024_no_fault,502:storage_in,502,8,1,0,False,True,True,False,[6]
g4d_first1024_no_fault,503:storage_in,503,7,1,0,False,True,True,False,[16]
g4d_first1024_no_fault,504:storage_in,504,8,2,1,False,False,True,False,"[16, 22]"
g4d_first1024_no_fault,505:storage_in,505,7,2,0,False,False,True,False,"[19, 22]"
g4d_first1024_no_fault,506:storage_in,506,12,1,1,False,True,True,False,[22]
g4d_first1024_no_fault,507:storage_in,507,7,1,0,False,True,True,False,[22]
g4d_first1024_no_fault,508:storage_in,508,11,1,1,False,True,True,False,[19]
g4d_first1024_no_fault,509:storage_in,509,10,2,0,False,False,True,False,"[9, 11]"
g4d_first1024_no_fault,50:storage_in,50,9,1,0,False,True,True,False,[11]
g4d_first1024_no_fault,510:storage_in,510,9,1,0,False,True,True,False,[11]
g4d_first1024_no_fault,511:storage_in,511,13,2,2,False,False,True,False,"[16, 22]"
g4d_first1024_no_fault,512:storage_in,512,7,1,0,False,True,True,False,[16]
g4d_first1024_no_fault,513:storage_in,513,9,1,1,False,True,True,False,[9]
g4d_first1024_no_fault,514:storage_in,514,12,1,1,False,True,True,False,[22]
g4d_first1024_no_fault,515:storage_in,515,11,1,1,False,True,True,False,[19]
g4d_first1024_no_fault,516:storage_in,516,12,1,1,False,True,True,False,[22]
g4d_first1024_no_fault,517:storage_in,517,12,2,1,False,False,True,False,"[19, 22]"
g4d_first1024_no_fault,518:storage_in,518,7,1,0,False,True,True,False,[16]
g4d_first1024_no_fault,519:storage_in,519,9,2,1,False,False,True,False,"[6, 11]"
g4d_first1024_no_fault,51:storage_in,51,11,1,1,False,True,True,False,[19]
g4d_first1024_no_fault,520:storage_in,520,7,1,0,False,True,True,False,[16]
g4d_first1024_no_fault,521:storage_in,521,9,1,0,False,True,True,False,[11]
g4d_first1024_no_fault,522:storage_in,522,7,1,0,False,True,True,False,[20]
g4d_first1024_no_fault,523:storage_in,523,12,1,1,False,True,True,False,[22]
g4d_first1024_no_fault,524:storage_in,524,12,1,1,False,True,True,False,[22]
g4d_first1024_no_fault,525:storage_in,525,11,1,1,False,True,True,False,[19]
g4d_first1024_no_fault,526:storage_in,526,10,2,0,False,False,True,False,"[9, 11]"
g4d_first1024_no_fault,527:storage_in,527,9,1,1,False,True,True,False,[20]
g4d_first1024_no_fault,528:storage_in,528,12,2,1,False,False,True,False,"[19, 22]"
g4d_first1024_no_fault,529:storage_in,529,8,2,1,False,False,True,False,"[16, 22]"
g4d_first1024_no_fault,52:storage_in,52,10,2,0,False,False,True,False,"[9, 11]"
g4d_first1024_no_fault,530:storage_in,530,9,2,1,False,False,True,False,"[6, 11]"
g4d_first1024_no_fault,531:storage_in,531,7,1,0,False,True,True,False,[16]
g4d_first1024_no_fault,532:storage_in,532,12,1,1,False,True,True,False,[22]
g4d_first1024_no_fault,533:storage_in,533,11,1,1,False,True,True,False,[19]
g4d_first1024_no_fault,534:storage_in,534,9,1,0,False,True,True,False,[11]
g4d_first1024_no_fault,535:storage_in,535,7,2,0,False,False,True,False,"[19, 22]"
g4d_first1024_no_fault,536:storage_in,536,8,2,1,False,False,True,False,"[16, 22]"
g4d_first1024_no_fault,537:storage_in,537,10,2,0,False,False,True,False,"[9, 11]"
g4d_first1024_no_fault,538:storage_in,538,8,2,1,False,False,True,False,"[16, 22]"
g4d_first1024_no_fault,539:storage_in,539,9,2,2,False,False,True,False,"[6, 11]"
g4d_first1024_no_fault,53:storage_in,53,8,2,1,False,False,True,False,"[16, 22]"
g4d_first1024_no_fault,540:storage_in,540,10,2,0,False,False,True,False,"[9, 11]"
g4d_first1024_no_fault,541:storage_in,541,12,1,1,False,True,True,False,[22]
g4d_first1024_no_fault,542:storage_in,542,9,1,0,False,True,True,False,[11]
g4d_first1024_no_fault,543:storage_in,543,10,2,0,False,False,True,False,"[9, 11]"
g4d_first1024_no_fault,544:storage_in,544,8,1,0,False,True,True,False,[6]
g4d_first1024_no_fault,545:storage_in,545,9,1,0,False,True,True,False,[11]
g4d_first1024_no_fault,546:storage_in,546,10,2,0,False,False,True,False,"[9, 11]"
g4d_first1024_no_fault,547:storage_in,547,7,1,0,False,True,True,False,[22]
g4d_first1024_no_fault,548:storage_in,548,8,1,0,False,True,True,False,[6]
g4d_first1024_no_fault,549:storage_in,549,11,1,1,False,True,True,False,[19]
g4d_first1024_no_fault,54:storage_in,54,8,1,0,False,True,True,False,[6]
g4d_first1024_no_fault,550:storage_in,550,9,1,0,False,True,True,False,[11]
g4d_first1024_no_fault,551:storage_in,551,8,2,1,False,False,True,False,"[16, 22]"
g4d_first1024_no_fault,552:storage_in,552,7,1,0,False,True,True,False,[22]
g4d_first1024_no_fault,553:storage_in,553,11,1,1,False,True,True,False,[19]
g4d_first1024_no_fault,554:storage_in,554,7,2,0,False,False,True,False,"[19, 22]"
g4d_first1024_no_fault,555:storage_in,555,8,2,1,False,False,True,False,"[16, 22]"
g4d_first1024_no_fault,556:storage_in,556,7,1,0,False,True,True,False,[22]
g4d_first1024_no_fault,557:storage_in,557,7,2,0,False,False,True,False,"[19, 22]"
g4d_first1024_no_fault,558:storage_in,558,9,2,2,False,False,True,False,"[6, 11]"
g4d_first1024_no_fault,559:storage_in,559,8,2,1,False,False,True,False,"[16, 22]"
g4d_first1024_no_fault,55:storage_in,55,8,1,0,False,True,True,False,[6]
g4d_first1024_no_fault,560:storage_in,560,8,2,1,False,False,True,False,"[16, 22]"
g4d_first1024_no_fault,561:storage_in,561,9,1,0,False,True,True,False,[11]
g4d_first1024_no_fault,562:storage_in,562,12,1,1,False,True,True,False,[22]
g4d_first1024_no_fault,563:storage_in,563,10,2,0,False,False,True,False,"[9, 11]"
g4d_first1024_no_fault,564:storage_in,564,11,1,1,False,True,True,False,[19]
g4d_first1024_no_fault,565:storage_in,565,7,1,0,False,True,True,False,[16]
g4d_first1024_no_fault,566:storage_in,566,7,1,0,False,True,True,False,[22]
g4d_first1024_no_fault,567:storage_in,567,9,2,2,False,False,True,False,"[6, 11]"
g4d_first1024_no_fault,568:storage_in,568,12,1,1,False,True,True,False,[22]
g4d_first1024_no_fault,569:storage_in,569,9,1,0,False,True,True,False,[11]
g4d_first1024_no_fault,56:storage_in,56,7,1,0,False,True,True,False,[22]
g4d_first1024_no_fault,570:storage_in,570,7,2,0,False,False,True,False,"[19, 22]"
g4d_first1024_no_fault,571:storage_in,571,10,2,0,False,False,True,False,"[9, 11]"
g4d_first1024_no_fault,572:storage_in,572,8,2,1,False,False,True,False,"[16, 22]"
g4d_first1024_no_fault,573:storage_in,573,8,1,0,False,True,True,False,[6]
g4d_first1024_no_fault,574:storage_in,574,7,1,0,False,True,True,False,[22]
g4d_first1024_no_fault,575:storage_in,575,9,1,0,False,True,True,False,[11]
g4d_first1024_no_fault,576:storage_in,576,11,1,1,False,True,True,False,[19]
g4d_first1024_no_fault,577:storage_in,577,10,2,0,False,False,True,False,"[9, 11]"
g4d_first1024_no_fault,578:storage_in,578,8,1,0,False,True,True,False,[6]
g4d_first1024_no_fault,579:storage_in,579,7,2,0,False,False,True,False,"[19, 22]"
g4d_first1024_no_fault,57:storage_in,57,7,2,0,False,False,True,False,"[19, 22]"
g4d_first1024_no_fault,580:storage_in,580,8,2,1,False,False,True,False,"[16, 22]"
g4d_first1024_no_fault,581:storage_in,581,7,1,0,False,True,True,False,[22]
g4d_first1024_no_fault,582:storage_in,582,11,1,1,False,True,True,False,[19]
g4d_first1024_no_fault,583:storage_in,583,8,2,1,False,False,True,False,"[16, 22]"
g4d_first1024_no_fault,584:storage_in,584,7,1,0,False,True,True,False,[22]
g4d_first1024_no_fault,585:storage_in,585,9,1,0,False,True,True,False,[11]
g4d_first1024_no_fault,586:storage_in,586,7,2,0,False,False,True,False,"[19, 22]"
g4d_first1024_no_fault,587:storage_in,587,8,2,1,False,False,True,False,"[16, 22]"
g4d_first1024_no_fault,588:storage_in,588,10,2,0,False,False,True,False,"[9, 11]"
g4d_first1024_no_fault,589:storage_in,589,8,1,0,False,True,True,False,[6]
g4d_first1024_no_fault,58:storage_in,58,8,2,1,False,False,True,False,"[16, 22]"
g4d_first1024_no_fault,590:storage_in,590,9,1,0,False,True,True,False,[11]
g4d_first1024_no_fault,591:storage_in,591,7,1,0,False,True,True,False,[22]
g4d_first1024_no_fault,592:storage_in,592,10,2,0,False,False,True,False,"[9, 11]"
g4d_first1024_no_fault,593:storage_in,593,8,1,0,False,True,True,False,[6]
g4d_first1024_no_fault,594:storage_in,594,9,1,0,False,True,True,False,[11]
g4d_first1024_no_fault,595:storage_in,595,10,2,0,False,False,True,False,"[9, 11]"
g4d_first1024_no_fault,596:storage_in,596,11,1,1,False,True,True,False,[19]
g4d_first1024_no_fault,597:storage_in,597,8,1,0,False,True,True,False,[6]
g4d_first1024_no_fault,598:storage_in,598,9,1,0,False,True,True,False,[11]
g4d_first1024_no_fault,599:storage_in,599,8,2,1,False,False,True,False,"[16, 22]"
g4d_first1024_no_fault,59:storage_in,59,9,1,0,False,True,True,False,[11]
g4d_first1024_no_fault,5:storage_in,5,7,1,0,False,True,True,False,[22]
g4d_first1024_no_fault,600:storage_in,600,10,2,0,False,False,True,False,"[9, 11]"
g4d_first1024_no_fault,601:storage_in,601,7,1,0,False,True,True,False,[22]
g4d_first1024_no_fault,602:storage_in,602,7,2,0,False,False,True,False,"[19, 22]"
g4d_first1024_no_fault,603:storage_in,603,8,2,1,False,False,True,False,"[16, 22]"
g4d_first1024_no_fault,604:storage_in,604,9,2,2,False,False,True,False,"[6, 11]"
g4d_first1024_no_fault,605:storage_in,605,7,1,0,False,True,True,False,[22]
g4d_first1024_no_fault,606:storage_in,606,7,1,0,False,True,True,False,[22]
g4d_first1024_no_fault,607:storage_in,607,9,1,0,False,True,True,False,[11]
g4d_first1024_no_fault,608:storage_in,608,10,2,0,False,False,True,False,"[9, 11]"
g4d_first1024_no_fault,609:storage_in,609,8,1,0,False,True,True,False,[6]
g4d_first1024_no_fault,60:storage_in,60,7,1,0,False,True,True,False,[22]
g4d_first1024_no_fault,610:storage_in,610,9,1,0,False,True,True,False,[11]
g4d_first1024_no_fault,611:storage_in,611,10,2,0,False,False,True,False,"[9, 11]"
g4d_first1024_no_fault,612:storage_in,612,10,2,0,False,False,True,False,"[9, 11]"
g4d_first1024_no_fault,613:storage_in,613,7,2,0,False,False,True,False,"[19, 22]"
g4d_first1024_no_fault,614:storage_in,614,7,2,0,False,False,True,False,"[19, 22]"
g4d_first1024_no_fault,615:storage_in,615,8,1,0,False,True,True,False,[6]
g4d_first1024_no_fault,616:storage_in,616,8,2,1,False,False,True,False,"[16, 22]"
g4d_first1024_no_fault,617:storage_in,617,7,1,0,False,True,True,False,[20]
g4d_first1024_no_fault,618:storage_in,618,7,1,0,False,True,True,False,[20]
g4d_first1024_no_fault,619:storage_in,619,7,1,0,False,True,True,False,[20]
g4d_first1024_no_fault,61:storage_in,61,11,1,1,False,True,True,False,[19]
g4d_first1024_no_fault,620:storage_in,620,7,1,0,False,True,True,False,[20]
g4d_first1024_no_fault,621:storage_in,621,7,1,0,False,True,True,False,[22]
g4d_first1024_no_fault,622:storage_in,622,7,1,0,False,True,True,False,[20]
g4d_first1024_no_fault,623:storage_in,623,7,1,0,False,True,True,False,[20]
g4d_first1024_no_fault,624:storage_in,624,7,1,0,False,True,True,False,[20]
g4d_first1024_no_fault,625:storage_in,625,7,1,0,False,True,True,False,[20]
g4d_first1024_no_fault,626:storage_in,626,7,1,0,False,True,True,False,[20]
g4d_first1024_no_fault,627:storage_in,627,7,1,0,False,True,True,False,[20]
g4d_first1024_no_fault,628:storage_in,628,7,1,0,False,True,True,False,[20]
g4d_first1024_no_fault,629:storage_in,629,7,1,0,False,True,True,False,[20]
g4d_first1024_no_fault,62:storage_in,62,7,2,0,False,False,True,False,"[19, 22]"
g4d_first1024_no_fault,630:storage_in,630,7,1,0,False,True,True,False,[20]
g4d_first1024_no_fault,631:storage_in,631,7,1,0,False,True,True,False,[20]
g4d_first1024_no_fault,632:storage_in,632,7,1,0,False,True,True,False,[20]
g4d_first1024_no_fault,633:storage_in,633,7,1,0,False,True,True,False,[20]
g4d_first1024_no_fault,634:storage_in,634,7,1,0,False,True,True,False,[20]
g4d_first1024_no_fault,635:storage_in,635,7,1,0,False,True,True,False,[20]
g4d_first1024_no_fault,636:storage_in,636,7,2,0,False,False,True,False,"[19, 22]"
g4d_first1024_no_fault,637:storage_in,637,8,1,0,False,True,True,False,[6]
g4d_first1024_no_fault,638:storage_in,638,8,2,1,False,False,True,False,"[16, 22]"
g4d_first1024_no_fault,639:storage_in,639,9,1,0,False,True,True,False,[11]
g4d_first1024_no_fault,63:storage_in,63,10,2,0,False,False,True,False,"[9, 11]"
g4d_first1024_no_fault,640:storage_in,640,10,2,0,False,False,True,False,"[9, 11]"
g4d_first1024_no_fault,641:storage_in,641,8,2,1,False,False,True,False,"[16, 22]"
g4d_first1024_no_fault,642:storage_in,642,12,1,1,False,True,True,False,[22]
g4d_first1024_no_fault,643:storage_in,643,8,2,1,False,False,True,False,"[16, 22]"
g4d_first1024_no_fault,644:storage_in,644,9,2,2,False,False,True,False,"[6, 11]"
g4d_first1024_no_fault,645:storage_in,645,11,1,1,False,True,True,False,[19]
g4d_first1024_no_fault,646:storage_in,646,7,1,0,False,True,True,False,[22]
g4d_first1024_no_fault,647:storage_in,647,9,1,1,False,True,True,False,[20]
g4d_first1024_no_fault,648:storage_in,648,8,2,1,False,False,True,False,"[16, 22]"
g4d_first1024_no_fault,649:storage_in,649,11,1,1,False,True,True,False,[19]
g4d_first1024_no_fault,64:storage_in,64,7,1,0,False,True,True,False,[16]
g4d_first1024_no_fault,650:storage_in,650,9,1,0,False,True,True,False,[11]
g4d_first1024_no_fault,651:storage_in,651,7,1,0,False,True,True,False,[22]
g4d_first1024_no_fault,652:storage_in,652,7,1,0,False,True,True,False,[16]
g4d_first1024_no_fault,653:storage_in,653,11,1,1,False,True,True,False,[19]
g4d_first1024_no_fault,654:storage_in,654,12,1,1,False,True,True,False,[22]
g4d_first1024_no_fault,655:storage_in,655,10,2,0,False,False,True,False,"[9, 11]"
g4d_first1024_no_fault,656:storage_in,656,9,1,1,False,True,True,False,[11]
g4d_first1024_no_fault,657:storage_in,657,7,1,0,False,True,True,False,[22]
g4d_first1024_no_fault,658:storage_in,658,7,1,0,False,True,True,False,[16]
g4d_first1024_no_fault,659:storage_in,659,11,1,1,False,True,True,False,[19]
g4d_first1024_no_fault,65:storage_in,65,8,1,0,False,True,True,False,[6]
g4d_first1024_no_fault,660:storage_in,660,11,1,1,False,True,True,False,[19]
g4d_first1024_no_fault,661:storage_in,661,12,1,1,False,True,True,False,[22]
g4d_first1024_no_fault,662:storage_in,662,7,1,0,False,True,True,False,[16]
g4d_first1024_no_fault,663:storage_in,663,9,2,2,False,False,True,False,"[6, 11]"
g4d_first1024_no_fault,664:storage_in,664,10,2,0,False,False,True,False,"[9, 11]"
g4d_first1024_no_fault,665:storage_in,665,7,1,0,False,True,True,False,[16]
g4d_first1024_no_fault,666:storage_in,666,12,1,1,False,True,True,False,[22]
g4d_first1024_no_fault,667:storage_in,667,12,1,1,False,True,True,False,[22]
g4d_first1024_no_fault,668:storage_in,668,9,1,0,False,True,True,False,[11]
g4d_first1024_no_fault,669:storage_in,669,12,2,1,False,False,True,False,"[19, 22]"
g4d_first1024_no_fault,66:storage_in,66,12,1,1,False,True,True,False,[22]
g4d_first1024_no_fault,670:storage_in,670,12,2,1,False,False,True,False,"[19, 22]"
g4d_first1024_no_fault,671:storage_in,671,10,2,0,False,False,True,False,"[9, 11]"
g4d_first1024_no_fault,672:storage_in,672,9,2,2,False,False,True,False,"[6, 11]"
g4d_first1024_no_fault,673:storage_in,673,7,1,0,False,True,True,False,[16]
g4d_first1024_no_fault,674:storage_in,674,12,2,1,False,False,True,False,"[19, 22]"
g4d_first1024_no_fault,675:storage_in,675,9,2,1,False,False,True,False,"[6, 11]"
g4d_first1024_no_fault,676:storage_in,676,7,1,0,False,True,True,False,[20]
g4d_first1024_no_fault,677:storage_in,677,12,1,1,False,True,True,False,[22]
g4d_first1024_no_fault,678:storage_in,678,7,1,0,False,True,True,False,[16]
g4d_first1024_no_fault,679:storage_in,679,9,1,0,False,True,True,False,[11]
g4d_first1024_no_fault,67:storage_in,67,9,1,1,False,True,True,False,[11]
g4d_first1024_no_fault,680:storage_in,680,12,2,1,False,False,True,False,"[19, 22]"
g4d_first1024_no_fault,681:storage_in,681,9,1,0,False,True,True,False,[11]
g4d_first1024_no_fault,682:storage_in,682,7,1,0,False,True,True,False,[16]
g4d_first1024_no_fault,683:storage_in,683,9,1,1,False,True,True,False,[9]
g4d_first1024_no_fault,684:storage_in,684,9,2,1,False,False,True,False,"[6, 11]"
g4d_first1024_no_fault,685:storage_in,685,10,2,0,False,False,True,False,"[9, 11]"
g4d_first1024_no_fault,686:storage_in,686,9,2,1,False,False,True,False,"[6, 11]"
g4d_first1024_no_fault,687:storage_in,687,12,1,1,False,True,True,False,[22]
g4d_first1024_no_fault,688:storage_in,688,9,1,0,False,True,True,False,[11]
g4d_first1024_no_fault,689:storage_in,689,10,2,0,False,False,True,False,"[9, 11]"
g4d_first1024_no_fault,68:storage_in,68,7,2,0,False,False,True,False,"[19, 22]"
g4d_first1024_no_fault,690:storage_in,690,7,1,0,False,True,True,False,[16]
g4d_first1024_no_fault,691:storage_in,691,8,1,0,False,True,True,False,[6]
g4d_first1024_no_fault,692:storage_in,692,12,1,1,False,True,True,False,[22]
g4d_first1024_no_fault,693:storage_in,693,9,1,1,False,True,True,False,[11]
g4d_first1024_no_fault,694:storage_in,694,12,2,1,False,False,True,False,"[19, 22]"
g4d_first1024_no_fault,695:storage_in,695,7,1,0,False,True,True,False,[22]
g4d_first1024_no_fault,696:storage_in,696,8,2,1,False,False,True,False,"[16, 22]"
g4d_first1024_no_fault,697:storage_in,697,10,2,0,False,False,True,False,"[9, 11]"
g4d_first1024_no_fault,698:storage_in,698,9,1,0,False,True,True,False,[11]
g4d_first1024_no_fault,699:storage_in,699,11,1,1,False,True,True,False,[19]
g4d_first1024_no_fault,69:storage_in,69,8,2,1,False,False,True,False,"[16, 22]"
g4d_first1024_no_fault,6:storage_in,6,7,2,0,False,False,True,False,"[19, 22]"
g4d_first1024_no_fault,700:storage_in,700,10,2,0,False,False,True,False,"[9, 11]"
g4d_first1024_no_fault,701:storage_in,701,7,1,0,False,True,True,False,[20]
g4d_first1024_no_fault,702:storage_in,702,12,1,1,False,True,True,False,[22]
g4d_first1024_no_fault,703:storage_in,703,7,1,0,False,True,True,False,[16]
g4d_first1024_no_fault,704:storage_in,704,12,2,1,False,False,True,False,"[19, 22]"
g4d_first1024_no_fault,705:storage_in,705,8,1,0,False,True,True,False,[6]
g4d_first1024_no_fault,706:storage_in,706,12,1,1,False,True,True,False,[22]
g4d_first1024_no_fault,707:storage_in,707,12,2,1,False,False,True,False,"[19, 22]"
g4d_first1024_no_fault,708:storage_in,708,7,1,0,False,True,True,False,[16]
g4d_first1024_no_fault,709:storage_in,709,12,2,1,False,False,True,False,"[19, 22]"
g4d_first1024_no_fault,70:storage_in,70,10,2,0,False,False,True,False,"[9, 11]"
g4d_first1024_no_fault,710:storage_in,710,8,1,0,False,True,True,False,[6]
g4d_first1024_no_fault,711:storage_in,711,7,1,0,False,True,True,False,[16]
g4d_first1024_no_fault,712:storage_in,712,9,1,0,False,True,True,False,[11]
g4d_first1024_no_fault,713:storage_in,713,7,1,0,False,True,True,False,[22]
g4d_first1024_no_fault,714:storage_in,714,12,1,1,False,True,True,False,[22]
g4d_first1024_no_fault,715:storage_in,715,10,2,0,False,False,True,False,"[9, 11]"
g4d_first1024_no_fault,716:storage_in,716,12,2,1,False,False,True,False,"[19, 22]"
g4d_first1024_no_fault,717:storage_in,717,8,2,1,False,False,True,False,"[16, 22]"
g4d_first1024_no_fault,718:storage_in,718,9,2,2,False,False,True,False,"[6, 11]"
g4d_first1024_no_fault,719:storage_in,719,7,1,0,False,True,True,False,[16]
g4d_first1024_no_fault,71:storage_in,71,7,1,0,False,True,True,False,[22]
g4d_first1024_no_fault,720:storage_in,720,11,1,1,False,True,True,False,[19]
g4d_first1024_no_fault,721:storage_in,721,9,1,0,False,True,True,False,[11]
g4d_first1024_no_fault,722:storage_in,722,12,1,1,False,True,True,False,[22]
g4d_first1024_no_fault,723:storage_in,723,7,1,0,False,True,True,False,[22]
g4d_first1024_no_fault,724:storage_in,724,10,2,0,False,False,True,False,"[9, 11]"
g4d_first1024_no_fault,725:storage_in,725,12,2,1,False,False,True,False,"[19, 22]"
g4d_first1024_no_fault,726:storage_in,726,8,1,0,False,True,True,False,[6]
g4d_first1024_no_fault,727:storage_in,727,9,1,0,False,True,True,False,[11]
g4d_first1024_no_fault,728:storage_in,728,7,1,0,False,True,True,False,[16]
g4d_first1024_no_fault,729:storage_in,729,8,2,1,False,False,True,False,"[16, 22]"
g4d_first1024_no_fault,72:storage_in,72,8,1,0,False,True,True,False,[6]
g4d_first1024_no_fault,730:storage_in,730,10,2,0,False,False,True,False,"[9, 11]"
g4d_first1024_no_fault,731:storage_in,731,8,1,0,False,True,True,False,[6]
g4d_first1024_no_fault,732:storage_in,732,12,1,1,False,True,True,False,[22]
g4d_first1024_no_fault,733:storage_in,733,9,1,0,False,True,True,False,[11]
g4d_first1024_no_fault,734:storage_in,734,11,1,1,False,True,True,False,[19]
g4d_first1024_no_fault,735:storage_in,735,7,2,0,False,False,True,False,"[19, 22]"
g4d_first1024_no_fault,736:storage_in,736,8,2,1,False,False,True,False,"[16, 22]"
g4d_first1024_no_fault,737:storage_in,737,10,2,0,False,False,True,False,"[9, 11]"
g4d_first1024_no_fault,738:storage_in,738,7,1,0,False,True,True,False,[22]
g4d_first1024_no_fault,739:storage_in,739,7,1,0,False,True,True,False,[22]
g4d_first1024_no_fault,73:storage_in,73,11,1,1,False,True,True,False,[19]
g4d_first1024_no_fault,740:storage_in,740,11,1,1,False,True,True,False,[19]
g4d_first1024_no_fault,741:storage_in,741,11,1,1,False,True,True,False,[19]
g4d_first1024_no_fault,742:storage_in,742,8,2,1,False,False,True,False,"[16, 22]"
g4d_first1024_no_fault,743:storage_in,743,9,2,1,False,False,True,False,"[6, 11]"
g4d_first1024_no_fault,744:storage_in,744,12,1,1,False,True,True,False,[22]
g4d_first1024_no_fault,745:storage_in,745,8,2,1,False,False,True,False,"[16, 22]"
g4d_first1024_no_fault,746:storage_in,746,7,1,0,False,True,True,False,[16]
g4d_first1024_no_fault,747:storage_in,747,9,1,0,False,True,True,False,[11]
g4d_first1024_no_fault,748:storage_in,748,10,2,1,False,False,True,False,"[9, 11]"
g4d_first1024_no_fault,749:storage_in,749,11,1,1,False,True,True,False,[19]
g4d_first1024_no_fault,74:storage_in,74,9,1,0,False,True,True,False,[11]
g4d_first1024_no_fault,750:storage_in,750,7,1,0,False,True,True,False,[22]
g4d_first1024_no_fault,751:storage_in,751,8,1,0,False,True,True,False,[6]
g4d_first1024_no_fault,752:storage_in,752,9,1,0,False,True,True,False,[11]
g4d_first1024_no_fault,753:storage_in,753,10,2,0,False,False,True,False,"[9, 11]"
g4d_first1024_no_fault,754:storage_in,754,7,1,0,False,True,True,False,[22]
g4d_first1024_no_fault,755:storage_in,755,9,2,1,False,False,True,False,"[6, 11]"
g4d_first1024_no_fault,756:storage_in,756,7,1,0,False,True,True,False,[16]
g4d_first1024_no_fault,757:storage_in,757,9,1,0,False,True,True,False,[11]
g4d_first1024_no_fault,758:storage_in,758,12,1,1,False,True,True,False,[22]
g4d_first1024_no_fault,759:storage_in,759,9,1,1,False,True,True,False,[11]
g4d_first1024_no_fault,75:storage_in,75,7,1,0,False,True,True,False,[16]
g4d_first1024_no_fault,760:direct,760,11,2,0,False,False,True,False,"[19, 38]"
g4d_first1024_no_fault,761:storage_in,761,10,2,0,False,False,True,False,"[9, 11]"
g4d_first1024_no_fault,762:direct,762,13,4,1,False,False,False,False,"[16, 22, 31, 32]"
g4d_first1024_no_fault,763:storage_in,763,12,1,1,False,True,True,False,[22]
g4d_first1024_no_fault,764:direct,764,11,2,0,False,False,True,False,"[19, 38]"
g4d_first1024_no_fault,765:storage_in,765,8,2,1,False,False,True,False,"[16, 22]"
g4d_first1024_no_fault,766:storage_in,766,7,1,0,False,True,True,False,[22]
g4d_first1024_no_fault,767:storage_in,767,7,2,0,False,False,True,False,"[19, 22]"
g4d_first1024_no_fault,768:storage_in,768,8,2,1,False,False,True,False,"[16, 22]"
g4d_first1024_no_fault,769:storage_in,769,9,2,2,False,False,True,False,"[6, 11]"
g4d_first1024_no_fault,76:storage_in,76,10,2,1,False,False,True,False,"[9, 11]"
g4d_first1024_no_fault,770:storage_in,770,9,1,0,False,True,True,False,[11]
g4d_first1024_no_fault,771:storage_in,771,12,1,1,False,True,True,False,[22]
g4d_first1024_no_fault,772:storage_in,772,10,2,0,False,False,True,False,"[9, 11]"
g4d_first1024_no_fault,773:storage_in,773,8,1,0,False,True,True,False,[6]
g4d_first1024_no_fault,774:storage_in,774,9,1,0,False,True,True,False,[11]
g4d_first1024_no_fault,775:storage_in,775,7,2,0,False,False,True,False,"[19, 22]"
g4d_first1024_no_fault,776:storage_in,776,7,2,0,False,False,True,False,"[19, 22]"
g4d_first1024_no_fault,777:storage_in,777,10,2,0,False,False,True,False,"[9, 11]"
g4d_first1024_no_fault,778:storage_in,778,8,2,1,False,False,True,False,"[16, 22]"
g4d_first1024_no_fault,779:storage_in,779,8,1,0,False,True,True,False,[6]
g4d_first1024_no_fault,77:storage_in,77,8,2,1,False,False,True,False,"[16, 22]"
g4d_first1024_no_fault,780:storage_in,780,8,1,0,False,True,True,False,[6]
g4d_first1024_no_fault,781:storage_in,781,9,1,0,False,True,True,False,[11]
g4d_first1024_no_fault,782:direct,782,12,3,0,False,False,False,False,"[22, 31, 32]"
g4d_first1024_no_fault,783:direct,783,12,4,1,False,False,False,False,"[19, 22, 31, 32]"
g4d_first1024_no_fault,784:direct,784,13,4,1,False,False,False,False,"[16, 22, 31, 32]"
g4d_first1024_no_fault,785:storage_in,785,7,1,0,False,True,True,False,[22]
g4d_first1024_no_fault,786:storage_in,786,10,2,0,False,False,True,False,"[9, 11]"
g4d_first1024_no_fault,787:storage_in,787,8,2,1,False,False,True,False,"[16, 22]"
g4d_first1024_no_fault,788:storage_in,788,7,2,0,False,False,True,False,"[19, 22]"
g4d_first1024_no_fault,789:storage_in,789,7,1,0,False,True,True,False,[20]
g4d_first1024_no_fault,78:storage_in,78,10,2,0,False,False,True,False,"[9, 11]"
g4d_first1024_no_fault,790:storage_in,790,7,1,0,False,True,True,False,[20]
g4d_first1024_no_fault,791:storage_in,791,7,1,0,False,True,True,False,[20]
g4d_first1024_no_fault,792:storage_in,792,7,1,0,False,True,True,False,[20]
g4d_first1024_no_fault,793:storage_in,793,7,1,0,False,True,True,False,[20]
g4d_first1024_no_fault,794:storage_in,794,7,1,0,False,True,True,False,[20]
g4d_first1024_no_fault,795:storage_in,795,7,1,0,False,True,True,False,[20]
g4d_first1024_no_fault,796:storage_in,796,7,1,0,False,True,True,False,[20]
g4d_first1024_no_fault,797:storage_in,797,8,1,0,False,True,True,False,[6]
g4d_first1024_no_fault,798:storage_in,798,7,1,0,False,True,True,False,[20]
g4d_first1024_no_fault,799:storage_in,799,7,1,0,False,True,True,False,[20]
g4d_first1024_no_fault,79:storage_in,79,7,1,0,False,True,True,False,[22]
g4d_first1024_no_fault,7:storage_in,7,8,2,1,False,False,True,False,"[16, 22]"
g4d_first1024_no_fault,800:storage_in,800,7,1,0,False,True,True,False,[20]
g4d_first1024_no_fault,801:storage_in,801,7,1,0,False,True,True,False,[20]
g4d_first1024_no_fault,802:storage_in,802,7,1,0,False,True,True,False,[20]
g4d_first1024_no_fault,803:storage_in,803,7,1,0,False,True,True,False,[20]
g4d_first1024_no_fault,804:storage_in,804,7,1,0,False,True,True,False,[20]
g4d_first1024_no_fault,805:storage_in,805,7,1,0,False,True,True,False,[20]
g4d_first1024_no_fault,806:storage_in,806,7,1,0,False,True,True,False,[20]
g4d_first1024_no_fault,807:storage_in,807,7,1,0,False,True,True,False,[20]
g4d_first1024_no_fault,808:storage_in,808,7,1,0,False,True,True,False,[20]
g4d_first1024_no_fault,809:storage_in,809,7,1,0,False,True,True,False,[20]
g4d_first1024_no_fault,80:storage_in,80,8,1,0,False,True,True,False,[6]
g4d_first1024_no_fault,810:storage_in,810,7,1,0,False,True,True,False,[20]
g4d_first1024_no_fault,811:storage_in,811,7,1,0,False,True,True,False,[20]
g4d_first1024_no_fault,812:storage_in,812,7,1,0,False,True,True,False,[20]
g4d_first1024_no_fault,813:storage_in,813,7,1,0,False,True,True,False,[20]
g4d_first1024_no_fault,814:storage_in,814,7,1,0,False,True,True,False,[20]
g4d_first1024_no_fault,815:storage_in,815,7,1,0,False,True,True,False,[20]
g4d_first1024_no_fault,816:storage_in,816,7,1,0,False,True,True,False,[20]
g4d_first1024_no_fault,817:storage_in,817,7,1,0,False,True,True,False,[20]
g4d_first1024_no_fault,818:storage_in,818,7,1,0,False,True,True,False,[20]
g4d_first1024_no_fault,819:storage_in,819,7,1,0,False,True,True,False,[20]
g4d_first1024_no_fault,81:storage_in,81,11,1,1,False,True,True,False,[19]
g4d_first1024_no_fault,820:storage_in,820,7,1,0,False,True,True,False,[20]
g4d_first1024_no_fault,821:storage_in,821,7,1,0,False,True,True,False,[20]
g4d_first1024_no_fault,822:storage_in,822,7,1,0,False,True,True,False,[20]
g4d_first1024_no_fault,823:storage_in,823,7,1,0,False,True,True,False,[20]
g4d_first1024_no_fault,824:storage_in,824,7,1,0,False,True,True,False,[20]
g4d_first1024_no_fault,825:storage_in,825,7,1,0,False,True,True,False,[20]
g4d_first1024_no_fault,826:storage_in,826,7,1,0,False,True,True,False,[20]
g4d_first1024_no_fault,827:storage_in,827,7,1,0,False,True,True,False,[20]
g4d_first1024_no_fault,828:storage_in,828,7,1,0,False,True,True,False,[20]
g4d_first1024_no_fault,829:storage_in,829,7,1,0,False,True,True,False,[20]
g4d_first1024_no_fault,82:storage_in,82,7,1,0,False,True,True,False,[22]
g4d_first1024_no_fault,830:storage_in,830,7,1,0,False,True,True,False,[20]
g4d_first1024_no_fault,831:storage_in,831,7,1,0,False,True,True,False,[20]
g4d_first1024_no_fault,832:storage_in,832,7,1,0,False,True,True,False,[20]
g4d_first1024_no_fault,833:storage_in,833,7,1,0,False,True,True,False,[20]
g4d_first1024_no_fault,834:direct,834,9,2,0,False,False,True,False,"[20, 38]"
g4d_first1024_no_fault,835:storage_in,835,7,1,0,False,True,True,False,[20]
g4d_first1024_no_fault,836:storage_in,836,7,1,0,False,True,True,False,[20]
g4d_first1024_no_fault,837:storage_in,837,7,1,0,False,True,True,False,[20]
g4d_first1024_no_fault,838:storage_in,838,7,1,0,False,True,True,False,[20]
g4d_first1024_no_fault,839:storage_in,839,7,1,0,False,True,True,False,[20]
g4d_first1024_no_fault,83:storage_in,83,8,2,1,False,False,True,False,"[16, 22]"
g4d_first1024_no_fault,840:storage_in,840,7,1,0,False,True,True,False,[20]
g4d_first1024_no_fault,841:storage_in,841,7,1,0,False,True,True,False,[20]
g4d_first1024_no_fault,842:storage_in,842,7,1,0,False,True,True,False,[20]
g4d_first1024_no_fault,843:storage_in,843,10,2,0,False,False,True,False,"[9, 11]"
g4d_first1024_no_fault,844:storage_in,844,8,1,0,False,True,True,False,[6]
g4d_first1024_no_fault,845:storage_in,845,7,2,0,False,False,True,False,"[19, 22]"
g4d_first1024_no_fault,846:direct,846,13,4,1,False,False,False,False,"[16, 22, 31, 32]"
g4d_first1024_no_fault,847:storage_in,847,9,1,0,False,True,True,False,[11]
g4d_first1024_no_fault,848:direct,848,12,2,1,False,False,True,False,"[22, 38]"
g4d_first1024_no_fault,849:storage_in,849,8,2,1,False,False,True,False,"[16, 22]"
g4d_first1024_no_fault,84:storage_in,84,7,1,0,False,True,True,False,[22]
g4d_first1024_no_fault,850:storage_in,850,7,1,0,False,True,True,False,[20]
g4d_first1024_no_fault,851:direct,851,11,2,0,False,False,True,False,"[19, 38]"
g4d_first1024_no_fault,852:storage_in,852,10,2,0,False,False,True,False,"[9, 11]"
g4d_first1024_no_fault,853:storage_in,853,7,1,0,False,True,True,False,[22]
g4d_first1024_no_fault,854:direct,854,13,3,2,False,False,False,False,"[16, 22, 38]"
g4d_first1024_no_fault,855:storage_in,855,9,1,0,False,True,True,False,[11]
g4d_first1024_no_fault,856:storage_in,856,8,1,0,False,True,True,False,[6]
g4d_first1024_no_fault,857:direct,857,14,2,1,False,False,True,False,"[19, 41]"
g4d_first1024_no_fault,858:storage_in,858,9,1,0,False,True,True,False,[11]
g4d_first1024_no_fault,859:storage_in,859,12,1,1,False,True,True,False,[22]
g4d_first1024_no_fault,85:storage_in,85,9,1,0,False,True,True,False,[11]
g4d_first1024_no_fault,860:storage_in,860,7,1,0,False,True,True,False,[16]
g4d_first1024_no_fault,861:storage_in,861,10,2,0,False,False,True,False,"[9, 11]"
g4d_first1024_no_fault,862:direct,862,15,2,1,False,False,True,False,"[22, 41]"
g4d_first1024_no_fault,863:direct,863,12,2,1,False,False,True,False,"[22, 38]"
g4d_first1024_no_fault,864:storage_in,864,9,2,2,False,False,True,False,"[6, 11]"
g4d_first1024_no_fault,865:storage_in,865,11,1,1,False,True,True,False,[19]
g4d_first1024_no_fault,866:storage_in,866,10,2,0,False,False,True,False,"[9, 11]"
g4d_first1024_no_fault,867:direct,867,12,4,1,False,False,False,False,"[19, 22, 31, 32]"
g4d_first1024_no_fault,868:storage_in,868,9,1,0,False,True,True,False,[11]
g4d_first1024_no_fault,869:storage_in,869,7,1,0,False,True,True,False,[16]
g4d_first1024_no_fault,86:storage_in,86,11,1,1,False,True,True,False,[19]
g4d_first1024_no_fault,870:storage_in,870,7,1,0,False,True,True,False,[16]
g4d_first1024_no_fault,871:storage_in,871,9,2,1,False,False,True,False,"[6, 11]"
g4d_first1024_no_fault,872:storage_in,872,9,1,1,False,True,True,False,[20]
g4d_first1024_no_fault,873:storage_in,873,9,1,1,False,True,True,False,[9]
g4d_first1024_no_fault,874:storage_in,874,12,1,1,False,True,True,False,[22]
g4d_first1024_no_fault,875:storage_in,875,12,1,1,False,True,True,False,[22]
g4d_first1024_no_fault,876:storage_in,876,7,1,0,False,True,True,False,[20]
g4d_first1024_no_fault,877:storage_in,877,9,1,0,False,True,True,False,[11]
g4d_first1024_no_fault,878:storage_in,878,7,1,0,False,True,True,False,[20]
g4d_first1024_no_fault,879:storage_in,879,11,1,1,False,True,True,False,[19]
g4d_first1024_no_fault,87:storage_in,87,8,2,1,False,False,True,False,"[16, 22]"
g4d_first1024_no_fault,880:storage_in,880,11,1,1,False,True,True,False,[19]
g4d_first1024_no_fault,881:storage_in,881,10,2,0,False,False,True,False,"[9, 11]"
g4d_first1024_no_fault,882:direct,882,11,2,0,False,False,True,False,"[19, 38]"
g4d_first1024_no_fault,883:storage_in,883,8,2,1,False,False,True,False,"[16, 22]"
g4d_first1024_no_fault,884:storage_in,884,8,2,1,False,False,True,False,"[16, 22]"
g4d_first1024_no_fault,885:storage_in,885,9,2,1,False,False,True,False,"[6, 11]"
g4d_first1024_no_fault,886:storage_in,886,9,1,1,False,True,True,False,[20]
g4d_first1024_no_fault,887:storage_in,887,12,1,1,False,True,True,False,[22]
g4d_first1024_no_fault,888:storage_in,888,9,1,0,False,True,True,False,[11]
g4d_first1024_no_fault,889:storage_in,889,12,1,1,False,True,True,False,[22]
g4d_first1024_no_fault,88:storage_in,88,10,2,0,False,False,True,False,"[9, 11]"
g4d_first1024_no_fault,890:storage_in,890,9,1,0,False,True,True,False,[11]
g4d_first1024_no_fault,891:storage_in,891,11,1,1,False,True,True,False,[19]
g4d_first1024_no_fault,892:storage_in,892,11,1,1,False,True,True,False,[19]
g4d_first1024_no_fault,893:storage_in,893,10,2,0,False,False,True,False,"[9, 11]"
g4d_first1024_no_fault,894:storage_in,894,10,2,0,False,False,True,False,"[9, 11]"
g4d_first1024_no_fault,895:storage_in,895,9,1,1,False,True,True,False,[20]
g4d_first1024_no_fault,896:storage_in,896,8,2,1,False,False,True,False,"[16, 22]"
g4d_first1024_no_fault,897:storage_in,897,9,2,1,False,False,True,False,"[6, 11]"
g4d_first1024_no_fault,898:storage_in,898,9,2,1,False,False,True,False,"[6, 11]"
g4d_first1024_no_fault,899:storage_in,899,12,1,1,False,True,True,False,[22]
g4d_first1024_no_fault,89:storage_in,89,7,1,0,False,True,True,False,[22]
g4d_first1024_no_fault,8:storage_in,8,8,1,0,False,True,True,False,[6]
g4d_first1024_no_fault,900:storage_in,900,9,1,0,False,True,True,False,[11]
g4d_first1024_no_fault,901:storage_in,901,11,1,1,False,True,True,False,[19]
g4d_first1024_no_fault,902:storage_in,902,10,2,0,False,False,True,False,"[9, 11]"
g4d_first1024_no_fault,903:storage_in,903,9,1,0,False,True,True,False,[11]
g4d_first1024_no_fault,904:storage_in,904,8,1,0,False,True,True,False,[6]
g4d_first1024_no_fault,905:storage_in,905,9,1,0,False,True,True,False,[11]
g4d_first1024_no_fault,906:storage_in,906,8,2,1,False,False,True,False,"[16, 22]"
g4d_first1024_no_fault,907:storage_in,907,8,2,1,False,False,True,False,"[16, 22]"
g4d_first1024_no_fault,908:storage_in,908,10,2,0,False,False,True,False,"[9, 11]"
g4d_first1024_no_fault,909:storage_in,909,10,2,0,False,False,True,False,"[9, 11]"
g4d_first1024_no_fault,90:storage_in,90,9,2,2,False,False,True,False,"[6, 11]"
g4d_first1024_no_fault,910:storage_in,910,7,1,0,False,True,True,False,[22]
g4d_first1024_no_fault,911:storage_in,911,9,2,2,False,False,True,False,"[6, 11]"
g4d_first1024_no_fault,912:storage_in,912,12,1,1,False,True,True,False,[22]
g4d_first1024_no_fault,913:storage_in,913,11,1,1,False,True,True,False,[19]
g4d_first1024_no_fault,914:storage_in,914,9,2,1,False,False,True,False,"[6, 11]"
g4d_first1024_no_fault,915:storage_in,915,9,1,0,False,True,True,False,[11]
g4d_first1024_no_fault,916:storage_in,916,9,1,1,False,True,True,False,[20]
g4d_first1024_no_fault,917:storage_in,917,7,2,0,False,False,True,False,"[19, 22]"
g4d_first1024_no_fault,918:storage_in,918,10,2,0,False,False,True,False,"[9, 11]"
g4d_first1024_no_fault,919:storage_in,919,9,2,1,False,False,True,False,"[6, 11]"
g4d_first1024_no_fault,91:storage_in,91,12,1,1,False,True,True,False,[22]
g4d_first1024_no_fault,920:storage_in,920,7,1,0,False,True,True,False,[16]
g4d_first1024_no_fault,921:storage_in,921,7,1,0,False,True,True,False,[16]
g4d_first1024_no_fault,922:storage_in,922,9,2,1,False,False,True,False,"[6, 11]"
g4d_first1024_no_fault,923:storage_in,923,9,1,1,False,True,True,False,[11]
g4d_first1024_no_fault,924:storage_in,924,12,1,1,False,True,True,False,[22]
g4d_first1024_no_fault,925:storage_in,925,12,1,1,False,True,True,False,[22]
g4d_first1024_no_fault,926:storage_in,926,12,2,1,False,False,True,False,"[19, 22]"
g4d_first1024_no_fault,927:storage_in,927,8,2,1,False,False,True,False,"[16, 22]"
g4d_first1024_no_fault,928:storage_in,928,7,2,0,False,False,True,False,"[19, 22]"
g4d_first1024_no_fault,929:storage_in,929,10,2,0,False,False,True,False,"[9, 11]"
g4d_first1024_no_fault,92:storage_in,92,9,1,0,False,True,True,False,[11]
g4d_first1024_no_fault,930:storage_in,930,7,1,0,False,True,True,False,[22]
g4d_first1024_no_fault,931:direct,931,13,4,1,False,False,False,False,"[16, 22, 31, 32]"
g4d_first1024_no_fault,932:storage_in,932,7,1,0,False,True,True,False,[16]
g4d_first1024_no_fault,933:storage_in,933,11,1,1,False,True,True,False,[19]
g4d_first1024_no_fault,934:storage_in,934,9,2,2,False,False,True,False,"[6, 11]"
g4d_first1024_no_fault,935:storage_in,935,8,2,1,False,False,True,False,"[16, 22]"
g4d_first1024_no_fault,936:storage_in,936,9,1,0,False,True,True,False,[11]
g4d_first1024_no_fault,937:storage_in,937,12,1,1,False,True,True,False,[22]
g4d_first1024_no_fault,938:direct,938,12,2,1,False,False,True,False,"[22, 38]"
g4d_first1024_no_fault,939:storage_in,939,10,2,0,False,False,True,False,"[9, 11]"
g4d_first1024_no_fault,93:storage_in,93,10,2,0,False,False,True,False,"[9, 11]"
g4d_first1024_no_fault,940:storage_in,940,12,2,1,False,False,True,False,"[19, 22]"
g4d_first1024_no_fault,941:direct,941,12,4,1,False,False,False,False,"[19, 22, 31, 32]"
g4d_first1024_no_fault,942:storage_in,942,8,1,0,False,True,True,False,[6]
g4d_first1024_no_fault,943:storage_in,943,7,1,0,False,True,True,False,[16]
g4d_first1024_no_fault,944:storage_in,944,8,2,1,False,False,True,False,"[16, 22]"
g4d_first1024_no_fault,945:storage_in,945,12,1,1,False,True,True,False,[22]
g4d_first1024_no_fault,946:storage_in,946,9,1,0,False,True,True,False,[11]
g4d_first1024_no_fault,947:storage_in,947,11,1,1,False,True,True,False,[19]
g4d_first1024_no_fault,948:direct,948,12,3,0,False,False,False,False,"[22, 31, 32]"
g4d_first1024_no_fault,949:storage_in,949,10,2,0,False,False,True,False,"[9, 11]"
g4d_first1024_no_fault,94:storage_in,94,7,2,0,False,False,True,False,"[19, 22]"
g4d_first1024_no_fault,950:storage_in,950,7,2,0,False,False,True,False,"[19, 22]"
g4d_first1024_no_fault,951:storage_in,951,9,1,0,False,True,True,False,[11]
g4d_first1024_no_fault,952:storage_in,952,10,2,0,False,False,True,False,"[9, 11]"
g4d_first1024_no_fault,953:direct,953,12,3,0,False,False,False,False,"[16, 31, 32]"
g4d_first1024_no_fault,954:storage_in,954,9,1,0,False,True,True,False,[11]
g4d_first1024_no_fault,955:storage_in,955,9,2,2,False,False,True,False,"[6, 11]"
g4d_first1024_no_fault,956:storage_in,956,9,1,0,False,True,True,False,[11]
g4d_first1024_no_fault,957:storage_in,957,10,2,0,False,False,True,False,"[9, 11]"
g4d_first1024_no_fault,958:storage_in,958,8,2,1,False,False,True,False,"[16, 22]"
g4d_first1024_no_fault,959:direct,959,12,2,1,False,False,True,False,"[22, 38]"
g4d_first1024_no_fault,95:storage_in,95,8,1,0,False,True,True,False,[6]
g4d_first1024_no_fault,960:direct,960,7,2,0,False,False,True,False,"[22, 27]"
g4d_first1024_no_fault,961:storage_in,961,11,1,1,False,True,True,False,[19]
g4d_first1024_no_fault,962:storage_in,962,9,1,1,False,True,True,False,[20]
g4d_first1024_no_fault,963:direct,963,14,2,1,False,False,True,False,"[19, 41]"
g4d_first1024_no_fault,964:storage_in,964,8,2,1,False,False,True,False,"[16, 22]"
g4d_first1024_no_fault,965:storage_in,965,7,1,0,False,True,True,False,[22]
g4d_first1024_no_fault,966:storage_in,966,8,2,1,False,False,True,False,"[16, 22]"
g4d_first1024_no_fault,967:storage_in,967,9,2,2,False,False,True,False,"[6, 11]"
g4d_first1024_no_fault,968:storage_in,968,7,1,0,False,True,True,False,[22]
g4d_first1024_no_fault,969:storage_in,969,7,1,0,False,True,True,False,[22]
g4d_first1024_no_fault,96:storage_in,96,7,1,0,False,True,True,False,[16]
g4d_first1024_no_fault,970:storage_in,970,9,1,0,False,True,True,False,[11]
g4d_first1024_no_fault,971:storage_in,971,11,1,1,False,True,True,False,[19]
g4d_first1024_no_fault,972:storage_in,972,11,1,1,False,True,True,False,[19]
g4d_first1024_no_fault,973:storage_in,973,10,2,0,False,False,True,False,"[9, 11]"
g4d_first1024_no_fault,974:storage_in,974,8,2,1,False,False,True,False,"[16, 22]"
g4d_first1024_no_fault,975:storage_in,975,8,2,1,False,False,True,False,"[16, 22]"
g4d_first1024_no_fault,976:storage_in,976,10,2,0,False,False,True,False,"[9, 11]"
g4d_first1024_no_fault,977:storage_in,977,12,1,1,False,True,True,False,[22]
g4d_first1024_no_fault,978:storage_in,978,9,2,1,False,False,True,False,"[6, 11]"
g4d_first1024_no_fault,979:storage_in,979,11,1,1,False,True,True,False,[19]
g4d_first1024_no_fault,97:storage_in,97,9,1,0,False,True,True,False,[11]
g4d_first1024_no_fault,980:storage_in,980,9,1,0,False,True,True,False,[11]
g4d_first1024_no_fault,981:direct,981,7,2,0,False,False,True,False,"[16, 27]"
g4d_first1024_no_fault,982:direct,982,12,3,2,False,False,False,False,"[19, 22, 38]"
g4d_first1024_no_fault,983:storage_in,983,9,1,1,False,True,True,False,[9]
g4d_first1024_no_fault,984:storage_in,984,12,1,1,False,True,True,False,[22]
g4d_first1024_no_fault,985:direct,985,12,3,0,False,False,False,False,"[16, 31, 32]"
g4d_first1024_no_fault,986:storage_in,986,12,1,1,False,True,True,False,[22]
g4d_first1024_no_fault,987:storage_in,987,12,2,1,False,False,True,False,"[19, 22]"
g4d_first1024_no_fault,988:storage_in,988,9,2,2,False,False,True,False,"[6, 11]"
g4d_first1024_no_fault,989:storage_in,989,9,1,0,False,True,True,False,[11]
g4d_first1024_no_fault,98:storage_in,98,12,1,1,False,True,True,False,[22]
g4d_first1024_no_fault,990:direct,990,12,3,0,False,False,False,False,"[22, 31, 32]"
g4d_first1024_no_fault,991:direct,991,12,4,1,False,False,False,False,"[19, 22, 31, 32]"
g4d_first1024_no_fault,992:storage_in,992,10,2,0,False,False,True,False,"[9, 11]"
g4d_first1024_no_fault,993:storage_in,993,8,1,0,False,True,True,False,[6]
g4d_first1024_no_fault,994:storage_in,994,8,2,1,False,False,True,False,"[16, 22]"
g4d_first1024_no_fault,995:direct,995,13,4,1,False,False,False,False,"[16, 22, 31, 32]"
g4d_first1024_no_fault,996:storage_in,996,9,1,0,False,True,True,False,[11]
g4d_first1024_no_fault,997:direct,997,12,2,1,False,False,True,False,"[22, 38]"
g4d_first1024_no_fault,998:storage_in,998,10,2,0,False,False,True,False,"[9, 11]"
g4d_first1024_no_fault,999:direct,999,7,2,0,False,False,True,False,"[22, 27]"
g4d_first1024_no_fault,99:storage_in,99,10,2,0,False,False,True,False,"[9, 11]"
g4d_first1024_no_fault,9:storage_in,9,7,1,0,False,True,True,False,[22]
g4d_first144_no_fault,0:storage_in,0,8,2,1,False,False,True,False,"[16, 22]"
g4d_first144_no_fault,100:storage_in,100,12,2,1,False,False,True,False,"[19, 22]"
g4d_first144_no_fault,101:storage_in,101,9,2,2,False,False,True,False,"[6, 11]"
g4d_first144_no_fault,102:storage_in,102,7,1,0,False,True,True,False,[16]
g4d_first144_no_fault,103:storage_in,103,9,1,0,False,True,True,False,[11]
g4d_first144_no_fault,104:storage_in,104,9,1,0,False,True,True,False,[11]
g4d_first144_no_fault,105:storage_in,105,10,2,0,False,False,True,False,"[9, 11]"
g4d_first144_no_fault,106:storage_in,106,7,1,0,False,True,True,False,[20]
g4d_first144_no_fault,107:storage_in,107,7,1,0,False,True,True,False,[20]
g4d_first144_no_fault,108:storage_in,108,7,1,0,False,True,True,False,[20]
g4d_first144_no_fault,109:storage_in,109,7,1,0,False,True,True,False,[20]
g4d_first144_no_fault,10:storage_in,10,7,2,0,False,False,True,False,"[19, 22]"
g4d_first144_no_fault,110:storage_in,110,7,1,0,False,True,True,False,[20]
g4d_first144_no_fault,111:storage_in,111,7,1,0,False,True,True,False,[20]
g4d_first144_no_fault,112:storage_in,112,7,1,0,False,True,True,False,[20]
g4d_first144_no_fault,113:storage_in,113,7,1,0,False,True,True,False,[20]
g4d_first144_no_fault,114:storage_in,114,7,1,0,False,True,True,False,[20]
g4d_first144_no_fault,115:storage_in,115,7,1,0,False,True,True,False,[20]
g4d_first144_no_fault,116:storage_in,116,7,1,0,False,True,True,False,[20]
g4d_first144_no_fault,117:storage_in,117,7,1,0,False,True,True,False,[20]
g4d_first144_no_fault,118:storage_in,118,7,2,0,False,False,True,False,"[19, 22]"
g4d_first144_no_fault,119:storage_in,119,8,2,1,False,False,True,False,"[16, 22]"
g4d_first144_no_fault,11:storage_in,11,9,1,0,False,True,True,False,[11]
g4d_first144_no_fault,120:storage_in,120,7,1,0,False,True,True,False,[22]
g4d_first144_no_fault,121:storage_in,121,11,1,1,False,True,True,False,[19]
g4d_first144_no_fault,122:storage_in,122,8,2,1,False,False,True,False,"[16, 22]"
g4d_first144_no_fault,123:storage_in,123,9,2,2,False,False,True,False,"[6, 11]"
g4d_first144_no_fault,124:storage_in,124,7,1,0,False,True,True,False,[22]
g4d_first144_no_fault,125:storage_in,125,7,1,0,False,True,True,False,[22]
g4d_first144_no_fault,126:storage_in,126,11,1,1,False,True,True,False,[19]
g4d_first144_no_fault,127:storage_in,127,9,1,0,False,True,True,False,[11]
g4d_first144_no_fault,128:storage_in,128,11,1,1,False,True,True,False,[19]
g4d_first144_no_fault,129:storage_in,129,8,2,1,False,False,True,False,"[16, 22]"
g4d_first144_no_fault,12:storage_in,12,8,1,0,False,True,True,False,[6]
g4d_first144_no_fault,130:storage_in,130,8,2,1,False,False,True,False,"[16, 22]"
g4d_first144_no_fault,131:storage_in,131,7,1,0,False,True,True,False,[22]
g4d_first144_no_fault,132:storage_in,132,7,1,0,False,True,True,False,[22]
g4d_first144_no_fault,133:storage_in,133,10,2,0,False,False,True,False,"[9, 11]"
g4d_first144_no_fault,134:storage_in,134,11,1,1,False,True,True,False,[19]
g4d_first144_no_fault,135:storage_in,135,8,1,0,False,True,True,False,[6]
g4d_first144_no_fault,136:storage_in,136,7,1,0,False,True,True,False,[16]
g4d_first144_no_fault,137:storage_in,137,9,1,0,False,True,True,False,[11]
g4d_first144_no_fault,138:storage_in,138,12,1,1,False,True,True,False,[22]
g4d_first144_no_fault,139:storage_in,139,10,2,0,False,False,True,False,"[9, 11]"
g4d_first144_no_fault,13:storage_in,13,7,1,0,False,True,True,False,[22]
g4d_first144_no_fault,140:storage_in,140,9,2,2,False,False,True,False,"[6, 11]"
g4d_first144_no_fault,141:storage_in,141,11,1,1,False,True,True,False,[19]
g4d_first144_no_fault,142:storage_in,142,8,2,1,False,False,True,False,"[16, 22]"
g4d_first144_no_fault,143:storage_in,143,9,1,0,False,True,True,False,[11]
g4d_first144_no_fault,14:storage_in,14,7,2,0,False,False,True,False,"[19, 22]"
g4d_first144_no_fault,15:storage_in,15,8,2,1,False,False,True,False,"[16, 22]"
g4d_first144_no_fault,16:storage_in,16,8,2,1,False,False,True,False,"[16, 22]"
g4d_first144_no_fault,17:storage_in,17,10,2,0,False,False,True,False,"[9, 11]"
g4d_first144_no_fault,18:storage_in,18,8,1,0,False,True,True,False,[6]
g4d_first144_no_fault,19:storage_in,19,9,1,0,False,True,True,False,[11]
g4d_first144_no_fault,1:storage_in,1,7,1,0,False,True,True,False,[22]
g4d_first144_no_fault,20:storage_in,20,7,1,0,False,True,True,False,[16]
g4d_first144_no_fault,21:storage_in,21,10,2,1,False,False,True,False,"[9, 11]"
g4d_first144_no_fault,22:storage_in,22,7,1,0,False,True,True,False,[22]
g4d_first144_no_fault,23:storage_in,23,7,2,0,False,False,True,False,"[19, 22]"
g4d_first144_no_fault,24:storage_in,24,8,2,1,False,False,True,False,"[16, 22]"
g4d_first144_no_fault,25:storage_in,25,7,1,0,False,True,True,False,[22]
g4d_first144_no_fault,26:storage_in,26,7,1,0,False,True,True,False,[22]
g4d_first144_no_fault,27:storage_in,27,11,1,1,False,True,True,False,[19]
g4d_first144_no_fault,28:storage_in,28,8,2,1,False,False,True,False,"[16, 22]"
g4d_first144_no_fault,29:storage_in,29,8,1,0,False,True,True,False,[6]
g4d_first144_no_fault,2:storage_in,2,7,2,0,False,False,True,False,"[19, 22]"
g4d_first144_no_fault,30:storage_in,30,7,2,0,False,False,True,False,"[19, 22]"
g4d_first144_no_fault,31:storage_in,31,9,1,0,False,True,True,False,[11]
g4d_first144_no_fault,32:storage_in,32,10,2,0,False,False,True,False,"[9, 11]"
g4d_first144_no_fault,33:storage_in,33,8,1,0,False,True,True,False,[6]
g4d_first144_no_fault,34:storage_in,34,7,1,0,False,True,True,False,[16]
g4d_first144_no_fault,35:storage_in,35,12,1,1,False,True,True,False,[22]
g4d_first144_no_fault,36:storage_in,36,9,1,1,False,True,True,False,[11]
g4d_first144_no_fault,37:storage_in,37,7,2,0,False,False,True,False,"[19, 22]"
g4d_first144_no_fault,38:storage_in,38,10,2,0,False,False,True,False,"[9, 11]"
g4d_first144_no_fault,39:storage_in,39,8,2,1,False,False,True,False,"[16, 22]"
g4d_first144_no_fault,3:storage_in,3,8,2,1,False,False,True,False,"[16, 22]"
g4d_first144_no_fault,40:storage_in,40,8,1,0,False,True,True,False,[6]
g4d_first144_no_fault,41:storage_in,41,9,1,0,False,True,True,False,[11]
g4d_first144_no_fault,42:storage_in,42,7,1,0,False,True,True,False,[22]
g4d_first144_no_fault,43:storage_in,43,7,2,0,False,False,True,False,"[19, 22]"
g4d_first144_no_fault,44:storage_in,44,8,2,1,False,False,True,False,"[16, 22]"
g4d_first144_no_fault,45:storage_in,45,9,1,0,False,True,True,False,[11]
g4d_first144_no_fault,46:storage_in,46,7,1,0,False,True,True,False,[22]
g4d_first144_no_fault,47:storage_in,47,10,2,0,False,False,True,False,"[9, 11]"
g4d_first144_no_fault,48:storage_in,48,7,1,0,False,True,True,False,[22]
g4d_first144_no_fault,49:storage_in,49,8,1,0,False,True,True,False,[6]
g4d_first144_no_fault,4:storage_in,4,8,2,1,False,False,True,False,"[16, 22]"
g4d_first144_no_fault,50:storage_in,50,9,1,0,False,True,True,False,[11]
g4d_first144_no_fault,51:storage_in,51,11,1,1,False,True,True,False,[19]
g4d_first144_no_fault,52:storage_in,52,10,2,0,False,False,True,False,"[9, 11]"
g4d_first144_no_fault,53:storage_in,53,8,2,1,False,False,True,False,"[16, 22]"
g4d_first144_no_fault,54:storage_in,54,8,1,0,False,True,True,False,[6]
g4d_first144_no_fault,55:storage_in,55,8,1,0,False,True,True,False,[6]
g4d_first144_no_fault,56:storage_in,56,7,1,0,False,True,True,False,[22]
g4d_first144_no_fault,57:storage_in,57,7,2,0,False,False,True,False,"[19, 22]"
g4d_first144_no_fault,58:storage_in,58,8,2,1,False,False,True,False,"[16, 22]"
g4d_first144_no_fault,59:storage_in,59,9,1,0,False,True,True,False,[11]
g4d_first144_no_fault,5:storage_in,5,7,1,0,False,True,True,False,[22]
g4d_first144_no_fault,60:storage_in,60,7,1,0,False,True,True,False,[22]
g4d_first144_no_fault,61:storage_in,61,11,1,1,False,True,True,False,[19]
g4d_first144_no_fault,62:storage_in,62,7,2,0,False,False,True,False,"[19, 22]"
g4d_first144_no_fault,63:storage_in,63,10,2,0,False,False,True,False,"[9, 11]"
g4d_first144_no_fault,64:storage_in,64,7,1,0,False,True,True,False,[16]
g4d_first144_no_fault,65:storage_in,65,8,1,0,False,True,True,False,[6]
g4d_first144_no_fault,66:storage_in,66,12,1,1,False,True,True,False,[22]
g4d_first144_no_fault,67:storage_in,67,9,1,1,False,True,True,False,[11]
g4d_first144_no_fault,68:storage_in,68,7,2,0,False,False,True,False,"[19, 22]"
g4d_first144_no_fault,69:storage_in,69,8,2,1,False,False,True,False,"[16, 22]"
g4d_first144_no_fault,6:storage_in,6,7,2,0,False,False,True,False,"[19, 22]"
g4d_first144_no_fault,70:storage_in,70,10,2,0,False,False,True,False,"[9, 11]"
g4d_first144_no_fault,71:storage_in,71,7,1,0,False,True,True,False,[22]
g4d_first144_no_fault,72:storage_in,72,8,1,0,False,True,True,False,[6]
g4d_first144_no_fault,73:storage_in,73,11,1,1,False,True,True,False,[19]
g4d_first144_no_fault,74:storage_in,74,9,1,0,False,True,True,False,[11]
g4d_first144_no_fault,75:storage_in,75,7,1,0,False,True,True,False,[16]
g4d_first144_no_fault,76:storage_in,76,10,2,1,False,False,True,False,"[9, 11]"
g4d_first144_no_fault,77:storage_in,77,8,2,1,False,False,True,False,"[16, 22]"
g4d_first144_no_fault,78:storage_in,78,10,2,0,False,False,True,False,"[9, 11]"
g4d_first144_no_fault,79:storage_in,79,7,1,0,False,True,True,False,[22]
g4d_first144_no_fault,7:storage_in,7,8,2,1,False,False,True,False,"[16, 22]"
g4d_first144_no_fault,80:storage_in,80,8,1,0,False,True,True,False,[6]
g4d_first144_no_fault,81:storage_in,81,11,1,1,False,True,True,False,[19]
g4d_first144_no_fault,82:storage_in,82,7,1,0,False,True,True,False,[22]
g4d_first144_no_fault,83:storage_in,83,8,2,1,False,False,True,False,"[16, 22]"
g4d_first144_no_fault,84:storage_in,84,7,1,0,False,True,True,False,[22]
g4d_first144_no_fault,85:storage_in,85,9,1,0,False,True,True,False,[11]
g4d_first144_no_fault,86:storage_in,86,11,1,1,False,True,True,False,[19]
g4d_first144_no_fault,87:storage_in,87,8,2,1,False,False,True,False,"[16, 22]"
g4d_first144_no_fault,88:storage_in,88,10,2,0,False,False,True,False,"[9, 11]"
g4d_first144_no_fault,89:storage_in,89,7,1,0,False,True,True,False,[22]
g4d_first144_no_fault,8:storage_in,8,8,1,0,False,True,True,False,[6]
g4d_first144_no_fault,90:storage_in,90,9,2,2,False,False,True,False,"[6, 11]"
g4d_first144_no_fault,91:storage_in,91,12,1,1,False,True,True,False,[22]
g4d_first144_no_fault,92:storage_in,92,9,1,0,False,True,True,False,[11]
g4d_first144_no_fault,93:storage_in,93,10,2,0,False,False,True,False,"[9, 11]"
g4d_first144_no_fault,94:storage_in,94,7,2,0,False,False,True,False,"[19, 22]"
g4d_first144_no_fault,95:storage_in,95,8,1,0,False,True,True,False,[6]
g4d_first144_no_fault,96:storage_in,96,7,1,0,False,True,True,False,[16]
g4d_first144_no_fault,97:storage_in,97,9,1,0,False,True,True,False,[11]
g4d_first144_no_fault,98:storage_in,98,12,1,1,False,True,True,False,[22]
g4d_first144_no_fault,99:storage_in,99,10,2,0,False,False,True,False,"[9, 11]"
g4d_first144_no_fault,9:storage_in,9,7,1,0,False,True,True,False,[22]
g4d_first256_no_fault,0:storage_in,0,8,2,1,False,False,True,False,"[16, 22]"
g4d_first256_no_fault,100:storage_in,100,12,2,1,False,False,True,False,"[19, 22]"
g4d_first256_no_fault,101:storage_in,101,9,2,2,False,False,True,False,"[6, 11]"
g4d_first256_no_fault,102:storage_in,102,7,1,0,False,True,True,False,[16]
g4d_first256_no_fault,103:storage_in,103,9,1,0,False,True,True,False,[11]
g4d_first256_no_fault,104:storage_in,104,9,1,0,False,True,True,False,[11]
g4d_first256_no_fault,105:storage_in,105,10,2,0,False,False,True,False,"[9, 11]"
g4d_first256_no_fault,106:storage_in,106,7,1,0,False,True,True,False,[20]
g4d_first256_no_fault,107:storage_in,107,7,1,0,False,True,True,False,[20]
g4d_first256_no_fault,108:storage_in,108,7,1,0,False,True,True,False,[20]
g4d_first256_no_fault,109:storage_in,109,7,1,0,False,True,True,False,[20]
g4d_first256_no_fault,10:storage_in,10,7,2,0,False,False,True,False,"[19, 22]"
g4d_first256_no_fault,110:storage_in,110,7,1,0,False,True,True,False,[20]
g4d_first256_no_fault,111:storage_in,111,7,1,0,False,True,True,False,[20]
g4d_first256_no_fault,112:storage_in,112,7,1,0,False,True,True,False,[20]
g4d_first256_no_fault,113:storage_in,113,7,1,0,False,True,True,False,[20]
g4d_first256_no_fault,114:storage_in,114,7,1,0,False,True,True,False,[20]
g4d_first256_no_fault,115:storage_in,115,7,1,0,False,True,True,False,[20]
g4d_first256_no_fault,116:storage_in,116,7,1,0,False,True,True,False,[20]
g4d_first256_no_fault,117:storage_in,117,7,1,0,False,True,True,False,[20]
g4d_first256_no_fault,118:storage_in,118,7,2,0,False,False,True,False,"[19, 22]"
g4d_first256_no_fault,119:storage_in,119,8,2,1,False,False,True,False,"[16, 22]"
g4d_first256_no_fault,11:storage_in,11,9,1,0,False,True,True,False,[11]
g4d_first256_no_fault,120:storage_in,120,7,1,0,False,True,True,False,[22]
g4d_first256_no_fault,121:storage_in,121,11,1,1,False,True,True,False,[19]
g4d_first256_no_fault,122:storage_in,122,8,2,1,False,False,True,False,"[16, 22]"
g4d_first256_no_fault,123:storage_in,123,9,2,2,False,False,True,False,"[6, 11]"
g4d_first256_no_fault,124:storage_in,124,7,1,0,False,True,True,False,[22]
g4d_first256_no_fault,125:storage_in,125,7,1,0,False,True,True,False,[22]
g4d_first256_no_fault,126:storage_in,126,11,1,1,False,True,True,False,[19]
g4d_first256_no_fault,127:storage_in,127,9,1,0,False,True,True,False,[11]
g4d_first256_no_fault,128:storage_in,128,11,1,1,False,True,True,False,[19]
g4d_first256_no_fault,129:storage_in,129,8,2,1,False,False,True,False,"[16, 22]"
g4d_first256_no_fault,12:storage_in,12,8,1,0,False,True,True,False,[6]
g4d_first256_no_fault,130:storage_in,130,8,2,1,False,False,True,False,"[16, 22]"
g4d_first256_no_fault,131:storage_in,131,7,1,0,False,True,True,False,[22]
g4d_first256_no_fault,132:storage_in,132,7,1,0,False,True,True,False,[22]
g4d_first256_no_fault,133:storage_in,133,10,2,0,False,False,True,False,"[9, 11]"
g4d_first256_no_fault,134:storage_in,134,11,1,1,False,True,True,False,[19]
g4d_first256_no_fault,135:storage_in,135,8,1,0,False,True,True,False,[6]
g4d_first256_no_fault,136:storage_in,136,7,1,0,False,True,True,False,[16]
g4d_first256_no_fault,137:storage_in,137,9,1,0,False,True,True,False,[11]
g4d_first256_no_fault,138:storage_in,138,12,1,1,False,True,True,False,[22]
g4d_first256_no_fault,139:storage_in,139,10,2,0,False,False,True,False,"[9, 11]"
g4d_first256_no_fault,13:storage_in,13,7,1,0,False,True,True,False,[22]
g4d_first256_no_fault,140:storage_in,140,9,2,2,False,False,True,False,"[6, 11]"
g4d_first256_no_fault,141:storage_in,141,11,1,1,False,True,True,False,[19]
g4d_first256_no_fault,142:storage_in,142,8,2,1,False,False,True,False,"[16, 22]"
g4d_first256_no_fault,143:storage_in,143,9,1,0,False,True,True,False,[11]
g4d_first256_no_fault,144:storage_in,144,10,2,0,False,False,True,False,"[9, 11]"
g4d_first256_no_fault,145:storage_in,145,10,2,0,False,False,True,False,"[9, 11]"
g4d_first256_no_fault,146:storage_in,146,8,1,0,False,True,True,False,[6]
g4d_first256_no_fault,147:storage_in,147,7,1,0,False,True,True,False,[22]
g4d_first256_no_fault,148:storage_in,148,8,1,0,False,True,True,False,[6]
g4d_first256_no_fault,149:storage_in,149,7,1,0,False,True,True,False,[20]
g4d_first256_no_fault,14:storage_in,14,7,2,0,False,False,True,False,"[19, 22]"
g4d_first256_no_fault,150:storage_in,150,7,1,0,False,True,True,False,[20]
g4d_first256_no_fault,151:storage_in,151,7,1,0,False,True,True,False,[20]
g4d_first256_no_fault,152:storage_in,152,7,1,0,False,True,True,False,[20]
g4d_first256_no_fault,153:storage_in,153,7,2,0,False,False,True,False,"[19, 22]"
g4d_first256_no_fault,154:storage_in,154,8,2,1,False,False,True,False,"[16, 22]"
g4d_first256_no_fault,155:storage_in,155,7,1,0,False,True,True,False,[22]
g4d_first256_no_fault,156:storage_in,156,7,2,0,False,False,True,False,"[19, 22]"
g4d_first256_no_fault,157:storage_in,157,8,1,0,False,True,True,False,[6]
g4d_first256_no_fault,158:storage_in,158,8,2,1,False,False,True,False,"[16, 22]"
g4d_first256_no_fault,159:storage_in,159,9,1,0,False,True,True,False,[11]
g4d_first256_no_fault,15:storage_in,15,8,2,1,False,False,True,False,"[16, 22]"
g4d_first256_no_fault,160:storage_in,160,9,1,0,False,True,True,False,[11]
g4d_first256_no_fault,161:storage_in,161,10,2,0,False,False,True,False,"[9, 11]"
g4d_first256_no_fault,162:storage_in,162,12,1,1,False,True,True,False,[22]
g4d_first256_no_fault,163:storage_in,163,9,2,1,False,False,True,False,"[6, 11]"
g4d_first256_no_fault,164:storage_in,164,12,2,1,False,False,True,False,"[19, 22]"
g4d_first256_no_fault,165:storage_in,165,7,2,0,False,False,True,False,"[19, 22]"
g4d_first256_no_fault,166:storage_in,166,7,1,0,False,True,True,False,[16]
g4d_first256_no_fault,167:storage_in,167,9,1,0,False,True,True,False,[11]
g4d_first256_no_fault,168:storage_in,168,7,1,0,False,True,True,False,[16]
g4d_first256_no_fault,169:storage_in,169,12,1,1,False,True,True,False,[22]
g4d_first256_no_fault,16:storage_in,16,8,2,1,False,False,True,False,"[16, 22]"
g4d_first256_no_fault,170:storage_in,170,10,2,0,False,False,True,False,"[9, 11]"
g4d_first256_no_fault,171:storage_in,171,12,1,1,False,True,True,False,[22]
g4d_first256_no_fault,172:storage_in,172,12,2,1,False,False,True,False,"[19, 22]"
g4d_first256_no_fault,173:storage_in,173,12,2,1,False,False,True,False,"[19, 22]"
g4d_first256_no_fault,174:storage_in,174,8,2,1,False,False,True,False,"[16, 22]"
g4d_first256_no_fault,175:storage_in,175,8,1,0,False,True,True,False,[6]
g4d_first256_no_fault,176:storage_in,176,7,1,0,False,True,True,False,[22]
g4d_first256_no_fault,177:storage_in,177,9,1,0,False,True,True,False,[11]
g4d_first256_no_fault,178:storage_in,178,7,2,0,False,False,True,False,"[19, 22]"
g4d_first256_no_fault,179:storage_in,179,10,2,0,False,False,True,False,"[9, 11]"
g4d_first256_no_fault,17:storage_in,17,10,2,0,False,False,True,False,"[9, 11]"
g4d_first256_no_fault,180:storage_in,180,8,2,1,False,False,True,False,"[16, 22]"
g4d_first256_no_fault,181:storage_in,181,8,1,0,False,True,True,False,[6]
g4d_first256_no_fault,182:storage_in,182,9,1,0,False,True,True,False,[11]
g4d_first256_no_fault,183:storage_in,183,10,2,0,False,False,True,False,"[9, 11]"
g4d_first256_no_fault,184:storage_in,184,8,2,1,False,False,True,False,"[16, 22]"
g4d_first256_no_fault,185:storage_in,185,7,1,0,False,True,True,False,[22]
g4d_first256_no_fault,186:storage_in,186,9,2,2,False,False,True,False,"[6, 11]"
g4d_first256_no_fault,187:storage_in,187,9,1,0,False,True,True,False,[11]
g4d_first256_no_fault,188:storage_in,188,10,2,0,False,False,True,False,"[9, 11]"
g4d_first256_no_fault,189:storage_in,189,8,1,0,False,True,True,False,[6]
g4d_first256_no_fault,18:storage_in,18,8,1,0,False,True,True,False,[6]
g4d_first256_no_fault,190:storage_in,190,9,1,0,False,True,True,False,[11]
g4d_first256_no_fault,191:storage_in,191,10,2,0,False,False,True,False,"[9, 11]"
g4d_first256_no_fault,192:storage_in,192,7,1,0,False,True,True,False,[22]
g4d_first256_no_fault,193:storage_in,193,7,1,0,False,True,True,False,[20]
g4d_first256_no_fault,194:storage_in,194,7,1,0,False,True,True,False,[20]
g4d_first256_no_fault,195:storage_in,195,7,1,0,False,True,True,False,[20]
g4d_first256_no_fault,196:storage_in,196,7,1,0,False,True,True,False,[20]
g4d_first256_no_fault,197:storage_in,197,7,1,0,False,True,True,False,[20]
g4d_first256_no_fault,198:storage_in,198,7,1,0,False,True,True,False,[20]
g4d_first256_no_fault,199:storage_in,199,7,1,0,False,True,True,False,[20]
g4d_first256_no_fault,19:storage_in,19,9,1,0,False,True,True,False,[11]
g4d_first256_no_fault,1:storage_in,1,7,1,0,False,True,True,False,[22]
g4d_first256_no_fault,200:storage_in,200,7,1,0,False,True,True,False,[20]
g4d_first256_no_fault,201:storage_in,201,7,1,0,False,True,True,False,[20]
g4d_first256_no_fault,202:storage_in,202,7,1,0,False,True,True,False,[20]
g4d_first256_no_fault,203:storage_in,203,7,2,0,False,False,True,False,"[19, 22]"
g4d_first256_no_fault,204:storage_in,204,8,2,1,False,False,True,False,"[16, 22]"
g4d_first256_no_fault,205:storage_in,205,7,1,0,False,True,True,False,[22]
g4d_first256_no_fault,206:storage_in,206,7,2,0,False,False,True,False,"[19, 22]"
g4d_first256_no_fault,207:storage_in,207,10,2,0,False,False,True,False,"[9, 11]"
g4d_first256_no_fault,208:storage_in,208,8,2,1,False,False,True,False,"[16, 22]"
g4d_first256_no_fault,209:storage_in,209,8,1,0,False,True,True,False,[6]
g4d_first256_no_fault,20:storage_in,20,7,1,0,False,True,True,False,[16]
g4d_first256_no_fault,210:storage_in,210,11,1,1,False,True,True,False,[19]
g4d_first256_no_fault,211:storage_in,211,7,1,0,False,True,True,False,[22]
g4d_first256_no_fault,212:storage_in,212,9,1,0,False,True,True,False,[11]
g4d_first256_no_fault,213:storage_in,213,7,1,0,False,True,True,False,[16]
g4d_first256_no_fault,214:storage_in,214,11,1,1,False,True,True,False,[19]
g4d_first256_no_fault,215:storage_in,215,12,1,1,False,True,True,False,[22]
g4d_first256_no_fault,216:storage_in,216,10,2,0,False,False,True,False,"[9, 11]"
g4d_first256_no_fault,217:storage_in,217,7,2,0,False,False,True,False,"[19, 22]"
g4d_first256_no_fault,218:storage_in,218,8,2,1,False,False,True,False,"[16, 22]"
g4d_first256_no_fault,219:storage_in,219,9,2,2,False,False,True,False,"[6, 11]"
g4d_first256_no_fault,21:storage_in,21,10,2,1,False,False,True,False,"[9, 11]"
g4d_first256_no_fault,220:storage_in,220,7,1,0,False,True,True,False,[16]
g4d_first256_no_fault,221:storage_in,221,9,1,0,False,True,True,False,[11]
g4d_first256_no_fault,222:storage_in,222,12,1,1,False,True,True,False,[22]
g4d_first256_no_fault,223:storage_in,223,10,2,0,False,False,True,False,"[9, 11]"
g4d_first256_no_fault,224:storage_in,224,7,2,0,False,False,True,False,"[19, 22]"
g4d_first256_no_fault,225:storage_in,225,12,2,1,False,False,True,False,"[19, 22]"
g4d_first256_no_fault,226:storage_in,226,7,1,0,False,True,True,False,[16]
g4d_first256_no_fault,227:storage_in,227,12,1,1,False,True,True,False,[22]
g4d_first256_no_fault,228:storage_in,228,7,2,0,False,False,True,False,"[19, 22]"
g4d_first256_no_fault,229:storage_in,229,8,1,0,False,True,True,False,[6]
g4d_first256_no_fault,22:storage_in,22,7,1,0,False,True,True,False,[22]
g4d_first256_no_fault,230:storage_in,230,8,2,1,False,False,True,False,"[16, 22]"
g4d_first256_no_fault,231:storage_in,231,9,1,0,False,True,True,False,[11]
g4d_first256_no_fault,232:storage_in,232,12,1,1,False,True,True,False,[22]
g4d_first256_no_fault,233:storage_in,233,10,2,0,False,False,True,False,"[9, 11]"
g4d_first256_no_fault,234:storage_in,234,8,1,0,False,True,True,False,[6]
g4d_first256_no_fault,235:storage_in,235,9,1,0,False,True,True,False,[11]
g4d_first256_no_fault,236:storage_in,236,7,1,0,False,True,True,False,[22]
g4d_first256_no_fault,237:storage_in,237,7,2,0,False,False,True,False,"[19, 22]"
g4d_first256_no_fault,238:storage_in,238,7,2,0,False,False,True,False,"[19, 22]"
g4d_first256_no_fault,239:storage_in,239,8,2,1,False,False,True,False,"[16, 22]"
g4d_first256_no_fault,23:storage_in,23,7,2,0,False,False,True,False,"[19, 22]"
g4d_first256_no_fault,240:storage_in,240,8,1,0,False,True,True,False,[6]
g4d_first256_no_fault,241:storage_in,241,8,2,1,False,False,True,False,"[16, 22]"
g4d_first256_no_fault,242:storage_in,242,10,2,0,False,False,True,False,"[9, 11]"
g4d_first256_no_fault,243:storage_in,243,12,1,1,False,True,True,False,[22]
g4d_first256_no_fault,244:storage_in,244,7,1,0,False,True,True,False,[20]
g4d_first256_no_fault,245:storage_in,245,7,1,0,False,True,True,False,[20]
g4d_first256_no_fault,246:storage_in,246,7,1,0,False,True,True,False,[20]
g4d_first256_no_fault,247:storage_in,247,7,1,0,False,True,True,False,[20]
g4d_first256_no_fault,248:storage_in,248,7,1,0,False,True,True,False,[20]
g4d_first256_no_fault,249:storage_in,249,7,1,0,False,True,True,False,[20]
g4d_first256_no_fault,24:storage_in,24,8,2,1,False,False,True,False,"[16, 22]"
g4d_first256_no_fault,250:storage_in,250,7,1,0,False,True,True,False,[20]
g4d_first256_no_fault,251:storage_in,251,7,1,0,False,True,True,False,[20]
g4d_first256_no_fault,252:storage_in,252,7,1,0,False,True,True,False,[20]
g4d_first256_no_fault,253:storage_in,253,7,1,0,False,True,True,False,[20]
g4d_first256_no_fault,254:storage_in,254,7,1,0,False,True,True,False,[20]
g4d_first256_no_fault,255:storage_in,255,7,1,0,False,True,True,False,[20]
g4d_first256_no_fault,25:storage_in,25,7,1,0,False,True,True,False,[22]
g4d_first256_no_fault,26:storage_in,26,7,1,0,False,True,True,False,[22]
g4d_first256_no_fault,27:storage_in,27,11,1,1,False,True,True,False,[19]
g4d_first256_no_fault,28:storage_in,28,8,2,1,False,False,True,False,"[16, 22]"
g4d_first256_no_fault,29:storage_in,29,8,1,0,False,True,True,False,[6]
g4d_first256_no_fault,2:storage_in,2,7,2,0,False,False,True,False,"[19, 22]"
g4d_first256_no_fault,30:storage_in,30,7,2,0,False,False,True,False,"[19, 22]"
g4d_first256_no_fault,31:storage_in,31,9,1,0,False,True,True,False,[11]
g4d_first256_no_fault,32:storage_in,32,10,2,0,False,False,True,False,"[9, 11]"
g4d_first256_no_fault,33:storage_in,33,8,1,0,False,True,True,False,[6]
g4d_first256_no_fault,34:storage_in,34,7,1,0,False,True,True,False,[16]
g4d_first256_no_fault,35:storage_in,35,12,1,1,False,True,True,False,[22]
g4d_first256_no_fault,36:storage_in,36,9,1,1,False,True,True,False,[11]
g4d_first256_no_fault,37:storage_in,37,7,2,0,False,False,True,False,"[19, 22]"
g4d_first256_no_fault,38:storage_in,38,10,2,0,False,False,True,False,"[9, 11]"
g4d_first256_no_fault,39:storage_in,39,8,2,1,False,False,True,False,"[16, 22]"
g4d_first256_no_fault,3:storage_in,3,8,2,1,False,False,True,False,"[16, 22]"
g4d_first256_no_fault,40:storage_in,40,8,1,0,False,True,True,False,[6]
g4d_first256_no_fault,41:storage_in,41,9,1,0,False,True,True,False,[11]
g4d_first256_no_fault,42:storage_in,42,7,1,0,False,True,True,False,[22]
g4d_first256_no_fault,43:storage_in,43,7,2,0,False,False,True,False,"[19, 22]"
g4d_first256_no_fault,44:storage_in,44,8,2,1,False,False,True,False,"[16, 22]"
g4d_first256_no_fault,45:storage_in,45,9,1,0,False,True,True,False,[11]
g4d_first256_no_fault,46:storage_in,46,7,1,0,False,True,True,False,[22]
g4d_first256_no_fault,47:storage_in,47,10,2,0,False,False,True,False,"[9, 11]"
g4d_first256_no_fault,48:storage_in,48,7,1,0,False,True,True,False,[22]
g4d_first256_no_fault,49:storage_in,49,8,1,0,False,True,True,False,[6]
g4d_first256_no_fault,4:storage_in,4,8,2,1,False,False,True,False,"[16, 22]"
g4d_first256_no_fault,50:storage_in,50,9,1,0,False,True,True,False,[11]
g4d_first256_no_fault,51:storage_in,51,11,1,1,False,True,True,False,[19]
g4d_first256_no_fault,52:storage_in,52,10,2,0,False,False,True,False,"[9, 11]"
g4d_first256_no_fault,53:storage_in,53,8,2,1,False,False,True,False,"[16, 22]"
g4d_first256_no_fault,54:storage_in,54,8,1,0,False,True,True,False,[6]
g4d_first256_no_fault,55:storage_in,55,8,1,0,False,True,True,False,[6]
g4d_first256_no_fault,56:storage_in,56,7,1,0,False,True,True,False,[22]
g4d_first256_no_fault,57:storage_in,57,7,2,0,False,False,True,False,"[19, 22]"
g4d_first256_no_fault,58:storage_in,58,8,2,1,False,False,True,False,"[16, 22]"
g4d_first256_no_fault,59:storage_in,59,9,1,0,False,True,True,False,[11]
g4d_first256_no_fault,5:storage_in,5,7,1,0,False,True,True,False,[22]
g4d_first256_no_fault,60:storage_in,60,7,1,0,False,True,True,False,[22]
g4d_first256_no_fault,61:storage_in,61,11,1,1,False,True,True,False,[19]
g4d_first256_no_fault,62:storage_in,62,7,2,0,False,False,True,False,"[19, 22]"
g4d_first256_no_fault,63:storage_in,63,10,2,0,False,False,True,False,"[9, 11]"
g4d_first256_no_fault,64:storage_in,64,7,1,0,False,True,True,False,[16]
g4d_first256_no_fault,65:storage_in,65,8,1,0,False,True,True,False,[6]
g4d_first256_no_fault,66:storage_in,66,12,1,1,False,True,True,False,[22]
g4d_first256_no_fault,67:storage_in,67,9,1,1,False,True,True,False,[11]
g4d_first256_no_fault,68:storage_in,68,7,2,0,False,False,True,False,"[19, 22]"
g4d_first256_no_fault,69:storage_in,69,8,2,1,False,False,True,False,"[16, 22]"
g4d_first256_no_fault,6:storage_in,6,7,2,0,False,False,True,False,"[19, 22]"
g4d_first256_no_fault,70:storage_in,70,10,2,0,False,False,True,False,"[9, 11]"
g4d_first256_no_fault,71:storage_in,71,7,1,0,False,True,True,False,[22]
g4d_first256_no_fault,72:storage_in,72,8,1,0,False,True,True,False,[6]
g4d_first256_no_fault,73:storage_in,73,11,1,1,False,True,True,False,[19]
g4d_first256_no_fault,74:storage_in,74,9,1,0,False,True,True,False,[11]
g4d_first256_no_fault,75:storage_in,75,7,1,0,False,True,True,False,[16]
g4d_first256_no_fault,76:storage_in,76,10,2,1,False,False,True,False,"[9, 11]"
g4d_first256_no_fault,77:storage_in,77,8,2,1,False,False,True,False,"[16, 22]"
g4d_first256_no_fault,78:storage_in,78,10,2,0,False,False,True,False,"[9, 11]"
g4d_first256_no_fault,79:storage_in,79,7,1,0,False,True,True,False,[22]
g4d_first256_no_fault,7:storage_in,7,8,2,1,False,False,True,False,"[16, 22]"
g4d_first256_no_fault,80:storage_in,80,8,1,0,False,True,True,False,[6]
g4d_first256_no_fault,81:storage_in,81,11,1,1,False,True,True,False,[19]
g4d_first256_no_fault,82:storage_in,82,7,1,0,False,True,True,False,[22]
g4d_first256_no_fault,83:storage_in,83,8,2,1,False,False,True,False,"[16, 22]"
g4d_first256_no_fault,84:storage_in,84,7,1,0,False,True,True,False,[22]
g4d_first256_no_fault,85:storage_in,85,9,1,0,False,True,True,False,[11]
g4d_first256_no_fault,86:storage_in,86,11,1,1,False,True,True,False,[19]
g4d_first256_no_fault,87:storage_in,87,8,2,1,False,False,True,False,"[16, 22]"
g4d_first256_no_fault,88:storage_in,88,10,2,0,False,False,True,False,"[9, 11]"
g4d_first256_no_fault,89:storage_in,89,7,1,0,False,True,True,False,[22]
g4d_first256_no_fault,8:storage_in,8,8,1,0,False,True,True,False,[6]
g4d_first256_no_fault,90:storage_in,90,9,2,2,False,False,True,False,"[6, 11]"
g4d_first256_no_fault,91:storage_in,91,12,1,1,False,True,True,False,[22]
g4d_first256_no_fault,92:storage_in,92,9,1,0,False,True,True,False,[11]
g4d_first256_no_fault,93:storage_in,93,10,2,0,False,False,True,False,"[9, 11]"
g4d_first256_no_fault,94:storage_in,94,7,2,0,False,False,True,False,"[19, 22]"
g4d_first256_no_fault,95:storage_in,95,8,1,0,False,True,True,False,[6]
g4d_first256_no_fault,96:storage_in,96,7,1,0,False,True,True,False,[16]
g4d_first256_no_fault,97:storage_in,97,9,1,0,False,True,True,False,[11]
g4d_first256_no_fault,98:storage_in,98,12,1,1,False,True,True,False,[22]
g4d_first256_no_fault,99:storage_in,99,10,2,0,False,False,True,False,"[9, 11]"
g4d_first256_no_fault,9:storage_in,9,7,1,0,False,True,True,False,[22]
g4d_first512_no_fault,0:storage_in,0,8,2,1,False,False,True,False,"[16, 22]"
g4d_first512_no_fault,100:storage_in,100,12,2,1,False,False,True,False,"[19, 22]"
g4d_first512_no_fault,101:storage_in,101,9,2,2,False,False,True,False,"[6, 11]"
g4d_first512_no_fault,102:storage_in,102,7,1,0,False,True,True,False,[16]
g4d_first512_no_fault,103:storage_in,103,9,1,0,False,True,True,False,[11]
g4d_first512_no_fault,104:storage_in,104,9,1,0,False,True,True,False,[11]
g4d_first512_no_fault,105:storage_in,105,10,2,0,False,False,True,False,"[9, 11]"
g4d_first512_no_fault,106:storage_in,106,7,1,0,False,True,True,False,[20]
g4d_first512_no_fault,107:storage_in,107,7,1,0,False,True,True,False,[20]
g4d_first512_no_fault,108:storage_in,108,7,1,0,False,True,True,False,[20]
g4d_first512_no_fault,109:storage_in,109,7,1,0,False,True,True,False,[20]
g4d_first512_no_fault,10:storage_in,10,7,2,0,False,False,True,False,"[19, 22]"
g4d_first512_no_fault,110:storage_in,110,7,1,0,False,True,True,False,[20]
g4d_first512_no_fault,111:storage_in,111,7,1,0,False,True,True,False,[20]
g4d_first512_no_fault,112:storage_in,112,7,1,0,False,True,True,False,[20]
g4d_first512_no_fault,113:storage_in,113,7,1,0,False,True,True,False,[20]
g4d_first512_no_fault,114:storage_in,114,7,1,0,False,True,True,False,[20]
g4d_first512_no_fault,115:storage_in,115,7,1,0,False,True,True,False,[20]
g4d_first512_no_fault,116:storage_in,116,7,1,0,False,True,True,False,[20]
g4d_first512_no_fault,117:storage_in,117,7,1,0,False,True,True,False,[20]
g4d_first512_no_fault,118:storage_in,118,7,2,0,False,False,True,False,"[19, 22]"
g4d_first512_no_fault,119:storage_in,119,8,2,1,False,False,True,False,"[16, 22]"
g4d_first512_no_fault,11:storage_in,11,9,1,0,False,True,True,False,[11]
g4d_first512_no_fault,120:storage_in,120,7,1,0,False,True,True,False,[22]
g4d_first512_no_fault,121:storage_in,121,11,1,1,False,True,True,False,[19]
g4d_first512_no_fault,122:storage_in,122,8,2,1,False,False,True,False,"[16, 22]"
g4d_first512_no_fault,123:storage_in,123,9,2,2,False,False,True,False,"[6, 11]"
g4d_first512_no_fault,124:storage_in,124,7,1,0,False,True,True,False,[22]
g4d_first512_no_fault,125:storage_in,125,7,1,0,False,True,True,False,[22]
g4d_first512_no_fault,126:storage_in,126,11,1,1,False,True,True,False,[19]
g4d_first512_no_fault,127:storage_in,127,9,1,0,False,True,True,False,[11]
g4d_first512_no_fault,128:storage_in,128,11,1,1,False,True,True,False,[19]
g4d_first512_no_fault,129:storage_in,129,8,2,1,False,False,True,False,"[16, 22]"
g4d_first512_no_fault,12:storage_in,12,8,1,0,False,True,True,False,[6]
g4d_first512_no_fault,130:storage_in,130,8,2,1,False,False,True,False,"[16, 22]"
g4d_first512_no_fault,131:storage_in,131,7,1,0,False,True,True,False,[22]
g4d_first512_no_fault,132:storage_in,132,7,1,0,False,True,True,False,[22]
g4d_first512_no_fault,133:storage_in,133,10,2,0,False,False,True,False,"[9, 11]"
g4d_first512_no_fault,134:storage_in,134,11,1,1,False,True,True,False,[19]
g4d_first512_no_fault,135:storage_in,135,8,1,0,False,True,True,False,[6]
g4d_first512_no_fault,136:storage_in,136,7,1,0,False,True,True,False,[16]
g4d_first512_no_fault,137:storage_in,137,9,1,0,False,True,True,False,[11]
g4d_first512_no_fault,138:storage_in,138,12,1,1,False,True,True,False,[22]
g4d_first512_no_fault,139:storage_in,139,10,2,0,False,False,True,False,"[9, 11]"
g4d_first512_no_fault,13:storage_in,13,7,1,0,False,True,True,False,[22]
g4d_first512_no_fault,140:storage_in,140,9,2,2,False,False,True,False,"[6, 11]"
g4d_first512_no_fault,141:storage_in,141,11,1,1,False,True,True,False,[19]
g4d_first512_no_fault,142:storage_in,142,8,2,1,False,False,True,False,"[16, 22]"
g4d_first512_no_fault,143:storage_in,143,9,1,0,False,True,True,False,[11]
g4d_first512_no_fault,144:storage_in,144,10,2,0,False,False,True,False,"[9, 11]"
g4d_first512_no_fault,145:storage_in,145,10,2,0,False,False,True,False,"[9, 11]"
g4d_first512_no_fault,146:storage_in,146,8,1,0,False,True,True,False,[6]
g4d_first512_no_fault,147:storage_in,147,7,1,0,False,True,True,False,[22]
g4d_first512_no_fault,148:storage_in,148,8,1,0,False,True,True,False,[6]
g4d_first512_no_fault,149:storage_in,149,7,1,0,False,True,True,False,[20]
g4d_first512_no_fault,14:storage_in,14,7,2,0,False,False,True,False,"[19, 22]"
g4d_first512_no_fault,150:storage_in,150,7,1,0,False,True,True,False,[20]
g4d_first512_no_fault,151:storage_in,151,7,1,0,False,True,True,False,[20]
g4d_first512_no_fault,152:storage_in,152,7,1,0,False,True,True,False,[20]
g4d_first512_no_fault,153:storage_in,153,7,2,0,False,False,True,False,"[19, 22]"
g4d_first512_no_fault,154:storage_in,154,8,2,1,False,False,True,False,"[16, 22]"
g4d_first512_no_fault,155:storage_in,155,7,1,0,False,True,True,False,[22]
g4d_first512_no_fault,156:storage_in,156,7,2,0,False,False,True,False,"[19, 22]"
g4d_first512_no_fault,157:storage_in,157,8,1,0,False,True,True,False,[6]
g4d_first512_no_fault,158:storage_in,158,8,2,1,False,False,True,False,"[16, 22]"
g4d_first512_no_fault,159:storage_in,159,9,1,0,False,True,True,False,[11]
g4d_first512_no_fault,15:storage_in,15,8,2,1,False,False,True,False,"[16, 22]"
g4d_first512_no_fault,160:storage_in,160,9,1,0,False,True,True,False,[11]
g4d_first512_no_fault,161:storage_in,161,10,2,0,False,False,True,False,"[9, 11]"
g4d_first512_no_fault,162:storage_in,162,12,1,1,False,True,True,False,[22]
g4d_first512_no_fault,163:storage_in,163,9,2,1,False,False,True,False,"[6, 11]"
g4d_first512_no_fault,164:storage_in,164,12,2,1,False,False,True,False,"[19, 22]"
g4d_first512_no_fault,165:storage_in,165,7,2,0,False,False,True,False,"[19, 22]"
g4d_first512_no_fault,166:storage_in,166,7,1,0,False,True,True,False,[16]
g4d_first512_no_fault,167:storage_in,167,9,1,0,False,True,True,False,[11]
g4d_first512_no_fault,168:storage_in,168,7,1,0,False,True,True,False,[16]
g4d_first512_no_fault,169:storage_in,169,12,1,1,False,True,True,False,[22]
g4d_first512_no_fault,16:storage_in,16,8,2,1,False,False,True,False,"[16, 22]"
g4d_first512_no_fault,170:storage_in,170,10,2,0,False,False,True,False,"[9, 11]"
g4d_first512_no_fault,171:storage_in,171,12,1,1,False,True,True,False,[22]
g4d_first512_no_fault,172:storage_in,172,12,2,1,False,False,True,False,"[19, 22]"
g4d_first512_no_fault,173:storage_in,173,12,2,1,False,False,True,False,"[19, 22]"
g4d_first512_no_fault,174:storage_in,174,8,2,1,False,False,True,False,"[16, 22]"
g4d_first512_no_fault,175:storage_in,175,8,1,0,False,True,True,False,[6]
g4d_first512_no_fault,176:storage_in,176,7,1,0,False,True,True,False,[22]
g4d_first512_no_fault,177:storage_in,177,9,1,0,False,True,True,False,[11]
g4d_first512_no_fault,178:storage_in,178,7,2,0,False,False,True,False,"[19, 22]"
g4d_first512_no_fault,179:storage_in,179,10,2,0,False,False,True,False,"[9, 11]"
g4d_first512_no_fault,17:storage_in,17,10,2,0,False,False,True,False,"[9, 11]"
g4d_first512_no_fault,180:storage_in,180,8,2,1,False,False,True,False,"[16, 22]"
g4d_first512_no_fault,181:storage_in,181,8,1,0,False,True,True,False,[6]
g4d_first512_no_fault,182:storage_in,182,9,1,0,False,True,True,False,[11]
g4d_first512_no_fault,183:storage_in,183,10,2,0,False,False,True,False,"[9, 11]"
g4d_first512_no_fault,184:storage_in,184,8,2,1,False,False,True,False,"[16, 22]"
g4d_first512_no_fault,185:storage_in,185,7,1,0,False,True,True,False,[22]
g4d_first512_no_fault,186:storage_in,186,9,2,2,False,False,True,False,"[6, 11]"
g4d_first512_no_fault,187:storage_in,187,9,1,0,False,True,True,False,[11]
g4d_first512_no_fault,188:storage_in,188,10,2,0,False,False,True,False,"[9, 11]"
g4d_first512_no_fault,189:storage_in,189,8,1,0,False,True,True,False,[6]
g4d_first512_no_fault,18:storage_in,18,8,1,0,False,True,True,False,[6]
g4d_first512_no_fault,190:storage_in,190,9,1,0,False,True,True,False,[11]
g4d_first512_no_fault,191:storage_in,191,10,2,0,False,False,True,False,"[9, 11]"
g4d_first512_no_fault,192:storage_in,192,7,1,0,False,True,True,False,[22]
g4d_first512_no_fault,193:storage_in,193,7,1,0,False,True,True,False,[20]
g4d_first512_no_fault,194:storage_in,194,7,1,0,False,True,True,False,[20]
g4d_first512_no_fault,195:storage_in,195,7,1,0,False,True,True,False,[20]
g4d_first512_no_fault,196:storage_in,196,7,1,0,False,True,True,False,[20]
g4d_first512_no_fault,197:storage_in,197,7,1,0,False,True,True,False,[20]
g4d_first512_no_fault,198:storage_in,198,7,1,0,False,True,True,False,[20]
g4d_first512_no_fault,199:storage_in,199,7,1,0,False,True,True,False,[20]
g4d_first512_no_fault,19:storage_in,19,9,1,0,False,True,True,False,[11]
g4d_first512_no_fault,1:storage_in,1,7,1,0,False,True,True,False,[22]
g4d_first512_no_fault,200:storage_in,200,7,1,0,False,True,True,False,[20]
g4d_first512_no_fault,201:storage_in,201,7,1,0,False,True,True,False,[20]
g4d_first512_no_fault,202:storage_in,202,7,1,0,False,True,True,False,[20]
g4d_first512_no_fault,203:storage_in,203,7,2,0,False,False,True,False,"[19, 22]"
g4d_first512_no_fault,204:storage_in,204,8,2,1,False,False,True,False,"[16, 22]"
g4d_first512_no_fault,205:storage_in,205,7,1,0,False,True,True,False,[22]
g4d_first512_no_fault,206:storage_in,206,7,2,0,False,False,True,False,"[19, 22]"
g4d_first512_no_fault,207:storage_in,207,10,2,0,False,False,True,False,"[9, 11]"
g4d_first512_no_fault,208:storage_in,208,8,2,1,False,False,True,False,"[16, 22]"
g4d_first512_no_fault,209:storage_in,209,8,1,0,False,True,True,False,[6]
g4d_first512_no_fault,20:storage_in,20,7,1,0,False,True,True,False,[16]
g4d_first512_no_fault,210:storage_in,210,11,1,1,False,True,True,False,[19]
g4d_first512_no_fault,211:storage_in,211,7,1,0,False,True,True,False,[22]
g4d_first512_no_fault,212:storage_in,212,9,1,0,False,True,True,False,[11]
g4d_first512_no_fault,213:storage_in,213,7,1,0,False,True,True,False,[16]
g4d_first512_no_fault,214:storage_in,214,11,1,1,False,True,True,False,[19]
g4d_first512_no_fault,215:storage_in,215,12,1,1,False,True,True,False,[22]
g4d_first512_no_fault,216:storage_in,216,10,2,0,False,False,True,False,"[9, 11]"
g4d_first512_no_fault,217:storage_in,217,7,2,0,False,False,True,False,"[19, 22]"
g4d_first512_no_fault,218:storage_in,218,8,2,1,False,False,True,False,"[16, 22]"
g4d_first512_no_fault,219:storage_in,219,9,2,2,False,False,True,False,"[6, 11]"
g4d_first512_no_fault,21:storage_in,21,10,2,1,False,False,True,False,"[9, 11]"
g4d_first512_no_fault,220:storage_in,220,7,1,0,False,True,True,False,[16]
g4d_first512_no_fault,221:storage_in,221,9,1,0,False,True,True,False,[11]
g4d_first512_no_fault,222:storage_in,222,12,1,1,False,True,True,False,[22]
g4d_first512_no_fault,223:storage_in,223,10,2,0,False,False,True,False,"[9, 11]"
g4d_first512_no_fault,224:storage_in,224,7,2,0,False,False,True,False,"[19, 22]"
g4d_first512_no_fault,225:storage_in,225,12,2,1,False,False,True,False,"[19, 22]"
g4d_first512_no_fault,226:storage_in,226,7,1,0,False,True,True,False,[16]
g4d_first512_no_fault,227:storage_in,227,12,1,1,False,True,True,False,[22]
g4d_first512_no_fault,228:storage_in,228,7,2,0,False,False,True,False,"[19, 22]"
g4d_first512_no_fault,229:storage_in,229,8,1,0,False,True,True,False,[6]
g4d_first512_no_fault,22:storage_in,22,7,1,0,False,True,True,False,[22]
g4d_first512_no_fault,230:storage_in,230,8,2,1,False,False,True,False,"[16, 22]"
g4d_first512_no_fault,231:storage_in,231,9,1,0,False,True,True,False,[11]
g4d_first512_no_fault,232:storage_in,232,12,1,1,False,True,True,False,[22]
g4d_first512_no_fault,233:storage_in,233,10,2,0,False,False,True,False,"[9, 11]"
g4d_first512_no_fault,234:storage_in,234,8,1,0,False,True,True,False,[6]
g4d_first512_no_fault,235:storage_in,235,9,1,0,False,True,True,False,[11]
g4d_first512_no_fault,236:storage_in,236,7,1,0,False,True,True,False,[22]
g4d_first512_no_fault,237:storage_in,237,7,2,0,False,False,True,False,"[19, 22]"
g4d_first512_no_fault,238:storage_in,238,7,2,0,False,False,True,False,"[19, 22]"
g4d_first512_no_fault,239:storage_in,239,8,2,1,False,False,True,False,"[16, 22]"
g4d_first512_no_fault,23:storage_in,23,7,2,0,False,False,True,False,"[19, 22]"
g4d_first512_no_fault,240:storage_in,240,8,1,0,False,True,True,False,[6]
g4d_first512_no_fault,241:storage_in,241,8,2,1,False,False,True,False,"[16, 22]"
g4d_first512_no_fault,242:storage_in,242,10,2,0,False,False,True,False,"[9, 11]"
g4d_first512_no_fault,243:storage_in,243,12,1,1,False,True,True,False,[22]
g4d_first512_no_fault,244:storage_in,244,7,1,0,False,True,True,False,[20]
g4d_first512_no_fault,245:storage_in,245,7,1,0,False,True,True,False,[20]
g4d_first512_no_fault,246:storage_in,246,7,1,0,False,True,True,False,[20]
g4d_first512_no_fault,247:storage_in,247,7,1,0,False,True,True,False,[20]
g4d_first512_no_fault,248:storage_in,248,7,1,0,False,True,True,False,[20]
g4d_first512_no_fault,249:storage_in,249,7,1,0,False,True,True,False,[20]
g4d_first512_no_fault,24:storage_in,24,8,2,1,False,False,True,False,"[16, 22]"
g4d_first512_no_fault,250:storage_in,250,7,1,0,False,True,True,False,[20]
g4d_first512_no_fault,251:storage_in,251,7,1,0,False,True,True,False,[20]
g4d_first512_no_fault,252:storage_in,252,7,1,0,False,True,True,False,[20]
g4d_first512_no_fault,253:storage_in,253,7,1,0,False,True,True,False,[20]
g4d_first512_no_fault,254:storage_in,254,7,1,0,False,True,True,False,[20]
g4d_first512_no_fault,255:storage_in,255,7,1,0,False,True,True,False,[20]
g4d_first512_no_fault,256:storage_in,256,7,1,0,False,True,True,False,[20]
g4d_first512_no_fault,257:storage_in,257,7,1,0,False,True,True,False,[20]
g4d_first512_no_fault,258:storage_in,258,7,1,0,False,True,True,False,[20]
g4d_first512_no_fault,259:storage_in,259,7,1,0,False,True,True,False,[20]
g4d_first512_no_fault,25:storage_in,25,7,1,0,False,True,True,False,[22]
g4d_first512_no_fault,260:storage_in,260,7,1,0,False,True,True,False,[20]
g4d_first512_no_fault,261:storage_in,261,7,2,0,False,False,True,False,"[19, 22]"
g4d_first512_no_fault,262:storage_in,262,8,2,1,False,False,True,False,"[16, 22]"
g4d_first512_no_fault,263:storage_in,263,7,1,0,False,True,True,False,[22]
g4d_first512_no_fault,264:storage_in,264,9,1,0,False,True,True,False,[11]
g4d_first512_no_fault,265:storage_in,265,7,1,0,False,True,True,False,[16]
g4d_first512_no_fault,266:storage_in,266,7,2,0,False,False,True,False,"[19, 22]"
g4d_first512_no_fault,267:storage_in,267,9,2,2,False,False,True,False,"[6, 11]"
g4d_first512_no_fault,268:storage_in,268,10,2,1,False,False,True,False,"[9, 11]"
g4d_first512_no_fault,269:storage_in,269,12,1,1,False,True,True,False,[22]
g4d_first512_no_fault,26:storage_in,26,7,1,0,False,True,True,False,[22]
g4d_first512_no_fault,270:storage_in,270,9,1,0,False,True,True,False,[11]
g4d_first512_no_fault,271:storage_in,271,8,2,1,False,False,True,False,"[16, 22]"
g4d_first512_no_fault,272:storage_in,272,10,2,0,False,False,True,False,"[9, 11]"
g4d_first512_no_fault,273:storage_in,273,9,2,2,False,False,True,False,"[6, 11]"
g4d_first512_no_fault,274:storage_in,274,11,1,1,False,True,True,False,[19]
g4d_first512_no_fault,275:storage_in,275,12,1,1,False,True,True,False,[22]
g4d_first512_no_fault,276:storage_in,276,9,2,1,False,False,True,False,"[6, 11]"
g4d_first512_no_fault,277:storage_in,277,11,1,1,False,True,True,False,[19]
g4d_first512_no_fault,278:storage_in,278,9,1,1,False,True,True,False,[20]
g4d_first512_no_fault,279:storage_in,279,8,2,1,False,False,True,False,"[16, 22]"
g4d_first512_no_fault,27:storage_in,27,11,1,1,False,True,True,False,[19]
g4d_first512_no_fault,280:storage_in,280,8,2,1,False,False,True,False,"[16, 22]"
g4d_first512_no_fault,281:storage_in,281,7,1,0,False,True,True,False,[22]
g4d_first512_no_fault,282:storage_in,282,9,1,0,False,True,True,False,[11]
g4d_first512_no_fault,283:storage_in,283,11,1,1,False,True,True,False,[19]
g4d_first512_no_fault,284:storage_in,284,7,1,0,False,True,True,False,[22]
g4d_first512_no_fault,285:storage_in,285,10,2,0,False,False,True,False,"[9, 11]"
g4d_first512_no_fault,286:storage_in,286,8,2,1,False,False,True,False,"[16, 22]"
g4d_first512_no_fault,287:storage_in,287,8,1,0,False,True,True,False,[6]
g4d_first512_no_fault,288:storage_in,288,7,1,0,False,True,True,False,[22]
g4d_first512_no_fault,289:storage_in,289,12,1,1,False,True,True,False,[22]
g4d_first512_no_fault,28:storage_in,28,8,2,1,False,False,True,False,"[16, 22]"
g4d_first512_no_fault,290:storage_in,290,11,1,1,False,True,True,False,[19]
g4d_first512_no_fault,291:storage_in,291,9,1,0,False,True,True,False,[11]
g4d_first512_no_fault,292:storage_in,292,7,2,0,False,False,True,False,"[19, 22]"
g4d_first512_no_fault,293:storage_in,293,8,2,1,False,False,True,False,"[16, 22]"
g4d_first512_no_fault,294:storage_in,294,10,2,0,False,False,True,False,"[9, 11]"
g4d_first512_no_fault,295:storage_in,295,8,1,0,False,True,True,False,[6]
g4d_first512_no_fault,296:storage_in,296,9,1,0,False,True,True,False,[11]
g4d_first512_no_fault,297:storage_in,297,9,1,0,False,True,True,False,[11]
g4d_first512_no_fault,298:storage_in,298,10,2,0,False,False,True,False,"[9, 11]"
g4d_first512_no_fault,299:storage_in,299,7,2,0,False,False,True,False,"[19, 22]"
g4d_first512_no_fault,29:storage_in,29,8,1,0,False,True,True,False,[6]
g4d_first512_no_fault,2:storage_in,2,7,2,0,False,False,True,False,"[19, 22]"
g4d_first512_no_fault,300:storage_in,300,7,1,0,False,True,True,False,[16]
g4d_first512_no_fault,301:storage_in,301,8,1,0,False,True,True,False,[6]
g4d_first512_no_fault,302:storage_in,302,7,1,0,False,True,True,False,[22]
g4d_first512_no_fault,303:storage_in,303,7,2,0,False,False,True,False,"[19, 22]"
g4d_first512_no_fault,304:storage_in,304,10,2,0,False,False,True,False,"[9, 11]"
g4d_first512_no_fault,305:storage_in,305,8,2,1,False,False,True,False,"[16, 22]"
g4d_first512_no_fault,306:storage_in,306,12,1,1,False,True,True,False,[22]
g4d_first512_no_fault,307:storage_in,307,11,1,1,False,True,True,False,[19]
g4d_first512_no_fault,308:storage_in,308,9,2,1,False,False,True,False,"[6, 11]"
g4d_first512_no_fault,309:storage_in,309,9,1,0,False,True,True,False,[11]
g4d_first512_no_fault,30:storage_in,30,7,2,0,False,False,True,False,"[19, 22]"
g4d_first512_no_fault,310:storage_in,310,7,1,0,False,True,True,False,[16]
g4d_first512_no_fault,311:storage_in,311,10,2,1,False,False,True,False,"[9, 11]"
g4d_first512_no_fault,312:storage_in,312,12,1,1,False,True,True,False,[22]
g4d_first512_no_fault,313:storage_in,313,8,1,0,False,True,True,False,[6]
g4d_first512_no_fault,314:storage_in,314,7,2,0,False,False,True,False,"[19, 22]"
g4d_first512_no_fault,315:storage_in,315,9,1,0,False,True,True,False,[11]
g4d_first512_no_fault,316:storage_in,316,10,2,0,False,False,True,False,"[9, 11]"
g4d_first512_no_fault,317:storage_in,317,8,1,0,False,True,True,False,[6]
g4d_first512_no_fault,318:storage_in,318,9,1,0,False,True,True,False,[11]
g4d_first512_no_fault,319:storage_in,319,12,1,1,False,True,True,False,[22]
g4d_first512_no_fault,31:storage_in,31,9,1,0,False,True,True,False,[11]
g4d_first512_no_fault,320:storage_in,320,10,2,0,False,False,True,False,"[9, 11]"
g4d_first512_no_fault,321:storage_in,321,7,2,0,False,False,True,False,"[19, 22]"
g4d_first512_no_fault,322:storage_in,322,8,1,0,False,True,True,False,[6]
g4d_first512_no_fault,323:storage_in,323,8,2,1,False,False,True,False,"[16, 22]"
g4d_first512_no_fault,324:storage_in,324,9,1,0,False,True,True,False,[11]
g4d_first512_no_fault,325:storage_in,325,10,2,0,False,False,True,False,"[9, 11]"
g4d_first512_no_fault,326:storage_in,326,8,2,1,False,False,True,False,"[16, 22]"
g4d_first512_no_fault,327:storage_in,327,7,1,0,False,True,True,False,[22]
g4d_first512_no_fault,328:storage_in,328,7,1,0,False,True,True,False,[22]
g4d_first512_no_fault,329:storage_in,329,8,1,0,False,True,True,False,[6]
g4d_first512_no_fault,32:storage_in,32,10,2,0,False,False,True,False,"[9, 11]"
g4d_first512_no_fault,330:storage_in,330,7,2,0,False,False,True,False,"[19, 22]"
g4d_first512_no_fault,331:storage_in,331,9,1,0,False,True,True,False,[11]
g4d_first512_no_fault,332:storage_in,332,7,1,0,False,True,True,False,[20]
g4d_first512_no_fault,333:storage_in,333,7,1,0,False,True,True,False,[20]
g4d_first512_no_fault,334:storage_in,334,7,1,0,False,True,True,False,[20]
g4d_first512_no_fault,335:storage_in,335,7,1,0,False,True,True,False,[20]
g4d_first512_no_fault,336:storage_in,336,7,1,0,False,True,True,False,[20]
g4d_first512_no_fault,337:storage_in,337,7,1,0,False,True,True,False,[20]
g4d_first512_no_fault,338:storage_in,338,7,1,0,False,True,True,False,[20]
g4d_first512_no_fault,339:storage_in,339,7,1,0,False,True,True,False,[20]
g4d_first512_no_fault,33:storage_in,33,8,1,0,False,True,True,False,[6]
g4d_first512_no_fault,340:storage_in,340,7,1,0,False,True,True,False,[20]
g4d_first512_no_fault,341:storage_in,341,7,1,0,False,True,True,False,[20]
g4d_first512_no_fault,342:storage_in,342,7,1,0,False,True,True,False,[20]
g4d_first512_no_fault,343:storage_in,343,7,1,0,False,True,True,False,[20]
g4d_first512_no_fault,344:storage_in,344,7,1,0,False,True,True,False,[20]
g4d_first512_no_fault,345:storage_in,345,7,1,0,False,True,True,False,[20]
g4d_first512_no_fault,346:storage_in,346,7,1,0,False,True,True,False,[20]
g4d_first512_no_fault,347:storage_in,347,7,1,0,False,True,True,False,[20]
g4d_first512_no_fault,348:storage_in,348,7,1,0,False,True,True,False,[20]
g4d_first512_no_fault,349:storage_in,349,7,1,0,False,True,True,False,[20]
g4d_first512_no_fault,34:storage_in,34,7,1,0,False,True,True,False,[16]
g4d_first512_no_fault,350:storage_in,350,7,1,0,False,True,True,False,[20]
g4d_first512_no_fault,351:storage_in,351,7,1,0,False,True,True,False,[20]
g4d_first512_no_fault,352:storage_in,352,7,1,0,False,True,True,False,[20]
g4d_first512_no_fault,353:storage_in,353,7,1,0,False,True,True,False,[20]
g4d_first512_no_fault,354:storage_in,354,7,1,0,False,True,True,False,[20]
g4d_first512_no_fault,355:storage_in,355,7,1,0,False,True,True,False,[20]
g4d_first512_no_fault,356:storage_in,356,7,1,0,False,True,True,False,[20]
g4d_first512_no_fault,357:storage_in,357,7,1,0,False,True,True,False,[20]
g4d_first512_no_fault,358:storage_in,358,7,1,0,False,True,True,False,[20]
g4d_first512_no_fault,359:storage_in,359,7,1,0,False,True,True,False,[20]
g4d_first512_no_fault,35:storage_in,35,12,1,1,False,True,True,False,[22]
g4d_first512_no_fault,360:storage_in,360,7,1,0,False,True,True,False,[20]
g4d_first512_no_fault,361:storage_in,361,7,1,0,False,True,True,False,[20]
g4d_first512_no_fault,362:storage_in,362,7,1,0,False,True,True,False,[20]
g4d_first512_no_fault,363:storage_in,363,7,1,0,False,True,True,False,[20]
g4d_first512_no_fault,364:storage_in,364,7,1,0,False,True,True,False,[20]
g4d_first512_no_fault,365:storage_in,365,7,1,0,False,True,True,False,[20]
g4d_first512_no_fault,366:storage_in,366,7,1,0,False,True,True,False,[20]
g4d_first512_no_fault,367:storage_in,367,7,1,0,False,True,True,False,[20]
g4d_first512_no_fault,368:storage_in,368,7,1,0,False,True,True,False,[20]
g4d_first512_no_fault,369:storage_in,369,7,1,0,False,True,True,False,[20]
g4d_first512_no_fault,36:storage_in,36,9,1,1,False,True,True,False,[11]
g4d_first512_no_fault,370:storage_in,370,7,1,0,False,True,True,False,[20]
g4d_first512_no_fault,371:storage_in,371,7,1,0,False,True,True,False,[20]
g4d_first512_no_fault,372:storage_in,372,7,1,0,False,True,True,False,[20]
g4d_first512_no_fault,373:storage_in,373,7,1,0,False,True,True,False,[20]
g4d_first512_no_fault,374:storage_in,374,7,1,0,False,True,True,False,[20]
g4d_first512_no_fault,375:storage_in,375,7,1,0,False,True,True,False,[20]
g4d_first512_no_fault,376:storage_in,376,7,2,0,False,False,True,False,"[19, 22]"
g4d_first512_no_fault,377:storage_in,377,8,2,1,False,False,True,False,"[16, 22]"
g4d_first512_no_fault,378:storage_in,378,7,1,0,False,True,True,False,[20]
g4d_first512_no_fault,379:storage_in,379,9,1,0,False,True,True,False,[11]
g4d_first512_no_fault,37:storage_in,37,7,2,0,False,False,True,False,"[19, 22]"
g4d_first512_no_fault,380:storage_in,380,7,1,0,False,True,True,False,[16]
g4d_first512_no_fault,381:storage_in,381,12,1,1,False,True,True,False,[22]
g4d_first512_no_fault,382:storage_in,382,10,2,0,False,False,True,False,"[9, 11]"
g4d_first512_no_fault,383:storage_in,383,10,2,0,False,False,True,False,"[9, 11]"
g4d_first512_no_fault,384:storage_in,384,8,1,0,False,True,True,False,[6]
g4d_first512_no_fault,385:storage_in,385,7,1,0,False,True,True,False,[16]
g4d_first512_no_fault,386:storage_in,386,7,1,0,False,True,True,False,[22]
g4d_first512_no_fault,387:storage_in,387,11,1,1,False,True,True,False,[19]
g4d_first512_no_fault,388:storage_in,388,11,1,1,False,True,True,False,[19]
g4d_first512_no_fault,389:storage_in,389,7,1,0,False,True,True,False,[22]
g4d_first512_no_fault,38:storage_in,38,10,2,0,False,False,True,False,"[9, 11]"
g4d_first512_no_fault,390:storage_in,390,9,2,1,False,False,True,False,"[6, 11]"
g4d_first512_no_fault,391:storage_in,391,7,1,0,False,True,True,False,[16]
g4d_first512_no_fault,392:storage_in,392,7,1,0,False,True,True,False,[16]
g4d_first512_no_fault,393:storage_in,393,7,1,0,False,True,True,False,[20]
g4d_first512_no_fault,394:storage_in,394,7,1,0,False,True,True,False,[22]
g4d_first512_no_fault,395:storage_in,395,11,1,1,False,True,True,False,[19]
g4d_first512_no_fault,396:storage_in,396,7,1,0,False,True,True,False,[22]
g4d_first512_no_fault,397:storage_in,397,9,1,0,False,True,True,False,[11]
g4d_first512_no_fault,398:storage_in,398,11,1,1,False,True,True,False,[19]
g4d_first512_no_fault,399:storage_in,399,11,1,1,False,True,True,False,[19]
g4d_first512_no_fault,39:storage_in,39,8,2,1,False,False,True,False,"[16, 22]"
g4d_first512_no_fault,3:storage_in,3,8,2,1,False,False,True,False,"[16, 22]"
g4d_first512_no_fault,400:storage_in,400,10,2,0,False,False,True,False,"[9, 11]"
g4d_first512_no_fault,401:storage_in,401,8,2,1,False,False,True,False,"[16, 22]"
g4d_first512_no_fault,402:storage_in,402,8,1,0,False,True,True,False,[6]
g4d_first512_no_fault,403:storage_in,403,7,1,0,False,True,True,False,[22]
g4d_first512_no_fault,404:storage_in,404,8,2,1,False,False,True,False,"[16, 22]"
g4d_first512_no_fault,405:storage_in,405,9,1,0,False,True,True,False,[11]
g4d_first512_no_fault,406:storage_in,406,11,1,1,False,True,True,False,[19]
g4d_first512_no_fault,407:storage_in,407,10,2,0,False,False,True,False,"[9, 11]"
g4d_first512_no_fault,408:storage_in,408,8,2,1,False,False,True,False,"[16, 22]"
g4d_first512_no_fault,409:storage_in,409,8,1,0,False,True,True,False,[6]
g4d_first512_no_fault,40:storage_in,40,8,1,0,False,True,True,False,[6]
g4d_first512_no_fault,410:storage_in,410,12,1,1,False,True,True,False,[22]
g4d_first512_no_fault,411:storage_in,411,9,1,0,False,True,True,False,[11]
g4d_first512_no_fault,412:storage_in,412,8,2,1,False,False,True,False,"[16, 22]"
g4d_first512_no_fault,413:storage_in,413,7,1,0,False,True,True,False,[22]
g4d_first512_no_fault,414:storage_in,414,10,2,0,False,False,True,False,"[9, 11]"
g4d_first512_no_fault,415:storage_in,415,7,1,0,False,True,True,False,[20]
g4d_first512_no_fault,416:storage_in,416,9,1,0,False,True,True,False,[11]
g4d_first512_no_fault,417:storage_in,417,11,1,1,False,True,True,False,[19]
g4d_first512_no_fault,418:storage_in,418,9,2,1,False,False,True,False,"[6, 11]"
g4d_first512_no_fault,419:storage_in,419,7,1,0,False,True,True,False,[16]
g4d_first512_no_fault,41:storage_in,41,9,1,0,False,True,True,False,[11]
g4d_first512_no_fault,420:storage_in,420,9,1,0,False,True,True,False,[11]
g4d_first512_no_fault,421:storage_in,421,7,1,0,False,True,True,False,[22]
g4d_first512_no_fault,422:storage_in,422,11,1,1,False,True,True,False,[19]
g4d_first512_no_fault,423:storage_in,423,11,1,1,False,True,True,False,[19]
g4d_first512_no_fault,424:storage_in,424,10,2,0,False,False,True,False,"[9, 11]"
g4d_first512_no_fault,425:storage_in,425,8,2,1,False,False,True,False,"[16, 22]"
g4d_first512_no_fault,426:storage_in,426,7,1,0,False,True,True,False,[20]
g4d_first512_no_fault,427:storage_in,427,12,1,1,False,True,True,False,[22]
g4d_first512_no_fault,428:storage_in,428,8,2,1,False,False,True,False,"[16, 22]"
g4d_first512_no_fault,429:storage_in,429,7,2,0,False,False,True,False,"[19, 22]"
g4d_first512_no_fault,42:storage_in,42,7,1,0,False,True,True,False,[22]
g4d_first512_no_fault,430:storage_in,430,9,2,2,False,False,True,False,"[6, 11]"
g4d_first512_no_fault,431:storage_in,431,9,1,0,False,True,True,False,[11]
g4d_first512_no_fault,432:storage_in,432,7,1,0,False,True,True,False,[22]
g4d_first512_no_fault,433:storage_in,433,11,1,1,False,True,True,False,[19]
g4d_first512_no_fault,434:storage_in,434,10,2,0,False,False,True,False,"[9, 11]"
g4d_first512_no_fault,435:storage_in,435,8,2,1,False,False,True,False,"[16, 22]"
g4d_first512_no_fault,436:storage_in,436,8,1,0,False,True,True,False,[6]
g4d_first512_no_fault,437:storage_in,437,12,1,1,False,True,True,False,[22]
g4d_first512_no_fault,438:storage_in,438,9,1,0,False,True,True,False,[11]
g4d_first512_no_fault,439:storage_in,439,10,2,0,False,False,True,False,"[9, 11]"
g4d_first512_no_fault,43:storage_in,43,7,2,0,False,False,True,False,"[19, 22]"
g4d_first512_no_fault,440:storage_in,440,7,1,0,False,True,True,False,[20]
g4d_first512_no_fault,441:storage_in,441,8,2,1,False,False,True,False,"[16, 22]"
g4d_first512_no_fault,442:storage_in,442,7,1,0,False,True,True,False,[22]
g4d_first512_no_fault,443:storage_in,443,7,2,0,False,False,True,False,"[19, 22]"
g4d_first512_no_fault,444:storage_in,444,8,2,1,False,False,True,False,"[16, 22]"
g4d_first512_no_fault,445:storage_in,445,7,1,0,False,True,True,False,[22]
g4d_first512_no_fault,446:storage_in,446,7,2,0,False,False,True,False,"[19, 22]"
g4d_first512_no_fault,447:storage_in,447,8,2,1,False,False,True,False,"[16, 22]"
g4d_first512_no_fault,448:storage_in,448,9,2,2,False,False,True,False,"[6, 11]"
g4d_first512_no_fault,449:storage_in,449,7,2,0,False,False,True,False,"[19, 22]"
g4d_first512_no_fault,44:storage_in,44,8,2,1,False,False,True,False,"[16, 22]"
g4d_first512_no_fault,450:storage_in,450,7,1,0,False,True,True,False,[20]
g4d_first512_no_fault,451:storage_in,451,7,1,0,False,True,True,False,[22]
g4d_first512_no_fault,452:storage_in,452,9,1,0,False,True,True,False,[11]
g4d_first512_no_fault,453:storage_in,453,7,2,0,False,False,True,False,"[19, 22]"
g4d_first512_no_fault,454:storage_in,454,10,2,0,False,False,True,False,"[9, 11]"
g4d_first512_no_fault,455:storage_in,455,8,2,1,False,False,True,False,"[16, 22]"
g4d_first512_no_fault,456:storage_in,456,8,2,1,False,False,True,False,"[16, 22]"
g4d_first512_no_fault,457:storage_in,457,7,1,0,False,True,True,False,[20]
g4d_first512_no_fault,458:storage_in,458,8,1,0,False,True,True,False,[6]
g4d_first512_no_fault,459:storage_in,459,7,1,0,False,True,True,False,[22]
g4d_first512_no_fault,45:storage_in,45,9,1,0,False,True,True,False,[11]
g4d_first512_no_fault,460:storage_in,460,7,1,0,False,True,True,False,[20]
g4d_first512_no_fault,461:storage_in,461,7,1,0,False,True,True,False,[20]
g4d_first512_no_fault,462:storage_in,462,7,1,0,False,True,True,False,[20]
g4d_first512_no_fault,463:storage_in,463,7,1,0,False,True,True,False,[20]
g4d_first512_no_fault,464:storage_in,464,7,1,0,False,True,True,False,[20]
g4d_first512_no_fault,465:storage_in,465,7,1,0,False,True,True,False,[20]
g4d_first512_no_fault,466:storage_in,466,7,1,0,False,True,True,False,[20]
g4d_first512_no_fault,467:storage_in,467,7,1,0,False,True,True,False,[20]
g4d_first512_no_fault,468:storage_in,468,7,1,0,False,True,True,False,[20]
g4d_first512_no_fault,469:storage_in,469,7,1,0,False,True,True,False,[20]
g4d_first512_no_fault,46:storage_in,46,7,1,0,False,True,True,False,[22]
g4d_first512_no_fault,470:storage_in,470,7,1,0,False,True,True,False,[20]
g4d_first512_no_fault,471:storage_in,471,7,1,0,False,True,True,False,[20]
g4d_first512_no_fault,472:storage_in,472,7,1,0,False,True,True,False,[20]
g4d_first512_no_fault,473:storage_in,473,7,1,0,False,True,True,False,[20]
g4d_first512_no_fault,474:storage_in,474,7,1,0,False,True,True,False,[20]
g4d_first512_no_fault,475:storage_in,475,7,1,0,False,True,True,False,[20]
g4d_first512_no_fault,476:storage_in,476,7,1,0,False,True,True,False,[20]
g4d_first512_no_fault,477:storage_in,477,7,1,0,False,True,True,False,[20]
g4d_first512_no_fault,478:storage_in,478,7,1,0,False,True,True,False,[20]
g4d_first512_no_fault,479:storage_in,479,7,1,0,False,True,True,False,[20]
g4d_first512_no_fault,47:storage_in,47,10,2,0,False,False,True,False,"[9, 11]"
g4d_first512_no_fault,480:storage_in,480,7,1,0,False,True,True,False,[20]
g4d_first512_no_fault,481:storage_in,481,7,1,0,False,True,True,False,[20]
g4d_first512_no_fault,482:storage_in,482,7,1,0,False,True,True,False,[20]
g4d_first512_no_fault,483:storage_in,483,7,1,0,False,True,True,False,[20]
g4d_first512_no_fault,484:storage_in,484,7,1,0,False,True,True,False,[20]
g4d_first512_no_fault,485:storage_in,485,7,1,0,False,True,True,False,[20]
g4d_first512_no_fault,486:storage_in,486,7,1,0,False,True,True,False,[20]
g4d_first512_no_fault,487:storage_in,487,7,1,0,False,True,True,False,[20]
g4d_first512_no_fault,488:storage_in,488,7,1,0,False,True,True,False,[20]
g4d_first512_no_fault,489:storage_in,489,7,1,0,False,True,True,False,[20]
g4d_first512_no_fault,48:storage_in,48,7,1,0,False,True,True,False,[22]
g4d_first512_no_fault,490:storage_in,490,7,1,0,False,True,True,False,[20]
g4d_first512_no_fault,491:storage_in,491,7,1,0,False,True,True,False,[20]
g4d_first512_no_fault,492:storage_in,492,7,1,0,False,True,True,False,[20]
g4d_first512_no_fault,493:storage_in,493,7,1,0,False,True,True,False,[20]
g4d_first512_no_fault,494:storage_in,494,7,1,0,False,True,True,False,[22]
g4d_first512_no_fault,495:storage_in,495,7,2,0,False,False,True,False,"[19, 22]"
g4d_first512_no_fault,496:storage_in,496,9,1,0,False,True,True,False,[11]
g4d_first512_no_fault,497:storage_in,497,7,1,0,False,True,True,False,[22]
g4d_first512_no_fault,498:storage_in,498,9,1,0,False,True,True,False,[11]
g4d_first512_no_fault,499:storage_in,499,10,2,0,False,False,True,False,"[9, 11]"
g4d_first512_no_fault,49:storage_in,49,8,1,0,False,True,True,False,[6]
g4d_first512_no_fault,4:storage_in,4,8,2,1,False,False,True,False,"[16, 22]"
g4d_first512_no_fault,500:storage_in,500,11,1,1,False,True,True,False,[19]
g4d_first512_no_fault,501:storage_in,501,9,1,1,False,True,True,False,[20]
g4d_first512_no_fault,502:storage_in,502,8,1,0,False,True,True,False,[6]
g4d_first512_no_fault,503:storage_in,503,7,1,0,False,True,True,False,[16]
g4d_first512_no_fault,504:storage_in,504,8,2,1,False,False,True,False,"[16, 22]"
g4d_first512_no_fault,505:storage_in,505,7,2,0,False,False,True,False,"[19, 22]"
g4d_first512_no_fault,506:storage_in,506,12,1,1,False,True,True,False,[22]
g4d_first512_no_fault,507:storage_in,507,7,1,0,False,True,True,False,[22]
g4d_first512_no_fault,508:storage_in,508,11,1,1,False,True,True,False,[19]
g4d_first512_no_fault,509:storage_in,509,10,2,0,False,False,True,False,"[9, 11]"
g4d_first512_no_fault,50:storage_in,50,9,1,0,False,True,True,False,[11]
g4d_first512_no_fault,510:storage_in,510,9,1,0,False,True,True,False,[11]
g4d_first512_no_fault,511:storage_in,511,13,2,2,False,False,True,False,"[16, 22]"
g4d_first512_no_fault,51:storage_in,51,11,1,1,False,True,True,False,[19]
g4d_first512_no_fault,52:storage_in,52,10,2,0,False,False,True,False,"[9, 11]"
g4d_first512_no_fault,53:storage_in,53,8,2,1,False,False,True,False,"[16, 22]"
g4d_first512_no_fault,54:storage_in,54,8,1,0,False,True,True,False,[6]
g4d_first512_no_fault,55:storage_in,55,8,1,0,False,True,True,False,[6]
g4d_first512_no_fault,56:storage_in,56,7,1,0,False,True,True,False,[22]
g4d_first512_no_fault,57:storage_in,57,7,2,0,False,False,True,False,"[19, 22]"
g4d_first512_no_fault,58:storage_in,58,8,2,1,False,False,True,False,"[16, 22]"
g4d_first512_no_fault,59:storage_in,59,9,1,0,False,True,True,False,[11]
g4d_first512_no_fault,5:storage_in,5,7,1,0,False,True,True,False,[22]
g4d_first512_no_fault,60:storage_in,60,7,1,0,False,True,True,False,[22]
g4d_first512_no_fault,61:storage_in,61,11,1,1,False,True,True,False,[19]
g4d_first512_no_fault,62:storage_in,62,7,2,0,False,False,True,False,"[19, 22]"
g4d_first512_no_fault,63:storage_in,63,10,2,0,False,False,True,False,"[9, 11]"
g4d_first512_no_fault,64:storage_in,64,7,1,0,False,True,True,False,[16]
g4d_first512_no_fault,65:storage_in,65,8,1,0,False,True,True,False,[6]
g4d_first512_no_fault,66:storage_in,66,12,1,1,False,True,True,False,[22]
g4d_first512_no_fault,67:storage_in,67,9,1,1,False,True,True,False,[11]
g4d_first512_no_fault,68:storage_in,68,7,2,0,False,False,True,False,"[19, 22]"
g4d_first512_no_fault,69:storage_in,69,8,2,1,False,False,True,False,"[16, 22]"
g4d_first512_no_fault,6:storage_in,6,7,2,0,False,False,True,False,"[19, 22]"
g4d_first512_no_fault,70:storage_in,70,10,2,0,False,False,True,False,"[9, 11]"
g4d_first512_no_fault,71:storage_in,71,7,1,0,False,True,True,False,[22]
g4d_first512_no_fault,72:storage_in,72,8,1,0,False,True,True,False,[6]
g4d_first512_no_fault,73:storage_in,73,11,1,1,False,True,True,False,[19]
g4d_first512_no_fault,74:storage_in,74,9,1,0,False,True,True,False,[11]
g4d_first512_no_fault,75:storage_in,75,7,1,0,False,True,True,False,[16]
g4d_first512_no_fault,76:storage_in,76,10,2,1,False,False,True,False,"[9, 11]"
g4d_first512_no_fault,77:storage_in,77,8,2,1,False,False,True,False,"[16, 22]"
g4d_first512_no_fault,78:storage_in,78,10,2,0,False,False,True,False,"[9, 11]"
g4d_first512_no_fault,79:storage_in,79,7,1,0,False,True,True,False,[22]
g4d_first512_no_fault,7:storage_in,7,8,2,1,False,False,True,False,"[16, 22]"
g4d_first512_no_fault,80:storage_in,80,8,1,0,False,True,True,False,[6]
g4d_first512_no_fault,81:storage_in,81,11,1,1,False,True,True,False,[19]
g4d_first512_no_fault,82:storage_in,82,7,1,0,False,True,True,False,[22]
g4d_first512_no_fault,83:storage_in,83,8,2,1,False,False,True,False,"[16, 22]"
g4d_first512_no_fault,84:storage_in,84,7,1,0,False,True,True,False,[22]
g4d_first512_no_fault,85:storage_in,85,9,1,0,False,True,True,False,[11]
g4d_first512_no_fault,86:storage_in,86,11,1,1,False,True,True,False,[19]
g4d_first512_no_fault,87:storage_in,87,8,2,1,False,False,True,False,"[16, 22]"
g4d_first512_no_fault,88:storage_in,88,10,2,0,False,False,True,False,"[9, 11]"
g4d_first512_no_fault,89:storage_in,89,7,1,0,False,True,True,False,[22]
g4d_first512_no_fault,8:storage_in,8,8,1,0,False,True,True,False,[6]
g4d_first512_no_fault,90:storage_in,90,9,2,2,False,False,True,False,"[6, 11]"
g4d_first512_no_fault,91:storage_in,91,12,1,1,False,True,True,False,[22]
g4d_first512_no_fault,92:storage_in,92,9,1,0,False,True,True,False,[11]
g4d_first512_no_fault,93:storage_in,93,10,2,0,False,False,True,False,"[9, 11]"
g4d_first512_no_fault,94:storage_in,94,7,2,0,False,False,True,False,"[19, 22]"
g4d_first512_no_fault,95:storage_in,95,8,1,0,False,True,True,False,[6]
g4d_first512_no_fault,96:storage_in,96,7,1,0,False,True,True,False,[16]
g4d_first512_no_fault,97:storage_in,97,9,1,0,False,True,True,False,[11]
g4d_first512_no_fault,98:storage_in,98,12,1,1,False,True,True,False,[22]
g4d_first512_no_fault,99:storage_in,99,10,2,0,False,False,True,False,"[9, 11]"
g4d_first512_no_fault,9:storage_in,9,7,1,0,False,True,True,False,[22]
g4d_offset2048_1024_high_density,1028:storage_out,1028,13,3,2,False,False,False,False,"[52, 42, 38]"
g4d_offset2048_1024_high_density,11:storage_out,11,9,4,1,False,False,False,False,"[52, 42, 31, 33]"
g4d_offset2048_1024_high_density,132:storage_out,132,13,3,1,False,False,False,False,"[52, 31, 27]"
g4d_offset2048_1024_high_density,133:storage_out,133,9,4,1,False,False,False,False,"[52, 42, 31, 33]"
g4d_offset2048_1024_high_density,140:storage_out,140,7,3,0,False,False,False,False,"[52, 31, 33]"
g4d_offset2048_1024_high_density,149:storage_out,149,8,4,1,False,False,False,False,"[52, 42, 31, 32]"
g4d_offset2048_1024_high_density,150:storage_out,150,6,3,0,False,False,False,False,"[52, 31, 32]"
g4d_offset2048_1024_high_density,151:storage_out,151,8,4,1,False,False,False,False,"[52, 42, 31, 32]"
g4d_offset2048_1024_high_density,172:storage_out,172,6,3,0,False,False,False,False,"[52, 31, 32]"
g4d_offset2048_1024_high_density,1901:storage_in,1901,7,1,0,False,True,True,False,[22]
g4d_offset2048_1024_high_density,1902:storage_in,1902,10,2,0,False,False,True,False,"[9, 11]"
g4d_offset2048_1024_high_density,1903:storage_in,1903,7,2,0,False,False,True,False,"[19, 22]"
g4d_offset2048_1024_high_density,1904:storage_in,1904,7,1,0,False,True,True,False,[22]
g4d_offset2048_1024_high_density,1905:storage_in,1905,9,1,0,False,True,True,False,[11]
g4d_offset2048_1024_high_density,1906:storage_in,1906,7,1,0,False,True,True,False,[16]
g4d_offset2048_1024_high_density,1907:storage_in,1907,10,2,0,False,False,True,False,"[9, 11]"
g4d_offset2048_1024_high_density,1908:storage_in,1908,9,2,2,False,False,True,False,"[6, 11]"
g4d_offset2048_1024_high_density,1909:storage_in,1909,9,1,0,False,True,True,False,[11]
g4d_offset2048_1024_high_density,1910:storage_in,1910,11,1,1,False,True,True,False,[19]
g4d_offset2048_1024_high_density,1911:storage_in,1911,8,2,1,False,False,True,False,"[16, 22]"
g4d_offset2048_1024_high_density,1912:direct,1912,13,4,1,False,False,False,False,"[16, 22, 31, 32]"
g4d_offset2048_1024_high_density,1913:storage_in,1913,10,2,0,False,False,True,False,"[9, 11]"
g4d_offset2048_1024_high_density,1914:storage_in,1914,7,1,0,False,True,True,False,[22]
g4d_offset2048_1024_high_density,1915:direct,1915,9,3,0,False,False,False,False,"[6, 11, 38]"
g4d_offset2048_1024_high_density,1916:storage_in,1916,9,2,2,False,False,True,False,"[6, 11]"
g4d_offset2048_1024_high_density,1917:storage_in,1917,11,1,1,False,True,True,False,[19]
g4d_offset2048_1024_high_density,1918:storage_in,1918,7,1,0,False,True,True,False,[22]
g4d_offset2048_1024_high_density,1919:storage_in,1919,8,2,1,False,False,True,False,"[16, 22]"
g4d_offset2048_1024_high_density,1920:storage_in,1920,9,1,0,False,True,True,False,[11]
g4d_offset2048_1024_high_density,1921:storage_in,1921,10,2,0,False,False,True,False,"[9, 11]"
g4d_offset2048_1024_high_density,1922:storage_in,1922,9,1,0,False,True,True,False,[11]
g4d_offset2048_1024_high_density,1923:storage_in,1923,9,1,1,False,True,True,False,[20]
g4d_offset2048_1024_high_density,1924:storage_in,1924,12,1,1,False,True,True,False,[22]
g4d_offset2048_1024_high_density,1925:storage_in,1925,10,2,0,False,False,True,False,"[9, 11]"
g4d_offset2048_1024_high_density,1926:direct,1926,9,3,1,False,False,False,False,"[9, 11, 36]"
g4d_offset2048_1024_high_density,1927:storage_in,1927,9,2,1,False,False,True,False,"[6, 11]"
g4d_offset2048_1024_high_density,1928:storage_in,1928,12,2,1,False,False,True,False,"[19, 22]"
g4d_offset2048_1024_high_density,1929:storage_in,1929,12,2,1,False,False,True,False,"[19, 22]"
g4d_offset2048_1024_high_density,1930:storage_in,1930,9,1,0,False,True,True,False,[11]
g4d_offset2048_1024_high_density,1931:direct,1931,14,4,1,False,False,False,False,"[6, 11, 31, 32]"
g4d_offset2048_1024_high_density,1932:storage_in,1932,12,1,1,False,True,True,False,[22]
g4d_offset2048_1024_high_density,1933:direct,1933,12,3,0,False,False,False,False,"[16, 31, 32]"
g4d_offset2048_1024_high_density,1934:storage_in,1934,9,1,1,False,True,True,False,[9]
g4d_offset2048_1024_high_density,1935:storage_in,1935,7,1,0,False,True,True,False,[16]
g4d_offset2048_1024_high_density,1936:direct,1936,14,3,1,False,False,False,False,"[11, 31, 32]"
g4d_offset2048_1024_high_density,1937:direct,1937,9,2,0,False,False,True,False,"[9, 38]"
g4d_offset2048_1024_high_density,1938:direct,1938,8,3,0,False,False,False,False,"[6, 11, 36]"
g4d_offset2048_1024_high_density,1939:storage_in,1939,9,2,1,False,False,True,False,"[6, 11]"
g4d_offset2048_1024_high_density,193:storage_out,193,9,4,1,False,False,False,False,"[52, 42, 31, 33]"
g4d_offset2048_1024_high_density,1940:storage_in,1940,12,1,1,False,True,True,False,[22]
g4d_offset2048_1024_high_density,1941:storage_in,1941,9,1,0,False,True,True,False,[11]
g4d_offset2048_1024_high_density,1942:storage_in,1942,9,1,0,False,True,True,False,[11]
g4d_offset2048_1024_high_density,1943:direct,1943,11,2,0,False,False,True,False,"[19, 38]"
g4d_offset2048_1024_high_density,1944:storage_in,1944,7,1,0,False,True,True,False,[20]
g4d_offset2048_1024_high_density,1945:direct,1945,12,2,1,False,False,True,False,"[22, 38]"
g4d_offset2048_1024_high_density,1946:storage_in,1946,11,1,1,False,True,True,False,[19]
g4d_offset2048_1024_high_density,1947:storage_in,1947,7,1,0,False,True,True,False,[20]
g4d_offset2048_1024_high_density,1948:storage_in,1948,10,2,0,False,False,True,False,"[9, 11]"
g4d_offset2048_1024_high_density,1949:direct,1949,13,4,1,False,False,False,False,"[16, 22, 31, 32]"
g4d_offset2048_1024_high_density,194:storage_out,194,7,3,0,False,False,False,False,"[52, 31, 33]"
g4d_offset2048_1024_high_density,1950:direct,1950,12,3,2,False,False,False,False,"[19, 22, 38]"
g4d_offset2048_1024_high_density,1951:storage_in,1951,7,1,0,False,True,True,False,[20]
g4d_offset2048_1024_high_density,1952:storage_in,1952,7,1,0,False,True,True,False,[16]
g4d_offset2048_1024_high_density,1953:storage_in,1953,9,1,1,False,True,True,False,[9]
g4d_offset2048_1024_high_density,1954:storage_in,1954,9,2,1,False,False,True,False,"[6, 11]"
g4d_offset2048_1024_high_density,1955:direct,1955,12,2,1,False,False,True,False,"[22, 38]"
g4d_offset2048_1024_high_density,1956:storage_in,1956,12,1,1,False,True,True,False,[22]
g4d_offset2048_1024_high_density,1957:storage_in,1957,8,1,0,False,True,True,False,[6]
g4d_offset2048_1024_high_density,1958:storage_in,1958,7,2,0,False,False,True,False,"[19, 22]"
g4d_offset2048_1024_high_density,1959:storage_in,1959,9,1,0,False,True,True,False,[11]
g4d_offset2048_1024_high_density,195:storage_out,195,4,2,0,False,False,True,False,"[52, 41]"
g4d_offset2048_1024_high_density,1960:direct,1960,11,2,0,False,False,True,False,"[19, 38]"
g4d_offset2048_1024_high_density,1961:storage_in,1961,10,2,0,False,False,True,False,"[9, 11]"
g4d_offset2048_1024_high_density,1962:storage_in,1962,8,2,1,False,False,True,False,"[16, 22]"
g4d_offset2048_1024_high_density,1963:storage_in,1963,9,2,2,False,False,True,False,"[6, 11]"
g4d_offset2048_1024_high_density,1964:storage_in,1964,9,1,0,False,True,True,False,[11]
g4d_offset2048_1024_high_density,1965:storage_in,1965,7,1,0,False,True,True,False,[22]
g4d_offset2048_1024_high_density,1966:direct,1966,12,3,0,False,False,False,False,"[16, 31, 32]"
g4d_offset2048_1024_high_density,1967:storage_in,1967,10,2,1,False,False,True,False,"[9, 11]"
g4d_offset2048_1024_high_density,1968:storage_in,1968,9,1,1,False,True,True,False,[11]
g4d_offset2048_1024_high_density,1969:direct,1969,12,2,1,False,False,True,False,"[22, 38]"
g4d_offset2048_1024_high_density,196:storage_out,196,4,2,0,False,False,True,False,"[52, 41]"
g4d_offset2048_1024_high_density,1970:storage_in,1970,8,1,0,False,True,True,False,[6]
g4d_offset2048_1024_high_density,1971:storage_in,1971,9,1,0,False,True,True,False,[11]
g4d_offset2048_1024_high_density,1972:storage_in,1972,7,1,0,False,True,True,False,[16]
g4d_offset2048_1024_high_density,1973:storage_in,1973,11,1,1,False,True,True,False,[19]
g4d_offset2048_1024_high_density,1974:storage_in,1974,12,1,1,False,True,True,False,[22]
g4d_offset2048_1024_high_density,1975:storage_in,1975,8,2,1,False,False,True,False,"[16, 22]"
g4d_offset2048_1024_high_density,1976:storage_in,1976,10,2,0,False,False,True,False,"[9, 11]"
g4d_offset2048_1024_high_density,1977:storage_in,1977,10,2,0,False,False,True,False,"[9, 11]"
g4d_offset2048_1024_high_density,1978:storage_in,1978,8,1,0,False,True,True,False,[6]
g4d_offset2048_1024_high_density,1979:direct,1979,12,2,1,False,False,True,False,"[22, 38]"
g4d_offset2048_1024_high_density,197:storage_out,197,7,3,0,False,False,False,False,"[52, 31, 33]"
g4d_offset2048_1024_high_density,1980:storage_in,1980,9,2,1,False,False,True,False,"[6, 11]"
g4d_offset2048_1024_high_density,1981:storage_in,1981,8,1,0,False,True,True,False,[6]
g4d_offset2048_1024_high_density,1982:storage_in,1982,12,2,1,False,False,True,False,"[19, 22]"
g4d_offset2048_1024_high_density,1983:direct,1983,8,2,0,False,False,True,False,"[11, 36]"
g4d_offset2048_1024_high_density,1984:storage_in,1984,9,1,0,False,True,True,False,[11]
g4d_offset2048_1024_high_density,1985:storage_in,1985,9,1,0,False,True,True,False,[11]
g4d_offset2048_1024_high_density,1986:storage_in,1986,7,2,0,False,False,True,False,"[19, 22]"
g4d_offset2048_1024_high_density,1987:storage_in,1987,7,2,0,False,False,True,False,"[19, 22]"
g4d_offset2048_1024_high_density,1988:storage_in,1988,10,2,0,False,False,True,False,"[9, 11]"
g4d_offset2048_1024_high_density,1989:storage_in,1989,13,2,2,False,False,True,False,"[16, 22]"
g4d_offset2048_1024_high_density,198:storage_out,198,7,3,0,False,False,False,False,"[52, 31, 33]"
g4d_offset2048_1024_high_density,1990:storage_in,1990,9,2,1,False,False,True,False,"[6, 11]"
g4d_offset2048_1024_high_density,1991:storage_in,1991,7,1,0,False,True,True,False,[22]
g4d_offset2048_1024_high_density,1992:storage_in,1992,7,1,0,False,True,True,False,[16]
g4d_offset2048_1024_high_density,1993:storage_in,1993,7,1,0,False,True,True,False,[16]
g4d_offset2048_1024_high_density,1994:storage_in,1994,11,1,1,False,True,True,False,[19]
g4d_offset2048_1024_high_density,1995:storage_in,1995,7,1,0,False,True,True,False,[16]
g4d_offset2048_1024_high_density,1996:storage_in,1996,12,1,1,False,True,True,False,[22]
g4d_offset2048_1024_high_density,1997:storage_in,1997,12,1,1,False,True,True,False,[22]
g4d_offset2048_1024_high_density,1998:storage_in,1998,7,1,0,False,True,True,False,[22]
g4d_offset2048_1024_high_density,1999:storage_in,1999,12,2,1,False,False,True,False,"[19, 22]"
g4d_offset2048_1024_high_density,199:storage_out,199,9,4,1,False,False,False,False,"[52, 42, 31, 33]"
g4d_offset2048_1024_high_density,2000:storage_in,2000,12,2,1,False,False,True,False,"[19, 22]"
g4d_offset2048_1024_high_density,2001:storage_in,2001,8,2,1,False,False,True,False,"[16, 22]"
g4d_offset2048_1024_high_density,2002:direct,2002,16,4,2,False,False,False,False,"[9, 11, 31, 33]"
g4d_offset2048_1024_high_density,2003:storage_in,2003,9,1,0,False,True,True,False,[11]
g4d_offset2048_1024_high_density,2004:storage_in,2004,13,2,2,False,False,True,False,"[16, 22]"
g4d_offset2048_1024_high_density,2005:storage_in,2005,12,1,1,False,True,True,False,[22]
g4d_offset2048_1024_high_density,2006:storage_in,2006,10,2,0,False,False,True,False,"[9, 11]"
g4d_offset2048_1024_high_density,2007:storage_in,2007,8,1,0,False,True,True,False,[6]
g4d_offset2048_1024_high_density,2008:storage_in,2008,12,2,1,False,False,True,False,"[19, 22]"
g4d_offset2048_1024_high_density,2009:storage_in,2009,9,1,1,False,True,True,False,[20]
g4d_offset2048_1024_high_density,200:storage_out,200,4,2,0,False,False,True,False,"[52, 41]"
g4d_offset2048_1024_high_density,2010:storage_in,2010,12,1,1,False,True,True,False,[22]
g4d_offset2048_1024_high_density,2011:direct,2011,15,3,1,False,False,False,False,"[11, 31, 33]"
g4d_offset2048_1024_high_density,2012:storage_in,2012,8,1,0,False,True,True,False,[6]
g4d_offset2048_1024_high_density,2013:direct,2013,15,3,1,False,False,False,False,"[19, 22, 41]"
g4d_offset2048_1024_high_density,2014:storage_in,2014,9,1,0,False,True,True,False,[11]
g4d_offset2048_1024_high_density,2015:direct,2015,16,4,2,False,False,False,False,"[9, 11, 31, 33]"
g4d_offset2048_1024_high_density,2016:direct,2016,8,3,1,False,False,False,False,"[16, 22, 27]"
g4d_offset2048_1024_high_density,2017:storage_in,2017,10,2,0,False,False,True,False,"[9, 11]"
g4d_offset2048_1024_high_density,2018:direct,2018,12,3,0,False,False,False,False,"[16, 31, 32]"
g4d_offset2048_1024_high_density,2019:storage_in,2019,9,2,2,False,False,True,False,"[6, 11]"
g4d_offset2048_1024_high_density,201:storage_out,201,7,3,0,False,False,False,False,"[52, 31, 33]"
g4d_offset2048_1024_high_density,2020:storage_in,2020,12,1,1,False,True,True,False,[22]
g4d_offset2048_1024_high_density,2021:storage_in,2021,9,2,1,False,False,True,False,"[6, 11]"
g4d_offset2048_1024_high_density,2022:storage_in,2022,9,1,0,False,True,True,False,[11]
g4d_offset2048_1024_high_density,2023:storage_in,2023,10,2,0,False,False,True,False,"[9, 11]"
g4d_offset2048_1024_high_density,2024:storage_in,2024,11,1,1,False,True,True,False,[19]
g4d_offset2048_1024_high_density,2025:storage_in,2025,7,1,0,False,True,True,False,[16]
g4d_offset2048_1024_high_density,2026:direct,2026,14,3,1,False,False,False,False,"[6, 31, 33]"
g4d_offset2048_1024_high_density,2027:storage_in,2027,12,1,1,False,True,True,False,[22]
g4d_offset2048_1024_high_density,2028:storage_in,2028,7,1,0,False,True,True,False,[20]
g4d_offset2048_1024_high_density,2029:storage_in,2029,10,2,0,False,False,True,False,"[9, 11]"
g4d_offset2048_1024_high_density,2030:storage_in,2030,11,1,1,False,True,True,False,[19]
g4d_offset2048_1024_high_density,2031:direct,2031,15,3,1,False,False,False,False,"[11, 31, 33]"
g4d_offset2048_1024_high_density,2032:storage_in,2032,10,2,0,False,False,True,False,"[9, 11]"
g4d_offset2048_1024_high_density,2033:direct,2033,14,2,1,False,False,True,False,"[19, 41]"
g4d_offset2048_1024_high_density,2034:storage_in,2034,9,1,0,False,True,True,False,[11]
g4d_offset2048_1024_high_density,2035:storage_in,2035,7,1,0,False,True,True,False,[16]
g4d_offset2048_1024_high_density,2036:direct,2036,15,4,1,False,False,False,False,"[6, 11, 31, 33]"
g4d_offset2048_1024_high_density,2037:storage_in,2037,9,1,1,False,True,True,False,[20]
g4d_offset2048_1024_high_density,2038:storage_in,2038,8,1,0,False,True,True,False,[6]
g4d_offset2048_1024_high_density,2039:direct,2039,15,2,1,False,False,True,False,"[22, 41]"
g4d_offset2048_1024_high_density,2040:direct,2040,8,2,0,False,False,True,False,"[11, 36]"
g4d_offset2048_1024_high_density,2041:storage_in,2041,8,2,1,False,False,True,False,"[16, 22]"
g4d_offset2048_1024_high_density,2042:direct,2042,15,3,1,False,False,False,False,"[19, 22, 41]"
g4d_offset2048_1024_high_density,2043:storage_in,2043,10,2,0,False,False,True,False,"[9, 11]"
g4d_offset2048_1024_high_density,2044:direct,2044,8,3,1,False,False,False,False,"[16, 22, 27]"
g4d_offset2048_1024_high_density,2045:storage_in,2045,12,1,1,False,True,True,False,[22]
g4d_offset2048_1024_high_density,2046:storage_in,2046,7,1,0,False,True,True,False,[22]
g4d_offset2048_1024_high_density,2047:storage_in,2047,9,2,1,False,False,True,False,"[6, 11]"
g4d_offset2048_1024_high_density,2048:storage_in,2048,11,1,1,False,True,True,False,[19]
g4d_offset2048_1024_high_density,2049:direct,2049,12,3,0,False,False,False,False,"[22, 31, 32]"
g4d_offset2048_1024_high_density,2050:direct,2050,8,3,1,False,False,False,False,"[16, 22, 27]"
g4d_offset2048_1024_high_density,2051:storage_in,2051,9,1,0,False,True,True,False,[11]
g4d_offset2048_1024_high_density,2052:direct,2052,11,2,0,False,False,True,False,"[19, 38]"
g4d_offset2048_1024_high_density,2053:direct,2053,15,2,1,False,False,True,False,"[22, 41]"
g4d_offset2048_1024_high_density,2054:direct,2054,8,2,0,False,False,True,False,"[9, 36]"
g4d_offset2048_1024_high_density,2055:direct,2055,11,2,0,False,False,True,False,"[19, 38]"
g4d_offset2048_1024_high_density,2056:direct,2056,15,4,1,False,False,False,False,"[6, 11, 31, 33]"
g4d_offset2048_1024_high_density,2057:direct,2057,14,2,1,False,False,True,False,"[19, 41]"
g4d_offset2048_1024_high_density,2058:storage_in,2058,9,1,0,False,True,True,False,[11]
g4d_offset2048_1024_high_density,2059:storage_in,2059,7,1,0,False,True,True,False,[16]
g4d_offset2048_1024_high_density,2060:storage_in,2060,9,1,0,False,True,True,False,[11]
g4d_offset2048_1024_high_density,2061:storage_in,2061,7,1,0,False,True,True,False,[16]
g4d_offset2048_1024_high_density,2062:storage_in,2062,7,1,0,False,True,True,False,[22]
g4d_offset2048_1024_high_density,2063:storage_in,2063,10,2,0,False,False,True,False,"[9, 11]"
g4d_offset2048_1024_high_density,2064:storage_in,2064,12,1,1,False,True,True,False,[22]
g4d_offset2048_1024_high_density,2065:storage_in,2065,8,1,0,False,True,True,False,[6]
g4d_offset2048_1024_high_density,2066:storage_in,2066,11,1,1,False,True,True,False,[19]
g4d_offset2048_1024_high_density,2067:storage_in,2067,7,1,0,False,True,True,False,[16]
g4d_offset2048_1024_high_density,2068:storage_in,2068,8,2,1,False,False,True,False,"[16, 22]"
g4d_offset2048_1024_high_density,2069:storage_in,2069,9,1,0,False,True,True,False,[11]
g4d_offset2048_1024_high_density,2070:direct,2070,9,3,1,False,False,False,False,"[9, 11, 36]"
g4d_offset2048_1024_high_density,2071:storage_in,2071,7,1,0,False,True,True,False,[22]
g4d_offset2048_1024_high_density,2072:storage_in,2072,11,1,1,False,True,True,False,[19]
g4d_offset2048_1024_high_density,2073:direct,2073,16,4,2,False,False,False,False,"[9, 11, 31, 33]"
g4d_offset2048_1024_high_density,2074:direct,2074,8,2,0,False,False,True,False,"[9, 36]"
g4d_offset2048_1024_high_density,2075:storage_in,2075,8,1,0,False,True,True,False,[6]
g4d_offset2048_1024_high_density,2076:storage_in,2076,7,1,0,False,True,True,False,[16]
g4d_offset2048_1024_high_density,2077:direct,2077,14,3,1,False,False,False,False,"[6, 31, 33]"
g4d_offset2048_1024_high_density,2078:direct,2078,11,2,0,False,False,True,False,"[19, 38]"
g4d_offset2048_1024_high_density,2079:storage_in,2079,12,1,1,False,True,True,False,[22]
g4d_offset2048_1024_high_density,2080:direct,2080,8,2,0,False,False,True,False,"[11, 36]"
g4d_offset2048_1024_high_density,2081:storage_in,2081,7,2,0,False,False,True,False,"[19, 22]"
g4d_offset2048_1024_high_density,2082:direct,2082,8,2,0,False,False,True,False,"[9, 36]"
g4d_offset2048_1024_high_density,2083:storage_in,2083,8,2,1,False,False,True,False,"[16, 22]"
g4d_offset2048_1024_high_density,2084:storage_in,2084,7,1,0,False,True,True,False,[22]
g4d_offset2048_1024_high_density,2085:storage_in,2085,7,1,0,False,True,True,False,[22]
g4d_offset2048_1024_high_density,2086:storage_in,2086,8,2,1,False,False,True,False,"[16, 22]"
g4d_offset2048_1024_high_density,2087:direct,2087,14,2,1,False,False,True,False,"[19, 41]"
g4d_offset2048_1024_high_density,2088:storage_in,2088,7,1,0,False,True,True,False,[22]
g4d_offset2048_1024_high_density,2089:storage_in,2089,8,2,1,False,False,True,False,"[16, 22]"
g4d_offset2048_1024_high_density,2090:storage_in,2090,11,1,1,False,True,True,False,[19]
g4d_offset2048_1024_high_density,2091:storage_in,2091,7,1,0,False,True,True,False,[22]
g4d_offset2048_1024_high_density,2092:direct,2092,8,3,0,False,False,False,False,"[6, 11, 36]"
g4d_offset2048_1024_high_density,2093:storage_in,2093,8,2,1,False,False,True,False,"[16, 22]"
g4d_offset2048_1024_high_density,2094:direct,2094,15,3,1,False,False,False,False,"[11, 31, 33]"
g4d_offset2048_1024_high_density,2095:storage_in,2095,7,2,0,False,False,True,False,"[19, 22]"
g4d_offset2048_1024_high_density,2096:direct,2096,16,4,2,False,False,False,False,"[9, 11, 31, 33]"
g4d_offset2048_1024_high_density,2097:storage_in,2097,12,1,1,False,True,True,False,[22]
g4d_offset2048_1024_high_density,2098:storage_in,2098,8,2,1,False,False,True,False,"[16, 22]"
g4d_offset2048_1024_high_density,2099:direct,2099,17,6,1,False,False,False,True,"[6, 11, 36, 42, 31, 33]"
g4d_offset2048_1024_high_density,2100:storage_in,2100,12,1,1,False,True,True,False,[22]
g4d_offset2048_1024_high_density,2101:direct,2101,11,2,0,False,False,True,False,"[19, 38]"
g4d_offset2048_1024_high_density,2102:direct,2102,13,4,1,False,False,False,False,"[16, 22, 31, 32]"
g4d_offset2048_1024_high_density,2103:direct,2103,12,3,0,False,False,False,False,"[22, 31, 32]"
g4d_offset2048_1024_high_density,2104:direct,2104,12,4,1,False,False,False,False,"[19, 22, 31, 32]"
g4d_offset2048_1024_high_density,2105:storage_in,2105,9,2,2,False,False,True,False,"[6, 11]"
g4d_offset2048_1024_high_density,2106:direct,2106,7,3,0,False,False,False,False,"[19, 22, 27]"
g4d_offset2048_1024_high_density,2107:storage_in,2107,9,1,0,False,True,True,False,[11]
g4d_offset2048_1024_high_density,2108:storage_in,2108,9,1,0,False,True,True,False,[11]
g4d_offset2048_1024_high_density,2109:direct,2109,9,3,1,False,False,False,False,"[9, 11, 36]"
g4d_offset2048_1024_high_density,210:storage_out,210,4,2,0,False,False,True,False,"[52, 41]"
g4d_offset2048_1024_high_density,2110:direct,2110,8,3,0,False,False,False,False,"[6, 11, 36]"
g4d_offset2048_1024_high_density,2111:direct,2111,13,4,1,False,False,False,False,"[16, 22, 31, 32]"
g4d_offset2048_1024_high_density,2112:direct,2112,8,3,1,False,False,False,False,"[16, 22, 27]"
g4d_offset2048_1024_high_density,2113:direct,2113,8,2,0,False,False,True,False,"[11, 36]"
g4d_offset2048_1024_high_density,2114:direct,2114,9,3,1,False,False,False,False,"[9, 11, 36]"
g4d_offset2048_1024_high_density,2115:storage_in,2115,10,2,0,False,False,True,False,"[9, 11]"
g4d_offset2048_1024_high_density,2116:direct,2116,7,2,0,False,False,True,False,"[22, 27]"
g4d_offset2048_1024_high_density,2117:direct,2117,8,3,0,False,False,False,False,"[6, 11, 36]"
g4d_offset2048_1024_high_density,2118:direct,2118,12,3,0,False,False,False,False,"[22, 31, 32]"
g4d_offset2048_1024_high_density,2119:storage_in,2119,11,1,1,False,True,True,False,[19]
g4d_offset2048_1024_high_density,2120:direct,2120,14,2,1,False,False,True,False,"[19, 41]"
g4d_offset2048_1024_high_density,2121:direct,2121,8,3,1,False,False,False,False,"[16, 22, 27]"
g4d_offset2048_1024_high_density,2122:direct,2122,12,4,1,False,False,False,False,"[19, 22, 31, 32]"
g4d_offset2048_1024_high_density,2123:direct,2123,13,4,1,False,False,False,False,"[16, 22, 31, 32]"
g4d_offset2048_1024_high_density,2124:storage_in,2124,9,1,0,False,True,True,False,[11]
g4d_offset2048_1024_high_density,2125:storage_in,2125,10,2,0,False,False,True,False,"[9, 11]"
g4d_offset2048_1024_high_density,2126:direct,2126,15,2,1,False,False,True,False,"[22, 41]"
g4d_offset2048_1024_high_density,2127:storage_in,2127,11,1,1,False,True,True,False,[19]
g4d_offset2048_1024_high_density,2128:direct,2128,12,3,0,False,False,False,False,"[22, 31, 32]"
g4d_offset2048_1024_high_density,2129:storage_in,2129,9,2,2,False,False,True,False,"[6, 11]"
g4d_offset2048_1024_high_density,2130:direct,2130,8,3,1,False,False,False,False,"[16, 22, 27]"
g4d_offset2048_1024_high_density,2131:storage_in,2131,9,1,0,False,True,True,False,[11]
g4d_offset2048_1024_high_density,2132:direct,2132,15,2,1,False,False,True,False,"[22, 41]"
g4d_offset2048_1024_high_density,2133:direct,2133,9,3,1,False,False,False,False,"[9, 11, 36]"
g4d_offset2048_1024_high_density,2134:direct,2134,12,3,2,False,False,False,False,"[19, 22, 38]"
g4d_offset2048_1024_high_density,2135:storage_in,2135,8,1,0,False,True,True,False,[6]
g4d_offset2048_1024_high_density,2136:storage_in,2136,7,1,0,False,True,True,False,[20]
g4d_offset2048_1024_high_density,2137:storage_in,2137,9,1,0,False,True,True,False,[11]
g4d_offset2048_1024_high_density,2138:storage_in,2138,9,1,1,False,True,True,False,[20]
g4d_offset2048_1024_high_density,2139:direct,2139,9,3,1,False,False,False,False,"[9, 11, 36]"
g4d_offset2048_1024_high_density,2140:storage_in,2140,7,2,0,False,False,True,False,"[19, 22]"
g4d_offset2048_1024_high_density,2141:storage_in,2141,7,1,0,False,True,True,False,[20]
g4d_offset2048_1024_high_density,2142:storage_in,2142,8,2,1,False,False,True,False,"[16, 22]"
g4d_offset2048_1024_high_density,2143:direct,2143,8,3,0,False,False,False,False,"[6, 11, 36]"
g4d_offset2048_1024_high_density,2144:direct,2144,8,3,0,False,False,False,False,"[6, 11, 36]"
g4d_offset2048_1024_high_density,2145:storage_in,2145,7,1,0,False,True,True,False,[20]
g4d_offset2048_1024_high_density,2146:storage_in,2146,8,2,1,False,False,True,False,"[16, 22]"
g4d_offset2048_1024_high_density,2147:direct,2147,8,2,0,False,False,True,False,"[11, 36]"
g4d_offset2048_1024_high_density,2148:storage_in,2148,9,1,1,False,True,True,False,[20]
g4d_offset2048_1024_high_density,2149:storage_in,2149,9,1,0,False,True,True,False,[11]
g4d_offset2048_1024_high_density,214:storage_out,214,13,3,2,False,False,False,False,"[52, 42, 38]"
g4d_offset2048_1024_high_density,2150:direct,2150,9,3,1,False,False,False,False,"[9, 11, 36]"
g4d_offset2048_1024_high_density,2151:direct,2151,12,3,0,False,False,False,False,"[22, 31, 32]"
g4d_offset2048_1024_high_density,2152:storage_in,2152,7,1,0,False,True,True,False,[20]
g4d_offset2048_1024_high_density,2153:storage_in,2153,12,1,1,False,True,True,False,[22]
g4d_offset2048_1024_high_density,2154:direct,2154,8,3,0,False,False,False,False,"[6, 11, 36]"
g4d_offset2048_1024_high_density,2155:storage_in,2155,7,1,0,False,True,True,False,[20]
g4d_offset2048_1024_high_density,2156:direct,2156,11,2,0,False,False,True,False,"[19, 38]"
g4d_offset2048_1024_high_density,2157:direct,2157,7,3,0,False,False,False,False,"[19, 22, 27]"
g4d_offset2048_1024_high_density,2158:storage_in,2158,8,2,1,False,False,True,False,"[16, 22]"
g4d_offset2048_1024_high_density,2159:storage_in,2159,9,1,0,False,True,True,False,[11]
g4d_offset2048_1024_high_density,2160:storage_in,2160,9,1,1,False,True,True,False,[20]
g4d_offset2048_1024_high_density,2161:storage_in,2161,8,2,1,False,False,True,False,"[16, 22]"
g4d_offset2048_1024_high_density,2162:storage_in,2162,9,1,1,False,True,True,False,[20]
g4d_offset2048_1024_high_density,2163:storage_in,2163,7,1,0,False,True,True,False,[22]
g4d_offset2048_1024_high_density,2164:direct,2164,9,3,1,False,False,False,False,"[9, 11, 36]"
g4d_offset2048_1024_high_density,2165:storage_in,2165,11,1,1,False,True,True,False,[19]
g4d_offset2048_1024_high_density,2166:storage_in,2166,7,1,0,False,True,True,False,[20]
g4d_offset2048_1024_high_density,2167:storage_in,2167,9,2,2,False,False,True,False,"[6, 11]"
g4d_offset2048_1024_high_density,2168:storage_in,2168,7,1,0,False,True,True,False,[20]
g4d_offset2048_1024_high_density,2169:direct,2169,12,2,1,False,False,True,False,"[22, 38]"
g4d_offset2048_1024_high_density,2170:storage_in,2170,7,1,0,False,True,True,False,[20]
g4d_offset2048_1024_high_density,2171:storage_in,2171,7,1,0,False,True,True,False,[20]
g4d_offset2048_1024_high_density,2172:storage_in,2172,7,1,0,False,True,True,False,[20]
g4d_offset2048_1024_high_density,2173:storage_in,2173,7,1,0,False,True,True,False,[20]
g4d_offset2048_1024_high_density,2174:direct,2174,8,2,0,False,False,True,False,"[11, 36]"
g4d_offset2048_1024_high_density,2175:storage_in,2175,8,2,1,False,False,True,False,"[16, 22]"
g4d_offset2048_1024_high_density,2176:storage_in,2176,8,2,1,False,False,True,False,"[16, 22]"
g4d_offset2048_1024_high_density,2177:storage_in,2177,7,1,0,False,True,True,False,[20]
g4d_offset2048_1024_high_density,2178:storage_in,2178,11,1,1,False,True,True,False,[19]
g4d_offset2048_1024_high_density,2179:storage_in,2179,9,1,1,False,True,True,False,[20]
g4d_offset2048_1024_high_density,2180:direct,2180,8,2,0,False,False,True,False,"[9, 36]"
g4d_offset2048_1024_high_density,2181:storage_in,2181,7,1,0,False,True,True,False,[20]
g4d_offset2048_1024_high_density,2182:direct,2182,8,3,0,False,False,False,False,"[6, 11, 36]"
g4d_offset2048_1024_high_density,2183:storage_in,2183,7,1,0,False,True,True,False,[20]
g4d_offset2048_1024_high_density,2184:storage_in,2184,7,1,0,False,True,True,False,[20]
g4d_offset2048_1024_high_density,2185:storage_in,2185,7,1,0,False,True,True,False,[20]
g4d_offset2048_1024_high_density,2186:storage_in,2186,7,1,0,False,True,True,False,[20]
g4d_offset2048_1024_high_density,2187:storage_in,2187,9,1,0,False,True,True,False,[11]
g4d_offset2048_1024_high_density,2188:direct,2188,9,3,1,False,False,False,False,"[9, 11, 36]"
g4d_offset2048_1024_high_density,2189:storage_in,2189,7,1,0,False,True,True,False,[20]
g4d_offset2048_1024_high_density,2190:storage_in,2190,7,1,0,False,True,True,False,[20]
g4d_offset2048_1024_high_density,2191:direct,2191,9,3,1,False,False,False,False,"[9, 11, 36]"
g4d_offset2048_1024_high_density,2192:storage_in,2192,7,1,0,False,True,True,False,[22]
g4d_offset2048_1024_high_density,2193:direct,2193,8,3,0,False,False,False,False,"[6, 11, 36]"
g4d_offset2048_1024_high_density,2194:storage_in,2194,7,1,0,False,True,True,False,[20]
g4d_offset2048_1024_high_density,2195:direct,2195,8,3,0,False,False,False,False,"[6, 11, 36]"
g4d_offset2048_1024_high_density,2196:storage_in,2196,9,1,0,False,True,True,False,[11]
g4d_offset2048_1024_high_density,2197:storage_in,2197,7,1,0,False,True,True,False,[20]
g4d_offset2048_1024_high_density,2198:storage_in,2198,10,2,0,False,False,True,False,"[9, 11]"
g4d_offset2048_1024_high_density,2199:storage_in,2199,7,1,0,False,True,True,False,[20]
g4d_offset2048_1024_high_density,2200:storage_in,2200,7,1,0,False,True,True,False,[20]
g4d_offset2048_1024_high_density,2201:storage_in,2201,9,1,1,False,True,True,False,[20]
g4d_offset2048_1024_high_density,2202:storage_in,2202,7,1,0,False,True,True,False,[20]
g4d_offset2048_1024_high_density,2203:storage_in,2203,7,1,0,False,True,True,False,[20]
g4d_offset2048_1024_high_density,2204:storage_in,2204,7,1,0,False,True,True,False,[20]
g4d_offset2048_1024_high_density,2205:direct,2205,8,3,0,False,False,False,False,"[6, 11, 36]"
g4d_offset2048_1024_high_density,2206:storage_in,2206,7,1,0,False,True,True,False,[20]
g4d_offset2048_1024_high_density,2207:direct,2207,8,2,0,False,False,True,False,"[11, 36]"
g4d_offset2048_1024_high_density,2208:storage_in,2208,7,1,0,False,True,True,False,[20]
g4d_offset2048_1024_high_density,2209:storage_in,2209,7,1,0,False,True,True,False,[20]
g4d_offset2048_1024_high_density,2210:direct,2210,8,2,0,False,False,True,False,"[11, 36]"
g4d_offset2048_1024_high_density,2211:direct,2211,9,3,1,False,False,False,False,"[9, 11, 36]"
g4d_offset2048_1024_high_density,2212:direct,2212,7,3,0,False,False,False,False,"[19, 22, 27]"
g4d_offset2048_1024_high_density,2213:storage_in,2213,7,1,0,False,True,True,False,[20]
g4d_offset2048_1024_high_density,2214:direct,2214,8,3,0,False,False,False,False,"[6, 11, 36]"
g4d_offset2048_1024_high_density,2215:direct,2215,8,2,0,False,False,True,False,"[11, 36]"
g4d_offset2048_1024_high_density,2216:storage_in,2216,10,2,0,False,False,True,False,"[9, 11]"
g4d_offset2048_1024_high_density,2217:storage_in,2217,8,1,0,False,True,True,False,[6]
g4d_offset2048_1024_high_density,2218:direct,2218,8,2,0,False,False,True,False,"[11, 36]"
g4d_offset2048_1024_high_density,2219:storage_in,2219,10,2,0,False,False,True,False,"[9, 11]"
g4d_offset2048_1024_high_density,2220:direct,2220,9,3,1,False,False,False,False,"[9, 11, 36]"
g4d_offset2048_1024_high_density,2221:direct,2221,12,3,0,False,False,False,False,"[16, 31, 32]"
g4d_offset2048_1024_high_density,2222:direct,2222,8,3,0,False,False,False,False,"[6, 11, 36]"
g4d_offset2048_1024_high_density,2223:direct,2223,7,2,0,False,False,True,False,"[16, 27]"
g4d_offset2048_1024_high_density,2224:storage_in,2224,7,1,0,False,True,True,False,[20]
g4d_offset2048_1024_high_density,2225:direct,2225,8,2,0,False,False,True,False,"[11, 36]"
g4d_offset2048_1024_high_density,2226:storage_in,2226,9,1,1,False,True,True,False,[20]
g4d_offset2048_1024_high_density,2227:direct,2227,9,3,1,False,False,False,False,"[9, 11, 36]"
g4d_offset2048_1024_high_density,2228:storage_in,2228,7,1,0,False,True,True,False,[20]
g4d_offset2048_1024_high_density,2229:direct,2229,8,3,0,False,False,False,False,"[6, 11, 36]"
g4d_offset2048_1024_high_density,2230:direct,2230,8,2,0,False,False,True,False,"[11, 36]"
g4d_offset2048_1024_high_density,2231:direct,2231,9,3,1,False,False,False,False,"[9, 11, 36]"
g4d_offset2048_1024_high_density,2232:direct,2232,14,3,1,False,False,False,False,"[6, 31, 33]"
g4d_offset2048_1024_high_density,2233:direct,2233,7,2,0,False,False,True,False,"[22, 27]"
g4d_offset2048_1024_high_density,2234:storage_in,2234,7,1,0,False,True,True,False,[20]
g4d_offset2048_1024_high_density,2235:direct,2235,8,2,0,False,False,True,False,"[11, 36]"
g4d_offset2048_1024_high_density,2236:direct,2236,9,3,1,False,False,False,False,"[9, 11, 36]"
g4d_offset2048_1024_high_density,2237:direct,2237,8,3,0,False,False,False,False,"[6, 11, 36]"
g4d_offset2048_1024_high_density,2238:direct,2238,8,3,0,False,False,False,False,"[6, 11, 36]"
g4d_offset2048_1024_high_density,2239:direct,2239,8,2,0,False,False,True,False,"[11, 36]"
g4d_offset2048_1024_high_density,2240:storage_in,2240,10,2,0,False,False,True,False,"[9, 11]"
g4d_offset2048_1024_high_density,2241:storage_in,2241,7,2,0,False,False,True,False,"[19, 22]"
g4d_offset2048_1024_high_density,2242:direct,2242,12,3,0,False,False,False,False,"[22, 31, 32]"
g4d_offset2048_1024_high_density,2243:direct,2243,8,3,0,False,False,False,False,"[6, 11, 36]"
g4d_offset2048_1024_high_density,2244:storage_in,2244,7,1,0,False,True,True,False,[20]
g4d_offset2048_1024_high_density,2245:direct,2245,8,2,0,False,False,True,False,"[11, 36]"
g4d_offset2048_1024_high_density,2246:storage_in,2246,7,1,0,False,True,True,False,[20]
g4d_offset2048_1024_high_density,2247:direct,2247,9,3,1,False,False,False,False,"[9, 11, 36]"
g4d_offset2048_1024_high_density,2248:storage_in,2248,7,1,0,False,True,True,False,[20]
g4d_offset2048_1024_high_density,2249:storage_in,2249,7,1,0,False,True,True,False,[20]
g4d_offset2048_1024_high_density,2250:direct,2250,8,2,0,False,False,True,False,"[20, 36]"
g4d_offset2048_1024_high_density,2251:storage_in,2251,7,1,0,False,True,True,False,[20]
g4d_offset2048_1024_high_density,2252:storage_in,2252,8,1,0,False,True,True,False,[6]
g4d_offset2048_1024_high_density,2253:direct,2253,8,2,0,False,False,True,False,"[11, 36]"
g4d_offset2048_1024_high_density,2254:direct,2254,8,2,0,False,False,True,False,"[20, 36]"
g4d_offset2048_1024_high_density,2255:direct,2255,9,3,1,False,False,False,False,"[9, 11, 36]"
g4d_offset2048_1024_high_density,2256:storage_in,2256,7,1,0,False,True,True,False,[20]
g4d_offset2048_1024_high_density,2257:storage_in,2257,7,1,0,False,True,True,False,[20]
g4d_offset2048_1024_high_density,2258:storage_in,2258,7,1,0,False,True,True,False,[20]
g4d_offset2048_1024_high_density,2259:storage_in,2259,9,2,2,False,False,True,False,"[6, 11]"
g4d_offset2048_1024_high_density,2260:storage_in,2260,7,1,0,False,True,True,False,[20]
g4d_offset2048_1024_high_density,2261:storage_in,2261,9,1,0,False,True,True,False,[11]
g4d_offset2048_1024_high_density,2262:direct,2262,9,3,1,False,False,False,False,"[9, 11, 36]"
g4d_offset2048_1024_high_density,2263:direct,2263,14,3,1,False,False,False,False,"[6, 31, 33]"
g4d_offset2048_1024_high_density,2264:storage_in,2264,7,1,0,False,True,True,False,[20]
g4d_offset2048_1024_high_density,2265:direct,2265,9,2,0,False,False,True,False,"[11, 38]"
g4d_offset2048_1024_high_density,2266:direct,2266,10,3,1,False,False,False,False,"[9, 11, 38]"
g4d_offset2048_1024_high_density,2267:direct,2267,8,2,0,False,False,True,False,"[11, 36]"
g4d_offset2048_1024_high_density,2268:direct,2268,18,3,1,False,False,False,False,"[6, 31, 38]"
g4d_offset2048_1024_high_density,2269:direct,2269,9,2,0,False,False,True,False,"[11, 38]"
g4d_offset2048_1024_high_density,2270:storage_in,2270,10,2,0,False,False,True,False,"[9, 11]"
g4d_offset2048_1024_high_density,2271:storage_in,2271,7,1,0,False,True,True,False,[20]
g4d_offset2048_1024_high_density,2272:storage_in,2272,7,1,0,False,True,True,False,[22]
g4d_offset2048_1024_high_density,2273:direct,2273,11,2,0,False,False,True,False,"[19, 38]"
g4d_offset2048_1024_high_density,2274:storage_in,2274,9,2,2,False,False,True,False,"[6, 11]"
g4d_offset2048_1024_high_density,2275:storage_in,2275,11,1,1,False,True,True,False,[19]
g4d_offset2048_1024_high_density,2276:storage_in,2276,8,2,1,False,False,True,False,"[16, 22]"
g4d_offset2048_1024_high_density,2277:direct,2277,13,4,1,False,False,False,False,"[16, 22, 31, 32]"
g4d_offset2048_1024_high_density,2278:storage_in,2278,9,1,1,False,True,True,False,[20]
g4d_offset2048_1024_high_density,2279:storage_in,2279,8,2,1,False,False,True,False,"[16, 22]"
g4d_offset2048_1024_high_density,2280:storage_in,2280,12,1,1,False,True,True,False,[22]
g4d_offset2048_1024_high_density,2281:storage_in,2281,9,1,1,False,True,True,False,[20]
g4d_offset2048_1024_high_density,2282:storage_in,2282,9,1,0,False,True,True,False,[11]
g4d_offset2048_1024_high_density,2283:direct,2283,15,2,1,False,False,True,False,"[22, 41]"
g4d_offset2048_1024_high_density,2284:direct,2284,11,2,0,False,False,True,False,"[19, 38]"
g4d_offset2048_1024_high_density,2285:storage_in,2285,9,1,1,False,True,True,False,[20]
g4d_offset2048_1024_high_density,2286:direct,2286,14,2,1,False,False,True,False,"[19, 41]"
g4d_offset2048_1024_high_density,2287:direct,2287,13,4,1,False,False,False,False,"[16, 22, 31, 32]"
g4d_offset2048_1024_high_density,2288:direct,2288,16,4,2,False,False,False,False,"[9, 11, 31, 33]"
g4d_offset2048_1024_high_density,2289:direct,2289,13,3,1,False,False,False,False,"[20, 31, 33]"
g4d_offset2048_1024_high_density,2290:storage_in,2290,8,2,1,False,False,True,False,"[16, 22]"
g4d_offset2048_1024_high_density,2291:direct,2291,16,4,2,False,False,False,False,"[9, 11, 31, 33]"
g4d_offset2048_1024_high_density,2292:direct,2292,12,2,1,False,False,True,False,"[22, 38]"
g4d_offset2048_1024_high_density,2293:direct,2293,7,2,0,False,False,True,False,"[20, 27]"
g4d_offset2048_1024_high_density,2294:storage_in,2294,9,2,1,False,False,True,False,"[6, 11]"
g4d_offset2048_1024_high_density,2295:direct,2295,8,2,0,False,False,True,False,"[20, 36]"
g4d_offset2048_1024_high_density,2296:storage_in,2296,12,1,1,False,True,True,False,[22]
g4d_offset2048_1024_high_density,2297:direct,2297,15,4,1,False,False,False,False,"[6, 11, 31, 33]"
g4d_offset2048_1024_high_density,2298:storage_in,2298,12,1,1,False,True,True,False,[22]
g4d_offset2048_1024_high_density,2299:direct,2299,11,2,0,False,False,True,False,"[19, 38]"
g4d_offset2048_1024_high_density,229:storage_out,229,7,3,0,False,False,False,False,"[52, 31, 33]"
g4d_offset2048_1024_high_density,22:storage_out,22,13,3,2,False,False,False,False,"[52, 42, 38]"
g4d_offset2048_1024_high_density,2300:storage_in,2300,7,1,0,False,True,True,False,[20]
g4d_offset2048_1024_high_density,2301:direct,2301,19,6,3,False,False,False,True,"[19, 22, 38, 42, 31, 32]"
g4d_offset2048_1024_high_density,2302:storage_in,2302,12,2,1,False,False,True,False,"[19, 22]"
g4d_offset2048_1024_high_density,2303:direct,2303,12,3,0,False,False,False,False,"[16, 31, 32]"
g4d_offset2048_1024_high_density,2304:storage_in,2304,7,1,0,False,True,True,False,[16]
g4d_offset2048_1024_high_density,2305:storage_in,2305,7,1,0,False,True,True,False,[16]
g4d_offset2048_1024_high_density,2306:direct,2306,15,3,1,False,False,False,False,"[11, 31, 33]"
g4d_offset2048_1024_high_density,2307:storage_in,2307,7,1,0,False,True,True,False,[20]
g4d_offset2048_1024_high_density,2308:storage_in,2308,9,1,1,False,True,True,False,[20]
g4d_offset2048_1024_high_density,2309:storage_in,2309,12,1,1,False,True,True,False,[22]
g4d_offset2048_1024_high_density,2310:direct,2310,8,2,0,False,False,True,False,"[9, 36]"
g4d_offset2048_1024_high_density,2311:direct,2311,12,2,1,False,False,True,False,"[22, 38]"
g4d_offset2048_1024_high_density,2312:direct,2312,15,3,1,False,False,False,False,"[11, 31, 33]"
g4d_offset2048_1024_high_density,2313:direct,2313,12,2,1,False,False,True,False,"[20, 41]"
g4d_offset2048_1024_high_density,2314:direct,2314,15,4,1,False,False,False,False,"[6, 11, 31, 33]"
g4d_offset2048_1024_high_density,2315:storage_in,2315,12,2,1,False,False,True,False,"[19, 22]"
g4d_offset2048_1024_high_density,2316:direct,2316,12,3,2,False,False,False,False,"[19, 22, 38]"
g4d_offset2048_1024_high_density,2317:storage_in,2317,9,1,1,False,True,True,False,[20]
g4d_offset2048_1024_high_density,2318:storage_in,2318,9,1,1,False,True,True,False,[20]
g4d_offset2048_1024_high_density,2319:direct,2319,15,3,1,False,False,False,False,"[11, 31, 33]"
g4d_offset2048_1024_high_density,2320:storage_in,2320,12,1,1,False,True,True,False,[22]
g4d_offset2048_1024_high_density,2321:storage_in,2321,7,1,0,False,True,True,False,[16]
g4d_offset2048_1024_high_density,2322:direct,2322,16,4,2,False,False,False,False,"[9, 11, 31, 33]"
g4d_offset2048_1024_high_density,2323:storage_in,2323,12,1,1,False,True,True,False,[22]
g4d_offset2048_1024_high_density,2324:direct,2324,8,2,0,False,False,True,False,"[9, 36]"
g4d_offset2048_1024_high_density,2325:storage_in,2325,9,2,1,False,False,True,False,"[6, 11]"
g4d_offset2048_1024_high_density,2326:storage_in,2326,12,2,1,False,False,True,False,"[19, 22]"
g4d_offset2048_1024_high_density,2327:direct,2327,15,4,1,False,False,False,False,"[6, 11, 31, 33]"
g4d_offset2048_1024_high_density,2328:storage_in,2328,12,2,1,False,False,True,False,"[19, 22]"
g4d_offset2048_1024_high_density,2329:direct,2329,15,3,1,False,False,False,False,"[11, 31, 33]"
g4d_offset2048_1024_high_density,2330:storage_in,2330,7,1,0,False,True,True,False,[16]
g4d_offset2048_1024_high_density,2331:direct,2331,15,3,1,False,False,False,False,"[11, 31, 33]"
g4d_offset2048_1024_high_density,2332:direct,2332,14,3,1,False,False,False,False,"[11, 31, 32]"
g4d_offset2048_1024_high_density,2333:direct,2333,16,4,2,False,False,False,False,"[9, 11, 31, 33]"
g4d_offset2048_1024_high_density,2334:direct,2334,16,4,2,False,False,False,False,"[9, 11, 31, 33]"
g4d_offset2048_1024_high_density,2335:direct,2335,8,2,0,False,False,True,False,"[9, 36]"
g4d_offset2048_1024_high_density,2336:direct,2336,15,4,1,False,False,False,False,"[6, 11, 31, 33]"
g4d_offset2048_1024_high_density,2337:storage_in,2337,12,1,1,False,True,True,False,[22]
g4d_offset2048_1024_high_density,2338:direct,2338,15,3,1,False,False,False,False,"[11, 31, 33]"
g4d_offset2048_1024_high_density,2339:storage_in,2339,9,2,1,False,False,True,False,"[6, 11]"
g4d_offset2048_1024_high_density,2340:storage_in,2340,9,1,0,False,True,True,False,[11]
g4d_offset2048_1024_high_density,2341:storage_in,2341,9,2,1,False,False,True,False,"[6, 11]"
g4d_offset2048_1024_high_density,2342:direct,2342,9,3,1,False,False,False,False,"[9, 11, 36]"
g4d_offset2048_1024_high_density,2343:storage_in,2343,9,1,0,False,True,True,False,[11]
g4d_offset2048_1024_high_density,2344:storage_in,2344,7,1,0,False,True,True,False,[16]
g4d_offset2048_1024_high_density,2345:storage_in,2345,9,1,1,False,True,True,False,[20]
g4d_offset2048_1024_high_density,2346:direct,2346,15,4,1,False,False,False,False,"[6, 11, 31, 33]"
g4d_offset2048_1024_high_density,2347:storage_in,2347,7,1,0,False,True,True,False,[20]
g4d_offset2048_1024_high_density,2348:direct,2348,14,2,1,False,False,True,False,"[19, 41]"
g4d_offset2048_1024_high_density,2349:direct,2349,10,3,1,False,False,False,False,"[9, 11, 38]"
g4d_offset2048_1024_high_density,234:storage_out,234,10,3,1,False,False,False,False,"[52, 31, 36]"
g4d_offset2048_1024_high_density,2350:direct,2350,8,2,0,False,False,True,False,"[11, 36]"
g4d_offset2048_1024_high_density,2351:storage_in,2351,7,1,0,False,True,True,False,[16]
g4d_offset2048_1024_high_density,2352:direct,2352,15,2,1,False,False,True,False,"[22, 41]"
g4d_offset2048_1024_high_density,2353:direct,2353,16,4,2,False,False,False,False,"[9, 11, 31, 33]"
g4d_offset2048_1024_high_density,2354:storage_in,2354,12,1,1,False,True,True,False,[22]
g4d_offset2048_1024_high_density,2355:direct,2355,13,3,0,False,False,False,False,"[6, 31, 32]"
g4d_offset2048_1024_high_density,2356:direct,2356,15,3,1,False,False,False,False,"[19, 22, 41]"
g4d_offset2048_1024_high_density,2357:direct,2357,16,3,2,False,False,False,False,"[16, 22, 41]"
g4d_offset2048_1024_high_density,2358:storage_in,2358,12,2,1,False,False,True,False,"[19, 22]"
g4d_offset2048_1024_high_density,2359:direct,2359,15,3,1,False,False,False,False,"[11, 31, 33]"
g4d_offset2048_1024_high_density,2360:direct,2360,16,4,2,False,False,False,False,"[9, 11, 31, 33]"
g4d_offset2048_1024_high_density,2361:storage_in,2361,7,1,0,False,True,True,False,[22]
g4d_offset2048_1024_high_density,2362:storage_in,2362,7,1,0,False,True,True,False,[16]
g4d_offset2048_1024_high_density,2363:storage_in,2363,8,2,1,False,False,True,False,"[16, 22]"
g4d_offset2048_1024_high_density,2364:direct,2364,10,3,1,False,False,False,False,"[9, 11, 38]"
g4d_offset2048_1024_high_density,2365:direct,2365,15,4,1,False,False,False,False,"[6, 11, 31, 33]"
g4d_offset2048_1024_high_density,2366:storage_in,2366,12,1,1,False,True,True,False,[22]
g4d_offset2048_1024_high_density,2367:storage_in,2367,11,1,1,False,True,True,False,[19]
g4d_offset2048_1024_high_density,2368:storage_in,2368,12,1,1,False,True,True,False,[22]
g4d_offset2048_1024_high_density,2369:storage_in,2369,11,1,1,False,True,True,False,[19]
g4d_offset2048_1024_high_density,2370:direct,2370,15,3,1,False,False,False,False,"[11, 31, 33]"
g4d_offset2048_1024_high_density,2371:direct,2371,14,4,1,False,False,False,False,"[6, 11, 31, 32]"
g4d_offset2048_1024_high_density,2372:storage_in,2372,7,1,0,False,True,True,False,[16]
g4d_offset2048_1024_high_density,2373:direct,2373,15,3,1,False,False,False,False,"[11, 31, 33]"
g4d_offset2048_1024_high_density,2374:storage_in,2374,10,2,0,False,False,True,False,"[9, 11]"
g4d_offset2048_1024_high_density,2375:direct,2375,12,2,1,False,False,True,False,"[22, 38]"
g4d_offset2048_1024_high_density,2376:direct,2376,14,2,1,False,False,True,False,"[19, 41]"
g4d_offset2048_1024_high_density,2377:storage_in,2377,7,1,0,False,True,True,False,[16]
g4d_offset2048_1024_high_density,2378:storage_in,2378,9,1,1,False,True,True,False,[20]
g4d_offset2048_1024_high_density,2379:storage_in,2379,9,2,2,False,False,True,False,"[6, 11]"
g4d_offset2048_1024_high_density,2380:storage_in,2380,7,1,0,False,True,True,False,[16]
g4d_offset2048_1024_high_density,2381:direct,2381,15,4,1,False,False,False,False,"[6, 11, 31, 33]"
g4d_offset2048_1024_high_density,2382:storage_in,2382,9,1,1,False,True,True,False,[20]
g4d_offset2048_1024_high_density,2383:storage_in,2383,9,1,0,False,True,True,False,[11]
g4d_offset2048_1024_high_density,2384:storage_in,2384,12,1,1,False,True,True,False,[22]
g4d_offset2048_1024_high_density,2385:storage_in,2385,10,2,0,False,False,True,False,"[9, 11]"
g4d_offset2048_1024_high_density,2386:direct,2386,15,3,1,False,False,False,False,"[11, 31, 33]"
g4d_offset2048_1024_high_density,2387:direct,2387,8,3,0,False,False,False,False,"[6, 11, 36]"
g4d_offset2048_1024_high_density,2388:storage_in,2388,11,1,1,False,True,True,False,[19]
g4d_offset2048_1024_high_density,2389:storage_in,2389,11,1,1,False,True,True,False,[19]
g4d_offset2048_1024_high_density,2390:storage_in,2390,12,1,1,False,True,True,False,[22]
g4d_offset2048_1024_high_density,2391:direct,2391,16,4,2,False,False,False,False,"[9, 11, 31, 33]"
g4d_offset2048_1024_high_density,2392:direct,2392,16,4,2,False,False,False,False,"[9, 11, 31, 33]"
g4d_offset2048_1024_high_density,2393:direct,2393,15,3,1,False,False,False,False,"[11, 31, 33]"
g4d_offset2048_1024_high_density,2394:direct,2394,14,3,1,False,False,False,False,"[6, 31, 33]"
g4d_offset2048_1024_high_density,2395:storage_in,2395,10,2,0,False,False,True,False,"[9, 11]"
g4d_offset2048_1024_high_density,2396:storage_in,2396,7,1,0,False,True,True,False,[16]
g4d_offset2048_1024_high_density,2397:storage_in,2397,9,2,1,False,False,True,False,"[6, 11]"
g4d_offset2048_1024_high_density,2398:storage_in,2398,7,1,0,False,True,True,False,[16]
g4d_offset2048_1024_high_density,2399:storage_in,2399,9,1,1,False,True,True,False,[11]
g4d_offset2048_1024_high_density,2400:storage_in,2400,9,1,1,False,True,True,False,[11]
g4d_offset2048_1024_high_density,2401:direct,2401,15,2,1,False,False,True,False,"[22, 41]"
g4d_offset2048_1024_high_density,2402:storage_in,2402,12,1,1,False,True,True,False,[22]
g4d_offset2048_1024_high_density,2403:storage_in,2403,10,2,0,False,False,True,False,"[9, 11]"
g4d_offset2048_1024_high_density,2404:storage_in,2404,9,1,1,False,True,True,False,[20]
g4d_offset2048_1024_high_density,2405:storage_in,2405,10,2,0,False,False,True,False,"[9, 11]"
g4d_offset2048_1024_high_density,2406:storage_in,2406,7,2,0,False,False,True,False,"[19, 22]"
g4d_offset2048_1024_high_density,2407:storage_in,2407,8,1,0,False,True,True,False,[6]
g4d_offset2048_1024_high_density,2408:direct,2408,7,3,0,False,False,False,False,"[19, 22, 27]"
g4d_offset2048_1024_high_density,2409:storage_in,2409,11,1,1,False,True,True,False,[19]
g4d_offset2048_1024_high_density,2410:storage_in,2410,9,1,0,False,True,True,False,[11]
g4d_offset2048_1024_high_density,2411:direct,2411,16,3,2,False,False,False,False,"[16, 22, 41]"
g4d_offset2048_1024_high_density,2412:storage_in,2412,8,2,1,False,False,True,False,"[16, 22]"
g4d_offset2048_1024_high_density,2413:storage_in,2413,10,2,0,False,False,True,False,"[9, 11]"
g4d_offset2048_1024_high_density,2414:direct,2414,17,6,1,False,False,False,True,"[6, 11, 36, 42, 31, 33]"
g4d_offset2048_1024_high_density,2415:direct,2415,8,3,1,False,False,False,False,"[16, 22, 27]"
g4d_offset2048_1024_high_density,2416:storage_in,2416,12,1,1,False,True,True,False,[22]
g4d_offset2048_1024_high_density,2417:direct,2417,14,3,1,False,False,False,False,"[6, 31, 33]"
g4d_offset2048_1024_high_density,2418:storage_in,2418,7,1,0,False,True,True,False,[22]
g4d_offset2048_1024_high_density,2419:storage_in,2419,11,1,1,False,True,True,False,[19]
g4d_offset2048_1024_high_density,2420:storage_in,2420,9,2,2,False,False,True,False,"[6, 11]"
g4d_offset2048_1024_high_density,2421:storage_in,2421,11,1,1,False,True,True,False,[19]
g4d_offset2048_1024_high_density,2422:storage_in,2422,8,2,1,False,False,True,False,"[16, 22]"
g4d_offset2048_1024_high_density,2423:storage_in,2423,9,1,0,False,True,True,False,[11]
g4d_offset2048_1024_high_density,2424:storage_in,2424,8,2,1,False,False,True,False,"[16, 22]"
g4d_offset2048_1024_high_density,2425:storage_in,2425,7,1,0,False,True,True,False,[22]
g4d_offset2048_1024_high_density,2426:direct,2426,8,2,0,False,False,True,False,"[9, 36]"
g4d_offset2048_1024_high_density,2427:direct,2427,12,3,0,False,False,False,False,"[22, 31, 32]"
g4d_offset2048_1024_high_density,2428:direct,2428,14,3,1,False,False,False,False,"[6, 31, 33]"
g4d_offset2048_1024_high_density,2429:direct,2429,8,2,0,False,False,True,False,"[11, 36]"
g4d_offset2048_1024_high_density,2430:direct,2430,14,2,1,False,False,True,False,"[19, 41]"
g4d_offset2048_1024_high_density,2431:direct,2431,15,2,1,False,False,True,False,"[22, 41]"
g4d_offset2048_1024_high_density,2432:storage_in,2432,11,1,1,False,True,True,False,[19]
g4d_offset2048_1024_high_density,2433:direct,2433,15,3,1,False,False,False,False,"[19, 22, 41]"
g4d_offset2048_1024_high_density,2434:direct,2434,8,2,0,False,False,True,False,"[11, 36]"
g4d_offset2048_1024_high_density,2435:direct,2435,16,4,2,False,False,False,False,"[9, 11, 31, 33]"
g4d_offset2048_1024_high_density,2436:storage_in,2436,8,2,1,False,False,True,False,"[16, 22]"
g4d_offset2048_1024_high_density,2437:direct,2437,14,3,1,False,False,False,False,"[6, 31, 33]"
g4d_offset2048_1024_high_density,2438:direct,2438,7,2,0,False,False,True,False,"[16, 27]"
g4d_offset2048_1024_high_density,2439:storage_in,2439,9,1,0,False,True,True,False,[11]
g4d_offset2048_1024_high_density,2440:direct,2440,8,2,0,False,False,True,False,"[11, 36]"
g4d_offset2048_1024_high_density,2441:direct,2441,15,2,1,False,False,True,False,"[22, 41]"
g4d_offset2048_1024_high_density,2442:storage_in,2442,12,1,1,False,True,True,False,[22]
g4d_offset2048_1024_high_density,2443:storage_in,2443,10,2,0,False,False,True,False,"[9, 11]"
g4d_offset2048_1024_high_density,2444:direct,2444,9,3,1,False,False,False,False,"[9, 11, 36]"
g4d_offset2048_1024_high_density,2445:direct,2445,15,3,1,False,False,False,False,"[19, 22, 41]"
g4d_offset2048_1024_high_density,2446:direct,2446,8,3,0,False,False,False,False,"[6, 11, 36]"
g4d_offset2048_1024_high_density,2447:direct,2447,15,4,1,False,False,False,False,"[6, 11, 31, 33]"
g4d_offset2048_1024_high_density,2448:direct,2448,16,3,2,False,False,False,False,"[16, 22, 41]"
g4d_offset2048_1024_high_density,2449:direct,2449,15,3,1,False,False,False,False,"[11, 31, 33]"
g4d_offset2048_1024_high_density,2450:direct,2450,7,2,0,False,False,True,False,"[22, 27]"
g4d_offset2048_1024_high_density,2451:direct,2451,9,3,1,False,False,False,False,"[9, 11, 36]"
g4d_offset2048_1024_high_density,2452:direct,2452,14,2,1,False,False,True,False,"[19, 41]"
g4d_offset2048_1024_high_density,2453:direct,2453,15,3,1,False,False,False,False,"[11, 31, 33]"
g4d_offset2048_1024_high_density,2454:direct,2454,14,3,1,False,False,False,False,"[6, 31, 33]"
g4d_offset2048_1024_high_density,2455:direct,2455,7,2,0,False,False,True,False,"[16, 27]"
g4d_offset2048_1024_high_density,2456:storage_in,2456,8,2,1,False,False,True,False,"[16, 22]"
g4d_offset2048_1024_high_density,2457:storage_in,2457,10,2,0,False,False,True,False,"[9, 11]"
g4d_offset2048_1024_high_density,2458:storage_in,2458,12,1,1,False,True,True,False,[22]
g4d_offset2048_1024_high_density,2459:direct,2459,17,6,1,False,False,False,True,"[6, 11, 36, 42, 31, 33]"
g4d_offset2048_1024_high_density,2460:direct,2460,8,2,0,False,False,True,False,"[11, 36]"
g4d_offset2048_1024_high_density,2461:storage_in,2461,12,1,1,False,True,True,False,[22]
g4d_offset2048_1024_high_density,2462:direct,2462,8,2,0,False,False,True,False,"[11, 36]"
g4d_offset2048_1024_high_density,2463:storage_in,2463,7,2,0,False,False,True,False,"[19, 22]"
g4d_offset2048_1024_high_density,2464:direct,2464,12,4,1,False,False,False,False,"[19, 22, 31, 32]"
g4d_offset2048_1024_high_density,2465:direct,2465,13,4,1,False,False,False,False,"[16, 22, 31, 32]"
g4d_offset2048_1024_high_density,2466:storage_in,2466,10,2,0,False,False,True,False,"[9, 11]"
g4d_offset2048_1024_high_density,2467:direct,2467,16,4,2,False,False,False,False,"[9, 11, 31, 33]"
g4d_offset2048_1024_high_density,2468:storage_in,2468,10,2,0,False,False,True,False,"[9, 11]"
g4d_offset2048_1024_high_density,2469:direct,2469,12,2,1,False,False,True,False,"[22, 38]"
g4d_offset2048_1024_high_density,2470:direct,2470,14,3,1,False,False,False,False,"[6, 31, 33]"
g4d_offset2048_1024_high_density,2471:storage_in,2471,8,1,0,False,True,True,False,[6]
g4d_offset2048_1024_high_density,2472:direct,2472,17,3,1,False,False,False,False,"[16, 31, 38]"
g4d_offset2048_1024_high_density,2473:direct,2473,11,2,0,False,False,True,False,"[19, 38]"
g4d_offset2048_1024_high_density,2474:direct,2474,15,2,1,False,False,True,False,"[22, 41]"
g4d_offset2048_1024_high_density,2475:direct,2475,13,3,2,False,False,False,False,"[16, 22, 38]"
g4d_offset2048_1024_high_density,2476:storage_in,2476,9,1,0,False,True,True,False,[11]
g4d_offset2048_1024_high_density,2477:direct,2477,15,3,1,False,False,False,False,"[19, 22, 41]"
g4d_offset2048_1024_high_density,2478:storage_in,2478,12,2,1,False,False,True,False,"[19, 22]"
g4d_offset2048_1024_high_density,2479:direct,2479,8,3,1,False,False,False,False,"[16, 22, 27]"
g4d_offset2048_1024_high_density,2480:direct,2480,17,3,1,False,False,False,False,"[22, 31, 38]"
g4d_offset2048_1024_high_density,2481:storage_in,2481,10,2,0,False,False,True,False,"[9, 11]"
g4d_offset2048_1024_high_density,2482:direct,2482,15,2,1,False,False,True,False,"[22, 41]"
g4d_offset2048_1024_high_density,2483:direct,2483,14,3,1,False,False,False,False,"[6, 31, 33]"
g4d_offset2048_1024_high_density,2484:direct,2484,11,2,0,False,False,True,False,"[19, 38]"
g4d_offset2048_1024_high_density,2485:direct,2485,15,3,1,False,False,False,False,"[11, 31, 33]"
g4d_offset2048_1024_high_density,2486:direct,2486,14,2,1,False,False,True,False,"[19, 41]"
g4d_offset2048_1024_high_density,2487:direct,2487,8,3,1,False,False,False,False,"[16, 22, 27]"
g4d_offset2048_1024_high_density,2488:direct,2488,8,2,0,False,False,True,False,"[9, 36]"
g4d_offset2048_1024_high_density,2489:direct,2489,15,2,1,False,False,True,False,"[22, 41]"
g4d_offset2048_1024_high_density,2490:direct,2490,14,3,1,False,False,False,False,"[6, 31, 33]"
g4d_offset2048_1024_high_density,2491:direct,2491,14,2,1,False,False,True,False,"[19, 41]"
g4d_offset2048_1024_high_density,2492:direct,2492,8,3,1,False,False,False,False,"[16, 22, 27]"
g4d_offset2048_1024_high_density,2493:direct,2493,13,4,1,False,False,False,False,"[16, 22, 31, 32]"
g4d_offset2048_1024_high_density,2494:direct,2494,15,2,1,False,False,True,False,"[22, 41]"
g4d_offset2048_1024_high_density,2495:direct,2495,15,3,1,False,False,False,False,"[11, 31, 33]"
g4d_offset2048_1024_high_density,2496:direct,2496,14,2,1,False,False,True,False,"[19, 41]"
g4d_offset2048_1024_high_density,2497:direct,2497,9,3,1,False,False,False,False,"[9, 11, 36]"
g4d_offset2048_1024_high_density,2498:direct,2498,8,3,1,False,False,False,False,"[16, 22, 27]"
g4d_offset2048_1024_high_density,2499:storage_in,2499,7,1,0,False,True,True,False,[22]
g4d_offset2048_1024_high_density,2500:direct,2500,13,3,2,False,False,False,False,"[16, 22, 38]"
g4d_offset2048_1024_high_density,2501:direct,2501,7,2,0,False,False,True,False,"[22, 27]"
g4d_offset2048_1024_high_density,2502:direct,2502,8,3,0,False,False,False,False,"[6, 11, 36]"
g4d_offset2048_1024_high_density,2503:direct,2503,12,4,1,False,False,False,False,"[19, 22, 31, 32]"
g4d_offset2048_1024_high_density,2504:direct,2504,7,3,0,False,False,False,False,"[19, 22, 27]"
g4d_offset2048_1024_high_density,2505:direct,2505,8,3,1,False,False,False,False,"[16, 22, 27]"
g4d_offset2048_1024_high_density,2506:storage_in,2506,9,1,0,False,True,True,False,[11]
g4d_offset2048_1024_high_density,2507:direct,2507,13,3,2,False,False,False,False,"[16, 22, 38]"
g4d_offset2048_1024_high_density,2508:direct,2508,12,3,0,False,False,False,False,"[22, 31, 32]"
g4d_offset2048_1024_high_density,2509:direct,2509,12,3,2,False,False,False,False,"[19, 22, 38]"
g4d_offset2048_1024_high_density,2510:storage_in,2510,8,2,1,False,False,True,False,"[16, 22]"
g4d_offset2048_1024_high_density,2511:direct,2511,14,3,1,False,False,False,False,"[6, 31, 33]"
g4d_offset2048_1024_high_density,2512:storage_in,2512,7,1,0,False,True,True,False,[22]
g4d_offset2048_1024_high_density,2513:direct,2513,11,2,0,False,False,True,False,"[19, 38]"
g4d_offset2048_1024_high_density,2514:direct,2514,13,3,2,False,False,False,False,"[16, 22, 38]"
g4d_offset2048_1024_high_density,2515:direct,2515,15,2,1,False,False,True,False,"[22, 41]"
g4d_offset2048_1024_high_density,2516:direct,2516,12,3,0,False,False,False,False,"[22, 31, 32]"
g4d_offset2048_1024_high_density,2517:direct,2517,9,3,1,False,False,False,False,"[9, 11, 36]"
g4d_offset2048_1024_high_density,2518:direct,2518,12,3,0,False,False,False,False,"[22, 31, 32]"
g4d_offset2048_1024_high_density,2519:direct,2519,11,2,0,False,False,True,False,"[19, 38]"
g4d_offset2048_1024_high_density,2520:direct,2520,14,2,1,False,False,True,False,"[19, 41]"
g4d_offset2048_1024_high_density,2521:direct,2521,8,3,0,False,False,False,False,"[6, 11, 36]"
g4d_offset2048_1024_high_density,2522:direct,2522,8,2,0,False,False,True,False,"[11, 36]"
g4d_offset2048_1024_high_density,2523:direct,2523,13,3,2,False,False,False,False,"[16, 22, 38]"
g4d_offset2048_1024_high_density,2524:direct,2524,16,3,2,False,False,False,False,"[16, 22, 41]"
g4d_offset2048_1024_high_density,2525:direct,2525,8,2,0,False,False,True,False,"[11, 36]"
g4d_offset2048_1024_high_density,2526:direct,2526,15,2,1,False,False,True,False,"[22, 41]"
g4d_offset2048_1024_high_density,2527:direct,2527,16,4,2,False,False,False,False,"[9, 11, 31, 33]"
g4d_offset2048_1024_high_density,2528:storage_in,2528,7,2,0,False,False,True,False,"[19, 22]"
g4d_offset2048_1024_high_density,2529:direct,2529,16,3,2,False,False,False,False,"[16, 22, 41]"
g4d_offset2048_1024_high_density,2530:storage_in,2530,9,2,2,False,False,True,False,"[6, 11]"
g4d_offset2048_1024_high_density,2531:direct,2531,15,2,1,False,False,True,False,"[22, 41]"
g4d_offset2048_1024_high_density,2532:direct,2532,15,3,1,False,False,False,False,"[11, 31, 33]"
g4d_offset2048_1024_high_density,2533:direct,2533,12,3,0,False,False,False,False,"[22, 31, 32]"
g4d_offset2048_1024_high_density,2534:storage_in,2534,12,2,1,False,False,True,False,"[19, 22]"
g4d_offset2048_1024_high_density,2535:direct,2535,9,3,1,False,False,False,False,"[9, 11, 36]"
g4d_offset2048_1024_high_density,2536:direct,2536,8,3,1,False,False,False,False,"[16, 22, 27]"
g4d_offset2048_1024_high_density,2537:direct,2537,14,3,1,False,False,False,False,"[6, 31, 33]"
g4d_offset2048_1024_high_density,2538:direct,2538,7,2,0,False,False,True,False,"[22, 27]"
g4d_offset2048_1024_high_density,2539:direct,2539,15,3,1,False,False,False,False,"[11, 31, 33]"
g4d_offset2048_1024_high_density,2540:direct,2540,9,3,1,False,False,False,False,"[9, 11, 36]"
g4d_offset2048_1024_high_density,2541:storage_in,2541,9,1,0,False,True,True,False,[11]
g4d_offset2048_1024_high_density,2542:direct,2542,12,4,1,False,False,False,False,"[19, 22, 31, 32]"
g4d_offset2048_1024_high_density,2543:storage_in,2543,7,2,0,False,False,True,False,"[19, 22]"
g4d_offset2048_1024_high_density,2544:storage_in,2544,8,2,1,False,False,True,False,"[16, 22]"
g4d_offset2048_1024_high_density,2545:direct,2545,8,3,1,False,False,False,False,"[16, 22, 27]"
g4d_offset2048_1024_high_density,2546:direct,2546,7,2,0,False,False,True,False,"[22, 27]"
g4d_offset2048_1024_high_density,2547:direct,2547,12,3,0,False,False,False,False,"[22, 31, 32]"
g4d_offset2048_1024_high_density,2548:storage_in,2548,10,2,0,False,False,True,False,"[9, 11]"
g4d_offset2048_1024_high_density,2549:direct,2549,11,2,0,False,False,True,False,"[19, 38]"
g4d_offset2048_1024_high_density,2550:storage_in,2550,10,2,0,False,False,True,False,"[9, 11]"
g4d_offset2048_1024_high_density,2551:direct,2551,12,3,0,False,False,False,False,"[16, 31, 32]"
g4d_offset2048_1024_high_density,2552:direct,2552,7,3,0,False,False,False,False,"[19, 22, 27]"
g4d_offset2048_1024_high_density,2553:direct,2553,14,3,1,False,False,False,False,"[6, 31, 33]"
g4d_offset2048_1024_high_density,2554:direct,2554,16,3,2,False,False,False,False,"[16, 22, 41]"
g4d_offset2048_1024_high_density,2555:storage_in,2555,9,2,2,False,False,True,False,"[6, 11]"
g4d_offset2048_1024_high_density,2556:direct,2556,8,2,0,False,False,True,False,"[11, 36]"
g4d_offset2048_1024_high_density,2557:direct,2557,15,2,1,False,False,True,False,"[22, 41]"
g4d_offset2048_1024_high_density,2558:storage_in,2558,10,2,0,False,False,True,False,"[9, 11]"
g4d_offset2048_1024_high_density,2559:direct,2559,12,3,0,False,False,False,False,"[22, 31, 32]"
g4d_offset2048_1024_high_density,2560:direct,2560,14,2,1,False,False,True,False,"[19, 41]"
g4d_offset2048_1024_high_density,2561:direct,2561,12,4,1,False,False,False,False,"[19, 22, 31, 32]"
g4d_offset2048_1024_high_density,2562:direct,2562,7,2,0,False,False,True,False,"[16, 27]"
g4d_offset2048_1024_high_density,2563:direct,2563,15,4,1,False,False,False,False,"[6, 11, 31, 33]"
g4d_offset2048_1024_high_density,2564:direct,2564,14,3,1,False,False,False,False,"[6, 31, 33]"
g4d_offset2048_1024_high_density,2565:direct,2565,15,2,1,False,False,True,False,"[22, 41]"
g4d_offset2048_1024_high_density,2566:direct,2566,15,3,1,False,False,False,False,"[11, 31, 33]"
g4d_offset2048_1024_high_density,2567:storage_in,2567,12,2,1,False,False,True,False,"[19, 22]"
g4d_offset2048_1024_high_density,2568:direct,2568,13,4,1,False,False,False,False,"[16, 22, 31, 32]"
g4d_offset2048_1024_high_density,2569:storage_in,2569,8,2,1,False,False,True,False,"[16, 22]"
g4d_offset2048_1024_high_density,2570:direct,2570,12,3,0,False,False,False,False,"[22, 31, 32]"
g4d_offset2048_1024_high_density,2571:direct,2571,7,2,0,False,False,True,False,"[22, 27]"
g4d_offset2048_1024_high_density,2572:direct,2572,14,2,1,False,False,True,False,"[19, 41]"
g4d_offset2048_1024_high_density,2573:direct,2573,9,3,1,False,False,False,False,"[9, 11, 36]"
g4d_offset2048_1024_high_density,2574:direct,2574,8,3,1,False,False,False,False,"[16, 22, 27]"
g4d_offset2048_1024_high_density,2575:direct,2575,14,3,1,False,False,False,False,"[6, 31, 33]"
g4d_offset2048_1024_high_density,2576:storage_in,2576,7,1,0,False,True,True,False,[20]
g4d_offset2048_1024_high_density,2577:direct,2577,11,2,0,False,False,True,False,"[19, 38]"
g4d_offset2048_1024_high_density,2578:direct,2578,8,2,0,False,False,True,False,"[11, 36]"
g4d_offset2048_1024_high_density,2579:direct,2579,9,3,1,False,False,False,False,"[9, 11, 36]"
g4d_offset2048_1024_high_density,2580:direct,2580,12,4,1,False,False,False,False,"[19, 22, 31, 32]"
g4d_offset2048_1024_high_density,2581:direct,2581,7,2,0,False,False,True,False,"[22, 27]"
g4d_offset2048_1024_high_density,2582:storage_in,2582,7,1,0,False,True,True,False,[20]
g4d_offset2048_1024_high_density,2583:storage_in,2583,7,1,0,False,True,True,False,[20]
g4d_offset2048_1024_high_density,2584:direct,2584,15,3,1,False,False,False,False,"[11, 31, 33]"
g4d_offset2048_1024_high_density,2585:direct,2585,13,4,1,False,False,False,False,"[16, 22, 31, 32]"
g4d_offset2048_1024_high_density,2586:storage_in,2586,9,1,1,False,True,True,False,[20]
g4d_offset2048_1024_high_density,2587:direct,2587,12,3,0,False,False,False,False,"[22, 31, 32]"
g4d_offset2048_1024_high_density,2588:storage_in,2588,11,1,1,False,True,True,False,[19]
g4d_offset2048_1024_high_density,2589:storage_in,2589,7,1,0,False,True,True,False,[20]
g4d_offset2048_1024_high_density,2590:storage_in,2590,8,2,1,False,False,True,False,"[16, 22]"
g4d_offset2048_1024_high_density,2591:storage_in,2591,10,2,0,False,False,True,False,"[9, 11]"
g4d_offset2048_1024_high_density,2592:storage_in,2592,7,1,0,False,True,True,False,[22]
g4d_offset2048_1024_high_density,2593:direct,2593,14,2,1,False,False,True,False,"[19, 41]"
g4d_offset2048_1024_high_density,2594:storage_in,2594,9,2,2,False,False,True,False,"[6, 11]"
g4d_offset2048_1024_high_density,2595:direct,2595,8,3,1,False,False,False,False,"[16, 22, 27]"
g4d_offset2048_1024_high_density,2596:storage_in,2596,9,1,1,False,True,True,False,[20]
g4d_offset2048_1024_high_density,2597:direct,2597,15,2,1,False,False,True,False,"[22, 41]"
g4d_offset2048_1024_high_density,2598:storage_in,2598,9,1,0,False,True,True,False,[11]
g4d_offset2048_1024_high_density,2599:direct,2599,8,3,0,False,False,False,False,"[6, 11, 36]"
g4d_offset2048_1024_high_density,2600:storage_in,2600,7,1,0,False,True,True,False,[20]
g4d_offset2048_1024_high_density,2601:direct,2601,12,3,2,False,False,False,False,"[19, 22, 38]"
g4d_offset2048_1024_high_density,2602:direct,2602,9,3,1,False,False,False,False,"[9, 11, 36]"
g4d_offset2048_1024_high_density,2603:direct,2603,15,3,1,False,False,False,False,"[19, 22, 41]"
g4d_offset2048_1024_high_density,2604:direct,2604,8,2,0,False,False,True,False,"[11, 36]"
g4d_offset2048_1024_high_density,2605:storage_in,2605,8,1,0,False,True,True,False,[6]
g4d_offset2048_1024_high_density,2606:direct,2606,8,3,1,False,False,False,False,"[16, 22, 27]"
g4d_offset2048_1024_high_density,2607:direct,2607,13,4,1,False,False,False,False,"[16, 22, 31, 32]"
g4d_offset2048_1024_high_density,2608:storage_in,2608,9,1,1,False,True,True,False,[20]
g4d_offset2048_1024_high_density,2609:direct,2609,13,4,1,False,False,False,False,"[16, 22, 31, 32]"
g4d_offset2048_1024_high_density,2610:direct,2610,7,2,0,False,False,True,False,"[22, 27]"
g4d_offset2048_1024_high_density,2611:storage_in,2611,9,1,0,False,True,True,False,[11]
g4d_offset2048_1024_high_density,2612:storage_in,2612,9,1,1,False,True,True,False,[20]
g4d_offset2048_1024_high_density,2613:direct,2613,12,2,1,False,False,True,False,"[22, 38]"
g4d_offset2048_1024_high_density,2614:storage_in,2614,9,1,1,False,True,True,False,[20]
g4d_offset2048_1024_high_density,2615:storage_in,2615,7,1,0,False,True,True,False,[20]
g4d_offset2048_1024_high_density,2616:storage_in,2616,11,1,1,False,True,True,False,[19]
g4d_offset2048_1024_high_density,2617:direct,2617,14,2,1,False,False,True,False,"[19, 41]"
g4d_offset2048_1024_high_density,2618:storage_in,2618,10,2,0,False,False,True,False,"[9, 11]"
g4d_offset2048_1024_high_density,2619:storage_in,2619,7,1,0,False,True,True,False,[20]
g4d_offset2048_1024_high_density,2620:direct,2620,8,3,1,False,False,False,False,"[16, 22, 27]"
g4d_offset2048_1024_high_density,2621:storage_in,2621,7,1,0,False,True,True,False,[20]
g4d_offset2048_1024_high_density,2622:storage_in,2622,7,1,0,False,True,True,False,[20]
g4d_offset2048_1024_high_density,2623:storage_in,2623,9,1,1,False,True,True,False,[20]
g4d_offset2048_1024_high_density,2624:storage_in,2624,9,1,1,False,True,True,False,[20]
g4d_offset2048_1024_high_density,2625:direct,2625,15,2,1,False,False,True,False,"[22, 41]"
g4d_offset2048_1024_high_density,2626:direct,2626,13,4,1,False,False,False,False,"[16, 22, 31, 32]"
g4d_offset2048_1024_high_density,2627:direct,2627,15,4,1,False,False,False,False,"[6, 11, 31, 33]"
g4d_offset2048_1024_high_density,2628:storage_in,2628,7,1,0,False,True,True,False,[20]
g4d_offset2048_1024_high_density,2629:storage_in,2629,9,1,0,False,True,True,False,[11]
g4d_offset2048_1024_high_density,2630:direct,2630,14,2,1,False,False,True,False,"[19, 41]"
g4d_offset2048_1024_high_density,2631:direct,2631,12,2,1,False,False,True,False,"[22, 38]"
g4d_offset2048_1024_high_density,2632:storage_in,2632,7,1,0,False,True,True,False,[20]
g4d_offset2048_1024_high_density,2633:storage_in,2633,7,1,0,False,True,True,False,[20]
g4d_offset2048_1024_high_density,2634:storage_in,2634,9,1,1,False,True,True,False,[20]
g4d_offset2048_1024_high_density,2635:storage_in,2635,10,2,0,False,False,True,False,"[9, 11]"
g4d_offset2048_1024_high_density,2636:direct,2636,14,3,1,False,False,False,False,"[6, 31, 33]"
g4d_offset2048_1024_high_density,2637:storage_in,2637,9,1,1,False,True,True,False,[20]
g4d_offset2048_1024_high_density,2638:storage_in,2638,9,1,1,False,True,True,False,[20]
g4d_offset2048_1024_high_density,2639:direct,2639,8,3,1,False,False,False,False,"[16, 22, 27]"
g4d_offset2048_1024_high_density,2640:storage_in,2640,9,1,0,False,True,True,False,[11]
g4d_offset2048_1024_high_density,2641:storage_in,2641,12,1,1,False,True,True,False,[22]
g4d_offset2048_1024_high_density,2642:storage_in,2642,9,1,1,False,True,True,False,[20]
g4d_offset2048_1024_high_density,2643:direct,2643,7,2,0,False,False,True,False,"[22, 27]"
g4d_offset2048_1024_high_density,2644:storage_in,2644,9,1,1,False,True,True,False,[20]
g4d_offset2048_1024_high_density,2645:direct,2645,9,3,1,False,False,False,False,"[9, 11, 36]"
g4d_offset2048_1024_high_density,2646:direct,2646,15,3,1,False,False,False,False,"[11, 31, 33]"
g4d_offset2048_1024_high_density,2647:storage_in,2647,7,1,0,False,True,True,False,[20]
g4d_offset2048_1024_high_density,2648:storage_in,2648,12,2,1,False,False,True,False,"[19, 22]"
g4d_offset2048_1024_high_density,2649:storage_in,2649,9,1,1,False,True,True,False,[20]
g4d_offset2048_1024_high_density,2650:direct,2650,15,4,1,False,False,False,False,"[6, 11, 31, 33]"
g4d_offset2048_1024_high_density,2651:direct,2651,12,3,0,False,False,False,False,"[16, 31, 32]"
g4d_offset2048_1024_high_density,2652:storage_in,2652,9,1,1,False,True,True,False,[20]
g4d_offset2048_1024_high_density,2653:storage_in,2653,12,1,1,False,True,True,False,[22]
g4d_offset2048_1024_high_density,2654:storage_in,2654,11,1,1,False,True,True,False,[19]
g4d_offset2048_1024_high_density,2655:storage_in,2655,10,2,0,False,False,True,False,"[9, 11]"
g4d_offset2048_1024_high_density,2656:storage_in,2656,7,1,0,False,True,True,False,[20]
g4d_offset2048_1024_high_density,2657:storage_in,2657,9,1,1,False,True,True,False,[20]
g4d_offset2048_1024_high_density,2658:storage_in,2658,12,2,1,False,False,True,False,"[19, 22]"
g4d_offset2048_1024_high_density,2659:storage_in,2659,7,1,0,False,True,True,False,[16]
g4d_offset2048_1024_high_density,2660:storage_in,2660,12,1,1,False,True,True,False,[22]
g4d_offset2048_1024_high_density,2661:direct,2661,8,2,0,False,False,True,False,"[11, 36]"
g4d_offset2048_1024_high_density,2662:storage_in,2662,7,1,0,False,True,True,False,[20]
g4d_offset2048_1024_high_density,2663:storage_in,2663,9,1,1,False,True,True,False,[20]
g4d_offset2048_1024_high_density,2664:storage_in,2664,7,1,0,False,True,True,False,[20]
g4d_offset2048_1024_high_density,2665:direct,2665,9,3,1,False,False,False,False,"[9, 11, 36]"
g4d_offset2048_1024_high_density,2666:storage_in,2666,8,2,1,False,False,True,False,"[16, 22]"
g4d_offset2048_1024_high_density,2667:storage_in,2667,11,1,1,False,True,True,False,[19]
g4d_offset2048_1024_high_density,2668:storage_in,2668,9,1,1,False,True,True,False,[20]
g4d_offset2048_1024_high_density,2669:storage_in,2669,7,1,0,False,True,True,False,[20]
g4d_offset2048_1024_high_density,2670:storage_in,2670,12,1,1,False,True,True,False,[22]
g4d_offset2048_1024_high_density,2671:storage_in,2671,7,1,0,False,True,True,False,[20]
g4d_offset2048_1024_high_density,2672:storage_in,2672,11,1,1,False,True,True,False,[19]
g4d_offset2048_1024_high_density,2673:direct,2673,16,3,2,False,False,False,False,"[16, 22, 41]"
g4d_offset2048_1024_high_density,2674:storage_in,2674,7,1,0,False,True,True,False,[20]
g4d_offset2048_1024_high_density,2675:storage_in,2675,7,1,0,False,True,True,False,[20]
g4d_offset2048_1024_high_density,2676:storage_in,2676,8,2,1,False,False,True,False,"[16, 22]"
g4d_offset2048_1024_high_density,2677:direct,2677,17,6,1,False,False,False,True,"[6, 11, 36, 42, 31, 33]"
g4d_offset2048_1024_high_density,2678:direct,2678,7,2,0,False,False,True,False,"[22, 27]"
g4d_offset2048_1024_high_density,2679:storage_in,2679,7,1,0,False,True,True,False,[22]
g4d_offset2048_1024_high_density,2680:storage_in,2680,9,1,1,False,True,True,False,[20]
g4d_offset2048_1024_high_density,2681:storage_in,2681,11,1,1,False,True,True,False,[19]
g4d_offset2048_1024_high_density,2682:storage_in,2682,7,1,0,False,True,True,False,[20]
g4d_offset2048_1024_high_density,2683:storage_in,2683,7,1,0,False,True,True,False,[20]
g4d_offset2048_1024_high_density,2684:storage_in,2684,7,1,0,False,True,True,False,[20]
g4d_offset2048_1024_high_density,2685:direct,2685,11,2,0,False,False,True,False,"[19, 38]"
g4d_offset2048_1024_high_density,2686:storage_in,2686,8,2,1,False,False,True,False,"[16, 22]"
g4d_offset2048_1024_high_density,2687:storage_in,2687,9,1,0,False,True,True,False,[11]
g4d_offset2048_1024_high_density,2688:storage_in,2688,9,1,1,False,True,True,False,[20]
g4d_offset2048_1024_high_density,2689:storage_in,2689,12,1,1,False,True,True,False,[22]
g4d_offset2048_1024_high_density,2690:storage_in,2690,9,1,1,False,True,True,False,[20]
g4d_offset2048_1024_high_density,2691:storage_in,2691,7,1,0,False,True,True,False,[20]
g4d_offset2048_1024_high_density,2692:storage_in,2692,9,1,1,False,True,True,False,[20]
g4d_offset2048_1024_high_density,2693:storage_in,2693,7,1,0,False,True,True,False,[20]
g4d_offset2048_1024_high_density,2694:storage_in,2694,12,2,1,False,False,True,False,"[19, 22]"
g4d_offset2048_1024_high_density,2695:storage_in,2695,8,2,1,False,False,True,False,"[16, 22]"
g4d_offset2048_1024_high_density,2696:direct,2696,16,4,2,False,False,False,False,"[9, 11, 31, 33]"
g4d_offset2048_1024_high_density,2697:storage_in,2697,7,1,0,False,True,True,False,[20]
g4d_offset2048_1024_high_density,2698:storage_in,2698,9,1,1,False,True,True,False,[20]
g4d_offset2048_1024_high_density,2699:storage_in,2699,12,1,1,False,True,True,False,[22]
g4d_offset2048_1024_high_density,26:storage_out,26,4,2,0,False,False,True,False,"[52, 41]"
g4d_offset2048_1024_high_density,2700:storage_in,2700,9,2,1,False,False,True,False,"[6, 11]"
g4d_offset2048_1024_high_density,2701:storage_in,2701,7,1,0,False,True,True,False,[20]
g4d_offset2048_1024_high_density,2702:direct,2702,8,2,0,False,False,True,False,"[11, 36]"
g4d_offset2048_1024_high_density,2703:direct,2703,13,4,1,False,False,False,False,"[16, 22, 31, 32]"
g4d_offset2048_1024_high_density,2704:storage_in,2704,7,1,0,False,True,True,False,[20]
g4d_offset2048_1024_high_density,2705:storage_in,2705,10,2,0,False,False,True,False,"[9, 11]"
g4d_offset2048_1024_high_density,2706:storage_in,2706,7,1,0,False,True,True,False,[20]
g4d_offset2048_1024_high_density,2707:storage_in,2707,9,2,2,False,False,True,False,"[6, 11]"
g4d_offset2048_1024_high_density,2708:direct,2708,12,4,1,False,False,False,False,"[19, 22, 31, 32]"
g4d_offset2048_1024_high_density,2709:storage_in,2709,9,2,2,False,False,True,False,"[6, 11]"
g4d_offset2048_1024_high_density,2710:storage_in,2710,9,1,0,False,True,True,False,[11]
g4d_offset2048_1024_high_density,2711:storage_in,2711,9,1,1,False,True,True,False,[20]
g4d_offset2048_1024_high_density,2712:direct,2712,15,3,1,False,False,False,False,"[11, 31, 33]"
g4d_offset2048_1024_high_density,2713:direct,2713,16,4,2,False,False,False,False,"[9, 11, 31, 33]"
g4d_offset2048_1024_high_density,2714:storage_in,2714,9,1,1,False,True,True,False,[20]
g4d_offset2048_1024_high_density,2715:direct,2715,8,3,0,False,False,False,False,"[6, 11, 36]"
g4d_offset2048_1024_high_density,2716:storage_in,2716,7,1,0,False,True,True,False,[20]
g4d_offset2048_1024_high_density,2717:storage_in,2717,12,2,1,False,False,True,False,"[19, 22]"
g4d_offset2048_1024_high_density,2718:direct,2718,12,3,0,False,False,False,False,"[22, 31, 32]"
g4d_offset2048_1024_high_density,2719:direct,2719,8,2,0,False,False,True,False,"[11, 36]"
g4d_offset2048_1024_high_density,2720:storage_in,2720,7,1,0,False,True,True,False,[20]
g4d_offset2048_1024_high_density,2721:storage_in,2721,8,2,1,False,False,True,False,"[16, 22]"
g4d_offset2048_1024_high_density,2722:storage_in,2722,9,1,1,False,True,True,False,[20]
g4d_offset2048_1024_high_density,2723:storage_in,2723,7,1,0,False,True,True,False,[20]
g4d_offset2048_1024_high_density,2724:direct,2724,16,4,2,False,False,False,False,"[9, 11, 31, 33]"
g4d_offset2048_1024_high_density,2725:storage_in,2725,7,1,0,False,True,True,False,[22]
g4d_offset2048_1024_high_density,2726:storage_in,2726,7,1,0,False,True,True,False,[20]
g4d_offset2048_1024_high_density,2727:storage_in,2727,9,1,1,False,True,True,False,[20]
g4d_offset2048_1024_high_density,2728:direct,2728,15,4,1,False,False,False,False,"[6, 11, 31, 33]"
g4d_offset2048_1024_high_density,2729:storage_in,2729,9,1,1,False,True,True,False,[20]
g4d_offset2048_1024_high_density,272:storage_out,272,12,3,2,False,False,False,False,"[52, 42, 36]"
g4d_offset2048_1024_high_density,2730:direct,2730,7,3,0,False,False,False,False,"[19, 22, 27]"
g4d_offset2048_1024_high_density,2731:direct,2731,8,2,0,False,False,True,False,"[11, 36]"
g4d_offset2048_1024_high_density,2732:storage_in,2732,7,1,0,False,True,True,False,[20]
g4d_offset2048_1024_high_density,2733:storage_in,2733,7,1,0,False,True,True,False,[20]
g4d_offset2048_1024_high_density,2734:storage_in,2734,9,1,1,False,True,True,False,[20]
g4d_offset2048_1024_high_density,2735:storage_in,2735,7,1,0,False,True,True,False,[20]
g4d_offset2048_1024_high_density,2736:storage_in,2736,8,2,1,False,False,True,False,"[16, 22]"
g4d_offset2048_1024_high_density,2737:direct,2737,16,4,2,False,False,False,False,"[9, 11, 31, 33]"
g4d_offset2048_1024_high_density,2738:direct,2738,14,3,1,False,False,False,False,"[6, 31, 33]"
g4d_offset2048_1024_high_density,2739:direct,2739,11,2,0,False,False,True,False,"[19, 38]"
g4d_offset2048_1024_high_density,2740:direct,2740,15,3,1,False,False,False,False,"[11, 31, 33]"
g4d_offset2048_1024_high_density,2741:direct,2741,16,4,2,False,False,False,False,"[9, 11, 31, 33]"
g4d_offset2048_1024_high_density,2742:direct,2742,14,3,1,False,False,False,False,"[6, 31, 33]"
g4d_offset2048_1024_high_density,2743:storage_in,2743,9,1,1,False,True,True,False,[11]
g4d_offset2048_1024_high_density,2744:direct,2744,9,3,1,False,False,False,False,"[9, 11, 36]"
g4d_offset2048_1024_high_density,2745:direct,2745,12,3,0,False,False,False,False,"[20, 31, 32]"
g4d_offset2048_1024_high_density,2746:direct,2746,17,6,1,False,False,False,True,"[6, 11, 36, 42, 31, 33]"
g4d_offset2048_1024_high_density,2747:direct,2747,9,3,1,False,False,False,False,"[9, 11, 36]"
g4d_offset2048_1024_high_density,2748:direct,2748,15,3,1,False,False,False,False,"[11, 31, 33]"
g4d_offset2048_1024_high_density,2749:direct,2749,9,2,0,False,False,True,False,"[20, 38]"
g4d_offset2048_1024_high_density,2750:storage_in,2750,10,2,0,False,False,True,False,"[9, 11]"
g4d_offset2048_1024_high_density,2751:storage_in,2751,9,1,1,False,True,True,False,[20]
g4d_offset2048_1024_high_density,2752:storage_in,2752,9,1,1,False,True,True,False,[20]
g4d_offset2048_1024_high_density,2753:direct,2753,15,4,1,False,False,False,False,"[6, 11, 31, 33]"
g4d_offset2048_1024_high_density,2754:storage_in,2754,9,1,1,False,True,True,False,[20]
g4d_offset2048_1024_high_density,2755:storage_in,2755,7,1,0,False,True,True,False,[20]
g4d_offset2048_1024_high_density,2756:direct,2756,15,3,1,False,False,False,False,"[11, 31, 33]"
g4d_offset2048_1024_high_density,2757:direct,2757,17,5,1,False,False,False,False,"[20, 36, 42, 31, 33]"
g4d_offset2048_1024_high_density,2758:direct,2758,16,4,2,False,False,False,False,"[9, 11, 31, 33]"
g4d_offset2048_1024_high_density,2759:storage_in,2759,7,1,0,False,True,True,False,[20]
g4d_offset2048_1024_high_density,2760:direct,2760,8,3,0,False,False,False,False,"[6, 11, 36]"
g4d_offset2048_1024_high_density,2761:storage_in,2761,7,1,0,False,True,True,False,[20]
g4d_offset2048_1024_high_density,2762:direct,2762,8,2,0,False,False,True,False,"[11, 36]"
g4d_offset2048_1024_high_density,2763:storage_in,2763,7,1,0,False,True,True,False,[20]
g4d_offset2048_1024_high_density,2764:storage_in,2764,7,1,0,False,True,True,False,[20]
g4d_offset2048_1024_high_density,2765:direct,2765,8,2,0,False,False,True,False,"[20, 36]"
g4d_offset2048_1024_high_density,2766:direct,2766,9,3,1,False,False,False,False,"[9, 11, 36]"
g4d_offset2048_1024_high_density,2767:storage_in,2767,7,1,0,False,True,True,False,[20]
g4d_offset2048_1024_high_density,2768:direct,2768,14,3,1,False,False,False,False,"[6, 31, 33]"
g4d_offset2048_1024_high_density,2769:direct,2769,15,3,1,False,False,False,False,"[11, 31, 33]"
g4d_offset2048_1024_high_density,2770:direct,2770,9,3,1,False,False,False,False,"[9, 11, 36]"
g4d_offset2048_1024_high_density,2771:direct,2771,14,3,1,False,False,False,False,"[6, 31, 33]"
g4d_offset2048_1024_high_density,2772:storage_in,2772,8,1,0,False,True,True,False,[6]
g4d_offset2048_1024_high_density,2773:storage_in,2773,9,1,0,False,True,True,False,[11]
g4d_offset2048_1024_high_density,2774:direct,2774,13,3,2,False,False,False,False,"[16, 22, 38]"
g4d_offset2048_1024_high_density,2775:storage_in,2775,9,1,0,False,True,True,False,[11]
g4d_offset2048_1024_high_density,2776:storage_in,2776,10,2,0,False,False,True,False,"[9, 11]"
g4d_offset2048_1024_high_density,286:storage_out,286,4,2,0,False,False,True,False,"[52, 41]"
g4d_offset2048_1024_high_density,304:storage_out,304,7,3,0,False,False,False,False,"[52, 31, 33]"
g4d_offset2048_1024_high_density,310:storage_out,310,6,3,0,False,False,False,False,"[52, 31, 32]"
g4d_offset2048_1024_high_density,312:storage_out,312,8,4,1,False,False,False,False,"[52, 42, 31, 32]"
g4d_offset2048_1024_high_density,36:storage_out,36,7,3,0,False,False,False,False,"[52, 31, 33]"
g4d_offset2048_1024_high_density,373:storage_out,373,6,3,0,False,False,False,False,"[52, 31, 32]"
g4d_offset2048_1024_high_density,395:storage_out,395,8,4,1,False,False,False,False,"[52, 42, 31, 32]"
g4d_offset2048_1024_high_density,397:storage_out,397,12,3,2,False,False,False,False,"[52, 42, 36]"
g4d_offset2048_1024_high_density,401:storage_out,401,4,2,0,False,False,True,False,"[52, 41]"
g4d_offset2048_1024_high_density,402:storage_out,402,7,3,0,False,False,False,False,"[52, 31, 33]"
g4d_offset2048_1024_high_density,405:storage_out,405,12,3,2,False,False,False,False,"[52, 42, 36]"
g4d_offset2048_1024_high_density,408:storage_out,408,4,2,0,False,False,True,False,"[52, 41]"
g4d_offset2048_1024_high_density,40:storage_out,40,9,4,1,False,False,False,False,"[52, 42, 31, 33]"
g4d_offset2048_1024_high_density,421:storage_out,421,13,3,2,False,False,False,False,"[52, 42, 38]"
g4d_offset2048_1024_high_density,423:storage_out,423,6,3,0,False,False,False,False,"[52, 31, 32]"
g4d_offset2048_1024_high_density,425:storage_out,425,6,3,0,False,False,False,False,"[52, 31, 32]"
g4d_offset2048_1024_high_density,454:storage_out,454,7,3,0,False,False,False,False,"[52, 31, 33]"
g4d_offset2048_1024_high_density,46:storage_out,46,6,3,0,False,False,False,False,"[52, 31, 32]"
g4d_offset2048_1024_high_density,489:storage_out,489,12,3,2,False,False,False,False,"[52, 42, 36]"
g4d_offset2048_1024_high_density,493:storage_out,493,7,3,0,False,False,False,False,"[52, 31, 33]"
g4d_offset2048_1024_high_density,500:storage_out,500,4,2,0,False,False,True,False,"[52, 41]"
g4d_offset2048_1024_high_density,515:storage_out,515,8,4,1,False,False,False,False,"[52, 42, 31, 32]"
g4d_offset2048_1024_high_density,519:storage_out,519,7,3,0,False,False,False,False,"[52, 31, 33]"
g4d_offset2048_1024_high_density,522:storage_out,522,4,2,0,False,False,True,False,"[52, 41]"
g4d_offset2048_1024_high_density,526:storage_out,526,9,4,1,False,False,False,False,"[52, 42, 31, 33]"
g4d_offset2048_1024_high_density,530:storage_out,530,7,3,0,False,False,False,False,"[52, 31, 33]"
g4d_offset2048_1024_high_density,545:storage_out,545,9,4,1,False,False,False,False,"[52, 42, 31, 33]"
g4d_offset2048_1024_high_density,546:storage_out,546,9,4,1,False,False,False,False,"[52, 42, 31, 33]"
g4d_offset2048_1024_high_density,568:storage_out,568,4,2,0,False,False,True,False,"[52, 41]"
g4d_offset2048_1024_high_density,569:storage_out,569,12,3,2,False,False,False,False,"[52, 42, 36]"
g4d_offset2048_1024_high_density,570:storage_out,570,4,2,0,False,False,True,False,"[52, 41]"
g4d_offset2048_1024_high_density,572:storage_out,572,13,3,1,False,False,False,False,"[52, 31, 27]"
g4d_offset2048_1024_high_density,577:storage_out,577,12,3,2,False,False,False,False,"[52, 42, 36]"
g4d_offset2048_1024_high_density,579:storage_out,579,6,3,0,False,False,False,False,"[52, 31, 32]"
g4d_offset2048_1024_high_density,5:storage_out,5,6,3,0,False,False,False,False,"[52, 31, 32]"
g4d_offset2048_1024_high_density,602:storage_out,602,8,4,1,False,False,False,False,"[52, 42, 31, 32]"
g4d_offset2048_1024_high_density,606:storage_out,606,6,3,0,False,False,False,False,"[52, 31, 32]"
g4d_offset2048_1024_high_density,612:storage_out,612,12,3,2,False,False,False,False,"[52, 42, 36]"
g4d_offset2048_1024_high_density,621:storage_out,621,8,4,1,False,False,False,False,"[52, 42, 31, 32]"
g4d_offset2048_1024_high_density,622:storage_out,622,6,3,0,False,False,False,False,"[52, 31, 32]"
g4d_offset2048_1024_high_density,623:storage_out,623,8,4,1,False,False,False,False,"[52, 42, 31, 32]"
g4d_offset2048_1024_high_density,624:storage_out,624,6,3,0,False,False,False,False,"[52, 31, 32]"
g4d_offset2048_1024_high_density,625:storage_out,625,13,3,2,False,False,False,False,"[52, 42, 38]"
g4d_offset2048_1024_high_density,636:storage_out,636,6,3,0,False,False,False,False,"[52, 31, 32]"
g4d_offset2048_1024_high_density,646:storage_out,646,13,3,2,False,False,False,False,"[52, 42, 38]"
g4d_offset2048_1024_high_density,651:storage_out,651,13,3,1,False,False,False,False,"[52, 31, 27]"
g4d_offset2048_1024_high_density,656:storage_out,656,7,3,0,False,False,False,False,"[52, 31, 33]"
g4d_offset2048_1024_high_density,663:storage_out,663,12,3,2,False,False,False,False,"[52, 42, 36]"
g4d_offset2048_1024_high_density,668:storage_out,668,9,4,1,False,False,False,False,"[52, 42, 31, 33]"
g4d_offset2048_1024_high_density,691:storage_out,691,7,3,0,False,False,False,False,"[52, 31, 33]"
g4d_offset2048_1024_high_density,693:storage_out,693,10,3,1,False,False,False,False,"[52, 31, 36]"
g4d_offset2048_1024_high_density,695:storage_out,695,13,3,2,False,False,False,False,"[52, 42, 38]"
g4d_offset2048_1024_high_density,698:storage_out,698,12,3,2,False,False,False,False,"[52, 42, 36]"
g4d_offset2048_1024_high_density,699:storage_out,699,4,2,0,False,False,True,False,"[52, 41]"
g4d_offset2048_1024_high_density,703:storage_out,703,13,3,1,False,False,False,False,"[52, 31, 27]"
g4d_offset2048_1024_high_density,704:storage_out,704,6,3,0,False,False,False,False,"[52, 31, 32]"
g4d_offset2048_1024_high_density,706:storage_out,706,13,3,1,False,False,False,False,"[52, 31, 27]"
g4d_offset2048_1024_high_density,70:storage_out,70,7,3,0,False,False,False,False,"[52, 31, 33]"
g4d_offset2048_1024_high_density,713:storage_out,713,8,4,1,False,False,False,False,"[52, 42, 31, 32]"
g4d_offset2048_1024_high_density,720:storage_out,720,8,4,1,False,False,False,False,"[52, 42, 31, 32]"
g4d_offset2048_1024_high_density,724:storage_out,724,7,3,0,False,False,False,False,"[52, 31, 33]"
g4d_offset2048_1024_high_density,725:storage_out,725,13,3,1,False,False,False,False,"[52, 31, 27]"
g4d_offset2048_1024_high_density,72:storage_out,72,7,3,0,False,False,False,False,"[52, 31, 33]"
g4d_offset2048_1024_high_density,759:storage_out,759,12,3,2,False,False,False,False,"[52, 42, 36]"
g4d_offset2048_1024_high_density,75:storage_out,75,4,2,0,False,False,True,False,"[52, 41]"
g4d_offset2048_1024_high_density,761:storage_out,761,9,4,1,False,False,False,False,"[52, 42, 31, 33]"
g4d_offset2048_1024_high_density,831:storage_out,831,13,3,2,False,False,False,False,"[52, 42, 38]"
g4d_offset2048_1024_high_density,89:storage_out,89,6,3,0,False,False,False,False,"[52, 31, 32]"
g4d_offset2048_1024_high_density,8:storage_out,8,7,3,0,False,False,False,False,"[52, 31, 33]"
g4d_offset2048_1024_high_density,907:storage_out,907,13,3,2,False,False,False,False,"[52, 42, 38]"
g4d_offset2048_1024_high_density,910:storage_out,910,8,4,1,False,False,False,False,"[52, 42, 31, 32]"
g4d_offset2048_1024_high_density,913:storage_out,913,8,4,1,False,False,False,False,"[52, 42, 31, 32]"
g4d_offset2048_1024_high_density,925:storage_out,925,6,3,0,False,False,False,False,"[52, 31, 32]"
g4d_offset2048_1024_high_density,932:storage_out,932,8,4,1,False,False,False,False,"[52, 42, 31, 32]"
g4d_offset2048_1024_high_density,944:storage_out,944,8,4,1,False,False,False,False,"[52, 42, 31, 32]"
g4d_offset2048_1024_high_density,9:storage_out,9,15,5,1,False,False,False,False,"[52, 41, 42, 31, 27]"
g4d_offset512_512_high_density,1000:direct,1000,11,2,0,False,False,True,False,"[19, 38]"
g4d_offset512_512_high_density,1001:direct,1001,13,4,1,False,False,False,False,"[16, 22, 31, 32]"
g4d_offset512_512_high_density,1002:storage_in,1002,7,1,0,False,True,True,False,[20]
g4d_offset512_512_high_density,1003:storage_in,1003,8,1,0,False,True,True,False,[6]
g4d_offset512_512_high_density,1004:direct,1004,12,3,0,False,False,False,False,"[22, 31, 32]"
g4d_offset512_512_high_density,1005:direct,1005,14,2,1,False,False,True,False,"[19, 41]"
g4d_offset512_512_high_density,1006:direct,1006,12,4,1,False,False,False,False,"[19, 22, 31, 32]"
g4d_offset512_512_high_density,1007:storage_in,1007,9,1,0,False,True,True,False,[11]
g4d_offset512_512_high_density,1008:direct,1008,13,4,1,False,False,False,False,"[16, 22, 31, 32]"
g4d_offset512_512_high_density,1009:storage_in,1009,10,2,0,False,False,True,False,"[9, 11]"
g4d_offset512_512_high_density,1010:storage_in,1010,9,2,1,False,False,True,False,"[6, 11]"
g4d_offset512_512_high_density,1011:direct,1011,12,2,1,False,False,True,False,"[22, 38]"
g4d_offset512_512_high_density,1012:storage_in,1012,9,2,1,False,False,True,False,"[6, 11]"
g4d_offset512_512_high_density,1013:direct,1013,7,2,0,False,False,True,False,"[16, 27]"
g4d_offset512_512_high_density,1014:storage_in,1014,12,2,1,False,False,True,False,"[19, 22]"
g4d_offset512_512_high_density,1015:storage_in,1015,9,1,1,False,True,True,False,[11]
g4d_offset512_512_high_density,1016:storage_in,1016,12,2,1,False,False,True,False,"[19, 22]"
g4d_offset512_512_high_density,1017:storage_in,1017,10,2,0,False,False,True,False,"[9, 11]"
g4d_offset512_512_high_density,1018:storage_in,1018,8,2,1,False,False,True,False,"[16, 22]"
g4d_offset512_512_high_density,1019:storage_in,1019,8,1,0,False,True,True,False,[6]
g4d_offset512_512_high_density,1020:direct,1020,7,2,0,False,False,True,False,"[22, 27]"
g4d_offset512_512_high_density,1021:storage_in,1021,8,2,1,False,False,True,False,"[16, 22]"
g4d_offset512_512_high_density,1022:storage_in,1022,7,1,0,False,True,True,False,[22]
g4d_offset512_512_high_density,1023:direct,1023,14,2,1,False,False,True,False,"[19, 41]"
g4d_offset512_512_high_density,512:storage_in,512,8,2,1,False,False,True,False,"[16, 22]"
g4d_offset512_512_high_density,513:storage_in,513,10,2,0,False,False,True,False,"[9, 11]"
g4d_offset512_512_high_density,514:storage_in,514,7,1,0,False,True,True,False,[22]
g4d_offset512_512_high_density,515:storage_in,515,11,1,1,False,True,True,False,[19]
g4d_offset512_512_high_density,516:storage_in,516,7,1,0,False,True,True,False,[22]
g4d_offset512_512_high_density,517:storage_in,517,11,1,1,False,True,True,False,[19]
g4d_offset512_512_high_density,518:storage_in,518,7,1,0,False,True,True,False,[16]
g4d_offset512_512_high_density,519:storage_in,519,9,2,2,False,False,True,False,"[6, 11]"
g4d_offset512_512_high_density,520:storage_in,520,8,2,1,False,False,True,False,"[16, 22]"
g4d_offset512_512_high_density,521:storage_in,521,9,1,0,False,True,True,False,[11]
g4d_offset512_512_high_density,522:storage_in,522,7,1,0,False,True,True,False,[20]
g4d_offset512_512_high_density,523:storage_in,523,12,1,1,False,True,True,False,[22]
g4d_offset512_512_high_density,524:storage_in,524,12,1,1,False,True,True,False,[22]
g4d_offset512_512_high_density,525:storage_in,525,11,1,1,False,True,True,False,[19]
g4d_offset512_512_high_density,526:storage_in,526,10,2,0,False,False,True,False,"[9, 11]"
g4d_offset512_512_high_density,527:storage_in,527,9,1,1,False,True,True,False,[20]
g4d_offset512_512_high_density,528:storage_in,528,11,1,1,False,True,True,False,[19]
g4d_offset512_512_high_density,529:storage_in,529,8,2,1,False,False,True,False,"[16, 22]"
g4d_offset512_512_high_density,530:storage_in,530,9,2,1,False,False,True,False,"[6, 11]"
g4d_offset512_512_high_density,531:storage_in,531,7,1,0,False,True,True,False,[16]
g4d_offset512_512_high_density,532:storage_in,532,12,1,1,False,True,True,False,[22]
g4d_offset512_512_high_density,533:storage_in,533,11,1,1,False,True,True,False,[19]
g4d_offset512_512_high_density,534:storage_in,534,9,1,0,False,True,True,False,[11]
g4d_offset512_512_high_density,535:storage_in,535,7,2,0,False,False,True,False,"[19, 22]"
g4d_offset512_512_high_density,536:storage_in,536,8,2,1,False,False,True,False,"[16, 22]"
g4d_offset512_512_high_density,537:storage_in,537,10,2,0,False,False,True,False,"[9, 11]"
g4d_offset512_512_high_density,538:storage_in,538,8,2,1,False,False,True,False,"[16, 22]"
g4d_offset512_512_high_density,539:storage_in,539,9,2,2,False,False,True,False,"[6, 11]"
g4d_offset512_512_high_density,540:storage_in,540,10,2,0,False,False,True,False,"[9, 11]"
g4d_offset512_512_high_density,541:storage_in,541,12,1,1,False,True,True,False,[22]
g4d_offset512_512_high_density,542:storage_in,542,9,1,0,False,True,True,False,[11]
g4d_offset512_512_high_density,543:storage_in,543,10,2,0,False,False,True,False,"[9, 11]"
g4d_offset512_512_high_density,544:storage_in,544,8,1,0,False,True,True,False,[6]
g4d_offset512_512_high_density,545:storage_in,545,9,1,0,False,True,True,False,[11]
g4d_offset512_512_high_density,546:storage_in,546,10,2,0,False,False,True,False,"[9, 11]"
g4d_offset512_512_high_density,547:storage_in,547,7,1,0,False,True,True,False,[22]
g4d_offset512_512_high_density,548:storage_in,548,8,1,0,False,True,True,False,[6]
g4d_offset512_512_high_density,549:storage_in,549,11,1,1,False,True,True,False,[19]
g4d_offset512_512_high_density,550:storage_in,550,9,1,0,False,True,True,False,[11]
g4d_offset512_512_high_density,551:storage_in,551,8,2,1,False,False,True,False,"[16, 22]"
g4d_offset512_512_high_density,552:storage_in,552,7,1,0,False,True,True,False,[22]
g4d_offset512_512_high_density,553:storage_in,553,11,1,1,False,True,True,False,[19]
g4d_offset512_512_high_density,554:storage_in,554,7,2,0,False,False,True,False,"[19, 22]"
g4d_offset512_512_high_density,555:storage_in,555,8,2,1,False,False,True,False,"[16, 22]"
g4d_offset512_512_high_density,556:storage_in,556,7,1,0,False,True,True,False,[22]
g4d_offset512_512_high_density,557:storage_in,557,7,2,0,False,False,True,False,"[19, 22]"
g4d_offset512_512_high_density,558:storage_in,558,9,2,2,False,False,True,False,"[6, 11]"
g4d_offset512_512_high_density,559:storage_in,559,8,2,1,False,False,True,False,"[16, 22]"
g4d_offset512_512_high_density,560:storage_in,560,8,2,1,False,False,True,False,"[16, 22]"
g4d_offset512_512_high_density,561:storage_in,561,9,1,0,False,True,True,False,[11]
g4d_offset512_512_high_density,562:storage_in,562,12,1,1,False,True,True,False,[22]
g4d_offset512_512_high_density,563:storage_in,563,10,2,0,False,False,True,False,"[9, 11]"
g4d_offset512_512_high_density,564:storage_in,564,11,1,1,False,True,True,False,[19]
g4d_offset512_512_high_density,565:storage_in,565,7,1,0,False,True,True,False,[16]
g4d_offset512_512_high_density,566:storage_in,566,7,1,0,False,True,True,False,[22]
g4d_offset512_512_high_density,567:storage_in,567,9,2,2,False,False,True,False,"[6, 11]"
g4d_offset512_512_high_density,568:storage_in,568,12,1,1,False,True,True,False,[22]
g4d_offset512_512_high_density,569:storage_in,569,9,1,0,False,True,True,False,[11]
g4d_offset512_512_high_density,570:storage_in,570,7,2,0,False,False,True,False,"[19, 22]"
g4d_offset512_512_high_density,571:storage_in,571,10,2,0,False,False,True,False,"[9, 11]"
g4d_offset512_512_high_density,572:storage_in,572,8,2,1,False,False,True,False,"[16, 22]"
g4d_offset512_512_high_density,573:storage_in,573,8,1,0,False,True,True,False,[6]
g4d_offset512_512_high_density,574:storage_in,574,7,1,0,False,True,True,False,[22]
g4d_offset512_512_high_density,575:storage_in,575,9,1,0,False,True,True,False,[11]
g4d_offset512_512_high_density,576:storage_in,576,11,1,1,False,True,True,False,[19]
g4d_offset512_512_high_density,577:storage_in,577,10,2,0,False,False,True,False,"[9, 11]"
g4d_offset512_512_high_density,578:storage_in,578,8,1,0,False,True,True,False,[6]
g4d_offset512_512_high_density,579:storage_in,579,7,2,0,False,False,True,False,"[19, 22]"
g4d_offset512_512_high_density,580:storage_in,580,8,2,1,False,False,True,False,"[16, 22]"
g4d_offset512_512_high_density,581:storage_in,581,7,1,0,False,True,True,False,[22]
g4d_offset512_512_high_density,582:storage_in,582,11,1,1,False,True,True,False,[19]
g4d_offset512_512_high_density,583:storage_in,583,8,2,1,False,False,True,False,"[16, 22]"
g4d_offset512_512_high_density,584:storage_in,584,7,1,0,False,True,True,False,[22]
g4d_offset512_512_high_density,585:storage_in,585,9,1,0,False,True,True,False,[11]
g4d_offset512_512_high_density,586:storage_in,586,7,2,0,False,False,True,False,"[19, 22]"
g4d_offset512_512_high_density,587:storage_in,587,8,2,1,False,False,True,False,"[16, 22]"
g4d_offset512_512_high_density,588:storage_in,588,10,2,0,False,False,True,False,"[9, 11]"
g4d_offset512_512_high_density,589:storage_in,589,8,1,0,False,True,True,False,[6]
g4d_offset512_512_high_density,590:storage_in,590,9,1,0,False,True,True,False,[11]
g4d_offset512_512_high_density,591:storage_in,591,7,1,0,False,True,True,False,[22]
g4d_offset512_512_high_density,592:storage_in,592,10,2,0,False,False,True,False,"[9, 11]"
g4d_offset512_512_high_density,593:storage_in,593,8,1,0,False,True,True,False,[6]
g4d_offset512_512_high_density,594:storage_in,594,9,1,0,False,True,True,False,[11]
g4d_offset512_512_high_density,595:storage_in,595,10,2,0,False,False,True,False,"[9, 11]"
g4d_offset512_512_high_density,596:storage_in,596,11,1,1,False,True,True,False,[19]
g4d_offset512_512_high_density,597:storage_in,597,8,1,0,False,True,True,False,[6]
g4d_offset512_512_high_density,598:storage_in,598,9,1,0,False,True,True,False,[11]
g4d_offset512_512_high_density,599:storage_in,599,8,2,1,False,False,True,False,"[16, 22]"
g4d_offset512_512_high_density,600:storage_in,600,10,2,0,False,False,True,False,"[9, 11]"
g4d_offset512_512_high_density,601:storage_in,601,7,1,0,False,True,True,False,[22]
g4d_offset512_512_high_density,602:storage_in,602,7,2,0,False,False,True,False,"[19, 22]"
g4d_offset512_512_high_density,603:storage_in,603,8,2,1,False,False,True,False,"[16, 22]"
g4d_offset512_512_high_density,604:storage_in,604,9,2,2,False,False,True,False,"[6, 11]"
g4d_offset512_512_high_density,605:storage_in,605,7,1,0,False,True,True,False,[22]
g4d_offset512_512_high_density,606:storage_in,606,7,1,0,False,True,True,False,[22]
g4d_offset512_512_high_density,607:storage_in,607,9,1,0,False,True,True,False,[11]
g4d_offset512_512_high_density,608:storage_in,608,10,2,0,False,False,True,False,"[9, 11]"
g4d_offset512_512_high_density,609:storage_in,609,8,1,0,False,True,True,False,[6]
g4d_offset512_512_high_density,610:storage_in,610,9,1,0,False,True,True,False,[11]
g4d_offset512_512_high_density,611:storage_in,611,10,2,0,False,False,True,False,"[9, 11]"
g4d_offset512_512_high_density,612:storage_in,612,10,2,0,False,False,True,False,"[9, 11]"
g4d_offset512_512_high_density,613:storage_in,613,7,2,0,False,False,True,False,"[19, 22]"
g4d_offset512_512_high_density,614:storage_in,614,7,2,0,False,False,True,False,"[19, 22]"
g4d_offset512_512_high_density,615:storage_in,615,8,1,0,False,True,True,False,[6]
g4d_offset512_512_high_density,616:storage_in,616,8,2,1,False,False,True,False,"[16, 22]"
g4d_offset512_512_high_density,617:storage_in,617,7,1,0,False,True,True,False,[20]
g4d_offset512_512_high_density,618:storage_in,618,7,1,0,False,True,True,False,[20]
g4d_offset512_512_high_density,619:storage_in,619,7,1,0,False,True,True,False,[20]
g4d_offset512_512_high_density,620:storage_in,620,7,1,0,False,True,True,False,[20]
g4d_offset512_512_high_density,621:storage_in,621,7,1,0,False,True,True,False,[22]
g4d_offset512_512_high_density,622:storage_in,622,7,1,0,False,True,True,False,[20]
g4d_offset512_512_high_density,623:storage_in,623,7,1,0,False,True,True,False,[20]
g4d_offset512_512_high_density,624:storage_in,624,7,1,0,False,True,True,False,[20]
g4d_offset512_512_high_density,625:storage_in,625,7,1,0,False,True,True,False,[20]
g4d_offset512_512_high_density,626:storage_in,626,7,1,0,False,True,True,False,[20]
g4d_offset512_512_high_density,627:storage_in,627,7,1,0,False,True,True,False,[20]
g4d_offset512_512_high_density,628:storage_in,628,7,1,0,False,True,True,False,[20]
g4d_offset512_512_high_density,629:storage_in,629,7,1,0,False,True,True,False,[20]
g4d_offset512_512_high_density,630:storage_in,630,7,1,0,False,True,True,False,[20]
g4d_offset512_512_high_density,631:storage_in,631,7,1,0,False,True,True,False,[20]
g4d_offset512_512_high_density,632:storage_in,632,7,1,0,False,True,True,False,[20]
g4d_offset512_512_high_density,633:storage_in,633,7,1,0,False,True,True,False,[20]
g4d_offset512_512_high_density,634:storage_in,634,7,1,0,False,True,True,False,[20]
g4d_offset512_512_high_density,635:storage_in,635,7,1,0,False,True,True,False,[20]
g4d_offset512_512_high_density,636:storage_in,636,7,2,0,False,False,True,False,"[19, 22]"
g4d_offset512_512_high_density,637:storage_in,637,8,1,0,False,True,True,False,[6]
g4d_offset512_512_high_density,638:storage_in,638,8,2,1,False,False,True,False,"[16, 22]"
g4d_offset512_512_high_density,639:storage_in,639,9,1,0,False,True,True,False,[11]
g4d_offset512_512_high_density,640:storage_in,640,10,2,0,False,False,True,False,"[9, 11]"
g4d_offset512_512_high_density,641:storage_in,641,8,2,1,False,False,True,False,"[16, 22]"
g4d_offset512_512_high_density,642:storage_in,642,12,1,1,False,True,True,False,[22]
g4d_offset512_512_high_density,643:storage_in,643,8,2,1,False,False,True,False,"[16, 22]"
g4d_offset512_512_high_density,644:storage_in,644,9,2,2,False,False,True,False,"[6, 11]"
g4d_offset512_512_high_density,645:storage_in,645,11,1,1,False,True,True,False,[19]
g4d_offset512_512_high_density,646:storage_in,646,7,1,0,False,True,True,False,[22]
g4d_offset512_512_high_density,647:storage_in,647,9,1,1,False,True,True,False,[20]
g4d_offset512_512_high_density,648:storage_in,648,8,2,1,False,False,True,False,"[16, 22]"
g4d_offset512_512_high_density,649:storage_in,649,11,1,1,False,True,True,False,[19]
g4d_offset512_512_high_density,650:storage_in,650,9,1,0,False,True,True,False,[11]
g4d_offset512_512_high_density,651:storage_in,651,7,1,0,False,True,True,False,[22]
g4d_offset512_512_high_density,652:storage_in,652,7,1,0,False,True,True,False,[16]
g4d_offset512_512_high_density,653:storage_in,653,11,1,1,False,True,True,False,[19]
g4d_offset512_512_high_density,654:storage_in,654,12,1,1,False,True,True,False,[22]
g4d_offset512_512_high_density,655:storage_in,655,10,2,0,False,False,True,False,"[9, 11]"
g4d_offset512_512_high_density,656:storage_in,656,9,1,1,False,True,True,False,[11]
g4d_offset512_512_high_density,657:storage_in,657,7,1,0,False,True,True,False,[22]
g4d_offset512_512_high_density,658:storage_in,658,7,1,0,False,True,True,False,[16]
g4d_offset512_512_high_density,659:storage_in,659,11,1,1,False,True,True,False,[19]
g4d_offset512_512_high_density,660:storage_in,660,11,1,1,False,True,True,False,[19]
g4d_offset512_512_high_density,661:storage_in,661,12,1,1,False,True,True,False,[22]
g4d_offset512_512_high_density,662:storage_in,662,7,1,0,False,True,True,False,[16]
g4d_offset512_512_high_density,663:storage_in,663,9,2,2,False,False,True,False,"[6, 11]"
g4d_offset512_512_high_density,664:storage_in,664,10,2,0,False,False,True,False,"[9, 11]"
g4d_offset512_512_high_density,665:storage_in,665,7,1,0,False,True,True,False,[16]
g4d_offset512_512_high_density,666:storage_in,666,12,1,1,False,True,True,False,[22]
g4d_offset512_512_high_density,667:storage_in,667,12,1,1,False,True,True,False,[22]
g4d_offset512_512_high_density,668:storage_in,668,9,1,0,False,True,True,False,[11]
g4d_offset512_512_high_density,669:storage_in,669,12,2,1,False,False,True,False,"[19, 22]"
g4d_offset512_512_high_density,670:storage_in,670,12,2,1,False,False,True,False,"[19, 22]"
g4d_offset512_512_high_density,671:storage_in,671,10,2,0,False,False,True,False,"[9, 11]"
g4d_offset512_512_high_density,672:storage_in,672,9,2,2,False,False,True,False,"[6, 11]"
g4d_offset512_512_high_density,673:storage_in,673,7,1,0,False,True,True,False,[16]
g4d_offset512_512_high_density,674:storage_in,674,12,2,1,False,False,True,False,"[19, 22]"
g4d_offset512_512_high_density,675:storage_in,675,9,2,1,False,False,True,False,"[6, 11]"
g4d_offset512_512_high_density,676:storage_in,676,7,1,0,False,True,True,False,[20]
g4d_offset512_512_high_density,677:storage_in,677,12,1,1,False,True,True,False,[22]
g4d_offset512_512_high_density,678:storage_in,678,7,1,0,False,True,True,False,[16]
g4d_offset512_512_high_density,679:storage_in,679,9,1,0,False,True,True,False,[11]
g4d_offset512_512_high_density,680:storage_in,680,12,2,1,False,False,True,False,"[19, 22]"
g4d_offset512_512_high_density,681:storage_in,681,9,1,0,False,True,True,False,[11]
g4d_offset512_512_high_density,682:storage_in,682,7,1,0,False,True,True,False,[16]
g4d_offset512_512_high_density,683:storage_in,683,9,1,1,False,True,True,False,[9]
g4d_offset512_512_high_density,684:storage_in,684,9,2,1,False,False,True,False,"[6, 11]"
g4d_offset512_512_high_density,685:storage_in,685,10,2,0,False,False,True,False,"[9, 11]"
g4d_offset512_512_high_density,686:storage_in,686,9,2,1,False,False,True,False,"[6, 11]"
g4d_offset512_512_high_density,687:storage_in,687,12,1,1,False,True,True,False,[22]
g4d_offset512_512_high_density,688:storage_in,688,9,1,0,False,True,True,False,[11]
g4d_offset512_512_high_density,689:storage_in,689,10,2,0,False,False,True,False,"[9, 11]"
g4d_offset512_512_high_density,690:storage_in,690,7,1,0,False,True,True,False,[16]
g4d_offset512_512_high_density,691:storage_in,691,8,1,0,False,True,True,False,[6]
g4d_offset512_512_high_density,692:storage_in,692,12,1,1,False,True,True,False,[22]
g4d_offset512_512_high_density,693:storage_in,693,9,1,1,False,True,True,False,[11]
g4d_offset512_512_high_density,694:storage_in,694,12,2,1,False,False,True,False,"[19, 22]"
g4d_offset512_512_high_density,695:storage_in,695,7,1,0,False,True,True,False,[22]
g4d_offset512_512_high_density,696:storage_in,696,8,2,1,False,False,True,False,"[16, 22]"
g4d_offset512_512_high_density,697:storage_in,697,10,2,0,False,False,True,False,"[9, 11]"
g4d_offset512_512_high_density,698:storage_in,698,9,1,0,False,True,True,False,[11]
g4d_offset512_512_high_density,699:storage_in,699,11,1,1,False,True,True,False,[19]
g4d_offset512_512_high_density,700:storage_in,700,10,2,0,False,False,True,False,"[9, 11]"
g4d_offset512_512_high_density,701:storage_in,701,7,1,0,False,True,True,False,[20]
g4d_offset512_512_high_density,702:storage_in,702,12,1,1,False,True,True,False,[22]
g4d_offset512_512_high_density,703:storage_in,703,7,1,0,False,True,True,False,[16]
g4d_offset512_512_high_density,704:storage_in,704,12,2,1,False,False,True,False,"[19, 22]"
g4d_offset512_512_high_density,705:storage_in,705,8,1,0,False,True,True,False,[6]
g4d_offset512_512_high_density,706:storage_in,706,12,1,1,False,True,True,False,[22]
g4d_offset512_512_high_density,707:storage_in,707,12,2,1,False,False,True,False,"[19, 22]"
g4d_offset512_512_high_density,708:storage_in,708,7,1,0,False,True,True,False,[16]
g4d_offset512_512_high_density,709:storage_in,709,12,2,1,False,False,True,False,"[19, 22]"
g4d_offset512_512_high_density,710:storage_in,710,8,1,0,False,True,True,False,[6]
g4d_offset512_512_high_density,711:storage_in,711,7,1,0,False,True,True,False,[16]
g4d_offset512_512_high_density,712:storage_in,712,9,1,0,False,True,True,False,[11]
g4d_offset512_512_high_density,713:storage_in,713,7,1,0,False,True,True,False,[22]
g4d_offset512_512_high_density,714:storage_in,714,12,1,1,False,True,True,False,[22]
g4d_offset512_512_high_density,715:storage_in,715,10,2,0,False,False,True,False,"[9, 11]"
g4d_offset512_512_high_density,716:storage_in,716,12,2,1,False,False,True,False,"[19, 22]"
g4d_offset512_512_high_density,717:storage_in,717,8,2,1,False,False,True,False,"[16, 22]"
g4d_offset512_512_high_density,718:storage_in,718,9,2,2,False,False,True,False,"[6, 11]"
g4d_offset512_512_high_density,719:storage_in,719,7,1,0,False,True,True,False,[16]
g4d_offset512_512_high_density,720:storage_in,720,11,1,1,False,True,True,False,[19]
g4d_offset512_512_high_density,721:storage_in,721,9,1,0,False,True,True,False,[11]
g4d_offset512_512_high_density,722:storage_in,722,12,1,1,False,True,True,False,[22]
g4d_offset512_512_high_density,723:storage_in,723,7,1,0,False,True,True,False,[22]
g4d_offset512_512_high_density,724:storage_in,724,10,2,0,False,False,True,False,"[9, 11]"
g4d_offset512_512_high_density,725:storage_in,725,12,2,1,False,False,True,False,"[19, 22]"
g4d_offset512_512_high_density,726:storage_in,726,8,1,0,False,True,True,False,[6]
g4d_offset512_512_high_density,727:storage_in,727,9,1,0,False,True,True,False,[11]
g4d_offset512_512_high_density,728:storage_in,728,7,1,0,False,True,True,False,[16]
g4d_offset512_512_high_density,729:storage_in,729,8,2,1,False,False,True,False,"[16, 22]"
g4d_offset512_512_high_density,730:storage_in,730,10,2,0,False,False,True,False,"[9, 11]"
g4d_offset512_512_high_density,731:storage_in,731,8,1,0,False,True,True,False,[6]
g4d_offset512_512_high_density,732:storage_in,732,12,1,1,False,True,True,False,[22]
g4d_offset512_512_high_density,733:storage_in,733,9,1,0,False,True,True,False,[11]
g4d_offset512_512_high_density,734:storage_in,734,11,1,1,False,True,True,False,[19]
g4d_offset512_512_high_density,735:storage_in,735,7,2,0,False,False,True,False,"[19, 22]"
g4d_offset512_512_high_density,736:storage_in,736,8,2,1,False,False,True,False,"[16, 22]"
g4d_offset512_512_high_density,737:storage_in,737,10,2,0,False,False,True,False,"[9, 11]"
g4d_offset512_512_high_density,738:storage_in,738,7,1,0,False,True,True,False,[22]
g4d_offset512_512_high_density,739:storage_in,739,7,1,0,False,True,True,False,[22]
g4d_offset512_512_high_density,740:storage_in,740,11,1,1,False,True,True,False,[19]
g4d_offset512_512_high_density,741:storage_in,741,11,1,1,False,True,True,False,[19]
g4d_offset512_512_high_density,742:storage_in,742,8,2,1,False,False,True,False,"[16, 22]"
g4d_offset512_512_high_density,743:storage_in,743,9,2,1,False,False,True,False,"[6, 11]"
g4d_offset512_512_high_density,744:storage_in,744,12,1,1,False,True,True,False,[22]
g4d_offset512_512_high_density,745:storage_in,745,8,2,1,False,False,True,False,"[16, 22]"
g4d_offset512_512_high_density,746:storage_in,746,7,1,0,False,True,True,False,[16]
g4d_offset512_512_high_density,747:storage_in,747,9,1,0,False,True,True,False,[11]
g4d_offset512_512_high_density,748:storage_in,748,10,2,1,False,False,True,False,"[9, 11]"
g4d_offset512_512_high_density,749:storage_in,749,11,1,1,False,True,True,False,[19]
g4d_offset512_512_high_density,750:storage_in,750,7,1,0,False,True,True,False,[22]
g4d_offset512_512_high_density,751:storage_in,751,8,1,0,False,True,True,False,[6]
g4d_offset512_512_high_density,752:storage_in,752,9,1,0,False,True,True,False,[11]
g4d_offset512_512_high_density,753:storage_in,753,10,2,0,False,False,True,False,"[9, 11]"
g4d_offset512_512_high_density,754:storage_in,754,7,1,0,False,True,True,False,[22]
g4d_offset512_512_high_density,755:storage_in,755,9,2,1,False,False,True,False,"[6, 11]"
g4d_offset512_512_high_density,756:storage_in,756,7,1,0,False,True,True,False,[16]
g4d_offset512_512_high_density,757:storage_in,757,9,1,0,False,True,True,False,[11]
g4d_offset512_512_high_density,758:storage_in,758,12,1,1,False,True,True,False,[22]
g4d_offset512_512_high_density,759:storage_in,759,9,1,1,False,True,True,False,[11]
g4d_offset512_512_high_density,760:direct,760,11,2,0,False,False,True,False,"[19, 38]"
g4d_offset512_512_high_density,761:storage_in,761,10,2,0,False,False,True,False,"[9, 11]"
g4d_offset512_512_high_density,762:direct,762,13,4,1,False,False,False,False,"[16, 22, 31, 32]"
g4d_offset512_512_high_density,763:storage_in,763,12,1,1,False,True,True,False,[22]
g4d_offset512_512_high_density,764:direct,764,11,2,0,False,False,True,False,"[19, 38]"
g4d_offset512_512_high_density,765:storage_in,765,8,2,1,False,False,True,False,"[16, 22]"
g4d_offset512_512_high_density,766:storage_in,766,7,1,0,False,True,True,False,[22]
g4d_offset512_512_high_density,767:storage_in,767,7,2,0,False,False,True,False,"[19, 22]"
g4d_offset512_512_high_density,768:storage_in,768,8,2,1,False,False,True,False,"[16, 22]"
g4d_offset512_512_high_density,769:storage_in,769,9,2,2,False,False,True,False,"[6, 11]"
g4d_offset512_512_high_density,770:storage_in,770,9,1,0,False,True,True,False,[11]
g4d_offset512_512_high_density,771:storage_in,771,12,1,1,False,True,True,False,[22]
g4d_offset512_512_high_density,772:storage_in,772,10,2,0,False,False,True,False,"[9, 11]"
g4d_offset512_512_high_density,773:storage_in,773,8,1,0,False,True,True,False,[6]
g4d_offset512_512_high_density,774:storage_in,774,9,1,0,False,True,True,False,[11]
g4d_offset512_512_high_density,775:storage_in,775,7,2,0,False,False,True,False,"[19, 22]"
g4d_offset512_512_high_density,776:storage_in,776,7,2,0,False,False,True,False,"[19, 22]"
g4d_offset512_512_high_density,777:storage_in,777,10,2,0,False,False,True,False,"[9, 11]"
g4d_offset512_512_high_density,778:storage_in,778,8,2,1,False,False,True,False,"[16, 22]"
g4d_offset512_512_high_density,779:storage_in,779,8,1,0,False,True,True,False,[6]
g4d_offset512_512_high_density,780:storage_in,780,8,1,0,False,True,True,False,[6]
g4d_offset512_512_high_density,781:storage_in,781,9,1,0,False,True,True,False,[11]
g4d_offset512_512_high_density,782:direct,782,12,3,0,False,False,False,False,"[22, 31, 32]"
g4d_offset512_512_high_density,783:direct,783,12,4,1,False,False,False,False,"[19, 22, 31, 32]"
g4d_offset512_512_high_density,784:direct,784,13,4,1,False,False,False,False,"[16, 22, 31, 32]"
g4d_offset512_512_high_density,785:storage_in,785,7,1,0,False,True,True,False,[22]
g4d_offset512_512_high_density,786:storage_in,786,10,2,0,False,False,True,False,"[9, 11]"
g4d_offset512_512_high_density,787:storage_in,787,8,2,1,False,False,True,False,"[16, 22]"
g4d_offset512_512_high_density,788:storage_in,788,7,2,0,False,False,True,False,"[19, 22]"
g4d_offset512_512_high_density,789:storage_in,789,7,1,0,False,True,True,False,[20]
g4d_offset512_512_high_density,790:storage_in,790,7,1,0,False,True,True,False,[20]
g4d_offset512_512_high_density,791:storage_in,791,7,1,0,False,True,True,False,[20]
g4d_offset512_512_high_density,792:storage_in,792,7,1,0,False,True,True,False,[20]
g4d_offset512_512_high_density,793:storage_in,793,7,1,0,False,True,True,False,[20]
g4d_offset512_512_high_density,794:storage_in,794,7,1,0,False,True,True,False,[20]
g4d_offset512_512_high_density,795:storage_in,795,7,1,0,False,True,True,False,[20]
g4d_offset512_512_high_density,796:storage_in,796,7,1,0,False,True,True,False,[20]
g4d_offset512_512_high_density,797:storage_in,797,8,1,0,False,True,True,False,[6]
g4d_offset512_512_high_density,798:storage_in,798,7,1,0,False,True,True,False,[20]
g4d_offset512_512_high_density,799:storage_in,799,7,1,0,False,True,True,False,[20]
g4d_offset512_512_high_density,800:storage_in,800,7,1,0,False,True,True,False,[20]
g4d_offset512_512_high_density,801:storage_in,801,7,1,0,False,True,True,False,[20]
g4d_offset512_512_high_density,802:storage_in,802,7,1,0,False,True,True,False,[20]
g4d_offset512_512_high_density,803:storage_in,803,7,1,0,False,True,True,False,[20]
g4d_offset512_512_high_density,804:storage_in,804,7,1,0,False,True,True,False,[20]
g4d_offset512_512_high_density,805:storage_in,805,7,1,0,False,True,True,False,[20]
g4d_offset512_512_high_density,806:storage_in,806,7,1,0,False,True,True,False,[20]
g4d_offset512_512_high_density,807:storage_in,807,7,1,0,False,True,True,False,[20]
g4d_offset512_512_high_density,808:storage_in,808,7,1,0,False,True,True,False,[20]
g4d_offset512_512_high_density,809:storage_in,809,7,1,0,False,True,True,False,[20]
g4d_offset512_512_high_density,810:storage_in,810,7,1,0,False,True,True,False,[20]
g4d_offset512_512_high_density,811:storage_in,811,7,1,0,False,True,True,False,[20]
g4d_offset512_512_high_density,812:storage_in,812,7,1,0,False,True,True,False,[20]
g4d_offset512_512_high_density,813:storage_in,813,7,1,0,False,True,True,False,[20]
g4d_offset512_512_high_density,814:storage_in,814,7,1,0,False,True,True,False,[20]
g4d_offset512_512_high_density,815:storage_in,815,7,1,0,False,True,True,False,[20]
g4d_offset512_512_high_density,816:storage_in,816,7,1,0,False,True,True,False,[20]
g4d_offset512_512_high_density,817:storage_in,817,7,1,0,False,True,True,False,[20]
g4d_offset512_512_high_density,818:storage_in,818,7,1,0,False,True,True,False,[20]
g4d_offset512_512_high_density,819:storage_in,819,7,1,0,False,True,True,False,[20]
g4d_offset512_512_high_density,820:storage_in,820,7,1,0,False,True,True,False,[20]
g4d_offset512_512_high_density,821:storage_in,821,7,1,0,False,True,True,False,[20]
g4d_offset512_512_high_density,822:storage_in,822,7,1,0,False,True,True,False,[20]
g4d_offset512_512_high_density,823:storage_in,823,7,1,0,False,True,True,False,[20]
g4d_offset512_512_high_density,824:storage_in,824,7,1,0,False,True,True,False,[20]
g4d_offset512_512_high_density,825:storage_in,825,7,1,0,False,True,True,False,[20]
g4d_offset512_512_high_density,826:storage_in,826,7,1,0,False,True,True,False,[20]
g4d_offset512_512_high_density,827:storage_in,827,7,1,0,False,True,True,False,[20]
g4d_offset512_512_high_density,828:storage_in,828,7,1,0,False,True,True,False,[20]
g4d_offset512_512_high_density,829:storage_in,829,7,1,0,False,True,True,False,[20]
g4d_offset512_512_high_density,830:storage_in,830,7,1,0,False,True,True,False,[20]
g4d_offset512_512_high_density,831:storage_in,831,7,1,0,False,True,True,False,[20]
g4d_offset512_512_high_density,832:storage_in,832,7,1,0,False,True,True,False,[20]
g4d_offset512_512_high_density,833:storage_in,833,7,1,0,False,True,True,False,[20]
g4d_offset512_512_high_density,834:direct,834,9,2,0,False,False,True,False,"[20, 38]"
g4d_offset512_512_high_density,835:storage_in,835,7,1,0,False,True,True,False,[20]
g4d_offset512_512_high_density,836:storage_in,836,7,1,0,False,True,True,False,[20]
g4d_offset512_512_high_density,837:storage_in,837,7,1,0,False,True,True,False,[20]
g4d_offset512_512_high_density,838:storage_in,838,7,1,0,False,True,True,False,[20]
g4d_offset512_512_high_density,839:storage_in,839,7,1,0,False,True,True,False,[20]
g4d_offset512_512_high_density,840:storage_in,840,7,1,0,False,True,True,False,[20]
g4d_offset512_512_high_density,841:storage_in,841,7,1,0,False,True,True,False,[20]
g4d_offset512_512_high_density,842:storage_in,842,7,1,0,False,True,True,False,[20]
g4d_offset512_512_high_density,843:storage_in,843,10,2,0,False,False,True,False,"[9, 11]"
g4d_offset512_512_high_density,844:storage_in,844,8,1,0,False,True,True,False,[6]
g4d_offset512_512_high_density,845:storage_in,845,7,2,0,False,False,True,False,"[19, 22]"
g4d_offset512_512_high_density,846:direct,846,13,4,1,False,False,False,False,"[16, 22, 31, 32]"
g4d_offset512_512_high_density,847:storage_in,847,9,1,0,False,True,True,False,[11]
g4d_offset512_512_high_density,848:direct,848,12,2,1,False,False,True,False,"[22, 38]"
g4d_offset512_512_high_density,849:storage_in,849,8,2,1,False,False,True,False,"[16, 22]"
g4d_offset512_512_high_density,850:storage_in,850,7,1,0,False,True,True,False,[20]
g4d_offset512_512_high_density,851:direct,851,11,2,0,False,False,True,False,"[19, 38]"
g4d_offset512_512_high_density,852:storage_in,852,10,2,0,False,False,True,False,"[9, 11]"
g4d_offset512_512_high_density,853:storage_in,853,7,1,0,False,True,True,False,[22]
g4d_offset512_512_high_density,854:direct,854,13,3,2,False,False,False,False,"[16, 22, 38]"
g4d_offset512_512_high_density,855:storage_in,855,9,1,0,False,True,True,False,[11]
g4d_offset512_512_high_density,856:storage_in,856,8,1,0,False,True,True,False,[6]
g4d_offset512_512_high_density,857:direct,857,14,2,1,False,False,True,False,"[19, 41]"
g4d_offset512_512_high_density,858:storage_in,858,9,1,0,False,True,True,False,[11]
g4d_offset512_512_high_density,859:storage_in,859,12,1,1,False,True,True,False,[22]
g4d_offset512_512_high_density,860:storage_in,860,7,1,0,False,True,True,False,[16]
g4d_offset512_512_high_density,861:storage_in,861,10,2,0,False,False,True,False,"[9, 11]"
g4d_offset512_512_high_density,862:direct,862,15,2,1,False,False,True,False,"[22, 41]"
g4d_offset512_512_high_density,863:direct,863,12,2,1,False,False,True,False,"[22, 38]"
g4d_offset512_512_high_density,864:storage_in,864,9,2,2,False,False,True,False,"[6, 11]"
g4d_offset512_512_high_density,865:storage_in,865,11,1,1,False,True,True,False,[19]
g4d_offset512_512_high_density,866:storage_in,866,10,2,0,False,False,True,False,"[9, 11]"
g4d_offset512_512_high_density,867:direct,867,12,4,1,False,False,False,False,"[19, 22, 31, 32]"
g4d_offset512_512_high_density,868:storage_in,868,9,1,0,False,True,True,False,[11]
g4d_offset512_512_high_density,869:storage_in,869,7,1,0,False,True,True,False,[16]
g4d_offset512_512_high_density,870:storage_in,870,7,1,0,False,True,True,False,[16]
g4d_offset512_512_high_density,871:storage_in,871,9,2,1,False,False,True,False,"[6, 11]"
g4d_offset512_512_high_density,872:storage_in,872,9,1,1,False,True,True,False,[20]
g4d_offset512_512_high_density,873:storage_in,873,9,1,1,False,True,True,False,[9]
g4d_offset512_512_high_density,874:storage_in,874,12,1,1,False,True,True,False,[22]
g4d_offset512_512_high_density,875:storage_in,875,12,1,1,False,True,True,False,[22]
g4d_offset512_512_high_density,876:storage_in,876,7,1,0,False,True,True,False,[20]
g4d_offset512_512_high_density,877:storage_in,877,9,1,0,False,True,True,False,[11]
g4d_offset512_512_high_density,878:storage_in,878,7,1,0,False,True,True,False,[20]
g4d_offset512_512_high_density,879:storage_in,879,11,1,1,False,True,True,False,[19]
g4d_offset512_512_high_density,880:storage_in,880,11,1,1,False,True,True,False,[19]
g4d_offset512_512_high_density,881:storage_in,881,10,2,0,False,False,True,False,"[9, 11]"
g4d_offset512_512_high_density,882:direct,882,11,2,0,False,False,True,False,"[19, 38]"
g4d_offset512_512_high_density,883:storage_in,883,8,2,1,False,False,True,False,"[16, 22]"
g4d_offset512_512_high_density,884:storage_in,884,8,2,1,False,False,True,False,"[16, 22]"
g4d_offset512_512_high_density,885:storage_in,885,9,2,1,False,False,True,False,"[6, 11]"
g4d_offset512_512_high_density,886:storage_in,886,9,1,1,False,True,True,False,[20]
g4d_offset512_512_high_density,887:storage_in,887,12,1,1,False,True,True,False,[22]
g4d_offset512_512_high_density,888:storage_in,888,9,1,0,False,True,True,False,[11]
g4d_offset512_512_high_density,889:storage_in,889,12,1,1,False,True,True,False,[22]
g4d_offset512_512_high_density,890:storage_in,890,9,1,0,False,True,True,False,[11]
g4d_offset512_512_high_density,891:storage_in,891,11,1,1,False,True,True,False,[19]
g4d_offset512_512_high_density,892:storage_in,892,11,1,1,False,True,True,False,[19]
g4d_offset512_512_high_density,893:storage_in,893,10,2,0,False,False,True,False,"[9, 11]"
g4d_offset512_512_high_density,894:storage_in,894,10,2,0,False,False,True,False,"[9, 11]"
g4d_offset512_512_high_density,895:storage_in,895,9,1,1,False,True,True,False,[20]
g4d_offset512_512_high_density,896:storage_in,896,8,2,1,False,False,True,False,"[16, 22]"
g4d_offset512_512_high_density,897:storage_in,897,9,2,1,False,False,True,False,"[6, 11]"
g4d_offset512_512_high_density,898:storage_in,898,9,2,1,False,False,True,False,"[6, 11]"
g4d_offset512_512_high_density,899:storage_in,899,12,1,1,False,True,True,False,[22]
g4d_offset512_512_high_density,900:storage_in,900,9,1,0,False,True,True,False,[11]
g4d_offset512_512_high_density,901:storage_in,901,11,1,1,False,True,True,False,[19]
g4d_offset512_512_high_density,902:storage_in,902,10,2,0,False,False,True,False,"[9, 11]"
g4d_offset512_512_high_density,903:storage_in,903,9,1,0,False,True,True,False,[11]
g4d_offset512_512_high_density,904:storage_in,904,8,1,0,False,True,True,False,[6]
g4d_offset512_512_high_density,905:storage_in,905,9,1,0,False,True,True,False,[11]
g4d_offset512_512_high_density,906:storage_in,906,8,2,1,False,False,True,False,"[16, 22]"
g4d_offset512_512_high_density,907:storage_in,907,8,2,1,False,False,True,False,"[16, 22]"
g4d_offset512_512_high_density,908:storage_in,908,10,2,0,False,False,True,False,"[9, 11]"
g4d_offset512_512_high_density,909:storage_in,909,10,2,0,False,False,True,False,"[9, 11]"
g4d_offset512_512_high_density,910:storage_in,910,7,1,0,False,True,True,False,[22]
g4d_offset512_512_high_density,911:storage_in,911,9,2,2,False,False,True,False,"[6, 11]"
g4d_offset512_512_high_density,912:storage_in,912,12,1,1,False,True,True,False,[22]
g4d_offset512_512_high_density,913:storage_in,913,11,1,1,False,True,True,False,[19]
g4d_offset512_512_high_density,914:storage_in,914,9,2,1,False,False,True,False,"[6, 11]"
g4d_offset512_512_high_density,915:storage_in,915,9,1,0,False,True,True,False,[11]
g4d_offset512_512_high_density,916:storage_in,916,9,1,1,False,True,True,False,[20]
g4d_offset512_512_high_density,917:storage_in,917,7,2,0,False,False,True,False,"[19, 22]"
g4d_offset512_512_high_density,918:storage_in,918,10,2,0,False,False,True,False,"[9, 11]"
g4d_offset512_512_high_density,919:storage_in,919,9,2,1,False,False,True,False,"[6, 11]"
g4d_offset512_512_high_density,920:storage_in,920,7,1,0,False,True,True,False,[16]
g4d_offset512_512_high_density,921:storage_in,921,7,1,0,False,True,True,False,[16]
g4d_offset512_512_high_density,922:storage_in,922,9,2,1,False,False,True,False,"[6, 11]"
g4d_offset512_512_high_density,923:storage_in,923,9,1,1,False,True,True,False,[11]
g4d_offset512_512_high_density,924:storage_in,924,12,1,1,False,True,True,False,[22]
g4d_offset512_512_high_density,925:storage_in,925,12,1,1,False,True,True,False,[22]
g4d_offset512_512_high_density,926:storage_in,926,12,2,1,False,False,True,False,"[19, 22]"
g4d_offset512_512_high_density,927:storage_in,927,8,2,1,False,False,True,False,"[16, 22]"
g4d_offset512_512_high_density,928:storage_in,928,7,2,0,False,False,True,False,"[19, 22]"
g4d_offset512_512_high_density,929:storage_in,929,10,2,0,False,False,True,False,"[9, 11]"
g4d_offset512_512_high_density,930:storage_in,930,7,1,0,False,True,True,False,[22]
g4d_offset512_512_high_density,931:direct,931,13,4,1,False,False,False,False,"[16, 22, 31, 32]"
g4d_offset512_512_high_density,932:storage_in,932,7,1,0,False,True,True,False,[16]
g4d_offset512_512_high_density,933:storage_in,933,11,1,1,False,True,True,False,[19]
g4d_offset512_512_high_density,934:storage_in,934,9,2,2,False,False,True,False,"[6, 11]"
g4d_offset512_512_high_density,935:storage_in,935,8,2,1,False,False,True,False,"[16, 22]"
g4d_offset512_512_high_density,936:storage_in,936,9,1,0,False,True,True,False,[11]
g4d_offset512_512_high_density,937:storage_in,937,12,1,1,False,True,True,False,[22]
g4d_offset512_512_high_density,938:direct,938,12,2,1,False,False,True,False,"[22, 38]"
g4d_offset512_512_high_density,939:storage_in,939,10,2,0,False,False,True,False,"[9, 11]"
g4d_offset512_512_high_density,940:storage_in,940,12,2,1,False,False,True,False,"[19, 22]"
g4d_offset512_512_high_density,941:direct,941,12,4,1,False,False,False,False,"[19, 22, 31, 32]"
g4d_offset512_512_high_density,942:storage_in,942,8,1,0,False,True,True,False,[6]
g4d_offset512_512_high_density,943:storage_in,943,7,1,0,False,True,True,False,[16]
g4d_offset512_512_high_density,944:storage_in,944,8,2,1,False,False,True,False,"[16, 22]"
g4d_offset512_512_high_density,945:storage_in,945,12,1,1,False,True,True,False,[22]
g4d_offset512_512_high_density,946:storage_in,946,9,1,0,False,True,True,False,[11]
g4d_offset512_512_high_density,947:storage_in,947,11,1,1,False,True,True,False,[19]
g4d_offset512_512_high_density,948:direct,948,12,3,0,False,False,False,False,"[22, 31, 32]"
g4d_offset512_512_high_density,949:storage_in,949,10,2,0,False,False,True,False,"[9, 11]"
g4d_offset512_512_high_density,950:storage_in,950,7,2,0,False,False,True,False,"[19, 22]"
g4d_offset512_512_high_density,951:storage_in,951,9,1,0,False,True,True,False,[11]
g4d_offset512_512_high_density,952:storage_in,952,10,2,0,False,False,True,False,"[9, 11]"
g4d_offset512_512_high_density,953:direct,953,12,3,0,False,False,False,False,"[16, 31, 32]"
g4d_offset512_512_high_density,954:storage_in,954,9,1,0,False,True,True,False,[11]
g4d_offset512_512_high_density,955:storage_in,955,9,2,2,False,False,True,False,"[6, 11]"
g4d_offset512_512_high_density,956:storage_in,956,9,1,0,False,True,True,False,[11]
g4d_offset512_512_high_density,957:storage_in,957,10,2,0,False,False,True,False,"[9, 11]"
g4d_offset512_512_high_density,958:storage_in,958,8,2,1,False,False,True,False,"[16, 22]"
g4d_offset512_512_high_density,959:direct,959,12,2,1,False,False,True,False,"[22, 38]"
g4d_offset512_512_high_density,960:direct,960,7,2,0,False,False,True,False,"[22, 27]"
g4d_offset512_512_high_density,961:storage_in,961,11,1,1,False,True,True,False,[19]
g4d_offset512_512_high_density,962:storage_in,962,9,1,1,False,True,True,False,[20]
g4d_offset512_512_high_density,963:direct,963,14,2,1,False,False,True,False,"[19, 41]"
g4d_offset512_512_high_density,964:storage_in,964,8,2,1,False,False,True,False,"[16, 22]"
g4d_offset512_512_high_density,965:storage_in,965,7,1,0,False,True,True,False,[22]
g4d_offset512_512_high_density,966:storage_in,966,8,2,1,False,False,True,False,"[16, 22]"
g4d_offset512_512_high_density,967:storage_in,967,9,2,2,False,False,True,False,"[6, 11]"
g4d_offset512_512_high_density,968:storage_in,968,7,1,0,False,True,True,False,[22]
g4d_offset512_512_high_density,969:storage_in,969,7,1,0,False,True,True,False,[22]
g4d_offset512_512_high_density,970:storage_in,970,9,1,0,False,True,True,False,[11]
g4d_offset512_512_high_density,971:storage_in,971,11,1,1,False,True,True,False,[19]
g4d_offset512_512_high_density,972:storage_in,972,11,1,1,False,True,True,False,[19]
g4d_offset512_512_high_density,973:storage_in,973,10,2,0,False,False,True,False,"[9, 11]"
g4d_offset512_512_high_density,974:storage_in,974,8,2,1,False,False,True,False,"[16, 22]"
g4d_offset512_512_high_density,975:storage_in,975,8,2,1,False,False,True,False,"[16, 22]"
g4d_offset512_512_high_density,976:storage_in,976,10,2,0,False,False,True,False,"[9, 11]"
g4d_offset512_512_high_density,977:storage_in,977,12,1,1,False,True,True,False,[22]
g4d_offset512_512_high_density,978:storage_in,978,9,2,1,False,False,True,False,"[6, 11]"
g4d_offset512_512_high_density,979:storage_in,979,11,1,1,False,True,True,False,[19]
g4d_offset512_512_high_density,980:storage_in,980,9,1,0,False,True,True,False,[11]
g4d_offset512_512_high_density,981:direct,981,7,2,0,False,False,True,False,"[16, 27]"
g4d_offset512_512_high_density,982:direct,982,12,3,2,False,False,False,False,"[19, 22, 38]"
g4d_offset512_512_high_density,983:storage_in,983,9,1,1,False,True,True,False,[9]
g4d_offset512_512_high_density,984:storage_in,984,12,1,1,False,True,True,False,[22]
g4d_offset512_512_high_density,985:direct,985,12,3,0,False,False,False,False,"[16, 31, 32]"
g4d_offset512_512_high_density,986:storage_in,986,12,1,1,False,True,True,False,[22]
g4d_offset512_512_high_density,987:storage_in,987,12,2,1,False,False,True,False,"[19, 22]"
g4d_offset512_512_high_density,988:storage_in,988,9,2,2,False,False,True,False,"[6, 11]"
g4d_offset512_512_high_density,989:storage_in,989,9,1,0,False,True,True,False,[11]
g4d_offset512_512_high_density,990:direct,990,12,3,0,False,False,False,False,"[22, 31, 32]"
g4d_offset512_512_high_density,991:direct,991,12,4,1,False,False,False,False,"[19, 22, 31, 32]"
g4d_offset512_512_high_density,992:storage_in,992,10,2,0,False,False,True,False,"[9, 11]"
g4d_offset512_512_high_density,993:storage_in,993,8,1,0,False,True,True,False,[6]
g4d_offset512_512_high_density,994:storage_in,994,8,2,1,False,False,True,False,"[16, 22]"
g4d_offset512_512_high_density,995:direct,995,13,4,1,False,False,False,False,"[16, 22, 31, 32]"
g4d_offset512_512_high_density,996:storage_in,996,9,1,0,False,True,True,False,[11]
g4d_offset512_512_high_density,997:direct,997,12,2,1,False,False,True,False,"[22, 38]"
g4d_offset512_512_high_density,998:storage_in,998,10,2,0,False,False,True,False,"[9, 11]"
g4d_offset512_512_high_density,999:direct,999,7,2,0,False,False,True,False,"[22, 27]"
g4d_offset64_repair512,100:storage_in,100,12,2,1,False,False,True,False,"[19, 22]"
g4d_offset64_repair512,101:storage_in,101,9,2,2,False,False,True,False,"[6, 11]"
g4d_offset64_repair512,102:storage_in,102,7,1,0,False,True,True,False,[16]
g4d_offset64_repair512,103:storage_in,103,9,1,0,False,True,True,False,[11]
g4d_offset64_repair512,104:storage_in,104,9,1,0,False,True,True,False,[11]
g4d_offset64_repair512,105:storage_in,105,10,2,0,False,False,True,False,"[9, 11]"
g4d_offset64_repair512,106:storage_in,106,7,1,0,False,True,True,False,[20]
g4d_offset64_repair512,107:storage_in,107,7,1,0,False,True,True,False,[20]
g4d_offset64_repair512,108:storage_in,108,7,1,0,False,True,True,False,[20]
g4d_offset64_repair512,109:storage_in,109,7,1,0,False,True,True,False,[20]
g4d_offset64_repair512,110:storage_in,110,7,1,0,False,True,True,False,[20]
g4d_offset64_repair512,111:storage_in,111,7,1,0,False,True,True,False,[20]
g4d_offset64_repair512,112:storage_in,112,7,1,0,False,True,True,False,[20]
g4d_offset64_repair512,113:storage_in,113,7,1,0,False,True,True,False,[20]
g4d_offset64_repair512,114:storage_in,114,7,1,0,False,True,True,False,[20]
g4d_offset64_repair512,115:storage_in,115,7,1,0,False,True,True,False,[20]
g4d_offset64_repair512,116:storage_in,116,7,1,0,False,True,True,False,[20]
g4d_offset64_repair512,117:storage_in,117,7,1,0,False,True,True,False,[20]
g4d_offset64_repair512,118:storage_in,118,7,2,0,False,False,True,False,"[19, 22]"
g4d_offset64_repair512,119:storage_in,119,8,2,1,False,False,True,False,"[16, 22]"
g4d_offset64_repair512,120:storage_in,120,7,1,0,False,True,True,False,[22]
g4d_offset64_repair512,121:storage_in,121,11,1,1,False,True,True,False,[19]
g4d_offset64_repair512,122:storage_in,122,8,2,1,False,False,True,False,"[16, 22]"
g4d_offset64_repair512,123:storage_in,123,9,2,2,False,False,True,False,"[6, 11]"
g4d_offset64_repair512,124:storage_in,124,7,1,0,False,True,True,False,[22]
g4d_offset64_repair512,125:storage_in,125,7,1,0,False,True,True,False,[22]
g4d_offset64_repair512,126:storage_in,126,11,1,1,False,True,True,False,[19]
g4d_offset64_repair512,127:storage_in,127,9,1,0,False,True,True,False,[11]
g4d_offset64_repair512,128:storage_in,128,11,1,1,False,True,True,False,[19]
g4d_offset64_repair512,129:storage_in,129,8,2,1,False,False,True,False,"[16, 22]"
g4d_offset64_repair512,130:storage_in,130,8,2,1,False,False,True,False,"[16, 22]"
g4d_offset64_repair512,131:storage_in,131,7,1,0,False,True,True,False,[22]
g4d_offset64_repair512,132:storage_in,132,7,1,0,False,True,True,False,[22]
g4d_offset64_repair512,133:storage_in,133,10,2,0,False,False,True,False,"[9, 11]"
g4d_offset64_repair512,134:storage_in,134,11,1,1,False,True,True,False,[19]
g4d_offset64_repair512,135:storage_in,135,8,1,0,False,True,True,False,[6]
g4d_offset64_repair512,136:storage_in,136,7,1,0,False,True,True,False,[16]
g4d_offset64_repair512,137:storage_in,137,9,1,0,False,True,True,False,[11]
g4d_offset64_repair512,138:storage_in,138,12,1,1,False,True,True,False,[22]
g4d_offset64_repair512,139:storage_in,139,10,2,0,False,False,True,False,"[9, 11]"
g4d_offset64_repair512,140:storage_in,140,9,2,2,False,False,True,False,"[6, 11]"
g4d_offset64_repair512,141:storage_in,141,11,1,1,False,True,True,False,[19]
g4d_offset64_repair512,142:storage_in,142,8,2,1,False,False,True,False,"[16, 22]"
g4d_offset64_repair512,143:storage_in,143,9,1,0,False,True,True,False,[11]
g4d_offset64_repair512,144:storage_in,144,10,2,0,False,False,True,False,"[9, 11]"
g4d_offset64_repair512,145:storage_in,145,10,2,0,False,False,True,False,"[9, 11]"
g4d_offset64_repair512,146:storage_in,146,8,1,0,False,True,True,False,[6]
g4d_offset64_repair512,147:storage_in,147,7,1,0,False,True,True,False,[22]
g4d_offset64_repair512,148:storage_in,148,8,1,0,False,True,True,False,[6]
g4d_offset64_repair512,149:storage_in,149,7,1,0,False,True,True,False,[20]
g4d_offset64_repair512,150:storage_in,150,7,1,0,False,True,True,False,[20]
g4d_offset64_repair512,151:storage_in,151,7,1,0,False,True,True,False,[20]
g4d_offset64_repair512,152:storage_in,152,7,1,0,False,True,True,False,[20]
g4d_offset64_repair512,153:storage_in,153,7,2,0,False,False,True,False,"[19, 22]"
g4d_offset64_repair512,154:storage_in,154,8,2,1,False,False,True,False,"[16, 22]"
g4d_offset64_repair512,155:storage_in,155,7,1,0,False,True,True,False,[22]
g4d_offset64_repair512,156:storage_in,156,7,2,0,False,False,True,False,"[19, 22]"
g4d_offset64_repair512,157:storage_in,157,8,1,0,False,True,True,False,[6]
g4d_offset64_repair512,158:storage_in,158,8,2,1,False,False,True,False,"[16, 22]"
g4d_offset64_repair512,159:storage_in,159,9,1,0,False,True,True,False,[11]
g4d_offset64_repair512,160:storage_in,160,9,1,0,False,True,True,False,[11]
g4d_offset64_repair512,161:storage_in,161,10,2,0,False,False,True,False,"[9, 11]"
g4d_offset64_repair512,162:storage_in,162,12,1,1,False,True,True,False,[22]
g4d_offset64_repair512,163:storage_in,163,9,2,1,False,False,True,False,"[6, 11]"
g4d_offset64_repair512,164:storage_in,164,12,2,1,False,False,True,False,"[19, 22]"
g4d_offset64_repair512,165:storage_in,165,7,2,0,False,False,True,False,"[19, 22]"
g4d_offset64_repair512,166:storage_in,166,7,1,0,False,True,True,False,[16]
g4d_offset64_repair512,167:storage_in,167,9,1,0,False,True,True,False,[11]
g4d_offset64_repair512,168:storage_in,168,7,1,0,False,True,True,False,[16]
g4d_offset64_repair512,169:storage_in,169,12,1,1,False,True,True,False,[22]
g4d_offset64_repair512,170:storage_in,170,10,2,0,False,False,True,False,"[9, 11]"
g4d_offset64_repair512,171:storage_in,171,12,1,1,False,True,True,False,[22]
g4d_offset64_repair512,172:storage_in,172,12,2,1,False,False,True,False,"[19, 22]"
g4d_offset64_repair512,173:storage_in,173,12,2,1,False,False,True,False,"[19, 22]"
g4d_offset64_repair512,174:storage_in,174,8,2,1,False,False,True,False,"[16, 22]"
g4d_offset64_repair512,175:storage_in,175,8,1,0,False,True,True,False,[6]
g4d_offset64_repair512,176:storage_in,176,7,1,0,False,True,True,False,[22]
g4d_offset64_repair512,177:storage_in,177,9,1,0,False,True,True,False,[11]
g4d_offset64_repair512,178:storage_in,178,7,2,0,False,False,True,False,"[19, 22]"
g4d_offset64_repair512,179:storage_in,179,10,2,0,False,False,True,False,"[9, 11]"
g4d_offset64_repair512,180:storage_in,180,8,2,1,False,False,True,False,"[16, 22]"
g4d_offset64_repair512,181:storage_in,181,8,1,0,False,True,True,False,[6]
g4d_offset64_repair512,182:storage_in,182,9,1,0,False,True,True,False,[11]
g4d_offset64_repair512,183:storage_in,183,10,2,0,False,False,True,False,"[9, 11]"
g4d_offset64_repair512,184:storage_in,184,8,2,1,False,False,True,False,"[16, 22]"
g4d_offset64_repair512,185:storage_in,185,7,1,0,False,True,True,False,[22]
g4d_offset64_repair512,186:storage_in,186,9,2,2,False,False,True,False,"[6, 11]"
g4d_offset64_repair512,187:storage_in,187,9,1,0,False,True,True,False,[11]
g4d_offset64_repair512,188:storage_in,188,10,2,0,False,False,True,False,"[9, 11]"
g4d_offset64_repair512,189:storage_in,189,8,1,0,False,True,True,False,[6]
g4d_offset64_repair512,190:storage_in,190,9,1,0,False,True,True,False,[11]
g4d_offset64_repair512,191:storage_in,191,10,2,0,False,False,True,False,"[9, 11]"
g4d_offset64_repair512,192:storage_in,192,7,1,0,False,True,True,False,[22]
g4d_offset64_repair512,193:storage_in,193,7,1,0,False,True,True,False,[20]
g4d_offset64_repair512,194:storage_in,194,7,1,0,False,True,True,False,[20]
g4d_offset64_repair512,195:storage_in,195,7,1,0,False,True,True,False,[20]
g4d_offset64_repair512,196:storage_in,196,7,1,0,False,True,True,False,[20]
g4d_offset64_repair512,197:storage_in,197,7,1,0,False,True,True,False,[20]
g4d_offset64_repair512,198:storage_in,198,7,1,0,False,True,True,False,[20]
g4d_offset64_repair512,199:storage_in,199,7,1,0,False,True,True,False,[20]
g4d_offset64_repair512,200:storage_in,200,7,1,0,False,True,True,False,[20]
g4d_offset64_repair512,201:storage_in,201,7,1,0,False,True,True,False,[20]
g4d_offset64_repair512,202:storage_in,202,7,1,0,False,True,True,False,[20]
g4d_offset64_repair512,203:storage_in,203,7,2,0,False,False,True,False,"[19, 22]"
g4d_offset64_repair512,204:storage_in,204,8,2,1,False,False,True,False,"[16, 22]"
g4d_offset64_repair512,205:storage_in,205,7,1,0,False,True,True,False,[22]
g4d_offset64_repair512,206:storage_in,206,7,2,0,False,False,True,False,"[19, 22]"
g4d_offset64_repair512,207:storage_in,207,10,2,0,False,False,True,False,"[9, 11]"
g4d_offset64_repair512,208:storage_in,208,8,2,1,False,False,True,False,"[16, 22]"
g4d_offset64_repair512,209:storage_in,209,8,1,0,False,True,True,False,[6]
g4d_offset64_repair512,210:storage_in,210,11,1,1,False,True,True,False,[19]
g4d_offset64_repair512,211:storage_in,211,7,1,0,False,True,True,False,[22]
g4d_offset64_repair512,212:storage_in,212,9,1,0,False,True,True,False,[11]
g4d_offset64_repair512,213:storage_in,213,7,1,0,False,True,True,False,[16]
g4d_offset64_repair512,214:storage_in,214,11,1,1,False,True,True,False,[19]
g4d_offset64_repair512,215:storage_in,215,12,1,1,False,True,True,False,[22]
g4d_offset64_repair512,216:storage_in,216,10,2,0,False,False,True,False,"[9, 11]"
g4d_offset64_repair512,217:storage_in,217,7,2,0,False,False,True,False,"[19, 22]"
g4d_offset64_repair512,218:storage_in,218,8,2,1,False,False,True,False,"[16, 22]"
g4d_offset64_repair512,219:storage_in,219,9,2,2,False,False,True,False,"[6, 11]"
g4d_offset64_repair512,220:storage_in,220,7,1,0,False,True,True,False,[16]
g4d_offset64_repair512,221:storage_in,221,9,1,0,False,True,True,False,[11]
g4d_offset64_repair512,222:storage_in,222,12,1,1,False,True,True,False,[22]
g4d_offset64_repair512,223:storage_in,223,10,2,0,False,False,True,False,"[9, 11]"
g4d_offset64_repair512,224:storage_in,224,7,2,0,False,False,True,False,"[19, 22]"
g4d_offset64_repair512,225:storage_in,225,12,2,1,False,False,True,False,"[19, 22]"
g4d_offset64_repair512,226:storage_in,226,7,1,0,False,True,True,False,[16]
g4d_offset64_repair512,227:storage_in,227,12,1,1,False,True,True,False,[22]
g4d_offset64_repair512,228:storage_in,228,7,2,0,False,False,True,False,"[19, 22]"
g4d_offset64_repair512,229:storage_in,229,8,1,0,False,True,True,False,[6]
g4d_offset64_repair512,230:storage_in,230,8,2,1,False,False,True,False,"[16, 22]"
g4d_offset64_repair512,231:storage_in,231,9,1,0,False,True,True,False,[11]
g4d_offset64_repair512,232:storage_in,232,12,1,1,False,True,True,False,[22]
g4d_offset64_repair512,233:storage_in,233,10,2,0,False,False,True,False,"[9, 11]"
g4d_offset64_repair512,234:storage_in,234,8,1,0,False,True,True,False,[6]
g4d_offset64_repair512,235:storage_in,235,9,1,0,False,True,True,False,[11]
g4d_offset64_repair512,236:storage_in,236,7,1,0,False,True,True,False,[22]
g4d_offset64_repair512,237:storage_in,237,7,2,0,False,False,True,False,"[19, 22]"
g4d_offset64_repair512,238:storage_in,238,7,2,0,False,False,True,False,"[19, 22]"
g4d_offset64_repair512,239:storage_in,239,8,2,1,False,False,True,False,"[16, 22]"
g4d_offset64_repair512,240:storage_in,240,8,1,0,False,True,True,False,[6]
g4d_offset64_repair512,241:storage_in,241,8,2,1,False,False,True,False,"[16, 22]"
g4d_offset64_repair512,242:storage_in,242,10,2,0,False,False,True,False,"[9, 11]"
g4d_offset64_repair512,243:storage_in,243,12,1,1,False,True,True,False,[22]
g4d_offset64_repair512,244:storage_in,244,7,1,0,False,True,True,False,[20]
g4d_offset64_repair512,245:storage_in,245,7,1,0,False,True,True,False,[20]
g4d_offset64_repair512,246:storage_in,246,7,1,0,False,True,True,False,[20]
g4d_offset64_repair512,247:storage_in,247,7,1,0,False,True,True,False,[20]
g4d_offset64_repair512,248:storage_in,248,7,1,0,False,True,True,False,[20]
g4d_offset64_repair512,249:storage_in,249,7,1,0,False,True,True,False,[20]
g4d_offset64_repair512,250:storage_in,250,7,1,0,False,True,True,False,[20]
g4d_offset64_repair512,251:storage_in,251,7,1,0,False,True,True,False,[20]
g4d_offset64_repair512,252:storage_in,252,7,1,0,False,True,True,False,[20]
g4d_offset64_repair512,253:storage_in,253,7,1,0,False,True,True,False,[20]
g4d_offset64_repair512,254:storage_in,254,7,1,0,False,True,True,False,[20]
g4d_offset64_repair512,255:storage_in,255,7,1,0,False,True,True,False,[20]
g4d_offset64_repair512,256:storage_in,256,7,1,0,False,True,True,False,[20]
g4d_offset64_repair512,257:storage_in,257,7,1,0,False,True,True,False,[20]
g4d_offset64_repair512,258:storage_in,258,7,1,0,False,True,True,False,[20]
g4d_offset64_repair512,259:storage_in,259,7,1,0,False,True,True,False,[20]
g4d_offset64_repair512,260:storage_in,260,7,1,0,False,True,True,False,[20]
g4d_offset64_repair512,261:storage_in,261,7,2,0,False,False,True,False,"[19, 22]"
g4d_offset64_repair512,262:storage_in,262,8,2,1,False,False,True,False,"[16, 22]"
g4d_offset64_repair512,263:storage_in,263,7,1,0,False,True,True,False,[22]
g4d_offset64_repair512,264:storage_in,264,9,1,0,False,True,True,False,[11]
g4d_offset64_repair512,265:storage_in,265,7,1,0,False,True,True,False,[16]
g4d_offset64_repair512,266:storage_in,266,7,2,0,False,False,True,False,"[19, 22]"
g4d_offset64_repair512,267:storage_in,267,9,2,2,False,False,True,False,"[6, 11]"
g4d_offset64_repair512,268:storage_in,268,10,2,1,False,False,True,False,"[9, 11]"
g4d_offset64_repair512,269:storage_in,269,12,1,1,False,True,True,False,[22]
g4d_offset64_repair512,270:storage_in,270,9,1,0,False,True,True,False,[11]
g4d_offset64_repair512,271:storage_in,271,8,2,1,False,False,True,False,"[16, 22]"
g4d_offset64_repair512,272:storage_in,272,10,2,0,False,False,True,False,"[9, 11]"
g4d_offset64_repair512,273:storage_in,273,9,2,2,False,False,True,False,"[6, 11]"
g4d_offset64_repair512,274:storage_in,274,11,1,1,False,True,True,False,[19]
g4d_offset64_repair512,275:storage_in,275,12,1,1,False,True,True,False,[22]
g4d_offset64_repair512,276:storage_in,276,9,2,1,False,False,True,False,"[6, 11]"
g4d_offset64_repair512,277:storage_in,277,11,1,1,False,True,True,False,[19]
g4d_offset64_repair512,278:storage_in,278,9,1,1,False,True,True,False,[20]
g4d_offset64_repair512,279:storage_in,279,8,2,1,False,False,True,False,"[16, 22]"
g4d_offset64_repair512,280:storage_in,280,8,2,1,False,False,True,False,"[16, 22]"
g4d_offset64_repair512,281:storage_in,281,7,1,0,False,True,True,False,[22]
g4d_offset64_repair512,282:storage_in,282,9,1,0,False,True,True,False,[11]
g4d_offset64_repair512,283:storage_in,283,11,1,1,False,True,True,False,[19]
g4d_offset64_repair512,284:storage_in,284,7,1,0,False,True,True,False,[22]
g4d_offset64_repair512,285:storage_in,285,10,2,0,False,False,True,False,"[9, 11]"
g4d_offset64_repair512,286:storage_in,286,8,2,1,False,False,True,False,"[16, 22]"
g4d_offset64_repair512,287:storage_in,287,8,1,0,False,True,True,False,[6]
g4d_offset64_repair512,288:storage_in,288,7,1,0,False,True,True,False,[22]
g4d_offset64_repair512,289:storage_in,289,12,1,1,False,True,True,False,[22]
g4d_offset64_repair512,290:storage_in,290,11,1,1,False,True,True,False,[19]
g4d_offset64_repair512,291:storage_in,291,9,1,0,False,True,True,False,[11]
g4d_offset64_repair512,292:storage_in,292,7,2,0,False,False,True,False,"[19, 22]"
g4d_offset64_repair512,293:storage_in,293,8,2,1,False,False,True,False,"[16, 22]"
g4d_offset64_repair512,294:storage_in,294,10,2,0,False,False,True,False,"[9, 11]"
g4d_offset64_repair512,295:storage_in,295,8,1,0,False,True,True,False,[6]
g4d_offset64_repair512,296:storage_in,296,9,1,0,False,True,True,False,[11]
g4d_offset64_repair512,297:storage_in,297,9,1,0,False,True,True,False,[11]
g4d_offset64_repair512,298:storage_in,298,10,2,0,False,False,True,False,"[9, 11]"
g4d_offset64_repair512,299:storage_in,299,7,2,0,False,False,True,False,"[19, 22]"
g4d_offset64_repair512,300:storage_in,300,7,1,0,False,True,True,False,[16]
g4d_offset64_repair512,301:storage_in,301,8,1,0,False,True,True,False,[6]
g4d_offset64_repair512,302:storage_in,302,7,1,0,False,True,True,False,[22]
g4d_offset64_repair512,303:storage_in,303,7,2,0,False,False,True,False,"[19, 22]"
g4d_offset64_repair512,304:storage_in,304,10,2,0,False,False,True,False,"[9, 11]"
g4d_offset64_repair512,305:storage_in,305,8,2,1,False,False,True,False,"[16, 22]"
g4d_offset64_repair512,306:storage_in,306,12,1,1,False,True,True,False,[22]
g4d_offset64_repair512,307:storage_in,307,11,1,1,False,True,True,False,[19]
g4d_offset64_repair512,308:storage_in,308,9,2,1,False,False,True,False,"[6, 11]"
g4d_offset64_repair512,309:storage_in,309,9,1,0,False,True,True,False,[11]
g4d_offset64_repair512,310:storage_in,310,7,1,0,False,True,True,False,[16]
g4d_offset64_repair512,311:storage_in,311,10,2,1,False,False,True,False,"[9, 11]"
g4d_offset64_repair512,312:storage_in,312,12,1,1,False,True,True,False,[22]
g4d_offset64_repair512,313:storage_in,313,8,1,0,False,True,True,False,[6]
g4d_offset64_repair512,314:storage_in,314,7,2,0,False,False,True,False,"[19, 22]"
g4d_offset64_repair512,315:storage_in,315,9,1,0,False,True,True,False,[11]
g4d_offset64_repair512,316:storage_in,316,10,2,0,False,False,True,False,"[9, 11]"
g4d_offset64_repair512,317:storage_in,317,8,1,0,False,True,True,False,[6]
g4d_offset64_repair512,318:storage_in,318,9,1,0,False,True,True,False,[11]
g4d_offset64_repair512,319:storage_in,319,12,1,1,False,True,True,False,[22]
g4d_offset64_repair512,320:storage_in,320,10,2,0,False,False,True,False,"[9, 11]"
g4d_offset64_repair512,321:storage_in,321,7,2,0,False,False,True,False,"[19, 22]"
g4d_offset64_repair512,322:storage_in,322,8,1,0,False,True,True,False,[6]
g4d_offset64_repair512,323:storage_in,323,8,2,1,False,False,True,False,"[16, 22]"
g4d_offset64_repair512,324:storage_in,324,9,1,0,False,True,True,False,[11]
g4d_offset64_repair512,325:storage_in,325,10,2,0,False,False,True,False,"[9, 11]"
g4d_offset64_repair512,326:storage_in,326,8,2,1,False,False,True,False,"[16, 22]"
g4d_offset64_repair512,327:storage_in,327,7,1,0,False,True,True,False,[22]
g4d_offset64_repair512,328:storage_in,328,7,1,0,False,True,True,False,[22]
g4d_offset64_repair512,329:storage_in,329,8,1,0,False,True,True,False,[6]
g4d_offset64_repair512,330:storage_in,330,7,2,0,False,False,True,False,"[19, 22]"
g4d_offset64_repair512,331:storage_in,331,9,1,0,False,True,True,False,[11]
g4d_offset64_repair512,332:storage_in,332,7,1,0,False,True,True,False,[20]
g4d_offset64_repair512,333:storage_in,333,7,1,0,False,True,True,False,[20]
g4d_offset64_repair512,334:storage_in,334,7,1,0,False,True,True,False,[20]
g4d_offset64_repair512,335:storage_in,335,7,1,0,False,True,True,False,[20]
g4d_offset64_repair512,336:storage_in,336,7,1,0,False,True,True,False,[20]
g4d_offset64_repair512,337:storage_in,337,7,1,0,False,True,True,False,[20]
g4d_offset64_repair512,338:storage_in,338,7,1,0,False,True,True,False,[20]
g4d_offset64_repair512,339:storage_in,339,7,1,0,False,True,True,False,[20]
g4d_offset64_repair512,340:storage_in,340,7,1,0,False,True,True,False,[20]
g4d_offset64_repair512,341:storage_in,341,7,1,0,False,True,True,False,[20]
g4d_offset64_repair512,342:storage_in,342,7,1,0,False,True,True,False,[20]
g4d_offset64_repair512,343:storage_in,343,7,1,0,False,True,True,False,[20]
g4d_offset64_repair512,344:storage_in,344,7,1,0,False,True,True,False,[20]
g4d_offset64_repair512,345:storage_in,345,7,1,0,False,True,True,False,[20]
g4d_offset64_repair512,346:storage_in,346,7,1,0,False,True,True,False,[20]
g4d_offset64_repair512,347:storage_in,347,7,1,0,False,True,True,False,[20]
g4d_offset64_repair512,348:storage_in,348,7,1,0,False,True,True,False,[20]
g4d_offset64_repair512,349:storage_in,349,7,1,0,False,True,True,False,[20]
g4d_offset64_repair512,350:storage_in,350,7,1,0,False,True,True,False,[20]
g4d_offset64_repair512,351:storage_in,351,7,1,0,False,True,True,False,[20]
g4d_offset64_repair512,352:storage_in,352,7,1,0,False,True,True,False,[20]
g4d_offset64_repair512,353:storage_in,353,7,1,0,False,True,True,False,[20]
g4d_offset64_repair512,354:storage_in,354,7,1,0,False,True,True,False,[20]
g4d_offset64_repair512,355:storage_in,355,7,1,0,False,True,True,False,[20]
g4d_offset64_repair512,356:storage_in,356,7,1,0,False,True,True,False,[20]
g4d_offset64_repair512,357:storage_in,357,7,1,0,False,True,True,False,[20]
g4d_offset64_repair512,358:storage_in,358,7,1,0,False,True,True,False,[20]
g4d_offset64_repair512,359:storage_in,359,7,1,0,False,True,True,False,[20]
g4d_offset64_repair512,360:storage_in,360,7,1,0,False,True,True,False,[20]
g4d_offset64_repair512,361:storage_in,361,7,1,0,False,True,True,False,[20]
g4d_offset64_repair512,362:storage_in,362,7,1,0,False,True,True,False,[20]
g4d_offset64_repair512,363:storage_in,363,7,1,0,False,True,True,False,[20]
g4d_offset64_repair512,364:storage_in,364,7,1,0,False,True,True,False,[20]
g4d_offset64_repair512,365:storage_in,365,7,1,0,False,True,True,False,[20]
g4d_offset64_repair512,366:storage_in,366,7,1,0,False,True,True,False,[20]
g4d_offset64_repair512,367:storage_in,367,7,1,0,False,True,True,False,[20]
g4d_offset64_repair512,368:storage_in,368,7,1,0,False,True,True,False,[20]
g4d_offset64_repair512,369:storage_in,369,7,1,0,False,True,True,False,[20]
g4d_offset64_repair512,370:storage_in,370,7,1,0,False,True,True,False,[20]
g4d_offset64_repair512,371:storage_in,371,7,1,0,False,True,True,False,[20]
g4d_offset64_repair512,372:storage_in,372,7,1,0,False,True,True,False,[20]
g4d_offset64_repair512,373:storage_in,373,7,1,0,False,True,True,False,[20]
g4d_offset64_repair512,374:storage_in,374,7,1,0,False,True,True,False,[20]
g4d_offset64_repair512,375:storage_in,375,7,1,0,False,True,True,False,[20]
g4d_offset64_repair512,376:storage_in,376,7,2,0,False,False,True,False,"[19, 22]"
g4d_offset64_repair512,377:storage_in,377,8,2,1,False,False,True,False,"[16, 22]"
g4d_offset64_repair512,378:storage_in,378,7,1,0,False,True,True,False,[20]
g4d_offset64_repair512,379:storage_in,379,9,1,0,False,True,True,False,[11]
g4d_offset64_repair512,380:storage_in,380,7,1,0,False,True,True,False,[16]
g4d_offset64_repair512,381:storage_in,381,12,1,1,False,True,True,False,[22]
g4d_offset64_repair512,382:storage_in,382,10,2,0,False,False,True,False,"[9, 11]"
g4d_offset64_repair512,383:storage_in,383,10,2,0,False,False,True,False,"[9, 11]"
g4d_offset64_repair512,384:storage_in,384,8,1,0,False,True,True,False,[6]
g4d_offset64_repair512,385:storage_in,385,7,1,0,False,True,True,False,[16]
g4d_offset64_repair512,386:storage_in,386,7,1,0,False,True,True,False,[22]
g4d_offset64_repair512,387:storage_in,387,11,1,1,False,True,True,False,[19]
g4d_offset64_repair512,388:storage_in,388,11,1,1,False,True,True,False,[19]
g4d_offset64_repair512,389:storage_in,389,7,1,0,False,True,True,False,[22]
g4d_offset64_repair512,390:storage_in,390,9,2,1,False,False,True,False,"[6, 11]"
g4d_offset64_repair512,391:storage_in,391,7,1,0,False,True,True,False,[16]
g4d_offset64_repair512,392:storage_in,392,7,1,0,False,True,True,False,[16]
g4d_offset64_repair512,393:storage_in,393,7,1,0,False,True,True,False,[20]
g4d_offset64_repair512,394:storage_in,394,7,1,0,False,True,True,False,[22]
g4d_offset64_repair512,395:storage_in,395,11,1,1,False,True,True,False,[19]
g4d_offset64_repair512,396:storage_in,396,7,1,0,False,True,True,False,[22]
g4d_offset64_repair512,397:storage_in,397,9,1,0,False,True,True,False,[11]
g4d_offset64_repair512,398:storage_in,398,11,1,1,False,True,True,False,[19]
g4d_offset64_repair512,399:storage_in,399,11,1,1,False,True,True,False,[19]
g4d_offset64_repair512,400:storage_in,400,10,2,0,False,False,True,False,"[9, 11]"
g4d_offset64_repair512,401:storage_in,401,8,2,1,False,False,True,False,"[16, 22]"
g4d_offset64_repair512,402:storage_in,402,8,1,0,False,True,True,False,[6]
g4d_offset64_repair512,403:storage_in,403,7,1,0,False,True,True,False,[22]
g4d_offset64_repair512,404:storage_in,404,8,2,1,False,False,True,False,"[16, 22]"
g4d_offset64_repair512,405:storage_in,405,9,1,0,False,True,True,False,[11]
g4d_offset64_repair512,406:storage_in,406,11,1,1,False,True,True,False,[19]
g4d_offset64_repair512,407:storage_in,407,10,2,0,False,False,True,False,"[9, 11]"
g4d_offset64_repair512,408:storage_in,408,8,2,1,False,False,True,False,"[16, 22]"
g4d_offset64_repair512,409:storage_in,409,8,1,0,False,True,True,False,[6]
g4d_offset64_repair512,410:storage_in,410,12,1,1,False,True,True,False,[22]
g4d_offset64_repair512,411:storage_in,411,9,1,0,False,True,True,False,[11]
g4d_offset64_repair512,412:storage_in,412,8,2,1,False,False,True,False,"[16, 22]"
g4d_offset64_repair512,413:storage_in,413,7,1,0,False,True,True,False,[22]
g4d_offset64_repair512,414:storage_in,414,10,2,0,False,False,True,False,"[9, 11]"
g4d_offset64_repair512,415:storage_in,415,7,1,0,False,True,True,False,[20]
g4d_offset64_repair512,416:storage_in,416,9,1,0,False,True,True,False,[11]
g4d_offset64_repair512,417:storage_in,417,11,1,1,False,True,True,False,[19]
g4d_offset64_repair512,418:storage_in,418,9,2,1,False,False,True,False,"[6, 11]"
g4d_offset64_repair512,419:storage_in,419,7,1,0,False,True,True,False,[16]
g4d_offset64_repair512,420:storage_in,420,9,1,0,False,True,True,False,[11]
g4d_offset64_repair512,421:storage_in,421,7,1,0,False,True,True,False,[22]
g4d_offset64_repair512,422:storage_in,422,11,1,1,False,True,True,False,[19]
g4d_offset64_repair512,423:storage_in,423,11,1,1,False,True,True,False,[19]
g4d_offset64_repair512,424:storage_in,424,10,2,0,False,False,True,False,"[9, 11]"
g4d_offset64_repair512,425:storage_in,425,8,2,1,False,False,True,False,"[16, 22]"
g4d_offset64_repair512,426:storage_in,426,7,1,0,False,True,True,False,[20]
g4d_offset64_repair512,427:storage_in,427,12,1,1,False,True,True,False,[22]
g4d_offset64_repair512,428:storage_in,428,8,2,1,False,False,True,False,"[16, 22]"
g4d_offset64_repair512,429:storage_in,429,7,2,0,False,False,True,False,"[19, 22]"
g4d_offset64_repair512,430:storage_in,430,9,2,2,False,False,True,False,"[6, 11]"
g4d_offset64_repair512,431:storage_in,431,9,1,0,False,True,True,False,[11]
g4d_offset64_repair512,432:storage_in,432,7,1,0,False,True,True,False,[22]
g4d_offset64_repair512,433:storage_in,433,11,1,1,False,True,True,False,[19]
g4d_offset64_repair512,434:storage_in,434,10,2,0,False,False,True,False,"[9, 11]"
g4d_offset64_repair512,435:storage_in,435,8,2,1,False,False,True,False,"[16, 22]"
g4d_offset64_repair512,436:storage_in,436,8,1,0,False,True,True,False,[6]
g4d_offset64_repair512,437:storage_in,437,12,1,1,False,True,True,False,[22]
g4d_offset64_repair512,438:storage_in,438,9,1,0,False,True,True,False,[11]
g4d_offset64_repair512,439:storage_in,439,10,2,0,False,False,True,False,"[9, 11]"
g4d_offset64_repair512,440:storage_in,440,7,1,0,False,True,True,False,[20]
g4d_offset64_repair512,441:storage_in,441,8,2,1,False,False,True,False,"[16, 22]"
g4d_offset64_repair512,442:storage_in,442,7,1,0,False,True,True,False,[22]
g4d_offset64_repair512,443:storage_in,443,7,2,0,False,False,True,False,"[19, 22]"
g4d_offset64_repair512,444:storage_in,444,8,2,1,False,False,True,False,"[16, 22]"
g4d_offset64_repair512,445:storage_in,445,7,1,0,False,True,True,False,[22]
g4d_offset64_repair512,446:storage_in,446,7,2,0,False,False,True,False,"[19, 22]"
g4d_offset64_repair512,447:storage_in,447,8,2,1,False,False,True,False,"[16, 22]"
g4d_offset64_repair512,448:storage_in,448,9,2,2,False,False,True,False,"[6, 11]"
g4d_offset64_repair512,449:storage_in,449,7,2,0,False,False,True,False,"[19, 22]"
g4d_offset64_repair512,450:storage_in,450,7,1,0,False,True,True,False,[20]
g4d_offset64_repair512,451:storage_in,451,7,1,0,False,True,True,False,[22]
g4d_offset64_repair512,452:storage_in,452,9,1,0,False,True,True,False,[11]
g4d_offset64_repair512,453:storage_in,453,7,2,0,False,False,True,False,"[19, 22]"
g4d_offset64_repair512,454:storage_in,454,10,2,0,False,False,True,False,"[9, 11]"
g4d_offset64_repair512,455:storage_in,455,8,2,1,False,False,True,False,"[16, 22]"
g4d_offset64_repair512,456:storage_in,456,8,2,1,False,False,True,False,"[16, 22]"
g4d_offset64_repair512,457:storage_in,457,7,1,0,False,True,True,False,[20]
g4d_offset64_repair512,458:storage_in,458,8,1,0,False,True,True,False,[6]
g4d_offset64_repair512,459:storage_in,459,7,1,0,False,True,True,False,[22]
g4d_offset64_repair512,460:storage_in,460,7,1,0,False,True,True,False,[20]
g4d_offset64_repair512,461:storage_in,461,7,1,0,False,True,True,False,[20]
g4d_offset64_repair512,462:storage_in,462,7,1,0,False,True,True,False,[20]
g4d_offset64_repair512,463:storage_in,463,7,1,0,False,True,True,False,[20]
g4d_offset64_repair512,464:storage_in,464,7,1,0,False,True,True,False,[20]
g4d_offset64_repair512,465:storage_in,465,7,1,0,False,True,True,False,[20]
g4d_offset64_repair512,466:storage_in,466,7,1,0,False,True,True,False,[20]
g4d_offset64_repair512,467:storage_in,467,7,1,0,False,True,True,False,[20]
g4d_offset64_repair512,468:storage_in,468,7,1,0,False,True,True,False,[20]
g4d_offset64_repair512,469:storage_in,469,7,1,0,False,True,True,False,[20]
g4d_offset64_repair512,470:storage_in,470,7,1,0,False,True,True,False,[20]
g4d_offset64_repair512,471:storage_in,471,7,1,0,False,True,True,False,[20]
g4d_offset64_repair512,472:storage_in,472,7,1,0,False,True,True,False,[20]
g4d_offset64_repair512,473:storage_in,473,7,1,0,False,True,True,False,[20]
g4d_offset64_repair512,474:storage_in,474,7,1,0,False,True,True,False,[20]
g4d_offset64_repair512,475:storage_in,475,7,1,0,False,True,True,False,[20]
g4d_offset64_repair512,476:storage_in,476,7,1,0,False,True,True,False,[20]
g4d_offset64_repair512,477:storage_in,477,7,1,0,False,True,True,False,[20]
g4d_offset64_repair512,478:storage_in,478,7,1,0,False,True,True,False,[20]
g4d_offset64_repair512,479:storage_in,479,7,1,0,False,True,True,False,[20]
g4d_offset64_repair512,480:storage_in,480,7,1,0,False,True,True,False,[20]
g4d_offset64_repair512,481:storage_in,481,7,1,0,False,True,True,False,[20]
g4d_offset64_repair512,482:storage_in,482,7,1,0,False,True,True,False,[20]
g4d_offset64_repair512,483:storage_in,483,7,1,0,False,True,True,False,[20]
g4d_offset64_repair512,484:storage_in,484,7,1,0,False,True,True,False,[20]
g4d_offset64_repair512,485:storage_in,485,7,1,0,False,True,True,False,[20]
g4d_offset64_repair512,486:storage_in,486,7,1,0,False,True,True,False,[20]
g4d_offset64_repair512,487:storage_in,487,7,1,0,False,True,True,False,[20]
g4d_offset64_repair512,488:storage_in,488,7,1,0,False,True,True,False,[20]
g4d_offset64_repair512,489:storage_in,489,7,1,0,False,True,True,False,[20]
g4d_offset64_repair512,490:storage_in,490,7,1,0,False,True,True,False,[20]
g4d_offset64_repair512,491:storage_in,491,7,1,0,False,True,True,False,[20]
g4d_offset64_repair512,492:storage_in,492,7,1,0,False,True,True,False,[20]
g4d_offset64_repair512,493:storage_in,493,7,1,0,False,True,True,False,[20]
g4d_offset64_repair512,494:storage_in,494,7,1,0,False,True,True,False,[22]
g4d_offset64_repair512,495:storage_in,495,7,2,0,False,False,True,False,"[19, 22]"
g4d_offset64_repair512,496:storage_in,496,9,1,0,False,True,True,False,[11]
g4d_offset64_repair512,497:storage_in,497,7,1,0,False,True,True,False,[22]
g4d_offset64_repair512,498:storage_in,498,9,1,0,False,True,True,False,[11]
g4d_offset64_repair512,499:storage_in,499,10,2,0,False,False,True,False,"[9, 11]"
g4d_offset64_repair512,500:storage_in,500,11,1,1,False,True,True,False,[19]
g4d_offset64_repair512,501:storage_in,501,9,1,1,False,True,True,False,[20]
g4d_offset64_repair512,502:storage_in,502,8,1,0,False,True,True,False,[6]
g4d_offset64_repair512,503:storage_in,503,7,1,0,False,True,True,False,[16]
g4d_offset64_repair512,504:storage_in,504,8,2,1,False,False,True,False,"[16, 22]"
g4d_offset64_repair512,505:storage_in,505,7,2,0,False,False,True,False,"[19, 22]"
g4d_offset64_repair512,506:storage_in,506,12,1,1,False,True,True,False,[22]
g4d_offset64_repair512,507:storage_in,507,7,1,0,False,True,True,False,[22]
g4d_offset64_repair512,508:storage_in,508,11,1,1,False,True,True,False,[19]
g4d_offset64_repair512,509:storage_in,509,10,2,0,False,False,True,False,"[9, 11]"
g4d_offset64_repair512,510:storage_in,510,9,1,0,False,True,True,False,[11]
g4d_offset64_repair512,511:storage_in,511,13,2,2,False,False,True,False,"[16, 22]"
g4d_offset64_repair512,512:storage_in,512,7,1,0,False,True,True,False,[16]
g4d_offset64_repair512,513:storage_in,513,9,1,1,False,True,True,False,[9]
g4d_offset64_repair512,514:storage_in,514,12,1,1,False,True,True,False,[22]
g4d_offset64_repair512,515:storage_in,515,11,1,1,False,True,True,False,[19]
g4d_offset64_repair512,516:storage_in,516,12,1,1,False,True,True,False,[22]
g4d_offset64_repair512,517:storage_in,517,12,2,1,False,False,True,False,"[19, 22]"
g4d_offset64_repair512,518:storage_in,518,7,1,0,False,True,True,False,[16]
g4d_offset64_repair512,519:storage_in,519,9,2,1,False,False,True,False,"[6, 11]"
g4d_offset64_repair512,520:storage_in,520,7,1,0,False,True,True,False,[16]
g4d_offset64_repair512,521:storage_in,521,9,1,0,False,True,True,False,[11]
g4d_offset64_repair512,522:storage_in,522,7,1,0,False,True,True,False,[20]
g4d_offset64_repair512,523:storage_in,523,12,1,1,False,True,True,False,[22]
g4d_offset64_repair512,524:storage_in,524,12,1,1,False,True,True,False,[22]
g4d_offset64_repair512,525:storage_in,525,11,1,1,False,True,True,False,[19]
g4d_offset64_repair512,526:storage_in,526,10,2,0,False,False,True,False,"[9, 11]"
g4d_offset64_repair512,527:storage_in,527,9,1,1,False,True,True,False,[20]
g4d_offset64_repair512,528:storage_in,528,12,2,1,False,False,True,False,"[19, 22]"
g4d_offset64_repair512,529:storage_in,529,8,2,1,False,False,True,False,"[16, 22]"
g4d_offset64_repair512,530:storage_in,530,9,2,1,False,False,True,False,"[6, 11]"
g4d_offset64_repair512,531:storage_in,531,7,1,0,False,True,True,False,[16]
g4d_offset64_repair512,532:storage_in,532,12,1,1,False,True,True,False,[22]
g4d_offset64_repair512,533:storage_in,533,11,1,1,False,True,True,False,[19]
g4d_offset64_repair512,534:storage_in,534,9,1,0,False,True,True,False,[11]
g4d_offset64_repair512,535:storage_in,535,7,2,0,False,False,True,False,"[19, 22]"
g4d_offset64_repair512,536:storage_in,536,8,2,1,False,False,True,False,"[16, 22]"
g4d_offset64_repair512,537:storage_in,537,10,2,0,False,False,True,False,"[9, 11]"
g4d_offset64_repair512,538:storage_in,538,8,2,1,False,False,True,False,"[16, 22]"
g4d_offset64_repair512,539:storage_in,539,9,2,2,False,False,True,False,"[6, 11]"
g4d_offset64_repair512,540:storage_in,540,10,2,0,False,False,True,False,"[9, 11]"
g4d_offset64_repair512,541:storage_in,541,12,1,1,False,True,True,False,[22]
g4d_offset64_repair512,542:storage_in,542,9,1,0,False,True,True,False,[11]
g4d_offset64_repair512,543:storage_in,543,10,2,0,False,False,True,False,"[9, 11]"
g4d_offset64_repair512,544:storage_in,544,8,1,0,False,True,True,False,[6]
g4d_offset64_repair512,545:storage_in,545,9,1,0,False,True,True,False,[11]
g4d_offset64_repair512,546:storage_in,546,10,2,0,False,False,True,False,"[9, 11]"
g4d_offset64_repair512,547:storage_in,547,7,1,0,False,True,True,False,[22]
g4d_offset64_repair512,548:storage_in,548,8,1,0,False,True,True,False,[6]
g4d_offset64_repair512,549:storage_in,549,11,1,1,False,True,True,False,[19]
g4d_offset64_repair512,550:storage_in,550,9,1,0,False,True,True,False,[11]
g4d_offset64_repair512,551:storage_in,551,8,2,1,False,False,True,False,"[16, 22]"
g4d_offset64_repair512,552:storage_in,552,7,1,0,False,True,True,False,[22]
g4d_offset64_repair512,553:storage_in,553,11,1,1,False,True,True,False,[19]
g4d_offset64_repair512,554:storage_in,554,7,2,0,False,False,True,False,"[19, 22]"
g4d_offset64_repair512,555:storage_in,555,8,2,1,False,False,True,False,"[16, 22]"
g4d_offset64_repair512,556:storage_in,556,7,1,0,False,True,True,False,[22]
g4d_offset64_repair512,557:storage_in,557,7,2,0,False,False,True,False,"[19, 22]"
g4d_offset64_repair512,558:storage_in,558,9,2,2,False,False,True,False,"[6, 11]"
g4d_offset64_repair512,559:storage_in,559,8,2,1,False,False,True,False,"[16, 22]"
g4d_offset64_repair512,560:storage_in,560,8,2,1,False,False,True,False,"[16, 22]"
g4d_offset64_repair512,561:storage_in,561,9,1,0,False,True,True,False,[11]
g4d_offset64_repair512,562:storage_in,562,12,1,1,False,True,True,False,[22]
g4d_offset64_repair512,563:storage_in,563,10,2,0,False,False,True,False,"[9, 11]"
g4d_offset64_repair512,564:storage_in,564,11,1,1,False,True,True,False,[19]
g4d_offset64_repair512,565:storage_in,565,7,1,0,False,True,True,False,[16]
g4d_offset64_repair512,566:storage_in,566,7,1,0,False,True,True,False,[22]
g4d_offset64_repair512,567:storage_in,567,9,2,2,False,False,True,False,"[6, 11]"
g4d_offset64_repair512,568:storage_in,568,12,1,1,False,True,True,False,[22]
g4d_offset64_repair512,569:storage_in,569,9,1,0,False,True,True,False,[11]
g4d_offset64_repair512,570:storage_in,570,7,2,0,False,False,True,False,"[19, 22]"
g4d_offset64_repair512,571:storage_in,571,10,2,0,False,False,True,False,"[9, 11]"
g4d_offset64_repair512,572:storage_in,572,8,2,1,False,False,True,False,"[16, 22]"
g4d_offset64_repair512,573:storage_in,573,8,1,0,False,True,True,False,[6]
g4d_offset64_repair512,574:storage_in,574,7,1,0,False,True,True,False,[22]
g4d_offset64_repair512,575:storage_in,575,9,1,0,False,True,True,False,[11]
g4d_offset64_repair512,64:storage_in,64,8,2,1,False,False,True,False,"[16, 22]"
g4d_offset64_repair512,65:storage_in,65,8,1,0,False,True,True,False,[6]
g4d_offset64_repair512,66:storage_in,66,7,1,0,False,True,True,False,[22]
g4d_offset64_repair512,67:storage_in,67,9,1,0,False,True,True,False,[11]
g4d_offset64_repair512,68:storage_in,68,11,1,1,False,True,True,False,[19]
g4d_offset64_repair512,69:storage_in,69,8,2,1,False,False,True,False,"[16, 22]"
g4d_offset64_repair512,70:storage_in,70,10,2,0,False,False,True,False,"[9, 11]"
g4d_offset64_repair512,71:storage_in,71,7,1,0,False,True,True,False,[22]
g4d_offset64_repair512,72:storage_in,72,8,1,0,False,True,True,False,[6]
g4d_offset64_repair512,73:storage_in,73,11,1,1,False,True,True,False,[19]
g4d_offset64_repair512,74:storage_in,74,9,1,0,False,True,True,False,[11]
g4d_offset64_repair512,75:storage_in,75,7,1,0,False,True,True,False,[16]
g4d_offset64_repair512,76:storage_in,76,10,2,1,False,False,True,False,"[9, 11]"
g4d_offset64_repair512,77:storage_in,77,8,2,1,False,False,True,False,"[16, 22]"
g4d_offset64_repair512,78:storage_in,78,10,2,0,False,False,True,False,"[9, 11]"
g4d_offset64_repair512,79:storage_in,79,7,1,0,False,True,True,False,[22]
g4d_offset64_repair512,80:storage_in,80,8,1,0,False,True,True,False,[6]
g4d_offset64_repair512,81:storage_in,81,11,1,1,False,True,True,False,[19]
g4d_offset64_repair512,82:storage_in,82,7,1,0,False,True,True,False,[22]
g4d_offset64_repair512,83:storage_in,83,8,2,1,False,False,True,False,"[16, 22]"
g4d_offset64_repair512,84:storage_in,84,7,1,0,False,True,True,False,[22]
g4d_offset64_repair512,85:storage_in,85,9,1,0,False,True,True,False,[11]
g4d_offset64_repair512,86:storage_in,86,11,1,1,False,True,True,False,[19]
g4d_offset64_repair512,87:storage_in,87,8,2,1,False,False,True,False,"[16, 22]"
g4d_offset64_repair512,88:storage_in,88,10,2,0,False,False,True,False,"[9, 11]"
g4d_offset64_repair512,89:storage_in,89,7,1,0,False,True,True,False,[22]
g4d_offset64_repair512,90:storage_in,90,9,2,2,False,False,True,False,"[6, 11]"
g4d_offset64_repair512,91:storage_in,91,12,1,1,False,True,True,False,[22]
g4d_offset64_repair512,92:storage_in,92,9,1,0,False,True,True,False,[11]
g4d_offset64_repair512,93:storage_in,93,10,2,0,False,False,True,False,"[9, 11]"
g4d_offset64_repair512,94:storage_in,94,7,2,0,False,False,True,False,"[19, 22]"
g4d_offset64_repair512,95:storage_in,95,8,1,0,False,True,True,False,[6]
g4d_offset64_repair512,96:storage_in,96,7,1,0,False,True,True,False,[16]
g4d_offset64_repair512,97:storage_in,97,9,1,0,False,True,True,False,[11]
g4d_offset64_repair512,98:storage_in,98,12,1,1,False,True,True,False,[22]
g4d_offset64_repair512,99:storage_in,99,10,2,0,False,False,True,False,"[9, 11]"
g4d_offset64_static512,100:storage_in,100,12,2,1,False,False,True,False,"[19, 22]"
g4d_offset64_static512,101:storage_in,101,9,2,2,False,False,True,False,"[6, 11]"
g4d_offset64_static512,102:storage_in,102,7,1,0,False,True,True,False,[16]
g4d_offset64_static512,103:storage_in,103,9,1,0,False,True,True,False,[11]
g4d_offset64_static512,104:storage_in,104,9,1,0,False,True,True,False,[11]
g4d_offset64_static512,105:storage_in,105,10,2,0,False,False,True,False,"[9, 11]"
g4d_offset64_static512,106:storage_in,106,7,1,0,False,True,True,False,[20]
g4d_offset64_static512,107:storage_in,107,7,1,0,False,True,True,False,[20]
g4d_offset64_static512,108:storage_in,108,7,1,0,False,True,True,False,[20]
g4d_offset64_static512,109:storage_in,109,7,1,0,False,True,True,False,[20]
g4d_offset64_static512,110:storage_in,110,7,1,0,False,True,True,False,[20]
g4d_offset64_static512,111:storage_in,111,7,1,0,False,True,True,False,[20]
g4d_offset64_static512,112:storage_in,112,7,1,0,False,True,True,False,[20]
g4d_offset64_static512,113:storage_in,113,7,1,0,False,True,True,False,[20]
g4d_offset64_static512,114:storage_in,114,7,1,0,False,True,True,False,[20]
g4d_offset64_static512,115:storage_in,115,7,1,0,False,True,True,False,[20]
g4d_offset64_static512,116:storage_in,116,7,1,0,False,True,True,False,[20]
g4d_offset64_static512,117:storage_in,117,7,1,0,False,True,True,False,[20]
g4d_offset64_static512,118:storage_in,118,7,2,0,False,False,True,False,"[19, 22]"
g4d_offset64_static512,119:storage_in,119,7,1,0,False,True,True,False,[16]
g4d_offset64_static512,120:storage_in,120,7,1,0,False,True,True,False,[22]
g4d_offset64_static512,121:storage_in,121,7,2,0,False,False,True,False,"[19, 22]"
g4d_offset64_static512,122:storage_in,122,7,1,0,False,True,True,False,[16]
g4d_offset64_static512,123:storage_in,123,8,1,0,False,True,True,False,[6]
g4d_offset64_static512,124:storage_in,124,7,1,0,False,True,True,False,[22]
g4d_offset64_static512,125:storage_in,125,7,1,0,False,True,True,False,[22]
g4d_offset64_static512,126:storage_in,126,11,1,1,False,True,True,False,[19]
g4d_offset64_static512,127:storage_in,127,9,1,0,False,True,True,False,[11]
g4d_offset64_static512,128:storage_in,128,11,1,1,False,True,True,False,[19]
g4d_offset64_static512,129:storage_in,129,7,1,0,False,True,True,False,[16]
g4d_offset64_static512,130:storage_in,130,7,1,0,False,True,True,False,[16]
g4d_offset64_static512,131:storage_in,131,7,1,0,False,True,True,False,[22]
g4d_offset64_static512,132:storage_in,132,7,1,0,False,True,True,False,[22]
g4d_offset64_static512,133:storage_in,133,10,2,0,False,False,True,False,"[9, 11]"
g4d_offset64_static512,134:storage_in,134,11,1,1,False,True,True,False,[19]
g4d_offset64_static512,135:storage_in,135,9,2,2,False,False,True,False,"[6, 11]"
g4d_offset64_static512,136:storage_in,136,7,1,0,False,True,True,False,[16]
g4d_offset64_static512,137:storage_in,137,9,1,0,False,True,True,False,[11]
g4d_offset64_static512,138:storage_in,138,12,1,1,False,True,True,False,[22]
g4d_offset64_static512,139:storage_in,139,10,2,0,False,False,True,False,"[9, 11]"
g4d_offset64_static512,140:storage_in,140,9,2,2,False,False,True,False,"[6, 11]"
g4d_offset64_static512,141:storage_in,141,11,1,1,False,True,True,False,[19]
g4d_offset64_static512,142:storage_in,142,7,1,0,False,True,True,False,[16]
g4d_offset64_static512,143:storage_in,143,9,1,0,False,True,True,False,[11]
g4d_offset64_static512,144:storage_in,144,10,2,0,False,False,True,False,"[9, 11]"
g4d_offset64_static512,145:storage_in,145,10,2,0,False,False,True,False,"[9, 11]"
g4d_offset64_static512,146:storage_in,146,8,1,0,False,True,True,False,[6]
g4d_offset64_static512,147:storage_in,147,7,1,0,False,True,True,False,[22]
g4d_offset64_static512,148:storage_in,148,8,1,0,False,True,True,False,[6]
g4d_offset64_static512,149:storage_in,149,7,1,0,False,True,True,False,[20]
g4d_offset64_static512,150:storage_in,150,7,1,0,False,True,True,False,[20]
g4d_offset64_static512,151:storage_in,151,7,1,0,False,True,True,False,[20]
g4d_offset64_static512,152:storage_in,152,7,1,0,False,True,True,False,[20]
g4d_offset64_static512,153:storage_in,153,7,2,0,False,False,True,False,"[19, 22]"
g4d_offset64_static512,154:storage_in,154,7,1,0,False,True,True,False,[16]
g4d_offset64_static512,155:storage_in,155,7,1,0,False,True,True,False,[22]
g4d_offset64_static512,156:storage_in,156,11,1,1,False,True,True,False,[19]
g4d_offset64_static512,157:storage_in,157,8,1,0,False,True,True,False,[6]
g4d_offset64_static512,158:storage_in,158,7,1,0,False,True,True,False,[16]
g4d_offset64_static512,159:storage_in,159,9,1,0,False,True,True,False,[11]
g4d_offset64_static512,160:storage_in,160,9,1,0,False,True,True,False,[11]
g4d_offset64_static512,161:storage_in,161,10,2,0,False,False,True,False,"[9, 11]"
g4d_offset64_static512,162:storage_in,162,12,1,1,False,True,True,False,[22]
g4d_offset64_static512,163:storage_in,163,9,2,1,False,False,True,False,"[6, 11]"
g4d_offset64_static512,164:storage_in,164,12,2,1,False,False,True,False,"[19, 22]"
g4d_offset64_static512,165:storage_in,165,12,2,1,False,False,True,False,"[19, 22]"
g4d_offset64_static512,166:storage_in,166,7,1,0,False,True,True,False,[16]
g4d_offset64_static512,167:storage_in,167,9,1,0,False,True,True,False,[11]
g4d_offset64_static512,168:storage_in,168,7,1,0,False,True,True,False,[16]
g4d_offset64_static512,169:storage_in,169,12,1,1,False,True,True,False,[22]
g4d_offset64_static512,170:storage_in,170,10,2,0,False,False,True,False,"[9, 11]"
g4d_offset64_static512,171:storage_in,171,12,1,1,False,True,True,False,[22]
g4d_offset64_static512,172:storage_in,172,12,2,1,False,False,True,False,"[19, 22]"
g4d_offset64_static512,173:storage_in,173,12,2,1,False,False,True,False,"[19, 22]"
g4d_offset64_static512,174:storage_in,174,7,1,0,False,True,True,False,[16]
g4d_offset64_static512,175:storage_in,175,8,1,0,False,True,True,False,[6]
g4d_offset64_static512,176:storage_in,176,7,1,0,False,True,True,False,[22]
g4d_offset64_static512,177:storage_in,177,9,1,0,False,True,True,False,[11]
g4d_offset64_static512,178:storage_in,178,11,1,1,False,True,True,False,[19]
g4d_offset64_static512,179:storage_in,179,10,2,0,False,False,True,False,"[9, 11]"
g4d_offset64_static512,180:storage_in,180,7,1,0,False,True,True,False,[16]
g4d_offset64_static512,181:storage_in,181,8,1,0,False,True,True,False,[6]
g4d_offset64_static512,182:storage_in,182,9,1,1,False,True,True,False,[11]
g4d_offset64_static512,183:storage_in,183,10,2,0,False,False,True,False,"[9, 11]"
g4d_offset64_static512,184:storage_in,184,7,1,0,False,True,True,False,[16]
g4d_offset64_static512,185:storage_in,185,7,1,0,False,True,True,False,[22]
g4d_offset64_static512,186:storage_in,186,9,2,2,False,False,True,False,"[6, 11]"
g4d_offset64_static512,187:storage_in,187,9,1,0,False,True,True,False,[11]
g4d_offset64_static512,188:storage_in,188,10,2,0,False,False,True,False,"[9, 11]"
g4d_offset64_static512,189:storage_in,189,8,1,0,False,True,True,False,[6]
g4d_offset64_static512,190:storage_in,190,9,1,0,False,True,True,False,[11]
g4d_offset64_static512,191:storage_in,191,10,2,0,False,False,True,False,"[9, 11]"
g4d_offset64_static512,192:storage_in,192,7,1,0,False,True,True,False,[22]
g4d_offset64_static512,193:storage_in,193,7,1,0,False,True,True,False,[20]
g4d_offset64_static512,194:storage_in,194,7,1,0,False,True,True,False,[20]
g4d_offset64_static512,195:storage_in,195,7,1,0,False,True,True,False,[20]
g4d_offset64_static512,196:storage_in,196,7,1,0,False,True,True,False,[20]
g4d_offset64_static512,197:storage_in,197,7,1,0,False,True,True,False,[20]
g4d_offset64_static512,198:storage_in,198,7,1,0,False,True,True,False,[20]
g4d_offset64_static512,199:storage_in,199,7,1,0,False,True,True,False,[20]
g4d_offset64_static512,200:storage_in,200,7,1,0,False,True,True,False,[20]
g4d_offset64_static512,201:storage_in,201,7,1,0,False,True,True,False,[20]
g4d_offset64_static512,202:storage_in,202,7,1,0,False,True,True,False,[20]
g4d_offset64_static512,203:storage_in,203,7,2,0,False,False,True,False,"[19, 22]"
g4d_offset64_static512,204:storage_in,204,7,1,0,False,True,True,False,[16]
g4d_offset64_static512,205:storage_in,205,7,1,0,False,True,True,False,[22]
g4d_offset64_static512,206:storage_in,206,11,1,1,False,True,True,False,[19]
g4d_offset64_static512,207:storage_in,207,10,2,0,False,False,True,False,"[9, 11]"
g4d_offset64_static512,208:storage_in,208,7,1,0,False,True,True,False,[16]
g4d_offset64_static512,209:storage_in,209,8,1,0,False,True,True,False,[6]
g4d_offset64_static512,210:storage_in,210,11,1,1,False,True,True,False,[19]
g4d_offset64_static512,211:storage_in,211,7,1,0,False,True,True,False,[22]
g4d_offset64_static512,212:storage_in,212,9,1,1,False,True,True,False,[11]
g4d_offset64_static512,213:storage_in,213,7,1,0,False,True,True,False,[16]
g4d_offset64_static512,214:storage_in,214,11,1,1,False,True,True,False,[19]
g4d_offset64_static512,215:storage_in,215,12,1,1,False,True,True,False,[22]
g4d_offset64_static512,216:storage_in,216,10,2,0,False,False,True,False,"[9, 11]"
g4d_offset64_static512,217:storage_in,217,7,2,0,False,False,True,False,"[19, 22]"
g4d_offset64_static512,218:storage_in,218,7,1,0,False,True,True,False,[16]
g4d_offset64_static512,219:storage_in,219,9,2,2,False,False,True,False,"[6, 11]"
g4d_offset64_static512,220:storage_in,220,7,1,0,False,True,True,False,[16]
g4d_offset64_static512,221:storage_in,221,9,1,1,False,True,True,False,[11]
g4d_offset64_static512,222:storage_in,222,12,1,1,False,True,True,False,[22]
g4d_offset64_static512,223:storage_in,223,10,2,0,False,False,True,False,"[9, 11]"
g4d_offset64_static512,224:storage_in,224,12,2,1,False,False,True,False,"[19, 22]"
g4d_offset64_static512,225:storage_in,225,12,2,1,False,False,True,False,"[19, 22]"
g4d_offset64_static512,226:storage_in,226,7,1,0,False,True,True,False,[16]
g4d_offset64_static512,227:storage_in,227,12,1,1,False,True,True,False,[22]
g4d_offset64_static512,228:storage_in,228,7,2,0,False,False,True,False,"[19, 22]"
g4d_offset64_static512,229:storage_in,229,8,1,0,False,True,True,False,[6]
g4d_offset64_static512,230:storage_in,230,7,1,0,False,True,True,False,[16]
g4d_offset64_static512,231:storage_in,231,9,1,0,False,True,True,False,[11]
g4d_offset64_static512,232:storage_in,232,7,1,0,False,True,True,False,[22]
g4d_offset64_static512,233:storage_in,233,10,2,0,False,False,True,False,"[9, 11]"
g4d_offset64_static512,234:storage_in,234,9,2,2,False,False,True,False,"[6, 11]"
g4d_offset64_static512,235:storage_in,235,9,1,0,False,True,True,False,[11]
g4d_offset64_static512,236:storage_in,236,7,1,0,False,True,True,False,[22]
g4d_offset64_static512,237:storage_in,237,7,2,0,False,False,True,False,"[19, 22]"
g4d_offset64_static512,238:storage_in,238,7,2,0,False,False,True,False,"[19, 22]"
g4d_offset64_static512,239:storage_in,239,7,1,0,False,True,True,False,[16]
g4d_offset64_static512,240:storage_in,240,8,1,0,False,True,True,False,[6]
g4d_offset64_static512,241:storage_in,241,7,1,0,False,True,True,False,[16]
g4d_offset64_static512,242:storage_in,242,10,2,0,False,False,True,False,"[9, 11]"
g4d_offset64_static512,243:storage_in,243,12,1,1,False,True,True,False,[22]
g4d_offset64_static512,244:storage_in,244,7,1,0,False,True,True,False,[20]
g4d_offset64_static512,245:storage_in,245,7,1,0,False,True,True,False,[20]
g4d_offset64_static512,246:storage_in,246,7,1,0,False,True,True,False,[20]
g4d_offset64_static512,247:storage_in,247,7,1,0,False,True,True,False,[20]
g4d_offset64_static512,248:storage_in,248,7,1,0,False,True,True,False,[20]
g4d_offset64_static512,249:storage_in,249,7,1,0,False,True,True,False,[20]
g4d_offset64_static512,250:storage_in,250,7,1,0,False,True,True,False,[20]
g4d_offset64_static512,251:storage_in,251,7,1,0,False,True,True,False,[20]
g4d_offset64_static512,252:storage_in,252,7,1,0,False,True,True,False,[20]
g4d_offset64_static512,253:storage_in,253,7,1,0,False,True,True,False,[20]
g4d_offset64_static512,254:storage_in,254,7,1,0,False,True,True,False,[20]
g4d_offset64_static512,255:storage_in,255,7,1,0,False,True,True,False,[20]
g4d_offset64_static512,256:storage_in,256,7,1,0,False,True,True,False,[20]
g4d_offset64_static512,257:storage_in,257,7,1,0,False,True,True,False,[20]
g4d_offset64_static512,258:storage_in,258,7,1,0,False,True,True,False,[20]
g4d_offset64_static512,259:storage_in,259,7,1,0,False,True,True,False,[20]
g4d_offset64_static512,260:storage_in,260,7,1,0,False,True,True,False,[20]
g4d_offset64_static512,261:storage_in,261,7,2,0,False,False,True,False,"[19, 22]"
g4d_offset64_static512,262:storage_in,262,7,1,0,False,True,True,False,[16]
g4d_offset64_static512,263:storage_in,263,7,1,0,False,True,True,False,[22]
g4d_offset64_static512,264:storage_in,264,9,1,0,False,True,True,False,[11]
g4d_offset64_static512,265:storage_in,265,7,1,0,False,True,True,False,[16]
g4d_offset64_static512,266:storage_in,266,7,2,0,False,False,True,False,"[19, 22]"
g4d_offset64_static512,267:storage_in,267,9,2,2,False,False,True,False,"[6, 11]"
g4d_offset64_static512,268:storage_in,268,10,2,1,False,False,True,False,"[9, 11]"
g4d_offset64_static512,269:storage_in,269,12,1,1,False,True,True,False,[22]
g4d_offset64_static512,270:storage_in,270,9,1,0,False,True,True,False,[11]
g4d_offset64_static512,271:storage_in,271,7,1,0,False,True,True,False,[16]
g4d_offset64_static512,272:storage_in,272,9,1,1,False,True,True,False,[9]
g4d_offset64_static512,273:storage_in,273,9,2,2,False,False,True,False,"[6, 11]"
g4d_offset64_static512,274:storage_in,274,11,1,1,False,True,True,False,[19]
g4d_offset64_static512,275:storage_in,275,7,1,0,False,True,True,False,[22]
g4d_offset64_static512,276:storage_in,276,9,2,1,False,False,True,False,"[6, 11]"
g4d_offset64_static512,277:storage_in,277,11,1,1,False,True,True,False,[19]
g4d_offset64_static512,278:storage_in,278,9,1,1,False,True,True,False,[20]
g4d_offset64_static512,279:storage_in,279,7,1,0,False,True,True,False,[16]
g4d_offset64_static512,280:storage_in,280,7,1,0,False,True,True,False,[16]
g4d_offset64_static512,281:storage_in,281,7,1,0,False,True,True,False,[22]
g4d_offset64_static512,282:storage_in,282,9,1,1,False,True,True,False,[11]
g4d_offset64_static512,283:storage_in,283,7,2,0,False,False,True,False,"[19, 22]"
g4d_offset64_static512,284:storage_in,284,12,1,1,False,True,True,False,[22]
g4d_offset64_static512,285:storage_in,285,10,2,0,False,False,True,False,"[9, 11]"
g4d_offset64_static512,286:storage_in,286,7,1,0,False,True,True,False,[16]
g4d_offset64_static512,287:storage_in,287,8,1,0,False,True,True,False,[6]
g4d_offset64_static512,288:storage_in,288,7,1,0,False,True,True,False,[22]
g4d_offset64_static512,289:storage_in,289,12,1,1,False,True,True,False,[22]
g4d_offset64_static512,290:storage_in,290,11,1,1,False,True,True,False,[19]
g4d_offset64_static512,291:storage_in,291,9,1,0,False,True,True,False,[11]
g4d_offset64_static512,292:storage_in,292,12,2,1,False,False,True,False,"[19, 22]"
g4d_offset64_static512,293:storage_in,293,7,1,0,False,True,True,False,[16]
g4d_offset64_static512,294:storage_in,294,9,1,1,False,True,True,False,[9]
g4d_offset64_static512,295:storage_in,295,8,1,0,False,True,True,False,[6]
g4d_offset64_static512,296:storage_in,296,9,1,0,False,True,True,False,[11]
g4d_offset64_static512,297:storage_in,297,9,1,0,False,True,True,False,[11]
g4d_offset64_static512,298:storage_in,298,10,2,0,False,False,True,False,"[9, 11]"
g4d_offset64_static512,299:storage_in,299,7,2,0,False,False,True,False,"[19, 22]"
g4d_offset64_static512,300:storage_in,300,7,1,0,False,True,True,False,[16]
g4d_offset64_static512,301:storage_in,301,8,1,0,False,True,True,False,[6]
g4d_offset64_static512,302:storage_in,302,7,1,0,False,True,True,False,[22]
g4d_offset64_static512,303:storage_in,303,7,2,0,False,False,True,False,"[19, 22]"
g4d_offset64_static512,304:storage_in,304,10,2,0,False,False,True,False,"[9, 11]"
g4d_offset64_static512,305:storage_in,305,7,1,0,False,True,True,False,[16]
g4d_offset64_static512,306:storage_in,306,7,1,0,False,True,True,False,[22]
g4d_offset64_static512,307:storage_in,307,11,1,1,False,True,True,False,[19]
g4d_offset64_static512,308:storage_in,308,9,2,1,False,False,True,False,"[6, 11]"
g4d_offset64_static512,309:storage_in,309,9,1,0,False,True,True,False,[11]
g4d_offset64_static512,310:storage_in,310,7,1,0,False,True,True,False,[16]
g4d_offset64_static512,311:storage_in,311,10,2,1,False,False,True,False,"[9, 11]"
g4d_offset64_static512,312:storage_in,312,12,1,1,False,True,True,False,[22]
g4d_offset64_static512,313:storage_in,313,8,1,0,False,True,True,False,[6]
g4d_offset64_static512,314:storage_in,314,7,2,0,False,False,True,False,"[19, 22]"
g4d_offset64_static512,315:storage_in,315,9,1,0,False,True,True,False,[11]
g4d_offset64_static512,316:storage_in,316,10,2,0,False,False,True,False,"[9, 11]"
g4d_offset64_static512,317:storage_in,317,8,1,0,False,True,True,False,[6]
g4d_offset64_static512,318:storage_in,318,9,1,0,False,True,True,False,[11]
g4d_offset64_static512,319:storage_in,319,12,1,1,False,True,True,False,[22]
g4d_offset64_static512,320:storage_in,320,10,2,0,False,False,True,False,"[9, 11]"
g4d_offset64_static512,321:storage_in,321,7,2,0,False,False,True,False,"[19, 22]"
g4d_offset64_static512,322:storage_in,322,8,1,0,False,True,True,False,[6]
g4d_offset64_static512,323:storage_in,323,7,1,0,False,True,True,False,[16]
g4d_offset64_static512,324:storage_in,324,9,1,0,False,True,True,False,[11]
g4d_offset64_static512,325:storage_in,325,10,2,0,False,False,True,False,"[9, 11]"
g4d_offset64_static512,326:storage_in,326,7,1,0,False,True,True,False,[16]
g4d_offset64_static512,327:storage_in,327,7,1,0,False,True,True,False,[22]
g4d_offset64_static512,328:storage_in,328,7,1,0,False,True,True,False,[22]
g4d_offset64_static512,329:storage_in,329,8,1,0,False,True,True,False,[6]
g4d_offset64_static512,330:storage_in,330,7,2,0,False,False,True,False,"[19, 22]"
g4d_offset64_static512,331:storage_in,331,9,1,0,False,True,True,False,[11]
g4d_offset64_static512,332:storage_in,332,7,1,0,False,True,True,False,[20]
g4d_offset64_static512,333:storage_in,333,7,1,0,False,True,True,False,[20]
g4d_offset64_static512,334:storage_in,334,7,1,0,False,True,True,False,[20]
g4d_offset64_static512,335:storage_in,335,7,1,0,False,True,True,False,[20]
g4d_offset64_static512,336:storage_in,336,7,1,0,False,True,True,False,[20]
g4d_offset64_static512,337:storage_in,337,7,1,0,False,True,True,False,[20]
g4d_offset64_static512,338:storage_in,338,7,1,0,False,True,True,False,[20]
g4d_offset64_static512,339:storage_in,339,7,1,0,False,True,True,False,[20]
g4d_offset64_static512,340:storage_in,340,7,1,0,False,True,True,False,[20]
g4d_offset64_static512,341:storage_in,341,7,1,0,False,True,True,False,[20]
g4d_offset64_static512,342:storage_in,342,7,1,0,False,True,True,False,[20]
g4d_offset64_static512,343:storage_in,343,7,1,0,False,True,True,False,[20]
g4d_offset64_static512,344:storage_in,344,7,1,0,False,True,True,False,[20]
g4d_offset64_static512,345:storage_in,345,7,1,0,False,True,True,False,[20]
g4d_offset64_static512,346:storage_in,346,7,1,0,False,True,True,False,[20]
g4d_offset64_static512,347:storage_in,347,7,1,0,False,True,True,False,[20]
g4d_offset64_static512,348:storage_in,348,7,1,0,False,True,True,False,[20]
g4d_offset64_static512,349:storage_in,349,7,1,0,False,True,True,False,[20]
g4d_offset64_static512,350:storage_in,350,7,1,0,False,True,True,False,[20]
g4d_offset64_static512,351:storage_in,351,7,1,0,False,True,True,False,[20]
g4d_offset64_static512,352:storage_in,352,7,1,0,False,True,True,False,[20]
g4d_offset64_static512,353:storage_in,353,7,1,0,False,True,True,False,[20]
g4d_offset64_static512,354:storage_in,354,7,1,0,False,True,True,False,[20]
g4d_offset64_static512,355:storage_in,355,7,1,0,False,True,True,False,[20]
g4d_offset64_static512,356:storage_in,356,7,1,0,False,True,True,False,[20]
g4d_offset64_static512,357:storage_in,357,7,1,0,False,True,True,False,[20]
g4d_offset64_static512,358:storage_in,358,7,1,0,False,True,True,False,[20]
g4d_offset64_static512,359:storage_in,359,7,1,0,False,True,True,False,[20]
g4d_offset64_static512,360:storage_in,360,7,1,0,False,True,True,False,[20]
g4d_offset64_static512,361:storage_in,361,7,1,0,False,True,True,False,[20]
g4d_offset64_static512,362:storage_in,362,7,1,0,False,True,True,False,[20]
g4d_offset64_static512,363:storage_in,363,7,1,0,False,True,True,False,[20]
g4d_offset64_static512,364:storage_in,364,7,1,0,False,True,True,False,[20]
g4d_offset64_static512,365:storage_in,365,7,1,0,False,True,True,False,[20]
g4d_offset64_static512,366:storage_in,366,7,1,0,False,True,True,False,[20]
g4d_offset64_static512,367:storage_in,367,7,1,0,False,True,True,False,[20]
g4d_offset64_static512,368:storage_in,368,7,1,0,False,True,True,False,[20]
g4d_offset64_static512,369:storage_in,369,7,1,0,False,True,True,False,[20]
g4d_offset64_static512,370:storage_in,370,7,1,0,False,True,True,False,[20]
g4d_offset64_static512,371:storage_in,371,7,1,0,False,True,True,False,[20]
g4d_offset64_static512,372:storage_in,372,7,1,0,False,True,True,False,[20]
g4d_offset64_static512,373:storage_in,373,7,1,0,False,True,True,False,[20]
g4d_offset64_static512,374:storage_in,374,7,1,0,False,True,True,False,[20]
g4d_offset64_static512,375:storage_in,375,7,1,0,False,True,True,False,[20]
g4d_offset64_static512,376:storage_in,376,7,2,0,False,False,True,False,"[19, 22]"
g4d_offset64_static512,377:storage_in,377,7,1,0,False,True,True,False,[16]
g4d_offset64_static512,378:storage_in,378,7,1,0,False,True,True,False,[20]
g4d_offset64_static512,379:storage_in,379,9,1,0,False,True,True,False,[11]
g4d_offset64_static512,380:storage_in,380,7,1,0,False,True,True,False,[16]
g4d_offset64_static512,381:storage_in,381,12,1,1,False,True,True,False,[22]
g4d_offset64_static512,382:storage_in,382,10,2,0,False,False,True,False,"[9, 11]"
g4d_offset64_static512,383:storage_in,383,10,2,0,False,False,True,False,"[9, 11]"
g4d_offset64_static512,384:storage_in,384,8,1,0,False,True,True,False,[6]
g4d_offset64_static512,385:storage_in,385,7,1,0,False,True,True,False,[16]
g4d_offset64_static512,386:storage_in,386,7,1,0,False,True,True,False,[22]
g4d_offset64_static512,387:storage_in,387,11,1,1,False,True,True,False,[19]
g4d_offset64_static512,388:storage_in,388,11,1,1,False,True,True,False,[19]
g4d_offset64_static512,389:storage_in,389,7,1,0,False,True,True,False,[22]
g4d_offset64_static512,390:storage_in,390,9,2,1,False,False,True,False,"[6, 11]"
g4d_offset64_static512,391:storage_in,391,7,1,0,False,True,True,False,[16]
g4d_offset64_static512,392:storage_in,392,7,1,0,False,True,True,False,[16]
g4d_offset64_static512,393:storage_in,393,7,1,0,False,True,True,False,[20]
g4d_offset64_static512,394:storage_in,394,7,1,0,False,True,True,False,[22]
g4d_offset64_static512,395:storage_in,395,11,1,1,False,True,True,False,[19]
g4d_offset64_static512,396:storage_in,396,7,1,0,False,True,True,False,[22]
g4d_offset64_static512,397:storage_in,397,9,1,0,False,True,True,False,[11]
g4d_offset64_static512,398:storage_in,398,11,1,1,False,True,True,False,[19]
g4d_offset64_static512,399:storage_in,399,11,1,1,False,True,True,False,[19]
g4d_offset64_static512,400:storage_in,400,10,2,0,False,False,True,False,"[9, 11]"
g4d_offset64_static512,401:storage_in,401,7,1,0,False,True,True,False,[16]
g4d_offset64_static512,402:storage_in,402,8,1,0,False,True,True,False,[6]
g4d_offset64_static512,403:storage_in,403,7,1,0,False,True,True,False,[22]
g4d_offset64_static512,404:storage_in,404,7,1,0,False,True,True,False,[16]
g4d_offset64_static512,405:storage_in,405,9,1,0,False,True,True,False,[11]
g4d_offset64_static512,406:storage_in,406,11,1,1,False,True,True,False,[19]
g4d_offset64_static512,407:storage_in,407,10,2,0,False,False,True,False,"[9, 11]"
g4d_offset64_static512,408:storage_in,408,7,1,0,False,True,True,False,[16]
g4d_offset64_static512,409:storage_in,409,8,1,0,False,True,True,False,[6]
g4d_offset64_static512,410:storage_in,410,12,1,1,False,True,True,False,[22]
g4d_offset64_static512,411:storage_in,411,9,1,0,False,True,True,False,[11]
g4d_offset64_static512,412:storage_in,412,7,1,0,False,True,True,False,[16]
g4d_offset64_static512,413:storage_in,413,7,1,0,False,True,True,False,[22]
g4d_offset64_static512,414:storage_in,414,10,2,0,False,False,True,False,"[9, 11]"
g4d_offset64_static512,415:storage_in,415,9,1,1,False,True,True,False,[20]
g4d_offset64_static512,416:storage_in,416,9,1,0,False,True,True,False,[11]
g4d_offset64_static512,417:storage_in,417,11,1,1,False,True,True,False,[19]
g4d_offset64_static512,418:storage_in,418,9,2,1,False,False,True,False,"[6, 11]"
g4d_offset64_static512,419:storage_in,419,7,1,0,False,True,True,False,[16]
g4d_offset64_static512,420:storage_in,420,9,1,0,False,True,True,False,[11]
g4d_offset64_static512,421:storage_in,421,7,1,0,False,True,True,False,[22]
g4d_offset64_static512,422:storage_in,422,11,1,1,False,True,True,False,[19]
g4d_offset64_static512,423:storage_in,423,11,1,1,False,True,True,False,[19]
g4d_offset64_static512,424:storage_in,424,10,2,0,False,False,True,False,"[9, 11]"
g4d_offset64_static512,425:storage_in,425,7,1,0,False,True,True,False,[16]
g4d_offset64_static512,426:storage_in,426,7,1,0,False,True,True,False,[20]
g4d_offset64_static512,427:storage_in,427,7,1,0,False,True,True,False,[22]
g4d_offset64_static512,428:storage_in,428,7,1,0,False,True,True,False,[16]
g4d_offset64_static512,429:storage_in,429,11,1,1,False,True,True,False,[19]
g4d_offset64_static512,430:storage_in,430,9,2,2,False,False,True,False,"[6, 11]"
g4d_offset64_static512,431:storage_in,431,9,1,1,False,True,True,False,[11]
g4d_offset64_static512,432:storage_in,432,7,1,0,False,True,True,False,[22]
g4d_offset64_static512,433:storage_in,433,11,1,1,False,True,True,False,[19]
g4d_offset64_static512,434:storage_in,434,10,2,0,False,False,True,False,"[9, 11]"
g4d_offset64_static512,435:storage_in,435,7,1,0,False,True,True,False,[16]
g4d_offset64_static512,436:storage_in,436,8,1,0,False,True,True,False,[6]
g4d_offset64_static512,437:storage_in,437,7,1,0,False,True,True,False,[22]
g4d_offset64_static512,438:storage_in,438,9,1,1,False,True,True,False,[11]
g4d_offset64_static512,439:storage_in,439,10,2,0,False,False,True,False,"[9, 11]"
g4d_offset64_static512,440:storage_in,440,7,1,0,False,True,True,False,[20]
g4d_offset64_static512,441:storage_in,441,7,1,0,False,True,True,False,[16]
g4d_offset64_static512,442:storage_in,442,7,1,0,False,True,True,False,[22]
g4d_offset64_static512,443:storage_in,443,11,1,1,False,True,True,False,[19]
g4d_offset64_static512,444:storage_in,444,7,1,0,False,True,True,False,[16]
g4d_offset64_static512,445:storage_in,445,7,1,0,False,True,True,False,[22]
g4d_offset64_static512,446:storage_in,446,7,2,0,False,False,True,False,"[19, 22]"
g4d_offset64_static512,447:storage_in,447,7,1,0,False,True,True,False,[16]
g4d_offset64_static512,448:storage_in,448,8,1,0,False,True,True,False,[6]
g4d_offset64_static512,449:storage_in,449,7,2,0,False,False,True,False,"[19, 22]"
g4d_offset64_static512,450:storage_in,450,7,1,0,False,True,True,False,[20]
g4d_offset64_static512,451:storage_in,451,7,1,0,False,True,True,False,[22]
g4d_offset64_static512,452:storage_in,452,9,1,0,False,True,True,False,[11]
g4d_offset64_static512,453:storage_in,453,7,2,0,False,False,True,False,"[19, 22]"
g4d_offset64_static512,454:storage_in,454,10,2,0,False,False,True,False,"[9, 11]"
g4d_offset64_static512,455:storage_in,455,7,1,0,False,True,True,False,[16]
g4d_offset64_static512,456:storage_in,456,7,1,0,False,True,True,False,[16]
g4d_offset64_static512,457:storage_in,457,9,1,1,False,True,True,False,[20]
g4d_offset64_static512,458:storage_in,458,8,1,0,False,True,True,False,[6]
g4d_offset64_static512,459:storage_in,459,7,1,0,False,True,True,False,[22]
g4d_offset64_static512,460:storage_in,460,7,1,0,False,True,True,False,[20]
g4d_offset64_static512,461:storage_in,461,7,1,0,False,True,True,False,[20]
g4d_offset64_static512,462:storage_in,462,7,1,0,False,True,True,False,[20]
g4d_offset64_static512,463:storage_in,463,7,1,0,False,True,True,False,[20]
g4d_offset64_static512,464:storage_in,464,7,1,0,False,True,True,False,[20]
g4d_offset64_static512,465:storage_in,465,7,1,0,False,True,True,False,[20]
g4d_offset64_static512,466:storage_in,466,7,1,0,False,True,True,False,[20]
g4d_offset64_static512,467:storage_in,467,7,1,0,False,True,True,False,[20]
g4d_offset64_static512,468:storage_in,468,7,1,0,False,True,True,False,[20]
g4d_offset64_static512,469:storage_in,469,7,1,0,False,True,True,False,[20]
g4d_offset64_static512,470:storage_in,470,7,1,0,False,True,True,False,[20]
g4d_offset64_static512,471:storage_in,471,7,1,0,False,True,True,False,[20]
g4d_offset64_static512,472:storage_in,472,7,1,0,False,True,True,False,[20]
g4d_offset64_static512,473:storage_in,473,7,1,0,False,True,True,False,[20]
g4d_offset64_static512,474:storage_in,474,7,1,0,False,True,True,False,[20]
g4d_offset64_static512,475:storage_in,475,7,1,0,False,True,True,False,[20]
g4d_offset64_static512,476:storage_in,476,7,1,0,False,True,True,False,[20]
g4d_offset64_static512,477:storage_in,477,7,1,0,False,True,True,False,[20]
g4d_offset64_static512,478:storage_in,478,7,1,0,False,True,True,False,[20]
g4d_offset64_static512,479:storage_in,479,7,1,0,False,True,True,False,[20]
g4d_offset64_static512,480:storage_in,480,7,1,0,False,True,True,False,[20]
g4d_offset64_static512,481:storage_in,481,7,1,0,False,True,True,False,[20]
g4d_offset64_static512,482:storage_in,482,7,1,0,False,True,True,False,[20]
g4d_offset64_static512,483:storage_in,483,7,1,0,False,True,True,False,[20]
g4d_offset64_static512,484:storage_in,484,7,1,0,False,True,True,False,[20]
g4d_offset64_static512,485:storage_in,485,7,1,0,False,True,True,False,[20]
g4d_offset64_static512,486:storage_in,486,7,1,0,False,True,True,False,[20]
g4d_offset64_static512,487:storage_in,487,7,1,0,False,True,True,False,[20]
g4d_offset64_static512,488:storage_in,488,7,1,0,False,True,True,False,[20]
g4d_offset64_static512,489:storage_in,489,7,1,0,False,True,True,False,[20]
g4d_offset64_static512,490:storage_in,490,7,1,0,False,True,True,False,[20]
g4d_offset64_static512,491:storage_in,491,7,1,0,False,True,True,False,[20]
g4d_offset64_static512,492:storage_in,492,7,1,0,False,True,True,False,[20]
g4d_offset64_static512,493:storage_in,493,7,1,0,False,True,True,False,[20]
g4d_offset64_static512,494:storage_in,494,7,1,0,False,True,True,False,[22]
g4d_offset64_static512,495:storage_in,495,7,2,0,False,False,True,False,"[19, 22]"
g4d_offset64_static512,496:storage_in,496,9,1,0,False,True,True,False,[11]
g4d_offset64_static512,497:storage_in,497,7,1,0,False,True,True,False,[22]
g4d_offset64_static512,498:storage_in,498,9,1,0,False,True,True,False,[11]
g4d_offset64_static512,499:storage_in,499,10,2,0,False,False,True,False,"[9, 11]"
g4d_offset64_static512,500:storage_in,500,11,1,1,False,True,True,False,[19]
g4d_offset64_static512,501:storage_in,501,9,1,1,False,True,True,False,[20]
g4d_offset64_static512,502:storage_in,502,8,1,0,False,True,True,False,[6]
g4d_offset64_static512,503:storage_in,503,7,1,0,False,True,True,False,[16]
g4d_offset64_static512,504:storage_in,504,7,1,0,False,True,True,False,[16]
g4d_offset64_static512,505:storage_in,505,7,2,0,False,False,True,False,"[19, 22]"
g4d_offset64_static512,506:storage_in,506,12,1,1,False,True,True,False,[22]
g4d_offset64_static512,507:storage_in,507,7,1,0,False,True,True,False,[22]
g4d_offset64_static512,508:storage_in,508,11,1,1,False,True,True,False,[19]
g4d_offset64_static512,509:storage_in,509,10,2,0,False,False,True,False,"[9, 11]"
g4d_offset64_static512,510:storage_in,510,9,1,0,False,True,True,False,[11]
g4d_offset64_static512,511:storage_in,511,7,1,0,False,True,True,False,[16]
g4d_offset64_static512,512:storage_in,512,7,1,0,False,True,True,False,[16]
g4d_offset64_static512,513:storage_in,513,9,1,1,False,True,True,False,[9]
g4d_offset64_static512,514:storage_in,514,12,1,1,False,True,True,False,[22]
g4d_offset64_static512,515:storage_in,515,11,1,1,False,True,True,False,[19]
g4d_offset64_static512,516:storage_in,516,12,1,1,False,True,True,False,[22]
g4d_offset64_static512,517:storage_in,517,12,2,1,False,False,True,False,"[19, 22]"
g4d_offset64_static512,518:storage_in,518,7,1,0,False,True,True,False,[16]
g4d_offset64_static512,519:storage_in,519,9,2,2,False,False,True,False,"[6, 11]"
g4d_offset64_static512,520:storage_in,520,7,1,0,False,True,True,False,[16]
g4d_offset64_static512,521:storage_in,521,9,1,0,False,True,True,False,[11]
g4d_offset64_static512,522:storage_in,522,7,1,0,False,True,True,False,[20]
g4d_offset64_static512,523:storage_in,523,12,1,1,False,True,True,False,[22]
g4d_offset64_static512,524:storage_in,524,7,1,0,False,True,True,False,[22]
g4d_offset64_static512,525:storage_in,525,11,1,1,False,True,True,False,[19]
g4d_offset64_static512,526:storage_in,526,10,2,0,False,False,True,False,"[9, 11]"
g4d_offset64_static512,527:storage_in,527,9,1,1,False,True,True,False,[20]
g4d_offset64_static512,528:storage_in,528,12,2,1,False,False,True,False,"[19, 22]"
g4d_offset64_static512,529:storage_in,529,7,1,0,False,True,True,False,[16]
g4d_offset64_static512,530:storage_in,530,9,2,1,False,False,True,False,"[6, 11]"
g4d_offset64_static512,531:storage_in,531,7,1,0,False,True,True,False,[16]
g4d_offset64_static512,532:storage_in,532,12,1,1,False,True,True,False,[22]
g4d_offset64_static512,533:storage_in,533,11,1,1,False,True,True,False,[19]
g4d_offset64_static512,534:storage_in,534,9,1,0,False,True,True,False,[11]
g4d_offset64_static512,535:storage_in,535,12,2,1,False,False,True,False,"[19, 22]"
g4d_offset64_static512,536:storage_in,536,7,1,0,False,True,True,False,[16]
g4d_offset64_static512,537:storage_in,537,10,2,0,False,False,True,False,"[9, 11]"
g4d_offset64_static512,538:storage_in,538,7,1,0,False,True,True,False,[16]
g4d_offset64_static512,539:storage_in,539,8,1,0,False,True,True,False,[6]
g4d_offset64_static512,540:storage_in,540,9,1,1,False,True,True,False,[9]
g4d_offset64_static512,541:storage_in,541,7,1,0,False,True,True,False,[22]
g4d_offset64_static512,542:storage_in,542,9,1,1,False,True,True,False,[11]
g4d_offset64_static512,543:storage_in,543,10,2,0,False,False,True,False,"[9, 11]"
g4d_offset64_static512,544:storage_in,544,9,2,1,False,False,True,False,"[6, 11]"
g4d_offset64_static512,545:storage_in,545,9,1,0,False,True,True,False,[11]
g4d_offset64_static512,546:storage_in,546,10,2,0,False,False,True,False,"[9, 11]"
g4d_offset64_static512,547:storage_in,547,7,1,0,False,True,True,False,[22]
g4d_offset64_static512,548:storage_in,548,8,1,0,False,True,True,False,[6]
g4d_offset64_static512,549:storage_in,549,11,1,1,False,True,True,False,[19]
g4d_offset64_static512,550:storage_in,550,9,1,0,False,True,True,False,[11]
g4d_offset64_static512,551:storage_in,551,7,1,0,False,True,True,False,[16]
g4d_offset64_static512,552:storage_in,552,7,1,0,False,True,True,False,[22]
g4d_offset64_static512,553:storage_in,553,7,2,0,False,False,True,False,"[19, 22]"
g4d_offset64_static512,554:storage_in,554,11,1,1,False,True,True,False,[19]
g4d_offset64_static512,555:storage_in,555,7,1,0,False,True,True,False,[16]
g4d_offset64_static512,556:storage_in,556,7,1,0,False,True,True,False,[22]
g4d_offset64_static512,557:storage_in,557,11,1,1,False,True,True,False,[19]
g4d_offset64_static512,558:storage_in,558,9,2,2,False,False,True,False,"[6, 11]"
g4d_offset64_static512,559:storage_in,559,7,1,0,False,True,True,False,[16]
g4d_offset64_static512,560:storage_in,560,7,1,0,False,True,True,False,[16]
g4d_offset64_static512,561:storage_in,561,9,1,0,False,True,True,False,[11]
g4d_offset64_static512,562:storage_in,562,7,1,0,False,True,True,False,[22]
g4d_offset64_static512,563:storage_in,563,10,2,0,False,False,True,False,"[9, 11]"
g4d_offset64_static512,564:storage_in,564,11,1,1,False,True,True,False,[19]
g4d_offset64_static512,565:storage_in,565,7,1,0,False,True,True,False,[16]
g4d_offset64_static512,566:storage_in,566,7,1,0,False,True,True,False,[22]
g4d_offset64_static512,567:storage_in,567,9,2,2,False,False,True,False,"[6, 11]"
g4d_offset64_static512,568:storage_in,568,12,1,1,False,True,True,False,[22]
g4d_offset64_static512,569:storage_in,569,9,1,1,False,True,True,False,[11]
g4d_offset64_static512,570:storage_in,570,7,2,0,False,False,True,False,"[19, 22]"
g4d_offset64_static512,571:storage_in,571,10,2,0,False,False,True,False,"[9, 11]"
g4d_offset64_static512,572:storage_in,572,7,1,0,False,True,True,False,[16]
g4d_offset64_static512,573:storage_in,573,8,1,0,False,True,True,False,[6]
g4d_offset64_static512,574:storage_in,574,7,1,0,False,True,True,False,[22]
g4d_offset64_static512,575:storage_in,575,9,1,1,False,True,True,False,[11]
g4d_offset64_static512,64:storage_in,64,7,1,0,False,True,True,False,[16]
g4d_offset64_static512,65:storage_in,65,8,1,0,False,True,True,False,[6]
g4d_offset64_static512,66:storage_in,66,7,1,0,False,True,True,False,[22]
g4d_offset64_static512,67:storage_in,67,9,1,1,False,True,True,False,[11]
g4d_offset64_static512,68:storage_in,68,7,2,0,False,False,True,False,"[19, 22]"
g4d_offset64_static512,69:storage_in,69,7,1,0,False,True,True,False,[16]
g4d_offset64_static512,70:storage_in,70,10,2,1,False,False,True,False,"[9, 11]"
g4d_offset64_static512,71:storage_in,71,7,1,0,False,True,True,False,[22]
g4d_offset64_static512,72:storage_in,72,8,1,0,False,True,True,False,[6]
g4d_offset64_static512,73:storage_in,73,11,1,1,False,True,True,False,[19]
g4d_offset64_static512,74:storage_in,74,9,1,0,False,True,True,False,[11]
g4d_offset64_static512,75:storage_in,75,7,1,0,False,True,True,False,[16]
g4d_offset64_static512,76:storage_in,76,10,2,1,False,False,True,False,"[9, 11]"
g4d_offset64_static512,77:storage_in,77,7,1,0,False,True,True,False,[16]
g4d_offset64_static512,78:storage_in,78,10,2,0,False,False,True,False,"[9, 11]"
g4d_offset64_static512,79:storage_in,79,7,1,0,False,True,True,False,[22]
g4d_offset64_static512,80:storage_in,80,8,1,0,False,True,True,False,[6]
g4d_offset64_static512,81:storage_in,81,11,1,1,False,True,True,False,[19]
g4d_offset64_static512,82:storage_in,82,7,1,0,False,True,True,False,[22]
g4d_offset64_static512,83:storage_in,83,7,1,0,False,True,True,False,[16]
g4d_offset64_static512,84:storage_in,84,7,1,0,False,True,True,False,[22]
g4d_offset64_static512,85:storage_in,85,9,1,1,False,True,True,False,[11]
g4d_offset64_static512,86:storage_in,86,7,2,0,False,False,True,False,"[19, 22]"
g4d_offset64_static512,87:storage_in,87,7,1,0,False,True,True,False,[16]
g4d_offset64_static512,88:storage_in,88,10,2,1,False,False,True,False,"[9, 11]"
g4d_offset64_static512,89:storage_in,89,7,1,0,False,True,True,False,[22]
g4d_offset64_static512,90:storage_in,90,9,2,2,False,False,True,False,"[6, 11]"
g4d_offset64_static512,91:storage_in,91,7,1,0,False,True,True,False,[22]
g4d_offset64_static512,92:storage_in,92,9,1,0,False,True,True,False,[11]
g4d_offset64_static512,93:storage_in,93,10,2,0,False,False,True,False,"[9, 11]"
g4d_offset64_static512,94:storage_in,94,7,2,0,False,False,True,False,"[19, 22]"
g4d_offset64_static512,95:storage_in,95,8,1,0,False,True,True,False,[6]
g4d_offset64_static512,96:storage_in,96,7,1,0,False,True,True,False,[16]
g4d_offset64_static512,97:storage_in,97,9,1,0,False,True,True,False,[11]
g4d_offset64_static512,98:storage_in,98,12,1,1,False,True,True,False,[22]
g4d_offset64_static512,99:storage_in,99,10,2,0,False,False,True,False,"[9, 11]"
