target_key,descriptor_id,kind,clone_group_id,event_ordinal,horizon,pair_status,eligible_causal_label,exclusion_reason,action_changed,same_state_start,certificate_valid,signed_label,delta_completion_mean_seconds,direct_affected_runtime_bag_ids,realized_affected_runtime_bag_ids,externality_runtime_bag_ids,sampling_stratum_id,N_h,n_h,pi_h,analysis_weight
b65a1e88426c66fd9e65b2c39b61a2eb7febd45f1ad895bdcd53b3c35a67b7e2:H_system,b65a1e88426c66fd9e65b2c39b61a2eb7febd45f1ad895bdcd53b3c35a67b7e2,I3,1e572e07b91cf3203d13e789bc65657ae0897b1314e5d114a6bb1892f48bc4be,1963,H_system,ACTION_CHANGED_HORIZON_COMPLETE,true,,true,true,true,HARMFUL,0.00047015113636916794,[38],[38],[],I3|TAIL|NO_DIVERGENCE|HIGH,4196,58,0.013822688274547188,72.34482758620689
f4ae6b51f37f05f2c9ed79d771d758091000b29304218f118106100d7d70c0f7:H_system,f4ae6b51f37f05f2c9ed79d771d758091000b29304218f118106100d7d70c0f7,I4,d92cf0d322454cb18138e7e1d7f82a548a4b1fb00aabbfcf1aaeadfc6eefa016,6939,H_system,ACTION_CHANGED_HORIZON_COMPLETE,true,,true,true,true,NEUTRAL_WITHIN_TOLERANCE,0.0,[120],[120],[],I4|BODY|NO_DIVERGENCE|HIGH,471856,945,0.0020027296463327794,499.31851851851854
0dee5dfaf569dcefd470d0b6200e1a40434f05ae95a2d02d9c602281e5498054:H_bag,0dee5dfaf569dcefd470d0b6200e1a40434f05ae95a2d02d9c602281e5498054,I4,247f1cc2b1840b826a7fdc6d9e347dfd80342afdb9d2701aa5164251a5c09a71,9314,H_bag,ACTION_CHANGED_HORIZON_COMPLETE,true,,true,true,true,HARMFUL,0.0010000000002037268,[160],,,I4|TAIL|NO_DIVERGENCE|LOW,205,1,0.004878048780487805,205.0
b273f5f82f2ba1f2fe47dc5bbdeccdfd0afd3c8e74272b0a4ed1f34c3d2c9f63:H_bag,b273f5f82f2ba1f2fe47dc5bbdeccdfd0afd3c8e74272b0a4ed1f34c3d2c9f63,I4,42d55f4ba2a8efd9a0caa0871541f31c9801bf01d1b4122a526136952114bfb3,11615,H_bag,ACTION_CHANGED_HORIZON_COMPLETE,true,,true,true,true,NEUTRAL_WITHIN_TOLERANCE,0.0,[202],,,I4|TAIL|NO_DIVERGENCE|HIGH,13582,67,0.004932999558238846,202.71641791044775
bffb45bc552225c77bb2d282cc0ee7a6f54f3ec748ff0191d0bd156127f5eefb:H_bag,bffb45bc552225c77bb2d282cc0ee7a6f54f3ec748ff0191d0bd156127f5eefb,I4,3f7bb766c0cf2b41754074673d6b260aa1e892e101890a26e6e522a7d2f0310c,12060,H_bag,ACTION_CHANGED_HORIZON_COMPLETE,true,,true,true,true,HARMFUL,0.5846500000043306,[200],,,I4|TAIL|NO_DIVERGENCE|HIGH,13582,67,0.004932999558238846,202.71641791044775
03baaddfc665950ef29c020aba5c274779a5acb1636314a51d881d7393ec1413:H_bag,03baaddfc665950ef29c020aba5c274779a5acb1636314a51d881d7393ec1413,I3,e7340330ebc330f9d84efa7942738204571447f8be9192947aa857e14e4f5325,14439,H_bag,ACTION_CHANGED_HORIZON_COMPLETE,true,,true,true,true,HARMFUL,31.200000000002547,[252],,,I3|TAIL|NO_DIVERGENCE|HIGH,4196,58,0.013822688274547188,72.34482758620689
b6ed43cab41dcb8ed01b3a2111a09b41bf85fd6fed526a80761cc972737d2635:H_bag,b6ed43cab41dcb8ed01b3a2111a09b41bf85fd6fed526a80761cc972737d2635,I4,fa1bb5de0d11ced2a7c4049c75251be2a7c08338e51e84a54a8019f7547c6c96,15000,H_bag,ACTION_CHANGED_HORIZON_COMPLETE,true,,true,true,true,NEUTRAL_WITHIN_TOLERANCE,0.0,[246],,,I4|TAIL|NO_DIVERGENCE|HIGH,13582,67,0.004932999558238846,202.71641791044775
5dfd5ded87d101e524ac981966113449bc869a787a2337ff743f55a0d3ced899:H_system,5dfd5ded87d101e524ac981966113449bc869a787a2337ff743f55a0d3ced899,I3,aa74980df80ad96ccad51fc6b1639bd6d3e90df9e6a995976a637c7078f8e4f9,16345,H_system,ACTION_CHANGED_HORIZON_COMPLETE,true,,true,true,true,HARMFUL,0.001733825654184784,[240],[240],[],I3|TAIL|NO_DIVERGENCE|HIGH,4196,58,0.013822688274547188,72.34482758620689
92c4a60c08a035aa600563b7599d0c1a0b556798dee5c6e7869e629d37b1082f:H_bag,92c4a60c08a035aa600563b7599d0c1a0b556798dee5c6e7869e629d37b1082f,I3,f854081ccb818be89031d0e07825263a504ef93e60939712f9c921a2c5605b9d,17516,H_bag,ACTION_CHANGED_HORIZON_COMPLETE,true,,true,true,true,HARMFUL,75.60000000000218,[282],,,I3|TAIL|NO_DIVERGENCE|HIGH,4196,58,0.013822688274547188,72.34482758620689
e1d1312cafda947211f081b076a82a07b9c4afe521ebfda88d3e6b274ac6bbc6:H_bag,e1d1312cafda947211f081b076a82a07b9c4afe521ebfda88d3e6b274ac6bbc6,I3,84af7445e350e9f8cad581eaa99a45a8497b56e2ee3cda0c0385e91adeae9c9e,17594,H_bag,ACTION_CHANGED_HORIZON_COMPLETE,true,,true,true,true,HARMFUL,75.60000000000218,[278],,,I3|TAIL|NO_DIVERGENCE|LOW,78,1,0.01282051282051282,78.0
c830aeaeedfeef351e7612aa06069f3ead90329813cd4de87494ee9d96bdfb85:H_system,c830aeaeedfeef351e7612aa06069f3ead90329813cd4de87494ee9d96bdfb85,I4,6bc99d14ab0117dee20508974ce57181be636d5c9f8a202f6773c705b4ae1310,19696,H_system,ACTION_CHANGED_HORIZON_COMPLETE,true,,true,true,true,HARMFUL,1.7200651313942217e-05,[336],"[334,336,340,342]","[334,340,342]",I4|TAIL|NO_DIVERGENCE|HIGH,13582,67,0.004932999558238846,202.71641791044775
0a7728fc1b8497cb68d5bfe88e5289bd5ea66139650f4e50db1791d864f3e717:H_bag,0a7728fc1b8497cb68d5bfe88e5289bd5ea66139650f4e50db1791d864f3e717,I4,c6ceb7b5c7fd35c9e8a7686d0e3ff6d121ba3104b0b452b34be478fae357539d,20943,H_bag,ACTION_CHANGED_HORIZON_COMPLETE,true,,true,true,true,NEUTRAL_WITHIN_TOLERANCE,0.0,[334],,,I4|BODY|NO_DIVERGENCE|HIGH,471856,945,0.0020027296463327794,499.31851851851854
1b5290e49ba8c20b3c597ae5810479c389afb458ccb273625a405ae56fb87d17:H_bag,1b5290e49ba8c20b3c597ae5810479c389afb458ccb273625a405ae56fb87d17,I4,3ded04e39783338eaa229eeeba978c70e422e63d20a35bc021a7c5fbe9e6ee54,22712,H_bag,ACTION_CHANGED_HORIZON_COMPLETE,true,,true,true,true,HARMFUL,1.0,[378],,,I4|BODY|NO_DIVERGENCE|HIGH,471856,945,0.0020027296463327794,499.31851851851854
7924e5be5d217c1a7b382a11c33ef07ff588596148441593fbc4eac868fc7fd8:H_system,7924e5be5d217c1a7b382a11c33ef07ff588596148441593fbc4eac868fc7fd8,I3,48c33ebc675f2cfa53b2f8b7ca564b6a8ddcda1e7df924bf5ea54dfc0964760b,23724,H_system,ACTION_CHANGED_HORIZON_COMPLETE,true,,true,true,true,HARMFUL,0.0005871155654233462,[392],[392],[],I3|BODY|NO_DIVERGENCE|HIGH,170143,958,0.005630557824888476,177.60229645093946
140ace94612d17eccc6edfa7069cf6fd35dfd0616ae87818174fbe7240a2cae2:H_bag,140ace94612d17eccc6edfa7069cf6fd35dfd0616ae87818174fbe7240a2cae2,I3,fc1ded26ec31824cdf5d563f3524606d615277003603d9deaaa482ef6f1e0e3a,28269,H_bag,ACTION_CHANGED_HORIZON_COMPLETE,true,,true,true,true,HARMFUL,75.60000000000218,[440],,,I3|BODY|NO_DIVERGENCE|HIGH,170143,958,0.005630557824888476,177.60229645093946
76f4636145188ee9874142798bcabceb1cfbc1f46def631600a190a735889daa:H_bag,76f4636145188ee9874142798bcabceb1cfbc1f46def631600a190a735889daa,I3,49770eb00a1ada2d7157c3c88831a5f464d6f839c684a062fe7f8e26c669fbd5,29375,H_bag,ACTION_CHANGED_HORIZON_COMPLETE,true,,true,true,true,HARMFUL,4.200000000000728,[480],,,I3|BODY|NO_DIVERGENCE|LOW,1012,6,0.005928853754940711,168.66666666666669
048af86b2e9329f32b0848c8e6ee15aaa0eecff4d65c09a71cbf9ecdd3516daa:H_bag,048af86b2e9329f32b0848c8e6ee15aaa0eecff4d65c09a71cbf9ecdd3516daa,I4,d07d5a581ec9e404716a24e0c672a4f0df273550908c01b1ee744e2fda8ef24c,30230,H_bag,ACTION_CHANGED_HORIZON_COMPLETE,true,,true,true,true,HARMFUL,1.0,[488],,,I4|BODY|NO_DIVERGENCE|HIGH,471856,945,0.0020027296463327794,499.31851851851854
cb5cf01e596aacbc73f7b98e6e20e41ba7e42cd5aeb5773f40d174d5e09f00ad:H_system,cb5cf01e596aacbc73f7b98e6e20e41ba7e42cd5aeb5773f40d174d5e09f00ad,I3,68de2667593efe03e481ca19b7d2ed721853b3cae0bae3cf3779c5f3ffeb9cf6,32097,H_system,ACTION_CHANGED_HORIZON_COMPLETE,true,,true,true,true,HARMFUL,-2.0227277985895853e-05,[542],"[540,542,544,546,552,556,570]","[540,544,546,552,556,570]",I3|BODY|NO_DIVERGENCE|HIGH,170143,958,0.005630557824888476,177.60229645093946
89a33426887c5a42552865373541811367257e1ae745fc8ff83613e4be38eea6:H_bag,89a33426887c5a42552865373541811367257e1ae745fc8ff83613e4be38eea6,I3,2c84dd8a6eb3f5bcd0d9c63b0ab38ceec46c1fa19bedaed98d5f699c8881a51b,32575,H_bag,ACTION_CHANGED_HORIZON_COMPLETE,true,,true,true,true,HARMFUL,18.56500000000233,[560],,,I3|TAIL|NO_DIVERGENCE|HIGH,4196,58,0.013822688274547188,72.34482758620689
c73aa43be40164f0549799a98c804fb3daa24642e21ee61a5af30ea133a4c432:H_bag,c73aa43be40164f0549799a98c804fb3daa24642e21ee61a5af30ea133a4c432,I4,269fb3b48c9950c93f2eb4b4e82fc162072892f8bd55829dc8039b2a721a2db3,34210,H_bag,ACTION_CHANGED_HORIZON_COMPLETE,true,,true,true,true,NEUTRAL_WITHIN_TOLERANCE,0.0,[588],,,I4|TAIL|NO_DIVERGENCE|HIGH,13582,67,0.004932999558238846,202.71641791044775
7969a502a3c7094d723948d66cae1773945a83fcc88f463b7944441ac13aea82:H_bag,7969a502a3c7094d723948d66cae1773945a83fcc88f463b7944441ac13aea82,I4,5b890ccd1e1f1a2ce6c21a89520edc24b6d545fe8703d9e6dfe6040f30950923,37673,H_bag,ACTION_CHANGED_HORIZON_COMPLETE,true,,true,true,true,HARMFUL,1.0,[612],,,I4|BODY|NO_DIVERGENCE|HIGH,471856,945,0.0020027296463327794,499.31851851851854
23f20f5b22dfb93644b948690c87f47729a211e2fc1df3717e678a02ef59c05e:H_bag,23f20f5b22dfb93644b948690c87f47729a211e2fc1df3717e678a02ef59c05e,I4,9256ca61b944ee3b5f64c6472641cac41a35ec47684f1f40e24b4d85d098a456,38300,H_bag,ACTION_CHANGED_HORIZON_COMPLETE,true,,true,true,true,HARMFUL,1.0,[610],,,I4|BODY|NO_DIVERGENCE|HIGH,471856,945,0.0020027296463327794,499.31851851851854
3e3b8c47c38a643a4007d178eb1cb37fa4e95723b5ffe57ddc49a9d930fee74c:H_system,3e3b8c47c38a643a4007d178eb1cb37fa4e95723b5ffe57ddc49a9d930fee74c,I4,d7a16411ddfb5b73ca162fffdd5b4ad28505c6ba25f06218df2a1e45631eb53e,41492,H_system,ACTION_CHANGED_HORIZON_COMPLETE,true,,true,true,true,HARMFUL,6.470884983400538e-06,[686],[686],[],I4|BODY|NO_DIVERGENCE|HIGH,471856,945,0.0020027296463327794,499.31851851851854
a4b3883db6aad118537f8a31b231318b49934fec216eb90d0d6abfe6a77095ed:H_bag,a4b3883db6aad118537f8a31b231318b49934fec216eb90d0d6abfe6a77095ed,I4,33ced7f7e56ccbdb8dd97ca947a4d8a14910ef481754539264ad9a2003fd7d2f,44124,H_bag,ACTION_CHANGED_HORIZON_COMPLETE,true,,true,true,true,HARMFUL,1.0,[722],,,I4|BODY|NO_DIVERGENCE|HIGH,471856,945,0.0020027296463327794,499.31851851851854
2aa69acce4e09cd5aa30c8396b505a5dfa2d285b744a765e6b679fdc26207f2a:H_bag,2aa69acce4e09cd5aa30c8396b505a5dfa2d285b744a765e6b679fdc26207f2a,I4,b7db9405c32e3c1030e4def8165c68584f8583bb5e99c22fed0dc04172274311,46797,H_bag,ACTION_CHANGED_HORIZON_COMPLETE,true,,true,true,true,HARMFUL,0.5,[788],,,I4|BODY|NO_DIVERGENCE|HIGH,471856,945,0.0020027296463327794,499.31851851851854
0f2c00691c9ec3007022c19cc6bdd247f53f4b7bedf5a2a90a50239ad98d5bf9:H_bag,0f2c00691c9ec3007022c19cc6bdd247f53f4b7bedf5a2a90a50239ad98d5bf9,I3,454bf7ab35be8a1d8e5f60ed52459189f17ed81a9ef3cf94375e4ad6b0dfd9f9,52599,H_bag,ACTION_CHANGED_HORIZON_COMPLETE,true,,true,true,true,HARMFUL,25.599999999998545,[880],,,I3|BODY|NO_DIVERGENCE|HIGH,170143,958,0.005630557824888476,177.60229645093946
51470029790f38c0c9e4eafd56c8d47e93373fd9a63f3fbbb31d391bd3f40ff8:H_bag,51470029790f38c0c9e4eafd56c8d47e93373fd9a63f3fbbb31d391bd3f40ff8,I4,8dd0a267d1d86804593866f9fd4f6cca4fd162a6b31b14cb95f5428bd9535597,54751,H_bag,ACTION_CHANGED_HORIZON_COMPLETE,true,,true,true,true,HARMFUL,1.0,[908],,,I4|BODY|NO_DIVERGENCE|LOW,3155,7,0.0022187004754358162,450.7142857142857
43b320b001b239e4d19db500eecf08c5dacd79aa1f94e76658c21d96d6802b1e:H_system,43b320b001b239e4d19db500eecf08c5dacd79aa1f94e76658c21d96d6802b1e,I3,66c25191be07a5057ffbbb30e97f93ef2ba27656c1f0c292539743a8b6d0ba80,57550,H_system,ACTION_CHANGED_HORIZON_COMPLETE,true,,true,true,true,HARMFUL,0.001733825654184784,[962],[962],[],I3|BODY|NO_DIVERGENCE|LOW,1012,6,0.005928853754940711,168.66666666666669
99a53d99cb1389a12ef2dff455caae65b348055ab143c3f93c991fb61f7f5a8d:H_bag,99a53d99cb1389a12ef2dff455caae65b348055ab143c3f93c991fb61f7f5a8d,I3,18d29d569901f0df0cc7b277d0d472924e561fb5d8ac997c5ae62327627c33dc,63304,H_bag,ACTION_CHANGED_HORIZON_COMPLETE,true,,true,true,true,HARMFUL,32.99999999999636,[1062],,,I3|BODY|NO_DIVERGENCE|HIGH,170143,958,0.005630557824888476,177.60229645093946
bd0a8aa8a602ff6a9d98da438590aa775e2efb11cc87646c9ece213d88efa31c:H_bag,bd0a8aa8a602ff6a9d98da438590aa775e2efb11cc87646c9ece213d88efa31c,I4,6e245508dc9717c767484d9d2628b046b431eda64fdd562ad4a6765fdb7bba47,65289,H_bag,ACTION_CHANGED_HORIZON_COMPLETE,true,,true,true,true,HARMFUL,1.0,[1060],,,I4|BODY|NO_DIVERGENCE|HIGH,471856,945,0.0020027296463327794,499.31851851851854
6815819bb0795aed04faffb836b040c9b5b76f347e5e8ba7fcc7672a6de69423:H_bag,6815819bb0795aed04faffb836b040c9b5b76f347e5e8ba7fcc7672a6de69423,I4,c9ef05654f22b9133faa453151928a636d615cdef34cfbf2683e249ed4ddbaa2,68681,H_bag,ACTION_CHANGED_HORIZON_COMPLETE,true,,true,true,true,HARMFUL,6.950619999999617,[1122],,,I4|BODY|NO_DIVERGENCE|HIGH,471856,945,0.0020027296463327794,499.31851851851854
ce04ec542f45b1cc275db7fb74c3063b6d0a63c7f9fecf55fdc3a53f514c3a8f:H_bag,ce04ec542f45b1cc275db7fb74c3063b6d0a63c7f9fecf55fdc3a53f514c3a8f,I4,6bbe6db252143832a9b97f47fa8a854efc85d1290903a04c78dc0a3c93bba444,69007,H_bag,ACTION_CHANGED_HORIZON_COMPLETE,true,,true,true,true,NEUTRAL_WITHIN_TOLERANCE,0.0,[1126],,,I4|BODY|NO_DIVERGENCE|HIGH,471856,945,0.0020027296463327794,499.31851851851854
c0b200639c055b5170018a8cd22870bef5b1ca1f73473e8e7f6c5ee608f7bf8f:H_bag,c0b200639c055b5170018a8cd22870bef5b1ca1f73473e8e7f6c5ee608f7bf8f,I4,f85ff9b44c3fd54aed62ddfaba1770b170d3cd15a73b2e97e211819072d47c36,78361,H_bag,ACTION_CHANGED_HORIZON_COMPLETE,true,,true,true,true,HARMFUL,0.5164799999984098,[1316],,,I4|BODY|NO_DIVERGENCE|HIGH,471856,945,0.0020027296463327794,499.31851851851854
e5c18d7208cb622e6550285f44342e90835eddcf6092389eb2ab51567c471c35:H_bag,e5c18d7208cb622e6550285f44342e90835eddcf6092389eb2ab51567c471c35,I4,024cb71c43d08de94d031bc43d4545b462a13650cfaf555303375b04f69ca758,78852,H_bag,ACTION_CHANGED_HORIZON_COMPLETE,true,,true,true,true,NEUTRAL_WITHIN_TOLERANCE,0.0,[1332],,,I4|BODY|NO_DIVERGENCE|HIGH,471856,945,0.0020027296463327794,499.31851851851854
4d3e14d22a9b12e3380f6ebb2ed84f0ee66dfd5a4f410692a3e46a617a16c28c:H_bag,4d3e14d22a9b12e3380f6ebb2ed84f0ee66dfd5a4f410692a3e46a617a16c28c,I4,097644da17ea7f17e3588f9194ba66de254a978560cced32c4f4dde1edcb997d,84401,H_bag,ACTION_CHANGED_HORIZON_COMPLETE,true,,true,true,true,NEUTRAL_WITHIN_TOLERANCE,0.0,[1358],,,I4|BODY|NO_DIVERGENCE|HIGH,471856,945,0.0020027296463327794,499.31851851851854
67b92194800617e12f40ee3f08b73acf8de60b2dbe92161e51fada74c2bbcce4:H_bag,67b92194800617e12f40ee3f08b73acf8de60b2dbe92161e51fada74c2bbcce4,I3,751816813da735a4c1373a40391efe33afff37157003c0b8403dfe5610e8dade,84662,H_bag,ACTION_CHANGED_HORIZON_COMPLETE,true,,true,true,true,HARMFUL,32.99999999999636,[1390],,,I3|BODY|NO_DIVERGENCE|HIGH,170143,958,0.005630557824888476,177.60229645093946
ebcf9adfe57a242a3843849d2d20fbb8e557ff98e4e3e5c806706045cad72063:H_system,ebcf9adfe57a242a3843849d2d20fbb8e557ff98e4e3e5c806706045cad72063,I4,c8ae1602015a93f882ae278f7c7ed79809efd1128ae4e9a72627867e1de66c2f,84719,H_system,ACTION_CHANGED_HORIZON_COMPLETE,true,,true,true,true,NEUTRAL_WITHIN_TOLERANCE,0.0,[1300],[1300],[],I4|BODY|NO_DIVERGENCE|HIGH,471856,945,0.0020027296463327794,499.31851851851854
c91f6f7d460246416a64a914d50623fea158a10b1f2901392fee10c246884c29:H_bag,c91f6f7d460246416a64a914d50623fea158a10b1f2901392fee10c246884c29,I4,c233c46f54d83be62425c7b9da11f054c34f99350b557cc0c25fa0fc823ca66a,93369,H_bag,ACTION_CHANGED_HORIZON_COMPLETE,true,,true,true,true,NEUTRAL_WITHIN_TOLERANCE,0.0,[1514],,,I4|BODY|NO_DIVERGENCE|HIGH,471856,945,0.0020027296463327794,499.31851851851854
ea36333d83e281f7c4501f03ad50d683977b692f2dda927c2c241938819d4abb:H_bag,ea36333d83e281f7c4501f03ad50d683977b692f2dda927c2c241938819d4abb,I3,b56cf7475a85986c7df870e2b39802ba818ea00894215d7a4083da399b13592a,93892,H_bag,ACTION_CHANGED_HORIZON_COMPLETE,true,,true,true,true,HARMFUL,75.5999999999949,[1510],,,I3|BODY|NO_DIVERGENCE|HIGH,170143,958,0.005630557824888476,177.60229645093946
6a85b8663de15227119db3f585cc7a0a1089c40f9d99e4e34adf4c2331dbace7:H_bag,6a85b8663de15227119db3f585cc7a0a1089c40f9d99e4e34adf4c2331dbace7,I3,838dad54fe96ac24800015a23a08f0c06cbe430e51fdf1266e2794104c2d0f76,102761,H_bag,ACTION_CHANGED_HORIZON_COMPLETE,true,,true,true,true,HARMFUL,22.0,[1679],,,I3|TAIL|NO_DIVERGENCE|HIGH,4196,58,0.013822688274547188,72.34482758620689
e144f8bc5e5d0c8d7c011dc2839e5c8dfee2cb006f78cad1033405df8a7e5475:H_bag,e144f8bc5e5d0c8d7c011dc2839e5c8dfee2cb006f78cad1033405df8a7e5475,I3,b50eed50ae839ff645a42ba4cad213528a1102d8dfe898220c63655c029f8daf,103418,H_bag,ACTION_CHANGED_HORIZON_COMPLETE,true,,true,true,true,HARMFUL,30.82835999999952,[1708],,,I3|BODY|NO_DIVERGENCE|HIGH,170143,958,0.005630557824888476,177.60229645093946
b875f488eb156339bdf5a4398f67a98e706a4df4a70ab534a45c3e0cb6c7f9f2:H_bag,b875f488eb156339bdf5a4398f67a98e706a4df4a70ab534a45c3e0cb6c7f9f2,I4,a5afbd39257115998d9acabdb771ba4e651d40458ec5658bdbbfd69e5cf39db8,105728,H_bag,ACTION_CHANGED_HORIZON_COMPLETE,true,,true,true,true,HARMFUL,0.1790099999998347,[1708],,,I4|BODY|NO_DIVERGENCE|HIGH,471856,945,0.0020027296463327794,499.31851851851854
0bb4f8df494a899da9691c2072dd4cf91ee0924fac52aec292b1b51211e68a06:H_system,0bb4f8df494a899da9691c2072dd4cf91ee0924fac52aec292b1b51211e68a06,I3,942da33040c32594a475ae23da7c6d2a40b3d14da3709790437d9e1087ac10e7,106486,H_system,ACTION_CHANGED_HORIZON_COMPLETE,true,,true,true,true,HARMFUL,-0.0028032935807686954,[1772],"[1701,1714,1718,1729,1731,1737,1741,1754,1756,1760,1770,1772,1774,1778,1784,1790,1792,1800,1806,1816,1820,1822,1830,1842,1855,1860,1865,1873,1878,1882,1910,1965]","[1701,1714,1718,1729,1731,1737,1741,1754,1756,1760,1770,1774,1778,1784,1790,1792,1800,1806,1816,1820,1822,1830,1842,1855,1860,1865,1873,1878,1882,1910,1965]",I3|BODY|NO_DIVERGENCE|HIGH,170143,958,0.005630557824888476,177.60229645093946
a40cd4b2777efac675c3ae5e9eddf062fdda14f146b3f1bf7aa15ea62bf773c1:H_bag,a40cd4b2777efac675c3ae5e9eddf062fdda14f146b3f1bf7aa15ea62bf773c1,I3,82ef4879556378d94ad5b2376f6b90c88fb4c9d7bc050d1e3f2f8cba5fab692b,110872,H_bag,ACTION_CHANGED_HORIZON_COMPLETE,true,,true,true,true,HARMFUL,93.52232999999615,[1766],,,I3|BODY|NO_DIVERGENCE|HIGH,170143,958,0.005630557824888476,177.60229645093946
126133b168e831812e37966215e1b39a4e4251528acbc5486d65ebdc5c6b82e2:H_bag,126133b168e831812e37966215e1b39a4e4251528acbc5486d65ebdc5c6b82e2,I4,39ab10df368afb2bbaeccbe588ec1521bfdf82d96f266713bf7ebdeacbe87aa2,110951,H_bag,ACTION_CHANGED_HORIZON_COMPLETE,true,,true,true,true,HARMFUL,0.0010000000002037268,[1834],,,I4|BODY|NO_DIVERGENCE|HIGH,471856,945,0.0020027296463327794,499.31851851851854
167f5e573ac688719ece58a0f6098e6297fd9bb4e148c8d3c85aad754ea75ad6:H_system,167f5e573ac688719ece58a0f6098e6297fd9bb4e148c8d3c85aad754ea75ad6,I4,5524d8064582048bd5f17e1fb6db4bb40d18b1793ae51f787ab9d5431cbdbb0a,113690,H_system,ACTION_CHANGED_HORIZON_COMPLETE,true,,true,true,true,NEUTRAL_WITHIN_TOLERANCE,0.0,[1859],[1859],[],I4|BODY|DIVERGENCE|HIGH,30514,61,0.0019990823884118766,500.2295081967213
ff1f550941accf40881ceeb0f765ab9027861b93fab34eaa9bda49158e9ea436:H_bag,ff1f550941accf40881ceeb0f765ab9027861b93fab34eaa9bda49158e9ea436,I4,d63edab4239a22534b401f58199ba62f5b37d612b80e6bc487067786e4432d08,114245,H_bag,ACTION_CHANGED_HORIZON_COMPLETE,true,,true,true,true,HARMFUL,0.30777000000307453,[1857],,,I4|BODY|NO_DIVERGENCE|HIGH,471856,945,0.0020027296463327794,499.31851851851854
0e73882bd1470c4f6a23ae89720c10eac1b27e026d005c33bf55133d2c5a1a86:H_bag,0e73882bd1470c4f6a23ae89720c10eac1b27e026d005c33bf55133d2c5a1a86,I4,63eb8765c4a15349e907b9e93360145a769776d0c193abd9c042c081488648fe,117782,H_bag,ACTION_CHANGED_HORIZON_COMPLETE,true,,true,true,true,HARMFUL,0.0010000000002037268,[1918],,,I4|BODY|NO_DIVERGENCE|HIGH,471856,945,0.0020027296463327794,499.31851851851854
f7a85c8cb1cc5952c04dda5a5594075b10fa57c3733b4d7eb97a154ff28dd259:H_bag,f7a85c8cb1cc5952c04dda5a5594075b10fa57c3733b4d7eb97a154ff28dd259,I4,d6e0580cb42a25f7a55b00a46d3d33e943bf2c189f07c8b64b0c75f6560f4a1d,119844,H_bag,ACTION_CHANGED_HORIZON_COMPLETE,true,,true,true,true,NEUTRAL_WITHIN_TOLERANCE,0.0,[1891],,,I4|BODY|NO_DIVERGENCE|HIGH,471856,945,0.0020027296463327794,499.31851851851854
9f90d722d1355883f34b8f605bf154fa31cc048290d5eebe40e6bbcc7443f7ea:H_bag,9f90d722d1355883f34b8f605bf154fa31cc048290d5eebe40e6bbcc7443f7ea,I4,b6fb7f2ff5ac433c7e975ae84ff013447941b90d378598b81f5f88e15e14e693,127204,H_bag,ACTION_CHANGED_HORIZON_COMPLETE,true,,true,true,true,HARMFUL,1.0,[1979],,,I4|BODY|NO_DIVERGENCE|HIGH,471856,945,0.0020027296463327794,499.31851851851854
45f9a9490caf7128dc4b3fb99da075b4c4c99f644a8eda5a56ea6a2fc96add2e:H_system,45f9a9490caf7128dc4b3fb99da075b4c4c99f644a8eda5a56ea6a2fc96add2e,I3,4edea2d6a070c88a33d07e462e9c10c489de2b22bd175d5a7074b92e8aaff436,128109,H_system,ACTION_CHANGED_HORIZON_COMPLETE,true,,true,true,true,HARMFUL,0.0005584478132050208,[2022],[2022],[],I3|BODY|NO_DIVERGENCE|HIGH,170143,958,0.005630557824888476,177.60229645093946
756c5d43064a3c9591fa7757035ef6511935192c213bb756521b283e0d000b50:H_bag,756c5d43064a3c9591fa7757035ef6511935192c213bb756521b283e0d000b50,I3,1e4600540e842f0c8673acfb7344fd0ae72893cb383c94de973162009ffb8a34,130721,H_bag,ACTION_CHANGED_HORIZON_COMPLETE,true,,true,true,true,HARMFUL,21.350000000002183,[2053],,,I3|BODY|NO_DIVERGENCE|HIGH,170143,958,0.005630557824888476,177.60229645093946
a322cd11148aab93e0457ba1de28ec68d61d9cced74f2c24b120002d13bb9fe9:H_bag,a322cd11148aab93e0457ba1de28ec68d61d9cced74f2c24b120002d13bb9fe9,I4,8288a498b807065f0953d54d7ca9a661fd303099aaec3998f972bb4c87853a74,130964,H_bag,ACTION_CHANGED_HORIZON_COMPLETE,true,,true,true,true,HARMFUL,3.0,[2047],,,I4|BODY|NO_DIVERGENCE|HIGH,471856,945,0.0020027296463327794,499.31851851851854
3b2c9b8e66e468b740cf9a3e076d381be0e58b63a76e0440e26716c7dced5fbc:H_bag,3b2c9b8e66e468b740cf9a3e076d381be0e58b63a76e0440e26716c7dced5fbc,I3,d9cc1ca3f94ae811db398295c65d59bc10d9c1142109727e23e290e40608d59a,132166,H_bag,ACTION_CHANGED_HORIZON_COMPLETE,true,,true,true,true,HARMFUL,75.5999999999949,[2031],,,I3|BODY|NO_DIVERGENCE|HIGH,170143,958,0.005630557824888476,177.60229645093946
a7e2bf734600bee1cad4c59ba8257e769b7ffe542a319ac774cc4b7e30cce829:H_bag,a7e2bf734600bee1cad4c59ba8257e769b7ffe542a319ac774cc4b7e30cce829,I4,11b2b0eb996a2e04d5d79bf7f15bfd8436d2e05d3d10a6df7be5af7d9ff5eeac,136799,H_bag,ACTION_CHANGED_HORIZON_COMPLETE,true,,true,true,true,HARMFUL,1.0,[2121],,,I4|BODY|NO_DIVERGENCE|HIGH,471856,945,0.0020027296463327794,499.31851851851854
84d66e7d5d652b195296bf21a83afe949e270ab1ec1f170ce8fa23d7a6322410:H_bag,84d66e7d5d652b195296bf21a83afe949e270ab1ec1f170ce8fa23d7a6322410,I4,b53d833a53f01c8086009fb06ddf984de86dab65d41000607ee46e7197057d04,142766,H_bag,ACTION_CHANGED_HORIZON_COMPLETE,true,,true,true,true,NEUTRAL_WITHIN_TOLERANCE,0.0,[2210],,,I4|BODY|NO_DIVERGENCE|HIGH,471856,945,0.0020027296463327794,499.31851851851854
145ef90942a27b8c024de2123efed9d1e957b187f90a792ed3e5f626b2b8f1eb:H_system,145ef90942a27b8c024de2123efed9d1e957b187f90a792ed3e5f626b2b8f1eb,I3,cdd80748c4d1a7653832624a1c08cd950ee2c41936dc229f5b0978fa4c8d249c,143444,H_system,ACTION_CHANGED_HORIZON_COMPLETE,true,,true,true,true,BENEFICIAL,-0.004060903148882744,[2277],"[2204,2210,2218,2222,2228,2233,2235,2238,2244,2247,2252,2259,2263,2267,2269,2271,2273,2277,2279,2285,2289,2293,2295,2299,2301,2303,2305,2313,2317,2325,2334,2377,2386,2432,2467,2478]","[2204,2210,2218,2222,2228,2233,2235,2238,2244,2247,2252,2259,2263,2267,2269,2271,2273,2279,2285,2289,2293,2295,2299,2301,2303,2305,2313,2317,2325,2334,2377,2386,2432,2467,2478]",I3|TAIL|NO_DIVERGENCE|HIGH,4196,58,0.013822688274547188,72.34482758620689
77fdbe36b8869edb298a8c7b95cd26c0afefd317cde6bc9636312feb19d5c8e6:H_bag,77fdbe36b8869edb298a8c7b95cd26c0afefd317cde6bc9636312feb19d5c8e6,I4,1641a3e83ce19ea9c36868191c707f6807fa9f15a59ce3e2c327f60caf1e9894,146426,H_bag,ACTION_CHANGED_HORIZON_COMPLETE,true,,true,true,true,NEUTRAL_WITHIN_TOLERANCE,0.0,[2317],,,I4|TAIL|NO_DIVERGENCE|HIGH,13582,67,0.004932999558238846,202.71641791044775
e6d72b3eae41e8cff5a3e5805d74966e868b8b7969868493060c3ba80800b289:H_bag,e6d72b3eae41e8cff5a3e5805d74966e868b8b7969868493060c3ba80800b289,I4,9d5826d09565475c21c91c3c712ee021d627dcaaf0aee52127652b981f6f9624,147919,H_bag,ACTION_CHANGED_HORIZON_COMPLETE,true,,true,true,true,HARMFUL,1.212919999998121,[2330],,,I4|BODY|NO_DIVERGENCE|HIGH,471856,945,0.0020027296463327794,499.31851851851854
07f588da51ff707ebe5fb9505442453f88a8f21d29970d9921c0282187e6dbcd:H_bag,07f588da51ff707ebe5fb9505442453f88a8f21d29970d9921c0282187e6dbcd,I4,665b6360475a2fd408ab9b260193ec1202f9b8b17d426b75e86c193e6a024807,150135,H_bag,ACTION_CHANGED_HORIZON_COMPLETE,true,,true,true,true,NEUTRAL_WITHIN_TOLERANCE,0.0,[2338],,,I4|BODY|NO_DIVERGENCE|HIGH,471856,945,0.0020027296463327794,499.31851851851854
582e062e1f943b962a004a5da79325939e94c0f737cdbd322e1e0dc6324e5c3d:H_bag,582e062e1f943b962a004a5da79325939e94c0f737cdbd322e1e0dc6324e5c3d,I4,41e5900416ebd1323e7284d293fb8d5df587ee4fbbef2764bb514fdb87a1007d,152127,H_bag,ACTION_CHANGED_HORIZON_COMPLETE,true,,true,true,true,NEUTRAL_WITHIN_TOLERANCE,0.0,[2383],,,I4|BODY|NO_DIVERGENCE|HIGH,471856,945,0.0020027296463327794,499.31851851851854
5253792ed54d8bf292d5d2a912019bda3daece9d50063c468d0bbfd0420d5dd7:H_bag,5253792ed54d8bf292d5d2a912019bda3daece9d50063c468d0bbfd0420d5dd7,I4,9a97f2a41d45b36db2aac9df209e0e6f96b840701c93a5ba5e36faa6d2a5e6c9,152442,H_bag,ACTION_CHANGED_HORIZON_COMPLETE,true,,true,true,true,HARMFUL,0.5745099999985541,[2351],,,I4|BODY|NO_DIVERGENCE|HIGH,471856,945,0.0020027296463327794,499.31851851851854
db69ef69bf6f12b50c35fbc5cd3bc5fbb2dfc3cb47f089bc96fb191766188e4a:H_bag,db69ef69bf6f12b50c35fbc5cd3bc5fbb2dfc3cb47f089bc96fb191766188e4a,I3,007aafe7ad05f6b254a32f855b6d933f803db8d4814e24ec10b180727d7127ca,153039,H_bag,ACTION_CHANGED_HORIZON_COMPLETE,true,,true,true,true,HARMFUL,32.99999999999636,[2379],,,I3|BODY|NO_DIVERGENCE|HIGH,170143,958,0.005630557824888476,177.60229645093946
8f911a11b88ade0a690727c04874843df26a4dc9d802b715d2c26deef414241f:H_system,8f911a11b88ade0a690727c04874843df26a4dc9d802b715d2c26deef414241f,I4,b3ac066cf5ac98a014bec6ee8c2249c2f19c2fc4d285b21762865376f08b2fe6,155254,H_system,ACTION_CHANGED_HORIZON_COMPLETE,true,,true,true,true,NEUTRAL_WITHIN_TOLERANCE,0.0,[2417],[2417],[],I4|BODY|NO_DIVERGENCE|HIGH,471856,945,0.0020027296463327794,499.31851851851854
e37eda4da70e4844e6d53a968246564f1f8add3a4cf341f9e479eb69eb7fdfd1:H_bag,e37eda4da70e4844e6d53a968246564f1f8add3a4cf341f9e479eb69eb7fdfd1,I4,5892db1b32187e973a12e4cd9498a836c9b58044ef987928e38a630576857d1f,156765,H_bag,ACTION_CHANGED_HORIZON_COMPLETE,true,,true,true,true,NEUTRAL_WITHIN_TOLERANCE,0.0,[2448],,,I4|BODY|NO_DIVERGENCE|HIGH,471856,945,0.0020027296463327794,499.31851851851854
78f4013b2d4444b5b76a32ce9b8a72f5035dc365e0135398420c9d35c6733bc6:H_bag,78f4013b2d4444b5b76a32ce9b8a72f5035dc365e0135398420c9d35c6733bc6,I4,3ab3c386f09d3aba21a021b7805738683858c48413906c89a7440c30727c0e8c,157815,H_bag,ACTION_CHANGED_HORIZON_COMPLETE,true,,true,true,true,HARMFUL,0.48346000000310596,[2446],,,I4|BODY|NO_DIVERGENCE|HIGH,471856,945,0.0020027296463327794,499.31851851851854
79381bd5a2a968d8825623564860b657daf22b0762718bc04a7c59fb80c2e33a:H_system,79381bd5a2a968d8825623564860b657daf22b0762718bc04a7c59fb80c2e33a,I4,9a73663416c21645b7e70a90955aa139e8483213b62e321960c53af5aeee7d3d,158035,H_system,ACTION_CHANGED_HORIZON_COMPLETE,true,,true,true,true,NEUTRAL_WITHIN_TOLERANCE,0.0,[2457],"[2415,2457]",[2415],I4|BODY|NO_DIVERGENCE|HIGH,471856,945,0.0020027296463327794,499.31851851851854
153a43a804acfd9d27b15860e40f4d6c4636e759f9d88c8a0f0231da1d9c6f2e:H_bag,153a43a804acfd9d27b15860e40f4d6c4636e759f9d88c8a0f0231da1d9c6f2e,I3,30373b652d2858e10e7b8497815941f75795b4759a3a6a1c20d8089851086140,159331,H_bag,ACTION_CHANGED_HORIZON_COMPLETE,true,,true,true,true,HARMFUL,4.653059999996913,[2472],,,I3|BODY|NO_DIVERGENCE|HIGH,170143,958,0.005630557824888476,177.60229645093946
b03c654dcd74d9e942c615dfebb8683afbecade1f7ba6b3964fe05f7db12de57:H_bag,b03c654dcd74d9e942c615dfebb8683afbecade1f7ba6b3964fe05f7db12de57,I4,c778c59d48312b21fa81f8510366891171486f501f7ade8e91196efc6bff862d,162137,H_bag,ACTION_CHANGED_HORIZON_COMPLETE,true,,true,true,true,NEUTRAL_WITHIN_TOLERANCE,0.0,[2334],,,I4|BODY|NO_DIVERGENCE|HIGH,471856,945,0.0020027296463327794,499.31851851851854
655319505368723404863cae0a714edb877e9aecbc6dd0b90139764c54813296:H_bag,655319505368723404863cae0a714edb877e9aecbc6dd0b90139764c54813296,I4,c8ccb42d55fbb097d5854ba736ff823e7088c71ca42405d0e506b76a0db23fd2,162580,H_bag,ACTION_CHANGED_HORIZON_COMPLETE,true,,true,true,true,NEUTRAL_WITHIN_TOLERANCE,0.0,[2377],,,I4|BODY|NO_DIVERGENCE|HIGH,471856,945,0.0020027296463327794,499.31851851851854
a03aa8ef33c2dafb80c82334fa1a38709ea56277075c518f1dcbeec9d516b925:H_bag,a03aa8ef33c2dafb80c82334fa1a38709ea56277075c518f1dcbeec9d516b925,I3,9f25426401c67c9e3e0ebd4c99e513ea118159fcc89e8f46f31a94959c29d6dc,163390,H_bag,ACTION_CHANGED_HORIZON_COMPLETE,true,,true,true,true,HARMFUL,7.299999999995634,[2497],,,I3|BODY|DIVERGENCE|HIGH,10032,56,0.005582137161084529,179.14285714285714
62dc7fccecd7a7b89c729f1819f044493a483fddbc74b5f6ded2e0daa702a316:H_bag,62dc7fccecd7a7b89c729f1819f044493a483fddbc74b5f6ded2e0daa702a316,I4,4a274279f22ba00bf1a8e4360669ac2e92ad158ad260aea99f25028f90366b4d,163887,H_bag,ACTION_CHANGED_HORIZON_COMPLETE,true,,true,true,true,HARMFUL,0.43888000000151806,[2516],,,I4|BODY|NO_DIVERGENCE|HIGH,471856,945,0.0020027296463327794,499.31851851851854
38ec715d2882dc38e52e10fdc5fdb81c8c12b8c188b4b527706c7e8b77961574:H_bag,38ec715d2882dc38e52e10fdc5fdb81c8c12b8c188b4b527706c7e8b77961574,I3,8bad77f1d942ff757ad9d4f175c596844122bcdb01f253fe3d3955d229666095,170908,H_bag,ACTION_CHANGED_HORIZON_COMPLETE,true,,true,true,true,HARMFUL,6.799999999995634,[2571],,,I3|BODY|NO_DIVERGENCE|HIGH,170143,958,0.005630557824888476,177.60229645093946
9d5d9210f3d872273c07ae8ea6e395d034e92504cf125be8076f3f19017275ed:H_system,9d5d9210f3d872273c07ae8ea6e395d034e92504cf125be8076f3f19017275ed,I3,ba93a6b6327bbca22d02dcfc716cbbd50de6523e58ee787c068105862f22d4ff,172668,H_system,ACTION_CHANGED_HORIZON_COMPLETE,true,,true,true,true,HARMFUL,0.0011845515216464264,[2547],[2547],[],I3|BODY|NO_DIVERGENCE|HIGH,170143,958,0.005630557824888476,177.60229645093946
b9992c86b977611b9f91d666a5d984d4441afe887ebb1a9725a2bd147b99f462:H_bag,b9992c86b977611b9f91d666a5d984d4441afe887ebb1a9725a2bd147b99f462,I3,1bb116096625d7909339beb76619cc7d0e843b222bc3130a1a43d8c611dacbeb,175239,H_bag,ACTION_CHANGED_HORIZON_COMPLETE,true,,true,true,true,HARMFUL,88.11495999999534,[2604],,,I3|BODY|NO_DIVERGENCE|HIGH,170143,958,0.005630557824888476,177.60229645093946
aaf8508640ea7fa7dff35d5407dca5d4f7991d1999dda94dd6ebf3c95bdf9e0e:H_bag,aaf8508640ea7fa7dff35d5407dca5d4f7991d1999dda94dd6ebf3c95bdf9e0e,I4,10e9c8c5163d6da6bf26b9404c55bff5ffcf23f68d9f04be1eabb681da065249,177499,H_bag,ACTION_CHANGED_HORIZON_COMPLETE,true,,true,true,true,HARMFUL,0.0010000000002037268,[2674],,,I4|BODY|NO_DIVERGENCE|HIGH,471856,945,0.0020027296463327794,499.31851851851854
634f69830185d23cea5a4fadcdde60fb44a553e34bfd4a27fff796e39f4f6f7d:H_bag,634f69830185d23cea5a4fadcdde60fb44a553e34bfd4a27fff796e39f4f6f7d,I3,7d996f27476d5f83fd4371fc52bba4746cb821833a18e74d0343a29d9d3a36de,187181,H_bag,ACTION_CHANGED_HORIZON_COMPLETE,true,,true,true,true,BENEFICIAL,-131.10568999999305,[2842],,,I3|TAIL|NO_DIVERGENCE|HIGH,4196,58,0.013822688274547188,72.34482758620689
3abc025669761206a9ee40d55d6256c66ebecb29a620b1f127824e69f267937e:H_system,3abc025669761206a9ee40d55d6256c66ebecb29a620b1f127824e69f267937e,I3,bb9b1f20aa781c5a9f1a71ecc739c995591af0639eaa40388745a8c024e0713c,191633,H_system,ACTION_CHANGED_HORIZON_COMPLETE,true,,true,true,true,HARMFUL,-0.002322393642685938,[2923],"[2827,2842,2847,2858,2860,2865,2871,2883,2886,2890,2897,2902,2904,2916,2921,2923,2925,2927,2929,2942,2958,2964,2978,2982,2997,3016,3024,3044,3052,3067,3073,3104,3108]","[2827,2842,2847,2858,2860,2865,2871,2883,2886,2890,2897,2902,2904,2916,2921,2925,2927,2929,2942,2958,2964,2978,2982,2997,3016,3024,3044,3052,3067,3073,3104,3108]",I3|BODY|NO_DIVERGENCE|HIGH,170143,958,0.005630557824888476,177.60229645093946
47ae5f85711342f681bbb496651428bbaeb8f063a3ebd1ea10525c545df87cae:H_bag,47ae5f85711342f681bbb496651428bbaeb8f063a3ebd1ea10525c545df87cae,I4,15816ee0b9a45f9d224b22a80be7b810b7739d197009062c233f6c7b2ae1a487,199198,H_bag,ACTION_CHANGED_HORIZON_COMPLETE,true,,true,true,true,BENEFICIAL,-6.519179999999324,[2865],,,I4|BODY|NO_DIVERGENCE|HIGH,471856,945,0.0020027296463327794,499.31851851851854
39b1568d410d3e553e6ca775e65fb89e1ff48f84a3809b20e7ffc0a12a467bfc:H_bag,39b1568d410d3e553e6ca775e65fb89e1ff48f84a3809b20e7ffc0a12a467bfc,I4,b9e5dd8aaa838594c78e47b9a96e0614299dc634e048e82ef43ae500ab9e82d0,200048,H_bag,ACTION_CHANGED_HORIZON_COMPLETE,true,,true,true,true,HARMFUL,0.346110000002227,[3007],,,I4|BODY|NO_DIVERGENCE|HIGH,471856,945,0.0020027296463327794,499.31851851851854
41895b558d683bda55b85bce59aa11e99d0d54007afca4c9bcb3277fa8059bfc:H_bag,41895b558d683bda55b85bce59aa11e99d0d54007afca4c9bcb3277fa8059bfc,I4,d33b0abe4c0889bd1b68abec3284b08b451b179c24a6043d921945f37910e450,201345,H_bag,ACTION_CHANGED_HORIZON_COMPLETE,true,,true,true,true,HARMFUL,1.0,[3007],,,I4|BODY|NO_DIVERGENCE|HIGH,471856,945,0.0020027296463327794,499.31851851851854
145f58905aa6f996c96d9e0f181e32da29d4f9f2f470757da0b54e958bb7637b:H_bag,145f58905aa6f996c96d9e0f181e32da29d4f9f2f470757da0b54e958bb7637b,I4,5a169be5827ec586a3744b5d209780148233f8045e387fbf3c3e9c6e6071ff13,202313,H_bag,ACTION_CHANGED_HORIZON_COMPLETE,true,,true,true,true,HARMFUL,0.23777999999947497,[3002],,,I4|BODY|NO_DIVERGENCE|HIGH,471856,945,0.0020027296463327794,499.31851851851854
f1660f999dc4a6a33f3cf90804cbdc198155eaca3356fe7956ba235964c881fb:H_bag,f1660f999dc4a6a33f3cf90804cbdc198155eaca3356fe7956ba235964c881fb,I4,43231c910d6ca7fc8a33344d7805a7c714ba7c2dac1307fd932c97a7801e150a,203189,H_bag,ACTION_CHANGED_HORIZON_COMPLETE,true,,true,true,true,HARMFUL,1.0,[3021],,,I4|BODY|DIVERGENCE|HIGH,30514,61,0.0019990823884118766,500.2295081967213
e97720a4ff0fe441436dc80c4c743a2a3a4a2c99004ec451e231dbd430a0a3e7:H_bag,e97720a4ff0fe441436dc80c4c743a2a3a4a2c99004ec451e231dbd430a0a3e7,I4,5158efe718f2be82f91a8e5013eeec894d9bec1d7a74faeabb5d9bb6468e69c0,205884,H_bag,ACTION_CHANGED_HORIZON_COMPLETE,true,,true,true,true,HARMFUL,0.250000000003638,[2886],,,I4|TAIL|NO_DIVERGENCE|HIGH,13582,67,0.004932999558238846,202.71641791044775
e9f4031c681a5e08df350e0729c5c5d2671a7166e3ebac4a3be204ba6197886b:H_bag,e9f4031c681a5e08df350e0729c5c5d2671a7166e3ebac4a3be204ba6197886b,I3,5a2039318833054b2bb74d55debfcccb503f9958c7c41a9c5e72b1c765b79563,206914,H_bag,ACTION_CHANGED_HORIZON_COMPLETE,true,,true,true,true,HARMFUL,79.3499999999949,[2886],,,I3|TAIL|NO_DIVERGENCE|HIGH,4196,58,0.013822688274547188,72.34482758620689
ea00e0e623967aa6a708007ac55285c06841743a5df4e20004828c1abee624ad:H_bag,ea00e0e623967aa6a708007ac55285c06841743a5df4e20004828c1abee624ad,I3,5b19bda7a32932ca1457db51dc2fe5d33dd81c3783369fe05d3aebf63ee29007,209867,H_bag,ACTION_CHANGED_HORIZON_COMPLETE,true,,true,true,true,HARMFUL,1.168359999996028,[3138],,,I3|BODY|NO_DIVERGENCE|HIGH,170143,958,0.005630557824888476,177.60229645093946
137d0e67ba8012ca6932d7b428fc47f0a23421b62832727241edc39dc0b0cb83:H_bag,137d0e67ba8012ca6932d7b428fc47f0a23421b62832727241edc39dc0b0cb83,I4,2412987fa0ef86cacff4377cbc910384fa57cfd13f41003b3af16289c2e95903,210010,H_bag,ACTION_CHANGED_HORIZON_COMPLETE,true,,true,true,true,HARMFUL,0.25,[3138],,,I4|BODY|NO_DIVERGENCE|HIGH,471856,945,0.0020027296463327794,499.31851851851854
c3379d71f07a107aefe1c44240e51cd5b498692ec2e06d35e59a7a9a774db48b:H_bag,c3379d71f07a107aefe1c44240e51cd5b498692ec2e06d35e59a7a9a774db48b,I4,55af39bdd7cef9951c5facf842dc2f41392cd93afa7d8f137ff029678eb1ecf9,212853,H_bag,ACTION_CHANGED_HORIZON_COMPLETE,true,,true,true,true,NEUTRAL_WITHIN_TOLERANCE,0.0,[3154],,,I4|BODY|NO_DIVERGENCE|HIGH,471856,945,0.0020027296463327794,499.31851851851854
35c06752e7e4f47d007a093cc78ae17ab35439a6d01b24e057719032c1ea8370:H_bag,35c06752e7e4f47d007a093cc78ae17ab35439a6d01b24e057719032c1ea8370,I4,da72e5edbdf1ddef6269a1db9cbfbed133e8207d835470b63051948307807a37,215925,H_bag,ACTION_CHANGED_HORIZON_COMPLETE,true,,true,true,true,HARMFUL,0.75,[3221],,,I4|BODY|DIVERGENCE|HIGH,30514,61,0.0019990823884118766,500.2295081967213
4ede217be236ce05554fa1b62a54c7ccea43ace02da0e48ff1ffb1d0f53fef65:H_bag,4ede217be236ce05554fa1b62a54c7ccea43ace02da0e48ff1ffb1d0f53fef65,I3,dabfb37a9ca717d41bf7fa8fcc35b482c9f7f656a57dc6be2c8c3d4e5385afe9,217591,H_bag,ACTION_CHANGED_HORIZON_COMPLETE,true,,true,true,true,HARMFUL,32.99999999999636,[3227],,,I3|BODY|NO_DIVERGENCE|HIGH,170143,958,0.005630557824888476,177.60229645093946
ad1a48c989093838bf1a7a5924346f146e7c7f427684e4c48701011f3e3165a6:H_bag,ad1a48c989093838bf1a7a5924346f146e7c7f427684e4c48701011f3e3165a6,I4,270d8cadfb2b2bace5f9e477478517ad8ef447169f7602046189992899d9b43b,220728,H_bag,ACTION_CHANGED_HORIZON_COMPLETE,true,,true,true,true,HARMFUL,1.0,[3272],,,I4|BODY|NO_DIVERGENCE|HIGH,471856,945,0.0020027296463327794,499.31851851851854
0e980f10949e3cd2492b3cc9a7cb01763c5801deb494989fd0553011d81b5ba4:H_bag,0e980f10949e3cd2492b3cc9a7cb01763c5801deb494989fd0553011d81b5ba4,I4,2a4fa4756880ec0b667fbdb2e89035b234fe89fb72f83235e61ef8e6eb0fe8d1,223460,H_bag,ACTION_CHANGED_HORIZON_COMPLETE,true,,true,true,true,HARMFUL,0.17282000000341213,[3300],,,I4|BODY|NO_DIVERGENCE|HIGH,471856,945,0.0020027296463327794,499.31851851851854
bbdbe01ae7b2741a43a3cf6c199bd70641134908ddc909d48c82806b4c73cc2d:H_bag,bbdbe01ae7b2741a43a3cf6c199bd70641134908ddc909d48c82806b4c73cc2d,I3,d6e71a3fabe185c1e2e6579e02e40526ad17e1799bf2f96b79d9e867b9e9b684,225370,H_bag,ACTION_CHANGED_HORIZON_COMPLETE,true,,true,true,true,HARMFUL,25.600000000002183,[3339],,,I3|BODY|NO_DIVERGENCE|HIGH,170143,958,0.005630557824888476,177.60229645093946
c797c7ee8e22decbf771e77385ab110d6162930f675534e6bce1d97dcfcc08a7:H_bag,c797c7ee8e22decbf771e77385ab110d6162930f675534e6bce1d97dcfcc08a7,I4,07ac9b99b3b184892ffd32ee8b9ab5c467b53a70676aac9c9de24869c8b5c647,229149,H_bag,ACTION_CHANGED_HORIZON_COMPLETE,true,,true,true,true,HARMFUL,1.0,[3378],,,I4|BODY|NO_DIVERGENCE|HIGH,471856,945,0.0020027296463327794,499.31851851851854
80ee5aac2d221f61ae5262c67841a1dc0146e43f219fa30e9b876ddffc9da1b3:H_bag,80ee5aac2d221f61ae5262c67841a1dc0146e43f219fa30e9b876ddffc9da1b3,I3,bdaa8c9740e624d0a5cafb115cdf3557cf529116e3f6eda5b318c42985691d8d,230834,H_bag,ACTION_CHANGED_HORIZON_COMPLETE,true,,true,true,true,HARMFUL,24.799999999999272,[15],,,I3|BODY|NO_DIVERGENCE|HIGH,170143,958,0.005630557824888476,177.60229645093946
009f4c7ff1783d6eb10a062079d4b24a1b247f254fd06f8f678f043259d5ce0e:H_system,009f4c7ff1783d6eb10a062079d4b24a1b247f254fd06f8f678f043259d5ce0e,I4,a716489e67c012da2b9c2fb05f5b5d22db9852c454a7380123d1a7ed6f15621c,230835,H_system,ACTION_CHANGED_HORIZON_COMPLETE,true,,true,true,true,HARMFUL,0.0011822581014655498,[1],"[1,3,5,9,13,15,29,33,55,57,89,115,121,167,217,219,221,223,225,227,229,233,235,243,245,259,305,311,313,317,405,411,413,417,423,437,451,519,521,525,527,533,543,551,555,569,577,581,655,749,753,755,773,779]","[3,5,9,13,15,29,33,55,57,89,115,121,167,217,219,221,223,225,227,229,233,235,243,245,259,305,311,313,317,405,411,413,417,423,437,451,519,521,525,527,533,543,551,555,569,577,581,655,749,753,755,773,779]",I4|TAIL|NO_DIVERGENCE|HIGH,13582,67,0.004932999558238846,202.71641791044775
2135162e69d3826b39b15f8b374dbee90a5507d78a208f32fde86fb48acf8de3:H_bag,2135162e69d3826b39b15f8b374dbee90a5507d78a208f32fde86fb48acf8de3,I3,1b794ebb49b77e3f02489da088b286db547d2666659d271061d9c13d8043486a,232288,H_bag,ACTION_CHANGED_HORIZON_COMPLETE,true,,true,true,true,HARMFUL,76.3499999999949,[5],,,I3|TAIL|NO_DIVERGENCE|HIGH,4196,58,0.013822688274547188,72.34482758620689
544019dd48614f5cd1bae70f9051edfb70f5a296b7bef04c203610bbbac8e510:H_bag,544019dd48614f5cd1bae70f9051edfb70f5a296b7bef04c203610bbbac8e510,I4,901b7725fe4e61d9ab7046d27052972139bb5f36be5b0e9244cf5bf2bf01ee1e,237859,H_bag,ACTION_CHANGED_HORIZON_COMPLETE,true,,true,true,true,HARMFUL,0.4000000000014552,[581],,,I4|BODY|NO_DIVERGENCE|HIGH,471856,945,0.0020027296463327794,499.31851851851854
eacc858e49453f9c4c3c56c75bb83bfc2bbeaf9abc478c0ba68d92eacc2f8750:H_bag,eacc858e49453f9c4c3c56c75bb83bfc2bbeaf9abc478c0ba68d92eacc2f8750,I3,1873ec923de1cd4e85483815c65ec1cd2aa2b02888a725530335ce1bb4b3a412,241463,H_bag,ACTION_CHANGED_HORIZON_COMPLETE,true,,true,true,true,HARMFUL,24.799999999999272,[991],,,I3|BODY|NO_DIVERGENCE|HIGH,170143,958,0.005630557824888476,177.60229645093946
769efe9a6a926973e96ff5164ade940191bfd99aca1bd2d31c71ac21f4afbe30:H_bag,769efe9a6a926973e96ff5164ade940191bfd99aca1bd2d31c71ac21f4afbe30,I4,936e520bca12f040a0245799277454bef8272b6cef9b1a0c399aca3d8252b993,242734,H_bag,ACTION_CHANGED_HORIZON_COMPLETE,true,,true,true,true,HARMFUL,0.5999999999985448,[1009],,,I4|BODY|NO_DIVERGENCE|HIGH,471856,945,0.0020027296463327794,499.31851851851854
49751e65a52dd64422f2e92d967383efff5a768091677e96745fe3a8a6d334dc:H_bag,49751e65a52dd64422f2e92d967383efff5a768091677e96745fe3a8a6d334dc,I3,16cc58101c51364ddbc09597f6c2b0e371247ebaf91efc37ef65ded4068fb90a,243353,H_bag,ACTION_CHANGED_HORIZON_COMPLETE,true,,true,true,true,HARMFUL,24.549999999999272,[1227],,,I3|BODY|NO_DIVERGENCE|HIGH,170143,958,0.005630557824888476,177.60229645093946
c6be58dc63d0a332991c8d81ba4e4395d00f5da11f480cb6dd371743e589076d:H_bag,c6be58dc63d0a332991c8d81ba4e4395d00f5da11f480cb6dd371743e589076d,I4,45010098770ee70508a4433fa159436feb2f302f46f391bb24c215dc18a0a4f0,255577,H_bag,ACTION_CHANGED_HORIZON_COMPLETE,true,,true,true,true,NEUTRAL_WITHIN_TOLERANCE,0.0,[3575],,,I4|TAIL|NO_DIVERGENCE|HIGH,13582,67,0.004932999558238846,202.71641791044775
aa0c1186a2ee69e731004c82c983c1c12ee439161129ab6c1973b5046b1c69ef:H_system,aa0c1186a2ee69e731004c82c983c1c12ee439161129ab6c1973b5046b1c69ef,I3,2e35538e23bdeb7c17e70419dd7686ce3618ed8e52cae89b56faa10d0d6cc6ad,258118,H_system,ACTION_CHANGED_HORIZON_COMPLETE,true,,true,true,true,BENEFICIAL,-0.005913133729364972,[3651],"[3486,3498,3514,3520,3527,3529,3535,3537,3539,3543,3553,3562,3565,3571,3575,3577,3579,3581,3583,3588,3592,3602,3606,3608,3610,3622,3632,3634,3640,3642,3649,3651,3655,3659,3660,3662,3666,3676,3678,3682,3686,3688,3693,3697,3700,3704,3706,3711,3713,3716,3718,3728,3730,3732,3735,3737,3742,3779,3785,3787,3791,3830,3838,3847,3854,3860,3882,3890,3988]","[3486,3498,3514,3520,3527,3529,3535,3537,3539,3543,3553,3562,3565,3571,3575,3577,3579,3581,3583,3588,3592,3602,3606,3608,3610,3622,3632,3634,3640,3642,3649,3655,3659,3660,3662,3666,3676,3678,3682,3686,3688,3693,3697,3700,3704,3706,3711,3713,3716,3718,3728,3730,3732,3735,3737,3742,3779,3785,3787,3791,3830,3838,3847,3854,3860,3882,3890,3988]",I3|BODY|NO_DIVERGENCE|HIGH,170143,958,0.005630557824888476,177.60229645093946
148bbafc827c1e9f27f87d42260f94fbac39266a7aead881855bf288ad19640e:H_bag,148bbafc827c1e9f27f87d42260f94fbac39266a7aead881855bf288ad19640e,I4,f521fad3490835fcfdc2a63daf23cebfb8a8c6876511a3ec4b4082a9a65562e9,258752,H_bag,ACTION_CHANGED_HORIZON_COMPLETE,true,,true,true,true,HARMFUL,9.60877000000255,[3659],,,I4|BODY|NO_DIVERGENCE|HIGH,471856,945,0.0020027296463327794,499.31851851851854
61ddf60455506758c71c7462bc781b40747fc36145c568e827baa89b918c7fb0:H_bag,61ddf60455506758c71c7462bc781b40747fc36145c568e827baa89b918c7fb0,I3,5f257dbb3cf6f8b417aaae7a30aa61a4eb7f39a4229613b9e4fa4bdda719e2b2,260146,H_bag,ACTION_CHANGED_HORIZON_COMPLETE,true,,true,true,true,HARMFUL,39.77567999999883,[3661],,,I3|BODY|NO_DIVERGENCE|HIGH,170143,958,0.005630557824888476,177.60229645093946
d7b94073b32b155679e376e95af94457abaa96695d632e472e8c7844fa2a08bd:H_bag,d7b94073b32b155679e376e95af94457abaa96695d632e472e8c7844fa2a08bd,I4,d150afe518786f54ecff172cbc0c5033922b12680c6a172e709bb39e0f4fe2d9,260769,H_bag,ACTION_CHANGED_HORIZON_COMPLETE,true,,true,true,true,NEUTRAL_WITHIN_TOLERANCE,0.0,[3693],,,I4|BODY|NO_DIVERGENCE|HIGH,471856,945,0.0020027296463327794,499.31851851851854
b3f922d3da16e3485783d8c0009ada06e87c7810218dcca002d8e1000fe26cc3:H_system,b3f922d3da16e3485783d8c0009ada06e87c7810218dcca002d8e1000fe26cc3,I3,6bf9adec17e9f5b218b4cbf3a1d0034c015a366436072880373a51de1bff41df,263090,H_system,ACTION_CHANGED_HORIZON_COMPLETE,true,,true,true,true,BENEFICIAL,-0.004869028736578684,[3697],"[3486,3498,3520,3527,3535,3577,3581,3592,3606,3608,3610,3634,3668,3676,3682,3697,3704,3711,3718,3737,3779,3785,3787,3791,3838,3847,3860,3882,3890,3988]","[3486,3498,3520,3527,3535,3577,3581,3592,3606,3608,3610,3634,3668,3676,3682,3704,3711,3718,3737,3779,3785,3787,3791,3838,3847,3860,3882,3890,3988]",I3|TAIL|NO_DIVERGENCE|HIGH,4196,58,0.013822688274547188,72.34482758620689
99062e652e150d7a3b65202c4a9a4da424fa685f9aad81f4fd46032c89fd0864:H_bag,99062e652e150d7a3b65202c4a9a4da424fa685f9aad81f4fd46032c89fd0864,I4,f8f2f501edaccea17602b12bb9d293fdf8566ab52f1f919a398cc779bc89ce93,263222,H_bag,ACTION_CHANGED_HORIZON_COMPLETE,true,,true,true,true,NEUTRAL_WITHIN_TOLERANCE,0.0,[3660],,,I4|BODY|NO_DIVERGENCE|HIGH,471856,945,0.0020027296463327794,499.31851851851854
bda12f6e6a18444b621cebf595c2f68b7c26e2071a1992508a0dbb3547d48697:H_system,bda12f6e6a18444b621cebf595c2f68b7c26e2071a1992508a0dbb3547d48697,I4,c2c0e506463dad0a6a570adf9b010f445f6c7b381cc6c65bef37cba37471b78c,264541,H_system,ACTION_CHANGED_HORIZON_COMPLETE,true,,true,true,true,HARMFUL,2.2934201780344665e-05,[3585],[3585],[],I4|BODY|NO_DIVERGENCE|HIGH,471856,945,0.0020027296463327794,499.31851851851854
5163cdb84893f21e6ad9cee772b7cc77e5c0e0fa655634d68fa840da9abc60ce:H_bag,5163cdb84893f21e6ad9cee772b7cc77e5c0e0fa655634d68fa840da9abc60ce,I4,6c0a1dc9b05d90b845f6726246831a7b884dd03a88c95ab7cf60ff5ad2188edd,264998,H_bag,ACTION_CHANGED_HORIZON_COMPLETE,true,,true,true,true,NEUTRAL_WITHIN_TOLERANCE,0.0,[3682],,,I4|TAIL|NO_DIVERGENCE|HIGH,13582,67,0.004932999558238846,202.71641791044775
a842b3e5e4dda4baea2134bb21f4f339e1bcfbd609d7516188e9c3c4dc4eb225:H_bag,a842b3e5e4dda4baea2134bb21f4f339e1bcfbd609d7516188e9c3c4dc4eb225,I4,f22f7258c71620c61ad2b08241dbe69a401f3bfa0b833040a6dea7abd00b3053,268326,H_bag,ACTION_CHANGED_HORIZON_COMPLETE,true,,true,true,true,NEUTRAL_WITHIN_TOLERANCE,0.0,[3678],,,I4|BODY|NO_DIVERGENCE|HIGH,471856,945,0.0020027296463327794,499.31851851851854
c593675e283ec1b6db4a5f24ad81c92f273b9dc764a83e2184044b70a0847777:H_bag,c593675e283ec1b6db4a5f24ad81c92f273b9dc764a83e2184044b70a0847777,I4,05dec34746b9a8b5def799bdda59bd896e63382a64bb16ddf2ebfc352fec7dac,269082,H_bag,ACTION_CHANGED_HORIZON_COMPLETE,true,,true,true,true,HARMFUL,0.0010000000002037268,[3783],,,I4|BODY|NO_DIVERGENCE|HIGH,471856,945,0.0020027296463327794,499.31851851851854
5a0cd7863b4498bbe9e15d459fd1b0fd1f5ca34e455faf714e6c65e7d74ff150:H_bag,5a0cd7863b4498bbe9e15d459fd1b0fd1f5ca34e455faf714e6c65e7d74ff150,I4,49793dd13ce5b7f9880b6877b7f560268b988c048b9ef2d85545963eee4cc039,271437,H_bag,ACTION_CHANGED_HORIZON_COMPLETE,true,,true,true,true,NEUTRAL_WITHIN_TOLERANCE,0.0,[3750],,,I4|BODY|NO_DIVERGENCE|HIGH,471856,945,0.0020027296463327794,499.31851851851854
de6052fecfef647d1043d5163e7eba41a9d27ff323fcd937a16e7db38ae7db50:H_bag,de6052fecfef647d1043d5163e7eba41a9d27ff323fcd937a16e7db38ae7db50,I3,0dfda2e9ed8b015684becac69dcfda7bffbbd26fdabac3230e6ab462501a7f5c,273844,H_bag,ACTION_CHANGED_HORIZON_COMPLETE,true,,true,true,true,HARMFUL,22.850000000002183,[3825],,,I3|BODY|NO_DIVERGENCE|HIGH,170143,958,0.005630557824888476,177.60229645093946
7cd1b732e083abc7267347050c455d08dd5044d9e73c27e9d596a81864d386ef:H_bag,7cd1b732e083abc7267347050c455d08dd5044d9e73c27e9d596a81864d386ef,I4,ac476e8f717df94eb6838438b47443dee0fb84189cbb59e369135b7f3695198c,273872,H_bag,ACTION_CHANGED_HORIZON_COMPLETE,true,,true,true,true,HARMFUL,0.5999999999985448,[3750],,,I4|BODY|NO_DIVERGENCE|HIGH,471856,945,0.0020027296463327794,499.31851851851854
cae79085b0bb1b9dd6747f2644a92d725e4af9f2af3ea183fa95142a7d88df2c:H_bag,cae79085b0bb1b9dd6747f2644a92d725e4af9f2af3ea183fa95142a7d88df2c,I4,42ca038944559d6ec83805310329e77731ca870e48326f2b71f6cacd83fac818,275138,H_bag,ACTION_CHANGED_HORIZON_COMPLETE,true,,true,true,true,HARMFUL,1.0,[3734],,,I4|BODY|NO_DIVERGENCE|HIGH,471856,945,0.0020027296463327794,499.31851851851854
00bfe537f00b7e92d7959b38a51cbaf0417a2f84c1aa522f2662c61a4caa2259:H_bag,00bfe537f00b7e92d7959b38a51cbaf0417a2f84c1aa522f2662c61a4caa2259,I3,fae74035b7b91e98f7004995967d8d80437a4e49adb81212c3d68e57c39cabf5,276085,H_bag,ACTION_CHANGED_HORIZON_COMPLETE,true,,true,true,true,HARMFUL,79.64166000000114,[3537],,,I3|TAIL|NO_DIVERGENCE|HIGH,4196,58,0.013822688274547188,72.34482758620689
b076b9eae299625efa4a7ae1bab942d15bd3fd6b7973b32212d548851cb8d680:H_bag,b076b9eae299625efa4a7ae1bab942d15bd3fd6b7973b32212d548851cb8d680,I4,a1e954faea57ae2cc9f3e7ba5daa6dea668ca59c26479828ad324ff8c82e65aa,279655,H_bag,ACTION_CHANGED_HORIZON_COMPLETE,true,,true,true,true,NEUTRAL_WITHIN_TOLERANCE,0.0,[3847],,,I4|BODY|NO_DIVERGENCE|HIGH,471856,945,0.0020027296463327794,499.31851851851854
858ca2f454b5a4775ef930528b8b7aa98682b75f0c7697d1ebf3aa43b61461d5:H_bag,858ca2f454b5a4775ef930528b8b7aa98682b75f0c7697d1ebf3aa43b61461d5,I4,d03aaac0a2c69ba2567c9f7e83805fb94b92ce7a240d27a589a7108bea6a2b79,281492,H_bag,ACTION_CHANGED_HORIZON_COMPLETE,true,,true,true,true,NEUTRAL_WITHIN_TOLERANCE,0.0,[3860],,,I4|BODY|NO_DIVERGENCE|HIGH,471856,945,0.0020027296463327794,499.31851851851854
34aef8ad522b3ec0b846a575f59e73283aad4ec4abfa130a1bc1fe53985c1f61:H_bag,34aef8ad522b3ec0b846a575f59e73283aad4ec4abfa130a1bc1fe53985c1f61,I4,0d52d43d49e7d53078f9bd905604eb435ea474b339eb37442e4959ca231c7e9e,282110,H_bag,ACTION_CHANGED_HORIZON_COMPLETE,true,,true,true,true,NEUTRAL_WITHIN_TOLERANCE,0.0,[3847],,,I4|BODY|NO_DIVERGENCE|HIGH,471856,945,0.0020027296463327794,499.31851851851854
4e9d460d4320d1372e88b95b33f6355aa8154842f698bcb497f1961185223618:H_bag,4e9d460d4320d1372e88b95b33f6355aa8154842f698bcb497f1961185223618,I3,43fb74f4281b88a8bed17f395fef75968cce00d63b82c804418cf962ce6f4be6,285102,H_bag,ACTION_CHANGED_HORIZON_COMPLETE,true,,true,true,true,HARMFUL,84.80056999999942,[3728],,,I3|TAIL|NO_DIVERGENCE|HIGH,4196,58,0.013822688274547188,72.34482758620689
bb3b3522cea8444ca182c8ad12ebe6fe7d74d262ab99365807b8fb12d146a1e1:H_system,bb3b3522cea8444ca182c8ad12ebe6fe7d74d262ab99365807b8fb12d146a1e1,I4,51cfd4871e762506d37b2398a89029a6faea13567fa02ed59587292870a414a3,287056,H_system,ACTION_CHANGED_HORIZON_COMPLETE,true,,true,true,true,NEUTRAL_WITHIN_TOLERANCE,0.0,[3682],[3682],[],I4|TAIL|NO_DIVERGENCE|HIGH,13582,67,0.004932999558238846,202.71641791044775
871d01867fab5b83cf3412d98dcd05ab8dd390441968c31d27e464f4390a7129:H_bag,871d01867fab5b83cf3412d98dcd05ab8dd390441968c31d27e464f4390a7129,I4,a8563eb1a84f697fd00287791bc989cc54b9347b5ec8a8238889207f26b05c26,288079,H_bag,ACTION_CHANGED_HORIZON_COMPLETE,true,,true,true,true,HARMFUL,0.5,[3737],,,I4|TAIL|NO_DIVERGENCE|HIGH,13582,67,0.004932999558238846,202.71641791044775
6e2c62da2900de9f63e01b5329ec4efdcbca95e5011e0a063eaafcbdf2cfb119:H_bag,6e2c62da2900de9f63e01b5329ec4efdcbca95e5011e0a063eaafcbdf2cfb119,I4,7e1784c19618a3b3ae97a9d21c4ea016416501230cdcf72402d847a42e3cac8a,288799,H_bag,ACTION_CHANGED_HORIZON_COMPLETE,true,,true,true,true,NEUTRAL_WITHIN_TOLERANCE,0.0,[3711],,,I4|TAIL|NO_DIVERGENCE|HIGH,13582,67,0.004932999558238846,202.71641791044775
1eb5249046165042039d11af99e84f21c0754a9f42870136c8d15a34477da942:H_bag,1eb5249046165042039d11af99e84f21c0754a9f42870136c8d15a34477da942,I4,b9db685ce58df063e3c49c65204feb9ed23f3f881d6d0427183b21ddb8adb4d1,289704,H_bag,ACTION_CHANGED_HORIZON_COMPLETE,true,,true,true,true,HARMFUL,0.0010000000002037268,[3977],,,I4|BODY|NO_DIVERGENCE|HIGH,471856,945,0.0020027296463327794,499.31851851851854
99cbcb5b78fd924c55f2477f4dceda61591b7d32778a48977f2cc71c34b5241f:H_bag,99cbcb5b78fd924c55f2477f4dceda61591b7d32778a48977f2cc71c34b5241f,I3,3826e468774cf8ae8df8e76026a76593ce529eedb4c8b944e06f481b972b01d2,294782,H_bag,ACTION_CHANGED_HORIZON_COMPLETE,true,,true,true,true,HARMFUL,27.152589999997872,[4023],,,I3|BODY|NO_DIVERGENCE|HIGH,170143,958,0.005630557824888476,177.60229645093946
a33b1a261c6f544b45c9a8a6753ed8da906a3ade0e9e46332a4886ac6770f6b1:H_bag,a33b1a261c6f544b45c9a8a6753ed8da906a3ade0e9e46332a4886ac6770f6b1,I4,697e651a9b28f2e3383b526682e9293b27b509a4af92283cfc463048e5dfd1b4,295491,H_bag,ACTION_CHANGED_HORIZON_COMPLETE,true,,true,true,true,HARMFUL,1.0,[4036],,,I4|BODY|NO_DIVERGENCE|HIGH,471856,945,0.0020027296463327794,499.31851851851854
369cabf5a26389d84d35a24d164f58b2bf3d013ef24444adb9ac4da010bdb48f:H_bag,369cabf5a26389d84d35a24d164f58b2bf3d013ef24444adb9ac4da010bdb48f,I4,b9b9e7fdbe0ca2898382392c8071829591fb019a2ca9d21d11f5d85450d1bb25,295846,H_bag,ACTION_CHANGED_HORIZON_COMPLETE,true,,true,true,true,HARMFUL,1.0,[4007],,,I4|BODY|NO_DIVERGENCE|HIGH,471856,945,0.0020027296463327794,499.31851851851854
46b328d4693e657a4badf7932070434826c1ce3a143f88730ee86d7d00ad54a4:H_bag,46b328d4693e657a4badf7932070434826c1ce3a143f88730ee86d7d00ad54a4,I3,761f09c302ecef7ea2742c78ce504e49fe575760d9e51fc5052463d168bc998c,302024,H_bag,ACTION_CHANGED_HORIZON_COMPLETE,true,,true,true,true,HARMFUL,77.39999999999782,[4086],,,I3|BODY|NO_DIVERGENCE|HIGH,170143,958,0.005630557824888476,177.60229645093946
2d64c5ea2df1827459be4586377237de7082f640d5184e0da57898a3ce6bb3b8:H_bag,2d64c5ea2df1827459be4586377237de7082f640d5184e0da57898a3ce6bb3b8,I3,950818eecfec637a8248605e459d6da42fb8abc5f0551548a8ef43040790d3d3,305334,H_bag,ACTION_CHANGED_HORIZON_COMPLETE,true,,true,true,true,HARMFUL,75.5999999999949,[4134],,,I3|BODY|NO_DIVERGENCE|HIGH,170143,958,0.005630557824888476,177.60229645093946
7cbff494018bdcd6774c26bd2dc6df8005f6a682a0827174a24f4407803e6a8b:H_bag,7cbff494018bdcd6774c26bd2dc6df8005f6a682a0827174a24f4407803e6a8b,I3,bd17853ce2f46c385b833d172c18534ba44ed3e00b6f3c605964554f7d2b518c,315656,H_bag,ACTION_CHANGED_HORIZON_COMPLETE,true,,true,true,true,HARMFUL,39.49999999999636,[4285],,,I3|BODY|NO_DIVERGENCE|HIGH,170143,958,0.005630557824888476,177.60229645093946
31b5a68a6404dc5984535bcafe8a95ec2360dd20913fc186803cee0fd53f516c:H_bag,31b5a68a6404dc5984535bcafe8a95ec2360dd20913fc186803cee0fd53f516c,I4,573eb27359a9de407645918a73cdcf933629d9d76fdaa8f8d3cf0bd80e41ec09,317481,H_bag,ACTION_CHANGED_HORIZON_COMPLETE,true,,true,true,true,HARMFUL,0.5,[4235],,,I4|BODY|NO_DIVERGENCE|HIGH,471856,945,0.0020027296463327794,499.31851851851854
7832179f3d306a3174342fec568dab6bbc016954e074273e9d42b13844be03ad:H_bag,7832179f3d306a3174342fec568dab6bbc016954e074273e9d42b13844be03ad,I4,2806c5210ba53bcf703395763979d284e321aa155ec0861341d45a06bb356976,322067,H_bag,ACTION_CHANGED_HORIZON_COMPLETE,true,,true,true,true,NEUTRAL_WITHIN_TOLERANCE,0.0,[4327],,,I4|BODY|NO_DIVERGENCE|HIGH,471856,945,0.0020027296463327794,499.31851851851854
abc47cf7a952119d32036d7881ab3f14f090c23e5b4cc20c09cf801ab514b6db:H_bag,abc47cf7a952119d32036d7881ab3f14f090c23e5b4cc20c09cf801ab514b6db,I4,e95f04c103423a20575f87fd974dc1acc9580db43f5055c8c3b18f0147f01871,322234,H_bag,ACTION_CHANGED_HORIZON_COMPLETE,true,,true,true,true,HARMFUL,1.0,[4302],,,I4|BODY|NO_DIVERGENCE|HIGH,471856,945,0.0020027296463327794,499.31851851851854
82aa7375501019dda7a2fdd88eb48c0090c6ea2618d61fe953710c30edb6d1fd:H_bag,82aa7375501019dda7a2fdd88eb48c0090c6ea2618d61fe953710c30edb6d1fd,I4,d13c29ca1acdc88ec170d0a36f8334b457f943238b457dde6d787fb40795bae6,323657,H_bag,ACTION_CHANGED_HORIZON_COMPLETE,true,,true,true,true,HARMFUL,1.0,[4386],,,I4|BODY|NO_DIVERGENCE|HIGH,471856,945,0.0020027296463327794,499.31851851851854
1722e38cbf9b01b9098a5c78ad2f4d354cd6a7d2c9ccbbb0ff839b9513df6da8:H_bag,1722e38cbf9b01b9098a5c78ad2f4d354cd6a7d2c9ccbbb0ff839b9513df6da8,I4,9b14bb4c59933106fa1b76048f8fd0a6feaf578938ab4b9288a08ae9964b30da,324075,H_bag,ACTION_CHANGED_HORIZON_COMPLETE,true,,true,true,true,NEUTRAL_WITHIN_TOLERANCE,0.0,[4384],,,I4|BODY|NO_DIVERGENCE|HIGH,471856,945,0.0020027296463327794,499.31851851851854
d54fbd65c2112e8442ca227f4c0f8422e02a3da65d501cadb1ea60f97599d14e:H_system,d54fbd65c2112e8442ca227f4c0f8422e02a3da65d501cadb1ea60f97599d14e,I3,b96c16f005e38bf0073857ef4c82bf96e8768b0a5daa45c392de1d5c20d9fcae,325126,H_system,ACTION_CHANGED_HORIZON_COMPLETE,true,,true,true,true,HARMFUL,0.0034898057472787514,[4324],"[299,301,303,345,429,621,625,747,791,843,847,851,1031,1159,1205,1213,1243,1245,1247,1249,1251,1273,1293,1391,1409,1427,1441,1657,1799,1805,1811,1835,1848,1870,2015,4324,4445,4454,4457,4461]","[299,301,303,345,429,621,625,747,791,843,847,851,1031,1159,1205,1213,1243,1245,1247,1249,1251,1273,1293,1391,1409,1427,1441,1657,1799,1805,1811,1835,1848,1870,2015,4445,4454,4457,4461]",I3|BODY|NO_DIVERGENCE|HIGH,170143,958,0.005630557824888476,177.60229645093946
14ee4b93e2f1c5674e00f5143bb1669639dc5b9eaa4f4c6c2bfe1d192e8fcc97:H_bag,14ee4b93e2f1c5674e00f5143bb1669639dc5b9eaa4f4c6c2bfe1d192e8fcc97,I3,60274218dfc1fe1d34fab33499f8dc1d37d26b0c876e438fa8662e002e843c86,334133,H_bag,ACTION_CHANGED_HORIZON_COMPLETE,true,,true,true,true,HARMFUL,24.799999999999272,[851],,,I3|BODY|NO_DIVERGENCE|HIGH,170143,958,0.005630557824888476,177.60229645093946
c33ce77dcd16c6972a14274110b75011daba7294cb9903da16ca09065b8c460f:H_bag,c33ce77dcd16c6972a14274110b75011daba7294cb9903da16ca09065b8c460f,I3,d78e156211783bb548013c2f7aef428126ad03b45eadc91e62ba26d289bbc477,335184,H_bag,ACTION_CHANGED_HORIZON_COMPLETE,true,,true,true,true,HARMFUL,57.199999999989814,[4473],,,I3|BODY|NO_DIVERGENCE|HIGH,170143,958,0.005630557824888476,177.60229645093946
567e2d768aae337f80b1bc2230ef37f4263cf6b56594385e57cb971837272413:H_bag,567e2d768aae337f80b1bc2230ef37f4263cf6b56594385e57cb971837272413,I3,c0e028cb8ee765c7c8fc45ecf07c2dbf816a5dad788ff9b2f280baafda637c3e,337411,H_bag,ACTION_CHANGED_HORIZON_COMPLETE,true,,true,true,true,HARMFUL,11.02704000000449,[4497],,,I3|BODY|NO_DIVERGENCE|HIGH,170143,958,0.005630557824888476,177.60229645093946
9c6873644c3e805738572d2d225205ba9755999dc4e955cd9ff0c8495339b08d:H_bag,9c6873644c3e805738572d2d225205ba9755999dc4e955cd9ff0c8495339b08d,I4,a472487992db3411bd1b3bf2ab0aec6ef48862053c4112de72dbd431968d197d,338003,H_bag,ACTION_CHANGED_HORIZON_COMPLETE,true,,true,true,true,HARMFUL,0.5,[4236],,,I4|TAIL|NO_DIVERGENCE|HIGH,13582,67,0.004932999558238846,202.71641791044775
c9d69c625aab22c12dd7b16a39d5e571d3a51cab44249aa99591ea965e2af184:H_bag,c9d69c625aab22c12dd7b16a39d5e571d3a51cab44249aa99591ea965e2af184,I4,68e458790eba86c268c8f7849906d66fb0fb1e5ff5429b288ade527405a583bb,339506,H_bag,ACTION_CHANGED_HORIZON_COMPLETE,true,,true,true,true,HARMFUL,0.38104999999995925,[4510],,,I4|BODY|NO_DIVERGENCE|HIGH,471856,945,0.0020027296463327794,499.31851851851854
55c3cc41ab0d911b74c44744ed321df212973b7b58e49324388546186878961a:H_bag,55c3cc41ab0d911b74c44744ed321df212973b7b58e49324388546186878961a,I4,6e72de031c75f0ada4504c9c95e2d0c68291b540acaf164ca31e141fb9c06b4e,339736,H_bag,ACTION_CHANGED_HORIZON_COMPLETE,true,,true,true,true,HARMFUL,0.4000000000014552,[2015],,,I4|BODY|NO_DIVERGENCE|HIGH,471856,945,0.0020027296463327794,499.31851851851854
26af6ef6b90289f7b040bcc2938af7aaa389da2220e34f70e151b72d6791ae6f:H_bag,26af6ef6b90289f7b040bcc2938af7aaa389da2220e34f70e151b72d6791ae6f,I3,c99b10fe5b4b6292bc6d2e4263f999205edfc78fe58e8c5ecd723f6a0587fd75,346985,H_bag,ACTION_CHANGED_HORIZON_COMPLETE,true,,true,true,true,HARMFUL,36.45000000000073,[4559],,,I3|BODY|NO_DIVERGENCE|HIGH,170143,958,0.005630557824888476,177.60229645093946
e3bc2716c7cd5c7cb81df3f3ac41950447b96fbced7f5b7b52462b840907c326:H_bag,e3bc2716c7cd5c7cb81df3f3ac41950447b96fbced7f5b7b52462b840907c326,I4,5dd2d1cc8c530953e00ab092fb5c2ede3b9e18c8816635abb10e30d8c19c281d,350603,H_bag,ACTION_CHANGED_HORIZON_COMPLETE,true,,true,true,true,HARMFUL,0.5246200000037788,[4577],,,I4|BODY|NO_DIVERGENCE|HIGH,471856,945,0.0020027296463327794,499.31851851851854
37bfdfbda7e303a92bb95a42c642da4d869dd8730f8e9a46de1c5329d9a57a90:H_bag,37bfdfbda7e303a92bb95a42c642da4d869dd8730f8e9a46de1c5329d9a57a90,I3,7e840d838bb69bab59e213914180e52ea6790570003594ddfdfc32ad4bd791e8,352539,H_bag,ACTION_CHANGED_HORIZON_COMPLETE,true,,true,true,true,HARMFUL,58.449999999989814,[4604],,,I3|BODY|NO_DIVERGENCE|HIGH,170143,958,0.005630557824888476,177.60229645093946
a7a7cda82e0e87e12968387f37bbf59aa4ffb83f3a9509f22433c03b7faf3d84:H_bag,a7a7cda82e0e87e12968387f37bbf59aa4ffb83f3a9509f22433c03b7faf3d84,I3,83493c033a08dfda4c8921d59fb70195e815d0c2763b98bb2e39577fe70bdc7a,355425,H_bag,ACTION_CHANGED_HORIZON_COMPLETE,true,,true,true,true,HARMFUL,34.70000000000073,[4637],,,I3|BODY|NO_DIVERGENCE|HIGH,170143,958,0.005630557824888476,177.60229645093946
dcae8553635cf25e7d8b35fc129777d24160fe81fa889c967e050ee3efd0e7ef:H_system,dcae8553635cf25e7d8b35fc129777d24160fe81fa889c967e050ee3efd0e7ef,I4,813e5fe4f5723bab0fa28861e5ca7a5753f7dedb2cc18e24d2dd63260ab21526,357356,H_system,ACTION_CHANGED_HORIZON_COMPLETE,true,,true,true,true,NEUTRAL_WITHIN_TOLERANCE,0.0,[4676],[4676],[],I4|BODY|NO_DIVERGENCE|HIGH,471856,945,0.0020027296463327794,499.31851851851854
3ec4f09ae820794456bb3f8f2e8a2bcb1b434ae96be08988a118fc3c4f7a43ad:H_bag,3ec4f09ae820794456bb3f8f2e8a2bcb1b434ae96be08988a118fc3c4f7a43ad,I4,0ba364c034aec5d8ae5cb11e330884550b0719e2e456febac68483a39a37b6f1,357583,H_bag,ACTION_CHANGED_HORIZON_COMPLETE,true,,true,true,true,NEUTRAL_WITHIN_TOLERANCE,0.0,[4680],,,I4|BODY|DIVERGENCE|HIGH,30514,61,0.0019990823884118766,500.2295081967213
0d340f21c4ae3883d3854e6adfbe783bf8a2e85c12f20310cd555dc2c26152ff:H_bag,0d340f21c4ae3883d3854e6adfbe783bf8a2e85c12f20310cd555dc2c26152ff,I3,e531ec670b20c3e1d10b14820a70bc9eb39b050ac7089fcc1c384e8c4d4a6612,359748,H_bag,ACTION_CHANGED_HORIZON_COMPLETE,true,,true,true,true,HARMFUL,76.5999999999949,[4642],,,I3|BODY|NO_DIVERGENCE|HIGH,170143,958,0.005630557824888476,177.60229645093946
0eb33b9a9601e0a2135a0616e28ac2581a648ce5166f0c2d1edfa87b7ee6fde9:H_system,0eb33b9a9601e0a2135a0616e28ac2581a648ce5166f0c2d1edfa87b7ee6fde9,I3,9875d86ca18797357fd0b25572123bae86309b0ca4e14dcc982f47fa2a21a085,362096,H_system,ACTION_CHANGED_HORIZON_COMPLETE,true,,true,true,true,HARMFUL,0.0018327277939533815,[4659],"[4659,4695,4704,4714,4762,4802,4807,4809,4826,4828,4832,4834,4838]","[4695,4704,4714,4762,4802,4807,4809,4826,4828,4832,4834,4838]",I3|BODY|NO_DIVERGENCE|HIGH,170143,958,0.005630557824888476,177.60229645093946
da0abcc016c773769ca375f9641933922a3f5df786352a22d42231aa0075ea4e:H_bag,da0abcc016c773769ca375f9641933922a3f5df786352a22d42231aa0075ea4e,I4,3ecf32166c93200dbc410e06a39f411e34ad6def6b67a7b7f98d6a324f68dbc7,363477,H_bag,ACTION_CHANGED_HORIZON_COMPLETE,true,,true,true,true,HARMFUL,0.5999999999985448,[4710],,,I4|BODY|NO_DIVERGENCE|HIGH,471856,945,0.0020027296463327794,499.31851851851854
3c36c8de995b1e2dd728e2b349e25e318f2bde250fe01514478103a30892dfe9:H_bag,3c36c8de995b1e2dd728e2b349e25e318f2bde250fe01514478103a30892dfe9,I4,cb3df536b56d6b6308e465ef5f7372aeac068839c8059565c779c538c6592551,365649,H_bag,ACTION_CHANGED_HORIZON_COMPLETE,true,,true,true,true,HARMFUL,0.8931200000042736,[4697],,,I4|BODY|NO_DIVERGENCE|HIGH,471856,945,0.0020027296463327794,499.31851851851854
0f35b47ebf83d504009bbba964c7788d3b2bf5d7df5cf39bff1a3ac25b65887f:H_bag,0f35b47ebf83d504009bbba964c7788d3b2bf5d7df5cf39bff1a3ac25b65887f,I4,4db1f30e35021b1f9282ce4a48973ec6ac4e1a8e5de7fadfd1741278cdb02ace,371781,H_bag,ACTION_CHANGED_HORIZON_COMPLETE,true,,true,true,true,HARMFUL,0.0010000000002037268,[469],,,I4|BODY|NO_DIVERGENCE|HIGH,471856,945,0.0020027296463327794,499.31851851851854
32a249f3743c2fa975e45668da72ee6147718a8ebf6826949803cf58679fd34e:H_bag,32a249f3743c2fa975e45668da72ee6147718a8ebf6826949803cf58679fd34e,I3,2d5899fb964c77553ca12f591839ed5998b5470ebc632403ab76534fad3f8276,372541,H_bag,ACTION_CHANGED_HORIZON_COMPLETE,true,,true,true,true,NEUTRAL_WITHIN_TOLERANCE,0.0,[805],,,I3|BODY|NO_DIVERGENCE|HIGH,170143,958,0.005630557824888476,177.60229645093946
6b3bbecfd49097e58f2a0c141fdb42ff27b1171a07356b95787d22cee80f865a:H_bag,6b3bbecfd49097e58f2a0c141fdb42ff27b1171a07356b95787d22cee80f865a,I4,9a2a91eed9b5bd1f0dafeb6ef857018137ebbf401c31bbcd920c79021ac921a9,380531,H_bag,ACTION_CHANGED_HORIZON_COMPLETE,true,,true,true,true,HARMFUL,0.0010000000002037268,[1684],,,I4|BODY|NO_DIVERGENCE|HIGH,471856,945,0.0020027296463327794,499.31851851851854
3087eb799ead5f425e756d48e14f5f49a6996c8d28ad439ac53170bb961a40bb:H_bag,3087eb799ead5f425e756d48e14f5f49a6996c8d28ad439ac53170bb961a40bb,I4,243946a1feb7e212e4cf59fcd17a76ee19d49629e33948fcc15252ef8329401e,381029,H_bag,ACTION_CHANGED_HORIZON_COMPLETE,true,,true,true,true,HARMFUL,0.0010000000002037268,[1722],,,I4|BODY|NO_DIVERGENCE|HIGH,471856,945,0.0020027296463327794,499.31851851851854
6ce7aeeb1b3cde629355920e8869944d816c1d39be420b5550a22e8eaab166c6:H_bag,6ce7aeeb1b3cde629355920e8869944d816c1d39be420b5550a22e8eaab166c6,I3,9fc32bc980072764f20a09bfaff43dff5a044d9773b8247dce94601ebb3e122d,384100,H_bag,ACTION_CHANGED_HORIZON_COMPLETE,true,,true,true,true,HARMFUL,75.5999999999949,[4864],,,I3|BODY|NO_DIVERGENCE|HIGH,170143,958,0.005630557824888476,177.60229645093946
4eaab22a8cfd228595d7a9c00d9c9bc803f5a2a18ee004c2a3da6c1dd528a170:H_bag,4eaab22a8cfd228595d7a9c00d9c9bc803f5a2a18ee004c2a3da6c1dd528a170,I4,ccd368cfe7a6dd4413b83347e08ccd717fa282452262e206c779d1ef8f523de9,387988,H_bag,ACTION_CHANGED_HORIZON_COMPLETE,true,,true,true,true,HARMFUL,0.5999999999985448,[2040],,,I4|BODY|NO_DIVERGENCE|HIGH,471856,945,0.0020027296463327794,499.31851851851854
e5f7e935d126062517ca1923e4684c48e313628b89598d9881e0cd1d2f30681c:H_bag,e5f7e935d126062517ca1923e4684c48e313628b89598d9881e0cd1d2f30681c,I4,3032ac5401839b8c881fe42c5f08a1847f04ad5d090521e0c79a3de8dba57d0d,388981,H_bag,ACTION_CHANGED_HORIZON_COMPLETE,true,,true,true,true,HARMFUL,1.0,[4905],,,I4|BODY|NO_DIVERGENCE|HIGH,471856,945,0.0020027296463327794,499.31851851851854
66888367335bea82460a73dfb49f910bfc3387f1b0bce5ca7396484812899784:H_bag,66888367335bea82460a73dfb49f910bfc3387f1b0bce5ca7396484812899784,I3,b2f1ee918f535263ad1e8422cbb13e4ae62fa7d66ac0b7440c98652e697edca5,389251,H_bag,ACTION_CHANGED_HORIZON_COMPLETE,true,,true,true,true,HARMFUL,71.50578999999925,[4883],,,I3|BODY|NO_DIVERGENCE|HIGH,170143,958,0.005630557824888476,177.60229645093946
a84767c8bce5c4a300aefdf8e44fab4adc13de3f5be8081813b5c7947d53526f:H_bag,a84767c8bce5c4a300aefdf8e44fab4adc13de3f5be8081813b5c7947d53526f,I4,e48d8685e019ae761fb3b78ee04eca821d0e4347ea438876dbbbf9c290b7b0c8,394856,H_bag,ACTION_CHANGED_HORIZON_COMPLETE,true,,true,true,true,NEUTRAL_WITHIN_TOLERANCE,0.0,[5031],,,I4|TAIL|NO_DIVERGENCE|HIGH,13582,67,0.004932999558238846,202.71641791044775
24b48ddf1c88e5bc9a47557be7301e46e056138c58c738a0485e0114fb01a9ee:H_bag,24b48ddf1c88e5bc9a47557be7301e46e056138c58c738a0485e0114fb01a9ee,I3,dbb276a3ca06fe65f70d33b68472497c24f1ed3772f31ed1ccd9ada266787090,395162,H_bag,ACTION_CHANGED_HORIZON_COMPLETE,true,,true,true,true,BENEFICIAL,-131.8200599999982,[4992],,,I3|TAIL|NO_DIVERGENCE|HIGH,4196,58,0.013822688274547188,72.34482758620689
eac759a6e69a5e937d2a63011acd780fa86fa46582cbe3cc2f92b32dd6f5a9bb:H_bag,eac759a6e69a5e937d2a63011acd780fa86fa46582cbe3cc2f92b32dd6f5a9bb,I3,d26f437c847a72d0b1816e9648bef8bb2a7d51d98cc97b67f31ac3c4e246a1bc,395565,H_bag,ACTION_CHANGED_HORIZON_COMPLETE,true,,true,true,true,HARMFUL,6.799999999995634,[4975],,,I3|BODY|DIVERGENCE|HIGH,10032,56,0.005582137161084529,179.14285714285714
55ed5a4fc2d48f90ad763e3b75cf98bc417c21a843923b35d54f1d749d95f733:H_bag,55ed5a4fc2d48f90ad763e3b75cf98bc417c21a843923b35d54f1d749d95f733,I4,84da0c635890ad990dfc88464bfcf07dcd92f89dac146bdafdb73d3e396d4b9e,399160,H_bag,ACTION_CHANGED_HORIZON_COMPLETE,true,,true,true,true,NEUTRAL_WITHIN_TOLERANCE,0.0,[5050],,,I4|TAIL|NO_DIVERGENCE|HIGH,13582,67,0.004932999558238846,202.71641791044775
ae6ac7c6bc0f554f2b0c640c14fe5c74247d242b9aff36ba773ae767e1935746:H_bag,ae6ac7c6bc0f554f2b0c640c14fe5c74247d242b9aff36ba773ae767e1935746,I3,55d1435e1b913535c7eab11de4db42c43183d97c73678ae75659b0e36fb59a13,399220,H_bag,ACTION_CHANGED_HORIZON_COMPLETE,true,,true,true,true,HARMFUL,51.39999999999782,[4965],,,I3|BODY|DIVERGENCE|HIGH,10032,56,0.005582137161084529,179.14285714285714
786569fecf5ca463961924694568b3510de01c3a9f8795d13b727a47443cd578:H_bag,786569fecf5ca463961924694568b3510de01c3a9f8795d13b727a47443cd578,I4,4bfe64095c98e49805874193b0c1240b39be2181ea1d7973e1d5a0bad0e23f61,400157,H_bag,ACTION_CHANGED_HORIZON_COMPLETE,true,,true,true,true,NEUTRAL_WITHIN_TOLERANCE,0.0,[5086],,,I4|BODY|NO_DIVERGENCE|HIGH,471856,945,0.0020027296463327794,499.31851851851854
67e0684539cda6b2f33b2f0e6993ae28c93ff7e848b5da8ca46f7573069e5a8a:H_bag,67e0684539cda6b2f33b2f0e6993ae28c93ff7e848b5da8ca46f7573069e5a8a,I3,9aa07182c9e2e960428512b3b6256645b5ce8c26fbffadd15f25fd1f6625ee0f,405375,H_bag,ACTION_CHANGED_HORIZON_COMPLETE,true,,true,true,true,HARMFUL,79.8499999999949,[5048],,,I3|BODY|NO_DIVERGENCE|HIGH,170143,958,0.005630557824888476,177.60229645093946
6e175796b2f12aa865a3b1e5fb027d7dccec5b6b9c8481d9b89931ce0abc08a5:H_bag,6e175796b2f12aa865a3b1e5fb027d7dccec5b6b9c8481d9b89931ce0abc08a5,I4,d46c0dbe5f60427343e11f46e7d00053990210b07081adf18cf4615f5ea07f96,406548,H_bag,ACTION_CHANGED_HORIZON_COMPLETE,true,,true,true,true,NEUTRAL_WITHIN_TOLERANCE,0.0,[5141],,,I4|BODY|NO_DIVERGENCE|HIGH,471856,945,0.0020027296463327794,499.31851851851854
5030d6e11b61234ed8bd3dc9a6c4296d87bdb875b56f26c0a928c064f430b111:H_bag,5030d6e11b61234ed8bd3dc9a6c4296d87bdb875b56f26c0a928c064f430b111,I4,e4efbd72afe3f14d6d71b4e74784f8a2c11acbdb0f8170384f02c2ceacd3e7f2,415499,H_bag,ACTION_CHANGED_HORIZON_COMPLETE,true,,true,true,true,NEUTRAL_WITHIN_TOLERANCE,0.0,[5104],,,I4|BODY|NO_DIVERGENCE|HIGH,471856,945,0.0020027296463327794,499.31851851851854
4f9b8f32fb8977cc73ec84836860f42fcf52a458d50ff71fd21d86bef051f733:H_bag,4f9b8f32fb8977cc73ec84836860f42fcf52a458d50ff71fd21d86bef051f733,I3,f4f38ae44c568982235d47fc38b2cf533b86f97afe4b2ea310dc92d0327639b7,417469,H_bag,ACTION_CHANGED_HORIZON_COMPLETE,true,,true,true,true,HARMFUL,77.39999999999782,[5185],,,I3|BODY|NO_DIVERGENCE|HIGH,170143,958,0.005630557824888476,177.60229645093946
6418f5ff14b10688f8df4d818589a8be74bd8babcf95395ce8523adfa52a25f4:H_bag,6418f5ff14b10688f8df4d818589a8be74bd8babcf95395ce8523adfa52a25f4,I4,0d9fcba736015519cc2d489103094b658f6eb623a13c9405a9085907d97e2e23,419616,H_bag,ACTION_CHANGED_HORIZON_COMPLETE,true,,true,true,true,BENEFICIAL,-1.0,[4970],,,I4|TAIL|NO_DIVERGENCE|HIGH,13582,67,0.004932999558238846,202.71641791044775
3c8debb83b7d90e11069f6f31bb326974772c3cd0245c9b64867ca7fd5ea005a:H_bag,3c8debb83b7d90e11069f6f31bb326974772c3cd0245c9b64867ca7fd5ea005a,I4,ef39a3d2e83868749168dddcb22ee58cb1300786574d567514ffc1cdf3190824,425352,H_bag,ACTION_CHANGED_HORIZON_COMPLETE,true,,true,true,true,BENEFICIAL,-1.0,[5284],,,I4|BODY|NO_DIVERGENCE|HIGH,471856,945,0.0020027296463327794,499.31851851851854
ea423381745cdfcd82e4c6ed079444f7cb536fe3a5521dab0ac3af35789c7c62:H_bag,ea423381745cdfcd82e4c6ed079444f7cb536fe3a5521dab0ac3af35789c7c62,I4,146031bbc5047c22c71a8b067eb7261caea759d162c2bdb9d921e5d9a7e9e98c,427978,H_bag,ACTION_CHANGED_HORIZON_COMPLETE,true,,true,true,true,HARMFUL,0.40000000000509317,[5113],,,I4|BODY|NO_DIVERGENCE|HIGH,471856,945,0.0020027296463327794,499.31851851851854
191a66c0ee9de02d94b83ac5413e54e927d309e4030d837274a871c30fae4a90:H_bag,191a66c0ee9de02d94b83ac5413e54e927d309e4030d837274a871c30fae4a90,I3,71fa4450c2ed26a3681f5bd767061d5b1e7ec0f55f12e5a4d83719e6f02f74f0,434459,H_bag,ACTION_CHANGED_HORIZON_COMPLETE,true,,true,true,true,HARMFUL,51.39999999999782,[5351],,,I3|BODY|NO_DIVERGENCE|HIGH,170143,958,0.005630557824888476,177.60229645093946
1e1a3f82996fbd364c90adbbb3a36f2cc2c6b065f58406e7c58f56a4d7a6e223:H_system,1e1a3f82996fbd364c90adbbb3a36f2cc2c6b065f58406e7c58f56a4d7a6e223,I4,13e8ac48f11af6cb94cce2daca9b1d335319c9525dddc873fba37556248d29cb,440097,H_system,ACTION_CHANGED_HORIZON_COMPLETE,true,,true,true,true,HARMFUL,2.2934201780344665e-05,[5440],[5440],[],I4|BODY|NO_DIVERGENCE|HIGH,471856,945,0.0020027296463327794,499.31851851851854
c367ff0b712d4b2eeb7826cdd3f2a0dd633afb6610c8922627d190b48f28d7c6:H_bag,c367ff0b712d4b2eeb7826cdd3f2a0dd633afb6610c8922627d190b48f28d7c6,I3,480057e9acedd8593dc28b2109cc9f1ed132531a24b8dd0df4d46331ee8c2b73,445874,H_bag,ACTION_CHANGED_HORIZON_COMPLETE,true,,true,true,true,HARMFUL,30.700000000000728,[5539],,,I3|BODY|NO_DIVERGENCE|HIGH,170143,958,0.005630557824888476,177.60229645093946
927622fe8edf2cb3c2c9244279556b632d7bddea3403cef01e1bfe8b5d310e04:H_bag,927622fe8edf2cb3c2c9244279556b632d7bddea3403cef01e1bfe8b5d310e04,I4,e656529dfd72e15b1e76d2b897f12d1b6c7fb3c2a1fa4046906c502a2485319c,454163,H_bag,ACTION_CHANGED_HORIZON_COMPLETE,true,,true,true,true,NEUTRAL_WITHIN_TOLERANCE,0.0,[491],,,I4|BODY|NO_DIVERGENCE|HIGH,471856,945,0.0020027296463327794,499.31851851851854
1f252ff8086c2b36087f028028041b2f880dfe5a0bbf9e5df62f1c3a33889fe6:H_bag,1f252ff8086c2b36087f028028041b2f880dfe5a0bbf9e5df62f1c3a33889fe6,I4,acfa8111f5c2cd905c101e9fc52c99b651e488076f09cdaf4dff3b4e1a081e7c,455398,H_bag,ACTION_CHANGED_HORIZON_COMPLETE,true,,true,true,true,HARMFUL,0.5999999999985448,[5574],,,I4|BODY|NO_DIVERGENCE|HIGH,471856,945,0.0020027296463327794,499.31851851851854
331e300985584c85cd3c5d50f6db12ab1d4d16c65cdb5a23072e661411efda08:H_bag,331e300985584c85cd3c5d50f6db12ab1d4d16c65cdb5a23072e661411efda08,I4,ddf37b0c9554b596122c24dc789658b17a18629802b94ffb164eb3c416665521,455613,H_bag,ACTION_CHANGED_HORIZON_COMPLETE,true,,true,true,true,NEUTRAL_WITHIN_TOLERANCE,0.0,[513],,,I4|BODY|NO_DIVERGENCE|HIGH,471856,945,0.0020027296463327794,499.31851851851854
b9b4d0422ab7dd43d944cc2a2473ffe31521df472e73d3c5ae8d80f6d792370c:H_bag,b9b4d0422ab7dd43d944cc2a2473ffe31521df472e73d3c5ae8d80f6d792370c,I3,3d95fbdd24f350d01741f20a4746049f1820d16ff43757994f408e848f8da068,462403,H_bag,ACTION_CHANGED_HORIZON_COMPLETE,true,,true,true,true,HARMFUL,74.47067999999854,[5617],,,I3|BODY|NO_DIVERGENCE|HIGH,170143,958,0.005630557824888476,177.60229645093946
03f24e84af5560d337aeaf019cb7dbb1a72a8a3ea23f0f1bedf19d4d8a7379f2:H_bag,03f24e84af5560d337aeaf019cb7dbb1a72a8a3ea23f0f1bedf19d4d8a7379f2,I4,4f52bfcf8aae180ca97b4bdb1e909d1c8c68a71b8e870037dbb44e9d00344082,462590,H_bag,ACTION_CHANGED_HORIZON_COMPLETE,true,,true,true,true,NEUTRAL_WITHIN_TOLERANCE,0.0,[1715],,,I4|BODY|NO_DIVERGENCE|HIGH,471856,945,0.0020027296463327794,499.31851851851854
c77971804a785a8a062796b9354ddfe3938ef06a38f7b44aa2fa6ec3e02ccd9d:H_bag,c77971804a785a8a062796b9354ddfe3938ef06a38f7b44aa2fa6ec3e02ccd9d,I3,1b2f2eb08e60c8d5f68223e0d228c983f523cc47bd4e8a9c60d44a19e7fa5053,464027,H_bag,ACTION_CHANGED_HORIZON_COMPLETE,true,,true,true,true,HARMFUL,76.63889999999446,[5628],,,I3|BODY|NO_DIVERGENCE|HIGH,170143,958,0.005630557824888476,177.60229645093946
a3f7bee6f299c79a0e1f54cba42740afa5de5a12cfe605488db4b8abd6b110d3:H_bag,a3f7bee6f299c79a0e1f54cba42740afa5de5a12cfe605488db4b8abd6b110d3,I4,7f2bdca2f55b6affe0f22bd2ea00204acde5a8a2bbd66bebe11e14e68fc781d3,464564,H_bag,ACTION_CHANGED_HORIZON_COMPLETE,true,,true,true,true,HARMFUL,2.75,[5666],,,I4|BODY|NO_DIVERGENCE|HIGH,471856,945,0.0020027296463327794,499.31851851851854
9b5934789a598ef53538914b659a4dc33895451769b88fc4a3b78036211888c6:H_system,9b5934789a598ef53538914b659a4dc33895451769b88fc4a3b78036211888c6,I4,dea32193dd75ffadfae7928c075f76c2f04cf5d8d446a39f6f19b4a87367d714,465637,H_system,ACTION_CHANGED_HORIZON_COMPLETE,true,,true,true,true,HARMFUL,1.3760521056838115e-05,[1795],"[1795,1813,1888]","[1813,1888]",I4|BODY|NO_DIVERGENCE|HIGH,471856,945,0.0020027296463327794,499.31851851851854
b69855d650657f03a858390e5142e57f80fb61592385c2ca7719ac9e61b2fb07:H_bag,b69855d650657f03a858390e5142e57f80fb61592385c2ca7719ac9e61b2fb07,I3,89e68d4c8160c59652e097591c2712776f1db5a3994302b282fde4346493fb75,468337,H_bag,ACTION_CHANGED_HORIZON_COMPLETE,true,,true,true,true,HARMFUL,69.14999999999782,[5651],,,I3|BODY|NO_DIVERGENCE|HIGH,170143,958,0.005630557824888476,177.60229645093946
827a3e5bc316163b8de0d0eb0b13564830b408d66d5b08ceb381353eb9006e45:H_bag,827a3e5bc316163b8de0d0eb0b13564830b408d66d5b08ceb381353eb9006e45,I4,7f30e77611083fe1924c9d3fa9533e0bf3542b9be993c1181f30bbcff8a19a0b,469861,H_bag,ACTION_CHANGED_HORIZON_COMPLETE,true,,true,true,true,NEUTRAL_WITHIN_TOLERANCE,0.0,[2441],,,I4|BODY|NO_DIVERGENCE|HIGH,471856,945,0.0020027296463327794,499.31851851851854
e359a88992e3360fec14312ce08942bbd7106e14d7edc83b8d05f9b7a8618058:H_bag,e359a88992e3360fec14312ce08942bbd7106e14d7edc83b8d05f9b7a8618058,I4,ef0d3d5d6fe814684bbc8384ff7228980b1ad6c289f7435f1934ac9d0a8c3dfb,474463,H_bag,ACTION_CHANGED_HORIZON_COMPLETE,true,,true,true,true,HARMFUL,0.2461600000060571,[5670],,,I4|BODY|NO_DIVERGENCE|HIGH,471856,945,0.0020027296463327794,499.31851851851854
2542d9905ea0aeda784f8cfefb63048ab81f58fa78517c1f0c24d7340d5c7f51:H_system,2542d9905ea0aeda784f8cfefb63048ab81f58fa78517c1f0c24d7340d5c7f51,I3,c590f8393df7e9a65ca6f13c621b58602cb8af3fdac8f87e384f3b907d82dec2,476931,H_system,ACTION_CHANGED_HORIZON_COMPLETE,true,,true,true,true,HARMFUL,-0.0059226498177054054,[5742],"[5730,5733,5737,5742,5744,5746,5751,5772,5784,5849,5854,5865,5878,5880,5882,5884,5892,5897,5918,5936,5942,5944,5956,5961,5965,5970,5993,5995,6012,6021,6044,6051,6141,6148]","[5730,5733,5737,5744,5746,5751,5772,5784,5849,5854,5865,5878,5880,5882,5884,5892,5897,5918,5936,5942,5944,5956,5961,5965,5970,5993,5995,6012,6021,6044,6051,6141,6148]",I3|BODY|NO_DIVERGENCE|HIGH,170143,958,0.005630557824888476,177.60229645093946
53dc7005e978ed15f44adf4d646fbf0e475422915783d1f9a9ee2955a44cb6ba:H_bag,53dc7005e978ed15f44adf4d646fbf0e475422915783d1f9a9ee2955a44cb6ba,I4,fd9a1b27a434585e9390f38568c038157a571dd6cbbb900540208d80e9b4d617,479383,H_bag,ACTION_CHANGED_HORIZON_COMPLETE,true,,true,true,true,BENEFICIAL,-0.04948999999760417,[5790],,,I4|BODY|NO_DIVERGENCE|HIGH,471856,945,0.0020027296463327794,499.31851851851854
b447b9e31ca31671757acf83638c5ea816b6008f5fe01af3619885e0cb6a3f1f:H_bag,b447b9e31ca31671757acf83638c5ea816b6008f5fe01af3619885e0cb6a3f1f,I4,43191829f31d12fe1fd4c0327b2d9fdaaaa42a0e8a7c63011ec522c56e427af8,480515,H_bag,ACTION_CHANGED_HORIZON_COMPLETE,true,,true,true,true,NEUTRAL_WITHIN_TOLERANCE,0.0,[5818],,,I4|BODY|NO_DIVERGENCE|HIGH,471856,945,0.0020027296463327794,499.31851851851854
8af920f988e2788db98a7d4e20b77258c946f07e4609bbabe4bf826b28c1cdf1:H_bag,8af920f988e2788db98a7d4e20b77258c946f07e4609bbabe4bf826b28c1cdf1,I4,def098d3f32201f3e541386c69c61f29fe0e83c6f6f57f59f89c01ff5fae5326,482140,H_bag,ACTION_CHANGED_HORIZON_COMPLETE,true,,true,true,true,NEUTRAL_WITHIN_TOLERANCE,0.0,[5828],,,I4|BODY|NO_DIVERGENCE|HIGH,471856,945,0.0020027296463327794,499.31851851851854
3c96062e3c24b2422f56bb9f2d9e26f82fbf69efefd4412192ab79f34456d1d9:H_bag,3c96062e3c24b2422f56bb9f2d9e26f82fbf69efefd4412192ab79f34456d1d9,I4,47d6cc67dc3e9bf221386a8a1cfd62471e6254c7e6677526a9a6556a15e6717b,484144,H_bag,ACTION_CHANGED_HORIZON_COMPLETE,true,,true,true,true,BENEFICIAL,-1.1995500000011816,[5764],,,I4|BODY|NO_DIVERGENCE|HIGH,471856,945,0.0020027296463327794,499.31851851851854
4f99967bdbe3ab8e81bbe37937ad7b29f57aac04fe85c8d45bb7a300958f47ac:H_bag,4f99967bdbe3ab8e81bbe37937ad7b29f57aac04fe85c8d45bb7a300958f47ac,I4,c1bb6b0b43f2d938c0061ba0e055000078a88b1ae8a4d392df3a757fe394acd1,486221,H_bag,ACTION_CHANGED_HORIZON_COMPLETE,true,,true,true,true,HARMFUL,0.5,[5835],,,I4|BODY|NO_DIVERGENCE|HIGH,471856,945,0.0020027296463327794,499.31851851851854
4b6f1108f71b84b87b775925cb60be5644a615efd71c515cdaa8f6254c4550ec:H_system,4b6f1108f71b84b87b775925cb60be5644a615efd71c515cdaa8f6254c4550ec,I4,7a1c63ab39d3ccaf1111da4c041b513c242b0ab94727008f1502739ea66835e1,491073,H_system,ACTION_CHANGED_HORIZON_COMPLETE,true,,true,true,true,HARMFUL,1.626264236165298e-06,[5872],[5872],[],I4|BODY|NO_DIVERGENCE|HIGH,471856,945,0.0020027296463327794,499.31851851851854
69d88eafa70c84e69b27419cf1e44a5daf97e67e010d33b748f8f20d49d34d62:H_bag,69d88eafa70c84e69b27419cf1e44a5daf97e67e010d33b748f8f20d49d34d62,I4,9cea3655a8c31d2fc95181602495602fc8a04029be7a91ac5e93defbaf0dc846,492642,H_bag,ACTION_CHANGED_HORIZON_COMPLETE,true,,true,true,true,BENEFICIAL,-3.599999999998545,[5904],,,I4|BODY|NO_DIVERGENCE|HIGH,471856,945,0.0020027296463327794,499.31851851851854
2ef11baa70b3a5fa3382fa1faf5da91a108ff1948c5db705e44a913df5c4e7a9:H_bag,2ef11baa70b3a5fa3382fa1faf5da91a108ff1948c5db705e44a913df5c4e7a9,I3,48e744578695c6ebf41aad4559012d66fc9e77a0fc7eca03a5581c646b544c25,495041,H_bag,ACTION_CHANGED_HORIZON_COMPLETE,true,,true,true,true,HARMFUL,90.04765999999654,[5899],,,I3|BODY|NO_DIVERGENCE|HIGH,170143,958,0.005630557824888476,177.60229645093946
e6a4b0af3ed24546ffc7f73af752a0525060b0adfa3ea5e16f7f09ab443f1cdb:H_bag,e6a4b0af3ed24546ffc7f73af752a0525060b0adfa3ea5e16f7f09ab443f1cdb,I4,6c3cecb50625261436bb344d4c53bb5332e7dc931afebf72431c99010968b7d9,496803,H_bag,ACTION_CHANGED_HORIZON_COMPLETE,true,,true,true,true,NEUTRAL_WITHIN_TOLERANCE,0.0,[5984],,,I4|BODY|NO_DIVERGENCE|HIGH,471856,945,0.0020027296463327794,499.31851851851854
f95db826c3d29c92f3b5e95f719cded8f357385df8b0a4a4e29793d0666f4ed0:H_bag,f95db826c3d29c92f3b5e95f719cded8f357385df8b0a4a4e29793d0666f4ed0,I3,38819af52852b385175e398bd5461ace8be2812907fb0f35e7f9711f8f9d0cff,498412,H_bag,ACTION_CHANGED_HORIZON_COMPLETE,true,,true,true,true,HARMFUL,77.93092999999135,[5938],,,I3|BODY|NO_DIVERGENCE|HIGH,170143,958,0.005630557824888476,177.60229645093946
5c8f1c33b5e88ac1d81f78bbfcdd7aeeef14c3e3df78eaf1ee0724381af93fa8:H_bag,5c8f1c33b5e88ac1d81f78bbfcdd7aeeef14c3e3df78eaf1ee0724381af93fa8,I4,f1aa2138f18489f6b45a937302219938ce747f391631df4cfb9615ddfa5cab33,501794,H_bag,ACTION_CHANGED_HORIZON_COMPLETE,true,,true,true,true,HARMFUL,0.6086899999936577,[6042],,,I4|BODY|DIVERGENCE|HIGH,30514,61,0.0019990823884118766,500.2295081967213
66b58b77942a9461f37f117dcf27f51fc890d8b7612d452f3257fe8621739bf5:H_bag,66b58b77942a9461f37f117dcf27f51fc890d8b7612d452f3257fe8621739bf5,I3,77e772552cda5f29cde9aaa5b2f326852e698aa6bdc0d186cc8335452f9ceb1b,502736,H_bag,ACTION_CHANGED_HORIZON_COMPLETE,true,,true,true,true,HARMFUL,35.125749999995605,[6046],,,I3|BODY|NO_DIVERGENCE|HIGH,170143,958,0.005630557824888476,177.60229645093946
262d01e0f67ae353b2994c9a6726ae867d328c8bb41ae33de54a33c33b23dd0f:H_bag,262d01e0f67ae353b2994c9a6726ae867d328c8bb41ae33de54a33c33b23dd0f,I4,40faf36c96b77ac20d78d692caceea69b603fbd6466506235a050f1989dfa846,507752,H_bag,ACTION_CHANGED_HORIZON_COMPLETE,true,,true,true,true,HARMFUL,0.5999999999985448,[5993],,,I4|BODY|NO_DIVERGENCE|HIGH,471856,945,0.0020027296463327794,499.31851851851854
288b0c8c54cda248ad8c267baccf7681ed8febb202227489daa0522741f9f6ba:H_bag,288b0c8c54cda248ad8c267baccf7681ed8febb202227489daa0522741f9f6ba,I3,34340a6280fbd40d6a8d13ff899d73207e467fd79430015ed3a9dbe89af3412b,508251,H_bag,ACTION_CHANGED_HORIZON_COMPLETE,true,,true,true,true,HARMFUL,31.19999999999709,[6079],,,I3|BODY|NO_DIVERGENCE|HIGH,170143,958,0.005630557824888476,177.60229645093946
c7707ee87b886cde88932338893bd32bdc4ea2b329a050d04985e5ae777a9ff0:H_system,c7707ee87b886cde88932338893bd32bdc4ea2b329a050d04985e5ae777a9ff0,I3,861128bc3af543ef77bf124ceb5325e13cdcc6ac71974fb78bdd898f4bddaff9,513641,H_system,ACTION_CHANGED_HORIZON_COMPLETE,true,,true,true,true,HARMFUL,0.0022525633556824687,[6066],"[5746,5854,5880,5882,5884,5897,5965,6051,6066,6148]","[5746,5854,5880,5882,5884,5897,5965,6051,6148]",I3|BODY|NO_DIVERGENCE|HIGH,170143,958,0.005630557824888476,177.60229645093946
64de5cf66f502ec49ddcdb1d87564db6095f9f6e360994dd0e84ba593b524788:H_bag,64de5cf66f502ec49ddcdb1d87564db6095f9f6e360994dd0e84ba593b524788,I3,76f28acc9c9fa10a00ba4c31fee71fe50e6a5a578aa831790cb9457afe74b3aa,518056,H_bag,ACTION_CHANGED_HORIZON_COMPLETE,true,,true,true,true,HARMFUL,75.5999999999949,[5816],,,I3|TAIL|NO_DIVERGENCE|HIGH,4196,58,0.013822688274547188,72.34482758620689
3fa4e5c43a5119cea0c29a6985e94f1ecde386001cf2b4f2183789cfd02c955c:H_bag,3fa4e5c43a5119cea0c29a6985e94f1ecde386001cf2b4f2183789cfd02c955c,I4,e6e559485d5a3709de13238b4e6ed9e3bd7758ad7dd316fc095a9faf0d2857d7,519033,H_bag,ACTION_CHANGED_HORIZON_COMPLETE,true,,true,true,true,HARMFUL,1.0,[6139],,,I4|BODY|NO_DIVERGENCE|HIGH,471856,945,0.0020027296463327794,499.31851851851854
d14296db37cbfe4bc949979e7885ca8eb370c7db6e739026c05f7494bae0a169:H_bag,d14296db37cbfe4bc949979e7885ca8eb370c7db6e739026c05f7494bae0a169,I4,3fce17f2d00d07cdca17086f395e5bceea9ae7f9ca676660682651bb138dacd3,522093,H_bag,ACTION_CHANGED_HORIZON_COMPLETE,true,,true,true,true,HARMFUL,1.0,[6169],,,I4|BODY|NO_DIVERGENCE|HIGH,471856,945,0.0020027296463327794,499.31851851851854
c53f40e1eef92571110970c18cc91fc00e0da0b84727679cce354525a7f39767:H_system,c53f40e1eef92571110970c18cc91fc00e0da0b84727679cce354525a7f39767,I4,97d1ccdb5f880a70c7c06ad2ae8858f21d7fa1bf925d3403c74729df7dc2a061,524847,H_system,ACTION_CHANGED_HORIZON_COMPLETE,true,,true,true,true,HARMFUL,4.586840353226762e-05,[6207],[6207],[],I4|BODY|NO_DIVERGENCE|HIGH,471856,945,0.0020027296463327794,499.31851851851854
5db33492443114d44f1b8a5d88b3e726375e3797e9b98d31ed74bc2994fef15b:H_bag,5db33492443114d44f1b8a5d88b3e726375e3797e9b98d31ed74bc2994fef15b,I4,d1eda27c8d0c4e214a327dbfe072ec58110551fd03331faf755fddd8588c0ffb,528469,H_bag,ACTION_CHANGED_HORIZON_COMPLETE,true,,true,true,true,NEUTRAL_WITHIN_TOLERANCE,0.0,[6255],,,I4|BODY|DIVERGENCE|HIGH,30514,61,0.0019990823884118766,500.2295081967213
3eb9625f277f382a1149ecb63c83a4cedfb579c44a99b033557c3e6c34887ce3:H_bag,3eb9625f277f382a1149ecb63c83a4cedfb579c44a99b033557c3e6c34887ce3,I4,f2aefe23bd4fc8f758a4fa70bc6e394d25ea4971fa20e7c73de935280b7461aa,529480,H_bag,ACTION_CHANGED_HORIZON_COMPLETE,true,,true,true,true,NEUTRAL_WITHIN_TOLERANCE,0.0,[6244],,,I4|BODY|NO_DIVERGENCE|HIGH,471856,945,0.0020027296463327794,499.31851851851854
da0948177f9fbc771f10da7f7598637a2c4b4c555378637f6335d04165e32ba6:H_bag,da0948177f9fbc771f10da7f7598637a2c4b4c555378637f6335d04165e32ba6,I4,00381e1d46050d195e62ef6d46374a6b99fa766ee3818bc18d452ad2c6118536,530063,H_bag,ACTION_CHANGED_HORIZON_COMPLETE,true,,true,true,true,HARMFUL,0.4216000000014901,[6262],,,I4|BODY|NO_DIVERGENCE|HIGH,471856,945,0.0020027296463327794,499.31851851851854
8d4910cb1b11ea380455cb5980b95f3f4b6cc62e3b8fff2c4832e9ca309af5cb:H_bag,8d4910cb1b11ea380455cb5980b95f3f4b6cc62e3b8fff2c4832e9ca309af5cb,I4,25edeb4566134f96bfeb7841732bd7a8e7fcd88e64100e4467b2f73d97bb1950,531908,H_bag,ACTION_CHANGED_HORIZON_COMPLETE,true,,true,true,true,HARMFUL,0.8975399999981164,[6255],,,I4|BODY|DIVERGENCE|HIGH,30514,61,0.0019990823884118766,500.2295081967213
cef7f4639d1c29e20c46aaafc4769481c620c2a57853d0a434b09cdec48393c4:H_bag,cef7f4639d1c29e20c46aaafc4769481c620c2a57853d0a434b09cdec48393c4,I4,7445655160374475d259bfef1db0009f6312bdd1872e9f5bca25323843513439,534031,H_bag,ACTION_CHANGED_HORIZON_COMPLETE,true,,true,true,true,HARMFUL,0.3334900000008929,[6333],,,I4|BODY|NO_DIVERGENCE|HIGH,471856,945,0.0020027296463327794,499.31851851851854
39d9c351b439d5d4cffebb685a75c5ff5ee7473ad44ce3826013c60cc67ea3aa:H_bag,39d9c351b439d5d4cffebb685a75c5ff5ee7473ad44ce3826013c60cc67ea3aa,I4,d632b1bd5d7d5d2c5eab181d4d69cd6d0ac1c35d81755c18b9e829852f87a5e6,536966,H_bag,ACTION_CHANGED_HORIZON_COMPLETE,true,,true,true,true,NEUTRAL_WITHIN_TOLERANCE,0.0,[6331],,,I4|BODY|NO_DIVERGENCE|HIGH,471856,945,0.0020027296463327794,499.31851851851854
e3f19f3e6739d7dd89016310959da57ba9562886a37da8a0ddc7779d13bbdd6b:H_bag,e3f19f3e6739d7dd89016310959da57ba9562886a37da8a0ddc7779d13bbdd6b,I4,48bff0691fe71fbb49e3d9a2f3550abeeb8956e805190f08f21f0f9f86712e42,539605,H_bag,ACTION_CHANGED_HORIZON_COMPLETE,true,,true,true,true,HARMFUL,0.06502999999793246,[6324],,,I4|BODY|NO_DIVERGENCE|HIGH,471856,945,0.0020027296463327794,499.31851851851854
46f74d3d09c0bd5928d872e7ebb484b52757294f4faa964d8ad448b172baf6e1:H_bag,46f74d3d09c0bd5928d872e7ebb484b52757294f4faa964d8ad448b172baf6e1,I4,2f540135124f8208cfe8830044d29ae8809992095711fd7b5950578f6587142d,540116,H_bag,ACTION_CHANGED_HORIZON_COMPLETE,true,,true,true,true,HARMFUL,0.0010000000002037268,[47],,,I4|TAIL|NO_DIVERGENCE|HIGH,13582,67,0.004932999558238846,202.71641791044775
829f4bf2ac1b2969352dd7cfee77abd8648fbbb8a8d2f451e75f2c5384bd6b79:H_bag,829f4bf2ac1b2969352dd7cfee77abd8648fbbb8a8d2f451e75f2c5384bd6b79,I3,93f36779985fb57a96f06957fee86220ce408c9a669de2203cc67e3b163438da,540866,H_bag,ACTION_CHANGED_HORIZON_COMPLETE,true,,true,true,true,HARMFUL,24.799999999999272,[65],,,I3|TAIL|NO_DIVERGENCE|HIGH,4196,58,0.013822688274547188,72.34482758620689
1c0a5491293b25be967f416650245685e44cbdda20a7b72358fbb532c01db097:H_bag,1c0a5491293b25be967f416650245685e44cbdda20a7b72358fbb532c01db097,I3,5f3a4b5505c10f04a2be9297b38515805aa84a1e6386b9cbfb7c25b496e98d7d,542511,H_bag,ACTION_CHANGED_HORIZON_COMPLETE,true,,true,true,true,HARMFUL,23.299999999999272,[263],,,I3|BODY|NO_DIVERGENCE|HIGH,170143,958,0.005630557824888476,177.60229645093946
b859438f295ca0ba005ae135bf61e7148d096519bc0364ce78faad00f7dd5d50:H_bag,b859438f295ca0ba005ae135bf61e7148d096519bc0364ce78faad00f7dd5d50,I4,8230b431c9253aeef2d2576a7b1a33affd25d32d425c1d7b01e1f7ff5ed53f79,544717,H_bag,ACTION_CHANGED_HORIZON_COMPLETE,true,,true,true,true,HARMFUL,0.5999999999985448,[349],,,I4|BODY|NO_DIVERGENCE|HIGH,471856,945,0.0020027296463327794,499.31851851851854
3f4a80641715490a1aa399b1fb8199e27b95802e2d4a3dcd86cdaa3e9c48ce55:H_bag,3f4a80641715490a1aa399b1fb8199e27b95802e2d4a3dcd86cdaa3e9c48ce55,I4,d2594695e76637f318750e3a5053ef515da5d7b52edc2d1fcd994a990e1a4df8,545711,H_bag,ACTION_CHANGED_HORIZON_COMPLETE,true,,true,true,true,NEUTRAL_WITHIN_TOLERANCE,0.0,[6422],,,I4|BODY|NO_DIVERGENCE|HIGH,471856,945,0.0020027296463327794,499.31851851851854
7ef869b44e479348d1f8ff69eb266edb63416eeab59e7cca2f2dfb4f5378b176:H_bag,7ef869b44e479348d1f8ff69eb266edb63416eeab59e7cca2f2dfb4f5378b176,I3,fdc1d57a806243120f20be419ef6dc153be52a038fbe22f54c7dedfbfe7be312,546156,H_bag,ACTION_CHANGED_HORIZON_COMPLETE,true,,true,true,true,HARMFUL,75.5999999999949,[149],,,I3|BODY|NO_DIVERGENCE|HIGH,170143,958,0.005630557824888476,177.60229645093946
7608bbb96fafbca1b380fb77c038209fb4fa8aed06e65ca7eb129b0b01713656:H_bag,7608bbb96fafbca1b380fb77c038209fb4fa8aed06e65ca7eb129b0b01713656,I4,8d6fc77af7089050bfa6a8466a070ad29e81841122350e9dabf2915052fee2d0,547275,H_bag,ACTION_CHANGED_HORIZON_COMPLETE,true,,true,true,true,NEUTRAL_WITHIN_TOLERANCE,0.0,[6403],,,I4|BODY|NO_DIVERGENCE|HIGH,471856,945,0.0020027296463327794,499.31851851851854
4cffd2e5e2cbb547f7713c49e7aa5f1d5bfe5f95457ce12d79cafeea8045e4c9:H_bag,4cffd2e5e2cbb547f7713c49e7aa5f1d5bfe5f95457ce12d79cafeea8045e4c9,I3,b8e9d00374d6c9c65eee5ab6d243e07c590f99d2193914cbb3bc5c834545488d,550211,H_bag,ACTION_CHANGED_HORIZON_COMPLETE,true,,true,true,true,HARMFUL,77.39999999999782,[6398],,,I3|BODY|NO_DIVERGENCE|HIGH,170143,958,0.005630557824888476,177.60229645093946
d4ebd855fcad77ff281cea727090c783892f4082c2e10b52d4035e9be127c8d3:H_system,d4ebd855fcad77ff281cea727090c783892f4082c2e10b52d4035e9be127c8d3,I3,7d43ffbfc5976ae118dc9ba72c5b54f6e50ebaf260909e096ac3c23e49ddd7f6,551342,H_system,ACTION_CHANGED_HORIZON_COMPLETE,true,,true,true,true,HARMFUL,0.00461519115651754,[6401],"[1730,1734,1742,1751,1753,1759,1771,1775,1777,1797,1803,1815,1819,1827,1829,1852,1858,1863,1960,1983,1997,2002,2007,2009,2011,2023,2027,2034,2042,2044,2046,2060,2089,2104,2155,2174,2215,2217,2231,2234,2241,2250,2255,2262,2266,2276,2282,2288,2298,2302,2316,2320,2323,2345,2348,2356,2361,2380,2384,2389,2393,2399,2407,2416,2423,2427,2439,2462,2490,2503,2506,2511,2513,2515,2519,2527,2627,2631,2635,2639,2647,2667,2669,2671,2673,2675,2679,2715,2719,2725,2729,2733,2735,2737,2743,2753,2755,2759,2761,2765,2771,2775,2777,2779,2783,2791,2795,2813,2816,2824,2826,2830,2850,2854,2857,2864,2868,2874,2878,2882,2889,2891,2894,2896,2898,2905,2907,2910,2919,2924,2937,2954,2975,2981,2992,2996,3003,3029,3040,3065,3096,3101,3107,3121,3176,3182,3198,3200,3206,3210,3212,3223,3253,3361,3373,3377,3379,3387,3391,3401,3421,3431,3436,3442,3444,3446,3457,3459,3483,3485,3495,3508,3513,3523,3534,3542,3552,3561,3568,3570,3597,3615,3631,3648,3653,3669,6401,6403,6407,6418,6422,6447,6448,6450,6451,6453,6454,6456,6457,6459,6461,6464,6466,6468,6470,6471,6472,6473,6480,6481,6483,6484,6487,6488,6489,6549,6551,6555,6565,6566,6567,6572,6580,6589,6592,6595,6600,6602,6604,6606,6608,6609,6610,6614,6618,6623,6628,6630,6631,6633,6634]","[1730,1734,1742,1751,1753,1759,1771,1775,1777,1797,1803,1815,1819,1827,1829,1852,1858,1863,1960,1983,1997,2002,2007,2009,2011,2023,2027,2034,2042,2044,2046,2060,2089,2104,2155,2174,2215,2217,2231,2234,2241,2250,2255,2262,2266,2276,2282,2288,2298,2302,2316,2320,2323,2345,2348,2356,2361,2380,2384,2389,2393,2399,2407,2416,2423,2427,2439,2462,2490,2503,2506,2511,2513,2515,2519,2527,2627,2631,2635,2639,2647,2667,2669,2671,2673,2675,2679,2715,2719,2725,2729,2733,2735,2737,2743,2753,2755,2759,2761,2765,2771,2775,2777,2779,2783,2791,2795,2813,2816,2824,2826,2830,2850,2854,2857,2864,2868,2874,2878,2882,2889,2891,2894,2896,2898,2905,2907,2910,2919,2924,2937,2954,2975,2981,2992,2996,3003,3029,3040,3065,3096,3101,3107,3121,3176,3182,3198,3200,3206,3210,3212,3223,3253,3361,3373,3377,3379,3387,3391,3401,3421,3431,3436,3442,3444,3446,3457,3459,3483,3485,3495,3508,3513,3523,3534,3542,3552,3561,3568,3570,3597,3615,3631,3648,3653,3669,6403,6407,6418,6422,6447,6448,6450,6451,6453,6454,6456,6457,6459,6461,6464,6466,6468,6470,6471,6472,6473,6480,6481,6483,6484,6487,6488,6489,6549,6551,6555,6565,6566,6567,6572,6580,6589,6592,6595,6600,6602,6604,6606,6608,6609,6610,6614,6618,6623,6628,6630,6631,6633,6634]",I3|BODY|NO_DIVERGENCE|HIGH,170143,958,0.005630557824888476,177.60229645093946
7f1f7989617cb00ac0a0c458bb2dfd124722f46b90e32b6e85b21b3a125eec69:H_bag,7f1f7989617cb00ac0a0c458bb2dfd124722f46b90e32b6e85b21b3a125eec69,I4,ffa3eb7fb9df535de3b0a5f399f8c509ddef70f06d07d100fe30db28468bfde7,553005,H_bag,ACTION_CHANGED_HORIZON_COMPLETE,true,,true,true,true,HARMFUL,0.5999999999985448,[1121],,,I4|BODY|NO_DIVERGENCE|HIGH,471856,945,0.0020027296463327794,499.31851851851854
9003f310a8a12f6b916a6581c6a826f6dc4098c50b15ccdcdbbeaf086d73d05d:H_bag,9003f310a8a12f6b916a6581c6a826f6dc4098c50b15ccdcdbbeaf086d73d05d,I3,7778c7cf3e92c9daad8c477d86417494b7b7b7e834baf9838237d96a1bd61b09,553807,H_bag,ACTION_CHANGED_HORIZON_COMPLETE,true,,true,true,true,HARMFUL,24.799999999999272,[1425],,,I3|BODY|NO_DIVERGENCE|HIGH,170143,958,0.005630557824888476,177.60229645093946
dbd96620a6d355204dc753c67d4f42b02f1a67119b109f501b852202291de23b:H_bag,dbd96620a6d355204dc753c67d4f42b02f1a67119b109f501b852202291de23b,I3,b7c0021896bccff2258909da6bbe57805333d48757952ba66fcf5dd88917383c,555275,H_bag,ACTION_CHANGED_HORIZON_COMPLETE,true,,true,true,true,HARMFUL,71.01656999999614,[6422],,,I3|BODY|NO_DIVERGENCE|HIGH,170143,958,0.005630557824888476,177.60229645093946
63fffab52e756d1997daf27b51c8c4737df1c69a4c934e585f044c1395370ba7:H_bag,63fffab52e756d1997daf27b51c8c4737df1c69a4c934e585f044c1395370ba7,I4,7591dbbc67d22a24468662bbd1a98489e1a547d01cc5ebe32aa33c6c079fee39,555375,H_bag,ACTION_CHANGED_HORIZON_COMPLETE,true,,true,true,true,HARMFUL,1.0,[6433],,,I4|BODY|NO_DIVERGENCE|HIGH,471856,945,0.0020027296463327794,499.31851851851854
8ca4f1ebff3ab0fefc1103e3ccd18e3bda675c360e74caf6466cedfcb5fe9345:H_bag,8ca4f1ebff3ab0fefc1103e3ccd18e3bda675c360e74caf6466cedfcb5fe9345,I3,819930afd5fffb2526e59736830788451c4f972ccd6389c5aa0ec396ca047667,558724,H_bag,ACTION_CHANGED_HORIZON_COMPLETE,true,,true,true,true,HARMFUL,101.5113199999978,[1819],,,I3|BODY|NO_DIVERGENCE|HIGH,170143,958,0.005630557824888476,177.60229645093946
832830fe2e24417ca2e4074d23b0572fbac9332a77686e91d873bd09d494f44e:H_system,832830fe2e24417ca2e4074d23b0572fbac9332a77686e91d873bd09d494f44e,I4,e28051228f1987be9f1f085575883e179e55a73ae7a9db8bf357adbcd34bb8e8,560443,H_system,ACTION_CHANGED_HORIZON_COMPLETE,true,,true,true,true,HARMFUL,0.0007977850147824483,[6480],"[6480,6483,6484]","[6483,6484]",I4|BODY|NO_DIVERGENCE|HIGH,471856,945,0.0020027296463327794,499.31851851851854
829381deb7d5faa252afdbf549809af239810771044a0e90e90851570597fcf4:H_bag,829381deb7d5faa252afdbf549809af239810771044a0e90e90851570597fcf4,I3,fa6e4ad396e2ed3890becb730656d376872b38ff2e9bdd596aa6e9e366e5edd2,564645,H_bag,ACTION_CHANGED_HORIZON_COMPLETE,true,,true,true,true,HARMFUL,101.17126999999891,[6468],,,I3|BODY|NO_DIVERGENCE|HIGH,170143,958,0.005630557824888476,177.60229645093946
81a552102e10174a7e6fd560ff2c6cf6dfca37d298d385378ea8304bc26e2158:H_bag,81a552102e10174a7e6fd560ff2c6cf6dfca37d298d385378ea8304bc26e2158,I3,a0b8abdc46ce6194110054b1d00d73876341e7b4a10a3694631aa57c441f873f,566401,H_bag,ACTION_CHANGED_HORIZON_COMPLETE,true,,true,true,true,HARMFUL,24.049999999999272,[2506],,,I3|BODY|NO_DIVERGENCE|HIGH,170143,958,0.005630557824888476,177.60229645093946
e1b513d2a3ae8baa950454a22b8c8bbc0eb1001f185f3a6db1102a16099faae9:H_bag,e1b513d2a3ae8baa950454a22b8c8bbc0eb1001f185f3a6db1102a16099faae9,I4,83be2d69a75be3a010cf7408be1a1d615db5af956596ded92ae47a5819461d04,570042,H_bag,ACTION_CHANGED_HORIZON_COMPLETE,true,,true,true,true,HARMFUL,0.4000000000014552,[2667],,,I4|BODY|NO_DIVERGENCE|HIGH,471856,945,0.0020027296463327794,499.31851851851854
053d0bb08cc87cbad5df0fcdf3364fb69893877d594ca1600956f24b2846fa24:H_bag,053d0bb08cc87cbad5df0fcdf3364fb69893877d594ca1600956f24b2846fa24,I4,f5cb5c5f2b31028e572af61dbbf325cafa2f52eed848d851b482644921d0e929,575288,H_bag,ACTION_CHANGED_HORIZON_COMPLETE,true,,true,true,true,NEUTRAL_WITHIN_TOLERANCE,0.0,[6551],,,I4|BODY|NO_DIVERGENCE|HIGH,471856,945,0.0020027296463327794,499.31851851851854
f1a4a98aea10ad27a526572fe70cdac1b374e38e5cd62568762ba857ec82daad:H_bag,f1a4a98aea10ad27a526572fe70cdac1b374e38e5cd62568762ba857ec82daad,I4,cc40929cb3211d24237c8da4c7994857f935708919248307882259020295c157,576590,H_bag,ACTION_CHANGED_HORIZON_COMPLETE,true,,true,true,true,HARMFUL,0.5267800000037823,[6518],,,I4|BODY|DIVERGENCE|HIGH,30514,61,0.0019990823884118766,500.2295081967213
9f61d10c91f72f4f2cb24957580f4a7a46dc6cb9446ca83edd9d5c8519e0d4df:H_system,9f61d10c91f72f4f2cb24957580f4a7a46dc6cb9446ca83edd9d5c8519e0d4df,I4,d700d3f7d9817377c28a514411bc9956baf87e8470144da584bcefd9493e7425,579705,H_system,ACTION_CHANGED_HORIZON_COMPLETE,true,,true,true,true,HARMFUL,0.00028889709417967424,[2981],"[2981,2996,3003,3029,3040,3065,3096,3101,3107,3121,3176,3182,3198,3200,3206,3210,3212,3223,3253,3361,3373,3459,3483,3485,3495,3508,3513,3523,3534,3542,3552,3561,3568,3570,3597,3615,3631,3648,3653,3669,6549,6551,6572,6589,6592,6602,6604,6610,6614,6618,6623,6628,6630,6631,6633,6634]","[2996,3003,3029,3040,3065,3096,3101,3107,3121,3176,3182,3198,3200,3206,3210,3212,3223,3253,3361,3373,3459,3483,3485,3495,3508,3513,3523,3534,3542,3552,3561,3568,3570,3597,3615,3631,3648,3653,3669,6549,6551,6572,6589,6592,6602,6604,6610,6614,6618,6623,6628,6630,6631,6633,6634]",I4|BODY|NO_DIVERGENCE|HIGH,471856,945,0.0020027296463327794,499.31851851851854
722b7de38a2901c6ef30c3c7362f802edf1704065c61c794206105c907c54d9d:H_bag,722b7de38a2901c6ef30c3c7362f802edf1704065c61c794206105c907c54d9d,I4,871d692b81c58e972cc99fc62fbca14f19c3d4b0124ed2a7f969fa37c37d0c1e,579862,H_bag,ACTION_CHANGED_HORIZON_COMPLETE,true,,true,true,true,HARMFUL,0.0010000000002037268,[2992],,,I4|BODY|NO_DIVERGENCE|HIGH,471856,945,0.0020027296463327794,499.31851851851854
de38a29b2f322586b166896e986a4052ee882f90f8d901049f3a30258762ab82:H_bag,de38a29b2f322586b166896e986a4052ee882f90f8d901049f3a30258762ab82,I3,b53b2b27074df8763da2e5ac6dc11a3b6e450e219e6bb8faab0f8fd4af3f42fb,583208,H_bag,ACTION_CHANGED_HORIZON_COMPLETE,true,,true,true,true,HARMFUL,73.10685000000012,[6565],,,I3|BODY|NO_DIVERGENCE|HIGH,170143,958,0.005630557824888476,177.60229645093946
d0c785e6f496bef6b28fba3acd8bf8ea874c58566f75baba3457974bca0ecfb8:H_bag,d0c785e6f496bef6b28fba3acd8bf8ea874c58566f75baba3457974bca0ecfb8,I4,425f9c76986b8d9dcab7ed28e35a5589543b16384ce7408b00ab3ed787511882,584435,H_bag,ACTION_CHANGED_HORIZON_COMPLETE,true,,true,true,true,HARMFUL,0.045179999997344567,[6589],,,I4|BODY|NO_DIVERGENCE|HIGH,471856,945,0.0020027296463327794,499.31851851851854
0d5bf08142c19a14cbc7acf58e8431d87cc954c7e8eef9deccb833140aacdcff:H_bag,0d5bf08142c19a14cbc7acf58e8431d87cc954c7e8eef9deccb833140aacdcff,I3,68e19bd0e0f3692f6f42a2b2247c17527b4e6eb2d7cc8e15bb7ab7f9ea289aab,584730,H_bag,ACTION_CHANGED_HORIZON_COMPLETE,true,,true,true,true,HARMFUL,0.0646100000012666,[6686],,,I3|BODY|NO_DIVERGENCE|HIGH,170143,958,0.005630557824888476,177.60229645093946
6ad52b62b8945bbfbc720d1a5d3b326d0dbb35754008a0a51b3833cf17dd20de:H_bag,6ad52b62b8945bbfbc720d1a5d3b326d0dbb35754008a0a51b3833cf17dd20de,I4,780aa2787dcfa5e792e713afc28997f415d9fd428f765815bd3ce01a2d263387,591002,H_bag,ACTION_CHANGED_HORIZON_COMPLETE,true,,true,true,true,HARMFUL,1.0,[6649],,,I4|BODY|NO_DIVERGENCE|HIGH,471856,945,0.0020027296463327794,499.31851851851854
0c7928433105f811bcee63027b8328c979a0625e821ead0bbfb3a34d6363362e:H_bag,0c7928433105f811bcee63027b8328c979a0625e821ead0bbfb3a34d6363362e,I3,72bbe5874f16643c59eb179e7320660186f0403b5aa0cba041aa4b33b71a8d63,591441,H_bag,ACTION_CHANGED_HORIZON_COMPLETE,true,,true,true,true,HARMFUL,0.25,[3631],,,I3|BODY|NO_DIVERGENCE|HIGH,170143,958,0.005630557824888476,177.60229645093946
c2c2ac07fae5b48db4eebe256a3af375fe2b6947be982fc65d10bcd58b114774:H_bag,c2c2ac07fae5b48db4eebe256a3af375fe2b6947be982fc65d10bcd58b114774,I4,cb7327bcf45ff5d8faabadbfacdee65bf742753da71d9c245c2ba2b2b3b9f0f2,592885,H_bag,ACTION_CHANGED_HORIZON_COMPLETE,true,,true,true,true,HARMFUL,0.5999999999985448,[3561],,,I4|BODY|NO_DIVERGENCE|HIGH,471856,945,0.0020027296463327794,499.31851851851854
a982729c2b39a89ccd09aa188c39617c1a2693e384abecc6c302564f30bbf1e7:H_bag,a982729c2b39a89ccd09aa188c39617c1a2693e384abecc6c302564f30bbf1e7,I3,7607025aa39e8e2fd174828f79a2383e82550ac6e9e6905c39a01659f5481e0f,596570,H_bag,ACTION_CHANGED_HORIZON_COMPLETE,true,,true,true,true,HARMFUL,76.64999999999782,[6689],,,I3|BODY|NO_DIVERGENCE|HIGH,170143,958,0.005630557824888476,177.60229645093946
20783d32038f6110682b9d30003e4f5716a1eb6f8e624ecd46593821f9228c1c:H_system,20783d32038f6110682b9d30003e4f5716a1eb6f8e624ecd46593821f9228c1c,I4,eb4f6c2559fdc60305b90354fc9a1e2fa6d3d5cd761021ea7d8eb5a176a69c9a,597655,H_system,ACTION_CHANGED_HORIZON_COMPLETE,true,,true,true,true,NEUTRAL_WITHIN_TOLERANCE,0.0,[6514],[6514],[],I4|BODY|NO_DIVERGENCE|HIGH,471856,945,0.0020027296463327794,499.31851851851854
21216bb22633deb1729a950deb2e903553abecb9e755cf0352ab8da1c7234938:H_bag,21216bb22633deb1729a950deb2e903553abecb9e755cf0352ab8da1c7234938,I4,7b3d2f75ec730e398bb72055205ea73cffcd1018213f8706f39eb148aadc2556,598732,H_bag,ACTION_CHANGED_HORIZON_COMPLETE,true,,true,true,true,HARMFUL,0.42316999999820837,[6706],,,I4|BODY|NO_DIVERGENCE|HIGH,471856,945,0.0020027296463327794,499.31851851851854
b1be3e675c82754db20a653f962a696905aa7718303a13d0f032fc5ca945e7e1:H_bag,b1be3e675c82754db20a653f962a696905aa7718303a13d0f032fc5ca945e7e1,I3,cca46571e3f989f64ce418221a314e17a1d6a0bc6c2f4f21bdfc9e87d4cc99ba,598876,H_bag,ACTION_CHANGED_HORIZON_COMPLETE,true,,true,true,true,HARMFUL,75.72336999999607,[6691],,,I3|BODY|NO_DIVERGENCE|HIGH,170143,958,0.005630557824888476,177.60229645093946
a24865c019ce0dcb942dcec9857796deb2d7ba175c327f154287f12892bbe68b:H_bag,a24865c019ce0dcb942dcec9857796deb2d7ba175c327f154287f12892bbe68b,I4,b011a995a36e46ecacfe6f5940e7c5d0f47c7c4d7a2f54ac653f35b8bfea70dd,602601,H_bag,ACTION_CHANGED_HORIZON_COMPLETE,true,,true,true,true,HARMFUL,2.2333099999996193,[6813],,,I4|BODY|NO_DIVERGENCE|HIGH,471856,945,0.0020027296463327794,499.31851851851854
e054f593e02dac70e64e2c5e945f81c6d4c134036012b657253a19fec5cb5855:H_bag,e054f593e02dac70e64e2c5e945f81c6d4c134036012b657253a19fec5cb5855,I4,5654bf5fcae0671fbaf4aa9481e099f42acf067a954f6b7c1c72b075db109da1,606174,H_bag,ACTION_CHANGED_HORIZON_COMPLETE,true,,true,true,true,NEUTRAL_WITHIN_TOLERANCE,0.0,[6825],,,I4|BODY|NO_DIVERGENCE|HIGH,471856,945,0.0020027296463327794,499.31851851851854
689d62ae7e8c9cade456c7e0cd4a9baabb60c1d5104d8bb0497ea7f22d88c801:H_bag,689d62ae7e8c9cade456c7e0cd4a9baabb60c1d5104d8bb0497ea7f22d88c801,I4,f82a37a413d30b7cc437fb3ae3b4d5ef99785fc62a71353905709a9d477d61cd,608524,H_bag,ACTION_CHANGED_HORIZON_COMPLETE,true,,true,true,true,NEUTRAL_WITHIN_TOLERANCE,0.0,[6841],,,I4|BODY|NO_DIVERGENCE|HIGH,471856,945,0.0020027296463327794,499.31851851851854
12c8a509f088d83679719e75f7bc58be80ed4e9c18a049d3281b32b9fd224299:H_bag,12c8a509f088d83679719e75f7bc58be80ed4e9c18a049d3281b32b9fd224299,I4,be33689d5eee329bc48815eb28ce9350f64d72f79c0084b5407a247265b38f65,610209,H_bag,ACTION_CHANGED_HORIZON_COMPLETE,true,,true,true,true,NEUTRAL_WITHIN_TOLERANCE,0.0,[6796],,,I4|BODY|NO_DIVERGENCE|HIGH,471856,945,0.0020027296463327794,499.31851851851854
3c6b329f0e912154ca017902203e282785bc95c3e5338180736fab67aa6d9bbb:H_bag,3c6b329f0e912154ca017902203e282785bc95c3e5338180736fab67aa6d9bbb,I4,1bef6265eeeef51553bf9d3eb2772d5563e0f86c38635f414abb813efb1b275c,610496,H_bag,ACTION_CHANGED_HORIZON_COMPLETE,true,,true,true,true,HARMFUL,0.8000000000029104,[6732],,,I4|BODY|NO_DIVERGENCE|HIGH,471856,945,0.0020027296463327794,499.31851851851854
60c55503d0e79d11a189549185eed24280161072296fd4702352f72b0bca816c:H_bag,60c55503d0e79d11a189549185eed24280161072296fd4702352f72b0bca816c,I4,6754674fc40f0ae8027be4042a0b95344b2d387285aa216a0b814ca226f1239e,614082,H_bag,ACTION_CHANGED_HORIZON_COMPLETE,true,,true,true,true,NEUTRAL_WITHIN_TOLERANCE,0.0,[6797],,,I4|BODY|NO_DIVERGENCE|HIGH,471856,945,0.0020027296463327794,499.31851851851854
7747f2a93faa36f915017cd51f6025f7edf1231b074626203c3168d3906926d3:H_bag,7747f2a93faa36f915017cd51f6025f7edf1231b074626203c3168d3906926d3,I4,1d2fc6ee0e200fa82806fd0270d9fdcb2ba7fe86d3e1d52a4f9873113d48743d,615777,H_bag,ACTION_CHANGED_HORIZON_COMPLETE,true,,true,true,true,HARMFUL,0.5946599999952014,[869],,,I4|BODY|NO_DIVERGENCE|HIGH,471856,945,0.0020027296463327794,499.31851851851854
f6d027d7b2e02b6cdf7736d50e6dcd2d50a30cd9c56dcfd6d1b7f21756d29844:H_bag,f6d027d7b2e02b6cdf7736d50e6dcd2d50a30cd9c56dcfd6d1b7f21756d29844,I4,954d2642e5c7742f0978bab481222270554201e67a0b41db1ec418f568f1ded0,615840,H_bag,ACTION_CHANGED_HORIZON_COMPLETE,true,,true,true,true,HARMFUL,4.023359999995591,[6612],,,I4|TAIL|NO_DIVERGENCE|HIGH,13582,67,0.004932999558238846,202.71641791044775
0d939b073fdd657f1050cc6c2ffad368dc458b4661604b9d2a5d30af926112cf:H_system,0d939b073fdd657f1050cc6c2ffad368dc458b4661604b9d2a5d30af926112cf,I4,1bf23aa16a958d246eca16b9b04ae3d9b9a9a707068b34d4b9b8e3beb8f57a78,626400,H_system,ACTION_CHANGED_HORIZON_COMPLETE,true,,true,true,true,HARMFUL,6.309198909093539e-05,[1991],"[1991,2017,2021,2050,2108,2184,2284,2306,2312,2331,2339,2350,2610,2612,2625,2633,2643,2653,2655,2659,2663,2677,6855,6864]","[2017,2021,2050,2108,2184,2284,2306,2312,2331,2339,2350,2610,2612,2625,2633,2643,2653,2655,2659,2663,2677,6855,6864]",I4|BODY|NO_DIVERGENCE|HIGH,471856,945,0.0020027296463327794,499.31851851851854
d7adc78618a619c5f41bcc7f03244e0d10589a8a2f96804eb00682914c4f202a:H_bag,d7adc78618a619c5f41bcc7f03244e0d10589a8a2f96804eb00682914c4f202a,I3,72f068f5067fa3533fc01c189339b767d87c252bcf25a5e120d73f4af43d81b5,629720,H_bag,ACTION_CHANGED_HORIZON_COMPLETE,true,,true,true,true,HARMFUL,78.84999999999854,[2312],,,I3|BODY|NO_DIVERGENCE|HIGH,170143,958,0.005630557824888476,177.60229645093946
357f2482195707e139f59ade7268146a1f1e2d768bdca1e8e0414ac34113876a:H_bag,357f2482195707e139f59ade7268146a1f1e2d768bdca1e8e0414ac34113876a,I4,d1d90defd01a1105b75e80a73c0d76acde9ae315f63080cee599488fe825d65b,634176,H_bag,ACTION_CHANGED_HORIZON_COMPLETE,true,,true,true,true,HARMFUL,0.0010000000002037268,[2643],,,I4|BODY|NO_DIVERGENCE|HIGH,471856,945,0.0020027296463327794,499.31851851851854
000e2f434f3c95829cbd7f67a7258310f2840869c8154f4127327978fe682af7:H_bag,000e2f434f3c95829cbd7f67a7258310f2840869c8154f4127327978fe682af7,I3,96f498e1c5d76f7bcb6369d49978126702200e051176c5abeef9cf2234a17751,635785,H_bag,ACTION_CHANGED_HORIZON_COMPLETE,true,,true,true,true,HARMFUL,83.05855999999767,[2455],,,I3|BODY|NO_DIVERGENCE|HIGH,170143,958,0.005630557824888476,177.60229645093946
55fc9e11a893c4235fc6fc1d2e4dd34d1608fb8ec7c99ed30ebd50b3c5dd1a4b:H_bag,55fc9e11a893c4235fc6fc1d2e4dd34d1608fb8ec7c99ed30ebd50b3c5dd1a4b,I3,ffdae3efc3fb01d3a0a6d0666d4512b87dfd353f6004dc71749841cb67128929,639324,H_bag,ACTION_CHANGED_HORIZON_COMPLETE,true,,true,true,true,HARMFUL,75.4994499999957,[6881],,,I3|BODY|NO_DIVERGENCE|HIGH,170143,958,0.005630557824888476,177.60229645093946
10aad2ff93bb08be8ecb39d6159966e02e1619e176253bf8dc91201178768d75:H_bag,10aad2ff93bb08be8ecb39d6159966e02e1619e176253bf8dc91201178768d75,I4,dfcce676b77b840958cd1248cede29ecb9a257c62ef131849b7b8951e0355a0d,641007,H_bag,ACTION_CHANGED_HORIZON_COMPLETE,true,,true,true,true,HARMFUL,0.25,[6947],,,I4|BODY|NO_DIVERGENCE|HIGH,471856,945,0.0020027296463327794,499.31851851851854
2c848e436ec4a2b07827051e234e26cce11996c4ce55a66d70b77131e714a5d3:H_system,2c848e436ec4a2b07827051e234e26cce11996c4ce55a66d70b77131e714a5d3,I4,039db43f7ac1fd7c5d3207e5ae4d548b34ba0c82c6c2e7ac53f7a326508ff9e8,641078,H_system,ACTION_CHANGED_HORIZON_COMPLETE,true,,true,true,true,HARMFUL,1.3381189347683176e-05,[2731],[2731],[],I4|BODY|NO_DIVERGENCE|HIGH,471856,945,0.0020027296463327794,499.31851851851854
964b43054a185b221a038e1357cf266664f1931b62b3f078a1e1b9c118a0131c:H_system,964b43054a185b221a038e1357cf266664f1931b62b3f078a1e1b9c118a0131c,I3,4d374de0de4bac73082f0ac911db461cf8359670651c29e4db2de82f3c86f833,641559,H_system,ACTION_CHANGED_HORIZON_COMPLETE,true,,true,true,true,HARMFUL,-5.102584685801048e-05,[3035],"[3035,3038,3047,3055,3061,3072,3080,3086,3090,3093,3098,3105,3109,3112,3117,3136,3145,3170,3174,3178,3186,3192,3196,3202,3208,3214,3218,3225,3231,3233,3238,3262,3284,3305,3315,3453,3461,3469,3489,3497,3517,3532,3559,3618,3633,3637,3644,3650,3656,3663,3667,3675,3685,3687,3694,3701,3703,3709,3714,3723,3727,3733,3745,3749,6960,6961,6968,6969,6970,6974,6977]","[3038,3047,3055,3061,3072,3080,3086,3090,3093,3098,3105,3109,3112,3117,3136,3145,3170,3174,3178,3186,3192,3196,3202,3208,3214,3218,3225,3231,3233,3238,3262,3284,3305,3315,3453,3461,3469,3489,3497,3517,3532,3559,3618,3633,3637,3644,3650,3656,3663,3667,3675,3685,3687,3694,3701,3703,3709,3714,3723,3727,3733,3745,3749,6960,6961,6968,6969,6970,6974,6977]",I3|BODY|NO_DIVERGENCE|HIGH,170143,958,0.005630557824888476,177.60229645093946
f81b555a007916b4feaefd9e2ec1bb354204e6e1301bc4ce5291e8ffc99b519d:H_bag,f81b555a007916b4feaefd9e2ec1bb354204e6e1301bc4ce5291e8ffc99b519d,I3,e216e1af33727a353c7ba3a93b2da13ee9699062030339ee2d15151e4a894a07,642506,H_bag,ACTION_CHANGED_HORIZON_COMPLETE,true,,true,true,true,NEUTRAL_WITHIN_TOLERANCE,0.0,[3080],,,I3|BODY|NO_DIVERGENCE|HIGH,170143,958,0.005630557824888476,177.60229645093946
b03c6fee40808627185a07e74db8fe5d8b97b8d923a744518deeff13b660f66e:H_bag,b03c6fee40808627185a07e74db8fe5d8b97b8d923a744518deeff13b660f66e,I3,7048e415328f94b5210314db8333e1b2fbf077f0a166519ed7aca512b616b2ea,643910,H_bag,ACTION_CHANGED_HORIZON_COMPLETE,true,,true,true,true,HARMFUL,71.29999999999927,[6938],,,I3|BODY|NO_DIVERGENCE|HIGH,170143,958,0.005630557824888476,177.60229645093946
4a1d0d14c3a71680b0beea19eddeac7ae60ce09e2e5ce432b7f854d941174808:H_bag,4a1d0d14c3a71680b0beea19eddeac7ae60ce09e2e5ce432b7f854d941174808,I4,6cc0ab285012b6088985353246fc12615d7219696da4d46a4f31ba399f25172b,644817,H_bag,ACTION_CHANGED_HORIZON_COMPLETE,true,,true,true,true,NEUTRAL_WITHIN_TOLERANCE,0.0,[3174],,,I4|BODY|NO_DIVERGENCE|HIGH,471856,945,0.0020027296463327794,499.31851851851854
d9265a86ceb5ce2dcbc73ae4f9f7409013f416c578085065f351730e28af5025:H_bag,d9265a86ceb5ce2dcbc73ae4f9f7409013f416c578085065f351730e28af5025,I3,debf9640f7a659262ff9c65ec928c85508ba6da52d6177eec70f751b4fec0547,651590,H_bag,ACTION_CHANGED_HORIZON_COMPLETE,true,,true,true,true,HARMFUL,24.299999999999272,[3656],,,I3|BODY|NO_DIVERGENCE|HIGH,170143,958,0.005630557824888476,177.60229645093946
76565644f91104f8bdff9488f66e5a7a0602b08b2c758c3b0618471b90c0dffc:H_bag,76565644f91104f8bdff9488f66e5a7a0602b08b2c758c3b0618471b90c0dffc,I4,583d388cfd7636490b6fd6c13b21aac99ac8511ea258503a5f529e06f4c07c44,653721,H_bag,ACTION_CHANGED_HORIZON_COMPLETE,true,,true,true,true,HARMFUL,0.0010000000002037268,[3733],,,I4|BODY|NO_DIVERGENCE|HIGH,471856,945,0.0020027296463327794,499.31851851851854
d6412d22d235d64a9301db3a4873446d6ee924bf4f7d82d00b0e8300fe4a081d:H_bag,d6412d22d235d64a9301db3a4873446d6ee924bf4f7d82d00b0e8300fe4a081d,I4,ecd6b1a9cd623f1858c62ed34b5e0708b1e7d307b3b93e8e80f97dbd214d072e,653736,H_bag,ACTION_CHANGED_HORIZON_COMPLETE,true,,true,true,true,NEUTRAL_WITHIN_TOLERANCE,0.0,[6995],,,I4|BODY|NO_DIVERGENCE|HIGH,471856,945,0.0020027296463327794,499.31851851851854
a55244dee8977e546017653e85c7e97119bf12824fcd3034a67c7ad29c45bdf1:H_bag,a55244dee8977e546017653e85c7e97119bf12824fcd3034a67c7ad29c45bdf1,I4,2fee8fe779879a5c7fbf7d50a795b664300594df90e1f9ceb7140e63a901352c,654878,H_bag,ACTION_CHANGED_HORIZON_COMPLETE,true,,true,true,true,NEUTRAL_WITHIN_TOLERANCE,0.0,[7075],,,I4|BODY|DIVERGENCE|HIGH,30514,61,0.0019990823884118766,500.2295081967213
5d5d4d91eaafb5cd433c7aa8b31da22d1fd87726c05c82665e6a37f44a091b12:H_bag,5d5d4d91eaafb5cd433c7aa8b31da22d1fd87726c05c82665e6a37f44a091b12,I3,6660df07c0bc6f633625ae6dc2562d02df90c4a8353cd89b0a95f66501d21392,655770,H_bag,ACTION_CHANGED_HORIZON_COMPLETE,true,,true,true,true,HARMFUL,24.049999999999272,[3804],,,I3|BODY|NO_DIVERGENCE|HIGH,170143,958,0.005630557824888476,177.60229645093946
87d69727a3b0b4d04857df47de391c1bd2ae92b200f32023b4b217abd0f09a89:H_bag,87d69727a3b0b4d04857df47de391c1bd2ae92b200f32023b4b217abd0f09a89,I4,1960d707c0431c98c393c1a936b49d5ecc7bd484dc6bbcc227a721a725f99cc2,656939,H_bag,ACTION_CHANGED_HORIZON_COMPLETE,true,,true,true,true,NEUTRAL_WITHIN_TOLERANCE,0.0,[7080],,,I4|BODY|NO_DIVERGENCE|HIGH,471856,945,0.0020027296463327794,499.31851851851854
c0cad8445c0a78d55af675a46f05a05dc5d686e7d95c5b345c413a2c46441c9c:H_bag,c0cad8445c0a78d55af675a46f05a05dc5d686e7d95c5b345c413a2c46441c9c,I4,2ffb6a049293a8491a711eff9b1356780c985da18b95eb1e5ec37d75c2b2e54e,657827,H_bag,ACTION_CHANGED_HORIZON_COMPLETE,true,,true,true,true,NEUTRAL_WITHIN_TOLERANCE,0.0,[7022],,,I4|BODY|NO_DIVERGENCE|HIGH,471856,945,0.0020027296463327794,499.31851851851854
595e7bfb4b3c7c52cbe80f3ebee9231b05e574839d55184dd9c50c0949bcb473:H_bag,595e7bfb4b3c7c52cbe80f3ebee9231b05e574839d55184dd9c50c0949bcb473,I3,8c3bffaf511a48e7a239f769b1d8fd157917afd4418233016cec32221514e25f,658192,H_bag,ACTION_CHANGED_HORIZON_COMPLETE,true,,true,true,true,HARMFUL,78.0999999999949,[3782],,,I3|BODY|NO_DIVERGENCE|HIGH,170143,958,0.005630557824888476,177.60229645093946
5e63e3c5ea47638d767896e6d29c2ef9912f31596304cd5b377015cd8c2a08c6:H_bag,5e63e3c5ea47638d767896e6d29c2ef9912f31596304cd5b377015cd8c2a08c6,I4,4123269f2fe58bfc08778cc71597b6c9daf1c4492a8f556b0ea2864495b95aa3,658459,H_bag,ACTION_CHANGED_HORIZON_COMPLETE,true,,true,true,true,HARMFUL,1.0,[7048],,,I4|BODY|NO_DIVERGENCE|HIGH,471856,945,0.0020027296463327794,499.31851851851854
b327306b1cc7d68c908219a86d1573f819d8eaa5432bb29beef3407e9a35dc23:H_system,b327306b1cc7d68c908219a86d1573f819d8eaa5432bb29beef3407e9a35dc23,I3,d4dc47c920da9d030b3bfef6ca3d339c8840bc624be4010251abe27e7a569fd1,659409,H_system,ACTION_CHANGED_HORIZON_COMPLETE,true,,true,true,true,HARMFUL,-0.03783556246128228,[3733],"[923,925,927,929,931,933,935,949,955,963,965,967,983,1003,1117,1119,1131,1149,1179,1347,1351,1359,1365,1517,1744,1783,1823,1831,1913,1919,1935,1943,1973,2080,2176,2180,2193,2199,2211,2223,2248,2253,2264,2268,2270,2333,2335,2409,2443,2451,2517,2521,2529,2566,2573,2577,2605,2641,2665,2836,2866,2903,2917,2926,2943,2959,2961,2963,2977,2979,2983,2994,2998,3005,3010,3012,3020,3023,3043,3220,3267,3273,3280,3282,3287,3289,3294,3296,3303,3307,3331,3335,3340,3347,3353,3359,3399,3415,3419,3425,3448,3504,3519,3546,3550,3556,3589,3605,3639,3658,3665,3672,3679,3696,3725,3733,3736,3747,3751,3824,3869,3879,3900,3906,3914,3960,3971,3973,3987,4006,4011,4034,4037,4057,4157,4167,4187,4216,4220,4249,4257,4268,4278,4281,4292,4335,4362,4435,4460,7046,7053,7059,7061,7066,7075,7082,7090,7108,7111,7122,7126,7130,7134,7141,7143,7147,7148,7150,7152,7154,7155,7157,7158,7160,7162,7163,7165,7167,7169,7171,7173,7175,7177,7180,7181,7183,7185,7187,7189,7191,7192,7193,7195,7198,7200,7203,7206,7207,7209,7210,7211,7213,7215,7216,7217,7219,7220,7221,7222,7224,7225,7227,7228,7230,7232,7234,7236,7238,7239,7241,7242,7243,7245,7247,7249,7251,7252,7253,7255,7256,7258,7259,7261,7263,7265,7267,7269,7271,7273,7274,7276,7278,7279,7280,7282,7283,7285,7287,7289,7290,7292,7294,7296,7297,7302,7305,7307,7309,7310,7314,7316,7318,7320,7323,7324,7326,7331,7332,7335,7343,7345,7350,7358,7361,7365,7372,7377,7379,7385,7387,7393,7395,7397,7399,7401,7403]","[923,925,927,929,931,933,935,949,955,963,965,967,983,1003,1117,1119,1131,1149,1179,1347,1351,1359,1365,1517,1744,1783,1823,1831,1913,1919,1935,1943,1973,2080,2176,2180,2193,2199,2211,2223,2248,2253,2264,2268,2270,2333,2335,2409,2443,2451,2517,2521,2529,2566,2573,2577,2605,2641,2665,2836,2866,2903,2917,2926,2943,2959,2961,2963,2977,2979,2983,2994,2998,3005,3010,3012,3020,3023,3043,3220,3267,3273,3280,3282,3287,3289,3294,3296,3303,3307,3331,3335,3340,3347,3353,3359,3399,3415,3419,3425,3448,3504,3519,3546,3550,3556,3589,3605,3639,3658,3665,3672,3679,3696,3725,3736,3747,3751,3824,3869,3879,3900,3906,3914,3960,3971,3973,3987,4006,4011,4034,4037,4057,4157,4167,4187,4216,4220,4249,4257,4268,4278,4281,4292,4335,4362,4435,4460,7046,7053,7059,7061,7066,7075,7082,7090,7108,7111,7122,7126,7130,7134,7141,7143,7147,7148,7150,7152,7154,7155,7157,7158,7160,7162,7163,7165,7167,7169,7171,7173,7175,7177,7180,7181,7183,7185,7187,7189,7191,7192,7193,7195,7198,7200,7203,7206,7207,7209,7210,7211,7213,7215,7216,7217,7219,7220,7221,7222,7224,7225,7227,7228,7230,7232,7234,7236,7238,7239,7241,7242,7243,7245,7247,7249,7251,7252,7253,7255,7256,7258,7259,7261,7263,7265,7267,7269,7271,7273,7274,7276,7278,7279,7280,7282,7283,7285,7287,7289,7290,7292,7294,7296,7297,7302,7305,7307,7309,7310,7314,7316,7318,7320,7323,7324,7326,7331,7332,7335,7343,7345,7350,7358,7361,7365,7372,7377,7379,7385,7387,7393,7395,7397,7399,7401,7403]",I3|BODY|NO_DIVERGENCE|HIGH,170143,958,0.005630557824888476,177.60229645093946
c43ce8b75a352417670eb673ba7710a26ae12c68601287953a5ae05736b5191b:H_bag,c43ce8b75a352417670eb673ba7710a26ae12c68601287953a5ae05736b5191b,I3,af1d30c2aaf2aebf9492206f6d80973a0c4387fdb6e360febcaed1b179b2f0b3,661332,H_bag,ACTION_CHANGED_HORIZON_COMPLETE,true,,true,true,true,HARMFUL,6.292959999998857,[7120],,,I3|BODY|NO_DIVERGENCE|HIGH,170143,958,0.005630557824888476,177.60229645093946
f7f00664cd5ebc8b3dbd2885574a80944ed70c4fc4e9ae35613bd74cd3c65f7f:H_bag,f7f00664cd5ebc8b3dbd2885574a80944ed70c4fc4e9ae35613bd74cd3c65f7f,I3,e662654e80cdf9f2a791bd0b39f5385379a175160e3881b8ce240af5986e5f2c,666236,H_bag,ACTION_CHANGED_HORIZON_COMPLETE,true,,true,true,true,BENEFICIAL,-58.58760000000257,[7155],,,I3|BODY|NO_DIVERGENCE|HIGH,170143,958,0.005630557824888476,177.60229645093946
d5fa7f4a7d6c057cea84c8bc109ca75327f4d2424a942018f4a168472b51bcd5:H_bag,d5fa7f4a7d6c057cea84c8bc109ca75327f4d2424a942018f4a168472b51bcd5,I3,8fc853ed9f434647e61711ec139087db26fee38076966a912cc2c777952a1f45,671377,H_bag,ACTION_CHANGED_HORIZON_COMPLETE,true,,true,true,true,NEUTRAL_WITHIN_TOLERANCE,0.0,[1347],,,I3|BODY|NO_DIVERGENCE|HIGH,170143,958,0.005630557824888476,177.60229645093946
4f6b7d192e9cc03c7d6b957c18acde265b57be61405111f625dc161c79bd22ad:H_bag,4f6b7d192e9cc03c7d6b957c18acde265b57be61405111f625dc161c79bd22ad,I4,b511f0bdf0d68734a9648e3132546769fdccf42988d72dde180487b913f363b3,671489,H_bag,ACTION_CHANGED_HORIZON_COMPLETE,true,,true,true,true,HARMFUL,1.0,[177],,,I4|BODY|NO_DIVERGENCE|HIGH,471856,945,0.0020027296463327794,499.31851851851854
bb1a13bca96333aba7ea5a3dde186c4e9e8b9bd894cd15a576b7f737a3588539:H_bag,bb1a13bca96333aba7ea5a3dde186c4e9e8b9bd894cd15a576b7f737a3588539,I3,904cfeaea5c569c9046e01f3a93a97c01a3e423435642869e0ed76db8c031c8b,672749,H_bag,ACTION_CHANGED_HORIZON_COMPLETE,true,,true,true,true,NEUTRAL_WITHIN_TOLERANCE,0.0,[1919],,,I3|BODY|NO_DIVERGENCE|HIGH,170143,958,0.005630557824888476,177.60229645093946
59b428bd526b5bd1d435aacec8b4fbdf692919a8d3a951149251aa6ccb23ff49:H_bag,59b428bd526b5bd1d435aacec8b4fbdf692919a8d3a951149251aa6ccb23ff49,I3,d8459cab4654f94fb0f01a37ce21dfa15dd8cb76a631d8dedfd1fb5a67c036cd,672799,H_bag,ACTION_CHANGED_HORIZON_COMPLETE,true,,true,true,true,HARMFUL,77.0532899999962,[7147],,,I3|BODY|NO_DIVERGENCE|HIGH,170143,958,0.005630557824888476,177.60229645093946
e0a5741d193f6c323322a30d56215940056a517ab87b31cfb6d45fd7a3c23513:H_bag,e0a5741d193f6c323322a30d56215940056a517ab87b31cfb6d45fd7a3c23513,I3,55ff8ae9b98b1df6932334d1692b0b05d1fce1f3e4e236e49948ef11a5cf73c8,675816,H_bag,ACTION_CHANGED_HORIZON_COMPLETE,true,,true,true,true,HARMFUL,6.799999999995634,[7216],,,I3|BODY|NO_DIVERGENCE|HIGH,170143,958,0.005630557824888476,177.60229645093946
9c9877640e4bae10bcd2fdc0122effd43ab67df7444e15bcb17ea929a089c5a7:H_bag,9c9877640e4bae10bcd2fdc0122effd43ab67df7444e15bcb17ea929a089c5a7,I3,fafa2149d65b1c9ac23566040bb8598ffad31949317ae62312f4351aea777b5a,676019,H_bag,ACTION_CHANGED_HORIZON_COMPLETE,true,,true,true,true,HARMFUL,93.76831999999922,[2199],,,I3|BODY|NO_DIVERGENCE|HIGH,170143,958,0.005630557824888476,177.60229645093946
ae5cc8a8426e539e315cf270332d90315ec82021530ff2dd5a3d6ad8929a1344:H_bag,ae5cc8a8426e539e315cf270332d90315ec82021530ff2dd5a3d6ad8929a1344,I4,bc4593bc5e804c5d6799288fef160c0b7d7d9207a1aca9f55e0e5e9737969332,678515,H_bag,ACTION_CHANGED_HORIZON_COMPLETE,true,,true,true,true,NEUTRAL_WITHIN_TOLERANCE,0.0,[7162],,,I4|BODY|NO_DIVERGENCE|HIGH,471856,945,0.0020027296463327794,499.31851851851854
50e75d4fc3dadaa8ec275d3f5f1188d46edadad9e28cb8e09deee2a8a2ab9edc:H_system,50e75d4fc3dadaa8ec275d3f5f1188d46edadad9e28cb8e09deee2a8a2ab9edc,I4,4b34d5e64f3a6d3ecce8a422b3c2ab3bed406fa4a1d2e22e7137a9b201453d7e,680173,H_system,ACTION_CHANGED_HORIZON_COMPLETE,true,,true,true,true,BENEFICIAL,0.0,[7206],"[7206,7209]",[7209],I4|BODY|NO_DIVERGENCE|HIGH,471856,945,0.0020027296463327794,499.31851851851854
2bfd0fb2d238100576b321936bbb81da510da69b6968df9291755ac9e90e93d9:H_system,2bfd0fb2d238100576b321936bbb81da510da69b6968df9291755ac9e90e93d9,I4,b3810c0419923c87702e0c5e25f0cc2fc548793c58df4993951ec18a36d9c612,683363,H_system,ACTION_CHANGED_HORIZON_COMPLETE,true,,true,true,true,NEUTRAL_WITHIN_TOLERANCE,0.0,[7160],[],[],I4|TAIL|NO_DIVERGENCE|HIGH,13582,67,0.004932999558238846,202.71641791044775
5bdfe24363a542a94891a230f2120b3c2adc1b6ca38d23df174dd9f8a0874cff:H_bag,5bdfe24363a542a94891a230f2120b3c2adc1b6ca38d23df174dd9f8a0874cff,I3,cb2c0a350a1aa81df9bc196a7d20ebadf5b080b22e684b909a076e387e2ba8ef,683394,H_bag,ACTION_CHANGED_HORIZON_COMPLETE,true,,true,true,true,HARMFUL,60.40647999999419,[7238],,,I3|BODY|NO_DIVERGENCE|HIGH,170143,958,0.005630557824888476,177.60229645093946
f2188ea86b2df8b7bbc1975863aca9985e939a5b33a290fd99cea73662981876:H_bag,f2188ea86b2df8b7bbc1975863aca9985e939a5b33a290fd99cea73662981876,I3,8e7f262a6ea0a4892a3a775b5c0425227ef2faca32cc66d72c932bd50d872a2f,683460,H_bag,ACTION_CHANGED_HORIZON_COMPLETE,true,,true,true,true,HARMFUL,31.793509999999515,[7255],,,I3|BODY|NO_DIVERGENCE|HIGH,170143,958,0.005630557824888476,177.60229645093946
e5d30757b0787f7d937b649ea16bf552645b580c643e4e24a87f6a20da51d21a:H_bag,e5d30757b0787f7d937b649ea16bf552645b580c643e4e24a87f6a20da51d21a,I3,69837bf19dbdebf32813987d07d7acf3a643559854cff6a4b33aef7c37d16862,689459,H_bag,ACTION_CHANGED_HORIZON_COMPLETE,true,,true,true,true,HARMFUL,85.11343000000124,[3725],,,I3|BODY|NO_DIVERGENCE|HIGH,170143,958,0.005630557824888476,177.60229645093946
b32393224473aca5f6c010476fd09bfc8ed6991f077ec0ada4289588c36897ed:H_bag,b32393224473aca5f6c010476fd09bfc8ed6991f077ec0ada4289588c36897ed,I4,85a96a9167c93b8e87e4abc54f280091987bd3b9d8931368f88e08b5d8c52f54,689659,H_bag,ACTION_CHANGED_HORIZON_COMPLETE,true,,true,true,true,NEUTRAL_WITHIN_TOLERANCE,0.0,[7261],,,I4|BODY|NO_DIVERGENCE|HIGH,471856,945,0.0020027296463327794,499.31851851851854
7bff23ad636d521e7d2f686a9040a5e454b243c0d5c2f5665f3303ba29f032c3:H_bag,7bff23ad636d521e7d2f686a9040a5e454b243c0d5c2f5665f3303ba29f032c3,I3,19ec39b57252a35b0f1a4ed5f08e1fe8e129dab5dcd823ec010396535945a0f1,692328,H_bag,ACTION_CHANGED_HORIZON_COMPLETE,true,,true,true,true,HARMFUL,162.1709800000026,[7247],,,I3|BODY|NO_DIVERGENCE|HIGH,170143,958,0.005630557824888476,177.60229645093946
8ccf955c56b1e606d13832650a055c997a31ebca6d90402034c54a1777ec64d6:H_bag,8ccf955c56b1e606d13832650a055c997a31ebca6d90402034c54a1777ec64d6,I4,2fa5f98abd6bd435f2f1e988fb2933907acb38e124333abee94352b46cd597e1,694312,H_bag,ACTION_CHANGED_HORIZON_COMPLETE,true,,true,true,true,NEUTRAL_WITHIN_TOLERANCE,0.0,[7282],,,I4|BODY|NO_DIVERGENCE|HIGH,471856,945,0.0020027296463327794,499.31851851851854
ecb5dd85626228f3a2b7f1ad7e2d4e51b5b202f107228bc8153b46deda898d07:H_bag,ecb5dd85626228f3a2b7f1ad7e2d4e51b5b202f107228bc8153b46deda898d07,I3,9a08cdcab4c38a77f1ccd2b8e6ffb7971aaee2ed80b819ebccc93c1ff966e66a,694330,H_bag,ACTION_CHANGED_HORIZON_COMPLETE,true,,true,true,true,HARMFUL,72.08124000000316,[7258],,,I3|BODY|NO_DIVERGENCE|HIGH,170143,958,0.005630557824888476,177.60229645093946
7dd50a46dbacc97e7542b2c138ce05c94bbab817f2fb20bb3d0903d3126b8ec7:H_bag,7dd50a46dbacc97e7542b2c138ce05c94bbab817f2fb20bb3d0903d3126b8ec7,I3,43658f4ddc5051fdfa0cd353e512a72079041e13d8432cd0986c4847b25e8573,694601,H_bag,ACTION_CHANGED_HORIZON_COMPLETE,true,,true,true,true,HARMFUL,74.49811000000045,[7258],,,I3|BODY|NO_DIVERGENCE|HIGH,170143,958,0.005630557824888476,177.60229645093946
1c28678e3e96ab0167781ad66b4f16ec39b52a1ae5e3f1880aa321fb4e329fb5:H_bag,1c28678e3e96ab0167781ad66b4f16ec39b52a1ae5e3f1880aa321fb4e329fb5,I3,659060d4a91b41e81de67a6dcf0fde287a0304dacdb18b96415fc358edb3f5f1,696743,H_bag,ACTION_CHANGED_HORIZON_COMPLETE,true,,true,true,true,HARMFUL,42.24380999999994,[7313],,,I3|BODY|NO_DIVERGENCE|HIGH,170143,958,0.005630557824888476,177.60229645093946
7c59f4a0c040022c6b1c8d7a49ca5474e6c1176e81b08720802755b6bddf4c48:H_bag,7c59f4a0c040022c6b1c8d7a49ca5474e6c1176e81b08720802755b6bddf4c48,I3,3edd162137d9063b1f6610c2adf487f93457c55fbfa22d52a9e6808304b82a16,697786,H_bag,ACTION_CHANGED_HORIZON_COMPLETE,true,,true,true,true,HARMFUL,35.72286999999778,[7349],,,I3|BODY|NO_DIVERGENCE|HIGH,170143,958,0.005630557824888476,177.60229645093946
76a69f1f868457a51814691682a2e9e82954f6578e75e9764b28c34a13c8ce6b:H_bag,76a69f1f868457a51814691682a2e9e82954f6578e75e9764b28c34a13c8ce6b,I4,c46ca52016ad805549db16b291004b812a06090197f1bb2dde81939534b45fb0,698258,H_bag,ACTION_CHANGED_HORIZON_COMPLETE,true,,true,true,true,HARMFUL,0.2240700000038487,[7345],,,I4|BODY|NO_DIVERGENCE|HIGH,471856,945,0.0020027296463327794,499.31851851851854
ec2859589f01d58550e677b871ebf42b30766fe66ea0489b8660f28a7d5a41fc:H_bag,ec2859589f01d58550e677b871ebf42b30766fe66ea0489b8660f28a7d5a41fc,I3,f2716060035e188f1e269eec2ba7a7c2f7150ba862ca87e3ff3077187269240d,704352,H_bag,ACTION_CHANGED_HORIZON_COMPLETE,true,,true,true,true,HARMFUL,34.74999999999636,[7423],,,I3|BODY|NO_DIVERGENCE|HIGH,170143,958,0.005630557824888476,177.60229645093946
557b596703358ed54a2b88bfcc58df3b970e999f86174f1607e05d1d98ad5f72:H_bag,557b596703358ed54a2b88bfcc58df3b970e999f86174f1607e05d1d98ad5f72,I3,320507523447260aa0a3574c7f0284bd33b72587cec3f274e7aaf55108d82222,704642,H_bag,ACTION_CHANGED_HORIZON_COMPLETE,true,,true,true,true,NEUTRAL_WITHIN_TOLERANCE,0.0,[7457],,,I3|TAIL|NO_DIVERGENCE|HIGH,4196,58,0.013822688274547188,72.34482758620689
16a6a753992a5412b02db536d36c89c07c9890fd4d00380675f19f57355b642d:H_bag,16a6a753992a5412b02db536d36c89c07c9890fd4d00380675f19f57355b642d,I3,eb662f29018e0e2d338791d5de45ef8b55dea3abc275a17975e9a349466d5a53,706398,H_bag,ACTION_CHANGED_HORIZON_COMPLETE,true,,true,true,true,NEUTRAL_WITHIN_TOLERANCE,0.0,[7484],,,I3|TAIL|NO_DIVERGENCE|HIGH,4196,58,0.013822688274547188,72.34482758620689
2d760abdfa1458d0f3084e89bc425fd42a845888f4b35b02d5e075a85d7aa14c:H_bag,2d760abdfa1458d0f3084e89bc425fd42a845888f4b35b02d5e075a85d7aa14c,I4,b8974b29d046d6118966b53ab01181a102836d129f364cd6b182d9474d40811c,708816,H_bag,ACTION_CHANGED_HORIZON_COMPLETE,true,,true,true,true,NEUTRAL_WITHIN_TOLERANCE,0.0,[7452],,,I4|BODY|NO_DIVERGENCE|HIGH,471856,945,0.0020027296463327794,499.31851851851854
fc504e807f63fa28ea40e2c761b456537ee13a452334ab0b31fc4abeebb3b62e:H_bag,fc504e807f63fa28ea40e2c761b456537ee13a452334ab0b31fc4abeebb3b62e,I4,0b9b3e8e48b0a6c6e772222369f6e9c2d437272d914683aa874eb80525b5f119,709752,H_bag,ACTION_CHANGED_HORIZON_COMPLETE,true,,true,true,true,NEUTRAL_WITHIN_TOLERANCE,0.0,[7469],,,I4|TAIL|NO_DIVERGENCE|HIGH,13582,67,0.004932999558238846,202.71641791044775
a28ebb00854b6ba2226e651c92e75d78bcd796851a9c1c1c728fa7fb191310d3:H_bag,a28ebb00854b6ba2226e651c92e75d78bcd796851a9c1c1c728fa7fb191310d3,I4,0c0d8d73aab382d43f4b6f8c4504949366d029ea6669a4763b079d71765c785e,714973,H_bag,ACTION_CHANGED_HORIZON_COMPLETE,true,,true,true,true,HARMFUL,0.0010000000002037268,[7582],,,I4|BODY|DIVERGENCE|HIGH,30514,61,0.0019990823884118766,500.2295081967213
901a987ea96e58ddee06a75e9e2a93c5959855b1e5a37f094ebafcc63c8f0f27:H_bag,901a987ea96e58ddee06a75e9e2a93c5959855b1e5a37f094ebafcc63c8f0f27,I4,670f21d25de9f340023b70b5aad666d4222a1ec63d7b0e293ad15cedacac77b7,719431,H_bag,ACTION_CHANGED_HORIZON_COMPLETE,true,,true,true,true,NEUTRAL_WITHIN_TOLERANCE,0.0,[7612],,,I4|BODY|DIVERGENCE|HIGH,30514,61,0.0019990823884118766,500.2295081967213
d1ba1e16686cc8ce046b232efd0a2b13f44084a607960fa84584093fa01bddab:H_bag,d1ba1e16686cc8ce046b232efd0a2b13f44084a607960fa84584093fa01bddab,I4,ec138a9f16b8fe3fd86b7473ef5e3876d33a6348adf4ce986924d690311e2223,728963,H_bag,ACTION_CHANGED_HORIZON_COMPLETE,true,,true,true,true,HARMFUL,0.943650000001071,[7612],,,I4|BODY|DIVERGENCE|HIGH,30514,61,0.0019990823884118766,500.2295081967213
b7a05498549027887a78224497caa45e17013d44757a170c04a01ec4cf906265:H_bag,b7a05498549027887a78224497caa45e17013d44757a170c04a01ec4cf906265,I3,249aab83bfe1d6e3265c61fec2a95c00c9f39cdb2752eede1f838785d9256630,730674,H_bag,ACTION_CHANGED_HORIZON_COMPLETE,true,,true,true,true,HARMFUL,27.5,[7710],,,I3|BODY|NO_DIVERGENCE|HIGH,170143,958,0.005630557824888476,177.60229645093946
651e851008b1120f12cfab485167cb0db6291ac73064ef853424bebfa9c9d795:H_bag,651e851008b1120f12cfab485167cb0db6291ac73064ef853424bebfa9c9d795,I4,5a4fc2c2af3a6276d37cd10a9a868e6c8479e2c9bb88f2ad4d74abbd8cf5bc06,731541,H_bag,ACTION_CHANGED_HORIZON_COMPLETE,true,,true,true,true,HARMFUL,0.9000000000014552,[7484],,,I4|TAIL|NO_DIVERGENCE|HIGH,13582,67,0.004932999558238846,202.71641791044775
e7eb81064d62c7d6cc3b535704d09b51b1c3ea432fff259437074bf0c8690417:H_bag,e7eb81064d62c7d6cc3b535704d09b51b1c3ea432fff259437074bf0c8690417,I4,7daecb680654901ab6c05cca68d642fc90e01782495a6bfeff33d048427fa39a,734128,H_bag,ACTION_CHANGED_HORIZON_COMPLETE,true,,true,true,true,NEUTRAL_WITHIN_TOLERANCE,0.0,[7415],,,I4|TAIL|NO_DIVERGENCE|HIGH,13582,67,0.004932999558238846,202.71641791044775
195143a7a8979f2280cfbe34421abd32111b57e62493751828054e244805d458:H_bag,195143a7a8979f2280cfbe34421abd32111b57e62493751828054e244805d458,I4,8fe56b6763569612e2ada015192e515c6ec49ef6b6f8ab81e72336d6f216d3b2,736468,H_bag,ACTION_CHANGED_HORIZON_COMPLETE,true,,true,true,true,HARMFUL,1.0,[7737],,,I4|BODY|NO_DIVERGENCE|HIGH,471856,945,0.0020027296463327794,499.31851851851854
735a68ff0239e670606835959e621e5939123e80be5c344583eec0986faf65db:H_bag,735a68ff0239e670606835959e621e5939123e80be5c344583eec0986faf65db,I4,6711453ed83b3223de36f235b9a968e4ba40503bc233fcf40f724ff8e624077d,740587,H_bag,ACTION_CHANGED_HORIZON_COMPLETE,true,,true,true,true,NEUTRAL_WITHIN_TOLERANCE,0.0,[7442],,,I4|TAIL|NO_DIVERGENCE|HIGH,13582,67,0.004932999558238846,202.71641791044775
c05b7026c85278b6beacc5ec02102453201535b1bc1bc446f13c8c3742f0dcc0:H_bag,c05b7026c85278b6beacc5ec02102453201535b1bc1bc446f13c8c3742f0dcc0,I4,49fd5a761900d23fa5e60532539173e3a771c81a01fa38eb8833f7edecffc4ba,742798,H_bag,ACTION_CHANGED_HORIZON_COMPLETE,true,,true,true,true,NEUTRAL_WITHIN_TOLERANCE,0.0,[7795],,,I4|BODY|NO_DIVERGENCE|HIGH,471856,945,0.0020027296463327794,499.31851851851854
a31946199e4301499b95de6114ef0393fe21eb325b15db1ab83d26a6c2ad2581:H_bag,a31946199e4301499b95de6114ef0393fe21eb325b15db1ab83d26a6c2ad2581,I4,71e7062694e0a5dd7d2327702e357dc65ef490b3836f7b01ab7c467fa71702f3,743973,H_bag,ACTION_CHANGED_HORIZON_COMPLETE,true,,true,true,true,HARMFUL,6.914679999998043,[7800],,,I4|BODY|NO_DIVERGENCE|HIGH,471856,945,0.0020027296463327794,499.31851851851854
3468ff80eddb608da10b9a314736375fbf2a313c4a52ca943ec0f6af37db8c75:H_system,3468ff80eddb608da10b9a314736375fbf2a313c4a52ca943ec0f6af37db8c75,I4,8b0402153c7c90bc301f39ff947fc1a8976e4e9847eec08163881875f332812a,744028,H_system,ACTION_CHANGED_HORIZON_COMPLETE,true,,true,true,true,HARMFUL,4.586840353226762e-05,[7777],"[7777,7778,7781,7782,7784]","[7778,7781,7782,7784]",I4|BODY|NO_DIVERGENCE|HIGH,471856,945,0.0020027296463327794,499.31851851851854
f225fdde003fff733e6cc82d8b076d21ae81627b027aa10286cf82ed61a4cfcf:H_bag,f225fdde003fff733e6cc82d8b076d21ae81627b027aa10286cf82ed61a4cfcf,I4,f01d1adcc040765ff127183ef19a77d192da09b6ee50487827853902aa6f7bff,746737,H_bag,ACTION_CHANGED_HORIZON_COMPLETE,true,,true,true,true,NEUTRAL_WITHIN_TOLERANCE,0.0,[7835],,,I4|BODY|NO_DIVERGENCE|HIGH,471856,945,0.0020027296463327794,499.31851851851854
a907d698a6905931742133ddea60e66bd87284f3e28fcdc0150afd26188deabf:H_bag,a907d698a6905931742133ddea60e66bd87284f3e28fcdc0150afd26188deabf,I4,733d545544ccd5557334657b6c0bc842920d11fdc55314e9eda13d84ef8e1bdd,747066,H_bag,ACTION_CHANGED_HORIZON_COMPLETE,true,,true,true,true,HARMFUL,0.0005400000009103678,[7821],,,I4|BODY|NO_DIVERGENCE|HIGH,471856,945,0.0020027296463327794,499.31851851851854
30d1791c90521108042584c1fc75ab9258615b613271c67f86f183ca2d8b8efb:H_bag,30d1791c90521108042584c1fc75ab9258615b613271c67f86f183ca2d8b8efb,I4,757e1339f60dcdc1ebcb6eae014ff8d9085f8f31d7a2d20551b4e8f452d811ec,750547,H_bag,ACTION_CHANGED_HORIZON_COMPLETE,true,,true,true,true,HARMFUL,1.0,[7793],,,I4|BODY|NO_DIVERGENCE|HIGH,471856,945,0.0020027296463327794,499.31851851851854
986795cee8f9dc5f4765d7b699cdac716aa0756573af3e5a7efc25e67e140bd2:H_bag,986795cee8f9dc5f4765d7b699cdac716aa0756573af3e5a7efc25e67e140bd2,I3,979e80575d888f1295278b81a8a2d2a85376919ccc7b292b0577d65f370e4ad8,756680,H_bag,ACTION_CHANGED_HORIZON_COMPLETE,true,,true,true,true,HARMFUL,77.45152000000235,[7870],,,I3|BODY|DIVERGENCE|HIGH,10032,56,0.005582137161084529,179.14285714285714
f151fab6b4c2c3df41b38eb4a744c05ff3be7d25c411bc8358ad078855ad0603:H_bag,f151fab6b4c2c3df41b38eb4a744c05ff3be7d25c411bc8358ad078855ad0603,I3,641e801f9a1b1b211a94417e72b132969fabbfab365092304cf0f0b212b41241,759178,H_bag,ACTION_CHANGED_HORIZON_COMPLETE,true,,true,true,true,HARMFUL,56.226409999999305,[1237],,,I3|BODY|NO_DIVERGENCE|HIGH,170143,958,0.005630557824888476,177.60229645093946
65d0dc9a2df373435feae5dad7572d241649af5d63683aface885acccfdd4fbe:H_bag,65d0dc9a2df373435feae5dad7572d241649af5d63683aface885acccfdd4fbe,I3,666e07c7f81c32cec71b7ee47eba75454672412b4988870ad4a4a30d6bd4479d,762481,H_bag,ACTION_CHANGED_HORIZON_COMPLETE,true,,true,true,true,NEUTRAL_WITHIN_TOLERANCE,0.0,[3194],,,I3|BODY|NO_DIVERGENCE|HIGH,170143,958,0.005630557824888476,177.60229645093946
9d68862da39d3bbe1c7447bc4bce426e6b57b88743176c106982cd71fce8e093:H_bag,9d68862da39d3bbe1c7447bc4bce426e6b57b88743176c106982cd71fce8e093,I4,978ebd81c34e7edb2f27e4a42e6e59e435afbc55a3c18741170c8129b7b0e4b0,763418,H_bag,ACTION_CHANGED_HORIZON_COMPLETE,true,,true,true,true,HARMFUL,1.0,[8010],,,I4|BODY|NO_DIVERGENCE|HIGH,471856,945,0.0020027296463327794,499.31851851851854
7ef10e0c2f103dca68173419ab3881ba1e6b5ced348de4c9fbe7eebcc40386d7:H_bag,7ef10e0c2f103dca68173419ab3881ba1e6b5ced348de4c9fbe7eebcc40386d7,I3,06f7a4b7b49fb25da34bf9e775ecbf97994b7b4664d405f685de8dc92000ab37,770422,H_bag,ACTION_CHANGED_HORIZON_COMPLETE,true,,true,true,true,HARMFUL,1.2154000000045926,[8067],,,I3|BODY|NO_DIVERGENCE|HIGH,170143,958,0.005630557824888476,177.60229645093946
063f88f6d8523de2546c34c9001e8affe742caf08588cfe99439dc805a4a2f3e:H_bag,063f88f6d8523de2546c34c9001e8affe742caf08588cfe99439dc805a4a2f3e,I3,26414412146d9e781942e0ab73aa961586ccf4c36f7da40ecb04222f18a7c4df,771014,H_bag,ACTION_CHANGED_HORIZON_COMPLETE,true,,true,true,true,HARMFUL,6.799999999995634,[8056],,,I3|BODY|NO_DIVERGENCE|HIGH,170143,958,0.005630557824888476,177.60229645093946
981f3adca0c641c6e17054a9a3378772c64dad2867fff6f5d5eca19cadb894f2:H_system,981f3adca0c641c6e17054a9a3378772c64dad2867fff6f5d5eca19cadb894f2,I4,05035c675e9f60a77b124fa902da28d57279d00bc41401ae27d1c74911cb3f3b,771874,H_system,ACTION_CHANGED_HORIZON_COMPLETE,true,,true,true,true,HARMFUL,0.00012418159298022147,[8057],"[8057,8059,8063,8065,8067]","[8059,8063,8065,8067]",I4|BODY|NO_DIVERGENCE|HIGH,471856,945,0.0020027296463327794,499.31851851851854
2dfb623e8aee01e7d135d030ee836b3857af752545252b1cae20a4cb715510ad:H_bag,2dfb623e8aee01e7d135d030ee836b3857af752545252b1cae20a4cb715510ad,I3,b290e83ac3837068e6c719d14ed14ded517f22e898151028dee3e71e75b7df10,773605,H_bag,ACTION_CHANGED_HORIZON_COMPLETE,true,,true,true,true,HARMFUL,26.599999999998545,[8108],,,I3|BODY|NO_DIVERGENCE|HIGH,170143,958,0.005630557824888476,177.60229645093946
968422fca081ed32be904e40df602387debea8d9ccaf6023c4126ec55b08d86c:H_bag,968422fca081ed32be904e40df602387debea8d9ccaf6023c4126ec55b08d86c,I4,9199b51a4cf1f1f2d605ff8c4c3a8fe13879fa042a4f5eec9b4ebee8de8c144c,775046,H_bag,ACTION_CHANGED_HORIZON_COMPLETE,true,,true,true,true,HARMFUL,0.538829999997688,[8095],,,I4|BODY|NO_DIVERGENCE|HIGH,471856,945,0.0020027296463327794,499.31851851851854
ec1d32eaacf5b33b60874e8446355888dfeb72beee92ed13bd0327aed13afba6:H_bag,ec1d32eaacf5b33b60874e8446355888dfeb72beee92ed13bd0327aed13afba6,I4,6de548d3371201a52755eb83e1b73851af57b8bb0fdef2ce4fa379f452e48bca,776228,H_bag,ACTION_CHANGED_HORIZON_COMPLETE,true,,true,true,true,NEUTRAL_WITHIN_TOLERANCE,0.0,[8134],,,I4|BODY|NO_DIVERGENCE|HIGH,471856,945,0.0020027296463327794,499.31851851851854
9ccf48e06728c1c1e4f186017b85ef98ebb7c9f9b6ed55c9ddb871b5cb9b0deb:H_bag,9ccf48e06728c1c1e4f186017b85ef98ebb7c9f9b6ed55c9ddb871b5cb9b0deb,I4,3902604fae35dce68a50a8200f788621c9b17185ddf7e909190ac4120bd6fc0f,777460,H_bag,ACTION_CHANGED_HORIZON_COMPLETE,true,,true,true,true,NEUTRAL_WITHIN_TOLERANCE,0.0,[8146],,,I4|BODY|NO_DIVERGENCE|HIGH,471856,945,0.0020027296463327794,499.31851851851854
3eb63c114fd4a4d8aaa0bd36f4180a0cac1d1ca3329f20239338ff92108b19e1:H_system,3eb63c114fd4a4d8aaa0bd36f4180a0cac1d1ca3329f20239338ff92108b19e1,I4,67bd91d3db4f72afcead0174aa8c3c5e559e8ef258063fc218f81052d2a1221d,779847,H_system,ACTION_CHANGED_HORIZON_COMPLETE,true,,true,true,true,NEUTRAL_WITHIN_TOLERANCE,0.0,[8188],[8188],[],I4|BODY|NO_DIVERGENCE|HIGH,471856,945,0.0020027296463327794,499.31851851851854
b407ff56b0277da755389f9e5254ec6f5b1e69252504b51d76ad64537c3fa77f:H_bag,b407ff56b0277da755389f9e5254ec6f5b1e69252504b51d76ad64537c3fa77f,I4,de454d7fc97b3f505811a32e857e9f4b33a4894513e213d5afbc50ae64caa1b2,781392,H_bag,ACTION_CHANGED_HORIZON_COMPLETE,true,,true,true,true,HARMFUL,0.2766200000041863,[8129],,,I4|BODY|NO_DIVERGENCE|HIGH,471856,945,0.0020027296463327794,499.31851851851854
48e0dc6446f2ba426399b43bac215e95a92318189f2e230e0c5f07ed630e1deb:H_system,48e0dc6446f2ba426399b43bac215e95a92318189f2e230e0c5f07ed630e1deb,I4,1ff5dd8c2d53ada73ce473f44ce2cdc1fe31e64a6e0329bc56df7821b4335941,781694,H_system,ACTION_CHANGED_HORIZON_COMPLETE,true,,true,true,true,HARMFUL,2.2934201780344665e-05,[8157],[8157],[],I4|BODY|NO_DIVERGENCE|HIGH,471856,945,0.0020027296463327794,499.31851851851854
86c04e7a404d476ad2e523f78ab4eb6ada40dfa992255b28003e5054d57b4308:H_bag,86c04e7a404d476ad2e523f78ab4eb6ada40dfa992255b28003e5054d57b4308,I4,69e34ed95da2e5cb768a0267434c8b1cb313c56d2e1096b22c525d81d0dc376b,782066,H_bag,ACTION_CHANGED_HORIZON_COMPLETE,true,,true,true,true,HARMFUL,1.0,[8157],,,I4|BODY|NO_DIVERGENCE|HIGH,471856,945,0.0020027296463327794,499.31851851851854
55b31502ffa18c42040740663fa9a66366dbd678ce1578450956c955f5de2849:H_bag,55b31502ffa18c42040740663fa9a66366dbd678ce1578450956c955f5de2849,I4,f47263c59317362404bc621a0e47cf3c64deca8a8940e87cfb9f14a8a6db3356,786843,H_bag,ACTION_CHANGED_HORIZON_COMPLETE,true,,true,true,true,NEUTRAL_WITHIN_TOLERANCE,0.0,[8153],,,I4|BODY|NO_DIVERGENCE|HIGH,471856,945,0.0020027296463327794,499.31851851851854
905d8b250a161ce303d74e03f5057c7ba884468fea44357afcb835c39fe20066:H_bag,905d8b250a161ce303d74e03f5057c7ba884468fea44357afcb835c39fe20066,I4,108c128ce7d56455032992de56d18ec234e0cec98a29632dd799c9ea1e998c27,790438,H_bag,ACTION_CHANGED_HORIZON_COMPLETE,true,,true,true,true,HARMFUL,1.0,[8286],,,I4|BODY|DIVERGENCE|HIGH,30514,61,0.0019990823884118766,500.2295081967213
99a58c62a826348872fc8508d8bfc3afa8a905a761664e59839f591847f78dcc:H_bag,99a58c62a826348872fc8508d8bfc3afa8a905a761664e59839f591847f78dcc,I3,441e5687c409bea2589e193b885059a6b318591ea206eb340f0ce76373662fa6,790929,H_bag,ACTION_CHANGED_HORIZON_COMPLETE,true,,true,true,true,BENEFICIAL,-116.5796299999929,[8311],,,I3|TAIL|NO_DIVERGENCE|HIGH,4196,58,0.013822688274547188,72.34482758620689
ac0158301762ae6157ccfdeaac98a34cd37f4151a4243d333f824e8051ce00ec:H_bag,ac0158301762ae6157ccfdeaac98a34cd37f4151a4243d333f824e8051ce00ec,I4,ead4698b00dc355fad17557403ac5e0e03f56950740ff53fb38eb5b8baae1814,790937,H_bag,ACTION_CHANGED_HORIZON_COMPLETE,true,,true,true,true,NEUTRAL_WITHIN_TOLERANCE,0.0,[8317],,,I4|BODY|NO_DIVERGENCE|HIGH,471856,945,0.0020027296463327794,499.31851851851854
0e1f71cbe70ee6d1adad229683a06f77204f3871966df6582caed964259ac2d9:H_bag,0e1f71cbe70ee6d1adad229683a06f77204f3871966df6582caed964259ac2d9,I3,738309bc5092a064b997a922f523e8869824347137351a0b61690c8b746bc842,791384,H_bag,ACTION_CHANGED_HORIZON_COMPLETE,true,,true,true,true,HARMFUL,77.86160999999993,[8207],,,I3|BODY|NO_DIVERGENCE|HIGH,170143,958,0.005630557824888476,177.60229645093946
13d8451c525f90c1fb8eb29bebd8ca835964246a4172afa82ef3978a7d742927:H_bag,13d8451c525f90c1fb8eb29bebd8ca835964246a4172afa82ef3978a7d742927,I3,836ea7da5108cb1a2067053ad4aa27ad179f77038825e35b1e857497f3da3b70,794256,H_bag,ACTION_CHANGED_HORIZON_COMPLETE,true,,true,true,true,HARMFUL,51.39999999999782,[8261],,,I3|BODY|DIVERGENCE|HIGH,10032,56,0.005582137161084529,179.14285714285714
a2e253550dbc35fbc7f7f242bc53b94f33696fc060f1059e966af5f29c737147:H_bag,a2e253550dbc35fbc7f7f242bc53b94f33696fc060f1059e966af5f29c737147,I4,16c9f6116e27dfc9a8056ee430b8ff2042bc40341d3edaf041e7c848a4657e7f,801035,H_bag,ACTION_CHANGED_HORIZON_COMPLETE,true,,true,true,true,HARMFUL,1.0,[8420],,,I4|BODY|NO_DIVERGENCE|HIGH,471856,945,0.0020027296463327794,499.31851851851854
55d17a2b8adaf5e98232473bb8bd3ab0f7f0d4934dd9bbb52412153788d931d4:H_bag,55d17a2b8adaf5e98232473bb8bd3ab0f7f0d4934dd9bbb52412153788d931d4,I3,af48d66ea931219417e7db49c8637f3971ec516b00590c9547f4878509825b05,807577,H_bag,ACTION_CHANGED_HORIZON_COMPLETE,true,,true,true,true,HARMFUL,4.640049999994517,[8484],,,I3|BODY|NO_DIVERGENCE|HIGH,170143,958,0.005630557824888476,177.60229645093946
96a560b5dca64927cc367be0d1b91672191a87bfa0c27a6c314a79cb923fb25a:H_bag,96a560b5dca64927cc367be0d1b91672191a87bfa0c27a6c314a79cb923fb25a,I3,c253bfdd3789d0547d871bba2dd6a47ef9ddf19241b1e031eed57a14fb604667,809466,H_bag,ACTION_CHANGED_HORIZON_COMPLETE,true,,true,true,true,HARMFUL,78.78762999998071,[8453],,,I3|BODY|NO_DIVERGENCE|HIGH,170143,958,0.005630557824888476,177.60229645093946
733c9063dac6d94954a1e3b6cefc2208b4f83fb16b211cb8815faa2dd382d56a:H_bag,733c9063dac6d94954a1e3b6cefc2208b4f83fb16b211cb8815faa2dd382d56a,I4,ea918f9663cb320910b5af523ad89fdcee627e1df0757528f3a912a819f8d1aa,809660,H_bag,ACTION_CHANGED_HORIZON_COMPLETE,true,,true,true,true,HARMFUL,0.8696399999898858,[8440],,,I4|BODY|DIVERGENCE|HIGH,30514,61,0.0019990823884118766,500.2295081967213
e550892c6fa5e38504067c861c9cde3ad99bb13363803e0a4bc1c8e19d8dd555:H_bag,e550892c6fa5e38504067c861c9cde3ad99bb13363803e0a4bc1c8e19d8dd555,I4,b4cc8857bf1b580a7e87ef71fdf154c1b410dea278884bfcbc140d716e979967,809907,H_bag,ACTION_CHANGED_HORIZON_COMPLETE,true,,true,true,true,HARMFUL,0.75,[8498],,,I4|BODY|NO_DIVERGENCE|HIGH,471856,945,0.0020027296463327794,499.31851851851854
85b71cf7ae7b67afde6219f41528dd0788e38c86d98652ce6b115ef18f818d70:H_bag,85b71cf7ae7b67afde6219f41528dd0788e38c86d98652ce6b115ef18f818d70,I4,50811bfc6b3e33eb2c824e5951b7b7e90606525dea61fe8bce3c5a0bafc5a574,811065,H_bag,ACTION_CHANGED_HORIZON_COMPLETE,true,,true,true,true,HARMFUL,0.571219999994355,[8481],,,I4|BODY|NO_DIVERGENCE|HIGH,471856,945,0.0020027296463327794,499.31851851851854
1509c85e1128f4513b1681ad85845e55d8eec09e705933c1382be02559d94790:H_bag,1509c85e1128f4513b1681ad85845e55d8eec09e705933c1382be02559d94790,I4,f00678873a0f215475c3e77e07e4ed5c342b35813add005a760de71f73d0e170,812017,H_bag,ACTION_CHANGED_HORIZON_COMPLETE,true,,true,true,true,HARMFUL,1.0,[8519],,,I4|BODY|NO_DIVERGENCE|HIGH,471856,945,0.0020027296463327794,499.31851851851854
9f75d86cb50eb434f1a15ae718b2f4d057460ac6f5ea2923b21eeea572928c71:H_bag,9f75d86cb50eb434f1a15ae718b2f4d057460ac6f5ea2923b21eeea572928c71,I4,4d8ad5d7475eebade01d268932c490e889cadfeee6a4f4bf093f3da8a87fd986,813769,H_bag,ACTION_CHANGED_HORIZON_COMPLETE,true,,true,true,true,NEUTRAL_WITHIN_TOLERANCE,0.0,[8168],,,I4|TAIL|DIVERGENCE|HIGH,990,5,0.00505050505050505,198.00000000000003
845ca1a8057ed2ef0edc4623087961b1087d5cee905b02755484c669249bacae:H_system,845ca1a8057ed2ef0edc4623087961b1087d5cee905b02755484c669249bacae,I3,69c1ed6d7f5de98069a38ec2ee1177c19a52d7ebaac52bf7f1c4920f421f1874,821145,H_system,ACTION_CHANGED_HORIZON_COMPLETE,true,,true,true,true,HARMFUL,2.1787491675695492e-05,[8569],"[8466,8569]",[8466],I3|BODY|NO_DIVERGENCE|HIGH,170143,958,0.005630557824888476,177.60229645093946
3a5940e4d83a36859480bd96870fd3c04755aafb20a12d237546f9388168bea3:H_system,3a5940e4d83a36859480bd96870fd3c04755aafb20a12d237546f9388168bea3,I4,c5db570f56148757e805adc249fb5d72a1117b1ef32782be04cf969b169e01b0,822858,H_system,ACTION_CHANGED_HORIZON_COMPLETE,true,,true,true,true,HARMFUL,-2.682109030160973e-05,[8602],"[8597,8601,8602]","[8597,8601]",I4|BODY|NO_DIVERGENCE|HIGH,471856,945,0.0020027296463327794,499.31851851851854
f6c5e3f3f198b64342376878a07db9037a58bccccfcb1dd43d8e5aabdd496e2a:H_system,f6c5e3f3f198b64342376878a07db9037a58bccccfcb1dd43d8e5aabdd496e2a,I4,586fc29fad1fef7d0c33d7c7a1c7f5ba7ae28d5fa9beba420f73f4cbe98f0c04,841593,H_system,ACTION_CHANGED_HORIZON_COMPLETE,true,,true,true,true,HARMFUL,-1.2813338571504573e-05,[159],"[159,161,8755,8768]","[161,8755,8768]",I4|TAIL|NO_DIVERGENCE|HIGH,13582,67,0.004932999558238846,202.71641791044775
ea31d4a8053b7c0b27d63a9127a150f97b5de1f3a7543daf42e86a5bf5ffe6ca:H_system,ea31d4a8053b7c0b27d63a9127a150f97b5de1f3a7543daf42e86a5bf5ffe6ca,I3,1d88340c2199133d5cdba0f93e56ab203c7cf684b7eefa7931a91e2ed5c5e71e,845901,H_system,ACTION_CHANGED_HORIZON_COMPLETE,true,,true,true,true,HARMFUL,-0.0020997163039737643,[1177],"[1177,1185,1211,1219,1301,1349,1379,1509,1558,1581,1583,1585,1587,1591,1593,1595,1599,1603,1607,1609,1611,1613,1615,1617,1619,1629,1631,1633,1637,1639,1641,1653,1661,1668,1692,1717,1755,1817,1841,1883,1902,1950,1956,1958,1971,1981,2013,2019,2029,2182,2294,2296,2337,2433,2482,2492,2509,2523,2575,2593,2637,2818,2965,3053,3115,3125,3157,3163,3172,3184,3190,3251,3258,3270,3275,3365,3371,3383,3405,3411,3413,3417,3451,3455,3467,3471,3477,3506,3515,3526,3538,3540,3544,3548,3563,3566,3572,3580,3584,3591,3603,3623,3629,3641,3689,3717,3731,3743,3819,3828,3853,3871,3875,3894,3921,3925,3936,3947,3950,3996,4000,4055,4061,4174,4189,4204,4218,4252,4273,4339,4353,4383,4412,4420,4422,4439,4441,4456,4464,4466,4482,4484,4495,4534,4550,4567,4575,4586,4645,4649,4651,4654,4657,4660,4669,4677,4679,4689,4691,4707,4711,4720,4725,4727,4732,4736,4740,4744,4750,4754,4776,4778,4782,4787,4799,4808,4818,4820,4827,4833,4835,4839,4843,4848,8790,8791,8798,8799,8804,8805,8817,8818,8841,8857,8861,8862,8869,8870,8886,8893,8897,8898,8899,8903,8904,8907,8912,8913,8917,8922,8952,8957,8960,8962,8963,8966,8969,8972,8978]","[1185,1211,1219,1301,1349,1379,1509,1558,1581,1583,1585,1587,1591,1593,1595,1599,1603,1607,1609,1611,1613,1615,1617,1619,1629,1631,1633,1637,1639,1641,1653,1661,1668,1692,1717,1755,1817,1841,1883,1902,1950,1956,1958,1971,1981,2013,2019,2029,2182,2294,2296,2337,2433,2482,2492,2509,2523,2575,2593,2637,2818,2965,3053,3115,3125,3157,3163,3172,3184,3190,3251,3258,3270,3275,3365,3371,3383,3405,3411,3413,3417,3451,3455,3467,3471,3477,3506,3515,3526,3538,3540,3544,3548,3563,3566,3572,3580,3584,3591,3603,3623,3629,3641,3689,3717,3731,3743,3819,3828,3853,3871,3875,3894,3921,3925,3936,3947,3950,3996,4000,4055,4061,4174,4189,4204,4218,4252,4273,4339,4353,4383,4412,4420,4422,4439,4441,4456,4464,4466,4482,4484,4495,4534,4550,4567,4575,4586,4645,4649,4651,4654,4657,4660,4669,4677,4679,4689,4691,4707,4711,4720,4725,4727,4732,4736,4740,4744,4750,4754,4776,4778,4782,4787,4799,4808,4818,4820,4827,4833,4835,4839,4843,4848,8790,8791,8798,8799,8804,8805,8817,8818,8841,8857,8861,8862,8869,8870,8886,8893,8897,8898,8899,8903,8904,8907,8912,8913,8917,8922,8952,8957,8960,8962,8963,8966,8969,8972,8978]",I3|BODY|NO_DIVERGENCE|HIGH,170143,958,0.005630557824888476,177.60229645093946
b7b902416ffdc54348405db948dc90589e833535bad71c625c1502033927a3b2:H_bag,b7b902416ffdc54348405db948dc90589e833535bad71c625c1502033927a3b2,I3,0565146cc14cb1f62f638a3deadd6ec1f29d5378a792016b0e322297d77e270e,846861,H_bag,ACTION_CHANGED_HORIZON_COMPLETE,true,,true,true,true,HARMFUL,72.80337000000145,[8772],,,I3|BODY|NO_DIVERGENCE|HIGH,170143,958,0.005630557824888476,177.60229645093946
02bb24ce96ead4f75bf57add646b75efb5d457b2bbd524b2c780cde7b03c9a9c:H_bag,02bb24ce96ead4f75bf57add646b75efb5d457b2bbd524b2c780cde7b03c9a9c,I4,388087d04353429fde9782398e735776d9a3b20c83177dd121d7a84a3f85dc54,848245,H_bag,ACTION_CHANGED_HORIZON_COMPLETE,true,,true,true,true,NEUTRAL_WITHIN_TOLERANCE,0.0,[1591],,,I4|BODY|NO_DIVERGENCE|HIGH,471856,945,0.0020027296463327794,499.31851851851854
540175e3c94fced4d68a7af1dbea4332c9102862395f4c85aa77da50e8a2dc0a:H_bag,540175e3c94fced4d68a7af1dbea4332c9102862395f4c85aa77da50e8a2dc0a,I4,dba009914cc38f132967d8580c1c62c04df3de37ab5fc163d4f19e97854e27a6,848918,H_bag,ACTION_CHANGED_HORIZON_COMPLETE,true,,true,true,true,NEUTRAL_WITHIN_TOLERANCE,0.0,[1603],,,I4|BODY|NO_DIVERGENCE|HIGH,471856,945,0.0020027296463327794,499.31851851851854
837d815d4bc10a33d60a206a3912d5bd1f3c4df8ef3ed6f54d16fcb0e5224d62:H_bag,837d815d4bc10a33d60a206a3912d5bd1f3c4df8ef3ed6f54d16fcb0e5224d62,I4,66d64ce57dd03e35180f40a6bc88958b5762fd4bb427d596ec1076c7e3aa01b9,851738,H_bag,ACTION_CHANGED_HORIZON_COMPLETE,true,,true,true,true,NEUTRAL_WITHIN_TOLERANCE,0.0,[8799],,,I4|BODY|NO_DIVERGENCE|HIGH,471856,945,0.0020027296463327794,499.31851851851854
c38a7b8d28a69100f168cfdbf5b78f257ad21c766a13306003553042746d7397:H_bag,c38a7b8d28a69100f168cfdbf5b78f257ad21c766a13306003553042746d7397,I4,5e64c8841495ecd83dc29505ab6640bd6022db3b184d6290fe9643a2e7a40e6c,851867,H_bag,ACTION_CHANGED_HORIZON_COMPLETE,true,,true,true,true,HARMFUL,0.75,[8823],,,I4|BODY|NO_DIVERGENCE|HIGH,471856,945,0.0020027296463327794,499.31851851851854
c110e548954a8034fd5aa776cf49dd334aa4e098e2b18e32d128b757cb2a7400:H_bag,c110e548954a8034fd5aa776cf49dd334aa4e098e2b18e32d128b757cb2a7400,I4,2d0120de8c9e730691a6ef639b84e71d3592cf0db414468086fb39ecb232db57,853093,H_bag,ACTION_CHANGED_HORIZON_COMPLETE,true,,true,true,true,HARMFUL,0.5333100000025297,[8782],,,I4|BODY|NO_DIVERGENCE|HIGH,471856,945,0.0020027296463327794,499.31851851851854
edb97813f1518923190d4525a43d4bd4dc03a670262fb60e3caf7551958dd96d:H_bag,edb97813f1518923190d4525a43d4bd4dc03a670262fb60e3caf7551958dd96d,I4,dcba97c3146e16c478df59ee86df5ee4610089cd6405708a2cd65a7e5551fc82,853959,H_bag,ACTION_CHANGED_HORIZON_COMPLETE,true,,true,true,true,HARMFUL,0.0010000000002037268,[2013],,,I4|BODY|NO_DIVERGENCE|HIGH,471856,945,0.0020027296463327794,499.31851851851854
ce13d35a23747b70140548cecde2b4c401f05b90be99bb210e35970243fae008:H_bag,ce13d35a23747b70140548cecde2b4c401f05b90be99bb210e35970243fae008,I3,76f5622b88e6d91cb11a6e3e8b4cc9e253e36eabacc64ba4697e0834fb9ed82e,857341,H_bag,ACTION_CHANGED_HORIZON_COMPLETE,true,,true,true,true,HARMFUL,77.14999999999782,[8818],,,I3|BODY|NO_DIVERGENCE|HIGH,170143,958,0.005630557824888476,177.60229645093946
701140361d569353454b3213df3791acb33270778807471e382641b91cf6819b:H_bag,701140361d569353454b3213df3791acb33270778807471e382641b91cf6819b,I3,be5b08c57926d5e089417129cc77b9dea77df5be1a07e5dad28a62531de60e86,862745,H_bag,ACTION_CHANGED_HORIZON_COMPLETE,true,,true,true,true,HARMFUL,76.72944999999527,[8857],,,I3|BODY|NO_DIVERGENCE|HIGH,170143,958,0.005630557824888476,177.60229645093946
813b44a64cd4bc64368490801da7ac9c5adc9da946c5bb4086c71452f54d4c19:H_system,813b44a64cd4bc64368490801da7ac9c5adc9da946c5bb4086c71452f54d4c19,I4,d906f1d77545e85315a58e0de56916c42a740cd4f15278fad211e0a39777fa01,863387,H_system,ACTION_CHANGED_HORIZON_COMPLETE,true,,true,true,true,HARMFUL,2.2934201780344665e-05,[8865],[8865],[],I4|BODY|NO_DIVERGENCE|HIGH,471856,945,0.0020027296463327794,499.31851851851854
c55fbd38a3aedde550c8aab1cf86220712bdf382897f8299acc50d964070d4fb:H_bag,c55fbd38a3aedde550c8aab1cf86220712bdf382897f8299acc50d964070d4fb,I3,5aa8e770bc98a82615dd919930e5d4628410be93c876f76e218bc134ca14e37c,863394,H_bag,ACTION_CHANGED_HORIZON_COMPLETE,true,,true,true,true,HARMFUL,24.549999999999272,[3580],,,I3|TAIL|NO_DIVERGENCE|HIGH,4196,58,0.013822688274547188,72.34482758620689
239102650bbfd2c8122ea5ee30f3935814210e88f29ee5327d5dd4f79023fd28:H_bag,239102650bbfd2c8122ea5ee30f3935814210e88f29ee5327d5dd4f79023fd28,I3,58db0acdfcc3a959129500a1dca5624990f1d629f37e603a646b127add382602,864461,H_bag,ACTION_CHANGED_HORIZON_COMPLETE,true,,true,true,true,HARMFUL,0.25,[3641],,,I3|TAIL|NO_DIVERGENCE|HIGH,4196,58,0.013822688274547188,72.34482758620689
72c0a8081dc5029eaf8310c7accd63d7339709b380469ccdf21c5273cdb98bd3:H_bag,72c0a8081dc5029eaf8310c7accd63d7339709b380469ccdf21c5273cdb98bd3,I4,8b26395d32cd6b20c2578527382d8820354f89c86b204590292c024e0f552eb8,868307,H_bag,ACTION_CHANGED_HORIZON_COMPLETE,true,,true,true,true,HARMFUL,0.0010000000002037268,[8955],,,I4|BODY|NO_DIVERGENCE|HIGH,471856,945,0.0020027296463327794,499.31851851851854
fd84db47eb20276d90972e543de1767efcfbd349ff2c350379fddead4e9d1031:H_bag,fd84db47eb20276d90972e543de1767efcfbd349ff2c350379fddead4e9d1031,I3,406294c2134556f7c8e30a8cfb74be8aa087c390d3a233036977d593521cb670,869061,H_bag,ACTION_CHANGED_HORIZON_COMPLETE,true,,true,true,true,HARMFUL,129.94770999999673,[8884],,,I3|BODY|NO_DIVERGENCE|HIGH,170143,958,0.005630557824888476,177.60229645093946
76f12a9f9d29b8605b69eef95d6a41156a9bc8dc41f4830cd71b1e8fab20cbe4:H_bag,76f12a9f9d29b8605b69eef95d6a41156a9bc8dc41f4830cd71b1e8fab20cbe4,I3,0e6ef375abe36e44f2bf3be81168116a3505fa2f5adeef86dfa3182b6f927228,870166,H_bag,ACTION_CHANGED_HORIZON_COMPLETE,true,,true,true,true,HARMFUL,29.58654999999635,[3950],,,I3|BODY|NO_DIVERGENCE|HIGH,170143,958,0.005630557824888476,177.60229645093946
66afafa08f121d6b3a44d2e27b0330a26decbfcb4e015cb051dc1d7fe95b7b00:H_system,66afafa08f121d6b3a44d2e27b0330a26decbfcb4e015cb051dc1d7fe95b7b00,I3,06133f8362c47b12043c40b971c819da1981e102847bf7f4da819dbbb2adeac9,876476,H_system,ACTION_CHANGED_HORIZON_COMPLETE,true,,true,true,true,HARMFUL,0.007848637708377737,[4441],"[187,201,211,335,347,359,591,635,643,1015,1023,1135,1195,1223,1363,1573,1575,1625,1627,1643,1645,1664,1791,1850,2025,2066,2084,2378,2437,2591,3128,3141,3143,3153,3301,3326,3463,3491,3554,3576,3721,3729,3831,3855,3861,3896,3916,3923,4077,4091,4095,4303,4322,4337,4347,4366,4373,4397,4441,4498,4502,4515,4583,4698,4722,4729,4752,4765,4803,4810,4829,4881,4887,5069,5094,5109,5118,5209,5214,5226,5228,5232,5235,5239,5262,5278,5285,5295,5301,5310,5324,5326,5332,5334,5341,5348,5355,5364,5367,5374,5376,5382,5389,5391,5397,5400,5419,5428,5458,5483,5492,5507,5518,5520,5522,5533,5542,5552,5569,5577,5582,5680,5686,5693,5713,5725,5727,5743,5749,5757,5765,5771,5777,5781,5802,5821,5825,5827,5834,5837,5842,5857,5862,5866,5893,5900,5910,5937,5941,5943,5950,5955,5962,5971,5989,5994,5996,6003,6022,6032,6078,6220,8923,8928,8936,8953,8964,8990,9000,9004,9022,9025,9029,9036,9041,9043,9045,9058,9066,9093,9100,9106,9111,9113,9115,9121,9123,9126,9129,9131,9137,9144,9147,9150,9153,9156,9161,9167,9173,9179,9180,9185,9188,9195,9196,9199,9202,9209,9210,9214,9219,9233,9234,9235,9237,9239,9240,9241,9243,9244,9247,9249,9250,9251,9253,9255,9257,9258,9259,9261,9262,9264,9265,9267,9268,9269,9271,9273,9274,9278,9279,9281,9283,9285,9288,9289,9291,9295,9296,9298,9299,9303,9304,9305,9307,9309,9316,9323,9329,9331,9332,9335,9337,9341,9342,9343,9344,9351,9355]","[187,201,211,335,347,359,591,635,643,1015,1023,1135,1195,1223,1363,1573,1575,1625,1627,1643,1645,1664,1791,1850,2025,2066,2084,2378,2437,2591,3128,3141,3143,3153,3301,3326,3463,3491,3554,3576,3721,3729,3831,3855,3861,3896,3916,3923,4077,4091,4095,4303,4322,4337,4347,4366,4373,4397,4498,4502,4515,4583,4698,4722,4729,4752,4765,4803,4810,4829,4881,4887,5069,5094,5109,5118,5209,5214,5226,5228,5232,5235,5239,5262,5278,5285,5295,5301,5310,5324,5326,5332,5334,5341,5348,5355,5364,5367,5374,5376,5382,5389,5391,5397,5400,5419,5428,5458,5483,5492,5507,5518,5520,5522,5533,5542,5552,5569,5577,5582,5680,5686,5693,5713,5725,5727,5743,5749,5757,5765,5771,5777,5781,5802,5821,5825,5827,5834,5837,5842,5857,5862,5866,5893,5900,5910,5937,5941,5943,5950,5955,5962,5971,5989,5994,5996,6003,6022,6032,6078,6220,8923,8928,8936,8953,8964,8990,9000,9004,9022,9025,9029,9036,9041,9043,9045,9058,9066,9093,9100,9106,9111,9113,9115,9121,9123,9126,9129,9131,9137,9144,9147,9150,9153,9156,9161,9167,9173,9179,9180,9185,9188,9195,9196,9199,9202,9209,9210,9214,9219,9233,9234,9235,9237,9239,9240,9241,9243,9244,9247,9249,9250,9251,9253,9255,9257,9258,9259,9261,9262,9264,9265,9267,9268,9269,9271,9273,9274,9278,9279,9281,9283,9285,9288,9289,9291,9295,9296,9298,9299,9303,9304,9305,9307,9309,9316,9323,9329,9331,9332,9335,9337,9341,9342,9343,9344,9351,9355]",I3|BODY|NO_DIVERGENCE|HIGH,170143,958,0.005630557824888476,177.60229645093946
ed9a0d320ba97fe2a6d9b741f8a29bca21e9538091e3a0de85d9c408d410f967:H_system,ed9a0d320ba97fe2a6d9b741f8a29bca21e9538091e3a0de85d9c408d410f967,I4,895040bdb39ed5ae65fa7495b2bb7360145e02641503a09cd2a8d28884bd2082,876831,H_system,ACTION_CHANGED_HORIZON_COMPLETE,true,,true,true,true,HARMFUL,-0.01646449235147429,[4567],"[187,201,211,335,347,359,591,635,643,1015,1023,1135,1195,1223,1363,1573,1575,1625,1627,1643,1645,1664,1791,1850,2025,2066,2084,2378,2437,2591,3128,3141,3143,3153,3301,3326,3463,3491,3554,3576,3721,3729,3831,3855,3861,3896,3916,3923,4077,4091,4095,4303,4322,4337,4347,4366,4373,4397,4498,4502,4515,4567,4575,4583,4586,4698,4722,4727,4729,4732,4736,4740,4744,4750,4752,4754,4765,4776,4778,4782,4787,4799,4803,4808,4810,4818,4820,4827,4829,4833,4835,4839,4843,4848,4850,4852,4856,4859,4865,4871,4876,4878,4881,4885,4887,4891,4909,4916,4923,4931,4941,4946,4953,4958,4983,4997,5001,5012,5022,5027,5037,5049,5054,5057,5069,5075,5079,5087,5094,5109,5118,5120,5130,5132,5135,5147,5165,5183,5204,5209,5214,5226,5228,5232,5235,5239,5262,5278,5285,5295,5301,5310,5324,5326,5332,5334,5341,5348,5355,5364,5367,5374,5376,5382,5389,5391,5397,5400,5419,5428,5458,5483,5492,5507,5518,5520,5522,5533,5542,5552,5569,5577,5582,5680,5686,5693,5713,5725,5727,5743,5749,5757,5765,5771,5777,5781,5802,5821,5825,5827,5831,5834,5837,5840,5842,5844,5853,5857,5862,5864,5866,5893,5900,5910,5937,5941,5943,5950,5955,5962,5971,5989,5994,5996,6003,6022,6032,6078,6220,8910,8920,8928,8938,8941,8946,8963,8967,8969,8972,8983,9000,9004,9011,9012,9016,9017,9018,9024,9025,9029,9034,9037,9042,9043,9050,9052,9054,9055,9060,9061,9084,9085,9088,9092,9096,9099,9100,9102,9108,9110,9111,9119,9120,9123,9125,9128,9133,9137,9144,9147,9150,9156,9179,9188,9190,9194,9195,9198,9199,9200,9202,9207,9209,9214,9225,9233,9234,9235,9237,9239,9240,9244,9249,9250,9251,9253,9255,9259,9261,9262,9264,9265,9267,9269,9271,9277,9279,9281,9283,9285,9288,9289,9291,9293,9296,9298,9299,9301,9303,9304,9305,9306,9307,9309,9311,9312,9313,9314,9316,9317,9319,9320,9323,9327,9329,9331,9332,9335,9336,9337,9338,9341,9342,9343,9344,9345,9346,9348,9350,9351,9352,9353,9355,9356,9358,9359]","[187,201,211,335,347,359,591,635,643,1015,1023,1135,1195,1223,1363,1573,1575,1625,1627,1643,1645,1664,1791,1850,2025,2066,2084,2378,2437,2591,3128,3141,3143,3153,3301,3326,3463,3491,3554,3576,3721,3729,3831,3855,3861,3896,3916,3923,4077,4091,4095,4303,4322,4337,4347,4366,4373,4397,4498,4502,4515,4575,4583,4586,4698,4722,4727,4729,4732,4736,4740,4744,4750,4752,4754,4765,4776,4778,4782,4787,4799,4803,4808,4810,4818,4820,4827,4829,4833,4835,4839,4843,4848,4850,4852,4856,4859,4865,4871,4876,4878,4881,4885,4887,4891,4909,4916,4923,4931,4941,4946,4953,4958,4983,4997,5001,5012,5022,5027,5037,5049,5054,5057,5069,5075,5079,5087,5094,5109,5118,5120,5130,5132,5135,5147,5165,5183,5204,5209,5214,5226,5228,5232,5235,5239,5262,5278,5285,5295,5301,5310,5324,5326,5332,5334,5341,5348,5355,5364,5367,5374,5376,5382,5389,5391,5397,5400,5419,5428,5458,5483,5492,5507,5518,5520,5522,5533,5542,5552,5569,5577,5582,5680,5686,5693,5713,5725,5727,5743,5749,5757,5765,5771,5777,5781,5802,5821,5825,5827,5831,5834,5837,5840,5842,5844,5853,5857,5862,5864,5866,5893,5900,5910,5937,5941,5943,5950,5955,5962,5971,5989,5994,5996,6003,6022,6032,6078,6220,8910,8920,8928,8938,8941,8946,8963,8967,8969,8972,8983,9000,9004,9011,9012,9016,9017,9018,9024,9025,9029,9034,9037,9042,9043,9050,9052,9054,9055,9060,9061,9084,9085,9088,9092,9096,9099,9100,9102,9108,9110,9111,9119,9120,9123,9125,9128,9133,9137,9144,9147,9150,9156,9179,9188,9190,9194,9195,9198,9199,9200,9202,9207,9209,9214,9225,9233,9234,9235,9237,9239,9240,9244,9249,9250,9251,9253,9255,9259,9261,9262,9264,9265,9267,9269,9271,9277,9279,9281,9283,9285,9288,9289,9291,9293,9296,9298,9299,9301,9303,9304,9305,9306,9307,9309,9311,9312,9313,9314,9316,9317,9319,9320,9323,9327,9329,9331,9332,9335,9336,9337,9338,9341,9342,9343,9344,9345,9346,9348,9350,9351,9352,9353,9355,9356,9358,9359]",I4|BODY|NO_DIVERGENCE|HIGH,471856,945,0.0020027296463327794,499.31851851851854
b61ee81b2aec013e8735ce4f49f2b9d24ff539085690db84c9dc93512deca035:H_bag,b61ee81b2aec013e8735ce4f49f2b9d24ff539085690db84c9dc93512deca035,I3,db8b8d1c622f42e8bc55de7a3b5dcb4f39291c3b071cc2d2b50d94e804aad12b,880699,H_bag,ACTION_CHANGED_HORIZON_COMPLETE,true,,true,true,true,HARMFUL,25.399999999997817,[4660],,,I3|BODY|NO_DIVERGENCE|HIGH,170143,958,0.005630557824888476,177.60229645093946
0ba97f0fabe6e3136bf169fa50162c85df4d242cfc5203850c7c4d7f2d9f33ab:H_system,0ba97f0fabe6e3136bf169fa50162c85df4d242cfc5203850c7c4d7f2d9f33ab,I4,e8a9673e542b4a57d9441be40f05002db927ce0b034c1fd8938385d621c5ed96,883384,H_system,ACTION_CHANGED_HORIZON_COMPLETE,true,,true,true,true,NEUTRAL_WITHIN_TOLERANCE,0.0,[9029],[],[],I4|BODY|NO_DIVERGENCE|HIGH,471856,945,0.0020027296463327794,499.31851851851854
8b21be8a806abfde20886e065a8522e19b5555bfcc4e548f51ed97e422497fd1:H_bag,8b21be8a806abfde20886e065a8522e19b5555bfcc4e548f51ed97e422497fd1,I4,c5a65c34a17feac6f5835f2d7b5c8d3bcbf3873f7329a8c8ec6a21bb1807a432,891497,H_bag,ACTION_CHANGED_HORIZON_COMPLETE,true,,true,true,true,NEUTRAL_WITHIN_TOLERANCE,0.0,[9068],,,I4|TAIL|NO_DIVERGENCE|HIGH,13582,67,0.004932999558238846,202.71641791044775
ed0e9aaaa55e5e758e7a6a256c646120bbf08e1d9a49a3f8ad566a61aaa97952:H_system,ed0e9aaaa55e5e758e7a6a256c646120bbf08e1d9a49a3f8ad566a61aaa97952,I4,f3695cf1343fc59607a06cac48a14cd91788456e63ad2b2e04ea685503847d10,892978,H_system,ACTION_CHANGED_HORIZON_COMPLETE,true,,true,true,true,HARMFUL,2.2934187882128754e-08,[4923],"[4923,4946]",[4946],I4|BODY|NO_DIVERGENCE|HIGH,471856,945,0.0020027296463327794,499.31851851851854
658ee2ff55931268482db67f7c2e265cbba804dc9a2759de8526dd0c0db66433:H_bag,658ee2ff55931268482db67f7c2e265cbba804dc9a2759de8526dd0c0db66433,I4,408ccd8cb80af812163dbdb62b9811404e39597f170635d46d1e1e93155424a3,895424,H_bag,ACTION_CHANGED_HORIZON_COMPLETE,true,,true,true,true,HARMFUL,5.045519999999669,[9125],,,I4|BODY|NO_DIVERGENCE|HIGH,471856,945,0.0020027296463327794,499.31851851851854
7636b4cf52cc3a8682f3504eb08a29c26000c26c6e3411d04c05c866ea8c6a32:H_bag,7636b4cf52cc3a8682f3504eb08a29c26000c26c6e3411d04c05c866ea8c6a32,I4,297295e027d78086cce09eb105e6e08c6d5d25749d431bb86a7bcc797648abe3,895468,H_bag,ACTION_CHANGED_HORIZON_COMPLETE,true,,true,true,true,HARMFUL,1.0,[4820],,,I4|BODY|NO_DIVERGENCE|HIGH,471856,945,0.0020027296463327794,499.31851851851854
0698aa6d098354a2ac8d669680df51ef2e352ddc6135f02d8aaaa704837b35ec:H_bag,0698aa6d098354a2ac8d669680df51ef2e352ddc6135f02d8aaaa704837b35ec,I3,fa51e66345213e500a49b7dc0ef0b11d9419eaca46d24851617b642e2f417b10,897471,H_bag,ACTION_CHANGED_HORIZON_COMPLETE,true,,true,true,true,HARMFUL,24.549999999999272,[5075],,,I3|BODY|NO_DIVERGENCE|HIGH,170143,958,0.005630557824888476,177.60229645093946
fadc1fd2c6e6a5d895c6d19c1072939cbf23bc5441eac306f338f2c9440d76ac:H_bag,fadc1fd2c6e6a5d895c6d19c1072939cbf23bc5441eac306f338f2c9440d76ac,I4,0d8eef3ec415d916668bea19df8628866ff94c4d86a3351a187aad1261544025,898016,H_bag,ACTION_CHANGED_HORIZON_COMPLETE,true,,true,true,true,NEUTRAL_WITHIN_TOLERANCE,0.0,[8923],,,I4|BODY|NO_DIVERGENCE|HIGH,471856,945,0.0020027296463327794,499.31851851851854
55100cb06c9a29b846054d5b8191397d53a35a7b67f140fc3361a5b2c78676ff:H_bag,55100cb06c9a29b846054d5b8191397d53a35a7b67f140fc3361a5b2c78676ff,I4,5aee5c52e74b78b392980da1f85e12e868198c5ebdc35e329df835ba3312c918,907677,H_bag,ACTION_CHANGED_HORIZON_COMPLETE,true,,true,true,true,HARMFUL,0.4000000000014552,[5355],,,I4|BODY|NO_DIVERGENCE|HIGH,471856,945,0.0020027296463327794,499.31851851851854
384aae29f61fcecba975a89bb8f681929528e4027572e92121baaf4b5d80d6db:H_bag,384aae29f61fcecba975a89bb8f681929528e4027572e92121baaf4b5d80d6db,I4,7c66d824670792c958f7dd26656c8f841a80e3f3f9bcc393b2bb638f2dfc06dc,908072,H_bag,ACTION_CHANGED_HORIZON_COMPLETE,true,,true,true,true,HARMFUL,0.5689599999968777,[5301],,,I4|BODY|NO_DIVERGENCE|HIGH,471856,945,0.0020027296463327794,499.31851851851854
477e7abda9a37ca3f55342dd3846edeb6fbcde934a55cdd03bfe5dcb88a81183:H_bag,477e7abda9a37ca3f55342dd3846edeb6fbcde934a55cdd03bfe5dcb88a81183,I3,2db02aebd2087dce1b2ff218a2271a1c9dc4cab883febd0ccf01f68ec428cde5,908294,H_bag,ACTION_CHANGED_HORIZON_COMPLETE,true,,true,true,true,HARMFUL,24.799999999999272,[5533],,,I3|BODY|NO_DIVERGENCE|HIGH,170143,958,0.005630557824888476,177.60229645093946
708ac0668415de0e29ded7a4126f3645306ca2715fc681902a15c1c927252a08:H_system,708ac0668415de0e29ded7a4126f3645306ca2715fc681902a15c1c927252a08,I3,1506696f18862f28d0e352a92ad2393d080cf49ebe2068816b3e58bbb41d0763,909263,H_system,ACTION_CHANGED_HORIZON_COMPLETE,true,,true,true,true,HARMFUL,-0.0031456998372050293,[9218],"[4502,4515,5094,5109,5118,5232,5262,5310,5364,5367,5382,5389,5391,5397,5400,5428,5458,5483,5492,5507,5518,5680,5727,5749,5771,5802,5821,5825,5827,5866,5893,5900,5910,5994,6078,6220,8908,8910,8920,8926,8928,8967,8983,9000,9004,9012,9018,9032,9034,9043,9050,9055,9061,9068,9100,9121,9123,9133,9137,9141,9161,9188,9190,9196,9203,9207,9212,9214,9216,9218,9220,9225,9227,9230,9234,9235,9245,9249,9251,9255,9259,9275,9279,9281,9283,9285,9286,9289,9291,9293,9296,9298,9299,9301,9303,9305,9307,9309,9316,9323,9331,9332,9335,9337,9341,9342,9343,9344,9351,9355,9393]","[4502,4515,5094,5109,5118,5232,5262,5310,5364,5367,5382,5389,5391,5397,5400,5428,5458,5483,5492,5507,5518,5680,5727,5749,5771,5802,5821,5825,5827,5866,5893,5900,5910,5994,6078,6220,8908,8910,8920,8926,8928,8967,8983,9000,9004,9012,9018,9032,9034,9043,9050,9055,9061,9068,9100,9121,9123,9133,9137,9141,9161,9188,9190,9196,9203,9207,9212,9214,9216,9220,9225,9227,9230,9234,9235,9245,9249,9251,9255,9259,9275,9279,9281,9283,9285,9286,9289,9291,9293,9296,9298,9299,9301,9303,9305,9307,9309,9316,9323,9331,9332,9335,9337,9341,9342,9343,9344,9351,9355,9393]",I3|BODY|NO_DIVERGENCE|HIGH,170143,958,0.005630557824888476,177.60229645093946
151ee7b4d1b4640945e4e30fd6c13bfd5b67c8212fbd6aca92cfbafe5e08d01e:H_bag,151ee7b4d1b4640945e4e30fd6c13bfd5b67c8212fbd6aca92cfbafe5e08d01e,I4,74552a69ab2e067d1751d998932b93e6aaca4102ba6f238d638cd3391aca1dce,914404,H_bag,ACTION_CHANGED_HORIZON_COMPLETE,true,,true,true,true,HARMFUL,1.0,[5520],,,I4|BODY|NO_DIVERGENCE|HIGH,471856,945,0.0020027296463327794,499.31851851851854
52a9d26a77b0412e7808ec216ebd5619fcea60503f9e17279e50d7e7c9566896:H_system,52a9d26a77b0412e7808ec216ebd5619fcea60503f9e17279e50d7e7c9566896,I3,e98a46f660b98ca59e461679684a84529209af81d186382508a34e4f96a00dba,914962,H_system,ACTION_CHANGED_HORIZON_COMPLETE,true,,true,true,true,HARMFUL,0.0002900756828694284,[5950],"[187,201,211,335,347,359,591,635,643,1015,1023,1135,1195,1223,1363,1573,1575,1625,1627,1643,1645,1664,1791,1850,2025,2066,2084,2378,2437,2591,3128,3141,3143,3153,3301,3326,3463,3491,3554,3576,3721,3729,3831,3855,3861,3896,3916,3923,4077,4091,4095,4303,4322,4337,4347,4366,4373,4397,4498,4502,4515,4583,4698,4722,4729,4752,4765,4803,4810,4829,4881,4887,5069,5094,5109,5118,5232,5262,5310,5364,5367,5382,5389,5391,5397,5400,5428,5458,5483,5492,5507,5518,5680,5727,5749,5771,5802,5821,5825,5827,5831,5840,5844,5853,5864,5866,5893,5900,5910,5950,5955,5962,5971,5989,5994,5996,6003,6022,6032,6078,6220,8910,8920,8967,8983,9012,9018,9034,9043,9050,9055,9061,9133,9137,9188,9190,9207,9223,9224,9225,9233,9234,9235,9237,9238,9239,9240,9244,9249,9250,9251,9253,9255,9259,9261,9262,9263,9264,9265,9267,9268,9269,9271,9273,9274,9278,9283,9285,9289,9293,9295,9296,9301,9303,9304,9305,9306,9307,9309,9312,9313,9314,9316,9317,9320,9321,9323,9324,9325,9327,9328,9329,9330,9331,9332,9335,9336,9337,9338,9341,9342,9343,9344,9345,9346,9348,9350,9352,9353,9355,9358]","[187,201,211,335,347,359,591,635,643,1015,1023,1135,1195,1223,1363,1573,1575,1625,1627,1643,1645,1664,1791,1850,2025,2066,2084,2378,2437,2591,3128,3141,3143,3153,3301,3326,3463,3491,3554,3576,3721,3729,3831,3855,3861,3896,3916,3923,4077,4091,4095,4303,4322,4337,4347,4366,4373,4397,4498,4502,4515,4583,4698,4722,4729,4752,4765,4803,4810,4829,4881,4887,5069,5094,5109,5118,5232,5262,5310,5364,5367,5382,5389,5391,5397,5400,5428,5458,5483,5492,5507,5518,5680,5727,5749,5771,5802,5821,5825,5827,5831,5840,5844,5853,5864,5866,5893,5900,5910,5955,5962,5971,5989,5994,5996,6003,6022,6032,6078,6220,8910,8920,8967,8983,9012,9018,9034,9043,9050,9055,9061,9133,9137,9188,9190,9207,9223,9224,9225,9233,9234,9235,9237,9238,9239,9240,9244,9249,9250,9251,9253,9255,9259,9261,9262,9263,9264,9265,9267,9268,9269,9271,9273,9274,9278,9283,9285,9289,9293,9295,9296,9301,9303,9304,9305,9306,9307,9309,9312,9313,9314,9316,9317,9320,9321,9323,9324,9325,9327,9328,9329,9330,9331,9332,9335,9336,9337,9338,9341,9342,9343,9344,9345,9346,9348,9350,9352,9353,9355,9358]",I3|BODY|NO_DIVERGENCE|HIGH,170143,958,0.005630557824888476,177.60229645093946
4db233c72531e7f21b0c841879208fb92e94c0c60281f9a85eae2febe36bf4a4:H_bag,4db233c72531e7f21b0c841879208fb92e94c0c60281f9a85eae2febe36bf4a4,I4,bf6c5c89757d07ddc0e5c8d11fd8ac48739e9c7a19fe704f97401496ae42cce6,915593,H_bag,ACTION_CHANGED_HORIZON_COMPLETE,true,,true,true,true,HARMFUL,0.0010000000002037268,[9250],,,I4|BODY|NO_DIVERGENCE|HIGH,471856,945,0.0020027296463327794,499.31851851851854
1a41e4576af73af145a7cd2c97ebe76bbb25b77e28c8654a3770c549402d105b:H_bag,1a41e4576af73af145a7cd2c97ebe76bbb25b77e28c8654a3770c549402d105b,I4,990a4589824189330c3e5a3f3ae59bcc865eb4215b42219cc96598f9f4edaa5b,920250,H_bag,ACTION_CHANGED_HORIZON_COMPLETE,true,,true,true,true,HARMFUL,0.25,[9258],,,I4|BODY|NO_DIVERGENCE|HIGH,471856,945,0.0020027296463327794,499.31851851851854
ded24b25ce78da88b110773a84f00ef28c1f8b0f9b54b5ee38bdd9c26033e21d:H_system,ded24b25ce78da88b110773a84f00ef28c1f8b0f9b54b5ee38bdd9c26033e21d,I4,5a83cfbbac596895e72699d9aa62f50159f2a1ab578277c562e7fa0be382081f,925466,H_system,ACTION_CHANGED_HORIZON_COMPLETE,true,,true,true,true,HARMFUL,0.0005725853725380148,[1645],"[1645,1791,2025,2066,9263,9265,9268,9273,9278,9295]","[1791,2025,2066,9263,9265,9268,9273,9278,9295]",I4|BODY|NO_DIVERGENCE|HIGH,471856,945,0.0020027296463327794,499.31851851851854
5b0380f974ee6b8544498b5f5d22bcece45728e06a22a683d42168c838ae5976:H_bag,5b0380f974ee6b8544498b5f5d22bcece45728e06a22a683d42168c838ae5976,I3,1c049eb2965f6a5f7c63cec203c573c3bf916320bd8076438bb05d9657071bf8,925878,H_bag,ACTION_CHANGED_HORIZON_COMPLETE,true,,true,true,true,HARMFUL,76.54590000000098,[9251],,,I3|BODY|NO_DIVERGENCE|HIGH,170143,958,0.005630557824888476,177.60229645093946
e3a5de29da90efdceed64ea7b2f716a813002c7701b18195799a1aa95a321f94:H_bag,e3a5de29da90efdceed64ea7b2f716a813002c7701b18195799a1aa95a321f94,I4,4d4fbdda46fa731902e59c0e0150e6f369bf0444855568d2696747ba51fa494b,928681,H_bag,ACTION_CHANGED_HORIZON_COMPLETE,true,,true,true,true,NEUTRAL_WITHIN_TOLERANCE,0.0,[9265],,,I4|BODY|NO_DIVERGENCE|HIGH,471856,945,0.0020027296463327794,499.31851851851854
cfecc2ea3574e1185658bfaac0d94492145123fcbc20d045a7af06468b3f994a:H_bag,cfecc2ea3574e1185658bfaac0d94492145123fcbc20d045a7af06468b3f994a,I4,52111ed972b637938b2d64dfae3cfcb74e55de9eda8957773d096246b0d5e3a8,935435,H_bag,ACTION_CHANGED_HORIZON_COMPLETE,true,,true,true,true,HARMFUL,0.5999999999985448,[4583],,,I4|BODY|NO_DIVERGENCE|HIGH,471856,945,0.0020027296463327794,499.31851851851854
835ccbd324659c5f162662ed3553b42807d130c142021a78dff0f2218b00119b:H_bag,835ccbd324659c5f162662ed3553b42807d130c142021a78dff0f2218b00119b,I4,83d8cea98eefd5c9cfddbee4d38d01aa75ccac8e308406ad5c5b31e07bf9d9fa,936856,H_bag,ACTION_CHANGED_HORIZON_COMPLETE,true,,true,true,true,NEUTRAL_WITHIN_TOLERANCE,0.0,[9316],,,I4|BODY|NO_DIVERGENCE|HIGH,471856,945,0.0020027296463327794,499.31851851851854
37fd2475413e2995709012f6e7351c286ac3820e3d310803db61fd5f0105cfc2:H_bag,37fd2475413e2995709012f6e7351c286ac3820e3d310803db61fd5f0105cfc2,I4,dada3f02faa1de759421ff9cd0749f98316dbd0f915eac88a3032ff1dc6b1c4d,937779,H_bag,ACTION_CHANGED_HORIZON_COMPLETE,true,,true,true,true,NEUTRAL_WITHIN_TOLERANCE,0.0,[9034],,,I4|TAIL|NO_DIVERGENCE|HIGH,13582,67,0.004932999558238846,202.71641791044775
b0e94bb691b13e85b9181e1439f5fc8f73756db6277dff8ccdef292176c1ca44:H_system,b0e94bb691b13e85b9181e1439f5fc8f73756db6277dff8ccdef292176c1ca44,I4,066b7f2278b100b640ca6e5217848a0ed10e160c99c342a89fe74a464089e8ad,937831,H_system,ACTION_CHANGED_HORIZON_COMPLETE,true,,true,true,true,HARMFUL,2.5227621932799593e-05,[9321],"[9321,9325]",[9325],I4|BODY|NO_DIVERGENCE|HIGH,471856,945,0.0020027296463327794,499.31851851851854
27986580fd3a69553dd9c16c696cd5a3d0ea736cbe09b6409d4c4ef009d3f770:H_bag,27986580fd3a69553dd9c16c696cd5a3d0ea736cbe09b6409d4c4ef009d3f770,I4,dc80cd726c9ce1deed065e61f808580e8519a2ec5061190c669828b54623fc95,940333,H_bag,ACTION_CHANGED_HORIZON_COMPLETE,true,,true,true,true,HARMFUL,0.6785800000034214,[9055],,,I4|TAIL|NO_DIVERGENCE|HIGH,13582,67,0.004932999558238846,202.71641791044775
20c8b7f21de02f332413310eb2a02cc55431674fdaea3cf0c493b68bab5d7c6b:H_bag,20c8b7f21de02f332413310eb2a02cc55431674fdaea3cf0c493b68bab5d7c6b,I3,97fca4a4a15318eaddc9c0df946b68b951421dec1e137e1b6749c6f589b517ac,941073,H_bag,ACTION_CHANGED_HORIZON_COMPLETE,true,,true,true,true,NEUTRAL_WITHIN_TOLERANCE,0.0,[5844],,,I3|BODY|NO_DIVERGENCE|HIGH,170143,958,0.005630557824888476,177.60229645093946
bbdb4433b50ae4190b2701af6f90414cf5879ff580494c8dc1f6bda21fc7cb7d:H_system,bbdb4433b50ae4190b2701af6f90414cf5879ff580494c8dc1f6bda21fc7cb7d,I3,7b4e37d7b122eaa520cc2f34d42c6697b3fad1607e92cffc6b958d5da462d260,941275,H_system,ACTION_CHANGED_HORIZON_COMPLETE,true,,true,true,true,HARMFUL,0.000950000458658451,[9332],"[9323,9331,9332,9335,9337,9341,9342,9343,9351,9352,9355,9358,9395]","[9323,9331,9335,9337,9341,9342,9343,9351,9352,9355,9358,9395]",I3|BODY|NO_DIVERGENCE|HIGH,170143,958,0.005630557824888476,177.60229645093946
ce4bf27b54553f315634a1595aad3acbd88981353b66939d7d48d335e427561b:H_bag,ce4bf27b54553f315634a1595aad3acbd88981353b66939d7d48d335e427561b,I3,bab30aa1a38f30983cd9d1209363016179bde4d6722b6e916f9150675d6ef09f,941764,H_bag,ACTION_CHANGED_HORIZON_COMPLETE,true,,true,true,true,HARMFUL,23.799999999999272,[5866],,,I3|BODY|NO_DIVERGENCE|HIGH,170143,958,0.005630557824888476,177.60229645093946
febed4b92b75966df2fd66b52a0565ca262213be15859583207cd580772b057b:H_bag,febed4b92b75966df2fd66b52a0565ca262213be15859583207cd580772b057b,I4,50e200e0a34b368ec567e625f3d91aaaf9b3f64409e60ef54df8a78a9b34122d,943190,H_bag,ACTION_CHANGED_HORIZON_COMPLETE,true,,true,true,true,HARMFUL,0.0010000000002037268,[6220],,,I4|BODY|NO_DIVERGENCE|HIGH,471856,945,0.0020027296463327794,499.31851851851854
741b88914f9a06162e099bca0835fa3b57fb0f47cc87348239bce7970cda29c6:H_system,741b88914f9a06162e099bca0835fa3b57fb0f47cc87348239bce7970cda29c6,I3,b46a52ae860a05cdb264cad013a066a837d3fddd0703fb369854011b892f9995,944690,H_system,ACTION_CHANGED_HORIZON_COMPLETE,true,,true,true,true,HARMFUL,0.00044284452900456017,[5893],"[5893,9343,9355,9358]","[9343,9355,9358]",I3|BODY|NO_DIVERGENCE|HIGH,170143,958,0.005630557824888476,177.60229645093946
0f007cb543e64b00a4475448bacc8aea3e958c0f08aa77bc3ecb8eb17e7bb845:H_system,0f007cb543e64b00a4475448bacc8aea3e958c0f08aa77bc3ecb8eb17e7bb845,I4,6033c91bad99ece99fa0cc176ee8b86285d15018d87e81cb4a72567c441db93b,945772,H_system,ACTION_CHANGED_HORIZON_COMPLETE,true,,true,true,true,HARMFUL,1.1467100875961478e-05,[9141],"[9141,9275]",[9275],I4|TAIL|NO_DIVERGENCE|HIGH,13582,67,0.004932999558238846,202.71641791044775
0c24c5e7bfc3ef8c7a53ebd224a65310cee09ab5fa03e2a707dd2f93061f43e2:H_bag,0c24c5e7bfc3ef8c7a53ebd224a65310cee09ab5fa03e2a707dd2f93061f43e2,I3,11667cd960f62477fc59ac899d1b63dc3d0c4d379efaeef827c5db38e77bd0ef,947635,H_bag,ACTION_CHANGED_HORIZON_COMPLETE,true,,true,true,true,HARMFUL,76.89999999999782,[9343],,,I3|BODY|NO_DIVERGENCE|HIGH,170143,958,0.005630557824888476,177.60229645093946
fe0b4d9ce5fd382841ca33e27d8b9c778657eb435cb2a4a025b204194fc2b7bd:H_bag,fe0b4d9ce5fd382841ca33e27d8b9c778657eb435cb2a4a025b204194fc2b7bd,I4,788e340e9c85cbf829c83da0f9f73fb055957f63a8fb0bd52d547033a30ee52d,965741,H_bag,ACTION_CHANGED_HORIZON_COMPLETE,true,,true,true,true,HARMFUL,1.0,[9506],,,I4|BODY|NO_DIVERGENCE|HIGH,471856,945,0.0020027296463327794,499.31851851851854
218b932fd135c4ed8d883bf9f5c23d1eb910a41e59a57b811f95c0851d3da5f4:H_bag,218b932fd135c4ed8d883bf9f5c23d1eb910a41e59a57b811f95c0851d3da5f4,I3,049c755e3f978f297e6bebeeb212ab6646c70cc56a4e5a63b7d9d7f3d0de2a25,968559,H_bag,ACTION_CHANGED_HORIZON_COMPLETE,true,,true,true,true,HARMFUL,64.77554999999847,[9547],,,I3|BODY|NO_DIVERGENCE|HIGH,170143,958,0.005630557824888476,177.60229645093946
9ce93a71164ee9bddcf3fbffaf9ec0159c7f47b300bb7dace688f83ac1292316:H_bag,9ce93a71164ee9bddcf3fbffaf9ec0159c7f47b300bb7dace688f83ac1292316,I4,1206d660a6cfd9a57c58e077fa0f49b2b93154ae003a0430d69fce3ab84a0e29,973934,H_bag,ACTION_CHANGED_HORIZON_COMPLETE,true,,true,true,true,HARMFUL,1.0,[9563],,,I4|BODY|NO_DIVERGENCE|HIGH,471856,945,0.0020027296463327794,499.31851851851854
ab7e2a8b61d655212c0b52ec8de354b35dfbfa88c774c76571b70dafe2e2664b:H_bag,ab7e2a8b61d655212c0b52ec8de354b35dfbfa88c774c76571b70dafe2e2664b,I3,a06a2400d01a73c2f0cb20e7270135180e168011a76073a50f25168ab6947f41,974045,H_bag,ACTION_CHANGED_HORIZON_COMPLETE,true,,true,true,true,HARMFUL,76.8499999999949,[4643],,,I3|BODY|NO_DIVERGENCE|HIGH,170143,958,0.005630557824888476,177.60229645093946
3f2be4958e56a1abe2c62f13e49dca4d0793405eb240b43b71a778f0930e6958:H_bag,3f2be4958e56a1abe2c62f13e49dca4d0793405eb240b43b71a778f0930e6958,I3,d416bb9434a11445263fbba315bf80fa074bf66f0c12830c82266cea98cf3bf8,977676,H_bag,ACTION_CHANGED_HORIZON_COMPLETE,true,,true,true,true,HARMFUL,53.52118000000337,[5516],,,I3|BODY|NO_DIVERGENCE|HIGH,170143,958,0.005630557824888476,177.60229645093946
1955c5b86dd4f404346e7b04857d7dd8a469c852b71261c3e79eb5479ed9c6ba:H_bag,1955c5b86dd4f404346e7b04857d7dd8a469c852b71261c3e79eb5479ed9c6ba,I3,77fc2a8e715011baf5b6efbc5211508d2ea9783a85d856e5e81085c4d28d2646,983056,H_bag,ACTION_CHANGED_HORIZON_COMPLETE,true,,true,true,true,HARMFUL,24.799999999999272,[5924],,,I3|BODY|NO_DIVERGENCE|HIGH,170143,958,0.005630557824888476,177.60229645093946
4c7fd0280656ee0615d0804aff213afa59d4f99aa26e23239d480995ab7338f2:H_bag,4c7fd0280656ee0615d0804aff213afa59d4f99aa26e23239d480995ab7338f2,I4,19b9b706cfaa611fb63e1514c4228cab8e2f723dbecdc3a78d596b4f0c265a86,983898,H_bag,ACTION_CHANGED_HORIZON_COMPLETE,true,,true,true,true,HARMFUL,0.0010000000002037268,[5952],,,I4|BODY|NO_DIVERGENCE|HIGH,471856,945,0.0020027296463327794,499.31851851851854
ffb9c85268c520e1ea5a9fb959d8562ff495dc05e31785c882b642ef35a989f0:H_bag,ffb9c85268c520e1ea5a9fb959d8562ff495dc05e31785c882b642ef35a989f0,I3,8e68e8727b825a95157b86dd8f81c6611e97bc799b5248beae6f1d970259a99b,988477,H_bag,ACTION_CHANGED_HORIZON_COMPLETE,true,,true,true,true,HARMFUL,75.4551999999967,[9613],,,I3|BODY|NO_DIVERGENCE|HIGH,170143,958,0.005630557824888476,177.60229645093946
1146f61e2c1283f0ab6af20117cfb2504f0e4eab91befb8c961ffdae3d2b14c7:H_bag,1146f61e2c1283f0ab6af20117cfb2504f0e4eab91befb8c961ffdae3d2b14c7,I3,1bd816a82d17c11096351b970d183f630e111c1c12328757a63decfedd7dc8c9,992246,H_bag,ACTION_CHANGED_HORIZON_COMPLETE,true,,true,true,true,HARMFUL,20.53672000000006,[9661],,,I3|BODY|NO_DIVERGENCE|HIGH,170143,958,0.005630557824888476,177.60229645093946
522b4adaa9a4fbfbf864fc057a6ae5ede7f1c292fe49a61426cf4d01bbc77a04:H_bag,522b4adaa9a4fbfbf864fc057a6ae5ede7f1c292fe49a61426cf4d01bbc77a04,I4,a2bfc6991aacfb4f6ed8d0df48fa8c7917342c3adf2b3b4e83ad51361b1ab0a2,993835,H_bag,ACTION_CHANGED_HORIZON_COMPLETE,true,,true,true,true,NEUTRAL_WITHIN_TOLERANCE,0.0,[9666],,,I4|BODY|NO_DIVERGENCE|HIGH,471856,945,0.0020027296463327794,499.31851851851854
96ce84a3c2a68642d65fa102d73603a113b7fd64560988272330176481b44241:H_bag,96ce84a3c2a68642d65fa102d73603a113b7fd64560988272330176481b44241,I3,d22a0e8167dcaadf5d76c40196c473d031bf27306a90e7196a0501c490e76255,995219,H_bag,ACTION_CHANGED_HORIZON_COMPLETE,true,,true,true,true,HARMFUL,70.7924599999933,[9628],,,I3|BODY|NO_DIVERGENCE|HIGH,170143,958,0.005630557824888476,177.60229645093946
dece654a05b208c9c1997fe4feb9b4e2fcc52bd23ff321f5d73dbcd073c22b4d:H_bag,dece654a05b208c9c1997fe4feb9b4e2fcc52bd23ff321f5d73dbcd073c22b4d,I4,5d27edbfa6d6190cdfd22e17f665f2afe716f1075c5f1926f0079f59ea2c7700,997933,H_bag,ACTION_CHANGED_HORIZON_COMPLETE,true,,true,true,true,HARMFUL,3.116679999999178,[9714],,,I4|BODY|NO_DIVERGENCE|HIGH,471856,945,0.0020027296463327794,499.31851851851854
cb855b5b4b8f6aac22f17589cb245b391663b1c47992dbb33eb0065b759c0e4c:H_bag,cb855b5b4b8f6aac22f17589cb245b391663b1c47992dbb33eb0065b759c0e4c,I4,6612d8a8248b5ba46e07c7b43ca8a4a3f1b1d32aad5a09c2a2328c6718ff10f8,998214,H_bag,ACTION_CHANGED_HORIZON_COMPLETE,true,,true,true,true,NEUTRAL_WITHIN_TOLERANCE,0.0,[9711],,,I4|BODY|NO_DIVERGENCE|HIGH,471856,945,0.0020027296463327794,499.31851851851854
7d2ebcc00adb25a368e60e617d16d88521a72d2f242707aae9dc2c3d8f8aca67:H_bag,7d2ebcc00adb25a368e60e617d16d88521a72d2f242707aae9dc2c3d8f8aca67,I4,12f3cb626552bab358e37cbfd14f929f523d6f6bb8a11a9270d7f3fb4f009fea,999448,H_bag,ACTION_CHANGED_HORIZON_COMPLETE,true,,true,true,true,HARMFUL,0.0010000000002037268,[9732],,,I4|BODY|NO_DIVERGENCE|HIGH,471856,945,0.0020027296463327794,499.31851851851854
24b3e90df09423f9f82f2a8914c4ffcf7b5639b313e03b6c6d2ac2bbcc267a25:H_bag,24b3e90df09423f9f82f2a8914c4ffcf7b5639b313e03b6c6d2ac2bbcc267a25,I4,95ce0536c4fac445acc523066e486f1b8c8599d977f754b59df47ec3eb739623,999640,H_bag,ACTION_CHANGED_HORIZON_COMPLETE,true,,true,true,true,HARMFUL,0.5917800000024727,[9695],,,I4|BODY|NO_DIVERGENCE|HIGH,471856,945,0.0020027296463327794,499.31851851851854
f115a12fa5d46f51e941925747a3a48aa78d6d12e349ea61f11a9c9183b7f74a:H_bag,f115a12fa5d46f51e941925747a3a48aa78d6d12e349ea61f11a9c9183b7f74a,I4,de575cdd58a64838c33b667c55e7e9a2a9fbebbe805c45422f0e690e96ca6ff5,1003141,H_bag,ACTION_CHANGED_HORIZON_COMPLETE,true,,true,true,true,HARMFUL,0.021060000010038493,[9713],,,I4|BODY|NO_DIVERGENCE|HIGH,471856,945,0.0020027296463327794,499.31851851851854
cc37918290ac6b19f33642e7c1cef7e27618fe2d7d77220c39613685ade7bd00:H_bag,cc37918290ac6b19f33642e7c1cef7e27618fe2d7d77220c39613685ade7bd00,I4,e8a885dfa8b15036c4293141131c84eaf73a225ff2d45fbfae9d2b355e4d7307,1006678,H_bag,ACTION_CHANGED_HORIZON_COMPLETE,true,,true,true,true,HARMFUL,0.0010000000002037268,[9778],,,I4|BODY|NO_DIVERGENCE|HIGH,471856,945,0.0020027296463327794,499.31851851851854
d5e46b74b4b1927d075e10f3aef211ffd71ffeee78da0672a83878ec0fa9e88a:H_bag,d5e46b74b4b1927d075e10f3aef211ffd71ffeee78da0672a83878ec0fa9e88a,I4,470ff1e05d1fdd687b0b09d6507d792195751cb07e016fd44be0fc84c1f0661d,1010297,H_bag,ACTION_CHANGED_HORIZON_COMPLETE,true,,true,true,true,NEUTRAL_WITHIN_TOLERANCE,0.0,[9755],,,I4|TAIL|DIVERGENCE|HIGH,990,5,0.00505050505050505,198.00000000000003
6cf5b41805f9cc1c8451987325b0971f07e775b4b74b5f6d7ae72cdca807c1cf:H_bag,6cf5b41805f9cc1c8451987325b0971f07e775b4b74b5f6d7ae72cdca807c1cf,I4,eda026c9122ed554f4ddf8f65126314145bdf89ef7622e692601ea147c9aec91,1013686,H_bag,ACTION_CHANGED_HORIZON_COMPLETE,true,,true,true,true,NEUTRAL_WITHIN_TOLERANCE,0.0,[9824],,,I4|BODY|NO_DIVERGENCE|HIGH,471856,945,0.0020027296463327794,499.31851851851854
bc940243dba51c35a98697c81afc6040d6270436f51265752c396b0df8c76d85:H_bag,bc940243dba51c35a98697c81afc6040d6270436f51265752c396b0df8c76d85,I4,b4551621188870fe55725d080f56cd980b68945507e63b53bcda789b9b374fca,1017332,H_bag,ACTION_CHANGED_HORIZON_COMPLETE,true,,true,true,true,NEUTRAL_WITHIN_TOLERANCE,0.0,[9809],,,I4|BODY|NO_DIVERGENCE|HIGH,471856,945,0.0020027296463327794,499.31851851851854
b4b6236549c77f08f80715739c33f422e659ab200a8689961b542e81ed5f84f4:H_bag,b4b6236549c77f08f80715739c33f422e659ab200a8689961b542e81ed5f84f4,I4,e39b61547f45844c2d27710df3f118a9a70c212cc751f64e637a2ddeef202940,1018791,H_bag,ACTION_CHANGED_HORIZON_COMPLETE,true,,true,true,true,HARMFUL,1.0,[9793],,,I4|BODY|NO_DIVERGENCE|HIGH,471856,945,0.0020027296463327794,499.31851851851854
512d3ba1b9d376d5128557d5f9f217d760f272d5ee4904689dec09353bec4b99:H_bag,512d3ba1b9d376d5128557d5f9f217d760f272d5ee4904689dec09353bec4b99,I4,ef315f2a6ba39715356c50fbfd654ea83efff1b46a331c32ab8df086cccc4d9e,1023818,H_bag,ACTION_CHANGED_HORIZON_COMPLETE,true,,true,true,true,HARMFUL,0.5999999999985448,[2314],,,I4|TAIL|NO_DIVERGENCE|HIGH,13582,67,0.004932999558238846,202.71641791044775
2998fc588fae06cf3c8268adfc0594fe3cde9639d7fe966e7045aa291e3449dd:H_bag,2998fc588fae06cf3c8268adfc0594fe3cde9639d7fe966e7045aa291e3449dd,I3,ff82bfca8044d0f0978b485a946e6c14a5627feb86481d8a161042d3cba5dea5,1028183,H_bag,ACTION_CHANGED_HORIZON_COMPLETE,true,,true,true,true,HARMFUL,24.049999999999272,[5445],,,I3|BODY|NO_DIVERGENCE|HIGH,170143,958,0.005630557824888476,177.60229645093946
9908dc285fa0489bdcaa13dbb31da14b986c9cec0ad300548bd847e8921c5092:H_bag,9908dc285fa0489bdcaa13dbb31da14b986c9cec0ad300548bd847e8921c5092,I3,f2257fb981a168643b2c01e59206b0508229ea3b06b7d4d2355b479b95ccbff3,1028262,H_bag,ACTION_CHANGED_HORIZON_COMPLETE,true,,true,true,true,HARMFUL,81.45369999999821,[4360],,,I3|BODY|NO_DIVERGENCE|HIGH,170143,958,0.005630557824888476,177.60229645093946
bb1ecec24058286441b9434e564764ddd14c5fd79ddbe4348e0fb9bde2fed562:H_bag,bb1ecec24058286441b9434e564764ddd14c5fd79ddbe4348e0fb9bde2fed562,I3,26131a55752de836ea256e8be6e79bac74ddc5a41e87c19be107a91639707259,1029225,H_bag,ACTION_CHANGED_HORIZON_COMPLETE,true,,true,true,true,HARMFUL,69.89999999999782,[5244],,,I3|BODY|NO_DIVERGENCE|HIGH,170143,958,0.005630557824888476,177.60229645093946
42619a11897c70ab86c0d751fa0d3bf7585c76f08d99abc96050f1324aa5e4ca:H_bag,42619a11897c70ab86c0d751fa0d3bf7585c76f08d99abc96050f1324aa5e4ca,I3,45ea75fe836444f6f556f4d4ccbe6c52dd2b670049d93dbd4e82f4bb2290675e,1032325,H_bag,ACTION_CHANGED_HORIZON_COMPLETE,true,,true,true,true,HARMFUL,24.799999999999272,[5823],,,I3|BODY|DIVERGENCE|HIGH,10032,56,0.005582137161084529,179.14285714285714
4c3e097cf9d862d1bd05081b84c5b7885bc2f828ea730aad423dccac0c2567bf:H_bag,4c3e097cf9d862d1bd05081b84c5b7885bc2f828ea730aad423dccac0c2567bf,I4,6ae9c7369aebe19eee079b007ec6681960ce10a1aab636096b692562e3beac2e,1033575,H_bag,ACTION_CHANGED_HORIZON_COMPLETE,true,,true,true,true,HARMFUL,0.25,[9896],,,I4|BODY|NO_DIVERGENCE|HIGH,471856,945,0.0020027296463327794,499.31851851851854
6d7d82d1b4b0e426071a060b3f8dc90529773e3b28f15e2cd9699d247e52faf1:H_bag,6d7d82d1b4b0e426071a060b3f8dc90529773e3b28f15e2cd9699d247e52faf1,I4,365d39f1feb07125944878618da483263cebcc0cbcdab7716601bcc06b1bd712,1034047,H_bag,ACTION_CHANGED_HORIZON_COMPLETE,true,,true,true,true,HARMFUL,3.5,[9947],,,I4|BODY|NO_DIVERGENCE|HIGH,471856,945,0.0020027296463327794,499.31851851851854
d67dc69a5a11ec67435d16aa8dcc00fd2c31f2aef154606d9796c456130223e5:H_bag,d67dc69a5a11ec67435d16aa8dcc00fd2c31f2aef154606d9796c456130223e5,I4,ac4d749c8ecc5db18b0e106c89248f9df4c33906e4be8ee72c824b333d2109d8,1037241,H_bag,ACTION_CHANGED_HORIZON_COMPLETE,true,,true,true,true,NEUTRAL_WITHIN_TOLERANCE,0.0,[9941],,,I4|BODY|NO_DIVERGENCE|HIGH,471856,945,0.0020027296463327794,499.31851851851854
5c6288ec2d641b69533c5118321542e49b5706e9d6fde99e12c2293f21d755f9:H_bag,5c6288ec2d641b69533c5118321542e49b5706e9d6fde99e12c2293f21d755f9,I4,a02fe334bae759fa53a6b7e34df7dddd97ffeca25721da5c20a589d49b892b03,1038870,H_bag,ACTION_CHANGED_HORIZON_COMPLETE,true,,true,true,true,HARMFUL,0.04366999999911059,[6465],,,I4|BODY|NO_DIVERGENCE|HIGH,471856,945,0.0020027296463327794,499.31851851851854
de7ab1bd7bf896950f5288fa135d1970601fae56b4e134a06ad64b52dade9188:H_bag,de7ab1bd7bf896950f5288fa135d1970601fae56b4e134a06ad64b52dade9188,I3,a02fe334bae759fa53a6b7e34df7dddd97ffeca25721da5c20a589d49b892b03,1038870,H_bag,ACTION_CHANGED_HORIZON_COMPLETE,true,,true,true,true,HARMFUL,77.8499999999949,[6465],,,I3|BODY|NO_DIVERGENCE|HIGH,170143,958,0.005630557824888476,177.60229645093946
6598ae416ba88f8bbdd1e40515df560118cb4f887bb7092f871f5dbb96d369c3:H_bag,6598ae416ba88f8bbdd1e40515df560118cb4f887bb7092f871f5dbb96d369c3,I4,81481626ae23f2b8f39178adc3b15c9fd70333a7ebf508a3197e18b7cfb375c3,1053744,H_bag,ACTION_CHANGED_HORIZON_COMPLETE,true,,true,true,true,NEUTRAL_WITHIN_TOLERANCE,0.0,[10099],,,I4|BODY|NO_DIVERGENCE|HIGH,471856,945,0.0020027296463327794,499.31851851851854
9bda2a8b99cfd8db661e6c350a7843182a1396a7c1d266e1fc6520847c4a57b8:H_bag,9bda2a8b99cfd8db661e6c350a7843182a1396a7c1d266e1fc6520847c4a57b8,I3,9b03b627f870f67d2cf7fd582ce18cfa3122fd9ab457812e0adf51eedf889bce,1055376,H_bag,ACTION_CHANGED_HORIZON_COMPLETE,true,,true,true,true,HARMFUL,76.3499999999949,[10077],,,I3|BODY|NO_DIVERGENCE|HIGH,170143,958,0.005630557824888476,177.60229645093946
13d925cacac7d7237b6b8d94d221b366ec6401068a756e831c37fd741d5bc719:H_bag,13d925cacac7d7237b6b8d94d221b366ec6401068a756e831c37fd741d5bc719,I4,f9369171b963ff2796be209efd6cf07939156ec25bce4c676f7bfc28520ced51,1056925,H_bag,ACTION_CHANGED_HORIZON_COMPLETE,true,,true,true,true,HARMFUL,2.2775000000001455,[10086],,,I4|BODY|NO_DIVERGENCE|HIGH,471856,945,0.0020027296463327794,499.31851851851854
1404513ab2d235533f1e8e8e5d4645ee66fd95721ef0f01b97588861d8a26f18:H_bag,1404513ab2d235533f1e8e8e5d4645ee66fd95721ef0f01b97588861d8a26f18,I3,75194df2c195c077315c1ad50df96f0d2e22419ac42191c30ce5aa1acd40bbee,1058146,H_bag,ACTION_CHANGED_HORIZON_COMPLETE,true,,true,true,true,HARMFUL,75.5999999999949,[10071],,,I3|BODY|NO_DIVERGENCE|HIGH,170143,958,0.005630557824888476,177.60229645093946
c90ff162f293854c7c0970c4127e195982622ffb66c1bc3967b46f1236085cb5:H_bag,c90ff162f293854c7c0970c4127e195982622ffb66c1bc3967b46f1236085cb5,I4,19e0ece50715534315fa51d8ee1c034f652fc2e004feab70e1f8467c917a7667,1065011,H_bag,ACTION_CHANGED_HORIZON_COMPLETE,true,,true,true,true,HARMFUL,0.0010000000002037268,[10187],,,I4|BODY|NO_DIVERGENCE|HIGH,471856,945,0.0020027296463327794,499.31851851851854
0ab4dddbe9aede813854ada396ba3220e33adf2d2c41d32a72efe90b5457989c:H_bag,0ab4dddbe9aede813854ada396ba3220e33adf2d2c41d32a72efe90b5457989c,I3,1a46ebcc88d80a0a430c7d8ba9a9234bdd47debff0cac51c7903dcf7fb9d1567,1065707,H_bag,ACTION_CHANGED_HORIZON_COMPLETE,true,,true,true,true,HARMFUL,77.39999999999782,[10150],,,I3|BODY|NO_DIVERGENCE|HIGH,170143,958,0.005630557824888476,177.60229645093946
44d022873ab38d7898ea80ae7e0fda4e023042b7830fc7553a2bba4a8c1664e8:H_bag,44d022873ab38d7898ea80ae7e0fda4e023042b7830fc7553a2bba4a8c1664e8,I3,1f467effe1a21ef4b06e39a302182966f97f725e134f70fbe2f2f0ec1d532816,1070279,H_bag,ACTION_CHANGED_HORIZON_COMPLETE,true,,true,true,true,HARMFUL,24.049999999999272,[3646],,,I3|BODY|NO_DIVERGENCE|HIGH,170143,958,0.005630557824888476,177.60229645093946
0d1617b3add80f1b36d669be846bc041707a903a15e28a99e76e9dd388c446b5:H_bag,0d1617b3add80f1b36d669be846bc041707a903a15e28a99e76e9dd388c446b5,I3,0045f2203386d8c4491e950f01d6b4d9ae67a9126fd13ac67f3ba8b100a6f328,1075468,H_bag,ACTION_CHANGED_HORIZON_COMPLETE,true,,true,true,true,HARMFUL,24.549999999999272,[5546],,,I3|BODY|NO_DIVERGENCE|HIGH,170143,958,0.005630557824888476,177.60229645093946
632a279f6d7a69705af1b40baf75d5cbc81ef319ebbabd052e22182b2dc1c9ba:H_bag,632a279f6d7a69705af1b40baf75d5cbc81ef319ebbabd052e22182b2dc1c9ba,I4,80811a83e1d33c60dc6c62d628abf8b2866995178cecee5cc4a73da7421d38b1,1081481,H_bag,ACTION_CHANGED_HORIZON_COMPLETE,true,,true,true,true,HARMFUL,1.0,[10232],,,I4|BODY|DIVERGENCE|HIGH,30514,61,0.0019990823884118766,500.2295081967213
f4d36bb80220e08b9b4d5fd283e6e017cb20be35d13118e9db1b072e844efe69:H_bag,f4d36bb80220e08b9b4d5fd283e6e017cb20be35d13118e9db1b072e844efe69,I3,61cac597d18128db202cc56f4591fe1725c3418f8d5cabd2608f41ad5e2df26c,1082896,H_bag,ACTION_CHANGED_HORIZON_COMPLETE,true,,true,true,true,HARMFUL,75.5999999999949,[6332],,,I3|BODY|NO_DIVERGENCE|HIGH,170143,958,0.005630557824888476,177.60229645093946
b80f7871cac96f5e4628d62341fa699f4bfac9869337ca490c112e39028ae8da:H_bag,b80f7871cac96f5e4628d62341fa699f4bfac9869337ca490c112e39028ae8da,I4,6689ccc9496c710106157322a7e3e2e8fc03614e472cbad5f89156f0e1ac4be1,1083052,H_bag,ACTION_CHANGED_HORIZON_COMPLETE,true,,true,true,true,HARMFUL,1.0,[10247],,,I4|BODY|NO_DIVERGENCE|HIGH,471856,945,0.0020027296463327794,499.31851851851854
5e990341cd52261ecf7f40468a962dda1a2497cacff9606905e19873395834a3:H_bag,5e990341cd52261ecf7f40468a962dda1a2497cacff9606905e19873395834a3,I4,50bbeac55d839a33ca4d71e39470d4e07bfeb57db068f2338f62edf8908adb88,1086556,H_bag,ACTION_CHANGED_HORIZON_COMPLETE,true,,true,true,true,HARMFUL,0.7999999999992724,[6893],,,I4|BODY|NO_DIVERGENCE|HIGH,471856,945,0.0020027296463327794,499.31851851851854
ee4e42f087d46024bb54fdd1a9a396edb843eca2f59cac1657026f9b18553060:H_bag,ee4e42f087d46024bb54fdd1a9a396edb843eca2f59cac1657026f9b18553060,I3,02fb1c71ee3ea0f1668a30b65ac8ac695826b9c83a4c77dcd1cbcd7fca4a0ad0,1094331,H_bag,ACTION_CHANGED_HORIZON_COMPLETE,true,,true,true,true,HARMFUL,34.24999999999636,[10325],,,I3|BODY|NO_DIVERGENCE|HIGH,170143,958,0.005630557824888476,177.60229645093946
3cdde8df623e290734feceb311ea4ccb5f39907745aa4416352d57fbd8594d07:H_system,3cdde8df623e290734feceb311ea4ccb5f39907745aa4416352d57fbd8594d07,I4,766b2275ece3c782b68786c658d893cc69bb06d1f178c3aa7dfd1905a667023a,1098947,H_system,ACTION_CHANGED_HORIZON_COMPLETE,true,,true,true,true,HARMFUL,2.6838978953946935e-05,[10351],"[10348,10351]",[10348],I4|BODY|NO_DIVERGENCE|HIGH,471856,945,0.0020027296463327794,499.31851851851854
5c8b4629d7b0d8f964b6ef532a7f47cff543dc1e28bbbfa3300e072235a7c8b0:H_bag,5c8b4629d7b0d8f964b6ef532a7f47cff543dc1e28bbbfa3300e072235a7c8b0,I4,94076507c6fd8de16ee57867df44b0afbb9655051d99f07f946d4806f9e64021,1100754,H_bag,ACTION_CHANGED_HORIZON_COMPLETE,true,,true,true,true,NEUTRAL_WITHIN_TOLERANCE,0.0,[10416],,,I4|BODY|NO_DIVERGENCE|HIGH,471856,945,0.0020027296463327794,499.31851851851854
b887e755946ee530c79500cb5578e6e04a39038c4095d440ab8fc2610d69ca63:H_bag,b887e755946ee530c79500cb5578e6e04a39038c4095d440ab8fc2610d69ca63,I4,bffee94c388e9b6909daf5293ac670c1873c3499627a483cbd29e13128e5e2bd,1101103,H_bag,ACTION_CHANGED_HORIZON_COMPLETE,true,,true,true,true,NEUTRAL_WITHIN_TOLERANCE,0.0,[10388],,,I4|BODY|NO_DIVERGENCE|HIGH,471856,945,0.0020027296463327794,499.31851851851854
7f0cc1e3ca4fae34cd3f5c4c6257ca00f8e4a3f78a31ac1fef5742b496aa980f:H_bag,7f0cc1e3ca4fae34cd3f5c4c6257ca00f8e4a3f78a31ac1fef5742b496aa980f,I4,5f9f4335cc4457f903c680a21bb81e9b9014655f77eae903dbb26f133fa52488,1116243,H_bag,ACTION_CHANGED_HORIZON_COMPLETE,true,,true,true,true,NEUTRAL_WITHIN_TOLERANCE,0.0,[10531],,,I4|BODY|NO_DIVERGENCE|HIGH,471856,945,0.0020027296463327794,499.31851851851854
0d35f45ee565ae12332e01f17225f47c7a9cd7476db4cb1d12906e148cdfa609:H_bag,0d35f45ee565ae12332e01f17225f47c7a9cd7476db4cb1d12906e148cdfa609,I3,14c4e76929e2e93df9fa4e3100dcce27d4fece48d4a126d99e132757e0d42964,1120648,H_bag,ACTION_CHANGED_HORIZON_COMPLETE,true,,true,true,true,HARMFUL,24.049999999999272,[3705],,,I3|BODY|NO_DIVERGENCE|HIGH,170143,958,0.005630557824888476,177.60229645093946
bfe03a938aebce1ea58d5a39994a9880ed701549c9d34ca9f005eadbd4c138d6:H_bag,bfe03a938aebce1ea58d5a39994a9880ed701549c9d34ca9f005eadbd4c138d6,I3,fef453c95e6b1ad8d3917c07b092a9e30c1988549bb2a00801e81fe129b230a5,1120803,H_bag,ACTION_CHANGED_HORIZON_COMPLETE,true,,true,true,true,HARMFUL,27.649999999997817,[2767],,,I3|BODY|NO_DIVERGENCE|HIGH,170143,958,0.005630557824888476,177.60229645093946
a16d74fca932fc10e626efa91fb2573d753e8917e0b70c4e981fa1eef16dbd69:H_system,a16d74fca932fc10e626efa91fb2573d753e8917e0b70c4e981fa1eef16dbd69,I3,10f082d06fb8df1f595165617dbcf21a5ddc0d807da5cfe9b42659f4333e705d,1121671,H_system,ACTION_CHANGED_HORIZON_COMPLETE,true,,true,true,true,HARMFUL,-0.0009210756140873855,[4929],"[4929,4935,5064,5105,5122,5247,5417,5431,5464,5513,5554,5682,5888,5981,6227,6233,6283,6327,6337,6416,6432,6492,6519,6552,6642,6646,6701,6757,6769,6867,6904,7114,7260,7264,7268,7281,7286,7390,7396,7441,7592,7613,7615,7623,7637,7683,10535,10540,10542,10543,10545,10558,10562,10563,10573,10582,10587]","[4935,5064,5105,5122,5247,5417,5431,5464,5513,5554,5682,5888,5981,6227,6233,6283,6327,6337,6416,6432,6492,6519,6552,6642,6646,6701,6757,6769,6867,6904,7114,7260,7264,7268,7281,7286,7390,7396,7441,7592,7613,7615,7623,7637,7683,10535,10540,10542,10543,10545,10558,10562,10563,10573,10582,10587]",I3|BODY|NO_DIVERGENCE|HIGH,170143,958,0.005630557824888476,177.60229645093946
d0fb75296182430be7736c7cfee41973873c19da57b006bbd7a60edc650bba73:H_bag,d0fb75296182430be7736c7cfee41973873c19da57b006bbd7a60edc650bba73,I4,989f34ab7e50945291b0c167dcc6de56e4271d34cfff70aec7b63fe5863f3a6f,1125149,H_bag,ACTION_CHANGED_HORIZON_COMPLETE,true,,true,true,true,NEUTRAL_WITHIN_TOLERANCE,0.0,[10544],,,I4|BODY|NO_DIVERGENCE|HIGH,471856,945,0.0020027296463327794,499.31851851851854
b8e5db59b0aa2337ab904a33c0d6ebcd4c649ea1ed0a44757977ab08514f7004:H_system,b8e5db59b0aa2337ab904a33c0d6ebcd4c649ea1ed0a44757977ab08514f7004,I3,d9a9ddcae7363f7a3d7b432d1db7a051d82cf2c0e6233a56f7ebba37766373c4,1127376,H_system,ACTION_CHANGED_HORIZON_COMPLETE,true,,true,true,true,HARMFUL,0.0017648776460248428,[10524],"[10524,10598]",[10598],I3|BODY|DIVERGENCE|HIGH,10032,56,0.005582137161084529,179.14285714285714
f3432d8395705d15d479334c5e39c5c61886ee73f13b104f5c46ddfcf56929ab:H_bag,f3432d8395705d15d479334c5e39c5c61886ee73f13b104f5c46ddfcf56929ab,I4,7ac6a9e0e86ed402304af99ca82a52fda395050679c9c6583c0614d12770a0e7,1135293,H_bag,ACTION_CHANGED_HORIZON_COMPLETE,true,,true,true,true,NEUTRAL_WITHIN_TOLERANCE,0.0,[10615],,,I4|BODY|NO_DIVERGENCE|HIGH,471856,945,0.0020027296463327794,499.31851851851854
19cf653236932128263263b646dc81fd894ae164c8867c1c7cc977f1da368188:H_bag,19cf653236932128263263b646dc81fd894ae164c8867c1c7cc977f1da368188,I4,94cbf247a96fddf060cb8302f81bf62fd159924feec88e6bfa7eaf509fb098e0,1135556,H_bag,ACTION_CHANGED_HORIZON_COMPLETE,true,,true,true,true,HARMFUL,0.0010000000002037268,[10622],,,I4|BODY|NO_DIVERGENCE|HIGH,471856,945,0.0020027296463327794,499.31851851851854
0832e71af0818f1f2d9c6451446a481d49e9019dd4f011da48a66f0bbe7f76e3:H_bag,0832e71af0818f1f2d9c6451446a481d49e9019dd4f011da48a66f0bbe7f76e3,I4,36fcb2b340d9d8575811bfc17c56422c607450dfc5e05aa5504a5c6fda07e601,1141770,H_bag,ACTION_CHANGED_HORIZON_COMPLETE,true,,true,true,true,HARMFUL,0.0010000000002037268,[10659],,,I4|BODY|NO_DIVERGENCE|HIGH,471856,945,0.0020027296463327794,499.31851851851854
bf8031c1d5ff03d57912c047775789ddc4d5ae001dcedd3d900d8ba839a20f4f:H_bag,bf8031c1d5ff03d57912c047775789ddc4d5ae001dcedd3d900d8ba839a20f4f,I4,761706f0b5a353762d258ee8612dea6f6d99256c2549405a69c16dbb0d8787aa,1141994,H_bag,ACTION_CHANGED_HORIZON_COMPLETE,true,,true,true,true,HARMFUL,0.755219999999099,[10649],,,I4|BODY|DIVERGENCE|HIGH,30514,61,0.0019990823884118766,500.2295081967213
16148f4becfcd7540ba8d21fd0aa89d22311cc64618f7f3300db9f666e880af5:H_bag,16148f4becfcd7540ba8d21fd0aa89d22311cc64618f7f3300db9f666e880af5,I4,a9076ae013f76f54cc1176acc7d6ba4111be37239d7ca57d4f9c72b8942faa04,1150167,H_bag,ACTION_CHANGED_HORIZON_COMPLETE,true,,true,true,true,HARMFUL,0.3977500000000873,[10703],,,I4|BODY|NO_DIVERGENCE|HIGH,471856,945,0.0020027296463327794,499.31851851851854
3f59c07d6930b616b78e8669d30de9c95c8ee936e767741fccf601ee9692e40a:H_bag,3f59c07d6930b616b78e8669d30de9c95c8ee936e767741fccf601ee9692e40a,I3,44c597d1c3d3ee32a08388488e19236a0081d1945e019775d97c57c70cf10a64,1154133,H_bag,ACTION_CHANGED_HORIZON_COMPLETE,true,,true,true,true,HARMFUL,7.799999999995634,[10755],,,I3|BODY|NO_DIVERGENCE|HIGH,170143,958,0.005630557824888476,177.60229645093946
6eec2bfdd093fbb1598f1452aa848fcf68d4f3b3bd0787f562cdd5e52235c0ba:H_bag,6eec2bfdd093fbb1598f1452aa848fcf68d4f3b3bd0787f562cdd5e52235c0ba,I4,4e78d648e4b6888d849ee413f9effccf959a6f2768aceac17cf88a78a6cecfd5,1159761,H_bag,ACTION_CHANGED_HORIZON_COMPLETE,true,,true,true,true,NEUTRAL_WITHIN_TOLERANCE,0.0,[10816],,,I4|BODY|NO_DIVERGENCE|HIGH,471856,945,0.0020027296463327794,499.31851851851854
9e5f20f047cb1bee40e8bfa8f3a484c988eb7e2a75121e5422afca9b79cf61d0:H_bag,9e5f20f047cb1bee40e8bfa8f3a484c988eb7e2a75121e5422afca9b79cf61d0,I3,c2fdd5b81729787af98cf72fdc82238ceda41074122f434f20cfebd481d15f53,1163941,H_bag,ACTION_CHANGED_HORIZON_COMPLETE,true,,true,true,true,HARMFUL,75.5999999999949,[3389],,,I3|BODY|NO_DIVERGENCE|HIGH,170143,958,0.005630557824888476,177.60229645093946
cb2b40729844e997295fcbfcfa030c8b800d1ad879140552587556626787bdb6:H_bag,cb2b40729844e997295fcbfcfa030c8b800d1ad879140552587556626787bdb6,I3,5b483d3ff56e2dc77d0e40c4bcfe4aaeb8cfb044063d6a72bcb911d4bbd7a68b,1167118,H_bag,ACTION_CHANGED_HORIZON_COMPLETE,true,,true,true,true,HARMFUL,78.76860999999917,[5769],,,I3|BODY|NO_DIVERGENCE|HIGH,170143,958,0.005630557824888476,177.60229645093946
addc03c2a9f3969d563d88fd265a923cb7c972fe7d23d39fd1c2066cb15baecd:H_bag,addc03c2a9f3969d563d88fd265a923cb7c972fe7d23d39fd1c2066cb15baecd,I3,fe0d1fccff48787e77d683c2904319bdc776a22980f4a738d6f21ced5f5c54df,1167593,H_bag,ACTION_CHANGED_HORIZON_COMPLETE,true,,true,true,true,HARMFUL,0.25,[6494],,,I3|BODY|NO_DIVERGENCE|HIGH,170143,958,0.005630557824888476,177.60229645093946
cb2bccd2dbfeae028ca01aa2885045b4256f8e41c6f9c92f00d56e3d4f5a26c5:H_bag,cb2bccd2dbfeae028ca01aa2885045b4256f8e41c6f9c92f00d56e3d4f5a26c5,I3,7ddf978983e7199d669ada91e272eeabd5e0af23e30c9b1b6d7f9b71660c96c0,1168288,H_bag,ACTION_CHANGED_HORIZON_COMPLETE,true,,true,true,true,HARMFUL,64.64999999999782,[6020],,,I3|BODY|NO_DIVERGENCE|HIGH,170143,958,0.005630557824888476,177.60229645093946
0fa323d5763160d398328fe4421715adb05514e2e6951cd14141171b6ccb7db8:H_bag,0fa323d5763160d398328fe4421715adb05514e2e6951cd14141171b6ccb7db8,I3,4265b2b3de8cdf5454f215fcfbb17e6c4f5ced303f5e088cd7ee06462632d73d,1172078,H_bag,ACTION_CHANGED_HORIZON_COMPLETE,true,,true,true,true,HARMFUL,54.625050000002375,[7190],,,I3|BODY|NO_DIVERGENCE|HIGH,170143,958,0.005630557824888476,177.60229645093946
7cbbdb57840175b48c8414c8470567fe330dbcbdf0a8f37f871ebaf04b639d1f:H_bag,7cbbdb57840175b48c8414c8470567fe330dbcbdf0a8f37f871ebaf04b639d1f,I3,e74f412f9f984cedfb8c7f79d6ac593a1e3d067412a0379ebc4ade0ff1e3977f,1173319,H_bag,ACTION_CHANGED_HORIZON_COMPLETE,true,,true,true,true,HARMFUL,22.299999999999272,[7348],,,I3|BODY|NO_DIVERGENCE|HIGH,170143,958,0.005630557824888476,177.60229645093946
449b0180ec19a210513d529edeb75207e717417f63892e2b5fc5cc744f22f0e6:H_bag,449b0180ec19a210513d529edeb75207e717417f63892e2b5fc5cc744f22f0e6,I4,fdd4dba9d314df3f4ee047608ca31aacdeda22b4418c5e8166af035a1b42ba5b,1175075,H_bag,ACTION_CHANGED_HORIZON_COMPLETE,true,,true,true,true,NEUTRAL_WITHIN_TOLERANCE,0.0,[7472],,,I4|BODY|NO_DIVERGENCE|HIGH,471856,945,0.0020027296463327794,499.31851851851854
dc5bdd214d12c923eb24eb7a76b0599ff91c8a18cabdc2c701fe04b506edcd55:H_bag,dc5bdd214d12c923eb24eb7a76b0599ff91c8a18cabdc2c701fe04b506edcd55,I3,47b39ae046ab31e47671a946dfa7d70afa97ac006ade762abed6ffac1fe93323,1177557,H_bag,ACTION_CHANGED_HORIZON_COMPLETE,true,,true,true,true,HARMFUL,79.3659299999963,[7509],,,I3|BODY|NO_DIVERGENCE|HIGH,170143,958,0.005630557824888476,177.60229645093946
485b7e7fcb88842186ac10df8984bb5b64991986ce4eca3de86fde03bc1652a5:H_bag,485b7e7fcb88842186ac10df8984bb5b64991986ce4eca3de86fde03bc1652a5,I3,c316486aea188c6a6354cde7d21f354f08b0bf41e457d7f007d6af0d56b70781,1178836,H_bag,ACTION_CHANGED_HORIZON_COMPLETE,true,,true,true,true,HARMFUL,52.14999999999782,[10856],,,I3|BODY|NO_DIVERGENCE|HIGH,170143,958,0.005630557824888476,177.60229645093946
3bac7857e764851a75aa92b2c607c93c0921050b4a60e38d3efd32695612f430:H_bag,3bac7857e764851a75aa92b2c607c93c0921050b4a60e38d3efd32695612f430,I3,94b142abfefc310db73845408a461eda71e93f80e4cb02382645c9dff0886e19,1180323,H_bag,ACTION_CHANGED_HORIZON_COMPLETE,true,,true,true,true,HARMFUL,77.47091999999611,[8165],,,I3|BODY|NO_DIVERGENCE|HIGH,170143,958,0.005630557824888476,177.60229645093946
73150e8bb30165052eceafea90d9a8d55aeab9b7c6d9ae84318d123d37582cbd:H_bag,73150e8bb30165052eceafea90d9a8d55aeab9b7c6d9ae84318d123d37582cbd,I3,5c55fccb2d734c7ef85e1b68cb7381eb1773d45a83ada08af077ca18680a1307,1180914,H_bag,ACTION_CHANGED_HORIZON_COMPLETE,true,,true,true,true,HARMFUL,97.95006999999532,[8178],,,I3|BODY|NO_DIVERGENCE|HIGH,170143,958,0.005630557824888476,177.60229645093946
273ce5a21208b5e51124bdb1d9c6f463266c43db1b86b065a2864edb1090d877:H_bag,273ce5a21208b5e51124bdb1d9c6f463266c43db1b86b065a2864edb1090d877,I4,c303c903ef78bc1bfa4fc1e1c9275efc765082537e1d315068b86b9afa7883d6,1186642,H_bag,ACTION_CHANGED_HORIZON_COMPLETE,true,,true,true,true,HARMFUL,0.5,[10936],,,I4|BODY|NO_DIVERGENCE|HIGH,471856,945,0.0020027296463327794,499.31851851851854
c371a73215a2cf2546a46789b23d263b6d740f2fe2787ee3cf01b56e6e6ba8ed:H_bag,c371a73215a2cf2546a46789b23d263b6d740f2fe2787ee3cf01b56e6e6ba8ed,I3,e6fac7c53d6204737e9d507202502e2f2b5545ea825d5e54640f018bb99ffabd,1190699,H_bag,ACTION_CHANGED_HORIZON_COMPLETE,true,,true,true,true,HARMFUL,0.8500000000021828,[11020],,,I3|BODY|NO_DIVERGENCE|HIGH,170143,958,0.005630557824888476,177.60229645093946
7547df95365420bd7c806810d778fab7b106da3ae0d0fa5b08371620d5ed60c6:H_system,7547df95365420bd7c806810d778fab7b106da3ae0d0fa5b08371620d5ed60c6,I3,e5ec00221361936341e65bb85a42d4b3905b059dc1551e361cef46d6e2353841,1193571,H_system,ACTION_CHANGED_HORIZON_COMPLETE,true,,true,true,true,HARMFUL,0.00022277756113453506,[11031],"[10957,10987,10989,10994,11015,11031,11097]","[10957,10987,10989,10994,11015,11097]",I3|BODY|NO_DIVERGENCE|HIGH,170143,958,0.005630557824888476,177.60229645093946
8eec13be28633921f02a4b31d8935b33405a2886ddd6e4336261af5c3efdf9ae:H_bag,8eec13be28633921f02a4b31d8935b33405a2886ddd6e4336261af5c3efdf9ae,I3,163174800b85fb3b040314fb55e2ade2e26a3fc0317faa2229b891fe0198b5dc,1194422,H_bag,ACTION_CHANGED_HORIZON_COMPLETE,true,,true,true,true,HARMFUL,54.64999999999782,[10985],,,I3|BODY|DIVERGENCE|HIGH,10032,56,0.005582137161084529,179.14285714285714
8a1190ceebcaff87d16632be3fe95165ea39917b791509b77fdbfafcc86b99e2:H_bag,8a1190ceebcaff87d16632be3fe95165ea39917b791509b77fdbfafcc86b99e2,I3,e09fcd3e2803430f1ed879920ca3100be7ace7467ee0f43c72247c0b3643382d,1197771,H_bag,ACTION_CHANGED_HORIZON_COMPLETE,true,,true,true,true,HARMFUL,15.549999999995634,[11070],,,I3|BODY|DIVERGENCE|HIGH,10032,56,0.005582137161084529,179.14285714285714
ea0f7647b4e25920ac8790fd93083737112a2ad2ac9c7e81d0cc8aa4fd496bc2:H_bag,ea0f7647b4e25920ac8790fd93083737112a2ad2ac9c7e81d0cc8aa4fd496bc2,I4,1662fafd9cece05967e5e44a70279418fae363f7a5d3c6670cc0fe08de22ed2c,1201165,H_bag,ACTION_CHANGED_HORIZON_COMPLETE,true,,true,true,true,HARMFUL,1.0,[11104],,,I4|BODY|NO_DIVERGENCE|HIGH,471856,945,0.0020027296463327794,499.31851851851854
ee340dfb18e45118a9b8588dd884d1887b48a981d8a5f5dd7191059c197aeb23:H_bag,ee340dfb18e45118a9b8588dd884d1887b48a981d8a5f5dd7191059c197aeb23,I4,93e79019075fc6ff70aae923fac6da6fd4701ebfd0293544ce4747707f0e1a4c,1202527,H_bag,ACTION_CHANGED_HORIZON_COMPLETE,true,,true,true,true,HARMFUL,1.0,[11063],,,I4|BODY|DIVERGENCE|HIGH,30514,61,0.0019990823884118766,500.2295081967213
660dc78ced9212e867a4e704259d70cfa3e11b3947d77521587d9be10ac9611e:H_bag,660dc78ced9212e867a4e704259d70cfa3e11b3947d77521587d9be10ac9611e,I3,19e27b69a86a1544bc33b35c4800d3100dd696de1b702e263d4ba40f8558b0ea,1204244,H_bag,ACTION_CHANGED_HORIZON_COMPLETE,true,,true,true,true,HARMFUL,57.199999999989814,[11109],,,I3|BODY|NO_DIVERGENCE|HIGH,170143,958,0.005630557824888476,177.60229645093946
ad49d079fbbf6876ef5b92da761194e7c3ef1e6e98f074e8df94fa710c7d6e6b:H_bag,ad49d079fbbf6876ef5b92da761194e7c3ef1e6e98f074e8df94fa710c7d6e6b,I3,b973c4023c700a2d2d22576f74f78eb59660e03f7e8da6bf3befb33795599e5d,1206464,H_bag,ACTION_CHANGED_HORIZON_COMPLETE,true,,true,true,true,HARMFUL,24.799999999999272,[419],,,I3|TAIL|NO_DIVERGENCE|HIGH,4196,58,0.013822688274547188,72.34482758620689
44965345892d56d4e6e677ab3e818a2515aa918cbea9cce1ca075819b6b7564d:H_bag,44965345892d56d4e6e677ab3e818a2515aa918cbea9cce1ca075819b6b7564d,I4,ef63a337b6dffef127e6a593fd2d0a6d9406667c473ddf8b28f18458b9867576,1207038,H_bag,ACTION_CHANGED_HORIZON_COMPLETE,true,,true,true,true,HARMFUL,0.7131200000003446,[11058],,,I4|BODY|NO_DIVERGENCE|HIGH,471856,945,0.0020027296463327794,499.31851851851854
c926c5463d96d08fdd812f98f96bcc4da688c76ba63d286b66a1d467284c4ac2:H_bag,c926c5463d96d08fdd812f98f96bcc4da688c76ba63d286b66a1d467284c4ac2,I4,12faacc00d1b756c148e11571f3a84d8b05ae321914a2ad2cfe2365fcb27e5a8,1208114,H_bag,ACTION_CHANGED_HORIZON_COMPLETE,true,,true,true,true,HARMFUL,2.2401299999983166,[11147],,,I4|BODY|NO_DIVERGENCE|HIGH,471856,945,0.0020027296463327794,499.31851851851854
649d5f0c595b26175e7315f4be10f2ac058f2498a787ada2ec56410ff48c95bd:H_bag,649d5f0c595b26175e7315f4be10f2ac058f2498a787ada2ec56410ff48c95bd,I3,862cd1a7f7a8bfa10f55f62ac90135553f49edbc279b304648cc9f502ca413c6,1210594,H_bag,ACTION_CHANGED_HORIZON_COMPLETE,true,,true,true,true,HARMFUL,27.200000000000728,[11154],,,I3|BODY|NO_DIVERGENCE|HIGH,170143,958,0.005630557824888476,177.60229645093946
8f14e454bacd6923707607d3fb6f18fa0b6b0e43f36649bdb339645276b00f33:H_bag,8f14e454bacd6923707607d3fb6f18fa0b6b0e43f36649bdb339645276b00f33,I3,be12ad55adfc52f138002ab0ef4fa3d332c0dcbe4a4631236bb42f0b317344b9,1210845,H_bag,ACTION_CHANGED_HORIZON_COMPLETE,true,,true,true,true,HARMFUL,0.25,[2209],,,I3|BODY|NO_DIVERGENCE|HIGH,170143,958,0.005630557824888476,177.60229645093946
645e4477543ef2a8c305b693df0b4669589571650e5ab44a1dc3bce747fbf8c3:H_bag,645e4477543ef2a8c305b693df0b4669589571650e5ab44a1dc3bce747fbf8c3,I4,f823d000c43433def34845df541d18486cd6fac8d4da2e1758ef8745be55c58d,1210880,H_bag,ACTION_CHANGED_HORIZON_COMPLETE,true,,true,true,true,NEUTRAL_WITHIN_TOLERANCE,0.0,[11142],,,I4|BODY|NO_DIVERGENCE|HIGH,471856,945,0.0020027296463327794,499.31851851851854
d89a1698bbc82b1328e87e84f2584c389097a2974e5316ee897ca6238c4a7608:H_bag,d89a1698bbc82b1328e87e84f2584c389097a2974e5316ee897ca6238c4a7608,I4,50c64799fd288acec80c12cd9d3feaeefa242dab3e1eb8264aaf740cd6934c88,1212230,H_bag,ACTION_CHANGED_HORIZON_COMPLETE,true,,true,true,true,HARMFUL,1.0,[1081],,,I4|BODY|NO_DIVERGENCE|HIGH,471856,945,0.0020027296463327794,499.31851851851854
afd323eb4376ea366be4006f49544dca188a2463d259c5fdb10e8d6df7a1c1d7:H_bag,afd323eb4376ea366be4006f49544dca188a2463d259c5fdb10e8d6df7a1c1d7,I3,c0004f153c32dfbaea1a7479ac009fbcced649ba90ec3cde76e967ec323bfd23,1216073,H_bag,ACTION_CHANGED_HORIZON_COMPLETE,true,,true,true,true,HARMFUL,75.64999999999782,[11151],,,I3|BODY|NO_DIVERGENCE|HIGH,170143,958,0.005630557824888476,177.60229645093946
709ead5dba8fef04bc4e4db997d322f6109c2bce5006196b7ad570748f3c2aac:H_system,709ead5dba8fef04bc4e4db997d322f6109c2bce5006196b7ad570748f3c2aac,I3,7a2977c4025b7b938af112c9311410882ff2a96dd0ac9d20504b452c1c088414,1216669,H_system,ACTION_CHANGED_HORIZON_COMPLETE,true,,true,true,true,HARMFUL,0.0006111368483630031,[11182],"[11182,11191,11199]","[11191,11199]",I3|BODY|NO_DIVERGENCE|HIGH,170143,958,0.005630557824888476,177.60229645093946
5fcbab6665ae0187e017a9b5929d7036d4d9021f204db2501cc6e1140927dd66:H_bag,5fcbab6665ae0187e017a9b5929d7036d4d9021f204db2501cc6e1140927dd66,I3,029a824293744549bb532f3fa4c10b392426679b7409143c6c47758032ed1eac,1219262,H_bag,ACTION_CHANGED_HORIZON_COMPLETE,true,,true,true,true,HARMFUL,24.299999999999272,[4364],,,I3|BODY|NO_DIVERGENCE|HIGH,170143,958,0.005630557824888476,177.60229645093946
d1f84919f3dfb345de8a095c65cf927bba06ae5574cb129867b9ad68b2eaa468:H_bag,d1f84919f3dfb345de8a095c65cf927bba06ae5574cb129867b9ad68b2eaa468,I3,7e3c78238939c5e5e16f390a48823749628bf115ab219c362ee7174d3e93b357,1221313,H_bag,ACTION_CHANGED_HORIZON_COMPLETE,true,,true,true,true,HARMFUL,77.39999999999782,[11169],,,I3|BODY|NO_DIVERGENCE|HIGH,170143,958,0.005630557824888476,177.60229645093946
5d067606ae83686c29975b9482557b863db0c602f13646a4793e67da15a031d5:H_bag,5d067606ae83686c29975b9482557b863db0c602f13646a4793e67da15a031d5,I4,7f78b7ee971c7a296e4ffc14546950bd53d7852fa1baa66b59132549dfd93438,1221555,H_bag,ACTION_CHANGED_HORIZON_COMPLETE,true,,true,true,true,HARMFUL,0.09999999999854481,[4926],,,I4|BODY|NO_DIVERGENCE|HIGH,471856,945,0.0020027296463327794,499.31851851851854
121b0cdbbef04efea0d6e5bf7bb99b35a621cfd5a35a2b8c1f3508f49af70cda:H_bag,121b0cdbbef04efea0d6e5bf7bb99b35a621cfd5a35a2b8c1f3508f49af70cda,I3,7202ea9e83773f460fcbc8fb443627f7c79da11d7f58aad8bd74e2934ec381eb,1221955,H_bag,ACTION_CHANGED_HORIZON_COMPLETE,true,,true,true,true,HARMFUL,23.299999999999272,[5580],,,I3|BODY|NO_DIVERGENCE|HIGH,170143,958,0.005630557824888476,177.60229645093946
77754b8de8a4ea02da64fcc3df0386ac609c25fbcf24f3b1ef2f2e7a532eb00f:H_bag,77754b8de8a4ea02da64fcc3df0386ac609c25fbcf24f3b1ef2f2e7a532eb00f,I3,44090daaf9e7cafcb041da9a42d1c9690074a7da322faf7f1b6afefb9d954f53,1222113,H_bag,ACTION_CHANGED_HORIZON_COMPLETE,true,,true,true,true,HARMFUL,24.299999999999272,[5580],,,I3|BODY|NO_DIVERGENCE|HIGH,170143,958,0.005630557824888476,177.60229645093946
08d1bed242ad098af6a58bbcfd27975e5fc8dc3c321a10d86eab0d3e489b878f:H_bag,08d1bed242ad098af6a58bbcfd27975e5fc8dc3c321a10d86eab0d3e489b878f,I4,0cca68a7e38b0cda0b5643271c117add56cc110f9b8c2f2d21a76245e0e8d82e,1225148,H_bag,ACTION_CHANGED_HORIZON_COMPLETE,true,,true,true,true,NEUTRAL_WITHIN_TOLERANCE,0.0,[11203],,,I4|BODY|NO_DIVERGENCE|HIGH,471856,945,0.0020027296463327794,499.31851851851854
2db772e8b6a3cd63aa1025ad5bc3753b93a44f55d9f1aa9e57a057995a2bb8b0:H_bag,2db772e8b6a3cd63aa1025ad5bc3753b93a44f55d9f1aa9e57a057995a2bb8b0,I3,390647b51da3ccf8172b965d5bdb6cd623298b271c3bb057a4f5aa937ac02452,1228805,H_bag,ACTION_CHANGED_HORIZON_COMPLETE,true,,true,true,true,HARMFUL,24.049999999999272,[6911],,,I3|BODY|NO_DIVERGENCE|HIGH,170143,958,0.005630557824888476,177.60229645093946
2464f14147d2e54f6d5ede7d8d1a6d9428ad32caa6069f65d7e676ef7de9aa12:H_system,2464f14147d2e54f6d5ede7d8d1a6d9428ad32caa6069f65d7e676ef7de9aa12,I3,fed745b885133b2d18c374f575c1ec17b58b52d09ec70eeab6c42d90c6062088,1229189,H_system,ACTION_CHANGED_HORIZON_COMPLETE,true,,true,true,true,HARMFUL,-0.005611809049867134,[6926],"[6926,7036,7041,7049,7057,7064,7070,7079,7087,7096,7099,7101,7106,7117,7123,7127,7139,7156,7159,7164,7172,7178,7184,7186,7201,7208,7212,7223,7226,7229,7233,7240,7244,7248,7250,7254,7295,7298,7327,7340,7346,7357,7392,7446,7468,7487,7499,7504,7514,7520,7524,7529,7534,7540,7542,7553,7559,7564,7656,7667,7698,7796,7801,7817,8045,8048,8053,8055,8058,8068,8085,8094,8105,8135,8147,8175,8194,8200,8217,8228,8257,8267,8274,8326,8341,8371,8380,8448,8459,8469,8482,8496,8503,8506,8509,8511,8513,8539,8557,8561,8742,11228,11229,11230,11231,11232,11233,11242,11245,11248,11251,11252,11256,11257,11258,11260]","[7036,7041,7049,7057,7064,7070,7079,7087,7096,7099,7101,7106,7117,7123,7127,7139,7156,7159,7164,7172,7178,7184,7186,7201,7208,7212,7223,7226,7229,7233,7240,7244,7248,7250,7254,7295,7298,7327,7340,7346,7357,7392,7446,7468,7487,7499,7504,7514,7520,7524,7529,7534,7540,7542,7553,7559,7564,7656,7667,7698,7796,7801,7817,8045,8048,8053,8055,8058,8068,8085,8094,8105,8135,8147,8175,8194,8200,8217,8228,8257,8267,8274,8326,8341,8371,8380,8448,8459,8469,8482,8496,8503,8506,8509,8511,8513,8539,8557,8561,8742,11228,11229,11230,11231,11232,11233,11242,11245,11248,11251,11252,11256,11257,11258,11260]",I3|BODY|NO_DIVERGENCE|HIGH,170143,958,0.005630557824888476,177.60229645093946
31a07881a718007c0e0973774e85b8e90958e3772df444e87e7a701bc02bd422:H_bag,31a07881a718007c0e0973774e85b8e90958e3772df444e87e7a701bc02bd422,I3,8b26e1d73393659e85913702d669b21acd15e442b4322fdfc5efe84b5602cfd5,1236844,H_bag,ACTION_CHANGED_HORIZON_COMPLETE,true,,true,true,true,HARMFUL,0.25,[7233],,,I3|BODY|NO_DIVERGENCE|HIGH,170143,958,0.005630557824888476,177.60229645093946
ece651fb6aa67b46d786274b67c4903a71b7694723db77f13e6e27306161b263:H_bag,ece651fb6aa67b46d786274b67c4903a71b7694723db77f13e6e27306161b263,I3,81b5244143b953e8c08da3077145a0b2957c727a661123b85915a9a605fe3c1e,1238027,H_bag,ACTION_CHANGED_HORIZON_COMPLETE,true,,true,true,true,HARMFUL,82.04088000000047,[7229],,,I3|BODY|NO_DIVERGENCE|HIGH,170143,958,0.005630557824888476,177.60229645093946
450f9d358c862edb4d9a6500f04194b1ad5bf8c00ff95e20d8eae8a34352b388:H_bag,450f9d358c862edb4d9a6500f04194b1ad5bf8c00ff95e20d8eae8a34352b388,I3,10d4ac96ec859d2a62be87c7eb0a598b8def5fe306a5c578cba9f7b3b2267549,1238302,H_bag,ACTION_CHANGED_HORIZON_COMPLETE,true,,true,true,true,HARMFUL,24.299999999999272,[7340],,,I3|BODY|NO_DIVERGENCE|HIGH,170143,958,0.005630557824888476,177.60229645093946
737dd4cec79222f6ec7cb4f99bdd27c4b9439fbe1b1bf562a0e4a5008d80f3ce:H_bag,737dd4cec79222f6ec7cb4f99bdd27c4b9439fbe1b1bf562a0e4a5008d80f3ce,I4,10d4ac96ec859d2a62be87c7eb0a598b8def5fe306a5c578cba9f7b3b2267549,1238302,H_bag,ACTION_CHANGED_HORIZON_COMPLETE,true,,true,true,true,HARMFUL,0.0010000000002037268,[7340],,,I4|BODY|NO_DIVERGENCE|HIGH,471856,945,0.0020027296463327794,499.31851851851854
578ab74431b7afac21531324f06ddc0d89698d897095f5f06390ec5f0b9e0721:H_bag,578ab74431b7afac21531324f06ddc0d89698d897095f5f06390ec5f0b9e0721,I4,3820557c1c618a5aa1ade652424eeb9636394c7c195531c71d2781a67be9bc82,1239574,H_bag,ACTION_CHANGED_HORIZON_COMPLETE,true,,true,true,true,NEUTRAL_WITHIN_TOLERANCE,0.0,[7520],,,I4|BODY|NO_DIVERGENCE|HIGH,471856,945,0.0020027296463327794,499.31851851851854
58d05c763ec54d355956aa88146dcae61a0bf0f086b79a269f07385f81d98e2d:H_bag,58d05c763ec54d355956aa88146dcae61a0bf0f086b79a269f07385f81d98e2d,I3,8c2dfbb21880524016d84e301dff035c07368264c69b7cce236af46b7c1dcdd8,1239973,H_bag,ACTION_CHANGED_HORIZON_COMPLETE,true,,true,true,true,HARMFUL,75.0999999999949,[11259],,,I3|BODY|NO_DIVERGENCE|HIGH,170143,958,0.005630557824888476,177.60229645093946
775a5b76f1e8933a9eaa94d3d244fd0eb5851794ad75cbee77805c783dd03baf:H_bag,775a5b76f1e8933a9eaa94d3d244fd0eb5851794ad75cbee77805c783dd03baf,I4,026c489d0a995fd8b6f730954827df0f081dde7952113c7f9845b9cf8d9b6dd4,1243923,H_bag,ACTION_CHANGED_HORIZON_COMPLETE,true,,true,true,true,NEUTRAL_WITHIN_TOLERANCE,0.0,[8085],,,I4|BODY|NO_DIVERGENCE|HIGH,471856,945,0.0020027296463327794,499.31851851851854
bac44e3c4bf786f45f6a7c1a73a0b60e712559a8ebce26113281c0b022168ae6:H_bag,bac44e3c4bf786f45f6a7c1a73a0b60e712559a8ebce26113281c0b022168ae6,I3,5fe7ce3caf037e111f3492a6bcce82f14b8f9dae2247d5005f0d2491ebafb984,1245352,H_bag,ACTION_CHANGED_HORIZON_COMPLETE,true,,true,true,true,HARMFUL,75.61457999999766,[11267],,,I3|BODY|NO_DIVERGENCE|HIGH,170143,958,0.005630557824888476,177.60229645093946
9ee8ca30fe23410afe760b0fce4ec0fe84858aae72638dd9881ab024b5764426:H_bag,9ee8ca30fe23410afe760b0fce4ec0fe84858aae72638dd9881ab024b5764426,I3,2929160120a142f5744748601c4731db9b569f536079afd6d1ba7dda6afa0818,1251677,H_bag,ACTION_CHANGED_HORIZON_COMPLETE,true,,true,true,true,HARMFUL,7.549999999995634,[11336],,,I3|BODY|NO_DIVERGENCE|HIGH,170143,958,0.005630557824888476,177.60229645093946
477733bf500eec0a5a1311e5f16b0d0eef7173c621bd1b9594c21817a1f25a93:H_bag,477733bf500eec0a5a1311e5f16b0d0eef7173c621bd1b9594c21817a1f25a93,I3,f071da9232e64de47a0dc471cb9f1b5d90fb7493d251fea3cdb12c31f181b04b,1251966,H_bag,ACTION_CHANGED_HORIZON_COMPLETE,true,,true,true,true,HARMFUL,74.89999999999782,[11302],,,I3|BODY|NO_DIVERGENCE|HIGH,170143,958,0.005630557824888476,177.60229645093946
bb77514fbf5c04e4119f5bf5cf5dbfbfef443751e877e687d975d67310d0596a:H_bag,bb77514fbf5c04e4119f5bf5cf5dbfbfef443751e877e687d975d67310d0596a,I3,4c8966fe8f347c94b3c637e03ef00cf6469a18ea06559d1a300a2c8d098a9eb1,1252152,H_bag,ACTION_CHANGED_HORIZON_COMPLETE,true,,true,true,true,HARMFUL,76.14999999999782,[11302],,,I3|BODY|NO_DIVERGENCE|HIGH,170143,958,0.005630557824888476,177.60229645093946
c39a54490a7ad73759af9b6a7d421bdfdab8f3fd93ffa05b684fc374667c9d74:H_system,c39a54490a7ad73759af9b6a7d421bdfdab8f3fd93ffa05b684fc374667c9d74,I3,af4aeafa48526a3f9d0ea6bfdb4d7c28f8539691af7b4c1ba57e3173f12388ff,1260800,H_system,ACTION_CHANGED_HORIZON_COMPLETE,true,,true,true,true,HARMFUL,-0.002943495631058113,[1217],"[1217,1726,1767,1978,2004,2038,2052,2056,2870,3000,3045,3074,3076,3161,3292,3493,3582,3609,3738,3759,3790,3887,3989,3993,3998,4004,4009,4015,4043,4048,4063,4066,4071,4075,4097,4101,4103,4135,4138,4148,4161,4202,4312,4314,4391,4437,4570,4717,4770,5020,5177,5260,5423,5575,5616,5908,5973,5975,6017,6038,6095,6103,6113,6167,6170,6172,6192,6385,6397,6444,6446,6455,6458,6560,6564,6650,6661,6737,6747,6750,6777,6789,6795,6863,6877,6915,6929,6932,6935,6943,7047,7052,7103,7119,7121,7125,7266,7270,7272,7277,7344,7362,7376,7408,7422,7427,7437,7474,7476,7483,7490,7506,7517,7522,7531,7547,7587,7603,7607,7626,7645,7687,7701,7709,7750,7840,7850,7858,7869,7876,7883,7892,7894,7900,11389,11391,11392,11394,11395,11399,11412,11414,11417,11421,11423,11425,11426,11427,11430,11431,11442,11447,11448,11449,11450,11451,11455,11462,11464,11468]","[1726,1767,1978,2004,2038,2052,2056,2870,3000,3045,3074,3076,3161,3292,3493,3582,3609,3738,3759,3790,3887,3989,3993,3998,4004,4009,4015,4043,4048,4063,4066,4071,4075,4097,4101,4103,4135,4138,4148,4161,4202,4312,4314,4391,4437,4570,4717,4770,5020,5177,5260,5423,5575,5616,5908,5973,5975,6017,6038,6095,6103,6113,6167,6170,6172,6192,6385,6397,6444,6446,6455,6458,6560,6564,6650,6661,6737,6747,6750,6777,6789,6795,6863,6877,6915,6929,6932,6935,6943,7047,7052,7103,7119,7121,7125,7266,7270,7272,7277,7344,7362,7376,7408,7422,7427,7437,7474,7476,7483,7490,7506,7517,7522,7531,7547,7587,7603,7607,7626,7645,7687,7701,7709,7750,7840,7850,7858,7869,7876,7883,7892,7894,7900,11389,11391,11392,11394,11395,11399,11412,11414,11417,11421,11423,11425,11426,11427,11430,11431,11442,11447,11448,11449,11450,11451,11455,11462,11464,11468]",I3|BODY|NO_DIVERGENCE|HIGH,170143,958,0.005630557824888476,177.60229645093946
a626d952c8b0dcf693e5e23e461781f2c1321e23307b314f088dcc0e84d014d2:H_bag,a626d952c8b0dcf693e5e23e461781f2c1321e23307b314f088dcc0e84d014d2,I3,56292d7a3a7ebed0445b796bc301fd8f53de1a4adddc9832cfc5a47b83a530eb,1263347,H_bag,ACTION_CHANGED_HORIZON_COMPLETE,true,,true,true,true,HARMFUL,24.299999999999272,[3609],,,I3|TAIL|NO_DIVERGENCE|HIGH,4196,58,0.013822688274547188,72.34482758620689
f63ef5e86a2506b2b81b3ed3a8f8a96020740023cbef02722d48c951bd073f9f:H_bag,f63ef5e86a2506b2b81b3ed3a8f8a96020740023cbef02722d48c951bd073f9f,I3,e429399c176cde7b93d2ad7b60e0394d871b85a03be87e0f85a5573f54ba5c7f,1263621,H_bag,ACTION_CHANGED_HORIZON_COMPLETE,true,,true,true,true,HARMFUL,76.71983999999793,[11383],,,I3|BODY|NO_DIVERGENCE|HIGH,170143,958,0.005630557824888476,177.60229645093946
52a77874e3c315159997afc8f0a2213fb1ae132cddcb7d5656cb7768e523dc37:H_bag,52a77874e3c315159997afc8f0a2213fb1ae132cddcb7d5656cb7768e523dc37,I3,a85155cf603ac7df76fe45b05298bc994142e142a669e861e1100c3de1d7d313,1263968,H_bag,ACTION_CHANGED_HORIZON_COMPLETE,true,,true,true,true,HARMFUL,24.799999999999272,[3759],,,I3|BODY|NO_DIVERGENCE|HIGH,170143,958,0.005630557824888476,177.60229645093946
4e2a74d5a2421ee667fe2bfbecc1a1795f42499f24d3319f8a42549a99a41a0c:H_bag,4e2a74d5a2421ee667fe2bfbecc1a1795f42499f24d3319f8a42549a99a41a0c,I3,d3ef1e576c202dfe7d923d305edeb7dda76d483e153faac72d70cc9c9a515731,1265516,H_bag,ACTION_CHANGED_HORIZON_COMPLETE,true,,true,true,true,HARMFUL,73.1552499999998,[11394],,,I3|BODY|NO_DIVERGENCE|HIGH,170143,958,0.005630557824888476,177.60229645093946
77dd85d3fbd4d8ec1b47012d06a640758d79d2f255b2d9724653b3192508d8ec:H_bag,77dd85d3fbd4d8ec1b47012d06a640758d79d2f255b2d9724653b3192508d8ec,I3,6453c9c964fe1e2db43f41aba2bbe38a5048b456b6b19375ae9086cf54043890,1267144,H_bag,ACTION_CHANGED_HORIZON_COMPLETE,true,,true,true,true,HARMFUL,75.43204000000333,[11399],,,I3|BODY|NO_DIVERGENCE|HIGH,170143,958,0.005630557824888476,177.60229645093946
44b41329fa1f9f0a658775f7051ce3d97c5b587d3b4b965c86a4c173a8111cd5:H_bag,44b41329fa1f9f0a658775f7051ce3d97c5b587d3b4b965c86a4c173a8111cd5,I4,4784a68f972db540f2b115ed430e699fb9dd95efd1acce6d8e9596b6b645957f,1267534,H_bag,ACTION_CHANGED_HORIZON_COMPLETE,true,,true,true,true,HARMFUL,0.5999999999985448,[4043],,,I4|BODY|NO_DIVERGENCE|HIGH,471856,945,0.0020027296463327794,499.31851851851854
06f2df52ef092832da02958dc9ec4d54c6f97bde19d8bf00a855314e62224938:H_bag,06f2df52ef092832da02958dc9ec4d54c6f97bde19d8bf00a855314e62224938,I4,86439b8502bd09de13f7a7aa4f91a4cb3faeefcc5731e7cf39df534dbb98c49c,1268920,H_bag,ACTION_CHANGED_HORIZON_COMPLETE,true,,true,true,true,HARMFUL,0.5015100000091479,[11399],,,I4|BODY|NO_DIVERGENCE|HIGH,471856,945,0.0020027296463327794,499.31851851851854
160914d892cab838b67d0b02083026e8ad3d5c4f32c08f517bb1287e80d59078:H_bag,160914d892cab838b67d0b02083026e8ad3d5c4f32c08f517bb1287e80d59078,I4,0e02e3e3266e93b1233d1566551b4db390f44d6d0f285cdc3eebfb220ad901c3,1272666,H_bag,ACTION_CHANGED_HORIZON_COMPLETE,true,,true,true,true,NEUTRAL_WITHIN_TOLERANCE,0.0,[11449],,,I4|BODY|NO_DIVERGENCE|HIGH,471856,945,0.0020027296463327794,499.31851851851854
9a023955d5ae4a0975c48570b2b24d8166c8a346ceda504231653efbbd3af570:H_bag,9a023955d5ae4a0975c48570b2b24d8166c8a346ceda504231653efbbd3af570,I4,b938597bbeee736014d62fa23022d91951cd81559744c4e03f6a8b0977b1fd6c,1273209,H_bag,ACTION_CHANGED_HORIZON_COMPLETE,true,,true,true,true,HARMFUL,1.0,[11422],,,I4|BODY|NO_DIVERGENCE|HIGH,471856,945,0.0020027296463327794,499.31851851851854
fccb980c0dbc4a6b274b50b75c590cf92c187e171b6d75d52b51f8aef07145b5:H_bag,fccb980c0dbc4a6b274b50b75c590cf92c187e171b6d75d52b51f8aef07145b5,I4,280e7852ec9d6b713e3c1b0f69b3ddafa75f48947800f917ad7334d14142f947,1273700,H_bag,ACTION_CHANGED_HORIZON_COMPLETE,true,,true,true,true,HARMFUL,0.2000000000007276,[6038],,,I4|BODY|NO_DIVERGENCE|HIGH,471856,945,0.0020027296463327794,499.31851851851854
b3ba289036fded8df274a6d3cc8f24e03f4ec5001408b07c6044bfa1bf07502b:H_bag,b3ba289036fded8df274a6d3cc8f24e03f4ec5001408b07c6044bfa1bf07502b,I3,b51d28b2621f21d4a14a30f2d942b0e40e938c7c3bd2d81642758c3e5bd8f4db,1275672,H_bag,ACTION_CHANGED_HORIZON_COMPLETE,true,,true,true,true,HARMFUL,77.39999999999782,[11429],,,I3|BODY|NO_DIVERGENCE|HIGH,170143,958,0.005630557824888476,177.60229645093946
9e682de310d9aec3a6dd276a13e1fa5b5d33d6846fb64a79c2d341afccdf2812:H_system,9e682de310d9aec3a6dd276a13e1fa5b5d33d6846fb64a79c2d341afccdf2812,I3,915a7124c495629a0b104d808c2e67d79b99faa9638bb4ad37be1a720398a496,1279734,H_system,ACTION_CHANGED_HORIZON_COMPLETE,true,,true,true,true,HARMFUL,0.001350824484518398,[11438],[11438],[],I3|BODY|NO_DIVERGENCE|HIGH,170143,958,0.005630557824888476,177.60229645093946
fb290363cd3384aca7e9d242fd7c877152f0e8ae62ffb85813b195fcffbe766e:H_bag,fb290363cd3384aca7e9d242fd7c877152f0e8ae62ffb85813b195fcffbe766e,I3,15536c280ec06ff06f44f504cbfe34782c024277a9199f853f4e86116e711e75,1285519,H_bag,ACTION_CHANGED_HORIZON_COMPLETE,true,,true,true,true,HARMFUL,85.73734999999579,[7270],,,I3|BODY|NO_DIVERGENCE|HIGH,170143,958,0.005630557824888476,177.60229645093946
8df50fc09655d9260a28a34cc6cea56707f840472e7cb0dc2fef065e41aa454a:H_bag,8df50fc09655d9260a28a34cc6cea56707f840472e7cb0dc2fef065e41aa454a,I3,f9b03254098c4603ca54471a4d983e3e31a83dfdfcf3d135e8fb57cd076b9d1a,1289771,H_bag,ACTION_CHANGED_HORIZON_COMPLETE,true,,true,true,true,HARMFUL,15.299999999995634,[11519],,,I3|BODY|NO_DIVERGENCE|HIGH,170143,958,0.005630557824888476,177.60229645093946
1f1043e4818ae65c2d0f98db99259e4838b78f2b52ecd60c711f2e914eee8a0a:H_bag,1f1043e4818ae65c2d0f98db99259e4838b78f2b52ecd60c711f2e914eee8a0a,I3,6dca29f5b256f799671febbfe5a3a8187d818ec1b5d9d74f474f36287b92e072,1290333,H_bag,ACTION_CHANGED_HORIZON_COMPLETE,true,,true,true,true,HARMFUL,2.350000000002183,[11545],,,I3|BODY|NO_DIVERGENCE|HIGH,170143,958,0.005630557824888476,177.60229645093946
f8f323ba28938e68a20a5ab8fbccdb5dc519a1ff802f890ec6f09308eb738dfa:H_bag,f8f323ba28938e68a20a5ab8fbccdb5dc519a1ff802f890ec6f09308eb738dfa,I4,226c2d2ce7dbc50eb981098fbebb4c6ce7c971e655da1cc89766b05493308a97,1292062,H_bag,ACTION_CHANGED_HORIZON_COMPLETE,true,,true,true,true,HARMFUL,1.0,[11553],,,I4|BODY|DIVERGENCE|HIGH,30514,61,0.0019990823884118766,500.2295081967213
0136eca0b370615e1c52743514320d04963335aa1addba3c0d083e9d2a5a1f51:H_bag,0136eca0b370615e1c52743514320d04963335aa1addba3c0d083e9d2a5a1f51,I4,3b664be4a00a5a11d7ad2d7f122ea173d8dab4956589f1e8906f9fa17572f559,1294327,H_bag,ACTION_CHANGED_HORIZON_COMPLETE,true,,true,true,true,NEUTRAL_WITHIN_TOLERANCE,0.0,[11523],,,I4|BODY|NO_DIVERGENCE|HIGH,471856,945,0.0020027296463327794,499.31851851851854
d69343251a7b7c11f2767c13f4d34b798cbc6691b211492c8dbc125a4d7f1bb1:H_bag,d69343251a7b7c11f2767c13f4d34b798cbc6691b211492c8dbc125a4d7f1bb1,I4,8a58df99a2b698dec110e302ae587ba9d0d159d620e87653b2638840409573a6,1300622,H_bag,ACTION_CHANGED_HORIZON_COMPLETE,true,,true,true,true,HARMFUL,0.27304999999978463,[11566],,,I4|BODY|NO_DIVERGENCE|HIGH,471856,945,0.0020027296463327794,499.31851851851854
0aa9cabf3287e060726e3e46ea81ac4055043893ebd158692940ff8900183c1b:H_bag,0aa9cabf3287e060726e3e46ea81ac4055043893ebd158692940ff8900183c1b,I4,edd44c814daa77d04915e3b8130fa2e7ecd25d7e6180867e3a479b15f7a641c9,1302242,H_bag,ACTION_CHANGED_HORIZON_COMPLETE,true,,true,true,true,NEUTRAL_WITHIN_TOLERANCE,0.0,[11560],,,I4|BODY|NO_DIVERGENCE|HIGH,471856,945,0.0020027296463327794,499.31851851851854
fc09c70bbcb0b3730fc10c5b991d46c157eff10863a0d54db8aa5c065f68d29e:H_system,fc09c70bbcb0b3730fc10c5b991d46c157eff10863a0d54db8aa5c065f68d29e,I3,7c35297164686f50d560f72b7511c16f1127df8d317dd07d213b8b6792e57d9d,1302263,H_system,ACTION_CHANGED_HORIZON_COMPLETE,true,,true,true,true,HARMFUL,-0.02453749489711754,[8292],"[415,537,563,589,617,659,769,1005,1029,1085,1143,1157,1275,1297,1682,1779,1866,1948,1999,2197,2832,2861,3151,3216,3310,3499,3611,3620,3712,3719,4020,4028,4032,4046,4069,4073,4088,4093,4099,4105,4107,4110,4113,4120,4141,4169,4307,4310,4317,4406,4508,4841,4874,4951,4969,5003,5114,5308,5662,5734,5738,5752,5773,5785,5799,6067,6085,6142,6256,6270,6438,6449,6509,6586,6599,6613,6625,6627,6652,6656,6659,6665,6670,6679,6683,6743,6765,6793,6803,6814,6987,7008,7033,7045,7076,7112,7199,7303,7342,7351,7388,7439,7448,7450,7458,7481,7485,7551,7566,7573,7595,7601,7621,7670,7685,7689,7695,7803,7805,7813,7822,7827,7832,7843,7855,7862,7871,7906,7915,7933,7968,7997,8000,8037,8039,8060,8064,8083,8092,8122,8137,8159,8269,8292,8303,8318,8322,8328,8335,8338,8345,8348,8360,8364,8386,8388,8390,8396,8434,8441,8446,8456,8462,8464,8471,8477,8480,8525,8549,8552,8583,8588,8598,8603,8610,8776,8785,8795,8797,8803,8814,8820,8824,8826,8831,8833,8835,8837,8840,8850,8860,8868,8875,8877,8879,8881,8883,8885,8888,8896,8902,8905,8916,8924,8935,8937,8943,8945,8947,8949,8954,8959,8961,8965,8970,8976,8989,8991,8995,9023,9026,9030,9040,9047,9067,9074,9094,9107,9112,9114,9116,9127,9130,9132,9136,9154,9168,9171,9174,9186,9197,9204,9211,9213,9217,9221,9228,9231,9236,9260,9270,9315,9347,9365,9413,9415,9417,9420,9435,9451,9464,9505,9515,11576,11590,11592,11596,11597,11600,11604,11606,11612,11620,11623,11626,11630,11631,11649,11653,11658,11659,11663,11664,11681,11698,11702,11724,11727,11730,11741,11743,11744,11745,11747,11749,11750,11756,11758,11759,11761,11763,11766,11767,11768,11769,11771,11776,11777,11778,11779,11780,11785,11792,11794,11809,11817,11823,11824,11829,11830,11841,11844,11847,11852,11856,11858,11859,11864]","[415,537,563,589,617,659,769,1005,1029,1085,1143,1157,1275,1297,1682,1779,1866,1948,1999,2197,2832,2861,3151,3216,3310,3499,3611,3620,3712,3719,4020,4028,4032,4046,4069,4073,4088,4093,4099,4105,4107,4110,4113,4120,4141,4169,4307,4310,4317,4406,4508,4841,4874,4951,4969,5003,5114,5308,5662,5734,5738,5752,5773,5785,5799,6067,6085,6142,6256,6270,6438,6449,6509,6586,6599,6613,6625,6627,6652,6656,6659,6665,6670,6679,6683,6743,6765,6793,6803,6814,6987,7008,7033,7045,7076,7112,7199,7303,7342,7351,7388,7439,7448,7450,7458,7481,7485,7551,7566,7573,7595,7601,7621,7670,7685,7689,7695,7803,7805,7813,7822,7827,7832,7843,7855,7862,7871,7906,7915,7933,7968,7997,8000,8037,8039,8060,8064,8083,8092,8122,8137,8159,8269,8303,8318,8322,8328,8335,8338,8345,8348,8360,8364,8386,8388,8390,8396,8434,8441,8446,8456,8462,8464,8471,8477,8480,8525,8549,8552,8583,8588,8598,8603,8610,8776,8785,8795,8797,8803,8814,8820,8824,8826,8831,8833,8835,8837,8840,8850,8860,8868,8875,8877,8879,8881,8883,8885,8888,8896,8902,8905,8916,8924,8935,8937,8943,8945,8947,8949,8954,8959,8961,8965,8970,8976,8989,8991,8995,9023,9026,9030,9040,9047,9067,9074,9094,9107,9112,9114,9116,9127,9130,9132,9136,9154,9168,9171,9174,9186,9197,9204,9211,9213,9217,9221,9228,9231,9236,9260,9270,9315,9347,9365,9413,9415,9417,9420,9435,9451,9464,9505,9515,11576,11590,11592,11596,11597,11600,11604,11606,11612,11620,11623,11626,11630,11631,11649,11653,11658,11659,11663,11664,11681,11698,11702,11724,11727,11730,11741,11743,11744,11745,11747,11749,11750,11756,11758,11759,11761,11763,11766,11767,11768,11769,11771,11776,11777,11778,11779,11780,11785,11792,11794,11809,11817,11823,11824,11829,11830,11841,11844,11847,11852,11856,11858,11859,11864]",I3|BODY|NO_DIVERGENCE|HIGH,170143,958,0.005630557824888476,177.60229645093946
6de18ef3a9a363e5c606e7156a97038397e5c8c0f143967508b2362c1d6f576e:H_bag,6de18ef3a9a363e5c606e7156a97038397e5c8c0f143967508b2362c1d6f576e,I3,01e80f168530a5c2a5eb934f908098bc8b4c9d6236e03772bcaee9f6c99503be,1302968,H_bag,ACTION_CHANGED_HORIZON_COMPLETE,true,,true,true,true,HARMFUL,22.549999999999272,[8552],,,I3|BODY|DIVERGENCE|HIGH,10032,56,0.005582137161084529,179.14285714285714
30e9c89209ac457468679570ca529fde36e09bee3fbde464fe258ffc17af26cc:H_bag,30e9c89209ac457468679570ca529fde36e09bee3fbde464fe258ffc17af26cc,I4,7b05d20f05569632cb27fd8c4183e0dd4d431bfdf5877eea1d395d67110c7df6,1304738,H_bag,ACTION_CHANGED_HORIZON_COMPLETE,true,,true,true,true,NEUTRAL_WITHIN_TOLERANCE,0.0,[8785],,,I4|BODY|NO_DIVERGENCE|HIGH,471856,945,0.0020027296463327794,499.31851851851854
9a0d665952692c718b05aca904553a4ba87bf77ddae3838a79d2f3017c2d2c0c:H_bag,9a0d665952692c718b05aca904553a4ba87bf77ddae3838a79d2f3017c2d2c0c,I4,a5a59ec02047b4a4fc989b86a24b141cb0f170ae98f3050b434a4f69bb57849f,1311174,H_bag,ACTION_CHANGED_HORIZON_COMPLETE,true,,true,true,true,HARMFUL,1.0,[11609],,,I4|BODY|NO_DIVERGENCE|HIGH,471856,945,0.0020027296463327794,499.31851851851854
8a2d05f534d494109408ea9ab1c9cbfb351e91ff24ead9c8bea3f52a27d4af39:H_bag,8a2d05f534d494109408ea9ab1c9cbfb351e91ff24ead9c8bea3f52a27d4af39,I4,8721e5f56f52e6dd373ddec4dc22cbea02bb6d00b6f471152995e59dd785f375,1311898,H_bag,ACTION_CHANGED_HORIZON_COMPLETE,true,,true,true,true,HARMFUL,1.0,[8824],,,I4|BODY|NO_DIVERGENCE|HIGH,471856,945,0.0020027296463327794,499.31851851851854
1066e7876a4098a9a2cacad45a4fbdd2c73a2fbd0b173c6c1bf86164040ab976:H_bag,1066e7876a4098a9a2cacad45a4fbdd2c73a2fbd0b173c6c1bf86164040ab976,I4,fe1017758ac00c0e6fafddbd4924ab2a71c66fe9e39720d79a050cbd188ceb3b,1312462,H_bag,ACTION_CHANGED_HORIZON_COMPLETE,true,,true,true,true,NEUTRAL_WITHIN_TOLERANCE,0.0,[11626],,,I4|BODY|NO_DIVERGENCE|HIGH,471856,945,0.0020027296463327794,499.31851851851854
0030fbc9a8b3c29304aba691f9b6626fd27472684542a63bd170e2ccc4832267:H_bag,0030fbc9a8b3c29304aba691f9b6626fd27472684542a63bd170e2ccc4832267,I3,8c91b1a4afbbbb2e8ffddf1626bf4abe60b714724291cda345ac9b05a646e732,1312920,H_bag,ACTION_CHANGED_HORIZON_COMPLETE,true,,true,true,true,HARMFUL,77.14999999999782,[11623],,,I3|BODY|NO_DIVERGENCE|HIGH,170143,958,0.005630557824888476,177.60229645093946
8d1157d829c9232caa07d174ec86e84efed0997af3dc8125f4f1bb754ba89278:H_bag,8d1157d829c9232caa07d174ec86e84efed0997af3dc8125f4f1bb754ba89278,I3,38fed3d68b1fce078c3fda7d3a6e29e0264b2ae39385c4d6ccf15b969fa69aeb,1320838,H_bag,ACTION_CHANGED_HORIZON_COMPLETE,true,,true,true,true,HARMFUL,24.299999999999272,[1779],,,I3|BODY|NO_DIVERGENCE|HIGH,170143,958,0.005630557824888476,177.60229645093946
e61a198fdde0b514a5029d3177b5a7271c37d24d7ec31a2f95e545cdc15bb1c3:H_bag,e61a198fdde0b514a5029d3177b5a7271c37d24d7ec31a2f95e545cdc15bb1c3,I4,42229f92c87aae6e7d9705120b1d01c8c095ebd3a5d0fee09c780a99da419bd3,1321845,H_bag,ACTION_CHANGED_HORIZON_COMPLETE,true,,true,true,true,HARMFUL,1.0,[11694],,,I4|BODY|NO_DIVERGENCE|HIGH,471856,945,0.0020027296463327794,499.31851851851854
deaaf74def47ed03e34ed104be3fbcb057f60ab9cc9b897509ab5827dc98c55c:H_bag,deaaf74def47ed03e34ed104be3fbcb057f60ab9cc9b897509ab5827dc98c55c,I3,d063cb3b09402b5523d7946a3695906d2bda36d238140b43a7526954ede75597,1326017,H_bag,ACTION_CHANGED_HORIZON_COMPLETE,true,,true,true,true,HARMFUL,24.299999999999272,[4099],,,I3|BODY|NO_DIVERGENCE|HIGH,170143,958,0.005630557824888476,177.60229645093946
5675c53f9d31a43dfca28ce69fc18df139dd52881caea2a433c16a1ed2540e15:H_bag,5675c53f9d31a43dfca28ce69fc18df139dd52881caea2a433c16a1ed2540e15,I4,540d2abada92d4f0b795daabe4e802dd378fc76612b301d36a995e98de4b7320,1331830,H_bag,ACTION_CHANGED_HORIZON_COMPLETE,true,,true,true,true,HARMFUL,0.0010000000002037268,[5752],,,I4|TAIL|DIVERGENCE|HIGH,990,5,0.00505050505050505,198.00000000000003
f6f9e2d06275305831c795d5cdc359b541b5e00bc5ff6a17e3324d79754337de:H_system,f6f9e2d06275305831c795d5cdc359b541b5e00bc5ff6a17e3324d79754337de,I4,639f6d7c137b1568253049ddff669d67421d8433eec8064cd43e8be306bec1de,1334539,H_system,ACTION_CHANGED_HORIZON_COMPLETE,true,,true,true,true,HARMFUL,2.2934187882128754e-08,[11757],[11757],[],I4|BODY|NO_DIVERGENCE|HIGH,471856,945,0.0020027296463327794,499.31851851851854
19b920447b37692a6ffe369fb1c154489c2232657fedfc15decd9a317a5dd04a:H_bag,19b920447b37692a6ffe369fb1c154489c2232657fedfc15decd9a317a5dd04a,I3,3b5c6786dba7e8ac40ba079546a8eeee180afd2cd1fb4d8f828da1083f3a72e6,1335175,H_bag,ACTION_CHANGED_HORIZON_COMPLETE,true,,true,true,true,HARMFUL,21.549999999999272,[6652],,,I3|TAIL|DIVERGENCE|HIGH,466,7,0.01502145922746781,66.57142857142858
fa489befa165ee03f08ade364a8291a39ea6361ea2d16ab1774b860fd3d8d523:H_bag,fa489befa165ee03f08ade364a8291a39ea6361ea2d16ab1774b860fd3d8d523,I4,429dc583e0db518f1ed4211a93e720bc592f640ddc9dc7fabb399fcc70fcce2b,1335278,H_bag,ACTION_CHANGED_HORIZON_COMPLETE,true,,true,true,true,HARMFUL,0.5999999999985448,[6449],,,I4|BODY|NO_DIVERGENCE|HIGH,471856,945,0.0020027296463327794,499.31851851851854
b8326092dd8e8db9e2277c4b210048ba6f1c6acd6fb3c6ac1e2f6737671ff871:H_bag,b8326092dd8e8db9e2277c4b210048ba6f1c6acd6fb3c6ac1e2f6737671ff871,I3,b6ecd3d2fa23b05e4203098a8b3ae3d5ba9c98be8b15072e099be2c21d2f0c0d,1335385,H_bag,ACTION_CHANGED_HORIZON_COMPLETE,true,,true,true,true,HARMFUL,23.299999999999272,[6652],,,I3|TAIL|DIVERGENCE|HIGH,466,7,0.01502145922746781,66.57142857142858
22898d3741b648927b4dfd22819cfc688fb3d96a734ae365e960c3e1f4b35a02:H_bag,22898d3741b648927b4dfd22819cfc688fb3d96a734ae365e960c3e1f4b35a02,I3,8a396d23e285eed94d7ed9c90d1d4b705124679649add6e1f65bcf930586153b,1335772,H_bag,ACTION_CHANGED_HORIZON_COMPLETE,true,,true,true,true,HARMFUL,0.25,[6659],,,I3|BODY|NO_DIVERGENCE|HIGH,170143,958,0.005630557824888476,177.60229645093946
397c1e43dc889852c8b021672e0a46fc0b6d378433d55f04e36f059aaefff19f:H_bag,397c1e43dc889852c8b021672e0a46fc0b6d378433d55f04e36f059aaefff19f,I3,9b925306400df0edf1dfaad8fda3f1079725e0284a0e87fd5de2e882b39bce14,1336613,H_bag,ACTION_CHANGED_HORIZON_COMPLETE,true,,true,true,true,HARMFUL,24.299999999999272,[6679],,,I3|TAIL|DIVERGENCE|HIGH,466,7,0.01502145922746781,66.57142857142858
bd8faa297dc4d53a16ece26913fe5cb0b4e8ab974954d32b77cf1c5952278002:H_bag,bd8faa297dc4d53a16ece26913fe5cb0b4e8ab974954d32b77cf1c5952278002,I4,6135ab69ecaf061523933d68dad06f36d96f0cf3a7cccbbbb3bfd1c9a9c69164,1336756,H_bag,ACTION_CHANGED_HORIZON_COMPLETE,true,,true,true,true,HARMFUL,0.0010000000002037268,[6683],,,I4|TAIL|NO_DIVERGENCE|HIGH,13582,67,0.004932999558238846,202.71641791044775
ba4d7dd9e0f4ae51746e9371775686fb4c8f3d0a8c223ea7054f39c5e7ac4cfe:H_bag,ba4d7dd9e0f4ae51746e9371775686fb4c8f3d0a8c223ea7054f39c5e7ac4cfe,I3,c103b4a33d45a75c1654ed15c257303bdc98d6ff1efb0da94b985e18aab424bb,1337977,H_bag,ACTION_CHANGED_HORIZON_COMPLETE,true,,true,true,true,HARMFUL,73.18326000000161,[11741],,,I3|BODY|NO_DIVERGENCE|HIGH,170143,958,0.005630557824888476,177.60229645093946
737a12ff725f9341f81487ae1d541da63a19f3c3561e8c40af74b484cf8eb5e2:H_bag,737a12ff725f9341f81487ae1d541da63a19f3c3561e8c40af74b484cf8eb5e2,I3,a662a883472d89f7618418f30354dffaef7d3d89c26e0bd587d8e20ce9f2c81c,1339965,H_bag,ACTION_CHANGED_HORIZON_COMPLETE,true,,true,true,true,HARMFUL,24.799999999999272,[7448],,,I3|TAIL|NO_DIVERGENCE|HIGH,4196,58,0.013822688274547188,72.34482758620689
513a80da64c2c08f4b3827a3146543e9749180e4a9fcb13dcc40812a5ea1943e:H_bag,513a80da64c2c08f4b3827a3146543e9749180e4a9fcb13dcc40812a5ea1943e,I4,f8e6a8f8bf0fa37edf3c0db640c099120b149495be59b9041bb02b7d6e5a13ff,1344278,H_bag,ACTION_CHANGED_HORIZON_COMPLETE,true,,true,true,true,HARMFUL,0.0010000000002037268,[7915],,,I4|BODY|DIVERGENCE|HIGH,30514,61,0.0019990823884118766,500.2295081967213
199f3779f998dd310e691313f2c8f85e144354c8453a72dd73a4c2137fc47de3:H_bag,199f3779f998dd310e691313f2c8f85e144354c8453a72dd73a4c2137fc47de3,I3,e18a47253fc48a29d06bd4072f601cd791d7a18a342b6a7939d2b48d30cc61d8,1345648,H_bag,ACTION_CHANGED_HORIZON_COMPLETE,true,,true,true,true,HARMFUL,77.39999999999782,[11768],,,I3|BODY|NO_DIVERGENCE|HIGH,170143,958,0.005630557824888476,177.60229645093946
8410ee1da42bdbcc8556930144ba43ba8dd02302791fd8438c9de54b8718effc:H_bag,8410ee1da42bdbcc8556930144ba43ba8dd02302791fd8438c9de54b8718effc,I3,f5e1f1e14215a7bfbc2874f9e34acef21588c9f2cd7429f1f0069873068dd903,1346022,H_bag,ACTION_CHANGED_HORIZON_COMPLETE,true,,true,true,true,HARMFUL,23.299999999999272,[8083],,,I3|BODY|NO_DIVERGENCE|HIGH,170143,958,0.005630557824888476,177.60229645093946
53c5d6d0d66cfadedc6d2ebff1664697b18a533824dd08984ad7f5adea433f3b:H_bag,53c5d6d0d66cfadedc6d2ebff1664697b18a533824dd08984ad7f5adea433f3b,I4,93a08b4d42487d818f372d7569024ff15421ab3c98d8ec2f64b722452660857c,1350404,H_bag,ACTION_CHANGED_HORIZON_COMPLETE,true,,true,true,true,HARMFUL,0.31247000000075786,[11781],,,I4|BODY|NO_DIVERGENCE|HIGH,471856,945,0.0020027296463327794,499.31851851851854
a161a8c883dbde57c7b144e611370d562d014eeebfe59756e479315bd85d2f5a:H_bag,a161a8c883dbde57c7b144e611370d562d014eeebfe59756e479315bd85d2f5a,I4,5b5a4542bd974b8b68c0945818ee12f35efae6176493e1cd8ccf7c1931c755df,1352787,H_bag,ACTION_CHANGED_HORIZON_COMPLETE,true,,true,true,true,HARMFUL,1.0,[8364],,,I4|BODY|NO_DIVERGENCE|HIGH,471856,945,0.0020027296463327794,499.31851851851854
29b69ecfe25fa1c610a4c002eb286e1f259339123e6c5e7d3fafd54555e4cbb0:H_bag,29b69ecfe25fa1c610a4c002eb286e1f259339123e6c5e7d3fafd54555e4cbb0,I3,e815a4e98b9cf7cef4ffa66ff0b7ebc445eab93586257c9f916e5ea8e7ce0d98,1355891,H_bag,ACTION_CHANGED_HORIZON_COMPLETE,true,,true,true,true,HARMFUL,24.799999999999272,[9107],,,I3|BODY|NO_DIVERGENCE|HIGH,170143,958,0.005630557824888476,177.60229645093946
96ae135674500d1f62f44fdafa688a3cfa368ba42bcfb4457847aa0d1bf12997:H_system,96ae135674500d1f62f44fdafa688a3cfa368ba42bcfb4457847aa0d1bf12997,I4,e5a3159ee7ca1485dfb94520da47fc695c8e02e63b855e81db446a320768076c,1356318,H_system,ACTION_CHANGED_HORIZON_COMPLETE,true,,true,true,true,NEUTRAL_WITHIN_TOLERANCE,0.0,[9116],[9116],[],I4|BODY|NO_DIVERGENCE|HIGH,471856,945,0.0020027296463327794,499.31851851851854
9251bbaa9888d4574de309e93cada8a34c020421aec1d8da7eb55a767032a37f:H_bag,9251bbaa9888d4574de309e93cada8a34c020421aec1d8da7eb55a767032a37f,I3,ddedfcbad44c00db48c6975dbe131e7077097ae300694e1f7c92b056f1236c47,1357253,H_bag,ACTION_CHANGED_HORIZON_COMPLETE,true,,true,true,true,HARMFUL,22.799999999999272,[9204],,,I3|BODY|NO_DIVERGENCE|HIGH,170143,958,0.005630557824888476,177.60229645093946
9e5a0964efd25c08424be90510d6ede9e6ac4054df52f6aef3e39ab44116daf4:H_bag,9e5a0964efd25c08424be90510d6ede9e6ac4054df52f6aef3e39ab44116daf4,I4,42a0fbc6e58705d9bbc22dd39ff977c3c07684931c2351c30a15426b6af166c4,1359484,H_bag,ACTION_CHANGED_HORIZON_COMPLETE,true,,true,true,true,HARMFUL,0.0010000000002037268,[9347],,,I4|BODY|NO_DIVERGENCE|HIGH,471856,945,0.0020027296463327794,499.31851851851854
21db7fbf1f5b73dcf1d69149cafa9bf4550e2e5049775c0fbde895ee8dfbfe7d:H_system,21db7fbf1f5b73dcf1d69149cafa9bf4550e2e5049775c0fbde895ee8dfbfe7d,I3,4d6636f4eda41464f1d23e895158266f5aa2ff167fb75d140c2304bb2bae27d4,1359550,H_system,ACTION_CHANGED_HORIZON_COMPLETE,true,,true,true,true,HARMFUL,0.0017830575877724186,[11841],"[11841,11871]",[11871],I3|BODY|NO_DIVERGENCE|HIGH,170143,958,0.005630557824888476,177.60229645093946
a5af6fa8142a1d6b6d674defdb8fc37ec0b40d3bda11f168c4d8837e08761b31:H_bag,a5af6fa8142a1d6b6d674defdb8fc37ec0b40d3bda11f168c4d8837e08761b31,I3,2131a08671cc77053f223df54c4f8898c45641855bc88e926f7a727c136a3abd,1366977,H_bag,ACTION_CHANGED_HORIZON_COMPLETE,true,,true,true,true,HARMFUL,75.5999999999949,[801],,,I3|TAIL|NO_DIVERGENCE|HIGH,4196,58,0.013822688274547188,72.34482758620689
30830223222040ea0bd58c343570022265252c1aa2d104e7778bfd6e7870fd64:H_system,30830223222040ea0bd58c343570022265252c1aa2d104e7778bfd6e7870fd64,I3,bd7a3fa6e17c5b1dbbd34c74482592f93cf7c24f0774646fd2c2021aad774202,1369615,H_system,ACTION_CHANGED_HORIZON_COMPLETE,true,,true,true,true,HARMFUL,-0.006410995344339199,[4663],"[781,877,899,919,1331,1361,1421,2496,2544,2568,3883,3909,4030,4155,4305,4417,4488,4511,4627,4634,4636,4640,4663,4673,4682,4684,4694,4696,4700,4705,4713,4715,4763,4767,4774,4780,4785,4795,4801,4814,4816,4869,4889,4911,4964,4973,4991,5077,5089,5127,5174,5197,5241,5256,5316,5339,5567,5609,5611,5623,5625,5653,5809,5883,6005,6111,6149,6180,6213,6430,6542,6571,6588,6740,6767,6830,6981,6990,7024,7026,7031,7039,7067,7133,7137,7237,7262,7284,7288,7308,7330,7338,7380,7398,7405,7416,7536,7610,7632,7649,7672,7678,7746,7752,7762,7766,7769,7834,7865,7885,7888,7898,7917,7976,7995,8003,8011,8025,8028,8033,8035,8102,8150,8186,8192,8223,8242,8295,8350,8367,8376,8384,8404,8419,8444,8529,8544,8559,8612,8616,8656,8661,8665,8667,8670,8677,8679,8682,8689,8694,8696,8699,8703,8709,8713,8718,8725,8748,8750,8793,8801,8812,8816,8845,8852,8909,8927,8951,8973,8986,8999,9033,9044,9091,9118,9138,9157,9162,9184,9193,9242,9248,9252,9256,9282,9318,9470,9488,9503,9519,9521,9523,9533,9548,9554,9557,9569,9571,9576,9582,9606,9610,9637,9646,9653,9655,9724,9728,9756,9762,9770,9808,9819,9828,9841,9851,9853,11898,11899,11900,11901,11902,11914,11915,11916,11918,11923,11926,11927,11928,11930,11931,11936,11954,11955,11957,11959,11970,11974,11983,11987,11995,12026,12030,12031,12035,12038,12039,12043,12050,12066,12068,12069,12070,12076,12088,12110,12115,12116,12123,12129,12132,12133,12140,12143,12163]","[781,877,899,919,1331,1361,1421,2496,2544,2568,3883,3909,4030,4155,4305,4417,4488,4511,4627,4634,4636,4640,4673,4682,4684,4694,4696,4700,4705,4713,4715,4763,4767,4774,4780,4785,4795,4801,4814,4816,4869,4889,4911,4964,4973,4991,5077,5089,5127,5174,5197,5241,5256,5316,5339,5567,5609,5611,5623,5625,5653,5809,5883,6005,6111,6149,6180,6213,6430,6542,6571,6588,6740,6767,6830,6981,6990,7024,7026,7031,7039,7067,7133,7137,7237,7262,7284,7288,7308,7330,7338,7380,7398,7405,7416,7536,7610,7632,7649,7672,7678,7746,7752,7762,7766,7769,7834,7865,7885,7888,7898,7917,7976,7995,8003,8011,8025,8028,8033,8035,8102,8150,8186,8192,8223,8242,8295,8350,8367,8376,8384,8404,8419,8444,8529,8544,8559,8612,8616,8656,8661,8665,8667,8670,8677,8679,8682,8689,8694,8696,8699,8703,8709,8713,8718,8725,8748,8750,8793,8801,8812,8816,8845,8852,8909,8927,8951,8973,8986,8999,9033,9044,9091,9118,9138,9157,9162,9184,9193,9242,9248,9252,9256,9282,9318,9470,9488,9503,9519,9521,9523,9533,9548,9554,9557,9569,9571,9576,9582,9606,9610,9637,9646,9653,9655,9724,9728,9756,9762,9770,9808,9819,9828,9841,9851,9853,11898,11899,11900,11901,11902,11914,11915,11916,11918,11923,11926,11927,11928,11930,11931,11936,11954,11955,11957,11959,11970,11974,11983,11987,11995,12026,12030,12031,12035,12038,12039,12043,12050,12066,12068,12069,12070,12076,12088,12110,12115,12116,12123,12129,12132,12133,12140,12143,12163]",I3|BODY|NO_DIVERGENCE|HIGH,170143,958,0.005630557824888476,177.60229645093946
d36df3242bb9c744aa3f1c230b8d1c74cb974c51368b26f1174774b7d9eede3b:H_bag,d36df3242bb9c744aa3f1c230b8d1c74cb974c51368b26f1174774b7d9eede3b,I3,67807cd293f0f61b7362f12e911f2d392a1e8a3e72dfde789309ed4d8ffab855,1370679,H_bag,ACTION_CHANGED_HORIZON_COMPLETE,true,,true,true,true,HARMFUL,24.299999999999272,[4705],,,I3|BODY|NO_DIVERGENCE|HIGH,170143,958,0.005630557824888476,177.60229645093946
4a8c01edb9503dcfe05518e8f248bd7e42a375941837818dddd87734e0f75051:H_bag,4a8c01edb9503dcfe05518e8f248bd7e42a375941837818dddd87734e0f75051,I3,0fa2b8060885fb2e3c821159baaab945476532674145d4ca94a76db721fe7c36,1372224,H_bag,ACTION_CHANGED_HORIZON_COMPLETE,true,,true,true,true,HARMFUL,24.299999999999272,[4814],,,I3|BODY|DIVERGENCE|HIGH,10032,56,0.005582137161084529,179.14285714285714
06d3c51be0d71e95b1c3acccb1490b1541c07f43e1d60e27b7b37f13f24f2529:H_bag,06d3c51be0d71e95b1c3acccb1490b1541c07f43e1d60e27b7b37f13f24f2529,I4,d7827bb5a9dd0530d8dabb5153690b23e8423253493b9a9fd898e14e3b2f09c5,1373073,H_bag,ACTION_CHANGED_HORIZON_COMPLETE,true,,true,true,true,HARMFUL,0.0010000000002037268,[5077],,,I4|TAIL|DIVERGENCE|HIGH,990,5,0.00505050505050505,198.00000000000003
7e9523c6f36b90f2fb698ca9443fa5cc7dd5f5dac5485ccbbae72b2b5cdf60a8:H_bag,7e9523c6f36b90f2fb698ca9443fa5cc7dd5f5dac5485ccbbae72b2b5cdf60a8,I3,f2cd2217211f845839e9296cdac45c91a8b38c71e8a61f7187d25faef91e1386,1374314,H_bag,ACTION_CHANGED_HORIZON_COMPLETE,true,,true,true,true,HARMFUL,76.26064999999653,[11900],,,I3|BODY|NO_DIVERGENCE|HIGH,170143,958,0.005630557824888476,177.60229645093946
9e631af468fd54b21c91dce13225a13a427a2103528154a17df85d063c229660:H_bag,9e631af468fd54b21c91dce13225a13a427a2103528154a17df85d063c229660,I4,2aeab7e6346cc11140247512cec434374eba87fae14379342151057559f2f1e0,1377785,H_bag,ACTION_CHANGED_HORIZON_COMPLETE,true,,true,true,true,NEUTRAL_WITHIN_TOLERANCE,0.0,[7026],,,I4|BODY|NO_DIVERGENCE|HIGH,471856,945,0.0020027296463327794,499.31851851851854
a2a9028287723ef7733c3dca0d50f3baf2db912621cfb35bf28e8c807915048c:H_bag,a2a9028287723ef7733c3dca0d50f3baf2db912621cfb35bf28e8c807915048c,I4,74053eca9d84af83692323d2e65b4328ec413c67a6ecfdd4c451dd477a4f28f3,1380376,H_bag,ACTION_CHANGED_HORIZON_COMPLETE,true,,true,true,true,NEUTRAL_WITHIN_TOLERANCE,0.0,[7330],,,I4|TAIL|NO_DIVERGENCE|HIGH,13582,67,0.004932999558238846,202.71641791044775
810fee2ad3ef6dd318cc10981716ca91c75a71f5e0f7d9e16026cefdc8307f97:H_bag,810fee2ad3ef6dd318cc10981716ca91c75a71f5e0f7d9e16026cefdc8307f97,I4,6b55976d25f7bb5cd227c21ad7807bc92e924d9c6f3906d2cbb40522e575c516,1381685,H_bag,ACTION_CHANGED_HORIZON_COMPLETE,true,,true,true,true,NEUTRAL_WITHIN_TOLERANCE,0.0,[11936],,,I4|BODY|NO_DIVERGENCE|HIGH,471856,945,0.0020027296463327794,499.31851851851854
aaf6fe8e20b0168e1a999613356c25ae099f56be46eae344d3708fb3bd879cf1:H_bag,aaf6fe8e20b0168e1a999613356c25ae099f56be46eae344d3708fb3bd879cf1,I3,1f37d66aa139c10dff24102b179c6e2aec6cafc94e154f372ac3d8f17202b909,1382327,H_bag,ACTION_CHANGED_HORIZON_COMPLETE,true,,true,true,true,HARMFUL,76.39999999999782,[11918],,,I3|BODY|NO_DIVERGENCE|HIGH,170143,958,0.005630557824888476,177.60229645093946
32be303a6b2e4c1d3d37ef4a6d260c549c1eaf7eff709fbd1332f76545f30ccc:H_bag,32be303a6b2e4c1d3d37ef4a6d260c549c1eaf7eff709fbd1332f76545f30ccc,I3,77b581306c7c74a8a418e89ead5347a4ed8a015b6d8fc5f614f877065056d188,1383710,H_bag,ACTION_CHANGED_HORIZON_COMPLETE,true,,true,true,true,HARMFUL,24.549999999999272,[7746],,,I3|BODY|DIVERGENCE|HIGH,10032,56,0.005582137161084529,179.14285714285714
909ff4b174b74b73303718d8329f873638a27c9c3032ec7dbd567c3083022ab5:H_bag,909ff4b174b74b73303718d8329f873638a27c9c3032ec7dbd567c3083022ab5,I3,c9de004cb6b258888f220776130dbd3eff7bbe4d30d3ccacbc4dbcd6c11b527b,1395034,H_bag,ACTION_CHANGED_HORIZON_COMPLETE,true,,true,true,true,HARMFUL,76.89999999999782,[11954],,,I3|BODY|NO_DIVERGENCE|HIGH,170143,958,0.005630557824888476,177.60229645093946
f6767a4372268ee434ac85611bc454a8cc008102fa9fab7267f37bd2049fdd36:H_bag,f6767a4372268ee434ac85611bc454a8cc008102fa9fab7267f37bd2049fdd36,I3,db129e12e7b87ee7aeeff75ef114168df9f73b3175898720d1e27b6c37482289,1396503,H_bag,ACTION_CHANGED_HORIZON_COMPLETE,true,,true,true,true,HARMFUL,77.39999999999782,[11983],,,I3|BODY|NO_DIVERGENCE|HIGH,170143,958,0.005630557824888476,177.60229645093946
6f6f3c6fddb1c2fb39395a24cbd05b856804ba1c3bc16d0a34959e6824fa5338:H_bag,6f6f3c6fddb1c2fb39395a24cbd05b856804ba1c3bc16d0a34959e6824fa5338,I3,c97fc2a96053be244d770b67bb0a4ff3b8eea4a5855b46c63dabb1319ccbda68,1398491,H_bag,ACTION_CHANGED_HORIZON_COMPLETE,true,,true,true,true,HARMFUL,30.48717000000397,[12043],,,I3|BODY|NO_DIVERGENCE|HIGH,170143,958,0.005630557824888476,177.60229645093946
0b558ad2a089a145848b518038d81f86bff28fd640ee912b2cfd39eea2c9e7ab:H_system,0b558ad2a089a145848b518038d81f86bff28fd640ee912b2cfd39eea2c9e7ab,I3,7c8f2429fc990484b9057f32591376d5da46c54390bf33b22dcabb8f37ee4afd,1403138,H_system,ACTION_CHANGED_HORIZON_COMPLETE,true,,true,true,true,HARMFUL,-0.0016226188565440225,[8812],"[781,877,899,919,1331,1361,1421,2496,2544,2568,3883,3909,4030,4155,4305,4417,4488,4511,4627,4634,4636,4640,4700,4713,4774,4785,4869,4911,4964,4991,5256,5339,5625,5653,6180,6213,8812,8816,8845,8852,8909,8927,8951,8973,8986,8999,9033,9044,9091,9118,9138,9157,9162,9184,9193,9242,9248,9252,9256,9282,9318,9470,9488,9503,9519,9521,9523,9533,9548,9554,9557,9569,9571,9576,9582,9606,9610,9637,9646,9653,9655,9724,9728,9756,9762,9770,9808,9819,9828,9841,9851,9853,12056,12059,12062,12066,12067,12069,12070,12071,12076,12088,12110,12115,12116,12123,12129,12132,12133,12140,12143,12163]","[781,877,899,919,1331,1361,1421,2496,2544,2568,3883,3909,4030,4155,4305,4417,4488,4511,4627,4634,4636,4640,4700,4713,4774,4785,4869,4911,4964,4991,5256,5339,5625,5653,6180,6213,8816,8845,8852,8909,8927,8951,8973,8986,8999,9033,9044,9091,9118,9138,9157,9162,9184,9193,9242,9248,9252,9256,9282,9318,9470,9488,9503,9519,9521,9523,9533,9548,9554,9557,9569,9571,9576,9582,9606,9610,9637,9646,9653,9655,9724,9728,9756,9762,9770,9808,9819,9828,9841,9851,9853,12056,12059,12062,12066,12067,12069,12070,12071,12076,12088,12110,12115,12116,12123,12129,12132,12133,12140,12143,12163]",I3|BODY|DIVERGENCE|HIGH,10032,56,0.005582137161084529,179.14285714285714
10e0987e06011bd2b3f71c07a01cb3eb21789955e31c8301d97b46c73fe4bb55:H_bag,10e0987e06011bd2b3f71c07a01cb3eb21789955e31c8301d97b46c73fe4bb55,I4,6a83805f453c4cd52edbe288b6af4a2ddb475c9335ffa5456dff311e29b5a48d,1407218,H_bag,ACTION_CHANGED_HORIZON_COMPLETE,true,,true,true,true,NEUTRAL_WITHIN_TOLERANCE,0.0,[9033],,,I4|TAIL|NO_DIVERGENCE|HIGH,13582,67,0.004932999558238846,202.71641791044775
5f846e17198487d386aa575716747dcfe830f44e0a126b5fd3a37117facf0d30:H_system,5f846e17198487d386aa575716747dcfe830f44e0a126b5fd3a37117facf0d30,I4,60e609877c7a4e8361671dd9bab802c253d725fdbf9fd45337de906bd99586e8,1407241,H_system,ACTION_CHANGED_HORIZON_COMPLETE,true,,true,true,true,NEUTRAL_WITHIN_TOLERANCE,0.0,[9033],[9033],[],I4|TAIL|NO_DIVERGENCE|HIGH,13582,67,0.004932999558238846,202.71641791044775
fc72564cc05192335111c30a07b23f1ae92714612a638659a46866ddc5fd559c:H_bag,fc72564cc05192335111c30a07b23f1ae92714612a638659a46866ddc5fd559c,I3,209869713e8a3625bd02bdef23ade112b68bcc1b7ffa2269d767d94bd51e15cf,1407433,H_bag,ACTION_CHANGED_HORIZON_COMPLETE,true,,true,true,true,HARMFUL,13.799999999999272,[9033],,,I3|TAIL|NO_DIVERGENCE|HIGH,4196,58,0.013822688274547188,72.34482758620689
daac521c4e58c1e2a7c05f812fc3051bdb1613145384a20fc8bd51a627cbf1ad:H_bag,daac521c4e58c1e2a7c05f812fc3051bdb1613145384a20fc8bd51a627cbf1ad,I3,a1d09caea0bab49b4fc9b4a7859e884203a1ecd3f5f4e0684b98439e18c7cb72,1410359,H_bag,ACTION_CHANGED_HORIZON_COMPLETE,true,,true,true,true,HARMFUL,22.299999999999272,[9118],,,I3|BODY|NO_DIVERGENCE|HIGH,170143,958,0.005630557824888476,177.60229645093946
49825580aa91cba251b62b35cdb023b8c2d501b861750663c4a86449e3fb8824:H_system,49825580aa91cba251b62b35cdb023b8c2d501b861750663c4a86449e3fb8824,I3,59ac6e08dbfacc5d84f1ed6a41813ab7a8bf97bb5ff632b67c848c44a1b978e3,1413827,H_system,ACTION_CHANGED_HORIZON_COMPLETE,true,,true,true,true,HARMFUL,-0.00015217163962688574,[9282],"[781,877,899,919,1331,1361,1421,2496,2544,2568,3883,3909,4030,4155,4305,4417,4488,4511,4627,4634,4636,4640,4700,4713,4774,4785,4869,4911,4964,4991,5256,5339,5625,5653,6180,6213,9282,9318,9470,9488,9503,9519,9521,9523,9533,9548,9554,9557,9569,9571,9576,9582,9606,9610,9637,9646,9653,9655,9724,9728,9756,9762,9770,9808,9819,9828,9841,9851,9853,12129,12132,12133,12134,12137,12140,12143,12144,12163]","[781,877,899,919,1331,1361,1421,2496,2544,2568,3883,3909,4030,4155,4305,4417,4488,4511,4627,4634,4636,4640,4700,4713,4774,4785,4869,4911,4964,4991,5256,5339,5625,5653,6180,6213,9318,9470,9488,9503,9519,9521,9523,9533,9548,9554,9557,9569,9571,9576,9582,9606,9610,9637,9646,9653,9655,9724,9728,9756,9762,9770,9808,9819,9828,9841,9851,9853,12129,12132,12133,12134,12137,12140,12143,12144,12163]",I3|BODY|NO_DIVERGENCE|HIGH,170143,958,0.005630557824888476,177.60229645093946
5fc3ad6204d7c82dc09b803dc1255100926d2c1313996c20de8ab23ecbe8b179:H_bag,5fc3ad6204d7c82dc09b803dc1255100926d2c1313996c20de8ab23ecbe8b179,I3,ad656623ccc15b66bfb3640f4ef353429c570366201946d013ebd10a2b2c13d7,1425956,H_bag,ACTION_CHANGED_HORIZON_COMPLETE,true,,true,true,true,NEUTRAL_WITHIN_TOLERANCE,0.0,[5256],,,I3|BODY|NO_DIVERGENCE|HIGH,170143,958,0.005630557824888476,177.60229645093946
7865a85452589c0abce45a4baa536048c4dad027212fd85d04b653dedf28d507:H_bag,7865a85452589c0abce45a4baa536048c4dad027212fd85d04b653dedf28d507,I4,f4ae120e06b2bbd9aa9b2095d85f5e2a4dab22dc99b1e6b6d2d205a722f5ce29,1426140,H_bag,ACTION_CHANGED_HORIZON_COMPLETE,true,,true,true,true,HARMFUL,1.0,[4700],,,I4|TAIL|NO_DIVERGENCE|HIGH,13582,67,0.004932999558238846,202.71641791044775
ca0a7699ad5277bc348942142b9da83024a172ecfa4bd8b2e297b1946c361a3a:H_bag,ca0a7699ad5277bc348942142b9da83024a172ecfa4bd8b2e297b1946c361a3a,I3,fbb6d5e6217b00e8a4444f5cde8f9254af4812c4ff26caedc972b1fc14bd1356,1426747,H_bag,ACTION_CHANGED_HORIZON_COMPLETE,true,,true,true,true,HARMFUL,24.549999999999272,[6180],,,I3|BODY|NO_DIVERGENCE|HIGH,170143,958,0.005630557824888476,177.60229645093946
e094fdd0c89a9642409334fc6a288ebc6bdc2219d0ce6825eab3bc40ff23812b:H_system,e094fdd0c89a9642409334fc6a288ebc6bdc2219d0ce6825eab3bc40ff23812b,I3,761f8344e1d41432b6abb58511de677923aafd871c6adef5ad198236141439c8,1428498,H_system,ACTION_CHANGED_HORIZON_COMPLETE,true,,true,true,true,HARMFUL,5.733550437980739e-06,[7336],"[7336,7355,8631]","[7355,8631]",I3|BODY|NO_DIVERGENCE|HIGH,170143,958,0.005630557824888476,177.60229645093946
ee38fd8791d6851a4d2b6854bea173f5ebc4661080f1e8aeb42fdc04ef49b876:H_bag,ee38fd8791d6851a4d2b6854bea173f5ebc4661080f1e8aeb42fdc04ef49b876,I3,01cf59cef2ba42b001561cfec34bf846132a7c21c7ae5a40684ea5b2527f4ca6,1428592,H_bag,ACTION_CHANGED_HORIZON_COMPLETE,true,,true,true,true,NEUTRAL_WITHIN_TOLERANCE,0.0,[7355],,,I3|TAIL|NO_DIVERGENCE|HIGH,4196,58,0.013822688274547188,72.34482758620689
3ff11e9524f941331ff994769eb91160431d9f3f80998dfa942f4aaba4ae0380:H_system,3ff11e9524f941331ff994769eb91160431d9f3f80998dfa942f4aaba4ae0380,I3,99211983e5008c758d3af6eb0eb12aed04693b3952d8e3a87d0929cd9fd5c833,1429980,H_system,ACTION_CHANGED_HORIZON_COMPLETE,true,,true,true,true,HARMFUL,0.003574221957194368,[7336],"[7336,8423,8475,12188,12194,12213,12214,12241,12242,12244,12245,12248,12254]","[8423,8475,12188,12194,12213,12214,12241,12242,12244,12245,12248,12254]",I3|BODY|NO_DIVERGENCE|HIGH,170143,958,0.005630557824888476,177.60229645093946
197dd5b4bb5b2ab425c315271c0f7bcdcdda501609b1250df8b198fe47adb61d:H_bag,197dd5b4bb5b2ab425c315271c0f7bcdcdda501609b1250df8b198fe47adb61d,I3,e28058658dc883293d7302286b439d39171f18159326c398a9ed130226aa1ca6,1432807,H_bag,ACTION_CHANGED_HORIZON_COMPLETE,true,,true,true,true,HARMFUL,65.90563000000111,[12187],,,I3|BODY|NO_DIVERGENCE|HIGH,170143,958,0.005630557824888476,177.60229645093946
2712ffea989d27c43997f5fc1bafa9e8eeef28ea8df232a932e5daff8b62c141:H_bag,2712ffea989d27c43997f5fc1bafa9e8eeef28ea8df232a932e5daff8b62c141,I4,d7135e531192344fafc4ea8bb2f06e5d5035ef07ce1645798244cf80a337d6a9,1436327,H_bag,ACTION_CHANGED_HORIZON_COMPLETE,true,,true,true,true,NEUTRAL_WITHIN_TOLERANCE,0.0,[8738],,,I4|BODY|NO_DIVERGENCE|HIGH,471856,945,0.0020027296463327794,499.31851851851854
5f42e395bba8b6439419f4cd1d375d0baaab6987e0bb2e1d79f62c0d938fe4b8:H_bag,5f42e395bba8b6439419f4cd1d375d0baaab6987e0bb2e1d79f62c0d938fe4b8,I4,768430f72618b1845352308f520c4be0bcb290c75f7475943eaeaf5e808a2564,1437855,H_bag,ACTION_CHANGED_HORIZON_COMPLETE,true,,true,true,true,HARMFUL,0.0010000000002037268,[8890],,,I4|BODY|NO_DIVERGENCE|HIGH,471856,945,0.0020027296463327794,499.31851851851854
dc748f249ce984999bb409781ac25d15a3580577ac8f0596164a79b12f486296:H_bag,dc748f249ce984999bb409781ac25d15a3580577ac8f0596164a79b12f486296,I3,903dce0921563ed58b036a9740898694c13eadbd38f61ad6cdf3f6bd7802013d,1439507,H_bag,ACTION_CHANGED_HORIZON_COMPLETE,true,,true,true,true,HARMFUL,75.52583000000232,[12216],,,I3|BODY|NO_DIVERGENCE|HIGH,170143,958,0.005630557824888476,177.60229645093946
9a2799d1f5eb3ea6abc5c93506c86a804f6d581faeddcf02f67a974134591607:H_bag,9a2799d1f5eb3ea6abc5c93506c86a804f6d581faeddcf02f67a974134591607,I3,60de753bb3284cf7cd8ee31ba048c71f323f3185656c15db16b0ce76e0a14218,1440433,H_bag,ACTION_CHANGED_HORIZON_COMPLETE,true,,true,true,true,NEUTRAL_WITHIN_TOLERANCE,0.0,[9531],,,I3|BODY|NO_DIVERGENCE|HIGH,170143,958,0.005630557824888476,177.60229645093946
d9efe3c97b126419d3cf292c399cefa06df9eeb31cc115e78d83eaa1d0abb016:H_bag,d9efe3c97b126419d3cf292c399cefa06df9eeb31cc115e78d83eaa1d0abb016,I3,a09c23f92db82136ee5e1f2e158f0c1fcb6021ce1604b7c156760b4607ccc5bd,1441553,H_bag,ACTION_CHANGED_HORIZON_COMPLETE,true,,true,true,true,HARMFUL,77.59999999999854,[9517],,,I3|BODY|NO_DIVERGENCE|HIGH,170143,958,0.005630557824888476,177.60229645093946
54d2e24cf6903211f3ae748fc79ada63aaa84f5381b7022b8c6da55473c4cd32:H_bag,54d2e24cf6903211f3ae748fc79ada63aaa84f5381b7022b8c6da55473c4cd32,I4,3d37f166931d3ecbfcff6ec0c4648b04c9b9ddf85cac1fd2fc558c52bc0f179a,1442614,H_bag,ACTION_CHANGED_HORIZON_COMPLETE,true,,true,true,true,NEUTRAL_WITHIN_TOLERANCE,0.0,[9868],,,I4|BODY|NO_DIVERGENCE|HIGH,471856,945,0.0020027296463327794,499.31851851851854
7dcae18a05b16252a695375b54e48dd2ec8d8589fd2c2aecb8cc611f4d3064d9:H_bag,7dcae18a05b16252a695375b54e48dd2ec8d8589fd2c2aecb8cc611f4d3064d9,I4,96941f82b05f9bc652ab6313779f96612e62be187c6e301d9654268e1829b54b,1447570,H_bag,ACTION_CHANGED_HORIZON_COMPLETE,true,,true,true,true,HARMFUL,0.09821999999621767,[12253],,,I4|BODY|NO_DIVERGENCE|HIGH,471856,945,0.0020027296463327794,499.31851851851854
3b4f0b247e79b0e705bb45cc4011d192a49699217b0b8f4be7924c78471ec41b:H_bag,3b4f0b247e79b0e705bb45cc4011d192a49699217b0b8f4be7924c78471ec41b,I3,43ded80a56642e4cc61514b32bd1daf29c37a000c3343f4fcae124009976f002,1452236,H_bag,ACTION_CHANGED_HORIZON_COMPLETE,true,,true,true,true,HARMFUL,77.39999999999782,[12299],,,I3|BODY|NO_DIVERGENCE|HIGH,170143,958,0.005630557824888476,177.60229645093946
3bff6b1fc4110012f72f5de36b8181c17c215d093c2b0a9a1c5b86eb8ca92352:H_system,3bff6b1fc4110012f72f5de36b8181c17c215d093c2b0a9a1c5b86eb8ca92352,I4,494f2db79c3eebd29a66db2752bd133479673c8142c39213aa7c26757d93fef1,1453819,H_system,ACTION_CHANGED_HORIZON_COMPLETE,true,,true,true,true,HARMFUL,4.1905602813585574e-05,[12310],"[12309,12310]",[12309],I4|BODY|DIVERGENCE|HIGH,30514,61,0.0019990823884118766,500.2295081967213
2998a7b8dbd559ae84a6629c3eb5dd236b2ddd8e84bbb49774c3457f0cd0f284:H_system,2998a7b8dbd559ae84a6629c3eb5dd236b2ddd8e84bbb49774c3457f0cd0f284,I4,873be607a4cbb19a9e0c6920cdb69a3c1896d16208bbd45af44507935f946b94,1462488,H_system,ACTION_CHANGED_HORIZON_COMPLETE,true,,true,true,true,NEUTRAL_WITHIN_TOLERANCE,0.0,[10493],[10493],[],I4|BODY|NO_DIVERGENCE|HIGH,471856,945,0.0020027296463327794,499.31851851851854
b1ed11e1f73d94abcb73650024fba039c243628c7e5fca58dbcbc5a59cddb1e3:H_bag,b1ed11e1f73d94abcb73650024fba039c243628c7e5fca58dbcbc5a59cddb1e3,I3,9d74f89d33afff85cefac3606a52075daf9ad77e7eee4a5330cc6631149ccb0a,1466408,H_bag,ACTION_CHANGED_HORIZON_COMPLETE,true,,true,true,true,HARMFUL,4.200000000000728,[12391],,,I3|BODY|NO_DIVERGENCE|HIGH,170143,958,0.005630557824888476,177.60229645093946
289a08a960207439ff0ff5213aa67b67b20a0a0f1b4fd8a66bb33d25568b5ac4:H_bag,289a08a960207439ff0ff5213aa67b67b20a0a0f1b4fd8a66bb33d25568b5ac4,I3,efbbdae515a78370b55f7ff78634021301d3f67d7f473fcd8e21ca0d58171c77,1468169,H_bag,ACTION_CHANGED_HORIZON_COMPLETE,true,,true,true,true,HARMFUL,2.972040000000561,[12410],,,I3|BODY|NO_DIVERGENCE|HIGH,170143,958,0.005630557824888476,177.60229645093946
b2ef71b7fdf5aa747edac0ea86a8af586ceb2b8aa8e8d0bfa279dfe855d8eb4d:H_bag,b2ef71b7fdf5aa747edac0ea86a8af586ceb2b8aa8e8d0bfa279dfe855d8eb4d,I4,00403fa2fa554f25ce7001cbe9e30893201a3141dea9fbb67df61c16f3150021,1469548,H_bag,ACTION_CHANGED_HORIZON_COMPLETE,true,,true,true,true,NEUTRAL_WITHIN_TOLERANCE,0.0,[12415],,,I4|BODY|NO_DIVERGENCE|HIGH,471856,945,0.0020027296463327794,499.31851851851854
51e6b378233b5fd3fac7050bec3bc725415dd38a0b50d59cd58d59d91e280169:H_bag,51e6b378233b5fd3fac7050bec3bc725415dd38a0b50d59cd58d59d91e280169,I4,4bebf732d75feb4060c311b90d6563348dd33bf1874c23629d9310bd9bc614fe,1473786,H_bag,ACTION_CHANGED_HORIZON_COMPLETE,true,,true,true,true,HARMFUL,1.0,[12421],,,I4|BODY|NO_DIVERGENCE|HIGH,471856,945,0.0020027296463327794,499.31851851851854
3fefb34b24f27b139e611c3a39cda6695bd289d2fadd3387a37642562ebd1759:H_system,3fefb34b24f27b139e611c3a39cda6695bd289d2fadd3387a37642562ebd1759,I3,bdd9c0148d13de355a345520615e3ad2efb6b2863f20a8b3765ee10ad2839c9d,1473865,H_system,ACTION_CHANGED_HORIZON_COMPLETE,true,,true,true,true,HARMFUL,0.0007133729330632832,[12471],"[12426,12436,12441,12445,12449,12471]","[12426,12436,12441,12445,12449]",I3|BODY|NO_DIVERGENCE|HIGH,170143,958,0.005630557824888476,177.60229645093946
2ec593e3fc7ad5ef4c657abc0a4f647f58a4498d7422ca0cb96e65bd6cc530b7:H_bag,2ec593e3fc7ad5ef4c657abc0a4f647f58a4498d7422ca0cb96e65bd6cc530b7,I3,f241bb4fa27de9d7ba3c11c7faa5a54dd71df9d61d6b7b8a4c306feada1bb112,1474467,H_bag,ACTION_CHANGED_HORIZON_COMPLETE,true,,true,true,true,HARMFUL,36.49999999999636,[12467],,,I3|BODY|NO_DIVERGENCE|HIGH,170143,958,0.005630557824888476,177.60229645093946
ec0614644275e9ae280fe3f1b90f2e8d4510854a4a894b9f73af910bf1abbd02:H_bag,ec0614644275e9ae280fe3f1b90f2e8d4510854a4a894b9f73af910bf1abbd02,I3,13cab03f6d677c5b75a466de23323b8f385a22d84a96d030d29a709d6f7ad20a,1475953,H_bag,ACTION_CHANGED_HORIZON_COMPLETE,true,,true,true,true,HARMFUL,75.5999999999949,[12424],,,I3|BODY|NO_DIVERGENCE|HIGH,170143,958,0.005630557824888476,177.60229645093946
587c1098cbedb5dae721b3bc302eda4771ea13967f94fe8057c86b82fa43f040:H_bag,587c1098cbedb5dae721b3bc302eda4771ea13967f94fe8057c86b82fa43f040,I3,7d60c4a983dde8c4d0ed79ddbf4e680bd8db565cc8ac91599ba0ed4de0a9dcb7,1476572,H_bag,ACTION_CHANGED_HORIZON_COMPLETE,true,,true,true,true,HARMFUL,30.700000000000728,[12483],,,I3|BODY|NO_DIVERGENCE|HIGH,170143,958,0.005630557824888476,177.60229645093946
3634731426fdd0e6f93a49016362caae356bd088afab6c411a581d7f90eb07d0:H_bag,3634731426fdd0e6f93a49016362caae356bd088afab6c411a581d7f90eb07d0,I3,c6ce78c71d1e633034cf10f7dacd0890af5259873b5f9c22c7818f15c7b9ae67,1477899,H_bag,ACTION_CHANGED_HORIZON_COMPLETE,true,,true,true,true,HARMFUL,77.39999999999782,[12452],,,I3|BODY|NO_DIVERGENCE|HIGH,170143,958,0.005630557824888476,177.60229645093946
3872d0af65908fe7302ab423a627ff49ceba6f1989938ed7b700b6a6889e8aeb:H_bag,3872d0af65908fe7302ab423a627ff49ceba6f1989938ed7b700b6a6889e8aeb,I4,90962618994870062ccbf8aecc688245b72facc421dbe8224e7abe537d297b95,1478237,H_bag,ACTION_CHANGED_HORIZON_COMPLETE,true,,true,true,true,HARMFUL,1.0,[12461],,,I4|BODY|DIVERGENCE|HIGH,30514,61,0.0019990823884118766,500.2295081967213
a3f2315b5eb87e938f1c0d0c99d9a070c9f59ac86baf302bf5ab97b5912e2d80:H_bag,a3f2315b5eb87e938f1c0d0c99d9a070c9f59ac86baf302bf5ab97b5912e2d80,I3,ac1d2b37abec2f216e72e40597cb72ed99504f2d4a35a2f5e4c06b7648f34f7c,1478284,H_bag,ACTION_CHANGED_HORIZON_COMPLETE,true,,true,true,true,HARMFUL,20.555199999998877,[12493],,,I3|BODY|NO_DIVERGENCE|HIGH,170143,958,0.005630557824888476,177.60229645093946
efdea08f81e82319a59d05c60fcbc33f933096df66a6244aefc3368e37060ea2:H_bag,efdea08f81e82319a59d05c60fcbc33f933096df66a6244aefc3368e37060ea2,I4,a348f08f656a153598d6c47e7fddab37a511021554f35ad26fac9a3bfbfeb2aa,1480453,H_bag,ACTION_CHANGED_HORIZON_COMPLETE,true,,true,true,true,HARMFUL,0.3147699999935867,[12482],,,I4|BODY|NO_DIVERGENCE|HIGH,471856,945,0.0020027296463327794,499.31851851851854
758a30cf49c3b68f28c5fbd77dfc7749430e86337a22f6b7507bafbd7ba582fb:H_bag,758a30cf49c3b68f28c5fbd77dfc7749430e86337a22f6b7507bafbd7ba582fb,I4,3f4275de1e65df0b195689a4a6abbd9264bc264f74b0930b27cd28da653414ad,1482861,H_bag,ACTION_CHANGED_HORIZON_COMPLETE,true,,true,true,true,HARMFUL,0.35388000000239117,[12495],,,I4|BODY|DIVERGENCE|HIGH,30514,61,0.0019990823884118766,500.2295081967213
75540e98f07b951519211948f679026460ac08a0282bf868afbc13e400689c78:H_bag,75540e98f07b951519211948f679026460ac08a0282bf868afbc13e400689c78,I4,1e42bed03261e80b34f24a9bea1d107287249cb3d7b0a00d80e6448090e6b086,1483221,H_bag,ACTION_CHANGED_HORIZON_COMPLETE,true,,true,true,true,HARMFUL,0.31833999999798834,[12496],,,I4|BODY|NO_DIVERGENCE|HIGH,471856,945,0.0020027296463327794,499.31851851851854
01b88529940907a2d59f24a105864c5ca10842dab90184ea3a0488f4eb40ddc9:H_bag,01b88529940907a2d59f24a105864c5ca10842dab90184ea3a0488f4eb40ddc9,I4,8fe0de23135efda7c1f278a99737520b45e9d691a9f332312e2809652e98907a,1484038,H_bag,ACTION_CHANGED_HORIZON_COMPLETE,true,,true,true,true,HARMFUL,0.4918600000019069,[12515],,,I4|BODY|NO_DIVERGENCE|HIGH,471856,945,0.0020027296463327794,499.31851851851854
0253563a04a2f5e3b10bcb573a446e0d575d4331c2b58254c9e68694bd7a14ea:H_bag,0253563a04a2f5e3b10bcb573a446e0d575d4331c2b58254c9e68694bd7a14ea,I3,6845f7234c063ec285f6dfcf77cdb678596ffc6d96ce30d2b58a6da0467441fc,1489419,H_bag,ACTION_CHANGED_HORIZON_COMPLETE,true,,true,true,true,HARMFUL,75.8499999999949,[12553],,,I3|BODY|NO_DIVERGENCE|HIGH,170143,958,0.005630557824888476,177.60229645093946
59efbecc9a8f8165655c0a74503f05d7947799b3dcb92a46517b51f663c17a50:H_bag,59efbecc9a8f8165655c0a74503f05d7947799b3dcb92a46517b51f663c17a50,I3,500fb40bd07868b887cff6ebbf6bc3c6aa4da49b160daeeb45080444892bd777,1489588,H_bag,ACTION_CHANGED_HORIZON_COMPLETE,true,,true,true,true,HARMFUL,60.39999999999782,[1163],,,I3|TAIL|NO_DIVERGENCE|HIGH,4196,58,0.013822688274547188,72.34482758620689
69a0c3a7bd09a950a676440788c0b1acf4aa87911a7cbcfb07d50bd69f413463:H_bag,69a0c3a7bd09a950a676440788c0b1acf4aa87911a7cbcfb07d50bd69f413463,I3,5f2dd1d3040dabfe8f878d94e91ca4259477b2e3bd4cb1b1d4670c6efa5b268d,1491861,H_bag,ACTION_CHANGED_HORIZON_COMPLETE,true,,true,true,true,HARMFUL,76.5999999999949,[2843],,,I3|TAIL|NO_DIVERGENCE|HIGH,4196,58,0.013822688274547188,72.34482758620689
6d99417a2b8e250621eb98b843a7f29ca4203c626aa00cec5831b9eb744dbeec:H_bag,6d99417a2b8e250621eb98b843a7f29ca4203c626aa00cec5831b9eb744dbeec,I4,a8bb36c43f6e0021cdfb6ab7a5478841e6c9862cf9bc9fde366883f6d1029eb7,1493686,H_bag,ACTION_CHANGED_HORIZON_COMPLETE,true,,true,true,true,HARMFUL,0.1581000000005588,[12615],,,I4|BODY|NO_DIVERGENCE|HIGH,471856,945,0.0020027296463327794,499.31851851851854
b4cc20dc67bdb1ab58fdc5a47dc3ba33b1106eeed9e9e3bcce66a1d32ea97711:H_bag,b4cc20dc67bdb1ab58fdc5a47dc3ba33b1106eeed9e9e3bcce66a1d32ea97711,I4,54162ae01c826bf3a95bada81b836492ccf1b4a46adab8d2ae642338ab5bd0f8,1495055,H_bag,ACTION_CHANGED_HORIZON_COMPLETE,true,,true,true,true,NEUTRAL_WITHIN_TOLERANCE,0.0,[12626],,,I4|BODY|NO_DIVERGENCE|HIGH,471856,945,0.0020027296463327794,499.31851851851854
a9c8fb0b88ad16c0630b93fd9bcbfa7349eac5d71c9a249ff4b2335b0bf660bb:H_bag,a9c8fb0b88ad16c0630b93fd9bcbfa7349eac5d71c9a249ff4b2335b0bf660bb,I4,1949a4c2c7f7e5167e9354502750781ed89c8baf18e20e285a9921dd8f3e34c7,1495777,H_bag,ACTION_CHANGED_HORIZON_COMPLETE,true,,true,true,true,HARMFUL,1.0,[12628],,,I4|BODY|NO_DIVERGENCE|HIGH,471856,945,0.0020027296463327794,499.31851851851854
98c6d5e8b1c8107c4904f7bae47e0f059dd49db7a89c354cac675823a5eafc08:H_bag,98c6d5e8b1c8107c4904f7bae47e0f059dd49db7a89c354cac675823a5eafc08,I3,46959d07c0f5e26d5c24eae5116f0aee84854543c7d1d947d59a45c94e30ceff,1499096,H_bag,ACTION_CHANGED_HORIZON_COMPLETE,true,,true,true,true,HARMFUL,4.19999999999709,[12639],,,I3|BODY|NO_DIVERGENCE|HIGH,170143,958,0.005630557824888476,177.60229645093946
c631e5823664bcaa172d2da5d477318970b863f79272d8b3e674b696e0d960f3:H_bag,c631e5823664bcaa172d2da5d477318970b863f79272d8b3e674b696e0d960f3,I3,ddbaf961a7e75130a9833d0bcaee9f3ef30e87e9694744558d134ad48456c77e,1502923,H_bag,ACTION_CHANGED_HORIZON_COMPLETE,true,,true,true,true,HARMFUL,24.799999999999272,[9429],,,I3|BODY|DIVERGENCE|HIGH,10032,56,0.005582137161084529,179.14285714285714
f3a880dac2bc3ccf66700de2c2d17c8a4286b7ec46d6c85189c2ba070dacf459:H_system,f3a880dac2bc3ccf66700de2c2d17c8a4286b7ec46d6c85189c2ba070dacf459,I3,cfc97f80394c40f3ed0e37012227570ede40c51d9310d9aea49f7e3a892a4e10,1506451,H_system,ACTION_CHANGED_HORIZON_COMPLETE,true,,true,true,true,HARMFUL,0.0017798429007029881,[12649],"[12649,12654,12655,12656]","[12654,12655,12656]",I3|BODY|NO_DIVERGENCE|HIGH,170143,958,0.005630557824888476,177.60229645093946
185786ff19204c52a2f4a5e7b061d65770e722e4c15656b398b10ea80a906f4a:H_system,185786ff19204c52a2f4a5e7b061d65770e722e4c15656b398b10ea80a906f4a,I3,99b95902c46d31b167d6ae505923672990f07d23b48f8dfd357b1a8ab1b9e3a2,1506862,H_system,ACTION_CHANGED_HORIZON_COMPLETE,true,,true,true,true,HARMFUL,0.000196546567877931,[10218],"[10218,10221,10229,10233,10252,10254,10260,10276,10322,10332,10367,10377,10382,10385,10398,10405,10413,10561,10680,10803,10809,10812,10815,10818,12658,12659]","[10221,10229,10233,10252,10254,10260,10276,10322,10332,10367,10377,10382,10385,10398,10405,10413,10561,10680,10803,10809,10812,10815,10818,12658,12659]",I3|BODY|NO_DIVERGENCE|HIGH,170143,958,0.005630557824888476,177.60229645093946
86ceb6b093da7533509d632a29366f6971b6ea700f79c09563af98f3e1f73861:H_bag,86ceb6b093da7533509d632a29366f6971b6ea700f79c09563af98f3e1f73861,I3,ab53ee5315b24efa34ffd291ab35c6a3707e0ad97d25a59b562c94bf01656d4f,1508210,H_bag,ACTION_CHANGED_HORIZON_COMPLETE,true,,true,true,true,HARMFUL,24.299999999999272,[10332],,,I3|BODY|NO_DIVERGENCE|HIGH,170143,958,0.005630557824888476,177.60229645093946
9f4cb98fc77f028cf236efb47a5ddd90058724704973bc4070780dbe8f368b4f:H_bag,9f4cb98fc77f028cf236efb47a5ddd90058724704973bc4070780dbe8f368b4f,I4,bb100208e5ad748eb6378e7c7904b137129eb1db6cc7b2ffaed6e69ad674d220,1509562,H_bag,ACTION_CHANGED_HORIZON_COMPLETE,true,,true,true,true,HARMFUL,0.5999999999985448,[10332],,,I4|BODY|NO_DIVERGENCE|HIGH,471856,945,0.0020027296463327794,499.31851851851854
a7d4f35abcf7b81cce7d9ae1363100240a41c5a878357bbfe894842ca39c7b64:H_bag,a7d4f35abcf7b81cce7d9ae1363100240a41c5a878357bbfe894842ca39c7b64,I3,81e0900494cbf20ca0de018043a917261b1fbf5823de36cd77d0ffd87a188cdb,1513224,H_bag,ACTION_CHANGED_HORIZON_COMPLETE,true,,true,true,true,HARMFUL,77.39999999999782,[12678],,,I3|BODY|NO_DIVERGENCE|HIGH,170143,958,0.005630557824888476,177.60229645093946
88b9e063d5467a6e0539fb39abbf09236f3be8ef1d57647a6f4f98751cb4225e:H_system,88b9e063d5467a6e0539fb39abbf09236f3be8ef1d57647a6f4f98751cb4225e,I3,6f1bd3b9b76bbe9ec13d477b885bf4e379bb449ec7a7b93ad56044b05d75170c,1519574,H_system,ACTION_CHANGED_HORIZON_COMPLETE,true,,true,true,true,HARMFUL,0.0012443430497626196,[8277],"[8277,8872,8968,9013,9035,9056,9134,9191,9208,9226,9294,9602,9612,9717,9730,9862,9999,10052,10060,10066,10070,10074,10076,10081,10106,10119,10156,10158,10203,10214,10250,10341,10353,10370,10373,10380,10439,10445,10522,10628,10868,10880,10889,10905,10907,10925,10978,11007,11041,11101,12721,12722,12723,12725,12726,12727,12728,12729,12730,12733,12734,12735,12736,12737,12738,12739,12740,12741,12742,12745,12747]","[8872,8968,9013,9035,9056,9134,9191,9208,9226,9294,9602,9612,9717,9730,9862,9999,10052,10060,10066,10070,10074,10076,10081,10106,10119,10156,10158,10203,10214,10250,10341,10353,10370,10373,10380,10439,10445,10522,10628,10868,10880,10889,10905,10907,10925,10978,11007,11041,11101,12721,12722,12723,12725,12726,12727,12728,12729,12730,12733,12734,12735,12736,12737,12738,12739,12740,12741,12742,12745,12747]",I3|TAIL|NO_DIVERGENCE|HIGH,4196,58,0.013822688274547188,72.34482758620689
00d4435451cf87409265a4c1bbe9132126d0138fb270fbf1ef95d4322a641575:H_bag,00d4435451cf87409265a4c1bbe9132126d0138fb270fbf1ef95d4322a641575,I4,3a56a8e8cc315e6cbba5e48c5b8ccf98a30a39d67fbae405571b44a04c211109,1520320,H_bag,ACTION_CHANGED_HORIZON_COMPLETE,true,,true,true,true,NEUTRAL_WITHIN_TOLERANCE,0.0,[9056],,,I4|TAIL|NO_DIVERGENCE|HIGH,13582,67,0.004932999558238846,202.71641791044775
4dc3dc938cb41724e9a5556cf19010ed860c4d796117bd246f684c6996a787f2:H_bag,4dc3dc938cb41724e9a5556cf19010ed860c4d796117bd246f684c6996a787f2,I3,018cfcf5297dacae811232ef68b5f901b85b49197917673ddc95738b2f1ff0f8,1520956,H_bag,ACTION_CHANGED_HORIZON_COMPLETE,true,,true,true,true,HARMFUL,4.7953899999993155,[12721],,,I3|BODY|NO_DIVERGENCE|HIGH,170143,958,0.005630557824888476,177.60229645093946
fa723de2327639898e63857dfcb7ddad8eb87ba7c053f292ddd7825b22284984:H_bag,fa723de2327639898e63857dfcb7ddad8eb87ba7c053f292ddd7825b22284984,I3,41874dafcaa06ee1378a1621b0499cc514f492e764472609a1cf693b03dda230,1521206,H_bag,ACTION_CHANGED_HORIZON_COMPLETE,true,,true,true,true,HARMFUL,6.5453899999993155,[12721],,,I3|BODY|NO_DIVERGENCE|HIGH,170143,958,0.005630557824888476,177.60229645093946
ac572685308d52e0ef8d7a88e262f095e0c5941b81f6bd3d2c5e67b5fd7e7e09:H_bag,ac572685308d52e0ef8d7a88e262f095e0c5941b81f6bd3d2c5e67b5fd7e7e09,I4,c0752b07ffb9643026e827dcd2bec5c1f2dcdca14024cf87bac0c767f071f055,1522104,H_bag,ACTION_CHANGED_HORIZON_COMPLETE,true,,true,true,true,HARMFUL,0.0010000000002037268,[10052],,,I4|BODY|NO_DIVERGENCE|HIGH,471856,945,0.0020027296463327794,499.31851851851854
dd1360d4a3b6a09099e4417d286ce6b676f4a29e6d39731377e197a77b595fe3:H_bag,dd1360d4a3b6a09099e4417d286ce6b676f4a29e6d39731377e197a77b595fe3,I4,4419e6032762dec89b59a3eaaf2c601255a47c5efa24808e541bf9cdedcba63b,1522512,H_bag,ACTION_CHANGED_HORIZON_COMPLETE,true,,true,true,true,NEUTRAL_WITHIN_TOLERANCE,0.0,[10074],,,I4|BODY|NO_DIVERGENCE|HIGH,471856,945,0.0020027296463327794,499.31851851851854
f300ae759be3118258528e51025dea59401ca45684c4df208b019c9cf664eee8:H_bag,f300ae759be3118258528e51025dea59401ca45684c4df208b019c9cf664eee8,I4,8c8a46d66b3b599a39523261101bbaf1e5fd1ba79c7e64b44bc1014a41fc932d,1523002,H_bag,ACTION_CHANGED_HORIZON_COMPLETE,true,,true,true,true,HARMFUL,0.4000000000014552,[10066],,,I4|BODY|NO_DIVERGENCE|HIGH,471856,945,0.0020027296463327794,499.31851851851854
2a1cbe9a26434c3ff0259a369eb62e3ff09bb86fffd27b5c814a5994e61fba7a:H_bag,2a1cbe9a26434c3ff0259a369eb62e3ff09bb86fffd27b5c814a5994e61fba7a,I4,b5eaae865b775904f4621685f0150f9351d1967ebf5a6411ad4bd664363d6d0d,1523754,H_bag,ACTION_CHANGED_HORIZON_COMPLETE,true,,true,true,true,NEUTRAL_WITHIN_TOLERANCE,0.0,[12736],,,I4|BODY|NO_DIVERGENCE|HIGH,471856,945,0.0020027296463327794,499.31851851851854
e06404df673cc4957a69ec31c7bfb9516472126898bf860927b7f56bbc39bf14:H_system,e06404df673cc4957a69ec31c7bfb9516472126898bf860927b7f56bbc39bf14,I3,15c50df8f920a29a3e856f52b8c7005b75b45d58938a036f88fb29e8d184391a,1525206,H_system,ACTION_CHANGED_HORIZON_COMPLETE,true,,true,true,true,HARMFUL,0.0004822379193569759,[12721],"[12721,12722,12723,12725,12726,12727,12728,12729,12730,12733,12734,12736,12737,12739,12745,12747]","[12722,12723,12725,12726,12727,12728,12729,12730,12733,12734,12736,12737,12739,12745,12747]",I3|BODY|NO_DIVERGENCE|HIGH,170143,958,0.005630557824888476,177.60229645093946
621ee3230a591045f04b1b41f7671de2e44c60e88c07c702c4267754debfca00:H_system,621ee3230a591045f04b1b41f7671de2e44c60e88c07c702c4267754debfca00,I3,740a9df4655d3d6e734bac6d3bf34228a4f8009473f28b8e5258a20ba37911ad,1529348,H_system,ACTION_CHANGED_HORIZON_COMPLETE,true,,true,true,true,HARMFUL,0.0016736616746300115,[12726],"[12726,12728,12729,12730,12736,12745,12747,12783]","[12728,12729,12730,12736,12745,12747,12783]",I3|BODY|NO_DIVERGENCE|HIGH,170143,958,0.005630557824888476,177.60229645093946
d505aca7d6c502c7abc8f04d0fc6de5db7171fa845e27f1a32a3b9c41d863efe:H_system,d505aca7d6c502c7abc8f04d0fc6de5db7171fa845e27f1a32a3b9c41d863efe,I4,1c917afa4fcce2e96cf03e5931ca975d6677715adee7a24f45cb17354d1f882d,1529363,H_system,ACTION_CHANGED_HORIZON_COMPLETE,true,,true,true,true,HARMFUL,2.2934187882128754e-08,[12760],[12760],[],I4|BODY|NO_DIVERGENCE|HIGH,471856,945,0.0020027296463327794,499.31851851851854
f5e7da80dc7b168636790c1cc9190a154ac2ae0ec5d9bfde03422e04a8870470:H_bag,f5e7da80dc7b168636790c1cc9190a154ac2ae0ec5d9bfde03422e04a8870470,I3,17787a967efa9eaec5262c01d052f16fa2d34a2fd695b03709baf087d29d6657,1530354,H_bag,ACTION_CHANGED_HORIZON_COMPLETE,true,,true,true,true,HARMFUL,90.06851000000097,[12746],,,I3|BODY|NO_DIVERGENCE|HIGH,170143,958,0.005630557824888476,177.60229645093946
27a692e0ecdc14a9c411254ddf833e23795da1b2052809999341733eea8094cb:H_bag,27a692e0ecdc14a9c411254ddf833e23795da1b2052809999341733eea8094cb,I4,6102711cf5627101407c45d6e4249938901049f01c646ee5f5fecab227808ac8,1531525,H_bag,ACTION_CHANGED_HORIZON_COMPLETE,true,,true,true,true,NEUTRAL_WITHIN_TOLERANCE,0.0,[12791],,,I4|BODY|DIVERGENCE|HIGH,30514,61,0.0019990823884118766,500.2295081967213
ab09d5aeaf27cf7b2f201cae45340ad9b30fe7cd5757b926057fc42079e86859:H_bag,ab09d5aeaf27cf7b2f201cae45340ad9b30fe7cd5757b926057fc42079e86859,I3,c8cd1e4ac515f259c4ecd2fc4c601637b9e9fb44425412f2aec306cb36ca9543,1534468,H_bag,ACTION_CHANGED_HORIZON_COMPLETE,true,,true,true,true,HARMFUL,1.3500000000021828,[12820],,,I3|BODY|NO_DIVERGENCE|HIGH,170143,958,0.005630557824888476,177.60229645093946
9291a72dc9ce074cfb8489a0227d59d6c88fc5a3aa05da6144ff455f8bfbbdc5:H_bag,9291a72dc9ce074cfb8489a0227d59d6c88fc5a3aa05da6144ff455f8bfbbdc5,I4,a5f998a24a2c5ad416f270afdd6acb2a2ec1dadc54933b3253b01f986d79381d,1539143,H_bag,ACTION_CHANGED_HORIZON_COMPLETE,true,,true,true,true,BENEFICIAL,-1.0,[12867],,,I4|BODY|NO_DIVERGENCE|HIGH,471856,945,0.0020027296463327794,499.31851851851854
4bd7212d6b56f0e3b948df7bc56f181a0e3ea4817f4d600bedb83f0b21f15dd5:H_bag,4bd7212d6b56f0e3b948df7bc56f181a0e3ea4817f4d600bedb83f0b21f15dd5,I4,f88b2dcc8e72a8f603f2562a28b6c07d0150c27d613e2188a16080e3aac16e2e,1540787,H_bag,ACTION_CHANGED_HORIZON_COMPLETE,true,,true,true,true,HARMFUL,0.5999999999985448,[12880],,,I4|BODY|NO_DIVERGENCE|HIGH,471856,945,0.0020027296463327794,499.31851851851854
799ec268f1cce90fd33aa95677427d3577a0f9d0ad25d8f6049f8621b7c6155e:H_bag,799ec268f1cce90fd33aa95677427d3577a0f9d0ad25d8f6049f8621b7c6155e,I3,c24612fbdda652e4e882b90431fcf168c0b3388a6d8bec1e64020ca0db76d68d,1543320,H_bag,ACTION_CHANGED_HORIZON_COMPLETE,true,,true,true,true,HARMFUL,80.50459999999657,[12854],,,I3|BODY|NO_DIVERGENCE|HIGH,170143,958,0.005630557824888476,177.60229645093946
29d30c845967d97f14de30f19e7b7c38e274261d90bed2fca8f69afe9914d423:H_bag,29d30c845967d97f14de30f19e7b7c38e274261d90bed2fca8f69afe9914d423,I3,bbe75e3e05075d3a5daaef81d5b5978fcf2b72dc482c94003c1cfb0084f643a7,1543742,H_bag,ACTION_CHANGED_HORIZON_COMPLETE,true,,true,true,true,HARMFUL,77.39999999999782,[12864],,,I3|BODY|NO_DIVERGENCE|HIGH,170143,958,0.005630557824888476,177.60229645093946
71b976526b884b202d3b0b3c0631e61ed2b4675b86d14018d6da39137599ce27:H_bag,71b976526b884b202d3b0b3c0631e61ed2b4675b86d14018d6da39137599ce27,I4,8450430c67013f07bac5cf3103efd84942193c94563b2be063a2d6fe13ebd85d,1547528,H_bag,ACTION_CHANGED_HORIZON_COMPLETE,true,,true,true,true,HARMFUL,0.3762600000045495,[12924],,,I4|BODY|NO_DIVERGENCE|HIGH,471856,945,0.0020027296463327794,499.31851851851854
443433dbab58d9566694e4236ce8aee5b213012e2266aa5b2c0ad7776b840f3b:H_bag,443433dbab58d9566694e4236ce8aee5b213012e2266aa5b2c0ad7776b840f3b,I3,012315189cdd2a3afcd5603e304eb8c92ddae651d592ecbb936b5420869aa63a,1550060,H_bag,ACTION_CHANGED_HORIZON_COMPLETE,true,,true,true,true,HARMFUL,22.549999999999272,[3817],,,I3|BODY|NO_DIVERGENCE|HIGH,170143,958,0.005630557824888476,177.60229645093946
d55dd892e673cb3a97a404c9940707c5ac1c4af117d618719318476559a70cfd:H_bag,d55dd892e673cb3a97a404c9940707c5ac1c4af117d618719318476559a70cfd,I4,b9184cbace793a34dc56dc6703f652400ac36950ba0fb762b8bf9f64c82f1a2c,1550182,H_bag,ACTION_CHANGED_HORIZON_COMPLETE,true,,true,true,true,HARMFUL,0.5999999999985448,[1455],,,I4|TAIL|NO_DIVERGENCE|HIGH,13582,67,0.004932999558238846,202.71641791044775
1aa954453fe055c879702eea206df60d155583720085d6596215ddc28ff8c53d:H_bag,1aa954453fe055c879702eea206df60d155583720085d6596215ddc28ff8c53d,I3,4a6d2f25d5f935bb5f6116365216ce6bfa20868704e6ab545b752a7f00318037,1551240,H_bag,ACTION_CHANGED_HORIZON_COMPLETE,true,,true,true,true,HARMFUL,24.549999999999272,[6299],,,I3|BODY|NO_DIVERGENCE|HIGH,170143,958,0.005630557824888476,177.60229645093946
707bc7729d30dae8864d8a2f0af4e03ed6ed96e61d300ea569a2e164b6dfd090:H_bag,707bc7729d30dae8864d8a2f0af4e03ed6ed96e61d300ea569a2e164b6dfd090,I3,34cd0d07590d3c8f80b3459c421002465f5065b6c4cbde8dbcb21cb54a3030e5,1551378,H_bag,ACTION_CHANGED_HORIZON_COMPLETE,true,,true,true,true,HARMFUL,24.299999999999272,[6310],,,I3|BODY|NO_DIVERGENCE|HIGH,170143,958,0.005630557824888476,177.60229645093946
8734002f7f041a10a8649507afb76e7859b6f30b995c17c5893fe03a083e4e89:H_bag,8734002f7f041a10a8649507afb76e7859b6f30b995c17c5893fe03a083e4e89,I3,ad5d121a23b0e92b5c5cd695e60dee4148b3d47cfe7926085c233a25bdf10be0,1552494,H_bag,ACTION_CHANGED_HORIZON_COMPLETE,true,,true,true,true,HARMFUL,22.049999999999272,[6355],,,I3|BODY|NO_DIVERGENCE|HIGH,170143,958,0.005630557824888476,177.60229645093946
f706281c7af3cb15fdb3e573b9aca0951232b4a4a5e02a45d2f839b208a9b6a7:H_bag,f706281c7af3cb15fdb3e573b9aca0951232b4a4a5e02a45d2f839b208a9b6a7,I3,27bba6593b6c1568bd52c3f9323b83e39d9b48afb4993f56e079953764c40470,1554482,H_bag,ACTION_CHANGED_HORIZON_COMPLETE,true,,true,true,true,HARMFUL,24.299999999999272,[8848],,,I3|BODY|DIVERGENCE|HIGH,10032,56,0.005582137161084529,179.14285714285714
2cfa506d5ae0f6b07e339c1d885076a3e6f7ba025343e99d68d5e5507dc970d0:H_bag,2cfa506d5ae0f6b07e339c1d885076a3e6f7ba025343e99d68d5e5507dc970d0,I3,6396d0d2843bf09837b9b2d24245a2ae87372acdbc25454d739f48eac59ee4e2,1555141,H_bag,ACTION_CHANGED_HORIZON_COMPLETE,true,,true,true,true,HARMFUL,11.049999999999272,[12988],,,I3|BODY|NO_DIVERGENCE|HIGH,170143,958,0.005630557824888476,177.60229645093946
6786baa2bb630df29105d5aadd473cffced475706655c6c4d6121f45319a7e42:H_bag,6786baa2bb630df29105d5aadd473cffced475706655c6c4d6121f45319a7e42,I4,98bf855972925bfb4c8c882b643c89074c993adf8c18167be4b645a11921445e,1557221,H_bag,ACTION_CHANGED_HORIZON_COMPLETE,true,,true,true,true,HARMFUL,0.2273800000002666,[12987],,,I4|BODY|NO_DIVERGENCE|HIGH,471856,945,0.0020027296463327794,499.31851851851854
6798b68b9029b77948c1def27c800d6a5a7414df4da364307b2576efe1c6568a:H_bag,6798b68b9029b77948c1def27c800d6a5a7414df4da364307b2576efe1c6568a,I4,c26b88117153fae0087a202a3eea8fbcc908e77e871bf1d6807475657e74d299,1559338,H_bag,ACTION_CHANGED_HORIZON_COMPLETE,true,,true,true,true,HARMFUL,0.0010000000002037268,[10058],,,I4|BODY|NO_DIVERGENCE|HIGH,471856,945,0.0020027296463327794,499.31851851851854
7e12e38748cc9efc621237f3c463b5bbd35aae2df2b6080258896ccad1757cd9:H_bag,7e12e38748cc9efc621237f3c463b5bbd35aae2df2b6080258896ccad1757cd9,I4,57b7d4235e1a422b488b2a887b565b29aca6f65989bbdba5ae0ec0f28bb8cb2b,1559877,H_bag,ACTION_CHANGED_HORIZON_COMPLETE,true,,true,true,true,HARMFUL,0.4261899999983143,[12995],,,I4|BODY|NO_DIVERGENCE|HIGH,471856,945,0.0020027296463327794,499.31851851851854
6546d348aee8dc8f907bd1296abf3d4e5246a4b98686b87f06d4f4bb67b02fed:H_bag,6546d348aee8dc8f907bd1296abf3d4e5246a4b98686b87f06d4f4bb67b02fed,I3,3bb0ca96e0dda96f163f98a34a5d70b96ce4cf281fc91e5dc9d74068c9f1bddd,1560258,H_bag,ACTION_CHANGED_HORIZON_COMPLETE,true,,true,true,true,HARMFUL,60.449999999989814,[13007],,,I3|BODY|NO_DIVERGENCE|HIGH,170143,958,0.005630557824888476,177.60229645093946
abdc04ec7d385e368f2693c290d12dbe55973f152c2eed6db4f8adb599cc00f2:H_bag,abdc04ec7d385e368f2693c290d12dbe55973f152c2eed6db4f8adb599cc00f2,I4,8801dc3ac7100660fadd5e86c6b95d52af40009179e4990cb7db14218875c96d,1561487,H_bag,ACTION_CHANGED_HORIZON_COMPLETE,true,,true,true,true,HARMFUL,0.4628900000025169,[12985],,,I4|BODY|NO_DIVERGENCE|HIGH,471856,945,0.0020027296463327794,499.31851851851854
7a1f00e46c2ce4cec8fc483de1c120f8559774905748cabb218f9cb13e793741:H_bag,7a1f00e46c2ce4cec8fc483de1c120f8559774905748cabb218f9cb13e793741,I3,a93bd56c87887d97358c3930f37ccd236c45a6c86cfda8046ae544a692b1896d,1562434,H_bag,ACTION_CHANGED_HORIZON_COMPLETE,true,,true,true,true,HARMFUL,24.049999999999272,[10266],,,I3|BODY|NO_DIVERGENCE|HIGH,170143,958,0.005630557824888476,177.60229645093946
488e3101d1d965f947631b604ad4f8938dc328bfcd55edec66d8913e7f5b3f3d:H_bag,488e3101d1d965f947631b604ad4f8938dc328bfcd55edec66d8913e7f5b3f3d,I3,678bda415e09f47a66c81d9adc718c933ed71e21ae195e6337a7637ef84297e6,1563752,H_bag,ACTION_CHANGED_HORIZON_COMPLETE,true,,true,true,true,HARMFUL,24.549999999999272,[10624],,,I3|BODY|DIVERGENCE|HIGH,10032,56,0.005582137161084529,179.14285714285714
357404750eec9c7f0f3ef07de3a2364dfa87bcf6a3f7c424e953117c68ea89bf:H_bag,357404750eec9c7f0f3ef07de3a2364dfa87bcf6a3f7c424e953117c68ea89bf,I3,e3ce97dc0d327d6eca70007317953fa84ed7adbb98387db3dc3b5a2a14e641c2,1573025,H_bag,ACTION_CHANGED_HORIZON_COMPLETE,true,,true,true,true,HARMFUL,75.5999999999949,[13083],,,I3|BODY|NO_DIVERGENCE|HIGH,170143,958,0.005630557824888476,177.60229645093946
3b1fffa3ed87a7822baba99797a21ea21ebfa79d111bfeb3691b404a84139835:H_bag,3b1fffa3ed87a7822baba99797a21ea21ebfa79d111bfeb3691b404a84139835,I3,65cef9801284a3004c4efd2cece12311f2260bc65e781c0be55d50050ab7389e,1575819,H_bag,ACTION_CHANGED_HORIZON_COMPLETE,true,,true,true,true,HARMFUL,24.299999999999272,[7353],,,I3|TAIL|NO_DIVERGENCE|HIGH,4196,58,0.013822688274547188,72.34482758620689
415ebd2deeae146fc798bac313136f4d41603811326757342af9ab61ac12ad73:H_bag,415ebd2deeae146fc798bac313136f4d41603811326757342af9ab61ac12ad73,I3,605b6206654ba0d2717e07c44fd04ded6541e42e9d5d51ba218949eadeadeffb,1576612,H_bag,ACTION_CHANGED_HORIZON_COMPLETE,true,,true,true,true,HARMFUL,75.64999999999782,[13105],,,I3|BODY|NO_DIVERGENCE|HIGH,170143,958,0.005630557824888476,177.60229645093946
9d257e56a5d6190f4575aeb190f22937a8a8e4731a2c017c23a6a1a406358031:H_bag,9d257e56a5d6190f4575aeb190f22937a8a8e4731a2c017c23a6a1a406358031,I3,a21b2fe2b24c89f0858594f7d1959ce1583e42881bd71fb083f089fe197ceda1,1577245,H_bag,ACTION_CHANGED_HORIZON_COMPLETE,true,,true,true,true,HARMFUL,24.299999999999272,[9802],,,I3|BODY|NO_DIVERGENCE|HIGH,170143,958,0.005630557824888476,177.60229645093946
500773dbcc461ad1de290eafeb32d361f8a9746390c4ecb7cc6d8f938ae22786:H_bag,500773dbcc461ad1de290eafeb32d361f8a9746390c4ecb7cc6d8f938ae22786,I3,ce932966b70532deca2899f8930c47442a9a796b71d5eb3aaba8e79031655144,1578200,H_bag,ACTION_CHANGED_HORIZON_COMPLETE,true,,true,true,true,HARMFUL,24.299999999999272,[10496],,,I3|BODY|NO_DIVERGENCE|HIGH,170143,958,0.005630557824888476,177.60229645093946
6db16087ca0aa8215adca5d44fbca0752011ae39421fe3a4e43c3c41ba339a51:H_bag,6db16087ca0aa8215adca5d44fbca0752011ae39421fe3a4e43c3c41ba339a51,I3,ff4857fd0b819540dbb68de7f6c8c5d05a6176cb838abb0337cb0d167f463cd9,1578373,H_bag,ACTION_CHANGED_HORIZON_COMPLETE,true,,true,true,true,HARMFUL,24.299999999999272,[10612],,,I3|BODY|NO_DIVERGENCE|HIGH,170143,958,0.005630557824888476,177.60229645093946
ba8f2d64162a1489d588c3b1842683763f855a9b8c90f193aa88a8705e132b17:H_bag,ba8f2d64162a1489d588c3b1842683763f855a9b8c90f193aa88a8705e132b17,I4,e1c0cbd4ecf02cb7bebf6e211b8c9d3100984218bbca050e8e7f9d2ba5c48eaf,1581329,H_bag,ACTION_CHANGED_HORIZON_COMPLETE,true,,true,true,true,HARMFUL,0.7999999999992724,[10878],,,I4|BODY|NO_DIVERGENCE|HIGH,471856,945,0.0020027296463327794,499.31851851851854
ce754411f95391f75dc72e97c818dc4cfa515aab529993bf99451b2206630892:H_bag,ce754411f95391f75dc72e97c818dc4cfa515aab529993bf99451b2206630892,I4,9e1c715978ab619621298e492906f000ad045da995475aa4ebea547540446c4b,1595317,H_bag,ACTION_CHANGED_HORIZON_COMPLETE,true,,true,true,true,NEUTRAL_WITHIN_TOLERANCE,0.0,[13247],,,I4|BODY|NO_DIVERGENCE|HIGH,471856,945,0.0020027296463327794,499.31851851851854
b89575a6fb06d2125f94ef17403106cb9eddedccb1ca3242d4051486fc1c62a6:H_system,b89575a6fb06d2125f94ef17403106cb9eddedccb1ca3242d4051486fc1c62a6,I4,3d79177411629f78cc8c01acc5ddf5e1aab600d058fc379171bb9d28ec908114,1598478,H_system,ACTION_CHANGED_HORIZON_COMPLETE,true,,true,true,true,HARMFUL,-2.2934201780344665e-05,[13303],"[5337,6395,10918,13303]","[5337,6395,10918]",I4|BODY|NO_DIVERGENCE|HIGH,471856,945,0.0020027296463327794,499.31851851851854
ea57a4b0be9db3550eba30c88771957f5221b63b54f54fdddf1832ca9adba64c:H_bag,ea57a4b0be9db3550eba30c88771957f5221b63b54f54fdddf1832ca9adba64c,I3,f17ae5606148a1065aa2574eb915c343cda6914cfc0dffcb7a8f82d8f58536ab,1601482,H_bag,ACTION_CHANGED_HORIZON_COMPLETE,true,,true,true,true,HARMFUL,23.049999999999272,[3788],,,I3|TAIL|NO_DIVERGENCE|HIGH,4196,58,0.013822688274547188,72.34482758620689
1d7ad79eef9df551db312838847c79792c10b18ad55a4e2dbb1448f3c1a34be2:H_bag,1d7ad79eef9df551db312838847c79792c10b18ad55a4e2dbb1448f3c1a34be2,I3,2ddcec3f7e2af37522be7aa564f536a49e23e4ea511a8a0e5130b81f3d3e4116,1602095,H_bag,ACTION_CHANGED_HORIZON_COMPLETE,true,,true,true,true,HARMFUL,24.299999999999272,[5337],,,I3|BODY|NO_DIVERGENCE|HIGH,170143,958,0.005630557824888476,177.60229645093946
50005329e01a3a9371cd1e1bd795dde3776b843a744becb8493dd22535b4c4d1:H_bag,50005329e01a3a9371cd1e1bd795dde3776b843a744becb8493dd22535b4c4d1,I3,e4c50bcc64c808650ce8e6441adfb07049fde06e2349384cb69111ff13d11275,1602752,H_bag,ACTION_CHANGED_HORIZON_COMPLETE,true,,true,true,true,HARMFUL,51.39999999999782,[13302],,,I3|BODY|NO_DIVERGENCE|HIGH,170143,958,0.005630557824888476,177.60229645093946
a612e2c19bbe3b3c09aa9bffbaf01c2e17f27c1c14165345fc4a7a55d87965ec:H_bag,a612e2c19bbe3b3c09aa9bffbaf01c2e17f27c1c14165345fc4a7a55d87965ec,I3,efa589de51ddd2b275d7aa2e286341c59c25760b4b9e84c4b6f752dedcd9762d,1602786,H_bag,ACTION_CHANGED_HORIZON_COMPLETE,true,,true,true,true,HARMFUL,24.799999999999272,[7142],,,I3|TAIL|NO_DIVERGENCE|HIGH,4196,58,0.013822688274547188,72.34482758620689
138dbe789b375a194be19001fab5ed4eb2dd9cca13fd1c8133f50ac892a35176:H_bag,138dbe789b375a194be19001fab5ed4eb2dd9cca13fd1c8133f50ac892a35176,I3,6901a9ad64af3d04925a2b0d61a909899f1ba71a3a8affcd58bb597594e803fd,1602870,H_bag,ACTION_CHANGED_HORIZON_COMPLETE,true,,true,true,true,HARMFUL,24.549999999999272,[7149],,,I3|TAIL|NO_DIVERGENCE|HIGH,4196,58,0.013822688274547188,72.34482758620689
80a6542e633eaa2a3ec4b5991be2cf1b8225ab4021722479f76d42e4f63c6cb4:H_system,80a6542e633eaa2a3ec4b5991be2cf1b8225ab4021722479f76d42e4f63c6cb4,I3,a169a1b6f7068be5e1ae57b1cb08ab579c00e4f850efe69924108304a73dd18c,1603422,H_system,ACTION_CHANGED_HORIZON_COMPLETE,true,,true,true,true,HARMFUL,0.0017452927550607455,[1311],[1311],[],I3|TAIL|NO_DIVERGENCE|HIGH,4196,58,0.013822688274547188,72.34482758620689
8a18c1dee7b603343db530a32484d1804061e8bf48fe72ab727db1179dafdddc:H_bag,8a18c1dee7b603343db530a32484d1804061e8bf48fe72ab727db1179dafdddc,I4,37aa96c36ea32d5e96001730aaa39ace79c01f0311e4e4fa7e70c9f8f344c28b,1606423,H_bag,ACTION_CHANGED_HORIZON_COMPLETE,true,,true,true,true,HARMFUL,0.5999999999985448,[10400],,,I4|BODY|NO_DIVERGENCE|HIGH,471856,945,0.0020027296463327794,499.31851851851854
ae90d8c0aaf345fd4ebff2faff9a5b166aeec83b53b32db9cb30d37513f17c38:H_bag,ae90d8c0aaf345fd4ebff2faff9a5b166aeec83b53b32db9cb30d37513f17c38,I3,dc45ac3e0473555235c5fa96dca7e352987a22363f1bf052eef7ecd706a63dc5,1610062,H_bag,ACTION_CHANGED_HORIZON_COMPLETE,true,,true,true,true,HARMFUL,63.14999999999782,[13344],,,I3|BODY|NO_DIVERGENCE|HIGH,170143,958,0.005630557824888476,177.60229645093946
4b24cefa8d483fbdc53c1d5d958804a371347cd3df6290d7d74920758a474e03:H_bag,4b24cefa8d483fbdc53c1d5d958804a371347cd3df6290d7d74920758a474e03,I3,1e3ada5c7006aa123be09d85a6bfa1b8eb86ffea4defe0f1b13de16b71ed3e9e,1610843,H_bag,ACTION_CHANGED_HORIZON_COMPLETE,true,,true,true,true,HARMFUL,75.39999999999782,[13344],,,I3|BODY|NO_DIVERGENCE|HIGH,170143,958,0.005630557824888476,177.60229645093946
62be1bd60fc23e7497360cf5454a32fd0771e1e817080cfadbe4927e5a8b8912:H_bag,62be1bd60fc23e7497360cf5454a32fd0771e1e817080cfadbe4927e5a8b8912,I3,9be97a9f3851dc010eaeebeff7e4c3b99f26a7345180de5fc90720beb157eb3b,1611130,H_bag,ACTION_CHANGED_HORIZON_COMPLETE,true,,true,true,true,HARMFUL,32.99999999999636,[13380],,,I3|TAIL|NO_DIVERGENCE|HIGH,4196,58,0.013822688274547188,72.34482758620689
ceef6a094bcab7020adb46fb6f18d39cc788e9c1d4ecfbf0daa3565a2e59a1d7:H_bag,ceef6a094bcab7020adb46fb6f18d39cc788e9c1d4ecfbf0daa3565a2e59a1d7,I3,eddaa33c4f7e3e5e725d49de0e0fb21e365baf6612d492415639859dfe6e96bc,1613904,H_bag,ACTION_CHANGED_HORIZON_COMPLETE,true,,true,true,true,HARMFUL,75.5999999999949,[13414],,,I3|BODY|NO_DIVERGENCE|HIGH,170143,958,0.005630557824888476,177.60229645093946
5f0f98b4b4c0dedd366935d688a7c55324c26ea669b11f315994fb375d615e6d:H_bag,5f0f98b4b4c0dedd366935d688a7c55324c26ea669b11f315994fb375d615e6d,I4,ec049fa1e535fbc104f9f4f8fa5e5e7415bd0dd51d7009314379ddb515087cd8,1618420,H_bag,ACTION_CHANGED_HORIZON_COMPLETE,true,,true,true,true,NEUTRAL_WITHIN_TOLERANCE,0.0,[13483],,,I4|TAIL|NO_DIVERGENCE|HIGH,13582,67,0.004932999558238846,202.71641791044775
d83a83ce7bb2699e62c8b67140f17b4264f36fbfd751f350cd5995c1dc724188:H_system,d83a83ce7bb2699e62c8b67140f17b4264f36fbfd751f350cd5995c1dc724188,I4,12c3585bb7b90b21ce07fffc5c6c65311e35dee6620dddeac89a12e405fc3bd7,1622291,H_system,ACTION_CHANGED_HORIZON_COMPLETE,true,,true,true,true,HARMFUL,2.2934201780344665e-05,[13541],[13541],[],I4|BODY|NO_DIVERGENCE|HIGH,471856,945,0.0020027296463327794,499.31851851851854
ed2a9c0b5815bcde9c426e2bc9c115f90ca108a3c2cfb6eec1f9070e7ee398e8:H_bag,ed2a9c0b5815bcde9c426e2bc9c115f90ca108a3c2cfb6eec1f9070e7ee398e8,I3,a4f99f1eb7cd2dac0c241a54f35cd9811034a3bedd6b4c455e84842867282ddf,1622432,H_bag,ACTION_CHANGED_HORIZON_COMPLETE,true,,true,true,true,HARMFUL,108.79589999998643,[13455],,,I3|TAIL|NO_DIVERGENCE|HIGH,4196,58,0.013822688274547188,72.34482758620689
5480acdab5b77c5f207a03bc45d06096099a96b244b3a0932b27082f05c219c4:H_bag,5480acdab5b77c5f207a03bc45d06096099a96b244b3a0932b27082f05c219c4,I4,7af2f7fdf09d627707bfbefd87facbb97eaef17a37cd8410dd8e6549c65cd699,1623156,H_bag,ACTION_CHANGED_HORIZON_COMPLETE,true,,true,true,true,HARMFUL,0.5391799999997602,[13510],,,I4|BODY|NO_DIVERGENCE|HIGH,471856,945,0.0020027296463327794,499.31851851851854
2fbcb2ddb0c716c5826bb4975cbb80d00a1efbbab0b3db5cbee999bda21e8e68:H_bag,2fbcb2ddb0c716c5826bb4975cbb80d00a1efbbab0b3db5cbee999bda21e8e68,I4,14775e8b5b814ad5a7aa446b1987dfa7951e62553db08eec8ac267f927c5a8bf,1624342,H_bag,ACTION_CHANGED_HORIZON_COMPLETE,true,,true,true,true,HARMFUL,0.7673199999990175,[13471],,,I4|BODY|NO_DIVERGENCE|HIGH,471856,945,0.0020027296463327794,499.31851851851854
307688663277c29d4d55a479925c83ac00ab9ec661b1c1ade7a7ef7a7d2a798a:H_bag,307688663277c29d4d55a479925c83ac00ab9ec661b1c1ade7a7ef7a7d2a798a,I4,819d185d52f064445f7a3f5179c55de7ddd5f518437823e7bdaf50e1b15d8d8e,1627587,H_bag,ACTION_CHANGED_HORIZON_COMPLETE,true,,true,true,true,NEUTRAL_WITHIN_TOLERANCE,0.0,[13616],,,I4|BODY|NO_DIVERGENCE|HIGH,471856,945,0.0020027296463327794,499.31851851851854
ae8754a5b218647b04b25c489ae3a17d57a6471655c4de754895080f3646433d:H_bag,ae8754a5b218647b04b25c489ae3a17d57a6471655c4de754895080f3646433d,I4,8c3525507b7858567422a5d64a78c279da11f5a41abfecd4a8271f423b9bbf2d,1629629,H_bag,ACTION_CHANGED_HORIZON_COMPLETE,true,,true,true,true,HARMFUL,1.0,[13566],,,I4|BODY|NO_DIVERGENCE|HIGH,471856,945,0.0020027296463327794,499.31851851851854
32e6ea1cee61cd7bc953edbf36b438d26b46e49cc0e6f18ca402cd5df793dbe4:H_bag,32e6ea1cee61cd7bc953edbf36b438d26b46e49cc0e6f18ca402cd5df793dbe4,I3,1532a9c0b56450cc61668146382e5263916e7ccd2fc38329c914df0f82defb10,1633146,H_bag,ACTION_CHANGED_HORIZON_COMPLETE,true,,true,true,true,HARMFUL,75.5999999999949,[13614],,,I3|BODY|NO_DIVERGENCE|HIGH,170143,958,0.005630557824888476,177.60229645093946
4b9c1d3b8ad43efba71e9742e9f21c830246dacd31666ba4f2606cf7c36233d3:H_bag,4b9c1d3b8ad43efba71e9742e9f21c830246dacd31666ba4f2606cf7c36233d3,I3,c77d18a3d47a06e587a8d914af7c5ca0330195561b7dbd960661ea296f9a97de,1635160,H_bag,ACTION_CHANGED_HORIZON_COMPLETE,true,,true,true,true,HARMFUL,24.299999999999272,[4943],,,I3|TAIL|NO_DIVERGENCE|HIGH,4196,58,0.013822688274547188,72.34482758620689
199b57e85e5a21ae4914cd20a1d2ba8ce9bd1a30025da84d42e6497c69c79f06:H_bag,199b57e85e5a21ae4914cd20a1d2ba8ce9bd1a30025da84d42e6497c69c79f06,I3,192b3524d3a11943cc1611e0a1f833ce6e6a851242f36e2176f65ab5b5986fc0,1637891,H_bag,ACTION_CHANGED_HORIZON_COMPLETE,true,,true,true,true,HARMFUL,24.299999999999272,[8378],,,I3|TAIL|NO_DIVERGENCE|HIGH,4196,58,0.013822688274547188,72.34482758620689
bd28294347bc452bbc79669c6af9da0fbce6fd59ea10013ee19b948a1d98064b:H_bag,bd28294347bc452bbc79669c6af9da0fbce6fd59ea10013ee19b948a1d98064b,I3,c3d34d6b04eb477e27a6ac263e70af8b3fbd256fdeb560aace90e79e89cc656e,1643993,H_bag,ACTION_CHANGED_HORIZON_COMPLETE,true,,true,true,true,HARMFUL,24.049999999999272,[11371],,,I3|BODY|NO_DIVERGENCE|HIGH,170143,958,0.005630557824888476,177.60229645093946
fab04a1351cb920d0f21961dd5d6dfb3bd6436c26d4d8b6f11dd43c922b87f54:H_bag,fab04a1351cb920d0f21961dd5d6dfb3bd6436c26d4d8b6f11dd43c922b87f54,I3,307c1356304db8544ad5ba4dec9caf5123e89aab7fe1a20fc50382dc9e822ccc,1647004,H_bag,ACTION_CHANGED_HORIZON_COMPLETE,true,,true,true,true,HARMFUL,75.5999999999949,[13714],,,I3|BODY|NO_DIVERGENCE|HIGH,170143,958,0.005630557824888476,177.60229645093946
4fa2d928c2f6a6c6fb146073164ae747406d03754e260eef6a8aace0ecefcd5c:H_bag,4fa2d928c2f6a6c6fb146073164ae747406d03754e260eef6a8aace0ecefcd5c,I4,8bd7cd49cbaff4f93d333fd5a3f1e0ef525b53ced886c0f368c4f07b5f44458d,1653166,H_bag,ACTION_CHANGED_HORIZON_COMPLETE,true,,true,true,true,HARMFUL,0.8209700000006706,[13763],,,I4|BODY|NO_DIVERGENCE|HIGH,471856,945,0.0020027296463327794,499.31851851851854
de655b0624b7f72f3d2ebafb94346f5494fe246e51552222a907f71737f93ac2:H_bag,de655b0624b7f72f3d2ebafb94346f5494fe246e51552222a907f71737f93ac2,I3,2e58505d420bfdd3718c49de14aabab471ae5aa8d703a8b1964595b8c11f4162,1654399,H_bag,ACTION_CHANGED_HORIZON_COMPLETE,true,,true,true,true,HARMFUL,24.799999999999272,[6175],,,I3|BODY|NO_DIVERGENCE|HIGH,170143,958,0.005630557824888476,177.60229645093946
6bd4e8ba28419391a6f84423244ad811fcadec2aaec518cb293f71dec88f10ef:H_bag,6bd4e8ba28419391a6f84423244ad811fcadec2aaec518cb293f71dec88f10ef,I3,de3e1dd707266ff401265d0dbb3df4864d4594b7e3d62c11b077d634016fee7a,1654801,H_bag,ACTION_CHANGED_HORIZON_COMPLETE,true,,true,true,true,HARMFUL,51.29999999999927,[8765],,,I3|BODY|NO_DIVERGENCE|HIGH,170143,958,0.005630557824888476,177.60229645093946
2d82f4a453f8105301fda8d1096247a19c1ee5843988ea835cf0f02c9bdd84b7:H_bag,2d82f4a453f8105301fda8d1096247a19c1ee5843988ea835cf0f02c9bdd84b7,I3,09920b4499ae83ae7f679d545ac0148194d8ccf605c1c165491b75ec2e620b3f,1655802,H_bag,ACTION_CHANGED_HORIZON_COMPLETE,true,,true,true,true,HARMFUL,26.149999999997817,[8652],,,I3|BODY|NO_DIVERGENCE|HIGH,170143,958,0.005630557824888476,177.60229645093946
46c82917ced52c2ffc68385b89d8ca6f94d8752a8290045bf25f1773965114ef:H_bag,46c82917ced52c2ffc68385b89d8ca6f94d8752a8290045bf25f1773965114ef,I3,e2ba4c65ce6784255e138b98fcb6cbfca1214442ad0d0c2e0273488ab5a20524,1658290,H_bag,ACTION_CHANGED_HORIZON_COMPLETE,true,,true,true,true,HARMFUL,24.549999999999272,[12494],,,I3|BODY|NO_DIVERGENCE|HIGH,170143,958,0.005630557824888476,177.60229645093946
011127e826226d44f0494a4d7364b46585dc4df698ae8f0c4a9d7f62d8f2cc3b:H_bag,011127e826226d44f0494a4d7364b46585dc4df698ae8f0c4a9d7f62d8f2cc3b,I3,16cafa7824cc9af6fc85837969e46d082d483e39acb6b9d483ca6d61e3cff303,1662684,H_bag,ACTION_CHANGED_HORIZON_COMPLETE,true,,true,true,true,HARMFUL,6.456029999997554,[13862],,,I3|BODY|NO_DIVERGENCE|HIGH,170143,958,0.005630557824888476,177.60229645093946
517741d458606b07bab50d8cbd8fdf8df4d64e9f8895eda477b3db4ff741bed5:H_system,517741d458606b07bab50d8cbd8fdf8df4d64e9f8895eda477b3db4ff741bed5,I4,ce1ba07cded317dfe5441d64a5b3537419936c0c5ea825314a8ece0372e2a49f,1670065,H_system,ACTION_CHANGED_HORIZON_COMPLETE,true,,true,true,true,HARMFUL,6.090704766847921e-05,[13953],"[13945,13947,13951,13953,13960,13961,13963,13964,13968]","[13945,13947,13951,13960,13961,13963,13964,13968]",I4|BODY|NO_DIVERGENCE|HIGH,471856,945,0.0020027296463327794,499.31851851851854
3a3ad504e818b4e783cbf0dbe93728e27b36d13e7c6b441549b8eea881819d0d:H_bag,3a3ad504e818b4e783cbf0dbe93728e27b36d13e7c6b441549b8eea881819d0d,I4,e7a0251b887e0cdd17f5e7fa38cbaeb008bf65b3d02728812eeb47dcc3dc88ce,1671081,H_bag,ACTION_CHANGED_HORIZON_COMPLETE,true,,true,true,true,HARMFUL,1.0,[13960],,,I4|BODY|NO_DIVERGENCE|HIGH,471856,945,0.0020027296463327794,499.31851851851854
f5cfb52be7807fc64b33a5721c0842f0106124d7ad7b46d05cfe3bdbeae04ee2:H_system,f5cfb52be7807fc64b33a5721c0842f0106124d7ad7b46d05cfe3bdbeae04ee2,I4,4d08197785f65b799823d81fe44b198236451c735cb388aa897d929e1bbe3601,1674184,H_system,ACTION_CHANGED_HORIZON_COMPLETE,true,,true,true,true,NEUTRAL_WITHIN_TOLERANCE,0.0,[13971],[13971],[],I4|BODY|NO_DIVERGENCE|HIGH,471856,945,0.0020027296463327794,499.31851851851854
600019b2cc0e7c09a3f18cd82af3a3d3562667539f74c1d506da30b0c2e5aba7:H_bag,600019b2cc0e7c09a3f18cd82af3a3d3562667539f74c1d506da30b0c2e5aba7,I4,559e5b49d88f60d101c9607932d8e6c45f4c988e455d7c2568e3d12dc608404c,1677800,H_bag,ACTION_CHANGED_HORIZON_COMPLETE,true,,true,true,true,HARMFUL,0.028440000001864973,[14032],,,I4|BODY|NO_DIVERGENCE|HIGH,471856,945,0.0020027296463327794,499.31851851851854
93bc0a540c3f655be5f27d8971826b7ccd2318753d8d6846dc4dd76baec3a6ec:H_bag,93bc0a540c3f655be5f27d8971826b7ccd2318753d8d6846dc4dd76baec3a6ec,I3,14f7e16bac1b5182c608e32af46ef79f226472434bbab67b9c11b72a3037448d,1680753,H_bag,ACTION_CHANGED_HORIZON_COMPLETE,true,,true,true,true,HARMFUL,76.0999999999949,[14043],,,I3|BODY|NO_DIVERGENCE|HIGH,170143,958,0.005630557824888476,177.60229645093946
7bacb5401bee139792741348aebf4d98c601a4685e6b6147e4b38391e415edf8:H_bag,7bacb5401bee139792741348aebf4d98c601a4685e6b6147e4b38391e415edf8,I4,c1792a161f27021062ea0ad4dc6319ecf1e6b60025fce5b4d027ad06692c6fff,1681572,H_bag,ACTION_CHANGED_HORIZON_COMPLETE,true,,true,true,true,HARMFUL,1.0,[14050],,,I4|TAIL|NO_DIVERGENCE|HIGH,13582,67,0.004932999558238846,202.71641791044775
bca126786cf8b39c27661bc33df456f65afaeeb644c9ceb017fec5ea93a0b8ed:H_bag,bca126786cf8b39c27661bc33df456f65afaeeb644c9ceb017fec5ea93a0b8ed,I4,f9de5a98a85bbdbc56d3349fd9b54982db728079f3614303e9c57a91725e6e37,1683159,H_bag,ACTION_CHANGED_HORIZON_COMPLETE,true,,true,true,true,HARMFUL,1.0,[14079],,,I4|BODY|NO_DIVERGENCE|HIGH,471856,945,0.0020027296463327794,499.31851851851854
42e55d0ff9bf43d498c5dfc0f245c25c1669e210180281b9230f43ac6963a39c:H_bag,42e55d0ff9bf43d498c5dfc0f245c25c1669e210180281b9230f43ac6963a39c,I4,a5f609c44015789a9376309d50be5db4bde2e7db99fae1f3fb52faf34e18f9f1,1691190,H_bag,ACTION_CHANGED_HORIZON_COMPLETE,true,,true,true,true,HARMFUL,1.0,[14142],,,I4|BODY|NO_DIVERGENCE|HIGH,471856,945,0.0020027296463327794,499.31851851851854
c1bfe82437f8c4d0cc3e6926e0b41d9c11c56c7e71ac48bbd1bcfc2b33867b62:H_bag,c1bfe82437f8c4d0cc3e6926e0b41d9c11c56c7e71ac48bbd1bcfc2b33867b62,I3,5dc67279407d24448077c003453e1819488c595b32ee32d5ba5c0cfe5aaef56f,1691225,H_bag,ACTION_CHANGED_HORIZON_COMPLETE,true,,true,true,true,HARMFUL,33.74999999999636,[14177],,,I3|BODY|NO_DIVERGENCE|HIGH,170143,958,0.005630557824888476,177.60229645093946
0a4c62eabdbf281d27fecc4f9fbb016f43f36d09eeabcce31c33f73bdf4b6af5:H_bag,0a4c62eabdbf281d27fecc4f9fbb016f43f36d09eeabcce31c33f73bdf4b6af5,I4,c20183036c4143ac06e5621ba134d2aa58c4eb6812fd1f0d604d6985580b7d7c,1692075,H_bag,ACTION_CHANGED_HORIZON_COMPLETE,true,,true,true,true,HARMFUL,1.0,[14182],,,I4|BODY|NO_DIVERGENCE|HIGH,471856,945,0.0020027296463327794,499.31851851851854
5ee58f27c0bdb6428ed5fe3e1452d0511a6b8d5bd4b92e7920e5833c15ed30eb:H_bag,5ee58f27c0bdb6428ed5fe3e1452d0511a6b8d5bd4b92e7920e5833c15ed30eb,I3,7b8b143b6d18e50e48a93b5d68845b4ef09f5b399ac5dc5ef891de975b53c4cb,1695616,H_bag,ACTION_CHANGED_HORIZON_COMPLETE,true,,true,true,true,HARMFUL,7.099999999998545,[14247],,,I3|BODY|NO_DIVERGENCE|HIGH,170143,958,0.005630557824888476,177.60229645093946
db7f731fc21e45821aeeeb152ebdedbac0e04d352bfe98612fafe8f166341f95:H_bag,db7f731fc21e45821aeeeb152ebdedbac0e04d352bfe98612fafe8f166341f95,I3,c7563730cb4f5ccb0966484acf31fa5c499b1d22f5bf9289eaa167255b207144,1698386,H_bag,ACTION_CHANGED_HORIZON_COMPLETE,true,,true,true,true,HARMFUL,86.45791000000463,[14215],,,I3|BODY|NO_DIVERGENCE|HIGH,170143,958,0.005630557824888476,177.60229645093946
9065045fe2e88c0d14f52b6802d18ec0f89e3392b9d639cfc2ec7f0fdbf64d45:H_bag,9065045fe2e88c0d14f52b6802d18ec0f89e3392b9d639cfc2ec7f0fdbf64d45,I3,6a185d44a548aaffa97c9cb3e96b2e345ae469dd61acb0945f10e88d45e3c0af,1700109,H_bag,ACTION_CHANGED_HORIZON_COMPLETE,true,,true,true,true,HARMFUL,76.0999999999949,[14235],,,I3|BODY|NO_DIVERGENCE|HIGH,170143,958,0.005630557824888476,177.60229645093946
652367c0cbb8c99e40648d43c38c7a46ee41727bdaae024eeb23d61906048df7:H_bag,652367c0cbb8c99e40648d43c38c7a46ee41727bdaae024eeb23d61906048df7,I4,55820d48b35223b935774830c2b86770ab8b6fc97e8b266632affce03c8d9cfd,1700380,H_bag,ACTION_CHANGED_HORIZON_COMPLETE,true,,true,true,true,HARMFUL,1.0,[14246],,,I4|BODY|DIVERGENCE|HIGH,30514,61,0.0019990823884118766,500.2295081967213
55229cd147a307c07755613c674601e706717fe9198d2fbeb383fd18ee851785:H_system,55229cd147a307c07755613c674601e706717fe9198d2fbeb383fd18ee851785,I4,672c397dbfdf20371e434fb1ff90bc424f394827e743d5cd21961aef9175890a,1702463,H_system,ACTION_CHANGED_HORIZON_COMPLETE,true,,true,true,true,NEUTRAL_WITHIN_TOLERANCE,0.0,[14306],[],[],I4|BODY|NO_DIVERGENCE|HIGH,471856,945,0.0020027296463327794,499.31851851851854
8fab3c45c99d843f6ba4843ee8d734ad1d951b6c0d92da272b2e6dfcf2fed702:H_bag,8fab3c45c99d843f6ba4843ee8d734ad1d951b6c0d92da272b2e6dfcf2fed702,I4,95ee926a3bc7e199b9d583c3ec25659ca13cf46b0fbbed5dac84cffd556785bf,1709541,H_bag,ACTION_CHANGED_HORIZON_COMPLETE,true,,true,true,true,HARMFUL,1.0,[14364],,,I4|BODY|NO_DIVERGENCE|HIGH,471856,945,0.0020027296463327794,499.31851851851854
19e7934baf073ac91b2b9ff3083961c7920878894fdf5037077fd195022a3a42:H_bag,19e7934baf073ac91b2b9ff3083961c7920878894fdf5037077fd195022a3a42,I3,098e3b5210cde676c794d07ec3a49da0025ae434701caee6ab5911cfab68c2c2,1712022,H_bag,ACTION_CHANGED_HORIZON_COMPLETE,true,,true,true,true,HARMFUL,75.5999999999949,[14400],,,I3|BODY|NO_DIVERGENCE|HIGH,170143,958,0.005630557824888476,177.60229645093946
2ed2518b53186352703e0f44d94c9215f9291644e80d79de4364e257d09b4a5a:H_bag,2ed2518b53186352703e0f44d94c9215f9291644e80d79de4364e257d09b4a5a,I4,d24739f4a9a93853e522b06a24bb297eb51e4aef01f44e14902fe6f30f782e7f,1714372,H_bag,ACTION_CHANGED_HORIZON_COMPLETE,true,,true,true,true,HARMFUL,1.0,[14427],,,I4|BODY|NO_DIVERGENCE|HIGH,471856,945,0.0020027296463327794,499.31851851851854
65e085478879cd28d4b7ca5fa5886b85cb84b52a56194ffee5c85b37c48aa10f:H_system,65e085478879cd28d4b7ca5fa5886b85cb84b52a56194ffee5c85b37c48aa10f,I4,0c3a17e04bda84d0db071ee0eb68c8b99d6af59867a80fbd42fc06adaf43456b,1714548,H_system,ACTION_CHANGED_HORIZON_COMPLETE,true,,true,true,true,HARMFUL,2.2934201780344665e-05,[14429],[14429],[],I4|BODY|NO_DIVERGENCE|HIGH,471856,945,0.0020027296463327794,499.31851851851854
acc26b6470da37d42ed744cf957ca64df92dec3adf5936b9608b8eac7f0ee6f3:H_bag,acc26b6470da37d42ed744cf957ca64df92dec3adf5936b9608b8eac7f0ee6f3,I3,da583a40b4c94162f9c1ea74d35963e850f2bf78ee151991438de5a828935f18,1716709,H_bag,ACTION_CHANGED_HORIZON_COMPLETE,true,,true,true,true,HARMFUL,24.799999999999272,[8374],,,I3|TAIL|NO_DIVERGENCE|HIGH,4196,58,0.013822688274547188,72.34482758620689
584e3827068df388c25205bd65a4958d6d979bef477aa081ae1ed738087bd8ba:H_bag,584e3827068df388c25205bd65a4958d6d979bef477aa081ae1ed738087bd8ba,I4,5b0864f93a30f913a7b04de8d5d74b42bef365bfc9dd6dff97173c703042bf13,1719371,H_bag,ACTION_CHANGED_HORIZON_COMPLETE,true,,true,true,true,HARMFUL,0.4000000000014552,[13237],,,I4|BODY|NO_DIVERGENCE|HIGH,471856,945,0.0020027296463327794,499.31851851851854
d6355a55e0676e83768375a160eca829a3baa6df2dea6bcd3ccf8ece1623616e:H_bag,d6355a55e0676e83768375a160eca829a3baa6df2dea6bcd3ccf8ece1623616e,I3,e5726ddbf2f326e4022f875ca64055eea0abe101656ab1bc3da341407697db15,1730396,H_bag,ACTION_CHANGED_HORIZON_COMPLETE,true,,true,true,true,HARMFUL,77.39999999999782,[14529],,,I3|BODY|NO_DIVERGENCE|HIGH,170143,958,0.005630557824888476,177.60229645093946
8b97e12a83ecdb0de89be8c5c3b384f9fbae4bc4bd61f581df7a6d6d2affeed3:H_system,8b97e12a83ecdb0de89be8c5c3b384f9fbae4bc4bd61f581df7a6d6d2affeed3,I4,135d35ee9e2639fcb9479bd393e556e4bcb06c62395b69a06553dad9e7c4aa6c,1733197,H_system,ACTION_CHANGED_HORIZON_COMPLETE,true,,true,true,true,NEUTRAL_WITHIN_TOLERANCE,0.0,[14574],[],[],I4|BODY|NO_DIVERGENCE|HIGH,471856,945,0.0020027296463327794,499.31851851851854
72dff7d0095a810ba9b010640cc6a2d49d2bb6305c9dfc5ddc9e1aedea9db8f3:H_bag,72dff7d0095a810ba9b010640cc6a2d49d2bb6305c9dfc5ddc9e1aedea9db8f3,I4,1933c3f5827a3c6d5208333fc41b8fce3f13208b529f4b3eb995e8071b0fcc81,1739923,H_bag,ACTION_CHANGED_HORIZON_COMPLETE,true,,true,true,true,BENEFICIAL,-4.22139000000243,[14630],,,I4|BODY|NO_DIVERGENCE|HIGH,471856,945,0.0020027296463327794,499.31851851851854
efda4b777c92bdbfe0002605086d8e16554a427c6822dccf01d5bf83e91bcf65:H_bag,efda4b777c92bdbfe0002605086d8e16554a427c6822dccf01d5bf83e91bcf65,I4,a3756174f3a215261ad48ec40fd81558eeede3554ee5b4abd96e99fbeb18cda9,1744698,H_bag,ACTION_CHANGED_HORIZON_COMPLETE,true,,true,true,true,NEUTRAL_WITHIN_TOLERANCE,0.0,[14657],,,I4|BODY|NO_DIVERGENCE|HIGH,471856,945,0.0020027296463327794,499.31851851851854
04d4d4e44e7c58a6367665b256bf65582de9fcd683ab1c71f4983377ed4e8a01:H_bag,04d4d4e44e7c58a6367665b256bf65582de9fcd683ab1c71f4983377ed4e8a01,I4,c005016618bb958fd761daea76f2105b1e983f002455c5fe349aebb7570cf55f,1757941,H_bag,ACTION_CHANGED_HORIZON_COMPLETE,true,,true,true,true,HARMFUL,0.5999999999985448,[8654],,,I4|BODY|NO_DIVERGENCE|HIGH,471856,945,0.0020027296463327794,499.31851851851854
76b5f0c0c96ea043540bd3d3ec66e6544353bd4d090bbd5ea850934feb20613c:H_bag,76b5f0c0c96ea043540bd3d3ec66e6544353bd4d090bbd5ea850934feb20613c,I3,103e3cb2fcdcc154e80a5646bf9d65399ccb8fa2d871bdeb74f2b333d405f319,1761463,H_bag,ACTION_CHANGED_HORIZON_COMPLETE,true,,true,true,true,HARMFUL,157.19862000000285,[12037],,,I3|BODY|NO_DIVERGENCE|HIGH,170143,958,0.005630557824888476,177.60229645093946
ae15618f7ee49989e71752235d03a8c310596346dfeed2244e78c93f858dcb49:H_bag,ae15618f7ee49989e71752235d03a8c310596346dfeed2244e78c93f858dcb49,I3,8ce6c6791b85537b6225a4d3ac59d91e7d32f18b87416209d1c89ce4ef3f8ea9,1762981,H_bag,ACTION_CHANGED_HORIZON_COMPLETE,true,,true,true,true,HARMFUL,127.44862000000285,[12574],,,I3|BODY|NO_DIVERGENCE|HIGH,170143,958,0.005630557824888476,177.60229645093946
500ada3ec531060f547542d4d7463f350c7a7782b094b6166b2d6242908f77d5:H_bag,500ada3ec531060f547542d4d7463f350c7a7782b094b6166b2d6242908f77d5,I3,2b118019c894db81a0efba218d5bbc7cd63bd8b19bf044262cac57bcdf74784f,1763475,H_bag,ACTION_CHANGED_HORIZON_COMPLETE,true,,true,true,true,HARMFUL,120.19862000000285,[12794],,,I3|BODY|NO_DIVERGENCE|HIGH,170143,958,0.005630557824888476,177.60229645093946
aa64d48419af4b94378cf24594150da3f7a39032e0a94f23568bc95bba3f4131:H_bag,aa64d48419af4b94378cf24594150da3f7a39032e0a94f23568bc95bba3f4131,I3,ada15f31b246341a3378c51f63b44714f6a6adefb8948479816047659f1ebfda,1764148,H_bag,ACTION_CHANGED_HORIZON_COMPLETE,true,,true,true,true,HARMFUL,111.04862000000139,[12886],,,I3|BODY|NO_DIVERGENCE|HIGH,170143,958,0.005630557824888476,177.60229645093946
f0d0d82343a86f8495629705b630e3b7333624e2cc79284dd60570aa9019fcf7:H_bag,f0d0d82343a86f8495629705b630e3b7333624e2cc79284dd60570aa9019fcf7,I3,bf6e3a53c5b3a7120e9590713e90389a9825786d98165df976a3d579b46c517c,1765052,H_bag,ACTION_CHANGED_HORIZON_COMPLETE,true,,true,true,true,HARMFUL,100.44682000000466,[12966],,,I3|BODY|NO_DIVERGENCE|HIGH,170143,958,0.005630557824888476,177.60229645093946
29ac0be91e162369bbdbc0f2ec3091a952466b39b12fce362223bc4854cbc1e2:H_bag,29ac0be91e162369bbdbc0f2ec3091a952466b39b12fce362223bc4854cbc1e2,I3,babc44462e74c92a5b9aac3501b9b6503c18ddeb8d7e9fed523665d95e8e6817,1769889,H_bag,ACTION_CHANGED_HORIZON_COMPLETE,true,,true,true,true,HARMFUL,81.75382999999783,[13266],,,I3|BODY|NO_DIVERGENCE|HIGH,170143,958,0.005630557824888476,177.60229645093946
15ee834ba4b547aa22b6e0ade8cf32ca68cc728821e1e7e0b992c55547e034d0:H_bag,15ee834ba4b547aa22b6e0ade8cf32ca68cc728821e1e7e0b992c55547e034d0,I3,db2f1646908add87a2c12c721838fc4cdd87637da4564c5cfd07270ec6cee5e5,1771283,H_bag,ACTION_CHANGED_HORIZON_COMPLETE,true,,true,true,true,HARMFUL,55.61757999999827,[13358],,,I3|BODY|NO_DIVERGENCE|HIGH,170143,958,0.005630557824888476,177.60229645093946
f8ffa33018db214e9eeb0ad39dcd897a1017c7a1d7acbd9b9dc790af1d9b915c:H_bag,f8ffa33018db214e9eeb0ad39dcd897a1017c7a1d7acbd9b9dc790af1d9b915c,I4,8d12461c2132c4cb590e310e78153e20d0c85a56adcdefc7d9c0da6de5a4263c,1771655,H_bag,ACTION_CHANGED_HORIZON_COMPLETE,true,,true,true,true,HARMFUL,1.0,[14824],,,I4|BODY|NO_DIVERGENCE|HIGH,471856,945,0.0020027296463327794,499.31851851851854
5157eded86dcc129de0fcc542f5765f2829c6b9348489af2d535d376475107d2:H_bag,5157eded86dcc129de0fcc542f5765f2829c6b9348489af2d535d376475107d2,I4,45be8c7784beb2915b21550aa0b4b86ba55cbefd57c7e242c98274c1403025f9,1773850,H_bag,ACTION_CHANGED_HORIZON_COMPLETE,true,,true,true,true,NEUTRAL_WITHIN_TOLERANCE,0.0,[14897],,,I4|BODY|NO_DIVERGENCE|HIGH,471856,945,0.0020027296463327794,499.31851851851854
611b8dcc3e96012f512bad2f837d97ce3e009c659431cc90f8b047d6db3316e3:H_bag,611b8dcc3e96012f512bad2f837d97ce3e009c659431cc90f8b047d6db3316e3,I3,2ff703f49aac245f2bda593ea8eb82b17905d51e7195c685eea1bba0039997d1,1777602,H_bag,ACTION_CHANGED_HORIZON_COMPLETE,true,,true,true,true,HARMFUL,53.81557999999859,[14860],,,I3|TAIL|DIVERGENCE|HIGH,466,7,0.01502145922746781,66.57142857142858
9b62444493fbd67e5de1bd1070257e511133427a1b0efe4a32c4a7b544617810:H_bag,9b62444493fbd67e5de1bd1070257e511133427a1b0efe4a32c4a7b544617810,I3,c3d8ca9ea680090549be66e2ce19b474996079fe3dad0865d1bf2e19a4f5e3e7,1777742,H_bag,ACTION_CHANGED_HORIZON_COMPLETE,true,,true,true,true,HARMFUL,54.3724499999953,[13619],,,I3|BODY|NO_DIVERGENCE|HIGH,170143,958,0.005630557824888476,177.60229645093946
ae6b2a5e8860780f73169583fc03a90a19de5611353eba2b3b48957be8b19274:H_bag,ae6b2a5e8860780f73169583fc03a90a19de5611353eba2b3b48957be8b19274,I3,7c2c71a0b30d4c51226969bc63dd4dfe55ac6754d1555531d5a53f72b4fab1c7,1778579,H_bag,ACTION_CHANGED_HORIZON_COMPLETE,true,,true,true,true,HARMFUL,60.99333000000479,[14860],,,I3|TAIL|DIVERGENCE|HIGH,466,7,0.01502145922746781,66.57142857142858
82e6bb835d7a09916cc205d623a36b07dd4afeaa51e7cf9f29167b5c7f918f29:H_bag,82e6bb835d7a09916cc205d623a36b07dd4afeaa51e7cf9f29167b5c7f918f29,I3,1f2fee62f0ff2d85d983c4e66644428a02414f65cd62ab4424fcf33c2366fbae,1778786,H_bag,ACTION_CHANGED_HORIZON_COMPLETE,true,,true,true,true,HARMFUL,60.99333000000479,[14860],,,I3|TAIL|DIVERGENCE|HIGH,466,7,0.01502145922746781,66.57142857142858
30317b94ae79e9a5c2f51b9d851518b485ad31fd01232e8ada716808adc8d36c:H_bag,30317b94ae79e9a5c2f51b9d851518b485ad31fd01232e8ada716808adc8d36c,I3,b9da14722e93857690eca9ed07c35da7cda504eeecb016a4ca5ae8904fae00a1,1781658,H_bag,ACTION_CHANGED_HORIZON_COMPLETE,true,,true,true,true,HARMFUL,74.8499999999949,[14842],,,I3|BODY|NO_DIVERGENCE|HIGH,170143,958,0.005630557824888476,177.60229645093946
81855e15815470d321b087501887a9929d0e2ba088f1cb03bdee507fde7841ec:H_system,81855e15815470d321b087501887a9929d0e2ba088f1cb03bdee507fde7841ec,I3,454c0b6390bd0494ec9850065e4a6cffedf791d6a99491c0e019ee95c25062fe,1781694,H_system,ACTION_CHANGED_HORIZON_COMPLETE,true,,true,true,true,HARMFUL,0.0021859952296949814,[14842],"[14830,14838,14841,14842,14843,14845,14847,14850,14852,14854,14856,14861,14864,14866,14869,14871,14873,14874,14876,14878,14880,14882,14884,14886,14889,14891,14893,14895,14897,14899,14902,14904,14906,14908,14910,14918,14920,14924,14926,14928,14930,14932,14935,14936,14938,14940,14942,14946,14947,14949,14951,14954,14956,14958,14962,14964,14966,14968,14972,14993]","[14830,14838,14841,14843,14845,14847,14850,14852,14854,14856,14861,14864,14866,14869,14871,14873,14874,14876,14878,14880,14882,14884,14886,14889,14891,14893,14895,14897,14899,14902,14904,14906,14908,14910,14918,14920,14924,14926,14928,14930,14932,14935,14936,14938,14940,14942,14946,14947,14949,14951,14954,14956,14958,14962,14964,14966,14968,14972,14993]",I3|BODY|NO_DIVERGENCE|HIGH,170143,958,0.005630557824888476,177.60229645093946
c1667cee093e3c585d53897115613dd01c95f89fc96e515569fc752f6a7cba4b:H_system,c1667cee093e3c585d53897115613dd01c95f89fc96e515569fc752f6a7cba4b,I4,1ae96f880af31fd90024a653cc008f4e770a025036cb4c820c4647706c85996b,1783182,H_system,ACTION_CHANGED_HORIZON_COMPLETE,true,,true,true,true,NEUTRAL_WITHIN_TOLERANCE,0.0,[14938],"[14869,14874,14932,14935,14938,14942]","[14869,14874,14932,14935,14942]",I4|BODY|NO_DIVERGENCE|HIGH,471856,945,0.0020027296463327794,499.31851851851854
f883d1997c67ed8a3a96f09220b3b9e126edd0922c4617f356f8dcc045a907e7:H_system,f883d1997c67ed8a3a96f09220b3b9e126edd0922c4617f356f8dcc045a907e7,I4,7b2602a54bb2e5b54cc27eedd6ec0fd8d4b96888c1fe6d71a3112323c44fa73f,1786126,H_system,ACTION_CHANGED_HORIZON_COMPLETE,true,,true,true,true,HARMFUL,2.293328438440767e-05,[14949],"[14876,14899,14906,14930,14942,14949,14956,14958]","[14876,14899,14906,14930,14942,14956,14958]",I4|BODY|NO_DIVERGENCE|HIGH,471856,945,0.0020027296463327794,499.31851851851854
759bc1651a40ec060325213142d9461826aa662050c9e03a8db2b25cf756ce24:H_system,759bc1651a40ec060325213142d9461826aa662050c9e03a8db2b25cf756ce24,I3,d543ed2a20cbca470ec50ebd5903f95a9ac0fad0ba22df80f396b5bd768015aa,1786875,H_system,ACTION_CHANGED_HORIZON_COMPLETE,true,,true,true,true,HARMFUL,0.0017751072173837201,[14948],[14948],[],I3|BODY|NO_DIVERGENCE|HIGH,170143,958,0.005630557824888476,177.60229645093946
42663eeae56858e19d7f73de7512caac0f216f3592f5852b4e5665364b41045e:H_system,42663eeae56858e19d7f73de7512caac0f216f3592f5852b4e5665364b41045e,I4,91b50e458bce00900a97ec38a8125aea439130fe8fd9f68ee04a2cb72e2f52e0,1789216,H_system,ACTION_CHANGED_HORIZON_COMPLETE,true,,true,true,true,NEUTRAL_WITHIN_TOLERANCE,0.0,[14974],[14974],[],I4|BODY|NO_DIVERGENCE|HIGH,471856,945,0.0020027296463327794,499.31851851851854
8b17ba7422e2aba2474d0d4b646cf2fb72d4fcae24deb4f938bdc7786510ab17:H_system,8b17ba7422e2aba2474d0d4b646cf2fb72d4fcae24deb4f938bdc7786510ab17,I3,1f9c7ca43ed0dfbd9b0fa85adca319dfff8bd31bcb3f05200f60a6c519e47caa,1794035,H_system,ACTION_CHANGED_HORIZON_COMPLETE,true,,true,true,true,HARMFUL,0.001733825654184784,[15021],[15021],[],I3|TAIL|NO_DIVERGENCE|HIGH,4196,58,0.013822688274547188,72.34482758620689
11a60ad608af205ae0648da28cc851f9696f59922536ba6473983102ad58c71d:H_bag,11a60ad608af205ae0648da28cc851f9696f59922536ba6473983102ad58c71d,I4,9ff2aa138092f0e1825ce161242b2de44f230f171b541aeee1a8ea6df44a7075,1799952,H_bag,ACTION_CHANGED_HORIZON_COMPLETE,true,,true,true,true,HARMFUL,1.0,[15073],,,I4|BODY|NO_DIVERGENCE|HIGH,471856,945,0.0020027296463327794,499.31851851851854
d6d1fa1e15d541a87f5c68c277c705b4335877186df84ce2e095907fe2ffb5e3:H_bag,d6d1fa1e15d541a87f5c68c277c705b4335877186df84ce2e095907fe2ffb5e3,I4,8452eaf85534dacb7923c6e34446388229678cebcf666ea7c42b4553f1e4f75e,1801903,H_bag,ACTION_CHANGED_HORIZON_COMPLETE,true,,true,true,true,HARMFUL,0.4092499999969732,[15109],,,I4|BODY|NO_DIVERGENCE|HIGH,471856,945,0.0020027296463327794,499.31851851851854
01508187970fd94f643610bca808162dbe7cfe01e63b985ea9e264d755a765aa:H_bag,01508187970fd94f643610bca808162dbe7cfe01e63b985ea9e264d755a765aa,I3,afa16db82f2821f0d943a0a5ae6c8abaab81f32c20754e2745c7c839d3ffd37c,1802756,H_bag,ACTION_CHANGED_HORIZON_COMPLETE,true,,true,true,true,HARMFUL,24.299999999999272,[8248],,,I3|TAIL|NO_DIVERGENCE|HIGH,4196,58,0.013822688274547188,72.34482758620689
201c02923edf2d8ea8e873f5d929a40e5ab933819256538f6cb5cfc3c68e364a:H_bag,201c02923edf2d8ea8e873f5d929a40e5ab933819256538f6cb5cfc3c68e364a,I3,ee8b814dc8ad839201775ac590d7dcf4ec976b85ec277a3219bf48f426563e68,1805393,H_bag,ACTION_CHANGED_HORIZON_COMPLETE,true,,true,true,true,HARMFUL,24.549999999999272,[13124],,,I3|BODY|NO_DIVERGENCE|HIGH,170143,958,0.005630557824888476,177.60229645093946
2568d22aa1e395d85d7ab1984e952a5db38a0cc41c66ba1110488ff73002cdb1:H_bag,2568d22aa1e395d85d7ab1984e952a5db38a0cc41c66ba1110488ff73002cdb1,I3,f81ca19f240180568d05fda4362bfa66d1a00310a33c6aaac158f396175ec6e6,1807202,H_bag,ACTION_CHANGED_HORIZON_COMPLETE,true,,true,true,true,HARMFUL,24.799999999999272,[13686],,,I3|BODY|NO_DIVERGENCE|HIGH,170143,958,0.005630557824888476,177.60229645093946
ec37eefbc8d5c56c7a79a7b16d6fe627e956b77e88ec593c5f1d2199379bcbc9:H_bag,ec37eefbc8d5c56c7a79a7b16d6fe627e956b77e88ec593c5f1d2199379bcbc9,I4,df02e4c07122bfaf41171e13a6af113262009f50d3a8a44b31bd6ffa4e0ed718,1808579,H_bag,ACTION_CHANGED_HORIZON_COMPLETE,true,,true,true,true,NEUTRAL_WITHIN_TOLERANCE,0.0,[13900],,,I4|BODY|NO_DIVERGENCE|HIGH,471856,945,0.0020027296463327794,499.31851851851854
852247fbf65720180b4b0aa7a5bbd139aec177465d152c1c0370313b7e678bc7:H_bag,852247fbf65720180b4b0aa7a5bbd139aec177465d152c1c0370313b7e678bc7,I3,96d1dd6764994fef8c087bcacd6a59c3ef3550159d9bb838abbe3807e3b15a01,1810836,H_bag,ACTION_CHANGED_HORIZON_COMPLETE,true,,true,true,true,HARMFUL,112.65101999999752,[15130],,,I3|BODY|NO_DIVERGENCE|HIGH,170143,958,0.005630557824888476,177.60229645093946
71858452e47deb26416d0e488fdd63783b29785c07bf28aab318db864d3323c1:H_bag,71858452e47deb26416d0e488fdd63783b29785c07bf28aab318db864d3323c1,I4,1872e74c751e62fb2e5be35cfd96734558df74e12d2e8c02def3ee70a72924ff,1814240,H_bag,ACTION_CHANGED_HORIZON_COMPLETE,true,,true,true,true,NEUTRAL_WITHIN_TOLERANCE,0.0,[15193],,,I4|BODY|NO_DIVERGENCE|HIGH,471856,945,0.0020027296463327794,499.31851851851854
15ab86e2ad70e30dc251e16776fd0b3e481c7e26a19b96c6fbc898aef7da0d1c:H_bag,15ab86e2ad70e30dc251e16776fd0b3e481c7e26a19b96c6fbc898aef7da0d1c,I3,af8a81f5c16c48fd5cd5c9a080ac971d8eda97cc2b96dd7220ddb57b327784d8,1816134,H_bag,ACTION_CHANGED_HORIZON_COMPLETE,true,,true,true,true,HARMFUL,79.87871000000086,[15144],,,I3|BODY|NO_DIVERGENCE|HIGH,170143,958,0.005630557824888476,177.60229645093946
e9ff654f8590b24062ace5ccf1cd8d5169007c5e2e66de6da66bfd0a3eac6067:H_bag,e9ff654f8590b24062ace5ccf1cd8d5169007c5e2e66de6da66bfd0a3eac6067,I4,6f2f511781a6b2e3c329e7c51f917ef38803f1d0eceb7e2373343643d9ef4e1b,1822456,H_bag,ACTION_CHANGED_HORIZON_COMPLETE,true,,true,true,true,HARMFUL,0.5999999999985448,[15159],,,I4|BODY|NO_DIVERGENCE|HIGH,471856,945,0.0020027296463327794,499.31851851851854
b3cf780203cc5f71911d5a4e17ca2187a6ba38ace13510f9b7cabcda767f5145:H_bag,b3cf780203cc5f71911d5a4e17ca2187a6ba38ace13510f9b7cabcda767f5145,I4,081ab8bb95c2ebdea78751eba8ed8aa8b0253d1b2c757ac7b58960b442549a55,1827415,H_bag,ACTION_CHANGED_HORIZON_COMPLETE,true,,true,true,true,HARMFUL,0.5,[15301],,,I4|BODY|NO_DIVERGENCE|HIGH,471856,945,0.0020027296463327794,499.31851851851854
57707b65499ac03ccecedb0c5b6d3fa18b45cca89861f4bf901acafc4e8e4899:H_bag,57707b65499ac03ccecedb0c5b6d3fa18b45cca89861f4bf901acafc4e8e4899,I4,8dd7ca7e0366c20fbae89c067c01dd89b76499c0738c2314eaca0050837da83d,1827550,H_bag,ACTION_CHANGED_HORIZON_COMPLETE,true,,true,true,true,NEUTRAL_WITHIN_TOLERANCE,0.0,[7584],,,I4|TAIL|NO_DIVERGENCE|HIGH,13582,67,0.004932999558238846,202.71641791044775
d51b07feb02caf34bf9820495338ecc542df519c6ace47a98cdbaa6c01e4f956:H_bag,d51b07feb02caf34bf9820495338ecc542df519c6ace47a98cdbaa6c01e4f956,I3,35abbfa8e00081ac6e7790a637061497267b9d95984ebb3f8a1902b84242093c,1831238,H_bag,ACTION_CHANGED_HORIZON_COMPLETE,true,,true,true,true,HARMFUL,90.64999999999782,[11801],,,I3|BODY|NO_DIVERGENCE|HIGH,170143,958,0.005630557824888476,177.60229645093946
349d79a569c2e5566a210288aadc5d6096304b03fbf9f58b2fd61dad9d904ad0:H_bag,349d79a569c2e5566a210288aadc5d6096304b03fbf9f58b2fd61dad9d904ad0,I4,7222f9b277772f26c8d7ebc620010a0d21c109cdb5664cc38d5121d6a413103e,1832992,H_bag,ACTION_CHANGED_HORIZON_COMPLETE,true,,true,true,true,HARMFUL,0.5999999999985448,[12874],,,I4|BODY|NO_DIVERGENCE|HIGH,471856,945,0.0020027296463327794,499.31851851851854
b89f49144d89b8f623d809fb266ae518a3036bf608e07b460d93d32e612e09a0:H_bag,b89f49144d89b8f623d809fb266ae518a3036bf608e07b460d93d32e612e09a0,I4,6b370bd4d220e6883750a1f920864f1d68c16b7667c71aa13ee1f9632ae36d50,1835931,H_bag,ACTION_CHANGED_HORIZON_COMPLETE,true,,true,true,true,HARMFUL,0.042109999998501735,[13131],,,I4|BODY|NO_DIVERGENCE|HIGH,471856,945,0.0020027296463327794,499.31851851851854
59155e7a426136a4957e1e2fb597d4c2794e01105878ebbec7f551f8a89e26d0:H_bag,59155e7a426136a4957e1e2fb597d4c2794e01105878ebbec7f551f8a89e26d0,I3,1ef6a1f7e106d1f8337ff3a71c3993d9f15d1d234a7feea67764a3b423b31417,1837486,H_bag,ACTION_CHANGED_HORIZON_COMPLETE,true,,true,true,true,HARMFUL,51.89999999999782,[13617],,,I3|BODY|NO_DIVERGENCE|HIGH,170143,958,0.005630557824888476,177.60229645093946
8adf70dc3249e6721cd8b7d374d924f070ead7e6d9c4e48a89df75f5e5d425f8:H_system,8adf70dc3249e6721cd8b7d374d924f070ead7e6d9c4e48a89df75f5e5d425f8,I3,858e7a4dd004d2b48dc3a0eeefb95382f79afe3dfc2d5311114c76e41a6efb09,1849177,H_system,ACTION_CHANGED_HORIZON_COMPLETE,true,,true,true,true,HARMFUL,0.0003027314633925471,[13051],"[13051,13118,13120,13141,13162,13164,13203,13206,13213,13219,13222,13276,13280,13284,13327,13388,13517,13546,13550,13554,13562,13577,13583,13585,13594,13611,13615,13621,13724,13736,13738,13740,13742,13744,13746,13752,13756,13779,13785,13787,13795,13823,13831,13836,13843,13854,13913,13922,13932,13934,13950,13967,13972,13979,13982,13992,14064,14138,14160,14174,14205,14212,14218,14220,14222,14226,14228,14233,14245,14248,14250,14252,14259,14267,14319,14326,14339]","[13118,13120,13141,13162,13164,13203,13206,13213,13219,13222,13276,13280,13284,13327,13388,13517,13546,13550,13554,13562,13577,13583,13585,13594,13611,13615,13621,13724,13736,13738,13740,13742,13744,13746,13752,13756,13779,13785,13787,13795,13823,13831,13836,13843,13854,13913,13922,13932,13934,13950,13967,13972,13979,13982,13992,14064,14138,14160,14174,14205,14212,14218,14220,14222,14226,14228,14233,14245,14248,14250,14252,14259,14267,14319,14326,14339]",I3|BODY|NO_DIVERGENCE|HIGH,170143,958,0.005630557824888476,177.60229645093946
53e64475596fc5cb7bf3e7570a17ae3a6087b07fe8fc3762427fd43ac64ea2b9:H_bag,53e64475596fc5cb7bf3e7570a17ae3a6087b07fe8fc3762427fd43ac64ea2b9,I3,23cba2253a05366e697800096084b9a91c6e6231d5503f222ae4e9503bc08290,1851540,H_bag,ACTION_CHANGED_HORIZON_COMPLETE,true,,true,true,true,HARMFUL,24.549999999995634,[13585],,,I3|BODY|NO_DIVERGENCE|HIGH,170143,958,0.005630557824888476,177.60229645093946
f68ea392ecd3a04baae8d28f9a1fcc9d41a39c8ccff4ba21a25daf662d9b25af:H_bag,f68ea392ecd3a04baae8d28f9a1fcc9d41a39c8ccff4ba21a25daf662d9b25af,I3,746c57aa22593346bb2edd54336eb65cef4f988f1127a2eb0edeb1aa01778516,1853465,H_bag,ACTION_CHANGED_HORIZON_COMPLETE,true,,true,true,true,HARMFUL,24.799999999995634,[13823],,,I3|BODY|NO_DIVERGENCE|HIGH,170143,958,0.005630557824888476,177.60229645093946
d58f9c041124d0cca2cb4e132ce481ab0254f1aabd5755ca23226fbb16bc4ae6:H_bag,d58f9c041124d0cca2cb4e132ce481ab0254f1aabd5755ca23226fbb16bc4ae6,I3,6da8ce3427da36b918d41a549ba4261fd5980a3f924201459b79abf199eff2c4,1853800,H_bag,ACTION_CHANGED_HORIZON_COMPLETE,true,,true,true,true,HARMFUL,24.049999999995634,[13854],,,I3|BODY|NO_DIVERGENCE|HIGH,170143,958,0.005630557824888476,177.60229645093946
c904e424cbe4e681fc642ea4426842a8138580cc4a681e7636db892e4d07000c:H_bag,c904e424cbe4e681fc642ea4426842a8138580cc4a681e7636db892e4d07000c,I3,2b8052e4199487ec1c00a097a17c8789361aed0ad2c4ed9a76260bcf0c92438d,1855100,H_bag,ACTION_CHANGED_HORIZON_COMPLETE,true,,true,true,true,HARMFUL,24.549999999995634,[14160],,,I3|BODY|NO_DIVERGENCE|HIGH,170143,958,0.005630557824888476,177.60229645093946
1062cfd1258a4ae433c31683039c43262a64bae0ee909ba474c2369a3106baaf:H_bag,1062cfd1258a4ae433c31683039c43262a64bae0ee909ba474c2369a3106baaf,I4,01df65d849175fbf79a6158371efa22866b59580ff81d573668b6ad86bde67df,1857047,H_bag,ACTION_CHANGED_HORIZON_COMPLETE,true,,true,true,true,HARMFUL,1.0,[15444],,,I4|BODY|NO_DIVERGENCE|HIGH,471856,945,0.0020027296463327794,499.31851851851854
69176ef64e0a709c42d75187b886b305beb67b149e4ba71be5ed6fc90931f84c:H_bag,69176ef64e0a709c42d75187b886b305beb67b149e4ba71be5ed6fc90931f84c,I3,b74cf5146bf2bc144518dd8113b81d7d6f070845d9406fbf2018d49343efa07e,1858545,H_bag,ACTION_CHANGED_HORIZON_COMPLETE,true,,true,true,true,HARMFUL,1.0849200000084238,[15456],,,I3|BODY|NO_DIVERGENCE|HIGH,170143,958,0.005630557824888476,177.60229645093946
77dca27c061ccc0ccae082796938d0fdf28183d49e3365dbec751f88e6c3067d:H_bag,77dca27c061ccc0ccae082796938d0fdf28183d49e3365dbec751f88e6c3067d,I4,2aa5a504bba298a78ab0d47c88cd699e6ca9d8151cc674590872843137de40e6,1859769,H_bag,ACTION_CHANGED_HORIZON_COMPLETE,true,,true,true,true,HARMFUL,1.0,[15453],,,I4|BODY|NO_DIVERGENCE|HIGH,471856,945,0.0020027296463327794,499.31851851851854
c37b733d2f8347ab5cda77ca40b3950cd84bac7be25b6ef52599c0c8bd4b75d8:H_bag,c37b733d2f8347ab5cda77ca40b3950cd84bac7be25b6ef52599c0c8bd4b75d8,I4,4fd50429c354f7825e2b52b2637f255c96ccc3185891f166ce6f8589fad42ae4,1866490,H_bag,ACTION_CHANGED_HORIZON_COMPLETE,true,,true,true,true,HARMFUL,0.06555000000662403,[15533],,,I4|BODY|NO_DIVERGENCE|HIGH,471856,945,0.0020027296463327794,499.31851851851854
cd06fea0757542c3bed8298446362485e5cdce22bed33aa37090118b7ae962ef:H_system,cd06fea0757542c3bed8298446362485e5cdce22bed33aa37090118b7ae962ef,I3,a357af37dd2624c5c11c93af3bd10cc17a044be2a7bb4f5b987b62e9312832c7,1867357,H_system,ACTION_CHANGED_HORIZON_COMPLETE,true,,true,true,true,HARMFUL,0.001733825654184784,[15507],[15507],[],I3|BODY|NO_DIVERGENCE|HIGH,170143,958,0.005630557824888476,177.60229645093946
9cfbae7abab581b674f8d97c9338570a3b317ed75cd6479dd8d9a6fdb0d68a1e:H_bag,9cfbae7abab581b674f8d97c9338570a3b317ed75cd6479dd8d9a6fdb0d68a1e,I3,5ba16de1b9bd582673eb70399649fe651767e04847983675baf2d5c9b87f87f1,1874773,H_bag,ACTION_CHANGED_HORIZON_COMPLETE,true,,true,true,true,HARMFUL,76.09999999999127,[6502],,,I3|TAIL|NO_DIVERGENCE|HIGH,4196,58,0.013822688274547188,72.34482758620689
516f1b2d9cfc32980ce65375e7612ff6c054d49fc2b5c50d1b6f5e6d22fdfdb9:H_system,516f1b2d9cfc32980ce65375e7612ff6c054d49fc2b5c50d1b6f5e6d22fdfdb9,I4,7271ac40da480b9868fe8abf2e851f44029a76a30cbfaac7a55ebdad61aa9ca9,1877851,H_system,ACTION_CHANGED_HORIZON_COMPLETE,true,,true,true,true,NEUTRAL_WITHIN_TOLERANCE,0.0,[13661],[13661],[],I4|BODY|NO_DIVERGENCE|HIGH,471856,945,0.0020027296463327794,499.31851851851854
dc8d9d519dabd8ef7803dc3c6ea1e75e8c8ad40201c00a8cde56ede1f6e0bdae:H_bag,dc8d9d519dabd8ef7803dc3c6ea1e75e8c8ad40201c00a8cde56ede1f6e0bdae,I4,11751d774f2290db2e826306f952b1a65602f9bb5e7c3e784534511b91bfce6d,1878959,H_bag,ACTION_CHANGED_HORIZON_COMPLETE,true,,true,true,true,NEUTRAL_WITHIN_TOLERANCE,0.0,[13790],,,I4|BODY|NO_DIVERGENCE|HIGH,471856,945,0.0020027296463327794,499.31851851851854
a676007cf5edcfe0197b913806b4b2b5a89fbd71615773dbd02ad401ca04c537:H_bag,a676007cf5edcfe0197b913806b4b2b5a89fbd71615773dbd02ad401ca04c537,I3,74f038ff018ce230983db05ce1e79191434c89259cc80b5953a82209eb7c4781,1880095,H_bag,ACTION_CHANGED_HORIZON_COMPLETE,true,,true,true,true,HARMFUL,24.549999999995634,[13891],,,I3|BODY|NO_DIVERGENCE|HIGH,170143,958,0.005630557824888476,177.60229645093946
1f1b2aabfd02853ef7e6a46ba335c105bf984938739816abf625b0c218fde495:H_bag,1f1b2aabfd02853ef7e6a46ba335c105bf984938739816abf625b0c218fde495,I3,5cda1b4e89c627020b5ac388e0b9407fab5f422b1c8a7a6da601cec20bd066d6,1890295,H_bag,ACTION_CHANGED_HORIZON_COMPLETE,true,,true,true,true,HARMFUL,0.25,[14071],,,I3|BODY|NO_DIVERGENCE|HIGH,170143,958,0.005630557824888476,177.60229645093946
24348e0ac1cd9677e82590f50776f410845f49dcf51170f8af3cea875b8f815f:H_bag,24348e0ac1cd9677e82590f50776f410845f49dcf51170f8af3cea875b8f815f,I3,bfa438cef89864522b389a55f0ac03af0638ce75a651c64220a3bf97da25f7bc,1890734,H_bag,ACTION_CHANGED_HORIZON_COMPLETE,true,,true,true,true,NEUTRAL_WITHIN_TOLERANCE,0.0,[14125],,,I3|BODY|NO_DIVERGENCE|HIGH,170143,958,0.005630557824888476,177.60229645093946
a50f01d3f8b4749dfaa2d83708adbb5eb84f82cc10fc4e374f41396d274aa44a:H_bag,a50f01d3f8b4749dfaa2d83708adbb5eb84f82cc10fc4e374f41396d274aa44a,I4,6697b44fc23c5f6b6dab6001f874b05d98534859dc06981299e0fe9a1734e3ce,1896267,H_bag,ACTION_CHANGED_HORIZON_COMPLETE,true,,true,true,true,NEUTRAL_WITHIN_TOLERANCE,0.0,[15770],,,I4|BODY|NO_DIVERGENCE|HIGH,471856,945,0.0020027296463327794,499.31851851851854
3b8275d18487ab0f4eb430482faf750f355e0deac03af5ee9d24538480b67bed:H_bag,3b8275d18487ab0f4eb430482faf750f355e0deac03af5ee9d24538480b67bed,I4,1d6322437fc2eae6e46730a7e0f870de8e72d3d940ed9372b5c92086620f35ae,1899388,H_bag,ACTION_CHANGED_HORIZON_COMPLETE,true,,true,true,true,HARMFUL,0.262460000012652,[15809],,,I4|BODY|NO_DIVERGENCE|HIGH,471856,945,0.0020027296463327794,499.31851851851854
b561c2d9c8ce26335267ea893af6688bc841d89bbfd2b383595cb63a1d889017:H_bag,b561c2d9c8ce26335267ea893af6688bc841d89bbfd2b383595cb63a1d889017,I4,9d8ce57b94c7cb4858e1d18659f7efeda6e2631c41826f9c42f5b3396e5c9521,1901944,H_bag,ACTION_CHANGED_HORIZON_COMPLETE,true,,true,true,true,HARMFUL,0.5,[15780],,,I4|BODY|NO_DIVERGENCE|HIGH,471856,945,0.0020027296463327794,499.31851851851854
029e5803ddd6d5b3563d49ca8ca6d8b3f2f3f3e5a280e28b078e7f25db42924e:H_bag,029e5803ddd6d5b3563d49ca8ca6d8b3f2f3f3e5a280e28b078e7f25db42924e,I3,267fc6c804dc9dca82851d29447f4a40fb5e0139c2e735ad84b087388259ed8e,1903694,H_bag,ACTION_CHANGED_HORIZON_COMPLETE,true,,true,true,true,HARMFUL,75.59999999999127,[15786],,,I3|BODY|NO_DIVERGENCE|HIGH,170143,958,0.005630557824888476,177.60229645093946
436d36664fc5566e02de10aca09dfdf8c1ff75b640a8410483369fc440b9e567:H_bag,436d36664fc5566e02de10aca09dfdf8c1ff75b640a8410483369fc440b9e567,I4,6b1778bfb23a1fbf61f5b8dbce83b88f05aa715d8da589466022c39afc53526d,1908581,H_bag,ACTION_CHANGED_HORIZON_COMPLETE,true,,true,true,true,HARMFUL,0.616649999996298,[15924],,,I4|BODY|NO_DIVERGENCE|HIGH,471856,945,0.0020027296463327794,499.31851851851854
c0d23073311699ea8c13901f2a52ca7d03c665b9c9d98e30561e27c3ea621a28:H_bag,c0d23073311699ea8c13901f2a52ca7d03c665b9c9d98e30561e27c3ea621a28,I3,80b5c2bdfba04b508285ea5484c245551d869f4913ac91640250616c819deb8a,1909967,H_bag,ACTION_CHANGED_HORIZON_COMPLETE,true,,true,true,true,HARMFUL,78.09999999999127,[15916],,,I3|BODY|NO_DIVERGENCE|HIGH,170143,958,0.005630557824888476,177.60229645093946
b32f37b4f250ba826fbf4233c109a4f6fa42785e1e5c1b35c16c5d7cf82a1d73:H_bag,b32f37b4f250ba826fbf4233c109a4f6fa42785e1e5c1b35c16c5d7cf82a1d73,I3,05a8cc9052c3c30d4fc2970f17379db629926a101ff67513bca4911c3f227956,1914275,H_bag,ACTION_CHANGED_HORIZON_COMPLETE,true,,true,true,true,HARMFUL,51.400000000001455,[15991],,,I3|BODY|NO_DIVERGENCE|HIGH,170143,958,0.005630557824888476,177.60229645093946
f26f6073773070ae26ad6253d81f437a224f7a9991e6ca6a8827ff574c647a5a:H_bag,f26f6073773070ae26ad6253d81f437a224f7a9991e6ca6a8827ff574c647a5a,I4,5fe1c4c3818648e512a4f9a34211af282850afe14b5c4fbee6db758a15ef1a6b,1915443,H_bag,ACTION_CHANGED_HORIZON_COMPLETE,true,,true,true,true,HARMFUL,0.5875500000038301,[16006],,,I4|BODY|NO_DIVERGENCE|LOW,3155,7,0.0022187004754358162,450.7142857142857
ef890c3f76067b60cd011b710c3d3f9888c5090d17453adb2b6b6c1c72be39a1:H_system,ef890c3f76067b60cd011b710c3d3f9888c5090d17453adb2b6b6c1c72be39a1,I3,e1de46d770c50be8b53fe3ba35342841c08397726d25138f48571e0dc22c790c,1919147,H_system,ACTION_CHANGED_HORIZON_COMPLETE,true,,true,true,true,HARMFUL,0.003075476458036519,[16035],"[14254,14262,14274,14278,14297,14299,14311,14438,14441,14449,14451,14453,14455,14458,14460,14538,14554,14560,14562,14568,14570,14578,14580,14583,14590,14664,14670,14814,14863,14915,14933,14950,14963,14965,14967,14971,14973,14975,14977,16035]","[14254,14262,14274,14278,14297,14299,14311,14438,14441,14449,14451,14453,14455,14458,14460,14538,14554,14560,14562,14568,14570,14578,14580,14583,14590,14664,14670,14814,14863,14915,14933,14950,14963,14965,14967,14971,14973,14975,14977]",I3|BODY|NO_DIVERGENCE|HIGH,170143,958,0.005630557824888476,177.60229645093946
be170f63cfc3c0cdf7638c3d2090a33f7ed55422f77e501470ec632d8724b052:H_system,be170f63cfc3c0cdf7638c3d2090a33f7ed55422f77e501470ec632d8724b052,I4,454eccd6ff4d2dd12b997f7c2e5ae1624ab488760e52783700c551e348835f9e,1921541,H_system,ACTION_CHANGED_HORIZON_COMPLETE,true,,true,true,true,NEUTRAL_WITHIN_TOLERANCE,0.0,[13452],[13452],[],I4|BODY|NO_DIVERGENCE|HIGH,471856,945,0.0020027296463327794,499.31851851851854
50895ff4639617271cdaf4afb3642d12b14ce275a8da65a1fdb7bc47806d01f9:H_bag,50895ff4639617271cdaf4afb3642d12b14ce275a8da65a1fdb7bc47806d01f9,I4,4cfe33f09bb6060706035492e1f9080f4e822afa3b25feb9f40f575d571050d0,1922022,H_bag,ACTION_CHANGED_HORIZON_COMPLETE,true,,true,true,true,HARMFUL,0.5999999999985448,[12716],,,I4|BODY|NO_DIVERGENCE|HIGH,471856,945,0.0020027296463327794,499.31851851851854
68432842efd3e3dd0ed8a8e1c2831ae21f21b7e851395a71b0e95a4c0c695c41:H_bag,68432842efd3e3dd0ed8a8e1c2831ae21f21b7e851395a71b0e95a4c0c695c41,I3,62cb6726fffcf8dab2afe3f255b3a7443767729868ac5d6583026165f1a08fee,1923550,H_bag,ACTION_CHANGED_HORIZON_COMPLETE,true,,true,true,true,HARMFUL,24.299999999995634,[14297],,,I3|BODY|NO_DIVERGENCE|HIGH,170143,958,0.005630557824888476,177.60229645093946
375c7456ae5a51fe012c076f099375266532b9820be92dda27200d35f17f171c:H_bag,375c7456ae5a51fe012c076f099375266532b9820be92dda27200d35f17f171c,I4,34ee4923cb536ac09c2efcd9c35ef47b103fd25c1fea7c0b68d4069c112ab492,1925067,H_bag,ACTION_CHANGED_HORIZON_COMPLETE,true,,true,true,true,HARMFUL,1.0,[13905],,,I4|BODY|NO_DIVERGENCE|HIGH,471856,945,0.0020027296463327794,499.31851851851854
0cba54ef0f837cbf6fc06f8ec0d28dc300411d9374157883aba63709449ed392:H_system,0cba54ef0f837cbf6fc06f8ec0d28dc300411d9374157883aba63709449ed392,I3,d17c3a9cbaa7e188fb5ab5401f42380c6571922cc77540b65f80236a3dc3d163,1925654,H_system,ACTION_CHANGED_HORIZON_COMPLETE,true,,true,true,true,HARMFUL,0.00037956103938086017,[14814],"[14814,14863,14915,14933,14950,14963,14965,14967,14971,14973,14975,14977]","[14863,14915,14933,14950,14963,14965,14967,14971,14973,14975,14977]",I3|BODY|NO_DIVERGENCE|HIGH,170143,958,0.005630557824888476,177.60229645093946
3d6de3d830d794db9ba16687833b71d85921af17b1fc76ea6c0ba0bdd9a66abc:H_bag,3d6de3d830d794db9ba16687833b71d85921af17b1fc76ea6c0ba0bdd9a66abc,I3,7ff8aa76a30a29499cb72e4195144b66a58791ac478b2e4bc2a99aa6c96872b4,1926283,H_bag,ACTION_CHANGED_HORIZON_COMPLETE,true,,true,true,true,HARMFUL,24.299999999995634,[14971],,,I3|BODY|NO_DIVERGENCE|HIGH,170143,958,0.005630557824888476,177.60229645093946
26c8142c1beaaf7fea5d3446db83aa6b2a7fdc605ac12749e828ebfd59dcd730:H_system,26c8142c1beaaf7fea5d3446db83aa6b2a7fdc605ac12749e828ebfd59dcd730,I3,53914cd29d7704b578374eba166b2b4058e9c73536a7cd06a1d859b0b68a44a4,1939886,H_system,ACTION_CHANGED_HORIZON_COMPLETE,true,,true,true,true,HARMFUL,0.0018231766162841723,[16202],"[16202,16283]",[16283],I3|BODY|NO_DIVERGENCE|HIGH,170143,958,0.005630557824888476,177.60229645093946
f5bfe8db447bfcdd22f493ba14c8acd2b05ab9e3340a7645be1d0f73ab22c837:H_bag,f5bfe8db447bfcdd22f493ba14c8acd2b05ab9e3340a7645be1d0f73ab22c837,I4,401c0d53c21fe6d3158c92be3de26857cabe61f781e8d2a9af43bb2ee2cff196,1942809,H_bag,ACTION_CHANGED_HORIZON_COMPLETE,true,,true,true,true,HARMFUL,1.0,[16289],,,I4|BODY|NO_DIVERGENCE|HIGH,471856,945,0.0020027296463327794,499.31851851851854
db5038837fcfabf69c30ae62d7a504e3705c1f43a5ad9cc6d78ae6b81d7695e0:H_bag,db5038837fcfabf69c30ae62d7a504e3705c1f43a5ad9cc6d78ae6b81d7695e0,I4,e763f440cb0dbc762b088430ae950b3e070239acac49609e32484e96e01b5bc9,1946501,H_bag,ACTION_CHANGED_HORIZON_COMPLETE,true,,true,true,true,HARMFUL,1.0,[16300],,,I4|BODY|NO_DIVERGENCE|HIGH,471856,945,0.0020027296463327794,499.31851851851854
b4028da306059d6d11edb7724d8e93355a8027cd5bb9fd34df0ef2ed9e098684:H_system,b4028da306059d6d11edb7724d8e93355a8027cd5bb9fd34df0ef2ed9e098684,I3,1ec52ec59e70f0f3f4015ea6f0af879ff570b0ec7ce2037c11ec7483d4d5b326,1948918,H_system,ACTION_CHANGED_HORIZON_COMPLETE,true,,true,true,true,HARMFUL,0.0018026282594973964,[16333],[16333],[],I3|BODY|NO_DIVERGENCE|HIGH,170143,958,0.005630557824888476,177.60229645093946
1e0f13373e31242766ecade49fb07d2eb087caf00a36c2a5a6f895fa7f1375fe:H_system,1e0f13373e31242766ecade49fb07d2eb087caf00a36c2a5a6f895fa7f1375fe,I4,5b32c4167d07d8a10bfde0bf1fb1b911f3d09af04603637136c99a9e52c37843,1949028,H_system,ACTION_CHANGED_HORIZON_COMPLETE,true,,true,true,true,HARMFUL,2.2934201780344665e-05,[16339],[16339],[],I4|BODY|NO_DIVERGENCE|HIGH,471856,945,0.0020027296463327794,499.31851851851854
07dc83e045c181d0db5d52180ce09d6428acb2e66a5cd964f825a2d1ceb44ac8:H_bag,07dc83e045c181d0db5d52180ce09d6428acb2e66a5cd964f825a2d1ceb44ac8,I4,8163a04c3059781e6b8b1a63ed298dc9f87d6cfeb8cd378ec01443afff02fb88,1952605,H_bag,ACTION_CHANGED_HORIZON_COMPLETE,true,,true,true,true,HARMFUL,0.31942000000708504,[16383],,,I4|BODY|NO_DIVERGENCE|HIGH,471856,945,0.0020027296463327794,499.31851851851854
ab33f22749b7e8f27870e9f8050a12677efb0e9716dd5f8faab4beab92d24ffc:H_bag,ab33f22749b7e8f27870e9f8050a12677efb0e9716dd5f8faab4beab92d24ffc,I4,cac75216fa2f28a8fede8ff7d14abfdfc6404cfb26e949473dfb6c1aaf4c9cd6,1953654,H_bag,ACTION_CHANGED_HORIZON_COMPLETE,true,,true,true,true,HARMFUL,0.000999999996565748,[16404],,,I4|BODY|NO_DIVERGENCE|HIGH,471856,945,0.0020027296463327794,499.31851851851854
75024940ec2193bed051cc968fb8d7bbb6cf0af3615c8f55aa3d4ec52755e2c1:H_bag,75024940ec2193bed051cc968fb8d7bbb6cf0af3615c8f55aa3d4ec52755e2c1,I3,ac15130acf0ebd1c7d50ec8e2dc08613b83f7197afa0488aa2756e0638d32053,1957645,H_bag,ACTION_CHANGED_HORIZON_COMPLETE,true,,true,true,true,HARMFUL,24.35000000000582,[16456],,,I3|BODY|NO_DIVERGENCE|HIGH,170143,958,0.005630557824888476,177.60229645093946
58008dec380f6bd3ab86a8747ca827a7275aee5add4d407100e06f4e67c52c4a:H_bag,58008dec380f6bd3ab86a8747ca827a7275aee5add4d407100e06f4e67c52c4a,I3,1cb542d2983c4ce2057bb2d91e2b40a6721007f56adb99a8f94a1aeb9ee01127,1959168,H_bag,ACTION_CHANGED_HORIZON_COMPLETE,true,,true,true,true,HARMFUL,21.549999999995634,[13104],,,I3|BODY|NO_DIVERGENCE|HIGH,170143,958,0.005630557824888476,177.60229645093946
736804fe8491716396d5bd9d9e897a5b9177baad74cded73471b0ed1f30f8db0:H_bag,736804fe8491716396d5bd9d9e897a5b9177baad74cded73471b0ed1f30f8db0,I4,c42e9b0c72c86fef528af06da6e75ab04d84ef63a04e4f544fe833293373deb6,1959235,H_bag,ACTION_CHANGED_HORIZON_COMPLETE,true,,true,true,true,HARMFUL,1.0,[16441],,,I4|BODY|NO_DIVERGENCE|HIGH,471856,945,0.0020027296463327794,499.31851851851854
79fc7e7602f85c30431435de98c01d987ee905c580d604b6ed99704dc738c09b:H_bag,79fc7e7602f85c30431435de98c01d987ee905c580d604b6ed99704dc738c09b,I3,a5ee3a7d8abd8111e8d80d992c0b1a8b71abb2212c2ebd81eda3fe306812c4cb,1961693,H_bag,ACTION_CHANGED_HORIZON_COMPLETE,true,,true,true,true,HARMFUL,24.799999999995634,[14894],,,I3|BODY|NO_DIVERGENCE|HIGH,170143,958,0.005630557824888476,177.60229645093946
3dc3a4a7036ca7740f3626dc800d02d6ade82ec2c798104fcfc6954cfa6cb2a4:H_bag,3dc3a4a7036ca7740f3626dc800d02d6ade82ec2c798104fcfc6954cfa6cb2a4,I4,12f7435d288a70bad8b6096acf846ec3d59e21541f29f628a1a41edba3194b81,1962005,H_bag,ACTION_CHANGED_HORIZON_COMPLETE,true,,true,true,true,HARMFUL,0.4000000000014552,[14881],,,I4|BODY|NO_DIVERGENCE|HIGH,471856,945,0.0020027296463327794,499.31851851851854
3408cd6bc86ea91853af0b6b43968b61942d4da527acfd697e62db861dc135d1:H_bag,3408cd6bc86ea91853af0b6b43968b61942d4da527acfd697e62db861dc135d1,I3,88e2c0a38b7203922d7ace0fefb749d4f5daf845eb2108a3fb8183f3498383df,1963241,H_bag,ACTION_CHANGED_HORIZON_COMPLETE,true,,true,true,true,HARMFUL,75.59999999999127,[14800],,,I3|BODY|NO_DIVERGENCE|HIGH,170143,958,0.005630557824888476,177.60229645093946
b83236d383c5fb0e28ad4b68526794d561711bcde9900b4358b301ce6337feba:H_bag,b83236d383c5fb0e28ad4b68526794d561711bcde9900b4358b301ce6337feba,I3,cb0e863c74a2b20a9aa27b3b4619908f9b9a8c6a1a28f0433b9ae51558bf7f59,1966583,H_bag,ACTION_CHANGED_HORIZON_COMPLETE,true,,true,true,true,HARMFUL,13.481870000003255,[16531],,,I3|BODY|DIVERGENCE|HIGH,10032,56,0.005582137161084529,179.14285714285714
0a5aa6232062178c27e1252cf7ddc74dc62af67eff640785151f2e9af9b1650f:H_bag,0a5aa6232062178c27e1252cf7ddc74dc62af67eff640785151f2e9af9b1650f,I4,9692371c30f3bdacef71ed1f259708c63a35c5a1e1dc85b8ddf774828936db9c,1967161,H_bag,ACTION_CHANGED_HORIZON_COMPLETE,true,,true,true,true,NEUTRAL_WITHIN_TOLERANCE,0.0,[16497],,,I4|BODY|NO_DIVERGENCE|HIGH,471856,945,0.0020027296463327794,499.31851851851854
cc896bdee484eeda937ebe5e761c1a8c2a1dfd4d3d205e48286d0b50961b1fb4:H_bag,cc896bdee484eeda937ebe5e761c1a8c2a1dfd4d3d205e48286d0b50961b1fb4,I3,e3dc70a426e2df08d103cf6002a81b78b45f6a12e3fed86bb859a81b488d1029,1968522,H_bag,ACTION_CHANGED_HORIZON_COMPLETE,true,,true,true,true,HARMFUL,6.80000000000291,[16537],,,I3|BODY|DIVERGENCE|HIGH,10032,56,0.005582137161084529,179.14285714285714
d7bede8c7e3e019369f8dab6bbd2aee16042f7666cd468289b716bfefbe93d60:H_bag,d7bede8c7e3e019369f8dab6bbd2aee16042f7666cd468289b716bfefbe93d60,I3,a3dd492c1c634e3f6bd7ca067e57341e7b8d27359c266f161bb7124d86bf5ecc,1970521,H_bag,ACTION_CHANGED_HORIZON_COMPLETE,true,,true,true,true,HARMFUL,87.04999999998836,[16515],,,I3|BODY|NO_DIVERGENCE|HIGH,170143,958,0.005630557824888476,177.60229645093946
97082a39fab21d9702bf457584f975a2e67b86c2cb5d61327921cd253c69b6b8:H_bag,97082a39fab21d9702bf457584f975a2e67b86c2cb5d61327921cd253c69b6b8,I4,cea2981a42d43437cf9b8b690077b3280a978fc9da5377b88c2acd2df87cd0d4,1974984,H_bag,ACTION_CHANGED_HORIZON_COMPLETE,true,,true,true,true,BENEFICIAL,-3.099999999998545,[16616],,,I4|BODY|NO_DIVERGENCE|HIGH,471856,945,0.0020027296463327794,499.31851851851854
8340ca2a040238e56123c160828850fab248810d691c53fd5074149d51ff2feb:H_bag,8340ca2a040238e56123c160828850fab248810d691c53fd5074149d51ff2feb,I4,45f01d0687c33820f533946e7248e80a0c710397597702051f22d9e55842723c,1979416,H_bag,ACTION_CHANGED_HORIZON_COMPLETE,true,,true,true,true,HARMFUL,1.0,[16612],,,I4|BODY|DIVERGENCE|HIGH,30514,61,0.0019990823884118766,500.2295081967213
e36f21b885d19d90e8afd0d5b2d5e9305c1cf9d18b94ac68496d9d4ad619da64:H_bag,e36f21b885d19d90e8afd0d5b2d5e9305c1cf9d18b94ac68496d9d4ad619da64,I4,3279d85138517d9295c8b95525653950034fdd532d6afa12e4b3964668428d39,1983449,H_bag,ACTION_CHANGED_HORIZON_COMPLETE,true,,true,true,true,NEUTRAL_WITHIN_TOLERANCE,0.0,[16672],,,I4|BODY|NO_DIVERGENCE|HIGH,471856,945,0.0020027296463327794,499.31851851851854
9b4be181f4ea5e7229c348b2928ec1fe04188000adffbc436fad086875d1375f:H_system,9b4be181f4ea5e7229c348b2928ec1fe04188000adffbc436fad086875d1375f,I3,46e22faef546847ab8b4db5fc908503bfef460017e38f6436ce8bd1f9c4dc75a,1984633,H_system,ACTION_CHANGED_HORIZON_COMPLETE,true,,true,true,true,HARMFUL,0.0011788179712084457,[16666],[16666],[],I3|BODY|NO_DIVERGENCE|HIGH,170143,958,0.005630557824888476,177.60229645093946
4ce8c7efe3205cd995a38a770068122211ffaa8b5b1b7ce3efa410b0b4d5b9b4:H_bag,4ce8c7efe3205cd995a38a770068122211ffaa8b5b1b7ce3efa410b0b4d5b9b4,I4,ced994c15783b20ff661e48a23a913c0f1328c4bd3c0f588bac0d468bf5509d7,1986685,H_bag,ACTION_CHANGED_HORIZON_COMPLETE,true,,true,true,true,HARMFUL,1.0,[16715],,,I4|BODY|DIVERGENCE|HIGH,30514,61,0.0019990823884118766,500.2295081967213
5c8a8713b2f936db85881f7bd88361f8c90f32486de5da3ecd4600176ceb8830:H_bag,5c8a8713b2f936db85881f7bd88361f8c90f32486de5da3ecd4600176ceb8830,I4,b8d901c84f569fa9026f5cc72bd182ec7a4a28775733adc9f24ba36b4510540d,1990699,H_bag,ACTION_CHANGED_HORIZON_COMPLETE,true,,true,true,true,HARMFUL,0.46044999999867287,[16768],,,I4|BODY|NO_DIVERGENCE|HIGH,471856,945,0.0020027296463327794,499.31851851851854
8a6daad54aa9cc8a4a05efc635bf729b8af23146a385dfdf7f1ac9ffa8a1415b:H_bag,8a6daad54aa9cc8a4a05efc635bf729b8af23146a385dfdf7f1ac9ffa8a1415b,I4,2067b436637d865fd58874860a22b0eaf30198d92588be68b84468b80712be12,1998677,H_bag,ACTION_CHANGED_HORIZON_COMPLETE,true,,true,true,true,HARMFUL,0.25,[16862],,,I4|BODY|NO_DIVERGENCE|HIGH,471856,945,0.0020027296463327794,499.31851851851854
26f46587021e199e1dd03c0e700f421756b8433f1646afb4b86ddf1d5025b875:H_bag,26f46587021e199e1dd03c0e700f421756b8433f1646afb4b86ddf1d5025b875,I3,bc146f06d77c6392723257a9b92d67d966a765b1fec4dc23f10bb26ac94ea156,2001380,H_bag,ACTION_CHANGED_HORIZON_COMPLETE,true,,true,true,true,HARMFUL,23.799999999995634,[15220],,,I3|BODY|NO_DIVERGENCE|HIGH,170143,958,0.005630557824888476,177.60229645093946
a7dec5e9ea08ec6bead1f5df0c5a4ca01da56bee6d85f45e3d4932d18c5b4aa3:H_bag,a7dec5e9ea08ec6bead1f5df0c5a4ca01da56bee6d85f45e3d4932d18c5b4aa3,I3,11e920b1788c0898ec82e2b77e02399f12e8a84a0a175925019bc78075c9600b,2005259,H_bag,ACTION_CHANGED_HORIZON_COMPLETE,true,,true,true,true,HARMFUL,113.98180999999022,[16883],,,I3|BODY|NO_DIVERGENCE|HIGH,170143,958,0.005630557824888476,177.60229645093946
c84a54e093b1312a5c1ed54b982ff25eac941fded39065e8ae18084e09098028:H_bag,c84a54e093b1312a5c1ed54b982ff25eac941fded39065e8ae18084e09098028,I4,19a74b046ffbc713603ed5c2fd0c71f4d64dfd2276511d150d172001b3e9c5d8,2005625,H_bag,ACTION_CHANGED_HORIZON_COMPLETE,true,,true,true,true,HARMFUL,1.0,[16896],,,I4|BODY|NO_DIVERGENCE|HIGH,471856,945,0.0020027296463327794,499.31851851851854
8cd4abdb84d6d43e670858d0521729f197d3102e7a9e441265dadf2e7d09ca88:H_bag,8cd4abdb84d6d43e670858d0521729f197d3102e7a9e441265dadf2e7d09ca88,I4,06a7cdc1521572438372c0d4bf85e0b2665fe4ee6ad77cd36bb78a373a6b771b,2014172,H_bag,ACTION_CHANGED_HORIZON_COMPLETE,true,,true,true,true,HARMFUL,0.25,[16988],,,I4|BODY|DIVERGENCE|HIGH,30514,61,0.0019990823884118766,500.2295081967213
5e1268cb979eff9896c8f453c93647c6342e8d146b1039f3a01fe5eb7be3fc4d:H_bag,5e1268cb979eff9896c8f453c93647c6342e8d146b1039f3a01fe5eb7be3fc4d,I3,866a60d0fb63d2c55f675730d1c19e85537c79c3c7d96473c2838a2e653c264d,2017098,H_bag,ACTION_CHANGED_HORIZON_COMPLETE,true,,true,true,true,HARMFUL,33.0,[17028],,,I3|BODY|NO_DIVERGENCE|HIGH,170143,958,0.005630557824888476,177.60229645093946
1dffebb5b5ec2fda8a8dcda590c0d07b134bc6327e8fa432a56b14f1d482d5ae:H_bag,1dffebb5b5ec2fda8a8dcda590c0d07b134bc6327e8fa432a56b14f1d482d5ae,I4,31de41de5b78bfd9c9774743d71c6857ca1abb3f0a53c81ecd8b572c123619e9,2019140,H_bag,ACTION_CHANGED_HORIZON_COMPLETE,true,,true,true,true,NEUTRAL_WITHIN_TOLERANCE,0.0,[17030],,,I4|BODY|NO_DIVERGENCE|HIGH,471856,945,0.0020027296463327794,499.31851851851854
023a786498525defa576b242c6d9b333bd0b63d95473e3637fd262c467a1f38f:H_bag,023a786498525defa576b242c6d9b333bd0b63d95473e3637fd262c467a1f38f,I3,2df5d9d51af40f68cefba6dbf293e7ca13affb48fc31ae6b9b58cb49a2dfbdc3,2028781,H_bag,ACTION_CHANGED_HORIZON_COMPLETE,true,,true,true,true,HARMFUL,24.549999999995634,[15004],,,I3|BODY|NO_DIVERGENCE|HIGH,170143,958,0.005630557824888476,177.60229645093946
5bb46da473c07ee2064106a320a7c7fbe17829b6b75aa18081e6600eca669946:H_system,5bb46da473c07ee2064106a320a7c7fbe17829b6b75aa18081e6600eca669946,I4,7be3ca8e5d3509c4ddfe4f50858768891d310816027ae8077c2ec6b2eab00e6a,2030029,H_system,ACTION_CHANGED_HORIZON_COMPLETE,true,,true,true,true,HARMFUL,1.3490126804072133e-05,[17136],[17136],[],I4|BODY|NO_DIVERGENCE|HIGH,471856,945,0.0020027296463327794,499.31851851851854
99dc8903d21ac0631744062d483ce694f9f47cbb00e656cc69ff051c1239450c:H_system,99dc8903d21ac0631744062d483ce694f9f47cbb00e656cc69ff051c1239450c,I4,1916b3ca1cfbc4c35b4f7e4a2cd2e16aca62becf52939b1dd895648435459a0f,2043120,H_system,ACTION_CHANGED_HORIZON_COMPLETE,true,,true,true,true,NEUTRAL_WITHIN_TOLERANCE,0.0,[13773],[13773],[],I4|BODY|NO_DIVERGENCE|HIGH,471856,945,0.0020027296463327794,499.31851851851854
5bd22cdb9d56ca748f0a0ffbf1fe6e27c6c9f3e3bb732e4dd2b366fa83a6c849:H_bag,5bd22cdb9d56ca748f0a0ffbf1fe6e27c6c9f3e3bb732e4dd2b366fa83a6c849,I3,37bd23675fceabef6a0b5ee1aee0fdd43d23d7280e2c158d7e7a0d8484b12a3a,2043580,H_bag,ACTION_CHANGED_HORIZON_COMPLETE,true,,true,true,true,HARMFUL,22.549999999995634,[13997],,,I3|BODY|NO_DIVERGENCE|HIGH,170143,958,0.005630557824888476,177.60229645093946
c841c39eb85af8eb7682b6b8925edce4a808a9f3f452de74317ed097e66cfc8a:H_bag,c841c39eb85af8eb7682b6b8925edce4a808a9f3f452de74317ed097e66cfc8a,I4,74528b203b3f3511708a5ff4045fabcafcc3ddc81fa83b61f1583957b46bca3c,2043769,H_bag,ACTION_CHANGED_HORIZON_COMPLETE,true,,true,true,true,HARMFUL,1.0,[11670],,,I4|BODY|NO_DIVERGENCE|HIGH,471856,945,0.0020027296463327794,499.31851851851854
851d173d42be1534928975ddccc24f711d178fd915e53a709af80f44efe42a5f:H_system,851d173d42be1534928975ddccc24f711d178fd915e53a709af80f44efe42a5f,I3,c0c352b924948b8dc65acf17221493f08e568645852fe901f541982686616797,2046147,H_system,ACTION_CHANGED_HORIZON_COMPLETE,true,,true,true,true,HARMFUL,0.0006100497672321126,[14919],"[14919,14969,15006,15223,15235,15242,15245,15263,15282,15307,15313,15319,15326,15330,15351,15354,15356,15361,15399,15401,15405,15411,15415,15417,15419,15421,15431,15435,15447,15449,15457,15461,15467,15475,15526,15540,15550,15560,15567,15573,15581,15585,15587,15593,15600,15602,15633,15641,15643,15645,15648,15739,15745,15747,15793,15840,15861,15881,15896,15904,15910,15915,15920,15925,15927,15931,15933,15935,15938,15941,15945,15947,15949,15951,15955,15957,15959,17287,17288]","[14969,15006,15223,15235,15242,15245,15263,15282,15307,15313,15319,15326,15330,15351,15354,15356,15361,15399,15401,15405,15411,15415,15417,15419,15421,15431,15435,15447,15449,15457,15461,15467,15475,15526,15540,15550,15560,15567,15573,15581,15585,15587,15593,15600,15602,15633,15641,15643,15645,15648,15739,15745,15747,15793,15840,15861,15881,15896,15904,15910,15915,15920,15925,15927,15931,15933,15935,15938,15941,15945,15947,15949,15951,15955,15957,15959,17287,17288]",I3|BODY|NO_DIVERGENCE|HIGH,170143,958,0.005630557824888476,177.60229645093946
f9d806a62021b13e3c10a33d1c3494f5c7f7571db43cc6401e6466196d610a9b:H_bag,f9d806a62021b13e3c10a33d1c3494f5c7f7571db43cc6401e6466196d610a9b,I3,639b736d48f94679c94f0722f66e310058ccbc63f36cf53f48eb1b7b3206d46d,2047082,H_bag,ACTION_CHANGED_HORIZON_COMPLETE,true,,true,true,true,HARMFUL,30.150000000001455,[14870],,,I3|BODY|NO_DIVERGENCE|HIGH,170143,958,0.005630557824888476,177.60229645093946
b23734803f5af72a881e2c5be0cee634eb42acbdef076d144ee529ed7e95063c:H_bag,b23734803f5af72a881e2c5be0cee634eb42acbdef076d144ee529ed7e95063c,I3,81de8fc8d1498eb1fe6556a224bf369665822f112dfa4481878867b88b68f1d8,2051356,H_bag,ACTION_CHANGED_HORIZON_COMPLETE,true,,true,true,true,HARMFUL,24.049999999995634,[15633],,,I3|BODY|NO_DIVERGENCE|HIGH,170143,958,0.005630557824888476,177.60229645093946
36feaf05c4d0bced73ae9a8b6baeac9e966d0668eacf334b79f8e44d4c5cccd4:H_system,36feaf05c4d0bced73ae9a8b6baeac9e966d0668eacf334b79f8e44d4c5cccd4,I3,924816296ed5433a8a7ca6883989988e28889b49d2b77affeeeb68fcf0d8aa00,2051622,H_system,ACTION_CHANGED_HORIZON_COMPLETE,true,,true,true,true,HARMFUL,0.0017452927550607455,[15415],[15415],[],I3|BODY|NO_DIVERGENCE|HIGH,170143,958,0.005630557824888476,177.60229645093946
880b68bdbf0c3f553a5776114022ec14290e39e2a89819fd9fcd2af34d940f9a:H_bag,880b68bdbf0c3f553a5776114022ec14290e39e2a89819fd9fcd2af34d940f9a,I3,d91f4b674be52a4591e513add258424eb7bd5ecc0b74a262e0c9cf5c751d2d08,2052990,H_bag,ACTION_CHANGED_HORIZON_COMPLETE,true,,true,true,true,HARMFUL,75.59999999999127,[15550],,,I3|BODY|NO_DIVERGENCE|HIGH,170143,958,0.005630557824888476,177.60229645093946
6db611d4fcb6321d922d57e8d9a789ea235dc126f38f7a3a35c7a1bffa73539a:H_bag,6db611d4fcb6321d922d57e8d9a789ea235dc126f38f7a3a35c7a1bffa73539a,I3,3963f245d79cc8ffcb0bd4ebbd5a0991caece7b9168b07a61f13eb971377cb0a,2053615,H_bag,ACTION_CHANGED_HORIZON_COMPLETE,true,,true,true,true,HARMFUL,24.049999999995634,[15938],,,I3|BODY|NO_DIVERGENCE|HIGH,170143,958,0.005630557824888476,177.60229645093946
180f14b03fd69d0f30495bbe80c994d910066b18710e96a8f48931a6dffac3dd:H_bag,180f14b03fd69d0f30495bbe80c994d910066b18710e96a8f48931a6dffac3dd,I4,5f95f9b8da1abcdd1547904efad6f5b4b7a3c70034fa436557eb38507257910f,2054750,H_bag,ACTION_CHANGED_HORIZON_COMPLETE,true,,true,true,true,NEUTRAL_WITHIN_TOLERANCE,0.0,[15959],,,I4|BODY|NO_DIVERGENCE|HIGH,471856,945,0.0020027296463327794,499.31851851851854
f83c9ca419f545ed69cdbdc5d8438dd7af06b2d7a78718d49f2e6ef0e75fb48f:H_system,f83c9ca419f545ed69cdbdc5d8438dd7af06b2d7a78718d49f2e6ef0e75fb48f,I3,979e9688c61a585ec951ddfe5d2ba734262f0a12b0f9ffc21b7233a813f8c9f3,2060661,H_system,ACTION_CHANGED_HORIZON_COMPLETE,true,,true,true,true,HARMFUL,0.004304788890635791,[17339],"[15855,15858,17311,17321,17326,17339,17352,17363,17368,17373,17378,17381,17392,17394,17397,17400,17405,17416,17429,17433,17445,17451,17455,17457,17462,17468,17474,17480,17491,17493,17498,17507,17513,17515,17525,17532,17564,17574,17576,17578,17579,17581]","[15855,15858,17311,17321,17326,17352,17363,17368,17373,17378,17381,17392,17394,17397,17400,17405,17416,17429,17433,17445,17451,17455,17457,17462,17468,17474,17480,17491,17493,17498,17507,17513,17515,17525,17532,17564,17574,17576,17578,17579,17581]",I3|BODY|NO_DIVERGENCE|HIGH,170143,958,0.005630557824888476,177.60229645093946
a2c200f9efa677c0f02b8503523e51b1f73485eb2606944089c5af5ac6e6965c:H_bag,a2c200f9efa677c0f02b8503523e51b1f73485eb2606944089c5af5ac6e6965c,I3,32448757a6b30dd2d01ca7861da1abf4d6fc6a3d2d3514631ef755f0656afd5c,2062220,H_bag,ACTION_CHANGED_HORIZON_COMPLETE,true,,true,true,true,HARMFUL,78.76756999999634,[17351],,,I3|BODY|NO_DIVERGENCE|HIGH,170143,958,0.005630557824888476,177.60229645093946
276628aadda01ba4c21fc49490c94af7b1326608373a53d86de741f937a7e283:H_bag,276628aadda01ba4c21fc49490c94af7b1326608373a53d86de741f937a7e283,I4,47330799d1ed0b73aa8cc5cf6fa28119b86904faedd35ba034eda24a0be53b12,2069144,H_bag,ACTION_CHANGED_HORIZON_COMPLETE,true,,true,true,true,HARMFUL,0.9277300000030664,[17478],,,I4|BODY|NO_DIVERGENCE|HIGH,471856,945,0.0020027296463327794,499.31851851851854
f8e3f22012ddcf357ec5eb2069cc7023c387ae3d4a7bf522e463b6e5ada7323d:H_bag,f8e3f22012ddcf357ec5eb2069cc7023c387ae3d4a7bf522e463b6e5ada7323d,I4,65d30b2ca34dafa7289e6f7e891f2d8cb4bf1d06f0c290568ad7f9ca23dabcc9,2070019,H_bag,ACTION_CHANGED_HORIZON_COMPLETE,true,,true,true,true,NEUTRAL_WITHIN_TOLERANCE,0.0,[17449],,,I4|BODY|NO_DIVERGENCE|HIGH,471856,945,0.0020027296463327794,499.31851851851854
3b5cf15c9ab75d25a56cbd97a9d9ecd4e4958b1b3d2e2abe67757db82d4854da:H_system,3b5cf15c9ab75d25a56cbd97a9d9ecd4e4958b1b3d2e2abe67757db82d4854da,I4,cee0f5e15199c32af1747fe5d6cc3dcef61a00b29c8b8ab98ab874b995d42a58,2071795,H_system,ACTION_CHANGED_HORIZON_COMPLETE,true,,true,true,true,HARMFUL,8.8242781430381e-05,[17482],"[17462,17472,17482,17488,17489]","[17462,17472,17488,17489]",I4|BODY|NO_DIVERGENCE|HIGH,471856,945,0.0020027296463327794,499.31851851851854
fc2f52de59db36837b8a6c60800552ad94ed1d852a9040528f47affe59a29204:H_bag,fc2f52de59db36837b8a6c60800552ad94ed1d852a9040528f47affe59a29204,I4,8b86157cf9aab6da4cdd611ee397929eacd2b948279ca960c10b7198262c1167,2072163,H_bag,ACTION_CHANGED_HORIZON_COMPLETE,true,,true,true,true,NEUTRAL_WITHIN_TOLERANCE,0.0,[17517],,,I4|BODY|NO_DIVERGENCE|HIGH,471856,945,0.0020027296463327794,499.31851851851854
882f96dc497a09705cc166035de37ecbcf34a5267b6aec5a820c18b30be7f604:H_bag,882f96dc497a09705cc166035de37ecbcf34a5267b6aec5a820c18b30be7f604,I4,c21ce4e2f7eb4ca888276636b1869b5ab04a9f308dca6bf3b62c320252986538,2073754,H_bag,ACTION_CHANGED_HORIZON_COMPLETE,true,,true,true,true,HARMFUL,1.0,[17523],,,I4|BODY|NO_DIVERGENCE|HIGH,471856,945,0.0020027296463327794,499.31851851851854
6d609a22759f8147e755df21de297f351c8b8121888d683c0d93005dd53b4063:H_bag,6d609a22759f8147e755df21de297f351c8b8121888d683c0d93005dd53b4063,I3,674f3a727554bb9b1a6af55b322899f81a94e645a8b866b788f1a4f5292b711d,2074307,H_bag,ACTION_CHANGED_HORIZON_COMPLETE,true,,true,true,true,HARMFUL,19.000000000014552,[17532],,,I3|BODY|DIVERGENCE|HIGH,10032,56,0.005582137161084529,179.14285714285714
d6d3048a7c1d1727e4ecff5ce8d2be214c20879af4ff3c0d85ff34e58f1d62d3:H_bag,d6d3048a7c1d1727e4ecff5ce8d2be214c20879af4ff3c0d85ff34e58f1d62d3,I3,cec19771e1c5a30b8f02a6eb53e686898b708f6ced30506b174ad9507baba2b0,2074985,H_bag,ACTION_CHANGED_HORIZON_COMPLETE,true,,true,true,true,HARMFUL,16.05000000000291,[17520],,,I3|BODY|NO_DIVERGENCE|HIGH,170143,958,0.005630557824888476,177.60229645093946
3c003f1c153d930c49fa25b31520f4c0478be3eedc77d4d76885a71569b00bd6:H_bag,3c003f1c153d930c49fa25b31520f4c0478be3eedc77d4d76885a71569b00bd6,I3,e957ef08370e7f42e579222ae741d6d728a95ff9d78534a2dd469ed34ac6a178,2078448,H_bag,ACTION_CHANGED_HORIZON_COMPLETE,true,,true,true,true,HARMFUL,80.37957999999344,[12087],,,I3|BODY|NO_DIVERGENCE|HIGH,170143,958,0.005630557824888476,177.60229645093946
fe1ff63acdd916769ada9cdbb08c7ef4fc7d09e72fa09a04d968064c0257b10a:H_bag,fe1ff63acdd916769ada9cdbb08c7ef4fc7d09e72fa09a04d968064c0257b10a,I3,4f7bcb365fee7d441a8776429d62b36b702b2112f1ce6d5fe27e27baf05ec199,2083048,H_bag,ACTION_CHANGED_HORIZON_COMPLETE,true,,true,true,true,HARMFUL,24.799999999995634,[15278],,,I3|BODY|NO_DIVERGENCE|HIGH,170143,958,0.005630557824888476,177.60229645093946
fee16cb2e37b02cefb351f8d008108721d95d90d62f38ccc3fe572b6c77bc8bd:H_bag,fee16cb2e37b02cefb351f8d008108721d95d90d62f38ccc3fe572b6c77bc8bd,I3,9213c4c80340430c84d93afc2dc365ef578868a1dc3801a1315b414d44b64d1d,2084714,H_bag,ACTION_CHANGED_HORIZON_COMPLETE,true,,true,true,true,NEUTRAL_WITHIN_TOLERANCE,0.0,[15409],,,I3|BODY|NO_DIVERGENCE|HIGH,170143,958,0.005630557824888476,177.60229645093946
eb2a9f05ea25df561686f3d635f907a18cb0beca552e5e73ef6d499c8bae9671:H_bag,eb2a9f05ea25df561686f3d635f907a18cb0beca552e5e73ef6d499c8bae9671,I4,12d2f3b0604ca332d862c09a900c822dd2d1de96b2b67b65ff3eba2478372b7b,2087174,H_bag,ACTION_CHANGED_HORIZON_COMPLETE,true,,true,true,true,HARMFUL,1.0,[17534],,,I4|BODY|NO_DIVERGENCE|HIGH,471856,945,0.0020027296463327794,499.31851851851854
2913c487ac3971ecaf5bd87debedd2055731cc1bec9eeea63b0779d1bfb0e9b8:H_bag,2913c487ac3971ecaf5bd87debedd2055731cc1bec9eeea63b0779d1bfb0e9b8,I4,bc098e8cfdf9be538a7f93534b8d655165c3ed22a048c55e70836d9cb0b1d790,2087392,H_bag,ACTION_CHANGED_HORIZON_COMPLETE,true,,true,true,true,HARMFUL,0.000999999996565748,[15714],,,I4|BODY|NO_DIVERGENCE|HIGH,471856,945,0.0020027296463327794,499.31851851851854
cc042023fba574dab39f9b214df875b9caaacee7abc19e11b8dc792e92fc9f5b:H_bag,cc042023fba574dab39f9b214df875b9caaacee7abc19e11b8dc792e92fc9f5b,I4,1d8b5d0bc4889af41e8bbe2b4a50c4d50b898208e05dba04cdbf5714c18c9636,2089014,H_bag,ACTION_CHANGED_HORIZON_COMPLETE,true,,true,true,true,NEUTRAL_WITHIN_TOLERANCE,0.0,[17590],,,I4|BODY|NO_DIVERGENCE|HIGH,471856,945,0.0020027296463327794,499.31851851851854
e2a17ff1392c180fcdcafe8adcd48460ba041e9769a8f80c3e6d1969a7f57376:H_bag,e2a17ff1392c180fcdcafe8adcd48460ba041e9769a8f80c3e6d1969a7f57376,I3,5712bdf54869bb425efc292bdf9caea3c4694dbb4f60b45ef31abb27adefbcc8,2090235,H_bag,ACTION_CHANGED_HORIZON_COMPLETE,true,,true,true,true,HARMFUL,6.80000000000291,[17602],,,I3|BODY|NO_DIVERGENCE|HIGH,170143,958,0.005630557824888476,177.60229645093946
8a6ac3a73a0b25bdd225075845da2a55a48dfe559f99e4523285582865981fd0:H_bag,8a6ac3a73a0b25bdd225075845da2a55a48dfe559f99e4523285582865981fd0,I4,12dffd95dcafd190614b712d32ac423cd92d83350705901cb5c04bd3f45d44a9,2093946,H_bag,ACTION_CHANGED_HORIZON_COMPLETE,true,,true,true,true,HARMFUL,1.0,[17623],,,I4|BODY|NO_DIVERGENCE|HIGH,471856,945,0.0020027296463327794,499.31851851851854
64d4d7721cf21ccdb848ab2ece843c2020424146a07a5d90bbdc78071239e60d:H_bag,64d4d7721cf21ccdb848ab2ece843c2020424146a07a5d90bbdc78071239e60d,I4,0b3eba9fbe71a67d9967076334fccec4c89e2ecdbbcf1d2ad0a7c86ef96fbd16,2101627,H_bag,ACTION_CHANGED_HORIZON_COMPLETE,true,,true,true,true,HARMFUL,0.4000000000014552,[16288],,,I4|BODY|NO_DIVERGENCE|HIGH,471856,945,0.0020027296463327794,499.31851851851854
65a40d0f0d27f31973ca3ac50aed862978d071e5835319121989d2f651d89873:H_bag,65a40d0f0d27f31973ca3ac50aed862978d071e5835319121989d2f651d89873,I4,7964372ee7ee92ac905092f6823840c5600fda3095a09a399816b50a2b681f2a,2102384,H_bag,ACTION_CHANGED_HORIZON_COMPLETE,true,,true,true,true,HARMFUL,1.0,[17706],,,I4|BODY|NO_DIVERGENCE|LOW,3155,7,0.0022187004754358162,450.7142857142857
0372f494f2f869117a1ae40bb2e8b9c941f9351d286e8a0b7834441f288434ad:H_bag,0372f494f2f869117a1ae40bb2e8b9c941f9351d286e8a0b7834441f288434ad,I4,6a0737fdfec56c8269f5822d8e2029247e4cf206da7e939f9f16e08bf79e0cc6,2107092,H_bag,ACTION_CHANGED_HORIZON_COMPLETE,true,,true,true,true,HARMFUL,0.48326000000088243,[17766],,,I4|BODY|NO_DIVERGENCE|HIGH,471856,945,0.0020027296463327794,499.31851851851854
493fdd6fe029bff8c57dd5d5ad1be0e722000365e2307f12fb1a14f417afed58:H_bag,493fdd6fe029bff8c57dd5d5ad1be0e722000365e2307f12fb1a14f417afed58,I3,cb2c7be65cf50c86411a2dc6339bc2fb640cfefa98c1de2aafdc129539424bc0,2110933,H_bag,ACTION_CHANGED_HORIZON_COMPLETE,true,,true,true,true,HARMFUL,51.900000000001455,[17746],,,I3|BODY|NO_DIVERGENCE|HIGH,170143,958,0.005630557824888476,177.60229645093946
83760cab25cf818266d0fde3a0949855aadc5606490fb75dacf44cde9c4e47de:H_bag,83760cab25cf818266d0fde3a0949855aadc5606490fb75dacf44cde9c4e47de,I4,536b754e8c9deb05ca0f1dad8dedd85c4e2bd7d95e02eaf928ad7c5f931a4d17,2111113,H_bag,ACTION_CHANGED_HORIZON_COMPLETE,true,,true,true,true,HARMFUL,0.39759000000776723,[17818],,,I4|BODY|NO_DIVERGENCE|HIGH,471856,945,0.0020027296463327794,499.31851851851854
821236c8f2b826deddcc507df38f105d02947b2032f29f6ec50a1e040371bb9b:H_bag,821236c8f2b826deddcc507df38f105d02947b2032f29f6ec50a1e040371bb9b,I4,ca809c896decf9b9384c4ef12794b0d21511d2bd3bf3620a25189a2c9856d924,2114596,H_bag,ACTION_CHANGED_HORIZON_COMPLETE,true,,true,true,true,HARMFUL,0.4853999999977532,[17774],,,I4|BODY|NO_DIVERGENCE|HIGH,471856,945,0.0020027296463327794,499.31851851851854
fce30ab27f0faa634ccd738bc9eb73b8bc5c4414de6a1692a676d0b280407915:H_bag,fce30ab27f0faa634ccd738bc9eb73b8bc5c4414de6a1692a676d0b280407915,I4,01b6135c0a30feb8b6903e6629bc287798a6034982499e414defd3446fac8f34,2115824,H_bag,ACTION_CHANGED_HORIZON_COMPLETE,true,,true,true,true,HARMFUL,0.5427500000150758,[17788],,,I4|BODY|NO_DIVERGENCE|HIGH,471856,945,0.0020027296463327794,499.31851851851854
48938a9aa776716d68820b104521162bb43bdf7427ad717c47c8a6e9e35d8077:H_bag,48938a9aa776716d68820b104521162bb43bdf7427ad717c47c8a6e9e35d8077,I3,5ea2c351548908a4ad29ca51d269e8d6dd64bc0bffdaa84a041de74b8c779abe,2122345,H_bag,ACTION_CHANGED_HORIZON_COMPLETE,true,,true,true,true,HARMFUL,129.40000000000146,[17887],,,I3|BODY|DIVERGENCE|HIGH,10032,56,0.005582137161084529,179.14285714285714
7c025c59afff5c1a5eeca665424e6b77a43538ffac50cda192486f9c0b8013e9:H_bag,7c025c59afff5c1a5eeca665424e6b77a43538ffac50cda192486f9c0b8013e9,I4,e088ad20038ba429e8eb48e27a7143d84b33b3469660feabe56021c9220b2eb4,2122886,H_bag,ACTION_CHANGED_HORIZON_COMPLETE,true,,true,true,true,NEUTRAL_WITHIN_TOLERANCE,0.0,[17946],,,I4|BODY|DIVERGENCE|HIGH,30514,61,0.0019990823884118766,500.2295081967213
cacfd8ef9a418cc479846d173fbd9ce992b1e3b9022b679df9e6a48f6c580df2:H_bag,cacfd8ef9a418cc479846d173fbd9ce992b1e3b9022b679df9e6a48f6c580df2,I3,57e06c6e3f5d84b4c1fb7ff09175ba84a64c0d47c7fe3067d165e9847e8ddb89,2123525,H_bag,ACTION_CHANGED_HORIZON_COMPLETE,true,,true,true,true,HARMFUL,75.59999999999127,[17852],,,I3|BODY|NO_DIVERGENCE|HIGH,170143,958,0.005630557824888476,177.60229645093946
ed2182d7cf96d35472f48dfea2246ba22466efc68b81f3786e7d32ec349e6a1b:H_bag,ed2182d7cf96d35472f48dfea2246ba22466efc68b81f3786e7d32ec349e6a1b,I4,0ef3d81cfa8916d750e2c24e89e9624f60cd0d9a30642ca3c70430d69bf2d4d1,2135836,H_bag,ACTION_CHANGED_HORIZON_COMPLETE,true,,true,true,true,HARMFUL,0.5,[18009],,,I4|BODY|NO_DIVERGENCE|HIGH,471856,945,0.0020027296463327794,499.31851851851854
2987d5292ac78ce9a9391fbfebd352733cb0b13532320b1294832161e2e9c5fe:H_bag,2987d5292ac78ce9a9391fbfebd352733cb0b13532320b1294832161e2e9c5fe,I4,6db7bd074fecb0be153585dd44a534491b11a0edf420ddf55b13e84a9684c62b,2139856,H_bag,ACTION_CHANGED_HORIZON_COMPLETE,true,,true,true,true,HARMFUL,0.000999999996565748,[18057],,,I4|BODY|NO_DIVERGENCE|HIGH,471856,945,0.0020027296463327794,499.31851851851854
bbba9e7bfa5c2d11a68a8e701c6f52031dc2c7c312c449e0453bbde05a686364:H_system,bbba9e7bfa5c2d11a68a8e701c6f52031dc2c7c312c449e0453bbde05a686364,I3,b9b221ef8639629df5824ba42c1dee919da6fce85e31022766677ac1cb1e3d44,2140288,H_system,ACTION_CHANGED_HORIZON_COMPLETE,true,,true,true,true,HARMFUL,0.0007040799944775245,[18047],[18047],[],I3|BODY|NO_DIVERGENCE|HIGH,170143,958,0.005630557824888476,177.60229645093946
fbc0f6075a55e9394fc17c8dbfaff952f8e07a4a02d5adeca7cd9b0ac7cd3698:H_bag,fbc0f6075a55e9394fc17c8dbfaff952f8e07a4a02d5adeca7cd9b0ac7cd3698,I4,d6d93bef889e5fa13a4d78a20c277ce14eec59e38a3c061eb1a7bc4888b2a0b8,2157229,H_bag,ACTION_CHANGED_HORIZON_COMPLETE,true,,true,true,true,HARMFUL,1.0,[18220],,,I4|BODY|NO_DIVERGENCE|HIGH,471856,945,0.0020027296463327794,499.31851851851854
48294f7d6db2fdaacfec8ab73ca460a6e3cc160042dbf8dfc4e353ea777e0f69:H_bag,48294f7d6db2fdaacfec8ab73ca460a6e3cc160042dbf8dfc4e353ea777e0f69,I3,c05775b85ff9357b894d491130a8c81c6ebe05582f9dd15d232ab5e508d8095e,2158265,H_bag,ACTION_CHANGED_HORIZON_COMPLETE,true,,true,true,true,HARMFUL,13.95672999999806,[18274],,,I3|BODY|NO_DIVERGENCE|HIGH,170143,958,0.005630557824888476,177.60229645093946
a25620eb8c5aa63fc1bc507d67cdd9aa2451329a9fb710da2c50af4ebb6f992b:H_bag,a25620eb8c5aa63fc1bc507d67cdd9aa2451329a9fb710da2c50af4ebb6f992b,I4,e3db4133f0233f2bf076413389a1bf93a4b140cedb331a9bd8e30c0635685dc1,2158758,H_bag,ACTION_CHANGED_HORIZON_COMPLETE,true,,true,true,true,HARMFUL,1.0,[18242],,,I4|BODY|NO_DIVERGENCE|HIGH,471856,945,0.0020027296463327794,499.31851851851854
e69b9157cf5f139d013faea4af223389e442dbbc474924cad32fbdad4606d138:H_bag,e69b9157cf5f139d013faea4af223389e442dbbc474924cad32fbdad4606d138,I4,385a8493af87f04bbd80a43025628096c75cf3a9d069ba3292c3c4c475860b86,2162545,H_bag,ACTION_CHANGED_HORIZON_COMPLETE,true,,true,true,true,HARMFUL,0.5,[18274],,,I4|BODY|NO_DIVERGENCE|HIGH,471856,945,0.0020027296463327794,499.31851851851854
6523f78eebd43ff4c7d57905c2ff47e339c9e2f0e97241a1060b9cd0c2dbd37a:H_bag,6523f78eebd43ff4c7d57905c2ff47e339c9e2f0e97241a1060b9cd0c2dbd37a,I4,6212063f719bf027cea6d62cba30a7a40666614ff0976d3d5e7f5124ccafce45,2162552,H_bag,ACTION_CHANGED_HORIZON_COMPLETE,true,,true,true,true,HARMFUL,0.38139000000228407,[18233],,,I4|BODY|NO_DIVERGENCE|HIGH,471856,945,0.0020027296463327794,499.31851851851854
26b5dca0e318399d1612b0865564d8cd547c631b1cf2624e4e0e20d109ec16b6:H_bag,26b5dca0e318399d1612b0865564d8cd547c631b1cf2624e4e0e20d109ec16b6,I4,7e4368444a469585887962a8031c2321cb526756b0105b7be1683332400979d2,2165325,H_bag,ACTION_CHANGED_HORIZON_COMPLETE,true,,true,true,true,NEUTRAL_WITHIN_TOLERANCE,0.0,[18348],,,I4|BODY|NO_DIVERGENCE|HIGH,471856,945,0.0020027296463327794,499.31851851851854
42d77bc2becde1c6506ceeacaa187bc96ab21f5dfb21862b695ddc0fab4acacc:H_bag,42d77bc2becde1c6506ceeacaa187bc96ab21f5dfb21862b695ddc0fab4acacc,I4,ab418a97d21e8f698fd70887ae36a6770c25a6afe451b39bdbbd715d5689b64b,2168194,H_bag,ACTION_CHANGED_HORIZON_COMPLETE,true,,true,true,true,HARMFUL,0.8263399999996182,[18341],,,I4|BODY|NO_DIVERGENCE|HIGH,471856,945,0.0020027296463327794,499.31851851851854
81302e9914e260dd2690d07688c12bec6c0a8efbfebb7dabf390f0665f0cc800:H_bag,81302e9914e260dd2690d07688c12bec6c0a8efbfebb7dabf390f0665f0cc800,I4,c499ba5df36c3f03ab8b3d3c36c2f63cfbc1f5f01464fb58b4cc6c6213491a79,2169520,H_bag,ACTION_CHANGED_HORIZON_COMPLETE,true,,true,true,true,HARMFUL,0.720500000003085,[18364],,,I4|BODY|NO_DIVERGENCE|HIGH,471856,945,0.0020027296463327794,499.31851851851854
1c283d3d301192e862e122c371b233347ad4bfc0517f6dfd72ba44932b652990:H_bag,1c283d3d301192e862e122c371b233347ad4bfc0517f6dfd72ba44932b652990,I4,e514d4dc497492e0f770cdb305bbb5859f3c12afd375ef4c5417e999f67d342e,2172687,H_bag,ACTION_CHANGED_HORIZON_COMPLETE,true,,true,true,true,HARMFUL,0.5999999999985448,[18392],,,I4|BODY|NO_DIVERGENCE|HIGH,471856,945,0.0020027296463327794,499.31851851851854
0776c267908479aa44735bd1ae10b1846fd3306fd4359cd790dafa0dcbb6fd09:H_system,0776c267908479aa44735bd1ae10b1846fd3306fd4359cd790dafa0dcbb6fd09,I4,b9213768cd106092d35b3c6c0d738d18d98a1b9a4920df31098ddf269d2dfa71,2173505,H_system,ACTION_CHANGED_HORIZON_COMPLETE,true,,true,true,true,NEUTRAL_WITHIN_TOLERANCE,0.0,[18431],[18431],[],I4|BODY|NO_DIVERGENCE|HIGH,471856,945,0.0020027296463327794,499.31851851851854
0885de3f255d88acaa82802caec7ffa0713b4801895c991763d43263836875e3:H_bag,0885de3f255d88acaa82802caec7ffa0713b4801895c991763d43263836875e3,I3,8b7165c32d5574f132004ef115f67e8b02c5a8391b9c7bb5f51147bb37d571bb,2174320,H_bag,ACTION_CHANGED_HORIZON_COMPLETE,true,,true,true,true,HARMFUL,33.0,[18428],,,I3|BODY|NO_DIVERGENCE|HIGH,170143,958,0.005630557824888476,177.60229645093946
8b58e69d837eff326e6d61d00ec5a6b4b97b5a9ebcc4511e5414d99ba76b7cc2:H_bag,8b58e69d837eff326e6d61d00ec5a6b4b97b5a9ebcc4511e5414d99ba76b7cc2,I3,ab328f2396c93fda0a5791c0006bf645155d8bd2a527d43e15b849d3c65c92c3,2176693,H_bag,ACTION_CHANGED_HORIZON_COMPLETE,true,,true,true,true,HARMFUL,22.000000000014552,[18461],,,I3|BODY|NO_DIVERGENCE|HIGH,170143,958,0.005630557824888476,177.60229645093946
1c1b6a54fd122b24dd32ae146ab9f40ca9091aef1118283c51b36a43ea7eb4f7:H_bag,1c1b6a54fd122b24dd32ae146ab9f40ca9091aef1118283c51b36a43ea7eb4f7,I4,06b3593df8aad4582de8e4252ad4e9e6bc25f988b8c95c2f759cc6b0bbaae281,2182863,H_bag,ACTION_CHANGED_HORIZON_COMPLETE,true,,true,true,true,NEUTRAL_WITHIN_TOLERANCE,0.0,[18505],,,I4|TAIL|NO_DIVERGENCE|HIGH,13582,67,0.004932999558238846,202.71641791044775
c97c6961532243035159d7625ed889ec302f193829b25a4fa3afa8dff6fb732f:H_system,c97c6961532243035159d7625ed889ec302f193829b25a4fa3afa8dff6fb732f,I4,3977d7be71778c1399207a18187ea7ea4b866d77d3bebb4cb6d8892969e8315e,2189422,H_system,ACTION_CHANGED_HORIZON_COMPLETE,true,,true,true,true,HARMFUL,2.2934201780344665e-05,[18574],[18574],[],I4|BODY|NO_DIVERGENCE|HIGH,471856,945,0.0020027296463327794,499.31851851851854
0cf6cf7272c87eb4398f88875a6e9975d75737a67d9951e9e3515980f4f9b482:H_system,0cf6cf7272c87eb4398f88875a6e9975d75737a67d9951e9e3515980f4f9b482,I4,405c255da4a945430e9c0722b221665b80a5e556dd2377d099ac47e5a8899014,2191221,H_system,ACTION_CHANGED_HORIZON_COMPLETE,true,,true,true,true,HARMFUL,9.173680837193388e-08,[18618],"[18618,18620,18623,18625]","[18620,18623,18625]",I4|BODY|NO_DIVERGENCE|HIGH,471856,945,0.0020027296463327794,499.31851851851854
3ac2bed919eb4afaf072b282902b13a2614fbc7d1a30b28d1d67ac3d6b419ca5:H_system,3ac2bed919eb4afaf072b282902b13a2614fbc7d1a30b28d1d67ac3d6b419ca5,I4,3c2ccd7e2932e44ef07b4c1e70054dc700b7dfab9b73df08cabe030dd1f28b64,2192287,H_system,ACTION_CHANGED_HORIZON_COMPLETE,true,,true,true,true,HARMFUL,9.717679972709448e-06,[18592],[18592],[],I4|BODY|NO_DIVERGENCE|HIGH,471856,945,0.0020027296463327794,499.31851851851854
70e36e9f6e60307fe6d947d442bf410a1fc782e8b94e3725106219c71361be8e:H_bag,70e36e9f6e60307fe6d947d442bf410a1fc782e8b94e3725106219c71361be8e,I3,5d9f23d712268147dca0f31a18cf17a4804c5c1dc32a0842bcf45c5d205b7543,2195001,H_bag,ACTION_CHANGED_HORIZON_COMPLETE,true,,true,true,true,HARMFUL,79.38448000000062,[18612],,,I3|BODY|NO_DIVERGENCE|HIGH,170143,958,0.005630557824888476,177.60229645093946
8c9aef27df731fc912876402e7c4778bed603f92a5c84ab1d07fc6c0e8b3ba39:H_bag,8c9aef27df731fc912876402e7c4778bed603f92a5c84ab1d07fc6c0e8b3ba39,I3,c3198df5fb9069a1518f4870bbbecd45ac4ff5a9794f97685b582998a0355e70,2200627,H_bag,ACTION_CHANGED_HORIZON_COMPLETE,true,,true,true,true,HARMFUL,25.400000000001455,[15620],,,I3|BODY|NO_DIVERGENCE|HIGH,170143,958,0.005630557824888476,177.60229645093946
f4298ffa85bc298d4d3e894cc982fa5179611d9b4cee9441332736c70cf30b73:H_system,f4298ffa85bc298d4d3e894cc982fa5179611d9b4cee9441332736c70cf30b73,I3,3d0c514c97156cbb0eb8bc14eb287b23f322f1a934f6e899eb880fbc46eb0a6c,2201082,H_system,ACTION_CHANGED_HORIZON_COMPLETE,true,,true,true,true,HARMFUL,0.00017429993351925077,[16172],"[16172,16219,16223,16226,16232,16345,16367,16370,16409,16413,16415,16450,16462,16464,16593,16604,16614,16630,16647,16658,16681,16742,16767,16773,16775,16778,16780,16786,16890,16893,16907,16923,16927,16929,16949,17007,17018,17025,17062,17064,17067,17075,17077,17133,18705]","[16219,16223,16226,16232,16345,16367,16370,16409,16413,16415,16450,16462,16464,16593,16604,16614,16630,16647,16658,16681,16742,16767,16773,16775,16778,16780,16786,16890,16893,16907,16923,16927,16929,16949,17007,17018,17025,17062,17064,17067,17075,17077,17133,18705]",I3|BODY|NO_DIVERGENCE|HIGH,170143,958,0.005630557824888476,177.60229645093946
c258e9a9394beba174471642c455858e632e7a2d7814d139c04669d75aa332f9:H_bag,c258e9a9394beba174471642c455858e632e7a2d7814d139c04669d75aa332f9,I3,e232552644abce8a9672ecb7ad24c69e24fa7a2699ed988a8a775c9206d4a182,2201767,H_bag,ACTION_CHANGED_HORIZON_COMPLETE,true,,true,true,true,HARMFUL,33.0,[18714],,,I3|BODY|NO_DIVERGENCE|HIGH,170143,958,0.005630557824888476,177.60229645093946
eeff96abb9776681812f6fb2b377cf5059c2656c323fa8eb6de4c45bd9d5eeb8:H_bag,eeff96abb9776681812f6fb2b377cf5059c2656c323fa8eb6de4c45bd9d5eeb8,I4,0a15009d84be2a749712754909f4cfa783467c78ca29f2ee9cb8b921ab1955d4,2201880,H_bag,ACTION_CHANGED_HORIZON_COMPLETE,true,,true,true,true,NEUTRAL_WITHIN_TOLERANCE,0.0,[16367],,,I4|BODY|NO_DIVERGENCE|HIGH,471856,945,0.0020027296463327794,499.31851851851854
8a6d153b5e88939502ae89dd5675bd3b78053ac07badc70e6f3d5dd7c334c654:H_bag,8a6d153b5e88939502ae89dd5675bd3b78053ac07badc70e6f3d5dd7c334c654,I4,088d72dd58eea63ac2949f8cc3dcd4c49f0cbc65b134f3e91b35f8af009309dd,2202042,H_bag,ACTION_CHANGED_HORIZON_COMPLETE,true,,true,true,true,HARMFUL,0.6666600000025937,[18716],,,I4|BODY|NO_DIVERGENCE|HIGH,471856,945,0.0020027296463327794,499.31851851851854
5224c5d808a0b3f1e7739405ae3633b5f89b5e9e05d9fc3362c1bae419e90584:H_bag,5224c5d808a0b3f1e7739405ae3633b5f89b5e9e05d9fc3362c1bae419e90584,I4,97212a13e1fa9f86a006d5b095813c4680d87ade7cbf1252164cfa77f57759e5,2202506,H_bag,ACTION_CHANGED_HORIZON_COMPLETE,true,,true,true,true,HARMFUL,0.4000000000014552,[16367],,,I4|BODY|NO_DIVERGENCE|HIGH,471856,945,0.0020027296463327794,499.31851851851854
013103114978885a75f9cca50c7b82ab4688abdccb09581dab6d49ed3d77c4e6:H_bag,013103114978885a75f9cca50c7b82ab4688abdccb09581dab6d49ed3d77c4e6,I3,7b3ad977c62f986b61ed1596174406215da4a596c03954d838a47bdb8ca75805,2203258,H_bag,ACTION_CHANGED_HORIZON_COMPLETE,true,,true,true,true,HARMFUL,23.799999999995634,[16593],,,I3|BODY|NO_DIVERGENCE|HIGH,170143,958,0.005630557824888476,177.60229645093946
4771201445b06256cc37471416336572a3df485f9677fa5bde600486578c4397:H_bag,4771201445b06256cc37471416336572a3df485f9677fa5bde600486578c4397,I3,630edce0b6b614da1aa6f0ace9655ea8bca7b8e977da18d3f36852bf69c7aaa0,2204005,H_bag,ACTION_CHANGED_HORIZON_COMPLETE,true,,true,true,true,HARMFUL,24.799999999995634,[16681],,,I3|BODY|NO_DIVERGENCE|HIGH,170143,958,0.005630557824888476,177.60229645093946
32374a8fd4f8de52a4574aec3f45dda1812f7c5559c2ac0362715e02c896c013:H_bag,32374a8fd4f8de52a4574aec3f45dda1812f7c5559c2ac0362715e02c896c013,I3,156d0dffbafe939ba10a4491947a1d12f1bf81c44f256174ca8c1509ec0d42a0,2205962,H_bag,ACTION_CHANGED_HORIZON_COMPLETE,true,,true,true,true,HARMFUL,24.299999999995634,[17062],,,I3|BODY|NO_DIVERGENCE|HIGH,170143,958,0.005630557824888476,177.60229645093946
6896aa41cba381657e6a44bea786560183d91b15c35efac75bc6b9c2f57133b9:H_system,6896aa41cba381657e6a44bea786560183d91b15c35efac75bc6b9c2f57133b9,I4,14cdb943c5e7289eaa9190b942565f2a62224c2b7858116e0daf9bd8dc030ba2,2207044,H_system,ACTION_CHANGED_HORIZON_COMPLETE,true,,true,true,true,HARMFUL,-1.5291379071413758e-05,[18741],"[18733,18737,18739,18741]","[18733,18737,18739]",I4|BODY|NO_DIVERGENCE|HIGH,471856,945,0.0020027296463327794,499.31851851851854
0cd67f5d054ba0e9ca33ecd47ad3b95aec6bb801f73fd7c44f8e4722b2fa4a6e:H_bag,0cd67f5d054ba0e9ca33ecd47ad3b95aec6bb801f73fd7c44f8e4722b2fa4a6e,I3,2ce92602af5c2fc480210619d1927bdcef8790a2f2eb2352353a9f80ee2a279d,2209195,H_bag,ACTION_CHANGED_HORIZON_COMPLETE,true,,true,true,true,HARMFUL,178.2069499999925,[18733],,,I3|BODY|NO_DIVERGENCE|HIGH,170143,958,0.005630557824888476,177.60229645093946
467d378e78bd960545142b137094eb80c1062e421c317a2b4c113515c71aeb40:H_bag,467d378e78bd960545142b137094eb80c1062e421c317a2b4c113515c71aeb40,I4,92e5f752d6b6df7bd10b408316d0b3b5125022fd0a27085e64064e4fa5833ebd,2215514,H_bag,ACTION_CHANGED_HORIZON_COMPLETE,true,,true,true,true,HARMFUL,0.48066999999718973,[18816],,,I4|BODY|NO_DIVERGENCE|HIGH,471856,945,0.0020027296463327794,499.31851851851854
3c6d3f7c9468bcf4471083bd9e23d06328fcc04ac2e12067857b24c0e01631b3:H_bag,3c6d3f7c9468bcf4471083bd9e23d06328fcc04ac2e12067857b24c0e01631b3,I4,be743ff0c0d3f52509d06eadf3ab23c6faf10ef35a0abe3ae5d532f0f1af2292,2221315,H_bag,ACTION_CHANGED_HORIZON_COMPLETE,true,,true,true,true,HARMFUL,0.2112799999958952,[18838],,,I4|BODY|NO_DIVERGENCE|HIGH,471856,945,0.0020027296463327794,499.31851851851854
d127f1d49a4d6fce41d5a7ed3deb1ca0eb51aa3167c0d5af97f23d0cfdca9202:H_system,d127f1d49a4d6fce41d5a7ed3deb1ca0eb51aa3167c0d5af97f23d0cfdca9202,I3,dc445be3d956f02427d226a11bc3ec1fe5d67a9297e2d4cb364f45e3f16f3143,2226351,H_system,ACTION_CHANGED_HORIZON_COMPLETE,true,,true,true,true,HARMFUL,0.0016604362085104185,[18896],[18896],[],I3|BODY|NO_DIVERGENCE|HIGH,170143,958,0.005630557824888476,177.60229645093946
33b274d992d6157ff1ffdc7c6a1e0d4bc2540b89e429addc82ab723b3e353b5b:H_bag,33b274d992d6157ff1ffdc7c6a1e0d4bc2540b89e429addc82ab723b3e353b5b,I3,eb394424a7b2dc1b8be1d64a20a5991b88b7f151b2c5a43a7453d13e0586ec53,2239260,H_bag,ACTION_CHANGED_HORIZON_COMPLETE,true,,true,true,true,HARMFUL,24.049999999995634,[16311],,,I3|BODY|NO_DIVERGENCE|HIGH,170143,958,0.005630557824888476,177.60229645093946
8156eccb06e68cd131493bd764de23a6c1a4ae47d69695b6dd6a9f65bd02d36a:H_bag,8156eccb06e68cd131493bd764de23a6c1a4ae47d69695b6dd6a9f65bd02d36a,I3,57993eb9d6846f1a33bca079233cbf5532030d11c806cbf5c62e9a4da2245f7d,2244308,H_bag,ACTION_CHANGED_HORIZON_COMPLETE,true,,true,true,true,HARMFUL,24.299999999995634,[16761],,,I3|BODY|NO_DIVERGENCE|HIGH,170143,958,0.005630557824888476,177.60229645093946
00c3b628452a2591e946dee64af13cacfa7e6f9749051b5b079ea6b33c7fee26:H_bag,00c3b628452a2591e946dee64af13cacfa7e6f9749051b5b079ea6b33c7fee26,I4,74ddf2e5968e2a6239ce705b8048afe6b336240fbdace35248ec1a8baa12ba9f,2244693,H_bag,ACTION_CHANGED_HORIZON_COMPLETE,true,,true,true,true,NEUTRAL_WITHIN_TOLERANCE,0.0,[16909],,,I4|BODY|NO_DIVERGENCE|HIGH,471856,945,0.0020027296463327794,499.31851851851854
25904ef1e16705e91b34abbaea517b61de587351614723c29262e970d96ee18c:H_bag,25904ef1e16705e91b34abbaea517b61de587351614723c29262e970d96ee18c,I4,6e1a428c312e2a75395f3e5ec0fdda64cf184961e2829886f670d4a6ccae493e,2245058,H_bag,ACTION_CHANGED_HORIZON_COMPLETE,true,,true,true,true,HARMFUL,0.000999999996565748,[16919],,,I4|BODY|NO_DIVERGENCE|HIGH,471856,945,0.0020027296463327794,499.31851851851854
96fae5e87e1f07dade4e7d79e9b9da23918271252a1ff2bfadc503e7437d0a16:H_bag,96fae5e87e1f07dade4e7d79e9b9da23918271252a1ff2bfadc503e7437d0a16,I3,f3a6903fbea24ac89d492395d21b47a9d06ff065a3a3e73230dd2b8f651ddbba,2250553,H_bag,ACTION_CHANGED_HORIZON_COMPLETE,true,,true,true,true,HARMFUL,33.0,[19098],,,I3|BODY|NO_DIVERGENCE|HIGH,170143,958,0.005630557824888476,177.60229645093946
7d6a805f2bdce6d84105ebea41e1370cdfeb4513574046df4c08ebae4e2d9d94:H_bag,7d6a805f2bdce6d84105ebea41e1370cdfeb4513574046df4c08ebae4e2d9d94,I3,62aade433048a1d3535e7a1c2907428037e644ce738e5b343ab234b04eb97178,2250667,H_bag,ACTION_CHANGED_HORIZON_COMPLETE,true,,true,true,true,HARMFUL,25.60000000000582,[19102],,,I3|BODY|NO_DIVERGENCE|HIGH,170143,958,0.005630557824888476,177.60229645093946
0012fa6d9e0100bb0f57739c369984e002722c9b9ac8f806f79d20efc7f84eba:H_bag,0012fa6d9e0100bb0f57739c369984e002722c9b9ac8f806f79d20efc7f84eba,I4,c348aeca52381c165d7c0d1fcb8578ba77e8b4f53514ea426ead9be0c55f62d8,2250781,H_bag,ACTION_CHANGED_HORIZON_COMPLETE,true,,true,true,true,HARMFUL,0.000999999996565748,[19107],,,I4|BODY|NO_DIVERGENCE|HIGH,471856,945,0.0020027296463327794,499.31851851851854
3c6abc37f7174235d09c01eba100402d30e2feac730b682d1ebe2df71a240c91:H_bag,3c6abc37f7174235d09c01eba100402d30e2feac730b682d1ebe2df71a240c91,I4,4030ab276265d4aba1b48552f89cd29244a2c7c244fb645d6b9010a01b8500d1,2251023,H_bag,ACTION_CHANGED_HORIZON_COMPLETE,true,,true,true,true,HARMFUL,1.0,[19094],,,I4|BODY|NO_DIVERGENCE|HIGH,471856,945,0.0020027296463327794,499.31851851851854
85945735b916ee58a2027c5148a3830ae30ab20cafa2d73f7c660fd2c359a92a:H_bag,85945735b916ee58a2027c5148a3830ae30ab20cafa2d73f7c660fd2c359a92a,I4,4ca16942495e041ec6a215f5f3cb13d51c2a5ec0d4f4da14b907aaf46a8a7b2f,2258146,H_bag,ACTION_CHANGED_HORIZON_COMPLETE,true,,true,true,true,NEUTRAL_WITHIN_TOLERANCE,0.0,[17087],,,I4|BODY|NO_DIVERGENCE|HIGH,471856,945,0.0020027296463327794,499.31851851851854
d53abdd99f454174e9d6dfd823371e171cd54e49717fa7655c4627dc4df83348:H_bag,d53abdd99f454174e9d6dfd823371e171cd54e49717fa7655c4627dc4df83348,I3,0c0aa1e68ec68b075fd67e69015a0a06c2bc7a745dba0a9729952c5f75e16793,2259109,H_bag,ACTION_CHANGED_HORIZON_COMPLETE,true,,true,true,true,HARMFUL,24.299999999995634,[17411],,,I3|BODY|NO_DIVERGENCE|HIGH,170143,958,0.005630557824888476,177.60229645093946
4ca36515cf088628a609702bc658307e610d6c84829781be824ebcf1cdd762aa:H_bag,4ca36515cf088628a609702bc658307e610d6c84829781be824ebcf1cdd762aa,I4,497c08fbc5ab3a9a19beaa4d6abcfce024488f6ba48e7f811a571b52ec3b75a2,2265506,H_bag,ACTION_CHANGED_HORIZON_COMPLETE,true,,true,true,true,NEUTRAL_WITHIN_TOLERANCE,0.0,[19283],,,I4|BODY|DIVERGENCE|HIGH,30514,61,0.0019990823884118766,500.2295081967213
8901833301dfa88c90f0224868f1c10452efd892c153279c7810379c44f68115:H_bag,8901833301dfa88c90f0224868f1c10452efd892c153279c7810379c44f68115,I3,e69ab530302ce54111adcc1ceef8e50896e0a8873bfccfd2c4c51cdc8ff5328f,2270355,H_bag,ACTION_CHANGED_HORIZON_COMPLETE,true,,true,true,true,HARMFUL,87.45991999997932,[19264],,,I3|BODY|NO_DIVERGENCE|HIGH,170143,958,0.005630557824888476,177.60229645093946
28200eef48adae3becdc9800bedb0f50d08da32e778ea56e199ab1632e901a03:H_bag,28200eef48adae3becdc9800bedb0f50d08da32e778ea56e199ab1632e901a03,I4,73ccb4068f9ab20fdb0b32a0ff3fba4da850ad0ca4a59c5b45359d83ad5d6d8d,2277227,H_bag,ACTION_CHANGED_HORIZON_COMPLETE,true,,true,true,true,NEUTRAL_WITHIN_TOLERANCE,0.0,[19349],,,I4|BODY|NO_DIVERGENCE|HIGH,471856,945,0.0020027296463327794,499.31851851851854
44db768b354e514b20a9de8c9eaf88995a911e5d26af4b1f3c89190276d2d137:H_bag,44db768b354e514b20a9de8c9eaf88995a911e5d26af4b1f3c89190276d2d137,I4,069ed4594f092a23bc8be0c98b5dfcc24f76b5eb3b68566a9889c152e3f17620,2278352,H_bag,ACTION_CHANGED_HORIZON_COMPLETE,true,,true,true,true,HARMFUL,0.25,[19355],,,I4|BODY|NO_DIVERGENCE|HIGH,471856,945,0.0020027296463327794,499.31851851851854
be40bb0b4fdc4da67b7507cf976bc801e759092a4254dfaf6bc9d3f9ddb0f0aa:H_bag,be40bb0b4fdc4da67b7507cf976bc801e759092a4254dfaf6bc9d3f9ddb0f0aa,I4,d979e7361ac22737384bd97f088548391b6cec859f6671cb12ce38fee6e63d31,2281084,H_bag,ACTION_CHANGED_HORIZON_COMPLETE,true,,true,true,true,NEUTRAL_WITHIN_TOLERANCE,0.0,[19420],,,I4|BODY|NO_DIVERGENCE|HIGH,471856,945,0.0020027296463327794,499.31851851851854
4390e3468bc4b572a016b4b9261c724f14f6395a6f35b5d1d9d9549e642ca7d9:H_bag,4390e3468bc4b572a016b4b9261c724f14f6395a6f35b5d1d9d9549e642ca7d9,I3,9156f4c6be794dc91403450dfe9182130d18e6837a5c1baa1c65793fe06e7cd7,2285987,H_bag,ACTION_CHANGED_HORIZON_COMPLETE,true,,true,true,true,HARMFUL,24.049999999995634,[15125],,,I3|BODY|NO_DIVERGENCE|HIGH,170143,958,0.005630557824888476,177.60229645093946
04e620954fe9959507fd08f6d45d15e513a16c2c01ef30433a8b61c53c499560:H_bag,04e620954fe9959507fd08f6d45d15e513a16c2c01ef30433a8b61c53c499560,I3,d23ea180e2ff4a55b1ea512e5f59505c1c6721447080a4da7d72b16f97827a09,2287441,H_bag,ACTION_CHANGED_HORIZON_COMPLETE,true,,true,true,true,HARMFUL,69.38999999999214,[19418],,,I3|BODY|NO_DIVERGENCE|HIGH,170143,958,0.005630557824888476,177.60229645093946
0412375707710f087a099e13b93a2bf2e8f0407c080e59c9896a368413352be9:H_bag,0412375707710f087a099e13b93a2bf2e8f0407c080e59c9896a368413352be9,I3,dca0863a06f3e7a23347a35b70ef4f9b9e17918c3da41309c2a782889ae9349f,2287877,H_bag,ACTION_CHANGED_HORIZON_COMPLETE,true,,true,true,true,HARMFUL,24.799999999995634,[15276],,,I3|BODY|NO_DIVERGENCE|HIGH,170143,958,0.005630557824888476,177.60229645093946
ed9430ffd8092756df9e5e91af859edf5c37ab702b10c0f94717f1e6965b80c0:H_bag,ed9430ffd8092756df9e5e91af859edf5c37ab702b10c0f94717f1e6965b80c0,I4,342240b150c88cebdb3e83372b34e067793e7c106825a751f2325ffd9314d29b,2288389,H_bag,ACTION_CHANGED_HORIZON_COMPLETE,true,,true,true,true,HARMFUL,0.5999999999985448,[14728],,,I4|BODY|NO_DIVERGENCE|HIGH,471856,945,0.0020027296463327794,499.31851851851854
1bdf53ca1e98b4d7b86297fc7c4daa47cb9a28f68304e5f8d65a910ec49f6641:H_system,1bdf53ca1e98b4d7b86297fc7c4daa47cb9a28f68304e5f8d65a910ec49f6641,I3,16291c9ff7a1fc46dfd4926caa2b2475ffb201676b5e2fafeb6ef4ee00a652f8,2288681,H_system,ACTION_CHANGED_HORIZON_COMPLETE,true,,true,true,true,HARMFUL,-0.0009119014746943321,[19472],"[16295,16323,16328,16353,16518,16584,16586,16617,16638,16643,16645,16651,16654,16831,16833,16845,16847,16850,16856,16859,16861,16872,16886,16895,16932,16958,16989,16997,17011,17020,17022,17071,17110,17112,17115,17118,17124,17127,17131,17141,17161,17172,17174,17194,17200,17216,17254,17263,17267,17269,17298,17300,17302,17304,17319,17329,17332,17355,17389,17413,17419,17423,17425,17432,17436,17450,17456,17461,17463,17469,17479,17481,17492,17494,17499,17508,17522,17540,17548,17555,17559,17568,17572,17597,17608,17611,19452,19459,19463,19467,19468,19472,19473,19486,19498,19500,19503,19504]","[16295,16323,16328,16353,16518,16584,16586,16617,16638,16643,16645,16651,16654,16831,16833,16845,16847,16850,16856,16859,16861,16872,16886,16895,16932,16958,16989,16997,17011,17020,17022,17071,17110,17112,17115,17118,17124,17127,17131,17141,17161,17172,17174,17194,17200,17216,17254,17263,17267,17269,17298,17300,17302,17304,17319,17329,17332,17355,17389,17413,17419,17423,17425,17432,17436,17450,17456,17461,17463,17469,17479,17481,17492,17494,17499,17508,17522,17540,17548,17555,17559,17568,17572,17597,17608,17611,19452,19459,19463,19467,19468,19473,19486,19498,19500,19503,19504]",I3|BODY|NO_DIVERGENCE|HIGH,170143,958,0.005630557824888476,177.60229645093946
6e3ff749200b2830d7187c21a3fb16716ff1576ff3dc2bd492c375038d7e7bc1:H_system,6e3ff749200b2830d7187c21a3fb16716ff1576ff3dc2bd492c375038d7e7bc1,I3,eb776c0a9772b5ca708bf3c3d07d459bc74ee0646b68a43c1bbbf2d47e01be06,2290810,H_system,ACTION_CHANGED_HORIZON_COMPLETE,true,,true,true,true,HARMFUL,0.0014012799578040358,[19438],"[16716,16730,16732,16737,16740,16754,16788,16794,16796,16798,16802,19419,19423,19438,19439,19442,19446,19483,19496]","[16716,16730,16732,16737,16740,16754,16788,16794,16796,16798,16802,19419,19423,19439,19442,19446,19483,19496]",I3|BODY|NO_DIVERGENCE|HIGH,170143,958,0.005630557824888476,177.60229645093946
3d8e731532f899f51452dc132ec0f09b93d39453dc19fd430a840993724a2899:H_bag,3d8e731532f899f51452dc132ec0f09b93d39453dc19fd430a840993724a2899,I3,aa8434f6c84cd4a3b471ee25867559aa1a3d6f06131c2eadb7c6c21ddb9ed24b,2291176,H_bag,ACTION_CHANGED_HORIZON_COMPLETE,true,,true,true,true,HARMFUL,26.400000000001455,[15635],,,I3|BODY|NO_DIVERGENCE|HIGH,170143,958,0.005630557824888476,177.60229645093946
dee0c4f99d555e4b4650310db91a22d16b85166b57a98cb2b387475438941917:H_bag,dee0c4f99d555e4b4650310db91a22d16b85166b57a98cb2b387475438941917,I4,5911fa3d8a4559c162047d1ff4b3ff71bf3cb97a19154550dc8eaa157f74b313,2292392,H_bag,ACTION_CHANGED_HORIZON_COMPLETE,true,,true,true,true,HARMFUL,0.931429999996908,[19485],,,I4|BODY|DIVERGENCE|HIGH,30514,61,0.0019990823884118766,500.2295081967213
a0a26cd983c60cdbc3236de63b5bf232a882fb15c129f6f0a903b3af33231b21:H_bag,a0a26cd983c60cdbc3236de63b5bf232a882fb15c129f6f0a903b3af33231b21,I3,b71f6d6397469540cbcc9a08e450b64cf32b4e21555c503bebacf3c296a1d6ef,2292509,H_bag,ACTION_CHANGED_HORIZON_COMPLETE,true,,true,true,true,HARMFUL,73.21665999999823,[19423],,,I3|BODY|NO_DIVERGENCE|HIGH,170143,958,0.005630557824888476,177.60229645093946
865d1586fb8777ef0f486ffa90404ae4fd89810a31b07460e75d3b393fe189ce:H_bag,865d1586fb8777ef0f486ffa90404ae4fd89810a31b07460e75d3b393fe189ce,I4,ae5b4b27dadded3d0c4ff676a68109047854552881b810fd7dbfe8ca3b259db2,2293290,H_bag,ACTION_CHANGED_HORIZON_COMPLETE,true,,true,true,true,NEUTRAL_WITHIN_TOLERANCE,0.0,[19439],,,I4|BODY|NO_DIVERGENCE|HIGH,471856,945,0.0020027296463327794,499.31851851851854
85184f32ffc914b78672eabaf69b7e4ec8ed8bfe39f34de16a18f47b3e4be243:H_bag,85184f32ffc914b78672eabaf69b7e4ec8ed8bfe39f34de16a18f47b3e4be243,I3,d697e2237b026e4d658130876e90aa879056ccbc46086305c3a5b3fdd8161980,2297029,H_bag,ACTION_CHANGED_HORIZON_COMPLETE,true,,true,true,true,HARMFUL,24.549999999995634,[16518],,,I3|BODY|DIVERGENCE|HIGH,10032,56,0.005582137161084529,179.14285714285714
636c946b14c2e73780993a5a8c3d0e990d582b3392124ddac4ce6343fd2ae8c0:H_bag,636c946b14c2e73780993a5a8c3d0e990d582b3392124ddac4ce6343fd2ae8c0,I3,d74e19581116322f9a9fbd30339fce2cc6c26802f319ee004c3f8c3a0657ab2a,2297804,H_bag,ACTION_CHANGED_HORIZON_COMPLETE,true,,true,true,true,HARMFUL,73.89999999999418,[19481],,,I3|BODY|NO_DIVERGENCE|HIGH,170143,958,0.005630557824888476,177.60229645093946
73743a3ed9e9c80cd71bcc5470b90d8ba72badf1e18038a341675e42de6c4351:H_bag,73743a3ed9e9c80cd71bcc5470b90d8ba72badf1e18038a341675e42de6c4351,I3,deb06625c617841594199ed9649ad77c745cd09d7230f459382194dcc2a2ff83,2298932,H_bag,ACTION_CHANGED_HORIZON_COMPLETE,true,,true,true,true,HARMFUL,75.59999999999127,[19488],,,I3|BODY|NO_DIVERGENCE|HIGH,170143,958,0.005630557824888476,177.60229645093946
e93cf61d6212749130991c91050a6623a9658cba08a20d3e7dd40c48c56bb359:H_bag,e93cf61d6212749130991c91050a6623a9658cba08a20d3e7dd40c48c56bb359,I4,06625417364ed2d36d9845f03cff301234255b2a09bca9cff271ac70582d86b4,2298955,H_bag,ACTION_CHANGED_HORIZON_COMPLETE,true,,true,true,true,HARMFUL,1.0,[19455],,,I4|BODY|DIVERGENCE|HIGH,30514,61,0.0019990823884118766,500.2295081967213
412038591800deca89b7bc2afdf549b38f16f12e4107a4eed4be929702b3ebd9:H_bag,412038591800deca89b7bc2afdf549b38f16f12e4107a4eed4be929702b3ebd9,I4,69376b425d7c8c5dc2c16466673bf098d569edcadfc0372ef28d5579bd453999,2300177,H_bag,ACTION_CHANGED_HORIZON_COMPLETE,true,,true,true,true,HARMFUL,0.000999999996565748,[16754],,,I4|BODY|NO_DIVERGENCE|HIGH,471856,945,0.0020027296463327794,499.31851851851854
81044856ef46814cd35660b718230a26af5bee7de8f442715f6788f91841b3a5:H_bag,81044856ef46814cd35660b718230a26af5bee7de8f442715f6788f91841b3a5,I3,ed6eca1f63e20fb1e711f8087a707c08175373d807d0b8a45ea3a64422adcebc,2300371,H_bag,ACTION_CHANGED_HORIZON_COMPLETE,true,,true,true,true,HARMFUL,6.80000000000291,[19503],,,I3|BODY|NO_DIVERGENCE|HIGH,170143,958,0.005630557824888476,177.60229645093946
4c4aef1ad4c0f71b54c8cff2ae3a427d22de10493db2e04aaa045cf04e4f37db:H_bag,4c4aef1ad4c0f71b54c8cff2ae3a427d22de10493db2e04aaa045cf04e4f37db,I3,e6dba0b4fdc4d11945e2e34d1ff7162876b5c3e46a69deb144d60642c2fecd4f,2301003,H_bag,ACTION_CHANGED_HORIZON_COMPLETE,true,,true,true,true,HARMFUL,24.549999999995634,[16802],,,I3|BODY|NO_DIVERGENCE|HIGH,170143,958,0.005630557824888476,177.60229645093946
444f71b9f1a05ab9d8fba711d57a78a60c88334dcdfcde96fc6e4b8eb8ed188c:H_bag,444f71b9f1a05ab9d8fba711d57a78a60c88334dcdfcde96fc6e4b8eb8ed188c,I3,5d0f129392a31faf595d7a6b6f9b125b7cedc65fe4e46b06c105edb21141ffe0,2303839,H_bag,ACTION_CHANGED_HORIZON_COMPLETE,true,,true,true,true,HARMFUL,23.299999999995634,[16861],,,I3|BODY|DIVERGENCE|HIGH,10032,56,0.005582137161084529,179.14285714285714
811860eebe8a9948aedcc542a5f3640601d1057442533699873e2f1f1ecf412d:H_bag,811860eebe8a9948aedcc542a5f3640601d1057442533699873e2f1f1ecf412d,I3,4d3d413e86cd2a7f768c66caedd3d4232a683e8d2a982d5d9181d79f960290cf,2304111,H_bag,ACTION_CHANGED_HORIZON_COMPLETE,true,,true,true,true,HARMFUL,51.400000000001455,[16845],,,I3|BODY|NO_DIVERGENCE|HIGH,170143,958,0.005630557824888476,177.60229645093946
8d3131854c923f115577c3b74d3e4edec283b78f6e18120f36f2191726c8288c:H_bag,8d3131854c923f115577c3b74d3e4edec283b78f6e18120f36f2191726c8288c,I4,68b23752a48538a1897d9e4f9c9af346b06e4286362ef26fd2ed76a8ad43f23a,2304466,H_bag,ACTION_CHANGED_HORIZON_COMPLETE,true,,true,true,true,HARMFUL,0.5999999999985448,[16856],,,I4|BODY|NO_DIVERGENCE|HIGH,471856,945,0.0020027296463327794,499.31851851851854
b7db78f649ac97d963b3215cedc8661ca37be3a79112e4c2f948f67e073c1658:H_bag,b7db78f649ac97d963b3215cedc8661ca37be3a79112e4c2f948f67e073c1658,I3,e08df365d041aca8c1f86a6a60fd3a5375e1d5b5afe5ec371f5d73cffc719fab,2310777,H_bag,ACTION_CHANGED_HORIZON_COMPLETE,true,,true,true,true,HARMFUL,24.799999999995634,[17423],,,I3|BODY|NO_DIVERGENCE|HIGH,170143,958,0.005630557824888476,177.60229645093946
282e50087151722d9582cfe6adc2daccd9f83251a1b41f53128c5a94d40cca1c:H_bag,282e50087151722d9582cfe6adc2daccd9f83251a1b41f53128c5a94d40cca1c,I4,872ec5edac51d935786e49bdf5a22b1d6445b09ca132d3e131552edab05eb334,2312049,H_bag,ACTION_CHANGED_HORIZON_COMPLETE,true,,true,true,true,HARMFUL,0.4171299999943585,[19531],,,I4|BODY|NO_DIVERGENCE|HIGH,471856,945,0.0020027296463327794,499.31851851851854
45b5640dcd9f8be9f6035dbe65543a9a2a4ae7eadb65a6466f9e284a3b28af4b:H_bag,45b5640dcd9f8be9f6035dbe65543a9a2a4ae7eadb65a6466f9e284a3b28af4b,I4,a46fe86cbd2671e805a94a36d2c5885535db96f7b8312ba8ef2e853f9772bbe2,2312743,H_bag,ACTION_CHANGED_HORIZON_COMPLETE,true,,true,true,true,HARMFUL,1.0,[17329],,,I4|BODY|DIVERGENCE|HIGH,30514,61,0.0019990823884118766,500.2295081967213
af65b978eeb4e829736afeda81d48fbc394da7fa038f20b1fd5adf573f532a6c:H_bag,af65b978eeb4e829736afeda81d48fbc394da7fa038f20b1fd5adf573f532a6c,I4,91c266ac1bbc7dbbe3083241aebd0d70a0b6d91648bc5861ca6fae4781c84acc,2314105,H_bag,ACTION_CHANGED_HORIZON_COMPLETE,true,,true,true,true,HARMFUL,1.0,[19531],,,I4|BODY|NO_DIVERGENCE|HIGH,471856,945,0.0020027296463327794,499.31851851851854
cd2a9c45fd77121fb1851eeae6cb27f97ae535d3a412ac3fe7c96bf5cceba400:H_bag,cd2a9c45fd77121fb1851eeae6cb27f97ae535d3a412ac3fe7c96bf5cceba400,I3,a3985078cb55124bae81fb681fbbdd6f7aa15fd94fff5eb3e056813d28cf667f,2315122,H_bag,ACTION_CHANGED_HORIZON_COMPLETE,true,,true,true,true,HARMFUL,75.59999999999127,[17608],,,I3|BODY|DIVERGENCE|HIGH,10032,56,0.005582137161084529,179.14285714285714
275e5e77e2332055cc8f2fe687cad1bf1229f9e144b30830ca0b7841f4f90015:H_bag,275e5e77e2332055cc8f2fe687cad1bf1229f9e144b30830ca0b7841f4f90015,I3,9871263f169314376d0eb49c5e3d4f60be349e2402c2e33def06b178162d436d,2316273,H_bag,ACTION_CHANGED_HORIZON_COMPLETE,true,,true,true,true,HARMFUL,75.59999999999127,[19556],,,I3|BODY|NO_DIVERGENCE|HIGH,170143,958,0.005630557824888476,177.60229645093946
9974fb0bd20178f18c2a7d22bc50b138b928efee54554bbc9ef9488150431d7f:H_bag,9974fb0bd20178f18c2a7d22bc50b138b928efee54554bbc9ef9488150431d7f,I4,80aa3a5bdab781cd6352fadf99362d87389769e230f207967fe15d0dea4b7a0e,2317734,H_bag,ACTION_CHANGED_HORIZON_COMPLETE,true,,true,true,true,HARMFUL,1.0,[19575],,,I4|BODY|NO_DIVERGENCE|HIGH,471856,945,0.0020027296463327794,499.31851851851854
b9050a34ace1d83a162a7b8d9537d25a155be9154f7ced370b8c248769dbb0a4:H_bag,b9050a34ace1d83a162a7b8d9537d25a155be9154f7ced370b8c248769dbb0a4,I3,b4d2685c024bc10cb3d11ad56b7fb96db07e92e180cf3dd581dc0721ebcc6091,2318776,H_bag,ACTION_CHANGED_HORIZON_COMPLETE,true,,true,true,true,HARMFUL,0.25,[13039],,,I3|BODY|NO_DIVERGENCE|HIGH,170143,958,0.005630557824888476,177.60229645093946
d1777a5f0997b9c17d5a38d8210a1372e24ea3b8282f3b60c70eb3fe77266a0b:H_bag,d1777a5f0997b9c17d5a38d8210a1372e24ea3b8282f3b60c70eb3fe77266a0b,I3,c3fd041f0012046c0a600bb10baac022847fcac47efbcb1b0580ccd65e18b698,2319322,H_bag,ACTION_CHANGED_HORIZON_COMPLETE,true,,true,true,true,NEUTRAL_WITHIN_TOLERANCE,0.0,[14153],,,I3|BODY|NO_DIVERGENCE|HIGH,170143,958,0.005630557824888476,177.60229645093946
37af3eabe5396d29d81c6843fa7ce879c94981746dce07eda6dfed37fc6261ae:H_bag,37af3eabe5396d29d81c6843fa7ce879c94981746dce07eda6dfed37fc6261ae,I3,2269075979c7a14b02930a16932c4140bd01a44c6e185a3823ba9a8a5801cfc3,2319437,H_bag,ACTION_CHANGED_HORIZON_COMPLETE,true,,true,true,true,HARMFUL,22.799999999995634,[14305],,,I3|BODY|NO_DIVERGENCE|HIGH,170143,958,0.005630557824888476,177.60229645093946
a0abf7df823ed24b8809790df8b1e1c4b6837add627937eda2eb2ee635e5a568:H_bag,a0abf7df823ed24b8809790df8b1e1c4b6837add627937eda2eb2ee635e5a568,I3,df938e390411c808b8351b515c1f92e226d9ceb91444d46061335a33a0924afc,2320016,H_bag,ACTION_CHANGED_HORIZON_COMPLETE,true,,true,true,true,HARMFUL,52.900000000001455,[13486],,,I3|BODY|NO_DIVERGENCE|HIGH,170143,958,0.005630557824888476,177.60229645093946
74395782b1119ea3eebe2c24f4a71440c1fc611c718e392c67b87d6a6557e079:H_bag,74395782b1119ea3eebe2c24f4a71440c1fc611c718e392c67b87d6a6557e079,I3,adc318bb46bfe9f9592729c99e0b97e8e8ee320c3c9399175c7fcb4fffc3dbac,2320763,H_bag,ACTION_CHANGED_HORIZON_COMPLETE,true,,true,true,true,HARMFUL,24.299999999995634,[15425],,,I3|BODY|NO_DIVERGENCE|HIGH,170143,958,0.005630557824888476,177.60229645093946
2c8a445e75b13be049a873bb7c012e85804af72beea9b423399af2969ea87d7e:H_bag,2c8a445e75b13be049a873bb7c012e85804af72beea9b423399af2969ea87d7e,I3,ef31ebf713ee23e6109fe3e8c5313fb450eb5adf4b21844e7ea0b9105c14b2ff,2320772,H_bag,ACTION_CHANGED_HORIZON_COMPLETE,true,,true,true,true,HARMFUL,76.59999999999127,[15059],,,I3|BODY|NO_DIVERGENCE|HIGH,170143,958,0.005630557824888476,177.60229645093946
096e2e6a7247fa84b62b9d0a0ded424df156c9de4dafb7cde0e382ba9d020695:H_bag,096e2e6a7247fa84b62b9d0a0ded424df156c9de4dafb7cde0e382ba9d020695,I3,b06d5479c03e5042d19464ad9b0b272d6518aecba3607a7971ebdc53a07ac315,2322711,H_bag,ACTION_CHANGED_HORIZON_COMPLETE,true,,true,true,true,HARMFUL,51.799999999995634,[16507],,,I3|BODY|NO_DIVERGENCE|HIGH,170143,958,0.005630557824888476,177.60229645093946
825c078f5695e5c48c77d1569acd009259b5b1ef659a95d39dba9dc5dcd10036:H_bag,825c078f5695e5c48c77d1569acd009259b5b1ef659a95d39dba9dc5dcd10036,I3,5e17a23e692a0fd3a4834b6fcc2d443832e6c111da2ff552ea82aea0338aa884,2323103,H_bag,ACTION_CHANGED_HORIZON_COMPLETE,true,,true,true,true,NEUTRAL_WITHIN_TOLERANCE,0.0,[16560],,,I3|BODY|NO_DIVERGENCE|HIGH,170143,958,0.005630557824888476,177.60229645093946
2db0f4a2740e4fd77782a05d032848647a41d037bfbb2d111d8f7b1e204d9304:H_bag,2db0f4a2740e4fd77782a05d032848647a41d037bfbb2d111d8f7b1e204d9304,I4,6c8fa2cecfdc1e94f095d0768d9b5fd740e5ca87680eb61d885a8af4c2642f0f,2329241,H_bag,ACTION_CHANGED_HORIZON_COMPLETE,true,,true,true,true,HARMFUL,1.0,[19613],,,I4|BODY|NO_DIVERGENCE|HIGH,471856,945,0.0020027296463327794,499.31851851851854
8a066f1339a64392340bd2d69bab06d1934ef42390d43a03ab9ef71f2750a970:H_bag,8a066f1339a64392340bd2d69bab06d1934ef42390d43a03ab9ef71f2750a970,I3,b027585464e946488b7f61f769b4bad98a4dc163372aa69fd7c54a35ef830dca,2331647,H_bag,ACTION_CHANGED_HORIZON_COMPLETE,true,,true,true,true,HARMFUL,22.549999999995634,[17886],,,I3|BODY|NO_DIVERGENCE|HIGH,170143,958,0.005630557824888476,177.60229645093946
987be2de601399f79dd21c3cb8d73b2d077a80436f52b66f2736766d1d456cef:H_bag,987be2de601399f79dd21c3cb8d73b2d077a80436f52b66f2736766d1d456cef,I4,16c47e705de4ab37a6c038fa52eec30987ffda11302e10f58e61913fa2fe562c,2333536,H_bag,ACTION_CHANGED_HORIZON_COMPLETE,true,,true,true,true,HARMFUL,0.000999999996565748,[19634],,,I4|BODY|NO_DIVERGENCE|HIGH,471856,945,0.0020027296463327794,499.31851851851854
547913ef67dc9c5de784941bbec32d673438a2374d152f6864b9187f932d4e70:H_bag,547913ef67dc9c5de784941bbec32d673438a2374d152f6864b9187f932d4e70,I3,fa40b16ffda7450b148f77342f997c8cdfb03440acb293e3940ff447daf2433f,2333871,H_bag,ACTION_CHANGED_HORIZON_COMPLETE,true,,true,true,true,NEUTRAL_WITHIN_TOLERANCE,0.0,[19636],,,I3|TAIL|NO_DIVERGENCE|HIGH,4196,58,0.013822688274547188,72.34482758620689
9403a50fc33af1167fb4c44e9f7df74b3e79aac78d086bf9979ec49443fa8e08:H_bag,9403a50fc33af1167fb4c44e9f7df74b3e79aac78d086bf9979ec49443fa8e08,I3,167868d1cd685a9d827036149dc9981fe756a1abbd044153460996e76d25f989,2336037,H_bag,ACTION_CHANGED_HORIZON_COMPLETE,true,,true,true,true,HARMFUL,31.34596999999485,[19665],,,I3|BODY|NO_DIVERGENCE|HIGH,170143,958,0.005630557824888476,177.60229645093946
dfd4c2c2d6b4ea48ce3c3a25dc5e1f3f1b0a8602a6ddfaaeccac05132023a6fc:H_bag,dfd4c2c2d6b4ea48ce3c3a25dc5e1f3f1b0a8602a6ddfaaeccac05132023a6fc,I4,f8a6b42ef1895d48f2f6c1c54d45222d1210d9b0025b72cda3efe48028e65e4c,2337875,H_bag,ACTION_CHANGED_HORIZON_COMPLETE,true,,true,true,true,NEUTRAL_WITHIN_TOLERANCE,0.0,[19643],,,I4|BODY|NO_DIVERGENCE|HIGH,471856,945,0.0020027296463327794,499.31851851851854
777e614d140ac5d2f3a39e25230718c46a2dc00cf4f49c681e0174e6883a37fd:H_bag,777e614d140ac5d2f3a39e25230718c46a2dc00cf4f49c681e0174e6883a37fd,I3,8b395170a0c435788ac03b8b6dc8aea29fa7641daa1a7efbfd5d8e8c06f91efb,2340210,H_bag,ACTION_CHANGED_HORIZON_COMPLETE,true,,true,true,true,HARMFUL,89.29995999998937,[19652],,,I3|BODY|NO_DIVERGENCE|HIGH,170143,958,0.005630557824888476,177.60229645093946
bba0ffd072d861321dbb49e329a8fbf2a0faf6f945fd387afd31626d44bba220:H_system,bba0ffd072d861321dbb49e329a8fbf2a0faf6f945fd387afd31626d44bba220,I4,5cb29eeee72add0e60d1f4e13e6d2c35134521e004d65b39e6758e1f13435170,2340402,H_system,ACTION_CHANGED_HORIZON_COMPLETE,true,,true,true,true,NEUTRAL_WITHIN_TOLERANCE,0.0,[19654],[19654],[],I4|BODY|NO_DIVERGENCE|HIGH,471856,945,0.0020027296463327794,499.31851851851854
73f75c5e2cec0bc9e709120f47c363035b8c85748bf99d7656c55d8e1b057c3f:H_bag,73f75c5e2cec0bc9e709120f47c363035b8c85748bf99d7656c55d8e1b057c3f,I3,654216debaf1bc4d75f15879b2927688107929c363ea8d49f78dab3efad964b5,2344513,H_bag,ACTION_CHANGED_HORIZON_COMPLETE,true,,true,true,true,HARMFUL,36.25,[19729],,,I3|BODY|NO_DIVERGENCE|HIGH,170143,958,0.005630557824888476,177.60229645093946
71b2526e90077bacbbd21004027f212886a829196cf2ab4549e46e8668b4fc4d:H_bag,71b2526e90077bacbbd21004027f212886a829196cf2ab4549e46e8668b4fc4d,I3,2dd5c24615e00ab66437451ec41b97baf4591b5fc0e1ce4f17cbe4823dc19add,2346947,H_bag,ACTION_CHANGED_HORIZON_COMPLETE,true,,true,true,true,HARMFUL,80.34999999999127,[19711],,,I3|BODY|NO_DIVERGENCE|HIGH,170143,958,0.005630557824888476,177.60229645093946
58e8f0d1be7e630e27aa103f9a43eb851f610e57bd24dfc26cc70e4a8999234f:H_bag,58e8f0d1be7e630e27aa103f9a43eb851f610e57bd24dfc26cc70e4a8999234f,I3,9ceaff4f3ba79bb8940477ced5b27f8fcea1aa7cf5ada7b94d30bcd93e73f09c,2349611,H_bag,ACTION_CHANGED_HORIZON_COMPLETE,true,,true,true,true,HARMFUL,6.44999999999709,[19789],,,I3|BODY|NO_DIVERGENCE|HIGH,170143,958,0.005630557824888476,177.60229645093946
8a99059544909bf4d0d8bf179197402a93613eb0f8a1674846670ebbca3aece9:H_bag,8a99059544909bf4d0d8bf179197402a93613eb0f8a1674846670ebbca3aece9,I4,0e3911e066de18eec64fc699099cd4df062efac087c670f9886e55a12a4c857a,2351249,H_bag,ACTION_CHANGED_HORIZON_COMPLETE,true,,true,true,true,NEUTRAL_WITHIN_TOLERANCE,0.0,[19799],,,I4|BODY|NO_DIVERGENCE|HIGH,471856,945,0.0020027296463327794,499.31851851851854
33efd69f5f4a95a18c32c5466d351726dd8b2c2c1b63b291cd1c19d21400313c:H_bag,33efd69f5f4a95a18c32c5466d351726dd8b2c2c1b63b291cd1c19d21400313c,I4,a11165b3025ab166430e82110690f61ca7ccbe723e636c342119eac6d6270041,2353627,H_bag,ACTION_CHANGED_HORIZON_COMPLETE,true,,true,true,true,NEUTRAL_WITHIN_TOLERANCE,0.0,[19822],,,I4|BODY|NO_DIVERGENCE|HIGH,471856,945,0.0020027296463327794,499.31851851851854
d372cfee770f9dd15d6facd3c45129d046fd0a208a69350f09f6019379a17552:H_bag,d372cfee770f9dd15d6facd3c45129d046fd0a208a69350f09f6019379a17552,I4,2f6c980069c040b541fa05a9d0124c27192fdf2a223ad119b834d67196200f8b,2357260,H_bag,ACTION_CHANGED_HORIZON_COMPLETE,true,,true,true,true,HARMFUL,1.0,[19814],,,I4|BODY|NO_DIVERGENCE|HIGH,471856,945,0.0020027296463327794,499.31851851851854
e625e1fcf0b622b1048c46817222d41044909824a22ba44ceb5f0f4a469daaa7:H_bag,e625e1fcf0b622b1048c46817222d41044909824a22ba44ceb5f0f4a469daaa7,I3,43fa2ae9ebafdce1e446ac77246e21cab5a93b7c858d615d8a414638380b7ab9,2363030,H_bag,ACTION_CHANGED_HORIZON_COMPLETE,true,,true,true,true,HARMFUL,23.549999999995634,[18062],,,I3|BODY|NO_DIVERGENCE|HIGH,170143,958,0.005630557824888476,177.60229645093946
866f6f5493749663e8c196e38a336716ecb740d2ef60fbf9558e156d4143c1f7:H_bag,866f6f5493749663e8c196e38a336716ecb740d2ef60fbf9558e156d4143c1f7,I3,d36d5a8a5e29b247bfd6517d17bda8a07fcd6f4add492f95cea33871462f43e9,2367484,H_bag,ACTION_CHANGED_HORIZON_COMPLETE,true,,true,true,true,HARMFUL,77.39999999999418,[19876],,,I3|BODY|NO_DIVERGENCE|HIGH,170143,958,0.005630557824888476,177.60229645093946
42aeb1b94b78a8c3e74e58036541c13c441fe7cf097cfc3ee00157a61fa9df80:H_bag,42aeb1b94b78a8c3e74e58036541c13c441fe7cf097cfc3ee00157a61fa9df80,I4,3bb5c4ddee23660a8ccb90a80f278e928713c7afe8e02bd473c70867af72b303,2370585,H_bag,ACTION_CHANGED_HORIZON_COMPLETE,true,,true,true,true,HARMFUL,0.000999999996565748,[19930],,,I4|BODY|NO_DIVERGENCE|HIGH,471856,945,0.0020027296463327794,499.31851851851854
9ffb2fac0fac00418744e7d290a839c12a798ff2c36bcd1f28a942fcc486ae20:H_bag,9ffb2fac0fac00418744e7d290a839c12a798ff2c36bcd1f28a942fcc486ae20,I4,810dfdef4a249bd5fec245787dacb9e17a0bbee7b81e3b3782c1b90fa4624b6d,2372424,H_bag,ACTION_CHANGED_HORIZON_COMPLETE,true,,true,true,true,HARMFUL,0.000999999996565748,[19942],,,I4|BODY|NO_DIVERGENCE|HIGH,471856,945,0.0020027296463327794,499.31851851851854
630cc67c6c4e730a662e7388ad8f8b1b5501a95dfde729fc4a76772e4bd016f8:H_bag,630cc67c6c4e730a662e7388ad8f8b1b5501a95dfde729fc4a76772e4bd016f8,I3,b95216757948b25fd46ff2eb140e665322f5a9286a0fde93f3edd08f3ba89988,2374038,H_bag,ACTION_CHANGED_HORIZON_COMPLETE,true,,true,true,true,HARMFUL,76.34999999999127,[19932],,,I3|BODY|NO_DIVERGENCE|HIGH,170143,958,0.005630557824888476,177.60229645093946
d1ed0714704c2f3b81b89a7648be8fc6a2f09bec38cf9cb495f40d61e4d8e481:H_bag,d1ed0714704c2f3b81b89a7648be8fc6a2f09bec38cf9cb495f40d61e4d8e481,I4,81fc8a96fde303930e92728f2dfd3abe8336efc1fa76ec86e189fdf88e785b08,2377871,H_bag,ACTION_CHANGED_HORIZON_COMPLETE,true,,true,true,true,HARMFUL,0.3769400000019232,[19985],,,I4|BODY|NO_DIVERGENCE|HIGH,471856,945,0.0020027296463327794,499.31851851851854
5a355ee7a8654b3d0505927b4db5a95b8f6ef228111071fbc04be76335b13379:H_bag,5a355ee7a8654b3d0505927b4db5a95b8f6ef228111071fbc04be76335b13379,I4,c30b6c484ab8c0d3aedd7d2a5b1f227dad48373fe8e8e1569b7f0090cc7cb668,2378843,H_bag,ACTION_CHANGED_HORIZON_COMPLETE,true,,true,true,true,HARMFUL,1.0,[19989],,,I4|BODY|NO_DIVERGENCE|HIGH,471856,945,0.0020027296463327794,499.31851851851854
9f78c83abeadd4276e774cd7fcf09108939ceaf6c10af44232863ed48262339a:H_bag,9f78c83abeadd4276e774cd7fcf09108939ceaf6c10af44232863ed48262339a,I4,66e27eb8ff6b58292c85a9792d318b19c289f829b2cfd5b1f27ebc27cae5b69e,2378936,H_bag,ACTION_CHANGED_HORIZON_COMPLETE,true,,true,true,true,HARMFUL,0.5999999999985448,[19982],,,I4|BODY|NO_DIVERGENCE|HIGH,471856,945,0.0020027296463327794,499.31851851851854
0f2d1cdaea6e10988fee06b92a8a5398689ea3320d3ea10ecf580634bb92af1b:H_bag,0f2d1cdaea6e10988fee06b92a8a5398689ea3320d3ea10ecf580634bb92af1b,I4,a91d9067b4510c20bf3f14a31706dfca25f6f175b5b557c7ae36ea1662deffb2,2389380,H_bag,ACTION_CHANGED_HORIZON_COMPLETE,true,,true,true,true,HARMFUL,1.0,[20118],,,I4|BODY|NO_DIVERGENCE|HIGH,471856,945,0.0020027296463327794,499.31851851851854
dfc4e7140182fb52df9850759710b0a6a8b7e5ab50a493b64517a63b192b3e64:H_bag,dfc4e7140182fb52df9850759710b0a6a8b7e5ab50a493b64517a63b192b3e64,I4,91378ef8c67aec0433fc9f412468ff696f74b0e78230f31ae9a137e4ff67dbf8,2391401,H_bag,ACTION_CHANGED_HORIZON_COMPLETE,true,,true,true,true,NEUTRAL_WITHIN_TOLERANCE,0.0,[20133],,,I4|BODY|NO_DIVERGENCE|HIGH,471856,945,0.0020027296463327794,499.31851851851854
530a97f0730e3275ef0102ba579fdd2d985a9248d1dedcfcbd3ca737991a2fd8:H_bag,530a97f0730e3275ef0102ba579fdd2d985a9248d1dedcfcbd3ca737991a2fd8,I3,c41fa3b67936ce3da3a6119c74eefce4a3630875fe811198d31b6a496ead86b9,2391971,H_bag,ACTION_CHANGED_HORIZON_COMPLETE,true,,true,true,true,BENEFICIAL,-4.199999999982538,[20128],,,I3|BODY|NO_DIVERGENCE|HIGH,170143,958,0.005630557824888476,177.60229645093946
a8fbc9ddd43db541d62129271b7e94b5820c778851eefe829c2cff9a11b6d155:H_bag,a8fbc9ddd43db541d62129271b7e94b5820c778851eefe829c2cff9a11b6d155,I3,feac2261d9b0ae55afec977808b02bf77c7aa7a34decf9436466485d34bb60b5,2392678,H_bag,ACTION_CHANGED_HORIZON_COMPLETE,true,,true,true,true,HARMFUL,27.499999999985448,[20145],,,I3|BODY|NO_DIVERGENCE|HIGH,170143,958,0.005630557824888476,177.60229645093946
7fd6634f51f08a130514e1e6ae7565b4b25a98ca344b05ab954393097ebeeb70:H_bag,7fd6634f51f08a130514e1e6ae7565b4b25a98ca344b05ab954393097ebeeb70,I3,c10e040cff45a92c525d41cd610aef54ba39c72d157447d6a898483cb2012c16,2396971,H_bag,ACTION_CHANGED_HORIZON_COMPLETE,true,,true,true,true,HARMFUL,57.94999999999709,[20164],,,I3|BODY|NO_DIVERGENCE|HIGH,170143,958,0.005630557824888476,177.60229645093946
0edfd570739d22d1ce46e9985db885a54d198a1acd8327b93888da97ee7d1cde:H_bag,0edfd570739d22d1ce46e9985db885a54d198a1acd8327b93888da97ee7d1cde,I3,8fe654f973cd9f591e4e1efc7fcddc1a1fbc97a44eb89d351b40e51d287f495b,2411522,H_bag,ACTION_CHANGED_HORIZON_COMPLETE,true,,true,true,true,HARMFUL,52.150000000001455,[17983],,,I3|BODY|NO_DIVERGENCE|HIGH,170143,958,0.005630557824888476,177.60229645093946
54976dd3e43827efbd44f9d799d1196f9467a7fb97ef82e18448ff4c054be1e7:H_bag,54976dd3e43827efbd44f9d799d1196f9467a7fb97ef82e18448ff4c054be1e7,I4,34d5a89c57ade9ba404bb532dcfc2f0e31f77bcadb3379bebe5468171bb5390c,2414355,H_bag,ACTION_CHANGED_HORIZON_COMPLETE,true,,true,true,true,HARMFUL,1.0,[20281],,,I4|BODY|NO_DIVERGENCE|HIGH,471856,945,0.0020027296463327794,499.31851851851854
8ae033e2afaf1d395651eb62746baa72523328f73e12e964419f968388f00024:H_bag,8ae033e2afaf1d395651eb62746baa72523328f73e12e964419f968388f00024,I3,23b5abee03c5d6de5356fdb7c2944cc2beb68cbde735771e749fc5354e7b9fd2,2414477,H_bag,ACTION_CHANGED_HORIZON_COMPLETE,true,,true,true,true,HARMFUL,55.400000000001455,[20246],,,I3|BODY|NO_DIVERGENCE|HIGH,170143,958,0.005630557824888476,177.60229645093946
ceba700ac3bc060e2c2ae090eb07ff25e3a2c229b12b97680d0d316ff4909706:H_bag,ceba700ac3bc060e2c2ae090eb07ff25e3a2c229b12b97680d0d316ff4909706,I4,6b06e3ea05873d67ba4e8fdaae09baeba449f6e518abd730994c8d2e466f7435,2418586,H_bag,ACTION_CHANGED_HORIZON_COMPLETE,true,,true,true,true,HARMFUL,0.000999999996565748,[20311],,,I4|BODY|NO_DIVERGENCE|HIGH,471856,945,0.0020027296463327794,499.31851851851854
f228b0350edbb121c63898a6ee5d4e16bb7f4d0a5dd304ed2b3d8e86a789d94c:H_bag,f228b0350edbb121c63898a6ee5d4e16bb7f4d0a5dd304ed2b3d8e86a789d94c,I4,270baf34e2c49a85a352d28998e02bd5d89b19678b353e19f9bc9f64eccbd153,2422444,H_bag,ACTION_CHANGED_HORIZON_COMPLETE,true,,true,true,true,HARMFUL,1.0,[20320],,,I4|BODY|NO_DIVERGENCE|HIGH,471856,945,0.0020027296463327794,499.31851851851854
5e2588a3b940d83a16c2519d7dcb4baafd7c7636fe9eed9cee3a68cf8a7b641f:H_bag,5e2588a3b940d83a16c2519d7dcb4baafd7c7636fe9eed9cee3a68cf8a7b641f,I3,71a7398c0e5effca489db2130fd61fc57dd5bfe5e48c770faea8de5cfd92bd60,2423925,H_bag,ACTION_CHANGED_HORIZON_COMPLETE,true,,true,true,true,HARMFUL,75.59999999999127,[20341],,,I3|BODY|NO_DIVERGENCE|HIGH,170143,958,0.005630557824888476,177.60229645093946
a615d736b822b77895d03fbcb3493dd8aaae26391e81b5f0abfbf5006b8024b1:H_bag,a615d736b822b77895d03fbcb3493dd8aaae26391e81b5f0abfbf5006b8024b1,I4,374e0cf7838e29c1c3d4c6551d4349efe9a65484dc2df33c7685a3712c7c592b,2425512,H_bag,ACTION_CHANGED_HORIZON_COMPLETE,true,,true,true,true,HARMFUL,0.16824000000633532,[20376],,,I4|BODY|NO_DIVERGENCE|HIGH,471856,945,0.0020027296463327794,499.31851851851854
cfc7116fcf797b3d1367c0ad2175554f6d21757166d593e05c0a6e02f421054a:H_bag,cfc7116fcf797b3d1367c0ad2175554f6d21757166d593e05c0a6e02f421054a,I4,61a82f4ec989ddbe381d2f162e7b8cc332bc4c812eaa1d09e38e3a5ccb38084d,2431728,H_bag,ACTION_CHANGED_HORIZON_COMPLETE,true,,true,true,true,HARMFUL,0.000999999996565748,[16043],,,I4|BODY|NO_DIVERGENCE|HIGH,471856,945,0.0020027296463327794,499.31851851851854
20b7cac5668f42b59188c41967f530dc65d65709e5175fc87c45240b1b9405b8:H_bag,20b7cac5668f42b59188c41967f530dc65d65709e5175fc87c45240b1b9405b8,I3,e172648cf0de69b88b226dce27cbfa85095e6a8b55988e4ce10cfb03a69bed98,2436249,H_bag,ACTION_CHANGED_HORIZON_COMPLETE,true,,true,true,true,HARMFUL,24.049999999995634,[17294],,,I3|BODY|NO_DIVERGENCE|HIGH,170143,958,0.005630557824888476,177.60229645093946
2cf18139f07b36c959e800a9546bf6ce16faedefbb1b814f7676bbbda3232969:H_bag,2cf18139f07b36c959e800a9546bf6ce16faedefbb1b814f7676bbbda3232969,I3,bec32f8b271cd41792f5655f715e7396a8443ca6aa5464f4e4932402b0cced6b,2436458,H_bag,ACTION_CHANGED_HORIZON_COMPLETE,true,,true,true,true,HARMFUL,80.75198000000091,[16332],,,I3|BODY|NO_DIVERGENCE|HIGH,170143,958,0.005630557824888476,177.60229645093946
f6332dc2468298b3d2a2e377daa3dc3e4647b3b8b77a09068335f13b4451a64e:H_bag,f6332dc2468298b3d2a2e377daa3dc3e4647b3b8b77a09068335f13b4451a64e,I4,4500c8eaf73d98269c43fb38e677b5eb3efc2aaefa143de5f562846ba8324cc6,2441289,H_bag,ACTION_CHANGED_HORIZON_COMPLETE,true,,true,true,true,HARMFUL,1.0,[20447],,,I4|BODY|NO_DIVERGENCE|HIGH,471856,945,0.0020027296463327794,499.31851851851854
d0672d4f350dc51047cbe3e2a680f1e6b3380cdf604059962750c78c14739d43:H_bag,d0672d4f350dc51047cbe3e2a680f1e6b3380cdf604059962750c78c14739d43,I3,2d0e8c9873a5306ce5bbf04e4a3872884964ec9c5a262d5cbc8fd05f03610470,2442325,H_bag,ACTION_CHANGED_HORIZON_COMPLETE,true,,true,true,true,HARMFUL,77.71669999998994,[17918],,,I3|BODY|NO_DIVERGENCE|HIGH,170143,958,0.005630557824888476,177.60229645093946
c29e499eb3db8ed22ea893e38d5777b1f0cd75195d3ba6166f23568d1ae41211:H_bag,c29e499eb3db8ed22ea893e38d5777b1f0cd75195d3ba6166f23568d1ae41211,I3,c0c44e19f1b099416839c9d94e0b955a8d871e74f051f735ad998388241972fc,2442984,H_bag,ACTION_CHANGED_HORIZON_COMPLETE,true,,true,true,true,HARMFUL,24.799999999995634,[18092],,,I3|BODY|NO_DIVERGENCE|HIGH,170143,958,0.005630557824888476,177.60229645093946
fe0b9d01a918e2013a6d3f5c77f60342a81754a9a62e637272528017f532b0b7:H_bag,fe0b9d01a918e2013a6d3f5c77f60342a81754a9a62e637272528017f532b0b7,I4,35195b6ed2ba51be370184906a735b4d547b4c9e73d1e90167970ba4d1ef7e60,2445153,H_bag,ACTION_CHANGED_HORIZON_COMPLETE,true,,true,true,true,NEUTRAL_WITHIN_TOLERANCE,0.0,[18183],,,I4|BODY|DIVERGENCE|HIGH,30514,61,0.0019990823884118766,500.2295081967213
9a7f09ad1b9964a53c346320b3e01a5ab3a56fe8890cbe7d77b8833b4459a808:H_bag,9a7f09ad1b9964a53c346320b3e01a5ab3a56fe8890cbe7d77b8833b4459a808,I3,cda46f7dd23a072dc968661adfa73e2092e6d04fb657639720987c8992702ff2,2455889,H_bag,ACTION_CHANGED_HORIZON_COMPLETE,true,,true,true,true,HARMFUL,5.599999999998545,[20560],,,I3|BODY|NO_DIVERGENCE|HIGH,170143,958,0.005630557824888476,177.60229645093946
bb96e586a6a084be89969c42bc6a827772723b32e28e0aa65358cb0ad74d1a20:H_bag,bb96e586a6a084be89969c42bc6a827772723b32e28e0aa65358cb0ad74d1a20,I4,c1cdfa33ed9295c448e21f91fa0f858258ef9fd8dfeabefb7c7cece2476fe296,2457572,H_bag,ACTION_CHANGED_HORIZON_COMPLETE,true,,true,true,true,HARMFUL,0.13027000000147382,[20574],,,I4|BODY|NO_DIVERGENCE|HIGH,471856,945,0.0020027296463327794,499.31851851851854
3971ba8821cd6725adfe5f1d148339358d74f15adad5836ac30b0580a472b013:H_system,3971ba8821cd6725adfe5f1d148339358d74f15adad5836ac30b0580a472b013,I3,5b26b66618d96ac577751695f77dd7ec1c5f9c18a861d5da0c22fb1f1c5afdcb,2458322,H_system,ACTION_CHANGED_HORIZON_COMPLETE,true,,true,true,true,HARMFUL,0.0011985494117254802,[20580],"[20480,20498,20506,20521,20526,20531,20553,20555,20557,20560,20562,20565,20571,20577,20580,20582,20584,20586,20590,20591,20593,20609]","[20480,20498,20506,20521,20526,20531,20553,20555,20557,20560,20562,20565,20571,20577,20582,20584,20586,20590,20591,20593,20609]",I3|BODY|NO_DIVERGENCE|HIGH,170143,958,0.005630557824888476,177.60229645093946
b59bb0690c895c9756142d37ca0a3c7a3d6dda3f2142cdf78aaf722553539f67:H_bag,b59bb0690c895c9756142d37ca0a3c7a3d6dda3f2142cdf78aaf722553539f67,I4,20b769c0d8f7a8d1d921f3d18bc7bb2f02b812610761524de098f9b11ca16c92,2462160,H_bag,ACTION_CHANGED_HORIZON_COMPLETE,true,,true,true,true,HARMFUL,1.0,[20495],,,I4|BODY|NO_DIVERGENCE|HIGH,471856,945,0.0020027296463327794,499.31851851851854
3ebe49320b51ae949ae80779c6aa93b132ae8f4be5033d6e71ac8335c80855d1:H_bag,3ebe49320b51ae949ae80779c6aa93b132ae8f4be5033d6e71ac8335c80855d1,I4,af9f2837d29e730419343e076206b5561d6029f620af691612cf017ab19b2ed7,2466079,H_bag,ACTION_CHANGED_HORIZON_COMPLETE,true,,true,true,true,HARMFUL,0.25,[20576],,,I4|BODY|NO_DIVERGENCE|HIGH,471856,945,0.0020027296463327794,499.31851851851854
e2517f9f0dcd0d06fe1a15b57a38c23ed1f387a074c45d2751f00873669e261d:H_bag,e2517f9f0dcd0d06fe1a15b57a38c23ed1f387a074c45d2751f00873669e261d,I3,d2f0d40d39a8813552bb1f5bc839ac9cf7fc5c4693aecafcf5e71e17be03cb6c,2467306,H_bag,ACTION_CHANGED_HORIZON_COMPLETE,true,,true,true,true,HARMFUL,75.59999999999127,[20598],,,I3|BODY|NO_DIVERGENCE|HIGH,170143,958,0.005630557824888476,177.60229645093946
69e0f06aa0e4e07d8c9fcea8c18c0178d48fe5465a5170369e144419927ff67c:H_system,69e0f06aa0e4e07d8c9fcea8c18c0178d48fe5465a5170369e144419927ff67c,I3,0709641acdc7c2d620cf066ac95f426a8acd143791b0a206403fb8198710d51e,2468121,H_system,ACTION_CHANGED_HORIZON_COMPLETE,true,,true,true,true,HARMFUL,0.0012648212278634219,[20597],[20597],[],I3|BODY|NO_DIVERGENCE|HIGH,170143,958,0.005630557824888476,177.60229645093946
3515d6d4f83eb8860e64b2127b2003beae2070e29366ae612f6e8361168b182a:H_bag,3515d6d4f83eb8860e64b2127b2003beae2070e29366ae612f6e8361168b182a,I3,0905b729e28aa892a7cc41b6e266930f3095bcbd4866b9f36953d230979c44af,2472545,H_bag,ACTION_CHANGED_HORIZON_COMPLETE,true,,true,true,true,HARMFUL,25.400000000001455,[13484],,,I3|TAIL|NO_DIVERGENCE|HIGH,4196,58,0.013822688274547188,72.34482758620689
6d4e40e332f764893c270bfeb72da8f15533175f433d976fd39338b1d0da53ec:H_bag,6d4e40e332f764893c270bfeb72da8f15533175f433d976fd39338b1d0da53ec,I4,db96acbccfc136bd21805fd3004112cb3bfceb8f548523724332fb52d43ebd54,2472916,H_bag,ACTION_CHANGED_HORIZON_COMPLETE,true,,true,true,true,HARMFUL,0.000999999996565748,[15548],,,I4|BODY|NO_DIVERGENCE|HIGH,471856,945,0.0020027296463327794,499.31851851851854
c1d71dc9cb9753f512a8444c9875eae9121f9053e9f6d72de324d784ce900842:H_bag,c1d71dc9cb9753f512a8444c9875eae9121f9053e9f6d72de324d784ce900842,I4,a58c0260638fbeaf2d08a64a3f14c80894be04742f278ed8d00507943b6f0eab,2476518,H_bag,ACTION_CHANGED_HORIZON_COMPLETE,true,,true,true,true,BENEFICIAL,-1.060429999997723,[20668],,,I4|BODY|NO_DIVERGENCE|HIGH,471856,945,0.0020027296463327794,499.31851851851854
601d19cbcc947baae96dc2d1a1f6e2c900131b23cf75ce88308f4aeb911acfbf:H_bag,601d19cbcc947baae96dc2d1a1f6e2c900131b23cf75ce88308f4aeb911acfbf,I3,c690990c5d54400ced11e9ea37a191bcd77fdb67f6aefaca02da6f5d03cc1e18,2479461,H_bag,ACTION_CHANGED_HORIZON_COMPLETE,true,,true,true,true,HARMFUL,24.299999999995634,[17465],,,I3|BODY|NO_DIVERGENCE|HIGH,170143,958,0.005630557824888476,177.60229645093946
4029b649124c6611c2d2f38f519c735dc556a6c2677054270183e2329b89d350:H_bag,4029b649124c6611c2d2f38f519c735dc556a6c2677054270183e2329b89d350,I4,c3f29d034ffe1682927db89a962cd7b060215d7a6437bc0c5543bc36e1fcb679,2484296,H_bag,ACTION_CHANGED_HORIZON_COMPLETE,true,,true,true,true,NEUTRAL_WITHIN_TOLERANCE,0.0,[18127],,,I4|BODY|NO_DIVERGENCE|HIGH,471856,945,0.0020027296463327794,499.31851851851854
d02c3231bbecde1b89fe4e229aa63440eeeaf2b4ee84396077ebfd1e5898f27a:H_bag,d02c3231bbecde1b89fe4e229aa63440eeeaf2b4ee84396077ebfd1e5898f27a,I3,b103e420d35b6fa7dfa657e3f736d8e10fd0fae43c246234bcf38cdd81065e4e,2486349,H_bag,ACTION_CHANGED_HORIZON_COMPLETE,true,,true,true,true,HARMFUL,24.049999999995634,[18189],,,I3|BODY|NO_DIVERGENCE|HIGH,170143,958,0.005630557824888476,177.60229645093946
3b9bd82137ca0ce19d32c2ddc84787bab3db6947757abe5815bb094b88533c8c:H_bag,3b9bd82137ca0ce19d32c2ddc84787bab3db6947757abe5815bb094b88533c8c,I3,ec84b90b472e2c1cb052406ddb4b9ea9f847a6c4b60791a48b3ff2e760653f22,2487378,H_bag,ACTION_CHANGED_HORIZON_COMPLETE,true,,true,true,true,HARMFUL,24.049999999995634,[18214],,,I3|BODY|DIVERGENCE|HIGH,10032,56,0.005582137161084529,179.14285714285714
465025e5597ad921cdf36b02d5b6f3b562601c2be6695d31c56ea986499e9d5c:H_bag,465025e5597ad921cdf36b02d5b6f3b562601c2be6695d31c56ea986499e9d5c,I4,ec84b90b472e2c1cb052406ddb4b9ea9f847a6c4b60791a48b3ff2e760653f22,2487378,H_bag,ACTION_CHANGED_HORIZON_COMPLETE,true,,true,true,true,NEUTRAL_WITHIN_TOLERANCE,0.0,[18214],,,I4|BODY|DIVERGENCE|HIGH,30514,61,0.0019990823884118766,500.2295081967213
c34bbfae91bf503dd900fea751111c574dd09e0ce0e71ff0659a23d85fa87f81:H_bag,c34bbfae91bf503dd900fea751111c574dd09e0ce0e71ff0659a23d85fa87f81,I3,a7f840e7991ab58334417cef1fbfd42ee90f917b773752489fa58cc2ff7eb872,2489575,H_bag,ACTION_CHANGED_HORIZON_COMPLETE,true,,true,true,true,HARMFUL,24.299999999995634,[18556],,,I3|BODY|NO_DIVERGENCE|HIGH,170143,958,0.005630557824888476,177.60229645093946
e908d8ed85212b72563be83fd9566270f3428b6d4991199ba3c7f025e6b4d247:H_bag,e908d8ed85212b72563be83fd9566270f3428b6d4991199ba3c7f025e6b4d247,I3,d1597f1ff79b3bfdb40a17ebfc1d7b1c23fd433da2ac696a781d7eb01ffe79c3,2491694,H_bag,ACTION_CHANGED_HORIZON_COMPLETE,true,,true,true,true,HARMFUL,24.049999999995634,[18730],,,I3|BODY|NO_DIVERGENCE|HIGH,170143,958,0.005630557824888476,177.60229645093946
d5269fb518c70994f986c275dd4cfecd112d75ec438ac80adab7635c8529919a:H_bag,d5269fb518c70994f986c275dd4cfecd112d75ec438ac80adab7635c8529919a,I4,31b60e26253ad977078deaa9faa8f0d2c04729b6cde782a5498862e355f2d0cb,2492401,H_bag,ACTION_CHANGED_HORIZON_COMPLETE,true,,true,true,true,HARMFUL,0.3000000000029104,[18583],,,I4|BODY|NO_DIVERGENCE|HIGH,471856,945,0.0020027296463327794,499.31851851851854
65ae691504e5ba9a2cad34271406f3bb66881130f6031e0ad38d61e6fb45c291:H_bag,65ae691504e5ba9a2cad34271406f3bb66881130f6031e0ad38d61e6fb45c291,I3,563c5ec7c16e63424dff452fb17cb27598cb5c2cd9e65b6fbce947214233b5fd,2494202,H_bag,ACTION_CHANGED_HORIZON_COMPLETE,true,,true,true,true,HARMFUL,22.799999999995634,[19169],,,I3|BODY|NO_DIVERGENCE|HIGH,170143,958,0.005630557824888476,177.60229645093946
7499afcedf3dd3f3402a3412799890b884de31c169feb0bc9d06161f32c11a81:H_bag,7499afcedf3dd3f3402a3412799890b884de31c169feb0bc9d06161f32c11a81,I3,c60800dc80d4182ecc618fd1af6125d473867ec041cc988a5c09f95544f6b32b,2495037,H_bag,ACTION_CHANGED_HORIZON_COMPLETE,true,,true,true,true,HARMFUL,51.400000000001455,[19099],,,I3|BODY|NO_DIVERGENCE|HIGH,170143,958,0.005630557824888476,177.60229645093946
ca0d7e501fd42757f84e2dff922a59d47a13956249255765ae1aa8ee47396c27:H_bag,ca0d7e501fd42757f84e2dff922a59d47a13956249255765ae1aa8ee47396c27,I3,6dac18a9038f8f2a447d073852383950b6f45e409f5ca9b083bf04bbcccf8b5e,2497273,H_bag,ACTION_CHANGED_HORIZON_COMPLETE,true,,true,true,true,HARMFUL,25.60000000000582,[20767],,,I3|BODY|NO_DIVERGENCE|HIGH,170143,958,0.005630557824888476,177.60229645093946
a4b9cd3da9210e8a96671edd07399e237ef5c23a46990ff792a519c191c02616:H_bag,a4b9cd3da9210e8a96671edd07399e237ef5c23a46990ff792a519c191c02616,I4,7d1022c5cc12d6caf09e295fffe00335562479685c4d927bb3e96924c8b55f8c,2501019,H_bag,ACTION_CHANGED_HORIZON_COMPLETE,true,,true,true,true,HARMFUL,0.5999999999985448,[13812],,,I4|TAIL|NO_DIVERGENCE|HIGH,13582,67,0.004932999558238846,202.71641791044775
767fed7980c26528d98f695bf0b8f1cb58c590da032eb12707120782684fcd7e:H_bag,767fed7980c26528d98f695bf0b8f1cb58c590da032eb12707120782684fcd7e,I3,e8229c875207d0a0d31250312435b64d6568d1c75dc92ef584132ed24e17836d,2503795,H_bag,ACTION_CHANGED_HORIZON_COMPLETE,true,,true,true,true,HARMFUL,75.59999999999127,[15250],,,I3|BODY|NO_DIVERGENCE|HIGH,170143,958,0.005630557824888476,177.60229645093946
a5c2134158bf5cc23090d2a68c38a66a9bf142efb6dfbd0896d53c64b12c642b:H_bag,a5c2134158bf5cc23090d2a68c38a66a9bf142efb6dfbd0896d53c64b12c642b,I3,c4dc130df6bdc28e768395bb508dcbd573c06bcc5ae4cce9a1661070281962cb,2505469,H_bag,ACTION_CHANGED_HORIZON_COMPLETE,true,,true,true,true,HARMFUL,25.400000000001455,[16710],,,I3|BODY|NO_DIVERGENCE|HIGH,170143,958,0.005630557824888476,177.60229645093946
51907c823947caa421bd9900747fb37f7518ed484376c3ca313fb260b44d3411:H_bag,51907c823947caa421bd9900747fb37f7518ed484376c3ca313fb260b44d3411,I3,a88df8beeca4f2b4c447e60f337be78d8bed45004401ad3617ba3aa6e7026a9e,2509745,H_bag,ACTION_CHANGED_HORIZON_COMPLETE,true,,true,true,true,HARMFUL,25.60000000000582,[20797],,,I3|BODY|NO_DIVERGENCE|HIGH,170143,958,0.005630557824888476,177.60229645093946
ae9193eb1eec21f9fba95d7874457ae705c43fe6c4ae4aa202cee7e7d78401ff:H_bag,ae9193eb1eec21f9fba95d7874457ae705c43fe6c4ae4aa202cee7e7d78401ff,I3,8b6136d9b00a5f4bbc190e035c25314d589478b6824eb1a901873331375eb7a6,2509965,H_bag,ACTION_CHANGED_HORIZON_COMPLETE,true,,true,true,true,HARMFUL,24.299999999995634,[18344],,,I3|BODY|NO_DIVERGENCE|HIGH,170143,958,0.005630557824888476,177.60229645093946
571ea71c518e45a48603ed2a7cb216f989d43665046eb673c1d2fbc07a4b4714:H_bag,571ea71c518e45a48603ed2a7cb216f989d43665046eb673c1d2fbc07a4b4714,I3,8392964548a9e7a396511545b0af9fd4b252305e035f3fa143c14420212373da,2512535,H_bag,ACTION_CHANGED_HORIZON_COMPLETE,true,,true,true,true,NEUTRAL_WITHIN_TOLERANCE,0.0,[18626],,,I3|BODY|NO_DIVERGENCE|HIGH,170143,958,0.005630557824888476,177.60229645093946
cdb10c9599cc0eaf250f2d50e08135c00e4ac93d76a22c435a46a1f98c0ecead:H_bag,cdb10c9599cc0eaf250f2d50e08135c00e4ac93d76a22c435a46a1f98c0ecead,I3,2da563fe95f763b6892a3402565a2c3bcfc2817026fa9177d3aff5ebb6505ad3,2515524,H_bag,ACTION_CHANGED_HORIZON_COMPLETE,true,,true,true,true,HARMFUL,53.650000000001455,[18766],,,I3|BODY|NO_DIVERGENCE|HIGH,170143,958,0.005630557824888476,177.60229645093946
e74136de27a5c000d371d32c53ffa7c8c16825136c1185ac81c663b1a29a400b:H_bag,e74136de27a5c000d371d32c53ffa7c8c16825136c1185ac81c663b1a29a400b,I4,c90a86864f42d8a9b8045b72c4ff619ac5b9e8fea4cb59c68014f3c0207bda37,2516053,H_bag,ACTION_CHANGED_HORIZON_COMPLETE,true,,true,true,true,HARMFUL,0.5999999999985448,[18808],,,I4|BODY|NO_DIVERGENCE|HIGH,471856,945,0.0020027296463327794,499.31851851851854
e5e3bbd8e619c88660a4bdfa1ec7134b7383da63005133406d45f805ac5fb26b:H_bag,e5e3bbd8e619c88660a4bdfa1ec7134b7383da63005133406d45f805ac5fb26b,I3,8daeeb0d2ff1a57a5b1884a1d6413460cf09fb09d58fb81d040b8ac9c11b242e,2517153,H_bag,ACTION_CHANGED_HORIZON_COMPLETE,true,,true,true,true,HARMFUL,0.25,[19049],,,I3|BODY|NO_DIVERGENCE|HIGH,170143,958,0.005630557824888476,177.60229645093946
e23a365e6746e69cc8f62cf0537a1df964e6b8c55ede484b818e8f9a4e6eb24d:H_bag,e23a365e6746e69cc8f62cf0537a1df964e6b8c55ede484b818e8f9a4e6eb24d,I3,30da3aabf36dcdaa966dbc2576940452a540e28e7e634c1b082f88ce12fe8855,2518080,H_bag,ACTION_CHANGED_HORIZON_COMPLETE,true,,true,true,true,HARMFUL,24.549999999995634,[19165],,,I3|BODY|NO_DIVERGENCE|HIGH,170143,958,0.005630557824888476,177.60229645093946
c3931dad7ba6847ade286a94258e3e4b6ad1ee7629c50a58c347fd7288be8b6a:H_bag,c3931dad7ba6847ade286a94258e3e4b6ad1ee7629c50a58c347fd7288be8b6a,I3,d7aaaab6d138c45e6744bb9d71a2c4625bdc85cbdd0001b407c264c5e17012a7,2522879,H_bag,ACTION_CHANGED_HORIZON_COMPLETE,true,,true,true,true,HARMFUL,78.09999999999127,[20803],,,I3|BODY|NO_DIVERGENCE|HIGH,170143,958,0.005630557824888476,177.60229645093946
6a54a1d855810353438ebc0392e27a05383fd821a7965c760fa70eb172e938dd:H_bag,6a54a1d855810353438ebc0392e27a05383fd821a7965c760fa70eb172e938dd,I3,1866bcec7cb15d9b0910118d4a3d69961b3dfc87e6da89cd826b7a011bf08471,2525017,H_bag,ACTION_CHANGED_HORIZON_COMPLETE,true,,true,true,true,HARMFUL,6.80000000000291,[20879],,,I3|BODY|DIVERGENCE|HIGH,10032,56,0.005582137161084529,179.14285714285714
d587753bedf486132a22bd6a14c28031286d2f914752dbceac6781b3ec3675a7:H_system,d587753bedf486132a22bd6a14c28031286d2f914752dbceac6781b3ec3675a7,I4,f5aa2c9bdf6f7fc0dbb79dcdd16d20e6132108c54c51a059ed13d7dfa2c81dc1,2530761,H_system,ACTION_CHANGED_HORIZON_COMPLETE,true,,true,true,true,HARMFUL,-0.0001499587184525808,[20942],"[20926,20942,20944,20946,20949,20951]","[20926,20944,20946,20949,20951]",I4|BODY|NO_DIVERGENCE|HIGH,471856,945,0.0020027296463327794,499.31851851851854
7ab712de0e786a9ea359409663b7571e119503557d239f3cfbc5cd0d711361f1:H_bag,7ab712de0e786a9ea359409663b7571e119503557d239f3cfbc5cd0d711361f1,I4,0dde93d796028af46ca5e4f3ee4676d19b259fadbd9a277a161f45ebf626032b,2533963,H_bag,ACTION_CHANGED_HORIZON_COMPLETE,true,,true,true,true,HARMFUL,1.0,[20960],,,I4|BODY|NO_DIVERGENCE|HIGH,471856,945,0.0020027296463327794,499.31851851851854
57a294a440107397758ba43fcaa624ad91ddb11f7aa9ee0463d9eb58530148e0:H_bag,57a294a440107397758ba43fcaa624ad91ddb11f7aa9ee0463d9eb58530148e0,I3,71b2bfdd98ba9a376bed900be5219a98d11c885d381286b1cad6826c442c89dd,2538603,H_bag,ACTION_CHANGED_HORIZON_COMPLETE,true,,true,true,true,HARMFUL,66.00740000001679,[20980],,,I3|BODY|NO_DIVERGENCE|HIGH,170143,958,0.005630557824888476,177.60229645093946
742a4758f09183ed994e799fb614c996717f72e93e4be9789f8b0ee59f39ab09:H_bag,742a4758f09183ed994e799fb614c996717f72e93e4be9789f8b0ee59f39ab09,I3,c70abfbbe950e29df173af18c8f262289d01f46c995d2952c42ccdcb1a0ba3c4,2539897,H_bag,ACTION_CHANGED_HORIZON_COMPLETE,true,,true,true,true,HARMFUL,64.76989000000322,[20980],,,I3|BODY|NO_DIVERGENCE|HIGH,170143,958,0.005630557824888476,177.60229645093946
ec86e914be9dd89f6d110268d8e59b31b4573f6c2503d9ba4321cb01d7e20bb1:H_bag,ec86e914be9dd89f6d110268d8e59b31b4573f6c2503d9ba4321cb01d7e20bb1,I3,8afc56046182d6bab8a4bcdf5a3d4674c017f63713879bb5d51c49b959308ab0,2539939,H_bag,ACTION_CHANGED_HORIZON_COMPLETE,true,,true,true,true,HARMFUL,65.01989000000322,[20980],,,I3|BODY|NO_DIVERGENCE|HIGH,170143,958,0.005630557824888476,177.60229645093946
51601ba76515625bb8d1474d79f624134e5704ea95690e80274f23e5b6165745:H_bag,51601ba76515625bb8d1474d79f624134e5704ea95690e80274f23e5b6165745,I3,8b8828fe59340d9e56d39c79d9488dd65b33238a33d44a6d2e077a44996935c4,2545389,H_bag,ACTION_CHANGED_HORIZON_COMPLETE,true,,true,true,true,HARMFUL,23.799999999995634,[18632],,,I3|BODY|NO_DIVERGENCE|HIGH,170143,958,0.005630557824888476,177.60229645093946
9197e9b18c2fc032728fbffb47ab157625e2ae904cfcb5803bb45b55abd17ebe:H_bag,9197e9b18c2fc032728fbffb47ab157625e2ae904cfcb5803bb45b55abd17ebe,I4,0f4610eb030a7d493144f4c07cdc00bba8176cc818bd4ab7acf7b801dceb48fc,2546939,H_bag,ACTION_CHANGED_HORIZON_COMPLETE,true,,true,true,true,HARMFUL,1.0,[18650],,,I4|BODY|NO_DIVERGENCE|HIGH,471856,945,0.0020027296463327794,499.31851851851854
bf08ca23ed4a8af9432df86c10b4f619f60f157fa936d8327f45e570bbbc8725:H_system,bf08ca23ed4a8af9432df86c10b4f619f60f157fa936d8327f45e570bbbc8725,I4,e73da002b333f9b79e8081916b093a290a7feab9f72e32bf8f864509bca9096f,2548922,H_system,ACTION_CHANGED_HORIZON_COMPLETE,true,,true,true,true,HARMFUL,2.0635506700728e-05,[18927],[18927],[],I4|BODY|NO_DIVERGENCE|HIGH,471856,945,0.0020027296463327794,499.31851851851854
933d5c2465ac178f0e439de7a7f7114a5ba32c0d9a74bc3452b81bdc5afcbe0f:H_system,933d5c2465ac178f0e439de7a7f7114a5ba32c0d9a74bc3452b81bdc5afcbe0f,I4,cf14de24486463002975c9cb62a7ba38a10b5ac8edd79ff056b2c942daa73d82,2548982,H_system,ACTION_CHANGED_HORIZON_COMPLETE,true,,true,true,true,HARMFUL,5.160195399867007e-05,[21032],"[19525,19527,19529,19533,19535,21032,21034]","[19525,19527,19529,19533,19535,21034]",I4|BODY|NO_DIVERGENCE|HIGH,471856,945,0.0020027296463327794,499.31851851851854
6dfd4407701a0fd517abea2d52275f1208dcdea5964a89417e30b9c735258bf7:H_bag,6dfd4407701a0fd517abea2d52275f1208dcdea5964a89417e30b9c735258bf7,I4,1b325c2687006e60c8b692312089f2a7d857eeb407c1c6b47e3725f977e42945,2549134,H_bag,ACTION_CHANGED_HORIZON_COMPLETE,true,,true,true,true,HARMFUL,0.25,[21035],,,I4|BODY|NO_DIVERGENCE|HIGH,471856,945,0.0020027296463327794,499.31851851851854
17d05e6a78ffb732490331383b43a7e3d94b6358ec38638840ebe776e523e96a:H_bag,17d05e6a78ffb732490331383b43a7e3d94b6358ec38638840ebe776e523e96a,I4,cf5566c00c3af163bdd6c3a897f4989de6c3003509f92d4dd618400d27d08dbe,2550399,H_bag,ACTION_CHANGED_HORIZON_COMPLETE,true,,true,true,true,HARMFUL,0.000999999996565748,[19289],,,I4|BODY|NO_DIVERGENCE|HIGH,471856,945,0.0020027296463327794,499.31851851851854
7494066a33e58f378da0ac81cda67659ec875c90f9edfaaa00f180f95c08ab53:H_bag,7494066a33e58f378da0ac81cda67659ec875c90f9edfaaa00f180f95c08ab53,I3,8e82e5c0fc764449789313fe3163641074e9c257d01e587a651befe2f312a6b4,2550524,H_bag,ACTION_CHANGED_HORIZON_COMPLETE,true,,true,true,true,HARMFUL,53.799999999995634,[19293],,,I3|BODY|NO_DIVERGENCE|HIGH,170143,958,0.005630557824888476,177.60229645093946
c9b49c72d24a6ab442810c496e5ab91c764e857f6fd3d405ff585fda3971b8fc:H_bag,c9b49c72d24a6ab442810c496e5ab91c764e857f6fd3d405ff585fda3971b8fc,I4,376e0302003496f7ec69d9da3eea3b64c9f3fa80435fcfa5cd4855a9c648554b,2552757,H_bag,ACTION_CHANGED_HORIZON_COMPLETE,true,,true,true,true,HARMFUL,0.5999999999985448,[19432],,,I4|BODY|NO_DIVERGENCE|HIGH,471856,945,0.0020027296463327794,499.31851851851854
d536b0b90e04c944edc1443efe64891cea5185bcf8b812cad87901ac848db681:H_bag,d536b0b90e04c944edc1443efe64891cea5185bcf8b812cad87901ac848db681,I3,77753cccb102746635bfe98858ae178108c7bd571b936d25a4e785a2329c132e,2553460,H_bag,ACTION_CHANGED_HORIZON_COMPLETE,true,,true,true,true,HARMFUL,24.549999999995634,[19527],,,I3|BODY|NO_DIVERGENCE|HIGH,170143,958,0.005630557824888476,177.60229645093946
665d39d200ca49599bd80e9ac601261d62eafb4b5459c7dfe77e5d73db860421:H_bag,665d39d200ca49599bd80e9ac601261d62eafb4b5459c7dfe77e5d73db860421,I3,d2e9fa3c04b870e60dd0f6092b214e78ff417625887107946692f013ef8c74a5,2553880,H_bag,ACTION_CHANGED_HORIZON_COMPLETE,true,,true,true,true,HARMFUL,75.59999999999127,[21038],,,I3|BODY|NO_DIVERGENCE|HIGH,170143,958,0.005630557824888476,177.60229645093946
3626043ee40e6043f1cca311610a152b800ba3582b828eda8ce1aa320fcbe04d:H_bag,3626043ee40e6043f1cca311610a152b800ba3582b828eda8ce1aa320fcbe04d,I4,d655bceb548ed1b35b1a63f79e623293e2662522d6a08edd61f5f34e21bf180d,2561272,H_bag,ACTION_CHANGED_HORIZON_COMPLETE,true,,true,true,true,NEUTRAL_WITHIN_TOLERANCE,0.0,[19397],,,I4|BODY|NO_DIVERGENCE|HIGH,471856,945,0.0020027296463327794,499.31851851851854
5e2389ac729908d8eca7898ca923057170e78ca0750b3c6ebd18507551486082:H_bag,5e2389ac729908d8eca7898ca923057170e78ca0750b3c6ebd18507551486082,I4,50a5ab8f03744c8bf30a3d0ef1001c063a20b93641df84ce1c6233d3550be212,2565424,H_bag,ACTION_CHANGED_HORIZON_COMPLETE,true,,true,true,true,NEUTRAL_WITHIN_TOLERANCE,0.0,[21112],,,I4|BODY|NO_DIVERGENCE|HIGH,471856,945,0.0020027296463327794,499.31851851851854
7c46f69f9023ce49b0c92015161036925e6e57cf66bd3bb1e2c0de14d02e3a7c:H_bag,7c46f69f9023ce49b0c92015161036925e6e57cf66bd3bb1e2c0de14d02e3a7c,I3,f7da5e0f17a15bfcf34295623fa9bf3b855131e1c1f4e28bb410ae733f778b28,2582367,H_bag,ACTION_CHANGED_HORIZON_COMPLETE,true,,true,true,true,HARMFUL,52.023910000003525,[18449],,,I3|BODY|NO_DIVERGENCE|HIGH,170143,958,0.005630557824888476,177.60229645093946
3780bf0663d9033b95014115d086d95a69021ce7cb7d96d79ae71a5eeee1f757:H_bag,3780bf0663d9033b95014115d086d95a69021ce7cb7d96d79ae71a5eeee1f757,I3,8bfc0fc971a1fe5c56189f3167725d99d82924856430008ad039f5ccb0d5f0d2,2582828,H_bag,ACTION_CHANGED_HORIZON_COMPLETE,true,,true,true,true,HARMFUL,51.049999999995634,[18826],,,I3|BODY|NO_DIVERGENCE|HIGH,170143,958,0.005630557824888476,177.60229645093946
6fd9290eb0f012f66ca1d7bb1d131c1cb9073170c7286d7d06bbfe0acfd71d5d:H_bag,6fd9290eb0f012f66ca1d7bb1d131c1cb9073170c7286d7d06bbfe0acfd71d5d,I3,b22b1dc2303c74d4a6bb647767bf75d41d56d3e362b5df9411e98211e0799725,2583885,H_bag,ACTION_CHANGED_HORIZON_COMPLETE,true,,true,true,true,HARMFUL,30.984989999997197,[21280],,,I3|BODY|NO_DIVERGENCE|HIGH,170143,958,0.005630557824888476,177.60229645093946
b4f6a17bc310dc695b692cd426844966bd49119de74c7e998c7a1548e5a0d387:H_bag,b4f6a17bc310dc695b692cd426844966bd49119de74c7e998c7a1548e5a0d387,I3,228e2fed7304dd1adc8251f39a3bfc809a1e7e0e8f988cd55192705afa6c7564,2585677,H_bag,ACTION_CHANGED_HORIZON_COMPLETE,true,,true,true,true,HARMFUL,50.53509999999369,[21280],,,I3|BODY|NO_DIVERGENCE|HIGH,170143,958,0.005630557824888476,177.60229645093946
71dbca2e4ef352a303e7155aaac8eb73f93598c071a44a6a3bb76341d0972db3:H_bag,71dbca2e4ef352a303e7155aaac8eb73f93598c071a44a6a3bb76341d0972db3,I3,16423a6dc6d437e6f1bcfe9a4acc2b3fa0d3edc0d623fcee56be391e73104d8c,2588119,H_bag,ACTION_CHANGED_HORIZON_COMPLETE,true,,true,true,true,HARMFUL,76.59999999999127,[19839],,,I3|BODY|NO_DIVERGENCE|HIGH,170143,958,0.005630557824888476,177.60229645093946
8505fbb9927533b0b89ed50ad693e446353b45252b8e5cfa1f26dd22972db9f8:H_bag,8505fbb9927533b0b89ed50ad693e446353b45252b8e5cfa1f26dd22972db9f8,I3,1b18130041314b9add012e4ff1fc7ac90b9ff7a8d6c3378c27bda8f805efd7dd,2589552,H_bag,ACTION_CHANGED_HORIZON_COMPLETE,true,,true,true,true,HARMFUL,78.59999999999127,[21322],,,I3|BODY|NO_DIVERGENCE|HIGH,170143,958,0.005630557824888476,177.60229645093946
7d65c53dd9afbd138b128f05ab8edd0e0479e8ea02f2df3dc610c9831e8d9db4:H_bag,7d65c53dd9afbd138b128f05ab8edd0e0479e8ea02f2df3dc610c9831e8d9db4,I4,a562d9cc3bab2a618657add4ff6a8eba793a8c9521b511e060f75e642c7b226b,2596412,H_bag,ACTION_CHANGED_HORIZON_COMPLETE,true,,true,true,true,HARMFUL,0.000999999996565748,[18680],,,I4|BODY|NO_DIVERGENCE|HIGH,471856,945,0.0020027296463327794,499.31851851851854
c6940313b4fceac85f883f5edadfba0f3136a50583f78dffd4a241feaffcbdab:H_bag,c6940313b4fceac85f883f5edadfba0f3136a50583f78dffd4a241feaffcbdab,I3,159573c947113361c9ea75a5c70376079c7d77d943fe9f171f4f3d9d9de7baba,2598198,H_bag,ACTION_CHANGED_HORIZON_COMPLETE,true,,true,true,true,HARMFUL,75.59999999999127,[19574],,,I3|BODY|NO_DIVERGENCE|HIGH,170143,958,0.005630557824888476,177.60229645093946
f9096b988ff00368021421f93b4eb67e9e2744c228ce870830db221a6244f724:H_bag,f9096b988ff00368021421f93b4eb67e9e2744c228ce870830db221a6244f724,I3,3c7719fb6b5cac9212fa3bec696012aacb8089d89b9733e2782ac3a73f2895f4,2600648,H_bag,ACTION_CHANGED_HORIZON_COMPLETE,true,,true,true,true,HARMFUL,54.400000000001455,[21413],,,I3|BODY|NO_DIVERGENCE|HIGH,170143,958,0.005630557824888476,177.60229645093946
ad7e5ba844f8e5e9ad20ee245eeb807c553b4fa1cd44c1970aeacce96d4ea907:H_bag,ad7e5ba844f8e5e9ad20ee245eeb807c553b4fa1cd44c1970aeacce96d4ea907,I3,f411c7b322e85a28431e00e52bec7a5328f50025c47ed95bac75d96f8d494ea0,2601760,H_bag,ACTION_CHANGED_HORIZON_COMPLETE,true,,true,true,true,HARMFUL,13.246160000009695,[21452],,,I3|BODY|NO_DIVERGENCE|HIGH,170143,958,0.005630557824888476,177.60229645093946
cfc0bd14249c66582a0814608b2ff0d050074bc4b9bcfc867bd79725566ebc89:H_bag,cfc0bd14249c66582a0814608b2ff0d050074bc4b9bcfc867bd79725566ebc89,I4,5bb2f8f26d4f046a8b0688f72f4e6ea9aba9ef9a2fa7706d125d2c38b457194a,2603645,H_bag,ACTION_CHANGED_HORIZON_COMPLETE,true,,true,true,true,HARMFUL,0.25,[21480],,,I4|BODY|NO_DIVERGENCE|HIGH,471856,945,0.0020027296463327794,499.31851851851854
4fc06d1fc9529a5c2bab36ea7e35a9963d918f9053a076c1eaf3fb5f444cfaf9:H_bag,4fc06d1fc9529a5c2bab36ea7e35a9963d918f9053a076c1eaf3fb5f444cfaf9,I4,eff412ea65992d2191ff9ead0769dbbb3fe6d6eef246ce82c935f14ed0d68f88,2604792,H_bag,ACTION_CHANGED_HORIZON_COMPLETE,true,,true,true,true,NEUTRAL_WITHIN_TOLERANCE,0.0,[21462],,,I4|BODY|NO_DIVERGENCE|HIGH,471856,945,0.0020027296463327794,499.31851851851854
fc5639bb27cd8615d34cc033606f24c3765a57f995381d2c8a56ad3512f550c3:H_system,fc5639bb27cd8615d34cc033606f24c3765a57f995381d2c8a56ad3512f550c3,I4,70277acd95bdcc37f91c530f14fc115d1c3afcbf64c3b3746823a8defd9b8092,2608091,H_system,ACTION_CHANGED_HORIZON_COMPLETE,true,,true,true,true,HARMFUL,2.2934201780344665e-05,[21476],[21476],[],I4|BODY|NO_DIVERGENCE|HIGH,471856,945,0.0020027296463327794,499.31851851851854
5f5d5087135c80fe861d5037cf357d159424e379597b618e40da7a732cd5a3ae:H_bag,5f5d5087135c80fe861d5037cf357d159424e379597b618e40da7a732cd5a3ae,I4,41f89b03eb7e49f1785d580e6a2ff890c75c8468d1fd5fe223737b7e299d27c3,2609663,H_bag,ACTION_CHANGED_HORIZON_COMPLETE,true,,true,true,true,BENEFICIAL,-1.0666999999957625,[21535],,,I4|BODY|NO_DIVERGENCE|HIGH,471856,945,0.0020027296463327794,499.31851851851854
1d08c201f8367f34fc0318a1b39aab3bcb25ef12a7c19ee2d7c0751b42160c9b:H_bag,1d08c201f8367f34fc0318a1b39aab3bcb25ef12a7c19ee2d7c0751b42160c9b,I3,bc67f6527e62fad5f0f5835c9d0351766aac249c22a93d96760fba187e8ab6f4,2611757,H_bag,ACTION_CHANGED_HORIZON_COMPLETE,true,,true,true,true,HARMFUL,85.34999999999127,[21509],,,I3|BODY|NO_DIVERGENCE|HIGH,170143,958,0.005630557824888476,177.60229645093946
ba7351a88d282fc032f52f570147f423c3c449aacce99ab8ce21f1653ca7c55c:H_bag,ba7351a88d282fc032f52f570147f423c3c449aacce99ab8ce21f1653ca7c55c,I4,c693c0b45cd09ba64859d54a075d4888085a489ac9035c9617493f9609454b3d,2614043,H_bag,ACTION_CHANGED_HORIZON_COMPLETE,true,,true,true,true,HARMFUL,0.17332999999052845,[21576],,,I4|BODY|NO_DIVERGENCE|HIGH,471856,945,0.0020027296463327794,499.31851851851854
560ee6d0fb28512ee52ed8954d8a55cc03dc482e20b36e57c1057745396a2cc4:H_bag,560ee6d0fb28512ee52ed8954d8a55cc03dc482e20b36e57c1057745396a2cc4,I4,ce41b3738afddccf31a727e386781af42d9da8d19f0a380b5de2c1501a341526,2615498,H_bag,ACTION_CHANGED_HORIZON_COMPLETE,true,,true,true,true,HARMFUL,0.39315000000351574,[21600],,,I4|BODY|NO_DIVERGENCE|HIGH,471856,945,0.0020027296463327794,499.31851851851854
a46c248c698b8debae98fc8cc1c8389d4bd8f8a69e7c19577cf4e327e9cf37f6:H_bag,a46c248c698b8debae98fc8cc1c8389d4bd8f8a69e7c19577cf4e327e9cf37f6,I4,b7f280eb7342c293c00165af490823092cbed70816d19149dbf51632145db547,2615544,H_bag,ACTION_CHANGED_HORIZON_COMPLETE,true,,true,true,true,NEUTRAL_WITHIN_TOLERANCE,0.0,[21557],,,I4|BODY|NO_DIVERGENCE|HIGH,471856,945,0.0020027296463327794,499.31851851851854
0045a35a7a598f47824c6e5936957e8cb79262d0fb9faa2e711b843e57fbeb86:H_bag,0045a35a7a598f47824c6e5936957e8cb79262d0fb9faa2e711b843e57fbeb86,I4,1b90dc450a3b39aa25cdb76dd0d0adaac62f84e55a134d88abdd5338de21c3d0,2616437,H_bag,ACTION_CHANGED_HORIZON_COMPLETE,true,,true,true,true,HARMFUL,0.3664199999839184,[21587],,,I4|BODY|NO_DIVERGENCE|HIGH,471856,945,0.0020027296463327794,499.31851851851854
622f9fa56d2311842ccf17c8af7643cf466a3ba393557ce8c61825e0ab4b3eeb:H_bag,622f9fa56d2311842ccf17c8af7643cf466a3ba393557ce8c61825e0ab4b3eeb,I4,d3b83fdc86538976fc8bed638a76105c323aed197ca0d46b3aff5051ead76af5,2619391,H_bag,ACTION_CHANGED_HORIZON_COMPLETE,true,,true,true,true,HARMFUL,1.0,[21625],,,I4|BODY|NO_DIVERGENCE|HIGH,471856,945,0.0020027296463327794,499.31851851851854
bb2250abda4945fd981d75063855e534353f4670f6b4a47f38b529436f797457:H_bag,bb2250abda4945fd981d75063855e534353f4670f6b4a47f38b529436f797457,I3,9e3fc40b902e14404b8b7bcdaf930364e62eac01ecd330b1587f5bc48f815ecc,2625191,H_bag,ACTION_CHANGED_HORIZON_COMPLETE,true,,true,true,true,HARMFUL,25.60000000000582,[21697],,,I3|BODY|NO_DIVERGENCE|HIGH,170143,958,0.005630557824888476,177.60229645093946
941b0abab02c2e20525f8df39a391e803e88301ac8114b18badbe91a95f8c603:H_bag,941b0abab02c2e20525f8df39a391e803e88301ac8114b18badbe91a95f8c603,I4,cef21d1f527f19d8a94dac39a9a052da8de07d02ccb9171b4d05602ab6792013,2625870,H_bag,ACTION_CHANGED_HORIZON_COMPLETE,true,,true,true,true,HARMFUL,1.0,[21711],,,I4|BODY|NO_DIVERGENCE|HIGH,471856,945,0.0020027296463327794,499.31851851851854
de92866d87d4406ca0284776cdb7cc31cb598fc6972ac7e85d56bb8e2892e8ba:H_bag,de92866d87d4406ca0284776cdb7cc31cb598fc6972ac7e85d56bb8e2892e8ba,I3,08c7c0603dea77638a867948791769b8d36c0bea5722ede588bc761759673eff,2626042,H_bag,ACTION_CHANGED_HORIZON_COMPLETE,true,,true,true,true,HARMFUL,40.30000000000291,[21711],,,I3|BODY|NO_DIVERGENCE|LOW,1012,6,0.005928853754940711,168.66666666666669
1440778223bbe1240b80ccf25d0393456c959dc1715424844fa7a6f7e324bc15:H_bag,1440778223bbe1240b80ccf25d0393456c959dc1715424844fa7a6f7e324bc15,I4,eba626d19f3286f77733de46601fee51e2b4b0844091a96d9d7960c542aea4a3,2626847,H_bag,ACTION_CHANGED_HORIZON_COMPLETE,true,,true,true,true,NEUTRAL_WITHIN_TOLERANCE,0.0,[17681],,,I4|BODY|NO_DIVERGENCE|HIGH,471856,945,0.0020027296463327794,499.31851851851854
71c2f4bb9e1a60a86f8a178f89001e5a7ed478f7b330c74466d54d96015ecf1e:H_bag,71c2f4bb9e1a60a86f8a178f89001e5a7ed478f7b330c74466d54d96015ecf1e,I3,626698a28e18a985a901f97eb63e1688f085cac80305850123c2738e814f5b9f,2628052,H_bag,ACTION_CHANGED_HORIZON_COMPLETE,true,,true,true,true,HARMFUL,24.549999999995634,[19827],,,I3|BODY|NO_DIVERGENCE|HIGH,170143,958,0.005630557824888476,177.60229645093946
abae0a51bdf27a8fb27ce9b2ecf7171769bde49443df2061cbd790e2809a8f75:H_system,abae0a51bdf27a8fb27ce9b2ecf7171769bde49443df2061cbd790e2809a8f75,I4,6e650f106781f17d781ee75d934bdd905ed46f78f4c1add2d6df79bec3c0fd8f,2630233,H_system,ACTION_CHANGED_HORIZON_COMPLETE,true,,true,true,true,HARMFUL,2.2934201780344665e-05,[21727],[21727],[],I4|BODY|NO_DIVERGENCE|LOW,3155,7,0.0022187004754358162,450.7142857142857
3c1080d549bcdf55968fa5470b71f6a11bb70fd94d036021dda5b5ae7c4a5c71:H_bag,3c1080d549bcdf55968fa5470b71f6a11bb70fd94d036021dda5b5ae7c4a5c71,I4,5eeb07dcd0f44d53be1e880d58c90894b876573851b2d2853959b6b2365e7c2f,2631950,H_bag,ACTION_CHANGED_HORIZON_COMPLETE,true,,true,true,true,HARMFUL,1.1057999999975436,[21771],,,I4|BODY|NO_DIVERGENCE|HIGH,471856,945,0.0020027296463327794,499.31851851851854
16983b7c86e17cbca1ec6a02657718b45825f69c3559aaa522c166f44ba16001:H_system,16983b7c86e17cbca1ec6a02657718b45825f69c3559aaa522c166f44ba16001,I4,32f22b20945e5ab864f643f2017222dde65ffdbf89fe518655c77088235a48bc,2635219,H_system,ACTION_CHANGED_HORIZON_COMPLETE,true,,true,true,true,HARMFUL,9.136871315718054e-05,[21764],"[21760,21761,21764,21767,21771,21775,21778]","[21760,21761,21767,21771,21775,21778]",I4|BODY|DIVERGENCE|HIGH,30514,61,0.0019990823884118766,500.2295081967213
cc24b389fad5a5e54eefe35516427f2583f859d9e49a13a1fd9eb850e158dc22:H_bag,cc24b389fad5a5e54eefe35516427f2583f859d9e49a13a1fd9eb850e158dc22,I3,15136934c5ba37349a558dda42b6ee3b35349fa521f38ad47828265af331ad65,2635898,H_bag,ACTION_CHANGED_HORIZON_COMPLETE,true,,true,true,true,HARMFUL,80.06478999998217,[21753],,,I3|BODY|NO_DIVERGENCE|HIGH,170143,958,0.005630557824888476,177.60229645093946
46061100e48bd4a21f6f40c3e0b03ba966038558e893b3bb569b9751b6b95237:H_bag,46061100e48bd4a21f6f40c3e0b03ba966038558e893b3bb569b9751b6b95237,I3,04b8055fcd9738fed3e15b0fa3c49542927909eb5ffcf9cd02d660cd9cea5c3b,2636312,H_bag,ACTION_CHANGED_HORIZON_COMPLETE,true,,true,true,true,HARMFUL,81.68793999999616,[21735],,,I3|BODY|NO_DIVERGENCE|HIGH,170143,958,0.005630557824888476,177.60229645093946
900ff8c82df5ebf84586226740a1f8ec272e71f402ff680a40c548411d76f221:H_bag,900ff8c82df5ebf84586226740a1f8ec272e71f402ff680a40c548411d76f221,I4,42cfcdb2c5a327b7ec68ba998d44d89b728f8f12345030ca22766e03f145625f,2636862,H_bag,ACTION_CHANGED_HORIZON_COMPLETE,true,,true,true,true,HARMFUL,1.0,[21739],,,I4|BODY|NO_DIVERGENCE|HIGH,471856,945,0.0020027296463327794,499.31851851851854
7bec5a9416543c2a31f0018fd7e509d73fc9e9824a188f42134bb25067815724:H_bag,7bec5a9416543c2a31f0018fd7e509d73fc9e9824a188f42134bb25067815724,I3,24db0975348ec4861dced4f23d84d3363485ce315b2c0d84e4908bb1e0e2f5c1,2641373,H_bag,ACTION_CHANGED_HORIZON_COMPLETE,true,,true,true,true,HARMFUL,77.39999999999418,[21821],,,I3|BODY|NO_DIVERGENCE|HIGH,170143,958,0.005630557824888476,177.60229645093946
e80fa00e779b8bed4cedbe5c420a9f633f0d094ce2fa5525b082a11e37baa789:H_bag,e80fa00e779b8bed4cedbe5c420a9f633f0d094ce2fa5525b082a11e37baa789,I4,f1bbf03f5eaa6ad397d9ef7c546544a9b64169af8f81eccf54476ae6857a6c5d,2641518,H_bag,ACTION_CHANGED_HORIZON_COMPLETE,true,,true,true,true,HARMFUL,1.0,[21814],,,I4|BODY|NO_DIVERGENCE|HIGH,471856,945,0.0020027296463327794,499.31851851851854
34934863248f59b005f53dd7063a4dbe828d4bb2a6c989f1fd25cdaaa50600d8:H_bag,34934863248f59b005f53dd7063a4dbe828d4bb2a6c989f1fd25cdaaa50600d8,I3,c2ad65ef19c71ee6c42dae14f6af87ebb2fa0b5d836d55a9ee299d0e3087db95,2642295,H_bag,ACTION_CHANGED_HORIZON_COMPLETE,true,,true,true,true,HARMFUL,81.58870000000024,[21829],,,I3|BODY|NO_DIVERGENCE|HIGH,170143,958,0.005630557824888476,177.60229645093946
ec63436e4f51efe86b1ca7afcedd0c15f336bbeaf54fc81c05433f14723117f1:H_bag,ec63436e4f51efe86b1ca7afcedd0c15f336bbeaf54fc81c05433f14723117f1,I4,1f0c1411ce8b6ced21225edd0e0a4324a4dfb74b3ad164073069f5b27a7ed4b5,2649408,H_bag,ACTION_CHANGED_HORIZON_COMPLETE,true,,true,true,true,HARMFUL,0.5999999999985448,[17673],,,I4|BODY|NO_DIVERGENCE|HIGH,471856,945,0.0020027296463327794,499.31851851851854
be12b4c05c6e4b5b431cfde2be5e266ea5472285cd022b2afce959f26837a8df:H_bag,be12b4c05c6e4b5b431cfde2be5e266ea5472285cd022b2afce959f26837a8df,I4,6d98802649aff4fee7ab0cd871647f245187c90b8b60fa10ae5736f0f1f6356d,2653268,H_bag,ACTION_CHANGED_HORIZON_COMPLETE,true,,true,true,true,HARMFUL,1.0,[21956],,,I4|BODY|DIVERGENCE|HIGH,30514,61,0.0019990823884118766,500.2295081967213
7af9ad45c6614f1abfb607658b486519efee87df0b6a18e4f96ab2dbb229b472:H_system,7af9ad45c6614f1abfb607658b486519efee87df0b6a18e4f96ab2dbb229b472,I3,a2423bb53c6a0dbebe71edb192a310d39e5ee089186c929957fbcfff5e7c52b8,2653410,H_system,ACTION_CHANGED_HORIZON_COMPLETE,true,,true,true,true,HARMFUL,0.0001651262527673225,[19988],"[19988,19990,19998,20000,20044,20047,20062,20096,20105,20148,20152,20166,20305,20316,20331,20338,20344,20406,20437,20439,20444,20449,20451,20453,20472,20550,20619,20632,20639,20645,20661,20664,20723,20727,20729,20731,20746,20787]","[19990,19998,20000,20044,20047,20062,20096,20105,20148,20152,20166,20305,20316,20331,20338,20344,20406,20437,20439,20444,20449,20451,20453,20472,20550,20619,20632,20639,20645,20661,20664,20723,20727,20729,20731,20746,20787]",I3|BODY|NO_DIVERGENCE|HIGH,170143,958,0.005630557824888476,177.60229645093946
7d051c71ab6fd368e9cc8f59b9fa8814253a55a8331fd611d07e3dd8c2fc2746:H_bag,7d051c71ab6fd368e9cc8f59b9fa8814253a55a8331fd611d07e3dd8c2fc2746,I4,444451619653264b7680be0ba634f3e1c50fadc16161bd466c369d307e1fa7ad,2654600,H_bag,ACTION_CHANGED_HORIZON_COMPLETE,true,,true,true,true,HARMFUL,0.5,[21977],,,I4|BODY|NO_DIVERGENCE|HIGH,471856,945,0.0020027296463327794,499.31851851851854
3d1f44c9aa2f9dc4eaaf0c81c58e72a14a1304fb2d7acf66d79d5e4f1e177287:H_bag,3d1f44c9aa2f9dc4eaaf0c81c58e72a14a1304fb2d7acf66d79d5e4f1e177287,I3,10a448f3caafd41f544ec34e75739d2bffd259faaf6380d4b4d9e99cac26396c,2655569,H_bag,ACTION_CHANGED_HORIZON_COMPLETE,true,,true,true,true,HARMFUL,23.049999999995634,[20331],,,I3|BODY|NO_DIVERGENCE|HIGH,170143,958,0.005630557824888476,177.60229645093946
4fad77db6f8fb7ae4a52df76fc5e034fb6f666c009fdffcfb0b0bb42070b3fb3:H_bag,4fad77db6f8fb7ae4a52df76fc5e034fb6f666c009fdffcfb0b0bb42070b3fb3,I4,3a9350ba88d699c8856c06add1181acb44a413e3287711e9fc246c4fddd18fe3,2659164,H_bag,ACTION_CHANGED_HORIZON_COMPLETE,true,,true,true,true,HARMFUL,0.5,[21992],,,I4|BODY|NO_DIVERGENCE|HIGH,471856,945,0.0020027296463327794,499.31851851851854
649ab2f48657e787237ffd5b056fdedaad7a2b525e81e322dcdaa0d2115e9b48:H_bag,649ab2f48657e787237ffd5b056fdedaad7a2b525e81e322dcdaa0d2115e9b48,I4,11b26b90789bbb7d5a7f3af9070f4a6a36ef8cc85ca20d9489935752c2d7c0c3,2673545,H_bag,ACTION_CHANGED_HORIZON_COMPLETE,true,,true,true,true,NEUTRAL_WITHIN_TOLERANCE,0.0,[22086],,,I4|BODY|NO_DIVERGENCE|HIGH,471856,945,0.0020027296463327794,499.31851851851854
eca03d0ec0dd84d1900b4039bafa15f04ad2d504e75a2867c155da370ebcabab:H_bag,eca03d0ec0dd84d1900b4039bafa15f04ad2d504e75a2867c155da370ebcabab,I4,126de07edd0a4b8e0c376f2e9af6fe5d3d1ed65f8ab68ebe8a1ec243c49c676a,2677606,H_bag,ACTION_CHANGED_HORIZON_COMPLETE,true,,true,true,true,HARMFUL,2.666959999995015,[22120],,,I4|BODY|NO_DIVERGENCE|HIGH,471856,945,0.0020027296463327794,499.31851851851854
38b6ca490c5e2eba5091bb20e3a7cd9fab7a30b5fa75d9dad0f379d7004fe432:H_bag,38b6ca490c5e2eba5091bb20e3a7cd9fab7a30b5fa75d9dad0f379d7004fe432,I3,3e84ddd7f89bbafe044e054203f3db184710ac220d05aeaf0e0a010ead444dee,2678083,H_bag,ACTION_CHANGED_HORIZON_COMPLETE,true,,true,true,true,HARMFUL,33.0,[22204],,,I3|BODY|NO_DIVERGENCE|HIGH,170143,958,0.005630557824888476,177.60229645093946
ada3ee3eb33f7021c08cf117d5d0439bbd16d065d12b0a27c48e2f38f8005e32:H_bag,ada3ee3eb33f7021c08cf117d5d0439bbd16d065d12b0a27c48e2f38f8005e32,I3,2421ad671a27fb69b3a230354317f36fe66c1b69b5a5dc6c5fd8012de21d61ea,2678994,H_bag,ACTION_CHANGED_HORIZON_COMPLETE,true,,true,true,true,HARMFUL,33.0,[22218],,,I3|BODY|NO_DIVERGENCE|HIGH,170143,958,0.005630557824888476,177.60229645093946
d5f82e51be1bb07133102b3e1bc1a9db380b22114f1565fa795834a30506cdb4:H_bag,d5f82e51be1bb07133102b3e1bc1a9db380b22114f1565fa795834a30506cdb4,I4,40a752f3cdccf3ff53584cfbdfcbd4362aa6dd79ab3571ae675fb15c47a1d53e,2680522,H_bag,ACTION_CHANGED_HORIZON_COMPLETE,true,,true,true,true,NEUTRAL_WITHIN_TOLERANCE,0.0,[22201],,,I4|BODY|NO_DIVERGENCE|HIGH,471856,945,0.0020027296463327794,499.31851851851854
60b839fb2e41fea927804e8636ee58b69ad42c467f8c1ccdaf6ac6655d5b91e5:H_system,60b839fb2e41fea927804e8636ee58b69ad42c467f8c1ccdaf6ac6655d5b91e5,I4,1c6d8b61fb9bc5a01a1f6e1c29cffb2ddcc060080516678757ffc5e9344b8720,2681076,H_system,ACTION_CHANGED_HORIZON_COMPLETE,true,,true,true,true,NEUTRAL_WITHIN_TOLERANCE,0.0,[22197],[22197],[],I4|BODY|NO_DIVERGENCE|HIGH,471856,945,0.0020027296463327794,499.31851851851854
44fa2ee571c8abab8b51efa3159f43d063bbd3c185253588cf45e40238a84ec4:H_bag,44fa2ee571c8abab8b51efa3159f43d063bbd3c185253588cf45e40238a84ec4,I4,70e5936674c34a848ae0ec1ccab536da910df5372393ef34b2e53cc3f6bb6b6e,2683170,H_bag,ACTION_CHANGED_HORIZON_COMPLETE,true,,true,true,true,HARMFUL,0.38533999999344815,[22260],,,I4|BODY|NO_DIVERGENCE|HIGH,471856,945,0.0020027296463327794,499.31851851851854
ae06b93332ae11336f9dcad9f346c543145cf527e970f696f0a7efe08a3cb6cf:H_bag,ae06b93332ae11336f9dcad9f346c543145cf527e970f696f0a7efe08a3cb6cf,I4,cb8c2f45c4c8f6d057df5d7c748c46150c555ab5717750f612c66207d000fdc7,2684319,H_bag,ACTION_CHANGED_HORIZON_COMPLETE,true,,true,true,true,HARMFUL,1.0,[22287],,,I4|BODY|NO_DIVERGENCE|HIGH,471856,945,0.0020027296463327794,499.31851851851854
9817cc17e8d4d3a46d379960e15658242fb06e7b6a54aad6f0fded31e22d1ba8:H_bag,9817cc17e8d4d3a46d379960e15658242fb06e7b6a54aad6f0fded31e22d1ba8,I4,83570895eecf0747c709b0fbeef0dedf63584517b6602c1073f93afe5fe6934b,2685283,H_bag,ACTION_CHANGED_HORIZON_COMPLETE,true,,true,true,true,NEUTRAL_WITHIN_TOLERANCE,0.0,[22306],,,I4|BODY|NO_DIVERGENCE|HIGH,471856,945,0.0020027296463327794,499.31851851851854
f34355d5c2f90b5032bdff6f553fcb6d15b5034aaaa197ef0dbbcac5c9958113:H_bag,f34355d5c2f90b5032bdff6f553fcb6d15b5034aaaa197ef0dbbcac5c9958113,I3,92d1b8517fbf7d99132e929ef7073cf98e3813a3b8818847493b8f4cd431bc2c,2686244,H_bag,ACTION_CHANGED_HORIZON_COMPLETE,true,,true,true,true,NEUTRAL_WITHIN_TOLERANCE,0.0,[16699],,,I3|BODY|NO_DIVERGENCE|HIGH,170143,958,0.005630557824888476,177.60229645093946
1130099a25f3220fb302481af8e16ade365ac3d9ebc4441af6d3656ff0f4581c:H_bag,1130099a25f3220fb302481af8e16ade365ac3d9ebc4441af6d3656ff0f4581c,I3,22e5fb1ed839c5c184ef8e6e941eb7808899220ecd028c10873d7acbba4c02dc,2688050,H_bag,ACTION_CHANGED_HORIZON_COMPLETE,true,,true,true,true,BENEFICIAL,-1.2956199999971432,[22306],,,I3|BODY|NO_DIVERGENCE|HIGH,170143,958,0.005630557824888476,177.60229645093946
2b4f67f8b9be230e9c6bd59edc3bec46ed48d1348d7f718dcd95c803c808150c:H_system,2b4f67f8b9be230e9c6bd59edc3bec46ed48d1348d7f718dcd95c803c808150c,I3,e1dd1f459576382230905555e465a700d92bc3e2b681770f55f3c223cb0c9d59,2688124,H_system,ACTION_CHANGED_HORIZON_COMPLETE,true,,true,true,true,HARMFUL,3.049560802992346e-06,[19258],"[19258,19277,19285,19304,19635,19653,19680,19688,19854,19857,19885,19903,19913,19916,20110,20117,20122,20139,20254,20268,20325,20328,20340,20342,20347,20366,20371,20373,20393,20418,20502,20505,20512,20519,20524,20545,20552,20587,20596,20693,20705,20710,20714,20718,20813,20829,20831,20847,20864,20870,20872,20889,20893,20921,20965,20977,20986,21022,21025,21046,22290,22332]","[19277,19285,19304,19635,19653,19680,19688,19854,19857,19885,19903,19913,19916,20110,20117,20122,20139,20254,20268,20325,20328,20340,20342,20347,20366,20371,20373,20393,20418,20502,20505,20512,20519,20524,20545,20552,20587,20596,20693,20705,20710,20714,20718,20813,20829,20831,20847,20864,20870,20872,20889,20893,20921,20965,20977,20986,21022,21025,21046,22290,22332]",I3|BODY|NO_DIVERGENCE|HIGH,170143,958,0.005630557824888476,177.60229645093946
3a2b6da9438197362ac3ead369976d18022ac80383e2816177ee6f43582a3925:H_bag,3a2b6da9438197362ac3ead369976d18022ac80383e2816177ee6f43582a3925,I3,92ac7ad4381db5a45eb3d9763ef916ed95940419f988b0da41da72772f3cae87,2690670,H_bag,ACTION_CHANGED_HORIZON_COMPLETE,true,,true,true,true,HARMFUL,52.549999999995634,[20268],,,I3|BODY|NO_DIVERGENCE|HIGH,170143,958,0.005630557824888476,177.60229645093946
f55c466aea6c37c74443511dcdd6383b69d1ddf8340c4f1c3d53cd2f79ea576b:H_bag,f55c466aea6c37c74443511dcdd6383b69d1ddf8340c4f1c3d53cd2f79ea576b,I3,d4b9ad2dc29fb4fcb8d421349e1dc9538b8b02f5ff8c3db8d3c064177b958e0c,2691472,H_bag,ACTION_CHANGED_HORIZON_COMPLETE,true,,true,true,true,HARMFUL,51.549999999995634,[20366],,,I3|BODY|NO_DIVERGENCE|HIGH,170143,958,0.005630557824888476,177.60229645093946
004dc8be0ee374aaff547d2900c2560124b17b1ac192d78e9dc4ca4d8c3c02be:H_bag,004dc8be0ee374aaff547d2900c2560124b17b1ac192d78e9dc4ca4d8c3c02be,I3,36c9282f8aa86230eda2b1332b20e50166bfff7facf74ef95f15b20c6d7dac15,2692573,H_bag,ACTION_CHANGED_HORIZON_COMPLETE,true,,true,true,true,HARMFUL,76.59999999999127,[20393],,,I3|BODY|NO_DIVERGENCE|HIGH,170143,958,0.005630557824888476,177.60229645093946
dea59fa681401936bddf799471b487fd618e73652ada99a1cebe9061a38fb68e:H_bag,dea59fa681401936bddf799471b487fd618e73652ada99a1cebe9061a38fb68e,I3,529e4186aeb839c64d21b1cbec1ca6ea22230df67d22386656f019334ba37820,2693465,H_bag,ACTION_CHANGED_HORIZON_COMPLETE,true,,true,true,true,HARMFUL,52.549999999995634,[20718],,,I3|BODY|NO_DIVERGENCE|HIGH,170143,958,0.005630557824888476,177.60229645093946
6b979aa5d2119ea455d765507b8d6ea06384519e2bd5d77cc87208c705747f3e:H_bag,6b979aa5d2119ea455d765507b8d6ea06384519e2bd5d77cc87208c705747f3e,I3,9db1142c7e663e250b762a03a0a144d6217c91a6214983cb3c615b6a1de65b32,2695120,H_bag,ACTION_CHANGED_HORIZON_COMPLETE,true,,true,true,true,HARMFUL,51.299999999995634,[21025],,,I3|BODY|NO_DIVERGENCE|HIGH,170143,958,0.005630557824888476,177.60229645093946
9818791ff1a5af48015866a007ea8003eb70c5817f418ccca3a90a728e47272e:H_bag,9818791ff1a5af48015866a007ea8003eb70c5817f418ccca3a90a728e47272e,I4,57539adbcd942c1c93db8eacc67f3f6aec0ab63a39b86960b27f72b2539f1e1d,2700840,H_bag,ACTION_CHANGED_HORIZON_COMPLETE,true,,true,true,true,HARMFUL,0.2519400000019232,[22399],,,I4|BODY|NO_DIVERGENCE|HIGH,471856,945,0.0020027296463327794,499.31851851851854
77680c25432dac7189ee4e8678c0ea5b0ec1ffa437fa4dafc33ac31910dd5dd6:H_bag,77680c25432dac7189ee4e8678c0ea5b0ec1ffa437fa4dafc33ac31910dd5dd6,I3,731da13abb1d8ac095a32fabb758b95cdf533abbd70f934bf3d1a2eae7b35da4,2705504,H_bag,ACTION_CHANGED_HORIZON_COMPLETE,true,,true,true,true,HARMFUL,75.59999999999127,[20114],,,I3|BODY|NO_DIVERGENCE|HIGH,170143,958,0.005630557824888476,177.60229645093946
d646a027b1415c5746509e532fd88aee909b8c7319060640939f9aa21916701f:H_bag,d646a027b1415c5746509e532fd88aee909b8c7319060640939f9aa21916701f,I4,4496fa439c1c3b213b8eccd22f2fc8dbf8ea9551fa010c8b071912a879da1dde,2705862,H_bag,ACTION_CHANGED_HORIZON_COMPLETE,true,,true,true,true,HARMFUL,1.0,[22441],,,I4|BODY|NO_DIVERGENCE|HIGH,471856,945,0.0020027296463327794,499.31851851851854
95f6b9fba889db90fbbc77ed721d8d136f56c7c2be48fe9ef22412803a524f0f:H_system,95f6b9fba889db90fbbc77ed721d8d136f56c7c2be48fe9ef22412803a524f0f,I3,c756415c1c3047a36ad595026cb0b7f3070bb6eadc5bb8bfe417f5987280dcef,2706075,H_system,ACTION_CHANGED_HORIZON_COMPLETE,true,,true,true,true,HARMFUL,0.0005825287250900146,[21261],[21261],[],I3|BODY|NO_DIVERGENCE|HIGH,170143,958,0.005630557824888476,177.60229645093946
de34bd35353f65a757185869a36e20d837b0c3edeec9f0e0adfb361029beb747:H_system,de34bd35353f65a757185869a36e20d837b0c3edeec9f0e0adfb361029beb747,I4,0e892c43989e0c0cb5034c26df1aeb7e1be363e5d6a345736569ba6467a414ac,2706845,H_system,ACTION_CHANGED_HORIZON_COMPLETE,true,,true,true,true,HARMFUL,2.1867761006433284e-06,[22441],[22441],[],I4|BODY|NO_DIVERGENCE|HIGH,471856,945,0.0020027296463327794,499.31851851851854
1ed4284c2b0f225bf9190c8c7943908792b5eb92ed73508024af95d17cff780a:H_bag,1ed4284c2b0f225bf9190c8c7943908792b5eb92ed73508024af95d17cff780a,I4,c56927941460716cede0375a23e16d6990bd576a4d49371e2a4d1fb74a4e7b26,2708891,H_bag,ACTION_CHANGED_HORIZON_COMPLETE,true,,true,true,true,HARMFUL,0.5105000000039581,[22483],,,I4|BODY|NO_DIVERGENCE|HIGH,471856,945,0.0020027296463327794,499.31851851851854
ff0371d947c8dfa57945c3b6b038e768bb36609716b13b3f632b0c5e1c3f35e7:H_bag,ff0371d947c8dfa57945c3b6b038e768bb36609716b13b3f632b0c5e1c3f35e7,I4,102eb01024bb4c503ade82bdee20b2264110cb21b7a7e61646f3c51f5b0ff722,2713926,H_bag,ACTION_CHANGED_HORIZON_COMPLETE,true,,true,true,true,HARMFUL,0.000999999996565748,[22578],,,I4|BODY|NO_DIVERGENCE|HIGH,471856,945,0.0020027296463327794,499.31851851851854
4ed781abfd8534c54b3415d589aa300432ce1e6fd28e22c2744e3c7623621e4e:H_bag,4ed781abfd8534c54b3415d589aa300432ce1e6fd28e22c2744e3c7623621e4e,I4,010da80d0e9e7ec45b252b2d1c8a59da8f07789f56600a5a1d5b75aecfdb8e7a,2714524,H_bag,ACTION_CHANGED_HORIZON_COMPLETE,true,,true,true,true,NEUTRAL_WITHIN_TOLERANCE,0.0,[22564],,,I4|BODY|NO_DIVERGENCE|HIGH,471856,945,0.0020027296463327794,499.31851851851854
137a6476f5bd79b9ece3267696660f95ec50402aa4c46a2fff9bf8f7eec964b1:H_bag,137a6476f5bd79b9ece3267696660f95ec50402aa4c46a2fff9bf8f7eec964b1,I3,62b458fa05ad4e2ffb33aa77226db282c0196a8905e88aa93d16474a1423410e,2719938,H_bag,ACTION_CHANGED_HORIZON_COMPLETE,true,,true,true,true,HARMFUL,25.999999999985448,[22625],,,I3|BODY|NO_DIVERGENCE|HIGH,170143,958,0.005630557824888476,177.60229645093946
a25a596791d8dc3868b8f2f1b4823a1cfedbe5f6a255b1f69f8b2beba63cc8bc:H_bag,a25a596791d8dc3868b8f2f1b4823a1cfedbe5f6a255b1f69f8b2beba63cc8bc,I4,09770c89a90f6642bcfb753d01ad388b0a8772ce6994f6e40bcc58b18e35bc9e,2720184,H_bag,ACTION_CHANGED_HORIZON_COMPLETE,true,,true,true,true,NEUTRAL_WITHIN_TOLERANCE,0.0,[22592],,,I4|BODY|NO_DIVERGENCE|HIGH,471856,945,0.0020027296463327794,499.31851851851854
02351458c390bef8b7e06c1b5225b807b1527b7667ff0008fdc5a8d8c9a999a2:H_bag,02351458c390bef8b7e06c1b5225b807b1527b7667ff0008fdc5a8d8c9a999a2,I4,d3168f42f4caa38e90b212f664e7e32e3d5fbaafc22a1c559d2d7cd962126efe,2720841,H_bag,ACTION_CHANGED_HORIZON_COMPLETE,true,,true,true,true,NEUTRAL_WITHIN_TOLERANCE,0.0,[22592],,,I4|BODY|NO_DIVERGENCE|HIGH,471856,945,0.0020027296463327794,499.31851851851854
7919bb773e26100ff19d7bceb5ccea9070ba33344244513ac8155d31502d336c:H_bag,7919bb773e26100ff19d7bceb5ccea9070ba33344244513ac8155d31502d336c,I4,8f7d603e7f253fcd02f08cd51fbcb6bc1e4a89b88fc5c454625446a25b1287a8,2721260,H_bag,ACTION_CHANGED_HORIZON_COMPLETE,true,,true,true,true,HARMFUL,0.5999999999985448,[22590],,,I4|BODY|NO_DIVERGENCE|HIGH,471856,945,0.0020027296463327794,499.31851851851854
68f19db08a3f2d8f40699740a1ad80b154383a7cd22ad87c81dc4eebf30f8394:H_bag,68f19db08a3f2d8f40699740a1ad80b154383a7cd22ad87c81dc4eebf30f8394,I4,d735ba02626e2a8cf04fc3af009b7d9481237614046fcbf8ba74aa9c60d72e21,2722092,H_bag,ACTION_CHANGED_HORIZON_COMPLETE,true,,true,true,true,HARMFUL,1.0,[22611],,,I4|BODY|NO_DIVERGENCE|HIGH,471856,945,0.0020027296463327794,499.31851851851854
b7df8b04c010b526269c58c4880971cdbec8182c06bfe4c3478ac8a462b2a46f:H_system,b7df8b04c010b526269c58c4880971cdbec8182c06bfe4c3478ac8a462b2a46f,I3,9920eaf716df557d2e7ecd89eb42d1aaa447f56c9e56b175f4cc853ec6264a17,2727613,H_system,ACTION_CHANGED_HORIZON_COMPLETE,true,,true,true,true,HARMFUL,1.752195947801738e-05,[19869],"[19869,19941,20050,20136,20156,20173,20180,20258,20568,20581,20589,20602,20604,20613,20760,20764,20770,20772,20783,20815,20825,20835,20840,20849,20859,20885,21008,21092,21201,21212,21244,21253,21271,21276,21279,21326,21343,22687,22697]","[19941,20050,20136,20156,20173,20180,20258,20568,20581,20589,20602,20604,20613,20760,20764,20770,20772,20783,20815,20825,20835,20840,20849,20859,20885,21008,21092,21201,21212,21244,21253,21271,21276,21279,21326,21343,22687,22697]",I3|BODY|NO_DIVERGENCE|HIGH,170143,958,0.005630557824888476,177.60229645093946
615b10c5e04248b40c7871fca224b3c6c58ada69472f269aeeeb93f1837bebe1:H_bag,615b10c5e04248b40c7871fca224b3c6c58ada69472f269aeeeb93f1837bebe1,I4,1198ea28a346c182ea2a75b37530aecf033c30cfa3399a2af00e98ff06f8647a,2730057,H_bag,ACTION_CHANGED_HORIZON_COMPLETE,true,,true,true,true,HARMFUL,0.4000000000014552,[20581],,,I4|BODY|NO_DIVERGENCE|HIGH,471856,945,0.0020027296463327794,499.31851851851854
8cab59ddefc83c314bf01a8ba3df9ac08c736a61fc497a976d3e8a40daad05c1:H_system,8cab59ddefc83c314bf01a8ba3df9ac08c736a61fc497a976d3e8a40daad05c1,I3,b80c55aebfb78cc9ee32aba15705439ba6e229a9e7fb064b7865510b74cf4ac9,2733838,H_system,ACTION_CHANGED_HORIZON_COMPLETE,true,,true,true,true,HARMFUL,0.0005114326995396823,[21279],"[21279,21326,21343]","[21326,21343]",I3|BODY|NO_DIVERGENCE|HIGH,170143,958,0.005630557824888476,177.60229645093946
cfcc75b17f1803b961ba3a7aca0df267872de60d90cb150a866fe2fdf5fd69ce:H_bag,cfcc75b17f1803b961ba3a7aca0df267872de60d90cb150a866fe2fdf5fd69ce,I3,dbdd030bc375d5dc68e094cd41586d08d1fa946f80702a032a258a60af45a645,2735947,H_bag,ACTION_CHANGED_HORIZON_COMPLETE,true,,true,true,true,HARMFUL,31.199999999989814,[22748],,,I3|BODY|NO_DIVERGENCE|HIGH,170143,958,0.005630557824888476,177.60229645093946
52a8388ec840e267275b79cbf079f879186f5b1e92ab106e1dd954f598c66cfc:H_bag,52a8388ec840e267275b79cbf079f879186f5b1e92ab106e1dd954f598c66cfc,I3,01f2a45e9ce296a4c5cb803b82b692b57b1a6d685ce2edbfdcdfbf17fbb70788,2739010,H_bag,ACTION_CHANGED_HORIZON_COMPLETE,true,,true,true,true,HARMFUL,75.59999999999127,[22751],,,I3|BODY|NO_DIVERGENCE|HIGH,170143,958,0.005630557824888476,177.60229645093946
7cf1aaed94c8973f6bc78fd03affaeffdbc77f271d210230fd3721ce3c715df5:H_bag,7cf1aaed94c8973f6bc78fd03affaeffdbc77f271d210230fd3721ce3c715df5,I3,b7f978f0fd9932676442165b21d88a79bea7c85640892da921b37b21b77253fc,2741025,H_bag,ACTION_CHANGED_HORIZON_COMPLETE,true,,true,true,true,HARMFUL,57.19999999999709,[22794],,,I3|BODY|NO_DIVERGENCE|HIGH,170143,958,0.005630557824888476,177.60229645093946
a972fe9d9ccda23814c2bfc29b06baf605c7a80709f4b283c362943c6913b36a:H_bag,a972fe9d9ccda23814c2bfc29b06baf605c7a80709f4b283c362943c6913b36a,I4,6dd21048aa0ea55a01daf635a9da6add93a0939f1c5bb6cebf50c5ac566bddb6,2742068,H_bag,ACTION_CHANGED_HORIZON_COMPLETE,true,,true,true,true,HARMFUL,0.5999999999985448,[22810],,,I4|BODY|NO_DIVERGENCE|HIGH,471856,945,0.0020027296463327794,499.31851851851854
d1549aa1055401a18172d4061464f2447ef773cacdc69a108be4eeb36016ecf3:H_bag,d1549aa1055401a18172d4061464f2447ef773cacdc69a108be4eeb36016ecf3,I4,e3f2837a5821a1f7ed971add54b805257621dab6c06d8c1d3456b96447013fe8,2742513,H_bag,ACTION_CHANGED_HORIZON_COMPLETE,true,,true,true,true,HARMFUL,1.0,[22814],,,I4|BODY|NO_DIVERGENCE|LOW,3155,7,0.0022187004754358162,450.7142857142857
304d12f2c23ec39d23ce10d3196fcd5966b8522b9f891e5869713699f12edd4b:H_bag,304d12f2c23ec39d23ce10d3196fcd5966b8522b9f891e5869713699f12edd4b,I3,af7f136db34b82b2ac5ee1e51640a9f13bd6e0d2106528e9550f240528997835,2744011,H_bag,ACTION_CHANGED_HORIZON_COMPLETE,true,,true,true,true,HARMFUL,24.549999999995634,[19186],,,I3|BODY|NO_DIVERGENCE|HIGH,170143,958,0.005630557824888476,177.60229645093946
c32b34b8828b630affdff2327c194496f639e0290c4394d0d5d1d9ec5b8fa54d:H_bag,c32b34b8828b630affdff2327c194496f639e0290c4394d0d5d1d9ec5b8fa54d,I3,9e6bb792a548bd9d92773f8562b2717977b07b6151795459ed1619ccdc579f8b,2744550,H_bag,ACTION_CHANGED_HORIZON_COMPLETE,true,,true,true,true,HARMFUL,24.549999999995634,[20075],,,I3|BODY|NO_DIVERGENCE|HIGH,170143,958,0.005630557824888476,177.60229645093946
e5c0ecff1d147a2961a243e98ee8d748c9d3630002ad2b45e311f69f6954b9f5:H_bag,e5c0ecff1d147a2961a243e98ee8d748c9d3630002ad2b45e311f69f6954b9f5,I4,e445c707ad5bae519c4da09cd64219d549be82ff4682903076cf16c9c0134e76,2747102,H_bag,ACTION_CHANGED_HORIZON_COMPLETE,true,,true,true,true,NEUTRAL_WITHIN_TOLERANCE,0.0,[21073],,,I4|BODY|NO_DIVERGENCE|HIGH,471856,945,0.0020027296463327794,499.31851851851854
0061ae0c5affcb8db2179d9aa265e0739eb289d663ebb5a051fd3deaac0a85f0:H_bag,0061ae0c5affcb8db2179d9aa265e0739eb289d663ebb5a051fd3deaac0a85f0,I3,70b8cd1291b1a94c8114e2c0ae26019737baa6d35163131081cf67fefd9e848a,2749339,H_bag,ACTION_CHANGED_HORIZON_COMPLETE,true,,true,true,true,HARMFUL,24.799999999995634,[21513],,,I3|BODY|NO_DIVERGENCE|HIGH,170143,958,0.005630557824888476,177.60229645093946
bc06ae9aa26332a92b6f172143b4ac6f14dd55a7e481e36a3d5ce6e44975a7de:H_bag,bc06ae9aa26332a92b6f172143b4ac6f14dd55a7e481e36a3d5ce6e44975a7de,I3,9834be103b7b7acc3940c8496a54492b1bad627964a75d82e807de5f9a306ef7,2749792,H_bag,ACTION_CHANGED_HORIZON_COMPLETE,true,,true,true,true,HARMFUL,75.59999999999127,[21077],,,I3|BODY|NO_DIVERGENCE|HIGH,170143,958,0.005630557824888476,177.60229645093946
5275bfe47a9b75836c51a1a6227625624b0b74ec5f38b5596bdc6667f8992da4:H_bag,5275bfe47a9b75836c51a1a6227625624b0b74ec5f38b5596bdc6667f8992da4,I3,3e82a079fcc8fdf701abce666a81416fabc3b5b132182f90e8305295a55ea5ed,2751089,H_bag,ACTION_CHANGED_HORIZON_COMPLETE,true,,true,true,true,HARMFUL,25.400000000001455,[21624],,,I3|BODY|NO_DIVERGENCE|HIGH,170143,958,0.005630557824888476,177.60229645093946
1b174d305400dd027e1d694ef232baae2190c5a132101fd76b54569bb5bf6f3d:H_bag,1b174d305400dd027e1d694ef232baae2190c5a132101fd76b54569bb5bf6f3d,I3,77c9bc428dd37f2c9004556692fc84a5d6580d88dae53d5566cef7e2a120c215,2756706,H_bag,ACTION_CHANGED_HORIZON_COMPLETE,true,,true,true,true,BENEFICIAL,-128.20375999997486,[22904],,,I3|TAIL|NO_DIVERGENCE|HIGH,4196,58,0.013822688274547188,72.34482758620689
de932458b9857119eb15f42def655fdce7319c24235bfd03a2730c8952871130:H_bag,de932458b9857119eb15f42def655fdce7319c24235bfd03a2730c8952871130,I4,764aa9910b6d42eb2d06285816018b46b9d582d5e298fce7003411cffd6a9775,2762277,H_bag,ACTION_CHANGED_HORIZON_COMPLETE,true,,true,true,true,NEUTRAL_WITHIN_TOLERANCE,0.0,[22980],,,I4|BODY|NO_DIVERGENCE|HIGH,471856,945,0.0020027296463327794,499.31851851851854
f874e2f4f9c3091fdfb0941501dae9e84a16073de658a1966039c6e14f96d4fb:H_bag,f874e2f4f9c3091fdfb0941501dae9e84a16073de658a1966039c6e14f96d4fb,I4,045ed24c9a571be70071b53be09fe8bb7ab164c2504674058b0200a545149699,2763238,H_bag,ACTION_CHANGED_HORIZON_COMPLETE,true,,true,true,true,HARMFUL,0.823500000005879,[22869],,,I4|BODY|NO_DIVERGENCE|HIGH,471856,945,0.0020027296463327794,499.31851851851854
09977a51be5b7892e8ea33bf351eb504976aab28ed899ae1edfe20bd1a6e409a:H_bag,09977a51be5b7892e8ea33bf351eb504976aab28ed899ae1edfe20bd1a6e409a,I4,9d020b63ed7cde94ac54fefe9005bdb13a4eb8292e06c08053c7e5386f5d9fd3,2763763,H_bag,ACTION_CHANGED_HORIZON_COMPLETE,true,,true,true,true,NEUTRAL_WITHIN_TOLERANCE,0.0,[22955],,,I4|BODY|NO_DIVERGENCE|HIGH,471856,945,0.0020027296463327794,499.31851851851854
f452b43190ee16d84e340fc7f4c8ffce96df9db12f49acc6d1a61d917dabe9cc:H_bag,f452b43190ee16d84e340fc7f4c8ffce96df9db12f49acc6d1a61d917dabe9cc,I4,fc170947af6f9b8cde20173a06ed44f86b527572cc56be8dcbce005dcb92bd3a,2763816,H_bag,ACTION_CHANGED_HORIZON_COMPLETE,true,,true,true,true,HARMFUL,1.0,[22950],,,I4|BODY|DIVERGENCE|HIGH,30514,61,0.0019990823884118766,500.2295081967213
00f28314614b26ae7d42ce2a24747f77373334038e0298af091076546b9c3d5c:H_bag,00f28314614b26ae7d42ce2a24747f77373334038e0298af091076546b9c3d5c,I3,7089c52afc34ae16c206857630b78f58d5b36076782ba864f5e900a09a656b75,2764081,H_bag,ACTION_CHANGED_HORIZON_COMPLETE,true,,true,true,true,HARMFUL,57.19999999999709,[22973],,,I3|BODY|NO_DIVERGENCE|HIGH,170143,958,0.005630557824888476,177.60229645093946
99a63bd096d4f049d04ec93cd918127f4d0175b1aba7ac129568612cbeff29f7:H_bag,99a63bd096d4f049d04ec93cd918127f4d0175b1aba7ac129568612cbeff29f7,I3,1cfa7c12f4dc95666fde407fddcbb9e7005f6a9e892c3fa474f1fd89ec5777c1,2777155,H_bag,ACTION_CHANGED_HORIZON_COMPLETE,true,,true,true,true,HARMFUL,57.19999999999709,[23104],,,I3|BODY|NO_DIVERGENCE|HIGH,170143,958,0.005630557824888476,177.60229645093946
f3fe437f1a94d4e7c70d24ca805370527bfcd8798ca4667ed411feb70819ebe0:H_bag,f3fe437f1a94d4e7c70d24ca805370527bfcd8798ca4667ed411feb70819ebe0,I3,ab97c959a542c1a2a49501583fca5b6cf3f779e0b1f0dcaf1136edcfbdeb1b32,2780403,H_bag,ACTION_CHANGED_HORIZON_COMPLETE,true,,true,true,true,HARMFUL,57.19999999999709,[23139],,,I3|BODY|NO_DIVERGENCE|HIGH,170143,958,0.005630557824888476,177.60229645093946
e0db95d3fdf233dee66022cb5a07a850e020ad109276cdc24178adadd55b75d6:H_bag,e0db95d3fdf233dee66022cb5a07a850e020ad109276cdc24178adadd55b75d6,I3,4583fa3df7dd1e5da9df8a3c38785b690245c1740c430c4cb03430905e6167bf,2784111,H_bag,ACTION_CHANGED_HORIZON_COMPLETE,true,,true,true,true,HARMFUL,75.59999999999127,[23170],,,I3|BODY|NO_DIVERGENCE|HIGH,170143,958,0.005630557824888476,177.60229645093946
3618fa4ac3f9b1f4409bf44932611443a7db1cd1964f3556800eddf5a7321918:H_bag,3618fa4ac3f9b1f4409bf44932611443a7db1cd1964f3556800eddf5a7321918,I4,8bc9ee7ee53e481aec5c92ce64b01d181331875f13d678efc9b7b218da9a24f7,2784764,H_bag,ACTION_CHANGED_HORIZON_COMPLETE,true,,true,true,true,HARMFUL,1.0,[23189],,,I4|BODY|NO_DIVERGENCE|HIGH,471856,945,0.0020027296463327794,499.31851851851854
8fd4717b3e0ffff205836c0ee3b38417bdad1aba0faa21a5bf509ed7084eebce:H_bag,8fd4717b3e0ffff205836c0ee3b38417bdad1aba0faa21a5bf509ed7084eebce,I3,5438a59abf66041ced756edc52271722e48f2bb9ec13f3684e1eaaa68176d550,2793838,H_bag,ACTION_CHANGED_HORIZON_COMPLETE,true,,true,true,true,HARMFUL,33.0,[23273],,,I3|BODY|NO_DIVERGENCE|HIGH,170143,958,0.005630557824888476,177.60229645093946
5c2b7fb5564d9b365bc8e9df8fd7a4c6961ebf7671426f73c4d099390bdf200b:H_bag,5c2b7fb5564d9b365bc8e9df8fd7a4c6961ebf7671426f73c4d099390bdf200b,I4,1cacd5b63f43d01fb92bf0b6fa5a359953f51266a974da8c24a6168920e6ba2f,2796754,H_bag,ACTION_CHANGED_HORIZON_COMPLETE,true,,true,true,true,NEUTRAL_WITHIN_TOLERANCE,0.0,[23343],,,I4|TAIL|NO_DIVERGENCE|HIGH,13582,67,0.004932999558238846,202.71641791044775
7d772d51fa0deac51863aacb440e916ab3f70bdc1bb72a222ad6f9ee17bd05e9:H_system,7d772d51fa0deac51863aacb440e916ab3f70bdc1bb72a222ad6f9ee17bd05e9,I4,49335004325ab796097ba0938d2ef57d8d360d6b7bf965d4f531f4b33466817b,2797751,H_system,ACTION_CHANGED_HORIZON_COMPLETE,true,,true,true,true,NEUTRAL_WITHIN_TOLERANCE,0.0,[23324],[],[],I4|BODY|NO_DIVERGENCE|HIGH,471856,945,0.0020027296463327794,499.31851851851854
eb90c2557c9d71263d9c30337e885544743c920dea24be95dfd1a38dd968c1a6:H_bag,eb90c2557c9d71263d9c30337e885544743c920dea24be95dfd1a38dd968c1a6,I4,61ab9b4c567701f33f6d11bc3da584c1be03da4c6c9dc41eb73056ad4f8d7fd8,2800657,H_bag,ACTION_CHANGED_HORIZON_COMPLETE,true,,true,true,true,HARMFUL,0.5999999999985448,[23359],,,I4|BODY|NO_DIVERGENCE|HIGH,471856,945,0.0020027296463327794,499.31851851851854
8410a7e5eb246698843714efd9ddc237579e2452c52a2fe18c48f38c37db7d4f:H_bag,8410a7e5eb246698843714efd9ddc237579e2452c52a2fe18c48f38c37db7d4f,I4,bc562ff2ac68d2c254d86416460fc239917a6b73b05f534cde7d507840590308,2801043,H_bag,ACTION_CHANGED_HORIZON_COMPLETE,true,,true,true,true,HARMFUL,1.0,[23271],,,I4|BODY|NO_DIVERGENCE|HIGH,471856,945,0.0020027296463327794,499.31851851851854
7d6e9223f1e1049171873b62d9f5bab05f58cec2c0db33c4557c0fbb58d305ae:H_bag,7d6e9223f1e1049171873b62d9f5bab05f58cec2c0db33c4557c0fbb58d305ae,I4,6393f08f98607d2ff19ff32038434fcafb24b8c4446cd5873eaf342e8e36d20f,2806102,H_bag,ACTION_CHANGED_HORIZON_COMPLETE,true,,true,true,true,HARMFUL,0.23928999999770895,[23361],,,I4|BODY|NO_DIVERGENCE|HIGH,471856,945,0.0020027296463327794,499.31851851851854
d9bece507a64374479f74ef03f18c27f1bffa5632c570cad35a9b0ae730217fc:H_bag,d9bece507a64374479f74ef03f18c27f1bffa5632c570cad35a9b0ae730217fc,I3,02a4292c9fc85c257eb3a7e3e0be98582748ed74464d41fe9fd594e755e50174,2806311,H_bag,ACTION_CHANGED_HORIZON_COMPLETE,true,,true,true,true,HARMFUL,77.25475000000733,[23391],,,I3|BODY|NO_DIVERGENCE|HIGH,170143,958,0.005630557824888476,177.60229645093946
d744bab62f96c30ff6fba19d9aa9206f89988df06467c63047180bbb04814b12:H_bag,d744bab62f96c30ff6fba19d9aa9206f89988df06467c63047180bbb04814b12,I3,67adb0cad9e3dbebfe1139aef71390a0572216954a926b6d931f31f9204081ac,2809491,H_bag,ACTION_CHANGED_HORIZON_COMPLETE,true,,true,true,true,BENEFICIAL,-0.3224399999817251,[23465],,,I3|BODY|NO_DIVERGENCE|HIGH,170143,958,0.005630557824888476,177.60229645093946
9f6d9781817a6db335fe65bdbd1a9e7f56263fa387503b738d36ba1952760dab:H_bag,9f6d9781817a6db335fe65bdbd1a9e7f56263fa387503b738d36ba1952760dab,I4,74f3bd4e70590b27011e23d6dab60e18466dddf73e672f156b842f882c78a995,2809771,H_bag,ACTION_CHANGED_HORIZON_COMPLETE,true,,true,true,true,HARMFUL,1.0,[16189],,,I4|TAIL|NO_DIVERGENCE|HIGH,13582,67,0.004932999558238846,202.71641791044775
185359cd7ba845c834ce95b3bd3292239c7e3b40c05f2691b38e9d368bb11765:H_bag,185359cd7ba845c834ce95b3bd3292239c7e3b40c05f2691b38e9d368bb11765,I4,faf25f43915fd24b61b3e9f90030cd85701ced7c70157662892870e9e88ac3bf,2816024,H_bag,ACTION_CHANGED_HORIZON_COMPLETE,true,,true,true,true,BENEFICIAL,-0.026659999988623895,[23340],,,I4|TAIL|NO_DIVERGENCE|HIGH,13582,67,0.004932999558238846,202.71641791044775
f5c0b70698f5c1d0aca5023ebf14d39c2156787b09e95dea27877c45c449c334:H_bag,f5c0b70698f5c1d0aca5023ebf14d39c2156787b09e95dea27877c45c449c334,I4,f061d83a322ad7ce59b8d732504fbc2ff87c0e5ce010675d2f2948da02a9fdfa,2817877,H_bag,ACTION_CHANGED_HORIZON_COMPLETE,true,,true,true,true,NEUTRAL_WITHIN_TOLERANCE,0.0,[23288],,,I4|TAIL|NO_DIVERGENCE|HIGH,13582,67,0.004932999558238846,202.71641791044775
6dd943105c8b9c75c4c6960cc671cb16810a865aa87d5b963f4e4d85ad25b55c:H_bag,6dd943105c8b9c75c4c6960cc671cb16810a865aa87d5b963f4e4d85ad25b55c,I4,1cf2a172e56240faf1ae53a0ec7865db909e4524f6b837ac96da4da96b87cb70,2820393,H_bag,ACTION_CHANGED_HORIZON_COMPLETE,true,,true,true,true,HARMFUL,1.0,[21453],,,I4|BODY|NO_DIVERGENCE|HIGH,471856,945,0.0020027296463327794,499.31851851851854
86559d8fb747132c0714883b2f7747969b12b8e1d32d6e1f6ac4741ea270f66f:H_system,86559d8fb747132c0714883b2f7747969b12b8e1d32d6e1f6ac4741ea270f66f,I4,a7f0da70f11d5b42820249906d89cfe668ce61422420bd2de498257fb1ddb1b0,2822256,H_system,ACTION_CHANGED_HORIZON_COMPLETE,true,,true,true,true,NEUTRAL_WITHIN_TOLERANCE,0.0,[23495],[23495],[],I4|BODY|NO_DIVERGENCE|HIGH,471856,945,0.0020027296463327794,499.31851851851854
59a11f2090c5edc91abddafc9b6ac0b855b92200a40a59b55e2f4f3bd46e4620:H_bag,59a11f2090c5edc91abddafc9b6ac0b855b92200a40a59b55e2f4f3bd46e4620,I4,f4e623dd88fb0c5688f660ac0a3ce2e29bda471aa7fa9cd9ddceca5536df8880,2822790,H_bag,ACTION_CHANGED_HORIZON_COMPLETE,true,,true,true,true,HARMFUL,0.75,[23500],,,I4|BODY|NO_DIVERGENCE|HIGH,471856,945,0.0020027296463327794,499.31851851851854
bb42a4089e4a534919d2dde8f29df982783a9bdd733a6c3b95ef78679fe99359:H_bag,bb42a4089e4a534919d2dde8f29df982783a9bdd733a6c3b95ef78679fe99359,I4,51aedbc9682351acd4fd717d04911e4b7419a949cea4725cfac8a87f2c383d08,2822798,H_bag,ACTION_CHANGED_HORIZON_COMPLETE,true,,true,true,true,HARMFUL,1.0,[23503],,,I4|BODY|NO_DIVERGENCE|HIGH,471856,945,0.0020027296463327794,499.31851851851854
01e43bc39279de7af6c9ed347e0a62e410f5b0423159072573d7281a12cdb819:H_bag,01e43bc39279de7af6c9ed347e0a62e410f5b0423159072573d7281a12cdb819,I3,7d3c0025a8047babfbb125709906ce5d74a191ed8becee66f8e8e89b123644aa,2823797,H_bag,ACTION_CHANGED_HORIZON_COMPLETE,true,,true,true,true,HARMFUL,57.19999999999709,[23513],,,I3|BODY|NO_DIVERGENCE|HIGH,170143,958,0.005630557824888476,177.60229645093946
c7f276d4ccc6398c28dbd5363277db262db89441c50a10b55b002b53609ee792:H_bag,c7f276d4ccc6398c28dbd5363277db262db89441c50a10b55b002b53609ee792,I4,a96c833b82ed600fed22a3def5e78de0567ea5a484d94b8ae2d59dd9b5858b67,2828082,H_bag,ACTION_CHANGED_HORIZON_COMPLETE,true,,true,true,true,HARMFUL,1.0,[23556],,,I4|BODY|NO_DIVERGENCE|HIGH,471856,945,0.0020027296463327794,499.31851851851854
6c9d90179eef8cb857878fe44d80fafe8cc59ff1933f8c89c453e51c6a9089b7:H_bag,6c9d90179eef8cb857878fe44d80fafe8cc59ff1933f8c89c453e51c6a9089b7,I3,d70f0fbe887def75a0246bfaf3e3f9f8aaf7939068018eeac705c7e79fb2570c,2832065,H_bag,ACTION_CHANGED_HORIZON_COMPLETE,true,,true,true,true,HARMFUL,24.799999999995634,[19978],,,I3|BODY|NO_DIVERGENCE|HIGH,170143,958,0.005630557824888476,177.60229645093946
d7bb02a4d16716e5d602b546dc66aeaea6ba68079dab3ab6fcfc56318c95aeb6:H_system,d7bb02a4d16716e5d602b546dc66aeaea6ba68079dab3ab6fcfc56318c95aeb6,I3,a9eb67ea4ae9dde49d3e9c615297da180f98fd857c3edc1930822eea22c7bd04,2834313,H_system,ACTION_CHANGED_HORIZON_COMPLETE,true,,true,true,true,HARMFUL,0.001733825654184784,[20941],[20941],[],I3|BODY|NO_DIVERGENCE|HIGH,170143,958,0.005630557824888476,177.60229645093946
3f7c75dcadc49076d80431b83c909b57bedce22bf504afbcb2f19a5fc0ca9ec6:H_bag,3f7c75dcadc49076d80431b83c909b57bedce22bf504afbcb2f19a5fc0ca9ec6,I4,8e49a10838cc831852a3d131ccf5fd35e5019d3cf190cfd9ef153120e2df9875,2834620,H_bag,ACTION_CHANGED_HORIZON_COMPLETE,true,,true,true,true,NEUTRAL_WITHIN_TOLERANCE,0.0,[21620],,,I4|BODY|NO_DIVERGENCE|HIGH,471856,945,0.0020027296463327794,499.31851851851854
8c77501e26c10734910def54b06cd61ca6f0fb8d5aca27ab1e4dc79e7ddcc2ca:H_bag,8c77501e26c10734910def54b06cd61ca6f0fb8d5aca27ab1e4dc79e7ddcc2ca,I4,938ef3ccf5e316335150fa6834294b23367f71a67061c2789d111defd8a27d14,2837868,H_bag,ACTION_CHANGED_HORIZON_COMPLETE,true,,true,true,true,HARMFUL,0.5999999999985448,[21999],,,I4|BODY|NO_DIVERGENCE|HIGH,471856,945,0.0020027296463327794,499.31851851851854
85896f09aa7885d1cfce6d205ed93a770ca41d3da825c6a378e252738c82554f:H_bag,85896f09aa7885d1cfce6d205ed93a770ca41d3da825c6a378e252738c82554f,I4,a58a7a37e69efbf1a0416432d74c5faf523f1a9ee20e9b73c95b3bced863224e,2838775,H_bag,ACTION_CHANGED_HORIZON_COMPLETE,true,,true,true,true,HARMFUL,0.5999999999985448,[22304],,,I4|BODY|NO_DIVERGENCE|HIGH,471856,945,0.0020027296463327794,499.31851851851854
6bbd1529a2022b42dd9d3a09469cb297ba4764e49d8daecfc63ed13a805c1350:H_bag,6bbd1529a2022b42dd9d3a09469cb297ba4764e49d8daecfc63ed13a805c1350,I3,737133933ed127115e569ccd0f9d4190c5d8ce5196b576b190a23bdb55a77162,2852785,H_bag,ACTION_CHANGED_HORIZON_COMPLETE,true,,true,true,true,HARMFUL,78.87098000000697,[23721],,,I3|BODY|NO_DIVERGENCE|HIGH,170143,958,0.005630557824888476,177.60229645093946
55d98c111a61d183af33f1ab9ed64b941148c782d00d688ae5591372144b77e7:H_bag,55d98c111a61d183af33f1ab9ed64b941148c782d00d688ae5591372144b77e7,I3,05f5fa7f6cdb3e0184b68bdcf88a0318abc9e4ed32633c0d2d73f9b6be2e4ec8,2852936,H_bag,ACTION_CHANGED_HORIZON_COMPLETE,true,,true,true,true,HARMFUL,6.80000000000291,[23770],,,I3|BODY|DIVERGENCE|HIGH,10032,56,0.005582137161084529,179.14285714285714
3de4967b453058e2cc6aab5b165dc18d6edf4ffc42454a43992f876f1de5930d:H_system,3de4967b453058e2cc6aab5b165dc18d6edf4ffc42454a43992f876f1de5930d,I3,3abd60bad4fbc4088c3267daab09f67764d4b7f15729b025ac06fb641f54e948,2855892,H_system,ACTION_CHANGED_HORIZON_COMPLETE,true,,true,true,true,HARMFUL,-0.001792014769648631,[23813],"[23809,23810,23812,23813,23820,23827,23830,23866,23883]","[23809,23810,23812,23820,23827,23830,23866,23883]",I3|BODY|DIVERGENCE|HIGH,10032,56,0.005582137161084529,179.14285714285714
5bf4b0a0f0e8cdbb68716f7514df7da605ef1f158cd123712f858bfa2ced6564:H_bag,5bf4b0a0f0e8cdbb68716f7514df7da605ef1f158cd123712f858bfa2ced6564,I4,5fc75348d93023fc37e8daaa33aefdea5d1542df813bdab06d392137f9412e0f,2856597,H_bag,ACTION_CHANGED_HORIZON_COMPLETE,true,,true,true,true,NEUTRAL_WITHIN_TOLERANCE,0.0,[23827],,,I4|BODY|NO_DIVERGENCE|HIGH,471856,945,0.0020027296463327794,499.31851851851854
993612b399053ee260af4c3d88f0db92827bef2d88006d8d8e19dd34e38d2130:H_bag,993612b399053ee260af4c3d88f0db92827bef2d88006d8d8e19dd34e38d2130,I4,ebb8b649f8563c01e430cc1fb8f2554fb5d52a67e1204f7d5065adf73adb2851,2859212,H_bag,ACTION_CHANGED_HORIZON_COMPLETE,true,,true,true,true,NEUTRAL_WITHIN_TOLERANCE,0.0,[23820],,,I4|BODY|NO_DIVERGENCE|HIGH,471856,945,0.0020027296463327794,499.31851851851854
cb02f3ae29add97114bb1868858e769c3caff09c2e8eac9477bea2dd2d4887e2:H_bag,cb02f3ae29add97114bb1868858e769c3caff09c2e8eac9477bea2dd2d4887e2,I4,28d7990c4809902a8f21937f1ef697e1824bf631613490ecaeeaca0940e96f69,2860687,H_bag,ACTION_CHANGED_HORIZON_COMPLETE,true,,true,true,true,NEUTRAL_WITHIN_TOLERANCE,0.0,[23850],,,I4|BODY|NO_DIVERGENCE|HIGH,471856,945,0.0020027296463327794,499.31851851851854
bcbfff78a3c78741e7a758c4f59817c630f47e9bdf47edf004d7dfd4fafb610f:H_system,bcbfff78a3c78741e7a758c4f59817c630f47e9bdf47edf004d7dfd4fafb610f,I4,df307644c842b29267bce7f0bfc5d6b34eff92962622acc90c9db21f60f7e0bf,2874142,H_system,ACTION_CHANGED_HORIZON_COMPLETE,true,,true,true,true,HARMFUL,6.135816306596098e-06,[23925],[23925],[],I4|BODY|DIVERGENCE|HIGH,30514,61,0.0019990823884118766,500.2295081967213
109a5c5c7bcd46b199b2e9a9dc80266b2949a879755bc2046db0c290af3db163:H_bag,109a5c5c7bcd46b199b2e9a9dc80266b2949a879755bc2046db0c290af3db163,I4,a8f40737e9840b4e46e65ba1d98bf1b8447feb646731693893d7c90be5ad6066,2876240,H_bag,ACTION_CHANGED_HORIZON_COMPLETE,true,,true,true,true,HARMFUL,1.0,[23957],,,I4|BODY|NO_DIVERGENCE|HIGH,471856,945,0.0020027296463327794,499.31851851851854
024930e46b5976b25e7aab47260ead9285a36a5abdc39efb3be6b8460815c9c8:H_bag,024930e46b5976b25e7aab47260ead9285a36a5abdc39efb3be6b8460815c9c8,I4,a25a0b1db8178b2e55e9bc7d2c19dcaf6d71ab55a0aabaafe5ffea61dfa7680b,2881667,H_bag,ACTION_CHANGED_HORIZON_COMPLETE,true,,true,true,true,NEUTRAL_WITHIN_TOLERANCE,0.0,[22003],,,I4|BODY|NO_DIVERGENCE|HIGH,471856,945,0.0020027296463327794,499.31851851851854
4981a57cf922637f717d9c89741ab99146d8b1cd304f3db63c9be42b0ab7b030:H_bag,4981a57cf922637f717d9c89741ab99146d8b1cd304f3db63c9be42b0ab7b030,I4,4f534866f4bc4ac94d3cc212130d0bd72bb5866d0b23a9e0777a8257540c5744,2883538,H_bag,ACTION_CHANGED_HORIZON_COMPLETE,true,,true,true,true,NEUTRAL_WITHIN_TOLERANCE,0.0,[22324],,,I4|BODY|NO_DIVERGENCE|HIGH,471856,945,0.0020027296463327794,499.31851851851854
8f33664b00d3234c3c67e8baa7c982d40f5818d0ddf6aa780031402948b83e91:H_bag,8f33664b00d3234c3c67e8baa7c982d40f5818d0ddf6aa780031402948b83e91,I3,d4017822a9e3ec3436479c5102724b5c0381e9473753bdab1f5bb2880d438f78,2884018,H_bag,ACTION_CHANGED_HORIZON_COMPLETE,true,,true,true,true,HARMFUL,51.549999999995634,[22503],,,I3|BODY|NO_DIVERGENCE|HIGH,170143,958,0.005630557824888476,177.60229645093946
10f66bc4e6fa77563ceddf6b811cf5606802334218c7c553ac3626224a1bc54d:H_system,10f66bc4e6fa77563ceddf6b811cf5606802334218c7c553ac3626224a1bc54d,I4,f91e1f653e05ace32ecd2b0102ad5faf30a263ce3c91847bce1c96fa67105439,2886405,H_system,ACTION_CHANGED_HORIZON_COMPLETE,true,,true,true,true,NEUTRAL_WITHIN_TOLERANCE,0.0,[24034],[24034],[],I4|BODY|NO_DIVERGENCE|HIGH,471856,945,0.0020027296463327794,499.31851851851854
a78ddb126686817a8862e8ac674b2df0973b40736a3f231c584f331150aee24c:H_bag,a78ddb126686817a8862e8ac674b2df0973b40736a3f231c584f331150aee24c,I3,e61ded0e96b6a584fa33369bf94cba112ca1de1f80f13fe780845e78bf328c3d,2898435,H_bag,ACTION_CHANGED_HORIZON_COMPLETE,true,,true,true,true,HARMFUL,6.80000000000291,[24118],,,I3|BODY|DIVERGENCE|HIGH,10032,56,0.005582137161084529,179.14285714285714
82a5d580b85110e87ea2c2e2ae370c919b3a09c240a04b4cec66518689398e4e:H_bag,82a5d580b85110e87ea2c2e2ae370c919b3a09c240a04b4cec66518689398e4e,I3,114511725aa133c61edb698f511da47c9340f38645e9a0f6e3fddfab25936ecf,2900968,H_bag,ACTION_CHANGED_HORIZON_COMPLETE,true,,true,true,true,HARMFUL,18.2666700000118,[24144],,,I3|TAIL|NO_DIVERGENCE|HIGH,4196,58,0.013822688274547188,72.34482758620689
f7e538ffc9d465da1cd5d2f671d68ada10ba2a4037ad962c68ccceae6b9b2141:H_bag,f7e538ffc9d465da1cd5d2f671d68ada10ba2a4037ad962c68ccceae6b9b2141,I4,6bfec97b275ec6804ee73d6bf0e9ebb537eca4e65d6e72f2f0efaef6a6c949b9,2901793,H_bag,ACTION_CHANGED_HORIZON_COMPLETE,true,,true,true,true,NEUTRAL_WITHIN_TOLERANCE,0.0,[24159],,,I4|BODY|NO_DIVERGENCE|HIGH,471856,945,0.0020027296463327794,499.31851851851854
910a7a42d88662bdfbbdac5e28dc3456864eb752a357668fa2b49ac865dafef8:H_bag,910a7a42d88662bdfbbdac5e28dc3456864eb752a357668fa2b49ac865dafef8,I4,ee1f466ec66a502511234ad873d4deeda88a8ceeaf74e4c7b19fbec68cdf2721,2910057,H_bag,ACTION_CHANGED_HORIZON_COMPLETE,true,,true,true,true,HARMFUL,0.010240000003250316,[24203],,,I4|BODY|NO_DIVERGENCE|HIGH,471856,945,0.0020027296463327794,499.31851851851854
31adf5152d3e7692ee90f20c4726657c0e79c8da36a10a9f8ef319e0ec0916d6:H_bag,31adf5152d3e7692ee90f20c4726657c0e79c8da36a10a9f8ef319e0ec0916d6,I4,5265b3e5c3be4e56b713bb36e6a85dca2d3da3f4ec720ac8bffbe5570e00bfaf,2910294,H_bag,ACTION_CHANGED_HORIZON_COMPLETE,true,,true,true,true,HARMFUL,1.0,[24153],,,I4|BODY|DIVERGENCE|HIGH,30514,61,0.0019990823884118766,500.2295081967213
e29b2f6d24a6edb5653be16060d20cc42d1f92025fc14e8dc5da43dde34f06aa:H_bag,e29b2f6d24a6edb5653be16060d20cc42d1f92025fc14e8dc5da43dde34f06aa,I3,877470be13bada63e3a7fc29e566812c8ee832d77e846c67c867f0b45dd6493e,2914021,H_bag,ACTION_CHANGED_HORIZON_COMPLETE,true,,true,true,true,HARMFUL,22.049999999995634,[21993],,,I3|BODY|NO_DIVERGENCE|HIGH,170143,958,0.005630557824888476,177.60229645093946
6b40723b1cc566ab1d938820e46cf28c73da9c591a462a027c2421c641c415aa:H_bag,6b40723b1cc566ab1d938820e46cf28c73da9c591a462a027c2421c641c415aa,I4,c1e5688bb201a818fd6f5490dbebfd5823390e56acd228c2d45daba01d031e53,2916036,H_bag,ACTION_CHANGED_HORIZON_COMPLETE,true,,true,true,true,HARMFUL,0.000999999996565748,[22080],,,I4|BODY|NO_DIVERGENCE|HIGH,471856,945,0.0020027296463327794,499.31851851851854
bda66fb17b349cc436cb4817b23bdf254839c26d0d66d9350dc2ec8336576724:H_bag,bda66fb17b349cc436cb4817b23bdf254839c26d0d66d9350dc2ec8336576724,I3,da52153e570912066ec360c0d9e732ecfdcfd913306c52f607ccdd11764dd3b7,2919810,H_bag,ACTION_CHANGED_HORIZON_COMPLETE,true,,true,true,true,HARMFUL,24.799999999995634,[22505],,,I3|BODY|DIVERGENCE|HIGH,10032,56,0.005582137161084529,179.14285714285714
1e9501aacc436b66d7052166a30d99d21bcb6ce82510b7c201669a1234491ce0:H_bag,1e9501aacc436b66d7052166a30d99d21bcb6ce82510b7c201669a1234491ce0,I3,06e1330912b36352339d6ce0ee962971a729bd95eda1762807eb273f9e3f2f55,2920589,H_bag,ACTION_CHANGED_HORIZON_COMPLETE,true,,true,true,true,HARMFUL,6.80000000000291,[24258],,,I3|BODY|NO_DIVERGENCE|HIGH,170143,958,0.005630557824888476,177.60229645093946
716086b5030e54657fa2b67f9871f427059edd2b4c0f28dc992f8a5872ebbbb6:H_bag,716086b5030e54657fa2b67f9871f427059edd2b4c0f28dc992f8a5872ebbbb6,I3,c0ec80b440024e7da2cf7af9bec8d1a1be6c599d1947bb79e7b76788846c3da3,2923820,H_bag,ACTION_CHANGED_HORIZON_COMPLETE,true,,true,true,true,HARMFUL,51.400000000001455,[24268],,,I3|BODY|NO_DIVERGENCE|HIGH,170143,958,0.005630557824888476,177.60229645093946
d764094de2e0c31a55a4787f6905a9ba47d6027a8f154f462b9b891929db4c8c:H_bag,d764094de2e0c31a55a4787f6905a9ba47d6027a8f154f462b9b891929db4c8c,I4,40f7a8585146f5d561c2726639a3196302542592c23cdfad8f0a991f3d9deb73,2924477,H_bag,ACTION_CHANGED_HORIZON_COMPLETE,true,,true,true,true,HARMFUL,1.0,[24272],,,I4|BODY|NO_DIVERGENCE|HIGH,471856,945,0.0020027296463327794,499.31851851851854
9582697127509b65a89a31d64759bdb269f2d52e81520198759a281a9e391281:H_bag,9582697127509b65a89a31d64759bdb269f2d52e81520198759a281a9e391281,I3,b0211df38546f411cfb3452e4d09b9412054cf5aa254954abcc688478d277499,2927406,H_bag,ACTION_CHANGED_HORIZON_COMPLETE,true,,true,true,true,HARMFUL,75.59999999999127,[24295],,,I3|BODY|NO_DIVERGENCE|HIGH,170143,958,0.005630557824888476,177.60229645093946
ba6afb1801cc80b563a298fcdbbb400db68ba2fed6d81b1462d58539b6659d44:H_bag,ba6afb1801cc80b563a298fcdbbb400db68ba2fed6d81b1462d58539b6659d44,I3,7a1db68f68708f4784324d699eadd079320fd0482af70f80c2f6c1413f56ba17,2930279,H_bag,ACTION_CHANGED_HORIZON_COMPLETE,true,,true,true,true,HARMFUL,75.59999999999127,[17516],,,I3|BODY|NO_DIVERGENCE|HIGH,170143,958,0.005630557824888476,177.60229645093946
50f1376390c2edab184fdd177d1fc5b3b48e298c16502da6c017af7483083231:H_system,50f1376390c2edab184fdd177d1fc5b3b48e298c16502da6c017af7483083231,I3,93551915ecd98486e953736ff08d29a4998b20e90b033d9e8dba0ed90a547338,2931563,H_system,ACTION_CHANGED_HORIZON_COMPLETE,true,,true,true,true,HARMFUL,-0.00023392885813677822,[21474],"[21474,21492,21508,21531,21571,21574,21730,21741,21745,21747,21750,21759,21783,21791,21824,21919,21923,21927,21933,21944,21947,22017,22019,22104,22109,22111,22113,22117,22150,22175,22182,22192,22198,22217,22224,22275,22294,22298,22302,22310,22315,22329,22370,22374,22378,22380,22392,22408,22412,22420,22422,22424,22426,22430,22434,22438,22440,22478,22546,22575,22577,22586,22603,22618,22627,22637,22641,22645,22652,22654,22662,22668,22678,22680,22686,22704,22725,22740,22749,22756,22819,22842,22852,22861,22863,22865,22880,22882,22888,22894,22912,22944,22949,22958,22965,23008,23025]","[21492,21508,21531,21571,21574,21730,21741,21745,21747,21750,21759,21783,21791,21824,21919,21923,21927,21933,21944,21947,22017,22019,22104,22109,22111,22113,22117,22150,22175,22182,22192,22198,22217,22224,22275,22294,22298,22302,22310,22315,22329,22370,22374,22378,22380,22392,22408,22412,22420,22422,22424,22426,22430,22434,22438,22440,22478,22546,22575,22577,22586,22603,22618,22627,22637,22641,22645,22652,22654,22662,22668,22678,22680,22686,22704,22725,22740,22749,22756,22819,22842,22852,22861,22863,22865,22880,22882,22888,22894,22912,22944,22949,22958,22965,23008,23025]",I3|BODY|NO_DIVERGENCE|HIGH,170143,958,0.005630557824888476,177.60229645093946
db5291718d9067eeea475c266a7cf7c6085bc72a4bac6bffc3e1d6602b8fa86a:H_bag,db5291718d9067eeea475c266a7cf7c6085bc72a4bac6bffc3e1d6602b8fa86a,I3,25623561b0c950a9d00a68fb3c9c9fff2047ede7073572944830f6cc4b265aee,2933001,H_bag,ACTION_CHANGED_HORIZON_COMPLETE,true,,true,true,true,HARMFUL,75.59999999999127,[20762],,,I3|BODY|NO_DIVERGENCE|HIGH,170143,958,0.005630557824888476,177.60229645093946
76f386317f32c539e5ac1f55de204eda1a0a42c49e3219e7e21bf62cfa79b677:H_bag,76f386317f32c539e5ac1f55de204eda1a0a42c49e3219e7e21bf62cfa79b677,I4,71f15c89d67118e12eff0fd31b31fd16174df092ed6e29dc2b93a75271b32f86,2933181,H_bag,ACTION_CHANGED_HORIZON_COMPLETE,true,,true,true,true,HARMFUL,0.4000000000014552,[21791],,,I4|BODY|NO_DIVERGENCE|HIGH,471856,945,0.0020027296463327794,499.31851851851854
756cdeae9b8693fe6eda7ea67a3271951f2dd3409dbde0aeabc6ba4e834744d8:H_bag,756cdeae9b8693fe6eda7ea67a3271951f2dd3409dbde0aeabc6ba4e834744d8,I4,6ecc4a887108d93a39dbf49953420f0cfc331f7110d64a98603113a850608911,2936471,H_bag,ACTION_CHANGED_HORIZON_COMPLETE,true,,true,true,true,HARMFUL,1.0,[22111],,,I4|BODY|NO_DIVERGENCE|HIGH,471856,945,0.0020027296463327794,499.31851851851854
8e8945e0d706010eb60a75621d5dac90b7a60dad32e725d5bbbb1d7c7dead459:H_bag,8e8945e0d706010eb60a75621d5dac90b7a60dad32e725d5bbbb1d7c7dead459,I4,52b9a628d7a8c5a43d6a13c7cbb907f2730e4de4df5633ea90a618600cfb19b3,2939977,H_bag,ACTION_CHANGED_HORIZON_COMPLETE,true,,true,true,true,HARMFUL,1.0,[24333],,,I4|BODY|NO_DIVERGENCE|HIGH,471856,945,0.0020027296463327794,499.31851851851854
ea801cf851b4818c46df8cdf4654d663e78fa323bbe0415e1c0de344b6e4713d:H_bag,ea801cf851b4818c46df8cdf4654d663e78fa323bbe0415e1c0de344b6e4713d,I3,7096d3d5ee3e0a6ee75016217636f958842fc65bbc172a04d524d8358d0abb57,2940343,H_bag,ACTION_CHANGED_HORIZON_COMPLETE,true,,true,true,true,HARMFUL,25.60000000000582,[24346],,,I3|BODY|NO_DIVERGENCE|HIGH,170143,958,0.005630557824888476,177.60229645093946
ae3ea4bf8c98c9539bc8da96e29add2b56b5df46de396a6d49c094bb4aff2947:H_bag,ae3ea4bf8c98c9539bc8da96e29add2b56b5df46de396a6d49c094bb4aff2947,I3,73132011f883294b82b75b2db3907d73e8471ee9cdce2e4af8a25b86bf46a91a,2942474,H_bag,ACTION_CHANGED_HORIZON_COMPLETE,true,,true,true,true,HARMFUL,38.29924999999639,[24385],,,I3|BODY|NO_DIVERGENCE|HIGH,170143,958,0.005630557824888476,177.60229645093946
aec1a0185ca219e54318886e2f07533254d550af5706c06ad3e3cf93b3ddae60:H_bag,aec1a0185ca219e54318886e2f07533254d550af5706c06ad3e3cf93b3ddae60,I4,a48906c8193e0c83b9a3922f3b776bfd1ed8704bd0685c949269716786ce88ca,2944947,H_bag,ACTION_CHANGED_HORIZON_COMPLETE,true,,true,true,true,HARMFUL,0.5,[24394],,,I4|BODY|NO_DIVERGENCE|HIGH,471856,945,0.0020027296463327794,499.31851851851854
68389754802d4ecb22d09b8333fef2d8811f1302339ebe0efb6696b76588bf26:H_system,68389754802d4ecb22d09b8333fef2d8811f1302339ebe0efb6696b76588bf26,I3,800445534a5d094eb53798c0bd492c07109f8a2cb232e570ba81c6ea37b033a3,2945790,H_system,ACTION_CHANGED_HORIZON_COMPLETE,true,,true,true,true,HARMFUL,0.002582268192554693,[24359],"[24359,24449,24459,24463,24469,24491,24496,24500,24502]","[24449,24459,24463,24469,24491,24496,24500,24502]",I3|BODY|NO_DIVERGENCE|HIGH,170143,958,0.005630557824888476,177.60229645093946
d597ff56b2c992a5733acd6d700e987f79b9803bfff2de4a12f398b107b2af46:H_bag,d597ff56b2c992a5733acd6d700e987f79b9803bfff2de4a12f398b107b2af46,I4,d4286643db5669ba8f6588335529d73930aa331fc6ce254253d4d5070701bff6,2946792,H_bag,ACTION_CHANGED_HORIZON_COMPLETE,true,,true,true,true,NEUTRAL_WITHIN_TOLERANCE,0.0,[24440],,,I4|BODY|NO_DIVERGENCE|HIGH,471856,945,0.0020027296463327794,499.31851851851854
87d29a16097d395effbf1857bc1b5b202381e11f6ddd4e3fcfd7016d131314e6:H_bag,87d29a16097d395effbf1857bc1b5b202381e11f6ddd4e3fcfd7016d131314e6,I4,7371594ad48d267fabaa0b17439078fc72b635c909cb232a0b79fbc0b3954daa,2947010,H_bag,ACTION_CHANGED_HORIZON_COMPLETE,true,,true,true,true,BENEFICIAL,-4.44999999999709,[24376],,,I4|BODY|NO_DIVERGENCE|HIGH,471856,945,0.0020027296463327794,499.31851851851854
5ba8060dc18d3ffcbbc0128804ac84694d501fe27f976362c93c54898c42f32f:H_system,5ba8060dc18d3ffcbbc0128804ac84694d501fe27f976362c93c54898c42f32f,I4,642c90e4c11b574c8cc2a4e95b0e4f8b985e79ff327bc225cf3e3f8ae804e957,2952335,H_system,ACTION_CHANGED_HORIZON_COMPLETE,true,,true,true,true,HARMFUL,-4.086072061681989e-05,[24490],"[24475,24487,24488,24490,24493,24498]","[24475,24487,24488,24493,24498]",I4|BODY|DIVERGENCE|HIGH,30514,61,0.0019990823884118766,500.2295081967213
615f385d20d1da07d493e1dc13f836a393ddd2d5892431d36fcf9160224f2636:H_bag,615f385d20d1da07d493e1dc13f836a393ddd2d5892431d36fcf9160224f2636,I3,164f685abefab51aefe53492a6152e6e51e90c4222cdbc176e40ebf1fe27f720,2953724,H_bag,ACTION_CHANGED_HORIZON_COMPLETE,true,,true,true,true,HARMFUL,20.44733000000997,[24502],,,I3|BODY|NO_DIVERGENCE|HIGH,170143,958,0.005630557824888476,177.60229645093946
8afe90a3605588fb53710b22ebb483fb8cd1a617b8de0492d547f6f05705b31e:H_system,8afe90a3605588fb53710b22ebb483fb8cd1a617b8de0492d547f6f05705b31e,I4,f9beb0172919179da75052fe019b4c5617935c061f10da0b179d19a9a607c405,2954831,H_system,ACTION_CHANGED_HORIZON_COMPLETE,true,,true,true,true,BENEFICIAL,-5.684341886080802e-14,[24475],"[24475,24498]",[24498],I4|BODY|NO_DIVERGENCE|HIGH,471856,945,0.0020027296463327794,499.31851851851854
4f4f5f97086ef1b0ec2c09727a33fa87c0aa29225924cdf34ae0db739ac7575d:H_bag,4f4f5f97086ef1b0ec2c09727a33fa87c0aa29225924cdf34ae0db739ac7575d,I4,8e8c3eac151e47f2497f348025da23e08bbfc1f06baa1ca4c1d78719d756ffca,2962181,H_bag,ACTION_CHANGED_HORIZON_COMPLETE,true,,true,true,true,NEUTRAL_WITHIN_TOLERANCE,0.0,[22348],,,I4|BODY|NO_DIVERGENCE|HIGH,471856,945,0.0020027296463327794,499.31851851851854
2ef13dbaca393bd4603e45b264403a53f2f47e19728cfb58f005d6d04c759dca:H_bag,2ef13dbaca393bd4603e45b264403a53f2f47e19728cfb58f005d6d04c759dca,I3,b479c1202cdf198e3bd0bc08d720e2e6e5665424a191295594f6bfd91b3a92a4,2963031,H_bag,ACTION_CHANGED_HORIZON_COMPLETE,true,,true,true,true,HARMFUL,79.09999999999127,[24514],,,I3|BODY|NO_DIVERGENCE|HIGH,170143,958,0.005630557824888476,177.60229645093946
c8c0ac12bf674ab1985f9004422075e3dbada93b9b57a9b846c076463816eece:H_bag,c8c0ac12bf674ab1985f9004422075e3dbada93b9b57a9b846c076463816eece,I3,7814e26e03759e8697c88fac0111af0b260bd2f13ed7dd7650f74e26db83c779,2971128,H_bag,ACTION_CHANGED_HORIZON_COMPLETE,true,,true,true,true,HARMFUL,75.59999999999127,[24608],,,I3|TAIL|NO_DIVERGENCE|HIGH,4196,58,0.013822688274547188,72.34482758620689
9a3e2b96a49396ccab7049209f41e0b29542d16a868a8be6f2d78153a2418a6f:H_bag,9a3e2b96a49396ccab7049209f41e0b29542d16a868a8be6f2d78153a2418a6f,I3,61709acc1c01dcaa01a43bd7e8c9e0c599549570a0d731be72ad33451e6195ab,2979474,H_bag,ACTION_CHANGED_HORIZON_COMPLETE,true,,true,true,true,HARMFUL,24.299999999995634,[22190],,,I3|BODY|NO_DIVERGENCE|HIGH,170143,958,0.005630557824888476,177.60229645093946
ba3aca8f2d62bbb5d6847c9508e05cf9c8821a36457aab42094c5e068276dc6c:H_system,ba3aca8f2d62bbb5d6847c9508e05cf9c8821a36457aab42094c5e068276dc6c,I3,8864c5971382452ae737dfc9fed57d31f4046c2910824e15a14be3c980410289,2981257,H_system,ACTION_CHANGED_HORIZON_COMPLETE,true,,true,true,true,HARMFUL,0.001733825654184784,[21879],[21879],[],I3|BODY|NO_DIVERGENCE|HIGH,170143,958,0.005630557824888476,177.60229645093946
3c3085f17c26395104a62bc59d7c60701e8488422747c20d96dec866a9d6c5f0:H_bag,3c3085f17c26395104a62bc59d7c60701e8488422747c20d96dec866a9d6c5f0,I3,eb27dc8dac0ce2105756fa7ecc4820ea421191fc66dcd9121cfe5df226697b61,2984591,H_bag,ACTION_CHANGED_HORIZON_COMPLETE,true,,true,true,true,HARMFUL,24.049999999995634,[23349],,,I3|BODY|NO_DIVERGENCE|HIGH,170143,958,0.005630557824888476,177.60229645093946
1bee572f4365e22f244680e5a6398795c67bb0b227c12485024ac247bc6643b1:H_bag,1bee572f4365e22f244680e5a6398795c67bb0b227c12485024ac247bc6643b1,I3,7a3445c6967de637d407a39f6d69bad3eb8bef5c8a04d5051ab8e308bcbcdd94,2986186,H_bag,ACTION_CHANGED_HORIZON_COMPLETE,true,,true,true,true,HARMFUL,75.59999999999127,[23349],,,I3|BODY|NO_DIVERGENCE|HIGH,170143,958,0.005630557824888476,177.60229645093946
4efcdd3cf51bb53c4d9a9f102be7130d49f5ebc5f045b0ddd3eeb8eaae4d897f:H_bag,4efcdd3cf51bb53c4d9a9f102be7130d49f5ebc5f045b0ddd3eeb8eaae4d897f,I3,0334aef49ee4d31a677d607f01320b65dcf94afa396ba833dee9b9dab5bdd559,2992294,H_bag,ACTION_CHANGED_HORIZON_COMPLETE,true,,true,true,true,HARMFUL,0.25,[24802],,,I3|BODY|DIVERGENCE|HIGH,10032,56,0.005582137161084529,179.14285714285714
5fe649b10442a49ef27a1ab46d9a7ccb1cd634c5cab0d35ca62d0d2a2927a57c:H_bag,5fe649b10442a49ef27a1ab46d9a7ccb1cd634c5cab0d35ca62d0d2a2927a57c,I3,c32f39a1e82272e6b2a8ff2b16143442ac9a5369b14a5d6c8b348231370b2be2,2995168,H_bag,ACTION_CHANGED_HORIZON_COMPLETE,true,,true,true,true,HARMFUL,21.319700000014564,[24816],,,I3|BODY|NO_DIVERGENCE|HIGH,170143,958,0.005630557824888476,177.60229645093946
152f446b368df909018825609a1002497665dc7fd5ed677d82578b2e0435c687:H_bag,152f446b368df909018825609a1002497665dc7fd5ed677d82578b2e0435c687,I4,681bc2cca1858e1ee809ec4bbb01e51da9498b3986c8d0c75911b5e4b3829861,3005001,H_bag,ACTION_CHANGED_HORIZON_COMPLETE,true,,true,true,true,HARMFUL,0.4666799999977229,[24908],,,I4|BODY|NO_DIVERGENCE|HIGH,471856,945,0.0020027296463327794,499.31851851851854
7682f689e647c0e408c60c43d9b56daf4c9d613519dba1659211290097215f63:H_bag,7682f689e647c0e408c60c43d9b56daf4c9d613519dba1659211290097215f63,I4,97133bdae9fc188447062f35dd5cffa944c58146b016af85848cf6ef39cc6e67,3007978,H_bag,ACTION_CHANGED_HORIZON_COMPLETE,true,,true,true,true,HARMFUL,0.7979400000040187,[24773],,,I4|TAIL|NO_DIVERGENCE|HIGH,13582,67,0.004932999558238846,202.71641791044775
7bf06e7bbf635769ca27add14d89e43d0ff747d4f424cf0e3bff1d3af7a7c9bf:H_bag,7bf06e7bbf635769ca27add14d89e43d0ff747d4f424cf0e3bff1d3af7a7c9bf,I3,54c2b2ee17f73a55437fa8a49f363a186974438e1c02e8f6d1b809340241c064,3013955,H_bag,ACTION_CHANGED_HORIZON_COMPLETE,true,,true,true,true,HARMFUL,25.400000000001455,[23357],,,I3|BODY|NO_DIVERGENCE|HIGH,170143,958,0.005630557824888476,177.60229645093946
33e1012f5fbc3015b3d6ac75941700ce97275e6d35f8b2dd2e621dfaae45b70e:H_system,33e1012f5fbc3015b3d6ac75941700ce97275e6d35f8b2dd2e621dfaae45b70e,I3,c2cfae9eee37d58badfd642f2a049c70c5ffcd8b226aef102d63f622ce7ae6ac,3016139,H_system,ACTION_CHANGED_HORIZON_COMPLETE,true,,true,true,true,HARMFUL,0.0012648212278918436,[24952],[24952],[],I3|BODY|DIVERGENCE|HIGH,10032,56,0.005582137161084529,179.14285714285714
5e0030c74b9f107f33b101af42e0de0ec07fc019b7859dc073301e6953592c73:H_bag,5e0030c74b9f107f33b101af42e0de0ec07fc019b7859dc073301e6953592c73,I3,309cc68028cbef8f24d6c6d46a6e8787bd81915bc92b7ef3b8f2b7af24b19209,3025068,H_bag,ACTION_CHANGED_HORIZON_COMPLETE,true,,true,true,true,HARMFUL,24.799999999995634,[20957],,,I3|BODY|NO_DIVERGENCE|HIGH,170143,958,0.005630557824888476,177.60229645093946
c714ac23b18a277157a30817d65a3bd054df33c721e42e6d998848fe24b4dde2:H_bag,c714ac23b18a277157a30817d65a3bd054df33c721e42e6d998848fe24b4dde2,I3,a5af49377e37cd75e9d8a5790c0433eaee21c7e58cd01e5ed192a9b9000c2178,3027389,H_bag,ACTION_CHANGED_HORIZON_COMPLETE,true,,true,true,true,HARMFUL,25.60000000000582,[25049],,,I3|BODY|NO_DIVERGENCE|HIGH,170143,958,0.005630557824888476,177.60229645093946
9b9138f27b7fc921ea61f75e4b61511793dcf746d8b8bc3272dbc4e6227cab96:H_bag,9b9138f27b7fc921ea61f75e4b61511793dcf746d8b8bc3272dbc4e6227cab96,I3,d1d2f38a66d6e2d50d0e426e441cd005772e51c18732ee5a4dd91b0adcf9d89e,3030691,H_bag,ACTION_CHANGED_HORIZON_COMPLETE,true,,true,true,true,HARMFUL,24.299999999995634,[23192],,,I3|BODY|NO_DIVERGENCE|HIGH,170143,958,0.005630557824888476,177.60229645093946
1628eda53f2be35981e54dd8471d19835f94f568f9a94ee7ebbb6379c0cca627:H_bag,1628eda53f2be35981e54dd8471d19835f94f568f9a94ee7ebbb6379c0cca627,I3,b5f88b6a03cd9615d3519a53a4ba456c57bfec6c01055c19fbdbb8680063a895,3031139,H_bag,ACTION_CHANGED_HORIZON_COMPLETE,true,,true,true,true,HARMFUL,24.299999999995634,[23212],,,I3|BODY|NO_DIVERGENCE|HIGH,170143,958,0.005630557824888476,177.60229645093946
b76ac6171b39b095a92c6e2269fe2cd4da6a6b35866fe955db8f151e4be0fbf6:H_bag,b76ac6171b39b095a92c6e2269fe2cd4da6a6b35866fe955db8f151e4be0fbf6,I4,38c07634924138d1a1c9a079a379845a00073c1933dc5d5bcc42cb9275eaea84,3032745,H_bag,ACTION_CHANGED_HORIZON_COMPLETE,true,,true,true,true,HARMFUL,0.4000000000014552,[23335],,,I4|BODY|NO_DIVERGENCE|HIGH,471856,945,0.0020027296463327794,499.31851851851854
cf0ddc1468e68df5bf5b141bc285cd806c0036e49d247284645d689633d7b4b3:H_bag,cf0ddc1468e68df5bf5b141bc285cd806c0036e49d247284645d689633d7b4b3,I4,862af03b9abfbf1cd174983c8d2a3fd23ce4ef7425b74c9417edee2991a906a2,3033729,H_bag,ACTION_CHANGED_HORIZON_COMPLETE,true,,true,true,true,HARMFUL,0.5999999999985448,[23509],,,I4|BODY|NO_DIVERGENCE|HIGH,471856,945,0.0020027296463327794,499.31851851851854
f287546331aeb05208c4552d17e339d69a9dd66e0a552999a28451822ca0a91b:H_system,f287546331aeb05208c4552d17e339d69a9dd66e0a552999a28451822ca0a91b,I4,0e462fef268a5f76944d8bdfb6cf7fe6b53c74c8e1aad40bb1a627010315f45e,3036844,H_system,ACTION_CHANGED_HORIZON_COMPLETE,true,,true,true,true,HARMFUL,2.2934187882128754e-08,[25103],[25103],[],I4|TAIL|NO_DIVERGENCE|HIGH,13582,67,0.004932999558238846,202.71641791044775
bbd69d5bdb9ffbf2e14c6ffd0754f095c8f1916e8b0ed767869d6b1ba86895be:H_bag,bbd69d5bdb9ffbf2e14c6ffd0754f095c8f1916e8b0ed767869d6b1ba86895be,I3,66fcef2d227ae22d847a174042800f1bec1332ef07f6e3bebec0ce8a09f0cdd9,3038873,H_bag,ACTION_CHANGED_HORIZON_COMPLETE,true,,true,true,true,BENEFICIAL,-4.0440899999812245,[25128],,,I3|BODY|NO_DIVERGENCE|HIGH,170143,958,0.005630557824888476,177.60229645093946
2c42cd9c60a19f93289831a898eb05fb30a9d3f7a61347bd56362dbd8f619e79:H_bag,2c42cd9c60a19f93289831a898eb05fb30a9d3f7a61347bd56362dbd8f619e79,I4,b7581f94e73b17f245626356d96031e0d506a6c2c65a0f043e81f637e4bff572,3044849,H_bag,ACTION_CHANGED_HORIZON_COMPLETE,true,,true,true,true,BENEFICIAL,-4.19999999999709,[25183],,,I4|BODY|NO_DIVERGENCE|HIGH,471856,945,0.0020027296463327794,499.31851851851854
8b00b5edc779fea1b77c2dc10a77a720cbd2c01f03cc965d25ef06f00652c7bf:H_bag,8b00b5edc779fea1b77c2dc10a77a720cbd2c01f03cc965d25ef06f00652c7bf,I4,944cd70d484188d3d579e03443d94745659a00edbbd3997c9795f914da66a4b2,3056247,H_bag,ACTION_CHANGED_HORIZON_COMPLETE,true,,true,true,true,HARMFUL,1.0,[20231],,,I4|BODY|DIVERGENCE|HIGH,30514,61,0.0019990823884118766,500.2295081967213
17d5064683b893d2949e748ccdaea04c3834a516e983d4667919889823122c53:H_system,17d5064683b893d2949e748ccdaea04c3834a516e983d4667919889823122c53,I3,20efc53777ce05abff2aa235645a816726c2fd2e2c9f817a7d5dddf83175fc55,3057085,H_system,ACTION_CHANGED_HORIZON_COMPLETE,true,,true,true,true,HARMFUL,0.0036258973006226825,[25259],"[21433,21639,21766,21899,22090,22115,22121,22126,22446,22472,22560,22658,22666,22670,22716,22722,22731,22775,22921,23015,23031,23039,23041,23080,23086,23090,23094,23149,23176,23178,23196,23204,23206,23222,23226,23230,23321,23372,23415,23420,23423,23428,23443,23475,23490,23519,23532,23561,23625,23649,23680,23708,23736,23740,23758,23766,23776,23780,23797,23799,23840,23874,23914,23937,25259]","[21433,21639,21766,21899,22090,22115,22121,22126,22446,22472,22560,22658,22666,22670,22716,22722,22731,22775,22921,23015,23031,23039,23041,23080,23086,23090,23094,23149,23176,23178,23196,23204,23206,23222,23226,23230,23321,23372,23415,23420,23423,23428,23443,23475,23490,23519,23532,23561,23625,23649,23680,23708,23736,23740,23758,23766,23776,23780,23797,23799,23840,23874,23914,23937]",I3|BODY|NO_DIVERGENCE|HIGH,170143,958,0.005630557824888476,177.60229645093946
13955cdd0c143d5ac5020e05e461eeb42040de947ad119acb58904b02d097ba0:H_bag,13955cdd0c143d5ac5020e05e461eeb42040de947ad119acb58904b02d097ba0,I3,79f79fca3f588fbdcd607e0b9e642d0e9b8781430c789a13bc14f720cb4f0803,3059679,H_bag,ACTION_CHANGED_HORIZON_COMPLETE,true,,true,true,true,HARMFUL,75.59999999999127,[21766],,,I3|BODY|NO_DIVERGENCE|HIGH,170143,958,0.005630557824888476,177.60229645093946
8feb73be18abb296bf4593d1436ccec523c3a06acee0f710f354741db8444cb7:H_bag,8feb73be18abb296bf4593d1436ccec523c3a06acee0f710f354741db8444cb7,I3,f127d6b20e670b528c38ed3890775ab12294451a24be0e26c36ae8385345c2ac,3061910,H_bag,ACTION_CHANGED_HORIZON_COMPLETE,true,,true,true,true,HARMFUL,22.549999999995634,[23086],,,I3|BODY|NO_DIVERGENCE|HIGH,170143,958,0.005630557824888476,177.60229645093946
414340bc87e7515760fa9c10a048f2f04f27e76eae909e181dedc12c315c5978:H_bag,414340bc87e7515760fa9c10a048f2f04f27e76eae909e181dedc12c315c5978,I4,cf6a49c901b07fb4b17fd39e0dcf344b9775bf56d39b422dc2f186d323ca625e,3062282,H_bag,ACTION_CHANGED_HORIZON_COMPLETE,true,,true,true,true,HARMFUL,0.725510000003851,[22731],,,I4|BODY|NO_DIVERGENCE|HIGH,471856,945,0.0020027296463327794,499.31851851851854
d1b4a6f6ccfad8d85cd904189ef55a7824cd11ae891e858b2163ebfb27e533fa:H_bag,d1b4a6f6ccfad8d85cd904189ef55a7824cd11ae891e858b2163ebfb27e533fa,I3,957f123eb26a2418a24bd1d0515af2e09cc7035b58f3c57f03b3ac4406a5429a,3063991,H_bag,ACTION_CHANGED_HORIZON_COMPLETE,true,,true,true,true,HARMFUL,5.950000000004366,[25332],,,I3|BODY|DIVERGENCE|HIGH,10032,56,0.005582137161084529,179.14285714285714
1ed47f6a8565ba04bb4fa179b4a4bbaf8613f568f01a39d8a9c5e49ba2808b0f:H_system,1ed47f6a8565ba04bb4fa179b4a4bbaf8613f568f01a39d8a9c5e49ba2808b0f,I4,bf3eaddac717f10bfddb4a0e36a290a4484de0c405ee73b9ea372bdf0f44da64,3064395,H_system,ACTION_CHANGED_HORIZON_COMPLETE,true,,true,true,true,HARMFUL,9.004655623812141e-06,[25320],[25320],[],I4|BODY|NO_DIVERGENCE|HIGH,471856,945,0.0020027296463327794,499.31851851851854
6aaac0ee1f94853fbb992cb5dc0bdb75a33552eb538dedbb81d535eb11a9f280:H_bag,6aaac0ee1f94853fbb992cb5dc0bdb75a33552eb538dedbb81d535eb11a9f280,I4,771e4167f09f62c2da9d0cd7d6272226eedbaabd4e37055153233c5ddada8e4c,3067284,H_bag,ACTION_CHANGED_HORIZON_COMPLETE,true,,true,true,true,HARMFUL,1.0,[25300],,,I4|BODY|NO_DIVERGENCE|HIGH,471856,945,0.0020027296463327794,499.31851851851854
950f3cdb58f83d080f0ba99b9ee4910c94c68df309596cc7ac0a47ed3b4704f2:H_system,950f3cdb58f83d080f0ba99b9ee4910c94c68df309596cc7ac0a47ed3b4704f2,I4,4fe3769bbeb58f2d489d518335cdfe5e54fed3d2b1af46f714fcdb12407ffa96,3068368,H_system,ACTION_CHANGED_HORIZON_COMPLETE,true,,true,true,true,HARMFUL,2.2934201780344665e-05,[23475],[23475],[],I4|BODY|NO_DIVERGENCE|HIGH,471856,945,0.0020027296463327794,499.31851851851854
cfb6487756ecbcb2cc467eec4bafc8a4ff8c2264ba628cf74de33096b7375661:H_bag,cfb6487756ecbcb2cc467eec4bafc8a4ff8c2264ba628cf74de33096b7375661,I3,92661913a851251f8ddd7d2be2d4e0f3f727a76ccb5719fc4206643ea62bb2e2,3069700,H_bag,ACTION_CHANGED_HORIZON_COMPLETE,true,,true,true,true,HARMFUL,4.200000000004366,[25353],,,I3|BODY|NO_DIVERGENCE|HIGH,170143,958,0.005630557824888476,177.60229645093946
5b282bcb495b111833873f8f7935af3fabcaa73abcea8e9d75e71406ae9fef8b:H_bag,5b282bcb495b111833873f8f7935af3fabcaa73abcea8e9d75e71406ae9fef8b,I4,a540cce4a3984b0b5df3c74ea70045524c9c70f3a017ab52299349ff0e414b41,3069842,H_bag,ACTION_CHANGED_HORIZON_COMPLETE,true,,true,true,true,HARMFUL,1.0,[25351],,,I4|BODY|NO_DIVERGENCE|HIGH,471856,945,0.0020027296463327794,499.31851851851854
0bcc9c2143c44fb453e2ba9940a433de21d9e15fced2d0f49e9bb3164cd8dd88:H_bag,0bcc9c2143c44fb453e2ba9940a433de21d9e15fced2d0f49e9bb3164cd8dd88,I3,a78d0e4ba759323fbcc5e1b74d83a7d33c6067d2d8f3f7b91072a8cfbf258802,3070877,H_bag,ACTION_CHANGED_HORIZON_COMPLETE,true,,true,true,true,HARMFUL,75.59999999999127,[25351],,,I3|BODY|NO_DIVERGENCE|HIGH,170143,958,0.005630557824888476,177.60229645093946
3b39f4782ff16baee41ca7d7c02c702b5f3777d0211a406934d9a88eceb90142:H_bag,3b39f4782ff16baee41ca7d7c02c702b5f3777d0211a406934d9a88eceb90142,I4,ece0842bccb0947b963bf240202f4a932551b2f500dbac807285ad38f0f42ad2,3076055,H_bag,ACTION_CHANGED_HORIZON_COMPLETE,true,,true,true,true,NEUTRAL_WITHIN_TOLERANCE,0.0,[22187],,,I4|BODY|NO_DIVERGENCE|HIGH,471856,945,0.0020027296463327794,499.31851851851854
194b9469b9cedeab41e79a3a326c8928960db0321c31842d44890676568a51c1:H_bag,194b9469b9cedeab41e79a3a326c8928960db0321c31842d44890676568a51c1,I4,7d069f005f84741414a845945ace789548193df7d2d4ca92f6073679ebebbaf8,3076496,H_bag,ACTION_CHANGED_HORIZON_COMPLETE,true,,true,true,true,HARMFUL,0.5999999999985448,[21706],,,I4|BODY|NO_DIVERGENCE|HIGH,471856,945,0.0020027296463327794,499.31851851851854
64d5869301b6f1bcfad75f094512341b900a69d67c5ca472f4d195960d8b22ff:H_bag,64d5869301b6f1bcfad75f094512341b900a69d67c5ca472f4d195960d8b22ff,I4,1a54031be3d32efde99ead1e0803c951bf0f0d5197ebf8c7b18cec705278c167,3078166,H_bag,ACTION_CHANGED_HORIZON_COMPLETE,true,,true,true,true,HARMFUL,0.000999999996565748,[23396],,,I4|BODY|NO_DIVERGENCE|HIGH,471856,945,0.0020027296463327794,499.31851851851854
7de5d5972a668f51aa3d386a9bf9cc9919f4cf2af2dc15e6642696260594368f:H_bag,7de5d5972a668f51aa3d386a9bf9cc9919f4cf2af2dc15e6642696260594368f,I3,7b8b9a477514bbd2888d34367721a6556ed5d09e1262fb83291ebe3d742e9450,3078515,H_bag,ACTION_CHANGED_HORIZON_COMPLETE,true,,true,true,true,HARMFUL,75.59999999999127,[23011],,,I3|BODY|NO_DIVERGENCE|HIGH,170143,958,0.005630557824888476,177.60229645093946
9f678ce4df13f106bf2a5b028833eaecce8259bef29bf7afe6ad920727d8caf9:H_bag,9f678ce4df13f106bf2a5b028833eaecce8259bef29bf7afe6ad920727d8caf9,I3,0bf8ba583b3d2de8da6c8a7c357eff33e450382c0f7eb927d8400da194f50bb0,3078665,H_bag,ACTION_CHANGED_HORIZON_COMPLETE,true,,true,true,true,HARMFUL,51.400000000001455,[23027],,,I3|BODY|NO_DIVERGENCE|HIGH,170143,958,0.005630557824888476,177.60229645093946
b4341387215b14f7854e52bdba4f4eede64432ec2433d203a6f8a553bbcb8aaf:H_bag,b4341387215b14f7854e52bdba4f4eede64432ec2433d203a6f8a553bbcb8aaf,I3,ea1d7feca8931675197f35973c008887f618cea3e3022a4d41143d0d3d53da5e,3078821,H_bag,ACTION_CHANGED_HORIZON_COMPLETE,true,,true,true,true,HARMFUL,75.59999999999127,[23021],,,I3|BODY|NO_DIVERGENCE|HIGH,170143,958,0.005630557824888476,177.60229645093946
5027986e47870b6e6dca3f4677933c39802fbd8cd0afee5b8139604b19081d00:H_bag,5027986e47870b6e6dca3f4677933c39802fbd8cd0afee5b8139604b19081d00,I4,50b5c5d7ea99b63f74d98dea74949d3015c226ead57c5f61c743276459d628c0,3078864,H_bag,ACTION_CHANGED_HORIZON_COMPLETE,true,,true,true,true,NEUTRAL_WITHIN_TOLERANCE,0.0,[23563],,,I4|BODY|NO_DIVERGENCE|HIGH,471856,945,0.0020027296463327794,499.31851851851854
69156a3e950a6aa9163890d5262346272147aa7a93f41c79361bd6bbd5011c3e:H_bag,69156a3e950a6aa9163890d5262346272147aa7a93f41c79361bd6bbd5011c3e,I4,07242180f203bd9de788f2acc3bc80a21ac6aca76e6ac9c5314aee943bb2ac75,3080328,H_bag,ACTION_CHANGED_HORIZON_COMPLETE,true,,true,true,true,NEUTRAL_WITHIN_TOLERANCE,0.0,[23700],,,I4|BODY|NO_DIVERGENCE|HIGH,471856,945,0.0020027296463327794,499.31851851851854
80c29aae7a1ad5a80cf7ace20d8dc649202d2440c940dd08f224361c962d2724:H_bag,80c29aae7a1ad5a80cf7ace20d8dc649202d2440c940dd08f224361c962d2724,I3,a8561fd4b72e8d3717867288188bb56cb3ae6975e2aff28b5187d1d9f924e2c9,3082097,H_bag,ACTION_CHANGED_HORIZON_COMPLETE,true,,true,true,true,HARMFUL,51.400000000001455,[24026],,,I3|BODY|NO_DIVERGENCE|HIGH,170143,958,0.005630557824888476,177.60229645093946
5a524d9116a564b4a35f27eaec3a24d910eaedb7f49106e290147d8abc86d9e3:H_bag,5a524d9116a564b4a35f27eaec3a24d910eaedb7f49106e290147d8abc86d9e3,I4,bc84940645eaa336fbca98e8c1f59412a039697a7e3e834cc16288fb1ecc59cf,3082821,H_bag,ACTION_CHANGED_HORIZON_COMPLETE,true,,true,true,true,HARMFUL,1.0,[25424],,,I4|BODY|NO_DIVERGENCE|HIGH,471856,945,0.0020027296463327794,499.31851851851854
951f3a46105604efba9bae0c5ce507df9ce042b6c8c9a110979c1333c4065781:H_bag,951f3a46105604efba9bae0c5ce507df9ce042b6c8c9a110979c1333c4065781,I3,584457449d133e53f3f83ef1400d372f7e0f8cbdf27295e98254027e34406e31,3084729,H_bag,ACTION_CHANGED_HORIZON_COMPLETE,true,,true,true,true,HARMFUL,20.131990000008955,[25453],,,I3|BODY|NO_DIVERGENCE|HIGH,170143,958,0.005630557824888476,177.60229645093946
265653473daf9077824301b16f1702a225ece8eb85427ab4fd62fb4136bb64fc:H_bag,265653473daf9077824301b16f1702a225ece8eb85427ab4fd62fb4136bb64fc,I4,588f532a9130cc7a7eb630fbefd907e4f58f555b3d5319751016060a9a668e20,3089120,H_bag,ACTION_CHANGED_HORIZON_COMPLETE,true,,true,true,true,NEUTRAL_WITHIN_TOLERANCE,0.0,[25496],,,I4|BODY|NO_DIVERGENCE|HIGH,471856,945,0.0020027296463327794,499.31851851851854
a37aafa99139cec14a615a221f9b3d0f34fe0003b5bc22c7ec3797e6c63fa635:H_bag,a37aafa99139cec14a615a221f9b3d0f34fe0003b5bc22c7ec3797e6c63fa635,I4,47cc145ec7f827514bb4fc59017374bba7ef3a7ee2aa15e2e8eca99ed8afd2a9,3093668,H_bag,ACTION_CHANGED_HORIZON_COMPLETE,true,,true,true,true,HARMFUL,1.0,[25593],,,I4|BODY|NO_DIVERGENCE|HIGH,471856,945,0.0020027296463327794,499.31851851851854
f602cd561c960f153b038100fe558b78af70f9b9853f5598ac7cdce5114f6595:H_system,f602cd561c960f153b038100fe558b78af70f9b9853f5598ac7cdce5114f6595,I4,f0919f7a7c021083679e9a6d6a06954ad4fa5c10bf3f237b1105d4ed01088441,3095160,H_system,ACTION_CHANGED_HORIZON_COMPLETE,true,,true,true,true,NEUTRAL_WITHIN_TOLERANCE,0.0,[25553],[25553],[],I4|BODY|NO_DIVERGENCE|HIGH,471856,945,0.0020027296463327794,499.31851851851854
2625d3c331f5c1497c8aa528a4bbc3950e4efcacc4a502cdd6f1bfee480f2078:H_bag,2625d3c331f5c1497c8aa528a4bbc3950e4efcacc4a502cdd6f1bfee480f2078,I3,eec4310bb3f3be0a9b920bc78f44753d6ddb5a7f329cc6e43c89300e1a3ff32d,3095267,H_bag,ACTION_CHANGED_HORIZON_COMPLETE,true,,true,true,true,HARMFUL,33.0,[25586],,,I3|BODY|NO_DIVERGENCE|HIGH,170143,958,0.005630557824888476,177.60229645093946
5c2a98d34583fb11eaa685f830feac767088741abfa6ea006e60ddb6ee41a828:H_system,5c2a98d34583fb11eaa685f830feac767088741abfa6ea006e60ddb6ee41a828,I4,0a2d89c301efdc434c034b229028ce6e67be85ceb9854f7552ad29132b4fc383,3101036,H_system,ACTION_CHANGED_HORIZON_COMPLETE,true,,true,true,true,HARMFUL,2.064078154262461e-05,[25615],[25615],[],I4|BODY|NO_DIVERGENCE|HIGH,471856,945,0.0020027296463327794,499.31851851851854
6bb6fff74e8cce550224356689752838e53d8ac12017db1288b652553dde1376:H_bag,6bb6fff74e8cce550224356689752838e53d8ac12017db1288b652553dde1376,I4,2c4c9ae3c87532149ff38e93f5daeae8a1925ab720bd8a06899ee870500d2635,3112240,H_bag,ACTION_CHANGED_HORIZON_COMPLETE,true,,true,true,true,HARMFUL,0.000999999996565748,[25751],,,I4|BODY|NO_DIVERGENCE|HIGH,471856,945,0.0020027296463327794,499.31851851851854
747c5aca061db6d3650acee7a861e286ac6380ef1508a9dff9d090750c3cb2be:H_bag,747c5aca061db6d3650acee7a861e286ac6380ef1508a9dff9d090750c3cb2be,I4,73e053912699933e253ddd924589192c5d14f86c0ab0af63fb4fc546b3714dde,3113855,H_bag,ACTION_CHANGED_HORIZON_COMPLETE,true,,true,true,true,HARMFUL,0.5999999999985448,[25763],,,I4|BODY|NO_DIVERGENCE|HIGH,471856,945,0.0020027296463327794,499.31851851851854
996c6db7feafedc9d586fc9eb58d0f221033ad048ece635380c624f70012706b:H_bag,996c6db7feafedc9d586fc9eb58d0f221033ad048ece635380c624f70012706b,I4,893504ab75a5817526e8e6950ef1a62d40648b58287d851cf9409dcf22435fbf,3114892,H_bag,ACTION_CHANGED_HORIZON_COMPLETE,true,,true,true,true,HARMFUL,0.4092400000008638,[25783],,,I4|BODY|NO_DIVERGENCE|HIGH,471856,945,0.0020027296463327794,499.31851851851854
a0aece942500f198aea2196700e9934004d2a456b812ba75e4889f703a1deeec:H_bag,a0aece942500f198aea2196700e9934004d2a456b812ba75e4889f703a1deeec,I3,863bd16088ac085409e705ecde285306d435e940c882e46b10bb65d650899be7,3127184,H_bag,ACTION_CHANGED_HORIZON_COMPLETE,true,,true,true,true,HARMFUL,77.39999999999418,[25906],,,I3|BODY|NO_DIVERGENCE|HIGH,170143,958,0.005630557824888476,177.60229645093946
927b0d1952eaf8af77a9d8fa8e79a26f907908b48d42a8d3b69f6e0e1acd6681:H_bag,927b0d1952eaf8af77a9d8fa8e79a26f907908b48d42a8d3b69f6e0e1acd6681,I3,d1ebef4d0e545559d0155c82194b6427456a3edc566852599ce47354d21a7c01,3133442,H_bag,ACTION_CHANGED_HORIZON_COMPLETE,true,,true,true,true,HARMFUL,41.60172999999486,[26025],,,I3|BODY|NO_DIVERGENCE|HIGH,170143,958,0.005630557824888476,177.60229645093946
ef3b6d060494c9ce566befac0857e6d47759406037ae6ce08a02f8fcd3bcffb2:H_bag,ef3b6d060494c9ce566befac0857e6d47759406037ae6ce08a02f8fcd3bcffb2,I3,af00e283691a30832271f2fdd739495874ac37b015f6e3a0e9038e2d359a21e8,3135368,H_bag,ACTION_CHANGED_HORIZON_COMPLETE,true,,true,true,true,BENEFICIAL,-14.720509999991918,[26042],,,I3|BODY|NO_DIVERGENCE|HIGH,170143,958,0.005630557824888476,177.60229645093946
d4ee8ad3563a92cb8a2e62ae193c0d98ad89f111cfcc056d60816f6fb29565e5:H_bag,d4ee8ad3563a92cb8a2e62ae193c0d98ad89f111cfcc056d60816f6fb29565e5,I4,05d2ace33206936a0fa38ee45494adf4f2b4f62c49fa187bbe42a55ed13846b7,3136241,H_bag,ACTION_CHANGED_HORIZON_COMPLETE,true,,true,true,true,NEUTRAL_WITHIN_TOLERANCE,0.0,[26040],,,I4|BODY|NO_DIVERGENCE|HIGH,471856,945,0.0020027296463327794,499.31851851851854
f8af70fae7a2d64069cb623b8639e3a3a7905cadbf8c8d523f78ca45e41993b8:H_bag,f8af70fae7a2d64069cb623b8639e3a3a7905cadbf8c8d523f78ca45e41993b8,I3,df738b7a76a82f47fc942532134a3abce6187c08431f057d42172a3bb8e9ef9f,3136726,H_bag,ACTION_CHANGED_HORIZON_COMPLETE,true,,true,true,true,HARMFUL,0.25,[22036],,,I3|BODY|NO_DIVERGENCE|HIGH,170143,958,0.005630557824888476,177.60229645093946
1debd168e21b3a90ebe633e6c6f36851e2e898b8ed2c13a70e60507d118d8945:H_system,1debd168e21b3a90ebe633e6c6f36851e2e898b8ed2c13a70e60507d118d8945,I4,5f38441ebdec1f5daafb66aec700a9c93e47810e43ee7a32933c8d1ca702a9f3,3138091,H_system,ACTION_CHANGED_HORIZON_COMPLETE,true,,true,true,true,HARMFUL,2.2934201780344665e-05,[26002],[26002],[],I4|BODY|NO_DIVERGENCE|HIGH,471856,945,0.0020027296463327794,499.31851851851854
2f73f24659668dec63e1357ce1090af0b84e989da1cccc14fcbc3f4c9f32835e:H_bag,2f73f24659668dec63e1357ce1090af0b84e989da1cccc14fcbc3f4c9f32835e,I4,d0869b400155570809a3b7d3a16bad55a0c1a5036c92be99682cfe5b7f085df9,3139221,H_bag,ACTION_CHANGED_HORIZON_COMPLETE,true,,true,true,true,NEUTRAL_WITHIN_TOLERANCE,0.0,[26035],,,I4|TAIL|NO_DIVERGENCE|HIGH,13582,67,0.004932999558238846,202.71641791044775
5571bf90ff2c1c040894c14ec1d54995ce091b6b44970844e140c8215b075568:H_bag,5571bf90ff2c1c040894c14ec1d54995ce091b6b44970844e140c8215b075568,I3,78182403e8b416452f0cb7a1fc320707ccc227b3e81033059c3783c8216c9708,3153107,H_bag,ACTION_CHANGED_HORIZON_COMPLETE,true,,true,true,true,HARMFUL,24.799999999995634,[22394],,,I3|BODY|NO_DIVERGENCE|HIGH,170143,958,0.005630557824888476,177.60229645093946
7b255f8c7d8e996d6029a8e0c40de72e058bfb0e2e9f0463825fbe8ae3f1afc9:H_bag,7b255f8c7d8e996d6029a8e0c40de72e058bfb0e2e9f0463825fbe8ae3f1afc9,I3,a46730f6ee9d8534e0154fa1edb86cc4d100783fd08892ac282add447d26c9f8,3153350,H_bag,ACTION_CHANGED_HORIZON_COMPLETE,true,,true,true,true,HARMFUL,24.549999999995634,[22402],,,I3|BODY|NO_DIVERGENCE|HIGH,170143,958,0.005630557824888476,177.60229645093946
3c5ab9cf31ed1d4bb5b4bc77653dc138781f2d49bb6ffefa943ea5bd00f6916a:H_system,3c5ab9cf31ed1d4bb5b4bc77653dc138781f2d49bb6ffefa943ea5bd00f6916a,I3,344e5d732d991bff171ffec1afed954f74690af3ff063e8e1a633138bd9608c4,3154586,H_system,ACTION_CHANGED_HORIZON_COMPLETE,true,,true,true,true,HARMFUL,0.0015549388804174669,[22877],"[22877,22927,23151,23160,23247,23259,23313,23370,23380,23466,23479,23481,23493,23619,23629,23664,23673,23711,23791,23815,23821,23825,23852,23855,23924,23928,23931,23935,23982,23984,23994,24077,24082,24084,24107,24111,24113,24168,24175,24182,24186,24190,24196,24204,24209,24221,24228,24264,24292,24296,24299,24301,24303,24306,24308,24310,24312,24314,24318,24320,24324,24326,24330,24334,24345,24369,24412,24417,24423,24465,24499,24511,24513,24519,24521,24523,24525,24527,24529,24536,24538,24540,24544,24550,24583,24586,24588,24622,24684,24699,24717,24792,24820,24846,24868,24870,24873,24875,24883,24895,24902,24911,24927,24929,26158,26161]","[22927,23151,23160,23247,23259,23313,23370,23380,23466,23479,23481,23493,23619,23629,23664,23673,23711,23791,23815,23821,23825,23852,23855,23924,23928,23931,23935,23982,23984,23994,24077,24082,24084,24107,24111,24113,24168,24175,24182,24186,24190,24196,24204,24209,24221,24228,24264,24292,24296,24299,24301,24303,24306,24308,24310,24312,24314,24318,24320,24324,24326,24330,24334,24345,24369,24412,24417,24423,24465,24499,24511,24513,24519,24521,24523,24525,24527,24529,24536,24538,24540,24544,24550,24583,24586,24588,24622,24684,24699,24717,24792,24820,24846,24868,24870,24873,24875,24883,24895,24902,24911,24927,24929,26158,26161]",I3|BODY|NO_DIVERGENCE|HIGH,170143,958,0.005630557824888476,177.60229645093946
63e20508d2fa6489828eecb7fbd1dbab28a88ffd0dff4ab0874e0cce176aee7e:H_bag,63e20508d2fa6489828eecb7fbd1dbab28a88ffd0dff4ab0874e0cce176aee7e,I3,0e5954ffa403851b4401dfede081d7ac7a8b32975e83cfed85f6b187dcf424a7,3161616,H_bag,ACTION_CHANGED_HORIZON_COMPLETE,true,,true,true,true,HARMFUL,24.799999999995634,[24499],,,I3|BODY|NO_DIVERGENCE|HIGH,170143,958,0.005630557824888476,177.60229645093946
58bc0569bb4cae33106d002db2e674ad9d6818fcbf09e7128cc6e9bdb8a8653f:H_bag,58bc0569bb4cae33106d002db2e674ad9d6818fcbf09e7128cc6e9bdb8a8653f,I3,49a628ec362974933fc3f493a0e0d3f45e97de382fae8b0586bf8175191a1af9,3162806,H_bag,ACTION_CHANGED_HORIZON_COMPLETE,true,,true,true,true,HARMFUL,24.799999999995634,[24544],,,I3|BODY|NO_DIVERGENCE|HIGH,170143,958,0.005630557824888476,177.60229645093946
ee5b57c40f830cf32ce3d79180caf62b51bb667274cb468ef0b99b70e7f96ec3:H_bag,ee5b57c40f830cf32ce3d79180caf62b51bb667274cb468ef0b99b70e7f96ec3,I3,0f7087043b3b0248fd66fd4cae8fda45b39c84c1237ad28bc912d7689b5fff9e,3163112,H_bag,ACTION_CHANGED_HORIZON_COMPLETE,true,,true,true,true,HARMFUL,24.549999999995634,[24588],,,I3|BODY|NO_DIVERGENCE|HIGH,170143,958,0.005630557824888476,177.60229645093946
8ec4c7e1df40f22e0d0ec49a822b3012053f4b2b91c6d94c4b988d581903414a:H_bag,8ec4c7e1df40f22e0d0ec49a822b3012053f4b2b91c6d94c4b988d581903414a,I3,66d355d6ac0b1357025fa7803c09602ea4c5d704077d1aca62de3d24523128d1,3163455,H_bag,ACTION_CHANGED_HORIZON_COMPLETE,true,,true,true,true,HARMFUL,24.299999999995634,[24717],,,I3|BODY|NO_DIVERGENCE|HIGH,170143,958,0.005630557824888476,177.60229645093946
2a0879fb7b680f74e32cfd0ba14f413e0491d2f000fcd2725596345d2f3c1ed3:H_bag,2a0879fb7b680f74e32cfd0ba14f413e0491d2f000fcd2725596345d2f3c1ed3,I4,d0359b52534bfbeeff70728c9741cb2975d4bf74370808bfe9d78d1e5747b521,3169505,H_bag,ACTION_CHANGED_HORIZON_COMPLETE,true,,true,true,true,HARMFUL,0.5999999999985448,[26210],,,I4|BODY|NO_DIVERGENCE|HIGH,471856,945,0.0020027296463327794,499.31851851851854
7a9e44ff5a72b205a774fd666d6b3db49348f53a5c3399284fe43825d0331762:H_bag,7a9e44ff5a72b205a774fd666d6b3db49348f53a5c3399284fe43825d0331762,I4,242e9e91490c4c980b2bd1d0f32c8cb3aecb32cc9f368e290d00e8f773473f05,3174096,H_bag,ACTION_CHANGED_HORIZON_COMPLETE,true,,true,true,true,NEUTRAL_WITHIN_TOLERANCE,0.0,[26180],,,I4|BODY|NO_DIVERGENCE|HIGH,471856,945,0.0020027296463327794,499.31851851851854
5d93c1349196ae75f52330589574a933b35364760c6aac4a463216e7e6a8dbcd:H_bag,5d93c1349196ae75f52330589574a933b35364760c6aac4a463216e7e6a8dbcd,I4,b14a15b4f2e07d3ecb4a5f911d80cfe0461578e5c80de054a567239bd579a6ab,3184645,H_bag,ACTION_CHANGED_HORIZON_COMPLETE,true,,true,true,true,HARMFUL,1.0,[26317],,,I4|BODY|NO_DIVERGENCE|HIGH,471856,945,0.0020027296463327794,499.31851851851854
2c47dfd40d6fbd2514e9b697ff17f75c31a44a11a4d2d694e1e214460edfcc6e:H_bag,2c47dfd40d6fbd2514e9b697ff17f75c31a44a11a4d2d694e1e214460edfcc6e,I4,7dc8eb805c342401689e8e1e8fe6f2c8fea2781200d0c9bacd94ca695608e506,3188512,H_bag,ACTION_CHANGED_HORIZON_COMPLETE,true,,true,true,true,HARMFUL,0.000999999996565748,[26385],,,I4|BODY|NO_DIVERGENCE|HIGH,471856,945,0.0020027296463327794,499.31851851851854
16c3515a1f75ff5a4f06bed2d7ec0f5499f1cf5f6cb8c99912324405cfa5a94f:H_bag,16c3515a1f75ff5a4f06bed2d7ec0f5499f1cf5f6cb8c99912324405cfa5a94f,I3,3cd6b631c14d135cc169657129e541f612a1317b304faba22c2b76f682753459,3188527,H_bag,ACTION_CHANGED_HORIZON_COMPLETE,true,,true,true,true,HARMFUL,24.049999999995634,[23341],,,I3|TAIL|NO_DIVERGENCE|HIGH,4196,58,0.013822688274547188,72.34482758620689
3e1d7b1dad10f0a9c0c29467d223c3b1d756188c2e8cfabea6e818e428eed20a:H_bag,3e1d7b1dad10f0a9c0c29467d223c3b1d756188c2e8cfabea6e818e428eed20a,I3,7779ae3faa767dff804dc9cb0c37d4b5abba65408ae5c6153f9c48386e4ad07c,3189183,H_bag,ACTION_CHANGED_HORIZON_COMPLETE,true,,true,true,true,HARMFUL,52.286249999990105,[26349],,,I3|BODY|NO_DIVERGENCE|HIGH,170143,958,0.005630557824888476,177.60229645093946
f9a2b94ded1db819806cc6f5304dad76d85794ee014e7e6a128a3ee8f1350637:H_bag,f9a2b94ded1db819806cc6f5304dad76d85794ee014e7e6a128a3ee8f1350637,I3,e6e69671ac55d6f12b1ad8efb0d410a0782004108705d8d12e3548582d807e70,3195356,H_bag,ACTION_CHANGED_HORIZON_COMPLETE,true,,true,true,true,HARMFUL,75.39999999999418,[26352],,,I3|BODY|NO_DIVERGENCE|HIGH,170143,958,0.005630557824888476,177.60229645093946
90c1c4b4874b5e37b8fe05e8225e7cf16a1feaaf4b1b30b75725b641e06bc310:H_bag,90c1c4b4874b5e37b8fe05e8225e7cf16a1feaaf4b1b30b75725b641e06bc310,I4,db5a4687426ddb9b017973fff72b2473c5c844e4f6e46404e45bb82bfe971ad0,3195870,H_bag,ACTION_CHANGED_HORIZON_COMPLETE,true,,true,true,true,HARMFUL,0.4000000000014552,[24471],,,I4|BODY|NO_DIVERGENCE|HIGH,471856,945,0.0020027296463327794,499.31851851851854
362bd649f788cbfc817a8b282466bcb90dbb720049f8680a9a3a45ccab30567b:H_system,362bd649f788cbfc817a8b282466bcb90dbb720049f8680a9a3a45ccab30567b,I4,338bc7c5adc0c6c101287c0a2e75fcdcb9b958a53cb911d4689e2cd3595ac26a,3196247,H_system,ACTION_CHANGED_HORIZON_COMPLETE,true,,true,true,true,HARMFUL,0.0005091392794156491,[26375],"[26375,26376,26392]","[26376,26392]",I4|BODY|NO_DIVERGENCE|HIGH,471856,945,0.0020027296463327794,499.31851851851854
e3b6a10da50a7095bf94ac983f446c07cb136e75ffbe2b3f80b4c5df522d8eb4:H_bag,e3b6a10da50a7095bf94ac983f446c07cb136e75ffbe2b3f80b4c5df522d8eb4,I3,506c59ab564caf9ddfb4822ad89b86d0152ff6a7e1e3fa8bff85b158a2aa8c80,3197713,H_bag,ACTION_CHANGED_HORIZON_COMPLETE,true,,true,true,true,HARMFUL,51.400000000001455,[26386],,,I3|BODY|NO_DIVERGENCE|HIGH,170143,958,0.005630557824888476,177.60229645093946
73c6432432463eefb1b3997efe39b7ba8bc98e203f8200f811346e03378ae094:H_system,73c6432432463eefb1b3997efe39b7ba8bc98e203f8200f811346e03378ae094,I3,043ca6f874290377b16419ff55a46852d236f2893ceac9687c6b56893597e0dd,3198365,H_system,ACTION_CHANGED_HORIZON_COMPLETE,true,,true,true,true,HARMFUL,0.00040822879157076386,[24803],"[24803,24817,24836,24951,24963,24969]","[24817,24836,24951,24963,24969]",I3|BODY|DIVERGENCE|HIGH,10032,56,0.005582137161084529,179.14285714285714
f7be858ae296c65b71324b56381cb4884f273cc888a79833331bc88ff0671289:H_system,f7be858ae296c65b71324b56381cb4884f273cc888a79833331bc88ff0671289,I3,c18b599d39b6cd68a12931ce4c42bd699f81b208e6c63f7dfac5404d2e9fe49d,3198655,H_system,ACTION_CHANGED_HORIZON_COMPLETE,true,,true,true,true,HARMFUL,0.0004540971951030315,[24836],"[24836,24951,24963,24969]","[24951,24963,24969]",I3|BODY|NO_DIVERGENCE|HIGH,170143,958,0.005630557824888476,177.60229645093946
7a6599713ca6bad17ed150ae5690849fc68551f3f45cc0b82358ae3af56f9eb1:H_bag,7a6599713ca6bad17ed150ae5690849fc68551f3f45cc0b82358ae3af56f9eb1,I3,28ae54c7018aac38b0580b9db33fa3cb81b021410ea22ff08384f1963fc8b08c,3198986,H_bag,ACTION_CHANGED_HORIZON_COMPLETE,true,,true,true,true,HARMFUL,78.09999999999127,[24474],,,I3|BODY|NO_DIVERGENCE|HIGH,170143,958,0.005630557824888476,177.60229645093946
f20b01511ef97cb1f82e545f4812907947ce7c9c645bae90e2e224430b196160:H_bag,f20b01511ef97cb1f82e545f4812907947ce7c9c645bae90e2e224430b196160,I3,69e58e24dfc3d675e18b6c1c0f23693e7312b20426c1fed8d70b694bef6bab77,3202358,H_bag,ACTION_CHANGED_HORIZON_COMPLETE,true,,true,true,true,HARMFUL,6.80000000000291,[26440],,,I3|BODY|NO_DIVERGENCE|HIGH,170143,958,0.005630557824888476,177.60229645093946
34d1395e008d44e2a3b130628f4b09129fcf1b32be881d1223cb3f19e14d5bc9:H_system,34d1395e008d44e2a3b130628f4b09129fcf1b32be881d1223cb3f19e14d5bc9,I4,6019b8cc157536046de5d5929b9e86489e5228af6311d3540401969c7f901028,3217161,H_system,ACTION_CHANGED_HORIZON_COMPLETE,true,,true,true,true,BENEFICIAL,0.0,[26594],"[26594,26613]",[26613],I4|BODY|NO_DIVERGENCE|HIGH,471856,945,0.0020027296463327794,499.31851851851854
7ec391070798320266ce3e552ea2593729495fece860c3cb54441995370da60a:H_bag,7ec391070798320266ce3e552ea2593729495fece860c3cb54441995370da60a,I4,06f58688018cb35425f6e616f9c56aca4454d8b66739a28b72d99a9131b069b6,3219025,H_bag,ACTION_CHANGED_HORIZON_COMPLETE,true,,true,true,true,HARMFUL,1.0,[26629],,,I4|BODY|NO_DIVERGENCE|HIGH,471856,945,0.0020027296463327794,499.31851851851854
d95d6e561a3479e0192a2600cde1105bfd24aaaaca9475582bb63138e3c02837:H_bag,d95d6e561a3479e0192a2600cde1105bfd24aaaaca9475582bb63138e3c02837,I4,48a04396bebeba85982de40c114de98055d4536f287b61a5ece75c42f40aa022,3224162,H_bag,ACTION_CHANGED_HORIZON_COMPLETE,true,,true,true,true,NEUTRAL_WITHIN_TOLERANCE,0.0,[26675],,,I4|BODY|NO_DIVERGENCE|HIGH,471856,945,0.0020027296463327794,499.31851851851854
bb6be28ea8fe75c32606e94b579c60007adf3a0f35fcca8de34aba7ad11a3c39:H_bag,bb6be28ea8fe75c32606e94b579c60007adf3a0f35fcca8de34aba7ad11a3c39,I4,288a17ac52c8eb87b6fe9683996e3307ff95e1f89ac01c03e67447ddc946618f,3233354,H_bag,ACTION_CHANGED_HORIZON_COMPLETE,true,,true,true,true,NEUTRAL_WITHIN_TOLERANCE,0.0,[26739],,,I4|BODY|NO_DIVERGENCE|HIGH,471856,945,0.0020027296463327794,499.31851851851854
f4e83a2feeb465fd72351d0ba9bad9fc6107aa8247079519a92187d2bfb13e62:H_bag,f4e83a2feeb465fd72351d0ba9bad9fc6107aa8247079519a92187d2bfb13e62,I4,a24978fc20d1e4e73deec31869f24c44d3f9109efe1f9d8215e995f45d2722d7,3235229,H_bag,ACTION_CHANGED_HORIZON_COMPLETE,true,,true,true,true,NEUTRAL_WITHIN_TOLERANCE,0.0,[24489],,,I4|BODY|NO_DIVERGENCE|HIGH,471856,945,0.0020027296463327794,499.31851851851854
34bb2afd0635f03d37cd6c2aa4b5db1e9b5ee203b43b22e7c4c6ba656d7120b5:H_bag,34bb2afd0635f03d37cd6c2aa4b5db1e9b5ee203b43b22e7c4c6ba656d7120b5,I3,4e371edccc668571a472bb596b7667d2eccf640eef0524aa1ff9ee7ac1b3cc51,3237833,H_bag,ACTION_CHANGED_HORIZON_COMPLETE,true,,true,true,true,HARMFUL,75.59999999999127,[24670],,,I3|BODY|NO_DIVERGENCE|HIGH,170143,958,0.005630557824888476,177.60229645093946
de5a5ac4f6c999be72fb46878349fcf09d8b5a8c94a4f02aae76ce685846b4f0:H_bag,de5a5ac4f6c999be72fb46878349fcf09d8b5a8c94a4f02aae76ce685846b4f0,I3,cbc468ad72aed27948bcb539e679a8266bfd8f3107e265ede5b811d0b0cb44f5,3238269,H_bag,ACTION_CHANGED_HORIZON_COMPLETE,true,,true,true,true,HARMFUL,4.999999999992724,[26773],,,I3|BODY|NO_DIVERGENCE|HIGH,170143,958,0.005630557824888476,177.60229645093946
41297753c33c00e36338c8092e180845ce37d0ed71add99da5db2e2b6c584fdc:H_bag,41297753c33c00e36338c8092e180845ce37d0ed71add99da5db2e2b6c584fdc,I3,d5f1723a17a34064b02c8d79b679163a232d1fb57749214b9beac243b2e75b28,3248041,H_bag,ACTION_CHANGED_HORIZON_COMPLETE,true,,true,true,true,HARMFUL,77.59999999999127,[26818],,,I3|BODY|NO_DIVERGENCE|HIGH,170143,958,0.005630557824888476,177.60229645093946
d301f02e905b64d53c944344e2790a4d2f361b11cdc5cf85ae55af389f404ba6:H_bag,d301f02e905b64d53c944344e2790a4d2f361b11cdc5cf85ae55af389f404ba6,I3,31eeb61967fbbb79f032aa877d9544d9e1463ccdc2661d407a6ff1905feb0d8b,3250799,H_bag,ACTION_CHANGED_HORIZON_COMPLETE,true,,true,true,true,HARMFUL,53.70578000000387,[23186],,,I3|BODY|NO_DIVERGENCE|HIGH,170143,958,0.005630557824888476,177.60229645093946
14ace24e23684edc88cfb5eacdd320df556200f7fe878cff3292a809b90042e8:H_bag,14ace24e23684edc88cfb5eacdd320df556200f7fe878cff3292a809b90042e8,I3,45628920d13b83e9fe5175ddeca460ef7c5c2cf3e81a31077fc844b878132ee3,3254847,H_bag,ACTION_CHANGED_HORIZON_COMPLETE,true,,true,true,true,HARMFUL,24.299999999995634,[25335],,,I3|BODY|NO_DIVERGENCE|HIGH,170143,958,0.005630557824888476,177.60229645093946
82adb1daf144c56215a776b154b1824f27b390fa363ff62b75f807b55a0bbe39:H_bag,82adb1daf144c56215a776b154b1824f27b390fa363ff62b75f807b55a0bbe39,I4,13661be8a5bafd64f021870e2a695e9a24cb6ee5765857c45c576af7b01b16a3,3255017,H_bag,ACTION_CHANGED_HORIZON_COMPLETE,true,,true,true,true,HARMFUL,0.09999999999854481,[25094],,,I4|BODY|NO_DIVERGENCE|HIGH,471856,945,0.0020027296463327794,499.31851851851854
ba1e1a58c4c18bf7465f7d4c18817fb063ec66c214b2219e7441db3e92925796:H_bag,ba1e1a58c4c18bf7465f7d4c18817fb063ec66c214b2219e7441db3e92925796,I3,b2e54b928828b0458d12d2908fd510e4c815b17749e852074a33087604a99376,3255306,H_bag,ACTION_CHANGED_HORIZON_COMPLETE,true,,true,true,true,HARMFUL,77.84999999999127,[25228],,,I3|BODY|NO_DIVERGENCE|HIGH,170143,958,0.005630557824888476,177.60229645093946
90cc475dd1d8c94478c83037f249059d0de699c7e666b6f4bc9127a8381b8937:H_system,90cc475dd1d8c94478c83037f249059d0de699c7e666b6f4bc9127a8381b8937,I4,f3c2df6cd551ca9a61508c8c84e3c748efc15ba1234ac224a94b2e3fb6c145a8,3255806,H_system,ACTION_CHANGED_HORIZON_COMPLETE,true,,true,true,true,HARMFUL,1.7246519746549893e-05,[25614],"[25614,25618,25631,25645,25649,25661]","[25618,25631,25645,25649,25661]",I4|BODY|NO_DIVERGENCE|HIGH,471856,945,0.0020027296463327794,499.31851851851854
c2e958166219b122b4a10327e5c92ec0bb8990eeb0a0470bb656d0ad6e45fd78:H_bag,c2e958166219b122b4a10327e5c92ec0bb8990eeb0a0470bb656d0ad6e45fd78,I3,433ec7099820013f9aaa3026f60f9d38ba354cbbdcce536b4e35742bd15c45a9,3256534,H_bag,ACTION_CHANGED_HORIZON_COMPLETE,true,,true,true,true,HARMFUL,77.09999999999127,[25614],,,I3|BODY|NO_DIVERGENCE|HIGH,170143,958,0.005630557824888476,177.60229645093946
dcac2cd763692bd5050061285817aa60aeaabcd0b18da12da9d25d9df315208c:H_system,dcac2cd763692bd5050061285817aa60aeaabcd0b18da12da9d25d9df315208c,I3,ed6a02641ff76898a2f66bd1ae015722e65e1c57beb8a5def0caf13376afffc1,3258910,H_system,ACTION_CHANGED_HORIZON_COMPLETE,true,,true,true,true,HARMFUL,0.007677755888323645,[26888],"[26888,26905,26913,26918,26927,26937,26948,26950,26959,26961,26968,26970,26975,26981,26986,26990,26992,26994,26997,27002,27030,27042,27047,27052,27057,27061,27065,27070,27078,27083,27085,27098,27122]","[26905,26913,26918,26927,26937,26948,26950,26959,26961,26968,26970,26975,26981,26986,26990,26992,26994,26997,27002,27030,27042,27047,27052,27057,27061,27065,27070,27078,27083,27085,27098,27122]",I3|BODY|NO_DIVERGENCE|HIGH,170143,958,0.005630557824888476,177.60229645093946
91a1b912fa2145739b7877a71d85eb54ea7f42e739c679ca975299d71f39fe8e:H_system,91a1b912fa2145739b7877a71d85eb54ea7f42e739c679ca975299d71f39fe8e,I3,a0358d0144e1959376f448f4008f547a6e9b1b16789826cc19773d86bf59575c,3264299,H_system,ACTION_CHANGED_HORIZON_COMPLETE,true,,true,true,true,HARMFUL,-2.6572942232405694e-05,[26992],"[26918,26927,26959,26970,26986,26992,26994,26996,26997]","[26918,26927,26959,26970,26986,26994,26996,26997]",I3|BODY|NO_DIVERGENCE|HIGH,170143,958,0.005630557824888476,177.60229645093946
396017bc003c0681b0580cd3c91c5e579d6687ce66c682a0ed70af1df6c21a23:H_bag,396017bc003c0681b0580cd3c91c5e579d6687ce66c682a0ed70af1df6c21a23,I4,5c65a82c1ff799b146345b7db312f4558c8b39a4c3ea8bfba7bf2c46a4932512,3265473,H_bag,ACTION_CHANGED_HORIZON_COMPLETE,true,,true,true,true,HARMFUL,1.0,[26974],,,I4|BODY|NO_DIVERGENCE|HIGH,471856,945,0.0020027296463327794,499.31851851851854
d65b76bb4050af5c9cd49c6eeeb9fcc310d0d46a5dc4134e2e365ba6a5d729aa:H_bag,d65b76bb4050af5c9cd49c6eeeb9fcc310d0d46a5dc4134e2e365ba6a5d729aa,I3,489b82d140d58a66ed88d19a64050a8e8d63153a65ec2888b2086b2b3b43fe5c,3269009,H_bag,ACTION_CHANGED_HORIZON_COMPLETE,true,,true,true,true,HARMFUL,52.900000000001455,[26965],,,I3|BODY|DIVERGENCE|HIGH,10032,56,0.005582137161084529,179.14285714285714
026a0855bdcbdb3aad9e06700d35bea358015228d389f6994e10950210651f40:H_bag,026a0855bdcbdb3aad9e06700d35bea358015228d389f6994e10950210651f40,I4,882e9575fc49032112bc4b37b4942c1a484cd0eb9e2cd92e966ddf833c313411,3270236,H_bag,ACTION_CHANGED_HORIZON_COMPLETE,true,,true,true,true,NEUTRAL_WITHIN_TOLERANCE,0.0,[27054],,,I4|BODY|NO_DIVERGENCE|HIGH,471856,945,0.0020027296463327794,499.31851851851854
e6aab6d0ba681397e47ba8738f0abea680a54c8773fc1eda363bad5cb8e0cd69:H_bag,e6aab6d0ba681397e47ba8738f0abea680a54c8773fc1eda363bad5cb8e0cd69,I3,93e82908dc2dabe94b1955125071d27d680176981fb152e5cb5d702875da1932,3274987,H_bag,ACTION_CHANGED_HORIZON_COMPLETE,true,,true,true,true,BENEFICIAL,-2.1999999999825377,[27087],,,I3|BODY|NO_DIVERGENCE|HIGH,170143,958,0.005630557824888476,177.60229645093946
d3cd031c1bdbed0a38b4fa6f50cec802a8920a31db7914e10025d51515bc5b5a:H_bag,d3cd031c1bdbed0a38b4fa6f50cec802a8920a31db7914e10025d51515bc5b5a,I3,68217eee199760678ca7638fa269af6e26333e71839c0916eecf788dea7e20fe,3279521,H_bag,ACTION_CHANGED_HORIZON_COMPLETE,true,,true,true,true,HARMFUL,24.549999999995634,[22499],,,I3|BODY|NO_DIVERGENCE|HIGH,170143,958,0.005630557824888476,177.60229645093946
f2d908e328707e24d2121d001afae65c343757af8f5d1893f49f5f5a5f4d7921:H_bag,f2d908e328707e24d2121d001afae65c343757af8f5d1893f49f5f5a5f4d7921,I3,349d27070d8a1c0032e855bf31f67aaba747bd5a7ced3a1bc2c64bfc68e36ad8,3283226,H_bag,ACTION_CHANGED_HORIZON_COMPLETE,true,,true,true,true,HARMFUL,75.59999999999127,[27100],,,I3|BODY|NO_DIVERGENCE|HIGH,170143,958,0.005630557824888476,177.60229645093946
024a30fd153e1c932df1f125acf11610a1d4a841beb97de4b4d7e1d969badfa9:H_bag,024a30fd153e1c932df1f125acf11610a1d4a841beb97de4b4d7e1d969badfa9,I4,283902c0f142f2d4a04d5284af798a59b5bc29d7f977e033014120da6789d575,3284703,H_bag,ACTION_CHANGED_HORIZON_COMPLETE,true,,true,true,true,NEUTRAL_WITHIN_TOLERANCE,0.0,[27148],,,I4|BODY|NO_DIVERGENCE|HIGH,471856,945,0.0020027296463327794,499.31851851851854
82ad8672e79a8adf8ae91694c8e2ea4de74b7a66446918d8acd13635ffaa3d74:H_bag,82ad8672e79a8adf8ae91694c8e2ea4de74b7a66446918d8acd13635ffaa3d74,I3,b9006390d8f06f3a1ea3260b980e641d1337d7666301c1243f89ce637237f0a9,3284771,H_bag,ACTION_CHANGED_HORIZON_COMPLETE,true,,true,true,true,HARMFUL,27.400000000001455,[23311],,,I3|TAIL|NO_DIVERGENCE|HIGH,4196,58,0.013822688274547188,72.34482758620689
f639de1f20e0ad2d05ae22879a899b2772de5fbdef3d0444f1dea4735ec09dcf:H_bag,f639de1f20e0ad2d05ae22879a899b2772de5fbdef3d0444f1dea4735ec09dcf,I4,49708ad725645a49da48c039f2a11f62e01c40f2dd05c748a7e40684dab665b0,3286300,H_bag,ACTION_CHANGED_HORIZON_COMPLETE,true,,true,true,true,NEUTRAL_WITHIN_TOLERANCE,0.0,[24755],,,I4|BODY|NO_DIVERGENCE|HIGH,471856,945,0.0020027296463327794,499.31851851851854
fbb7ef600bbfcfb5d527c28c0dfe7b8de4c1f1bf44365956a077ebca8a0bd44c:H_bag,fbb7ef600bbfcfb5d527c28c0dfe7b8de4c1f1bf44365956a077ebca8a0bd44c,I4,2e5fc566a85340ff9710f3e3d0e26bc967d73bf231d1516fd9246c31a2268c90,3295405,H_bag,ACTION_CHANGED_HORIZON_COMPLETE,true,,true,true,true,HARMFUL,0.9000000000014552,[27176],,,I4|BODY|NO_DIVERGENCE|HIGH,471856,945,0.0020027296463327794,499.31851851851854
f83bdc3503faf43e3b870c308b608c945b0f7c8258c52e8e598388437bcc4d5a:H_bag,f83bdc3503faf43e3b870c308b608c945b0f7c8258c52e8e598388437bcc4d5a,I3,a785ca246ca17f5705b21d9cb8d266329418550a0803cf1d6ddc1ef84aece703,3297529,H_bag,ACTION_CHANGED_HORIZON_COMPLETE,true,,true,true,true,HARMFUL,31.199999999989814,[27210],,,I3|BODY|NO_DIVERGENCE|HIGH,170143,958,0.005630557824888476,177.60229645093946
fefa40edf6cb3002569261415c3ff0bba027916fca45d1628b46b4a5804935f5:H_bag,fefa40edf6cb3002569261415c3ff0bba027916fca45d1628b46b4a5804935f5,I3,9532a23d7184eda4af4a961f6dce42590e1e547eb456d9ce9eb5f6cc36b8b3cf,3304053,H_bag,ACTION_CHANGED_HORIZON_COMPLETE,true,,true,true,true,HARMFUL,24.799999999995634,[24129],,,I3|BODY|NO_DIVERGENCE|HIGH,170143,958,0.005630557824888476,177.60229645093946
60638c21b86e2c42e214e9297505ddcb9ac5a743ae6a0e51d5d5325899ce5151:H_bag,60638c21b86e2c42e214e9297505ddcb9ac5a743ae6a0e51d5d5325899ce5151,I3,f949436789abe5156a04fe5635836df6ada8fd1fdc23c59be3b4d56a2678d76f,3306566,H_bag,ACTION_CHANGED_HORIZON_COMPLETE,true,,true,true,true,HARMFUL,30.150000000001455,[24763],,,I3|BODY|NO_DIVERGENCE|HIGH,170143,958,0.005630557824888476,177.60229645093946
c3e5fcafa99646e3088d0168b357cfd9ce7016db9c25ea711322a6a3edc9851f:H_bag,c3e5fcafa99646e3088d0168b357cfd9ce7016db9c25ea711322a6a3edc9851f,I3,9656abdb0cc37ed558819e3420e856ae81a5d9a8798f441f93a13264c58b5685,3306840,H_bag,ACTION_CHANGED_HORIZON_COMPLETE,true,,true,true,true,HARMFUL,24.299999999995634,[25194],,,I3|BODY|NO_DIVERGENCE|HIGH,170143,958,0.005630557824888476,177.60229645093946
1d0fc7835655e9097df56cc1f0dd63d694d12d438dcc454ea54ed78065fbecfb:H_bag,1d0fc7835655e9097df56cc1f0dd63d694d12d438dcc454ea54ed78065fbecfb,I3,b77f81cb313550b93d37404a3045486840fdd8dc1d7ba285b31eba497a7c7b1a,3308794,H_bag,ACTION_CHANGED_HORIZON_COMPLETE,true,,true,true,true,HARMFUL,24.549999999995634,[25405],,,I3|BODY|NO_DIVERGENCE|HIGH,170143,958,0.005630557824888476,177.60229645093946
b60a554c1ce83ed7e67722bba713a3afe42628b87c83216db93553fd8f9c796a:H_bag,b60a554c1ce83ed7e67722bba713a3afe42628b87c83216db93553fd8f9c796a,I3,454e4ccfa50778d9a4908e119df4c1d231e8d90dca7e98abf49c62c0f2126872,3310823,H_bag,ACTION_CHANGED_HORIZON_COMPLETE,true,,true,true,true,HARMFUL,32.900000000001455,[25480],,,I3|BODY|NO_DIVERGENCE|HIGH,170143,958,0.005630557824888476,177.60229645093946
f3e40f50eeac63fe7064b48247936186ca90b74ceee34a2ae3904a3f2a121b15:H_bag,f3e40f50eeac63fe7064b48247936186ca90b74ceee34a2ae3904a3f2a121b15,I4,bd7cea745d440a52cd4c047cd68bfb56ebcd84a576d42d594054f54af8e2ac6d,3310915,H_bag,ACTION_CHANGED_HORIZON_COMPLETE,true,,true,true,true,HARMFUL,0.5999999999985448,[25488],,,I4|BODY|NO_DIVERGENCE|HIGH,471856,945,0.0020027296463327794,499.31851851851854
b5a44fcd17e9514a3f246d220576d1c6bcb4e1b6e6763ebd12aa68a0c60b33e2:H_bag,b5a44fcd17e9514a3f246d220576d1c6bcb4e1b6e6763ebd12aa68a0c60b33e2,I3,da81f0472d0f6cc47d533d0926e57a6e0b264b2ee31755cbdca334880f4ad5d7,3312172,H_bag,ACTION_CHANGED_HORIZON_COMPLETE,true,,true,true,true,HARMFUL,24.549999999995634,[25982],,,I3|BODY|NO_DIVERGENCE|HIGH,170143,958,0.005630557824888476,177.60229645093946
31c823fde879c17f7e91e0260d368deee1f076c9cbee3990a07c9dc950507a84:H_bag,31c823fde879c17f7e91e0260d368deee1f076c9cbee3990a07c9dc950507a84,I4,efff9976d3fa670fa69cfa8a718afbf1f5988bae05bf7a578cfd3a9ea4795b82,3316324,H_bag,ACTION_CHANGED_HORIZON_COMPLETE,true,,true,true,true,NEUTRAL_WITHIN_TOLERANCE,0.0,[27315],,,I4|BODY|NO_DIVERGENCE|HIGH,471856,945,0.0020027296463327794,499.31851851851854
a3c295d59def69ddb16278812eda0f05c869b0f7e2027d87894cf5508224b3ff:H_bag,a3c295d59def69ddb16278812eda0f05c869b0f7e2027d87894cf5508224b3ff,I4,a5c8b52e84c2b9023d54bef42d4d8a533eb28c29d3f2e54d21d0aea9681bba2e,3316413,H_bag,ACTION_CHANGED_HORIZON_COMPLETE,true,,true,true,true,NEUTRAL_WITHIN_TOLERANCE,0.0,[27315],,,I4|BODY|NO_DIVERGENCE|HIGH,471856,945,0.0020027296463327794,499.31851851851854
2df5926664d7469ca883a133de2f57ec0918c0d2de00bbe5c09f47e856e79971:H_bag,2df5926664d7469ca883a133de2f57ec0918c0d2de00bbe5c09f47e856e79971,I4,57de4b993ccac08fba191fc2c6df3a53e75cfaad8750d20df55c16ab5a7c6d4a,3317796,H_bag,ACTION_CHANGED_HORIZON_COMPLETE,true,,true,true,true,HARMFUL,1.0,[27295],,,I4|BODY|NO_DIVERGENCE|HIGH,471856,945,0.0020027296463327794,499.31851851851854
252530e4355ecfba7716b3c5b6f1ca3f663331d7e73958663f8b338b0236c151:H_bag,252530e4355ecfba7716b3c5b6f1ca3f663331d7e73958663f8b338b0236c151,I3,9636bcdceb6549cae6e2e6b5dea53dad334a857d0c4b7d3ca1a89683883e6655,3318122,H_bag,ACTION_CHANGED_HORIZON_COMPLETE,true,,true,true,true,HARMFUL,103.71457999999257,[27289],,,I3|BODY|NO_DIVERGENCE|HIGH,170143,958,0.005630557824888476,177.60229645093946
8cd665d0071ca30be5e3c0dc046274bcd6451cc2af4e53d756e6ecc6b666de38:H_bag,8cd665d0071ca30be5e3c0dc046274bcd6451cc2af4e53d756e6ecc6b666de38,I3,d0a7e04eeea42954537fa6337c2df8c604c7af7dc3c33d7201b11701d6e134e1,3319965,H_bag,ACTION_CHANGED_HORIZON_COMPLETE,true,,true,true,true,HARMFUL,33.0,[27348],,,I3|BODY|NO_DIVERGENCE|HIGH,170143,958,0.005630557824888476,177.60229645093946
70c0792416d1b11abf3bb4760dbda64041a1d6722748e6743608cb06b797cff1:H_bag,70c0792416d1b11abf3bb4760dbda64041a1d6722748e6743608cb06b797cff1,I4,dadf46828821c2d15d7603a8aaf3621bf6c384a3bb780891b4aae9201abc8c8c,3320787,H_bag,ACTION_CHANGED_HORIZON_COMPLETE,true,,true,true,true,HARMFUL,1.0,[27303],,,I4|BODY|NO_DIVERGENCE|HIGH,471856,945,0.0020027296463327794,499.31851851851854
61aa1a06dff1dc3dc51ed2e3903187e3e562ad458a8ed4b21896cd4d91cc7061:H_bag,61aa1a06dff1dc3dc51ed2e3903187e3e562ad458a8ed4b21896cd4d91cc7061,I4,0afe480fa489e01019e11b1a8add6f5e541331244f763d795a004cff0151d165,3322653,H_bag,ACTION_CHANGED_HORIZON_COMPLETE,true,,true,true,true,NEUTRAL_WITHIN_TOLERANCE,0.0,[27345],,,I4|BODY|NO_DIVERGENCE|HIGH,471856,945,0.0020027296463327794,499.31851851851854
08abbeac5c1da53edb0c8f3fb34a56b4eeb2d387c640ebd070ffe85582bdd6fa:H_bag,08abbeac5c1da53edb0c8f3fb34a56b4eeb2d387c640ebd070ffe85582bdd6fa,I4,8b8dd3dcf6240684564313a30d780f0dd04b4a44cca62bfd067a08b915b07398,3329918,H_bag,ACTION_CHANGED_HORIZON_COMPLETE,true,,true,true,true,NEUTRAL_WITHIN_TOLERANCE,0.0,[27426],,,I4|BODY|NO_DIVERGENCE|HIGH,471856,945,0.0020027296463327794,499.31851851851854
95c4df4e8eeaf5ef36113d41ebb718a93ecb80e47b5df78f0c30ade3889229ed:H_bag,95c4df4e8eeaf5ef36113d41ebb718a93ecb80e47b5df78f0c30ade3889229ed,I3,797c671dd86681e2af21de2cc1040ec19d91eba454372fced78f85591c40b5ff,3331841,H_bag,ACTION_CHANGED_HORIZON_COMPLETE,true,,true,true,true,HARMFUL,33.05000000000291,[27481],,,I3|BODY|NO_DIVERGENCE|HIGH,170143,958,0.005630557824888476,177.60229645093946
b9c6513bd6225e974e9c3d83ad795f688e2dc3cfd786b5ebae83bbf0c12cc90d:H_bag,b9c6513bd6225e974e9c3d83ad795f688e2dc3cfd786b5ebae83bbf0c12cc90d,I3,606a1f7e88ccb10ba8c66a0964d2c8754a2c8234e7a0950f00073c800ff9f5d0,3332068,H_bag,ACTION_CHANGED_HORIZON_COMPLETE,true,,true,true,true,HARMFUL,18.831570000016654,[27488],,,I3|BODY|NO_DIVERGENCE|HIGH,170143,958,0.005630557824888476,177.60229645093946
32e8bed17fa34f1b4d1f7028302bf2984e237da3fb9730628dc0380a92e2f812:H_bag,32e8bed17fa34f1b4d1f7028302bf2984e237da3fb9730628dc0380a92e2f812,I4,98f3a4804747733c9f6f130c5235d95f754de17d69f6137a1d442f19ef87e56c,3332690,H_bag,ACTION_CHANGED_HORIZON_COMPLETE,true,,true,true,true,HARMFUL,1.0,[27504],,,I4|BODY|DIVERGENCE|HIGH,30514,61,0.0019990823884118766,500.2295081967213
a82083929036288ac8c546e4f0b9957b8fe700557c5bafd255135fb8473dc995:H_bag,a82083929036288ac8c546e4f0b9957b8fe700557c5bafd255135fb8473dc995,I3,6de68ea3ab1ae58c2b5c136ebf6bdd1cc1e98532b60c3dabdd8ebdb85643c517,3336796,H_bag,ACTION_CHANGED_HORIZON_COMPLETE,true,,true,true,true,HARMFUL,51.400000000001455,[24767],,,I3|BODY|NO_DIVERGENCE|HIGH,170143,958,0.005630557824888476,177.60229645093946
e23b6d0469957a672b2c5d9351329c2d101f8d357a668a7750cefa63ed76f5c0:H_bag,e23b6d0469957a672b2c5d9351329c2d101f8d357a668a7750cefa63ed76f5c0,I3,71dc0252a51e481faf5b772d0637e377d8407a031ed71b0087ad371082032c8b,3340207,H_bag,ACTION_CHANGED_HORIZON_COMPLETE,true,,true,true,true,HARMFUL,24.799999999995634,[26116],,,I3|BODY|NO_DIVERGENCE|HIGH,170143,958,0.005630557824888476,177.60229645093946
8898f6fff8ccae72461197a6caf2501e18865fa609b0f41aa6da092b7fd071b7:H_bag,8898f6fff8ccae72461197a6caf2501e18865fa609b0f41aa6da092b7fd071b7,I4,3b801470c8ec9465939b01bdfbc25ce01aed603d69f8fac15831e7cd61f36efc,3344166,H_bag,ACTION_CHANGED_HORIZON_COMPLETE,true,,true,true,true,NEUTRAL_WITHIN_TOLERANCE,0.0,[27559],,,I4|BODY|NO_DIVERGENCE|HIGH,471856,945,0.0020027296463327794,499.31851851851854
caa1c41dba5d6dc39b6ceda1b0ceb01977c4819528d1f013d50b22fee73a9e7d:H_bag,caa1c41dba5d6dc39b6ceda1b0ceb01977c4819528d1f013d50b22fee73a9e7d,I3,702e1781dcdd5137366f89f2a5ec587c3173b51b482292fa1938e869188c5a91,3349850,H_bag,ACTION_CHANGED_HORIZON_COMPLETE,true,,true,true,true,NEUTRAL_WITHIN_TOLERANCE,0.0,[22565],,,I3|BODY|NO_DIVERGENCE|HIGH,170143,958,0.005630557824888476,177.60229645093946
1ced7a6a618b84d447f1e814de6e3a07faa487fbe59685aed41e5ba9ce0b8d4d:H_bag,1ced7a6a618b84d447f1e814de6e3a07faa487fbe59685aed41e5ba9ce0b8d4d,I3,b637406cb216fc9b50c9dfece708a1a4a907a1da37a4024316a7c2e76e152bee,3352826,H_bag,ACTION_CHANGED_HORIZON_COMPLETE,true,,true,true,true,HARMFUL,0.25,[25281],,,I3|BODY|NO_DIVERGENCE|HIGH,170143,958,0.005630557824888476,177.60229645093946
583907e7f7e0433b5859b9ac065f3e4b42b045e76d9e73ca9450d0001817fd8e:H_bag,583907e7f7e0433b5859b9ac065f3e4b42b045e76d9e73ca9450d0001817fd8e,I3,1efdaf54e002d4bfe39c83ea37f2ef7708f4b6623a66a48241d02bc3fff5fa5f,3353959,H_bag,ACTION_CHANGED_HORIZON_COMPLETE,true,,true,true,true,HARMFUL,78.34999999999127,[25352],,,I3|BODY|NO_DIVERGENCE|HIGH,170143,958,0.005630557824888476,177.60229645093946
62234a203f82f7bd3351168208a10c0332fe435f691ec21d81672cfb37f325d2:H_bag,62234a203f82f7bd3351168208a10c0332fe435f691ec21d81672cfb37f325d2,I3,b70d78fd743e3121cfde7523214972a83a25376a338aeed86a2e450340fff0b9,3354701,H_bag,ACTION_CHANGED_HORIZON_COMPLETE,true,,true,true,true,HARMFUL,25.60000000000582,[27652],,,I3|BODY|NO_DIVERGENCE|HIGH,170143,958,0.005630557824888476,177.60229645093946
3fb888b9404f507549b3786d82e58c2c6151e47d709b2838ce5b83eaea3cb100:H_bag,3fb888b9404f507549b3786d82e58c2c6151e47d709b2838ce5b83eaea3cb100,I3,95d8da1d105a40fcfa138ee2a4fa8fb7801bd539db17c680292e1c1254a2c24d,3357361,H_bag,ACTION_CHANGED_HORIZON_COMPLETE,true,,true,true,true,HARMFUL,51.549999999995634,[26195],,,I3|BODY|NO_DIVERGENCE|HIGH,170143,958,0.005630557824888476,177.60229645093946
7afd02ae64a6b4e7d9b9f6aabb5e64de07b1b7451f205ad585cbe6835624990a:H_bag,7afd02ae64a6b4e7d9b9f6aabb5e64de07b1b7451f205ad585cbe6835624990a,I4,3c4b537b79f20c327002b0eb9059770d369c69ee057e39bf6187a381a35c0706,3359527,H_bag,ACTION_CHANGED_HORIZON_COMPLETE,true,,true,true,true,HARMFUL,1.0,[27656],,,I4|BODY|NO_DIVERGENCE|HIGH,471856,945,0.0020027296463327794,499.31851851851854
fb930b8d2e58a8cbd0410de16149d7ca332efb279709a7fb4f32bf845d5a6306:H_bag,fb930b8d2e58a8cbd0410de16149d7ca332efb279709a7fb4f32bf845d5a6306,I4,3d56330edc15f2491d047de89248ab4f368ad86ee4f2bd0a20588382c0c04176,3363341,H_bag,ACTION_CHANGED_HORIZON_COMPLETE,true,,true,true,true,HARMFUL,0.5,[27739],,,I4|BODY|NO_DIVERGENCE|HIGH,471856,945,0.0020027296463327794,499.31851851851854
ecec966e25d762166b01c78d62201ba750c9676f8010fe98ff1b90713135ac51:H_bag,ecec966e25d762166b01c78d62201ba750c9676f8010fe98ff1b90713135ac51,I4,3c72a50747608186a058b6f707125c8dc7a0cae5eea7dfe7d30a8a2f57fa197d,3375487,H_bag,ACTION_CHANGED_HORIZON_COMPLETE,true,,true,true,true,NEUTRAL_WITHIN_TOLERANCE,0.0,[27703],,,I4|BODY|NO_DIVERGENCE|HIGH,471856,945,0.0020027296463327794,499.31851851851854
7c7545097b69c1961d6bbc68149f020c924041694033fc3c754094dcb94ba716:H_system,7c7545097b69c1961d6bbc68149f020c924041694033fc3c754094dcb94ba716,I4,cbad00cbf17254dc1cd1fabe565fa47de1cb1c55f04b75b951eb56f460aee1aa,3379280,H_system,ACTION_CHANGED_HORIZON_COMPLETE,true,,true,true,true,NEUTRAL_WITHIN_TOLERANCE,0.0,[27862],[27862],[],I4|BODY|NO_DIVERGENCE|HIGH,471856,945,0.0020027296463327794,499.31851851851854
bdd644e663b7dee40fdd6bfdcc9871c63d149c021ce405e5d7c13f12b52de112:H_bag,bdd644e663b7dee40fdd6bfdcc9871c63d149c021ce405e5d7c13f12b52de112,I3,9f4b057bc94aa2879ade29580eec6a1e8b318595252241850f7e45e493829b54,3380840,H_bag,ACTION_CHANGED_HORIZON_COMPLETE,true,,true,true,true,HARMFUL,77.4091799999951,[27871],,,I3|BODY|NO_DIVERGENCE|HIGH,170143,958,0.005630557824888476,177.60229645093946
7b0949ec731d740f17d29bbe4549044a789b5beeab8860577e19032f4abd3c87:H_bag,7b0949ec731d740f17d29bbe4549044a789b5beeab8860577e19032f4abd3c87,I3,fc14427dcc1181d7a85727070b3683381e0e7dd486a282a49252f81a772ffe30,3384564,H_bag,ACTION_CHANGED_HORIZON_COMPLETE,true,,true,true,true,HARMFUL,23.799999999995634,[24592],,,I3|BODY|NO_DIVERGENCE|HIGH,170143,958,0.005630557824888476,177.60229645093946
d58def8f1772f7b404e2c04e224e77bb66281c6ec502a83f0121db9888729689:H_bag,d58def8f1772f7b404e2c04e224e77bb66281c6ec502a83f0121db9888729689,I3,de40712ed0070d22a3b01ce2099e3cacf85b00b6ac5683b674e8951c468b5195,3385267,H_bag,ACTION_CHANGED_HORIZON_COMPLETE,true,,true,true,true,HARMFUL,76.59999999999127,[24004],,,I3|BODY|NO_DIVERGENCE|HIGH,170143,958,0.005630557824888476,177.60229645093946
c5161c733df448ae20dc43346e0d1cde4ffb659e745597d4a5bea54674b2a452:H_bag,c5161c733df448ae20dc43346e0d1cde4ffb659e745597d4a5bea54674b2a452,I3,c0613bbf317db5090d9e41ba5d7e243c7f0c37e06c84de027f39b9a6361b47b6,3386099,H_bag,ACTION_CHANGED_HORIZON_COMPLETE,true,,true,true,true,HARMFUL,79.06787999998778,[24337],,,I3|BODY|NO_DIVERGENCE|HIGH,170143,958,0.005630557824888476,177.60229645093946
e76d461482becd035b9d41d321aaf79d58d26fb93966eb507d41f9ed9055c6a8:H_bag,e76d461482becd035b9d41d321aaf79d58d26fb93966eb507d41f9ed9055c6a8,I4,ea2c79243cb5f7b04af679fdae04bf955df5014e3dac019c827690fc4b1bec54,3387322,H_bag,ACTION_CHANGED_HORIZON_COMPLETE,true,,true,true,true,HARMFUL,0.7369800000014948,[27744],,,I4|BODY|NO_DIVERGENCE|HIGH,471856,945,0.0020027296463327794,499.31851851851854
30d70f6afdd961d0c6fc593c35142ead556734ca7dbe25722957d22a3094991b:H_bag,30d70f6afdd961d0c6fc593c35142ead556734ca7dbe25722957d22a3094991b,I4,b4c3d0f20e1e449b550969eebeac26a2c09a80430bf387e482e15589a6087308,3389000,H_bag,ACTION_CHANGED_HORIZON_COMPLETE,true,,true,true,true,HARMFUL,0.000999999996565748,[25711],,,I4|BODY|NO_DIVERGENCE|HIGH,471856,945,0.0020027296463327794,499.31851851851854
dc3fdcbaa285695e4c7ed7c9187dfcd12c6483e3f2cb9a2b05e93e19cb69bc37:H_bag,dc3fdcbaa285695e4c7ed7c9187dfcd12c6483e3f2cb9a2b05e93e19cb69bc37,I3,c46064ce72552b265d95bc65297d86a2cff5f9eaec7cf7ea5c8a3c208b197cee,3394270,H_bag,ACTION_CHANGED_HORIZON_COMPLETE,true,,true,true,true,HARMFUL,76.34999999999127,[27946],,,I3|BODY|NO_DIVERGENCE|HIGH,170143,958,0.005630557824888476,177.60229645093946
d89b906390cd464eb6f8d361b6204dd8bf6f6cb7ad88fd6a0b5f88edf98ed94d:H_bag,d89b906390cd464eb6f8d361b6204dd8bf6f6cb7ad88fd6a0b5f88edf98ed94d,I4,ce8855c4a983ec7baeda2787bcafe2680d0c88d55a7b65bd52d86468bfbb022f,3395054,H_bag,ACTION_CHANGED_HORIZON_COMPLETE,true,,true,true,true,NEUTRAL_WITHIN_TOLERANCE,0.0,[26090],,,I4|BODY|NO_DIVERGENCE|HIGH,471856,945,0.0020027296463327794,499.31851851851854
ff04d43040d375c13fe46c683823884f4f56ad9df23f9d273e6b373c7898962b:H_bag,ff04d43040d375c13fe46c683823884f4f56ad9df23f9d273e6b373c7898962b,I3,35301a5387ba19f692632f18d7f4a7e9cbee518dbcc440c06e7c66ac19099f88,3395490,H_bag,ACTION_CHANGED_HORIZON_COMPLETE,true,,true,true,true,HARMFUL,75.59999999999127,[26017],,,I3|BODY|NO_DIVERGENCE|HIGH,170143,958,0.005630557824888476,177.60229645093946
43d5e7fb19d6b250b486666190c86e2c6b63c8ae1e4f21e5dae8a75baea73f11:H_bag,43d5e7fb19d6b250b486666190c86e2c6b63c8ae1e4f21e5dae8a75baea73f11,I3,989702c4cf7d5fa2eb3316989a4119643898b8cca7b5ac92b821b23395499a2d,3401409,H_bag,ACTION_CHANGED_HORIZON_COMPLETE,true,,true,true,true,HARMFUL,75.59999999999127,[27990],,,I3|BODY|NO_DIVERGENCE|LOW,1012,6,0.005928853754940711,168.66666666666669
7b5505a8bac059d0c45b66f46c04f05b7fd6e1b5de9e7b1273612b190576a5fb:H_bag,7b5505a8bac059d0c45b66f46c04f05b7fd6e1b5de9e7b1273612b190576a5fb,I3,24b5b7bf6bfd747fbc2a9bd17ea8f0ddfce0396af0fba25c00dc15f10837b0f8,3403208,H_bag,ACTION_CHANGED_HORIZON_COMPLETE,true,,true,true,true,HARMFUL,33.199999999989814,[28033],,,I3|BODY|NO_DIVERGENCE|HIGH,170143,958,0.005630557824888476,177.60229645093946
cb480d101e3d6ce8416d80c05a4b3e58db64c72cbe7012de84c37f1545f7bea0:H_bag,cb480d101e3d6ce8416d80c05a4b3e58db64c72cbe7012de84c37f1545f7bea0,I4,2009d41f0663d98e7ff9e94fa70f41cc0b66d427cfdd776a0efe96b0d417c074,3405552,H_bag,ACTION_CHANGED_HORIZON_COMPLETE,true,,true,true,true,NEUTRAL_WITHIN_TOLERANCE,0.0,[28054],,,I4|TAIL|NO_DIVERGENCE|HIGH,13582,67,0.004932999558238846,202.71641791044775
d0847af38662b77339e07054e6ccdbe30355e34ac2f6ac64ddfc41f3c732d2fb:H_bag,d0847af38662b77339e07054e6ccdbe30355e34ac2f6ac64ddfc41f3c732d2fb,I3,bd9f7a2ee1c655beb8c9d809b0fe9f3f460afaf01001ce4eb464ef0c86fb0c12,3406339,H_bag,ACTION_CHANGED_HORIZON_COMPLETE,true,,true,true,true,HARMFUL,92.36154999998689,[28035],,,I3|BODY|NO_DIVERGENCE|HIGH,170143,958,0.005630557824888476,177.60229645093946
5d1032bbb417dfc684c68fc8e6f092343a479f44d084cd6d2323d5508c5b4287:H_bag,5d1032bbb417dfc684c68fc8e6f092343a479f44d084cd6d2323d5508c5b4287,I4,884edacff5a3a0c6c0985a582fe32c639b88abaaba2179c8d71d06efe99b253e,3415186,H_bag,ACTION_CHANGED_HORIZON_COMPLETE,true,,true,true,true,HARMFUL,0.2137100000109058,[28127],,,I4|BODY|NO_DIVERGENCE|HIGH,471856,945,0.0020027296463327794,499.31851851851854
142b42688500b1e914bef7d9f8956d853e26ad5345ef936e85c6fa9b5ffa330e:H_system,142b42688500b1e914bef7d9f8956d853e26ad5345ef936e85c6fa9b5ffa330e,I4,b15a67e77874d5a86fc4051d295db1bbf0e5adeec96f7c7bfd278702e88658d8,3418949,H_system,ACTION_CHANGED_HORIZON_COMPLETE,true,,true,true,true,NEUTRAL_WITHIN_TOLERANCE,0.0,[28066],[28066],[],I4|BODY|NO_DIVERGENCE|HIGH,471856,945,0.0020027296463327794,499.31851851851854
ae5d8976f58dfaf2e9b5ab0c214ffbd1476d9f765373b6793d8e5d3c328de114:H_bag,ae5d8976f58dfaf2e9b5ab0c214ffbd1476d9f765373b6793d8e5d3c328de114,I4,1e51f61dcc384045f6aab3574615c8c54be907ab976d50b86a72ecdb90c9a650,3420336,H_bag,ACTION_CHANGED_HORIZON_COMPLETE,true,,true,true,true,HARMFUL,0.25,[28190],,,I4|BODY|NO_DIVERGENCE|HIGH,471856,945,0.0020027296463327794,499.31851851851854
fa517c55fc8198a83a09eed8cb8df285be57ae3e4fdfb2677be31800238826f5:H_bag,fa517c55fc8198a83a09eed8cb8df285be57ae3e4fdfb2677be31800238826f5,I4,e2a171de252afba7ae99b36a77af4116c7d5665a55d5e4669d7d745b20b1e37b,3422076,H_bag,ACTION_CHANGED_HORIZON_COMPLETE,true,,true,true,true,HARMFUL,0.031619999987015035,[28181],,,I4|BODY|NO_DIVERGENCE|HIGH,471856,945,0.0020027296463327794,499.31851851851854
b3b39193f1b99f3c619f67855a48dfa06b0384e77154ef2556087026f7fe7172:H_bag,b3b39193f1b99f3c619f67855a48dfa06b0384e77154ef2556087026f7fe7172,I4,be5d8dd27ec6e971848ec120189230b0844da16735575b2e0f488184f5fd29ca,3423318,H_bag,ACTION_CHANGED_HORIZON_COMPLETE,true,,true,true,true,HARMFUL,0.03599999999278225,[28232],,,I4|BODY|NO_DIVERGENCE|HIGH,471856,945,0.0020027296463327794,499.31851851851854
e806328c2f21e75e96fe0563fd3b3436dabdcdb5cfbf8fb7d21712f93b3560f7:H_bag,e806328c2f21e75e96fe0563fd3b3436dabdcdb5cfbf8fb7d21712f93b3560f7,I3,c808a6132e0f5f3f4d6d43013952c6a8b399fbcf8bed703ac19605c87eda32da,3427401,H_bag,ACTION_CHANGED_HORIZON_COMPLETE,true,,true,true,true,HARMFUL,77.39999999999418,[28241],,,I3|BODY|NO_DIVERGENCE|HIGH,170143,958,0.005630557824888476,177.60229645093946
962b2900ac553b0b8eeb8ad89a85ecdbea0c0afe2889ea574e0a750eb9e53d26:H_bag,962b2900ac553b0b8eeb8ad89a85ecdbea0c0afe2889ea574e0a750eb9e53d26,I4,6e3f755f0cfd425c3044c6b3a11c1d06f5993fec941f0b8aae342833fc1facc2,3428060,H_bag,ACTION_CHANGED_HORIZON_COMPLETE,true,,true,true,true,HARMFUL,1.0,[28264],,,I4|BODY|NO_DIVERGENCE|HIGH,471856,945,0.0020027296463327794,499.31851851851854
285a8689f31fbebcb0cdf0c8fc94427f3497ff357dd7bfaa334c5eb76aaac064:H_system,285a8689f31fbebcb0cdf0c8fc94427f3497ff357dd7bfaa334c5eb76aaac064,I4,201575beb22573305444d0b54af6633caafaff7c1443576cda9ffe602af87314,3431001,H_system,ACTION_CHANGED_HORIZON_COMPLETE,true,,true,true,true,HARMFUL,4.586840353226762e-05,[28305],"[28303,28305]",[28303],I4|BODY|NO_DIVERGENCE|HIGH,471856,945,0.0020027296463327794,499.31851851851854
6ea67ea6d90203c8361a6fb7e5bcffabe8ce03c81d71c8c1a4d812a6be6a298a:H_bag,6ea67ea6d90203c8361a6fb7e5bcffabe8ce03c81d71c8c1a4d812a6be6a298a,I3,72ca8986e905bda8dd17a27d913227235635041c1a1caa9217f25be6175b81cc,3431597,H_bag,ACTION_CHANGED_HORIZON_COMPLETE,true,,true,true,true,HARMFUL,75.59999999999127,[28307],,,I3|BODY|DIVERGENCE|HIGH,10032,56,0.005582137161084529,179.14285714285714
cc203cd7c64970b6a0b6f05c91c0eb5aff48ce15c46fb54cd714b86d67a834df:H_bag,cc203cd7c64970b6a0b6f05c91c0eb5aff48ce15c46fb54cd714b86d67a834df,I4,a37f68f7fe8bc3769db22f8cbbdc132823cc777aba85b083ea776c4cf75b7836,3440800,H_bag,ACTION_CHANGED_HORIZON_COMPLETE,true,,true,true,true,HARMFUL,1.0,[26505],,,I4|BODY|NO_DIVERGENCE|HIGH,471856,945,0.0020027296463327794,499.31851851851854
a829908258e376d2b222af46c07071175d6e843b651d62bb9950a0d5926955d6:H_bag,a829908258e376d2b222af46c07071175d6e843b651d62bb9950a0d5926955d6,I4,cac907c91c4f4af3d20ead64bda45d0764f7776d3a6440856d4cfb06e0dc8474,3442343,H_bag,ACTION_CHANGED_HORIZON_COMPLETE,true,,true,true,true,HARMFUL,1.0,[28369],,,I4|BODY|NO_DIVERGENCE|HIGH,471856,945,0.0020027296463327794,499.31851851851854
1174402ad463e3c6d93195ea0917a14048fe15654b3fb6423f222796088c9b51:H_bag,1174402ad463e3c6d93195ea0917a14048fe15654b3fb6423f222796088c9b51,I4,9fa5412b3cc5c8efb903194a0ceb779b933a3d91dee74155cd690e75eba80aac,3446619,H_bag,ACTION_CHANGED_HORIZON_COMPLETE,true,,true,true,true,BENEFICIAL,-6.349999999998545,[28384],,,I4|BODY|NO_DIVERGENCE|HIGH,471856,945,0.0020027296463327794,499.31851851851854
23b21480bd98f3358fe340450edc4e9808d189d5186b7d13271527cbcd1e911a:H_bag,23b21480bd98f3358fe340450edc4e9808d189d5186b7d13271527cbcd1e911a,I4,ca7b6fc5931930b8254ca89852eef2125108d6f081ed88cc498cebb2f72731d2,3447928,H_bag,ACTION_CHANGED_HORIZON_COMPLETE,true,,true,true,true,NEUTRAL_WITHIN_TOLERANCE,0.0,[28437],,,I4|BODY|NO_DIVERGENCE|HIGH,471856,945,0.0020027296463327794,499.31851851851854
16031ed778cbd6df182f97e3ee9186cd7cf1f8d2e0101ef61b446eeb8ce7156f:H_bag,16031ed778cbd6df182f97e3ee9186cd7cf1f8d2e0101ef61b446eeb8ce7156f,I4,e67c240a241b8139e82369f9a27755ba4c319ae10a713fbdd157cb06aa424e32,3448148,H_bag,ACTION_CHANGED_HORIZON_COMPLETE,true,,true,true,true,HARMFUL,1.0,[28413],,,I4|BODY|NO_DIVERGENCE|HIGH,471856,945,0.0020027296463327794,499.31851851851854
0bdf95735e5ec01e2b2d4651a442a7ac88c6e4fa51867d4a93c8f04a83765047:H_bag,0bdf95735e5ec01e2b2d4651a442a7ac88c6e4fa51867d4a93c8f04a83765047,I4,0f35da5409edb0c6fde0515c079da5079421d355c4c899d7b2bfc2bfd6443df5,3449875,H_bag,ACTION_CHANGED_HORIZON_COMPLETE,true,,true,true,true,HARMFUL,0.5952000000033877,[28427],,,I4|BODY|NO_DIVERGENCE|HIGH,471856,945,0.0020027296463327794,499.31851851851854
c8d3a8ec6efebb3bef5dbaadbb774a8f3ae88f8139a84c33af62c7b6461fbff4:H_system,c8d3a8ec6efebb3bef5dbaadbb774a8f3ae88f8139a84c33af62c7b6461fbff4,I3,0e36943dac0d7dae64a6b56d345f2e087283951a845f6d3298df75f781e83010,3455988,H_system,ACTION_CHANGED_HORIZON_COMPLETE,true,,true,true,true,HARMFUL,0.003337796711264218,[28485],"[28485,28507,28513,28517,28519,28523,28530,28534,28535,28537,28539,28541,28544,28546,28550,28553,28555,28558,28560,28562,28563,28565,28567,28568,28571,28574,28578,28581,28583,28586,28588,28590]","[28507,28513,28517,28519,28523,28530,28534,28535,28537,28539,28541,28544,28546,28550,28553,28555,28558,28560,28562,28563,28565,28567,28568,28571,28574,28578,28581,28583,28586,28588,28590]",I3|BODY|NO_DIVERGENCE|HIGH,170143,958,0.005630557824888476,177.60229645093946
caa575437b5160c3f2b639cb6cf77e79ea95062137c8e41a2665b81a0b1c4bf7:H_bag,caa575437b5160c3f2b639cb6cf77e79ea95062137c8e41a2665b81a0b1c4bf7,I3,bc48d69d8f15b0e7788eea08860aa1062d933d90d25ce62946637629d1c231d2,3463182,H_bag,ACTION_CHANGED_HORIZON_COMPLETE,true,,true,true,true,HARMFUL,84.24052999999549,[28503],,,I3|BODY|NO_DIVERGENCE|HIGH,170143,958,0.005630557824888476,177.60229645093946
0071268f51695689a03f8796fc3b8fc622a804ba23b7784c0d0942bc653e8e1c:H_bag,0071268f51695689a03f8796fc3b8fc622a804ba23b7784c0d0942bc653e8e1c,I4,9308ef599b7e7f21d88d84c8199ca75beb60560cb29861c8c37e0945e66251eb,3465929,H_bag,ACTION_CHANGED_HORIZON_COMPLETE,true,,true,true,true,NEUTRAL_WITHIN_TOLERANCE,0.0,[28574],,,I4|BODY|NO_DIVERGENCE|HIGH,471856,945,0.0020027296463327794,499.31851851851854
9bd389d0635019e146e81358b26d505341aa391b5c086826936b3b1d71683f5a:H_bag,9bd389d0635019e146e81358b26d505341aa391b5c086826936b3b1d71683f5a,I3,42b6f17f98ea530b06351756648885c185b0d44d81e2cdc8d95a6eaf28d65519,3466246,H_bag,ACTION_CHANGED_HORIZON_COMPLETE,true,,true,true,true,HARMFUL,77.39999999999418,[28543],,,I3|BODY|NO_DIVERGENCE|HIGH,170143,958,0.005630557824888476,177.60229645093946
c03afe63b984bb70ced2b29377cca2083d14df018bb1f90ed7f6aec37e4331e6:H_bag,c03afe63b984bb70ced2b29377cca2083d14df018bb1f90ed7f6aec37e4331e6,I3,98dcf4626b1e6635b60184d488b56bcd6c96b28e8184888a15923d805a669482,3466450,H_bag,ACTION_CHANGED_HORIZON_COMPLETE,true,,true,true,true,HARMFUL,67.96412999997119,[28549],,,I3|BODY|NO_DIVERGENCE|HIGH,170143,958,0.005630557824888476,177.60229645093946
8418d025eddae9d320f6923b99cd9c75d6b380c17549a9381796901b046245d2:H_bag,8418d025eddae9d320f6923b99cd9c75d6b380c17549a9381796901b046245d2,I4,7000b6a514b6f85b922042b29ea8b4520acc7fae563ae82cb47af8f355a037c9,3474555,H_bag,ACTION_CHANGED_HORIZON_COMPLETE,true,,true,true,true,HARMFUL,0.1898200000068755,[28629],,,I4|BODY|NO_DIVERGENCE|HIGH,471856,945,0.0020027296463327794,499.31851851851854
9c47bf0d57bed4a7d388788ebf28e71641fcc68a7e018c193c57107b4827320b:H_bag,9c47bf0d57bed4a7d388788ebf28e71641fcc68a7e018c193c57107b4827320b,I3,91ba1a877313f803d1aa48a78bd9a0229f4a6a3fa18e2ef918daa09f0c386eb0,3478689,H_bag,ACTION_CHANGED_HORIZON_COMPLETE,true,,true,true,true,HARMFUL,24.299999999995634,[23641],,,I3|BODY|NO_DIVERGENCE|HIGH,170143,958,0.005630557824888476,177.60229645093946
e3aa371647a1737e743f331359969e1e72a9c95d5d3a182f7066442425178796:H_bag,e3aa371647a1737e743f331359969e1e72a9c95d5d3a182f7066442425178796,I3,4e59a61377e7b2e7dc1fa135f3b19e817232a2e25cda4bfd6a0aaa94f35f18a6,3479262,H_bag,ACTION_CHANGED_HORIZON_COMPLETE,true,,true,true,true,HARMFUL,24.549999999995634,[25007],,,I3|BODY|NO_DIVERGENCE|HIGH,170143,958,0.005630557824888476,177.60229645093946
828985962fb47ee258861de28d40c00f397c51f28d913a595395f298b50d460f:H_bag,828985962fb47ee258861de28d40c00f397c51f28d913a595395f298b50d460f,I3,1656b3611ff8a60cf559bdf178051455b15f7604beced85dc255f029a02af14d,3481522,H_bag,ACTION_CHANGED_HORIZON_COMPLETE,true,,true,true,true,HARMFUL,24.549999999995634,[26348],,,I3|BODY|NO_DIVERGENCE|HIGH,170143,958,0.005630557824888476,177.60229645093946
456e6d54e685f437fc9c51bdea29eace5f869cc655c9414dc724d93d5383dffb:H_bag,456e6d54e685f437fc9c51bdea29eace5f869cc655c9414dc724d93d5383dffb,I3,720c19d7378688f5bf091ab07ea5924055e1ee8b90ae4c9928872e16e2f84a36,3482323,H_bag,ACTION_CHANGED_HORIZON_COMPLETE,true,,true,true,true,HARMFUL,24.549999999995634,[26542],,,I3|BODY|NO_DIVERGENCE|HIGH,170143,958,0.005630557824888476,177.60229645093946
a5b524f03047dd97ea2af5e63f80795714eccb9c51cfd04bed52dc2ef9da895c:H_bag,a5b524f03047dd97ea2af5e63f80795714eccb9c51cfd04bed52dc2ef9da895c,I4,bad4d7fb4ddc998c90bddfbf20c16939f9edb0aa2ba30df5b1726b047590b08a,3483230,H_bag,ACTION_CHANGED_HORIZON_COMPLETE,true,,true,true,true,HARMFUL,0.3000000000029104,[26378],,,I4|BODY|NO_DIVERGENCE|HIGH,471856,945,0.0020027296463327794,499.31851851851854
3ef83f2488f381c1792beec0772983c087703ff952fdab096a81586927252641:H_bag,3ef83f2488f381c1792beec0772983c087703ff952fdab096a81586927252641,I3,33d34fcc58478e9dfd245ae0ed73a41b356e6b17317ec187a918eb1d3c894944,3483984,H_bag,ACTION_CHANGED_HORIZON_COMPLETE,true,,true,true,true,NEUTRAL_WITHIN_TOLERANCE,0.0,[26839],,,I3|BODY|NO_DIVERGENCE|HIGH,170143,958,0.005630557824888476,177.60229645093946
b5825a3042ea39e2ef117c71185de5d611254f044befa28b05d05b15ab8a31b9:H_bag,b5825a3042ea39e2ef117c71185de5d611254f044befa28b05d05b15ab8a31b9,I4,2a6222d56f5efa85ecd6f70d939270b65e684f2ea3063268394c46e10e9dbd3a,3484591,H_bag,ACTION_CHANGED_HORIZON_COMPLETE,true,,true,true,true,HARMFUL,0.09999999999854481,[26833],,,I4|BODY|NO_DIVERGENCE|HIGH,471856,945,0.0020027296463327794,499.31851851851854
e971a8412ff3f59905ea00f8cedae0de70a7f8728c8574de7b6d552e89d601b3:H_bag,e971a8412ff3f59905ea00f8cedae0de70a7f8728c8574de7b6d552e89d601b3,I3,e03a3deaa3b43b0f0f5c35436d91a17aba3377cabd3104d5659f3b66dc28d695,3489295,H_bag,ACTION_CHANGED_HORIZON_COMPLETE,true,,true,true,true,HARMFUL,80.02937999999267,[28709],,,I3|BODY|NO_DIVERGENCE|LOW,1012,6,0.005928853754940711,168.66666666666669
a9dbfe2685c05784a3a8fda5d3d9248adcdde67e091f2b28e4cb864096029706:H_bag,a9dbfe2685c05784a3a8fda5d3d9248adcdde67e091f2b28e4cb864096029706,I3,4a995cee2d10c6f945cc53284875ee17d9c989be25213bcda02909cb4d2d8951,3489876,H_bag,ACTION_CHANGED_HORIZON_COMPLETE,true,,true,true,true,HARMFUL,31.199999999989814,[28734],,,I3|BODY|NO_DIVERGENCE|HIGH,170143,958,0.005630557824888476,177.60229645093946
40e105db0cef71592d34b5379edf9eeba861dfd998affa967dc2b42165bfc58e:H_bag,40e105db0cef71592d34b5379edf9eeba861dfd998affa967dc2b42165bfc58e,I3,b680480b132349b3491a2dafbba58589f7e7257d6f879641bf73b34890a34d47,3490051,H_bag,ACTION_CHANGED_HORIZON_COMPLETE,true,,true,true,true,HARMFUL,31.199999999989814,[28739],,,I3|BODY|NO_DIVERGENCE|HIGH,170143,958,0.005630557824888476,177.60229645093946
3eb5f70784bda46664c5c32c4987f87e177e117a3807872003dfd5752344a547:H_bag,3eb5f70784bda46664c5c32c4987f87e177e117a3807872003dfd5752344a547,I3,e9b684f141be48821b2b105043a730efa65f7806793b68ecb9a4ab227088fc6a,3499039,H_bag,ACTION_CHANGED_HORIZON_COMPLETE,true,,true,true,true,HARMFUL,58.44999999999709,[28839],,,I3|BODY|NO_DIVERGENCE|HIGH,170143,958,0.005630557824888476,177.60229645093946
7e3e74872cfd2dc33ff2a13edc2cea1b76c67017f2989dd98e13d1645f8b78b4:H_bag,7e3e74872cfd2dc33ff2a13edc2cea1b76c67017f2989dd98e13d1645f8b78b4,I4,0c8d97a1d8a0bde590cd73c2b0cb003fa3c1fe8d161669e73268acd6cf26e4d8,3504988,H_bag,ACTION_CHANGED_HORIZON_COMPLETE,true,,true,true,true,HARMFUL,1.0,[28885],,,I4|BODY|NO_DIVERGENCE|HIGH,471856,945,0.0020027296463327794,499.31851851851854
d8d81ca84af56d9ebb41a854af5fcfdd634ea58b3a749a46e43d51a243969d31:H_bag,d8d81ca84af56d9ebb41a854af5fcfdd634ea58b3a749a46e43d51a243969d31,I4,f5127b77e424b029d7fe22d4b6ff048eaaf0da3f11a03ff122bc7021fec60fd9,3507160,H_bag,ACTION_CHANGED_HORIZON_COMPLETE,true,,true,true,true,HARMFUL,0.14781000000220956,[28932],,,I4|BODY|NO_DIVERGENCE|HIGH,471856,945,0.0020027296463327794,499.31851851851854
787ef17eb3b31f4407392b4b6b26b43fe5919e917b55e53a0441d113a792f6bb:H_bag,787ef17eb3b31f4407392b4b6b26b43fe5919e917b55e53a0441d113a792f6bb,I4,161737534a93520dc13ab219777114e42d91d0007eeba255f99672a427955b8d,3513354,H_bag,ACTION_CHANGED_HORIZON_COMPLETE,true,,true,true,true,HARMFUL,0.17958999999973457,[28985],,,I4|BODY|NO_DIVERGENCE|HIGH,471856,945,0.0020027296463327794,499.31851851851854
738db2754cfb61c2a9316aac6f3c1f33c26bc85caf4320a207de7f8a5ea03739:H_bag,738db2754cfb61c2a9316aac6f3c1f33c26bc85caf4320a207de7f8a5ea03739,I3,4bee3c2547690687d597d5e17cdfdb6d9b2fb83c6d9a95be5d2fc6cfdb72b8a9,3519628,H_bag,ACTION_CHANGED_HORIZON_COMPLETE,true,,true,true,true,HARMFUL,69.79999999999563,[25379],,,I3|BODY|NO_DIVERGENCE|HIGH,170143,958,0.005630557824888476,177.60229645093946
37eec8eb6a2ad8f642d3054eb5c7e9747687725754110375299c1097e8987f3b:H_bag,37eec8eb6a2ad8f642d3054eb5c7e9747687725754110375299c1097e8987f3b,I4,2bce95a9995ba2c8226db4df9f5c646eaac30d98d4a0ccb4915eb8e839f5066c,3520815,H_bag,ACTION_CHANGED_HORIZON_COMPLETE,true,,true,true,true,HARMFUL,0.000999999996565748,[26442],,,I4|BODY|NO_DIVERGENCE|HIGH,471856,945,0.0020027296463327794,499.31851851851854
c246c55e5e9ea546a42da7e22c43c330b4d829bb8980501e5dc8660c51fd6596:H_bag,c246c55e5e9ea546a42da7e22c43c330b4d829bb8980501e5dc8660c51fd6596,I3,c1a66c5d1ae0e90db253f87648ed77ababebfedc3a0672de7f397efb4613d175,3520840,H_bag,ACTION_CHANGED_HORIZON_COMPLETE,true,,true,true,true,HARMFUL,76.59999999999127,[25940],,,I3|BODY|NO_DIVERGENCE|HIGH,170143,958,0.005630557824888476,177.60229645093946
5b322a7278402345d06d49a8b9ed56229bee1825285d674c839105108d0f687d:H_bag,5b322a7278402345d06d49a8b9ed56229bee1825285d674c839105108d0f687d,I3,202417159bdcfe9975b5ec6d67acf02ff7f6010f2d5f9e8503caf12d2a147381,3521754,H_bag,ACTION_CHANGED_HORIZON_COMPLETE,true,,true,true,true,HARMFUL,24.299999999995634,[26896],,,I3|BODY|NO_DIVERGENCE|HIGH,170143,958,0.005630557824888476,177.60229645093946
81144be724a484d2234fbbbf6a4441c458d6b7d6b1c94b3b8385cc9d916537c0:H_bag,81144be724a484d2234fbbbf6a4441c458d6b7d6b1c94b3b8385cc9d916537c0,I4,440f8fad8a4f78db0d44ede699fc1233c009cab06b91778894e8f6672465bb45,3525380,H_bag,ACTION_CHANGED_HORIZON_COMPLETE,true,,true,true,true,HARMFUL,1.0,[27689],,,I4|BODY|NO_DIVERGENCE|HIGH,471856,945,0.0020027296463327794,499.31851851851854
40a78e9de94e6fa37dd1d5f7775a14703f9789131c1ca99feaceced23af0a2da:H_bag,40a78e9de94e6fa37dd1d5f7775a14703f9789131c1ca99feaceced23af0a2da,I3,83f8a19a243be1a06bb8195758bffbab80c6d960186d2c0a0ea672df4344b50e,3526044,H_bag,ACTION_CHANGED_HORIZON_COMPLETE,true,,true,true,true,HARMFUL,77.84999999999127,[27740],,,I3|BODY|NO_DIVERGENCE|HIGH,170143,958,0.005630557824888476,177.60229645093946
af57a2e1192f7598ae7904d3cb39e388912eed247315538e1ba4597023de8a60:H_bag,af57a2e1192f7598ae7904d3cb39e388912eed247315538e1ba4597023de8a60,I4,3a4a87d68a1f46b2e97f8821c6bd9841c84aaf3672e2d84552810a180156100e,3532546,H_bag,ACTION_CHANGED_HORIZON_COMPLETE,true,,true,true,true,NEUTRAL_WITHIN_TOLERANCE,0.0,[29145],,,I4|BODY|NO_DIVERGENCE|HIGH,471856,945,0.0020027296463327794,499.31851851851854
723383da6a70aacbb4e400356681afe89ac15c162a49d9f6202ddea907037f59:H_bag,723383da6a70aacbb4e400356681afe89ac15c162a49d9f6202ddea907037f59,I3,a32332839e40e208ecf9081ca0a68fe18047a4fd26967ee490bc8bd03d87727d,3534023,H_bag,ACTION_CHANGED_HORIZON_COMPLETE,true,,true,true,true,HARMFUL,79.59999999999127,[29110],,,I3|BODY|NO_DIVERGENCE|HIGH,170143,958,0.005630557824888476,177.60229645093946
72c5ce4d683b3c12732f7e447cc7c5227ea7a13f09b82b2199350194b658ae59:H_bag,72c5ce4d683b3c12732f7e447cc7c5227ea7a13f09b82b2199350194b658ae59,I4,bdaec66825f0b882984ddbbfc38325e56de15dfcf3013be9c2d8e27520c83a99,3534713,H_bag,ACTION_CHANGED_HORIZON_COMPLETE,true,,true,true,true,HARMFUL,0.04167999999481253,[29107],,,I4|BODY|NO_DIVERGENCE|HIGH,471856,945,0.0020027296463327794,499.31851851851854
1ab8ed7e29c1fe11238e97b8f23f3371de85e63efb217993473785a8074518df:H_bag,1ab8ed7e29c1fe11238e97b8f23f3371de85e63efb217993473785a8074518df,I3,b3ea5adc6d275bcb01cb568d0f18f1e9d68497c0b87bd26c8e87fc83568693f5,3536532,H_bag,ACTION_CHANGED_HORIZON_COMPLETE,true,,true,true,true,HARMFUL,27.524009999986447,[29196],,,I3|BODY|NO_DIVERGENCE|HIGH,170143,958,0.005630557824888476,177.60229645093946
7d9ba6b1ada206373ecca612fde0b48d361cc18c4ee944bd5ef30c9e5afa4740:H_bag,7d9ba6b1ada206373ecca612fde0b48d361cc18c4ee944bd5ef30c9e5afa4740,I3,4a56a4b7ef23429e9044460bd38eed7842008310b7be6596d62415b408af9aa6,3536921,H_bag,ACTION_CHANGED_HORIZON_COMPLETE,true,,true,true,true,NEUTRAL_WITHIN_TOLERANCE,0.0,[29205],,,I3|BODY|NO_DIVERGENCE|HIGH,170143,958,0.005630557824888476,177.60229645093946
f62b940a525509ffbc80fa486ee0b0e4fa8798d9320714e7508409a8ec86ddb9:H_bag,f62b940a525509ffbc80fa486ee0b0e4fa8798d9320714e7508409a8ec86ddb9,I4,c60bcdc02d70077fe349e0dfae488f6c74e62bc3ffb3559b98b2abefe952033a,3544869,H_bag,ACTION_CHANGED_HORIZON_COMPLETE,true,,true,true,true,HARMFUL,0.000999999996565748,[22692],,,I4|TAIL|NO_DIVERGENCE|HIGH,13582,67,0.004932999558238846,202.71641791044775
6c1a036335db20deb18ebe12db2779a48e95ab07560d1f0fe32275825fa24feb:H_bag,6c1a036335db20deb18ebe12db2779a48e95ab07560d1f0fe32275825fa24feb,I4,e82b8ac12bf44ac2ed2f4b91f226f563920a7fda1b2c2ff6f9fd6d2a32f58f0b,3546043,H_bag,ACTION_CHANGED_HORIZON_COMPLETE,true,,true,true,true,HARMFUL,0.11887999998725718,[29249],,,I4|BODY|NO_DIVERGENCE|HIGH,471856,945,0.0020027296463327794,499.31851851851854
4e38fe4a51a1bfac5a4e860218b858e8918b5125d75a671139cb9eb48f2db7ff:H_bag,4e38fe4a51a1bfac5a4e860218b858e8918b5125d75a671139cb9eb48f2db7ff,I3,2759865fd5049fb480e2fad1dd3aeb720df747a0bb0af8db64b1b06fab6d73da,3547158,H_bag,ACTION_CHANGED_HORIZON_COMPLETE,true,,true,true,true,HARMFUL,0.25,[26532],,,I3|BODY|NO_DIVERGENCE|HIGH,170143,958,0.005630557824888476,177.60229645093946
e4130c2245f4cb26628a4da412721597191340903dee77ec929161f055ca9e02:H_bag,e4130c2245f4cb26628a4da412721597191340903dee77ec929161f055ca9e02,I4,6c863b5e8c5c3be13ffec29557403ee6e31f1a8195d04f039d5a909512091a2a,3547500,H_bag,ACTION_CHANGED_HORIZON_COMPLETE,true,,true,true,true,HARMFUL,0.000999999996565748,[26564],,,I4|BODY|NO_DIVERGENCE|HIGH,471856,945,0.0020027296463327794,499.31851851851854
45a77933da436cd01af5fc281ea9e9f0e7518153c63e7305ee594358c7288371:H_bag,45a77933da436cd01af5fc281ea9e9f0e7518153c63e7305ee594358c7288371,I3,153a2df6b014715cfbf040119820d62944d3e12d33f7da8790b6a93adef8a880,3548798,H_bag,ACTION_CHANGED_HORIZON_COMPLETE,true,,true,true,true,HARMFUL,23.799999999995634,[26987],,,I3|BODY|NO_DIVERGENCE|HIGH,170143,958,0.005630557824888476,177.60229645093946
959770bcb42b84319390ec22774a261d90ec7295b1e46e31171083f8397d7620:H_bag,959770bcb42b84319390ec22774a261d90ec7295b1e46e31171083f8397d7620,I4,831052023c9abda6ff5eb0ed00dd9c5aeadc1ce093e7af2bd3bb80e00584097e,3552868,H_bag,ACTION_CHANGED_HORIZON_COMPLETE,true,,true,true,true,NEUTRAL_WITHIN_TOLERANCE,0.0,[27508],,,I4|BODY|NO_DIVERGENCE|HIGH,471856,945,0.0020027296463327794,499.31851851851854
35dbc09449ee6c875584d4fc81e5061911cea2a081da30589e2edfb738c62e0a:H_bag,35dbc09449ee6c875584d4fc81e5061911cea2a081da30589e2edfb738c62e0a,I3,fff9672a22f0b4bfef92cfc317c6e9fab8e926b85a0c677c12aeb840fab609d8,3554797,H_bag,ACTION_CHANGED_HORIZON_COMPLETE,true,,true,true,true,HARMFUL,25.400000000001455,[27567],,,I3|BODY|NO_DIVERGENCE|HIGH,170143,958,0.005630557824888476,177.60229645093946
c917e9cf880935b2b99634690d6a4f2a14e098f0190bc13885082b0a866bba81:H_bag,c917e9cf880935b2b99634690d6a4f2a14e098f0190bc13885082b0a866bba81,I4,b41e0b0e7681178db1c5082de14688ee8e8a923c8610ca203c516be066142747,3557354,H_bag,ACTION_CHANGED_HORIZON_COMPLETE,true,,true,true,true,HARMFUL,5.024760000000242,[29307],,,I4|BODY|NO_DIVERGENCE|HIGH,471856,945,0.0020027296463327794,499.31851851851854
7f4257bb44e9c094cd46970534c684a2e82445e97da01894c777a42344cb41c0:H_bag,7f4257bb44e9c094cd46970534c684a2e82445e97da01894c777a42344cb41c0,I3,7100496962e6c5a9980436cafe826cd2fa1f9faa76d8768156bbc7b1da984f4a,3557774,H_bag,ACTION_CHANGED_HORIZON_COMPLETE,true,,true,true,true,HARMFUL,76.39999999999418,[29291],,,I3|BODY|NO_DIVERGENCE|HIGH,170143,958,0.005630557824888476,177.60229645093946
7a154dbdb13b77fc3606c6297e75ab651b08bac130fa3aa7bcd543d4cee18865:H_system,7a154dbdb13b77fc3606c6297e75ab651b08bac130fa3aa7bcd543d4cee18865,I4,ba0f01ce0abb1c898e53f032ad831e0945480e7f19d05e8f22d5e76a42900aac,3558201,H_system,ACTION_CHANGED_HORIZON_COMPLETE,true,,true,true,true,HARMFUL,2.8667752218325404e-05,[29345],"[29343,29345]",[29343],I4|BODY|NO_DIVERGENCE|HIGH,471856,945,0.0020027296463327794,499.31851851851854
6d5b5afba844ef8c22d39c68bbda192b7097f4b5149b516edb67d1f8f96315b6:H_bag,6d5b5afba844ef8c22d39c68bbda192b7097f4b5149b516edb67d1f8f96315b6,I4,b77e0e57c9cedfe091087f5622b425b608f3bd518f318e97333da6a758a9918b,3562111,H_bag,ACTION_CHANGED_HORIZON_COMPLETE,true,,true,true,true,HARMFUL,1.0,[29379],,,I4|BODY|NO_DIVERGENCE|HIGH,471856,945,0.0020027296463327794,499.31851851851854
1872f983b983fae1a1e960b41fb0f3ef0a3f989395208706e3191a2a52517d03:H_bag,1872f983b983fae1a1e960b41fb0f3ef0a3f989395208706e3191a2a52517d03,I4,fede3fb4f81e955cbb9d738b07ec8e1a12822defe658a855a4a0e217c5b60f05,3562354,H_bag,ACTION_CHANGED_HORIZON_COMPLETE,true,,true,true,true,HARMFUL,0.0847700000012992,[29383],,,I4|BODY|NO_DIVERGENCE|HIGH,471856,945,0.0020027296463327794,499.31851851851854
6184a12b42fe9269b265b44e5b09b160461d29325b335c7cdd184b87afea9de3:H_bag,6184a12b42fe9269b265b44e5b09b160461d29325b335c7cdd184b87afea9de3,I3,87a6bc9a36d47185c1a611204871a126d0dc435e77e338a4c400a982c4563631,3568190,H_bag,ACTION_CHANGED_HORIZON_COMPLETE,true,,true,true,true,HARMFUL,80.09999999999127,[26399],,,I3|BODY|NO_DIVERGENCE|HIGH,170143,958,0.005630557824888476,177.60229645093946
55466c0074d0a27b6bbba15494a0d9b044a29e70d894e7f799c0fd5fd77a8485:H_bag,55466c0074d0a27b6bbba15494a0d9b044a29e70d894e7f799c0fd5fd77a8485,I3,d3163f9d45c495587f845596e9a23c2cd7242ed50140181c7e72873e4628e6f2,3573016,H_bag,ACTION_CHANGED_HORIZON_COMPLETE,true,,true,true,true,HARMFUL,51.89999999999418,[29430],,,I3|BODY|NO_DIVERGENCE|HIGH,170143,958,0.005630557824888476,177.60229645093946
56ba322b2dfcebfe4d6299be6fc81121231749ba55b8165a999305859c47faa2:H_system,56ba322b2dfcebfe4d6299be6fc81121231749ba55b8165a999305859c47faa2,I3,8cddc0118d6dd71129ea30f8b30c22f38a6a0cecb8cb2b3fcb897314ce2e20d3,3574207,H_system,ACTION_CHANGED_HORIZON_COMPLETE,true,,true,true,true,HARMFUL,0.0017338256542132058,[27362],[27362],[],I3|BODY|NO_DIVERGENCE|HIGH,170143,958,0.005630557824888476,177.60229645093946
54da450796ce9840cee36c941efc91e15ee0f96add26c899e7e8197aee752c70:H_bag,54da450796ce9840cee36c941efc91e15ee0f96add26c899e7e8197aee752c70,I4,04d882566042bfa8be1ad0884eea5f74760ccbceeebac03f52a4f01e18e718bd,3575496,H_bag,ACTION_CHANGED_HORIZON_COMPLETE,true,,true,true,true,HARMFUL,0.6999999999970896,[27603],,,I4|BODY|NO_DIVERGENCE|HIGH,471856,945,0.0020027296463327794,499.31851851851854
a26f6c9e7adf3e60a411270eefdde0cf95bac8387d63078d1e16c22c22b6a352:H_bag,a26f6c9e7adf3e60a411270eefdde0cf95bac8387d63078d1e16c22c22b6a352,I3,e485466c86f603d8801e6c6f3dd17b9b922ec0f03ead8ac9e0bd06da58595fc4,3581476,H_bag,ACTION_CHANGED_HORIZON_COMPLETE,true,,true,true,true,BENEFICIAL,-5.199999999982538,[29457],,,I3|BODY|NO_DIVERGENCE|HIGH,170143,958,0.005630557824888476,177.60229645093946
57bf0dc87e84d03da03c80cd3e23a720f864b21a28a67e806b2224614c1f0d6a:H_bag,57bf0dc87e84d03da03c80cd3e23a720f864b21a28a67e806b2224614c1f0d6a,I3,5f08e2f68ad70d1e01bfb54cd9a6c473021525e2f990e825b8bd1e79a3a11be7,3581609,H_bag,ACTION_CHANGED_HORIZON_COMPLETE,true,,true,true,true,HARMFUL,55.6499999999869,[29469],,,I3|BODY|NO_DIVERGENCE|HIGH,170143,958,0.005630557824888476,177.60229645093946
46babde2846d654b40cced99fe7bbf0d73d77e8ffc2c439d54cf354c47d015fc:H_bag,46babde2846d654b40cced99fe7bbf0d73d77e8ffc2c439d54cf354c47d015fc,I4,b287718bdd1bfa991e3317672f10398106c3539214cf9a2a9ff6fb39d1e46e85,3596285,H_bag,ACTION_CHANGED_HORIZON_COMPLETE,true,,true,true,true,HARMFUL,0.5,[29605],,,I4|BODY|NO_DIVERGENCE|HIGH,471856,945,0.0020027296463327794,499.31851851851854
70a7ae1ebda2cd2ef3988921bc775f61838d8e964b585d3eb0c69a9359ef27db:H_bag,70a7ae1ebda2cd2ef3988921bc775f61838d8e964b585d3eb0c69a9359ef27db,I4,86dadffaf26bc6e052f3a474cf40fac8c943b780710f2199f33cde0b5b4cfab3,3597086,H_bag,ACTION_CHANGED_HORIZON_COMPLETE,true,,true,true,true,NEUTRAL_WITHIN_TOLERANCE,0.0,[29623],,,I4|BODY|NO_DIVERGENCE|HIGH,471856,945,0.0020027296463327794,499.31851851851854
f9a2eb9544b5beb5d301f740ad798a8db510bd79a745d76fc2f9c5f42d8ed605:H_bag,f9a2eb9544b5beb5d301f740ad798a8db510bd79a745d76fc2f9c5f42d8ed605,I4,99423cfe74c4f0e1d313330490696cf1f7f7c9899e7e8255d97485de899ee1bb,3598970,H_bag,ACTION_CHANGED_HORIZON_COMPLETE,true,,true,true,true,HARMFUL,1.0,[29652],,,I4|TAIL|NO_DIVERGENCE|HIGH,13582,67,0.004932999558238846,202.71641791044775
bfdc07ec2e898851a2a2380b9b7776a83e2ae0a7acc3d9508b53e71cf998da88:H_bag,bfdc07ec2e898851a2a2380b9b7776a83e2ae0a7acc3d9508b53e71cf998da88,I4,1bcc8b5c2c3046fc5f525fce85f246e10a250d0f19494d4643b57584e232466a,3599264,H_bag,ACTION_CHANGED_HORIZON_COMPLETE,true,,true,true,true,NEUTRAL_WITHIN_TOLERANCE,0.0,[25800],,,I4|BODY|NO_DIVERGENCE|HIGH,471856,945,0.0020027296463327794,499.31851851851854
dbf2272320caa7f200bfcbc3432c36e982ebb533538dbb2d773cf1c521e71a10:H_bag,dbf2272320caa7f200bfcbc3432c36e982ebb533538dbb2d773cf1c521e71a10,I4,7f93880c48fb6b9b840a3c3683c052feea788284f545e645ae0e78bc45f9976d,3601689,H_bag,ACTION_CHANGED_HORIZON_COMPLETE,true,,true,true,true,NEUTRAL_WITHIN_TOLERANCE,0.0,[29676],,,I4|BODY|NO_DIVERGENCE|HIGH,471856,945,0.0020027296463327794,499.31851851851854
fdea5ba0fc8afd509189eddc13bcf0b9af35ce94cda3d7d388547f2ea98809c2:H_bag,fdea5ba0fc8afd509189eddc13bcf0b9af35ce94cda3d7d388547f2ea98809c2,I3,66ac46731189ddd41200af74b6e4bf060fac8c7177117e9771f19d23e43be0b7,3601912,H_bag,ACTION_CHANGED_HORIZON_COMPLETE,true,,true,true,true,HARMFUL,24.049999999995634,[27838],,,I3|BODY|NO_DIVERGENCE|HIGH,170143,958,0.005630557824888476,177.60229645093946
4555ae9876128d6889db412cc33a1616b28f00bf6eb05c386c4cc7bbeffd2508:H_bag,4555ae9876128d6889db412cc33a1616b28f00bf6eb05c386c4cc7bbeffd2508,I4,5f40b10ea6fdac82e5582ae0d5187450873bdccefb200c6b2b6dc4a88d48b4c6,3605843,H_bag,ACTION_CHANGED_HORIZON_COMPLETE,true,,true,true,true,HARMFUL,0.1869400000141468,[29669],,,I4|BODY|NO_DIVERGENCE|HIGH,471856,945,0.0020027296463327794,499.31851851851854
7a1ddace5e033b16f5d55809519f50c03ce1e80a0205b0b1debdb242e0b2249b:H_bag,7a1ddace5e033b16f5d55809519f50c03ce1e80a0205b0b1debdb242e0b2249b,I3,301dcaa9862cf95d56a566888c6d905b39af29fdc1bf96b8754074496dce4b66,3614960,H_bag,ACTION_CHANGED_HORIZON_COMPLETE,true,,true,true,true,BENEFICIAL,-157.67512999998144,[29824],,,I3|TAIL|NO_DIVERGENCE|HIGH,4196,58,0.013822688274547188,72.34482758620689
70d38794676d9e656c741cc39c6d29640b2a9b0107bfe8ab1b9ac6bafb28b8ea:H_bag,70d38794676d9e656c741cc39c6d29640b2a9b0107bfe8ab1b9ac6bafb28b8ea,I4,08264e3c26b59add09cc6fcdbe53f04768ba399553c0d9a49ac514f32ccbc232,3619181,H_bag,ACTION_CHANGED_HORIZON_COMPLETE,true,,true,true,true,HARMFUL,0.7557300000116811,[29868],,,I4|BODY|NO_DIVERGENCE|HIGH,471856,945,0.0020027296463327794,499.31851851851854
963ac09d5c6d22b6e33ad4720d589645b4c6cfc0f6e831c6942aa912ba0151da:H_bag,963ac09d5c6d22b6e33ad4720d589645b4c6cfc0f6e831c6942aa912ba0151da,I4,85806018de857ff6ac4aed9e7ea0a55bb1d8a41c04c3dd57da66566131ec831f,3627792,H_bag,ACTION_CHANGED_HORIZON_COMPLETE,true,,true,true,true,HARMFUL,0.5,[29979],,,I4|BODY|NO_DIVERGENCE|HIGH,471856,945,0.0020027296463327794,499.31851851851854
32e8a3b8e159c5fc1fc88ea7b36335c30a62bf33ff6014588309aba702c904cd:H_bag,32e8a3b8e159c5fc1fc88ea7b36335c30a62bf33ff6014588309aba702c904cd,I4,9464ef8bcac151522a21e46b22b01988695466bd8aba619ba07d56b0967b0806,3627913,H_bag,ACTION_CHANGED_HORIZON_COMPLETE,true,,true,true,true,HARMFUL,0.5999999999985448,[29989],,,I4|BODY|NO_DIVERGENCE|HIGH,471856,945,0.0020027296463327794,499.31851851851854
258286c8f5a8bc2c6db045da13c0c437dca89b9709e0a8cdb793c0adb02d5823:H_system,258286c8f5a8bc2c6db045da13c0c437dca89b9709e0a8cdb793c0adb02d5823,I4,7f9aa3e03173cb8940fee5d67c3e6bf8162c7564acb953792852eb68b4098837,3630962,H_system,ACTION_CHANGED_HORIZON_COMPLETE,true,,true,true,true,HARMFUL,2.2934201780344665e-05,[29934],"[29859,29934]",[29859],I4|BODY|NO_DIVERGENCE|HIGH,471856,945,0.0020027296463327794,499.31851851851854
537ebf1e1dc102d37e154906ee4b078a280dc0bd11455d2b3f94fff7e01839b9:H_bag,537ebf1e1dc102d37e154906ee4b078a280dc0bd11455d2b3f94fff7e01839b9,I4,2cdcb3eadc26f01896a544bfda52aa219d72cd5834adbb9efb80d57707f88183,3632890,H_bag,ACTION_CHANGED_HORIZON_COMPLETE,true,,true,true,true,NEUTRAL_WITHIN_TOLERANCE,0.0,[26152],,,I4|BODY|NO_DIVERGENCE|HIGH,471856,945,0.0020027296463327794,499.31851851851854
04744502024d43703876790472a801727af2859feae7e54ca149f3a256bc38dc:H_bag,04744502024d43703876790472a801727af2859feae7e54ca149f3a256bc38dc,I4,9d22ad6edcef6920cd9a36418f42862482ab1c5eec2e9e40074a2edab28ec1b0,3637125,H_bag,ACTION_CHANGED_HORIZON_COMPLETE,true,,true,true,true,HARMFUL,0.3334499999982654,[30048],,,I4|BODY|NO_DIVERGENCE|HIGH,471856,945,0.0020027296463327794,499.31851851851854
eb9dc498ab355ca05c09953bb184bd8a7c306f217feb39527492470279376355:H_bag,eb9dc498ab355ca05c09953bb184bd8a7c306f217feb39527492470279376355,I3,fc68ef6ef72f4a76d19dd6fdaad1953faac137db0a82f0545d74c6840ddfa19f,3640427,H_bag,ACTION_CHANGED_HORIZON_COMPLETE,true,,true,true,true,HARMFUL,25.400000000001455,[28648],,,I3|BODY|NO_DIVERGENCE|HIGH,170143,958,0.005630557824888476,177.60229645093946
5e63470b3005c773cf720e75cbb8c24c063f8889c9e6fa509c99f0357863b453:H_system,5e63470b3005c773cf720e75cbb8c24c063f8889c9e6fa509c99f0357863b453,I3,728bd4f88891cfbe3cfd3cb85a5160eaf7f51200c88b0b2ccc3048248071994d,3640974,H_system,ACTION_CHANGED_HORIZON_COMPLETE,true,,true,true,true,HARMFUL,0.0014941632456100251,[30085],"[30085,30116]",[30116],I3|BODY|NO_DIVERGENCE|HIGH,170143,958,0.005630557824888476,177.60229645093946
12d3de9f5c7d7a8f11f64000c8f8a9d790a98a6ea6732a503fa79243a12d651b:H_bag,12d3de9f5c7d7a8f11f64000c8f8a9d790a98a6ea6732a503fa79243a12d651b,I3,2accd85214ae1fe8c2b9a0dc00be5cb35f0a4fbe7b16e2570fecfd1bda79aa9a,3641713,H_bag,ACTION_CHANGED_HORIZON_COMPLETE,true,,true,true,true,HARMFUL,76.39999999999418,[30085],,,I3|BODY|NO_DIVERGENCE|HIGH,170143,958,0.005630557824888476,177.60229645093946
0734f2af0eb75c43689836999f8e82d93e6f86cf1cc4388e42d2b9a40de6759f:H_bag,0734f2af0eb75c43689836999f8e82d93e6f86cf1cc4388e42d2b9a40de6759f,I4,ab46d85fd2d20f5b4067a0764b2d10700db942615ee72da5c0c26ca2793d4c76,3641976,H_bag,ACTION_CHANGED_HORIZON_COMPLETE,true,,true,true,true,HARMFUL,0.000999999996565748,[30108],,,I4|BODY|NO_DIVERGENCE|HIGH,471856,945,0.0020027296463327794,499.31851851851854
33360ed4d094096ae9989472eeb588b05237e628e3949494b612c7262194134a:H_bag,33360ed4d094096ae9989472eeb588b05237e628e3949494b612c7262194134a,I4,e5d866040460ca9d4ec499dcae46af7f6b88bbfac13856b37abe174f6023abf3,3643770,H_bag,ACTION_CHANGED_HORIZON_COMPLETE,true,,true,true,true,HARMFUL,1.0,[30125],,,I4|BODY|NO_DIVERGENCE|HIGH,471856,945,0.0020027296463327794,499.31851851851854
b5a7ff2e043ea3c13e84ceb1f1f8d2c1bdc60ea3ac54e243e3586df3d1b39b83:H_bag,b5a7ff2e043ea3c13e84ceb1f1f8d2c1bdc60ea3ac54e243e3586df3d1b39b83,I3,aa25fec7b89ee29d3b88151ea64e98a770fa66a9fdc9161c2b1cb665143b66df,3644999,H_bag,ACTION_CHANGED_HORIZON_COMPLETE,true,,true,true,true,HARMFUL,76.34999999999127,[30126],,,I3|BODY|NO_DIVERGENCE|HIGH,170143,958,0.005630557824888476,177.60229645093946
25e9e4c417d9732f44c1dd22f79f04cd31b9cef151738d5691a74e38b0a2b684:H_bag,25e9e4c417d9732f44c1dd22f79f04cd31b9cef151738d5691a74e38b0a2b684,I4,b088ade8ef7798e6cf4dfed70635ad91a4ba0d09db5b1d3d92ef518c5f0fd12a,3646150,H_bag,ACTION_CHANGED_HORIZON_COMPLETE,true,,true,true,true,HARMFUL,1.0,[30136],,,I4|BODY|NO_DIVERGENCE|HIGH,471856,945,0.0020027296463327794,499.31851851851854
931d75ab20abd3a5b286ed61ab3af2c1fbfe2a56251abd5ae5222ec50499c4c2:H_bag,931d75ab20abd3a5b286ed61ab3af2c1fbfe2a56251abd5ae5222ec50499c4c2,I3,42e1da6ad54076a914908141974d76a8073000e70a9bc6c1a6018060e786fe9f,3649853,H_bag,ACTION_CHANGED_HORIZON_COMPLETE,true,,true,true,true,HARMFUL,24.799999999995634,[26295],,,I3|BODY|NO_DIVERGENCE|HIGH,170143,958,0.005630557824888476,177.60229645093946
a5095fa288369a9dcead5b0a90354bf412070dd2bbe259b31a6e315ad546f9f9:H_bag,a5095fa288369a9dcead5b0a90354bf412070dd2bbe259b31a6e315ad546f9f9,I4,28f630502da53712e348c08835c40d445e0cdd5e4ad8eec5f5a81872aaf029cb,3656758,H_bag,ACTION_CHANGED_HORIZON_COMPLETE,true,,true,true,true,HARMFUL,1.0,[30189],,,I4|BODY|NO_DIVERGENCE|HIGH,471856,945,0.0020027296463327794,499.31851851851854
bb2f644a55fb074ea3dcba9b42eb23a9d3962f67da08e25df3273f69c203d008:H_bag,bb2f644a55fb074ea3dcba9b42eb23a9d3962f67da08e25df3273f69c203d008,I3,2cd37264c094eb14943f57728389254a53068bc395f02d119ec827ebee4fd48d,3660363,H_bag,ACTION_CHANGED_HORIZON_COMPLETE,true,,true,true,true,HARMFUL,15.108709999993152,[30263],,,I3|BODY|DIVERGENCE|HIGH,10032,56,0.005582137161084529,179.14285714285714
201df97f790ed46e3211e9d9af215db0b1c783ed48403f9722cab858af3b0118:H_bag,201df97f790ed46e3211e9d9af215db0b1c783ed48403f9722cab858af3b0118,I4,6813400c0d97f9b3ffc4183b9283b2042a8eb1b7056fdad175bd2a6de47088ae,3661397,H_bag,ACTION_CHANGED_HORIZON_COMPLETE,true,,true,true,true,BENEFICIAL,-5.8224800000025425,[30223],,,I4|BODY|NO_DIVERGENCE|HIGH,471856,945,0.0020027296463327794,499.31851851851854
72f7f8b3781fb21d430f86b559f53b002e5d3522f1821110ddb528135d666cdd:H_bag,72f7f8b3781fb21d430f86b559f53b002e5d3522f1821110ddb528135d666cdd,I3,35d0f5ab4ebae2e193948124d189f57c05dd489d66fa37829653008c6c28d3ad,3663575,H_bag,ACTION_CHANGED_HORIZON_COMPLETE,true,,true,true,true,HARMFUL,103.28957999998966,[30241],,,I3|BODY|NO_DIVERGENCE|HIGH,170143,958,0.005630557824888476,177.60229645093946
8f1c828d300a7a8c26caa0559c465e83f0b77834697f6c8c8fa2563fbc5e38b3:H_bag,8f1c828d300a7a8c26caa0559c465e83f0b77834697f6c8c8fa2563fbc5e38b3,I3,af9846252399ae86592ff773ff1f6e71a5983da348bfc05356abe59a5964ea7c,3664484,H_bag,ACTION_CHANGED_HORIZON_COMPLETE,true,,true,true,true,HARMFUL,77.241909999997,[30266],,,I3|BODY|NO_DIVERGENCE|HIGH,170143,958,0.005630557824888476,177.60229645093946
039f28e12e824c91cdf04799e2a3292e6223979764f7a188e6edd5a214cb08dd:H_bag,039f28e12e824c91cdf04799e2a3292e6223979764f7a188e6edd5a214cb08dd,I3,f4cbe0c7d0f05de7fe89a0b5e75f17640d9e0ed5559289dc3094caf4adbcdc7e,3669632,H_bag,ACTION_CHANGED_HORIZON_COMPLETE,true,,true,true,true,HARMFUL,75.84999999999127,[30211],,,I3|BODY|NO_DIVERGENCE|HIGH,170143,958,0.005630557824888476,177.60229645093946
0f34d618f04ba23bb6f54661633057c6265df935246dd3c9216e4cb1fd9192ce:H_system,0f34d618f04ba23bb6f54661633057c6265df935246dd3c9216e4cb1fd9192ce,I4,5e817988f10d17dbf89cec274fe52e06a329bb93e47f1c267f4733f78eeb55da,3670666,H_system,ACTION_CHANGED_HORIZON_COMPLETE,true,,true,true,true,NEUTRAL_WITHIN_TOLERANCE,0.0,[30340],[30340],[],I4|BODY|NO_DIVERGENCE|HIGH,471856,945,0.0020027296463327794,499.31851851851854
5505f0dc410b228f1fbe9b0c479987b2a591c7f8c27d3afe7d35347046e07663:H_bag,5505f0dc410b228f1fbe9b0c479987b2a591c7f8c27d3afe7d35347046e07663,I3,0664473f2fbfdbc6284f5cc5d92bbb9ee63e7a337648ac6013daba8b0625b006,3672072,H_bag,ACTION_CHANGED_HORIZON_COMPLETE,true,,true,true,true,HARMFUL,58.249999999992724,[30358],,,I3|BODY|NO_DIVERGENCE|HIGH,170143,958,0.005630557824888476,177.60229645093946
25c13d7841c0813f1e4cb3cddc616ab07d28695286a8731825b4658579f06464:H_bag,25c13d7841c0813f1e4cb3cddc616ab07d28695286a8731825b4658579f06464,I3,9088dba9805d6ffb98f48604d6deb2a67fae9106250065cf664dbcdf3423caa7,3675705,H_bag,ACTION_CHANGED_HORIZON_COMPLETE,true,,true,true,true,HARMFUL,31.199999999989814,[30386],,,I3|BODY|NO_DIVERGENCE|HIGH,170143,958,0.005630557824888476,177.60229645093946
f217b5a12315688c0889e825d442099694e6ffef49e068934deee87cf2a58737:H_system,f217b5a12315688c0889e825d442099694e6ffef49e068934deee87cf2a58737,I4,66b4805e788d82714fb3862a72585b42efb624c5d16a64e83069fb1a622ce137,3675803,H_system,ACTION_CHANGED_HORIZON_COMPLETE,true,,true,true,true,HARMFUL,1.1467100875961478e-05,[30261],"[30261,30292]",[30292],I4|BODY|NO_DIVERGENCE|HIGH,471856,945,0.0020027296463327794,499.31851851851854
5f20320fec844d8cda03608b26cfb8cf9b154322f4dae470645ab059a9825821:H_bag,5f20320fec844d8cda03608b26cfb8cf9b154322f4dae470645ab059a9825821,I3,529a87f4adef82f9ada175ae7f2c5581df6c697a96ee9847ce09daeedb8330e0,3677619,H_bag,ACTION_CHANGED_HORIZON_COMPLETE,true,,true,true,true,HARMFUL,22.299999999995634,[26499],,,I3|BODY|NO_DIVERGENCE|HIGH,170143,958,0.005630557824888476,177.60229645093946
85c78ce5a6230958f14d25ac7e8eac37bc3e81abf90248d62e433de7302ebfdc:H_bag,85c78ce5a6230958f14d25ac7e8eac37bc3e81abf90248d62e433de7302ebfdc,I3,2c8890f79f6c2c7272f1d6ac87374b3888ddfeeab833047312e4bb58e71863db,3679530,H_bag,ACTION_CHANGED_HORIZON_COMPLETE,true,,true,true,true,HARMFUL,23.049999999995634,[26800],,,I3|BODY|NO_DIVERGENCE|HIGH,170143,958,0.005630557824888476,177.60229645093946
66998ed9b73c7266d3a2cd4774865551960adb6c32a77b94b154397b77cf5f3a:H_bag,66998ed9b73c7266d3a2cd4774865551960adb6c32a77b94b154397b77cf5f3a,I4,c12505cfee58e4cde9d9a6fcf68d17dba0e3956c01337c28b508fa26c0b590e0,3679871,H_bag,ACTION_CHANGED_HORIZON_COMPLETE,true,,true,true,true,NEUTRAL_WITHIN_TOLERANCE,0.0,[30383],,,I4|TAIL|NO_DIVERGENCE|HIGH,13582,67,0.004932999558238846,202.71641791044775
3c87bed2fb0371d51e1fb0f0500f6c38dbf2a7e918df029c0474df6c61a79cb1:H_bag,3c87bed2fb0371d51e1fb0f0500f6c38dbf2a7e918df029c0474df6c61a79cb1,I4,b388c3d2e5cca86697a05ee1e32ee30daff1e538a8513c4dce26154491f9b4d9,3679974,H_bag,ACTION_CHANGED_HORIZON_COMPLETE,true,,true,true,true,HARMFUL,1.0,[30399],,,I4|BODY|NO_DIVERGENCE|HIGH,471856,945,0.0020027296463327794,499.31851851851854
c1d4634e26a70399922f0ef3f1df4d367dc0eb822e39dd9907dd7c37a8f434c9:H_bag,c1d4634e26a70399922f0ef3f1df4d367dc0eb822e39dd9907dd7c37a8f434c9,I3,25a00fa04bb1f7b00eeb54ad2908b6a61170b0ff1ae7342b8b37a43f1e7e4f92,3680607,H_bag,ACTION_CHANGED_HORIZON_COMPLETE,true,,true,true,true,HARMFUL,23.799999999995634,[27728],,,I3|BODY|NO_DIVERGENCE|HIGH,170143,958,0.005630557824888476,177.60229645093946
6d19f5cbe6f1476999407b85ab0f082befe8b24a39408a101543ed82a025f211:H_bag,6d19f5cbe6f1476999407b85ab0f082befe8b24a39408a101543ed82a025f211,I3,09ad0644c8dae8e74d4a0ea190bfc7b06d3474a2e2ba4b187cda0c94930df908,3683228,H_bag,ACTION_CHANGED_HORIZON_COMPLETE,true,,true,true,true,HARMFUL,24.299999999995634,[28375],,,I3|BODY|DIVERGENCE|HIGH,10032,56,0.005582137161084529,179.14285714285714
82fbb58a45e813b517e09eef71f2b9f60ff6831e392507f7bf29a45d187624a6:H_bag,82fbb58a45e813b517e09eef71f2b9f60ff6831e392507f7bf29a45d187624a6,I3,7cd3addbc405df5403c13c384a95687f0f73f6f18a1eb5d7cbb7b4c947b0fc58,3690150,H_bag,ACTION_CHANGED_HORIZON_COMPLETE,true,,true,true,true,HARMFUL,54.400000000001455,[30441],,,I3|BODY|DIVERGENCE|HIGH,10032,56,0.005582137161084529,179.14285714285714
099287e454aadf5ec570fd37707d0a99fff28233c433ed944077cbaab78fcec2:H_bag,099287e454aadf5ec570fd37707d0a99fff28233c433ed944077cbaab78fcec2,I3,2b14f5622aff9ce6caf3cd2de67b73ddac3606e6d59619779e112df8e66a30f2,3692587,H_bag,ACTION_CHANGED_HORIZON_COMPLETE,true,,true,true,true,HARMFUL,22.85000000000582,[30473],,,I3|BODY|NO_DIVERGENCE|HIGH,170143,958,0.005630557824888476,177.60229645093946
6ff1693469886984c34b63bda6a87f79367748d69fe3f5a57551fad16431b99b:H_bag,6ff1693469886984c34b63bda6a87f79367748d69fe3f5a57551fad16431b99b,I3,33b187da0b140f20e40cd165201493db0d142f8d613e4429bf6a25ae841621ed,3698971,H_bag,ACTION_CHANGED_HORIZON_COMPLETE,true,,true,true,true,HARMFUL,51.549999999995634,[27943],,,I3|BODY|NO_DIVERGENCE|HIGH,170143,958,0.005630557824888476,177.60229645093946
01c8b30f75c2fcddf09bdce5fa394f7d90198090f73461f98814ca39e4cb2d4e:H_bag,01c8b30f75c2fcddf09bdce5fa394f7d90198090f73461f98814ca39e4cb2d4e,I3,0d0f386bb82f4b62dd73f81f5bb6f0a0a00206bbebbdbf3cb1c0773e6a8d36bd,3708469,H_bag,ACTION_CHANGED_HORIZON_COMPLETE,true,,true,true,true,HARMFUL,76.34999999999127,[30579],,,I3|BODY|NO_DIVERGENCE|HIGH,170143,958,0.005630557824888476,177.60229645093946
0ac6e8d49811d0ae444340fc32cb395739bf516e7ba4bedd65fbcf383a3ad1c0:H_bag,0ac6e8d49811d0ae444340fc32cb395739bf516e7ba4bedd65fbcf383a3ad1c0,I4,821b42f89b86f7f7cdf8a37c251ddd885698d31377b756b06ef52b3b81713cf7,3708567,H_bag,ACTION_CHANGED_HORIZON_COMPLETE,true,,true,true,true,HARMFUL,0.000999999996565748,[30653],,,I4|BODY|NO_DIVERGENCE|HIGH,471856,945,0.0020027296463327794,499.31851851851854
a96d8a092c1d13d7640ba22c4a4b51be881e05222f57a70cac2f69c7332e9e12:H_bag,a96d8a092c1d13d7640ba22c4a4b51be881e05222f57a70cac2f69c7332e9e12,I4,6f0391d96fbc1cd5dfc6dd2ce9a66478a44e83a6b385e079fe0f242403aaab33,3712432,H_bag,ACTION_CHANGED_HORIZON_COMPLETE,true,,true,true,true,HARMFUL,1.0,[30617],,,I4|BODY|DIVERGENCE|HIGH,30514,61,0.0019990823884118766,500.2295081967213
c76d5ea6a8b69de03ee2bafc60b16816f329cc12a3a8d3ff9e7db6d0a17736e5:H_bag,c76d5ea6a8b69de03ee2bafc60b16816f329cc12a3a8d3ff9e7db6d0a17736e5,I4,92a643e10cfba2fdf9fa980426890ced982e497b15484e9a3b01732483ca92fe,3712439,H_bag,ACTION_CHANGED_HORIZON_COMPLETE,true,,true,true,true,NEUTRAL_WITHIN_TOLERANCE,0.0,[30676],,,I4|BODY|NO_DIVERGENCE|HIGH,471856,945,0.0020027296463327794,499.31851851851854
5282fbaa2d133912647d45a2b6cf6cd26e11edfb32c508c2cbac1d44e3054471:H_system,5282fbaa2d133912647d45a2b6cf6cd26e11edfb32c508c2cbac1d44e3054471,I4,843d05241d28c377a083f36150c42c349d2b5c67fdd85d7d8dff3dd2bfe843d3,3714783,H_system,ACTION_CHANGED_HORIZON_COMPLETE,true,,true,true,true,BENEFICIAL,0.0,[30699],"[30698,30699]",[30698],I4|BODY|NO_DIVERGENCE|HIGH,471856,945,0.0020027296463327794,499.31851851851854
eeed2ce235818dfb3ab373bdc9b2eb109b45fb3c0ff9fbdd07d7a1b376b1dfff:H_bag,eeed2ce235818dfb3ab373bdc9b2eb109b45fb3c0ff9fbdd07d7a1b376b1dfff,I4,9055031bf14d9413d43f885f6cd865c8630a8cf3b671ab9ecb41e95e9bba4056,3721128,H_bag,ACTION_CHANGED_HORIZON_COMPLETE,true,,true,true,true,HARMFUL,1.0,[30698],,,I4|BODY|NO_DIVERGENCE|HIGH,471856,945,0.0020027296463327794,499.31851851851854
03f02c048b96fab4490e31c6433bffcc3ffddcea3d15c6ea50e64e2e80c14ed1:H_bag,03f02c048b96fab4490e31c6433bffcc3ffddcea3d15c6ea50e64e2e80c14ed1,I4,4da5041787c78714a04e0bfa326a6b232e935f1f09c09ae61e8b8371ca3fde1f,3723554,H_bag,ACTION_CHANGED_HORIZON_COMPLETE,true,,true,true,true,HARMFUL,0.75,[30660],,,I4|TAIL|NO_DIVERGENCE|HIGH,13582,67,0.004932999558238846,202.71641791044775
280e9d310d7d0ce89f4dbefab79c4f75da0b3973cde9ab6a8c78bf84c33ab11c:H_bag,280e9d310d7d0ce89f4dbefab79c4f75da0b3973cde9ab6a8c78bf84c33ab11c,I3,ae7f8b29c4bb5d6b33e35d393348ee84929b0c5f2cb54155371f3d224065a9e5,3724255,H_bag,ACTION_CHANGED_HORIZON_COMPLETE,true,,true,true,true,HARMFUL,24.799999999995634,[27086],,,I3|BODY|NO_DIVERGENCE|HIGH,170143,958,0.005630557824888476,177.60229645093946
bbfc028b1987fb9d079b07c3a7a3708a9281981280fef36a246a6c2085319dfa:H_bag,bbfc028b1987fb9d079b07c3a7a3708a9281981280fef36a246a6c2085319dfa,I3,c76ecf267daf5d948570e80fcb12e566bd4e4545378abfc1775393cd5a8b51d9,3727528,H_bag,ACTION_CHANGED_HORIZON_COMPLETE,true,,true,true,true,HARMFUL,75.59999999999127,[30760],,,I3|BODY|NO_DIVERGENCE|HIGH,170143,958,0.005630557824888476,177.60229645093946
b971d98f19f700fe701bdf68ac840add2b8c5b2c44dbd38d8dc90da28fbd4424:H_bag,b971d98f19f700fe701bdf68ac840add2b8c5b2c44dbd38d8dc90da28fbd4424,I4,a6cf710dafd7fdbcd064e20541cdfba650e41ca2577d10bb98736928469d02c7,3728692,H_bag,ACTION_CHANGED_HORIZON_COMPLETE,true,,true,true,true,HARMFUL,0.000999999996565748,[28758],,,I4|BODY|NO_DIVERGENCE|HIGH,471856,945,0.0020027296463327794,499.31851851851854
861a1638f2cb668da246a7e5836069fbc7f9243d9b04bbb171c853bdb2811a5f:H_bag,861a1638f2cb668da246a7e5836069fbc7f9243d9b04bbb171c853bdb2811a5f,I3,acf34f98b1efb88dbb9d2f38d4faa628aa5e3910612ce094070334703ee1a90d,3728908,H_bag,ACTION_CHANGED_HORIZON_COMPLETE,true,,true,true,true,HARMFUL,24.299999999995634,[28853],,,I3|BODY|NO_DIVERGENCE|HIGH,170143,958,0.005630557824888476,177.60229645093946
e9e04960cbbd715d055767c07d720bcb8ad8d0c0352e4382e028615dcdfa2537:H_bag,e9e04960cbbd715d055767c07d720bcb8ad8d0c0352e4382e028615dcdfa2537,I3,21bcfa9adb5881866b8b2e527699ddc101adea0296f8e68ad9fd837166059b41,3729387,H_bag,ACTION_CHANGED_HORIZON_COMPLETE,true,,true,true,true,HARMFUL,24.799999999995634,[29068],,,I3|BODY|NO_DIVERGENCE|HIGH,170143,958,0.005630557824888476,177.60229645093946
57d986918bd88ca8ea174c2722de7a7da31bd6444e3bd995dc9610ba5cecf9dc:H_bag,57d986918bd88ca8ea174c2722de7a7da31bd6444e3bd995dc9610ba5cecf9dc,I3,0b91407089d2e19eaf01164c59fcbb02a4ed89a7e8bfcef8294b2dabcc5b3172,3729495,H_bag,ACTION_CHANGED_HORIZON_COMPLETE,true,,true,true,true,HARMFUL,24.799999999995634,[29072],,,I3|BODY|NO_DIVERGENCE|HIGH,170143,958,0.005630557824888476,177.60229645093946
5482fe3537ce1fa70b589b2f18a53c9adcb73fb4fffcb6640699912e0c90459c:H_bag,5482fe3537ce1fa70b589b2f18a53c9adcb73fb4fffcb6640699912e0c90459c,I4,9250c6955374a056a82f0e63f79630ea0e653b1f20774354000c2cc05f3e1f1a,3730688,H_bag,ACTION_CHANGED_HORIZON_COMPLETE,true,,true,true,true,HARMFUL,0.5999999999985448,[29079],,,I4|BODY|NO_DIVERGENCE|HIGH,471856,945,0.0020027296463327794,499.31851851851854
ef01012d6995e48be4d1721d8e1d1d6494abdf24264480651804c87a24699482:H_bag,ef01012d6995e48be4d1721d8e1d1d6494abdf24264480651804c87a24699482,I4,f396d4797839399f039efce53796b145c96165838437e232f32bae912e73fde5,3730891,H_bag,ACTION_CHANGED_HORIZON_COMPLETE,true,,true,true,true,HARMFUL,0.8000000000029104,[28859],,,I4|BODY|NO_DIVERGENCE|HIGH,471856,945,0.0020027296463327794,499.31851851851854
04c67ce60888f4f952e960c53f15adf4ce1d789ed05a26bbb17b4688e73d0010:H_bag,04c67ce60888f4f952e960c53f15adf4ce1d789ed05a26bbb17b4688e73d0010,I3,d77e7bce3bc4f38040b04c52b7514f91e83c55f17e884a571c4af2734f4efa8d,3734569,H_bag,ACTION_CHANGED_HORIZON_COMPLETE,true,,true,true,true,HARMFUL,75.59999999999127,[30805],,,I3|BODY|NO_DIVERGENCE|HIGH,170143,958,0.005630557824888476,177.60229645093946
ce39465f3c21800bece92753f8af4618c7d663d90f2ed2263a1f081af8e49598:H_bag,ce39465f3c21800bece92753f8af4618c7d663d90f2ed2263a1f081af8e49598,I3,c725af9abc99797920a639010af5b4f6c367992dccb60e921c6c50bbec6bdb61,3747002,H_bag,ACTION_CHANGED_HORIZON_COMPLETE,true,,true,true,true,HARMFUL,24.049999999995634,[29309],,,I3|BODY|NO_DIVERGENCE|HIGH,170143,958,0.005630557824888476,177.60229645093946
8e58f543fc0d1b42417414a60316cf606c04f28465cb9748b12c4325fce476a8:H_bag,8e58f543fc0d1b42417414a60316cf606c04f28465cb9748b12c4325fce476a8,I4,de475db2f7297681a4eac766cdb4a718ef81ab5d6ac6446c43bea87984e2579f,3750063,H_bag,ACTION_CHANGED_HORIZON_COMPLETE,true,,true,true,true,HARMFUL,1.0,[30965],,,I4|BODY|NO_DIVERGENCE|HIGH,471856,945,0.0020027296463327794,499.31851851851854
34a0cecad9fc3ca563143ac2eabad2873b04f8e2a524108a1c891e687476b6de:H_bag,34a0cecad9fc3ca563143ac2eabad2873b04f8e2a524108a1c891e687476b6de,I3,9289eb9bef73956be8debce8cc49adc61b78a2c9f05be53f950e6656a0422fd0,3752037,H_bag,ACTION_CHANGED_HORIZON_COMPLETE,true,,true,true,true,BENEFICIAL,-39.67361999998684,[30985],,,I3|BODY|NO_DIVERGENCE|HIGH,170143,958,0.005630557824888476,177.60229645093946
d49738b0ee941d96421066ac99181f33591dff36ce44c3442de756f238dc4dc5:H_bag,d49738b0ee941d96421066ac99181f33591dff36ce44c3442de756f238dc4dc5,I3,ff5dd3f167a08fb6dd62a774752912e4e7b08fb68060f90833365c5b7050533a,3753831,H_bag,ACTION_CHANGED_HORIZON_COMPLETE,true,,true,true,true,BENEFICIAL,-15.544819999980973,[31033],,,I3|BODY|NO_DIVERGENCE|HIGH,170143,958,0.005630557824888476,177.60229645093946
7c98a00ac4ebe3084970af03cbe7e7a546d76b921fa2f58d311b5540cfc3adc7:H_bag,7c98a00ac4ebe3084970af03cbe7e7a546d76b921fa2f58d311b5540cfc3adc7,I3,5756dfc188e504177bf2d5b733f3a2e0c1d1376d798f344d3deb5138fc4a53e6,3754922,H_bag,ACTION_CHANGED_HORIZON_COMPLETE,true,,true,true,true,HARMFUL,33.0,[31026],,,I3|BODY|NO_DIVERGENCE|HIGH,170143,958,0.005630557824888476,177.60229645093946
e04aa46477cda807a9b003167489aee94aeed1ca5df69a3321f28df5fd10224d:H_bag,e04aa46477cda807a9b003167489aee94aeed1ca5df69a3321f28df5fd10224d,I3,faaef9ff7cf3065824ee64adf11a66e3dcb9a1d114bbea5a0082f484347d9394,3755921,H_bag,ACTION_CHANGED_HORIZON_COMPLETE,true,,true,true,true,HARMFUL,33.0,[31035],,,I3|BODY|NO_DIVERGENCE|HIGH,170143,958,0.005630557824888476,177.60229645093946
507202924178483842b08ab51f0fcd4f33aac740d50aa2357fd767c60c5d1555:H_bag,507202924178483842b08ab51f0fcd4f33aac740d50aa2357fd767c60c5d1555,I4,ab53e6fd99dcaa946c6fabeaa21ddb4140fab019946ba370bb555a11a6cd3a73,3759177,H_bag,ACTION_CHANGED_HORIZON_COMPLETE,true,,true,true,true,NEUTRAL_WITHIN_TOLERANCE,0.0,[31104],,,I4|BODY|NO_DIVERGENCE|HIGH,471856,945,0.0020027296463327794,499.31851851851854
24e1d520173d66768233825a102a493c4f41d5aa06b676b0ffacb9dc40db952c:H_bag,24e1d520173d66768233825a102a493c4f41d5aa06b676b0ffacb9dc40db952c,I3,a28237dd075377b9b6d5b40b8c5a698bc39dcf84726c23b906c87cd11c8326b6,3759810,H_bag,ACTION_CHANGED_HORIZON_COMPLETE,true,,true,true,true,HARMFUL,6.80000000000291,[31087],,,I3|BODY|NO_DIVERGENCE|HIGH,170143,958,0.005630557824888476,177.60229645093946
456a4ccb5cab2432ee01f43d37b58e5fca6b8e2f1cc0051537aaed5f9c5a1df0:H_bag,456a4ccb5cab2432ee01f43d37b58e5fca6b8e2f1cc0051537aaed5f9c5a1df0,I4,03dfd6a05936c2388c1f054c279407afa821493a1a5ab5f7b22ac7342828d04d,3759868,H_bag,ACTION_CHANGED_HORIZON_COMPLETE,true,,true,true,true,HARMFUL,1.0,[31012],,,I4|BODY|NO_DIVERGENCE|HIGH,471856,945,0.0020027296463327794,499.31851851851854
f511cd8d6e5e231bd47dc79e8d0f14433f6a8fe832d3ddf60ae1b70c36da9adc:H_bag,f511cd8d6e5e231bd47dc79e8d0f14433f6a8fe832d3ddf60ae1b70c36da9adc,I4,79e8d50cd4a2e66352eaf0cf1e51ba3d77e1820e9e6d3c2fac4944014fa2479b,3761453,H_bag,ACTION_CHANGED_HORIZON_COMPLETE,true,,true,true,true,HARMFUL,1.0,[31046],,,I4|BODY|NO_DIVERGENCE|HIGH,471856,945,0.0020027296463327794,499.31851851851854
7334c456cd8dd6b07a63cb9ac67d7d0ae21121c3cf7104fa74cc8d1ef976f7fa:H_system,7334c456cd8dd6b07a63cb9ac67d7d0ae21121c3cf7104fa74cc8d1ef976f7fa,I3,46acfd8e306c3df8aba10abf3c32d2e3ba5864a997c3a117bf362f4cfa24f798,3770534,H_system,ACTION_CHANGED_HORIZON_COMPLETE,true,,true,true,true,HARMFUL,-1.9494071466397145e-05,[27240],"[27240,27244,27266,27531,27876,28070,28092,28344,28403,28617,28630,28637,28878,28891,28895,28964,28976,29021,29025,29027,29045,29211,29322,29325,29328,29355,29357,29450,29471,29476,29480,29484,29497,29503,29608,31189]","[27244,27266,27531,27876,28070,28092,28344,28403,28617,28630,28637,28878,28891,28895,28964,28976,29021,29025,29027,29045,29211,29322,29325,29328,29355,29357,29450,29471,29476,29480,29484,29497,29503,29608,31189]",I3|BODY|NO_DIVERGENCE|HIGH,170143,958,0.005630557824888476,177.60229645093946
b2517863f8ad9fc62f1fc58bfc32d151cca9ed08bde6564e2063edf7c1960f46:H_system,b2517863f8ad9fc62f1fc58bfc32d151cca9ed08bde6564e2063edf7c1960f46,I3,c1f53dd37d93085a744d639ce982c9d19bca478ca17b8d108d2d98c07f661d99,3773782,H_system,ACTION_CHANGED_HORIZON_COMPLETE,true,,true,true,true,HARMFUL,0.0002706235809455393,[29211],"[29211,29322,29325,29328,29355,29357,29450,29471,29476,29480,29484,29497,29503,29608]","[29322,29325,29328,29355,29357,29450,29471,29476,29480,29484,29497,29503,29608]",I3|BODY|NO_DIVERGENCE|HIGH,170143,958,0.005630557824888476,177.60229645093946
c90de51650d80431da327b66400f9553aeeb53458595f66b6265e6fbf93757d8:H_system,c90de51650d80431da327b66400f9553aeeb53458595f66b6265e6fbf93757d8,I4,0bb73544e7cf38c2a92ec281ca3fca9cfb095ea48769f54c79923236595b3eb4,3773973,H_system,ACTION_CHANGED_HORIZON_COMPLETE,true,,true,true,true,NEUTRAL_WITHIN_TOLERANCE,0.0,[29325],[29325],[],I4|BODY|NO_DIVERGENCE|HIGH,471856,945,0.0020027296463327794,499.31851851851854
4b8660602b8fb2d89d9b7771a5d6be459d6977218bdde8d48bf42c4955a8aefc:H_bag,4b8660602b8fb2d89d9b7771a5d6be459d6977218bdde8d48bf42c4955a8aefc,I3,b27abed2d8f9b598344fdc51e34bef05cf7f8bda9dd07ce783c9e79ace48c24e,3774410,H_bag,ACTION_CHANGED_HORIZON_COMPLETE,true,,true,true,true,HARMFUL,24.799999999995634,[29357],,,I3|BODY|NO_DIVERGENCE|HIGH,170143,958,0.005630557824888476,177.60229645093946
c4512c8052d1c97fd1e5093fe3df838668bc3f470af115ca1c37f61861f14e3e:H_bag,c4512c8052d1c97fd1e5093fe3df838668bc3f470af115ca1c37f61861f14e3e,I4,aae39520f8db3a51298bd500cf133a0866459e6ac3a9d4582697a60e5162d650,3785714,H_bag,ACTION_CHANGED_HORIZON_COMPLETE,true,,true,true,true,HARMFUL,1.0,[31311],,,I4|BODY|NO_DIVERGENCE|HIGH,471856,945,0.0020027296463327794,499.31851851851854
89a151d7f06ca9f76a3c1d7bd2e255c75c0b5e865863ae6a6a01e6c0c61facd6:H_bag,89a151d7f06ca9f76a3c1d7bd2e255c75c0b5e865863ae6a6a01e6c0c61facd6,I3,589e2efa619f16cc0e26ce059f818d58905585e7950e526a7c10356993504e67,3785815,H_bag,ACTION_CHANGED_HORIZON_COMPLETE,true,,true,true,true,HARMFUL,8.55000000000291,[31323],,,I3|BODY|NO_DIVERGENCE|HIGH,170143,958,0.005630557824888476,177.60229645093946
943e1fb0d14e1f4cc344e4541ce82278c1b985be03da581b6891be0008d0af35:H_bag,943e1fb0d14e1f4cc344e4541ce82278c1b985be03da581b6891be0008d0af35,I3,df4e3469792269b4a49777f582b40e783af9b946bc506349ab0594e718b119dc,3785901,H_bag,ACTION_CHANGED_HORIZON_COMPLETE,true,,true,true,true,HARMFUL,75.59999999999127,[31305],,,I3|BODY|NO_DIVERGENCE|HIGH,170143,958,0.005630557824888476,177.60229645093946
bedb10a238e6beaf3d05ab740be488c021f5346d5ec42d076e07ad6b6dc05e85:H_bag,bedb10a238e6beaf3d05ab740be488c021f5346d5ec42d076e07ad6b6dc05e85,I3,d64face3dabab40017a16fda332f15e0df7083c43808dccc1b8bac784e5fe2a3,3791478,H_bag,ACTION_CHANGED_HORIZON_COMPLETE,true,,true,true,true,HARMFUL,54.150000000001455,[27443],,,I3|BODY|NO_DIVERGENCE|HIGH,170143,958,0.005630557824888476,177.60229645093946
e94daef6d2a70ad83e8328e361e353a7ec261f214bb0cba632221ebdf83da457:H_bag,e94daef6d2a70ad83e8328e361e353a7ec261f214bb0cba632221ebdf83da457,I4,e7263dd30c300696dd8ad7b05d51a52a6e2833b7adeb65cc8d100c0a90183516,3793454,H_bag,ACTION_CHANGED_HORIZON_COMPLETE,true,,true,true,true,HARMFUL,1.0,[27673],,,I4|TAIL|NO_DIVERGENCE|HIGH,13582,67,0.004932999558238846,202.71641791044775
ae108160873ac5a91922e79e5e6fcb27a6051f8b68375ea6551a3d57b0735821:H_bag,ae108160873ac5a91922e79e5e6fcb27a6051f8b68375ea6551a3d57b0735821,I4,330208b30e9c0e8e109ca0792bc8f5d3ed9666c8ab40c1318c2c957a9111f0a4,3793942,H_bag,ACTION_CHANGED_HORIZON_COMPLETE,true,,true,true,true,HARMFUL,0.5999999999985448,[28052],,,I4|BODY|NO_DIVERGENCE|HIGH,471856,945,0.0020027296463327794,499.31851851851854
dc1ccd64b306aadd6ff1a3fa14a5c249c3b01fd0960a5b0cc05d6f403ba10212:H_bag,dc1ccd64b306aadd6ff1a3fa14a5c249c3b01fd0960a5b0cc05d6f403ba10212,I4,3e3f8653b8348f9c745e7f404182e98f1ed13b3fbc017f2b64fb5b20225b7372,3796839,H_bag,ACTION_CHANGED_HORIZON_COMPLETE,true,,true,true,true,HARMFUL,1.0,[28797],,,I4|BODY|NO_DIVERGENCE|HIGH,471856,945,0.0020027296463327794,499.31851851851854
aeb934113257d8f8a58c834303b353b02997ec9ababdb9d9b23894c4be21c6a8:H_bag,aeb934113257d8f8a58c834303b353b02997ec9ababdb9d9b23894c4be21c6a8,I3,188eea53d330276343c680207a588a2b8edf158b36d1c2e87d6e1946f5aab964,3797471,H_bag,ACTION_CHANGED_HORIZON_COMPLETE,true,,true,true,true,HARMFUL,24.799999999995634,[29062],,,I3|BODY|NO_DIVERGENCE|HIGH,170143,958,0.005630557824888476,177.60229645093946
be51f14aff4ce688ecee849c77c9b95695392697e55ce3fd4369fdd768317b95:H_bag,be51f14aff4ce688ecee849c77c9b95695392697e55ce3fd4369fdd768317b95,I4,d39b373289147b5bf53f6e1f1df96565817a59d5d3fd2e956919b9a51c88f87c,3800498,H_bag,ACTION_CHANGED_HORIZON_COMPLETE,true,,true,true,true,NEUTRAL_WITHIN_TOLERANCE,0.0,[29384],,,I4|BODY|NO_DIVERGENCE|HIGH,471856,945,0.0020027296463327794,499.31851851851854
e06fcb7a4bb96c43f63893271cffae1ce7fb09e4b4562c80129f9f62945d8455:H_bag,e06fcb7a4bb96c43f63893271cffae1ce7fb09e4b4562c80129f9f62945d8455,I3,a79ce0cd53d0b4be72b29b9efa93a2edb22db09af29f593e65a4393c946605d5,3800748,H_bag,ACTION_CHANGED_HORIZON_COMPLETE,true,,true,true,true,HARMFUL,24.049999999995634,[29394],,,I3|BODY|NO_DIVERGENCE|HIGH,170143,958,0.005630557824888476,177.60229645093946
92f902e56353fb2068aa908686ebce2bd1711e4602f473940c44bda4720800c8:H_system,92f902e56353fb2068aa908686ebce2bd1711e4602f473940c44bda4720800c8,I3,e26b15013afd0c67028bbe2a8c2f1f921df7d418065984491ac1c1755dc4ff2b,3801207,H_system,ACTION_CHANGED_HORIZON_COMPLETE,true,,true,true,true,HARMFUL,0.0006123431874129892,[29407],"[29407,29409,29411,29413,29415,29423,29429,29432,29438,29440,29442,29446,29448,29580,29612,29614,29618,29622,29626,29633,29637,29644,29646,29649,29651,29655,29681,29683,29689,29692,29694,29696,29698,29707,29809,29816,29823,29829,29831,29835,29837,29839,29846,29848,29856,29864,29869,29871,29878,29880]","[29409,29411,29413,29415,29423,29429,29432,29438,29440,29442,29446,29448,29580,29612,29614,29618,29622,29626,29633,29637,29644,29646,29649,29651,29655,29681,29683,29689,29692,29694,29696,29698,29707,29809,29816,29823,29829,29831,29835,29837,29839,29846,29848,29856,29864,29869,29871,29878,29880]",I3|BODY|NO_DIVERGENCE|HIGH,170143,958,0.005630557824888476,177.60229645093946
78ea1086c9a86207621324b803977a946258090698011e2eccd1296c23a567d7:H_bag,78ea1086c9a86207621324b803977a946258090698011e2eccd1296c23a567d7,I4,81fec74abc226196b6a277011c97539d9e0f71765a68bb25b956994250e64a3e,3801375,H_bag,ACTION_CHANGED_HORIZON_COMPLETE,true,,true,true,true,HARMFUL,0.5999999999985448,[29367],,,I4|BODY|NO_DIVERGENCE|HIGH,471856,945,0.0020027296463327794,499.31851851851854
d79ea857f6c0d3e8a77b509ec0951307b3cf12c0ed1e0a6c52469cdb418fbf11:H_bag,d79ea857f6c0d3e8a77b509ec0951307b3cf12c0ed1e0a6c52469cdb418fbf11,I3,d052a0a663e526bac0a184728baa9e2212e9e1d9fb436ff3af08d793dc037522,3802749,H_bag,ACTION_CHANGED_HORIZON_COMPLETE,true,,true,true,true,HARMFUL,24.549999999995634,[29461],,,I3|BODY|NO_DIVERGENCE|HIGH,170143,958,0.005630557824888476,177.60229645093946
849a5bfb191ea1f726c1753d7a5201035d9adbee44ee90da41199741aacf2b15:H_bag,849a5bfb191ea1f726c1753d7a5201035d9adbee44ee90da41199741aacf2b15,I3,78563ec3c13f43ef3d1438bf432c37b1315a0663bc2e6e2c2a994983ed264e5d,3804875,H_bag,ACTION_CHANGED_HORIZON_COMPLETE,true,,true,true,true,HARMFUL,24.049999999995634,[29626],,,I3|BODY|NO_DIVERGENCE|HIGH,170143,958,0.005630557824888476,177.60229645093946
d8253e93a6a524948ebf0969e9b513b16a433769531acf3bfc1528e9597cff6d:H_bag,d8253e93a6a524948ebf0969e9b513b16a433769531acf3bfc1528e9597cff6d,I4,cadd4140208a67f88b7519c0ac0e6b7331bd5a0cc3b62a88277f431c2cf20845,3811056,H_bag,ACTION_CHANGED_HORIZON_COMPLETE,true,,true,true,true,NEUTRAL_WITHIN_TOLERANCE,0.0,[31433],,,I4|BODY|NO_DIVERGENCE|HIGH,471856,945,0.0020027296463327794,499.31851851851854
c0e9f9229959db024d8d99369a7552f898077d705d7c149d86e99294e43cc2a9:H_bag,c0e9f9229959db024d8d99369a7552f898077d705d7c149d86e99294e43cc2a9,I3,457bee8888ef8265b1516184956f52183865f82cd25951ba8cf54d7385cd006a,3811675,H_bag,ACTION_CHANGED_HORIZON_COMPLETE,true,,true,true,true,HARMFUL,24.299999999995634,[29891],,,I3|BODY|NO_DIVERGENCE|HIGH,170143,958,0.005630557824888476,177.60229645093946
3b14032aa140d14c95ea99fc03405acd6c580199305b19201161ff863a4fac83:H_system,3b14032aa140d14c95ea99fc03405acd6c580199305b19201161ff863a4fac83,I3,b7a212d152bfcb8ea060be38dfb861c95401e0b87242c59a994017d0731efa39,3814731,H_system,ACTION_CHANGED_HORIZON_COMPLETE,true,,true,true,true,HARMFUL,0.0026701343944068867,[29891],"[29891,31483,31492,31496,31501,31509,31511,31515,31538,31542,31545,31551]","[31483,31492,31496,31501,31509,31511,31515,31538,31542,31545,31551]",I3|BODY|NO_DIVERGENCE|HIGH,170143,958,0.005630557824888476,177.60229645093946
53db9a82da2079d6e88f68a75cc0cc1d164a69528fdec1bed795d8930710ecdc:H_bag,53db9a82da2079d6e88f68a75cc0cc1d164a69528fdec1bed795d8930710ecdc,I3,bf20757ae577ab61fa276e86f185a918c61960d8cd8b86100264d5cd1977389b,3816514,H_bag,ACTION_CHANGED_HORIZON_COMPLETE,true,,true,true,true,HARMFUL,86.36336999999185,[31416],,,I3|BODY|NO_DIVERGENCE|HIGH,170143,958,0.005630557824888476,177.60229645093946
3da760a4dc86a1b57f79c255188c2401b8a9b6d5c203af506059d4c4e0341e93:H_bag,3da760a4dc86a1b57f79c255188c2401b8a9b6d5c203af506059d4c4e0341e93,I3,5b3a600c13a45b52583b7701e752f3b4f65f12b860c2aefc755f030a2873b6b9,3817563,H_bag,ACTION_CHANGED_HORIZON_COMPLETE,true,,true,true,true,HARMFUL,24.049999999995634,[30007],,,I3|BODY|NO_DIVERGENCE|HIGH,170143,958,0.005630557824888476,177.60229645093946
98951b917cf9be56d05bd0b548c3df2c46de09517a4ef7c4cf1309f2341d9d63:H_bag,98951b917cf9be56d05bd0b548c3df2c46de09517a4ef7c4cf1309f2341d9d63,I3,791d97d7efc063654ba5b3d2843cbd089ce59a0c640638018c378be333ee8745,3818230,H_bag,ACTION_CHANGED_HORIZON_COMPLETE,true,,true,true,true,HARMFUL,51.400000000001455,[29970],,,I3|BODY|NO_DIVERGENCE|HIGH,170143,958,0.005630557824888476,177.60229645093946
7c27fc7acff75d684f5bb912730acb7e529755c877abd069552a24132bb7eb05:H_bag,7c27fc7acff75d684f5bb912730acb7e529755c877abd069552a24132bb7eb05,I4,0ca4de2e6a19877646eb33bda18c14dd451824f0407e297218e835e6592164e9,3819448,H_bag,ACTION_CHANGED_HORIZON_COMPLETE,true,,true,true,true,NEUTRAL_WITHIN_TOLERANCE,0.0,[31473],,,I4|BODY|NO_DIVERGENCE|HIGH,471856,945,0.0020027296463327794,499.31851851851854
c426d0a9377946bf9f7d2b57e4ffcd0579880f4441a71f892282068803357778:H_bag,c426d0a9377946bf9f7d2b57e4ffcd0579880f4441a71f892282068803357778,I3,01c296b0f4128a8d4f709c45c3e108780d0746984da730908264cf089c4af649,3822182,H_bag,ACTION_CHANGED_HORIZON_COMPLETE,true,,true,true,true,HARMFUL,72.13619999999355,[31470],,,I3|BODY|NO_DIVERGENCE|HIGH,170143,958,0.005630557824888476,177.60229645093946
6bac52b49efbcb65587b1b17e817eb5214930eaa52bbceb52e5b210c7448e388:H_system,6bac52b49efbcb65587b1b17e817eb5214930eaa52bbceb52e5b210c7448e388,I3,1cd7b8ef6c942659b8e55b2d17db012022aab1bb882e4e61cf9b60dcbf3c3dda,3827169,H_system,ACTION_CHANGED_HORIZON_COMPLETE,true,,true,true,true,HARMFUL,0.004429548654911741,[31572],"[28458,28635,28650,28704,28715,28717,28724,28733,28747,28777,28802,28824,28838,28871,28939,28943,28945,28996,29085,29152,29175,29178,29182,29204,29221,29225,29229,29238,29275,29279,29282,29284,29288,29361,29363,29373,29375,29386,29398,29419,29421,29427,29434,29436,29456,29511,29515,29521,29530,29564,29575,29616,29620,29624,29670,29677,29685,29713,29721,29723,29725,29727,29731,29805,29850,29852,29930,29944,29959,29962,29966,29972,29988,30028,30037,30042,30047,30054,30062,30070,30100,30102,30109,30111,30138,30140,30142,31572,31575,31597,31621,31628]","[28458,28635,28650,28704,28715,28717,28724,28733,28747,28777,28802,28824,28838,28871,28939,28943,28945,28996,29085,29152,29175,29178,29182,29204,29221,29225,29229,29238,29275,29279,29282,29284,29288,29361,29363,29373,29375,29386,29398,29419,29421,29427,29434,29436,29456,29511,29515,29521,29530,29564,29575,29616,29620,29624,29670,29677,29685,29713,29721,29723,29725,29727,29731,29805,29850,29852,29930,29944,29959,29962,29966,29972,29988,30028,30037,30042,30047,30054,30062,30070,30100,30102,30109,30111,30138,30140,30142,31575,31597,31621,31628]",I3|BODY|NO_DIVERGENCE|HIGH,170143,958,0.005630557824888476,177.60229645093946
3e3870a583add9ece2e7428db36f76047add5c6fde839a96981b2cc7648256e7:H_bag,3e3870a583add9ece2e7428db36f76047add5c6fde839a96981b2cc7648256e7,I3,d6f770aa5c87138221e81c6a86524b6db106ae0abfaedfdbfa1cb8d89e2ca7e6,3828515,H_bag,ACTION_CHANGED_HORIZON_COMPLETE,true,,true,true,true,HARMFUL,34.25,[31573],,,I3|BODY|NO_DIVERGENCE|HIGH,170143,958,0.005630557824888476,177.60229645093946
6e4a5852bb1cefc92180337527a902c58491ca0d1812ce7407d215cae6699443:H_bag,6e4a5852bb1cefc92180337527a902c58491ca0d1812ce7407d215cae6699443,I3,94182d35e2461577b33a3f96cec0a13be74589db244e99cf4c49b6e36bf9b7ea,3829402,H_bag,ACTION_CHANGED_HORIZON_COMPLETE,true,,true,true,true,HARMFUL,24.600000000013097,[31590],,,I3|BODY|NO_DIVERGENCE|HIGH,170143,958,0.005630557824888476,177.60229645093946
f3adfd4710ca8258326a75ebec1104cd6f69cbe65ea0b932fca94a41019e6c49:H_bag,f3adfd4710ca8258326a75ebec1104cd6f69cbe65ea0b932fca94a41019e6c49,I3,4883fd7822018be8499fbe8ea0648a354aeb5b5a292c6ee88f28a3f017d9b8c4,3830146,H_bag,ACTION_CHANGED_HORIZON_COMPLETE,true,,true,true,true,HARMFUL,24.799999999995634,[27575],,,I3|BODY|NO_DIVERGENCE|HIGH,170143,958,0.005630557824888476,177.60229645093946
63751eb4bb069ddfdd79a5718d555fd5606db191e35921e03a0c441a3914ca16:H_bag,63751eb4bb069ddfdd79a5718d555fd5606db191e35921e03a0c441a3914ca16,I3,7b9f5fe3be048c269d59e10310ccf78892acf5d752736f8b9c6e222d0cae0a82,3832605,H_bag,ACTION_CHANGED_HORIZON_COMPLETE,true,,true,true,true,HARMFUL,75.90655999998853,[31572],,,I3|BODY|NO_DIVERGENCE|HIGH,170143,958,0.005630557824888476,177.60229645093946
2b88c2b2d2107394a29fcf0c307800d226cb9739be4056af56346730cd7be7d7:H_system,2b88c2b2d2107394a29fcf0c307800d226cb9739be4056af56346730cd7be7d7,I3,5520d51bcf4cc17a14bc739c6bb8d5256e624e63a66bc093520754d1627a43f9,3836226,H_system,ACTION_CHANGED_HORIZON_COMPLETE,true,,true,true,true,HARMFUL,8.485654663559217e-05,[29221],"[29221,29225,29229,29238,29275,29279,29282,29284,29288,29361,29363,29373,29375,29386,29398,29419,29421,29427,29434,29436,29456,29511,29515,29521,29530,29564,29575,29616,29620,29624,29670,29677,29685,29713,29721,29723,29725,29727,29731,29805,29850,29852,29930,29944,29959,29962,29966,29972,29988,30028,30037,30042,30047,30054,30062,30070,30100,30102,30109,30111,30138,30140,30142,31620,31628,31631]","[29225,29229,29238,29275,29279,29282,29284,29288,29361,29363,29373,29375,29386,29398,29419,29421,29427,29434,29436,29456,29511,29515,29521,29530,29564,29575,29616,29620,29624,29670,29677,29685,29713,29721,29723,29725,29727,29731,29805,29850,29852,29930,29944,29959,29962,29966,29972,29988,30028,30037,30042,30047,30054,30062,30070,30100,30102,30109,30111,30138,30140,30142,31620,31628,31631]",I3|BODY|NO_DIVERGENCE|HIGH,170143,958,0.005630557824888476,177.60229645093946
2d3cf59de80a1504431a1231f33ba58eff6b36a19d0c0f67464f3a41d4d238da:H_bag,2d3cf59de80a1504431a1231f33ba58eff6b36a19d0c0f67464f3a41d4d238da,I3,9bf3edd633f5d8c2c86b8f8dcf2f509f21137f5a86bb0b6af1b0ba35eacefa54,3837932,H_bag,ACTION_CHANGED_HORIZON_COMPLETE,true,,true,true,true,HARMFUL,75.59999999999127,[31602],,,I3|BODY|NO_DIVERGENCE|HIGH,170143,958,0.005630557824888476,177.60229645093946
7567a1e6b92dfbaf16b36cdac02f4371eeb766d5081b9961867eabff4266acca:H_bag,7567a1e6b92dfbaf16b36cdac02f4371eeb766d5081b9961867eabff4266acca,I3,b70899755a81c05714ffcfe987be47857bbb823b4dbc8101fec93b0af88a9703,3846705,H_bag,ACTION_CHANGED_HORIZON_COMPLETE,true,,true,true,true,HARMFUL,31.199999999989814,[31673],,,I3|BODY|NO_DIVERGENCE|HIGH,170143,958,0.005630557824888476,177.60229645093946
67e696ad42e201c1a6ecd872cf0237c5243ed0d36f35a1e63fce47317944d406:H_bag,67e696ad42e201c1a6ecd872cf0237c5243ed0d36f35a1e63fce47317944d406,I4,4d23b864c105dae9c463ba19f4d5161c5c66ffef74726aa7643360059994081c,3852257,H_bag,ACTION_CHANGED_HORIZON_COMPLETE,true,,true,true,true,HARMFUL,0.011420000002544839,[31721],,,I4|BODY|NO_DIVERGENCE|HIGH,471856,945,0.0020027296463327794,499.31851851851854
e3d0a4a4c9328cb139bb95fe82e156aea5d18ed810326da5b15809770af3dead:H_bag,e3d0a4a4c9328cb139bb95fe82e156aea5d18ed810326da5b15809770af3dead,I4,93ad2178b6761618a9b8f0d6d1a4dcb42a8b9015eb529bc98f342b4ba1138598,3853800,H_bag,ACTION_CHANGED_HORIZON_COMPLETE,true,,true,true,true,HARMFUL,0.9000000000014552,[27511],,,I4|BODY|NO_DIVERGENCE|HIGH,471856,945,0.0020027296463327794,499.31851851851854
74f7fa12aef8275d593e55499ef3008c8a63601fc497a82a9f5a64538c0e15d6:H_bag,74f7fa12aef8275d593e55499ef3008c8a63601fc497a82a9f5a64538c0e15d6,I4,cf24652ed9ee160b437b2c4f0c171a1bddb3fc859e727cf32bcb22e808b0e8c2,3854959,H_bag,ACTION_CHANGED_HORIZON_COMPLETE,true,,true,true,true,HARMFUL,1.0,[28008],,,I4|BODY|NO_DIVERGENCE|HIGH,471856,945,0.0020027296463327794,499.31851851851854
1a7dfe7a5c163256d4a957cb4a98644d19cc4002c9e8822b940dbd4ef36f6dc9:H_system,1a7dfe7a5c163256d4a957cb4a98644d19cc4002c9e8822b940dbd4ef36f6dc9,I4,201f1d265b40054fb83393393af12cd5848ccb45bc7b26288a72bf0029fe5530,3857307,H_system,ACTION_CHANGED_HORIZON_COMPLETE,true,,true,true,true,HARMFUL,0.00013760521065364628,[29642],"[29642,29709,29765,29771,29777,29791]","[29709,29765,29771,29777,29791]",I4|BODY|NO_DIVERGENCE|HIGH,471856,945,0.0020027296463327794,499.31851851851854
7205ddf86f160a7c94c82238f6e9c585b178b6d8b06cc2e8cfb031894fd2b58f:H_bag,7205ddf86f160a7c94c82238f6e9c585b178b6d8b06cc2e8cfb031894fd2b58f,I3,3686cc1d67f94e1e929b3450af4be4818a42e8dc262f6f572ef1d5a08a46271b,3857394,H_bag,ACTION_CHANGED_HORIZON_COMPLETE,true,,true,true,true,HARMFUL,51.549999999995634,[30075],,,I3|BODY|NO_DIVERGENCE|HIGH,170143,958,0.005630557824888476,177.60229645093946
e42b29977be807263d215e95c9e308c305e03f562ce0b26671521805c2374915:H_bag,e42b29977be807263d215e95c9e308c305e03f562ce0b26671521805c2374915,I4,a1600ee1e548e6e1860e87fdff994a41ec6c26cda3fc697a5c2f5a91af48acee,3857465,H_bag,ACTION_CHANGED_HORIZON_COMPLETE,true,,true,true,true,NEUTRAL_WITHIN_TOLERANCE,0.0,[30081],,,I4|BODY|NO_DIVERGENCE|HIGH,471856,945,0.0020027296463327794,499.31851851851854
db0bef6606a8a18071ee3ea785550c1e10b953012509a798cde4b371e3a2460f:H_bag,db0bef6606a8a18071ee3ea785550c1e10b953012509a798cde4b371e3a2460f,I4,3aa6df8ec309d335b2f8be13eeeda87cd16dcc6f15918e7b546ec31b869486b3,3861192,H_bag,ACTION_CHANGED_HORIZON_COMPLETE,true,,true,true,true,NEUTRAL_WITHIN_TOLERANCE,0.0,[31789],,,I4|BODY|NO_DIVERGENCE|HIGH,471856,945,0.0020027296463327794,499.31851851851854
ba08d85c7fd6c71d8af1126128f1744740acb149343533792887d8d412f64ced:H_bag,ba08d85c7fd6c71d8af1126128f1744740acb149343533792887d8d412f64ced,I4,bceb2130f95215510695e94db2350781369148161dfd8b4914802c92848648eb,3863129,H_bag,ACTION_CHANGED_HORIZON_COMPLETE,true,,true,true,true,HARMFUL,0.5,[31831],,,I4|BODY|NO_DIVERGENCE|HIGH,471856,945,0.0020027296463327794,499.31851851851854
1c86076e6b608b53b7ace871b6be2e55c078fd0a7104e686a0e5dc1b37dfe077:H_bag,1c86076e6b608b53b7ace871b6be2e55c078fd0a7104e686a0e5dc1b37dfe077,I4,2547e7f9ae461aaaf60a8f670d8a7fca5243c8ac3f7299eddfe3d1515194b69a,3870450,H_bag,ACTION_CHANGED_HORIZON_COMPLETE,true,,true,true,true,HARMFUL,0.8938700000071549,[31822],,,I4|BODY|NO_DIVERGENCE|HIGH,471856,945,0.0020027296463327794,499.31851851851854
aebba3ba6fc5cbb032f3192d986566d2b82382154ae1cf457be717ab8b179437:H_system,aebba3ba6fc5cbb032f3192d986566d2b82382154ae1cf457be717ab8b179437,I3,4a2ba43a8d9f6a90af10d94255beb0ea19b2273b6f4c4864b15feffa818d2e0e,3871962,H_system,ACTION_CHANGED_HORIZON_COMPLETE,true,,true,true,true,HARMFUL,0.0020158704676305206,[31890],"[31890,31981,31985,31987,31994]","[31981,31985,31987,31994]",I3|BODY|NO_DIVERGENCE|HIGH,170143,958,0.005630557824888476,177.60229645093946
8cdb2004f8c3defd8782cb85bee6c0df4512d8921dc34110071446251c16c9e1:H_bag,8cdb2004f8c3defd8782cb85bee6c0df4512d8921dc34110071446251c16c9e1,I3,d29e89c2aa0e31a3c67c82f095725fb75e23dc26c81395922df5dfe663de9f2c,3875116,H_bag,ACTION_CHANGED_HORIZON_COMPLETE,true,,true,true,true,HARMFUL,75.59999999999127,[31913],,,I3|BODY|NO_DIVERGENCE|HIGH,170143,958,0.005630557824888476,177.60229645093946
d79a496036f75f7c48806c8ceddcbe041067b44e1638a13bf65c91ec5ef4c217:H_bag,d79a496036f75f7c48806c8ceddcbe041067b44e1638a13bf65c91ec5ef4c217,I3,34bdeb76dad9357a421603d477c6643c5912666ad28b347a67d1666e843aed46,3876040,H_bag,ACTION_CHANGED_HORIZON_COMPLETE,true,,true,true,true,HARMFUL,2.1999999999970896,[31966],,,I3|BODY|NO_DIVERGENCE|HIGH,170143,958,0.005630557824888476,177.60229645093946
31408bc38c0d539f48162ab9f7f6ad28b1181d4b7e4f138b60353632a234d37e:H_bag,31408bc38c0d539f48162ab9f7f6ad28b1181d4b7e4f138b60353632a234d37e,I4,533bb01bbcdda3f91b54cdaf4f98d0b95a9f61473232d09a8a5af4bdef366801,3879027,H_bag,ACTION_CHANGED_HORIZON_COMPLETE,true,,true,true,true,HARMFUL,0.000999999996565748,[32003],,,I4|BODY|NO_DIVERGENCE|HIGH,471856,945,0.0020027296463327794,499.31851851851854
3f59c1132d5dd7589e0cf4eb4f70cea73a12991a62a0494926fb738bcb2150a2:H_bag,3f59c1132d5dd7589e0cf4eb4f70cea73a12991a62a0494926fb738bcb2150a2,I3,146033b96c89885e0c6a5f704066ff9291f2ad36d6569b177d3993f6d70b280f,3879886,H_bag,ACTION_CHANGED_HORIZON_COMPLETE,true,,true,true,true,HARMFUL,24.600000000013097,[32005],,,I3|BODY|NO_DIVERGENCE|HIGH,170143,958,0.005630557824888476,177.60229645093946
a860b8daa829a8833676ddff36036148afbd1a6664cf2162653ef607e95aafea:H_bag,a860b8daa829a8833676ddff36036148afbd1a6664cf2162653ef607e95aafea,I4,0cb640c418e329b113856209a5e8253b45b56571ce5a429b147edd41e767b17d,3883947,H_bag,ACTION_CHANGED_HORIZON_COMPLETE,true,,true,true,true,HARMFUL,0.000999999996565748,[30526],,,I4|BODY|NO_DIVERGENCE|HIGH,471856,945,0.0020027296463327794,499.31851851851854
8c20a0c7fa006706251860ca514d5c9ccad0ade17e24320e4a10121b539986da:H_bag,8c20a0c7fa006706251860ca514d5c9ccad0ade17e24320e4a10121b539986da,I3,d466c5e6d06c5bf5bf94f218624bceab7cbddb3711db68898ffb87a8e7307d3b,3886391,H_bag,ACTION_CHANGED_HORIZON_COMPLETE,true,,true,true,true,HARMFUL,75.59999999999127,[32015],,,I3|BODY|NO_DIVERGENCE|HIGH,170143,958,0.005630557824888476,177.60229645093946
84f3eead6f24332afdd48f3e37eef42a3267bebb303766ba3a9612df998beff6:H_bag,84f3eead6f24332afdd48f3e37eef42a3267bebb303766ba3a9612df998beff6,I4,6be9a58a0358a5e5501a97e2b77c1898150624124b9cdf2bb0a37509a8516474,3888188,H_bag,ACTION_CHANGED_HORIZON_COMPLETE,true,,true,true,true,HARMFUL,0.75,[32055],,,I4|BODY|NO_DIVERGENCE|HIGH,471856,945,0.0020027296463327794,499.31851851851854
a4425bbe9ca9e1d042f669020c98e340b8831fcafc707355db7ccf25944041d8:H_bag,a4425bbe9ca9e1d042f669020c98e340b8831fcafc707355db7ccf25944041d8,I4,1c751caa4ea1b4b2fe70aef09fc8e571c175cb78082a494a49d57afa8058fb93,3898083,H_bag,ACTION_CHANGED_HORIZON_COMPLETE,true,,true,true,true,HARMFUL,0.5999999999985448,[29928],,,I4|BODY|NO_DIVERGENCE|HIGH,471856,945,0.0020027296463327794,499.31851851851854
b4e64e3eb5127120af1324f34b2a30993b670fbca36d6e083203cafa121ff68e:H_bag,b4e64e3eb5127120af1324f34b2a30993b670fbca36d6e083203cafa121ff68e,I3,982d3fe459db7749d7d59c9fa88cbd4e74e86caa59116a38f441a58761ec14c0,3898782,H_bag,ACTION_CHANGED_HORIZON_COMPLETE,true,,true,true,true,HARMFUL,25.400000000001455,[30365],,,I3|BODY|NO_DIVERGENCE|HIGH,170143,958,0.005630557824888476,177.60229645093946
c1dfec336dc5d930f7bf71659f1cc7277bb67f1543af1d01408f17c2ac5404a7:H_bag,c1dfec336dc5d930f7bf71659f1cc7277bb67f1543af1d01408f17c2ac5404a7,I3,fde0dce7cd42d33d5b2e026d5f2a78995ae00d21a8893bcad87d04f12f86f717,3902459,H_bag,ACTION_CHANGED_HORIZON_COMPLETE,true,,true,true,true,HARMFUL,88.54028999998263,[32218],,,I3|BODY|NO_DIVERGENCE|HIGH,170143,958,0.005630557824888476,177.60229645093946
623195392f9c137a0f8a7999ed90fa5faf3781efcba2478a5c32797773fde057:H_bag,623195392f9c137a0f8a7999ed90fa5faf3781efcba2478a5c32797773fde057,I3,26ab9ce77b54bff2a8d54a6ce17b7aeda30e091ab9873064e3b54f71506c79b9,3905885,H_bag,ACTION_CHANGED_HORIZON_COMPLETE,true,,true,true,true,HARMFUL,101.38463999998203,[32198],,,I3|BODY|NO_DIVERGENCE|HIGH,170143,958,0.005630557824888476,177.60229645093946
65389964c779fec897ed5bfe4ca7bcae97c5d21bd7fb4ad6c472b6149a0174f3:H_bag,65389964c779fec897ed5bfe4ca7bcae97c5d21bd7fb4ad6c472b6149a0174f3,I3,3e49295cb27ca0982741b88be8a0fcbc82083db54cc23e34d8db64ad1346ad72,3909313,H_bag,ACTION_CHANGED_HORIZON_COMPLETE,true,,true,true,true,HARMFUL,86.34987999997975,[32254],,,I3|BODY|NO_DIVERGENCE|HIGH,170143,958,0.005630557824888476,177.60229645093946
df1e670f19efb9c48cb51efa78c383e40d2e618a0a570254ba618110bdcd2552:H_system,df1e670f19efb9c48cb51efa78c383e40d2e618a0a570254ba618110bdcd2552,I4,1277e97aa4327b5bc0c3771172417ec0ecbeec60efa0d9d9400f8d2a0dbbd726,3912954,H_system,ACTION_CHANGED_HORIZON_COMPLETE,true,,true,true,true,HARMFUL,6.518244154563035e-05,[32358],"[32353,32357,32358]","[32353,32357]",I4|BODY|NO_DIVERGENCE|HIGH,471856,945,0.0020027296463327794,499.31851851851854
662d1969071ff5cd72248bead3abb17d9d3666df7761ecd92119d4b15a012736:H_bag,662d1969071ff5cd72248bead3abb17d9d3666df7761ecd92119d4b15a012736,I4,09a946817d9d0373c8d58b650958243bf5af7739ed3dbfcdde674d9d76cc6de7,3917745,H_bag,ACTION_CHANGED_HORIZON_COMPLETE,true,,true,true,true,HARMFUL,0.25,[32412],,,I4|BODY|DIVERGENCE|HIGH,30514,61,0.0019990823884118766,500.2295081967213
38acc5aec1a4eeaf9c7690c725413b21e016316058fff15007746273b013173b:H_bag,38acc5aec1a4eeaf9c7690c725413b21e016316058fff15007746273b013173b,I3,2ccd201027725da9afc4c86c2204c0b4669c932a681bebca965bba98c69a47e5,3923254,H_bag,ACTION_CHANGED_HORIZON_COMPLETE,true,,true,true,true,HARMFUL,8.05000000000291,[32465],,,I3|BODY|DIVERGENCE|HIGH,10032,56,0.005582137161084529,179.14285714285714
f1af38083528bd461b0112bdde436f0a75b8a9c47b4199e9d50e4a165869bf1b:H_bag,f1af38083528bd461b0112bdde436f0a75b8a9c47b4199e9d50e4a165869bf1b,I3,dd889ac9f63ebee9827bd8ebe595f989117f323e6f3cb8ea4980ad94a21b4307,3924147,H_bag,ACTION_CHANGED_HORIZON_COMPLETE,true,,true,true,true,HARMFUL,30.199999999982538,[32472],,,I3|BODY|NO_DIVERGENCE|HIGH,170143,958,0.005630557824888476,177.60229645093946
46529861ff00cc7af0e7b878e987462d0821b12ebb1a408bbc3a2b0f0e03067d:H_bag,46529861ff00cc7af0e7b878e987462d0821b12ebb1a408bbc3a2b0f0e03067d,I4,88d6c2583ba5e5dde211cb533174c74a092543154a2c2704a2f2c3fc718d199d,3924589,H_bag,ACTION_CHANGED_HORIZON_COMPLETE,true,,true,true,true,HARMFUL,0.9678899999926216,[32466],,,I4|BODY|NO_DIVERGENCE|HIGH,471856,945,0.0020027296463327794,499.31851851851854
e206ab6b8123f27ae3ffcd69c21d44c6c823910f742ecd7471c981b107da7489:H_bag,e206ab6b8123f27ae3ffcd69c21d44c6c823910f742ecd7471c981b107da7489,I4,49405b99312f31ba7c21ccb86732857952e67bc03dc20aab6f7d2004e255a083,3927911,H_bag,ACTION_CHANGED_HORIZON_COMPLETE,true,,true,true,true,HARMFUL,0.000999999996565748,[32518],,,I4|TAIL|NO_DIVERGENCE|HIGH,13582,67,0.004932999558238846,202.71641791044775
ce3f0e560b3ca85d1dfe51a9943da28c5c231fc9a4365630462e785612515902:H_bag,ce3f0e560b3ca85d1dfe51a9943da28c5c231fc9a4365630462e785612515902,I3,1307928ebbd0b94167f0ac647fc5ca74904e235845d173ab97260a1e3e333002,3929863,H_bag,ACTION_CHANGED_HORIZON_COMPLETE,true,,true,true,true,HARMFUL,6.80000000000291,[32526],,,I3|BODY|NO_DIVERGENCE|HIGH,170143,958,0.005630557824888476,177.60229645093946
f7b666406bac6607e0b962030b543a5da0570ee78f45acfe4c6a03a37aacdfab:H_bag,f7b666406bac6607e0b962030b543a5da0570ee78f45acfe4c6a03a37aacdfab,I3,f5ed89bf0046e2fec016ce34651472024dfb9b08514411ff10097ba200798008,3931787,H_bag,ACTION_CHANGED_HORIZON_COMPLETE,true,,true,true,true,HARMFUL,25.10000000000582,[32544],,,I3|BODY|NO_DIVERGENCE|HIGH,170143,958,0.005630557824888476,177.60229645093946
b5d8ab06c897b1721c8098f420845ccd4c675784fef74c936c7ddd38945251ca:H_bag,b5d8ab06c897b1721c8098f420845ccd4c675784fef74c936c7ddd38945251ca,I3,78fcb7924d31154dd37193234d6689bcd3956c3f7f4b51817a4397166dbe22ae,3931876,H_bag,ACTION_CHANGED_HORIZON_COMPLETE,true,,true,true,true,HARMFUL,6.950000000004366,[32548],,,I3|BODY|NO_DIVERGENCE|HIGH,170143,958,0.005630557824888476,177.60229645093946
5db10f6381a9f00ba17941e898ffb141f518e10e4cc5767992717951b6bbf320:H_system,5db10f6381a9f00ba17941e898ffb141f518e10e4cc5767992717951b6bbf320,I3,69b6439a441a19728364c6ae21d7333ea0db4a5b0811e901922bc29ced45e433,3938328,H_system,ACTION_CHANGED_HORIZON_COMPLETE,true,,true,true,true,HARMFUL,-0.002013622915825408,[27436],"[27436,28023,28082,28306,28654,28659,28661,28664,28666,28681,28687,28692,28696,28698,28793,28893,28904,29266,29344,29405,29494,29506,29525,29598,29610,29679,29749,29807,29818,29854,29860,29875,29923,29948,29950,29956,29974,29976,29986,30052,30106,30115,30118,30216,30218,30226,30240,30268,30285,30337,30353,30390,30397,30400,30402,30463,30480,30484,30490,30494,30502,30506,30510,30512,30514,30520,30532,30537,30549,30551,30557,30560,30564,30590,30596,30598,30607,30613,30619,30637,30649,30663,30686,30694,30707,30712,30716,30721,30732,30738,30741,30744,30754,30798,30957,30966,30984,30998,31005,31011,31017,31036,31056,31059,31064,31097,31099,31118,31121,31146,31151,31155,31157,31167,31169,31172,31176,31184,31186,31191,31195]","[28023,28082,28306,28654,28659,28661,28664,28666,28681,28687,28692,28696,28698,28793,28893,28904,29266,29344,29405,29494,29506,29525,29598,29610,29679,29749,29807,29818,29854,29860,29875,29923,29948,29950,29956,29974,29976,29986,30052,30106,30115,30118,30216,30218,30226,30240,30268,30285,30337,30353,30390,30397,30400,30402,30463,30480,30484,30490,30494,30502,30506,30510,30512,30514,30520,30532,30537,30549,30551,30557,30560,30564,30590,30596,30598,30607,30613,30619,30637,30649,30663,30686,30694,30707,30712,30716,30721,30732,30738,30741,30744,30754,30798,30957,30966,30984,30998,31005,31011,31017,31036,31056,31059,31064,31097,31099,31118,31121,31146,31151,31155,31157,31167,31169,31172,31176,31184,31186,31191,31195]",I3|BODY|NO_DIVERGENCE|HIGH,170143,958,0.005630557824888476,177.60229645093946
6a21c65d58874568436948c526a8ce27c1a8f87d1f96aa8bb3c884110b631e31:H_bag,6a21c65d58874568436948c526a8ce27c1a8f87d1f96aa8bb3c884110b631e31,I4,bb46793cc1eaf67c4b74b49c84e59fbb90023412d2cb1ebc9f0154a34f564b55,3939091,H_bag,ACTION_CHANGED_HORIZON_COMPLETE,true,,true,true,true,HARMFUL,0.5999999999985448,[26618],,,I4|BODY|NO_DIVERGENCE|HIGH,471856,945,0.0020027296463327794,499.31851851851854
48c4ba627cdc85244e88ce6f1a386e987a34e82ff59522e62d9860285b6a6008:H_bag,48c4ba627cdc85244e88ce6f1a386e987a34e82ff59522e62d9860285b6a6008,I3,8d614db0ba8a6b8ebaa40632c5d603e9701b7fd3fb1b178ed02a4c7ba2f00500,3940559,H_bag,ACTION_CHANGED_HORIZON_COMPLETE,true,,true,true,true,HARMFUL,76.09999999999127,[26036],,,I3|TAIL|NO_DIVERGENCE|HIGH,4196,58,0.013822688274547188,72.34482758620689
86e05df198be03025240ff659ec80c84e1f78ace07379918e4cba2711ce90990:H_bag,86e05df198be03025240ff659ec80c84e1f78ace07379918e4cba2711ce90990,I3,ce2db91ead8a57e381630655f7af1733cec4488283bd4a453ad550596bcd56e2,3941189,H_bag,ACTION_CHANGED_HORIZON_COMPLETE,true,,true,true,true,HARMFUL,24.549999999995634,[29948],,,I3|BODY|NO_DIVERGENCE|HIGH,170143,958,0.005630557824888476,177.60229645093946
a01a7ae7e6dfb70b51cbf4427e50440be77cce9ff5c7dee9d5ed1d18605a5d20:H_bag,a01a7ae7e6dfb70b51cbf4427e50440be77cce9ff5c7dee9d5ed1d18605a5d20,I4,4318e6a31560a536dd226069f92c8a646a29e7dea12e5ebf72b374be7d9d0bc1,3943055,H_bag,ACTION_CHANGED_HORIZON_COMPLETE,true,,true,true,true,NEUTRAL_WITHIN_TOLERANCE,0.0,[30402],,,I4|BODY|NO_DIVERGENCE|HIGH,471856,945,0.0020027296463327794,499.31851851851854
8d509d6734ca40aff53880ff7bfee1aea57fc2731e9ccc1bf39e97ca00457a31:H_system,8d509d6734ca40aff53880ff7bfee1aea57fc2731e9ccc1bf39e97ca00457a31,I3,7d676c15d54602b76e2aafc8a6e3e7a57894813e66b32288b427ee2aaba2be19,3944561,H_system,ACTION_CHANGED_HORIZON_COMPLETE,true,,true,true,true,HARMFUL,0.0002924110726212348,[30557],"[30557,30560,30564,30590,30596,30598,30607,30613,30619,30637,30649,30663,30686,30694,30707,30712,30716,30721,30732,30738,30741,30744,30754,30798,30957,30966,30984,30998,31005,31011,31017,31036,31056,31059,31064,31097,31099,31118,31121,31146,31151,31155,31157,31167,31169,31172,31176,31184,31186,31191,31195]","[30560,30564,30590,30596,30598,30607,30613,30619,30637,30649,30663,30686,30694,30707,30712,30716,30721,30732,30738,30741,30744,30754,30798,30957,30966,30984,30998,31005,31011,31017,31036,31056,31059,31064,31097,31099,31118,31121,31146,31151,31155,31157,31167,31169,31172,31176,31184,31186,31191,31195]",I3|BODY|NO_DIVERGENCE|HIGH,170143,958,0.005630557824888476,177.60229645093946
10f6ce54886b0f891fa933784005a9d791c359cc97a87066358ac447e1cd8600:H_bag,10f6ce54886b0f891fa933784005a9d791c359cc97a87066358ac447e1cd8600,I3,828f31abdaa960fffd63af68852d2cc4193e40ee1268afeb72c984646754cf32,3945751,H_bag,ACTION_CHANGED_HORIZON_COMPLETE,true,,true,true,true,HARMFUL,0.25,[30686],,,I3|BODY|NO_DIVERGENCE|HIGH,170143,958,0.005630557824888476,177.60229645093946
3966dc98f290aa6243bd87b891785d24496565d9030f99ca185b5a5657a0e38f:H_bag,3966dc98f290aa6243bd87b891785d24496565d9030f99ca185b5a5657a0e38f,I4,31e7a1d315a337c4df4fef638f88f8819f6eff10368f24e8f2b8bd79e72f79e9,3949561,H_bag,ACTION_CHANGED_HORIZON_COMPLETE,true,,true,true,true,HARMFUL,0.055779999995138496,[32640],,,I4|BODY|NO_DIVERGENCE|HIGH,471856,945,0.0020027296463327794,499.31851851851854
60c5aa732b8e3c0cc06fc9bd1ca1bcc135238016c6e6c505a58e73b3effef7cd:H_bag,60c5aa732b8e3c0cc06fc9bd1ca1bcc135238016c6e6c505a58e73b3effef7cd,I4,24c247b3992ec472b7181e9536ae60d81938c8089e8a39f3ecef8c98d2a2a326,3951700,H_bag,ACTION_CHANGED_HORIZON_COMPLETE,true,,true,true,true,HARMFUL,0.000999999996565748,[32680],,,I4|BODY|NO_DIVERGENCE|HIGH,471856,945,0.0020027296463327794,499.31851851851854
180a8a099d9419818f03cfc9167e0b11d5a3fb15864927e4fcf002b8b6f7eed9:H_bag,180a8a099d9419818f03cfc9167e0b11d5a3fb15864927e4fcf002b8b6f7eed9,I4,5a0a9ba128a883fa4a4ff37f3b80b08bf3a0bf8072b3e6b2832faf3a594d5f84,3954374,H_bag,ACTION_CHANGED_HORIZON_COMPLETE,true,,true,true,true,HARMFUL,0.000999999996565748,[32733],,,I4|BODY|NO_DIVERGENCE|HIGH,471856,945,0.0020027296463327794,499.31851851851854
8a1cd9d67f022e4ac17c24f79d341b475612c918e8398da2adaa9075422e28e7:H_system,8a1cd9d67f022e4ac17c24f79d341b475612c918e8398da2adaa9075422e28e7,I4,b220f502ed44773b4182184ab539ebc9015c3d3ef401f564818e7d3096279f03,3955030,H_system,ACTION_CHANGED_HORIZON_COMPLETE,true,,true,true,true,HARMFUL,-0.001768883333653548,[32737],"[32664,32678,32681,32686,32689,32698,32700,32705,32707,32719,32737,32746,32754,32758,32803,32826]","[32664,32678,32681,32686,32689,32698,32700,32705,32707,32719,32746,32754,32758,32803,32826]",I4|BODY|NO_DIVERGENCE|HIGH,471856,945,0.0020027296463327794,499.31851851851854
e6a76e18e04352e6ae6a8bc98f2c138961feba95afcebd3c87e17211e0a018c0:H_bag,e6a76e18e04352e6ae6a8bc98f2c138961feba95afcebd3c87e17211e0a018c0,I3,83757f8d42f8b651769242fce626bbc32b4db8ba14f00614231ecc7e33fb05da,3955413,H_bag,ACTION_CHANGED_HORIZON_COMPLETE,true,,true,true,true,HARMFUL,119.84391999998479,[32662],,,I3|TAIL|NO_DIVERGENCE|HIGH,4196,58,0.013822688274547188,72.34482758620689
11e34b2bfb79d24275d2ef39c6a1bd3fa8fd0ec3be7a39182a2115e1738959e8:H_bag,11e34b2bfb79d24275d2ef39c6a1bd3fa8fd0ec3be7a39182a2115e1738959e8,I3,8619d3d1695b743f3c9b58961dc3a476fa0ec9fb1f7c5e4a633b371d907e8892,3955654,H_bag,ACTION_CHANGED_HORIZON_COMPLETE,true,,true,true,true,HARMFUL,82.85795999999391,[32676],,,I3|BODY|NO_DIVERGENCE|HIGH,170143,958,0.005630557824888476,177.60229645093946
f2570f37c9e6c701f276c66ebf1d62d796f8a9241d336125478e69d52d77ee0d:H_bag,f2570f37c9e6c701f276c66ebf1d62d796f8a9241d336125478e69d52d77ee0d,I3,631a3d19c178ef2e49a0c68a6b2528c619eacf5fb02a32d8bb3d175115871e9b,3955666,H_bag,ACTION_CHANGED_HORIZON_COMPLETE,true,,true,true,true,HARMFUL,2.349999999998545,[32742],,,I3|BODY|NO_DIVERGENCE|HIGH,170143,958,0.005630557824888476,177.60229645093946
df6dfa52ce00a65687c1b2cafe97517c05185a0f8204a64b436962768e372a70:H_bag,df6dfa52ce00a65687c1b2cafe97517c05185a0f8204a64b436962768e372a70,I3,1b1350507c4388e3285568293856add6d86f43db5697a97751be754e1254970e,3957605,H_bag,ACTION_CHANGED_HORIZON_COMPLETE,true,,true,true,true,HARMFUL,87.86486999998306,[32703],,,I3|BODY|NO_DIVERGENCE|HIGH,170143,958,0.005630557824888476,177.60229645093946
b02c1f70afe2a7108618e42b2a21b48d1b45b776462e0c5f23150889d62746f2:H_bag,b02c1f70afe2a7108618e42b2a21b48d1b45b776462e0c5f23150889d62746f2,I4,4d09a856e47da363c062e5de4a539e4807098690b695e803f76367b024ac3dda,3961553,H_bag,ACTION_CHANGED_HORIZON_COMPLETE,true,,true,true,true,HARMFUL,0.5,[32758],,,I4|BODY|NO_DIVERGENCE|HIGH,471856,945,0.0020027296463327794,499.31851851851854
a677ec245437013128bc2b5360be2cecf813f9419009aef6ac169e11ae49e3c4:H_bag,a677ec245437013128bc2b5360be2cecf813f9419009aef6ac169e11ae49e3c4,I4,ae8403369fe9016abbc2f62557c4dc674509270ae2be3ea81af42041b3996c9a,3963253,H_bag,ACTION_CHANGED_HORIZON_COMPLETE,true,,true,true,true,HARMFUL,0.19712000000436092,[32817],,,I4|BODY|NO_DIVERGENCE|HIGH,471856,945,0.0020027296463327794,499.31851851851854
0eca9547d87ab316c1fc1e0f9bd0237618daa10a8efbb20ff6073ec78e31f162:H_bag,0eca9547d87ab316c1fc1e0f9bd0237618daa10a8efbb20ff6073ec78e31f162,I4,962bda24c7f2f586bd7ff741305593cbff33a7d5be3dbbd136d23a9a769a9510,3964659,H_bag,ACTION_CHANGED_HORIZON_COMPLETE,true,,true,true,true,NEUTRAL_WITHIN_TOLERANCE,0.0,[32815],,,I4|BODY|NO_DIVERGENCE|HIGH,471856,945,0.0020027296463327794,499.31851851851854
d83b1d2ca1bb41886298b703315f943e7baefc1b70fa630f13f3639285fe7eb8:H_bag,d83b1d2ca1bb41886298b703315f943e7baefc1b70fa630f13f3639285fe7eb8,I3,20fa8eed001341b3e566be21f9078c610c9f6929354c505cbbe841a1aa22641d,3966077,H_bag,ACTION_CHANGED_HORIZON_COMPLETE,true,,true,true,true,HARMFUL,51.400000000001455,[32774],,,I3|BODY|NO_DIVERGENCE|HIGH,170143,958,0.005630557824888476,177.60229645093946
9225dbc0b31c04afa2dd1216fa88059434c72e061edaaa9812e54cf8e1a28f68:H_bag,9225dbc0b31c04afa2dd1216fa88059434c72e061edaaa9812e54cf8e1a28f68,I3,2f2fbe48985d2e7ecd6107ed3db64e4943a91c99cc44846ccd395c0fe0f593ab,3966157,H_bag,ACTION_CHANGED_HORIZON_COMPLETE,true,,true,true,true,HARMFUL,6.80000000000291,[32833],,,I3|BODY|NO_DIVERGENCE|HIGH,170143,958,0.005630557824888476,177.60229645093946
3de1234dcbb8e18f660aead5664983e3efb57995a19e0676df6eb207b3aaccec:H_bag,3de1234dcbb8e18f660aead5664983e3efb57995a19e0676df6eb207b3aaccec,I4,c3eaf3a082422e038870bc16a3656b6f0dabd0218e66e63c22fdb278dff79782,3967434,H_bag,ACTION_CHANGED_HORIZON_COMPLETE,true,,true,true,true,HARMFUL,0.25,[32664],,,I4|BODY|NO_DIVERGENCE|HIGH,471856,945,0.0020027296463327794,499.31851851851854
faa9d2ec9da74123dece28eff6841a068d954d05dbf8103c9ab0b47842eaae84:H_bag,faa9d2ec9da74123dece28eff6841a068d954d05dbf8103c9ab0b47842eaae84,I4,e479af4389c261ac76d0754fdd160071266b181dc3c24c97bd71ef1fc7cba565,3971351,H_bag,ACTION_CHANGED_HORIZON_COMPLETE,true,,true,true,true,HARMFUL,1.0,[32898],,,I4|BODY|NO_DIVERGENCE|HIGH,471856,945,0.0020027296463327794,499.31851851851854
b7d62706302fe04eb24fec1e9f03fbd0f31872329758b32d12b9354ad83bc684:H_bag,b7d62706302fe04eb24fec1e9f03fbd0f31872329758b32d12b9354ad83bc684,I4,2ecbbc8d71036abcfd0d29a35adddcccc7f4a405b5f74dd8294f234529bebf93,3973187,H_bag,ACTION_CHANGED_HORIZON_COMPLETE,true,,true,true,true,HARMFUL,1.0,[32905],,,I4|BODY|NO_DIVERGENCE|HIGH,471856,945,0.0020027296463327794,499.31851851851854
90fb639ebdc6f0689eeaa4faa1ad7c922c3a42aea4864856e21cdf959110e046:H_bag,90fb639ebdc6f0689eeaa4faa1ad7c922c3a42aea4864856e21cdf959110e046,I3,f24759c337f377ce4ed113ac61ca528f61c0e8aa25d928eb384beb711bf98848,3973538,H_bag,ACTION_CHANGED_HORIZON_COMPLETE,true,,true,true,true,HARMFUL,54.400000000001455,[32865],,,I3|BODY|NO_DIVERGENCE|HIGH,170143,958,0.005630557824888476,177.60229645093946
e8747713b313e4ec72e0e1b57cfc11ab3310d84f2638f7a767bbe4fc1d6a17d4:H_bag,e8747713b313e4ec72e0e1b57cfc11ab3310d84f2638f7a767bbe4fc1d6a17d4,I3,1ca91d33b91501e919985b03d55e6e0fa17637014b32aacb4b7a1f746a2a6f8f,3975260,H_bag,ACTION_CHANGED_HORIZON_COMPLETE,true,,true,true,true,HARMFUL,2.599999999998545,[32933],,,I3|BODY|NO_DIVERGENCE|HIGH,170143,958,0.005630557824888476,177.60229645093946
43f153942e43666d2f2c6d5ec77fb8fd7dbd3606286bfa6a9480f6e175e5ed0d:H_system,43f153942e43666d2f2c6d5ec77fb8fd7dbd3606286bfa6a9480f6e175e5ed0d,I3,985af637b272dd99f402bc44486920eed14d158a9741d8da22d526117f874385,3975905,H_system,ACTION_CHANGED_HORIZON_COMPLETE,true,,true,true,true,HARMFUL,0.0012074857234551928,[32902],[32902],[],I3|BODY|NO_DIVERGENCE|HIGH,170143,958,0.005630557824888476,177.60229645093946
d2902ec75c086b079a8c8a8c7f561d6d8be6eb222515823fa3ac01bf2248880e:H_bag,d2902ec75c086b079a8c8a8c7f561d6d8be6eb222515823fa3ac01bf2248880e,I4,e7367c0878c0547569937ce50d90a8b6de1b6bf2daaa0fa3b95e5cd0ab2e8738,3977433,H_bag,ACTION_CHANGED_HORIZON_COMPLETE,true,,true,true,true,HARMFUL,0.022950000005948823,[32951],,,I4|BODY|NO_DIVERGENCE|HIGH,471856,945,0.0020027296463327794,499.31851851851854
cac000cec6a32d93f08ce855aab9530dd41cf8cba25ef7597a5fb7c82c724d29:H_bag,cac000cec6a32d93f08ce855aab9530dd41cf8cba25ef7597a5fb7c82c724d29,I4,73064abe9aef85bfe2c702fcfeb0145e04109b0521ca8dd6f3b282a6550a5885,3978478,H_bag,ACTION_CHANGED_HORIZON_COMPLETE,true,,true,true,true,HARMFUL,1.0,[32962],,,I4|BODY|NO_DIVERGENCE|HIGH,471856,945,0.0020027296463327794,499.31851851851854
27cb5167b40d4c9c7fa92d5befdde9628b75461c9921dddcb0d23f0bdf189456:H_bag,27cb5167b40d4c9c7fa92d5befdde9628b75461c9921dddcb0d23f0bdf189456,I4,4fafea08e18f3b3ab75fde68762d21fc64baff27a0a687b3beb5d3adcaeb3a88,3986209,H_bag,ACTION_CHANGED_HORIZON_COMPLETE,true,,true,true,true,HARMFUL,1.0,[33013],,,I4|BODY|NO_DIVERGENCE|HIGH,471856,945,0.0020027296463327794,499.31851851851854
7b7b9cd43bb3c1329f717a60b5f9019bbccbbc19cf0e27fc68c9c94ebc3419c6:H_bag,7b7b9cd43bb3c1329f717a60b5f9019bbccbbc19cf0e27fc68c9c94ebc3419c6,I4,60e58d89ec25e949954f0b4400e5bd95cef15987ecc69dac0eb787f029335f3a,3990302,H_bag,ACTION_CHANGED_HORIZON_COMPLETE,true,,true,true,true,HARMFUL,0.5999999999985448,[27211],,,I4|BODY|NO_DIVERGENCE|HIGH,471856,945,0.0020027296463327794,499.31851851851854
09a2c579a196704dcc0d9eba0dfb85a21a650901d8da5f6cd2d61b914c0d6e36:H_system,09a2c579a196704dcc0d9eba0dfb85a21a650901d8da5f6cd2d61b914c0d6e36,I3,85d529c60d389295f82c07461985deadb059b817e55409714bd58504013b90ae,3991949,H_system,ACTION_CHANGED_HORIZON_COMPLETE,true,,true,true,true,HARMFUL,0.0001449982799215377,[30498],"[30498,30761,30765,30896,30898,30904,30906,30908,30910,30914,30917,30919,30921,30923,30927,30933,30944,30951,30963,31052,31061,31082,31095,31105,31165,31180,31209,31211,31221,31232,31300,31366,31378,31467,31478,31491,31495,31508,31556,31558,31561,31566,31569,31571,31574,31577,33079]","[30761,30765,30896,30898,30904,30906,30908,30910,30914,30917,30919,30921,30923,30927,30933,30944,30951,30963,31052,31061,31082,31095,31105,31165,31180,31209,31211,31221,31232,31300,31366,31378,31467,31478,31491,31495,31508,31556,31558,31561,31566,31569,31571,31574,31577,33079]",I3|BODY|NO_DIVERGENCE|HIGH,170143,958,0.005630557824888476,177.60229645093946
3b06dac9e646a0a9323b84d2c3b23208ba1a393a17982d42384ea32ab662fd8b:H_bag,3b06dac9e646a0a9323b84d2c3b23208ba1a393a17982d42384ea32ab662fd8b,I3,b0350f8702f0fde8ede650c4e756a6a205ff91a9e9398ee459815173da16bd18,3993641,H_bag,ACTION_CHANGED_HORIZON_COMPLETE,true,,true,true,true,HARMFUL,24.299999999995634,[30951],,,I3|BODY|NO_DIVERGENCE|HIGH,170143,958,0.005630557824888476,177.60229645093946
3a8907af4b7e13dbc9bbe0b9d0c034cedf63bdaf4eb31f471ab0e7fc44a6594c:H_bag,3a8907af4b7e13dbc9bbe0b9d0c034cedf63bdaf4eb31f471ab0e7fc44a6594c,I3,b71757968ae7864b38a79b6f6ecce3ed8811e992ee285e1ac5df237c869ae1eb,3994685,H_bag,ACTION_CHANGED_HORIZON_COMPLETE,true,,true,true,true,HARMFUL,24.549999999995634,[31221],,,I3|BODY|NO_DIVERGENCE|HIGH,170143,958,0.005630557824888476,177.60229645093946
22aee82684d3f56ded6559b23a6b1cfc9fbb83441fe2133009749ecc32457486:H_bag,22aee82684d3f56ded6559b23a6b1cfc9fbb83441fe2133009749ecc32457486,I4,eda7f272b66198b6623c063eee21bc72263e25e8787920097f08b6aa7116af3a,3996983,H_bag,ACTION_CHANGED_HORIZON_COMPLETE,true,,true,true,true,HARMFUL,0.9223600000041188,[33079],,,I4|BODY|NO_DIVERGENCE|HIGH,471856,945,0.0020027296463327794,499.31851851851854
fbb2532aa6cc270581bd757227336262bf302850933660546335a888d8400b99:H_bag,fbb2532aa6cc270581bd757227336262bf302850933660546335a888d8400b99,I4,d3c1a7bf861684e0c21b0b5b6aa17fb60566ff5f63f964106f151e9e6eb51424,3999842,H_bag,ACTION_CHANGED_HORIZON_COMPLETE,true,,true,true,true,NEUTRAL_WITHIN_TOLERANCE,0.0,[33150],,,I4|BODY|DIVERGENCE|HIGH,30514,61,0.0019990823884118766,500.2295081967213
5f4f58a0af5a630dd1cf51c774fc83c582373a1c64bc9ede4a3861e42ccf9108:H_bag,5f4f58a0af5a630dd1cf51c774fc83c582373a1c64bc9ede4a3861e42ccf9108,I3,45a98ab5a5314a55abe68111028eeb706d0e37464c582bfbbfa1cf6e61db66b7,4000200,H_bag,ACTION_CHANGED_HORIZON_COMPLETE,true,,true,true,true,HARMFUL,8.687999999987369,[33149],,,I3|BODY|NO_DIVERGENCE|HIGH,170143,958,0.005630557824888476,177.60229645093946
5fb37fd6b843ea05ae20fcb44a2178ae65b744b57337faf563b52872ce6a4c8e:H_bag,5fb37fd6b843ea05ae20fcb44a2178ae65b744b57337faf563b52872ce6a4c8e,I3,203f3a2ebf16c1a6ce8ec5b82f65df7b36e7ad932239a9da94cf32b4aab20adc,4000268,H_bag,ACTION_CHANGED_HORIZON_COMPLETE,true,,true,true,true,HARMFUL,8.687999999987369,[33149],,,I3|BODY|NO_DIVERGENCE|HIGH,170143,958,0.005630557824888476,177.60229645093946
4cadefdf4a70bea6888c697a5a14a71e391e1a2918bcb2346c144a3ec789ee72:H_bag,4cadefdf4a70bea6888c697a5a14a71e391e1a2918bcb2346c144a3ec789ee72,I4,c55fbd8bc1fd12398aab10ad6170e5b4bc423ed7e3a26be1d2b5fc9827d68cf0,4000344,H_bag,ACTION_CHANGED_HORIZON_COMPLETE,true,,true,true,true,HARMFUL,0.000999999996565748,[33161],,,I4|BODY|NO_DIVERGENCE|HIGH,471856,945,0.0020027296463327794,499.31851851851854
bba326a61ebd0e2fc91ffc325d0bdb211f5b559add23a425bf0c1bf7d83534b4:H_bag,bba326a61ebd0e2fc91ffc325d0bdb211f5b559add23a425bf0c1bf7d83534b4,I4,87926ba14ddddd08989bfc00af68e74e16dde90a4d0fa5fbbb65a23547b07094,4002568,H_bag,ACTION_CHANGED_HORIZON_COMPLETE,true,,true,true,true,NEUTRAL_WITHIN_TOLERANCE,0.0,[33177],,,I4|BODY|NO_DIVERGENCE|HIGH,471856,945,0.0020027296463327794,499.31851851851854
b2acb6c3eee4f9e615301bfac87d50780110c55b37d1961619cec2ba1c6f4ae0:H_system,b2acb6c3eee4f9e615301bfac87d50780110c55b37d1961619cec2ba1c6f4ae0,I4,7333ef08e8c827beada295a3bea691a3b3f64de14f8a5ad5afb6d48dd11bd937,4005114,H_system,ACTION_CHANGED_HORIZON_COMPLETE,true,,true,true,true,NEUTRAL_WITHIN_TOLERANCE,0.0,[33171],[],[],I4|BODY|NO_DIVERGENCE|HIGH,471856,945,0.0020027296463327794,499.31851851851854
8998f42917a3a1523dd0dcb3925fb8b553bbe2c28a6791ece4bae82559267b56:H_system,8998f42917a3a1523dd0dcb3925fb8b553bbe2c28a6791ece4bae82559267b56,I4,1988dad5e0d447161e0690e8e331524f4da4888325f09f2a6609043a1f9de9f7,4011710,H_system,ACTION_CHANGED_HORIZON_COMPLETE,true,,true,true,true,HARMFUL,2.293420152454928e-06,[33269],[33269],[],I4|BODY|NO_DIVERGENCE|HIGH,471856,945,0.0020027296463327794,499.31851851851854
dd2bcaf721470239f071d01beb017902c83bd7d2c2a3c997d3aa527b7d13e096:H_bag,dd2bcaf721470239f071d01beb017902c83bd7d2c2a3c997d3aa527b7d13e096,I4,222bd4c84e2ae058331351887dad6e55487cc82298346c5a36aac816ef25d43a,4012406,H_bag,ACTION_CHANGED_HORIZON_COMPLETE,true,,true,true,true,HARMFUL,2.5,[33217],,,I4|BODY|NO_DIVERGENCE|HIGH,471856,945,0.0020027296463327794,499.31851851851854
048f2db4cc663626fec1fa0e98202f5f45a212afdf1a20ee5fe2dad667259537:H_bag,048f2db4cc663626fec1fa0e98202f5f45a212afdf1a20ee5fe2dad667259537,I3,f2aff812d3f4f0bf1bf726367a228b62b565904edb18052e8e957c399966b1b2,4014221,H_bag,ACTION_CHANGED_HORIZON_COMPLETE,true,,true,true,true,HARMFUL,80.34999999999127,[33255],,,I3|BODY|NO_DIVERGENCE|HIGH,170143,958,0.005630557824888476,177.60229645093946
9ea3e99fb92cdc47cde9a90b88ffd8159f992531fc82800740948c15dd5c39b2:H_bag,9ea3e99fb92cdc47cde9a90b88ffd8159f992531fc82800740948c15dd5c39b2,I3,8f2af32e555299971a3282c49e97611202d6341f2bca516829422f2995e0d0b5,4015050,H_bag,ACTION_CHANGED_HORIZON_COMPLETE,true,,true,true,true,HARMFUL,33.99130999999761,[33302],,,I3|BODY|NO_DIVERGENCE|HIGH,170143,958,0.005630557824888476,177.60229645093946
08756210c445cda06f3294c22dcabdf46a3a250d26679bfd5205d283f277aea4:H_bag,08756210c445cda06f3294c22dcabdf46a3a250d26679bfd5205d283f277aea4,I4,91d008a53b2df3f219b935264cbd82f5a3acfe0783b97127895adbdfad3cb0d5,4016577,H_bag,ACTION_CHANGED_HORIZON_COMPLETE,true,,true,true,true,HARMFUL,0.3035099999833619,[33283],,,I4|BODY|DIVERGENCE|HIGH,30514,61,0.0019990823884118766,500.2295081967213
d50589cac4ab6b390f63626ccf60aa9aaf229990be31c19738eabda944374ecf:H_bag,d50589cac4ab6b390f63626ccf60aa9aaf229990be31c19738eabda944374ecf,I3,3f2bd11060e5cf64a7651572121ab303b882b065525578b0063a123081148806,4016632,H_bag,ACTION_CHANGED_HORIZON_COMPLETE,true,,true,true,true,HARMFUL,86.05642999999691,[33263],,,I3|BODY|NO_DIVERGENCE|HIGH,170143,958,0.005630557824888476,177.60229645093946
47e9e1c1ee4ee523153d49043cb378d03f13651ab4c3fe51c5239416eb361fdf:H_bag,47e9e1c1ee4ee523153d49043cb378d03f13651ab4c3fe51c5239416eb361fdf,I4,c1ba1659967ec8f99668a4ecb1df33cab7f2211535f8c443e049058f46a22bda,4020819,H_bag,ACTION_CHANGED_HORIZON_COMPLETE,true,,true,true,true,HARMFUL,0.000999999996565748,[30718],,,I4|BODY|NO_DIVERGENCE|HIGH,471856,945,0.0020027296463327794,499.31851851851854
a829060de01bf66e52f816eadc2c9df6d4edaaf64d0028d4b119225c3f762ffd:H_bag,a829060de01bf66e52f816eadc2c9df6d4edaaf64d0028d4b119225c3f762ffd,I4,b5d0aa9c9af8f91a80b7d34c67da3170e2f3b5b5fd1b2b1d8b1fa43d120a6a4a,4023682,H_bag,ACTION_CHANGED_HORIZON_COMPLETE,true,,true,true,true,NEUTRAL_WITHIN_TOLERANCE,0.0,[33365],,,I4|BODY|NO_DIVERGENCE|HIGH,471856,945,0.0020027296463327794,499.31851851851854
2026cc5f3f470441dca8f6ac14416ce48e092a995627477e1ac0af2ab782a655:H_bag,2026cc5f3f470441dca8f6ac14416ce48e092a995627477e1ac0af2ab782a655,I3,435542fef721483f62deabd13dda55b4c9bbe99d2394062a0029b9f6e5dc4492,4026195,H_bag,ACTION_CHANGED_HORIZON_COMPLETE,true,,true,true,true,HARMFUL,75.70190999999613,[33341],,,I3|BODY|NO_DIVERGENCE|HIGH,170143,958,0.005630557824888476,177.60229645093946
09cc58d1cd31c1ce1473a5db2918fe12fe7553852995cbba294da137bdc4a96c:H_bag,09cc58d1cd31c1ce1473a5db2918fe12fe7553852995cbba294da137bdc4a96c,I4,a00d59f75de589a9f1875bccc9db4989ea2e5a3d93ab144963a437388dfed789,4027352,H_bag,ACTION_CHANGED_HORIZON_COMPLETE,true,,true,true,true,HARMFUL,1.0,[31153],,,I4|BODY|NO_DIVERGENCE|HIGH,471856,945,0.0020027296463327794,499.31851851851854
ab8bec099dec2ba9492edca4971699c86191045c499fc49f10159f515aadac33:H_bag,ab8bec099dec2ba9492edca4971699c86191045c499fc49f10159f515aadac33,I3,83a0d7508967a680fbafdbb4c530f6fd1622648cb5478099f2cab3666d9443a4,4027821,H_bag,ACTION_CHANGED_HORIZON_COMPLETE,true,,true,true,true,HARMFUL,71.90482999999222,[33329],,,I3|BODY|NO_DIVERGENCE|HIGH,170143,958,0.005630557824888476,177.60229645093946
81b14f8caab530c735d40a815be93d650100ee0289b8a8a571fd74e9c12c3aa3:H_bag,81b14f8caab530c735d40a815be93d650100ee0289b8a8a571fd74e9c12c3aa3,I3,770dd2389f79e6aa44252ebdca5614106a2631c68042279ea87b19acd5df19d7,4028037,H_bag,ACTION_CHANGED_HORIZON_COMPLETE,true,,true,true,true,HARMFUL,20.000000000014552,[33374],,,I3|BODY|NO_DIVERGENCE|HIGH,170143,958,0.005630557824888476,177.60229645093946
a2dd15d5ecc920fce22def0a9788de621ec91bf9863b56a44bba8a3e2ccf620f:H_system,a2dd15d5ecc920fce22def0a9788de621ec91bf9863b56a44bba8a3e2ccf620f,I4,4bf288c8d4bf36e933030f912edc423669367f9d67ed9046fa2b3caf9dfaba0e,4034196,H_system,ACTION_CHANGED_HORIZON_COMPLETE,true,,true,true,true,HARMFUL,2.2934201780344665e-05,[33424],[33424],[],I4|BODY|NO_DIVERGENCE|HIGH,471856,945,0.0020027296463327794,499.31851851851854
5a0856530ff98a571f02c8d4a9f6a2e6e07f6f91221d70017248715a3d758594:H_bag,5a0856530ff98a571f02c8d4a9f6a2e6e07f6f91221d70017248715a3d758594,I3,23d7bf2ec5d3aa8074d9dd2ce39213151f7197c454a44af7cdb3c9d6ef5f84ee,4035135,H_bag,ACTION_CHANGED_HORIZON_COMPLETE,true,,true,true,true,HARMFUL,53.400000000001455,[33406],,,I3|BODY|NO_DIVERGENCE|HIGH,170143,958,0.005630557824888476,177.60229645093946
3d1d1d1cc3897360a17cd16c03d99f80dfe18eff935c483e1a346fe9f2d3fe53:H_bag,3d1d1d1cc3897360a17cd16c03d99f80dfe18eff935c483e1a346fe9f2d3fe53,I3,8d7f5530f7ae8467d68d992e104f805bffdeb828c84f88aa1635270e091a0009,4035475,H_bag,ACTION_CHANGED_HORIZON_COMPLETE,true,,true,true,true,HARMFUL,20.000000000014552,[33439],,,I3|BODY|NO_DIVERGENCE|HIGH,170143,958,0.005630557824888476,177.60229645093946
7732d1f3b87216a96d4906e7590ceaeedd6367793c6317cb1399d81a528cc708:H_bag,7732d1f3b87216a96d4906e7590ceaeedd6367793c6317cb1399d81a528cc708,I3,590a0bf18c10b09f496721b6a366e1b850a2a101276e5f57033d6227ad2a66e5,4056131,H_bag,ACTION_CHANGED_HORIZON_COMPLETE,true,,true,true,true,HARMFUL,4.999999999992724,[33698],,,I3|BODY|DIVERGENCE|HIGH,10032,56,0.005582137161084529,179.14285714285714
37a3ee806263c5b8b4ff02ba04cc38c54f8b2c00a8570cc6ed797547b43583a6:H_bag,37a3ee806263c5b8b4ff02ba04cc38c54f8b2c00a8570cc6ed797547b43583a6,I4,8926d5a070e72a44c8d3d1e1231aaa653b1ba07abbc3869e4fad660adff1d5d4,4061677,H_bag,ACTION_CHANGED_HORIZON_COMPLETE,true,,true,true,true,HARMFUL,0.5999999999985448,[33740],,,I4|BODY|NO_DIVERGENCE|HIGH,471856,945,0.0020027296463327794,499.31851851851854
fd389c5059cc697758317ea338b651b33c7bc8cb1af118623fa89614ec0ad8c0:H_bag,fd389c5059cc697758317ea338b651b33c7bc8cb1af118623fa89614ec0ad8c0,I4,54021a48f21c4020eadc9401c03a05bf320e8c876c5245b7ef9e27d2b182458d,4062232,H_bag,ACTION_CHANGED_HORIZON_COMPLETE,true,,true,true,true,HARMFUL,1.0,[33727],,,I4|BODY|NO_DIVERGENCE|HIGH,471856,945,0.0020027296463327794,499.31851851851854
b507cb148e30d2c104c6787f919be8189fa73ab3db891add750bdeff595755fc:H_system,b507cb148e30d2c104c6787f919be8189fa73ab3db891add750bdeff595755fc,I3,aef21f0abbd86baab849bc5dc9f2a93e8925df2e5e2430556ba2e0d4a2d4561e,4067767,H_system,ACTION_CHANGED_HORIZON_COMPLETE,true,,true,true,true,HARMFUL,-0.0011047927894765053,[29663],"[29663,29668,29841,30153,30331,30335,30528,30571,30575,30633,30671,30690,30702,30751,30814,30856,30858,30866,31019,31084,31217,31257,31271,31273,31306,31310,31314,31316,31320,31331,31335,31342,31347,31349,31357,31363,31527,31623,31625,31627,31635,31637,31641,31647,31651,31655,31683,31714,31764,31769,31806,31862,31893,31907,31912,31935,31937,31953,31956,32020,32022,32026,32039,32077,33782,33784,33785,33786,33791,33792,33802,33806,33810,33826,33827,33840,33842]","[29668,29841,30153,30331,30335,30528,30571,30575,30633,30671,30690,30702,30751,30814,30856,30858,30866,31019,31084,31217,31257,31271,31273,31306,31310,31314,31316,31320,31331,31335,31342,31347,31349,31357,31363,31527,31623,31625,31627,31635,31637,31641,31647,31651,31655,31683,31714,31764,31769,31806,31862,31893,31907,31912,31935,31937,31953,31956,32020,32022,32026,32039,32077,33782,33784,33785,33786,33791,33792,33802,33806,33810,33826,33827,33840,33842]",I3|BODY|NO_DIVERGENCE|HIGH,170143,958,0.005630557824888476,177.60229645093946
c7e01cabffcf5b30ef289ce6037ec288ca4fac19721f3a9deed64acbfb173eda:H_bag,c7e01cabffcf5b30ef289ce6037ec288ca4fac19721f3a9deed64acbfb173eda,I3,653ff78cd507ad54a96f8759e5b69a4aad7fc75e35b5afad04e5f007c99eb6cc,4067934,H_bag,ACTION_CHANGED_HORIZON_COMPLETE,true,,true,true,true,HARMFUL,23.799999999995634,[29663],,,I3|BODY|NO_DIVERGENCE|HIGH,170143,958,0.005630557824888476,177.60229645093946
881cb80139e4f5369117e647190af1b2189557ac60e0dc03e1cd4e4ed486e00c:H_bag,881cb80139e4f5369117e647190af1b2189557ac60e0dc03e1cd4e4ed486e00c,I4,abb7296bb7ed4c3edd10cb81dd951cf15212c01aa74655744194e6a0bf2598be,4068212,H_bag,ACTION_CHANGED_HORIZON_COMPLETE,true,,true,true,true,HARMFUL,0.6850500000000466,[33786],,,I4|BODY|NO_DIVERGENCE|HIGH,471856,945,0.0020027296463327794,499.31851851851854
016fa898ca036b3a2c3cc4a005ac0e978da7fa39db3a42cfe689a16c4812c445:H_system,016fa898ca036b3a2c3cc4a005ac0e978da7fa39db3a42cfe689a16c4812c445,I4,dd4b70090be90ac3f909fa7a9309dfb2ad4595044856e1055772226f0a7559f0,4069674,H_system,ACTION_CHANGED_HORIZON_COMPLETE,true,,true,true,true,HARMFUL,0.0002843705708244215,[33758],"[30331,30335,30528,30571,30575,30633,30671,30690,30702,30751,30814,30856,30858,30866,31019,31084,31217,31257,31271,33755,33758,33768,33785,33791,33792,33802,33810]","[30331,30335,30528,30571,30575,30633,30671,30690,30702,30751,30814,30856,30858,30866,31019,31084,31217,31257,31271,33755,33768,33785,33791,33792,33802,33810]",I4|BODY|NO_DIVERGENCE|HIGH,471856,945,0.0020027296463327794,499.31851851851854
89ece1b589198928f852573bb3f3968fd005e6d7ab651d539d1f9f0171fc5628:H_bag,89ece1b589198928f852573bb3f3968fd005e6d7ab651d539d1f9f0171fc5628,I4,6c5d808e992933ab33486aad18a2d918da26d62bc07fd4b7203bd475f23e8d63,4072112,H_bag,ACTION_CHANGED_HORIZON_COMPLETE,true,,true,true,true,NEUTRAL_WITHIN_TOLERANCE,0.0,[33811],,,I4|BODY|NO_DIVERGENCE|HIGH,471856,945,0.0020027296463327794,499.31851851851854
e2a018d9ef3014ede743ea05573431f19ef36d5faf27af8bc68ef41f5c3eda6c:H_bag,e2a018d9ef3014ede743ea05573431f19ef36d5faf27af8bc68ef41f5c3eda6c,I3,4ff5dece6ca937b86281e2896dfe1bd4aa7494fd277df7c1e588e4e86ecc79ae,4072491,H_bag,ACTION_CHANGED_HORIZON_COMPLETE,true,,true,true,true,HARMFUL,77.14999999999418,[33780],,,I3|BODY|NO_DIVERGENCE|HIGH,170143,958,0.005630557824888476,177.60229645093946
09a1e71affcf4cfefbc355c573d1ecaa17013237418252af139025e6af032a64:H_bag,09a1e71affcf4cfefbc355c573d1ecaa17013237418252af139025e6af032a64,I3,d09b4b22455a268225797e832147fb936721c7ce716fa1c835ba6ca0f97f088b,4074105,H_bag,ACTION_CHANGED_HORIZON_COMPLETE,true,,true,true,true,HARMFUL,24.799999999995634,[31316],,,I3|BODY|NO_DIVERGENCE|HIGH,170143,958,0.005630557824888476,177.60229645093946
17714a0654fa15d8c2c8bf2dee740cddc35e4ef57c1d2ec53471cd4894ed2028:H_bag,17714a0654fa15d8c2c8bf2dee740cddc35e4ef57c1d2ec53471cd4894ed2028,I4,3cf657a5522fa6d4855e4532170e2fb9c12f6451ec57e1b07cff80fc38ae39ee,4076319,H_bag,ACTION_CHANGED_HORIZON_COMPLETE,true,,true,true,true,NEUTRAL_WITHIN_TOLERANCE,0.0,[33815],,,I4|BODY|NO_DIVERGENCE|HIGH,471856,945,0.0020027296463327794,499.31851851851854
0d361766c1993ef76709a5add57da381f3185a2687fb5f545f6af515e357d274:H_bag,0d361766c1993ef76709a5add57da381f3185a2687fb5f545f6af515e357d274,I3,93729b583024067be83f4cfba882f798c3f563837d07efac948b84c2aa45d299,4079262,H_bag,ACTION_CHANGED_HORIZON_COMPLETE,true,,true,true,true,HARMFUL,22.049999999995634,[31714],,,I3|BODY|DIVERGENCE|HIGH,10032,56,0.005582137161084529,179.14285714285714
c8165602128c132e6568b509be19eca8f6bc5e1b8c6335431c659c60cee146c9:H_bag,c8165602128c132e6568b509be19eca8f6bc5e1b8c6335431c659c60cee146c9,I3,8a4b502a0a110da2031e7454fe7e5d6f6c6cb04eafbafc509bf63f6016296289,4080491,H_bag,ACTION_CHANGED_HORIZON_COMPLETE,true,,true,true,true,HARMFUL,24.549999999995634,[31862],,,I3|BODY|NO_DIVERGENCE|HIGH,170143,958,0.005630557824888476,177.60229645093946
116f79ba6aca0ebdf2550edc22b1613bb05b6b9117507ab7621f810d54dd66c7:H_bag,116f79ba6aca0ebdf2550edc22b1613bb05b6b9117507ab7621f810d54dd66c7,I4,999b798ff634dee46ece0826b2cc38c8deaffd1912e39a5e24bea94b822a4a79,4080838,H_bag,ACTION_CHANGED_HORIZON_COMPLETE,true,,true,true,true,NEUTRAL_WITHIN_TOLERANCE,0.0,[31912],,,I4|BODY|NO_DIVERGENCE|HIGH,471856,945,0.0020027296463327794,499.31851851851854
eef00e3166ef7dfad112a0b28ea475a9dfaa576008ba36b795e1adafc0e628e2:H_bag,eef00e3166ef7dfad112a0b28ea475a9dfaa576008ba36b795e1adafc0e628e2,I3,83f970b5008d7ec6346e2a1a0dba7dd98c888162a3aa6247cde5242f239dc778,4080976,H_bag,ACTION_CHANGED_HORIZON_COMPLETE,true,,true,true,true,HARMFUL,24.049999999995634,[31935],,,I3|BODY|NO_DIVERGENCE|HIGH,170143,958,0.005630557824888476,177.60229645093946
c4bfaad448c7e818d6b02de14576b6ec1f16625597f0262c33d6b414994547c5:H_bag,c4bfaad448c7e818d6b02de14576b6ec1f16625597f0262c33d6b414994547c5,I3,4952113255d6fcb332ae0f069c817e654748935d78973dff32ef050c931ed54e,4082247,H_bag,ACTION_CHANGED_HORIZON_COMPLETE,true,,true,true,true,HARMFUL,33.0,[33848],,,I3|BODY|NO_DIVERGENCE|HIGH,170143,958,0.005630557824888476,177.60229645093946
b4bc7605343be09fd139bd91d64689d48408ca161762b204b56c033b3625adee:H_bag,b4bc7605343be09fd139bd91d64689d48408ca161762b204b56c033b3625adee,I4,548df8a95d33f2ffdc7bac235b6688d75ce2bc7741c87e3be79a896c0cfb8bb7,4082608,H_bag,ACTION_CHANGED_HORIZON_COMPLETE,true,,true,true,true,HARMFUL,0.000999999996565748,[33863],,,I4|BODY|NO_DIVERGENCE|HIGH,471856,945,0.0020027296463327794,499.31851851851854
1ffdd3117c35b4d4de640e57f85fcf01963b1b1e206120d990f217565b2a5c80:H_bag,1ffdd3117c35b4d4de640e57f85fcf01963b1b1e206120d990f217565b2a5c80,I3,fb931b932094b988d4094a0090999cd76940d93cfa55fd17058c7922262d6a45,4084394,H_bag,ACTION_CHANGED_HORIZON_COMPLETE,true,,true,true,true,HARMFUL,75.59999999999127,[31953],,,I3|BODY|NO_DIVERGENCE|HIGH,170143,958,0.005630557824888476,177.60229645093946
28ab5d65f50d942f5d213f05e99baa8d71a1487d629ac5e78c9a7857e77601c5:H_bag,28ab5d65f50d942f5d213f05e99baa8d71a1487d629ac5e78c9a7857e77601c5,I3,809d27bbaf1eec7954b8c1779741b078839c77eb6accdcdfce836ddfceea5ba9,4091055,H_bag,ACTION_CHANGED_HORIZON_COMPLETE,true,,true,true,true,HARMFUL,25.60000000000582,[33944],,,I3|BODY|DIVERGENCE|HIGH,10032,56,0.005582137161084529,179.14285714285714
d2fd5292efd8ec3c0c45a0e8899a76f3b7f4765aa0a211b86ab255a33b79d247:H_bag,d2fd5292efd8ec3c0c45a0e8899a76f3b7f4765aa0a211b86ab255a33b79d247,I4,3874ca0093a8ad6e00a07885d3410fc5deef35014b50178821f032ac2e5791a8,4092709,H_bag,ACTION_CHANGED_HORIZON_COMPLETE,true,,true,true,true,HARMFUL,1.0,[33952],,,I4|BODY|NO_DIVERGENCE|HIGH,471856,945,0.0020027296463327794,499.31851851851854
f1f30c048cf4c3a7a4167878d11cd3e87fca5a1777f2a6467a7b091f97e81ff9:H_bag,f1f30c048cf4c3a7a4167878d11cd3e87fca5a1777f2a6467a7b091f97e81ff9,I3,b8982d74c6dc210e08ed63ef0052483a8d5719e0948a79c9f996100508207f84,4092861,H_bag,ACTION_CHANGED_HORIZON_COMPLETE,true,,true,true,true,HARMFUL,57.19999999999709,[33959],,,I3|BODY|NO_DIVERGENCE|HIGH,170143,958,0.005630557824888476,177.60229645093946
c8ba9589ddfb0e81ebee823d6ad9e37388ab5d484a8078882ed6d0b6b6488bc2:H_bag,c8ba9589ddfb0e81ebee823d6ad9e37388ab5d484a8078882ed6d0b6b6488bc2,I3,cfcad30af70b701895d62e7e978b4c6692665e9f9f68905c95d58e30fdc62da8,4093792,H_bag,ACTION_CHANGED_HORIZON_COMPLETE,true,,true,true,true,HARMFUL,24.049999999995634,[27048],,,I3|TAIL|NO_DIVERGENCE|HIGH,4196,58,0.013822688274547188,72.34482758620689
bbff3ef08ff3e4a055adaf4f1bacdf4d6b21a75343eef0a2cee5c37c4fc5e8ee:H_bag,bbff3ef08ff3e4a055adaf4f1bacdf4d6b21a75343eef0a2cee5c37c4fc5e8ee,I4,eeabf111782c938d9ecfe1292373598c7e4cc5ebbfde7c7ba1db2fbc92012e65,4093880,H_bag,ACTION_CHANGED_HORIZON_COMPLETE,true,,true,true,true,NEUTRAL_WITHIN_TOLERANCE,0.0,[27161],,,I4|BODY|NO_DIVERGENCE|HIGH,471856,945,0.0020027296463327794,499.31851851851854
c70d300deacbf296d11748e93df011770d13ad6fa4387bf9832047b0cf116b67:H_bag,c70d300deacbf296d11748e93df011770d13ad6fa4387bf9832047b0cf116b67,I3,f141ea9a35e0b12444b39326415d4b40456297dfd37628c26e4df6a4621a2824,4093995,H_bag,ACTION_CHANGED_HORIZON_COMPLETE,true,,true,true,true,HARMFUL,24.049999999995634,[27745],,,I3|BODY|NO_DIVERGENCE|HIGH,170143,958,0.005630557824888476,177.60229645093946
16d1655f83c9ca8e3836ae1f82b11696f374b583515119ed235f5a3db167a518:H_bag,16d1655f83c9ca8e3836ae1f82b11696f374b583515119ed235f5a3db167a518,I4,19ada0d5b60612383a1ed60728919e77dfd00c2124a056a5aee326260decae79,4094785,H_bag,ACTION_CHANGED_HORIZON_COMPLETE,true,,true,true,true,HARMFUL,0.4000000000014552,[27934],,,I4|BODY|NO_DIVERGENCE|HIGH,471856,945,0.0020027296463327794,499.31851851851854
36378987b971f0a201db20eb877655e7cff788ae666c8f976060604a74d82a5c:H_bag,36378987b971f0a201db20eb877655e7cff788ae666c8f976060604a74d82a5c,I4,264365ea97a97a734fd88b1902d11f91ebb69362838836bb7e762c5b5053dd96,4094898,H_bag,ACTION_CHANGED_HORIZON_COMPLETE,true,,true,true,true,HARMFUL,0.4000000000014552,[28422],,,I4|BODY|NO_DIVERGENCE|HIGH,471856,945,0.0020027296463327794,499.31851851851854
152eb20aee9f76a9a116b4b1958c4ff37d6a6db67a3fc146a9d3bfe07338c092:H_bag,152eb20aee9f76a9a116b4b1958c4ff37d6a6db67a3fc146a9d3bfe07338c092,I4,a94adb2c0012ffd0c831abe11c7e37e44f67441540814e0fece1b9fe908b5d3c,4103366,H_bag,ACTION_CHANGED_HORIZON_COMPLETE,true,,true,true,true,HARMFUL,0.5999999999985448,[31552],,,I4|BODY|NO_DIVERGENCE|HIGH,471856,945,0.0020027296463327794,499.31851851851854
3161750a81267fd2895d562d2319b1625ec14474b4eae533b4d5a7df343b5628:H_bag,3161750a81267fd2895d562d2319b1625ec14474b4eae533b4d5a7df343b5628,I3,6fa248ea3bebd991ff5804e39c0a8caa282859ff9ea36005e91b7e7c617be761,4104246,H_bag,ACTION_CHANGED_HORIZON_COMPLETE,true,,true,true,true,HARMFUL,75.59999999999127,[31408],,,I3|BODY|NO_DIVERGENCE|HIGH,170143,958,0.005630557824888476,177.60229645093946
f06591d9e035209fc4da3ea0d391278d49bbe292267b38e837e5e80cb0c250e3:H_bag,f06591d9e035209fc4da3ea0d391278d49bbe292267b38e837e5e80cb0c250e3,I3,78aa554e0170753ebb82b08dc251b041e11469c9a68373180c9ab9b52f3b75bf,4109247,H_bag,ACTION_CHANGED_HORIZON_COMPLETE,true,,true,true,true,HARMFUL,24.549999999995634,[32187],,,I3|BODY|NO_DIVERGENCE|HIGH,170143,958,0.005630557824888476,177.60229645093946
b225590657c8178256678aaf0237ede65604068fcf0f422ef605531cfdcc6bca:H_bag,b225590657c8178256678aaf0237ede65604068fcf0f422ef605531cfdcc6bca,I4,33229e8322260e4f0d0cb3b4fa8ba540a5e638af78ec0aedd5e2b25ff798be8a,4111220,H_bag,ACTION_CHANGED_HORIZON_COMPLETE,true,,true,true,true,HARMFUL,0.5999999999985448,[32293],,,I4|BODY|NO_DIVERGENCE|HIGH,471856,945,0.0020027296463327794,499.31851851851854
04a48ffb5a3e1308f88b81a266f1a8d28ca6318b1d7c1a8bce88bb8564c8130d:H_bag,04a48ffb5a3e1308f88b81a266f1a8d28ca6318b1d7c1a8bce88bb8564c8130d,I3,d92ce2bd30e85768293495ebb2e5e71f2ad9c5946f3958cfa55d77145831ebc7,4113551,H_bag,ACTION_CHANGED_HORIZON_COMPLETE,true,,true,true,true,HARMFUL,10.941059999990102,[34023],,,I3|BODY|NO_DIVERGENCE|HIGH,170143,958,0.005630557824888476,177.60229645093946
aa2b4acde357ce57559f812d1098f32399e950d61b06c330fd2125b4185d30d9:H_bag,aa2b4acde357ce57559f812d1098f32399e950d61b06c330fd2125b4185d30d9,I3,79090ca324532b70176a8089ff2a20ffff3656297bb5a3d31cb739e58106f17d,4120185,H_bag,ACTION_CHANGED_HORIZON_COMPLETE,true,,true,true,true,HARMFUL,34.25,[34082],,,I3|BODY|NO_DIVERGENCE|HIGH,170143,958,0.005630557824888476,177.60229645093946
23fc6022a9968c292fd03fec6acc41d1689e96310137902350429c48360bcb32:H_bag,23fc6022a9968c292fd03fec6acc41d1689e96310137902350429c48360bcb32,I4,74da3fcd719a3d0aa3149f744f06df03c343e01a0d70560cf0b8e31b1a39e317,4120376,H_bag,ACTION_CHANGED_HORIZON_COMPLETE,true,,true,true,true,HARMFUL,0.000999999996565748,[34105],,,I4|BODY|NO_DIVERGENCE|HIGH,471856,945,0.0020027296463327794,499.31851851851854
9fc77912a0297277dbf25317dc15d0ba200163c0ffcd1f93880ffb38cc5b5129:H_bag,9fc77912a0297277dbf25317dc15d0ba200163c0ffcd1f93880ffb38cc5b5129,I3,833988c8f624a5b05ab98555f71bc5e6957fe385cba90f097331d7560cee153a,4126652,H_bag,ACTION_CHANGED_HORIZON_COMPLETE,true,,true,true,true,HARMFUL,76.09999999999127,[34119],,,I3|BODY|NO_DIVERGENCE|HIGH,170143,958,0.005630557824888476,177.60229645093946
c9e03e2740e3dc2a26a5aaf8afbead752f4b6bc31bdf47421c58a939ce1c2b07:H_bag,c9e03e2740e3dc2a26a5aaf8afbead752f4b6bc31bdf47421c58a939ce1c2b07,I4,1419466d124ccbf444fb1731a67b8c6c42314efa10ac0a3cbbf7a0cc2b60cc48,4127892,H_bag,ACTION_CHANGED_HORIZON_COMPLETE,true,,true,true,true,NEUTRAL_WITHIN_TOLERANCE,0.0,[34160],,,I4|BODY|NO_DIVERGENCE|HIGH,471856,945,0.0020027296463327794,499.31851851851854
8867c1e451ddd6309a557eb9a3887bb109a9d20aef40adfbee7b4b9902851fe4:H_bag,8867c1e451ddd6309a557eb9a3887bb109a9d20aef40adfbee7b4b9902851fe4,I4,32be07654f35d0ed8d00f52d0464c813f58a41cf90d3985275091f5d80116198,4128358,H_bag,ACTION_CHANGED_HORIZON_COMPLETE,true,,true,true,true,HARMFUL,0.5828000000037719,[34143],,,I4|BODY|NO_DIVERGENCE|HIGH,471856,945,0.0020027296463327794,499.31851851851854
3dade28ce075703a8edcc5a3225cd7cd0bcb04b4d32c3da2a7a42f67e52c2b63:H_bag,3dade28ce075703a8edcc5a3225cd7cd0bcb04b4d32c3da2a7a42f67e52c2b63,I4,b202f745790a7731098b86c6786fde5c100f27334f7c20d74c6c9db287feed66,4134779,H_bag,ACTION_CHANGED_HORIZON_COMPLETE,true,,true,true,true,HARMFUL,1.0,[34143],,,I4|BODY|NO_DIVERGENCE|HIGH,471856,945,0.0020027296463327794,499.31851851851854
6985ee2073cf12f9db07ede7cd0df3d575aae3b06d66446a366b390d2e3c7700:H_bag,6985ee2073cf12f9db07ede7cd0df3d575aae3b06d66446a366b390d2e3c7700,I4,e42c4265608a9d035d02be1bde843e31539546eacd090ca1acff2f81eab08aef,4135194,H_bag,ACTION_CHANGED_HORIZON_COMPLETE,true,,true,true,true,HARMFUL,0.5999999999985448,[34187],,,I4|BODY|NO_DIVERGENCE|HIGH,471856,945,0.0020027296463327794,499.31851851851854
2d0003d6774e7c00fe2a2209e0e80d9cdf58a5f71b9c611ef18b63e331efc961:H_bag,2d0003d6774e7c00fe2a2209e0e80d9cdf58a5f71b9c611ef18b63e331efc961,I3,0e8e1103d05212b0c3447879b35ec34a993452cfc9831a621ef9835eeb820377,4136444,H_bag,ACTION_CHANGED_HORIZON_COMPLETE,true,,true,true,true,HARMFUL,24.049999999995634,[29785],,,I3|BODY|NO_DIVERGENCE|HIGH,170143,958,0.005630557824888476,177.60229645093946
7dc145c7107aa94599f14b349f308223e1e40f6736301bb989a0ca80c3edbab2:H_system,7dc145c7107aa94599f14b349f308223e1e40f6736301bb989a0ca80c3edbab2,I3,b3bc547f47e93555d867981a5755cedb8fcc9a25a7042539e0076c2ae3100bf3,4140113,H_system,ACTION_CHANGED_HORIZON_COMPLETE,true,,true,true,true,HARMFUL,0.0002660367406122077,[30978],"[30978,30989,30995,31001,31025,31178,31215,31236,31255,31405,31417,31429,31434,31440,31455,31599,31601,31605,31619,31710,31716,31728,31734,31738,31756,31758,31788,31798,31815,31828,31834,31848,31910,31990,32010,32014,32016,32032,32061,32171,32178,32249,32336,32384,32386,32411,32448,32453,32458,32543,32547,32561,32563,32577,34219,34221,34225,34231,34234,34238,34260]","[30989,30995,31001,31025,31178,31215,31236,31255,31405,31417,31429,31434,31440,31455,31599,31601,31605,31619,31710,31716,31728,31734,31738,31756,31758,31788,31798,31815,31828,31834,31848,31910,31990,32010,32014,32016,32032,32061,32171,32178,32249,32336,32384,32386,32411,32448,32453,32458,32543,32547,32561,32563,32577,34219,34221,34225,34231,34234,34238,34260]",I3|BODY|NO_DIVERGENCE|HIGH,170143,958,0.005630557824888476,177.60229645093946
30fd908d99469624ba7bdd0ad894dbe04d5ded0e5b0927edfc87974022383412:H_system,30fd908d99469624ba7bdd0ad894dbe04d5ded0e5b0927edfc87974022383412,I3,a30a8ad4e19e23986acd245771e27deb7252d6d74ad5a91cd6bd836ff9dc5908,4143028,H_system,ACTION_CHANGED_HORIZON_COMPLETE,true,,true,true,true,HARMFUL,0.0005103309405285472,[31599],"[31599,31601,31605,31619,31710,31716,31728,31734,31738,31756,31758,31788,31798,31815,31828,31834,31848,31910,31990,32010,32014,32016,32032,32061,32171,32178,32249,32336,32384,32386,32411,32448,32453,32458,32543,32547,32561,32563,32577,34234,34238,34260]","[31601,31605,31619,31710,31716,31728,31734,31738,31756,31758,31788,31798,31815,31828,31834,31848,31910,31990,32010,32014,32016,32032,32061,32171,32178,32249,32336,32384,32386,32411,32448,32453,32458,32543,32547,32561,32563,32577,34234,34238,34260]",I3|BODY|NO_DIVERGENCE|HIGH,170143,958,0.005630557824888476,177.60229645093946
38482af4fe42d286277bac7351498fc2ee9a4bcce5ace8de1dcc6b221a09e4c7:H_system,38482af4fe42d286277bac7351498fc2ee9a4bcce5ace8de1dcc6b221a09e4c7,I3,9b40bd56af9150335ba51372538d3edd2db892e1116c61999ef733334e7f1ffa,4143073,H_system,ACTION_CHANGED_HORIZON_COMPLETE,true,,true,true,true,HARMFUL,0.0007568286585808437,[34240],[34240],[],I3|BODY|NO_DIVERGENCE|HIGH,170143,958,0.005630557824888476,177.60229645093946
7dcf1407b2db1efe1e5c048959e51688221cba25108799d230e2870f21ffe67c:H_bag,7dcf1407b2db1efe1e5c048959e51688221cba25108799d230e2870f21ffe67c,I3,b45aebda5c057d124f9ef7b9bf744955c4f58fc20dd3a780d43035fd12be693e,4145651,H_bag,ACTION_CHANGED_HORIZON_COMPLETE,true,,true,true,true,HARMFUL,24.799999999995634,[31788],,,I3|BODY|DIVERGENCE|HIGH,10032,56,0.005582137161084529,179.14285714285714
f5f6f4b5a98bd38234909ed6b08e34edf60f62b12908769c602aff10d5736000:H_bag,f5f6f4b5a98bd38234909ed6b08e34edf60f62b12908769c602aff10d5736000,I4,3a894b5c949a3afc96895722809672039a293303452236dc261db31e84ef1607,4146043,H_bag,ACTION_CHANGED_HORIZON_COMPLETE,true,,true,true,true,HARMFUL,1.0,[34269],,,I4|BODY|NO_DIVERGENCE|HIGH,471856,945,0.0020027296463327794,499.31851851851854
9394b59ca5264ded073afe230a11aec9d371f530e48a348bc8ffdbbbf41cdb4e:H_bag,9394b59ca5264ded073afe230a11aec9d371f530e48a348bc8ffdbbbf41cdb4e,I4,a23d697990669a4750923e98d4a49f8a0896ea4a44a32e5abf9b7a452654e752,4146069,H_bag,ACTION_CHANGED_HORIZON_COMPLETE,true,,true,true,true,HARMFUL,1.0,[31025],,,I4|BODY|NO_DIVERGENCE|HIGH,471856,945,0.0020027296463327794,499.31851851851854
d40c537423de6dff52f886e5c64765b051b1b61b82ce743af2053ad4e1cea380:H_bag,d40c537423de6dff52f886e5c64765b051b1b61b82ce743af2053ad4e1cea380,I3,7996ae1fd8b16d8305ea5bcb59f311c3f4ed190ac716392631002ad1d9a8392d,4146124,H_bag,ACTION_CHANGED_HORIZON_COMPLETE,true,,true,true,true,HARMFUL,21.549999999995634,[31834],,,I3|BODY|DIVERGENCE|HIGH,10032,56,0.005582137161084529,179.14285714285714
3c0c241953834ecc4eed1ddf2b001a9b72a98ec864084a9e79c8ab99cfbc0458:H_bag,3c0c241953834ecc4eed1ddf2b001a9b72a98ec864084a9e79c8ab99cfbc0458,I3,0cc5a9fd5ccc6c3866873b05a68a268913fec7e9b8085c280a46c5523181a0a3,4147681,H_bag,ACTION_CHANGED_HORIZON_COMPLETE,true,,true,true,true,HARMFUL,23.549999999995634,[32032],,,I3|BODY|NO_DIVERGENCE|HIGH,170143,958,0.005630557824888476,177.60229645093946
aaeaca5b1c2c5028a3495eb1723ef3450c3669983987347350503cc8c4f31963:H_bag,aaeaca5b1c2c5028a3495eb1723ef3450c3669983987347350503cc8c4f31963,I4,fc32db0029bdeac16d74adaf5f0f109808ecf951ca1ff0d7c36494509e7c4215,4147901,H_bag,ACTION_CHANGED_HORIZON_COMPLETE,true,,true,true,true,HARMFUL,0.40948000000207685,[34269],,,I4|BODY|NO_DIVERGENCE|HIGH,471856,945,0.0020027296463327794,499.31851851851854
a48750df3c33ea9c9b5d14a5debb218ac6b4b498de29141dbbb5df19583caef3:H_bag,a48750df3c33ea9c9b5d14a5debb218ac6b4b498de29141dbbb5df19583caef3,I4,f586dd9ad0cb0f29eff064115bc508988eed39882d25b49ed646f8d94cac6a39,4148561,H_bag,ACTION_CHANGED_HORIZON_COMPLETE,true,,true,true,true,HARMFUL,0.3000000000029104,[31848],,,I4|BODY|NO_DIVERGENCE|HIGH,471856,945,0.0020027296463327794,499.31851851851854
9d30928136412f617bac66a9746d092be9a6b4a3ab0a345925314c66a0eab970:H_bag,9d30928136412f617bac66a9746d092be9a6b4a3ab0a345925314c66a0eab970,I3,6b322c7f260928ffe836d812d262e3c16d595361fc842a0db49d3012ee5aa3a9,4148631,H_bag,ACTION_CHANGED_HORIZON_COMPLETE,true,,true,true,true,HARMFUL,52.900000000001455,[32010],,,I3|BODY|DIVERGENCE|HIGH,10032,56,0.005582137161084529,179.14285714285714
56232f5dbafc4f83bb0f8b9fd8debc5014852514451e7fb92e224352639695e4:H_system,56232f5dbafc4f83bb0f8b9fd8debc5014852514451e7fb92e224352639695e4,I3,4ca6a05a5506a35c29a711f6e31dd38e3feeb5c1eb01000857b1bb792a05799a,4149279,H_system,ACTION_CHANGED_HORIZON_COMPLETE,true,,true,true,true,HARMFUL,0.0017338256542132058,[32016],[32016],[],I3|BODY|NO_DIVERGENCE|HIGH,170143,958,0.005630557824888476,177.60229645093946
2d78f2ed7866e6bbc359e43c2e0d22c47b728fc75913091ec042e5ee88df7e33:H_bag,2d78f2ed7866e6bbc359e43c2e0d22c47b728fc75913091ec042e5ee88df7e33,I3,ff053dd079500e5676abcac1aab8629252d189ef271695ec7c113a58cc79e15b,4163297,H_bag,ACTION_CHANGED_HORIZON_COMPLETE,true,,true,true,true,HARMFUL,75.59999999999127,[32119],,,I3|BODY|NO_DIVERGENCE|HIGH,170143,958,0.005630557824888476,177.60229645093946
2ef1a9817777269f2b753756dcdae1043fa7760773e3ed548109a0498d057396:H_bag,2ef1a9817777269f2b753756dcdae1043fa7760773e3ed548109a0498d057396,I4,44cad2fc08b81f78ce80df05b4e6364f790529505735743c1f9fe0e95a6179c3,4167365,H_bag,ACTION_CHANGED_HORIZON_COMPLETE,true,,true,true,true,HARMFUL,0.5,[34400],,,I4|TAIL|DIVERGENCE|HIGH,990,5,0.00505050505050505,198.00000000000003
3bbf7fa8c649aca1b0aa51e4f0386fccf5c343e9f204d53c0833f752b1b7deb0:H_bag,3bbf7fa8c649aca1b0aa51e4f0386fccf5c343e9f204d53c0833f752b1b7deb0,I4,703379f5a0253c3fc82436d223dd9189cd6677fba8f0d9226922d7c9c5c2c1f0,4168274,H_bag,ACTION_CHANGED_HORIZON_COMPLETE,true,,true,true,true,BENEFICIAL,-89.27029000000039,[34374],,,I4|BODY|NO_DIVERGENCE|HIGH,471856,945,0.0020027296463327794,499.31851851851854
eeb221555e76bade47290beb8eaff0913f094d91af81d800051af51dab9490d0:H_bag,eeb221555e76bade47290beb8eaff0913f094d91af81d800051af51dab9490d0,I4,d1ccea6703990b1eb83cb0adcd2184919969ac71e6b1c0fcc6c091260a00e763,4169351,H_bag,ACTION_CHANGED_HORIZON_COMPLETE,true,,true,true,true,NEUTRAL_WITHIN_TOLERANCE,0.0,[34390],,,I4|BODY|NO_DIVERGENCE|HIGH,471856,945,0.0020027296463327794,499.31851851851854
286504a0342f5de21bef81188e1b7027c5c744251060391c24f0d6bc0baf49b1:H_bag,286504a0342f5de21bef81188e1b7027c5c744251060391c24f0d6bc0baf49b1,I3,d7832c8dc2501f969268bfec63439e457cdfc09947ff8559b4dd85b0fc80f89d,4169706,H_bag,ACTION_CHANGED_HORIZON_COMPLETE,true,,true,true,true,BENEFICIAL,-61.122429999988526,[34419],,,I3|TAIL|NO_DIVERGENCE|HIGH,4196,58,0.013822688274547188,72.34482758620689
004ee98720fbf86ae0f92e38d59cfc81e4264794a863de4d584e06545d404b5a:H_bag,004ee98720fbf86ae0f92e38d59cfc81e4264794a863de4d584e06545d404b5a,I3,27bba197ec106b3ce4b7f6c7c28ba7bd042d6d266cc22c2a7b6fbbd193dc73ea,4170960,H_bag,ACTION_CHANGED_HORIZON_COMPLETE,true,,true,true,true,HARMFUL,33.0,[34422],,,I3|TAIL|DIVERGENCE|HIGH,466,7,0.01502145922746781,66.57142857142858
bac3c58eeb7342b14658a6f6b6af26078ad7019d8f0f92c1aebb2f495ab016fd:H_bag,bac3c58eeb7342b14658a6f6b6af26078ad7019d8f0f92c1aebb2f495ab016fd,I4,07aa168e42de754b7aa662a21e1f455f647923ffe2313848ce8701dae41749ec,4175146,H_bag,ACTION_CHANGED_HORIZON_COMPLETE,true,,true,true,true,HARMFUL,1.0,[34444],,,I4|BODY|NO_DIVERGENCE|HIGH,471856,945,0.0020027296463327794,499.31851851851854
137c9d6c25b2a5cb9f72bcd5319597f2827e481cc9ef108321b2dcf6f67a064a:H_bag,137c9d6c25b2a5cb9f72bcd5319597f2827e481cc9ef108321b2dcf6f67a064a,I4,15793c2abd1c8ae33b5fc2c5183696cb7f3f792a88d299053451dc051d5b2ad0,4183597,H_bag,ACTION_CHANGED_HORIZON_COMPLETE,true,,true,true,true,NEUTRAL_WITHIN_TOLERANCE,0.0,[34568],,,I4|BODY|NO_DIVERGENCE|HIGH,471856,945,0.0020027296463327794,499.31851851851854
887adc36279d9b4b6f05fa11f2818cb4166d7a9e80d398fc18d8aa1678df6fbf:H_bag,887adc36279d9b4b6f05fa11f2818cb4166d7a9e80d398fc18d8aa1678df6fbf,I3,3155bc3dd469204473eb06f97e769406be66c7812687dfbc88f01aad7cb662fb,4186746,H_bag,ACTION_CHANGED_HORIZON_COMPLETE,true,,true,true,true,HARMFUL,24.049999999995634,[30412],,,I3|BODY|NO_DIVERGENCE|HIGH,170143,958,0.005630557824888476,177.60229645093946
ebdd2f5e59a747e77d2223ea1904f499fbbb02d2f611a924c86460ece7f924d5:H_bag,ebdd2f5e59a747e77d2223ea1904f499fbbb02d2f611a924c86460ece7f924d5,I3,4a5769b96e83f396cfa74b4365e7e25093d71232caa485564a3189393056e286,4187509,H_bag,ACTION_CHANGED_HORIZON_COMPLETE,true,,true,true,true,HARMFUL,77.39999999999418,[34538],,,I3|BODY|NO_DIVERGENCE|HIGH,170143,958,0.005630557824888476,177.60229645093946
dd0f3034f55238f671f22a0c9131297dfa3dfd8f5cf2bb83585074e5d31e3f46:H_bag,dd0f3034f55238f671f22a0c9131297dfa3dfd8f5cf2bb83585074e5d31e3f46,I4,a7f164654b5694f9276b0a55acb283c3ccdc513c300426d4401d39d58aaaea97,4192192,H_bag,ACTION_CHANGED_HORIZON_COMPLETE,true,,true,true,true,NEUTRAL_WITHIN_TOLERANCE,0.0,[32063],,,I4|BODY|NO_DIVERGENCE|HIGH,471856,945,0.0020027296463327794,499.31851851851854
f1e9df582bc5cf65e64ec7e5ecdae6cac888db2e051c264e4ce4a87def27694d:H_bag,f1e9df582bc5cf65e64ec7e5ecdae6cac888db2e051c264e4ce4a87def27694d,I3,1bb020074b6dfc889397149c547701f3030e0c46fb3321b1f0d181b34ca28877,4192421,H_bag,ACTION_CHANGED_HORIZON_COMPLETE,true,,true,true,true,HARMFUL,23.799999999995634,[32063],,,I3|BODY|NO_DIVERGENCE|HIGH,170143,958,0.005630557824888476,177.60229645093946
b695e6c9ad43e8b1ee5a7fdf506070611d389a0a54d2a7b72cc97cb7943758b0:H_bag,b695e6c9ad43e8b1ee5a7fdf506070611d389a0a54d2a7b72cc97cb7943758b0,I3,c966694f46d29eb5d33ce062684a4204300b68c5a39f2bbed4c79bc7c3e90d5a,4194342,H_bag,ACTION_CHANGED_HORIZON_COMPLETE,true,,true,true,true,HARMFUL,24.049999999995634,[32154],,,I3|BODY|NO_DIVERGENCE|HIGH,170143,958,0.005630557824888476,177.60229645093946
57b0f691b7673a2fbd4b430d52467b9d56cb964b57d3a3c0dc036a3248959fed:H_bag,57b0f691b7673a2fbd4b430d52467b9d56cb964b57d3a3c0dc036a3248959fed,I4,22483fa76bc9782b739eac2025bf7ef8c79ba545382d3acffe98b9ea1f392d28,4197269,H_bag,ACTION_CHANGED_HORIZON_COMPLETE,true,,true,true,true,HARMFUL,1.0,[34625],,,I4|BODY|NO_DIVERGENCE|HIGH,471856,945,0.0020027296463327794,499.31851851851854
2d1fa1fd889b7b117f9642744366877c7525f0ca3924abbec916e7fed09c8933:H_system,2d1fa1fd889b7b117f9642744366877c7525f0ca3924abbec916e7fed09c8933,I4,7ffdbcce7f67d368f962d19d1e604f6a639aad0fa4e1e806162cba47cc30e62d,4199676,H_system,ACTION_CHANGED_HORIZON_COMPLETE,true,,true,true,true,NEUTRAL_WITHIN_TOLERANCE,0.0,[32855],[32855],[],I4|BODY|NO_DIVERGENCE|HIGH,471856,945,0.0020027296463327794,499.31851851851854
abafd5eb05c7ac804984bb4b5f3a8f16e654b6cd0a59a5e669e26813d81073e4:H_bag,abafd5eb05c7ac804984bb4b5f3a8f16e654b6cd0a59a5e669e26813d81073e4,I4,a86808e744d23295eb3cb3dad5bb423bfe893e41f649cd592ee2e69aa9793ec6,4199705,H_bag,ACTION_CHANGED_HORIZON_COMPLETE,true,,true,true,true,NEUTRAL_WITHIN_TOLERANCE,0.0,[32855],,,I4|BODY|NO_DIVERGENCE|HIGH,471856,945,0.0020027296463327794,499.31851851851854
31cb52679255111fd7ffe7f39094f3cca9d86582a87ad46e0ab2018d0d3794ee:H_bag,31cb52679255111fd7ffe7f39094f3cca9d86582a87ad46e0ab2018d0d3794ee,I3,a6850880a1f73c86e1f50a99badcc09fe64b09beb377356aef10ce326495d245,4200540,H_bag,ACTION_CHANGED_HORIZON_COMPLETE,true,,true,true,true,HARMFUL,24.799999999995634,[32941],,,I3|BODY|NO_DIVERGENCE|HIGH,170143,958,0.005630557824888476,177.60229645093946
6bd0eb6435f706de3e1652c058e818f202bdd9ec6a66338547c1bb0fef0774a7:H_bag,6bd0eb6435f706de3e1652c058e818f202bdd9ec6a66338547c1bb0fef0774a7,I4,ba63fb48a885a474e25589d85bf1e04135e32f9c34ece40cdfa857d7c73cf944,4201167,H_bag,ACTION_CHANGED_HORIZON_COMPLETE,true,,true,true,true,HARMFUL,0.000999999996565748,[33021],,,I4|BODY|NO_DIVERGENCE|HIGH,471856,945,0.0020027296463327794,499.31851851851854
07008440ebcd59e686c4755c5cbbf7130c2fffa733b5bc73d8e48ca186dd6066:H_system,07008440ebcd59e686c4755c5cbbf7130c2fffa733b5bc73d8e48ca186dd6066,I4,bcdf4a22b745eff4ae9a4dc4528be999b01164b0ff4441eb6828c03c759c34a0,4201327,H_system,ACTION_CHANGED_HORIZON_COMPLETE,true,,true,true,true,HARMFUL,0.0001272848199391774,[32862],"[32862,32878,32894,32941,32956,33004,33008,33021,34624]","[32878,32894,32941,32956,33004,33008,33021,34624]",I4|BODY|NO_DIVERGENCE|HIGH,471856,945,0.0020027296463327794,499.31851851851854
8d46963661a081024353777f36897deb5a6e7b7242d1b1a89dcfb585a3d5e1ac:H_bag,8d46963661a081024353777f36897deb5a6e7b7242d1b1a89dcfb585a3d5e1ac,I4,6d3e40d00f9689891bc3a3376cb4c7f5d4dc670a7c7ff42edf71ba17dbb81b7d,4205936,H_bag,ACTION_CHANGED_HORIZON_COMPLETE,true,,true,true,true,HARMFUL,1.0,[34662],,,I4|BODY|NO_DIVERGENCE|HIGH,471856,945,0.0020027296463327794,499.31851851851854
24501233535f764cd09d8927e982948ceefa5b7846a568a887fbe22e6741190a:H_bag,24501233535f764cd09d8927e982948ceefa5b7846a568a887fbe22e6741190a,I3,9213e430a69b56c30243eea240eb93ee354c6431105c9b0e619687cbd5f686bf,4207078,H_bag,ACTION_CHANGED_HORIZON_COMPLETE,true,,true,true,true,HARMFUL,57.19999999999709,[34679],,,I3|BODY|NO_DIVERGENCE|HIGH,170143,958,0.005630557824888476,177.60229645093946
8708ace76cd89afb7ebc9cf7d2c153a314dbf16f4cae8c87cec271a626151cda:H_bag,8708ace76cd89afb7ebc9cf7d2c153a314dbf16f4cae8c87cec271a626151cda,I3,5e18af6edd16d8ada70b4ba7d78052018aa5edaa00de4c02e628cd9795e8f628,4211892,H_bag,ACTION_CHANGED_HORIZON_COMPLETE,true,,true,true,true,HARMFUL,24.049999999995634,[30465],,,I3|BODY|NO_DIVERGENCE|HIGH,170143,958,0.005630557824888476,177.60229645093946
3e8829369f2d8c72911af39a422cbe929cc4e8758dc86e1ce82be53e64204245:H_bag,3e8829369f2d8c72911af39a422cbe929cc4e8758dc86e1ce82be53e64204245,I3,36a9faf0b8c5dbe757b54540b14ce6373e831784fb7ab15488c0d190b5ed1581,4212123,H_bag,ACTION_CHANGED_HORIZON_COMPLETE,true,,true,true,true,HARMFUL,52.150000000001455,[29077],,,I3|BODY|NO_DIVERGENCE|HIGH,170143,958,0.005630557824888476,177.60229645093946
b8d0b83d1cb7072e0fd860ba81a0a3b398bfcae8cf8fbbf9434579a340a8136b:H_bag,b8d0b83d1cb7072e0fd860ba81a0a3b398bfcae8cf8fbbf9434579a340a8136b,I4,79055f574381a0f10dc2d054f471237e5fe8e7a148aff85c4584dd9a9f981911,4212545,H_bag,ACTION_CHANGED_HORIZON_COMPLETE,true,,true,true,true,HARMFUL,0.5999999999985448,[29825],,,I4|TAIL|NO_DIVERGENCE|HIGH,13582,67,0.004932999558238846,202.71641791044775
d7429582b7b15f72c8c8cb67d38c5c6a6bbcc393fc643bb610f4c8e49f887efa:H_bag,d7429582b7b15f72c8c8cb67d38c5c6a6bbcc393fc643bb610f4c8e49f887efa,I3,b584336593269fbfcc07afd1fd124c57da6c553c1fd26ef9aad3ebc8b95b947e,4212782,H_bag,ACTION_CHANGED_HORIZON_COMPLETE,true,,true,true,true,HARMFUL,75.59999999999127,[27724],,,I3|TAIL|NO_DIVERGENCE|HIGH,4196,58,0.013822688274547188,72.34482758620689
c9407dd7222d6394e154e84ecb66b3611901d41dab2bb8fa7205cfae3305d37c:H_bag,c9407dd7222d6394e154e84ecb66b3611901d41dab2bb8fa7205cfae3305d37c,I3,67b49e1113dbf3aa96e79e18b461e1d757217b4c5b0fe96b99616caf2a1bf085,4212935,H_bag,ACTION_CHANGED_HORIZON_COMPLETE,true,,true,true,true,HARMFUL,24.299999999995634,[30569],,,I3|BODY|NO_DIVERGENCE|HIGH,170143,958,0.005630557824888476,177.60229645093946
f17135ce9c465cd8b8627ba1a8272d2156b50b6b1e9597c34d307b9b16e0dba3:H_system,f17135ce9c465cd8b8627ba1a8272d2156b50b6b1e9597c34d307b9b16e0dba3,I4,26c5274b866618266c0719f727f6bb74b45ea07a027f2fe5d57b810e563a41f3,4213147,H_system,ACTION_CHANGED_HORIZON_COMPLETE,true,,true,true,true,HARMFUL,0.0011306561475237231,[30547],"[30547,30554,30562,30569,30609,30616,30730,30837,31086,31109,31234,31279,31375,31380,31386,31591,31653,31661,31688,31746,31762,31767,31777,31781,31784,31793,31803,31810,31812,31819,31830,31883,31886,31902,31928,31933,31944,31977,31988,32002,32191,32193,32195,32201,32206,32217,32219,32223,32233,32266,32291,32391,32450,32464,32480,32484,32499,32506,32510,32512,32552,32559,32566,32568,32570,32575,32579,32581,32588,32592,32594,32619,32623,32627,32631,32633,32658,32660,32675,32679,32682,32687,32690,32694,32697,32699,32706,32764,32782,32784,32789,32829,32857,32867,32871,32884,32901,32943,32964]","[30554,30562,30569,30609,30616,30730,30837,31086,31109,31234,31279,31375,31380,31386,31591,31653,31661,31688,31746,31762,31767,31777,31781,31784,31793,31803,31810,31812,31819,31830,31883,31886,31902,31928,31933,31944,31977,31988,32002,32191,32193,32195,32201,32206,32217,32219,32223,32233,32266,32291,32391,32450,32464,32480,32484,32499,32506,32510,32512,32552,32559,32566,32568,32570,32575,32579,32581,32588,32592,32594,32619,32623,32627,32631,32633,32658,32660,32675,32679,32682,32687,32690,32694,32697,32699,32706,32764,32782,32784,32789,32829,32857,32867,32871,32884,32901,32943,32964]",I4|BODY|NO_DIVERGENCE|HIGH,471856,945,0.0020027296463327794,499.31851851851854
a0510eb37fbc99ad79bfadd7b6144142f045f99c1b9c70701732e12dcce19f40:H_bag,a0510eb37fbc99ad79bfadd7b6144142f045f99c1b9c70701732e12dcce19f40,I4,bf2aeabc087ddaad8b30d4715bc640ffe9e84e093cc8c119713fb0c3e75eb6eb,4213753,H_bag,ACTION_CHANGED_HORIZON_COMPLETE,true,,true,true,true,NEUTRAL_WITHIN_TOLERANCE,0.0,[31375],,,I4|BODY|NO_DIVERGENCE|HIGH,471856,945,0.0020027296463327794,499.31851851851854
f69ade755abc817651423a3fa335f22f96d7f2970e9f3a3a87b9fee8cf60e9ae:H_system,f69ade755abc817651423a3fa335f22f96d7f2970e9f3a3a87b9fee8cf60e9ae,I4,d8bf94f9e2796e66c9441f687e95405a792a6bbd0b1b2a1f46143d47feb360bf,4214795,H_system,ACTION_CHANGED_HORIZON_COMPLETE,true,,true,true,true,NEUTRAL_WITHIN_TOLERANCE,0.0,[31777],[31777],[],I4|BODY|NO_DIVERGENCE|HIGH,471856,945,0.0020027296463327794,499.31851851851854
78a0e3444082295ec74187d4fe2cc0d81e6d5b59852a4bfeda8e651a9bfa54d1:H_bag,78a0e3444082295ec74187d4fe2cc0d81e6d5b59852a4bfeda8e651a9bfa54d1,I3,2cf5e133e55ff28b88ab943bfa784830b07b2fb8a24fca40b4e850561237dc8b,4215005,H_bag,ACTION_CHANGED_HORIZON_COMPLETE,true,,true,true,true,HARMFUL,51.400000000001455,[31380],,,I3|BODY|NO_DIVERGENCE|HIGH,170143,958,0.005630557824888476,177.60229645093946
e1130fef3c1b0d0dd3e9de8bdf2721ba31988770003f13b93dcf2203249cd23a:H_bag,e1130fef3c1b0d0dd3e9de8bdf2721ba31988770003f13b93dcf2203249cd23a,I4,b32c3596ac1d2f48d47733ada04b479da6b433951c97f932042db402e879c2f3,4216908,H_bag,ACTION_CHANGED_HORIZON_COMPLETE,true,,true,true,true,HARMFUL,0.4000000000014552,[31988],,,I4|BODY|NO_DIVERGENCE|HIGH,471856,945,0.0020027296463327794,499.31851851851854
596b2ead3c5b6cb40469d0454648b25688adeec8b50da0e889f55d3e5bf080a8:H_bag,596b2ead3c5b6cb40469d0454648b25688adeec8b50da0e889f55d3e5bf080a8,I3,a8f5c2c5d2455122994b9f25873da8568ce55f30a1d2fbaf3dd5dd8604c0b651,4216986,H_bag,ACTION_CHANGED_HORIZON_COMPLETE,true,,true,true,true,HARMFUL,75.59999999999127,[31830],,,I3|BODY|NO_DIVERGENCE|HIGH,170143,958,0.005630557824888476,177.60229645093946
beefb20e53ebbaecc49bbdecf2792e1ef2659b97625625fdd9adca00e1771d87:H_bag,beefb20e53ebbaecc49bbdecf2792e1ef2659b97625625fdd9adca00e1771d87,I4,b72ff8f0a8ccb1ebf2fab12d7ec9e3b1efacff08b1c45068662e554de49e5c91,4219348,H_bag,ACTION_CHANGED_HORIZON_COMPLETE,true,,true,true,true,NEUTRAL_WITHIN_TOLERANCE,0.0,[32581],,,I4|BODY|NO_DIVERGENCE|HIGH,471856,945,0.0020027296463327794,499.31851851851854
f4ce9c3f215e889bb0c624595775e013112a1e6b1898af6c847c861ef272a274:H_bag,f4ce9c3f215e889bb0c624595775e013112a1e6b1898af6c847c861ef272a274,I3,56da88162e25231f2e9e80829c2c78194199896156a8d2dbc42fad366eb2857d,4220391,H_bag,ACTION_CHANGED_HORIZON_COMPLETE,true,,true,true,true,HARMFUL,75.59999999999127,[32391],,,I3|BODY|NO_DIVERGENCE|HIGH,170143,958,0.005630557824888476,177.60229645093946
e8d95f27decab6db9607505322efd4bccb5ae5a4d816936e0464cdcdb02ba30c:H_bag,e8d95f27decab6db9607505322efd4bccb5ae5a4d816936e0464cdcdb02ba30c,I4,404ae93003927834f0a1df8662ca286e8b1f7ea14fc9e15853ab510590a6f3a0,4221276,H_bag,ACTION_CHANGED_HORIZON_COMPLETE,true,,true,true,true,HARMFUL,0.5999999999985448,[32512],,,I4|BODY|NO_DIVERGENCE|HIGH,471856,945,0.0020027296463327794,499.31851851851854
cbb4e24d3901e7a1777e3dac3d06e928cab560b7dbf31b3a824ab13a45fe45a4:H_system,cbb4e24d3901e7a1777e3dac3d06e928cab560b7dbf31b3a824ab13a45fe45a4,I4,4cb7443a00b5eff7923c5606a170393c66ca050c8f77679fad4ad319d2f3eb54,4221664,H_system,ACTION_CHANGED_HORIZON_COMPLETE,true,,true,true,true,NEUTRAL_WITHIN_TOLERANCE,0.0,[32784],[32784],[],I4|BODY|NO_DIVERGENCE|HIGH,471856,945,0.0020027296463327794,499.31851851851854
5c6d6d5b46027524988b30fd07265362259243d681e0289d6ba8e40b47b89123:H_bag,5c6d6d5b46027524988b30fd07265362259243d681e0289d6ba8e40b47b89123,I3,4ab50245c4d99ed8a052479d11861e4016395180a5580d689e37bed94f21463f,4222043,H_bag,ACTION_CHANGED_HORIZON_COMPLETE,true,,true,true,true,HARMFUL,24.799999999995634,[32857],,,I3|BODY|NO_DIVERGENCE|HIGH,170143,958,0.005630557824888476,177.60229645093946
23336749ee2bbb78b7cf221c18cdd0f08d942b3a5a8e336e8d1992c60c81c8fe:H_system,23336749ee2bbb78b7cf221c18cdd0f08d942b3a5a8e336e8d1992c60c81c8fe,I4,1cdb14e4a3f88e6a2f4d09045b1ab5821a67bc00a8cee372ff96baaf1ff9fd8c,4226774,H_system,ACTION_CHANGED_HORIZON_COMPLETE,true,,true,true,true,NEUTRAL_WITHIN_TOLERANCE,0.0,[34772],[34772],[],I4|BODY|NO_DIVERGENCE|HIGH,471856,945,0.0020027296463327794,499.31851851851854
5f72facfecf35ec6ddb63ca383c0a5437c433f429a5a91d0ed58c53ea254e3c6:H_bag,5f72facfecf35ec6ddb63ca383c0a5437c433f429a5a91d0ed58c53ea254e3c6,I3,e122d0be5dd83845270fda8afc550985eeafe934529acea4348930dfb559e858,4227584,H_bag,ACTION_CHANGED_HORIZON_COMPLETE,true,,true,true,true,HARMFUL,33.0,[34743],,,I3|BODY|NO_DIVERGENCE|HIGH,170143,958,0.005630557824888476,177.60229645093946
98452b8865113cced7a8808381f690662c0817fc16ad0fc85d59bba408feb1ef:H_bag,98452b8865113cced7a8808381f690662c0817fc16ad0fc85d59bba408feb1ef,I4,d2a43959e9d49b0eae181039ae387c4bed919f1388cd068a6ec8a764ed7f9e2f,4232175,H_bag,ACTION_CHANGED_HORIZON_COMPLETE,true,,true,true,true,NEUTRAL_WITHIN_TOLERANCE,0.0,[34794],,,I4|BODY|NO_DIVERGENCE|HIGH,471856,945,0.0020027296463327794,499.31851851851854
1d277c0882d242689dea4992bb49259cc7bddf0cf39405e73af18b7c9d611e6a:H_bag,1d277c0882d242689dea4992bb49259cc7bddf0cf39405e73af18b7c9d611e6a,I4,c8c21d6433a7461e04d666044f486141fc91ef3fb1801b85ba06fef928224b52,4236029,H_bag,ACTION_CHANGED_HORIZON_COMPLETE,true,,true,true,true,HARMFUL,0.5896899999934249,[34857],,,I4|BODY|NO_DIVERGENCE|HIGH,471856,945,0.0020027296463327794,499.31851851851854
12fe8bb05d95a75281d9c1eac721baedc0fab9a555a570724ccd08bb4fbc746e:H_system,12fe8bb05d95a75281d9c1eac721baedc0fab9a555a570724ccd08bb4fbc746e,I3,6e102be58a431e8f4529927504b482ed04a0a3bd2ae6c8e1d8219655027a415a,4237041,H_system,ACTION_CHANGED_HORIZON_COMPLETE,true,,true,true,true,HARMFUL,0.0017751072173837201,[34830],[34830],[],I3|BODY|NO_DIVERGENCE|HIGH,170143,958,0.005630557824888476,177.60229645093946
25c1462fa9c7e46ecf9107ea70b7b6715275126b910707311b8c314177beb5a5:H_bag,25c1462fa9c7e46ecf9107ea70b7b6715275126b910707311b8c314177beb5a5,I4,7036a25a9826b22e59cf0385b700d8b02b513bbaa3b271a8bc21b98cf04146f5,4238186,H_bag,ACTION_CHANGED_HORIZON_COMPLETE,true,,true,true,true,HARMFUL,1.0,[34856],,,I4|BODY|NO_DIVERGENCE|HIGH,471856,945,0.0020027296463327794,499.31851851851854
318b41ca75e884d80998475c85c90f5fba86987e5adb698531b9437d6880ea05:H_bag,318b41ca75e884d80998475c85c90f5fba86987e5adb698531b9437d6880ea05,I3,bf4e9236187a4727d675991c48f6fad4455cec5e419b7ff0d33d6cbe877e62bb,4240076,H_bag,ACTION_CHANGED_HORIZON_COMPLETE,true,,true,true,true,HARMFUL,2.599999999998545,[34894],,,I3|BODY|NO_DIVERGENCE|HIGH,170143,958,0.005630557824888476,177.60229645093946
a7a6a929f6fc75ddbc5cf34b532bcdfccc2c6c6b5a8e9482b29293de2805cb3e:H_bag,a7a6a929f6fc75ddbc5cf34b532bcdfccc2c6c6b5a8e9482b29293de2805cb3e,I4,a743f1a9478d439dffda8a4a3f5d0f607ceffc17de79510fcd09b26471a7a2aa,4241276,H_bag,ACTION_CHANGED_HORIZON_COMPLETE,true,,true,true,true,NEUTRAL_WITHIN_TOLERANCE,0.0,[34908],,,I4|BODY|NO_DIVERGENCE|HIGH,471856,945,0.0020027296463327794,499.31851851851854
13295ae227f357b843235ece357176e2dca3200182d7ff7f65031b27544cc138:H_bag,13295ae227f357b843235ece357176e2dca3200182d7ff7f65031b27544cc138,I4,ba6cfa46556025b76db682c7e0d61bd60db1f97dffcfb6d816a0573a0b64d364,4244761,H_bag,ACTION_CHANGED_HORIZON_COMPLETE,true,,true,true,true,NEUTRAL_WITHIN_TOLERANCE,0.0,[32586],,,I4|BODY|NO_DIVERGENCE|HIGH,471856,945,0.0020027296463327794,499.31851851851854
a9d71aca92147398c5b96e9c0c981df86e7b4945c35bf3c1d9b7555f7cd47eb8:H_bag,a9d71aca92147398c5b96e9c0c981df86e7b4945c35bf3c1d9b7555f7cd47eb8,I4,25a3325a61789394abc571164107463d2f7be1756f21952e399971a3dc5c2c1f,4246520,H_bag,ACTION_CHANGED_HORIZON_COMPLETE,true,,true,true,true,HARMFUL,0.4000000000014552,[32918],,,I4|BODY|NO_DIVERGENCE|HIGH,471856,945,0.0020027296463327794,499.31851851851854
c46f8798bf38768d1849058b962cf3bbd390993932bd8fc38e03b14d74ded932:H_system,c46f8798bf38768d1849058b962cf3bbd390993932bd8fc38e03b14d74ded932,I4,f1556afabe50df0e432367672b82a42209b8e93ab9f51f17297ff206dfd1dceb,4246591,H_system,ACTION_CHANGED_HORIZON_COMPLETE,true,,true,true,true,HARMFUL,9.949086063443247e-06,[30516],[30516],[],I4|BODY|NO_DIVERGENCE|HIGH,471856,945,0.0020027296463327794,499.31851851851854
b562a9d88e32dea6678ad35e9d6f5942af62ff412b0f98993f263664e981a5c7:H_bag,b562a9d88e32dea6678ad35e9d6f5942af62ff412b0f98993f263664e981a5c7,I3,12b10bf13e718ff6f2bb1c61c670fc428f216890c17e96ea9183aa81acbf07b0,4247005,H_bag,ACTION_CHANGED_HORIZON_COMPLETE,true,,true,true,true,HARMFUL,75.59999999999127,[34908],,,I3|BODY|NO_DIVERGENCE|HIGH,170143,958,0.005630557824888476,177.60229645093946
e6e820c31dcf67721a3dc5e3b00105cc38c008f9523c0d2e26df8da128bc0b15:H_system,e6e820c31dcf67721a3dc5e3b00105cc38c008f9523c0d2e26df8da128bc0b15,I4,d165e4163bfe4571ae60b5d2668e7572a466e5f425e7049c086eb0bf40c1db89,4247433,H_system,ACTION_CHANGED_HORIZON_COMPLETE,true,,true,true,true,HARMFUL,5.733550443665081e-05,[34947],[34947],[],I4|BODY|NO_DIVERGENCE|HIGH,471856,945,0.0020027296463327794,499.31851851851854
86bd03af4383e9d657de0621fb36c3d43afb471fa14c78c4bc120bc58d98c221:H_system,86bd03af4383e9d657de0621fb36c3d43afb471fa14c78c4bc120bc58d98c221,I4,e8551f216960a33e25270c524605d688c3c383e729d4402e859c19e6bcc860e3,4249831,H_system,ACTION_CHANGED_HORIZON_COMPLETE,true,,true,true,true,HARMFUL,2.2934201780344665e-05,[34934],[34934],[],I4|BODY|NO_DIVERGENCE|HIGH,471856,945,0.0020027296463327794,499.31851851851854
73a9fd0d7f8db4d109d0dc03f5a913a1dfc89af2f4e79f64853cb73cb944d635:H_bag,73a9fd0d7f8db4d109d0dc03f5a913a1dfc89af2f4e79f64853cb73cb944d635,I3,4fb6b021c19e57552e931d839aa42a146a38375d978e994f558a5c8db1fb24a6,4258032,H_bag,ACTION_CHANGED_HORIZON_COMPLETE,true,,true,true,true,NEUTRAL_WITHIN_TOLERANCE,0.0,[28270],,,I3|BODY|NO_DIVERGENCE|HIGH,170143,958,0.005630557824888476,177.60229645093946
fe86543c64c3de89a6dd43018306f2ae09e18c3bb28517c304ec22204d274b29:H_bag,fe86543c64c3de89a6dd43018306f2ae09e18c3bb28517c304ec22204d274b29,I3,ad1de4a50b2f6c26a67cf9984ef24afe0d329c6e91551eb3b71427f38bdd1212,4261227,H_bag,ACTION_CHANGED_HORIZON_COMPLETE,true,,true,true,true,HARMFUL,53.049999999995634,[31790],,,I3|BODY|NO_DIVERGENCE|HIGH,170143,958,0.005630557824888476,177.60229645093946
94f1361951073a30e1e84536a1148c493f3436e6509c9ae71c6eedc3bbf5df40:H_bag,94f1361951073a30e1e84536a1148c493f3436e6509c9ae71c6eedc3bbf5df40,I3,ac788a316cef57932dc163935ebcdc1791f64ddcb7015cec957d3c675632b125,4261958,H_bag,ACTION_CHANGED_HORIZON_COMPLETE,true,,true,true,true,HARMFUL,25.60000000000582,[35057],,,I3|BODY|NO_DIVERGENCE|HIGH,170143,958,0.005630557824888476,177.60229645093946
00c7854a60726eb95622b1efcba331b2f98edc8464461392832abff0328c2ad0:H_bag,00c7854a60726eb95622b1efcba331b2f98edc8464461392832abff0328c2ad0,I3,167f5a123f7a30f006cc30a14b686c17045eaa95f1739d020f3a4f2c5cbe5391,4263714,H_bag,ACTION_CHANGED_HORIZON_COMPLETE,true,,true,true,true,HARMFUL,77.59999999999127,[35055],,,I3|BODY|NO_DIVERGENCE|HIGH,170143,958,0.005630557824888476,177.60229645093946
664774437913f0857da943a0feebb604d424ccfc03cebe4dc90323a51767a3e9:H_bag,664774437913f0857da943a0feebb604d424ccfc03cebe4dc90323a51767a3e9,I4,8342ebb4b2f15912857204fa541f3f758f0fe294e8d1f9a28fa37271e572db39,4268965,H_bag,ACTION_CHANGED_HORIZON_COMPLETE,true,,true,true,true,NEUTRAL_WITHIN_TOLERANCE,0.0,[33360],,,I4|BODY|NO_DIVERGENCE|HIGH,471856,945,0.0020027296463327794,499.31851851851854
e1688cfc03a2354c1130b400f65c79aa1987b3837cf142beb60792867ccf1db1:H_bag,e1688cfc03a2354c1130b400f65c79aa1987b3837cf142beb60792867ccf1db1,I4,206a112a78f02704bf55f2a220d31d5455aa6cdd69accb8e734bc9630c204c50,4270452,H_bag,ACTION_CHANGED_HORIZON_COMPLETE,true,,true,true,true,HARMFUL,0.000999999996565748,[33550],,,I4|BODY|NO_DIVERGENCE|HIGH,471856,945,0.0020027296463327794,499.31851851851854
2886334df54215639ef876713e685733c9c06a0639485cd435707d1dae92ee82:H_bag,2886334df54215639ef876713e685733c9c06a0639485cd435707d1dae92ee82,I3,55ca13a419234c0899e5d3b73096c3ee392573da932323ea976ee0532a794167,4271704,H_bag,ACTION_CHANGED_HORIZON_COMPLETE,true,,true,true,true,HARMFUL,65.2540300000037,[33691],,,I3|BODY|NO_DIVERGENCE|HIGH,170143,958,0.005630557824888476,177.60229645093946
0dd405cbf02726d51317a3322cd3244b50a278ce4742818c7d6f5153ac3c6f31:H_bag,0dd405cbf02726d51317a3322cd3244b50a278ce4742818c7d6f5153ac3c6f31,I4,5171e0d23f92d8b8d8c50869db7b84ff51e752b92af6d767b566d76ecf41faa8,4275622,H_bag,ACTION_CHANGED_HORIZON_COMPLETE,true,,true,true,true,NEUTRAL_WITHIN_TOLERANCE,0.0,[35121],,,I4|BODY|NO_DIVERGENCE|HIGH,471856,945,0.0020027296463327794,499.31851851851854
649550cf2ad1ace38c13eeab4d13102fc760e3bcd695afb90e5965653dfaa9c7:H_bag,649550cf2ad1ace38c13eeab4d13102fc760e3bcd695afb90e5965653dfaa9c7,I4,8a35c4dd091eafcdb15909621313f8fde97d65d670594fb0925ebfaf5514875c,4279487,H_bag,ACTION_CHANGED_HORIZON_COMPLETE,true,,true,true,true,BENEFICIAL,-11.19999999999709,[35095],,,I4|BODY|NO_DIVERGENCE|HIGH,471856,945,0.0020027296463327794,499.31851851851854
f25ded5f73502e8a40dfbb3a2929598148b0a51f1ebc62acde98f3615b816ab4:H_bag,f25ded5f73502e8a40dfbb3a2929598148b0a51f1ebc62acde98f3615b816ab4,I4,70ac19db8e272f20ec80e6f906296e6220d5b3f67ac86646d02c6f00020c41a4,4279505,H_bag,ACTION_CHANGED_HORIZON_COMPLETE,true,,true,true,true,BENEFICIAL,-11.19999999999709,[35095],,,I4|BODY|NO_DIVERGENCE|HIGH,471856,945,0.0020027296463327794,499.31851851851854
af3a90f67d879fc8ac8f2e06e3827d775c08dab97a58fb56ccafcbb500b61f03:H_bag,af3a90f67d879fc8ac8f2e06e3827d775c08dab97a58fb56ccafcbb500b61f03,I3,9c2959e39ae2e8f315ecd81e469487561ca5e4546ea3321cc5807f5e77af4cd8,4281400,H_bag,ACTION_CHANGED_HORIZON_COMPLETE,true,,true,true,true,HARMFUL,31.199999999989814,[35199],,,I3|BODY|NO_DIVERGENCE|HIGH,170143,958,0.005630557824888476,177.60229645093946
df89f0c526a46f504a7c18aa38f03bb6f36af2db0997f7f4dc76e146aecac966:H_bag,df89f0c526a46f504a7c18aa38f03bb6f36af2db0997f7f4dc76e146aecac966,I4,2ca6e803b74f66f37d100d9316f709a2286724d518e6afe8f40f68edee5ae686,4281438,H_bag,ACTION_CHANGED_HORIZON_COMPLETE,true,,true,true,true,NEUTRAL_WITHIN_TOLERANCE,0.0,[35146],,,I4|BODY|NO_DIVERGENCE|HIGH,471856,945,0.0020027296463327794,499.31851851851854
a6500d3d7efb21d63b5a550a099895eda918c04557e7be672fb64c2af5503baf:H_system,a6500d3d7efb21d63b5a550a099895eda918c04557e7be672fb64c2af5503baf,I4,2fafbf04a66f068c8f6833880c569f63f7473f42c0e83f17a145dc7ce6a1fb5b,4281596,H_system,ACTION_CHANGED_HORIZON_COMPLETE,true,,true,true,true,HARMFUL,4.586840418596694e-08,[35203],"[35203,35209]",[35209],I4|BODY|NO_DIVERGENCE|HIGH,471856,945,0.0020027296463327794,499.31851851851854
69b8da8ba529ea0a43d2eaced525bdd149138ed4b07bd9e23196675e469ad312:H_bag,69b8da8ba529ea0a43d2eaced525bdd149138ed4b07bd9e23196675e469ad312,I4,4739a3b71d2215f33afb46c22e6a06a99f1741f4a7924e1a7834b7a659dfd3ba,4281992,H_bag,ACTION_CHANGED_HORIZON_COMPLETE,true,,true,true,true,HARMFUL,1.0,[35205],,,I4|BODY|NO_DIVERGENCE|HIGH,471856,945,0.0020027296463327794,499.31851851851854
8def2addbf2590c6825bd83b6ab3c09c1deca999f155423a81914af3c20fcf7b:H_bag,8def2addbf2590c6825bd83b6ab3c09c1deca999f155423a81914af3c20fcf7b,I3,324dab85dac54c811fa908fdd34f0c8f276b58959af6f3e9536478bdd6907dba,4286420,H_bag,ACTION_CHANGED_HORIZON_COMPLETE,true,,true,true,true,HARMFUL,78.59999999999127,[35197],,,I3|BODY|NO_DIVERGENCE|HIGH,170143,958,0.005630557824888476,177.60229645093946
5568b49488551fdabc6847d2e26c31659f34c28741f08947c0e72ff512a85639:H_bag,5568b49488551fdabc6847d2e26c31659f34c28741f08947c0e72ff512a85639,I3,db8b8d115065ab989586b26b7d4fdaf6bd3f21faedf976842893a7ab5729b354,4287320,H_bag,ACTION_CHANGED_HORIZON_COMPLETE,true,,true,true,true,HARMFUL,6.700000000004366,[35254],,,I3|TAIL|NO_DIVERGENCE|HIGH,4196,58,0.013822688274547188,72.34482758620689
fd8e4d2b27125bd0abd9c6beceae941a7efb1b344e44570f750fcdbaa5c2675a:H_bag,fd8e4d2b27125bd0abd9c6beceae941a7efb1b344e44570f750fcdbaa5c2675a,I3,96b30611f032d15aeef1cf16199d4772830673315b084e899abbc45b075916c3,4288626,H_bag,ACTION_CHANGED_HORIZON_COMPLETE,true,,true,true,true,HARMFUL,31.199999999989814,[35271],,,I3|BODY|NO_DIVERGENCE|HIGH,170143,958,0.005630557824888476,177.60229645093946
07c11dd0dead66fc84de6be6656511cbad152a5bb58e762851b16913362c1bfa:H_bag,07c11dd0dead66fc84de6be6656511cbad152a5bb58e762851b16913362c1bfa,I4,277d59da5f6b7029117ced5a4a236f8abe79969bb5b36c83fd30c16c88a4f23f,4288698,H_bag,ACTION_CHANGED_HORIZON_COMPLETE,true,,true,true,true,NEUTRAL_WITHIN_TOLERANCE,0.0,[35278],,,I4|BODY|NO_DIVERGENCE|HIGH,471856,945,0.0020027296463327794,499.31851851851854
fa8ea2197c111ca5a3dac06f4e66dc572e7d49b6ff13637012f95ae9a4f145bf:H_bag,fa8ea2197c111ca5a3dac06f4e66dc572e7d49b6ff13637012f95ae9a4f145bf,I4,e5018ba90cb8e2d5f0d630ae0388c3f3cf7141a1244d2f12bca5d774ad8f0264,4294594,H_bag,ACTION_CHANGED_HORIZON_COMPLETE,true,,true,true,true,HARMFUL,1.0,[35331],,,I4|BODY|NO_DIVERGENCE|HIGH,471856,945,0.0020027296463327794,499.31851851851854
0b4f967ee918044924ad1b4fa6128f062519353016105a50ca1646c9ddebe9c9:H_bag,0b4f967ee918044924ad1b4fa6128f062519353016105a50ca1646c9ddebe9c9,I4,5b8f53aca9d557b5c3e286eb6b327e0cc353101bf702bab285ba02b382a25145,4302527,H_bag,ACTION_CHANGED_HORIZON_COMPLETE,true,,true,true,true,HARMFUL,0.4000000000014552,[30129],,,I4|BODY|NO_DIVERGENCE|HIGH,471856,945,0.0020027296463327794,499.31851851851854
a04a08d24573484a6d898f14c4a6c36c11144bd4be3572a67becc5bd755c0dcf:H_bag,a04a08d24573484a6d898f14c4a6c36c11144bd4be3572a67becc5bd755c0dcf,I4,2228b12d485b0c049c2b5f92b4f95443f03545d42addcce680092ff8110a5941,4303983,H_bag,ACTION_CHANGED_HORIZON_COMPLETE,true,,true,true,true,HARMFUL,1.0,[31864],,,I4|BODY|NO_DIVERGENCE|HIGH,471856,945,0.0020027296463327794,499.31851851851854
1af86c954b1095c79981712cf08f4c6e67dc727e5c171cb8063cd5917bd76a43:H_bag,1af86c954b1095c79981712cf08f4c6e67dc727e5c171cb8063cd5917bd76a43,I3,653d419eb53d9c64fa11ff56f7165eccc7906aa6108cb75c8e59e960e147734b,4308491,H_bag,ACTION_CHANGED_HORIZON_COMPLETE,true,,true,true,true,HARMFUL,51.400000000001455,[33537],,,I3|BODY|NO_DIVERGENCE|HIGH,170143,958,0.005630557824888476,177.60229645093946
5ef96cf9fc8191271e15478683480b88f3afc55dfc8d0bd74b11910dba8f4c5f:H_bag,5ef96cf9fc8191271e15478683480b88f3afc55dfc8d0bd74b11910dba8f4c5f,I3,57fb94a425323128c2bb6d62be4bf3b869bf31262b9f3ab1c3b194aced0cb27e,4308646,H_bag,ACTION_CHANGED_HORIZON_COMPLETE,true,,true,true,true,HARMFUL,24.049999999995634,[33918],,,I3|BODY|NO_DIVERGENCE|HIGH,170143,958,0.005630557824888476,177.60229645093946
b9d67b2071203774beb64dacd255629aa5dbc363bf0a71cca145c8a1040b2229:H_bag,b9d67b2071203774beb64dacd255629aa5dbc363bf0a71cca145c8a1040b2229,I3,e9e22f024b745de50f9bfcefe791b83bc03bab9e6cc42f36c6b35ed4b6ddcee5,4310100,H_bag,ACTION_CHANGED_HORIZON_COMPLETE,true,,true,true,true,HARMFUL,76.59999999999127,[34075],,,I3|BODY|NO_DIVERGENCE|HIGH,170143,958,0.005630557824888476,177.60229645093946
d332218e2004633393e7a18c8c49612a882f87efbadd9732c0879c6e825d1deb:H_bag,d332218e2004633393e7a18c8c49612a882f87efbadd9732c0879c6e825d1deb,I3,16cc5018d8c9b6216162e4841b88da106a9ac804f6e011811d3efdaddd680968,4311574,H_bag,ACTION_CHANGED_HORIZON_COMPLETE,true,,true,true,true,HARMFUL,103.37062999999762,[35457],,,I3|BODY|NO_DIVERGENCE|HIGH,170143,958,0.005630557824888476,177.60229645093946
9cf9ec5cb988b936adc65d9f1b5aa535012bdfb7d12ed7e62ea339303f09af75:H_system,9cf9ec5cb988b936adc65d9f1b5aa535012bdfb7d12ed7e62ea339303f09af75,I4,e9ec569ecb6e40c47a60acf54db3586c3edf43c41b935b4906362b9f3b4e8162,4316132,H_system,ACTION_CHANGED_HORIZON_COMPLETE,true,,true,true,true,NEUTRAL_WITHIN_TOLERANCE,0.0,[35546],"[35546,35555]",[35555],I4|BODY|NO_DIVERGENCE|HIGH,471856,945,0.0020027296463327794,499.31851851851854
b2fa4d2774f5dc757d83202dc984928c2c47ac0233daae0426288e29db5ea863:H_bag,b2fa4d2774f5dc757d83202dc984928c2c47ac0233daae0426288e29db5ea863,I3,f435ce73b989d3671bceceb713818a48483c07acddc4d9a228830e76f5b1b977,4317304,H_bag,ACTION_CHANGED_HORIZON_COMPLETE,true,,true,true,true,HARMFUL,90.62094999998953,[35507],,,I3|BODY|NO_DIVERGENCE|HIGH,170143,958,0.005630557824888476,177.60229645093946
000d8d86475c82290d46f9f307aebc2c646708a65c5c664454c2ffba90f189b8:H_bag,000d8d86475c82290d46f9f307aebc2c646708a65c5c664454c2ffba90f189b8,I3,cde9495beca1bc50a1fdf70d07b3dad8f76d2ff754953830705d239cff381d35,4324156,H_bag,ACTION_CHANGED_HORIZON_COMPLETE,true,,true,true,true,HARMFUL,33.0,[35643],,,I3|BODY|NO_DIVERGENCE|HIGH,170143,958,0.005630557824888476,177.60229645093946
b9040daeaf4ac09eaf153953857f70d58f4ea044f1a7297ff9f03f280bc7d6a4:H_bag,b9040daeaf4ac09eaf153953857f70d58f4ea044f1a7297ff9f03f280bc7d6a4,I4,5084d042bc25e21225d982b87ef33b7db1f8bd86d3f13e626c722cb1fe8effcd,4324882,H_bag,ACTION_CHANGED_HORIZON_COMPLETE,true,,true,true,true,HARMFUL,0.9288799999994808,[35625],,,I4|BODY|NO_DIVERGENCE|HIGH,471856,945,0.0020027296463327794,499.31851851851854
6b286f225b67f95ee33f22462d25ea15768406e8e2cb18b9130325198d0a02bf:H_bag,6b286f225b67f95ee33f22462d25ea15768406e8e2cb18b9130325198d0a02bf,I3,d7a0a48fd7eea4b2652ca9de4e9c02e8923b11003e2ecac7f54362400ef4d69d,4328724,H_bag,ACTION_CHANGED_HORIZON_COMPLETE,true,,true,true,true,HARMFUL,53.549999999995634,[32780],,,I3|BODY|NO_DIVERGENCE|HIGH,170143,958,0.005630557824888476,177.60229645093946
0f733be5308c9cbee50c98e4d53a2bda4063c493f56d92949270cd420afb0ca9:H_bag,0f733be5308c9cbee50c98e4d53a2bda4063c493f56d92949270cd420afb0ca9,I4,ebbf99f4b2070df86960c4998200af155ba71f7256cdeef35270cb73a9d063d3,4330934,H_bag,ACTION_CHANGED_HORIZON_COMPLETE,true,,true,true,true,HARMFUL,1.0,[35660],,,I4|BODY|DIVERGENCE|HIGH,30514,61,0.0019990823884118766,500.2295081967213
0d11f19a10504c2151559f9690d9e8a1b85aa2320f1fbc5f517577a8b039e0e3:H_bag,0d11f19a10504c2151559f9690d9e8a1b85aa2320f1fbc5f517577a8b039e0e3,I4,72f16f76220a1a38813284cb0f45e68560530948b8dc01a8f19cc86e1a050a34,4332423,H_bag,ACTION_CHANGED_HORIZON_COMPLETE,true,,true,true,true,NEUTRAL_WITHIN_TOLERANCE,0.0,[35703],,,I4|TAIL|NO_DIVERGENCE|HIGH,13582,67,0.004932999558238846,202.71641791044775
4fd1bc72ccac8570b011d1334c4f7028d4404737c35153d25dcb544d4877e1fe:H_bag,4fd1bc72ccac8570b011d1334c4f7028d4404737c35153d25dcb544d4877e1fe,I4,bef0f271bccabdcf2c42c13ad448edf5f07a5b10e146b1b180587f78132e4232,4338433,H_bag,ACTION_CHANGED_HORIZON_COMPLETE,true,,true,true,true,HARMFUL,1.0,[35769],,,I4|BODY|NO_DIVERGENCE|HIGH,471856,945,0.0020027296463327794,499.31851851851854
9237b1db275e6d9ad7ec8629feb688d103521c64aea086b530856a725bc814a9:H_bag,9237b1db275e6d9ad7ec8629feb688d103521c64aea086b530856a725bc814a9,I3,2e558c976d580e914c662e486c11af5dd132c2209fc8d27752d9c3afe62849bc,4352894,H_bag,ACTION_CHANGED_HORIZON_COMPLETE,true,,true,true,true,HARMFUL,108.98254999999335,[35958],,,I3|BODY|NO_DIVERGENCE|HIGH,170143,958,0.005630557824888476,177.60229645093946
7a0b77b1fe96d0e3fae034cbd1258c7a0fe639423fb5085bef18a84801d47755:H_bag,7a0b77b1fe96d0e3fae034cbd1258c7a0fe639423fb5085bef18a84801d47755,I4,8ad2d3ab3f28dbfd29d0116817db54db01bb9f3fc29ec58372c1cbf68497e167,4354549,H_bag,ACTION_CHANGED_HORIZON_COMPLETE,true,,true,true,true,NEUTRAL_WITHIN_TOLERANCE,0.0,[35978],,,I4|BODY|NO_DIVERGENCE|HIGH,471856,945,0.0020027296463327794,499.31851851851854
db7ded79b9517c0ad1f2151ebab30a4572d31d0d392d41d7a92d4c4d14f16d10:H_bag,db7ded79b9517c0ad1f2151ebab30a4572d31d0d392d41d7a92d4c4d14f16d10,I3,2cd00dd21141dbf8bd86f372e519ccbfab33fbc1cba6bb17bcd90a0ea3e22eb9,4355675,H_bag,ACTION_CHANGED_HORIZON_COMPLETE,true,,true,true,true,HARMFUL,4.388969999992696,[36081],,,I3|BODY|NO_DIVERGENCE|HIGH,170143,958,0.005630557824888476,177.60229645093946
8f395dee7acff828c580eb9970699041552f28da5adfad3a83c8e28304550a26:H_bag,8f395dee7acff828c580eb9970699041552f28da5adfad3a83c8e28304550a26,I3,71fde903b5a8e6784ad47eb5eacaf0b0831dca01c48055dba7814ad6ce066cba,4360008,H_bag,ACTION_CHANGED_HORIZON_COMPLETE,true,,true,true,true,HARMFUL,31.199999999989814,[36119],,,I3|BODY|NO_DIVERGENCE|HIGH,170143,958,0.005630557824888476,177.60229645093946
36f4bbe0b40580ba69485ffef016f4edd133d83229b707ac33074beb38ea27d6:H_bag,36f4bbe0b40580ba69485ffef016f4edd133d83229b707ac33074beb38ea27d6,I3,a91ce9b66fd100147e0e3db03a10d3dfcd74cf0a45d12927f16ae0ddd92fe5cb,4362110,H_bag,ACTION_CHANGED_HORIZON_COMPLETE,true,,true,true,true,HARMFUL,33.0,[36123],,,I3|BODY|NO_DIVERGENCE|HIGH,170143,958,0.005630557824888476,177.60229645093946
de651c4ccfe902912fd1138e3f01dbcbf8bc49b110fbc163befea64692e3d559:H_bag,de651c4ccfe902912fd1138e3f01dbcbf8bc49b110fbc163befea64692e3d559,I4,bda6e9f26f3f953c39b5a55ca970d6b2939682bf79f8913d4660694e5fc2d44d,4364568,H_bag,ACTION_CHANGED_HORIZON_COMPLETE,true,,true,true,true,HARMFUL,0.5600199999971665,[36154],,,I4|BODY|NO_DIVERGENCE|HIGH,471856,945,0.0020027296463327794,499.31851851851854
a988fc2b07d0447aa2e49fee992824480f6bf4bf16a6d433cf1bd398d2a53a9c:H_bag,a988fc2b07d0447aa2e49fee992824480f6bf4bf16a6d433cf1bd398d2a53a9c,I3,35b7a98f856d0c3e9245f38ceff9ed4170aca22bed9d5c158c965a40fb840ceb,4372812,H_bag,ACTION_CHANGED_HORIZON_COMPLETE,true,,true,true,true,HARMFUL,29.900000000001455,[33773],,,I3|BODY|NO_DIVERGENCE|HIGH,170143,958,0.005630557824888476,177.60229645093946
cc55421e06f476359d49ded7b386516b98742e21c6d2fd6dfa67dd3db3008108:H_bag,cc55421e06f476359d49ded7b386516b98742e21c6d2fd6dfa67dd3db3008108,I3,745ce14adb6e952dd3057e5d36cd9a8492a5106ec10784dc9ce03d87d766917f,4373906,H_bag,ACTION_CHANGED_HORIZON_COMPLETE,true,,true,true,true,HARMFUL,24.549999999995634,[33939],,,I3|BODY|NO_DIVERGENCE|HIGH,170143,958,0.005630557824888476,177.60229645093946
7595bdbfcab67327a9b441346027074c203a0fa94e5f7445e3018cc53fa13ad8:H_bag,7595bdbfcab67327a9b441346027074c203a0fa94e5f7445e3018cc53fa13ad8,I3,5bb6152ce633b4f8e3d1ee0bf8579fcceb4bce1865bd5caeabebbe9c288affb7,4374303,H_bag,ACTION_CHANGED_HORIZON_COMPLETE,true,,true,true,true,HARMFUL,9.200000000004366,[36197],,,I3|BODY|DIVERGENCE|HIGH,10032,56,0.005582137161084529,179.14285714285714
d7a455b267d1a14fb9de9e81bb833568df9f06fa34da7cefb00c4014713d7a1f:H_bag,d7a455b267d1a14fb9de9e81bb833568df9f06fa34da7cefb00c4014713d7a1f,I3,f5b2866ea6f266ef984eedaf93a483d54d2ac515ec9443c8164fef4521de981d,4374562,H_bag,ACTION_CHANGED_HORIZON_COMPLETE,true,,true,true,true,HARMFUL,57.19999999999709,[36188],,,I3|BODY|NO_DIVERGENCE|HIGH,170143,958,0.005630557824888476,177.60229645093946
faca111511fe59fcc7383952772effe2297d3a8cd81f7bb870dab81c6c5b9b20:H_bag,faca111511fe59fcc7383952772effe2297d3a8cd81f7bb870dab81c6c5b9b20,I3,14462870cbeb7d983609ec7d2f7694d26bb12572d72aa8a97dedd4b7f12896a4,4374670,H_bag,ACTION_CHANGED_HORIZON_COMPLETE,true,,true,true,true,HARMFUL,24.049999999995634,[34025],,,I3|BODY|NO_DIVERGENCE|HIGH,170143,958,0.005630557824888476,177.60229645093946
5ae5acc343637927c2324caefcdf64a7b47261c4a4421f691a2e41335a6b6bf1:H_bag,5ae5acc343637927c2324caefcdf64a7b47261c4a4421f691a2e41335a6b6bf1,I4,661fdee229ba3d0de06b65f6d59fbc6508d60d661dbb2891b325e98ea61b11ca,4375506,H_bag,ACTION_CHANGED_HORIZON_COMPLETE,true,,true,true,true,HARMFUL,0.5999999999985448,[33968],,,I4|BODY|NO_DIVERGENCE|HIGH,471856,945,0.0020027296463327794,499.31851851851854
71218a759a1dbaa937880bdde4499b2516e846c84f2b149eed6d2385805a8ebd:H_bag,71218a759a1dbaa937880bdde4499b2516e846c84f2b149eed6d2385805a8ebd,I3,933d418677367006d2d5c13365c73910f6f716af5edf26d7352f4e47efae7488,4376128,H_bag,ACTION_CHANGED_HORIZON_COMPLETE,true,,true,true,true,HARMFUL,24.799999999995634,[34071],,,I3|BODY|NO_DIVERGENCE|HIGH,170143,958,0.005630557824888476,177.60229645093946
108c107af307d4999688a57632fb5b31cba5fdd2eb3e6987ec432df07f74d86a:H_bag,108c107af307d4999688a57632fb5b31cba5fdd2eb3e6987ec432df07f74d86a,I3,7ea03985ead09c79fbf0a59db3601572222d81614f9c6d557ecda19e8189426b,4376692,H_bag,ACTION_CHANGED_HORIZON_COMPLETE,true,,true,true,true,HARMFUL,24.049999999995634,[34110],,,I3|BODY|NO_DIVERGENCE|HIGH,170143,958,0.005630557824888476,177.60229645093946
96dc45a099cdfe3845b1537c48e5b307c2f07bab7ddcce6f6be50097ca8e8c33:H_bag,96dc45a099cdfe3845b1537c48e5b307c2f07bab7ddcce6f6be50097ca8e8c33,I3,55cdea592a7473552b69ac2f9006ac83bf45bbe648753fd25dcf879b796f6d86,4376930,H_bag,ACTION_CHANGED_HORIZON_COMPLETE,true,,true,true,true,HARMFUL,75.59999999999127,[36180],,,I3|BODY|NO_DIVERGENCE|HIGH,170143,958,0.005630557824888476,177.60229645093946
d601aaaee7bd5eaead839ffec6b0636f6b3b353335a4a7448716a0c05bcf4be4:H_bag,d601aaaee7bd5eaead839ffec6b0636f6b3b353335a4a7448716a0c05bcf4be4,I3,71e45f46acc59a49856b09af1aada1bdd042b315e26b8623f8b3b8c78ee28d4b,4380701,H_bag,ACTION_CHANGED_HORIZON_COMPLETE,true,,true,true,true,HARMFUL,75.59999999999127,[34360],,,I3|BODY|NO_DIVERGENCE|HIGH,170143,958,0.005630557824888476,177.60229645093946
22228203ec2adaec8d10b4f9f3591fa36cb7175d5fefa79c3db4f85090b21d21:H_bag,22228203ec2adaec8d10b4f9f3591fa36cb7175d5fefa79c3db4f85090b21d21,I3,e88a7c2183f87ff644d4579911ed611e1ca29470415ef5d5821380c1419e5e7f,4387376,H_bag,ACTION_CHANGED_HORIZON_COMPLETE,true,,true,true,true,HARMFUL,4.200000000004366,[36302],,,I3|BODY|DIVERGENCE|HIGH,10032,56,0.005582137161084529,179.14285714285714
a591e59fded7872160144d6bca1be9832a62df81cfe1f283bdcebf90a473f6b9:H_bag,a591e59fded7872160144d6bca1be9832a62df81cfe1f283bdcebf90a473f6b9,I3,695e85a97b6193d357162be560f241f97f20ff741912cb64f6f6b353619e09f3,4390605,H_bag,ACTION_CHANGED_HORIZON_COMPLETE,true,,true,true,true,HARMFUL,76.84999999999127,[36324],,,I3|BODY|NO_DIVERGENCE|HIGH,170143,958,0.005630557824888476,177.60229645093946
9d98179b988f63f4c428b23e3b6c76283aa50209d5e7d5634a6aa0c0bc86abca:H_bag,9d98179b988f63f4c428b23e3b6c76283aa50209d5e7d5634a6aa0c0bc86abca,I3,a318714752cfe61764c1602986ade99f59701ccc03d3155c2bd8f578fceebab5,4392493,H_bag,ACTION_CHANGED_HORIZON_COMPLETE,true,,true,true,true,HARMFUL,32.502349999995204,[36363],,,I3|BODY|NO_DIVERGENCE|HIGH,170143,958,0.005630557824888476,177.60229645093946
6c461b2e050aa9808180d576813893f986edcff6682c1fc4a34e82a610978d7b:H_bag,6c461b2e050aa9808180d576813893f986edcff6682c1fc4a34e82a610978d7b,I4,398a0cd548e1ae58093af0985877ea9dbc80e0ed06552e7dabec560cd0e652b6,4393103,H_bag,ACTION_CHANGED_HORIZON_COMPLETE,true,,true,true,true,HARMFUL,0.000999999996565748,[36389],,,I4|BODY|NO_DIVERGENCE|HIGH,471856,945,0.0020027296463327794,499.31851851851854
7c0062b35b49634369a0fcb70108f05329e6c7235e6aeb84b2c52d75c23c1dc9:H_bag,7c0062b35b49634369a0fcb70108f05329e6c7235e6aeb84b2c52d75c23c1dc9,I4,0bed86cfd7ce65d19dd48a7397f242dd48d2c99ea53be83cd28a7602a361debc,4394714,H_bag,ACTION_CHANGED_HORIZON_COMPLETE,true,,true,true,true,HARMFUL,1.0,[36390],,,I4|BODY|NO_DIVERGENCE|HIGH,471856,945,0.0020027296463327794,499.31851851851854
fb5c521829937854daae342e5cf336cc59caaadc0915f3c0108b0d86dda1d613:H_bag,fb5c521829937854daae342e5cf336cc59caaadc0915f3c0108b0d86dda1d613,I4,ea72fa9c4b7c3ca2f63d81e5f1df68e63f57812a86dfcb9d60ee514f68b06b8e,4395903,H_bag,ACTION_CHANGED_HORIZON_COMPLETE,true,,true,true,true,NEUTRAL_WITHIN_TOLERANCE,0.0,[36375],,,I4|TAIL|NO_DIVERGENCE|HIGH,13582,67,0.004932999558238846,202.71641791044775
84c5d1c95b72b04ecda2b7401d3e7331a09bdee15e32e3398c7fb1df6cee6492:H_bag,84c5d1c95b72b04ecda2b7401d3e7331a09bdee15e32e3398c7fb1df6cee6492,I4,88c19f76f1ac8bce37c478bb687ffc93c6eeaa688cca276c020c60907825f840,4397273,H_bag,ACTION_CHANGED_HORIZON_COMPLETE,true,,true,true,true,NEUTRAL_WITHIN_TOLERANCE,0.0,[36368],,,I4|BODY|NO_DIVERGENCE|HIGH,471856,945,0.0020027296463327794,499.31851851851854
7b85ae30602bf17611c40e658be4ee3fa5879b819da07a8a9ff0fef8fffd6207:H_bag,7b85ae30602bf17611c40e658be4ee3fa5879b819da07a8a9ff0fef8fffd6207,I4,196a3619425f96a8dda810a4f3e259b5913993c4419f722fe31a8b1560ce88c0,4398061,H_bag,ACTION_CHANGED_HORIZON_COMPLETE,true,,true,true,true,NEUTRAL_WITHIN_TOLERANCE,0.0,[36368],,,I4|BODY|NO_DIVERGENCE|HIGH,471856,945,0.0020027296463327794,499.31851851851854
a02464102aa0bf239af2e98c299a3e0057e6a6a796eb236e03e87039c7d2d4e3:H_bag,a02464102aa0bf239af2e98c299a3e0057e6a6a796eb236e03e87039c7d2d4e3,I4,d2c66479a1cc03683f2ad9445488fdf1bff6dddadccc593e40d51cfaa5b41102,4404595,H_bag,ACTION_CHANGED_HORIZON_COMPLETE,true,,true,true,true,HARMFUL,1.0,[36499],,,I4|BODY|NO_DIVERGENCE|HIGH,471856,945,0.0020027296463327794,499.31851851851854
acbca4fec77bb6c368d536756d6b887ddc78f8d5cade045c3e58bbc181d728e2:H_bag,acbca4fec77bb6c368d536756d6b887ddc78f8d5cade045c3e58bbc181d728e2,I3,e9cfbce9f4c7a807a0bb8f204654d5dafe5b8a12860df222c1f13023ff422be0,4406954,H_bag,ACTION_CHANGED_HORIZON_COMPLETE,true,,true,true,true,HARMFUL,3.4122199999983422,[36556],,,I3|BODY|NO_DIVERGENCE|HIGH,170143,958,0.005630557824888476,177.60229645093946
c39c42886146c3933636fabce7634a3ddbc24cf633d1800425c38c8b69102e4c:H_bag,c39c42886146c3933636fabce7634a3ddbc24cf633d1800425c38c8b69102e4c,I4,f0dec2fb3b0dd371d05b68fd905eb53a288828e9769d8a395dd449a9251d5a0a,4410921,H_bag,ACTION_CHANGED_HORIZON_COMPLETE,true,,true,true,true,NEUTRAL_WITHIN_TOLERANCE,0.0,[36460],,,I4|BODY|NO_DIVERGENCE|HIGH,471856,945,0.0020027296463327794,499.31851851851854
c6dbbe802d8994d26ced77f84ab1f0e1eec6a1dfe6396b5a22dc5acfe41cbff0:H_bag,c6dbbe802d8994d26ced77f84ab1f0e1eec6a1dfe6396b5a22dc5acfe41cbff0,I4,e4ca4396f0d0898772bf51f3efa24c00d91532e6f80b50fb29143de1b5af1a1a,4417902,H_bag,ACTION_CHANGED_HORIZON_COMPLETE,true,,true,true,true,HARMFUL,1.0,[36667],,,I4|BODY|NO_DIVERGENCE|HIGH,471856,945,0.0020027296463327794,499.31851851851854
aa0a6809374d8d81546ba4ac37ba3ef2c2a031ab127299f1285c0073c197a973:H_bag,aa0a6809374d8d81546ba4ac37ba3ef2c2a031ab127299f1285c0073c197a973,I3,e266ac9bb782312cba59c18f24f775d67892ba67370332683e0a8f59bdbacd08,4421593,H_bag,ACTION_CHANGED_HORIZON_COMPLETE,true,,true,true,true,HARMFUL,25.34999999999127,[36731],,,I3|BODY|NO_DIVERGENCE|HIGH,170143,958,0.005630557824888476,177.60229645093946
bd446a9d168c7556f4249d8e9510755666d967a70a71324f3c7312932b8dd4d3:H_bag,bd446a9d168c7556f4249d8e9510755666d967a70a71324f3c7312932b8dd4d3,I3,e2ab9e3c85b821d20ee93b2b9e8edea174f5efe07f36a56706de57d14f11bfde,4421879,H_bag,ACTION_CHANGED_HORIZON_COMPLETE,true,,true,true,true,HARMFUL,31.20000000001164,[36741],,,I3|BODY|NO_DIVERGENCE|HIGH,170143,958,0.005630557824888476,177.60229645093946
c7aba919ffda28d98c8e075cecf2d9a74adfbae5d3a3186260f942aa74533a5f:H_bag,c7aba919ffda28d98c8e075cecf2d9a74adfbae5d3a3186260f942aa74533a5f,I3,497e1850c2a4e36972a4a16be765e336b87d5bacb592ec7e52ca5f7b59815505,4423996,H_bag,ACTION_CHANGED_HORIZON_COMPLETE,true,,true,true,true,HARMFUL,75.60000000002037,[36753],,,I3|BODY|DIVERGENCE|HIGH,10032,56,0.005582137161084529,179.14285714285714
2df3b982b127dbe197b845cc08de7a20f08045c966974325c221e6d0049a755d:H_bag,2df3b982b127dbe197b845cc08de7a20f08045c966974325c221e6d0049a755d,I3,823a814063ef13336b08c914e000c0f27bbbd2d8487e1ca038d4ca6c6d7c665d,4424811,H_bag,ACTION_CHANGED_HORIZON_COMPLETE,true,,true,true,true,HARMFUL,24.80000000000291,[32598],,,I3|BODY|NO_DIVERGENCE|HIGH,170143,958,0.005630557824888476,177.60229645093946
b18227e25d1bbc352206d23581dcb3da1d3f3d789a3ec7dbd51af07c723b7801:H_bag,b18227e25d1bbc352206d23581dcb3da1d3f3d789a3ec7dbd51af07c723b7801,I4,4e82f41b4e8734b980929b187df47c51efe12b1b1fddb4b190d60dc63f5e32f6,4425153,H_bag,ACTION_CHANGED_HORIZON_COMPLETE,true,,true,true,true,HARMFUL,0.0010000000038417056,[33667],,,I4|BODY|NO_DIVERGENCE|HIGH,471856,945,0.0020027296463327794,499.31851851851854
7783e64837f2619b6c94ddd42e91ddc190b9757565e76ce0bca1f818d2f20f4c:H_bag,7783e64837f2619b6c94ddd42e91ddc190b9757565e76ce0bca1f818d2f20f4c,I4,6cdec4334905461103f8844ff3f206fd0053029a4ca4886da954d7e9c9b73ecb,4425821,H_bag,ACTION_CHANGED_HORIZON_COMPLETE,true,,true,true,true,HARMFUL,1.0,[31946],,,I4|BODY|NO_DIVERGENCE|HIGH,471856,945,0.0020027296463327794,499.31851851851854
193de2f2b574aa82ce48318e79ac7899e758771b28ad3497d4d9ea08c2995309:H_bag,193de2f2b574aa82ce48318e79ac7899e758771b28ad3497d4d9ea08c2995309,I4,c79f7cb303bc805464e727fdfc32c9feb9f69d24101220abf63baf953da318c5,4426199,H_bag,ACTION_CHANGED_HORIZON_COMPLETE,true,,true,true,true,NEUTRAL_WITHIN_TOLERANCE,0.0,[34693],,,I4|BODY|NO_DIVERGENCE|HIGH,471856,945,0.0020027296463327794,499.31851851851854
e1c00312114b436b9dbc7b7531d147dd008a9d4639b51e285a6a21b8d66112ad:H_system,e1c00312114b436b9dbc7b7531d147dd008a9d4639b51e285a6a21b8d66112ad,I4,b9830de14e44c399691eb2e755476f4f22319b8f634766eb73f39efdcb6732ad,4436340,H_system,ACTION_CHANGED_HORIZON_COMPLETE,true,,true,true,true,HARMFUL,2.2934201780344665e-05,[36838],"[36838,36841,36846]","[36841,36846]",I4|BODY|NO_DIVERGENCE|HIGH,471856,945,0.0020027296463327794,499.31851851851854
78607fe049d7d622fbef03f91843f21c92da154e02d0f978abb8c47daec2511c:H_bag,78607fe049d7d622fbef03f91843f21c92da154e02d0f978abb8c47daec2511c,I4,5af45400a8cb3db58c3d2bea4c4ccc20bcef88423bc055d551839d190ec16ff2,4441182,H_bag,ACTION_CHANGED_HORIZON_COMPLETE,true,,true,true,true,NEUTRAL_WITHIN_TOLERANCE,0.0,[36955],,,I4|BODY|NO_DIVERGENCE|HIGH,471856,945,0.0020027296463327794,499.31851851851854
b2b4372c8096862b5de765acb3c0cc46003f5afaef3a2cbfcdcfbbab7045af9f:H_bag,b2b4372c8096862b5de765acb3c0cc46003f5afaef3a2cbfcdcfbbab7045af9f,I3,9e81b2c4bdc5c33ee08674a727fd0641d26282d376105384b2ff231b135034ba,4442949,H_bag,ACTION_CHANGED_HORIZON_COMPLETE,true,,true,true,true,HARMFUL,77.40000000000873,[36906],,,I3|BODY|NO_DIVERGENCE|HIGH,170143,958,0.005630557824888476,177.60229645093946
993af126f2d1572f60526c2b563d8113db5e9a157a98528018226c1c857e51c4:H_bag,993af126f2d1572f60526c2b563d8113db5e9a157a98528018226c1c857e51c4,I3,bc5648d4b55527264127c64bda58523cebda844e4b38ab2b2c97b595c431e128,4443171,H_bag,ACTION_CHANGED_HORIZON_COMPLETE,true,,true,true,true,HARMFUL,77.44746000001032,[36864],,,I3|BODY|NO_DIVERGENCE|HIGH,170143,958,0.005630557824888476,177.60229645093946
5a9b4257579fd931add3653f3b06a9c819583f3fc5719e38b4356ff5896978b8:H_bag,5a9b4257579fd931add3653f3b06a9c819583f3fc5719e38b4356ff5896978b8,I4,4c6d7a92da9d319a11caaac8d69df7b955ab2b2816f0eff812077395e03b6dc2,4445043,H_bag,ACTION_CHANGED_HORIZON_COMPLETE,true,,true,true,true,HARMFUL,1.0,[36910],,,I4|BODY|NO_DIVERGENCE|HIGH,471856,945,0.0020027296463327794,499.31851851851854
0f131f259345c6cd95f814d8cf558eb259d39d85789790819424f5f8859c75f9:H_bag,0f131f259345c6cd95f814d8cf558eb259d39d85789790819424f5f8859c75f9,I4,c66c164a6d6615697649a864185cec6f9af5863b237c84fcf98380e74f07ee18,4450389,H_bag,ACTION_CHANGED_HORIZON_COMPLETE,true,,true,true,true,HARMFUL,0.8475199999811593,[37006],,,I4|TAIL|NO_DIVERGENCE|HIGH,13582,67,0.004932999558238846,202.71641791044775
0448282f8cb04559975ee576c133eef492f7bc2e1ae536b3af52b528b081e608:H_bag,0448282f8cb04559975ee576c133eef492f7bc2e1ae536b3af52b528b081e608,I4,101aa20644c9fcc351bbea6a7f3077bd62e97f02f55c1fd176d524532b04f973,4454924,H_bag,ACTION_CHANGED_HORIZON_COMPLETE,true,,true,true,true,NEUTRAL_WITHIN_TOLERANCE,0.0,[33979],,,I4|BODY|NO_DIVERGENCE|HIGH,471856,945,0.0020027296463327794,499.31851851851854
603eae0e3124d98aea08c523af5b386c2c49277acd3e0d1c7187c6b204357240:H_bag,603eae0e3124d98aea08c523af5b386c2c49277acd3e0d1c7187c6b204357240,I4,9fc27379cb1df7bf960c742c3a9cc65db282177dcbfc0fb23caaaf758d1b7039,4455005,H_bag,ACTION_CHANGED_HORIZON_COMPLETE,true,,true,true,true,HARMFUL,1.0,[32550],,,I4|BODY|NO_DIVERGENCE|HIGH,471856,945,0.0020027296463327794,499.31851851851854
f505f50b83e373d66a702160d55f0e05e5948a744e2e2e7c50d6c6ad644dd70a:H_bag,f505f50b83e373d66a702160d55f0e05e5948a744e2e2e7c50d6c6ad644dd70a,I4,e2fd967f738316147e52a01ae1c037e0849fc72754cc99d7bab448e06bb490bc,4455222,H_bag,ACTION_CHANGED_HORIZON_COMPLETE,true,,true,true,true,NEUTRAL_WITHIN_TOLERANCE,0.0,[33979],,,I4|BODY|NO_DIVERGENCE|HIGH,471856,945,0.0020027296463327794,499.31851851851854
52895c483be076791d29acdb07bd43278b47294e3ca14295ad33bbc8f02a7e41:H_bag,52895c483be076791d29acdb07bd43278b47294e3ca14295ad33bbc8f02a7e41,I3,738aaf806783d1b15a70c9ae0546d83719aa90adec0b4fc9000781ab5ed8d7a8,4455768,H_bag,ACTION_CHANGED_HORIZON_COMPLETE,true,,true,true,true,HARMFUL,88.35000000002037,[32082],,,I3|BODY|NO_DIVERGENCE|HIGH,170143,958,0.005630557824888476,177.60229645093946
694f3650afaed3e9bd44e51796b4b27aec97217528894cde46de34c293602d92:H_bag,694f3650afaed3e9bd44e51796b4b27aec97217528894cde46de34c293602d92,I3,16d2e21b973b5a368a95d96d3d0e397b9e9ac99d9d049eecf5019fbb8126aa7b,4457407,H_bag,ACTION_CHANGED_HORIZON_COMPLETE,true,,true,true,true,HARMFUL,60.90000000000873,[33979],,,I3|BODY|NO_DIVERGENCE|HIGH,170143,958,0.005630557824888476,177.60229645093946
efbfc0731fb103f5629498dfd1aa3ea9df8d082e7424ac2e99f954b367232fc7:H_bag,efbfc0731fb103f5629498dfd1aa3ea9df8d082e7424ac2e99f954b367232fc7,I3,50ca772e7dc075f44b35b798fd1af5176704fec93f6b89e4a16e9c485ca0ed66,4458648,H_bag,ACTION_CHANGED_HORIZON_COMPLETE,true,,true,true,true,HARMFUL,32.438220000010915,[37088],,,I3|BODY|NO_DIVERGENCE|HIGH,170143,958,0.005630557824888476,177.60229645093946
46073a2332ce24093fcad56b2b8e1f1ec052bf7dae4a9b183a7dbf9d6dfbd9ad:H_bag,46073a2332ce24093fcad56b2b8e1f1ec052bf7dae4a9b183a7dbf9d6dfbd9ad,I4,7175ca009187ff842a8bc2af5efa5a8d00cc951f308bf5e83f817d58d0c13021,4463359,H_bag,ACTION_CHANGED_HORIZON_COMPLETE,true,,true,true,true,HARMFUL,1.0,[37128],,,I4|BODY|NO_DIVERGENCE|HIGH,471856,945,0.0020027296463327794,499.31851851851854
b0da74e8994eddd0166a96b2f59090678c356975a4c9cdd6b26eeb8feaa44674:H_bag,b0da74e8994eddd0166a96b2f59090678c356975a4c9cdd6b26eeb8feaa44674,I4,b8cf986d2560684132b2138c8bab520566043e42d2393f95452d6cf58e8bed8c,4463928,H_bag,ACTION_CHANGED_HORIZON_COMPLETE,true,,true,true,true,HARMFUL,0.5383100000181003,[34892],,,I4|BODY|NO_DIVERGENCE|HIGH,471856,945,0.0020027296463327794,499.31851851851854
45064ecd9bcf78ae4eb378aa87c1df3477380da2044ad72bc4525e6decabe96a:H_bag,45064ecd9bcf78ae4eb378aa87c1df3477380da2044ad72bc4525e6decabe96a,I3,18c1dee8b151e613c6b5a8b42260a81a95aceccb411725c6f91bd96a7d8cbf30,4473656,H_bag,ACTION_CHANGED_HORIZON_COMPLETE,true,,true,true,true,HARMFUL,5.000000000014552,[37220],,,I3|BODY|NO_DIVERGENCE|HIGH,170143,958,0.005630557824888476,177.60229645093946
5176b35131139d6d1a96859fa711d98031b3cfeefea49cb4188baf9568715f9c:H_bag,5176b35131139d6d1a96859fa711d98031b3cfeefea49cb4188baf9568715f9c,I3,a7e7e385cb15c034ad927f88a4bbe8188fa9942cf8220aa9d5226e422d2f568d,4475053,H_bag,ACTION_CHANGED_HORIZON_COMPLETE,true,,true,true,true,HARMFUL,75.60000000002037,[37209],,,I3|BODY|NO_DIVERGENCE|HIGH,170143,958,0.005630557824888476,177.60229645093946
d97dcbbb1313b234b72f5468ba6e424d8e4818a3a37d2f8060655ad1d2a5292b:H_bag,d97dcbbb1313b234b72f5468ba6e424d8e4818a3a37d2f8060655ad1d2a5292b,I3,0c94a6e92d2556565bd86bdda0ed49f9b895e46e72aebe32eb4b4b833385b838,4478400,H_bag,ACTION_CHANGED_HORIZON_COMPLETE,true,,true,true,true,NEUTRAL_WITHIN_TOLERANCE,0.0,[30723],,,I3|BODY|NO_DIVERGENCE|HIGH,170143,958,0.005630557824888476,177.60229645093946
7f48028754376f3b62481ca3ae1c8889b1f877e4bd8928e3430632eed37fe2a6:H_system,7f48028754376f3b62481ca3ae1c8889b1f877e4bd8928e3430632eed37fe2a6,I3,a2b641e7a6a8544a3c16066ee3970de1f116a1230e6612fc625fef18cb9fd46c,4479766,H_system,ACTION_CHANGED_HORIZON_COMPLETE,true,,true,true,true,HARMFUL,0.0006777056624684974,[34744],"[34744,34787,34793,34805,34821,35023,35026,35039,35053,35094,35258,35264,35267,35294,35367,35498,35530,35534,35537,35541,35544,35566,35570]","[34787,34793,34805,34821,35023,35026,35039,35053,35094,35258,35264,35267,35294,35367,35498,35530,35534,35537,35541,35544,35566,35570]",I3|BODY|NO_DIVERGENCE|HIGH,170143,958,0.005630557824888476,177.60229645093946
7bbeb2f86b83bca174755f8826976b3a24b8273c2b9e269d155b3720dd2525c5:H_bag,7bbeb2f86b83bca174755f8826976b3a24b8273c2b9e269d155b3720dd2525c5,I3,49540635bb277454f78b84fe97d0e7e681d6b462c4f3e0f9ca020c733824b1ae,4479893,H_bag,ACTION_CHANGED_HORIZON_COMPLETE,true,,true,true,true,HARMFUL,76.60000000000582,[34215],,,I3|BODY|NO_DIVERGENCE|HIGH,170143,958,0.005630557824888476,177.60229645093946
4ceeb84f33ed192add7e23642aafab8fe0e488a9ac86c90e2b77a69c08d808fe:H_bag,4ceeb84f33ed192add7e23642aafab8fe0e488a9ac86c90e2b77a69c08d808fe,I3,15d1fd3c92a751ffeb507d69542370f0c5e8000d8cba2ebb1614d68ca4d580b2,4481423,H_bag,ACTION_CHANGED_HORIZON_COMPLETE,true,,true,true,true,HARMFUL,0.25,[35570],,,I3|BODY|NO_DIVERGENCE|HIGH,170143,958,0.005630557824888476,177.60229645093946
de2f4f697e8f5bcd818e42bd1aa36bc50cb0c575094f9007ccf3a1e1d7c12a03:H_bag,de2f4f697e8f5bcd818e42bd1aa36bc50cb0c575094f9007ccf3a1e1d7c12a03,I3,8c55e152f09c5bf1b64d876682cf17d060795245def34916da94b06317bde385,4481455,H_bag,ACTION_CHANGED_HORIZON_COMPLETE,true,,true,true,true,HARMFUL,78.60000000000582,[35498],,,I3|BODY|NO_DIVERGENCE|HIGH,170143,958,0.005630557824888476,177.60229645093946
7606aa79995ae65b191849079bd576d3b1631fa916961cb5516a9b9f9edd3591:H_bag,7606aa79995ae65b191849079bd576d3b1631fa916961cb5516a9b9f9edd3591,I3,68bcdbf64e5f932b2aae97871720f2a478948f6a20ddad92235553eea25a05d3,4483503,H_bag,ACTION_CHANGED_HORIZON_COMPLETE,true,,true,true,true,HARMFUL,78.50823999999557,[37294],,,I3|BODY|NO_DIVERGENCE|HIGH,170143,958,0.005630557824888476,177.60229645093946
ab30432d09cbbb9533135e4fef21149d0a1da6e168bbf80cb0debad3fed23a71:H_bag,ab30432d09cbbb9533135e4fef21149d0a1da6e168bbf80cb0debad3fed23a71,I4,53b39a83f2cd248323e39a97e2d802e6a130413fc33adf661cd0a5175ef0ffda,4484440,H_bag,ACTION_CHANGED_HORIZON_COMPLETE,true,,true,true,true,HARMFUL,1.0,[37313],,,I4|BODY|NO_DIVERGENCE|HIGH,471856,945,0.0020027296463327794,499.31851851851854
1f980efaf5dc57c255f051c6cad81a39e3d0630693291c657824ae52860297c9:H_bag,1f980efaf5dc57c255f051c6cad81a39e3d0630693291c657824ae52860297c9,I3,14aba3920f1a600422a01b6b976c114cfe8f1eed29619971f626d7fa35cf836d,4485462,H_bag,ACTION_CHANGED_HORIZON_COMPLETE,true,,true,true,true,BENEFICIAL,-5.19999999999709,[37335],,,I3|BODY|NO_DIVERGENCE|HIGH,170143,958,0.005630557824888476,177.60229645093946
4f5ab03a079651c13095e27eaf004cb883220935592ff239a4dad7c96ee96d91:H_bag,4f5ab03a079651c13095e27eaf004cb883220935592ff239a4dad7c96ee96d91,I4,33041375b49fc48ffaf383d03c7b2b0fb8167c1076083fb287365044ffd0fbad,4488263,H_bag,ACTION_CHANGED_HORIZON_COMPLETE,true,,true,true,true,NEUTRAL_WITHIN_TOLERANCE,0.0,[37357],,,I4|TAIL|NO_DIVERGENCE|HIGH,13582,67,0.004932999558238846,202.71641791044775
229b679ad0707b96dc4e2aa1eb0d125a5ea83781548e1959715fc0a6edd255ae:H_bag,229b679ad0707b96dc4e2aa1eb0d125a5ea83781548e1959715fc0a6edd255ae,I3,98511dd51b7147198a2ef7180d3d4901481e409afe0f8c14f501191968d12b8e,4488827,H_bag,ACTION_CHANGED_HORIZON_COMPLETE,true,,true,true,true,HARMFUL,150.56275000004098,[37401],,,I3|BODY|NO_DIVERGENCE|HIGH,170143,958,0.005630557824888476,177.60229645093946
04fa9f19b0f05baeb49c7381494e2edf19ab94305913a29c69a30d47e75439b6:H_bag,04fa9f19b0f05baeb49c7381494e2edf19ab94305913a29c69a30d47e75439b6,I3,58ab466eecc9e82acf378096a5c70f34386da6f33991737ae39a8896c5affc5c,4489547,H_bag,ACTION_CHANGED_HORIZON_COMPLETE,true,,true,true,true,HARMFUL,80.94186000000627,[37330],,,I3|BODY|NO_DIVERGENCE|HIGH,170143,958,0.005630557824888476,177.60229645093946
abaaf4bbc57efd3ec014f9a76395bb0eb3a54433fea8eee5605e9f10d1d672a8:H_bag,abaaf4bbc57efd3ec014f9a76395bb0eb3a54433fea8eee5605e9f10d1d672a8,I3,bf5d7287a30e600c41bf843bc4f1c07af47098a13391d91dd4b33ede47835b67,4490987,H_bag,ACTION_CHANGED_HORIZON_COMPLETE,true,,true,true,true,BENEFICIAL,-3.261660000003758,[37427],,,I3|BODY|NO_DIVERGENCE|HIGH,170143,958,0.005630557824888476,177.60229645093946
1dd911140f1ff7260b555477e4279bb9345b3841d83cdadf540bbc29f9511c8a:H_bag,1dd911140f1ff7260b555477e4279bb9345b3841d83cdadf540bbc29f9511c8a,I4,e31633fc981ba2510d9a4f518d81c97af513653b7e63cbf21fb999fc6c30b3d5,4496292,H_bag,ACTION_CHANGED_HORIZON_COMPLETE,true,,true,true,true,NEUTRAL_WITHIN_TOLERANCE,0.0,[37474],,,I4|BODY|NO_DIVERGENCE|HIGH,471856,945,0.0020027296463327794,499.31851851851854
e835773a396a5e2911f2866e20415ac0e335994c7338dfbfa8bcfff256da1850:H_bag,e835773a396a5e2911f2866e20415ac0e335994c7338dfbfa8bcfff256da1850,I3,21eb80e2beb3a6d367ad801c8b9715c0ad1eafcee059fe1dc26f9ce78ec2c5e0,4499882,H_bag,ACTION_CHANGED_HORIZON_COMPLETE,true,,true,true,true,NEUTRAL_WITHIN_TOLERANCE,0.0,[37514],,,I3|BODY|NO_DIVERGENCE|HIGH,170143,958,0.005630557824888476,177.60229645093946
d90f6b624a29cf3929e49d09e78ae62543cbaafcc5c0de0b430e82a8af9262b0:H_bag,d90f6b624a29cf3929e49d09e78ae62543cbaafcc5c0de0b430e82a8af9262b0,I4,98ed1b3e99e525c45b177b3e2f6a16a4069b49772a49748dbeec3fece7e76ba6,4500074,H_bag,ACTION_CHANGED_HORIZON_COMPLETE,true,,true,true,true,HARMFUL,1.0,[37471],,,I4|BODY|NO_DIVERGENCE|HIGH,471856,945,0.0020027296463327794,499.31851851851854
2c83290943fb8628af516c152912d1d898fd1de741f23ddb376a9f59eeb93fc8:H_bag,2c83290943fb8628af516c152912d1d898fd1de741f23ddb376a9f59eeb93fc8,I3,9e5518ff3525f33f50bf51a0df9b5651d7475c0a36ede4302c6df803207356a4,4501912,H_bag,ACTION_CHANGED_HORIZON_COMPLETE,true,,true,true,true,HARMFUL,33.00000000001455,[37510],,,I3|BODY|NO_DIVERGENCE|HIGH,170143,958,0.005630557824888476,177.60229645093946
f097a12c865477925777fa6322067cbffd4fda054dfbb37f4bbcef7e1b4f8d3a:H_system,f097a12c865477925777fa6322067cbffd4fda054dfbb37f4bbcef7e1b4f8d3a,I3,e4ad803db74b9710e43cbf85dadbfc46bbe7b0cd7f5d778c9c6e65efc11855ff,4503411,H_system,ACTION_CHANGED_HORIZON_COMPLETE,true,,true,true,true,HARMFUL,0.003928063894761635,[37469],"[35610,35622,35717,35734,35746,37342,37354,37357,37378,37392,37394,37423,37431,37445,37450,37454,37469,37474,37479,37483,37486,37492,37499,37528,37546,37548,37549,37555,37556,37560,37566,37572,37577,37581,37587,37646]","[35610,35622,35717,35734,35746,37342,37354,37357,37378,37392,37394,37423,37431,37445,37450,37454,37474,37479,37483,37486,37492,37499,37528,37546,37548,37549,37555,37556,37560,37566,37572,37577,37581,37587,37646]",I3|BODY|NO_DIVERGENCE|HIGH,170143,958,0.005630557824888476,177.60229645093946
9578675e6b53dc7643bcb96b82eedd3c50f908ef95b2de3ca134bb5359b72baa:H_bag,9578675e6b53dc7643bcb96b82eedd3c50f908ef95b2de3ca134bb5359b72baa,I4,9dc3b9f860f8015d3e7b6d383219296a1448a3f89ab1ffc7b5112d56b70a9a91,4503665,H_bag,ACTION_CHANGED_HORIZON_COMPLETE,true,,true,true,true,HARMFUL,0.8467599999858066,[37542],,,I4|BODY|NO_DIVERGENCE|HIGH,471856,945,0.0020027296463327794,499.31851851851854
fb751c715e8b31810e65a68af13af59e4ae49937686c098854568489b301d141:H_bag,fb751c715e8b31810e65a68af13af59e4ae49937686c098854568489b301d141,I4,587f19fb38df317ed96945068d5745683eeb6f6ac4c9805f3b19c2a559aa7791,4505335,H_bag,ACTION_CHANGED_HORIZON_COMPLETE,true,,true,true,true,HARMFUL,1.0,[37550],,,I4|BODY|NO_DIVERGENCE|HIGH,471856,945,0.0020027296463327794,499.31851851851854
dd8b2dccde237bce7a5e82c9a6aa61241eaf24b1e691b82bff23e4240894a5fa:H_bag,dd8b2dccde237bce7a5e82c9a6aa61241eaf24b1e691b82bff23e4240894a5fa,I4,8ac5bb0f2bfc521d1749d7e3bf2eb54476d8f6767c7566a88b48f1b274aa0a0b,4506109,H_bag,ACTION_CHANGED_HORIZON_COMPLETE,true,,true,true,true,BENEFICIAL,-1.0,[37376],,,I4|BODY|NO_DIVERGENCE|HIGH,471856,945,0.0020027296463327794,499.31851851851854
f8471ee2aa1c8d79edede5beef6151bb21219e9854e47edfd8e19e64571483eb:H_bag,f8471ee2aa1c8d79edede5beef6151bb21219e9854e47edfd8e19e64571483eb,I3,7e3ec1b9e345b2d417948f7a769209662982faf93dba022db4a8d5d51db5c840,4507134,H_bag,ACTION_CHANGED_HORIZON_COMPLETE,true,,true,true,true,HARMFUL,24.30000000000291,[30688],,,I3|BODY|NO_DIVERGENCE|HIGH,170143,958,0.005630557824888476,177.60229645093946
53c4ab24534ddb0f5d7bca6aec8b1a31d26560ce68254a685deef2c19dc28461:H_bag,53c4ab24534ddb0f5d7bca6aec8b1a31d26560ce68254a685deef2c19dc28461,I4,924ff7e6423d9fcf6d4006654c2a32a5dd2c3ec113a38b29c0470e84f9c789e5,4511340,H_bag,ACTION_CHANGED_HORIZON_COMPLETE,true,,true,true,true,HARMFUL,0.5172699999966426,[37594],,,I4|BODY|NO_DIVERGENCE|HIGH,471856,945,0.0020027296463327794,499.31851851851854
dea3a7ece915c89ebf3b02772f473d79454d6b7490947ab63722443638f0cae6:H_bag,dea3a7ece915c89ebf3b02772f473d79454d6b7490947ab63722443638f0cae6,I3,b752eb446d74f243be938af17fad1102409bae65cfb75e23f4a5a2eecdc7115d,4513007,H_bag,ACTION_CHANGED_HORIZON_COMPLETE,true,,true,true,true,HARMFUL,26.75,[37614],,,I3|BODY|NO_DIVERGENCE|HIGH,170143,958,0.005630557824888476,177.60229645093946
fa34e836135b9e5dd788a1be318b8b87f7f200d5ccb183c02c4bfa7667b8ba19:H_bag,fa34e836135b9e5dd788a1be318b8b87f7f200d5ccb183c02c4bfa7667b8ba19,I3,a68a9575d5c5317263dca8e01754354c492e951810694ff91a0e3f3d5871e6a0,4515094,H_bag,ACTION_CHANGED_HORIZON_COMPLETE,true,,true,true,true,HARMFUL,24.30000000000291,[35717],,,I3|BODY|NO_DIVERGENCE|HIGH,170143,958,0.005630557824888476,177.60229645093946
34459fb0ad2df0761afa0c48a349cae61899d519575560e24e68d7a121e84717:H_bag,34459fb0ad2df0761afa0c48a349cae61899d519575560e24e68d7a121e84717,I3,e5ebbbd9246e9307439804a24260e1795ae3ee28b1111b23018fe6a206326a98,4515333,H_bag,ACTION_CHANGED_HORIZON_COMPLETE,true,,true,true,true,HARMFUL,56.40000000000873,[35260],,,I3|BODY|NO_DIVERGENCE|HIGH,170143,958,0.005630557824888476,177.60229645093946
7443b0ca027dea389533bc3ab224c9d66ec507e7264393c38aad7b2c7cf9dd84:H_bag,7443b0ca027dea389533bc3ab224c9d66ec507e7264393c38aad7b2c7cf9dd84,I4,5913a806b2e43aa7d3203a720d56099d5fe161f5b1e559846b81256dc4796893,4517117,H_bag,ACTION_CHANGED_HORIZON_COMPLETE,true,,true,true,true,NEUTRAL_WITHIN_TOLERANCE,0.0,[37450],,,I4|TAIL|NO_DIVERGENCE|HIGH,13582,67,0.004932999558238846,202.71641791044775
109af2bd07130bb69f37dcba74716e4770272e2ce45078d9baac273600b28bdd:H_bag,109af2bd07130bb69f37dcba74716e4770272e2ce45078d9baac273600b28bdd,I4,0ac6a5cc27e45f59e7b4c61d7ab5b49ff1f4c528e2e1d1b81d56711b74c36da6,4517637,H_bag,ACTION_CHANGED_HORIZON_COMPLETE,true,,true,true,true,NEUTRAL_WITHIN_TOLERANCE,0.0,[37615],,,I4|BODY|NO_DIVERGENCE|HIGH,471856,945,0.0020027296463327794,499.31851851851854
cef3f5b62612610372d9a7af3730beb8295dbb7e417afeb67cd477a9c99fb947:H_bag,cef3f5b62612610372d9a7af3730beb8295dbb7e417afeb67cd477a9c99fb947,I4,6a1e57244c058b138ae1ed7deea598ca18a7da1aa9d9256d7e9d52604a78464a,4519592,H_bag,ACTION_CHANGED_HORIZON_COMPLETE,true,,true,true,true,HARMFUL,0.14999999999417923,[37450],,,I4|TAIL|NO_DIVERGENCE|HIGH,13582,67,0.004932999558238846,202.71641791044775
ec2405337b83cbf1b075d8b4a9e007b97d916c9380ce4049ce22ac41812adc60:H_system,ec2405337b83cbf1b075d8b4a9e007b97d916c9380ce4049ce22ac41812adc60,I3,3eed2eef1bece326c8b7afd86c107378d918cb140b3e65edab9207dbabdfbb32,4522431,H_system,ACTION_CHANGED_HORIZON_COMPLETE,true,,true,true,true,HARMFUL,0.0017395592046796082,[37499],"[37499,37702]",[37702],I3|TAIL|NO_DIVERGENCE|HIGH,4196,58,0.013822688274547188,72.34482758620689
4b421ab8eafe37aee341a0990cb8c5b6e0558b9b5f0b39a99ccabaf0391def02:H_bag,4b421ab8eafe37aee341a0990cb8c5b6e0558b9b5f0b39a99ccabaf0391def02,I4,a4a0c06b320651e03c4c5735024e0929f1efe2838f8182271754105a3120027f,4522717,H_bag,ACTION_CHANGED_HORIZON_COMPLETE,true,,true,true,true,HARMFUL,0.0010000000038417056,[37689],,,I4|BODY|NO_DIVERGENCE|HIGH,471856,945,0.0020027296463327794,499.31851851851854
db2ceabe8f27c1321ba759ba5c83391c7c56d94f71fbcc1451a95ace759d33e5:H_system,db2ceabe8f27c1321ba759ba5c83391c7c56d94f71fbcc1451a95ace759d33e5,I4,8f1a89a84ee021817cd55cc1c4ee9080b152bc5cfb4b0edcf989149b33da1386,4524806,H_system,ACTION_CHANGED_HORIZON_COMPLETE,true,,true,true,true,HARMFUL,1.1812948656597655e-05,[37698],[37698],[],I4|BODY|NO_DIVERGENCE|HIGH,471856,945,0.0020027296463327794,499.31851851851854
f3feb735cc292b4e0b1998049cbc09e6f214e0e8706543a22ce61910b9a91d9f:H_bag,f3feb735cc292b4e0b1998049cbc09e6f214e0e8706543a22ce61910b9a91d9f,I4,936f5949da1c78c2cdb7e218d4b39e718df8113312ec40a89c2a94b6bb84244a,4524830,H_bag,ACTION_CHANGED_HORIZON_COMPLETE,true,,true,true,true,HARMFUL,1.0,[37701],,,I4|BODY|NO_DIVERGENCE|HIGH,471856,945,0.0020027296463327794,499.31851851851854
977df8cbd95d84c092f5e9da6c2dd19a71b3802858aa5ff3ddd93d82e899c5d2:H_system,977df8cbd95d84c092f5e9da6c2dd19a71b3802858aa5ff3ddd93d82e899c5d2,I3,d4ef596d4c4490ef5151b7660dd8eb23e0243dc51101ff3fff7cf3bcbdd63064,4525706,H_system,ACTION_CHANGED_HORIZON_COMPLETE,true,,true,true,true,HARMFUL,0.0017452927550607455,[37677],[37677],[],I3|BODY|NO_DIVERGENCE|HIGH,170143,958,0.005630557824888476,177.60229645093946
1ae4da607af640dbb65aa9e15e7ae40e19ed4b27db76f3516c9220bd7bd51cb1:H_bag,1ae4da607af640dbb65aa9e15e7ae40e19ed4b27db76f3516c9220bd7bd51cb1,I4,d97fb8f3460ff2d8b353de78ef319ad80661e358c15f8b10087cbb94991ecbb4,4527015,H_bag,ACTION_CHANGED_HORIZON_COMPLETE,true,,true,true,true,NEUTRAL_WITHIN_TOLERANCE,0.0,[37714],,,I4|BODY|DIVERGENCE|HIGH,30514,61,0.0019990823884118766,500.2295081967213
2732ea5b0f8284da0ceb0d5bfff832d9cf79bf3f35f37e2194d687d73cae4a1c:H_bag,2732ea5b0f8284da0ceb0d5bfff832d9cf79bf3f35f37e2194d687d73cae4a1c,I4,1e6d9786222a416fb6d9cc0a90c96f5d473993008f1141f5e74743913ba6f058,4541789,H_bag,ACTION_CHANGED_HORIZON_COMPLETE,true,,true,true,true,NEUTRAL_WITHIN_TOLERANCE,0.0,[37907],,,I4|BODY|NO_DIVERGENCE|HIGH,471856,945,0.0020027296463327794,499.31851851851854
59f741a91effddeae4426319893f8faad6d3c8ff624b1e391083cf27b03cfc2c:H_bag,59f741a91effddeae4426319893f8faad6d3c8ff624b1e391083cf27b03cfc2c,I4,3fd40709fe6dcf97a9052ad3176491eed0e114b8780812d4fca3bbc4ac3fe84e,4545386,H_bag,ACTION_CHANGED_HORIZON_COMPLETE,true,,true,true,true,NEUTRAL_WITHIN_TOLERANCE,0.0,[37979],,,I4|BODY|NO_DIVERGENCE|HIGH,471856,945,0.0020027296463327794,499.31851851851854
0021e447c5279194d6ff8cc5f1deed6bed67f68fd11f90d314def23942ff5c57:H_bag,0021e447c5279194d6ff8cc5f1deed6bed67f68fd11f90d314def23942ff5c57,I4,e5335b25c1eff0abb124d816947c46c0a0bf6ed7f224b77028f7763df9da5378,4547300,H_bag,ACTION_CHANGED_HORIZON_COMPLETE,true,,true,true,true,NEUTRAL_WITHIN_TOLERANCE,0.0,[37986],,,I4|TAIL|NO_DIVERGENCE|HIGH,13582,67,0.004932999558238846,202.71641791044775
10ffc89ae679a9b6a72f50bad1e6585497c58c18eba86cd89d855351851fac16:H_bag,10ffc89ae679a9b6a72f50bad1e6585497c58c18eba86cd89d855351851fac16,I3,a03633f2d74ba398f8e3d22489ddd1c46a1dfea4bd2b3b1793b1fb7ef537e84b,4551687,H_bag,ACTION_CHANGED_HORIZON_COMPLETE,true,,true,true,true,HARMFUL,79.25746000002255,[37968],,,I3|BODY|DIVERGENCE|HIGH,10032,56,0.005582137161084529,179.14285714285714
0919087d1b1dcdcb0d9d854c6a938dc0a22abbac7ebd142df9050ba177f5d0bb:H_bag,0919087d1b1dcdcb0d9d854c6a938dc0a22abbac7ebd142df9050ba177f5d0bb,I4,eca429eebadf23bcf085440610535f038226c42ecf9750ca91a56d6846d277dc,4553166,H_bag,ACTION_CHANGED_HORIZON_COMPLETE,true,,true,true,true,NEUTRAL_WITHIN_TOLERANCE,0.0,[37937],,,I4|BODY|NO_DIVERGENCE|HIGH,471856,945,0.0020027296463327794,499.31851851851854
b11693c73e9d8f1ee5ad22d7ec31b404ad0dfd82a990fcc9a7ef5546d1791b45:H_bag,b11693c73e9d8f1ee5ad22d7ec31b404ad0dfd82a990fcc9a7ef5546d1791b45,I4,7f7a21d982abb44af47b9203057c6dbeeb0692311ebd87a8f7e6ae115233f382,4556114,H_bag,ACTION_CHANGED_HORIZON_COMPLETE,true,,true,true,true,HARMFUL,1.0,[38001],,,I4|BODY|NO_DIVERGENCE|HIGH,471856,945,0.0020027296463327794,499.31851851851854
5d9e0edfa99eee17f9049b13bb529d2df8223b50815c2cb1679ecd4c095b257e:H_bag,5d9e0edfa99eee17f9049b13bb529d2df8223b50815c2cb1679ecd4c095b257e,I4,c77c0ba618b2d7b75a238b02d6a68c626be5ec33723ea5276102640b41f35599,4556239,H_bag,ACTION_CHANGED_HORIZON_COMPLETE,true,,true,true,true,HARMFUL,2.0,[38040],,,I4|BODY|NO_DIVERGENCE|HIGH,471856,945,0.0020027296463327794,499.31851851851854
f33cb55531fc79a835cb4f107b432da18405c88f71e2e3656c2d5a32eb9b1ccf:H_system,f33cb55531fc79a835cb4f107b432da18405c88f71e2e3656c2d5a32eb9b1ccf,I3,f0dc4c585d8eafcf0497ea1d6fca4806db1525b4c3367b745a127a25bba91121,4559846,H_system,ACTION_CHANGED_HORIZON_COMPLETE,true,,true,true,true,HARMFUL,0.0019660087608599497,[38013],"[37986,37990,37995,38013,38069,38075]","[37986,37990,37995,38069,38075]",I3|BODY|NO_DIVERGENCE|HIGH,170143,958,0.005630557824888476,177.60229645093946
5991e4739b6f87e08b36541c4f9e53c4c62627e461e05cdd17510fab03c2777e:H_bag,5991e4739b6f87e08b36541c4f9e53c4c62627e461e05cdd17510fab03c2777e,I3,b0671a8071aabdcee9981d41ea253659a5d97c0d6e3a6349bdee67ba5cd2e0a3,4564427,H_bag,ACTION_CHANGED_HORIZON_COMPLETE,true,,true,true,true,HARMFUL,23.80000000000291,[33521],,,I3|BODY|NO_DIVERGENCE|HIGH,170143,958,0.005630557824888476,177.60229645093946
e433297d703a63fb3eeae03e96f66abd78436de1c339030fdefff2112c42a523:H_bag,e433297d703a63fb3eeae03e96f66abd78436de1c339030fdefff2112c42a523,I3,820fca1e7cc97815df84b5c072b831ad4184fa345ea213ae104040c972f9c4d2,4564677,H_bag,ACTION_CHANGED_HORIZON_COMPLETE,true,,true,true,true,HARMFUL,78.10000000002037,[38091],,,I3|BODY|NO_DIVERGENCE|HIGH,170143,958,0.005630557824888476,177.60229645093946
0bf59070daa1203eff0dbab1df3b1618832b1d7f85cd1ee72540d49173a5a499:H_bag,0bf59070daa1203eff0dbab1df3b1618832b1d7f85cd1ee72540d49173a5a499,I3,6fb9796aadda4bf77e5f80a74a67a25807ea80f579cb05e4126b9a28b02f5c75,4566840,H_bag,ACTION_CHANGED_HORIZON_COMPLETE,true,,true,true,true,HARMFUL,24.80000000000291,[34840],,,I3|BODY|NO_DIVERGENCE|HIGH,170143,958,0.005630557824888476,177.60229645093946
07646a0c444af113488bdd34400ead23c0b85178c1af0ff47abf8fe43b12abda:H_bag,07646a0c444af113488bdd34400ead23c0b85178c1af0ff47abf8fe43b12abda,I4,91b827720dab92f9f91a4c098800a78047407d26604b7390b9e901b2bc0937be,4568777,H_bag,ACTION_CHANGED_HORIZON_COMPLETE,true,,true,true,true,NEUTRAL_WITHIN_TOLERANCE,0.0,[37932],,,I4|TAIL|NO_DIVERGENCE|HIGH,13582,67,0.004932999558238846,202.71641791044775
7e336b8844508cafe7c4b5ecbd1ad08f5417c1a32eff13f9a5fbba124e99978d:H_system,7e336b8844508cafe7c4b5ecbd1ad08f5417c1a32eff13f9a5fbba124e99978d,I4,5c0cf614eec100d1e59471407ffb1ad3ab5ee258e549a820e5f89b7b4046a81a,4571185,H_system,ACTION_CHANGED_HORIZON_COMPLETE,true,,true,true,true,NEUTRAL_WITHIN_TOLERANCE,0.0,[38148],"[38147,38148]",[38147],I4|BODY|NO_DIVERGENCE|HIGH,471856,945,0.0020027296463327794,499.31851851851854
e7ad08b4997c5afe6a2722d4db4f4d8f732de0025ce131c5e3e974a0124a738d:H_bag,e7ad08b4997c5afe6a2722d4db4f4d8f732de0025ce131c5e3e974a0124a738d,I4,684ebe238f9c11de20caaffe0e23dae33d225a26641b6057e49d48d4832cae04,4572908,H_bag,ACTION_CHANGED_HORIZON_COMPLETE,true,,true,true,true,HARMFUL,0.6000000000058208,[35391],,,I4|BODY|NO_DIVERGENCE|HIGH,471856,945,0.0020027296463327794,499.31851851851854
cbaa6571a74bb7c45bf041bc0566fc5a118a11d6707dce18d2e05169ff71bfc1:H_bag,cbaa6571a74bb7c45bf041bc0566fc5a118a11d6707dce18d2e05169ff71bfc1,I3,d4739886dd2f6789f00c262731d78b21971b7e34f5e893568bf32d88d37ae71b,4574393,H_bag,ACTION_CHANGED_HORIZON_COMPLETE,true,,true,true,true,HARMFUL,74.40000000000873,[38131],,,I3|BODY|NO_DIVERGENCE|HIGH,170143,958,0.005630557824888476,177.60229645093946
57107ad6a162da04318fd0f8945a1173ef3b330b66b36ee7f5914d7b7e096266:H_bag,57107ad6a162da04318fd0f8945a1173ef3b330b66b36ee7f5914d7b7e096266,I3,881144a6ae360f1495a4808adc780c28750c13ff7e320d3fe7a5cc3fd8123826,4574837,H_bag,ACTION_CHANGED_HORIZON_COMPLETE,true,,true,true,true,NEUTRAL_WITHIN_TOLERANCE,0.0,[36009],,,I3|BODY|NO_DIVERGENCE|HIGH,170143,958,0.005630557824888476,177.60229645093946
6050b8a75eb4685d0754ea627c3ea58107505ce170fdad1fc5eeac601b553569:H_bag,6050b8a75eb4685d0754ea627c3ea58107505ce170fdad1fc5eeac601b553569,I4,13375a2c6bdfabc987d1295b6d7332301aaf0aab8922a12e8ae29a8e5e18e359,4576113,H_bag,ACTION_CHANGED_HORIZON_COMPLETE,true,,true,true,true,HARMFUL,1.0,[36062],,,I4|BODY|NO_DIVERGENCE|HIGH,471856,945,0.0020027296463327794,499.31851851851854
2bbcc27a4ff274413cb2e44e61fbb659348f73ec56a23aed819c36348a8b3135:H_system,2bbcc27a4ff274413cb2e44e61fbb659348f73ec56a23aed819c36348a8b3135,I4,e3e235167be21b42d8ee97f8e1ee47596354f2b3607e8624e74256f654af1cb2,4576938,H_system,ACTION_CHANGED_HORIZON_COMPLETE,true,,true,true,true,HARMFUL,4.436621338754776e-06,[35391],[35391],[],I4|BODY|NO_DIVERGENCE|HIGH,471856,945,0.0020027296463327794,499.31851851851854
b6f4497e9daeff48dc077a040f8ba3ab401d82a4d045cb7e6b205e70d258a75e:H_bag,b6f4497e9daeff48dc077a040f8ba3ab401d82a4d045cb7e6b205e70d258a75e,I3,acb707a19aab8caf966f6c0ed52626688ca4830997907eab73e06b3cb615c4d8,4583698,H_bag,ACTION_CHANGED_HORIZON_COMPLETE,true,,true,true,true,HARMFUL,4.2000000000116415,[38227],,,I3|BODY|NO_DIVERGENCE|HIGH,170143,958,0.005630557824888476,177.60229645093946
b544f504d81a217e322f7dcdfddc7dfdb0c4fa6cfd2a7ab5f25e776a08f1e086:H_bag,b544f504d81a217e322f7dcdfddc7dfdb0c4fa6cfd2a7ab5f25e776a08f1e086,I4,9ee481ae2d8c27f17d2ca41cc909f0345e01cc6547c803ae159cf022486e254e,4587340,H_bag,ACTION_CHANGED_HORIZON_COMPLETE,true,,true,true,true,NEUTRAL_WITHIN_TOLERANCE,0.0,[38273],,,I4|BODY|NO_DIVERGENCE|HIGH,471856,945,0.0020027296463327794,499.31851851851854
41b83e8afdfca78f65f80f75c35bc93fa1c857f63616c728ac60889098073b92:H_bag,41b83e8afdfca78f65f80f75c35bc93fa1c857f63616c728ac60889098073b92,I4,f1ed45c244cb473cd07833358528eb060d73ce7da8f5cdb6c15f2fc0d316de86,4588180,H_bag,ACTION_CHANGED_HORIZON_COMPLETE,true,,true,true,true,HARMFUL,0.0010000000038417056,[38285],,,I4|BODY|NO_DIVERGENCE|HIGH,471856,945,0.0020027296463327794,499.31851851851854
2501532b08749dc86d1152da8a0ed2af59a2163e4e1c1736b86b6ae8539c2198:H_bag,2501532b08749dc86d1152da8a0ed2af59a2163e4e1c1736b86b6ae8539c2198,I4,ea6cbd86260d360357cd6f318de9c502348f2133c346586214b336a07a19dc6b,4589868,H_bag,ACTION_CHANGED_HORIZON_COMPLETE,true,,true,true,true,HARMFUL,0.07350999998743646,[38273],,,I4|BODY|NO_DIVERGENCE|HIGH,471856,945,0.0020027296463327794,499.31851851851854
d22470a6c95fc222b0fc3e9371041947a8ed794e19a55558e9188c1c093572d5:H_system,d22470a6c95fc222b0fc3e9371041947a8ed794e19a55558e9188c1c093572d5,I3,71b98a17a9650c951ed2ae2afecc5ecf8da2484078ff65eb6500daa8f03d5e65,4592085,H_system,ACTION_CHANGED_HORIZON_COMPLETE,true,,true,true,true,HARMFUL,0.0005871155654233462,[38320],[38320],[],I3|BODY|NO_DIVERGENCE|HIGH,170143,958,0.005630557824888476,177.60229645093946
8b008f76e7a61fcd98f6f8701f86e87da8f7fda5c0cabc0a4d82100e02fa5c15:H_bag,8b008f76e7a61fcd98f6f8701f86e87da8f7fda5c0cabc0a4d82100e02fa5c15,I3,c26d99f4ae57d5a04eb059d8ebbe1789ab38b52d5d0866278f4df0bfdcdf8db8,4593749,H_bag,ACTION_CHANGED_HORIZON_COMPLETE,true,,true,true,true,HARMFUL,27.550000000017462,[38325],,,I3|BODY|NO_DIVERGENCE|HIGH,170143,958,0.005630557824888476,177.60229645093946
bb2fb958a91f1f85658c164056e73b52fa94f9ea1f44e58c10354f0f087ca0d5:H_bag,bb2fb958a91f1f85658c164056e73b52fa94f9ea1f44e58c10354f0f087ca0d5,I3,3554ef6fc26445a92690f8f35b27165b0a7e39bc788b68e91ddc89f7b9cba328,4594928,H_bag,ACTION_CHANGED_HORIZON_COMPLETE,true,,true,true,true,HARMFUL,21.30000000000291,[33638],,,I3|BODY|NO_DIVERGENCE|HIGH,170143,958,0.005630557824888476,177.60229645093946
b96a48c6c76638aebea869cba8b36bd0aa01da2b6ae0952464311c1d47b5fb04:H_system,b96a48c6c76638aebea869cba8b36bd0aa01da2b6ae0952464311c1d47b5fb04,I3,dce2136777e4d9d59df990d73a9c4d3e5dd308c942fae9e4603b2f21d412a757,4596615,H_system,ACTION_CHANGED_HORIZON_COMPLETE,true,,true,true,true,HARMFUL,-0.00410980895807711,[33972],"[33972,33985,34057,34165,34180,34224,34379,34384,34389,34603,34659,34741,34746,34761,34765,34773,34775,34813,34817,34900,34914,35063,35082,35088,35096,35103,35113,35115,35122,35129,35135,35150,35166,35168,35171,35343,35346,35354,35360,35472,35480,35489,35494,35506,35510,35516,35520,35578,35584,35596,35616,35618,35626,35629,35634,35662,35666,35672,35787,35793,35796,35799,35809,35819,35825,35827,35831,35871,35873,35875,35877,35888,35910,35912,35914,35918,35922,35926,35928,35934,35942,35971,36035,36039,36045,36075,36118,36124,36126,36128,36147,36168,36181,36183,36269,36277,36283,36285,36293,36349,36351,36354,36359,36362,36365,36374,36378,36382,36386,36391,36393,36399,36401,36408,36410,36424,36428,36430,36443,36481,36484,36493,36495,36505,36513,36569,36581,36587,36591]","[33985,34057,34165,34180,34224,34379,34384,34389,34603,34659,34741,34746,34761,34765,34773,34775,34813,34817,34900,34914,35063,35082,35088,35096,35103,35113,35115,35122,35129,35135,35150,35166,35168,35171,35343,35346,35354,35360,35472,35480,35489,35494,35506,35510,35516,35520,35578,35584,35596,35616,35618,35626,35629,35634,35662,35666,35672,35787,35793,35796,35799,35809,35819,35825,35827,35831,35871,35873,35875,35877,35888,35910,35912,35914,35918,35922,35926,35928,35934,35942,35971,36035,36039,36045,36075,36118,36124,36126,36128,36147,36168,36181,36183,36269,36277,36283,36285,36293,36349,36351,36354,36359,36362,36365,36374,36378,36382,36386,36391,36393,36399,36401,36408,36410,36424,36428,36430,36443,36481,36484,36493,36495,36505,36513,36569,36581,36587,36591]",I3|BODY|NO_DIVERGENCE|HIGH,170143,958,0.005630557824888476,177.60229645093946
d86ed00ad2e8a508d589c3644d355eb0742c353d18c3ab5922a7c99b1996df55:H_bag,d86ed00ad2e8a508d589c3644d355eb0742c353d18c3ab5922a7c99b1996df55,I4,61628a8dc9b70507115977d52266d554b5f31eca7544eae1957274219f7c35d1,4597372,H_bag,ACTION_CHANGED_HORIZON_COMPLETE,true,,true,true,true,NEUTRAL_WITHIN_TOLERANCE,0.0,[34180],,,I4|BODY|NO_DIVERGENCE|HIGH,471856,945,0.0020027296463327794,499.31851851851854
b5c145b2544043523a561e1839f9917dbba94d473cc34b285cd44667c38aaea0:H_bag,b5c145b2544043523a561e1839f9917dbba94d473cc34b285cd44667c38aaea0,I3,8c185b7b65fd30a0406ccfd32c8eb18d1188c779093beb3a7532309c80df0a2a,4600101,H_bag,ACTION_CHANGED_HORIZON_COMPLETE,true,,true,true,true,HARMFUL,31.800000000017462,[38350],,,I3|BODY|NO_DIVERGENCE|HIGH,170143,958,0.005630557824888476,177.60229645093946
f216c5095eda116520ecbb63c82f1f74ef43df076e272f49587f1f4077caa418:H_bag,f216c5095eda116520ecbb63c82f1f74ef43df076e272f49587f1f4077caa418,I3,c45d560c4376e4d99a0b74f9a42b5732a44bb67e33e1ff85995c751da040346d,4600725,H_bag,ACTION_CHANGED_HORIZON_COMPLETE,true,,true,true,true,HARMFUL,0.25,[35135],,,I3|BODY|NO_DIVERGENCE|HIGH,170143,958,0.005630557824888476,177.60229645093946
b92f19a8eaf038e193848d4ef0410e31eeca06ffe86ef3aebaa6907d44eb69ee:H_bag,b92f19a8eaf038e193848d4ef0410e31eeca06ffe86ef3aebaa6907d44eb69ee,I3,5218e8eae1efaf156f8e993ea092b8d1930c991b1edad5881baa6149ee893e0d,4603784,H_bag,ACTION_CHANGED_HORIZON_COMPLETE,true,,true,true,true,HARMFUL,23.80000000000291,[35672],,,I3|BODY|NO_DIVERGENCE|HIGH,170143,958,0.005630557824888476,177.60229645093946
dff88cd31cb6558a47f44aea7d6f6807cfe530dec88e64ac59cf08e4c64d2f30:H_bag,dff88cd31cb6558a47f44aea7d6f6807cfe530dec88e64ac59cf08e4c64d2f30,I3,a00a6339546bb700b8e30f012f7e9c66ed08dfddb2f5406f79ba7d85b2db44ba,4605020,H_bag,ACTION_CHANGED_HORIZON_COMPLETE,true,,true,true,true,HARMFUL,77.60000000002037,[35666],,,I3|BODY|NO_DIVERGENCE|HIGH,170143,958,0.005630557824888476,177.60229645093946
e8acdaa03eb2c21f733cac44b4532768cae86341f6e61e44012220755698fdab:H_system,e8acdaa03eb2c21f733cac44b4532768cae86341f6e61e44012220755698fdab,I3,f660cbec605d2e500bbeaf20dc0238dfe665f28ac91c82305ecb3a2f48b635c7,4607260,H_system,ACTION_CHANGED_HORIZON_COMPLETE,true,,true,true,true,HARMFUL,0.0017338256542132058,[35825],[35825],[],I3|BODY|NO_DIVERGENCE|HIGH,170143,958,0.005630557824888476,177.60229645093946
5e9e77b15b322d98a66798591d7593c767927465c7ba56ccefee59346f183b52:H_bag,5e9e77b15b322d98a66798591d7593c767927465c7ba56ccefee59346f183b52,I4,354321c0b76fd49abad26a7e375e4543208e7cece15133913f2f1e927038c213,4607640,H_bag,ACTION_CHANGED_HORIZON_COMPLETE,true,,true,true,true,HARMFUL,0.0010000000038417056,[36045],,,I4|BODY|NO_DIVERGENCE|HIGH,471856,945,0.0020027296463327794,499.31851851851854
e348aa95dca2c03739e85d80c37c4d9ae166e0671b98476c28b0e344da1e9090:H_bag,e348aa95dca2c03739e85d80c37c4d9ae166e0671b98476c28b0e344da1e9090,I3,6e2c4d06afea372055d4b1582cfafeeee8667ed7573514bce81c1d1ff0c65c00,4608921,H_bag,ACTION_CHANGED_HORIZON_COMPLETE,true,,true,true,true,HARMFUL,77.47572000000218,[35928],,,I3|BODY|NO_DIVERGENCE|HIGH,170143,958,0.005630557824888476,177.60229645093946
ef62202f23e442167e45651d8a3d9670781d20d4d17a8272ed0b0f537c3b0bbe:H_bag,ef62202f23e442167e45651d8a3d9670781d20d4d17a8272ed0b0f537c3b0bbe,I4,1d0533386d657c0fbf8e6ab4416c8d1a7576eb1e0db75009f8b8c267b310c6a8,4609457,H_bag,ACTION_CHANGED_HORIZON_COMPLETE,true,,true,true,true,NEUTRAL_WITHIN_TOLERANCE,0.0,[38385],,,I4|BODY|NO_DIVERGENCE|HIGH,471856,945,0.0020027296463327794,499.31851851851854
cf4c09d26494c3e59ac7a99c978a26c0831b84165dec1ee59dc8e7910d06a529:H_bag,cf4c09d26494c3e59ac7a99c978a26c0831b84165dec1ee59dc8e7910d06a529,I3,4b4140190324dc83ce2445e3debfa64148b65854c0f09e76b0cffdef3aae8926,4611465,H_bag,ACTION_CHANGED_HORIZON_COMPLETE,true,,true,true,true,HARMFUL,24.30000000000291,[36401],,,I3|BODY|NO_DIVERGENCE|HIGH,170143,958,0.005630557824888476,177.60229645093946
bec02f1ec5a546dd2d5d9593a887e3c1c2db6c50f7ebb33c28f8cb2d62dafec9:H_bag,bec02f1ec5a546dd2d5d9593a887e3c1c2db6c50f7ebb33c28f8cb2d62dafec9,I4,d0df8c36cf0ca7ccd6ffba9ac89b0e3facbe01808d59a95827eb6becfc9fbdbe,4611589,H_bag,ACTION_CHANGED_HORIZON_COMPLETE,true,,true,true,true,HARMFUL,0.39999999999417923,[36382],,,I4|BODY|NO_DIVERGENCE|HIGH,471856,945,0.0020027296463327794,499.31851851851854
d50066925e8e7e62ea5c73430af5676f83f670ea35f2fa82e4b4167de5630963:H_bag,d50066925e8e7e62ea5c73430af5676f83f670ea35f2fa82e4b4167de5630963,I3,e7fb591b5954d876b8bb4adfd710e691d3be0170dc6af8ff9f7e8a81bae58aaf,4623838,H_bag,ACTION_CHANGED_HORIZON_COMPLETE,true,,true,true,true,HARMFUL,15.42888999999559,[38532],,,I3|BODY|NO_DIVERGENCE|HIGH,170143,958,0.005630557824888476,177.60229645093946
aaf2d6c165da81db14178f83a78a5dc273a9cdb48751d927fad6f017a179ff87:H_bag,aaf2d6c165da81db14178f83a78a5dc273a9cdb48751d927fad6f017a179ff87,I3,fc465a8cea7dee562eddc416c48189d141ab0ca494e740c783b0b0cead53909a,4624216,H_bag,ACTION_CHANGED_HORIZON_COMPLETE,true,,true,true,true,HARMFUL,31.20000000001164,[38536],,,I3|BODY|NO_DIVERGENCE|HIGH,170143,958,0.005630557824888476,177.60229645093946
2fb05edb23e36a459a6a656f44eb8ed32a82f36a3daa279302cde1412a99d30a:H_bag,2fb05edb23e36a459a6a656f44eb8ed32a82f36a3daa279302cde1412a99d30a,I4,8b8845bd9ac7a2bb9bf53f825417ac56205e16fa6e541a0f2d9e7460a453fdd6,4624342,H_bag,ACTION_CHANGED_HORIZON_COMPLETE,true,,true,true,true,NEUTRAL_WITHIN_TOLERANCE,0.0,[38542],,,I4|BODY|NO_DIVERGENCE|HIGH,471856,945,0.0020027296463327794,499.31851851851854
9e41bb3de1f4c2585e7149071c918da43b19bc4f364d6acfbf7407f4a325566f:H_bag,9e41bb3de1f4c2585e7149071c918da43b19bc4f364d6acfbf7407f4a325566f,I4,268671eaaaf41d9bf2d28bcfabcc3babb09fece8333f6ba122560b07d8f404ee,4629152,H_bag,ACTION_CHANGED_HORIZON_COMPLETE,true,,true,true,true,HARMFUL,1.0,[38512],,,I4|BODY|NO_DIVERGENCE|HIGH,471856,945,0.0020027296463327794,499.31851851851854
615562735eddd610f9191fa92edba03ecda87e70ac308e28e8523ae22ec8a704:H_bag,615562735eddd610f9191fa92edba03ecda87e70ac308e28e8523ae22ec8a704,I4,e19296c3a344212b0555e57f5392220c5f86af38f1c02bd2803c64ec0e62cc38,4630184,H_bag,ACTION_CHANGED_HORIZON_COMPLETE,true,,true,true,true,HARMFUL,0.0010000000038417056,[38586],,,I4|BODY|NO_DIVERGENCE|HIGH,471856,945,0.0020027296463327794,499.31851851851854
3a71815a944168beec18be20a810f94014ba74c2ff85650a9ba67640f0c44f27:H_bag,3a71815a944168beec18be20a810f94014ba74c2ff85650a9ba67640f0c44f27,I4,e7fc999c09df7dce732e7a66d4de295c4af238d7ca3bfde10387ded3da37aee3,4630719,H_bag,ACTION_CHANGED_HORIZON_COMPLETE,true,,true,true,true,HARMFUL,0.969440000000759,[38585],,,I4|BODY|NO_DIVERGENCE|HIGH,471856,945,0.0020027296463327794,499.31851851851854
ba2ae01efe6a72552c984f0a18404a57f5e59d159059f7475389bb6da2ad014b:H_system,ba2ae01efe6a72552c984f0a18404a57f5e59d159059f7475389bb6da2ad014b,I3,0693329b915b4458aafa6f6f066b6dc27e37843a68ec693ec11e2b788b5203f1,4631496,H_system,ACTION_CHANGED_HORIZON_COMPLETE,true,,true,true,true,HARMFUL,0.001733825654184784,[38533],[38533],[],I3|BODY|NO_DIVERGENCE|HIGH,170143,958,0.005630557824888476,177.60229645093946
6f9b291818b2691dac0b11b351a9a78cb970b2ee89ff056cc63efc03793273b9:H_bag,6f9b291818b2691dac0b11b351a9a78cb970b2ee89ff056cc63efc03793273b9,I4,0841d45d013d5b9c37f3ece9683f565a8944fa5105b7c6b45ed28b65ed309b85,4632802,H_bag,ACTION_CHANGED_HORIZON_COMPLETE,true,,true,true,true,HARMFUL,0.6000000000058208,[38604],,,I4|BODY|NO_DIVERGENCE|HIGH,471856,945,0.0020027296463327794,499.31851851851854
7d97e334e35f34062e8a609b6d4bae255db606a6b86f57ec5fe5c2743dc3cb88:H_bag,7d97e334e35f34062e8a609b6d4bae255db606a6b86f57ec5fe5c2743dc3cb88,I3,3db002533f0cc77d0f9b9327a7cbde1a57ed724bccbe53f9005bd5a4ba6e1021,4633462,H_bag,ACTION_CHANGED_HORIZON_COMPLETE,true,,true,true,true,BENEFICIAL,-0.15000000000873115,[38620],,,I3|BODY|NO_DIVERGENCE|HIGH,170143,958,0.005630557824888476,177.60229645093946
cf3c00ad3bff2d57af5b5da9436c922c400a0f3222d32ba076f0a8c7654a2f9f:H_bag,cf3c00ad3bff2d57af5b5da9436c922c400a0f3222d32ba076f0a8c7654a2f9f,I3,4a565394a8d5b2bfd2221df9d8173abe041a3568c71c691646f5a01d04905267,4634690,H_bag,ACTION_CHANGED_HORIZON_COMPLETE,true,,true,true,true,HARMFUL,22.80000000000291,[30941],,,I3|BODY|NO_DIVERGENCE|HIGH,170143,958,0.005630557824888476,177.60229645093946
4660cded54a539296e8e1fa2534fdb115479a65ce8a0dbe06a9651b51a5ab8fb:H_bag,4660cded54a539296e8e1fa2534fdb115479a65ce8a0dbe06a9651b51a5ab8fb,I4,0d087774bddec1a95f6e66026c7dd37b52509dddca363dd8b83e56ead1c42dac,4635910,H_bag,ACTION_CHANGED_HORIZON_COMPLETE,true,,true,true,true,NEUTRAL_WITHIN_TOLERANCE,0.0,[38614],,,I4|BODY|NO_DIVERGENCE|HIGH,471856,945,0.0020027296463327794,499.31851851851854
60b9314269767d7349e7d38f4aa60b98ed78cdb015a1d74d33d7c7eb1f6c15ab:H_bag,60b9314269767d7349e7d38f4aa60b98ed78cdb015a1d74d33d7c7eb1f6c15ab,I3,80528243c99fbe40b797f9f4225422e311e397fc5a389e8749bb742ecba377f6,4645140,H_bag,ACTION_CHANGED_HORIZON_COMPLETE,true,,true,true,true,HARMFUL,24.30000000000291,[34970],,,I3|BODY|DIVERGENCE|HIGH,10032,56,0.005582137161084529,179.14285714285714
8ba1219b3648023179e39fa6918983eed2109a3df28ccf91d42d395abbfbc432:H_bag,8ba1219b3648023179e39fa6918983eed2109a3df28ccf91d42d395abbfbc432,I4,02dcc04dd2633d034dd8ff128519c93de9ba5e25347836b5cbff99d8b1e98e08,4646149,H_bag,ACTION_CHANGED_HORIZON_COMPLETE,true,,true,true,true,NEUTRAL_WITHIN_TOLERANCE,0.0,[35100],,,I4|BODY|NO_DIVERGENCE|HIGH,471856,945,0.0020027296463327794,499.31851851851854
25d2f2556ae7971ab5f2a79b1c85ebfb6e89d34962fcc6aead2da371e2b36686:H_system,25d2f2556ae7971ab5f2a79b1c85ebfb6e89d34962fcc6aead2da371e2b36686,I3,2b2f7531bdec1b2983306fdfde808f020ff5d518540a77ff63daf1187bab3aff,4646629,H_system,ACTION_CHANGED_HORIZON_COMPLETE,true,,true,true,true,HARMFUL,0.0012855308121118014,[35222],"[35222,35227,35274,35276,35280,35292,35364,35376,35379,35383,35470,35478,35483,35496,35501,35518,35523,35528,35564,35653,35656,35658,35670,35682,35688,35711,35719,35762,35771,35802,35807,35813,35815,35821,35845,35849,35857,38678,38685,38691,38692,38695,38702,38718,38723,38726,38727]","[35227,35274,35276,35280,35292,35364,35376,35379,35383,35470,35478,35483,35496,35501,35518,35523,35528,35564,35653,35656,35658,35670,35682,35688,35711,35719,35762,35771,35802,35807,35813,35815,35821,35845,35849,35857,38678,38685,38691,38692,38695,38702,38718,38723,38726,38727]",I3|BODY|NO_DIVERGENCE|HIGH,170143,958,0.005630557824888476,177.60229645093946
5fe64ed8303511fccac4f6063896b17419b054f68cc14ca36f0705b6de87d15c:H_bag,5fe64ed8303511fccac4f6063896b17419b054f68cc14ca36f0705b6de87d15c,I4,8df9760a16f4441bf9495835b120390b3d99451651944062ad1130f761788aa5,4646694,H_bag,ACTION_CHANGED_HORIZON_COMPLETE,true,,true,true,true,HARMFUL,2.316659999996773,[38666],,,I4|BODY|NO_DIVERGENCE|HIGH,471856,945,0.0020027296463327794,499.31851851851854
50027524bcac38d915a7314c70026e2ff321d34e1f5b22dda563c758956d1cd8:H_bag,50027524bcac38d915a7314c70026e2ff321d34e1f5b22dda563c758956d1cd8,I3,69408fc892c676f665d2081bae7ab208837fb5fc9fe81da47c346cd5f2a345d6,4649953,H_bag,ACTION_CHANGED_HORIZON_COMPLETE,true,,true,true,true,HARMFUL,33.00000000001455,[38698],,,I3|BODY|NO_DIVERGENCE|HIGH,170143,958,0.005630557824888476,177.60229645093946
b72060a92387cd306879758c05843dcac3da0628fedccfb786e26ac0a9d408a3:H_bag,b72060a92387cd306879758c05843dcac3da0628fedccfb786e26ac0a9d408a3,I3,7c986cff0de3e2e5b2d9dc9fa0896bda679df53ef6c5b91ecb7eadd8ae48e69d,4653520,H_bag,ACTION_CHANGED_HORIZON_COMPLETE,true,,true,true,true,HARMFUL,75.60000000002037,[38696],,,I3|BODY|NO_DIVERGENCE|HIGH,170143,958,0.005630557824888476,177.60229645093946
3fdda79225f8e2a218a96b72debf2a0b2e61a4bd9820c624f34ca6f6be0b68db:H_bag,3fdda79225f8e2a218a96b72debf2a0b2e61a4bd9820c624f34ca6f6be0b68db,I4,e1412d388fbfa4491cfcbec7d93022e272a3a58973b31b53f092be19cb668168,4654136,H_bag,ACTION_CHANGED_HORIZON_COMPLETE,true,,true,true,true,HARMFUL,1.0,[35478],,,I4|BODY|NO_DIVERGENCE|HIGH,471856,945,0.0020027296463327794,499.31851851851854
e5fedb9a0bc9fe8b00652e4300ed4f13bae26e3f0ea07c7846bb94b31c926e3f:H_bag,e5fedb9a0bc9fe8b00652e4300ed4f13bae26e3f0ea07c7846bb94b31c926e3f,I4,7011f2300525f38ec49ae9c7db96ad1017e6bbb05a99194282629542893f3fc5,4654399,H_bag,ACTION_CHANGED_HORIZON_COMPLETE,true,,true,true,true,HARMFUL,1.0,[38728],,,I4|BODY|NO_DIVERGENCE|HIGH,471856,945,0.0020027296463327794,499.31851851851854
5c2b6a13666fef9b08f2f460b6b44d1cc28203f56be4f483335cbe019e351b0f:H_bag,5c2b6a13666fef9b08f2f460b6b44d1cc28203f56be4f483335cbe019e351b0f,I4,eaa2527faf96801c88deb03fcdb59f5feae2252ee63d2bb68bb67111f339b9e9,4656163,H_bag,ACTION_CHANGED_HORIZON_COMPLETE,true,,true,true,true,HARMFUL,0.5617800000036368,[38721],,,I4|BODY|NO_DIVERGENCE|HIGH,471856,945,0.0020027296463327794,499.31851851851854
ffbbda410d465040f6cec6291f620c79bdb887c5f06922d9a0bb6df6e4c331cc:H_bag,ffbbda410d465040f6cec6291f620c79bdb887c5f06922d9a0bb6df6e4c331cc,I3,4016981f97da23f34ca6dce018263d3ccdc58e5917d18c944ea84fe4294dfc23,4658272,H_bag,ACTION_CHANGED_HORIZON_COMPLETE,true,,true,true,true,HARMFUL,75.60000000002037,[35845],,,I3|BODY|NO_DIVERGENCE|HIGH,170143,958,0.005630557824888476,177.60229645093946
ac985cb40a10b01060457757c6a899edcec94fdc7c63a10348f153c2b83e7d85:H_bag,ac985cb40a10b01060457757c6a899edcec94fdc7c63a10348f153c2b83e7d85,I3,d4f9388985a5a8245096b8450088a73fccf2d1379f2a25270684cafcbf73e52e,4658870,H_bag,ACTION_CHANGED_HORIZON_COMPLETE,true,,true,true,true,HARMFUL,25.40000000000873,[35950],,,I3|BODY|NO_DIVERGENCE|HIGH,170143,958,0.005630557824888476,177.60229645093946
89dd72a42b0e1becc0c2bf63e3da7663dba6ec14bde6e820e532b2dec7e86816:H_bag,89dd72a42b0e1becc0c2bf63e3da7663dba6ec14bde6e820e532b2dec7e86816,I4,523f1395d55df9be980f5796e593275004932a4c7bbfd8d39b0ea07c98ec00cc,4661306,H_bag,ACTION_CHANGED_HORIZON_COMPLETE,true,,true,true,true,HARMFUL,0.6000000000058208,[36192],,,I4|BODY|DIVERGENCE|HIGH,30514,61,0.0019990823884118766,500.2295081967213
aa31099f09b0092989aae62de38bad560f9e51f4364376120267740b68b35983:H_bag,aa31099f09b0092989aae62de38bad560f9e51f4364376120267740b68b35983,I3,72f00e7d3443ec0bf096e86e5d3c22f5354062563001afe98dfab1793e9a65bd,4664871,H_bag,ACTION_CHANGED_HORIZON_COMPLETE,true,,true,true,true,HARMFUL,51.40000000000873,[36655],,,I3|BODY|NO_DIVERGENCE|HIGH,170143,958,0.005630557824888476,177.60229645093946
fe5d3ca70cd608f627ad1400a21af9fcdb338290de1efc1f6b405644bdf6a3de:H_bag,fe5d3ca70cd608f627ad1400a21af9fcdb338290de1efc1f6b405644bdf6a3de,I4,1084956da052ab1ea5854458df1b55d9882b30e4f5c124f6b731edb4295eeac5,4666616,H_bag,ACTION_CHANGED_HORIZON_COMPLETE,true,,true,true,true,HARMFUL,1.0,[36618],,,I4|BODY|NO_DIVERGENCE|HIGH,471856,945,0.0020027296463327794,499.31851851851854
7c4085b59b1841c97f47800f0c6682220f44616097965bce03255eeecd653e03:H_bag,7c4085b59b1841c97f47800f0c6682220f44616097965bce03255eeecd653e03,I3,47a746cb60120f15b69579e9842214e2565f3a2341afef889d007b3b951037dc,4670164,H_bag,ACTION_CHANGED_HORIZON_COMPLETE,true,,true,true,true,HARMFUL,24.05000000000291,[31312],,,I3|BODY|NO_DIVERGENCE|HIGH,170143,958,0.005630557824888476,177.60229645093946
7ec3fb4dfb37a34b6d4055aa3250ecf33ccaf46e8366d67ef5c2d65c4bf66c04:H_bag,7ec3fb4dfb37a34b6d4055aa3250ecf33ccaf46e8366d67ef5c2d65c4bf66c04,I4,d7fb73e6d605d418ae348d7c8480a3fe43e54278d8f537e80099032b3cb875af,4670344,H_bag,ACTION_CHANGED_HORIZON_COMPLETE,true,,true,true,true,HARMFUL,0.0010000000038417056,[38796],,,I4|BODY|NO_DIVERGENCE|HIGH,471856,945,0.0020027296463327794,499.31851851851854
408c356b099293305c8723d430d1e67929e0daca016fabb90a03b0e8fb43bf1e:H_bag,408c356b099293305c8723d430d1e67929e0daca016fabb90a03b0e8fb43bf1e,I3,e29e49d132c1abbe2ecb54d98add7a113e791b0447fde84175790828ffd65826,4673426,H_bag,ACTION_CHANGED_HORIZON_COMPLETE,true,,true,true,true,HARMFUL,24.55000000000291,[34838],,,I3|BODY|NO_DIVERGENCE|HIGH,170143,958,0.005630557824888476,177.60229645093946
71caeeff3432c3babaaefd2b56b998f46db61aabafc5c754d9283fdb5530b4c7:H_bag,71caeeff3432c3babaaefd2b56b998f46db61aabafc5c754d9283fdb5530b4c7,I3,899ef69328d140b26c0c8d2f3af8f3cc6d0c13dc2a211a7226394d59389d2fe3,4674644,H_bag,ACTION_CHANGED_HORIZON_COMPLETE,true,,true,true,true,HARMFUL,25.40000000000873,[34785],,,I3|BODY|NO_DIVERGENCE|HIGH,170143,958,0.005630557824888476,177.60229645093946
de20c280cdc096e223526c741c0db5b4d3540ab70de10c5e4368733d29d682d7:H_bag,de20c280cdc096e223526c741c0db5b4d3540ab70de10c5e4368733d29d682d7,I4,b9984941e59527f27063655316e1d5b9b2f0471d0a598121110a7478d9add81e,4676288,H_bag,ACTION_CHANGED_HORIZON_COMPLETE,true,,true,true,true,HARMFUL,1.0,[35462],,,I4|BODY|NO_DIVERGENCE|HIGH,471856,945,0.0020027296463327794,499.31851851851854
a866699e42992fa583f1d593d06037304958d918b13410c81cfcefd398c668d1:H_bag,a866699e42992fa583f1d593d06037304958d918b13410c81cfcefd398c668d1,I3,64b39db73727f87a6967fca601f242b7174f4abdf85161d872ef46de3ecb32fe,4677939,H_bag,ACTION_CHANGED_HORIZON_COMPLETE,true,,true,true,true,HARMFUL,24.05000000000291,[36015],,,I3|BODY|NO_DIVERGENCE|HIGH,170143,958,0.005630557824888476,177.60229645093946
9e25213c0743ee875c84a5d53eb0e80ed280c72ac394d6d616649d4a918e459c:H_bag,9e25213c0743ee875c84a5d53eb0e80ed280c72ac394d6d616649d4a918e459c,I3,d36d4a91b6bfba5c9058ea457018e8715688de5456f91538671df6f53b5caf6e,4681874,H_bag,ACTION_CHANGED_HORIZON_COMPLETE,true,,true,true,true,HARMFUL,51.65000000000873,[36311],,,I3|BODY|NO_DIVERGENCE|HIGH,170143,958,0.005630557824888476,177.60229645093946
7b742bfbd4b8554be6b5bab5e647e587660cf39378ea98ec05a4c92055a7ebb3:H_bag,7b742bfbd4b8554be6b5bab5e647e587660cf39378ea98ec05a4c92055a7ebb3,I4,d4fe4101522567f4671f2076a1fa507a27de9adc0850e2bc73957740220eaf9c,4681981,H_bag,ACTION_CHANGED_HORIZON_COMPLETE,true,,true,true,true,HARMFUL,0.6000000000058208,[36317],,,I4|BODY|DIVERGENCE|HIGH,30514,61,0.0019990823884118766,500.2295081967213
b61af1df6e133daa36af2719235c8050a5ba8f6604a645ae7845028825da903d:H_bag,b61af1df6e133daa36af2719235c8050a5ba8f6604a645ae7845028825da903d,I4,f3ac0244bf34cd945035ed5991be390b46574f3a7f1a7c010c489125c39cef53,4682372,H_bag,ACTION_CHANGED_HORIZON_COMPLETE,true,,true,true,true,HARMFUL,1.0,[38811],,,I4|BODY|DIVERGENCE|HIGH,30514,61,0.0019990823884118766,500.2295081967213
a3494137fdf608fdae8524e1dc0e8016f45c23e9cc3a9df938a1f41fb650916a:H_bag,a3494137fdf608fdae8524e1dc0e8016f45c23e9cc3a9df938a1f41fb650916a,I3,440731c09450536cb1a85476b320312ace403117883be6d9ad572b6d1a4cd831,4685326,H_bag,ACTION_CHANGED_HORIZON_COMPLETE,true,,true,true,true,HARMFUL,24.05000000000291,[36928],,,I3|BODY|NO_DIVERGENCE|HIGH,170143,958,0.005630557824888476,177.60229645093946
0878d5cd13dac188245e13482d0c24e95fed6138bfda958277f68a73ed4f356c:H_bag,0878d5cd13dac188245e13482d0c24e95fed6138bfda958277f68a73ed4f356c,I4,a489b0373628899af027ec9d5367f8b2d101bfcea1634f521d76eb64da593ffa,4686054,H_bag,ACTION_CHANGED_HORIZON_COMPLETE,true,,true,true,true,HARMFUL,0.41859000001568347,[36870],,,I4|BODY|DIVERGENCE|HIGH,30514,61,0.0019990823884118766,500.2295081967213
d43e4fe0443bdb3ab065b0700ef0c92af581edd5cc1acc080cfa1f9194d8b9b6:H_bag,d43e4fe0443bdb3ab065b0700ef0c92af581edd5cc1acc080cfa1f9194d8b9b6,I4,195c055662f48ddcaf23fb94b037a376e0fb44cebdf6cfc61f98129855561bb2,4691793,H_bag,ACTION_CHANGED_HORIZON_COMPLETE,true,,true,true,true,HARMFUL,1.0,[38836],,,I4|BODY|NO_DIVERGENCE|HIGH,471856,945,0.0020027296463327794,499.31851851851854
e7898bdc5f8d3c222b44088b912ca6abd048b8e63eda255d6dc8a304ec14f283:H_bag,e7898bdc5f8d3c222b44088b912ca6abd048b8e63eda255d6dc8a304ec14f283,I4,c69f3e12d27f393a38ccd10000cb370ad5c3f89529d4fbb457567ffb29c496a7,4691837,H_bag,ACTION_CHANGED_HORIZON_COMPLETE,true,,true,true,true,HARMFUL,1.0,[38835],,,I4|BODY|NO_DIVERGENCE|HIGH,471856,945,0.0020027296463327794,499.31851851851854
a7ac129d8444fd7e3333a9ece55e537880e4d41e898fa5f4726726367b83cb40:H_bag,a7ac129d8444fd7e3333a9ece55e537880e4d41e898fa5f4726726367b83cb40,I4,c337599e05ab63f492e6d8213655e233b6dcc89b44d71a08a5dcbc2b8e4d1dea,4694132,H_bag,ACTION_CHANGED_HORIZON_COMPLETE,true,,true,true,true,HARMFUL,1.0,[38862],,,I4|BODY|NO_DIVERGENCE|HIGH,471856,945,0.0020027296463327794,499.31851851851854
3fc67c8a0c6bc87daf8203877a96cc3ab696e9c75a45b07acfc545041abb917f:H_bag,3fc67c8a0c6bc87daf8203877a96cc3ab696e9c75a45b07acfc545041abb917f,I4,db4b15583993af52baf828c85fa5383ec492eb7bc658194140d4a0043ce55a49,4694900,H_bag,ACTION_CHANGED_HORIZON_COMPLETE,true,,true,true,true,HARMFUL,1.0,[38879],,,I4|BODY|NO_DIVERGENCE|HIGH,471856,945,0.0020027296463327794,499.31851851851854
60640a6c596cf7c338de0d4b7832e25c14d6c6df79124da62cb5cef36b23724f:H_bag,60640a6c596cf7c338de0d4b7832e25c14d6c6df79124da62cb5cef36b23724f,I4,164b90bf95788f42a6007efb46dbdd242803c5a7f0b1bd912463a8af2a20ed26,4696234,H_bag,ACTION_CHANGED_HORIZON_COMPLETE,true,,true,true,true,HARMFUL,1.0,[38883],,,I4|BODY|DIVERGENCE|HIGH,30514,61,0.0019990823884118766,500.2295081967213
35128f72bc5c1b3476297b2a5295fb446ebde37b6218e7a84055dfce0313d65f:H_bag,35128f72bc5c1b3476297b2a5295fb446ebde37b6218e7a84055dfce0313d65f,I4,1700048fdb11832a2609a061cced08dec78e0062b4d8d307977133a8b11f73c7,4696278,H_bag,ACTION_CHANGED_HORIZON_COMPLETE,true,,true,true,true,NEUTRAL_WITHIN_TOLERANCE,0.0,[38943],,,I4|BODY|NO_DIVERGENCE|HIGH,471856,945,0.0020027296463327794,499.31851851851854
c847e4407f67d1a421ab53ce917cb0be7a42ffe2c80dcc9e96c5dc5854640627:H_bag,c847e4407f67d1a421ab53ce917cb0be7a42ffe2c80dcc9e96c5dc5854640627,I4,9006de8293dc1de59a03be36ce01ca4a593810802f175468b5bbb293c374f584,4697457,H_bag,ACTION_CHANGED_HORIZON_COMPLETE,true,,true,true,true,HARMFUL,0.5997600000118837,[38902],,,I4|BODY|NO_DIVERGENCE|HIGH,471856,945,0.0020027296463327794,499.31851851851854
befb63b5a5ee3ac448d7ffabb28770a3801e02d5d28b709143c1bd69dc9cbd58:H_bag,befb63b5a5ee3ac448d7ffabb28770a3801e02d5d28b709143c1bd69dc9cbd58,I4,51082ef6e1baaec7dba40e2966c1fdac592db29481ea6c28bb4fb893c8d6bf50,4699594,H_bag,ACTION_CHANGED_HORIZON_COMPLETE,true,,true,true,true,HARMFUL,0.5,[38881],,,I4|BODY|NO_DIVERGENCE|HIGH,471856,945,0.0020027296463327794,499.31851851851854
2979ccec50c7707b4a1d99192bfeb1d9af6b23664f8b714991af966c31f24bb4:H_bag,2979ccec50c7707b4a1d99192bfeb1d9af6b23664f8b714991af966c31f24bb4,I4,eeb72d724f6d03315e9b02324330c90537a8232e6e5e21e764984b2a8c3c83de,4702231,H_bag,ACTION_CHANGED_HORIZON_COMPLETE,true,,true,true,true,NEUTRAL_WITHIN_TOLERANCE,0.0,[38956],,,I4|BODY|NO_DIVERGENCE|HIGH,471856,945,0.0020027296463327794,499.31851851851854
79c1295dbb402417e35643da49d02917dcb525c679592df67a6de65d1e3bf750:H_bag,79c1295dbb402417e35643da49d02917dcb525c679592df67a6de65d1e3bf750,I4,525024a4e6f587b18470e58b8b9e05c54db484a4df53cb6b686389f9c8f43b18,4704984,H_bag,ACTION_CHANGED_HORIZON_COMPLETE,true,,true,true,true,NEUTRAL_WITHIN_TOLERANCE,0.0,[39008],,,I4|BODY|NO_DIVERGENCE|HIGH,471856,945,0.0020027296463327794,499.31851851851854
34756d4d12e83ef77da5eb4929fbafd1b99b13ae63c487f1fb21f708f73da4d9:H_bag,34756d4d12e83ef77da5eb4929fbafd1b99b13ae63c487f1fb21f708f73da4d9,I4,6e647a5749fb215d41d643ec00eaafa3d4fce559dd4d7bc11bc0cac2f60706b6,4707208,H_bag,ACTION_CHANGED_HORIZON_COMPLETE,true,,true,true,true,HARMFUL,1.0,[38998],,,I4|BODY|NO_DIVERGENCE|HIGH,471856,945,0.0020027296463327794,499.31851851851854
fc72abb7a0d38770083df8e4fb8c860448f4a7a0647d375fea2c81130d5dbf5e:H_bag,fc72abb7a0d38770083df8e4fb8c860448f4a7a0647d375fea2c81130d5dbf5e,I3,1ad39689ed74f2bf258459c9a005444ff2855550d1fbba77181f3e10fdf200ac,4710418,H_bag,ACTION_CHANGED_HORIZON_COMPLETE,true,,true,true,true,HARMFUL,24.30000000000291,[34327],,,I3|BODY|NO_DIVERGENCE|HIGH,170143,958,0.005630557824888476,177.60229645093946
41c2293724216e4a1d2aacfc8932158bffe2efdab633aa913bcbe6c65b085632:H_bag,41c2293724216e4a1d2aacfc8932158bffe2efdab633aa913bcbe6c65b085632,I3,bc50307d5670a5106d5bfefc5a842e532c6ab75fb85a3477261ffe318fc34db8,4710515,H_bag,ACTION_CHANGED_HORIZON_COMPLETE,true,,true,true,true,HARMFUL,77.40000000000873,[39013],,,I3|BODY|NO_DIVERGENCE|HIGH,170143,958,0.005630557824888476,177.60229645093946
55b8456fa014dac4ba00252dd115d3bf7bed7ed5dae7bd86267f05f8ff071e53:H_bag,55b8456fa014dac4ba00252dd115d3bf7bed7ed5dae7bd86267f05f8ff071e53,I3,8506245736214476d9d249ab84abb24d2caea07e76a895d95528c3c03198e148,4715460,H_bag,ACTION_CHANGED_HORIZON_COMPLETE,true,,true,true,true,HARMFUL,24.05000000000291,[35341],,,I3|BODY|DIVERGENCE|HIGH,10032,56,0.005582137161084529,179.14285714285714
39bdbd1351180bbae79b2d39e1363e4d1a52a66ef94c502bc6e1480732c9b4df:H_bag,39bdbd1351180bbae79b2d39e1363e4d1a52a66ef94c502bc6e1480732c9b4df,I4,b8df4a8b1f65271757456192f99d30abc077b41a19502a7e0148fae274e9aeba,4717390,H_bag,ACTION_CHANGED_HORIZON_COMPLETE,true,,true,true,true,HARMFUL,1.0,[39072],,,I4|BODY|NO_DIVERGENCE|HIGH,471856,945,0.0020027296463327794,499.31851851851854
bc94e4b06667748032da1ef9e96d904f478cee7a797bb57d7764c7492570dba8:H_bag,bc94e4b06667748032da1ef9e96d904f478cee7a797bb57d7764c7492570dba8,I4,003d610e8f300bb4f3c39cd61f8f468248a4030504adf6727ea3b0ba35ffd131,4717746,H_bag,ACTION_CHANGED_HORIZON_COMPLETE,true,,true,true,true,HARMFUL,0.21670000000449363,[35512],,,I4|BODY|NO_DIVERGENCE|HIGH,471856,945,0.0020027296463327794,499.31851851851854
272908e1d647db8ec3da3bf57d2585df28275299e1a8adbe2a447de5461ab7d3:H_bag,272908e1d647db8ec3da3bf57d2585df28275299e1a8adbe2a447de5461ab7d3,I3,47b9f455c3fe54081f4094566080e90799345111a0bbc405182437d7f1d8ce9a,4720803,H_bag,ACTION_CHANGED_HORIZON_COMPLETE,true,,true,true,true,HARMFUL,127.65000000000873,[35759],,,I3|BODY|NO_DIVERGENCE|HIGH,170143,958,0.005630557824888476,177.60229645093946
a16b56208bcd58932041d55687ca92cc04bed469d4039b424c3f74abf9c2e9a6:H_bag,a16b56208bcd58932041d55687ca92cc04bed469d4039b424c3f74abf9c2e9a6,I3,d7ac14b2284f045619e67aa7b120d24673d7f80e7ca6dff83faaef319c8568a5,4722502,H_bag,ACTION_CHANGED_HORIZON_COMPLETE,true,,true,true,true,HARMFUL,116.65000000000873,[36217],,,I3|BODY|NO_DIVERGENCE|HIGH,170143,958,0.005630557824888476,177.60229645093946
6c4625a54112111217f9ab911e577df162963f9fead392cb59d7a58948f98247:H_bag,6c4625a54112111217f9ab911e577df162963f9fead392cb59d7a58948f98247,I4,3758042b6ddc97b8511ebfacdc8866f60e6dbbee6ef0578ca35b87c3a5a8f543,4727927,H_bag,ACTION_CHANGED_HORIZON_COMPLETE,true,,true,true,true,HARMFUL,1.0,[36287],,,I4|BODY|NO_DIVERGENCE|HIGH,471856,945,0.0020027296463327794,499.31851851851854
c9be96230624ee48eaaba3589ef44d2a5a69dcdc92c517c1e61a9159075027c3:H_bag,c9be96230624ee48eaaba3589ef44d2a5a69dcdc92c517c1e61a9159075027c3,I3,1ab43241283d023ae9d06be9f875ae232fa0b48c0bd5cb3859dc61a7c6576a98,4734463,H_bag,ACTION_CHANGED_HORIZON_COMPLETE,true,,true,true,true,HARMFUL,24.80000000000291,[37184],,,I3|BODY|NO_DIVERGENCE|HIGH,170143,958,0.005630557824888476,177.60229645093946
68f016417af4cc4a67c0f2df59326d3018add06eb25c685ff4b037db4cbf1e97:H_bag,68f016417af4cc4a67c0f2df59326d3018add06eb25c685ff4b037db4cbf1e97,I3,484d1bdd27710725a8c405af8c80283159b2a661588ad56a6cf119ea97cb7346,4735213,H_bag,ACTION_CHANGED_HORIZON_COMPLETE,true,,true,true,true,HARMFUL,52.90000000000873,[37073],,,I3|BODY|NO_DIVERGENCE|HIGH,170143,958,0.005630557824888476,177.60229645093946
3d23c153f6747f3577f8fd74d340da87825f2bb9b829e2c346320551e4c5481b:H_bag,3d23c153f6747f3577f8fd74d340da87825f2bb9b829e2c346320551e4c5481b,I3,c8925530071c28195baa3d0744363570ee5cb030de9ca4628f64fcd51c0d4a00,4736861,H_bag,ACTION_CHANGED_HORIZON_COMPLETE,true,,true,true,true,HARMFUL,78.60000000002037,[37253],,,I3|BODY|NO_DIVERGENCE|HIGH,170143,958,0.005630557824888476,177.60229645093946
b959a89fe37c71d4f5b5472f066717a18d4cf5a865b7d29d5283b06e9f636335:H_bag,b959a89fe37c71d4f5b5472f066717a18d4cf5a865b7d29d5283b06e9f636335,I4,e3f32339262f7eed5b43e4d454fdbe159b7d300714c25fc5e239b82386111d3c,4740618,H_bag,ACTION_CHANGED_HORIZON_COMPLETE,true,,true,true,true,HARMFUL,0.0010000000038417056,[34549],,,I4|BODY|NO_DIVERGENCE|HIGH,471856,945,0.0020027296463327794,499.31851851851854
c95623da7ec739aa2a9f92bf8f79fccd50e5ff7e017a72d3da1ee417c4e81fae:H_bag,c95623da7ec739aa2a9f92bf8f79fccd50e5ff7e017a72d3da1ee417c4e81fae,I3,04e036fd73a4c722973e4e1eac3d6efbf625746054a2a5aff7a2878b3890f821,4746746,H_bag,ACTION_CHANGED_HORIZON_COMPLETE,true,,true,true,true,HARMFUL,5.750000000014552,[39208],,,I3|BODY|NO_DIVERGENCE|HIGH,170143,958,0.005630557824888476,177.60229645093946
ad5176dc29737d55ae2c5c5bc8a6df8c9e3e2768ebcc8b18ce43afa2b3bcfb23:H_bag,ad5176dc29737d55ae2c5c5bc8a6df8c9e3e2768ebcc8b18ce43afa2b3bcfb23,I4,7da6fdef9da9d81da9fa0613da28bda70d5fdcb5e356b91abd5f211954ce6597,4747985,H_bag,ACTION_CHANGED_HORIZON_COMPLETE,true,,true,true,true,HARMFUL,1.0,[39210],,,I4|BODY|NO_DIVERGENCE|HIGH,471856,945,0.0020027296463327794,499.31851851851854
7792d4f1ad6423eed9ef13f72c534120b576c2f7a428889dda8badaabb327514:H_bag,7792d4f1ad6423eed9ef13f72c534120b576c2f7a428889dda8badaabb327514,I4,87530cb042fa04a3a369cb8622c6c509fccc3cefa9c52b7a4fcb039cd0b53300,4750444,H_bag,ACTION_CHANGED_HORIZON_COMPLETE,true,,true,true,true,HARMFUL,0.0010000000038417056,[39249],,,I4|BODY|NO_DIVERGENCE|HIGH,471856,945,0.0020027296463327794,499.31851851851854
f9c2ee784601b0bfe339e3329c6ca08f09281488a584e37e41d370b2fc7f1e4a:H_bag,f9c2ee784601b0bfe339e3329c6ca08f09281488a584e37e41d370b2fc7f1e4a,I4,41c929cf1f7f6c8d1e7ce9ccfefece5669c891dec3e22801c817895fa7cb35f0,4755940,H_bag,ACTION_CHANGED_HORIZON_COMPLETE,true,,true,true,true,HARMFUL,0.0010000000038417056,[39300],,,I4|BODY|NO_DIVERGENCE|HIGH,471856,945,0.0020027296463327794,499.31851851851854
edb85a75cb27620dc5a00b2f6aa0569a155e4b4ddd8e50707371e8a8f64a9739:H_bag,edb85a75cb27620dc5a00b2f6aa0569a155e4b4ddd8e50707371e8a8f64a9739,I4,cd8ce1564e7e07c64c58521ac29d387e1e8d6670bf8f8f6f95e2d0dfcf83da5c,4756399,H_bag,ACTION_CHANGED_HORIZON_COMPLETE,true,,true,true,true,NEUTRAL_WITHIN_TOLERANCE,0.0,[39244],,,I4|BODY|NO_DIVERGENCE|HIGH,471856,945,0.0020027296463327794,499.31851851851854
58ad52540cae719cde1c58a6db1de951b2ff6c53165168c935a087c1868ae826:H_bag,58ad52540cae719cde1c58a6db1de951b2ff6c53165168c935a087c1868ae826,I3,178f62385dd80ea9b4335635fd842a866d886bfba066a54004aac2f77f998c31,4758805,H_bag,ACTION_CHANGED_HORIZON_COMPLETE,true,,true,true,true,HARMFUL,76.35000000002037,[39259],,,I3|BODY|NO_DIVERGENCE|HIGH,170143,958,0.005630557824888476,177.60229645093946
30bb1290dcc736682ac01dc5a30cbd50a494005fd510f239d3d43bdbbcd3861a:H_bag,30bb1290dcc736682ac01dc5a30cbd50a494005fd510f239d3d43bdbbcd3861a,I4,b066666118ccca9e7d01aec209e1937fa6d2392fcd46739dced7cf05c4dab258,4768288,H_bag,ACTION_CHANGED_HORIZON_COMPLETE,true,,true,true,true,HARMFUL,1.0,[39357],,,I4|BODY|NO_DIVERGENCE|HIGH,471856,945,0.0020027296463327794,499.31851851851854
106279d0bebd095c36ec74d4414b7c5cc717072b5355d4d55d3291edbc60da5f:H_bag,106279d0bebd095c36ec74d4414b7c5cc717072b5355d4d55d3291edbc60da5f,I3,49c85c080c013d3629cb2e53d3ff6c40fadb56098800b1dfaaa10de8e09840b1,4774420,H_bag,ACTION_CHANGED_HORIZON_COMPLETE,true,,true,true,true,HARMFUL,1.0499999999883585,[39410],,,I3|BODY|NO_DIVERGENCE|HIGH,170143,958,0.005630557824888476,177.60229645093946
e59cc8b38d91d6c39f4f4ab11f6147f11d85e55114eb17c9a230f294912168eb:H_bag,e59cc8b38d91d6c39f4f4ab11f6147f11d85e55114eb17c9a230f294912168eb,I4,c424a2fd495ce86f849ecfb58bbd81d5b16bf39741037cbf823bcee060169c6e,4777854,H_bag,ACTION_CHANGED_HORIZON_COMPLETE,true,,true,true,true,HARMFUL,0.5166800000006333,[39402],,,I4|BODY|NO_DIVERGENCE|HIGH,471856,945,0.0020027296463327794,499.31851851851854
88aff903ab8663511b5bd45fdc570d5606b30d2c1c4905ef5b2a479fb63d0e98:H_bag,88aff903ab8663511b5bd45fdc570d5606b30d2c1c4905ef5b2a479fb63d0e98,I3,bdc78a6b67d80cd0ead6ce7d909ca6026fbb84e5fd8babeb237b02b3c284637e,4778204,H_bag,ACTION_CHANGED_HORIZON_COMPLETE,true,,true,true,true,HARMFUL,75.60000000002037,[35194],,,I3|BODY|NO_DIVERGENCE|HIGH,170143,958,0.005630557824888476,177.60229645093946
d6a0aacca69899a44c2d6c6c939da52b82802640af21f2e29fa8717eb4eb245a:H_bag,d6a0aacca69899a44c2d6c6c939da52b82802640af21f2e29fa8717eb4eb245a,I3,8ff469c3b49cc0f6760a942151abbcf7d006ea87cc6492a33c81f878b6e29a6d,4778237,H_bag,ACTION_CHANGED_HORIZON_COMPLETE,true,,true,true,true,HARMFUL,0.25,[36132],,,I3|BODY|NO_DIVERGENCE|HIGH,170143,958,0.005630557824888476,177.60229645093946
8c9964581306a75c81386051f7770609817bcc6c54555837587d440dadb15c07:H_bag,8c9964581306a75c81386051f7770609817bcc6c54555837587d440dadb15c07,I3,7127cac3ec78f3374403346d64457d37e72e000c0694c313e80b6c0e482eaa9e,4778739,H_bag,ACTION_CHANGED_HORIZON_COMPLETE,true,,true,true,true,HARMFUL,29.19999999999709,[39429],,,I3|BODY|NO_DIVERGENCE|HIGH,170143,958,0.005630557824888476,177.60229645093946
da26fd15267c14dff84951cf3a50c421975c4b10455830833929471f222452d6:H_bag,da26fd15267c14dff84951cf3a50c421975c4b10455830833929471f222452d6,I3,4cca546a1e6d76a2cfa6a0addc2e9a72705d2e9c439b1a93353ea455143699a1,4780462,H_bag,ACTION_CHANGED_HORIZON_COMPLETE,true,,true,true,true,HARMFUL,27.15000000000873,[36372],,,I3|BODY|NO_DIVERGENCE|HIGH,170143,958,0.005630557824888476,177.60229645093946
a9e6e9365b49e3e8289753fbccdbcfa5c5e9258298dffa49304cf1c7cff5b5b1:H_bag,a9e6e9365b49e3e8289753fbccdbcfa5c5e9258298dffa49304cf1c7cff5b5b1,I3,9474457e857ffa7a97f6a461a6e18c9521df93b71e7034af41fca65d863b6f70,4781716,H_bag,ACTION_CHANGED_HORIZON_COMPLETE,true,,true,true,true,HARMFUL,52.15000000000873,[39400],,,I3|BODY|NO_DIVERGENCE|HIGH,170143,958,0.005630557824888476,177.60229645093946
05bafbac0be6a29ed131affed328513925a0996bc9f7dac48eee15d534d69327:H_bag,05bafbac0be6a29ed131affed328513925a0996bc9f7dac48eee15d534d69327,I3,3f0e90a8c07dd482e9a8a3e150cb57a924ae05cd11ae3d73a939d59e8ec1252e,4788955,H_bag,ACTION_CHANGED_HORIZON_COMPLETE,true,,true,true,true,HARMFUL,24.55000000000291,[37312],,,I3|BODY|NO_DIVERGENCE|HIGH,170143,958,0.005630557824888476,177.60229645093946
026e095198936eb23b0da67ee57b4b4f5c2f7ce77a01fa72d419968d0bb7ed31:H_system,026e095198936eb23b0da67ee57b4b4f5c2f7ce77a01fa72d419968d0bb7ed31,I3,96c049400654947d19102d1d086af7d131e2e7aa363c10b127dfc49f373c99da,4792359,H_system,ACTION_CHANGED_HORIZON_COMPLETE,true,,true,true,true,HARMFUL,0.001201752173017212,[37517],[37517],[],I3|BODY|NO_DIVERGENCE|HIGH,170143,958,0.005630557824888476,177.60229645093946
6b67af18547b505d68e3668fa438e86c8e4dd8b529bc4cdc756d00431169ee5a:H_system,6b67af18547b505d68e3668fa438e86c8e4dd8b529bc4cdc756d00431169ee5a,I3,b4ae408ba6a41f46a688129102fb81d9129411ba9b63bf55258c08c30d0989ff,4800272,H_system,ACTION_CHANGED_HORIZON_COMPLETE,true,,true,true,true,HARMFUL,2.116505746130315e-05,[39529],"[35051,35056,35058,35084,36901,36930,36956,39529,39530]","[35051,35056,35058,35084,36901,36930,36956,39530]",I3|BODY|NO_DIVERGENCE|HIGH,170143,958,0.005630557824888476,177.60229645093946
8a21c69a4b9b66823418fb1a4e5cf09cc4e6ebad7c0e926fb3ba98d2b921d2af:H_bag,8a21c69a4b9b66823418fb1a4e5cf09cc4e6ebad7c0e926fb3ba98d2b921d2af,I3,cc362fe0f9f82d24ab57ed5b17d0c32f40393c825afa22fb4d4e5d99d549e097,4800391,H_bag,ACTION_CHANGED_HORIZON_COMPLETE,true,,true,true,true,HARMFUL,77.33392000000458,[39523],,,I3|BODY|NO_DIVERGENCE|HIGH,170143,958,0.005630557824888476,177.60229645093946
d530b4650a4afe9fb118a4a0d15fbd3f61f086f1210b79cd54b3e1a0d8f5a793:H_bag,d530b4650a4afe9fb118a4a0d15fbd3f61f086f1210b79cd54b3e1a0d8f5a793,I4,9803733a342d55aa3d7197af175e4588c53748d00e9cbb72c655b3aba9aedeeb,4804289,H_bag,ACTION_CHANGED_HORIZON_COMPLETE,true,,true,true,true,HARMFUL,0.6000000000058208,[35015],,,I4|BODY|NO_DIVERGENCE|HIGH,471856,945,0.0020027296463327794,499.31851851851854
831bdaf8dc81fa59026c2977eaf975491e4a0217e4dda412d942507f2b5f7986:H_bag,831bdaf8dc81fa59026c2977eaf975491e4a0217e4dda412d942507f2b5f7986,I4,73d4efd85c77a50c8f69ccb70c98f7d70f86cd3e96523ae0687a7dd5781ec8b3,4805680,H_bag,ACTION_CHANGED_HORIZON_COMPLETE,true,,true,true,true,NEUTRAL_WITHIN_TOLERANCE,0.0,[35568],,,I4|BODY|NO_DIVERGENCE|HIGH,471856,945,0.0020027296463327794,499.31851851851854
d57a56d1da051bd6bc9555dc66c46e1683ddcc84794fc48c890b2dd3e0062cf4:H_bag,d57a56d1da051bd6bc9555dc66c46e1683ddcc84794fc48c890b2dd3e0062cf4,I4,0be0068edbae1e4b7c887c5e0627df7e6a2d0d18590d79d6e86320ab382678dc,4806852,H_bag,ACTION_CHANGED_HORIZON_COMPLETE,true,,true,true,true,NEUTRAL_WITHIN_TOLERANCE,0.0,[39548],,,I4|BODY|NO_DIVERGENCE|HIGH,471856,945,0.0020027296463327794,499.31851851851854
372dec365e9d96a1b3a089c76e9c4bd47455e940943af47fbbf0980c7492dc24:H_bag,372dec365e9d96a1b3a089c76e9c4bd47455e940943af47fbbf0980c7492dc24,I3,419bcb7103ec0cee8e73362dcae7ea48d7e13cdd934be43ce41878a381fc28f8,4809301,H_bag,ACTION_CHANGED_HORIZON_COMPLETE,true,,true,true,true,HARMFUL,25.40000000000873,[36439],,,I3|BODY|NO_DIVERGENCE|HIGH,170143,958,0.005630557824888476,177.60229645093946
d234c2fced4c9ece61e60bf7050aad3d57d9a63398ad8266c3b72f1457f07823:H_bag,d234c2fced4c9ece61e60bf7050aad3d57d9a63398ad8266c3b72f1457f07823,I3,555d9e664a3ad04784aec58d3b0e2f0b9563b5681585929f6a509cf01a71c56e,4810873,H_bag,ACTION_CHANGED_HORIZON_COMPLETE,true,,true,true,true,HARMFUL,24.05000000000291,[37137],,,I3|BODY|NO_DIVERGENCE|HIGH,170143,958,0.005630557824888476,177.60229645093946
291a3a632e0ad87a16ee9bbb65abc84d2d27a4db1de130af17fa2ce683024d22:H_bag,291a3a632e0ad87a16ee9bbb65abc84d2d27a4db1de130af17fa2ce683024d22,I4,f7104f8869d27158e9d36f42b5def131213f6aec3646c99acbd38f9bc65d6362,4816094,H_bag,ACTION_CHANGED_HORIZON_COMPLETE,true,,true,true,true,HARMFUL,0.5,[39564],,,I4|BODY|DIVERGENCE|HIGH,30514,61,0.0019990823884118766,500.2295081967213
d019951ea9e1141997f35aeef1f745c5460305968cdb8d8863c8ae88e831c8df:H_bag,d019951ea9e1141997f35aeef1f745c5460305968cdb8d8863c8ae88e831c8df,I3,6049c060648e5c59fd17e30f248292bcd546b4d879132d392cc4e7b2a6d7a2d0,4816174,H_bag,ACTION_CHANGED_HORIZON_COMPLETE,true,,true,true,true,HARMFUL,86.724320000023,[37609],,,I3|BODY|NO_DIVERGENCE|HIGH,170143,958,0.005630557824888476,177.60229645093946
bd30b2a3da13db507591371d32862aafa631568d7b99fe631bcb85fa48f5a527:H_bag,bd30b2a3da13db507591371d32862aafa631568d7b99fe631bcb85fa48f5a527,I3,f4bb44bf0114ccbca8f8e9aec06892bae494b29563c5a4dec600da4e84fbc01d,4818177,H_bag,ACTION_CHANGED_HORIZON_COMPLETE,true,,true,true,true,HARMFUL,79.35000000002037,[39564],,,I3|BODY|DIVERGENCE|HIGH,10032,56,0.005582137161084529,179.14285714285714
920a1c5b9965612552616924894b8ba360248e35a62afd778d1827df2e02269a:H_bag,920a1c5b9965612552616924894b8ba360248e35a62afd778d1827df2e02269a,I3,9dbe2f1e2cf66983cf32b950ffa09e98c9bc1d0f8db0b40a6d63d66138ac10e1,4819278,H_bag,ACTION_CHANGED_HORIZON_COMPLETE,true,,true,true,true,HARMFUL,77.15000000000873,[39571],,,I3|BODY|NO_DIVERGENCE|HIGH,170143,958,0.005630557824888476,177.60229645093946
ba75dbaaf30b471adf41ee92ac9d2a3fe94e5bb3770b047a0e9ab22b7dd1a00a:H_bag,ba75dbaaf30b471adf41ee92ac9d2a3fe94e5bb3770b047a0e9ab22b7dd1a00a,I3,840b9d8f356d0508630c9cfb7cc00bca5f59f0b07a01303d2a8bf55f818d4bc6,4832124,H_bag,ACTION_CHANGED_HORIZON_COMPLETE,true,,true,true,true,HARMFUL,4.2000000000116415,[39694],,,I3|BODY|NO_DIVERGENCE|HIGH,170143,958,0.005630557824888476,177.60229645093946
747abb74e33482245f5c5ff1e0db410751d0e2dd0e0d451ce4ebadf3a4870409:H_bag,747abb74e33482245f5c5ff1e0db410751d0e2dd0e0d451ce4ebadf3a4870409,I4,9cce5fcbaf2949e2d18e7a9f202b303f6c58d5c41f5e861c5c5ba20638d68e37,4832632,H_bag,ACTION_CHANGED_HORIZON_COMPLETE,true,,true,true,true,HARMFUL,1.0,[39661],,,I4|BODY|NO_DIVERGENCE|HIGH,471856,945,0.0020027296463327794,499.31851851851854
a1480d16534930804be766b81dd339c16d4d2eb18ac1b3163deee5be4761b65d:H_bag,a1480d16534930804be766b81dd339c16d4d2eb18ac1b3163deee5be4761b65d,I3,b5526711c056a2fa09e6d17c6e61d7dc570d16e058b029e79174c52c51f8d256,4835109,H_bag,ACTION_CHANGED_HORIZON_COMPLETE,true,,true,true,true,HARMFUL,31.300000000017462,[39699],,,I3|BODY|NO_DIVERGENCE|HIGH,170143,958,0.005630557824888476,177.60229645093946
5e28ae18580178211062af143012e01f7936bf01bbe138d60b1006f67524138c:H_bag,5e28ae18580178211062af143012e01f7936bf01bbe138d60b1006f67524138c,I3,08dac3fd4b41e09b4d28a8a5e7080e92c842693b689ca5875c4a9084babe7a57,4835539,H_bag,ACTION_CHANGED_HORIZON_COMPLETE,true,,true,true,true,HARMFUL,2.0020500000100583,[39725],,,I3|BODY|NO_DIVERGENCE|HIGH,170143,958,0.005630557824888476,177.60229645093946
68e464637621dcf2222bcac89c089232cfffd29bbba0cb52191e41dd8f28a43d:H_bag,68e464637621dcf2222bcac89c089232cfffd29bbba0cb52191e41dd8f28a43d,I3,960fbeb057b4368e0c52ec9a6450056a92305576101dd3b27f04c7447e216aee,4836418,H_bag,ACTION_CHANGED_HORIZON_COMPLETE,true,,true,true,true,HARMFUL,24.55000000000291,[33065],,,I3|BODY|NO_DIVERGENCE|HIGH,170143,958,0.005630557824888476,177.60229645093946
c23f72a800b06f5f707f69d1f5aa7acc799dee92959374502a6e69855dddfc77:H_bag,c23f72a800b06f5f707f69d1f5aa7acc799dee92959374502a6e69855dddfc77,I3,f2c2dd808624d81c315ae4bae9b46fca82b9f917222736fed5ba0bd1b733a312,4836747,H_bag,ACTION_CHANGED_HORIZON_COMPLETE,true,,true,true,true,HARMFUL,33.00000000001455,[39721],,,I3|BODY|NO_DIVERGENCE|HIGH,170143,958,0.005630557824888476,177.60229645093946
95ee86fe5491ebe66dfbe2ccfcc32c6fc14b1df658fe95e8ecb199d4dbe9aec0:H_bag,95ee86fe5491ebe66dfbe2ccfcc32c6fc14b1df658fe95e8ecb199d4dbe9aec0,I4,6a8a4313148f7c940911b1d6c7a91621b6f253d8ddccd72bc66a162e3ab3a50d,4837029,H_bag,ACTION_CHANGED_HORIZON_COMPLETE,true,,true,true,true,HARMFUL,1.0,[39726],,,I4|BODY|NO_DIVERGENCE|HIGH,471856,945,0.0020027296463327794,499.31851851851854
c19a8d04dd5b6cc772e553815fa113d4e46e0cdec84b224662d49ab6bc82f30d:H_bag,c19a8d04dd5b6cc772e553815fa113d4e46e0cdec84b224662d49ab6bc82f30d,I3,5c55c94561b290acaae2bb6608a2d28bb4660a025063796c6714d733aadf7e37,4841204,H_bag,ACTION_CHANGED_HORIZON_COMPLETE,true,,true,true,true,HARMFUL,24.30000000000291,[37285],,,I3|BODY|NO_DIVERGENCE|HIGH,170143,958,0.005630557824888476,177.60229645093946
eff3b150483f65a26cf2245965e129155fae0030f5961e080c134696bdb8df16:H_bag,eff3b150483f65a26cf2245965e129155fae0030f5961e080c134696bdb8df16,I3,1e9c15ee7dc1251d7a39efe75ca2cfa4e51408b27deaee23f936a57b7dceb134,4841828,H_bag,ACTION_CHANGED_HORIZON_COMPLETE,true,,true,true,true,HARMFUL,75.85000000002037,[36627],,,I3|BODY|NO_DIVERGENCE|HIGH,170143,958,0.005630557824888476,177.60229645093946
1e7d78ad2444e6e9d139f922f8780f1d24dc719481ed43c3885622ae0b172012:H_bag,1e7d78ad2444e6e9d139f922f8780f1d24dc719481ed43c3885622ae0b172012,I3,979acdadcad52c2e29a53b9bc94ce99a5c53fe2d0cf5444b7b6a5552ef599ed0,4841984,H_bag,ACTION_CHANGED_HORIZON_COMPLETE,true,,true,true,true,HARMFUL,75.60000000002037,[36637],,,I3|BODY|NO_DIVERGENCE|HIGH,170143,958,0.005630557824888476,177.60229645093946
69f7e2beec6d67f5aa6689eaec44eb6b9c75211d6588b20b748eec0a334dc185:H_bag,69f7e2beec6d67f5aa6689eaec44eb6b9c75211d6588b20b748eec0a334dc185,I4,d1b9222bef03e43d82db09101443ea1028d59820b05e8eee7c050a8f7a485c3a,4843356,H_bag,ACTION_CHANGED_HORIZON_COMPLETE,true,,true,true,true,HARMFUL,0.6000000000058208,[37828],,,I4|BODY|NO_DIVERGENCE|HIGH,471856,945,0.0020027296463327794,499.31851851851854
8e9b08eff2d65792eb94921e977e7e9946f064b0152072bbc01d2e1011978792:H_bag,8e9b08eff2d65792eb94921e977e7e9946f064b0152072bbc01d2e1011978792,I4,7a7477fab544c6a70ea6423b45f780dfea44c816136e939dd36aee9c984d5905,4846831,H_bag,ACTION_CHANGED_HORIZON_COMPLETE,true,,true,true,true,HARMFUL,0.0010000000038417056,[39789],,,I4|BODY|NO_DIVERGENCE|HIGH,471856,945,0.0020027296463327794,499.31851851851854
5f84c7fece2bacbd1fe42d0c837dba895c39f1e9bfc1697fca62fe0247caacd6:H_bag,5f84c7fece2bacbd1fe42d0c837dba895c39f1e9bfc1697fca62fe0247caacd6,I4,c80ce39db8cf48ce040ba02531796caeec5fac5cfdb80e5919560d61ae6f5fad,4849762,H_bag,ACTION_CHANGED_HORIZON_COMPLETE,true,,true,true,true,HARMFUL,0.6476999999867985,[39785],,,I4|BODY|NO_DIVERGENCE|HIGH,471856,945,0.0020027296463327794,499.31851851851854
90b4ad93c46eda276b9f08d20a74b66bf260eb4bd826cef5d741a5216c6bc4e2:H_bag,90b4ad93c46eda276b9f08d20a74b66bf260eb4bd826cef5d741a5216c6bc4e2,I3,005d2b9b63090f0cb0f3272e6a08da00a2ed5da2cf7c341f6adf10ee4de450cd,4860437,H_bag,ACTION_CHANGED_HORIZON_COMPLETE,true,,true,true,true,HARMFUL,24.55000000000291,[36500],,,I3|BODY|NO_DIVERGENCE|HIGH,170143,958,0.005630557824888476,177.60229645093946
593d82f26683d3412d7fe9e5277834922b644f1f59de3c2f79023b4483f2ec6b:H_bag,593d82f26683d3412d7fe9e5277834922b644f1f59de3c2f79023b4483f2ec6b,I3,5430daaaffaca67c9d1cc8d0a1386e6759ca91f6c690897711c3a0fd6c4f48a7,4861645,H_bag,ACTION_CHANGED_HORIZON_COMPLETE,true,,true,true,true,HARMFUL,75.60000000002037,[35491],,,I3|BODY|NO_DIVERGENCE|HIGH,170143,958,0.005630557824888476,177.60229645093946
add3e2c1fbc1e215aea4db37381966c7f4a9e578378fe9584ae29f143aa096ed:H_bag,add3e2c1fbc1e215aea4db37381966c7f4a9e578378fe9584ae29f143aa096ed,I3,9fa4aae9c943dd627dd86a190dcdbc083dd140e5863099e2030c2bd6ae8cf47a,4862830,H_bag,ACTION_CHANGED_HORIZON_COMPLETE,true,,true,true,true,HARMFUL,53.40000000000873,[37122],,,I3|BODY|NO_DIVERGENCE|HIGH,170143,958,0.005630557824888476,177.60229645093946
d6aceb24998d0fd25de16d0bd98bae926e26b226fcadd693c30f6ce7e4cbee4f:H_bag,d6aceb24998d0fd25de16d0bd98bae926e26b226fcadd693c30f6ce7e4cbee4f,I4,9a468f2054d22e3b0f974b112f1d954c89c386f216a01766e4e2c61d5c50aba4,4862851,H_bag,ACTION_CHANGED_HORIZON_COMPLETE,true,,true,true,true,HARMFUL,1.0,[35491],,,I4|BODY|NO_DIVERGENCE|HIGH,471856,945,0.0020027296463327794,499.31851851851854
a056d6c8cd835223b69303efb74c1bad8f6d046ea227fa2c11348d072efa44f0:H_bag,a056d6c8cd835223b69303efb74c1bad8f6d046ea227fa2c11348d072efa44f0,I3,4c6731eecbdf1eb3b390d4fca4fdca46f1274f7849e26d017f05948c90570c14,4864217,H_bag,ACTION_CHANGED_HORIZON_COMPLETE,true,,true,true,true,HARMFUL,24.05000000000291,[37744],,,I3|BODY|NO_DIVERGENCE|HIGH,170143,958,0.005630557824888476,177.60229645093946
a07eca897d53721066a3765771f4afd269ab05c948e8d5b1263b15554bb95704:H_bag,a07eca897d53721066a3765771f4afd269ab05c948e8d5b1263b15554bb95704,I4,2c179fe2df00a76a6e96f8509f7f9cc2bb2d4a248ce1639653cda06b597969d4,4877459,H_bag,ACTION_CHANGED_HORIZON_COMPLETE,true,,true,true,true,HARMFUL,0.0010000000038417056,[40009],,,I4|BODY|NO_DIVERGENCE|HIGH,471856,945,0.0020027296463327794,499.31851851851854
b2e7a3b44e3b2e2ce5fcf68e8211c07562b66c2103ea8d59f8df787e5056b3e3:H_bag,b2e7a3b44e3b2e2ce5fcf68e8211c07562b66c2103ea8d59f8df787e5056b3e3,I4,7ad1dc245b2233d3515da059d88573af2d9e9e17ae567f39357bf4c4a2b45c9a,4878723,H_bag,ACTION_CHANGED_HORIZON_COMPLETE,true,,true,true,true,NEUTRAL_WITHIN_TOLERANCE,0.0,[40017],,,I4|BODY|NO_DIVERGENCE|HIGH,471856,945,0.0020027296463327794,499.31851851851854
78ac6379dd265c1af7e31c761dcef2620321897f51f880e772bfe6483d9646d2:H_bag,78ac6379dd265c1af7e31c761dcef2620321897f51f880e772bfe6483d9646d2,I4,883f6886986e57bbb6c720cad27e61e00a1e8b7f46aec33f4cfa18c56d7215e7,4879187,H_bag,ACTION_CHANGED_HORIZON_COMPLETE,true,,true,true,true,HARMFUL,0.6000000000058208,[40002],,,I4|BODY|NO_DIVERGENCE|HIGH,471856,945,0.0020027296463327794,499.31851851851854
fd7f4437eadb771c46c14668909b32b752ada1483d4b388be2611206acdc1803:H_bag,fd7f4437eadb771c46c14668909b32b752ada1483d4b388be2611206acdc1803,I4,e18537b49fbb54e96dad1e035b2b23ae73215b691862fd337034cdf089ccd170,4887586,H_bag,ACTION_CHANGED_HORIZON_COMPLETE,true,,true,true,true,HARMFUL,0.6000000000058208,[34249],,,I4|BODY|NO_DIVERGENCE|HIGH,471856,945,0.0020027296463327794,499.31851851851854
140e5f324ac02f934b7b727416444716f5e1b6f9fac0f2494908f6c365a1c856:H_bag,140e5f324ac02f934b7b727416444716f5e1b6f9fac0f2494908f6c365a1c856,I3,6cee2716c29447ee11058773a5a4b6cb02d138f525a4f63a51f86cfd897c51ec,4888145,H_bag,ACTION_CHANGED_HORIZON_COMPLETE,true,,true,true,true,HARMFUL,24.05000000000291,[35296],,,I3|BODY|NO_DIVERGENCE|HIGH,170143,958,0.005630557824888476,177.60229645093946
d20b386e9c55a9a30865511383255721679bab233cd98d63ad2f44517e7496a3:H_bag,d20b386e9c55a9a30865511383255721679bab233cd98d63ad2f44517e7496a3,I3,a6f3f44b89a463be5c160ade136282bcf5c1e1d5e9770b5acc3ec2cc253afd80,4891989,H_bag,ACTION_CHANGED_HORIZON_COMPLETE,true,,true,true,true,HARMFUL,24.55000000000291,[36166],,,I3|BODY|NO_DIVERGENCE|HIGH,170143,958,0.005630557824888476,177.60229645093946
20bb1d36da0692fcfd6170fc14b51dc515110119e0c67b0ce429df65699e7843:H_bag,20bb1d36da0692fcfd6170fc14b51dc515110119e0c67b0ce429df65699e7843,I4,c6dc1a041737c50911bf3d6114e2266d679eca53a2fffb24ae7a2411cc27af34,4893544,H_bag,ACTION_CHANGED_HORIZON_COMPLETE,true,,true,true,true,HARMFUL,0.0010000000038417056,[36519],,,I4|BODY|NO_DIVERGENCE|HIGH,471856,945,0.0020027296463327794,499.31851851851854
a7a399ce2e2a127a4901abdfd182e1537cacb564379c8a2452e4a252e9848457:H_bag,a7a399ce2e2a127a4901abdfd182e1537cacb564379c8a2452e4a252e9848457,I3,c9013e4260a3224ebb977b7b9a6eb63c4eeac37d9dade77d02e6fee87ac3f120,4893722,H_bag,ACTION_CHANGED_HORIZON_COMPLETE,true,,true,true,true,HARMFUL,0.25,[36635],,,I3|BODY|NO_DIVERGENCE|HIGH,170143,958,0.005630557824888476,177.60229645093946
59859689a836694a4e00281945a98f0471dac4d6b68f5f5e7d1160c7d5d27e91:H_bag,59859689a836694a4e00281945a98f0471dac4d6b68f5f5e7d1160c7d5d27e91,I4,313eb9caf0637f67225983d7abac76e51f7857c308252fe61d88f670283b15af,4895952,H_bag,ACTION_CHANGED_HORIZON_COMPLETE,true,,true,true,true,HARMFUL,0.6000000000058208,[36894],,,I4|BODY|NO_DIVERGENCE|HIGH,471856,945,0.0020027296463327794,499.31851851851854
289899bcca79587587aea4027b869a9e5df7840cbf066bfb6ea1876901eda182:H_bag,289899bcca79587587aea4027b869a9e5df7840cbf066bfb6ea1876901eda182,I4,2dcdc0917d9a4b254a6bf6907c55105a7d7276a35f02c9b014253f8aa0649166,4897610,H_bag,ACTION_CHANGED_HORIZON_COMPLETE,true,,true,true,true,HARMFUL,0.5151900000055321,[37104],,,I4|BODY|NO_DIVERGENCE|HIGH,471856,945,0.0020027296463327794,499.31851851851854
83e323eea8321b1a4e7477a3972897ccba584eaeb4b9159ea6984bd4894fe456:H_bag,83e323eea8321b1a4e7477a3972897ccba584eaeb4b9159ea6984bd4894fe456,I4,2f46878dc1ca5718f26a76ca5723a795dd49f4231ca67ea9d78804582d314d9f,4898282,H_bag,ACTION_CHANGED_HORIZON_COMPLETE,true,,true,true,true,NEUTRAL_WITHIN_TOLERANCE,0.0,[40104],,,I4|BODY|NO_DIVERGENCE|HIGH,471856,945,0.0020027296463327794,499.31851851851854
fadde8ef3d7b0b5503f033d4019afa0bdf872684be46fe7be45cd14063e04edd:H_bag,fadde8ef3d7b0b5503f033d4019afa0bdf872684be46fe7be45cd14063e04edd,I3,107e111e303c197567d998e7b19330f7a8220f9c1c97fb6076920fe53ee3b9e2,4907294,H_bag,ACTION_CHANGED_HORIZON_COMPLETE,true,,true,true,true,HARMFUL,51.40000000000873,[38044],,,I3|BODY|NO_DIVERGENCE|HIGH,170143,958,0.005630557824888476,177.60229645093946
20c50bec2edac17909f7cb38afc5482fbadd4b52a3a3be482a17c53426f0f997:H_bag,20c50bec2edac17909f7cb38afc5482fbadd4b52a3a3be482a17c53426f0f997,I3,de5cd8bbbfb805fcc66b7b7ad6b980c0c129efe2fb228d78fa0d972914a54d4d,4909140,H_bag,ACTION_CHANGED_HORIZON_COMPLETE,true,,true,true,true,HARMFUL,4.2000000000116415,[40140],,,I3|BODY|NO_DIVERGENCE|HIGH,170143,958,0.005630557824888476,177.60229645093946
f9c6409098592aa78abba6d0bf4c57505366416518833e1bf076767578406dca:H_bag,f9c6409098592aa78abba6d0bf4c57505366416518833e1bf076767578406dca,I4,f4548a2f4c88ce9728610ce0d196f08e814c607bcce9936a966a7422e32c4e8f,4910633,H_bag,ACTION_CHANGED_HORIZON_COMPLETE,true,,true,true,true,NEUTRAL_WITHIN_TOLERANCE,0.0,[38682],,,I4|BODY|NO_DIVERGENCE|HIGH,471856,945,0.0020027296463327794,499.31851851851854
96a754ccf279625c16ddd850bfb02f85c67104bc14fab2ec8013adfb19eecaff:H_bag,96a754ccf279625c16ddd850bfb02f85c67104bc14fab2ec8013adfb19eecaff,I4,90a9e53af82a84e602a9c6f7ea6cd8e007168f480e9f12894c651cb86fadc9c1,4910717,H_bag,ACTION_CHANGED_HORIZON_COMPLETE,true,,true,true,true,NEUTRAL_WITHIN_TOLERANCE,0.0,[38687],,,I4|BODY|NO_DIVERGENCE|HIGH,471856,945,0.0020027296463327794,499.31851851851854
c5a1e75901cb586b9cf2a218352e985e86aba0d7ff25b45a186c97a1e37a399b:H_bag,c5a1e75901cb586b9cf2a218352e985e86aba0d7ff25b45a186c97a1e37a399b,I3,032400453d0fc09d27b8ee18c0bb05765e651a32461ac070d9f2f27c1d6fc40f,4911370,H_bag,ACTION_CHANGED_HORIZON_COMPLETE,true,,true,true,true,HARMFUL,51.40000000000873,[40125],,,I3|BODY|NO_DIVERGENCE|HIGH,170143,958,0.005630557824888476,177.60229645093946
ed74a242958784ccfe7e64db56cb8d67ed04e8a888b962156001a992fbea12ba:H_bag,ed74a242958784ccfe7e64db56cb8d67ed04e8a888b962156001a992fbea12ba,I4,4bbcf2d385ad02c9a4cad7d94c61fa876f267b6756be3f3d32e8f2275f032fa9,4911961,H_bag,ACTION_CHANGED_HORIZON_COMPLETE,true,,true,true,true,NEUTRAL_WITHIN_TOLERANCE,0.0,[38730],,,I4|BODY|NO_DIVERGENCE|HIGH,471856,945,0.0020027296463327794,499.31851851851854
dfb48d6a098d9cc3513469f7addf535cadb96e88e8a740d4b4a789058049e632:H_bag,dfb48d6a098d9cc3513469f7addf535cadb96e88e8a740d4b4a789058049e632,I4,15d9ecc60bfa0bddb5fbe8e9cc5b5374347b47e73eac3fb5db39d53eea9ab4dc,4918068,H_bag,ACTION_CHANGED_HORIZON_COMPLETE,true,,true,true,true,HARMFUL,1.0,[40180],,,I4|BODY|NO_DIVERGENCE|HIGH,471856,945,0.0020027296463327794,499.31851851851854
3de1cfdcf45ac9670343219fbb6c3f8e29fe9643729481b237f58ecd205662b9:H_system,3de1cfdcf45ac9670343219fbb6c3f8e29fe9643729481b237f58ecd205662b9,I3,d2a8e0606f533935df2c666151cdec414e0eed4bdfe9ce9ba5d665d77de6cae5,4920988,H_system,ACTION_CHANGED_HORIZON_COMPLETE,true,,true,true,true,HARMFUL,0.0019459670205890234,[40201],"[37317,37384,37395,37397,37402,37407,37421,37446,38250,38258,38265,38272,38287,38317,38324,40201]","[37317,37384,37395,37397,37402,37407,37421,37446,38250,38258,38265,38272,38287,38317,38324]",I3|BODY|NO_DIVERGENCE|HIGH,170143,958,0.005630557824888476,177.60229645093946
abe31ede1d88cd4b293e9a2cf045f1591d6401441d5f2e3ca5098f182de13c17:H_system,abe31ede1d88cd4b293e9a2cf045f1591d6401441d5f2e3ca5098f182de13c17,I3,0bcbcec337fe4d3667de27b76ca00164df92a479a0e7ab19e7399cdbc8737b0b,4921102,H_system,ACTION_CHANGED_HORIZON_COMPLETE,true,,true,true,true,HARMFUL,0.0018198289108397603,[36403],[36403],[],I3|BODY|NO_DIVERGENCE|HIGH,170143,958,0.005630557824888476,177.60229645093946
7bab84f605156778e799b7321d5005e1f906c975f62da6b22e2b3fe1c3bab3e8:H_bag,7bab84f605156778e799b7321d5005e1f906c975f62da6b22e2b3fe1c3bab3e8,I3,21a76567052e112eb015d24a15404fc9be86f8d18246cb13a0056ded8798d509,4921413,H_bag,ACTION_CHANGED_HORIZON_COMPLETE,true,,true,true,true,HARMFUL,60.38792999999714,[37397],,,I3|BODY|NO_DIVERGENCE|HIGH,170143,958,0.005630557824888476,177.60229645093946
dbc51352bd246693792facf8d59d78f6a0381dd7377d6c08a8b3552039cb3bfb:H_bag,dbc51352bd246693792facf8d59d78f6a0381dd7377d6c08a8b3552039cb3bfb,I3,792f4b99e87a101d9e66f5507ded8c5bff25202206963ad22360d65f3277baf2,4923816,H_bag,ACTION_CHANGED_HORIZON_COMPLETE,true,,true,true,true,HARMFUL,76.60000000000582,[37903],,,I3|BODY|NO_DIVERGENCE|HIGH,170143,958,0.005630557824888476,177.60229645093946
cdbeea5f513bf606c4ce7113a10c347e4c7e061eae27694a8388b6c0eec58c75:H_bag,cdbeea5f513bf606c4ce7113a10c347e4c7e061eae27694a8388b6c0eec58c75,I3,8fe2076fbc9da767bda449628968d8f90e94a6e6dd29ab3d7970557b0019aeb9,4924020,H_bag,ACTION_CHANGED_HORIZON_COMPLETE,true,,true,true,true,HARMFUL,53.30000000000291,[38173],,,I3|BODY|NO_DIVERGENCE|HIGH,170143,958,0.005630557824888476,177.60229645093946
402c754e4257a86a03f9dc79bd2522604092777360b4f5dffc81f3be888d9c27:H_bag,402c754e4257a86a03f9dc79bd2522604092777360b4f5dffc81f3be888d9c27,I3,44e7d6744367387cab1c5f2eabbf825b2b628971d7c3574f907964c664e24d9f,4924744,H_bag,ACTION_CHANGED_HORIZON_COMPLETE,true,,true,true,true,NEUTRAL_WITHIN_TOLERANCE,0.0,[38250],,,I3|BODY|NO_DIVERGENCE|HIGH,170143,958,0.005630557824888476,177.60229645093946
637dc3a59a13a7cac20acfb4522506cf3ab83e3a80c232efed07401aa71acd34:H_bag,637dc3a59a13a7cac20acfb4522506cf3ab83e3a80c232efed07401aa71acd34,I3,cf5daa2486888a8cc72394ff6291bea545e649cf11cf0639ca33f076cabac3f9,4926952,H_bag,ACTION_CHANGED_HORIZON_COMPLETE,true,,true,true,true,HARMFUL,75.60000000002037,[40222],,,I3|BODY|NO_DIVERGENCE|HIGH,170143,958,0.005630557824888476,177.60229645093946
a7a0a3631fc8fae562f81254d30f3aa98e18188c2c7f12f4370540d422e87df6:H_bag,a7a0a3631fc8fae562f81254d30f3aa98e18188c2c7f12f4370540d422e87df6,I3,29a53eee35e8498d56ed546b582feb68620ed431fd911c6ed94d9f9a7afe89e2,4927296,H_bag,ACTION_CHANGED_HORIZON_COMPLETE,true,,true,true,true,HARMFUL,29.65000000000873,[38349],,,I3|BODY|NO_DIVERGENCE|HIGH,170143,958,0.005630557824888476,177.60229645093946
cb733bea38a13589ffdeb97abc751930a55939625db378cc4bcd552e7b55822c:H_bag,cb733bea38a13589ffdeb97abc751930a55939625db378cc4bcd552e7b55822c,I3,55b43cb5c062b35b7d80788ceab2e7582db682ece0dc1c7c324ead7e1be9ec92,4929140,H_bag,ACTION_CHANGED_HORIZON_COMPLETE,true,,true,true,true,HARMFUL,24.80000000000291,[38915],,,I3|BODY|NO_DIVERGENCE|HIGH,170143,958,0.005630557824888476,177.60229645093946
a5069791e728f039abadbb2c376481a08c73b625b6f055f7a0c87a3669938c33:H_bag,a5069791e728f039abadbb2c376481a08c73b625b6f055f7a0c87a3669938c33,I4,c595400d18a4bc266ead1eda4746e206122bb44383824a164595183f300e6a9b,4930927,H_bag,ACTION_CHANGED_HORIZON_COMPLETE,true,,true,true,true,HARMFUL,1.0,[38921],,,I4|BODY|NO_DIVERGENCE|HIGH,471856,945,0.0020027296463327794,499.31851851851854
c159c8a5d3a0e90c0174538820754a8a150620d922c462e36367840f30ce4af2:H_bag,c159c8a5d3a0e90c0174538820754a8a150620d922c462e36367840f30ce4af2,I4,8a9c9978a0ab03d6e04e4399912958404d3e6688271766adb23bcdcd4cbb972b,4933911,H_bag,ACTION_CHANGED_HORIZON_COMPLETE,true,,true,true,true,HARMFUL,3.0,[40299],,,I4|BODY|NO_DIVERGENCE|HIGH,471856,945,0.0020027296463327794,499.31851851851854
727abbad72053b8927f848ddfa8b52266b1277c1f19f344ca3a2e45b2707f5fb:H_bag,727abbad72053b8927f848ddfa8b52266b1277c1f19f344ca3a2e45b2707f5fb,I3,6eee02e4bb3759cd56abe89e045b50205e85f572abca7660aae06ad2541b4bb5,4935022,H_bag,ACTION_CHANGED_HORIZON_COMPLETE,true,,true,true,true,HARMFUL,33.00000000001455,[40299],,,I3|BODY|NO_DIVERGENCE|HIGH,170143,958,0.005630557824888476,177.60229645093946
903ab114de522155147491de4c15056d8f81109a64cf8c326a41a43c8c159ce2:H_bag,903ab114de522155147491de4c15056d8f81109a64cf8c326a41a43c8c159ce2,I4,c5ca538048591afce01401358851ed43877d327e0b208aed8442ee1f3189231c,4936462,H_bag,ACTION_CHANGED_HORIZON_COMPLETE,true,,true,true,true,HARMFUL,0.8144799999863608,[40336],,,I4|BODY|NO_DIVERGENCE|HIGH,471856,945,0.0020027296463327794,499.31851851851854
a7ff689e9742c17422f743af03ddbc173df49cfc9a01aa1a3f988762e1406207:H_bag,a7ff689e9742c17422f743af03ddbc173df49cfc9a01aa1a3f988762e1406207,I4,585087e4d053ad9eaad29040f3479389a02a64109d1abb0b34aff8c249ae0c69,4937134,H_bag,ACTION_CHANGED_HORIZON_COMPLETE,true,,true,true,true,NEUTRAL_WITHIN_TOLERANCE,0.0,[40295],,,I4|BODY|DIVERGENCE|HIGH,30514,61,0.0019990823884118766,500.2295081967213
f94b6b41eb83b41ece1907554534a37a4ba793447e60fbe2315c235986eeb646:H_bag,f94b6b41eb83b41ece1907554534a37a4ba793447e60fbe2315c235986eeb646,I3,4b79067abea99d3dda3aa3876c2985b9d8c06bbe3e752bbc3065b99b18e82992,4937928,H_bag,ACTION_CHANGED_HORIZON_COMPLETE,true,,true,true,true,HARMFUL,51.40000000000873,[40285],,,I3|BODY|NO_DIVERGENCE|HIGH,170143,958,0.005630557824888476,177.60229645093946
ddbc78708470ae174e81f9e0cbae9955cf9e9f9a48393ee4af96f5bff1fcc87e:H_bag,ddbc78708470ae174e81f9e0cbae9955cf9e9f9a48393ee4af96f5bff1fcc87e,I3,8ed03256f63c19703643c7a8a24dd95c334019dba59d3b2e40268fb49632d476,4938383,H_bag,ACTION_CHANGED_HORIZON_COMPLETE,true,,true,true,true,HARMFUL,51.40000000000873,[40294],,,I3|BODY|NO_DIVERGENCE|HIGH,170143,958,0.005630557824888476,177.60229645093946
1257a3fe9f70ec12ae6a42f80a8267ab95390ac0676cf6429b6629f847ee8bcb:H_bag,1257a3fe9f70ec12ae6a42f80a8267ab95390ac0676cf6429b6629f847ee8bcb,I4,cceda5bb6a8df237b7c2aa35d1a0bc04df4084766210b8bad89b531e78b358ed,4940473,H_bag,ACTION_CHANGED_HORIZON_COMPLETE,true,,true,true,true,HARMFUL,1.0,[40340],,,I4|BODY|DIVERGENCE|HIGH,30514,61,0.0019990823884118766,500.2295081967213
e965e78e1d3121728f9331cf73a1a503515e63d30cbf357a6de70f0be07750ee:H_system,e965e78e1d3121728f9331cf73a1a503515e63d30cbf357a6de70f0be07750ee,I3,2bc8f890c7c93ea73d9871eb5100b064a8a5808cd391abbd2b07df44a2a2e27a,4945888,H_system,ACTION_CHANGED_HORIZON_COMPLETE,true,,true,true,true,HARMFUL,-0.000568813843017324,[35326],"[35326,35369,35580,35601,35631,35668,35676,35779,35784,35829,35833,35835,35839,35841,35843,35847,35851,35853,35865,35882,35886,35940,35967,35975,36019,36112,36177,36502,36602,36694,36866,36877,36938,36996,37002,37012,37014,37091,37152,37222,37291,37302,37304,37308,37343,37355,37379,37393,37432,37465,37472,37491,37497,37500,37593,37633,37710,37725,37791,37802,37811,37933,37944,37987,37994,37996,38060,38076,38105,38112,38114,38119,38133,38152,38155,38206,38209,38211,38226,38238,38241,38256,38262,38270,40401,40402,40403]","[35369,35580,35601,35631,35668,35676,35779,35784,35829,35833,35835,35839,35841,35843,35847,35851,35853,35865,35882,35886,35940,35967,35975,36019,36112,36177,36502,36602,36694,36866,36877,36938,36996,37002,37012,37014,37091,37152,37222,37291,37302,37304,37308,37343,37355,37379,37393,37432,37465,37472,37491,37497,37500,37593,37633,37710,37725,37791,37802,37811,37933,37944,37987,37994,37996,38060,38076,38105,38112,38114,38119,38133,38152,38155,38206,38209,38211,38226,38238,38241,38256,38262,38270,40401,40402,40403]",I3|BODY|NO_DIVERGENCE|HIGH,170143,958,0.005630557824888476,177.60229645093946
065727bf0a976db24a3e72973fe7d9a8cd7e84a1e95f39aa84499fd3e636aff3:H_bag,065727bf0a976db24a3e72973fe7d9a8cd7e84a1e95f39aa84499fd3e636aff3,I3,9d31e25bf273194dc610c5cb85c9174bb6df9a2baa3bbc7a6bef09271cb627b5,4947073,H_bag,ACTION_CHANGED_HORIZON_COMPLETE,true,,true,true,true,HARMFUL,22.80000000000291,[35841],,,I3|BODY|NO_DIVERGENCE|HIGH,170143,958,0.005630557824888476,177.60229645093946
664d7f3861f8e0c8d4077bea272f93a779e6d2e8d86ce5baa90d323999260f44:H_bag,664d7f3861f8e0c8d4077bea272f93a779e6d2e8d86ce5baa90d323999260f44,I3,3b116e605b2226db927807e4abdaf86ce6009a9d7e6f404c53e32a3880ee91af,4948364,H_bag,ACTION_CHANGED_HORIZON_COMPLETE,true,,true,true,true,HARMFUL,0.25,[35882],,,I3|BODY|NO_DIVERGENCE|HIGH,170143,958,0.005630557824888476,177.60229645093946
c8e2cd5ec4c78189a5c4f4abf5a796fd21ac4173781e81cb1e6461aec092343a:H_system,c8e2cd5ec4c78189a5c4f4abf5a796fd21ac4173781e81cb1e6461aec092343a,I4,16e776c3b79a4f3f4df3abfe2109f9d5af17ca8782c34671814b5b9ebd38a1aa,4953981,H_system,ACTION_CHANGED_HORIZON_COMPLETE,true,,true,true,true,HARMFUL,5.160195399867007e-05,[37432],"[37432,37497,40410,40411]","[37497,40410,40411]",I4|TAIL|NO_DIVERGENCE|HIGH,13582,67,0.004932999558238846,202.71641791044775
aa35eb579471fcc7d6c18b1e33cdfbfa821d7a2ebbae8b7ceba62b204314f87a:H_system,aa35eb579471fcc7d6c18b1e33cdfbfa821d7a2ebbae8b7ceba62b204314f87a,I4,98adde6d9979f8ae7bc04238aad359edff1a9d911cfe8b554b24716cfd62a58e,4956507,H_system,ACTION_CHANGED_HORIZON_COMPLETE,true,,true,true,true,HARMFUL,2.2934201780344665e-05,[37633],[37633],[],I4|BODY|NO_DIVERGENCE|HIGH,471856,945,0.0020027296463327794,499.31851851851854
88ffb527802bd5b8349b3dda7ca024b304b8eaef2377f1effc44969efe0bf00a:H_bag,88ffb527802bd5b8349b3dda7ca024b304b8eaef2377f1effc44969efe0bf00a,I3,64423e4d76ea42e220a9604284fc122802ab70d8fee1fa09f569cdc7cd2ff10f,4957455,H_bag,ACTION_CHANGED_HORIZON_COMPLETE,true,,true,true,true,HARMFUL,75.60000000002037,[40429],,,I3|BODY|NO_DIVERGENCE|HIGH,170143,958,0.005630557824888476,177.60229645093946
5029c42462e40083e0fc4b836670d1068ba7df8dc4a58eb98079bf97dd47d640:H_bag,5029c42462e40083e0fc4b836670d1068ba7df8dc4a58eb98079bf97dd47d640,I3,877694491768e3b679cb89450201077c6fb4f9f653af5fc43078783bbd685f23,4957783,H_bag,ACTION_CHANGED_HORIZON_COMPLETE,true,,true,true,true,HARMFUL,24.55000000000291,[38313],,,I3|BODY|NO_DIVERGENCE|HIGH,170143,958,0.005630557824888476,177.60229645093946
bd18bedac9b26160caa19d0b054efc1f2cea42319821561e9f90807acb00f411:H_bag,bd18bedac9b26160caa19d0b054efc1f2cea42319821561e9f90807acb00f411,I3,b1c6529b5039fb5f69fc48d42a12beefb0f36b5aff12d1445818f34a20817829,4957982,H_bag,ACTION_CHANGED_HORIZON_COMPLETE,true,,true,true,true,HARMFUL,75.60000000002037,[38206],,,I3|BODY|NO_DIVERGENCE|HIGH,170143,958,0.005630557824888476,177.60229645093946
3bd77bd33e6a587fa847e65a4856801aa37fa3995cfcba5a07a791fc8ebd732b:H_bag,3bd77bd33e6a587fa847e65a4856801aa37fa3995cfcba5a07a791fc8ebd732b,I3,7e2a1b7f695b930e92b9fa042c720fb021971741064cc94756dc266d018324b6,4958948,H_bag,ACTION_CHANGED_HORIZON_COMPLETE,true,,true,true,true,HARMFUL,75.60000000002037,[38282],,,I3|BODY|NO_DIVERGENCE|HIGH,170143,958,0.005630557824888476,177.60229645093946
1b62cf80b212fa9ef722702c92e00c265dd6d6ae8eb6eff88031a6da8e537557:H_bag,1b62cf80b212fa9ef722702c92e00c265dd6d6ae8eb6eff88031a6da8e537557,I3,fae37917782e4fa4336e74cfa4c494124a159c8489343fb7aef2f940d8701616,4959012,H_bag,ACTION_CHANGED_HORIZON_COMPLETE,true,,true,true,true,NEUTRAL_WITHIN_TOLERANCE,0.0,[38438],,,I3|BODY|NO_DIVERGENCE|HIGH,170143,958,0.005630557824888476,177.60229645093946
824b674aab46ddba1d666e20110630077345644113aa83a1ba373efe332fb19f:H_bag,824b674aab46ddba1d666e20110630077345644113aa83a1ba373efe332fb19f,I3,e0709b43c122682580114cde4fe640521fa5e2e9e433b4258086459ffadd95df,4971146,H_bag,ACTION_CHANGED_HORIZON_COMPLETE,true,,true,true,true,HARMFUL,19.016659999993863,[40527],,,I3|BODY|NO_DIVERGENCE|HIGH,170143,958,0.005630557824888476,177.60229645093946
d5139374cdc534ff5307ef810e6aa20ce9f5613f2c9d42f43d43badfbcd14333:H_bag,d5139374cdc534ff5307ef810e6aa20ce9f5613f2c9d42f43d43badfbcd14333,I4,deead488551f2ed2919547132b38e7c5d38afb70834d3df982835ae2d9dc29dd,4974739,H_bag,ACTION_CHANGED_HORIZON_COMPLETE,true,,true,true,true,HARMFUL,1.0,[40571],,,I4|BODY|DIVERGENCE|HIGH,30514,61,0.0019990823884118766,500.2295081967213
c4f2a9af22bb93a81230fefc3ae2248d087b86ec74b83fa41cf51541c1a16e44:H_bag,c4f2a9af22bb93a81230fefc3ae2248d087b86ec74b83fa41cf51541c1a16e44,I3,b3d5eb1e584dd1627c645c280d8d9fb3aa78fd9dd2b0eeffbff42d0637815021,4975493,H_bag,ACTION_CHANGED_HORIZON_COMPLETE,true,,true,true,true,HARMFUL,3.4500000000116415,[40580],,,I3|BODY|NO_DIVERGENCE|HIGH,170143,958,0.005630557824888476,177.60229645093946
e71c862268337e3a375393b195a6f94f9759832afe4b5b0cfc32bc33ae6786d3:H_bag,e71c862268337e3a375393b195a6f94f9759832afe4b5b0cfc32bc33ae6786d3,I3,9b7a6da0a9ce19074279d37713c5b7980cc765930ed3c9668671ca03a1d4a794,4975837,H_bag,ACTION_CHANGED_HORIZON_COMPLETE,true,,true,true,true,HARMFUL,25.59999999999127,[40589],,,I3|BODY|NO_DIVERGENCE|HIGH,170143,958,0.005630557824888476,177.60229645093946
0c21e711681d6b5a98162809797cbd478d21e861f997deb05332673ee1949a36:H_bag,0c21e711681d6b5a98162809797cbd478d21e861f997deb05332673ee1949a36,I4,30c6e05992fc8e1be47238bfd93afbe726d426e4d714f234833f82f55f811b45,4979515,H_bag,ACTION_CHANGED_HORIZON_COMPLETE,true,,true,true,true,NEUTRAL_WITHIN_TOLERANCE,0.0,[40628],,,I4|BODY|NO_DIVERGENCE|HIGH,471856,945,0.0020027296463327794,499.31851851851854
623cc958d75044b30a709369b081a10c57d15194a42fe5e062fb5fa815e8f30e:H_bag,623cc958d75044b30a709369b081a10c57d15194a42fe5e062fb5fa815e8f30e,I4,a7b2cb672d5ef1d94d1b7de358e0bed9ef246be01f53638ee71fa2d8e927b6c7,4980903,H_bag,ACTION_CHANGED_HORIZON_COMPLETE,true,,true,true,true,HARMFUL,0.75,[40617],,,I4|BODY|DIVERGENCE|HIGH,30514,61,0.0019990823884118766,500.2295081967213
78b07b677a70cb26cd43ff25422f84c0c0a42ceaf910d67d27ffd0a292e2a741:H_bag,78b07b677a70cb26cd43ff25422f84c0c0a42ceaf910d67d27ffd0a292e2a741,I4,8cdc24e1fee8a846ca6df8ae6ff57b46396e4ef42c0e328a5218e9e153799b2b,4982201,H_bag,ACTION_CHANGED_HORIZON_COMPLETE,true,,true,true,true,HARMFUL,0.574560000008205,[40669],,,I4|BODY|NO_DIVERGENCE|HIGH,471856,945,0.0020027296463327794,499.31851851851854
42b4085678a963ce80b420acb13f69d3f7c1be00321154a42c4264ce0e95087b:H_bag,42b4085678a963ce80b420acb13f69d3f7c1be00321154a42c4264ce0e95087b,I4,726e73a461c5ce527474cb9ad0305bddfabe9f3a7bc111b937020bcac49e8e00,4983121,H_bag,ACTION_CHANGED_HORIZON_COMPLETE,true,,true,true,true,HARMFUL,1.0,[40610],,,I4|BODY|NO_DIVERGENCE|HIGH,471856,945,0.0020027296463327794,499.31851851851854
c7071e182421a03dd54b259f2ff1f282fb62168f6ba0e95dc6ea814c6e3d1848:H_bag,c7071e182421a03dd54b259f2ff1f282fb62168f6ba0e95dc6ea814c6e3d1848,I3,c7f528932c66e078e15da3ea69135d8bf1ed9a953ec160b0dd425820cfdbc13d,4984066,H_bag,ACTION_CHANGED_HORIZON_COMPLETE,true,,true,true,true,HARMFUL,33.00000000001455,[40680],,,I3|BODY|NO_DIVERGENCE|HIGH,170143,958,0.005630557824888476,177.60229645093946
af35aaa575139c28d36764bbe8a4465743756de07be5c404c25b5d298b79e12f:H_bag,af35aaa575139c28d36764bbe8a4465743756de07be5c404c25b5d298b79e12f,I4,b9566214fb5d60f84f7d491c382c9f5903775273a95d7f9547d2f04096d80c44,4990355,H_bag,ACTION_CHANGED_HORIZON_COMPLETE,true,,true,true,true,HARMFUL,1.0,[40733],,,I4|BODY|NO_DIVERGENCE|HIGH,471856,945,0.0020027296463327794,499.31851851851854
c39e5acc5c15aae666ae4af4a3fc5407c415fdae5a05b37decf12e8863241072:H_bag,c39e5acc5c15aae666ae4af4a3fc5407c415fdae5a05b37decf12e8863241072,I4,316d1dcc527e37a36610c5676e283151941ff93101d49ffda60ae2775d1e9baa,5000519,H_bag,ACTION_CHANGED_HORIZON_COMPLETE,true,,true,true,true,HARMFUL,1.0,[40854],,,I4|BODY|NO_DIVERGENCE|HIGH,471856,945,0.0020027296463327794,499.31851851851854
36c7ce0e5005b6e8e6027eaa48ea45c0948915d85d6f753bf22e16e94c2ce851:H_bag,36c7ce0e5005b6e8e6027eaa48ea45c0948915d85d6f753bf22e16e94c2ce851,I3,8911134db817cfba1c03ebffbe84973ce7523f870f8ea2c78ed96ab5adb962ff,5002199,H_bag,ACTION_CHANGED_HORIZON_COMPLETE,true,,true,true,true,HARMFUL,24.34999999999127,[40873],,,I3|BODY|NO_DIVERGENCE|HIGH,170143,958,0.005630557824888476,177.60229645093946
f6f89e3f383aaff14d4fb90da96c1a4a75acf6ef8ee43c87e313ada9e637d2fd:H_bag,f6f89e3f383aaff14d4fb90da96c1a4a75acf6ef8ee43c87e313ada9e637d2fd,I4,176cfebf7bef36851dcd6ffafff47c8a7dad9b20fa20046bdd09cb543691ae80,5004559,H_bag,ACTION_CHANGED_HORIZON_COMPLETE,true,,true,true,true,HARMFUL,1.0,[40889],,,I4|BODY|NO_DIVERGENCE|HIGH,471856,945,0.0020027296463327794,499.31851851851854
a063496bf056ff07dbb7d2d6691cc51e295d4b8ae22709a6de652d4fbbff0ec5:H_bag,a063496bf056ff07dbb7d2d6691cc51e295d4b8ae22709a6de652d4fbbff0ec5,I3,d74b3a338acc36206b6ab58460e7a0ee8bfbf90efbe97bfd1ca7190faf04d7a9,5005677,H_bag,ACTION_CHANGED_HORIZON_COMPLETE,true,,true,true,true,HARMFUL,75.85000000002037,[40889],,,I3|BODY|NO_DIVERGENCE|HIGH,170143,958,0.005630557824888476,177.60229645093946
7a4df660261fec48af22fbfc4ba4e563fe932f2c0f9d4f1ba75e523341f2d914:H_bag,7a4df660261fec48af22fbfc4ba4e563fe932f2c0f9d4f1ba75e523341f2d914,I3,fb385f9fef56574cc19602af5c1bc091193099d626ab41e978ef1d4f6ac192bf,5005953,H_bag,ACTION_CHANGED_HORIZON_COMPLETE,true,,true,true,true,HARMFUL,1.1052900000067893,[40921],,,I3|BODY|NO_DIVERGENCE|HIGH,170143,958,0.005630557824888476,177.60229645093946
dfe6cc2f0052ef701e4026ff70799ec7ca8fbf74cd6356fa3a27c764d5088574:H_bag,dfe6cc2f0052ef701e4026ff70799ec7ca8fbf74cd6356fa3a27c764d5088574,I4,a99446e26ef1ea3da43421db9eb8b1de66752a59308c162a121e3864f156aba2,5005988,H_bag,ACTION_CHANGED_HORIZON_COMPLETE,true,,true,true,true,HARMFUL,1.076630000010482,[40921],,,I4|BODY|NO_DIVERGENCE|HIGH,471856,945,0.0020027296463327794,499.31851851851854
3df921dbaaf3cd840b286dbb9438497b20d01c208ef0c8fe1c4de133e28405e7:H_bag,3df921dbaaf3cd840b286dbb9438497b20d01c208ef0c8fe1c4de133e28405e7,I4,2769d5222e48fd1be434d27a0fcd29f44a69dda1d81034d40221fec883c85a88,5006077,H_bag,ACTION_CHANGED_HORIZON_COMPLETE,true,,true,true,true,HARMFUL,0.0010000000038417056,[40925],,,I4|BODY|NO_DIVERGENCE|HIGH,471856,945,0.0020027296463327794,499.31851851851854
4905900a6efe1d0888e761dc228c41cd8ece886ea35f35b0bed910d84a1f14fa:H_bag,4905900a6efe1d0888e761dc228c41cd8ece886ea35f35b0bed910d84a1f14fa,I3,cb7f92d8dfc2ace4d7ebceae05b6afa13ac5aebd5527a689b95e9a3fef0accf8,5014193,H_bag,ACTION_CHANGED_HORIZON_COMPLETE,true,,true,true,true,HARMFUL,4.2000000000116415,[40997],,,I3|BODY|NO_DIVERGENCE|HIGH,170143,958,0.005630557824888476,177.60229645093946
58f87aca02973eda259c4d7cfaf98fde3712e0cf5983178e3ff36cd80d5f17fe:H_bag,58f87aca02973eda259c4d7cfaf98fde3712e0cf5983178e3ff36cd80d5f17fe,I4,c5401d5c152c7b703f793db254e3110a19fa796cb612e8b624b6f3816781bd52,5017303,H_bag,ACTION_CHANGED_HORIZON_COMPLETE,true,,true,true,true,HARMFUL,1.0,[41011],,,I4|BODY|NO_DIVERGENCE|HIGH,471856,945,0.0020027296463327794,499.31851851851854
fc274307310c2923936cc061c4acdd7803c78e8aa1c4a1d1340ad8e367cb6bd3:H_bag,fc274307310c2923936cc061c4acdd7803c78e8aa1c4a1d1340ad8e367cb6bd3,I4,e3a80bab1c5fd1dec3dc823e4dcc701d4359f369fb851340122f5bdbb47c2816,5017655,H_bag,ACTION_CHANGED_HORIZON_COMPLETE,true,,true,true,true,HARMFUL,1.0,[41018],,,I4|BODY|NO_DIVERGENCE|HIGH,471856,945,0.0020027296463327794,499.31851851851854
18caa5e55f5f64e0df5fdf1e1440fb1d245f51e089648c0235c572dfabe7c054:H_bag,18caa5e55f5f64e0df5fdf1e1440fb1d245f51e089648c0235c572dfabe7c054,I3,29d846b1701b0ad31d2ba4f85ff83494149b463b861b46a80eb5958b9653ac0e,5022401,H_bag,ACTION_CHANGED_HORIZON_COMPLETE,true,,true,true,true,HARMFUL,33.00000000001455,[41068],,,I3|BODY|NO_DIVERGENCE|HIGH,170143,958,0.005630557824888476,177.60229645093946
ec5f0f118811d8de898583708bbc058d8cc54c422eadbbb1e5c6f04e1bd1e266:H_bag,ec5f0f118811d8de898583708bbc058d8cc54c422eadbbb1e5c6f04e1bd1e266,I4,db5976d9298b7ae2e309c8a14f19e9afe0b39c1419e5346b427f45505764b1aa,5024265,H_bag,ACTION_CHANGED_HORIZON_COMPLETE,true,,true,true,true,HARMFUL,0.25,[41086],,,I4|BODY|NO_DIVERGENCE|HIGH,471856,945,0.0020027296463327794,499.31851851851854
458ad43c542acb9f1e2290db6ad57f51c0db4083649e369705deba43eccbeb33:H_bag,458ad43c542acb9f1e2290db6ad57f51c0db4083649e369705deba43eccbeb33,I4,de709100a606e3a299b44f9316a62dd5917b43e3f8057b4ff97a1730bb40c78d,5024861,H_bag,ACTION_CHANGED_HORIZON_COMPLETE,true,,true,true,true,NEUTRAL_WITHIN_TOLERANCE,0.0,[41089],,,I4|BODY|NO_DIVERGENCE|HIGH,471856,945,0.0020027296463327794,499.31851851851854
eab15690e153caf267085cb761c164739495c54b53132b8eae2148e1ab5e47e1:H_bag,eab15690e153caf267085cb761c164739495c54b53132b8eae2148e1ab5e47e1,I3,3fb5423bc75dbc831de4f978b7d025c2327433c5d62116ef1b20a55a73f3b79d,5026230,H_bag,ACTION_CHANGED_HORIZON_COMPLETE,true,,true,true,true,HARMFUL,75.60000000002037,[41088],,,I3|BODY|DIVERGENCE|HIGH,10032,56,0.005582137161084529,179.14285714285714
c741b2d31356c7af3ef10ef9ead036786217b3e47ec318b19816424be72dd34a:H_system,c741b2d31356c7af3ef10ef9ead036786217b3e47ec318b19816424be72dd34a,I4,7ff103baa3f1ceaa4e1c70f0d2c5740f0c645187b578ec2512665d2d1a29bcad,5027399,H_system,ACTION_CHANGED_HORIZON_COMPLETE,true,,true,true,true,HARMFUL,-1.7200651342363926e-05,[41099],"[40058,41099]",[40058],I4|BODY|NO_DIVERGENCE|HIGH,471856,945,0.0020027296463327794,499.31851851851854
c99755b5a759a635dc2f4ddea5391fe85966453d50b5bb6fce6c81df587a991f:H_bag,c99755b5a759a635dc2f4ddea5391fe85966453d50b5bb6fce6c81df587a991f,I3,18a4f8fb6811ffdc439dd73c197305c20c27445c3ed473766a42492efb6503d8,5027876,H_bag,ACTION_CHANGED_HORIZON_COMPLETE,true,,true,true,true,HARMFUL,24.55000000000291,[39266],,,I3|BODY|NO_DIVERGENCE|HIGH,170143,958,0.005630557824888476,177.60229645093946
40926beb97b25ef8d275f6d39d3dd7ef556d48aeb5acf922b52120844bc7e28c:H_bag,40926beb97b25ef8d275f6d39d3dd7ef556d48aeb5acf922b52120844bc7e28c,I4,1e784cd6dd7807125b9fd0e4e43f64214f01d0e62104575d389bf4500fbe8e64,5028720,H_bag,ACTION_CHANGED_HORIZON_COMPLETE,true,,true,true,true,NEUTRAL_WITHIN_TOLERANCE,0.0,[39729],,,I4|BODY|NO_DIVERGENCE|HIGH,471856,945,0.0020027296463327794,499.31851851851854
305e9d6df4ecedd0778b9f3a6c959cabcb43d8a9077e481072a1d390d27c8537:H_bag,305e9d6df4ecedd0778b9f3a6c959cabcb43d8a9077e481072a1d390d27c8537,I4,92c6e518461f69e62cc7d4bffeb0574be58f28b3e5f0dbd9060f68f5e5d88563,5039191,H_bag,ACTION_CHANGED_HORIZON_COMPLETE,true,,true,true,true,HARMFUL,0.7530200000037439,[41203],,,I4|BODY|NO_DIVERGENCE|HIGH,471856,945,0.0020027296463327794,499.31851851851854
a4b24bfd339be0adaa38f2350b089bd6809e92bd6f6fab1eefcb17d7878ea1f6:H_bag,a4b24bfd339be0adaa38f2350b089bd6809e92bd6f6fab1eefcb17d7878ea1f6,I4,a8abb13a6dc725f830228bf62e3c30c6a9d7466f27068d78520904aca828e20e,5039866,H_bag,ACTION_CHANGED_HORIZON_COMPLETE,true,,true,true,true,NEUTRAL_WITHIN_TOLERANCE,0.0,[41188],,,I4|BODY|NO_DIVERGENCE|HIGH,471856,945,0.0020027296463327794,499.31851851851854
435815d6ee0edb6223cec5c4ab5349b6be0e009e78b238b25a6fb9c081118bae:H_bag,435815d6ee0edb6223cec5c4ab5349b6be0e009e78b238b25a6fb9c081118bae,I4,012b73125805ad9b9dd62d5b5183a7ebdde3a62628e2f761e89e85f132b3abb4,5045387,H_bag,ACTION_CHANGED_HORIZON_COMPLETE,true,,true,true,true,NEUTRAL_WITHIN_TOLERANCE,0.0,[41236],,,I4|BODY|NO_DIVERGENCE|HIGH,471856,945,0.0020027296463327794,499.31851851851854
7a743266575fdb5fd69823973c6bb651c46848547f405ac6bfc6dac0a26a4644:H_bag,7a743266575fdb5fd69823973c6bb651c46848547f405ac6bfc6dac0a26a4644,I4,22659f4b3f75bad4010a1855685f7087fddb03b489a5ed48bca26042d0bdb750,5046249,H_bag,ACTION_CHANGED_HORIZON_COMPLETE,true,,true,true,true,HARMFUL,0.0010000000038417056,[41256],,,I4|BODY|NO_DIVERGENCE|HIGH,471856,945,0.0020027296463327794,499.31851851851854
875bd87c2b43888ceb8d3b1edb7279ca84f4cf0b93d3d17c52945905c27eebc4:H_system,875bd87c2b43888ceb8d3b1edb7279ca84f4cf0b93d3d17c52945905c27eebc4,I4,645ae8b627980953684306026a85a7e77384070b5bc58a038d02010662b7e411,5051184,H_system,ACTION_CHANGED_HORIZON_COMPLETE,true,,true,true,true,NEUTRAL_WITHIN_TOLERANCE,0.0,[39516],[39516],[],I4|BODY|NO_DIVERGENCE|HIGH,471856,945,0.0020027296463327794,499.31851851851854
45f152f826963c6ab058350e503a54325b60e484ada4b52d830b005b383c10f4:H_bag,45f152f826963c6ab058350e503a54325b60e484ada4b52d830b005b383c10f4,I4,5b93b31f3a652d2e75924b40dbf547ae2bf59f6701ca7f2340e1e2c3ec0e27d1,5051253,H_bag,ACTION_CHANGED_HORIZON_COMPLETE,true,,true,true,true,HARMFUL,0.9311000000016065,[41258],,,I4|BODY|NO_DIVERGENCE|HIGH,471856,945,0.0020027296463327794,499.31851851851854
99c6dc282cb5041f3ac2836a5cc8688b3867d835224f89c553536dfd6617513b:H_bag,99c6dc282cb5041f3ac2836a5cc8688b3867d835224f89c553536dfd6617513b,I3,37790fc6baeb0de8b935cee7d8eea5b30e34f4c559cce10aa92f34f761f2ce46,5055445,H_bag,ACTION_CHANGED_HORIZON_COMPLETE,true,,true,true,true,HARMFUL,75.85000000002037,[41277],,,I3|BODY|NO_DIVERGENCE|HIGH,170143,958,0.005630557824888476,177.60229645093946
78e279a9099805d0d254736fca7fbdbd108052fd41963152d45a87623d5f6209:H_bag,78e279a9099805d0d254736fca7fbdbd108052fd41963152d45a87623d5f6209,I3,53a32b7297857c35eef8b18285338d2df37473d40887fe6e41fe0d7390ea7bcf,5063461,H_bag,ACTION_CHANGED_HORIZON_COMPLETE,true,,true,true,true,HARMFUL,31.20000000001164,[41368],,,I3|BODY|NO_DIVERGENCE|HIGH,170143,958,0.005630557824888476,177.60229645093946
9b5cd1dcfe5a8f487c088d27655d676bea5ddb9fff9695f69193890ade04ea6a:H_system,9b5cd1dcfe5a8f487c088d27655d676bea5ddb9fff9695f69193890ade04ea6a,I3,3b0c1c79f958d3e0ef98fbc7a7925bdb07244c41d7f8c71b28a87a3f2c7a6172,5065718,H_system,ACTION_CHANGED_HORIZON_COMPLETE,true,,true,true,true,HARMFUL,0.0011845515216748481,[35352],[35352],[],I3|BODY|NO_DIVERGENCE|HIGH,170143,958,0.005630557824888476,177.60229645093946
f0643a50299313528dda5df6cfa0c7cd0c22933008b029880c8ec031193df4c1:H_bag,f0643a50299313528dda5df6cfa0c7cd0c22933008b029880c8ec031193df4c1,I3,788dababde22904617b63c44973992e60d4fd35c27f85fb1a7387fd6dcebaefc,5067912,H_bag,ACTION_CHANGED_HORIZON_COMPLETE,true,,true,true,true,HARMFUL,24.80000000000291,[39547],,,I3|BODY|NO_DIVERGENCE|HIGH,170143,958,0.005630557824888476,177.60229645093946
830484cb75b5e12dd121349e16780912e27ab3888d52f71de2c7b63ad75fb3ef:H_bag,830484cb75b5e12dd121349e16780912e27ab3888d52f71de2c7b63ad75fb3ef,I4,7d80c64c25dcf4baaf526912ffab977fbeb9055cc17093b0bc92e0b8995fb848,5072036,H_bag,ACTION_CHANGED_HORIZON_COMPLETE,true,,true,true,true,HARMFUL,0.6000000000058208,[40244],,,I4|BODY|NO_DIVERGENCE|HIGH,471856,945,0.0020027296463327794,499.31851851851854
6c6e42da940d11aa3cdd3de03bf95a6e6da0d8b20d21c9442c93fb17df1c2f91:H_bag,6c6e42da940d11aa3cdd3de03bf95a6e6da0d8b20d21c9442c93fb17df1c2f91,I4,c13594a5aff1084d32c538ac794229bcbf4432db13c8fbca285ca4adbf0349ea,5072062,H_bag,ACTION_CHANGED_HORIZON_COMPLETE,true,,true,true,true,HARMFUL,0.0010000000038417056,[40331],,,I4|BODY|NO_DIVERGENCE|HIGH,471856,945,0.0020027296463327794,499.31851851851854
13a999c219d31473023247cabb0fef747df390f90c17c14170cca145b1b7bbfa:H_bag,13a999c219d31473023247cabb0fef747df390f90c17c14170cca145b1b7bbfa,I4,6cd1d507d8db79268507e87ab6013b15160beceaf3d7e28168d94092e0794296,5080831,H_bag,ACTION_CHANGED_HORIZON_COMPLETE,true,,true,true,true,NEUTRAL_WITHIN_TOLERANCE,0.0,[41451],,,I4|BODY|NO_DIVERGENCE|HIGH,471856,945,0.0020027296463327794,499.31851851851854
78c0548f3e3f7aec3b0a66ff937939283c89f684c5f5521df5de17528d5818ed:H_bag,78c0548f3e3f7aec3b0a66ff937939283c89f684c5f5521df5de17528d5818ed,I4,c99b5a971505807ad2e140aa47bcf64501f21f3b268ed5ca9300f1e57a1ea556,5081322,H_bag,ACTION_CHANGED_HORIZON_COMPLETE,true,,true,true,true,HARMFUL,0.9627199999813456,[41488],,,I4|BODY|NO_DIVERGENCE|HIGH,471856,945,0.0020027296463327794,499.31851851851854
68780b5bedaaf799cccd1605f7f8b14c69869051e183f6afed497b525f50b84d:H_bag,68780b5bedaaf799cccd1605f7f8b14c69869051e183f6afed497b525f50b84d,I3,d5bbb7b32cde1f158b98e9e89ca2f9f6301c86fa2a9d85bdc333ab41a87e4959,5091363,H_bag,ACTION_CHANGED_HORIZON_COMPLETE,true,,true,true,true,HARMFUL,72.15000000000873,[36315],,,I3|BODY|NO_DIVERGENCE|HIGH,170143,958,0.005630557824888476,177.60229645093946
4f23ff30f891d78a09ad680eaba786371030741e4000f7ea47fecf3e75874796:H_bag,4f23ff30f891d78a09ad680eaba786371030741e4000f7ea47fecf3e75874796,I3,504920cd947d2368e5ffc674bfb73ddd74956871abab94edae48470a1b82ef42,5094637,H_bag,ACTION_CHANGED_HORIZON_COMPLETE,true,,true,true,true,HARMFUL,23.55000000000291,[39827],,,I3|BODY|NO_DIVERGENCE|HIGH,170143,958,0.005630557824888476,177.60229645093946
50f95eb56bf4681130b773a2f01b30a1516122d4ead9c5312d9131cc86e1bde5:H_system,50f95eb56bf4681130b773a2f01b30a1516122d4ead9c5312d9131cc86e1bde5,I3,dfe80482f1d631cbcb2f21a856c36ab9229b95d7caaec2cb47c22d6499111d52,5095434,H_system,ACTION_CHANGED_HORIZON_COMPLETE,true,,true,true,true,HARMFUL,0.002361025388239568,[39811],"[39811,40177,40221,40226,40230,40235,40238,40240,40250,40258,40273,41552,41553,41554,41557]","[40177,40221,40226,40230,40235,40238,40240,40250,40258,40273,41552,41553,41554,41557]",I3|BODY|NO_DIVERGENCE|HIGH,170143,958,0.005630557824888476,177.60229645093946
4a75a34b244aa16aca363d162a007851538c5c0855b0e8aa50980d72f4128743:H_bag,4a75a34b244aa16aca363d162a007851538c5c0855b0e8aa50980d72f4128743,I3,53e0814d48b1f8c55ead33bd918f5041f4a3289bd6987ec92e2b3e51832a9fb1,5096539,H_bag,ACTION_CHANGED_HORIZON_COMPLETE,true,,true,true,true,HARMFUL,78.85000000002037,[39827],,,I3|BODY|NO_DIVERGENCE|HIGH,170143,958,0.005630557824888476,177.60229645093946
adea30b1547c7345b00f7eb07bc83d376eca592b307aa35c24a3a182064b4a19:H_bag,adea30b1547c7345b00f7eb07bc83d376eca592b307aa35c24a3a182064b4a19,I3,80e9d1beaa3c13d7f0a810bba6d17044669049467c82cc0fe1a420be80306219,5099745,H_bag,ACTION_CHANGED_HORIZON_COMPLETE,true,,true,true,true,HARMFUL,78.60000000000582,[40310],,,I3|BODY|NO_DIVERGENCE|HIGH,170143,958,0.005630557824888476,177.60229645093946
fee8fd2e1376d7e92c94c9f554e2be77eaeba2cb7a7441fca81f3775400b8a5c:H_bag,fee8fd2e1376d7e92c94c9f554e2be77eaeba2cb7a7441fca81f3775400b8a5c,I4,8324ed7e9db6063d28565b09ea2c28c4170c0242cd4de74ffc8b00e099dba50b,5100080,H_bag,ACTION_CHANGED_HORIZON_COMPLETE,true,,true,true,true,HARMFUL,0.009429999990970828,[41559],,,I4|BODY|NO_DIVERGENCE|HIGH,471856,945,0.0020027296463327794,499.31851851851854
a89222cbcf94cfc6981ef28a18a382d50e608e87a95716ac675f80f4f0b6b3b0:H_bag,a89222cbcf94cfc6981ef28a18a382d50e608e87a95716ac675f80f4f0b6b3b0,I3,7e84271d3e6b33693ad13094385b7b1492373fcd47667709575dee6ac2c71b1c,5100840,H_bag,ACTION_CHANGED_HORIZON_COMPLETE,true,,true,true,true,HARMFUL,31.20000000001164,[41578],,,I3|BODY|NO_DIVERGENCE|HIGH,170143,958,0.005630557824888476,177.60229645093946
58cf062314ee97f868ffd30f231663a2921f62923e69480d19a5c3bb7dfeba8a:H_bag,58cf062314ee97f868ffd30f231663a2921f62923e69480d19a5c3bb7dfeba8a,I4,68e299910337b715d3ad816e70101560c16631694cc12faa5c394f2f8a082668,5102597,H_bag,ACTION_CHANGED_HORIZON_COMPLETE,true,,true,true,true,HARMFUL,0.0010000000038417056,[41587],,,I4|BODY|NO_DIVERGENCE|HIGH,471856,945,0.0020027296463327794,499.31851851851854
234c8cdc6b028730ae1e09fd148c4dfc33d2099baf0c7a997ce2697b8aa8da8b:H_bag,234c8cdc6b028730ae1e09fd148c4dfc33d2099baf0c7a997ce2697b8aa8da8b,I4,8085310d88277af684182dd9e2e1ebec37e876b7fc85bc13010a717c5fcf5fac,5105672,H_bag,ACTION_CHANGED_HORIZON_COMPLETE,true,,true,true,true,HARMFUL,1.0,[41609],,,I4|BODY|NO_DIVERGENCE|HIGH,471856,945,0.0020027296463327794,499.31851851851854
5092d39b061729ffa3036ed4f0086a1dda1587ed3fc4848b8c5fdaaf61f1857d:H_bag,5092d39b061729ffa3036ed4f0086a1dda1587ed3fc4848b8c5fdaaf61f1857d,I4,d80b19e8c95966667bed74306e20a01dc2060ca320bb85d701c16212ba714669,5106459,H_bag,ACTION_CHANGED_HORIZON_COMPLETE,true,,true,true,true,HARMFUL,0.0010000000038417056,[41625],,,I4|BODY|NO_DIVERGENCE|HIGH,471856,945,0.0020027296463327794,499.31851851851854
8ddc74190e22c8916bee08d577a6b9d6a5cdd5a567002cfaff4d999210d98aa9:H_bag,8ddc74190e22c8916bee08d577a6b9d6a5cdd5a567002cfaff4d999210d98aa9,I3,f105cb4d2229b82293f15db8b9cc27345a7c61465cd6e3ffbc3131ff523ed169,5115122,H_bag,ACTION_CHANGED_HORIZON_COMPLETE,true,,true,true,true,HARMFUL,24.55000000000291,[38431],,,I3|BODY|NO_DIVERGENCE|HIGH,170143,958,0.005630557824888476,177.60229645093946
e6135f07e6fd399b74f7bf6bf0022a9580f5bf00b68d1fd9b9bc707938c8d15c:H_bag,e6135f07e6fd399b74f7bf6bf0022a9580f5bf00b68d1fd9b9bc707938c8d15c,I3,d33ed8dc9aceba1aac6e9910a1dc0c1a932027eb189dc55e28bfe600b5b7d4b9,5116927,H_bag,ACTION_CHANGED_HORIZON_COMPLETE,true,,true,true,true,HARMFUL,23.80000000000291,[39559],,,I3|BODY|NO_DIVERGENCE|HIGH,170143,958,0.005630557824888476,177.60229645093946
5eb7750fd238d61a4c204a6b086b67998737bece78982ebb1052e888740c9d7e:H_bag,5eb7750fd238d61a4c204a6b086b67998737bece78982ebb1052e888740c9d7e,I3,b9fce01b5bbee1d4036484a397101a4b53fd85206c64f83cfe1771f6e623a6b8,5117540,H_bag,ACTION_CHANGED_HORIZON_COMPLETE,true,,true,true,true,HARMFUL,24.55000000000291,[39649],,,I3|BODY|DIVERGENCE|HIGH,10032,56,0.005582137161084529,179.14285714285714
5f7ff09bba9fe8155f2c6727b85646c8cb8d2b3af8d32047696b576ee13df081:H_bag,5f7ff09bba9fe8155f2c6727b85646c8cb8d2b3af8d32047696b576ee13df081,I3,fa31c61870f06a7a4fef686ca507e2732fe6554cbb2714181e383bccfdc1cf19,5121047,H_bag,ACTION_CHANGED_HORIZON_COMPLETE,true,,true,true,true,HARMFUL,24.05000000000291,[40154],,,I3|BODY|DIVERGENCE|HIGH,10032,56,0.005582137161084529,179.14285714285714
33aa40ed821b96a37445f786afea4471b2d446e1bb9ceabe0e69eab5ea70e139:H_bag,33aa40ed821b96a37445f786afea4471b2d446e1bb9ceabe0e69eab5ea70e139,I3,666587d0c497444801f309186ff73ed6ae7d83cd876b80edc806ce13042f9056,5121697,H_bag,ACTION_CHANGED_HORIZON_COMPLETE,true,,true,true,true,HARMFUL,75.60000000002037,[40124],,,I3|BODY|NO_DIVERGENCE|HIGH,170143,958,0.005630557824888476,177.60229645093946
fcf18496ee0c9f599cac53e4b7e3cb820a22dac0ab488efb7fb41d44dbcbf907:H_bag,fcf18496ee0c9f599cac53e4b7e3cb820a22dac0ab488efb7fb41d44dbcbf907,I3,30d3b627fa077c5a0f704627fb4267a208f36d052e9c7aa1a0d7a7db11631539,5121968,H_bag,ACTION_CHANGED_HORIZON_COMPLETE,true,,true,true,true,HARMFUL,24.05000000000291,[40205],,,I3|BODY|DIVERGENCE|HIGH,10032,56,0.005582137161084529,179.14285714285714
5000a994d534b96ba8f6b6930ca5a27270f9c44a53c2262c7542d69bb6b1adc7:H_bag,5000a994d534b96ba8f6b6930ca5a27270f9c44a53c2262c7542d69bb6b1adc7,I3,c88a3c7a1e92cc5858471e604eb328ff3522474f87b8647d213f913a8285df50,5122256,H_bag,ACTION_CHANGED_HORIZON_COMPLETE,true,,true,true,true,HARMFUL,23.30000000000291,[40212],,,I3|BODY|NO_DIVERGENCE|HIGH,170143,958,0.005630557824888476,177.60229645093946
41063027986b209ce76a854fb79a1317df0a00c668444c4471fa5178be8b3c0d:H_bag,41063027986b209ce76a854fb79a1317df0a00c668444c4471fa5178be8b3c0d,I4,484ab4c0b4667062286b0516fce4c42e33bc6b177ee00d4a292a2faf8e8181d8,5124859,H_bag,ACTION_CHANGED_HORIZON_COMPLETE,true,,true,true,true,HARMFUL,1.0,[41717],,,I4|BODY|NO_DIVERGENCE|HIGH,471856,945,0.0020027296463327794,499.31851851851854
59ac792fb3e13f7af3821983f1a4eb705e9bb39c1eaa0eb48a6b489b7766b60d:H_bag,59ac792fb3e13f7af3821983f1a4eb705e9bb39c1eaa0eb48a6b489b7766b60d,I4,ed9b7ae2aed75471bf721fee84f6818cf5bc6df3256e88e5c8aaa993f23bed84,5126993,H_bag,ACTION_CHANGED_HORIZON_COMPLETE,true,,true,true,true,HARMFUL,0.05000000000291038,[40596],,,I4|BODY|NO_DIVERGENCE|HIGH,471856,945,0.0020027296463327794,499.31851851851854
b881fe294d7fe8a7121fb7d9801ffa7169f6d2f16444dec43da2960eb296ad87:H_bag,b881fe294d7fe8a7121fb7d9801ffa7169f6d2f16444dec43da2960eb296ad87,I4,4df0e9569586fa0ae7058851f081df247e0f7951a3dcbaf99d9d28be1ed96348,5127306,H_bag,ACTION_CHANGED_HORIZON_COMPLETE,true,,true,true,true,HARMFUL,0.48677000001771376,[41711],,,I4|BODY|NO_DIVERGENCE|HIGH,471856,945,0.0020027296463327794,499.31851851851854
d038822a1ce8fde44ec8b872808d53fe84583f2236a36e92ad5c367f59b45e6c:H_bag,d038822a1ce8fde44ec8b872808d53fe84583f2236a36e92ad5c367f59b45e6c,I4,225a3cfaf669b60abe8f53540db2c012cc6269ae552a814e67111cb8ff362294,5132632,H_bag,ACTION_CHANGED_HORIZON_COMPLETE,true,,true,true,true,HARMFUL,0.9987399999954505,[41768],,,I4|BODY|NO_DIVERGENCE|HIGH,471856,945,0.0020027296463327794,499.31851851851854
15ea83b82dd70ce7c7d9e691ce09413274dbe11c8d46e25d07bea63520db21b8:H_system,15ea83b82dd70ce7c7d9e691ce09413274dbe11c8d46e25d07bea63520db21b8,I4,cd690295b02b3fec4d5678e758d2d74197e3fbf152dbb9765159e573bf8bcfcd,5132717,H_system,ACTION_CHANGED_HORIZON_COMPLETE,true,,true,true,true,HARMFUL,2.2934187882128754e-08,[41796],[41796],[],I4|BODY|NO_DIVERGENCE|HIGH,471856,945,0.0020027296463327794,499.31851851851854
a91b36aeca20d44dec6cdad541c3f36dcf5cbc3ecbeba020d2c95ecd75306cff:H_bag,a91b36aeca20d44dec6cdad541c3f36dcf5cbc3ecbeba020d2c95ecd75306cff,I4,01d8808adb617ee138916e2354701b7030fe1e7e9e4acc7add5e84b08ba79ef1,5136518,H_bag,ACTION_CHANGED_HORIZON_COMPLETE,true,,true,true,true,HARMFUL,0.6000000000058208,[41819],,,I4|BODY|NO_DIVERGENCE|HIGH,471856,945,0.0020027296463327794,499.31851851851854
e7e79c447da9d9470deb2b9e75ae65a49426815ddc6c849604cde1ea660d5ffd:H_bag,e7e79c447da9d9470deb2b9e75ae65a49426815ddc6c849604cde1ea660d5ffd,I3,d0265e575798b1189c8bdf92cd7b32aaf6745f8abe1bd2e8baa38a8311b17eec,5138921,H_bag,ACTION_CHANGED_HORIZON_COMPLETE,true,,true,true,true,HARMFUL,4.2000000000116415,[41844],,,I3|BODY|NO_DIVERGENCE|HIGH,170143,958,0.005630557824888476,177.60229645093946
c5f82fe9a647ae1695768c067e60b66362f43fe94b5c213ef95c3db0c095bd57:H_bag,c5f82fe9a647ae1695768c067e60b66362f43fe94b5c213ef95c3db0c095bd57,I3,bb6d3753ef6dc3e892f76b63737ae422d491956dcb2fe48aa701be99ddae0678,5142648,H_bag,ACTION_CHANGED_HORIZON_COMPLETE,true,,true,true,true,HARMFUL,24.55000000000291,[38304],,,I3|BODY|NO_DIVERGENCE|HIGH,170143,958,0.005630557824888476,177.60229645093946
b860fbffce4eb926a9e143ebb46ea2d1f88fe21f4c2d971024721b3f4dfe804f:H_bag,b860fbffce4eb926a9e143ebb46ea2d1f88fe21f4c2d971024721b3f4dfe804f,I3,6d5e3443d9917d783076795d8d68903a64870abfb27352b73cd7f1fc1dbb33b6,5142751,H_bag,ACTION_CHANGED_HORIZON_COMPLETE,true,,true,true,true,HARMFUL,84.90000000000873,[41845],,,I3|BODY|NO_DIVERGENCE|HIGH,170143,958,0.005630557824888476,177.60229645093946
62aa3c6a847e477415873b9182c4915a17c35e6d864597acbdbe723efc9e3c76:H_bag,62aa3c6a847e477415873b9182c4915a17c35e6d864597acbdbe723efc9e3c76,I4,02e98af7faf479de832d81181532d015580bf3fd47512c5505a40dc6f6b00c49,5143370,H_bag,ACTION_CHANGED_HORIZON_COMPLETE,true,,true,true,true,HARMFUL,0.5687299999844981,[41847],,,I4|BODY|NO_DIVERGENCE|HIGH,471856,945,0.0020027296463327794,499.31851851851854
96c3b76fab768b058c44c1f48668743d4f1aba3976e586ad28dd5a81523d8fad:H_bag,96c3b76fab768b058c44c1f48668743d4f1aba3976e586ad28dd5a81523d8fad,I3,d90b98bb7e86b2c58ab7961a56f24f962da4e9d7a166cfddec6885022c601cd7,5143660,H_bag,ACTION_CHANGED_HORIZON_COMPLETE,true,,true,true,true,HARMFUL,24.30000000000291,[39584],,,I3|BODY|NO_DIVERGENCE|HIGH,170143,958,0.005630557824888476,177.60229645093946
ebab66ea4365f20ded3064bba3a638e8f3a82b8bafba87b4fe90e48b786c52ee:H_system,ebab66ea4365f20ded3064bba3a638e8f3a82b8bafba87b4fe90e48b786c52ee,I3,bda91623f695ebb8a83e961c8cbf982fc63a82927d7bb7ef4b34f689c1b07e7d,5143707,H_system,ACTION_CHANGED_HORIZON_COMPLETE,true,,true,true,true,HARMFUL,-7.161617313045099e-05,[39584],"[39584,39604,39757,39759,39845,39850,39998,40001,40060,40094,40156,40158,40161,40197,40202,40232,40242,40262,40271,40374,40381,40384,40393,40395,40399,40406,40462,40470,40474,40490,40582,40588,40656,40705,40714,40720,40727,40729,40772,40779,40784,40791,40800,40804,40813,40827,40838,41861,41862,41867,41870]","[39604,39757,39759,39845,39850,39998,40001,40060,40094,40156,40158,40161,40197,40202,40232,40242,40262,40271,40374,40381,40384,40393,40395,40399,40406,40462,40470,40474,40490,40582,40588,40656,40705,40714,40720,40727,40729,40772,40779,40784,40791,40800,40804,40813,40827,40838,41861,41862,41867,41870]",I3|BODY|NO_DIVERGENCE|HIGH,170143,958,0.005630557824888476,177.60229645093946
4e2b3798e0d3a507aa4d275f40602ca42489283e987d050692b299870a32ef7c:H_bag,4e2b3798e0d3a507aa4d275f40602ca42489283e987d050692b299870a32ef7c,I4,2de76e65f0515cc8aed5abb0025637ec0fc4858271fca6db970be228de381ea0,5144605,H_bag,ACTION_CHANGED_HORIZON_COMPLETE,true,,true,true,true,HARMFUL,0.6000000000058208,[39204],,,I4|BODY|NO_DIVERGENCE|HIGH,471856,945,0.0020027296463327794,499.31851851851854
dab94ef4bd951524ac2257299087861a23fbf07bee200600eb0ec9837c4a41fa:H_bag,dab94ef4bd951524ac2257299087861a23fbf07bee200600eb0ec9837c4a41fa,I4,54baf8b082fc1f8de247f7a798866df4f18f5a6209b54cb7fac7f3bef8ccba14,5145134,H_bag,ACTION_CHANGED_HORIZON_COMPLETE,true,,true,true,true,HARMFUL,1.0,[41868],,,I4|BODY|NO_DIVERGENCE|HIGH,471856,945,0.0020027296463327794,499.31851851851854
e59c81b382e79146fb69521d7ced85e841ed2fe73c6a3c5728330eb141c26fa3:H_bag,e59c81b382e79146fb69521d7ced85e841ed2fe73c6a3c5728330eb141c26fa3,I4,548f8ed6ba55d38f271da14f065fb129326ab52a2132dd567074af481d8af88e,5147869,H_bag,ACTION_CHANGED_HORIZON_COMPLETE,true,,true,true,true,NEUTRAL_WITHIN_TOLERANCE,0.0,[40462],,,I4|BODY|DIVERGENCE|HIGH,30514,61,0.0019990823884118766,500.2295081967213
1b6ce4ca0a9e3653890704f0d426317dcb6350bc17e3b8884638949903c68051:H_bag,1b6ce4ca0a9e3653890704f0d426317dcb6350bc17e3b8884638949903c68051,I3,fe09a99e5a81b3c5ca89d8beb8f3a2ae79f155c4a6e19e00dc86a04ccbbdc3eb,5149501,H_bag,ACTION_CHANGED_HORIZON_COMPLETE,true,,true,true,true,HARMFUL,8.300000000017462,[41883],,,I3|BODY|NO_DIVERGENCE|HIGH,170143,958,0.005630557824888476,177.60229645093946
7483870b8cd4d439d6ea67fb8447fa946d10392c318015d5e326b58d7b8dc093:H_bag,7483870b8cd4d439d6ea67fb8447fa946d10392c318015d5e326b58d7b8dc093,I3,6ec395b0192b712746c9cd2119640832dd9261e8bb06b30ef28177223448dd0b,5157384,H_bag,ACTION_CHANGED_HORIZON_COMPLETE,true,,true,true,true,HARMFUL,4.2000000000116415,[41963],,,I3|BODY|NO_DIVERGENCE|HIGH,170143,958,0.005630557824888476,177.60229645093946
cd56ccce488991dc1107a07342aa8903ea19135a0d19ae143b5ee16a43055b09:H_system,cd56ccce488991dc1107a07342aa8903ea19135a0d19ae143b5ee16a43055b09,I4,3c3703411399adad56c132647af5f2b0c005df14c2fe86b4edfafa9a34db8bc4,5161570,H_system,ACTION_CHANGED_HORIZON_COMPLETE,true,,true,true,true,HARMFUL,1.7200651313942217e-05,[41991],[41991],[],I4|BODY|NO_DIVERGENCE|HIGH,471856,945,0.0020027296463327794,499.31851851851854
1903a9ab70935e8e3dd5c255b8145c8b388f380da145fac0b0c745e1a6a91c9f:H_bag,1903a9ab70935e8e3dd5c255b8145c8b388f380da145fac0b0c745e1a6a91c9f,I3,bda6e34e5afa8ae0212c7f34d7b90e72073fdb66642e08522e8f3d178f186e83,5163124,H_bag,ACTION_CHANGED_HORIZON_COMPLETE,true,,true,true,true,HARMFUL,24.55000000000291,[38779],,,I3|BODY|NO_DIVERGENCE|HIGH,170143,958,0.005630557824888476,177.60229645093946
9472b899aea8a7b9355f37b859134b06ee12bca0c7c032f1f96b2807d16d53cb:H_bag,9472b899aea8a7b9355f37b859134b06ee12bca0c7c032f1f96b2807d16d53cb,I4,96207f2c85742302e5a630a25ddfdd32f8beecfb20749bf1a57d71a3fdf591fd,5163133,H_bag,ACTION_CHANGED_HORIZON_COMPLETE,true,,true,true,true,HARMFUL,1.0,[41972],,,I4|BODY|NO_DIVERGENCE|HIGH,471856,945,0.0020027296463327794,499.31851851851854
2ee743e83f84431bea78a44161baa6644c3a21f101718554268cf1b2736a3d3c:H_system,2ee743e83f84431bea78a44161baa6644c3a21f101718554268cf1b2736a3d3c,I4,0c2181cfee90baf751810bc34624d9c4a5f595ec587af676b576baa0bc1c0078,5164734,H_system,ACTION_CHANGED_HORIZON_COMPLETE,true,,true,true,true,HARMFUL,2.1541178369943736e-05,[35920],[35920],[],I4|BODY|NO_DIVERGENCE|HIGH,471856,945,0.0020027296463327794,499.31851851851854
85b546e63759457bc5a266b8ae0bca289a1b6e3ceebe5a5c456e1120a839c3bb:H_bag,85b546e63759457bc5a266b8ae0bca289a1b6e3ceebe5a5c456e1120a839c3bb,I3,84bc4f45288bfb02091eccd18df4dd4d880ced0622ed954d4857cf3cc43e8bf3,5165938,H_bag,ACTION_CHANGED_HORIZON_COMPLETE,true,,true,true,true,HARMFUL,72.90000000000873,[39802],,,I3|BODY|NO_DIVERGENCE|HIGH,170143,958,0.005630557824888476,177.60229645093946
27695924b4d57f7bda58e0580f0c951e3b6d68989e1cdd3cb3134085c69e4cbe:H_system,27695924b4d57f7bda58e0580f0c951e3b6d68989e1cdd3cb3134085c69e4cbe,I4,92012560458e779a4318d2ead58d4abb83ca184ac85d4298ff59912a525cb9f7,5166164,H_system,ACTION_CHANGED_HORIZON_COMPLETE,true,,true,true,true,HARMFUL,-0.0009643671307060231,[42006],"[40518,40522,40530,40544,40551,40555,40557,40561,40568,40572,40599,40615,40632,40696,40732,40737,40808,40810,40815,40830,40832,40836,40851,40853,40857,40861,40865,40874,40899,40973,40981,40992,40996,40998,41002,41006,42005,42006]","[40518,40522,40530,40544,40551,40555,40557,40561,40568,40572,40599,40615,40632,40696,40732,40737,40808,40810,40815,40830,40832,40836,40851,40853,40857,40861,40865,40874,40899,40973,40981,40992,40996,40998,41002,41006,42005]",I4|BODY|NO_DIVERGENCE|HIGH,471856,945,0.0020027296463327794,499.31851851851854
5b8967d46921784dcbb77be8bf82f8b1709b2906a936da591efa21bacfede12a:H_bag,5b8967d46921784dcbb77be8bf82f8b1709b2906a936da591efa21bacfede12a,I3,58071ac7a9eec79f56afcb9dac5de7a19836a10dff1cb8008aed4a173344912f,5168947,H_bag,ACTION_CHANGED_HORIZON_COMPLETE,true,,true,true,true,HARMFUL,75.60000000002037,[42010],,,I3|BODY|NO_DIVERGENCE|HIGH,170143,958,0.005630557824888476,177.60229645093946
bb1c3b66af703ce5b9ab9b65ec9fe81f079bec0f1d58ee89b536cebc1fa16df2:H_bag,bb1c3b66af703ce5b9ab9b65ec9fe81f079bec0f1d58ee89b536cebc1fa16df2,I3,6c2fc228d674d28c4b1387b7ecb6ca2873013dc1670c99bbce542ca2b17b1a86,5173698,H_bag,ACTION_CHANGED_HORIZON_COMPLETE,true,,true,true,true,HARMFUL,77.25031000000308,[42023],,,I3|BODY|NO_DIVERGENCE|HIGH,170143,958,0.005630557824888476,177.60229645093946
e9a9e692da81df222f227c3236b953b3eccadf7201fb2f4dde3bff7919da559f:H_system,e9a9e692da81df222f227c3236b953b3eccadf7201fb2f4dde3bff7919da559f,I4,1d5c920b43a7e6db9a482d5205aa79933c999ebb00f2794914feb5af02748631,5177244,H_system,ACTION_CHANGED_HORIZON_COMPLETE,true,,true,true,true,NEUTRAL_WITHIN_TOLERANCE,0.0,[42098],[42098],[],I4|BODY|NO_DIVERGENCE|HIGH,471856,945,0.0020027296463327794,499.31851851851854
c480f0e7d71b9473a334749fcf031c6de46cb232fbce9592a1346e543101ba26:H_bag,c480f0e7d71b9473a334749fcf031c6de46cb232fbce9592a1346e543101ba26,I3,bbb1312a41b7a0f7f682cf1184b6acf9dd215b13d2baa4220e1bfaae6cb502a2,5180039,H_bag,ACTION_CHANGED_HORIZON_COMPLETE,true,,true,true,true,HARMFUL,33.00000000001455,[42106],,,I3|BODY|NO_DIVERGENCE|HIGH,170143,958,0.005630557824888476,177.60229645093946
29d28e86fdf9d91df6210927ba10954841ec85d4dc6bc54a4297e6e9d5eef950:H_bag,29d28e86fdf9d91df6210927ba10954841ec85d4dc6bc54a4297e6e9d5eef950,I4,cba5650b09452763e894e2c0b79e150ba962ab98ee3b0498eeade0bf25971770,5182504,H_bag,ACTION_CHANGED_HORIZON_COMPLETE,true,,true,true,true,HARMFUL,0.5220199999748729,[42120],,,I4|BODY|NO_DIVERGENCE|HIGH,471856,945,0.0020027296463327794,499.31851851851854
bea4fd97c1219a364da74cbde0b158dbdebda915b42c91c0b2ceae652444e8ae:H_bag,bea4fd97c1219a364da74cbde0b158dbdebda915b42c91c0b2ceae652444e8ae,I4,70fb8e5b0ef774539897732fa21731198f7126a21fa65523152274a19728a89e,5182921,H_bag,ACTION_CHANGED_HORIZON_COMPLETE,true,,true,true,true,NEUTRAL_WITHIN_TOLERANCE,0.0,[42108],,,I4|BODY|NO_DIVERGENCE|HIGH,471856,945,0.0020027296463327794,499.31851851851854
3c5a63f15539541c4e6d590e201acdfae0419ced6d23af7dcb5fc81cc5b6b83e:H_bag,3c5a63f15539541c4e6d590e201acdfae0419ced6d23af7dcb5fc81cc5b6b83e,I4,9104777dd789b4f56da8d677a1ade7906a18201d64695cfb4ae106f15ca0f238,5189187,H_bag,ACTION_CHANGED_HORIZON_COMPLETE,true,,true,true,true,HARMFUL,0.39999999999417923,[37283],,,I4|BODY|NO_DIVERGENCE|HIGH,471856,945,0.0020027296463327794,499.31851851851854
ace6cd89d1f2d71f9fe470ceb15ce80ee5a986bd4996befbb60e87b06888582a:H_bag,ace6cd89d1f2d71f9fe470ceb15ce80ee5a986bd4996befbb60e87b06888582a,I3,810d2f41076759bd93f8df74c2f4afa8ee6090cd3e2dab84feb128d5ceb8fff5,5189335,H_bag,ACTION_CHANGED_HORIZON_COMPLETE,true,,true,true,true,HARMFUL,24.55000000000291,[38792],,,I3|BODY|NO_DIVERGENCE|HIGH,170143,958,0.005630557824888476,177.60229645093946
0447e45ff259b1acdeb133aa530d10897d97883971023dd27c029d91e0f773e8:H_bag,0447e45ff259b1acdeb133aa530d10897d97883971023dd27c029d91e0f773e8,I4,472d8b275c7b9411e1c869ebdd68fa3a778b399f1a39cb0ca1423ca8a7f4c63c,5196376,H_bag,ACTION_CHANGED_HORIZON_COMPLETE,true,,true,true,true,HARMFUL,1.0,[42231],,,I4|BODY|NO_DIVERGENCE|HIGH,471856,945,0.0020027296463327794,499.31851851851854
f5524bcfcc15ab573deeaf792ebeef999994b9d9688803cc7be8cc2ac7fc7e98:H_bag,f5524bcfcc15ab573deeaf792ebeef999994b9d9688803cc7be8cc2ac7fc7e98,I3,40d2b28e6ce5430a2d444fb4a4493c24b753cb3086ad41fa9bc68e157b844393,5196451,H_bag,ACTION_CHANGED_HORIZON_COMPLETE,true,,true,true,true,HARMFUL,75.60000000002037,[42223],,,I3|BODY|NO_DIVERGENCE|HIGH,170143,958,0.005630557824888476,177.60229645093946
9cb391b88df1876387e9483992355be03be6a5ab324f34ce76c377c34e62aa76:H_system,9cb391b88df1876387e9483992355be03be6a5ab324f34ce76c377c34e62aa76,I3,a4171aa88889075702e65540e52022a6ede3b73ec0d334970a9d06af95addca5,5198036,H_system,ACTION_CHANGED_HORIZON_COMPLETE,true,,true,true,true,HARMFUL,0.001733825654184784,[42241],[42241],[],I3|BODY|NO_DIVERGENCE|HIGH,170143,958,0.005630557824888476,177.60229645093946
cccf28f8391cea3405ee83b4ec8cc44ffd308f6577e04e879e35623c05370800:H_bag,cccf28f8391cea3405ee83b4ec8cc44ffd308f6577e04e879e35623c05370800,I3,41e6b794d8fc84b91c432cde04d0f7694ef99c1b56b491eead980ddeaca66129,5203094,H_bag,ACTION_CHANGED_HORIZON_COMPLETE,true,,true,true,true,HARMFUL,53.55000000000291,[40802],,,I3|BODY|NO_DIVERGENCE|HIGH,170143,958,0.005630557824888476,177.60229645093946
5e61ad4aa72f7514d2281e2a476146e6824fa7235f59a7ada12faee6906da107:H_bag,5e61ad4aa72f7514d2281e2a476146e6824fa7235f59a7ada12faee6906da107,I3,2a0d7ce6df23ab64c3cd7d91dfeb6d7c2f75a0ca8354a3826e3dc2cb5b5a97a1,5203762,H_bag,ACTION_CHANGED_HORIZON_COMPLETE,true,,true,true,true,HARMFUL,53.05000000000291,[40990],,,I3|BODY|NO_DIVERGENCE|HIGH,170143,958,0.005630557824888476,177.60229645093946
8c1c1e6ca79393157c5e51f13bc05b976c6674e7f3eb2e8384ae7324767bd44a:H_bag,8c1c1e6ca79393157c5e51f13bc05b976c6674e7f3eb2e8384ae7324767bd44a,I4,c5f8c3a95b0e9152ed1e0778053c399dd42d85b749408f6760c69770d7950f41,5204207,H_bag,ACTION_CHANGED_HORIZON_COMPLETE,true,,true,true,true,HARMFUL,0.4299800000153482,[42279],,,I4|BODY|NO_DIVERGENCE|HIGH,471856,945,0.0020027296463327794,499.31851851851854
e300c8dd60a3f3debec67d46caf8747e091d2a9b9af03734cfef0ff2128888eb:H_bag,e300c8dd60a3f3debec67d46caf8747e091d2a9b9af03734cfef0ff2128888eb,I4,86ba4bfa1dbb8781cab170eb9e46f3d48ea69ae0db12553d2c463f0baa503936,5205605,H_bag,ACTION_CHANGED_HORIZON_COMPLETE,true,,true,true,true,HARMFUL,1.0,[42285],,,I4|BODY|NO_DIVERGENCE|HIGH,471856,945,0.0020027296463327794,499.31851851851854
62f97c7d8b5fee42e2c64b0954d74a2a6ea17c2b64865f99982b5082e484683b:H_bag,62f97c7d8b5fee42e2c64b0954d74a2a6ea17c2b64865f99982b5082e484683b,I3,2e3fe72d9824201f4be7aa65815dc52a642f61df5ae2466d86d2ea15dbab5e49,5210337,H_bag,ACTION_CHANGED_HORIZON_COMPLETE,true,,true,true,true,HARMFUL,56.15000000000873,[42314],,,I3|BODY|NO_DIVERGENCE|HIGH,170143,958,0.005630557824888476,177.60229645093946
c90dbd9a6a5958efc0b2b2fc4d6d43f0c0c18bdb28ba91eff14640224c2094ee:H_bag,c90dbd9a6a5958efc0b2b2fc4d6d43f0c0c18bdb28ba91eff14640224c2094ee,I4,3b065d914d956496a470fb54e255706b9a92da6c38b7cd22b41247e4946c2c68,5212387,H_bag,ACTION_CHANGED_HORIZON_COMPLETE,true,,true,true,true,HARMFUL,0.6000000000058208,[42380],,,I4|BODY|NO_DIVERGENCE|HIGH,471856,945,0.0020027296463327794,499.31851851851854
a398bd1f1a27ea4ef495caf9b36da242607c220d10b7e7e01334491a38ca7ac7:H_bag,a398bd1f1a27ea4ef495caf9b36da242607c220d10b7e7e01334491a38ca7ac7,I4,2577ef96a8c9bb4dc26d547e97a5f88963ace7ea849f9cf97067cf621c84a233,5219436,H_bag,ACTION_CHANGED_HORIZON_COMPLETE,true,,true,true,true,HARMFUL,0.0010000000038417056,[42469],,,I4|BODY|NO_DIVERGENCE|HIGH,471856,945,0.0020027296463327794,499.31851851851854
6eb5c071772c9b8db17ac67b71d844629f265fe14d2d72c4723585e982fe1d2d:H_bag,6eb5c071772c9b8db17ac67b71d844629f265fe14d2d72c4723585e982fe1d2d,I4,7a0fe1d4c8ae086942b64a4c38ee0a965ac50a5d98bcb0ac49f28b381a946351,5220342,H_bag,ACTION_CHANGED_HORIZON_COMPLETE,true,,true,true,true,HARMFUL,1.0,[42438],,,I4|BODY|NO_DIVERGENCE|HIGH,471856,945,0.0020027296463327794,499.31851851851854
d3ee0caf4ac86d60dd99de489ba7f55fbe668eddee84b63bd43ef62c139b5a79:H_bag,d3ee0caf4ac86d60dd99de489ba7f55fbe668eddee84b63bd43ef62c139b5a79,I4,bc5b4fb7e369b11e0ee09188e50420f6a9b7f75a62df6827af41ad4c0f022531,5223229,H_bag,ACTION_CHANGED_HORIZON_COMPLETE,true,,true,true,true,HARMFUL,1.0,[42468],,,I4|BODY|NO_DIVERGENCE|HIGH,471856,945,0.0020027296463327794,499.31851851851854
44db5b3c329b2dfaa97e8b7a845b519c6bb31bb5b61f6b7e722ab4754de00d08:H_system,44db5b3c329b2dfaa97e8b7a845b519c6bb31bb5b61f6b7e722ab4754de00d08,I3,f11838933f38e957b4fe281944f30ceb92eed270b72c3bbafa9fe49a11f27c61,5223505,H_system,ACTION_CHANGED_HORIZON_COMPLETE,true,,true,true,true,HARMFUL,0.00018658578542840587,[40391],"[40391,40608,40692,40766,40788,40795,40806,40818,40822,40825,40841,40932,41023,41025,41033,41035,41200,41314,41316,41332,41338,41340,41345,42481,42482]","[40608,40692,40766,40788,40795,40806,40818,40822,40825,40841,40932,41023,41025,41033,41035,41200,41314,41316,41332,41338,41340,41345,42481,42482]",I3|BODY|NO_DIVERGENCE|HIGH,170143,958,0.005630557824888476,177.60229645093946
59bc7a0885b48c337cdf50d42e2c6f7437eb82331c98a00914233d7a12f7916d:H_bag,59bc7a0885b48c337cdf50d42e2c6f7437eb82331c98a00914233d7a12f7916d,I3,469ba2abf5bd192651bad3fc9b63ed172e2567be0936188d0ed481f05dc0ea29,5226893,H_bag,ACTION_CHANGED_HORIZON_COMPLETE,true,,true,true,true,HARMFUL,33.00000000001455,[42490],,,I3|BODY|NO_DIVERGENCE|HIGH,170143,958,0.005630557824888476,177.60229645093946
629ceee21b5d8df3039aa1d4075ea53b9952b49a85d0dfe35856765c33a63169:H_bag,629ceee21b5d8df3039aa1d4075ea53b9952b49a85d0dfe35856765c33a63169,I4,d423372f02bd86e18643f732c0a6ec0998e979b863f5d9e489c0edf5b2f94b1f,5233069,H_bag,ACTION_CHANGED_HORIZON_COMPLETE,true,,true,true,true,HARMFUL,0.0010000000038417056,[42532],,,I4|BODY|NO_DIVERGENCE|HIGH,471856,945,0.0020027296463327794,499.31851851851854
0de3efdd5b001aee583bfb2d4b29e8ec02fb57996351f768f9335a73bc51f384:H_bag,0de3efdd5b001aee583bfb2d4b29e8ec02fb57996351f768f9335a73bc51f384,I4,073fcbc8d5ab7d6d5dc9c0ad186f0e5dc9528b3591104b94b29d1f0c19e16044,5239933,H_bag,ACTION_CHANGED_HORIZON_COMPLETE,true,,true,true,true,HARMFUL,0.75,[42576],,,I4|BODY|NO_DIVERGENCE|HIGH,471856,945,0.0020027296463327794,499.31851851851854
dad1985327cfda7cd55153e626b1693cebb2f03ea7bdd26473f0d1bf64af308d:H_bag,dad1985327cfda7cd55153e626b1693cebb2f03ea7bdd26473f0d1bf64af308d,I4,9264373013f46806edabfa16fcb4835f25016c227981a094c24c04d2ab7a804e,5242328,H_bag,ACTION_CHANGED_HORIZON_COMPLETE,true,,true,true,true,HARMFUL,1.0,[42580],,,I4|BODY|NO_DIVERGENCE|HIGH,471856,945,0.0020027296463327794,499.31851851851854
0c8ce056d39292aa6c911525975e0435370e7084daa7f237dc52d327c1706986:H_system,0c8ce056d39292aa6c911525975e0435370e7084daa7f237dc52d327c1706986,I3,936884fa6d11be4d86a34857512e77f51eec5315f07cdfb0f12106644df2d1b3,5246958,H_system,ACTION_CHANGED_HORIZON_COMPLETE,true,,true,true,true,HARMFUL,0.0017395592046227648,[42609],[42609],[],I3|BODY|NO_DIVERGENCE|HIGH,170143,958,0.005630557824888476,177.60229645093946
0eb1d19606f1b64a0a7419640f9f9c00be6bb5a56943031853894fe6eda20769:H_bag,0eb1d19606f1b64a0a7419640f9f9c00be6bb5a56943031853894fe6eda20769,I4,934ae646e3ffb7b4f80b38760a9e2c1a219c3a733ee2a8a37a4e1df54530db94,5251201,H_bag,ACTION_CHANGED_HORIZON_COMPLETE,true,,true,true,true,HARMFUL,0.4078999999910593,[42658],,,I4|BODY|NO_DIVERGENCE|HIGH,471856,945,0.0020027296463327794,499.31851851851854
b0d2dfd00095356636d76c409d57573cb8fd15c910924b074ea01becc322c3cd:H_bag,b0d2dfd00095356636d76c409d57573cb8fd15c910924b074ea01becc322c3cd,I3,02f599a524803bb775c515da940fa366e58e58aebfefd3c0eb15f15cb8588bc6,5269533,H_bag,ACTION_CHANGED_HORIZON_COMPLETE,true,,true,true,true,HARMFUL,14.250000000014552,[42798],,,I3|BODY|NO_DIVERGENCE|HIGH,170143,958,0.005630557824888476,177.60229645093946
27a9c014eb4c2101c658cea23b3931f356d23c82db39fdcf4c2e6443c1ff62dc:H_bag,27a9c014eb4c2101c658cea23b3931f356d23c82db39fdcf4c2e6443c1ff62dc,I4,cf234f10ccee66cc130cedcbba8fd6ccabd589db396793c89dbb3640efaddabc,5272411,H_bag,ACTION_CHANGED_HORIZON_COMPLETE,true,,true,true,true,HARMFUL,0.619940000018687,[41707],,,I4|BODY|NO_DIVERGENCE|HIGH,471856,945,0.0020027296463327794,499.31851851851854
0309517ddb27ad4db089883db5a23f64e9d57aba1f457094acdaeb895a97d38f:H_bag,0309517ddb27ad4db089883db5a23f64e9d57aba1f457094acdaeb895a97d38f,I4,764f05fb7c52443c577de8d1aea1784188d9d1cd3049262e1f46591e62e70022,5272646,H_bag,ACTION_CHANGED_HORIZON_COMPLETE,true,,true,true,true,HARMFUL,1.0,[42814],,,I4|BODY|NO_DIVERGENCE|HIGH,471856,945,0.0020027296463327794,499.31851851851854
f2a4e9897cf3295f57b24c08c62c5ff069020f3ffebad9c71d780f5c1014f647:H_bag,f2a4e9897cf3295f57b24c08c62c5ff069020f3ffebad9c71d780f5c1014f647,I4,3a6cbaf808c15c8356a7531aea7c64637027fa08d1f5921e7fb9b8991aaa6107,5281049,H_bag,ACTION_CHANGED_HORIZON_COMPLETE,true,,true,true,true,HARMFUL,1.0,[42896],,,I4|BODY|DIVERGENCE|HIGH,30514,61,0.0019990823884118766,500.2295081967213
3e2a8deddb463b59f10c76982c79f2d72b64c944bc199037a8db1e48435e15e3:H_bag,3e2a8deddb463b59f10c76982c79f2d72b64c944bc199037a8db1e48435e15e3,I4,76b67a78ff98db1a5b6e430b241486cb020f9c602fd8df7ddc651fcaef9230ff,5282090,H_bag,ACTION_CHANGED_HORIZON_COMPLETE,true,,true,true,true,HARMFUL,1.0,[42883],,,I4|BODY|NO_DIVERGENCE|HIGH,471856,945,0.0020027296463327794,499.31851851851854
a53e0e71f5d3b723d0f388b88eb18c4c26d1ed3cb9d7f6bf94bcf4ef5f3de0ad:H_bag,a53e0e71f5d3b723d0f388b88eb18c4c26d1ed3cb9d7f6bf94bcf4ef5f3de0ad,I4,36f8fa1b1fa8c9e3e7295eba40d3ee9a68020b79903c23457122d3f46e1a93b4,5285470,H_bag,ACTION_CHANGED_HORIZON_COMPLETE,true,,true,true,true,HARMFUL,1.0,[42917],,,I4|BODY|NO_DIVERGENCE|HIGH,471856,945,0.0020027296463327794,499.31851851851854
43598e87d7a6c18f2791236b043ca6b0f0289e8660a0b6f6c23f9f914658d19e:H_system,43598e87d7a6c18f2791236b043ca6b0f0289e8660a0b6f6c23f9f914658d19e,I4,54e3e5b6c1b745d3eeb4b071e9a21aa40c05149464bffed2009b3bbb5b5763fb,5286119,H_system,ACTION_CHANGED_HORIZON_COMPLETE,true,,true,true,true,HARMFUL,2.2934201780344665e-05,[42914],[42914],[],I4|BODY|NO_DIVERGENCE|HIGH,471856,945,0.0020027296463327794,499.31851851851854
e9053c87393484151ab914a9268c3a3f810e643e10e69ba3397b31405e00ec8d:H_bag,e9053c87393484151ab914a9268c3a3f810e643e10e69ba3397b31405e00ec8d,I4,8c71f1735e2c57b4242eba8f99202b84383bbf2cd5ba03b72b85135f4594efe9,5288434,H_bag,ACTION_CHANGED_HORIZON_COMPLETE,true,,true,true,true,HARMFUL,1.0,[42936],,,I4|BODY|NO_DIVERGENCE|HIGH,471856,945,0.0020027296463327794,499.31851851851854
0dba18a491d6907d8f5ccf4d402ab50dca9e5dea74251ef14878725ee405b5aa:H_bag,0dba18a491d6907d8f5ccf4d402ab50dca9e5dea74251ef14878725ee405b5aa,I4,02cd7771e5db12517dce8dbdd87ac6fd614824658f55809377c5a5fca62b617e,5289455,H_bag,ACTION_CHANGED_HORIZON_COMPLETE,true,,true,true,true,HARMFUL,1.0,[42960],,,I4|BODY|NO_DIVERGENCE|HIGH,471856,945,0.0020027296463327794,499.31851851851854
afc48f3dd43ad5d8589809f4fce8c972c105d14d57eaad6faaeae1168466b3ba:H_bag,afc48f3dd43ad5d8589809f4fce8c972c105d14d57eaad6faaeae1168466b3ba,I3,e68f7911c86fb236fc5408aee2179f97ee0826a5897abef2f0053ed5576be7c5,5297161,H_bag,ACTION_CHANGED_HORIZON_COMPLETE,true,,true,true,true,HARMFUL,76.60000000002037,[41357],,,I3|BODY|NO_DIVERGENCE|HIGH,170143,958,0.005630557824888476,177.60229645093946
1406996fd688b523239cdd480f7e8b8c80af9a6171b915f99fba772ad93f8d4d:H_bag,1406996fd688b523239cdd480f7e8b8c80af9a6171b915f99fba772ad93f8d4d,I3,fac091041f8e1ca4a4b9b0d8568d7683f462ba6a98214faf533c65f00ffd07ee,5307264,H_bag,ACTION_CHANGED_HORIZON_COMPLETE,true,,true,true,true,NEUTRAL_WITHIN_TOLERANCE,0.0,[38145],,,I3|BODY|NO_DIVERGENCE|HIGH,170143,958,0.005630557824888476,177.60229645093946
299d606c2036b571c79875edfe998817050de878e202e8c4bde316dd22960e31:H_bag,299d606c2036b571c79875edfe998817050de878e202e8c4bde316dd22960e31,I4,c33f5a7d026df158204bf0e1d6ec25df5f9dc12a65524f45aa1efaef6d0d78b0,5307744,H_bag,ACTION_CHANGED_HORIZON_COMPLETE,true,,true,true,true,HARMFUL,1.0,[37007],,,I4|TAIL|NO_DIVERGENCE|HIGH,13582,67,0.004932999558238846,202.71641791044775
df6aa4d82c01091f1e22cd7a8741a4bcd94c883d6f322ba1f21bd7e11d6a1661:H_bag,df6aa4d82c01091f1e22cd7a8741a4bcd94c883d6f322ba1f21bd7e11d6a1661,I3,a5072d4f8727319cb52b5b396b9ecb5b7df1f2173a98b0c3e2b3897171c2fa93,5308081,H_bag,ACTION_CHANGED_HORIZON_COMPLETE,true,,true,true,true,NEUTRAL_WITHIN_TOLERANCE,0.0,[40146],,,I3|BODY|NO_DIVERGENCE|HIGH,170143,958,0.005630557824888476,177.60229645093946
65f956d0306171002b7fc30d9c0cb63327c343334e47e0c9e41a3bbd8ae77771:H_bag,65f956d0306171002b7fc30d9c0cb63327c343334e47e0c9e41a3bbd8ae77771,I4,1881c0691479caa56e61317f50c28294e63e960566003545aa9eb6321f3472df,5308521,H_bag,ACTION_CHANGED_HORIZON_COMPLETE,true,,true,true,true,HARMFUL,0.0010000000038417056,[40152],,,I4|BODY|NO_DIVERGENCE|HIGH,471856,945,0.0020027296463327794,499.31851851851854
941a4b03755d886b4e9f6b892dfb8fa5cb7ff61dbeab963b542cb7f9c3d87ffe:H_bag,941a4b03755d886b4e9f6b892dfb8fa5cb7ff61dbeab963b542cb7f9c3d87ffe,I4,5945553cf6229b436b695054adfff2cb18f05972ce52dfad8638d6e7dbfaa95c,5310073,H_bag,ACTION_CHANGED_HORIZON_COMPLETE,true,,true,true,true,HARMFUL,0.0010000000038417056,[41133],,,I4|BODY|NO_DIVERGENCE|HIGH,471856,945,0.0020027296463327794,499.31851851851854
c09f45b26fc2284ae521a98d7827fc1677a581af10948efb40a381ecfe076926:H_bag,c09f45b26fc2284ae521a98d7827fc1677a581af10948efb40a381ecfe076926,I3,d95985a7577fcd7357d107d440eccc5be05d4565473906dad94bdbdd845121e0,5311591,H_bag,ACTION_CHANGED_HORIZON_COMPLETE,true,,true,true,true,NEUTRAL_WITHIN_TOLERANCE,0.0,[41438],,,I3|BODY|NO_DIVERGENCE|HIGH,170143,958,0.005630557824888476,177.60229645093946
d5708d8bb3f14d7864300691a5b4a6b593ee3deff9a7f42448e0fa8fd971c646:H_bag,d5708d8bb3f14d7864300691a5b4a6b593ee3deff9a7f42448e0fa8fd971c646,I3,d0e83cf894ee2827ffd335c30b54ed68508c47ec80c2b69e5a67023518077166,5313955,H_bag,ACTION_CHANGED_HORIZON_COMPLETE,true,,true,true,true,HARMFUL,0.25,[41739],,,I3|BODY|NO_DIVERGENCE|HIGH,170143,958,0.005630557824888476,177.60229645093946
28ef8e43de607e5cc87fcd095dbd24545dd0e79bc87ca5533645f36e03205971:H_bag,28ef8e43de607e5cc87fcd095dbd24545dd0e79bc87ca5533645f36e03205971,I4,3e73d48f897ba5513a86c95c72b477b44960dbff515e214f01c380baf3f61bf8,5319934,H_bag,ACTION_CHANGED_HORIZON_COMPLETE,true,,true,true,true,HARMFUL,1.0,[43077],,,I4|BODY|NO_DIVERGENCE|HIGH,471856,945,0.0020027296463327794,499.31851851851854
eedd60baf8b4e36c886367191704adb5257db4623a38002cfec89a7b774ccb50:H_system,eedd60baf8b4e36c886367191704adb5257db4623a38002cfec89a7b774ccb50,I3,f90e84dbb8138b7c70abc16cdc3ef506a260c9eb01bd467050fdd344e8dc21de,5322460,H_system,ACTION_CHANGED_HORIZON_COMPLETE,true,,true,true,true,BENEFICIAL,-5.389537417954671e-05,[43136],[43136],[],I3|BODY|NO_DIVERGENCE|HIGH,170143,958,0.005630557824888476,177.60229645093946
6ff10f821f228ea5bf994858021875c537dc244180f0ba1fa2dfc9d25cfad1f1:H_bag,6ff10f821f228ea5bf994858021875c537dc244180f0ba1fa2dfc9d25cfad1f1,I3,27893a79ba7133494b01200f1a968aae6f86a23cbc1cf2a90a5af78679ee471d,5324682,H_bag,ACTION_CHANGED_HORIZON_COMPLETE,true,,true,true,true,HARMFUL,24.34999999999127,[43146],,,I3|BODY|NO_DIVERGENCE|HIGH,170143,958,0.005630557824888476,177.60229645093946
959ac7034673f6275b1401ca57696a31fd462870fbe798d7b4852c6f200352cb:H_bag,959ac7034673f6275b1401ca57696a31fd462870fbe798d7b4852c6f200352cb,I4,b307e57a1be4fc53e0b393b6e2185bf9c51b3f5f87ced3c3086ca51800402b10,5327316,H_bag,ACTION_CHANGED_HORIZON_COMPLETE,true,,true,true,true,HARMFUL,1.0,[43121],,,I4|BODY|DIVERGENCE|HIGH,30514,61,0.0019990823884118766,500.2295081967213
52a249525a60398077fafa1b00b810a994882372bf73313e8a6b220e2e8929ae:H_bag,52a249525a60398077fafa1b00b810a994882372bf73313e8a6b220e2e8929ae,I3,ccd161c76289487847cdd9619ee11dd96ae6461c0cc68bd929834284ff8cd955,5332112,H_bag,ACTION_CHANGED_HORIZON_COMPLETE,true,,true,true,true,HARMFUL,24.80000000000291,[40185],,,I3|BODY|NO_DIVERGENCE|HIGH,170143,958,0.005630557824888476,177.60229645093946
92aeae43755ec8fdacdc4bc3a5dfb58584d449f66a207aec7b0fd062e5ba6cf9:H_bag,92aeae43755ec8fdacdc4bc3a5dfb58584d449f66a207aec7b0fd062e5ba6cf9,I4,0a2ab95d30b4b6a5944d10ad5926fe44bfe146e2dc6c95df1cce03f7e1fbeb4d,5336584,H_bag,ACTION_CHANGED_HORIZON_COMPLETE,true,,true,true,true,HARMFUL,0.5500000000029104,[41387],,,I4|BODY|NO_DIVERGENCE|HIGH,471856,945,0.0020027296463327794,499.31851851851854
bcaea83291f7e378194e4eb81515018eea675845f49f14cbc363da530fe313f5:H_bag,bcaea83291f7e378194e4eb81515018eea675845f49f14cbc363da530fe313f5,I3,3ec5636ce9eb19e4094201a1ab9f211e136c8cd144f75d957b56ca9726bb0ec2,5338549,H_bag,ACTION_CHANGED_HORIZON_COMPLETE,true,,true,true,true,HARMFUL,24.30000000000291,[41873],,,I3|BODY|NO_DIVERGENCE|HIGH,170143,958,0.005630557824888476,177.60229645093946
d14a2c8f02182c4068d6605955d78f66894503347eae99c9a66be4ddca8292b8:H_bag,d14a2c8f02182c4068d6605955d78f66894503347eae99c9a66be4ddca8292b8,I4,2fc09fd4b9b1c1690a669a0e5264fa0f31577ee98a0de08425cd25e4811300b3,5339537,H_bag,ACTION_CHANGED_HORIZON_COMPLETE,true,,true,true,true,HARMFUL,0.5380500000028405,[43191],,,I4|BODY|NO_DIVERGENCE|HIGH,471856,945,0.0020027296463327794,499.31851851851854
980ca9e821bffa58f6619ceed2349aed56db8667fa68779f8ad667704fe88964:H_bag,980ca9e821bffa58f6619ceed2349aed56db8667fa68779f8ad667704fe88964,I3,be7c9d5dd4ef29b974924378627cb335ad59308a79d82fc01de1733c2928e0ea,5340409,H_bag,ACTION_CHANGED_HORIZON_COMPLETE,true,,true,true,true,HARMFUL,52.90000000000873,[42027],,,I3|BODY|NO_DIVERGENCE|HIGH,170143,958,0.005630557824888476,177.60229645093946
2138a3f0748a360d403cce3b4aab0ce6ff4be1b60e08e4efc32b2f29b3913f33:H_bag,2138a3f0748a360d403cce3b4aab0ce6ff4be1b60e08e4efc32b2f29b3913f33,I4,f92e778ae2b0f15272f34680979d8ef480bbe43db56df497527af8e737738363,5340794,H_bag,ACTION_CHANGED_HORIZON_COMPLETE,true,,true,true,true,HARMFUL,0.6000000000058208,[42175],,,I4|BODY|NO_DIVERGENCE|HIGH,471856,945,0.0020027296463327794,499.31851851851854
315d073423feb51c630154208c5b899f839e601570f9ef5cc5f6d91ae164aa80:H_bag,315d073423feb51c630154208c5b899f839e601570f9ef5cc5f6d91ae164aa80,I3,769b230fad38846be7b655ee0fa1d69b5fc02538f092e4507a7d7e2da8015609,5340910,H_bag,ACTION_CHANGED_HORIZON_COMPLETE,true,,true,true,true,HARMFUL,22.80000000000291,[42238],,,I3|BODY|NO_DIVERGENCE|HIGH,170143,958,0.005630557824888476,177.60229645093946
b359af7e6c61e9cd2677b2afdf1a4b47223c7f1a5a66726377d2e7868a6ce6e0:H_bag,b359af7e6c61e9cd2677b2afdf1a4b47223c7f1a5a66726377d2e7868a6ce6e0,I4,2ecad86499e9934e71de1ee1e6408a4fa7fdcb588603feb1e161a1e9cc5904ad,5344068,H_bag,ACTION_CHANGED_HORIZON_COMPLETE,true,,true,true,true,HARMFUL,1.0,[43208],,,I4|BODY|NO_DIVERGENCE|LOW,3155,7,0.0022187004754358162,450.7142857142857
cd67f3cf8d05fcc3ad5096b155e4bfd4e770692fa72622248fa8da0c395c4e17:H_bag,cd67f3cf8d05fcc3ad5096b155e4bfd4e770692fa72622248fa8da0c395c4e17,I3,559ba34a04154f8539750771a24b71fb27693d4b68dcd6eb7f7ebb5fad0758fe,5348358,H_bag,ACTION_CHANGED_HORIZON_COMPLETE,true,,true,true,true,HARMFUL,24.55000000000291,[40880],,,I3|BODY|NO_DIVERGENCE|HIGH,170143,958,0.005630557824888476,177.60229645093946
e8bb5972d4ce4d0687834bd824749106fc9a0b716caa9269ab227bfb8fa3a0c7:H_bag,e8bb5972d4ce4d0687834bd824749106fc9a0b716caa9269ab227bfb8fa3a0c7,I4,2ffc7fae9a592864889de88dfbb7a4bf39c33a33a18d5258708dafe464c49de8,5349491,H_bag,ACTION_CHANGED_HORIZON_COMPLETE,true,,true,true,true,HARMFUL,0.0010000000038417056,[41296],,,I4|BODY|NO_DIVERGENCE|HIGH,471856,945,0.0020027296463327794,499.31851851851854
d642700755b074b3db091a8032eb60b8a79d9ade0c05ceede974db0ebcba71bb:H_bag,d642700755b074b3db091a8032eb60b8a79d9ade0c05ceede974db0ebcba71bb,I4,96861262bc53a04b78b708a8e1aac6563757df8d780f054f528f0d1e015e896d,5351198,H_bag,ACTION_CHANGED_HORIZON_COMPLETE,true,,true,true,true,HARMFUL,0.6000000000058208,[41419],,,I4|BODY|NO_DIVERGENCE|HIGH,471856,945,0.0020027296463327794,499.31851851851854
6ed84352e73371b0f3601857ee682025c2487e298f65f9fb5c6740efe43c8e77:H_bag,6ed84352e73371b0f3601857ee682025c2487e298f65f9fb5c6740efe43c8e77,I4,979ee4a1843c46bf5f1454579fb04e107cc5b97aab0314a88e8fe3557f327c43,5357676,H_bag,ACTION_CHANGED_HORIZON_COMPLETE,true,,true,true,true,HARMFUL,0.8000000000029104,[42020],,,I4|BODY|NO_DIVERGENCE|HIGH,471856,945,0.0020027296463327794,499.31851851851854
9ecf222cd9223141f287e952ae620bb57f6cc5d7992426e9485f630899b7eb73:H_bag,9ecf222cd9223141f287e952ae620bb57f6cc5d7992426e9485f630899b7eb73,I4,fef0d8736fbeb71199237ccebc6774e82ea21118207b6faa7e2a8973dca210d7,5365524,H_bag,ACTION_CHANGED_HORIZON_COMPLETE,true,,true,true,true,NEUTRAL_WITHIN_TOLERANCE,0.0,[43229],,,I4|BODY|NO_DIVERGENCE|HIGH,471856,945,0.0020027296463327794,499.31851851851854
cd09f42953299cbb327eb879c09887d967dad4d97beb66d56ec43715c6d83b9f:H_bag,cd09f42953299cbb327eb879c09887d967dad4d97beb66d56ec43715c6d83b9f,I4,b949053be13fe32e3065596eece57c20958d92043d502b056f025127bc68b79c,5367242,H_bag,ACTION_CHANGED_HORIZON_COMPLETE,true,,true,true,true,HARMFUL,1.0,[42432],,,I4|BODY|NO_DIVERGENCE|HIGH,471856,945,0.0020027296463327794,499.31851851851854
24a7832e7e4c087760d3596f0a66338193d45bfa8cc27a23d3aef971de5cc11b:H_bag,24a7832e7e4c087760d3596f0a66338193d45bfa8cc27a23d3aef971de5cc11b,I3,412e0874646b4b9aa19d6b6436c272c10ea4f84ab9759b6e6ae35b835e3a8111,5369310,H_bag,ACTION_CHANGED_HORIZON_COMPLETE,true,,true,true,true,HARMFUL,75.60000000002037,[43276],,,I3|BODY|NO_DIVERGENCE|LOW,1012,6,0.005928853754940711,168.66666666666669
973f30274266237e1c83566af0880bc245ddd91d5da42cae936804249f205f33:H_bag,973f30274266237e1c83566af0880bc245ddd91d5da42cae936804249f205f33,I3,52a8431f1cf5d32280708cac773b6b1f4b46ad9e745a7282a9f9f07ffbd38fe2,5371760,H_bag,ACTION_CHANGED_HORIZON_COMPLETE,true,,true,true,true,HARMFUL,76.60000000000582,[41149],,,I3|BODY|NO_DIVERGENCE|HIGH,170143,958,0.005630557824888476,177.60229645093946
70c1f61e5011a2dbf881f917d63d5c3bcd6e8533e8c90b7be4a8ccfd048347e2:H_bag,70c1f61e5011a2dbf881f917d63d5c3bcd6e8533e8c90b7be4a8ccfd048347e2,I3,b8ad3432d8cbcb683c1750b1462c157290e5ee7a5b0c9742c6ba79bb8e3ace93,5373191,H_bag,ACTION_CHANGED_HORIZON_COMPLETE,true,,true,true,true,HARMFUL,0.25,[41962],,,I3|BODY|NO_DIVERGENCE|HIGH,170143,958,0.005630557824888476,177.60229645093946
b2cee280f0c6511de4dc3897629605a2c9ddb2de6ad0417f4cc4ff2ccbbcc2a2:H_bag,b2cee280f0c6511de4dc3897629605a2c9ddb2de6ad0417f4cc4ff2ccbbcc2a2,I4,5f0a6d0696e02fdbc0f51e02f6ef144e60e7e076658fb062421e411855d1fe92,5373852,H_bag,ACTION_CHANGED_HORIZON_COMPLETE,true,,true,true,true,HARMFUL,0.6000000000058208,[41937],,,I4|BODY|NO_DIVERGENCE|HIGH,471856,945,0.0020027296463327794,499.31851851851854
cadd88ffd2e45b888d2b89e0af101497ecda408644f6a7decf17d57e1d24415a:H_bag,cadd88ffd2e45b888d2b89e0af101497ecda408644f6a7decf17d57e1d24415a,I3,2a29a6835718dadb388899c06edd13783fc40281252f33240e973328a2c3197e,5376068,H_bag,ACTION_CHANGED_HORIZON_COMPLETE,true,,true,true,true,HARMFUL,25.40000000000873,[42421],,,I3|BODY|NO_DIVERGENCE|HIGH,170143,958,0.005630557824888476,177.60229645093946
0502ea6be6e71ddf38077b054b3235cf79d519df3a2117b9dcd33fc579abc2a0:H_bag,0502ea6be6e71ddf38077b054b3235cf79d519df3a2117b9dcd33fc579abc2a0,I3,09301f87289449831041088383fc925ecd190e80ec5593c9996ee69432006c66,5379861,H_bag,ACTION_CHANGED_HORIZON_COMPLETE,true,,true,true,true,HARMFUL,5.9500000000116415,[43341],,,I3|BODY|NO_DIVERGENCE|HIGH,170143,958,0.005630557824888476,177.60229645093946
ca3ddfd472517540d3dd1cfdfb4aefe83a5f75d7357d9702915df41036f3faac:H_bag,ca3ddfd472517540d3dd1cfdfb4aefe83a5f75d7357d9702915df41036f3faac,I4,596cb6a2f854a03b00e1d88d33d795dd8e8dad4bc780d9d28785a0df502ea0fa,5381823,H_bag,ACTION_CHANGED_HORIZON_COMPLETE,true,,true,true,true,HARMFUL,0.6368900000088615,[43337],,,I4|BODY|NO_DIVERGENCE|HIGH,471856,945,0.0020027296463327794,499.31851851851854
0b097c6f119ff48b6874e9e43faaabf547d2916f844f426631f698d7ec09f139:H_bag,0b097c6f119ff48b6874e9e43faaabf547d2916f844f426631f698d7ec09f139,I4,ff903ad660aa3a62b10fd7c32708bb1c343e07c293a0ccdeacb37bd136e24777,5384598,H_bag,ACTION_CHANGED_HORIZON_COMPLETE,true,,true,true,true,HARMFUL,1.0,[43339],,,I4|BODY|NO_DIVERGENCE|HIGH,471856,945,0.0020027296463327794,499.31851851851854
cee91793d64713b00fb14ee716a8314d8a74eb7f8b1f3f3fa3ee782cd5595758:H_bag,cee91793d64713b00fb14ee716a8314d8a74eb7f8b1f3f3fa3ee782cd5595758,I3,38fb2ca38e90d6caa2ce0eec1eaa5cdb4d939e9cecc9f12ece3bb695c53bb066,5389121,H_bag,ACTION_CHANGED_HORIZON_COMPLETE,true,,true,true,true,HARMFUL,10.550000000017462,[43406],,,I3|BODY|NO_DIVERGENCE|HIGH,170143,958,0.005630557824888476,177.60229645093946
e1ae28e7f102dc8490fb183faa0b335d1d16780da47f673997442a514f5f022a:H_bag,e1ae28e7f102dc8490fb183faa0b335d1d16780da47f673997442a514f5f022a,I3,3fbfad18f6e98b25771424f35e6c09e989953d0d69a333002b6453d76b54c54a,5390347,H_bag,ACTION_CHANGED_HORIZON_COMPLETE,true,,true,true,true,HARMFUL,55.400000000037835,[43428],,,I3|BODY|NO_DIVERGENCE|HIGH,170143,958,0.005630557824888476,177.60229645093946
502a0b59187a6d51f4f264c2d83ecac770268f71ed2ca6d1ffdc9c762329d256:H_bag,502a0b59187a6d51f4f264c2d83ecac770268f71ed2ca6d1ffdc9c762329d256,I3,6ee7919a5a4797762a11102a5effc5382e107092d1a2323d3689e4a74066fa7a,5394578,H_bag,ACTION_CHANGED_HORIZON_COMPLETE,true,,true,true,true,HARMFUL,77.65000000000873,[43441],,,I3|BODY|NO_DIVERGENCE|HIGH,170143,958,0.005630557824888476,177.60229645093946
a01a0f2a604a6eb49441f5d13c3d82a62d1fbd5759780fb6f54bde2caad9e689:H_bag,a01a0f2a604a6eb49441f5d13c3d82a62d1fbd5759780fb6f54bde2caad9e689,I3,82f627dafb101e6b939392573e3b947ff8e4b17bb5a26ebfb8bbb9e2a8ed151b,5396397,H_bag,ACTION_CHANGED_HORIZON_COMPLETE,true,,true,true,true,HARMFUL,51.40000000000873,[41040],,,I3|BODY|NO_DIVERGENCE|HIGH,170143,958,0.005630557824888476,177.60229645093946
6903f78dca5d62a957a1c662fbc67663058e0dfecb280a07bf29a8f795249c67:H_bag,6903f78dca5d62a957a1c662fbc67663058e0dfecb280a07bf29a8f795249c67,I3,92ed14199938a5fb80bd6b2140e7eb6e3a81530036fea26eb3d13cb3501062e0,5398784,H_bag,ACTION_CHANGED_HORIZON_COMPLETE,true,,true,true,true,HARMFUL,77.60000000002037,[42607],,,I3|BODY|NO_DIVERGENCE|HIGH,170143,958,0.005630557824888476,177.60229645093946
f06624a1046bdd71c2ff890e4cfd7bb3c6b33ff747d04c61d4ec9226fbf2a4ea:H_bag,f06624a1046bdd71c2ff890e4cfd7bb3c6b33ff747d04c61d4ec9226fbf2a4ea,I4,a0cec10b88473248df8f943ff3d6cfe1e87a6cbf663c1ab700525a96e55fe6d4,5402186,H_bag,ACTION_CHANGED_HORIZON_COMPLETE,true,,true,true,true,HARMFUL,0.0010000000038417056,[41373],,,I4|BODY|NO_DIVERGENCE|HIGH,471856,945,0.0020027296463327794,499.31851851851854
3f934838ad28d27347b07fa6ed08c858fbf6b1b440083836a8121f040e22a2f3:H_bag,3f934838ad28d27347b07fa6ed08c858fbf6b1b440083836a8121f040e22a2f3,I3,c9b4de7aca11ca2454a9d6b4f2f2eca9d54fcd71ac84599b2ae7d95f563c4c13,5405147,H_bag,ACTION_CHANGED_HORIZON_COMPLETE,true,,true,true,true,HARMFUL,3.2000000000116415,[43487],,,I3|BODY|NO_DIVERGENCE|HIGH,170143,958,0.005630557824888476,177.60229645093946
36eda75d5d9f22361adc8ebd67b7fec53ccf939c9590e5e4d149f4d60e6e15cf:H_bag,36eda75d5d9f22361adc8ebd67b7fec53ccf939c9590e5e4d149f4d60e6e15cf,I4,629c9efa1da77ac4b5442415e1a1d6e4a4fc11ddbf2320dde9388c3c0ee82d6d,5405977,H_bag,ACTION_CHANGED_HORIZON_COMPLETE,true,,true,true,true,HARMFUL,0.02560000000812579,[43486],,,I4|BODY|NO_DIVERGENCE|HIGH,471856,945,0.0020027296463327794,499.31851851851854
2604e2b93ddaa46f27edf3a468bd3de53de638b212b2e6677b340c667f53c2bb:H_bag,2604e2b93ddaa46f27edf3a468bd3de53de638b212b2e6677b340c667f53c2bb,I3,114406dcab3551db58e1e2145b52e363f3ff985dd7552724d425fd8985cf18ef,5410429,H_bag,ACTION_CHANGED_HORIZON_COMPLETE,true,,true,true,true,HARMFUL,51.40000000000873,[43507],,,I3|BODY|NO_DIVERGENCE|HIGH,170143,958,0.005630557824888476,177.60229645093946
a948231c0845cc97cb6ce1a27ea56862802dd748e91d6721b9ae7dbfaa6f4682:H_bag,a948231c0845cc97cb6ce1a27ea56862802dd748e91d6721b9ae7dbfaa6f4682,I4,f849f06cf930d9585aa01426c824e7d5106d31a6525a9aaf979b39f7e0c6493f,5411249,H_bag,ACTION_CHANGED_HORIZON_COMPLETE,true,,true,true,true,HARMFUL,1.0,[43513],,,I4|BODY|NO_DIVERGENCE|HIGH,471856,945,0.0020027296463327794,499.31851851851854
e528cdd8b12b9141feb67c594ce95cf29fbfda5536bc3dd69f555d1c87cbf66b:H_system,e528cdd8b12b9141feb67c594ce95cf29fbfda5536bc3dd69f555d1c87cbf66b,I3,59c8d67da216eed0abfe48975c291a2ce6b0fd01bebe8911af593735f74f92c4,5422866,H_system,ACTION_CHANGED_HORIZON_COMPLETE,true,,true,true,true,HARMFUL,0.00010091048784488521,[42739],"[42739,42824,42829,42940,42983,43001,43004,43012,43014,43046,43052,43054,43062,43082,43086,43103,43118,43181,43194,43212,43214,43251,43267,43275,43279,43283,43285]","[42824,42829,42940,42983,43001,43004,43012,43014,43046,43052,43054,43062,43082,43086,43103,43118,43181,43194,43212,43214,43251,43267,43275,43279,43283,43285]",I3|BODY|NO_DIVERGENCE|HIGH,170143,958,0.005630557824888476,177.60229645093946
d36bdab5c89f695691e26a67c9c27c953efa880c985375e415d0665da6148a93:H_bag,d36bdab5c89f695691e26a67c9c27c953efa880c985375e415d0665da6148a93,I4,dbc03631896efb027c438fec987d8bd8c5f3931ac327255a65308fc0e3c159bc,5424818,H_bag,ACTION_CHANGED_HORIZON_COMPLETE,true,,true,true,true,NEUTRAL_WITHIN_TOLERANCE,0.0,[43279],,,I4|BODY|NO_DIVERGENCE|HIGH,471856,945,0.0020027296463327794,499.31851851851854
8c644d9b8b8f5d6c1a6bc9605fa9cd39cd0897e6dee39a40598176654fe37b3a:H_bag,8c644d9b8b8f5d6c1a6bc9605fa9cd39cd0897e6dee39a40598176654fe37b3a,I3,098dbfefb717c65669457bc6d1a74ba5b47f859c0362fea8381ec55d5f84972d,5425322,H_bag,ACTION_CHANGED_HORIZON_COMPLETE,true,,true,true,true,HARMFUL,51.40000000000873,[43212],,,I3|BODY|NO_DIVERGENCE|HIGH,170143,958,0.005630557824888476,177.60229645093946
f88582a018b23ed8cf5ad684c59789f0f8c245262b2cee9b09f6a0c23d41d68d:H_bag,f88582a018b23ed8cf5ad684c59789f0f8c245262b2cee9b09f6a0c23d41d68d,I4,3634ffc2aabe8eaae4c61b3d57fb7fae2d74504140cb9c80d56bb8a617e6ab48,5427686,H_bag,ACTION_CHANGED_HORIZON_COMPLETE,true,,true,true,true,HARMFUL,1.0,[43580],,,I4|BODY|NO_DIVERGENCE|HIGH,471856,945,0.0020027296463327794,499.31851851851854
a0dbb358017f85c3b2a22273c001c7e7420f11a117d3b5db77c88620f860bf86:H_bag,a0dbb358017f85c3b2a22273c001c7e7420f11a117d3b5db77c88620f860bf86,I3,d6321e44d26c60c957f359d92cc1c8887daf0ba2ab9e01928d2aae2e2abb37fa,5429900,H_bag,ACTION_CHANGED_HORIZON_COMPLETE,true,,true,true,true,HARMFUL,24.30000000000291,[42589],,,I3|BODY|NO_DIVERGENCE|HIGH,170143,958,0.005630557824888476,177.60229645093946
b19d713f8e2a224e0c7c8502ccf94d06b9c701c53d7e6bf4d95891af5394058b:H_bag,b19d713f8e2a224e0c7c8502ccf94d06b9c701c53d7e6bf4d95891af5394058b,I3,9bb6aad45aa4947910a84993bea50ba93d8f6691a9c4ea8bbe4740056cfcaee3,5431671,H_bag,ACTION_CHANGED_HORIZON_COMPLETE,true,,true,true,true,HARMFUL,24.30000000000291,[43281],,,I3|BODY|NO_DIVERGENCE|HIGH,170143,958,0.005630557824888476,177.60229645093946
88e08abf5f1ccca5f3f1445bdd62d2b181bc822a24c5b72fa0f4f43ffcd36502:H_bag,88e08abf5f1ccca5f3f1445bdd62d2b181bc822a24c5b72fa0f4f43ffcd36502,I4,cd47c65834762a00a2bb578676f5c9e90bda5e2af184cef5bcd70840b94c05d2,5431705,H_bag,ACTION_CHANGED_HORIZON_COMPLETE,true,,true,true,true,HARMFUL,0.6000000000058208,[43157],,,I4|BODY|NO_DIVERGENCE|HIGH,471856,945,0.0020027296463327794,499.31851851851854
8c724a48a5f2c9065de6f485b2f03c5ea9b8143dda62a036d7f0ae47af48bae1:H_system,8c724a48a5f2c9065de6f485b2f03c5ea9b8143dda62a036d7f0ae47af48bae1,I3,58e03a64750d811be6321d41c65742dec4b936eb8f2a6c402b9b947b2d53080a,5434921,H_system,ACTION_CHANGED_HORIZON_COMPLETE,true,,true,true,true,HARMFUL,0.0001341650804249639,[42929],"[42929,42980,43090,43099,43147,43167,43171,43173,43216,43233,43247,43261,43265,43273,43298,43300,43302,43304,43306,43313,43316,43319,43322,43326,43328,43330,43387,43408,43414,43431,43437,43440,43445,43447,43450,43452]","[42980,43090,43099,43147,43167,43171,43173,43216,43233,43247,43261,43265,43273,43298,43300,43302,43304,43306,43313,43316,43319,43322,43326,43328,43330,43387,43408,43414,43431,43437,43440,43445,43447,43450,43452]",I3|BODY|NO_DIVERGENCE|HIGH,170143,958,0.005630557824888476,177.60229645093946
d1c3e4f7725a293469bfceacf2b4d9140d4bcaaedc1b5573a7e910dd405a99bd:H_bag,d1c3e4f7725a293469bfceacf2b4d9140d4bcaaedc1b5573a7e910dd405a99bd,I3,94ebc6c3e3f49efdcef74d023cd9483aa5e84d70a0a39e39d860d693418a5ab6,5434988,H_bag,ACTION_CHANGED_HORIZON_COMPLETE,true,,true,true,true,HARMFUL,24.30000000000291,[42980],,,I3|BODY|NO_DIVERGENCE|HIGH,170143,958,0.005630557824888476,177.60229645093946
94452c5822914529e39c614c49f14ec5bcb03aad8e9eb6d714a4bdcd29663b6e:H_bag,94452c5822914529e39c614c49f14ec5bcb03aad8e9eb6d714a4bdcd29663b6e,I3,8eb125ad26674d7cbc83526e2d9086a547874f3303e80e207680e5691e371f77,5435379,H_bag,ACTION_CHANGED_HORIZON_COMPLETE,true,,true,true,true,HARMFUL,24.55000000000291,[43171],,,I3|BODY|NO_DIVERGENCE|HIGH,170143,958,0.005630557824888476,177.60229645093946
843f91745a097b63f4a3d52f8e06ad850ac80bcb52400d64447bb05bb33a5675:H_bag,843f91745a097b63f4a3d52f8e06ad850ac80bcb52400d64447bb05bb33a5675,I3,3205a4910f1d4b8ad30f5af8a26ef0f29722b9d4f280ec3a119316457684caf3,5436318,H_bag,ACTION_CHANGED_HORIZON_COMPLETE,true,,true,true,true,HARMFUL,51.40000000000873,[43216],,,I3|BODY|NO_DIVERGENCE|HIGH,170143,958,0.005630557824888476,177.60229645093946
b1e9b403a605b0525f20c28eea7d2ee348dc386b1a263a19eb542fecc67611f1:H_bag,b1e9b403a605b0525f20c28eea7d2ee348dc386b1a263a19eb542fecc67611f1,I4,a5bb63c2d58c2196d55432c0b8ce6951f7ea6bf237f96f89c63a97a3c80c0c44,5438794,H_bag,ACTION_CHANGED_HORIZON_COMPLETE,true,,true,true,true,HARMFUL,0.0010000000038417056,[43588],,,I4|BODY|NO_DIVERGENCE|HIGH,471856,945,0.0020027296463327794,499.31851851851854
21332cefac3808ec7a2b9fdf87bd9d8b2b21e25bf7e2dd5195a6c3fa88227317:H_bag,21332cefac3808ec7a2b9fdf87bd9d8b2b21e25bf7e2dd5195a6c3fa88227317,I4,25b01e330690775b02c51f56af1c916cab5d83bbc899d6a152e957078addb881,5438851,H_bag,ACTION_CHANGED_HORIZON_COMPLETE,true,,true,true,true,HARMFUL,1.0,[43587],,,I4|BODY|NO_DIVERGENCE|LOW,3155,7,0.0022187004754358162,450.7142857142857
3c009e968cd86b84eba01eaa23ca79eb8b738a6c63590e446f3e0198b29ebbcb:H_bag,3c009e968cd86b84eba01eaa23ca79eb8b738a6c63590e446f3e0198b29ebbcb,I3,4f64bdd156c03086efe8ae67a8098269f7ba1c2df3dcdc24d0d7e76611aad33d,5441937,H_bag,ACTION_CHANGED_HORIZON_COMPLETE,true,,true,true,true,HARMFUL,24.55000000000291,[43402],,,I3|BODY|NO_DIVERGENCE|HIGH,170143,958,0.005630557824888476,177.60229645093946
9f4efe3786706fe4b429dfabd06c6f0d1ff7726d1d4c706d3d13b7450adafef8:H_bag,9f4efe3786706fe4b429dfabd06c6f0d1ff7726d1d4c706d3d13b7450adafef8,I4,1fd05eef50c66a72eb50ba7d30e9b866b18eaf9bb17ab269a89cc7c3f6547303,5442120,H_bag,ACTION_CHANGED_HORIZON_COMPLETE,true,,true,true,true,NEUTRAL_WITHIN_TOLERANCE,0.0,[43426],,,I4|BODY|NO_DIVERGENCE|HIGH,471856,945,0.0020027296463327794,499.31851851851854
e308b309179007249fadac10991cc29337f733bbfbc411e69d9eb1250152c608:H_bag,e308b309179007249fadac10991cc29337f733bbfbc411e69d9eb1250152c608,I4,22b50f856ef056c53dc3835d7558a4a800ca22fba9ee1446f80645509dd49881,5442415,H_bag,ACTION_CHANGED_HORIZON_COMPLETE,true,,true,true,true,HARMFUL,0.39999999999417923,[43421],,,I4|BODY|NO_DIVERGENCE|HIGH,471856,945,0.0020027296463327794,499.31851851851854
1536b426de9665abbd61ed31c40200ed7f55f79b4c25709a9839555eb2088119:H_bag,1536b426de9665abbd61ed31c40200ed7f55f79b4c25709a9839555eb2088119,I3,652df0419bc8c0f43763c6fa8c314415f7def647e77aaa6af525d36916b02c5b,5443007,H_bag,ACTION_CHANGED_HORIZON_COMPLETE,true,,true,true,true,HARMFUL,75.60000000002037,[42787],,,I3|BODY|NO_DIVERGENCE|HIGH,170143,958,0.005630557824888476,177.60229645093946
9bb4cb73de951a3bd0c6dc0030dd770a0c7e4ffd2677bf8c8a2eba2de6493338:H_bag,9bb4cb73de951a3bd0c6dc0030dd770a0c7e4ffd2677bf8c8a2eba2de6493338,I4,4e28471dde20284b49fc253b1bd748dc62b7acd95702cc7546223753a9f1b22c,5443087,H_bag,ACTION_CHANGED_HORIZON_COMPLETE,true,,true,true,true,HARMFUL,1.0,[42804],,,I4|BODY|NO_DIVERGENCE|HIGH,471856,945,0.0020027296463327794,499.31851851851854
6432daaea3cd20817147f3c86b327537b29fc87b9d33d48fc72d7453ee5ca6ba:H_bag,6432daaea3cd20817147f3c86b327537b29fc87b9d33d48fc72d7453ee5ca6ba,I3,3ad0ad3f95455b01250b8230a51c2277dedc2fdfeceb56279a68ffb36e40a1fd,5443680,H_bag,ACTION_CHANGED_HORIZON_COMPLETE,true,,true,true,true,HARMFUL,25.40000000000873,[43497],,,I3|BODY|NO_DIVERGENCE|HIGH,170143,958,0.005630557824888476,177.60229645093946
0769d4da65e4391ab68162fcba422ef6672c51beb9611fc397147746d85c51b5:H_bag,0769d4da65e4391ab68162fcba422ef6672c51beb9611fc397147746d85c51b5,I3,99631baeadf3876ca5d6a37e905c429a46439f8d60087f49cb95b021e9814d51,5444025,H_bag,ACTION_CHANGED_HORIZON_COMPLETE,true,,true,true,true,HARMFUL,75.60000000002037,[43421],,,I3|BODY|NO_DIVERGENCE|HIGH,170143,958,0.005630557824888476,177.60229645093946
