ID EntryTime(s) STD(s) star end Unloader Loader
0 8267.845453 22200 3 49 1 C2 
1 8867.845453 22200 4 49 1 C2 
2 8875.816299 22200 5 49 2 C2 
3 8880.000872 22200 3 48 1 C1 
4 9462.482986 22200 3 49 1 C2 
5 9470.615484 23100 4 49 1 C2 
6 10062.62162 22200 5 49 2 C2 
7 10073.28213 22200 3 49 1 C2 
8 10084.10648 23400 0 50 1 B2 
9 10085.33414 23400 4 48 2 C1 
10 10087.97294 22200 5 48 1 C1 
11 10089.43982 23400 1 50 2 B2 
12 10645.1686 24000 0 49 1 B1 
13 10665.17885 24300 4 49 1 C2 
14 10673.28828 22200 5 49 1 C2 
15 10675.8454 24000 3 49 2 C2 
16 10681.05953 22200 3 49 1 D1 
17 10681.47782 24000 2 50 3 B2 
18 10684.10647 24000 0 50 4 B2 
19 10686.81115 24900 1 50 3 B2 
20 10688.10327 24600 3 48 4 C1 
21 10689.43977 24600 2 50 1 B2 
22 10812.77765 23100 4 49 1 C2 
23 11251.84541 24600 5 49 1 C2 
24 11254.48296 24900 3 49 2 C2 
25 11267.81636 24600 4 49 2 C2 
26 11269.33434 23400 4 48 2 C1 
27 11270.51203 22200 5 49 1 C2 
28 11273.14959 22200 3 49 2 C2 
29 11273.43982 24600 0 50 5 B2 
30 11274.66746 24600 5 48 3 C1 
31 11276.14448 24600 1 50 1 B2 
32 11278.77315 24600 2 50 2 B2 
33 11281.43983 24900 0 50 4 B2 
34 11282.63961 22200 3 48 1 C1 
35 11285.33412 24900 4 48 1 C1 
36 11286.58781 23400 1 50 1 B2 
37 11288.00084 24600 5 48 4 C1 
38 11289.25449 24900 2 50 3 B2 
39 11290.77424 24900 3 48 5 C1 
40 11292.14444 23400 0 50 2 B2 
41 11845.2066 24000 1 49 1 B1 
42 11854.61553 24300 4 49 1 C2 
43 11865.14962 24000 5 49 2 C2 
44 11867.9489 22200 3 49 1 C2 
45 11870.81115 24900 1 50 3 B2 
46 11875.94881 23100 4 49 1 C2 
47 11878.58781 24600 2 50 1 B2 
48 11880.10319 25200 4 48 2 C1 
49 11881.27115 24000 0 50 4 B2 
50 11883.9211 24000 1 50 3 B2 
51 11885.33418 24600 5 48 4 C1 
52 11886.60449 25200 2 50 5 B2 
53 11887.97296 25200 3 48 3 C1 
54 11889.47782 25200 0 50 1 B2 
55 11906.2545 24900 0 50 3 A1 
56 12018.0724 25200 4 48 4 C1 
57 12449.14965 22200 5 49 1 C2 
58 12459.95495 24600 3 49 1 C2 
59 12462.77315 24600 1 50 1 B2 
60 12467.94879 22200 4 49 2 C2 
61 12469.33411 24900 5 48 5 C1 
62 12470.62164 24900 5 49 2 C2 
63 12470.81116 24900 2 50 4 B2 
64 12474.63977 24600 3 48 3 C1 
65 12475.93777 24900 0 50 3 B2 
66 12477.43655 25800 4 48 1 C1 
67 12478.58782 26400 1 50 4 B2 
68 12480.10318 24600 5 48 4 C1 
69 12482.66742 24900 3 48 1 C1 
70 12484.10648 23400 2 50 2 B2 
71 12485.3062 25800 4 48 5 C1 
72 12486.60448 23400 0 50 1 B2 
73 12487.97299 22200 5 48 1 C1 
74 12489.43982 24600 1 50 5 B2 
75 12490.77417 23400 3 48 2 C1 
76 12491.92141 24600 2 50 2 B2 
77 12620.00081 24600 3 49 2 C2 
78 13047.64994 24000 2 49 1 B1 
79 13049.28215 26400 4 49 1 C2 
80 13050.16178 26400 0 50 2 B2 
81 13051.84528 26400 5 49 2 C2 
82 13057.05944 24600 4 48 4 D1 
83 13057.28828 22200 3 49 1 C2 
84 13059.8454 24000 4 49 2 C2 
85 13060.10649 24000 1 50 3 B2 
86 13062.51217 26400 5 49 1 C2 
87 13065.17869 24300 3 49 1 C2 
88 13065.43983 25200 2 50 1 B2 
89 13067.84538 23100 4 49 1 C2 
90 13067.93782 25200 0 50 5 B2 
91 13069.4367 25200 4 48 3 C1 
92 13071.49516 27000 1 50 3 B2 
93 13075.92116 26700 2 50 5 B2 
94 13077.44086 25200 5 48 2 C1 
95 13078.60448 24600 0 50 1 B2 
96 13080.00075 25200 3 48 4 C1 
97 13081.47782 24000 1 50 4 B2 
98 13082.76976 26400 4 48 2 C1 
99 13084.10644 26400 2 50 4 B2 
100 13085.43651 26700 5 48 3 C1 
101 13086.77314 26400 0 50 3 B2 
102 13088.10757 24600 3 48 4 C1 
103 13092.14448 24900 1 50 3 B2 
104 13103.4345 24600 1 50 1 A1 
105 13222.07221 26700 2 50 1 B2 
106 13377.99227 22200 53 48 1 T 
107 13383.08134 22200 53 48 1 T 
108 13422.30902 22200 53 49 2 T 
109 13427.39919 22200 53 49 2 T 
110 13432.28805 22200 53 49 1 T 
111 13437.40844 22200 53 49 1 T 
112 13442.70899 22200 53 49 1 T 
113 13447.79917 22200 53 49 1 T 
114 13470.8578 22200 53 49 2 T 
115 13481.52445 22200 53 48 1 T 
116 13529.56247 22200 53 49 1 T 
117 13628.33719 22200 53 49 1 T 
118 13641.17885 24600 5 49 1 C2 
119 13649.14966 24900 3 49 2 C2 
120 13651.81616 27300 4 49 2 C2 
121 13654.48299 22200 5 49 1 C2 
122 13657.14959 22200 3 49 1 C2 
123 13659.92115 27000 0 50 3 B2 
124 13659.95491 27300 4 49 1 C2 
125 13661.3341 27000 4 48 4 C1 
126 13662.48291 27000 5 49 2 C2 
127 13662.81116 26400 1 50 4 B2 
128 13663.97291 22200 5 48 1 C1 
129 13665.17873 22200 3 49 2 C2 
130 13666.66751 25800 3 48 1 C1 
131 13667.8455 24600 4 49 2 C2 
132 13669.33407 23400 4 48 2 C1 
133 13670.6045 23400 2 50 1 B2 
134 13671.97288 25800 5 48 5 C1 
135 13673.43982 24600 0 50 1 B2 
136 13674.7743 24900 3 48 1 C1 
137 13676.14449 24600 1 50 5 B2 
138 13677.44083 24600 4 48 3 C1 
139 13678.59716 27000 2 50 2 B2 
140 13681.25482 23400 0 50 2 B2 
141 13682.77417 27000 5 48 5 C1 
142 13685.33416 24900 3 48 5 C1 
143 13686.77316 24900 1 50 3 B2 
144 13689.47781 24900 2 50 4 B2 
145 13692.77095 26400 2 50 4 A1 
146 13706.2545 24900 0 50 3 A1 
147 13840.78001 24600 4 48 4 C1 
148 13846.11616 24600 0 50 2 B2 
149 14022.08807 23100 53 49 1 T 
150 14027.20845 23100 53 49 1 T 
151 14068.02247 23100 53 49 1 T 
152 14184.65194 22200 53 49 1 T 
153 14235.8454 24300 5 49 1 C2 
154 14238.48303 27600 3 49 1 C2 
155 14243.94872 22200 4 49 1 C2 
156 14246.48303 22200 5 49 1 C2 
157 14255.6666 24000 0 49 1 B1 
158 14257.17872 22200 3 49 2 C2 
159 14257.25449 24000 1 50 3 B2 
160 14258.50193 28200 1 49 2 B1 
161 14259.92116 27900 2 50 1 B2 
162 14259.9489 27600 4 49 2 C2 
163 14262.60449 27900 0 50 5 B2 
164 14262.61544 26400 5 49 1 C2 
165 14263.97293 25200 5 48 3 C1 
166 14265.28217 27600 3 49 1 C2 
167 14266.14278 26700 1 50 5 B2 
168 14266.76983 27600 3 48 1 C1 
169 14267.94879 26400 4 49 1 C2 
170 14268.44148 26400 2 50 2 B2 
171 14269.33408 28500 4 48 4 C1 
172 14270.48292 23100 5 49 1 C2 
173 14271.97292 26700 5 48 3 C1 
174 14274.70806 24600 3 48 4 C1 
175 14278.60449 28500 0 50 2 B2 
176 14280.00097 25200 4 48 2 C1 
177 14281.25448 24900 1 50 3 B2 
178 14282.66752 25200 5 48 4 C1 
179 14283.93781 26700 2 50 1 B2 
180 14285.43641 22200 3 48 1 C1 
181 14286.58777 24000 0 50 4 B2 
182 14289.47782 24600 1 50 1 B2 
183 14292.14448 28500 2 50 3 B2 
184 14318.61549 26400 3 49 2 C2 
185 14329.28824 24000 4 49 2 C2 
186 14329.43982 25200 0 50 1 B2 
187 14331.93781 27600 1 50 4 B2 
188 14337.25449 27000 2 50 3 B2 
189 14340.10648 25200 0 50 5 B2 
190 14345.2711 26400 1 50 3 B2 
191 14414.78355 26400 2 50 4 B2 
192 14427.47038 26400 4 48 2 C1 
193 14577.75708 23400 53 50 1 T 
194 14582.85901 23400 53 50 1 T 
195 14588.19227 23400 53 48 2 T 
196 14593.28134 23400 53 48 2 T 
197 14598.15708 23400 53 50 2 T 
198 14603.25901 23400 53 50 2 T 
199 14681.52445 23400 53 50 2 T 
200 14686.89579 23400 53 48 2 T 
201 14745.56245 23400 53 50 1 T 
202 14792.65194 22200 53 49 1 T 
203 14843.81627 27300 5 49 2 C2 
204 14846.48295 24600 3 49 1 C2 
205 14849.23362 22200 4 49 1 C2 
206 14854.61557 22200 5 49 1 C2 
207 14855.83527 29100 2 49 3 B1 
208 14857.28813 22200 3 49 1 C2 
209 14858.25444 28500 0 50 2 B2 
210 14858.66752 23400 5 48 2 C1 
211 14859.95491 22200 4 49 2 C2 
212 14860.82182 26400 1 50 4 B2 
213 14861.33419 22200 3 48 1 C1 
214 14862.62156 23100 5 49 1 C2 
215 14863.97301 28200 4 48 3 C1 
216 14865.5483 27000 2 50 2 B2 
217 14866.63978 28500 5 48 4 C1 
218 14867.95502 22200 3 49 2 C2 
219 14868.92116 24900 0 50 4 B2 
220 14869.44076 27000 3 48 5 C1 
221 14871.47714 27000 1 50 3 B2 
222 14872.10315 28200 4 48 2 C1 
223 14873.79428 24900 2 50 3 B2 
224 14874.63957 24900 5 48 1 C1 
225 14875.67291 22200 5 49 1 D1 
226 14877.43642 25800 3 48 5 C1 
227 14879.97296 24900 4 48 5 C1 
228 14882.77424 25800 5 48 1 C1 
229 14884.10648 23400 0 50 1 B2 
230 14885.43644 24600 3 48 3 C1 
231 14886.81115 24600 1 50 1 B2 
232 14888.10738 24600 4 48 4 C1 
233 14889.47782 24600 2 50 5 B2 
234 14892.10644 23400 0 50 2 B2 
235 14894.58807 28500 1 50 3 B2 
236 14923.84544 24900 4 49 2 C2 
237 14934.48295 27000 5 49 2 C2 
238 14941.4366 22200 5 48 1 C1 
239 14944.00076 27000 3 48 4 C1 
240 14996.31389 28200 0 49 2 B1 
241 15006.67027 24600 3 49 2 C2 
242 15025.04903 24600 2 50 2 B2 
243 15031.12563 27300 4 49 1 C2 
244 15177.99227 24000 53 50 4 T 
245 15183.08134 24000 53 50 4 T 
246 15187.95708 24000 53 49 1 T 
247 15193.05901 24000 53 49 1 T 
248 15198.39227 24000 53 50 3 T 
249 15203.48134 24000 53 50 3 T 
250 15222.30902 24300 53 49 1 T 
251 15227.39919 24300 53 49 1 T 
252 15232.28805 24000 53 49 2 T 
253 15237.40844 24000 53 49 2 T 
254 15268.19113 24000 53 49 2 T 
255 15278.85778 24000 53 49 1 T 
256 15286.67245 24000 53 50 4 T 
257 15345.35578 24000 53 50 3 T 
258 15367.28291 24300 53 49 1 T 
259 15392.6519 22200 53 49 1 T 
260 15395.31864 22200 53 49 2 T 
261 15438.61546 24300 5 49 1 C2 
262 15441.28832 22200 3 49 2 C2 
263 15451.84539 22200 4 49 1 C2 
264 15452.98327 28200 1 49 2 B1 
265 15454.33946 22200 3 48 1 D1 
266 15454.54752 22200 5 49 2 C2 
267 15454.77316 29400 0 50 1 B2 
268 15455.83533 29100 2 49 3 B1 
269 15455.97304 22200 4 48 1 C1 
270 15458.24616 28800 1 50 5 B2 
271 15459.94879 22200 3 49 1 C2 
272 15460.91278 23400 2 50 1 B2 
273 15461.20661 24000 0 49 1 B1 
274 15461.33407 26400 5 48 2 C1 
275 15462.51214 22200 4 49 1 C2 
276 15463.43371 24900 0 50 3 B2 
277 15465.17861 22200 5 49 2 C2 
278 15466.13725 22200 53 48 1 T 
279 15466.66743 25200 3 48 2 C1 
280 15467.94881 28800 3 49 2 C2 
281 15469.43654 29100 4 48 1 C1 
282 15470.77316 28500 1 50 2 B2 
283 15472.10748 27600 5 48 1 C1 
284 15473.14966 22200 4 49 1 C2 
285 15473.27115 24000 2 50 3 B2 
286 15474.72045 23400 3 48 2 C1 
287 15476.14448 28800 0 50 4 B2 
288 15478.45065 22200 4 49 1 D1 
289 15480.10744 25200 4 48 4 C1 
290 15481.0595 22200 5 49 2 D1 
291 15481.25475 25200 1 50 5 B2 
292 15482.76996 24600 5 48 4 C1 
293 15485.36436 28800 3 48 5 C1 
294 15486.8111 29100 2 50 3 B2 
295 15489.26381 26700 0 50 1 B2 
296 15490.25452 26400 1 50 4 A1 
297 15491.9215 26400 1 50 4 B2 
298 15498.10116 27000 2 50 3 A1 
299 15499.9549 27600 5 49 1 C2 
300 15502.51215 28800 3 49 1 C2 
301 15503.57985 24900 0 50 3 A1 
302 15510.48299 28800 4 49 2 C2 
303 15513.28826 26400 5 49 2 C2 
304 15513.47783 23400 2 50 2 B2 
305 15515.81632 27600 3 49 1 C2 
306 15518.48282 26400 4 49 1 C2 
307 15521.17884 27600 5 49 2 C2 
308 15521.47783 29100 0 50 4 B2 
309 15524.82844 26400 1 50 2 B2 
310 15526.62161 23100 3 49 1 C2 
311 15527.10103 24000 2 50 4 B2 
312 15529.2821 23100 4 49 1 C2 
313 15529.543 27600 0 50 4 B2 
314 15531.81639 24000 5 49 2 C2 
315 15532.01468 25200 1 50 1 B2 
316 15534.6162 27900 2 50 1 B2 
317 15537.25662 26700 0 50 5 B2 
318 15540.82849 28500 1 50 3 B2 
319 15541.33421 22200 4 48 1 C1 
320 15543.19523 27900 2 50 5 B2 
321 15544.1032 26700 5 48 3 C1 
322 15548.07112 26400 0 50 3 B2 
323 15579.84544 26400 3 49 1 C2 
324 15593.43981 27000 1 50 3 B2 
325 15598.77316 24600 2 50 1 B2 
326 15600.78969 22200 3 48 1 C1 
327 15612.45601 22200 4 49 1 C2 
328 15627.48694 28500 4 48 4 C1 
329 15640.58505 29100 0 50 2 B2 
330 15651.01602 25200 5 48 3 C1 
331 15707.21613 28800 1 50 1 B2 
332 15777.75708 24600 53 50 2 T 
333 15782.85901 24600 53 50 2 T 
334 15788.19227 24600 53 50 5 T 
335 15793.28134 24600 53 50 5 T 
336 15798.15708 24600 53 48 3 T 
337 15803.25901 24600 53 48 3 T 
338 15808.59227 24600 53 48 4 T 
339 15813.68134 24600 53 48 4 T 
340 15818.55708 24600 53 48 4 T 
341 15822.30902 24600 53 49 2 T 
342 15823.65901 24600 53 48 4 T 
343 15827.39919 24600 53 49 2 T 
344 15828.99227 24900 53 50 3 T 
345 15832.28805 24900 53 49 2 T 
346 15834.08134 24900 53 50 3 T 
347 15837.40844 24900 53 49 2 T 
348 15838.95708 24900 53 50 3 T 
349 15842.70899 24600 53 49 1 T 
350 15844.05901 24900 53 50 3 T 
351 15847.79917 24600 53 49 1 T 
352 15849.39227 24900 53 50 3 T 
353 15854.48134 24900 53 50 3 T 
354 15859.35708 24900 53 50 3 T 
355 15864.45901 24900 53 48 1 T 
356 15869.79227 24900 53 48 1 T 
357 15873.33913 24900 53 49 2 T 
358 15875.81209 24900 53 48 5 T 
359 15878.85778 24900 53 50 3 T 
360 15880.98203 24900 53 48 5 T 
361 15883.51216 24600 53 48 3 T 
362 15886.02239 24600 53 50 1 T 
363 15890.19227 24600 53 50 1 T 
364 15895.28134 24600 53 50 1 T 
365 15900.15708 24600 53 50 1 T 
366 15905.25901 24900 53 50 4 T 
367 15910.59227 24900 53 50 4 T 
368 15926.68913 24600 53 49 1 T 
369 15934.89579 24900 53 50 3 T 
370 15940.02245 24600 53 48 4 T 
371 15985.52447 24600 53 49 2 T 
372 15988.00578 24900 53 50 3 T 
373 15989.98527 23100 53 49 1 T 
374 15995.3186 22200 53 49 1 T 
375 16001.52445 24600 53 48 4 T 
376 16038.51205 22200 5 49 1 C2 
377 16043.81639 22200 3 49 1 C2 
378 16044.02245 24600 53 50 1 T 
379 16044.99994 24000 1 49 1 B1 
380 16045.43665 27000 3 48 4 C1 
381 16048.10327 22200 4 48 1 C1 
382 16050.14278 24600 2 50 5 B2 
383 16050.31661 28200 2 49 2 B1 
384 16053.20666 29100 0 49 3 B1 
385 16054.45053 22200 3 48 1 D1 
386 16054.61543 22200 4 49 1 C2 
387 16056.00077 22200 5 48 1 C1 
388 16057.15077 27300 5 49 1 C2 
389 16059.7262 22200 4 49 2 D1 
390 16059.92116 29700 0 50 2 B2 
391 16061.30627 22200 3 48 1 C1 
392 16065.2346 29400 3 49 1 C2 
393 16065.56245 24900 53 48 1 T 
394 16069.44092 22200 4 48 1 C1 
395 16070.22901 23100 5 49 1 D1 
396 16070.48312 24600 4 49 1 C2 
397 16070.77316 23400 1 50 2 B2 
398 16071.97292 24900 5 48 1 C1 
399 16073.28215 27000 5 49 2 C2 
400 16073.47782 29400 2 50 1 B2 
401 16074.66754 23400 3 48 2 C1 
402 16075.94158 23400 0 50 2 B2 
403 16077.44093 28200 4 48 3 C1 
404 16078.3395 22200 3 49 1 D1 
405 16078.81116 23400 1 50 1 B2 
406 16079.97299 27000 5 48 5 C1 
407 16081.26383 24600 2 50 1 B2 
408 16082.77424 23400 3 48 2 C1 
409 16083.93777 24600 0 50 1 B2 
410 16085.33408 24600 4 48 3 C1 
411 16089.2749 24600 1 50 2 B2 
412 16099.81626 22200 3 49 2 C2 
413 16102.61552 29400 4 49 2 C2 
414 16103.58778 27000 2 50 3 B2 
415 16106.10863 24600 53 50 1 T 
416 16108.92116 24900 1 50 3 A1 
417 16110.62148 29400 5 49 1 C2 
418 16113.27116 26400 0 50 4 B2 
419 16113.28224 24300 3 49 1 C2 
420 16118.60449 28500 1 50 3 B2 
421 16118.62161 23100 4 49 1 C2 
422 16120.04139 25800 5 48 5 C1 
423 16121.2883 23100 5 49 1 C2 
424 16121.47783 28500 2 50 2 B2 
425 16123.81631 23100 3 49 1 C2 
426 16124.00578 24900 53 48 5 T 
427 16126.61547 22200 4 49 1 C2 
428 16130.62179 25800 3 48 1 C1 
429 16131.84548 22200 5 49 1 C2 
430 16131.92115 24900 0 50 4 B2 
431 16134.58782 24900 1 50 3 B2 
432 16136.00079 28500 4 48 4 C1 
433 16138.66764 24600 5 48 4 C1 
434 16139.92141 24900 2 50 3 B2 
435 16141.43641 28200 3 48 2 C1 
436 16142.77315 24000 0 50 4 B2 
437 16144.10317 24900 4 48 5 C1 
438 16145.27116 29700 1 50 3 B2 
439 16148.10648 24000 2 50 3 B2 
440 16164.22912 24900 53 50 4 T 
441 16171.84545 24900 3 49 2 C2 
442 16174.51204 24000 4 49 2 C2 
443 16179.95495 22200 5 49 2 C2 
444 16182.61543 29400 3 49 2 C2 
445 16185.17886 22200 4 49 2 C2 
446 16193.14961 22200 5 49 2 C2 
447 16206.63938 22200 3 49 1 C2 
448 16209.444 24900 0 50 3 B2 
449 16217.03061 29700 5 48 2 C1 
450 16220.00578 24600 53 50 2 T 
451 16228.85571 22200 4 49 1 C2 
452 16231.74647 29400 1 50 5 B2 
453 16250.51843 27300 5 49 2 C2 
454 16254.66868 23400 2 50 1 B2 
455 16272.45869 24600 3 49 2 C2 
456 16272.73414 24600 3 48 4 C1 
457 16281.35578 24600 53 50 5 T 
458 16292.62605 27000 0 50 2 B2 
459 16295.99187 29700 4 48 3 C1 
460 16377.98134 25200 53 50 1 T 
461 16382.85708 25200 53 50 1 T 
462 16387.95901 25200 53 48 2 T 
463 16393.29227 25200 53 48 2 T 
464 16398.38134 25200 53 48 3 T 
465 16403.25708 25200 53 48 3 T 
466 16408.35901 25200 53 48 4 T 
467 16413.69227 25200 53 48 4 T 
468 16418.78134 22200 53 48 1 T 
469 16422.08807 22200 53 49 2 T 
470 16422.92424 22200 53 49 1 T 
471 16423.65708 22200 53 48 1 T 
472 16425.92008 22200 53 49 2 T 
473 16427.20845 22200 53 49 2 T 
474 16428.75901 25200 53 50 5 T 
475 16431.2727 22200 53 48 1 T 
476 16432.50899 22200 53 49 1 T 
477 16434.09227 25200 53 50 5 T 
478 16437.5992 22200 53 49 1 T 
479 16442.48806 22200 53 49 1 T 
480 16447.60843 22200 53 49 1 T 
481 16473.52445 25200 53 50 1 T 
482 16486.68911 25200 53 48 4 T 
483 16526.89579 25200 53 50 5 T 
484 16529.11533 22200 53 49 2 T 
485 16534.67246 22200 53 49 1 T 
486 16579.3186 22200 53 49 1 T 
487 16588.3934 22200 53 48 1 T 
488 16592.42274 22200 53 49 1 T 
489 16595.31864 23400 53 50 1 T 
490 16597.98504 24900 53 50 3 T 
491 16599.21011 25200 53 48 2 T 
492 16605.98528 24600 53 50 1 T 
493 16608.65186 23400 53 50 2 T 
494 16641.28835 22200 4 49 2 C2 
495 16643.90127 22200 5 49 2 C2 
496 16644.98332 24000 1 49 1 B1 
497 16646.39276 22200 4 48 1 D1 
498 16647.58782 24000 1 50 4 B2 
499 16647.83528 24000 2 49 1 B1 
500 16649.0595 23400 5 48 2 D1 
501 16650.16034 25200 53 48 3 T 
502 16650.50199 29100 0 49 3 B1 
503 16651.72613 28500 3 48 4 D1 
504 16651.8453 22200 3 49 2 C2 
505 16653.44091 28800 5 48 5 C1 
506 16654.48296 27600 4 49 2 C2 
507 16657.05956 26700 4 48 3 D1 
508 16657.28825 28800 5 49 2 C2 
509 16658.24611 24000 2 50 4 B2 
510 16658.50194 30300 1 49 1 B1 
511 16658.63959 26700 3 48 3 C1 
512 16659.81628 27600 3 49 1 C2 
513 16660.99994 28200 2 49 2 B1 
514 16661.33421 29100 4 48 1 C1 
515 16662.39294 23100 5 49 1 D1 
516 16662.51207 24600 4 49 2 C2 
517 16664.10756 24900 5 48 1 C1 
518 16665.0063 26400 3 49 2 D1 
519 16665.43983 23400 0 50 1 B2 
520 16666.63976 26400 3 48 2 C1 
521 16667.92142 27900 1 50 5 B2 
522 16668.80392 23400 53 48 2 T 
523 16669.44081 28500 4 48 4 C1 
524 16670.39296 28200 4 49 2 D1 
525 16670.61545 26400 5 49 1 C2 
526 16670.81116 23400 2 50 1 B2 
527 16671.47064 24600 53 48 4 T 
528 16671.97288 22200 5 48 1 C1 
529 16673.14968 30000 3 49 2 C2 
530 16673.43983 23400 0 50 1 B2 
531 16674.76972 22200 3 48 1 C1 
532 16677.30622 22200 4 48 1 C1 
533 16678.45059 22200 5 49 1 D1 
534 16678.60448 29400 1 50 1 B2 
535 16680.10752 22200 5 48 1 C1 
536 16681.05965 22200 3 49 1 D1 
537 16681.27115 28500 2 50 3 B2 
538 16682.76991 22200 3 48 1 C1 
539 16684.14444 24600 0 50 5 B2 
540 16684.92118 28500 2 50 3 A1 
541 16685.44088 24900 4 48 5 C1 
542 16686.60824 29100 1 50 4 B2 
543 16689.47781 24600 2 50 2 B2 
544 16690.25449 24900 0 50 3 A1 
545 16693.68116 23400 1 50 2 A1 
546 16697.07542 23400 2 50 1 A1 
547 16699.84551 24300 4 49 1 C2 
548 16700.05422 28500 0 50 2 A1 
549 16702.62155 22200 5 49 1 C2 
550 16703.24916 26400 1 50 3 A1 
551 16705.28218 26400 3 49 2 C2 
552 16707.94876 24000 4 49 2 C2 
553 16710.48281 24300 5 49 1 C2 
554 16712.10317 24600 5 48 4 C1 
555 16713.1787 24000 3 49 2 C2 
556 16715.84546 22200 4 49 1 C2 
557 16721.14965 22200 5 49 2 C2 
558 16721.47783 25200 0 50 1 B2 
559 16722.76985 25200 3 48 2 C1 
560 16723.94887 24600 3 49 1 C2 
561 16724.14449 27600 1 50 4 B2 
562 16725.30636 24600 4 48 4 C1 
563 16727.49511 24000 2 50 3 B2 
564 16728.00074 24600 5 48 3 C1 
565 16730.66751 25200 3 48 3 C1 
566 16731.95494 30000 4 49 1 C2 
567 16732.14449 26700 0 50 5 B2 
568 16733.43643 23400 4 48 2 C1 
569 16734.77315 23400 1 50 2 B2 
570 16736.10753 23400 5 48 2 C1 
571 16737.43981 29100 2 50 2 B2 
572 16738.77424 23400 3 48 2 C1 
573 16740.10649 28800 0 50 4 B2 
574 16741.43661 25200 4 48 4 C1 
575 16742.58803 27000 1 50 3 B2 
576 16744.00075 27600 5 48 1 C1 
577 16747.92115 23400 2 50 2 B2 
578 16750.58781 29100 0 50 3 B2 
579 16753.1667 23100 5 49 1 C2 
580 16758.48302 26400 3 49 1 C2 
581 16761.14967 30300 4 49 1 C2 
582 16763.95493 22200 5 49 1 C2 
583 16766.61537 22200 3 49 1 C2 
584 16771.955 22200 4 49 1 C2 
585 16772.82849 27900 1 50 1 B2 
586 16774.61542 22200 5 49 1 C2 
587 16777.14962 22200 3 49 1 C2 
588 16779.92116 26400 2 50 2 B2 
589 16782.58783 25200 0 50 5 B2 
590 16785.25449 28800 1 50 1 B2 
591 16787.8454 22200 4 49 1 C2 
592 16788.80944 26400 2 50 3 B2 
593 16793.43983 24900 0 50 3 B2 
594 16796.14448 24900 1 50 3 B2 
595 16798.81115 24600 2 50 1 B2 
596 16800.64921 22200 5 49 2 C2 
597 16803.94154 26700 0 50 1 B2 
598 16806.60449 24900 1 50 3 B2 
599 16811.84541 24900 3 49 2 C2 
600 16814.60448 28500 2 50 2 B2 
601 16817.17873 28800 4 49 1 C2 
602 16825.1788 23100 5 49 1 C2 
603 16827.94878 28800 3 49 2 C2 
604 16831.29095 24900 0 50 4 B2 
605 16849.1083 26400 4 48 2 D1 
606 16851.81626 23100 4 49 1 C2 
607 16861.20137 24000 1 50 3 B2 
608 16864.68108 28800 2 50 5 B2 
609 16867.25102 26400 0 50 4 B2 
610 16878.77314 30300 1 50 4 B2 
611 16895.2297 26700 2 50 5 A1 
612 16900.21846 23400 2 50 2 B2 
613 16910.66897 22200 5 49 1 C2 
614 16929.08655 22200 5 49 2 D1 
615 16956.81716 24600 0 50 1 B2 
616 16977.33673 27600 3 49 1 C2 
617 16977.98134 25800 53 48 1 T 
618 16982.85708 25800 53 48 1 T 
619 16987.95901 25800 53 48 5 T 
620 16993.29227 25800 53 48 5 T 
621 16999.26016 23100 4 49 1 C2 
622 17022.30902 23100 53 49 1 T 
623 17027.39919 23100 53 49 1 T 
624 17036.25732 23100 53 49 1 T 
625 17073.52447 23100 53 49 1 T 
626 17076.02245 25800 53 48 5 T 
627 17134.85778 25800 53 48 1 T 
628 17179.3186 24000 53 49 2 T 
629 17181.98528 22200 53 49 1 T 
630 17184.65201 22200 53 49 2 T 
631 17187.31861 24300 53 49 1 T 
632 17197.98502 24000 53 50 3 T 
633 17200.65185 24900 53 50 3 T 
634 17208.652 24000 53 50 4 T 
635 17211.31859 24600 53 50 1 T 
636 17238.48292 23100 5 49 1 C2 
637 17239.91665 29100 0 49 3 B1 
638 17241.00613 27000 3 48 4 D1 
639 17245.20661 28200 1 49 2 B1 
640 17247.83527 24000 2 49 1 B1 
641 17248.00092 24600 3 48 3 C1 
642 17249.05946 24600 4 48 4 D1 
643 17249.14961 24300 3 49 1 C2 
644 17250.33333 24000 0 49 1 B1 
645 17251.67295 22200 5 48 1 D1 
646 17251.94887 23100 4 49 1 C2 
647 17252.80426 24000 53 49 1 T 
648 17254.39294 29100 3 49 3 D1 
649 17254.51199 24300 5 49 1 C2 
650 17255.58778 26400 1 50 4 B2 
651 17257.00619 23400 4 48 2 D1 
652 17257.28823 24300 3 49 1 C2 
653 17259.78402 22200 5 49 1 D1 
654 17259.81635 24000 4 49 2 C2 
655 17260.80949 31500 2 50 5 B2 
656 17261.16866 23400 1 50 2 B1 
657 17261.3342 24600 4 48 3 C1 
658 17262.33971 22200 3 49 1 D1 
659 17262.61543 24000 5 49 2 C2 
660 17263.97294 24600 5 48 4 C1 
661 17265.00634 24000 4 49 1 D1 
662 17265.14963 24000 3 49 2 C2 
663 17265.59152 23400 0 50 2 B2 
664 17266.53994 24000 2 49 1 B1 
665 17266.63956 29700 3 48 3 C1 
666 17267.94892 29400 4 49 1 C2 
667 17269.44079 24600 4 48 4 C1 
668 17270.60449 23400 1 50 2 B2 
669 17272.10769 24600 5 48 4 C1 
670 17273.17877 30900 5 49 2 C2 
671 17273.27116 24600 2 50 1 B2 
672 17274.36024 24600 0 50 1 A1 
673 17274.66751 25200 3 48 2 C1 
674 17275.56233 26400 5 49 1 D1 
675 17276.10644 25200 0 50 5 B2 
676 17276.80397 24600 53 48 4 T 
677 17277.44076 24900 4 48 5 C1 
678 17278.45079 22200 3 49 2 D1 
679 17278.81114 25200 1 50 1 B2 
680 17280.10318 29700 5 48 2 C1 
681 17282.20693 26700 1 50 1 A1 
682 17282.66744 25200 3 48 4 C1 
683 17283.92115 24600 2 50 1 B2 
684 17286.81116 24600 0 50 1 B2 
685 17287.54027 27000 2 50 2 A1 
686 17290.48305 24000 0 50 3 A1 
687 17293.30632 24900 4 48 5 C1 
688 17293.96827 24900 1 50 3 A1 
689 17299.83494 26400 2 50 4 A1 
690 17302.61545 22200 3 49 1 C2 
691 17302.80182 23400 0 50 2 A1 
692 17305.28211 22200 4 49 1 C2 
693 17306.19609 23400 1 50 1 A1 
694 17307.81612 22200 5 49 1 C2 
695 17310.45064 23100 4 49 1 D1 
696 17310.56796 22200 3 49 1 C2 
697 17311.46167 24000 2 50 4 A1 
698 17311.57944 23400 1 50 1 B2 
699 17311.955 23400 5 48 2 C1 
700 17314.25449 24900 2 50 3 B2 
701 17315.49051 22200 53 48 1 T 
702 17315.84539 22200 4 49 1 C2 
703 17317.33414 23400 3 48 2 C1 
704 17318.61555 23100 5 49 1 C2 
705 17319.87333 24900 0 50 3 B1 
706 17320.10754 23400 4 48 2 C1 
707 17320.89569 24000 5 49 2 D1 
708 17321.28832 22200 3 49 1 C2 
709 17322.66764 22200 5 48 1 C1 
710 17324.10649 29700 0 50 3 B2 
711 17325.4365 22200 3 48 1 C1 
712 17326.58809 24600 1 50 2 B2 
713 17326.6216 23100 4 49 1 C2 
714 17328.00076 22200 4 48 1 C1 
715 17329.47777 24000 2 50 4 B2 
716 17330.63963 22200 5 48 1 C1 
717 17331.72614 27300 3 49 1 D1 
718 17332.14449 30600 0 50 1 B2 
719 17333.3341 22200 3 48 1 C1 
720 17334.48296 23100 5 49 1 C2 
721 17334.60824 24600 1 50 2 B2 
722 17335.97291 22200 4 48 1 C1 
723 17336.89571 24300 4 49 1 D1 
724 17337.43983 23400 2 50 1 B2 
725 17338.7698 23400 5 48 2 C1 
726 17342.58781 24000 0 50 4 B2 
727 17345.43982 30900 1 50 3 B2 
728 17346.76992 27000 3 48 4 C1 
729 17353.28822 29400 3 49 2 C2 
730 17362.24616 29400 2 50 5 B2 
731 17366.81116 24900 0 50 4 B2 
732 17369.2141 24900 4 49 2 C2 
733 17370.16178 28500 1 50 3 B2 
734 17374.39286 27000 5 49 2 D1 
735 17374.48298 22200 5 49 1 C2 
736 17377.17878 29400 3 49 2 C2 
737 17377.47783 28500 2 50 2 B2 
738 17378.77414 27000 4 48 5 C1 
739 17379.95496 22200 4 49 1 C2 
740 17381.43661 25800 5 48 1 C1 
741 17382.62157 22200 5 49 1 C2 
742 17383.9729 24900 3 48 1 C1 
743 17385.27116 24000 0 50 3 B2 
744 17386.63957 28500 4 48 4 C1 
745 17387.67283 27300 3 49 2 D1 
746 17387.84542 22200 3 49 1 C2 
747 17387.92115 24900 1 50 4 B2 
748 17390.58777 24900 2 50 3 B2 
749 17392.10315 28200 5 48 2 C1 
750 17393.28214 22200 4 49 1 C2 
751 17393.47782 24000 0 50 3 B2 
752 17396.10648 24000 1 50 3 B2 
753 17398.81116 24900 2 50 3 B2 
754 17401.05957 26400 4 49 1 D1 
755 17406.81115 24900 0 50 3 B2 
756 17408.10752 24900 3 48 1 C1 
757 17409.2749 24900 1 50 3 B2 
758 17410.5547 25200 4 48 3 C1 
759 17411.20625 23400 1 50 1 B1 
760 17411.84538 22200 5 49 2 C2 
761 17418.2919 23400 2 50 2 B2 
762 17419.81635 22200 3 49 2 C2 
763 17422.62148 29400 4 49 1 C2 
764 17425.14969 22200 5 49 2 C2 
765 17427.9488 24600 3 49 2 C2 
766 17430.51203 30900 4 49 1 C2 
767 17435.8455 24600 5 49 1 C2 
768 17438.5121 24600 3 49 2 C2 
769 17441.25449 24600 0 50 5 B2 
770 17443.82372 29700 1 50 2 B2 
771 17446.48295 24600 4 49 1 C2 
772 17446.97019 24600 2 50 5 B2 
773 17449.52429 27000 0 50 2 B2 
774 17454.58782 30600 1 50 2 B2 
775 17457.28823 27300 5 49 1 C2 
776 17464.80499 25800 5 48 5 C1 
777 17465.06426 27000 2 50 3 B2 
778 17467.31468 27300 3 49 2 C2 
779 17468.30351 30600 0 50 5 B2 
780 17487.63142 26400 0 50 2 A1 
781 17494.92968 23400 1 50 1 B2 
782 17499.81638 22200 4 49 2 C2 
783 17505.28214 22200 5 49 2 C2 
784 17507.84539 22200 3 49 2 C2 
785 17513.30579 24900 4 49 2 C2 
786 17517.29586 24000 2 50 4 B2 
787 17526.12231 28200 3 48 3 C1 
788 17535.46461 27000 5 49 2 C2 
789 17577.98134 26700 53 50 1 T 
790 17582.85708 26700 53 50 1 T 
791 17587.95901 23400 53 50 2 T 
792 17593.29227 23400 53 50 2 T 
793 17598.38134 26400 53 50 4 T 
794 17603.25708 26400 53 50 4 T 
795 17608.35901 26400 53 50 4 T 
796 17613.69227 26400 53 50 4 T 
797 17617.4999 29400 0 50 1 B2 
798 17619.97923 26400 53 50 4 T 
799 17622.08807 26400 53 49 1 T 
800 17623.65708 26400 53 50 4 T 
801 17625.53624 23400 53 50 2 T 
802 17627.20845 26400 53 49 1 T 
803 17628.5101 23400 53 50 1 T 
804 17628.75901 26400 53 50 4 T 
805 17631.70121 23400 53 48 2 T 
806 17632.50899 26400 53 49 2 T 
807 17634.09227 26400 53 50 4 T 
808 17637.5992 26400 53 49 2 T 
809 17639.18134 26400 53 48 2 T 
810 17642.48806 26400 53 49 1 T 
811 17644.05708 26400 53 48 2 T 
812 17647.60843 26400 53 49 1 T 
813 17649.15901 23400 53 50 1 T 
814 17654.49227 23400 53 50 1 T 
815 17659.58134 26700 53 48 3 T 
816 17664.45708 26700 53 48 3 T 
817 17669.55901 26400 53 50 2 T 
818 17674.89227 26400 53 50 2 T 
819 17677.39673 26400 53 48 2 T 
820 17679.4462 23400 53 50 2 T 
821 17682.04388 26400 53 50 3 T 
822 17684.08394 26400 53 49 1 T 
823 17686.13219 26400 53 50 3 T 
824 17690.18902 26700 53 50 5 T 
825 17695.29227 26700 53 50 5 T 
826 17700.38134 23400 53 48 2 T 
827 17705.25708 23400 53 48 2 T 
828 17729.35382 23400 53 48 2 T 
829 17772.06064 26400 53 49 2 T 
830 17773.98526 24600 53 49 1 T 
831 17781.98525 23100 53 49 1 T 
832 17787.31866 24600 53 50 5 T 
833 17788.02247 26400 53 49 1 T 
834 17789.98533 22200 53 49 1 T 
835 17790.68912 26700 53 48 3 T 
836 17792.65207 24900 53 49 2 T 
837 17793.52445 26400 53 50 3 T 
838 17795.70055 23400 53 50 1 T 
839 17797.9854 24900 53 50 3 T 
840 17803.31864 24900 53 50 4 T 
841 17805.98523 24600 53 50 1 T 
842 17808.65164 24600 53 50 2 T 
843 17829.89066 31200 2 49 2 B1 
844 17832.55728 29100 0 49 3 B1 
845 17838.39289 23400 5 48 2 D1 
846 17838.48292 22200 3 49 2 C2 
847 17839.83527 30300 1 49 1 B1 
848 17841.28218 22200 4 49 2 C2 
849 17843.78385 24900 3 48 5 D1 
850 17844.22912 26400 53 50 4 T 
851 17846.48296 22200 5 49 2 C2 
852 17847.64994 24000 2 49 1 B1 
853 17849.11721 27600 4 48 1 D1 
854 17849.17862 22200 3 49 2 C2 
855 17850.14278 23400 1 50 2 B2 
856 17850.53999 28200 0 49 2 B1 
857 17851.67286 22200 5 48 1 D1 
858 17852.99262 24000 1 49 1 B1 
859 17853.43665 25800 4 48 5 C1 
860 17854.45071 24000 3 49 1 D1 
861 17855.87332 23400 2 50 2 B1 
862 17857.11739 22200 4 48 1 D1 
863 17857.14961 22200 4 49 2 C2 
864 17858.53994 24000 0 49 1 B1 
865 17858.66753 26400 5 48 2 C1 
866 17859.92116 28500 2 50 3 B2 
867 17859.94887 22200 5 49 2 C2 
868 17860.99265 23400 1 50 1 B1 
869 17861.43661 27600 3 48 1 C1 
870 17862.48295 28800 3 49 2 C2 
871 17862.60449 23400 0 50 1 B2 
872 17863.47064 24600 53 48 4 T 
873 17863.83533 24000 2 49 1 B1 
874 17864.04157 24600 4 48 4 C1 
875 17865.2327 27600 4 49 1 C2 
876 17866.13731 24900 53 48 5 T 
877 17867.93782 23400 1 50 1 B2 
878 17868.80402 24600 53 48 3 T 
879 17869.30627 25200 5 48 2 C1 
880 17870.33964 24900 5 49 2 D1 
881 17870.58782 23400 2 50 1 B2 
882 17870.61558 22200 5 49 2 C2 
883 17872.10746 24600 3 48 4 C1 
884 17873.1173 24600 3 49 2 D1 
885 17873.43977 26400 0 50 3 B2 
886 17874.13727 24900 53 48 1 T 
887 17874.76984 24600 4 48 4 C1 
888 17874.89033 24900 1 50 3 A1 
889 17875.56243 27600 4 49 1 D1 
890 17876.1065 23400 1 50 1 B2 
891 17877.33416 28800 5 48 5 C1 
892 17878.33972 27600 5 49 2 D1 
893 17878.4091 24600 2 50 1 A1 
894 17878.58808 23400 2 50 2 B2 
895 17879.39195 24600 53 49 2 T 
896 17880.10758 24600 3 48 4 C1 
897 17881.47781 29100 0 50 3 B2 
898 17881.80337 23400 0 50 2 A1 
899 17882.77395 25200 4 48 2 C1 
900 17884.7447 24900 1 50 3 A1 
901 17885.43647 25800 5 48 1 C1 
902 17887.71844 23400 2 50 1 A1 
903 17891.93781 26700 1 50 1 B2 
904 17891.97797 24000 0 50 3 A1 
905 17897.31131 24000 1 50 4 A1 
906 17899.56219 24600 3 48 4 D1 
907 17899.81621 23100 3 49 1 C2 
908 17900.30126 24900 2 50 4 A1 
909 17900.80949 24600 2 50 2 B2 
910 17902.61543 23100 4 49 1 C2 
911 17903.57171 29400 0 50 1 A1 
912 17905.11719 27000 4 48 5 D1 
913 17905.28832 23100 5 49 1 C2 
914 17906.31665 24000 0 50 3 B1 
915 17906.97427 24600 1 50 5 A1 
916 17908.00578 26400 53 50 4 T 
917 17910.22898 24600 5 48 3 D1 
918 17910.46064 27900 2 50 5 A1 
919 17910.60955 25200 0 50 1 B2 
920 17913.21419 31200 3 49 2 C2 
921 17914.77433 24600 3 48 3 C1 
922 17915.76975 24600 0 50 2 A1 
923 17916.65683 25200 1 50 1 B2 
924 17917.44088 23400 4 48 2 C1 
925 17918.56834 23100 4 49 1 C2 
926 17919.97302 23400 5 48 2 C1 
927 17922.77426 23400 3 48 2 C1 
928 17923.84546 26400 5 49 1 C2 
929 17923.93782 24900 2 50 4 B2 
930 17925.3341 23400 4 48 2 C1 
931 17926.45068 22200 3 49 2 D1 
932 17926.62171 23100 3 49 1 C2 
933 17927.97292 26700 5 48 3 C1 
934 17929.27116 24600 0 50 2 B2 
935 17930.66752 24900 3 48 5 C1 
936 17932.10649 24900 1 50 4 B2 
937 17933.44073 24600 4 48 3 C1 
938 17934.39291 22200 4 49 1 D1 
939 17934.8111 24900 2 50 4 B2 
940 17936.00073 24600 5 48 3 C1 
941 17936.89557 22200 5 49 2 D1 
942 17937.47783 29100 0 50 4 B2 
943 17938.76972 23400 3 48 2 C1 
944 17939.78402 23100 3 49 1 D1 
945 17941.30628 24900 4 48 5 C1 
946 17945.43981 31500 1 50 5 B2 
947 17946.77409 24900 5 48 5 C1 
948 17947.95492 22200 4 49 1 C2 
949 17950.58807 27900 2 50 5 B2 
950 17953.23343 24900 5 49 2 C2 
951 17953.78538 26400 1 50 4 A1 
952 17957.17849 27900 2 50 1 A1 
953 17961.17885 22200 3 49 1 C2 
954 17962.33332 24000 1 50 4 B1 
955 17964.10649 24900 0 50 3 B2 
956 17967.57944 24900 1 50 3 B2 
957 17970.25449 24900 2 50 3 B2 
958 17970.66767 24900 3 48 1 C1 
959 17971.84549 22200 4 49 1 C2 
960 17973.4366 22200 4 48 1 C1 
961 17974.51215 24300 5 49 1 C2 
962 17974.68911 26400 53 50 4 T 
963 17976.00086 22200 5 48 1 C1 
964 17978.76978 24900 3 48 1 C1 
965 17979.56234 24000 4 49 2 D1 
966 17979.81632 24900 3 49 2 C2 
967 17980.14449 30300 0 50 4 B2 
968 17981.30625 25200 4 48 3 C1 
969 17982.6216 24300 4 49 1 C2 
970 17982.77315 24000 1 50 3 B2 
971 17983.97295 25200 5 48 4 C1 
972 17985.14964 24300 5 49 1 C2 
973 17985.43983 24900 2 50 3 B2 
974 17986.6396 28500 3 48 4 C1 
975 17987.95495 24300 3 49 1 C2 
976 17989.16866 24900 2 50 3 B1 
977 17989.33408 24900 4 48 1 C1 
978 17990.81116 24000 0 50 3 B2 
979 17992.10732 25200 5 48 3 C1 
980 17993.26379 27000 1 50 3 B2 
981 17994.66758 22200 3 48 1 C1 
982 17995.56235 22200 5 49 1 D1 
983 17995.9215 24000 2 50 3 B2 
984 17997.33412 25200 4 48 4 C1 
985 17998.39285 22200 3 49 1 D1 
986 18001.0063 24300 4 49 1 D1 
987 18002.76997 29100 5 48 1 C1 
988 18006.81115 26400 0 50 4 B2 
989 18009.10977 23400 1 50 2 B2 
990 18009.17876 22200 4 49 1 C2 
991 18011.84538 22200 5 49 1 C2 
992 18011.91996 26400 2 50 4 B2 
993 18014.44891 26400 0 50 4 B2 
994 18016.74634 24600 3 48 4 C1 
995 18017.28817 22200 3 49 1 C2 
996 18018.24616 24000 1 50 4 B2 
997 18019.81637 22200 4 49 1 C2 
998 18020.83758 31200 2 50 4 B2 
999 18021.30645 22200 4 48 1 C1 
1000 18022.23018 22200 5 49 2 C2 
1001 18027.81639 22200 3 49 1 C2 
1002 18028.19111 26400 53 50 2 T 
1003 18035.92115 25200 0 50 5 B2 
1004 18035.94881 22200 4 49 1 C2 
1005 18037.43649 22200 5 48 1 C1 
1006 18038.61547 22200 5 49 1 C2 
1007 18038.81116 28800 1 50 1 B2 
1008 18041.17876 22200 3 49 1 C2 
1009 18041.47782 26400 2 50 2 B2 
1010 18042.53999 24600 0 50 1 B1 
1011 18043.84544 22200 4 49 1 C2 
1012 18044.14334 27600 0 50 4 B2 
1013 18045.30642 22200 3 48 1 C1 
1014 18046.63958 30300 5 49 1 C2 
1015 18047.62305 24900 1 50 3 B2 
1016 18049.08584 24900 5 48 1 D1 
1017 18051.92116 28500 2 50 2 B2 
1018 18054.39286 24600 3 49 1 D1 
1019 18054.6045 29100 0 50 2 B2 
1020 18061.30624 22200 4 48 1 C1 
1021 18062.48298 24600 3 49 2 C2 
1022 18065.14955 28800 4 49 2 C2 
1023 18066.77416 22200 5 48 1 C1 
1024 18068.80944 24600 1 50 5 B2 
1025 18070.51202 24600 5 49 2 C2 
1026 18071.1962 24600 2 50 2 B2 
1027 18072.17839 26400 1 50 4 B1 
1028 18072.912 23100 3 49 1 C2 
1029 18074.16926 24900 0 50 3 B2 
1030 18075.94892 26400 4 49 2 C2 
1031 18076.7392 24900 1 50 3 B2 
1032 18079.2813 24600 2 50 5 B2 
1033 18084.22912 26700 53 50 1 T 
1034 18088.66193 24600 0 50 1 B2 
1035 18089.28223 26400 5 49 1 C2 
1036 18092.79919 22200 3 49 2 C2 
1037 18095.92247 22200 4 49 1 C2 
1038 18098.42444 22200 5 49 1 C2 
1039 18099.32859 24600 1 50 1 B2 
1040 18100.73766 30000 3 49 1 C2 
1041 18102.18054 28800 2 50 4 B2 
1042 18104.46404 23400 0 50 2 B2 
1043 18105.68031 24600 4 49 2 C2 
1044 18107.35591 24600 1 50 1 B2 
1045 18109.8855 24600 2 50 1 B2 
1046 18112.20149 27900 0 50 1 B2 
1047 18114.8118 24900 5 49 2 C2 
1048 18116.78723 28800 1 50 5 B2 
1049 18119.66055 29400 2 50 1 B2 
1050 18124.10778 28800 3 49 1 C2 
1051 18126.90706 30000 4 49 2 C2 
1052 18132.24661 24600 5 49 1 C2 
1053 18132.78723 24000 0 50 4 B2 
1054 18135.45389 24000 1 50 4 B2 
1055 18137.99307 26700 53 50 5 T 
1056 18150.91328 27600 3 49 2 C2 
1057 18156.24038 27600 4 49 1 C2 
1058 18158.80363 24000 5 49 2 C2 
1059 18161.57992 24000 3 49 2 C2 
1060 18164.24043 24000 4 49 2 C2 
1061 18166.80365 24000 5 49 2 C2 
1062 18178.38572 25200 2 50 5 B2 
1063 18180.43689 24000 53 50 3 T 
1064 18183.62256 26700 0 50 5 B2 
1065 18185.73128 24000 53 50 3 T 
1066 18188.22104 22200 3 49 1 C2 
1067 18188.9559 24600 1 50 5 B2 
1068 18191.06456 27000 53 50 3 T 
1069 18192.82743 22200 3 48 1 C1 
1070 18193.12647 27000 53 50 3 T 
1071 18198.16002 27000 53 50 3 T 
1072 18203.49227 27000 53 50 3 T 
1073 18208.58134 27000 53 48 5 T 
1074 18213.45708 27000 53 48 5 T 
1075 18217.57986 24600 4 49 1 C2 
1076 18218.55901 27000 53 48 4 T 
1077 18221.38494 24900 2 50 3 B2 
1078 18222.30902 27300 53 49 1 T 
1079 18222.86951 24000 53 49 2 T 
1080 18223.89227 27000 53 48 4 T 
1081 18225.82803 24000 53 49 1 T 
1082 18227.39919 27300 53 49 1 T 
1083 18228.98134 24000 53 50 4 T 
1084 18229.03093 24000 53 50 3 T 
1085 18232.28805 24000 53 49 2 T 
1086 18233.85708 24000 53 50 4 T 
1087 18237.40844 24000 53 49 2 T 
1088 18238.95901 24000 53 49 1 T 
1089 18242.70899 27000 53 49 2 T 
1090 18244.29227 24000 53 49 1 T 
1091 18247.79917 27000 53 49 2 T 
1092 18249.38134 27000 53 50 2 T 
1093 18252.68806 24300 53 49 1 T 
1094 18254.25708 27000 53 50 2 T 
1095 18257.80847 24300 53 49 1 T 
1096 18258.21859 22200 5 49 1 C2 
1097 18263.10901 27300 53 49 2 T 
1098 18268.19916 27300 53 49 2 T 
1099 18276.19111 27000 53 48 5 T 
1100 18278.8578 24000 53 49 2 T 
1101 18279.8139 24600 3 49 1 C2 
1102 18281.35578 24000 53 50 4 T 
1103 18294.86934 24300 53 49 1 T 
1104 18310.92399 24000 53 50 4 T 
1105 18318.98725 24000 53 49 1 T 
1106 18334.89581 27000 53 49 2 T 
1107 18337.56245 27000 53 48 4 T 
1108 18342.85778 27000 53 50 3 T 
1109 18379.3186 22200 53 49 1 T 
1110 18388.00579 24300 53 49 1 T 
1111 18392.65177 24600 53 50 1 T 
1112 18397.98526 25200 53 50 1 T 
1113 18398.89579 27000 53 50 3 T 
1114 18400.652 25200 53 50 5 T 
1115 18403.3185 26400 53 50 4 T 
1116 18405.98541 24900 53 50 3 T 
1117 18411.31833 23400 53 50 2 T 
1118 18440.51666 24000 2 49 1 B1 
1119 18441.57365 22200 4 49 2 C2 
1120 18442.80006 24000 0 49 1 B1 
1121 18443.67291 25200 4 48 2 D1 
1122 18444.02247 27300 53 49 1 T 
1123 18445.26508 29100 1 49 3 B1 
1124 18446.22888 25200 5 48 3 D1 
1125 18446.80379 22200 5 49 2 C2 
1126 18449.05954 23400 3 48 2 D1 
1127 18449.57977 22200 3 49 2 C2 
1128 18450.33327 32100 2 49 2 B1 
1129 18451.78391 28200 4 48 2 D1 
1130 18453.30635 28500 4 48 4 C1 
1131 18453.6589 25200 0 50 5 B2 
1132 18453.98523 23400 53 50 1 T 
1133 18454.3928 24600 5 48 3 D1 
1134 18454.91319 24600 4 49 1 C2 
1135 18455.6502 28200 0 49 2 B1 
1136 18455.96789 28200 5 48 2 C1 
1137 18456.43719 25200 1 50 5 B2 
1138 18456.89577 24000 3 49 1 D1 
1139 18457.4412 30900 5 49 2 C2 
1140 18458.31666 23400 1 50 2 B1 
1141 18459.56225 24600 4 48 4 D1 
1142 18460.13703 22200 3 49 2 C2 
1143 18460.80397 24600 53 48 4 T 
1144 18460.98332 24000 2 49 1 B1 
1145 18462.39296 22200 5 49 1 D1 
1146 18462.67245 27000 53 50 2 T 
1147 18462.77448 24600 4 49 1 C2 
1148 18463.47066 23400 53 48 2 T 
1149 18465.15878 23400 2 50 2 B2 
1150 18465.57981 22200 5 49 2 C2 
1151 18466.13735 25200 53 48 3 T 
1152 18466.77414 24600 3 48 4 C1 
1153 18467.67292 22200 3 49 1 D1 
1154 18467.73111 25200 0 50 5 B2 
1155 18468.137 24600 3 49 1 C2 
1156 18469.33412 27000 4 48 4 C1 
1157 18470.45075 22200 4 49 1 D1 
1158 18470.55487 23400 1 50 2 B2 
1159 18470.80371 24600 4 49 1 C2 
1160 18471.47065 25200 53 48 4 T 
1161 18472.05384 24600 5 48 4 C1 
1162 18473.63516 25200 0 50 5 A1 
1163 18474.13728 25200 53 48 2 T 
1164 18476.6089 23400 1 50 2 A1 
1165 18476.78723 23400 2 50 2 B2 
1166 18477.43646 24600 3 48 4 C1 
1167 18479.66051 29700 0 50 3 B2 
1168 18480.05178 24000 2 50 3 A1 
1169 18480.10316 24600 4 48 4 C1 
1170 18481.00635 24900 5 49 2 D1 
1171 18482.32724 23400 1 50 2 B2 
1172 18482.7741 24600 5 48 4 C1 
1173 18483.33845 23400 0 50 1 A1 
1174 18485.33418 27000 3 48 5 C1 
1175 18487.43722 26400 2 50 3 B2 
1176 18488.02229 26400 1 50 4 A1 
1177 18488.10308 24600 4 48 4 C1 
1178 18492.9939 28500 0 50 2 B2 
1179 18495.03573 24600 2 50 2 A1 
1180 18495.66056 29400 1 50 1 B2 
1181 18498.43829 24900 0 50 3 A1 
1182 18499.67289 28200 3 48 3 D1 
1183 18501.92466 24000 1 50 4 A1 
1184 18502.22886 24900 4 48 5 D1 
1185 18502.8578 27300 53 49 2 T 
1186 18502.91307 24600 5 49 2 C2 
1187 18503.83527 32100 0 49 3 B1 
1188 18504.86485 24600 2 50 5 A1 
1189 18505.00621 22200 5 48 1 D1 
1190 18505.47024 24600 3 49 2 C2 
1191 18506.72284 22200 5 48 1 C1 
1192 18507.79818 27600 0 50 4 A1 
1193 18508.13699 22200 4 49 2 C2 
1194 18508.99994 24000 1 49 1 B1 
1195 18509.77057 24900 2 50 3 B2 
1196 18510.39287 25200 3 48 4 D1 
1197 18510.73151 25200 1 50 1 A1 
1198 18510.90703 26400 5 49 2 C2 
1199 18514.28924 24900 0 50 3 B2 
1200 18514.66755 22200 3 48 1 C1 
1201 18515.67297 23100 4 49 1 D1 
1202 18516.45435 24000 53 50 3 T 
1203 18517.20665 24600 2 50 2 B1 
1204 18518.39279 22200 5 48 1 D1 
1205 18518.77461 24600 3 49 2 C2 
1206 18520.42885 24900 1 50 3 B2 
1207 18520.89575 27600 3 49 1 D1 
1208 18521.47026 27000 4 49 2 C2 
1209 18522.33333 24600 0 50 1 B1 
1210 18522.95101 24900 2 50 3 B2 
1211 18523.78399 23100 4 49 1 D1 
1212 18525.33411 24600 4 48 3 C1 
1213 18526.90707 22200 5 49 2 C2 
1214 18528.00076 22200 5 48 1 C1 
1215 18530.28923 23400 0 50 1 B2 
1216 18530.77428 22200 3 48 1 C1 
1217 18532.10786 22200 3 49 2 C2 
1218 18532.77077 23400 1 50 1 B2 
1219 18533.44068 22200 4 48 1 C1 
1220 18534.77461 22200 4 49 2 C2 
1221 18535.66057 23400 2 50 1 B2 
1222 18536.10739 22200 5 48 1 C1 
1223 18537.11742 24000 5 49 2 D1 
1224 18538.32723 26700 0 50 5 B2 
1225 18538.66752 24600 3 48 3 C1 
1226 18540.79098 23400 1 50 1 B2 
1227 18541.44082 24600 4 48 3 C1 
1228 18543.97293 22200 5 48 1 C1 
1229 18546.1039 27000 2 50 2 B2 
1230 18546.63964 24600 3 48 3 C1 
1231 18554.10389 23400 0 50 1 B2 
1232 18555.07425 24600 2 50 1 A1 
1233 18557.44091 24900 4 48 5 C1 
1234 18558.84539 29400 5 49 2 C2 
1235 18563.09557 24600 1 50 1 B2 
1236 18564.24651 24300 3 49 1 C2 
1237 18565.59869 24900 0 50 4 A1 
1238 18569.44121 24300 4 49 1 C2 
1239 18570.32724 24600 2 50 1 B2 
1240 18570.77425 25200 5 48 3 C1 
1241 18571.72619 22200 3 49 2 D1 
1242 18572.10781 29400 5 49 1 C2 
1243 18574.77449 24300 3 49 1 C2 
1244 18575.83533 24600 1 50 5 B1 
1245 18575.97303 24900 3 48 5 C1 
1246 18577.11733 22200 4 49 2 D1 
1247 18577.57379 30900 4 49 1 C2 
1248 18578.32724 24600 0 50 1 B2 
1249 18578.76983 24900 4 48 5 C1 
1250 18579.5623 24600 5 49 2 D1 
1251 18580.24648 24300 5 49 1 C2 
1252 18580.7799 24900 1 50 3 B2 
1253 18580.98332 26400 2 50 4 B1 
1254 18582.90715 24300 3 49 1 C2 
1255 18584.00074 26700 5 48 3 C1 
1256 18584.34452 24600 2 50 1 B2 
1257 18585.23687 24000 0 49 1 B1 
1258 18586.63957 25200 3 48 2 C1 
1259 18588.78718 24900 0 50 3 B2 
1260 18589.33429 25800 4 48 5 C1 
1261 18591.43723 24900 1 50 3 B2 
1262 18591.97299 25200 5 48 2 C1 
1263 18593.57369 27300 4 49 1 C2 
1264 18594.28922 24900 2 50 3 B2 
1265 18594.76991 22200 3 48 1 C1 
1266 18596.99389 24900 0 50 3 B2 
1267 18597.30622 25800 4 48 5 C1 
1268 18598.22906 24600 3 49 1 D1 
1269 18599.45766 24900 1 50 3 B2 
1270 18599.97568 24900 5 48 5 C1 
1271 18607.63737 32100 1 49 1 B1 
1272 18609.57993 23100 5 49 1 C2 
1273 18610.12057 24900 2 50 3 B2 
1274 18610.66751 23400 3 48 2 C1 
1275 18612.10773 23100 3 49 1 C2 
1276 18612.78722 24900 0 50 3 B2 
1277 18613.08538 31800 4 48 4 C1 
1278 18616.34457 30600 1 50 5 B2 
1279 18622.90702 23100 4 49 1 C2 
1280 18623.43724 26400 2 50 4 B2 
1281 18626.71523 23400 0 50 2 B2 
1282 18628.24041 23100 5 49 1 C2 
1283 18630.49286 23400 2 50 1 B1 
1284 18630.90702 23100 3 49 1 C2 
1285 18632.10327 23400 5 48 2 C1 
1286 18633.44526 23100 4 49 1 C2 
1287 18634.62473 24600 3 48 4 C1 
1288 18636.77057 26400 1 50 4 B2 
1289 18637.20666 24000 0 50 3 B1 
1290 18638.01261 29700 4 48 2 C1 
1291 18638.91327 23100 5 49 1 C2 
1292 18639.67041 24900 1 50 4 B1 
1293 18640.41209 23400 5 48 2 C1 
1294 18641.5799 23100 3 49 1 C2 
1295 18642.12056 24600 2 50 5 B2 
1296 18642.77324 23400 3 48 2 C1 
1297 18644.99389 24600 0 50 2 B2 
1298 18647.82024 23400 4 48 2 C1 
1299 18649.57986 26400 4 49 1 C2 
1300 18650.28918 24600 1 50 2 B2 
1301 18651.90402 24600 5 49 2 C2 
1302 18652.77081 24600 2 50 5 B2 
1303 18652.94102 25200 5 48 3 C1 
1304 18655.62257 24600 0 50 5 B2 
1305 18658.19368 25200 3 48 4 C1 
1306 18658.99219 26400 1 50 4 B2 
1307 18660.86018 23400 4 48 2 C1 
1308 18663.28532 22200 5 48 1 C1 
1309 18663.62257 24600 2 50 1 B2 
1310 18666.3326 25200 3 48 3 C1 
1311 18668.24032 22200 3 49 1 C2 
1312 18669.6589 24000 0 50 3 B2 
1313 18670.8037 22200 4 49 1 C2 
1314 18681.57981 22200 5 49 1 C2 
1315 18681.90067 24900 1 50 3 A1 
1316 18684.24651 22200 3 49 1 C2 
1317 18686.91314 22200 4 49 1 C2 
1318 18692.13709 22200 5 49 1 C2 
1319 18692.88805 25800 4 48 1 C1 
1320 18694.77453 22200 3 49 1 C2 
1321 18695.66137 29700 5 48 3 C1 
1322 18696.93571 24900 4 48 1 D1 
1323 18697.44119 22200 4 49 1 C2 
1324 18698.32718 28500 1 50 3 B2 
1325 18700.13706 22200 5 49 1 C2 
1326 18700.71394 30600 2 50 1 B2 
1327 18700.88809 24900 3 48 1 C1 
1328 18700.98333 24000 2 50 4 B1 
1329 18703.66141 24900 4 48 1 C1 
1330 18703.68699 30900 0 50 3 B2 
1331 18706.10417 29400 1 50 5 B2 
1332 18706.32382 28200 5 48 3 C1 
1333 18708.66048 25200 2 50 1 B2 
1334 18710.9759 29700 0 50 2 B2 
1335 18711.66145 24900 3 48 1 C1 
1336 18713.47029 23100 3 49 1 C2 
1337 18713.5135 25200 1 50 1 B2 
1338 18714.32377 26400 4 48 2 C1 
1339 18716.17702 25200 2 50 1 B2 
1340 18716.7419 29400 4 49 2 C2 
1341 18716.99042 25800 5 48 1 C1 
1342 18719.6203 24000 0 50 3 B2 
1343 18719.65699 24900 3 48 1 C1 
1344 18721.44127 24000 5 49 2 C2 
1345 18722.1749 31500 1 50 5 B2 
1346 18724.95368 26700 2 50 1 B2 
1347 18727.50828 26400 0 50 2 B2 
1348 18729.57973 22200 3 49 1 C2 
1349 18734.80366 24000 4 49 2 C2 
1350 18737.47032 22200 5 49 1 C2 
1351 18737.47235 24000 1 50 4 B2 
1352 18742.77462 22200 3 49 1 C2 
1353 18745.47027 22200 4 49 1 C2 
1354 18748.24034 22200 5 49 1 C2 
1355 18750.90707 22200 3 49 1 C2 
1356 18752.73424 25200 4 48 2 C1 
1357 18753.44122 22200 4 49 1 C2 
1358 18753.51034 24000 2 50 4 B2 
1359 18758.62029 24900 0 50 4 B2 
1360 18761.30366 24900 1 50 4 B2 
1361 18764.17701 30600 2 50 2 B2 
1362 18766.80568 24000 0 50 4 B2 
1363 18770.27863 24000 1 50 4 B2 
1364 18772.10375 22200 5 49 1 C2 
1365 18772.81426 24000 2 50 3 B2 
1366 18775.35607 27000 0 50 3 B2 
1367 18777.60253 24900 1 50 4 B2 
1368 18780.10159 24600 53 50 2 T 
1369 18782.59644 27000 2 50 3 B2 
1370 18785.08005 24600 53 50 2 T 
1371 18788.13689 24900 3 49 2 C2 
1372 18788.18134 24600 53 50 5 T 
1373 18791.41369 26400 4 49 1 C2 
1374 18793.05708 24600 53 50 5 T 
1375 18795.37099 25200 5 48 4 C1 
1376 18796.10791 24900 5 49 2 C2 
1377 18798.15901 27600 53 48 1 T 
1378 18802.32777 24600 0 50 2 B2 
1379 18804.1787 24000 3 49 2 C2 
1380 18804.77383 27600 53 48 1 T 
1381 18808.58134 24900 53 50 4 T 
1382 18809.57983 24900 4 49 2 C2 
1383 18812.2465 24000 5 49 2 C2 
1384 18813.45708 24900 53 50 4 T 
1385 18814.90715 29400 3 49 1 C2 
1386 18818.55901 24900 53 50 3 T 
1387 18818.63557 25200 3 48 4 C1 
1388 18822.08807 24600 53 49 1 T 
1389 18822.92381 24600 53 50 2 T 
1390 18825.17486 24600 1 50 1 B2 
1391 18825.9193 24600 53 49 2 T 
1392 18827.20845 24600 53 49 1 T 
1393 18827.28358 24900 53 50 3 T 
1394 18829.04837 24600 53 48 3 T 
1395 18829.40034 24900 53 50 3 T 
1396 18832.21144 24900 53 48 1 T 
1397 18832.50901 24900 53 49 2 T 
1398 18833.96823 24900 53 50 3 T 
1399 18836.24039 24000 4 49 2 C2 
1400 18837.5992 24900 53 49 2 T 
1401 18838.95901 24900 53 50 3 T 
1402 18842.48806 27600 53 49 1 T 
1403 18844.29227 24900 53 50 3 T 
1404 18846.30535 24300 5 49 1 D1 
1405 18847.33423 24000 2 50 3 B2 
1406 18847.60842 27600 53 49 1 T 
1407 18849.78022 24900 53 50 3 T 
1408 18852.909 27600 53 49 1 T 
1409 18854.25708 27600 53 50 4 T 
1410 18857.99915 27600 53 49 1 T 
1411 18859.35901 27600 53 50 4 T 
1412 18862.88806 24600 53 49 2 T 
1413 18864.69227 24900 53 48 1 T 
1414 18868.00848 24600 53 49 2 T 
1415 18869.78134 24900 53 48 1 T 
1416 18873.30897 27600 53 49 2 T 
1417 18874.65708 24600 53 50 1 T 
1418 18878.39921 27600 53 49 2 T 
1419 18878.85778 24600 53 50 2 T 
1420 18878.92425 24900 53 48 5 T 
1421 18880.9786 24600 53 50 1 T 
1422 18885.09227 24600 53 50 1 T 
1423 18886.86944 24600 53 50 5 T 
1424 18889.33911 24900 53 48 5 T 
1425 18889.82789 24900 53 49 2 T 
1426 18891.81208 24600 53 50 1 T 
1427 18895.05708 24900 53 48 5 T 
1428 18900.15901 24900 53 48 5 T 
1429 18905.49227 27900 53 50 1 T 
1430 18910.58134 27900 53 50 1 T 
1431 18915.45708 24600 53 48 4 T 
1432 18920.55901 24600 53 48 4 T 
1433 18926.97284 27600 53 49 2 T 
1434 18928.99921 24600 53 48 4 T 
1435 18929.59047 24600 53 49 1 T 
1436 18929.60397 27300 5 49 2 C2 
1437 18931.11301 24600 53 48 4 T 
1438 18935.85898 27900 53 50 5 T 
1439 18937.53623 24900 53 50 4 T 
1440 18940.49467 24600 53 50 1 T 
1441 18940.95901 27900 53 50 5 T 
1442 18943.74497 24600 53 49 1 T 
1443 18943.75342 24600 53 48 4 T 
1444 18946.3093 24600 53 48 3 T 
1445 18948.74506 24900 53 48 1 T 
1446 18951.38134 24600 53 48 3 T 
1447 18961.843 24900 3 49 2 C2 
1448 18969.53622 24900 53 50 3 T 
1449 18976.65199 24300 53 49 1 T 
1450 18980.12678 24600 53 50 1 T 
1451 18981.98523 24000 53 49 2 T 
1452 18984.08011 24600 53 50 1 T 
1453 18987.31864 22200 53 49 1 T 
1454 18989.9853 24000 53 50 4 T 
1455 18995.31863 22200 53 49 2 T 
1456 18996.02247 27600 53 49 1 T 
1457 18997.98521 24000 53 50 3 T 
1458 19001.52445 27600 53 48 1 T 
1459 19003.3187 24900 53 50 3 T 
1460 19005.98528 27000 53 50 3 T 
1461 19029.87161 24000 0 49 1 B1 
1462 19033.44117 24600 4 49 2 C2 
1463 19038.22899 23400 3 48 2 D1 
1464 19038.91327 24600 5 49 2 C2 
1465 19039.00746 26400 53 50 4 T 
1466 19041.11724 25800 4 48 1 D1 
1467 19043.20499 24000 1 49 1 B1 
1468 19043.67286 24600 5 48 4 D1 
1469 19044.02245 24600 53 50 5 T 
1470 19045.5037 31200 2 49 2 B1 
1471 19046.39276 24600 3 48 4 D1 
1472 19047.94117 29100 0 49 3 B1 
1473 19049.00624 24900 4 48 1 D1 
1474 19050.19363 25200 4 48 4 C1 
1475 19050.41012 24000 1 49 1 B1 
1476 19051.78403 22200 5 48 1 D1 
1477 19052.86096 24900 0 50 4 B2 
1478 19052.98332 30300 2 49 1 B1 
1479 19054.80364 22200 3 49 2 C2 
1480 19055.47092 24000 53 49 1 T 
1481 19055.61201 24900 1 50 4 B2 
1482 19055.83532 24600 0 50 5 B1 
1483 19057.05962 24000 3 49 1 D1 
1484 19057.30694 24600 53 50 1 T 
1485 19057.5799 22200 4 49 2 C2 
1486 19058.32814 24600 5 48 4 C1 
1487 19058.53994 28200 1 49 2 B1 
1488 19060.17701 29100 2 50 2 B2 
1489 19060.24035 22200 5 49 2 C2 
1490 19060.86014 24600 3 48 4 C1 
1491 19061.00374 25200 2 50 1 B1 
1492 19062.64077 24600 0 50 5 B2 
1493 19062.91316 28800 3 49 2 C2 
1494 19063.47064 25800 53 48 1 T 
1495 19063.66147 24600 4 48 4 C1 
1496 19063.87327 24000 0 49 1 B1 
1497 19065.12052 24600 53 48 4 T 
1498 19065.57373 22200 4 49 2 C2 
1499 19066.13731 22200 53 48 1 T 
1500 19066.32797 24600 5 48 4 C1 
1501 19067.17061 27600 53 49 1 T 
1502 19068.13698 22200 5 49 2 C2 
1503 19068.80402 25800 53 48 5 T 
1504 19068.99484 24600 3 48 4 C1 
1505 19069.27863 24600 1 50 5 B2 
1506 19070.39281 23100 4 49 1 D1 
1507 19070.91323 24600 3 49 2 C2 
1508 19071.55477 24600 4 48 4 C1 
1509 19071.67971 24600 2 50 5 B2 
1510 19071.86223 23400 2 50 1 A1 
1511 19072.89577 24000 5 49 2 D1 
1512 19074.13239 25200 0 50 1 B2 
1513 19074.13727 24600 53 48 4 T 
1514 19074.22137 24600 5 48 4 C1 
1515 19075.67297 22200 3 49 2 D1 
1516 19076.86026 24600 3 48 4 C1 
1517 19078.33966 23100 4 49 1 D1 
1518 19079.66125 27000 4 48 5 C1 
1519 19080.36614 24000 0 50 4 A1 
1520 19081.30362 25200 1 50 1 B2 
1521 19082.22133 24600 5 48 4 C1 
1522 19083.52753 23400 1 50 2 A1 
1523 19083.97034 31500 2 50 5 B2 
1524 19086.46086 24600 2 50 2 A1 
1525 19086.80566 25200 0 50 1 B2 
1526 19089.30367 27000 1 50 2 B2 
1527 19089.42775 24900 0 50 4 A1 
1528 19091.72624 25800 5 48 5 D1 
1529 19092.82086 23400 1 50 2 A1 
1530 19092.86023 32400 3 48 5 C1 
1531 19095.78775 24600 2 50 5 A1 
1532 19097.57366 24300 4 49 1 C2 
1533 19098.53994 24000 1 49 1 B1 
1534 19099.1903 25200 0 50 5 A1 
1535 19100.99055 22200 4 48 1 C1 
1536 19102.22885 24900 3 48 5 D1 
1537 19102.67668 23400 1 50 1 A1 
1538 19102.90696 24900 5 49 2 C2 
1539 19105.11727 23400 4 48 2 D1 
1540 19105.65041 24000 2 50 3 A1 
1541 19107.78388 24600 5 48 3 D1 
1542 19108.13709 24900 3 49 2 C2 
1543 19108.86101 23400 2 50 2 B2 
1544 19109.07708 25200 0 50 1 A1 
1545 19110.33946 25200 3 48 4 D1 
1546 19112.89574 25200 4 48 3 D1 
1547 19113.35291 26400 1 50 4 A1 
1548 19113.44123 24900 4 49 2 C2 
1549 19114.502 24900 2 50 4 B1 
1550 19116.13705 30300 5 49 1 C2 
1551 19116.88803 22200 5 48 1 C1 
1552 19118.62035 23400 0 50 2 B2 
1553 19118.80368 24600 3 49 2 C2 
1554 19119.55472 25200 3 48 3 C1 
1555 19119.87332 25200 0 50 5 B1 
1556 19121.0596 24600 5 49 1 D1 
1557 19121.287 25200 1 50 5 B2 
1558 19121.57977 24900 4 49 2 C2 
1559 19122.22144 22200 4 48 1 C1 
1560 19122.32596 24000 1 49 1 B1 
1561 19123.78404 24300 3 49 1 D1 
1562 19123.85952 24600 53 48 4 T 
1563 19124.88821 25200 5 48 3 C1 
1564 19126.33959 24600 4 49 2 D1 
1565 19126.51983 25200 2 50 5 B2 
1566 19126.91319 28800 5 49 1 C2 
1567 19127.65697 22200 3 48 1 C1 
1568 19128.64948 24600 53 49 2 T 
1569 19130.19348 25200 4 48 3 C1 
1570 19130.6763 23400 0 50 2 B2 
1571 19132.10788 30000 3 49 1 C2 
1572 19132.86022 25200 5 48 4 C1 
1573 19135.52679 25200 3 48 3 C1 
1574 19135.53076 23400 1 50 2 B2 
1575 19137.11736 24900 5 49 2 D1 
1576 19138.00501 31200 2 50 4 B2 
1577 19138.32372 22200 4 48 1 C1 
1578 19140.88803 25200 5 48 4 C1 
1579 19142.77459 22200 4 49 1 C2 
1580 19143.6571 25200 3 48 4 C1 
1581 19145.31775 27900 53 50 5 T 
1582 19148.13901 24900 0 50 4 B2 
1583 19149.81 24600 2 50 1 A1 
1584 19152.78194 24900 0 50 3 A1 
1585 19153.47233 24900 1 50 4 B2 
1586 19155.94333 24900 1 50 3 A1 
1587 19156.99481 23400 4 48 2 C1 
1588 19158.89579 24900 53 50 3 T 
1589 19158.91022 24600 2 50 1 A1 
1590 19158.91306 22200 5 49 1 C2 
1591 19160.89554 25200 3 48 2 D1 
1592 19160.95289 28800 2 50 1 B2 
1593 19162.30333 24900 0 50 3 A1 
1594 19169.44126 24300 3 49 1 C2 
1595 19172.10785 24300 4 49 1 C2 
1596 19172.84201 26400 0 50 2 B2 
1597 19172.86018 24900 5 48 5 C1 
1598 19174.77046 22200 5 49 1 C2 
1599 19175.87333 23400 2 50 2 B1 
1600 19177.51035 24000 1 50 4 B2 
1601 19178.17566 24900 3 48 1 C1 
1602 19178.32599 24000 0 50 4 B1 
1603 19179.6021 24600 53 48 3 T 
1604 19180.13697 22200 3 49 1 C2 
1605 19182.18869 27600 2 50 4 B2 
1606 19182.80365 24300 4 49 1 C2 
1607 19183.66141 24900 4 48 1 C1 
1608 19184.72619 28800 0 50 4 B2 
1609 19186.18954 28800 5 48 5 C1 
1610 19187.1789 24000 1 50 4 B2 
1611 19191.65711 24900 3 48 5 C1 
1612 19192.89568 22200 4 49 1 D1 
1613 19193.28699 23400 2 50 2 B2 
1614 19193.57367 24300 5 49 1 C2 
1615 19194.32816 24900 4 48 1 C1 
1616 19196.13901 24000 0 50 4 B2 
1617 19196.99045 24900 5 48 5 C1 
1618 19201.47234 24000 1 50 4 B2 
1619 19202.19352 24900 3 48 5 C1 
1620 19204.17701 23400 2 50 2 B2 
1621 19204.52107 24600 3 49 2 C2 
1622 19204.99478 24900 4 48 5 C1 
1623 19206.84367 23400 0 50 2 B2 
1624 19207.08709 24600 4 49 1 C2 
1625 19212.88816 25800 5 48 5 C1 
1626 19218.27863 24900 1 50 3 B2 
1627 19220.13695 24600 5 49 1 C2 
1628 19220.81781 24900 53 50 3 T 
1629 19222.90702 22200 3 49 1 C2 
1630 19223.62034 24900 2 50 3 B2 
1631 19223.65712 23400 3 48 2 C1 
1632 19225.57377 26400 4 49 2 C2 
1633 19226.19286 24900 53 49 2 T 
1634 19230.77453 27300 5 49 1 C2 
1635 19230.89502 24600 0 50 5 B2 
1636 19233.57379 22200 3 49 1 C2 
1637 19234.33332 24000 1 50 3 B1 
1638 19235.95362 26400 1 50 3 B2 
1639 19236.98333 23400 2 50 1 B1 
1640 19238.62035 26700 2 50 1 B2 
1641 19239.6573 23400 4 48 2 C1 
1642 19241.44121 27600 4 49 1 C2 
1643 19241.47234 30300 0 50 4 B2 
1644 19242.32804 23400 5 48 2 C1 
1645 19243.85197 24900 5 49 2 C2 
1646 19244.99036 23400 3 48 2 C1 
1647 19246.29817 30000 3 49 2 C2 
1648 19246.84367 26700 1 50 1 B2 
1649 19247.65706 26700 4 48 3 C1 
1650 19249.47235 24900 2 50 3 B2 
1651 19249.57981 22200 4 49 1 C2 
1652 19250.328 23400 5 48 2 C1 
1653 19252.88803 28500 3 48 4 C1 
1654 19254.637 29100 0 50 4 B2 
1655 19255.55476 26700 4 48 3 C1 
1656 19257.287 28500 1 50 3 B2 
1657 19259.95367 26400 2 50 2 B2 
1658 19260.94103 23400 5 48 2 C1 
1659 19262.51733 23400 0 50 2 B2 
1660 19262.76926 28800 5 49 2 C2 
1661 19265.47182 26400 1 50 3 B2 
1662 19266.22144 23400 3 48 2 C1 
1663 19274.19362 27600 4 48 1 C1 
1664 19278.91323 27000 3 49 2 C2 
1665 19279.61201 24900 2 50 3 B2 
1666 19281.44109 26400 4 49 1 C2 
1667 19284.02245 24900 53 50 3 T 
1668 19284.24647 24600 5 49 1 C2 
1669 19286.49075 24900 0 50 3 B2 
1670 19288.8356 27900 1 50 1 B2 
1671 19290.32804 24600 5 48 3 C1 
1672 19292.24036 26400 3 49 1 C2 
1673 19292.75703 24900 2 50 3 B2 
1674 19292.86026 25800 3 48 1 C1 
1675 19293 26400 0 50 4 B1 
1676 19295.29031 24900 0 50 3 B2 
1677 19295.5217 25800 4 48 1 C1 
1678 19297.51035 24900 1 50 3 B2 
1679 19297.57991 24600 4 49 1 C2 
1680 19298.50199 24600 1 50 2 B1 
1681 19299.9741 24900 2 50 3 B2 
1682 19300.2404 27600 5 49 1 C2 
1683 19300.99491 24600 5 48 3 C1 
1684 19302.62034 24900 0 50 3 B2 
1685 19303.55469 24600 3 48 3 C1 
1686 19305.44528 24600 3 49 1 C2 
1687 19305.51035 24900 1 50 3 B2 
1688 19306.32809 29100 4 48 1 C1 
1689 19307.97409 24900 2 50 3 B2 
1690 19310.50726 25200 0 50 5 B2 
1691 19310.97475 22200 4 49 1 C2 
1692 19311.52971 24600 5 48 3 C1 
1693 19315.97034 24900 1 50 3 B2 
1694 19316.24034 23100 5 49 1 C2 
1695 19316.99473 25800 3 48 5 C1 
1696 19318.80372 23100 3 49 1 C2 
1697 19318.80566 24900 2 50 3 B2 
1698 19321.28727 24900 0 50 3 B2 
1699 19324.86023 25800 4 48 5 C1 
1700 19330.19434 24000 1 50 3 B2 
1701 19331.23784 24900 5 48 1 C1 
1702 19332.96674 24300 4 49 1 C2 
1703 19340.84196 24000 2 50 3 B2 
1704 19340.88799 27000 3 48 4 C1 
1705 19342.80372 23100 5 49 1 C2 
1706 19342.89841 27600 53 50 4 T 
1707 19345.01055 24000 0 50 4 B2 
1708 19345.57982 23100 3 49 1 C2 
1709 19347.49497 23400 1 50 1 B2 
1710 19348.137 26400 4 49 1 C2 
1711 19349.16866 24600 2 50 1 B1 
1712 19350.90704 23100 5 49 1 C2 
1713 19350.95201 23400 2 50 1 B2 
1714 19353.30367 23400 0 50 1 B2 
1715 19354.19351 26400 4 48 2 C1 
1716 19355.95368 32400 1 50 1 B2 
1717 19356.61864 24900 5 48 1 C1 
1718 19358.80567 23400 2 50 1 B2 
1719 19358.91317 23100 3 49 1 C2 
1720 19361.47038 23100 4 49 1 C2 
1721 19362.19349 25200 3 48 2 C1 
1722 19364.13902 23400 0 50 1 B2 
1723 19364.88823 26400 4 48 2 C1 
1724 19366.77455 23100 5 49 1 C2 
1725 19367.55467 25200 5 48 2 C1 
1726 19369.18529 26400 3 49 2 C2 
1727 19372.10782 23100 4 49 1 C2 
1728 19374.91304 31200 5 49 2 C2 
1729 19375.52691 25200 3 48 2 C1 
1730 19377.75708 25200 53 50 5 T 
1731 19380.61635 24900 1 50 3 B2 
1732 19382.84995 23400 2 50 1 B2 
1733 19384.90113 25200 53 50 5 T 
1734 19386.32386 25200 4 48 2 C1 
1735 19387.40078 23400 0 50 1 B2 
1736 19390.03412 28800 1 50 5 B2 
1737 19392.06684 25200 53 50 1 T 
1738 19394.25148 25200 53 50 1 T 
1739 19396.10795 27600 3 49 2 C2 
1740 19398.77449 24000 4 49 2 C2 
1741 19398.88323 26700 2 50 5 B2 
1742 19401.51655 25200 53 48 4 T 
1743 19404.04006 24900 0 50 3 B2 
1744 19406.16724 25200 53 48 4 T 
1745 19406.80362 24000 5 49 2 C2 
1746 19408.66469 29100 1 50 3 B2 
1747 19409.47032 24000 3 49 2 C2 
1748 19411.14793 28500 53 48 4 T 
1749 19413.2628 24900 53 50 4 T 
1750 19413.94349 23400 5 48 2 C1 
1751 19415.47644 27000 2 50 3 B2 
1752 19417.59735 28500 53 48 4 T 
1753 19419.63176 28500 0 50 2 B2 
1754 19420.30274 27300 4 49 2 C2 
1755 19421.92776 26700 1 50 5 B2 
1756 19423.19899 24000 5 49 2 C2 
1757 19423.97769 28500 53 48 4 T 
1758 19425.59091 25200 53 48 3 T 
1759 19426.64435 29400 2 50 1 B2 
1760 19428.58668 25200 53 50 1 T 
1761 19429.27769 24000 0 50 3 B2 
1762 19431.38712 28500 53 48 4 T 
1763 19431.71529 25200 53 48 2 T 
1764 19433.57366 24000 3 49 2 C2 
1765 19434.02045 27900 1 50 5 B2 
1766 19436.65378 28200 53 48 2 T 
1767 19436.70812 25200 53 48 4 T 
1768 19438.81453 28200 53 48 2 T 
1769 19440.89247 24000 2 50 3 B2 
1770 19443.55914 24000 0 50 3 B2 
1771 19445.59185 25200 53 48 2 T 
1772 19448.25851 27000 1 50 3 B2 
1773 19448.34684 25800 3 48 1 C1 
1774 19450.55451 25200 53 48 2 T 
1775 19453.18785 24600 2 50 1 B2 
1776 19455.85451 28500 53 50 3 T 
1777 19457.97343 26400 0 50 4 B2 
1778 19460.10586 28500 53 50 3 T 
1779 19462.1886 27900 53 50 1 T 
1780 19463.40794 26400 4 49 1 C2 
1781 19464.84891 24600 1 50 2 B2 
1782 19467.01212 28500 53 50 3 T 
1783 19469.67878 24600 2 50 1 B2 
1784 19471.81026 24600 4 48 3 C1 
1785 19472.31212 28500 53 50 3 T 
1786 19474.94545 26400 0 50 4 B2 
1787 19477.61212 28200 53 49 2 T 
1788 19479.73103 24600 1 50 2 B2 
1789 19482.3977 28200 53 49 2 T 
1790 19484.4304 24600 2 50 2 B2 
1791 19486.7264 28200 53 49 2 T 
1792 19489.39943 28200 53 49 2 T 
1793 19492.05974 28200 53 49 2 T 
1794 19492.25733 25200 53 50 5 T 
1795 19494.69307 24600 0 50 2 B2 
1796 19496.98435 28200 53 48 3 T 
1797 19499.12915 26400 1 50 4 B2 
1798 19501.80217 28500 53 48 4 T 
1799 19503.9416 28200 53 48 3 T 
1800 19505.98001 26400 2 50 4 B2 
1801 19508.61334 26400 0 50 4 B2 
1802 19510.83334 25200 53 48 3 T 
1803 19513.50001 26400 1 50 4 B2 
1804 19516.16668 25200 53 48 3 T 
1805 19518.80001 24600 2 50 1 B2 
1806 19521.02001 28500 53 50 2 T 
1807 19523.16753 25200 53 50 1 T 
1808 19525.7945 28500 53 50 2 T 
1809 19528.0145 28500 53 50 2 T 
1810 19530.68117 24600 0 50 1 B2 
1811 19533.3145 28500 53 50 2 T 
1812 19535.94784 23400 1 50 1 B2 
1813 19538.6145 24600 2 50 1 B2 
1814 19541.2542 28200 53 49 2 T 
1815 19543.88753 28500 53 48 4 T 
1816 19545.91643 24600 0 50 1 B2 
1817 19549.29053 24600 1 50 1 B2 
1818 19551.76973 24600 2 50 1 B2 
1819 19566.85778 25200 53 50 5 T 
1820 19580.34556 24000 5 49 2 C2 
1821 19581.98523 26400 53 49 1 T 
1822 19584.65194 24900 53 49 2 T 
1823 19587.31872 26400 53 49 2 T 
1824 19589.98526 24600 53 49 1 T 
1825 19595.31859 24600 53 50 2 T 
1826 19597.98534 24900 53 50 4 T 
1827 19600.65175 26700 53 50 5 T 
1828 19601.33911 28200 53 48 2 T 
1829 19603.31866 26400 53 50 3 T 
1830 19605.98516 24900 53 50 3 T 
1831 19613.98523 26400 53 50 2 T 
1832 19622.89579 28500 53 50 3 T 
1833 19627.31661 24000 0 49 1 B1 
1834 19629.98332 24000 1 49 1 B1 
1835 19632.65193 26400 53 49 1 T 
1836 19633.5798 24000 3 49 2 C2 
1837 19638.7746 24000 4 49 2 C2 
1838 19639.64993 24000 2 49 1 B1 
1839 19642.53994 24000 0 49 1 B1 
1840 19643.67291 24600 5 48 4 D1 
1841 19646.77454 24600 5 49 1 C2 
1842 19647.64994 28200 1 49 2 B1 
1843 19647.6572 24900 5 48 1 C1 
1844 19648.65201 26700 53 50 1 T 
1845 19649.05953 28800 3 48 5 D1 
1846 19649.57983 24600 3 49 1 C2 
1847 19650.32386 24900 3 48 1 C1 
1848 19650.33333 29100 2 49 3 B1 
1849 19651.31859 22200 53 49 1 T 
1850 19651.56222 23400 4 48 2 D1 
1851 19652.13684 24000 4 49 2 C2 
1852 19652.88812 25200 4 48 4 C1 
1853 19653.20666 26400 0 50 4 B1 
1854 19653.98517 24600 53 50 1 T 
1855 19654.33967 24000 5 49 1 D1 
1856 19654.90713 24000 5 49 2 C2 
1857 19655.83532 24000 1 49 1 B1 
1858 19656.65176 24600 53 50 5 T 
1859 19657.51035 26400 0 50 4 B2 
1860 19658.13731 24900 53 48 5 T 
1861 19658.32373 25200 5 48 4 C1 
1862 19658.33327 28200 2 49 2 B1 
1863 19659.31874 24600 53 49 2 T 
1864 19659.72615 23400 3 48 2 D1 
1865 19660.80401 26400 53 48 2 T 
1866 19660.86096 31500 1 50 5 B2 
1867 19661.98524 27000 53 50 3 T 
1868 19662.45057 24900 4 48 1 D1 
1869 19663.47065 24600 53 48 4 T 
1870 19663.61201 30600 2 50 2 B2 
1871 19663.87332 26400 0 50 4 B1 
1872 19664.65198 26400 53 50 4 T 
1873 19665.57377 24600 3 49 1 C2 
1874 19666.13295 26400 0 50 4 B2 
1875 19666.19368 25200 3 48 4 C1 
1876 19667.56243 26400 5 49 1 D1 
1877 19668.2247 25200 53 48 3 T 
1878 19668.24651 24600 4 49 1 C2 
1879 19668.80391 26700 53 48 3 T 
1880 19668.88803 25200 4 48 4 C1 
1881 19669.40712 23400 1 50 2 A1 
1882 19670.33971 24900 3 49 2 D1 
1883 19670.77449 24600 5 49 1 C2 
1884 19670.81129 26400 1 50 4 B2 
1885 19673.00633 24000 4 49 1 D1 
1886 19673.44463 26400 2 50 4 B2 
1887 19674.13732 24600 53 48 3 T 
1888 19676.24038 24600 3 49 1 C2 
1889 19676.31065 26400 0 50 4 B2 
1890 19676.85501 25800 5 48 1 C1 
1891 19677.40715 26700 2 50 5 A1 
1892 19677.97494 32100 1 49 3 B1 
1893 19678.62126 26400 1 50 4 B2 
1894 19680.4798 28800 0 50 1 A1 
1895 19681.30368 26400 2 50 4 B2 
1896 19681.82639 23100 53 49 1 T 
1897 19682.19353 25800 3 48 1 C1 
1898 19683.41999 25200 1 50 5 A1 
1899 19683.72632 26400 5 49 2 D1 
1900 19684.13901 28500 0 50 2 B2 
1901 19684.99047 25800 4 48 1 C1 
1902 19686.35447 24600 2 50 1 A1 
1903 19687.65709 25800 5 48 1 C1 
1904 19689.47027 27300 4 49 2 C2 
1905 19689.51033 26400 1 50 4 B2 
1906 19690.32366 25200 3 48 4 C1 
1907 19692.99993 32100 2 49 1 B1 
1908 19693.81312 28800 0 50 5 A1 
1909 19696.7533 29100 1 50 2 A1 
1910 19697.57378 29400 5 49 1 C2 
1911 19699.67289 24600 3 48 3 D1 
1912 19700.13692 24000 3 49 2 C2 
1913 19701.81312 24900 2 50 4 A1 
1914 19702.22886 29100 4 48 1 D1 
1915 19703.64994 24000 0 49 1 B1 
1916 19704.76275 26400 0 50 3 A1 
1917 19705.05946 25800 5 48 5 D1 
1918 19705.52507 29400 4 49 1 C2 
1919 19707.78402 26400 3 48 2 D1 
1920 19708.24797 24600 1 50 5 A1 
1921 19708.86101 24900 2 50 3 B2 
1922 19709.24999 32100 1 49 2 B1 
1923 19710.74629 24900 53 48 1 T 
1924 19711.66148 25200 4 48 3 C1 
1925 19711.68554 26400 2 50 4 B1 
1926 19712.07013 23400 2 50 2 A1 
1927 19713.28701 24900 0 50 3 B2 
1928 19713.44109 27600 5 49 1 C2 
1929 19714.27438 24600 5 48 3 C1 
1930 19715.95368 24900 1 50 3 B2 
1931 19716.99994 24000 0 49 1 B1 
1932 19718.33951 24600 4 48 4 D1 
1933 19718.91325 24000 3 49 2 C2 
1934 19719.50863 24900 2 50 3 B2 
1935 19719.58494 25200 3 48 3 C1 
1936 19719.83527 24000 1 49 1 B1 
1937 19722.502 24000 2 49 1 B1 
1938 19722.73677 24000 0 50 4 A1 
1939 19723.97034 24900 0 50 3 B2 
1940 19724.8602 25200 4 48 3 C1 
1941 19726.80568 24900 1 50 3 B2 
1942 19728.07013 24600 1 50 2 A1 
1943 19728.89564 24300 5 49 1 D1 
1944 19728.94115 25200 53 48 2 T 
1945 19729.57373 24000 4 49 2 C2 
1946 19730.32803 24900 5 48 1 C1 
1947 19731.11245 28500 53 50 3 T 
1948 19731.5648 25200 2 50 1 A1 
1949 19731.72627 24000 3 49 2 D1 
1950 19732.17234 24000 5 49 2 C2 
1951 19733.71735 28500 53 50 2 T 
1952 19735.5548 24900 3 48 1 C1 
1953 19736.16982 24900 2 50 3 B2 
1954 19736.89908 26400 0 50 4 A1 
1955 19737.11732 24000 4 49 2 D1 
1956 19738.32377 28500 4 48 4 C1 
1957 19738.61618 24900 0 50 3 B2 
1958 19740.99462 25200 5 48 3 C1 
1959 19741.11483 27600 1 50 4 B2 
1960 19742.33965 24300 5 49 1 D1 
1961 19743.21139 24900 2 50 3 B2 
1962 19743.65698 24900 3 48 1 C1 
1963 19745.51034 27900 0 50 1 B2 
1964 19745.65911 27000 1 50 3 A1 
1965 19746.32804 24900 4 48 1 C1 
1966 19748.24659 23100 3 49 1 C2 
1967 19749.05337 29100 2 50 3 A1 
1968 19750.62033 24900 1 50 3 B2 
1969 19750.77447 23100 4 49 1 C2 
1970 19752.003 26400 0 50 2 A1 
1971 19755.49766 29100 1 50 4 A1 
1972 19755.78397 26700 3 48 3 D1 
1973 19756.10792 24900 5 49 2 C2 
1974 19758.33951 25200 4 48 4 D1 
1975 19758.91319 24900 3 49 2 C2 
1976 19760.37467 26700 2 50 1 A1 
1977 19763.97035 26400 2 50 2 B2 
1978 19764.99999 24900 0 50 3 B1 
1979 19766.80377 23100 4 49 1 C2 
1980 19767.50868 25200 0 50 1 B2 
1981 19768.99444 28800 0 50 4 A1 
1982 19770.22151 27000 5 48 4 C1 
1983 19771.96817 24000 1 50 4 A1 
1984 19771.97035 26400 1 50 2 B2 
1985 19773 24900 1 50 3 B1 
1986 19774.45054 25200 5 48 3 D1 
1987 19774.90699 24900 5 49 2 C2 
1988 19775.6203 25200 2 50 1 B2 
1989 19775.65708 24900 3 48 5 C1 
1990 19778.1749 24900 0 50 3 B2 
1991 19778.32388 24900 4 48 5 C1 
1992 19779.72617 28800 3 49 1 D1 
1993 19780.13711 24900 3 49 2 C2 
1994 19780.88802 24600 5 48 3 C1 
1995 19783.52688 24600 3 48 3 C1 
1996 19786.32831 24900 4 48 5 C1 
1997 19787.67292 24600 4 49 1 D1 
1998 19788.13701 27300 4 49 2 C2 
1999 19788.88811 24900 5 48 5 C1 
2000 19790.77455 24900 5 49 2 C2 
2001 19791.55464 24900 3 48 5 C1 
2002 19793.40575 24000 2 50 3 A1 
2003 19793.51035 30900 1 50 3 B2 
2004 19793.57983 24900 3 49 2 C2 
2005 19794.32813 24600 4 48 3 C1 
2006 19796.139 29400 2 50 5 B2 
2007 19796.92452 31500 0 50 5 A1 
2008 19798.22903 28800 5 49 2 D1 
2009 19798.27448 28500 53 50 2 T 
2010 19798.80377 27600 4 49 1 C2 
2011 19800.31764 23400 1 50 1 A1 
2012 19800.38834 24900 0 50 3 B2 
2013 19802.22145 24600 5 48 3 C1 
2014 19802.87643 24900 1 50 3 B2 
2015 19803.25097 23400 2 50 1 A1 
2016 19804.9947 24600 3 48 3 C1 
2017 19805.43401 24900 2 50 3 B2 
2018 19806.45067 24600 3 49 2 D1 
2019 19806.92986 24900 0 50 3 A1 
2020 19807.55468 24900 4 48 5 C1 
2021 19808.00039 24900 0 50 3 B2 
2022 19810.44863 24900 1 50 3 A1 
2023 19813.8753 24900 2 50 3 A1 
2024 19814.90706 30900 5 49 2 C2 
2025 19817.47029 26400 3 49 1 C2 
2026 19819.88543 24000 0 50 3 A1 
2027 19820.24035 27000 4 49 2 C2 
2028 19822.74912 25200 53 48 4 T 
2029 19823.83532 24900 2 50 3 B1 
2030 19825.44131 26400 5 49 1 C2 
2031 19825.47235 24000 1 50 4 B2 
2032 19827.95393 26700 2 50 1 B2 
2033 19831.52697 23400 5 48 2 C1 
2034 19833.89307 24900 1 50 3 A1 
2035 19833.94569 28200 3 48 3 C1 
2036 19834.28701 24000 0 50 4 B2 
2037 19836.85953 28200 53 48 3 T 
2038 19837.16866 24900 0 50 3 B1 
2039 19839.30241 23400 4 48 2 C1 
2040 19839.51983 24000 1 50 4 B2 
2041 19841.44131 29400 3 49 2 C2 
2042 19841.74516 23400 5 48 2 C1 
2043 19842.00473 28500 2 50 2 B2 
2044 19844.12194 23400 3 48 2 C1 
2045 19846.32015 24900 4 48 5 D1 
2046 19846.5991 26400 4 48 2 C1 
2047 19849.30362 26700 0 50 1 B2 
2048 19849.34031 27000 5 48 4 C1 
2049 19849.44122 23100 4 49 1 C2 
2050 19851.87674 23400 3 48 2 C1 
2051 19852.177 26700 1 50 1 B2 
2052 19852.24036 23100 5 49 1 C2 
2053 19854.6038 23400 4 48 2 C1 
2054 19854.62968 24000 2 50 4 B2 
2055 19856.89568 23100 5 49 1 D1 
2056 19857.51034 24000 0 50 4 B2 
2057 19859.87665 23400 5 48 2 C1 
2058 19859.97409 25200 1 50 1 B2 
2059 19860.10799 26400 3 49 2 C2 
2060 19861.70511 24900 1 50 3 B1 
2061 19862.54342 26400 3 48 2 C1 
2062 19862.55292 30900 4 49 1 C2 
2063 19865.30368 25200 2 50 1 B2 
2064 19867.05072 28500 4 48 4 C1 
2065 19868.139 29700 0 50 2 B2 
2066 19868.24651 27600 5 49 2 C2 
2067 19868.41874 28800 3 49 2 D1 
2068 19870.76936 27300 3 49 1 C2 
2069 19879.61201 30600 1 50 1 B2 
2070 19879.75273 24600 2 50 1 A1 
2071 19881.57383 26400 4 49 2 C2 
2072 19884.00694 26700 5 48 3 C1 
2073 19885.20665 24000 2 50 4 B1 
2074 19886.63701 23400 2 50 1 B2 
2075 19887.87333 25200 0 50 1 B1 
2076 19889.23795 25800 3 48 5 C1 
2077 19889.51035 23400 0 50 1 B2 
2078 19890.0796 24000 5 49 2 C2 
2079 19891.57464 25200 4 48 3 C1 
2080 19892.17701 23400 1 50 1 B2 
2081 19894.67367 29700 5 48 3 C1 
2082 19895.52763 23400 2 50 1 B2 
2083 19897.21 27000 3 48 5 C1 
2084 19899.75439 25200 4 48 2 D1 
2085 19899.87681 26700 4 48 3 C1 
2086 19900.24037 27000 3 49 2 C2 
2087 19902.67781 23400 5 48 2 C1 
2088 19902.77454 26400 4 49 1 C2 
2089 19905.20995 26700 3 48 3 C1 
2090 19905.57381 26400 5 49 1 C2 
2091 19907.8938 25800 4 48 5 C1 
2092 19907.97035 23400 0 50 1 B2 
2093 19908.13688 27300 3 49 1 C2 
2094 19910.80562 23400 1 50 1 B2 
2095 19913.34024 25800 5 48 5 C1 
2096 19913.47233 24000 2 50 4 B2 
2097 19913.57986 26400 4 49 1 C2 
2098 19916.00703 27600 3 48 1 C1 
2099 19918.6206 23400 0 50 1 B2 
2100 19918.67359 25800 4 48 5 C1 
2101 19918.80369 24300 5 49 1 C2 
2102 19921.5738 24300 3 49 1 C2 
2103 19929.57373 24300 4 49 1 C2 
2104 19932.13696 24600 5 49 2 C2 
2105 19932.74269 26400 0 50 4 A1 
2106 19937.34452 24600 5 48 4 C1 
2107 19937.95932 26400 1 50 2 B2 
2108 19938.31665 27000 1 50 3 B1 
2109 19940.93826 23400 2 50 2 B2 
2110 19943.50863 23400 0 50 2 B2 
2111 19945.57993 24300 3 49 1 C2 
2112 19947.94516 24600 3 48 4 C1 
2113 19947.95368 23400 1 50 2 B2 
2114 19948.98333 23400 2 50 1 B1 
2115 19950.80568 25200 2 50 5 B2 
2116 19953.23793 24600 4 48 4 C1 
2117 19953.28727 23400 0 50 2 B2 
2118 19953.57376 24300 4 49 1 C2 
2119 19955.60351 25800 5 48 1 D1 
2120 19956.00686 24600 5 48 4 C1 
2121 19958.53819 24600 3 48 4 C1 
2122 19958.9132 24300 5 49 1 C2 
2123 19961.50576 24300 3 49 1 C2 
2124 19961.51029 25200 1 50 5 B2 
2125 19963.97408 25200 2 50 5 B2 
2126 19964.0113 24600 4 48 4 C1 
2127 19966.67797 28200 5 48 2 C1 
2128 19966.77443 24300 4 49 1 C2 
2129 19966.84368 27000 0 50 3 B2 
2130 19969.34034 24600 3 48 4 C1 
2131 19969.51033 27000 1 50 3 B2 
2132 19971.95569 24600 4 48 4 C1 
2133 19971.97409 23400 2 50 2 B2 
2134 19974.77458 24600 5 49 2 C2 
2135 19974.80568 25200 0 50 5 B2 
2136 19977.99227 28800 53 50 4 T 
2137 19980.43454 27000 1 50 3 B2 
2138 19983.08187 28800 53 50 4 T 
2139 19985.94197 24000 2 50 4 B2 
2140 19987.32385 26400 5 48 2 C1 
2141 19988.06228 28800 53 50 5 T 
2142 19990.96231 26400 3 49 1 C2 
2143 19991.66666 23400 0 50 2 B1 
2144 19994.28696 24000 0 50 3 B2 
2145 19996.7848 28800 53 50 5 T 
2146 19998.57118 25200 3 48 2 C1 
2147 19999.3157 24000 1 50 3 B2 
2148 20001.34843 28800 53 50 1 T 
2149 20002.33333 25200 1 50 5 B1 
2150 20003.59757 24000 2 50 3 B2 
2151 20004.24653 24600 4 49 2 C2 
2152 20006.04348 28800 53 50 1 T 
2153 20006.67783 31800 4 48 4 C1 
2154 20009.30368 24000 0 50 3 B2 
2155 20011.77162 29100 53 49 3 T 
2156 20012.13702 24600 5 49 2 C2 
2157 20014.38105 23400 5 48 2 C1 
2158 20014.53664 29400 3 49 2 C2 
2159 20014.84368 27000 1 50 2 B2 
2160 20016.89485 29100 53 49 3 T 
2161 20017.63123 29700 3 48 2 C1 
2162 20019.48481 29100 53 49 3 T 
2163 20020.05756 25200 4 48 2 C1 
2164 20021.60406 24000 2 50 3 B2 
2165 20022.57127 25200 5 48 2 C1 
2166 20022.86958 25800 53 48 1 T 
2167 20023.76346 27000 0 50 2 B2 
2168 20024.4443 28800 53 49 2 T 
2169 20025.47043 24600 4 49 2 C2 
2170 20026.43013 29100 53 49 3 T 
2171 20027.20845 28800 53 49 2 T 
2172 20029.05857 25800 53 48 1 T 
2173 20030.86949 25800 53 48 5 T 
2174 20031.61028 23400 1 50 2 B2 
2175 20033.08687 26400 3 49 1 D1 
2176 20033.23785 25200 3 48 2 C1 
2177 20034.0908 25800 53 48 1 T 
2178 20034.83751 26400 5 49 2 C2 
2179 20035.06714 28800 53 49 1 T 
2180 20036.76932 24000 2 50 3 B2 
2181 20037.5992 28800 53 49 1 T 
2182 20038.80278 23400 0 50 2 B2 
2183 20041.28923 29100 53 50 2 T 
2184 20042.48809 28800 53 49 2 T 
2185 20044.28134 29100 53 50 2 T 
2186 20047.60843 28800 53 49 2 T 
2187 20047.61196 26700 1 50 5 B2 
2188 20047.83532 24600 2 50 2 B1 
2189 20050.0799 25800 53 48 5 T 
2190 20054.25901 25800 53 48 5 T 
2191 20058.28701 24600 2 50 5 B2 
2192 20060.73372 27000 4 48 5 C1 
2193 20060.85692 23400 0 50 1 B2 
2194 20063.33731 29100 53 50 3 T 
2195 20063.83533 24000 0 50 3 B1 
2196 20065.60783 26700 1 50 5 B2 
2197 20067.71647 29100 53 50 3 T 
2198 20069.95133 26700 2 50 5 B2 
2199 20072.08193 28800 53 48 5 T 
2200 20074.64345 29100 53 50 3 T 
2201 20076.68827 28800 53 48 5 T 
2202 20079.19428 28800 53 49 2 T 
2203 20081.82703 29100 53 49 3 T 
2204 20083.96167 29100 53 50 4 T 
2205 20086.0895 24600 0 50 2 B2 
2206 20088.57629 29100 53 50 4 T 
2207 20090.68743 24600 1 50 2 B2 
2208 20093.32076 29100 53 48 1 T 
2209 20095.99379 25800 53 48 1 T 
2210 20098.53999 24600 1 50 1 B1 
2211 20098.62076 24000 2 50 4 B2 
2212 20100.69687 24600 5 48 4 C1 
2213 20100.87594 29100 53 48 1 T 
2214 20103.33851 24600 0 50 2 B2 
2215 20105.55851 24600 1 50 2 B2 
2216 20107.60764 28500 2 50 3 B2 
2217 20110.24097 28500 0 50 3 B2 
2218 20112.53697 24600 1 50 1 B2 
2219 20114.66943 30600 2 50 5 B2 
2220 20117.20666 24600 2 50 5 B1 
2221 20119.08011 24300 3 49 1 C2 
2222 20121.51503 24600 0 50 1 B2 
2223 20123.63075 24600 3 48 4 C1 
2224 20124.00578 28800 53 50 1 T 
2225 20126.49211 24600 1 50 1 B2 
2226 20129.03646 28800 53 49 2 T 
2227 20131.18169 24600 2 50 1 B2 
2228 20133.2328 29100 53 49 3 T 
2229 20135.25935 24600 0 50 1 B2 
2230 20140.29398 24600 1 50 1 B2 
2231 20142.8377 24600 2 50 5 B2 
2232 20145.47229 24600 0 50 5 B2 
2233 20146.77016 24600 4 48 4 C1 
2234 20147.60777 28800 53 48 5 T 
2235 20149.72163 24600 1 50 1 B2 
2236 20152.21372 24600 2 50 1 B2 
2237 20158.80567 24600 0 50 5 B2 
2238 20159.64999 24600 0 50 1 B1 
2239 20161.51033 24600 1 50 5 B2 
2240 20167.50863 29700 2 50 3 B2 
2241 20170.03944 25200 5 48 2 C1 
2242 20172.51684 24600 4 49 2 C2 
2243 20177.28701 24900 0 50 4 B2 
2244 20179.80009 28800 53 49 1 T 
2245 20181.8283 24900 1 50 4 B2 
2246 20181.98523 27300 53 49 2 T 
2247 20184.35876 23400 2 50 2 B2 
2248 20187.31855 25200 53 50 5 T 
2249 20188.18954 29100 53 50 4 T 
2250 20189.9853 24600 53 50 1 T 
2251 20192.65196 27000 53 49 2 T 
2252 20196.17696 26400 0 50 3 B2 
2253 20201.30367 24900 1 50 4 B2 
2254 20203.31854 23400 53 50 2 T 
2255 20203.97034 24900 2 50 4 B2 
2256 20205.9852 28500 53 50 2 T 
2257 20206.45008 25800 53 48 5 T 
2258 20208.65202 27000 53 50 3 T 
2259 20209.51034 29400 0 50 1 B2 
2260 20211.31828 25200 53 50 1 T 
2261 20212.177 26400 1 50 3 B2 
2262 20217.06035 24000 2 50 3 B2 
2263 20220.16636 24900 0 50 4 B2 
2264 20225.73437 27300 53 49 1 T 
2265 20229.89061 24000 1 49 1 B1 
2266 20234.64439 24000 2 49 1 B1 
2267 20236.66408 24000 1 50 3 B2 
2268 20237.97499 24000 0 49 1 B1 
2269 20240.31784 24000 1 49 1 B1 
2270 20242.72211 28200 2 49 2 B1 
2271 20244.19111 28800 53 50 5 T 
2272 20246.229 26400 4 48 2 D1 
2273 20246.90699 24600 5 49 1 C2 
2274 20247.83528 30300 0 49 1 B1 
2275 20248.89559 25800 5 48 1 D1 
2276 20249.238 27600 3 48 1 C1 
2277 20249.57991 24600 3 49 1 C2 
2278 20251.3186 27000 53 50 2 T 
2279 20251.56224 25200 3 48 2 D1 
2280 20252.10779 26400 4 49 2 C2 
2281 20252.804 25200 53 48 3 T 
2282 20252.99994 28200 1 49 2 B1 
2283 20254.39276 24600 4 48 4 D1 
2284 20254.80373 24600 5 49 1 C2 
2285 20255.47068 28500 53 48 4 T 
2286 20256.8957 24600 5 48 4 D1 
2287 20257.57981 24600 3 49 1 C2 
2288 20258.33332 24600 2 50 1 B1 
2289 20259.31859 24900 53 50 3 T 
2290 20259.78412 29400 3 49 2 D1 
2291 20259.97035 24600 2 50 1 B2 
2292 20260.10792 24600 4 49 1 C2 
2293 20260.80397 24600 53 48 4 T 
2294 20261.20661 31200 0 49 2 B1 
2295 20261.98518 23400 53 50 1 T 
2296 20262.45075 30300 4 49 1 D1 
2297 20262.50456 24600 0 50 2 B2 
2298 20262.57129 28200 4 48 2 C1 
2299 20262.90702 24600 5 49 1 C2 
2300 20263.47094 28200 53 49 2 T 
2301 20265.11741 24000 5 49 1 D1 
2302 20265.23807 25200 5 48 2 C1 
2303 20265.47037 24600 3 49 1 C2 
2304 20267.72631 26400 3 49 1 D1 
2305 20268.00688 27000 3 48 5 C1 
2306 20268.20726 24600 1 50 1 B2 
2307 20268.80403 25200 53 48 4 T 
2308 20269.98533 28500 53 50 3 T 
2309 20270.57117 27000 4 48 5 C1 
2310 20270.72926 24600 2 50 1 B2 
2311 20270.90706 24600 4 49 1 C2 
2312 20271.08418 24900 1 50 3 A1 
2313 20271.47067 23400 53 48 2 T 
2314 20272.98432 24600 0 50 1 B2 
2315 20273.23783 25200 5 48 2 C1 
2316 20273.44121 24600 5 49 1 C2 
2317 20274.13729 27000 53 48 5 T 
2318 20275.31833 26400 53 50 4 T 
2319 20275.54119 24600 1 50 1 B2 
2320 20275.78392 27300 4 49 1 D1 
2321 20275.87659 25200 3 48 2 C1 
2322 20276.41751 24900 2 50 3 A1 
2323 20278.57121 25200 4 48 2 C1 
2324 20278.89138 24600 2 50 1 B2 
2325 20279.39125 27000 0 50 2 A1 
2326 20281.0596 29400 5 49 2 D1 
2327 20281.26722 24600 0 50 1 B2 
2328 20281.34027 27000 5 48 5 C1 
2329 20283.83676 24600 1 50 1 B2 
2330 20283.85866 25200 3 48 2 C1 
2331 20284.06686 24600 1 50 1 A1 
2332 20284.98332 24000 1 49 1 B1 
2333 20286.38412 24600 2 50 1 B2 
2334 20287.50352 23400 2 50 2 A1 
2335 20287.83533 24600 2 50 1 B1 
2336 20288.6804 24600 0 50 1 B2 
2337 20289.34032 28200 4 48 3 C1 
2338 20291.31732 24600 1 50 1 B2 
2339 20292.68349 26700 0 50 1 A1 
2340 20295.61682 29700 1 50 2 A1 
2341 20296.51661 29100 0 49 3 B1 
2342 20298.55131 24900 2 50 3 A1 
2343 20298.80001 29100 1 49 3 B1 
2344 20300.1371 28800 3 49 1 C2 
2345 20300.22912 28800 53 50 4 T 
2346 20301.52504 24900 0 50 4 A1 
2347 20302.33893 29100 53 48 1 T 
2348 20302.54349 24600 5 48 4 C1 
2349 20303.64999 24000 2 49 1 B1 
2350 20304.91816 24900 1 50 3 A1 
2351 20305.05945 26700 3 48 3 D1 
2352 20307.72612 24600 4 48 3 D1 
2353 20307.85149 24900 2 50 4 A1 
2354 20308.19274 27600 4 49 1 C2 
2355 20309.20661 24000 0 49 1 B1 
2356 20310.33946 23400 5 48 2 D1 
2357 20313.05956 24600 3 48 3 D1 
2358 20313.44145 27600 5 49 1 C2 
2359 20314.50199 24600 1 50 1 B1 
2360 20315.50271 24600 2 50 2 B2 
2361 20315.72626 25200 4 48 4 D1 
2362 20316.01124 26700 3 48 3 C1 
2363 20316.24035 26400 3 49 1 C2 
2364 20317.16861 24000 2 49 1 B1 
2365 20318.87238 24600 0 50 2 B2 
2366 20318.91316 27300 4 49 2 C2 
2367 20320.89574 29400 5 49 1 D1 
2368 20321.19211 26700 4 48 3 C1 
2369 20321.45829 27300 5 49 2 C2 
2370 20321.64233 24600 1 50 2 B2 
2371 20322.3166 24000 0 49 1 B1 
2372 20323.67302 26400 3 49 1 D1 
2373 20324.82153 24600 1 50 1 B1 
2374 20325.98404 27000 2 50 3 B2 
2375 20326.22909 24000 4 49 1 D1 
2376 20326.678 24600 5 48 4 C1 
2377 20326.77454 27300 3 49 2 C2 
2378 20327.47063 25200 53 48 2 T 
2379 20328.87404 28500 0 50 2 B2 
2380 20329.21 26700 3 48 3 C1 
2381 20329.48784 24000 0 50 4 A1 
2382 20330.13726 27000 53 48 4 T 
2383 20331.32672 28500 1 50 2 B2 
2384 20331.94515 26700 4 48 3 C1 
2385 20334.00071 27000 2 50 3 B2 
2386 20335.45406 24600 1 50 2 A1 
2387 20336.87404 24600 0 50 2 B2 
2388 20336.89561 29400 5 49 1 D1 
2389 20337.20988 32400 5 48 5 C1 
2390 20337.5737 26400 4 49 2 C2 
2391 20338.53999 24600 2 50 1 B1 
2392 20338.66522 24000 2 50 4 A1 
2393 20339.50271 24600 1 50 2 B2 
2394 20341.93567 24600 0 50 2 A1 
2395 20342.0007 27000 2 50 3 B2 
2396 20342.67367 28800 3 48 5 C1 
2397 20344.52755 27900 0 50 5 B2 
2398 20345.00632 27300 3 49 2 D1 
2399 20345.32994 26700 1 50 5 A1 
2400 20347.5134 27000 1 50 3 B2 
2401 20347.72615 24900 4 48 1 D1 
2402 20348.00693 34200 4 48 1 C1 
2403 20350.04299 27000 2 50 3 B2 
2404 20352.22065 29100 53 50 2 T 
2405 20355.20904 29400 2 50 5 A1 
2406 20356.01122 27600 5 48 1 C1 
2407 20358.18278 26400 0 50 2 A1 
2408 20361.00617 24900 5 48 5 D1 
2409 20361.47024 27600 5 49 2 C2 
2410 20361.57704 29700 1 50 3 A1 
2411 20364.00705 24600 3 48 4 C1 
2412 20364.24657 26400 3 49 1 C2 
2413 20364.51722 26400 2 50 3 A1 
2414 20365.20665 24600 0 50 2 B1 
2415 20366.45056 24900 3 48 1 D1 
2416 20366.90716 30000 4 49 1 C2 
2417 20367.45171 24600 0 50 1 A1 
2418 20369.00615 27000 4 48 4 D1 
2419 20369.57977 27600 5 49 1 C2 
2420 20369.65071 31200 0 50 4 B2 
2421 20371.67298 25200 5 48 3 D1 
2422 20372.13695 28800 3 49 2 C2 
2423 20372.22062 26400 1 50 3 B2 
2424 20374.39299 26400 3 49 2 D1 
2425 20374.77044 27600 4 49 1 C2 
2426 20375.44774 24000 2 50 3 B2 
2427 20377.11739 24000 4 49 2 D1 
2428 20379.54071 24000 0 50 3 B2 
2429 20379.62437 24900 1 50 4 B1 
2430 20379.67301 24900 5 48 5 D1 
2431 20379.90453 24600 4 48 4 C1 
2432 20380.10802 27600 5 49 2 C2 
2433 20382.625 24600 5 48 4 C1 
2434 20382.89133 24000 1 50 3 B2 
2435 20385.25806 24000 2 50 3 B2 
2436 20385.47035 26400 3 49 1 C2 
2437 20387.79206 24000 0 50 3 B2 
2438 20388.00693 24600 3 48 4 C1 
2439 20389.2759 25200 1 50 5 A1 
2440 20390.33756 24000 1 50 3 B2 
2441 20390.67361 24600 4 48 4 C1 
2442 20390.9132 26400 4 49 1 C2 
2443 20392.21868 26400 2 50 4 A1 
2444 20392.84285 24000 2 50 3 B2 
2445 20393.22712 24600 5 48 4 C1 
2446 20397.2759 23400 0 50 1 A1 
2447 20398.16937 24600 0 50 2 B2 
2448 20398.67785 24600 3 48 4 C1 
2449 20400.83603 24600 1 50 2 B2 
2450 20401.34035 24600 4 48 4 C1 
2451 20403.5407 24600 2 50 2 B2 
2452 20404.01145 24600 5 48 4 C1 
2453 20405.27592 25200 1 50 1 A1 
2454 20406.16932 24000 0 50 3 B2 
2455 20409.23794 24600 3 48 4 C1 
2456 20411.784 27000 3 49 2 D1 
2457 20413.27593 26400 2 50 4 A1 
2458 20414.67799 26400 4 48 2 C1 
2459 20416.21871 24000 0 50 3 A1 
2460 20419.70508 24000 1 50 3 A1 
2461 20419.7839 29700 4 48 2 D1 
2462 20420.70424 24600 1 50 1 B2 
2463 20422.45059 27000 5 48 5 D1 
2464 20422.77454 24000 5 49 2 C2 
2465 20425.5799 24000 3 49 2 C2 
2466 20426.14937 26400 2 50 4 A1 
2467 20426.31665 24000 2 50 4 B1 
2468 20427.31738 26700 2 50 5 B2 
2469 20428.24048 24000 4 49 2 C2 
2470 20429.63574 24600 0 50 5 A1 
2471 20429.98405 26700 0 50 5 B2 
2472 20430.22907 24900 3 49 2 D1 
2473 20430.80372 24000 5 49 2 C2 
2474 20432.9365 24600 4 48 4 D1 
2475 20433.5034 24000 3 49 2 C2 
2476 20433.64238 29100 1 50 4 B2 
2477 20435.8767 25200 5 48 3 C1 
2478 20436.74885 29700 5 48 3 D1 
2479 20438.67806 25200 3 48 3 C1 
2480 20438.80362 24900 4 49 2 C2 
2481 20438.87233 26700 2 50 5 B2 
2482 20440.98844 25200 4 48 2 C1 
2483 20441.17104 24000 0 50 4 B2 
2484 20441.57369 24000 5 49 2 C2 
2485 20443.65436 24000 1 50 4 B2 
2486 20444.26942 25200 5 48 3 C1 
2487 20446.67562 25200 3 48 3 C1 
2488 20448.87403 24000 2 50 4 B2 
2489 20449.02481 25200 4 48 3 C1 
2490 20451.33779 24000 0 50 4 B2 
2491 20451.52125 23400 5 48 2 C1 
2492 20453.99965 23400 3 48 2 C1 
2493 20454.80362 24000 3 49 2 C2 
2494 20456.60153 25200 4 48 3 C1 
2495 20456.65095 24000 1 50 4 B2 
2496 20459.16142 23400 5 48 2 C1 
2497 20459.54071 24000 2 50 4 B2 
2498 20464.46697 23400 3 48 2 C1 
2499 20465.60439 26400 4 49 2 C2 
2500 20465.86052 24600 3 49 2 D1 
2501 20469.82818 23400 4 48 2 C1 
2502 20470.20732 24000 0 50 4 B2 
2503 20470.90697 24900 5 49 2 C2 
2504 20472.49487 24600 5 48 3 C1 
2505 20474.84485 24600 3 48 4 C1 
2506 20480.66738 30300 1 50 4 B2 
2507 20481.47041 24900 3 49 2 C2 
2508 20482.08215 24300 4 49 1 D1 
2509 20484.69109 24300 5 49 1 D1 
2510 20486.6637 25800 3 48 5 D1 
2511 20487.66666 24600 0 50 5 B1 
2512 20489.23116 26400 4 49 2 C2 
2513 20491.59263 24900 5 49 2 C2 
2514 20494.10355 24900 3 49 2 C2 
2515 20496.49498 24600 4 48 3 C1 
2516 20496.49685 24300 4 49 1 C2 
2517 20496.83604 24600 2 50 5 B2 
2518 20498.08205 24600 4 49 1 D1 
2519 20498.9437 24900 5 49 2 C2 
2520 20499.26379 24600 5 48 3 C1 
2521 20499.33405 24600 0 50 5 B2 
2522 20501.47414 24900 1 50 3 A1 
2523 20501.48288 24300 3 49 1 C2 
2524 20501.63268 24600 3 48 4 C1 
2525 20502.89138 23400 1 50 1 B2 
2526 20504.90107 24600 4 48 3 C1 
2527 20505.65066 23400 2 50 1 B2 
2528 20507.25591 26400 5 48 2 C1 
2529 20509.59292 24600 3 48 3 C1 
2530 20509.98404 28800 0 50 5 B2 
2531 20511.98842 24600 4 48 3 C1 
2532 20512.6507 24600 1 50 5 B2 
2533 20513.77316 24900 4 49 2 C2 
2534 20514.63184 26400 5 48 2 C1 
2535 20515.5027 24600 2 50 5 B2 
2536 20517.29854 24600 3 48 3 C1 
2537 20518.00069 24600 0 50 5 B2 
2538 20519.86286 24600 4 48 3 C1 
2539 20520.87404 24600 1 50 5 B2 
2540 20523.32668 24600 2 50 5 B2 
2541 20525.16866 26700 1 50 5 B1 
2542 20532.57847 24300 5 49 1 C2 
2543 20533.16831 26400 5 48 2 C1 
2544 20535.02763 30300 3 49 1 C2 
2545 20535.83501 24900 3 48 1 C1 
2546 20538.26419 24600 4 48 4 C1 
2547 20540.57245 24300 4 49 1 C2 
2548 20542.57897 27000 2 50 3 A1 
2549 20543.10648 24300 5 49 1 C2 
2550 20544.01039 27000 2 50 3 B1 
2551 20545.7691 24600 3 49 2 C2 
2552 20546.63182 25200 5 48 4 C1 
2553 20547.07764 25200 0 50 1 B1 
2554 20549.30278 25200 3 48 4 C1 
2555 20550.20737 27900 0 50 1 B2 
2556 20552.66005 25200 1 50 1 B2 
2557 20554.50155 24900 4 48 1 C1 
2558 20555.50271 27900 2 50 1 B2 
2559 20556.46894 24300 4 49 1 C2 
2560 20557.16842 25200 5 48 4 C1 
2561 20559.17099 24300 5 49 1 C2 
2562 20559.96957 24900 3 48 1 C1 
2563 20561.40847 23400 0 50 1 B2 
2564 20562.02961 24600 0 50 1 A1 
2565 20562.41694 24600 4 48 4 C1 
2566 20564.20571 25200 1 50 5 B2 
2567 20565.85533 28500 5 48 4 C1 
2568 20567.239 24300 3 49 1 C2 
2569 20568.20029 28500 3 48 4 C1 
2570 20569.63592 24000 4 49 2 C2 
2571 20570.7102 25200 4 48 4 C1 
2572 20573.1245 25200 5 48 4 C1 
2573 20574.00446 23400 2 50 1 B2 
2574 20575.53792 24900 3 48 1 C1 
2575 20576.83603 25200 0 50 1 B2 
2576 20578.94475 29700 53 50 3 T 
2577 20579.6516 24000 5 49 2 D1 
2578 20581.19031 25200 1 50 1 B2 
2579 20583.85698 25200 2 50 1 B2 
2580 20585.80229 24600 5 49 2 C2 
2581 20586.24371 25200 4 48 4 C1 
2582 20586.49032 29700 53 50 3 T 
2583 20588.56246 29700 53 50 2 T 
2584 20589.20666 23400 1 50 1 B1 
2585 20591.24524 24600 3 49 2 C2 
2586 20593.13048 29700 53 50 2 T 
2587 20593.61872 24000 4 49 2 C2 
2588 20595.98071 27000 5 49 2 C2 
2589 20598.39227 26400 53 50 2 T 
2590 20599.23906 27000 3 49 2 C2 
2591 20599.87332 26400 2 50 4 B1 
2592 20601.91176 26400 4 49 1 C2 
2593 20602.24789 24900 5 48 5 C1 
2594 20603.31737 26400 0 50 4 B2 
2595 20604.80789 24900 3 48 5 C1 
2596 20605.7967 26400 53 50 2 T 
2597 20607.47464 24900 4 48 5 C1 
2598 20608.04196 26400 1 50 4 B2 
2599 20608.14624 24000 0 50 3 B1 
2600 20610.09657 29400 53 50 1 T 
2601 20612.46896 24600 5 49 2 C2 
2602 20612.6458 24000 2 50 4 B2 
2603 20612.91022 24900 5 48 5 C1 
2604 20613.04054 24600 1 50 5 A1 
2605 20614.79129 26400 0 50 4 B2 
2606 20615.47464 24900 3 48 1 C1 
2607 20617.08615 24900 3 49 2 D1 
2608 20617.31189 29400 53 50 1 T 
2609 20617.91182 24600 3 49 2 C2 
2610 20618.24362 24900 4 48 1 C1 
2611 20619.777 26400 1 50 4 B2 
2612 20620.20288 26400 53 49 1 T 
2613 20620.43981 24600 4 49 2 C2 
2614 20622.23602 29400 53 50 1 T 
2615 20622.30901 29400 53 49 1 T 
2616 20623.10655 27000 5 49 2 C2 
2617 20624.28052 24900 5 48 1 C1 
2618 20624.44678 26400 2 50 4 B2 
2619 20625.59049 26400 53 50 2 T 
2620 20626.24378 24900 3 48 5 C1 
2621 20626.47932 29400 53 50 1 T 
2622 20627.91078 29400 53 49 1 T 
2623 20628.56423 26700 53 50 1 T 
2624 20628.76455 29700 53 48 3 T 
2625 20629.79058 24900 4 48 5 C1 
2626 20630.93735 24900 3 49 2 C2 
2627 20631.63332 25200 0 50 5 B2 
2628 20632.41684 29400 53 49 2 T 
2629 20633.66615 26400 1 50 4 B2 
2630 20634.69406 24900 5 48 1 C1 
2631 20634.70044 24600 4 49 2 D1 
2632 20636.25732 26400 53 50 4 T 
2633 20636.26287 29700 53 48 3 T 
2634 20637.40842 29400 53 49 2 T 
2635 20638.71028 28800 2 50 4 B2 
2636 20640.82956 25200 0 50 5 B2 
2637 20642.70901 26400 53 49 1 T 
2638 20642.9511 26700 53 50 5 T 
2639 20644.71173 24600 3 48 3 C1 
2640 20645.12717 26400 1 50 4 B2 
2641 20647.13573 26400 4 49 1 C2 
2642 20647.57349 26700 53 50 5 T 
2643 20647.66594 24900 4 48 1 C1 
2644 20649.32535 26400 53 49 1 T 
2645 20649.75476 24600 2 50 5 B2 
2646 20650.31666 25200 1 50 5 B1 
2647 20651.8208 26400 53 48 2 T 
2648 20652.43986 30000 5 49 2 C2 
2649 20652.68805 26400 53 49 1 T 
2650 20654.32306 23400 0 50 2 B2 
2651 20654.83967 24900 3 49 2 C2 
2652 20656.82082 26400 53 48 2 T 
2653 20657.23977 27300 4 49 1 C2 
2654 20658.1412 25800 5 48 5 C1 
2655 20658.31665 26400 2 50 4 B1 
2656 20659.59227 26700 53 48 3 T 
2657 20660.02247 26400 53 49 1 T 
2658 20660.57852 27300 5 49 1 C2 
2659 20661.7065 25800 3 48 1 C1 
2660 20663.62186 25800 4 48 1 C1 
2661 20664.65071 24900 1 50 4 B2 
2662 20665.44521 29400 53 49 1 T 
2663 20667.13004 26700 53 48 3 T 
2664 20668.19915 29400 53 49 1 T 
2665 20669.98405 23400 2 50 2 B2 
2666 20671.24514 28800 3 49 2 C2 
2667 20671.44678 25800 5 48 1 C1 
2668 20672.48532 29700 53 48 2 T 
2669 20673.16328 26400 53 49 2 T 
2670 20673.77313 26400 4 49 1 C2 
2671 20675.01545 29400 53 49 1 T 
2672 20676.46894 26400 5 49 1 C2 
2673 20676.78011 24900 3 48 5 C1 
2674 20677.52568 29700 53 48 2 T 
2675 20678.48898 26400 53 49 2 T 
2676 20679.239 27300 3 49 1 C2 
2677 20680.01697 24900 0 50 4 B2 
2678 20680.53907 24900 4 48 5 C1 
2679 20681.90579 31200 4 49 2 C2 
2680 20682.04969 29400 53 50 5 T 
2681 20682.22551 25800 5 48 5 C1 
2682 20684.20284 26400 53 48 2 T 
2683 20684.25685 29400 53 49 2 T 
2684 20684.3052 26700 53 48 3 T 
2685 20684.45027 24300 5 49 1 C2 
2686 20686.05887 25800 3 48 5 C1 
2687 20686.93217 26400 1 50 4 B2 
2688 20687.16136 26700 53 48 3 T 
2689 20687.82587 25800 4 48 1 C1 
2690 20689.01935 29400 53 50 5 T 
2691 20689.74292 29400 53 49 2 T 
2692 20690.42044 26400 53 49 1 T 
2693 20691.06065 26400 53 50 4 T 
2694 20691.6154 25800 5 48 1 C1 
2695 20693.46172 25800 3 48 5 C1 
2696 20693.68762 23400 2 50 2 B2 
2697 20695.95142 26400 53 50 3 T 
2698 20697.53606 26700 53 50 5 T 
2699 20698.18776 25800 4 48 5 C1 
2700 20698.61809 26400 0 50 4 B2 
2701 20701.28476 26400 53 50 3 T 
2702 20703.91809 24900 1 50 4 B2 
2703 20705.92435 24600 3 49 2 C2 
2704 20706.55143 26400 53 50 4 T 
2705 20708.67988 29100 2 50 3 B2 
2706 20710.97588 26400 53 50 4 T 
2707 20713.05962 32400 0 50 1 B2 
2708 20713.8212 24600 5 49 1 D1 
2709 20714.33333 26400 0 50 4 B1 
2710 20715.35562 26400 1 50 4 B2 
2711 20717.57562 26400 53 50 4 T 
2712 20719.66666 24900 1 50 4 B1 
2713 20720.24229 24900 2 50 3 B2 
2714 20722.3612 26400 53 50 4 T 
2715 20724.81417 25200 0 50 5 B2 
2716 20727.4475 26400 53 50 4 T 
2717 20727.57705 27000 5 48 4 C1 
2718 20728.10288 24600 4 49 2 C2 
2719 20729.68894 24900 1 50 3 B2 
2720 20732.32227 26400 53 50 4 T 
2721 20732.80791 27000 3 48 4 C1 
2722 20734.39701 29700 53 48 3 T 
2723 20736.52135 26400 53 50 4 T 
2724 20739.18802 24900 2 50 3 B2 
2725 20740.78006 29100 4 48 1 C1 
2726 20741.82135 26400 53 50 4 T 
2727 20744.46105 26400 53 50 4 T 
2728 20746.75069 24900 0 50 3 B2 
2729 20749.41735 26700 53 50 1 T 
2730 20749.62724 24900 5 48 5 C1 
2731 20751.56026 24900 1 50 3 B2 
2732 20753.59062 26400 53 50 3 T 
2733 20753.85626 26700 53 50 1 T 
2734 20755.8989 29400 53 49 2 T 
2735 20756.56443 26400 53 49 2 T 
2736 20756.78012 27000 3 48 4 C1 
2737 20758.52588 24900 2 50 4 B2 
2738 20761.19255 24900 0 50 4 B2 
2739 20761.93211 24600 5 49 2 C2 
2740 20763.82588 24900 1 50 4 B2 
2741 20765.87009 24900 2 50 3 B2 
2742 20767.94025 25200 0 50 1 B2 
2743 20770.16026 31500 1 50 5 B2 
2744 20772.45626 24900 2 50 4 B2 
2745 20773.98526 24300 53 49 1 T 
2746 20775.12292 24900 0 50 4 B2 
2747 20775.83533 23400 2 50 2 B1 
2748 20777.69176 24900 1 50 3 B2 
2749 20779.31867 24000 53 49 2 T 
2750 20779.72514 26400 2 50 4 B2 
2751 20781.84623 29700 53 48 2 T 
2752 20784.65191 27600 53 49 2 T 
2753 20784.92496 24900 0 50 3 B2 
2754 20787.05461 26400 53 50 4 T 
2755 20787.31866 27600 53 49 1 T 
2756 20789.08144 24900 1 50 3 B2 
2757 20792.6519 24900 53 50 3 T 
2758 20793.2797 24900 2 50 3 B2 
2759 20795.31873 26400 53 50 4 T 
2760 20795.84497 25200 0 50 5 B2 
2761 20797.98531 28500 53 50 2 T 
2762 20800.6181 24900 1 50 3 B2 
2763 20800.65181 27900 53 50 1 T 
2764 20803.10561 26400 53 49 1 T 
2765 20803.31831 24000 53 50 3 T 
2766 20805.22615 24900 2 50 3 B2 
2767 20805.9853 27900 53 50 5 T 
2768 20807.71571 24900 0 50 3 B2 
2769 20818.67007 24900 1 50 3 B2 
2770 20826.46336 24900 2 50 3 B2 
2771 20829.20665 24900 0 50 3 B1 
2772 20831.78007 26400 0 50 3 B2 
2773 20835.20494 32100 1 49 3 B1 
2774 20836.57857 24900 3 49 2 C2 
2775 20837.33675 26400 1 50 2 B2 
2776 20837.48794 32100 2 49 2 B1 
2777 20839.13555 24900 4 49 2 C2 
2778 20840.55732 29100 0 49 3 B1 
2779 20841.33911 26400 53 48 2 T 
2780 20841.97096 24600 3 48 3 D1 
2781 20842.92406 32100 1 49 1 B1 
2782 20843.83914 26400 2 50 2 B2 
2783 20844.52705 27600 4 48 1 D1 
2784 20845.98515 27000 53 50 3 T 
2785 20846.67245 29700 53 50 2 T 
2786 20847.13571 24900 5 49 2 C2 
2787 20849.17247 24900 0 50 3 B2 
2788 20850.08218 24600 5 48 4 D1 
2789 20850.13737 29100 53 49 3 T 
2790 20850.53994 28200 2 49 2 B1 
2791 20852.22914 29400 53 49 2 T 
2792 20852.52707 24600 3 48 3 D1 
2793 20852.57226 24900 3 49 2 C2 
2794 20853.00374 28200 0 49 2 B1 
2795 20854.28796 27600 1 50 4 B2 
2796 20855.13564 27600 4 49 2 C2 
2797 20855.47467 26400 4 48 2 C1 
2798 20855.66661 28200 1 49 2 B1 
2799 20856.65197 24000 53 50 4 T 
2800 20856.78305 23400 2 50 2 B2 
2801 20857.90569 24900 5 49 2 C2 
2802 20858.13736 24000 53 49 1 T 
2803 20858.24372 29700 5 48 2 C1 
2804 20858.31661 28200 2 49 2 B1 
2805 20859.31864 28500 53 50 3 T 
2806 20859.55206 26400 0 50 3 B2 
2807 20860.57846 24900 3 49 2 C2 
2808 20860.69112 24000 4 49 1 D1 
2809 20860.80802 26400 3 48 2 C1 
2810 20862.20206 29100 1 50 2 B2 
2811 20863.10655 27600 4 49 2 C2 
2812 20863.19391 28200 5 49 2 D1 
2813 20863.47066 25800 53 48 5 T 
2814 20863.47457 24600 4 48 3 C1 
2815 20864.42206 26400 2 50 2 B2 
2816 20865.97119 27600 3 49 2 D1 
2817 20866.1374 27600 53 48 1 T 
2818 20867.3183 27600 53 50 4 T 
2819 20868.43985 28800 5 49 2 C2 
2820 20868.5273 26400 4 49 2 D1 
2821 20868.79712 24600 5 48 3 C1 
2822 20868.80432 28200 53 49 2 T 
2823 20869.08961 26400 0 50 3 B2 
2824 20869.9853 24600 53 50 1 T 
2825 20871.19376 25800 5 48 1 D1 
2826 20871.47066 28500 53 48 4 T 
2827 20873.90568 27600 3 49 2 C2 
2828 20874.24364 24600 3 48 3 C1 
2829 20874.98711 26400 1 50 4 B2 
2830 20875.16146 27000 2 50 3 A1 
2831 20876.76446 24600 4 48 3 C1 
2832 20876.80395 25800 53 48 1 T 
2833 20878.06294 27600 2 50 4 B2 
2834 20878.55457 24900 0 50 3 A1 
2835 20879.19382 24600 3 49 2 D1 
2836 20882.24799 24600 5 48 3 C1 
2837 20883.16148 26400 1 50 4 A1 
2838 20884.34296 28500 0 50 3 B2 
2839 20884.78003 24600 3 48 3 C1 
2840 20887.09085 26400 4 49 1 C2 
2841 20887.57698 24600 4 48 3 C1 
2842 20889.49707 26400 2 50 4 A1 
2843 20892.74868 25200 4 48 3 D1 
2844 20892.98332 24900 0 50 3 B1 
2845 20895.13027 27600 53 49 1 T 
2846 20895.19386 25200 5 48 2 D1 
2847 20895.37859 27900 0 50 1 A1 
2848 20898.02421 25800 3 48 5 D1 
2849 20898.3166 24000 1 49 1 B1 
2850 20898.32137 26700 1 50 5 A1 
2851 20900.0419 24600 53 48 4 T 
2852 20900.18913 33600 1 50 2 B2 
2853 20900.69105 24600 4 48 4 D1 
2854 20901.84014 26400 2 50 4 A1 
2855 20902.75606 29400 53 50 1 T 
2856 20903.10657 26400 5 49 1 C2 
2857 20903.83532 24000 2 49 1 B1 
2858 20905.2427 25200 0 50 1 A1 
2859 20905.36579 27000 2 50 2 B2 
2860 20905.77314 27600 3 49 1 C2 
2861 20907.46206 26400 53 49 1 T 
2862 20908.57833 29400 4 49 2 C2 
2863 20908.76148 25200 1 50 1 A1 
2864 20908.78013 25200 5 48 2 C1 
2865 20908.98353 24000 0 49 1 B1 
2866 20910.05492 26700 0 50 1 B2 
2867 20911.35764 24600 5 48 4 D1 
2868 20911.44683 25200 3 48 2 C1 
2869 20912.18814 24000 2 50 3 A1 
2870 20913.90579 24900 5 49 2 C2 
2871 20914.37588 28500 1 50 3 B2 
2872 20914.502 24000 1 49 1 B1 
2873 20916.46889 27600 3 49 1 C2 
2874 20916.4924 27900 2 50 5 B2 
2875 20916.69092 25200 3 48 3 D1 
2876 20916.78004 25200 4 48 2 C1 
2877 20918.85605 26700 0 50 1 B2 
2878 20919.24515 27600 4 49 1 C2 
2879 20919.41556 24600 4 49 1 D1 
2880 20919.66661 29100 2 49 3 B1 
2881 20922.00729 24900 0 50 3 B1 
2882 20922.24803 25200 5 48 2 C1 
2883 20922.51412 26700 1 50 1 B2 
2884 20924.91458 26400 3 48 2 C1 
2885 20929.74574 27900 2 50 5 B2 
2886 20930.11323 34200 4 48 4 C1 
2887 20932.169 25200 0 50 5 A1 
2888 20932.20953 29400 0 50 1 B2 
2889 20932.5723 24900 5 49 2 C2 
2890 20932.69107 26400 5 49 1 D1 
2891 20932.80798 26400 5 48 2 C1 
2892 20935.24514 24900 3 49 2 C2 
2893 20935.5815 26400 3 48 2 C1 
2894 20935.65537 24600 1 50 1 A1 
2895 20937.74578 27000 1 50 2 B2 
2896 20938.02427 24600 3 49 1 D1 
2897 20938.11361 25200 4 48 2 C1 
2898 20938.59555 24600 2 50 5 A1 
2899 20940.91022 25200 5 48 2 C1 
2900 20941.56244 24600 0 50 5 A1 
2901 20943.04112 24900 2 50 3 B2 
2902 20943.41552 24300 4 49 1 D1 
2903 20943.5769 26400 3 48 2 C1 
2904 20944.9567 24600 1 50 1 A1 
2905 20945.32467 24900 0 50 3 B2 
2906 20945.77325 27300 4 49 2 C2 
2907 20946.24803 25200 4 48 2 C1 
2908 20946.33333 24900 1 50 3 B1 
2909 20948.57229 27300 5 49 2 C2 
2910 20948.63761 24900 5 48 5 D1 
2911 20948.99999 24900 2 50 3 B1 
2912 20951.19373 27000 3 48 5 D1 
2913 20953.50236 24900 2 50 3 A1 
2914 20953.90581 27600 3 49 1 C2 
2915 20954.0244 24900 4 48 5 D1 
2916 20956.02247 26400 53 49 2 T 
2917 20956.46883 27600 4 49 1 C2 
2918 20957.02113 24600 0 50 2 A1 
2919 20958.47547 24900 1 50 3 B2 
2920 20960.46401 24600 1 50 2 A1 
2921 20960.9885 24900 2 50 3 B2 
2922 20961.9711 24900 5 48 1 D1 
2923 20963.54138 29400 53 50 1 T 
2924 20963.73446 24900 2 50 3 A1 
2925 20964.57235 28800 5 49 1 C2 
2926 20965.6758 24900 0 50 3 B2 
2927 20967.12758 24900 0 50 3 A1 
2928 20967.30436 25200 3 48 2 D1 
2929 20968.14813 24900 1 50 3 B2 
2930 20969.91189 26400 3 49 1 C2 
2931 20970.06091 24900 1 50 3 A1 
2932 20970.61205 24900 2 50 3 B2 
2933 20972.64973 24900 0 50 3 B2 
2934 20972.91043 27600 5 48 1 C1 
2935 20975.30429 24900 4 48 1 D1 
2936 20975.57695 25200 3 48 4 C1 
2937 20977.77315 27600 4 49 1 C2 
2938 20978.14131 25200 4 48 4 C1 
2939 20978.44626 24900 1 50 3 B2 
2940 20979.35087 24900 0 50 3 B1 
2941 20980.46889 29400 5 49 1 C2 
2942 20980.5272 24900 5 49 2 D1 
2943 20980.7038 24900 2 50 3 B2 
2944 20983.19161 24900 0 50 3 B2 
2945 20983.57698 25200 5 48 4 C1 
2946 20985.75151 24900 1 50 3 B2 
2947 20985.91182 26400 3 49 1 C2 
2948 20986.14125 25200 3 48 4 C1 
2949 20986.42665 27600 2 50 4 A1 
2950 20988.46895 26400 4 49 1 C2 
2951 20988.63771 24900 3 49 2 D1 
2952 20988.91042 25200 4 48 4 C1 
2953 20990.85574 24900 2 50 3 B2 
2954 20991.08121 26400 0 50 3 A1 
2955 20991.30448 24000 4 49 2 D1 
2956 20991.47457 25200 5 48 4 C1 
2957 20993.42496 24900 0 50 3 B2 
2958 20994.24804 25200 3 48 4 C1 
2959 20996.57143 24900 1 50 3 B2 
2960 20997.09334 24900 1 50 4 A1 
2961 20999.44675 25200 4 48 2 C1 
2962 21000.03352 27000 2 50 2 A1 
2963 21002.17369 25200 5 48 2 C1 
2964 21002.50199 26400 1 50 3 B1 
2965 21004.57845 26400 5 49 1 C2 
2966 21004.74874 27000 5 48 4 D1 
2967 21005.24355 26700 0 50 1 A1 
2968 21007.07912 24900 2 50 3 B2 
2969 21007.23908 26400 3 49 1 C2 
2970 21007.35767 28500 3 48 4 D1 
2971 21008.63667 26400 1 50 2 A1 
2972 21009.52447 29400 53 49 1 T 
2973 21009.77304 24300 4 49 1 C2 
2974 21009.8606 27300 4 49 2 D1 
2975 21010.502 24900 2 50 3 B1 
2976 21011.57 27900 2 50 5 A1 
2977 21011.65544 24900 0 50 3 B2 
2978 21012.74887 25200 5 48 4 D1 
2979 21014.50334 24600 0 50 1 A1 
2980 21014.87246 24900 1 50 3 B2 
2981 21017.43782 28500 1 50 3 A1 
2982 21017.70778 24900 2 50 3 B2 
2983 21020.22912 29700 53 50 3 T 
2984 21020.42777 24000 2 50 4 A1 
2985 21021.63325 24600 3 48 3 C1 
2986 21022.28622 28800 0 50 1 B2 
2987 21023.41537 26700 3 48 3 D1 
2988 21023.66582 24900 0 50 4 A1 
2989 21028.46902 24300 5 49 1 C2 
2990 21029.68087 24900 0 50 3 B1 
2991 21031.24514 24300 3 49 1 C2 
2992 21031.58134 28500 4 48 4 C1 
2993 21033.52246 24900 1 50 3 B2 
2994 21033.9057 24300 4 49 1 C2 
2995 21034.24799 28500 5 48 4 C1 
2996 21036.18913 24900 2 50 3 B2 
2997 21036.42188 24300 5 49 1 C2 
2998 21036.78014 28500 3 48 4 C1 
2999 21036.88569 26400 4 48 2 D1 
3000 21039.58135 25800 4 48 1 C1 
3001 21039.74412 25200 0 50 5 B2 
3002 21040.38799 27300 5 49 1 D1 
3003 21042.11335 25800 5 48 1 C1 
3004 21042.12422 26400 1 50 2 B2 
3005 21042.99696 27600 3 49 1 D1 
3006 21044.46897 27300 3 49 2 C2 
3007 21044.64927 24900 2 50 3 B2 
3008 21044.9149 25800 3 48 1 C1 
3009 21045.72141 27000 4 49 2 D1 
3010 21046.869 26400 4 49 1 C2 
3011 21046.96938 24900 0 50 3 B2 
3012 21047.2535 24600 4 48 3 C1 
3013 21048.38804 25200 5 48 4 D1 
3014 21050.5661 25800 5 48 1 C1 
3015 21052.41245 26400 1 50 2 B2 
3016 21053.00725 27600 3 48 1 C1 
3017 21054.10372 24000 1 49 1 B1 
3018 21054.71107 24900 2 50 3 B2 
3019 21055.43435 25800 4 48 1 C1 
3020 21057.74052 29100 5 48 1 C1 
3021 21061.20665 26700 2 50 1 B1 
3022 21062.75425 27600 3 48 1 C1 
3023 21063.23894 24000 5 49 2 C2 
3024 21065.52245 25200 0 50 5 B2 
3025 21065.80224 29400 3 49 2 C2 
3026 21071.76308 25200 1 50 5 B2 
3027 21072.33033 27600 3 49 1 D1 
3028 21074.04865 24900 2 50 3 B2 
3029 21074.34551 24600 4 49 2 D1 
3030 21074.53999 24900 0 50 3 B1 
3031 21076.2263 26400 53 50 3 T 
3032 21077.01251 26400 1 50 4 A1 
3033 21079.0378 27000 0 50 2 B2 
3034 21079.13571 24000 4 49 2 C2 
3035 21081.8023 24000 5 49 2 C2 
3036 21084.2058 26400 1 50 2 B2 
3037 21084.43988 26400 3 49 1 C2 
3038 21087.85579 24600 2 50 5 B2 
3039 21092.65195 31500 0 50 5 B2 
3040 21094.79291 29700 4 48 3 C1 
3041 21095.12811 26400 1 50 2 B2 
3042 21095.24514 24000 4 49 2 C2 
3043 21096.56516 28500 2 50 2 A1 
3044 21100.0856 28200 5 48 2 C1 
3045 21100.57235 26400 5 49 1 C2 
3046 21102.85481 24900 3 48 5 C1 
3047 21103.04111 25200 2 50 5 B2 
3048 21103.23899 24000 3 49 2 C2 
3049 21105.41898 24900 4 48 5 C1 
3050 21105.74579 25200 0 50 5 B2 
3051 21105.77313 26400 4 49 1 C2 
3052 21108.19236 28500 5 48 4 C1 
3053 21110.72442 24900 3 48 5 C1 
3054 21111.64999 24900 1 50 3 B1 
3055 21113.52135 28200 4 48 3 C1 
3056 21116.08575 24900 5 48 5 C1 
3057 21116.18912 26700 1 50 1 B2 
3058 21118.74169 24900 3 48 5 C1 
3059 21118.87245 26700 2 50 1 B2 
3060 21119.10645 27000 5 49 2 C2 
3061 21121.91167 24600 3 49 2 C2 
3062 21124.04285 25200 4 48 4 C1 
3063 21124.46908 24600 4 49 2 C2 
3064 21124.98333 26400 2 50 2 B1 
3065 21125.61032 26400 5 49 1 D1 
3066 21127.42188 28200 5 48 3 C1 
3067 21127.74408 24600 0 50 5 B2 
3068 21132.41246 25200 1 50 5 B2 
3069 21134.50421 26700 53 50 5 T 
3070 21137.09406 25200 2 50 5 B2 
3071 21137.55195 25200 0 50 5 A1 
3072 21140.43985 24600 5 49 2 C2 
3073 21141.18383 24900 0 50 4 B2 
3074 21143.10657 24600 3 49 2 C2 
3075 21143.71737 26700 1 50 1 B2 
3076 21146.25863 26700 2 50 1 B2 
3077 21148.47964 24600 0 50 5 B2 
3078 21148.57246 24600 4 49 2 C2 
3079 21153.39112 27000 3 48 4 C1 
3080 21153.70779 26700 1 50 1 B2 
3081 21153.80227 24600 5 49 2 C2 
3082 21156.05785 26700 4 48 3 C1 
3083 21158.44112 25200 5 48 4 C1 
3084 21159.24516 24600 3 49 2 C2 
3085 21161.32688 27000 3 48 4 C1 
3086 21161.74578 24600 2 50 5 B2 
3087 21161.90564 24600 4 49 2 C2 
3088 21163.68981 24900 4 48 5 C1 
3089 21164.19846 24600 0 50 5 B2 
3090 21164.57848 24600 5 49 2 C2 
3091 21166.05058 27000 5 48 4 C1 
3092 21167.23893 24600 3 49 1 C2 
3093 21167.66666 24900 0 50 3 B1 
3094 21168.56761 27000 3 48 4 C1 
3095 21169.53912 27900 1 50 1 B2 
3096 21169.96912 26400 4 49 1 C2 
3097 21170.98043 34200 4 48 2 C1 
3098 21173.7063 28800 5 48 5 C1 
3099 21176.37294 24900 3 48 5 C1 
3100 21177.75708 27000 53 50 3 T 
3101 21178.90501 26700 4 48 3 C1 
3102 21180.46883 24600 5 49 1 C2 
3103 21180.61635 27900 2 50 1 B2 
3104 21181.70179 24900 5 48 5 C1 
3105 21183.10657 24600 3 49 1 C2 
3106 21183.48125 24900 0 50 3 B2 
3107 21184.37284 31800 3 48 4 C1 
3108 21185.60842 27000 53 50 3 T 
3109 21188.10587 24600 1 50 5 B2 
3110 21189 24900 1 50 3 B1 
3111 21190.58911 27000 53 50 3 T 
3112 21192.80108 24600 2 50 5 B2 
3113 21194.18355 27300 4 49 2 C2 
3114 21195.24692 27000 53 50 3 T 
3115 21197.42655 24900 0 50 4 B2 
3116 21200.09322 28500 1 50 2 B2 
3117 21201.91187 27000 5 49 2 C2 
3118 21202.22382 27000 53 48 5 T 
3119 21204.57238 30900 3 49 1 C2 
3120 21204.77942 26700 53 50 1 T 
3121 21206.90023 27000 53 48 5 T 
3122 21207.23917 24600 4 49 1 C2 
3123 21208.36855 25200 4 48 3 C1 
3124 21209.37699 27900 2 50 1 B2 
3125 21211.03541 25200 5 48 3 C1 
3126 21211.50567 30300 53 49 1 T 
3127 21212.43985 24600 5 49 1 C2 
3128 21213.4043 25800 3 48 1 C1 
3129 21213.61761 24900 0 50 4 B2 
3130 21215.13557 24600 3 49 1 C2 
3131 21216.25094 24900 1 50 4 B2 
3132 21216.68235 25200 4 48 3 C1 
3133 21217.91177 27000 4 49 2 C2 
3134 21218.91761 30300 53 49 1 T 
3135 21219.0832 25200 5 48 3 C1 
3136 21220.45689 27000 5 49 2 C2 
3137 21220.95032 24600 2 50 5 B2 
3138 21221.57156 26700 3 48 3 C1 
3139 21222.83135 27300 53 49 1 T 
3140 21223.0065 27000 53 50 2 T 
3141 21223.45036 27000 53 49 2 T 
3142 21223.83532 24900 2 50 3 B1 
3143 21225.14631 26700 4 48 3 C1 
3144 21225.48584 24900 0 50 4 B2 
3145 21225.96441 30900 3 49 2 C2 
3146 21227.03838 25200 5 48 3 C1 
3147 21227.98096 27000 53 50 2 T 
3148 21228.20262 27300 53 49 2 T 
3149 21228.89141 27000 53 49 2 T 
3150 21230.61429 24900 1 50 4 B2 
3151 21231.17636 27000 53 48 4 T 
3152 21232.37277 26700 3 48 3 C1 
3153 21233.24762 27000 53 48 4 T 
3154 21234.03962 27300 53 49 2 T 
3155 21235.4451 27900 2 50 5 B2 
3156 21235.91541 25200 4 48 3 C1 
3157 21237.58092 27000 53 48 4 T 
3158 21237.77109 26700 5 48 3 C1 
3159 21239.10636 26400 4 49 2 C2 
3160 21239.62165 26400 0 50 2 B2 
3161 21239.81908 27300 53 49 2 T 
3162 21241.65434 30300 53 50 4 T 
3163 21241.69796 25200 3 48 3 C1 
3164 21243.41053 30000 53 49 1 T 
3165 21244.53874 30300 53 50 4 T 
3166 21244.57245 26400 5 49 2 C2 
3167 21247.03295 24900 1 50 4 B2 
3168 21247.47919 28200 4 48 2 C1 
3169 21249.36066 30000 53 49 1 T 
3170 21249.70778 24900 2 50 4 B2 
3171 21250.502 24900 0 50 3 B1 
3172 21252.57848 26400 3 49 2 C2 
3173 21252.909 30300 53 49 1 T 
3174 21253.18074 27600 0 50 4 B2 
3175 21255.71084 25200 1 50 5 B2 
3176 21257.99916 30300 53 49 1 T 
3177 21258.66556 24600 2 50 2 B2 
3178 21260.71667 26400 53 50 2 T 
3179 21262.74325 27900 0 50 5 B2 
3180 21262.88807 30000 53 49 2 T 
3181 21265.17762 24600 5 48 4 C1 
3182 21265.80237 24600 4 49 1 C2 
3183 21268.00848 30000 53 49 2 T 
3184 21268.46895 24600 5 49 1 C2 
3185 21270.89581 30000 53 49 1 T 
3186 21271.10648 24600 3 49 1 C2 
3187 21272.37279 24600 3 48 4 C1 
3188 21273.6155 29400 1 50 1 B2 
3189 21273.77312 26400 4 49 2 C2 
3190 21274.03963 27300 53 49 1 T 
3191 21274.53999 24900 1 50 3 B1 
3192 21275.91322 24900 4 48 5 C1 
3193 21276.26555 28800 2 50 1 B2 
3194 21276.57229 26400 5 49 2 C2 
3195 21278.38598 24600 5 48 4 C1 
3196 21278.94888 28500 0 50 2 B2 
3197 21279.24522 26400 3 49 2 C2 
3198 21280.04537 27300 53 49 1 T 
3199 21281.48806 30300 53 49 1 T 
3200 21281.93181 25800 3 48 5 C1 
3201 21283.84947 24600 4 48 4 C1 
3202 21284.14837 30900 1 50 3 B2 
3203 21284.25733 27000 53 50 3 T 
3204 21285.75615 25200 5 48 3 C1 
3205 21286.24013 27000 53 48 4 T 
3206 21287.2448 27000 53 49 2 T 
3207 21288.11911 25800 3 48 5 C1 
3208 21288.7937 27600 2 50 4 B2 
3209 21290.53471 25800 4 48 5 C1 
3210 21290.90366 24600 0 50 2 B2 
3211 21293.19113 25800 5 48 5 C1 
3212 21295.82988 24600 3 48 4 C1 
3213 21298.49664 25800 4 48 5 C1 
3214 21300.45089 28500 1 50 2 B2 
3215 21303.15554 29400 2 50 1 B2 
3216 21305.80232 29400 4 49 1 C2 
3217 21306.50617 24600 0 50 2 B2 
3218 21313.82222 24600 1 50 2 B2 
3219 21316.28598 24600 2 50 2 B2 
3220 21316.57231 28800 5 49 2 C2 
3221 21317.20666 24900 2 50 3 B1 
3222 21319.93222 27000 0 50 3 B2 
3223 21321.59082 27000 53 48 5 T 
3224 21322.50474 29400 53 50 5 T 
3225 21325.16504 29700 1 50 3 B2 
3226 21327.10661 27300 3 49 1 C2 
3227 21327.72741 24600 2 50 2 B2 
3228 21329.86432 30600 0 50 5 B2 
3229 21330.45084 24600 5 48 4 C1 
3230 21332.43987 27300 4 49 1 C2 
3231 21332.48889 24600 1 50 2 B2 
3232 21334.6749 30300 53 49 1 T 
3233 21335.64999 24900 0 50 3 B1 
3234 21335.79475 24600 3 48 4 C1 
3235 21337.61555 27000 2 50 3 B2 
3236 21338.46152 24600 4 48 4 C1 
3237 21341.23478 24600 5 48 4 C1 
3238 21342.93221 27000 0 50 3 B2 
3239 21343.76678 24600 3 48 4 C1 
3240 21345.45306 27000 53 48 5 T 
3241 21346.46143 24600 4 48 4 C1 
3242 21349.16855 24600 5 48 4 C1 
3243 21354.56373 24600 3 48 4 C1 
3244 21359.15555 24600 1 50 2 B2 
3245 21361.60821 29700 2 50 2 B2 
3246 21366.93222 27000 0 50 3 B2 
3247 21369.78423 27000 1 50 3 B2 
3248 21370.31666 24900 1 50 3 B1 
3249 21373.15384 27000 2 50 3 B2 
3250 21375.45255 29100 0 50 4 B2 
3251 21376.65199 24600 53 49 1 T 
3252 21378.33571 27300 5 49 1 C2 
3253 21378.43347 24900 4 48 1 C1 
3254 21381.1002 34200 5 48 1 C1 
3255 21381.25722 24600 1 50 1 B2 
3256 21381.98531 24600 53 49 2 T 
3257 21383.52964 25200 3 48 3 C1 
3258 21383.79285 27000 2 50 3 B2 
3259 21384.65198 24900 53 49 2 T 
3260 21385.59082 27000 53 50 2 T 
3261 21386.37192 30300 53 50 4 T 
3262 21387.31855 26700 53 50 5 T 
3263 21388.9989 27900 0 50 5 B2 
3264 21389.23476 34200 4 48 3 C1 
3265 21389.9853 26400 53 49 1 T 
3266 21391.07966 24600 1 50 1 B2 
3267 21391.76681 24900 5 48 1 C1 
3268 21393.17432 27000 53 49 2 T 
3269 21394.43363 24900 3 48 1 C1 
3270 21395.31855 26400 53 50 3 T 
3271 21396.84361 24600 2 50 1 B2 
3272 21399.66666 25200 2 50 5 B1 
3273 21399.76678 24900 4 48 1 C1 
3274 21400.65195 24900 53 50 3 T 
3275 21403.31862 27000 53 50 3 T 
3276 21405.23469 24900 5 48 1 C1 
3277 21407.89707 24900 3 48 1 C1 
3278 21408.65178 24900 53 50 4 T 
3279 21410.5679 24900 4 48 1 C1 
3280 21411.31869 28500 53 50 3 T 
3281 21413.23028 24900 5 48 1 C1 
3282 21417.59888 24600 0 50 1 B2 
3283 21418.56807 24900 3 48 1 C1 
3284 21420.1594 27600 1 50 4 B2 
3285 21421.01528 25800 4 48 5 C1 
3286 21423.66666 26400 0 50 2 B1 
3287 21425.82223 24600 2 50 1 B2 
3288 21432.64994 28200 1 49 2 B1 
3289 21433.82222 24600 0 50 1 B2 
3290 21436.28598 24600 1 50 1 B2 
3291 21438.86393 27000 53 50 2 T 
3292 21440.991 24600 2 50 1 B2 
3293 21441.90563 27000 3 49 2 C2 
3294 21442.94366 26400 3 48 2 D1 
3295 21443.50523 26700 0 50 5 B2 
3296 21444.46904 27000 4 49 2 C2 
3297 21444.99993 28200 2 49 2 B1 
3298 21445.61026 25800 4 48 1 D1 
3299 21446.15601 29100 1 50 3 B2 
3300 21447.13557 27000 5 49 2 C2 
3301 21447.66661 29100 0 49 3 B1 
3302 21447.76688 27000 5 48 5 C1 
3303 21448.45201 24600 2 50 1 B2 
3304 21448.65194 26400 53 49 2 T 
3305 21450.13759 28200 53 49 2 T 
3306 21450.50194 30300 1 49 1 B1 
3307 21451.11868 26700 0 50 5 B2 
3308 21451.31845 24600 53 50 1 T 
3309 21452.80407 29100 53 49 3 T 
3310 21453.24999 28200 2 49 2 B1 
3311 21453.41468 24600 1 50 1 B2 
3312 21453.98518 26400 53 50 2 T 
3313 21455.83532 24600 0 50 5 B1 
3314 21455.8971 27000 3 48 5 C1 
3315 21455.9022 27300 53 49 2 T 
3316 21456.16635 25200 5 48 3 D1 
3317 21456.65194 26400 53 49 1 T 
3318 21457.91182 35100 3 49 2 C2 
3319 21458.13736 28200 53 48 3 T 
3320 21458.46134 26700 4 48 3 C1 
3321 21458.53994 29100 1 49 3 B1 
3322 21458.833 27000 3 48 4 D1 
3323 21459.31867 26400 53 50 4 T 
3324 21460.43986 27600 4 49 2 C2 
3325 21460.80399 26400 53 48 2 T 
3326 21461.12806 27000 5 48 5 C1 
3327 21461.20666 29100 2 49 3 B1 
3328 21461.4998 25200 4 48 3 D1 
3329 21461.98534 24600 53 50 2 T 
3330 21463.24515 27600 5 49 2 C2 
3331 21463.90144 27000 3 48 5 C1 
3332 21465.91183 27600 3 49 2 C2 
3333 21466.13724 28500 53 48 4 T 
3334 21466.46132 27000 4 48 5 C1 
3335 21466.99709 29100 5 49 3 D1 
3336 21468.28222 24600 2 50 1 B2 
3337 21468.804 26700 53 48 3 T 
3338 21469.23051 27000 5 48 5 C1 
3339 21469.49963 25800 3 48 1 D1 
3340 21471.11754 28500 0 50 3 B2 
3341 21471.19188 29400 4 49 2 C2 
3342 21471.39744 24600 1 50 2 A1 
3343 21471.47066 24900 53 48 5 T 
3344 21471.897 27000 3 48 5 C1 
3345 21472.16655 27300 4 49 1 D1 
3346 21472.652 28500 53 50 2 T 
3347 21474.13734 28200 53 48 2 T 
3348 21474.56363 26700 4 48 3 C1 
3349 21476.59584 27300 5 49 1 C2 
3350 21477.23045 26700 5 48 3 C1 
3351 21478.31048 26700 2 50 5 A1 
3352 21479.79474 27000 3 48 5 C1 
3353 21479.83533 26700 0 50 1 B1 
3354 21480.3882 24600 5 49 1 D1 
3355 21481.28927 26400 0 50 3 A1 
3356 21482.15356 24600 4 48 4 C1 
3357 21482.83311 26400 3 49 1 D1 
3358 21484.28217 24000 1 50 4 B2 
3359 21485.13093 26700 5 48 3 C1 
3360 21485.54934 26400 1 50 2 A1 
3361 21486.93223 26700 2 50 5 B2 
3362 21489.59889 28500 0 50 3 B2 
3363 21489.80238 30000 3 49 1 C2 
3364 21492.11197 27000 53 50 3 T 
3365 21493.65012 25200 2 50 1 A1 
3366 21494.13964 26700 1 50 5 B2 
3367 21496.5871 30600 2 50 2 B2 
3368 21499.12273 26400 0 50 4 B2 
3369 21500.84683 24600 3 48 4 C1 
3370 21501.69155 25200 0 50 1 A1 
3371 21501.72139 25200 4 48 4 D1 
3372 21503.82055 26400 1 50 4 B2 
3373 21504.92024 26700 4 48 3 C1 
3374 21506.11926 26700 2 50 5 B2 
3375 21507.05461 28500 5 48 4 D1 
3376 21507.42071 24600 5 48 4 C1 
3377 21508.11125 28500 1 50 3 A1 
3378 21508.44106 27000 4 49 2 C2 
3379 21508.60258 24000 0 50 4 B2 
3380 21509.20661 28200 1 49 2 B1 
3381 21511.05259 25200 2 50 5 A1 
3382 21511.17736 27000 1 50 2 B2 
3383 21511.83528 31200 2 49 2 B1 
3384 21512.6519 29400 53 50 1 T 
3385 21513.22846 30000 53 49 2 T 
3386 21513.90573 24600 5 49 2 C2 
3387 21514.00221 27900 0 50 1 A1 
3388 21514.31686 28200 0 49 2 B1 
3389 21514.43356 24600 3 48 4 C1 
3390 21514.5145 26700 53 50 1 T 
3391 21515.05474 28200 3 49 2 D1 
3392 21516.46895 24600 3 49 2 C2 
3393 21516.98332 35100 1 49 3 B1 
3394 21517.12803 26700 4 48 3 C1 
3395 21517.72147 24900 4 49 2 D1 
3396 21519.13566 24600 4 49 2 C2 
3397 21519.16101 24000 2 50 4 B2 
3398 21519.47066 24900 53 48 1 T 
3399 21519.76677 24600 5 48 4 C1 
3400 21520.33023 24600 5 48 3 D1 
3401 21521.77315 28800 5 49 2 C2 
3402 21522.43348 26700 3 48 3 C1 
3403 21522.99697 25800 3 48 5 D1 
3404 21524.80391 24600 53 48 4 T 
3405 21524.92956 24900 1 50 3 A1 
3406 21525.23483 24600 4 48 4 C1 
3407 21525.66358 25800 4 48 5 D1 
3408 21525.98528 24600 53 50 5 T 
3409 21527.11755 24000 0 50 4 B2 
3410 21527.47064 24600 53 48 3 T 
3411 21527.54516 24600 5 48 4 C1 
3412 21528.33016 27000 5 48 5 D1 
3413 21530.84841 24600 3 48 4 C1 
3414 21532.57849 27000 3 49 2 C2 
3415 21533.23335 24600 1 50 1 B2 
3416 21533.23671 27600 4 48 1 C1 
3417 21534.47574 24900 2 50 3 A1 
3418 21535.2452 30000 4 49 2 C2 
3419 21535.87333 24900 2 50 4 B1 
3420 21536.33031 31200 3 49 2 D1 
3421 21538.46129 24600 5 48 4 C1 
3422 21538.83317 24600 4 49 2 D1 
3423 21540.48889 26400 2 50 4 B2 
3424 21541.10021 27600 3 48 1 C1 
3425 21541.66363 26400 5 49 2 D1 
3426 21542.42196 26400 0 50 4 A1 
3427 21542.95265 27000 0 50 2 B2 
3428 21543.10661 27300 5 49 1 C2 
3429 21547.11796 24600 4 48 4 C1 
3430 21553.24199 26400 1 50 4 A1 
3431 21553.61555 27000 1 50 2 B2 
3432 21554.83308 24900 3 48 1 D1 
3433 21556.28222 26400 2 50 4 B2 
3434 21556.6351 27000 2 50 3 A1 
3435 21558.80906 24600 0 50 1 B2 
3436 21559.60199 27000 0 50 3 A1 
3437 21561.79491 26400 1 50 4 B2 
3438 21562.56383 25800 5 48 1 C1 
3439 21562.99625 24600 1 50 1 A1 
3440 21564.21985 34800 2 50 3 B2 
3441 21564.4689 27300 3 49 1 C2 
3442 21565.96999 24600 2 50 5 A1 
3443 21566.77638 26400 0 50 4 B2 
3444 21567.10653 28800 4 49 1 C2 
3445 21567.79479 28800 3 48 5 C1 
3446 21568.16631 28200 4 48 3 D1 
3447 21569.33913 27300 53 49 1 T 
3448 21569.37255 27900 0 50 5 A1 
3449 21569.77315 27300 5 49 1 C2 
3450 21570.48276 34200 4 48 5 C1 
3451 21570.83313 27300 5 49 2 D1 
3452 21571.82436 26400 1 50 4 B2 
3453 21572.57848 27300 3 49 1 C2 
3454 21573.61029 25200 3 48 4 D1 
3455 21573.80111 26700 1 50 1 A1 
3456 21574.44148 26400 2 50 4 B2 
3457 21575.23911 27300 4 49 1 C2 
3458 21575.76673 27000 5 48 5 C1 
3459 21576.27709 24600 4 48 4 D1 
3460 21576.91928 26400 0 50 4 B2 
3461 21577.90566 29400 5 49 1 C2 
3462 21578.46141 25800 3 48 1 C1 
3463 21578.9436 27600 5 48 1 D1 
3464 21579.52279 24600 1 50 1 B2 
3465 21580.43983 27300 3 49 1 C2 
3466 21580.98332 27000 0 50 3 B1 
3467 21581.2303 27600 4 48 1 C1 
3468 21583.13571 28800 4 49 1 C2 
3469 21583.89703 25800 5 48 1 C1 
3470 21585.44039 28200 1 49 2 B1 
3471 21586.61825 26400 2 50 4 B2 
3472 21588.98333 24600 2 50 2 B1 
3473 21589.12822 25800 3 48 1 C1 
3474 21591.32102 27000 5 49 2 C2 
3475 21591.79464 25800 4 48 1 C1 
3476 21594.56366 25800 5 48 1 C1 
3477 21594.94372 27600 3 49 1 D1 
3478 21596.57247 26400 3 49 2 C2 
3479 21597.10002 25800 3 48 1 C1 
3480 21597.28486 25200 0 50 1 B2 
3481 21597.66375 27600 4 49 2 D1 
3482 21599.13562 28800 4 49 2 C2 
3483 21599.38114 27000 53 50 3 T 
3484 21599.79464 25800 4 48 1 C1 
3485 21600.27702 26400 5 49 1 D1 
3486 21602.02191 26400 1 50 4 B2 
3487 21604.68857 28500 2 50 3 B2 
3488 21607.20539 26400 0 50 4 B2 
3489 21607.79472 24600 5 48 4 C1 
3490 21609.35071 26400 1 50 4 B2 
3491 21611.59298 25200 2 50 1 B2 
3492 21613.83908 26400 0 50 4 B2 
3493 21616.93531 30600 1 50 1 B2 
3494 21617.14341 28500 2 50 2 A1 
3495 21617.91192 26400 5 49 2 C2 
3496 21619.69879 26400 2 50 3 B2 
3497 21621.72129 25200 3 48 2 D1 
3498 21623.24513 26400 3 49 2 C2 
3499 21623.90146 25800 3 48 5 C1 
3500 21624.33027 24900 4 48 5 D1 
3501 21625.29674 24900 0 50 3 A1 
3502 21625.90566 27300 4 49 2 C2 
3503 21628.57236 27300 5 49 2 C2 
3504 21629.10013 29100 4 48 1 C1 
3505 21629.39045 25200 0 50 1 B2 
3506 21629.7214 25200 5 48 2 D1 
3507 21631.06914 27600 3 49 2 C2 
3508 21631.90129 25800 5 48 1 C1 
3509 21632.05711 25200 1 50 1 B2 
3510 21633.43478 26400 4 49 2 C2 
3511 21634.56362 24600 3 48 4 C1 
3512 21634.93045 25200 2 50 1 B2 
3513 21635.0546 26700 3 48 3 D1 
3514 21636.02543 27300 5 49 2 C2 
3515 21637.23474 25800 4 48 5 C1 
3516 21641.9057 27300 3 49 2 C2 
3517 21642.43352 29100 5 48 1 C1 
3518 21643.02315 31200 4 49 2 D1 
3519 21644.99999 24600 0 50 1 B1 
3520 21647.10663 27300 4 49 2 C2 
3521 21647.72825 25200 0 50 1 B2 
3522 21647.76676 25800 3 48 5 C1 
3523 21650.33333 24600 1 50 1 B1 
3524 21650.41159 28800 1 50 4 B2 
3525 21650.4334 25800 4 48 5 C1 
3526 21653.23465 25800 5 48 5 C1 
3527 21655.62041 24600 5 49 2 C2 
3528 21655.76692 25800 3 48 5 C1 
3529 21656.27705 27600 5 49 1 D1 
3530 21658.39486 28800 2 50 5 B2 
3531 21658.56372 25800 4 48 5 C1 
3532 21658.67924 27300 3 49 2 C2 
3533 21660.63755 27000 3 49 2 D1 
3534 21662.06154 26400 0 50 3 B2 
3535 21663.24527 29400 4 49 1 C2 
3536 21663.7668 28800 5 48 5 C1 
3537 21664.62891 26400 1 50 3 B2 
3538 21665.43187 27000 1 50 2 A1 
3539 21667.29864 28500 2 50 2 B1 
3540 21669.32501 24000 2 50 3 B2 
3541 21671.95158 25200 0 50 1 B2 
3542 21676.57227 24600 5 49 1 C2 
3543 21679.24515 24600 3 49 1 C2 
3544 21680.63558 28500 1 50 2 B2 
3545 21681.61866 24600 4 49 2 C2 
3546 21682.92116 24000 2 50 3 B2 
3547 21683.98063 24600 5 49 1 C2 
3548 21684.78902 27600 2 50 4 A1 
3549 21685.128 24900 3 48 5 C1 
3550 21686.55429 31200 3 49 2 C2 
3551 21687.89718 24900 4 48 5 C1 
3552 21689.91182 26400 4 49 2 C2 
3553 21690.39491 26400 0 50 3 B2 
3554 21690.41327 27600 5 48 1 C1 
3555 21692.57847 24600 5 49 1 C2 
3556 21692.95542 26400 1 50 4 B2 
3557 21693.69102 24900 3 48 5 C1 
3558 21695.94094 29100 2 50 2 B2 
3559 21697.77322 24600 3 49 1 C2 
3560 21698.58471 25800 4 48 5 C1 
3561 21701.07825 26400 0 50 3 B2 
3562 21701.23035 24900 5 48 5 C1 
3563 21703.89703 24900 3 48 5 C1 
3564 21703.91359 29400 1 50 5 B2 
3565 21705.49666 25200 0 50 5 A1 
3566 21706.4614 26400 4 48 2 C1 
3567 21708.57245 26400 4 49 2 C2 
3568 21709.16865 28500 0 50 3 B1 
3569 21709.23045 26400 5 48 2 C1 
3570 21711.7467 27000 3 48 5 C1 
3571 21715.08441 26400 4 48 2 C1 
3572 21716.57236 26400 5 49 2 C2 
3573 21717.16866 24600 1 50 1 B1 
3574 21717.58499 26400 5 48 2 C1 
3575 21719.1357 26400 3 49 1 C2 
3576 21722.39492 24000 2 50 3 B2 
3577 21722.56379 26400 3 48 2 C1 
3578 21724.86795 26400 1 50 4 A1 
3579 21726.0532 28800 0 50 1 B2 
3580 21730.98303 24000 1 50 3 B2 
3581 21732.46895 28800 4 49 2 C2 
3582 21733.54187 28800 2 50 1 B2 
3583 21735.10661 26400 5 49 1 C2 
3584 21735.9522 32400 0 50 1 B2 
3585 21737.91173 26400 3 49 1 C2 
3586 21738.43352 27000 4 48 4 C1 
3587 21739.28325 29700 1 50 3 B2 
3588 21740.43981 26400 4 49 1 C2 
3589 21743.90146 27000 5 48 4 C1 
3590 21744.3105 26400 2 50 4 A1 
3591 21746.5681 27000 3 48 4 C1 
3592 21746.61824 28500 2 50 2 B2 
3593 21749.23469 27000 4 48 4 C1 
3594 21751.13562 28800 5 49 2 C2 
3595 21754.43357 27000 5 48 4 C1 
3596 21756.57241 27600 3 49 1 C2 
3597 21757.12801 26400 3 48 2 C1 
3598 21757.24691 28500 0 50 2 B2 
3599 21759.76686 24900 4 48 1 C1 
3600 21759.95159 25200 1 50 5 B2 
3601 21762.43346 26400 5 48 2 C1 
3602 21765.235 24900 3 48 1 C1 
3603 21767.10658 26400 4 49 1 C2 
3604 21769.91184 27600 5 49 1 C2 
3605 21770.41159 25200 2 50 5 B2 
3606 21770.53999 24000 2 50 4 B1 
3607 21770.56794 24900 4 48 1 C1 
3608 21770.89476 28200 4 48 2 D1 
3609 21773.23471 29700 5 48 3 C1 
3610 21775.24517 27600 3 49 1 C2 
3611 21775.79465 24900 3 48 1 C1 
3612 21777.99227 27600 53 50 4 T 
3613 21778.53999 26700 0 50 5 B1 
3614 21781.24686 25200 0 50 5 B2 
3615 21783.74492 25200 1 50 5 B2 
3616 21786.19091 27600 53 50 4 T 
3617 21788.38544 25200 2 50 5 B2 
3618 21790.85369 27900 53 50 5 T 
3619 21791.23915 27600 4 49 1 C2 
3620 21793.40806 25200 0 50 5 B2 
3621 21793.90567 26400 5 49 1 C2 
3622 21795.45924 27900 53 50 5 T 
3623 21796.43986 27600 3 49 1 C2 
3624 21797.12809 28200 4 48 2 C1 
3625 21797.98386 27000 1 50 2 B2 
3626 21799.13555 27600 4 49 1 C2 
3627 21799.89704 28500 5 48 4 C1 
3628 21800.09371 30600 53 50 5 T 
3629 21802.32264 25200 2 50 5 B2 
3630 21802.46144 28200 3 48 2 C1 
3631 21804.98931 27000 0 50 2 B2 
3632 21805.12799 32400 4 48 5 C1 
3633 21807.65598 30600 53 50 5 T 
3634 21809.73632 29100 1 50 4 B2 
3635 21809.77316 26400 5 49 1 C2 
3636 21810.53846 24900 0 50 4 A1 
3637 21810.5637 24900 5 48 1 C1 
3638 21811.86744 27600 53 48 1 T 
3639 21812.43984 27600 3 49 1 C2 
3640 21813.23047 28200 3 48 2 C1 
3641 21814.38675 25200 2 50 5 B2 
3642 21817.05342 27600 53 48 1 T 
3643 21819.68675 29100 0 50 4 B2 
3644 21820.57851 30300 4 49 1 C2 
3645 21821.10024 34200 4 48 1 C1 
3646 21821.7832 30600 53 50 1 T 
3647 21822.979 27600 53 49 1 T 
3648 21823.89514 26400 1 50 2 B2 
3649 21824.66569 28500 5 48 4 C1 
3650 21825.53622 27900 53 50 1 T 
3651 21825.90582 24900 5 49 2 C2 
3652 21826.56181 25200 2 50 1 B2 
3653 21827.20844 27600 53 49 1 T 
3654 21828.5174 27600 53 50 4 T 
3655 21828.5948 30600 53 50 1 T 
3656 21830.8148 30600 53 50 2 T 
3657 21831.13566 26400 3 49 1 C2 
3658 21831.76673 28500 3 48 4 C1 
3659 21833.31449 24900 0 50 4 B2 
3660 21833.63914 30900 53 49 2 T 
3661 21833.80239 26400 4 49 1 C2 
3662 21833.86672 27600 53 49 1 T 
3663 21835.41282 28500 4 48 4 C1 
3664 21835.43691 30600 53 50 2 T 
3665 21836.98333 27000 1 50 2 B1 
3666 21837.59919 30900 53 49 2 T 
3667 21839.79474 27000 5 48 4 C1 
3668 21840.17888 24900 1 50 4 B2 
3669 21842.2876 30900 53 50 3 T 
3670 21842.48805 27600 53 49 1 T 
3671 21844.40056 26400 2 50 2 B2 
3672 21846.09406 25800 3 48 5 C1 
3673 21846.89999 30900 53 50 3 T 
3674 21847.78812 27600 53 49 1 T 
3675 21849.01322 24900 0 50 4 B2 
3676 21849.91191 24900 5 49 2 C2 
3677 21851.06782 27900 53 50 1 T 
3678 21852.57842 24900 3 49 2 C2 
3679 21853.10014 25200 4 48 3 C1 
3680 21853.5924 24900 1 50 4 B2 
3681 21854.97256 27600 53 49 2 T 
3682 21855.10637 24900 4 49 2 C2 
3683 21856.22573 26400 2 50 2 B2 
3684 21856.73167 25200 5 48 3 C1 
3685 21858.3529 27900 53 50 1 T 
3686 21858.59904 25200 3 48 3 C1 
3687 21860.39133 27600 53 49 2 T 
3688 21860.52521 24900 5 49 2 C2 
3689 21860.86953 26400 0 50 2 B2 
3690 21862.27313 25200 4 48 3 C1 
3691 21862.98725 26400 1 50 2 B2 
3692 21864.11907 25200 5 48 3 C1 
3693 21865.62059 27000 2 50 2 B2 
3694 21866.17892 30900 53 49 1 T 
3695 21867.65329 27000 0 50 2 B2 
3696 21867.87141 28500 3 48 4 C1 
3697 21869.867 30900 53 49 1 T 
3698 21870.32632 30900 53 49 1 T 
3699 21872.95329 27000 1 50 2 B2 
3700 21873.90568 26400 3 49 1 C2 
3701 21874.65232 29700 4 48 2 C1 
3702 21875.58663 24600 2 50 2 B2 
3703 21878.22632 30900 53 50 3 T 
3704 21878.92401 27600 53 48 1 T 
3705 21879.13567 26400 4 49 1 C2 
3706 21879.99006 28200 5 48 3 C1 
3707 21880.85329 28500 0 50 2 B2 
3708 21882.52222 25200 3 48 3 C1 
3709 21884.99999 26400 2 50 4 B1 
3710 21886.92437 27600 53 49 2 T 
3711 21887.66666 26400 0 50 4 B1 
3712 21890.61825 24600 1 50 5 B2 
3713 21892.25732 27600 53 49 1 T 
3714 21892.43984 26400 5 49 1 C2 
3715 21893.10014 28200 4 48 3 C1 
3716 21893.28492 28800 2 50 5 B2 
3717 21895.89708 25200 5 48 3 C1 
3718 21898.39486 24600 0 50 5 B2 
3719 21898.43334 25200 3 48 3 C1 
3720 21900.43993 26400 3 49 1 C2 
3721 21900.96478 34800 1 50 3 B2 
3722 21903.06264 27600 4 49 1 C2 
3723 21904.19189 31500 2 50 5 B2 
3724 21906.59189 28800 0 50 5 B2 
3725 21909.00765 24600 1 50 2 B2 
3726 21909.23051 25200 4 48 2 C1 
3727 21911.90185 24600 2 50 2 B2 
3728 21916.23522 24600 0 50 5 B2 
3729 21917.23033 25200 5 48 2 C1 
3730 21919.80923 24600 1 50 2 B2 
3731 21922.16886 28500 2 50 2 B2 
3732 21922.46132 25200 3 48 2 C1 
3733 21925.15426 24600 0 50 1 B2 
3734 21925.23464 28200 4 48 3 C1 
3735 21927.28974 27600 53 49 1 T 
3736 21927.79463 25200 5 48 3 C1 
3737 21929.39967 27600 53 48 1 T 
3738 21929.53624 27900 53 50 5 T 
3739 21930.46138 25200 3 48 2 C1 
3740 21932.27652 26400 1 50 2 B2 
3741 21934.76404 30600 53 50 2 T 
3742 21935.89719 25200 4 48 2 C1 
3743 21936.8831 24600 2 50 5 B2 
3744 21941.12808 24600 5 48 3 C1 
3745 21941.16866 26400 1 50 4 B1 
3746 21948.23523 24600 0 50 1 B2 
3747 21949.16865 26400 2 50 4 B1 
3748 21953.58518 31200 1 50 4 B2 
3749 21953.90571 29400 5 49 2 C2 
3750 21956.45856 27900 2 50 1 B2 
3751 21957.18334 24600 3 48 3 C1 
3752 21959.08723 24600 0 50 1 B2 
3753 21962.56799 25200 4 48 2 C1 
3754 21965.23476 25200 5 48 4 C1 
3755 21966.91855 29100 1 50 2 B2 
3756 21968.62053 28500 3 48 4 C1 
3757 21975.79023 24600 2 50 1 B2 
3758 21975.97276 26400 0 50 4 B1 
3759 21976.65199 28800 53 49 1 T 
3760 21979.31863 28800 53 49 2 T 
3761 21981.10009 24600 4 48 3 C1 
3762 21983.08723 29100 0 50 2 B2 
3763 21983.90133 25200 5 48 4 C1 
3764 21985.56247 27600 53 49 1 T 
3765 21986.43337 25200 3 48 4 C1 
3766 21987.31862 28800 53 50 4 T 
3767 21989.10015 25200 4 48 4 C1 
3768 21989.98521 28800 53 50 1 T 
3769 21991.12522 30300 1 50 4 B2 
3770 21993.17632 30600 53 50 5 T 
3771 21994.43348 25200 5 48 4 C1 
3772 21995.31861 27300 53 49 2 T 
3773 21996.2519 26700 2 50 1 B2 
3774 21997.23485 25200 3 48 4 C1 
3775 21997.98528 27300 53 49 1 T 
3776 21999.87333 25200 1 50 1 B1 
3777 22000.65186 26400 53 50 4 T 
3778 22003.31845 24900 53 50 3 T 
3779 22004.2519 26700 0 50 1 B2 
3780 22005.98526 27000 53 50 3 T 
3781 22007.80918 27000 1 50 3 B2 
3782 22008.65201 28500 53 50 3 T 
3783 22010.17591 26700 2 50 1 B2 
3784 22012.70042 26700 0 50 1 B2 
3785 22013.23466 25200 4 48 4 C1 
3786 22015.02147 26700 1 50 1 B2 
3787 22015.87332 26400 2 50 3 B1 
3788 22017.7919 27000 2 50 3 B2 
3789 22017.93236 26400 3 49 1 C2 
3790 22021.23472 25200 5 48 2 C1 
3791 22023.08722 24600 0 50 1 B2 
3792 22023.79467 25200 3 48 4 C1 
3793 22030.9019 27900 1 50 5 B2 
3794 22032.53832 28200 0 49 2 B1 
3795 22034.56856 27000 2 50 3 B2 
3796 22035.30828 28200 1 49 2 B1 
3797 22037.10007 25200 4 48 2 C1 
3798 22037.66364 25200 5 48 4 D1 
3799 22039.24523 35700 4 49 1 C2 
3800 22039.66666 28200 2 49 2 B1 
3801 22039.89706 25200 5 48 4 C1 
3802 22040.16629 27000 3 48 4 D1 
3803 22043.31845 29100 53 50 3 T 
3804 22044.00579 27600 53 49 2 T 
3805 22044.46911 27600 5 49 2 C2 
3806 22044.99994 28200 0 49 2 B1 
3807 22045.98527 27000 53 49 2 T 
3808 22046.67245 27900 53 50 1 T 
3809 22047.19029 27600 3 49 2 C2 
3810 22047.47071 28200 53 49 2 T 
3811 22047.87328 28200 1 49 2 B1 
3812 22050.46138 29700 3 48 2 C1 
3813 22050.50193 28200 2 49 2 B1 
3814 22051.05466 26700 4 48 3 D1 
3815 22052.23522 26700 0 50 1 B2 
3816 22052.98353 30300 0 49 1 B1 
3817 22053.95599 25200 4 48 2 C1 
3818 22053.98518 28500 53 50 2 T 
3819 22055.87332 28200 1 49 2 B1 
3820 22056.16646 32100 5 49 2 D1 
3821 22056.65201 29400 53 50 1 T 
3822 22057.7732 27600 4 49 2 C2 
3823 22058.56813 34200 5 48 5 C1 
3824 22058.94376 28200 3 49 2 D1 
3825 22059.31842 27000 53 50 2 T 
3826 22060.42056 27900 1 50 5 B2 
3827 22060.57844 30900 5 49 2 C2 
3828 22060.804 25200 53 48 2 T 
3829 22060.98333 24000 2 50 3 B1 
3830 22061.4997 28200 4 48 2 D1 
3831 22061.98525 28800 53 49 2 T 
3832 22063.24514 35700 3 49 2 C2 
3833 22063.47068 28800 53 48 5 T 
3834 22063.79018 25200 2 50 1 B2 
3835 22064.16648 25200 5 48 2 D1 
3836 22064.65207 25200 53 50 1 T 
3837 22065.90578 27600 4 49 2 C2 
3838 22066.08889 29400 0 50 1 B2 
3839 22066.13738 27000 53 48 4 T 
3840 22066.46132 29700 3 48 3 C1 
3841 22066.99704 27000 3 49 2 D1 
3842 22068.57848 27600 5 49 2 C2 
3843 22068.80397 24600 53 48 4 T 
3844 22068.98332 28500 0 50 2 B1 
3845 22069.23048 29700 4 48 2 C1 
3846 22069.98524 29100 53 50 4 T 
3847 22070.91856 29400 1 50 1 B2 
3848 22071.47071 25200 53 48 3 T 
3849 22071.89699 29700 5 48 3 C1 
3850 22073.79184 27000 2 50 3 B2 
3851 22075.05471 26400 4 49 2 D1 
3852 22077.12797 27000 3 48 5 C1 
3853 22077.72156 26400 5 49 2 D1 
3854 22079.47063 29100 53 48 1 T 
3855 22079.79486 27000 4 48 5 C1 
3856 22080.38817 27300 3 49 2 D1 
3857 22081.79189 27000 0 50 3 B2 
3858 22082.4614 27000 5 48 5 C1 
3859 22083.81007 25200 1 50 1 A1 
3860 22084.25565 24900 1 50 3 B2 
3861 22085.23046 27000 3 48 5 C1 
3862 22086.75285 29100 2 50 3 A1 
3863 22087.76674 27000 4 48 5 C1 
3864 22088.64999 32100 1 49 2 B1 
3865 22090.23807 26700 0 50 1 A1 
3866 22091.22394 32100 2 49 1 B1 
3867 22092.23523 27000 2 50 3 B2 
3868 22093.20496 26400 1 50 2 A1 
3869 22093.50905 29100 0 49 3 B1 
3870 22094.72818 29100 53 49 3 T 
3871 22095.10648 27300 3 49 1 C2 
3872 22095.89356 25200 0 50 1 B2 
3873 22095.90133 27000 5 48 5 C1 
3874 22096.33017 25200 4 48 3 D1 
3875 22096.59807 26700 2 50 1 A1 
3876 22097.9117 27300 4 49 1 C2 
3877 22098.42716 30900 53 49 2 T 
3878 22098.56374 27000 3 48 5 C1 
3879 22099.53255 27900 0 50 5 A1 
3880 22100.43993 27300 5 49 1 C2 
3881 22100.90777 27900 1 50 1 B2 
3882 22101.10014 27000 4 48 4 C1 
3883 22101.49961 28800 5 48 5 D1 
3884 22102.47274 29100 1 50 4 A1 
3885 22103.13566 27300 3 49 1 C2 
3886 22103.83527 29100 1 49 3 B1 
3887 22104.01654 25200 2 50 1 B2 
3888 22104.38795 29100 3 48 1 D1 
3889 22104.65182 28800 53 50 5 T 
3890 22105.40607 27600 2 50 4 A1 
3891 22106.33327 29100 2 49 3 B1 
3892 22106.43789 27000 0 50 3 B2 
3893 22108.34885 25200 0 50 5 A1 
3894 22108.98327 29100 0 49 3 B1 
3895 22109.72144 32100 4 49 3 D1 
3896 22109.958 24600 5 48 3 C1 
3897 22110.68911 30600 53 50 1 T 
3898 22111.23905 27300 4 49 2 C2 
3899 22111.64998 29100 1 49 3 B1 
3900 22111.88384 26700 1 50 5 A1 
3901 22112.27703 25800 5 48 5 D1 
3902 22112.65173 29100 53 50 2 T 
3903 22113.77724 27300 5 49 2 C2 
3904 22114.33333 25200 2 50 5 B1 
3905 22114.99698 26400 3 48 2 D1 
3906 22115.12074 26700 2 50 5 A1 
3907 22115.31872 24600 53 50 1 T 
3908 22116.45857 24900 1 50 3 B2 
3909 22118.08763 26400 0 50 2 A1 
3910 22119.13562 27300 3 49 2 C2 
3911 22119.47066 25200 53 48 4 T 
3912 22119.90146 25200 3 48 3 C1 
3913 22120.33023 26400 4 48 2 D1 
3914 22121.79189 24900 2 50 3 B2 
3915 22122.46146 27000 4 48 4 C1 
3916 22124.17865 27900 0 50 1 B2 
3917 22124.46898 27300 4 49 2 C2 
3918 22124.99999 27000 0 50 2 B1 
3919 22125.98521 25200 53 50 5 T 
3920 22127.09277 25200 1 50 1 B2 
3921 22127.24522 27300 5 49 2 C2 
3922 22130.43338 25200 5 48 3 C1 
3923 22130.56852 24900 2 50 3 B2 
3924 22130.83316 26400 5 49 1 D1 
3925 22132.80403 27000 53 48 5 T 
3926 22133.43716 24600 3 48 3 C1 
3927 22133.61039 26400 3 49 1 D1 
3928 22134.58261 26400 1 50 4 A1 
3929 22134.90184 25200 0 50 1 B2 
3930 22136.16655 27600 4 49 1 D1 
3931 22137.5171 26400 2 50 4 A1 
3932 22137.58523 24900 1 50 3 B2 
3933 22138.83307 26400 5 49 1 D1 
3934 22141.23469 25200 4 48 3 C1 
3935 22142.90189 25200 2 50 1 B2 
3936 22142.98573 28500 0 50 2 A1 
3937 22143.4706 28500 53 48 4 T 
3938 22143.76692 25200 5 48 3 C1 
3939 22145.58523 25200 0 50 1 B2 
3940 22145.92706 28500 1 50 3 A1 
3941 22146.43346 25200 3 48 2 C1 
3942 22148.11833 24600 1 50 1 B2 
3943 22148.86839 28800 2 50 5 A1 
3944 22149.23467 25200 4 48 2 C1 
3945 22151.23914 29400 3 49 2 C2 
3946 22151.26759 26400 2 50 4 B2 
3947 22151.84213 29100 0 50 2 A1 
3948 22151.89692 25200 5 48 3 C1 
3949 22154.56795 25200 3 48 2 C1 
3950 22155.24469 28800 1 50 1 A1 
3951 22157.12796 25200 4 48 2 C1 
3952 22158.73936 28800 2 50 4 A1 
3953 22158.9019 24900 0 50 3 B2 
3954 22159.23899 26400 4 49 1 C2 
3955 22159.89703 26400 5 48 2 C1 
3956 22160.38806 28200 3 48 3 D1 
3957 22161.52784 27900 53 50 5 T 
3958 22161.91178 30300 5 49 1 C2 
3959 22162.22573 27000 0 50 2 A1 
3960 22162.50194 35400 1 49 1 B1 
3961 22162.94368 29100 4 49 3 D1 
3962 22164.43994 29400 3 49 2 C2 
3963 22165.16706 27900 1 50 1 A1 
3964 22165.49969 28500 5 48 4 D1 
3965 22167.08722 25200 1 50 1 B2 
3966 22167.83533 24900 2 50 4 B1 
3967 22169.22718 26400 2 50 4 A1 
3968 22169.56882 26400 2 50 4 B2 
3969 22169.77318 28800 4 49 2 C2 
3970 22170.99684 27000 3 48 5 D1 
3971 22173.10019 26400 3 48 2 C1 
3972 22174.90189 26400 0 50 4 B2 
3973 22175.10652 27300 5 49 1 C2 
3974 22176.27695 25800 4 48 5 D1 
3975 22177.31486 26400 0 50 4 A1 
3976 22177.66835 27000 1 50 3 B2 
3977 22177.77316 28800 3 49 2 C2 
3978 22178.46141 34200 4 48 2 C1 
3979 22181.23036 29100 5 48 1 C1 
3980 22181.66369 28800 5 49 1 D1 
3981 22183.83532 26400 0 50 2 B1 
3982 22188.25184 24900 2 50 3 B2 
3983 22189.23037 27000 3 48 4 C1 
3984 22191.12522 24900 0 50 3 B2 
3985 22191.32253 26400 1 50 3 A1 
3986 22191.79466 29100 4 48 1 C1 
3987 22192.33039 26400 3 49 1 D1 
3988 22193.51729 27300 4 49 2 C2 
3989 22193.58898 24900 1 50 3 B2 
3990 22194.99694 27300 4 49 1 D1 
3991 22195.91795 27300 5 49 1 C2 
3992 22197.22685 26400 2 50 4 B2 
3993 22197.23464 29100 5 48 1 C1 
3994 22197.72145 27600 5 49 1 D1 
3995 22199.32251 27000 2 50 3 A1 
3996 22199.74901 26400 0 50 4 B2 
3997 22199.8972 31800 3 48 4 C1 
3998 22202.12106 24600 1 50 1 B2 
3999 22202.84128 26400 0 50 3 A1 
4000 22204.40671 26400 2 50 4 B2 
4001 22206.26795 26400 1 50 4 A1 
4002 22207.08723 24900 0 50 3 B2 
4003 22207.83532 27000 4 48 4 C1 
4004 22209.9119 26400 3 49 1 C2 
4005 22210.2937 29400 2 50 1 A1 
4006 22210.4569 26400 1 50 4 B2 
4007 22212.57843 30000 4 49 2 C2 
4008 22213.23478 25800 5 48 5 C1 
4009 22215.03619 27600 5 49 2 C2 
4010 22215.57763 27000 0 50 3 A1 
4011 22217.80228 26400 3 49 1 C2 
4012 22218.46134 27000 3 48 4 C1 
4013 22220.2519 26400 2 50 4 B2 
4014 22220.43977 26400 4 49 1 C2 
4015 22220.95239 26400 1 50 4 A1 
4016 22221.10013 27000 4 48 4 C1 
4017 22223.12522 24900 0 50 3 B2 
4018 22223.2391 26400 5 49 1 C2 
4019 22223.87333 24600 1 50 5 B1 
4020 22225.42384 33600 1 50 2 B2 
4021 22225.90565 26400 3 49 1 C2 
4022 22227.55349 27600 53 50 4 T 
4023 22229.10022 25800 5 48 5 C1 
4024 22231.84764 34200 3 48 1 C1 
4025 22233.58524 26400 2 50 4 B2 
4026 22233.90568 26400 4 49 1 C2 
4027 22234.53999 24600 2 50 2 B1 
4028 22236.25189 26400 0 50 4 B2 
4029 22237.72127 27600 3 48 1 D1 
4030 22239.23902 26400 5 49 1 C2 
4031 22242.83309 28800 4 49 2 D1 
4032 22244.23522 26400 1 50 4 B2 
4033 22245.21445 26700 5 48 3 D1 
4034 22246.80514 27900 2 50 5 B2 
4035 22247.239 26400 3 49 1 C2 
4036 22248.52487 32100 0 49 3 B1 
4037 22249.85524 28500 0 50 3 B2 
4038 22250.56799 26400 4 48 2 C1 
4039 22252.45247 26400 1 50 4 B2 
4040 22253.12799 26400 5 48 2 C1 
4041 22253.61039 28800 3 49 2 D1 
4042 22255.12523 26400 2 50 4 B2 
4043 22255.76673 26400 3 48 2 C1 
4044 22257.75389 26400 0 50 4 B2 
4045 22260.45856 26400 1 50 4 B2 
4046 22263.13559 26400 4 49 2 C2 
4047 22263.80918 29700 2 50 2 B2 
4048 22263.90153 26400 4 48 2 C1 
4049 22266.56805 26400 5 48 2 C1 
4050 22266.56856 26400 0 50 3 B2 
4051 22271.06274 27300 5 49 2 C2 
4052 22271.76274 26400 3 48 2 C1 
4053 22273.7539 26400 1 50 3 B2 
4054 22273.78136 27600 3 49 1 C2 
4055 22276.46905 26400 4 49 2 C2 
4056 22277.12811 25200 4 48 4 C1 
4057 22279.24515 27600 5 49 1 C2 
4058 22279.89713 34200 5 48 3 C1 
4059 22281.90559 26400 3 49 2 C2 
4060 22282.43343 26400 3 48 2 C1 
4061 22284.57857 26400 4 49 2 C2 
4062 22284.98333 27900 1 50 1 B1 
4063 22285.23486 25200 4 48 4 C1 
4064 22286.90188 26400 2 50 4 B2 
4065 22287.24516 27600 5 49 1 C2 
4066 22288.82187 25200 5 48 2 C1 
4067 22289.7539 28500 0 50 3 B2 
4068 22292.42056 28500 1 50 3 B2 
4069 22293.12801 28800 3 48 5 C1 
4070 22295.24513 27600 3 49 1 C2 
4071 22295.64999 24600 2 50 1 B1 
4072 22296.26742 32100 4 49 1 D1 
4073 22300.5785 27600 4 49 1 C2 
4074 22302.91857 27600 2 50 4 B2 
4075 22305.56857 28500 0 50 3 B2 
4076 22309.11734 25800 4 48 5 C1 
4077 22309.12352 28800 1 50 4 B2 
4078 22311.42214 24900 2 50 3 B2 
4079 22311.74627 28800 5 49 2 C2 
4080 22314.05054 26400 0 50 3 B2 
4081 22314.43355 28800 5 48 5 C1 
4082 22314.46941 27600 3 49 1 C2 
4083 22316.43767 26400 1 50 3 B2 
4084 22317.12821 25800 3 48 5 C1 
4085 22319.10648 27000 4 49 2 C2 
4086 22319.12518 26400 2 50 3 B2 
4087 22322.56023 28800 0 50 4 B2 
4088 22325.08117 26700 1 50 5 B2 
4089 22329.90569 26400 5 49 2 C2 
4090 22330.56371 25800 4 48 5 C1 
4091 22333.23466 25800 5 48 5 C1 
4092 22335.76676 27600 3 48 1 C1 
4093 22337.9117 27000 3 49 2 C2 
4094 22338.33333 26700 0 50 1 B1 
4095 22338.56372 25800 4 48 5 C1 
4096 22339.02397 25800 5 48 1 D1 
4097 22340.43989 27000 4 49 2 C2 
4098 22341.12812 27600 5 48 1 C1 
4099 22343.13571 27000 5 49 2 C2 
4100 22343.76672 27600 3 48 1 C1 
4101 22345.58522 26400 2 50 3 B2 
4102 22345.80228 26400 3 49 2 C2 
4103 22346.56803 27600 4 48 1 C1 
4104 22348.19212 27300 4 49 1 C2 
4105 22348.45856 27600 0 50 4 B2 
4106 22350.60311 26400 5 49 2 C2 
4107 22353.00368 26400 3 49 2 C2 
4108 22354.33332 27000 1 50 3 B1 
4109 22357.69144 25800 3 48 1 D1 
4110 22359.13565 26400 4 49 2 C2 
4111 22360.52019 27000 5 48 4 C1 
4112 22361.75389 26700 1 50 5 B2 
4113 22364.2519 27600 2 50 4 B2 
4114 22366.90189 26700 0 50 5 B2 
4115 22367.76694 28200 3 48 3 C1 
4116 22369.7539 29400 1 50 1 B2 
4117 22370.56804 27600 4 48 1 C1 
4118 22373.10005 28200 5 48 3 C1 
4119 22373.23518 29100 2 50 3 B2 
4120 22375.76679 25200 3 48 4 C1 
4121 22377.58523 29400 0 50 5 B2 
4122 22378.5636 28200 4 48 3 C1 
4123 22380.03129 28200 53 49 2 T 
4124 22382.27685 26700 1 50 5 B2 
4125 22383.23899 27600 5 49 1 C2 
4126 22383.79465 28200 5 48 3 C1 
4127 22384.94352 29700 2 50 2 B2 
4128 22386.5638 28200 3 48 2 C1 
4129 22387.61018 28200 53 49 2 T 
4130 22389.08527 25800 4 48 5 C1 
4131 22389.69284 29100 0 50 3 B2 
4132 22391.82407 28200 53 49 2 T 
4133 22392.46424 28200 5 48 2 C1 
4134 22394.40069 28200 53 49 2 T 
4135 22394.87669 25200 3 48 4 C1 
4136 22396.93597 26700 1 50 5 B2 
4137 22397.26789 25200 4 48 4 C1 
4138 22399.07509 31200 53 50 4 T 
4139 22399.23911 27600 3 49 1 C2 
4140 22399.83533 27000 2 50 3 B1 
4141 22401.58651 29400 2 50 1 B2 
4142 22401.80218 29400 4 49 1 C2 
4143 22402.56369 25800 5 48 1 C1 
4144 22404.06583 31200 53 50 4 T 
4145 22404.43982 29400 5 49 1 C2 
4146 22406.90189 29100 0 50 4 B2 
4147 22407.10649 27000 3 49 2 C2 
4148 22409.40316 28500 53 50 3 T 
4149 22409.50635 26400 4 49 1 C2 
4150 22411.90649 29400 5 49 1 C2 
4151 22413.45901 28500 53 50 3 T 
4152 22414.21317 27600 3 49 1 C2 
4153 22416.29444 29100 1 50 4 B2 
4154 22418.36582 28800 2 50 1 B2 
4155 22420.49199 28500 53 50 3 T 
4156 22421.23056 25800 3 48 1 C1 
4157 22422.65659 28800 0 50 1 B2 
4158 22422.9035 31200 53 49 2 T 
4159 22423.1065 27000 4 49 2 C2 
4160 22425.10344 28500 53 50 3 T 
4161 22426.56794 25800 4 48 1 C1 
4162 22427.26346 30300 1 50 4 B2 
4163 22428.22737 31200 53 49 2 T 
4164 22428.25715 28500 53 48 4 T 
4165 22428.46906 27000 5 49 2 C2 
4166 22429.8968 29400 2 50 1 B2 
4167 22430.10557 26400 5 48 2 C1 
4168 22431.95145 28500 53 50 2 T 
4169 22432.56869 25800 3 48 1 C1 
4170 22433.53628 28200 53 48 2 T 
4171 22433.91178 26400 3 49 1 C2 
4172 22434.47718 29100 0 50 2 B2 
4173 22434.84288 25800 4 48 1 C1 
4174 22436.95955 28500 53 50 2 T 
4175 22438.86925 28200 53 49 2 T 
4176 22439.59288 34800 1 50 3 B2 
4177 22439.89712 27600 5 48 1 C1 
4178 22441.78885 28500 53 50 2 T 
4179 22441.80232 30000 4 49 1 C2 
4180 22443.90294 29700 2 50 2 B2 
4181 22445.1001 25800 3 48 1 C1 
4182 22445.69091 27600 4 49 2 D1 
4183 22446.43013 28500 53 50 2 T 
4184 22447.76955 25800 4 48 1 C1 
4185 22449.16704 28500 53 48 4 T 
4186 22452.53753 28500 0 50 3 B2 
4187 22452.57854 28800 5 49 2 C2 
4188 22453.23479 26700 5 48 3 C1 
4189 22455.00204 28500 53 48 4 T 
4190 22455.76684 26700 3 48 3 C1 
4191 22457.79188 30600 1 50 1 B2 
4192 22458.56379 26700 4 48 3 C1 
4193 22460.25565 29100 2 50 4 B2 
4194 22461.20666 27900 0 50 5 B1 
4195 22461.23454 26700 5 48 3 C1 
4196 22462.70171 28500 53 48 4 T 
4197 22463.23909 28800 3 49 2 C2 
4198 22463.68201 28800 3 48 5 C1 
4199 22465.58523 28500 0 50 2 B2 
4200 22465.77304 28800 4 49 2 C2 
4201 22468.03122 28500 53 48 4 T 
4202 22468.57232 27600 5 49 1 C2 
4203 22470.8578 31200 53 49 2 T 
4204 22471.23899 29400 3 49 2 C2 
4205 22472.98205 31500 53 50 5 T 
4206 22473.90563 29400 4 49 2 C2 
4207 22475.53128 28500 1 50 2 B2 
4208 22477.23488 26700 4 48 3 C1 
4209 22477.65845 31500 53 50 5 T 
4210 22480.16226 31200 53 50 4 T 
4211 22481.90566 27600 5 49 1 C2 
4212 22482.43333 26700 5 48 3 C1 
4213 22482.63915 31500 53 50 5 T 
4214 22484.43987 27600 3 49 1 C2 
4215 22484.8375 28200 53 49 2 T 
4216 22485.128 26700 3 48 3 C1 
4217 22487.46447 28500 2 50 2 B2 
4218 22487.48683 25800 4 48 5 C1 
4219 22489.59068 28500 53 50 2 T 
4220 22490.13114 31500 53 50 5 T 
4221 22490.46423 26700 5 48 3 C1 
4222 22492.20391 28500 0 50 2 B2 
4223 22494.2597 28200 53 48 2 T 
4224 22494.92394 28200 53 48 3 T 
4225 22495.13559 30900 4 49 1 C2 
4226 22496.77833 28500 53 48 4 T 
4227 22498.56807 28200 3 48 2 C1 
4228 22499.43864 28200 53 48 2 T 
4229 22502.07197 28500 1 50 3 B2 
4230 22503.10653 26400 5 49 1 C2 
4231 22503.76677 26700 4 48 3 C1 
4232 22504.27187 28200 53 48 3 T 
4233 22506.38213 28500 2 50 3 B2 
4234 22508.60213 28500 0 50 2 B2 
4235 22509.10009 28200 5 48 2 C1 
4236 22511.2688 28200 53 48 3 T 
4237 22511.64999 24900 1 50 3 B1 
4238 22511.89702 26700 3 48 3 C1 
4239 22513.37557 26700 1 50 5 B2 
4240 22513.80237 26400 3 49 1 C2 
4241 22515.4335 31200 53 49 2 T 
4242 22516.57225 26400 4 49 1 C2 
4243 22517.91423 29100 2 50 2 B2 
4244 22518.86958 28500 53 50 3 T 
4245 22519.24521 26400 5 49 1 C2 
4246 22520.21023 31200 53 49 2 T 
4247 22521.91179 26400 3 49 1 C2 
4248 22522.84357 26700 0 50 1 B2 
4249 22524.96248 28500 1 50 3 B2 
4250 22524.98332 24900 2 50 3 B1 
4251 22527.29372 26400 4 49 2 C2 
4252 22527.62915 28500 2 50 2 B2 
4253 22529.80207 31500 53 50 5 T 
4254 22532.42905 26700 0 50 1 B2 
4255 22532.57849 26400 5 49 1 C2 
4256 22535.06874 28200 53 49 2 T 
4257 22535.23907 26400 3 49 1 C2 
4258 22537.25832 26700 1 50 1 B2 
4259 22537.91181 26400 4 49 1 C2 
4260 22538.43342 28500 4 48 4 C1 
4261 22539.92499 25200 2 50 1 B2 
4262 22541.23036 28500 5 48 4 C1 
4263 22543.24516 26400 5 49 1 C2 
4264 22543.79465 28500 3 48 4 C1 
4265 22545.68082 29700 0 50 3 B2 
4266 22546.46151 28500 4 48 4 C1 
4267 22548.45855 29700 1 50 3 B2 
4268 22549.21358 29400 3 49 1 C2 
4269 22550.12629 25800 5 48 1 C1 
4270 22550.55031 28500 53 48 4 T 
4271 22553.1369 25200 2 50 1 B2 
4272 22556.4611 26700 0 50 1 B2 
4273 22559.12771 28500 1 50 3 B2 
4274 22559.79475 34200 3 48 4 C1 
4275 22562.5638 28500 4 48 4 C1 
4276 22565.23028 28500 5 48 4 C1 
4277 22565.79973 27000 0 50 3 B1 
4278 22569.58522 26700 2 50 1 B2 
4279 22570.56799 28500 3 48 4 C1 
4280 22572.45856 27000 0 50 2 B2 
4281 22575.66666 24900 1 50 3 B1 
4282 22585.7919 26700 1 50 1 B2 
4283 22586.33332 26400 2 50 4 B1 
4284 22588.25566 27900 2 50 1 B2 
4285 22589.98527 29400 53 50 5 T 
4286 22591.08723 27900 0 50 1 B2 
4287 22591.13566 28800 4 49 1 C2 
4288 22592.65181 27900 53 50 1 T 
4289 22593.35996 28800 1 50 1 B2 
4290 22593.80232 28800 5 49 1 C2 
4291 22595.31851 26400 53 50 4 T 
4292 22595.41107 31200 53 49 2 T 
4293 22596.57854 28800 3 49 1 C2 
4294 22597.43727 26700 2 50 1 B2 
4295 22597.98538 27000 53 50 3 T 
4296 22599.66713 27900 0 50 1 B2 
4297 22600.5226 25800 4 48 1 C1 
4298 22600.65192 29400 53 49 2 T 
4299 22602.21902 27900 1 50 1 B2 
4300 22603.3187 29400 53 49 2 T 
4301 22604.83475 25200 2 50 1 B2 
4302 22605.98532 27600 53 49 2 T 
4303 22607.3556 28200 53 48 2 T 
4304 22608.65194 28500 53 50 2 T 
4305 22610.18476 25200 0 50 1 B2 
4306 22611.31832 28500 53 50 3 T 
4307 22621.02008 27000 1 50 2 B2 
4308 22621.94076 25200 0 50 1 B1 
4309 22623.50163 26700 2 50 1 B2 
4310 22631.21821 29100 0 50 2 B2 
4311 22631.83533 26400 1 50 4 B1 
4312 22633.73906 31500 53 50 5 T 
4313 22633.76954 29400 53 49 1 T 
4314 22633.77315 26400 4 49 1 C2 
4315 22634.33332 28200 2 49 2 B1 
4316 22636.83476 26400 1 50 2 B2 
4317 22639.72476 26400 2 50 2 B2 
4318 22640.51661 28200 0 49 2 B1 
4319 22640.65202 27600 53 49 1 T 
4320 22641.80242 26400 5 49 1 C2 
4321 22642.83342 26400 1 50 4 B1 
4322 22643.05462 27600 5 48 1 D1 
4323 22643.15971 26400 0 50 2 B2 
4324 22644.57835 26400 3 49 1 C2 
4325 22645.32019 28200 2 49 2 B1 
4326 22645.49976 28500 3 48 4 D1 
4327 22645.68187 26400 1 50 2 B2 
4328 22645.98526 29400 53 50 1 T 
4329 22647.13558 26400 4 49 1 C2 
4330 22647.87462 28200 0 49 2 B1 
4331 22647.918 27000 2 50 2 B2 
4332 22648.38808 29700 4 48 3 D1 
4333 22648.65193 29400 53 49 1 T 
4334 22649.96911 28500 53 50 2 T 
4335 22650.13737 29100 53 49 3 T 
4336 22650.56812 28800 5 48 5 C1 
4337 22650.94359 28500 5 48 4 D1 
4338 22651.30832 28200 1 49 2 B1 
4339 22651.9957 27000 0 50 2 B2 
4340 22653.4997 29100 3 48 1 D1 
4341 22653.63277 31200 2 49 2 B1 
4342 22653.98533 29700 53 50 3 T 
4343 22654.5387 28500 1 50 3 B2 
4344 22655.1066 26400 5 49 1 C2 
4345 22655.47096 28200 53 49 2 T 
4346 22655.89714 28800 3 48 5 C1 
4347 22656.05403 28200 0 49 2 B1 
4348 22656.16645 28200 4 49 2 D1 
4349 22658.55284 28200 1 49 2 B1 
4350 22658.99689 25800 5 48 5 D1 
4351 22659.31857 29700 53 50 2 T 
4352 22660.46897 26400 3 49 1 C2 
4353 22660.80397 29700 53 48 2 T 
4354 22660.85142 28800 2 50 5 B2 
4355 22661.98516 27600 53 50 4 T 
4356 22663.10653 29400 4 49 2 C2 
4357 22663.33117 28200 53 48 3 T 
4358 22663.47068 29700 53 48 3 T 
4359 22664.33036 26400 3 49 1 D1 
4360 22665.35868 26400 0 50 2 B2 
4361 22667.05481 29100 4 49 3 D1 
4362 22667.46343 27900 1 50 1 B2 
4363 22668.80393 28500 53 48 4 T 
4364 22669.23038 27600 4 48 1 C1 
4365 22669.98499 27900 53 50 5 T 
4366 22671.10665 29400 5 49 2 C2 
4367 22671.4707 25800 53 48 5 T 
4368 22671.63658 27000 2 50 2 B2 
4369 22671.76673 27600 5 48 1 C1 
4370 22672.27706 26400 5 49 1 D1 
4371 22673.80238 29400 3 49 2 C2 
4372 22674.13731 25800 53 48 1 T 
4373 22674.19443 28800 0 50 4 B2 
4374 22674.56815 34200 3 48 1 C1 
4375 22676.80399 27600 53 48 1 T 
4376 22677.10013 27600 4 48 1 C1 
4377 22678.79806 29400 2 50 1 A1 
4378 22679.9014 27600 5 48 1 C1 
4379 22680.38812 26400 3 49 2 D1 
4380 22682.28328 27000 0 50 3 A1 
4381 22682.39141 28800 1 50 5 B2 
4382 22682.46131 27600 3 48 1 C1 
4383 22683.05468 26400 4 49 2 D1 
4384 22684.5723 28800 4 49 2 C2 
4385 22685.21661 27000 1 50 3 A1 
4386 22685.23461 27600 4 48 1 C1 
4387 22687.51809 27600 2 50 4 B2 
4388 22687.76691 27600 5 48 1 C1 
4389 22687.87333 26400 2 50 4 B1 
4390 22690.46133 28800 3 48 5 C1 
4391 22690.50199 29100 0 49 3 B1 
4392 22691.57776 27900 2 50 5 A1 
4393 22693.0581 31500 0 50 5 B2 
4394 22693.20665 26400 1 50 4 B1 
4395 22695.43793 28500 1 50 3 B2 
4396 22695.62703 29100 0 50 2 A1 
4397 22695.65928 29100 2 49 3 B1 
4398 22696.16628 26400 5 48 2 D1 
4399 22697.79338 27600 53 49 1 T 
4400 22698.33658 35400 2 50 4 B2 
4401 22698.83308 26700 3 48 3 D1 
4402 22699.22399 29100 0 49 3 B1 
4403 22700.42199 30000 5 49 1 C2 
4404 22700.75375 30600 0 50 2 B2 
4405 22700.80704 27600 1 50 4 A1 
4406 22701.72129 28200 4 48 3 D1 
4407 22703.32627 28500 53 50 2 T 
4408 22703.77392 29700 2 50 3 A1 
4409 22704.26032 28200 1 49 2 B1 
4410 22705.80219 28800 3 49 1 C2 
4411 22705.98658 28800 1 50 4 B2 
4412 22706.73643 28200 2 49 2 B1 
4413 22706.99687 26700 5 48 3 D1 
4414 22707.16704 29100 0 50 4 A1 
4415 22708.65325 28800 2 50 4 B2 
4416 22709.20198 29100 0 49 3 B1 
4417 22709.23476 28500 4 48 4 C1 
4418 22709.61023 26400 3 48 2 D1 
4419 22710.15013 28800 1 50 4 A1 
4420 22711.79479 27000 5 48 4 C1 
4421 22712.33035 25800 4 48 1 D1 
4422 22713.38704 29700 2 50 2 A1 
4423 22716.57241 30000 4 49 1 C2 
4424 22719.23894 26400 5 49 1 C2 
4425 22719.79463 28500 3 48 4 C1 
4426 22722.3166 28200 1 49 2 B1 
4427 22722.35342 26400 0 50 2 B2 
4428 22722.56798 28500 4 48 4 C1 
4429 22724.4399 28800 3 49 1 C2 
4430 22725.10009 27000 5 48 4 C1 
4431 22725.49978 28200 5 49 2 D1 
4432 22725.83476 35400 1 50 5 B2 
4433 22727.23896 26400 4 49 1 C2 
4434 22727.76673 28500 3 48 4 C1 
4435 22728.38937 26400 2 50 2 B2 
4436 22729.91184 28800 5 49 1 C2 
4437 22730.1996 27000 0 50 2 A1 
4438 22730.56364 28500 4 48 4 C1 
4439 22730.63092 28800 0 50 5 B2 
4440 22733.23036 28500 5 48 4 C1 
4441 22733.49981 26400 3 49 1 D1 
4442 22735.10668 26400 3 49 1 C2 
4443 22735.59189 27000 1 50 2 A1 
4444 22735.79473 28500 3 48 4 C1 
4445 22736.38813 28800 4 49 2 D1 
4446 22738.35343 25200 1 50 5 B2 
4447 22738.46135 28500 4 48 4 C1 
4448 22738.98616 29400 2 50 5 A1 
4449 22740.835 26400 2 50 2 B2 
4450 22740.98333 26400 2 50 4 B1 
4451 22741.10007 28500 5 48 4 C1 
4452 22743.89715 28500 3 48 4 C1 
4453 22745.91177 26400 4 49 1 C2 
4454 22746.31665 26400 0 50 4 B1 
4455 22746.83302 26400 5 49 1 D1 
4456 22746.97913 28800 0 50 1 A1 
4457 22749.24999 30300 1 49 1 B1 
4458 22749.72305 29100 0 50 3 B2 
4459 22750.14167 28500 1 50 3 A1 
4460 22752.02175 27600 1 50 4 B2 
4461 22753.083 26700 2 50 1 A1 
4462 22753.90577 26400 5 49 1 C2 
4463 22754.19468 28500 53 50 3 T 
4464 22756.02433 26700 0 50 5 A1 
4465 22756.79341 25200 2 50 5 B2 
4466 22757.66352 27000 3 48 5 D1 
4467 22758.96452 28500 1 50 3 A1 
4468 22759.42675 29100 0 50 3 B2 
4469 22760.33032 34200 4 48 1 D1 
4470 22761.89785 26700 2 50 5 A1 
4471 22762.09341 27600 1 50 4 B2 
4472 22762.33327 29100 2 49 3 B1 
4473 22762.94362 29700 5 48 2 D1 
4474 22764.69536 27000 2 50 2 B2 
4475 22765.1002 25800 4 48 5 C1 
4476 22765.13903 26400 0 50 3 A1 
4477 22765.20661 30300 0 49 1 B1 
4478 22765.7213 27000 3 48 5 D1 
4479 22767.1064 26400 3 49 1 C2 
4480 22767.67041 35100 1 49 3 B1 
4481 22767.79477 25800 5 48 5 C1 
4482 22768.16632 28800 4 48 5 D1 
4483 22768.20856 26700 1 50 1 A1 
4484 22770.94373 28200 5 48 2 D1 
4485 22773.05809 27900 0 50 5 B2 
4486 22773.14191 26400 2 50 3 A1 
4487 22775.66661 29100 2 49 3 B1 
4488 22775.79468 27000 3 48 4 C1 
4489 22777.91189 26400 4 49 1 C2 
4490 22778.43343 27000 4 48 4 C1 
4491 22781.23042 25800 5 48 5 C1 
4492 22781.82643 29100 1 50 3 B2 
4493 22783.24516 28800 5 49 2 C2 
4494 22784.33041 27600 3 49 1 D1 
4495 22785.91179 28800 3 49 2 C2 
4496 22786.56375 27000 3 48 4 C1 
4497 22786.83316 29400 4 49 2 D1 
4498 22788.46899 26400 4 49 1 C2 
4499 22788.83476 27900 2 50 5 B2 
4500 22789.01291 27900 0 50 1 A1 
4501 22791.23903 26400 5 49 1 C2 
4502 22791.90141 27000 4 48 4 C1 
4503 22792.38808 27600 5 49 1 D1 
4504 22794.25859 29100 1 50 3 A1 
4505 22794.39143 27900 0 50 5 B2 
4506 22794.43339 27000 5 48 4 C1 
4507 22796.57245 28800 3 49 2 C2 
4508 22797.10015 27000 3 48 4 C1 
4509 22799.66666 26400 0 50 4 B1 
4510 22799.72476 26400 1 50 3 B2 
4511 22799.90123 27000 4 48 4 C1 
4512 22800.33023 29400 3 49 1 D1 
4513 22800.36189 26400 2 50 4 A1 
4514 22802.33332 26400 1 50 3 B1 
4515 22802.56813 27000 5 48 4 C1 
4516 22804.85141 27900 2 50 5 B2 
4517 22805.2303 25800 3 48 5 C1 
4518 22807.25082 26400 0 50 4 A1 
4519 22807.68676 26400 0 50 3 B2 
4520 22809.80224 27300 4 49 1 C2 
4521 22810.18476 26400 1 50 3 B2 
4522 22810.22456 26400 1 50 4 A1 
4523 22811.1956 28800 4 48 5 C1 
4524 22812.57847 27300 5 49 1 C2 
4525 22813.61767 26400 2 50 4 A1 
4526 22813.83471 29400 2 50 5 B2 
4527 22815.89721 26700 5 48 3 C1 
4528 22816.38932 25200 0 50 5 B2 
4529 22816.55215 26400 0 50 4 A1 
4530 22817.91193 27300 3 49 1 C2 
4531 22819.50178 26400 1 50 4 A1 
4532 22820.19111 28500 53 50 3 T 
4533 22822.34099 25200 1 50 5 B2 
4534 22822.60938 26400 4 49 1 C2 
4535 22822.99645 26400 2 50 2 A1 
4536 22824.27699 27000 4 48 4 D1 
4537 22824.77656 30900 2 50 3 B2 
4538 22825.9056 27300 5 49 1 C2 
4539 22826.4335 26700 3 48 3 C1 
4540 22826.48282 26400 0 50 2 A1 
4541 22829.9516 28500 1 50 2 A1 
4542 22836.57845 27300 3 49 1 C2 
4543 22837.0845 29100 4 48 1 C1 
4544 22837.74209 29400 0 50 5 B2 
4545 22839.1356 26400 4 49 1 C2 
4546 22841.77318 31200 5 49 2 C2 
4547 22842.56371 26700 5 48 3 C1 
4548 22842.99698 29400 5 49 1 D1 
4549 22844.4689 26400 3 49 1 C2 
4550 22845.12805 25800 3 48 5 C1 
4551 22847.13568 27300 4 49 1 C2 
4552 22847.50137 27900 1 50 5 B2 
4553 22847.84755 29100 4 48 1 C1 
4554 22848.27712 28800 3 49 2 D1 
4555 22849.5256 29100 2 49 3 B1 
4556 22849.91185 26400 5 49 1 C2 
4557 22850.16809 26400 2 50 4 B2 
4558 22852.85143 30600 0 50 5 B2 
4559 22853.12818 29100 5 48 1 C1 
4560 22855.50143 26400 1 50 3 B2 
4561 22855.83533 28500 0 50 3 B1 
4562 22855.90142 26700 3 48 3 C1 
4563 22858.19357 28800 3 49 1 C2 
4564 22858.39143 26400 2 50 4 B2 
4565 22858.50199 26700 1 50 5 B1 
4566 22858.56374 32400 4 48 5 C1 
4567 22858.9436 27300 4 49 1 D1 
4568 22861.23455 26700 5 48 3 C1 
4569 22861.54287 28800 2 50 5 A1 
4570 22864.19303 26400 0 50 4 B2 
4571 22866.66298 26400 1 50 3 B2 
4572 22868.43978 27600 4 49 2 C2 
4573 22869.22355 26400 2 50 3 B2 
4574 22873.80229 30300 5 49 1 C2 
4575 22876.46905 27600 3 49 2 C2 
4576 22876.85142 26400 0 50 4 B2 
4577 22879.245 30900 4 49 2 C2 
4578 22879.90144 27000 3 48 5 C1 
4579 22880.90817 27000 0 50 3 A1 
4580 22885.23047 27000 4 48 5 C1 
4581 22888.17177 27600 1 50 4 B2 
4582 22893.23036 27000 5 48 5 C1 
4583 22895.79474 27000 3 48 5 C1 
4584 22896.38976 26400 2 50 4 B2 
4585 22897.80225 30300 5 49 1 C2 
4586 22898.4613 26700 4 48 3 C1 
4587 22900.43988 27600 3 49 2 C2 
4588 22900.85142 26400 0 50 4 B2 
4589 22901.1001 26700 5 48 3 C1 
4590 22903.90133 26700 3 48 3 C1 
4591 22904.27696 27600 5 49 2 D1 
4592 22905.77317 27300 4 49 1 C2 
4593 22906.35343 26400 1 50 4 B2 
4594 22906.43344 26700 4 48 3 C1 
4595 22906.99699 27300 3 49 2 D1 
4596 22908.469 27300 5 49 1 C2 
4597 22908.85137 26400 2 50 3 B2 
4598 22909.2347 27000 5 48 5 C1 
4599 22911.23904 27300 3 49 1 C2 
4600 22911.5181 26400 0 50 4 B2 
4601 22911.75133 26700 3 48 3 C1 
4602 22912.38805 29400 4 49 2 D1 
4603 22914.1681 26400 1 50 4 B2 
4604 22916.60204 26400 4 49 1 C2 
4605 22917.7056 28800 5 49 1 D1 
4606 22919.55432 29400 5 49 1 C2 
4607 22919.72476 26400 2 50 4 B2 
4608 22919.87333 27600 2 50 4 B1 
4609 22922.56811 26700 4 48 3 C1 
4610 22923.05464 27300 3 49 2 D1 
4611 22923.07538 26400 0 50 4 B2 
4612 22927.10651 30000 3 49 2 C2 
4613 22927.5181 26400 1 50 4 B2 
4614 22929.80216 29400 4 49 1 C2 
4615 22930.46144 26400 5 48 2 C1 
4616 22933.02009 26400 2 50 4 B2 
4617 22935.10659 29400 5 49 1 C2 
4618 22935.72475 26400 0 50 4 B2 
4619 22945.90578 29400 3 49 1 C2 
4620 22946.99654 27600 1 50 4 B2 
4621 22949.10007 27000 3 48 5 C1 
4622 22950.07237 26400 2 50 4 B2 
4623 22951.79466 26400 4 48 2 C1 
4624 22953.90568 27600 4 49 2 C2 
4625 22954.56795 26400 5 48 2 C1 
4626 22956.43988 27600 5 49 2 C2 
4627 22957.2304 27000 3 48 5 C1 
4628 22959.10649 30000 3 49 2 C2 
4629 22959.72476 26400 0 50 4 B2 
4630 22959.89705 26400 4 48 2 C1 
4631 22961.91182 27600 4 49 2 C2 
4632 22962.35337 26400 1 50 4 B2 
4633 22962.4613 27000 5 48 5 C1 
4634 22965.0201 26400 2 50 4 B2 
4635 22965.23467 26400 3 48 2 C1 
4636 22967.23903 27600 5 49 2 C2 
4637 22967.68676 26700 0 50 5 B2 
4638 22967.89717 26400 4 48 2 C1 
4639 22970.43339 26400 5 48 2 C1 
4640 22972.57844 26400 3 49 2 C2 
4641 22973.12806 27000 3 48 5 C1 
4642 22973.49963 27000 4 49 2 D1 
4643 22973.64387 27000 1 50 3 B2 
4644 22975.64999 28500 0 50 2 B1 
4645 22975.76674 26400 4 48 2 C1 
4646 22976.16643 27000 5 49 2 D1 
4647 22976.21233 26700 2 50 5 B2 
4648 22978.31666 28500 1 50 3 B1 
4649 22978.65944 29100 53 50 2 T 
4650 22983.08134 29100 53 50 2 T 
4651 22983.76683 29700 5 48 2 C1 
4652 22985.77304 26400 4 49 2 C2 
4653 22986.35343 26400 0 50 4 B2 
4654 22988.5723 26400 5 49 2 C2 
4655 22989.05809 26700 1 50 5 B2 
4656 22989.86103 29100 3 48 1 C1 
4657 22991.11269 32100 53 49 2 T 
4658 22993.29884 28500 1 50 2 A1 
4659 22993.63646 26400 2 50 4 B2 
4660 22996.15306 32100 53 49 2 T 
4661 22998.59938 29100 53 50 4 T 
4662 22999.23911 26400 3 49 2 C2 
4663 22999.79476 29700 4 48 3 C1 
4664 23003.48134 29100 53 50 4 T 
4665 23005.10009 25800 5 48 1 C1 
4666 23007.79467 25800 3 48 1 C1 
4667 23008.20665 27000 3 48 4 D1 
4668 23008.35708 29100 53 49 3 T 
4669 23009.91177 29400 4 49 1 C2 
4670 23010.56795 26400 4 48 2 C1 
4671 23012.5723 26400 5 49 2 C2 
4672 23012.85142 26400 0 50 4 B2 
4673 23013.23031 25800 5 48 1 C1 
4674 23014.86952 28800 53 48 5 T 
4675 23015.1236 26400 3 49 2 C2 
4676 23015.31593 29100 53 49 3 T 
4677 23015.75188 36000 3 48 1 C1 
4678 23017.84683 26700 1 50 5 B2 
4679 23019.16204 25800 4 48 1 C1 
4680 23019.87941 26400 2 50 4 B2 
4681 23020.25756 28800 53 50 5 T 
4682 23020.57244 26400 4 49 2 C2 
4683 23021.60334 29700 5 48 3 C1 
4684 23022.37481 29100 53 49 3 T 
4685 23023.13558 27600 5 49 1 C2 
4686 23023.28757 28800 53 49 2 T 
4687 23024.49548 27000 0 50 3 B2 
4688 23025.48151 26400 3 48 2 C1 
4689 23026.95293 29100 53 49 3 T 
4690 23027.18261 25800 4 48 1 C1 
4691 23028.57847 29400 3 49 1 C2 
4692 23028.99999 26700 2 50 1 B1 
4693 23029.08469 26400 1 50 4 B2 
4694 23029.2353 28800 53 49 2 T 
4695 23030.81617 29100 53 50 4 T 
4696 23031.13929 32100 53 49 3 T 
4697 23031.46191 26400 5 48 2 C1 
4698 23033.33447 28800 53 49 1 T 
4699 23033.69445 30600 2 50 5 B2 
4700 23035.20379 27300 4 49 1 D1 
4701 23035.74563 32100 53 49 3 T 
4702 23037.59919 28800 53 49 1 T 
4703 23038.26149 29400 0 50 1 B2 
4704 23039.23891 27600 4 49 1 C2 
4705 23040.55749 29400 1 50 1 B2 
4706 23041.91182 27600 5 49 1 C2 
4707 23042.33333 26700 0 50 1 B1 
4708 23042.48806 28800 53 49 2 T 
4709 23043.22416 28800 53 50 4 T 
4710 23044.78427 28200 3 48 3 C1 
4711 23045.43369 29400 2 50 1 B2 
4712 23047.60842 28800 53 49 2 T 
4713 23048.06702 28800 53 50 4 T 
4714 23050.14684 26400 0 50 3 B2 
4715 23050.19705 27300 3 49 1 C2 
4716 23052.24745 29100 53 50 3 T 
4717 23052.65393 28200 4 48 3 C1 
4718 23054.7334 26700 1 50 5 B2 
4719 23055.24524 27600 4 49 1 C2 
4720 23056.9534 26700 2 50 5 B2 
4721 23058.11745 28200 5 48 2 C1 
4722 23059.58674 29100 53 50 3 T 
4723 23061.93828 29400 1 50 1 B1 
4724 23062.22007 27000 0 50 3 B2 
4725 23063.45519 28200 3 48 3 C1 
4726 23064.88674 28800 53 50 5 T 
4727 23065.98714 28200 4 48 2 C1 
4728 23067.05468 26700 1 50 5 B2 
4729 23068.36587 27000 5 48 5 C1 
4730 23068.46904 27600 5 49 1 C2 
4731 23069.18306 28800 53 50 5 T 
4732 23071.22071 27000 2 50 3 B2 
4733 23071.2451 27600 3 49 1 C2 
4734 23073.49794 29100 53 48 1 T 
4735 23073.64006 28200 3 48 2 C1 
4736 23073.68468 31800 53 48 4 T 
4737 23073.77314 27300 4 49 2 C2 
4738 23075.95125 28200 4 48 2 C1 
4739 23076.22447 28800 53 50 4 T 
4740 23076.46893 26400 5 49 2 C2 
4741 23078.25135 31800 53 48 4 T 
4742 23079.13563 26400 3 49 2 C2 
4743 23080.81211 26700 0 50 5 B2 
4744 23080.92594 28200 5 48 2 C1 
4745 23081.77318 30900 4 49 1 C2 
4746 23083.29191 32100 53 49 1 T 
4747 23083.56159 29700 3 48 2 C1 
4748 23084.57855 26400 5 49 2 C2 
4749 23085.16865 27000 2 50 2 B1 
4750 23085.40772 28800 53 49 1 T 
4751 23086.23258 28200 4 48 3 C1 
4752 23087.43723 32100 53 49 1 T 
4753 23089.57439 27000 1 50 3 B2 
4754 23089.59042 28800 53 49 1 T 
4755 23092.24741 29100 53 48 1 T 
4756 23092.56423 28800 53 50 1 T 
4757 23094.90772 28800 53 50 1 T 
4758 23095.24502 28800 3 49 2 C2 
4759 23097.57439 29400 2 50 5 B2 
4760 23100.24106 28800 53 50 1 T 
4761 23100.46897 28800 4 49 2 C2 
4762 23102.88075 32100 53 49 1 T 
4763 23103.83533 25200 0 50 1 B1 
4764 23105.54106 28800 53 48 5 T 
4765 23107.71665 28800 0 50 1 B2 
4766 23110.01265 28800 1 50 1 B2 
4767 23111.13572 35100 5 49 2 C2 
4768 23112.30865 28800 53 48 5 T 
4769 23114.34135 29400 2 50 5 B2 
4770 23116.56135 29100 53 48 1 T 
4771 23119.15994 27000 0 50 3 B2 
4772 23121.82661 29100 53 48 1 T 
4773 23124.43981 27600 3 49 1 C2 
4774 23124.45994 29400 1 50 1 B2 
4775 23127.09327 27000 2 50 3 B2 
4776 23127.10654 28800 4 49 2 C2 
4777 23129.3609 27000 0 50 3 B2 
4778 23129.5362 28800 53 49 2 T 
4779 23129.90576 29400 5 49 2 C2 
4780 23131.43132 28200 5 48 3 C1 
4781 23131.50315 26400 1 50 4 B2 
4782 23134.02072 27900 2 50 1 B2 
4783 23135.13561 28800 3 49 2 C2 
4784 23136.24707 31800 53 48 4 T 
4785 23136.89913 28200 3 48 3 C1 
4786 23137.59094 28800 53 50 4 T 
4787 23137.77314 29400 4 49 2 C2 
4788 23138.53999 26400 1 50 2 B1 
4789 23138.87405 29400 0 50 1 B2 
4790 23140.5723 27000 5 49 2 C2 
4791 23141.17641 28800 53 49 2 T 
4792 23143.83672 29400 1 50 5 B2 
4793 23145.80242 29400 3 49 2 C2 
4794 23146.47641 29100 53 49 3 T 
4795 23148.20275 29100 53 50 2 T 
4796 23149.10338 27000 2 50 3 B2 
4797 23151.10652 27300 4 49 2 C2 
4798 23151.17646 28800 53 49 2 T 
4799 23151.73672 28500 0 50 3 B2 
4800 23153.80216 27300 5 49 2 C2 
4801 23154.37005 28500 1 50 3 B2 
4802 23157.03672 27900 2 50 1 B2 
4803 23159.33272 27900 0 50 1 B2 
4804 23161.41088 27000 1 50 3 B2 
4805 23163.63088 28500 2 50 3 B2 
4806 23166.15561 28500 0 50 3 B2 
4807 23169.77326 27300 3 49 2 C2 
4808 23170.39873 28500 1 50 3 B2 
4809 23172.25747 29100 53 50 3 T 
4810 23172.62401 26400 4 49 2 C2 
4811 23172.88079 26400 2 50 4 B2 
4812 23175.55382 29100 53 50 4 T 
4813 23176.65193 30000 53 49 1 T 
4814 23178.21413 28500 0 50 3 B2 
4815 23179.02834 29700 4 48 3 C1 
4816 23182.71605 28800 53 49 2 T 
4817 23183.24515 27300 5 49 2 C2 
4818 23184.65192 26400 53 49 1 T 
4819 23185.90576 27300 3 49 2 C2 
4820 23187.31867 26400 53 49 2 T 
4821 23187.89858 32400 1 50 1 B2 
4822 23188.57233 27300 4 49 2 C2 
4823 23189.98533 30300 53 50 4 T 
4824 23190.0715 29100 53 50 2 T 
4825 23192.65183 28500 53 50 2 T 
4826 23192.67024 27000 2 50 2 B2 
4827 23193.91178 27600 5 49 1 C2 
4828 23195.30993 28800 53 48 5 T 
4829 23196.43981 27300 3 49 2 C2 
4830 23197.43911 29100 53 49 3 T 
4831 23199.54934 28500 0 50 3 B2 
4832 23199.64999 27600 2 50 4 B1 
4833 23201.77325 27300 4 49 2 C2 
4834 23201.93882 27000 1 50 2 B2 
4835 23203.31857 31500 53 50 5 T 
4836 23204.24996 27000 2 50 2 B2 
4837 23205.98515 29400 53 50 1 T 
4838 23206.74521 27000 0 50 2 B2 
4839 23208.65206 28500 53 50 3 T 
4840 23209.77309 27000 5 49 2 C2 
4841 23209.93492 27000 1 50 2 B2 
4842 23211.3184 26400 53 50 4 T 
4843 23214.60329 27900 2 50 1 B2 
4844 23217.23197 27000 0 50 2 B2 
4845 23217.90569 27000 3 49 2 C2 
4846 23219.72996 27000 1 50 2 B2 
4847 23220.57241 27000 4 49 2 C2 
4848 23220.98333 26400 0 50 2 B1 
4849 23221.29795 29700 5 48 2 C1 
4850 23227.31661 28200 1 49 2 B1 
4851 23227.71328 27900 2 50 1 B2 
4852 23228.3615 26400 53 49 1 T 
4853 23230.86953 29100 53 49 3 T 
4854 23232.65194 30300 53 49 1 T 
4855 23233.91178 27000 5 49 2 C2 
4856 23234.53999 28200 2 49 2 B1 
4857 23236.46896 27000 3 49 2 C2 
4858 23237.98526 30000 53 49 2 T 
4859 23239.24523 27000 4 49 2 C2 
4860 23240.51666 28200 0 49 2 B1 
4861 23241.23197 28500 0 50 2 B2 
4862 23242.13736 29100 53 49 3 T 
4863 23243.93658 31500 1 50 5 B2 
4864 23244.50898 28200 3 48 2 C1 
4865 23244.98327 28200 1 49 2 B1 
4866 23245.98768 32100 53 49 2 T 
4867 23248.01385 28500 2 50 2 B2 
4868 23248.38806 27600 5 48 1 D1 
4869 23249.80222 29400 5 49 1 C2 
4870 23250.05849 28800 53 50 5 T 
4871 23250.502 28200 2 49 2 B1 
4872 23250.83301 29700 3 48 2 D1 
4873 23251.31859 26400 53 50 2 T 
4874 23251.56595 29100 4 48 1 C1 
4875 23252.16478 28800 0 50 1 B2 
4876 23252.57845 27000 3 49 2 C2 
4877 23252.80398 26400 53 48 2 T 
4878 23253.66364 28200 4 49 2 D1 
4879 23254.6676 27900 1 50 1 B2 
4880 23255.23909 27000 4 49 2 C2 
4881 23255.47073 30300 53 49 1 T 
4882 23255.83527 28200 0 49 2 B1 
4883 23256.3881 27000 5 48 4 D1 
4884 23256.895 27600 5 48 1 C1 
4885 23257.1714 28500 2 50 2 B2 
4886 23257.90565 27000 5 49 2 C2 
4887 23258.50194 28200 1 49 2 B1 
4888 23258.94359 27000 3 48 4 D1 
4889 23259.93663 27000 0 50 2 B2 
4890 23260.80427 28200 53 49 2 T 
4891 23260.99999 25200 2 50 5 B1 
4892 23261.61042 27300 4 49 1 D1 
4893 23264.38815 29400 5 49 2 D1 
4894 23264.65175 26400 53 50 3 T 
4895 23264.89486 27600 3 48 1 C1 
4896 23265.04662 30600 1 50 2 B2 
4897 23265.90558 29400 3 49 1 C2 
4898 23266.13733 28500 53 48 4 T 
4899 23266.99708 28200 3 49 2 D1 
4900 23267.3187 27000 53 50 3 T 
4901 23267.43125 27600 4 48 1 C1 
4902 23267.72997 28500 2 50 2 B2 
4903 23268.804 28200 53 48 3 T 
4904 23269.49966 28200 4 48 3 D1 
4905 23269.98523 26700 53 50 5 T 
4906 23271.24516 27600 4 49 1 C2 
4907 23271.47062 28200 53 48 2 T 
4908 23272.33023 28800 5 48 5 D1 
4909 23272.65186 26700 53 50 1 T 
4910 23272.79257 27600 5 48 1 C1 
4911 23274.13729 26700 53 48 3 T 
4912 23275.44712 27600 3 48 1 C1 
4913 23277 27900 0 50 5 B1 
4914 23278.6033 28500 0 50 2 B2 
4915 23280.31721 27900 2 50 5 A1 
4916 23280.33026 27300 3 49 1 D1 
4917 23281.06704 31500 1 50 5 B2 
4918 23281.91186 29400 5 49 1 C2 
4919 23282.99708 26400 4 49 1 D1 
4920 23283.25999 27900 0 50 5 A1 
4921 23283.56595 27600 4 48 1 C1 
4922 23283.89862 28500 2 50 2 B2 
4923 23284.98332 35400 1 49 1 B1 
4924 23286.2283 34200 5 48 3 C1 
4925 23286.74521 27000 1 50 2 A1 
4926 23288.79248 27600 3 48 1 C1 
4927 23291.30828 32100 2 49 2 B1 
4928 23291.43117 27600 4 48 1 C1 
4929 23293.20676 27000 2 50 2 A1 
4930 23293.87166 31200 0 49 2 B1 
4931 23295.1357 29400 3 49 1 C2 
4932 23296.25176 28200 1 49 2 B1 
4933 23296.59988 29700 0 50 2 A1 
4934 23297.04658 34800 0 50 3 B2 
4935 23297.77317 27600 4 49 1 C2 
4936 23299.56676 29700 1 50 3 A1 
4937 23299.61909 32100 53 49 3 T 
4938 23301.1686 32100 2 49 1 B1 
4939 23301.49974 28500 5 48 4 D1 
4940 23302.2794 26700 1 50 1 B2 
4941 23303.00964 28800 2 50 5 A1 
4942 23303.10646 27600 5 49 1 C2 
4943 23304.27689 28200 3 48 2 D1 
4944 23304.79264 27000 5 48 5 C1 
4945 23304.94607 26700 2 50 1 B2 
4946 23306.2801 28500 0 50 2 A1 
4947 23306.94373 29100 4 49 3 D1 
4948 23309.20661 28200 0 49 2 B1 
4949 23309.66359 27600 5 48 1 D1 
4950 23309.68265 28500 1 50 2 A1 
4951 23310.2326 27000 3 48 5 C1 
4952 23310.39663 30600 0 50 1 B2 
4953 23311.57483 27900 1 50 1 B1 
4954 23312.38801 27000 3 48 5 D1 
4955 23312.87638 28800 53 50 1 T 
4956 23313.17732 26700 2 50 5 A1 
4957 23313.80229 27600 3 49 1 C2 
4958 23313.89082 28200 2 49 2 B1 
4959 23314.8332 28800 4 49 2 D1 
4960 23314.90458 30900 1 50 3 B2 
4961 23316.57845 27600 4 49 1 C2 
4962 23316.6961 28800 0 50 4 A1 
4963 23317.43504 26700 2 50 1 B2 
4964 23317.72149 29400 5 49 2 D1 
4965 23319.2452 27600 5 49 1 C2 
4966 23319.68159 26700 0 50 1 B2 
4967 23319.87327 28200 0 49 2 B1 
4968 23320.27709 30300 3 49 1 D1 
4969 23322.83317 29100 4 48 1 D1 
4970 23323.43135 27000 4 48 5 C1 
4971 23325.16865 26400 1 50 3 B1 
4972 23325.66359 27000 5 48 5 D1 
4973 23326.17974 34200 5 48 4 C1 
4974 23327.13559 27600 3 49 1 C2 
4975 23327.37158 26700 1 50 1 B2 
4976 23329.90529 30300 2 50 4 B2 
4977 23329.91169 27600 4 49 1 C2 
4978 23331.43123 27000 3 48 5 C1 
4979 23332.41667 26700 0 50 1 B2 
4980 23332.46901 27600 5 49 1 C2 
4981 23334.09795 29100 4 48 1 C1 
4982 23335.26823 27300 3 49 2 C2 
4983 23336.27711 27300 3 49 2 D1 
4984 23336.76455 29100 5 48 1 C1 
4985 23337.23195 30300 1 50 4 B2 
4986 23337.99638 28500 1 50 3 A1 
4987 23339.5615 29100 3 48 1 C1 
4988 23339.93662 26700 2 50 1 B2 
4989 23340.43982 27600 4 49 1 C2 
4990 23341.06906 27000 2 50 3 A1 
4991 23341.16866 26400 2 50 3 B1 
4992 23341.61029 27300 4 49 2 D1 
4993 23342.12589 29100 4 48 1 C1 
4994 23344.01869 27900 0 50 1 A1 
4995 23344.82507 29100 5 48 1 C1 
4996 23347.72996 27900 0 50 5 B2 
4997 23350.26006 28500 1 50 3 B2 
4998 23350.96413 27000 1 50 3 A1 
4999 23351.23904 27600 5 49 1 C2 
5000 23352.64999 29100 0 49 3 B1 
5001 23354.3584 27000 2 50 3 A1 
5002 23355.03237 29100 1 49 3 B1 
5003 23357.33719 29400 0 50 1 A1 
5004 23358.09799 29700 3 48 2 C1 
5005 23358.39658 29700 2 50 2 B2 
5006 23359.10658 27600 3 49 1 C2 
5007 23360.49858 30300 1 50 4 A1 
5008 23361.04663 27900 0 50 5 B2 
5009 23362.58327 29100 2 49 3 B1 
5010 23362.83294 29700 5 48 3 D1 
5011 23363.43191 29100 2 50 3 A1 
5012 23364.57234 27300 4 49 2 C2 
5013 23366.3988 29400 0 50 5 A1 
5014 23367.10646 27600 5 49 1 C2 
5015 23369.84168 27900 1 50 1 A1 
5016 23370.94359 28500 3 48 4 D1 
5017 23371.45926 26400 4 48 2 C1 
5018 23371.72996 33600 1 50 2 B2 
5019 23372.46906 29400 3 49 1 C2 
5020 23372.98327 32100 0 49 3 B1 
5021 23373.11213 28500 2 50 3 A1 
5022 23373.66369 26700 4 48 3 D1 
5023 23374.6033 27900 2 50 5 B2 
5024 23375.13557 29400 4 49 1 C2 
5025 23375.64999 29100 1 49 3 B1 
5026 23376.69958 29100 53 50 3 T 
5027 23378.3166 29100 2 49 3 B1 
5028 23378.83315 27600 5 49 1 D1 
5029 23379.29243 27900 0 50 5 B2 
5030 23381.33714 29700 1 50 2 B2 
5031 23381.72147 29100 3 49 3 D1 
5032 23382.22832 26400 5 48 2 C1 
5033 23383.87332 26400 0 50 4 B1 
5034 23384.09534 27900 2 50 5 B2 
5035 23384.27691 26400 4 48 2 D1 
5036 23384.89916 34200 3 48 1 C1 
5037 23385.7732 29400 5 49 1 C2 
5038 23386.29468 28200 1 49 2 B1 
5039 23386.33267 29700 0 50 3 B2 
5040 23387.56614 31800 4 48 4 C1 
5041 23388.43992 27300 3 49 2 C2 
5042 23390.22817 27000 5 48 5 C1 
5043 23392.76458 27000 3 48 5 C1 
5044 23395.05466 27600 5 49 1 D1 
5045 23395.56146 27000 4 48 5 C1 
5046 23395.71329 29700 1 50 3 B2 
5047 23397.72152 29400 3 49 1 D1 
5048 23398.12591 27000 5 48 5 C1 
5049 23398.4169 27600 0 50 4 A1 
5050 23398.60328 29700 2 50 2 B2 
5051 23399.83532 30300 2 49 1 B1 
5052 23400.76457 26400 3 48 2 C1 
5053 23401.90571 27600 4 49 1 C2 
5054 23403.60732 26400 1 50 2 A1 
5055 23405.20666 26400 0 50 4 B1 
5056 23406.22822 26400 4 48 2 C1 
5057 23406.57421 27600 2 50 4 A1 
5058 23409.0633 26700 0 50 5 B2 
5059 23412.94221 29100 0 50 4 A1 
5060 23413.20661 30300 1 49 1 B1 
5061 23414.5653 26700 1 50 5 B2 
5062 23416.33647 26400 1 50 4 A1 
5063 23417.9057 27600 5 49 1 C2 
5064 23418.94365 28800 4 49 1 D1 
5065 23419.27665 26400 2 50 4 A1 
5066 23420.5785 29400 3 49 1 C2 
5067 23422.20999 29100 0 50 2 A1 
5068 23422.22836 28500 5 48 4 C1 
5069 23422.56524 26700 2 50 5 B2 
5070 23423.2391 27300 4 49 2 C2 
5071 23423.87327 30300 2 49 1 B1 
5072 23424.59729 27600 3 48 1 C1 
5073 23425.26996 26700 0 50 1 B2 
5074 23426.33703 29100 0 49 3 B1 
5075 23427.60732 26400 1 50 4 A1 
5076 23427.65672 28500 1 50 2 B2 
5077 23428.57848 27000 5 49 2 C2 
5078 23430.59042 28800 2 50 1 A1 
5079 23430.62978 29100 2 50 2 B2 
5080 23431.10651 27300 3 49 2 C2 
5081 23431.66666 36600 1 49 2 B1 
5082 23435.43134 28500 4 48 4 C1 
5083 23436.7133 29100 0 50 2 B2 
5084 23437.66364 26400 5 49 2 D1 
5085 23439.10663 27300 4 49 2 C2 
5086 23439.26928 29700 1 50 3 B2 
5087 23439.66661 29100 2 49 3 B1 
5088 23441.90567 27300 5 49 2 C2 
5089 23441.93492 29100 2 50 2 B2 
5090 23443.56581 28500 5 48 4 C1 
5091 23444.21791 26700 0 50 5 B2 
5092 23444.43971 27300 3 49 2 C2 
5093 23444.98332 26400 0 50 4 B1 
5094 23445.49966 30000 3 49 2 D1 
5095 23446.01306 27600 3 48 1 C1 
5096 23446.7151 26700 1 50 5 B2 
5097 23446.85051 27600 4 49 1 C2 
5098 23449.25421 26700 2 50 5 B2 
5099 23449.28586 27000 5 49 2 C2 
5100 23449.37377 29700 4 48 2 C1 
5101 23451.77462 28500 5 48 4 C1 
5102 23451.89938 26700 0 50 5 B2 
5103 23454.15395 29700 3 48 2 C1 
5104 23456.67359 29700 4 48 2 C1 
5105 23459.05654 28500 5 48 4 C1 
5106 23460.57844 27300 3 49 2 C2 
5107 23461.65932 28500 3 48 4 C1 
5108 23463.64999 26400 1 50 4 B1 
5109 23464.43269 28500 4 48 4 C1 
5110 23467.09916 28500 5 48 4 C1 
5111 23469.7614 28500 3 48 4 C1 
5112 23470.6033 27000 1 50 3 B2 
5113 23473.91179 27300 4 49 2 C2 
5114 23475.05474 27000 4 49 2 D1 
5115 23475.93658 27000 2 50 3 B2 
5116 23478.5653 27000 0 50 3 B2 
5117 23479.13571 27300 5 49 2 C2 
5118 23480.07118 26400 0 50 3 A1 
5119 23480.43255 28200 4 48 2 C1 
5120 23481.91191 27000 3 49 2 C2 
5121 23482.87977 27000 5 48 5 C1 
5122 23483.05187 29100 2 49 3 B1 
5123 23484.57232 27000 4 49 2 C2 
5124 23486.37996 27900 1 50 5 B2 
5125 23489.80229 29400 5 49 2 C2 
5126 23490.0383 27000 2 50 3 B2 
5127 23491.03315 28200 3 48 3 C1 
5128 23492.71325 27000 0 50 3 B2 
5129 23495.23915 27000 3 49 2 C2 
5130 23496.27702 27000 5 49 2 D1 
5131 23496.42821 28200 4 48 3 C1 
5132 23497.26997 27000 1 50 3 B2 
5133 23497.9056 27000 4 49 2 C2 
5134 23501.76589 28500 5 48 4 C1 
5135 23502.37995 27000 2 50 3 B2 
5136 23504.29786 28200 3 48 3 C1 
5137 23505.26996 26700 0 50 5 B2 
5138 23505.91191 29400 5 49 2 C2 
5139 23506.33332 26400 0 50 4 B1 
5140 23506.6812 27000 4 48 5 C1 
5141 23507.89862 27000 1 50 3 B2 
5142 23508.67401 29100 1 49 3 B1 
5143 23509.65909 28200 5 48 3 C1 
5144 23512.33019 28800 3 49 2 D1 
5145 23512.43245 28200 3 48 3 C1 
5146 23513.06328 27000 2 50 3 B2 
5147 23513.80233 27000 3 49 2 C2 
5148 23515.03313 28500 4 48 4 C1 
5149 23517.66361 29400 4 49 1 D1 
5150 23519.05287 28500 0 50 2 B2 
5151 23520.29812 28200 5 48 3 C1 
5152 23522.33333 26400 2 50 4 B1 
5153 23522.99248 28200 3 48 3 C1 
5154 23527.13564 27000 4 49 2 C2 
5155 23529.04658 26400 1 50 2 B2 
5156 23529.77319 27000 5 49 2 C2 
5157 23534.37996 26400 2 50 2 B2 
5158 23535.74414 27300 3 49 2 C2 
5159 23536.16645 30300 5 49 1 D1 
5160 23537.26997 26400 0 50 2 B2 
5161 23538.05779 27000 1 50 3 A1 
5162 23538.9926 29700 4 48 3 C1 
5163 23539.89863 26400 1 50 2 B2 
5164 23540.57849 26400 4 49 2 C2 
5165 23543.13573 27000 5 49 2 C2 
5166 23545.04664 26400 2 50 2 B2 
5167 23545.77312 27600 3 49 2 C2 
5168 23548.57839 26400 4 49 2 C2 
5169 23549.76593 28800 5 48 5 C1 
5170 23550.39663 27000 0 50 3 B2 
5171 23551.24524 31200 5 49 2 C2 
5172 23552.43247 28800 3 48 5 C1 
5173 23554.03825 26400 1 50 2 B2 
5174 23555.09485 28200 4 48 2 C1 
5175 23556.62974 26400 2 50 4 B2 
5176 23557.46377 26400 5 48 2 C1 
5177 23557.58919 27600 3 49 2 D1 
5178 23558.98737 27000 0 50 3 B2 
5179 23559.1356 26400 3 49 2 C2 
5180 23559.83532 26400 0 50 4 B1 
5181 23560.72326 28800 3 48 5 C1 
5182 23561.80239 35700 4 49 2 C2 
5183 23563.02945 28200 4 48 2 C1 
5184 23565.63119 28800 5 48 5 C1 
5185 23568.32584 28200 3 48 2 C1 
5186 23569.26996 26400 1 50 2 B2 
5187 23573.61022 27600 4 49 1 D1 
5188 23573.6312 28200 4 48 2 C1 
5189 23574.56528 27000 2 50 3 B2 
5190 23576.36655 28800 5 48 5 C1 
5191 23577.7732 29400 5 49 2 C2 
5192 23577.99227 29700 53 50 3 T 
5193 23580.43984 29400 3 49 2 C2 
5194 23581.61034 27600 5 49 1 D1 
5195 23581.76586 28200 3 48 2 C1 
5196 23582.39658 26400 0 50 4 B2 
5197 23583.83533 26400 1 50 4 B1 
5198 23584.84257 29700 53 50 3 T 
5199 23585.31924 34800 2 50 3 A1 
5200 23587.0371 26400 1 50 4 B2 
5201 23589.64326 26400 2 50 4 B2 
5202 23591.23906 26400 4 49 2 C2 
5203 23591.69787 29700 53 48 3 T 
5204 23594.25125 29700 53 48 3 T 
5205 23596.46898 27600 5 49 2 C2 
5206 23596.69782 26400 0 50 4 B2 
5207 23599.36449 26400 1 50 4 B2 
5208 23600.298 27000 4 48 4 C1 
5209 23601.99783 29700 53 48 2 T 
5210 23604.20248 26400 2 50 4 B2 
5211 23604.43996 26400 3 49 2 C2 
5212 23605.02571 26700 0 50 1 A1 
5213 23605.65923 27000 5 48 4 C1 
5214 23606.33921 29700 53 48 2 T 
5215 23607.13552 27600 4 49 2 C2 
5216 23608.40393 27000 0 50 3 B2 
5217 23608.42827 27000 3 48 4 C1 
5218 23609.9057 27600 5 49 1 C2 
5219 23610.51276 32400 53 50 1 T 
5220 23610.99243 27000 4 48 4 C1 
5221 23613.47097 32400 53 50 1 T 
5222 23616.42815 34200 5 48 2 C1 
5223 23617.53617 29400 53 50 1 T 
5224 23617.93496 26400 1 50 4 B2 
5225 23619.09916 34200 3 48 5 C1 
5226 23619.96769 29400 53 50 1 T 
5227 23621.76145 29700 4 48 3 C1 
5228 23622.92378 29400 53 49 2 T 
5229 23623.43444 29400 53 49 2 T 
5230 23623.87332 26400 2 50 4 B1 
5231 23623.88134 29400 53 50 1 T 
5232 23625.31796 29700 5 48 3 C1 
5233 23627.18957 27000 3 48 4 C1 
5234 23627.93662 26400 2 50 4 B2 
5235 23628.43994 27600 3 49 2 C2 
5236 23629.05135 29400 53 49 2 T 
5237 23629.99122 29400 53 50 1 T 
5238 23631.23901 27600 4 49 2 C2 
5239 23632.28805 29400 53 49 1 T 
5240 23632.51705 26400 0 50 2 B2 
5241 23633.59068 29700 53 50 3 T 
5242 23635.0993 27000 4 48 4 C1 
5243 23635.15038 26400 1 50 4 B2 
5244 23636.5645 29400 53 50 5 T 
5245 23636.57239 27600 5 49 2 C2 
5246 23637.20666 26400 0 50 4 B1 
5247 23637.63119 27000 5 48 4 C1 
5248 23637.81705 29400 53 50 1 T 
5249 23639.51819 29400 53 49 1 T 
5250 23640.45038 27000 2 50 3 B2 
5251 23642.70901 29400 53 49 2 T 
5252 23643.05472 30000 3 49 1 D1 
5253 23643.08372 29400 53 50 5 T 
5254 23645.26596 26400 0 50 4 B2 
5255 23645.65917 29700 3 48 3 C1 
5256 23645.87196 27600 4 49 2 D1 
5257 23647.39744 29400 53 50 5 T 
5258 23648.01801 28200 4 48 2 C1 
5259 23649.46995 26400 1 50 4 B2 
5260 23649.82519 29400 53 49 2 T 
5261 23649.91181 27600 3 49 2 C2 
5262 23652.03211 26400 2 50 4 B2 
5263 23652.43984 27600 4 49 1 C2 
5264 23652.68806 29400 53 49 1 T 
5265 23654.32811 32400 53 48 5 T 
5266 23655.1064 27600 5 49 1 C2 
5267 23656.99477 26400 0 50 4 B2 
5268 23657.77322 27600 3 49 1 C2 
5269 23657.80848 29400 53 49 1 T 
5270 23659.12195 32400 53 48 5 T 
5271 23660.22977 27000 4 49 2 C2 
5272 23661.62161 26400 1 50 4 B2 
5273 23662.67659 30300 5 49 1 C2 
5274 23664.24712 29700 53 50 2 T 
5275 23665.90577 27600 3 49 2 C2 
5276 23666.38964 26400 2 50 4 B2 
5277 23666.99242 26700 5 48 3 C1 
5278 23668.60964 29700 53 50 2 T 
5279 23669.6312 26700 3 48 3 C1 
5280 23670.67344 26400 0 50 4 B2 
5281 23672.01453 28500 4 48 4 C1 
5282 23672.89344 26400 1 50 4 B2 
5283 23674.31665 26700 1 50 5 B1 
5284 23674.90027 27000 5 48 4 C1 
5285 23675.56011 26400 2 50 4 B2 
5286 23676.25752 29400 53 49 2 T 
5287 23677.62656 29400 53 49 1 T 
5288 23679.7632 29700 53 50 2 T 
5289 23680.43246 27000 3 48 4 C1 
5290 23683.09914 26700 4 48 3 C1 
5291 23683.38076 26400 0 50 4 B2 
5292 23684.20285 29700 53 50 2 T 
5293 23684.57849 27600 4 49 1 C2 
5294 23685.7615 26700 5 48 3 C1 
5295 23687.17657 29700 53 48 3 T 
5296 23687.23898 27600 5 49 1 C2 
5297 23688.42826 27000 3 48 4 C1 
5298 23689.56245 32400 53 48 5 T 
5299 23689.90578 27600 3 49 1 C2 
5300 23690.99261 26700 4 48 3 C1 
5301 23691.7328 26400 1 50 3 B2 
5302 23694.39662 26400 2 50 4 B2 
5303 23694.86945 29700 53 48 2 T 
5304 23695.64999 26700 2 50 5 B1 
5305 23700.57847 27600 4 49 1 C2 
5306 23701.63127 27000 5 48 4 C1 
5307 23702.60324 29100 0 50 4 B2 
5308 23705.90561 30000 5 49 1 C2 
5309 23707.93663 26400 1 50 3 B2 
5310 23708.57245 30000 3 49 2 C2 
5311 23711.13567 27600 4 49 1 C2 
5312 23713.26997 26400 2 50 3 B2 
5313 23713.80227 28800 5 49 1 C2 
5314 23716.57234 30000 3 49 1 C2 
5315 23718.37996 26400 0 50 4 B2 
5316 23720.94988 27000 1 50 3 B2 
5317 23724.17699 26400 2 50 3 B2 
5318 23724.99999 27000 0 50 3 B1 
5319 23726.30665 29400 53 49 2 T 
5320 23728.33347 29100 0 50 4 B2 
5321 23729.05732 28800 3 48 5 C1 
5322 23729.91188 27600 4 49 1 C2 
5323 23730.81552 26400 1 50 3 B2 
5324 23734.99058 29400 53 50 5 T 
5325 23737.09299 29100 2 50 4 B2 
5326 23738.87555 26400 5 49 1 D1 
5327 23746.33333 27000 1 50 3 B1 
5328 23746.80866 26400 0 50 4 B2 
5329 23748.57851 30000 5 49 2 C2 
5330 23749.43733 36000 1 50 1 B2 
5331 23750.92396 29400 53 49 1 T 
5332 23751.24522 28800 3 49 1 C2 
5333 23756.25722 29400 53 49 1 T 
5334 23757.08219 27600 4 49 2 C2 
5335 23757.43732 26400 2 50 3 B2 
5336 23759.91892 28800 0 50 5 B2 
5337 23764.469 30300 5 49 1 C2 
5338 23767.24522 28800 3 49 1 C2 
5339 23767.91861 28800 1 50 4 B2 
5340 23769.77318 30000 4 49 2 C2 
5341 23770.47912 26400 2 50 4 B2 
5342 23772.57848 28800 5 49 2 C2 
5343 23773.47533 28800 0 50 5 B2 
5344 23775.24505 28800 3 49 2 C2 
5345 23775.92801 28800 1 50 5 B2 
5346 23776.65193 27300 53 49 1 T 
5347 23777.7731 28800 4 49 2 C2 
5348 23779.57695 27600 2 50 4 B2 
5349 23780.46906 30000 5 49 1 C2 
5350 23782.11613 29400 53 49 2 T 
5351 23782.85887 27600 3 49 2 C2 
5352 23784.65184 30900 53 49 2 T 
5353 23784.77644 29100 0 50 3 B2 
5354 23786.50199 29400 2 50 1 B1 
5355 23787.31867 30900 53 49 1 T 
5356 23787.41613 29700 53 48 3 T 
5357 23790.07644 26400 1 50 4 B2 
5358 23792.652 27300 53 49 2 T 
5359 23792.70978 29100 2 50 3 B2 
5360 23794.89699 27600 0 50 4 B2 
5361 23795.3185 27000 53 50 2 T 
5362 23797.01985 29700 53 48 2 T 
5363 23799.47339 32400 53 50 1 T 
5364 23801.77321 28800 4 49 1 C2 
5365 23803.31857 28500 53 50 2 T 
5366 23805.47533 27900 1 50 5 B2 
5367 23805.9854 30600 53 50 5 T 
5368 23807.928 26400 2 50 3 B2 
5369 23808.65165 28800 53 50 4 T 
5370 23809.77729 28800 5 49 2 C2 
5371 23820.43986 28800 3 49 1 C2 
5372 23823.13568 28800 4 49 2 C2 
5373 23823.93532 28800 0 50 4 B2 
5374 23825.80228 28800 5 49 2 C2 
5375 23826.60194 27600 1 50 4 B2 
5376 23828.57241 28800 3 49 1 C2 
5377 23829.26867 29700 2 50 2 B2 
5378 23831.13558 27300 4 49 1 C2 
5379 23832.64166 28200 0 49 2 B1 
5380 23832.82595 27900 0 50 5 B2 
5381 23833.90571 27300 5 49 1 C2 
5382 23835.11152 29100 1 50 3 B2 
5383 23836.98326 28200 1 49 2 B1 
5384 23839.87332 28500 2 50 3 B1 
5385 23840.04196 26400 2 50 4 B2 
5386 23840.33017 28200 3 48 2 D1 
5387 23840.6519 28800 53 49 2 T 
5388 23842.80865 27600 0 50 4 B2 
5389 23843.05466 28800 4 48 5 D1 
5390 23843.18328 28200 0 49 2 B1 
5391 23843.31864 27000 53 49 2 T 
5392 23844.9004 29400 53 49 1 T 
5393 23845.15129 31500 53 50 5 T 
5394 23845.6637 27000 5 48 4 D1 
5395 23845.76166 29700 4 48 3 C1 
5396 23847.03562 28800 53 49 1 T 
5397 23847.45398 27600 1 50 4 B2 
5398 23847.64994 28200 1 49 2 B1 
5399 23848.38795 28200 3 48 2 D1 
5400 23849.1699 30900 53 50 3 T 
5401 23849.59461 27900 2 50 5 B2 
5402 23850.13737 29100 53 49 3 T 
5403 23850.502 28200 2 49 2 B1 
5404 23851.48154 29400 53 50 1 T 
5405 23852.00578 29700 53 50 3 T 
5406 23852.80428 28200 53 49 2 T 
5407 23853.16861 28200 0 49 2 B1 
5408 23853.61039 29700 4 48 3 D1 
5409 23854.1484 28800 53 49 2 T 
5410 23855.47067 29100 53 48 1 T 
5411 23855.83527 28200 1 49 2 B1 
5412 23856.43254 27600 5 48 1 C1 
5413 23858.13729 27000 53 48 4 T 
5414 23858.58332 28200 2 49 2 B1 
5415 23858.602 28800 0 50 4 B2 
5416 23859.42131 28800 53 50 5 T 
5417 23861.20666 28800 0 50 1 B1 
5418 23861.25199 28800 1 50 4 B2 
5419 23861.66377 29400 5 49 2 D1 
5420 23862.08655 28500 53 50 3 T 
5421 23863.94898 29100 53 50 2 T 
5422 23864.16645 30300 3 49 1 D1 
5423 23864.31376 27600 3 48 1 C1 
5424 23865.78398 28800 53 50 1 T 
5425 23865.90571 28800 3 49 2 C2 
5426 23866.58533 26400 2 50 3 B2 
5427 23869.63134 27600 4 48 1 C1 
5428 23870.08181 29100 53 50 4 T 
5429 23870.13022 27900 1 50 1 A1 
5430 23873.10396 30600 2 50 5 A1 
5431 23873.77317 28800 4 49 2 C2 
5432 23874.13736 28500 53 48 4 T 
5433 23874.83314 29400 4 49 2 D1 
5434 23876.43983 27300 5 49 1 C2 
5435 23876.80402 28800 53 48 5 T 
5436 23877.63143 27600 5 48 1 C1 
5437 23878.53307 28500 0 50 3 A1 
5438 23879.10637 27300 3 49 1 C2 
5439 23879.47065 27000 53 48 5 T 
5440 23880.42828 27600 3 48 1 C1 
5441 23881.77327 27300 4 49 1 C2 
5442 23882.77067 31500 0 50 5 B2 
5443 23882.83317 29400 5 49 1 D1 
5444 23882.99245 27600 4 48 1 C1 
5445 23884.57235 28800 5 49 2 C2 
5446 23885.43728 28800 1 50 4 B2 
5447 23885.76578 27600 5 48 1 C1 
5448 23886.84834 28500 1 50 3 A1 
5449 23887.24514 28800 3 49 2 C2 
5450 23887.80531 26400 2 50 3 B2 
5451 23888.29783 27600 3 48 1 C1 
5452 23889.91174 29400 4 49 2 C2 
5453 23890.86364 29700 0 50 2 B2 
5454 23891.22399 28200 1 49 2 B1 
5455 23891.86952 27900 2 50 5 A1 
5456 23893.27786 29700 1 50 2 B2 
5457 23893.59983 27900 2 50 1 B1 
5458 23894.81086 27900 0 50 5 A1 
5459 23895.05782 30300 5 49 1 C2 
5460 23895.80111 26400 2 50 3 B2 
5461 23896.27702 27600 3 48 1 D1 
5462 23897.75219 30600 1 50 2 A1 
5463 23898.00884 27600 0 50 4 B2 
5464 23898.83298 28500 4 48 4 D1 
5465 23899.09925 28200 4 48 2 C1 
5466 23900.51317 27900 1 50 5 B2 
5467 23900.70182 30900 2 50 3 A1 
5468 23901.49963 29700 5 48 2 D1 
5469 23903.077 28800 2 50 4 B2 
5470 23903.6666 28200 0 49 2 B1 
5471 23904.18704 29100 0 50 4 A1 
5472 23904.27694 28500 3 48 4 D1 
5473 23905.90579 27300 3 49 1 C2 
5474 23906.37535 29100 0 50 4 B2 
5475 23906.53999 28200 1 49 2 B1 
5476 23907.12037 29400 1 50 1 A1 
5477 23907.31848 30600 53 50 1 T 
5478 23909.20661 28200 2 49 2 B1 
5479 23909.72138 28500 4 48 4 D1 
5480 23911.67037 28200 0 49 2 B1 
5481 23914.94368 28800 5 49 2 D1 
5482 23915.20494 28200 1 49 2 B1 
5483 23915.46355 28500 2 50 3 A1 
5484 23916.02245 29400 53 50 1 T 
5485 23917.48794 28200 2 49 2 B1 
5486 23917.49965 29100 3 48 1 D1 
5487 23917.76579 28200 5 48 2 C1 
5488 23917.98522 26400 53 50 4 T 
5489 23918.72535 31500 1 50 5 B2 
5490 23919.99275 28500 0 50 3 B1 
5491 23920.42827 28200 3 48 2 C1 
5492 23920.52412 27600 0 50 4 A1 
5493 23921.39202 30600 2 50 1 B2 
5494 23921.91183 27300 4 49 1 C2 
5495 23922.54181 28200 1 49 2 B1 
5496 23922.96446 28200 4 48 2 C1 
5497 23923.3187 27000 53 50 3 T 
5498 23924.22735 31200 0 50 4 B2 
5499 23924.57245 30900 5 49 2 C2 
5500 23925.6592 28200 5 48 2 C1 
5501 23925.98529 29100 53 50 3 T 
5502 23926.00409 31500 1 50 5 A1 
5503 23927.23901 30900 3 49 1 C2 
5504 23928.32577 28200 3 48 2 C1 
5505 23928.33041 29100 4 49 3 D1 
5506 23929.90569 27300 4 49 1 C2 
5507 23933.66367 30300 5 49 1 D1 
5508 23933.76582 29700 4 48 3 C1 
5509 23935.23898 35700 5 49 1 C2 
5510 23936.29787 29700 5 48 3 C1 
5511 23937.19973 28500 2 50 2 A1 
5512 23937.59863 27900 1 50 5 B2 
5513 23938.96048 29700 3 48 3 C1 
5514 23940.14251 27000 0 50 3 A1 
5515 23940.26536 26700 2 50 5 B2 
5516 23940.57248 29400 3 49 2 C2 
5517 23942.93202 26400 0 50 3 B2 
5518 23943.62888 29100 1 50 2 A1 
5519 23944.16635 27600 3 49 1 D1 
5520 23944.42838 28200 4 48 2 C1 
5521 23945.56069 26400 1 50 3 B2 
5522 23945.91182 27300 4 49 1 C2 
5523 23946.33332 27000 2 50 2 B1 
5524 23947.86955 29700 2 50 2 A1 
5525 23948.04228 27900 2 50 5 B2 
5526 23948.46896 27300 5 49 1 C2 
5527 23949.65923 29700 5 48 3 C1 
5528 23949.84999 29100 0 49 3 B1 
5529 23950.81918 27900 0 50 1 A1 
5530 23951.13558 26400 3 49 1 C2 
5531 23952.42151 27000 1 50 3 B1 
5532 23954.33795 29100 1 50 3 A1 
5533 23954.37531 29100 0 50 3 B2 
5534 23955.16443 29100 2 49 3 B1 
5535 23956.57857 29400 4 49 2 C2 
5536 23956.9444 27900 1 50 5 B2 
5537 23957.74051 27000 2 50 3 A1 
5538 23959.83528 32100 0 49 1 B1 
5539 23961.23518 30300 0 50 4 A1 
5540 23962.83305 28200 4 48 3 D1 
5541 23963.31661 29100 1 49 3 B1 
5542 23964.72155 28500 1 50 2 A1 
5543 23965.79238 29100 2 49 3 B1 
5544 23966.15779 28800 2 50 4 B2 
5545 23966.97555 30600 53 50 2 T 
5546 23967.73227 28800 5 49 2 C2 
5547 23969.52445 29400 53 50 1 T 
5548 23970.31661 28200 0 49 2 B1 
5549 23971.05461 28200 5 48 3 D1 
5550 23972.98332 32100 1 49 2 B1 
5551 23973.66359 27600 3 48 1 D1 
5552 23976.32582 28500 3 48 4 C1 
5553 23976.3881 27600 4 49 1 D1 
5554 23977.56068 26700 0 50 5 B2 
5555 23977.91182 30900 3 49 1 C2 
5556 23978.94372 28200 5 49 2 D1 
5557 23979.09923 28500 4 48 4 C1 
5558 23980.26535 27900 1 50 5 B2 
5559 23981.76139 28500 5 48 4 C1 
5560 23982.89402 28800 2 50 1 B2 
5561 23983.64994 28200 2 49 2 B1 
5562 23984.27706 29400 3 49 1 D1 
5563 23984.29798 28500 3 48 4 C1 
5564 23987.09478 31800 4 48 4 C1 
5565 23988.40503 29400 2 50 5 A1 
5566 23989.63116 28500 5 48 4 C1 
5567 23991.24522 35100 4 49 1 C2 
5568 23992.32585 28200 3 48 2 C1 
5569 23993.19876 28800 0 50 4 B2 
5570 23993.85623 26400 5 49 1 C2 
5571 23994.94376 28800 4 49 2 D1 
5572 23995.09902 28500 4 48 4 C1 
5573 23996.64018 28800 1 50 1 B2 
5574 23997.76146 28200 5 48 2 C1 
5575 23999.24524 26400 3 49 1 C2 
5576 24000.4326 28500 3 48 4 C1 
5577 24001.61871 28800 4 49 2 C2 
5578 24001.63117 26700 2 50 5 B2 
5579 24001.73836 28800 0 50 5 A1 
5580 24002.99689 30900 5 49 2 D1 
5581 24003.95237 29400 5 49 2 C2 
5582 24004.20478 29100 0 50 4 B2 
5583 24005.16503 28800 1 50 1 A1 
5584 24005.87166 31200 0 49 2 B1 
5585 24006.93202 30600 1 50 1 B2 
5586 24007.13563 29400 3 49 2 C2 
5587 24008.29794 28200 4 48 2 C1 
5588 24008.5917 27600 2 50 4 A1 
5589 24009.56067 29100 2 50 3 B2 
5590 24010.50199 28500 1 50 2 B1 
5591 24011.81925 27600 5 48 1 C1 
5592 24012.01836 28800 0 50 4 A1 
5593 24012.46907 26400 4 49 1 C2 
5594 24013.03364 28800 0 50 1 B2 
5595 24013.24993 29100 2 49 3 B1 
5596 24015.10654 36600 5 49 1 C2 
5597 24015.41148 30600 1 50 1 A1 
5598 24015.62513 26400 1 50 4 B2 
5599 24015.6901 29100 0 49 3 B1 
5600 24017.98276 29100 2 50 4 B2 
5601 24018.37836 29700 2 50 3 A1 
5602 24019.30828 29100 1 49 3 B1 
5603 24021.63131 28200 3 48 3 C1 
5604 24021.80503 27000 0 50 2 A1 
5605 24023.87328 29100 2 49 3 B1 
5606 24026.37713 27300 3 49 1 C2 
5607 24029.49976 27300 3 49 1 D1 
5608 24031.13561 26400 4 49 1 C2 
5609 24033.59868 30600 0 50 2 B2 
5610 24034.33327 29100 0 49 3 B1 
5611 24035.1138 27600 4 48 1 C1 
5612 24036.99999 29100 1 49 3 B1 
5613 24039.15396 28500 5 48 4 C1 
5614 24039.83533 28500 2 50 2 B1 
5615 24041.4989 28500 3 48 4 C1 
5616 24042.33327 29100 0 49 3 B1 
5617 24044.00989 28500 4 48 4 C1 
5618 24044.43982 26400 5 49 1 C2 
5619 24046.40618 28500 5 48 4 C1 
5620 24046.93202 26400 1 50 4 B2 
5621 24047.13557 29400 3 49 2 C2 
5622 24048.38807 28800 4 49 1 D1 
5623 24048.81702 28500 3 48 4 C1 
5624 24049.39573 34800 2 50 3 B2 
5625 24049.80233 29400 4 49 2 C2 
5626 24050.4953 27000 5 48 5 D1 
5627 24051.43995 28500 4 48 4 C1 
5628 24052.46884 29400 5 49 2 C2 
5629 24054.21334 28500 5 48 4 C1 
5630 24054.70869 28800 0 50 1 B2 
5631 24055.1357 29400 3 49 2 C2 
5632 24056.27694 27000 3 49 2 D1 
5633 24056.87555 28500 3 48 4 C1 
5634 24057.56069 29100 1 50 3 B2 
5635 24059.05475 27600 4 49 1 D1 
5636 24059.4401 28500 4 48 4 C1 
5637 24060.05869 26400 2 50 4 B2 
5638 24061.79895 27600 5 48 1 C1 
5639 24062.72535 28800 0 50 1 B2 
5640 24063.10652 26400 4 49 1 C2 
5641 24064.7636 28500 3 48 4 C1 
5642 24065.59867 26400 1 50 4 B2 
5643 24065.68323 29100 5 49 3 D1 
5644 24065.90564 30300 5 49 1 C2 
5645 24066.53999 26700 1 50 1 B1 
5646 24067.26061 28200 4 48 3 C1 
5647 24069.2066 32100 2 49 3 B1 
5648 24071.1066 26400 3 49 1 C2 
5649 24071.59702 26400 2 50 4 B2 
5650 24071.65928 30300 0 49 1 B1 
5651 24073.46278 29400 1 50 1 A1 
5652 24074.50199 30300 1 49 1 B1 
5653 24076.5724 26400 4 49 1 C2 
5654 24077.89061 35100 2 49 3 B1 
5655 24080.87574 27000 5 48 5 C1 
5656 24081.77318 30900 5 49 2 C2 
5657 24083.01157 30000 3 49 2 D1 
5658 24084.05869 30600 0 50 2 B2 
5659 24087.87333 26700 0 50 1 B1 
5660 24090.502 30300 1 49 1 B1 
5661 24090.99697 27600 4 49 2 D1 
5662 24091.81784 29700 3 48 3 C1 
5663 24093.16861 31200 2 49 2 B1 
5664 24095.87262 27000 4 48 5 C1 
5665 24097.37535 26400 1 50 4 B2 
5666 24098.22888 28200 5 48 3 C1 
5667 24100.68168 28200 3 48 3 C1 
5668 24101.16861 30300 0 49 1 B1 
5669 24101.49975 30000 5 49 1 D1 
5670 24103.10433 27000 4 48 5 C1 
5671 24105.37536 27000 2 50 3 B2 
5672 24105.56358 28200 5 48 3 C1 
5673 24107.94458 29100 0 50 4 B2 
5674 24108.24363 28200 3 48 3 C1 
5675 24108.51058 29400 3 49 2 C2 
5676 24109.7213 27300 3 49 2 D1 
5677 24111.09106 26400 1 50 4 B2 
5678 24112.1665 30900 4 49 1 D1 
5679 24113.56063 26400 2 50 4 B2 
5680 24113.62971 28200 4 48 3 C1 
5681 24113.77316 30900 4 49 2 C2 
5682 24115.2043 28200 5 49 2 D1 
5683 24115.96846 28500 5 48 4 C1 
5684 24116.22735 26400 0 50 4 B2 
5685 24116.43971 27600 5 49 2 C2 
5686 24116.98332 26700 1 50 5 B1 
5687 24118.72536 26400 1 50 4 B2 
5688 24119.03803 28200 3 48 3 C1 
5689 24119.10139 27600 3 49 2 C2 
5690 24122.26364 27000 2 50 3 B2 
5691 24124.16207 28200 4 48 3 C1 
5692 24124.56235 27900 0 50 1 B2 
5693 24124.57235 30300 4 49 1 C2 
5694 24127.23909 27600 5 49 2 C2 
5695 24127.70869 27000 1 50 3 B2 
5696 24128.516 27000 2 50 2 B1 
5697 24130.27778 27900 2 50 1 B2 
5698 24132.29655 27000 5 48 4 C1 
5699 24132.7537 27600 3 49 1 D1 
5700 24137.41971 29100 0 50 3 B2 
5701 24137.91182 30900 3 49 2 C2 
5702 24140.57232 27600 4 49 2 C2 
5703 24140.80142 26400 1 50 4 B2 
5704 24143.10034 26400 2 50 4 B2 
5705 24143.74897 30900 5 49 2 C2 
5706 24150.72535 27900 0 50 1 B2 
5707 24150.96311 28800 3 48 5 C1 
5708 24153.49517 27000 4 48 4 C1 
5709 24154.31666 27900 0 50 5 B1 
5710 24156.29209 28800 5 48 5 C1 
5711 24158.70869 26400 1 50 4 B2 
5712 24158.82845 28800 3 48 5 C1 
5713 24159.24517 30300 3 49 1 C2 
5714 24161.2786 29100 2 50 4 B2 
5715 24161.62553 27000 4 48 4 C1 
5716 24161.96255 28500 2 50 2 A1 
5717 24164.1648 28800 5 48 5 C1 
5718 24164.57236 27600 4 49 2 C2 
5719 24167.07637 26400 5 49 1 C2 
5720 24167.66666 26700 1 50 5 B1 
5721 24169.62984 27000 3 48 5 C1 
5722 24169.90576 27600 3 49 2 C2 
5723 24172.06244 27000 0 50 3 B2 
5724 24172.18985 28800 4 48 5 C1 
5725 24172.57222 27600 4 49 2 C2 
5726 24174.82853 28800 5 48 5 C1 
5727 24174.89402 27900 1 50 1 B2 
5728 24175.23914 27300 5 49 1 C2 
5729 24176.33028 27600 4 49 2 D1 
5730 24177.91176 27600 3 49 2 C2 
5731 24178.33928 28200 5 49 2 D1 
5732 24178.37531 27000 2 50 3 B2 
5733 24180.46895 27300 4 49 1 C2 
5734 24180.87658 30300 53 50 4 T 
5735 24182.959 28800 3 48 5 C1 
5736 24183.24523 27300 5 49 1 C2 
5737 24183.43174 27000 0 50 3 B2 
5738 24185.48291 30300 53 50 4 T 
5739 24187.98257 27000 1 50 3 B2 
5740 24190.4322 30300 53 49 1 T 
5741 24192.62812 27000 2 50 3 B2 
5742 24193.52321 29700 4 48 2 C1 
5743 24195.26145 26700 0 50 5 B2 
5744 24197.92812 30300 53 49 1 T 
5745 24199.13565 27600 3 49 2 C2 
5746 24201.78941 27900 1 50 1 B2 
5747 24201.91181 30000 4 49 1 C2 
5748 24204.29217 29700 5 48 2 C1 
5749 24204.3144 27900 2 50 1 B2 
5750 24206.89401 27000 0 50 3 B2 
5751 24206.96322 29700 3 48 2 C1 
5752 24207.66666 26700 2 50 5 B1 
5753 24209.52309 29100 4 48 1 C1 
5754 24214.96309 29100 5 48 1 C1 
5755 24217.49521 29100 3 48 1 C1 
5756 24220.04197 27000 1 50 3 B2 
5757 24220.29216 29100 4 48 1 C1 
5758 24222.72535 27000 2 50 3 B2 
5759 24222.81616 30300 53 50 4 T 
5760 24222.8286 29700 5 48 2 C1 
5761 24223.24515 30000 5 49 1 C2 
5762 24224.70109 30300 53 49 1 T 
5763 24225.2522 26400 0 50 4 B2 
5764 24225.77309 30000 3 49 2 C2 
5765 24226.47479 27000 3 48 4 C1 
5766 24228.25673 29100 4 48 1 C1 
5767 24228.57835 30000 4 49 1 C2 
5768 24230.29524 30300 53 49 1 T 
5769 24230.71803 27000 1 50 3 B2 
5770 24230.86947 30300 53 49 1 T 
5771 24231.13564 27300 5 49 1 C2 
5772 24231.83532 27000 0 50 3 B1 
5773 24232.28805 30000 53 49 2 T 
5774 24233.56069 27600 2 50 4 B2 
5775 24233.91189 35100 3 49 2 C2 
5776 24236.2437 29100 5 48 1 C1 
5777 24236.57855 30000 4 49 2 C2 
5778 24237.03364 27600 0 50 4 B2 
5779 24237.93493 30000 53 49 2 T 
5780 24239.13568 30000 5 49 2 C2 
5781 24239.56927 27600 1 50 4 B2 
5782 24242.28269 27600 2 50 4 B2 
5783 24242.70899 30000 53 49 1 T 
5784 24246.64081 29100 0 50 3 B2 
5785 24247.79916 30000 53 49 1 T 
5786 24249.62669 29700 1 50 3 B2 
5787 24255.1356 29400 3 49 1 C2 
5788 24260.43988 30000 4 49 1 C2 
5789 24260.98828 27000 3 48 5 C1 
5790 24262.72534 27000 2 50 3 B2 
5791 24265.52321 30300 5 49 1 C2 
5792 24265.59868 27600 0 50 4 B2 
5793 24268.05136 27000 1 50 3 B2 
5794 24273.56245 30300 53 50 4 T 
5795 24276.05863 35400 2 50 4 B2 
5796 24278.54615 30000 53 49 2 T 
5797 24278.85645 36000 4 48 1 C1 
5798 24279.11052 29400 3 49 1 C2 
5799 24280.66331 29700 0 50 3 B2 
5800 24281.59062 30300 53 49 1 T 
5801 24282.53999 27000 1 50 3 B1 
5802 24282.83623 30300 53 49 1 T 
5803 24284.16191 29700 5 48 2 C1 
5804 24284.43983 30000 4 49 2 C2 
5805 24285.43826 27600 1 50 4 B2 
5806 24286.59141 28200 3 48 3 C1 
5807 24287.23894 29400 5 49 1 C2 
5808 24287.97894 29100 2 50 2 B2 
5809 24289.60029 32400 4 48 5 C1 
5810 24289.74298 27600 3 49 2 C2 
5811 24290.09756 27600 0 50 4 B2 
5812 24292.04168 34200 5 48 1 C1 
5813 24292.07966 30900 4 49 1 C2 
5814 24292.56519 29100 1 50 2 B2 
5815 24294.54161 29700 3 48 2 C1 
5816 24294.65702 29400 5 49 1 C2 
5817 24297.06784 29400 3 49 1 C2 
5818 24298.26369 29400 2 50 5 B2 
5819 24305.59867 26400 0 50 2 B2 
5820 24310.92411 30000 53 49 2 T 
5821 24312.15627 30900 4 49 1 C2 
5822 24317.16252 27000 4 48 4 C1 
5823 24318.89401 29700 1 50 3 B2 
5824 24320.02375 29400 5 49 1 C2 
5825 24321.45405 27900 2 50 1 B2 
5826 24324.35937 30900 0 50 3 B2 
5827 24329.56247 30000 53 49 1 T 
5828 24330.53999 27000 2 50 3 B1 
5829 24332.05869 27600 1 50 4 B2 
5830 24332.20287 30000 53 49 1 T 
5831 24333.48954 30900 3 49 1 C2 
5832 24334.89397 26400 2 50 2 B2 
5833 24335.64999 26400 0 50 2 B1 
5834 24336.02368 29400 4 49 1 C2 
5835 24338.6903 27600 5 49 1 C2 
5836 24340.05869 29100 0 50 2 B2 
5837 24341.48967 27600 3 49 1 C2 
5838 24342.93202 26400 1 50 2 B2 
5839 24344.15619 29400 4 49 1 C2 
5840 24345.21497 27900 2 50 1 B2 
5841 24346.69048 29400 5 49 1 C2 
5842 24348.01295 28500 0 50 3 B2 
5843 24349.49564 27600 3 49 1 C2 
5844 24350.57309 35400 1 50 5 B2 
5845 24352.80862 29100 2 50 2 B2 
5846 24354.69051 27600 4 49 1 C2 
5847 24355.64923 28500 0 50 3 B2 
5848 24358.42761 28500 1 50 3 B2 
5849 24360.9967 31200 2 50 4 B2 
5850 24368.16236 29400 5 49 1 C2 
5851 24371.3186 29400 53 49 2 T 
5852 24375.0622 27600 3 49 2 C2 
5853 24381.48956 27600 4 49 1 C2 
5854 24381.65094 26400 0 50 2 B2 
5855 24381.98526 29400 53 49 1 T 
5856 24383.93388 27000 1 50 3 B2 
5857 24384.65208 27600 53 49 2 T 
5858 24386.73187 30300 2 50 4 B2 
5859 24386.82904 29400 5 49 1 C2 
5860 24388.9804 29100 5 48 1 C1 
5861 24388.98333 27000 1 50 3 B1 
5862 24389.48956 27600 3 49 1 C2 
5863 24389.98525 27600 53 49 1 T 
5864 24391.45789 30300 0 50 4 B2 
5865 24392.15612 27600 4 49 1 C2 
5866 24392.65183 29700 53 50 3 T 
5867 24394.33332 26400 2 50 4 B1 
5868 24397.1382 28500 1 50 2 B2 
5869 24397.9854 31200 53 50 4 T 
5870 24400.16236 27600 5 49 1 C2 
5871 24400.65198 29700 53 50 2 T 
5872 24401.70321 28500 2 50 2 B2 
5873 24402.82912 28800 3 49 2 C2 
5874 24404.33187 30600 0 50 5 B2 
5875 24405.48964 27600 4 49 1 C2 
5876 24405.98515 27000 53 50 3 T 
5877 24406.81346 29400 1 50 5 B2 
5878 24408.05283 28800 5 49 2 C2 
5879 24409.49654 28500 2 50 2 B2 
5880 24411.31839 29400 53 50 5 T 
5881 24412.36986 30600 0 50 5 B2 
5882 24414.83361 28500 1 50 3 B2 
5883 24416.92841 29100 0 50 2 B1 
5884 24418.82298 28800 3 49 2 C2 
5885 24422.7434 30300 53 49 1 T 
5886 24424.0529 27600 4 49 1 C2 
5887 24431.52149 27300 5 49 1 C2 
5888 24432.64999 28200 1 49 2 B1 
5889 24432.65193 31200 53 49 2 T 
5890 24435.12576 28200 2 49 2 B1 
5891 24437.47118 28200 0 49 2 B1 
5892 24437.72139 29700 3 48 3 D1 
5893 24438.99853 28500 2 50 3 B2 
5894 24439.99255 26400 1 50 2 B1 
5895 24440.05285 27600 3 49 1 C2 
5896 24441.7032 30300 0 50 4 B2 
5897 24442.82902 28800 4 49 2 C2 
5898 24443.18328 28200 2 49 2 B1 
5899 24445.49568 28800 5 49 2 C2 
5900 24445.50009 26400 0 50 4 B1 
5901 24445.98534 29400 53 49 1 T 
5902 24447.94358 28200 1 49 2 B1 
5903 24448.27687 28200 4 48 2 D1 
5904 24448.65177 27600 53 50 4 T 
5905 24449.47981 28500 1 50 3 B2 
5906 24450.53994 28200 2 49 2 B1 
5907 24450.75485 28800 3 49 2 C2 
5908 24450.9969 28500 5 48 4 D1 
5909 24451.31866 29400 53 49 2 T 
5910 24452.04904 29100 2 50 2 B2 
5911 24452.80405 28200 53 49 2 T 
5912 24453.0037 28200 0 49 2 B1 
5913 24453.49959 28500 3 48 4 D1 
5914 24455.00867 27900 53 50 5 T 
5915 24455.19551 29400 0 50 1 B2 
5916 24455.7863 29400 4 49 1 C2 
5917 24455.87333 28200 1 49 2 B1 
5918 24456.3881 30300 4 49 1 D1 
5919 24457.76405 28500 1 50 3 B2 
5920 24458.16202 28800 5 49 2 C2 
5921 24458.94375 31200 5 49 2 D1 
5922 24459.22674 28200 3 48 3 C1 
5923 24460.27242 28800 2 50 5 B2 
5924 24460.58635 28800 3 49 2 C2 
5925 24460.80427 29100 53 49 3 T 
5926 24461.66368 28200 3 48 2 D1 
5927 24461.88912 28200 4 48 3 C1 
5928 24461.98523 31500 53 50 5 T 
5929 24462.47797 28500 0 50 2 B2 
5930 24464.16242 28800 4 49 2 C2 
5931 24464.3304 28800 4 49 2 D1 
5932 24464.42548 28200 5 48 3 C1 
5933 24464.65181 28500 53 50 3 T 
5934 24464.82179 28800 1 50 5 B2 
5935 24466.13736 29700 53 48 3 T 
5936 24466.99686 28500 5 48 4 D1 
5937 24467.12026 28200 3 48 3 C1 
5938 24467.31871 28500 53 50 2 T 
5939 24468.01313 28800 2 50 5 B2 
5940 24469.78682 28200 4 48 3 C1 
5941 24469.9853 27900 53 50 1 T 
5942 24470.72482 29100 0 50 4 A1 
5943 24471.47062 29700 53 48 2 T 
5944 24472.27707 28800 3 49 2 D1 
5945 24472.45337 28200 5 48 3 C1 
5946 24474.13731 28500 53 48 4 T 
5947 24474.15347 27900 1 50 1 A1 
5948 24474.8331 27600 4 49 2 D1 
5949 24475.02151 28500 0 50 2 B2 
5950 24475.09224 28800 3 48 5 C1 
5951 24476.80399 27600 53 48 1 T 
5952 24477.49577 28800 5 49 2 C2 
5953 24477.61049 27600 5 49 1 D1 
5954 24477.78676 28200 4 48 3 C1 
5955 24480.55587 28200 5 48 3 C1 
5956 24481.60812 30900 2 50 3 A1 
5957 24481.66221 27600 53 49 1 T 
5958 24483.22677 28200 3 48 3 C1 
5959 24483.30832 28200 2 49 2 B1 
5960 24484.05882 31200 53 49 2 T 
5961 24484.67481 29100 0 50 3 A1 
5962 24485.75883 28200 4 48 3 C1 
5963 24487.60814 28800 1 50 4 A1 
5964 24488.02375 28800 3 49 2 C2 
5965 24490.83307 29700 3 48 2 D1 
5966 24493.20665 28200 0 49 2 B1 
5967 24493.35707 28800 4 49 2 C2 
5968 24493.70484 28500 1 50 3 B2 
5969 24493.74148 30600 2 50 2 A1 
5970 24495.83533 26400 1 50 4 B1 
5971 24496.0528 27300 5 49 2 C2 
5972 24496.35485 28500 2 50 3 B2 
5973 24496.67481 29100 0 50 3 A1 
5974 24498.33327 28200 2 49 2 B1 
5975 24499.24484 29400 0 50 1 B2 
5976 24500.98327 28200 0 49 2 B1 
5977 24501.3862 27300 3 49 2 C2 
5978 24503.09957 29400 53 50 1 T 
5979 24503.65165 30600 1 50 5 A1 
5980 24504.53828 28200 1 49 2 B1 
5981 24505.24318 26700 1 50 1 B2 
5982 24506.69043 28800 4 49 2 C2 
5983 24506.83698 28200 2 49 2 B1 
5984 24506.94352 28200 4 48 3 D1 
5985 24507.05421 29700 2 50 3 A1 
5986 24509.27719 26400 0 50 4 B1 
5987 24509.4998 28200 5 49 2 D1 
5988 24509.70485 27000 2 50 2 B2 
5989 24510.53943 27600 0 50 4 A1 
5990 24511.74226 28200 1 49 2 B1 
5991 24514.94358 28200 3 48 3 D1 
5992 24515.08709 29700 5 48 3 C1 
5993 24516.98327 28200 2 49 2 B1 
5994 24517.35714 27600 5 49 1 C2 
5995 24517.66358 27600 4 48 1 D1 
5996 24520.15618 27600 3 49 1 C2 
5997 24520.38815 28800 5 49 2 D1 
5998 24520.49414 29700 3 48 3 C1 
5999 24520.54018 28500 0 50 2 B2 
6000 24522.94379 28800 3 49 2 D1 
6001 24523.02177 29400 1 50 1 B2 
6002 24525.61043 28800 4 48 5 D1 
6003 24525.88917 28800 4 48 5 C1 
6004 24525.91152 27000 2 50 2 B2 
6005 24528.02788 27300 4 49 2 C2 
6006 24528.37527 29400 0 50 1 B2 
6007 24528.42547 28800 5 48 5 C1 
6008 24531.09239 28800 3 48 5 C1 
6009 24531.24483 27000 1 50 2 B2 
6010 24533.05276 28500 1 50 2 A1 
6011 24533.66364 28800 5 49 1 D1 
6012 24534.59547 26700 2 50 1 B2 
6013 24535.9941 29400 2 50 5 A1 
6014 24536.38817 28800 3 49 1 D1 
6015 24536.48597 28800 4 48 5 C1 
6016 24538.98405 31200 0 50 4 A1 
6017 24541.75887 28800 5 48 5 C1 
6018 24542.22095 28800 1 50 1 A1 
6019 24544.15625 27300 5 49 2 C2 
6020 24544.55582 28800 3 48 5 C1 
6021 24544.55732 31200 0 49 2 B1 
6022 24545.15543 28500 2 50 3 A1 
6023 24546.77239 30900 0 50 3 B2 
6024 24546.8274 26400 1 50 4 B1 
6025 24548.09676 28500 0 50 3 A1 
6026 24549.27186 31200 2 49 2 B1 
6027 24549.35705 27600 3 49 1 C2 
6028 24549.88421 28500 1 50 2 B2 
6029 24551.0381 27900 1 50 5 A1 
6030 24553.98773 28800 2 50 1 A1 
6031 24554.33327 28200 0 49 2 B1 
6032 24554.82292 27300 4 49 2 C2 
6033 24555.20679 27000 2 50 2 B2 
6034 24556.98332 36600 1 49 2 B1 
6035 24557.4741 28500 0 50 3 A1 
6036 24557.68843 27000 0 50 2 B2 
6037 24557.78684 28200 4 48 2 C1 
6038 24560.44784 28500 1 50 2 A1 
6039 24560.64994 31200 2 49 2 B1 
6040 24561.35485 28500 1 50 2 B2 
6041 24562.6904 27600 5 49 1 C2 
6042 24563.12571 26400 0 50 4 B1 
6043 24563.89071 28500 2 50 2 A1 
6044 24565.49563 29400 3 49 2 C2 
6045 24565.6033 28200 1 49 2 B1 
6046 24565.87352 28500 2 50 2 B2 
6047 24567.12877 29100 0 50 4 A1 
6048 24568.01152 35400 2 49 1 B1 
6049 24570.82291 27600 4 49 1 C2 
6050 24570.83308 29100 4 49 3 D1 
6051 24571.22259 28200 5 48 2 C1 
6052 24571.24485 28800 0 50 5 B2 
6053 24573.35692 29400 5 49 2 C2 
6054 24573.63152 28500 1 50 2 B2 
6055 24573.66369 28200 5 49 2 D1 
6056 24573.78669 28200 3 48 2 C1 
6057 24576.3881 29100 3 48 1 D1 
6058 24576.56025 28200 4 48 2 C1 
6059 24579.03818 27000 2 50 2 B2 
6060 24579.22256 28200 5 48 2 C1 
6061 24581.48966 29400 3 49 2 C2 
6062 24581.68818 28500 0 50 2 B2 
6063 24581.7588 28200 3 48 2 C1 
6064 24584.16644 30900 4 49 2 D1 
6065 24585.24313 28500 1 50 2 B2 
6066 24587.22247 29700 4 48 3 C1 
6067 24589.35715 27600 4 49 1 C2 
6068 24589.87351 27000 2 50 2 B2 
6069 24589.89341 28200 5 48 2 C1 
6070 24590.21536 28800 1 50 5 A1 
6071 24592.02377 29400 5 49 2 C2 
6072 24592.27695 31200 5 49 2 D1 
6073 24592.55573 29700 3 48 3 C1 
6074 24595.0215 32400 0 50 1 B2 
6075 24595.59014 30300 2 50 4 A1 
6076 24599.07651 29400 0 50 1 A1 
6077 24599.13853 29400 1 50 5 B2 
6078 24599.64999 26400 0 50 4 B1 
6079 24600.16649 29400 3 49 2 D1 
6080 24600.56009 32400 4 48 5 C1 
6081 24602.05025 29100 1 50 2 A1 
6082 24602.82903 27600 3 49 1 C2 
6083 24603.00747 28200 5 48 3 C1 
6084 24605.47692 30600 2 50 1 A1 
6085 24605.9115 28800 2 50 5 B2 
6086 24607.98544 28800 4 49 2 C2 
6087 24608.51666 30300 1 49 1 B1 
6088 24608.76791 29700 3 48 2 C1 
6089 24608.87948 29100 0 50 2 A1 
6090 24610.83347 32100 2 49 2 B1 
6091 24611.20685 27000 0 50 2 B2 
6092 24613.28963 32100 0 49 3 B1 
6093 24613.91146 28500 1 50 2 B2 
6094 24614.4792 29400 1 50 1 A1 
6095 24615.73937 32100 1 49 3 B1 
6096 24616.15621 27000 5 49 2 C2 
6097 24616.37525 28500 2 50 2 B2 
6098 24618.82291 27000 3 49 2 C2 
6099 24619.30828 30300 2 49 1 B1 
6100 24621.65112 32100 0 49 1 B1 
6101 24622.67985 27900 0 50 1 B2 
6102 24624.05281 28800 4 49 1 C2 
6103 24624.59255 28800 2 50 5 A1 
6104 24626.33332 26400 1 50 4 B1 
6105 24626.82901 29400 5 49 2 C2 
6106 24626.99694 29100 4 49 3 D1 
6107 24627.09221 27600 4 48 1 C1 
6108 24627.24485 28500 1 50 2 B2 
6109 24627.80455 31500 0 50 5 A1 
6110 24628.98327 32100 2 49 1 B1 
6111 24629.89353 34200 5 48 2 C1 
6112 24631.83527 32100 0 49 2 B1 
6113 24632.37152 28500 2 50 2 B2 
6114 24632.45352 29700 3 48 2 C1 
6115 24634.8291 27000 3 49 2 C2 
6116 24634.94367 29100 5 49 3 D1 
6117 24635.2269 27600 4 48 1 C1 
6118 24635.72796 28500 0 50 2 B2 
6119 24637.48947 27000 4 49 2 C2 
6120 24637.89346 28200 5 48 2 C1 
6121 24638.7324 28500 1 50 2 B2 
6122 24640.33032 30300 3 49 1 D1 
6123 24640.45341 27600 3 48 1 C1 
6124 24641.28704 28500 2 50 2 B2 
6125 24643.22238 27600 4 48 1 C1 
6126 24645.48967 27000 5 49 2 C2 
6127 24645.70483 28500 0 50 2 B2 
6128 24648.16646 30900 4 49 1 D1 
6129 24648.54018 28500 1 50 2 B2 
6130 24650.99704 27600 5 49 1 D1 
6131 24651.22676 28200 5 48 2 C1 
6132 24653.67398 29700 3 48 3 C1 
6133 24653.72133 30000 3 49 2 D1 
6134 24656.15632 31200 3 49 2 C2 
6135 24657.91625 29400 2 50 1 B2 
6136 24658.71949 31200 4 49 2 C2 
6137 24659.27889 27600 4 48 1 C1 
6138 24661 26400 1 50 4 B1 
6139 24661.88931 29100 5 48 1 C1 
6140 24663.87327 29100 2 49 3 B1 
6141 24664.35479 27900 0 50 1 B2 
6142 24664.42556 28200 3 48 2 C1 
6143 24667.20499 29100 0 49 3 B1 
6144 24669.38618 29400 5 49 2 C2 
6145 24669.5037 29100 1 49 3 B1 
6146 24669.68817 26700 1 50 1 B2 
6147 24671.78622 27600 3 49 1 C2 
6148 24672.37151 27900 2 50 1 B2 
6149 24672.53181 28800 4 48 5 C1 
6150 24674.21646 28800 4 49 1 C2 
6151 24674.53994 30300 2 49 1 B1 
6152 24675.24485 28500 0 50 2 B2 
6153 24677.87351 28500 1 50 2 B2 
6154 24677.89061 29100 0 49 3 B1 
6155 24680.02368 28800 5 49 2 C2 
6156 24680.17572 26400 1 50 4 B1 
6157 24680.5558 29100 5 48 1 C1 
6158 24681.11202 28800 1 50 4 A1 
6159 24685.87352 27900 2 50 5 B2 
6160 24687.87327 30300 2 49 1 B1 
6161 24688.35511 27900 0 50 1 B2 
6162 24688.45347 29100 3 48 1 C1 
6163 24690.53999 30300 0 49 1 B1 
6164 24693.38617 28800 3 49 1 C2 
6165 24693.54235 28800 4 48 5 D1 
6166 24693.75894 29100 4 48 1 C1 
6167 24694.6798 27900 1 50 5 B2 
6168 24695.78624 27600 4 49 1 C2 
6169 24696.4534 29700 5 48 2 C1 
6170 24697.21543 27900 2 50 5 B2 
6171 24698.81225 28800 3 48 5 C1 
6172 24699.75724 27900 0 50 1 B2 
6173 24700.62039 29700 2 50 2 A1 
6174 24701.49559 28800 5 49 2 C2 
6175 24701.76724 34200 4 48 1 C1 
6176 24702.09158 29400 1 50 1 B2 
6177 24704.0409 28800 3 49 2 C2 
6178 24704.11163 34200 5 48 4 C1 
6179 24704.27699 29400 5 49 1 D1 
6180 24704.63865 27900 2 50 5 B2 
6181 24706.54961 29100 3 48 1 C1 
6182 24706.833 29400 3 49 2 D1 
6183 24708.92632 29700 4 48 2 C1 
6184 24709.66364 30000 4 49 1 D1 
6185 24711.61514 28200 5 49 2 D1 
6186 24712.16244 28800 4 49 1 C2 
6187 24714.502 26400 1 50 4 B1 
6188 24714.69038 28800 5 49 1 C2 
6189 24716.84465 29700 5 48 2 C1 
6190 24719.51561 29700 3 48 2 C1 
6191 24720.37146 30600 0 50 2 B2 
6192 24720.64999 29100 2 49 3 B1 
6193 24721.85435 28800 4 48 5 C1 
6194 24722.69042 28800 3 49 1 C2 
6195 24723.12389 28200 0 49 2 B1 
6196 24723.90985 28800 1 50 5 B2 
6197 24725.1444 29700 5 48 2 C1 
6198 24725.85665 29100 1 49 3 B1 
6199 24726.28994 27900 2 50 1 B2 
6200 24727.55064 28500 3 48 4 C1 
6201 24728.05281 28800 4 49 2 C2 
6202 24728.815 27900 0 50 5 B2 
6203 24730.7195 28800 5 49 2 C2 
6204 24731.99435 29100 2 49 3 B1 
6205 24736.15625 27600 3 49 1 C2 
6206 24739.13703 29100 0 49 3 B1 
6207 24741.91151 27900 1 50 1 B2 
6208 24743.51555 28500 4 48 4 C1 
6209 24744.46102 29100 1 49 3 B1 
6210 24744.57818 28800 2 50 5 B2 
6211 24747.12773 29100 2 49 3 B1 
6212 24747.9288 28800 0 50 5 B2 
6213 24748.71432 28500 5 48 4 C1 
6214 24749.97969 29100 0 49 3 B1 
6215 24750.20139 27900 1 50 5 B2 
6216 24751.07745 29700 3 48 3 C1 
6217 24752.69061 28800 2 50 5 B2 
6218 24754.71943 30900 4 49 2 C2 
6219 24755.07224 29100 3 48 1 D1 
6220 24756.32304 28500 4 48 4 C1 
6221 24757.35704 28800 5 49 2 C2 
6222 24758.82757 28500 5 48 4 C1 
6223 24760.02379 27600 3 49 1 C2 
6224 24760.37151 28800 0 50 5 B2 
6225 24761.24736 28500 3 48 4 C1 
6226 24762.71959 27600 4 49 1 C2 
6227 24763.02152 28800 1 50 5 B2 
6228 24763.6217 29100 4 48 1 C1 
6229 24767.57062 27600 5 49 1 C2 
6230 24768.90132 29100 5 48 1 C1 
6231 24770.71959 28800 3 49 2 C2 
6232 24771.57231 29100 3 48 1 C1 
6233 24773.48954 28800 4 49 2 C2 
6234 24773.91101 29700 4 48 3 C1 
6235 24774.00311 26700 2 50 1 B2 
6236 24776.15628 30900 5 49 2 C2 
6237 24777.48244 29400 4 49 1 D1 
6238 24777.75708 30600 53 50 2 T 
6239 24779.55599 29100 5 48 1 C1 
6240 24780.62585 29100 0 50 3 B2 
6241 24781.87619 29100 3 48 1 C1 
6242 24782.67064 29100 1 50 3 B2 
6243 24784.02372 30900 3 49 2 C2 
6244 24784.79781 30600 53 50 2 T 
6245 24786.69037 30900 4 49 2 C2 
6246 24787.12773 26400 1 50 3 B1 
6247 24787.32243 27900 2 50 5 B2 
6248 24789.43229 30600 53 50 5 T 
6249 24789.81102 29100 2 49 3 B1 
6250 24791.66122 28800 0 50 1 B2 
6251 24794.25436 30600 53 50 5 T 
6252 24794.82898 29400 5 49 1 C2 
6253 24797.49609 28500 4 48 4 C1 
6254 24797.68817 30600 1 50 2 B2 
6255 24800.18944 30600 53 50 1 T 
6256 24800.26524 28500 5 48 4 C1 
6257 24802.74461 29700 2 50 3 B2 
6258 24804.79578 30600 53 50 1 T 
6259 24807.14612 28200 3 48 2 C1 
6260 24808.15621 28800 3 49 2 C2 
6261 24808.37961 29700 0 50 3 B2 
6262 24808.47769 29100 0 49 3 B1 
6263 24810.82298 29400 4 49 1 C2 
6264 24810.859 33600 53 50 2 T 
6265 24811.1444 29100 1 49 3 B1 
6266 24813.08421 29100 1 50 3 B2 
6267 24813.46817 28500 4 48 4 C1 
6268 24814.01769 29100 2 49 3 B1 
6269 24815.56338 33600 53 50 2 T 
6270 24816.26532 28500 5 48 4 C1 
6271 24817.59088 30900 53 49 2 T 
6272 24817.79095 29700 2 50 3 B2 
6273 24818.69031 29400 5 49 1 C2 
6274 24818.936 28500 3 48 4 C1 
6275 24819.92156 30900 53 50 3 T 
6276 24820.58664 30600 53 50 2 T 
6277 24821.60277 28500 4 48 4 C1 
6278 24822.47079 29700 0 50 3 B2 
6279 24823.28482 30900 53 49 1 T 
6280 24824.01865 29400 3 49 1 C2 
6281 24824.46107 26400 0 50 3 B1 
6282 24824.59796 30900 53 50 3 T 
6283 24825.39995 28500 5 48 4 C1 
6284 24827.09037 28500 3 48 4 C1 
6285 24828.25729 30600 53 50 1 T 
6286 24829.10138 30900 53 49 1 T 
6287 24830.84637 28500 4 48 4 C1 
6288 24832.2184 28800 4 49 1 C2 
6289 24832.35484 28800 1 50 1 B2 
6290 24832.74714 28500 5 48 4 C1 
6291 24834.64239 30900 53 49 2 T 
6292 24835.14073 27600 5 49 1 C2 
6293 24835.24484 29100 2 50 3 B2 
6294 24836.20283 30900 53 50 3 T 
6295 24837.45551 38100 3 49 1 C2 
6296 24837.54346 27900 0 50 5 B2 
6297 24837.59919 30900 53 49 2 T 
6298 24840.15618 29400 4 49 1 C2 
6299 24840.47773 28800 1 50 4 B1 
6300 24842.90633 30300 2 49 1 B1 
6301 24845.91146 28800 1 50 1 B2 
6302 24848.15625 29400 5 49 1 C2 
6303 24849.3548 27600 2 50 4 B2 
6304 24850.71945 27600 3 49 1 C2 
6305 24852.01345 27600 0 50 4 B2 
6306 24859.03818 27600 1 50 4 B2 
6307 24860.9499 28800 4 49 2 C2 
6308 24864.16237 27600 5 49 1 C2 
6309 24864.37151 29100 2 50 3 B2 
6310 24869.87352 27600 0 50 4 B2 
6311 24872.16245 27600 3 49 1 C2 
6312 24875.24485 27600 1 50 4 B2 
6313 24876.20142 29100 0 49 3 B1 
6314 24877.48968 27600 4 49 1 C2 
6315 24878.67245 30600 53 50 5 T 
6316 24878.86956 30600 53 50 5 T 
6317 24880.21382 34200 3 48 5 C1 
6318 24881.3558 30900 53 49 1 T 
6319 24882.82282 27600 5 49 1 C2 
6320 24883.80994 27600 2 50 4 B2 
6321 24885.38616 30000 3 49 2 C2 
6322 24885.46821 34200 4 48 3 C1 
6323 24886.42563 27600 0 50 4 B2 
6324 24888.47774 29100 1 50 3 B1 
6325 24893.97973 27600 2 50 4 B1 
6326 24894.00742 27900 1 50 1 B2 
6327 24896.05283 30000 4 49 2 C2 
6328 24897.52047 28800 2 50 1 B2 
6329 24898.82298 30000 5 49 2 C2 
6330 24898.93191 31800 5 48 4 C1 
6331 24899.23515 26400 0 50 3 B1 
6332 24899.9454 28800 0 50 1 B2 
6333 24901.49568 30000 3 49 2 C2 
6334 24903.99324 28500 3 48 4 C1 
6335 24905.26218 28800 1 50 4 B2 
6336 24906.82905 27600 4 49 1 C2 
6337 24909.68812 29400 2 50 5 B2 
6338 24913.34647 28800 0 50 4 B2 
6339 24914.71951 30000 5 49 2 C2 
6340 24915.86863 28800 1 50 4 B2 
6341 24917.35702 31200 3 49 2 C2 
6342 24921.65444 29100 1 50 4 B1 
6343 24922.71962 31200 4 49 2 C2 
6344 24927.26555 28500 4 48 4 C1 
6345 24932.19113 30900 53 49 2 T 
6346 24934.34101 29400 2 50 5 B2 
6347 24936.96167 28800 0 50 4 B2 
6348 24939.13459 30600 53 50 2 T 
6349 24941.35707 30300 5 49 1 C2 
6350 24941.73662 29400 1 50 5 B2 
6351 24944.16224 37800 3 49 2 C2 
6352 24944.40328 28800 2 50 4 B2 
6353 24944.6844 29700 2 50 2 B1 
6354 24946.82908 31200 4 49 2 C2 
6355 24948.13211 30600 0 50 2 B2 
6356 24952.02376 30300 5 49 1 C2 
6357 24954.71947 30300 3 49 1 C2 
6358 24955.31307 28800 0 50 5 B1 
6359 24960.16246 30300 4 49 1 C2 
6360 24960.3715 34800 1 50 3 B2 
6361 24963.02151 29400 2 50 5 B2 
6362 24966.57651 28500 0 50 3 B2 
6363 24968.05282 35700 5 49 1 C2 
6364 24970.69037 30300 3 49 1 C2 
6365 24971.9288 28500 1 50 3 B2 
6366 24973.48956 28800 4 49 2 C2 
6367 24974.29554 30300 2 50 4 B2 
6368 24976.85011 29700 0 50 3 B2 
6369 24979.41289 29400 1 50 5 B2 
6370 24981.54128 29400 5 49 1 C2 
6371 24981.78716 28500 2 50 3 B2 
6372 24982.92411 30900 53 49 1 T 
6373 24984.35485 36000 0 50 1 B2 
6374 24984.95467 28500 5 48 4 C1 
6375 24986.69051 28800 3 49 2 C2 
6376 24989.98523 30000 53 49 1 T 
6377 24992.57818 28500 1 50 3 B2 
6378 24992.65202 30000 53 49 2 T 
6379 24994.63463 30600 53 50 1 T 
6380 24995.31872 30300 53 50 4 T 
6381 24996.74265 30300 2 50 4 B2 
6382 24997.98534 28500 53 50 2 T 
6383 24998.94696 37200 0 50 2 B2 
6384 25000.15625 28800 4 49 2 C2 
6385 25000.65196 30300 53 49 1 T 
6386 25001.47331 29100 1 50 3 B2 
6387 25002.7194 28800 5 49 2 C2 
6388 25003.12773 27900 1 50 5 B1 
6389 25003.31858 29400 53 50 1 T 
6390 25003.62428 30900 2 50 3 B2 
6391 25005.38626 28800 3 49 2 C2 
6392 25005.9852 31500 53 50 5 T 
6393 25008.15619 28800 4 49 2 C2 
6394 25008.65166 28500 53 50 3 T 
6395 25013.35707 28800 5 49 2 C2 
6396 25014.68818 27000 0 50 2 B2 
6397 25016.0529 28800 3 49 2 C2 
6398 25019.20684 30300 1 50 4 B2 
6399 25019.35107 28800 2 50 4 B1 
6400 25024.15622 28800 4 49 2 C2 
6401 25024.37151 30900 2 50 3 B2 
6402 25026.69036 28800 5 49 2 C2 
6403 25027.02152 28500 0 50 3 B2 
6404 25028.01602 28200 0 49 2 B1 
6405 25029.59074 28800 1 50 1 B2 
6406 25032.96662 31800 3 48 4 C1 
6407 25035.16215 30900 2 50 3 B2 
6408 25036.1194 28200 1 49 2 B1 
6409 25037.49566 29400 3 49 1 C2 
6410 25037.71847 28500 0 50 3 B2 
6411 25038.55171 28200 2 49 2 B1 
6412 25040.88099 28200 0 49 2 B1 
6413 25042.99698 29700 5 48 3 D1 
6414 25045.72127 29700 3 48 3 D1 
6415 25045.97974 28200 1 49 2 B1 
6416 25047.47092 32100 53 49 2 T 
6417 25048.27695 28800 4 48 5 D1 
6418 25048.64635 28200 2 49 2 B1 
6419 25050.13766 32100 53 49 1 T 
6420 25050.33722 27000 1 50 2 B2 
6421 25050.823 29400 4 49 2 C2 
6422 25050.82954 28200 4 48 2 C1 
6423 25051.12794 28200 0 49 2 B1 
6424 25053.02056 28500 2 50 3 B2 
6425 25053.60285 29700 5 48 2 C1 
6426 25053.66363 31800 5 48 4 D1 
6427 25053.81107 29100 1 50 4 B1 
6428 25055.50031 30900 53 50 3 T 
6429 25056.26508 29700 3 48 2 C1 
6430 25056.38793 28200 3 48 2 D1 
6431 25056.64635 28200 2 49 2 B1 
6432 25057.52798 28500 0 50 3 B2 
6433 25058.13737 28200 53 49 2 T 
6434 25058.7526 29400 5 49 2 C2 
6435 25059.78849 28500 1 50 3 B2 
6436 25060.80407 30300 53 49 1 T 
6437 25061.46821 34200 4 48 1 C1 
6438 25061.72146 32100 4 49 1 D1 
6439 25062.63839 28500 2 50 3 B2 
6440 25064.16274 29700 5 48 2 C1 
6441 25066.13736 28500 53 48 4 T 
6442 25066.82906 29400 3 49 2 C2 
6443 25066.94376 30300 5 49 1 D1 
6444 25068.80405 31800 53 48 4 T 
6445 25069.35713 29400 4 49 2 C2 
6446 25069.65022 31500 0 50 5 A1 
6447 25069.66369 30900 3 49 1 D1 
6448 25069.99556 30600 0 50 1 B2 
6449 25071.47066 28200 53 48 3 T 
6450 25072.10911 29400 5 49 2 C2 
6451 25072.2771 28800 4 49 2 D1 
6452 25072.46107 27900 0 50 5 B1 
6453 25074.13726 28200 53 48 2 T 
6454 25074.56055 28500 1 50 3 B2 
6455 25074.93629 29700 3 48 2 C1 
6456 25076.85917 27600 2 50 4 B2 
6457 25077.35732 29400 3 49 1 C2 
6458 25077.46817 29700 4 48 2 C1 
6459 25077.92589 30600 1 50 5 A1 
6460 25080.38818 30000 5 49 1 D1 
6461 25080.99253 28800 2 50 1 A1 
6462 25082.35388 28500 0 50 3 B2 
6463 25082.82909 35700 4 49 2 C2 
6464 25082.82939 29700 5 48 2 C1 
6465 25083.92586 28500 0 50 3 A1 
6466 25085.59855 29700 3 48 2 C1 
6467 25086.89275 28500 1 50 3 A1 
6468 25087.85589 28500 1 50 3 B2 
6469 25088.13764 29700 4 48 2 C1 
6470 25089.46102 30300 1 49 1 B1 
6471 25090.31942 29100 2 50 3 A1 
6472 25090.35389 30600 2 50 1 B2 
6473 25090.7195 29400 5 49 2 C2 
6474 25093.22717 30600 0 50 5 B2 
6475 25093.60285 29700 5 48 2 C1 
6476 25093.71253 28800 0 50 1 A1 
6477 25093.79439 30300 2 49 1 B1 
6478 25096.64586 29700 1 50 2 A1 
6479 25096.67051 30600 1 50 1 B2 
6480 25097.3684 30300 0 49 1 B1 
6481 25099.58864 29100 2 50 3 A1 
6482 25099.65352 30300 1 49 1 B1 
6483 25099.93501 28800 2 50 4 B2 
6484 25101.49962 29700 3 48 2 D1 
6485 25103.01084 33600 0 50 2 B2 
6486 25104.27705 29100 4 48 1 D1 
6487 25104.6464 29100 2 50 3 B1 
6488 25105.54044 31500 1 50 5 B2 
6489 25106.13759 29100 53 49 3 T 
6490 25106.36168 28800 0 50 4 A1 
6491 25106.99695 28500 5 48 4 D1 
6492 25107.14435 30300 0 49 1 B1 
6493 25109.22723 31500 2 50 5 B2 
6494 25109.33542 29700 1 50 2 A1 
6495 25109.4683 28500 3 48 4 C1 
6496 25109.49964 29700 3 48 2 D1 
6497 25110.01768 30300 1 49 1 B1 
6498 25111.89389 31500 0 50 5 B2 
6499 25112.16249 29400 3 49 2 C2 
6500 25112.27692 28200 4 48 3 D1 
6501 25112.68435 28200 2 49 2 B1 
6502 25115.0547 28500 5 48 4 D1 
6503 25115.35107 30300 0 49 1 B1 
6504 25117.02054 27000 1 50 2 B2 
6505 25117.36114 29400 4 49 1 C2 
6506 25117.49615 28500 4 48 4 C1 
6507 25117.49982 28200 3 49 2 D1 
6508 25122.82906 29400 5 49 1 C2 
6509 25123.05479 29100 4 49 3 D1 
6510 25123.14441 26400 1 50 3 B1 
6511 25124.80403 32100 53 49 3 T 
6512 25125.48948 29400 3 49 2 C2 
6513 25125.6028 28500 5 48 4 C1 
6514 25125.91122 27000 2 50 3 B2 
6515 25128.15633 29400 4 49 1 C2 
6516 25128.26515 28500 3 48 4 C1 
6517 25130.80142 36000 4 48 1 C1 
6518 25130.8231 29400 5 49 2 C2 
6519 25131.05483 29400 5 49 1 D1 
6520 25133.00388 27000 0 50 2 B2 
6521 25133.5985 28500 5 48 4 C1 
6522 25133.61031 29400 3 49 1 D1 
6523 25133.81499 29100 2 50 4 A1 
6524 25136.0529 29400 3 49 1 C2 
6525 25136.16659 28800 4 49 2 D1 
6526 25138.56056 30600 1 50 5 B2 
6527 25138.82904 29400 4 49 2 C2 
6528 25139.05483 29400 5 49 2 D1 
6529 25139.76814 29400 0 50 1 A1 
6530 25141.49627 28500 3 48 4 C1 
6531 25142.70947 30600 1 50 2 A1 
6532 25143.85589 27000 2 50 3 B2 
6533 25144.02373 28800 5 49 1 C2 
6534 25144.13485 28200 4 48 2 C1 
6535 25145.64965 28500 2 50 2 A1 
6536 25147.32884 27000 0 50 3 B2 
6537 25147.9944 29100 2 49 3 B1 
6538 25148.58299 29400 0 50 1 A1 
6539 25150.2778 29100 0 49 3 B1 
6540 25151.54987 28800 1 50 5 A1 
6541 25151.6705 29100 1 50 2 B2 
6542 25152.13483 28200 5 48 2 C1 
6543 25153.45269 29100 1 49 3 B1 
6544 25154.24302 33600 53 50 2 T 
6545 25154.8295 28200 3 48 2 C1 
6546 25154.94414 29100 2 50 4 A1 
6547 25155.88498 29100 2 49 3 B1 
6548 25156.90333 27000 2 50 3 B2 
6549 25157.88432 31200 0 50 4 A1 
6550 25163.35106 26400 0 50 4 B1 
6551 25163.75214 29400 1 50 1 A1 
6552 25165.00389 29100 0 50 2 B2 
6553 25166.72587 28500 2 50 2 A1 
6554 25167.67055 29100 1 50 2 B2 
6555 25168.05298 28800 3 49 1 C2 
6556 25168.38794 29100 3 48 1 D1 
6557 25168.46107 32100 1 49 2 B1 
6558 25170.52254 31200 2 50 4 B2 
6559 25171.12768 32100 2 49 2 B1 
6560 25171.22224 28800 0 50 5 A1 
6561 25173.35711 30000 4 49 1 C2 
6562 25173.49607 28200 4 48 3 C1 
6563 25173.79435 32100 0 49 2 B1 
6564 25176.64636 29100 1 49 3 B1 
6565 25178.93183 31800 5 48 4 C1 
6566 25179.22556 29400 0 50 1 B2 
6567 25181.35711 29400 5 49 2 C2 
6568 25181.46827 28200 3 48 3 C1 
6569 25181.66364 29100 4 49 3 D1 
6570 25184.08813 30000 3 49 1 C2 
6571 25184.38798 28800 5 49 2 D1 
6572 25186.35388 31200 1 50 4 B2 
6573 25186.99702 29400 3 49 2 D1 
6574 25187.31307 26700 2 50 5 B1 
6575 25188.88398 28500 2 50 3 B2 
6576 25189.49582 30000 4 49 1 C2 
6577 25189.49981 30900 4 49 2 D1 
6578 25189.59848 38700 4 48 2 C1 
6579 25192.13503 31800 5 48 4 C1 
6580 25192.16242 28800 5 49 1 C2 
6581 25192.16651 28800 5 49 2 D1 
6582 25194.33722 29100 0 50 2 B2 
6583 25194.82293 30900 3 49 1 C2 
6584 25194.83316 29100 3 49 3 D1 
6585 25194.93613 31800 3 48 4 C1 
6586 25195.76811 29700 1 50 3 A1 
6587 25197.22722 29100 1 50 2 B2 
6588 25197.38617 30000 4 49 1 C2 
6589 25197.49614 28500 4 48 4 C1 
6590 25198.71774 30600 2 50 1 A1 
6591 25199.89389 29700 2 50 2 B2 
6592 25200.02373 29400 5 49 2 C2 
6593 25200.26514 32400 5 48 5 C1 
6594 25202.93611 28200 3 48 3 C1 
6595 25203.24451 29400 0 50 1 B2 
6596 25205.59841 28500 4 48 4 C1 
6597 25205.61125 27000 1 50 3 B2 
6598 25205.63907 29400 0 50 5 A1 
6599 25206.01768 29100 0 49 3 B1 
6600 25209.12544 30900 1 50 3 A1 
6601 25209.36835 29100 1 49 3 B1 
6602 25212.06678 29100 2 50 2 A1 
6603 25213.46824 32400 5 48 5 C1 
6604 25215.04052 29400 0 50 5 A1 
6605 25216.42791 29400 3 49 2 C2 
6606 25218.33723 29700 2 50 2 B2 
6607 25219.31306 29100 2 49 3 B1 
6608 25220.15372 29700 1 50 3 A1 
6609 25221.22722 29400 0 50 1 B2 
6610 25224.47768 29100 0 49 3 B1 
6611 25226.35389 29700 1 50 2 B2 
6612 25229.02055 29700 2 50 2 B2 
6613 25229.35717 36600 4 49 1 C2 
6614 25229.46815 29100 3 48 1 C1 
6615 25230.01769 29100 2 49 3 B1 
6616 25232.26944 29100 4 48 1 C1 
6617 25232.48149 29100 0 49 3 B1 
6618 25232.67056 29100 0 50 4 B2 
6619 25234.83297 28800 4 49 1 D1 
6620 25234.93183 29100 5 48 1 C1 
6621 25235.14435 29100 1 49 3 B1 
6622 25235.22516 27000 1 50 3 B2 
6623 25237.4896 28800 5 49 1 C2 
6624 25237.61037 30300 5 49 1 D1 
6625 25238.01774 28800 2 50 1 B1 
6626 25239.85588 27000 2 50 3 B2 
6627 25239.92458 29400 3 49 2 C2 
6628 25240.16277 29100 3 48 1 C1 
6629 25240.33032 32100 3 49 2 D1 
6630 25242.30294 28800 4 48 5 D1 
6631 25242.93203 29100 4 48 1 C1 
6632 25245.33254 29700 5 48 2 C1 
6633 25245.34146 28800 4 49 1 C2 
6634 25245.65297 28800 5 49 1 D1 
6635 25247.68722 27000 0 50 3 B2 
6636 25248.37286 29400 3 49 2 D1 
6637 25248.60672 29100 3 48 1 C1 
6638 25250.33722 29700 1 50 2 B2 
6639 25250.71962 28800 5 49 1 C2 
6640 25250.95114 28200 4 48 3 C1 
6641 25251.03953 29400 4 49 2 D1 
6642 25252.12773 31200 0 49 2 B1 
6643 25253.00389 29100 2 50 4 B2 
6644 25253.35709 28800 3 49 1 C2 
6645 25253.54711 29100 5 48 1 C1 
6646 25256.05303 30900 4 49 1 C2 
6647 25256.55884 29100 0 50 4 B2 
6648 25258.27284 28200 5 49 2 D1 
6649 25258.82293 28800 5 49 1 C2 
6650 25258.93607 29100 3 48 1 C1 
6651 25261.49567 30900 3 49 2 C2 
6652 25261.79434 32100 1 49 3 B1 
6653 25263.85584 29400 1 50 1 B2 
6654 25266.93191 29100 4 48 1 C1 
6655 25269.02056 29100 2 50 4 B2 
6656 25270.06106 32100 2 49 3 B1 
6657 25272.9678 28500 5 48 4 C1 
6658 25273.32769 32100 0 49 3 B1 
6659 25274.64419 29400 4 49 1 C2 
6660 25277.79435 35100 1 49 3 B1 
6661 25279.85589 29100 0 50 4 B2 
6662 25280.26511 28800 3 48 5 C1 
6663 25280.64641 29100 2 49 3 B1 
6664 25282.33748 28500 1 50 2 B2 
6665 25282.82953 29700 4 48 3 C1 
6666 25283.09722 31200 3 49 2 D1 
6667 25285.97968 29100 0 49 3 B1 
6668 25288.26952 29700 5 48 3 C1 
6669 25288.47773 27900 1 50 1 B1 
6670 25291.03939 30000 4 49 2 D1 
6671 25291.31302 29100 2 49 3 B1 
6672 25292.8902 28800 2 50 4 A1 
6673 25293.22721 29400 2 50 1 B2 
6674 25293.6529 32100 5 49 3 D1 
6675 25295.91702 28200 3 48 2 C1 
6676 25296.15636 30900 5 49 2 C2 
6677 25296.66222 29400 0 50 5 B2 
6678 25298.82289 27600 3 49 2 C2 
6679 25299.18907 30600 1 50 5 B2 
6680 25299.93484 28800 4 48 5 C1 
6681 25301.49572 27600 4 49 2 C2 
6682 25302.17492 29400 2 50 1 B2 
6683 25302.27924 29700 5 48 3 C1 
6684 25304.00803 27600 5 49 2 C2 
6685 25304.6236 28800 3 48 5 C1 
6686 25304.74346 29400 0 50 1 B2 
6687 25307.09727 31200 3 49 2 D1 
6688 25307.12292 28800 4 48 5 C1 
6689 25309.35718 30900 3 49 2 C2 
6690 25309.59085 28800 5 48 5 C1 
6691 25309.65288 29400 4 49 1 D1 
6692 25310.00384 34800 1 50 3 B2 
6693 25312.16237 30900 4 49 1 C2 
6694 25312.31959 29400 5 49 1 D1 
6695 25312.34986 28800 3 48 5 C1 
6696 25314.6905 27600 5 49 2 C2 
6697 25314.88178 28800 4 48 5 C1 
6698 25317.02056 28500 2 50 2 B2 
6699 25317.48956 27600 3 49 2 C2 
6700 25319.06365 28200 5 48 3 C1 
6701 25322.97281 28800 3 48 5 C1 
6702 25325.22717 28500 0 50 2 B2 
6703 25325.68311 28800 4 48 5 C1 
6704 25325.81101 32100 1 49 1 B1 
6705 25328.58368 29100 1 50 2 B2 
6706 25331.35107 31200 2 49 2 B1 
6707 25331.65951 28500 2 50 2 B2 
6708 25336.47769 32100 0 49 1 B1 
6709 25338.35389 28500 0 50 2 B2 
6710 25339.35106 32100 1 49 1 B1 
6711 25342.00112 30000 4 49 1 C2 
6712 25342.01768 31200 2 49 2 B1 
6713 25343.67055 28500 1 50 2 B2 
6714 25344.74802 30900 5 49 2 C2 
6715 25345.82633 29100 0 49 3 B1 
6716 25346.56056 28500 2 50 2 B2 
6717 25346.8818 29700 5 48 3 C1 
6718 25349.22722 28500 0 50 2 B2 
6719 25349.97973 27000 1 50 3 B1 
6720 25351.28671 30300 0 50 4 A1 
6721 25352.57789 29700 1 50 3 B2 
6722 25354.94463 28500 2 50 2 B2 
6723 25355.35102 31200 0 49 2 B1 
6724 25357.38618 28800 3 49 1 C2 
6725 25357.46913 28500 0 50 2 B2 
6726 25357.54845 29700 3 48 3 C1 
6727 25360.16237 28800 4 49 1 C2 
6728 25360.21513 29700 4 48 3 C1 
6729 25362.71952 28800 5 49 1 C2 
6730 25362.90989 29700 5 48 3 C1 
6731 25365.48949 28800 3 49 1 C2 
6732 25368.15633 28800 4 49 1 C2 
6733 25368.66218 29700 1 50 3 B2 
6734 25370.67476 28800 5 49 1 C2 
6735 25371.01644 29700 3 48 3 C1 
6736 25373.00383 28500 2 50 2 B2 
6737 25373.46366 28800 4 48 5 C1 
6738 25375.89389 28500 0 50 2 B2 
6739 25376.15636 28800 3 49 1 C2 
6740 25378.52256 29700 1 50 3 B2 
6741 25378.82903 28800 4 49 1 C2 
6742 25380.63128 34200 53 48 1 T 
6743 25383.08134 34200 53 48 1 T 
6744 25387.95708 34200 53 48 1 T 
6745 25389.54844 29700 5 48 3 C1 
6746 25391.89389 28500 2 50 2 B2 
6747 25392.75299 29100 1 50 2 A1 
6748 25394.34657 28500 0 50 2 B2 
6749 25396.84441 34200 53 48 1 T 
6750 25397.23478 28800 5 49 1 C2 
6751 25399.34406 29400 1 50 5 B2 
6752 25401.79369 31500 53 50 5 T 
6753 25404.04128 29400 2 50 5 B2 
6754 25406.01773 27000 1 50 3 B1 
6755 25406.14985 31500 53 50 5 T 
6756 25406.30385 29100 3 48 1 C1 
6757 25408.05294 28800 3 49 1 C2 
6758 25408.33731 27900 0 50 1 B2 
6759 25410.83912 31500 53 50 5 T 
6760 25413.46193 31500 53 50 5 T 
6761 25413.4958 29400 4 49 1 C2 
6762 25413.97974 27900 2 50 1 B1 
6763 25416.28494 28500 1 50 2 B2 
6764 25418.5611 27900 2 50 1 B2 
6765 25418.82893 29400 5 49 1 C2 
6766 25420.59383 34200 53 48 3 T 
6767 25421.21843 28800 3 49 1 C2 
6768 25422.08807 31200 53 49 2 T 
6769 25422.89128 29400 0 50 1 B2 
6770 25422.92378 31200 53 50 4 T 
6771 25423.51107 29400 4 49 1 C2 
6772 25424.92394 34200 53 48 3 T 
6773 25425.91948 31200 53 49 2 T 
6774 25427.11847 29400 1 50 5 B2 
6775 25427.20845 31200 53 49 2 T 
6776 25428.52581 29400 5 49 1 C2 
6777 25429.08478 31200 53 49 2 T 
6778 25429.74783 29400 2 50 5 B2 
6779 25430.92449 29400 3 49 1 C2 
6780 25432.41449 34200 53 48 4 T 
6781 25434.16384 31500 53 50 5 T 
6782 25435.47494 29400 0 50 1 B2 
6783 25437.60211 34200 53 48 4 T 
6784 25438.10934 29400 4 49 1 C2 
6785 25440.23544 31200 53 50 4 T 
6786 25440.9147 29400 5 49 1 C2 
6787 25443.1729 29100 1 50 4 B2 
6788 25443.47179 29400 3 49 1 C2 
6789 25445.28155 31200 53 50 4 T 
6790 25447.56194 30900 4 49 1 C2 
6791 25447.68723 27900 2 50 1 B2 
6792 25450.33723 27900 0 50 1 B2 
6793 25452.8385 34200 53 48 2 T 
6794 25455.38773 29700 1 50 3 B2 
6795 25457.5149 34200 53 48 2 T 
6796 25460.01456 29400 2 50 1 B2 
6797 25462.46419 31200 53 49 2 T 
6798 25464.68963 31200 53 49 2 T 
6799 25467.35107 27000 0 50 3 B1 
6800 25467.44276 29400 5 49 1 C2 
6801 25469.55708 34200 53 48 5 T 
6802 25469.77219 30900 3 49 2 C2 
6803 25469.80374 27000 1 50 3 B1 
6804 25472.41635 29400 0 50 1 B2 
6805 25472.80512 29400 4 49 1 C2 
6806 25474.546 31200 53 49 2 T 
6807 25476.59082 34200 53 48 5 T 
6808 25479.12172 29400 1 50 5 B2 
6809 25481.34808 31200 53 49 2 T 
6810 25483.47158 29400 2 50 1 B2 
6811 25483.57516 30300 5 49 1 C2 
6812 25485.77394 34200 53 48 5 T 
6813 25486.13833 29400 3 49 1 C2 
6814 25487.8865 28500 0 50 3 B2 
6815 25488.90847 30300 4 49 1 C2 
6816 25490.36594 28500 1 50 3 B2 
6817 25491.44264 30300 5 49 1 C2 
6818 25493.30033 29400 2 50 1 B2 
6819 25494.10932 30300 3 49 1 C2 
6820 25496.91457 29400 4 49 1 C2 
6821 25499.47189 30300 5 49 1 C2 
6822 25505.28605 29400 0 50 1 B2 
6823 25508.12138 29400 1 50 1 B2 
6824 25510.78804 28500 2 50 3 B2 
6825 25517.7944 27000 2 50 3 B1 
6826 25518.24196 29400 3 49 1 C2 
6827 25518.82604 28500 0 50 3 B2 
6828 25521.01256 31200 53 50 4 T 
6829 25523.1444 27600 0 50 4 B1 
6830 25528.77607 29400 4 49 2 C2 
6831 25531.18684 28800 5 49 1 C2 
6832 25531.93604 28500 1 50 3 B2 
6833 25533.63304 29400 3 49 1 C2 
6834 25534.82599 28500 2 50 3 B2 
6835 25536.97291 29700 4 48 3 C1 
6836 25537.27869 29700 0 50 3 B2 
6837 25539.79954 31500 53 50 5 T 
6838 25541.91983 28500 1 50 3 B2 
6839 25544.55952 34200 53 48 2 T 
6840 25544.90847 29400 4 49 1 C2 
6841 25546.61505 28500 2 50 3 B2 
6842 25547.58129 29400 5 49 1 C2 
6843 25548.92006 28800 0 50 4 B2 
6844 25550.19426 29400 3 49 1 C2 
6845 25551.43699 28800 1 50 4 B2 
6846 25553.90382 28800 2 50 4 B2 
6847 25555.44289 29400 4 49 1 C2 
6848 25558.1092 29400 5 49 2 C2 
6849 25560.80505 29400 3 49 2 C2 
6850 25561.49271 28800 0 50 4 B2 
6851 25564.15938 28500 1 50 3 B2 
6852 25566.78805 28500 2 50 3 B2 
6853 25568.91473 29400 4 49 2 C2 
6854 25576.47774 29700 2 50 3 B1 
6855 25579.93603 28500 0 50 3 B2 
6856 25581.19023 29400 5 49 1 C2 
6857 25582.60266 35400 1 50 4 B2 
6858 25584.65199 28800 53 49 2 T 
6859 25587.31863 30900 53 49 2 T 
6860 25587.4718 29400 3 49 2 C2 
6861 25587.72495 29400 2 50 1 B2 
6862 25590.24192 31200 4 49 2 C2 
6863 25590.60219 28800 0 50 1 B2 
6864 25592.65196 30600 53 50 5 T 
6865 25592.73184 31500 53 50 5 T 
6866 25594.7581 28800 1 50 4 B2 
6867 25595.31862 28800 53 49 2 T 
6868 25596.97678 28500 2 50 3 B2 
6869 25599.51034 28500 0 50 3 B2 
6870 25600.65203 31500 53 50 5 T 
6871 25600.77593 31200 5 49 2 C2 
6872 25602.23861 30600 1 50 1 B2 
6873 25603.31861 32400 53 50 1 T 
6874 25603.52568 29400 3 49 2 C2 
6875 25604.38769 34200 53 48 4 T 
6876 25605.98511 28500 53 50 2 T 
6877 25608.80513 29400 4 49 2 C2 
6878 25610.64552 30600 2 50 1 B2 
6879 25611.31861 28800 53 50 1 T 
6880 25611.57505 31200 5 49 2 C2 
6881 25614.12773 29400 3 49 2 C2 
6882 25616.97047 28800 0 50 1 B2 
6883 25624.58624 29700 1 50 3 B2 
6884 25624.8052 31200 4 49 2 C2 
6885 25629.53552 28800 2 50 4 B2 
6886 25630.48605 27600 0 50 4 B1 
6887 25633.34935 32100 1 49 3 B1 
6888 25635.58534 30300 5 49 1 C2 
6889 25635.63235 29400 2 50 5 B1 
6890 25636.28742 30600 53 50 1 T 
6891 25640.20218 30600 0 50 5 B2 
6892 25640.20878 29700 3 48 3 D1 
6893 25640.64634 32100 0 49 3 B1 
6894 25640.91473 29400 3 49 2 C2 
6895 25642.66593 31500 1 50 5 B2 
6896 25643.09725 29700 4 48 2 D1 
6897 25643.12799 32100 1 49 1 B1 
6898 25645.3288 31500 2 50 5 B2 
6899 25645.70603 31800 5 48 4 D1 
6900 25645.79439 32100 2 49 3 B1 
6901 25645.98508 28500 53 50 3 T 
6902 25647.97885 30600 0 50 5 B2 
6903 25648.31959 29700 3 48 3 D1 
6904 25648.46102 32100 0 49 1 B1 
6905 25648.77603 29400 4 49 2 C2 
6906 25650.54877 29400 1 50 1 B2 
6907 25651.31865 29100 53 50 4 T 
6908 25653.77588 28500 2 50 3 B2 
6909 25653.79435 32100 1 49 1 B1 
6910 25653.98516 28800 53 50 5 T 
6911 25655.84776 28800 53 49 1 T 
6912 25656.17588 31500 0 50 5 B2 
6913 25656.20888 32400 4 48 5 D1 
6914 25656.28375 29700 5 48 3 C1 
6915 25657.84362 30900 53 49 1 T 
6916 25658.45368 29100 1 50 4 B2 
6917 25659.47174 29400 5 49 2 C2 
6918 25659.68876 28800 53 50 4 T 
6919 25661.41222 29100 2 50 4 B2 
6920 25662.00343 29100 53 50 2 T 
6921 25663.47092 29100 53 49 3 T 
6922 25664.20895 31200 5 49 2 D1 
6923 25664.34546 29700 3 48 3 C1 
6924 25664.66824 30900 53 50 3 T 
6925 25664.77601 38700 3 49 1 C2 
6926 25665.35578 34200 53 48 3 T 
6927 25666.882 34200 4 48 5 C1 
6928 25667.09731 32100 3 49 1 D1 
6929 25667.44263 35100 4 49 2 C2 
6930 25667.82409 29100 0 50 4 B2 
6931 25668.80401 28500 53 48 4 T 
6932 25669.54241 31200 4 49 2 D1 
6933 25669.67876 28800 5 48 5 C1 
6934 25670.13844 29400 5 49 2 C2 
6935 25670.38702 28500 1 50 3 B2 
6936 25672.2968 29700 3 48 3 C1 
6937 25672.43071 30900 5 49 2 D1 
6938 25672.81489 30300 2 50 4 A1 
6939 25672.91447 29400 3 49 2 C2 
6940 25673.90007 30600 2 50 5 B2 
6941 25674.13727 28800 53 48 5 T 
6942 25675.09735 29400 3 49 1 D1 
6943 25675.5752 29400 4 49 2 C2 
6944 25676.53341 29100 0 50 4 B2 
6945 25676.80399 29100 53 48 1 T 
6946 25677.57645 29700 4 48 3 C1 
6947 25677.65284 28800 4 49 2 D1 
6948 25678.10936 29400 5 49 2 C2 
6949 25678.82258 32400 0 50 1 A1 
6950 25679.47068 32400 53 48 5 T 
6951 25680.9147 29400 3 49 2 C2 
6952 25682.31725 30300 1 50 4 A1 
6953 25683.01208 28800 5 48 5 C1 
6954 25684.03507 36600 2 49 2 B1 
6955 25685.54854 28800 3 48 5 C1 
6956 25688.34544 28800 4 48 5 C1 
6957 25690.90978 28800 5 48 5 C1 
6958 25691.26854 30900 2 50 3 A1 
6959 25691.39434 31200 0 49 2 B1 
6960 25691.47184 30900 4 49 1 C2 
6961 25692.13197 28200 53 49 2 T 
6962 25694.20188 30600 0 50 5 A1 
6963 25694.79435 31200 1 49 2 B1 
6964 25695.37588 28800 1 50 1 B2 
6965 25698.0425 28800 2 50 1 B2 
6966 25700.52413 28800 0 50 1 B2 
6967 25700.66343 31500 1 50 5 A1 
6968 25701.81102 39300 2 49 3 B1 
6969 25703.41387 31500 1 50 5 B2 
6970 25705.87764 28800 2 50 1 B2 
6971 25706.99103 29400 2 50 1 A1 
6972 25707.14435 31200 0 49 2 B1 
6973 25707.57521 30000 5 49 2 C2 
6974 25708.52389 29100 0 50 2 B2 
6975 25709.81107 31200 1 49 2 B1 
6976 25709.93236 29400 0 50 1 A1 
6977 25710.07198 29400 3 49 1 C2 
6978 25712.34983 34200 3 48 4 C1 
6979 25712.43055 29100 5 48 1 D1 
6980 25712.68435 31200 2 49 2 B1 
6981 25714.85722 29100 1 50 2 B2 
6982 25714.8819 31800 4 48 4 C1 
6983 25715.0394 28800 3 48 5 D1 
6984 25715.14815 31200 0 49 2 B1 
6985 25715.31842 30600 53 50 2 T 
6986 25717.11262 29400 1 50 1 A1 
6987 25717.45006 29100 2 50 2 B2 
6988 25718.10934 30000 4 49 2 C2 
6989 25720.34969 34200 5 48 3 C1 
6990 25720.80498 30000 5 49 2 C2 
6991 25723.01229 34200 3 48 2 C1 
6992 25723.03949 29400 4 49 1 D1 
6993 25723.31857 29100 53 50 3 T 
6994 25723.57521 29400 3 49 2 C2 
6995 25725.5423 30300 5 49 1 D1 
6996 25725.68292 31800 4 48 4 C1 
6997 25728.29583 31800 5 48 4 C1 
6998 25728.37284 30300 3 49 1 D1 
6999 25728.91461 30900 4 49 1 C2 
7000 25730.04256 29100 0 50 4 B2 
7001 25730.09541 29400 2 50 5 A1 
7002 25731.57514 29400 5 49 2 C2 
7003 25732.70922 29700 1 50 2 B2 
7004 25733.0623 29400 0 50 5 A1 
7005 25733.57635 31800 3 48 4 C1 
7006 25733.76382 29400 4 49 2 D1 
7007 25734.13853 30000 3 49 2 C2 
7008 25736.20903 29400 5 49 2 D1 
7009 25736.34551 29700 4 48 3 C1 
7010 25736.77599 30000 4 49 2 C2 
7011 25738.64876 29700 1 50 2 A1 
7012 25738.87568 28800 3 49 1 D1 
7013 25739.01631 29700 5 48 3 C1 
7014 25739.9944 29100 1 49 3 B1 
7015 25740.63013 28800 2 50 4 B2 
7016 25742.24196 30000 5 49 2 C2 
7017 25743.6333 29100 0 50 4 B2 
7018 25743.83186 29100 2 50 2 A1 
7019 25744.34971 29700 3 48 3 C1 
7020 25744.47773 28500 2 50 2 B1 
7021 25746.17009 29100 1 50 4 B2 
7022 25746.81066 29100 0 50 4 A1 
7023 25747.35101 29100 0 49 3 B1 
7024 25749.80372 28500 1 50 3 B1 
7025 25750.10941 28800 3 49 2 C2 
7026 25751.19054 28800 2 50 1 B2 
7027 25752.21519 29700 4 48 3 C1 
7028 25753.43227 29700 1 50 2 A1 
7029 25753.45269 29100 2 49 3 B1 
7030 25753.87389 29100 0 50 3 B2 
7031 25756.74717 29700 1 50 2 B2 
7032 25756.82653 28800 2 50 1 A1 
7033 25759.11387 29400 53 50 1 T 
7034 25759.37589 29700 2 50 2 B2 
7035 25760.64635 35400 0 49 1 B1 
7036 25760.91462 28800 4 49 2 C2 
7037 25762.7012 30600 0 50 2 A1 
7038 25763.37242 29400 5 49 2 C2 
7039 25765.51555 29100 0 50 3 B2 
7040 25765.65083 29700 1 50 3 A1 
7041 25765.79435 29100 1 49 3 B1 
7042 25768.23247 29700 5 48 2 C1 
7043 25768.27799 28800 1 50 4 B2 
7044 25771.31307 29100 2 49 3 B1 
7045 25773.62761 29700 3 48 2 C1 
7046 25773.97973 29100 0 49 3 B1 
7047 25776.16654 29700 2 50 3 A1 
7048 25776.39395 32100 1 49 3 B1 
7049 25776.91461 30900 3 49 1 C2 
7050 25777.31747 34200 53 48 1 T 
7051 25779.44683 29100 2 50 3 B2 
7052 25779.57514 28800 4 49 2 C2 
7053 25781.65284 30900 4 49 1 D1 
7054 25782.24187 28800 5 49 2 C2 
7055 25784.24302 29700 4 48 2 C1 
7056 25784.73862 29400 3 49 2 C2 
7057 25786.90969 29700 5 48 2 C1 
7058 25787.10422 28800 4 49 2 C2 
7059 25789.70615 30300 5 49 1 D1 
7060 25789.72412 30900 5 49 1 C2 
7061 25792.08639 30900 3 49 1 C2 
7062 25792.24301 29700 3 48 2 C1 
7063 25792.31955 29100 3 49 3 D1 
7064 25794.08055 29100 0 50 3 B2 
7065 25794.87558 30000 4 49 1 D1 
7066 25794.88177 29700 4 48 2 C1 
7067 25796.01607 30300 2 49 1 B1 
7068 25796.13166 34200 53 48 1 T 
7069 25796.97903 28800 4 49 2 C2 
7070 25797.70619 30000 5 49 1 D1 
7071 25798.70169 30300 0 49 1 B1 
7072 25800.24302 32400 5 48 5 C1 
7073 25800.39558 31200 0 50 4 A1 
7074 25803.01219 32400 3 48 5 C1 
7075 25804.5129 32100 1 49 1 B1 
7076 25804.52388 29100 1 50 2 B2 
7077 25805.68317 34200 4 48 1 C1 
7078 25807.25582 28500 2 50 2 B1 
7079 25808.24304 34200 5 48 1 C1 
7080 25809.75383 28500 0 50 3 B1 
7081 25810.57976 29700 3 48 3 C1 
7082 25812.62711 32100 1 49 2 B1 
7083 25812.70922 31200 2 50 4 B2 
7084 25815.20721 35400 0 50 5 B2 
7085 25817.75378 32100 2 49 2 B1 
7086 25817.85716 29100 1 50 2 B2 
7087 25820.38336 28800 5 49 2 C2 
7088 25820.74722 29100 2 50 2 B2 
7089 25823.29378 29100 0 49 3 B1 
7090 25823.37588 29100 0 50 3 B2 
7091 25826.76455 30300 1 50 4 B2 
7092 25828.62716 32100 1 49 2 B1 
7093 25829.57658 29100 4 48 1 C1 
7094 25831.03922 28800 3 49 2 C2 
7095 25832.00117 29700 5 48 3 C1 
7096 25834.16749 30600 2 50 1 B2 
7097 25836.41222 28500 2 50 3 B1 
7098 25836.4928 28800 4 49 2 C2 
7099 25837.68054 29100 0 50 2 B2 
7100 25840.23417 31200 1 50 4 B2 
7101 25840.43057 30300 3 49 1 D1 
7102 25842.63651 29700 4 48 2 D1 
7103 25842.88181 29100 3 48 1 C1 
7104 25845.54844 29100 4 48 1 C1 
7105 25849.71665 28800 5 49 2 C2 
7106 25851.36844 29400 5 49 1 D1 
7107 25852.48677 28800 3 49 2 C2 
7108 25852.52388 30600 2 50 2 B2 
7109 25853.54844 29700 5 48 2 C1 
7110 25853.98197 29400 3 49 1 D1 
7111 25855.05003 28800 4 49 2 C2 
7112 25855.41389 29100 0 50 3 B2 
7113 25855.93711 30300 0 49 1 B1 
7114 25856.64857 30000 4 49 2 D1 
7115 25857.86656 29100 1 50 3 B2 
7116 25858.67951 29100 1 50 2 B1 
7117 25859.01643 29700 3 48 2 C1 
7118 25861.54846 29100 4 48 1 C1 
7119 25863.29382 28800 2 50 5 B1 
7120 25864.24312 29100 5 48 1 C1 
7121 25866.75863 28800 2 50 1 B2 
7122 25868.41643 30000 5 49 1 C2 
7123 25868.58916 28500 0 50 2 B1 
7124 25869.83446 27600 0 50 4 B2 
7125 25871.25578 30300 1 49 1 B1 
7126 25872.37077 27600 1 50 4 B2 
7127 25873.73737 30300 2 49 1 B1 
7128 25876.40378 30300 0 49 1 B1 
7129 25877.05211 29100 2 50 2 B2 
7130 25878.17315 29100 1 50 3 A1 
7131 25879.0871 30300 1 49 1 B1 
7132 25879.52703 27600 0 50 4 B2 
7133 25881.30746 32400 3 48 5 C1 
7134 25882.30785 28800 1 50 5 B2 
7135 25884.49271 30000 3 49 1 C2 
7136 25884.62716 30300 2 49 1 B1 
7137 25885.63952 28800 2 50 5 B2 
7138 25889.82001 38400 4 49 2 C2 
7139 25890.9918 28800 0 50 5 B2 
7140 25893.27738 29100 1 50 3 B2 
7141 25897.64804 31500 2 50 5 A1 
7142 25897.68753 28800 5 49 2 C2 
7143 25899.20462 30000 5 49 2 D1 
7144 25900.38325 30000 3 49 1 C2 
7145 25903.02087 28800 4 49 2 C2 
7146 25905.46373 29100 0 49 3 B1 
7147 25905.7166 30000 5 49 1 C2 
7148 25910.09297 28800 3 49 2 D1 
7149 25911.43452 30600 2 50 2 B2 
7150 25912.75966 29400 4 49 2 D1 
7151 25913.68759 30000 3 49 1 C2 
7152 25914.08452 31200 0 50 4 B2 
7153 25916.76785 28800 1 50 5 B2 
7154 25917.30538 30600 0 50 1 A1 
7155 25919.30095 29700 2 50 2 B2 
7156 25921.07603 29700 4 48 2 C1 
7157 25921.71674 30000 4 49 1 C2 
7158 25922.31322 30300 0 50 4 B2 
7159 25924.48672 36600 5 49 1 C2 
7160 25924.62716 29400 2 50 1 B1 
7161 25925.75118 31500 1 50 5 B2 
7162 25932.76785 27900 2 50 5 B2 
7163 25935.60313 27900 0 50 5 B2 
7164 25937.71653 30000 3 49 1 C2 
7165 25940.49276 38100 4 49 1 C2 
7166 25940.52133 28800 1 50 4 A1 
7167 25940.56443 29100 1 50 4 B2 
7168 25943.88155 27600 2 50 4 B2 
7169 25944.36833 29700 5 48 2 C1 
7170 25946.28155 30300 0 50 4 B2 
7171 25948.62819 31500 1 50 5 B2 
7172 25949.06476 28800 5 49 2 C2 
7173 25951.84658 30000 3 49 1 C2 
7174 25956.35424 30000 4 49 1 C2 
7175 25959.15333 30000 5 49 1 C2 
7176 25960.11397 28800 2 50 5 A1 
7177 25961.7167 30000 3 49 1 C2 
7178 25962.14978 30300 0 49 1 B1 
7179 25962.39939 29700 2 50 2 B2 
7180 25964.35416 30000 4 49 1 C2 
7181 25969.24527 27900 0 50 5 B2 
7182 25970.85235 28800 5 49 2 C2 
7183 25971.91193 31500 1 50 5 B2 
7184 25974.40994 28800 2 50 5 B2 
7185 25975.15353 30000 3 49 1 C2 
7186 25978.0516 30300 0 50 4 B2 
7187 25980.3543 29400 4 49 2 C2 
7188 25980.49766 31800 53 48 4 T 
7189 25982.79511 28800 1 50 5 B2 
7190 25983.15948 30000 5 49 1 C2 
7191 25984.82777 31800 53 48 4 T 
7192 25987.5281 29700 2 50 2 B2 
7193 25988.07894 32100 0 49 2 B1 
7194 25989.64498 32100 5 49 2 D1 
7195 25989.65871 32100 53 49 2 T 
7196 25992.18453 30900 0 50 3 B2 
7197 25993.08695 28800 3 49 2 C2 
7198 25994.81787 30900 1 50 3 B2 
7199 25996.38325 29400 4 49 2 C2 
7200 25996.86904 32100 53 49 2 T 
7201 25999.02072 29400 5 49 2 C2 
7202 25999.36649 30300 2 50 4 B2 
7203 26001.84973 32100 53 49 3 T 
7204 26003.95908 28800 0 50 5 B2 
7205 26006.62574 32100 53 49 3 T 
7206 26007.15949 29400 3 49 2 C2 
7207 26008.70771 30600 1 50 5 B2 
7208 26011.37438 34800 53 50 3 T 
7209 26013.85371 34800 53 50 3 T 
7210 26015.0211 29400 4 49 2 C2 
7211 26017.46664 28800 5 49 2 C2 
7212 26017.59088 32100 53 49 1 T 
7213 26018.79227 34800 53 50 3 T 
7214 26019.97325 29400 3 49 2 C2 
7215 26021.35403 32400 2 50 1 B2 
7216 26022.30902 35100 53 49 1 T 
7217 26022.5161 29400 4 49 2 C2 
7218 26022.86952 32100 53 49 3 T 
7219 26023.88134 34800 53 50 3 T 
7220 26026.68735 30600 0 50 5 B2 
7221 26027.39919 35100 53 49 2 T 
7222 26028.58916 28500 1 50 2 B1 
7223 26030.03802 28800 1 50 1 B2 
7224 26031.00633 30300 2 49 1 B1 
7225 26031.15345 30300 5 49 1 C2 
7226 26032.16862 35100 53 49 3 T 
7227 26032.28805 35100 53 49 2 T 
7228 26033.53626 32100 53 49 2 T 
7229 26034.72379 30600 2 50 2 B2 
7230 26035.24498 32100 3 49 3 D1 
7231 26036.70751 28800 3 49 2 C2 
7232 26036.77496 35100 53 49 3 T 
7233 26039.27241 31500 0 50 5 B2 
7234 26039.75371 29400 4 49 2 C2 
7235 26041.75565 32100 53 49 1 T 
7236 26042.13913 29400 5 49 2 C2 
7237 26043.98096 30600 1 50 5 B2 
7238 26046.08947 32100 53 49 1 T 
7239 26048.27273 30300 2 50 4 B2 
7240 26049.81996 30300 3 49 1 C2 
7241 26050.93939 28800 0 50 5 B2 
7242 26053.57273 30600 1 50 2 B2 
7243 26055.69595 30600 2 50 2 B2 
7244 26057.88121 28800 0 50 1 B2 
7245 26058.91172 30000 4 49 1 C2 
7246 26061.06306 28800 1 50 1 B2 
7247 26064.3531 31500 2 50 5 B2 
7248 26065.8262 30300 5 49 1 C2 
7249 26068.49285 30300 3 49 1 C2 
7250 26070.89579 32100 53 49 3 T 
7251 26071.05003 30300 4 49 1 C2 
7252 26073.33913 35100 53 49 2 T 
7253 26073.71668 30300 5 49 1 C2 
7254 26076.48681 30300 3 49 1 C2 
7255 26080.57387 28800 4 49 2 C2 
7256 26081.33911 31800 53 48 4 T 
7257 26081.96049 28500 1 50 2 B1 
7258 26083.82435 30600 0 50 2 B2 
7259 26086.34849 27900 1 50 5 B2 
7260 26089.72064 30300 2 50 4 B2 
7261 26092.35167 29100 0 50 4 B2 
7262 26095.01833 30600 1 50 2 B2 
7263 26095.0209 30300 5 49 1 C2 
7264 26096.74314 29400 4 49 2 D1 
7265 26097.685 28800 2 50 1 B2 
7266 26097.70469 30300 3 49 1 C2 
7267 26100.07236 29100 0 50 4 B2 
7268 26102.78115 29100 1 50 4 B2 
7269 26103.15336 29400 4 49 2 C2 
7270 26103.25583 28500 2 50 2 B1 
7271 26105.05374 29100 2 50 4 B2 
7272 26105.82606 29400 5 49 2 C2 
7273 26107.49571 30300 0 50 4 B2 
7274 26110.06063 31500 1 50 5 B2 
7275 26115.43053 29100 2 50 4 B2 
7276 26116.3833 29400 3 49 2 C2 
7277 26121.41358 34800 53 50 3 T 
7278 26121.68755 28800 4 49 2 C2 
7279 26126.68911 34800 53 50 3 T 
7280 26127.04998 29400 5 49 2 C2 
7281 26129.68755 28800 3 49 2 C2 
7282 26130.64935 30300 0 50 4 B2 
7283 26134.92411 31800 53 48 4 T 
7284 26135.15961 28800 4 49 2 C2 
7285 26135.81403 29100 1 50 4 B2 
7286 26139.64584 30900 2 50 3 B2 
7287 26140.40382 27900 0 50 1 B1 
7288 26142.78822 29100 0 50 4 B2 
7289 26145.31782 28800 1 50 1 B2 
7290 26149.13069 29100 2 50 4 B2 
7291 26151.02098 29400 5 49 2 C2 
7292 26152.79735 30900 0 50 3 B2 
7293 26153.75199 30900 3 49 2 C2 
7294 26155.36473 29100 1 50 3 B2 
7295 26159.15343 28800 4 49 2 C2 
7296 26159.79735 29100 2 50 3 B2 
7297 26161.71673 30900 5 49 2 C2 
7298 26162.68734 28800 0 50 1 B2 
7299 26164.62716 28500 1 50 2 B1 
7300 26165.06718 30600 1 50 5 B2 
7301 26167.18344 29400 3 49 2 C2 
7302 26167.96582 29100 2 50 3 B2 
7303 26170.36582 30900 0 50 3 B2 
7304 26172.79076 30900 1 50 3 B2 
7305 26175.36328 32100 53 49 2 T 
7306 26177.68753 30900 4 49 2 C2 
7307 26179.31865 29400 53 49 1 T 
7308 26180.48671 29400 5 49 2 C2 
7309 26181.98529 29400 53 49 2 T 
7310 26183.15338 29400 3 49 2 C2 
7311 26184.65198 31200 53 49 2 T 
7312 26188.3542 30900 4 49 2 C2 
7313 26189.98528 29400 53 50 1 T 
7314 26190.68912 35100 53 49 3 T 
7315 26192.65197 29400 53 49 2 T 
7316 26193.71676 29400 5 49 2 C2 
7317 26194.68734 29100 2 50 3 B2 
7318 26197.31603 29100 0 50 3 B2 
7319 26197.98519 29700 53 50 3 T 
7320 26199.98268 29100 1 50 3 B2 
7321 26201.75383 27900 2 50 1 B1 
7322 26201.82016 30900 3 49 2 C2 
7323 26203.31859 31500 53 50 5 T 
7324 26203.45569 29100 2 50 2 B2 
7325 26204.21725 28800 4 49 2 C2 
7326 26205.98501 31200 53 50 4 T 
7327 26207.04993 28800 5 49 2 C2 
7328 26208.65191 29400 53 50 5 T 
7329 26210.64935 29400 0 50 5 B2 
7330 26213.14736 30900 1 50 3 B2 
7331 26217.68745 30900 3 49 1 C2 
7332 26218.46401 29100 2 50 3 B2 
7333 26220.49283 29400 4 49 2 C2 
7334 26221.14735 29400 0 50 5 B2 
7335 26223.02097 28800 5 49 2 C2 
7336 26224.02063 29400 1 50 5 B2 
7337 26226.48444 29100 2 50 2 B2 
7338 26230.13064 29100 0 50 2 B2 
7339 26231.07049 27900 0 50 1 B1 
7340 26234.73716 30300 1 49 1 B1 
7341 26236.49282 39300 3 49 1 C2 
7342 26239.15337 30900 4 49 1 C2 
7343 26239.95878 30300 2 49 1 B1 
7344 26242.25749 30300 0 49 1 B1 
7345 26244.35432 30900 5 49 1 C2 
7346 26245.98174 29700 5 48 3 D1 
7347 26246.85778 32100 53 49 1 T 
7348 26247.01429 29700 53 50 2 T 
7349 26247.1595 30900 3 49 1 C2 
7350 26249.82001 30900 4 49 1 C2 
7351 26249.96045 30300 1 49 1 B1 
7352 26250.68736 29400 1 50 5 B2 
7353 26251.20458 29700 3 48 2 D1 
7354 26252.4242 35100 2 49 3 B1 
7355 26253.14003 29100 2 50 3 B2 
7356 26254.0351 31800 4 48 4 D1 
7357 26255.07049 30300 0 49 1 B1 
7358 26256.34543 29700 3 48 2 C1 
7359 26256.538 32100 5 49 2 D1 
7360 26257.47736 29400 5 49 2 C2 
7361 26257.75383 30300 1 49 1 B1 
7362 26258.13733 34200 53 48 1 T 
7363 26258.46401 29400 0 50 5 B2 
7364 26258.86392 29700 4 48 2 C1 
7365 26259.31529 30300 3 49 1 D1 
7366 26260.80405 31200 53 49 2 T 
7367 26261.35402 29400 1 50 5 B2 
7368 26261.98184 32400 4 48 5 D1 
7369 26263.47099 29100 53 49 3 T 
7370 26263.98269 29100 2 50 2 B2 
7371 26264.34545 29700 5 48 2 C1 
7372 26265.82626 28800 3 49 2 C2 
7373 26266.90984 34200 3 48 3 C1 
7374 26267.37135 28500 0 50 3 B2 
7375 26269.68306 29700 4 48 2 C1 
7376 26269.73098 28800 1 50 1 B2 
7377 26270.03524 29400 5 49 2 D1 
7378 26271.1535 29400 4 49 1 C2 
7379 26272.21532 34200 5 48 1 C1 
7380 26272.53808 30000 3 49 2 D1 
7381 26274.13734 29700 53 48 3 T 
7382 26274.68735 37200 2 50 2 B2 
7383 26275.20477 31200 4 49 2 D1 
7384 26276.38339 30900 5 49 1 C2 
7385 26276.80396 29700 53 48 2 T 
7386 26277.1511 29400 0 50 5 B2 
7387 26277.54854 32400 3 48 5 C1 
7388 26278.09293 30000 5 49 2 D1 
7389 26280.54892 30600 0 50 2 A1 
7390 26281.81998 29400 3 49 1 C2 
7391 26283.0121 32400 4 48 5 C1 
7392 26283.45564 28500 1 50 3 B2 
7393 26283.94203 30600 1 50 2 A1 
7394 26285.57644 32400 5 48 5 C1 
7395 26285.9778 28500 2 50 3 B2 
7396 26286.92513 31500 2 50 5 A1 
7397 26287.08716 27900 2 50 5 B1 
7398 26288.29224 29100 0 50 2 B2 
7399 26288.34544 32400 3 48 5 C1 
7400 26289.82619 29400 4 49 1 C2 
7401 26290.85282 28500 1 50 3 B2 
7402 26291.01201 34200 4 48 1 C1 
7403 26292.38332 28800 5 49 2 C2 
7404 26293.39549 32100 0 49 1 B1 
7405 26293.69025 30600 0 50 5 A1 
7406 26294.97167 29400 53 49 1 T 
7407 26296.07044 32100 1 49 1 B1 
7408 26297.08336 30600 1 50 5 A1 
7409 26300.01785 31500 2 50 5 A1 
7410 26300.48682 29400 3 49 1 C2 
7411 26302.95918 29400 0 50 1 A1 
7412 26303.25583 30300 2 49 1 B1 
7413 26305.92244 30300 0 49 1 B1 
7414 26305.93292 30300 1 50 4 A1 
7415 26306.46403 28500 2 50 3 B2 
7416 26308.40403 32100 1 49 1 B1 
7417 26308.49286 29400 4 49 1 C2 
7418 26309.32718 29400 2 50 1 A1 
7419 26310.09293 31200 3 49 2 D1 
7420 26311.04998 28800 5 49 2 C2 
7421 26311.25577 30300 2 49 1 B1 
7422 26312.26737 29700 0 50 2 A1 
7423 26312.34972 36000 5 48 1 C1 
7424 26313.45003 30900 3 49 2 C2 
7425 26314.00377 32100 0 49 1 B1 
7426 26314.48069 29400 0 50 5 B2 
7427 26315.2007 30300 1 50 4 A1 
7428 26316.44394 32100 1 49 1 B1 
7429 26317.13068 28500 1 50 3 B2 
7430 26317.57647 34200 3 48 2 C1 
7431 26320.02069 28500 2 50 3 B2 
7432 26320.3497 29700 4 48 3 C1 
7433 26320.70184 30300 4 49 1 D1 
7434 26322.48444 29100 0 50 2 B2 
7435 26323.01199 34200 5 48 5 C1 
7436 26323.31527 29400 5 49 1 D1 
7437 26325.13069 28800 1 50 4 B2 
7438 26325.54857 31800 3 48 4 C1 
7439 26326.03524 30000 3 49 1 D1 
7440 26328.34546 31800 4 48 4 C1 
7441 26328.68569 30600 2 50 1 B2 
7442 26329.68754 29400 4 49 1 C2 
7443 26329.96049 28800 2 50 5 B1 
7444 26331.20457 30000 4 49 1 D1 
7445 26332.4929 31200 5 49 2 C2 
7446 26333.31601 29100 0 50 2 B2 
7447 26333.68304 38700 5 48 2 C1 
7448 26334.0352 30300 5 49 1 D1 
7449 26335.11563 32400 2 50 1 A1 
7450 26335.15939 28800 3 49 1 C2 
7451 26336.21519 34200 3 48 4 C1 
7452 26339.01207 29700 4 48 3 C1 
7453 26340.60233 30600 0 50 1 A1 
7454 26341.1473 28800 1 50 4 B2 
7455 26341.67888 29700 5 48 3 C1 
7456 26343.04996 28800 4 49 1 C2 
7457 26344.02068 28800 2 50 4 B2 
7458 26344.34974 29700 3 48 3 C1 
7459 26345.68754 29400 5 49 1 C2 
7460 26346.30363 28800 0 50 1 B2 
7461 26346.72878 32100 0 49 3 B1 
7462 26347.01632 29700 4 48 3 C1 
7463 26349.10161 30600 1 50 1 B2 
7464 26351.11878 30900 1 50 3 A1 
7465 26351.50233 30600 2 50 1 B2 
7466 26354.05896 30900 2 50 3 A1 
7467 26354.64449 31200 1 49 2 B1 
7468 26359.15947 30000 3 49 2 C2 
7469 26359.26099 31200 0 50 4 A1 
7470 26359.36512 32100 2 49 1 B1 
7471 26360.53794 32100 3 49 1 D1 
7472 26361.9605 32100 0 49 3 B1 
7473 26362.74736 30600 1 50 1 A1 
7474 26364.49292 28800 4 49 1 C2 
7475 26364.6271 32100 1 49 3 B1 
7476 26365.69699 29700 2 50 3 A1 
7477 26367.04996 28800 5 49 1 C2 
7478 26367.29377 32100 2 49 3 B1 
7479 26367.81403 28800 0 50 4 B2 
7480 26369.68751 29400 3 49 1 C2 
7481 26369.75754 32100 0 49 3 B1 
7482 26373.14735 28800 1 50 4 B2 
7483 26375.98269 29100 2 50 2 B2 
7484 26378.64934 28800 0 50 4 B2 
7485 26380.35429 31200 4 49 2 C2 
7486 26382.09295 30300 4 49 1 D1 
7487 26383.07049 29700 1 50 3 B1 
7488 26383.79736 28800 1 50 4 B2 
7489 26384.64855 32100 5 49 3 D1 
7490 26385.82011 28800 5 49 1 C2 
7491 26387.31529 30900 3 49 2 D1 
7492 26387.46402 38400 2 50 3 B2 
7493 26388.38338 30000 3 49 2 C2 
7494 26389.57639 31800 5 48 4 C1 
7495 26392.02067 28800 0 50 4 B2 
7496 26394.55053 30300 2 49 1 B1 
7497 26395.36843 30900 4 49 2 D1 
7498 26400.34553 31800 3 48 4 C1 
7499 26403.01647 31800 4 48 4 C1 
7500 26405.13093 28500 1 50 2 B2 
7501 26405.31111 32100 0 49 2 B1 
7502 26407.02102 30000 4 49 2 C2 
7503 26407.79736 28500 2 50 2 B2 
7504 26410.47885 29400 5 49 1 C2 
7505 26410.60383 32100 1 49 2 B1 
7506 26411.35231 34800 0 50 3 B2 
7507 26411.9413 29700 5 48 2 C1 
7508 26412.88723 31200 2 49 2 B1 
7509 26415.05013 31200 3 49 2 C2 
7510 26417.31802 27900 0 50 5 B1 
7511 26417.71661 29400 4 49 1 C2 
7512 26420.40377 31200 1 49 2 B1 
7513 26423.07049 31200 2 49 2 B1 
7514 26423.98268 28500 1 50 2 B2 
7515 26425.73711 31200 0 49 2 B1 
7516 26428.40377 31200 1 49 2 B1 
7517 26428.4867 31200 5 49 2 C2 
7518 26429.31602 29700 2 50 3 B2 
7519 26431.02085 30000 3 49 2 C2 
7520 26431.25578 31200 2 49 2 B1 
7521 26432.02069 28500 0 50 3 B2 
7522 26434.48445 28500 1 50 2 B2 
7523 26441.82616 35700 4 49 2 C2 
7524 26443.20462 30900 5 49 1 D1 
7525 26443.45569 36000 2 50 1 B2 
7526 26444.35424 29400 5 49 1 C2 
7527 26447.15347 30000 3 49 2 C2 
7528 26447.79734 28500 0 50 2 B2 
7529 26451.42628 29400 3 49 2 D1 
7530 26455.0705 28800 1 50 1 B1 
7531 26457.82616 30000 4 49 2 C2 
7532 26459.31511 30900 4 49 1 D1 
7533 26460.48669 29400 5 49 1 C2 
7534 26462.98348 31200 3 49 2 C2 
7535 26465.3492 29400 4 49 1 C2 
7536 26466.6873 29700 1 50 3 B2 
7537 26467.92978 30000 5 49 2 C2 
7538 26471.81402 31200 2 50 4 B2 
7539 26473.75383 32100 2 49 2 B1 
7540 26475.46397 31200 0 50 4 B2 
7541 26479.15951 30000 3 49 2 C2 
7542 26479.70984 29400 0 50 5 A1 
7543 26480.02069 29700 1 50 2 B2 
7544 26481.82004 29400 4 49 1 C2 
7545 26482.68736 29700 2 50 3 B2 
7546 26484.24173 29400 5 49 1 C2 
7547 26484.62711 32100 0 49 2 B1 
7548 26485.35402 29700 0 50 3 B2 
7549 26486.58271 29400 3 49 1 C2 
7550 26487.80668 29700 1 50 3 B2 
7551 26489.75378 32100 1 49 2 B1 
7552 26492.09446 27900 2 50 5 B1 
7553 26492.38334 29400 4 49 1 C2 
7554 26493.13068 30600 2 50 1 B2 
7555 26495.98269 31200 0 50 4 B2 
7556 26499.37135 29400 1 50 1 B2 
7557 26500.48684 29400 5 49 1 C2 
7558 26501.73809 29700 2 50 3 B2 
7559 26503.15957 29400 3 49 1 C2 
7560 26503.25582 29400 0 50 5 B1 
7561 26506.64935 29700 0 50 2 B2 
7562 26508.49285 37800 4 49 2 C2 
7563 26513.07736 32100 1 49 3 B1 
7564 26513.71669 29400 5 49 1 C2 
7565 26519.7973 29700 1 50 2 B2 
7566 26521.81997 29400 3 49 1 C2 
7567 26530.64936 29700 2 50 2 B2 
7568 26535.79735 29700 0 50 2 B2 
7569 26537.71668 29400 4 49 1 C2 
7570 26538.36658 28500 1 50 2 B2 
7571 26540.48668 31200 5 49 2 C2 
7572 26541.51305 29400 2 50 1 B2 
7573 26543.15949 39000 3 49 2 C2 
7574 26544.05049 29400 0 50 1 B2 
7575 26546.59927 29700 1 50 2 B2 
7576 26549.33046 29100 0 50 3 B1 
7577 26549.33472 29400 2 50 1 B2 
7578 26551.15957 31200 4 49 2 C2 
7579 26551.71481 29700 0 50 3 B2 
7580 26553.54907 30000 5 49 2 C2 
7581 26554.24759 32400 1 50 1 B2 
7582 26556.38337 31200 3 49 2 C2 
7583 26556.76582 29700 2 50 2 B2 
7584 26559.33639 29700 0 50 2 B2 
7585 26561.63501 28500 1 50 2 B2 
7586 26564.62716 30300 1 50 4 B1 
7587 26564.66971 29400 2 50 1 B2 
7588 26569.68753 29400 4 49 1 C2 
7589 26569.9225 28800 2 50 4 B1 
7590 26572.38326 31200 5 49 2 C2 
7591 26574.81121 31200 3 49 2 C2 
7592 26575.12966 29400 0 50 1 B2 
7593 26577.75713 32400 53 50 1 T 
7594 26581.77557 28500 1 50 2 B2 
7595 26583.90275 32400 53 50 1 T 
7596 26585.82606 31200 4 49 2 C2 
7597 26586.43365 29400 2 50 1 B2 
7598 26587.40913 29400 5 49 1 D1 
7599 26588.46623 29400 0 50 1 B2 
7600 26588.49288 31200 5 49 2 C2 
7601 26590.96163 35400 53 50 4 T 
7602 26593.29318 35400 53 50 4 T 
7603 26593.82615 35100 3 49 2 C2 
7604 26596.35418 29400 4 49 1 C2 
7605 26598.15708 35400 53 50 5 T 
7606 26599.04999 31200 5 49 2 C2 
7607 26601.96505 32400 1 50 1 B2 
7608 26604.38342 30900 3 49 1 C2 
7609 26604.6697 29400 2 50 1 B2 
7610 26606.72088 35400 53 50 5 T 
7611 26609.25178 33600 0 50 2 B2 
7612 26609.68763 30900 4 49 1 C2 
7613 26611.2845 35400 53 49 1 T 
7614 26612.40382 28500 0 50 3 B1 
7615 26613.53365 28800 1 50 5 B2 
7616 26615.15344 30900 5 49 1 C2 
7617 26615.97956 35400 53 49 1 T 
7618 26617.82001 30900 3 49 1 C2 
7619 26618.21204 29400 2 50 1 B2 
7620 26620.37664 29400 0 50 1 B2 
7621 26622.10846 35700 53 49 2 T 
7622 26623.00997 32400 53 48 5 T 
7623 26625.62935 29400 1 50 1 B2 
7624 26625.9605 28500 1 50 3 B1 
7625 26627.40903 35700 53 49 2 T 
7626 26628.29602 32400 53 48 5 T 
7627 26630.92392 32400 53 50 1 T 
7628 26630.92935 29100 2 50 3 B2 
7629 26631.02085 30900 4 49 1 C2 
7630 26632.49919 35700 53 49 1 T 
7631 26633.59602 28800 0 50 5 B2 
7632 26633.91963 32400 53 48 5 T 
7633 26636.26269 29700 1 50 3 B2 
7634 26637.38804 35700 53 49 1 T 
7635 26638.89602 28800 2 50 5 B2 
7636 26639.05009 30900 5 49 1 C2 
7637 26641.02257 28800 0 50 5 B2 
7638 26641.48406 32100 2 49 2 B1 
7639 26643.31857 29100 1 50 3 B2 
7640 26649.68753 30900 3 49 1 C2 
7641 26652.3832 30900 4 49 1 C2 
7642 26655.04994 30000 5 49 1 C2 
7643 26659.35064 29100 2 50 3 B2 
7644 26660.48673 30900 3 49 1 C2 
7645 26662.01732 28800 0 50 5 B2 
7646 26664.49889 28800 1 50 5 B2 
7647 26665.82018 30900 4 49 2 C2 
7648 26667.18198 38400 2 50 4 B2 
7649 26668.34909 30900 5 49 2 C2 
7650 26668.42049 28500 0 50 3 B1 
7651 26673.00326 28800 0 50 5 B2 
7652 26675.05437 35400 53 49 1 T 
7653 26677.08092 30900 1 50 3 B2 
7654 26681.47733 32400 53 48 5 T 
7655 26681.82001 30900 3 49 2 C2 
7656 26684.49283 30900 4 49 2 C2 
7657 26686.85778 35400 53 50 5 T 
7658 26686.94207 29400 5 49 1 C2 
7659 26689.01257 29100 2 50 3 B2 
7660 26689.68755 30900 3 49 2 C2 
7661 26689.73716 28500 1 50 3 B1 
7662 26691.43493 30900 0 50 3 B2 
7663 26694.30452 28800 1 50 5 B2 
7664 26696.51915 30900 2 50 3 B2 
7665 26703.02075 30900 4 49 2 C2 
7666 26706.05883 35700 5 49 1 C2 
7667 26711.1534 30900 3 49 2 C2 
7668 26712.72198 30600 0 50 5 B2 
7669 26713.68746 30000 4 49 2 C2 
7670 26717.83198 28800 1 50 5 B2 
7671 26719.15961 30000 5 49 1 C2 
7672 26719.25582 29100 2 50 2 B1 
7673 26720.5153 30600 2 50 5 B2 
7674 26721.82616 30900 3 49 2 C2 
7675 26723.38865 28800 0 50 5 B2 
7676 26724.48679 30000 4 49 2 C2 
7677 26725.48041 35700 53 49 2 T 
7678 26728.07025 30600 1 50 5 B2 
7679 26730.63186 29400 2 50 1 B2 
7680 26732.38334 30000 5 49 1 C2 
7681 26733.2145 28800 0 50 5 B2 
7682 26735.37121 29400 1 50 1 B2 
7683 26737.71667 30000 3 49 1 C2 
7684 26742.89579 32400 53 50 1 T 
7685 26743.15349 30000 4 49 1 C2 
7686 26745.82617 30000 5 49 1 C2 
7687 26747.16531 29400 2 50 1 B2 
7688 26749.83192 30600 0 50 5 B2 
7689 26752.68397 30600 1 50 5 B2 
7690 26758.01731 28800 2 50 5 B2 
7691 26761.81998 30000 3 49 1 C2 
7692 26767.15952 30000 4 49 1 C2 
7693 26772.42501 30300 5 49 1 C2 
7694 26773.83198 29400 0 50 1 B2 
7695 26776.39249 29400 1 50 1 B2 
7696 26779.37801 29400 2 50 1 B2 
7697 26780.49295 30300 3 49 1 C2 
7698 26781.79223 29400 0 50 1 B2 
7699 26781.98523 30300 53 49 1 T 
7700 26784.27975 35700 53 49 1 T 
7701 26784.65202 30000 53 49 1 T 
7702 26786.40028 29400 1 50 1 B2 
7703 26787.31864 30000 53 49 2 T 
7704 26788.38332 30000 4 49 1 C2 
7705 26788.89324 29400 2 50 1 B2 
7706 26789.98534 29400 53 50 1 T 
7707 26791.40206 29400 0 50 1 B2 
7708 26793.68757 30000 5 49 2 C2 
7709 26797.98517 31500 53 50 5 T 
7710 26799.85135 29400 1 50 1 B2 
7711 26800.65192 34800 53 50 3 T 
7712 26801.82625 30000 3 49 2 C2 
7713 26802.31506 29400 2 50 1 B2 
7714 26803.31849 30300 53 50 4 T 
7715 26804.35417 30000 4 49 2 C2 
7716 26804.97802 31500 0 50 5 B2 
7717 26805.9854 33600 53 50 2 T 
7718 26807.04993 30000 5 49 2 C2 
7719 26810.51802 29400 1 50 1 B2 
7720 26812.49274 30000 3 49 2 C2 
7721 26812.80097 29400 2 50 1 B2 
7722 26823.07049 29400 0 50 1 B1 
7723 26825.82611 29400 4 49 1 C2 
7724 26826.60378 32100 1 49 2 B1 
7725 26828.28389 30900 5 49 2 C2 
7726 26830.59039 29400 3 49 1 C2 
7727 26831.81335 29400 0 50 1 B2 
7728 26833.71672 29400 4 49 1 C2 
7729 26834.48001 28800 1 50 4 B2 
7730 26836.75274 30900 2 50 3 B2 
7731 26839.62749 28800 0 50 4 B2 
7732 26841.68753 30000 5 49 2 C2 
7733 26842.16379 31500 1 50 5 B2 
7734 26842.62549 31200 2 49 2 B1 
7735 26844.67239 28800 2 50 4 B2 
7736 26845.98173 34200 3 48 1 D1 
7737 26846.76866 35400 53 50 4 T 
7738 26847.25577 32100 0 49 2 B1 
7739 26847.47098 32100 53 49 3 T 
7740 26848.34558 34200 3 48 4 C1 
7741 26849.36924 31500 0 50 5 B2 
7742 26849.82009 30300 3 49 1 C2 
7743 26849.9225 32100 1 49 2 B1 
7744 26851.49842 31500 1 50 5 B2 
7745 26852.38337 30300 4 49 1 C2 
7746 26852.58911 32100 2 49 2 B1 
7747 26853.99779 33600 2 50 2 B2 
7748 26854.03516 31200 4 49 2 D1 
7749 26856.75958 32100 5 49 1 D1 
7750 26857.9605 29700 0 50 2 B1 
7751 26858.13759 30300 53 49 1 T 
7752 26859.36852 31800 3 48 4 D1 
7753 26860.06277 28800 0 50 4 B2 
7754 26860.35421 30300 5 49 1 C2 
7755 26860.41313 32100 1 49 2 B1 
7756 26860.80407 32100 53 49 2 T 
7757 26861.57638 34200 4 48 2 C1 
7758 26862.54441 31500 1 50 5 B2 
7759 26863.29382 32100 2 49 2 B1 
7760 26863.47069 32100 53 49 1 T 
7761 26864.24303 34200 5 48 5 C1 
7762 26864.75955 32400 4 48 5 D1 
7763 26867.01646 34200 3 48 5 C1 
7764 26868.48671 30300 3 49 1 C2 
7765 26869.57631 31800 4 48 4 C1 
7766 26870.09297 31200 5 49 2 D1 
7767 26871.04987 30300 4 49 1 C2 
7768 26871.47064 31800 53 48 4 T 
7769 26872.34984 34200 5 48 4 C1 
7770 26874.90978 31800 3 48 4 C1 
7771 26875.42622 30000 3 49 2 D1 
7772 26875.87749 31500 2 50 5 B2 
7773 26876.38329 29400 5 49 2 C2 
7774 26876.42049 29100 0 50 4 B1 
7775 26876.45497 30300 1 50 4 A1 
7776 26877.68329 31800 4 48 4 C1 
7777 26879.15351 38400 3 49 2 C2 
7778 26879.42871 30600 2 50 1 A1 
7779 26880.21516 31800 5 48 4 C1 
7780 26880.70189 30000 4 49 1 D1 
7781 26882.20249 30300 0 50 4 B2 
7782 26882.83127 30900 0 50 3 A1 
7783 26882.90969 31800 3 48 4 C1 
7784 26884.35421 30300 4 49 1 C2 
7785 26884.72465 30600 1 50 2 B2 
7786 26885.54857 34200 4 48 2 C1 
7787 26886.32593 30600 1 50 5 A1 
7788 26889.81115 31200 2 50 4 A1 
7789 26890.62544 31200 1 49 2 B1 
7790 26892.74564 33600 0 50 2 A1 
7791 26894.76748 31500 2 50 5 B2 
7792 26895.15336 30300 5 49 1 C2 
7793 26897.92244 31200 2 49 2 B1 
7794 26898.09911 30300 0 50 4 B2 
7795 26898.90465 32400 1 50 1 A1 
7796 26900.35427 29400 3 49 2 C2 
7797 26900.48781 30600 1 50 2 B2 
7798 26900.62716 31200 0 49 2 B1 
7799 26902.06719 30600 2 50 1 A1 
7800 26903.04486 30600 2 50 2 B2 
7801 26903.29377 31200 1 49 2 B1 
7802 26905.04093 30600 0 50 2 A1 
7803 26905.96044 31200 2 49 2 B1 
7804 26907.31519 30300 5 49 1 D1 
7805 26908.35428 29400 4 49 2 C2 
7806 26908.41315 31200 0 49 2 B1 
7807 26909.87129 31200 3 49 2 D1 
7808 26911.75426 30600 1 50 2 A1 
7809 26912.07049 31200 1 49 2 B1 
7810 26913.22748 30600 0 50 2 B2 
7811 26913.38102 34200 53 48 1 T 
7812 26915.15682 30900 2 50 3 A1 
7813 26915.3685 30900 4 49 1 D1 
7814 26916.10077 30600 1 50 2 B2 
7815 26916.40383 29400 2 50 1 B1 
7816 26918.76748 29100 2 50 2 B2 
7817 26919.08711 31200 0 49 2 B1 
7818 26920.21521 32400 5 48 5 C1 
7819 26921.23124 30300 0 50 4 B2 
7820 26923.20467 30900 5 49 2 D1 
7821 26923.76441 30900 1 50 3 B2 
7822 26925.54855 34200 3 48 1 C1 
7823 26927.15951 29400 5 49 1 C2 
7824 26928.21512 34200 4 48 3 C1 
7825 26929.82002 29400 3 49 2 C2 
7826 26930.90995 40500 5 48 3 C1 
7827 26931.20455 30900 3 49 1 D1 
7828 26932.24172 38700 4 49 1 C2 
7829 26932.58916 28500 1 50 2 B1 
7830 26933.54845 32400 3 48 5 C1 
7831 26934.58268 29400 5 49 2 C2 
7832 26936.34547 32400 4 48 5 C1 
7833 26937.20356 30000 3 49 1 C2 
7834 26937.72156 29100 2 50 2 B2 
7835 26938.88173 32400 5 48 5 C1 
7836 26940.2133 30300 0 50 4 B2 
7837 26940.35409 30000 4 49 1 C2 
7838 26941.98191 31200 4 49 2 D1 
7839 26942.75236 31500 1 50 5 B2 
7840 26944.24311 34200 3 48 1 C1 
7841 26945.82004 29400 5 49 2 C2 
7842 26946.73711 32100 2 49 1 B1 
7843 26947.01211 34200 4 48 1 C1 
7844 26948.49281 29400 3 49 1 C2 
7845 26950.3761 29400 2 50 1 B2 
7846 26951.08716 32100 0 49 1 B1 
7847 26951.15348 30900 4 49 2 C2 
7848 26953.28833 30300 0 50 4 B2 
7849 26955.73125 31200 0 50 4 A1 
7850 26955.90682 30300 1 50 4 B2 
7851 26958.66458 31500 1 50 5 A1 
7852 26958.76749 29100 2 50 2 B2 
7853 26959.07044 40500 1 49 1 B1 
7854 26961.73716 32100 2 49 1 B1 
7855 26963.88458 31500 2 50 5 A1 
7856 26964.40378 31200 0 49 2 B1 
7857 26966.54415 29100 0 50 4 B2 
7858 26967.3371 32100 1 49 1 B1 
7859 26969.21077 30300 1 50 4 B2 
7860 26969.77728 28500 2 50 2 B1 
7861 26971.36857 32100 5 49 3 D1 
7862 26972.06281 29100 2 50 2 B2 
7863 26974.72949 29400 0 50 5 B2 
7864 26975.15348 29400 5 49 2 C2 
7865 26976.06216 32100 0 49 1 B1 
7866 26978.32973 30000 3 49 2 C2 
7867 26986.09915 30600 1 50 1 B2 
7868 26991.05001 29400 4 49 2 C2 
7869 26993.22749 30300 2 50 4 B2 
7870 26993.81995 39300 5 49 1 C2 
7871 26995.87749 29100 0 50 4 B2 
7872 26998.72949 29400 1 50 5 B2 
7873 26999.05011 30900 3 49 2 C2 
7874 27000.75962 30900 3 49 2 D1 
7875 27001.77243 35700 4 49 2 C2 
7876 27002.33144 32100 1 49 2 B1 
7877 27005.39545 32100 2 49 3 B1 
7878 27009.71668 29400 5 49 2 C2 
7879 27009.75383 35400 0 49 1 B1 
7880 27012.18415 35400 2 50 5 B2 
7881 27012.49288 30300 3 49 1 C2 
7882 27012.6271 32100 1 49 3 B1 
7883 27015.09087 32100 2 49 1 B1 
7884 27015.6972 29400 0 50 5 B2 
7885 27017.92249 32100 0 49 3 B1 
7886 27018.11142 29400 1 50 5 B2 
7887 27020.42044 35100 1 49 3 B1 
7888 27020.64625 29100 2 50 4 B2 
7889 27023.19156 29400 0 50 5 B2 
7890 27023.97783 32100 2 49 3 B1 
7891 27025.69324 29700 1 50 3 B2 
7892 27028.58916 28500 0 50 2 B1 
7893 27028.93883 30600 2 50 1 B2 
7894 27031.02087 30000 4 49 1 C2 
7895 27031.29378 39300 1 49 3 B1 
7896 27031.45976 29100 0 50 4 B2 
7897 27033.68454 30600 1 50 1 B2 
7898 27036.49291 30900 5 49 2 C2 
7899 27041.04937 31800 5 48 4 C1 
7900 27041.71664 30900 3 49 2 C2 
7901 27044.77654 29400 2 50 1 B2 
7902 27047.02088 30000 4 49 1 C2 
7903 27047.85238 30600 0 50 1 B2 
7904 27050.2531 29400 1 50 5 B2 
7905 27051.57667 30300 4 49 1 D1 
7906 27052.3833 30900 5 49 2 C2 
7907 27052.64747 29700 2 50 3 B2 
7908 27055.15935 40500 3 49 1 C2 
7909 27055.61387 28800 0 50 1 B2 
7910 27055.97778 30300 0 49 1 B1 
7911 27057.82609 30300 4 49 1 C2 
7912 27060.57295 29400 5 49 2 C2 
7913 27065.68762 30300 3 49 1 C2 
7914 27065.9225 32100 1 49 3 B1 
7915 27068.38337 30900 4 49 1 C2 
7916 27068.58911 32100 2 49 3 B1 
7917 27070.7992 29700 1 50 3 B2 
7918 27071.25577 32100 0 49 3 B1 
7919 27073.04496 32400 3 48 5 C1 
7920 27073.68755 30900 5 49 2 C2 
7921 27076.13249 29700 2 50 3 B2 
7922 27076.67049 30300 1 49 1 B1 
7923 27078.83719 29700 0 50 3 B2 
7924 27079.93716 30300 2 49 1 B1 
7925 27081.46587 31200 1 50 4 B2 
7926 27082.23716 29400 0 50 5 B1 
7927 27087.52116 28800 2 50 1 B2 
7928 27089.89699 29700 0 50 3 B2 
7929 27092.40378 30300 1 49 1 B1 
7930 27092.46266 29400 1 50 5 B2 
7931 27092.48673 30900 3 49 2 C2 
7932 27094.83649 29700 2 50 3 B2 
7933 27095.05005 36600 4 49 1 C2 
7934 27096.2055 34200 4 48 3 C1 
7935 27097.68751 30900 5 49 1 C2 
7936 27099.13388 30600 0 50 5 A1 
7937 27103.08716 29400 2 50 1 B1 
7938 27105.2808 28800 0 50 1 B2 
7939 27105.82003 30900 3 49 2 C2 
7940 27108.3832 30900 4 49 1 C2 
7941 27111.04994 30900 5 49 1 C2 
7942 27111.60554 29700 1 50 2 B2 
7943 27114.12648 30600 2 50 1 B2 
7944 27116.48682 30900 3 49 1 C2 
7945 27117.69102 29400 0 50 5 B2 
7946 27119.02082 30900 4 49 1 C2 
7947 27120.15163 32100 0 49 1 B1 
7948 27124.98749 35100 5 49 2 C2 
7949 27129.82002 30300 3 49 1 C2 
7950 27131.94719 32400 1 50 1 B2 
7951 27132.35423 31200 4 49 2 C2 
7952 27137.50382 32400 2 50 1 B2 
7953 27138.22139 31500 1 50 5 A1 
7954 27140.17054 34800 0 50 3 B2 
7955 27140.40383 29700 1 50 3 B1 
7956 27142.79743 28500 2 50 2 B1 
7957 27142.79921 31200 1 50 4 B2 
7958 27146.16883 29700 2 50 2 B2 
7959 27146.64111 30000 5 49 1 C2 
7960 27148.54892 29700 0 50 2 B2 
7961 27151.0817 31200 1 50 4 B2 
7962 27156.17054 34800 2 50 3 B2 
7963 27156.49283 35700 3 49 1 C2 
7964 27157.9125 32100 5 49 2 D1 
7965 27159.02091 30900 4 49 1 C2 
7966 27161.82001 31200 5 49 2 C2 
7967 27161.92249 29400 0 50 1 B1 
7968 27164.49284 30300 3 49 1 C2 
7969 27167.02072 31200 4 49 2 C2 
7970 27169.29721 29700 0 50 2 B2 
7971 27169.68747 31200 5 49 2 C2 
7972 27172.13314 30900 3 49 2 C2 
7973 27174.6398 31200 4 49 2 C2 
7974 27177.18264 31200 5 49 2 C2 
7975 27178.18787 30300 1 50 4 B2 
7976 27180.2966 36000 53 48 1 T 
7977 27180.49279 30900 3 49 1 C2 
7978 27182.61387 30300 2 50 4 B2 
7979 27185.09319 36000 53 48 1 T 
7980 27187.95708 36000 53 50 1 T 
7981 27190.77001 29700 0 50 2 B2 
7982 27193.32313 29700 1 50 2 B2 
7983 27193.75383 29400 1 50 1 B1 
7984 27195.79673 36000 53 50 1 T 
7985 27196.48681 30000 4 49 2 C2 
7986 27198.27743 29700 2 50 2 B2 
7987 27200.9441 37200 0 50 2 B2 
7988 27203.01894 35400 1 50 4 B2 
7989 27205.12751 30300 2 50 4 B2 
7990 27207.05 37800 5 49 2 C2 
7991 27208.40603 34800 0 50 3 B2 
7992 27211.95103 30300 1 50 4 B2 
7993 27212.62716 28500 2 50 3 B1 
7994 27220.13254 30300 2 50 4 B2 
7995 27220.48676 31200 3 49 2 C2 
7996 27220.83188 30300 0 49 1 B1 
7997 27223.04999 30900 4 49 1 C2 
7998 27225.2972 29700 0 50 2 B2 
7999 27225.82613 39000 5 49 2 C2 
8000 27228.49281 38100 3 49 1 C2 
8001 27231.15326 30000 4 49 2 C2 
8002 27233.82002 30000 5 49 2 C2 
8003 27235.96387 30600 1 50 5 B2 
8004 27236.38341 30000 3 49 2 C2 
8005 27239.04999 31200 4 49 2 C2 
8006 27239.50221 33600 2 50 2 B2 
8007 27241.88204 29700 0 50 3 B2 
8008 27247.21068 30600 1 50 5 B2 
8009 27247.25583 28500 1 50 3 B1 
8010 27249.74613 30300 2 50 4 B2 
8011 27254.8372 30600 0 50 5 B2 
8012 27257.50388 30600 1 50 5 B2 
8013 27260.13253 30600 2 50 5 B2 
8014 27265.29721 30600 0 50 5 B2 
8015 27265.73716 28500 2 50 3 B1 
8016 27268.35422 31200 5 49 2 C2 
8017 27268.93883 30300 1 50 4 B2 
8018 27271.46567 31200 2 50 4 B2 
8019 27274.45152 36000 0 50 1 B2 
8020 27276.82654 38400 1 50 4 B2 
8021 27277.40615 36600 0 49 2 B1 
8022 27284.19111 36000 53 48 1 T 
8023 27284.3542 31200 3 49 2 C2 
8024 27286.68911 36000 53 50 1 T 
8025 27292.13254 29400 2 50 5 B2 
8026 27292.35422 40200 4 49 2 C2 
8027 27294.40526 32400 0 50 1 B2 
8028 27297.28002 30600 1 50 1 B2 
8029 27299.84016 30600 2 50 5 B2 
8030 27302.79915 31200 0 50 4 B2 
8031 27305.29721 30600 1 50 5 B2 
8032 27313.28054 29400 2 50 5 B2 
8033 27319.08716 28800 2 50 4 B1 
8034 27321.46587 31200 0 50 4 B2 
8035 27324.17053 31200 1 50 4 B2 
8036 27327.52116 33600 2 50 2 B2 
8037 27329.79375 38400 0 50 3 B2 
8038 27332.37916 28800 1 50 1 B2 
8039 27334.94831 29400 2 50 5 B2 
8040 27350.8372 31200 0 50 4 B2 
8041 27351.0705 28800 0 50 4 B1 
8042 27353.50387 30900 1 50 3 B2 
8043 27356.93887 30900 2 50 3 B2 
8044 27359.46103 29400 0 50 5 B2 
8045 27361.76727 30900 1 50 3 B2 
8046 27366.83715 30600 2 50 1 B2 
8047 27369.30095 30600 0 50 1 B2 
8048 27372.17054 30600 1 50 1 B2 
8049 27380.83549 30600 2 50 1 B2 
8050 27384.65194 30900 53 49 1 T 
8051 27385.29721 30900 0 50 3 B2 
8052 27385.92249 30600 1 50 5 B1 
8053 27387.9472 30600 1 50 1 B2 
8054 27389.98518 32400 53 50 1 T 
8055 27390.61386 30600 2 50 1 B2 
8056 27395.3185 34800 53 50 3 T 
8057 27399.68696 30300 0 50 4 B2 
8058 27400.65199 30600 53 50 2 T 
8059 27403.16668 30600 1 50 1 B2 
8060 27403.31841 31500 53 50 5 T 
8061 27405.72452 32400 2 50 1 B2 
8062 27405.9854 30900 53 50 3 T 
8063 27407.08716 31500 2 50 5 B1 
8064 27412.13254 30600 0 50 2 B2 
8065 27413.98522 30600 53 50 1 T 
8066 27414.61408 30600 1 50 2 B2 
8067 27417.50388 30900 2 50 3 B2 
8068 27419.95654 30600 0 50 2 B2 
8069 27427.94721 30600 1 50 2 B2 
8070 27429.27044 32100 0 49 1 B1 
8071 27431.95883 32100 1 49 1 B1 
8072 27433.46586 30600 2 50 2 B2 
8073 27436.62716 28800 2 50 1 B1 
8074 27436.94716 30900 0 50 3 B2 
8075 27437.98175 34200 3 48 5 D1 
8076 27439.00289 30900 53 49 2 T 
8077 27439.15959 30900 5 49 2 C2 
8078 27439.29382 32100 0 49 1 B1 
8079 27441.2972 30900 1 50 3 B2 
8080 27444.49273 30900 3 49 2 C2 
8081 27445.68317 31800 5 48 4 C1 
8082 27447.0871 32100 1 49 1 B1 
8083 27447.15943 30900 4 49 2 C2 
8084 27449.68759 30900 5 49 2 C2 
8085 27449.9605 32100 2 49 1 B1 
8086 27451.42617 34200 4 48 3 D1 
8087 27452.13254 30600 2 50 2 B2 
8088 27452.41313 32100 0 49 1 B1 
8089 27453.87131 32100 5 49 2 D1 
8090 27454.63053 30900 0 50 3 B2 
8091 27455.29377 32100 1 49 1 B1 
8092 27456.34982 31800 3 48 4 C1 
8093 27456.64854 34200 3 48 2 D1 
8094 27457.75753 32100 2 49 1 B1 
8095 27457.82003 30900 3 49 1 C2 
8096 27458.16887 31500 1 50 5 B2 
8097 27458.88184 31800 4 48 4 C1 
8098 27459.42614 32400 4 48 5 D1 
8099 27460.49283 35700 4 49 2 C2 
8100 27460.80398 34200 53 48 1 T 
8101 27463.0854 30900 5 49 1 C2 
8102 27463.47062 32400 53 48 5 T 
8103 27464.21095 31800 5 48 4 C1 
8104 27464.70191 30900 5 49 2 D1 
8105 27465.51052 31200 2 50 4 B2 
8106 27467.31529 32100 3 49 2 D1 
8107 27468.48673 30900 3 49 1 C2 
8108 27468.804 34200 53 48 2 T 
8109 27469.54883 31800 3 48 4 C1 
8110 27469.87123 34200 4 48 1 D1 
8111 27469.99507 33600 2 50 2 A1 
8112 27471.04993 30900 4 49 1 C2 
8113 27471.25583 30600 0 50 1 B1 
8114 27471.47069 34200 53 48 5 T 
8115 27472.29683 31800 4 48 4 C1 
8116 27472.53799 31800 5 48 4 D1 
8117 27472.9688 34800 0 50 3 A1 
8118 27473.29715 29700 0 50 2 B2 
8119 27475.31857 30600 53 50 5 T 
8120 27475.36854 31200 3 49 2 D1 
8121 27475.96387 31500 1 50 5 B2 
8122 27477.67878 38700 5 48 2 C1 
8123 27478.54327 31200 1 50 4 A1 
8124 27478.83721 31500 2 50 5 B2 
8125 27479.95878 31200 1 49 2 B1 
8126 27480.3454 31800 3 48 4 C1 
8127 27480.53808 30900 4 49 1 D1 
8128 27481.28988 30600 0 50 2 B2 
8129 27482.06204 30900 2 50 3 A1 
8130 27482.73716 31200 2 49 2 B1 
8131 27483.01211 34200 4 48 3 C1 
8132 27485.54844 34200 5 48 3 C1 
8133 27489.83793 30000 5 49 2 C2 
8134 27492.18981 31500 0 50 5 A1 
8135 27492.40382 29100 0 50 4 B1 
8136 27494.63054 29700 1 50 2 B2 
8137 27495.13115 32400 1 50 1 A1 
8138 27497.50387 31500 2 50 5 B2 
8139 27497.71654 38700 3 49 1 C2 
8140 27498.07248 31500 2 50 5 A1 
8141 27498.90982 32400 3 48 5 C1 
8142 27500.13253 29700 0 50 2 B2 
8143 27500.40382 31200 1 49 2 B1 
8144 27501.04622 30600 0 50 1 A1 
8145 27503.07049 35100 2 49 3 B1 
8146 27503.60549 32400 1 50 1 B2 
8147 27504.75958 34200 5 48 4 D1 
8148 27505.35937 34200 53 48 3 T 
8149 27505.92244 31200 0 49 2 B1 
8150 27506.12765 32400 2 50 1 B2 
8151 27507.36856 32100 3 49 3 D1 
8152 27508.37053 29700 0 50 2 B2 
8153 27508.40403 32100 1 49 1 B1 
8154 27510.29448 30600 1 50 5 A1 
8155 27511.04992 31200 4 49 2 C2 
8156 27511.08711 32100 2 49 1 B1 
8157 27513.23726 30600 2 50 2 A1 
8158 27513.82012 41100 5 49 2 C2 
8159 27513.92245 35100 0 49 3 B1 
8160 27516.17054 31500 1 50 5 B2 
8161 27517.67887 32400 4 48 5 C1 
8162 27519.01572 35700 3 49 1 C2 
8163 27519.61387 29400 2 50 1 B2 
8164 27520.34968 34200 5 48 1 C1 
8165 27521.9605 28800 1 50 1 B1 
8166 27522.21787 34200 53 48 4 T 
8167 27523.01202 34200 3 48 1 C1 
8168 27523.36839 31800 4 48 4 D1 
8169 27524.38328 30900 4 49 2 C2 
8170 27525.67887 34200 4 48 1 C1 
8171 27526.09294 32100 5 49 3 D1 
8172 27527.05004 35100 5 49 2 C2 
8173 27528.24309 32400 5 48 5 C1 
8174 27529.6875 35100 3 49 1 C2 
8175 27531.0164 34200 3 48 1 C1 
8176 27532.13254 29400 0 50 1 B2 
8177 27532.49279 35100 4 49 2 C2 
8178 27533.68305 34200 4 48 1 C1 
8179 27534.79915 29700 1 50 3 B2 
8180 27537.2808 29400 2 50 1 B2 
8181 27538.90973 34200 5 48 2 C1 
8182 27541.68306 34200 3 48 2 C1 
8183 27544.06216 32100 2 49 2 B1 
8184 27545.29721 31500 0 50 5 B2 
8185 27546.73711 35400 0 49 1 B1 
8186 27547.01218 31800 4 48 4 C1 
8187 27549.68313 34200 5 48 2 C1 
8188 27550.83719 29700 1 50 3 B2 
8189 27553.75382 31200 1 49 2 B1 
8190 27556.13254 29700 2 50 3 B2 
8191 27556.3541 31200 5 49 2 C2 
8192 27558.61412 29400 0 50 1 B2 
8193 27559.08716 31200 2 49 2 B1 
8194 27561.50387 31500 1 50 5 B2 
8195 27562.00377 31200 0 49 2 B1 
8196 27563.31519 31200 3 49 2 D1 
8197 27564.17053 29700 2 50 3 B2 
8198 27567.08711 31200 1 49 2 B1 
8199 27567.15334 31200 3 49 2 C2 
8200 27567.52116 31500 0 50 5 B2 
8201 27569.82625 31200 4 49 2 C2 
8202 27569.92244 31200 2 49 2 B1 
8203 27570.90971 34200 3 48 5 C1 
8204 27572.93887 32400 1 50 1 B2 
8205 27575.0705 29100 0 50 4 B1 
8206 27576.21524 34200 4 48 4 C1 
8207 27577.96045 31200 1 49 2 B1 
8208 27579.01638 34200 5 48 4 C1 
8209 27583.02085 31200 5 49 2 C2 
8210 27584.34989 34200 3 48 5 C1 
8211 27584.53792 31200 4 49 2 D1 
8212 27585.50387 33600 2 50 2 B2 
8213 27585.71661 31200 3 49 2 C2 
8214 27588.38333 31200 4 49 2 C2 
8215 27589.54853 32400 4 48 5 C1 
8216 27591.02096 31200 5 49 2 C2 
8217 27592.24304 36000 5 48 1 C1 
8218 27593.82002 31200 3 49 2 C2 
8219 27594.88465 34200 3 48 4 C1 
8220 27595.96388 32400 0 50 1 B2 
8221 27599.97783 32100 2 49 2 B1 
8222 27600.34976 32400 4 48 5 C1 
8223 27601.28052 40200 1 50 5 B2 
8224 27602.9097 34200 5 48 5 C1 
8225 27604.19785 30600 2 50 2 B2 
8226 27607.67757 35400 0 50 4 B2 
8227 27608.06211 32100 0 49 2 B1 
8228 27609.99951 29400 1 50 1 B2 
8229 27612.58916 29100 1 50 2 B1 
8230 27617.28053 32400 2 50 1 B2 
8231 27617.28678 31800 3 48 4 C1 
8232 27617.92249 32100 2 49 2 B1 
8233 27619.9472 29400 0 50 1 B2 
8234 27620.58917 32100 0 49 2 B1 
8235 27620.98893 30900 4 49 1 C2 
8236 27622.63053 33600 1 50 2 B2 
8237 27623.29378 32100 1 49 2 B1 
8238 27625.29721 30900 2 50 3 B2 
8239 27628.58911 32100 2 49 2 B1 
8240 27628.83549 29400 0 50 1 B2 
8241 27630.09293 32100 5 49 1 D1 
8242 27631.0707 32100 0 49 2 B1 
8243 27631.52121 30900 1 50 3 B2 
8244 27633.75383 29100 1 50 2 B1 
8245 27635.36852 32100 3 49 1 D1 
8246 27640.57604 34200 4 48 3 C1 
8247 27643.94715 35400 2 50 5 B2 
8248 27646.61387 30300 0 50 4 B2 
8249 27648.10752 31200 5 49 2 C2 
8250 27651.39552 31200 4 49 2 D1 
8251 27657.46588 30300 1 50 4 B2 
8252 27659.94746 30900 2 50 3 B2 
8253 27662.83721 30300 0 50 4 B2 
8254 27665.30095 32400 1 50 1 B2 
8255 27666.60383 32100 2 49 3 B1 
8256 27668.90383 29100 0 50 3 B1 
8257 27671.3713 32100 1 49 3 B1 
8258 27673.2972 30900 2 50 3 B2 
8259 27673.82583 32100 2 49 2 B1 
8260 27675.96387 30900 0 50 3 B2 
8261 27676.53894 38400 3 49 2 C2 
8262 27677.31111 32100 0 49 3 B1 
8263 27678.7992 30300 1 50 4 B2 
8264 27679.68695 32100 1 49 3 B1 
8265 27679.73949 31500 0 50 5 A1 
8266 27681.46588 30600 2 50 2 B2 
8267 27682.07014 40800 2 49 2 B1 
8268 27684.62716 32100 0 49 3 B1 
8269 27684.94716 30900 0 50 3 B2 
8270 27689.9225 29100 1 50 3 B1 
8271 27692.42045 32100 2 49 3 B1 
8272 27694.63048 30900 1 50 3 B2 
8273 27696.53586 29700 0 50 2 B1 
8274 27697.2972 30600 2 50 2 B2 
8275 27699.09847 31200 1 50 4 A1 
8276 27700.83554 30600 0 50 2 B2 
8277 27708.17054 30600 1 50 2 B2 
8278 27718.63054 30600 2 50 1 B2 
8279 27726.50056 29400 0 50 1 B2 
8280 27729.55889 34800 1 50 3 B2 
8281 27732.40382 30600 1 50 2 B1 
8282 27734.83721 30600 2 50 1 B2 
8283 27735.07049 32100 2 49 3 B1 
8284 27740.17053 34800 0 50 3 B2 
8285 27743.60549 30600 1 50 2 B2 
8286 27745.73711 32100 0 49 3 B1 
8287 27746.12765 30600 2 50 1 B2 
8288 27747.88518 32400 5 48 5 C1 
8289 27748.49968 33600 0 50 2 B2 
8290 27751.61387 30600 1 50 5 B2 
8291 27756.58912 32100 2 49 3 B1 
8292 27762.60899 32100 0 49 2 B1 
8293 27764.13254 30600 2 50 1 B2 
8294 27766.61413 30600 0 50 1 B2 
8295 27769.46587 30600 1 50 5 B2 
8296 27777.50386 30600 2 50 2 B2 
8297 27779.53658 36600 53 49 2 T 
8298 27783.08134 36600 53 49 2 T 
8299 27787.96388 30600 0 50 1 B2 
8300 27790.43182 33600 53 50 2 T 
8301 27792.98698 30600 1 50 5 B2 
8302 27795.03815 33600 53 50 2 T 
8303 27797.5356 30600 2 50 1 B2 
8304 27800.20227 30600 0 50 5 B2 
8305 27802.28024 30600 1 50 5 B2 
8306 27805.18386 30600 2 50 1 B2 
8307 27807.51733 31200 0 50 4 B2 
8308 27809.73716 30300 2 50 4 B1 
8309 27810.27221 31200 1 50 4 B2 
8310 27814.8372 31200 2 50 4 B2 
8311 27822.10846 36600 53 49 1 T 
8312 27827.40903 36600 53 49 1 T 
8313 27827.96388 31200 0 50 4 B2 
8314 27830.83721 31500 1 50 5 B2 
8315 27835.94719 30600 2 50 5 B2 
8316 27836.2573 33600 53 50 2 T 
8317 27843.9472 31200 0 50 4 B2 
8318 27854.63053 30600 1 50 5 B2 
8319 27857.28048 31500 2 50 5 B2 
8320 27859.9472 31200 0 50 4 B2 
8321 27863.50216 31200 1 50 4 B2 
8322 27865.88225 31500 2 50 5 B2 
8323 27868.85454 31500 0 50 5 B2 
8324 27871.23038 31500 1 50 5 B2 
8325 27873.8029 36600 53 49 2 T 
8326 27878.53713 30900 2 50 3 B2 
8327 27881.52445 33600 53 50 2 T 
8328 27884.74684 32100 1 49 3 B1 
8329 27886.61387 31200 0 50 4 B2 
8330 27889.46588 31500 1 50 5 B2 
8331 27900.62716 31500 2 50 5 B1 
8332 27902.36473 30600 2 50 2 B2 
8333 27905.46602 31500 0 50 5 B2 
8334 27907.96386 31500 1 50 5 B2 
8335 27910.63048 31200 2 50 4 B2 
8336 27913.50388 31500 0 50 5 B2 
8337 27915.96763 31500 1 50 5 B2 
8338 27919.50221 31500 2 50 5 B2 
8339 27921.54586 36600 53 49 1 T 
8340 27924.68288 31200 0 50 4 B2 
8341 27927.21049 30600 1 50 2 B2 
8342 27927.25583 30900 0 50 3 B1 
8343 27942.83721 31500 2 50 5 B2 
8344 27947.96387 31200 0 50 4 B2 
8345 27959.07049 30300 1 50 4 B1 
8346 27964.13253 31200 1 50 4 B2 
8347 27966.7992 31200 2 50 4 B2 
8348 27969.46582 31200 0 50 4 B2 
8349 27972.17053 31200 1 50 4 B2 
8350 27974.62321 36000 2 50 1 B2 
8351 27978.27216 31500 0 50 5 B2 
8352 27979.3186 31200 53 49 2 T 
8353 27980.9472 30600 1 50 2 B2 
8354 27985.50388 31500 2 50 5 B2 
8355 27989.98526 35100 53 49 2 T 
8356 27990.7992 31500 0 50 5 B2 
8357 28003.31859 31200 53 50 4 T 
8358 28004.13254 31500 1 50 5 B2 
8359 28006.41604 30600 2 50 5 B2 
8360 28008.65175 31500 53 50 5 T 
8361 28009.3079 31500 0 50 5 B2 
8362 28011.31874 34800 53 50 3 T 
8363 28017.50387 31500 1 50 5 B2 
8364 28020.17053 31500 2 50 5 B2 
8365 28022.83719 31500 0 50 5 B2 
8366 28025.28987 31500 1 50 5 B2 
8367 28028.17049 31500 2 50 5 B2 
8368 28029.27044 32100 1 49 1 B1 
8369 28031.60554 30600 0 50 5 B2 
8370 28034.19696 30600 1 50 2 B2 
8371 28039.95883 32100 2 49 1 B1 
8372 28040.75951 34200 5 48 3 D1 
8373 28042.33893 32100 0 49 1 B1 
8374 28043.20452 31800 3 48 4 D1 
8375 28044.71264 32100 1 49 1 B1 
8376 28045.54858 32400 3 48 5 C1 
8377 28046.61388 38400 2 50 4 B2 
8378 28047.0208 35700 4 49 1 C2 
8379 28048.64846 34200 4 48 4 D1 
8380 28049.75377 32100 2 49 1 B1 
8381 28049.82616 31200 5 49 2 C2 
8382 28051.20466 31800 5 48 4 D1 
8383 28052.17054 30900 0 50 3 B2 
8384 28052.35415 41400 3 49 1 C2 
8385 28052.62711 32100 0 49 1 B1 
8386 28052.80426 35100 53 49 3 T 
8387 28053.98196 32100 3 49 1 D1 
8388 28054.85326 31200 1 50 4 B2 
8389 28055.1533 31200 4 49 2 C2 
8390 28056.34981 32400 4 48 5 C1 
8391 28056.53789 34200 4 48 2 D1 
8392 28057.7167 31200 5 49 2 C2 
8393 28058.33297 41100 2 50 1 B2 
8394 28059.36853 32400 5 48 5 D1 
8395 28060.35415 41700 3 49 2 C2 
8396 28060.58911 32100 1 49 1 B1 
8397 28063.08711 32100 2 49 1 B1 
8398 28063.15345 38100 4 49 1 C2 
8399 28064.53803 32100 3 49 1 D1 
8400 28065.82615 31200 5 49 2 C2 
8401 28069.5485 40500 5 48 3 C1 
8402 28071.15337 36600 3 49 1 C2 
8403 28072.21548 34200 3 48 5 C1 
8404 28073.29721 30900 0 50 3 B2 
8405 28075.31519 31200 4 49 2 D1 
8406 28075.9472 30600 1 50 2 B2 
8407 28077.67884 36000 4 48 1 C1 
8408 28078.03528 35100 5 49 2 D1 
8409 28078.51711 31500 2 50 5 B2 
8410 28079.47062 34200 53 48 1 T 
8411 28080.24304 34200 5 48 5 C1 
8412 28081.36115 31500 2 50 5 A1 
8413 28081.74423 30600 0 50 2 B2 
8414 28082.88186 34200 3 48 2 C1 
8415 28084.31417 41100 1 50 2 B2 
8416 28085.54846 34200 4 48 2 C1 
8417 28086.86107 30900 2 50 3 B2 
8418 28088.34537 34200 5 48 2 C1 
8419 28089.36359 35400 0 50 4 B2 
8420 28089.5065 33600 0 50 2 A1 
8421 28092.23253 30600 1 50 5 B2 
8422 28092.99287 34800 1 50 3 A1 
8423 28093.40382 31200 2 49 2 B1 
8424 28093.57647 34200 3 48 2 C1 
8425 28094.53124 30900 2 50 3 B2 
8426 28094.73228 31200 53 49 2 T 
8427 28095.93306 31200 2 50 4 A1 
8428 28097.58491 34800 0 50 3 B2 
8429 28099.95164 30600 1 50 5 B2 
8430 28100.49273 40500 4 49 1 C2 
8431 28100.58917 35100 0 49 3 B1 
8432 28102.50622 31500 2 50 5 B2 
8433 28102.83981 32400 0 50 1 A1 
8434 28103.07074 35100 1 49 3 B1 
8435 28103.1533 39000 5 49 2 C2 
8436 28105.73711 35100 2 49 3 B1 
8437 28106.33448 32400 1 50 1 A1 
8438 28107.36847 34200 3 48 1 D1 
8439 28108.48681 40200 3 49 2 C2 
8440 28109.67893 41400 4 48 4 C1 
8441 28111.04993 35100 4 49 2 C2 
8442 28112.7596 35100 4 49 3 D1 
8443 28113.82007 35100 5 49 1 C2 
8444 28113.92244 35400 0 49 1 B1 
8445 28115.42622 32400 5 48 5 D1 
8446 28116.49291 39300 3 49 1 C2 
8447 28118.01091 30600 0 50 1 B2 
8448 28119.15344 35100 4 49 2 C2 
8449 28120.2431 34200 5 48 4 C1 
8450 28121.6876 37800 5 49 2 C2 
8451 28122.69228 31500 1 50 5 B2 
8452 28123.0121 32400 3 48 5 C1 
8453 28123.36853 32100 3 49 3 D1 
8454 28124.49281 35700 3 49 1 C2 
8455 28124.58911 32100 1 49 1 B1 
8456 28125.54454 32400 4 48 5 C1 
8457 28126.91037 30600 2 50 5 B1 
8458 28127.04997 35100 4 49 2 C2 
8459 28128.69423 33600 2 50 2 B2 
8460 28131.01209 34200 5 48 4 C1 
8461 28132.23258 35400 0 50 4 B2 
8462 28133.63157 32400 3 48 5 C1 
8463 28134.61267 30600 1 50 5 B2 
8464 28137.14545 33600 2 50 2 B2 
8465 28138.88198 34200 4 48 4 C1 
8466 28139.66368 30600 0 50 1 B2 
8467 28141.68318 34200 5 48 4 C1 
8468 28145.67753 34800 1 50 3 B2 
8469 28146.72883 32100 2 49 2 B1 
8470 28147.01636 32400 3 48 5 C1 
8471 28149.40378 32100 0 49 2 B1 
8472 28150.02752 33600 2 50 2 B2 
8473 28152.90092 30600 0 50 1 B2 
8474 28155.52958 35400 1 50 5 B2 
8475 28156.42049 32100 1 49 2 B1 
8476 28157.54851 32400 4 48 5 C1 
8477 28164.62716 31200 2 49 2 B1 
8478 28166.02757 41100 2 50 3 B2 
8479 28167.0798 31200 0 49 2 B1 
8480 28168.34982 31800 5 48 4 C1 
8481 28169.82618 35700 5 49 2 C2 
8482 28172.42045 31200 1 49 2 B1 
8483 28173.68304 34200 3 48 1 C1 
8484 28174.02758 32400 0 50 1 B2 
8485 28175.29377 31200 2 49 2 B1 
8486 28176.3497 34200 4 48 1 C1 
8487 28176.53792 32100 4 49 3 D1 
8488 28178.00377 32100 0 49 2 B1 
8489 28179.31522 31200 5 49 2 D1 
8490 28179.52956 32400 1 50 1 B2 
8491 28180.43932 30600 1 50 2 B1 
8492 28181.67876 34200 5 48 1 C1 
8493 28183.07049 30900 2 50 3 B1 
8494 28184.24313 34200 3 48 1 C1 
8495 28185.6692 32400 2 50 1 B2 
8496 28186.8818 34200 4 48 1 C1 
8497 28188.38332 35700 3 49 2 C2 
8498 28189.62924 34200 5 48 1 C1 
8499 28190.19624 34800 0 50 3 B2 
8500 28192.8629 32400 1 50 1 B2 
8501 28194.64449 32100 0 49 3 B1 
8502 28195.01648 34200 3 48 3 C1 
8503 28195.22253 31500 2 50 5 B2 
8504 28197.39545 32100 1 49 3 B1 
8505 28197.57637 34200 4 48 3 C1 
8506 28198.20793 32400 0 50 1 B2 
8507 28199.42463 31200 4 49 2 C2 
8508 28200.34971 34200 5 48 3 C1 
8509 28200.63287 32400 1 50 1 B2 
8510 28203.19645 32400 2 50 1 B2 
8511 28205.45844 32400 0 50 1 B2 
8512 28211.56758 32400 1 50 1 B2 
8513 28214.02025 38400 2 50 3 B2 
8514 28215.25582 32100 0 49 2 B1 
8515 28216.86291 33600 0 50 2 B2 
8516 28217.0336 34200 3 48 5 C1 
8517 28220.40383 32100 1 49 2 B1 
8518 28221.67885 34200 4 48 3 C1 
8519 28223.08711 32100 2 49 2 B1 
8520 28228.40377 32100 0 49 2 B1 
8521 28229.57639 31800 5 48 4 C1 
8522 28231.25578 32100 1 49 2 B1 
8523 28236.6271 32100 2 49 2 B1 
8524 28238.09296 32100 3 49 2 D1 
8525 28239.0271 35400 0 49 1 B1 
8526 28240.18995 34200 3 48 5 C1 
8527 28240.90091 35400 1 50 4 B2 
8528 28243.52958 33600 2 50 2 B2 
8529 28246.23423 33600 0 50 2 B2 
8530 28248.3499 31800 4 48 4 C1 
8531 28250.90966 31800 5 48 4 C1 
8532 28252.25153 31500 1 50 5 B2 
8533 28253.54844 31800 3 48 4 C1 
8534 28254.52412 33600 2 50 2 B2 
8535 28256.24303 31800 4 48 4 C1 
8536 28257.02087 31500 0 50 5 B2 
8537 28258.90978 31800 5 48 4 C1 
8538 28260.33591 34800 1 50 3 B2 
8539 28261.27049 32100 0 49 3 B1 
8540 28262.87013 30600 2 50 1 B2 
8541 28263.67143 32100 1 49 1 B1 
8542 28266.01726 32100 2 49 3 B1 
8543 28266.09961 31500 0 50 5 B2 
8544 28268.65881 32400 1 50 1 B2 
8545 28271.08716 32100 0 49 3 B1 
8546 28277.68308 31800 3 48 4 C1 
8547 28279.25578 32100 1 49 3 B1 
8548 28280.13047 32400 4 48 5 C1 
8549 28280.90091 31500 2 50 5 B2 
8550 28281.75378 32100 2 49 3 B1 
8551 28283.30738 34200 4 48 5 D1 
8552 28287.07043 32100 0 49 3 B1 
8553 28291.56758 31500 0 50 5 B2 
8554 28292.62711 32100 1 49 3 B1 
8555 28297.37646 37200 1 50 2 B2 
8556 28300.51884 31200 2 50 4 B2 
8557 28301.88646 32400 5 48 5 C1 
8558 28303.05628 32400 0 50 1 B2 
8559 28305.62655 40200 1 50 5 B2 
8560 28310.0109 32400 2 50 1 B2 
8561 28312.69425 31200 0 50 4 B2 
8562 28315.3609 41400 1 50 4 B2 
8563 28318.91824 36000 2 50 1 B2 
8564 28323.34419 35400 0 50 5 B2 
8565 28329.9225 36600 1 49 2 B1 
8566 28331.52958 31200 1 50 4 B2 
8567 28334.01116 31200 2 50 4 B2 
8568 28335.29378 39300 2 49 3 B1 
8569 28342.01091 35400 0 50 5 B2 
8570 28342.6271 34200 3 48 1 C1 
8571 28345.92244 40500 0 49 1 B1 
8572 28352.69424 34800 1 50 3 B2 
8573 28355.3609 34800 2 50 3 B2 
8574 28374.02757 34800 0 50 3 B2 
8575 28377.99227 34200 53 48 3 T 
8576 28383.08134 34200 53 48 3 T 
8577 28387.95708 34200 53 48 2 T 
8578 28393.05901 34200 53 48 2 T 
8579 28395.70769 31800 4 48 4 C1 
8580 28398.39227 34200 53 48 1 T 
8581 28400.90248 32100 2 49 3 B1 
8582 28403.65171 31500 1 50 5 B2 
8583 28406.13104 34200 53 48 1 T 
8584 28408.35708 34200 53 48 1 T 
8585 28413.45901 34200 53 48 1 T 
8586 28418.79227 34200 53 48 4 T 
8587 28423.88134 34200 53 48 4 T 
8588 28424.64394 32100 5 49 2 D1 
8589 28425.59044 34200 53 48 3 T 
8590 28425.73716 30600 0 50 1 B1 
8591 28428.75708 37200 53 50 2 T 
8592 28432.9815 31500 2 50 5 B2 
8593 28433.53606 34200 53 48 2 T 
8594 28435.44601 37200 53 50 2 T 
8595 28436.50985 34200 53 48 1 T 
8596 28439.19227 34200 53 48 5 T 
8597 28444.28134 34200 53 48 5 T 
8598 28455.67449 32400 0 50 1 B2 
8599 28473.56245 37200 53 50 2 T 
8600 28484.42049 29700 1 50 3 B1 
8601 28486.89579 34200 53 48 1 T 
8602 28492.2573 34200 53 48 5 T 
8603 28513.5362 34200 53 48 4 T 
8604 28545.92249 31200 2 50 4 B1 
8605 28553.33911 34200 53 48 1 T 
8606 28579.31856 35700 53 49 2 T 
8607 28595.31845 35400 53 50 4 T 
8608 28597.98524 35400 53 50 5 T 
8609 28600.65178 33600 53 50 2 T 
8610 28603.31873 34800 53 50 3 T 
8611 28606.68912 34200 53 48 2 T 
8612 28613.9853 31500 53 50 5 T 
8613 28631.93711 35100 0 49 3 B1 
8614 28634.62549 35100 1 49 3 B1 
8615 28636.49279 36600 5 49 1 C2 
8616 28639.04609 35700 53 49 1 T 
8617 28639.0871 35100 2 49 3 B1 
8618 28639.15953 38400 3 49 2 C2 
8619 28641.73711 35400 0 49 1 B1 
8620 28641.82012 35700 4 49 1 C2 
8621 28643.31506 34200 3 48 1 D1 
8622 28645.98187 32400 4 48 5 D1 
8623 28647.29382 35100 1 49 3 B1 
8624 28647.47071 32100 53 49 2 T 
8625 28650.90983 34200 5 48 4 C1 
8626 28651.20467 35100 5 49 3 D1 
8627 28652.35418 41100 5 49 2 C2 
8628 28652.80429 32100 53 49 1 T 
8629 28654.035 31800 3 48 4 D1 
8630 28655.01565 35700 3 49 1 C2 
8631 28656.53783 32400 4 48 5 D1 
8632 28657.9605 35400 0 49 1 B1 
8633 28658.13759 35400 53 49 1 T 
8634 28659.20459 34200 5 48 5 D1 
8635 28660.3442 32400 1 50 1 B2 
8636 28660.38322 35700 4 49 1 C2 
8637 28661.67887 34200 3 48 4 C1 
8638 28662.093 35700 3 49 2 D1 
8639 28662.90018 32400 2 50 1 B2 
8640 28663.02085 35100 5 49 2 C2 
8641 28664.64863 37800 4 49 2 D1 
8642 28665.21733 32400 0 50 1 B2 
8643 28665.71663 35100 3 49 2 C2 
8644 28666.90992 32400 4 48 5 C1 
8645 28667.3153 32100 5 49 1 D1 
8646 28667.70484 34200 53 48 5 T 
8647 28668.804 31800 53 48 4 T 
8648 28669.54844 32400 5 48 5 C1 
8649 28669.82115 32400 1 50 1 B2 
8650 28671.05007 35100 4 49 2 C2 
8651 28671.99207 32400 2 50 1 B2 
8652 28672.21506 32400 3 48 5 C1 
8653 28672.64873 35100 3 49 2 D1 
8654 28675.65565 38400 0 50 3 B2 
8655 28676.80393 34200 53 48 1 T 
8656 28677.57636 32400 4 48 5 C1 
8657 28680.21519 32400 5 48 5 C1 
8658 28680.8629 32400 1 50 1 B2 
8659 28681.50404 35400 2 50 4 A1 
8660 28683.01203 32400 3 48 5 C1 
8661 28683.52956 35400 2 50 4 B2 
8662 28684.44537 34800 0 50 3 A1 
8663 28685.54839 32400 4 48 5 C1 
8664 28686.02758 32400 0 50 1 B2 
8665 28688.24311 32400 5 48 5 C1 
8666 28688.86291 35400 1 50 4 B2 
8667 28690.88178 32400 3 48 5 C1 
8668 28693.29211 32100 2 49 2 B1 
8669 28694.09282 34200 4 48 2 D1 
8670 28694.19623 35400 2 50 4 B2 
8671 28694.7714 32100 53 49 3 T 
8672 28694.98757 35400 1 50 5 A1 
8673 28695.68082 32100 0 49 3 B1 
8674 28698.39013 32400 2 50 1 A1 
8675 28700.59774 32100 1 49 3 B1 
8676 28701.9089 32400 0 50 1 A1 
8677 28704.07049 32100 2 49 2 B1 
8678 28704.70184 32100 5 49 2 D1 
8679 28705.33557 33600 1 50 2 A1 
8680 28706.54627 32100 0 49 3 B1 
8681 28706.8819 34200 4 48 3 C1 
8682 28707.42631 34200 3 48 3 D1 
8683 28708.34424 33600 0 50 2 B2 
8684 28711.15337 38700 5 49 1 C2 
8685 28711.46182 40800 1 49 2 B1 
8686 28713.9932 32100 2 49 3 B1 
8687 28715.01647 34200 5 48 3 C1 
8688 28718.03508 34200 4 48 4 D1 
8689 28718.19624 36000 1 50 1 B2 
8690 28719.05001 35700 3 49 2 C2 
8691 28720.90091 33600 2 50 2 B2 
8692 28721.82002 35100 4 49 1 C2 
8693 28723.01207 34200 3 48 5 C1 
8694 28723.35359 36000 0 50 1 B2 
8695 28724.3542 35700 5 49 2 C2 
8696 28725.86667 34200 53 48 4 T 
8697 28727.89418 33600 1 50 2 B2 
8698 28728.21519 34200 4 48 3 C1 
8699 28728.75963 38100 5 49 1 D1 
8700 28730.33412 33600 2 50 2 B2 
8701 28730.88197 34200 5 48 5 C1 
8702 28733.6831 34200 3 48 4 C1 
8703 28734.35277 35400 0 50 5 B2 
8704 28736.34535 34200 4 48 5 C1 
8705 28736.86286 35400 1 50 5 B2 
8706 28738.88184 34200 5 48 4 C1 
8707 28739.52958 35400 2 50 5 B2 
8708 28741.67879 34200 3 48 5 C1 
8709 28742.23424 41100 0 50 2 B2 
8710 28744.13711 32100 1 49 1 B1 
8711 28744.28359 34200 4 48 5 C1 
8712 28744.9009 41100 1 50 3 B2 
8713 28747.56758 38400 2 50 4 B2 
8714 28749.67889 34200 5 48 3 C1 
8715 28754.79549 32100 2 49 1 B1 
8716 28759.32245 32100 0 49 1 B1 
8717 28760.34555 36000 3 48 1 C1 
8718 28761.82044 32100 1 49 2 B1 
8719 28764.48715 32100 2 49 1 B1 
8720 28767.40377 32100 0 49 1 B1 
8721 28768.24311 38700 4 48 2 C1 
8722 28768.90091 41100 0 50 1 B2 
8723 28769.84394 32100 1 49 2 B1 
8724 28772.65577 32100 2 49 2 B1 
8725 28779.0164 31800 5 48 4 C1 
8726 28779.20459 32100 3 49 3 D1 
8727 28781.67895 31800 3 48 4 C1 
8728 28782.67245 34200 53 48 3 T 
8729 28784.34539 31800 4 48 4 C1 
8730 28785.15768 37200 1 50 2 B2 
8731 28787.01643 31800 5 48 4 C1 
8732 28787.74766 34800 2 50 3 B2 
8733 28789.57637 34200 3 48 2 C1 
8734 28790.59287 34800 0 50 3 B2 
8735 28792.13991 35400 2 49 1 B1 
8736 28792.34974 34200 4 48 2 C1 
8737 28795.01212 34200 5 48 2 C1 
8738 28795.34423 34800 1 50 3 B2 
8739 28797.68331 34200 3 48 2 C1 
8740 28800.34985 34200 4 48 2 C1 
8741 28800.90091 34800 2 50 3 B2 
8742 28803.01202 31800 5 48 4 C1 
8743 28803.35358 33600 0 50 2 B2 
8744 28806.01124 34800 1 50 3 B2 
8745 28808.57479 32400 2 50 1 B2 
8746 28811.52905 34800 0 50 3 B2 
8747 28812.5405 35100 3 49 2 C2 
8748 28814.43863 36600 0 49 2 B1 
8749 28825.035 34200 3 48 4 C1 
8750 28829.57639 34200 4 48 1 C1 
8751 28832.24311 34200 5 48 1 C1 
8752 28838.0631 34200 4 48 1 D1 
8753 28843.01659 34200 3 48 1 C1 
8754 28845.36792 32100 1 49 3 B1 
8755 28845.54844 34200 4 48 1 C1 
8756 28848.24303 34200 5 48 1 C1 
8757 28851.01652 36000 3 48 1 C1 
8758 28853.57643 34200 4 48 1 C1 
8759 28856.24299 34200 5 48 1 C1 
8760 28859.01644 34200 3 48 1 C1 
8761 28860.09332 35700 5 49 1 D1 
8762 28861.68301 34200 4 48 1 C1 
8763 28863.41872 42300 4 49 1 C2 
8764 28885.02415 42600 5 49 1 C2 
8765 28897.04529 34200 5 48 3 C1 
8766 28907.25797 35700 3 49 2 C2 
8767 28908.69383 30600 2 50 5 B1 
8768 28909.91253 35400 3 49 1 D1 
8769 28977.75708 34800 53 50 3 T 
8770 28982.85901 34800 53 50 3 T 
8771 28984.04093 30900 2 50 3 B1 
8772 28988.19227 34800 53 50 3 T 
8773 28993.28134 34800 53 50 3 T 
8774 28998.15708 35100 53 49 3 T 
8775 29003.25901 35100 53 49 3 T 
8776 29022.29918 35100 53 49 1 T 
8777 29022.86932 35100 53 49 2 T 
8778 29027.18804 35100 53 49 2 T 
8779 29028.25758 35100 53 49 3 T 
8780 29032.30844 35100 53 49 2 T 
8781 29033.59047 35100 53 49 1 T 
8782 29037.60899 37800 53 49 2 T 
8783 29042.6992 37800 53 49 2 T 
8784 29047.58807 38100 53 49 1 T 
8785 29052.70844 38100 53 49 1 T 
8786 29055.36049 31500 2 50 5 B1 
8787 29073.35579 35100 53 49 3 T 
8788 29081.33911 34800 53 50 3 T 
8789 29084.00579 38100 53 49 1 T 
8790 29118.86953 34800 53 50 3 T 
8791 29119.36049 30600 1 50 2 B1 
8792 29145.35578 34800 53 50 3 T 
8793 29148.02247 37800 53 49 2 T 
8794 29201.52447 35100 53 49 2 T 
8795 29203.31857 34800 53 50 3 T 
8796 29205.98508 32400 53 50 1 T 
8797 29208.65205 36000 53 50 1 T 
8798 29232.04449 35100 1 49 3 B1 
8799 29237.46211 35100 2 49 3 B1 
8800 29241.82628 42600 4 49 2 C2 
8801 29244.38328 37800 5 49 2 C2 
8802 29244.69378 36600 0 49 2 B1 
8803 29245.98174 34200 4 48 2 D1 
8804 29247.1533 42900 3 49 2 C2 
8805 29248.70173 32400 5 48 5 D1 
8806 29249.82618 36600 4 49 1 C2 
8807 29249.9891 40500 2 49 1 B1 
8808 29250.88188 34200 3 48 5 C1 
8809 29251.20452 36000 3 48 1 D1 
8810 29252.33591 33600 1 50 2 B2 
8811 29252.38339 38100 5 49 1 C2 
8812 29252.69377 39300 0 49 3 B1 
8813 29252.804 34200 53 48 2 T 
8814 29253.54855 34200 4 48 5 C1 
8815 29254.03526 35100 4 49 3 D1 
8816 29255.32249 35100 1 49 3 B1 
8817 29256.3499 34200 5 48 5 C1 
8818 29256.64852 38700 5 48 2 D1 
8819 29256.67758 42900 2 50 2 B2 
8820 29257.82007 41400 3 49 1 C2 
8821 29257.98916 36600 2 49 2 B1 
8822 29259.20468 34200 3 48 4 D1 
8823 29259.34424 41400 0 50 4 B2 
8824 29260.35422 42900 4 49 1 C2 
8825 29260.69377 35100 0 49 3 B1 
8826 29263.15953 40200 5 49 2 C2 
8827 29264.75971 38700 4 49 1 D1 
8828 29265.58486 37200 1 50 2 B2 
8829 29265.82016 40500 3 49 1 C2 
8830 29266.13736 34200 53 48 4 T 
8831 29266.9097 34200 3 48 5 C1 
8832 29267.87043 32400 2 50 1 B2 
8833 29268.49281 36600 4 49 1 C2 
8834 29268.80397 34200 53 48 3 T 
8835 29269.57632 34200 4 48 5 C1 
8836 29269.98199 35400 5 49 1 D1 
8837 29272.21511 40500 5 48 3 C1 
8838 29272.53798 38400 3 49 2 D1 
8839 29272.69425 42600 0 50 1 B2 
8840 29274.13723 36000 53 48 1 T 
8841 29274.88187 34200 3 48 2 C1 
8842 29275.20478 35700 4 49 2 D1 
8843 29276.80401 34200 53 48 5 T 
8844 29277.54847 34200 4 48 2 C1 
8845 29279.47069 32400 53 48 5 T 
8846 29279.49574 36000 2 50 1 A1 
8847 29280.24314 34200 5 48 2 C1 
8848 29283.01203 34200 3 48 2 C1 
8849 29283.3609 32400 1 50 1 B2 
8850 29284.62281 33600 0 50 2 A1 
8851 29285.57657 34200 4 48 2 C1 
8852 29286.02757 35400 2 50 4 B2 
8853 29288.21512 34200 5 48 2 C1 
8854 29288.69424 35400 0 50 4 B2 
8855 29291.27887 34800 1 50 3 A1 
8856 29291.3609 35400 1 50 4 B2 
8857 29293.37778 41100 0 49 3 B1 
8858 29294.01091 32400 2 50 1 B2 
8859 29295.02086 35100 5 49 1 C2 
8860 29300.67222 32400 2 50 1 A1 
8861 29300.69383 35400 1 49 1 B1 
8862 29303.32249 30600 2 50 1 B1 
8863 29304.09888 38400 0 50 4 A1 
8864 29304.34553 34200 3 48 1 C1 
8865 29304.75948 34200 5 48 1 D1 
8866 29305.82605 35100 3 49 2 C2 
8867 29307.492 38400 1 50 3 A1 
8868 29308.3834 42600 4 49 1 C2 
8869 29308.47978 35400 0 49 1 B1 
8870 29309.5765 34200 4 48 1 C1 
8871 29310.02757 42600 0 50 5 B2 
8872 29310.42648 35400 2 50 4 A1 
8873 29311.1371 35400 1 49 1 B1 
8874 29311.15957 35100 5 49 2 C2 
8875 29312.70177 34200 3 48 5 D1 
8876 29313.36667 33600 0 50 2 A1 
8877 29313.71666 39300 3 49 1 C2 
8878 29314.07049 35400 2 49 1 B1 
8879 29315.0122 34200 5 48 1 C1 
8880 29315.36852 34200 4 48 3 D1 
8881 29316.49283 42900 4 49 2 C2 
8882 29316.50602 35100 0 49 3 B1 
8883 29317.54845 34200 3 48 1 C1 
8884 29318.23425 33600 1 50 2 B2 
8885 29319.04994 35100 5 49 2 C2 
8886 29320.21509 34200 4 48 1 C1 
8887 29320.698 35400 2 50 5 B2 
8888 29321.71662 35100 3 49 2 C2 
8889 29323.52958 35400 0 50 5 B2 
8890 29324.48682 35100 4 49 2 C2 
8891 29324.80392 34200 53 48 1 T 
8892 29326.8992 35400 1 50 5 B2 
8893 29327.02094 39000 5 49 2 C2 
8894 29328.70186 35100 5 49 1 D1 
8895 29333.67883 34200 5 48 3 C1 
8896 29336.34544 34200 3 48 3 C1 
8897 29336.7017 35100 3 49 2 D1 
8898 29339.01208 34200 4 48 3 C1 
8899 29339.36086 33600 2 50 2 B2 
8900 29341.54866 34200 5 48 3 C1 
8901 29342.19623 33600 0 50 2 B2 
8902 29344.21519 34200 3 48 5 C1 
8903 29344.8629 33600 1 50 2 B2 
8904 29347.01642 34200 4 48 3 C1 
8905 29347.36091 33600 2 50 2 B2 
8906 29350.19624 33600 0 50 2 B2 
8907 29352.8629 33600 1 50 2 B2 
8908 29356.48672 35700 3 49 2 C2 
8909 29359.04989 35700 4 49 2 C2 
8910 29360.34982 32400 5 48 5 C1 
8911 29361.82013 35700 5 49 2 C2 
8912 29364.35419 35700 3 49 1 C2 
8913 29367.02088 35100 4 49 1 C2 
8914 29369.68752 35700 5 49 1 C2 
8915 29370.88191 32400 3 48 5 C1 
8916 29372.38339 35700 3 49 1 C2 
8917 29373.67877 36000 4 48 1 C1 
8918 29374.19624 34800 2 50 3 B2 
8919 29375.15952 35700 4 49 1 C2 
8920 29376.34532 36000 5 48 1 C1 
8921 29377.6876 35700 5 49 2 C2 
8922 29379.01641 32400 3 48 5 C1 
8923 29379.52958 36000 0 50 1 B2 
8924 29380.38333 41700 3 49 2 C2 
8925 29382.01117 34800 1 50 3 B2 
8926 29385.67753 36000 2 50 1 B2 
8927 29392.34972 34200 4 48 1 C1 
8928 29395.01637 34200 5 48 1 C1 
8929 29395.52952 34800 0 50 3 B2 
8930 29397.5763 34200 3 48 1 C1 
8931 29398.19624 34800 1 50 3 B2 
8932 29400.34974 36000 4 48 1 C1 
8933 29400.9009 34800 2 50 3 B2 
8934 29403.01226 34200 5 48 1 C1 
8935 29403.56758 34800 0 50 3 B2 
8936 29406.23424 34800 1 50 3 B2 
8937 29408.3455 34200 3 48 1 C1 
8938 29415.13716 31200 2 50 4 B1 
8939 29424.34974 34200 4 48 4 C1 
8940 29429.91261 34200 4 48 1 D1 
8941 29430.30345 32400 2 50 1 B2 
8942 29440.34971 34200 5 48 4 C1 
8943 29445.57647 41400 3 48 4 C1 
8944 29453.54884 43200 0 49 1 B1 
8945 29453.57636 34200 4 48 4 C1 
8946 29456.21511 32400 5 48 5 C1 
8947 29456.91032 35700 5 49 1 D1 
8948 29458.10228 40200 0 50 5 B2 
8949 29458.9097 34200 3 48 4 C1 
8950 29461.57632 34200 4 48 4 C1 
8951 29464.34985 34200 5 48 4 C1 
8952 29466.11658 34800 1 50 3 A1 
8953 29472.34977 32400 3 48 5 C1 
8954 29475.7344 34200 4 48 3 C1 
8955 29485.45526 35400 2 50 5 A1 
8956 29530.02715 31200 0 50 4 B1 
8957 29532.22831 36000 1 50 1 B2 
8958 29539.70333 34200 5 48 1 C1 
8959 29554.79226 34800 2 50 3 B2 
8960 29577.99227 38400 53 50 4 T 
8961 29583.08134 38400 53 50 4 T 
8962 29587.95708 35400 53 50 5 T 
8963 29593.05901 35400 53 50 5 T 
8964 29598.39227 35400 53 49 1 T 
8965 29603.48134 35400 53 49 1 T 
8966 29608.35708 35400 53 50 4 T 
8967 29613.45901 35400 53 50 4 T 
8968 29618.79227 38400 53 50 3 T 
8969 29622.30902 35700 53 49 2 T 
8970 29622.92397 35400 53 50 4 T 
8971 29623.88134 38400 53 50 3 T 
8972 29625.91967 35400 53 49 1 T 
8973 29627.39919 35700 53 49 2 T 
8974 29628.75708 38700 53 48 2 T 
8975 29629.10514 35700 53 49 2 T 
8976 29632.28805 38700 53 49 1 T 
8977 29633.85901 38700 53 48 2 T 
8978 29637.40844 38700 53 49 1 T 
8979 29639.13716 30900 1 50 3 B1 
8980 29642.70899 38400 53 49 2 T 
8981 29647.79917 38400 53 49 2 T 
8982 29652.68806 35700 53 49 1 T 
8983 29657.80847 35700 53 49 1 T 
8984 29670.85778 35400 53 49 1 T 
8985 29673.56247 38400 53 49 2 T 
8986 29686.68912 38700 53 48 2 T 
8987 29686.86933 35400 53 50 5 T 
8988 29689.52445 35400 53 50 4 T 
8989 29692.48716 32400 2 50 1 B1 
8990 29726.92413 35700 53 49 1 T 
8991 29729.33913 35700 53 49 2 T 
8992 29743.32249 31500 1 50 5 B1 
8993 29748.22912 35400 53 50 5 T 
8994 29772.69382 31500 2 50 5 B1 
8995 29773.98532 36600 53 49 1 T 
8996 29785.3558 35700 53 49 1 T 
8997 29787.31856 35100 53 49 2 T 
8998 29808.65186 34800 53 50 3 T 
8999 29812.00578 38400 53 50 3 T 
9000 29828.33755 35100 53 49 1 T 
9001 29833.82043 43200 2 49 1 B1 
9002 29836.49282 43200 4 49 1 C2 
9003 29837.33716 35100 0 49 3 B1 
9004 29837.98175 34200 3 48 4 D1 
9005 29839.08312 38100 5 49 1 C2 
9006 29842.67044 40800 1 49 2 B1 
9007 29844.48683 37800 3 49 2 C2 
9008 29844.97044 35400 2 49 1 B1 
9009 29845.67891 36000 3 48 1 C1 
9010 29846.0928 34200 4 48 2 D1 
9011 29847.15336 35700 4 49 2 C2 
9012 29848.53789 34200 5 48 5 D1 
9013 29849.80382 35400 0 49 1 B1 
9014 29851.20467 34200 3 48 4 D1 
9015 29852.33586 34800 0 50 3 B2 
9016 29852.48711 35400 1 49 1 B1 
9017 29852.80404 36600 53 49 2 T 
9018 29854.09299 36600 4 49 2 D1 
9019 29856.64855 34200 5 48 5 D1 
9020 29857.80377 35400 0 49 1 B1 
9021 29858.13762 35100 53 49 3 T 
9022 29858.90979 38700 4 48 2 C1 
9023 29859.31518 34200 3 48 2 D1 
9024 29859.34425 34800 1 50 3 B2 
9025 29860.38333 35700 5 49 2 C2 
9026 29860.48711 35400 1 49 1 B1 
9027 29861.57636 34200 5 48 5 C1 
9028 29861.87138 39000 4 49 2 D1 
9029 29862.89924 36000 2 50 1 B2 
9030 29863.02092 35700 3 49 2 C2 
9031 29864.24321 34200 3 48 5 C1 
9032 29864.70192 36600 5 49 1 D1 
9033 29865.27934 34800 0 50 3 B2 
9034 29865.82006 35700 4 49 2 C2 
9035 29866.88197 36000 4 48 1 C1 
9036 29867.31534 35100 3 49 3 D1 
9037 29867.80434 34800 1 50 3 B2 
9038 29869.9819 35700 4 49 2 D1 
9039 29871.0209 35700 5 49 2 C2 
9040 29871.47057 34200 53 48 1 T 
9041 29872.24303 34200 5 48 5 C1 
9042 29875.56752 34800 2 50 3 B2 
9043 29876.48674 43500 3 49 1 C2 
9044 29877.39776 36000 0 50 1 A1 
9045 29877.54847 34200 3 48 5 C1 
9046 29877.65928 38400 53 50 4 T 
9047 29877.98202 35700 5 49 1 D1 
9048 29880.21512 34200 4 48 5 C1 
9049 29880.24913 43200 0 50 3 B2 
9050 29882.85461 34800 1 50 3 B2 
9051 29882.88132 34800 1 50 3 A1 
9052 29885.33517 34800 2 50 3 B2 
9053 29888.24308 34200 5 48 5 C1 
9054 29888.67757 38400 0 50 3 B2 
9055 29890.69216 36600 2 49 2 B1 
9056 29890.73109 33600 2 50 2 A1 
9057 29891.01213 34200 3 48 5 C1 
9058 29892.38343 35700 4 49 1 C2 
9059 29893.07226 32400 0 50 1 B1 
9060 29893.54852 34200 4 48 5 C1 
9061 29893.67128 35400 0 50 4 A1 
9062 29894.66224 38700 53 49 1 T 
9063 29895.44642 36600 1 49 2 B1 
9064 29896.60576 33600 1 50 2 A1 
9065 29897.81999 35700 5 49 1 C2 
9066 29899.54594 35400 2 50 5 A1 
9067 29900.47048 35100 2 49 3 B1 
9068 29902.47928 34800 0 50 3 A1 
9069 29903.04998 42600 3 49 1 C2 
9070 29904.34984 34200 5 48 3 C1 
9071 29904.53786 34200 3 48 1 D1 
9072 29907.20466 35400 4 49 1 D1 
9073 29908.25153 35400 1 50 4 B2 
9074 29908.49295 35700 4 49 1 C2 
9075 29908.65578 35100 0 49 3 B1 
9076 29910.09288 34200 5 48 3 D1 
9077 29911.15948 35700 5 49 1 C2 
9078 29911.32244 35100 1 49 3 B1 
9079 29912.75951 34200 3 48 1 D1 
9080 29913.68755 38700 3 49 1 C2 
9081 29914.88198 34200 3 48 3 C1 
9082 29915.3685 34200 4 48 1 D1 
9083 29916.14514 35400 2 50 4 B2 
9084 29916.48682 36600 4 49 1 C2 
9085 29917.54844 34200 4 48 3 C1 
9086 29918.09297 34200 5 48 3 D1 
9087 29919.15949 35700 5 49 1 C2 
9088 29920.21521 34200 5 48 3 C1 
9089 29921.82044 35100 0 49 3 B1 
9090 29923.01211 34200 3 48 3 C1 
9091 29923.42632 39300 3 49 3 D1 
9092 29925.54858 34200 4 48 3 C1 
9093 29926.09296 39300 4 49 1 D1 
9094 29926.19625 35400 0 50 5 B2 
9095 29927.10473 36600 3 49 1 C2 
9096 29928.21507 34200 5 48 3 C1 
9097 29928.67784 35400 1 50 4 B2 
9098 29931.3609 37200 2 50 2 B2 
9099 29936.34545 34200 3 48 3 C1 
9100 29936.69423 36000 0 50 1 B2 
9101 29939.3609 35400 1 50 5 B2 
9102 29941.67874 34200 4 48 3 C1 
9103 29942.01091 35400 2 50 5 B2 
9104 29944.21517 36000 5 48 1 C1 
9105 29947.01638 36000 3 48 1 C1 
9106 29947.36091 36000 0 50 1 B2 
9107 29949.67885 43500 4 48 2 C1 
9108 29950.01091 35400 1 50 5 B2 
9109 29951.97625 31500 2 50 5 B1 
9110 29956.33859 35100 4 49 2 C2 
9111 29958.8992 38400 2 50 4 B2 
9112 29961.68761 35100 5 49 2 C2 
9113 29964.49272 35100 3 49 2 C2 
9114 29965.67876 34200 5 48 1 C1 
9115 29967.00258 41100 0 50 1 B2 
9116 29967.15958 35100 4 49 1 C2 
9117 29968.24316 34200 3 48 1 C1 
9118 29969.7166 35100 5 49 2 C2 
9119 29972.38339 35100 3 49 2 C2 
9120 29973.67887 34200 4 48 1 C1 
9121 29975.15342 41100 4 49 2 C2 
9122 29976.90092 33600 1 50 2 B2 
9123 29979.0123 34200 5 48 1 C1 
9124 29979.52958 33600 2 50 2 B2 
9125 29982.02758 43200 0 50 4 B2 
9126 29984.34973 34200 3 48 1 C1 
9127 29985.82619 35100 5 49 1 C2 
9128 29987.01221 34200 4 48 1 C1 
9129 29987.36091 33600 1 50 2 B2 
9130 29989.68294 34200 5 48 1 C1 
9131 29990.19623 33600 2 50 2 B2 
9132 29991.05006 42300 3 49 1 C2 
9133 29992.34984 34200 3 48 1 C1 
9134 29992.69419 33600 0 50 2 B2 
9135 29995.012 34200 4 48 1 C1 
9136 29996.7545 38400 4 49 2 C2 
9137 29998.19623 33600 1 50 2 B2 
9138 30000.8629 33600 2 50 2 B2 
9139 30003.01215 34200 5 48 1 C1 
9140 30003.52958 41100 0 50 2 B2 
9141 30005.68313 34200 3 48 1 C1 
9142 30006.02758 33600 1 50 2 B2 
9143 30010.90971 34200 4 48 1 C1 
9144 30019.68721 34200 5 48 5 C1 
9145 30026.88189 34200 3 48 2 C1 
9146 30027.47549 34800 2 50 3 B2 
9147 30029.68318 34200 4 48 2 C1 
9148 30032.34959 34200 5 48 2 C1 
9149 30037.68323 34200 3 48 2 C1 
9150 30040.24305 34200 4 48 2 C1 
9151 30042.9097 34200 5 48 1 C1 
9152 30044.35424 43500 5 49 2 C2 
9153 30045.57635 34200 3 48 2 C1 
9154 30048.2941 34200 4 48 2 C1 
9155 30051.70272 36600 0 49 2 B1 
9156 30058.8366 41100 0 50 3 B2 
9157 30059.01643 34200 5 48 1 C1 
9158 30061.57642 34200 3 48 1 C1 
9159 30069.54843 34200 4 48 1 C1 
9160 30073.98691 35100 2 49 3 B1 
9161 30081.35015 35400 1 50 4 B2 
9162 30083.01225 34200 5 48 4 C1 
9163 30084.53516 36600 3 49 1 C2 
9164 30088.24313 34200 3 48 4 C1 
9165 30090.88176 34200 4 48 4 C1 
9166 30091.30483 36000 5 48 1 D1 
9167 30093.57636 34200 5 48 4 C1 
9168 30095.13716 31500 0 50 5 B1 
9169 30098.88181 34200 3 48 4 C1 
9170 30101.5766 34200 4 48 4 C1 
9171 30104.04172 37200 2 50 2 B2 
9172 30104.21507 34200 5 48 4 C1 
9173 30106.90967 34200 3 48 4 C1 
9174 30112.24311 34200 4 48 4 C1 
9175 30115.80595 35100 4 49 2 C2 
9176 30120.2152 43200 5 48 5 C1 
9177 30124.48716 31500 1 50 5 B1 
9178 30128.34553 44100 3 48 4 C1 
9179 30128.58113 35100 3 49 2 D1 
9180 30148.48716 31500 2 50 5 B1 
9181 30177.99227 36000 53 50 1 T 
9182 30181.54852 43500 4 48 1 C1 
9183 30183.08134 36000 53 50 1 T 
9184 30187.95708 39300 53 49 3 T 
9185 30193.05901 39300 53 49 3 T 
9186 30198.39227 36000 53 48 1 T 
9187 30199.32249 31500 0 50 5 B1 
9188 30201.04337 34200 5 48 2 C1 
9189 30203.48134 36000 53 48 1 T 
9190 30222.30902 39300 53 49 1 T 
9191 30222.92398 36000 53 50 1 T 
9192 30227.39919 39300 53 49 1 T 
9193 30232.28805 39000 53 49 2 T 
9194 30233.59067 36000 53 48 1 T 
9195 30237.40844 39000 53 49 2 T 
9196 30265.56245 39300 53 49 3 T 
9197 30275.64575 34200 3 48 2 C1 
9198 30278.85778 36000 53 50 1 T 
9199 30284.19111 36000 53 48 1 T 
9200 30318.74264 39000 53 49 2 T 
9201 30337.33913 39300 53 49 1 T 
9202 30385.82049 33600 0 50 2 B1 
9203 30387.31856 35700 53 49 1 T 
9204 30392.65197 35700 53 49 2 T 
9205 30397.98529 37200 53 50 2 T 
9206 30400.6518 35400 53 50 4 T 
9207 30408.65179 34800 53 50 3 T 
9208 30411.31878 33600 53 50 2 T 
9209 30426.80377 35100 0 49 3 B1 
9210 30434.80382 35100 1 49 3 B1 
9211 30436.48671 42900 5 49 1 C2 
9212 30439.3225 35100 2 49 3 B1 
9213 30440.64853 34200 4 48 5 D1 
9214 30444.48682 39000 3 49 2 C2 
9215 30444.65583 32400 0 50 1 B1 
9216 30447.36044 35100 1 49 3 B1 
9217 30448.70168 34200 5 48 3 D1 
9218 30449.68766 41400 4 49 1 C2 
9219 30449.98911 35100 2 49 3 B1 
9220 30451.20451 34200 3 48 3 D1 
9221 30452.3442 34800 0 50 3 B2 
9222 30452.38319 41700 5 49 2 C2 
9223 30452.45658 35400 53 50 5 T 
9224 30452.69377 35100 0 49 3 B1 
9225 30453.54855 34200 4 48 1 C1 
9226 30453.98182 34200 4 48 1 D1 
9227 30454.94546 34800 1 50 3 B2 
9228 30455.01572 38700 3 49 1 C2 
9229 30455.15757 35100 1 49 3 B1 
9230 30456.70185 35100 5 49 3 D1 
9231 30457.19671 34800 2 50 3 B2 
9232 30458.07043 35100 2 49 3 B1 
9233 30458.88179 34200 5 48 1 C1 
9234 30459.20464 34200 3 48 1 D1 
9235 30460.80426 35400 53 49 1 T 
9236 30461.68316 34200 3 48 1 C1 
9237 30461.982 35100 4 49 1 D1 
9238 30463.05001 37800 4 49 2 C2 
9239 30464.21099 34200 4 48 1 C1 
9240 30464.86291 34800 0 50 3 B2 
9241 30465.68755 35100 5 49 1 C2 
9242 30467.56757 33600 1 50 2 B2 
9243 30468.42493 37800 3 49 2 C2 
9244 30469.54874 34200 5 48 1 C1 
9245 30469.87133 35700 5 49 1 D1 
9246 30472.5381 35700 3 49 2 D1 
9247 30472.86291 33600 2 50 2 B2 
9248 30475.3686 36600 4 49 1 D1 
9249 30477.54797 36000 1 50 1 A1 
9250 30478.23423 33600 0 50 2 B2 
9251 30480.34544 34200 3 48 1 C1 
9252 30480.90091 40200 1 50 5 B2 
9253 30480.97969 33600 2 50 2 A1 
9254 30483.01213 34200 4 48 1 C1 
9255 30483.56757 42900 2 50 2 B2 
9256 30485.39778 34800 0 50 3 A1 
9257 30485.46211 35400 1 49 1 B1 
9258 30485.54453 34200 5 48 1 C1 
9259 30486.19619 33600 0 50 2 B2 
9260 30488.75961 36000 5 48 1 D1 
9261 30489.82615 35100 4 49 2 C2 
9262 30490.73111 35400 1 50 4 A1 
9263 30493.67886 34200 3 48 1 C1 
9264 30493.68074 34800 2 50 3 A1 
9265 30497.16711 37200 0 50 2 A1 
9266 30497.80377 35400 2 49 1 B1 
9267 30500.1073 35400 1 50 5 A1 
9268 30500.69383 35400 0 49 1 B1 
9269 30503.36049 33600 1 50 2 B1 
9270 30504.64841 34200 3 48 2 D1 
9271 30505.56591 35400 1 50 4 B2 
9272 30506.0271 35400 2 49 1 B1 
9273 30506.87332 34800 2 50 3 A1 
9274 30507.36841 34200 4 48 2 D1 
9275 30508.48682 35100 5 49 2 C2 
9276 30508.69377 35400 0 49 1 B1 
9277 30510.09287 34200 5 48 5 D1 
9278 30510.74181 34200 53 48 1 T 
9279 30511.14645 35100 1 49 3 B1 
9280 30511.15958 35100 3 49 2 C2 
9281 30512.34552 34200 4 48 5 C1 
9282 30512.70185 34200 3 48 4 D1 
9283 30513.71664 36600 4 49 1 C2 
9284 30514.79549 36600 2 49 2 B1 
9285 30515.34425 35400 2 50 4 B2 
9286 30516.35407 35100 5 49 2 C2 
9287 30517.13833 35400 0 49 1 B1 
9288 30518.03518 35400 4 49 1 D1 
9289 30519.00253 35400 0 50 4 B2 
9290 30519.15336 36600 3 49 1 C2 
9291 30520.3497 38700 5 48 2 C1 
9292 30520.70177 35100 5 49 2 D1 
9293 30521.52347 35400 1 50 4 B2 
9294 30523.01208 34200 3 48 5 C1 
9295 30523.31531 36600 3 49 2 D1 
9296 30523.83832 34800 2 50 3 B2 
9297 30525.67866 34200 4 48 5 C1 
9298 30526.03522 35100 4 49 2 D1 
9299 30526.40007 35400 0 50 4 B2 
9300 30527.13715 32400 1 50 1 B1 
9301 30527.15951 40500 4 49 1 C2 
9302 30528.24314 34200 5 48 5 C1 
9303 30528.70174 34200 5 48 4 D1 
9304 30529.68752 36600 5 49 1 C2 
9305 30531.0121 34200 3 48 5 C1 
9306 30531.56758 34800 1 50 3 B2 
9307 30532.35429 36600 3 49 1 C2 
9308 30534.02025 34800 2 50 3 B2 
9309 30536.3497 34200 4 48 1 C1 
9310 30536.6779 34800 0 50 3 B2 
9311 30539.56752 34800 1 50 3 B2 
9312 30541.57639 34200 5 48 1 C1 
9313 30542.02023 34800 2 50 3 B2 
9314 30544.34977 34200 3 48 1 C1 
9315 30544.69425 42600 0 50 5 B2 
9316 30545.71661 40200 4 49 2 C2 
9317 30547.01634 34200 4 48 1 C1 
9318 30549.67887 44100 5 48 4 C1 
9319 30552.34997 34200 3 48 1 C1 
9320 30553.80376 39300 2 49 3 B1 
9321 30556.47049 36600 0 49 2 B1 
9322 30559.15377 36600 1 49 2 B1 
9323 30561.82044 43200 2 49 1 B1 
9324 30564.4188 38100 5 49 1 C2 
9325 30569.67758 41400 1 50 4 B2 
9326 30569.68755 35100 3 49 2 C2 
9327 30570.88192 34200 4 48 2 C1 
9328 30572.24667 42600 2 50 1 B2 
9329 30572.47044 36600 0 49 2 B1 
9330 30572.49283 39300 4 49 1 C2 
9331 30573.57636 34200 5 48 2 C1 
9332 30575.15329 42600 5 49 1 C2 
9333 30576.29405 34200 3 48 2 C1 
9334 30577.10204 35400 0 50 5 B2 
9335 30577.82616 42600 3 49 2 C2 
9336 30579.6376 37200 1 50 2 B2 
9337 30580.48682 35100 4 49 2 C2 
9338 30582.15738 35400 2 50 5 B2 
9339 30584.34974 34200 4 48 2 C1 
9340 30585.58486 38400 0 50 4 B2 
9341 30585.82007 35100 5 49 2 C2 
9342 30589.57639 34200 5 48 5 C1 
9343 30591.05003 35100 3 49 2 C2 
9344 30592.2151 34200 3 48 5 C1 
9345 30593.82049 34800 1 50 3 B1 
9346 30595.01654 34200 4 48 2 C1 
9347 30595.36091 38400 1 50 3 B2 
9348 30598.01086 35400 2 50 5 B2 
9349 30600.69423 35400 0 50 5 B2 
9350 30602.90975 34200 5 48 5 C1 
9351 30603.3609 35400 1 50 5 B2 
9352 30605.57635 34200 3 48 2 C1 
9353 30606.19625 37200 2 50 2 B2 
9354 30607.02084 35700 4 49 1 C2 
9355 30608.35 34200 4 48 2 C1 
9356 30612.54252 35100 5 49 1 C2 
9357 30613.57648 34200 5 48 5 C1 
9358 30615.47031 35700 3 49 2 C2 
9359 30617.0738 34200 3 48 1 C1 
9360 30624.5911 34800 0 50 3 B2 
9361 30625.82007 35700 4 49 2 C2 
9362 30628.38328 35700 5 49 2 C2 
9363 30631.02092 35700 3 49 2 C2 
9364 30632.24303 34200 4 48 3 C1 
9365 30633.71659 35700 4 49 2 C2 
9366 30634.88177 41400 5 48 4 C1 
9367 30636.11663 35100 5 49 1 C2 
9368 30637.57645 34200 3 48 3 C1 
9369 30638.5469 35700 3 49 2 C2 
9370 30640.3646 34200 4 48 1 C1 
9371 30641.82626 42900 4 49 2 C2 
9372 30644.35419 42900 5 49 2 C2 
9373 30644.37378 36000 5 48 1 C1 
9374 30646.7421 34200 3 48 3 C1 
9375 30646.95279 34800 1 50 3 B2 
9376 30647.1595 38400 3 49 2 C2 
9377 30649.0892 34200 4 48 3 C1 
9378 30651.58484 36000 5 48 1 C1 
9379 30654.04007 36000 3 48 1 C1 
9380 30654.19624 36000 2 50 1 B2 
9381 30654.24304 35100 3 49 3 D1 
9382 30657.98915 32400 0 50 1 B1 
9383 30659.36086 36000 0 50 1 B2 
9384 30659.86079 35100 4 49 2 C2 
9385 30662.19623 36000 1 50 1 B2 
9386 30664.64986 34200 4 48 2 C1 
9387 30665.98916 33600 1 50 2 B1 
9388 30667.07508 34200 5 48 1 C1 
9389 30670.12224 36000 3 48 1 C1 
9390 30671.85436 34200 4 48 1 D1 
9391 30672.64985 36000 4 48 1 C1 
9392 30678.11782 34200 5 48 4 C1 
9393 30686.11347 34200 3 48 4 C1 
9394 30687.15953 35700 5 49 1 C2 
9395 30691.31651 34200 4 48 4 C1 
9396 30692.35426 35700 3 49 1 C2 
9397 30699.44681 34200 5 48 3 C1 
9398 30700.4867 35700 4 49 1 C2 
9399 30701.98323 34200 3 48 4 C1 
9400 30704.64988 34200 4 48 4 C1 
9401 30705.71671 35700 5 49 1 C2 
9402 30707.45098 34200 5 48 3 C1 
9403 30708.38338 35700 3 49 1 C2 
9404 30708.69382 34800 0 50 3 B1 
9405 30709.98326 34200 3 48 4 C1 
9406 30715.44686 34200 4 48 3 C1 
9407 30717.98337 34200 5 48 4 C1 
9408 30721.71156 38100 4 49 1 C2 
9409 30722.02716 35400 1 50 4 B1 
9410 30723.44685 43800 3 48 3 C1 
9411 30724.36226 40500 2 49 1 B1 
9412 30726.11357 34200 4 48 3 C1 
9413 30728.83038 37200 2 50 2 B2 
9414 30729.0402 34200 5 48 2 C1 
9415 30760.67775 34200 3 48 4 C1 
9416 30763.45114 34200 4 48 4 C1 
9417 30777.75708 36600 53 49 2 T 
9418 30779.74219 34200 5 48 3 C1 
9419 30782.85901 36600 53 49 2 T 
9420 30784.78442 40500 3 48 3 C1 
9421 30785.80383 33600 0 50 2 B1 
9422 30812.04226 36000 0 50 1 B2 
9423 30815.15382 35400 1 50 5 B1 
9424 30822.30902 36600 53 49 1 T 
9425 30827.39919 36600 53 49 1 T 
9426 30833.5362 36600 53 49 1 T 
9427 30836.50999 36600 53 49 2 T 
9428 30863.32249 34800 2 50 3 B1 
9429 30873.33911 36600 53 49 2 T 
9430 30878.68913 36600 53 49 1 T 
9431 30905.98916 34800 0 50 3 B1 
9432 30908.74896 32400 1 50 1 B1 
9433 30919.36049 34800 2 50 3 B1 
9434 30967.36049 36000 0 50 1 B1 
9435 30977.80382 35400 1 50 5 B1 
9436 30981.98527 37800 53 49 2 T 
9437 30988.849 34800 2 50 3 B1 
9438 30995.3186 38100 53 49 1 T 
9439 30997.98513 34800 53 50 3 T 
9440 31008.65187 36000 53 50 1 T 
9441 31025.80383 35400 0 50 4 B1 
9442 31029.37778 35400 1 49 1 B1 
9443 31033.82016 35700 5 49 1 C2 
9444 31036.4871 35400 2 49 1 B1 
9445 31039.15338 35700 3 49 1 C2 
9446 31040.04449 35400 0 49 1 B1 
9447 31042.41123 33600 1 50 2 B1 
9448 31044.38326 38700 4 49 1 C2 
9449 31044.77897 35400 2 49 1 B1 
9450 31045.87115 34200 5 48 2 D1 
9451 31048.64843 36000 3 48 1 D1 
9452 31049.98911 35400 0 49 1 B1 
9453 31051.34453 34200 4 48 5 C1 
9454 31052.48716 35400 1 49 1 B1 
9455 31053.98193 34200 4 48 4 D1 
9456 31054.06646 34200 5 48 5 C1 
9457 31055.02094 38700 5 49 1 C2 
9458 31056.69425 35400 1 50 4 B2 
9459 31057.68752 43200 3 49 1 C2 
9460 31058.13731 34200 53 48 4 T 
9461 31059.42635 35400 5 49 1 D1 
9462 31060.23253 35400 2 50 4 B2 
9463 31060.48674 39000 4 49 2 C2 
9464 31061.98198 40500 3 49 1 D1 
9465 31062.11346 34200 3 48 1 C1 
9466 31063.00258 35400 0 50 4 B2 
9467 31063.00297 44400 5 49 2 C2 
9468 31063.32244 40800 2 49 2 B1 
9469 31063.47061 34200 53 48 3 T 
9470 31064.64845 34200 4 48 3 D1 
9471 31065.52474 35400 1 50 4 B2 
9472 31066.13733 36000 53 48 1 T 
9473 31067.20462 40500 5 48 3 D1 
9474 31067.44697 34200 4 48 1 C1 
9475 31067.83097 35400 2 50 4 B2 
9476 31068.38336 41100 3 49 2 C2 
9477 31068.80403 34200 53 48 1 T 
9478 31069.98193 35100 3 49 2 D1 
9479 31070.11347 43500 5 48 2 C1 
9480 31071.15949 43500 4 49 1 C2 
9481 31071.47067 34200 53 48 5 T 
9482 31072.69424 35400 0 50 4 B2 
9483 31072.75976 35100 4 49 2 D1 
9484 31072.78442 34200 3 48 1 C1 
9485 31074.13729 34200 53 48 2 T 
9486 31074.72797 40200 0 50 5 A1 
9487 31075.45114 34200 4 48 1 C1 
9488 31075.52957 35400 1 50 4 B2 
9489 31077.98202 36600 5 49 1 D1 
9490 31078.23423 43200 2 50 4 B2 
9491 31080.0613 34800 1 50 3 A1 
9492 31080.78439 34200 5 48 1 C1 
9493 31080.90092 35400 0 50 4 B2 
9494 31083.02819 34800 2 50 3 A1 
9495 31083.34447 34200 3 48 1 C1 
9496 31086.23423 38400 1 50 3 B2 
9497 31086.43075 35400 0 50 5 A1 
9498 31087.15383 33600 0 50 2 B1 
9499 31088.64981 34200 4 48 1 C1 
9500 31088.90091 38400 2 50 3 B2 
9501 31090.67044 36600 1 49 2 B1 
9502 31090.78591 34800 1 50 3 A1 
9503 31091.34449 34200 5 48 1 C1 
9504 31091.52952 41100 0 50 1 B2 
9505 31092.49293 36600 5 49 1 C2 
9506 31093.07879 36600 2 49 2 B1 
9507 31095.02073 35700 3 49 1 C2 
9508 31095.47668 34800 0 50 3 B1 
9509 31096.26943 35400 2 50 4 A1 
9510 31096.70173 34200 3 48 5 D1 
9511 31097.99424 36600 1 49 2 B1 
9512 31100.49282 36600 4 49 1 C2 
9513 31101.33716 43200 2 49 1 B1 
9514 31101.60277 35400 0 50 4 A1 
9515 31105.00533 37200 1 50 2 A1 
9516 31108.49999 35400 2 50 5 A1 
9517 31108.65583 36600 0 49 2 B1 
9518 31110.09293 36600 4 49 2 D1 
9519 31110.11785 34200 3 48 4 C1 
9520 31111.36044 36600 1 49 2 B1 
9521 31112.03498 36000 0 50 1 A1 
9522 31112.538 35100 5 49 3 D1 
9523 31112.78451 34200 4 48 4 C1 
9524 31113.67753 34800 1 50 3 B2 
9525 31113.82014 36600 5 49 1 C2 
9526 31113.98911 35400 2 49 1 B1 
9527 31115.3166 34200 5 48 4 C1 
9528 31119.15338 35700 3 49 1 C2 
9529 31119.36044 35400 0 49 1 B1 
9530 31120.78459 34200 3 48 2 C1 
9531 31121.58491 34800 2 50 3 B2 
9532 31121.82615 35700 4 49 1 C2 
9533 31123.45108 43200 4 48 5 C1 
9534 31124.48682 35700 5 49 1 C2 
9535 31126.01092 34800 0 50 3 B2 
9536 31126.01105 34200 5 48 2 C1 
9537 31126.09297 38100 3 49 1 D1 
9538 31127.04996 35700 3 49 1 C2 
9539 31128.53805 35700 4 49 2 D1 
9540 31128.9009 34800 1 50 3 B2 
9541 31129.6875 35700 4 49 1 C2 
9542 31131.42624 35700 5 49 2 D1 
9543 31131.45105 44100 3 48 4 C1 
9544 31131.52957 34800 2 50 3 B2 
9545 31132.48669 35700 5 49 1 C2 
9546 31134.01115 34800 0 50 3 B2 
9547 31134.09299 42600 3 49 1 D1 
9548 31136.86291 34800 1 50 3 B2 
9549 31139.31656 34200 4 48 5 C1 
9550 31139.3445 38400 2 50 4 B2 
9551 31141.98324 34200 5 48 2 C1 
9552 31142.23425 34800 0 50 3 B2 
9553 31144.02544 35100 1 49 3 B1 
9554 31146.32415 34800 2 50 3 B1 
9555 31147.34441 34200 3 48 2 C1 
9556 31148.76436 34800 0 50 3 B1 
9557 31150.11352 34200 4 48 5 C1 
9558 31150.23419 34800 1 50 3 B2 
9559 31151.05009 35100 3 49 2 C2 
9560 31152.68689 38400 2 50 4 B2 
9561 31153.82049 35100 1 49 3 B1 
9562 31156.7371 35100 2 49 3 B1 
9563 31159.15328 35100 4 49 2 C2 
9564 31160.02549 35100 0 49 3 B1 
9565 31161.71658 35100 5 49 2 C2 
9566 31162.30849 35100 1 49 3 B1 
9567 31164.33586 41100 0 50 2 B2 
9568 31166.01115 34200 5 48 3 C1 
9569 31167.36044 35100 2 49 3 B1 
9570 31168.78026 36000 3 48 1 C1 
9571 31169.81311 35100 0 49 3 B1 
9572 31169.82615 35100 3 49 2 C2 
9573 31171.20459 35100 4 49 3 D1 
9574 31171.34463 34200 4 48 3 C1 
9575 31171.56758 36000 1 50 1 B2 
9576 31172.38327 38100 4 49 1 C2 
9577 31174.01113 36000 5 48 1 C1 
9578 31175.15958 38100 5 49 1 C2 
9579 31177.56591 35400 2 50 5 B2 
9580 31177.80377 39300 1 49 3 B1 
9581 31177.82624 35100 3 49 2 C2 
9582 31179.20463 35700 5 49 1 D1 
9583 31182.0109 36000 0 50 1 B2 
9584 31183.15951 36600 4 49 1 C2 
9585 31184.64981 34200 3 48 3 C1 
9586 31184.69425 36000 1 50 1 B2 
9587 31184.70188 35700 3 49 1 D1 
9588 31185.68751 36600 5 49 1 C2 
9589 31187.3444 34200 4 48 3 C1 
9590 31187.56758 43200 2 50 3 B2 
9591 31188.48673 38100 3 49 1 C2 
9592 31190.02025 36000 0 50 1 B2 
9593 31190.11348 34200 5 48 4 C1 
9594 31192.67774 34200 3 48 3 C1 
9595 31195.4468 38700 4 48 2 C1 
9596 31195.56757 36000 1 50 1 B2 
9597 31196.47049 35400 2 50 5 B1 
9598 31197.98317 38700 5 48 2 C1 
9599 31198.03132 34800 2 50 3 B2 
9600 31200.6498 43500 3 48 1 C1 
9601 31200.67752 34800 0 50 3 B2 
9602 31202.02716 34800 0 50 3 B1 
9603 31203.36091 34800 1 50 3 B2 
9604 31207.98879 35400 1 49 1 B1 
9605 31208.7844 34200 4 48 4 C1 
9606 31211.2318 34200 5 48 5 C1 
9607 31212.35416 37800 4 49 2 C2 
9608 31214.02757 34800 2 50 3 B2 
9609 31215.15938 35100 5 49 1 C2 
9610 31217.58486 37200 0 50 2 B2 
9611 31217.68763 38400 3 49 2 C2 
9612 31220.76504 43500 4 49 2 C2 
9613 31225.69169 38400 5 49 2 C2 
9614 31227.34425 37200 1 50 2 B2 
9615 31231.02086 35100 3 49 1 C2 
9616 31231.1371 35100 2 49 3 B1 
9617 31236.38342 35100 4 49 2 C2 
9618 31236.48711 35100 0 49 3 B1 
9619 31238.19625 35400 2 50 5 B2 
9620 31240.44454 34200 4 48 1 D1 
9621 31240.67783 35400 0 50 5 B2 
9622 31243.3609 35400 1 50 5 B2 
9623 31246.02758 37200 2 50 2 B2 
9624 31246.11782 36000 3 48 1 C1 
9625 31247.15334 35100 5 49 2 C2 
9626 31249.71663 35100 3 49 2 C2 
9627 31251.36848 37800 5 49 2 D1 
9628 31252.49282 35100 4 49 2 C2 
9629 31255.15382 35400 1 50 4 B1 
9630 31256.67757 41100 0 50 3 B2 
9631 31256.78013 36000 4 48 1 C1 
9632 31258.33406 35400 3 49 1 D1 
9633 31259.52958 35400 1 50 5 B2 
9634 31262.11786 36000 5 48 1 C1 
9635 31262.19623 35400 2 50 5 B2 
9636 31264.69419 35400 0 50 5 B2 
9637 31265.80383 35400 2 50 4 B1 
9638 31267.22104 34800 1 50 3 B2 
9639 31268.38324 35700 5 49 2 C2 
9640 31270.01108 36000 3 48 1 C1 
9641 31273.82004 35700 3 49 2 C2 
9642 31276.35423 35700 4 49 2 C2 
9643 31278.19623 35400 2 50 5 B2 
9644 31279.15351 35700 5 49 2 C2 
9645 31286.74108 34200 4 48 2 C1 
9646 31287.02086 35700 3 49 2 C2 
9647 31289.82001 39300 4 49 1 C2 
9648 31297.6876 42300 5 49 1 C2 
9649 31300.35415 37800 3 49 2 C2 
9650 31308.49283 37800 4 49 2 C2 
9651 31308.65582 34800 0 50 3 B1 
9652 31329.82049 36000 1 50 1 B1 
9653 31348.48682 35700 5 49 2 C2 
9654 31353.82004 35700 3 49 2 C2 
9655 31364.38333 35700 4 49 2 C2 
9656 31367.02084 35700 5 49 2 C2 
9657 31370.02715 34800 2 50 3 B1 
9658 31371.43197 35100 4 49 1 D1 
9659 31377.99227 40500 53 48 3 T 
9660 31383.08134 40500 53 48 3 T 
9661 31383.32249 34800 0 50 3 B1 
9662 31383.66448 35100 3 49 1 C2 
9663 31387.95708 40200 53 50 5 T 
9664 31389.04284 40200 5 49 2 D1 
9665 31393.05901 40200 53 50 5 T 
9666 31398.39227 40500 53 49 1 T 
9667 31403.48134 40500 53 49 1 T 
9668 31408.35708 37200 53 50 2 T 
9669 31413.45901 37200 53 50 2 T 
9670 31422.08807 40200 53 49 2 T 
9671 31425.80382 35400 1 50 5 B1 
9672 31427.20845 40200 53 49 2 T 
9673 31430.92398 37200 53 50 2 T 
9674 31432.50899 40500 53 49 1 T 
9675 31437.5992 40500 53 49 1 T 
9676 31447.36049 36000 2 50 1 B1 
9677 31460.99388 42600 4 49 1 C2 
9678 31470.68912 40500 53 49 1 T 
9679 31476.19113 40500 53 49 1 T 
9680 31478.89579 37200 53 50 2 T 
9681 31484.22912 40500 53 48 3 T 
9682 31511.13716 37200 0 50 2 B1 
9683 31532.22914 40200 53 49 2 T 
9684 31537.33911 40200 53 50 5 T 
9685 31576.65199 38700 53 49 1 T 
9686 31581.98531 38400 53 49 2 T 
9687 31592.65189 36600 53 49 1 T 
9688 31595.31864 35100 53 49 2 T 
9689 31603.31838 38400 53 50 3 T 
9690 31608.65187 34800 53 50 3 T 
9691 31629.47044 35400 1 49 1 B1 
9692 31639.15947 37800 5 49 2 C2 
9693 31639.87288 35100 2 49 3 B1 
9694 31642.25552 35100 0 49 3 B1 
9695 31644.43922 37800 3 49 2 C2 
9696 31646.09282 38700 3 48 2 D1 
9697 31647.13716 35100 1 49 3 B1 
9698 31648.75962 36000 4 48 1 D1 
9699 31649.68757 37800 4 49 2 C2 
9700 31649.82044 35100 2 49 3 B1 
9701 31652.31579 38400 53 50 4 T 
9702 31652.48716 34800 0 50 3 B1 
9703 31652.80404 35100 53 49 3 T 
9704 31653.98324 36000 5 48 1 C1 
9705 31655.10627 38400 5 49 2 C2 
9706 31655.15377 35100 1 49 3 B1 
9707 31656.78452 36000 3 48 1 C1 
9708 31659.31509 36000 5 48 1 D1 
9709 31660.34424 38400 0 50 3 B2 
9710 31660.49282 45000 3 49 1 C2 
9711 31660.65577 43200 2 49 1 B1 
9712 31661.98192 35700 3 49 1 D1 
9713 31662.91162 42600 1 50 1 B2 
9714 31663.15383 37200 0 50 2 B1 
9715 31664.64985 36000 4 48 1 C1 
9716 31664.70187 35400 4 49 1 D1 
9717 31665.56586 38400 2 50 3 B2 
9718 31665.82627 38400 4 49 2 C2 
9719 31666.13731 34200 53 48 1 T 
9720 31667.29866 36000 5 48 1 C1 
9721 31667.36858 36600 5 49 2 D1 
9722 31668.49283 38400 5 49 2 C2 
9723 31670.02757 38400 0 50 4 B2 
9724 31670.03523 35700 3 49 1 D1 
9725 31672.86291 38400 1 50 4 B2 
9726 31673.68754 42900 3 49 2 C2 
9727 31675.4468 36000 3 48 1 C1 
9728 31676.77262 38400 1 50 4 A1 
9729 31677.98316 40500 4 48 3 C1 
9730 31679.47059 38700 53 48 2 T 
9731 31680.16689 37200 2 50 2 A1 
9732 31680.64862 38700 4 49 1 D1 
9733 31680.67782 44100 5 48 4 C1 
9734 31680.9009 37200 2 50 2 B2 
9735 31682.79544 35400 1 49 1 B1 
9736 31683.36849 38100 5 49 1 D1 
9737 31683.37687 38700 3 48 2 C1 
9738 31683.56756 37200 0 50 2 B2 
9739 31686.19624 42900 1 50 2 B2 
9740 31688.65003 43800 4 48 3 C1 
9741 31688.69424 40200 2 50 5 B2 
9742 31690.10596 35400 0 50 5 A1 
9743 31691.44682 38700 5 48 2 C1 
9744 31691.56758 38400 0 50 4 B2 
9745 31692.3833 42600 4 49 1 C2 
9746 31692.47043 35400 2 49 1 B1 
9747 31693.53262 36000 1 50 1 A1 
9748 31694.23424 37200 1 50 2 B2 
9749 31695.40382 35400 0 49 1 B1 
9750 31696.93518 35400 2 50 5 A1 
9751 31697.36721 36600 53 49 2 T 
9752 31700.4204 36000 0 50 1 A1 
9753 31703.32245 35400 1 49 1 B1 
9754 31703.35374 38400 1 50 3 A1 
9755 31705.75209 38700 5 49 1 C2 
9756 31705.98915 35400 2 50 4 B1 
9757 31708.37984 35400 2 50 4 A1 
9758 31711.15383 35400 0 49 1 B1 
9759 31711.34672 35400 0 50 4 A1 
9760 31713.82617 38700 3 49 1 C2 
9761 31716.38336 39000 4 49 2 C2 
9762 31719.1058 39000 5 49 2 C2 
9763 31720.75962 36600 3 49 1 D1 
9764 31720.90091 34800 2 50 3 B2 
9765 31721.9891 35400 1 49 1 B1 
9766 31723.31523 35400 4 49 1 D1 
9767 31723.52958 36000 0 50 1 B2 
9768 31724.3833 42900 3 49 1 C2 
9769 31725.9819 37800 5 49 2 D1 
9770 31727.04994 40500 4 49 1 C2 
9771 31728.90086 34800 1 50 3 B2 
9772 31731.52957 34800 2 50 3 B2 
9773 31733.98181 35700 3 49 2 D1 
9774 31733.98323 36000 3 48 1 C1 
9775 31735.00258 36000 0 50 1 B2 
9776 31736.04444 36600 2 49 2 B1 
9777 31736.78013 36000 4 48 1 C1 
9778 31737.67753 36000 1 50 1 B2 
9779 31739.30093 36000 5 48 1 C1 
9780 31739.42631 35700 4 49 2 D1 
9781 31740.23351 34800 2 50 3 B2 
9782 31740.48669 41700 5 49 2 C2 
9783 31742.55926 41400 0 50 4 B2 
9784 31745.11752 34800 1 50 3 B2 
9785 31747.44362 34800 2 50 3 B2 
9786 31754.02715 36600 0 49 2 B1 
9787 31756.38339 36600 3 49 1 C2 
9788 31756.49086 36600 1 49 2 B1 
9789 31758.01091 38400 0 50 3 B2 
9790 31760.04449 36600 2 49 2 B1 
9791 31764.69378 36600 0 49 2 B1 
9792 31769.98916 36600 1 49 2 B1 
9793 31772.35429 36600 4 49 1 C2 
9794 31774.09291 40800 5 49 2 D1 
9795 31774.23425 35400 1 50 4 B2 
9796 31775.04992 39300 5 49 1 C2 
9797 31776.90091 35400 2 50 4 B2 
9798 31777.71663 38100 3 49 1 C2 
9799 31780.35417 38100 4 49 1 C2 
9800 31783.00253 35400 0 50 4 B2 
9801 31783.02093 38100 5 49 1 C2 
9802 31783.36049 35400 2 50 5 B1 
9803 31785.53816 35400 1 50 4 B2 
9804 31785.81313 39300 0 49 3 B1 
9805 31785.82603 35100 3 49 1 C2 
9806 31788.08588 36000 2 50 1 B2 
9807 31788.31671 35400 1 49 1 B1 
9808 31788.35419 39300 4 49 1 C2 
9809 31790.62218 35400 0 50 4 B2 
9810 31790.81503 39300 2 49 3 B1 
9811 31791.15948 38100 5 49 1 C2 
9812 31795.20464 38400 3 49 2 D1 
9813 31795.36658 36000 1 50 1 B2 
9814 31798.09287 35100 4 49 2 D1 
9815 31798.91824 35400 2 50 4 B2 
9816 31801.84296 42900 3 49 2 C2 
9817 31803.3609 36000 0 50 1 B2 
9818 31806.0109 42600 1 50 5 B2 
9819 31807.02095 35700 4 49 1 C2 
9820 31809.81997 35700 5 49 1 C2 
9821 31819.36091 36000 2 50 1 B2 
9822 31820.15064 36000 3 48 1 C1 
9823 31823.79696 37800 3 49 2 C2 
9824 31828.35421 45300 4 49 1 C2 
9825 31830.01091 35400 0 50 5 B2 
9826 31831.02086 35700 5 49 1 C2 
9827 31832.67757 35400 1 50 5 B2 
9828 31833.71652 35700 3 49 1 C2 
9829 31835.23809 37200 2 50 2 B2 
9830 31836.48675 35700 4 49 1 C2 
9831 31839.15333 36600 5 49 1 C2 
9832 31840.69457 35400 0 50 5 B2 
9833 31843.27401 38700 4 48 2 C1 
9834 31844.4868 36600 3 49 1 C2 
9835 31846.27309 40500 0 49 1 B1 
9836 31847.15335 35700 4 49 1 C2 
9837 31848.69425 35400 1 50 5 B2 
9838 31851.34424 35400 2 50 5 B2 
9839 31855.04999 36600 5 49 1 C2 
9840 31863.15945 35700 3 49 2 C2 
9841 31865.54896 42600 4 49 2 C2 
9842 31867.3609 35400 0 50 5 B2 
9843 31868.48674 35700 5 49 2 C2 
9844 31869.19601 36000 1 50 1 B1 
9845 31870.19623 35400 1 50 5 B2 
9846 31875.52958 35400 2 50 4 B2 
9847 31876.48673 40200 3 49 2 C2 
9848 31880.98624 34800 0 50 3 B2 
9849 31881.82003 41400 4 49 1 C2 
9850 31884.64941 38700 5 49 1 C2 
9851 31889.68743 35700 3 49 2 C2 
9852 31891.95875 35400 2 49 1 B1 
9853 31892.31547 41400 5 48 4 C1 
9854 31892.49288 35700 4 49 2 C2 
9855 31903.15948 35700 5 49 1 C2 
9856 31904.33759 34800 1 50 3 A1 
9857 31905.74977 35700 3 49 1 C2 
9858 31907.26447 35100 5 49 3 D1 
9859 31910.75418 36600 4 49 1 C2 
9860 31924.38327 35100 5 49 2 C2 
9861 31929.82626 35100 3 49 2 C2 
9862 31935.15953 35700 4 49 2 C2 
9863 31940.49284 35100 5 49 2 C2 
9864 31948.24491 36000 1 50 1 B2 
9865 31948.48662 35100 3 49 2 C2 
9866 31951.05001 35100 4 49 2 C2 
9867 31956.38329 35700 5 49 2 C2 
9868 31961.71664 35700 3 49 2 C2 
9869 31964.38337 35700 4 49 2 C2 
9870 31968.58175 43200 3 49 1 D1 
9871 31969.82004 35700 5 49 2 C2 
9872 31977.99227 41100 53 50 3 T 
9873 31983.08134 41100 53 50 3 T 
9874 31987.95708 41100 53 50 1 T 
9875 31993.4023 35400 2 50 5 B2 
9876 31995.52947 41100 53 50 1 T 
9877 31998.39227 41100 53 49 3 T 
9878 32003.48134 40800 53 49 2 T 
9879 32008.35708 40800 53 49 2 T 
9880 32013.45901 41100 53 50 2 T 
9881 32016.28494 35400 0 50 4 B2 
9882 32018.79227 41100 53 50 2 T 
9883 32022.08807 38100 53 49 1 T 
9884 32027.20845 38100 53 49 1 T 
9885 32028.20267 38100 53 49 1 T 
9886 32032.50899 41100 53 49 2 T 
9887 32036.25727 37800 53 49 2 T 
9888 32037.5992 41100 53 49 2 T 
9889 32042.48806 37800 53 49 2 T 
9890 32047.60843 37800 53 49 2 T 
9891 32055.21239 45300 3 49 2 C2 
9892 32076.19112 40800 53 49 2 T 
9893 32077.41268 35700 4 49 1 C2 
9894 32078.67246 37800 53 49 2 T 
9895 32084.02245 41100 53 50 2 T 
9896 32126.68913 41100 53 49 2 T 
9897 32179.31856 39000 53 49 2 T 
9898 32181.98531 39300 53 49 1 T 
9899 32182.8578 38100 53 49 1 T 
9900 32184.65197 35700 53 49 2 T 
9901 32187.31863 35700 53 49 1 T 
9902 32187.98456 41100 53 50 3 T 
9903 32195.31862 35400 53 50 4 T 
9904 32201.56245 41100 53 50 1 T 
9905 32203.31845 35400 53 50 5 T 
9906 32211.31844 37200 53 50 2 T 
9907 32213.98527 34800 53 50 3 T 
9908 32229.33711 36600 0 49 2 B1 
9909 32232.00382 36600 1 49 2 B1 
9910 32236.35416 38100 5 49 1 C2 
9911 32239.01574 38100 3 49 1 C2 
9912 32244.47048 36600 2 49 2 B1 
9913 32245.87114 38700 4 48 2 D1 
9914 32247.1371 36600 0 49 2 B1 
9915 32247.47071 35400 53 49 1 T 
9916 32249.9891 36600 1 49 2 B1 
9917 32251.20457 36000 5 48 1 D1 
9918 32251.34453 43500 3 48 2 C1 
9919 32252.25153 36000 1 50 1 B2 
9920 32252.48711 36600 2 49 2 B1 
9921 32253.87133 36600 3 49 2 D1 
9922 32254.89924 36000 2 50 1 B2 
9923 32255.36049 36600 0 49 2 B1 
9924 32256.53788 44100 4 48 4 D1 
9925 32257.71662 39300 4 49 1 C2 
9926 32258.02715 36000 1 50 1 B1 
9927 32259.2047 38100 5 49 1 D1 
9928 32259.36091 36000 0 50 1 B2 
9929 32259.4469 36000 4 48 1 C1 
9930 32260.38332 42600 5 49 1 C2 
9931 32260.80425 39300 53 49 3 T 
9932 32262.09288 36000 3 48 1 D1 
9933 32263.02081 39300 3 49 1 C2 
9934 32263.13711 36600 2 49 2 B1 
9935 32264.7801 36000 5 48 1 C1 
9936 32264.90092 36000 1 50 1 B2 
9937 32265.7167 38100 4 49 1 C2 
9938 32267.36467 43200 2 50 4 B2 
9939 32267.44698 36000 3 48 1 C1 
9940 32268.35417 39000 5 49 2 C2 
9941 32270.02757 36000 0 50 1 B2 
9942 32270.11336 36000 4 48 1 C1 
9943 32271.15948 39000 3 49 2 C2 
9944 32272.70192 39000 4 49 2 D1 
9945 32272.78445 36000 5 48 1 C1 
9946 32273.68758 39000 4 49 2 C2 
9947 32275.20465 37800 5 49 2 D1 
9948 32275.45118 44100 3 48 4 C1 
9949 32275.52957 36000 1 50 1 B2 
9950 32277.98315 36000 4 48 1 C1 
9951 32278.09301 35700 3 49 2 D1 
9952 32280.78431 36000 5 48 1 C1 
9953 32280.86286 35400 2 50 4 B2 
9954 32282.69211 35400 0 49 1 B1 
9955 32283.44683 36000 3 48 1 C1 
9956 32284.93317 36000 2 50 1 A1 
9957 32285.35882 35400 1 49 1 B1 
9958 32286.11348 36000 4 48 1 C1 
9959 32288.32743 35400 0 50 5 A1 
9960 32288.78021 45900 5 48 1 C1 
9961 32288.9009 35400 0 50 4 B2 
9962 32289.82002 40500 5 49 1 C2 
9963 32291.30117 35400 1 50 4 A1 
9964 32292.48676 37800 3 49 2 C2 
9965 32294.23424 35400 1 50 4 B2 
9966 32295.55041 38400 2 50 4 A1 
9967 32298.07043 35400 2 49 1 B1 
9968 32298.7118 36000 0 50 1 A1 
9969 32300.5106 40800 0 49 2 B1 
9970 32303.4496 37200 1 50 2 A1 
9971 32305.67758 41100 2 50 1 B2 
9972 32305.71653 37800 4 49 2 C2 
9973 32306.39094 38400 2 50 3 A1 
9974 32308.48711 39300 1 49 3 B1 
9975 32311.32244 36600 2 49 2 B1 
9976 32313.68753 37800 5 49 2 C2 
9977 32313.80408 38400 0 50 3 B1 
9978 32315.36851 36600 4 49 1 D1 
9979 32316.23253 38400 0 50 3 B2 
9980 32319.15337 38100 3 49 1 C2 
9981 32319.15383 35400 1 50 5 B1 
9982 32320.67758 43200 1 50 3 B2 
9983 32320.70185 35400 5 49 1 D1 
9984 32320.78462 45900 3 48 5 C1 
9985 32321.68751 37800 4 49 2 C2 
9986 32321.82044 39300 2 49 3 B1 
9987 32324.3833 38100 5 49 1 C2 
9988 32327.1535 38100 3 49 1 C2 
9989 32328.53797 38400 3 49 2 D1 
9990 32328.67773 38700 4 48 2 C1 
9991 32328.86291 35400 2 50 5 B2 
9992 32329.82004 37800 4 49 2 C2 
9993 32331.4511 43500 5 48 1 C1 
9994 32331.52957 41100 0 50 2 B2 
9995 32332.35424 37800 5 49 2 C2 
9996 32334.01116 41100 1 50 3 B2 
9997 32336.64856 38700 4 49 1 D1 
9998 32336.7845 38700 3 48 2 C1 
9999 32336.90091 38400 2 50 3 B2 
10000 32339.38503 38700 4 48 2 C1 
10001 32339.56757 35400 0 50 5 B2 
10002 32342.23419 35400 1 50 5 B2 
10003 32343.15943 35700 3 49 1 C2 
10004 32344.67769 43200 5 48 5 C1 
10005 32345.82621 35700 4 49 1 C2 
10006 32347.34424 36000 2 50 1 B2 
10007 32350.11781 38700 3 48 2 C1 
10008 32352.67756 35400 0 50 5 B2 
10009 32364.35409 35700 5 49 1 C2 
10010 32367.15333 42300 3 49 1 C2 
10011 32367.15383 40500 0 49 1 B1 
10012 32369.8201 35700 4 49 1 C2 
10013 32370.02711 35400 1 49 1 B1 
10014 32372.65583 37200 2 50 2 B1 
10015 32375.02086 41100 5 49 2 C2 
10016 32375.15382 38400 0 50 4 B1 
10017 32377.82615 38700 3 49 1 C2 
10018 32380.4928 38700 4 49 1 C2 
10019 32382.23424 38400 1 50 4 B2 
10020 32383.15957 38700 5 49 1 C2 
10021 32385.82009 38700 3 49 1 C2 
10022 32387.36092 38400 2 50 4 B2 
10023 32390.02757 37200 0 50 2 B2 
10024 32390.09293 35700 5 49 1 D1 
10025 32392.64845 39300 3 49 1 D1 
10026 32393.71659 38400 4 49 2 C2 
10027 32396.10107 39300 5 49 1 C2 
10028 32398.0109 38400 1 50 4 B2 
10029 32400.67752 37200 2 50 2 B2 
10030 32401.71673 45600 3 49 2 C2 
10031 32407.64263 35400 1 50 4 B1 
10032 32408.69423 37200 0 50 2 B2 
10033 32423.10394 35700 4 49 2 C2 
10034 32427.20917 36000 1 50 1 B2 
10035 32428.42484 35700 5 49 2 C2 
10036 32433.71675 35700 3 49 2 C2 
10037 32436.3833 35700 4 49 2 C2 
10038 32439.15335 35700 5 49 1 C2 
10039 32441.82617 35700 3 49 2 C2 
10040 32449.68751 36600 4 49 1 C2 
10041 32452.35429 36600 5 49 1 C2 
10042 32456.90917 36600 4 49 2 D1 
10043 32458.88265 35400 2 50 4 B2 
10044 32463.65 39300 2 49 3 B1 
10045 32479.05011 36600 3 49 1 C2 
10046 32481.22838 38400 0 50 3 B2 
10047 32484.38333 36600 4 49 1 C2 
10048 32487.02089 38400 5 49 2 C2 
10049 32489.68759 38400 3 49 2 C2 
10050 32492.07854 40500 4 48 3 C1 
10051 32492.49274 36600 4 49 1 C2 
10052 32495.1595 38400 5 49 2 C2 
10053 32497.68749 36600 3 49 1 C2 
10054 32501.9752 39300 5 49 3 D1 
10055 32505.71669 36600 4 49 1 C2 
10056 32525.97071 35400 0 49 1 B1 
10057 32528.64016 36600 3 49 1 D1 
10058 32539.65819 40200 1 50 5 B2 
10059 32545.7167 36600 5 49 1 C2 
10060 32548.48682 43500 3 49 2 C2 
10061 32548.7282 43200 1 49 1 B1 
10062 32551.15336 36600 4 49 1 C2 
10063 32559.1534 40200 5 49 2 C2 
10064 32562.60978 37200 2 50 2 B2 
10065 32564.35422 43500 3 49 1 C2 
10066 32577.98134 41400 53 48 4 T 
10067 32580.55427 44400 4 49 2 C2 
10068 32582.85708 41400 53 48 4 T 
10069 32585.67418 37200 0 50 2 B2 
10070 32588.12095 38700 53 48 2 T 
10071 32593.29227 38700 53 48 2 T 
10072 32598.38134 41400 53 50 4 T 
10073 32602.69729 43200 5 49 1 C2 
10074 32603.25708 41400 53 50 4 T 
10075 32608.35901 38400 53 50 3 T 
10076 32613.69227 38400 53 50 3 T 
10077 32617.53616 38700 53 48 2 T 
10078 32618.78134 38400 53 50 4 T 
10079 32620.49468 38700 53 49 1 T 
10080 32622.30902 38700 53 49 1 T 
10081 32623.65708 38400 53 50 4 T 
10082 32627.39919 38700 53 49 1 T 
10083 32628.25731 38400 53 50 3 T 
10084 32631.25301 38400 53 50 4 T 
10085 32632.28805 38400 53 49 2 T 
10086 32637.40844 38400 53 49 2 T 
10087 32642.70899 41400 53 49 1 T 
10088 32647.79917 41400 53 49 1 T 
10089 32652.68806 41700 53 49 2 T 
10090 32657.80847 41700 53 49 2 T 
10091 32670.67245 38400 53 50 3 T 
10092 32673.56247 38700 53 49 1 T 
10093 32676.20267 38400 53 49 2 T 
10094 32681.33911 38700 53 48 2 T 
10095 32729.33913 41400 53 49 1 T 
10096 32737.35578 41400 53 48 4 T 
10097 32781.98527 38100 53 49 1 T 
10098 32784.65192 37800 53 49 2 T 
10099 32785.01122 38400 53 50 4 T 
10100 32793.3558 38400 53 49 2 T 
10101 32798.85778 41400 53 50 4 T 
10102 32813.98523 36000 53 50 1 T 
10103 32829.47044 36600 2 49 2 B1 
10104 32837.19605 36600 0 49 2 B1 
10105 32839.59998 36600 1 49 2 B1 
10106 32841.82005 38400 3 49 2 C2 
10107 32842.06276 43200 2 49 1 B1 
10108 32844.35427 38400 4 49 2 C2 
10109 32846.03513 38700 4 48 2 D1 
10110 32846.8578 41700 53 49 2 T 
10111 32847.04987 38400 5 49 2 C2 
10112 32848.53786 36000 5 48 1 D1 
10113 32849.80377 40800 0 49 2 B1 
10114 32849.82617 45300 3 49 2 C2 
10115 32852.33591 37200 1 50 2 B2 
10116 32852.35417 38400 4 49 2 C2 
10117 32852.65582 37200 1 50 2 B1 
10118 32854.03507 43200 3 48 5 D1 
10119 32854.11786 41400 5 48 4 C1 
10120 32855.3225 40500 2 49 1 B1 
10121 32856.63436 36000 3 48 1 C1 
10122 32856.6486 36600 4 49 2 D1 
10123 32857.82628 39000 5 49 2 C2 
10124 32859.56758 37200 2 50 2 B2 
10125 32860.69377 40500 0 49 1 B1 
10126 32861.98191 39000 5 49 2 D1 
10127 32861.98316 38700 4 48 2 C1 
10128 32863.01086 37200 0 50 2 B2 
10129 32863.15343 39000 3 49 2 C2 
10130 32863.36049 36000 1 50 1 B1 
10131 32864.64859 36600 3 49 2 D1 
10132 32864.72891 44100 5 48 4 C1 
10133 32865.56684 41100 1 50 3 B2 
10134 32867.89259 42600 2 50 1 B2 
10135 32868.49288 39000 4 49 2 C2 
10136 32870.4616 42900 0 50 2 B2 
10137 32871.02088 39000 5 49 2 C2 
10138 32872.53806 38700 4 49 1 D1 
10139 32873.00832 36000 1 50 1 B2 
10140 32875.34447 40500 3 48 3 C1 
10141 32875.36858 39300 5 49 1 D1 
10142 32875.51658 41400 2 50 4 B2 
10143 32876.80392 36000 53 48 1 T 
10144 32877.98328 43800 4 48 3 C1 
10145 32878.06058 41100 0 50 1 B2 
10146 32880.75954 38400 3 49 2 D1 
10147 32882.79544 39300 2 49 3 B1 
10148 32883.31648 40500 5 48 3 C1 
10149 32883.52957 36000 1 50 1 B2 
10150 32884.77983 37200 0 50 2 A1 
10151 32886.11773 38700 3 48 2 C1 
10152 32886.19623 36000 2 50 1 B2 
10153 32887.71432 37200 1 50 2 A1 
10154 32888.67795 38700 4 48 2 C1 
10155 32890.6545 38400 2 50 3 A1 
10156 32890.79549 39300 0 49 3 B1 
10157 32891.52958 36000 0 50 1 B2 
10158 32892.48684 40200 3 49 2 C2 
10159 32895.13711 36600 1 49 2 B1 
10160 32895.15958 42900 4 49 2 C2 
10161 32895.59183 38400 0 50 4 A1 
10162 32897.80376 39300 2 49 3 B1 
10163 32900.73715 36600 0 49 2 B1 
10164 32900.92517 36000 1 50 1 A1 
10165 32903.02077 40200 5 49 2 C2 
10166 32905.82003 45000 3 49 1 C2 
10167 32908.25158 38400 1 50 3 B2 
10168 32908.38339 40500 4 49 1 C2 
10169 32911.04997 41700 5 49 2 C2 
10170 32911.15377 36600 1 49 2 B1 
10171 32913.80383 38400 2 50 4 B1 
10172 32913.82616 40500 3 49 1 C2 
10173 32916.49282 37800 4 49 2 C2 
10174 32916.69382 38400 0 50 3 B1 
10175 32919.00253 46200 2 50 5 B2 
10176 32920.7596 38100 4 49 1 D1 
10177 32921.53624 37200 0 50 2 B2 
10178 32921.81312 36600 1 49 2 B1 
10179 32921.82007 38400 5 49 2 C2 
10180 32923.4263 39300 5 49 3 D1 
10181 32924.04762 38400 1 50 4 B2 
10182 32928.90092 38400 2 50 4 B2 
10183 32931.20454 36600 3 49 1 D1 
10184 32931.52952 37200 0 50 2 B2 
10185 32934.03521 36600 4 49 1 D1 
10186 32934.1135 36000 5 48 1 C1 
10187 32934.19624 38400 1 50 4 B2 
10188 32935.04999 42600 3 49 1 C2 
10189 32936.6486 37800 5 49 2 D1 
10190 32936.64978 36000 3 48 1 C1 
10191 32936.69424 38400 2 50 4 B2 
10192 32939.52958 38400 0 50 4 B2 
10193 32941.98322 36000 4 48 1 C1 
10194 32944.90091 37200 1 50 2 B2 
10195 32947.56757 37200 2 50 2 B2 
10196 32950.23423 37200 0 50 2 B2 
10197 32951.15962 41400 4 49 1 C2 
10198 32959.05011 41100 5 49 2 C2 
10199 32961.82616 37800 3 49 2 C2 
10200 32964.35429 37800 4 49 2 C2 
10201 32967.04999 37800 5 49 2 C2 
10202 32969.81994 42900 3 49 2 C2 
10203 32971.52958 40200 1 50 5 B2 
10204 32972.49285 37800 4 49 2 C2 
10205 32975.02083 37800 5 49 2 C2 
10206 32975.32244 39300 2 49 3 B1 
10207 32977.71661 42600 3 49 2 C2 
10208 32979.34425 42600 2 50 5 B2 
10209 32981.53992 36600 0 49 2 B1 
10210 32984.90086 38400 0 50 3 B2 
10211 32987.52957 41100 1 50 2 B2 
10212 32990.23424 40200 2 50 5 B2 
10213 32991.02083 37800 4 49 2 C2 
10214 32992.68691 38400 0 50 3 B2 
10215 32993.46659 38400 5 49 2 C2 
10216 32995.34457 38400 1 50 3 B2 
10217 33007.05009 36600 3 49 1 C2 
10218 33008.67757 38400 2 50 3 B2 
10219 33009.40726 38700 5 48 2 C1 
10220 33009.6876 36600 4 49 1 C2 
10221 33023.04998 36600 5 49 1 C2 
10222 33025.68755 36600 3 49 1 C2 
10223 33028.48667 36600 4 49 1 C2 
10224 33031.1594 36600 5 49 1 C2 
10225 33032.4292 38700 3 48 2 C1 
10226 33033.68869 36600 3 49 1 C2 
10227 33041.82008 36600 4 49 1 C2 
10228 33055.75967 38700 4 48 2 C1 
10229 33057.68765 38100 5 49 1 C2 
10230 33065.82017 38100 3 49 1 C2 
10231 33066.83443 36600 1 49 2 B1 
10232 33073.74982 38700 4 49 1 C2 
10233 33079.15952 38700 5 49 1 C2 
10234 33081.71655 38700 3 49 1 C2 
10235 33084.48673 38700 4 49 1 C2 
10236 33087.15335 38100 5 49 1 C2 
10237 33089.47133 36000 5 48 1 C1 
10238 33092.49287 38700 3 49 1 C2 
10239 33095.02086 45300 4 49 1 C2 
10240 33111.1535 39300 5 49 1 C2 
10241 33116.49295 46500 3 49 1 C2 
10242 33127.15336 39300 4 49 1 C2 
10243 33129.71672 38100 5 49 1 C2 
10244 33132.35407 39300 3 49 1 C2 
10245 33140.37131 39300 4 49 1 C2 
10246 33145.71667 38100 5 49 1 C2 
10247 33153.82004 38100 3 49 1 C2 
10248 33172.51803 36600 4 49 1 C2 
10249 33177.75901 39300 53 49 3 T 
10250 33183.09227 39300 53 49 3 T 
10251 33194.74642 42900 5 49 1 C2 
10252 33220.25731 39300 53 49 3 T 
10253 33222.30902 39000 53 49 2 T 
10254 33223.23112 39000 53 49 2 T 
10255 33227.39919 39000 53 49 2 T 
10256 33230.76804 38700 3 49 1 C2 
10257 33230.86958 39300 53 49 1 T 
10258 33232.28805 42300 53 49 1 T 
10259 33237.40844 42300 53 49 1 T 
10260 33242.70899 39300 53 49 1 T 
10261 33247.79917 39300 53 49 1 T 
10262 33276.22914 39300 53 49 1 T 
10263 33297.88197 38100 4 49 1 C2 
10264 33324.07865 39300 53 49 3 T 
10265 33332.00579 39000 53 49 2 T 
10266 33381.98532 36600 53 49 1 T 
10267 33384.65195 40500 53 49 1 T 
10268 33385.3558 42300 53 49 1 T 
10269 33392.65202 38400 53 50 4 T 
10270 33395.31861 38700 53 49 1 T 
10271 33403.31852 40200 53 50 5 T 
10272 33411.31827 38400 53 50 3 T 
10273 33433.79599 38400 53 49 2 T 
10274 33433.82615 39300 5 49 1 C2 
10275 33436.38341 39300 3 49 1 C2 
10276 33436.4871 39300 2 49 3 B1 
10277 33440.04449 39300 0 49 3 B1 
10278 33442.41123 39300 1 49 3 B1 
10279 33445.37778 39300 2 49 3 B1 
10280 33446.03506 40500 3 48 3 D1 
10281 33447.15328 44400 4 49 2 C2 
10282 33447.74451 40800 0 49 2 B1 
10283 33448.65194 40200 53 49 2 T 
10284 33448.67782 38700 3 48 2 C1 
10285 33449.56591 40200 0 50 5 B2 
10286 33449.82627 39300 5 49 1 C2 
10287 33450.17833 40800 1 49 2 B1 
10288 33451.42626 40500 4 49 1 D1 
10289 33452.69952 39300 2 49 3 B1 
10290 33452.80404 40500 53 49 1 T 
10291 33453.98189 38700 5 48 2 D1 
10292 33454.01115 43200 4 48 5 C1 
10293 33454.02758 40200 1 50 5 B2 
10294 33455.47095 36600 53 49 2 T 
10295 33456.7803 38700 5 48 2 C1 
10296 33457.81315 37200 0 50 2 B1 
10297 33460.48716 38400 1 50 3 B1 
10298 33460.49283 40500 3 49 1 C2 
10299 33461.87137 39000 3 49 2 D1 
10300 33462.01106 45900 3 48 5 C1 
10301 33462.9182 40200 2 50 5 B2 
10302 33463.02093 43500 4 49 2 C2 
10303 33464.53802 36600 4 49 2 D1 
10304 33465.71665 40500 5 49 1 C2 
10305 33466.1373 38700 53 48 2 T 
10306 33467.31652 43500 4 48 1 C1 
10307 33467.63535 41100 0 50 1 B2 
10308 33468.35419 40500 3 49 1 C2 
10309 33469.98199 36600 5 49 1 D1 
10310 33470.05164 40500 5 48 3 C1 
10311 33470.10217 41100 1 50 2 B2 
10312 33471.15952 41400 4 49 1 C2 
10313 33472.70186 38700 3 49 1 D1 
10314 33472.71267 46800 2 50 2 B2 
10315 33473.68751 41700 5 49 2 C2 
10316 33475.42634 38100 4 49 1 D1 
10317 33475.44682 44100 3 48 4 C1 
10318 33475.56758 41100 0 50 2 B2 
10319 33478.11354 41400 4 48 4 C1 
10320 33480.67752 43200 1 50 3 B2 
10321 33482.13725 40500 53 48 3 T 
10322 33484.92517 38400 2 50 4 A1 
10323 33486.02756 41400 2 50 4 B2 
10324 33486.11773 43500 5 48 2 C1 
10325 33488.41154 40200 0 50 5 A1 
10326 33488.71842 45900 3 48 1 C1 
10327 33489.9891 36600 2 49 2 B1 
10328 33491.36091 41100 0 50 3 B2 
10329 33494.02757 41100 1 50 3 B2 
10330 33495.04999 38700 3 49 1 C2 
10331 33495.59982 37200 1 50 2 A1 
10332 33497.6876 38700 4 49 1 C2 
10333 33498.67049 36600 0 49 2 B1 
10334 33498.99408 38400 2 50 3 A1 
10335 33501.07053 40500 1 49 1 B1 
10336 33503.15943 38700 5 49 1 C2 
10337 33503.59982 37200 0 50 2 A1 
10338 33505.71674 38700 3 49 1 C2 
10339 33505.98911 40500 2 49 1 B1 
10340 33508.47074 36600 0 49 2 B1 
10341 33511.15351 39300 4 49 1 C2 
10342 33511.32244 40500 1 49 1 B1 
10343 33512.67757 37200 2 50 2 B2 
10344 33515.52958 37200 0 50 2 B2 
10345 33516.38332 38700 5 49 1 C2 
10346 33516.65583 38400 2 50 4 B1 
10347 33519.13737 39300 0 49 3 B1 
10348 33520.67758 37200 1 50 2 B2 
10349 33523.42626 38100 5 49 1 D1 
10350 33524.23253 37200 2 50 2 B2 
10351 33524.35424 38700 3 49 1 C2 
10352 33527.15337 38700 4 49 1 C2 
10353 33528.70185 40200 3 49 2 D1 
10354 33528.78452 38700 4 48 2 C1 
10355 33531.36086 38400 0 50 3 B2 
10356 33531.36856 39300 4 49 3 D1 
10357 33532.48673 39300 5 49 1 C2 
10358 33533.87133 39300 5 49 1 D1 
10359 33534.02757 38400 1 50 3 B2 
10360 33534.11771 38700 5 48 2 C1 
10361 33535.05001 39300 3 49 1 C2 
10362 33536.67758 38400 2 50 3 B2 
10363 33539.34444 38700 3 48 2 C1 
10364 33539.52958 37200 0 50 2 B2 
10365 33544.8629 38400 1 50 3 B2 
10366 33548.35419 36600 4 49 1 C2 
10367 33550.11347 38700 4 48 2 C1 
10368 33550.19623 38400 2 50 3 B2 
10369 33553.82015 36600 5 49 1 C2 
10370 33555.45114 38700 5 48 2 C1 
10371 33555.52958 38400 0 50 3 B2 
10372 33561.71653 38400 3 49 2 C2 
10373 33562.0271 41100 1 49 3 B1 
10374 33566.23425 38400 1 50 4 B2 
10375 33567.02092 38400 4 49 2 C2 
10376 33568.698 38400 2 50 4 B2 
10377 33576.64853 37800 3 49 2 D1 
10378 33576.69425 38400 0 50 4 B2 
10379 33577.82044 36600 2 49 2 B1 
10380 33577.82625 38400 5 49 2 C2 
10381 33579.20466 40500 4 49 1 D1 
10382 33580.48673 38400 3 49 2 C2 
10383 33584.8629 38400 1 50 4 B2 
10384 33587.36091 38400 2 50 4 B2 
10385 33588.35423 38400 4 49 2 C2 
10386 33590.19619 43200 0 50 4 B2 
10387 33591.1595 38400 5 49 2 C2 
10388 33593.82618 38400 3 49 2 C2 
10389 33595.56758 38400 1 50 4 B2 
10390 33601.82004 40200 4 49 2 C2 
10391 33602.55429 43200 0 49 1 B1 
10392 33608.9009 46800 2 50 1 B2 
10393 33612.3541 39000 5 49 2 C2 
10394 33614.23424 37200 0 50 2 B2 
10395 33616.9009 37200 1 50 2 B2 
10396 33617.82016 39000 3 49 2 C2 
10397 33620.49294 39000 4 49 2 C2 
10398 33620.53588 41100 2 50 1 B2 
10399 33622.78751 40500 3 48 3 C1 
10400 33623.15338 39000 5 49 2 C2 
10401 33636.4867 36600 3 49 1 C2 
10402 33639.05006 42300 4 49 1 C2 
10403 33643.43916 36600 1 49 2 B1 
10404 33644.38339 36600 5 49 1 C2 
10405 33645.9597 40500 4 48 3 C1 
10406 33647.15951 39000 3 49 2 C2 
10407 33655.15946 38100 4 49 1 C2 
10408 33663.30492 37200 0 50 2 B2 
10409 33671.15961 38100 5 49 1 C2 
10410 33673.82616 38100 3 49 1 C2 
10411 33676.38342 38100 4 49 1 C2 
10412 33679.15326 38100 5 49 1 C2 
10413 33692.49282 40200 3 49 2 C2 
10414 33695.02092 45600 4 49 2 C2 
10415 33703.02203 43200 5 49 1 C2 
10416 33708.35419 38100 3 49 1 C2 
10417 33714.08086 36600 4 49 1 C2 
10418 33715.39645 38400 5 49 2 D1 
10419 33732.38332 41100 5 49 2 C2 
10420 33735.15938 41100 3 49 2 C2 
10421 33737.71673 37800 4 49 2 C2 
10422 33740.35428 37800 5 49 2 C2 
10423 33753.71664 38100 3 49 1 C2 
10424 33756.4868 38100 4 49 1 C2 
10425 33759.15336 43500 5 49 1 C2 
10426 33767.02086 38100 3 49 1 C2 
10427 33769.82002 38100 4 49 1 C2 
10428 33776.57916 37800 3 49 2 D1 
10429 33777.98134 42600 53 50 5 T 
10430 33782.85708 42600 53 50 5 T 
10431 33783.04988 37800 5 49 2 C2 
10432 33787.95901 42600 53 50 1 T 
10433 33791.02085 37800 3 49 2 C2 
10434 33793.29227 42600 53 50 1 T 
10435 33798.38134 42900 53 50 2 T 
10436 33803.25708 42900 53 50 2 T 
10437 33807.6599 39000 4 49 2 C2 
10438 33810.40301 37800 5 49 2 C2 
10439 33812.86882 37800 3 49 2 C2 
10440 33817.68752 37800 4 49 2 C2 
10441 33820.48673 37800 5 49 2 C2 
10442 33822.08807 42600 53 49 2 T 
10443 33827.20845 42600 53 49 2 T 
10444 33831.1595 37800 3 49 2 C2 
10445 33832.50899 42600 53 49 1 T 
10446 33837.5992 42600 53 49 1 T 
10447 33842.48806 42600 53 49 1 T 
10448 33847.60843 42600 53 49 1 T 
10449 33852.909 42900 53 49 2 T 
10450 33857.99916 42900 53 49 2 T 
10451 33860.77662 40200 4 49 2 C2 
10452 33862.88807 42900 53 49 1 T 
10453 33868.00848 42900 53 49 1 T 
10454 33870.89579 42900 53 50 2 T 
10455 33873.30898 42900 53 49 2 T 
10456 33873.52447 42600 53 49 1 T 
10457 33878.39922 42900 53 49 2 T 
10458 33882.58815 37800 5 49 2 C2 
10459 33921.33911 42600 53 50 1 T 
10460 33932.22914 42600 53 49 1 T 
10461 33942.76844 42600 3 49 1 C2 
10462 33979.31865 39000 53 49 2 T 
10463 33980.02245 42600 53 50 5 T 
10464 33993.33913 42900 53 49 1 T 
10465 33995.31861 39300 53 49 1 T 
10466 34000.65177 41100 53 50 1 T 
10467 34003.3186 41100 53 49 2 T 
10468 34011.31859 41100 53 50 3 T 
10469 34033.6875 39300 4 49 1 C2 
10470 34039.03144 37200 53 50 2 T 
10471 34039.3225 39300 2 49 3 B1 
10472 34042.07043 39300 0 49 3 B1 
10473 34043.31506 38700 4 48 2 D1 
10474 34044.48681 39300 5 49 1 C2 
10475 34045.35882 39300 1 49 3 B1 
10476 34046.68913 42600 53 49 2 T 
10477 34047.15333 39300 3 49 1 C2 
10478 34047.74754 41100 2 49 3 B1 
10479 34048.64843 40500 5 48 3 D1 
10480 34050.21487 39300 0 49 3 B1 
10481 34051.31658 38700 5 48 2 C1 
10482 34052.48683 39300 4 49 1 C2 
10483 34052.70821 39300 1 49 3 B1 
10484 34055.00258 41100 1 50 3 B2 
10485 34055.04994 39300 5 49 1 C2 
10486 34055.47071 39300 53 49 3 T 
10487 34057.35614 41100 53 50 2 T 
10488 34057.68739 39300 3 49 1 C2 
10489 34058.13762 40800 53 49 2 T 
10490 34059.20466 39300 3 49 3 D1 
10491 34059.45116 38700 3 48 2 C1 
10492 34059.52958 37200 2 50 2 B2 
10493 34060.48716 37200 2 50 2 B1 
10494 34062.01117 37200 0 50 2 B2 
10495 34062.09302 39300 4 49 1 D1 
10496 34062.11776 38700 4 48 2 C1 
10497 34063.05 42600 4 49 1 C2 
10498 34063.36049 40200 0 50 5 B1 
10499 34064.78012 38700 5 48 2 C1 
10500 34064.86291 37200 1 50 2 B2 
10501 34065.77249 39300 5 49 1 C2 
10502 34065.98911 43200 1 49 1 B1 
10503 34067.31647 38700 3 48 2 C1 
10504 34067.36858 40200 5 49 2 D1 
10505 34068.3442 37200 2 50 2 B2 
10506 34069.98326 38700 4 48 2 C1 
10507 34070.09296 38700 3 48 2 D1 
10508 34070.91329 41400 0 50 4 B2 
10509 34071.05012 45300 3 49 1 C2 
10510 34072.78025 38700 5 48 2 C1 
10511 34075.34423 40200 1 50 5 B2 
10512 34075.45097 38700 3 48 2 C1 
10513 34076.77981 38400 1 50 4 A1 
10514 34078.01116 38700 4 48 2 C1 
10515 34078.23419 40200 2 50 5 B2 
10516 34079.72259 38400 2 50 4 A1 
10517 34080.67773 38700 5 48 2 C1 
10518 34080.68689 46200 0 50 5 B2 
10519 34080.7019 40500 4 49 1 D1 
10520 34083.52958 40200 1 50 5 B2 
10521 34084.92519 41100 0 50 3 A1 
10522 34085.96758 43800 3 48 3 C1 
10523 34088.9009 41400 2 50 4 B2 
10524 34090.80377 40800 2 49 2 B1 
10525 34093.65962 38400 1 50 3 A1 
10526 34097.82617 41400 4 49 1 C2 
10527 34098.02716 40500 0 49 1 B1 
10528 34100.49289 39000 5 49 2 C2 
10529 34100.69377 47700 1 49 2 B1 
10530 34101.7449 41100 2 50 2 A1 
10531 34103.14644 40500 2 49 1 B1 
10532 34104.71863 37200 0 50 2 A1 
10533 34105.52447 42900 53 49 2 T 
10534 34105.82628 42300 3 49 1 C2 
10535 34106.80382 40800 0 49 2 B1 
10536 34108.11175 38400 1 50 3 A1 
10537 34108.48661 46500 4 49 1 C2 
10538 34109.18621 40500 1 49 1 B1 
10539 34111.67696 40500 2 49 1 B1 
10540 34112.75958 40800 5 49 2 D1 
10541 34113.68758 41400 5 49 1 C2 
10542 34115.34441 44100 4 48 4 C1 
10543 34115.36091 38400 0 50 4 B2 
10544 34118.11774 47400 5 48 2 C1 
10545 34119.00253 38400 1 50 4 B2 
10546 34119.02089 40200 3 49 2 C2 
10547 34119.13716 38400 0 50 4 B1 
10548 34121.52347 38400 2 50 4 B2 
10549 34121.82618 40200 4 49 2 C2 
10550 34123.74825 38400 0 50 4 B2 
10551 34124.35423 40200 5 49 2 C2 
10552 34125.87133 38400 3 49 2 D1 
10553 34126.11793 41400 3 48 4 C1 
10554 34126.91824 38400 1 50 4 B2 
10555 34127.04999 40200 3 49 2 C2 
10556 34127.32249 38400 1 50 4 B1 
10557 34128.6777 40500 4 48 3 C1 
10558 34131.31522 38400 4 49 2 D1 
10559 34133.98313 41400 5 48 4 C1 
10560 34134.02758 38400 2 50 4 B2 
10561 34136.64859 38700 5 49 1 D1 
10562 34136.67752 41100 0 50 1 B2 
10563 34136.78015 40500 3 48 3 C1 
10564 34139.3609 41100 1 50 3 B2 
10565 34141.96518 40500 4 48 3 C1 
10566 34142.02756 41100 2 50 1 B2 
10567 34143.15947 41100 4 49 2 C2 
10568 34144.67757 38400 0 50 4 B2 
10569 34147.36091 41100 1 50 3 B2 
10570 34150.23424 41100 2 50 1 B2 
10571 34156.38327 41700 5 49 2 C2 
10572 34159.15938 41700 3 49 2 C2 
10573 34161.71676 42600 4 49 2 C2 
10574 34164.22914 42900 53 49 2 T 
10575 34164.38338 41100 5 49 2 C2 
10576 34168.86291 42600 0 50 1 B2 
10577 34169.82016 39000 3 49 2 C2 
10578 34172.4867 39000 4 49 2 C2 
10579 34172.48716 38400 2 50 3 B1 
10580 34175.15339 39000 5 49 2 C2 
10581 34176.67758 38400 1 50 3 B2 
10582 34176.9361 39300 0 49 3 B1 
10583 34179.62974 38400 1 50 3 B1 
10584 34180.23258 41100 2 50 2 B2 
10585 34182.08238 40800 2 49 2 B1 
10586 34182.9182 41100 0 50 2 B2 
10587 34183.02087 39000 3 49 2 C2 
10588 34185.29403 38400 1 50 3 B2 
10589 34185.71662 39000 4 49 2 C2 
10590 34187.42626 38100 3 49 1 D1 
10591 34187.85078 38400 2 50 3 B2 
10592 34190.0352 41100 4 49 2 D1 
10593 34192.8629 38400 0 50 3 B2 
10594 34195.36086 38400 1 50 3 B2 
10595 34198.09295 37800 5 49 2 D1 
10596 34198.19623 38400 2 50 3 B2 
10597 34200.64845 37800 3 49 2 D1 
10598 34200.67783 38400 0 50 3 B2 
10599 34203.52958 38400 1 50 4 B2 
10600 34206.02757 38400 2 50 3 B2 
10601 34207.02087 40500 5 49 1 C2 
10602 34209.71651 40500 3 49 1 C2 
10603 34212.38323 38400 4 49 2 C2 
10604 34215.0209 38400 5 49 2 C2 
10605 34217.68761 40500 3 49 1 C2 
10606 34223.1813 42600 4 49 1 C2 
10607 34228.49285 45000 5 49 1 C2 
10608 34231.10399 42900 3 49 1 C2 
10609 34238.9923 47700 5 48 3 C1 
10610 34240.9647 42900 0 50 2 B2 
10611 34241.68753 41100 4 49 2 C2 
10612 34244.48671 45300 5 49 2 C2 
10613 34247.17474 39000 3 49 2 C2 
10614 34251.56758 41100 1 50 2 B2 
10615 34254.06209 40500 4 49 1 D1 
10616 34254.23423 42600 2 50 5 B2 
10617 34257.30538 38100 5 49 1 D1 
10618 34263.15338 38400 4 49 2 C2 
10619 34265.68739 38400 5 49 2 C2 
10620 34268.48688 38400 3 49 2 C2 
10621 34269.70289 39300 0 49 3 B1 
10622 34271.15345 42900 4 49 2 C2 
10623 34272.89738 39000 3 49 2 D1 
10624 34273.68748 42900 5 49 2 C2 
10625 34280.78834 40200 2 50 5 A1 
10626 34281.71673 38400 3 49 2 C2 
10627 34284.38329 38400 4 49 2 C2 
10628 34292.38333 38400 5 49 2 C2 
10629 34294.8192 40500 3 48 3 C1 
10630 34297.82621 38400 3 49 2 C2 
10631 34300.14773 41100 0 50 1 A1 
10632 34303.15339 38400 4 49 2 C2 
10633 34321.82618 37800 5 49 2 C2 
10634 34327.1533 37800 3 49 2 C2 
10635 34329.82002 37800 4 49 2 C2 
10636 34332.49288 37800 5 49 2 C2 
10637 34333.97768 38700 4 49 1 D1 
10638 34335.15958 37800 3 49 2 C2 
10639 34340.35428 37800 4 49 2 C2 
10640 34343.02085 37800 5 49 2 C2 
10641 34351.02087 37800 3 49 2 C2 
10642 34353.82615 37800 4 49 2 C2 
10643 34356.38331 37800 5 49 2 C2 
10644 34377.75901 40200 53 50 5 T 
10645 34380.38331 38700 3 49 1 C2 
10646 34383.09227 40200 53 50 5 T 
10647 34383.15936 38700 4 49 1 C2 
10648 34385.71672 38700 5 49 1 C2 
10649 34388.18134 43200 53 50 3 T 
10650 34388.38336 38700 3 49 1 C2 
10651 34390.82276 40500 4 49 1 C2 
10652 34393.05708 43200 53 50 3 T 
10653 34393.2691 38700 5 49 1 C2 
10654 34398.15901 40500 53 48 3 T 
10655 34399.15334 38700 3 49 1 C2 
10656 34403.49227 40500 53 48 3 T 
10657 34404.4868 38700 4 49 1 C2 
10658 34408.58134 43200 53 48 5 T 
10659 34412.3542 38700 5 49 1 C2 
10660 34413.45708 43200 53 48 5 T 
10661 34415.15336 38700 3 49 1 C2 
10662 34417.71661 38700 4 49 1 C2 
10663 34418.55901 43200 53 48 5 T 
10664 34422.08807 43500 53 49 1 T 
10665 34423.89227 43500 53 48 1 T 
10666 34427.20845 43500 53 49 1 T 
10667 34428.25756 40500 53 48 3 T 
10668 34428.98134 43500 53 48 1 T 
10669 34431.25333 40500 53 49 1 T 
10670 34432.50899 40200 53 49 2 T 
10671 34433.85708 40500 53 49 1 T 
10672 34434.41881 40200 53 49 2 T 
10673 34437.5992 40200 53 49 2 T 
10674 34438.95901 40500 53 49 1 T 
10675 34439.0499 38100 5 49 1 C2 
10676 34441.68758 38100 3 49 1 C2 
10677 34442.48806 43500 53 49 2 T 
10678 34444.29227 43500 53 48 2 T 
10679 34444.35423 38100 4 49 1 C2 
10680 34447.00532 38100 5 49 1 C2 
10681 34447.60843 43500 53 49 2 T 
10682 34449.38134 43500 53 48 2 T 
10683 34452.909 43200 53 49 1 T 
10684 34454.25708 43200 53 50 4 T 
10685 34457.99916 43200 53 49 1 T 
10686 34459.35901 43200 53 50 4 T 
10687 34460.49289 38100 3 49 1 C2 
10688 34462.88807 40500 53 49 1 T 
10689 34463.15948 38100 4 49 1 C2 
10690 34464.69227 43200 53 49 1 T 
10691 34468.00848 40500 53 49 1 T 
10692 34469.78134 43200 53 49 1 T 
10693 34471.1595 38100 5 49 1 C2 
10694 34473.33913 40200 53 49 2 T 
10695 34473.82005 38100 3 49 1 C2 
10696 34476.00578 43200 53 49 1 T 
10697 34478.50069 43200 53 49 1 T 
10698 34481.05629 43500 53 48 2 T 
10699 34481.68754 38100 4 49 1 C2 
10700 34483.1771 43200 53 49 1 T 
10701 34485.70808 40200 53 50 5 T 
10702 34492.25731 40200 53 50 5 T 
10703 34518.92413 40500 53 49 1 T 
10704 34529.3558 43500 53 49 1 T 
10705 34534.89579 43200 53 50 4 T 
10706 34537.56245 40500 53 48 3 T 
10707 34540.02245 43200 53 49 1 T 
10708 34581.98532 42600 53 49 1 T 
10709 34584.65197 37800 53 49 2 T 
10710 34590.8578 40500 53 49 1 T 
10711 34592.65196 41700 53 49 2 T 
10712 34593.52445 40500 53 49 1 T 
10713 34595.31863 41400 53 49 1 T 
10714 34601.33911 43500 53 48 1 T 
10715 34604.99671 38100 5 49 1 C2 
10716 34613.9852 41400 53 50 4 T 
10717 34631.06475 39300 1 49 3 B1 
10718 34633.6875 38700 3 49 1 C2 
10719 34636.39803 39300 2 49 3 B1 
10720 34641.41276 43200 53 50 3 T 
10721 34644.48681 38700 4 49 1 C2 
10722 34646.33974 39300 0 49 3 B1 
10723 34646.8602 38700 5 48 2 D1 
10724 34647.15345 38700 5 49 1 C2 
10725 34648.78024 41400 4 48 4 C1 
10726 34649.30534 38700 3 48 2 D1 
10727 34649.81998 40500 3 49 1 C2 
10728 34651.40641 39300 1 49 3 B1 
10729 34652.19361 41400 4 48 4 D1 
10730 34652.22914 43500 53 49 2 T 
10731 34652.35407 43500 4 49 1 C2 
10732 34654.0897 39300 2 49 3 B1 
10733 34654.80244 40500 5 48 3 D1 
10734 34655.03792 40500 5 49 1 C2 
10735 34656.75636 41100 0 49 3 B1 
10736 34656.78023 41400 5 48 4 C1 
10737 34659.34452 41400 3 48 4 C1 
10738 34659.59175 38400 1 50 4 B1 
10739 34659.94596 46800 0 50 1 B2 
10740 34660.3833 40500 3 49 1 C2 
10741 34661.98308 40500 4 48 3 C1 
10742 34662.07333 38400 2 50 4 B1 
10743 34662.80257 39300 3 49 3 D1 
10744 34663.01091 42900 1 50 2 B2 
10745 34664.6777 40500 5 48 3 C1 
10746 34664.92503 39300 0 49 3 B1 
10747 34665.30538 39300 4 49 3 D1 
10748 34665.57784 43200 53 48 5 T 
10749 34667.4467 40500 3 48 3 C1 
10750 34667.97214 38700 5 49 1 D1 
10751 34668.18757 38400 2 50 4 B2 
10752 34668.48667 40500 4 49 1 C2 
10753 34670.01128 40500 4 48 3 C1 
10754 34670.26034 46800 0 50 2 B2 
10755 34670.80265 40500 3 49 1 D1 
10756 34671.05004 40500 5 49 1 C2 
10757 34672.36756 38400 1 50 4 B2 
10758 34672.78006 40500 5 48 3 C1 
10759 34673.52699 41400 4 49 1 D1 
10760 34674.13725 41400 53 48 4 T 
10761 34675.06297 38400 2 50 4 B2 
10762 34676.83684 41400 1 50 4 A1 
10763 34677.54608 38400 0 50 4 B2 
10764 34678.11772 43500 3 48 1 C1 
10765 34679.75827 38400 1 50 4 B2 
10766 34681.85798 38400 2 50 4 B2 
10767 34683.20484 38400 2 50 4 A1 
10768 34683.44688 44100 4 48 4 C1 
10769 34684.39447 38400 0 50 4 B2 
10770 34686.1136 48300 5 48 4 C1 
10771 34687.65375 38400 0 50 3 A1 
10772 34688.6498 40500 3 48 3 C1 
10773 34689.64708 40800 1 49 2 B1 
10774 34691.04801 38400 1 50 3 A1 
10775 34692.3137 40800 2 49 2 B1 
10776 34693.9882 41100 2 50 2 A1 
10777 34696.92153 41100 0 50 1 A1 
10778 34697.82002 41700 3 49 2 C2 
10779 34699.42302 40800 0 49 2 B1 
10780 34699.45121 38700 4 48 2 C1 
10781 34699.85601 40200 1 50 5 A1 
10782 34702.67246 43200 53 49 1 T 
10783 34702.94813 38100 53 49 1 T 
10784 34703.15951 38700 4 49 1 C2 
10785 34704.75642 39300 1 49 3 B1 
10786 34705.82625 48000 5 49 2 C2 
10787 34707.5917 43200 2 49 1 B1 
10788 34708.3442 40200 1 50 5 B2 
10789 34708.49289 41700 3 49 2 C2 
10790 34710.25836 39300 0 49 3 B1 
10791 34711.02089 38700 4 49 1 C2 
10792 34712.64996 38700 5 48 2 C1 
10793 34712.96303 39300 1 49 3 B1 
10794 34713.49143 38400 2 50 4 A1 
10795 34713.71667 38700 5 49 1 C2 
10796 34715.34425 40200 2 50 5 B2 
10797 34715.44683 38700 3 48 2 C1 
10798 34715.62975 41100 2 50 2 B1 
10799 34716.35415 38700 3 49 1 C2 
10800 34718.80255 40500 5 49 1 D1 
10801 34719.02091 38700 4 49 1 C2 
10802 34720.78449 38700 4 48 2 C1 
10803 34720.96308 43200 0 49 1 B1 
10804 34721.41598 40800 3 49 2 D1 
10805 34721.81993 38700 5 49 1 C2 
10806 34723.37463 38700 5 48 2 C1 
10807 34723.52958 40200 0 50 5 B2 
10808 34727.00258 41400 1 50 4 B2 
10809 34727.15951 38700 3 49 1 C2 
10810 34729.46922 38400 4 49 2 D1 
10811 34731.45105 38700 3 48 2 C1 
10812 34732.08267 38700 5 49 1 D1 
10813 34734.02758 41100 2 50 2 B2 
10814 34734.86039 41700 3 49 2 D1 
10815 34736.64997 38700 4 48 2 C1 
10816 34736.67756 41100 0 50 2 B2 
10817 34739.3609 41100 1 50 2 B2 
10818 34739.97192 40200 4 49 2 D1 
10819 34744.78447 43500 5 48 2 C1 
10820 34744.86291 41100 2 50 3 B2 
10821 34747.45116 38700 3 48 2 C1 
10822 34747.56757 41100 0 50 3 B2 
10823 34748.4928 39300 4 49 1 C2 
10824 34750.11346 38700 4 48 2 C1 
10825 34750.19624 40200 1 50 5 B2 
10826 34756.35824 39300 5 49 1 C2 
10827 34758.25836 40500 1 49 1 B1 
10828 34760.96303 40500 2 49 1 B1 
10829 34763.4157 40500 0 49 1 B1 
10830 34764.38346 39300 3 49 1 C2 
10831 34767.0829 39300 4 49 1 C2 
10832 34768.69425 38400 2 50 3 B2 
10833 34768.74 40500 1 49 1 B1 
10834 34771.36091 38400 0 50 3 B2 
10835 34771.6297 40800 2 49 2 B1 
10836 34772.43955 39300 5 49 1 C2 
10837 34775.00253 38400 1 50 3 B2 
10838 34777.59402 43200 2 50 4 B2 
10839 34777.82002 39300 3 49 1 C2 
10840 34779.59174 38400 0 50 3 B1 
10841 34782.07334 40200 1 50 5 B1 
10842 34782.23425 38400 0 50 3 B2 
10843 34784.69799 42600 1 50 1 B2 
10844 34785.41592 39000 5 49 2 D1 
10845 34787.52958 41400 2 50 4 B2 
10846 34788.19369 38400 3 49 2 D1 
10847 34788.3833 41700 4 49 2 C2 
10848 34790.19623 41400 0 50 4 B2 
10849 34790.72827 39300 2 49 3 B1 
10850 34790.80252 41100 4 49 2 D1 
10851 34792.67778 38400 1 50 3 B2 
10852 34795.56758 38400 2 50 3 B2 
10853 34797.98317 45900 5 48 1 C1 
10854 34798.02024 38400 0 50 3 B2 
10855 34800.6778 45900 3 48 5 C1 
10856 34803.34448 43200 4 48 5 C1 
10857 34807.022 44400 5 49 2 C2 
10858 34812.54355 40500 3 49 1 C2 
10859 34812.90436 43200 1 50 3 B2 
10860 34820.38324 41100 4 49 2 C2 
10861 34823.0209 41100 5 49 2 C2 
10862 34825.68758 41100 3 49 2 C2 
10863 34828.49291 41400 4 49 1 C2 
10864 34831.1047 41400 5 49 1 C2 
10865 34838.02752 48000 2 50 3 B2 
10866 34840.75642 38400 0 50 3 B1 
10867 34841.37543 38400 0 50 4 B2 
10868 34841.4158 39300 5 49 1 D1 
10869 34844.49279 45600 3 49 2 C2 
10870 34846.63867 39000 3 49 2 D1 
10871 34848.9009 41100 1 50 1 B2 
10872 34851.56758 41100 2 50 1 B2 
10873 34852.35417 39300 4 49 1 C2 
10874 34854.02025 42600 0 50 5 B2 
10875 34865.46515 41100 1 50 3 B1 
10876 34865.49662 37800 4 49 2 D1 
10877 34869.45366 41100 0 50 3 A1 
10878 34872.96767 40200 1 50 5 B2 
10879 34873.68761 37800 5 49 2 C2 
10880 34876.14779 38700 5 48 2 C1 
10881 34884.38329 42600 3 49 2 C2 
10882 34887.05004 42600 4 49 1 C2 
10883 34889.68736 37800 5 49 2 C2 
10884 34892.49282 42600 3 49 1 C2 
10885 34895.15349 37800 4 49 2 C2 
10886 34897.56651 41100 2 50 3 B2 
10887 34897.82014 37800 5 49 2 C2 
10888 34899.26773 48600 3 48 5 C1 
10889 34900.38327 42900 3 49 2 C2 
10890 34913.82854 40500 2 49 1 B1 
10891 34914.45639 39300 4 49 1 C2 
10892 34917.26602 48900 5 49 1 C2 
10893 34921.82003 39000 3 49 2 C2 
10894 34927.15949 40200 4 49 2 C2 
10895 34935.15958 39000 5 49 2 C2 
10896 34937.82621 39000 3 49 2 C2 
10897 34940.19992 39300 4 49 1 C2 
10898 34942.68252 39000 5 49 2 C2 
10899 34948.35419 40200 3 49 2 C2 
10900 34951.02089 40200 4 49 2 C2 
10901 34956.24394 38400 0 50 3 B2 
10902 34956.38335 40200 5 49 2 C2 
10903 34959.02086 40200 3 49 2 C2 
10904 34961.46656 39300 4 49 1 C2 
10905 34972.34512 38100 5 49 1 D1 
10906 34977.99227 40800 53 49 2 T 
10907 34980.49283 40200 5 49 2 C2 
10908 34982.86648 41100 3 49 2 C2 
10909 34983.08134 40800 53 49 2 T 
10910 34985.2283 39000 4 49 2 C2 
10911 34987.82968 38400 5 49 2 C2 
10912 34987.95708 41100 53 50 2 T 
10913 34991.56236 41100 0 50 1 B1 
10914 34993.05901 41100 53 50 2 T 
10915 34993.71676 42300 3 49 1 C2 
10916 34998.39227 41100 53 50 1 T 
10917 35001.37549 41100 1 50 1 B2 
10918 35001.94171 41400 4 49 1 C2 
10919 35003.52955 41100 53 50 1 T 
10920 35004.88604 42300 5 49 1 C2 
10921 35008.35708 44100 53 48 4 T 
10922 35012.35421 39000 3 49 2 C2 
10923 35013.45901 44100 53 48 4 T 
10924 35015.1534 39000 4 49 2 C2 
10925 35017.82012 39000 5 49 2 C2 
10926 35018.79227 44100 53 48 4 T 
10927 35020.25731 41100 53 49 2 T 
10928 35020.48677 39000 3 49 2 C2 
10929 35022.30902 41100 53 49 2 T 
10930 35023.88134 44100 53 48 4 T 
10931 35025.53614 41100 53 50 3 T 
10932 35025.84717 37800 4 49 2 C2 
10933 35027.39919 41100 53 49 2 T 
10934 35028.51004 41100 53 50 1 T 
10935 35028.75708 43800 53 48 3 T 
10936 35033.71665 42900 5 49 2 C2 
10937 35033.85901 43800 53 48 3 T 
10938 35036.20273 40800 53 49 2 T 
10939 35038.74265 39300 3 49 1 D1 
10940 35039.02205 39000 3 49 2 C2 
10941 35039.19227 41100 53 49 3 T 
10942 35044.28134 41100 53 50 3 T 
10943 35044.3543 38400 4 49 2 C2 
10944 35049.15708 41100 53 50 3 T 
10945 35052.35432 38400 5 49 2 C2 
10946 35060.38325 38400 3 49 2 C2 
10947 35068.49285 38400 4 49 2 C2 
10948 35071.15959 38400 5 49 2 C2 
10949 35073.35578 41100 53 50 3 T 
10950 35073.82008 38400 3 49 2 C2 
10951 35076.02247 41100 53 49 2 T 
10952 35076.20291 41100 53 49 3 T 
10953 35078.89579 40800 53 49 2 T 
10954 35079.15954 38400 4 49 2 C2 
10955 35081.52445 43800 53 48 3 T 
10956 35092.3542 38400 5 49 2 C2 
10957 35097.82005 38100 3 49 1 C2 
10958 35111.02076 38100 4 49 1 C2 
10959 35121.71673 38100 5 49 1 C2 
10960 35126.85778 41100 53 50 1 T 
10961 35127.15954 38100 3 49 1 C2 
10962 35135.05001 43500 4 49 2 C2 
10963 35137.56245 44100 53 48 4 T 
10964 35137.71662 38100 5 49 1 C2 
10965 35146.32855 42900 3 49 1 C2 
10966 35149.05267 43200 4 49 1 C2 
10967 35179.3186 42600 53 49 1 T 
10968 35182.89579 41100 53 50 2 T 
10969 35187.3186 42300 53 49 1 T 
10970 35189.98534 40200 53 49 2 T 
10971 35192.65192 38400 53 49 2 T 
10972 35195.31851 40200 53 50 5 T 
10973 35196.25746 41100 53 50 2 T 
10974 35196.76468 38400 5 49 2 C2 
10975 35201.33911 44100 53 48 4 T 
10976 35205.98516 38400 53 50 3 T 
10977 35208.65207 38400 53 50 4 T 
10978 35236.27308 39300 1 49 3 B1 
10979 35237.98527 40500 53 49 1 T 
10980 35238.67312 40500 2 49 1 B1 
10981 35239.09172 40200 3 49 2 C2 
10982 35241.05251 40500 0 49 1 B1 
10983 35243.3186 38700 53 49 1 T 
10984 35244.27303 39300 1 49 3 B1 
10985 35244.80404 40500 53 49 1 T 
10986 35246.67307 40500 2 49 1 B1 
10987 35246.80252 38700 4 48 2 D1 
10988 35248.78027 38700 4 48 2 C1 
10989 35249.1103 40500 0 49 1 B1 
10990 35249.30523 40500 5 48 3 D1 
10991 35249.82617 40200 4 49 2 C2 
10992 35251.6733 40500 1 49 1 B1 
10993 35252.35418 40200 5 49 2 C2 
10994 35255.1533 40200 3 49 2 C2 
10995 35256.73974 38400 2 50 4 B1 
10996 35257.56591 41100 2 50 1 B2 
10997 35257.68755 42300 4 49 1 C2 
10998 35258.13759 43200 53 49 1 T 
10999 35259.34446 38700 5 48 2 C1 
11000 35259.59175 38400 0 50 3 B1 
11001 35259.95462 38400 0 50 4 B2 
11002 35259.97191 41400 3 48 4 D1 
11003 35260.38332 45300 5 49 1 C2 
11004 35262.11348 41400 3 48 4 C1 
11005 35262.51166 38400 1 50 4 B2 
11006 35262.86041 39300 4 49 1 D1 
11007 35263.15349 40200 3 49 2 C2 
11008 35264.67784 43200 4 48 5 C1 
11009 35264.83493 38400 2 50 4 B2 
11010 35266.13731 38700 53 48 2 T 
11011 35267.44698 41400 5 48 4 C1 
11012 35268.08266 39300 5 49 1 D1 
11013 35268.25153 41100 0 50 1 B2 
11014 35268.35431 42300 4 49 1 C2 
11015 35270.11762 41400 3 48 4 C1 
11016 35270.5371 38400 1 50 4 B2 
11017 35270.74934 39300 3 49 3 D1 
11018 35271.15951 42300 5 49 1 C2 
11019 35272.64991 47700 4 48 3 C1 
11020 35273.01492 42600 2 50 1 B2 
11021 35275.3444 48600 5 48 1 C1 
11022 35276.13595 42600 4 49 1 D1 
11023 35278.86027 38700 5 49 1 D1 
11024 35280.67757 38400 0 50 3 B2 
11025 35280.78015 43800 3 48 3 C1 
11026 35282.13728 40500 53 48 3 T 
11027 35283.31654 43500 4 48 2 C1 
11028 35283.34423 38400 1 50 3 B2 
11029 35286.02758 42600 2 50 1 B2 
11030 35286.11776 43500 5 48 1 C1 
11031 35287.50041 41100 1 50 1 A1 
11032 35288.67771 41400 3 48 4 C1 
11033 35288.9009 38400 0 50 3 B2 
11034 35290.4673 41400 2 50 4 A1 
11035 35291.52952 38400 1 50 3 B2 
11036 35293.86985 41100 0 50 3 A1 
11037 35296.74 39300 1 49 3 B1 
11038 35297.39369 38400 1 50 3 A1 
11039 35297.82005 39300 3 49 1 C2 
11040 35299.4512 40500 4 48 3 C1 
11041 35299.59169 39300 2 49 3 B1 
11042 35300.49291 42600 4 49 1 C2 
11043 35300.55622 40200 2 50 5 A1 
11044 35302.0897 39300 0 49 3 B1 
11045 35303.1534 38700 5 49 1 C2 
11046 35303.50585 41100 0 50 2 A1 
11047 35304.96302 39300 1 49 3 B1 
11048 35306.99222 38400 1 50 4 A1 
11049 35308.29475 39300 2 49 3 B1 
11050 35308.49276 42600 3 49 1 C2 
11051 35310.67484 40200 0 50 5 B1 
11052 35313.04856 41100 1 50 1 B1 
11053 35313.30533 41100 3 49 3 D1 
11054 35313.82007 38700 4 49 1 C2 
11055 35315.36091 40200 2 50 5 B2 
11056 35315.45109 40500 5 48 3 C1 
11057 35315.97204 41700 4 49 2 D1 
11058 35316.2947 39300 2 49 3 B1 
11059 35316.35421 38700 5 49 1 C2 
11060 35318.02758 42900 0 50 2 B2 
11061 35318.6748 39300 0 49 3 B1 
11062 35318.86034 40800 5 49 2 D1 
11063 35319.04997 38700 3 49 1 C2 
11064 35320.64987 40500 3 48 3 C1 
11065 35321.82629 42600 4 49 1 C2 
11066 35323.31657 40500 4 48 3 C1 
11067 35324.19367 41400 3 49 1 D1 
11068 35324.23253 43200 1 50 3 B2 
11069 35325.98314 40500 5 48 3 C1 
11070 35326.51552 42900 2 50 2 B2 
11071 35328.78454 44100 3 48 4 C1 
11072 35329.67758 41400 0 50 4 B2 
11073 35331.44685 38700 4 48 2 C1 
11074 35332.08262 42300 4 49 1 D1 
11075 35334.00024 47400 5 48 2 C1 
11076 35335.05 40200 5 49 2 C2 
11077 35336.90086 40200 1 50 5 B2 
11078 35339.45108 38700 3 48 2 C1 
11079 35339.52958 40200 2 50 5 B2 
11080 35341.98314 44100 4 48 4 C1 
11081 35342.02758 41100 0 50 1 B2 
11082 35344.6777 49200 5 48 2 C1 
11083 35344.8629 40200 1 50 5 B2 
11084 35350.0109 40200 2 50 5 B2 
11085 35351.07308 43200 1 49 1 B1 
11086 35353.71677 39300 3 49 1 C2 
11087 35358.29636 40800 2 49 2 B1 
11088 35360.74907 41400 0 50 4 B1 
11089 35361.82619 39300 4 49 1 C2 
11090 35363.42308 40800 1 49 2 B1 
11091 35364.42496 39300 5 49 1 C2 
11092 35366.19625 42600 0 50 5 B2 
11093 35368.86291 42600 1 50 5 B2 
11094 35369.00641 40800 2 49 2 B1 
11095 35369.4692 40500 5 49 1 D1 
11096 35369.71659 39300 3 49 1 C2 
11097 35371.44194 40800 0 49 2 B1 
11098 35371.97204 40500 3 49 1 D1 
11099 35372.49283 39300 4 49 1 C2 
11100 35374.01091 46200 2 50 5 B2 
11101 35375.07303 43200 1 49 1 B1 
11102 35375.15945 42900 5 49 1 C2 
11103 35377.45541 41100 2 50 2 B1 
11104 35377.66924 41100 0 50 3 B2 
11105 35377.71679 39300 3 49 1 C2 
11106 35380.3442 41100 1 50 3 B2 
11107 35382.63871 38400 4 49 2 D1 
11108 35382.91329 41100 2 50 2 B2 
11109 35384.78452 48600 3 48 5 C1 
11110 35388.19367 39000 5 49 2 D1 
11111 35388.4929 39300 4 49 1 C2 
11112 35392.9009 41100 0 50 2 B2 
11113 35393.46917 39000 3 49 2 D1 
11114 35395.35354 41100 1 50 2 B2 
11115 35398.11779 40500 4 48 3 C1 
11116 35398.23424 41100 2 50 2 B2 
11117 35398.75423 40200 5 49 2 C2 
11118 35401.55335 40500 0 49 1 B1 
11119 35403.52958 41400 0 50 4 B2 
11120 35406.19623 41400 1 50 4 B2 
11121 35411.40636 41100 1 49 3 B1 
11122 35414.02756 43200 2 50 4 B2 
11123 35414.25842 47700 2 49 2 B1 
11124 35415.04999 48900 3 49 1 C2 
11125 35417.82617 40500 4 49 1 C2 
11126 35420.35431 40500 5 49 1 C2 
11127 35423.04998 43500 3 49 1 C2 
11128 35425.82006 40500 4 49 1 C2 
11129 35428.38328 40500 5 49 1 C2 
11130 35431.02073 40500 3 49 1 C2 
11131 35432.96303 41100 0 49 3 B1 
11132 35433.68761 40500 4 49 1 C2 
11133 35441.34699 39300 4 49 3 D1 
11134 35442.18939 39300 1 49 3 B1 
11135 35444.38341 40500 5 49 1 C2 
11136 35447.15337 42900 3 49 1 C2 
11137 35451.97201 40200 5 49 2 D1 
11138 35464.90091 41100 0 50 3 B2 
11139 35467.56757 41100 1 50 3 B2 
11140 35476.23346 40200 2 50 5 B2 
11141 35476.38338 41700 4 49 2 C2 
11142 35479.02086 41700 5 49 2 C2 
11143 35481.68755 41400 3 49 1 C2 
11144 35484.41637 41400 4 49 1 C2 
11145 35487.06577 38700 5 48 2 C1 
11146 35489.46656 38700 5 49 1 C2 
11147 35491.9731 39000 3 49 2 C2 
11148 35494.50522 41400 4 49 1 C2 
11149 35496.91425 41700 5 49 2 C2 
11150 35499.40046 41400 3 49 1 C2 
11151 35502.30149 41100 0 50 1 B2 
11152 35508.88542 41700 4 49 2 C2 
11153 35514.08379 40800 2 49 2 B1 
11154 35516.33199 41100 3 49 2 D1 
11155 35522.09588 39300 5 49 1 C2 
11156 35535.41347 39000 3 49 2 C2 
11157 35536.83673 40800 0 49 2 B1 
11158 35538.21261 42900 4 49 2 C2 
11159 35540.88547 45000 5 49 1 C2 
11160 35542.74287 40500 3 48 3 C1 
11161 35543.49882 39000 3 49 2 C2 
11162 35548.77591 39000 4 49 2 C2 
11163 35551.55216 39000 5 49 2 C2 
11164 35553.89458 39300 3 49 1 C2 
11165 35563.76724 41100 1 50 3 B1 
11166 35572.77593 39000 4 49 2 C2 
11167 35577.75901 41400 53 48 4 T 
11168 35583.09227 41400 53 48 4 T 
11169 35586.21264 46500 5 49 1 C2 
11170 35588.18134 41400 53 50 4 T 
11171 35591.5521 43200 3 49 1 C2 
11172 35593.05708 41400 53 50 4 T 
11173 35594.21873 42900 4 49 2 C2 
11174 35596.88548 42900 5 49 2 C2 
11175 35599.44266 38400 3 49 2 C2 
11176 35602.21872 38400 4 49 2 C2 
11177 35604.77579 38400 5 49 2 C2 
11178 35607.41345 38400 3 49 2 C2 
11179 35610.10934 38400 4 49 2 C2 
11180 35617.59046 41700 53 49 2 T 
11181 35620.56419 41400 53 48 4 T 
11182 35622.08807 44400 53 49 2 T 
11183 35627.20845 44400 53 49 2 T 
11184 35628.20283 41400 53 49 1 T 
11185 35632.50899 41700 53 49 2 T 
11186 35634.08014 42900 5 49 2 C2 
11187 35636.88542 41100 3 49 2 C2 
11188 35637.5992 41700 53 49 2 T 
11189 35642.09571 39000 4 49 2 C2 
11190 35642.48806 41400 53 49 1 T 
11191 35647.60843 41400 53 49 1 T 
11192 35652.77587 41100 5 49 2 C2 
11193 35655.4135 42600 3 49 2 C2 
11194 35658.08419 41100 4 49 2 C2 
11195 35663.4842 41100 5 49 2 C2 
11196 35668.74666 45300 3 49 2 C2 
11197 35678.8578 41700 53 49 2 T 
11198 35682.24515 39000 4 49 2 C2 
11199 35684.00578 41400 53 50 4 T 
11200 35690.21264 43500 5 49 2 C2 
11201 35704.20329 39000 3 49 2 C2 
11202 35726.21806 39000 4 49 2 C2 
11203 35726.35087 41400 53 48 4 T 
11204 35729.5908 41400 53 50 4 T 
11205 35732.22914 44400 53 49 2 T 
11206 35779.3186 39000 53 49 2 T 
11207 35787.31859 39300 53 49 1 T 
11208 35789.98517 42600 53 50 5 T 
11209 35790.67246 41400 53 49 1 T 
11210 35792.652 42600 53 49 1 T 
11211 35795.31874 42600 53 49 2 T 
11212 35797.98532 41100 53 50 2 T 
11213 35805.98515 41100 53 50 3 T 
11214 35808.65198 41100 53 50 1 T 
11215 35816.04879 41100 5 49 2 C2 
11216 35833.73136 40500 2 49 1 B1 
11217 35835.3186 42900 53 49 2 T 
11218 35836.87942 40200 3 49 2 C2 
11219 35839.27648 42600 4 49 2 C2 
11220 35839.47098 43200 53 49 1 T 
11221 35840.652 42900 53 49 1 T 
11222 35843.42302 40500 0 49 1 B1 
11223 35844.08247 43200 4 48 5 D1 
11224 35844.80403 41100 53 49 3 T 
11225 35844.87922 40200 5 49 2 C2 
11226 35845.98533 42900 53 49 2 T 
11227 35846.29637 40500 1 49 1 B1 
11228 35846.8025 40500 5 48 3 D1 
11229 35847.44251 40200 3 49 2 C2 
11230 35847.84802 42600 53 50 1 T 
11231 35849.58491 41100 1 50 2 B2 
11232 35851.42679 40500 2 49 1 B1 
11233 35851.67125 41100 53 49 2 T 
11234 35852.77595 40200 4 49 2 C2 
11235 35854.07303 40500 0 49 1 B1 
11236 35854.11357 40500 4 48 3 C1 
11237 35855.41345 40200 5 49 2 C2 
11238 35855.4707 40800 53 49 2 T 
11239 35856.67787 40500 5 48 3 C1 
11240 35856.96308 40500 1 49 1 B1 
11241 35857.41592 40500 3 48 3 D1 
11242 35858.21876 40200 3 49 2 C2 
11243 35860.13593 43200 4 49 1 D1 
11244 35860.80432 39300 53 49 3 T 
11245 35860.87936 40200 4 49 2 C2 
11246 35862.25842 41400 2 50 4 B1 
11247 35862.80245 41400 5 48 4 D1 
11248 35864.64999 40500 3 48 3 C1 
11249 35865.40561 42900 53 50 2 T 
11250 35865.43533 41100 2 50 2 B2 
11251 35868.13589 40800 3 49 2 D1 
11252 35870.01106 40500 4 48 3 C1 
11253 35870.30576 41400 0 50 4 B2 
11254 35870.80265 42900 4 49 1 D1 
11255 35871.47067 44100 53 48 4 T 
11256 35871.55211 40200 5 49 2 C2 
11257 35872.6778 43800 5 48 3 C1 
11258 35872.76113 49200 1 50 4 B2 
11259 35873.41598 40500 5 49 1 D1 
11260 35874.0801 40200 3 49 2 C2 
11261 35875.44671 40500 3 48 3 C1 
11262 35875.52956 42600 2 50 1 B2 
11263 35876.88849 40200 2 50 5 A1 
11264 35877.98315 49500 4 48 3 C1 
11265 35878.02752 42600 0 50 1 B2 
11266 35878.80265 39000 3 49 2 D1 
11267 35880.67757 42600 1 50 1 B2 
11268 35880.67792 40500 5 48 3 C1 
11269 35881.41591 42600 4 49 1 D1 
11270 35881.64708 40800 0 49 2 B1 
11271 35882.37518 41100 0 50 3 A1 
11272 35883.31648 43500 3 48 1 C1 
11273 35883.36092 41400 2 50 4 B2 
11274 35885.76945 42600 1 50 1 A1 
11275 35886.1133 40500 4 48 3 C1 
11276 35886.23425 41400 0 50 4 B2 
11277 35888.74824 40200 2 50 5 A1 
11278 35891.34424 48000 1 50 3 B2 
11279 35891.34449 43500 5 48 1 C1 
11280 35892.88552 40500 4 49 1 C2 
11281 35892.88852 42600 0 50 5 A1 
11282 35894.98036 40800 1 49 2 B1 
11283 35895.41339 40500 5 49 1 C2 
11284 35897.3562 40800 2 49 2 B1 
11285 35898.21866 41100 3 49 2 C2 
11286 35899.74748 40800 0 49 2 B1 
11287 35901.04183 41400 1 50 4 A1 
11288 35904.4685 41100 2 50 2 A1 
11289 35907.59169 40800 1 49 2 B1 
11290 35907.87105 41100 0 50 1 A1 
11291 35908.8793 41100 4 49 2 C2 
11292 35910.0897 40500 2 49 1 B1 
11293 35910.11786 41400 3 48 4 C1 
11294 35910.89924 42900 2 50 2 B2 
11295 35911.41342 41100 5 49 2 C2 
11296 35913.76573 42900 1 50 2 A1 
11297 35914.1092 41100 3 49 2 C2 
11298 35915.31654 41400 4 48 4 C1 
11299 35915.40641 40800 0 49 2 B1 
11300 35916.88551 45600 4 49 2 C2 
11301 35918.11345 43500 5 48 2 C1 
11302 35918.9182 42900 0 50 2 B2 
11303 35920.78465 41400 3 48 4 C1 
11304 35920.96308 41100 1 50 3 B1 
11305 35921.29403 43200 1 50 3 B2 
11306 35923.31644 43500 4 48 2 C1 
11307 35923.41575 41100 2 50 1 B1 
11308 35923.86357 43200 2 50 3 B2 
11309 35924.08259 40500 5 49 1 D1 
11310 35924.87928 41100 5 49 2 C2 
11311 35926.41011 41100 0 50 3 B2 
11312 35926.86036 42900 3 49 2 D1 
11313 35928.7844 41400 5 48 4 C1 
11314 35928.93528 41100 1 50 3 B2 
11315 35930.10928 44400 3 49 2 C2 
11316 35931.4468 49200 3 48 2 C1 
11317 35931.52958 42900 2 50 2 B2 
11318 35932.08263 42600 4 49 2 D1 
11319 35932.8794 41100 4 49 2 C2 
11320 35934.02758 41100 0 50 3 B2 
11321 35934.11768 45900 4 48 1 C1 
11322 35934.86029 41700 5 49 2 D1 
11323 35936.6499 48300 5 48 4 C1 
11324 35937.41603 40500 3 49 1 D1 
11325 35939.31665 48600 3 48 5 C1 
11326 35939.56756 41100 1 50 3 B2 
11327 35942.03132 41100 2 50 2 B2 
11328 35944.78014 40500 4 48 3 C1 
11329 35948.8793 42600 5 49 2 C2 
11330 35950.02758 41100 0 50 2 B2 
11331 35950.33969 39300 0 49 3 B1 
11332 35954.10916 40500 3 49 1 C2 
11333 35955.31655 40500 5 48 3 C1 
11334 35955.42308 39300 1 49 3 B1 
11335 35956.77598 42600 4 49 2 C2 
11336 35958.0897 39300 2 49 3 B1 
11337 35961.60636 41100 0 49 3 B1 
11338 35963.90637 39300 1 49 3 B1 
11339 35964.34424 40200 1 50 5 B2 
11340 35967.54597 40500 5 49 1 C2 
11341 35970.08007 40500 3 49 1 C2 
11342 35971.36091 42600 2 50 5 B2 
11343 35971.5917 49200 2 49 3 B1 
11344 35972.88544 40500 4 49 1 C2 
11345 35975.5521 40500 5 49 1 C2 
11346 35975.85568 40500 0 49 1 B1 
11347 35978.10933 40500 3 49 1 C2 
11348 35979.52957 41100 0 50 1 B2 
11349 35982.07308 40200 1 50 5 B1 
11350 35982.63867 40200 4 49 2 D1 
11351 35984.698 43200 1 50 4 B2 
11352 35984.75641 40200 2 50 5 B1 
11353 35984.78443 45900 3 48 5 C1 
11354 35985.52703 41400 5 49 1 D1 
11355 35987.56758 42600 2 50 5 B2 
11356 35988.19367 39300 3 49 3 D1 
11357 35988.74677 40500 4 49 1 C2 
11358 35990.11365 44100 4 48 4 C1 
11359 35991.55216 40500 5 49 1 C2 
11360 35992.90086 41100 0 50 1 B2 
11361 35993.52703 42900 4 49 2 D1 
11362 35995.97196 42300 5 49 1 D1 
11363 35998.11772 43200 5 48 5 C1 
11364 35998.19623 41100 1 50 1 B2 
11365 35998.79823 40500 0 49 1 B1 
11366 35999.55205 42900 3 49 2 C2 
11367 36000.67771 44100 3 48 4 C1 
11368 36000.67782 41100 2 50 1 B2 
11369 36003.44678 43200 4 48 5 C1 
11370 36003.52958 41100 0 50 1 B2 
11371 36010.07999 42900 4 49 1 C2 
11372 36011.44685 41400 5 48 4 C1 
11373 36011.52958 46800 1 50 2 B2 
11374 36013.96834 40500 3 48 3 C1 
11375 36017.94761 41100 2 50 2 B2 
11376 36018.07505 42900 5 49 1 C2 
11377 36021.47064 41100 1 50 2 B1 
11378 36023.27819 40200 3 49 2 C2 
11379 36024.92509 43200 2 49 1 B1 
11380 36027.40662 43200 0 49 1 B1 
11381 36028.8793 39300 4 49 1 C2 
11382 36030.29636 43200 1 49 1 B1 
11383 36031.41353 42900 5 49 1 C2 
11384 36034.10924 39300 3 49 1 C2 
11385 36036.7759 39300 4 49 1 C2 
11386 36040.9009 40200 0 50 5 B2 
11387 36043.28766 41400 1 50 4 B2 
11388 36043.97201 40200 3 49 2 D1 
11389 36046.09412 40200 2 50 5 B2 
11390 36048.86291 46800 0 50 1 B2 
11391 36049.46919 39300 4 49 1 D1 
11392 36050.15083 42600 5 49 2 C2 
11393 36051.56757 40200 1 50 5 B2 
11394 36052.13597 41100 5 49 2 D1 
11395 36054.02021 40200 2 50 5 B2 
11396 36059.56758 40200 0 50 5 B2 
11397 36059.69771 40800 2 49 2 B1 
11398 36066.10919 39000 3 49 2 C2 
11399 36068.87919 39000 4 49 2 C2 
11400 36070.23424 40200 1 50 5 B2 
11401 36074.10925 43500 5 49 2 C2 
11402 36076.87941 39000 3 49 2 C2 
11403 36082.58756 41100 0 49 3 B1 
11404 36084.88543 39000 4 49 2 C2 
11405 36091.25903 41100 2 50 3 B2 
11406 36092.87942 39000 5 49 2 C2 
11407 36095.41343 43500 3 49 2 C2 
11408 36098.0801 42900 4 49 2 C2 
11409 36108.16337 40500 3 49 1 D1 
11410 36108.88542 42900 5 49 2 C2 
11411 36111.41352 48900 3 49 1 C2 
11412 36113.60049 39300 1 49 3 B1 
11413 36119.41344 41400 4 49 1 C2 
11414 36130.08012 42900 5 49 2 C2 
11415 36130.22656 42600 0 50 5 B2 
11416 36132.8853 41400 3 49 1 C2 
11417 36135.55216 41400 4 49 1 C2 
11418 36143.44256 41400 5 49 1 C2 
11419 36146.21882 41400 3 49 1 C2 
11420 36151.54596 42900 4 49 2 C2 
11421 36152.78356 43200 1 50 4 B2 
11422 36156.87928 43200 5 49 1 C2 
11423 36159.44256 43200 3 49 1 C2 
11424 36162.2127 42900 4 49 2 C2 
11425 36175.61387 39300 5 49 1 C2 
11426 36180.87929 41700 3 49 2 C2 
11427 36188.87933 42600 4 49 1 C2 
11428 36191.44243 42300 5 49 1 C2 
11429 36194.10929 42300 3 49 1 C2 
11430 36199.41348 42300 4 49 1 C2 
11431 36207.55209 42600 5 49 1 C2 
11432 36209.94159 39300 3 49 1 C2 
11433 36210.87925 40200 2 50 5 B2 
11434 36212.77597 42300 4 49 1 C2 
11435 36215.4083 42600 5 49 1 C2 
11436 36220.88544 42600 3 49 1 C2 
11437 36222.30902 42300 53 49 1 T 
11438 36227.39919 42300 53 49 1 T 
11439 36232.28805 45300 53 49 2 T 
11440 36233.59065 42300 53 49 1 T 
11441 36236.34335 46500 4 49 1 D1 
11442 36237.40844 45300 53 49 2 T 
11443 36242.70899 45000 53 49 1 T 
11444 36244.7467 43500 4 49 1 C2 
11445 36247.79917 45000 53 49 1 T 
11446 36250.2188 41700 5 49 2 C2 
11447 36252.68806 45300 53 49 1 T 
11448 36257.80847 45300 53 49 1 T 
11449 36266.2126 41700 3 49 2 C2 
11450 36268.77592 41700 4 49 2 C2 
11451 36270.68913 45000 53 49 1 T 
11452 36271.44252 48000 5 49 2 C2 
11453 36279.44264 41700 3 49 2 C2 
11454 36321.52447 45300 53 49 2 T 
11455 36372.9351 42600 4 49 1 C2 
11456 36373.98532 41700 53 49 2 T 
11457 36374.89581 45300 53 49 1 T 
11458 36379.31864 42600 53 49 1 T 
11459 36381.98523 43500 53 49 2 T 
11460 36384.65197 43200 53 49 1 T 
11461 36400.65186 43200 53 50 4 T 
11462 36403.31843 41400 53 50 4 T 
11463 36405.98542 43200 53 50 3 T 
11464 36410.23936 43500 5 49 1 C2 
11465 36428.29475 43200 2 49 1 B1 
11466 36430.96136 43200 0 49 1 B1 
11467 36432.6519 43500 53 49 1 T 
11468 36435.31864 41400 53 49 1 T 
11469 36435.59174 43200 1 49 1 B1 
11470 36436.00579 42300 53 49 1 T 
11471 36436.74688 40200 3 49 2 C2 
11472 36438.29636 43200 2 49 1 B1 
11473 36439.55205 40200 4 49 2 C2 
11474 36444.08245 41400 5 48 4 D1 
11475 36446.86034 43500 3 48 1 D1 
11476 36447.55208 40200 5 49 2 C2 
11477 36449.5269 40500 4 48 3 D1 
11478 36450.08012 40200 3 49 2 C2 
11479 36451.42308 41100 0 50 3 B1 
11480 36452.08254 44100 5 48 4 D1 
11481 36452.74688 40200 4 49 2 C2 
11482 36454.0897 41100 1 49 3 B1 
11483 36454.86019 43200 3 48 5 D1 
11484 36455.54583 40200 5 49 2 C2 
11485 36456.7397 41100 2 49 3 B1 
11486 36457.46929 40500 4 48 3 D1 
11487 36457.66924 42600 0 50 1 B2 
11488 36458.13759 43200 53 49 1 T 
11489 36459.3445 41400 4 48 4 C1 
11490 36459.62975 41100 0 49 3 B1 
11491 36460.3442 42600 1 50 1 B2 
11492 36460.74686 43500 3 49 1 C2 
11493 36462.11347 41400 5 48 4 C1 
11494 36462.25837 43200 1 49 1 B1 
11495 36462.63877 40500 5 49 1 D1 
11496 36463.44258 40200 4 49 2 C2 
11497 36463.47064 43500 53 48 2 T 
11498 36464.78443 41400 3 48 4 C1 
11499 36464.90091 41100 2 50 3 B2 
11500 36464.92508 42600 2 50 1 B1 
11501 36465.416 41100 3 49 2 D1 
11502 36467.34451 43500 4 48 2 C1 
11503 36468.13598 42900 4 49 1 D1 
11504 36468.74682 43500 5 49 1 C2 
11505 36468.80401 44100 53 48 4 T 
11506 36470.19625 50100 0 50 1 B2 
11507 36470.80267 41100 5 49 2 D1 
11508 36471.47066 43200 53 48 5 T 
11509 36472.64983 41400 5 48 4 C1 
11510 36472.67783 41100 1 50 3 B2 
11511 36473.41598 43500 3 49 1 D1 
11512 36474.13739 41400 53 48 4 T 
11513 36474.21876 43500 3 49 1 C2 
11514 36474.52646 41100 2 50 3 A1 
11515 36475.34438 48600 3 48 1 C1 
11516 36475.36086 41100 2 50 3 B2 
11517 36476.80395 43500 53 48 1 T 
11518 36478.0109 41100 0 50 3 B2 
11519 36478.11784 41400 4 48 4 C1 
11520 36479.18673 41100 0 50 2 A1 
11521 36480.66562 41400 5 48 4 C1 
11522 36480.8629 41100 1 50 3 B2 
11523 36483.3445 41100 2 50 3 B2 
11524 36484.40636 40800 0 49 2 B1 
11525 36485.04904 42900 1 50 2 A1 
11526 36486.02758 41100 0 50 3 B2 
11527 36487.07308 40800 1 49 2 B1 
11528 36487.99182 41100 2 50 1 A1 
11529 36488.78446 43800 3 48 3 C1 
11530 36491.34437 43800 4 48 3 C1 
11531 36493.05219 42600 0 50 1 A1 
11532 36494.07302 40800 2 49 2 B1 
11533 36495.54607 43500 4 49 2 C2 
11534 36495.99237 40200 1 50 5 A1 
11535 36498.95926 41100 2 50 1 A1 
11536 36500.77588 43500 5 49 2 C2 
11537 36502.25842 41400 0 50 4 B1 
11538 36505.00641 40800 1 49 2 B1 
11539 36505.28571 40200 0 50 5 A1 
11540 36507.44197 40800 2 49 2 B1 
11541 36507.45117 40500 5 48 3 C1 
11542 36508.52008 41100 1 50 2 A1 
11543 36508.8853 43200 3 49 1 C2 
11544 36509.98324 48600 3 48 5 C1 
11545 36510.25836 40800 0 49 2 B1 
11546 36511.44255 43200 4 49 1 C2 
11547 36512.64989 40500 4 48 3 C1 
11548 36512.75636 40800 1 49 2 B1 
11549 36513.46922 41100 4 49 3 D1 
11550 36513.6692 40200 1 50 5 B2 
11551 36514.0801 45300 5 49 1 C2 
11552 36515.6297 40800 2 49 2 B1 
11553 36516.19368 42600 5 49 2 D1 
11554 36516.20483 40200 2 50 5 B2 
11555 36516.52008 42600 2 50 5 A1 
11556 36516.87928 43200 3 49 1 C2 
11557 36518.74656 40200 0 50 5 B2 
11558 36518.74934 41400 3 49 1 D1 
11559 36519.54594 40200 4 49 2 C2 
11560 36520.97818 40200 1 50 5 B2 
11561 36521.41601 42300 4 49 1 D1 
11562 36522.15098 40200 5 49 2 C2 
11563 36523.45111 43500 5 48 1 C1 
11564 36523.62974 40200 0 50 5 B1 
11565 36524.1936 43500 5 48 2 D1 
11566 36524.25158 40200 2 50 5 B2 
11567 36525.97907 44100 3 48 4 C1 
11568 36526.86035 43200 3 49 1 D1 
11569 36527.54606 43500 3 49 2 C2 
11570 36528.86286 41400 0 50 4 B2 
11571 36529.3054 40800 4 49 2 D1 
11572 36531.34441 43500 4 48 1 C1 
11573 36531.36091 41400 1 50 4 B2 
11574 36534.01127 44100 5 48 4 C1 
11575 36534.23423 41400 2 50 4 B2 
11576 36536.64977 43500 3 48 1 C1 
11577 36536.69799 40200 0 50 5 B2 
11578 36537.73141 40500 1 49 1 B1 
11579 36539.52958 40200 1 50 5 B2 
11580 36541.98329 43500 4 48 2 C1 
11581 36542.02757 41400 2 50 4 B2 
11582 36545.73136 40500 2 49 1 B1 
11583 36547.34449 47700 5 48 3 C1 
11584 36550.08969 40500 0 49 1 B1 
11585 36551.71883 41400 0 50 4 A1 
11586 36554.08009 42900 4 49 2 C2 
11587 36555.62974 40500 1 49 1 B1 
11588 36558.02758 41400 0 50 4 B2 
11589 36558.29642 40200 2 50 5 B1 
11590 36559.44248 42600 5 49 1 C2 
11591 36559.71883 43200 1 50 4 A1 
11592 36562.08011 42600 3 49 1 C2 
11593 36563.44691 43200 3 48 5 C1 
11594 36563.62969 40800 0 49 2 B1 
11595 36564.88547 42900 4 49 2 C2 
11596 36566.11355 43200 4 48 5 C1 
11597 36567.54594 42600 5 49 1 C2 
11598 36568.75642 40500 1 49 1 B1 
11599 36571.34454 43200 5 48 5 C1 
11600 36571.52958 41100 1 50 1 B2 
11601 36574.01104 40500 3 48 3 C1 
11602 36574.01117 41100 2 50 2 B2 
11603 36574.25836 40800 2 49 2 B1 
11604 36575.55217 42600 3 49 1 C2 
11605 36577.30523 40500 5 49 1 D1 
11606 36578.2187 42600 4 49 1 C2 
11607 36579.31646 40500 4 48 3 C1 
11608 36579.95159 41100 0 50 2 B2 
11609 36579.97203 42600 3 49 1 D1 
11610 36580.74677 42600 5 49 1 C2 
11611 36582.86035 42900 4 49 2 D1 
11612 36582.89924 41100 1 50 1 B2 
11613 36583.49653 42600 3 49 1 C2 
11614 36584.73974 41100 0 50 2 B1 
11615 36584.78013 40500 5 48 3 C1 
11616 36585.18224 41100 2 50 2 B2 
11617 36585.41597 40800 5 49 2 D1 
11618 36587.45105 40500 3 48 3 C1 
11619 36587.6312 41100 0 50 2 B2 
11620 36588.19374 40500 3 49 1 D1 
11621 36590.80261 43200 4 49 1 D1 
11622 36592.67756 41100 1 50 2 B2 
11623 36592.78011 43200 4 48 5 C1 
11624 36595.31654 40500 5 48 3 C1 
11625 36595.52957 41100 2 50 2 B2 
11626 36597.98337 40500 3 48 3 C1 
11627 36598.23425 41100 0 50 2 B2 
11628 36600.40861 43500 4 48 2 C1 
11629 36603.4743 40500 5 48 3 C1 
11630 36605.85317 40500 3 48 3 C1 
11631 36606.19623 41100 1 50 2 B2 
11632 36610.21261 42600 4 49 2 C2 
11633 36614.07308 41100 1 50 1 B1 
11634 36620.74668 42300 5 49 1 C2 
11635 36622.19624 40200 2 50 5 B2 
11636 36623.55208 42300 3 49 1 C2 
11637 36624.56428 42600 0 50 1 B2 
11638 36624.75637 47700 2 49 2 B1 
11639 36626.21258 42300 4 49 1 C2 
11640 36627.40636 40500 0 49 1 B1 
11641 36628.13578 40200 5 49 2 D1 
11642 36630.25842 40500 1 49 1 B1 
11643 36630.80256 41700 3 49 2 D1 
11644 36630.8992 43200 1 50 3 B2 
11645 36631.54593 42900 5 49 2 C2 
11646 36633.18219 43200 2 50 3 B2 
11647 36633.47226 47400 4 48 2 C1 
11648 36634.10918 42300 3 49 1 C2 
11649 36636.776 42600 4 49 2 C2 
11650 36638.02758 43200 0 50 4 B2 
11651 36638.29636 40500 2 49 1 B1 
11652 36638.63871 40200 4 49 2 D1 
11653 36639.44258 46500 5 49 1 C2 
11654 36640.76016 42600 0 50 5 B1 
11655 36641.30541 43500 5 49 2 D1 
11656 36642.10933 42300 3 49 1 C2 
11657 36644.07996 43200 1 50 4 B2 
11658 36646.55931 41100 2 50 1 B2 
11659 36649.11756 46200 0 50 5 B2 
11660 36649.3455 40500 3 49 1 D1 
11661 36651.50906 41100 1 50 3 B2 
11662 36654.26072 41100 2 50 1 B2 
11663 36656.78966 41100 0 50 1 B2 
11664 36659.11249 43200 1 50 4 B2 
11665 36661.42227 43200 2 50 3 A1 
11666 36663.55205 41400 4 49 1 C2 
11667 36669.19404 41100 2 50 1 B2 
11668 36671.54586 41700 5 49 2 C2 
11669 36678.8417 44100 5 48 4 C1 
11670 36679.41353 49800 3 49 2 C2 
11671 36681.8243 40200 4 49 2 C2 
11672 36684.88539 41700 5 49 2 C2 
11673 36687.41344 41700 3 49 2 C2 
11674 36690.10922 41700 4 49 2 C2 
11675 36690.52738 41100 0 50 1 B2 
11676 36692.8279 41100 0 50 3 A1 
11677 36692.88541 42600 5 49 2 C2 
11678 36695.41353 45000 3 49 1 C2 
11679 36695.654 42600 1 50 5 B2 
11680 36697.4692 42900 4 49 2 D1 
11681 36698.08014 41700 4 49 2 C2 
11682 36702.37099 49200 3 48 2 C1 
11683 36703.41348 41700 5 49 2 C2 
11684 36706.30404 42900 2 50 2 B2 
11685 36711.65406 42900 0 50 2 B2 
11686 36713.65577 40500 1 49 1 B1 
11687 36714.30405 42900 1 50 2 B2 
11688 36716.77584 41100 3 49 2 C2 
11689 36717.15604 42600 2 50 5 B2 
11690 36724.97071 42600 0 50 5 B2 
11691 36727.55197 41100 4 49 2 C2 
11692 36732.77241 41100 1 50 1 B2 
11693 36732.87943 41100 5 49 2 C2 
11694 36740.87926 41400 3 49 1 C2 
11695 36740.97072 49800 2 50 5 B2 
11696 36743.3833 42900 4 49 2 C2 
11697 36745.71991 44400 5 49 2 C2 
11698 36748.31984 41100 3 49 2 C2 
11699 36750.75266 41400 4 49 1 C2 
11700 36753.11164 41400 5 49 1 C2 
11701 36755.62625 41400 3 49 1 C2 
11702 36758.12752 41400 4 49 1 C2 
11703 36770.89779 40500 5 49 1 C2 
11704 36773.3086 42600 3 49 2 C2 
11705 36777.75901 45900 53 48 5 T 
11706 36783.09227 45900 53 48 5 T 
11707 36784.3699 40500 4 49 1 C2 
11708 36788.18134 42600 53 50 1 T 
11709 36789.59358 40500 5 49 1 C2 
11710 36792.36982 41100 3 49 2 C2 
11711 36793.05708 42600 53 50 1 T 
11712 36796.64563 43200 0 50 3 B2 
11713 36799.14347 42600 53 50 5 T 
11714 36800.3699 40500 4 49 1 C2 
11715 36802.89372 41100 5 49 2 C2 
11716 36803.49227 42600 53 50 5 T 
11717 36808.23134 45300 3 49 2 C2 
11718 36808.58134 42900 53 50 2 T 
11719 36813.45708 42900 53 50 2 T 
11720 36816.36984 41100 4 49 2 C2 
11721 36817.53617 42600 53 50 5 T 
11722 36818.55901 45900 53 48 1 T 
11723 36819.03655 41100 5 49 2 C2 
11724 36820.19241 42900 2 50 2 B1 
11725 36822.30902 42900 53 49 2 T 
11726 36823.89227 45900 53 48 1 T 
11727 36825.53616 42600 53 49 2 T 
11728 36827.39919 42900 53 49 2 T 
11729 36828.50988 42900 53 49 2 T 
11730 36832.28805 45600 53 49 2 T 
11731 36832.36366 42900 3 49 1 C2 
11732 36833.79953 42900 53 50 2 T 
11733 36834.92702 42900 4 49 1 C2 
11734 36837.40844 45600 53 49 2 T 
11735 36842.70899 42900 53 49 2 T 
11736 36845.59362 40500 5 49 1 C2 
11737 36847.79917 42900 53 49 2 T 
11738 36848.23107 48900 3 49 1 C2 
11739 36852.68806 42600 53 49 2 T 
11740 36857.80847 42600 53 49 2 T 
11741 36861.59373 42900 4 49 1 C2 
11742 36863.10901 42900 53 49 1 T 
11743 36864.36981 40500 5 49 1 C2 
11744 36867.03032 40500 3 49 1 C2 
11745 36868.19916 42900 53 49 1 T 
11746 36869.59372 40500 4 49 1 C2 
11747 36872.3637 40500 5 49 1 C2 
11748 36873.08803 42600 53 49 1 T 
11749 36876.02247 42600 53 49 2 T 
11750 36876.25732 42600 53 49 1 T 
11751 36878.20845 42600 53 49 1 T 
11752 36879.23106 42600 53 50 1 T 
11753 36881.35578 42600 53 50 5 T 
11754 36882.42456 42900 53 49 2 T 
11755 36882.92697 40500 3 49 1 C2 
11756 36883.50898 42600 53 49 1 T 
11757 36884.19111 45900 53 48 5 T 
11758 36888.59918 42600 53 49 1 T 
11759 36889.59063 42900 53 49 1 T 
11760 36904.23121 42900 4 49 2 C2 
11761 36920.26032 42900 5 49 2 C2 
11762 36925.56463 42900 3 49 2 C2 
11763 36932.19113 42900 53 49 2 T 
11764 36937.52445 42600 53 50 1 T 
11765 36938.89784 42900 4 49 2 C2 
11766 36960.39333 41100 5 49 2 C2 
11767 36973.98526 42600 53 49 1 T 
11768 36982.89581 42900 53 49 2 T 
11769 36984.65192 42300 53 49 1 T 
11770 36987.31867 40500 53 49 1 T 
11771 36992.65191 40200 53 49 2 T 
11772 36993.41902 45900 53 48 1 T 
11773 36998.89579 42900 53 50 2 T 
11774 37008.65188 40200 53 50 5 T 
11775 37033.64703 40800 0 49 2 B1 
11776 37038.25836 40800 1 49 2 B1 
11777 37040.3698 41700 3 49 2 C2 
11778 37040.73999 40800 2 49 2 B1 
11779 37041.30521 43500 5 48 2 D1 
11780 37042.8979 41700 4 49 2 C2 
11781 37044.00579 42900 53 49 1 T 
11782 37046.07329 40800 0 49 2 B1 
11783 37046.86024 43800 3 48 3 D1 
11784 37048.23128 41700 5 49 2 C2 
11785 37048.78453 41400 4 48 4 C1 
11786 37048.96308 40800 1 49 2 B1 
11787 37049.41595 43200 4 48 5 D1 
11788 37051.4268 40800 2 49 2 B1 
11789 37052.08267 40800 5 49 2 D1 
11790 37052.80404 43200 53 49 1 T 
11791 37053.56455 42900 3 49 1 C2 
11792 37054.06225 41400 5 48 4 C1 
11793 37054.25841 41400 0 50 4 B1 
11794 37055.47095 40500 53 49 1 T 
11795 37055.63739 41400 1 50 4 B2 
11796 37056.36366 42900 4 49 1 C2 
11797 37056.92508 42600 1 50 5 B1 
11798 37059.03028 41700 5 49 2 C2 
11799 37059.304 41400 2 50 4 B2 
11800 37059.31664 41400 3 48 4 C1 
11801 37059.97196 43500 3 48 1 D1 
11802 37060.804 43800 53 48 3 T 
11803 37061.70314 41700 3 49 2 C2 
11804 37061.96265 41400 0 50 4 B2 
11805 37064.64983 43800 4 48 3 C1 
11806 37067.03039 42900 4 49 1 C2 
11807 37068.08272 42600 4 49 1 D1 
11808 37069.15605 41400 1 50 4 B2 
11809 37069.69712 42900 5 49 1 C2 
11810 37070.0517 43800 5 48 3 C1 
11811 37070.74927 42600 5 49 1 D1 
11812 37071.31571 42600 1 50 1 A1 
11813 37071.65404 41400 2 50 4 B2 
11814 37072.26036 42900 3 49 1 C2 
11815 37073.4693 42900 3 49 2 D1 
11816 37074.13732 40500 53 48 3 T 
11817 37074.2826 42600 2 50 5 A1 
11818 37074.48939 41400 0 50 4 B2 
11819 37074.69968 42900 4 49 1 C2 
11820 37075.4469 40500 3 48 3 C1 
11821 37076.19371 40800 4 49 2 D1 
11822 37078.11773 40500 4 48 3 C1 
11823 37078.74936 42300 5 49 1 D1 
11824 37079.71885 40200 0 50 5 A1 
11825 37079.82266 42600 1 50 5 B2 
11826 37080.73315 43800 5 48 3 C1 
11827 37082.69259 41100 1 50 2 A1 
11828 37084.98737 42600 2 50 5 B2 
11829 37086.09515 41100 2 50 3 A1 
11830 37087.65405 42600 0 50 5 B2 
11831 37088.78441 40500 3 48 3 C1 
11832 37090.52737 42600 1 50 5 B2 
11833 37090.92696 50400 5 49 2 C2 
11834 37092.54726 41100 0 50 2 A1 
11835 37092.61913 45600 53 49 2 T 
11836 37094.33969 43200 2 49 1 B1 
11837 37095.97392 43200 1 50 3 A1 
11838 37097.60641 43200 0 49 1 B1 
11839 37100.00646 43200 1 49 1 B1 
11840 37101.4048 41400 2 50 4 A1 
11841 37101.69713 43500 3 49 1 C2 
11842 37102.38581 40800 2 49 2 B1 
11843 37104.36378 43500 4 49 1 C2 
11844 37104.67783 43500 4 48 1 C1 
11845 37104.89002 41100 0 50 1 A1 
11846 37104.96303 43200 0 49 1 B1 
11847 37107.29567 41100 2 50 2 B2 
11848 37107.44694 43500 5 48 1 C1 
11849 37107.62974 41100 1 50 2 B1 
11850 37107.8328 41400 1 50 4 A1 
11851 37108.19365 43200 3 49 1 D1 
11852 37109.70318 48000 5 49 2 C2 
11853 37110.74392 44100 53 48 4 T 
11854 37112.75636 40800 2 49 2 B1 
11855 37113.30523 44100 4 48 4 D1 
11856 37115.62975 43200 0 50 3 B1 
11857 37116.85947 41100 2 50 1 A1 
11858 37117.69708 41700 3 49 2 C2 
11859 37118.9397 43200 1 49 1 B1 
11860 37119.86072 41100 0 50 2 B2 
11861 37120.31414 43500 4 49 1 C2 
11862 37120.67782 43500 3 48 1 C1 
11863 37122.52739 41100 1 50 2 B2 
11864 37123.45106 45900 4 48 5 C1 
11865 37124.19371 42600 5 49 2 D1 
11866 37125.87805 41100 2 50 2 B2 
11867 37126.11335 49500 5 48 3 C1 
11868 37126.74933 41100 3 49 2 D1 
11869 37128.16362 41100 0 50 2 B2 
11870 37128.26032 43500 5 49 1 C2 
11871 37129.52706 42900 4 49 1 D1 
11872 37132.19364 41100 5 49 2 D1 
11873 37134.63872 40500 3 49 1 D1 
11874 37135.82272 41100 1 50 2 B2 
11875 37136.36984 41700 3 49 2 C2 
11876 37136.64979 41400 3 48 4 C1 
11877 37137.46926 41400 4 48 4 D1 
11878 37138.48937 43200 2 50 3 B2 
11879 37139.45118 41400 4 48 4 C1 
11880 37141.56453 41100 4 49 2 C2 
11881 37142.11776 41400 5 48 4 C1 
11882 37143.64671 41100 0 50 2 B2 
11883 37144.67772 41400 3 48 4 C1 
11884 37146.16756 42600 53 49 1 T 
11885 37147.34439 41400 4 48 4 C1 
11886 37149.15605 43200 1 50 3 B2 
11887 37150.11784 41400 5 48 4 C1 
11888 37150.25841 40500 2 49 1 B1 
11889 37151.63763 43200 2 50 3 B2 
11890 37152.96302 40500 0 49 1 B1 
11891 37156.2947 40500 1 49 1 B1 
11892 37157.70328 41100 5 49 2 C2 
11893 37158.11786 43200 3 48 5 C1 
11894 37158.96141 40500 2 49 1 B1 
11895 37162.74612 43200 0 50 4 A1 
11896 37162.92699 42600 3 49 2 C2 
11897 37163.21134 41100 0 50 3 B2 
11898 37163.7416 49200 0 49 3 B1 
11899 37165.70323 41100 4 49 2 C2 
11900 37165.98323 49200 4 48 2 C1 
11901 37168.73974 41100 1 50 3 B1 
11902 37171.40641 42600 2 50 1 B1 
11903 37173.15605 41100 1 50 3 B2 
11904 37173.70318 42600 5 49 2 C2 
11905 37174.25836 43200 0 49 1 B1 
11906 37175.63765 41100 2 50 3 B2 
11907 37176.26041 42600 3 49 2 C2 
11908 37176.64981 43500 5 48 2 C1 
11909 37176.73995 40500 1 49 1 B1 
11910 37177.30534 43500 5 49 2 D1 
11911 37178.30405 41100 0 50 3 B2 
11912 37179.37688 43500 3 48 2 C1 
11913 37181.59362 41100 4 49 2 C2 
11914 37181.85905 41100 1 50 3 B2 
11915 37182.86031 42900 3 49 2 D1 
11916 37184.14205 41100 2 50 3 B2 
11917 37184.36371 42600 5 49 2 C2 
11918 37184.64996 43500 4 48 2 C1 
11919 37185.30541 40500 4 49 1 D1 
11920 37186.927 42600 3 49 2 C2 
11921 37189.56457 41100 4 49 2 C2 
11922 37190.01114 44100 5 48 4 C1 
11923 37190.80258 41100 5 49 3 D1 
11924 37191.35599 40800 2 49 2 B1 
11925 37192.67792 48600 3 48 5 C1 
11926 37194.52737 42600 0 50 1 B2 
11927 37195.33366 44100 4 48 4 C1 
11928 37195.97194 43500 3 49 1 D1 
11929 37199.86072 42600 1 50 1 B2 
11930 37200.65 44100 5 48 4 C1 
11931 37202.31335 42600 2 50 1 B2 
11932 37206.89581 42600 53 49 1 T 
11933 37207.03968 48300 3 48 4 C1 
11934 37211.31648 44100 4 48 4 C1 
11935 37213.19405 48000 0 50 3 B2 
11936 37214.11399 40800 0 49 2 B1 
11937 37215.65779 42600 1 50 1 B2 
11938 37219.19234 40200 2 50 5 B2 
11939 37221.56457 40200 5 49 2 C2 
11940 37224.26033 41100 3 49 2 C2 
11941 37224.73969 41100 1 49 3 B1 
11942 37226.92705 40200 4 49 2 C2 
11943 37227.42308 41100 2 50 1 B1 
11944 37228.98739 41100 0 50 1 B2 
11945 37229.59373 40200 5 49 2 C2 
11946 37230.08975 40200 0 50 5 B1 
11947 37230.50108 40500 5 48 3 C1 
11948 37232.23111 40200 3 49 2 C2 
11949 37232.5261 41400 1 50 4 B2 
11950 37232.92509 41100 1 49 3 B1 
11951 37233.67855 40500 4 48 3 D1 
11952 37235.03651 41100 4 49 2 C2 
11953 37235.60193 41100 2 50 1 B2 
11954 37235.6297 41100 2 49 3 B1 
11955 37236.96758 41400 5 49 1 D1 
11956 37237.69703 40200 5 49 2 C2 
11957 37238.17047 41100 0 50 1 B2 
11958 37239.7981 41700 3 49 2 D1 
11959 37240.23125 41100 3 49 2 C2 
11960 37240.67881 41100 1 50 1 B2 
11961 37243.51859 40200 2 50 5 B2 
11962 37246.11773 45900 3 48 1 C1 
11963 37247.85192 49200 0 50 4 B2 
11964 37248.23122 41100 4 49 2 C2 
11965 37248.64988 43200 4 48 5 C1 
11966 37250.46476 41400 4 49 1 D1 
11967 37250.51859 41100 1 50 1 B2 
11968 37251.03646 40500 5 49 1 C2 
11969 37252.4373 48600 5 48 5 D1 
11970 37253.37059 41100 2 50 1 B2 
11971 37253.98324 43200 5 48 5 C1 
11972 37255.73022 41400 0 50 4 B2 
11973 37255.82168 41700 3 49 2 D1 
11974 37256.40845 40500 3 48 3 C1 
11975 37257.06096 50700 0 49 1 B1 
11976 37259.47422 43200 4 48 5 C1 
11977 37261.20187 41100 1 50 1 B2 
11978 37261.97118 43200 5 48 5 C1 
11979 37270.18521 46800 2 50 1 B2 
11980 37272.7543 41100 0 50 3 B2 
11981 37274.8981 40500 3 49 1 C2 
11982 37275.29614 41100 1 50 1 B2 
11983 37276.88094 43500 3 48 1 C1 
11984 37277.53827 41100 2 50 2 B2 
11985 37277.56462 40500 4 49 1 C2 
11986 37280.02118 41700 5 49 2 C2 
11987 37280.05012 41100 1 50 3 A1 
11988 37282.36305 43500 3 49 2 C2 
11989 37286.25842 42900 1 50 2 B1 
11990 37287.82166 43200 4 49 1 D1 
11991 37288.92508 43200 2 50 4 B1 
11992 37290.43512 48900 5 49 1 D1 
11993 37290.70393 43200 0 50 4 B2 
11994 37290.92698 50700 4 49 2 C2 
11995 37293.3706 42900 1 50 2 B2 
11996 37293.69696 40500 5 49 1 C2 
11997 37299.9321 41400 3 48 4 D1 
11998 37299.96653 41700 3 49 2 C2 
11999 37301.20192 40200 2 50 5 B2 
12000 37302.658 43500 4 49 2 C2 
12001 37303.73202 50400 0 50 2 B2 
12002 37306.68673 43200 1 50 4 B2 
12003 37307.66484 43500 5 49 2 C2 
12004 37309.04359 43200 0 49 1 B1 
12005 37309.25527 42900 2 50 2 B2 
12006 37310.08325 42900 3 49 2 C2 
12007 37311.76362 43200 0 50 4 B2 
12008 37323.03782 42900 4 49 2 C2 
12009 37325.71047 42900 5 49 2 C2 
12010 37332.28673 40200 1 50 5 B2 
12011 37332.31546 43500 4 48 2 C1 
12012 37336.37109 42900 3 49 2 C2 
12013 37337.82672 46800 2 50 2 B2 
12014 37339.0378 42900 4 49 2 C2 
12015 37351.19085 41100 0 50 3 B2 
12016 37352.23853 40500 5 49 1 C2 
12017 37354.68425 50400 3 49 1 C2 
12018 37355.29547 44100 5 48 4 C1 
12019 37357.19447 42900 4 49 2 C2 
12020 37358.58639 42900 2 50 2 A1 
12021 37359.67544 42900 5 49 2 C2 
12022 37362.11485 42900 3 49 2 C2 
12023 37364.58249 42900 4 49 2 C2 
12024 37367.13398 41400 5 49 1 C2 
12025 37377.98134 43200 53 50 3 T 
12026 37379.41311 41400 3 49 1 C2 
12027 37382.18939 41400 4 49 1 C2 
12028 37382.85708 43200 53 50 3 T 
12029 37387.95901 43200 53 50 4 T 
12030 37393.29227 43200 53 50 4 T 
12031 37398.18943 41400 5 49 1 C2 
12032 37398.38134 43200 53 49 1 T 
12033 37400.85596 41400 3 49 1 C2 
12034 37403.25708 43200 53 49 1 T 
12035 37408.35901 43200 53 49 1 T 
12036 37408.7174 41400 4 49 1 C2 
12037 37411.5165 42900 5 49 2 C2 
12038 37413.69227 43200 53 49 1 T 
12039 37414.07991 41400 3 49 1 C2 
12040 37418.78134 46200 53 50 5 T 
12041 37419.41309 41400 4 49 1 C2 
12042 37422.08807 43200 53 49 1 T 
12043 37422.8695 43200 53 49 1 T 
12044 37423.65708 46200 53 50 5 T 
12045 37424.74651 41400 5 49 1 C2 
12046 37425.85054 43200 53 48 5 T 
12047 37427.20845 43200 53 49 1 T 
12048 37427.51651 42600 3 49 1 C2 
12049 37428.75901 43200 53 48 5 T 
12050 37430.01335 43500 4 49 2 C2 
12051 37431.19979 43500 53 49 1 T 
12052 37432.379 42600 5 49 1 C2 
12053 37432.50899 43500 53 49 1 T 
12054 37434.09227 43200 53 48 5 T 
12055 37437.5992 43500 53 49 1 T 
12056 37439.18134 43200 53 48 5 T 
12057 37442.48806 46500 53 49 1 T 
12058 37443.41324 42600 3 49 1 C2 
12059 37444.05708 43500 53 48 2 T 
12060 37447.60843 46500 53 49 1 T 
12061 37449.15901 43500 53 48 2 T 
12062 37451.94278 42900 1 50 2 B2 
12063 37452.909 46500 53 49 1 T 
12064 37454.50165 43500 53 48 1 T 
12065 37457.99916 43500 53 49 2 T 
12066 37459.51653 42600 4 49 1 C2 
12067 37459.58134 43500 53 48 1 T 
12068 37462.02054 45000 5 49 1 C2 
12069 37462.88807 43500 53 49 2 T 
12070 37464.35716 42600 3 49 1 C2 
12071 37466.97068 45300 4 49 1 C2 
12072 37469.39443 42600 5 49 1 C2 
12073 37470.67246 43500 53 49 2 T 
12074 37471.67884 44400 3 49 2 C2 
12075 37473.33911 46200 53 50 5 T 
12076 37476.00578 43200 53 49 1 T 
12077 37478.50581 42900 2 50 2 B2 
12078 37479.02367 42300 4 49 1 C2 
12079 37481.33911 43200 53 48 5 T 
12080 37484.20046 44400 5 49 2 C2 
12081 37489.59066 43500 53 49 2 T 
12082 37492.3509 42300 3 49 1 C2 
12083 37492.56439 43200 53 50 4 T 
12084 37495.7579 43200 53 50 3 T 
12085 37503.84868 40200 4 49 2 D1 
12086 37510.88516 42300 4 49 1 C2 
12087 37513.53378 45300 5 49 2 C2 
12088 37519.0237 42300 3 49 1 C2 
12089 37521.68432 48900 4 49 1 C2 
12090 37524.02247 46500 53 49 1 T 
12091 37524.20289 43200 53 49 1 T 
12092 37526.68911 43200 53 50 3 T 
12093 37526.91422 42600 5 49 1 C2 
12094 37540.02245 43500 53 48 2 T 
12095 37542.68912 43200 53 49 1 T 
12096 37545.536 43500 53 48 1 T 
12097 37548.35089 42600 3 49 1 C2 
12098 37551.01746 42300 4 49 1 C2 
12099 37553.69036 45600 5 49 2 C2 
12100 37564.35093 43200 3 49 1 C2 
12101 37576.65199 42900 53 49 1 T 
12102 37582.92413 43500 53 48 2 T 
12103 37584.6519 44400 53 49 2 T 
12104 37585.69043 43200 4 49 1 C2 
12105 37587.31865 42600 53 49 2 T 
12106 37588.19113 43500 53 49 1 T 
12107 37588.21836 43200 5 49 1 C2 
12108 37589.9853 42900 53 49 2 T 
12109 37593.52445 43500 53 48 1 T 
12110 37597.98513 42900 53 50 2 T 
12111 37600.6518 41100 53 50 1 T 
12112 37603.31862 42600 53 50 1 T 
12113 37604.35703 43200 3 49 1 C2 
12114 37605.98536 41100 53 50 3 T 
12115 37608.65194 41100 53 50 2 T 
12116 37611.31844 42600 53 50 5 T 
12117 37635.98098 43200 53 50 4 T 
12118 37639.01766 41400 4 49 1 C2 
12119 37639.07303 43200 1 49 1 B1 
12120 37640.01032 43200 53 49 1 T 
12121 37641.54039 43200 2 49 1 B1 
12122 37641.95574 42600 5 49 1 C2 
12123 37643.97422 43200 0 49 1 B1 
12124 37645.15491 43800 5 48 3 D1 
12125 37645.98523 42600 53 49 1 T 
12126 37646.01119 41400 3 48 4 C1 
12127 37647.07308 43200 1 49 1 B1 
12128 37647.76835 43500 3 48 1 D1 
12129 37648.65197 42900 53 49 2 T 
12130 37649.43642 43200 2 49 1 B1 
12131 37649.58081 41400 3 49 1 C2 
12132 37650.48834 43500 4 48 2 D1 
12133 37650.59502 42600 0 50 5 B2 
12134 37651.44688 41400 4 48 4 C1 
12135 37652.35689 41400 4 49 1 C2 
12136 37653.15493 41400 5 48 4 D1 
12137 37654.42054 47700 0 49 2 B1 
12138 37654.95586 41400 5 49 1 C2 
12139 37655.87946 49200 3 48 2 D1 
12140 37656.78021 41400 5 48 4 C1 
12141 37656.96572 41100 1 50 3 B1 
12142 37658.13737 40800 53 49 2 T 
12143 37659.67308 43200 2 49 1 B1 
12144 37660.24754 41400 3 49 1 C2 
12145 37661.10178 43200 4 49 1 D1 
12146 37662.01107 41400 3 48 4 C1 
12147 37662.91422 41400 4 49 1 C2 
12148 37663.47096 43200 53 49 1 T 
12149 37664.78009 41400 4 48 4 C1 
12150 37665.69038 41400 5 49 1 C2 
12151 37665.82674 41100 1 50 3 B2 
12152 37666.43518 44400 5 49 2 D1 
12153 37667.31651 44100 5 48 4 C1 
12154 37668.2794 41100 2 50 3 B2 
12155 37668.35086 41400 3 49 1 C2 
12156 37669.21282 41700 3 49 2 D1 
12157 37671.16007 41100 0 50 3 B2 
12158 37671.29574 42300 4 49 1 C2 
12159 37671.76854 41700 4 49 2 D1 
12160 37673.62382 46200 1 50 5 B2 
12161 37674.43519 41400 5 48 4 D1 
12162 37675.45105 44100 3 48 4 C1 
12163 37676.49334 42600 2 50 1 B2 
12164 37678.11775 44100 4 48 4 C1 
12165 37679.12207 42600 0 50 1 B2 
12166 37679.87957 42900 3 49 1 D1 
12167 37680.07147 41100 0 50 3 A1 
12168 37680.6777 44100 5 48 4 C1 
12169 37681.78872 41100 1 50 3 B2 
12170 37683.4468 44100 3 48 4 C1 
12171 37683.55669 42600 1 50 1 A1 
12172 37686.11347 44100 4 48 4 C1 
12173 37686.52357 42900 2 50 2 A1 
12174 37686.88503 42600 5 49 1 C2 
12175 37687.04209 41100 53 49 2 T 
12176 37688.65001 44100 5 48 4 C1 
12177 37689.60364 42600 2 50 1 B2 
12178 37689.69043 42600 3 49 1 C2 
12179 37693.30931 43200 0 50 3 A1 
12180 37695.12206 42600 0 50 1 B2 
12181 37696.27619 41400 1 50 4 A1 
12182 37696.64993 43800 3 48 3 C1 
12183 37696.75636 40800 0 49 2 B1 
12184 37699.5917 51000 1 49 2 B1 
12185 37699.67046 41400 2 50 4 A1 
12186 37702.0897 43200 2 49 1 B1 
12187 37702.61179 43200 0 50 4 A1 
12188 37702.90204 42300 4 49 1 C2 
12189 37703.84402 41100 1 50 2 B2 
12190 37704.92503 43200 0 49 1 B1 
12191 37705.55197 42600 1 50 5 A1 
12192 37706.51073 41100 2 50 2 B2 
12193 37708.21837 42300 5 49 1 C2 
12194 37708.39803 40800 1 49 2 B1 
12195 37708.48646 41100 2 50 1 A1 
12196 37710.11786 43800 4 48 3 C1 
12197 37711.06475 40800 2 49 2 B1 
12198 37711.42664 41100 0 50 2 A1 
12199 37711.87933 43200 4 48 5 D1 
12200 37713.37982 44100 53 48 4 T 
12201 37713.50661 42900 0 50 2 B1 
12202 37715.31646 43500 5 48 2 C1 
12203 37715.99539 43200 1 49 1 B1 
12204 37716.21839 42300 3 49 1 C2 
12205 37718.41011 40800 2 49 2 B1 
12206 37718.88505 42300 4 49 1 C2 
12207 37720.78451 45900 3 48 1 C1 
12208 37720.88194 42600 0 50 5 B1 
12209 37721.62006 42900 0 50 2 B2 
12210 37722.54614 41400 5 49 1 D1 
12211 37724.27007 42900 1 50 2 B2 
12212 37725.21285 40800 3 49 2 D1 
12213 37726.01108 41400 4 48 4 C1 
12214 37726.91419 42300 5 49 1 C2 
12215 37727.16007 42900 2 50 2 B2 
12216 37727.6578 41400 4 49 1 D1 
12217 37728.64981 43500 5 48 2 C1 
12218 37729.55178 42300 3 49 1 C2 
12219 37729.61274 42900 0 50 2 B2 
12220 37730.54616 42600 5 49 1 D1 
12221 37731.44692 43500 3 48 2 C1 
12222 37732.4554 41100 1 50 2 B2 
12223 37734.05172 43500 4 48 2 C1 
12224 37735.02371 42300 4 49 1 C2 
12225 37735.65792 43500 3 49 2 D1 
12226 37737.60334 49800 2 50 5 B2 
12227 37739.45113 41400 5 48 4 C1 
12228 37740.49339 42900 0 50 2 B2 
12229 37742.11774 43500 3 48 2 C1 
12230 37745.6842 42900 5 49 1 C2 
12231 37745.82672 42600 1 50 5 B2 
12232 37747.45114 41400 4 48 4 C1 
12233 37750.11366 43200 5 48 5 C1 
12234 37750.88628 42600 3 49 1 C2 
12235 37756.4934 42600 2 50 5 B2 
12236 37759.82506 41100 0 50 1 B2 
12237 37761.68422 42600 4 49 1 C2 
12238 37762.49169 41100 1 50 1 B2 
12239 37763.44808 43200 1 50 4 B1 
12240 37764.24756 42600 5 49 1 C2 
12241 37766.28336 40800 2 49 2 B1 
12242 37768.67784 43200 3 48 5 C1 
12243 37771.4468 49200 4 48 2 C1 
12244 37774.9534 43200 2 50 3 B2 
12245 37779.4468 43500 5 48 1 C1 
12246 37780.2184 42600 3 49 1 C2 
12247 37782.11475 41100 0 50 2 B1 
12248 37782.11794 43500 3 48 1 C1 
12249 37782.93673 43200 0 50 4 B2 
12250 37783.01755 42600 4 49 1 C2 
12251 37784.78431 43500 4 48 1 C1 
12252 37785.68435 42600 5 49 1 C2 
12253 37785.78873 43200 1 50 3 B2 
12254 37786.32447 43500 4 49 1 D1 
12255 37787.31647 43800 5 48 3 C1 
12256 37788.28674 43200 2 50 3 B2 
12257 37788.35087 42600 3 49 1 C2 
12258 37789.15497 41100 5 49 2 D1 
12259 37790.01107 47400 3 48 2 C1 
12260 37791.16007 43200 0 50 3 B2 
12261 37791.52617 42300 4 49 1 C2 
12262 37791.65789 42600 3 49 2 D1 
12263 37792.67779 48600 4 48 1 C1 
12264 37793.62378 43200 1 50 4 B2 
12265 37795.34445 43800 5 48 3 C1 
12266 37796.24753 42600 5 49 1 C2 
12267 37797.15502 42600 4 49 1 D1 
12268 37798.93672 50100 2 50 1 B2 
12269 37799.02366 41700 3 49 2 C2 
12270 37799.27239 41100 1 49 3 B1 
12271 37800.64983 43500 3 48 1 C1 
12272 37802.90214 42600 0 50 5 B2 
12273 37803.34447 43500 4 48 1 C1 
12274 37806.38185 43200 1 50 4 B2 
12275 37809.78872 43200 2 50 4 B2 
12276 37812.35081 41700 4 49 2 C2 
12277 37814.8851 41700 5 49 2 C2 
12278 37817.29586 41400 3 49 1 C2 
12279 37819.68583 41700 4 49 2 C2 
12280 37820.27006 41100 0 50 2 B2 
12281 37822.30737 42600 2 50 1 B1 
12282 37823.02365 42900 5 49 1 C2 
12283 37824.78443 47700 5 48 3 C1 
12284 37827.45107 43200 3 48 5 C1 
12285 37827.61674 41100 0 50 1 B1 
12286 37838.01125 48600 4 48 5 C1 
12287 37838.28342 43200 1 50 3 B1 
12288 37838.96814 42900 3 49 1 C2 
12289 37839.16006 41400 1 50 4 B2 
12290 37840.67772 45900 5 48 5 C1 
12291 37841.61274 41400 2 50 4 B2 
12292 37844.17258 42600 0 50 1 B2 
12293 37845.155 42900 5 49 2 D1 
12294 37847.02369 42900 4 49 1 C2 
12295 37847.14943 41400 1 50 4 B2 
12296 37847.76832 42300 3 49 1 D1 
12297 37849.78868 41400 2 50 4 B2 
12298 37851.44683 43200 3 48 5 C1 
12299 37853.15508 42900 4 49 2 D1 
12300 37855.12207 41400 0 50 4 B2 
12301 37855.12765 43200 5 49 1 D1 
12302 37856.64991 43200 4 48 5 C1 
12303 37860.43387 42300 5 49 1 C2 
12304 37862.11345 43200 5 48 5 C1 
12305 37863.37625 42900 3 49 2 C2 
12306 37865.62006 41400 1 50 4 B2 
12307 37865.76413 42900 4 49 2 C2 
12308 37868.35908 44400 5 49 2 C2 
12309 37868.49338 41400 2 50 4 B2 
12310 37873.58086 41700 3 49 2 C2 
12311 37879.01769 44400 4 49 2 C2 
12312 37881.62006 41100 0 50 1 B2 
12313 37886.98943 41400 3 48 4 C1 
12314 37888.98808 41400 2 50 4 B1 
12315 37895.0237 41700 5 49 2 C2 
12316 37897.58078 44400 3 49 2 C2 
12317 37900.24748 41700 4 49 2 C2 
12318 37902.91426 41700 5 49 2 C2 
12319 37903.25432 42600 1 50 5 B2 
12320 37908.62148 42600 3 49 1 C2 
12321 37909.21278 43200 3 49 1 D1 
12322 37911.18767 41700 4 49 2 C2 
12323 37921.69042 43500 5 49 1 C2 
12324 37922.36834 44100 4 48 4 D1 
12325 37929.55173 43500 3 49 1 C2 
12326 37932.24736 43500 4 49 1 C2 
12327 37935.02376 43500 5 49 1 C2 
12328 37948.20042 43500 3 49 1 C2 
12329 37956.2475 42900 4 49 2 C2 
12330 37961.5518 42900 5 49 2 C2 
12331 37969.68418 43200 3 49 1 C2 
12332 37977.75708 46800 53 50 2 T 
12333 37983.01755 43500 4 49 2 C2 
12334 37983.62909 41400 2 50 4 B2 
12335 37985.58089 43500 5 49 2 C2 
12336 37985.75626 46800 53 50 2 T 
12337 37988.24419 46800 53 50 1 T 
12338 37991.04452 42900 3 49 1 C2 
12339 37993.28134 46800 53 50 1 T 
12340 37993.98398 43500 4 49 2 C2 
12341 37998.15708 43800 53 48 3 T 
12342 37999.01761 43500 5 49 2 C2 
12343 38003.25901 43800 53 48 3 T 
12344 38006.88091 45300 3 49 2 C2 
12345 38007.25411 41100 0 50 1 B2 
12346 38009.70017 44100 53 48 4 T 
12347 38012.99757 51000 4 49 1 C2 
12348 38013.68134 44100 53 48 4 T 
12349 38017.58084 45300 5 49 1 C2 
12350 38018.55708 44100 53 48 4 T 
12351 38020.14941 43200 4 48 5 C1 
12352 38023.01767 45300 3 49 2 C2 
12353 38023.65901 44100 53 48 4 T 
12354 38025.69028 42600 4 49 2 C2 
12355 38028.25732 44100 53 48 4 T 
12356 38033.53615 43800 53 48 3 T 
12357 38036.21844 45600 5 49 2 C2 
12358 38038.61845 42900 3 49 1 C2 
12359 38039.85031 42300 5 49 1 D1 
12360 38044.357 46500 4 49 1 C2 
12361 38047.01745 45000 5 49 1 C2 
12362 38054.88511 48900 3 49 1 C2 
12363 38057.69031 45000 4 49 1 C2 
12364 38063.01759 43200 5 49 1 C2 
12365 38068.21838 43200 3 49 1 C2 
12366 38071.02365 43200 4 49 1 C2 
12367 38073.58077 42900 5 49 2 C2 
12368 38075.97079 45300 3 49 1 C2 
12369 38078.89579 46800 53 50 1 T 
12370 38079.0237 43200 4 49 1 C2 
12371 38084.22912 44100 53 48 4 T 
12372 38087.01767 42900 5 49 2 C2 
12373 38102.91416 42600 3 49 2 C2 
12374 38105.68428 42900 4 49 2 C2 
12375 38108.08141 42900 5 49 2 C2 
12376 38110.53448 42900 3 49 2 C2 
12377 38116.35699 42600 4 49 2 C2 
12378 38126.67245 46800 53 50 2 T 
12379 38127.55998 42900 5 49 2 C2 
12380 38130.62897 42600 3 49 2 C2 
12381 38133.02789 42600 4 49 2 C2 
12382 38135.42217 42600 5 49 2 C2 
12383 38145.33911 44100 53 48 4 T 
12384 38150.93466 43500 3 49 2 C2 
12385 38164.21835 41100 4 49 2 C2 
12386 38166.91413 41100 5 49 2 C2 
12387 38172.60633 49800 3 49 2 C2 
12388 38173.98532 45300 53 49 1 T 
12389 38182.8851 41100 4 49 2 C2 
12390 38185.69034 42900 5 49 2 C2 
12391 38187.31856 43200 53 49 1 T 
12392 38188.21837 41100 3 49 2 C2 
12393 38189.98527 45300 53 49 2 T 
12394 38195.31864 45000 53 49 1 T 
12395 38203.31871 43200 53 50 4 T 
12396 38205.98529 41400 53 50 4 T 
12397 38206.68912 43800 53 48 3 T 
12398 38211.31829 43200 53 50 3 T 
12399 38231.00541 43200 0 49 1 B1 
12400 38233.67203 43200 1 49 1 B1 
12401 38233.69043 42300 4 49 1 C2 
12402 38241.55166 43500 5 49 1 C2 
12403 38243.31856 42600 53 49 1 T 
12404 38247.76828 43800 3 48 3 D1 
12405 38248.64991 51900 5 48 4 C1 
12406 38248.98803 50700 2 49 1 B1 
12407 38249.69042 42300 3 49 1 C2 
12408 38250.32448 43200 4 48 5 D1 
12409 38251.31864 41700 53 49 2 T 
12410 38251.45183 43200 0 49 1 B1 
12411 38252.80426 43200 53 49 1 T 
12412 38253.27006 42600 1 50 5 B2 
12413 38254.32137 43200 1 49 1 B1 
12414 38255.01755 42300 4 49 1 C2 
12415 38255.76831 44100 5 48 4 D1 
12416 38256.98803 49200 2 49 3 B1 
12417 38257.55167 42300 5 49 1 C2 
12418 38257.62007 41400 2 50 4 B2 
12419 38258.32452 44100 3 48 4 D1 
12420 38259.44073 43200 0 49 1 B1 
12421 38259.45118 41400 3 48 4 C1 
12422 38260.35088 42300 3 49 1 C2 
12423 38261.15509 43200 4 49 1 D1 
12424 38261.98325 45900 4 48 1 C1 
12425 38262.32141 41400 1 50 4 B1 
12426 38263.01768 42300 4 49 1 C2 
12427 38263.47066 41400 53 48 4 T 
12428 38263.66225 46800 0 50 1 B2 
12429 38263.76848 45300 5 49 1 D1 
12430 38264.65 43500 5 48 1 C1 
12431 38264.77409 43200 2 50 4 B1 
12432 38265.58073 42300 5 49 1 C2 
12433 38266.13733 44100 53 48 4 T 
12434 38266.15054 41400 1 50 4 B2 
12435 38266.32459 43200 3 49 1 D1 
12436 38267.31649 45900 3 48 1 C1 
12437 38267.61669 43200 0 49 1 B1 
12438 38267.87205 42900 3 49 2 C2 
12439 38268.80395 43200 53 48 5 T 
12440 38269.10187 41700 4 49 2 D1 
12441 38270.01104 45900 4 48 5 C1 
12442 38271.12206 50400 2 50 2 B2 
12443 38271.47067 43500 53 48 2 T 
12444 38271.87951 42600 5 49 2 D1 
12445 38271.97909 42900 1 50 2 A1 
12446 38272.67769 43500 5 48 1 C1 
12447 38273.58081 42300 4 49 1 C2 
12448 38274.13729 43500 53 48 1 T 
12449 38274.32462 42600 3 49 2 D1 
12450 38275.45096 43500 3 48 1 C1 
12451 38276.29518 41400 53 49 1 T 
12452 38276.99109 43500 4 48 1 D1 
12453 38277.97804 45900 4 48 5 C1 
12454 38279.16001 43200 0 50 4 B2 
12455 38279.97911 42600 2 50 1 A1 
12456 38281.78873 43200 1 50 4 B2 
12457 38284.24755 42900 5 49 2 C2 
12458 38285.31243 42900 0 50 2 A1 
12459 38286.11354 43500 5 48 1 C1 
12460 38287.12207 43200 2 50 4 B2 
12461 38289.60364 43200 0 50 4 B2 
12462 38293.45465 42600 1 50 5 A1 
12463 38294.11353 43500 3 48 1 C1 
12464 38294.96871 43500 53 49 2 T 
12465 38296.93988 42600 2 50 1 A1 
12466 38299.43136 43200 1 49 1 B1 
12467 38299.44689 44100 4 48 4 C1 
12468 38299.87436 43200 0 50 4 A1 
12469 38302.85315 42600 1 50 5 A1 
12470 38303.01753 42900 3 49 2 C2 
12471 38305.69033 42900 4 49 2 C2 
12472 38306.64576 41400 2 50 4 A1 
12473 38309.26169 43200 1 50 3 B2 
12474 38310.09829 43200 2 49 1 B1 
12475 38312.65194 43500 53 49 1 T 
12476 38312.67786 44100 5 48 4 C1 
12477 38312.7647 43200 0 49 1 B1 
12478 38313.55161 42900 5 49 2 C2 
12479 38313.62006 52500 2 50 4 B2 
12480 38313.96701 43200 0 50 3 A1 
12481 38315.44808 43200 1 49 1 B1 
12482 38315.95162 41100 3 49 2 C2 
12483 38316.27007 48000 0 50 3 B2 
12484 38318.3624 42900 4 49 2 C2 
12485 38319.12207 43200 1 50 3 B2 
12486 38319.82158 41400 5 48 4 D1 
12487 38320.7595 43500 5 49 1 C2 
12488 38320.78014 44100 3 48 4 C1 
12489 38320.78142 42600 2 50 5 B1 
12490 38321.82672 42600 2 50 5 B2 
12491 38323.44681 49200 4 48 2 C1 
12492 38324.27941 42600 0 50 5 B2 
12493 38324.35711 43500 3 49 1 C2 
12494 38326.01107 41400 5 48 4 C1 
12495 38326.88504 43500 4 49 1 C2 
12496 38327.9284 43200 1 50 3 B2 
12497 38328.78022 49500 3 48 3 C1 
12498 38329.69037 43500 5 49 1 C2 
12499 38331.31645 48300 4 48 4 C1 
12500 38333.21284 42300 3 49 1 D1 
12501 38333.98316 44100 5 48 4 C1 
12502 38335.65779 43500 4 49 1 D1 
12503 38336.67771 41400 3 48 4 C1 
12504 38337.82673 42600 2 50 5 B2 
12505 38339.44677 44100 4 48 4 C1 
12506 38340.49339 42600 0 50 5 B2 
12507 38342.94603 42600 1 50 5 B2 
12508 38345.55183 45000 3 49 1 C2 
12509 38348.4934 42600 2 50 5 B2 
12510 38350.11779 41400 5 48 4 C1 
12511 38350.95714 42600 0 50 5 B2 
12512 38352.7845 43800 3 48 3 C1 
12513 38358.91416 45600 4 49 2 C2 
12514 38361.69032 45000 5 49 1 C2 
12515 38369.61626 42900 3 49 2 C2 
12516 38371.45108 43500 4 48 2 C1 
12517 38371.61675 42600 0 50 1 B1 
12518 38372.28673 42600 1 50 1 B2 
12519 38373.98326 43800 5 48 3 C1 
12520 38375.01749 45600 4 49 2 C2 
12521 38375.12206 42600 2 50 1 B2 
12522 38377.55182 45000 5 49 1 C2 
12523 38377.60365 42600 0 50 1 B2 
12524 38380.4934 42600 1 50 1 B2 
12525 38381.10171 45000 5 49 1 D1 
12526 38382.95716 42600 2 50 1 B2 
12527 38384.78141 42900 1 50 2 B1 
12528 38385.68422 42900 3 49 2 C2 
12529 38386.32446 44400 3 49 2 D1 
12530 38386.51073 42900 0 50 2 B2 
12531 38388.24751 42900 4 49 2 C2 
12532 38390.11345 43500 3 48 2 C1 
12533 38390.91429 42900 5 49 2 C2 
12534 38392.64984 44100 4 48 4 C1 
12535 38393.6034 42600 1 50 1 B2 
12536 38395.45129 43500 5 48 2 C1 
12537 38396.99125 42900 4 49 1 D1 
12538 38398.11338 43500 3 48 2 C1 
12539 38400.6342 44100 4 48 4 C1 
12540 38401.78872 42600 2 50 1 B2 
12541 38404.27031 43200 0 50 3 B2 
12542 38406.11784 43500 5 48 2 C1 
12543 38406.95334 42600 1 50 1 B2 
12544 38407.01769 42600 3 49 1 C2 
12545 38408.6778 43200 3 48 5 C1 
12546 38412.2475 42600 4 49 1 C2 
12547 38412.27006 43200 2 50 3 B2 
12548 38414.01114 44100 4 48 4 C1 
12549 38416.22884 41400 0 50 4 B2 
12550 38422.9142 42600 5 49 1 C2 
12551 38425.55173 42600 3 49 1 C2 
12552 38425.78873 46200 1 50 5 B2 
12553 38427.99744 42300 4 49 1 C2 
12554 38430.50769 42600 5 49 1 C2 
12555 38430.95339 42900 2 50 2 B2 
12556 38432.67773 43200 5 48 5 C1 
12557 38433.00987 42600 3 49 1 C2 
12558 38433.82673 46800 0 50 2 B2 
12559 38434.51532 43500 5 48 2 D1 
12560 38435.09558 43500 3 48 1 C1 
12561 38436.35706 45300 4 49 2 C2 
12562 38437.97191 42900 3 49 2 D1 
12563 38438.16097 43200 4 48 5 C1 
12564 38438.88505 45300 5 49 2 C2 
12565 38439.17917 41400 1 50 4 B2 
12566 38440.56045 43200 5 48 5 C1 
12567 38440.58085 42900 4 49 2 D1 
12568 38442.96472 43200 3 48 5 C1 
12569 38445.46226 43200 4 48 5 C1 
12570 38446.88514 45300 3 49 2 C2 
12571 38447.12207 42900 2 50 2 B2 
12572 38447.92227 48600 5 48 5 C1 
12573 38449.62007 42900 0 50 2 B2 
12574 38453.14305 43200 3 48 5 C1 
12575 38454.76929 43200 2 49 1 B1 
12576 38455.70315 43200 4 48 5 C1 
12577 38456.58083 42900 5 49 2 D1 
12578 38457.82672 42900 1 50 2 B2 
12579 38460.29048 42900 2 50 2 B2 
12580 38461.0769 43800 5 48 3 C1 
12581 38462.81705 43200 0 50 4 B2 
12582 38468.00823 43500 4 49 1 C2 
12583 38468.45534 42900 1 50 2 B2 
12584 38469.00845 43800 3 48 3 C1 
12585 38471.02376 42600 5 49 1 C2 
12586 38473.68422 42600 3 49 1 C2 
12587 38476.28673 42900 2 50 2 B2 
12588 38476.35087 42600 4 49 1 C2 
12589 38477.29649 43200 0 50 3 B1 
12590 38486.88506 42600 5 49 1 C2 
12591 38489.58071 42600 3 49 1 C2 
12592 38492.24751 42600 4 49 1 C2 
12593 38494.81374 41400 4 48 4 C1 
12594 38495.02375 42600 5 49 1 C2 
12595 38496.41692 42600 3 49 1 D1 
12596 38497.68435 42600 3 49 1 C2 
12597 38500.35087 42600 4 49 1 C2 
12598 38501.86081 43500 4 49 2 D1 
12599 38507.30512 42600 5 49 1 D1 
12600 38514.3667 42300 3 49 1 D1 
12601 38520.34494 49200 0 50 4 B2 
12602 38524.35705 43500 5 49 2 C2 
12603 38527.52891 52200 3 49 2 C2 
12604 38530.32475 42600 4 49 2 C2 
12605 38532.07245 43200 4 49 1 D1 
12606 38532.15268 43500 5 48 2 C1 
12607 38532.70499 42600 5 49 2 C2 
12608 38540.35092 43500 3 49 2 C2 
12609 38543.0237 43500 4 49 2 C2 
12610 38545.5517 43500 5 49 2 C2 
12611 38548.24762 42600 3 49 2 C2 
12612 38550.23287 41400 5 49 1 D1 
12613 38551.02369 43500 4 49 2 C2 
12614 38553.614 43500 5 49 2 C2 
12615 38555.47965 44100 3 48 4 C1 
12616 38560.73555 45300 3 49 2 D1 
12617 38572.63854 42600 3 49 1 C2 
12618 38575.2048 45300 4 49 1 C2 
12619 38577.99227 47700 53 48 3 T 
12620 38580.21848 42900 5 49 2 C2 
12621 38583.08134 47700 53 48 3 T 
12622 38583.62069 42900 4 49 1 D1 
12623 38587.95708 47700 53 49 2 T 
12624 38590.91415 42600 3 49 2 C2 
12625 38593.05901 47700 53 49 2 T 
12626 38598.39227 47400 53 48 2 T 
12627 38603.48134 47400 53 48 2 T 
12628 38604.35703 42600 4 49 2 C2 
12629 38606.91426 42600 5 49 2 C2 
12630 38609.68422 42600 3 49 2 C2 
12631 38612.35083 45300 4 49 1 C2 
12632 38613.83848 43800 4 48 3 C1 
12633 38614.88511 45300 5 49 1 C2 
12634 38620.63317 50700 3 49 2 C2 
12635 38622.10845 44400 53 49 2 T 
12636 38627.40903 44400 53 49 2 T 
12637 38630.86934 44400 53 49 2 T 
12638 38630.88502 42900 4 49 2 C2 
12639 38638.91417 48000 5 49 2 C2 
12640 38640.60889 42900 5 49 2 D1 
12641 38644.35102 50400 3 49 1 C2 
12642 38646.88502 42900 4 49 2 C2 
12643 38655.01765 48900 5 49 1 C2 
12644 38657.58084 42900 3 49 2 C2 
12645 38660.35693 42900 4 49 2 C2 
12646 38665.55174 42900 5 49 2 C2 
12647 38668.00579 44400 53 49 2 T 
12648 38668.21848 42900 3 49 2 C2 
12649 38671.02368 42900 4 49 2 C2 
12650 38676.19111 47700 53 48 3 T 
12651 38678.85778 47700 53 49 2 T 
12652 38689.68424 41400 5 49 1 C2 
12653 38703.02378 41400 3 49 1 C2 
12654 38705.68419 41700 4 49 2 C2 
12655 38707.59343 42600 3 49 1 D1 
12656 38708.21833 41400 5 49 1 C2 
12657 38711.2968 42600 3 49 2 C2 
12658 38713.85567 41700 4 49 2 C2 
12659 38716.35366 41700 5 49 2 C2 
12660 38719.02374 41400 3 49 1 C2 
12661 38721.58076 41400 4 49 1 C2 
12662 38724.24748 41700 5 49 2 C2 
12663 38729.68435 41700 3 49 2 C2 
12664 38734.89579 47400 53 48 2 T 
12665 38740.40616 42900 4 49 2 C2 
12666 38748.35705 43200 5 49 1 C2 
12667 38753.58097 42900 3 49 1 C2 
12668 38762.54739 42600 4 49 2 C2 
12669 38765.3571 42900 5 49 1 C2 
12670 38767.78225 43200 3 49 1 C2 
12671 38772.74591 43200 4 49 1 C2 
12672 38785.55162 46500 5 49 1 C2 
12673 38787.31865 42300 53 49 1 T 
12674 38790.88506 43200 3 49 1 C2 
12675 38795.31856 42600 53 49 1 T 
12676 38804.24749 42900 4 49 1 C2 
12677 38814.88514 44400 5 49 2 C2 
12678 38817.69031 44400 3 49 2 C2 
12679 38825.69036 42900 4 49 1 C2 
12680 38830.91416 42900 5 49 1 C2 
12681 38830.9647 43200 1 49 1 B1 
12682 38831.01882 45600 53 49 2 T 
12683 38833.58082 42900 3 49 1 C2 
12684 38836.24757 42900 4 49 1 C2 
12685 38836.29808 43200 2 49 1 B1 
12686 38840.95719 45900 4 48 1 D1 
12687 38840.98808 52200 0 49 3 B1 
12688 38841.55182 50400 5 49 2 C2 
12689 38843.61674 43200 1 49 1 B1 
12690 38843.62394 43200 5 48 5 D1 
12691 38844.35086 42900 3 49 1 C2 
12692 38846.1147 47700 2 49 2 B1 
12693 38848.78137 43200 0 49 1 B1 
12694 38848.84615 43500 3 48 1 D1 
12695 38849.68417 42900 4 49 1 C2 
12696 38851.44803 51000 1 49 2 B1 
12697 38851.56627 43200 4 48 5 D1 
12698 38853.00849 43200 5 48 5 C1 
12699 38854.29052 45900 5 48 5 D1 
12700 38854.36469 43200 2 49 1 B1 
12701 38855.67506 43200 3 48 5 C1 
12702 38855.82506 43200 1 50 4 B2 
12703 38856.98808 42900 0 50 2 B1 
12704 38858.4765 43200 4 48 5 C1 
12705 38859.56619 43500 3 48 1 D1 
12706 38860.80427 43200 53 49 1 T 
12707 38861.15835 43200 2 50 4 B2 
12708 38862.29072 43500 4 49 1 D1 
12709 38862.88503 45000 5 49 1 C2 
12710 38863.44135 42900 0 50 2 B2 
12711 38863.70297 43200 5 48 5 C1 
12712 38864.89959 43200 5 49 1 D1 
12713 38864.95008 43200 1 50 4 B1 
12714 38865.89284 42900 1 50 2 B2 
12715 38866.13732 44100 53 48 4 T 
12716 38866.34192 43800 3 48 3 C1 
12717 38867.51302 43200 3 49 1 D1 
12718 38868.35102 43500 3 49 1 C2 
12719 38868.36072 42900 2 50 2 B2 
12720 38869.03631 43800 4 48 3 C1 
12721 38871.47065 45900 53 48 5 T 
12722 38871.67506 43200 5 48 5 C1 
12723 38872.95737 43500 4 49 1 D1 
12724 38873.60364 42900 0 50 2 B2 
12725 38874.47205 43800 3 48 3 C1 
12726 38876.27007 42900 1 50 2 B2 
12727 38876.80395 45900 53 48 1 T 
12728 38877.14291 43800 4 48 3 C1 
12729 38879.12206 46800 2 50 1 B2 
12730 38879.67105 43200 5 48 5 C1 
12731 38880.12134 43200 1 50 3 A1 
12732 38880.89955 42900 5 49 2 D1 
12733 38881.5808 43500 4 49 1 C2 
12734 38881.82668 42900 0 50 2 B2 
12735 38884.24748 45000 5 49 1 C2 
12736 38884.3197 43200 2 49 1 B1 
12737 38884.45539 52200 1 50 3 B2 
12738 38885.14298 43800 3 48 3 C1 
12739 38885.46264 42900 2 50 2 A1 
12740 38887.12207 42900 2 50 2 B2 
12741 38888.89436 42900 0 50 2 A1 
12742 38889.65308 43200 0 49 1 B1 
12743 38891.93608 43200 1 49 1 B1 
12744 38892.0893 43200 1 50 4 A1 
12745 38892.21841 45000 3 49 1 C2 
12746 38894.06884 43800 3 48 3 D1 
12747 38894.4003 43200 2 49 1 B1 
12748 38894.88504 44400 4 49 2 C2 
12749 38895.49186 42600 2 50 5 A1 
12750 38897.33101 43800 53 48 3 T 
12751 38897.68438 43500 5 49 1 C2 
12752 38899.43141 43200 0 49 1 B1 
12753 38900.21844 45000 3 49 1 C2 
12754 38902.06888 43500 4 48 2 D1 
12755 38902.28336 43200 1 49 1 B1 
12756 38902.4812 42600 0 50 1 A1 
12757 38904.95003 43200 2 49 1 B1 
12758 38905.69038 44400 4 49 2 C2 
12759 38905.96642 43200 1 50 4 A1 
12760 38907.43167 42600 0 50 1 B1 
12761 38907.62388 44100 5 48 4 D1 
12762 38908.3569 43500 5 49 1 C2 
12763 38908.9009 43200 2 50 3 A1 
12764 38909.03643 44100 4 48 4 C1 
12765 38910.17959 44100 3 48 4 D1 
12766 38910.28337 43200 1 49 1 B1 
12767 38911.93673 42600 0 50 1 B2 
12768 38912.73558 43500 4 48 2 D1 
12769 38913.05313 42600 0 50 1 A1 
12770 38914.47213 44100 5 48 4 C1 
12771 38914.60335 42600 1 50 1 B2 
12772 38917.17244 46800 2 50 2 B2 
12773 38918.32141 42600 2 50 5 B1 
12774 38919.67509 43200 3 48 5 C1 
12775 38919.71952 42600 0 50 1 B2 
12776 38922.47223 43200 4 48 5 C1 
12777 38923.40237 45300 5 49 1 D1 
12778 38925.13867 44100 5 48 4 C1 
12779 38926.17964 43200 3 49 1 D1 
12780 38926.8163 43200 3 49 1 C2 
12781 38926.95338 43200 1 50 4 B2 
12782 38927.80528 48600 3 48 5 C1 
12783 38929.28061 44400 4 49 2 C2 
12784 38929.82672 43200 2 50 4 B2 
12785 38930.36963 43200 4 48 5 C1 
12786 38931.62406 43200 4 49 1 D1 
12787 38932.29048 49800 0 50 5 B2 
12788 38933.14315 43200 5 48 5 C1 
12789 38934.93668 43200 1 50 4 B2 
12790 38935.67504 44100 3 48 4 C1 
12791 38936.73568 42900 5 49 1 D1 
12792 38937.82673 43200 2 50 4 B2 
12793 38938.36965 43200 4 48 5 C1 
12794 38940.21839 43500 5 49 1 C2 
12795 38940.4934 43200 0 50 4 B2 
12796 38941.14294 43200 5 48 5 C1 
12797 38942.88499 44400 3 49 2 C2 
12798 38943.16006 43200 1 50 4 B2 
12799 38943.80537 44100 3 48 4 C1 
12800 38945.62382 42600 2 50 1 B2 
12801 38945.68427 43500 4 49 1 C2 
12802 38948.10592 49800 5 49 1 C2 
12803 38950.11475 43200 0 49 1 B1 
12804 38950.60742 43500 3 49 1 C2 
12805 38953.19178 43500 4 49 1 C2 
12806 38955.70689 44400 5 49 2 C2 
12807 38958.1185 43200 1 50 3 B1 
12808 38962.59506 42600 0 50 5 B2 
12809 38963.65469 43200 2 49 1 B1 
12810 38964.93775 44400 3 49 2 C2 
12811 38967.80977 43500 4 48 2 C1 
12812 38968.25509 43200 4 49 1 C2 
12813 38969.62007 42600 1 50 5 B2 
12814 38970.34184 43500 5 48 2 C1 
12815 38971.32405 43500 5 49 1 C2 
12816 38974.23285 45600 3 49 2 D1 
12817 38975.80983 44100 3 48 4 C1 
12818 38978.47205 44100 4 48 4 C1 
12819 38978.59502 42600 2 50 5 B2 
12820 38981.12873 42600 0 50 5 B2 
12821 38981.14286 43500 5 48 2 C1 
12822 38983.63661 42600 1 50 5 B2 
12823 38983.80525 43500 3 48 2 C1 
12824 38985.86766 42600 2 50 1 B2 
12825 38986.27131 42900 3 49 2 C2 
12826 38986.47638 43500 4 48 2 C1 
12827 38988.46152 42600 0 50 1 B2 
12828 38989.0364 44100 5 48 4 C1 
12829 38989.04734 42900 4 49 2 C2 
12830 38990.069 42900 4 49 1 D1 
12831 38990.93698 42600 1 50 5 B2 
12832 38991.67505 44100 3 48 4 C1 
12833 38992.95724 45000 5 49 1 D1 
12834 38993.6034 42600 2 50 1 B2 
12835 38994.47637 43500 4 48 2 C1 
12836 38995.56622 43500 3 49 2 D1 
12837 38996.27006 42600 0 50 1 B2 
12838 38997.00835 44100 5 48 4 C1 
12839 38998.93673 52500 1 50 4 B2 
12840 38999.70794 42900 5 49 2 C2 
12841 39001.78873 42600 2 50 5 B2 
12842 39002.3697 44100 3 48 4 C1 
12843 39005.04747 42900 3 49 2 C2 
12844 39007.71402 42900 4 49 2 C2 
12845 39010.3746 42900 5 49 2 C2 
12846 39012.9259 42900 3 49 2 C2 
12847 39015.84406 43200 0 50 3 B2 
12848 39018.47218 43500 4 48 1 C1 
12849 39020.4554 43200 1 50 3 B2 
12850 39023.57529 42900 4 49 2 C2 
12851 39026.24204 46500 5 49 1 C2 
12852 39026.28985 42900 2 50 2 B2 
12853 39027.51289 44400 4 49 2 D1 
12854 39029.03649 45900 5 48 5 C1 
12855 39031.70304 43500 3 48 1 C1 
12856 39034.47623 45900 4 48 5 C1 
12857 39036.9237 43800 5 48 3 C1 
12858 39040.33972 43500 3 48 1 C1 
12859 39040.89952 43500 5 49 2 D1 
12860 39041.78874 43200 0 50 3 B2 
12861 39042.27119 42600 3 49 1 C2 
12862 39042.62255 43500 4 48 1 C1 
12863 39044.45534 50100 1 50 1 B2 
12864 39044.90878 42600 4 49 1 C2 
12865 39045.17083 43500 5 48 1 C1 
12866 39046.06887 46500 3 49 1 D1 
12867 39046.95339 46200 2 50 5 B2 
12868 39047.70302 43500 3 48 1 C1 
12869 39049.82672 46200 0 50 5 B2 
12870 39050.34173 43500 4 48 2 C1 
12871 39052.29048 43200 1 50 3 B2 
12872 39053.13865 43500 5 48 2 C1 
12873 39054.17952 42900 4 49 2 D1 
12874 39054.9534 43200 2 50 3 B2 
12875 39055.67513 43500 3 48 2 C1 
12876 39055.71404 42600 5 49 1 C2 
12877 39057.82673 43200 0 50 3 B2 
12878 39058.27125 42600 3 49 1 C2 
12879 39058.47196 45900 4 48 5 C1 
12880 39060.29049 42600 1 50 5 B2 
12881 39063.60452 42600 4 49 1 C2 
12882 39063.84402 43200 2 50 3 B2 
12883 39066.1166 43200 0 50 3 B2 
12884 39066.24215 42600 5 49 1 C2 
12885 39067.59369 42900 5 49 2 D1 
12886 39069.04733 42600 3 49 1 C2 
12887 39074.27124 42600 4 49 1 C2 
12888 39079.70785 42600 5 49 1 C2 
12889 39082.21187 44400 3 49 2 C2 
12890 39085.00861 48600 5 48 1 C1 
12891 39086.29063 42600 3 49 2 D1 
12892 39089.37203 42600 1 50 5 A1 
12893 39090.37456 42900 4 49 2 C2 
12894 39093.00839 45900 3 48 1 C1 
12895 39095.70296 47400 4 48 2 C1 
12896 39095.70803 45600 5 49 2 C2 
12897 39098.33774 47700 5 48 3 C1 
12898 39102.17957 42900 4 49 2 D1 
12899 39102.98143 43200 0 49 1 B1 
12900 39103.67525 45900 3 48 1 C1 
12901 39104.89948 42600 5 49 2 D1 
12902 39106.36964 45900 4 48 1 C1 
12903 39107.62399 42300 3 49 1 D1 
12904 39109.14312 43500 5 48 1 C1 
12905 39111.80976 49200 3 48 2 C1 
12906 39114.27117 45600 3 49 2 C2 
12907 39117.13879 43500 4 48 1 C1 
12908 39122.2712 42600 4 49 1 C2 
12909 39125.04134 42600 5 49 1 C2 
12910 39128.92767 43200 4 49 1 D1 
12911 39130.24207 42600 3 49 1 C2 
12912 39132.90871 42600 4 49 1 C2 
12913 39136.73567 42600 5 49 1 D1 
12914 39141.04727 42600 5 49 1 C2 
12915 39149.04739 42600 3 49 1 C2 
12916 39151.71411 43200 4 49 1 C2 
12917 39152.95731 45300 3 49 2 D1 
12918 39163.40234 42600 4 49 1 D1 
12919 39165.04121 43200 5 49 1 C2 
12920 39167.57533 43200 3 49 1 C2 
12921 39168.84617 42600 5 49 1 D1 
12922 39170.37466 43200 4 49 1 C2 
12923 39172.87868 46500 5 49 1 C2 
12924 39177.75708 48000 53 50 3 T 
12925 39181.04745 43200 3 49 1 C2 
12926 39182.85901 48000 53 50 3 T 
12927 39186.37458 43200 4 49 1 C2 
12928 39188.19227 48300 53 48 4 T 
12929 39188.90459 43200 5 49 1 C2 
12930 39193.28134 48300 53 48 4 T 
12931 39194.2711 43200 3 49 1 C2 
12932 39199.6046 43500 4 49 2 C2 
12933 39207.60455 45600 5 49 2 C2 
12934 39221.04733 43500 3 49 2 C2 
12935 39222.29918 45300 53 49 1 T 
12936 39223.7141 43500 4 49 2 C2 
12937 39226.37452 52200 5 49 2 C2 
12938 39227.18804 45300 53 49 1 T 
12939 39230.92399 45300 53 49 1 T 
12940 39232.30844 45000 53 49 1 T 
12941 39233.89773 45000 53 49 1 T 
12942 39237.14484 45300 53 49 2 T 
12943 39237.60899 45000 53 49 1 T 
12944 39239.71402 43500 3 49 2 C2 
12945 39242.38069 43500 4 49 2 C2 
12946 39242.6992 48000 53 49 2 T 
12947 39244.93795 43500 5 49 2 C2 
12948 39247.58807 48000 53 49 2 T 
12949 39247.70795 43500 3 49 2 C2 
12950 39250.2419 43500 4 49 2 C2 
12951 39251.19325 43500 5 48 1 C1 
12952 39252.88101 45300 53 49 2 T 
12953 39258.00902 45300 53 49 2 T 
12954 39260.90879 45300 5 49 1 C2 
12955 39263.30883 42600 3 49 1 C2 
12956 39271.5754 43500 4 49 2 C2 
12957 39274.38065 48900 5 49 1 C2 
12958 39276.00578 48300 53 48 4 T 
12959 39278.68913 45300 53 49 2 T 
12960 39279.60452 45300 3 49 1 C2 
12961 39281.35578 48000 53 50 3 T 
12962 39283.18225 42600 4 49 1 C2 
12963 39287.60462 42300 5 49 1 C2 
12964 39290.27115 42300 3 49 1 C2 
12965 39292.93786 42300 4 49 1 C2 
12966 39303.63742 42300 5 49 1 C2 
12967 39319.708 42900 3 49 1 C2 
12968 39330.27114 42900 4 49 2 C2 
12969 39332.19113 45000 53 49 1 T 
12970 39333.04122 42300 5 49 1 C2 
12971 39335.57539 42900 3 49 1 C2 
12972 39343.57544 42900 4 49 1 C2 
12973 39346.24213 42900 5 49 1 C2 
12974 39348.68778 43200 3 49 1 C2 
12975 39351.63747 42900 4 49 1 C2 
12976 39365.04133 42900 5 49 1 C2 
12977 39367.6045 42900 3 49 1 C2 
12978 39370.38075 51000 4 49 1 C2 
12979 39376.65193 44400 53 49 2 T 
12980 39385.56247 48000 53 49 2 T 
12981 39387.31867 42600 53 49 1 T 
12982 39389.04737 42900 5 49 1 C2 
12983 39389.98526 42900 53 49 2 T 
12984 39391.70787 42900 3 49 2 C2 
12985 39392.65199 42600 53 49 2 T 
12986 39394.24199 42600 4 49 2 C2 
12987 39403.31849 42900 53 50 2 T 
12988 39405.04122 42900 5 49 2 C2 
12989 39408.65181 42600 53 50 1 T 
12990 39410.37469 42900 3 49 2 C2 
12991 39413.04122 42900 4 49 2 C2 
12992 39413.98522 42600 53 50 5 T 
12993 39415.59243 42900 5 49 2 C2 
12994 39420.90873 42900 3 49 2 C2 
12995 39423.60459 49800 4 49 2 C2 
12996 39437.98532 42900 53 49 1 T 
12997 39438.67246 45300 53 49 1 T 
12998 39439.09803 43200 1 49 1 B1 
12999 39439.7079 45300 5 49 2 C2 
13000 39441.76474 43200 2 49 1 B1 
13001 39443.31856 46500 53 49 1 T 
13002 39444.14713 43200 0 49 1 B1 
13003 39446.54978 43200 1 49 1 B1 
13004 39446.96878 46200 53 50 5 T 
13005 39448.89943 43800 3 48 3 D1 
13006 39449.0422 43200 2 49 1 B1 
13007 39450.38067 42600 3 49 2 C2 
13008 39451.40222 43200 4 48 5 D1 
13009 39451.53398 47700 0 49 2 B1 
13010 39453.06161 45300 4 49 1 C2 
13011 39453.14311 43800 3 48 3 C1 
13012 39454.32141 43200 1 49 1 B1 
13013 39456.65196 42900 53 49 2 T 
13014 39456.77408 43200 2 50 4 B1 
13015 39456.95734 43200 5 48 5 D1 
13016 39458.49169 46800 1 50 2 B2 
13017 39459.43136 49200 0 49 3 B1 
13018 39459.56611 43800 3 48 3 D1 
13019 39461.00848 43800 4 48 3 C1 
13020 39461.1584 46800 2 50 2 B2 
13021 39462.23291 42900 4 49 1 D1 
13022 39462.28342 42600 1 50 1 B1 
13023 39463.47092 43200 53 49 1 T 
13024 39463.80538 48600 5 48 5 C1 
13025 39464.95736 43200 5 49 1 D1 
13026 39465.82674 42600 0 50 1 B2 
13027 39466.34168 43800 3 48 3 C1 
13028 39466.38078 42600 5 49 2 C2 
13029 39467.62403 43200 3 49 1 D1 
13030 39468.2794 42600 1 50 1 B2 
13031 39469.00834 48300 4 48 4 C1 
13032 39469.04733 42600 3 49 2 C2 
13033 39470.0691 43200 4 49 1 D1 
13034 39471.12207 46800 2 50 1 B2 
13035 39471.80546 53100 5 48 5 C1 
13036 39472.89963 45300 5 49 1 D1 
13037 39473.78872 46800 0 50 1 B2 
13038 39474.37461 42600 4 49 2 C2 
13039 39474.42474 43800 3 48 3 C1 
13040 39475.51298 43500 3 48 2 D1 
13041 39475.89614 42600 2 50 1 A1 
13042 39476.4934 42600 1 50 1 B2 
13043 39476.77166 45300 5 49 1 C2 
13044 39479.47058 44100 53 48 4 T 
13045 39479.57548 52200 3 49 2 C2 
13046 39479.70299 45900 4 48 5 C1 
13047 39480.95721 43200 4 49 1 D1 
13048 39482.2419 42600 4 49 2 C2 
13049 39484.4554 46200 2 50 5 B2 
13050 39484.93795 42600 5 49 2 C2 
13051 39485.14307 45900 5 48 5 C1 
13052 39486.56281 43200 0 50 4 A1 
13053 39487.12206 46200 0 50 5 B2 
13054 39487.73539 45900 3 48 5 C1 
13055 39489.82668 50400 1 50 2 B2 
13056 39492.27938 46200 2 50 5 B2 
13057 39492.46303 42900 1 50 2 A1 
13058 39494.32142 43200 2 49 1 B1 
13059 39495.71397 42600 3 49 2 C2 
13060 39495.88969 43200 2 50 3 A1 
13061 39496.78512 43200 0 49 1 B1 
13062 39499.28396 43200 0 50 4 A1 
13063 39499.43136 43200 1 49 1 B1 
13064 39499.51276 44100 5 48 4 D1 
13065 39500.93782 46500 4 49 1 C2 
13066 39502.23282 43500 3 48 2 D1 
13067 39504.84614 45900 4 48 5 D1 
13068 39505.75637 43200 2 49 1 B1 
13069 39507.40232 44100 5 48 4 D1 
13070 39508.15523 42600 1 50 5 A1 
13071 39508.66456 42900 5 49 1 C2 
13072 39509.27002 42600 0 50 5 B2 
13073 39510.67793 43200 0 50 3 B1 
13074 39512.95732 43500 3 48 1 D1 
13075 39514.27117 45300 3 49 2 C2 
13076 39514.47215 43200 4 48 5 C1 
13077 39516.42308 43200 1 49 1 B1 
13078 39516.93791 45300 4 49 2 C2 
13079 39517.14308 43200 5 48 5 C1 
13080 39518.06904 43200 4 49 1 D1 
13081 39519.60449 46500 5 49 1 C2 
13082 39519.80967 49200 3 48 2 C1 
13083 39520.84613 44100 5 48 4 D1 
13084 39522.3697 43200 4 48 5 C1 
13085 39523.513 45600 3 49 2 D1 
13086 39524.27007 43200 1 50 4 B2 
13087 39525.09008 43200 5 48 5 C1 
13088 39526.23299 45300 4 49 2 D1 
13089 39526.32142 42600 2 50 5 B1 
13090 39527.16006 43200 2 50 4 B2 
13091 39528.84636 44400 5 49 2 D1 
13092 39529.62382 43200 0 50 4 B2 
13093 39530.3807 46500 3 49 1 C2 
13094 39530.47206 51900 3 48 4 C1 
13095 39532.28673 49200 1 50 4 B2 
13096 39533.00839 43800 4 48 3 C1 
13097 39533.04114 46500 4 49 1 C2 
13098 39535.16007 43200 2 50 4 B2 
13099 39535.57546 42600 5 49 2 C2 
13100 39535.80988 49500 5 48 3 C1 
13101 39540.49339 43200 0 50 4 B2 
13102 39541.00835 43800 3 48 3 C1 
13103 39541.04134 42600 3 49 2 C2 
13104 39542.06897 45000 3 49 1 D1 
13105 39543.16006 43200 1 50 4 B2 
13106 39543.70307 43800 4 48 3 C1 
13107 39544.76475 43200 0 49 1 B1 
13108 39545.62381 43200 2 50 4 B2 
13109 39549.03639 43800 5 48 3 C1 
13110 39549.27006 42600 0 50 5 B2 
13111 39552.95003 43200 1 49 1 B1 
13112 39557.26169 43200 1 50 3 B2 
13113 39559.57129 42900 4 49 2 C2 
13114 39560.78141 53100 2 49 1 B1 
13115 39562.47645 43500 3 48 2 C1 
13116 39563.61669 43200 0 49 1 B1 
13117 39564.93778 43500 5 49 1 C2 
13118 39566.1147 50700 1 49 1 B1 
13119 39570.24217 48900 3 49 1 C2 
13120 39573.03639 43500 4 48 2 C1 
13121 39573.125 42900 4 49 2 C2 
13122 39576.06901 42900 5 49 2 C2 
13123 39578.36086 42600 3 49 2 C2 
13124 39578.36965 43200 5 48 5 C1 
13125 39580.28674 43200 2 50 3 B2 
13126 39581.00851 43500 3 48 2 C1 
13127 39582.29063 42600 4 49 1 D1 
13128 39582.9534 43200 0 50 3 B2 
13129 39583.71392 42900 4 49 2 C2 
13130 39584.8463 43500 5 49 1 D1 
13131 39586.40203 43200 4 48 5 C1 
13132 39588.4554 43200 1 50 3 B2 
13133 39590.29061 42900 3 49 2 D1 
13134 39590.93699 42600 2 50 5 B2 
13135 39591.75591 43500 5 48 2 C1 
13136 39592.89951 43500 4 49 1 D1 
13137 39593.6034 43200 0 50 3 B2 
13138 39594.26047 42900 5 49 2 C2 
13139 39596.4554 43200 1 50 3 B2 
13140 39597.13872 43200 3 48 5 C1 
13141 39599.70297 43500 4 48 2 C1 
13142 39599.71413 50700 3 49 2 C2 
13143 39601.62001 43200 2 50 3 B2 
13144 39602.87897 42900 4 49 2 C2 
13145 39604.45538 48000 0 50 3 B2 
13146 39605.00847 43200 5 48 5 C1 
13147 39607.9284 42900 1 50 2 B2 
13148 39613.00847 43200 3 48 5 C1 
13149 39613.04125 43500 5 49 1 C2 
13150 39615.70304 44100 4 48 4 C1 
13151 39621.04739 42600 3 49 2 C2 
13152 39623.57536 42900 4 49 2 C2 
13153 39626.03188 42600 5 49 2 C2 
13154 39627.19443 43800 5 48 3 C1 
13155 39628.47583 43500 3 49 1 C2 
13156 39630.97623 43500 4 49 1 C2 
13157 39631.67507 44100 3 48 4 C1 
13158 39633.89592 42600 2 50 1 B2 
13159 39637.00851 44100 4 48 4 C1 
13160 39637.04127 43500 5 49 1 C2 
13161 39639.80555 44100 5 48 4 C1 
13162 39642.34185 44100 3 48 4 C1 
13163 39643.50735 45900 5 48 1 D1 
13164 39644.28673 42900 0 50 2 B2 
13165 39645.14301 43500 4 48 2 C1 
13166 39646.96669 46500 3 49 1 D1 
13167 39647.60442 43500 3 49 1 C2 
13168 39647.70296 47400 5 48 2 C1 
13169 39649.41172 43500 4 49 2 D1 
13170 39649.5763 43200 2 49 1 B1 
13171 39650.27127 42900 4 49 2 C2 
13172 39650.3696 44100 3 48 4 C1 
13173 39652.18887 42600 5 49 2 D1 
13174 39652.72847 45900 4 48 5 C1 
13175 39652.90878 43500 5 49 1 C2 
13176 39655.71413 43500 3 49 1 C2 
13177 39655.80544 43500 5 48 2 C1 
13178 39658.47631 43500 3 48 2 C1 
13179 39660.28672 42900 1 50 2 B2 
13180 39661.00839 44100 4 48 4 C1 
13181 39665.97345 42600 4 49 2 C2 
13182 39671.21787 52500 2 50 4 B2 
13183 39671.80547 43500 5 48 2 C1 
13184 39672.37175 43200 0 49 1 B1 
13185 39677.04739 43500 5 49 2 C2 
13186 39679.67513 43500 3 48 1 C1 
13187 39679.70787 43500 3 49 2 C2 
13188 39679.98527 43200 2 50 3 A1 
13189 39682.10464 43200 4 48 5 C1 
13190 39682.27119 43500 4 49 1 C2 
13191 39690.38073 43500 5 49 2 C2 
13192 39690.47204 44100 5 48 4 C1 
13193 39693.04739 42900 3 49 2 C2 
13194 39693.72199 43200 0 50 4 B2 
13195 39695.0744 43200 1 49 1 B1 
13196 39695.80976 43500 3 48 1 C1 
13197 39699.34787 46200 0 50 5 A1 
13198 39700.90865 43500 4 49 2 C2 
13199 39703.80553 44100 4 48 4 C1 
13200 39706.37463 43500 5 49 2 C2 
13201 39706.47637 44100 5 48 4 C1 
13202 39708.93796 43500 3 49 2 C2 
13203 39709.00838 44100 3 48 4 C1 
13204 39710.74501 42900 3 49 2 D1 
13205 39711.75839 43500 4 48 1 C1 
13206 39714.24218 43500 4 49 2 C2 
13207 39717.00861 44100 5 48 4 C1 
13208 39717.06492 45300 5 49 2 C2 
13209 39719.70296 44100 3 48 4 C1 
13210 39729.37645 42900 2 50 2 B1 
13211 39730.47642 44100 4 48 4 C1 
13212 39733.13882 47700 5 48 3 C1 
13213 39738.27121 45600 3 49 2 C2 
13214 39739.10364 43200 3 48 5 C1 
13215 39740.55446 43200 1 50 3 B2 
13216 39741.04733 45300 4 49 1 C2 
13217 39743.60449 45600 5 49 2 C2 
13218 39744.92575 43500 4 48 1 D1 
13219 39746.24209 42900 3 49 2 C2 
13220 39748.93793 45600 4 49 2 C2 
13221 39751.60458 43500 5 49 2 C2 
13222 39751.75417 45900 4 48 1 C1 
13223 39754.03246 42900 3 49 2 C2 
13224 39757.06652 45900 5 48 1 C1 
13225 39762.12162 43200 3 48 5 C1 
13226 39762.37451 45300 4 49 1 C2 
13227 39763.22446 42600 2 50 5 B2 
13228 39766.1627 43500 4 48 1 C1 
13229 39767.71408 45600 5 49 2 C2 
13230 39768.50039 43500 5 48 1 C1 
13231 39770.24215 45300 3 49 1 C2 
13232 39773.51335 45900 3 48 1 C1 
13233 39777.75708 45900 53 48 1 T 
13234 39778.37469 45300 4 49 1 C2 
13235 39781.03816 43500 4 48 1 C1 
13236 39782.85901 45900 53 48 1 T 
13237 39783.67684 43500 5 48 1 C1 
13238 39788.19227 48600 53 48 5 T 
13239 39791.6045 42900 5 49 1 C2 
13240 39793.28134 48600 53 48 5 T 
13241 39798.15708 48600 53 48 5 T 
13242 39799.57544 45000 3 49 1 C2 
13243 39802.24206 45000 4 49 1 C2 
13244 39803.25901 48600 53 48 5 T 
13245 39807.07342 42900 0 50 2 B2 
13246 39807.57546 50400 5 49 2 C2 
13247 39809.10614 45900 53 48 5 T 
13248 39810.37457 43500 3 49 2 C2 
13249 39812.90879 45000 4 49 1 C2 
13250 39813.68134 45900 53 48 5 T 
13251 39817.59091 45900 53 48 5 T 
13252 39818.55708 48600 53 48 1 T 
13253 39820.9379 45000 5 49 1 C2 
13254 39822.29918 48900 53 49 1 T 
13255 39823.65901 48600 53 48 1 T 
13256 39823.71394 45000 3 49 1 C2 
13257 39826.37473 42900 4 49 1 C2 
13258 39827.18804 48900 53 49 1 T 
13259 39830.44057 43500 5 49 2 D1 
13260 39830.86953 45600 53 49 2 T 
13261 39832.30844 48900 53 49 1 T 
13262 39833.84332 45900 53 48 1 T 
13263 39837.60899 48900 53 49 1 T 
13264 39842.38082 42900 5 49 1 C2 
13265 39842.6992 45600 53 49 2 T 
13266 39844.76218 42900 3 49 2 C2 
13267 39847.58807 45600 53 49 2 T 
13268 39850.37461 43200 4 49 1 C2 
13269 39851.35313 44100 3 48 4 C1 
13270 39858.37459 43200 5 49 1 C2 
13271 39871.66034 45300 3 49 1 C2 
13272 39874.34355 44100 4 48 4 C1 
13273 39877.04137 43200 4 49 1 C2 
13274 39878.68913 48900 53 49 1 T 
13275 39879.57541 43200 5 49 1 C2 
13276 39884.02245 48600 53 48 1 T 
13277 39884.93781 43200 3 49 1 C2 
13278 39890.38082 43200 4 49 1 C2 
13279 39898.3746 42600 5 49 1 C2 
13280 39904.76388 45900 5 48 1 C1 
13281 39906.27131 43200 3 49 1 C2 
13282 39914.38073 42600 4 49 1 C2 
13283 39917.04738 42600 5 49 1 C2 
13284 39927.71412 50400 3 49 1 C2 
13285 39928.27515 43500 3 48 1 C1 
13286 39930.27118 42900 4 49 1 C2 
13287 39933.04736 48000 5 49 2 C2 
13288 39938.24198 42600 3 49 1 C2 
13289 39941.04129 42600 4 49 1 C2 
13290 39950.85778 48600 53 48 5 T 
13291 39951.07326 43500 4 48 1 C1 
13292 39951.60463 42600 5 49 1 C2 
13293 39954.38067 44400 3 49 2 C2 
13294 39956.90886 42600 4 49 1 C2 
13295 39964.93785 45300 5 49 2 C2 
13296 39970.2712 45300 3 49 2 C2 
13297 39977.32532 48900 53 49 1 T 
13298 39979.31865 42600 53 49 1 T 
13299 39981.98529 45300 53 49 2 T 
13300 39982.89581 45600 53 49 2 T 
13301 39984.65198 43500 53 49 2 T 
13302 39986.27123 45300 4 49 2 C2 
13303 39994.2713 45300 5 49 2 C2 
13304 39997.04739 45300 3 49 2 C2 
13305 39997.98506 43200 53 50 4 T 
13306 39999.70788 44400 4 49 2 C2 
13307 40000.65184 46800 53 50 2 T 
13308 40002.24194 43200 5 49 1 C2 
13309 40008.65191 43200 53 50 3 T 
13310 40011.31874 46800 53 50 1 T 
13311 40015.57551 44400 3 49 2 C2 
13312 40029.06074 42900 4 49 1 C2 
13313 40031.00541 43200 0 49 1 B1 
13314 40032.65194 45000 53 49 1 T 
13315 40033.67203 43200 1 49 1 B1 
13316 40034.27119 45600 5 49 2 C2 
13317 40035.31866 43500 53 49 1 T 
13318 40037.18126 45300 53 49 1 T 
13319 40038.96657 44100 3 48 4 D1 
13320 40040.95008 43200 2 49 1 B1 
13321 40043.31898 43200 53 49 1 T 
13322 40043.6167 43200 0 49 1 B1 
13323 40044.90876 44400 3 49 2 C2 
13324 40046.74185 48600 53 48 5 T 
13325 40048.98803 51000 1 49 2 B1 
13326 40049.63322 43500 4 48 1 D1 
13327 40050.2421 43500 4 49 2 C2 
13328 40050.47824 43200 5 48 5 C1 
13329 40050.51073 43200 1 50 4 B2 
13330 40051.45183 43200 2 49 1 B1 
13331 40052.24226 43500 5 48 2 D1 
13332 40052.90874 43500 5 49 2 C2 
13333 40053.17735 46800 2 50 1 B2 
13334 40054.96654 44100 3 48 4 D1 
13335 40055.70791 42600 3 49 1 C2 
13336 40056.78142 46200 0 50 5 B1 
13337 40058.13731 44100 53 48 4 T 
13338 40058.24217 43500 4 49 2 C2 
13339 40058.37156 43200 3 48 5 C1 
13340 40059.6547 53700 1 49 2 B1 
13341 40060.2423 43200 4 49 1 D1 
13342 40061.03818 45900 4 48 5 C1 
13343 40061.04727 43500 5 49 2 C2 
13344 40062.96657 45900 5 48 5 D1 
13345 40063.16007 46800 0 50 1 B2 
13346 40063.47068 43500 53 48 1 T 
13347 40063.60454 43500 3 49 2 C2 
13348 40064.95008 43200 2 50 4 B1 
13349 40065.25634 45900 53 48 5 T 
13350 40065.57563 45600 3 49 2 D1 
13351 40066.1376 43200 53 49 1 T 
13352 40066.38078 48900 4 49 1 C2 
13353 40066.47812 45900 5 48 5 C1 
13354 40068.24225 43200 4 49 1 D1 
13355 40068.4554 46800 1 50 1 B2 
13356 40069.03811 45900 3 48 5 C1 
13357 40071.80708 43500 4 48 1 C1 
13358 40073.62007 49800 2 50 5 B2 
13359 40073.63327 43500 5 49 2 D1 
13360 40074.13736 43200 53 48 5 T 
13361 40074.47823 43500 5 48 1 C1 
13362 40076.45534 46800 0 50 2 B2 
13363 40076.80394 43500 53 48 2 T 
13364 40077.01028 43500 3 48 1 C1 
13365 40078.90893 45000 3 49 1 D1 
13366 40078.95339 46200 1 50 5 B2 
13367 40079.70804 48900 5 49 1 C2 
13368 40079.80714 43500 4 48 1 C1 
13369 40081.82673 46200 2 50 5 B2 
13370 40082.37162 45900 5 48 5 C1 
13371 40084.4554 46200 0 50 5 B2 
13372 40085.01025 43500 3 48 1 C1 
13373 40087.57539 45300 3 49 1 C2 
13374 40087.70479 45900 4 48 5 C1 
13375 40089.48061 46800 1 50 1 A1 
13376 40089.78872 46800 1 50 2 B2 
13377 40092.4554 52500 2 50 4 B2 
13378 40092.96583 43200 2 50 4 A1 
13379 40094.93697 46800 0 50 2 B2 
13380 40095.90031 46800 0 50 2 A1 
13381 40098.84049 43200 1 50 3 A1 
13382 40099.6547 47700 0 49 2 B1 
13383 40101.04125 46500 4 49 1 C2 
13384 40102.10737 43200 1 49 1 B1 
13385 40103.70486 44100 5 48 4 C1 
13386 40104.95009 47700 2 49 2 B1 
13387 40105.52223 43200 4 48 5 D1 
13388 40106.37459 53400 5 49 1 C2 
13389 40107.61675 43200 0 50 3 B1 
13390 40108.0019 46200 2 50 5 A1 
13391 40108.0782 43800 5 48 3 D1 
13392 40109.04125 46500 3 49 1 C2 
13393 40109.15835 50100 1 50 1 B2 
13394 40110.36474 52200 1 49 3 B1 
13395 40110.74491 45900 3 48 1 D1 
13396 40111.60444 46500 4 49 1 C2 
13397 40111.67696 44100 3 48 4 C1 
13398 40113.41159 43800 4 48 3 D1 
13399 40117.0474 44400 5 49 2 C2 
13400 40119.16007 48000 2 50 3 B2 
13401 40121.25182 45900 53 48 1 T 
13402 40121.52233 44400 5 49 2 D1 
13403 40122.31293 45600 3 49 2 C2 
13404 40122.34364 44100 4 48 4 C1 
13405 40126.74495 46500 3 49 1 D1 
13406 40127.60461 46500 4 49 1 C2 
13407 40127.70479 44100 5 48 4 C1 
13408 40129.78873 43200 0 50 3 B2 
13409 40130.47808 43200 3 48 5 C1 
13410 40132.18897 44400 4 49 2 D1 
13411 40132.27032 52200 1 50 3 B2 
13412 40133.01024 44100 4 48 4 C1 
13413 40133.04748 46500 5 49 1 C2 
13414 40135.12206 43200 2 50 3 B2 
13415 40135.80721 43200 5 48 5 C1 
13416 40137.82668 43200 0 50 3 B2 
13417 40138.47809 43200 3 48 5 C1 
13418 40140.18901 45300 5 49 2 D1 
13419 40140.4934 43200 1 50 3 B2 
13420 40141.01018 44100 4 48 4 C1 
13421 40143.16006 43200 2 50 4 B2 
13422 40143.70475 44100 5 48 4 C1 
13423 40146.41215 43200 3 48 5 C1 
13424 40146.66311 43200 3 49 1 C2 
13425 40150.95338 43200 0 50 4 B2 
13426 40151.70792 43200 4 49 1 C2 
13427 40156.4934 43200 1 50 4 B2 
13428 40162.38073 45600 5 49 2 C2 
13429 40165.04738 45300 3 49 1 C2 
13430 40167.67695 48600 4 48 1 C1 
13431 40167.71404 43200 4 49 1 C2 
13432 40170.16323 44400 5 49 2 C2 
13433 40170.47396 43500 5 48 2 C1 
13434 40175.71411 45300 3 49 1 C2 
13435 40178.27121 45600 4 49 2 C2 
13436 40178.47393 49200 3 48 2 C1 
13437 40181.04129 45300 5 49 1 C2 
13438 40182.90878 43500 3 49 1 D1 
13439 40183.57535 43200 3 49 1 C2 
13440 40186.24216 43200 4 49 1 C2 
13441 40186.37144 44100 4 48 4 C1 
13442 40188.93794 43200 5 49 1 C2 
13443 40189.01017 44100 5 48 4 C1 
13444 40191.80719 44100 3 48 4 C1 
13445 40194.34347 44100 4 48 4 C1 
13446 40197.14479 44100 5 48 4 C1 
13447 40199.73741 44100 3 48 4 C1 
13448 40201.815 43200 2 49 1 B1 
13449 40202.38065 45000 3 49 1 C2 
13450 40205.09334 44100 4 48 4 C1 
13451 40223.60453 43500 4 49 1 C2 
13452 40226.27118 45300 5 49 1 C2 
13453 40226.47394 43800 5 48 3 C1 
13454 40228.90873 45300 3 49 1 C2 
13455 40229.14487 43800 3 48 3 C1 
13456 40231.60447 43500 4 49 1 C2 
13457 40231.81157 43800 4 48 3 C1 
13458 40233.78491 44100 4 48 4 D1 
13459 40234.27126 43500 5 49 1 C2 
13460 40237.04738 43500 3 49 1 C2 
13461 40239.67684 43500 5 48 2 C1 
13462 40239.70781 45000 4 49 1 C2 
13463 40242.47385 43800 3 48 3 C1 
13464 40245.14465 43800 4 48 3 C1 
13465 40247.57138 45000 5 49 1 C2 
13466 40247.8115 43800 5 48 3 C1 
13467 40250.37151 43500 3 48 2 C1 
13468 40253.01013 43500 4 48 2 C1 
13469 40255.80713 43800 5 48 3 C1 
13470 40258.4783 43800 3 48 3 C1 
13471 40261.03817 43500 4 48 2 C1 
13472 40265.61269 43200 0 49 1 B1 
13473 40266.27118 44400 3 49 2 C2 
13474 40276.58196 53700 2 50 5 B2 
13475 40279.7049 48600 5 48 5 C1 
13476 40279.7079 52200 4 49 2 C2 
13477 40282.10502 45600 5 49 2 C2 
13478 40282.37151 45900 3 48 1 C1 
13479 40284.47058 43500 3 49 1 C2 
13480 40287.04674 44400 4 49 2 C2 
13481 40289.40643 44400 5 49 2 C2 
13482 40290.47385 47700 4 48 3 C1 
13483 40293.14476 48300 5 48 4 C1 
13484 40294.27408 44400 3 49 2 C2 
13485 40295.81169 48600 3 48 5 C1 
13486 40298.37144 45900 4 48 1 C1 
13487 40299.00418 44400 4 49 2 C2 
13488 40300.70817 44100 5 48 4 C1 
13489 40301.80333 44400 5 49 2 C2 
13490 40306.37165 45900 3 48 1 C1 
13491 40307.14282 44400 3 49 2 C2 
13492 40309.01024 43800 4 48 3 C1 
13493 40311.70478 45900 5 48 1 C1 
13494 40314.3436 47700 3 48 3 C1 
13495 40317.1447 45900 4 48 1 C1 
13496 40323.00407 51000 4 49 1 C2 
13497 40339.13662 45000 5 49 1 C2 
13498 40341.80325 45300 3 49 2 C2 
13499 40344.47606 45000 4 49 1 C2 
13500 40352.4373 44100 5 48 4 C1 
13501 40355.00411 45300 5 49 2 C2 
13502 40357.68904 45300 3 49 2 C2 
13503 40363.0687 45300 4 49 2 C2 
13504 40367.80726 47400 3 48 2 C1 
13505 40375.42861 44100 4 48 4 C1 
13506 40377.99227 49500 53 48 3 T 
13507 40383.08134 49500 53 48 3 T 
13508 40387.95708 49200 53 48 2 T 
13509 40392.47608 48000 5 49 2 C2 
13510 40393.05901 49200 53 48 2 T 
13511 40393.45295 45300 5 49 1 D1 
13512 40398.39227 49200 53 48 2 T 
13513 40403.48134 49200 53 48 2 T 
13514 40405.69986 44400 3 49 2 C2 
13515 40408.1278 45000 4 49 1 C2 
13516 40408.35708 49200 53 49 3 T 
13517 40413.45901 49200 53 49 3 T 
13518 40418.79227 49200 53 50 4 T 
13519 40422.10846 46500 53 49 1 T 
13520 40423.88134 49200 53 50 4 T 
13521 40427.40903 46500 53 49 1 T 
13522 40428.25732 46200 53 50 5 T 
13523 40428.75708 46200 53 50 5 T 
13524 40432.49919 46500 53 49 1 T 
13525 40433.59058 46500 53 49 1 T 
13526 40433.85901 46200 53 50 5 T 
13527 40446.44846 44400 5 49 2 C2 
13528 40454.09158 53400 5 48 1 C1 
13529 40473.52445 49200 53 50 4 T 
13530 40476.22912 49200 53 49 3 T 
13531 40478.67246 46500 53 49 1 T 
13532 40481.52445 49200 53 48 2 T 
13533 40488.49719 45300 3 49 2 C2 
13534 40493.8432 47400 3 48 2 C1 
13535 40515.52445 49800 4 49 2 C2 
13536 40532.22912 46200 53 50 5 T 
13537 40537.66999 45300 5 49 2 C2 
13538 40542.89579 49200 53 48 2 T 
13539 40587.31856 45600 53 49 2 T 
13540 40592.65197 48900 53 49 1 T 
13541 40598.67245 49500 53 48 3 T 
13542 40638.36469 50700 1 49 1 B1 
13543 40643.03331 52200 3 49 2 C2 
13544 40645.67082 50700 4 49 2 C2 
13545 40646.9089 47400 3 48 2 D1 
13546 40647.47071 43200 53 49 1 T 
13547 40647.67699 45900 4 48 1 C1 
13548 40648.47606 46500 5 49 1 C2 
13549 40649.57547 47700 4 48 3 D1 
13550 40651.13658 54300 3 49 1 C2 
13551 40651.65475 47700 2 49 2 B1 
13552 40652.07837 51000 5 49 2 D1 
13553 40653.80939 46500 4 49 1 C2 
13554 40654.11846 47700 0 49 2 B1 
13555 40654.96671 45900 3 48 1 D1 
13556 40655.70484 45900 5 48 1 C1 
13557 40655.93668 46200 0 50 5 B2 
13558 40656.47614 46500 5 49 1 C2 
13559 40656.7647 49200 1 49 3 B1 
13560 40657.57549 43800 4 48 3 D1 
13561 40659.1366 46500 3 49 1 C2 
13562 40659.65474 46200 2 50 5 B1 
13563 40660.07822 44100 5 48 4 D1 
13564 40660.27007 50400 1 50 2 B2 
13565 40661.0103 45900 3 48 1 C1 
13566 40661.69983 46500 4 49 1 C2 
13567 40662.32142 46800 0 50 1 B1 
13568 40662.96673 45300 3 49 1 D1 
13569 40663.47065 44100 53 48 4 T 
13570 40663.67705 49500 4 48 3 C1 
13571 40663.82506 46200 2 50 5 B2 
13572 40664.33726 46500 5 49 1 C2 
13573 40665.63341 51000 4 49 1 D1 
13574 40666.13731 43800 53 48 3 T 
13575 40666.34355 45900 5 48 1 C1 
13576 40668.189 47700 5 49 2 D1 
13577 40668.80399 47700 53 48 3 T 
13578 40669.03807 45900 3 48 1 C1 
13579 40670.90878 45900 3 48 5 D1 
13580 40671.47069 47400 53 48 2 T 
13581 40671.75771 48600 4 48 5 C1 
13582 40673.82672 52500 0 50 4 B2 
13583 40676.18894 45300 4 49 1 D1 
13584 40676.4934 46800 1 50 1 B2 
13585 40677.02617 48600 5 48 5 C1 
13586 40678.74513 46500 5 49 1 D1 
13587 40678.95715 48000 2 50 3 B2 
13588 40679.47061 45900 53 48 1 T 
13589 40681.60339 54000 0 50 1 B2 
13590 40682.32801 45900 3 48 1 C1 
13591 40684.45538 46800 1 50 1 B2 
13592 40686.81391 46800 0 50 2 A1 
13593 40686.93694 46800 2 50 1 B2 
13594 40689.6034 49200 0 50 4 B2 
13595 40692.27007 48000 1 50 3 B2 
13596 40694.86243 46800 1 50 1 A1 
13597 40699.00418 45000 3 49 1 C2 
13598 40700.14578 47700 53 49 2 T 
13599 40700.19576 52500 2 50 4 A1 
13600 40701.80335 45000 4 49 1 C2 
13601 40704.47602 45000 5 49 1 C2 
13602 40706.47398 49200 4 48 2 C1 
13603 40712.33743 48000 3 49 2 C2 
13604 40714.3395 49200 5 48 2 C1 
13605 40715.03324 45000 4 49 1 C2 
13606 40716.89657 45900 53 48 5 T 
13607 40717.80939 45000 5 49 1 C2 
13608 40719.67707 47700 3 48 3 C1 
13609 40720.36649 45000 3 49 1 C2 
13610 40720.76475 46800 1 50 2 B1 
13611 40722.34352 43800 4 48 3 C1 
13612 40723.03317 45000 4 49 1 C2 
13613 40725.14046 47700 5 48 3 C1 
13614 40725.80314 45000 5 49 1 C2 
13615 40726.74503 52200 3 49 2 D1 
13616 40727.81162 43800 3 48 3 C1 
13617 40729.63326 45000 4 49 1 D1 
13618 40730.47375 47700 4 48 3 C1 
13619 40733.0381 43800 5 48 3 C1 
13620 40733.80326 48000 3 49 2 C2 
13621 40735.80726 53100 3 48 5 C1 
13622 40737.6034 46800 2 50 2 B2 
13623 40738.1373 48600 53 48 5 T 
13624 40740.24223 45000 5 49 1 D1 
13625 40741.03817 51900 4 48 4 C1 
13626 40742.95339 54000 0 50 2 B2 
13627 40743.67686 43800 5 48 3 C1 
13628 40745.62006 46200 1 50 5 B2 
13629 40749.80339 50400 4 49 1 C2 
13630 40750.95711 46800 2 50 2 B2 
13631 40752.47613 48900 5 49 1 C2 
13632 40757.69984 48900 3 49 1 C2 
13633 40770.42252 45900 3 48 5 C1 
13634 40771.03323 45600 4 49 2 C2 
13635 40773.80323 45600 5 49 2 C2 
13636 40775.81165 44100 4 48 4 C1 
13637 40776.3323 45600 3 49 2 C2 
13638 40777.57553 45300 3 49 2 D1 
13639 40778.47382 44100 5 48 4 C1 
13640 40780.24223 45300 4 49 2 D1 
13641 40781.14479 45900 3 48 5 C1 
13642 40781.67075 45600 4 49 2 C2 
13643 40783.70478 44100 4 48 4 C1 
13644 40785.41157 45600 5 49 2 D1 
13645 40786.34348 44100 5 48 4 C1 
13646 40789.14044 44100 3 48 4 C1 
13647 40791.80726 45900 4 48 5 C1 
13648 40792.47603 45000 5 49 1 C2 
13649 40793.93737 53100 2 49 1 B1 
13650 40794.34358 44100 5 48 4 C1 
13651 40797.1404 44100 3 48 4 C1 
13652 40799.81151 44100 4 48 4 C1 
13653 40804.18894 44400 3 49 2 D1 
13654 40805.6707 45300 3 49 2 C2 
13655 40813.8095 45300 4 49 2 C2 
13656 40816.2743 47700 0 49 2 B1 
13657 40816.36659 45300 5 49 2 C2 
13658 40819.13659 45300 3 49 2 C2 
13659 40821.16526 46200 0 50 5 B2 
13660 40821.67076 45300 4 49 2 C2 
13661 40824.53545 47400 5 48 2 C1 
13662 40827.14273 54000 5 49 2 C2 
13663 40829.51639 46500 3 49 1 C2 
13664 40834.34362 48600 3 48 1 C1 
13665 40835.13658 45300 4 49 2 C2 
13666 40837.69977 45300 5 49 2 C2 
13667 40839.81143 48300 4 48 4 C1 
13668 40845.1405 48300 5 48 4 C1 
13669 40847.83088 47400 3 48 2 C1 
13670 40851.03319 54900 3 49 1 C2 
13671 40858.47391 45900 4 48 5 C1 
13672 40859.13659 45300 4 49 1 C2 
13673 40861.14477 45900 5 48 5 C1 
13674 40864.36665 45300 5 49 1 C2 
13675 40871.15833 47400 3 48 2 C1 
13676 40875.00415 45300 3 49 1 C2 
13677 40879.98051 46200 0 50 5 A1 
13678 40880.36656 50400 4 49 2 C2 
13679 40883.13662 45300 5 49 1 C2 
13680 40885.80939 45300 3 49 1 C2 
13681 40888.33729 45300 4 49 1 C2 
13682 40893.7539 45300 5 49 1 C2 
13683 40894.14682 43800 4 48 3 C1 
13684 40903.8261 46800 1 50 2 B2 
13685 40908.44881 44400 4 49 2 D1 
13686 40909.67071 45300 3 49 2 C2 
13687 40912.47598 44400 4 49 2 C2 
13688 40915.00419 44400 5 49 2 C2 
13689 40923.40247 45900 5 48 5 C1 
13690 40923.41253 45600 3 49 2 C2 
13691 40928.33742 44400 4 49 2 C2 
13692 40933.80941 44400 5 49 2 C2 
13693 40939.03318 44400 3 49 2 C2 
13694 40941.80335 44400 4 49 2 C2 
13695 40945.00815 45600 5 49 2 C2 
13696 40948.07712 44400 3 49 2 C2 
13697 40950.47713 44400 4 49 2 C2 
13698 40952.85715 44400 5 49 2 C2 
13699 40968.47556 45300 3 49 1 C2 
13700 40977.99227 46800 53 50 1 T 
13701 40983.08134 46800 53 50 1 T 
13702 40986.50501 45300 4 49 2 C2 
13703 40987.95708 49800 53 50 5 T 
13704 40993.05901 49800 53 50 5 T 
13705 40998.39227 50100 53 50 1 T 
13706 41003.48134 50100 53 50 1 T 
13707 41008.35708 46800 53 50 2 T 
13708 41013.45901 46800 53 50 2 T 
13709 41022.08807 49800 53 49 2 T 
13710 41025.536 46800 53 50 2 T 
13711 41027.20845 49800 53 49 2 T 
13712 41028.50986 46800 53 50 1 T 
13713 41032.50899 49800 53 49 1 T 
13714 41051.19786 45300 5 49 1 C2 
13715 41070.68913 49800 53 49 2 T 
13716 41076.00578 50100 53 50 1 T 
13717 41137.35578 49800 53 50 5 T 
13718 41171.3186 46500 53 49 1 T 
13719 41179.31859 44400 53 49 2 T 
13720 41184.65191 48900 53 49 1 T 
13721 41187.31866 48000 53 49 2 T 
13722 41188.19111 46800 53 50 2 T 
13723 41200.6519 48000 53 50 3 T 
13724 41208.65165 46200 53 50 5 T 
13725 41236.29803 47700 1 49 2 B1 
13726 41238.96475 47700 2 49 2 B1 
13727 41241.26475 47700 0 49 2 B1 
13728 41243.14846 45300 3 49 2 C2 
13729 41245.70547 45300 4 49 2 C2 
13730 41246.1147 51000 1 49 2 B1 
13731 41246.8555 45900 5 48 5 D1 
13732 41249.56245 46800 53 50 1 T 
13733 41249.57548 45900 3 48 5 D1 
13734 41250.47824 45900 3 48 5 C1 
13735 41251.00978 52200 5 49 2 C2 
13736 41251.43141 47700 2 49 2 B1 
13737 41252.18889 48600 4 48 5 D1 
13738 41253.26169 46200 2 50 5 B2 
13739 41253.80898 45300 3 49 2 C2 
13740 41254.28336 54600 0 49 3 B1 
13741 41254.74506 48300 5 48 4 D1 
13742 41256.37217 48900 4 49 1 C2 
13743 41256.95003 52200 1 49 3 B1 
13744 41257.52228 45900 3 48 1 D1 
13745 41258.37152 45900 4 48 5 C1 
13746 41259.00979 48900 5 49 1 C2 
13747 41259.43167 46200 2 50 5 B1 
13748 41260.18903 45300 4 49 2 D1 
13749 41260.4554 53700 0 50 5 B2 
13750 41260.80399 48600 53 48 5 T 
13751 41261.03821 45900 5 48 5 C1 
13752 41261.67645 51000 3 49 1 C2 
13753 41263.67983 45900 3 48 5 C1 
13754 41264.48155 45300 4 49 2 C2 
13755 41264.78142 46800 0 50 2 B1 
13756 41265.62007 50100 1 50 1 B2 
13757 41266.13729 48300 53 48 4 T 
13758 41268.18904 48900 5 49 1 D1 
13759 41268.4554 46200 2 50 5 B2 
13760 41269.03833 47700 4 48 3 C1 
13761 41269.80892 48900 5 49 1 C2 
13762 41270.9534 46800 0 50 2 B2 
13763 41271.47062 44100 53 48 4 T 
13764 41271.81144 45900 5 48 5 C1 
13765 41273.57557 45000 3 49 1 D1 
13766 41273.60338 46800 1 50 2 B2 
13767 41275.14839 53400 3 49 1 C2 
13768 41276.45534 46800 2 50 2 B2 
13769 41279.12206 52500 0 50 4 B2 
13770 41281.63345 45000 4 49 1 D1 
13771 41282.47819 48300 3 48 4 C1 
13772 41284.28674 49200 1 50 4 B2 
13773 41284.29657 46800 1 50 2 A1 
13774 41285.14058 48300 4 48 4 C1 
13775 41287.12206 49800 2 50 5 B2 
13776 41287.70481 48300 5 48 4 C1 
13777 41289.67931 46800 2 50 1 A1 
13778 41290.37146 47700 3 48 3 C1 
13779 41293.08187 48000 0 50 3 A1 
13780 41293.14487 47700 4 48 3 C1 
13781 41301.67123 46500 4 49 1 C2 
13782 41302.75686 49200 53 48 2 T 
13783 41307.14223 54900 5 49 1 C2 
13784 41309.80901 45300 3 49 2 C2 
13785 41310.90885 47400 5 48 2 D1 
13786 41311.70486 48600 5 48 1 C1 
13787 41312.37227 46500 4 49 1 C2 
13788 41313.63334 45600 3 49 2 D1 
13789 41313.82673 46800 0 50 1 B2 
13790 41314.37141 47400 3 48 2 C1 
13791 41315.61675 46800 1 50 1 B1 
13792 41316.29992 45900 4 48 1 D1 
13793 41317.01028 47400 4 48 2 C1 
13794 41317.67642 45300 5 49 2 C2 
13795 41319.67684 47400 5 48 2 C1 
13796 41320.47555 45300 3 49 2 C2 
13797 41320.98803 53700 2 49 2 B1 
13798 41321.78873 46800 1 50 1 B2 
13799 41322.34357 47400 3 48 2 C1 
13800 41323.14836 45300 4 49 2 C2 
13801 41324.30001 48000 5 49 2 D1 
13802 41324.4934 46800 2 50 1 B2 
13803 41325.01033 48600 4 48 1 C1 
13804 41325.70555 45300 5 49 2 C2 
13805 41327.67707 49200 5 48 2 C1 
13806 41328.37208 46500 3 49 1 C2 
13807 41329.82668 48000 0 50 3 B2 
13808 41332.29047 48000 1 50 3 B2 
13809 41335.12207 46800 2 50 1 B2 
13810 41335.73732 45900 3 48 5 C1 
13811 41337.52217 46500 3 49 1 D1 
13812 41337.78873 48000 0 50 3 B2 
13813 41340.07843 45300 4 49 2 D1 
13814 41340.28672 52200 1 50 3 B2 
13815 41341.01015 45900 4 48 5 C1 
13816 41343.16006 46200 2 50 5 B2 
13817 41345.82672 46200 0 50 5 B2 
13818 41346.32796 49200 5 48 2 C1 
13819 41355.00984 44400 4 49 2 C2 
13820 41362.34362 45900 3 48 1 C1 
13821 41363.14838 44400 5 49 2 C2 
13822 41365.8089 44400 3 49 2 C2 
13823 41368.47562 46500 4 49 1 C2 
13824 41370.47392 45900 4 48 1 C1 
13825 41371.03894 44400 5 49 2 C2 
13826 41372.07834 44400 5 49 2 D1 
13827 41373.70556 46500 3 49 1 C2 
13828 41375.80729 45900 5 48 1 C1 
13829 41376.48177 46500 4 49 1 C2 
13830 41378.47382 45900 3 48 1 C1 
13831 41379.14838 54600 5 49 2 C2 
13832 41380.07838 45300 3 49 1 D1 
13833 41381.65835 44400 3 49 2 C2 
13834 41383.80725 45900 4 48 1 C1 
13835 41386.47402 53400 5 48 1 C1 
13836 41391.80717 49500 3 48 3 C1 
13837 41394.32802 54600 4 48 2 C1 
13838 41396.155 49200 0 49 3 B1 
13839 41398.9089 45600 4 49 2 D1 
13840 41401.63326 45300 5 49 1 D1 
13841 41405.57568 46200 1 50 5 B2 
13842 41407.80719 48600 5 48 5 C1 
13843 41410.34355 48600 3 48 5 C1 
13844 41416.37219 45000 4 49 1 C2 
13845 41416.43898 47700 4 48 3 C1 
13846 41421.80901 45000 5 49 1 C2 
13847 41424.48163 45000 3 49 1 C2 
13848 41427.14837 45000 4 49 1 C2 
13849 41429.67643 48000 5 49 2 C2 
13850 41432.37226 48000 3 49 2 C2 
13851 41433.60243 47700 3 48 3 D1 
13852 41435.03883 45000 4 49 1 C2 
13853 41436.57474 46800 2 50 2 B2 
13854 41437.67645 45000 5 49 1 C2 
13855 41440.4756 48000 3 49 2 C2 
13856 41443.14217 45000 4 49 1 C2 
13857 41445.14479 45900 5 48 1 C1 
13858 41450.47391 45900 3 48 1 C1 
13859 41452.12003 47700 4 49 2 D1 
13860 41453.01025 45900 4 48 1 C1 
13861 41459.20569 46500 5 49 1 C2 
13862 41475.14846 45300 3 49 1 C2 
13863 41483.00975 45300 4 49 1 C2 
13864 41485.70553 45300 5 49 1 C2 
13865 41486.96443 46200 1 50 5 A1 
13866 41488.37212 45300 3 49 1 C2 
13867 41488.43636 45900 5 48 5 C1 
13868 41491.09357 45000 4 49 1 C2 
13869 41496.34314 45300 5 49 1 C2 
13870 41499.00972 45300 3 49 1 C2 
13871 41501.80907 45300 4 49 1 C2 
13872 41504.48154 45300 5 49 1 C2 
13873 41512.02318 45900 3 48 5 C1 
13874 41535.1025 45900 4 48 1 C1 
13875 41536.47559 45600 3 49 2 C2 
13876 41539.03892 45600 4 49 2 C2 
13877 41541.42891 46500 5 49 1 C2 
13878 41543.8289 45600 3 49 2 C2 
13879 41546.22887 45600 4 49 2 C2 
13880 41548.67466 45600 5 49 2 C2 
13881 41551.21307 45600 3 49 2 C2 
13882 41553.77984 45300 4 49 1 C2 
13883 41556.1213 49800 5 49 2 C2 
13884 41558.22117 48600 5 48 5 C1 
13885 41561.05517 45600 3 49 2 C2 
13886 41577.99227 47700 53 49 2 T 
13887 41583.08134 47700 53 49 2 T 
13888 41587.95708 50400 53 50 2 T 
13889 41593.05901 50400 53 50 2 T 
13890 41598.39227 47700 53 48 3 T 
13891 41603.48134 47700 53 48 3 T 
13892 41608.35708 47400 53 48 2 T 
13893 41613.45901 47400 53 48 2 T 
13894 41614.86954 47700 53 49 2 T 
13895 41618.79227 50700 53 49 1 T 
13896 41622.29918 50700 53 49 2 T 
13897 41623.88134 50700 53 49 1 T 
13898 41627.18804 50700 53 49 2 T 
13899 41630.92384 47700 53 48 3 T 
13900 41632.30844 50400 53 49 2 T 
13901 41636.25737 47400 53 48 2 T 
13902 41637.60899 50400 53 49 2 T 
13903 41642.6992 50400 53 49 1 T 
13904 41647.58807 50400 53 49 1 T 
13905 41648.53476 45000 4 49 1 C2 
13906 41673.35578 47400 53 48 2 T 
13907 41676.00578 50400 53 50 2 T 
13908 41681.52447 50400 53 49 1 T 
13909 41713.39163 45600 5 49 2 C2 
13910 41724.07813 50700 53 49 1 T 
13911 41728.47813 47700 53 48 3 T 
13912 41735.42794 47700 53 49 2 T 
13913 41737.92857 50400 53 49 2 T 
13914 41761.09911 45600 3 49 2 C2 
13915 41773.98526 48900 53 49 1 T 
13916 41787.31859 45300 53 49 1 T 
13917 41789.98524 45300 53 49 2 T 
13918 41792.65208 45000 53 49 1 T 
13919 41796.00579 50700 53 49 2 T 
13920 41805.98524 46800 53 50 1 T 
13921 41830.98637 53100 1 49 1 B1 
13922 41840.95004 47700 2 49 2 B1 
13923 41843.38406 45600 4 49 2 C2 
13924 41843.43161 47700 0 49 2 B1 
13925 41844.29998 45900 5 48 1 D1 
13926 41846.02156 45600 5 49 2 C2 
13927 41846.11474 47700 1 49 2 B1 
13928 41847.9284 46800 0 50 1 B2 
13929 41848.68804 45600 3 49 2 C2 
13930 41848.7647 50700 2 49 1 B1 
13931 41849.63327 48600 3 48 5 D1 
13932 41851.44808 46800 0 50 1 B1 
13933 41851.49349 45600 4 49 2 C2 
13934 41852.29995 47400 4 48 2 D1 
13935 41853.17735 46200 1 50 5 B2 
13936 41854.154 45600 5 49 2 C2 
13937 41854.32136 47700 1 49 2 B1 
13938 41854.85548 49200 5 48 2 D1 
13939 41854.97259 46800 53 50 2 T 
13940 41855.81157 53100 3 48 5 C1 
13941 41856.98808 46200 2 50 5 B1 
13942 41857.41178 47700 3 49 2 D1 
13943 41858.42447 45900 4 48 1 C1 
13944 41859.49348 45600 3 49 2 C2 
13945 41860.24231 45600 4 49 2 D1 
13946 41860.31975 49200 0 49 3 B1 
13947 41860.80399 48600 53 48 1 T 
13948 41862.15403 45600 4 49 2 C2 
13949 41862.69985 47700 1 49 2 B1 
13950 41862.74497 48300 5 48 4 D1 
13951 41865.82674 46200 2 50 5 B2 
13952 41866.47809 49200 5 48 2 C1 
13953 41867.48735 49800 5 49 2 C2 
13954 41868.2423 46500 3 49 1 D1 
13955 41868.2794 46200 0 50 5 B2 
13956 41869.14049 49200 3 48 2 C1 
13957 41870.0506 45600 3 49 2 C2 
13958 41871.16007 46200 1 50 5 B2 
13959 41872.82689 45600 4 49 2 C2 
13960 41873.52237 48000 4 49 2 D1 
13961 41873.61274 46200 2 50 5 B2 
13962 41874.4783 51900 4 48 4 C1 
13963 41876.27036 46200 0 50 5 B2 
13964 41876.80395 48600 53 48 5 T 
13965 41877.14477 47700 5 48 3 C1 
13966 41878.74495 46500 5 49 1 D1 
13967 41878.93673 52500 1 50 4 B2 
13968 41879.47063 49200 53 48 2 T 
13969 41879.80723 47700 3 48 3 C1 
13970 41881.78872 46200 2 50 5 B2 
13971 41882.37145 47700 4 48 3 C1 
13972 41884.45538 49800 0 50 5 B2 
13973 41885.14486 47700 5 48 3 C1 
13974 41887.16007 46200 1 50 5 B2 
13975 41887.80715 47700 3 48 3 C1 
13976 41889.72051 46800 2 50 1 A1 
13977 41890.47811 49200 4 48 2 C1 
13978 41892.27006 54000 2 50 1 B2 
13979 41892.6874 46200 0 50 5 A1 
13980 41899.02185 46800 1 50 2 A1 
13981 41899.48745 48000 5 49 2 C2 
13982 41901.98874 46200 2 50 5 A1 
13983 41904.68824 48000 3 49 2 C2 
13984 41907.42546 45000 4 49 1 C2 
13985 41909.15835 46800 0 50 2 B2 
13986 41910.28341 48000 2 50 3 B1 
13987 41910.74492 45900 3 48 5 D1 
13988 41911.7049 47400 5 48 2 C1 
13989 41911.84406 46800 1 50 2 B2 
13990 41912.71733 45000 5 49 1 C2 
13991 41912.78136 49200 0 49 3 B1 
13992 41913.52226 45300 4 49 1 D1 
13993 41914.37151 47400 3 48 2 C1 
13994 41915.49347 48000 3 49 2 C2 
13995 41916.24219 45900 5 48 1 D1 
13996 41918.02151 52200 4 49 2 C2 
13997 41918.09808 46800 1 50 2 B1 
13998 41918.74485 47700 3 48 3 D1 
13999 41918.93673 50400 2 50 2 B2 
14000 41919.81155 47400 4 48 2 C1 
14001 41920.82682 54300 5 49 1 C2 
14002 41921.62007 46800 0 50 2 B2 
14003 41923.4935 45000 3 49 1 C2 
14004 41924.18902 45300 4 49 2 D1 
14005 41924.27007 50100 1 50 1 B2 
14006 41926.05073 45000 4 49 1 C2 
14007 41926.95339 54000 2 50 2 B2 
14008 41926.96677 45600 5 49 2 D1 
14009 41930.37146 45900 5 48 1 C1 
14010 41932.28668 46800 0 50 1 B2 
14011 41933.14481 47400 3 48 2 C1 
14012 41934.90886 54900 3 49 1 D1 
14013 41934.9534 46800 1 50 1 B2 
14014 41935.81157 45900 4 48 1 C1 
14015 41937.82672 49200 2 50 4 B2 
14016 41938.3715 45900 5 48 1 C1 
14017 41940.2794 49200 0 50 4 B2 
14018 41941.03834 45900 3 48 1 C1 
14019 41942.95339 46800 1 50 1 B2 
14020 41943.67687 45900 4 48 1 C1 
14021 41945.82672 46800 2 50 1 B2 
14022 41946.37142 45900 5 48 1 C1 
14023 41949.1448 45900 3 48 1 C1 
14024 41950.16026 45300 5 49 1 C2 
14025 41962.34366 45900 4 48 5 C1 
14026 41963.35485 48900 3 49 1 C2 
14027 41965.0103 48600 5 48 5 C1 
14028 41966.02151 48900 4 49 1 C2 
14029 41968.82086 50400 5 49 2 C2 
14030 41971.49337 48900 3 49 1 C2 
14031 41974.05063 45300 4 49 1 C2 
14032 41975.70483 48600 3 48 5 C1 
14033 41976.71731 48000 5 49 2 C2 
14034 41977.41168 45000 4 49 1 D1 
14035 41979.48737 50400 3 49 1 C2 
14036 41981.03809 48600 4 48 5 C1 
14037 41982.05064 48900 4 49 1 C2 
14038 41983.67685 48600 5 48 5 C1 
14039 41986.34355 48300 3 48 4 C1 
14040 41990.8555 48900 5 49 1 D1 
14041 41991.12206 46800 0 50 2 B2 
14042 41991.70485 48300 4 48 4 C1 
14043 41992.68826 48900 5 49 1 C2 
14044 41993.78868 48000 1 50 3 B2 
14045 41994.32549 48600 5 48 5 C1 
14046 41999.12206 46800 2 50 2 B2 
14047 41999.67694 49500 3 48 3 C1 
14048 42004.28673 48000 0 50 3 B2 
14049 42005.14053 49500 4 48 3 C1 
14050 42007.70475 48300 5 48 4 C1 
14051 42011.41592 45900 3 48 1 C1 
14052 42016.71742 46500 3 49 1 C2 
14053 42024.82072 46500 4 49 1 C2 
14054 42026.47396 48600 4 48 1 C1 
14055 42027.48735 50700 5 49 2 C2 
14056 42030.05057 46500 3 49 1 C2 
14057 42032.82691 46500 4 49 1 C2 
14058 42035.35487 54900 5 49 1 C2 
14059 42036.27018 48600 3 48 1 D1 
14060 42037.0102 45900 5 48 5 C1 
14061 42038.02152 45300 3 49 1 C2 
14062 42039.80714 48600 3 48 1 C1 
14063 42040.82683 45300 4 49 1 C2 
14064 42042.47378 45900 4 48 5 C1 
14065 42043.35478 46500 5 49 1 C2 
14066 42045.01021 48600 5 48 1 C1 
14067 42046.15415 45300 3 49 1 C2 
14068 42050.3436 45900 3 48 5 C1 
14069 42053.14053 45900 4 48 5 C1 
14070 42058.47808 45900 5 48 5 C1 
14071 42061.14061 45900 3 48 5 C1 
14072 42063.67688 45900 4 48 5 C1 
14073 42065.32384 45000 4 49 1 C2 
14074 42066.47394 45900 5 48 5 C1 
14075 42075.10054 47400 3 48 2 C1 
14076 42075.35492 45300 5 49 2 C2 
14077 42080.82686 46500 3 49 1 C2 
14078 42086.16019 46500 4 49 1 C2 
14079 42086.53752 48000 0 50 3 A1 
14080 42088.82069 46500 5 49 1 C2 
14081 42091.42562 46500 3 49 1 C2 
14082 42096.68812 46500 4 49 1 C2 
14083 42097.45307 45900 4 48 5 D1 
14084 42099.38402 45300 5 49 2 C2 
14085 42102.16024 46500 3 49 1 C2 
14086 42104.82064 45300 4 49 2 C2 
14087 42147.14645 48300 4 48 4 C1 
14088 42147.49352 45300 5 49 2 C2 
14089 42156.57541 48000 1 50 3 B2 
14090 42158.00593 45300 3 49 2 C2 
14091 42177.75708 48000 53 50 3 T 
14092 42182.85901 48000 53 50 3 T 
14093 42188.19227 48300 53 48 4 T 
14094 42193.28134 48300 53 48 4 T 
14095 42198.15708 51000 53 49 2 T 
14096 42203.25901 51000 53 49 2 T 
14097 42208.59227 51000 53 49 2 T 
14098 42220.15877 48000 53 50 3 T 
14099 42222.10846 51000 53 49 1 T 
14100 42227.40903 51000 53 49 1 T 
14101 42228.20286 48000 53 49 2 T 
14102 42232.49919 51000 53 49 1 T 
14103 42237.38804 48000 53 49 2 T 
14104 42242.50845 48000 53 49 2 T 
14105 42249.33095 46500 4 49 1 C2 
14106 42270.85778 51000 53 49 2 T 
14107 42276.22912 48300 53 48 4 T 
14108 42278.68911 48000 53 50 3 T 
14109 42281.3558 48000 53 49 2 T 
14110 42315.99762 54000 5 49 2 C2 
14111 42318.86955 48300 53 48 4 T 
14112 42337.52447 51000 53 49 1 T 
14113 42387.3186 45600 53 49 2 T 
14114 42395.31852 48900 53 49 1 T 
14115 42413.9852 49200 53 50 4 T 
14116 42428.43136 54600 2 49 3 B1 
14117 42435.44802 52200 0 49 3 B1 
14118 42438.16014 46500 3 49 1 C2 
14119 42440.82077 46500 4 49 1 C2 
14120 42444.24212 48600 5 48 1 D1 
14121 42446.02165 46500 5 49 1 C2 
14122 42446.09803 49200 1 49 3 B1 
14123 42446.90881 48300 3 48 4 D1 
14124 42448.98803 49200 2 49 3 B1 
14125 42449.63321 49200 4 48 2 D1 
14126 42450.49173 46800 2 50 1 B2 
14127 42451.61675 49200 0 49 3 B1 
14128 42452.07835 47700 5 48 3 D1 
14129 42453.14061 48300 5 48 4 C1 
14130 42454.05067 46500 3 49 1 C2 
14131 42454.28341 53700 1 49 2 B1 
14132 42455.47065 49200 53 48 2 T 
14133 42456.82062 46500 4 49 1 C2 
14134 42457.52219 47400 3 48 2 D1 
14135 42458.13734 45900 53 48 5 T 
14136 42459.3719 46500 5 49 1 C2 
14137 42459.6167 50700 2 49 1 B1 
14138 42460.07839 49500 4 48 3 D1 
14139 42460.80407 47700 53 49 2 T 
14140 42461.14487 48300 3 48 4 C1 
14141 42461.27002 46800 0 50 1 B2 
14142 42462.11475 46200 0 50 5 B1 
14143 42462.96674 46500 5 49 1 D1 
14144 42463.47067 48600 53 48 5 T 
14145 42463.75858 48300 4 48 4 C1 
14146 42465.57566 47700 3 49 2 D1 
14147 42466.13761 49200 53 49 3 T 
14148 42467.38399 49800 3 49 1 C2 
14149 42468.30006 46500 4 49 1 D1 
14150 42468.4554 46800 1 50 1 B2 
14151 42469.14049 45900 5 48 1 C1 
14152 42470.15402 46500 4 49 1 C2 
14153 42470.90895 49200 5 49 3 D1 
14154 42470.9534 46200 2 50 5 B2 
14155 42471.4707 45900 53 48 1 T 
14156 42471.80723 45900 3 48 1 C1 
14157 42472.68824 46500 5 49 1 C2 
14158 42473.57564 48000 3 49 2 D1 
14159 42473.78873 46200 0 50 5 B2 
14160 42473.87385 46800 1 50 2 A1 
14161 42474.13729 49500 53 48 3 T 
14162 42474.47385 49500 4 48 3 C1 
14163 42476.4554 46200 1 50 5 B2 
14164 42477.14488 49500 5 48 3 C1 
14165 42478.93698 46200 2 50 5 B2 
14166 42478.96657 48900 4 49 1 D1 
14167 42479.81137 45900 3 48 1 C1 
14168 42481.82673 46200 0 50 5 B2 
14169 42482.37144 49500 4 48 3 C1 
14170 42484.49339 46200 1 50 5 B2 
14171 42484.53255 46200 2 50 5 A1 
14172 42485.14481 48300 5 48 4 C1 
14173 42486.95714 46200 2 50 5 B2 
14174 42487.81156 45900 3 48 1 C1 
14175 42488.01893 46800 0 50 2 A1 
14176 42492.29048 46800 0 50 1 B2 
14177 42492.38719 46800 1 50 1 A1 
14178 42495.32167 49200 2 50 4 A1 
14179 42496.7647 47700 1 49 2 B1 
14180 42499.61669 51000 2 49 2 B1 
14181 42501.19634 48000 0 50 3 A1 
14182 42501.27006 46800 1 50 2 B2 
14183 42502.1147 47700 0 49 2 B1 
14184 42502.16026 48900 3 49 1 C2 
14185 42504.13652 46200 1 50 5 A1 
14186 42504.71726 48900 4 49 1 C2 
14187 42505.03141 47700 1 49 2 B1 
14188 42510.02155 48900 5 49 1 C2 
14189 42510.32142 47700 2 49 2 B1 
14190 42510.96655 48600 5 48 5 D1 
14191 42512.68815 48900 3 49 1 C2 
14192 42512.98803 47700 0 49 2 B1 
14193 42513.5756 45900 3 48 1 D1 
14194 42515.49338 48900 4 49 1 C2 
14195 42516.03609 47700 53 48 3 T 
14196 42517.1449 47700 4 48 3 C1 
14197 42518.09808 48000 1 50 3 B1 
14198 42519.75592 47700 5 48 3 C1 
14199 42520.82081 46500 5 49 1 C2 
14200 42523.38398 48900 3 49 1 C2 
14201 42524.4554 52500 2 50 4 B2 
14202 42525.03818 56100 3 48 4 C1 
14203 42526.02152 46500 4 49 1 C2 
14204 42526.28342 46800 2 50 2 B1 
14205 42527.16007 46800 0 50 2 B2 
14206 42527.47058 47400 53 48 2 T 
14207 42528.82682 46500 5 49 1 C2 
14208 42530.34361 48300 4 48 4 C1 
14209 42532.45538 46800 1 50 1 B2 
14210 42534.95339 49800 2 50 5 B2 
14211 42535.81149 47400 5 48 2 C1 
14212 42537.82673 50400 0 50 2 B2 
14213 42538.4782 47400 3 48 2 C1 
14214 42540.27936 46800 1 50 1 B2 
14215 42541.03808 47400 4 48 2 C1 
14216 42543.70476 55800 5 48 3 C1 
14217 42543.92835 46800 2 50 2 B2 
14218 42546.37164 47400 3 48 2 C1 
14219 42546.46399 46800 0 50 1 B2 
14220 42549.0117 46800 1 50 1 B2 
14221 42549.0381 47400 4 48 2 C1 
14222 42550.16027 50700 3 49 2 C2 
14223 42551.54695 53700 2 50 5 B2 
14224 42557.26173 48000 0 50 3 B2 
14225 42566.02151 48000 4 49 2 C2 
14226 42568.82065 45600 5 49 2 C2 
14227 42571.48733 45600 3 49 2 C2 
14228 42573.03824 45900 5 48 5 C1 
14229 42574.16022 45600 4 49 2 C2 
14230 42575.70485 45900 3 48 5 C1 
14231 42576.68817 45600 5 49 2 C2 
14232 42577.6034 50100 1 50 1 B2 
14233 42578.34196 47700 0 49 2 B1 
14234 42579.38387 50400 3 49 2 C2 
14235 42580.4934 49200 2 50 4 B2 
14236 42581.0381 47700 4 48 3 C1 
14237 42583.70477 49200 5 48 2 C1 
14238 42585.82672 46800 0 50 2 B2 
14239 42586.34364 45900 3 48 5 C1 
14240 42588.45539 49200 1 50 4 B2 
14241 42589.01021 47700 4 48 3 C1 
14242 42590.154 54900 4 49 1 C2 
14243 42591.67689 49200 5 48 2 C1 
14244 42593.6034 46800 2 50 2 B2 
14245 42594.47383 47700 3 48 3 C1 
14246 42595.38401 45600 5 49 2 C2 
14247 42597.03819 47700 4 48 3 C1 
14248 42597.17735 50100 0 50 1 B2 
14249 42599.54408 46800 1 50 2 B2 
14250 42599.67682 49200 5 48 2 C1 
14251 42602.07659 46800 2 50 2 B2 
14252 42602.32552 49200 3 48 2 C1 
14253 42607.16007 55800 0 50 3 B2 
14254 42612.34038 46800 1 50 1 B1 
14255 42614.05076 51000 3 49 1 C2 
14256 42616.50707 45900 4 48 1 C1 
14257 42616.68825 54600 4 49 2 C2 
14258 42619.1448 46500 5 49 1 C2 
14259 42621.01028 48600 5 48 1 C1 
14260 42627.41703 52200 3 49 2 C2 
14261 42631.67694 48600 3 48 1 C1 
14262 42632.82683 49800 4 49 2 C2 
14263 42634.34355 48600 4 48 5 C1 
14264 42635.38404 48000 5 49 2 C2 
14265 42637.01021 48600 5 48 5 C1 
14266 42638.15411 53400 3 49 1 C2 
14267 42640.82065 50400 4 49 1 C2 
14268 42644.27005 48000 1 50 3 B2 
14269 42645.1405 48600 3 48 5 C1 
14270 42646.83371 46200 2 50 5 B2 
14271 42647.80719 48600 4 48 5 C1 
14272 42648.82683 48000 5 49 2 C2 
14273 42650.47383 45900 5 48 5 C1 
14274 42652.45539 48000 0 50 3 B2 
14275 42653.14471 45900 3 48 5 C1 
14276 42654.02153 48000 3 49 2 C2 
14277 42655.67694 48600 4 48 5 C1 
14278 42656.46724 48900 4 49 1 C2 
14279 42657.78868 52200 1 50 3 B2 
14280 42658.47379 48600 5 48 5 C1 
14281 42660.4554 48000 2 50 3 B2 
14282 42661.14053 53400 3 48 1 C1 
14283 42666.47402 48600 4 48 5 C1 
14284 42674.11702 54600 5 48 2 C1 
14285 42685.17954 49800 0 50 5 B2 
14286 42686.93581 45900 4 48 5 D1 
14287 42688.73411 46800 2 50 1 A1 
14288 42697.62447 47400 3 48 2 C1 
14289 42709.03811 48600 4 48 1 C1 
14290 42712.61248 48000 5 49 2 C2 
14291 42721.60242 45600 5 49 2 D1 
14292 42745.91309 49200 1 50 4 B2 
14293 42755.38985 49200 5 48 2 C1 
14294 42768.58459 46800 2 50 2 B2 
14295 42777.98134 48600 53 48 5 T 
14296 42782.85708 48600 53 48 5 T 
14297 42785.11013 49800 3 49 2 C2 
14298 42787.95901 48600 53 48 5 T 
14299 42793.29227 48600 53 48 5 T 
14300 42798.38134 48600 53 48 1 T 
14301 42803.25708 48600 53 48 1 T 
14302 42808.35901 51900 53 48 4 T 
14303 42813.69227 51900 53 48 4 T 
14304 42822.30902 48900 53 49 1 T 
14305 42825.59065 48600 53 48 1 T 
14306 42827.39919 48900 53 49 1 T 
14307 42828.58635 48600 53 48 5 T 
14308 42832.28805 48900 53 49 1 T 
14309 42836.25734 48900 53 49 1 T 
14310 42837.40844 48900 53 49 1 T 
14311 42856.50927 48600 3 48 1 C1 
14312 42868.22914 48900 53 49 1 T 
14313 42924.06173 48600 53 48 1 T 
14314 42932.00579 48900 53 49 1 T 
14315 42940.02245 51900 53 48 4 T 
14316 42976.65199 46500 53 49 1 T 
14317 42979.3186 48900 53 49 1 T 
14318 42981.98531 49800 53 49 2 T 
14319 42992.65197 48000 53 49 2 T 
14320 42995.31847 48000 53 50 3 T 
14321 43000.65188 46200 53 50 5 T 
14322 43003.31863 50100 53 50 1 T 
14323 43005.98536 49800 53 50 5 T 
14324 43006.85778 48600 53 48 5 T 
14325 43035.48748 48900 4 49 1 C2 
14326 43036.42303 47700 2 49 2 B1 
14327 43038.72741 47700 0 49 2 B1 
14328 43041.25746 47700 1 49 2 B1 
14329 43041.57557 48300 3 48 4 D1 
14330 43044.42308 47700 2 49 2 B1 
14331 43046.16011 48900 5 49 1 C2 
14332 43046.76593 50700 0 49 1 B1 
14333 43046.8556 49500 4 48 3 D1 
14334 43048.71726 50400 3 49 2 C2 
14335 43049.1702 47700 1 49 2 B1 
14336 43049.41157 47400 5 48 2 D1 
14337 43051.38398 50400 4 49 2 C2 
14338 43052.29989 48600 3 48 1 D1 
14339 43053.14063 48600 4 48 5 C1 
14340 43053.15835 49200 0 50 4 B2 
14341 43054.15398 48900 5 49 1 C2 
14342 43054.32142 46800 2 50 2 B1 
14343 43054.85567 49200 4 49 3 D1 
14344 43055.84406 49200 1 50 4 B2 
14345 43056.78517 49200 0 50 4 B1 
14346 43056.82684 50700 3 49 2 C2 
14347 43057.41161 49200 5 48 2 D1 
14348 43059.35495 48900 4 49 1 C2 
14349 43059.43136 50700 1 49 1 B1 
14350 43060.18883 47400 3 48 2 D1 
14351 43060.22912 48600 53 48 5 T 
14352 43062.02156 50700 5 49 2 C2 
14353 43062.1147 47700 2 49 2 B1 
14354 43062.74511 49800 4 49 2 D1 
14355 43062.93674 46800 2 50 2 B2 
14356 43063.81165 48600 5 48 5 C1 
14357 43064.82066 52200 3 49 2 C2 
14358 43065.4118 46500 5 49 1 D1 
14359 43066.13733 48300 53 48 4 T 
14360 43066.47385 48600 3 48 5 C1 
14361 43068.49339 46800 0 50 2 B2 
14362 43069.14472 48600 4 48 5 C1 
14363 43071.75588 48600 5 48 1 C1 
14364 43073.62006 46800 1 50 2 B2 
14365 43075.38398 49800 4 49 1 C2 
14366 43076.49334 46800 2 50 2 B2 
14367 43076.80395 49200 53 48 2 T 
14368 43077.14052 48600 3 48 1 C1 
14369 43078.95715 46800 0 50 2 B2 
14370 43078.96679 48900 3 49 1 D1 
14371 43079.20718 46800 0 50 2 A1 
14372 43079.47065 48600 53 48 5 T 
14373 43079.81144 48600 4 48 5 C1 
14374 43081.4117 48900 4 49 1 D1 
14375 43081.62005 46800 1 50 2 B2 
14376 43082.47385 48600 5 48 1 C1 
14377 43082.60974 46800 1 50 2 A1 
14378 43087.254 46200 2 50 5 A1 
14379 43090.34349 48600 3 48 1 C1 
14380 43090.74037 48000 0 50 3 A1 
14381 43092.4934 52500 2 50 4 B2 
14382 43093.68171 49200 1 50 4 A1 
14383 43094.11475 47700 0 49 2 B1 
14384 43096.63133 46800 2 50 1 A1 
14385 43096.98803 47700 1 49 2 B1 
14386 43099.49359 51000 5 49 1 C2 
14387 43099.65469 49200 2 49 3 B1 
14388 43100.15011 46800 0 50 1 A1 
14389 43102.02151 48900 3 49 1 C2 
14390 43102.1074 51000 0 49 2 B1 
14391 43102.96663 47700 5 48 3 D1 
14392 43103.54437 49800 1 50 5 A1 
14393 43103.81159 49200 4 48 2 C1 
14394 43103.82506 50100 0 50 1 B2 
14395 43104.71726 48000 4 49 2 C2 
14396 43105.67203 49200 1 49 3 B1 
14397 43106.53432 50100 2 50 1 A1 
14398 43108.03877 47700 2 49 2 B1 
14399 43108.24217 47700 3 48 3 D1 
14400 43108.28673 46200 1 50 5 B2 
14401 43110.16005 49800 5 49 2 C2 
14402 43110.40787 48000 0 50 3 B1 
14403 43110.96653 48600 4 48 5 D1 
14404 43111.93668 50100 2 50 1 B2 
14405 43112.82079 48900 3 49 1 C2 
14406 43112.95106 53100 1 49 1 B1 
14407 43114.47823 49200 5 48 2 C1 
14408 43115.35484 49800 4 49 2 C2 
14409 43115.43172 46200 2 50 5 B1 
14410 43118.15416 49800 5 49 2 C2 
14411 43119.00541 49200 0 49 3 B1 
14412 43119.70499 48300 3 48 4 C1 
14413 43120.82683 48900 3 49 1 C2 
14414 43121.78873 46200 0 50 5 B2 
14415 43123.38401 48900 4 49 1 C2 
14416 43125.14475 48300 4 48 4 C1 
14417 43126.74508 48000 5 49 2 D1 
14418 43127.70478 48300 5 48 4 C1 
14419 43129.62007 46200 1 50 5 B2 
14420 43130.37146 48300 3 48 4 C1 
14421 43132.45538 49800 2 50 5 B2 
14422 43133.03818 51900 4 48 4 C1 
14423 43134.93694 50400 0 50 2 B2 
14424 43135.70479 48300 5 48 4 C1 
14425 43136.68818 48900 5 49 1 C2 
14426 43138.4252 48600 3 48 5 C1 
14427 43140.4554 50400 1 50 2 B2 
14428 43143.12206 46200 2 50 5 B2 
14429 43143.67697 48600 4 48 5 C1 
14430 43146.47811 48300 5 48 4 C1 
14431 43148.27006 49800 0 50 5 B2 
14432 43150.05072 46500 3 49 1 C2 
14433 43150.93672 49800 1 50 5 B2 
14434 43154.37151 47400 3 48 2 C1 
14435 43155.43136 56400 1 49 1 B1 
14436 43160.71721 46500 4 49 1 C2 
14437 43162.6034 46800 2 50 1 B2 
14438 43166.16026 48000 5 49 2 C2 
14439 43168.8207 48000 3 49 2 C2 
14440 43168.95003 49200 2 49 3 B1 
14441 43169.78873 46800 0 50 1 B2 
14442 43171.38393 48000 4 49 2 C2 
14443 43173.26169 46800 1 50 1 B2 
14444 43174.15399 54900 5 49 1 C2 
14445 43175.67704 47400 4 48 2 C1 
14446 43176.68814 46500 3 49 1 C2 
14447 43176.78142 46800 0 50 1 B1 
14448 43178.37156 47400 5 48 2 C1 
14449 43179.49358 46500 4 49 1 C2 
14450 43182.0215 48000 5 49 2 C2 
14451 43183.16007 46800 2 50 1 B2 
14452 43186.3714 47400 3 48 2 C1 
14453 43188.49338 48000 0 50 3 B2 
14454 43189.01016 49200 4 48 2 C1 
14455 43190.95715 48000 1 50 3 B2 
14456 43191.81149 49200 5 48 2 C1 
14457 43193.78874 54000 2 50 2 B2 
14458 43194.37148 49200 3 48 2 C1 
14459 43195.48735 48000 3 49 2 C2 
14460 43196.4934 46800 0 50 1 B2 
14461 43197.01016 47400 4 48 2 C1 
14462 43198.95711 48000 1 50 3 B2 
14463 43199.80724 49200 5 48 2 C1 
14464 43202.32867 48600 3 48 5 C1 
14465 43204.4934 48000 2 50 3 B2 
14466 43205.71657 49200 4 48 2 C1 
14467 43208.06096 47400 5 48 2 C1 
14468 43210.38715 47400 3 48 2 C1 
14469 43212.38802 46800 0 50 2 B2 
14470 43222.16018 54000 4 49 2 C2 
14471 43224.68806 56400 5 49 2 C2 
14472 43225.05265 48600 4 48 5 C1 
14473 43227.33924 46500 3 49 1 C2 
14474 43234.12744 49500 5 48 3 C1 
14475 43235.0601 49200 1 50 4 B2 
14476 43235.4935 54300 4 49 1 C2 
14477 43236.66359 47700 3 48 3 C1 
14478 43239.46058 49500 4 48 3 C1 
14479 43241.99694 47700 5 48 3 C1 
14480 43249.88297 48600 3 48 1 C1 
14481 43251.48739 50400 5 49 1 C2 
14482 43252.27005 46800 2 50 1 B2 
14483 43252.95425 47400 4 48 2 C1 
14484 43255.33063 49500 5 48 3 C1 
14485 43257.60307 47700 3 49 2 D1 
14486 43257.98694 46800 0 50 2 B2 
14487 43258.13165 47400 3 48 2 C1 
14488 43260.66353 49500 4 48 3 C1 
14489 43260.94727 46800 1 50 1 B2 
14490 43263.46059 57000 5 48 1 C1 
14491 43266.12718 47700 3 48 3 C1 
14492 43268.4554 46800 2 50 1 B2 
14493 43291.40593 56400 4 48 5 C1 
14494 43292.56975 54000 0 50 1 B2 
14495 43294.78561 47700 4 49 2 D1 
14496 43300.79819 53100 5 48 5 C1 
14497 43308.66361 47700 3 48 3 C1 
14498 43312.55163 48600 5 48 5 D1 
14499 43314.02493 47700 4 48 3 C1 
14500 43316.79401 47700 5 48 3 C1 
14501 43319.46057 47700 3 48 3 C1 
14502 43356.56692 48000 1 50 3 B2 
14503 43368.15975 47700 4 48 3 C1 
14504 43377.98134 49200 53 48 2 T 
14505 43380.35177 50100 2 50 1 B2 
14506 43382.87894 49200 53 48 2 T 
14507 43385.32406 50400 3 49 1 C2 
14508 43387.95901 49200 53 48 2 T 
14509 43393.29227 49200 53 48 2 T 
14510 43397.51826 47700 5 48 3 C1 
14511 43398.38134 52500 53 50 4 T 
14512 43403.25708 52500 53 50 4 T 
14513 43406.97785 46500 4 49 1 C2 
14514 43408.35901 52500 53 50 4 T 
14515 43413.69227 52500 53 50 4 T 
14516 43417.53617 49200 53 49 3 T 
14517 43418.78134 52200 53 49 3 T 
14518 43420.49469 49500 53 48 3 T 
14519 43422.30902 52200 53 49 2 T 
14520 43423.65708 52200 53 49 3 T 
14521 43427.39919 52200 53 49 2 T 
14522 43428.75901 49500 53 48 3 T 
14523 43432.28805 52200 53 49 2 T 
14524 43433.53622 49200 53 48 2 T 
14525 43434.09227 49500 53 48 3 T 
14526 43436.51001 49200 53 50 4 T 
14527 43437.40844 52200 53 49 2 T 
14528 43439.18134 52200 53 50 3 T 
14529 43444.05708 52200 53 50 3 T 
14530 43449.15901 49200 53 50 4 T 
14531 43454.49227 49200 53 50 4 T 
14532 43459.58134 49200 53 49 3 T 
14533 43464.45708 49200 53 49 3 T 
14534 43470.68913 52200 53 49 2 T 
14535 43473.33911 49200 53 48 2 T 
14536 43478.89579 52200 53 49 3 T 
14537 43484.19111 49200 53 50 4 T 
14538 43526.8578 52200 53 49 2 T 
14539 43529.35578 49200 53 48 2 T 
14540 43532.00578 49200 53 49 3 T 
14541 43537.56245 52500 53 50 4 T 
14542 43576.65199 50400 53 49 1 T 
14543 43587.31856 50700 53 49 2 T 
14544 43590.85778 49500 53 48 3 T 
14545 43595.31848 50400 53 49 2 T 
14546 43600.6518 46800 53 50 1 T 
14547 43603.31871 50400 53 50 2 T 
14548 43611.31854 46800 53 50 2 T 
14549 43636.30741 48900 53 49 1 T 
14550 43638.74672 52500 53 50 4 T 
14551 43640.78141 47700 1 49 2 B1 
14552 43641.41155 47400 3 48 2 D1 
14553 43644.24216 48600 4 48 5 D1 
14554 43644.29803 47700 2 49 2 B1 
14555 43646.68911 52200 53 50 3 T 
14556 43646.85555 48600 5 48 1 D1 
14557 43648.75889 48900 5 49 1 C2 
14558 43649.52228 48300 3 48 4 D1 
14559 43650.13759 50700 53 49 1 T 
14560 43651.61675 46800 0 50 1 B1 
14561 43652.24211 47400 4 48 2 D1 
14562 43652.79832 48600 3 48 5 C1 
14563 43653.26173 49200 0 50 4 B2 
14564 43654.05059 48900 3 49 1 C2 
14565 43654.1147 57000 1 49 2 B1 
14566 43654.74505 51000 5 49 2 D1 
14567 43655.46067 48600 4 48 5 C1 
14568 43656.82062 48900 4 49 1 C2 
14569 43656.98808 49800 2 50 5 B1 
14570 43657.6334 47700 3 49 2 D1 
14571 43657.82673 49800 1 50 5 B2 
14572 43658.12736 48600 5 48 5 C1 
14573 43659.4935 48900 5 49 1 C2 
14574 43659.6547 53700 0 49 2 B1 
14575 43660.24227 54900 4 49 1 D1 
14576 43660.79827 48600 3 48 5 C1 
14577 43662.05073 48900 3 49 1 C2 
14578 43662.28342 52200 1 49 3 B1 
14579 43662.74507 48600 5 48 5 D1 
14580 43662.93673 49800 2 50 5 B2 
14581 43664.82069 48900 4 49 1 C2 
14582 43664.98803 47700 2 49 2 B1 
14583 43665.57567 51000 3 49 1 D1 
14584 43666.13733 48600 53 48 5 T 
14585 43668.79822 48600 4 48 5 C1 
14586 43670.05065 53400 5 49 1 C2 
14587 43671.46059 48600 5 48 5 C1 
14588 43672.68825 48900 3 49 1 C2 
14589 43676.24229 48900 4 49 1 D1 
14590 43676.4934 49800 0 50 5 B2 
14591 43676.69147 48600 3 48 5 C1 
14592 43676.80394 48600 53 48 1 T 
14593 43677.37159 48000 0 50 3 A1 
14594 43678.95714 46800 1 50 1 B2 
14595 43679.46488 48600 4 48 5 C1 
14596 43681.57549 48900 5 49 1 D1 
14597 43681.82673 52500 2 50 4 B2 
14598 43682.1317 48600 5 48 5 C1 
14599 43682.85828 49200 1 50 4 A1 
14600 43684.45539 46800 0 50 1 B2 
14601 43686.25254 48000 2 50 3 A1 
14602 43686.93699 46800 1 50 1 B2 
14603 43687.3304 51900 3 48 4 C1 
14604 43689.19272 50100 0 50 1 A1 
14605 43690.1273 53400 4 48 1 C1 
14606 43691.48748 48000 4 49 2 C2 
14607 43692.15961 49800 1 50 5 A1 
14608 43692.31975 50700 0 49 1 B1 
14609 43694.61846 51000 1 49 2 B1 
14610 43695.58628 46800 2 50 2 A1 
14611 43697.65303 54600 2 49 3 B1 
14612 43698.98884 50400 0 50 2 A1 
14613 43700.03313 51000 0 49 2 B1 
14614 43700.29991 48300 3 48 4 D1 
14615 43701.15835 50400 2 50 2 B2 
14616 43702.01633 48000 5 49 2 C2 
14617 43702.40686 49200 1 50 4 B1 
14618 43702.90883 49200 4 48 2 D1 
14619 43704.28941 46800 1 50 1 A1 
14620 43707.35486 48000 3 49 2 C2 
14621 43708.28673 52200 0 50 3 B2 
14622 43708.7983 57000 5 48 1 C1 
14623 43710.01638 48000 4 49 2 C2 
14624 43710.70981 49200 53 48 2 T 
14625 43710.85547 47700 5 48 3 D1 
14626 43711.46499 56100 3 48 4 C1 
14627 43711.84406 50400 1 50 2 B2 
14628 43712.76495 47700 2 49 2 B1 
14629 43714.21991 48000 2 50 3 B2 
14630 43716.18897 48000 3 49 2 D1 
14631 43718.09808 48000 0 50 3 B1 
14632 43718.10646 48900 5 49 1 C2 
14633 43718.85568 50400 4 49 2 D1 
14634 43719.3584 47400 4 48 2 C1 
14635 43720.98808 47700 1 49 2 B1 
14636 43721.41173 49200 5 49 3 D1 
14637 43723.38401 48000 3 49 2 C2 
14638 43724.24225 49500 3 48 3 D1 
14639 43724.69148 47400 5 48 2 C1 
14640 43726.95714 48000 0 50 3 B2 
14641 43726.9667 47700 4 48 3 D1 
14642 43727.35817 47400 3 48 2 C1 
14643 43730.02482 47400 4 48 2 C1 
14644 43731.35487 48900 4 49 1 C2 
14645 43732.27007 48000 1 50 3 B2 
14646 43732.79816 47400 5 48 2 C1 
14647 43735.16006 48000 2 50 3 B2 
14648 43737.61273 49200 0 50 4 B2 
14649 43737.99687 47400 3 48 2 C1 
14650 43740.45538 48000 1 50 3 B2 
14651 43742.85557 50400 5 49 1 D1 
14652 43742.9534 48000 2 50 3 B2 
14653 43743.39074 47400 4 48 2 C1 
14654 43745.60339 48000 0 50 3 B2 
14655 43748.43136 49200 2 49 3 B1 
14656 43748.79402 48600 5 48 5 C1 
14657 43752.8207 49800 5 49 2 C2 
14658 43754.60335 55800 1 50 3 B2 
14659 43755.38383 50400 3 49 1 C2 
14660 43755.61669 49200 0 49 3 B1 
14661 43758.16025 50400 4 49 1 C2 
14662 43758.36474 49200 1 49 3 B1 
14663 43760.82072 49800 5 49 2 C2 
14664 43763.44803 49200 2 49 3 B1 
14665 43768.71725 49800 3 49 1 C2 
14666 43768.76475 46800 0 50 2 B1 
14667 43769.78873 50100 2 50 1 B2 
14668 43769.99703 49200 3 48 2 C1 
14669 43771.43141 49200 1 49 3 B1 
14670 43771.48743 50400 4 49 1 C2 
14671 43772.1889 50700 3 49 1 D1 
14672 43772.28673 50100 0 50 1 B2 
14673 43772.69163 49200 4 48 2 C1 
14674 43774.02149 49800 5 49 2 C2 
14675 43774.32136 50700 2 49 1 B1 
14676 43775.35825 49200 5 48 2 C1 
14677 43776.78512 50700 0 49 1 B1 
14678 43776.8269 49800 3 49 2 C2 
14679 43779.08871 47700 1 49 2 B1 
14680 43781.61039 50100 2 50 1 B1 
14681 43782.15403 48000 4 49 2 C2 
14682 43783.33027 49200 3 48 2 C1 
14683 43786.01426 49200 4 48 2 C1 
14684 43788.27001 46800 1 50 2 B2 
14685 43789.76735 48900 5 49 1 C2 
14686 43790.93672 46800 2 50 2 B2 
14687 43791.33044 49200 5 48 2 C1 
14688 43793.63332 48000 4 49 2 D1 
14689 43793.78873 46800 0 50 2 B2 
14690 43794.02485 49500 3 48 3 C1 
14691 43796.28674 57300 1 50 4 B2 
14692 43796.66358 49500 4 48 3 C1 
14693 43798.96657 49800 5 49 2 D1 
14694 43800.89733 47700 0 49 2 B1 
14695 43801.62006 50400 2 50 2 B2 
14696 43804.49338 46800 0 50 2 B2 
14697 43806.16017 51000 3 49 1 C2 
14698 43806.79201 49200 1 50 4 B2 
14699 43809.6022 53700 2 50 5 B2 
14700 43811.57806 48900 4 49 1 C2 
14701 43812.79827 57300 5 48 2 C1 
14702 43814.18049 51000 5 49 1 C2 
14703 43815.33032 49500 3 48 3 C1 
14704 43816.71741 50700 3 49 2 C2 
14705 43817.75982 48600 4 48 5 C1 
14706 43822.16017 52200 4 49 2 C2 
14707 43823.4607 47700 5 48 3 C1 
14708 43824.68808 50700 5 49 2 C2 
14709 43825.99705 47700 3 48 3 C1 
14710 43827.20781 49200 0 50 4 B2 
14711 43827.35488 50400 3 49 2 C2 
14712 43830.15404 52200 4 49 2 C2 
14713 43832.82687 50700 5 49 2 C2 
14714 43838.05073 50400 3 49 2 C2 
14715 43839.46064 47700 4 48 3 C1 
14716 43841.99182 47700 5 48 3 C1 
14717 43843.4935 50400 4 49 2 C2 
14718 43847.33027 47700 3 48 3 C1 
14719 43849.99696 49200 4 48 2 C1 
14720 43852.79399 54600 5 48 2 C1 
14721 43855.46054 47700 3 48 3 C1 
14722 43857.69719 47700 1 49 2 B1 
14723 43858.66153 46800 1 50 1 B2 
14724 43858.89937 48000 5 49 2 C2 
14725 43866.76116 47400 4 48 2 C1 
14726 43874.08016 49200 5 48 2 C1 
14727 43880.22711 47700 2 49 2 B1 
14728 43880.83728 48000 3 49 2 C2 
14729 43881.24872 52500 2 50 4 B2 
14730 43884.79832 48300 3 48 4 C1 
14731 43886.80632 49200 3 48 2 D1 
14732 43895.46488 48600 4 48 1 C1 
14733 43898.02483 48600 5 48 1 C1 
14734 43900.38367 47400 3 48 2 C1 
14735 43902.8315 54600 4 49 2 C2 
14736 43903.36106 48600 4 48 1 C1 
14737 43903.75256 48000 0 50 3 B2 
14738 43904.0831 47700 4 49 2 D1 
14739 43905.80233 48600 5 48 1 C1 
14740 43907.38399 54900 5 49 1 C2 
14741 43908.29924 48300 3 48 4 C1 
14742 43910.79869 48600 4 48 1 C1 
14743 43913.25036 48300 5 48 4 C1 
14744 43915.72228 48300 3 48 4 C1 
14745 43924.99033 48000 3 49 2 C2 
14746 43928.8529 47700 4 48 3 C1 
14747 43929.60242 50700 5 49 2 D1 
14748 43931.65425 48600 5 48 1 C1 
14749 43933.96463 49500 3 48 3 C1 
14750 43935.54815 50100 1 50 1 B2 
14751 43953.70714 49500 4 48 3 C1 
14752 43960.88077 48300 5 48 4 C1 
14753 43963.65411 48300 3 48 4 C1 
14754 43966.18615 55800 4 48 3 C1 
14755 43977.75901 53100 53 48 5 T 
14756 43983.09227 53100 53 48 5 T 
14757 43987.54755 48300 5 48 4 C1 
14758 43988.18134 49800 53 50 5 T 
14759 43989.95813 47700 3 48 3 C1 
14760 43993.05708 49800 53 50 5 T 
14761 43998.15901 50100 53 50 1 T 
14762 44003.49227 50100 53 50 1 T 
14763 44008.58134 53100 53 49 1 T 
14764 44010.36558 47700 4 48 3 C1 
14765 44013.45708 53100 53 49 1 T 
14766 44014.8251 49800 53 49 1 T 
14767 44022.30903 49800 53 49 1 T 
14768 44022.92395 49800 53 50 5 T 
14769 44027.39919 49800 53 49 2 T 
14770 44028.25734 50100 53 50 1 T 
14771 44032.28806 49800 53 49 2 T 
14772 44034.605 49200 5 48 2 C1 
14773 44056.67159 48300 3 48 4 C1 
14774 44065.56247 49800 53 49 2 T 
14775 44073.52445 50100 53 50 1 T 
14776 44076.02245 53100 53 49 1 T 
14777 44084.22912 53100 53 48 5 T 
14778 44113.53622 49800 53 49 2 T 
14779 44132.61146 48300 4 48 4 C1 
14780 44134.89579 49800 53 50 5 T 
14781 44179.31865 52200 53 49 2 T 
14782 44184.65198 51000 53 49 1 T 
14783 44192.65189 48900 53 49 1 T 
14784 44203.3183 52500 53 50 4 T 
14785 44205.98529 49200 53 50 4 T 
14786 44232.82068 48900 4 49 1 C2 
14787 44233.75637 47700 0 49 2 B1 
14788 44238.02159 48900 5 49 1 C2 
14789 44238.32141 47700 1 49 2 B1 
14790 44238.745 47700 3 48 3 D1 
14791 44241.03136 47700 2 49 2 B1 
14792 44241.52219 48600 4 48 5 D1 
14793 44242.13736 47700 53 49 2 T 
14794 44244.43141 49200 0 49 3 B1 
14795 44246.15393 48900 3 49 1 C2 
14796 44246.8138 47700 1 49 2 B1 
14797 44246.9665 48600 5 48 5 D1 
14798 44248.71723 50400 4 49 2 C2 
14799 44249.31313 56400 2 49 1 B1 
14800 44249.41162 49200 3 48 2 D1 
14801 44250.13761 49200 53 49 3 T 
14802 44250.49173 49200 2 50 4 B2 
14803 44251.38404 48900 5 49 1 C2 
14804 44251.7799 47700 0 49 2 B1 
14805 44252.29996 48600 4 48 5 D1 
14806 44254.23362 50100 1 50 1 B1 
14807 44254.32093 47700 5 48 3 C1 
14808 44256.82684 50400 3 49 2 C2 
14809 44259.48733 50400 4 49 2 C2 
14810 44259.6167 52200 2 49 3 B1 
14811 44259.65413 48600 3 48 1 C1 
14812 44260.24226 49200 5 49 3 D1 
14813 44260.4934 49200 0 50 4 B2 
14814 44260.80405 51000 53 49 2 T 
14815 44262.05062 48900 5 49 1 C2 
14816 44262.21412 48600 4 48 1 C1 
14817 44262.85562 49200 3 48 2 D1 
14818 44263.12207 52500 1 50 4 B2 
14819 44263.47069 48600 53 48 5 T 
14820 44264.8808 48600 5 48 1 C1 
14821 44264.95008 49200 0 50 4 B1 
14822 44265.63334 47700 4 49 2 D1 
14823 44267.35487 55800 3 49 2 C2 
14824 44267.58004 47700 3 48 3 C1 
14825 44268.30007 48900 5 49 1 D1 
14826 44268.80398 49500 53 48 3 T 
14827 44270.02158 50400 4 49 2 C2 
14828 44270.95339 57600 2 50 5 B2 
14829 44271.47059 47400 53 48 2 T 
14830 44273.41162 51000 3 49 1 D1 
14831 44273.82673 50100 0 50 1 B2 
14832 44274.13732 49200 53 48 2 T 
14833 44276.3001 48900 4 49 1 D1 
14834 44276.4934 52500 1 50 4 B2 
14835 44278.31655 48600 4 48 1 C1 
14836 44278.95711 50100 2 50 1 B2 
14837 44280.88099 48600 5 48 1 C1 
14838 44281.41175 50700 5 49 2 D1 
14839 44281.78873 54000 0 50 2 B2 
14840 44282.81386 48000 2 50 3 A1 
14841 44283.51948 48600 3 48 1 C1 
14842 44284.4554 52200 1 50 3 B2 
14843 44286.2141 48600 4 48 1 C1 
14844 44286.93698 50100 2 50 1 B2 
14845 44288.68738 48000 0 50 3 A1 
14846 44288.82679 48900 5 49 1 C2 
14847 44288.85287 48600 5 48 1 C1 
14848 44289.75641 51000 1 49 2 B1 
14849 44289.78872 50100 0 50 1 B2 
14850 44291.65422 48600 3 48 1 C1 
14851 44293.63072 50400 1 50 2 A1 
14852 44295.00537 51000 2 49 2 B1 
14853 44297.3812 49200 0 49 3 B1 
14854 44300.2423 48300 3 48 4 D1 
14855 44301.63072 50100 2 50 1 A1 
14856 44302.1147 49200 1 49 3 B1 
14857 44302.16005 48900 3 49 1 C2 
14858 44302.90881 47400 4 48 2 D1 
14859 44304.82076 48900 4 49 1 C2 
14860 44305.06245 49800 0 50 5 A1 
14861 44305.35643 47700 53 48 3 T 
14862 44307.38397 48900 5 49 1 C2 
14863 44307.61675 49200 2 49 3 B1 
14864 44308.07822 48300 5 48 4 D1 
14865 44310.16013 48900 3 49 1 C2 
14866 44310.21425 48600 4 48 5 C1 
14867 44310.28342 48000 0 50 3 B1 
14868 44312.68816 48900 4 49 1 C2 
14869 44312.98803 49200 1 49 3 B1 
14870 44313.52236 51000 3 49 2 D1 
14871 44313.82673 48000 1 50 3 B2 
14872 44315.35487 48900 5 49 1 C2 
14873 44315.54745 48600 5 48 5 C1 
14874 44316.27941 48000 2 50 3 B2 
14875 44318.09233 48900 3 49 1 C2 
14876 44318.18627 48600 3 48 5 C1 
14877 44318.32136 53100 2 49 1 B1 
14878 44318.9667 48600 4 48 1 D1 
14879 44319.93673 48000 0 50 3 B2 
14880 44322.53795 48000 1 50 3 B2 
14881 44323.51952 48600 4 48 5 C1 
14882 44323.65474 50400 0 50 2 B1 
14883 44324.0784 49800 5 49 2 D1 
14884 44326.15401 48900 4 49 1 C2 
14885 44326.17062 48600 5 48 5 C1 
14886 44332.45539 48000 2 50 3 B2 
14887 44336.71725 49800 5 49 2 C2 
14888 44337.5755 50400 3 49 1 D1 
14889 44337.78868 57600 0 50 2 B2 
14890 44339.65414 48600 3 48 5 C1 
14891 44340.24232 48900 4 49 1 D1 
14892 44340.27032 54000 1 50 1 B2 
14893 44342.31662 48600 4 48 5 C1 
14894 44342.74507 49800 5 49 1 D1 
14895 44343.16007 48000 2 50 3 B2 
14896 44344.85293 47700 5 48 3 C1 
14897 44345.62381 57600 0 50 1 B2 
14898 44347.54751 47700 3 48 3 C1 
14899 44348.27006 48000 1 50 3 B2 
14900 44350.31656 48600 4 48 5 C1 
14901 44351.16006 49200 2 50 4 B2 
14902 44352.85299 48600 5 48 5 C1 
14903 44355.61669 51000 1 49 2 B1 
14904 44358.05066 51000 3 49 1 C2 
14905 44358.11474 50700 2 49 1 B1 
14906 44360.68819 51000 4 49 1 C2 
14907 44360.98808 49800 0 50 5 B1 
14908 44363.48732 51000 5 49 1 C2 
14909 44366.15399 54900 3 49 1 C2 
14910 44366.18631 49200 3 48 2 C1 
14911 44368.7647 51000 1 49 2 B1 
14912 44368.82688 49800 4 49 2 C2 
14913 44371.43136 50700 2 49 1 B1 
14914 44371.4875 49800 5 49 2 C2 
14915 44371.51955 51900 4 48 4 C1 
14916 44374.05048 49800 3 49 2 C2 
14917 44374.32142 50700 0 49 1 B1 
14918 44376.77404 50700 1 49 1 B1 
14919 44379.64998 53100 5 48 5 C1 
14920 44382.16015 48900 4 49 1 C2 
14921 44382.31656 51900 3 48 4 C1 
14922 44384.82689 51000 5 49 1 C2 
14923 44384.85292 57600 4 48 3 C1 
14924 44385.6034 48000 0 50 3 B2 
14925 44387.64982 57000 5 48 1 C1 
14926 44388.1888 48000 3 49 2 D1 
14927 44388.49339 49800 1 50 5 B2 
14928 44390.21411 48600 3 48 5 C1 
14929 44390.95715 49800 2 50 5 B2 
14930 44392.98765 48600 4 48 5 C1 
14931 44393.5755 50400 4 49 2 D1 
14932 44393.82668 50400 0 50 2 B2 
14933 44395.35479 48000 3 49 2 C2 
14934 44395.65006 48600 5 48 5 C1 
14935 44396.18899 48000 5 49 2 D1 
14936 44396.27939 49800 1 50 5 B2 
14937 44398.31657 48600 3 48 5 C1 
14938 44401.62006 49800 2 50 5 B2 
14939 44403.65411 48600 4 48 5 C1 
14940 44404.45538 50400 0 50 2 B2 
14941 44406.18627 48600 5 48 5 C1 
14942 44409.60339 50400 1 50 2 B2 
14943 44414.15404 50700 4 49 2 C2 
14944 44416.71736 57900 5 49 1 C2 
14945 44416.98335 49500 3 48 3 C1 
14946 44419.49345 50700 3 49 2 C2 
14947 44420.28407 47700 4 48 3 C1 
14948 44421.48096 49200 2 50 4 B2 
14949 44422.16012 50700 4 49 2 C2 
14950 44424.82688 54300 5 49 1 C2 
14951 44430.02142 50700 3 49 2 C2 
14952 44432.9832 49200 5 48 2 C1 
14953 44435.38404 54000 4 49 2 C2 
14954 44438.31661 49500 3 48 3 C1 
14955 44443.38398 49800 5 49 2 C2 
14956 44443.54758 49200 4 48 2 C1 
14957 44446.18615 49200 5 48 2 C1 
14958 44448.98749 49200 3 48 2 C1 
14959 44451.65445 49200 4 48 2 C1 
14960 44454.32081 49200 5 48 2 C1 
14961 44456.98762 49200 3 48 2 C1 
14962 44459.48734 50400 3 49 1 C2 
14963 44459.54744 49200 4 48 2 C1 
14964 44462.31661 49200 5 48 2 C1 
14965 44462.71643 49200 2 49 3 B1 
14966 44464.82067 48000 4 49 2 C2 
14967 44464.98754 49200 3 48 2 C1 
14968 44467.3549 50400 5 49 1 C2 
14969 44470.16015 48000 3 49 2 C2 
14970 44475.38398 48000 4 49 2 C2 
14971 44475.65423 48300 4 48 4 C1 
14972 44476.22832 49200 1 50 4 A1 
14973 44477.77393 48900 5 49 1 C2 
14974 44478.94852 48600 5 48 5 C1 
14975 44483.38393 48000 3 49 2 C2 
14976 44483.65414 47400 3 48 2 C1 
14977 44486.78472 49500 3 48 3 D1 
14978 44488.68828 48000 4 49 2 C2 
14979 44488.98756 48300 4 48 4 C1 
14980 44490.45488 49200 0 50 4 B2 
14981 44491.38401 48000 5 49 2 C2 
14982 44494.15395 48000 3 49 2 C2 
14983 44496.85293 49500 5 48 3 C1 
14984 44499.35485 48000 4 49 2 C2 
14985 44499.64989 56400 3 48 5 C1 
14986 44502.2143 47400 4 48 2 C1 
14987 44504.55082 48600 4 48 1 D1 
14988 44504.88077 47400 5 48 2 C1 
14989 44507.54756 47400 3 48 2 C1 
14990 44510.21412 49500 4 48 3 C1 
14991 44512.88075 47400 5 48 2 C1 
14992 44515.65424 49500 3 48 3 C1 
14993 44518.18617 49500 4 48 3 C1 
14994 44521.83665 50700 5 49 1 D1 
14995 44523.384 52200 5 49 2 C2 
14996 44526.16012 50400 3 49 1 C2 
14997 44536.68818 49800 4 49 1 C2 
14998 44547.35484 49800 5 49 1 C2 
14999 44547.65414 48300 5 48 4 C1 
15000 44550.15406 52200 3 49 2 C2 
15001 44555.48735 50400 4 49 1 C2 
15002 44558.18639 48300 3 48 4 C1 
15003 44560.9833 48300 4 48 4 C1 
15004 44563.51947 48300 5 48 4 C1 
15005 44566.18615 48300 3 48 4 C1 
15006 44566.42651 56400 5 49 2 C2 
15007 44571.54754 48300 4 48 4 C1 
15008 44577.75901 53700 53 50 5 T 
15009 44579.64992 48300 5 48 4 C1 
15010 44583.09227 53700 53 50 5 T 
15011 44588.18134 50700 53 49 1 T 
15012 44593.05708 50700 53 49 1 T 
15013 44598.15901 53700 53 49 2 T 
15014 44603.49227 53700 53 49 2 T 
15015 44608.58134 53400 53 48 1 T 
15016 44613.45708 53400 53 48 1 T 
15017 44614.92424 50400 53 49 1 T 
15018 44618.55901 50400 53 50 2 T 
15019 44620.20287 50400 53 49 2 T 
15020 44622.10846 50400 53 49 2 T 
15021 44623.17662 50700 53 49 1 T 
15022 44623.89227 50400 53 50 2 T 
15023 44626.36771 50400 53 50 2 T 
15024 44627.40903 50400 53 49 2 T 
15025 44632.49919 50700 53 49 2 T 
15026 44637.38804 50700 53 49 2 T 
15027 44642.50845 53400 53 49 1 T 
15028 44647.809 53400 53 49 1 T 
15029 44652.89914 50400 53 49 1 T 
15030 44657.78804 50400 53 49 1 T 
15031 44670.67246 53400 53 49 1 T 
15032 44673.52445 53700 53 49 2 T 
15033 44681.33911 53400 53 48 1 T 
15034 44681.59067 50700 53 49 2 T 
15035 44684.00578 50400 53 50 2 T 
15036 44726.68913 50700 53 49 2 T 
15037 44734.68911 53700 53 50 5 T 
15038 44737.56245 50700 53 49 1 T 
15039 44787.3186 49800 53 49 1 T 
15040 44788.19113 50400 53 49 1 T 
15041 44789.98533 48900 53 49 1 T 
15042 44792.65193 48000 53 49 2 T 
15043 44795.31865 49800 53 49 2 T 
15044 44797.98517 48000 53 50 3 T 
15045 44800.65189 52500 53 50 4 T 
15046 44813.98522 49800 53 50 5 T 
15047 44830.9647 51000 0 49 2 B1 
15048 44833.67208 52200 1 49 3 B1 
15049 44838.90879 49500 3 48 3 D1 
15050 44843.44803 51000 2 49 2 B1 
15051 44843.48746 50400 3 49 2 C2 
15052 44846.10533 49800 4 49 2 C2 
15053 44846.85548 49200 4 48 2 D1 
15054 44846.89581 50400 53 49 2 T 
15055 44848.65194 52200 53 49 2 T 
15056 44848.78136 57000 0 49 2 B1 
15057 44849.57547 49200 5 48 2 D1 
15058 44850.51454 50100 53 50 1 T 
15059 44851.44802 51000 1 49 2 B1 
15060 44851.49334 50400 5 49 2 C2 
15061 44852.07824 51900 3 48 4 D1 
15062 44853.15835 49800 1 50 5 B2 
15063 44854.15398 49800 3 49 2 C2 
15064 44854.21422 48600 3 48 5 C1 
15065 44854.32136 54600 2 49 3 B1 
15066 44854.74506 49200 4 48 2 D1 
15067 44856.68826 50400 4 49 2 C2 
15068 44856.77407 51000 0 49 2 B1 
15069 44856.85295 48600 4 48 5 C1 
15070 44857.5223 49500 5 48 3 D1 
15071 44859.49353 49800 5 49 2 C2 
15072 44859.54757 48600 5 48 5 C1 
15073 44860.4554 58500 2 50 3 B2 
15074 44862.16012 49800 3 49 2 C2 
15075 44862.2141 48600 3 48 5 C1 
15076 44862.9534 49800 0 50 5 B2 
15077 44864.71734 49800 4 49 2 C2 
15078 44864.76475 50400 1 50 2 B1 
15079 44864.85287 48600 4 48 5 C1 
15080 44865.63339 49200 3 49 3 D1 
15081 44866.13731 48600 53 48 5 T 
15082 44866.59506 49800 1 50 5 B2 
15083 44867.35484 49800 5 49 2 C2 
15084 44867.43141 49800 2 50 5 B1 
15085 44868.30012 50400 4 49 1 D1 
15086 44870.93673 53700 2 50 5 B2 
15087 44870.96662 52200 5 49 2 D1 
15088 44871.47068 51900 53 48 4 T 
15089 44873.57566 48000 3 49 2 D1 
15090 44873.60339 52500 0 50 4 B2 
15091 44875.64987 48600 5 48 5 C1 
15092 44876.18907 50700 4 49 2 D1 
15093 44876.27001 50400 1 50 2 B2 
15094 44876.80394 49200 53 48 2 T 
15095 44878.31672 48600 3 48 5 C1 
15096 44878.90898 49200 5 49 3 D1 
15097 44878.9534 52500 2 50 4 B2 
15098 44879.47066 48300 53 48 4 T 
15099 44880.85291 48600 4 48 5 C1 
15100 44881.62006 50400 0 50 2 B2 
15101 44883.64997 48600 5 48 5 C1 
15102 44884.28672 50400 1 50 2 B2 
15103 44884.3197 49200 0 49 3 B1 
15104 44885.62276 50400 2 50 2 A1 
15105 44886.32094 48600 3 48 5 C1 
15106 44887.12207 52500 2 50 4 B2 
15107 44888.88078 48600 4 48 5 C1 
15108 44889.10913 52500 0 50 4 A1 
15109 44889.82672 50400 0 50 2 B2 
15110 44891.65416 48600 5 48 5 C1 
15111 44893.48053 49800 1 50 5 A1 
15112 44894.28337 49200 1 49 3 B1 
15113 44896.42071 49200 2 50 4 A1 
15114 44897.03141 49200 2 49 3 B1 
15115 44897.6332 48600 3 48 1 D1 
15116 44899.49357 48900 3 49 1 C2 
15117 44902.05051 48900 4 49 1 C2 
15118 44902.28853 50100 0 50 1 A1 
15119 44904.8268 48000 5 49 2 C2 
15120 44904.95002 49200 0 49 3 B1 
15121 44905.52215 48600 4 48 5 D1 
15122 44907.44808 49200 1 49 3 B1 
15123 44907.48742 48900 3 49 1 C2 
15124 44909.47739 49200 1 50 4 A1 
15125 44910.05056 48900 4 49 1 C2 
15126 44910.31665 49500 3 48 3 C1 
15127 44912.85292 49500 4 48 3 C1 
15128 44913.52219 48300 5 48 4 D1 
15129 44915.5881 49500 5 48 3 C1 
15130 44915.6167 52200 2 49 3 B1 
15131 44916.0784 50700 3 49 1 D1 
15132 44917.00574 48000 1 50 3 B2 
15133 44918.086 48000 5 49 2 C2 
15134 44918.11475 48000 0 50 3 B1 
15135 44918.90893 48600 4 48 1 D1 
15136 44919.38839 48000 2 50 3 B2 
15137 44920.85288 49500 3 48 3 C1 
15138 44922.51073 52200 0 50 3 B2 
15139 44923.38399 50400 3 49 2 C2 
15140 44923.44809 50100 1 50 1 B1 
15141 44926.02151 48000 4 49 2 C2 
15142 44928.82069 48000 5 49 2 C2 
15143 44928.98747 49500 4 48 3 C1 
15144 44929.52233 48900 5 49 1 D1 
15145 44929.62001 50100 1 50 1 B2 
15146 44932.30007 49800 3 49 2 D1 
15147 44932.4554 50100 2 50 1 B2 
15148 44934.74516 51000 4 49 1 D1 
15149 44935.12206 49800 0 50 5 B2 
15150 44936.85285 48600 5 48 5 C1 
15151 44937.41169 50400 5 49 2 D1 
15152 44937.82673 50100 1 50 1 B2 
15153 44939.64994 48600 3 48 5 C1 
15154 44940.18902 51000 3 49 2 D1 
15155 44940.4554 49800 2 50 5 B2 
15156 44942.3207 48600 4 48 5 C1 
15157 44942.93697 50100 0 50 1 B2 
15158 44944.85572 48600 5 48 5 C1 
15159 44945.62007 48000 1 50 3 B2 
15160 44948.43136 50700 2 49 1 B1 
15161 44950.321 49500 3 48 3 C1 
15162 44950.98641 53700 0 49 2 B1 
15163 44955.65474 50700 1 49 1 B1 
15164 44958.05073 48900 3 49 1 C2 
15165 44958.32137 50700 2 49 1 B1 
15166 44960.82687 48900 4 49 1 C2 
15167 44966.0214 48900 5 49 1 C2 
15168 44966.31665 49200 4 48 2 C1 
15169 44966.36469 50700 0 49 1 B1 
15170 44968.6893 48900 3 49 1 C2 
15171 44968.98756 49200 5 48 2 C1 
15172 44968.98803 49200 1 49 3 B1 
15173 44970.28599 49200 2 50 4 B2 
15174 44971.65007 49200 3 48 2 C1 
15175 44973.1584 57300 0 50 4 B2 
15176 44974.0215 48900 4 49 1 C2 
15177 44974.28342 49200 2 50 4 B1 
15178 44975.54711 49200 1 50 4 B2 
15179 44976.78136 49200 0 49 3 B1 
15180 44976.98321 49200 4 48 2 C1 
15181 44979.35493 48900 5 49 1 C2 
15182 44979.61675 50700 1 49 1 B1 
15183 44979.65412 49200 5 48 2 C1 
15184 44982.15397 48900 3 49 1 C2 
15185 44984.82684 48900 4 49 1 C2 
15186 44985.95494 51000 2 49 2 B1 
15187 44987.38397 48900 5 49 1 C2 
15188 44987.64991 51900 3 48 4 C1 
15189 44988.2422 48900 4 49 1 D1 
15190 44988.45539 49200 2 50 4 B2 
15191 44991.12201 49200 0 50 4 B2 
15192 44992.85299 51900 4 48 4 C1 
15193 44993.82672 55800 1 50 3 B2 
15194 44995.5196 51900 5 48 4 C1 
15195 44996.24213 48900 5 49 1 D1 
15196 44996.4934 49200 2 50 4 B2 
15197 44998.21428 55800 3 48 3 C1 
15198 44999.16006 52200 0 50 3 B2 
15199 45000.98753 49500 4 48 3 C1 
15200 45001.61274 49200 1 50 4 B2 
15201 45003.56555 50400 3 49 2 C2 
15202 45004.28672 58800 2 50 4 B2 
15203 45006.2141 49500 5 48 3 C1 
15204 45008.68824 50700 4 49 2 C2 
15205 45022.32093 56100 3 48 4 C1 
15206 45024.8206 52200 5 49 2 C2 
15207 45027.35483 52200 3 49 2 C2 
15208 45027.43136 53100 0 49 1 B1 
15209 45027.54754 49200 4 48 2 C1 
15210 45030.15408 48900 4 49 1 C2 
15211 45030.32089 49200 5 48 2 C1 
15212 45032.7173 54900 5 49 1 C2 
15213 45035.48734 50700 3 49 2 C2 
15214 45038.15401 48900 4 49 1 C2 
15215 45040.68814 52200 5 49 2 C2 
15216 45040.9875 49200 3 48 2 C1 
15217 45043.65413 49200 4 48 2 C1 
15218 45046.31666 49200 5 48 2 C1 
15219 45047.67775 49200 1 49 3 B1 
15220 45048.85313 49200 3 48 2 C1 
15221 45051.50389 49200 4 48 2 C1 
15222 45056.9832 49200 5 48 2 C1 
15223 45064.82079 50400 3 49 1 C2 
15224 45067.51952 49200 3 48 2 C1 
15225 45069.5099 48000 0 50 3 B2 
15226 45069.88593 49500 4 48 3 C1 
15227 45070.05952 49200 2 49 3 B1 
15228 45075.99251 48000 4 49 2 C2 
15229 45078.78131 50400 5 49 1 C2 
15230 45080.88087 48600 5 48 1 C1 
15231 45081.12171 50400 3 49 1 C2 
15232 45083.54757 48600 3 48 1 C1 
15233 45086.11783 54600 4 49 2 C2 
15234 45086.18623 48600 4 48 1 C1 
15235 45089.84069 48000 2 50 3 A1 
15236 45091.49349 50700 5 49 2 C2 
15237 45091.54744 54600 5 48 2 C1 
15238 45099.48735 50400 3 49 1 C2 
15239 45099.65425 48300 3 48 4 C1 
15240 45100.18604 48600 3 48 5 D1 
15241 45100.9054 50100 1 50 1 B2 
15242 45101.99297 48600 4 48 5 C1 
15243 45105.28308 48300 5 48 4 C1 
15244 45107.61284 48300 3 48 4 C1 
15245 45110.05064 50700 4 49 2 C2 
15246 45112.55858 53100 4 48 5 C1 
15247 45115.04021 57000 5 48 1 C1 
15248 45117.39808 48600 4 48 5 D1 
15249 45120.14722 48300 3 48 4 C1 
15250 45123.36809 49200 2 50 4 B2 
15251 45126.43214 48900 5 49 1 C2 
15252 45136.03309 53400 4 48 1 C1 
15253 45139.38405 51000 3 49 1 C2 
15254 45144.71734 51000 4 49 1 C2 
15255 45147.49348 51000 5 49 1 C2 
15256 45150.16015 49800 3 49 1 C2 
15257 45152.17509 48600 5 48 1 C1 
15258 45158.15408 51000 4 49 1 C2 
15259 45162.28411 49200 0 50 4 B2 
15260 45162.81374 48600 3 48 1 C1 
15261 45168.27753 48600 4 48 1 C1 
15262 45170.84167 48600 5 48 1 C1 
15263 45171.35483 51000 5 49 1 C2 
15264 45173.61515 48600 3 48 1 C1 
15265 45177.32867 50700 3 49 2 C2 
15266 45177.98134 51000 53 49 2 T 
15267 45182.85708 51000 53 49 2 T 
15268 45187.95901 51000 53 49 2 T 
15269 45188.28085 49200 4 48 2 C1 
15270 45193.29227 54000 53 50 1 T 
15271 45194.94835 48600 5 48 1 C1 
15272 45198.38134 54000 53 50 1 T 
15273 45200.86928 48900 4 49 1 C2 
15274 45203.25708 54000 53 50 2 T 
15275 45208.35901 54000 53 50 2 T 
15276 45211.49212 49200 3 48 2 C1 
15277 45222.10846 54300 53 49 1 T 
15278 45225.536 51000 53 49 1 T 
15279 45227.40905 54300 53 49 1 T 
15280 45228.4946 51000 53 49 2 T 
15281 45232.49919 54000 53 49 2 T 
15282 45237.38805 54000 53 49 2 T 
15283 45238.40071 53400 5 49 1 C2 
15284 45242.50846 51000 53 49 1 T 
15285 45247.809 51000 53 49 1 T 
15286 45252.89915 51000 53 49 1 T 
15287 45260.33851 50400 3 49 1 C2 
15288 45260.42987 57300 4 48 2 C1 
15289 45268.00578 51000 53 49 2 T 
15290 45278.85778 54000 53 50 2 T 
15291 45282.55921 56400 4 49 1 C2 
15292 45283.67277 48300 5 48 4 C1 
15293 45304.37251 49800 5 49 1 C2 
15294 45326.73358 51000 53 49 1 T 
15295 45334.89579 54000 53 50 1 T 
15296 45342.68913 54000 53 49 2 T 
15297 45381.98527 52200 53 49 2 T 
15298 45384.65192 50400 53 49 1 T 
15299 45387.31868 50400 53 49 2 T 
15300 45389.98532 50700 53 49 2 T 
15301 45395.31875 50400 53 50 2 T 
15302 45403.31841 52200 53 50 3 T 
15303 45406.8578 54300 53 49 1 T 
15304 45411.31857 52500 53 50 4 T 
15305 45428.43141 49200 0 49 3 B1 
15306 45432.65194 48900 53 49 1 T 
15307 45438.745 49500 5 48 3 D1 
15308 45443.43141 49200 1 49 3 B1 
15309 45443.48749 51000 3 49 1 C2 
15310 45446.16023 56400 4 49 2 C2 
15311 45446.32136 49200 2 49 3 B1 
15312 45446.85547 49200 3 48 2 D1 
15313 45447.93673 49800 1 50 5 B2 
15314 45448.71727 49800 5 49 1 C2 
15315 45448.77403 49200 0 49 3 B1 
15316 45449.63327 49200 4 48 2 D1 
15317 45450.13759 50700 53 49 1 T 
15318 45451.38393 51000 3 49 1 C2 
15319 45451.65475 49200 1 49 3 B1 
15320 45452.18897 49200 5 48 2 D1 
15321 45453.17735 49800 2 50 5 B2 
15322 45453.61089 49500 3 48 3 C1 
15323 45454.16017 51000 4 49 1 C2 
15324 45454.96657 49500 3 48 3 D1 
15325 45456.14715 49500 4 48 3 C1 
15326 45456.68827 51000 5 49 1 C2 
15327 45456.95008 49800 2 50 5 B1 
15328 45457.63338 52200 4 49 3 D1 
15329 45457.82673 49800 0 50 5 B2 
15330 45458.81383 49500 5 48 3 C1 
15331 45459.35474 51000 3 49 1 C2 
15332 45459.6167 49200 0 49 3 B1 
15333 45460.30007 54900 5 49 1 D1 
15334 45460.80403 52200 53 49 3 T 
15335 45461.6108 53100 3 48 5 C1 
15336 45462.05063 51000 4 49 1 C2 
15337 45462.1147 49200 1 49 3 B1 
15338 45462.90896 50700 3 49 1 D1 
15339 45463.47069 48600 53 48 1 T 
15340 45464.14303 53100 4 48 5 C1 
15341 45464.68816 54000 5 49 2 C2 
15342 45464.98808 49200 2 50 4 B1 
15343 45465.41154 48600 4 48 5 D1 
15344 45465.6034 49800 1 50 5 B2 
15345 45466.13729 49200 53 48 2 T 
15346 45468.28673 49200 2 50 4 B2 
15347 45468.8039 48600 53 48 5 T 
15348 45469.61505 48600 5 48 1 C1 
15349 45470.15404 51000 3 49 1 C2 
15350 45470.74509 50400 5 49 2 D1 
15351 45473.62006 49200 0 50 4 B2 
15352 45474.81395 48600 3 48 1 C1 
15353 45476.18904 51000 3 49 1 D1 
15354 45476.49339 49200 1 50 4 B2 
15355 45477.48044 48600 4 48 1 C1 
15356 45477.63072 50400 0 50 2 A1 
15357 45479.12205 49200 2 50 4 B2 
15358 45480.1752 48600 5 48 1 C1 
15359 45481.52223 50700 4 49 2 D1 
15360 45481.60365 49200 0 50 4 B2 
15361 45482.96408 52200 1 50 3 A1 
15362 45484.42308 51000 0 49 2 B1 
15363 45484.49334 49200 1 50 4 B2 
15364 45485.50838 57000 3 48 1 C1 
15365 45486.3958 50100 2 50 1 A1 
15366 45486.94605 49200 2 50 4 B2 
15367 45489.59074 49800 0 50 5 A1 
15368 45489.60374 49200 0 50 4 B2 
15369 45489.67203 51000 1 49 2 B1 
15370 45490.94845 53400 4 48 1 C1 
15371 45496.38762 49800 1 50 5 A1 
15372 45496.78141 51000 2 49 2 B1 
15373 45500.0782 48600 5 48 1 D1 
15374 45501.26173 53700 1 50 5 B2 
15375 45502.02151 54900 4 49 1 C2 
15376 45502.96666 51900 3 48 4 D1 
15377 45504.82689 50700 5 49 2 C2 
15378 45506.91206 49200 2 50 4 A1 
15379 45506.94423 49200 5 48 2 C1 
15380 45507.38406 50700 3 49 2 C2 
15381 45507.43135 51000 0 49 2 B1 
15382 45509.615 49200 3 48 2 C1 
15383 45510.09808 51000 1 49 2 B1 
15384 45510.93673 52500 2 50 4 B2 
15385 45512.27756 49200 4 48 2 C1 
15386 45512.82083 57900 4 49 1 C2 
15387 45512.95003 49200 2 49 3 B1 
15388 45513.41165 51000 4 49 2 D1 
15389 45514.49169 57600 0 50 5 B2 
15390 45514.94418 49200 5 48 2 C1 
15391 45515.38398 50700 5 49 2 C2 
15392 45515.44803 51000 0 49 2 B1 
15393 45516.87178 52500 1 50 4 B2 
15394 45517.17562 50100 0 50 1 A1 
15395 45517.61516 49200 3 48 2 C1 
15396 45518.02153 50700 3 49 2 C2 
15397 45518.85562 49200 5 49 3 D1 
15398 45520.17504 56400 4 48 5 C1 
15399 45520.82073 49800 4 49 1 C2 
15400 45521.41179 49800 3 49 2 D1 
15401 45522.9484 49500 5 48 3 C1 
15402 45523.43142 52500 1 50 4 B1 
15403 45523.48728 50700 5 49 2 C2 
15404 45524.4554 57600 2 50 1 B2 
15405 45526.0215 50700 3 49 2 C2 
15406 45526.32136 51000 2 49 2 B1 
15407 45526.90883 57000 4 48 1 D1 
15408 45528.82685 49800 4 49 1 C2 
15409 45532.28673 49800 0 50 5 B2 
15410 45532.30006 50400 5 49 1 D1 
15411 45533.48078 49500 3 48 3 C1 
15412 45534.96664 52200 3 49 2 D1 
15413 45537.5756 49800 4 49 2 D1 
15414 45537.82672 49800 1 50 5 B2 
15415 45540.27939 58800 2 50 4 B2 
15416 45540.33875 50700 0 49 1 B1 
15417 45542.9647 50700 1 49 1 B1 
15418 45544.1751 49500 4 48 3 C1 
15419 45545.78873 52500 0 50 4 B2 
15420 45549.48043 49500 5 48 3 C1 
15421 45550.15403 48900 5 49 1 C2 
15422 45550.95339 49800 1 50 5 B2 
15423 45560.28181 49200 3 48 2 C1 
15424 45563.49355 50400 3 49 1 C2 
15425 45566.16004 48900 4 49 1 C2 
15426 45567.84406 54000 2 50 2 B2 
15427 45568.28172 49200 4 48 2 C1 
15428 45568.71738 48900 5 49 1 C2 
15429 45568.78142 52200 2 49 3 B1 
15430 45569.57555 49200 5 49 3 D1 
15431 45570.84168 49200 5 48 2 C1 
15432 45571.42558 50400 3 49 1 C2 
15433 45571.6547 52200 0 49 3 B1 
15434 45572.28673 50100 0 50 1 B2 
15435 45573.48045 49200 3 48 2 C1 
15436 45574.10737 52200 1 49 3 B1 
15437 45575.93668 50100 1 50 1 B2 
15438 45576.17512 49200 4 48 2 C1 
15439 45576.82684 50400 4 49 1 C2 
15440 45576.95004 56400 2 49 1 B1 
15441 45578.94852 49200 5 48 2 C1 
15442 45579.38398 50400 5 49 1 C2 
15443 45579.44809 50400 0 50 2 B1 
15444 45581.50837 49200 3 48 2 C1 
15445 45582.01746 48900 3 49 1 C2 
15446 45582.11469 50700 1 49 1 B1 
15447 45582.7449 49800 3 49 1 D1 
15448 45583.16007 50100 2 50 1 B2 
15449 45584.54329 49200 2 49 3 B1 
15450 45585.4117 48900 4 49 1 D1 
15451 45588.28668 50100 0 50 1 B2 
15452 45589.61094 49200 4 48 2 C1 
15453 45591.12207 50100 1 50 1 B2 
15454 45592.28172 49200 5 48 2 C1 
15455 45593.62006 50100 2 50 1 B2 
15456 45597.48056 49200 3 48 2 C1 
15457 45599.12206 52200 0 50 3 B2 
15458 45600.8268 50400 4 49 2 C2 
15459 45601.60364 52200 1 50 3 B2 
15460 45602.94846 49200 4 48 2 C1 
15461 45604.4934 50100 2 50 1 B2 
15462 45613.61079 49200 5 48 2 C1 
15463 45614.05054 50400 5 49 2 C2 
15464 45614.36474 53700 0 49 2 B1 
15465 45616.99682 48600 3 48 1 C1 
15466 45622.32137 53100 1 49 1 B1 
15467 45624.1751 48600 4 48 5 C1 
15468 45624.8268 54300 3 49 1 C2 
15469 45626.94412 48600 5 48 5 C1 
15470 45627.38405 48900 4 49 1 C2 
15471 45629.50837 48600 3 48 5 C1 
15472 45630.05065 48900 5 49 1 C2 
15473 45632.14706 48600 4 48 5 C1 
15474 45632.7647 50700 2 49 1 B1 
15475 45632.82078 50400 3 49 2 C2 
15476 45634.8137 48600 5 48 5 C1 
15477 45635.35491 50400 4 49 2 C2 
15478 45637.48043 48600 3 48 5 C1 
15479 45638.15406 48900 5 49 1 C2 
15480 45640.17513 48600 4 48 5 C1 
15481 45643.35491 48900 3 49 1 C2 
15482 45644.45534 50400 0 50 2 B2 
15483 45648.82684 59100 4 49 2 C2 
15484 45649.62005 50400 1 50 2 B2 
15485 45650.94856 48600 5 48 5 C1 
15486 45652.4934 50400 2 50 2 B2 
15487 45655.16007 57600 0 50 2 B2 
15488 45656.17504 51900 3 48 4 C1 
15489 45657.78872 54000 1 50 1 B2 
15490 45664.17513 51900 4 48 4 C1 
15491 45664.7173 49800 5 49 2 C2 
15492 45665.81264 50100 0 50 1 B1 
15493 45671.16006 50400 2 50 2 B2 
15494 45672.28168 51900 5 48 4 C1 
15495 45678.05061 49800 3 49 2 C2 
15496 45680.68818 50400 4 49 2 C2 
15497 45681.00184 49500 3 48 3 C1 
15498 45683.35473 49800 5 49 2 C2 
15499 45686.15414 49800 3 49 2 C2 
15500 45688.82695 49800 4 49 2 C2 
15501 45689.8961 49800 0 50 5 B2 
15502 45690.33095 49200 1 50 4 A1 
15503 45691.35491 49800 5 49 2 C2 
15504 45699.38396 49800 3 49 2 C2 
15505 45702.16016 49800 4 49 2 C2 
15506 45704.26996 49500 4 48 3 C1 
15507 45705.82503 50700 1 49 1 B1 
15508 45707.48738 50400 5 49 2 C2 
15509 45709.88885 52500 2 50 4 A1 
15510 45717.61512 57600 5 48 3 C1 
15511 45721.61191 52500 1 50 4 B2 
15512 45731.08822 50400 3 49 1 C2 
15513 45733.53388 52200 4 49 2 C2 
15514 45736.82068 49800 5 49 2 C2 
15515 45744.33164 50100 2 50 1 B2 
15516 45750.15411 52200 3 49 2 C2 
15517 45752.65094 50400 4 49 1 C2 
15518 45755.01657 52200 5 49 2 C2 
15519 45766.16013 53400 3 49 1 C2 
15520 45767.62218 52200 0 50 3 B2 
15521 45777.85528 50700 2 49 1 B1 
15522 45777.99227 51900 53 48 4 T 
15523 45783.08134 51900 53 48 4 T 
15524 45787.95708 54600 53 48 2 T 
15525 45793.05901 54600 53 48 2 T 
15526 45798.39227 54600 53 49 3 T 
15527 45800.87277 53100 0 49 1 B1 
15528 45801.89442 50400 1 50 2 B2 
15529 45804.37374 54600 53 49 3 T 
15530 45811.89179 51900 3 48 4 C1 
15531 45822.08807 54600 53 49 2 T 
15532 45827.20845 54600 53 49 2 T 
15533 45828.25733 51900 53 48 4 T 
15534 45832.509 54900 53 49 1 T 
15535 45837.59921 54900 53 49 1 T 
15536 45842.48806 54900 53 49 1 T 
15537 45847.60843 54900 53 49 1 T 
15538 45852.90901 54900 53 49 1 T 
15539 45857.99916 54900 53 49 1 T 
15540 45862.88807 54900 53 49 1 T 
15541 45876.02245 51900 53 48 4 T 
15542 45878.89581 54600 53 49 2 T 
15543 45881.35579 54600 53 49 3 T 
15544 45883.1019 52200 4 49 2 C2 
15545 45918.6596 52200 5 49 2 C2 
15546 45934.85778 54600 53 48 2 T 
15547 45937.33913 54900 53 49 1 T 
15548 45988.02247 54900 53 49 1 T 
15549 45995.3186 51000 53 49 1 T 
15550 45997.98525 52200 53 49 2 T 
15551 46003.31835 49200 53 50 4 T 
15552 46005.98524 52500 53 50 4 T 
15553 46020.31962 48900 53 49 1 T 
15554 46036.3197 49200 1 49 3 B1 
15555 46038.60269 49200 2 49 3 B1 
15556 46040.7174 50400 3 49 1 C2 
15557 46043.52434 49200 0 49 3 B1 
15558 46044.19113 54900 53 49 1 T 
15559 46044.29987 49200 5 48 2 D1 
15560 46046.1147 54600 1 49 3 B1 
15561 46046.16007 50400 4 49 1 C2 
15562 46046.9088 51900 3 48 4 D1 
15563 46047.47071 49200 53 49 3 T 
15564 46048.82069 50400 5 49 1 C2 
15565 46048.98808 49200 2 49 3 B1 
15566 46051.44075 49800 0 50 5 B1 
15567 46051.49353 50400 3 49 1 C2 
15568 46052.30001 51000 4 49 2 D1 
15569 46052.80429 53100 53 49 1 T 
15570 46053.1584 49800 2 50 5 B2 
15571 46053.61089 53400 4 48 1 C1 
15572 46054.28336 57000 1 49 2 B1 
15573 46055.47076 51000 53 49 2 T 
15574 46055.92835 49800 0 50 5 B2 
15575 46056.27744 53400 5 48 1 C1 
15576 46056.82692 50400 4 49 1 C2 
15577 46057.52214 53100 5 48 5 D1 
15578 46057.63141 50700 2 49 1 B1 
15579 46058.1373 48600 53 48 5 T 
15580 46058.81383 56100 3 48 4 C1 
15581 46059.35484 50400 5 49 1 C2 
15582 46059.94823 49200 0 50 4 B1 
15583 46060.18899 50400 3 49 1 D1 
15584 46061.4806 51900 4 48 4 C1 
15585 46062.16016 50400 3 49 1 C2 
15586 46062.85566 49200 4 49 3 D1 
15587 46064.14709 53100 5 48 5 C1 
15588 46064.7173 50400 4 49 1 C2 
15589 46065.57561 50400 5 49 2 D1 
15590 46065.78873 49800 1 50 5 B2 
15591 46066.13729 49500 53 48 3 T 
15592 46067.48735 50400 5 49 1 C2 
15593 46068.07841 49500 3 48 3 D1 
15594 46068.27033 58500 2 50 3 B2 
15595 46068.80396 49200 53 48 2 T 
15596 46069.61503 53100 3 48 5 C1 
15597 46070.93673 57300 0 50 4 B2 
15598 46072.17523 53100 4 48 5 C1 
15599 46073.62007 49200 1 50 4 B2 
15600 46074.13734 53100 53 48 5 T 
15601 46074.81372 49500 5 48 3 C1 
15602 46076.24235 51000 4 49 1 D1 
15603 46076.49334 49200 2 50 4 B2 
15604 46077.61077 49500 3 48 3 C1 
15605 46079.16006 49200 0 50 4 B2 
15606 46080.24227 49800 0 50 5 A1 
15607 46081.57552 50400 5 49 1 D1 
15608 46083.1756 50100 1 50 1 A1 
15609 46087.12205 49200 1 50 4 B2 
15610 46088.14717 49500 4 48 3 C1 
15611 46088.24227 49800 2 50 5 A1 
15612 46091.48736 52200 3 49 2 C2 
15613 46091.69802 50700 1 49 1 B1 
15614 46092.27006 53700 2 50 5 B2 
15615 46093.57562 52200 0 50 3 A1 
15616 46094.02157 52200 4 49 2 C2 
15617 46094.93673 53700 0 50 5 B2 
15618 46097.65308 50700 2 49 1 B1 
15619 46099.05431 49200 1 50 4 A1 
15620 46099.95179 50700 0 49 1 B1 
15621 46102.05072 50700 5 49 2 C2 
15622 46102.43511 50700 1 49 1 B1 
15623 46102.54898 50400 2 50 2 A1 
15624 46105.41166 53100 3 49 1 D1 
15625 46105.7647 50700 2 49 1 B1 
15626 46106.04365 50400 0 50 2 A1 
15627 46106.6034 50400 1 50 2 B2 
15628 46108.24047 50700 0 49 1 B1 
15629 46109.56242 50100 1 50 1 A1 
15630 46110.16017 50700 3 49 2 C2 
15631 46110.93673 50400 2 50 2 B2 
15632 46112.82682 50700 4 49 2 C2 
15633 46112.95668 52500 2 50 4 A1 
15634 46112.98808 50400 1 50 2 B1 
15635 46113.63332 52200 4 49 3 D1 
15636 46114.94412 49200 5 48 2 C1 
15637 46115.42565 50700 5 49 2 C2 
15638 46115.45184 52200 2 50 3 B1 
15639 46116.18893 52200 5 49 2 D1 
15640 46117.61512 49200 3 48 2 C1 
15641 46118.32136 50700 0 49 1 B1 
15642 46119.84402 50400 0 50 2 B2 
15643 46120.17504 49200 4 48 2 C1 
15644 46120.71723 50700 3 49 2 C2 
15645 46121.63334 49800 3 49 2 D1 
15646 46122.1166 50400 1 50 2 B2 
15647 46122.89462 49200 5 48 2 C1 
15648 46123.38397 50700 4 49 2 C2 
15649 46126.02156 50700 5 49 2 C2 
15650 46126.9534 50400 2 50 2 B2 
15651 46128.22874 51900 3 48 4 C1 
15652 46129.62006 50400 0 50 2 B2 
15653 46132.27006 54000 1 50 2 B2 
15654 46133.61087 49200 4 48 2 C1 
15655 46136.1473 49200 5 48 2 C1 
15656 46137.52227 50400 4 49 2 D1 
15657 46137.78873 58800 2 50 4 B2 
15658 46138.94424 51900 3 48 4 C1 
15659 46144.1472 51900 4 48 4 C1 
15660 46145.52218 49800 5 49 2 D1 
15661 46145.62006 49800 0 50 5 B2 
15662 46148.28672 49800 1 50 5 B2 
15663 46150.15415 54600 3 49 2 C2 
15664 46150.32136 59700 1 49 3 B1 
15665 46151.16005 49800 2 50 5 B2 
15666 46152.14716 51900 5 48 4 C1 
15667 46152.78516 53100 2 49 1 B1 
15668 46152.82676 54000 4 49 2 C2 
15669 46155.35489 49800 5 49 1 C2 
15670 46155.65469 53100 0 49 1 B1 
15671 46156.24226 50700 3 49 1 D1 
15672 46161.50047 53100 1 49 1 B1 
15673 46164.42303 51000 2 49 2 B1 
15674 46165.26173 50100 0 50 1 B2 
15675 46166.76587 50100 0 50 1 B1 
15676 46167.79544 52500 1 50 4 B2 
15677 46169.25143 53700 1 49 2 B1 
15678 46171.35494 52200 3 49 2 C2 
15679 46171.6913 53700 2 49 2 B1 
15680 46172.07836 50700 4 49 2 D1 
15681 46174.05057 49800 4 49 1 C2 
15682 46174.96668 49800 5 49 1 D1 
15683 46176.68816 52200 5 49 2 C2 
15684 46176.76475 52500 0 50 4 B1 
15685 46177.41171 50700 3 49 1 D1 
15686 46178.94838 57000 3 48 1 C1 
15687 46179.49348 52200 3 49 2 C2 
15688 46180.4554 52500 2 50 4 B2 
15689 46182.05059 52200 4 49 2 C2 
15690 46183.82502 52500 0 50 4 B2 
15691 46187.48739 52200 5 49 2 C2 
15692 46188.34779 49200 1 49 3 B1 
15693 46188.4554 52500 1 50 4 B2 
15694 46190.42996 50700 3 49 2 C2 
15695 46190.95334 52200 2 50 3 B2 
15696 46192.17505 55800 4 48 3 C1 
15697 46193.62006 52500 0 50 4 B2 
15698 46194.94414 57300 5 48 2 C1 
15699 46196.4934 52200 1 50 3 B2 
15700 46198.9667 54900 4 49 1 D1 
15701 46199.12206 50400 2 50 2 B2 
15702 46201.60364 52200 0 50 3 B2 
15703 46202.94844 54600 3 48 2 C1 
15704 46203.43136 51000 2 49 2 B1 
15705 46204.45539 50400 1 50 2 B2 
15706 46206.16025 54300 4 49 1 C2 
15707 46208.27751 59400 4 48 5 C1 
15708 46208.8208 51000 5 49 1 C2 
15709 46209.63321 50700 5 49 2 D1 
15710 46209.75641 52200 0 49 3 B1 
15711 46212.19829 51000 1 49 2 B1 
15712 46215.81148 49800 2 50 5 B2 
15713 46216.71726 53400 3 49 1 C2 
15714 46216.95008 51000 2 49 2 B1 
15715 46220.3387 52200 0 49 3 B1 
15716 46222.60877 51000 1 49 2 B1 
15717 46225.05326 51000 2 49 2 B1 
15718 46227.48735 51000 4 49 1 C2 
15719 46230.15411 51000 5 49 1 C2 
15720 46230.9534 55800 0 50 3 B2 
15721 46232.68815 51000 3 49 1 C2 
15722 46235.35481 51000 4 49 1 C2 
15723 46235.44803 51000 0 49 2 B1 
15724 46235.57058 49500 5 48 3 C1 
15725 46240.71734 51000 5 49 1 C2 
15726 46241.44398 50700 1 49 1 B1 
15727 46244.4934 50100 1 50 1 B2 
15728 46248.82681 51000 3 49 1 C2 
15729 46249.60366 50100 2 50 1 B2 
15730 46252.4934 54000 0 50 1 B2 
15731 46255.12201 50100 1 50 1 B2 
15732 46257.82672 50100 2 50 1 B2 
15733 46258.77973 49500 3 48 3 C1 
15734 46260.29047 50100 0 50 1 B2 
15735 46265.82673 50100 1 50 1 B2 
15736 46270.05073 50400 4 49 2 C2 
15737 46272.68814 50400 5 49 2 C2 
15738 46275.09886 50700 3 49 2 C2 
15739 46280.82672 50400 4 49 2 C2 
15740 46281.67681 49200 4 48 2 C1 
15741 46283.49354 54900 5 49 1 C2 
15742 46286.154 50400 3 49 2 C2 
15743 46288.82067 50400 4 49 2 C2 
15744 46294.02152 54900 5 49 1 C2 
15745 46295.2258 49800 2 50 5 B2 
15746 46296.95003 52200 2 49 3 B1 
15747 46299.38398 54900 3 49 1 C2 
15748 46304.97207 49200 5 48 2 C1 
15749 46306.47134 51000 0 49 2 B1 
15750 46318.42416 49800 4 49 1 C2 
15751 46326.05073 49800 5 49 2 C2 
15752 46328.82068 49800 3 49 2 C2 
15753 46331.35489 49800 4 49 2 C2 
15754 46332.56129 52500 0 50 4 B2 
15755 46334.0507 50400 5 49 2 C2 
15756 46342.05063 50400 3 49 2 C2 
15757 46344.82681 49800 4 49 2 C2 
15758 46347.49348 49800 5 49 2 C2 
15759 46350.05055 49800 3 49 2 C2 
15760 46352.6882 50400 4 49 2 C2 
15761 46355.48741 49800 5 49 2 C2 
15762 46377.75708 52500 53 50 4 T 
15763 46379.51382 51000 3 49 1 C2 
15764 46382.85901 52500 53 50 4 T 
15765 46388.19227 52500 53 50 4 T 
15766 46393.28134 52500 53 50 4 T 
15767 46398.15708 52200 53 49 3 T 
15768 46402.28882 50100 1 50 1 B2 
15769 46403.48737 49800 4 49 2 C2 
15770 46404.41599 52200 53 49 3 T 
15771 46406.02147 49800 5 49 2 C2 
15772 46408.59227 52200 53 50 3 T 
15773 46409.56277 52200 1 49 3 B1 
15774 46413.68134 52200 53 50 3 T 
15775 46419.5678 50400 3 49 2 C2 
15776 46420.25713 52200 53 49 3 T 
15777 46422.10846 52200 53 49 2 T 
15778 46423.25276 52200 53 49 2 T 
15779 46426.41846 52200 53 50 3 T 
15780 46427.40903 52200 53 49 2 T 
15781 46429.49262 52500 53 50 4 T 
15782 46432.49919 52200 53 49 2 T 
15783 46437.38804 52200 53 49 2 T 
15784 46441.49379 53400 4 49 1 C2 
15785 46465.56247 52200 53 49 2 T 
15786 46473.52445 52200 53 49 3 T 
15787 46484.00578 52500 53 50 4 T 
15788 46526.67246 52200 53 49 2 T 
15789 46542.68911 52500 53 50 4 T 
15790 46579.31856 52200 53 49 2 T 
15791 46581.98527 49800 53 49 2 T 
15792 46584.65205 54900 53 49 1 T 
15793 46592.65196 53400 53 49 1 T 
15794 46597.9852 49800 53 50 5 T 
15795 46603.31861 53700 53 50 5 T 
15796 46605.98511 50100 53 50 1 T 
15797 46606.85778 52200 53 50 3 T 
15798 46608.65201 52500 53 50 4 T 
15799 46628.29803 51000 2 49 2 B1 
15800 46631.00541 51000 0 49 2 B1 
15801 46635.69808 51000 1 49 2 B1 
15802 46638.13819 51000 2 49 2 B1 
15803 46641.52212 51900 3 48 4 D1 
15804 46643.35494 54900 5 49 1 C2 
15805 46646.16011 50400 3 49 1 C2 
15806 46646.32142 53100 0 49 1 B1 
15807 46646.90882 53400 4 48 1 D1 
15808 46648.71728 49800 4 49 2 C2 
15809 46651.43136 53100 1 49 1 B1 
15810 46651.48748 54900 5 49 1 C2 
15811 46653.27002 54000 2 50 1 B2 
15812 46654.90893 52200 5 49 3 D1 
15813 46655.87128 53700 0 50 5 B2 
15814 46656.17512 53400 3 48 1 C1 
15815 46656.71732 56400 3 49 2 C2 
15816 46656.98803 53100 2 49 1 B1 
15817 46658.13335 54000 1 50 1 B2 
15818 46658.13759 53700 53 49 2 T 
15819 46658.84168 51900 4 48 4 C1 
15820 46659.35491 49800 4 49 2 C2 
15821 46659.65474 49800 0 50 5 B1 
15822 46660.29991 53100 3 48 5 D1 
15823 46661.48034 51900 5 48 4 C1 
15824 46662.11851 50100 1 50 1 B1 
15825 46662.16014 49800 5 49 2 C2 
15826 46664.28168 51900 3 48 4 C1 
15827 46664.68803 54900 3 49 1 C2 
15828 46664.95003 53100 2 49 1 B1 
15829 46665.6034 49800 2 50 5 B2 
15830 46666.94844 53400 4 48 1 C1 
15831 46668.27007 49800 0 50 5 B2 
15832 46668.80399 51900 53 48 4 T 
15833 46669.61523 53400 5 48 1 C1 
15834 46670.15405 49800 4 49 2 C2 
15835 46671.12207 49800 1 50 5 B2 
15836 46672.17498 51900 3 48 4 C1 
15837 46672.82679 49800 5 49 2 C2 
15838 46673.57562 52200 4 49 2 D1 
15839 46673.62007 50100 2 50 1 B2 
15840 46674.94837 57000 4 48 1 C1 
15841 46676.07837 52200 5 49 2 D1 
15842 46676.49334 50100 0 50 1 B2 
15843 46676.80395 49200 53 48 2 T 
15844 46677.50842 54600 5 48 2 C1 
15845 46678.19928 52200 0 50 3 A1 
15846 46678.74513 53400 3 49 1 D1 
15847 46678.94605 57600 1 50 5 B2 
15848 46680.28166 57600 3 48 3 C1 
15849 46681.60373 50100 2 50 1 B2 
15850 46682.81377 51900 4 48 4 C1 
15851 46684.45538 50100 0 50 1 B2 
15852 46685.61098 51900 5 48 4 C1 
15853 46686.04907 52500 1 50 4 A1 
15854 46686.32141 51000 0 49 2 B1 
15855 46687.16006 49800 1 50 5 B2 
15856 46688.9904 50400 2 50 2 A1 
15857 46689.65303 51000 1 49 2 B1 
15858 46691.96414 50100 0 50 1 A1 
15859 46694.96475 51000 2 49 2 B1 
15860 46698.33214 49800 1 50 5 A1 
15861 46704.82078 50400 3 49 1 C2 
15862 46704.95002 51000 0 49 2 B1 
15863 46706.59502 52500 2 50 4 B2 
15864 46707.53262 53700 2 50 5 A1 
15865 46708.29998 53700 4 49 2 D1 
15866 46710.02156 50400 4 49 1 C2 
15867 46710.32136 51000 1 49 2 B1 
15868 46711.82506 52500 0 50 4 B2 
15869 46712.77407 51000 2 49 2 B1 
15870 46712.82061 50400 5 49 1 C2 
15871 46714.10806 52500 1 50 4 B2 
15872 46715.35486 50400 3 49 1 C2 
15873 46716.18893 50700 5 49 1 D1 
15874 46718.09803 51000 0 49 2 B1 
15875 46718.16022 52200 4 49 2 C2 
15876 46718.72946 53400 53 48 1 T 
15877 46720.71731 50400 5 49 1 C2 
15878 46720.78137 51000 1 49 2 B1 
15879 46721.62006 52500 2 50 4 B2 
15880 46723.48743 50400 3 49 1 C2 
15881 46723.61675 52500 2 50 4 B1 
15882 46724.4934 52500 0 50 4 B2 
15883 46725.48051 53100 3 48 5 C1 
15884 46727.12207 52500 1 50 4 B2 
15885 46728.17502 53100 4 48 5 C1 
15886 46731.37194 50400 4 49 1 C2 
15887 46732.24224 50400 3 49 1 D1 
15888 46733.48042 53100 5 48 5 C1 
15889 46734.90887 50700 4 49 2 D1 
15890 46736.27747 53100 3 48 5 C1 
15891 46737.57563 50700 5 49 2 D1 
15892 46737.62006 53700 2 50 5 B2 
15893 46738.84175 56400 4 48 5 C1 
15894 46740.18904 50400 3 49 1 D1 
15895 46740.28672 53700 0 50 5 B2 
15896 46742.09807 52200 0 49 3 B1 
15897 46742.93668 54000 1 50 2 B2 
15898 46745.82672 54000 2 50 2 B2 
15899 46748.27939 52500 0 50 4 B2 
15900 46748.31975 50700 1 49 1 B1 
15901 46751.09803 50700 2 49 1 B1 
15902 46752.68815 50400 5 49 2 C2 
15903 46760.82689 50400 3 49 2 C2 
15904 46766.11475 52200 0 49 3 B1 
15905 46766.16005 52200 4 49 2 C2 
15906 46766.74499 51000 4 49 2 D1 
15907 46766.93673 57600 1 50 2 B2 
15908 46768.71736 50400 5 49 2 C2 
15909 46768.95004 52200 1 49 3 B1 
15910 46770.51068 52200 2 50 3 B2 
15911 46771.44803 52200 2 49 3 B1 
15912 46771.48733 52200 3 49 2 C2 
15913 46773.27006 52200 0 50 3 B2 
15914 46774.09803 52200 0 49 3 B1 
15915 46774.96666 51000 5 49 2 D1 
15916 46775.82605 50400 1 50 2 B2 
15917 46777.03136 54600 1 49 3 B1 
15918 46778.06486 50400 2 50 2 B2 
15919 46779.4387 52200 4 49 2 C2 
15920 46779.65475 52200 2 50 3 B1 
15921 46784.71733 52200 5 49 2 C2 
15922 46785.52225 50400 3 49 2 D1 
15923 46785.78874 50400 0 50 2 B2 
15924 46787.35484 52200 3 49 2 C2 
15925 46788.27033 50400 1 50 2 B2 
15926 46790.85554 51000 4 49 1 D1 
15927 46793.60338 50400 2 50 2 B2 
15928 46793.63341 50400 5 49 2 D1 
15929 46798.02151 52200 4 49 2 C2 
15930 46798.11474 50700 0 49 1 B1 
15931 46801.78873 57600 0 50 1 B2 
15932 46804.18897 51000 3 49 1 D1 
15933 46804.28668 50400 1 50 2 B2 
15934 46806.95339 50400 2 50 2 B2 
15935 46808.82066 54300 5 49 1 C2 
15936 46809.75637 50700 1 49 1 B1 
15937 46812.43141 56400 2 49 1 B1 
15938 46824.7174 49800 3 49 1 C2 
15939 46827.49344 50400 4 49 2 C2 
15940 46827.6547 50700 0 49 1 B1 
15941 46830.16016 50400 5 49 2 C2 
15942 46830.28336 50700 1 49 1 B1 
15943 46832.71718 59100 3 49 2 C2 
15944 46832.78136 50700 2 49 1 B1 
15945 46833.41164 53100 4 49 1 D1 
15946 46835.35492 54300 4 49 1 C2 
15947 46835.61675 50700 0 49 1 B1 
15948 46838.02153 50400 5 49 2 C2 
15949 46838.32136 50700 1 49 1 B1 
15950 46840.71737 50400 3 49 2 C2 
15951 46843.48737 50400 4 49 2 C2 
15952 46846.8053 50700 5 49 1 D1 
15953 46849.62005 58800 0 50 4 B2 
15954 46852.4934 52200 1 50 3 B2 
15955 46854.96666 49800 3 49 2 D1 
15956 46859.2582 52200 5 49 2 C2 
15957 46860.49339 52200 2 50 3 B2 
15958 46862.16004 50700 3 49 2 C2 
15959 46862.69492 50400 2 50 2 B1 
15960 46864.31042 54900 4 49 1 D1 
15961 46875.35492 50700 4 49 2 C2 
15962 46880.82079 50700 5 49 2 C2 
15963 46883.3839 50700 3 49 2 C2 
15964 46884.54772 52500 0 50 4 B2 
15965 46884.96563 52500 0 50 4 A1 
15966 46886.05059 54600 4 49 2 C2 
15967 46886.28336 53700 0 49 2 B1 
15968 46888.68811 50700 5 49 2 C2 
15969 46888.98803 53700 1 49 2 B1 
15970 46891.14465 50400 3 49 1 C2 
15971 46896.82066 60300 4 49 2 C2 
15972 46896.98808 53700 2 49 2 B1 
15973 46902.02162 54000 5 49 2 C2 
15974 46904.52786 50400 1 50 2 A1 
15975 46904.82683 54000 3 49 2 C2 
15976 46918.16011 60600 4 49 1 C2 
15977 46920.71724 51000 5 49 1 C2 
15978 46936.82079 51000 3 49 1 C2 
15979 46939.32481 52200 4 49 2 C2 
15980 46941.79291 51000 5 49 1 C2 
15981 46944.68813 51000 3 49 1 C2 
15982 46947.35482 51000 4 49 1 C2 
15983 46950.15389 51000 5 49 1 C2 
15984 46954.28526 50400 1 50 2 B2 
15985 46955.4935 50700 3 49 2 C2 
15986 46960.82083 50700 4 49 2 C2 
15987 46963.38395 50700 5 49 2 C2 
15988 46971.38399 50700 3 49 2 C2 
15989 46977.75708 53100 53 49 1 T 
15990 46979.3548 53400 4 49 1 C2 
15991 46982.85901 53100 53 49 1 T 
15992 46987.38407 53400 5 49 1 C2 
15993 46988.19227 56100 53 48 4 T 
15994 46993.28134 56100 53 48 4 T 
15995 46998.15708 55800 53 48 3 T 
15996 46998.16002 60000 3 49 1 C2 
15997 47003.25901 55800 53 48 3 T 
15998 47003.49357 57900 4 49 1 C2 
15999 47006.15401 51000 5 49 1 C2 
16000 47008.59227 55800 53 50 3 T 
16001 47008.82065 51000 3 49 1 C2 
16002 47011.51373 50400 4 49 2 C2 
16003 47013.68134 55800 53 50 3 T 
16004 47014.49295 51000 5 49 1 C2 
16005 47018.55708 53100 53 48 5 T 
16006 47019.384 51000 3 49 1 C2 
16007 47022.02151 51000 4 49 1 C2 
16008 47022.10846 55800 53 49 2 T 
16009 47023.65901 53100 53 48 5 T 
16010 47024.82687 51000 5 49 1 C2 
16011 47025.59067 53100 53 49 1 T 
16012 47033.59067 53100 53 48 5 T 
16013 47070.02153 53400 3 49 1 C2 
16014 47073.56245 55800 53 50 3 T 
16015 47076.22912 53100 53 49 1 T 
16016 47089.56245 55800 53 48 3 T 
16017 47184.65189 54300 53 49 1 T 
16018 47187.3186 52200 53 49 2 T 
16019 47189.98537 54900 53 49 1 T 
16020 47192.65192 54000 53 50 2 T 
16021 47196.07498 56100 53 48 4 T 
16022 47200.65175 50400 53 50 2 T 
16023 47201.35578 53100 53 48 5 T 
16024 47203.31858 54000 53 50 1 T 
16025 47205.9854 52500 53 50 4 T 
16026 47213.98522 52200 53 50 3 T 
16027 47228.30382 54000 53 49 2 T 
16028 47231.08975 53100 0 49 1 B1 
16029 47235.31854 50400 53 49 2 T 
16030 47237.98537 50400 53 49 1 T 
16031 47238.09802 53700 1 49 2 B1 
16032 47238.154 50400 4 49 1 C2 
16033 47240.76475 53700 2 49 2 B1 
16034 47244.3387 53100 0 49 1 B1 
16035 47246.0216 50400 5 49 1 C2 
16036 47246.74488 53400 5 48 1 D1 
16037 47247.47071 52200 53 49 3 T 
16038 47248.8268 53400 3 49 1 C2 
16039 47248.95008 53700 1 49 2 B1 
16040 47251.31869 50700 53 49 2 T 
16041 47251.38385 53400 4 49 1 C2 
16042 47252.1889 53100 3 48 5 D1 
16043 47253.26173 54000 2 50 2 B2 
16044 47254.05069 60900 5 49 2 C2 
16045 47254.09803 60600 2 49 1 B1 
16046 47254.90896 50700 4 49 1 D1 
16047 47256.71738 54600 3 49 2 C2 
16048 47256.98803 57000 0 49 2 B1 
16049 47257.63323 51900 5 48 4 D1 
16050 47258.81387 53400 5 48 1 C1 
16051 47259.43877 53400 4 49 1 C2 
16052 47259.44074 52500 1 50 4 B1 
16053 47260.07825 51900 3 48 4 D1 
16054 47261.15835 54000 0 50 2 B2 
16055 47261.50847 53400 3 48 1 C1 
16056 47262.11475 52500 2 50 4 B1 
16057 47264.17501 54600 4 48 2 C1 
16058 47264.7647 53700 0 49 2 B1 
16059 47266.94838 53100 5 48 5 C1 
16060 47267.48734 60600 5 49 1 C2 
16061 47268.0784 54900 4 49 1 D1 
16062 47268.28673 54000 1 50 2 B2 
16063 47269.54899 54600 3 48 2 C1 
16064 47270.74512 54300 5 49 1 D1 
16065 47272.82069 54600 3 49 2 C2 
16066 47273.57566 51000 3 49 2 D1 
16067 47274.84178 53400 4 48 1 C1 
16068 47275.52463 58800 2 50 4 A1 
16069 47276.30011 50400 4 49 2 D1 
16070 47276.4934 52500 2 50 4 B2 
16071 47277.61523 57300 5 48 2 C1 
16072 47278.96661 50400 5 49 1 D1 
16073 47279.12206 52500 0 50 4 B2 
16074 47280.14717 53100 3 48 5 C1 
16075 47280.86597 54000 0 50 2 A1 
16076 47282.94417 53100 4 48 5 C1 
16077 47284.27031 52500 1 50 4 B2 
16078 47284.29264 52200 1 50 3 A1 
16079 47285.61083 53100 5 48 5 C1 
16080 47286.93673 52500 2 50 4 B2 
16081 47287.72436 52500 2 50 4 A1 
16082 47288.14713 53100 3 48 5 C1 
16083 47289.67208 50700 1 49 1 B1 
16084 47289.78868 52500 0 50 4 B2 
16085 47292.03065 50700 53 49 1 T 
16086 47292.03882 53100 2 49 1 B1 
16087 47292.28673 60600 1 50 5 B2 
16088 47294.16011 51000 4 49 1 C2 
16089 47294.29712 57600 0 50 1 A1 
16090 47294.46472 60900 0 49 2 B1 
16091 47297.78234 53700 1 50 5 A1 
16092 47300.71682 52500 2 50 4 A1 
16093 47302.9647 50700 1 49 1 B1 
16094 47303.84406 52200 2 50 3 B2 
16095 47304.82079 51000 5 49 1 C2 
16096 47305.2481 54600 2 49 3 B1 
16097 47307.48508 54000 0 50 1 A1 
16098 47307.76478 53100 0 49 1 B1 
16099 47308.1889 51000 3 49 2 D1 
16100 47310.05059 51000 3 49 1 C2 
16101 47310.22276 53100 1 49 1 B1 
16102 47312.27755 60600 4 48 1 C1 
16103 47312.68825 50400 4 49 1 C2 
16104 47312.7837 52500 2 50 4 B1 
16105 47314.80945 50400 1 50 2 A1 
16106 47315.44803 54600 0 49 3 B1 
16107 47315.49346 51000 5 49 1 C2 
16108 47317.48055 51900 5 48 4 C1 
16109 47318.00364 51000 3 49 1 C2 
16110 47320.14707 51900 3 48 4 C1 
16111 47323.38394 51000 4 49 1 C2 
16112 47324.24221 52200 4 49 2 D1 
16113 47324.28673 50400 0 50 2 B2 
16114 47325.61077 51900 4 48 4 C1 
16115 47327.12207 53700 1 50 5 B2 
16116 47328.1472 57000 5 48 1 C1 
16117 47328.8268 50400 5 49 1 C2 
16118 47329.82672 58500 2 50 3 B2 
16119 47330.94412 51900 3 48 4 C1 
16120 47331.49346 50400 3 49 1 C2 
16121 47332.07827 50700 5 49 2 D1 
16122 47332.27941 58800 0 50 4 B2 
16123 47333.61505 51900 4 48 4 C1 
16124 47334.90894 54000 3 49 2 D1 
16125 47334.9534 60900 1 50 1 B2 
16126 47336.28184 51900 5 48 4 C1 
16127 47337.41175 52200 4 49 2 D1 
16128 47338.60335 52200 2 50 3 B2 
16129 47338.84192 51900 3 48 4 C1 
16130 47340.18898 52200 5 49 3 D1 
16131 47340.29808 52200 1 49 3 B1 
16132 47341.17244 53700 0 50 5 B2 
16133 47343.7142 50400 1 50 2 B2 
16134 47344.28179 51900 4 48 4 C1 
16135 47344.71725 54900 4 49 1 C2 
16136 47344.95002 52200 2 49 3 B1 
16137 47345.94679 50400 2 50 2 B2 
16138 47346.94424 51900 5 48 4 C1 
16139 47348.51861 50400 0 50 2 B2 
16140 47351.12207 53700 1 50 5 B2 
16141 47358.1602 54900 5 49 1 C2 
16142 47358.28336 50700 0 49 1 B1 
16143 47358.96665 53700 3 49 2 D1 
16144 47363.95174 52200 1 49 3 B1 
16145 47366.02151 51000 3 49 1 C2 
16146 47368.78136 50700 2 49 1 B1 
16147 47368.82076 54900 4 49 1 C2 
16148 47371.4874 51000 5 49 1 C2 
16149 47371.65474 52200 0 49 3 B1 
16150 47374.05065 51000 3 49 1 C2 
16151 47374.28342 53700 1 50 5 B1 
16152 47376.8206 54900 4 49 1 C2 
16153 47379.35483 54900 5 49 1 C2 
16154 47382.32141 52200 2 50 3 B1 
16155 47382.90879 51000 4 49 1 D1 
16156 47384.71733 51000 3 49 1 C2 
16157 47385.62006 57300 2 50 4 B2 
16158 47388.18896 51000 5 49 1 D1 
16159 47388.28674 54000 0 50 1 B2 
16160 47390.05064 51000 4 49 1 C2 
16161 47392.28171 55800 3 48 3 C1 
16162 47393.63331 53100 3 49 1 D1 
16163 47396.27006 54000 1 50 1 B2 
16164 47398.02148 52200 5 49 2 C2 
16165 47399.12206 52200 2 50 3 B2 
16166 47400.28175 59400 4 48 5 C1 
16167 47401.78873 52200 0 50 3 B2 
16168 47403.69802 51000 0 49 2 B1 
16169 47404.27031 52200 1 50 3 B2 
16170 47406.05074 54000 3 49 2 C2 
16171 47408.98808 51000 1 49 2 B1 
16172 47412.27001 55800 2 50 3 B2 
16173 47412.43136 51000 2 49 2 B1 
16174 47416.88543 53400 4 49 1 C2 
16175 47419.80851 54000 5 49 2 C2 
16176 47422.12277 50400 3 49 2 C2 
16177 47422.55328 53400 5 48 1 C1 
16178 47424.82069 50400 4 49 2 C2 
16179 47424.98803 51000 0 49 2 B1 
16180 47425.89874 52500 0 50 4 B2 
16181 47427.49353 50400 5 49 2 C2 
16182 47427.6167 52200 1 49 3 B1 
16183 47430.09833 51000 2 49 2 B1 
16184 47430.16001 54000 3 49 2 C2 
16185 47438.02151 54900 4 49 1 C2 
16186 47440.82061 50400 5 49 2 C2 
16187 47446.02149 50400 3 49 2 C2 
16188 47448.82064 52200 4 49 2 C2 
16189 47448.83793 52500 1 50 4 B2 
16190 47456.98802 51000 0 49 2 B1 
16191 47462.02157 52200 5 49 2 C2 
16192 47462.09808 51000 1 49 2 B1 
16193 47468.46943 50400 2 50 2 B1 
16194 47471.19086 52500 2 50 4 B2 
16195 47472.76469 51000 0 49 2 B1 
16196 47472.97234 56100 3 48 4 C1 
16197 47475.38404 52200 3 49 2 C2 
16198 47477.77404 51000 4 49 1 C2 
16199 47480.21971 52200 5 49 2 C2 
16200 47482.64144 52200 3 49 2 C2 
16201 47485.0595 52200 4 49 2 C2 
16202 47486.11474 51000 1 49 2 B1 
16203 47487.54017 52200 5 49 2 C2 
16204 47488.98803 51000 2 49 2 B1 
16205 47491.4407 51000 0 49 2 B1 
16206 47497.71468 50700 1 49 1 B1 
16207 47499.81932 52200 3 49 2 C2 
16208 47502.48601 52200 4 49 2 C2 
16209 47505.1588 52200 5 49 2 C2 
16210 47520.47759 52200 2 49 3 B1 
16211 47537.08238 50700 3 49 2 C2 
16212 47538.30418 54000 0 50 1 B2 
16213 47542.3536 50700 4 49 2 C2 
16214 47543.06772 51000 0 49 2 B1 
16215 47545.02023 54300 5 49 1 C2 
16216 47553.15884 50700 3 49 2 C2 
16217 47555.82547 50700 4 49 2 C2 
16218 47565.65525 59700 1 49 3 B1 
16219 47577.99227 56400 53 48 5 T 
16220 47583.08134 56400 53 48 5 T 
16221 47585.47322 53400 4 49 1 D1 
16222 47587.95708 56400 53 49 1 T 
16223 47593.05901 56400 53 49 1 T 
16224 47598.39227 53400 53 48 1 T 
16225 47603.48134 53400 53 48 1 T 
16226 47608.35708 53700 53 50 5 T 
16227 47613.45901 53700 53 50 5 T 
16228 47617.53617 53400 53 48 1 T 
16229 47618.79227 53700 53 49 2 T 
16230 47622.30902 56400 53 49 1 T 
16231 47623.88134 53700 53 49 2 T 
16232 47625.59098 53700 53 50 5 T 
16233 47627.39919 56400 53 49 2 T 
16234 47628.58675 53400 53 49 1 T 
16235 47631.752 53700 53 49 2 T 
16236 47632.28805 56400 53 49 2 T 
16237 47637.40844 53400 53 49 1 T 
16238 47642.70899 53400 53 49 1 T 
16239 47668.02247 53400 53 49 1 T 
16240 47681.33911 53700 53 50 5 T 
16241 47684.00578 53700 53 49 2 T 
16242 47686.85778 53400 53 48 1 T 
16243 47689.65752 50700 5 49 2 C2 
16244 47711.59289 54300 3 49 1 C2 
16245 47729.52447 56400 53 49 2 T 
16246 47732.02245 56400 53 49 1 T 
16247 47733.4254 54300 4 49 1 C2 
16248 47742.89579 56400 53 48 5 T 
16249 47784.65199 51000 53 49 1 T 
16250 47787.31863 54900 53 49 1 T 
16251 47789.98523 54600 53 49 2 T 
16252 47792.65204 52200 53 49 2 T 
16253 47800.65195 52500 53 50 4 T 
16254 47833.76474 52200 2 49 3 B1 
16255 47835.8195 54900 5 49 1 C2 
16256 47838.49212 54900 3 49 1 C2 
16257 47840.95008 52200 0 49 3 B1 
16258 47843.43161 52200 1 49 3 B1 
16259 47844.07822 51900 5 48 4 D1 
16260 47849.15263 54300 4 49 1 C2 
16261 47850.59502 52500 1 50 4 B2 
16262 47852.07821 53400 3 48 1 D1 
16263 47854.11475 52200 2 49 3 B1 
16264 47854.48617 60300 5 49 2 C2 
16265 47854.9667 53100 4 48 5 D1 
16266 47855.4707 54600 53 49 3 T 
16267 47855.82506 52500 2 50 4 B2 
16268 47856.98808 53700 0 50 5 B1 
16269 47857.0202 54300 3 49 1 C2 
16270 47857.57546 54600 5 48 2 D1 
16271 47858.13759 53100 53 49 1 T 
16272 47858.94422 53400 4 48 1 C1 
16273 47859.4518 52200 1 49 3 B1 
16274 47859.81951 54900 4 49 1 C2 
16275 47860.24213 51900 3 48 4 D1 
16276 47860.4934 52500 0 50 4 B2 
16277 47860.80407 51000 53 49 2 T 
16278 47861.61503 53400 5 48 1 C1 
16279 47862.38269 61500 5 49 1 C2 
16280 47862.96673 54000 4 49 2 D1 
16281 47863.12206 52500 1 50 4 B2 
16282 47864.2775 53100 3 48 5 C1 
16283 47864.78137 52200 2 49 3 B1 
16284 47865.04933 54300 3 49 1 C2 
16285 47865.41172 54600 5 49 3 D1 
16286 47865.82673 52500 2 50 4 B2 
16287 47866.9443 53400 4 48 1 C1 
16288 47867.43141 52500 0 50 4 B1 
16289 47867.6869 54300 4 49 1 C2 
16290 47868.07841 52200 3 49 3 D1 
16291 47868.80391 53100 53 48 5 T 
16292 47871.12207 53700 0 50 5 B2 
16293 47872.82153 52200 2 50 3 A1 
16294 47873.57563 52200 4 49 2 D1 
16295 47874.13732 54600 53 48 2 T 
16296 47874.81393 53100 5 48 5 C1 
16297 47875.76172 52200 0 50 3 A1 
16298 47876.30011 54600 5 49 2 D1 
16299 47876.4934 53700 1 50 5 B2 
16300 47877.4804 53100 3 48 5 C1 
16301 47878.95715 53700 2 50 5 B2 
16302 47880.17511 53100 4 48 5 C1 
16303 47882.81671 53100 5 48 5 C1 
16304 47884.28668 53700 0 50 5 B2 
16305 47884.42308 54600 1 49 3 B1 
16306 47886.15177 52500 1 50 4 A1 
16307 47887.16006 58800 1 50 4 B2 
16308 47888.1501 57600 3 48 3 C1 
16309 47889.0851 54000 2 50 1 A1 
16310 47889.67203 54600 2 49 3 B1 
16311 47889.82672 57600 2 50 2 B2 
16312 47891.71598 52200 5 49 2 C2 
16313 47892.02788 53700 0 50 5 A1 
16314 47894.11469 53700 0 49 2 B1 
16315 47894.49225 52200 3 49 2 C2 
16316 47895.54666 54000 1 50 2 A1 
16317 47897.03141 53700 1 49 2 B1 
16318 47899.82543 52200 4 49 2 C2 
16319 47905.01229 52500 2 50 4 A1 
16320 47911.84402 54000 0 50 2 B2 
16321 47912.17504 51900 4 48 4 C1 
16322 47912.95004 53700 2 49 2 B1 
16323 47913.15269 54900 5 49 1 C2 
16324 47914.6034 61200 1 50 2 B2 
16325 47914.84177 51900 5 48 4 C1 
16326 47915.43167 52500 0 50 4 B1 
16327 47915.82558 54900 3 49 1 C2 
16328 47916.07834 54300 3 49 1 D1 
16329 47917.158 57600 2 50 1 B2 
16330 47917.61519 51900 3 48 4 C1 
16331 47918.11475 52500 1 50 4 B1 
16332 47918.41582 52200 4 49 2 C2 
16333 47918.90893 52200 4 49 3 D1 
16334 47919.48391 54000 0 50 2 B2 
16335 47920.28173 51900 4 48 4 C1 
16336 47920.95003 53700 2 49 2 B1 
16337 47921.57554 53100 5 49 1 D1 
16338 47922.05291 54000 1 50 2 B2 
16339 47922.94845 51900 5 48 4 C1 
16340 47923.81938 54900 5 49 1 C2 
16341 47924.18895 53400 3 49 1 D1 
16342 47929.02021 54900 3 49 1 C2 
16343 47930.94427 51900 3 48 4 C1 
16344 47931.68687 54900 4 49 1 C2 
16345 47933.48041 51900 4 48 4 C1 
16346 47935.12206 52500 2 50 4 B2 
16347 47936.14711 59400 5 48 4 C1 
16348 47937.60366 52500 0 50 4 B2 
16349 47938.81381 55800 3 48 3 C1 
16350 47940.29991 52200 4 49 2 D1 
16351 47940.4934 52500 1 50 4 B2 
16352 47941.61079 51900 4 48 4 C1 
16353 47943.00541 53100 0 49 1 B1 
16354 47945.29053 53100 1 49 1 B1 
16355 47945.60339 52500 2 50 4 B2 
16356 47946.81382 53400 5 48 1 C1 
16357 47948.27006 52500 0 50 4 B2 
16358 47949.48042 51900 3 48 4 C1 
16359 47950.9647 53100 2 49 1 B1 
16360 47951.12201 52500 1 50 4 B2 
16361 47953.02147 52200 5 49 2 C2 
16362 47953.2647 53100 0 49 1 B1 
16363 47961.04926 52200 3 49 2 C2 
16364 47965.26173 52200 2 50 3 B2 
16365 47966.90889 51000 5 49 1 D1 
16366 47967.79737 52200 0 50 3 B2 
16367 47968.98803 56400 1 49 1 B1 
16368 47969.04942 52200 4 49 2 C2 
16369 47970.34417 52200 1 50 3 B2 
16370 47971.65475 53100 2 49 1 B1 
16371 47971.71608 52200 5 49 2 C2 
16372 47972.18893 53700 3 49 2 D1 
16373 47973.15835 52200 2 50 3 B2 
16374 47974.28341 54000 0 50 2 B1 
16375 47974.49216 52200 3 49 2 C2 
16376 47976.95003 54600 1 49 3 B1 
16377 47979.44809 52500 2 50 4 B1 
16378 47979.81939 52200 4 49 2 C2 
16379 47980.28673 52200 0 50 3 B2 
16380 47982.32137 53100 0 49 1 B1 
16381 47982.48604 52200 5 49 2 C2 
16382 47984.74272 52200 1 49 3 B1 
16383 47985.15277 52200 3 49 2 C2 
16384 47987.82551 52200 4 49 2 C2 
16385 47990.94607 52200 1 50 3 B2 
16386 47993.4116 54900 4 49 1 D1 
16387 47996.28673 52200 2 50 3 B2 
16388 47997.6108 56100 4 48 4 C1 
16389 48000.27754 57000 5 48 1 C1 
16390 48001.62006 54000 0 50 1 B2 
16391 48002.94421 56400 3 48 5 C1 
16392 48003.43141 51000 2 49 2 B1 
16393 48003.68697 54600 5 49 2 C2 
16394 48005.61497 54600 4 48 2 C1 
16395 48006.36469 51000 0 49 2 B1 
16396 48006.48603 54600 3 49 2 C2 
16397 48006.90889 54900 5 49 1 D1 
16398 48007.16001 55800 1 50 3 B2 
16399 48008.06225 53400 5 48 1 C1 
16400 48009.52541 52200 1 49 3 B1 
16401 48009.62381 54000 2 50 1 B2 
16402 48011.25004 54600 3 48 2 C1 
16403 48017.82672 54000 0 50 1 B2 
16404 48019.68678 54000 4 49 2 C2 
16405 48022.09808 51000 2 49 2 B1 
16406 48025.04932 54000 5 49 2 C2 
16407 48027.68696 54600 3 49 2 C2 
16408 48030.05246 60000 4 49 1 C2 
16409 48030.09803 51000 0 49 2 B1 
16410 48032.7647 51000 1 49 2 B1 
16411 48034.93671 60600 5 49 1 C2 
16412 48035.57221 61200 4 48 2 C1 
16413 48035.61675 54000 2 50 1 B1 
16414 48037.40471 52200 3 49 2 C2 
16415 48038.32141 52200 0 50 3 B1 
16416 48039.74071 54000 4 49 2 C2 
16417 48040.98803 51000 1 49 2 B1 
16418 48046.77958 54000 5 49 2 C2 
16419 48047.23674 57600 1 50 5 B2 
16420 48052.41789 53700 2 49 2 B1 
16421 48058.77979 53100 5 48 5 C1 
16422 48068.10686 53400 3 49 1 C2 
16423 48070.7733 53400 4 49 1 C2 
16424 48070.93641 60600 3 49 1 D1 
16425 48073.44614 53400 5 49 1 C2 
16426 48074.85283 52200 0 49 3 B1 
16427 48076.10014 54900 3 49 1 C2 
16428 48078.68984 51000 4 49 1 C2 
16429 48084.00341 51000 5 49 1 C2 
16430 48086.7735 51000 3 49 1 C2 
16431 48088.52263 52500 0 50 4 A1 
16432 48089.30754 51000 4 49 1 C2 
16433 48092.10683 53400 5 49 1 C2 
16434 48097.33672 51000 3 49 1 C2 
16435 48100.00339 51000 4 49 1 C2 
16436 48108.96757 52500 2 50 4 B2 
16437 48110.77635 52200 5 49 2 C2 
16438 48132.45004 52200 4 49 2 D1 
16439 48134.53878 54600 3 48 2 C1 
16440 48137.4463 59100 3 49 2 C2 
16441 48139.97423 53400 4 49 1 C2 
16442 48143.82802 52200 0 50 3 B2 
16443 48147.97425 57900 5 49 1 C2 
16444 48150.6409 56400 3 49 2 C2 
16445 48169.6042 51000 5 49 2 D1 
16446 48177.75708 57000 53 49 2 T 
16447 48182.85901 57000 53 49 2 T 
16448 48187.26024 52200 4 49 2 C2 
16449 48188.19227 54000 53 50 1 T 
16450 48193.28134 54000 53 50 1 T 
16451 48198.15708 57000 53 48 1 T 
16452 48203.25901 57000 53 48 1 T 
16453 48208.59227 57000 53 48 1 T 
16454 48213.68134 57000 53 48 1 T 
16455 48218.55708 57300 53 48 2 T 
16456 48222.29918 54300 53 49 1 T 
16457 48222.86954 54000 53 49 2 T 
16458 48223.65901 57300 53 48 2 T 
16459 48225.82805 54300 53 49 1 T 
16460 48227.18804 54300 53 49 1 T 
16461 48228.99227 57300 53 50 4 T 
16462 48229.03078 54000 53 50 1 T 
16463 48232.07351 54000 53 50 2 T 
16464 48232.30844 54000 53 49 2 T 
16465 48234.08134 57300 53 50 4 T 
16466 48237.60899 54000 53 49 2 T 
16467 48238.95708 54000 53 50 2 T 
16468 48244.05901 54000 53 50 2 T 
16469 48268.19112 57000 53 49 2 T 
16470 48278.89581 54000 53 49 2 T 
16471 48284.00578 57300 53 48 2 T 
16472 48286.68911 54000 53 50 2 T 
16473 48342.85778 54000 53 50 1 T 
16474 48348.02245 57000 53 48 1 T 
16475 48382.74045 54300 53 49 1 T 
16476 48384.65199 53400 53 49 1 T 
16477 48389.98523 54900 53 49 1 T 
16478 48392.65198 52200 53 49 2 T 
16479 48401.52445 57000 53 48 1 T 
16480 48403.31855 53700 53 50 5 T 
16481 48404.22912 57300 53 50 4 T 
16482 48405.98498 52500 53 50 4 T 
16483 48430.96475 52200 1 49 3 B1 
16484 48436.11297 54000 5 49 2 C2 
16485 48441.3367 54000 3 49 2 C2 
16486 48441.65303 57000 2 49 2 B1 
16487 48444.11276 55800 4 49 2 C2 
16488 48446.1147 54600 0 49 3 B1 
16489 48446.7796 60600 5 49 1 C2 
16490 48446.90879 53100 3 48 5 D1 
16491 48448.17512 53400 4 48 1 C1 
16492 48448.7647 54600 1 49 3 B1 
16493 48449.52222 53100 4 48 5 D1 
16494 48450.60335 54000 1 50 1 B2 
16495 48451.44808 54600 2 49 3 B1 
16496 48452.10674 54300 3 49 1 C2 
16497 48452.24217 53400 5 48 1 D1 
16498 48453.5085 53400 5 48 1 C1 
16499 48454.32136 59700 0 49 3 B1 
16500 48456.77407 54000 1 50 2 B1 
16501 48457.44007 54300 4 49 1 C2 
16502 48457.63335 52200 3 49 3 D1 
16503 48458.13759 53700 53 49 2 T 
16504 48458.81386 53400 3 48 1 C1 
16505 48459.65475 53700 2 50 5 B1 
16506 48460.00343 54300 5 49 1 C2 
16507 48460.30008 52200 4 49 3 D1 
16508 48460.4554 54000 2 50 2 B2 
16509 48462.11846 54600 0 49 3 B1 
16510 48462.74507 54600 5 48 2 D1 
16511 48462.77336 54300 3 49 1 C2 
16512 48462.9534 54000 0 50 2 B2 
16513 48464.27747 56400 4 48 5 C1 
16514 48464.78141 60600 1 49 1 B1 
16515 48465.52223 51900 3 48 4 D1 
16516 48465.78873 54000 1 50 2 B2 
16517 48466.13725 51900 53 48 4 T 
16518 48466.84167 57000 5 48 1 C1 
16519 48468.10675 56400 4 49 2 C2 
16520 48468.18908 52200 4 49 2 D1 
16521 48468.27032 58800 2 50 4 B2 
16522 48469.50836 57300 3 48 2 C1 
16523 48470.77342 54300 5 49 1 C2 
16524 48470.96675 53400 5 49 1 D1 
16525 48471.12207 53700 0 50 5 B2 
16526 48472.17518 60600 4 48 1 C1 
16527 48473.62006 54000 1 50 2 B2 
16528 48474.81378 57000 5 48 1 C1 
16529 48476.24226 52200 3 49 2 D1 
16530 48476.27001 53700 2 50 5 B2 
16531 48479.84406 54000 0 50 1 B2 
16532 48481.65308 52200 2 49 3 B1 
16533 48484.18901 52200 4 49 2 D1 
16534 48486.34564 52500 1 50 4 A1 
16535 48486.93672 53700 1 50 5 B2 
16536 48488.2817 54600 3 48 2 C1 
16537 48489.28698 54000 2 50 1 A1 
16538 48489.78872 53700 2 50 5 B2 
16539 48490.94848 54600 4 48 2 C1 
16540 48492.00347 53400 3 49 1 C2 
16541 48492.22831 52200 0 50 3 A1 
16542 48493.61511 54600 5 48 2 C1 
16543 48494.64088 53400 4 49 1 C2 
16544 48495.12206 53700 0 50 5 B2 
16545 48495.20205 52500 1 50 4 A1 
16546 48496.95003 52200 0 49 3 B1 
16547 48498.60461 53700 2 50 5 A1 
16548 48500.43136 52200 1 49 3 B1 
16549 48502.09927 52500 0 50 4 A1 
16550 48502.66993 54600 5 49 2 C2 
16551 48502.89872 52200 2 49 3 B1 
16552 48505.37204 54600 3 49 2 C2 
16553 48505.58449 54000 1 50 2 A1 
16554 48506.81385 53100 3 48 5 C1 
16555 48509.26169 52500 1 50 4 B2 
16556 48509.48052 53100 4 48 5 C1 
16557 48510.28337 52200 0 49 3 B1 
16558 48510.74498 54600 5 49 3 D1 
16559 48510.77955 54000 4 49 2 C2 
16560 48512.2776 51900 5 48 4 C1 
16561 48512.95009 52200 1 49 3 B1 
16562 48513.38432 53400 53 48 1 T 
16563 48513.41169 53100 3 49 1 D1 
16564 48515.43161 52200 2 49 3 B1 
16565 48516.4934 52500 2 50 4 B2 
16566 48518.77955 54000 5 49 2 C2 
16567 48519.12206 52500 0 50 4 B2 
16568 48520.28169 51900 3 48 4 C1 
16569 48520.76501 54000 0 50 1 B1 
16570 48521.30764 54000 3 49 2 C2 
16571 48521.82673 55800 1 50 3 B2 
16572 48523.44808 52500 1 50 4 B1 
16573 48524.07835 54900 4 49 1 D1 
16574 48524.11282 54600 4 49 2 C2 
16575 48524.4554 60900 2 50 1 B2 
16576 48525.48054 55800 4 48 3 C1 
16577 48527.16007 52500 0 50 4 B2 
16578 48528.14726 51900 5 48 4 C1 
16579 48529.44624 60900 5 49 2 C2 
16580 48529.63332 54300 5 49 1 D1 
16581 48530.49173 52500 1 50 4 B2 
16582 48530.94408 51900 3 48 4 C1 
16583 48532.87183 55800 2 50 3 B2 
16584 48533.4804 51900 4 48 4 C1 
16585 48535.40461 61800 0 50 3 B2 
16586 48537.52219 54600 3 49 2 D1 
16587 48537.91675 57300 1 50 4 B2 
16588 48538.84175 53400 5 48 1 C1 
16589 48541.50835 55800 3 48 3 C1 
16590 48546.84172 53400 4 48 1 C1 
16591 48548.30002 54000 4 49 2 D1 
16592 48549.50845 53400 5 48 1 C1 
16593 48553.30766 52200 3 49 2 C2 
16594 48556.0033 52200 4 49 2 C2 
16595 48558.77342 52200 5 49 2 C2 
16596 48559.0897 60900 2 49 2 B1 
16597 48559.16006 54000 2 50 1 B2 
16598 48563.83682 53700 0 49 2 B1 
16599 48566.3198 53700 1 49 2 B1 
16600 48566.67004 53400 3 49 1 C2 
16601 48567.55319 60600 0 50 5 B2 
16602 48568.98808 53700 2 49 2 B1 
16603 48569.30743 52200 4 49 2 C2 
16604 48569.57554 53700 5 49 2 D1 
16605 48571.9743 52200 5 49 2 C2 
16606 48573.61516 59400 3 48 5 C1 
16607 48574.32137 53700 0 49 2 B1 
16608 48574.67004 53400 3 49 1 C2 
16609 48577.03141 53700 1 49 2 B1 
16610 48577.44017 53400 4 49 1 C2 
16611 48577.6034 52500 1 50 4 B2 
16612 48578.84171 53100 4 48 5 C1 
16613 48579.61674 52500 2 50 4 B1 
16614 48580.00331 52200 5 49 2 C2 
16615 48580.4934 52500 2 50 4 B2 
16616 48581.56379 53100 5 48 5 C1 
16617 48583.16006 52500 0 50 4 B2 
16618 48585.61274 52500 1 50 4 B2 
16619 48586.94414 56100 3 48 4 C1 
16620 48588.00339 53400 3 49 1 C2 
16621 48589.61503 56100 4 48 4 C1 
16622 48591.67245 52500 2 50 4 B2 
16623 48594.0675 52500 0 50 4 B2 
16624 48596.51732 52500 1 50 4 B2 
16625 48598.74503 54900 3 49 1 D1 
16626 48599.08975 53100 0 49 1 B1 
16627 48600.14716 53100 5 48 5 C1 
16628 48602.81375 53100 3 48 5 C1 
16629 48605.48045 53100 4 48 5 C1 
16630 48606.93672 52500 2 50 4 B2 
16631 48608.14704 53100 5 48 5 C1 
16632 48612.10686 52200 4 49 2 C2 
16633 48612.27006 52500 0 50 4 B2 
16634 48614.28336 53100 1 49 1 B1 
16635 48619.97426 52200 5 49 2 C2 
16636 48620.04787 53100 2 49 1 B1 
16637 48622.52575 53100 0 49 1 B1 
16638 48622.64086 52200 3 49 2 C2 
16639 48625.00702 53100 1 49 1 B1 
16640 48625.43999 52200 4 49 2 C2 
16641 48627.45406 53100 2 49 1 B1 
16642 48628.11284 52200 5 49 2 C2 
16643 48630.28342 52200 0 50 3 B1 
16644 48630.34203 54600 3 48 2 C1 
16645 48630.77353 52200 3 49 2 C2 
16646 48632.98808 53100 1 49 1 B1 
16647 48633.30755 52200 4 49 2 C2 
16648 48633.62007 52200 1 50 3 B2 
16649 48636.03652 52200 5 49 2 C2 
16650 48636.27007 58500 2 50 3 B2 
16651 48647.16006 52200 0 50 3 B2 
16652 48651.97425 52200 3 49 2 C2 
16653 48652.49338 52200 1 50 3 B2 
16654 48663.16001 52200 2 50 3 B2 
16655 48663.28291 54600 4 49 2 C2 
16656 48665.84345 52200 2 49 3 B1 
16657 48666.31222 52200 2 50 3 A1 
16658 48668.10674 54900 5 49 1 C2 
16659 48668.28673 52200 0 50 3 B2 
16660 48670.66997 54900 3 49 1 C2 
16661 48670.95339 52200 1 50 3 B2 
16662 48676.11296 54900 4 49 1 C2 
16663 48678.77338 54900 5 49 1 C2 
16664 48681.44628 54900 3 49 1 C2 
16665 48683.43136 53100 0 49 1 B1 
16666 48684.00342 54900 4 49 1 C2 
16667 48686.77342 52200 5 49 2 C2 
16668 48688.31079 56400 1 49 1 B1 
16669 48689.44603 54900 3 49 1 C2 
16670 48702.77337 54900 4 49 1 C2 
16671 48709.15368 54000 2 50 1 B2 
16672 48711.23968 53700 2 49 2 B1 
16673 48731.64993 52200 0 50 3 B2 
16674 48733.7585 52500 0 50 4 B1 
16675 48734.31322 53100 4 48 5 C1 
16676 48734.70309 54900 5 49 1 C2 
16677 48745.44619 54900 3 49 1 C2 
16678 48753.85807 52200 1 50 3 B2 
16679 48761.50435 53100 4 49 1 D1 
16680 48765.25393 53100 1 49 1 B1 
16681 48777.99227 57600 53 48 3 T 
16682 48783.08134 57600 53 48 3 T 
16683 48787.95708 57600 53 50 5 T 
16684 48793.05901 57600 53 50 5 T 
16685 48793.73213 52200 4 49 2 C2 
16686 48798.39227 54600 53 48 2 T 
16687 48803.48134 54600 53 48 2 T 
16688 48808.35708 57600 53 50 2 T 
16689 48813.45901 57600 53 50 2 T 
16690 48817.53617 54600 53 48 2 T 
16691 48818.79227 57600 53 50 1 T 
16692 48822.29918 54600 53 49 2 T 
16693 48822.92421 54600 53 49 3 T 
16694 48823.88134 57600 53 50 1 T 
16695 48827.18804 54600 53 49 2 T 
16696 48828.75708 57600 53 50 1 T 
16697 48830.86939 54900 53 49 1 T 
16698 48832.30844 54900 53 49 1 T 
16699 48833.84325 54600 53 49 2 T 
16700 48833.85901 54600 53 49 3 T 
16701 48837.60899 54900 53 49 1 T 
16702 48839.19227 54600 53 49 3 T 
16703 48842.6992 54900 53 49 1 T 
16704 48847.58807 54900 53 49 1 T 
16705 48852.70844 54900 53 49 1 T 
16706 48858.00901 54900 53 49 1 T 
16707 48862.80621 54900 5 49 1 C2 
16708 48863.09919 54900 53 49 1 T 
16709 48867.98806 57900 53 49 1 T 
16710 48870.67245 57600 53 50 5 T 
16711 48873.10846 57900 53 49 1 T 
16712 48873.3558 57900 53 49 1 T 
16713 48876.22912 54600 53 49 3 T 
16714 48884.22912 54600 53 48 2 T 
16715 48892.37612 54900 3 49 1 C2 
16716 48921.35578 57600 53 50 1 T 
16717 48929.52447 54600 53 49 2 T 
16718 48932.00578 57600 53 48 3 T 
16719 48973.98526 54300 53 49 1 T 
16720 48977.52445 57600 53 50 2 T 
16721 48979.31867 54900 53 49 1 T 
16722 48981.98534 52200 53 49 2 T 
16723 48988.22914 54900 53 49 1 T 
16724 48995.31858 54000 53 50 2 T 
16725 49000.65175 54000 53 50 1 T 
16726 49003.31873 52200 53 50 3 T 
16727 49005.98532 54000 53 49 2 T 
16728 49011.31856 52500 53 50 4 T 
16729 49033.67208 53100 2 49 1 B1 
16730 49036.00345 53400 4 49 1 C2 
16731 49036.29803 53100 0 49 1 B1 
16732 49038.67246 54900 53 49 1 T 
16733 49038.85547 53100 5 48 5 D1 
16734 49041.57561 53100 3 48 5 D1 
16735 49043.44803 54600 1 49 3 B1 
16736 49044.00323 54600 5 49 2 C2 
16737 49044.29989 56100 4 48 4 D1 
16738 49044.33145 55800 53 50 3 T 
16739 49046.77952 54600 3 49 2 C2 
16740 49047.9284 53700 2 50 5 B2 
16741 49048.80486 54600 2 49 3 B1 
16742 49049.30749 53400 4 49 1 C2 
16743 49049.57552 53400 5 48 1 D1 
16744 49052.05731 54600 5 49 2 C2 
16745 49052.18899 53100 3 49 1 D1 
16746 49053.61092 53100 5 48 5 C1 
16747 49054.1147 54600 0 49 3 B1 
16748 49054.85553 53400 4 48 1 D1 
16749 49056.17511 53100 3 48 5 C1 
16750 49057.33669 62400 3 49 2 C2 
16751 49057.63326 55800 5 48 3 D1 
16752 49058.13759 52200 53 49 3 T 
16753 49058.8417 53100 4 48 5 C1 
16754 49059.44803 54600 1 49 3 B1 
16755 49060.10682 60600 4 49 1 C2 
16756 49061.61094 53100 5 48 5 C1 
16757 49062.32142 52500 2 50 4 B1 
16758 49062.67004 56400 5 49 1 C2 
16759 49062.74512 53400 3 49 1 D1 
16760 49063.47064 55800 53 48 3 T 
16761 49064.98808 53700 0 50 5 B1 
16762 49065.33682 54600 3 49 2 C2 
16763 49065.52236 53100 4 49 1 D1 
16764 49065.62007 52500 0 50 4 B2 
16765 49066.94835 56100 3 48 4 C1 
16766 49068.28673 55800 1 50 3 B2 
16767 49069.55959 55800 4 48 3 C1 
16768 49070.90901 54300 5 49 1 D1 
16769 49073.60334 52500 2 50 4 B2 
16770 49074.81378 55800 5 48 3 C1 
16771 49076.27006 52500 0 50 4 B2 
16772 49076.29992 53400 3 49 1 D1 
16773 49077.61084 56100 3 48 4 C1 
16774 49078.93672 52500 1 50 4 B2 
16775 49081.78873 52500 2 50 4 B2 
16776 49082.13729 56100 53 48 4 T 
16777 49082.9442 56100 4 48 4 C1 
16778 49084.02371 52200 0 50 3 A1 
16779 49084.27032 52500 0 50 4 B2 
16780 49085.61079 62400 5 48 3 C1 
16781 49089.2037 52500 1 50 4 A1 
16782 49089.63141 53700 1 49 2 B1 
16783 49090.9442 57600 3 48 3 C1 
16784 49092.13819 54000 2 50 2 A1 
16785 49092.4554 57600 1 50 2 B2 
16786 49094.62304 54900 4 49 1 C2 
16787 49094.98637 57000 2 49 2 B1 
16788 49097.26936 53100 0 49 1 B1 
16789 49097.3558 54900 53 49 1 T 
16790 49098.51448 53700 0 50 5 A1 
16791 49099.71833 53100 1 49 1 B1 
16792 49100.10673 54900 5 49 1 C2 
16793 49101.27002 54000 2 50 1 B2 
16794 49102.03326 53700 1 50 5 A1 
16795 49102.18981 53100 2 49 1 B1 
16796 49104.95009 53100 0 49 1 B1 
16797 49105.45992 54000 2 50 1 A1 
16798 49105.63332 53700 4 49 2 D1 
16799 49106.94851 54600 4 48 2 C1 
16800 49108.0034 53400 3 49 1 C2 
16801 49108.01599 57000 53 48 1 T 
16802 49109.48052 54600 5 48 2 C1 
16803 49111.84406 54000 0 50 1 B2 
16804 49112.14707 54600 3 48 2 C1 
16805 49113.33667 53400 4 49 1 C2 
16806 49114.94841 54600 4 48 2 C1 
16807 49115.6167 53100 1 49 1 B1 
16808 49115.97422 53400 5 49 1 C2 
16809 49117.50834 53100 5 48 5 C1 
16810 49118.28336 53100 2 49 1 B1 
16811 49118.64092 53400 3 49 1 C2 
16812 49121.44625 53400 4 49 1 C2 
16813 49121.52229 54900 5 49 1 D1 
16814 49121.78874 53700 1 50 5 B2 
16815 49123.43142 54000 0 50 1 B1 
16816 49124.00332 53400 5 49 1 C2 
16817 49124.24228 54900 3 49 1 D1 
16818 49124.28668 53700 2 50 5 B2 
16819 49126.64094 59100 3 49 2 C2 
16820 49126.85567 52200 4 49 2 D1 
16821 49127.12207 54000 0 50 1 B2 
16822 49128.17523 57000 3 48 1 C1 
16823 49128.76474 54000 1 50 2 B1 
16824 49129.41168 54900 5 49 1 D1 
16825 49129.62006 53700 1 50 5 B2 
16826 49130.94414 57000 4 48 1 C1 
16827 49132.30006 53700 3 49 2 D1 
16828 49132.4934 53700 2 50 5 B2 
16829 49135.12207 54000 0 50 1 B2 
16830 49136.2817 53100 5 48 5 C1 
16831 49137.62006 57300 1 50 4 B2 
16832 49138.94837 53100 3 48 5 C1 
16833 49141.61514 53100 4 48 5 C1 
16834 49145.62005 53700 2 50 5 B2 
16835 49145.65308 53700 2 49 2 B1 
16836 49147.93608 53700 0 49 2 B1 
16837 49148.10686 54900 4 49 1 C2 
16838 49151.09803 53700 1 49 2 B1 
16839 49151.16006 53700 0 50 5 B2 
16840 49152.28178 53100 5 48 5 C1 
16841 49153.44617 54900 5 49 1 C2 
16842 49156.10666 54900 3 49 1 C2 
16843 49157.26169 52200 1 50 3 B2 
16844 49158.32142 53700 2 49 2 B1 
16845 49160.95008 53700 0 49 2 B1 
16846 49162.8418 56400 3 48 5 C1 
16847 49163.43161 53700 1 49 2 B1 
16848 49163.97425 54900 4 49 1 C2 
16849 49166.64086 54900 5 49 1 C2 
16850 49168.27755 53400 4 48 1 C1 
16851 49169.41166 54600 4 49 3 D1 
16852 49169.44005 54900 3 49 1 C2 
16853 49170.80977 53400 5 48 1 C1 
16854 49172.00343 54900 4 49 1 C2 
16855 49172.30002 54000 5 49 2 D1 
16856 49172.4934 54000 2 50 2 B2 
16857 49174.32136 53700 2 49 2 B1 
16858 49174.64085 54900 5 49 1 C2 
16859 49176.14717 53400 3 48 1 C1 
16860 49176.98803 53700 0 49 2 B1 
16861 49177.44016 54900 3 49 1 C2 
16862 49178.10806 54000 0 50 2 B2 
16863 49179.45183 52200 1 50 3 B1 
16864 49180.07834 52200 3 49 3 D1 
16865 49180.10677 54900 4 49 1 C2 
16866 49180.55953 62400 1 50 4 B2 
16867 49181.48045 53400 4 48 1 C1 
16868 49183.12201 57600 2 50 5 B2 
16869 49185.78872 54000 0 50 2 B2 
16870 49187.92573 54600 2 49 3 B1 
16871 49190.93673 54000 1 50 2 B2 
16872 49192.17501 53400 5 48 1 C1 
16873 49193.78873 54000 2 50 2 B2 
16874 49194.94836 53400 3 48 1 C1 
16875 49201.78872 57600 0 50 1 B2 
16876 49204.11296 54300 5 49 1 C2 
16877 49204.27032 54000 1 50 1 B2 
16878 49204.42303 56400 0 49 1 B1 
16879 49206.83395 55800 2 50 3 B2 
16880 49209.44609 54300 3 49 1 C2 
16881 49211.69808 52200 1 49 3 B1 
16882 49211.90386 54600 4 49 2 C2 
16883 49213.50842 61200 4 48 2 C1 
16884 49214.09644 53100 2 49 1 B1 
16885 49214.24043 54300 5 49 1 C2 
16886 49214.93672 58800 0 50 4 B2 
16887 49216.4989 56400 0 49 1 B1 
16888 49219.43141 52200 1 49 3 B1 
16889 49219.9743 54900 3 49 1 C2 
16890 49222.34235 55800 5 48 3 C1 
16891 49222.77344 54900 4 49 1 C2 
16892 49224.76469 52200 2 49 3 B1 
16893 49225.44006 60000 5 49 1 C2 
16894 49227.94928 55800 1 50 3 B2 
16895 49228.10672 54900 3 49 1 C2 
16896 49233.44624 54900 4 49 1 C2 
16897 49236.11284 54900 5 49 1 C2 
16898 49238.09803 52200 0 49 3 B1 
16899 49241.44628 54300 3 49 1 C2 
16900 49249.48645 54600 4 49 2 D1 
16901 49250.67863 52500 2 50 4 B2 
16902 49252.39259 53400 4 49 1 C2 
16903 49254.95845 54000 5 49 2 C2 
16904 49255.16005 61200 0 50 2 B2 
16905 49265.3075 54000 3 49 2 C2 
16906 49268.28673 52200 1 50 3 B2 
16907 49270.66993 54000 4 49 2 C2 
16908 49272.90644 54600 3 48 2 C1 
16909 49276.05819 61500 5 49 1 C2 
16910 49276.28672 52200 2 50 3 B2 
16911 49280.14715 56400 4 48 5 C1 
16912 49281.4462 54000 3 49 2 C2 
16913 49284.11285 54000 4 49 2 C2 
16914 49285.62925 55800 0 50 3 A1 
16915 49286.67003 54300 5 49 1 C2 
16916 49294.67008 54000 3 49 2 C2 
16917 49300.00337 54300 4 49 1 C2 
16918 49303.11725 54600 5 48 2 D1 
16919 49309.17311 53700 0 50 5 B2 
16920 49310.64097 52200 5 49 2 C2 
16921 49323.6697 53400 5 48 1 C1 
16922 49326.77963 52200 3 49 2 C2 
16923 49329.30743 52200 4 49 2 C2 
16924 49331.72284 52200 1 50 3 B2 
16925 49332.0033 52200 5 49 2 C2 
16926 49334.77338 56400 3 49 2 C2 
16927 49339.95862 52200 4 49 2 C2 
16928 49345.33668 52200 5 49 2 C2 
16929 49347.20112 53400 3 48 1 C1 
16930 49347.97431 52200 3 49 2 C2 
16931 49348.00911 52200 1 49 3 B1 
16932 49350.64091 60300 4 49 2 C2 
16933 49370.18228 57300 4 48 2 C1 
16934 49377.98134 58500 53 50 3 T 
16935 49382.85708 58500 53 50 3 T 
16936 49393.39228 53400 5 48 1 C1 
16937 49393.44008 57900 5 49 1 C2 
16938 49401.44005 56400 3 49 2 C2 
16939 49433.49882 55800 4 49 2 C2 
16940 49476.22912 58500 53 50 3 T 
16941 49497.94569 52200 5 49 2 C2 
16942 49579.3186 54600 53 49 2 T 
16943 49581.98527 56400 53 49 2 T 
16944 49584.652 52200 53 49 2 T 
16945 49587.31868 54900 53 49 1 T 
16946 49603.31852 52500 53 50 4 T 
16947 49633.44617 55800 3 49 2 C2 
16948 49633.76474 53700 2 49 2 B1 
16949 49638.32141 53700 0 49 2 B1 
16950 49640.78517 53700 1 49 2 B1 
16951 49643.61669 53700 2 49 2 B1 
16952 49644.10662 54300 4 49 1 C2 
16953 49646.1147 53700 0 49 2 B1 
16954 49647.47071 56400 53 49 1 T 
16955 49648.14721 54600 3 48 2 C1 
16956 49648.78137 53700 1 49 2 B1 
16957 49649.44021 54300 5 49 1 C2 
16958 49649.63329 55800 3 48 3 D1 
16959 49650.6034 57600 2 50 5 B2 
16960 49651.44803 53700 2 49 2 B1 
16961 49652.10689 54300 3 49 1 C2 
16962 49652.18893 53100 4 48 5 D1 
16963 49654.64086 54300 4 49 1 C2 
16964 49654.90893 53700 5 49 2 D1 
16965 49655.00537 53700 0 49 2 B1 
16966 49655.4707 54600 53 49 3 T 
16967 49657.36972 54300 5 49 1 C2 
16968 49657.41157 53400 3 48 1 D1 
16969 49657.6034 54000 0 50 1 B2 
16970 49658.81381 54600 4 48 2 C1 
16971 49659.44808 53700 1 50 5 B1 
16972 49660.18898 54600 4 48 2 D1 
16973 49660.80403 53100 53 48 5 T 
16974 49661.17735 54000 1 50 1 B2 
16975 49662.64089 54300 3 49 1 C2 
16976 49662.96677 54600 5 49 2 D1 
16977 49663.47067 56400 53 48 5 T 
16978 49664.28169 56100 5 48 4 C1 
16979 49665.57564 53700 3 49 2 D1 
16980 49666.13737 54600 53 48 2 T 
16981 49666.94413 56100 3 48 4 C1 
16982 49668.1891 60600 4 49 1 D1 
16983 49668.27007 54000 2 50 1 B2 
16984 49668.80429 53100 53 49 1 T 
16985 49669.61102 56100 4 48 4 C1 
16986 49670.6701 54300 4 49 1 C2 
16987 49670.90885 56100 5 48 4 D1 
16988 49671.16006 54000 0 50 1 B2 
16989 49671.47062 57000 53 48 1 T 
16990 49672.27752 53100 5 48 5 C1 
16991 49673.44619 54300 5 49 1 C2 
16992 49673.61273 63300 1 50 1 B2 
16993 49674.81392 53100 3 48 5 C1 
16994 49676.28673 54000 2 50 1 B2 
16995 49677.48043 53100 4 48 5 C1 
16996 49680.14294 53100 5 48 5 C1 
16997 49681.57552 53400 3 49 1 D1 
16998 49681.78873 61800 0 50 3 B2 
16999 49684.36708 54000 1 50 1 A1 
17000 49684.45539 57600 1 50 2 B2 
17001 49685.50838 56100 3 48 4 C1 
17002 49687.08975 57000 2 49 2 B1 
17003 49687.16001 54000 2 50 1 B2 
17004 49687.85231 53700 2 50 5 A1 
17005 49688.28177 54600 4 48 2 C1 
17006 49689.82672 54000 0 50 1 B2 
17007 49690.81919 55800 0 50 3 A1 
17008 49691.61675 53100 0 49 1 B1 
17009 49692.00332 54000 3 49 2 C2 
17010 49694.09833 53100 1 49 1 B1 
17011 49697.60804 54000 1 50 1 A1 
17012 49697.63137 53100 2 49 1 B1 
17013 49700.54822 54000 2 50 2 A1 
17014 49701.26173 57300 1 50 4 B2 
17015 49703.48156 54000 0 50 2 A1 
17016 49704.95003 60600 0 49 1 B1 
17017 49707.6167 53700 1 49 2 B1 
17018 49708.10673 54000 4 49 2 C2 
17019 49709.15835 53700 2 50 5 B2 
17020 49710.28337 53100 2 49 1 B1 
17021 49710.7794 54000 5 49 2 C2 
17022 49710.96663 57000 4 48 1 D1 
17023 49711.53845 53700 0 50 5 B2 
17024 49713.32595 56400 3 49 2 C2 
17025 49713.5223 53100 5 49 1 D1 
17026 49714.94422 53400 5 48 1 C1 
17027 49716.18886 56400 3 48 5 D1 
17028 49718.28341 54000 0 50 2 B1 
17029 49718.77961 54000 4 49 2 C2 
17030 49720.98808 55800 1 50 3 B1 
17031 49721.39138 54000 5 49 2 C2 
17032 49721.52231 54600 4 49 3 D1 
17033 49721.62007 53700 1 50 5 B2 
17034 49722.89274 53400 3 48 1 C1 
17035 49724.3001 54000 5 49 2 D1 
17036 49726.641 56400 3 49 2 C2 
17037 49728.2819 53400 4 48 1 C1 
17038 49729.33666 56400 4 49 1 C2 
17039 49729.62007 53700 2 50 5 B2 
17040 49730.94412 54600 5 48 2 C1 
17041 49732.28672 60900 0 50 1 B2 
17042 49733.61086 54600 3 48 2 C1 
17043 49735.16006 58800 1 50 4 B2 
17044 49736.28171 54600 4 48 2 C1 
17045 49737.57567 56400 3 49 2 D1 
17046 49737.6127 53700 2 50 5 B2 
17047 49738.9441 53400 5 48 1 C1 
17048 49740.49339 60600 0 50 5 B2 
17049 49741.50837 53400 3 48 1 C1 
17050 49742.64085 54600 5 49 2 C2 
17051 49742.85552 54000 4 49 2 D1 
17052 49744.13152 53400 4 48 1 C1 
17053 49745.37215 54600 2 49 3 B1 
17054 49745.60339 53700 1 50 5 B2 
17055 49750.98637 54600 0 49 3 B1 
17056 49754.51073 54000 2 50 2 B2 
17057 49755.65475 54600 1 49 3 B1 
17058 49760.98803 59700 2 49 3 B1 
17059 49762.94849 57000 5 48 1 C1 
17060 49763.65469 54600 0 49 3 B1 
17061 49764.4554 54000 0 50 2 B2 
17062 49769.44618 63000 3 49 2 C2 
17063 49770.94848 57000 3 48 1 C1 
17064 49772.11283 60600 4 49 1 C2 
17065 49772.24221 54900 5 49 1 D1 
17066 49774.32137 54600 1 49 3 B1 
17067 49774.77953 57900 5 49 1 C2 
17068 49777.30754 54000 3 49 2 C2 
17069 49777.41165 54900 3 49 1 D1 
17070 49777.78874 54000 1 50 2 B2 
17071 49778.84189 57300 4 48 2 C1 
17072 49779.9784 54600 4 49 2 C2 
17073 49780.4554 54000 2 50 2 B2 
17074 49781.48043 55800 5 48 3 C1 
17075 49782.96664 56400 4 49 1 D1 
17076 49783.16007 54000 0 50 2 B2 
17077 49784.17499 55800 3 48 3 C1 
17078 49785.62382 54000 1 50 2 B2 
17079 49790.64088 54000 5 49 2 C2 
17080 49791.12205 55800 2 50 3 B2 
17081 49792.28171 56400 4 48 5 C1 
17082 49793.44012 54000 3 49 2 C2 
17083 49793.60365 57300 0 50 4 B2 
17084 49794.94837 56400 5 48 5 C1 
17085 49797.50835 57300 3 48 2 C1 
17086 49800.1751 60600 4 48 1 C1 
17087 49801.44009 53400 4 49 1 C2 
17088 49801.52232 54300 5 49 1 D1 
17089 49802.94412 55800 5 48 3 C1 
17090 49804.27006 55800 1 50 3 B2 
17091 49805.48048 55800 3 48 3 C1 
17092 49809.80817 54000 2 50 1 B1 
17093 49812.28672 54000 2 50 2 B2 
17094 49812.4671 56400 0 49 1 B1 
17095 49815.05052 54300 5 49 1 C2 
17096 49815.13382 56400 1 49 1 B1 
17097 49819.97432 53400 3 49 1 C2 
17098 49820.4671 60900 2 49 2 B1 
17099 49822.64198 53400 4 49 1 C2 
17100 49828.10671 54600 5 49 2 C2 
17101 49830.67002 53400 3 49 1 C2 
17102 49833.22203 53100 4 48 5 C1 
17103 49833.30763 53400 4 49 1 C2 
17104 49833.80044 56400 0 49 1 B1 
17105 49833.8969 54000 0 50 1 B2 
17106 49836.00327 53400 5 49 1 C2 
17107 49836.12186 53400 3 48 1 D1 
17108 49842.84179 59400 5 48 5 C1 
17109 49844.11292 53400 3 49 1 C2 
17110 49845.50838 57600 3 48 3 C1 
17111 49852.10672 54600 4 49 2 C2 
17112 49852.28673 58500 1 50 3 B2 
17113 49854.77945 54900 5 49 1 C2 
17114 49856.48931 53400 4 48 1 C1 
17115 49860.77585 53100 1 49 1 B1 
17116 49862.96665 54900 4 49 1 D1 
17117 49864.14713 57000 5 48 1 C1 
17118 49865.192 53400 5 49 1 D1 
17119 49865.62006 57600 2 50 1 B2 
17120 49870.79212 56400 3 49 2 C2 
17121 49876.19894 54900 4 49 1 C2 
17122 49878.7776 54900 5 49 1 C2 
17123 49879.64406 53400 3 48 1 C1 
17124 49882.29615 53700 0 50 5 B2 
17125 49884.11286 63000 3 49 1 C2 
17126 49884.69921 53700 1 50 5 A1 
17127 49886.64086 54900 4 49 1 C2 
17128 49889.44016 54900 5 49 1 C2 
17129 49890.76527 54600 2 49 3 B1 
17130 49892.73952 54000 3 49 2 C2 
17131 49895.8085 60900 4 49 2 C2 
17132 49898.19848 54900 5 49 1 C2 
17133 49902.66999 54900 3 49 1 C2 
17134 49903.10325 53400 4 48 1 C1 
17135 49908.44992 54300 3 49 1 D1 
17136 49913.70404 53700 1 50 5 B2 
17137 49915.91364 54600 4 49 2 C2 
17138 49916.6654 57000 0 49 2 B1 
17139 49924.11292 54900 5 49 1 C2 
17140 49936.22204 54000 2 50 2 B2 
17141 49937.44002 54900 3 49 1 C2 
17142 49939.82202 54600 4 49 2 C2 
17143 49939.86517 56400 5 48 5 C1 
17144 49944.92161 54900 5 49 1 C2 
17145 49947.34947 54900 3 49 1 C2 
17146 49949.71623 54900 4 49 1 C2 
17147 49952.26627 54900 5 49 1 C2 
17148 49958.90155 55800 0 50 3 B2 
17149 49970.1133 54900 3 49 1 C2 
17150 49977.75901 56100 53 48 4 T 
17151 49980.37096 53400 4 49 1 C2 
17152 49983.09227 56100 53 48 4 T 
17153 49988.12008 54900 4 49 1 D1 
17154 49988.18134 55800 53 48 3 T 
17155 49993.05708 55800 53 48 3 T 
17156 49996.75083 54900 5 49 1 C2 
17157 49998.15901 58800 53 50 4 T 
17158 50003.49227 58800 53 50 4 T 
17159 50008.58134 58800 53 50 4 T 
17160 50010.21677 54900 3 49 1 C2 
17161 50013.45708 58800 53 50 4 T 
17162 50018.55901 55800 53 50 3 T 
17163 50022.30902 55800 53 49 2 T 
17164 50022.92379 55800 53 48 3 T 
17165 50023.41748 54900 4 49 1 C2 
17166 50023.89227 55800 53 50 3 T 
17167 50025.91944 56100 53 48 4 T 
17168 50027.39919 59100 53 49 2 T 
17169 50028.86465 54900 5 49 1 C2 
17170 50032.28805 59100 53 49 2 T 
17171 50038.92407 55800 53 50 3 T 
17172 50062.82523 53400 3 49 1 C2 
17173 50068.19113 59100 53 49 2 T 
17174 50081.35578 55800 53 48 3 T 
17175 50097.09115 54900 4 49 1 C2 
17176 50119.01338 54900 5 49 1 C2 
17177 50124.07793 58800 53 50 4 T 
17178 50126.92414 55800 53 49 2 T 
17179 50142.68911 58800 53 50 4 T 
17180 50181.98527 53400 53 49 1 T 
17181 50185.31593 56100 53 48 4 T 
17182 50187.3186 54900 53 49 1 T 
17183 50200.65168 53700 53 50 5 T 
17184 50204.19111 55800 53 50 3 T 
17185 50213.98517 57300 53 50 4 T 
17186 50229.4671 54600 1 49 3 B1 
17187 50234.08413 54300 3 49 1 C2 
17188 50238.96665 57300 5 48 2 D1 
17189 50242.66715 54600 2 49 3 B1 
17190 50244.07821 56400 3 48 5 D1 
17191 50245.0672 56400 0 49 1 B1 
17192 50246.96659 56100 4 48 4 D1 
17193 50247.44669 54300 4 49 1 C2 
17194 50247.49698 56400 1 49 1 B1 
17195 50249.57548 54600 5 48 2 D1 
17196 50249.99707 54600 2 49 3 B1 
17197 50250.13759 53700 53 49 2 T 
17198 50250.22277 61500 5 49 1 C2 
17199 50250.84182 57300 3 48 2 C1 
17200 50252.30003 57000 3 49 2 D1 
17201 50252.48382 56400 0 49 1 B1 
17202 50252.77983 54300 3 49 1 C2 
17203 50252.80407 57000 53 49 2 T 
17204 50253.61088 57300 4 48 2 C1 
17205 50254.74505 55800 4 48 3 D1 
17206 50255.13382 54000 1 50 2 B1 
17207 50255.92835 54000 1 50 2 B2 
17208 50256.17513 57300 5 48 2 C1 
17209 50257.41159 54600 5 48 2 D1 
17210 50258.22281 53400 4 49 1 C2 
17211 50260.07843 56400 3 49 1 D1 
17212 50260.69048 54000 2 50 1 B1 
17213 50263.14311 54600 0 49 3 B1 
17214 50264.14708 56400 3 48 5 C1 
17215 50265.52227 54900 4 49 1 D1 
17216 50266.22287 53400 5 49 1 C2 
17217 50266.9441 56400 4 48 5 C1 
17218 50268.07834 54900 5 49 1 D1 
17219 50268.4934 54000 2 50 2 B2 
17220 50268.80401 57000 53 48 1 T 
17221 50268.8833 53400 3 49 1 C2 
17222 50270.909 54900 3 49 1 D1 
17223 50270.94607 58800 0 50 4 B2 
17224 50271.50132 53400 4 49 1 C2 
17225 50273.41185 54900 4 49 1 D1 
17226 50273.78872 58500 1 50 3 B2 
17227 50274.13731 53400 53 48 1 T 
17228 50274.81372 57000 5 48 1 C1 
17229 50276.4934 57600 2 50 2 B2 
17230 50276.80392 57300 53 48 2 T 
17231 50277.48042 57000 3 48 1 C1 
17232 50278.9414 54000 2 50 2 A1 
17233 50279.16007 54000 0 50 2 B2 
17234 50280.14725 56400 4 48 5 C1 
17235 50281.78873 57600 1 50 2 B2 
17236 50282.79831 57000 5 48 1 C1 
17237 50284.27158 57300 0 50 4 A1 
17238 50284.45534 58800 2 50 4 B2 
17239 50287.12206 63900 0 50 2 B2 
17240 50287.23847 54000 1 50 2 A1 
17241 50288.12544 57000 1 49 2 B1 
17242 50288.2817 56400 3 48 5 C1 
17243 50289.82672 62400 1 50 4 B2 
17244 50290.21666 56400 5 49 2 C2 
17245 50290.67019 54000 2 50 1 A1 
17246 50290.94419 57000 4 48 1 C1 
17247 50293.83273 57600 0 50 1 A1 
17248 50295.12206 61200 2 50 2 B2 
17249 50297.98577 54600 2 49 3 B1 
17250 50298.08423 56400 3 49 2 C2 
17251 50299.7154 54000 1 50 1 A1 
17252 50300.73382 54600 0 49 3 B1 
17253 50300.75068 55800 4 49 2 C2 
17254 50302.66503 55800 2 50 3 A1 
17255 50305.41166 54600 5 49 3 D1 
17256 50305.81709 57000 1 49 2 B1 
17257 50306.08426 56400 5 49 2 C2 
17258 50308.07825 53400 3 48 1 D1 
17259 50308.48382 53700 2 50 5 B1 
17260 50309.61516 53400 5 48 1 C1 
17261 50310.9089 57000 4 48 1 D1 
17262 50311.3191 54600 0 49 3 B1 
17263 50311.4466 55800 3 49 2 C2 
17264 50312.12919 53400 3 48 1 C1 
17265 50313.98577 54600 1 49 3 B1 
17266 50316.65249 54600 2 49 3 B1 
17267 50317.17735 54000 0 50 1 B2 
17268 50319.13407 55800 0 50 3 B1 
17269 50319.55319 54000 1 50 1 B2 
17270 50319.55613 54300 4 49 1 C2 
17271 50322.11335 54300 5 49 1 C2 
17272 50322.6034 54000 2 50 1 B2 
17273 50322.94837 53400 4 48 1 C1 
17274 50324.24226 54600 5 49 3 D1 
17275 50324.7799 54300 3 49 1 C2 
17276 50326.85564 54600 3 49 2 D1 
17277 50326.9534 57600 0 50 5 B2 
17278 50328.27743 53400 5 48 1 C1 
17279 50329.57551 54600 4 49 2 D1 
17280 50329.82672 57600 1 50 5 B2 
17281 50330.2228 54300 4 49 1 C2 
17282 50332.24229 54900 5 49 1 D1 
17283 50332.77995 54300 5 49 1 C2 
17284 50333.61078 56100 3 48 4 C1 
17285 50334.93674 57300 2 50 4 B2 
17286 50334.96672 55800 3 49 2 D1 
17287 50336.1471 56100 4 48 4 C1 
17288 50337.82673 57300 0 50 4 B2 
17289 50338.84169 53400 5 48 1 C1 
17290 50340.27939 54000 1 50 2 B2 
17291 50341.61084 56100 3 48 4 C1 
17292 50344.2818 61200 4 48 2 C1 
17293 50346.94437 56100 5 48 4 C1 
17294 50348.49339 54000 2 50 2 B2 
17295 50348.88346 54900 3 49 1 C2 
17296 50349.61086 56100 3 48 4 C1 
17297 50351.16006 54000 0 50 2 B2 
17298 50353.82668 54000 1 50 2 B2 
17299 50356.69048 53700 1 49 2 B1 
17300 50362.21658 54900 4 49 1 C2 
17301 50365.50845 55800 4 48 3 C1 
17302 50367.3571 53700 2 49 2 B1 
17303 50367.41749 54900 5 49 1 C2 
17304 50367.82502 53700 2 50 5 B2 
17305 50368.27754 55800 5 48 3 C1 
17306 50370.02377 53700 0 49 2 B1 
17307 50370.21676 54900 3 49 1 C2 
17308 50374.9534 53700 0 50 5 B2 
17309 50375.35716 53700 1 49 2 B1 
17310 50375.44663 62400 4 49 2 C2 
17311 50378.08422 54900 5 49 1 C2 
17312 50378.59506 55800 1 50 3 B2 
17313 50378.94838 54600 3 48 2 C1 
17314 50380.1888 54000 4 49 2 D1 
17315 50382.85561 53700 5 49 2 D1 
17316 50383.4175 54900 3 49 1 C2 
17317 50384.17503 55800 4 48 3 C1 
17318 50385.6034 53700 2 50 5 B2 
17319 50386.80969 54600 5 48 2 C1 
17320 50388.07839 56400 3 49 2 D1 
17321 50388.28673 53700 0 50 5 B2 
17322 50390.96672 53400 4 49 1 D1 
17323 50391.12207 54000 1 50 1 B2 
17324 50391.44665 56400 4 49 2 C2 
17325 50392.2817 54600 3 48 2 C1 
17326 50393.52237 54000 5 49 2 D1 
17327 50393.62005 54000 2 50 1 B2 
17328 50394.08416 54900 5 49 1 C2 
17329 50394.94837 54600 4 48 2 C1 
17330 50396.27006 57600 0 50 1 B2 
17331 50398.93668 54000 1 50 1 B2 
17332 50399.37213 54300 3 49 1 C2 
17333 50400.17509 54600 5 48 2 C1 
17334 50401.6034 54000 2 50 1 B2 
17335 50402.11768 54900 4 49 1 C2 
17336 50402.94846 54600 3 48 2 C1 
17337 50404.28674 57600 0 50 1 B2 
17338 50404.92937 56400 2 49 1 B1 
17339 50405.61519 54600 4 48 2 C1 
17340 50410.22289 54900 5 49 1 C2 
17341 50412.27006 54000 1 50 1 B2 
17342 50415.71593 54000 2 50 2 B2 
17343 50418.22268 54900 3 49 1 C2 
17344 50420.88952 54900 4 49 1 C2 
17345 50426.21669 54900 5 49 1 C2 
17346 50428.95238 53400 3 49 1 C2 
17347 50435.57051 57000 5 48 1 C1 
17348 50436.88332 54900 4 49 1 C2 
17349 50439.5501 54900 5 49 1 C2 
17350 50440.9284 57000 0 49 2 B1 
17351 50442.94836 57600 3 48 3 C1 
17352 50444.29987 54300 3 49 1 D1 
17353 50444.45538 55800 0 50 3 B2 
17354 50444.74671 54900 3 49 1 C2 
17355 50446.96672 54300 4 49 1 D1 
17356 50448.17506 62400 4 48 3 C1 
17357 50455.41745 54900 4 49 1 C2 
17358 50460.28673 55800 1 50 3 B2 
17359 50466.11336 54900 5 49 1 C2 
17360 50466.84175 57600 5 48 3 C1 
17361 50469.17849 54600 3 48 2 C1 
17362 50470.95339 55800 2 50 3 B2 
17363 50479.4465 54900 3 49 1 C2 
17364 50484.88948 54900 4 49 1 C2 
17365 50487.20945 57300 0 50 4 B2 
17366 50487.25081 53700 0 50 5 A1 
17367 50487.44669 54900 5 49 1 C2 
17368 50492.88333 54900 3 49 1 C2 
17369 50495.55619 54900 4 49 1 C2 
17370 50498.01397 54900 5 49 1 C2 
17371 50498.58427 53700 1 49 2 B1 
17372 50500.47975 54900 3 49 1 C2 
17373 50503.00642 54900 4 49 1 C2 
17374 50517.68027 54000 5 49 2 C2 
17375 50525.54791 54000 3 49 2 C2 
17376 50526.33935 55800 4 48 3 C1 
17377 50533.57691 54000 4 49 2 C2 
17378 50544.21454 54000 5 49 2 C2 
17379 50546.91032 54000 3 49 2 C2 
17380 50549.60131 54600 5 48 2 C1 
17381 50552.35313 59100 4 49 2 C2 
17382 50555.01974 54900 5 49 1 C2 
17383 50557.55186 54000 3 49 2 C2 
17384 50577.98134 59700 53 49 3 T 
17385 50579.01975 54600 4 49 2 C2 
17386 50582.85708 59700 53 49 3 T 
17387 50584.34709 54600 5 49 2 C2 
17388 50587.95901 59400 53 48 5 T 
17389 50589.68026 54600 3 49 2 C2 
17390 50592.07734 54900 4 49 1 C2 
17391 50593.29227 59400 53 48 5 T 
17392 50594.88111 54600 5 49 2 C2 
17393 50598.38134 59400 53 48 4 T 
17394 50600.2145 56400 3 49 1 C2 
17395 50602.91023 54000 4 49 2 C2 
17396 50603.25708 56400 53 49 1 T 
17397 50605.54895 63900 5 49 1 C2 
17398 50606.5386 55800 3 48 3 C1 
17399 50608.35901 56400 53 49 1 T 
17400 50610.88114 60600 3 49 1 C2 
17401 50613.26503 54900 4 49 1 C2 
17402 50613.69227 56400 53 48 5 T 
17403 50618.78134 56400 53 48 5 T 
17404 50622.10846 56400 53 49 1 T 
17405 50622.86958 56400 53 48 5 T 
17406 50625.84344 56400 53 49 2 T 
17407 50627.40903 56400 53 49 2 T 
17408 50628.99383 56400 53 49 1 T 
17409 50632.13662 56400 53 49 1 T 
17410 50632.49919 56400 53 49 2 T 
17411 50645.68635 57900 5 49 1 C2 
17412 50648.34696 57900 3 49 1 C2 
17413 50651.01368 54600 4 49 2 C2 
17414 50659.63245 54900 5 49 1 C2 
17415 50662.69129 54600 3 49 2 C2 
17416 50666.88115 54600 4 49 2 C2 
17417 50669.6804 54600 5 49 2 C2 
17418 50670.67245 56400 53 49 1 T 
17419 50672.34698 60300 3 49 2 C2 
17420 50676.22912 59400 53 48 5 T 
17421 50678.89581 56400 53 49 2 T 
17422 50696.62272 54000 4 49 2 C2 
17423 50718.43581 54000 5 49 2 C2 
17424 50732.02245 59700 53 49 3 T 
17425 50740.00578 56400 53 48 5 T 
17426 50762.63413 60000 3 49 1 C2 
17427 50779.31856 54900 53 49 1 T 
17428 50781.98535 54300 53 49 1 T 
17429 50784.24449 54600 4 49 2 C2 
17430 50784.65197 57900 53 49 1 T 
17431 50789.98526 55800 53 49 2 T 
17432 50795.3185 57600 53 50 1 T 
17433 50797.98533 58800 53 50 4 T 
17434 50800.65191 57600 53 50 2 T 
17435 50805.98508 55800 53 50 3 T 
17436 50808.65206 54000 53 50 1 T 
17437 50813.98523 57600 53 50 5 T 
17438 50834.70777 57000 2 49 2 B1 
17439 50837.46715 57000 0 49 2 B1 
17440 50837.68653 56400 5 49 1 C2 
17441 50841.80044 56400 1 49 1 B1 
17442 50842.91022 56400 3 49 1 C2 
17443 50844.07833 56100 5 48 4 D1 
17444 50844.65243 60600 2 49 1 B1 
17445 50846.90879 55800 3 48 3 D1 
17446 50847.13407 56400 0 49 1 B1 
17447 50848.65194 54000 53 49 2 T 
17448 50849.52228 54600 4 48 2 D1 
17449 50849.80043 56400 1 49 1 B1 
17450 50850.94849 56100 4 48 4 C1 
17451 50852.24219 54600 5 48 2 D1 
17452 50852.46715 56400 2 49 1 B1 
17453 50853.61515 56100 5 48 4 C1 
17454 50853.68646 54300 4 49 1 C2 
17455 50854.96666 54600 3 49 3 D1 
17456 50855.15049 54000 0 50 2 B1 
17457 50856.35307 54300 5 49 1 C2 
17458 50857.57566 54600 4 49 3 D1 
17459 50857.80044 56400 1 49 1 B1 
17460 50858.81376 57000 3 48 1 C1 
17461 50859.01981 55800 3 49 2 C2 
17462 50860.18883 57600 5 48 3 D1 
17463 50860.28673 55800 1 50 3 B2 
17464 50860.80397 56100 53 48 4 T 
17465 50861.50837 57000 4 48 1 C1 
17466 50861.68031 55800 4 49 2 C2 
17467 50863.93668 54000 2 50 2 B2 
17468 50864.34696 63000 5 49 1 C2 
17469 50865.57552 56400 3 48 5 D1 
17470 50865.98582 55800 2 50 3 B1 
17471 50866.49267 55800 0 50 3 B2 
17472 50866.84192 57000 5 48 1 C1 
17473 50867.01976 54300 3 49 1 C2 
17474 50869.1774 54000 1 50 2 B2 
17475 50869.50835 57000 3 48 1 C1 
17476 50869.61215 54300 4 49 1 C2 
17477 50871.47061 57600 53 48 3 T 
17478 50871.54413 55800 2 50 3 B2 
17479 50872.14714 56100 4 48 4 C1 
17480 50873.57565 54900 4 49 1 D1 
17481 50874.84168 57000 5 48 1 C1 
17482 50876.49824 55800 0 50 3 B2 
17483 50876.80403 57000 53 48 1 T 
17484 50877.61085 59400 3 48 5 C1 
17485 50877.98523 54000 53 50 2 T 
17486 50879.12207 64200 1 50 5 B2 
17487 50880.14715 57000 4 48 1 C1 
17488 50881.41181 54600 5 49 2 D1 
17489 50881.60494 54000 1 50 1 A1 
17490 50881.82672 58500 2 50 3 B2 
17491 50882.94408 57000 5 48 1 C1 
17492 50887.12207 54000 0 50 2 B2 
17493 50887.99849 57300 2 50 4 A1 
17494 50888.14711 60600 3 48 1 C1 
17495 50889.78872 58500 1 50 3 B2 
17496 50893.33377 54600 0 49 3 B1 
17497 50893.57702 54900 5 49 1 C2 
17498 50895.19738 57600 0 50 5 A1 
17499 50895.73381 54600 1 49 3 B1 
17500 50898.59994 57600 1 50 1 A1 
17501 50900.1888 57000 3 48 1 D1 
17502 50900.73391 54600 2 49 3 B1 
17503 50902.08516 57600 2 50 2 A1 
17504 50903.17397 57000 0 49 2 B1 
17505 50904.17516 57300 4 48 2 C1 
17506 50904.21432 54900 3 49 1 C2 
17507 50905.81716 54600 1 49 3 B1 
17508 50906.84176 57300 5 48 2 C1 
17509 50906.88105 54900 4 49 1 C2 
17510 50908.07832 57000 4 49 2 D1 
17511 50909.45882 54600 2 49 3 B1 
17512 50909.57698 54900 5 49 1 C2 
17513 50912.27742 57300 3 48 2 C1 
17514 50912.35311 54900 3 49 1 C2 
17515 50913.38828 55800 53 48 3 T 
17516 50913.63328 57300 5 48 2 D1 
17517 50914.91028 54900 4 49 1 C2 
17518 50916.69049 57300 0 50 4 B1 
17519 50917.48057 56400 4 48 5 C1 
17520 50917.57688 54900 5 49 1 C2 
17521 50919.31915 57600 1 50 1 B1 
17522 50919.92835 57300 2 50 4 B2 
17523 50920.3531 54900 3 49 1 C2 
17524 50921.52229 56400 3 49 1 D1 
17525 50921.8171 57000 2 49 2 B1 
17526 50922.44929 57300 0 50 4 B2 
17527 50922.91023 54900 4 49 1 C2 
17528 50924.68436 58800 1 50 4 B2 
17529 50925.48042 56400 5 48 5 C1 
17530 50925.57698 54900 5 49 1 C2 
17531 50927.82506 64200 2 50 3 B2 
17532 50928.14728 56400 3 48 5 C1 
17533 50929.57556 54900 4 49 1 D1 
17534 50930.12377 57600 0 50 2 B2 
17535 50930.94845 56100 4 48 4 C1 
17536 50932.189 54000 5 49 2 D1 
17537 50932.56124 57600 1 50 2 B2 
17538 50933.61093 56100 5 48 4 C1 
17539 50935.16007 58800 2 50 4 B2 
17540 50936.14714 56400 3 48 5 C1 
17541 50937.61273 60900 0 50 1 B2 
17542 50938.94826 56400 4 48 5 C1 
17543 50940.24214 54900 3 49 1 D1 
17544 50940.27041 57600 1 50 2 B2 
17545 50941.61094 57300 5 48 2 C1 
17546 50942.90896 54900 4 49 1 D1 
17547 50943.16006 54000 2 50 2 B2 
17548 50944.27743 56100 3 48 4 C1 
17549 50945.82672 60600 0 50 5 B2 
17550 50946.88122 54900 3 49 1 C2 
17551 50948.4934 57300 1 50 4 B2 
17552 50948.65248 60900 0 49 2 B1 
17553 50956.65244 59700 1 49 3 B1 
17554 50961.98577 54600 2 49 3 B1 
17555 50962.88123 54900 4 49 1 C2 
17556 50962.94836 55800 4 48 3 C1 
17557 50964.65249 54600 0 49 3 B1 
17558 50965.48053 54600 5 48 2 C1 
17559 50965.54778 54900 5 49 1 C2 
17560 50967.3191 54600 1 49 3 B1 
17561 50968.21566 55800 3 48 3 C1 
17562 50968.24359 54900 3 49 1 C2 
17563 50970.51068 57600 2 50 5 B2 
17564 50970.8811 54900 4 49 1 C2 
17565 50973.5478 54900 5 49 1 C2 
17566 50976.21455 54900 3 49 1 C2 
17567 50977.80049 54000 2 50 1 B1 
17568 50978.91023 54900 4 49 1 C2 
17569 50980.18892 54300 5 49 1 D1 
17570 50980.27007 54000 0 50 1 B2 
17571 50981.68027 54900 5 49 1 C2 
17572 50983.16006 54000 1 50 1 B2 
17573 50984.27749 55800 4 48 3 C1 
17574 50984.34685 54900 3 49 1 C2 
17575 50985.62381 57600 2 50 1 B2 
17576 50986.94429 55800 5 48 3 C1 
17577 50988.27007 54000 0 50 1 B2 
17578 50989.61509 57600 3 48 3 C1 
17579 50991.16006 54000 1 50 1 B2 
17580 50992.14994 55800 4 48 3 C1 
17581 50993.61273 62400 2 50 5 B2 
17582 50996.49334 57600 0 50 1 B2 
17583 50997.61077 55800 5 48 3 C1 
17584 50998.85566 57900 3 49 1 D1 
17585 50998.95714 57600 1 50 1 B2 
17586 51000.28181 64200 3 48 5 C1 
17587 51001.63336 56400 4 49 2 D1 
17588 51005.27006 57600 2 50 5 B2 
17589 51005.61502 57600 4 48 3 C1 
17590 51007.83915 57600 0 50 5 B2 
17591 51013.68034 54900 4 49 1 C2 
17592 51021.68041 54900 5 49 1 C2 
17593 51024.34696 54900 3 49 1 C2 
17594 51027.01964 54900 4 49 1 C2 
17595 51028.88802 55800 1 50 3 B2 
17596 51029.40912 54300 5 49 1 C2 
17597 51031.8757 54900 3 49 1 C2 
17598 51034.43397 54900 4 49 1 C2 
17599 51036.79751 54900 5 49 1 C2 
17600 51041.79334 54900 3 49 1 C2 
17601 51042.94858 54600 5 48 2 C1 
17602 51045.43362 54600 0 49 3 B1 
17603 51048.14726 54600 3 48 2 C1 
17604 51050.94835 54600 4 48 2 C1 
17605 51051.72072 63300 2 50 1 B2 
17606 51052.44906 54900 5 49 1 D1 
17607 51053.50843 54600 5 48 2 C1 
17608 51054.9534 64200 0 50 4 B2 
17609 51056.2052 54600 3 48 2 C1 
17610 51067.77213 54600 4 49 2 C2 
17611 51069.50836 54600 4 48 2 C1 
17612 51069.73511 54600 3 49 2 D1 
17613 51075.0929 55800 0 50 3 A1 
17614 51075.77205 57900 5 49 1 C2 
17615 51078.43869 57900 3 49 1 C2 
17616 51083.71655 57900 4 49 1 C2 
17617 51089.09922 54900 5 49 1 C2 
17618 51091.66238 64500 3 49 2 C2 
17619 51094.43253 60900 4 49 2 C2 
17620 51097.10545 54600 5 49 2 C2 
17621 51098.96242 54000 1 50 2 A1 
17622 51099.66249 54600 3 49 2 C2 
17623 51120.96489 54600 5 48 2 C1 
17624 51123.66261 54000 4 49 2 C2 
17625 51126.32918 54600 5 49 2 C2 
17626 51131.66251 54600 3 49 2 C2 
17627 51134.32916 54600 4 49 2 C2 
17628 51136.96658 64500 5 49 1 C2 
17629 51139.66256 54600 3 49 2 C2 
17630 51142.43871 54600 4 49 2 C2 
17631 51144.90369 57600 3 48 3 C1 
17632 51144.99589 54000 5 49 2 C2 
17633 51147.63336 54000 3 49 2 C2 
17634 51153.10539 54600 4 49 2 C2 
17635 51155.75783 61800 1 50 3 B2 
17636 51157.70726 54900 5 49 1 C2 
17637 51171.63347 56400 3 49 2 C2 
17638 51177.75708 57000 53 48 1 T 
17639 51182.85901 57000 53 48 1 T 
17640 51185.60323 56400 4 49 1 D1 
17641 51187.6334 56400 4 49 2 C2 
17642 51188.19227 57000 53 48 1 T 
17643 51190.30005 63000 5 49 2 C2 
17644 51192.96668 64200 3 49 2 C2 
17645 51193.28134 57000 53 48 1 T 
17646 51195.42326 54900 4 49 1 C2 
17647 51198.15708 57300 53 50 4 T 
17648 51200.9512 60600 5 49 1 C2 
17649 51203.25901 57300 53 50 4 T 
17650 51206.43248 56400 3 49 2 C2 
17651 51208.59227 57000 53 49 2 T 
17652 51208.96679 56400 4 49 2 C2 
17653 51208.97622 54600 4 48 2 C1 
17654 51211.6625 54000 5 49 2 C2 
17655 51213.68134 57000 53 49 2 T 
17656 51214.43256 56400 3 49 2 C2 
17657 51218.55708 57300 53 48 2 T 
17658 51220.25714 57000 53 49 2 T 
17659 51222.08807 60300 53 49 2 T 
17660 51223.65901 57300 53 48 2 T 
17661 51227.20845 60300 53 49 2 T 
17662 51228.25729 57000 53 48 1 T 
17663 51231.25292 57300 53 50 4 T 
17664 51232.50899 60000 53 49 1 T 
17665 51236.60549 57300 53 48 2 T 
17666 51237.5992 60000 53 49 1 T 
17667 51241.16147 59100 4 49 2 C2 
17668 51270.85778 57000 53 49 2 T 
17669 51276.00579 60000 53 49 1 T 
17670 51281.35578 57300 53 48 2 T 
17671 51284.22912 57300 53 50 4 T 
17672 51332.02247 60300 53 49 2 T 
17673 51337.52445 57000 53 48 1 T 
17674 51358.94376 54000 5 49 2 C2 
17675 51384.65198 56400 53 49 2 T 
17676 51387.31863 54900 53 49 1 T 
17677 51389.9853 56400 53 49 1 T 
17678 51400.65172 58500 53 50 3 T 
17679 51401.56245 57000 53 48 1 T 
17680 51405.98529 58800 53 50 4 T 
17681 51428.38354 54600 53 49 2 T 
17682 51429.37449 57000 1 49 2 B1 
17683 51436.24223 57600 5 48 3 D1 
17684 51436.69043 57000 2 49 2 B1 
17685 51438.43268 55800 3 49 2 C2 
17686 51440.0221 57000 0 49 2 B1 
17687 51441.10529 55800 4 49 2 C2 
17688 51441.52215 56100 3 48 4 D1 
17689 51444.18877 57300 4 48 2 D1 
17690 51447.35716 54600 1 49 3 B1 
17691 51449.63322 56100 5 48 4 D1 
17692 51450.02377 54600 2 49 3 B1 
17693 51452.30007 56400 3 49 1 D1 
17694 51452.69043 54600 0 49 3 B1 
17695 51454.43859 57900 5 49 1 C2 
17696 51454.90897 54600 4 49 3 D1 
17697 51455.3571 54600 1 49 3 B1 
17698 51455.9284 55800 2 50 3 B2 
17699 51456.17512 56400 5 48 5 C1 
17700 51457.09924 57900 3 49 1 C2 
17701 51457.63323 57000 5 48 1 D1 
17702 51458.06715 54600 2 49 3 B1 
17703 51458.13737 56400 53 49 1 T 
17704 51458.94839 56400 3 48 5 C1 
17705 51459.7659 57900 4 49 1 C2 
17706 51460.07837 57000 3 48 1 D1 
17707 51460.50729 57600 0 50 1 B1 
17708 51460.80428 54600 53 49 3 T 
17709 51461.61092 56400 4 48 5 C1 
17710 51462.43255 57900 5 49 1 C2 
17711 51462.9534 55800 0 50 3 B2 
17712 51463.35715 55800 1 50 3 B1 
17713 51463.47067 57000 53 48 1 T 
17714 51464.17503 56400 5 48 5 C1 
17715 51464.9626 59100 3 49 2 C2 
17716 51465.41172 54900 4 49 1 D1 
17717 51465.62007 55800 1 50 3 B2 
17718 51466.94413 64800 3 48 1 C1 
17719 51469.15835 55800 2 50 3 B2 
17720 51469.61096 56400 4 48 5 C1 
17721 51470.96662 57900 5 49 1 D1 
17722 51471.47067 54600 53 48 2 T 
17723 51471.54706 58500 0 50 3 B2 
17724 51473.63347 56400 3 49 2 D1 
17725 51474.11622 57600 1 50 1 B2 
17726 51474.13725 56400 53 48 5 T 
17727 51474.81398 57300 5 48 2 C1 
17728 51475.63338 59100 4 49 2 C2 
17729 51476.3001 54600 4 49 2 D1 
17730 51476.66192 58500 2 50 3 B2 
17731 51479.12206 57600 0 50 1 B2 
17732 51479.25215 55800 2 50 3 A1 
17733 51480.17525 57300 3 48 2 C1 
17734 51481.62007 58500 1 50 3 B2 
17735 51482.64526 55800 0 50 3 A1 
17736 51482.94423 62400 4 48 3 C1 
17737 51484.28672 57600 2 50 1 B2 
17738 51485.50832 57300 5 48 2 C1 
17739 51487.12205 57600 0 50 1 B2 
17740 51488.17501 57300 3 48 2 C1 
17741 51489.60365 55800 1 50 3 B2 
17742 51489.91882 57600 1 50 2 A1 
17743 51490.81379 57300 4 48 2 C1 
17744 51491.77212 62400 5 49 2 C2 
17745 51493.31308 58800 2 50 4 A1 
17746 51493.33382 56400 2 49 1 B1 
17747 51496.25327 57600 0 50 5 A1 
17748 51496.9958 61500 3 49 1 C2 
17749 51499.1866 57300 1 50 4 A1 
17750 51500.29988 55800 5 48 3 D1 
17751 51500.46709 56400 0 49 1 B1 
17752 51502.12108 57600 2 50 1 A1 
17753 51502.74493 55800 3 48 3 D1 
17754 51505.09482 58500 0 50 3 A1 
17755 51505.80043 57000 1 49 2 B1 
17756 51508.46715 59700 2 49 3 B1 
17757 51509.1774 57300 2 50 4 B2 
17758 51510.43877 54600 4 49 2 C2 
17759 51510.9089 54600 4 48 2 D1 
17760 51511.13377 57000 0 49 2 B1 
17761 51513.1053 54600 5 49 2 C2 
17762 51513.41163 56400 5 48 5 D1 
17763 51514.8417 56100 5 48 4 C1 
17764 51515.77199 54600 3 49 2 C2 
17765 51516.47649 57300 1 50 4 B1 
17766 51517.4804 56100 3 48 4 C1 
17767 51518.43257 56400 4 49 1 C2 
17768 51518.85565 57000 3 49 2 D1 
17769 51519.93668 57300 0 50 4 B2 
17770 51520.13377 56400 2 49 1 B1 
17771 51520.14711 56100 4 48 4 C1 
17772 51521.03118 54600 5 49 2 C2 
17773 51522.51615 57600 0 50 5 B1 
17774 51522.9485 56100 5 48 4 C1 
17775 51524.28672 62400 1 50 4 B2 
17776 51526.74511 54900 4 49 1 D1 
17777 51526.95339 57600 2 50 5 B2 
17778 51529.10544 65100 3 49 1 C2 
17779 51529.57564 60600 5 49 1 D1 
17780 51529.78873 57600 0 50 5 B2 
17781 51530.94835 56100 3 48 4 C1 
17782 51532.07834 54900 3 49 1 D1 
17783 51532.28668 64800 1 50 1 B2 
17784 51533.4804 56100 4 48 4 C1 
17785 51534.43257 56400 4 49 1 C2 
17786 51537.41178 55800 4 49 2 D1 
17787 51537.78872 55800 2 50 3 B2 
17788 51538.94421 61200 5 48 2 C1 
17789 51540.49338 55800 0 50 3 B2 
17790 51541.48063 56100 3 48 4 C1 
17791 51542.32926 54900 5 49 1 C2 
17792 51543.16007 63900 1 50 2 B2 
17793 51544.28166 56400 4 48 5 C1 
17794 51545.82673 55800 2 50 3 B2 
17795 51546.81381 56100 5 48 4 C1 
17796 51548.4554 65100 0 50 2 B2 
17797 51550.30002 54900 3 49 1 C2 
17798 51552.27747 59400 3 48 5 C1 
17799 51563.66251 54900 4 49 1 C2 
17800 51564.48377 56400 1 49 1 B1 
17801 51565.61078 57000 4 48 1 C1 
17802 51568.1471 57000 5 48 1 C1 
17803 51568.99584 54900 5 49 1 C2 
17804 51570.94427 57000 3 48 1 C1 
17805 51571.66259 54900 3 49 1 C2 
17806 51574.43868 54900 4 49 1 C2 
17807 51576.99578 54900 5 49 1 C2 
17808 51578.02382 57600 2 50 2 B1 
17809 51578.84176 57000 4 48 1 C1 
17810 51580.45539 57600 1 50 2 B2 
17811 51582.29998 54900 3 49 1 C2 
17812 51583.12206 57600 2 50 2 B2 
17813 51586.94413 54600 5 48 2 C1 
17814 51589.61513 54600 3 48 2 C1 
17815 51590.43869 54900 4 49 1 C2 
17816 51591.12201 58800 0 50 4 B2 
17817 51592.17503 57000 4 48 1 C1 
17818 51593.60365 58800 1 50 4 B2 
17819 51594.94432 57000 5 48 1 C1 
17820 51595.66264 54900 5 49 1 C2 
17821 51598.29596 56400 3 49 2 C2 
17822 51598.94607 57300 2 50 4 B2 
17823 51600.27746 54600 3 48 2 C1 
17824 51601.82673 61200 0 50 2 B2 
17825 51604.4934 57600 1 50 2 B2 
17826 51606.45345 55800 4 49 2 C2 
17827 51608.1751 54600 4 48 2 C1 
17828 51616.28168 54600 5 48 2 C1 
17829 51616.96672 54900 5 49 1 C2 
17830 51618.94839 55800 3 48 3 C1 
17831 51621.6108 55800 4 48 3 C1 
17832 51624.14723 55800 5 48 3 C1 
17833 51624.99587 54900 3 49 1 C2 
17834 51627.63339 60600 4 49 1 C2 
17835 51630.07907 60000 5 49 1 C2 
17836 51632.2818 55800 3 48 3 C1 
17837 51632.44422 54900 3 49 1 C2 
17838 51635.00382 63900 4 49 1 C2 
17839 51637.43666 60300 5 49 2 C2 
17840 51642.94834 55800 4 48 3 C1 
17841 51645.4805 55800 5 48 3 C1 
17842 51649.35942 54900 3 49 1 C2 
17843 51650.48121 56400 0 49 1 B1 
17844 51650.84176 63300 3 48 4 C1 
17845 51653.61504 55800 4 48 3 C1 
17846 51656.14704 55800 5 48 3 C1 
17847 51657.3885 54900 4 49 1 C2 
17848 51658.94859 55800 3 48 3 C1 
17849 51661.39581 56100 4 48 4 C1 
17850 51664.61249 57000 5 48 1 C1 
17851 51668.90027 57600 2 50 5 B2 
17852 51669.50839 57000 3 48 1 C1 
17853 51670.82519 56400 5 49 2 C2 
17854 51673.50883 56400 1 49 1 B1 
17855 51678.45136 54600 3 49 2 C2 
17856 51686.6927 56400 4 49 2 C2 
17857 51708.15862 56400 5 49 2 C2 
17858 51709.50837 57600 4 48 3 C1 
17859 51712.90346 57000 5 48 1 C1 
17860 51716.02604 56400 3 49 2 C2 
17861 51725.61088 57600 3 48 3 C1 
17862 51728.14706 57600 4 48 3 C1 
17863 51743.17739 58800 0 50 4 B2 
17864 51755.77652 56400 4 49 2 C2 
17865 51766.05994 57300 1 50 4 B2 
17866 51777.99227 57600 53 50 2 T 
17867 51783.08134 57600 53 50 2 T 
17868 51787.95708 60900 53 50 1 T 
17869 51793.05901 60900 53 50 1 T 
17870 51798.39227 57600 53 50 5 T 
17871 51803.48134 57600 53 50 5 T 
17872 51808.35708 60900 53 49 2 T 
17873 51813.45901 60900 53 49 2 T 
17874 51818.79227 60600 53 50 5 T 
17875 51822.08807 57900 53 49 1 T 
17876 51822.86934 57900 53 49 1 T 
17877 51823.88134 60600 53 50 5 T 
17878 51827.20845 57900 53 49 1 T 
17879 51828.25744 57600 53 48 3 T 
17880 51828.75708 57600 53 50 1 T 
17881 51831.25336 57600 53 50 1 T 
17882 51832.50899 60600 53 49 1 T 
17883 51833.85901 57600 53 50 1 T 
17884 51837.5992 60600 53 49 1 T 
17885 51839.19227 57600 53 50 1 T 
17886 51842.48806 60600 53 49 1 T 
17887 51844.28134 57600 53 48 3 T 
17888 51847.60843 60600 53 49 1 T 
17889 51849.15708 57600 53 48 3 T 
17890 51852.909 60600 53 49 1 T 
17891 51854.25901 60600 53 48 1 T 
17892 51856.94974 57600 5 48 3 C1 
17893 51858.8165 60600 53 49 1 T 
17894 51859.59227 60600 53 48 1 T 
17895 51862.88807 60600 53 49 1 T 
17896 51864.68134 60600 53 49 1 T 
17897 51868.00851 60900 53 49 2 T 
17898 51869.55708 60600 53 49 1 T 
17899 51873.30898 60900 53 49 2 T 
17900 51873.56245 60900 53 49 2 T 
17901 51873.59066 57600 53 50 2 T 
17902 51878.8578 60900 53 49 2 T 
17903 51884.00578 57600 53 50 5 T 
17904 51886.67245 57600 53 48 3 T 
17905 51910.86955 57600 53 50 5 T 
17906 51937.56247 57900 53 49 1 T 
17907 51940.02245 60600 53 48 1 T 
17908 51942.67245 60600 53 49 1 T 
17909 51948.02245 60600 53 50 5 T 
17910 51990.67246 60600 53 49 1 T 
17911 51995.31842 57300 53 50 4 T 
17912 51997.98527 59100 53 49 2 T 
17913 52000.65199 54900 53 49 1 T 
17914 52001.52445 57600 53 50 2 T 
17915 52026.7921 56400 2 49 1 B1 
17916 52036.15864 60900 5 49 2 C2 
17917 52036.48376 56400 0 49 1 B1 
17918 52041.41153 55800 5 48 3 D1 
17919 52044.15861 65700 3 49 1 C2 
17920 52044.48377 60600 1 49 1 B1 
17921 52046.83125 56400 4 49 1 C2 
17922 52046.85561 56100 3 48 4 D1 
17923 52047.13381 56400 2 49 1 B1 
17924 52049.49186 55800 5 49 2 C2 
17925 52049.63323 56100 4 48 4 D1 
17926 52052.16452 55800 3 49 2 C2 
17927 52052.24217 57000 5 48 1 D1 
17928 52052.48382 58800 0 50 4 B1 
17929 52054.85568 57000 3 48 1 D1 
17930 52055.15044 60900 1 49 2 B1 
17931 52055.47092 57000 53 49 2 T 
17932 52056.27755 57000 3 48 1 C1 
17933 52057.49186 55800 4 49 2 C2 
17934 52057.57547 55800 4 48 3 D1 
17935 52057.6034 63300 2 50 1 B2 
17936 52057.98577 65400 2 49 3 B1 
17937 52058.84178 57000 4 48 1 C1 
17938 52060.18896 56400 5 49 2 D1 
17939 52060.2321 57600 53 50 1 T 
17940 52060.32555 58800 53 50 4 T 
17941 52061.61494 57000 5 48 1 C1 
17942 52062.3144 58800 0 50 4 B2 
17943 52062.82518 60600 5 49 1 C2 
17944 52062.96673 57000 3 49 2 D1 
17945 52064.27747 57000 3 48 1 C1 
17946 52064.55897 60600 1 50 5 B2 
17947 52065.49804 60600 3 49 1 C2 
17948 52065.80049 57600 0 50 5 B1 
17949 52066.94422 57000 4 48 1 C1 
17950 52067.01044 65400 2 50 3 B2 
17951 52068.15854 64500 4 49 1 C2 
17952 52068.24235 59100 4 49 2 D1 
17953 52069.26169 58800 0 50 4 B2 
17954 52069.50835 57000 5 48 1 C1 
17955 52070.83131 60600 5 49 1 C2 
17956 52070.90892 60600 5 49 1 D1 
17957 52071.79732 65400 1 50 4 B2 
17958 52072.16446 57000 3 48 1 C1 
17959 52073.41176 56400 3 49 1 D1 
17960 52074.33904 57600 2 50 5 B2 
17961 52076.53486 64200 0 50 4 B2 
17962 52076.5775 58800 1 50 4 A1 
17963 52076.80398 57000 53 48 1 T 
17964 52077.61091 57000 4 48 1 C1 
17965 52079.47065 57300 53 48 2 T 
17966 52080.06387 57600 2 50 5 A1 
17967 52080.14708 57000 5 48 1 C1 
17968 52081.62006 64200 1 50 3 B2 
17969 52082.70777 59700 1 49 3 B1 
17970 52082.84166 57000 3 48 1 C1 
17971 52084.27006 57600 2 50 5 B2 
17972 52085.6151 66000 4 48 2 C1 
17973 52086.95338 57600 0 50 5 B2 
17974 52087.10196 55800 0 50 3 A1 
17975 52087.31909 59700 2 49 3 B1 
17976 52089.62007 57600 1 50 5 B2 
17977 52090.05159 55800 1 50 3 A1 
17978 52093.46715 57000 0 49 2 B1 
17979 52093.53681 57300 2 50 4 A1 
17980 52094.3518 60600 53 49 1 T 
17981 52094.90877 56400 4 48 5 D1 
17982 52096.47959 58500 0 50 3 A1 
17983 52097.81715 56400 1 49 1 B1 
17984 52100.43527 57600 1 50 1 A1 
17985 52102.83132 56400 3 49 2 C2 
17986 52102.96665 57600 5 48 3 D1 
17987 52103.31911 56400 2 49 1 B1 
17988 52105.38841 56400 4 49 2 C2 
17989 52105.76549 57600 2 50 2 A1 
17990 52108.16464 56400 5 49 2 C2 
17991 52108.18879 56400 3 48 5 D1 
17992 52108.28673 55800 2 50 3 B2 
17993 52109.61516 56400 5 48 5 C1 
17994 52110.83135 56400 3 49 2 C2 
17995 52110.86408 60600 53 49 1 T 
17996 52113.3884 56400 4 49 2 C2 
17997 52113.5222 57300 4 48 2 D1 
17998 52114.6034 58500 0 50 3 B2 
17999 52116.65248 58500 0 50 3 B1 
18000 52117.17591 60900 53 50 1 T 
18001 52117.48055 56400 3 48 5 C1 
18002 52118.74504 56400 5 49 1 D1 
18003 52119.15049 55800 1 50 3 B1 
18004 52120.28169 59400 4 48 5 C1 
18005 52121.49797 56400 5 49 1 C2 
18006 52121.6034 55800 1 50 3 B2 
18007 52121.98577 56400 2 49 1 B1 
18008 52122.81399 59400 5 48 5 C1 
18009 52124.05514 56400 3 49 2 C2 
18010 52124.28674 55800 2 50 3 B2 
18011 52124.69044 56400 0 49 1 B1 
18012 52125.50833 56400 3 48 5 C1 
18013 52126.75719 56400 4 49 1 C2 
18014 52126.85565 55800 3 49 2 D1 
18015 52128.14716 56400 4 48 5 C1 
18016 52129.5224 56400 4 49 2 D1 
18017 52130.51068 58500 0 50 3 B2 
18018 52130.9485 57600 5 48 3 C1 
18019 52132.87741 58800 1 50 4 B2 
18020 52133.61519 57600 3 48 3 C1 
18021 52134.85555 57900 5 49 1 D1 
18022 52135.41142 55800 2 50 3 B2 
18023 52136.14718 57600 4 48 3 C1 
18024 52137.95854 55800 0 50 3 B2 
18025 52138.89471 56400 5 48 5 C1 
18026 52140.4554 55800 1 50 3 B2 
18027 52142.93698 55800 2 50 3 B2 
18028 52145.38857 57900 5 49 1 C2 
18029 52145.78873 58800 0 50 4 B2 
18030 52152.17509 57600 3 48 3 C1 
18031 52153.38846 59100 3 49 2 C2 
18032 52156.69044 57000 1 49 2 B1 
18033 52161.35932 57900 4 49 1 C2 
18034 52162.59506 57300 1 50 4 B2 
18035 52164.02586 59100 5 49 2 C2 
18036 52164.69049 57000 2 49 2 B1 
18037 52165.11722 57300 2 50 4 B2 
18038 52169.38846 59100 3 49 2 C2 
18039 52170.02377 57000 0 49 2 B1 
18040 52172.05515 56400 4 49 2 C2 
18041 52173.61088 55800 4 48 3 C1 
18042 52174.69266 63000 5 49 2 C2 
18043 52176.17501 55800 5 48 3 C1 
18044 52177.38853 60300 3 49 2 C2 
18045 52178.02382 57300 1 50 4 B1 
18046 52178.94403 55800 3 48 3 C1 
18047 52180.28673 60900 0 50 1 B2 
18048 52180.39204 56400 2 49 1 B1 
18049 52181.49779 55800 4 48 3 C1 
18050 52182.72182 63000 4 49 1 C2 
18051 52182.95334 57600 1 50 1 B2 
18052 52183.31916 57600 0 50 1 B1 
18053 52185.8007 57000 1 49 2 B1 
18054 52186.81395 55800 5 48 3 C1 
18055 52188.79039 57600 2 50 1 B2 
18056 52189.50836 56400 3 48 5 C1 
18057 52190.69276 60000 5 49 1 C2 
18058 52191.22788 57600 0 50 1 B2 
18059 52194.94835 56400 4 48 5 C1 
18060 52196.49338 57600 1 50 1 B2 
18061 52197.50846 56400 5 48 5 C1 
18062 52200.27746 64200 3 48 5 C1 
18063 52201.69476 65400 2 49 1 B1 
18064 52201.82673 57600 2 50 1 B2 
18065 52204.29048 57600 0 50 1 B2 
18066 52213.48051 56400 4 48 5 C1 
18067 52216.14716 56100 5 48 4 C1 
18068 52222.69271 57900 3 49 1 C2 
18069 52225.00032 57000 3 48 1 C1 
18070 52232.1471 57300 4 48 2 C1 
18071 52233.49187 64500 4 49 2 C2 
18072 52234.94409 57300 5 48 2 C1 
18073 52236.02597 64200 5 49 2 C2 
18074 52236.45534 57600 1 50 2 B2 
18075 52237.61521 60600 3 48 1 C1 
18076 52240.28184 57300 4 48 2 C1 
18077 52241.49199 57900 3 49 1 C2 
18078 52241.82674 64200 2 50 5 B2 
18079 52242.81391 56100 5 48 4 C1 
18080 52244.02598 57900 4 49 1 C2 
18081 52244.69049 57600 0 50 2 B1 
18082 52248.14708 55800 3 48 3 C1 
18083 52249.56478 56400 5 49 2 C2 
18084 52250.81383 59400 4 48 4 C1 
18085 52252.27006 57300 0 50 4 B2 
18086 52253.61507 57300 5 48 2 C1 
18087 52254.85284 56400 3 49 1 D1 
18088 52254.93672 57600 1 50 2 B2 
18089 52256.01788 56400 1 49 1 B1 
18090 52256.28189 57300 3 48 2 C1 
18091 52257.78872 57600 2 50 2 B2 
18092 52261.50837 57300 4 48 2 C1 
18093 52274.94421 55800 5 48 3 C1 
18094 52281.13489 55800 0 50 3 B2 
18095 52284.66223 56400 3 49 2 C2 
18096 52285.61078 56100 3 48 4 C1 
18097 52291.66652 57600 4 48 3 C1 
18098 52296.27754 56100 5 48 4 C1 
18099 52304.27748 56100 3 48 4 C1 
18100 52306.81683 56100 4 48 4 C1 
18101 52307.15888 57000 2 49 2 B1 
18102 52315.01471 55800 5 48 3 C1 
18103 52325.48041 56100 3 48 4 C1 
18104 52336.28176 56100 4 48 4 C1 
18105 52338.72678 55800 5 48 3 C1 
18106 52341.83541 57300 1 50 4 B2 
18107 52364.42343 57300 2 50 4 B2 
18108 52377.75901 58500 53 50 3 T 
18109 52383.09227 58500 53 50 3 T 
18110 52388.18134 61200 53 50 2 T 
18111 52393.05708 61200 53 50 2 T 
18112 52396.43141 58500 0 50 3 B2 
18113 52398.48229 61200 53 48 2 T 
18114 52403.49227 61200 53 48 2 T 
18115 52418.99288 61800 1 50 3 B2 
18116 52422.29918 61500 53 49 1 T 
18117 52425.536 58500 53 50 3 T 
18118 52427.18804 61500 53 49 1 T 
18119 52441.14055 57600 2 50 2 B2 
18120 52459.57423 56100 3 48 4 C1 
18121 52470.68911 58500 53 50 3 T 
18122 52473.56247 61500 53 49 1 T 
18123 52476.19111 61200 53 48 2 T 
18124 52521.52445 61200 53 50 2 T 
18125 52581.98523 57900 53 49 1 T 
18126 52589.9853 60600 53 49 1 T 
18127 52597.98505 57600 53 50 2 T 
18128 52600.65204 55800 53 50 3 T 
18129 52603.31854 57600 53 50 5 T 
18130 52605.98528 57600 53 50 1 T 
18131 52613.98519 58800 53 50 4 T 
18132 52633.49185 62400 4 49 2 C2 
18133 52634.79215 56400 0 49 1 B1 
18134 52637.33377 56400 1 49 1 B1 
18135 52639.74212 59700 2 49 3 B1 
18136 52642.13438 59700 0 49 3 B1 
18137 52646.96654 55800 4 48 3 D1 
18138 52647.13377 60900 1 49 2 B1 
18139 52649.49185 65100 5 49 1 C2 
18140 52649.63325 57300 5 48 2 D1 
18141 52649.80049 58500 2 50 3 B1 
18142 52650.51073 57300 0 50 4 B2 
18143 52650.94425 57000 4 48 1 C1 
18144 52652.15842 60600 3 49 1 C2 
18145 52652.18882 57300 3 48 2 D1 
18146 52652.73376 56400 0 49 1 B1 
18147 52652.80426 59700 53 49 3 T 
18148 52654.7451 56100 4 48 4 D1 
18149 52654.8313 60000 4 49 1 C2 
18150 52655.16934 57300 1 50 4 B1 
18151 52655.47064 57000 53 48 1 T 
18152 52657.35941 60600 5 49 1 C2 
18153 52657.63333 57000 5 48 1 D1 
18154 52657.80049 59700 2 49 3 B1 
18155 52658.84169 55800 5 48 3 C1 
18156 52660.0261 55800 3 49 2 C2 
18157 52660.48377 60600 0 49 1 B1 
18158 52660.99558 58500 1 50 3 B2 
18159 52661.61504 55800 3 48 3 C1 
18160 52662.69264 60600 4 49 1 C2 
18161 52662.96675 56400 3 49 2 D1 
18162 52663.48387 58500 2 50 3 B2 
18163 52664.14739 55800 4 48 3 C1 
18164 52665.49183 60300 5 49 2 C2 
18165 52665.57567 57000 4 49 2 D1 
18166 52666.04222 58500 0 50 3 B2 
18167 52666.13736 59400 53 48 5 T 
18168 52666.9485 55800 5 48 3 C1 
18169 52668.1647 60000 3 49 1 C2 
18170 52668.30008 60600 5 49 1 D1 
18171 52668.4554 62400 1 50 4 B2 
18172 52668.80399 57600 53 48 3 T 
18173 52669.50845 55800 3 48 3 C1 
18174 52670.9667 59100 3 49 2 D1 
18175 52673.63343 56400 4 49 2 D1 
18176 52674.13733 56100 53 48 4 T 
18177 52674.94846 56100 4 48 4 C1 
18178 52676.15851 60300 4 49 2 C2 
18179 52676.24228 57000 5 49 2 D1 
18180 52676.80395 55800 53 48 3 T 
18181 52677.4804 56100 5 48 4 C1 
18182 52679.16001 61200 2 50 2 B2 
18183 52680.28163 56100 3 48 4 C1 
18184 52681.6238 65100 0 50 2 B2 
18185 52681.91882 57600 0 50 1 A1 
18186 52682.94418 56100 4 48 4 C1 
18187 52684.49339 58500 1 50 3 B2 
18188 52685.32138 57600 1 50 5 A1 
18189 52686.95715 63900 2 50 2 B2 
18190 52688.80775 57600 2 50 2 A1 
18191 52689.49791 56400 5 49 1 C2 
18192 52690.68877 57000 1 49 2 B1 
18193 52690.84176 56100 5 48 4 C1 
18194 52691.78149 58500 0 50 3 A1 
18195 52693.37449 57000 2 49 2 B1 
18196 52694.9534 60600 0 50 5 B2 
18197 52695.20815 58800 1 50 4 A1 
18198 52695.74123 56400 0 49 1 B1 
18199 52696.2818 57000 3 48 1 C1 
18200 52697.60339 60900 1 50 1 B2 
18201 52698.10896 56400 1 49 1 B1 
18202 52700.58119 56400 2 49 1 B1 
18203 52700.79992 55800 2 50 3 A1 
18204 52702.7449 57000 3 48 1 D1 
18205 52702.8313 56400 3 49 2 C2 
18206 52705.49193 56400 4 49 2 C2 
18207 52705.57543 57600 4 48 3 D1 
18208 52705.98301 57300 0 50 4 A1 
18209 52708.05516 56400 5 49 2 C2 
18210 52708.48757 55800 0 50 3 B1 
18211 52708.92435 57300 1 50 4 A1 
18212 52709.1584 57600 2 50 1 B2 
18213 52710.8312 56400 3 49 2 C2 
18214 52711.15049 57600 1 50 1 B1 
18215 52711.54711 55800 0 50 3 B2 
18216 52712.28182 57000 4 48 1 C1 
18217 52713.49182 56400 4 49 2 C2 
18218 52713.52228 56400 5 49 1 D1 
18219 52713.98577 56400 2 49 1 B1 
18220 52714.8417 57000 5 48 1 C1 
18221 52716.15863 56400 5 49 2 C2 
18222 52716.48382 56400 0 49 1 B1 
18223 52716.4934 55800 1 50 3 B2 
18224 52718.8313 56400 3 49 2 C2 
18225 52718.90887 59400 3 48 5 D1 
18226 52719.16007 55800 2 50 3 B2 
18227 52720.27765 57000 3 48 1 C1 
18228 52721.63325 56400 4 48 5 D1 
18229 52722.59502 55800 0 50 3 B2 
18230 52722.81376 57000 4 48 1 C1 
18231 52724.18899 59700 5 49 3 D1 
18232 52725.50834 57000 5 48 1 C1 
18233 52726.9534 64800 1 50 1 B2 
18234 52728.17507 57000 3 48 1 C1 
18235 52729.49796 56400 4 49 2 C2 
18236 52730.8139 57000 4 48 1 C1 
18237 52732.05519 56400 5 49 2 C2 
18238 52732.07844 57900 3 49 1 D1 
18239 52733.61078 57000 5 48 1 C1 
18240 52734.74497 56400 4 49 1 D1 
18241 52736.17501 57000 3 48 1 C1 
18242 52737.60339 57300 2 50 4 B2 
18243 52738.80043 57000 1 49 2 B1 
18244 52738.94839 57000 4 48 1 C1 
18245 52742.93668 57300 0 50 4 B2 
18246 52745.78872 57300 1 50 4 B2 
18247 52746.81381 57000 5 48 1 C1 
18248 52748.4554 57300 2 50 4 B2 
18249 52750.72178 57900 3 49 1 C2 
18250 52753.49805 57900 4 49 1 C2 
18251 52753.62006 57300 0 50 4 B2 
18252 52753.98577 57000 2 49 2 B1 
18253 52756.05509 59100 5 49 2 C2 
18254 52756.4554 57300 1 50 4 B2 
18255 52756.4674 57000 0 49 2 B1 
18256 52759.31916 57600 1 50 5 B1 
18257 52760.17516 59400 3 48 5 C1 
18258 52762.02377 57000 2 49 2 B1 
18259 52764.01042 59100 3 49 2 C2 
18260 52764.47643 57000 0 49 2 B1 
18261 52767.31915 58800 1 50 4 B1 
18262 52769.4981 57900 4 49 1 C2 
18263 52769.98583 57000 2 49 2 B1 
18264 52770.94858 57600 4 48 3 C1 
18265 52772.16466 59100 5 49 2 C2 
18266 52772.28673 57600 2 50 5 B2 
18267 52773.54895 57600 5 48 3 C1 
18268 52774.96663 56400 5 49 1 D1 
18269 52778.51068 57600 0 50 5 B2 
18270 52778.81385 66000 3 48 2 C1 
18271 52780.88652 57600 1 50 5 B2 
18272 52781.61092 66000 4 48 3 C1 
18273 52782.69678 56400 3 49 1 C2 
18274 52783.45606 57600 2 50 5 B2 
18275 52784.1472 57600 5 48 3 C1 
18276 52786.84165 57600 3 48 3 C1 
18277 52789.50845 59400 4 48 5 C1 
18278 52790.69279 63900 4 49 1 C2 
18279 52793.62006 57600 0 50 1 B2 
18280 52794.81376 57000 5 48 1 C1 
18281 52796.49338 57600 1 50 1 B2 
18282 52797.61503 57600 3 48 3 C1 
18283 52800.06243 57000 4 48 1 C1 
18284 52808.27751 57000 5 48 1 C1 
18285 52809.82673 57600 2 50 1 B2 
18286 52813.48066 61200 3 48 2 C1 
18287 52813.57809 57300 0 50 4 B2 
18288 52814.69273 60900 5 49 2 C2 
18289 52817.78872 57600 1 50 1 B2 
18290 52820.4934 57600 2 50 1 B2 
18291 52825.38845 66000 3 49 2 C2 
18292 52828.15857 61500 4 49 1 C2 
18293 52831.10438 57000 3 48 1 D1 
18294 52831.12207 57600 0 50 2 B2 
18295 52832.17522 56400 4 48 5 C1 
18296 52834.94412 56400 5 48 5 C1 
18297 52837.15835 57600 1 50 2 B2 
18298 52837.61503 56400 3 48 5 C1 
18299 52838.69271 57900 5 49 1 C2 
18300 52840.27747 56400 4 48 5 C1 
18301 52841.49195 57900 3 49 1 C2 
18302 52842.94417 56400 5 48 5 C1 
18303 52844.02607 57900 4 49 1 C2 
18304 52844.29049 57600 2 50 2 B2 
18305 52845.61508 56400 3 48 5 C1 
18306 52847.12206 66000 0 50 5 B2 
18307 52848.14721 64800 4 48 1 C1 
18308 52849.62007 57600 1 50 2 B2 
18309 52850.94419 56400 5 48 5 C1 
18310 52853.48039 56400 3 48 5 C1 
18311 52853.69332 56400 0 49 1 B1 
18312 52856.175 56400 4 48 5 C1 
18313 52857.60338 58800 2 50 4 B2 
18314 52860.27007 58800 0 50 4 B2 
18315 52861.61509 59400 5 48 5 C1 
18316 52863.12201 58800 1 50 4 B2 
18317 52864.27761 60600 3 48 1 C1 
18318 52873.82672 58800 2 50 4 B2 
18319 52881.6034 58800 0 50 4 B2 
18320 52888.1473 57300 4 48 2 C1 
18321 52889.78413 56400 4 48 5 D1 
18322 52893.87063 57000 1 49 2 B1 
18323 52896.28168 57300 5 48 2 C1 
18324 52898.84168 57300 3 48 2 C1 
18325 52901.61502 57300 4 48 2 C1 
18326 52904.17513 57300 5 48 2 C1 
18327 52906.94827 57300 3 48 2 C1 
18328 52909.56134 57300 4 48 2 C1 
18329 52914.81382 59400 5 48 4 C1 
18330 52920.2252 58800 1 50 4 B2 
18331 52920.27754 62400 3 48 3 C1 
18332 52922.00136 59100 5 49 2 C2 
18333 52926.28514 57600 4 48 3 C1 
18334 52942.94406 57600 2 50 5 B2 
18335 52943.87857 56400 3 49 1 C2 
18336 52963.04241 57600 2 50 2 B1 
18337 52965.11931 57600 0 50 1 B2 
18338 52977.98134 61800 53 50 3 T 
18339 52982.85708 61800 53 50 3 T 
18340 52987.95901 58800 53 50 4 T 
18341 52993.29227 58800 53 50 4 T 
18342 52997.17306 57600 1 50 2 B2 
18343 52999.20572 58800 53 50 4 T 
18344 53003.25708 58800 53 50 4 T 
18345 53022.10846 59100 53 49 2 T 
18346 53025.59066 59100 53 49 2 T 
18347 53027.40903 59100 53 49 2 T 
18348 53030.92392 58800 53 50 4 T 
18349 53062.37103 57300 5 48 2 C1 
18350 53073.56245 58800 53 50 4 T 
18351 53076.00579 59100 53 49 2 T 
18352 53085.90265 57300 3 48 2 C1 
18353 53140.00578 58800 53 50 4 T 
18354 53173.98526 60300 53 49 2 T 
18355 53179.31867 60600 53 49 1 T 
18356 53187.31866 56400 53 49 2 T 
18357 53195.31857 60000 53 49 1 T 
18358 53197.98507 58800 53 50 4 T 
18359 53201.35578 61800 53 50 3 T 
18360 53211.31856 58500 53 50 3 T 
18361 53237.33382 65400 0 49 1 B1 
18362 53239.63382 59700 1 49 3 B1 
18363 53241.41166 57000 5 48 1 D1 
18364 53242.7921 60600 2 49 1 B1 
18365 53244.24217 57300 3 48 2 D1 
18366 53245.22439 59700 0 49 3 B1 
18367 53246.69269 57900 4 49 1 C2 
18368 53247.65041 60600 1 49 1 B1 
18369 53249.49183 59100 5 49 2 C2 
18370 53250.09283 65400 2 49 3 B1 
18371 53250.94849 57300 4 48 2 C1 
18372 53252.02603 59100 3 49 2 C2 
18373 53252.18894 57600 4 48 3 D1 
18374 53252.69872 59700 0 49 3 B1 
18375 53253.27002 57600 2 50 1 B2 
18376 53253.61515 57300 5 48 2 C1 
18377 53254.74491 57300 5 48 2 D1 
18378 53254.83136 59100 4 49 2 C2 
18379 53255.36539 59700 1 49 3 B1 
18380 53255.47092 56400 53 49 1 T 
18381 53257.35925 59100 5 49 2 C2 
18382 53258.59506 57600 0 50 1 B2 
18383 53260.15852 60900 3 49 2 C2 
18384 53260.30004 56400 3 49 1 D1 
18385 53261.50833 57600 3 48 3 C1 
18386 53262.72188 57900 4 49 1 C2 
18387 53262.74512 57900 4 49 1 D1 
18388 53263.12207 63300 1 50 1 B2 
18389 53264.17501 57600 4 48 3 C1 
18390 53265.38859 57900 5 49 1 C2 
18391 53265.60366 57600 2 50 2 B2 
18392 53266.81368 57600 5 48 3 C1 
18393 53268.24228 60300 5 49 2 D1 
18394 53268.48478 57600 2 50 2 B1 
18395 53269.61095 57600 3 48 3 C1 
18396 53271.12206 57600 0 50 2 B2 
18397 53272.14715 57300 4 48 2 C1 
18398 53273.41181 56400 3 49 2 D1 
18399 53273.49186 60900 3 49 2 C2 
18400 53274.13724 57000 53 48 1 T 
18401 53274.94418 57600 5 48 3 C1 
18402 53276.4934 57600 1 50 2 B2 
18403 53276.64656 57300 2 50 4 A1 
18404 53276.80398 56400 53 48 5 T 
18405 53278.909 59100 4 49 2 D1 
18406 53280.28168 57600 3 48 3 C1 
18407 53282.78104 57600 0 50 1 A1 
18408 53282.84175 57600 4 48 3 C1 
18409 53284.28673 64200 2 50 5 B2 
18410 53285.48051 57600 5 48 3 C1 
18411 53285.72122 57300 1 50 4 A1 
18412 53287.16006 57600 0 50 2 B2 
18413 53289.62382 57600 1 50 2 B2 
18414 53289.80878 56400 0 49 1 B1 
18415 53290.8417 57600 3 48 3 C1 
18416 53292.64658 57600 2 50 2 A1 
18417 53294.93672 57600 2 50 2 B2 
18418 53295.58935 57600 0 50 5 A1 
18419 53299.10813 57600 1 50 1 A1 
18420 53300.1647 57900 4 49 1 C2 
18421 53301.36378 57000 1 49 2 B1 
18422 53302.69276 60600 5 49 1 C2 
18423 53303.75249 60900 2 49 2 B1 
18424 53305.49185 60600 3 49 1 C2 
18425 53305.6333 59400 5 48 5 D1 
18426 53305.96652 58500 2 50 3 A1 
18427 53306.1469 56400 0 49 1 B1 
18428 53306.81682 56400 4 48 5 C1 
18429 53308.63279 56400 1 49 1 B1 
18430 53309.13735 57600 0 50 5 A1 
18431 53310.745 57000 3 49 2 D1 
18432 53310.82524 57900 4 49 1 C2 
18433 53311.32738 56400 2 49 1 B1 
18434 53311.92835 57600 0 50 5 B2 
18435 53312.65613 58800 1 50 4 A1 
18436 53313.498 57900 5 49 1 C2 
18437 53313.5755 56400 4 48 5 D1 
18438 53313.82539 60900 0 49 2 B1 
18439 53314.81376 60600 5 48 1 C1 
18440 53316.05515 57900 3 49 1 C2 
18441 53317.38273 56400 1 49 1 B1 
18442 53317.48041 64200 3 48 5 C1 
18443 53318.69274 60600 4 49 1 C2 
18444 53318.90889 57000 5 49 2 D1 
18445 53320.27746 60600 4 48 1 C1 
18446 53321.49176 60600 5 49 1 C2 
18447 53321.82545 57600 2 50 1 B1 
18448 53322.11414 65400 1 50 3 B2 
18449 53324.18884 60000 3 49 1 D1 
18450 53324.60588 57600 2 50 1 B2 
18451 53326.85553 57000 4 48 1 D1 
18452 53327.18129 57600 0 50 5 B2 
18453 53328.2817 57300 5 48 2 C1 
18454 53329.38857 57900 3 49 1 C2 
18455 53329.6131 64200 1 50 3 B2 
18456 53329.80877 57600 0 50 1 B1 
18457 53330.94422 56400 3 48 5 C1 
18458 53333.61537 57300 4 48 2 C1 
18459 53334.83137 57900 4 49 1 C2 
18460 53334.93672 57600 2 50 1 B2 
18461 53336.14706 57300 5 48 2 C1 
18462 53337.57567 60600 5 49 1 D1 
18463 53337.78873 57600 0 50 1 B2 
18464 53340.45538 57600 1 50 1 B2 
18465 53343.12207 57600 2 50 1 B2 
18466 53344.2775 57300 3 48 2 C1 
18467 53348.15864 56400 5 49 2 C2 
18468 53353.62006 57600 0 50 1 B2 
18469 53353.82545 57000 1 49 2 B1 
18470 53354.81376 57300 4 48 2 C1 
18471 53359.15873 57000 2 49 2 B1 
18472 53361.38847 60000 3 49 1 C2 
18473 53362.07538 57000 0 49 2 B1 
18474 53364.16467 56400 4 49 1 C2 
18475 53365.34206 57000 1 49 2 B1 
18476 53366.83132 56400 5 49 2 C2 
18477 53367.65887 57000 2 49 2 B1 
18478 53368.14722 57000 5 48 1 C1 
18479 53369.49792 66600 3 49 1 C2 
18480 53370.14564 57000 0 49 2 B1 
18481 53370.81382 57000 3 48 1 C1 
18482 53373.47544 57000 1 49 2 B1 
18483 53373.61506 57000 4 48 1 C1 
18484 53374.72185 60600 4 49 1 C2 
18485 53374.93673 58500 1 50 3 B2 
18486 53375.81721 57000 2 49 2 B1 
18487 53376.27751 59400 5 48 4 C1 
18488 53377.49196 56400 5 49 2 C2 
18489 53377.6034 58500 2 50 3 B2 
18490 53378.83097 59400 3 48 5 C1 
18491 53380.02603 60000 3 49 1 C2 
18492 53380.66078 57600 0 50 5 B1 
18493 53383.82506 58800 0 50 4 B2 
18494 53384.17526 59400 4 48 5 C1 
18495 53386.94847 57000 5 48 1 C1 
18496 53388.49211 58500 1 50 3 B1 
18497 53388.63328 65400 1 50 4 B2 
18498 53389.61094 59400 3 48 5 C1 
18499 53390.72184 60600 4 49 1 C2 
18500 53391.19669 57600 2 50 5 B2 
18501 53393.35943 60000 5 49 1 C2 
18502 53393.62456 58500 0 50 3 B2 
18503 53396.49338 57600 1 50 5 B2 
18504 53397.61507 56400 4 48 5 C1 
18505 53398.83144 64200 3 49 2 C2 
18506 53399.16007 57600 2 50 5 B2 
18507 53400.1471 59400 5 48 5 C1 
18508 53408.27749 56400 3 48 5 C1 
18509 53412.45539 57600 0 50 5 B2 
18510 53413.67746 57600 2 50 1 B1 
18511 53417.38849 66600 4 49 2 C2 
18512 53420.01043 63000 5 49 1 C2 
18513 53421.61091 57000 4 48 1 C1 
18514 53425.10626 59100 3 49 2 C2 
18515 53426.49169 61200 1 50 2 B2 
18516 53426.84171 57000 5 48 1 C1 
18517 53428.02601 56400 4 49 2 C2 
18518 53428.87178 60600 2 50 5 B2 
18519 53430.82523 65700 5 49 1 C2 
18520 53431.41263 57600 0 50 2 B2 
18521 53433.49811 63000 3 49 2 C2 
18522 53433.78107 61800 1 50 3 B2 
18523 53436.05509 61500 4 49 1 C2 
18524 53436.28265 57000 3 48 1 D1 
18525 53436.69878 58800 0 50 4 B1 
18526 53437.61502 57000 3 48 1 C1 
18527 53438.61591 64200 2 50 4 B2 
18528 53440.14705 57000 4 48 1 C1 
18529 53442.94829 57000 5 48 1 C1 
18530 53444.02605 56400 5 49 2 C2 
18531 53445.48067 57000 3 48 1 C1 
18532 53445.69016 58800 0 50 4 B2 
18533 53448.1718 58800 1 50 4 B2 
18534 53448.17511 57000 4 48 1 C1 
18535 53450.89469 57000 5 48 1 C1 
18536 53452.15866 64500 3 49 1 C2 
18537 53453.69021 58800 2 50 4 B2 
18538 53454.85006 57600 4 48 3 D1 
18539 53455.32744 57300 1 50 4 B1 
18540 53456.17181 58800 0 50 4 B2 
18541 53456.17512 57000 3 48 1 C1 
18542 53459.02355 60600 1 50 5 B2 
18543 53461.38318 57600 2 50 2 B2 
18544 53461.61504 57000 4 48 1 C1 
18545 53463.95374 56400 5 48 5 C1 
18546 53470.13765 58800 2 50 4 A1 
18547 53472.35142 59700 5 49 3 D1 
18548 53477.72821 58800 0 50 4 B2 
18549 53481.49189 60300 4 49 2 C2 
18550 53483.02355 57300 1 50 4 B2 
18551 53485.30706 57600 2 50 5 B2 
18552 53486.83138 64500 5 49 2 C2 
18553 53488.963 57300 3 48 2 C1 
18554 53493.06731 57600 0 50 2 A1 
18555 53493.69021 57300 0 50 4 B2 
18556 53501.52154 57300 1 50 4 B2 
18557 53504.28171 66900 4 48 5 C1 
18558 53504.39489 57300 2 50 4 B2 
18559 53505.49189 60300 3 49 2 C2 
18560 53506.78165 57600 0 50 1 B2 
18561 53506.84177 66000 5 48 2 C1 
18562 53509.7547 60900 1 50 1 B2 
18563 53510.83144 60300 4 49 2 C2 
18564 53512.28365 57300 2 50 4 B2 
18565 53514.48312 57300 0 50 4 B2 
18566 53514.81382 57000 3 48 1 C1 
18567 53516.98214 57300 1 50 4 B2 
18568 53517.50835 61200 4 48 2 C1 
18569 53524.13935 57900 3 49 1 D1 
18570 53531.66975 66600 5 48 4 C1 
18571 53537.3047 58500 2 50 3 B2 
18572 53543.13141 60900 0 50 1 B2 
18573 53559.80509 58500 1 50 3 B2 
18574 53577.75901 62400 53 48 3 T 
18575 53578.00026 65100 5 49 2 C2 
18576 53582.3558 57000 3 48 1 C1 
18577 53583.09227 62400 53 48 3 T 
18578 53588.18134 62400 53 50 5 T 
18579 53591.03125 57600 2 50 5 B2 
18580 53593.49919 62400 53 50 4 T 
18581 53598.15901 62400 53 50 4 T 
18582 53603.49227 59700 53 49 3 T 
18583 53605.52867 57000 4 48 1 C1 
18584 53608.58134 59700 53 49 3 T 
18585 53613.97055 58800 0 50 4 B2 
18586 53616.02516 59400 53 48 4 T 
18587 53618.58253 59400 53 48 5 T 
18588 53620.20291 59400 53 48 5 T 
18589 53622.29918 62400 53 49 2 T 
18590 53623.18396 59400 53 48 4 T 
18591 53623.89227 59400 53 48 5 T 
18592 53627.18804 62400 53 49 2 T 
18593 53636.09789 58800 1 50 4 B2 
18594 53658.76147 57300 2 50 4 B2 
18595 53676.02247 62400 53 49 2 T 
18596 53678.68912 59700 53 49 3 T 
18597 53684.19111 62400 53 50 4 T 
18598 53686.89579 62400 53 48 3 T 
18599 53721.53622 59700 53 49 3 T 
18600 53745.33911 59400 53 48 5 T 
18601 53781.98523 60900 53 49 2 T 
18602 53784.65202 59100 53 49 2 T 
18603 53787.31864 60600 53 49 1 T 
18604 53795.31871 58800 53 50 4 T 
18605 53797.98521 57300 53 50 4 T 
18606 53803.31845 60600 53 50 5 T 
18607 53813.98519 60900 53 50 1 T 
18608 53834.03205 60900 2 49 2 B1 
18609 53836.05527 60600 3 49 1 C2 
18610 53840.03039 59700 0 49 3 B1 
18611 53841.63323 57000 4 48 1 D1 
18612 53842.31339 60900 1 49 2 B1 
18613 53844.18884 57600 5 48 3 D1 
18614 53846.82517 60600 4 49 1 C2 
18615 53846.85552 59400 3 48 5 D1 
18616 53847.32745 60600 2 49 1 B1 
18617 53847.4707 60900 53 49 2 T 
18618 53849.34372 60600 5 49 1 C2 
18619 53849.63327 60600 4 48 1 D1 
18620 53849.80903 58500 0 50 3 B1 
18621 53852.24226 59400 5 48 4 D1 
18622 53852.69877 57300 1 50 4 B1 
18623 53852.80428 57000 53 49 2 T 
18624 53854.69262 60600 3 49 1 C2 
18625 53854.74506 57600 3 48 3 D1 
18626 53855.3274 60900 2 49 2 B1 
18627 53855.35476 61200 0 50 2 B2 
18628 53855.47072 60600 53 49 1 T 
18629 53857.38856 60600 4 49 1 C2 
18630 53857.57564 59700 4 49 3 D1 
18631 53858.78976 58500 1 50 3 B2 
18632 53858.80044 59700 0 49 3 B1 
18633 53860.10908 66000 5 49 2 C2 
18634 53860.80398 57300 53 48 2 T 
18635 53861.14329 60600 1 49 1 B1 
18636 53861.32539 61200 2 50 2 B2 
18637 53861.61517 66000 5 48 2 C1 
18638 53862.90897 60000 5 49 1 D1 
18639 53863.47063 57000 53 48 1 T 
18640 53864.13138 66000 0 50 5 B2 
18641 53864.1472 57300 3 48 2 C1 
18642 53865.38853 60600 3 49 1 C2 
18643 53865.52235 60900 3 49 2 D1 
18644 53868.80393 60600 53 48 1 T 
18645 53869.61095 60600 4 48 1 C1 
18646 53870.08631 58800 1 50 4 A1 
18647 53871.14809 67500 1 50 1 B2 
18648 53872.27751 60600 5 48 1 C1 
18649 53873.52235 60600 4 49 1 D1 
18650 53873.79808 67500 2 50 3 B2 
18651 53874.79827 62400 3 48 3 C1 
18652 53876.68809 67500 0 50 2 B2 
18653 53878.96662 60600 5 49 1 D1 
18654 53879.31676 60600 1 50 5 B2 
18655 53880.17502 57300 4 48 2 C1 
18656 53881.63345 60900 3 49 2 D1 
18657 53881.98341 60600 2 50 5 B2 
18658 53882.88237 61200 5 48 2 C1 
18659 53884.48141 60600 0 50 5 B2 
18660 53886.89193 57600 2 50 1 A1 
18661 53887.31676 63900 1 50 2 B2 
18662 53888.14714 57300 3 48 2 C1 
18663 53889.79829 64800 2 50 1 B2 
18664 53889.80871 57000 2 49 2 B1 
18665 53889.82641 57600 0 50 2 A1 
18666 53890.84167 60600 4 48 1 C1 
18667 53892.76775 57600 1 50 1 A1 
18668 53896.04944 57000 0 49 2 B1 
18669 53898.67482 58500 2 50 3 A1 
18670 53900.47543 57000 1 49 2 B1 
18671 53902.06793 60900 0 50 1 A1 
18672 53902.82519 59100 4 49 2 C2 
18673 53905.01071 60600 1 50 5 A1 
18674 53905.82545 57600 2 50 2 B1 
18675 53908.16469 59100 5 49 2 C2 
18676 53908.47539 59700 0 49 3 B1 
18677 53908.54569 57600 2 50 5 A1 
18678 53909.50843 59400 5 48 5 C1 
18679 53910.69278 60900 3 49 2 C2 
18680 53910.74488 57300 4 48 2 D1 
18681 53911.36539 57000 1 49 2 B1 
18682 53913.49191 59100 4 49 2 C2 
18683 53913.81476 57300 0 50 4 B2 
18684 53913.8181 57600 2 50 1 B1 
18685 53914.94421 59400 3 48 5 C1 
18686 53915.10282 58500 0 50 3 A1 
18687 53916.15844 59100 5 49 2 C2 
18688 53916.18896 57000 5 49 2 D1 
18689 53916.46476 57300 1 50 4 B2 
18690 53916.69878 59700 0 49 3 B1 
18691 53917.50849 59400 4 48 5 C1 
18692 53918.6928 59100 3 49 2 C2 
18693 53919.36539 59700 1 49 3 B1 
18694 53921.52226 59100 3 49 2 D1 
18695 53922.70542 57300 2 50 4 B2 
18696 53922.94857 57600 5 48 3 C1 
18697 53924.0552 60600 4 49 1 C2 
18698 53924.30005 60600 4 49 1 D1 
18699 53925.45638 57300 0 50 4 B2 
18700 53925.61087 57600 3 48 3 C1 
18701 53926.69387 60900 5 49 2 C2 
18702 53927.97854 58500 1 50 3 B2 
18703 53928.28165 57600 4 48 3 C1 
18704 53930.81375 57600 5 48 3 C1 
18705 53932.07843 57900 5 49 1 D1 
18706 53933.48038 57600 3 48 3 C1 
18707 53934.96675 60300 3 49 2 D1 
18708 53935.35476 58500 2 50 3 B2 
18709 53936.27747 57600 4 48 3 C1 
18710 53938.02141 58500 0 50 3 B2 
18711 53938.81372 57600 5 48 3 C1 
18712 53940.0783 57900 4 49 1 D1 
18713 53940.68809 58500 1 50 3 B2 
18714 53943.31675 58500 2 50 3 B2 
18715 53945.81475 58500 0 50 3 B2 
18716 53946.94843 57600 3 48 3 C1 
18717 53948.48137 58500 1 50 3 B2 
18718 53949.61081 57600 4 48 3 C1 
18719 53950.83131 60300 3 49 2 C2 
18720 53951.13142 62400 2 50 4 B2 
18721 53953.49194 60300 4 49 2 C2 
18722 53956.66078 57600 2 50 1 B1 
18723 53959.52567 58800 1 50 4 A1 
18724 53961.49199 60000 5 49 1 C2 
18725 53964.15862 63900 3 49 1 C2 
18726 53966.72182 62400 4 49 2 C2 
18727 53967.15877 57600 0 50 1 B1 
18728 53967.31676 57600 0 50 2 B2 
18729 53969.49786 61500 5 49 1 C2 
18730 53973.50857 64800 5 48 1 C1 
18731 53974.69277 60000 3 49 1 C2 
18732 53976.14714 57000 3 48 1 C1 
18733 53977.49798 61500 4 49 1 C2 
18734 53977.81476 57600 1 50 2 B2 
18735 53978.9441 57000 4 48 1 C1 
18736 53981.61511 57000 5 48 1 C1 
18737 53984.03871 57600 2 50 2 B2 
18738 53984.28193 59400 3 48 4 C1 
18739 53985.35939 60000 5 49 1 C2 
18740 53986.68642 57600 0 50 1 B2 
18741 53986.94835 57000 4 48 1 C1 
18742 53989.07513 57600 1 50 2 B2 
18743 53989.50832 66000 5 48 3 C1 
18744 53990.82525 60000 3 49 1 C2 
18745 53991.63218 57600 2 50 2 B2 
18746 53992.27744 59400 3 48 4 C1 
18747 53992.27803 60600 1 49 1 B1 
18748 53993.95054 57600 0 50 2 B2 
18749 53994.94416 57000 4 48 1 C1 
18750 53996.50947 60900 1 50 1 B2 
18751 53999.10949 60600 4 49 1 C2 
18752 53999.1369 60900 2 50 1 B2 
18753 54002.02141 60900 0 50 1 B2 
18754 54004.68809 57600 1 50 2 B2 
18755 54005.615 59400 5 48 5 C1 
18756 54007.3167 57600 2 50 2 B2 
18757 54010.8418 59400 3 48 5 C1 
18758 54013.25963 57300 4 48 2 C1 
18759 54014.7218 57900 5 49 1 C2 
18760 54017.49807 57900 3 49 1 C2 
18761 54018.02143 61800 0 50 3 B2 
18762 54020.02603 57900 4 49 1 C2 
18763 54020.69878 58800 2 50 4 B1 
18764 54022.43677 60600 5 49 1 C2 
18765 54023.32744 58800 0 50 4 B1 
18766 54024.83746 57900 3 49 1 C2 
18767 54027.27172 60300 4 49 2 C2 
18768 54029.78742 57900 5 49 1 C2 
18769 54032.23385 57900 3 49 1 C2 
18770 54032.44369 57300 5 48 2 C1 
18771 54036.24304 57900 4 49 1 C2 
18772 54036.65009 58800 1 50 4 B2 
18773 54040.01971 58800 2 50 4 B2 
18774 54040.68312 57000 1 49 2 B1 
18775 54042.31842 57600 0 50 1 B2 
18776 54042.64836 65100 5 49 1 C2 
18777 54047.01309 60300 3 49 2 C2 
18778 54048.13142 58800 1 50 4 B2 
18779 54049.6859 57900 4 49 1 C2 
18780 54052.48142 57600 2 50 1 B2 
18781 54055.13141 57600 0 50 1 B2 
18782 54055.52 61200 3 48 2 C1 
18783 54057.81476 57600 1 50 1 B2 
18784 54060.68808 57600 2 50 1 B2 
18785 54063.15183 57600 0 50 1 B2 
18786 54064.84782 59100 5 49 2 C2 
18787 54066.02137 57600 1 50 1 B2 
18788 54069.50838 57000 4 48 1 C1 
18789 54071.14211 58800 2 50 4 B1 
18790 54074.41136 57300 2 50 4 A1 
18791 54074.81381 57000 5 48 1 C1 
18792 54079.13143 57600 2 50 5 B2 
18793 54082.03211 57600 0 50 5 B1 
18794 54086.73142 60900 3 49 2 C2 
18795 54093.96909 57600 0 50 2 A1 
18796 54096.13138 57600 0 50 5 B2 
18797 54100.48143 57600 1 50 5 B2 
18798 54103.13142 65100 2 50 2 B2 
18799 54105.68591 57900 4 49 1 C2 
18800 54105.98342 58800 0 50 4 B2 
18801 54108.65009 58800 1 50 4 B2 
18802 54113.50891 57600 1 50 5 A1 
18803 54114.78976 57600 2 50 5 B2 
18804 54117.31192 58800 0 50 4 B2 
18805 54119.61815 58800 1 50 4 B2 
18806 54120.96912 57000 3 48 1 C1 
18807 54122.15337 58800 2 50 4 B2 
18808 54170.02142 57600 0 50 5 B2 
18809 54172.65008 57600 1 50 5 B2 
18810 54177.98134 63300 53 48 4 T 
18811 54182.85708 63300 53 50 1 T 
18812 54187.95901 63300 53 50 1 T 
18813 54199.01825 57600 2 50 1 B2 
18814 54222.10846 60300 53 49 2 T 
18815 54222.92399 60000 53 49 1 T 
18816 54227.40903 60300 53 49 2 T 
18817 54230.924 60300 53 49 2 T 
18818 54232.49919 60000 53 49 1 T 
18819 54237.38804 60000 53 49 1 T 
18820 54242.50845 63000 53 49 1 T 
18821 54245.37055 57600 0 50 5 B2 
18822 54247.809 63000 53 49 1 T 
18823 54252.89914 63000 53 49 2 T 
18824 54257.78804 63000 53 49 2 T 
18825 54267.92815 57600 1 50 5 B2 
18826 54276.22912 63300 53 50 1 T 
18827 54278.8578 60300 53 49 2 T 
18828 54329.56247 63000 53 49 1 T 
18829 54384.65199 61500 53 49 1 T 
18830 54387.31862 60600 53 49 1 T 
18831 54388.00579 63000 53 49 2 T 
18832 54389.98531 57900 53 49 1 T 
18833 54395.31856 57600 53 50 1 T 
18834 54397.9853 58800 53 50 4 T 
18835 54400.6518 61200 53 50 2 T 
18836 54405.98538 57600 53 50 2 T 
18837 54408.65195 57600 53 50 5 T 
18838 54436.24313 60600 5 49 1 C2 
18839 54440.13373 59700 1 49 3 B1 
18840 54444.21386 60600 3 49 1 C2 
18841 54445.05531 59700 2 49 3 B1 
18842 54446.88045 60600 4 49 1 C2 
18843 54447.50077 59700 0 49 3 B1 
18844 54449.5472 60600 5 49 1 C2 
18845 54449.63326 57600 5 48 3 D1 
18846 54449.97969 65400 1 49 3 B1 
18847 54450.13759 59700 53 49 3 T 
18848 54452.02247 60000 53 49 1 T 
18849 54452.24217 59400 3 48 5 D1 
18850 54452.50496 60900 2 50 1 B1 
18851 54454.90891 66000 4 48 2 D1 
18852 54455.16705 59700 0 49 3 B1 
18853 54456.27755 60600 4 48 1 C1 
18854 54457.5764 60600 3 49 1 C2 
18855 54458.13731 57000 53 48 1 T 
18856 54458.70542 61200 2 50 2 B2 
18857 54458.84167 59400 5 48 5 C1 
18858 54460.07843 59700 5 49 3 D1 
18859 54460.34641 60600 4 49 1 C2 
18860 54460.804 59400 53 48 4 T 
18861 54461.45638 61200 0 50 2 B2 
18862 54461.61494 59400 3 48 5 C1 
18863 54462.96671 57900 3 49 1 D1 
18864 54463.01921 60600 5 49 1 C2 
18865 54463.53091 59700 1 49 3 B1 
18866 54464.17511 59400 4 48 5 C1 
18867 54465.63343 60600 4 49 1 D1 
18868 54466.9484 59400 5 48 5 C1 
18869 54468.24315 60600 3 49 1 C2 
18870 54468.46475 58500 1 50 3 B2 
18871 54468.804 61200 53 48 2 T 
18872 54469.61097 60600 3 48 1 C1 
18873 54470.90887 59100 5 49 2 D1 
18874 54470.90971 63000 4 49 2 C2 
18875 54471.1257 57600 2 50 5 A1 
18876 54471.31676 58500 2 50 3 B2 
18877 54471.4706 57600 53 48 3 T 
18878 54472.14724 59400 4 48 5 C1 
18879 54473.41179 60000 3 49 1 D1 
18880 54473.8147 58500 0 50 3 B2 
18881 54476.24234 57600 0 50 1 A1 
18882 54478.90897 59100 4 49 2 D1 
18883 54479.14076 64200 1 50 3 B2 
18884 54480.14707 59400 5 48 5 C1 
18885 54482.33771 58800 1 50 4 A1 
18886 54482.94419 59400 3 48 4 C1 
18887 54484.47409 65400 2 50 3 B2 
18888 54485.48049 59400 4 48 4 C1 
18889 54485.85648 60900 2 50 1 A1 
18890 54487.35475 58500 0 50 3 B2 
18891 54488.28161 66600 5 48 4 C1 
18892 54489.25074 57600 0 50 2 A1 
18893 54489.54734 59100 5 49 2 C2 
18894 54489.8185 58500 1 50 3 B2 
18895 54490.84178 64200 3 48 5 C1 
18896 54492.19208 61200 1 50 2 A1 
18897 54492.21398 59100 3 49 2 C2 
18898 54495.0131 59100 4 49 2 C2 
18899 54495.16581 58800 2 50 4 A1 
18900 54497.67964 59100 5 49 2 C2 
18901 54498.59248 58800 0 50 4 A1 
18902 54498.74106 60600 2 49 1 B1 
18903 54501.9856 60600 1 50 5 A1 
18904 54503.18377 57600 0 50 2 B1 
18905 54504.91893 58500 2 50 3 A1 
18906 54506.01906 60900 1 49 2 B1 
18907 54507.85226 58500 0 50 3 A1 
18908 54508.51706 60900 2 49 2 B1 
18909 54510.78675 65100 1 50 2 A1 
18910 54511.18378 60900 0 49 2 B1 
18911 54512.28182 61200 4 48 2 C1 
18912 54513.50561 59400 53 48 5 T 
18913 54514.68642 61800 2 50 3 B2 
18914 54514.94847 61200 5 48 2 C1 
18915 54516.51706 65400 1 49 1 B1 
18916 54517.50835 57600 3 48 3 C1 
18917 54518.90972 60600 3 49 1 C2 
18918 54519.14809 63300 0 50 1 B2 
18919 54519.35238 60600 2 49 1 B1 
18920 54520.14701 57600 4 48 3 C1 
18921 54521.52929 64200 4 49 2 C2 
18922 54521.57555 60900 5 49 2 D1 
18923 54522.0191 60600 0 49 1 B1 
18924 54522.70538 61800 1 50 3 B2 
18925 54522.81389 57600 5 48 3 C1 
18926 54524.24224 60300 3 49 2 D1 
18927 54525.0721 60600 2 50 5 B2 
18928 54526.74504 60600 4 49 1 D1 
18929 54526.88056 60600 5 49 1 C2 
18930 54527.59662 65400 0 50 4 B2 
18931 54529.52223 60900 5 49 2 D1 
18932 54529.68587 59100 3 49 2 C2 
18933 54530.94429 57600 3 48 3 C1 
18934 54535.13141 60900 1 50 1 B2 
18935 54538.94845 60600 4 48 1 C1 
18936 54540.65004 60900 2 50 1 B2 
18937 54541.61078 57600 5 48 3 C1 
18938 54543.01318 66600 4 49 1 C2 
18939 54543.13167 64200 0 50 4 B2 
18940 54545.52231 61500 3 49 1 D1 
18941 54545.79809 60900 1 50 1 B2 
18942 54548.35245 57900 5 49 1 C2 
18943 54548.68809 60600 2 50 5 B2 
18944 54551.31675 60600 0 50 5 B2 
18945 54552.14731 66900 3 48 5 C1 
18946 54553.68585 65700 3 49 1 C2 
18947 54559.01321 57900 4 49 1 C2 
18948 54567.01921 57900 5 49 1 C2 
18949 54567.35244 57600 1 50 5 B1 
18950 54569.98343 57600 1 50 1 B2 
18951 54572.72378 57600 2 50 1 B1 
18952 54573.35304 57600 2 50 5 B2 
18953 54576.13142 57600 0 50 5 B2 
18954 54577.67978 57900 3 49 1 C2 
18955 54582.88057 59100 4 49 2 C2 
18956 54585.67974 59100 5 49 2 C2 
18957 54588.34652 59100 3 49 2 C2 
18958 54588.65009 57600 1 50 1 B2 
18959 54589.76007 59700 0 49 3 B1 
18960 54590.90965 57900 4 49 1 C2 
18961 54591.14807 57600 2 50 2 B2 
18962 54594.02142 57600 0 50 1 B2 
18963 54596.65009 62400 1 50 4 B2 
18964 54596.84964 60600 5 49 1 C2 
18965 54598.96665 60600 4 49 1 D1 
18966 54599.3547 57600 2 50 2 B2 
18967 54600.17511 66000 4 48 2 C1 
18968 54601.57626 60900 3 49 2 C2 
18969 54602.02143 57600 0 50 1 B2 
18970 54604.48518 57600 1 50 2 B2 
18971 54607.01931 60900 4 49 2 C2 
18972 54607.14808 57600 2 50 2 B2 
18973 54609.68593 60900 5 49 2 C2 
18974 54612.43072 60900 1 49 2 B1 
18975 54620.77466 58500 0 50 3 B2 
18976 54626.02143 58800 1 50 4 B2 
18977 54628.24298 60900 3 49 2 C2 
18978 54628.72377 58800 2 50 4 B1 
18979 54631.17645 58800 0 50 4 B1 
18980 54632.13138 58800 2 50 4 B2 
18981 54633.67978 60000 4 49 1 C2 
18982 54634.79003 58800 0 50 4 B2 
18983 54635.44885 58500 1 50 3 B1 
18984 54636.12015 61200 5 48 2 D1 
18985 54636.3526 60000 5 49 1 C2 
18986 54641.68589 60000 3 49 1 C2 
18987 54641.79809 58800 1 50 4 B2 
18988 54644.35255 60000 4 49 1 C2 
18989 54644.65008 64200 2 50 5 B2 
18990 54646.9228 58500 0 50 3 B2 
18991 54649.54727 60000 5 49 1 C2 
18992 54649.79756 57600 1 50 5 B2 
18993 54652.2225 58800 2 50 4 B2 
18994 54653.88713 60600 3 48 1 D1 
18995 54654.79331 58800 0 50 4 B2 
18996 54657.30327 58800 1 50 4 B2 
18997 54657.70533 59100 3 49 2 C2 
18998 54658.3204 60600 2 49 1 B1 
18999 54660.68411 64500 4 49 2 C2 
19000 54663.00503 60300 5 49 2 C2 
19001 54664.91623 58800 2 50 4 B2 
19002 54665.57641 60300 3 49 2 C2 
19003 54667.18896 58500 0 50 3 B2 
19004 54673.54721 60300 4 49 2 C2 
19005 54675.62015 61200 5 48 2 C1 
19006 54679.93689 60600 5 49 1 C2 
19007 54680.73178 60600 0 50 5 B1 
19008 54684.51711 58800 1 50 4 B1 
19009 54692.24309 61500 3 49 1 C2 
19010 54693.21976 61200 1 50 2 B2 
19011 54694.94509 63000 4 49 1 C2 
19012 54696.95422 58800 2 50 4 B2 
19013 54698.74185 62400 3 48 3 C1 
19014 54700.34641 61500 5 49 1 C2 
19015 54705.57636 64500 3 49 1 C2 
19016 54707.39756 58800 0 50 4 B2 
19017 54715.41418 58800 1 50 4 B2 
19018 54721.63396 60600 4 48 1 C1 
19019 54740.73653 57600 2 50 1 B2 
19020 54745.57639 60300 4 49 2 C2 
19021 54764.21391 60300 5 49 2 C2 
19022 54770.18962 66600 3 49 2 C2 
19023 54777.99227 60900 53 49 2 T 
19024 54783.08134 60900 53 49 2 T 
19025 54787.95708 60600 53 50 5 T 
19026 54793.05901 60600 53 50 5 T 
19027 54798.39227 63900 53 50 2 T 
19028 54803.48134 63900 53 50 2 T 
19029 54808.35708 60900 53 50 1 T 
19030 54813.45901 60900 53 50 1 T 
19031 54817.01253 58800 0 50 4 B2 
19032 54819.49192 60600 53 49 1 T 
19033 54822.10846 63900 53 49 1 T 
19034 54822.92424 60600 53 48 1 T 
19035 54823.88134 60600 53 49 1 T 
19036 54825.92007 60900 53 49 2 T 
19037 54827.40903 63900 53 49 1 T 
19038 54828.75708 60600 53 48 1 T 
19039 54829.04858 60600 53 49 1 T 
19040 54832.49919 60600 53 49 1 T 
19041 54833.85901 60600 53 48 1 T 
19042 54836.20293 60900 53 50 1 T 
19043 54837.38804 60600 53 49 1 T 
19044 54839.85285 57600 1 50 5 B2 
19045 54842.50845 60600 53 49 1 T 
19046 54844.62056 62400 4 49 2 C2 
19047 54847.809 60600 53 49 1 T 
19048 54852.89914 60600 53 49 1 T 
19049 54857.78804 60600 53 49 1 T 
19050 54862.90845 60600 53 49 1 T 
19051 54865.52447 60600 53 49 1 T 
19052 54866.43383 61500 5 49 1 C2 
19053 54868.209 60900 53 49 2 T 
19054 54873.2992 60900 53 49 2 T 
19055 54876.02245 60600 53 48 1 T 
19056 54878.67245 63900 53 50 2 T 
19057 54881.52445 60900 53 49 2 T 
19058 54884.20287 60600 53 50 5 T 
19059 54886.15127 58800 2 50 4 B2 
19060 54889.59058 60600 53 49 1 T 
19061 54892.56445 60900 53 49 2 T 
19062 54932.02245 60900 53 50 1 T 
19063 54940.22912 60600 53 49 1 T 
19064 54972.07221 60600 53 49 1 T 
19065 54977.33913 60600 53 49 1 T 
19066 54984.65199 60000 53 49 1 T 
19067 54985.52445 60600 53 50 5 T 
19068 54989.98523 60600 53 49 1 T 
19069 54995.31864 60300 53 49 2 T 
19070 54997.98514 58800 53 50 4 T 
19071 55003.31871 58500 53 50 3 T 
19072 55011.31854 61800 53 50 3 T 
19073 55028.02247 60900 53 49 2 T 
19074 55037.50044 59700 2 49 3 B1 
19075 55039.84221 59700 0 49 3 B1 
19076 55041.54733 59100 3 49 2 C2 
19077 55042.27005 60600 1 49 1 B1 
19078 55044.21394 59100 4 49 2 C2 
19079 55046.85547 59400 4 48 5 D1 
19080 55047.01297 68700 5 49 2 C2 
19081 55047.35239 60600 2 49 1 B1 
19082 55050.70039 59700 0 49 3 B1 
19083 55052.18892 59400 5 48 5 D1 
19084 55052.34642 60300 3 49 2 C2 
19085 55052.38919 58500 0 50 3 B2 
19086 55054.74508 59700 3 49 3 D1 
19087 55054.98067 58500 1 50 3 B2 
19088 55055.0192 60300 4 49 2 C2 
19089 55055.1671 58500 1 50 3 B1 
19090 55057.4116 59400 4 48 4 D1 
19091 55057.54728 60300 5 49 2 C2 
19092 55058.05706 60600 2 49 1 B1 
19093 55060.21387 60300 3 49 2 C2 
19094 55061.48043 59400 5 48 5 C1 
19095 55062.06423 58500 2 50 3 B2 
19096 55062.74489 61200 5 48 2 D1 
19097 55063.35245 60600 0 49 1 B1 
19098 55064.14304 59400 3 48 5 C1 
19099 55065.57562 59100 3 49 2 D1 
19100 55067.39756 62400 0 50 4 B2 
19101 55068.18903 59700 4 49 3 D1 
19102 55068.2139 60300 4 49 2 C2 
19103 55069.61503 59400 4 48 5 C1 
19104 55070.0809 58500 1 50 3 B2 
19105 55070.90878 60600 5 48 1 D1 
19106 55071.01303 60300 5 49 2 C2 
19107 55072.28189 59400 5 48 5 C1 
19108 55072.95423 62400 2 50 5 B2 
19109 55074.8719 59400 3 48 5 C1 
19110 55075.41798 67500 0 50 3 B2 
19111 55076.07847 60900 3 49 2 D1 
19112 55079.97561 58800 2 50 4 A1 
19113 55080.14714 59400 4 48 5 C1 
19114 55080.73114 60900 1 50 1 B2 
19115 55081.63331 60000 4 49 1 D1 
19116 55082.84179 61200 5 48 2 C1 
19117 55083.41423 60900 2 50 1 B2 
19118 55085.15561 58800 0 50 4 A1 
19119 55085.61092 59400 3 48 5 C1 
19120 55086.24957 62400 0 50 4 B2 
19121 55088.09839 58500 1 50 3 A1 
19122 55088.17514 61200 4 48 2 C1 
19123 55088.73115 60900 1 50 1 B2 
19124 55090.94425 61200 5 48 2 C1 
19125 55091.252 63900 53 49 1 T 
19126 55091.59306 60600 2 50 5 A1 
19127 55092.34654 60600 3 49 1 C2 
19128 55095.07828 58800 0 50 4 A1 
19129 55097.68586 60600 4 49 1 C2 
19130 55098.02106 61800 1 50 3 A1 
19131 55098.05706 59700 1 49 3 B1 
19132 55100.72372 59700 2 49 3 B1 
19133 55103.01922 59100 5 49 2 C2 
19134 55103.39044 59700 0 49 3 B1 
19135 55106.05711 59700 1 49 3 B1 
19136 55108.35245 60600 3 49 1 C2 
19137 55108.72372 59700 2 49 3 B1 
19138 55111.01321 60600 4 49 1 C2 
19139 55111.17639 59700 0 49 3 B1 
19140 55113.61923 58800 2 50 4 B2 
19141 55113.85044 58800 1 50 4 B1 
19142 55114.94838 60600 3 48 1 C1 
19143 55116.18888 60600 5 49 1 D1 
19144 55116.24302 59100 5 49 2 C2 
19145 55116.30485 58800 0 50 4 B2 
19146 55117.38872 60900 2 49 2 B1 
19147 55117.48053 59400 4 48 4 C1 
19148 55118.59042 58800 1 50 4 B2 
19149 55118.96667 60600 3 49 1 D1 
19150 55119.01317 59100 3 49 2 C2 
19151 55119.67172 58800 0 50 4 B1 
19152 55120.17503 60600 5 48 1 C1 
19153 55121.06824 58800 2 50 4 B2 
19154 55121.57561 60900 4 49 2 D1 
19155 55121.67975 59100 4 49 2 C2 
19156 55122.94412 60600 3 48 1 C1 
19157 55124.30001 60600 5 49 1 D1 
19158 55125.61086 60600 4 48 1 C1 
19159 55126.06423 58800 0 50 4 B2 
19160 55128.28175 59400 5 48 4 C1 
19161 55128.95418 61800 1 50 3 B2 
19162 55129.67974 59100 5 49 2 C2 
19163 55130.94423 61200 3 48 2 C1 
19164 55131.6209 58800 2 50 4 B2 
19165 55132.35252 59100 3 49 2 C2 
19166 55133.50858 60600 4 48 1 C1 
19167 55134.08465 58800 0 50 4 B2 
19168 55134.90893 61500 3 49 1 D1 
19169 55136.2775 62400 5 48 3 C1 
19170 55136.91622 58800 1 50 4 B2 
19171 55138.81381 59400 3 48 4 C1 
19172 55139.41422 61800 2 50 3 B2 
19173 55141.50835 66000 4 48 2 C1 
19174 55142.08088 61800 0 50 3 B2 
19175 55142.74497 60300 4 49 2 D1 
19176 55144.28174 62400 5 48 3 C1 
19177 55151.01931 60600 4 49 1 C2 
19178 55156.243 60600 5 49 1 C2 
19179 55159.16711 60900 1 49 2 B1 
19180 55161.57635 60600 3 49 1 C2 
19181 55161.85039 60900 2 49 2 B1 
19182 55164.35261 60600 4 49 1 C2 
19183 55164.50039 60900 0 49 2 B1 
19184 55166.90956 60600 5 49 1 C2 
19185 55167.06423 61200 1 50 2 B2 
19186 55167.16711 58800 1 50 4 B1 
19187 55172.28585 61200 2 50 2 B2 
19188 55174.88058 60600 3 49 1 C2 
19189 55175.35244 61200 2 50 2 B1 
19190 55177.68592 60600 4 49 1 C2 
19191 55179.41799 58800 0 50 4 B2 
19192 55182.06424 65100 1 50 2 B2 
19193 55184.91623 61200 2 50 2 B2 
19194 55185.52225 60600 5 49 1 D1 
19195 55185.57638 60600 5 49 1 C2 
19196 55187.39777 58800 0 50 4 B2 
19197 55188.35254 60600 3 49 1 C2 
19198 55191.01921 60600 4 49 1 C2 
19199 55192.20534 68700 3 48 1 C1 
19200 55192.49104 60600 0 49 1 B1 
19201 55192.91622 58800 1 50 4 B2 
19202 55193.46838 59100 5 49 2 C2 
19203 55195.58288 58800 2 50 4 B2 
19204 55197.50847 64800 4 48 1 C1 
19205 55198.28756 58800 0 50 4 B2 
19206 55200.91623 63900 1 50 2 B2 
19207 55201.57645 63000 3 49 2 C2 
19208 55203.6209 58800 2 50 4 B2 
19209 55214.88053 63900 4 49 1 C2 
19210 55215.09359 60900 1 50 1 B1 
19211 55217.00294 59400 5 48 5 C1 
19212 55217.5471 63000 5 49 1 C2 
19213 55220.24308 65100 3 49 1 C2 
19214 55222.88053 60900 4 49 2 C2 
19215 55225.67974 62400 5 49 2 C2 
19216 55230.24957 60600 0 50 5 B2 
19217 55231.18378 60600 2 50 5 B1 
19218 55233.34646 60900 1 50 1 B2 
19219 55236.48884 66000 2 50 5 B2 
19220 55238.88056 60600 3 49 1 C2 
19221 55240.53218 59400 3 48 5 C1 
19222 55241.57634 60600 4 49 1 C2 
19223 55244.24307 60600 5 49 1 C2 
19224 55246.08084 60600 0 50 5 B2 
19225 55248.95422 60600 1 50 5 B2 
19226 55249.47333 59100 3 49 2 D1 
19227 55252.214 66000 3 49 2 C2 
19228 55254.28756 67500 2 50 1 B2 
19229 55256.74023 67500 0 50 2 B2 
19230 55259.3979 60600 1 50 5 B2 
19231 55265.03047 61200 2 50 2 A1 
19232 55268.34643 61500 4 49 1 C2 
19233 55269.50578 60900 0 49 2 B1 
19234 55276.35255 61500 5 49 1 C2 
19235 55279.01298 61500 3 49 1 C2 
19236 55281.54318 61500 4 49 1 C2 
19237 55291.96822 60900 0 50 1 A1 
19238 55292.21391 60900 5 49 2 C2 
19239 55294.88055 60900 3 49 2 C2 
19240 55303.01312 60900 4 49 2 C2 
19241 55305.34222 64800 2 50 1 B2 
19242 55305.54729 60900 5 49 2 C2 
19243 55319.01918 60000 3 49 1 C2 
19244 55332.24299 60000 4 49 1 C2 
19245 55332.78161 63300 0 50 1 B2 
19246 55345.20545 66000 4 48 3 C1 
19247 55351.01308 60000 5 49 1 C2 
19248 55353.68585 60000 3 49 1 C2 
19249 55356.34651 60000 4 49 1 C2 
19250 55359.01306 60000 5 49 1 C2 
19251 55377.99227 64200 53 50 4 T 
19252 55383.08134 64200 53 50 4 T 
19253 55387.95708 64200 53 50 3 T 
19254 55391.5159 62400 3 49 2 C2 
19255 55393.05901 64200 53 50 3 T 
19256 55398.39227 64200 53 48 5 T 
19257 55403.48134 64200 53 48 5 T 
19258 55408.35708 64200 53 50 5 T 
19259 55413.45901 64200 53 50 5 T 
19260 55418.79227 61200 53 48 2 T 
19261 55422.08807 61500 53 49 1 T 
19262 55422.8254 61200 53 50 2 T 
19263 55423.88134 61200 53 48 2 T 
19264 55427.20845 61500 53 49 1 T 
19265 55428.75708 61200 53 50 2 T 
19266 55432.50899 64200 53 49 2 T 
19267 55433.53617 61500 53 49 1 T 
19268 55433.85901 61200 53 50 2 T 
19269 55437.5992 64200 53 49 2 T 
19270 55439.0366 68400 4 49 1 C2 
19271 55442.48806 64500 53 49 1 T 
19272 55447.60843 64500 53 49 1 T 
19273 55452.909 64500 53 49 2 T 
19274 55457.99916 64500 53 49 2 T 
19275 55481.56245 61200 53 50 2 T 
19276 55484.19111 61200 53 48 2 T 
19277 55516.07994 64500 53 49 1 T 
19278 55521.53624 61200 53 48 2 T 
19279 55542.67245 64200 53 50 4 T 
19280 55548.22912 64200 53 48 5 T 
19281 55577.41459 64500 53 49 2 T 
19282 55579.3186 60900 53 49 2 T 
19283 55581.98533 62400 53 49 2 T 
19284 55587.31865 60600 53 49 1 T 
19285 55588.02247 61500 53 49 1 T 
19286 55596.02245 64200 53 50 3 T 
19287 55603.31841 58800 53 50 4 T 
19288 55605.98518 60600 53 50 5 T 
19289 55608.65206 62400 53 50 4 T 
19290 55631.57526 59100 53 49 2 T 
19291 55632.16705 65400 1 49 3 B1 
19292 55636.35251 60600 5 49 1 C2 
19293 55637.40777 65400 2 49 1 B1 
19294 55641.52214 66000 4 48 3 D1 
19295 55641.67986 60600 3 49 1 C2 
19296 55641.83371 60600 0 49 1 B1 
19297 55644.18894 61200 5 48 2 D1 
19298 55644.35241 60600 4 49 1 C2 
19299 55644.50043 60600 1 49 1 B1 
19300 55646.88054 60600 5 49 1 C2 
19301 55647.0559 63900 1 50 2 B2 
19302 55649.54341 64200 53 49 2 T 
19303 55649.63331 59400 3 48 5 D1 
19304 55649.67983 60600 3 49 1 C2 
19305 55649.85044 60600 2 49 1 B1 
19306 55650.13737 60900 53 49 2 T 
19307 55650.27357 60900 53 50 1 T 
19308 55652.24215 62400 4 48 3 D1 
19309 55652.50039 60600 0 49 1 B1 
19310 55653.49788 59400 5 48 4 C1 
19311 55654.85568 59700 5 49 3 D1 
19312 55655.06418 62400 2 50 4 B2 
19313 55655.39044 61200 1 50 2 B1 
19314 55655.47096 60600 53 49 1 T 
19315 55657.58481 64200 53 50 5 T 
19316 55657.63328 59400 3 48 4 D1 
19317 55657.68588 60600 4 49 1 C2 
19318 55658.01906 60600 2 49 1 B1 
19319 55658.94835 63300 3 48 4 C1 
19320 55659.70755 62400 0 50 4 B2 
19321 55660.24217 59400 4 48 5 D1 
19322 55660.24301 60600 5 49 1 C2 
19323 55660.51706 60600 0 49 1 B1 
19324 55661.61087 59400 4 48 4 C1 
19325 55662.96673 60600 5 49 1 D1 
19326 55666.01911 61800 1 50 3 B1 
19327 55666.94836 66900 5 48 5 C1 
19328 55667.5829 61200 1 50 2 B2 
19329 55668.35251 60600 3 49 1 C2 
19330 55669.47545 60600 3 48 1 C1 
19331 55670.96675 60600 3 49 1 D1 
19332 55671.01925 60600 4 49 1 C2 
19333 55672.74023 61800 2 50 3 B2 
19334 55673.57554 60600 4 49 1 D1 
19335 55673.57637 60600 5 49 1 C2 
19336 55674.13733 60600 53 48 1 T 
19337 55674.84169 66600 4 48 4 C1 
19338 55675.41422 61200 0 50 2 B2 
19339 55676.07847 60600 5 49 1 D1 
19340 55677.48042 60600 5 48 1 C1 
19341 55678.28756 61200 1 50 2 B2 
19342 55680.17509 60600 3 48 1 C1 
19343 55680.91618 64200 2 50 4 B2 
19344 55682.94416 60600 4 48 1 C1 
19345 55683.39782 62400 0 50 4 B2 
19346 55685.48054 60600 5 48 1 C1 
19347 55688.15872 59700 2 49 3 B1 
19348 55688.73089 61800 1 50 3 B2 
19349 55690.63182 60900 1 50 1 A1 
19350 55691.41423 61800 2 50 3 B2 
19351 55693.36711 59700 0 49 3 B1 
19352 55693.572 61800 2 50 3 A1 
19353 55696.53889 61200 0 50 2 A1 
19354 55697.68595 60600 3 49 1 C2 
19355 55699.96555 58800 1 50 4 A1 
19356 55700.34639 60600 4 49 1 C2 
19357 55700.51705 60900 1 49 2 B1 
19358 55703.01928 60600 5 49 1 C2 
19359 55703.39222 62400 2 50 4 A1 
19360 55704.14721 62400 3 48 3 C1 
19361 55705.57621 60600 3 49 1 C2 
19362 55705.72252 58800 0 50 4 B2 
19363 55705.83377 58800 2 50 4 B1 
19364 55706.94845 62400 4 48 3 C1 
19365 55708.31401 58800 1 50 4 B2 
19366 55708.5171 60900 0 49 2 B1 
19367 55709.50833 59400 5 48 5 C1 
19368 55711.39039 60900 1 49 2 B1 
19369 55713.57636 60600 4 49 1 C2 
19370 55714.01905 60900 2 49 2 B1 
19371 55716.2139 60600 5 49 1 C2 
19372 55716.29998 60600 3 49 1 D1 
19373 55716.68578 60900 0 49 2 B1 
19374 55717.61513 62400 3 48 3 C1 
19375 55718.74506 62400 4 49 2 D1 
19376 55718.90967 60600 3 49 1 C2 
19377 55719.39044 60600 1 50 5 B1 
19378 55721.41159 60600 5 48 1 D1 
19379 55721.5764 60600 4 49 1 C2 
19380 55721.62325 62400 53 48 3 T 
19381 55721.85416 60900 2 49 2 B1 
19382 55723.39757 60600 2 50 5 B2 
19383 55724.18884 60300 3 49 2 D1 
19384 55726.06423 58800 0 50 4 B2 
19385 55726.74508 59100 4 49 2 D1 
19386 55726.8806 60600 5 49 1 C2 
19387 55728.95424 65400 1 50 4 B2 
19388 55729.57565 60300 5 49 2 D1 
19389 55730.814 59400 4 48 5 C1 
19390 55731.40691 58800 2 50 4 B2 
19391 55732.24234 59700 3 49 3 D1 
19392 55733.61089 59400 5 48 5 C1 
19393 55734.24956 60600 0 50 5 B2 
19394 55736.17501 59400 3 48 5 C1 
19395 55736.74755 60600 1 50 5 B2 
19396 55738.74106 59700 0 49 3 B1 
19397 55738.94834 59400 4 48 5 C1 
19398 55739.62084 60600 2 50 5 B2 
19399 55741.50835 59400 5 48 5 C1 
19400 55742.08464 60600 0 50 5 B2 
19401 55744.27752 59400 3 48 5 C1 
19402 55744.74757 58800 1 50 4 B2 
19403 55746.81371 59400 4 48 5 C1 
19404 55753.54721 63000 3 49 2 C2 
19405 55759.01922 61500 4 49 1 C2 
19406 55761.57643 63000 5 49 2 C2 
19407 55762.01905 59700 1 49 3 B1 
19408 55764.19828 61500 3 49 1 C2 
19409 55766.97152 60900 2 50 1 B2 
19410 55767.17641 59700 2 49 3 B1 
19411 55769.54713 65700 4 49 1 C2 
19412 55769.57554 60000 4 49 1 D1 
19413 55770.0191 59700 0 49 3 B1 
19414 55772.21399 61500 5 49 1 C2 
19415 55772.5007 60900 1 50 1 B1 
19416 55774.88059 61500 3 49 1 C2 
19417 55778.05705 59700 2 49 3 B1 
19418 55779.41423 60900 0 50 1 B2 
19419 55780.34642 69300 4 49 1 C2 
19420 55780.68573 59700 0 49 3 B1 
19421 55782.06424 60900 1 50 1 B2 
19422 55782.96655 60000 5 49 1 D1 
19423 55784.28191 66000 5 48 2 C1 
19424 55784.95422 62400 2 50 5 B2 
19425 55785.52228 60900 3 49 2 D1 
19426 55787.41799 63300 0 50 1 B2 
19427 55788.24223 61500 4 49 1 D1 
19428 55788.3464 61500 5 49 1 C2 
19429 55790.08089 60900 1 50 1 B2 
19430 55792.28176 61200 3 48 2 C1 
19431 55792.91622 64200 2 50 3 B2 
19432 55794.9442 61200 4 48 2 C1 
19433 55795.5829 60900 0 50 1 B2 
19434 55797.61495 61200 5 48 2 C1 
19435 55798.24956 58800 1 50 4 B2 
19436 55800.175 61200 3 48 2 C1 
19437 55802.81378 69000 4 48 2 C1 
19438 55803.39751 63300 2 50 1 B2 
19439 55805.48037 61200 5 48 2 C1 
19440 55807.90564 59400 3 48 4 C1 
19441 55809.67974 63000 3 49 1 C2 
19442 55816.95423 58800 0 50 4 B2 
19443 55820.34643 60300 4 49 2 C2 
19444 55822.90964 60300 5 49 2 C2 
19445 55825.54727 60300 3 49 2 C2 
19446 55825.57593 61200 1 50 2 B2 
19447 55828.21394 60300 4 49 2 C2 
19448 55829.62154 60600 4 48 1 C1 
19449 55831.01296 60300 5 49 2 C2 
19450 55836.34641 60300 3 49 2 C2 
19451 55839.01921 60300 4 49 2 C2 
19452 55841.67984 60300 5 49 2 C2 
19453 55844.3525 60300 3 49 2 C2 
19454 55846.74201 60600 4 49 1 C2 
19455 55855.11861 60900 5 49 2 D1 
19456 55860.35249 60900 5 49 2 C2 
19457 55870.88058 66600 3 49 1 C2 
19458 55876.35256 62400 4 49 2 C2 
19459 55878.56263 59400 5 48 5 C1 
19460 55879.01318 60900 5 49 2 C2 
19461 55884.34653 60900 3 49 2 C2 
19462 55889.68578 64200 4 49 2 C2 
19463 55892.35251 62400 5 49 2 C2 
19464 55897.3745 60600 0 50 5 A1 
19465 55897.68597 62400 3 49 2 C2 
19466 55902.90974 63000 4 49 1 C2 
19467 55905.57631 64500 5 49 2 C2 
19468 55908.01175 64200 2 50 5 B2 
19469 55912.14303 59700 1 49 3 B1 
19470 55920.97946 64200 3 48 5 C1 
19471 55922.18656 66600 3 49 2 C2 
19472 55924.97794 60000 4 49 1 C2 
19473 55929.68596 60000 5 49 1 C2 
19474 55930.58708 65400 0 50 3 B2 
19475 55934.89902 59100 3 49 2 C2 
19476 55940.35261 59100 4 49 2 C2 
19477 55953.57623 59100 5 49 2 C2 
19478 55956.21385 60900 3 49 2 C2 
19479 55958.90971 60900 4 49 2 C2 
19480 55961.57641 60900 5 49 2 C2 
19481 55964.21387 59100 3 49 2 C2 
19482 55977.99227 64800 53 48 1 T 
19483 55983.08134 64800 53 48 1 T 
19484 55985.54725 60000 4 49 1 C2 
19485 55987.95708 64800 53 50 1 T 
19486 55988.35251 60000 5 49 1 C2 
19487 55990.90977 63900 3 49 1 C2 
19488 55993.05901 64800 53 50 1 T 
19489 55996.24315 64500 4 49 1 C2 
19490 55998.39227 65100 53 50 2 T 
19491 56003.48134 65100 53 50 2 T 
19492 56008.35708 65100 53 50 2 T 
19493 56009.5472 60000 5 49 1 C2 
19494 56012.34637 60000 3 49 1 C2 
19495 56013.45901 61800 53 50 3 T 
19496 56014.88064 60000 4 49 1 C2 
19497 56017.61799 60000 5 49 1 C2 
19498 56018.79227 61800 53 50 3 T 
19499 56022.08807 65100 53 49 2 T 
19500 56027.20845 65100 53 49 1 T 
19501 56028.25734 61800 53 50 3 T 
19502 56032.50899 65100 53 49 1 T 
19503 56068.22914 65100 53 49 1 T 
19504 56070.89579 64800 53 50 1 T 
19505 56076.00578 64800 53 48 1 T 
19506 56092.37082 59100 3 49 2 C2 
19507 56134.67245 65100 53 50 2 T 
19508 56175.29037 60000 4 49 1 C2 
19509 56179.31865 61500 53 49 1 T 
19510 56184.65198 60600 53 49 1 T 
19511 56189.9853 63000 53 49 1 T 
19512 56192.65197 63000 53 49 2 T 
19513 56197.98537 58800 53 50 4 T 
19514 56203.31829 63300 53 50 1 T 
19515 56205.98528 61200 53 50 2 T 
19516 56236.7671 60600 2 49 1 B1 
19517 56240.03372 60600 0 49 1 B1 
19518 56241.0137 61800 53 50 3 T 
19519 56242.72211 60600 1 49 1 B1 
19520 56244.1888 60600 3 48 1 D1 
19521 56244.21387 60900 5 49 2 C2 
19522 56245.50849 60600 4 48 1 C1 
19523 56246.96656 60600 4 48 1 D1 
19524 56247.43372 60600 2 49 1 B1 
19525 56249.68587 60900 3 49 2 C2 
19526 56252.18884 59400 5 48 5 D1 
19527 56252.21395 60900 4 49 2 C2 
19528 56252.51711 62400 0 50 4 B1 
19529 56254.24957 62400 1 50 4 B2 
19530 56254.74508 61200 3 48 2 D1 
19531 56255.01302 60900 5 49 2 C2 
19532 56255.16711 60600 1 49 1 B1 
19533 56255.47092 59700 53 49 3 T 
19534 56256.27745 60600 5 48 1 C1 
19535 56257.57553 62400 4 48 3 D1 
19536 56257.67986 60900 3 49 2 C2 
19537 56257.83372 60600 2 49 1 B1 
19538 56260.24295 60900 4 49 2 C2 
19539 56260.30005 61500 5 49 1 D1 
19540 56260.39756 64200 2 50 4 B2 
19541 56260.51711 61200 0 50 2 B1 
19542 56261.61085 60600 3 48 1 C1 
19543 56262.85569 63000 3 49 1 D1 
19544 56262.95217 62400 0 50 4 B2 
19545 56263.01919 64200 5 49 2 C2 
19546 56263.39039 60600 1 49 1 B1 
19547 56264.27749 60600 4 48 1 C1 
19548 56265.26954 63300 1 50 1 B2 
19549 56265.41176 60600 4 49 1 D1 
19550 56265.67971 64500 3 49 2 C2 
19551 56266.94418 60600 5 48 1 C1 
19552 56268.189 59700 5 49 3 D1 
19553 56268.21395 60900 4 49 2 C2 
19554 56269.50839 59400 3 48 5 C1 
19555 56270.06422 63300 2 50 1 B2 
19556 56271.01309 60900 5 49 2 C2 
19557 56272.17521 60600 4 48 1 C1 
19558 56272.91623 63300 0 50 1 B2 
19559 56274.9441 59400 5 48 5 C1 
19560 56275.62088 66000 1 50 5 B2 
19561 56276.07832 60900 3 49 2 D1 
19562 56276.80398 61200 53 48 2 T 
19563 56277.50848 60600 3 48 1 C1 
19564 56278.24956 62400 2 50 4 B2 
19565 56279.47065 59400 53 48 5 T 
19566 56282.84337 61200 1 50 2 A1 
19567 56283.62089 64200 0 50 3 B2 
19568 56284.189 60900 4 49 2 D1 
19569 56285.50845 59400 4 48 5 C1 
19570 56285.8171 61800 2 50 3 A1 
19571 56288.28176 59400 5 48 5 C1 
19572 56288.74751 64800 1 50 1 B2 
19573 56290.81369 59400 3 48 5 C1 
19574 56291.39756 70500 2 50 5 B2 
19575 56292.41137 62400 0 50 4 A1 
19576 56295.35155 60600 1 50 5 A1 
19577 56295.39044 59700 2 49 3 B1 
19578 56298.28603 63300 2 50 1 A1 
19579 56300.68572 60600 0 49 1 B1 
19580 56301.22622 60900 0 50 1 A1 
19581 56304.05539 70200 1 49 2 B1 
19582 56304.14721 68700 4 48 1 C1 
19583 56304.32691 60900 1 50 1 A1 
19584 56306.43549 59700 2 49 3 B1 
19585 56307.6209 60900 0 50 1 B2 
19586 56308.87051 59700 0 49 3 B1 
19587 56310.94285 60300 3 49 2 C2 
19588 56311.06418 60900 1 50 1 B2 
19589 56314.01911 60900 1 50 1 B1 
19590 56316.07834 60300 5 49 2 D1 
19591 56316.24306 60300 4 49 2 C2 
19592 56316.38923 60900 2 50 1 B2 
19593 56316.72372 59700 2 49 3 B1 
19594 56318.95143 60300 5 49 2 C2 
19595 56319.18752 59700 0 49 3 B1 
19596 56320.28167 61200 5 48 2 C1 
19597 56321.63336 60600 3 49 1 D1 
19598 56322.83377 60900 1 49 2 B1 
19599 56322.89273 66000 3 48 2 C1 
19600 56323.39757 60900 0 50 1 B2 
19601 56324.2969 60300 3 49 2 C2 
19602 56324.30004 60300 4 49 2 D1 
19603 56328.2818 66000 4 48 3 C1 
19604 56328.91624 61200 1 50 2 B2 
19605 56329.67986 60300 4 49 2 C2 
19606 56330.81397 61200 5 48 2 C1 
19607 56331.6209 61200 2 50 2 B2 
19608 56332.35253 60300 5 49 2 C2 
19609 56333.48047 69900 3 48 3 C1 
19610 56334.07356 63900 0 50 2 B2 
19611 56336.14719 61200 4 48 2 C1 
19612 56336.73123 63900 1 50 2 B2 
19613 56337.5755 62400 5 49 2 D1 
19614 56338.94829 61200 5 48 2 C1 
19615 56339.41422 61200 2 50 2 B2 
19616 56341.48049 61200 3 48 2 C1 
19617 56344.17507 60600 4 48 1 C1 
19618 56344.91618 61200 0 50 2 B2 
19619 56346.94412 60600 5 48 1 C1 
19620 56348.30004 63000 3 49 2 D1 
19621 56348.50043 60900 2 49 2 B1 
19622 56351.01921 60600 3 49 1 C2 
19623 56352.74756 62400 1 50 5 B2 
19624 56353.85039 60900 0 49 2 B1 
19625 56355.39757 60600 2 50 5 B2 
19626 56360.15877 60900 1 49 2 B1 
19627 56361.57645 60600 4 49 1 C2 
19628 56364.24292 60600 5 49 1 C2 
19629 56365.00341 60900 2 49 2 B1 
19630 56366.90889 60600 4 49 1 D1 
19631 56367.01307 60600 3 49 1 C2 
19632 56367.05585 60600 0 50 5 B2 
19633 56367.43967 60900 0 49 2 B1 
19634 56370.08217 61800 1 50 3 B1 
19635 56370.84171 64800 3 48 1 C1 
19636 56372.3049 60600 1 50 5 B2 
19637 56372.35269 60600 4 49 1 C2 
19638 56374.88056 60600 5 49 1 C2 
19639 56377.41165 60900 5 49 2 D1 
19640 56377.68596 60600 3 49 1 C2 
19641 56379.6209 60600 2 50 5 B2 
19642 56380.21391 68700 4 49 2 C2 
19643 56382.08466 60600 0 50 5 B2 
19644 56382.74501 60600 3 49 1 D1 
19645 56385.57642 68400 5 49 1 C2 
19646 56387.41422 60900 1 50 1 B2 
19647 56388.24307 60600 3 49 1 C2 
19648 56389.6108 59400 4 48 4 C1 
19649 56390.06423 69900 2 50 4 B2 
19650 56390.85549 60000 4 49 1 D1 
19651 56392.175 64200 5 48 5 C1 
19652 56392.91622 60600 0 50 5 B2 
19653 56394.94422 62400 3 48 3 C1 
19654 56395.62084 60900 1 50 1 B2 
19655 56397.16495 60600 2 49 1 B1 
19656 56397.61101 63300 4 48 4 C1 
19657 56398.08464 60900 2 50 1 B2 
19658 56400.17496 62400 5 48 3 C1 
19659 56404.24302 60600 4 49 1 C2 
19660 56405.4805 62400 3 48 3 C1 
19661 56408.28167 62400 4 48 3 C1 
19662 56411.5829 60900 0 50 1 B2 
19663 56412.07837 60000 5 49 1 D1 
19664 56413.85563 67500 1 50 2 B2 
19665 56417.52229 60600 3 49 1 D1 
19666 56420.35257 60600 5 49 1 C2 
19667 56425.54321 60600 3 49 1 C2 
19668 56430.88065 60600 4 49 1 C2 
19669 56432.7309 65100 2 50 2 B2 
19670 56433.57643 60600 5 49 1 C2 
19671 56435.5829 67500 0 50 1 B2 
19672 56436.21388 60600 3 49 1 C2 
19673 56439.01311 60600 4 49 1 C2 
19674 56441.54726 60600 5 49 1 C2 
19675 56444.24312 60600 3 49 1 C2 
19676 56444.29985 60600 4 49 1 D1 
19677 56446.28756 67500 1 50 3 B2 
19678 56447.04297 60300 4 49 2 C2 
19679 56448.91622 61800 2 50 3 B2 
19680 56451.39777 61800 0 50 3 B2 
19681 56454.08089 64200 1 50 5 B2 
19682 56457.54719 60600 5 49 1 C2 
19683 56458.9455 60600 0 50 5 B1 
19684 56469.27371 60300 3 49 2 C2 
19685 56470.28756 60600 2 50 5 B2 
19686 56475.64768 61200 5 48 2 C1 
19687 56476.24221 60600 5 49 1 D1 
19688 56476.34636 60600 4 49 1 C2 
19689 56479.78138 60600 2 50 5 A1 
19690 56481.57637 60600 5 49 1 C2 
19691 56484.34651 60600 3 49 1 C2 
19692 56487.01923 60600 4 49 1 C2 
19693 56489.54733 60600 5 49 1 C2 
19694 56492.34646 60600 3 49 1 C2 
19695 56494.76813 60900 4 49 2 C2 
19696 56497.27188 60600 5 49 1 C2 
19697 56497.62618 61200 0 50 2 B2 
19698 56499.78524 60600 3 49 1 C2 
19699 56504.0353 60900 1 49 2 B1 
19700 56508.18244 60900 3 49 2 D1 
19701 56512.81899 60300 4 49 2 C2 
19702 56517.13619 60000 5 49 1 C2 
19703 56526.32806 60900 2 49 2 B1 
19704 56538.47573 60000 3 49 1 C2 
19705 56539.69032 60600 1 50 5 B2 
19706 56541.08854 60000 4 49 1 C2 
19707 56546.36616 60600 5 49 1 C2 
19708 56548.90851 60900 0 49 2 B1 
19709 56549.0328 60000 3 49 1 C2 
19710 56551.75432 60000 4 49 1 C2 
19711 56557.14233 60000 5 49 1 C2 
19712 56577.98134 65400 53 50 4 T 
19713 56581.14229 62400 3 49 2 C2 
19714 56582.85708 65400 53 50 4 T 
19715 56583.60084 60600 4 49 1 C2 
19716 56587.95901 65400 53 49 1 T 
19717 56589.13619 63000 5 49 1 C2 
19718 56591.69954 63000 3 49 1 C2 
19719 56593.29227 65400 53 49 1 T 
19720 56594.36601 63000 4 49 2 C2 
19721 56595.71459 61800 2 50 3 B2 
19722 56598.38134 62400 53 48 3 T 
19723 56602.33702 64500 5 49 1 C2 
19724 56603.25708 62400 53 48 3 T 
19725 56605.14239 63000 3 49 2 C2 
19726 56607.80903 65100 4 49 1 C2 
19727 56608.35901 62400 53 50 4 T 
19728 56613.03286 63000 5 49 1 C2 
19729 56613.69227 62400 53 50 4 T 
19730 56615.69948 66000 3 49 2 C2 
19731 56618.33702 63000 4 49 2 C2 
19732 56618.56324 61800 0 50 3 B2 
19733 56620.20287 62400 53 49 2 T 
19734 56620.6719 65400 53 49 3 T 
19735 56622.29918 62400 53 49 2 T 
19736 56623.65708 65400 53 49 3 T 
19737 56625.59063 62400 53 50 4 T 
19738 56627.18804 62400 53 49 2 T 
19739 56628.75901 62400 53 50 5 T 
19740 56632.30844 65700 53 49 1 T 
19741 56634.09227 65400 53 50 3 T 
19742 56636.20278 62400 53 48 3 T 
19743 56637.60899 65700 53 49 1 T 
19744 56639.18134 65400 53 50 3 T 
19745 56639.809 61500 5 49 1 C2 
19746 56642.36607 63900 3 49 1 C2 
19747 56655.67025 61500 4 49 1 C2 
19748 56658.33706 62400 5 49 2 C2 
19749 56660.7828 60600 3 49 1 C2 
19750 56663.17495 61500 4 49 1 C2 
19751 56665.71645 62400 5 49 2 C2 
19752 56668.16475 61500 3 49 1 C2 
19753 56670.48032 61500 4 49 1 C2 
19754 56673.33913 65700 53 49 1 T 
19755 56674.86217 61500 5 49 1 C2 
19756 56678.67245 65400 53 49 1 T 
19757 56680.06302 62400 3 49 2 C2 
19758 56686.68912 62400 53 48 3 T 
19759 56688.07986 60000 4 49 1 C2 
19760 56689.52445 65400 53 50 3 T 
19761 56709.73629 60000 5 49 1 C2 
19762 56713.53625 62400 53 50 5 T 
19763 56731.69083 60000 3 49 1 C2 
19764 56734.68913 62400 53 49 2 T 
19765 56737.35579 65400 53 49 3 T 
19766 56740.22912 62400 53 50 4 T 
19767 56781.98532 60300 53 49 2 T 
19768 56784.65197 60000 53 49 1 T 
19769 56792.65196 60600 53 49 1 T 
19770 56793.33911 65400 53 50 4 T 
19771 56795.31871 63900 53 49 1 T 
19772 56800.65195 61800 53 50 3 T 
19773 56811.31828 63900 53 50 2 T 
19774 56829.51712 60600 1 49 1 B1 
19775 56832.0995 60600 2 49 1 B1 
19776 56834.46624 60600 0 49 1 B1 
19777 56834.72974 61500 4 49 1 C2 
19778 56842.08217 60600 1 49 1 B1 
19779 56842.72975 61500 5 49 1 C2 
19780 56844.07822 61200 4 48 2 D1 
19781 56848.06296 64500 3 49 2 C2 
19782 56849.87549 60600 2 49 1 B1 
19783 56852.18893 60900 5 49 2 D1 
19784 56852.71079 60600 0 49 1 B1 
19785 56853.53495 61500 4 49 1 C2 
19786 56854.85553 62400 3 48 3 D1 
19787 56856.17512 70200 3 48 4 C1 
19788 56856.19539 61500 5 49 1 C2 
19789 56857.63321 61200 4 48 2 D1 
19790 56857.63818 62400 1 50 4 B2 
19791 56858.08216 62400 1 50 4 B1 
19792 56858.94419 63300 4 48 4 C1 
19793 56860.2423 60600 5 49 1 D1 
19794 56860.53484 60900 2 50 1 B1 
19795 56861.52882 61500 3 49 1 C2 
19796 56861.61097 66900 5 48 5 C1 
19797 56862.95256 62400 2 50 4 B2 
19798 56863.19212 65400 0 49 3 B1 
19799 56864.17506 61200 3 48 2 C1 
19800 56864.19558 61500 4 49 1 C2 
19801 56865.23556 62400 0 50 4 B2 
19802 56865.63328 60600 3 48 1 D1 
19803 56866.08211 65400 1 49 1 B1 
19804 56866.8622 61500 5 49 1 C2 
19805 56867.73275 62400 1 50 4 B2 
19806 56868.07836 61500 4 49 1 D1 
19807 56869.42542 61500 3 49 1 C2 
19808 56869.615 61200 4 48 2 C1 
19809 56870.2929 60900 2 50 1 B2 
19810 56870.85575 61500 5 49 1 D1 
19811 56872.28188 61200 5 48 2 C1 
19812 56872.74757 60900 0 50 1 B2 
19813 56873.63341 60300 3 49 2 D1 
19814 56874.75879 61500 4 49 1 C2 
19815 56874.81382 61200 3 48 2 C1 
19816 56875.62088 60900 1 50 1 B2 
19817 56876.24228 60600 4 48 1 D1 
19818 56877.19814 63900 5 49 1 C2 
19819 56877.48042 61200 4 48 2 C1 
19820 56878.07356 60900 2 50 1 B2 
19821 56879.64459 62400 0 50 5 A1 
19822 56880.27749 61200 5 48 2 C1 
19823 56880.91623 60900 0 50 1 B2 
19824 56882.8417 61200 3 48 2 C1 
19825 56883.62089 60900 1 50 1 B2 
19826 56885.43278 60900 2 49 2 B1 
19827 56885.48054 61200 4 48 2 C1 
19828 56885.65228 61200 1 50 2 A1 
19829 56886.08461 60900 2 50 1 B2 
19830 56888.05883 60900 0 49 2 B1 
19831 56888.28171 61200 5 48 2 C1 
19832 56889.1375 62400 2 50 4 A1 
19833 56890.86226 64500 3 49 1 C2 
19834 56891.39756 60900 0 50 1 B2 
19835 56892.10439 60900 0 50 1 A1 
19836 56895.49865 63300 1 50 1 A1 
19837 56896.19564 64500 4 49 1 C2 
19838 56898.04411 60900 1 49 2 B1 
19839 56901.41078 60900 2 50 1 A1 
19840 56903.41545 70200 2 49 2 B1 
19841 56904.19548 62400 5 49 2 C2 
19842 56905.86816 60600 0 49 1 B1 
19843 56906.48729 61800 0 50 3 A1 
19844 56908.29998 60600 5 49 1 D1 
19845 56908.5255 61800 1 50 3 B1 
19846 56909.42862 63900 1 50 2 A1 
19847 56909.48054 60600 3 48 1 C1 
19848 56912.20169 60000 3 49 1 C2 
19849 56912.36996 60600 2 50 5 A1 
19850 56914.04416 60900 2 49 2 B1 
19851 56914.86826 60000 4 49 1 C2 
19852 56915.31014 60600 0 50 5 A1 
19853 56916.18893 60600 3 49 1 D1 
19854 56916.54217 63300 0 50 1 B1 
19855 56917.53494 60000 5 49 1 C2 
19856 56920.09207 60000 3 49 1 C2 
19857 56920.28181 60600 4 48 1 C1 
19858 56921.85878 60600 1 49 1 B1 
19859 56922.84169 62400 5 48 3 C1 
19860 56922.86817 69300 4 49 1 C2 
19861 56923.39757 63900 1 50 2 B2 
19862 56925.39628 64500 5 49 2 C2 
19863 56925.61085 62400 3 48 3 C1 
19864 56926.96669 60600 4 49 1 D1 
19865 56927.06423 64200 2 50 4 B2 
19866 56928.06296 60000 3 49 1 C2 
19867 56928.1471 60600 4 48 1 C1 
19868 56929.57556 60600 5 49 1 D1 
19869 56929.62021 63900 0 50 2 B2 
19870 56930.94824 66000 5 48 2 C1 
19871 56932.189 60600 3 49 1 D1 
19872 56933.50856 62400 3 48 3 C1 
19873 56934.28756 64200 1 50 5 B2 
19874 56934.74507 60600 4 49 1 D1 
19875 56936.14704 62400 4 48 3 C1 
19876 56936.91624 64200 2 50 5 B2 
19877 56938.84176 62400 5 48 3 C1 
19878 56939.39781 63300 0 50 1 B2 
19879 56941.6108 60600 3 48 1 C1 
19880 56942.24951 62400 1 50 5 B2 
19881 56944.27742 69000 4 48 2 C1 
19882 56944.73114 63300 2 50 1 B2 
19883 56946.86837 60300 4 49 2 C2 
19884 56947.41423 63300 0 50 1 B2 
19885 56950.08089 65400 1 50 3 B2 
19886 56952.95423 62400 2 50 5 B2 
19887 56954.86836 60300 5 49 2 C2 
19888 56957.53489 70200 3 49 2 C2 
19889 56959.20884 60900 2 49 2 B1 
19890 56965.42545 62400 4 49 2 C2 
19891 56967.19211 60900 0 49 2 B1 
19892 56968.09218 62400 5 49 2 C2 
19893 56969.73085 60600 0 50 5 B2 
19894 56970.75876 62400 3 49 2 C2 
19895 56973.39631 60300 4 49 2 C2 
19896 56975.3775 60600 1 50 5 B1 
19897 56976.19548 60300 5 49 2 C2 
19898 56977.72256 60600 1 50 5 B2 
19899 56978.75868 60300 3 49 2 C2 
19900 56980.29998 63900 5 49 1 D1 
19901 56980.71078 60900 2 49 2 B1 
19902 56981.52884 62400 4 49 2 C2 
19903 56981.61505 60600 5 48 1 C1 
19904 56982.74506 60000 3 49 1 D1 
19905 56983.20878 60900 0 49 2 B1 
19906 56984.14709 66600 3 48 4 C1 
19907 56985.57556 63000 4 49 1 D1 
19908 56986.94836 64200 4 48 5 C1 
19909 56988.1889 63000 5 49 2 D1 
19910 56989.50844 60600 5 48 1 C1 
19911 56990.28757 60600 2 50 5 B2 
19912 56992.14725 64800 3 48 1 C1 
19913 56992.75131 61800 0 50 3 B2 
19914 56994.94411 60600 4 48 1 C1 
19915 56995.62084 61800 1 50 3 B2 
19916 56997.47539 60600 5 48 1 C1 
19917 56998.07356 61800 2 50 3 B2 
19918 57000.91622 61800 0 50 3 B2 
19919 57003.39782 60600 1 50 5 B2 
19920 57006.08089 61800 2 50 3 B2 
19921 57008.95424 60600 0 50 5 B2 
19922 57010.75888 60600 5 49 1 C2 
19923 57011.5829 64200 1 50 4 B2 
19924 57013.42537 60600 3 49 1 C2 
19925 57016.06298 60600 4 49 1 C2 
19926 57018.72969 65700 5 49 1 C2 
19927 57021.4255 60600 3 49 1 C2 
19928 57023.05585 70500 2 50 5 B2 
19929 57024.19547 60600 4 49 1 C2 
19930 57026.72965 60600 5 49 1 C2 
19931 57028.3049 65100 0 50 2 B2 
19932 57032.20163 60600 3 49 1 C2 
19933 57033.57554 62400 3 49 2 D1 
19934 57034.86826 71100 4 49 1 C2 
19935 57037.39619 60600 5 49 1 C2 
19936 57040.91623 61200 1 50 2 B2 
19937 57041.63322 60900 4 49 2 D1 
19938 57046.24955 61200 2 50 2 B2 
19939 57046.8556 60900 5 49 2 D1 
19940 57048.7311 61200 0 50 2 B2 
19941 57051.41423 61200 1 50 2 B2 
19942 57052.17987 60900 3 49 2 D1 
19943 57054.08089 61200 2 50 2 B2 
19944 57056.7309 61200 0 50 2 B2 
19945 57062.28756 61200 1 50 2 B2 
19946 57064.05883 60600 3 49 1 C2 
19947 57064.5705 63900 2 50 2 B2 
19948 57064.97969 60600 3 48 1 C1 
19949 57066.29836 60600 1 49 1 B1 
19950 57069.39653 60600 4 49 1 C2 
19951 57069.76849 60600 0 50 5 B2 
19952 57072.06306 60600 5 49 1 C2 
19953 57072.19343 61200 1 50 2 B2 
19954 57082.86213 60600 3 49 1 C2 
19955 57085.52884 60600 4 49 1 C2 
19956 57088.14789 60600 5 49 1 C2 
19957 57088.92251 61200 1 50 2 A1 
19958 57093.4254 60600 3 49 1 C2 
19959 57098.75878 60600 4 49 1 C2 
19960 57100.96848 64200 2 50 3 B2 
19961 57103.4322 64200 0 50 3 B2 
19962 57117.53502 60600 5 49 1 C2 
19963 57119.98763 61200 2 50 2 B1 
19964 57125.52881 60600 3 49 1 C2 
19965 57127.63515 64800 1 50 1 B2 
19966 57130.08782 65400 2 50 4 B2 
19967 57130.81359 60600 4 49 1 C2 
19968 57136.20161 60600 5 49 1 C2 
19969 57138.86225 60600 3 49 1 C2 
19970 57139.64772 60600 0 50 5 B2 
19971 57141.5348 60600 4 49 1 C2 
19972 57142.82904 60900 0 49 2 B1 
19973 57150.31372 64200 4 48 5 C1 
19974 57152.06297 60600 5 49 1 C2 
19975 57154.72962 60600 3 49 1 C2 
19976 57176.09219 60600 4 49 1 C2 
19977 57177.75708 63300 53 50 1 T 
19978 57181.53492 65100 5 49 1 C2 
19979 57182.85901 63300 53 50 1 T 
19980 57184.20168 63900 3 49 1 C2 
19981 57186.86833 63900 4 49 1 C2 
19982 57188.19227 66000 53 50 5 T 
19983 57193.28134 66000 53 50 5 T 
19984 57194.75878 66600 5 49 1 C2 
19985 57197.42529 63900 3 49 1 C2 
19986 57198.15708 63300 53 48 4 T 
19987 57202.86216 60600 4 49 1 C2 
19988 57203.25901 66000 53 48 3 T 
19989 57205.42542 60600 5 49 1 C2 
19990 57208.59227 66000 53 48 3 T 
19991 57210.72965 64200 3 49 2 C2 
19992 57213.52878 64200 4 49 2 C2 
19993 57213.68134 66000 53 48 3 T 
19994 57218.55708 66000 53 48 2 T 
19995 57220.25755 63300 53 48 4 T 
19996 57221.5583 60600 5 49 1 C2 
19997 57222.29918 66000 53 49 2 T 
19998 57222.46018 60600 1 50 5 B2 
19999 57224.58735 66000 53 48 2 T 
20000 57227.18804 66000 53 49 2 T 
20001 57228.99227 66000 53 48 2 T 
20002 57230.92388 63000 53 49 1 T 
20003 57232.30844 63000 53 49 2 T 
20004 57233.91959 63300 53 50 1 T 
20005 57234.08134 66000 53 48 2 T 
20006 57237.42553 63000 3 49 2 C2 
20007 57237.60899 63000 53 49 2 T 
20008 57240.06304 63000 4 49 1 C2 
20009 57242.6992 63000 53 49 1 T 
20010 57242.75869 60900 5 49 2 C2 
20011 57245.42549 60900 3 49 2 C2 
20012 57247.58807 63000 53 49 1 T 
20013 57247.85344 60600 4 49 1 C2 
20014 57250.2161 63000 5 49 2 C2 
20015 57252.76361 63000 3 49 1 C2 
20016 57264.20158 63000 4 49 1 C2 
20017 57266.72961 63000 5 49 1 C2 
20018 57268.19113 66000 53 49 2 T 
20019 57269.52883 63000 3 49 2 C2 
20020 57276.19111 66000 53 48 3 T 
20021 57278.68911 63300 53 50 1 T 
20022 57280.2016 63000 4 49 2 C2 
20023 57288.26861 60600 5 49 1 C2 
20024 57296.19558 60900 3 49 2 C2 
20025 57298.72969 66600 4 49 2 C2 
20026 57301.46696 60900 5 49 2 C2 
20027 57306.86217 60900 3 49 2 C2 
20028 57309.39626 70500 4 49 2 C2 
20029 57311.807 60600 5 49 1 C2 
20030 57313.59078 63000 53 49 2 T 
20031 57314.86828 60900 3 49 2 C2 
20032 57317.4254 60900 4 49 2 C2 
20033 57320.19548 60900 5 49 2 C2 
20034 57329.56245 66000 53 48 2 T 
20035 57332.22914 63000 53 49 2 T 
20036 57337.52445 66000 53 50 5 T 
20037 57376.65193 60600 53 49 1 T 
20038 57389.98509 60900 53 50 1 T 
20039 57392.65194 62400 53 50 4 T 
20040 57393.33911 66000 53 48 2 T 
20041 57395.31866 64500 53 49 2 T 
20042 57396.00579 63000 53 49 1 T 
20043 57400.6519 60600 53 50 5 T 
20044 57403.31857 62400 53 49 2 T 
20045 57405.98515 64200 53 50 4 T 
20046 57408.65198 64200 53 49 2 T 
20047 57411.31863 64200 53 50 3 T 
20048 57432.0805 60900 1 49 2 B1 
20049 57436.74883 60600 2 49 1 B1 
20050 57437.5288 61500 3 49 1 C2 
20051 57440.05878 60900 0 49 2 B1 
20052 57440.65194 64500 53 49 1 T 
20053 57441.57545 61200 4 48 2 D1 
20054 57442.45883 60600 1 49 1 B1 
20055 57442.86226 61500 4 49 1 C2 
20056 57444.07822 60600 5 48 1 D1 
20057 57444.76993 62400 53 50 5 T 
20058 57444.8382 60600 2 49 1 B1 
20059 57446.74491 61200 3 48 2 D1 
20060 57447.45877 60900 0 49 2 B1 
20061 57448.0921 64500 5 49 2 C2 
20062 57449.63329 64200 4 48 5 D1 
20063 57450.13759 60900 53 49 2 T 
20064 57450.84182 61200 5 48 2 C1 
20065 57450.86224 64500 3 49 2 C2 
20066 57451.31859 60900 53 49 2 T 
20067 57452.30003 62400 5 48 3 D1 
20068 57452.80407 60600 53 49 1 T 
20069 57453.53478 64500 4 49 2 C2 
20070 57453.63349 61800 2 50 3 B2 
20071 57455.3775 61800 1 50 3 B1 
20072 57456.27753 62400 3 48 3 C1 
20073 57457.52234 63300 3 48 4 D1 
20074 57458.72964 68700 5 49 2 C2 
20075 57458.84176 62400 4 48 3 C1 
20076 57460.74884 60900 2 50 1 B1 
20077 57460.76183 61800 0 50 3 B2 
20078 57461.12964 70500 3 49 1 C2 
20079 57461.50835 62400 5 48 3 C1 
20080 57462.96672 63900 4 49 1 D1 
20081 57463.37745 60600 0 49 1 B1 
20082 57463.58612 70800 4 49 2 C2 
20083 57464.31911 61800 1 50 3 B2 
20084 57465.41182 64500 5 49 1 D1 
20085 57465.90314 68400 5 49 1 C2 
20086 57467.31854 64200 53 50 5 T 
20087 57468.07843 60900 3 49 2 D1 
20088 57468.47212 65100 3 49 2 C2 
20089 57468.80401 64200 53 48 5 T 
20090 57469.61072 62400 3 48 3 C1 
20091 57470.94421 71100 4 49 1 C2 
20092 57470.96675 60600 4 49 1 D1 
20093 57471.59716 64200 2 50 5 B2 
20094 57472.27743 64800 4 48 1 C1 
20095 57474.94425 64200 5 48 5 C1 
20096 57476.80399 60600 53 48 1 T 
20097 57476.93049 67500 0 50 1 B2 
20098 57477.50834 64800 3 48 1 C1 
20099 57478.74497 63000 5 49 2 D1 
20100 57479.4285 64200 1 50 5 B2 
20101 57479.47061 62400 53 48 3 T 
20102 57480.22348 61200 2 50 2 A1 
20103 57480.27771 62400 4 48 3 C1 
20104 57481.52239 63000 3 49 1 D1 
20105 57482.26377 60900 2 50 1 B2 
20106 57482.84169 62400 5 48 3 C1 
20107 57484.76182 60900 0 50 1 B2 
20108 57485.15396 64200 0 50 4 A1 
20109 57485.615 64200 3 48 5 C1 
20110 57487.41181 60900 1 50 1 B2 
20111 57488.14711 64200 4 48 5 C1 
20112 57488.22348 64200 1 50 3 A1 
20113 57490.07848 60900 2 50 1 B2 
20114 57491.19036 63300 2 50 1 A1 
20115 57492.96849 69900 0 50 4 B2 
20116 57494.59292 61800 0 50 3 A1 
20117 57496.46112 63000 5 49 2 C2 
20118 57498.07929 63900 1 50 2 A1 
20119 57498.08217 65400 1 49 1 B1 
20120 57499.3714 60900 3 49 2 C2 
20121 57501.02063 61800 2 50 3 A1 
20122 57503.19241 70200 2 49 2 B1 
20123 57503.97026 61200 0 50 2 A1 
20124 57504.32255 61500 4 49 1 C2 
20125 57506.81388 60600 5 48 1 C1 
20126 57507.12788 63000 5 49 2 C2 
20127 57507.45663 62400 1 50 4 A1 
20128 57508.74883 62400 0 50 4 B1 
20129 57509.61513 60600 3 48 1 C1 
20130 57509.68483 61500 3 49 1 C2 
20131 57510.40626 60600 2 50 5 A1 
20132 57511.20147 60900 1 49 2 B1 
20133 57512.46123 63000 4 49 2 C2 
20134 57513.90092 60900 0 50 1 A1 
20135 57515.01839 61500 5 49 1 C2 
20136 57515.07849 65400 1 50 4 B2 
20137 57516.07834 60600 4 49 1 D1 
20138 57517.38614 64200 1 50 5 A1 
20139 57517.4804 61200 4 48 2 C1 
20140 57520.14715 60600 5 48 1 C1 
20141 57520.35164 61500 3 49 1 C2 
20142 57521.85883 60600 2 50 5 B1 
20143 57522.26383 62400 2 50 5 B2 
20144 57523.12166 61500 4 49 1 C2 
20145 57524.24221 62400 5 49 2 D1 
20146 57524.74878 60900 0 49 2 B1 
20147 57524.96849 61800 0 50 3 B2 
20148 57525.48045 61200 3 48 2 C1 
20149 57525.68494 61500 5 49 1 C2 
20150 57527.63515 64200 1 50 3 B2 
20151 57528.28169 61200 4 48 2 C1 
20152 57528.45498 61500 3 49 1 C2 
20153 57530.26383 64200 2 50 3 B2 
20154 57530.94838 68700 5 48 1 C1 
20155 57532.76182 67500 0 50 3 B2 
20156 57533.4753 61200 3 48 2 C1 
20157 57535.41183 64200 1 50 3 B2 
20158 57537.57547 60600 3 49 1 D1 
20159 57538.26382 61800 2 50 3 B2 
20160 57538.94846 61200 4 48 2 C1 
20161 57540.30004 60600 4 49 1 D1 
20162 57540.96844 61800 0 50 3 B2 
20163 57541.50837 61200 5 48 2 C1 
20164 57544.30011 62400 1 50 5 B2 
20165 57546.68021 61800 2 50 3 B2 
20166 57549.21298 61800 0 50 3 B2 
20167 57552.27754 61200 3 48 2 C1 
20168 57557.66 62400 4 49 2 C2 
20169 57559.19216 63300 1 50 1 B1 
20170 57563.12165 62400 5 49 2 C2 
20171 57565.65571 62400 3 49 2 C2 
20172 57565.73682 61200 1 50 2 B2 
20173 57568.27744 69900 4 48 3 C1 
20174 57571.01839 71100 4 49 2 C2 
20175 57572.54217 61200 2 50 2 B1 
20176 57573.65582 63000 5 49 2 C2 
20177 57575.42849 62400 2 50 4 B2 
20178 57576.32251 62400 3 49 2 C2 
20179 57577.57554 60900 5 49 2 D1 
20180 57578.07849 62400 0 50 4 B2 
20181 57578.8417 66000 5 48 2 C1 
20182 57578.98917 62400 4 49 2 C2 
20183 57580.18897 64500 3 49 2 D1 
20184 57581.79445 63000 5 49 2 C2 
20185 57583.63516 67500 1 50 2 B2 
20186 57584.46112 62400 3 49 2 C2 
20187 57588.74515 62400 2 50 4 B2 
20188 57589.6108 63300 3 48 4 C1 
20189 57590.74503 61500 4 49 1 D1 
20190 57591.63516 62400 0 50 4 B2 
20191 57592.27746 66000 4 48 3 C1 
20192 57594.26382 62400 1 50 4 B2 
20193 57596.74536 60600 2 50 5 B2 
20194 57597.5084 63300 5 48 4 C1 
20195 57600.14707 60600 3 48 1 C1 
20196 57602.84189 66000 4 48 2 C1 
20197 57603.07844 61200 0 50 2 B2 
20198 57604.18887 61500 5 49 1 D1 
20199 57605.63442 60600 1 50 5 B2 
20200 57605.63899 60600 0 49 1 B1 
20201 57610.94842 60600 5 48 1 C1 
20202 57612.93048 60600 2 50 5 B2 
20203 57613.79446 63000 4 49 1 C2 
20204 57616.45488 63000 5 49 1 C2 
20205 57618.98582 63300 0 50 1 B2 
20206 57618.98908 64500 3 49 1 C2 
20207 57623.3775 63900 1 50 2 B1 
20208 57628.99667 64200 1 50 5 B2 
20209 57635.05993 63000 4 49 1 C2 
20210 57639.42849 61200 2 50 2 B2 
20211 57640.45499 64200 5 49 2 C2 
20212 57642.26383 64200 0 50 4 B2 
20213 57643.12173 66000 3 49 2 C2 
20214 57644.74542 70800 1 50 1 B2 
20215 57645.68494 63000 4 49 1 C2 
20216 57648.10344 65400 2 49 3 B1 
20217 57648.32256 64500 5 49 1 C2 
20218 57648.40344 66000 2 50 5 B2 
20219 57652.2422 64200 3 49 2 D1 
20220 57652.76177 61200 0 50 2 B2 
20221 57658.08783 64200 1 50 4 B2 
20222 57660.7455 61200 2 50 2 B2 
20223 57666.30181 61200 0 50 2 B2 
20224 57667.12178 60600 3 49 1 C2 
20225 57672.3516 60600 4 49 1 C2 
20226 57675.12163 60600 5 49 1 C2 
20227 57680.46103 60600 3 49 1 C2 
20228 57685.63349 65100 1 50 2 B2 
20229 57686.29945 61200 3 48 2 C1 
20230 57688.32266 60600 4 49 1 C2 
20231 57690.98914 64500 5 49 1 C2 
20232 57692.93049 63900 2 50 2 B2 
20233 57693.79444 65100 3 49 1 C2 
20234 57695.63516 64800 0 50 1 B2 
20235 57696.46113 65700 4 49 1 C2 
20236 57698.09892 64800 1 50 1 B2 
20237 57699.12787 65100 5 49 1 C2 
20238 57701.65244 65100 2 50 2 B2 
20239 57703.93802 63900 0 50 2 B2 
20240 57708.74515 63900 1 50 2 B2 
20241 57714.26382 70500 2 50 5 B2 
20242 57715.63376 64200 3 49 2 C2 
20243 57716.76183 65400 0 50 3 B2 
20244 57722.09516 63300 1 50 1 B2 
20245 57722.98918 60600 4 49 1 C2 
20246 57724.74514 63300 2 50 1 B2 
20247 57725.7944 60900 5 49 2 C2 
20248 57727.41181 63300 0 50 1 B2 
20249 57731.12788 60600 3 49 1 C2 
20250 57733.68483 60600 4 49 1 C2 
20251 57738.57482 65100 2 50 2 A1 
20252 57739.12167 60600 5 49 1 C2 
20253 57747.12789 60600 3 49 1 C2 
20254 57749.78828 60600 4 49 1 C2 
20255 57752.35171 60600 5 49 1 C2 
20256 57754.9273 60600 1 50 5 B2 
20257 57755.01825 60600 3 49 1 C2 
20258 57760.35165 60600 4 49 1 C2 
20259 57766.07565 63000 5 49 1 C2 
20260 57777.75708 66900 53 48 5 T 
20261 57779.12166 71100 3 49 1 C2 
20262 57781.68487 63900 4 49 1 C2 
20263 57782.85901 66900 53 48 5 T 
20264 57788.19227 63900 53 50 2 T 
20265 57789.79446 70800 5 49 1 C2 
20266 57792.3517 63900 3 49 1 C2 
20267 57793.28134 63900 53 50 2 T 
20268 57794.75172 64200 4 49 2 C2 
20269 57797.12746 63900 5 49 1 C2 
20270 57798.15708 66600 53 48 4 T 
20271 57802.98915 60900 3 49 2 C2 
20272 57803.25901 66600 53 48 4 T 
20273 57810.92774 61200 2 50 2 B2 
20274 57810.98926 60900 4 49 2 C2 
20275 57813.79446 60900 5 49 2 C2 
20276 57816.32249 60900 3 49 2 C2 
20277 57819.01835 63900 4 49 1 C2 
20278 57822.10846 66600 53 49 2 T 
20279 57825.59063 63900 53 49 1 T 
20280 57827.40903 66600 53 49 2 T 
20281 57832.49919 66600 53 49 1 T 
20282 57833.49268 61200 0 50 2 B2 
20283 57836.20265 63900 53 50 2 T 
20284 57837.38804 66600 53 49 1 T 
20285 57840.48467 60600 5 49 1 C2 
20286 57842.50845 63900 53 49 1 T 
20287 57847.809 63900 53 49 1 T 
20288 57855.61255 64200 1 50 4 B2 
20289 57868.02247 66600 53 49 1 T 
20290 57878.68912 66600 53 48 4 T 
20291 57881.56245 63900 53 50 2 T 
20292 57929.52445 66900 53 48 5 T 
20293 57971.3186 65100 53 49 1 T 
20294 57977.33014 63900 53 49 1 T 
20295 57984.65192 60600 53 49 1 T 
20296 57987.31869 63000 53 49 1 T 
20297 57993.56247 66600 53 49 2 T 
20298 57995.31868 65100 53 50 2 T 
20299 58003.31859 61200 53 50 2 T 
20300 58005.98517 63300 53 50 1 T 
20301 58034.08211 65400 0 49 3 B1 
20302 58034.98926 61500 3 49 1 C2 
20303 58039.43284 63000 53 49 2 T 
20304 58044.5255 65400 1 49 1 B1 
20305 58045.61092 66600 4 48 4 C1 
20306 58045.65591 61500 4 49 1 C2 
20307 58046.90877 61200 4 48 2 D1 
20308 58047.20883 65400 2 49 3 B1 
20309 58048.32242 71700 5 49 1 C2 
20310 58048.41182 64800 2 50 1 B2 
20311 58049.5755 64800 5 48 1 D1 
20312 58050.08217 61800 0 50 3 B1 
20313 58051.01827 61500 3 49 1 C2 
20314 58051.31857 61500 53 49 1 T 
20315 58052.18882 64200 3 48 5 D1 
20316 58052.5348 71700 1 49 3 B1 
20317 58053.79444 61500 4 49 1 C2 
20318 58054.74498 62400 4 48 3 D1 
20319 58056.27753 70200 5 48 4 C1 
20320 58056.45502 64500 5 49 2 C2 
20321 58057.63336 62400 5 48 3 D1 
20322 58057.87925 64200 2 50 5 B1 
20323 58058.19877 64800 53 50 1 T 
20324 58058.84168 63300 3 48 4 C1 
20325 58059.12158 61500 3 49 1 C2 
20326 58060.54212 70200 0 49 2 B1 
20327 58061.78845 64500 4 49 2 C2 
20328 58063.59716 64200 0 50 5 B2 
20329 58064.1751 63300 4 48 4 C1 
20330 58066.13731 64800 53 48 1 T 
20331 58066.94833 66000 5 48 2 C1 
20332 58066.96678 64200 1 50 5 B2 
20333 58067.12168 64500 5 49 2 C2 
20334 58068.80397 61200 53 48 2 T 
20335 58069.61508 66900 3 48 5 C1 
20336 58070.96664 64500 3 49 1 D1 
20337 58071.41183 64200 2 50 5 B2 
20338 58071.47068 63300 53 48 4 T 
20339 58072.35161 64500 3 49 2 C2 
20340 58073.38767 62400 0 50 4 A1 
20341 58073.52233 62400 4 49 2 D1 
20342 58074.30182 61800 0 50 3 B2 
20343 58074.81387 64800 4 48 1 C1 
20344 58076.30007 62400 5 49 2 D1 
20345 58076.79023 63300 1 50 1 A1 
20346 58076.80394 66000 53 48 2 T 
20347 58076.9305 61800 1 50 3 B2 
20348 58077.61084 64800 5 48 1 C1 
20349 58078.85574 64500 3 49 2 D1 
20350 58079.6351 61800 2 50 3 B2 
20351 58080.28166 66000 3 48 3 C1 
20352 58081.7072 61800 2 50 3 A1 
20353 58082.09889 61800 0 50 3 B2 
20354 58082.81394 66000 4 48 2 C1 
20355 58084.93049 61800 1 50 3 B2 
20356 58085.48051 69000 5 48 2 C1 
20357 58085.78841 63000 4 49 1 C2 
20358 58087.42848 61800 2 50 3 B2 
20359 58087.58879 62400 0 50 5 A1 
20360 58090.09515 61800 0 50 3 B2 
20361 58090.84175 64800 3 48 1 C1 
20362 58091.07516 64200 1 50 5 A1 
20363 58094.0489 61200 2 50 2 A1 
20364 58096.28179 62400 4 48 3 C1 
20365 58096.45499 63000 5 49 1 C2 
20366 58097.44201 64200 0 50 4 A1 
20367 58100.4089 61800 1 50 3 A1 
20368 58100.5255 61200 1 50 2 B1 
20369 58103.80201 65100 2 50 2 A1 
20370 58104.40349 64200 1 50 4 B2 
20371 58106.7689 62400 0 50 4 A1 
20372 58106.98918 70500 3 49 1 C2 
20373 58109.79435 63000 4 49 1 C2 
20374 58110.17146 64800 1 50 1 A1 
20375 58112.3516 63000 5 49 1 C2 
20376 58114.30183 63300 2 50 1 B2 
20377 58114.94847 62400 5 48 3 C1 
20378 58115.12779 70500 3 49 2 C2 
20379 58116.75449 63300 0 50 1 B2 
20380 58117.79452 65700 4 49 1 C2 
20381 58120.14716 64200 3 48 5 C1 
20382 58120.45513 63000 5 49 1 C2 
20383 58122.04416 63300 2 50 1 B1 
20384 58123.07844 63300 1 50 1 B2 
20385 58125.50836 64200 4 48 5 C1 
20386 58125.64582 63300 2 50 1 B2 
20387 58125.65071 66000 3 49 2 C2 
20388 58126.74489 61500 4 49 1 D1 
20389 58128.28167 61200 5 48 2 C1 
20390 58129.41169 65100 5 49 1 D1 
20391 58130.84171 64200 3 48 5 C1 
20392 58133.61088 61200 4 48 2 C1 
20393 58134.96665 63900 3 49 1 D1 
20394 58135.59714 61200 0 50 2 B2 
20395 58136.14711 71700 5 48 5 C1 
20396 58137.6334 64200 4 49 2 D1 
20397 58138.07875 61200 1 50 2 B2 
20398 58140.7451 61200 2 50 2 B2 
20399 58141.50836 61200 3 48 2 C1 
20400 58141.79453 65100 4 49 1 C2 
20401 58143.59715 64800 0 50 1 B2 
20402 58144.27761 64200 4 48 5 C1 
20403 58146.30182 64800 1 50 1 B2 
20404 58146.94416 61200 5 48 2 C1 
20405 58148.9685 63300 2 50 1 B2 
20406 58149.48044 61200 3 48 2 C1 
20407 58149.79443 65100 5 49 1 C2 
20408 58151.59715 61200 0 50 2 B2 
20409 58156.54217 64200 0 50 4 B1 
20410 58162.61695 64200 2 50 3 A1 
20411 58163.12164 63000 3 49 2 C2 
20412 58165.68481 63000 4 49 2 C2 
20413 58175.42849 62400 1 50 4 B2 
20414 58176.35166 63000 5 49 2 C2 
20415 58178.07849 62400 2 50 4 B2 
20416 58178.08216 62400 1 50 4 B1 
20417 58178.81376 62400 4 48 3 C1 
20418 58179.12166 63000 3 49 1 C2 
20419 58181.50836 62400 5 48 3 C1 
20420 58181.68493 63000 4 49 2 C2 
20421 58184.35159 63000 5 49 2 C2 
20422 58184.40344 62400 0 50 4 B2 
20423 58185.57545 63000 5 49 1 D1 
20424 58186.9256 62400 1 50 4 B2 
20425 58186.98914 63000 3 49 2 C2 
20426 58189.24004 62400 2 50 4 B2 
20427 58191.80166 64200 0 50 4 B2 
20428 58192.2818 62400 3 48 3 C1 
20429 58194.94859 62400 4 48 3 C1 
20430 58196.76182 62400 1 50 5 B2 
20431 58197.68504 64200 4 49 2 C2 
20432 58199.63515 71700 2 50 2 B2 
20433 58200.28165 62400 5 48 3 C1 
20434 58202.30181 62400 0 50 5 B2 
20435 58202.90035 65400 2 49 1 B1 
20436 58203.01824 64200 5 49 2 C2 
20437 58204.76553 62400 1 50 5 B2 
20438 58205.61086 62400 3 48 3 C1 
20439 58208.1471 62400 4 48 3 C1 
20440 58216.30229 61800 2 50 3 B2 
20441 58216.32237 64500 3 49 1 C2 
20442 58221.79447 64500 4 49 1 C2 
20443 58224.3517 64200 5 49 2 C2 
20444 58229.78834 64500 3 49 1 C2 
20445 58231.42849 65100 0 50 2 B2 
20446 58232.32255 71400 4 49 2 C2 
20447 58235.1278 70200 5 49 2 C2 
20448 58236.96849 65100 1 50 2 B2 
20449 58237.65582 66600 3 49 2 C2 
20450 58239.19216 65100 0 50 2 B1 
20451 58240.32247 64500 4 49 1 C2 
20452 58248.32257 62400 5 49 2 C2 
20453 58250.07848 62400 2 50 4 B2 
20454 58252.93049 63900 0 50 2 B2 
20455 58255.41207 63900 1 50 2 B2 
20456 58258.26377 63900 2 50 2 B2 
20457 58260.76182 62400 0 50 4 B2 
20458 58263.41181 72000 1 50 3 B2 
20459 58266.98913 62400 3 49 2 C2 
20460 58268.74883 64200 1 50 3 B1 
20461 58275.12158 63900 4 49 1 C2 
20462 58277.68488 63900 5 49 1 C2 
20463 58283.17911 65700 3 49 1 C2 
20464 58286.10761 63900 4 49 1 C2 
20465 58288.43238 64200 5 49 2 C2 
20466 58291.12168 69300 3 49 1 C2 
20467 58293.78838 63900 4 49 1 C2 
20468 58296.45509 71100 5 49 1 C2 
20469 58299.12778 63900 3 49 1 C2 
20470 58300.9305 65400 2 50 4 B2 
20471 58304.18184 63900 0 50 2 A1 
20472 58307.12177 66600 4 49 1 C2 
20473 58308.76181 64200 0 50 3 B2 
20474 58311.59716 65400 1 50 3 B2 
20475 58314.30182 66000 2 50 5 B2 
20476 58315.18551 65100 5 49 1 C2 
20477 58322.09514 64200 0 50 3 B2 
20478 58324.62199 62400 1 50 4 B2 
20479 58327.60784 64200 2 50 3 B2 
20480 58328.46101 62400 3 49 2 C2 
20481 58336.32248 62400 4 49 2 C2 
20482 58339.12172 65100 5 49 2 C2 
20483 58346.98915 62400 3 49 2 C2 
20484 58349.0973 64200 0 50 4 B2 
20485 58349.79443 62400 4 49 2 C2 
20486 58352.46111 62400 5 49 2 C2 
20487 58355.12785 62400 3 49 2 C2 
20488 58357.68489 62400 4 49 2 C2 
20489 58357.76705 63900 2 50 2 B1 
20490 58377.78234 63000 3 49 2 D1 
20491 58377.99227 64200 53 50 5 T 
20492 58382.31383 65400 1 50 3 B2 
20493 58384.34648 64200 53 50 5 T 
20494 58387.95708 64200 53 48 5 T 
20495 58393.05901 64200 53 48 5 T 
20496 58398.39227 64200 53 50 3 T 
20497 58403.48134 64200 53 50 3 T 
20498 58405.89394 65100 2 50 2 B2 
20499 58408.35708 67500 53 50 3 T 
20500 58413.45901 67500 53 50 3 T 
20501 58418.79227 67500 53 50 2 T 
20502 58420.20284 64200 53 50 3 T 
20503 58422.29918 64500 53 49 1 T 
20504 58423.88134 67500 53 50 2 T 
20505 58426.96987 63900 0 50 2 B2 
20506 58427.18804 64500 53 49 1 T 
20507 58428.20283 64200 53 50 4 T 
20508 58429.43781 67500 53 50 1 T 
20509 58431.17662 64200 53 50 5 T 
20510 58432.30844 64200 53 49 2 T 
20511 58433.85901 67500 53 50 1 T 
20512 58434.32731 64500 53 49 1 T 
20513 58437.60899 64200 53 49 2 T 
20514 58439.19227 64200 53 50 4 T 
20515 58442.6992 64500 53 49 2 T 
20516 58444.28134 64200 53 50 4 T 
20517 58447.58807 64500 53 49 2 T 
20518 58458.89498 70500 1 50 5 B2 
20519 58476.00578 64200 53 50 5 T 
20520 58478.67246 64200 53 49 2 T 
20521 58481.15399 65400 2 50 4 B2 
20522 58481.50698 64200 53 49 2 T 
20523 58489.53613 64200 53 48 5 T 
20524 58489.56245 64200 53 48 5 T 
20525 58532.02245 64200 53 50 3 T 
20526 58540.02247 64500 53 49 2 T 
20527 58580.25744 64500 53 49 2 T 
20528 58588.19111 67500 53 50 3 T 
20529 58595.31867 65400 53 50 4 T 
20530 58605.98516 63900 53 50 2 T 
20531 58608.65175 61800 53 50 3 T 
20532 58611.31857 65400 53 50 3 T 
20533 58628.83811 63900 53 49 1 T 
20534 58632.45499 63000 5 49 1 C2 
20535 58637.79454 63000 3 49 1 C2 
20536 58638.89579 64200 53 50 4 T 
20537 58641.52213 66000 4 48 2 D1 
20538 58642.74712 65400 0 49 3 B1 
20539 58643.05371 71100 4 49 2 C2 
20540 58645.04582 65400 1 49 3 B1 
20541 58646.74504 62400 5 48 3 D1 
20542 58647.53652 65400 2 49 3 B1 
20543 58647.73604 65700 53 49 1 T 
20544 58649.33036 64500 53 49 1 T 
20545 58649.57551 66000 3 48 3 D1 
20546 58650.84182 62400 5 48 3 C1 
20547 58652.24226 65400 4 49 3 D1 
20548 58652.54217 64800 0 50 1 B1 
20549 58653.50843 62400 3 48 3 C1 
20550 58653.72656 64500 5 49 1 C2 
20551 58654.96656 64200 5 48 5 D1 
20552 58655.19217 62400 1 50 4 B1 
20553 58655.47071 65400 53 49 1 T 
20554 58656.27747 62400 4 48 3 C1 
20555 58656.41182 63900 0 50 2 B2 
20556 58657.41176 70200 3 49 2 D1 
20557 58658.04412 65400 2 49 1 B1 
20558 58658.13762 65400 53 49 3 T 
20559 58658.94419 62400 5 48 3 C1 
20560 58659.01831 64500 3 49 1 C2 
20561 58660.07837 64800 4 48 1 D1 
20562 58660.54217 65400 0 49 1 B1 
20563 58661.78833 72300 4 49 1 C2 
20564 58663.19212 70200 1 49 2 B1 
20565 58664.14719 62400 3 48 3 C1 
20566 58664.30011 64800 1 50 1 B2 
20567 58664.35164 64500 5 49 1 C2 
20568 58665.87545 65400 2 49 1 B1 
20569 58666.84171 64800 4 48 1 C1 
20570 58667.01836 64500 3 49 1 C2 
20571 58668.80392 66000 53 48 2 T 
20572 58669.61085 64800 5 48 1 C1 
20573 58671.59715 62400 2 50 4 B2 
20574 58672.27746 62400 3 48 3 C1 
20575 58673.52223 63000 5 49 2 D1 
20576 58674.07869 62400 0 50 4 B2 
20577 58674.75918 70500 1 50 5 A1 
20578 58674.84189 64800 4 48 1 C1 
20579 58676.24235 64500 3 49 2 D1 
20580 58676.96849 62400 1 50 4 B2 
20581 58677.61509 66900 5 48 5 C1 
20582 58678.25384 62400 2 50 4 A1 
20583 58678.90896 65100 4 49 1 D1 
20584 58681.77262 64200 0 50 4 A1 
20585 58682.30182 62400 2 50 4 B2 
20586 58682.84171 64800 3 48 1 C1 
20587 58684.7545 62400 0 50 4 B2 
20588 58685.16573 63900 1 50 2 A1 
20589 58685.4804 66600 4 48 4 C1 
20590 58685.79446 62400 4 49 2 C2 
20591 58688.13262 65100 2 50 2 A1 
20592 58690.07875 64800 1 50 1 B2 
20593 58691.55928 61800 0 50 3 A1 
20594 58692.93048 62400 2 50 4 B2 
20595 58694.9524 62400 1 50 5 A1 
20596 58695.59716 64800 0 50 1 B2 
20597 58696.3224 63000 5 49 1 C2 
20598 58700.83651 64200 2 50 5 A1 
20599 58702.67245 67500 53 50 2 T 
20600 58702.85547 63300 5 48 4 D1 
20601 58704.14721 63300 5 48 4 C1 
20602 58705.30681 65400 0 50 4 A1 
20603 58707.01841 62400 3 49 2 C2 
20604 58708.74969 65400 1 50 3 A1 
20605 58709.61501 69900 3 48 3 C1 
20606 58709.78833 63000 4 49 1 C2 
20607 58712.14716 63300 4 48 4 C1 
20608 58713.50027 62400 2 50 4 A1 
20609 58713.8755 63900 0 50 2 B1 
20610 58714.94835 68700 5 48 1 C1 
20611 58716.71083 64200 1 50 4 B1 
20612 58717.61083 66000 3 48 3 C1 
20613 58717.65586 63000 5 49 1 C2 
20614 58718.9089 65400 3 49 1 D1 
20615 58720.3225 63000 3 49 1 C2 
20616 58720.40349 67500 1 50 1 B2 
20617 58721.52228 63900 4 49 1 D1 
20618 58723.1278 63000 4 49 1 C2 
20619 58724.2423 64500 5 49 1 D1 
20620 58724.76177 63900 2 50 2 B2 
20621 58725.4804 66000 4 48 2 C1 
20622 58725.79448 63000 5 49 1 C2 
20623 58726.85571 63000 3 49 1 D1 
20624 58727.63515 64200 0 50 4 B2 
20625 58728.1751 62400 5 48 3 C1 
20626 58730.08782 64200 1 50 4 B2 
20627 58730.94831 66000 3 48 2 C1 
20628 58730.98926 63000 3 49 1 C2 
20629 58733.48055 66000 4 48 2 C1 
20630 58733.74511 65400 2 50 4 B2 
20631 58734.96655 63000 4 49 1 D1 
20632 58736.2817 66000 5 48 3 C1 
20633 58736.31249 65400 0 50 4 B2 
20634 58738.82397 63900 1 50 2 B2 
20635 58741.35855 63900 2 50 2 B2 
20636 58743.53269 64200 0 50 4 B2 
20637 58744.14715 62400 3 48 3 C1 
20638 58746.12815 64200 1 50 4 B2 
20639 58748.96849 65400 2 50 4 B2 
20640 58749.78828 68400 4 49 1 C2 
20641 58751.03014 67500 53 50 1 T 
20642 58751.46649 64800 0 50 1 A1 
20643 58752.27744 62400 4 48 3 C1 
20644 58753.515 63900 0 50 2 B2 
20645 58764.84923 63300 1 50 1 A1 
20646 58765.65594 63900 5 49 1 C2 
20647 58767.3775 63300 2 50 1 B1 
20648 58768.24234 63300 2 50 1 A1 
20649 58768.32258 71100 3 49 1 C2 
20650 58773.65249 63300 1 50 1 B2 
20651 58773.78836 62400 4 49 2 C2 
20652 58774.85558 64200 5 49 2 D1 
20653 58776.34091 62400 5 49 2 C2 
20654 58778.08216 64200 0 50 3 B1 
20655 58778.81382 63300 5 48 4 C1 
20656 58780.29997 62400 3 49 2 D1 
20657 58781.50833 64200 3 48 5 C1 
20658 58781.79449 62400 3 49 2 C2 
20659 58784.35157 62400 4 49 2 C2 
20660 58785.63332 65700 4 49 1 D1 
20661 58786.26377 65400 2 50 3 B2 
20662 58786.94413 64200 4 48 5 C1 
20663 58787.12176 62400 5 49 2 C2 
20664 58788.76182 69900 0 50 4 B2 
20665 58789.61101 64200 5 48 5 C1 
20666 58791.41182 72000 1 50 3 B2 
20667 58794.07848 65400 2 50 3 B2 
20668 58794.98914 64500 3 49 2 C2 
20669 58796.07824 62400 5 49 2 D1 
20670 58796.76182 67500 0 50 3 B2 
20671 58799.59716 66000 1 50 5 B2 
20672 58800.96486 71100 4 49 1 C2 
20673 58803.07011 63300 2 50 1 B2 
20674 58805.60382 70500 0 50 5 B2 
20675 58808.1117 65400 1 50 3 B2 
20676 58808.28169 64200 3 48 5 C1 
20677 58810.34724 66000 2 50 5 B2 
20678 58810.9442 64200 4 48 5 C1 
20679 58811.12772 64500 5 49 2 C2 
20680 58815.41181 67500 0 50 2 B2 
20681 58821.78843 64500 3 49 2 C2 
20682 58824.18555 64500 4 49 1 C2 
20683 58824.30016 65100 1 50 2 B2 
20684 58826.71365 63900 5 49 1 C2 
20685 58829.25461 63900 3 49 1 C2 
20686 58831.4155 65100 1 50 2 B1 
20687 58831.71116 63900 4 49 1 C2 
20688 58833.61561 62400 3 48 3 D1 
20689 58834.04772 66600 5 49 1 C2 
20690 58834.91193 62400 2 50 4 B2 
20691 58836.64733 64500 3 49 2 C2 
20692 58840.31911 65100 0 50 2 B2 
20693 58844.96844 63300 1 50 1 B2 
20694 58847.59715 64200 2 50 3 B2 
20695 58849.22333 63900 4 49 1 C2 
20696 58852.9305 64200 0 50 3 B2 
20697 58854.55045 66000 5 49 2 C2 
20698 58855.42848 63300 1 50 1 B2 
20699 58855.76132 63000 4 49 2 D1 
20700 58856.946 62400 3 49 2 C2 
20701 58858.09515 63300 2 50 1 B2 
20702 58860.622 62400 0 50 4 B2 
20703 58862.447 65100 4 49 1 C2 
20704 58863.60785 63300 1 50 1 B2 
20705 58866.00785 64200 2 50 3 B2 
20706 58868.30125 63300 0 50 1 B2 
20707 58870.78863 64200 1 50 3 B2 
20708 58873.22334 65100 5 49 1 C2 
20709 58881.00117 63300 2 50 1 B2 
20710 58881.21713 64500 3 49 2 C2 
20711 58883.75127 65100 4 49 1 C2 
20712 58886.55666 66000 5 49 2 C2 
20713 58887.19217 61800 2 50 3 B1 
20714 58888.36326 64200 0 50 3 A1 
20715 58889.11376 65100 3 49 2 C2 
20716 58889.8728 61800 0 50 3 B2 
20717 58891.78046 70800 4 49 2 C2 
20718 58897.21716 65100 5 49 1 C2 
20719 58899.63883 63900 3 49 1 C2 
20720 58899.87451 64200 1 50 5 B2 
20721 58904.98446 62400 2 50 5 B2 
20722 58907.78048 68700 4 49 2 C2 
20723 58907.87452 64200 0 50 5 B2 
20724 58910.32719 64200 1 50 5 B2 
20725 58915.75118 63000 5 49 2 C2 
20726 58915.8365 62400 2 50 5 B2 
20727 58918.54118 65100 0 50 2 B2 
20728 58918.55655 63000 3 49 2 C2 
20729 58920.99385 62400 1 50 5 B2 
20730 58926.50318 61800 2 50 3 B2 
20731 58934.44719 63000 4 49 2 C2 
20732 58934.50317 65100 0 50 2 B2 
20733 58936.8751 62400 5 49 2 C2 
20734 58939.88992 72000 3 49 2 C2 
20735 58945.08465 65700 4 49 1 C2 
20736 58947.74716 65700 5 49 1 C2 
20737 58953.11384 63000 3 49 2 C2 
20738 58958.41805 65700 4 49 1 C2 
20739 58961.22324 66600 5 49 2 C2 
20740 58969.21705 64200 3 49 2 C2 
20741 58975.98541 64200 0 50 5 B1 
20742 58977.75708 64800 53 48 1 T 
20743 58980.57001 61800 1 50 3 B2 
20744 58983.04919 64800 53 48 1 T 
20745 58988.19227 64800 53 50 1 T 
20746 58993.11376 63000 4 49 2 C2 
20747 58993.20784 70800 2 50 1 B2 
20748 58995.24049 64800 53 50 1 T 
20749 58995.75135 64200 5 49 2 C2 
20750 58998.15138 70800 3 49 1 C2 
20751 58998.15708 65100 53 50 2 T 
20752 59003.25901 65100 53 50 2 T 
20753 59006.55045 63000 4 49 2 C2 
20754 59008.59227 65100 53 50 2 T 
20755 59011.88993 64200 5 49 2 C2 
20756 59014.41804 64200 3 49 2 C2 
20757 59019.88392 63000 4 49 2 C2 
20758 59022.10846 65100 53 49 2 T 
20759 59022.8695 65100 53 49 1 T 
20760 59025.11374 64200 5 49 2 C2 
20761 59027.40903 65100 53 49 1 T 
20762 59028.25721 65100 53 50 2 T 
20763 59031.23107 64800 53 50 1 T 
20764 59032.49919 65100 53 49 1 T 
20765 59034.47811 65100 53 49 2 T 
20766 59046.80105 61800 0 50 3 B2 
20767 59073.56247 65100 53 49 1 T 
20768 59078.96104 64200 1 50 5 B2 
20769 59084.00578 64800 53 48 1 T 
20770 59105.24883 63000 3 49 2 C2 
20771 59126.64724 64800 53 50 1 T 
20772 59132.22912 65100 53 50 2 T 
20773 59155.91373 63000 4 49 2 C2 
20774 59173.98526 64500 53 49 1 T 
20775 59177.5362 64800 53 48 1 T 
20776 59184.65192 62400 53 49 2 T 
20777 59187.31875 64200 53 49 2 T 
20778 59189.98525 64500 53 49 2 T 
20779 59197.98507 64200 53 50 5 T 
20780 59200.65182 64200 53 50 4 T 
20781 59203.31872 66000 53 50 5 T 
20782 59205.98531 62400 53 50 4 T 
20783 59211.31855 64200 53 50 3 T 
20784 59235.88391 71700 5 49 1 C2 
20785 59236.79216 65400 1 49 1 B1 
20786 59240.19211 65400 2 49 1 B1 
20787 59242.65947 65400 0 49 3 B1 
20788 59243.88982 72900 3 49 2 C2 
20789 59244.29988 64800 5 48 1 D1 
20790 59245.5255 65400 1 49 1 B1 
20791 59246.44702 70500 4 49 2 C2 
20792 59246.96659 63300 3 48 4 D1 
20793 59247.88884 65400 2 49 3 B1 
20794 59249.21729 70500 5 49 1 C2 
20795 59249.57561 62400 4 48 3 D1 
20796 59250.39747 65100 0 50 2 B1 
20797 59251.78037 65100 3 49 1 C2 
20798 59252.29988 66000 5 48 2 D1 
20799 59252.79076 65400 1 49 3 B1 
20800 59254.85565 65400 3 49 1 D1 
20801 59255.3178 64200 2 50 3 B2 
20802 59255.3775 65400 2 49 3 B1 
20803 59256.27755 64800 5 48 1 C1 
20804 59256.65194 66000 53 49 2 T 
20805 59257.22334 65100 4 49 1 C2 
20806 59257.5756 64200 4 48 5 D1 
20807 59257.87544 65400 0 49 1 B1 
20808 59257.97645 70500 0 50 5 B2 
20809 59258.94423 69000 3 48 2 C1 
20810 59259.74612 72900 5 49 1 C2 
20811 59260.07843 62400 5 49 2 D1 
20812 59260.49732 64200 1 50 3 B2 
20813 59260.54217 64200 1 50 3 B1 
20814 59260.80397 62400 53 48 3 T 
20815 59262.81197 64200 2 50 3 B2 
20816 59262.96677 64500 3 49 1 D1 
20817 59264.17501 64800 4 48 1 C1 
20818 59265.08464 65100 3 49 1 C2 
20819 59265.41157 66000 4 48 3 D1 
20820 59266.84171 64800 5 48 1 C1 
20821 59267.88991 65100 4 49 1 C2 
20822 59268.24229 63000 5 49 2 D1 
20823 59269.4804 64200 3 48 5 C1 
20824 59270.7459 66000 1 50 5 A1 
20825 59270.8557 65400 3 49 3 D1 
20826 59271.47068 66000 53 48 2 T 
20827 59272.28167 64200 4 48 5 C1 
20828 59273.00118 64200 0 50 3 B2 
20829 59274.18878 64200 2 50 5 A1 
20830 59274.9486 64200 5 48 5 C1 
20831 59275.66779 65100 1 50 2 B2 
20832 59277.50833 64200 3 48 5 C1 
20833 59278.31784 65100 2 50 2 B2 
20834 59278.74515 63000 4 49 2 D1 
20835 59279.47066 64200 53 48 5 T 
20836 59280.28176 64800 4 48 1 C1 
20837 59281.20783 65100 0 50 2 B2 
20838 59282.1381 65400 0 50 4 A1 
20839 59282.87427 64200 5 48 5 C1 
20840 59283.87451 65100 1 50 2 B2 
20841 59286.32719 64200 2 50 3 B2 
20842 59287.61368 62400 1 50 4 A1 
20843 59288.27753 64200 3 48 5 C1 
20844 59289.00118 65100 0 50 2 B2 
20845 59291.10005 64200 2 50 3 A1 
20846 59294.04138 63300 0 50 1 A1 
20847 59294.55668 63900 5 49 1 C2 
20848 59296.98272 64800 1 50 1 A1 
20849 59299.9229 63300 2 50 1 A1 
20850 59302.85623 64200 0 50 4 A1 
20851 59305.08463 66000 3 49 2 C2 
20852 59305.78957 65100 1 50 2 A1 
20853 59305.86812 71700 2 49 3 B1 
20854 59306.94848 66600 4 48 4 C1 
20855 59307.78026 66000 4 49 2 C2 
20856 59310.41789 63900 5 49 1 C2 
20857 59311.06833 63900 2 50 2 A1 
20858 59312.98452 64200 1 50 4 B2 
20859 59313.11382 65700 3 49 1 C2 
20860 59314.00166 63900 0 50 2 A1 
20861 59314.94847 70200 5 48 4 C1 
20862 59315.66784 64200 2 50 4 B2 
20863 59315.78038 65700 4 49 1 C2 
20864 59316.07834 64500 5 49 2 D1 
20865 59316.30292 66000 53 48 3 T 
20866 59316.71084 64200 0 50 5 B1 
20867 59318.55044 65700 5 49 1 C2 
20868 59318.85554 71100 3 49 1 D1 
20869 59319.22518 63300 0 50 1 B2 
20870 59319.3775 64200 1 50 4 B1 
20871 59321.11376 65700 3 49 1 C2 
20872 59321.57557 63900 4 49 1 D1 
20873 59321.97613 71700 1 50 2 B2 
20874 59323.89 66000 4 49 2 C2 
20875 59324.49829 64200 2 50 4 B2 
20876 59325.50835 62400 3 48 3 C1 
20877 59326.55042 72600 5 49 2 C2 
20878 59328.17524 62400 4 48 3 C1 
20879 59329.16979 64200 0 50 5 B2 
20880 59330.9441 66000 5 48 3 C1 
20881 59331.83651 64200 1 50 5 B2 
20882 59333.46489 66000 3 48 3 C1 
20883 59334.33452 64200 2 50 4 B2 
20884 59338.94843 66000 4 48 3 C1 
20885 59339.66784 64200 0 50 5 B2 
20886 59341.50845 66000 5 48 3 C1 
20887 59342.31783 64200 1 50 5 B2 
20888 59344.1292 62400 3 48 3 C1 
20889 59344.98451 64200 2 50 4 B2 
20890 59355.75121 63900 3 49 1 C2 
20891 59361.11383 64500 4 49 1 C2 
20892 59363.83659 64500 5 49 1 C2 
20893 59365.50848 63300 4 48 4 C1 
20894 59366.50318 72000 0 50 3 B2 
20895 59367.47143 65400 1 50 3 A1 
20896 59368.27746 66000 5 48 2 C1 
20897 59369.00118 64800 1 50 1 B2 
20898 59369.08486 63900 3 49 1 C2 
20899 59369.63322 66000 5 49 2 D1 
20900 59370.08216 64800 2 50 1 B1 
20901 59370.84179 63300 3 48 4 C1 
20902 59371.75127 63900 4 49 1 C2 
20903 59372.24226 65100 3 49 1 D1 
20904 59374.55657 63900 5 49 1 C2 
20905 59377.22324 63900 3 49 1 C2 
20906 59377.87285 64800 2 50 1 B2 
20907 59378.08217 63300 0 50 1 B1 
20908 59379.78048 64500 4 49 1 C2 
20909 59380.1889 64200 4 49 2 D1 
20910 59381.4806 66000 4 48 2 C1 
20911 59382.41795 63900 5 49 1 C2 
20912 59382.50318 63300 0 50 1 B2 
20913 59384.27741 66000 5 48 2 C1 
20914 59385.20785 63300 1 50 1 B2 
20915 59386.81366 66000 3 48 2 C1 
20916 59387.87446 63300 2 50 1 B2 
20917 59389.50843 66900 4 48 5 C1 
20918 59390.50317 63300 0 50 1 B2 
20919 59392.14205 72900 5 48 2 C1 
20920 59393.20785 63300 1 50 1 B2 
20921 59395.67159 63300 2 50 1 B2 
20922 59397.61082 66900 3 48 5 C1 
20923 59398.54118 64800 0 50 1 B2 
20924 59400.14709 66000 4 48 2 C1 
20925 59401.8918 64800 1 50 1 B2 
20926 59402.94421 71700 5 48 5 C1 
20927 59403.88372 63000 3 49 2 C2 
20928 59404.25853 63300 2 50 1 B2 
20929 59417.08469 63000 4 49 2 C2 
20930 59419.54122 65100 5 49 1 C2 
20931 59419.87451 63900 0 50 2 B2 
20932 59421.98106 64500 3 49 1 C2 
20933 59422.50318 65400 1 50 3 B2 
20934 59422.7449 63000 5 49 1 D1 
20935 59424.48904 64500 4 49 1 C2 
20936 59425.24312 65100 2 50 2 B2 
20937 59427.00426 63000 5 49 2 C2 
20938 59429.33988 64500 3 49 1 C2 
20939 59430.85562 65700 3 49 1 D1 
20940 59431.19217 63900 1 50 2 B1 
20941 59431.90728 63000 4 49 2 C2 
20942 59433.85883 65400 2 50 3 B1 
20943 59434.31002 63000 5 49 2 C2 
20944 59435.58529 64800 3 48 1 C1 
20945 59436.65118 62400 0 50 5 B2 
20946 59436.70054 63000 3 49 2 C2 
20947 59439.20995 63000 4 49 2 C2 
20948 59440.98451 63900 1 50 2 B2 
20949 59446.31779 63900 2 50 2 B2 
20950 59449.16983 63900 0 50 2 B2 
20951 59451.05537 70200 0 49 2 B1 
20952 59451.87452 63900 1 50 2 B2 
20953 59454.54117 63900 2 50 2 B2 
20954 59456.14714 63300 4 48 4 C1 
20955 59456.99385 65400 0 50 3 B2 
20956 59457.53866 64200 5 49 2 C2 
20957 59460.3 63000 4 49 1 D1 
20958 59463.20613 65400 1 50 3 B2 
20959 59467.87452 67500 2 50 1 B2 
20960 59468.19935 63000 3 49 1 C2 
20961 59470.2975 62400 5 48 3 C1 
20962 59470.87211 64200 4 49 2 C2 
20963 59473.53871 63000 5 49 2 C2 
20964 59476.09584 64200 3 49 2 C2 
20965 59478.86603 64200 4 49 2 C2 
20966 59481.8755 62400 1 50 4 B1 
20967 59483.65118 66000 0 50 5 B2 
20968 59484.20543 64200 5 49 2 C2 
20969 59486.7178 64200 3 49 2 C2 
20970 59487.20884 65400 2 50 4 B1 
20971 59491.66785 67500 1 50 2 B2 
20972 59492.06677 63000 4 49 2 C2 
20973 59493.42126 62400 3 48 3 C1 
20974 59494.19469 64200 2 50 5 B2 
20975 59497.18055 65400 0 50 4 B2 
20976 59499.71798 66000 1 50 5 B2 
20977 59502.26588 65400 2 50 4 B2 
20978 59504.76791 65400 0 50 4 B2 
20979 59507.00884 66000 1 50 5 B2 
20980 59509.46854 72900 2 50 1 B2 
20981 59513.10554 62400 0 50 4 B2 
20982 59515.7805 72900 1 50 5 B2 
20983 59516.4995 66600 4 48 4 C1 
20984 59520.11387 72600 2 50 4 B2 
20985 59521.42913 63000 5 49 1 C2 
20986 59524.20548 62400 3 49 2 C2 
20987 59526.65466 63900 4 49 1 C2 
20988 59529.42918 63000 5 49 1 C2 
20989 59532.09595 63000 3 49 1 C2 
20990 59532.18663 65100 5 49 2 D1 
20991 59534.7334 63000 4 49 1 C2 
20992 59540.09592 63000 5 49 1 C2 
20993 59542.87214 62400 3 49 2 C2 
20994 59544.96454 72900 5 48 1 C1 
20995 59545.40003 62400 4 49 2 C2 
20996 59548.19926 63000 5 49 1 C2 
20997 59550.86594 63000 3 49 1 C2 
20998 59562.78078 62400 0 50 4 B2 
20999 59570.96588 62400 1 50 4 B2 
21000 59576.13053 62400 2 50 4 B2 
21001 59577.40001 64500 4 49 2 C2 
21002 59578.57652 68700 53 48 1 T 
21003 59580.09595 64500 5 49 2 C2 
21004 59582.73339 62400 3 49 2 C2 
21005 59582.85708 68700 53 48 1 T 
21006 59587.95901 65400 53 49 1 T 
21007 59588.06679 65100 4 49 2 C2 
21008 59588.2826 63900 3 49 1 D1 
21009 59590.7335 71400 5 49 2 C2 
21010 59593.29227 65400 53 49 1 T 
21011 59593.53258 64500 3 49 2 C2 
21012 59596.09599 64500 4 49 2 C2 
21013 59598.57317 63900 0 50 2 B2 
21014 59601.05249 65400 53 50 3 T 
21015 59603.2574 65400 53 50 3 T 
21016 59608.35901 65400 53 50 4 T 
21017 59609.53873 62400 5 49 2 C2 
21018 59612.20538 65100 3 49 2 C2 
21019 59613.69227 65400 53 50 4 T 
21020 59614.8659 64500 4 49 2 C2 
21021 59618.78134 65400 53 49 3 T 
21022 59620.25729 65400 53 49 3 T 
21023 59621.39147 63900 1 50 2 B2 
21024 59622.08807 68700 53 49 2 T 
21025 59623.25306 65700 53 49 1 T 
21026 59623.65831 65400 53 49 3 T 
21027 59627.20845 68700 53 49 2 T 
21028 59628.60551 65400 53 49 1 T 
21029 59631.71671 65400 53 50 3 T 
21030 59632.50899 68400 53 49 1 T 
21031 59637.5992 68400 53 49 1 T 
21032 59638.86586 66600 5 49 2 C2 
21033 59641.53872 69300 3 49 1 C2 
21034 59642.48806 65700 53 49 1 T 
21035 59644.0668 70200 4 49 2 C2 
21036 59646.47757 63000 5 49 1 C2 
21037 59647.60843 65700 53 49 1 T 
21038 59648.91295 71100 3 49 1 C2 
21039 59651.40979 66600 4 49 1 C2 
21040 59657.40017 66600 5 49 2 C2 
21041 59668.09585 72600 3 49 1 C2 
21042 59673.33911 65400 53 50 3 T 
21043 59676.02245 68700 53 48 1 T 
21044 59678.85778 65400 53 49 3 T 
21045 59681.33913 68700 53 49 2 T 
21046 59681.53598 65400 53 50 4 T 
21047 59714.64761 67500 2 50 3 B2 
21048 59726.68911 65400 53 50 4 T 
21049 59729.56245 65400 53 49 1 T 
21050 59732.02247 68400 53 49 1 T 
21051 59779.31856 66600 53 49 1 T 
21052 59780.19113 65700 53 49 1 T 
21053 59781.98535 65100 53 49 2 T 
21054 59784.65197 63000 53 49 2 T 
21055 59789.98526 65100 53 49 1 T 
21056 59790.89665 66600 4 49 1 C2 
21057 59800.652 63300 53 50 1 T 
21058 59803.31858 65100 53 50 2 T 
21059 59808.65166 64800 53 50 1 T 
21060 59828.70598 64500 5 49 2 C2 
21061 59836.19939 66600 3 49 1 C2 
21062 59838.85558 66000 4 48 2 D1 
21063 59840.18378 65400 0 49 3 B1 
21064 59842.50822 65400 1 49 1 B1 
21065 59843.31856 63000 53 49 1 T 
21066 59844.20529 73500 4 49 2 C2 
21067 59844.93979 70200 2 49 2 B1 
21068 59846.86602 66600 5 49 1 C2 
21069 59846.90879 64800 5 48 1 D1 
21070 59849.41161 66600 3 48 4 D1 
21071 59849.53867 66600 3 49 1 C2 
21072 59850.08216 65400 0 49 1 B1 
21073 59850.81388 64200 3 48 5 C1 
21074 59852.07824 64200 4 48 5 D1 
21075 59852.71079 65400 1 49 1 B1 
21076 59853.48049 64200 4 48 5 C1 
21077 59854.43883 65400 0 50 3 B2 
21078 59854.74495 64200 5 48 5 D1 
21079 59854.76257 71100 4 49 1 C2 
21080 59855.20878 65400 2 49 1 B1 
21081 59856.22789 64200 5 48 5 C1 
21082 59857.03032 65400 1 50 3 B2 
21083 59857.4001 66000 5 49 2 C2 
21084 59857.63338 65400 3 49 3 D1 
21085 59858.04417 63900 0 50 2 B1 
21086 59860.30011 65400 4 49 1 D1 
21087 59860.52571 65400 1 49 1 B1 
21088 59860.80397 66000 53 48 2 T 
21089 59861.61513 64200 3 48 5 C1 
21090 59862.85566 66000 5 48 3 D1 
21091 59863.3775 65400 2 50 3 B1 
21092 59863.47066 66600 53 48 4 T 
21093 59865.53881 66000 3 49 2 C2 
21094 59866.96588 63900 2 50 2 B2 
21095 59868.06674 68400 4 49 1 C2 
21096 59869.61102 66000 4 48 3 C1 
21097 59870.81652 66000 5 49 2 C2 
21098 59870.96676 64500 3 49 1 D1 
21099 59871.47067 66900 53 48 5 T 
21100 59872.27754 66000 5 48 3 C1 
21101 59873.57561 64500 4 49 1 D1 
21102 59873.735 63900 2 50 2 A1 
21103 59874.84168 66000 3 48 3 C1 
21104 59874.96588 63900 0 50 2 B2 
21105 59876.30008 63000 5 49 2 D1 
21106 59876.90554 64200 0 50 4 A1 
21107 59877.46386 63900 1 50 2 B2 
21108 59877.61497 66000 4 48 3 C1 
21109 59879.47059 64800 53 48 1 T 
21110 59880.06808 64200 1 50 5 A1 
21111 59880.2992 63900 2 50 2 B2 
21112 59881.41177 65100 3 49 1 D1 
21113 59882.94421 73200 5 48 3 C1 
21114 59883.00382 63900 0 50 2 B2 
21115 59883.04182 64200 2 50 5 A1 
21116 59885.45653 63900 1 50 2 B2 
21117 59885.61081 66000 3 48 3 C1 
21118 59888.33721 69900 2 50 4 B2 
21119 59889.53884 64200 3 49 2 C2 
21120 59889.73105 64800 0 50 1 A1 
21121 59890.80096 63900 0 50 2 B2 
21122 59890.94836 68700 4 48 1 C1 
21123 59893.24982 66000 1 50 5 A1 
21124 59893.46388 63900 1 50 2 B2 
21125 59894.76248 64200 4 49 2 C2 
21126 59895.64589 66600 53 49 2 T 
21127 59900.09586 64200 5 49 2 C2 
21128 59902.01354 65100 2 50 2 A1 
21129 59903.19217 65400 0 49 3 B1 
21130 59906.84181 64800 5 48 1 C1 
21131 59907.68783 67500 2 50 2 B2 
21132 59908.99458 63300 0 50 1 A1 
21133 59909.50835 64800 3 48 1 C1 
21134 59910.33554 67500 0 50 2 B2 
21135 59910.87216 64200 3 49 2 C2 
21136 59911.4155 64800 1 50 1 B1 
21137 59911.93591 64200 1 50 4 A1 
21138 59912.27761 63300 4 48 4 C1 
21139 59913.57545 66900 4 48 5 D1 
21140 59914.08216 65400 2 50 4 B1 
21141 59914.93844 65400 2 50 4 A1 
21142 59914.94425 73200 5 48 4 C1 
21143 59916.09596 64200 4 49 2 C2 
21144 59916.71078 65400 0 49 3 B1 
21145 59918.76257 64200 5 49 2 C2 
21146 59920.14704 64200 3 48 5 C1 
21147 59921.4001 64200 3 49 2 C2 
21148 59922.79721 67500 1 50 3 B2 
21149 59922.94837 64800 4 48 1 C1 
21150 59924.19925 64200 4 49 2 C2 
21151 59925.61519 64800 5 48 1 C1 
21152 59925.67054 64800 2 50 1 B2 
21153 59928.2816 64200 3 48 5 C1 
21154 59928.29921 70500 0 50 5 B2 
21155 59929.52215 66000 5 49 2 D1 
21156 59929.53261 65100 5 49 2 C2 
21157 59930.78075 64800 1 50 1 B2 
21158 59932.07837 63900 3 49 1 D1 
21159 59933.67053 64800 2 50 1 B2 
21160 59934.74508 63900 4 49 1 D1 
21161 59936.13429 64800 0 50 1 B2 
21162 59936.17503 64800 4 48 1 C1 
21163 59938.94835 64800 5 48 1 C1 
21164 59940.24226 65700 5 49 1 D1 
21165 59941.67055 67500 1 50 3 B2 
21166 59942.76264 63900 3 49 1 C2 
21167 59944.29921 73200 2 50 2 B2 
21168 59949.44721 65400 0 50 3 B2 
21169 59949.50839 64200 3 48 5 C1 
21170 59952.82796 64200 0 50 3 A1 
21171 59953.39996 63900 4 49 1 C2 
21172 59956.06668 63900 5 49 1 C2 
21173 59960.14719 66900 4 48 5 C1 
21174 59962.81374 66900 5 48 5 C1 
21175 59963.66883 65100 1 50 2 B2 
21176 59965.61524 66600 3 48 4 C1 
21177 59966.16129 64200 1 50 3 A1 
21178 59966.86592 63900 3 49 1 C2 
21179 59967.19216 66000 1 50 5 B1 
21180 59969.11388 65100 2 50 2 B2 
21181 59969.42926 63900 4 49 1 C2 
21182 59969.85883 65100 2 50 2 B1 
21183 59973.61513 66900 4 48 5 C1 
21184 59974.8721 63900 5 49 1 C2 
21185 59976.11388 65100 0 50 2 B2 
21186 59976.7118 65400 0 49 3 B1 
21187 59977.3822 63900 3 49 1 C2 
21188 59978.94409 66000 5 48 2 C1 
21189 59978.96588 65100 1 50 2 B2 
21190 59981.50854 66000 3 48 2 C1 
21191 59982.90887 64200 3 49 2 D1 
21192 59984.13049 65400 2 50 4 B2 
21193 59984.17503 66000 4 48 2 C1 
21194 59986.78054 65400 0 50 4 B2 
21195 59986.84179 66000 5 48 2 C1 
21196 59988.29987 64200 4 49 2 D1 
21197 59989.48037 66000 3 48 2 C1 
21198 59989.67055 65100 1 50 2 B2 
21199 59990.90891 66600 5 49 1 D1 
21200 59992.17504 66000 4 48 2 C1 
21201 59992.3372 65400 2 50 4 B2 
21202 59993.53872 64200 4 49 2 C2 
21203 59994.78987 67500 0 50 1 B2 
21204 59996.06673 63900 5 49 1 C2 
21205 59996.18896 63000 3 49 1 D1 
21206 59998.73346 64500 3 49 2 C2 
21207 60000.13054 67500 1 50 1 B2 
21208 60003.00387 65100 2 50 2 B2 
21209 60004.19926 64500 4 49 2 C2 
21210 60005.46486 66000 5 48 2 C1 
21211 60010.5857 64200 3 48 5 C1 
21212 60014.44716 64200 0 50 5 B2 
21213 60017.01708 65400 1 50 3 B2 
21214 60017.5325 64500 5 49 2 C2 
21215 60017.8755 64200 1 50 3 B1 
21216 60020.54217 64200 2 50 5 B1 
21217 60022.43888 64200 2 50 5 B2 
21218 60028.19935 65700 3 49 1 C2 
21219 60030.70337 66000 4 49 2 C2 
21220 60033.17149 64500 5 49 2 C2 
21221 60035.68332 65700 3 49 1 C2 
21222 60037.46388 64200 0 50 5 B2 
21223 60038.85558 64500 4 49 2 D1 
21224 60040.13054 64200 1 50 5 B2 
21225 60041.41159 64500 5 49 2 D1 
21226 60042.4369 65700 4 49 1 C2 
21227 60042.78053 66000 2 50 5 B2 
21228 60045.48051 69900 4 48 3 C1 
21229 60045.63249 66000 0 50 5 B2 
21230 60048.13053 66000 1 50 5 B2 
21231 60050.43697 64500 5 49 1 C2 
21232 60050.78055 64200 2 50 5 B2 
21233 60053.67055 64200 0 50 5 B2 
21234 60055.77017 65700 3 49 1 C2 
21235 60056.3372 64200 1 50 5 B2 
21236 60058.78988 64200 2 50 5 B2 
21237 60060.30002 66600 3 49 2 D1 
21238 60061.00016 65700 4 49 1 C2 
21239 60061.48049 66600 5 48 4 C1 
21240 60064.29921 65100 0 50 2 B2 
21241 60066.59628 65400 0 49 3 B1 
21242 60069.10954 64500 5 49 1 C2 
21243 60069.61079 66600 3 48 4 C1 
21244 60070.43883 64200 1 50 4 B2 
21245 60071.77625 64500 3 49 1 C2 
21246 60077.10975 64500 4 49 2 C2 
21247 60077.12325 63900 2 50 2 A1 
21248 60083.68788 64200 2 50 4 B2 
21249 60084.71083 63300 1 50 1 B1 
21250 60085.00012 64500 5 49 1 C2 
21251 60087.3775 64200 2 50 4 B1 
21252 60090.04412 65100 3 49 2 C2 
21253 60090.96588 64200 0 50 4 B2 
21254 60093.10365 64500 4 49 1 C2 
21255 60093.46386 64200 1 50 3 B2 
21256 60094.32168 64200 4 48 5 C1 
21257 60095.77631 64500 5 49 2 C2 
21258 60095.99071 64800 2 50 1 B2 
21259 60096.34911 65400 0 50 3 A1 
21260 60098.97656 64200 0 50 3 B2 
21261 60101.514 64200 1 50 4 B2 
21262 60104.05617 64200 2 50 3 B2 
21263 60106.23912 64200 0 50 3 B2 
21264 60111.42855 64200 1 50 3 B2 
21265 60111.77641 63000 3 49 2 C2 
21266 60113.91014 64200 2 50 3 B2 
21267 60119.46656 64200 0 50 3 B2 
21268 60119.77631 64500 4 49 2 C2 
21269 60122.33335 63000 5 49 1 C2 
21270 60124.97096 64500 3 49 2 C2 
21271 60125.48384 72000 1 50 3 B2 
21272 60127.66673 63000 4 49 2 C2 
21273 60130.33357 64500 5 49 1 C2 
21274 60135.14353 63900 3 49 1 C2 
21275 60138.43686 63000 4 49 1 C2 
21276 60140.971 63000 5 49 1 C2 
21277 60146.09521 64200 2 50 4 B2 
21278 60149.00014 63000 3 49 1 C2 
21279 60152.73727 65400 0 50 4 B2 
21280 60155.87966 63300 1 50 1 B2 
21281 60157.10971 63000 4 49 1 C2 
21282 60158.23542 73500 5 48 5 C1 
21283 60158.27966 63300 2 50 1 B2 
21284 60160.69542 73500 0 50 3 B2 
21285 60163.22898 63300 1 50 1 B2 
21286 60167.99286 64200 2 50 4 B2 
21287 60170.30841 64500 5 49 1 C2 
21288 60170.60601 64200 0 50 4 B2 
21289 60173.47965 70800 1 50 1 B2 
21290 60176.10832 63300 2 50 1 B2 
21291 60178.23549 66000 53 48 3 T 
21292 60180.97097 65100 3 49 1 C2 
21293 60183.09227 66000 53 48 3 T 
21294 60183.63755 65100 4 49 1 C2 
21295 60186.43684 64500 5 49 1 C2 
21296 60188.18134 66000 53 48 3 T 
21297 60188.97106 63000 3 49 2 C2 
21298 60191.77631 68700 4 49 2 C2 
21299 60193.05708 66000 53 48 2 T 
21300 60194.15 64500 5 49 2 C2 
21301 60198.15901 66000 53 48 2 T 
21302 60202.43684 65100 3 49 1 C2 
21303 60203.49227 66000 53 48 2 T 
21304 60208.58134 66000 53 48 2 T 
21305 60213.45708 69000 53 48 2 T 
21306 60217.53617 66000 53 49 2 T 
21307 60218.33356 65100 4 49 1 C2 
21308 60218.55901 69000 53 48 2 T 
21309 60222.30902 69300 53 49 1 T 
21310 60222.86954 66000 53 48 2 T 
21311 60223.89227 66000 53 50 5 T 
21312 60225.83329 66000 53 48 3 T 
21313 60227.39919 69300 53 49 1 T 
21314 60228.97101 63000 5 49 2 C2 
21315 60228.98134 66000 53 50 5 T 
21316 60232.28805 66000 53 49 2 T 
21317 60234.43684 71100 3 49 2 C2 
21318 60237.10342 66600 4 49 2 C2 
21319 60237.40844 66000 53 49 2 T 
21320 60239.50053 64500 5 49 1 C2 
21321 60242.02851 63000 3 49 2 C2 
21322 60244.53681 73500 4 49 1 C2 
21323 60253.76194 66600 5 49 2 C2 
21324 60264.53812 66600 3 49 2 C2 
21325 60271.50169 64200 0 50 3 B2 
21326 60272.53206 72300 4 49 1 C2 
21327 60278.89581 69300 53 49 1 T 
21328 60280.3996 70800 5 49 1 C2 
21329 60281.52445 69000 53 48 2 T 
21330 60284.19111 66000 53 50 5 T 
21331 60299.0953 65100 3 49 1 C2 
21332 60320.84384 64200 1 50 4 B2 
21333 60324.25744 66000 53 50 5 T 
21334 60328.27764 65100 4 49 1 C2 
21335 60334.89579 66000 53 48 2 T 
21336 60342.67246 66000 53 49 2 T 
21337 60352.39953 71100 5 49 1 C2 
21338 60368.06084 72000 3 49 2 C2 
21339 60384.65194 65700 53 49 1 T 
21340 60390.67245 66000 53 48 2 T 
21341 60392.65177 65400 53 50 3 T 
21342 60397.98525 67500 53 50 3 T 
21343 60400.65192 63900 53 49 1 T 
21344 60401.71185 70800 4 49 2 C2 
21345 60403.3185 65400 53 50 4 T 
21346 60405.98508 67500 53 50 2 T 
21347 60408.65198 63900 53 50 2 T 
21348 60437.43278 65400 0 49 3 B1 
21349 60440.556 73500 5 49 2 C2 
21350 60442.19516 67500 53 50 1 T 
21351 60442.35512 65400 1 49 3 B1 
21352 60443.50658 65700 3 49 1 C2 
21353 60444.1888 66000 4 48 2 D1 
21354 60445.50849 69000 3 48 2 C1 
21355 60446.00782 65700 4 49 1 C2 
21356 60446.85553 64200 5 48 5 D1 
21357 60447.19216 65400 2 49 3 B1 
21358 60448.81132 64200 2 50 5 B2 
21359 60449.5755 66900 3 48 5 D1 
21360 60450.13759 65400 53 49 3 T 
21361 60452.3 69900 4 48 3 D1 
21362 60453.6109 70200 4 48 4 C1 
21363 60453.87139 70500 5 49 1 C2 
21364 60455.4155 64800 0 50 1 B1 
21365 60456.1751 72900 5 48 1 C1 
21366 60456.5382 65100 3 49 2 C2 
21367 60457.4117 65400 5 49 1 D1 
21368 60458.04411 65400 1 49 3 B1 
21369 60459.15113 65100 4 49 2 C2 
21370 60460.18902 64500 3 49 1 D1 
21371 60460.74878 70200 2 49 2 B1 
21372 60460.80403 65400 53 49 1 T 
21373 60461.47965 64800 0 50 1 B2 
21374 60461.61078 64200 3 48 5 C1 
21375 60462.96671 64500 4 49 1 D1 
21376 60463.41545 65400 0 49 3 B1 
21377 60464.27746 64200 4 48 5 C1 
21378 60464.42867 71700 5 49 1 C2 
21379 60464.81127 64800 1 50 1 B2 
21380 60465.41176 65400 5 49 3 D1 
21381 60465.87925 65400 1 49 3 B1 
21382 60467.09427 64800 2 50 1 B2 
21383 60467.15113 65100 3 49 2 C2 
21384 60468.0785 64200 3 49 2 D1 
21385 60469.48045 64200 5 48 5 C1 
21386 60469.59908 64800 0 50 1 B2 
21387 60470.90878 66000 4 48 2 D1 
21388 60472.12937 64200 3 48 5 C1 
21389 60472.17851 64800 1 50 1 B2 
21390 60474.59036 64800 2 50 1 B2 
21391 60474.94129 65400 1 50 3 A1 
21392 60479.47057 66000 53 48 2 T 
21393 60480.14631 72000 0 50 3 B2 
21394 60480.27753 64200 4 48 5 C1 
21395 60480.67462 64800 2 50 1 A1 
21396 60481.57551 64200 5 49 2 D1 
21397 60482.94834 64200 5 48 5 C1 
21398 60485.25631 72900 1 50 1 B2 
21399 60485.61485 64200 3 48 5 C1 
21400 60486.55873 64200 0 50 3 A1 
21401 60487.9396 64800 2 50 1 B2 
21402 60488.27754 64200 4 48 5 C1 
21403 60490.07751 64200 1 50 3 A1 
21404 60493.27299 71700 0 50 2 B2 
21405 60493.47062 65100 2 50 2 A1 
21406 60493.87159 72600 4 49 2 C2 
21407 60496.40396 65100 0 50 2 A1 
21408 60497.6332 64800 3 48 1 D1 
21409 60498.81386 66000 5 48 2 C1 
21410 60499.37084 66000 1 50 5 A1 
21411 60499.69221 66000 53 48 3 T 
21412 60500.1888 66600 4 48 4 D1 
21413 60502.76396 65400 2 50 4 A1 
21414 60503.41545 65400 2 49 1 B1 
21415 60504.2818 66000 3 48 2 C1 
21416 60504.4286 65100 5 49 1 C2 
21417 60504.92299 65100 1 50 2 B2 
21418 60505.69729 67500 0 50 3 A1 
21419 60508.53482 65100 0 50 2 B1 
21420 60508.64007 64800 1 50 1 A1 
21421 60509.86536 63900 3 49 1 C2 
21422 60510.74497 64800 5 48 1 D1 
21423 60512.13474 67500 2 50 1 A1 
21424 60512.28167 68700 4 48 1 C1 
21425 60512.53814 65700 4 49 1 C2 
21426 60513.85878 65400 1 49 1 B1 
21427 60515.0954 65700 5 49 1 C2 
21428 60516.5255 65100 2 50 2 B1 
21429 60517.27299 67500 2 50 3 B2 
21430 60517.53856 66600 5 48 4 C1 
21431 60517.73285 63900 3 49 1 C2 
21432 60518.90892 63900 3 49 1 D1 
21433 60519.3775 65400 0 49 1 B1 
21434 60520.40363 63900 4 49 1 C2 
21435 60521.41178 64500 4 49 2 D1 
21436 60521.87549 65400 1 49 1 B1 
21437 60522.58965 67500 0 50 3 B2 
21438 60522.94415 66600 3 48 4 C1 
21439 60524.30003 66000 5 49 2 D1 
21440 60525.47966 67500 1 50 3 B2 
21441 60525.61081 66600 4 48 4 C1 
21442 60525.8716 63900 5 49 1 C2 
21443 60527.94341 64200 2 50 5 B2 
21444 60528.2776 66600 5 48 4 C1 
21445 60530.81298 64200 0 50 5 B2 
21446 60531.09537 65700 3 49 1 C2 
21447 60533.26566 64200 1 50 5 B2 
21448 60533.61507 66900 3 48 5 C1 
21449 60536.92294 72600 2 50 4 B2 
21450 60539.49032 64200 0 50 5 B2 
21451 60540.18886 64500 3 49 2 D1 
21452 60542.0018 64200 1 50 5 B2 
21453 60542.60076 63900 0 50 2 A1 
21454 60544.17503 66900 4 48 5 C1 
21455 60544.53634 64200 2 50 5 B2 
21456 60545.54094 67500 1 50 2 A1 
21457 60546.78062 64200 0 50 5 B2 
21458 60546.94846 66900 5 48 5 C1 
21459 60549.50836 66900 3 48 5 C1 
21460 60550.75097 64200 2 50 5 A1 
21461 60554.14524 64200 0 50 4 A1 
21462 60555.09542 68400 4 49 1 C2 
21463 60557.08657 72000 1 50 3 A1 
21464 60557.6109 64800 4 48 1 C1 
21465 60557.73283 64200 5 49 2 C2 
21466 60560.17509 64800 5 48 1 C1 
21467 60560.532 65100 3 49 1 C2 
21468 60560.91465 64200 1 50 4 B2 
21469 60561.2674 64200 2 50 5 A1 
21470 60563.0954 65100 4 49 1 C2 
21471 60565.50836 64800 3 48 1 C1 
21472 60565.76196 65100 5 49 1 C2 
21473 60568.46171 65100 3 49 1 C2 
21474 60569.8755 64200 2 50 4 B1 
21475 60572.54217 65100 0 50 2 B1 
21476 60576.39955 65100 4 49 1 C2 
21477 60577.52225 65700 4 49 1 D1 
21478 60578.60632 65100 2 50 2 B2 
21479 60578.94842 64800 4 48 1 C1 
21480 60580.24224 66600 5 49 2 D1 
21481 60581.25632 64200 0 50 4 B2 
21482 60581.61501 66000 5 48 2 C1 
21483 60584.28183 66000 3 48 2 C1 
21484 60584.91461 64200 1 50 4 B2 
21485 60586.8417 64800 4 48 1 C1 
21486 60587.06618 65100 5 49 1 C2 
21487 60587.44232 65400 1 49 1 B1 
21488 60588.07836 66600 3 49 1 D1 
21489 60589.44164 65100 2 50 2 B2 
21490 60589.61094 64800 5 48 1 C1 
21491 60592.10832 65100 0 50 2 B2 
21492 60594.60631 65100 1 50 2 B2 
21493 60597.48057 66000 3 48 2 C1 
21494 60600.14632 65100 2 50 2 B2 
21495 60602.59899 65100 0 50 2 B2 
21496 60604.2999 65100 4 49 2 D1 
21497 60605.27299 65100 1 50 2 B2 
21498 60605.48043 66000 4 48 2 C1 
21499 60606.81987 72900 3 49 2 C2 
21500 60608.17511 66000 5 48 2 C1 
21501 60610.33927 64200 2 50 5 B1 
21502 60611.20485 64200 4 49 2 C2 
21503 60613.61514 72900 3 48 2 C1 
21504 60613.73292 64500 5 49 1 C2 
21505 60614.16365 64200 2 50 3 B2 
21506 60616.1472 66000 4 48 3 C1 
21507 60616.53201 64500 3 49 1 C2 
21508 60619.06616 64200 4 49 2 C2 
21509 60621.86529 64200 5 49 2 C2 
21510 60624.53205 64200 3 49 2 C2 
21511 60624.95447 64200 5 48 5 C1 
21512 60626.04416 66000 0 50 5 B1 
21513 60626.60632 64200 0 50 3 B2 
21514 60627.09529 64200 4 49 2 C2 
21515 60629.73295 64200 5 49 2 C2 
21516 60630.96667 65100 5 49 1 D1 
21517 60631.3775 64200 1 50 3 B1 
21518 60632.17501 66000 3 48 3 C1 
21519 60632.17864 71400 3 49 2 C2 
21520 60632.83027 64200 1 50 3 B2 
21521 60634.68526 64200 4 49 2 C2 
21522 60635.11378 64800 2 50 1 B2 
21523 60637.50836 66000 4 48 3 C1 
21524 60638.00564 64200 0 50 3 B2 
21525 60640.14708 66000 5 48 3 C1 
21526 60640.30495 64200 1 50 3 B2 
21527 60642.79322 64200 2 50 3 B2 
21528 60642.8419 66000 3 48 3 C1 
21529 60644.12032 64200 3 48 5 D1 
21530 60645.47964 64200 0 50 4 B2 
21531 60645.61501 71700 4 48 5 C1 
21532 60648.10831 64200 1 50 4 B2 
21533 60648.53204 64200 5 49 2 C2 
21534 60651.064 65700 3 49 1 C2 
21535 60653.25632 64200 2 50 4 B2 
21536 60653.33234 71700 2 49 3 B1 
21537 60656.14714 64800 5 48 1 C1 
21538 60658.59895 64200 0 50 4 B2 
21539 60658.81383 64800 3 48 1 C1 
21540 60660.07823 65100 4 49 1 D1 
21541 60661.27298 64200 1 50 3 B2 
21542 60664.27748 64800 4 48 1 C1 
21543 60664.42862 64500 4 49 1 C2 
21544 60669.61076 66000 5 48 3 C1 
21545 60669.87148 66000 5 49 2 C2 
21546 60671.97967 66000 3 48 2 C1 
21547 60672.53211 66000 3 49 2 C2 
21548 60672.81132 65400 2 50 3 B2 
21549 60674.08268 64200 0 50 4 A1 
21550 60675.19871 64500 4 49 1 C2 
21551 60675.75136 65400 0 49 1 B1 
21552 60677.86549 72600 5 49 1 C2 
21553 60680.28717 63900 3 49 1 C2 
21554 60682.77499 65400 0 50 3 B2 
21555 60682.79099 64500 4 49 1 C2 
21556 60684.74883 63900 1 50 2 B1 
21557 60685.37014 64500 5 49 1 C2 
21558 60687.4155 65400 2 50 3 B1 
21559 60688.81127 65400 1 50 3 B2 
21560 60695.92298 66000 2 50 5 B2 
21561 60696.53826 64500 3 49 1 C2 
21562 60698.58966 70500 0 50 5 B2 
21563 60701.47964 66000 1 50 5 B2 
21564 60704.14632 63900 2 50 2 B2 
21565 60706.81299 63900 0 50 2 B2 
21566 60709.87146 64500 4 49 1 C2 
21567 60711.93965 66000 1 50 5 B2 
21568 60714.77498 63900 2 50 2 B2 
21569 60716.28318 66000 5 48 3 D1 
21570 60717.27293 66000 0 50 5 B2 
21571 60719.92299 63900 1 50 2 B2 
21572 60723.14935 66600 5 49 2 C2 
21573 60728.26428 65100 3 49 1 C2 
21574 60728.92299 67500 2 50 1 B2 
21575 60730.57865 66600 4 49 1 C2 
21576 60731.48163 64200 0 50 4 B2 
21577 60733.16226 70200 5 49 2 C2 
21578 60735.19217 65400 0 50 4 B1 
21579 60735.60166 66600 3 49 1 C2 
21580 60737.89668 66600 4 49 2 C2 
21581 60742.84088 66600 5 49 1 C2 
21582 60746.81299 67500 1 50 2 B2 
21583 60748.00682 65100 3 49 1 C2 
21584 60750.29817 66000 4 48 2 C1 
21585 60752.92294 67500 2 50 1 B2 
21586 60755.49203 65400 0 50 4 B2 
21587 60758.0357 65100 1 50 2 B2 
21588 60758.47335 66000 4 49 2 C2 
21589 60760.27444 65400 2 50 4 B2 
21590 60761.13998 66000 5 49 2 C2 
21591 60762.85604 67500 0 50 2 B2 
21592 60767.63687 65400 1 50 3 B2 
21593 60773.30154 66000 5 48 3 C1 
21594 60777.75708 69900 53 48 3 T 
21595 60779.77741 64500 3 49 2 C2 
21596 60782.47336 64500 4 49 2 C2 
21597 60783.2264 65400 2 50 4 B2 
21598 60785.1108 72900 5 49 1 C2 
21599 60785.35358 69900 53 48 3 T 
21600 60787.85323 65400 0 50 4 B2 
21601 60787.91004 64500 3 49 2 C2 
21602 60790.30286 69900 53 50 4 T 
21603 60790.47331 66600 4 49 2 C2 
21604 60793.11077 64500 5 49 2 C2 
21605 60793.28134 69900 53 50 4 T 
21606 60795.91614 64500 3 49 2 C2 
21607 60798.4734 64500 4 49 2 C2 
21608 60799.22645 72900 1 50 5 B2 
21609 60801.35705 66900 53 48 5 T 
21610 60804.02372 66900 53 48 5 T 
21611 60808.60458 66600 53 48 4 T 
21612 60809.1109 69300 5 49 1 C2 
21613 60811.43634 64200 2 50 3 B2 
21614 60813.68134 66600 53 48 4 T 
21615 60817.59088 66600 53 48 4 T 
21616 60820.58664 66600 53 49 2 T 
21617 60822.30902 66600 53 49 2 T 
21618 60822.44415 66600 3 49 2 C2 
21619 60827.39919 66600 53 49 2 T 
21620 60828.59779 67500 0 50 1 B2 
21621 60830.92396 66600 53 49 1 T 
21622 60832.28805 66600 53 49 1 T 
21623 60836.20268 66900 53 48 5 T 
21624 60837.40844 66600 53 49 1 T 
21625 60842.81881 64500 4 49 1 C2 
21626 60846.44419 64500 5 49 2 C2 
21627 60849.24335 70500 3 49 2 C2 
21628 60851.91613 71100 4 49 1 C2 
21629 60854.47326 68700 5 49 2 C2 
21630 60867.91011 64500 3 49 2 C2 
21631 60878.89579 69900 53 50 4 T 
21632 60881.24332 64500 4 49 2 C2 
21633 60881.52445 66600 53 48 4 T 
21634 60883.74729 66000 5 49 2 C2 
21635 60884.02247 66600 53 49 1 T 
21636 60902.727 66600 3 49 1 C2 
21637 60904.18005 65400 1 50 3 B2 
21638 60926.81272 67500 2 50 2 B2 
21639 60940.22912 66900 53 48 5 T 
21640 60942.8578 66600 53 49 2 T 
21641 60949.72546 65400 0 50 4 B2 
21642 60981.98527 66000 53 49 2 T 
21643 60984.65192 64500 53 49 2 T 
21644 60987.31868 64500 53 49 1 T 
21645 60989.98532 64200 53 49 2 T 
21646 60990.67245 69900 53 48 3 T 
21647 61000.65173 64200 53 50 5 T 
21648 61003.31856 64200 53 50 3 T 
21649 61008.65205 64200 53 50 4 T 
21650 61011.31863 66000 53 50 5 T 
21651 61026.7255 65400 1 49 1 B1 
21652 61033.24333 65700 4 49 1 C2 
21653 61038.96657 64800 3 48 1 D1 
21654 61044.29988 66000 4 48 2 D1 
21655 61044.54212 65400 2 49 1 B1 
21656 61046.44423 65700 5 49 1 C2 
21657 61046.74502 64800 5 48 1 D1 
21658 61047.19211 65400 0 49 1 B1 
21659 61048.17512 68700 3 48 1 C1 
21660 61049.11091 65700 3 49 1 C2 
21661 61050.08217 65400 1 49 1 B1 
21662 61050.84179 66600 4 48 4 C1 
21663 61051.77232 65700 4 49 1 C2 
21664 61052.07824 64200 3 48 5 D1 
21665 61052.53484 64800 2 50 1 B1 
21666 61053.36608 64800 1 50 1 B2 
21667 61054.90891 66000 4 48 2 D1 
21668 61055.1921 65400 0 49 1 B1 
21669 61057.13994 65700 5 49 1 C2 
21670 61057.8755 67500 1 50 2 B1 
21671 61058.69946 64800 2 50 1 B2 
21672 61058.9442 68700 5 48 1 C1 
21673 61059.90992 65700 3 49 1 C2 
21674 61060.29989 66600 5 48 4 D1 
21675 61060.71083 65400 2 49 1 B1 
21676 61061.61073 73200 3 48 3 C1 
21677 61063.05779 64800 0 50 1 B2 
21678 61063.20878 65400 0 49 1 B1 
21679 61064.27748 66900 4 48 5 C1 
21680 61065.57558 65400 3 49 3 D1 
21681 61066.81371 73500 5 48 5 C1 
21682 61067.91621 65700 4 49 1 C2 
21683 61068.80396 66000 53 48 2 T 
21684 61070.58278 65700 5 49 1 C2 
21685 61070.74508 64200 4 49 2 D1 
21686 61071.47068 66000 53 48 3 T 
21687 61073.52238 65100 5 49 1 D1 
21688 61074.94835 69900 3 48 3 C1 
21689 61075.25533 65400 1 50 4 A1 
21690 61076.39113 64800 1 50 1 B2 
21691 61077.5622 66900 4 48 5 C1 
21692 61078.74055 65100 2 50 2 A1 
21693 61078.90883 64500 3 49 2 D1 
21694 61079.2644 67500 2 50 2 B2 
21695 61081.67503 64200 0 50 5 A1 
21696 61081.72819 67500 0 50 2 B2 
21697 61082.1373 64200 53 48 5 T 
21698 61082.81384 66900 5 48 5 C1 
21699 61084.59778 73200 1 50 2 B2 
21700 61085.48066 66900 3 48 5 C1 
21701 61089.70778 64800 2 50 1 B2 
21702 61089.87238 67500 1 50 1 A1 
21703 61090.94421 69000 4 48 2 C1 
21704 61092.55979 67500 0 50 2 B2 
21705 61093.39115 67500 2 50 2 A1 
21706 61093.41383 65400 1 49 3 B1 
21707 61096.79371 64200 0 50 3 A1 
21708 61098.74712 65400 2 49 3 B1 
21709 61099.9161 66000 3 49 2 C2 
21710 61100.0782 66000 4 48 3 D1 
21711 61100.31249 65100 1 50 2 A1 
21712 61101.12721 70200 0 49 2 B1 
21713 61102.57663 66000 4 49 2 C2 
21714 61103.55457 65400 1 49 3 B1 
21715 61103.73915 64800 2 50 1 A1 
21716 61105.13993 70800 5 49 2 C2 
21717 61106.12568 65400 2 49 3 B1 
21718 61106.81389 66000 5 48 2 C1 
21719 61107.16582 64800 0 50 1 A1 
21720 61107.91014 66000 3 49 2 C2 
21721 61108.71078 65400 0 49 1 B1 
21722 61109.48048 66000 3 48 2 C1 
21723 61110.58266 66000 4 49 2 C2 
21724 61111.94846 65400 1 50 3 B2 
21725 61113.24343 66000 5 49 2 C2 
21726 61113.57548 66900 5 48 5 D1 
21727 61114.04417 66000 1 50 5 B1 
21728 61114.05475 65400 1 50 3 A1 
21729 61114.23403 72000 2 50 3 B2 
21730 61115.80669 68400 3 49 1 C2 
21731 61116.18897 70200 3 48 4 D1 
21732 61116.54217 65400 2 50 3 B1 
21733 61117.28174 65400 0 50 3 B2 
21734 61117.61502 66000 4 48 2 C1 
21735 61118.44419 66000 4 49 2 C2 
21736 61119.37745 65400 0 49 3 B1 
21737 61120.28181 66000 5 48 2 C1 
21738 61121.52229 65400 4 49 1 D1 
21739 61122.94826 66000 3 48 2 C1 
21740 61123.91616 71100 5 49 1 C2 
21741 61124.24229 66600 5 49 2 D1 
21742 61126.47326 68400 3 49 1 C2 
21743 61126.85567 64500 3 49 1 D1 
21744 61127.26446 65400 1 50 3 B2 
21745 61128.27744 66000 4 48 2 C1 
21746 61129.52223 70500 4 49 2 D1 
21747 61129.93112 66000 2 50 5 B2 
21748 61130.94433 66000 5 48 2 C1 
21749 61132.18903 65400 5 49 1 D1 
21750 61132.5598 73500 0 50 3 B2 
21751 61133.61073 66000 3 48 2 C1 
21752 61134.96678 65100 3 49 2 D1 
21753 61135.04137 66000 1 50 5 B2 
21754 61136.16307 66600 4 48 4 C1 
21755 61137.72445 66000 2 50 5 B2 
21756 61140.39113 65400 0 50 3 B2 
21757 61141.50832 66600 5 48 4 C1 
21758 61143.04107 66000 1 50 5 B2 
21759 61145.72446 64800 2 50 1 B2 
21760 61148.55978 66000 0 50 5 B2 
21761 61149.34883 64200 2 50 4 A1 
21762 61152.28179 66600 3 48 4 C1 
21763 61153.24956 70800 4 49 1 C2 
21764 61154.04411 65400 1 49 3 B1 
21765 61154.83548 65400 0 50 4 A1 
21766 61158.58281 64200 5 49 2 C2 
21767 61159.20884 65400 2 49 3 B1 
21768 61161.24955 66600 3 49 2 C2 
21769 61162.59612 64200 1 50 4 B2 
21770 61163.80655 66600 4 49 2 C2 
21771 61166.47321 64200 5 49 2 C2 
21772 61167.26445 70500 2 50 5 B2 
21773 61168.16881 66000 1 50 5 A1 
21774 61169.10671 64200 3 49 2 C2 
21775 61170.84169 66000 4 48 3 C1 
21776 61172.29998 70500 4 49 1 D1 
21777 61173.61085 66000 5 48 3 C1 
21778 61175.3775 64200 0 50 4 B1 
21779 61176.17503 66000 3 48 3 C1 
21780 61177.11084 73500 4 49 2 C2 
21781 61178.08217 67500 1 50 1 B1 
21782 61178.59608 64200 0 50 4 B2 
21783 61178.84173 66000 4 48 3 C1 
21784 61179.77755 64200 5 49 2 C2 
21785 61180.74878 65400 2 49 3 B1 
21786 61181.61509 66000 5 48 3 C1 
21787 61183.08388 65400 0 49 1 B1 
21788 61184.27756 73200 3 48 4 C1 
21789 61185.13999 73500 3 49 1 C2 
21790 61185.93113 67500 1 50 1 B2 
21791 61186.89277 66000 4 48 3 C1 
21792 61188.3838 64200 2 50 4 B2 
21793 61190.9666 65700 5 49 1 D1 
21794 61191.05778 65400 0 50 3 B2 
21795 61193.41174 66600 3 49 1 D1 
21796 61193.89312 67500 1 50 1 B2 
21797 61194.84179 66000 5 48 2 C1 
21798 61196.59778 65400 2 50 3 B2 
21799 61197.48041 66000 3 48 2 C1 
21800 61199.0615 65400 0 50 3 B2 
21801 61201.89313 64200 1 50 4 B2 
21802 61205.50844 66000 4 48 2 C1 
21803 61206.47338 65100 4 49 1 C2 
21804 61208.14709 66000 5 48 3 C1 
21805 61208.85786 65700 5 49 1 C2 
21806 61209.89312 65400 2 50 3 B2 
21807 61214.47339 65100 3 49 1 C2 
21808 61217.1107 65100 4 49 1 C2 
21809 61217.70779 65100 0 50 2 B2 
21810 61219.80657 65100 5 49 1 C2 
21811 61222.44406 65100 3 49 1 C2 
21812 61223.30071 64800 1 50 1 B2 
21813 61226.72276 65100 2 50 2 B2 
21814 61226.94847 64200 3 48 5 C1 
21815 61228.5255 67500 1 50 3 B1 
21816 61229.48039 64800 4 48 1 C1 
21817 61230.59464 73500 4 49 2 C2 
21818 61232.14704 64800 5 48 1 C1 
21819 61233.4819 66600 5 49 2 C2 
21820 61234.08216 65100 2 50 2 B1 
21821 61234.57663 66900 3 48 5 C1 
21822 61236.29998 66000 4 49 2 D1 
21823 61236.37446 65100 0 50 2 B2 
21824 61237.58537 64200 4 48 5 C1 
21825 61238.57672 65100 3 49 1 C2 
21826 61239.94852 64800 5 48 1 C1 
21827 61240.04108 65100 1 50 2 B2 
21828 61241.24342 66600 4 49 2 C2 
21829 61242.30918 64200 3 48 5 C1 
21830 61242.59568 65100 2 50 2 B2 
21831 61243.06912 65400 0 49 3 B1 
21832 61243.91612 65100 5 49 1 C2 
21833 61244.91305 65100 0 50 2 B2 
21834 61246.85402 65400 5 49 3 D1 
21835 61247.16385 64800 4 48 1 C1 
21836 61247.45645 64800 1 50 1 B2 
21837 61249.79362 67500 2 50 3 B2 
21838 61252.51418 64800 5 48 1 C1 
21839 61252.55978 67500 0 50 3 B2 
21840 61255.05779 65100 1 50 2 B2 
21841 61257.93113 65100 2 50 2 B2 
21842 61260.59779 67500 0 50 3 B2 
21843 61260.62734 64800 3 48 1 C1 
21844 61262.44426 64500 3 49 2 C2 
21845 61263.16372 64800 4 48 1 C1 
21846 61263.2264 65100 1 50 2 B2 
21847 61265.51918 65100 3 49 1 D1 
21848 61267.90994 64500 4 49 2 C2 
21849 61268.39112 64200 2 50 3 B2 
21850 61270.92533 70800 0 50 1 B2 
21851 61273.11088 64500 5 49 2 C2 
21852 61277.23403 65400 2 50 3 A1 
21853 61281.24334 64500 3 49 2 C2 
21854 61282.69946 65400 1 50 4 B2 
21855 61283.91609 65100 4 49 1 C2 
21856 61286.44415 68700 5 49 2 C2 
21857 61288.9646 66600 5 48 4 C1 
21858 61289.24953 71100 3 49 1 C2 
21859 61289.8755 65100 1 50 2 B1 
21860 61291.91613 69300 4 49 1 C2 
21861 61292.39113 64200 2 50 3 B2 
21862 61295.19216 65100 2 50 2 B1 
21863 61296.03274 65400 0 50 4 B2 
21864 61299.90999 65100 5 49 1 C2 
21865 61300.95385 67500 0 50 3 A1 
21866 61302.47324 68700 3 49 2 C2 
21867 61303.26445 64200 1 50 5 B2 
21868 61305.71712 64200 2 50 3 B2 
21869 61311.04138 64200 0 50 5 B2 
21870 61313.72444 64200 1 50 5 B2 
21871 61316.59774 64200 2 50 5 B2 
21872 61319.22646 65400 0 50 4 B2 
21873 61319.29409 64200 3 48 5 C1 
21874 61321.70805 65400 1 50 4 B2 
21875 61323.91013 64500 4 49 1 C2 
21876 61326.58266 64500 5 49 1 C2 
21877 61329.03184 64200 3 49 2 C2 
21878 61331.57176 64500 4 49 1 C2 
21879 61335.96306 67500 2 50 1 B2 
21880 61339.64278 66000 4 48 3 C1 
21881 61339.80669 65100 5 49 2 C2 
21882 61343.3775 64200 0 50 5 B1 
21883 61345.24944 64500 3 49 1 C2 
21884 61347.79589 72000 4 49 2 C2 
21885 61351.20883 64200 1 50 3 B1 
21886 61353.24947 64500 5 49 2 C2 
21887 61355.80664 65100 3 49 2 C2 
21888 61358.44414 64500 4 49 1 C2 
21889 61367.04111 65400 0 50 4 B2 
21890 61369.89311 65400 1 50 4 B2 
21891 61375.26446 69900 2 50 4 B2 
21892 61377.60273 65700 4 49 1 D1 
21893 61377.71709 65400 0 50 4 B2 
21894 61380.21836 67500 53 50 2 T 
21895 61382.47319 71100 5 49 2 C2 
21896 61382.85991 67500 53 50 2 T 
21897 61388.19227 70200 53 49 2 T 
21898 61391.00064 66600 3 49 2 C2 
21899 61393.28134 70200 53 49 2 T 
21900 61395.77756 66600 4 49 1 C2 
21901 61398.15708 70200 53 49 2 T 
21902 61399.4155 65400 2 50 4 B1 
21903 61400.20422 64800 5 48 1 C1 
21904 61403.25901 70200 53 49 2 T 
21905 61403.80665 72300 5 49 1 C2 
21906 61406.57665 66600 3 49 1 C2 
21907 61408.59227 67500 53 50 3 T 
21908 61409.1108 66600 4 49 1 C2 
21909 61411.77749 66600 5 49 1 C2 
21910 61413.68134 67500 53 50 3 T 
21911 61414.58279 66600 3 49 1 C2 
21912 61418.55708 70200 53 48 4 T 
21913 61420.2029 67500 53 50 1 T 
21914 61422.30902 70500 53 49 1 T 
21915 61423.65901 70200 53 48 4 T 
21916 61424.26816 64800 3 48 1 C1 
21917 61427.39919 70500 53 49 1 T 
21918 61428.25735 67500 53 50 2 T 
21919 61428.99227 67500 53 50 1 T 
21920 61432.28805 70500 53 49 2 T 
21921 61434.08134 67500 53 50 1 T 
21922 61437.40844 70500 53 49 2 T 
21923 61438.95708 70500 53 50 5 T 
21924 61442.70899 70200 53 49 2 T 
21925 61444.05901 70500 53 50 5 T 
21926 61447.79917 70200 53 49 2 T 
21927 61449.39227 70500 53 50 5 T 
21928 61454.48134 70500 53 50 5 T 
21929 61463.7277 64200 1 50 3 B2 
21930 61464.21981 64200 4 48 5 C1 
21931 61473.56247 70500 53 49 1 T 
21932 61476.02245 70200 53 48 4 T 
21933 61478.67245 67500 53 50 1 T 
21934 61505.27001 65100 4 49 2 C2 
21935 61513.5362 67500 53 50 3 T 
21936 61516.08033 70200 53 49 2 T 
21937 61521.35579 70200 53 49 2 T 
21938 61527.35768 65400 2 50 4 B2 
21939 61529.89686 70500 53 49 2 T 
21940 61537.35578 70500 53 50 5 T 
21941 61576.65199 68700 53 49 2 T 
21942 61581.98531 68400 53 49 1 T 
21943 61584.65198 66600 53 49 2 T 
21944 61585.3558 70200 53 49 2 T 
21945 61588.19111 70500 53 50 5 T 
21946 61605.98497 65100 53 50 2 T 
21947 61626.20086 66600 53 49 1 T 
21948 61632.19216 65400 0 49 1 B1 
21949 61634.85878 65400 1 49 1 B1 
21950 61635.3186 65100 53 49 1 T 
21951 61638.47325 66000 5 49 2 C2 
21952 61638.74488 66900 5 48 5 D1 
21953 61641.56245 67500 53 50 2 T 
21954 61641.57549 66000 3 48 2 D1 
21955 61642.08216 65400 2 49 1 B1 
21956 61643.91623 66000 3 49 2 C2 
21957 61644.0783 66600 4 48 4 D1 
21958 61644.71084 65400 0 49 1 B1 
21959 61646.44403 66000 4 49 2 C2 
21960 61647.41545 65400 1 49 1 B1 
21961 61647.59056 64800 53 50 1 T 
21962 61649.24951 66000 5 49 2 C2 
21963 61649.63335 66000 5 48 2 D1 
21964 61650.08211 65400 2 49 1 B1 
21965 61651.8066 66000 3 49 2 C2 
21966 61652.71077 65400 0 49 1 B1 
21967 61655.19237 65400 1 49 1 B1 
21968 61655.47065 64800 53 48 1 T 
21969 61655.94846 64800 0 50 1 B2 
21970 61657.2434 75300 4 49 2 C2 
21971 61657.85839 69000 5 48 2 C1 
21972 61657.85883 67500 2 50 1 B1 
21973 61659.83966 66000 5 49 2 C2 
21974 61660.30006 65400 3 49 1 D1 
21975 61660.59779 67500 1 50 2 B2 
21976 61660.62744 68700 3 48 1 C1 
21977 61662.85552 66000 4 48 2 D1 
21978 61663.3775 67500 0 50 2 B1 
21979 61665.24345 75000 3 49 1 C2 
21980 61665.41178 66600 5 49 1 D1 
21981 61666.13734 66900 53 48 5 T 
21982 61668.30004 65400 3 49 1 D1 
21983 61668.39112 67500 2 50 2 B2 
21984 61668.80401 66600 53 48 4 T 
21985 61670.57668 71700 4 49 1 C2 
21986 61671.04112 67500 0 50 1 B2 
21987 61671.29831 66600 4 48 4 C1 
21988 61673.89313 67500 1 50 2 B2 
21989 61673.96067 68700 5 48 1 C1 
21990 61674.13726 68700 53 48 1 T 
21991 61676.39107 67500 2 50 1 B2 
21992 61676.63164 70200 3 48 4 C1 
21993 61676.804 66000 53 48 2 T 
21994 61678.74494 66000 4 49 2 D1 
21995 61679.16381 66600 4 48 4 C1 
21996 61679.26444 67500 0 50 1 B2 
21997 61679.39884 65100 1 50 2 A1 
21998 61681.41179 71100 5 49 2 D1 
21999 61681.72821 64800 1 50 1 B2 
22000 61681.83029 68700 5 48 1 C1 
22001 61682.82749 67500 2 50 3 A1 
22002 61684.55979 67500 2 50 2 B2 
22003 61684.58015 66600 3 48 4 C1 
22004 61685.51717 65400 1 49 3 B1 
22005 61686.31386 65400 0 50 4 A1 
22006 61687.05778 67500 0 50 1 B2 
22007 61689.26349 70800 1 50 1 A1 
22008 61689.85822 66600 4 48 4 C1 
22009 61689.89312 72000 1 50 3 B2 
22010 61694.31804 66000 2 50 5 A1 
22011 61694.43999 68700 5 49 2 C2 
22012 61695.19211 65400 2 49 3 B1 
22013 61697.52212 68700 3 48 1 D1 
22014 61697.80326 65400 0 50 4 A1 
22015 61698.85045 65400 0 49 3 B1 
22016 61699.80668 71400 3 49 2 C2 
22017 61700.00578 67500 53 50 3 T 
22018 61701.17489 65400 1 49 3 B1 
22019 61703.67792 65400 1 50 3 A1 
22020 61703.68623 65400 2 49 3 B1 
22021 61705.24949 68400 4 49 1 C2 
22022 61706.59612 67500 2 50 3 B2 
22023 61706.61126 65400 2 50 3 A1 
22024 61707.77748 68400 5 49 1 C2 
22025 61708.54212 65400 0 49 1 B1 
22026 61709.57814 67500 0 50 1 A1 
22027 61710.47322 68400 3 49 1 C2 
22028 61710.96656 66000 4 48 3 D1 
22029 61711.20884 64800 1 50 1 B1 
22030 61713.02102 67500 1 50 2 A1 
22031 61713.24334 66000 4 49 2 C2 
22032 61713.4117 64800 5 48 1 D1 
22033 61713.83041 66000 5 48 2 C1 
22034 61713.85878 65400 2 49 3 B1 
22035 61715.80666 72900 5 49 1 C2 
22036 61716.30769 64800 2 50 1 A1 
22037 61716.63171 66000 3 48 2 C1 
22038 61716.79211 65400 0 49 3 B1 
22039 61718.58288 66000 3 49 2 C2 
22040 61718.74501 65400 3 49 3 D1 
22041 61719.05779 65100 0 50 2 B2 
22042 61719.29811 66000 4 48 2 C1 
22043 61721.41173 65400 4 49 3 D1 
22044 61721.85826 66000 5 48 2 C1 
22045 61724.189 65700 5 49 1 D1 
22046 61724.37446 71700 1 50 2 B2 
22047 61724.62737 66000 3 48 2 C1 
22048 61726.58278 66000 4 49 2 C2 
22049 61726.90895 70800 3 49 2 D1 
22050 61727.22646 67500 2 50 3 B2 
22051 61727.29428 66000 4 48 2 C1 
22052 61727.4155 65100 1 50 2 B1 
22053 61729.57551 65700 4 49 1 D1 
22054 61729.85831 72900 5 48 2 C1 
22055 61729.93113 65100 0 50 2 B2 
22056 61732.24232 68700 5 49 2 D1 
22057 61732.55974 65100 1 50 2 B2 
22058 61732.62736 66000 3 48 2 C1 
22059 61735.04136 65100 2 50 2 B2 
22060 61735.16379 66000 4 48 2 C1 
22061 61737.89312 65100 0 50 2 B2 
22062 61740.49185 66000 5 48 2 C1 
22063 61741.26274 67500 1 50 3 B2 
22064 61743.56145 69900 2 50 4 B2 
22065 61746.00166 64800 0 50 1 B2 
22066 61748.59779 72900 1 50 5 B2 
22067 61750.57665 65700 5 49 1 C2 
22068 61753.11088 65700 3 49 1 C2 
22069 61753.87545 70200 2 49 2 B1 
22070 61753.96503 66000 3 48 2 C1 
22071 61755.91602 65700 4 49 1 C2 
22072 61756.5255 71700 0 49 3 B1 
22073 61757.37446 65400 2 50 3 B2 
22074 61758.44426 65700 5 49 1 C2 
22075 61761.87545 65400 1 49 3 B1 
22076 61764.71078 65400 2 49 3 B1 
22077 61767.29411 64800 4 48 1 C1 
22078 61767.3775 67500 0 50 3 B1 
22079 61769.13995 65700 3 49 1 C2 
22080 61769.85835 64800 5 48 1 C1 
22081 61769.87549 70200 1 49 2 B1 
22082 61771.842 68700 4 49 2 C2 
22083 61772.63166 66000 3 48 2 C1 
22084 61775.19159 64800 4 48 1 C1 
22085 61775.22646 66000 0 50 5 B2 
22086 61777.24332 65700 5 49 1 C2 
22087 61777.8303 66000 5 48 2 C1 
22088 61777.93113 66000 1 50 5 B2 
22089 61779.8066 68700 3 49 2 C2 
22090 61780.29998 65100 3 49 1 D1 
22091 61780.5255 66000 2 50 5 B1 
22092 61782.44417 65700 4 49 1 C2 
22093 61783.24549 64800 3 48 1 C1 
22094 61783.26445 66000 2 50 5 B2 
22095 61786.70774 65400 0 50 3 B2 
22096 61788.63163 64800 4 48 1 C1 
22097 61789.27683 66000 1 50 5 B2 
22098 61790.85556 71100 4 49 1 D1 
22099 61791.82312 66000 2 50 5 B2 
22100 61793.83047 66000 5 48 2 C1 
22101 61794.32508 66000 0 50 5 B2 
22102 61796.18902 70800 5 49 1 D1 
22103 61796.52493 72900 3 48 1 C1 
22104 61796.82332 72600 1 50 4 B2 
22105 61799.2644 66000 2 50 5 B2 
22106 61801.71711 66000 0 50 5 B2 
22107 61801.9607 66000 4 48 2 C1 
22108 61804.525 66000 5 48 2 C1 
22109 61806.88383 69000 3 48 2 C1 
22110 61807.04112 67500 1 50 3 B2 
22111 61811.80652 66600 5 49 1 C2 
22112 61814.57674 66600 3 49 1 C2 
22113 61816.03279 65400 2 50 4 B2 
22114 61817.24344 66600 4 49 1 C2 
22115 61819.11413 64800 0 50 1 B2 
22116 61819.64052 70200 5 49 2 C2 
22117 61822.16859 66600 3 49 1 C2 
22118 61823.16377 66000 4 48 3 C1 
22119 61824.70958 69300 4 49 1 C2 
22120 61825.96502 66000 5 48 3 C1 
22121 61826.08217 65400 0 50 3 B1 
22122 61827.15526 66600 5 49 1 C2 
22123 61828.37446 65400 1 50 4 B2 
22124 61828.50969 66600 3 48 4 C1 
22125 61829.69901 66600 3 49 1 C2 
22126 61831.26446 65400 2 50 3 B2 
22127 61832.15506 66900 4 48 5 C1 
22128 61832.25819 65700 4 49 1 C2 
22129 61833.71712 65400 0 50 3 B2 
22130 61834.55077 66900 5 48 5 C1 
22131 61834.64812 69300 5 49 1 C2 
22132 61836.16765 66000 3 48 3 D1 
22133 61836.54217 65400 1 50 4 B1 
22134 61836.95232 66900 3 48 5 C1 
22135 61839.0578 72900 1 50 1 B2 
22136 61839.3515 66000 4 48 3 C1 
22137 61841.87292 72600 3 49 2 C2 
22138 61841.8912 66000 5 48 3 C1 
22139 61842.69941 65400 2 50 4 B2 
22140 61847.22644 65400 0 50 3 B2 
22141 61849.70799 65400 1 50 3 B2 
22142 61851.31654 66600 3 48 4 C1 
22143 61851.93127 71100 4 49 1 C2 
22144 61852.29998 66600 4 49 2 D1 
22145 61852.37445 65400 2 50 3 B2 
22146 61855.05779 65400 0 50 3 B2 
22147 61855.22114 66000 4 48 3 C1 
22148 61857.89313 65400 1 50 4 B2 
22149 61857.96075 66900 5 48 5 C1 
22150 61860.39112 65400 2 50 4 B2 
22151 61862.8331 66000 5 49 2 D1 
22152 61866.01166 65100 5 49 1 C2 
22153 61868.49705 66900 3 48 5 C1 
22154 61868.53946 65100 3 49 1 C2 
22155 61874.01165 65100 4 49 1 C2 
22156 61879.2354 65100 5 49 2 C2 
22157 61881.902 65100 3 49 1 C2 
22158 61884.6722 72900 4 49 2 C2 
22159 61887.20623 70500 5 49 1 C2 
22160 61889.70779 70500 0 50 5 B2 
22161 61889.83032 66000 4 48 3 C1 
22162 61890.00545 70500 3 49 2 C2 
22163 61891.20078 66000 0 50 5 A1 
22164 61892.67823 65100 4 49 1 C2 
22165 61895.29826 66000 5 48 3 C1 
22166 61897.7455 66000 3 48 2 C1 
22167 61900.39107 70500 1 50 5 B2 
22168 61901.08766 66000 4 48 3 C1 
22169 61903.26444 65400 2 50 4 B2 
22170 61903.33876 72600 5 49 1 C2 
22171 61905.7282 65400 0 50 4 B2 
22172 61913.96502 66000 5 48 3 C1 
22173 61916.62743 66000 3 48 3 C1 
22174 61919.1916 66000 4 48 3 C1 
22175 61921.89312 65400 1 50 4 B2 
22176 61921.96068 71700 5 48 5 C1 
22177 61929.75533 65700 3 49 1 C2 
22178 61935.97743 69900 3 48 3 C1 
22179 61937.90203 66600 4 49 2 C2 
22180 61943.33878 66600 5 49 2 C2 
22181 61946.01162 66600 3 49 2 C2 
22182 61948.67825 66600 4 49 2 C2 
22183 61951.20628 66600 5 49 2 C2 
22184 61954.01156 66600 3 49 2 C2 
22185 61977.75708 70800 53 50 1 T 
22186 61982.85901 70800 53 50 1 T 
22187 61982.93542 68400 3 49 1 D1 
22188 61994.58796 66000 4 48 3 C1 
22189 62017.47484 66900 5 48 5 C1 
22190 62022.08807 71100 53 49 1 T 
22191 62027.20846 71100 53 49 1 T 
22192 62032.509 71100 53 49 1 T 
22193 62037.59921 71100 53 49 1 T 
22194 62042.48806 70800 53 49 2 T 
22195 62047.60843 70800 53 49 2 T 
22196 62052.90901 71100 53 49 1 T 
22197 62057.99916 71100 53 49 1 T 
22198 62062.88805 71100 53 49 2 T 
22199 62068.00847 71100 53 49 2 T 
22200 62068.19113 70800 53 49 2 T 
22201 62073.30897 70800 53 49 1 T 
22202 62078.3992 70800 53 49 1 T 
22203 62084.02245 70800 53 50 1 T 
22204 62124.22914 70800 53 49 1 T 
22205 62181.98523 65700 53 49 1 T 
22206 62188.00579 71100 53 49 1 T 
22207 62192.65189 70500 53 50 5 T 
22208 62195.31855 67500 53 50 1 T 
22209 62197.98537 65400 53 50 3 T 
22210 62200.6518 65400 53 50 4 T 
22211 62203.31845 67500 53 50 3 T 
22212 62205.98528 69300 53 49 1 T 
22213 62208.65194 67500 53 50 2 T 
22214 62236.53956 70500 4 49 1 C2 
22215 62236.71083 65400 2 49 1 B1 
22216 62238.85558 66600 4 48 4 D1 
22217 62239.20884 65400 0 49 1 B1 
22218 62239.23544 70800 5 49 2 C2 
22219 62242.13736 65400 53 49 3 T 
22220 62242.76612 65400 1 49 1 B1 
22221 62244.02247 71100 53 49 1 T 
22222 62244.29988 68700 5 48 1 D1 
22223 62245.05123 70200 2 49 2 B1 
22224 62246.90882 66000 3 48 3 D1 
22225 62247.33867 71100 3 49 1 C2 
22226 62247.48676 70200 0 49 2 B1 
22227 62249.57547 66000 4 48 3 D1 
22228 62250.0054 72000 4 49 2 C2 
22229 62250.13739 70200 53 49 2 T 
22230 62250.76617 65400 1 49 3 B1 
22231 62252.07826 66900 5 48 5 D1 
22232 62252.52502 66000 3 48 3 C1 
22233 62252.53958 71100 5 49 1 C2 
22234 62253.05128 65400 2 49 1 B1 
22235 62253.28174 67500 2 50 3 B2 
22236 62254.90896 65400 3 49 1 D1 
22237 62255.19169 66000 4 48 3 C1 
22238 62255.23549 75900 3 49 2 C2 
22239 62255.48679 65400 0 49 1 B1 
22240 62257.90211 69300 4 49 1 C2 
22241 62258.04416 67500 1 50 3 B1 
22242 62260.30001 66600 4 49 2 D1 
22243 62260.62734 66000 5 48 3 C1 
22244 62261.28179 66000 0 50 5 B2 
22245 62263.19217 67500 2 50 2 B1 
22246 62268.29995 66600 5 49 1 D1 
22247 62268.39112 67500 1 50 2 B2 
22248 62268.56872 69300 5 49 1 C2 
22249 62268.6274 66000 3 48 3 C1 
22250 62270.74514 66600 3 49 2 D1 
22251 62271.05778 75600 2 50 4 B2 
22252 62271.19159 66000 4 48 3 C1 
22253 62271.34488 75900 3 49 1 C2 
22254 62271.47059 66000 53 48 2 T 
22255 62273.57562 65400 4 49 3 D1 
22256 62273.90203 69300 4 49 1 C2 
22257 62273.96506 66000 5 48 3 C1 
22258 62276.49704 66000 3 48 3 C1 
22259 62276.59779 67500 0 50 3 B2 
22260 62276.80393 69000 53 48 2 T 
22261 62279.05045 67500 1 50 2 B2 
22262 62279.05158 71700 1 50 2 A1 
22263 62279.29821 66000 4 48 3 C1 
22264 62281.72446 67500 2 50 3 B2 
22265 62281.96094 66000 5 48 3 C1 
22266 62282.02531 67500 2 50 2 A1 
22267 62284.52498 66000 3 48 3 C1 
22268 62284.59779 67500 0 50 2 B2 
22269 62287.2264 67500 1 50 2 B2 
22270 62287.29414 66000 4 48 3 C1 
22271 62289.83028 66000 5 48 3 C1 
22272 62289.89311 67500 2 50 2 B2 
22273 62290.00543 66600 5 49 2 C2 
22274 62292.29998 66000 5 48 2 D1 
22275 62292.53512 65400 0 50 4 A1 
22276 62292.55979 67500 0 50 3 B2 
22277 62294.85783 71100 53 49 2 T 
22278 62295.19212 65400 0 49 3 B1 
22279 62295.93768 67500 1 50 3 A1 
22280 62297.52215 66000 3 48 2 D1 
22281 62302.97028 65400 53 49 1 T 
22282 62303.10632 67500 2 50 1 A1 
22283 62303.20631 66600 3 49 2 C2 
22284 62303.41545 65400 1 49 3 B1 
22285 62305.57546 66600 4 48 4 D1 
22286 62306.04417 65400 2 49 3 B1 
22287 62306.04766 65400 0 50 3 A1 
22288 62308.49191 69900 3 48 3 C1 
22289 62308.67814 66600 4 49 2 C2 
22290 62310.74511 66000 5 49 2 D1 
22291 62311.20633 71100 5 49 2 C2 
22292 62313.52217 66000 3 48 2 D1 
22293 62313.83045 73200 4 48 4 C1 
22294 62313.95784 66600 3 49 2 C2 
22295 62314.08212 65400 0 49 3 B1 
22296 62314.59608 65400 1 50 3 B2 
22297 62316.18898 71700 4 48 5 D1 
22298 62319.2065 66600 4 49 2 C2 
22299 62319.4155 65400 1 50 3 B1 
22300 62319.92946 65400 2 50 3 B2 
22301 62321.83034 66900 5 48 5 C1 
22302 62322.22816 65400 0 50 3 B2 
22303 62324.63157 66900 3 48 5 C1 
22304 62327.20884 66000 2 50 5 B1 
22305 62329.57565 69300 5 49 1 D1 
22306 62329.89312 66000 1 50 5 B2 
22307 62329.90202 73500 5 49 2 C2 
22308 62329.96068 66900 4 48 5 C1 
22309 62332.07833 68400 3 49 1 D1 
22310 62332.39111 66000 2 50 5 B2 
22311 62332.52494 66900 5 48 5 C1 
22312 62332.53959 66600 3 49 2 C2 
22313 62334.90898 66000 4 49 2 D1 
22314 62335.16365 66900 3 48 5 C1 
22315 62335.22646 66000 0 50 5 B2 
22316 62337.5223 71700 5 49 3 D1 
22317 62337.70805 69900 1 50 4 B2 
22318 62337.85832 66900 4 48 5 C1 
22319 62340.62735 66900 5 48 5 C1 
22320 62343.26445 69900 2 50 4 B2 
22321 62343.29832 66900 3 48 5 C1 
22322 62345.71713 66000 0 50 5 B2 
22323 62345.96506 69900 4 48 3 C1 
22324 62348.23021 71100 53 49 1 T 
22325 62350.25772 66000 1 50 5 B2 
22326 62359.33887 68700 4 49 2 C2 
22327 62367.19161 66600 5 48 4 C1 
22328 62367.23526 68700 5 49 2 C2 
22329 62369.9608 69000 3 48 2 C1 
22330 62372.6275 69000 4 48 2 C1 
22331 62373.37441 65400 2 50 4 B2 
22332 62374.90887 68700 3 49 2 D1 
22333 62375.29401 66600 5 48 4 C1 
22334 62375.33886 70800 3 49 1 C2 
22335 62376.04112 65400 0 50 4 B2 
22336 62377.85883 65400 0 50 4 B1 
22337 62377.90199 70500 4 49 2 C2 
22338 62380.18898 65700 4 49 1 D1 
22339 62380.52488 66600 3 48 4 C1 
22340 62380.67207 66600 5 49 2 C2 
22341 62383.19169 69000 4 48 2 C1 
22342 62383.29118 68700 3 49 2 C2 
22343 62385.52229 71400 5 49 2 D1 
22344 62385.93112 67500 1 50 1 B2 
22345 62388.59778 67500 2 50 1 B2 
22346 62388.67219 68700 4 49 2 C2 
22347 62388.71084 67500 1 50 1 B1 
22348 62391.05046 67500 0 50 1 B2 
22349 62391.16372 66600 5 48 4 C1 
22350 62393.87295 66600 5 49 2 C2 
22351 62393.93113 65400 1 50 4 B2 
22352 62393.96492 66600 3 48 4 C1 
22353 62396.24217 71700 3 49 1 D1 
22354 62396.3838 67500 2 50 1 B2 
22355 62396.62748 66600 4 48 4 C1 
22356 62399.22644 73500 0 50 3 B2 
22357 62399.29825 66600 5 48 4 C1 
22358 62401.72446 65400 1 50 3 B2 
22359 62401.83029 66600 3 48 4 C1 
22360 62404.3744 67500 2 50 1 B2 
22361 62404.52512 66600 4 48 4 C1 
22362 62404.56867 66600 3 49 1 C2 
22363 62409.70778 72000 0 50 3 B2 
22364 62410.01165 66600 4 49 1 C2 
22365 62417.87282 72300 5 49 1 C2 
22366 62423.29839 66000 5 48 2 C1 
22367 62426.01163 71100 3 49 1 C2 
22368 62429.05774 67500 1 50 3 B2 
22369 62431.16365 66000 3 48 2 C1 
22370 62431.34497 65700 4 49 1 C2 
22371 62433.93741 65700 5 49 1 C2 
22372 62433.96504 66000 4 48 2 C1 
22373 62436.63164 66000 5 48 2 C1 
22374 62439.14583 66000 3 48 2 C1 
22375 62439.34488 65700 3 49 1 C2 
22376 62441.87291 65700 4 49 1 C2 
22377 62449.96074 73200 4 48 3 C1 
22378 62452.17974 66900 4 48 5 D1 
22379 62452.59778 73200 2 50 2 B2 
22380 62452.62736 66000 5 48 2 C1 
22381 62455.19159 70200 3 48 4 C1 
22382 62455.33873 76200 5 49 2 C2 
22383 62457.96497 75900 4 48 1 C1 
22384 62460.52491 66000 5 48 2 C1 
22385 62463.05774 70800 0 50 1 B2 
22386 62463.1639 66000 3 48 2 C1 
22387 62465.59341 66900 4 48 5 C1 
22388 62465.89312 70500 1 50 5 B2 
22389 62468.53954 68400 3 49 1 C2 
22390 62469.68105 66600 5 49 1 D1 
22391 62471.33865 66600 4 49 1 C2 
22392 62473.72445 70500 2 50 5 B2 
22393 62473.83541 66600 5 49 2 C2 
22394 62476.23382 68400 3 49 1 C2 
22395 62477.51406 66000 1 50 5 A1 
22396 62479.19174 68700 5 48 1 C1 
22397 62487.19167 68700 3 48 1 C1 
22398 62487.20623 66600 4 49 1 C2 
22399 62489.96065 68700 4 48 1 C1 
22400 62492.52493 66000 5 48 2 C1 
22401 62492.56882 75600 5 49 1 C2 
22402 62494.9588 73500 3 49 1 C2 
22403 62495.2469 68700 3 48 1 C1 
22404 62495.93148 66000 0 50 5 B2 
22405 62497.07731 66000 2 50 5 A1 
22406 62497.36952 66600 4 49 1 C2 
22407 62497.65238 69000 3 48 2 D1 
22408 62499.77019 66600 5 49 1 C2 
22409 62502.20531 66600 3 49 1 C2 
22410 62503.29824 66000 4 48 2 C1 
22411 62504.60526 66600 4 49 1 C2 
22412 62505.96504 66000 5 48 2 C1 
22413 62513.83033 66000 3 48 2 C1 
22414 62515.26233 73500 5 49 2 C2 
22415 62516.49713 66000 4 48 2 C1 
22416 62519.62308 66600 3 49 1 C2 
22417 62521.96087 66000 5 48 2 C1 
22418 62527.53823 66000 4 49 2 C2 
22419 62527.57147 66000 1 50 5 B2 
22420 62535.67666 66000 5 49 2 C2 
22421 62540.7022 70200 3 49 2 C2 
22422 62546.33731 66000 4 49 2 C2 
22423 62548.87154 66000 5 49 2 C2 
22424 62549.69213 65400 2 50 4 B2 
22425 62554.20492 66000 3 49 2 C2 
22426 62556.87147 66000 4 49 2 C2 
22427 62559.67675 66000 5 49 2 C2 
22428 62562.20476 68400 3 49 1 C2 
22429 62575.16372 73500 3 48 5 C1 
22430 62575.56726 68400 4 49 1 C2 
22431 62577.99227 68700 53 48 1 T 
22432 62583.08134 68700 53 48 1 T 
22433 62587.95708 71700 53 48 5 T 
22434 62591.83488 65700 5 49 1 C2 
22435 62592.17852 66000 4 48 2 C1 
22436 62593.05901 71700 53 48 5 T 
22437 62598.39227 71700 53 49 3 T 
22438 62603.48134 71700 53 49 3 T 
22439 62608.35708 71700 53 50 2 T 
22440 62613.45901 71700 53 50 2 T 
22441 62622.08807 71700 53 49 1 T 
22442 62622.86932 68400 53 49 1 T 
22443 62625.82784 68700 53 48 1 T 
22444 62627.20845 71700 53 49 1 T 
22445 62631.12391 68700 53 49 2 T 
22446 62631.53817 66000 3 49 2 C2 
22447 62632.50899 68400 53 49 1 T 
22448 62637.5992 68400 53 49 1 T 
22449 62642.48806 71400 53 49 2 T 
22450 62648.01783 66000 5 48 2 C1 
22451 62649.70914 71400 53 49 2 T 
22452 62652.90901 68700 53 49 2 T 
22453 62657.99915 68700 53 49 2 T 
22454 62671.38399 66000 3 48 2 C1 
22455 62676.00579 68400 53 49 1 T 
22456 62677.3134 66000 4 49 2 C2 
22457 62678.85778 71700 53 48 5 T 
22458 62681.52445 71700 53 49 3 T 
22459 62686.85778 71700 53 50 2 T 
22460 62745.56245 68700 53 48 1 T 
22461 62777.01335 71700 53 49 1 T 
22462 62781.98523 66000 53 49 2 T 
22463 62789.9853 71100 53 49 1 T 
22464 62805.98506 69900 53 50 4 T 
22465 62808.6519 66000 53 50 5 T 
22466 62811.31871 70500 53 50 5 T 
22467 62833.3248 68700 53 49 2 T 
22468 62839.67675 66600 5 49 2 C2 
22469 62842.23381 66600 3 49 2 C2 
22470 62844.79216 70200 2 49 2 B1 
22471 62845.00407 66600 4 49 2 C2 
22472 62846.85547 69000 4 48 2 D1 
22473 62847.22769 70200 0 49 2 B1 
22474 62847.67073 66600 5 49 2 C2 
22475 62849.56247 71400 53 49 2 T 
22476 62849.63336 69900 5 48 3 D1 
22477 62849.83041 66000 4 48 2 C1 
22478 62849.87545 71700 1 49 3 B1 
22479 62852.29991 66900 3 48 5 D1 
22480 62852.4971 66000 5 48 2 C1 
22481 62853.36612 67500 0 50 1 B2 
22482 62854.90879 66900 4 48 5 D1 
22483 62855.20883 67500 2 50 1 B1 
22484 62857.63336 70200 5 49 2 D1 
22485 62858.08217 70500 0 50 5 B1 
22486 62860.5348 70200 1 49 2 B1 
22487 62860.62734 72900 3 48 2 C1 
22488 62861.01008 66600 3 49 2 C2 
22489 62862.74506 66600 3 48 4 D1 
22490 62863.22646 67500 1 50 1 B2 
22491 62863.29824 66000 4 48 2 C1 
22492 62863.4155 70200 2 49 2 B1 
22493 62863.47092 70200 53 49 2 T 
22494 62863.56725 71100 4 49 1 C2 
22495 62865.70805 67500 2 50 1 B2 
22496 62865.96498 66000 5 48 2 C1 
22497 62866.33732 70500 5 49 1 C2 
22498 62868.30004 68400 4 49 1 D1 
22499 62868.37445 70800 0 50 1 B2 
22500 62868.63158 69000 3 48 2 C1 
22501 62869.00398 70500 3 49 1 C2 
22502 62870.85564 66600 5 49 1 D1 
22503 62871.05779 67500 1 50 1 B2 
22504 62871.19158 69000 4 48 2 C1 
22505 62871.47065 66000 53 48 3 T 
22506 62871.67071 71100 4 49 1 C2 
22507 62873.87377 66000 0 50 5 A1 
22508 62874.13729 66000 53 48 2 T 
22509 62874.33739 71100 5 49 1 C2 
22510 62876.18891 66000 3 49 2 D1 
22511 62876.37446 72000 2 50 3 B2 
22512 62876.63178 69000 5 48 2 C1 
22513 62876.80395 69900 53 48 3 T 
22514 62878.96676 72300 4 49 1 D1 
22515 62879.26446 72900 0 50 1 B2 
22516 62879.29407 70200 3 48 4 C1 
22517 62881.71712 70500 1 50 5 B2 
22518 62881.89895 70200 4 48 4 C1 
22519 62884.55978 70500 2 50 5 B2 
22520 62887.16375 69000 5 48 2 C1 
22521 62887.2264 70500 0 50 5 B2 
22522 62887.25656 67500 1 50 2 A1 
22523 62889.72446 67500 1 50 1 B2 
22524 62890.64967 67500 2 50 1 A1 
22525 62893.61656 67500 0 50 3 A1 
22526 62895.67688 68400 3 49 1 C2 
22527 62897.00967 67500 1 50 2 A1 
22528 62898.20468 68400 4 49 1 C2 
22529 62899.95245 69900 2 50 4 A1 
22530 62900.62751 66900 3 48 5 C1 
22531 62903.43882 67500 0 50 1 A1 
22532 62903.56727 70800 5 49 1 C2 
22533 62903.94846 69900 2 50 4 B2 
22534 62905.85883 67500 0 50 3 B1 
22535 62906.3435 68400 3 49 1 C2 
22536 62906.38845 67500 1 50 3 A1 
22537 62908.29987 66600 5 48 4 D1 
22538 62909.28174 69900 0 50 4 B2 
22539 62909.87367 70500 2 50 5 A1 
22540 62910.85547 66000 3 48 3 D1 
22541 62913.41173 66000 4 48 2 D1 
22542 62913.93113 67500 1 50 3 B2 
22543 62913.96078 66900 4 48 5 C1 
22544 62914.04416 66000 1 50 5 B1 
22545 62919.19161 66900 5 48 5 C1 
22546 62921.72445 67500 2 50 3 B2 
22547 62921.83032 66900 3 48 5 C1 
22548 62922.20486 68400 4 49 1 C2 
22549 62924.63156 66900 4 48 5 C1 
22550 62925.0101 66600 5 49 2 C2 
22551 62927.05779 67500 0 50 3 B2 
22552 62927.19168 66900 5 48 5 C1 
22553 62927.62125 66600 3 49 2 C2 
22554 62929.41172 66600 5 49 2 D1 
22555 62929.70779 67500 1 50 1 B2 
22556 62932.07844 66600 3 49 1 D1 
22557 62932.52495 66900 3 48 5 C1 
22558 62933.01022 66600 4 49 2 C2 
22559 62934.96663 66600 4 49 2 D1 
22560 62935.19181 66900 4 48 5 C1 
22561 62935.22645 67500 2 50 3 B2 
22562 62937.63341 68700 5 49 2 D1 
22563 62940.39112 67500 0 50 3 B2 
22564 62940.63166 66000 5 48 2 C1 
22565 62943.2644 67500 1 50 3 B2 
22566 62943.29825 66000 3 48 2 C1 
22567 62945.72819 67500 2 50 3 B2 
22568 62948.49705 66000 4 48 2 C1 
22569 62951.29397 66000 5 48 2 C1 
22570 62951.67061 68700 5 49 2 C2 
22571 62959.5674 68700 3 49 2 C2 
22572 62959.92946 67500 0 50 2 B2 
22573 62961.8755 67500 2 50 2 B1 
22574 62962.23403 68700 4 49 2 C2 
22575 62964.57607 66600 3 48 4 C1 
22576 62964.87144 68700 5 49 2 C2 
22577 62965.26274 67500 1 50 2 B2 
22578 62975.04113 66000 2 50 5 B2 
22579 62977.85824 69900 4 48 3 C1 
22580 62978.20481 68700 3 49 2 C2 
22581 62980.90067 70200 4 49 2 C2 
22582 62983.29403 66000 5 48 3 C1 
22583 62983.56734 76500 5 49 1 C2 
22584 62985.83032 66000 3 48 3 C1 
22585 62985.93112 66000 0 50 5 B2 
22586 62986.23396 76200 3 49 2 C2 
22587 62988.07823 69300 3 49 1 D1 
22588 62988.48145 69900 4 48 3 C1 
22589 62988.55979 67500 1 50 2 B2 
22590 62988.90063 70200 4 49 2 C2 
22591 62990.9089 72000 4 49 2 D1 
22592 62991.05779 69900 2 50 4 B2 
22593 62991.67073 72900 5 49 2 C2 
22594 62993.83053 66000 5 48 3 C1 
22595 62993.89312 72600 0 50 4 B2 
22596 62996.37466 72900 1 50 5 B2 
22597 62996.4971 69900 3 48 3 C1 
22598 62999.26446 66000 2 50 5 B2 
22599 63004.37445 76200 0 50 5 B2 
22600 63004.62742 66000 4 48 3 C1 
22601 63006.94367 67500 1 50 1 B2 
22602 63007.19158 66000 5 48 3 C1 
22603 63007.67671 66600 3 49 1 C2 
22604 63010.09015 71700 2 50 2 B2 
22605 63010.20489 66600 4 49 1 C2 
22606 63012.63159 66000 3 48 3 C1 
22607 63020.52501 68700 4 48 1 C1 
22608 63020.87157 66600 5 49 1 C2 
22609 63023.1917 68700 5 48 1 C1 
22610 63023.67061 69300 3 49 1 C2 
22611 63034.20493 66600 4 49 1 C2 
22612 63036.6316 66600 3 48 4 C1 
22613 63036.86734 66600 5 49 1 C2 
22614 63038.97033 71700 4 48 5 C1 
22615 63042.21701 68700 5 48 1 C1 
22616 63047.17491 68700 3 48 1 C1 
22617 63049.45323 68700 5 48 1 D1 
22618 63049.66993 68700 4 48 1 C1 
22619 63049.7244 67500 0 50 2 B2 
22620 63050.34346 66600 3 49 1 C2 
22621 63052.07029 66600 5 48 4 C1 
22622 63052.59779 67500 1 50 2 B2 
22623 63052.87147 66600 4 49 1 C2 
22624 63054.60673 66600 3 48 4 C1 
22625 63055.53817 66600 5 49 1 C2 
22626 63061.00413 70500 3 49 2 C2 
22627 63063.05778 67500 2 50 2 B2 
22628 63066.2339 70500 4 49 2 C2 
22629 63068.59778 67500 0 50 2 B2 
22630 63072.16108 68400 5 49 1 C2 
22631 63073.10792 66600 4 48 4 C1 
22632 63075.80254 66600 5 48 4 C1 
22633 63082.34345 72600 3 49 2 C2 
22634 63085.00408 69300 4 49 1 C2 
22635 63087.67071 72600 5 49 1 C2 
22636 63087.73202 67500 1 50 3 B2 
22637 63093.83508 66600 3 49 2 C2 
22638 63098.3435 71400 4 49 2 C2 
22639 63103.67069 69300 5 49 1 C2 
22640 63106.33734 69300 3 49 1 C2 
22641 63107.90504 72900 3 48 1 C1 
22642 63111.56728 71700 4 49 1 C2 
22643 63117.32562 66600 4 48 4 C1 
22644 63119.42837 67500 2 50 1 B2 
22645 63122.20473 66000 5 49 2 C2 
22646 63125.0102 75300 3 49 2 C2 
22647 63135.55522 76800 4 49 1 C2 
22648 63141.01022 71100 5 49 2 C2 
22649 63141.26163 66900 5 48 5 C1 
22650 63141.78739 66000 0 50 5 B2 
22651 63146.34349 66000 3 49 2 C2 
22652 63159.67681 75000 4 49 1 C2 
22653 63162.23392 66000 5 49 2 C2 
22654 63170.34346 76200 3 49 1 C2 
22655 63175.53822 66000 4 49 2 C2 
22656 63177.99227 72000 53 50 3 T 
22657 63183.08134 72000 53 50 3 T 
22658 63187.95708 72000 53 50 3 T 
22659 63193.05901 72000 53 50 3 T 
22660 63193.70965 66600 5 49 1 C2 
22661 63194.84667 66600 3 48 4 C1 
22662 63198.39227 69000 53 48 2 T 
22663 63202.39512 67500 1 50 2 B2 
22664 63204.50378 69000 53 48 2 T 
22665 63218.00644 66600 4 48 4 C1 
22666 63222.08807 69300 53 49 1 T 
22667 63223.56732 70800 3 49 2 C2 
22668 63227.20844 69300 53 49 1 T 
22669 63228.2573 69300 53 49 1 T 
22670 63228.90067 72900 4 49 1 C2 
22671 63231.253 69000 53 48 2 T 
22672 63231.32858 76500 5 49 2 C2 
22673 63232.50899 72300 53 49 1 T 
22674 63237.59919 72300 53 49 1 T 
22675 63242.48806 72000 53 49 2 T 
22676 63247.60843 72000 53 49 2 T 
22677 63278.67246 72000 53 49 2 T 
22678 63286.67245 69000 53 48 2 T 
22679 63293.05769 66000 3 49 2 C2 
22680 63316.08535 72000 53 50 3 T 
22681 63337.33911 72000 53 50 3 T 
22682 63376.65193 66600 53 49 1 T 
22683 63377.01934 69300 53 49 1 T 
22684 63389.98526 70200 53 49 2 T 
22685 63392.65191 70500 53 49 2 T 
22686 63395.31874 68700 53 49 2 T 
22687 63396.19113 72300 53 49 1 T 
22688 63403.31857 70500 53 50 5 T 
22689 63426.72545 71700 0 49 3 B1 
22690 63436.87148 76800 4 49 1 C2 
22691 63437.98526 68400 53 49 1 T 
22692 63440.65202 66600 53 49 2 T 
22693 63444.24223 72900 3 48 1 D1 
22694 63444.74883 70200 1 49 2 B1 
22695 63445.00394 72000 5 49 2 C2 
22696 63446.90891 68700 4 48 1 D1 
22697 63447.37745 70200 2 49 2 B1 
22698 63447.67068 76200 3 49 2 C2 
22699 63448.65193 71100 53 49 1 T 
22700 63449.63323 69000 5 48 2 D1 
22701 63449.87545 70200 0 49 2 B1 
22702 63450.23402 71400 4 49 2 C2 
22703 63451.3186 70500 53 49 1 T 
22704 63452.07822 66900 3 48 5 D1 
22705 63452.5255 70200 1 49 2 B1 
22706 63452.80398 68700 53 48 1 T 
22707 63452.90074 75900 5 49 1 C2 
22708 63454.57599 68700 5 48 1 C1 
22709 63454.74496 69900 4 48 3 D1 
22710 63455.1921 70200 2 49 2 B1 
22711 63455.47093 70200 53 49 2 T 
22712 63457.41157 66600 5 48 4 D1 
22713 63457.72446 67500 2 50 1 B2 
22714 63458.04417 67500 0 50 3 B1 
22715 63459.90494 68700 3 48 1 C1 
22716 63460.54212 70200 1 49 2 B1 
22717 63460.9007 71100 3 49 1 C2 
22718 63461.37441 67500 0 50 1 B2 
22719 63462.42349 73500 4 48 5 C1 
22720 63462.74509 70200 3 49 2 D1 
22721 63463.4155 67500 2 50 1 B1 
22722 63463.5673 71100 4 49 1 C2 
22723 63465.70779 67500 1 50 3 B2 
22724 63466.13732 70200 53 48 4 T 
22725 63466.20486 71700 5 49 1 C2 
22726 63468.37446 67500 2 50 3 B2 
22727 63468.87147 71100 3 49 1 C2 
22728 63470.46923 68700 5 48 1 C1 
22729 63470.74509 72600 4 49 2 D1 
22730 63471.26445 67500 0 50 3 B2 
22731 63471.47065 66600 53 48 4 T 
22732 63471.53814 71100 4 49 1 C2 
22733 63473.13593 70200 3 48 4 C1 
22734 63473.15608 69900 0 50 4 A1 
22735 63473.57565 66600 5 49 2 D1 
22736 63473.71713 67500 1 50 3 B2 
22737 63474.13737 66000 53 48 2 T 
22738 63475.9091 68700 4 48 1 C1 
22739 63476.59779 67500 2 50 1 B2 
22740 63476.80403 66900 53 48 5 T 
22741 63478.57592 73200 5 48 3 C1 
22742 63478.85571 69300 3 49 1 D1 
22743 63479.22645 67500 0 50 3 B2 
22744 63481.23827 70200 3 48 4 C1 
22745 63481.57555 70200 4 49 2 D1 
22746 63481.89307 67500 1 50 3 B2 
22747 63483.77453 70200 4 48 4 C1 
22748 63484.59779 67500 2 50 3 B2 
22749 63484.9739 67500 1 50 2 A1 
22750 63486.57607 68700 5 48 1 C1 
22751 63487.05045 67500 0 50 3 B2 
22752 63487.92352 67500 2 50 3 A1 
22753 63489.24246 68700 3 48 1 C1 
22754 63492.54334 67500 0 50 1 A1 
22755 63493.00401 69300 5 49 1 C2 
22756 63495.73829 72900 1 50 5 A1 
22757 63501.01016 68400 3 49 1 C2 
22758 63502.07273 70500 2 50 5 A1 
22759 63503.53824 68400 4 49 1 C2 
22760 63505.03962 72900 0 50 1 A1 
22761 63506.69946 71700 1 50 2 B2 
22762 63508.43388 72600 1 50 4 A1 
22763 63508.74883 69900 0 50 4 B1 
22764 63508.87164 68400 5 49 1 C2 
22765 63511.53821 70800 3 49 2 C2 
22766 63513.13596 75900 4 48 1 C1 
22767 63513.57545 72900 5 48 2 D1 
22768 63513.89313 69900 2 50 4 B2 
22769 63514.26692 68400 4 49 1 C2 
22770 63518.57587 69900 5 48 3 C1 
22771 63521.10793 69900 3 48 3 C1 
22772 63521.72446 69900 0 50 4 B2 
22773 63522.33735 68400 5 49 1 C2 
22774 63523.80252 69900 4 48 3 C1 
22775 63524.18895 70500 3 49 1 D1 
22776 63526.45845 66600 5 48 4 C1 
22777 63527.05779 70800 1 50 1 B2 
22778 63527.19216 70500 1 50 5 B1 
22779 63527.67068 73500 3 49 2 C2 
22780 63529.72445 69900 2 50 4 B2 
22781 63531.79056 66600 3 48 4 C1 
22782 63533.00403 70800 4 49 2 C2 
22783 63533.36608 72000 0 50 3 B2 
22784 63534.96668 68700 4 49 2 D1 
22785 63535.90171 72000 1 50 3 B2 
22786 63537.10801 66600 4 48 4 C1 
22787 63537.52218 71100 5 49 1 D1 
22788 63538.44942 67500 2 50 1 B2 
22789 63539.90508 66900 5 48 5 C1 
22790 63540.98468 67500 0 50 1 B2 
22791 63542.4694 69900 3 48 3 C1 
22792 63543.26454 67500 1 50 1 B2 
22793 63545.23848 66900 4 48 5 C1 
22794 63545.72821 67500 2 50 1 B2 
22795 63559.67077 68700 5 49 2 C2 
22796 63562.22321 77100 3 49 2 C2 
22797 63565.28179 67500 0 50 2 B2 
22798 63569.13586 69000 5 48 2 C1 
22799 63570.27566 69300 4 49 1 C2 
22800 63572.5255 67500 2 50 2 B1 
22801 63572.5598 67500 1 50 2 B2 
22802 63574.57164 69000 3 48 2 C1 
22803 63575.26446 67500 2 50 2 B2 
22804 63577.10794 69000 4 48 2 C1 
22805 63577.72821 67500 0 50 2 B2 
22806 63578.33737 69300 5 49 1 C2 
22807 63579.75673 73200 5 48 4 C1 
22808 63580.18888 70500 3 49 2 D1 
22809 63581.01012 70500 3 49 2 C2 
22810 63581.28174 67500 1 50 2 B2 
22811 63582.96667 66600 4 49 1 D1 
22812 63583.56731 70500 2 50 5 B2 
22813 63583.67682 69300 4 49 1 C2 
22814 63585.99965 67500 0 50 2 B2 
22815 63586.34348 69300 5 49 1 C2 
22816 63588.46817 67500 1 50 2 B2 
22817 63590.44149 66900 3 48 5 C1 
22818 63590.96654 72900 5 49 1 D1 
22819 63593.13589 66900 4 48 5 C1 
22820 63593.70778 70500 2 50 5 B2 
22821 63595.90902 69000 5 48 2 C1 
22822 63598.74502 72900 3 49 2 D1 
22823 63601.72446 70500 0 50 5 B2 
22824 63602.23393 73500 3 49 1 C2 
22825 63606.85402 67500 1 50 1 B2 
22826 63615.24425 71700 3 48 5 C1 
22827 63618.34357 70500 4 49 1 C2 
22828 63621.01018 70500 5 49 1 C2 
22829 63626.20485 70800 3 49 1 C2 
22830 63628.8714 70500 4 49 1 C2 
22831 63631.56725 70800 5 49 1 C2 
22832 63634.34351 68700 3 49 2 C2 
22833 63637.01012 68700 4 49 2 C2 
22834 63639.56732 68700 5 49 2 C2 
22835 63650.23394 68700 3 49 2 C2 
22836 63654.90887 72600 4 49 1 D1 
22837 63655.22646 67500 2 50 2 B2 
22838 63657.72445 73500 0 50 3 B2 
22839 63660.39107 73200 1 50 2 B2 
22840 63660.87146 75900 4 49 2 C2 
22841 63663.26444 75600 2 50 4 B2 
22842 63668.71734 67500 2 50 2 A1 
22843 63671.94611 68400 5 49 1 C2 
22844 63679.29788 66600 4 48 4 C1 
22845 63679.37679 70800 0 50 1 B2 
22846 63679.67069 71100 3 49 1 C2 
22847 63682.27546 71100 4 49 2 C2 
22848 63687.56736 70200 5 49 2 C2 
22849 63688.25456 67500 0 50 3 A1 
22850 63689.60304 70200 5 48 4 D1 
22851 63690.20486 71100 3 49 1 C2 
22852 63692.9007 76800 4 49 2 C2 
22853 63695.56729 75600 5 49 1 C2 
22854 63698.20486 70200 3 49 2 C2 
22855 63702.59383 66600 5 48 4 C1 
22856 63703.72891 68700 4 49 2 C2 
22857 63707.71462 67500 1 50 1 A1 
22858 63714.20482 70200 5 49 2 C2 
22859 63718.84603 68400 3 49 1 D1 
22860 63719.67067 66600 3 49 1 C2 
22861 63725.66874 70500 4 49 2 C2 
22862 63730.20495 66600 5 49 1 C2 
22863 63732.82176 69000 3 48 2 C1 
22864 63733.01001 73500 3 49 2 C2 
22865 63738.34348 66600 4 49 2 C2 
22866 63741.00397 72300 5 49 1 C2 
22867 63743.53824 66600 3 49 1 C2 
22868 63746.20479 66600 4 49 2 C2 
22869 63748.6156 70500 5 49 2 C2 
22870 63751.53822 66600 3 49 2 C2 
22871 63751.72852 70500 1 50 5 B2 
22872 63755.72462 66900 4 48 5 C1 
22873 63765.00399 66600 4 49 2 C2 
22874 63774.10836 70500 2 50 5 B2 
22875 63777.75708 72900 53 50 5 T 
22876 63782.85901 72900 53 50 5 T 
22877 63788.19227 69900 53 50 4 T 
22878 63793.28134 69900 53 50 4 T 
22879 63798.15708 72900 53 50 1 T 
22880 63803.25901 72900 53 50 1 T 
22881 63808.59227 69900 53 48 3 T 
22882 63813.68134 69900 53 48 3 T 
22883 63818.55708 72600 53 50 4 T 
22884 63822.30902 72900 53 49 2 T 
22885 63822.92396 69900 53 50 4 T 
22886 63823.65901 72600 53 50 4 T 
22887 63827.39919 72900 53 49 2 T 
22888 63828.99227 72900 53 48 2 T 
22889 63829.01013 66600 5 49 1 C2 
22890 63832.28805 72600 53 49 1 T 
22891 63833.53598 69900 53 48 3 T 
22892 63834.08134 72900 53 48 2 T 
22893 63837.40844 72600 53 49 1 T 
22894 63838.95708 72900 53 48 1 T 
22895 63840.1794 71100 3 49 2 C2 
22896 63842.70899 72600 53 49 2 T 
22897 63844.05901 72900 53 48 1 T 
22898 63847.79917 72600 53 49 2 T 
22899 63852.68806 72900 53 49 1 T 
22900 63857.80847 72900 53 49 1 T 
22901 63868.22914 72900 53 49 2 T 
22902 63884.02245 72900 53 48 2 T 
22903 63886.68911 72900 53 50 1 T 
22904 63917.03633 66600 4 49 2 C2 
22905 63918.67246 72600 53 49 1 T 
22906 63937.52445 69900 53 50 4 T 
22907 63945.52445 72900 53 48 1 T 
22908 63977.3558 72600 53 49 2 T 
22909 63981.0721 66600 5 49 1 C2 
22910 63981.98527 71100 53 49 1 T 
22911 63984.65178 70800 53 50 1 T 
22912 63987.31868 69300 53 49 1 T 
22913 63989.98535 71100 53 49 2 T 
22914 63993.56245 72900 53 50 5 T 
22915 63995.31859 70800 53 49 1 T 
22916 63997.98526 67500 53 50 2 T 
22917 63998.89579 69900 53 48 3 T 
22918 64000.65175 67500 53 50 3 T 
22919 64003.31858 72000 53 50 3 T 
22920 64005.9854 70500 53 50 5 T 
22921 64026.74712 70200 0 49 2 B1 
22922 64030.8578 72900 53 49 1 T 
22923 64034.7255 71700 1 49 3 B1 
22924 64037.01011 70500 3 49 2 C2 
22925 64039.19216 70200 2 49 2 B1 
22926 64039.38738 67500 53 50 1 T 
22927 64039.67074 70500 4 49 2 C2 
22928 64041.57545 73200 4 48 4 D1 
22929 64044.24215 69900 5 48 3 D1 
22930 64044.54217 70200 0 49 2 B1 
22931 64046.67245 72600 53 50 4 T 
22932 64046.74487 68700 3 48 1 D1 
22933 64047.37745 70200 1 49 2 B1 
22934 64047.67077 70500 5 49 2 C2 
22935 64049.52233 69000 4 48 2 D1 
22936 64049.8755 67500 2 50 2 B1 
22937 64050.23389 70500 3 49 1 C2 
22938 64050.59612 67500 0 50 3 B2 
22939 64051.90933 69900 5 48 3 C1 
22940 64052.71078 70200 0 49 2 B1 
22941 64053.01012 76200 4 49 2 C2 
22942 64055.20877 70200 1 49 2 B1 
22943 64056.6519 71100 53 49 1 T 
22944 64057.63337 68700 5 48 1 D1 
22945 64057.70779 67500 1 50 2 B2 
22946 64058.08212 70200 2 49 2 B1 
22947 64058.33745 70500 5 49 1 C2 
22948 64060.24233 70200 3 49 2 D1 
22949 64060.54591 67500 0 50 3 B1 
22950 64061.00402 70500 3 49 1 C2 
22951 64062.44136 72900 3 48 1 C1 
22952 64063.22646 67500 2 50 2 B2 
22953 64063.5673 70500 4 49 1 C2 
22954 64065.24253 69000 4 48 2 C1 
22955 64066.59608 72600 0 50 4 B2 
22956 64067.77466 69000 5 48 2 C1 
22957 64068.18899 68700 4 49 2 D1 
22958 64068.80392 69000 53 48 2 T 
22959 64068.90064 76200 5 49 1 C2 
22960 64070.46918 69000 3 48 2 C1 
22961 64070.74502 68700 5 49 2 D1 
22962 64073.2385 69000 4 48 2 C1 
22963 64073.63338 68400 3 49 1 D1 
22964 64073.89312 72900 1 50 1 B2 
22965 64075.90499 72900 5 48 2 C1 
22966 64076.07841 70800 4 49 2 D1 
22967 64076.5978 67500 2 50 2 B2 
22968 64078.57593 69900 3 48 3 C1 
22969 64079.2264 71700 0 50 2 B2 
22970 64081.23841 71700 4 48 5 C1 
22971 64081.92608 69900 2 50 4 A1 
22972 64083.7746 71700 5 48 5 C1 
22973 64085.32864 70500 0 50 5 A1 
22974 64086.57592 69000 3 48 2 C1 
22975 64087.22645 72000 1 50 3 B2 
22976 64089.23831 69000 4 48 2 C1 
22977 64090.25598 70800 53 49 2 T 
22978 64092.59779 72900 2 50 5 B2 
22979 64095.16085 70800 1 50 1 A1 
22980 64095.56726 70200 3 49 2 C2 
22981 64098.09419 73500 2 50 3 A1 
22982 64100.87141 70800 4 49 2 C2 
22983 64102.97116 70200 53 49 2 T 
22984 64103.67687 70800 5 49 2 C2 
22985 64104.00241 67500 0 50 1 A1 
22986 64106.20478 69300 3 49 1 C2 
22987 64106.70779 69900 0 50 4 B2 
22988 64107.39552 73200 1 50 2 A1 
22989 64107.80266 68700 5 48 1 C1 
22990 64108.07831 70200 5 48 4 D1 
22991 64108.71084 67500 1 50 1 B1 
22992 64108.90055 69300 4 49 1 C2 
22993 64110.96656 73500 3 48 5 D1 
22994 64111.04112 67500 1 50 1 B2 
22995 64111.62129 70800 5 49 2 C2 
22996 64113.72446 70800 2 50 1 B2 
22997 64116.59779 70800 0 50 1 B2 
22998 64116.93368 69300 3 49 1 C2 
22999 64119.19212 71700 2 49 3 B1 
23000 64120.04108 70800 1 50 1 B2 
23001 64121.13586 70200 3 48 4 C1 
23002 64121.57549 70200 4 49 2 D1 
23003 64122.04416 69900 0 50 4 B1 
23004 64122.20483 69300 4 49 1 C2 
23005 64123.90921 68700 4 48 1 C1 
23006 64124.37446 67500 2 50 1 B2 
23007 64126.57595 70200 5 48 4 C1 
23008 64126.96666 68400 5 49 1 D1 
23009 64129.23832 70200 3 48 4 C1 
23010 64129.57562 73500 3 49 2 D1 
23011 64129.7282 67500 0 50 3 B2 
23012 64131.90902 70200 4 48 4 C1 
23013 64134.44133 69900 5 48 3 C1 
23014 64135.04112 67500 1 50 1 B2 
23015 64137.23845 68700 3 48 1 C1 
23016 64137.93107 76200 2 50 5 B2 
23017 64139.90909 69900 4 48 3 C1 
23018 64142.57169 69900 5 48 3 C1 
23019 64147.80264 69900 3 48 3 C1 
23020 64151.26445 67500 0 50 3 B2 
23021 64154.33726 68400 5 49 1 C2 
23022 64156.87141 68400 3 49 1 C2 
23023 64162.33734 68400 4 49 1 C2 
23024 64164.90061 68400 5 49 1 C2 
23025 64167.05779 70500 1 50 5 B2 
23026 64167.53817 68400 3 49 1 C2 
23027 64169.89313 70500 2 50 5 B2 
23028 64170.08217 70500 1 50 5 B1 
23029 64170.23404 68400 4 49 1 C2 
23030 64172.90065 68400 5 49 1 C2 
23031 64178.33734 70200 3 49 2 C2 
23032 64180.18892 71100 4 49 1 D1 
23033 64180.90067 70200 4 49 2 C2 
23034 64182.85552 73500 5 49 2 D1 
23035 64183.0578 70500 0 50 5 B2 
23036 64183.67063 70200 5 49 2 C2 
23037 64185.13608 77400 4 48 2 C1 
23038 64188.24224 73500 3 49 1 D1 
23039 64188.55978 69900 1 50 4 B2 
23040 64190.7451 71100 4 49 1 D1 
23041 64193.72446 70500 2 50 5 B2 
23042 64195.80253 68700 5 48 1 C1 
23043 64198.57586 68700 3 48 1 C1 
23044 64199.04111 69900 0 50 4 B2 
23045 64200.16753 70500 3 49 2 C2 
23046 64201.13595 68700 4 48 1 C1 
23047 64203.90492 68700 5 48 1 C1 
23048 64204.39112 69900 1 50 4 B2 
23049 64206.44129 68700 3 48 1 C1 
23050 64210.34333 72900 4 49 1 C2 
23051 64213.01009 71100 5 49 2 C2 
23052 64215.17192 67500 2 50 2 B2 
23053 64215.67066 75300 3 49 2 C2 
23054 64221.004 72000 4 49 2 C2 
23055 64226.20493 77700 5 49 1 C2 
23056 64229.0101 68400 3 49 1 C2 
23057 64231.53813 71100 4 49 2 C2 
23058 64234.20485 71100 5 49 2 C2 
23059 64236.29987 70500 5 49 2 D1 
23060 64236.87153 72900 3 49 2 C2 
23061 64237.31014 72000 0 50 3 B2 
23062 64238.8556 69300 3 49 1 D1 
23063 64241.63334 70500 4 49 1 D1 
23064 64244.26904 73200 5 48 3 D1 
23065 64250.34343 68400 4 49 1 C2 
23066 64254.9089 70800 3 49 1 D1 
23067 64260.9005 71700 5 49 1 C2 
23068 64263.44145 68700 4 48 1 C1 
23069 64267.11954 67500 2 50 2 A1 
23070 64268.90059 72600 3 49 2 C2 
23071 64269.31222 71700 1 50 2 B2 
23072 64271.33994 69300 4 49 1 C2 
23073 64273.78626 70800 5 49 1 C2 
23074 64282.34344 71700 3 49 1 C2 
23075 64287.56733 71100 4 49 1 C2 
23076 64290.33741 71100 5 49 1 C2 
23077 64291.48982 67500 0 50 3 A1 
23078 64291.86414 67500 2 50 1 B2 
23079 64292.73453 69300 3 49 1 C2 
23080 64295.20283 76800 4 49 1 C2 
23081 64300.25613 71100 5 49 1 C2 
23082 64321.78402 71100 4 49 2 D1 
23083 64322.85165 75000 3 49 1 C2 
23084 64323.23739 67500 0 50 3 B2 
23085 64333.53401 71100 4 49 1 C2 
23086 64341.56313 71100 5 49 1 C2 
23087 64344.33936 68700 3 49 2 C2 
23088 64345.7668 70500 1 50 5 B2 
23089 64347.00596 71100 4 49 1 C2 
23090 64349.52881 71100 5 49 1 C2 
23091 64354.86734 71100 3 49 1 C2 
23092 64357.67271 68700 4 49 2 C2 
23093 64368.45415 70500 2 50 5 B2 
23094 64373.66644 76500 5 49 2 C2 
23095 64377.99227 73200 53 48 4 T 
23096 64383.08134 73200 53 48 4 T 
23097 64387.95708 73500 53 48 5 T 
23098 64389.53397 71400 3 49 2 C2 
23099 64392.33315 68700 4 49 2 C2 
23100 64393.05901 73500 53 48 5 T 
23101 64394.86732 68700 5 49 2 C2 
23102 64398.39227 70200 53 49 2 T 
23103 64400.22991 72600 3 49 1 C2 
23104 64402.89655 76500 4 49 1 C2 
23105 64403.48134 70200 53 49 2 T 
23106 64408.22985 68700 5 49 2 C2 
23107 64408.35708 70200 53 49 2 T 
23108 64410.89656 68700 3 49 2 C2 
23109 64413.45901 70200 53 49 2 T 
23110 64413.6665 68700 4 49 2 C2 
23111 64414.92378 70500 53 49 2 T 
23112 64416.33316 68700 5 49 2 C2 
23113 64418.79227 73200 53 48 3 T 
23114 64422.30902 70500 53 49 2 T 
23115 64422.92392 70200 53 49 2 T 
23116 64423.88134 73200 53 48 3 T 
23117 64425.9197 70500 53 50 5 T 
23118 64427.39919 70500 53 49 2 T 
23119 64428.75708 73200 53 50 2 T 
23120 64432.28805 70200 53 49 2 T 
23121 64433.53622 70500 53 49 1 T 
23122 64433.85901 73200 53 50 2 T 
23123 64437.40844 70200 53 49 2 T 
23124 64439.19227 70200 53 48 4 T 
23125 64442.70899 73500 53 49 2 T 
23126 64444.28134 70200 53 48 4 T 
23127 64447.79917 73500 53 49 2 T 
23128 64449.15708 73500 53 50 3 T 
23129 64451.8675 70800 3 49 1 C2 
23130 64452.68806 73500 53 49 2 T 
23131 64454.25901 73500 53 50 3 T 
23132 64457.80847 73500 53 49 2 T 
23133 64459.59227 70500 53 50 5 T 
23134 64463.10901 73500 53 49 1 T 
23135 64464.68134 70500 53 50 5 T 
23136 64468.19916 73500 53 49 1 T 
23137 64468.22914 73500 53 49 2 T 
23138 64469.67266 71400 4 49 2 C2 
23139 64470.27739 70500 53 50 5 T 
23140 64472.33927 72300 5 49 1 C2 
23141 64473.08803 70500 53 49 1 T 
23142 64474.78852 70800 3 49 1 C2 
23143 64476.02245 73500 53 50 3 T 
23144 64478.20845 70500 53 49 1 T 
23145 64478.4806 70500 53 50 5 T 
23146 64481.33911 70200 53 48 4 T 
23147 64484.22912 70200 53 49 2 T 
23148 64489.53598 70200 53 49 2 T 
23149 64494.9239 70200 53 48 4 T 
23150 64496.00153 68700 4 49 2 C2 
23151 64517.65538 71100 5 49 1 C2 
23152 64532.02245 73500 53 48 5 T 
23153 64534.85778 73200 53 50 2 T 
23154 64537.33913 73500 53 49 1 T 
23155 64542.67245 70200 53 49 2 T 
23156 64573.98532 71400 53 49 2 T 
23157 64587.31856 71100 53 49 1 T 
23158 64588.02247 70500 53 49 2 T 
23159 64589.98524 71700 53 49 1 T 
23160 64593.56245 70500 53 50 5 T 
23161 64595.31847 69900 53 50 4 T 
23162 64596.19111 73200 53 48 4 T 
23163 64597.98539 71700 53 50 2 T 
23164 64600.65188 72000 53 50 3 T 
23165 64605.9853 70500 53 50 5 T 
23166 64634.85878 70200 2 49 2 B1 
23167 64637.24117 70200 0 49 2 B1 
23168 64639.64381 70200 1 49 2 B1 
23169 64640.33317 70800 3 49 2 C2 
23170 64642.74717 70200 2 49 2 B1 
23171 64643.00584 76800 4 49 2 C2 
23172 64645.03016 70200 0 49 2 B1 
23173 64645.53402 70800 5 49 2 C2 
23174 64646.85547 70200 5 48 4 D1 
23175 64647.52735 70200 1 49 2 B1 
23176 64649.33911 70500 53 50 5 T 
23177 64649.52219 71700 3 48 5 D1 
23178 64649.9829 70200 2 49 2 B1 
23179 64651.00599 71400 3 49 2 C2 
23180 64651.77468 73200 5 48 4 C1 
23181 64652.19113 73500 53 49 2 T 
23182 64652.71084 70200 0 49 2 B1 
23183 64653.66649 71400 4 49 2 C2 
23184 64654.44138 69000 3 48 2 C1 
23185 64654.90889 68700 4 48 1 D1 
23186 64655.04113 70500 0 50 5 B2 
23187 64655.19242 70500 1 50 5 B1 
23188 64656.20076 70800 5 49 2 C2 
23189 64657.57548 68700 5 48 1 D1 
23190 64658.08216 70500 2 50 5 B1 
23191 64658.89649 77100 3 49 2 C2 
23192 64659.9093 72900 4 48 2 C1 
23193 64660.07829 69900 3 48 3 D1 
23194 64660.80404 71700 53 49 3 T 
23195 64661.36608 70500 1 50 5 B2 
23196 64661.56313 73500 4 49 1 C2 
23197 64662.46922 75900 5 48 1 C1 
23198 64663.47095 70200 53 49 2 T 
23199 64664.03279 70500 2 50 5 B2 
23200 64664.20073 73500 5 49 2 C2 
23201 64665.24251 69900 3 48 3 C1 
23202 64666.55495 70500 0 50 5 B2 
23203 64666.86737 71400 3 49 2 C2 
23204 64667.77474 69900 4 48 3 C1 
23205 64668.07833 68400 4 49 1 D1 
23206 64668.79107 70500 1 50 5 B2 
23207 64673.1661 69900 5 48 3 C1 
23208 64673.4118 71400 5 49 2 D1 
23209 64673.89312 75600 2 50 4 B2 
23210 64674.1373 71700 53 48 5 T 
23211 64676.18904 71700 3 49 3 D1 
23212 64676.59778 71700 0 50 2 B2 
23213 64678.57174 69900 3 48 3 C1 
23214 64679.06154 70500 1 50 5 B2 
23215 64681.13587 69900 4 48 3 C1 
23216 64681.52243 68400 4 49 1 D1 
23217 64681.89313 70500 2 50 5 B2 
23218 64682.13726 69900 53 48 3 T 
23219 64683.77464 69900 5 48 3 C1 
23220 64684.55979 71700 0 50 2 B2 
23221 64684.64754 70800 1 50 1 A1 
23222 64687.05778 71700 1 50 2 B2 
23223 64689.7244 73500 2 50 3 B2 
23224 64689.85878 71700 0 49 3 B1 
23225 64691.77465 72900 3 48 1 C1 
23226 64692.18813 73200 53 48 3 T 
23227 64693.66662 70500 4 49 1 C2 
23228 64695.164 70500 2 50 5 A1 
23229 64696.33923 70500 5 49 1 C2 
23230 64698.13774 72000 0 50 3 A1 
23231 64700.52545 70200 1 49 2 B1 
23232 64701.53085 69900 1 50 4 A1 
23233 64703.37745 70200 2 49 2 B1 
23234 64704.22977 70500 3 49 1 C2 
23235 64704.46534 70500 2 50 5 A1 
23236 64705.56247 70200 53 49 2 T 
23237 64706.9318 70500 4 49 1 C2 
23238 64707.40667 71700 0 50 2 A1 
23239 64708.39113 72900 0 50 1 B2 
23240 64708.71083 71700 0 49 3 B1 
23241 64711.20884 72000 1 50 3 B1 
23242 64712.33329 70500 5 49 1 C2 
23243 64715.90509 68700 4 48 1 C1 
23244 64716.5255 70800 2 50 1 B1 
23245 64717.28179 69900 1 50 4 B2 
23246 64717.66655 71700 3 49 1 C2 
23247 64718.46919 69000 5 48 2 C1 
23248 64719.4155 71700 0 49 3 B1 
23249 64720.20066 71700 4 49 1 C2 
23250 64721.10797 68700 3 48 1 C1 
23251 64722.99992 71700 5 49 1 C2 
23252 64723.80262 68700 4 48 1 C1 
23253 64724.29997 70200 5 49 2 D1 
23254 64724.59779 70800 2 50 1 B2 
23255 64725.53397 70800 3 49 2 C2 
23256 64726.57182 69000 5 48 2 C1 
23257 64726.90882 69000 3 48 2 D1 
23258 64727.05046 72900 0 50 5 B2 
23259 64729.57546 69300 4 49 1 D1 
23260 64729.89312 70800 1 50 1 B2 
23261 64732.07838 70500 5 49 2 D1 
23262 64732.3747 72000 2 50 3 B2 
23263 64734.90895 70500 3 49 1 D1 
23264 64735.26446 70800 0 50 1 B2 
23265 64737.10792 69000 3 48 2 C1 
23266 64739.90932 69000 4 48 2 C1 
23267 64740.30003 69300 4 49 1 D1 
23268 64741.28174 73200 1 50 2 B2 
23269 64742.5717 69000 5 48 2 C1 
23270 64745.23838 69000 3 48 2 C1 
23271 64746.0024 70500 2 50 5 B2 
23272 64753.23837 69000 4 48 2 C1 
23273 64757.67273 70800 4 49 1 C2 
23274 64760.22975 72000 5 49 2 C2 
23275 64761.33913 70500 53 49 1 T 
23276 64762.86729 73500 3 49 2 C2 
23277 64764.71084 69900 1 50 4 B1 
23278 64765.5183 72000 4 49 2 C2 
23279 64769.24265 70200 5 48 4 C1 
23280 64771.00604 70800 5 49 1 C2 
23281 64773.67263 72300 3 49 1 C2 
23282 64774.5716 70200 3 48 4 C1 
23283 64777.10806 70200 4 48 4 C1 
23284 64779.90912 70200 5 48 4 C1 
23285 64782.44126 71700 3 48 5 C1 
23286 64782.85547 71700 5 49 1 D1 
23287 64786.99984 72600 4 49 2 C2 
23288 64787.90499 68700 4 48 1 C1 
23289 64788.39111 69900 0 50 4 B2 
23290 64789.67268 72300 5 49 1 C2 
23291 64790.57606 71700 5 48 5 C1 
23292 64790.85558 76200 3 49 2 D1 
23293 64793.10787 68700 3 48 1 C1 
23294 64795.90902 68700 4 48 1 C1 
23295 64796.24219 70200 4 49 2 D1 
23296 64798.57587 71700 5 48 5 C1 
23297 64798.74511 71100 5 49 1 D1 
23298 64799.26445 69900 1 50 4 B2 
23299 64803.90924 68700 3 48 1 C1 
23300 64806.46926 68700 4 48 1 C1 
23301 64807.04112 69900 2 50 4 B2 
23302 64808.27132 68700 3 49 2 C2 
23303 64816.22992 68700 4 49 2 C2 
23304 64824.33319 68700 5 49 2 C2 
23305 64825.92538 69900 5 48 3 C1 
23306 64826.86733 68700 3 49 2 C2 
23307 64829.56323 68700 4 49 2 C2 
23308 64837.67265 72900 5 49 1 C2 
23309 64838.57587 70200 3 48 4 C1 
23310 64838.96653 68700 3 49 2 D1 
23311 64840.22982 75900 3 49 1 C2 
23312 64841.63339 68700 4 49 2 D1 
23313 64843.7406 69000 5 48 2 D1 
23314 64850.89655 76800 4 49 1 C2 
23315 64851.90497 73500 4 48 5 C1 
23316 64854.85561 70800 3 49 2 D1 
23317 64857.13597 70200 5 48 4 C1 
23318 64859.32833 70200 4 49 2 D1 
23319 64859.77465 73200 3 48 3 C1 
23320 64862.90895 71100 5 49 1 D1 
23321 64863.29494 68700 4 48 1 C1 
23322 64864.3392 70500 5 49 2 C2 
23323 64866.72875 70500 3 49 1 C2 
23324 64869.19535 71100 4 49 1 C2 
23325 64874.86746 70500 5 49 2 C2 
23326 64876.39506 70800 3 49 1 D1 
23327 64880.33931 70500 3 49 2 C2 
23328 64882.99985 70500 4 49 2 C2 
23329 64885.5341 70500 5 49 2 C2 
23330 64886.64068 69000 5 48 2 C1 
23331 64892.48272 72600 0 50 4 B2 
23332 64896.22982 68700 3 49 2 C2 
23333 64898.86735 72900 4 49 2 C2 
23334 64906.86745 68700 5 49 2 C2 
23335 64909.56312 68700 3 49 2 C2 
23336 64914.96498 72000 1 50 3 B2 
23337 64915.00596 69300 4 49 1 C2 
23338 64918.85558 71100 4 49 2 D1 
23339 64920.22972 69300 5 49 1 C2 
23340 64923.50826 70800 3 49 1 C2 
23341 64933.66664 69300 4 49 1 C2 
23342 64937.38097 72000 2 50 3 B2 
23343 64938.89647 69300 5 49 1 C2 
23344 64946.78927 76200 3 49 2 C2 
23345 64949.32843 69300 4 49 1 C2 
23346 64951.91151 69300 5 49 1 C2 
23347 64960.01802 69900 0 50 4 B2 
23348 64960.18275 71100 3 49 1 C2 
23349 64965.66662 71100 4 49 1 C2 
23350 64968.034 68700 5 49 2 C2 
23351 64970.89643 75600 3 49 1 C2 
23352 64977.99227 70800 53 50 1 T 
23353 64981.5339 71100 4 49 1 C2 
23354 64983.08134 70800 53 50 1 T 
23355 64989.67273 71100 5 49 1 C2 
23356 64995.00608 71100 3 49 1 C2 
23357 65000.33934 71100 4 49 1 C2 
23358 65002.86733 71100 5 49 1 C2 
23359 65005.24744 70800 3 49 1 C2 
23360 65013.67271 71100 4 49 1 C2 
23361 65018.99986 69300 5 49 1 C2 
23362 65020.20282 71100 53 49 1 T 
23363 65022.30902 70800 53 49 1 T 
23364 65023.16134 70800 53 49 1 T 
23365 65026.99985 69300 3 49 1 C2 
23366 65027.39919 70800 53 49 1 T 
23367 65028.45598 71100 53 49 1 T 
23368 65029.53395 70200 4 49 2 C2 
23369 65031.4426 70800 53 49 2 T 
23370 65032.28805 70800 53 49 2 T 
23371 65037.40844 70800 53 49 2 T 
23372 65037.66644 70200 5 49 2 C2 
23373 65042.70899 71100 53 49 1 T 
23374 65047.79917 71100 53 49 1 T 
23375 65048.22989 70200 3 49 2 C2 
23376 65050.89657 70200 4 49 2 C2 
23377 65052.68806 71100 53 49 1 T 
23378 65056.22986 71100 5 49 2 C2 
23379 65057.80847 71100 53 49 1 T 
23380 65058.86735 70200 3 49 2 C2 
23381 65061.6665 71100 4 49 2 C2 
23382 65063.10901 71100 53 49 1 T 
23383 65064.22989 71100 5 49 2 C2 
23384 65068.19916 71100 53 49 1 T 
23385 65069.67268 71100 3 49 2 C2 
23386 65073.08803 71100 53 49 2 T 
23387 65073.35578 70800 53 50 1 T 
23388 65078.20845 71100 53 49 2 T 
23389 65078.68913 70800 53 49 1 T 
23390 65083.00599 72600 4 49 1 C2 
23391 65085.6665 75900 5 49 2 C2 
23392 65089.5906 70800 53 50 1 T 
23393 65099.05657 69300 3 49 1 C2 
23394 65104.35159 68400 4 49 1 C2 
23395 65106.86743 68400 5 49 1 C2 
23396 65114.86738 68400 3 49 1 C2 
23397 65117.67266 68400 4 49 1 C2 
23398 65120.33317 68400 5 49 1 C2 
23399 65122.73027 71100 3 49 1 C2 
23400 65128.22983 68400 4 49 1 C2 
23401 65129.52447 71100 53 49 2 T 
23402 65130.86742 68400 5 49 1 C2 
23403 65146.8965 68400 3 49 1 C2 
23404 65162.29803 71100 4 49 1 C2 
23405 65179.31856 68400 53 49 1 T 
23406 65182.86954 71100 53 49 2 T 
23407 65184.65197 70500 53 49 1 T 
23408 65187.31872 71100 53 49 1 T 
23409 65189.98529 72300 53 49 1 T 
23410 65193.56247 71100 53 49 1 T 
23411 65200.65171 70500 53 50 5 T 
23412 65211.31853 72000 53 50 3 T 
23413 65226.85045 70200 2 49 2 B1 
23414 65229.5255 70200 0 49 2 B1 
23415 65237.66665 68700 5 49 2 C2 
23416 65238.96657 70200 5 48 4 D1 
23417 65243.00598 68700 3 49 2 C2 
23418 65243.3186 72000 53 49 2 T 
23419 65245.98525 70200 53 49 2 T 
23420 65246.46933 69000 3 48 2 C1 
23421 65248.22984 70200 4 49 2 C2 
23422 65249.5221 69900 3 48 3 D1 
23423 65250.12549 70200 1 49 2 B1 
23424 65250.99993 72900 5 49 2 C2 
23425 65251.31868 68700 53 49 2 T 
23426 65252.29991 71700 4 48 5 D1 
23427 65252.56564 71700 2 50 2 B1 
23428 65252.80426 70200 53 49 2 T 
23429 65253.26279 72900 1 50 1 B2 
23430 65253.67264 70200 3 49 2 C2 
23431 65253.98532 70500 53 49 2 T 
23432 65254.74505 70200 5 49 2 D1 
23433 65255.35907 70800 53 49 2 T 
23434 65255.45877 70200 0 49 2 B1 
23435 65256.22969 72900 4 49 2 C2 
23436 65257.13596 69000 4 48 2 C1 
23437 65257.63337 70200 3 49 2 D1 
23438 65257.89892 70200 1 49 2 B1 
23439 65257.95192 72900 2 50 1 B2 
23440 65258.66907 68400 5 49 1 C2 
23441 65260.18899 69900 4 48 3 D1 
23442 65260.74878 70200 2 49 2 B1 
23443 65261.53398 70200 3 49 2 C2 
23444 65262.57585 73200 5 48 3 C1 
23445 65262.85556 68700 5 48 1 D1 
23446 65263.05779 71700 0 50 2 B2 
23447 65263.21254 70200 0 49 2 B1 
23448 65264.3332 70200 4 49 2 C2 
23449 65265.23839 69000 3 48 2 C1 
23450 65265.63341 71100 3 49 1 D1 
23451 65265.7078 76200 1 50 5 B2 
23452 65266.08217 72000 1 50 3 B1 
23453 65267.80276 68700 4 48 1 C1 
23454 65268.07834 69000 4 48 2 D1 
23455 65268.55979 71700 2 50 2 B2 
23456 65268.80391 68700 53 48 1 T 
23457 65269.66665 70200 5 49 2 C2 
23458 65270.74501 70500 5 49 1 D1 
23459 65271.47064 70200 53 48 4 T 
23460 65272.20066 70200 3 49 2 C2 
23461 65273.24254 68700 5 48 1 C1 
23462 65273.41181 72000 3 49 2 D1 
23463 65273.70779 71700 0 50 2 B2 
23464 65275.80255 68700 3 48 1 C1 
23465 65278.57177 68700 4 48 1 C1 
23466 65279.04133 72000 1 50 3 B2 
23467 65281.10798 73200 5 48 4 C1 
23468 65281.63346 70200 4 49 2 D1 
23469 65281.72446 72000 2 50 3 B2 
23470 65281.82752 70500 1 50 5 A1 
23471 65283.80254 72900 3 48 2 C1 
23472 65284.37445 72000 0 50 3 B2 
23473 65285.43278 71700 2 49 3 B1 
23474 65286.46922 68700 4 48 1 C1 
23475 65287.16085 69900 2 50 4 A1 
23476 65288.18383 71700 0 49 3 B1 
23477 65289.23831 72900 5 48 2 C1 
23478 65289.71713 72000 1 50 3 B2 
23479 65290.09533 70800 0 50 1 A1 
23480 65291.00609 72600 4 49 2 C2 
23481 65295.30623 69900 1 50 4 A1 
23482 65298.86738 72900 5 49 1 C2 
23483 65301.56307 71700 3 49 1 C2 
23484 65303.30621 72000 2 50 3 A1 
23485 65303.41549 71700 1 49 3 B1 
23486 65304.3394 72600 4 49 2 C2 
23487 65306.70779 69900 2 50 4 B2 
23488 65306.80087 71700 0 50 2 A1 
23489 65308.54217 70200 2 49 2 B1 
23490 65309.37441 69900 0 50 4 B2 
23491 65310.44135 70200 3 48 4 C1 
23492 65311.3775 69900 0 50 4 B1 
23493 65312.22978 72600 5 49 1 C2 
23494 65313.13586 77400 4 48 2 C1 
23495 65313.57555 71700 5 49 3 D1 
23496 65314.04411 70200 1 49 2 B1 
23497 65315.77475 70200 5 48 4 C1 
23498 65316.52575 70800 2 50 1 B1 
23499 65316.59779 69900 1 50 4 B2 
23500 65317.53393 72600 3 49 1 C2 
23501 65318.57579 73500 3 48 5 C1 
23502 65318.74499 68400 3 49 1 D1 
23503 65319.19212 70200 0 49 2 B1 
23504 65320.33316 68700 4 49 2 C2 
23505 65321.10819 69000 4 48 2 C1 
23506 65321.63326 69000 4 48 2 D1 
23507 65322.08211 71700 1 49 3 B1 
23508 65322.99982 68700 5 49 2 C2 
23509 65324.71079 70200 2 49 2 B1 
23510 65325.67265 72900 3 49 1 C2 
23511 65326.90882 69300 5 49 1 D1 
23512 65327.22646 69900 2 50 4 B2 
23513 65329.24254 72900 5 48 1 C1 
23514 65329.72445 69900 0 50 4 B2 
23515 65331.80251 69000 3 48 2 C1 
23516 65332.2422 71100 3 49 2 D1 
23517 65332.39107 70800 1 50 1 B2 
23518 65333.67272 68700 4 49 2 C2 
23519 65334.44124 69000 4 48 2 C1 
23520 65335.26444 70800 2 50 1 B2 
23521 65337.10788 69000 5 48 2 C1 
23522 65337.72821 72600 0 50 4 B2 
23523 65339.90926 69000 3 48 2 C1 
23524 65340.07842 69300 4 49 1 D1 
23525 65340.39113 69900 1 50 4 B2 
23526 65342.4372 72900 4 48 1 C1 
23527 65343.22646 70800 2 50 1 B2 
23528 65345.72445 70800 0 50 1 B2 
23529 65348.37445 72600 1 50 4 B2 
23530 65354.89656 69300 5 49 1 C2 
23531 65357.66649 69300 3 49 1 C2 
23532 65358.57177 69900 5 48 3 C1 
23533 65361.01347 71100 53 49 1 T 
23534 65362.89658 69300 4 49 1 C2 
23535 65366.44125 69900 3 48 3 C1 
23536 65366.8578 71100 53 49 1 T 
23537 65368.33313 69300 5 49 1 C2 
23538 65368.98877 70500 2 50 5 B2 
23539 65370.86735 69300 3 49 1 C2 
23540 65371.48286 70500 0 50 5 B2 
23541 65371.90513 69900 4 48 3 C1 
23542 65372.74883 70500 0 50 5 B1 
23543 65374.24722 70500 1 50 5 B2 
23544 65374.46928 69900 5 48 3 C1 
23545 65377.23846 69900 3 48 3 C1 
23546 65384.33931 71700 4 49 1 C2 
23547 65385.10394 70200 4 48 4 C1 
23548 65385.57553 71100 5 49 1 D1 
23549 65385.93113 70500 2 50 5 B2 
23550 65387.00599 71700 5 49 1 C2 
23551 65388.18899 68700 3 49 2 D1 
23552 65388.5598 70500 0 50 5 B2 
23553 65389.56314 69300 3 49 1 C2 
23554 65390.57164 70200 5 48 4 C1 
23555 65391.2264 70500 1 50 5 B2 
23556 65392.22989 71700 4 49 1 C2 
23557 65393.13594 70200 3 48 4 C1 
23558 65393.72445 70500 2 50 5 B2 
23559 65394.66313 70200 1 49 2 B1 
23560 65395.80253 69900 4 48 3 C1 
23561 65396.55979 70500 0 50 5 B2 
23562 65398.57165 69900 5 48 3 C1 
23563 65399.26446 69900 1 50 4 B2 
23564 65401.57558 76800 4 49 1 D1 
23565 65401.89311 69900 2 50 4 B2 
23566 65403.90927 70200 3 48 4 C1 
23567 65404.3747 73500 0 50 3 B2 
23568 65405.66653 70800 5 49 2 C2 
23569 65407.22646 70500 1 50 5 B2 
23570 65416.20078 70800 3 49 2 C2 
23571 65419.00596 72300 4 49 1 C2 
23572 65421.66655 70800 5 49 2 C2 
23573 65424.33923 70800 3 49 2 C2 
23574 65426.86746 70800 4 49 2 C2 
23575 65431.3775 70500 2 50 5 B1 
23576 65431.73528 72000 2 50 3 B2 
23577 65437.56314 69300 5 49 1 C2 
23578 65438.57163 71700 4 48 5 C1 
23579 65440.20069 72300 3 49 1 C2 
23580 65441.6332 72300 5 49 1 D1 
23581 65444.30005 71400 3 49 2 D1 
23582 65446.85558 70800 4 49 2 D1 
23583 65448.22983 69300 4 49 1 C2 
23584 65451.90923 69900 5 48 3 C1 
23585 65452.37445 72900 0 50 5 B2 
23586 65453.53412 72300 5 49 1 C2 
23587 65454.44134 69900 3 48 3 C1 
23588 65455.26445 72900 1 50 5 B2 
23589 65456.33929 71400 3 49 2 C2 
23590 65457.24252 71700 4 48 5 C1 
23591 65457.54739 79200 2 50 1 B2 
23592 65459.90901 71700 5 48 5 C1 
23593 65460.39111 73200 0 50 2 B2 
23594 65462.46925 69900 3 48 3 C1 
23595 65474.99996 70500 4 49 2 C2 
23596 65477.67263 70500 5 49 2 C2 
23597 65480.22979 70500 3 49 2 C2 
23598 65489.28084 70500 1 50 5 A1 
23599 65495.2926 69000 4 48 2 C1 
23600 65498.86733 70800 4 49 2 C2 
23601 65500.07823 71700 5 49 1 D1 
23602 65501.53401 76500 5 49 1 C2 
23603 65504.33322 70500 3 49 2 C2 
23604 65507.27701 69300 4 49 1 C2 
23605 65512.22982 71100 5 49 2 C2 
23606 65513.63335 70800 3 49 1 D1 
23607 65517.66663 77700 3 49 1 C2 
23608 65522.86729 71100 4 49 2 C2 
23609 65527.96415 70500 0 50 5 B1 
23610 65530.86735 71100 5 49 2 C2 
23611 65533.56308 71100 3 49 2 C2 
23612 65536.33939 71100 4 49 2 C2 
23613 65537.96175 70200 5 48 4 C1 
23614 65544.33941 71100 5 49 2 C2 
23615 65552.3332 71400 3 49 2 C2 
23616 65554.99987 71400 4 49 2 C2 
23617 65560.33933 73500 5 49 2 C2 
23618 65573.61898 71400 3 49 2 C2 
23619 65575.27794 71700 3 48 5 C1 
23620 65577.75708 71700 53 49 3 T 
23621 65578.86746 71100 4 49 1 C2 
23622 65582.85901 71700 53 49 3 T 
23623 65582.93624 70500 4 49 2 D1 
23624 65588.19227 71700 53 50 2 T 
23625 65592.20066 71100 5 49 1 C2 
23626 65593.28134 71700 53 50 2 T 
23627 65594.99984 71100 3 49 1 C2 
23628 65597.56321 71100 4 49 1 C2 
23629 65598.15708 71700 53 48 5 T 
23630 65603.25901 71700 53 48 5 T 
23631 65605.56324 71100 5 49 1 C2 
23632 65613.67264 71100 3 49 1 C2 
23633 65616.33929 71100 4 49 1 C2 
23634 65620.2029 71700 53 50 2 T 
23635 65621.56316 71100 5 49 1 C2 
23636 65622.30902 71400 53 49 2 T 
23637 65623.17663 71400 53 49 2 T 
23638 65624.22989 71100 3 49 1 C2 
23639 65627.39919 71400 53 49 2 T 
23640 65627.50746 70500 4 49 2 C2 
23641 65630.25162 70800 5 49 1 C2 
23642 65630.92383 71700 53 48 5 T 
23643 65632.28805 71700 53 49 1 T 
23644 65637.40844 71700 53 49 1 T 
23645 65640.33314 71100 3 49 1 C2 
23646 65645.5341 71100 4 49 1 C2 
23647 65648.33929 70800 5 49 1 C2 
23648 65650.78852 70500 3 49 2 C2 
23649 65652.28328 71100 5 49 1 D1 
23650 65653.3284 70800 4 49 1 C2 
23651 65666.86742 71100 5 49 1 C2 
23652 65668.22914 71400 53 49 2 T 
23653 65669.5631 75000 3 49 1 C2 
23654 65672.2298 70800 4 49 1 C2 
23655 65676.02245 71700 53 49 3 T 
23656 65680.2007 70800 5 49 1 C2 
23657 65681.53598 71700 53 49 3 T 
23658 65685.53412 70800 3 49 1 C2 
23659 65689.33911 71700 53 48 5 T 
23660 65693.56307 68400 4 49 1 C2 
23661 65696.2846 68400 5 49 1 C2 
23662 65701.56312 68400 3 49 1 C2 
23663 65709.67265 68400 4 49 1 C2 
23664 65713.59079 71700 53 49 1 T 
23665 65717.66664 68400 5 49 1 C2 
23666 65723.98418 71700 53 50 2 T 
23667 65728.20066 71100 3 49 1 C2 
23668 65730.86734 71100 4 49 1 C2 
23669 65733.31304 71100 5 49 1 C2 
23670 65735.81968 76800 3 49 1 C2 
23671 65746.99992 71100 4 49 1 C2 
23672 65749.59626 72000 5 49 2 C2 
23673 65754.89643 72000 3 49 2 C2 
23674 65762.86737 70500 4 49 1 C2 
23675 65764.07953 71700 53 49 1 T 
23676 65773.67271 72000 5 49 2 C2 
23677 65781.98523 72600 53 49 2 T 
23678 65784.65196 70800 53 49 1 T 
23679 65787.00596 70500 3 49 1 C2 
23680 65787.31864 72900 53 49 1 T 
23681 65789.66649 70500 4 49 1 C2 
23682 65789.9852 70800 53 50 1 T 
23683 65792.65204 72900 53 50 5 T 
23684 65794.99988 70500 5 49 1 C2 
23685 65795.3186 72600 53 50 4 T 
23686 65797.98528 72000 53 50 3 T 
23687 65803.00604 70500 3 49 1 C2 
23688 65803.31843 70500 53 50 5 T 
23689 65805.98536 72600 53 49 1 T 
23690 65821.53403 75300 4 49 2 C2 
23691 65824.33317 76200 5 49 2 C2 
23692 65826.76617 70200 1 49 2 B1 
23693 65832.05878 70200 2 49 2 B1 
23694 65836.52544 70200 0 49 2 B1 
23695 65839.19216 70200 1 49 2 B1 
23696 65840.65194 69300 53 49 1 T 
23697 65841.63321 70200 3 48 4 D1 
23698 65842.08212 70200 2 49 2 B1 
23699 65842.93801 71100 3 49 2 C2 
23700 65843.31858 71100 53 49 2 T 
23701 65844.24228 69000 4 48 2 D1 
23702 65846.7449 71700 5 48 5 D1 
23703 65847.5938 72900 53 50 1 T 
23704 65848.33929 76200 4 49 1 C2 
23705 65849.24265 75900 4 48 1 C1 
23706 65849.4242 72900 53 49 2 T 
23707 65850.89645 78900 5 49 1 C2 
23708 65853.56318 71100 3 49 2 C2 
23709 65854.57598 73200 5 48 4 C1 
23710 65855.19216 69900 0 50 4 B1 
23711 65855.94841 69900 1 50 4 B2 
23712 65856.00261 76500 4 49 2 C2 
23713 65857.87545 70200 1 49 2 B1 
23714 65858.44889 73500 5 49 1 C2 
23715 65860.1889 70200 3 49 2 D1 
23716 65860.39113 69900 2 50 4 B2 
23717 65860.74884 70800 2 50 1 B1 
23718 65860.92982 71100 3 49 2 C2 
23719 65862.46919 70200 3 48 4 C1 
23720 65862.74506 70200 4 49 2 D1 
23721 65863.26446 69900 0 50 4 B2 
23722 65863.32985 73500 4 49 2 C2 
23723 65863.3775 70200 0 49 2 B1 
23724 65863.47093 70200 53 49 2 T 
23725 65865.23827 70200 4 48 4 C1 
23726 65865.93112 69900 1 50 4 B2 
23727 65866.08211 70200 1 49 2 B1 
23728 65867.77465 70200 5 48 4 C1 
23729 65868.30009 72900 5 49 1 D1 
23730 65868.3838 69900 2 50 4 B2 
23731 65870.44133 70200 3 48 4 C1 
23732 65870.74515 72300 3 49 1 D1 
23733 65871.47066 69000 53 48 2 T 
23734 65871.94846 69900 0 50 4 B2 
23735 65875.83501 70200 4 48 4 C1 
23736 65876.07829 72900 4 48 2 D1 
23737 65876.10497 69900 2 50 4 A1 
23738 65876.59779 70800 1 50 1 B2 
23739 65876.80396 72900 53 48 2 T 
23740 65878.90892 72000 5 49 2 D1 
23741 65879.06154 70800 2 50 1 B2 
23742 65881.13625 70200 5 48 4 C1 
23743 65881.89312 69900 0 50 4 B2 
23744 65881.97041 70500 0 50 5 A1 
23745 65882.74712 70200 2 49 2 B1 
23746 65884.55978 70800 1 50 1 B2 
23747 65884.92004 70500 1 50 5 A1 
23748 65885.39217 70200 0 49 2 B1 
23749 65886.15981 72300 5 49 1 C2 
23750 65886.44127 70200 3 48 4 C1 
23751 65887.2644 70800 2 50 1 B2 
23752 65887.79221 70200 1 49 2 B1 
23753 65888.41471 72900 2 50 5 A1 
23754 65888.82032 71100 3 49 2 C2 
23755 65891.90108 72600 0 50 4 A1 
23756 65891.90509 70200 4 48 4 C1 
23757 65892.797 71100 53 49 1 T 
23758 65894.62749 70800 53 49 2 T 
23759 65894.87482 72000 1 50 3 A1 
23760 65895.04111 70800 0 50 1 B2 
23761 65896.68784 72300 4 49 1 C2 
23762 65897.87549 70200 2 49 2 B1 
23763 65898.26908 70500 2 50 5 A1 
23764 65899.48695 73500 5 49 1 C2 
23765 65899.80272 69000 5 48 2 C1 
23766 65900.28923 72900 53 48 1 T 
23767 65900.52545 70200 0 49 2 B1 
23768 65901.24282 72900 0 50 1 A1 
23769 65902.05028 72300 3 49 1 C2 
23770 65904.68785 71700 4 49 1 C2 
23771 65907.27183 70500 5 49 1 C2 
23772 65907.38806 71100 53 49 1 T 
23773 65908.54217 70500 1 50 5 B1 
23774 65908.67254 71700 1 50 2 A1 
23775 65911.19217 72000 2 50 3 B1 
23776 65912.15891 69900 2 50 4 A1 
23777 65912.71695 72300 3 49 1 C2 
23778 65913.57554 71700 3 49 3 D1 
23779 65913.85878 70200 0 49 2 B1 
23780 65913.89313 73200 1 50 2 B2 
23781 65915.35455 75900 4 49 1 C2 
23782 65916.37472 72900 2 50 5 B2 
23783 65916.74884 70200 1 49 2 B1 
23784 65918.57587 69000 3 48 2 C1 
23785 65919.92941 73200 0 50 2 B2 
23786 65921.10792 69000 4 48 2 C1 
23787 65921.57546 69900 4 48 3 D1 
23788 65922.04412 70200 2 49 2 B1 
23789 65922.59612 72000 1 50 3 B2 
23790 65923.90503 69000 5 48 2 C1 
23791 65924.24224 71400 5 49 2 D1 
23792 65924.98483 72900 2 50 5 B2 
23793 65926.02122 76800 5 49 2 C2 
23794 65926.44128 73200 3 48 3 C1 
23795 65926.90894 71700 3 49 1 D1 
23796 65927.55221 72900 0 50 5 B2 
23797 65929.0846 70500 3 49 1 C2 
23798 65929.23845 69000 4 48 2 C1 
23799 65929.52227 70800 4 49 2 D1 
23800 65930.06509 73500 1 50 3 B2 
23801 65931.80278 71700 5 48 5 C1 
23802 65932.0784 71100 5 49 1 D1 
23803 65932.63859 73500 2 50 3 B2 
23804 65934.46935 73200 3 48 3 C1 
23805 65934.9667 70200 3 49 2 D1 
23806 65937.1081 79200 4 48 3 C1 
23807 65937.41173 69900 4 48 3 D1 
23808 65937.93111 72600 0 50 4 B2 
23809 65939.90925 73500 5 48 5 C1 
23810 65945.10788 73500 3 48 5 C1 
23811 65946.85878 71700 0 49 3 B1 
23812 65948.39111 72600 1 50 4 B2 
23813 65949.41383 71700 1 49 3 B1 
23814 65950.15979 71700 4 49 1 C2 
23815 65950.5717 73200 4 48 4 C1 
23816 65951.04107 72600 2 50 4 B2 
23817 65952.77165 71700 5 49 1 C2 
23818 65953.87545 71700 2 49 3 B1 
23819 65956.71083 71700 0 49 3 B1 
23820 65958.44134 69900 5 48 3 C1 
23821 65966.02115 71100 3 49 2 C2 
23822 65968.6878 71100 4 49 2 C2 
23823 65971.48705 70200 5 49 2 C2 
23824 65971.90499 69900 3 48 3 C1 
23825 65972.59779 75600 0 50 4 B2 
23826 65974.05017 70200 3 49 2 C2 
23827 65974.44137 69900 4 48 3 C1 
23828 65975.06155 72900 1 50 1 B2 
23829 65975.3775 70500 1 50 5 B1 
23830 65976.82042 70200 4 49 2 C2 
23831 65977.13598 69900 5 48 3 C1 
23832 65977.87545 70200 2 49 2 B1 
23833 65977.89313 72900 2 50 1 B2 
23834 65979.90916 69900 3 48 3 C1 
23835 65980.39112 72900 0 50 1 B2 
23836 65982.57595 69900 4 48 3 C1 
23837 65982.85558 70500 5 49 1 D1 
23838 65983.41545 70200 0 49 2 B1 
23839 65984.04112 70500 1 50 5 B2 
23840 65985.23854 69900 5 48 3 C1 
23841 65985.63322 70500 3 49 1 D1 
23842 65986.70774 70500 2 50 5 B2 
23843 65988.18897 69300 4 49 1 D1 
23844 65990.15373 70200 5 49 2 C2 
23845 65990.50981 71700 3 48 5 C1 
23846 65990.90894 70800 5 49 1 D1 
23847 65996.37445 79200 0 50 1 B2 
23848 65999.22645 72000 1 50 3 B2 
23849 65999.94622 71100 3 49 2 C2 
23850 66001.23831 71700 4 48 5 C1 
23851 66001.70803 72000 2 50 3 B2 
23852 66003.90925 71700 5 48 5 C1 
23853 66004.59779 72000 0 50 3 B2 
23854 66006.02114 70200 4 49 2 C2 
23855 66006.46946 71700 3 48 5 C1 
23856 66008.71687 70200 5 49 2 C2 
23857 66011.3836 72900 3 49 2 C2 
23858 66016.82653 75600 4 49 1 C2 
23859 66022.15367 73500 5 49 1 C2 
23860 66023.3775 70500 1 50 5 B1 
23861 66024.8203 70200 3 49 2 C2 
23862 66025.24252 72900 4 48 1 C1 
23863 66025.89313 70500 1 50 5 B2 
23864 66026.08216 71700 2 50 2 B1 
23865 66027.35433 72000 4 49 2 C2 
23866 66028.37472 70500 2 50 5 B2 
23867 66028.54047 70200 5 48 4 C1 
23868 66030.15987 72900 5 49 2 C2 
23869 66033.63332 72900 3 49 2 D1 
23870 66035.80263 72900 3 48 1 C1 
23871 66036.30006 70200 4 49 2 D1 
23872 66037.36612 70500 0 50 5 B2 
23873 66038.44125 72900 4 48 1 C1 
23874 66038.74493 70200 5 49 2 D1 
23875 66039.88706 70500 1 50 5 B2 
23876 66041.15029 72900 3 48 1 D1 
23877 66041.24258 72900 5 48 2 C1 
23878 66043.905 72900 3 48 2 C1 
23879 66044.65315 72600 4 49 1 D1 
23880 66046.57612 72900 4 48 2 C1 
23881 66047.05778 70500 2 50 5 B2 
23882 66049.72444 70500 0 50 5 B2 
23883 66051.79867 70200 5 48 4 C1 
23884 66052.55979 70500 1 50 5 B2 
23885 66056.29042 70200 5 48 4 D1 
23886 66056.68779 72000 3 49 2 C2 
23887 66057.16609 69900 3 48 3 C1 
23888 66059.48694 72000 4 49 2 C2 
23889 66060.59778 70500 2 50 5 B2 
23890 66064.71696 72000 5 49 2 C2 
23891 66065.70779 70500 0 50 5 B2 
23892 66067.15632 71700 3 49 1 C2 
23893 66067.80274 69900 4 48 3 C1 
23894 66070.02106 70500 4 49 1 C2 
23895 66074.05824 72600 3 49 2 D1 
23896 66076.55974 70500 1 50 5 B2 
23897 66078.05034 70500 5 49 1 C2 
23898 66083.49311 76800 3 49 1 C2 
23899 66085.77481 71700 0 49 3 B1 
23900 66086.15975 73500 4 49 2 C2 
23901 66088.71708 70500 5 49 1 C2 
23902 66089.87587 70500 4 49 2 D1 
23903 66091.48688 70500 3 49 1 C2 
23904 66092.54256 71100 5 49 1 D1 
23905 66094.9831 69900 2 50 4 B2 
23906 66095.17082 70800 0 50 1 A1 
23907 66098.0975 70500 3 49 2 D1 
23908 66102.65935 71700 4 49 1 C2 
23909 66103.37301 71100 4 49 1 D1 
23910 66105.44958 70500 5 49 1 C2 
23911 66108.55978 71700 0 50 2 B2 
23912 66115.48695 70500 3 49 1 C2 
23913 66119.04111 71700 1 50 2 B2 
23914 66119.77502 70500 1 50 5 B1 
23915 66120.82645 70500 4 49 1 C2 
23916 66121.72446 71700 2 50 2 B2 
23917 66123.35446 70500 5 49 1 C2 
23918 66124.59774 71700 0 50 2 B2 
23919 66125.811 70200 3 49 2 C2 
23920 66131.48697 71100 4 49 1 C2 
23921 66134.05024 72900 5 49 2 C2 
23922 66136.68783 71100 3 49 1 C2 
23923 66139.35454 71100 4 49 1 C2 
23924 66142.15966 71100 5 49 1 C2 
23925 66142.53958 71700 2 49 3 B1 
23926 66143.49825 71700 5 48 5 C1 
23927 66144.11738 72000 1 50 3 B2 
23928 66144.71697 70500 3 49 1 C2 
23929 66151.37306 71100 5 49 2 D1 
23930 66155.35453 71100 4 49 1 C2 
23931 66157.76827 70200 5 49 2 C2 
23932 66167.34441 72000 2 50 3 B2 
23933 66176.82645 71100 3 49 1 C2 
23934 66177.99227 72000 53 50 3 T 
23935 66182.05024 71100 4 49 1 C2 
23936 66183.08134 72000 53 50 3 T 
23937 66184.82033 71100 5 49 1 C2 
23938 66187.95708 72000 53 50 3 T 
23939 66190.77418 70500 0 50 5 B2 
23940 66192.71684 69300 3 49 1 C2 
23941 66193.22095 72000 53 50 3 T 
23942 66195.35447 70500 4 49 1 C2 
23943 66198.15972 69300 5 49 1 C2 
23944 66200.6175 73500 3 49 2 C2 
23945 66202.92406 71100 4 49 1 C2 
23946 66205.53711 69300 5 49 1 C2 
23947 66208.04362 69300 3 49 1 C2 
23948 66209.92498 69900 3 48 3 C1 
23949 66212.26737 71100 4 49 1 C2 
23950 66212.70179 70500 1 50 5 B2 
23951 66220.25731 72300 53 49 1 T 
23952 66222.30902 75000 53 49 1 T 
23953 66225.59091 72000 53 49 2 T 
23954 66227.3992 75000 53 49 1 T 
23955 66230.83051 69300 5 49 1 C2 
23956 66232.28804 75300 53 49 2 T 
23957 66233.46804 79500 3 49 2 C2 
23958 66233.59062 72000 53 50 3 T 
23959 66237.40842 75300 53 49 2 T 
23960 66242.70902 72300 53 49 1 T 
23961 66244.27333 76200 4 49 2 C2 
23962 66246.93386 71100 5 49 1 C2 
23963 66247.79915 72300 53 49 1 T 
23964 66249.4864 72600 3 49 2 C2 
23965 66252.68806 72000 53 49 2 T 
23966 66254.9401 72600 4 49 2 C2 
23967 66257.60677 70800 5 49 1 C2 
23968 66257.80848 72000 53 49 2 T 
23969 66260.13456 70800 3 49 1 C2 
23970 66265.78446 71700 2 50 2 B2 
23971 66270.94011 70800 4 49 1 C2 
23972 66281.3558 75300 53 49 2 T 
23973 66284.22912 72000 53 50 3 T 
23974 66294.79728 70800 5 49 1 C2 
23975 66300.16391 71400 3 49 2 C2 
23976 66302.94 70800 4 49 1 C2 
23977 66305.46797 71400 5 49 2 C2 
23978 66308.16383 70800 3 49 1 C2 
23979 66310.88629 79500 4 49 2 C2 
23980 66316.16395 77100 5 49 2 C2 
23981 66332.19113 72300 53 49 1 T 
23982 66337.49726 72900 3 49 1 C2 
23983 66340.00578 72000 53 50 3 T 
23984 66350.87207 73500 4 49 2 C2 
23985 66356.15188 72900 5 49 1 C2 
23986 66361.46808 72900 3 49 1 C2 
23987 66364.26719 70500 4 49 2 C2 
23988 66369.49725 72600 5 49 2 C2 
23989 66372.13481 70500 3 49 2 C2 
23990 66374.9399 70500 4 49 2 C2 
23991 66376.65199 73500 53 49 2 T 
23992 66379.31863 73500 53 49 2 T 
23993 66388.22914 75000 53 49 1 T 
23994 66392.65196 73500 53 50 3 T 
23995 66395.31848 71700 53 50 2 T 
23996 66397.98528 71700 53 49 1 T 
23997 66401.46817 71400 5 49 2 C2 
23998 66403.31839 70500 53 50 5 T 
23999 66405.98519 73200 53 50 2 T 
24000 66406.9587 71100 3 49 1 C2 
24001 66408.65195 69900 53 50 4 T 
24002 66409.9264 70500 4 49 2 C2 
24003 66411.31868 72000 53 50 3 T 
24004 66417.46809 71400 5 49 2 C2 
24005 66420.26725 71400 3 49 2 C2 
24006 66422.81977 75900 4 49 2 C2 
24007 66428.27332 70800 5 49 2 C2 
24008 66429.51712 70200 0 49 2 B1 
24009 66433.46806 71400 3 49 2 C2 
24010 66436.16374 72600 4 49 1 C2 
24011 66436.79211 70200 1 49 2 B1 
24012 66436.82632 71100 53 49 1 T 
24013 66438.93401 70800 5 49 2 C2 
24014 66441.8755 70200 2 49 2 B1 
24015 66444.54239 70200 3 48 4 D1 
24016 66444.79216 70200 0 49 2 B1 
24017 66447.37745 70200 1 49 2 B1 
24018 66447.94846 73500 0 50 3 B2 
24019 66449.98654 72900 4 48 1 D1 
24020 66451.31858 71400 53 49 2 T 
24021 66452.00579 72000 53 49 2 T 
24022 66452.26732 70500 3 49 2 C2 
24023 66452.5255 72600 2 50 4 B1 
24024 66452.70643 69900 5 48 3 D1 
24025 66454.50582 73500 1 50 3 B2 
24026 66454.76413 70800 4 49 1 C2 
24027 66455.19212 79800 0 49 1 B1 
24028 66455.31976 71700 3 48 5 D1 
24029 66455.47074 71700 53 49 3 T 
24030 66457.12523 72900 4 48 1 C1 
24031 66457.98657 70200 4 49 2 D1 
24032 66460.70648 71100 5 49 1 D1 
24033 66460.71078 70200 1 49 2 B1 
24034 66460.80399 69900 53 48 3 T 
24035 66462.5716 72900 5 48 1 C1 
24036 66463.26446 72600 2 50 4 B2 
24037 66463.4155 69900 2 50 4 B1 
24038 66465.2384 72900 3 48 1 C1 
24039 66465.93112 72900 0 50 1 B2 
24040 66466.13729 73500 53 48 5 T 
24041 66468.39488 72900 1 50 1 B2 
24042 66468.65309 71100 3 49 2 D1 
24043 66470.44426 73200 4 48 4 C1 
24044 66471.04112 72600 2 50 4 B2 
24045 66471.20933 71100 4 49 1 D1 
24046 66471.47067 71700 53 48 5 T 
24047 66473.60677 71100 5 49 1 C2 
24048 66473.70774 69900 0 50 4 B2 
24049 66473.86671 73500 1 50 3 A1 
24050 66474.13729 73200 53 48 3 T 
24051 66475.90922 73200 5 48 3 C1 
24052 66476.05597 79800 3 49 2 C2 
24053 66476.59778 69900 1 50 4 B2 
24054 66478.4693 73200 3 48 4 C1 
24055 66478.59716 70500 4 49 2 C2 
24056 66479.7534 72900 2 50 5 A1 
24057 66481.13603 73200 4 48 3 C1 
24058 66481.14176 72600 5 49 1 C2 
24059 66481.89312 72600 2 50 4 B2 
24060 66481.9866 71100 5 49 2 D1 
24061 66482.76612 70200 0 49 2 B1 
24062 66483.18006 72900 0 50 1 A1 
24063 66483.58744 70500 3 49 2 C2 
24064 66483.77462 80100 5 48 4 C1 
24065 66484.55979 69900 0 50 4 B2 
24066 66486.5717 73200 3 48 3 C1 
24067 66486.57433 70500 1 50 5 A1 
24068 66487.04138 72900 1 50 1 B2 
24069 66487.75845 71100 4 49 1 C2 
24070 66489.54806 70500 2 50 5 A1 
24071 66489.62285 70200 53 49 2 T 
24072 66490.55768 70500 5 49 2 C2 
24073 66491.77474 77400 4 48 2 C1 
24074 66492.78451 73500 53 49 1 T 
24075 66492.95062 71700 0 50 2 A1 
24076 66493.12094 71100 3 49 1 C2 
24077 66493.51717 70200 1 49 2 B1 
24078 66496.48561 72600 1 50 4 A1 
24079 66498.04417 70200 2 49 2 B1 
24080 66498.56398 71100 4 49 1 C2 
24081 66498.59612 72000 2 50 3 B2 
24082 66499.72251 72000 2 50 3 A1 
24083 66502.69445 73200 0 50 2 A1 
24084 66505.85584 72000 1 50 3 A1 
24085 66506.08216 70200 0 49 2 B1 
24086 66506.45898 73200 53 48 4 T 
24087 66506.59608 71700 0 50 2 B2 
24088 66508.54592 72900 1 50 5 B1 
24089 66508.70634 72900 3 48 2 D1 
24090 66508.79862 69900 2 50 4 A1 
24091 66509.23058 70800 5 49 2 C2 
24092 66511.20878 70200 2 49 2 B1 
24093 66511.43089 70200 4 49 2 D1 
24094 66511.60427 70500 3 49 2 C2 
24095 66512.55623 70500 0 50 5 A1 
24096 66513.24265 73500 5 48 5 C1 
24097 66513.7078 71700 1 50 2 B2 
24098 66513.98651 70800 5 49 2 D1 
24099 66514.08212 70200 0 49 2 B1 
24100 66514.42518 71100 4 49 1 C2 
24101 66516.65318 73500 3 48 5 D1 
24102 66518.44146 70200 3 48 4 C1 
24103 66519.19217 72900 1 50 1 B1 
24104 66521.10793 70200 4 48 4 C1 
24105 66522.08211 70200 2 49 2 B1 
24106 66523.90924 70200 5 48 4 C1 
24107 66524.39107 72900 2 50 5 B2 
24108 66524.70645 70800 4 49 2 D1 
24109 66526.46933 70200 3 48 4 C1 
24110 66527.05779 72900 0 50 5 B2 
24111 66529.10814 70200 4 48 4 C1 
24112 66529.70778 72900 1 50 5 B2 
24113 66530.03982 70200 5 49 2 D1 
24114 66530.45438 70800 5 49 2 C2 
24115 66531.90932 73500 5 48 5 C1 
24116 66532.55978 80100 2 50 3 B2 
24117 66532.76416 72300 3 49 1 D1 
24118 66532.89374 73500 3 49 2 C2 
24119 66534.44131 70200 3 48 4 C1 
24120 66535.26446 73500 0 50 3 B2 
24121 66535.34002 70800 4 49 2 C2 
24122 66537.23827 70200 4 48 4 C1 
24123 66537.71713 71700 1 50 2 B2 
24124 66537.78045 71100 5 49 1 C2 
24125 66538.0976 71100 4 49 1 D1 
24126 66539.77458 70200 5 48 4 C1 
24127 66540.59778 71700 2 50 2 B2 
24128 66542.7719 71700 3 49 1 C2 
24129 66543.06155 71700 0 50 2 B2 
24130 66544.0995 71700 0 49 3 B1 
24131 66545.30997 71700 4 49 1 C2 
24132 66546.72545 71700 1 49 3 B1 
24133 66547.90502 70200 3 48 4 C1 
24134 66550.57597 70200 4 48 4 C1 
24135 66551.4155 70200 2 49 2 B1 
24136 66553.86813 71700 0 49 3 B1 
24137 66554.96478 70800 5 49 2 C2 
24138 66557.52201 71700 3 49 1 C2 
24139 66560.04112 79200 1 50 1 B2 
24140 66561.176 70800 1 50 1 A1 
24141 66562.04412 70200 1 49 2 B1 
24142 66562.85538 71700 4 49 1 C2 
24143 66566.4694 71700 5 48 5 C1 
24144 66566.50933 70800 2 50 1 A1 
24145 66569.1361 71700 3 48 5 C1 
24146 66569.8755 71700 2 50 2 B1 
24147 66570.09751 70500 5 49 2 D1 
24148 66570.95862 72600 5 49 1 C2 
24149 66572.71083 72000 0 50 3 B1 
24150 66575.0578 72000 2 50 3 B2 
24151 66575.19237 70200 1 49 2 B1 
24152 66579.13743 70200 2 49 2 B1 
24153 66579.63452 70800 3 49 2 C2 
24154 66579.90515 69900 4 48 3 C1 
24155 66580.65309 70500 3 49 2 D1 
24156 66582.57586 71700 5 48 5 C1 
24157 66583.19211 70200 0 49 2 B1 
24158 66583.22646 72000 0 50 3 B2 
24159 66585.23837 71700 3 48 5 C1 
24160 66585.72445 73200 1 50 2 B2 
24161 66585.87578 70800 4 49 1 D1 
24162 66587.77055 69900 4 48 3 C1 
24163 66589.63134 72600 4 49 1 C2 
24164 66591.22646 73200 2 50 2 B2 
24165 66592.15944 71700 5 49 1 C2 
24166 66593.13599 71700 5 48 5 C1 
24167 66593.72444 72000 0 50 3 B2 
24168 66594.85527 79500 3 49 1 C2 
24169 66595.905 69900 3 48 3 C1 
24170 66596.59779 73200 1 50 2 B2 
24171 66597.63148 78900 4 49 1 C2 
24172 66599.05046 72000 2 50 3 B2 
24173 66600.15951 72600 5 49 1 C2 
24174 66601.23828 69900 4 48 3 C1 
24175 66601.87588 70800 5 49 1 D1 
24176 66604.37445 72000 0 50 3 B2 
24177 66604.5255 71700 1 49 3 B1 
24178 66605.494 71100 3 49 1 C2 
24179 66609.24259 73500 5 48 5 C1 
24180 66610.95861 76200 4 49 2 C2 
24181 66611.8027 69900 3 48 3 C1 
24182 66612.74878 71700 2 49 3 B1 
24183 66613.36608 70500 1 50 5 B2 
24184 66614.21318 72900 4 48 1 C1 
24185 66618.11043 72600 5 49 1 C2 
24186 66620.54256 72900 3 49 1 D1 
24187 66621.36612 70500 2 50 5 B2 
24188 66623.4155 70800 0 50 1 B1 
24189 66626.82621 72000 3 49 2 C2 
24190 66629.63143 72000 4 49 2 C2 
24191 66633.44498 73200 5 48 4 C1 
24192 66633.96096 69900 0 50 4 B2 
24193 66634.04417 72000 1 50 3 B1 
24194 66636.50545 73200 4 48 4 D1 
24195 66637.44067 70800 1 50 1 B2 
24196 66637.71194 70200 2 49 2 B1 
24197 66639.74281 70800 2 50 1 B2 
24198 66639.96485 70200 5 49 2 D1 
24199 66642.14723 70800 0 50 1 B2 
24200 66644.54212 71700 0 49 3 B1 
24201 66644.60754 70800 1 50 1 B2 
24202 66645.62535 72000 5 49 2 C2 
24203 66646.57163 72900 3 48 2 C1 
24204 66647.26446 70800 2 50 1 B2 
24205 66647.90695 73500 3 49 2 D1 
24206 66648.29207 71400 3 49 2 C2 
24207 66649.24252 72900 4 48 2 C1 
24208 66649.89312 70800 0 50 1 B2 
24209 66652.3747 70800 1 50 1 B2 
24210 66653.52192 72000 4 49 2 C2 
24211 66653.77998 70200 4 48 4 D1 
24212 66654.57584 72900 5 48 2 C1 
24213 66655.04113 70500 2 50 5 B2 
24214 66656.18849 71400 5 49 2 C2 
24215 66657.72446 79800 0 50 2 B2 
24216 66658.8261 72000 3 49 2 C2 
24217 66660.39112 70800 1 50 1 B2 
24218 66661.49283 72000 4 49 2 C2 
24219 66663.90702 72900 5 49 2 D1 
24220 66664.29206 71400 5 49 2 C2 
24221 66666.61508 70500 2 50 5 B2 
24222 66671.28143 71700 3 49 3 D1 
24223 66672.29807 71400 3 49 2 C2 
24224 66673.13607 71700 3 48 5 C1 
24225 66676.5255 70500 1 50 5 B1 
24226 66682.57373 72000 4 49 2 D1 
24227 66685.28179 70500 0 50 5 B2 
24228 66689.70779 70500 1 50 5 B2 
24229 66693.62541 71400 4 49 2 C2 
24230 66695.12798 73200 5 48 3 D1 
24231 66696.18856 71100 5 49 2 C2 
24232 66698.61651 71700 3 49 1 C2 
24233 66698.72706 71700 3 49 1 D1 
24234 66700.38375 70500 2 50 5 B2 
24235 66700.74883 70500 2 50 5 B1 
24236 66701.63145 71100 4 49 2 C2 
24237 66702.94359 71700 0 50 2 B2 
24238 66705.92043 70500 1 50 5 B2 
24239 66706.96488 71100 5 49 2 C2 
24240 66709.49281 71100 3 49 2 C2 
24241 66709.50415 72600 4 49 1 D1 
24242 66710.64826 70500 2 50 5 B2 
24243 66712.15106 71700 0 49 3 B1 
24244 66712.29201 71400 4 49 2 C2 
24245 66713.14788 70500 0 50 5 B2 
24246 66714.95862 71400 5 49 2 C2 
24247 66717.49265 71100 3 49 2 C2 
24248 66720.17094 70200 5 49 2 D1 
24249 66722.9649 71100 4 49 2 C2 
24250 66725.85046 76200 1 50 5 B2 
24251 66728.90879 70500 2 50 5 B2 
24252 66730.85524 71100 5 49 2 C2 
24253 66738.83759 71100 3 49 1 D1 
24254 66740.85267 71700 4 48 5 C1 
24255 66744.15947 70500 3 49 1 C2 
24256 66746.00643 72000 0 50 3 B2 
24257 66753.85883 70500 1 50 5 B1 
24258 66754.96487 71100 4 49 2 C2 
24259 66757.52193 77700 5 49 1 C2 
24260 66760.18865 70500 3 49 1 C2 
24261 66760.22422 73500 4 49 2 D1 
24262 66762.96478 71100 4 49 2 C2 
24263 66765.30854 72600 5 49 1 C2 
24264 66768.59958 72000 1 50 3 B2 
24265 66770.399 70500 3 49 1 C2 
24266 66770.94853 71100 5 49 1 D1 
24267 66777.99227 72900 53 48 1 T 
24268 66781.63142 71100 4 49 2 C2 
24269 66783.08134 72900 53 48 1 T 
24270 66784.18867 70500 5 49 1 C2 
24271 66784.28201 73500 3 49 1 D1 
24272 66787.95708 75600 53 50 4 T 
24273 66792.15945 70500 3 49 1 C2 
24274 66793.05901 75600 53 50 4 T 
24275 66797.61537 70500 4 49 1 D1 
24276 66798.39227 72900 53 48 2 T 
24277 66802.95865 72300 4 49 1 C2 
24278 66803.48134 72900 53 48 2 T 
24279 66808.15952 70500 5 49 1 C2 
24280 66808.35708 72900 53 50 5 T 
24281 66813.45901 72900 53 50 5 T 
24282 66817.53615 72600 53 50 4 T 
24283 66818.79227 75900 53 48 1 T 
24284 66818.85526 70500 3 49 1 C2 
24285 66820.50987 72900 53 49 1 T 
24286 66821.522 70500 4 49 1 C2 
24287 66822.30902 72900 53 49 2 T 
24288 66823.88134 75900 53 48 1 T 
24289 66826.83755 70500 5 49 1 D1 
24290 66827.39919 72900 53 49 2 T 
24291 66828.75708 72900 53 50 1 T 
24292 66829.34128 72900 5 48 2 C1 
24293 66829.63145 70500 5 49 1 C2 
24294 66832.28805 72600 53 49 2 T 
24295 66832.29799 72300 3 49 1 C2 
24296 66833.53618 72600 53 49 1 T 
24297 66833.85901 72900 53 50 1 T 
24298 66837.39356 71400 3 49 2 D1 
24299 66837.40843 72600 53 49 2 T 
24300 66837.52196 70500 4 49 1 C2 
24301 66839.19227 72600 53 50 4 T 
24302 66842.709 75900 53 49 2 T 
24303 66842.82623 72300 5 49 1 C2 
24304 66844.28134 72600 53 50 4 T 
24305 66847.79916 75900 53 49 2 T 
24306 66848.29198 72300 3 49 1 C2 
24307 66849.24596 70500 2 50 5 B2 
24308 66852.68807 72900 53 49 1 T 
24309 66856.29202 73500 4 49 1 C2 
24310 66857.80848 72900 53 49 1 T 
24311 66861.63145 71100 5 49 1 C2 
24312 66863.10902 75900 53 49 1 T 
24313 66868.19917 75900 53 49 1 T 
24314 66869.49282 76500 3 49 2 C2 
24315 66872.15953 73500 4 49 1 C2 
24316 66872.194 70500 0 50 5 B2 
24317 66873.08802 75600 53 49 1 T 
24318 66876.25711 72900 53 49 2 T 
24319 66878.20844 75600 53 49 1 T 
24320 66880.18856 73500 5 49 1 C2 
24321 66882.76553 70500 2 50 5 B1 
24322 66883.50897 72600 53 49 1 T 
24323 66884.02245 75900 53 48 1 T 
24324 66886.68911 75600 53 50 4 T 
24325 66888.59917 72600 53 49 1 T 
24326 66889.59056 72900 53 48 1 T 
24327 66892.56444 72900 53 50 1 T 
24328 66893.52183 71100 3 49 1 C2 
24329 66894.73938 70500 1 50 5 B2 
24330 66896.15945 72300 4 49 1 C2 
24331 66904.29209 71100 5 49 1 C2 
24332 66909.5759 71100 3 49 1 C2 
24333 66915.67743 72600 53 49 2 T 
24334 66918.14574 70500 2 50 5 B2 
24335 66920.18857 72900 4 49 2 C2 
24336 66921.5362 72600 53 49 2 T 
24337 66922.5805 76200 5 49 1 C2 
24338 66928.29198 71100 3 49 1 C2 
24339 66930.82612 71100 4 49 1 C2 
24340 66932.19113 72900 53 49 1 T 
24341 66933.62544 71100 5 49 1 C2 
24342 66937.52445 72900 53 48 2 T 
24343 66942.85778 72900 53 50 5 T 
24344 66950.86931 72900 53 48 2 T 
24345 66952.29197 71100 3 49 1 C2 
24346 66954.96485 72900 4 49 2 C2 
24347 66960.29822 72900 5 49 2 C2 
24348 66976.18858 79800 3 49 2 C2 
24349 66977.59078 72900 53 50 5 T 
24350 66979.3186 70500 53 49 1 T 
24351 66981.62532 79800 4 49 1 C2 
24352 66981.98532 71100 53 49 1 T 
24353 66984.0224 72300 5 49 1 C2 
24354 66984.652 72000 53 49 2 T 
24355 66985.56247 75900 53 49 1 T 
24356 66986.55051 72900 3 49 1 C2 
24357 66989.09145 76500 4 49 1 C2 
24358 66990.89579 72900 53 48 1 T 
24359 66992.65191 70200 53 49 2 T 
24360 66994.96478 72900 5 49 1 C2 
24361 66997.98499 70500 53 50 5 T 
24362 67000.65199 72000 53 50 3 T 
24363 67002.85533 70800 3 49 1 C2 
24364 67005.62518 75300 4 49 2 C2 
24365 67006.89579 72600 53 50 4 T 
24366 67008.29807 72900 5 49 1 C2 
24367 67018.85534 70800 3 49 1 C2 
24368 67021.49275 70800 4 49 1 C2 
24369 67026.74712 70200 0 49 2 B1 
24370 67032.41833 72600 4 49 2 D1 
24371 67036.00579 72900 53 49 2 T 
24372 67037.49281 70800 5 49 1 C2 
24373 67040.05883 70200 1 49 2 B1 
24374 67040.18861 70800 3 49 1 C2 
24375 67040.28199 72900 5 48 1 D1 
24376 67042.45888 70200 2 49 2 B1 
24377 67042.83749 73200 3 48 4 D1 
24378 67042.96474 70800 4 49 1 C2 
24379 67044.88865 70200 0 49 2 B1 
24380 67045.41393 71100 5 49 1 C2 
24381 67045.50419 71700 4 48 5 D1 
24382 67045.9852 70500 53 49 2 T 
24383 67047.34105 70200 1 49 2 B1 
24384 67048.17079 72900 5 48 2 D1 
24385 67048.29197 70800 3 49 1 C2 
24386 67050.04411 70200 2 49 2 B1 
24387 67050.72705 70200 3 49 2 D1 
24388 67052.18538 72000 0 50 3 B2 
24389 67052.54216 70200 0 49 2 B1 
24390 67053.61538 71700 4 48 5 D1 
24391 67053.63134 70800 4 49 1 C2 
24392 67054.57599 72900 3 48 2 C1 
24393 67054.8521 72000 1 50 3 B2 
24394 67055.3775 72900 1 50 1 B1 
24395 67055.47092 70200 53 49 2 T 
24396 67056.18859 70800 5 49 1 C2 
24397 67057.108 72900 4 48 2 C1 
24398 67057.33911 72900 53 50 1 T 
24399 67057.8755 73500 2 50 3 B1 
24400 67058.83766 70200 5 49 2 D1 
24401 67059.80267 72900 5 48 2 C1 
24402 67059.82545 72000 2 50 3 B2 
24403 67060.54211 70200 0 49 2 B1 
24404 67061.61543 72000 3 49 2 D1 
24405 67062.44134 71700 3 48 5 C1 
24406 67064.06025 73500 4 48 5 D1 
24407 67067.04071 71100 3 49 1 C2 
24408 67067.52042 72900 0 50 1 B2 
24409 67067.77459 72900 4 48 2 C1 
24410 67068.80391 70200 53 48 4 T 
24411 67069.98367 72600 4 49 2 C2 
24412 67069.98418 72900 1 50 1 B2 
24413 67070.57608 79200 5 48 3 C1 
24414 67072.22424 72300 5 49 1 D1 
24415 67073.24245 72900 3 48 1 C1 
24416 67074.72714 70500 3 49 1 D1 
24417 67074.85527 70800 5 49 1 C2 
24418 67075.31371 72900 2 50 1 B2 
24419 67075.90906 72900 4 48 2 C1 
24420 67077.55768 70200 4 49 2 D1 
24421 67077.62529 72600 3 49 2 C2 
24422 67078.1491 72000 0 50 3 B2 
24423 67078.4694 72900 5 48 1 C1 
24424 67078.50621 72900 0 50 1 A1 
24425 67080.1595 72600 4 49 2 C2 
24426 67080.19211 71700 1 49 3 B1 
24427 67080.63069 72900 1 50 1 B2 
24428 67081.10388 72900 3 48 1 C1 
24429 67083.94345 70800 1 50 1 A1 
24430 67084.7997 72300 53 49 1 T 
24431 67086.18709 73500 2 50 3 B2 
24432 67086.46932 72900 4 48 1 C1 
24433 67088.27885 75600 53 49 1 T 
24434 67090.53265 71700 2 50 2 A1 
24435 67090.83243 73500 0 50 3 B2 
24436 67092.94239 73500 1 50 3 B2 
24437 67093.47284 73200 0 50 2 A1 
24438 67093.49284 70800 5 49 2 C2 
24439 67095.3775 71700 2 49 3 B1 
24440 67096.29199 70800 3 49 2 C2 
24441 67096.40617 72600 1 50 4 A1 
24442 67098.74717 71700 0 49 3 B1 
24443 67099.34895 70500 2 50 5 A1 
24444 67101.9019 72900 4 49 2 C2 
24445 67102.84362 70500 0 50 5 A1 
24446 67102.96372 70500 2 50 5 B2 
24447 67103.48335 71700 1 49 3 B1 
24448 67104.46562 70800 5 49 2 C2 
24449 67106.08211 71700 2 49 3 B1 
24450 67106.32884 72000 1 50 3 A1 
24451 67109.29572 71700 2 50 2 A1 
24452 67109.55753 71700 5 49 3 D1 
24453 67110.46941 73200 5 48 3 C1 
24454 67111.21255 70200 0 49 2 B1 
24455 67112.06036 70800 3 49 1 D1 
24456 67112.2981 70800 3 49 2 C2 
24457 67112.7386 70800 0 50 1 A1 
24458 67113.23837 73200 3 48 3 C1 
24459 67114.04411 71700 1 49 3 B1 
24460 67114.72704 70200 4 48 4 D1 
24461 67114.85512 70800 4 49 2 C2 
24462 67115.90511 73200 4 48 3 C1 
24463 67115.9755 72900 1 50 5 A1 
24464 67118.96376 70500 0 50 5 B2 
24465 67120.15949 70800 5 49 2 C2 
24466 67121.13633 71700 5 48 5 C1 
24467 67121.51974 72000 1 50 3 B2 
24468 67122.04417 72000 2 50 3 B1 
24469 67122.9487 71700 5 49 3 D1 
24470 67123.71495 72900 3 49 1 C2 
24471 67123.80262 71700 3 48 5 C1 
24472 67125.50419 72900 3 49 2 D1 
24473 67126.21101 72000 2 50 3 B2 
24474 67126.44133 71700 4 48 5 C1 
24475 67126.52459 70800 4 49 2 C2 
24476 67128.22415 73200 4 48 3 D1 
24477 67128.67681 72900 0 50 5 B2 
24478 67129.13599 71700 5 48 5 C1 
24479 67130.822 72600 5 49 2 C2 
24480 67131.90492 71700 3 48 5 C1 
24481 67134.1871 72900 1 50 5 B2 
24482 67136.17096 73500 5 49 2 D1 
24483 67136.65086 72900 2 50 5 B2 
24484 67137.23838 71700 4 48 5 C1 
24485 67139.90928 71700 5 48 5 C1 
24486 67142.44124 71700 3 48 5 C1 
24487 67144.29805 70800 3 49 2 C2 
24488 67144.64708 72000 0 50 3 B2 
24489 67147.1346 75900 53 49 2 T 
24490 67149.62541 70200 4 49 2 C2 
24491 67150.44127 71700 4 48 5 C1 
24492 67154.08217 71700 0 49 3 B1 
24493 67154.9648 70200 5 49 2 C2 
24494 67157.05828 73500 2 50 3 A1 
24495 67157.49278 70200 3 49 2 C2 
24496 67164.52545 71700 1 49 3 B1 
24497 67165.49269 70200 4 49 2 C2 
24498 67166.95538 72600 1 50 4 B2 
24499 67169.85883 72900 2 50 5 B1 
24500 67172.71078 71700 0 49 3 B1 
24501 67173.55753 71100 3 49 1 D1 
24502 67174.1871 70500 2 50 5 B2 
24503 67174.4361 70200 5 48 4 C1 
24504 67176.85377 72600 0 50 4 B2 
24505 67178.95862 70200 5 49 2 C2 
24506 67179.77471 70200 3 48 4 C1 
24507 67181.52186 70200 3 49 2 C2 
24508 67181.98042 70500 1 50 5 B2 
24509 67182.57599 73200 4 48 4 C1 
24510 67184.28188 70800 4 49 2 D1 
24511 67184.81576 72600 2 50 4 B2 
24512 67185.2383 70200 5 48 4 C1 
24513 67186.08217 72000 1 50 3 B1 
24514 67187.29736 72600 0 50 4 B2 
24515 67187.77452 73500 3 48 5 C1 
24516 67189.63152 70200 4 49 2 C2 
24517 67190.18704 70500 1 50 5 B2 
24518 67190.57584 70200 4 48 4 C1 
24519 67192.17095 71100 5 49 1 D1 
24520 67192.29816 70200 5 49 2 C2 
24521 67193.23828 73500 5 48 5 C1 
24522 67195.80277 73500 3 48 5 C1 
24523 67196.28876 71700 2 50 2 B2 
24524 67197.62532 70800 3 49 2 C2 
24525 67198.81092 70500 0 50 5 B2 
24526 67200.29817 73500 4 49 2 C2 
24527 67201.24257 73200 4 48 3 C1 
24528 67202.85518 70200 5 49 2 C2 
24529 67204.22914 72600 53 49 1 T 
24530 67206.28796 70500 1 50 5 B2 
24531 67208.87726 70500 2 50 5 B2 
24532 67211.90497 75900 5 48 1 C1 
24533 67213.52189 71100 3 49 1 C2 
24534 67216.29195 71100 4 49 1 C2 
24535 67222.87105 70800 0 50 1 B2 
24536 67226.83754 73500 3 49 2 D1 
24537 67226.95854 71100 5 49 1 C2 
24538 67227.2971 75600 1 50 4 B2 
24539 67229.86701 72900 2 50 1 B2 
24540 67232.15945 71100 3 49 1 C2 
24541 67233.96291 72900 3 48 1 C1 
24542 67235.2971 71700 0 50 2 B2 
24543 67237.39367 71100 4 49 2 D1 
24544 67238.18709 79200 1 50 1 B2 
24545 67240.06028 71100 5 49 2 D1 
24546 67240.63973 71700 2 50 2 B2 
24547 67241.85883 70500 2 50 5 B1 
24548 67242.85533 71100 4 49 1 C2 
24549 67243.48242 71700 0 50 2 B2 
24550 67245.63141 73500 5 49 2 C2 
24551 67246.8711 70800 1 50 1 B2 
24552 67248.29808 73500 3 49 2 C2 
24553 67248.7288 71700 0 49 3 B1 
24554 67249.23783 70800 2 50 1 B2 
24555 67250.85533 71100 4 49 1 C2 
24556 67250.94869 72900 3 49 1 D1 
24557 67254.1871 71700 0 50 2 B2 
24558 67254.4694 73200 4 48 4 C1 
24559 67256.85375 71700 1 50 2 B2 
24560 67259.77467 73200 5 48 4 C1 
24561 67261.49273 71100 5 49 1 C2 
24562 67261.98042 71700 2 50 2 B2 
24563 67264.18861 71100 3 49 1 C2 
24564 67264.81576 71700 0 50 2 B2 
24565 67266.82611 71100 4 49 1 C2 
24566 67267.9092 73200 3 48 4 C1 
24567 67271.47368 72000 1 50 3 B1 
24568 67274.96477 71100 5 49 1 C2 
24569 67277.65265 72000 0 50 3 A1 
24570 67278.85883 72900 1 50 5 B2 
24571 67284.71083 71700 2 50 2 B1 
24572 67285.61531 72600 4 49 1 D1 
24573 67288.29799 71100 3 49 1 C2 
24574 67290.74719 70800 4 49 2 C2 
24575 67293.28714 71100 5 49 1 C2 
24576 67293.55758 71700 5 49 1 D1 
24577 67293.98037 70800 2 50 1 B2 
24578 67296.15952 71100 3 49 1 C2 
24579 67296.22419 71700 3 49 1 D1 
24580 67296.63043 73200 0 50 2 B2 
24581 67298.85527 71100 4 49 1 C2 
24582 67299.52042 73200 1 50 2 B2 
24583 67300.54217 71700 0 50 2 B1 
24584 67301.90026 72900 2 50 5 B2 
24585 67304.15956 71100 5 49 1 C2 
24586 67304.66828 73200 0 50 2 B2 
24587 67306.85523 71100 3 49 1 C2 
24588 67309.39371 70500 4 49 2 D1 
24589 67309.96375 70800 1 50 1 B2 
24590 67314.95862 71100 4 49 1 C2 
24591 67315.48242 70800 2 50 1 B2 
24592 67320.292 73500 5 49 2 C2 
24593 67320.85376 70800 0 50 1 B2 
24594 67321.92568 73500 4 48 5 C1 
24595 67322.82617 73500 3 49 2 C2 
24596 67325.52187 79800 4 49 2 C2 
24597 67328.16856 70800 5 49 1 D1 
24598 67332.71477 72000 1 50 3 B2 
24599 67340.74883 70800 1 50 1 B1 
24600 67344.85981 70200 5 48 4 C1 
24601 67346.85517 70500 5 49 2 C2 
24602 67349.50424 71100 3 49 1 D1 
24603 67354.83758 71100 4 49 1 D1 
24604 67354.96476 70500 3 49 2 C2 
24605 67355.66258 72000 2 50 3 B2 
24606 67357.62539 70500 4 49 2 C2 
24607 67359.3775 70800 2 50 1 B1 
24608 67360.15944 73500 5 49 2 C2 
24609 67362.95878 70500 3 49 2 C2 
24610 67365.49278 71100 4 49 1 C2 
24611 67365.55756 71100 5 49 1 D1 
24612 67370.96474 70500 5 49 2 C2 
24613 67373.6254 70500 3 49 2 C2 
24614 67376.10422 70800 3 49 2 D1 
24615 67378.01144 72600 0 50 4 B2 
24616 67378.22983 72600 0 50 4 B1 
24617 67380.14205 73500 53 48 5 T 
24618 67381.48763 70500 4 49 2 C2 
24619 67382.85901 73500 53 48 5 T 
24620 67388.19227 73200 53 48 3 T 
24621 67393.28134 73200 53 48 3 T 
24622 67398.15708 73200 53 50 2 T 
24623 67402.94864 71400 4 49 2 D1 
24624 67403.25901 73200 53 50 2 T 
24625 67405.52191 75000 5 49 1 C2 
24626 67408.15934 76800 3 49 1 C2 
24627 67408.59227 73500 53 50 3 T 
24628 67412.74883 73200 1 50 2 B1 
24629 67413.61521 71400 5 49 2 D1 
24630 67413.63154 72000 4 49 2 C2 
24631 67413.68134 73500 53 50 3 T 
24632 67416.29197 70500 5 49 2 C2 
24633 67418.55708 73200 53 48 4 T 
24634 67421.62532 70500 3 49 2 C2 
24635 67422.08807 76500 53 49 1 T 
24636 67422.81622 73500 53 48 5 T 
24637 67423.65901 73200 53 48 4 T 
24638 67424.29818 72000 4 49 2 C2 
24639 67426.89066 72000 5 49 2 C2 
24640 67427.20845 76500 53 49 1 T 
24641 67428.20277 73500 53 49 2 T 
24642 67428.99227 76200 53 50 5 T 
24643 67432.50899 73500 53 49 1 T 
24644 67434.08134 76200 53 50 5 T 
24645 67434.95863 72000 3 49 2 C2 
24646 67436.25737 73200 53 48 4 T 
24647 67437.52192 72000 4 49 2 C2 
24648 67437.5992 73500 53 49 1 T 
24649 67442.48806 76200 53 49 2 T 
24650 67446.27558 70800 1 50 1 B2 
24651 67447.60843 76200 53 49 2 T 
24652 67452.909 76200 53 49 2 T 
24653 67457.99916 76200 53 49 2 T 
24654 67458.95854 71100 5 49 1 C2 
24655 67462.88807 76500 53 49 2 T 
24656 67468.00848 76500 53 49 2 T 
24657 67469.52198 71100 3 49 1 C2 
24658 67472.29808 70500 4 49 1 C2 
24659 67473.30898 73500 53 49 2 T 
24660 67476.02245 73500 53 50 3 T 
24661 67477.52201 70500 5 49 1 C2 
24662 67478.39922 73500 53 49 2 T 
24663 67478.67246 76500 53 49 2 T 
24664 67478.92422 73200 53 50 2 T 
24665 67483.28802 73500 53 49 2 T 
24666 67484.25727 73500 53 49 2 T 
24667 67485.63141 72000 3 49 2 C2 
24668 67486.67245 73200 53 48 4 T 
24669 67488.15945 70500 4 49 1 C2 
24670 67488.40844 73500 53 49 2 T 
24671 67489.59042 73500 53 50 3 T 
24672 67490.85535 71100 5 49 1 C2 
24673 67492.58614 73500 53 49 1 T 
24674 67493.49275 71100 3 49 1 C2 
24675 67493.70901 76200 53 49 1 T 
24676 67498.79917 76200 53 49 1 T 
24677 67520.298 76800 4 49 1 C2 
24678 67522.95861 75900 5 49 1 C2 
24679 67524.20288 73200 53 48 3 T 
24680 67532.02247 73500 53 49 2 T 
24681 67533.49285 72900 3 49 2 C2 
24682 67537.52445 73200 53 50 2 T 
24683 67538.85528 71100 4 49 1 C2 
24684 67540.02245 73500 53 48 5 T 
24685 67541.29465 70500 5 49 2 C2 
24686 67541.76475 73500 3 49 1 D1 
24687 67543.63699 70500 3 49 1 C2 
24688 67546.13295 71100 4 49 1 C2 
24689 67548.57871 71100 5 49 1 C2 
24690 67550.94429 71100 3 49 1 C2 
24691 67555.96311 72900 4 49 2 C2 
24692 67573.98526 71100 53 49 2 T 
24693 67576.68881 72600 5 49 2 C2 
24694 67581.98525 71100 53 49 1 T 
24695 67584.652 72900 53 49 2 T 
24696 67584.79839 71100 3 49 1 C2 
24697 67587.18791 79500 4 49 1 C2 
24698 67587.3185 70500 53 50 5 T 
24699 67589.98533 72000 53 50 3 T 
24700 67590.89579 76200 53 50 5 T 
24701 67592.6519 72600 53 49 1 T 
24702 67592.79239 72600 5 49 2 C2 
24703 67593.52447 76200 53 49 2 T 
24704 67597.99309 72900 3 49 2 C2 
24705 67598.85778 73200 53 48 3 T 
24706 67600.65173 72600 53 50 4 T 
24707 67600.65976 71100 4 49 1 C2 
24708 67603.41037 72900 5 49 2 C2 
24709 67608.65197 72900 53 50 5 T 
24710 67608.65975 72600 3 49 2 C2 
24711 67611.31855 72900 53 50 1 T 
24712 67611.45904 72600 4 49 2 C2 
24713 67613.85613 72000 5 49 2 C2 
24714 67616.79832 72600 3 49 2 C2 
24715 67621.59869 72600 4 49 2 D1 
24716 67635.32634 70800 4 49 1 C2 
24717 67637.5255 71700 2 49 3 B1 
24718 67637.98532 70800 53 49 2 T 
24719 67638.31624 70500 5 49 1 C2 
24720 67640.06032 73200 5 48 4 D1 
24721 67640.65197 71100 53 49 1 T 
24722 67642.62572 71700 0 49 3 B1 
24723 67642.94858 73200 3 48 3 D1 
24724 67643.31864 70800 53 49 1 T 
24725 67643.35556 72600 3 49 2 C2 
24726 67644.98912 71700 1 49 3 B1 
24727 67646.13181 70800 4 49 1 C2 
24728 67647.48146 71700 2 49 3 B1 
24729 67648.28186 71700 4 48 5 D1 
24730 67648.65189 72600 53 49 2 T 
24731 67648.79224 70800 5 49 1 C2 
24732 67650.13437 71700 0 49 3 B1 
24733 67650.13759 70200 53 49 2 T 
24734 67650.48385 70800 53 50 1 T 
24735 67652.18543 71700 2 50 2 B2 
24736 67652.56992 71700 1 50 2 B1 
24737 67654.1256 73500 3 49 2 C2 
24738 67654.89581 76200 53 49 2 T 
24739 67655.21765 71700 2 49 3 B1 
24740 67656.22423 73500 5 48 5 D1 
24741 67656.79225 72900 4 49 2 C2 
24742 67657.13611 73500 3 48 5 C1 
24743 67657.51872 71700 0 50 2 B2 
24744 67658.09099 79800 0 49 1 B1 
24745 67658.94857 71700 3 48 5 D1 
24746 67659.46512 73500 5 49 2 C2 
24747 67659.89881 71700 1 50 2 B2 
24748 67659.9092 73500 4 48 5 C1 
24749 67661.39375 71700 4 49 3 D1 
24750 67662.01022 73500 3 49 2 C2 
24751 67662.42386 71700 2 50 2 B2 
24752 67662.46923 73500 5 48 5 C1 
24753 67664.17103 71700 5 49 3 D1 
24754 67665.1766 73500 3 48 5 C1 
24755 67666.89096 71400 3 49 2 D1 
24756 67667.31377 71700 0 50 2 B2 
24757 67669.39367 72300 4 49 1 D1 
24758 67669.98043 71700 1 50 2 B2 
24759 67670.57183 73200 4 48 4 C1 
24760 67672.28209 72900 5 49 1 D1 
24761 67673.23828 77400 5 48 2 C1 
24762 67673.56263 72000 1 50 3 A1 
24763 67674.83758 72900 3 48 1 D1 
24764 67675.90918 73200 3 48 4 C1 
24765 67676.80397 72900 53 48 2 T 
24766 67677.04901 72000 2 50 3 A1 
24767 67677.39379 72300 4 49 1 D1 
24768 67678.1491 73200 2 50 2 B2 
24769 67678.46927 73200 4 48 4 C1 
24770 67679.47065 72900 53 48 1 T 
24771 67680.64708 73200 0 50 2 B2 
24772 67680.68887 70800 4 49 1 C2 
24773 67681.23839 73200 5 48 4 C1 
24774 67682.24143 79200 0 50 1 A1 
24775 67683.48238 73200 1 50 2 B2 
24776 67683.905 73200 3 48 4 C1 
24777 67685.18276 73200 1 50 2 A1 
24778 67685.96401 71700 2 50 2 B2 
24779 67688.12294 72900 2 50 5 A1 
24780 67691.05743 71700 0 50 2 A1 
24781 67691.29709 73200 0 50 2 B2 
24782 67691.77463 73200 4 48 4 C1 
24783 67693.99305 70800 5 49 1 C2 
24784 67693.99876 73500 1 50 3 A1 
24785 67694.18709 73200 1 50 2 B2 
24786 67696.93894 71700 2 50 2 A1 
24787 67700.55104 71700 1 49 3 B1 
24788 67701.05828 72600 0 50 4 A1 
24789 67702.12551 71100 3 49 2 C2 
24790 67704.79838 71100 4 49 2 C2 
24791 67705.63043 73500 2 50 3 B2 
24792 67707.3186 72900 53 49 1 T 
24793 67707.35565 70800 5 49 1 C2 
24794 67708.37599 72000 1 50 3 A1 
24795 67708.55104 70800 2 50 1 B1 
24796 67710.13172 73500 3 49 2 C2 
24797 67710.96372 73500 0 50 3 B2 
24798 67711.20099 71700 0 49 3 B1 
24799 67712.50539 72900 4 49 2 C2 
24800 67713.10805 72900 5 48 1 C1 
24801 67714.83887 70800 5 49 1 C2 
24802 67716.50497 70800 2 50 1 A1 
24803 67717.45354 70800 3 49 1 C2 
24804 67718.14909 73500 1 50 3 B2 
24805 67719.87731 71100 4 49 2 C2 
24806 67720.17088 73500 5 49 2 D1 
24807 67721.10791 72900 3 48 1 C1 
24808 67722.72703 72900 3 49 2 D1 
24809 67723.48243 79800 2 50 2 B2 
24810 67723.80261 72900 4 48 1 C1 
24811 67723.99723 71100 5 49 2 C2 
24812 67725.61522 72900 4 48 2 D1 
24813 67726.46929 72900 5 48 2 C1 
24814 67729.24257 72900 3 48 1 C1 
24815 67729.88437 71700 1 50 2 B1 
24816 67730.89094 71400 5 49 2 D1 
24817 67731.48243 73500 0 50 3 B2 
24818 67731.77455 72900 4 48 2 C1 
24819 67731.96795 71100 3 49 2 C2 
24820 67734.1871 70800 1 50 1 B2 
24821 67734.57568 72900 5 48 2 C1 
24822 67737.24259 72900 3 48 1 C1 
24823 67739.90934 72900 4 48 2 C1 
24824 67741.98043 71700 2 50 2 B2 
24825 67742.57596 72900 5 48 2 C1 
24826 67744.81575 70800 0 50 1 B2 
24827 67745.10797 72900 3 48 1 C1 
24828 67747.52038 70800 1 50 1 B2 
24829 67747.90501 72900 4 48 2 C1 
24830 67755.29709 79200 2 50 1 B2 
24831 67758.76717 71100 4 49 2 C2 
24832 67761.30135 71100 5 49 2 C2 
24833 67761.62209 72000 0 50 3 B2 
24834 67763.75791 76800 3 49 2 C2 
24835 67764.11516 76200 53 49 1 T 
24836 67766.19773 71100 4 49 2 C2 
24837 67768.7146 73500 5 49 2 C2 
24838 67769.3558 73500 53 49 2 T 
24839 67770.05303 72000 2 50 3 B1 
24840 67771.11239 75000 3 49 1 C2 
24841 67771.9051 73200 5 48 3 C1 
24842 67772.28872 72000 1 50 3 B2 
24843 67773.45331 70800 4 49 1 C2 
24844 67774.57171 80100 3 48 4 C1 
24845 67774.82435 72000 2 50 3 B2 
24846 67775.98828 71100 5 49 2 C2 
24847 67778.37307 73500 3 49 2 C2 
24848 67778.83746 71700 3 49 1 D1 
24849 67781.61535 72600 4 49 1 D1 
24850 67782.44144 71700 4 48 5 C1 
24851 67784.171 73500 5 49 2 D1 
24852 67784.85376 72000 0 50 3 B2 
24853 67785.13618 71700 5 48 5 C1 
24854 67785.6335 73500 4 49 2 C2 
24855 67786.89095 71700 3 49 1 D1 
24856 67787.60798 71700 0 49 3 B1 
24857 67787.90492 71700 3 48 5 C1 
24858 67790.1871 72000 1 50 3 B2 
24859 67790.44122 71700 4 48 5 C1 
24860 67791.38637 73500 1 50 3 B1 
24861 67792.85377 72000 2 50 3 B2 
24862 67793.13596 71700 5 48 5 C1 
24863 67793.76589 73500 5 49 2 C2 
24864 67795.80278 71700 3 48 5 C1 
24865 67798.46927 71700 4 48 5 C1 
24866 67800.81575 72000 0 50 3 B2 
24867 67801.24267 71700 5 48 5 C1 
24868 67803.52042 72000 1 50 3 B2 
24869 67803.80285 71700 3 48 5 C1 
24870 67805.97306 72000 2 50 3 B2 
24871 67810.42574 73200 2 50 2 B1 
24872 67811.31375 72000 0 50 3 B2 
24873 67812.32911 78600 3 49 2 C2 
24874 67815.09931 70200 4 49 2 C2 
24875 67817.77205 70200 5 49 2 C2 
24876 67818.10571 73500 4 48 5 C1 
24877 67820.43866 79500 3 49 2 C2 
24878 67822.89646 70800 4 49 1 C2 
24879 67823.42437 72000 0 50 3 B1 
24880 67825.203 70200 5 49 2 C2 
24881 67825.53776 72600 1 50 4 B2 
24882 67827.81608 72300 3 49 1 C2 
24883 67829.61519 70800 4 49 1 D1 
24884 67830.8578 76500 53 49 1 T 
24885 67833.24252 73200 5 48 3 C1 
24886 67833.53772 72600 2 50 4 B2 
24887 67837.61534 73500 5 49 1 D1 
24888 67838.33856 72900 0 50 1 B2 
24889 67838.96669 71100 4 49 2 C2 
24890 67840.06038 71100 3 49 1 D1 
24891 67840.90749 72900 1 50 1 B2 
24892 67841.63337 79500 5 49 2 C2 
24893 67842.83763 71100 4 49 2 D1 
24894 67844.43266 76200 3 49 2 C2 
24895 67845.96377 72900 2 50 1 B2 
24896 67846.57163 73200 3 48 3 C1 
24897 67848.63043 76200 0 50 5 B2 
24898 67849.10812 75900 4 48 1 C1 
24899 67854.44128 73200 5 48 3 C1 
24900 67856.85375 72900 1 50 1 B2 
24901 67857.77196 72300 4 49 1 C2 
24902 67859.77469 73200 3 48 3 C1 
24903 67861.96375 72900 2 50 1 B2 
24904 67862.46937 73200 4 48 3 C1 
24905 67864.3139 71700 1 49 3 B1 
24906 67867.31371 72900 0 50 1 B2 
24907 67868.29995 73500 5 49 1 C2 
24908 67870.14909 72000 1 50 3 B2 
24909 67871.10544 72300 3 49 1 C2 
24910 67873.66252 72300 4 49 1 C2 
24911 67876.2022 73500 2 50 3 B2 
24912 67876.32915 70200 5 49 2 C2 
24913 67878.89581 73500 53 49 1 T 
24914 67879.10545 73500 3 49 1 C2 
24915 67879.20103 72900 2 50 1 B1 
24916 67887.09923 72300 4 49 1 C2 
24917 67890.72689 71100 5 49 1 D1 
24918 67892.18538 72900 0 50 5 B2 
24919 67893.39369 71100 3 49 1 D1 
24920 67894.48409 72900 1 50 5 B2 
24921 67896.28201 72600 4 49 2 D1 
24922 67896.96741 72900 2 50 5 B2 
24923 67898.89092 72000 5 49 2 D1 
24924 67899.52688 75600 0 50 4 B2 
24925 67902.08769 72900 0 50 1 A1 
24926 67903.09924 70200 5 49 2 C2 
24927 67904.94151 70800 1 50 1 B2 
24928 67905.7721 73500 3 49 1 C2 
24929 67908.32914 73500 4 49 1 C2 
24930 67909.96376 72600 2 50 4 B2 
24931 67912.6471 72900 0 50 5 B2 
24932 67913.8677 72000 0 50 3 B1 
24933 67915.31375 72600 1 50 4 B2 
24934 67917.48312 70800 3 49 2 D1 
24935 67917.96375 72900 2 50 5 B2 
24936 67920.6471 72900 0 50 5 B2 
24937 67923.52042 72600 1 50 4 B2 
24938 67924.30008 71400 5 49 2 C2 
24939 67926.14904 72600 2 50 4 B2 
24940 67926.99587 71400 3 49 2 C2 
24941 67929.88437 72900 1 50 5 B1 
24942 67929.9588 71700 5 48 5 C1 
24943 67932.32927 71400 4 49 2 C2 
24944 67934.96674 75600 5 49 1 C2 
24945 67937.71828 71400 3 49 2 C2 
24946 67942.29522 72000 0 50 3 B2 
24947 67948.43871 71400 4 49 2 C2 
24948 67949.55753 72000 4 49 2 D1 
24949 67964.3293 71400 5 49 2 C2 
24950 67972.30005 71400 3 49 2 C2 
24951 67974.22763 72000 1 50 3 B2 
24952 67977.88437 72600 2 50 4 B1 
24953 67983.09926 70800 4 49 2 C2 
24954 67985.76589 71400 5 49 2 C2 
24955 67988.30013 70800 3 49 2 C2 
24956 67990.96685 70800 4 49 2 C2 
24957 67993.77193 70800 5 49 2 C2 
24958 67996.36393 80100 2 50 3 B2 
24959 67997.81607 72000 0 50 3 B1 
24960 68001.66251 70800 3 49 2 C2 
24961 68004.3292 70800 4 49 2 C2 
24962 68017.6335 70800 5 49 2 C2 
24963 68019.26133 72000 0 50 3 B2 
24964 68022.08807 76800 53 49 1 T 
24965 68022.99589 71400 3 49 2 C2 
24966 68027.20845 76800 53 49 1 T 
24967 68031.09925 70800 4 49 2 C2 
24968 68032.50899 76800 53 49 1 T 
24969 68037.5992 76800 53 49 1 T 
24970 68041.77204 72600 5 49 1 C2 
24971 68042.48806 76800 53 49 2 T 
24972 68044.43269 72600 3 49 1 C2 
24973 68047.10539 70800 4 49 2 C2 
24974 68047.60843 76800 53 49 2 T 
24975 68049.78245 72300 5 49 1 C2 
24976 68052.909 77100 53 49 2 T 
24977 68055.14363 77100 3 49 2 C2 
24978 68057.66241 75300 4 49 2 C2 
24979 68057.99916 77100 53 49 2 T 
24980 68060.30004 72600 5 49 1 C2 
24981 68073.76602 71100 3 49 1 C2 
24982 68076.00579 77100 53 49 2 T 
24983 68089.77199 71100 4 49 1 C2 
24984 68095.12558 71400 5 49 2 C2 
24985 68100.43881 71100 3 49 1 C2 
24986 68102.9959 71100 4 49 1 C2 
24987 68105.76591 71100 5 49 1 C2 
24988 68108.32922 72600 3 49 1 C2 
24989 68111.09923 71100 4 49 1 C2 
24990 68113.77212 71100 5 49 1 C2 
24991 68116.29996 71100 3 49 1 C2 
24992 68118.75651 72300 4 49 1 C2 
24993 68129.77211 71100 5 49 1 C2 
24994 68134.68913 76800 53 49 2 T 
24995 68140.43256 72600 3 49 1 C2 
24996 68156.30008 71100 4 49 1 C2 
24997 68158.96671 71100 5 49 1 C2 
24998 68164.32931 71100 3 49 1 C2 
24999 68167.10537 71100 4 49 1 C2 
25000 68169.77204 71100 5 49 1 C2 
25001 68174.99596 70500 3 49 2 C2 
25002 68176.65193 75300 53 49 2 T 
25003 68179.31869 76200 53 49 2 T 
25004 68180.43251 75900 4 49 2 C2 
25005 68187.31859 71100 53 49 1 T 
25006 68190.8578 76800 53 49 1 T 
25007 68192.65192 71700 53 49 1 T 
25008 68200.65183 73200 53 50 2 T 
25009 68203.31841 72000 53 50 3 T 
25010 68204.43871 71100 5 49 1 C2 
25011 68205.9854 73500 53 50 3 T 
25012 68206.96669 70500 3 49 2 C2 
25013 68209.41241 71100 4 49 1 C2 
25014 68211.31857 71700 53 50 2 T 
25015 68211.91892 71100 5 49 1 C2 
25016 68220.32916 71700 3 49 1 C2 
25017 68228.30016 71700 4 49 1 C2 
25018 68230.99584 70500 5 49 2 C2 
25019 68233.77195 71700 3 49 1 C2 
25020 68235.31865 71400 53 49 2 T 
25021 68236.30018 71700 4 49 1 C2 
25022 68237.39354 73200 5 48 4 D1 
25023 68240.22428 73200 3 48 3 D1 
25024 68240.65198 73500 53 49 1 T 
25025 68242.04137 70800 5 49 2 C2 
25026 68242.72692 71700 4 48 5 D1 
25027 68246.89581 76800 53 49 1 T 
25028 68247.20099 71700 1 49 3 B1 
25029 68248.65197 73500 53 49 2 T 
25030 68249.24266 73200 3 48 4 C1 
25031 68249.63038 72900 1 50 5 B2 
25032 68250.09103 71700 2 49 3 B1 
25033 68250.72688 72900 5 48 1 D1 
25034 68253.39364 73500 3 48 5 D1 
25035 68255.09922 71700 3 49 1 C2 
25036 68255.38637 72900 0 50 5 B1 
25037 68256.17097 72900 4 48 1 D1 
25038 68257.24252 72900 4 48 1 C1 
25039 68257.51876 72900 2 50 5 B2 
25040 68257.63347 71700 4 49 1 C2 
25041 68257.88432 71700 1 49 3 B1 
25042 68258.13759 71700 53 49 3 T 
25043 68258.89098 71700 5 49 3 D1 
25044 68259.90931 73200 5 48 4 C1 
25045 68260.75765 71700 2 49 3 B1 
25046 68261.50435 73500 3 49 2 D1 
25047 68262.1871 72900 0 50 5 B2 
25048 68263.10542 71700 5 49 1 C2 
25049 68263.38637 73200 0 50 2 B1 
25050 68264.06044 72900 4 49 1 D1 
25051 68266.05304 71700 1 49 3 B1 
25052 68267.90491 72900 3 48 1 C1 
25053 68268.32923 71100 3 49 1 C2 
25054 68268.80398 73500 53 48 5 T 
25055 68269.50441 71400 5 49 2 D1 
25056 68270.1491 72900 1 50 5 B2 
25057 68270.57181 72900 4 48 1 C1 
25058 68270.95495 73200 1 50 2 A1 
25059 68271.1054 72900 4 49 1 C2 
25060 68271.47068 71700 53 48 5 T 
25061 68273.23834 72900 5 48 1 C1 
25062 68274.13731 73200 53 48 3 T 
25063 68275.48243 72900 2 50 5 B2 
25064 68275.80266 72900 3 48 1 C1 
25065 68277.55754 72900 3 49 1 D1 
25066 68278.14909 72900 0 50 5 B2 
25067 68278.57178 72900 4 48 1 C1 
25068 68279.72495 72000 2 50 3 A1 
25069 68280.64709 73200 1 50 2 B2 
25070 68281.2425 72900 5 48 1 C1 
25071 68282.13727 73200 53 48 4 T 
25072 68283.12751 72900 0 50 5 A1 
25073 68283.52043 73200 2 50 2 B2 
25074 68283.77466 73200 3 48 4 C1 
25075 68284.30007 71700 5 49 1 C2 
25076 68286.18704 73200 0 50 2 B2 
25077 68286.44138 72900 4 48 1 C1 
25078 68286.96673 72900 3 49 1 C2 
25079 68288.63975 73200 1 50 2 B2 
25080 68289.10781 72900 5 48 1 C1 
25081 68289.65171 72900 4 49 1 C2 
25082 68290.04884 73500 1 50 3 A1 
25083 68291.31376 73200 2 50 2 B2 
25084 68292.77397 75000 53 49 1 T 
25085 68293.54351 71700 2 50 2 A1 
25086 68294.14908 73200 0 50 2 B2 
25087 68295.09937 72600 5 49 2 C2 
25088 68297.02873 72900 0 50 1 A1 
25089 68299.99561 72000 1 50 3 A1 
25090 68300.9429 71100 3 49 1 C2 
25091 68303.38988 72900 2 50 5 A1 
25092 68305.1361 72900 3 48 2 C1 
25093 68307.31863 73500 53 49 2 T 
25094 68309.27254 72900 0 50 1 A1 
25095 68309.61529 72900 4 48 2 D1 
25096 68310.95538 75600 1 50 4 B2 
25097 68311.09939 79800 4 49 2 C2 
25098 68312.22414 72900 5 48 2 D1 
25099 68312.4327 72600 1 50 4 A1 
25100 68314.8909 75300 3 49 2 D1 
25101 68315.2971 79200 2 50 1 B2 
25102 68316.7577 73500 2 50 3 B1 
25103 68318.46935 72900 4 48 2 C1 
25104 68318.99586 72900 5 49 1 C2 
25105 68320.282 72300 4 49 1 D1 
25106 68321.18697 72900 5 48 2 C1 
25107 68321.35599 73500 0 50 3 B2 
25108 68324.75771 72900 0 50 5 B1 
25109 68326.1871 73500 1 50 3 B2 
25110 68326.57174 72900 3 48 2 C1 
25111 68326.9959 73500 3 49 2 C2 
25112 68329.13604 72900 4 48 2 C1 
25113 68331.52043 73500 2 50 3 B2 
25114 68331.83276 73200 5 48 4 C1 
25115 68332.30011 70500 4 49 2 C2 
25116 68336.28201 73500 5 49 1 D1 
25117 68337.23831 72900 3 48 2 C1 
25118 68337.76597 77700 5 49 1 C2 
25119 68339.2971 73500 0 50 3 B2 
25120 68339.90932 73200 4 48 4 C1 
25121 68341.98042 72900 1 50 5 B2 
25122 68342.46941 72900 5 48 2 C1 
25123 68343.03751 73500 3 49 2 C2 
25124 68347.48243 72900 2 50 5 B2 
25125 68347.90504 73200 3 48 4 C1 
25126 68348.43878 72600 4 49 2 C2 
25127 68350.14909 73500 0 50 3 B2 
25128 68350.78532 70500 5 49 2 C2 
25129 68352.85375 76200 1 50 5 B2 
25130 68355.7747 73200 4 48 3 C1 
25131 68361.77212 73500 3 49 2 C2 
25132 68366.99585 72900 4 49 1 C2 
25133 68369.63339 73500 5 49 2 C2 
25134 68370.83758 75000 3 49 1 D1 
25135 68372.46017 71700 3 49 1 C2 
25136 68373.96377 72900 2 50 1 B2 
25137 68374.4693 71700 5 48 5 C1 
25138 68375.20103 72900 1 50 1 B1 
25139 68376.06033 72600 4 49 2 D1 
25140 68376.6471 72900 0 50 1 B2 
25141 68377.24264 73200 3 48 3 C1 
25142 68379.77455 71700 4 48 5 C1 
25143 68380.20438 72900 1 50 1 B2 
25144 68382.58022 72900 2 50 1 B2 
25145 68382.96674 72900 4 49 1 C2 
25146 68383.20104 71700 2 50 2 B1 
25147 68385.23827 79200 5 48 3 C1 
25148 68385.62209 72900 0 50 1 B2 
25149 68387.80284 71700 3 48 5 C1 
25150 68390.44128 73200 4 48 3 C1 
25151 68393.13617 75900 5 48 1 C1 
25152 68395.31376 72900 1 50 1 B2 
25153 68395.75901 71700 3 48 5 C1 
25154 68396.43258 72900 5 49 1 C2 
25155 68397.61524 79800 5 49 2 D1 
25156 68398.14909 71700 2 50 2 B2 
25157 68399.09915 73500 3 49 2 C2 
25158 68400.0604 72300 3 49 1 D1 
25159 68400.63067 71700 0 50 2 B2 
25160 68401.24251 71700 4 48 5 C1 
25161 68401.77199 72600 4 49 2 C2 
25162 68403.31371 71700 1 50 2 B2 
25163 68404.36457 72900 5 49 1 C2 
25164 68405.96376 72900 2 50 1 B2 
25165 68406.57594 72900 5 48 2 C1 
25166 68408.85375 72900 0 50 1 B2 
25167 68411.52043 71700 1 50 2 B2 
25168 68412.30422 72600 3 49 2 C2 
25169 68422.9667 71100 4 49 2 C2 
25170 68424.6471 72000 2 50 3 B2 
25171 68430.44128 73500 3 48 5 C1 
25172 68431.09923 75900 5 49 1 C2 
25173 68433.13606 73500 4 48 5 C1 
25174 68433.76596 75300 3 49 2 C2 
25175 68434.89088 72000 4 49 2 D1 
25176 68435.90498 73500 5 48 5 C1 
25177 68438.57571 73200 3 48 3 C1 
25178 68439.2177 72000 0 50 3 B1 
25179 68440.81577 72000 0 50 3 B2 
25180 68441.10818 73500 4 48 5 C1 
25181 68441.88437 72900 1 50 1 B1 
25182 68443.31377 72000 1 50 3 B2 
25183 68443.77465 73200 5 48 3 C1 
25184 68447.13882 72900 4 49 1 C2 
25185 68449.10796 73200 3 48 3 C1 
25186 68449.23214 72000 2 50 3 B2 
25187 68451.75715 72000 0 50 3 B2 
25188 68451.90494 73500 4 48 5 C1 
25189 68453.39359 72900 5 49 2 D1 
25190 68454.5717 81600 5 48 5 C1 
25191 68454.8711 72000 1 50 3 B2 
25192 68454.99587 72900 5 49 1 C2 
25193 68457.15667 72000 2 50 3 B2 
25194 68457.77203 72600 3 49 2 C2 
25195 68459.64183 72000 0 50 3 B2 
25196 68459.80265 73500 3 48 5 C1 
25197 68460.32916 75300 4 49 2 C2 
25198 68462.21144 72000 1 50 3 B2 
25199 68462.46937 73200 4 48 3 C1 
25200 68463.10527 71100 5 49 2 C2 
25201 68464.22425 72600 3 49 2 D1 
25202 68464.81716 72000 2 50 3 B2 
25203 68469.09298 72600 3 49 2 C2 
25204 68469.96376 72000 0 50 3 B2 
25205 68472.15183 71700 4 49 1 C2 
25206 68473.17754 75600 1 50 4 B2 
25207 68473.92996 72900 5 48 2 C1 
25208 68474.55181 71700 5 49 1 C2 
25209 68477.17762 72000 2 50 3 A1 
25210 68478.1491 72600 2 50 4 B2 
25211 68478.96686 72900 3 49 1 C2 
25212 68480.06037 72600 4 49 1 D1 
25213 68481.77204 71700 4 49 1 C2 
25214 68487.10542 71700 5 49 1 C2 
25215 68489.76589 71700 3 49 1 C2 
25216 68495.38637 72000 2 50 3 B1 
25217 68496.80585 72600 0 50 4 A1 
25218 68496.81577 72600 0 50 4 B2 
25219 68497.4392 73200 3 48 4 C1 
25220 68498.83755 72600 5 49 1 D1 
25221 68500.04666 72600 4 49 2 C2 
25222 68500.63098 73500 1 50 3 B2 
25223 68500.71971 72000 0 50 3 B1 
25224 68504.63042 72000 2 50 3 B2 
25225 68507.48243 72600 0 50 4 B2 
25226 68509.55744 73500 3 49 2 D1 
25227 68510.96674 71700 5 49 1 C2 
25228 68512.85377 72600 1 50 4 B2 
25229 68513.66248 72900 3 49 1 C2 
25230 68515.52038 72600 2 50 4 B2 
25231 68516.32909 71700 4 49 1 C2 
25232 68518.1871 72600 0 50 4 B2 
25233 68518.9667 71100 5 49 2 C2 
25234 68521.63038 72600 1 50 4 B2 
25235 68521.63979 72900 3 49 1 C2 
25236 68528.25164 71700 4 49 1 D1 
25237 68532.43267 76200 4 49 2 C2 
25238 68533.98043 72000 2 50 3 B2 
25239 68535.09935 73500 5 49 1 C2 
25240 68537.66247 81300 3 49 1 C2 
25241 68540.43265 79800 4 49 2 C2 
25242 68545.77202 73500 5 49 1 C2 
25243 68548.32919 76200 3 49 1 C2 
25244 68548.77095 75900 4 48 1 C1 
25245 68551.42437 72000 1 50 3 B1 
25246 68561.57969 71100 4 49 2 C2 
25247 68564.30628 78900 5 49 1 C2 
25248 68575.0992 71700 3 49 1 C2 
25249 68577.75708 77400 53 48 2 T 
25250 68577.7659 76800 4 49 1 C2 
25251 68580.29994 76200 5 49 2 C2 
25252 68582.85901 77400 53 48 2 T 
25253 68583.4435 71100 3 49 2 C2 
25254 68586.09942 71100 4 49 1 C2 
25255 68588.54564 71100 5 49 1 C2 
25256 68591.10563 71700 3 49 1 C2 
25257 68601.61545 76500 4 49 1 C2 
25258 68602.19369 72000 0 50 3 B2 
25259 68604.53437 72600 2 50 4 B1 
25260 68616.10234 72900 5 49 2 D1 
25261 68622.08807 77700 53 49 1 T 
25262 68627.20845 77700 53 49 1 T 
25263 68631.10536 73500 5 49 1 C2 
25264 68636.32932 72600 3 49 1 C2 
25265 68639.10538 71100 4 49 1 C2 
25266 68641.76585 71100 5 49 1 C2 
25267 68644.32929 73500 3 49 1 C2 
25268 68649.66264 72600 4 49 1 C2 
25269 68660.30004 72600 5 49 1 C2 
25270 68664.93824 72600 1 50 4 B2 
25271 68665.76592 72600 3 49 1 C2 
25272 68668.43261 72900 4 49 2 C2 
25273 68673.33913 77700 53 49 1 T 
25274 68673.77205 73500 5 49 1 C2 
25275 68687.80357 72000 2 50 3 B2 
25276 68692.32921 71100 3 49 1 C2 
25277 68694.99583 72900 4 49 2 C2 
25278 68696.50562 72600 0 50 4 B1 
25279 68697.63347 72900 5 49 2 C2 
25280 68700.30016 71100 3 49 1 C2 
25281 68703.10523 72600 4 49 1 C2 
25282 68705.63347 72900 5 49 2 C2 
25283 68709.59921 72000 3 49 2 D1 
25284 68719.09924 79800 3 49 2 C2 
25285 68724.43874 70800 4 49 2 C2 
25286 68726.75145 77400 53 48 2 T 
25287 68727.10535 72900 5 49 2 C2 
25288 68734.99586 71100 3 49 1 C2 
25289 68748.43268 71400 4 49 2 C2 
25290 68750.96669 72600 5 49 1 C2 
25291 68753.32705 71100 3 49 1 C2 
25292 68758.21121 72900 4 49 2 C2 
25293 68760.65181 72900 5 49 2 C2 
25294 68772.8603 71100 3 49 1 C2 
25295 68775.41793 71400 4 49 2 C2 
25296 68777.95973 71400 5 49 2 C2 
25297 68780.51689 71400 3 49 2 C2 
25298 68784.65193 76800 53 49 1 T 
25299 68785.82118 76500 4 49 2 C2 
25300 68787.31869 75900 53 49 1 T 
25301 68792.65192 72300 53 49 1 T 
25302 68794.50726 71700 5 49 1 C2 
25303 68795.31851 72000 53 50 3 T 
25304 68797.98533 72000 53 49 2 T 
25305 68804.62655 72000 3 49 2 C2 
25306 68807.28698 70800 4 49 2 C2 
25307 68809.95989 70800 5 49 2 C2 
25308 68812.62034 71400 3 49 2 C2 
25309 68815.15435 71400 4 49 2 C2 
25310 68823.29322 72000 5 49 2 C2 
25311 68825.82229 72000 3 49 2 C2 
25312 68839.15447 75000 4 49 1 C2 
25313 68840.22411 73500 4 48 5 D1 
25314 68841.95364 70800 5 49 2 C2 
25315 68842.89078 73500 5 48 5 D1 
25316 68843.3186 75600 53 49 1 T 
25317 68845.55744 72900 3 48 2 D1 
25318 68848.65209 75900 53 49 2 T 
25319 68849.24265 72900 5 48 1 C1 
25320 68849.51876 72600 0 50 4 B2 
25321 68850.83762 73200 4 48 4 D1 
25322 68852.78815 75600 53 50 4 T 
25323 68854.57174 72900 3 48 1 C1 
25324 68856.63043 80100 1 50 3 B2 
25325 68857.10806 73200 4 48 4 C1 
25326 68857.88437 72000 1 50 3 B1 
25327 68858.83747 75900 5 48 1 D1 
25328 68859.90916 73200 5 48 4 C1 
25329 68860.28872 72600 2 50 4 B2 
25330 68861.61538 72600 3 49 2 D1 
25331 68862.44121 73200 3 48 4 C1 
25332 68863.20124 79800 2 49 1 B1 
25333 68864.22427 75900 4 49 2 D1 
25334 68864.85376 72000 0 50 3 B2 
25335 68865.23845 73200 4 48 4 C1 
25336 68865.95978 72000 3 49 2 C2 
25337 68866.72702 72900 5 48 2 D1 
25338 68867.48242 72000 1 50 3 B2 
25339 68868.62024 75000 4 49 1 C2 
25340 68869.96402 72000 2 50 3 B2 
25341 68871.29313 71400 5 49 2 C2 
25342 68872.97803 72900 1 50 1 A1 
25343 68873.23826 73200 5 48 4 C1 
25344 68873.85039 71400 3 49 2 C2 
25345 68875.52042 72000 0 50 3 B2 
25346 68875.80266 73200 3 48 4 C1 
25347 68876.46325 72900 2 50 1 A1 
25348 68876.80392 75900 53 48 1 T 
25349 68877.61541 75000 3 49 1 D1 
25350 68878.1871 79800 1 50 2 B2 
25351 68878.57588 73200 4 48 4 C1 
25352 68879.43014 72600 0 50 4 A1 
25353 68880.17087 76200 4 49 2 D1 
25354 68881.23825 73200 5 48 4 C1 
25355 68881.85036 73500 4 49 2 C2 
25356 68882.8568 73200 1 50 2 A1 
25357 68883.90503 73200 3 48 4 C1 
25358 68885.96371 72000 2 50 3 B2 
25359 68886.29968 75600 2 50 4 A1 
25360 68888.64709 72000 0 50 3 B2 
25361 68889.10792 73200 4 48 4 C1 
25362 68889.54603 73500 0 50 3 A1 
25363 68889.9537 75900 5 49 2 C2 
25364 68891.48243 72000 1 50 3 B2 
25365 68892.55853 72000 3 49 2 C2 
25366 68893.34834 73500 1 50 3 A1 
25367 68893.50414 73200 5 48 3 D1 
25368 68896.74146 73200 2 50 2 A1 
25369 68898.83755 72900 3 48 1 D1 
25370 68900.29709 72900 2 50 5 B2 
25371 68901.19811 72000 0 50 3 A1 
25372 68903.29313 71400 4 49 2 C2 
25373 68903.59293 76200 53 49 2 T 
25374 68907.90505 73200 5 48 3 C1 
25375 68909.34034 72000 1 50 3 A1 
25376 68909.98043 72900 0 50 5 B2 
25377 68910.57596 73200 3 48 3 C1 
25378 68911.15459 71100 5 49 1 C2 
25379 68912.22422 72900 4 48 1 D1 
25380 68912.835 72900 2 50 5 A1 
25381 68913.13602 73200 4 48 3 C1 
25382 68913.55457 70800 3 49 2 C2 
25383 68914.05304 72600 0 50 4 B1 
25384 68915.80271 73200 5 48 3 C1 
25385 68916.32137 72900 0 50 5 A1 
25386 68917.5043 73500 5 49 2 D1 
25387 68918.57168 72900 3 48 1 C1 
25388 68920.06041 73500 3 49 2 D1 
25389 68920.63043 72900 1 50 5 B2 
25390 68921.85025 79500 4 49 1 C2 
25391 68921.88437 72900 1 50 5 B1 
25392 68922.94856 73200 4 48 4 D1 
25393 68923.2971 72900 2 50 5 B2 
25394 68923.90919 72900 4 48 1 C1 
25395 68926.87105 72900 0 50 5 B2 
25396 68929.24689 72600 1 50 4 B2 
25397 68931.80267 72900 5 48 1 C1 
25398 68931.80294 72600 2 50 4 B2 
25399 68932.48789 72000 5 49 2 C2 
25400 68934.11815 72600 0 50 4 B2 
25401 68934.44126 72900 3 48 1 C1 
25402 68934.93361 71400 3 49 2 C2 
25403 68936.6762 72900 1 50 5 B2 
25404 68937.2426 72900 4 48 1 C1 
25405 68937.32577 72000 4 49 2 C2 
25406 68939.82179 71100 5 49 1 C2 
25407 68939.90921 72900 5 48 1 C1 
25408 68941.39372 72600 5 49 2 D1 
25409 68942.18709 72600 2 50 4 B2 
25410 68944.28191 72300 3 49 1 D1 
25411 68944.81575 72600 0 50 4 B2 
25412 68945.23838 72900 3 48 1 C1 
25413 68945.9598 71100 3 49 1 C2 
25414 68947.31371 72600 1 50 4 B2 
25415 68948.62028 71100 4 49 1 C2 
25416 68951.29312 70800 5 49 1 C2 
25417 68953.62209 75600 2 50 4 B2 
25418 68959.18361 72000 3 49 2 C2 
25419 68961.95375 72300 4 49 1 C2 
25420 68963.6424 72600 1 50 4 A1 
25421 68963.90933 72900 4 48 2 C1 
25422 68969.24254 75900 5 48 1 C1 
25423 68971.7746 75900 3 48 1 C1 
25424 68974.1491 73500 0 50 3 B2 
25425 68974.46935 75900 4 48 1 C1 
25426 68976.6471 73500 1 50 3 B2 
25427 68977.0925 72900 5 48 2 C1 
25428 68977.82117 70800 5 49 1 C2 
25429 68978.09104 72900 2 50 5 B1 
25430 68979.31375 79200 2 50 1 B2 
25431 68980.7197 73500 0 50 3 B1 
25432 68981.61533 73500 4 49 1 D1 
25433 68982.85205 73500 0 50 3 B2 
25434 68982.90639 72000 3 49 2 C2 
25435 68985.23214 73500 1 50 3 B2 
25436 68987.76639 73500 2 50 3 B2 
25437 68988.62044 73500 4 49 2 C2 
25438 68990.31204 73500 0 50 3 B2 
25439 68991.15449 73500 5 49 2 C2 
25440 68993.17651 73200 3 48 3 C1 
25441 68993.85017 71100 3 49 1 C2 
25442 68995.48243 73500 1 50 3 B2 
25443 68996.62046 72300 4 49 1 C2 
25444 68998.4442 73200 4 48 3 C1 
25445 69000.06024 73500 5 49 1 D1 
25446 69000.63043 72900 2 50 5 B2 
25447 69001.85032 72300 5 49 1 C2 
25448 69002.48087 72600 1 50 4 B1 
25449 69002.89092 75600 3 49 1 D1 
25450 69003.83514 73200 5 48 3 C1 
25451 69004.50489 70800 3 49 1 C2 
25452 69006.18709 72900 0 50 5 B2 
25453 69008.81571 73500 1 50 3 B2 
25454 69010.46306 73500 4 49 2 C2 
25455 69014.8711 73200 2 50 2 B2 
25456 69017.82116 73500 5 49 2 C2 
25457 69019.80274 73500 3 48 5 C1 
25458 69020.62653 76500 3 49 1 C2 
25459 69025.13599 72900 4 48 2 C1 
25460 69025.45981 82200 2 49 2 B1 
25461 69027.38447 72000 0 50 3 B2 
25462 69027.7746 77400 5 48 2 C1 
25463 69030.57159 73500 3 48 5 C1 
25464 69032.85377 72900 1 50 1 B2 
25465 69033.108 73500 4 48 5 C1 
25466 69033.8677 73500 0 50 3 B1 
25467 69035.90512 73500 5 48 5 C1 
25468 69039.28701 72300 4 49 1 C2 
25469 69039.42437 72900 1 50 1 B1 
25470 69040.81575 72900 2 50 1 B2 
25471 69042.83759 72900 4 49 2 D1 
25472 69043.48243 72900 0 50 1 B2 
25473 69044.62655 70800 5 49 1 C2 
25474 69046.14909 72900 1 50 1 B2 
25475 69046.57162 72900 3 48 2 C1 
25476 69048.81577 72900 2 50 1 B2 
25477 69049.10794 72900 4 48 2 C1 
25478 69050.24324 73500 3 49 2 C2 
25479 69051.31376 75600 0 50 4 B2 
25480 69052.82353 75000 4 49 1 C2 
25481 69053.55748 75300 5 49 2 D1 
25482 69054.1871 72900 1 50 1 B2 
25483 69054.44133 72900 5 48 2 C1 
25484 69055.30719 75600 5 49 1 C2 
25485 69056.65085 72900 2 50 1 B2 
25486 69057.24255 72900 3 48 2 C1 
25487 69057.82114 72300 3 49 1 C2 
25488 69059.52038 72900 0 50 1 B2 
25489 69059.77477 72900 4 48 2 C1 
25490 69060.48773 79800 4 49 1 C2 
25491 69062.46933 72900 5 48 2 C1 
25492 69062.96372 73200 1 50 2 B2 
25493 69063.18353 75000 5 49 1 C2 
25494 69065.53281 75600 2 50 4 B2 
25495 69065.82119 75900 3 49 2 C2 
25496 69068.6203 70800 4 49 1 C2 
25497 69076.51703 75000 5 49 1 C2 
25498 69079.25894 72900 3 48 1 C1 
25499 69084.68939 72000 3 49 2 C2 
25500 69085.5846 73200 3 48 3 D1 
25501 69087.21771 72900 2 50 1 B1 
25502 69096.22422 73500 4 49 2 D1 
25503 69096.85377 76200 0 50 5 B2 
25504 69099.30644 73200 1 50 2 B2 
25505 69100.53437 73200 0 50 2 B1 
25506 69100.55003 75900 4 49 2 C2 
25507 69102.18709 76200 2 50 5 B2 
25508 69104.28198 72900 5 49 1 D1 
25509 69104.85375 73200 0 50 2 B2 
25510 69105.85035 72300 5 49 1 C2 
25511 69110.57586 73500 4 48 5 C1 
25512 69111.29313 72300 3 49 1 C2 
25513 69113.13596 73500 5 48 5 C1 
25514 69115.90513 73500 3 48 5 C1 
25515 69116.62033 72600 4 49 2 C2 
25516 69117.50417 73500 3 49 2 D1 
25517 69117.98042 73200 1 50 2 B2 
25518 69118.57181 80100 4 48 4 C1 
25519 69119.28689 72300 5 49 1 C2 
25520 69120.63037 73200 2 50 2 B2 
25521 69121.10794 73500 5 48 5 C1 
25522 69121.95367 72600 3 49 2 C2 
25523 69123.48242 73200 0 50 2 B2 
25524 69124.62645 72300 4 49 1 C2 
25525 69127.18375 72600 5 49 2 C2 
25526 69129.88145 72900 3 48 2 C1 
25527 69132.48793 72600 3 49 2 C2 
25528 69140.71971 73200 1 50 2 B1 
25529 69153.13759 73200 4 48 3 C1 
25530 69153.95366 72900 4 49 1 C2 
25531 69157.39367 72900 4 49 1 D1 
25532 69159.18361 72600 5 49 2 C2 
25533 69161.82122 72600 3 49 2 C2 
25534 69164.27775 72300 4 49 1 C2 
25535 69165.49778 72600 5 49 1 D1 
25536 69166.63924 72600 5 49 2 C2 
25537 69168.95718 75900 3 49 1 D1 
25538 69172.48791 72900 3 49 1 C2 
25539 69175.29313 75300 4 49 2 C2 
25540 69176.12198 73200 5 48 3 C1 
25541 69177.95967 72600 5 49 2 C2 
25542 69180.51698 75900 3 49 1 C2 
25543 69183.29312 75300 4 49 2 C2 
25544 69193.95377 72900 5 49 1 C2 
25545 69199.32887 73200 3 48 3 C1 
25546 69204.6264 75600 3 49 1 C2 
25547 69220.62045 75900 4 49 1 C2 
25548 69222.30902 75000 53 49 1 T 
25549 69223.15448 75300 5 49 2 C2 
25550 69227.39919 75000 53 49 1 T 
25551 69228.15858 75300 53 49 2 T 
25552 69228.48785 72600 3 49 2 C2 
25553 69229.76701 72900 4 49 2 D1 
25554 69231.18359 72900 4 49 1 C2 
25555 69232.28805 75300 53 49 2 T 
25556 69233.85022 72900 5 49 1 C2 
25557 69236.51684 77100 3 49 2 C2 
25558 69237.40844 75300 53 49 2 T 
25559 69239.15446 72900 4 49 1 C2 
25560 69241.95376 79800 5 49 2 C2 
25561 69244.6265 79500 3 49 1 C2 
25562 69247.17159 72600 5 49 1 D1 
25563 69252.85235 73500 4 48 5 C1 
25564 69258.22996 72600 4 49 2 C2 
25565 69265.85024 72000 5 49 2 C2 
25566 69270.58734 73200 1 50 2 B2 
25567 69272.76026 75000 53 49 1 T 
25568 69279.28702 72900 3 49 1 C2 
25569 69281.95988 72900 4 49 1 C2 
25570 69284.48785 72000 5 49 2 C2 
25571 69287.15452 72000 3 49 2 C2 
25572 69289.95986 72000 4 49 2 C2 
25573 69292.48771 72900 5 49 1 C2 
25574 69296.10198 72000 3 49 2 D1 
25575 69297.95371 72000 3 49 2 C2 
25576 69303.18373 72000 4 49 2 C2 
25577 69326.8578 75300 53 49 2 T 
25578 69329.53627 75000 53 49 1 T 
25579 69329.82116 72900 5 49 2 C2 
25580 69332.51704 72000 3 49 2 C2 
25581 69335.29315 72000 4 49 2 C2 
25582 69337.95373 72900 5 49 2 C2 
25583 69343.29316 75600 3 49 1 C2 
25584 69345.9598 76800 4 49 2 C2 
25585 69348.62038 72900 5 49 2 C2 
25586 69353.95362 72000 3 49 2 C2 
25587 69356.51704 72900 4 49 2 C2 
25588 69361.82128 72900 5 49 2 C2 
25589 69376.65199 76800 53 49 1 T 
25590 69381.98531 72600 53 49 1 T 
25591 69383.28702 72300 3 49 1 C2 
25592 69389.98522 76200 53 49 2 T 
25593 69392.65197 72600 53 49 2 T 
25594 69393.95981 71700 4 49 1 C2 
25595 69396.51696 72000 5 49 2 C2 
25596 69399.18361 72900 3 49 2 C2 
25597 69400.65204 76200 53 50 5 T 
25598 69401.95979 71700 4 49 1 C2 
25599 69403.31854 72900 53 50 1 T 
25600 69404.51693 72900 5 49 2 C2 
25601 69405.98528 72900 53 50 5 T 
25602 69407.29301 72900 3 49 2 C2 
25603 69408.65195 72600 53 50 4 T 
25604 69412.6205 72300 4 49 1 C2 
25605 69415.15458 71700 5 49 1 C2 
25606 69431.31457 72900 3 49 1 C2 
25607 69438.29054 73500 4 48 5 D1 
25608 69440.65193 76500 53 49 2 T 
25609 69443.31869 72900 53 49 1 T 
25610 69443.6238 73500 5 48 5 D1 
25611 69444.62044 79500 4 49 2 C2 
25612 69445.18137 72000 53 50 3 T 
25613 69447.17342 76500 53 49 1 T 
25614 69447.18363 72300 5 49 1 C2 
25615 69447.42432 83100 2 49 3 B1 
25616 69448.95711 73200 3 48 4 D1 
25617 69449.24265 73200 5 48 3 C1 
25618 69449.95973 72600 3 49 1 C2 
25619 69452.18543 72600 2 50 4 B2 
25620 69452.48783 72300 4 49 1 C2 
25621 69453.98564 72900 53 49 2 T 
25622 69454.1795 73200 4 48 4 D1 
25623 69454.57174 73200 3 48 3 C1 
25624 69456.63043 72600 0 50 4 B2 
25625 69456.73551 72900 5 48 1 D1 
25626 69457.82122 72900 5 49 2 C2 
25627 69457.88437 73200 0 50 2 B1 
25628 69459.77482 73200 4 48 3 C1 
25629 69460.28872 72600 1 50 4 B2 
25630 69460.51692 72300 3 49 1 C2 
25631 69462.069 76500 3 49 2 D1 
25632 69463.13888 71700 4 49 1 C2 
25633 69464.63043 73200 2 50 2 B2 
25634 69466.09104 73200 1 50 2 B1 
25635 69467.51291 72900 4 49 2 D1 
25636 69467.52043 79200 0 50 1 B2 
25637 69467.90494 73200 5 48 3 C1 
25638 69468.62657 72600 5 49 1 C2 
25639 69469.98419 73200 1 50 2 B2 
25640 69470.44124 73200 3 48 3 C1 
25641 69472.64704 73200 2 50 2 B2 
25642 69472.73552 72600 5 49 1 D1 
25643 69473.24256 72900 4 48 2 C1 
25644 69475.2971 73200 0 50 2 B2 
25645 69475.49219 73200 2 50 2 A1 
25646 69475.77461 72900 5 48 2 C1 
25647 69476.62047 72300 3 49 1 C2 
25648 69476.80398 72900 53 48 1 T 
25649 69478.18709 73200 1 50 2 B2 
25650 69478.23287 72600 3 49 2 D1 
25651 69478.57575 73200 3 48 3 C1 
25652 69480.81575 73200 2 50 2 B2 
25653 69481.23844 72900 4 48 2 C1 
25654 69483.29734 73200 0 50 2 B2 
25655 69483.49221 73500 0 50 3 A1 
25656 69483.90936 73200 5 48 3 C1 
25657 69486.46934 72900 3 48 2 C1 
25658 69486.47101 72600 1 50 4 A1 
25659 69489.24269 72900 4 48 2 C1 
25660 69491.52043 73200 1 50 2 B2 
25661 69492.60728 72900 2 50 5 A1 
25662 69496.0004 73500 0 50 3 A1 
25663 69502.06876 73200 4 48 3 D1 
25664 69502.4694 75900 5 48 1 C1 
25665 69503.28702 72600 4 49 1 C2 
25666 69504.96776 75600 1 50 4 A1 
25667 69505.82116 72600 5 49 1 C2 
25668 69508.30215 72900 53 48 2 T 
25669 69508.45298 76200 2 50 5 A1 
25670 69508.51693 73500 3 49 2 C2 
25671 69509.98043 76200 2 50 5 B2 
25672 69511.15446 72600 4 49 1 C2 
25673 69511.41986 72900 0 50 1 A1 
25674 69512.89943 75300 5 49 2 D1 
25675 69513.63043 76200 0 50 5 B2 
25676 69513.95372 72300 5 49 1 C2 
25677 69515.3186 76200 53 49 1 T 
25678 69515.6239 73200 3 48 3 D1 
25679 69516.53437 72600 2 50 4 B1 
25680 69518.46933 77400 3 48 2 C1 
25681 69519.15441 72300 3 49 1 C2 
25682 69519.38637 72900 0 50 1 B1 
25683 69520.95728 73500 4 49 2 D1 
25684 69521.23778 72900 1 50 5 B2 
25685 69521.23837 81600 4 48 5 C1 
25686 69521.95367 72300 4 49 1 C2 
25687 69523.76229 72900 2 50 1 B2 
25688 69523.90918 75900 5 48 1 C1 
25689 69526.08048 72900 0 50 5 B2 
25690 69526.23274 73500 5 49 2 D1 
25691 69526.44425 72900 3 48 1 C1 
25692 69527.18379 73500 5 49 2 C2 
25693 69528.65305 72900 1 50 5 B2 
25694 69529.95988 73500 3 49 2 C2 
25695 69531.90499 72900 4 48 1 C1 
25696 69534.18709 72900 2 50 1 B2 
25697 69534.57588 72900 5 48 1 C1 
25698 69536.65084 72900 0 50 1 B2 
25699 69537.24257 73200 3 48 3 C1 
25700 69539.29709 72900 1 50 5 B2 
25701 69539.90502 73200 4 48 3 C1 
25702 69542.1491 72900 2 50 1 B2 
25703 69542.17951 76200 3 49 1 D1 
25704 69542.44129 73200 5 48 3 C1 
25705 69546.24994 72900 4 49 2 C2 
25706 69549.96376 72600 0 50 4 B2 
25707 69555.77465 73200 3 48 4 C1 
25708 69556.62646 73500 5 49 2 C2 
25709 69559.18373 72600 3 49 1 C2 
25710 69561.82113 71400 4 49 2 C2 
25711 69564.62037 73500 5 49 2 C2 
25712 69568.81577 73500 1 50 3 B2 
25713 69569.13611 73200 4 48 4 C1 
25714 69569.95983 72600 3 49 1 C2 
25715 69570.09103 75600 1 50 4 B1 
25716 69571.77457 73200 5 48 4 C1 
25717 69572.18538 73500 2 50 3 B2 
25718 69572.5548 72900 2 50 5 B1 
25719 69572.62034 79500 4 49 2 C2 
25720 69574.0689 73500 4 49 1 D1 
25721 69575.28691 72600 5 49 1 C2 
25722 69576.6471 73500 0 50 3 B2 
25723 69576.84614 75900 5 49 1 D1 
25724 69577.95981 72600 3 49 1 C2 
25725 69579.48243 73500 1 50 3 B2 
25726 69579.51281 73500 3 49 1 D1 
25727 69579.7748 73200 3 48 4 C1 
25728 69580.48793 71400 4 49 2 C2 
25729 69584.85371 73500 2 50 3 B2 
25730 69585.24254 73200 4 48 4 C1 
25731 69587.48242 75600 0 50 4 B2 
25732 69587.80269 75900 5 48 1 C1 
25733 69588.51707 76200 5 49 2 C2 
25734 69590.57598 73200 3 48 4 C1 
25735 69592.81577 73500 1 50 3 B2 
25736 69593.10799 73200 4 48 4 C1 
25737 69595.62393 75000 4 49 1 D1 
25738 69595.80275 73200 5 48 4 C1 
25739 69598.57167 73200 3 48 4 C1 
25740 69600.63042 75600 2 50 4 B2 
25741 69601.24254 75900 4 48 1 C1 
25742 69603.90503 79200 5 48 3 C1 
25743 69609.82126 73500 3 49 2 C2 
25744 69613.98043 75600 0 50 4 B2 
25745 69617.85033 71400 4 49 2 C2 
25746 69620.62035 76200 5 49 1 C2 
25747 69623.04202 71700 3 49 1 C2 
25748 69627.90496 73500 3 48 5 C1 
25749 69628.50498 73500 4 49 2 C2 
25750 69630.57179 73500 4 48 5 C1 
25751 69631.20129 73500 0 50 3 B1 
25752 69633.23833 73500 5 48 5 C1 
25753 69633.9598 73500 5 49 1 C2 
25754 69635.62376 76200 5 49 2 D1 
25755 69635.80274 73500 3 48 5 C1 
25756 69636.62636 76200 3 49 2 C2 
25757 69638.2328 76500 3 49 1 D1 
25758 69639.18358 76500 4 49 2 C2 
25759 69640.95725 75900 4 49 2 D1 
25760 69641.95377 73500 5 49 1 C2 
25761 69643.77465 73500 4 48 5 C1 
25762 69644.48789 73500 3 49 1 C2 
25763 69646.44124 73500 5 48 5 C1 
25764 69648.77777 72900 5 48 2 D1 
25765 69649.13599 73500 3 48 5 C1 
25766 69650.02418 72300 4 49 1 C2 
25767 69651.90923 73500 4 48 5 C1 
25768 69654.57168 73500 5 48 5 C1 
25769 69656.73559 72900 3 49 1 D1 
25770 69657.13601 73500 3 48 5 C1 
25771 69668.62046 71400 5 49 2 C2 
25772 69673.95978 73500 3 49 2 C2 
25773 69673.96526 76200 1 50 5 B2 
25774 69676.48783 76800 4 49 1 C2 
25775 69679.20305 72900 4 48 1 C1 
25776 69680.09075 73200 1 50 2 A1 
25777 69684.49183 73500 5 49 1 C2 
25778 69686.06881 75600 4 49 1 D1 
25779 69688.84617 73500 5 49 2 D1 
25780 69689.8212 71400 3 49 2 C2 
25781 69692.62656 73500 4 49 2 C2 
25782 69697.85032 73500 5 49 2 C2 
25783 69702.06894 73500 3 49 2 D1 
25784 69702.45962 72900 5 48 1 C1 
25785 69703.15453 73500 3 49 1 C2 
25786 69705.95377 73500 4 49 2 C2 
25787 69707.50834 75900 4 48 1 D1 
25788 69720.89948 76800 5 49 1 D1 
25789 69727.28702 73500 5 49 2 C2 
25790 69727.48561 73200 3 48 4 C1 
25791 69729.9599 73500 3 49 2 C2 
25792 69737.85025 73500 4 49 2 C2 
25793 69740.48776 73500 5 49 2 C2 
25794 69743.287 76800 3 49 1 C2 
25795 69744.84876 73500 2 50 3 B2 
25796 69745.85035 73500 4 49 1 C2 
25797 69748.48783 73500 5 49 2 C2 
25798 69751.1545 73500 3 49 2 C2 
25799 69764.62032 73500 4 49 2 C2 
25800 69767.75615 73500 0 50 3 B2 
25801 69776.04323 73500 1 50 3 B1 
25802 69777.99227 75900 53 48 1 T 
25803 69783.08134 75900 53 48 1 T 
25804 69783.29311 73500 5 49 2 C2 
25805 69785.85037 73500 3 49 1 C2 
25806 69787.95708 75600 53 50 4 T 
25807 69788.28977 73500 4 49 1 C2 
25808 69793.05901 75600 53 50 4 T 
25809 69796.55847 73500 5 49 1 C2 
25810 69804.62651 73500 3 49 2 C2 
25811 69807.28703 73500 4 49 1 C2 
25812 69809.95366 73500 5 49 1 C2 
25813 69812.48788 72000 3 49 2 C2 
25814 69814.86953 75900 53 49 1 T 
25815 69817.84339 75600 53 49 1 T 
25816 69822.30902 78900 53 49 1 T 
25817 69823.18371 73500 4 49 1 C2 
25818 69827.39919 78900 53 49 1 T 
25819 69828.62651 73500 5 49 1 C2 
25820 69832.28805 78600 53 49 2 T 
25821 69836.20266 75900 53 48 1 T 
25822 69837.40844 75900 53 49 1 T 
25823 69839.16117 75900 53 49 2 T 
25824 69839.18363 76500 3 49 2 C2 
25825 69842.46416 73500 4 49 2 C2 
25826 69842.70899 75900 53 49 1 T 
25827 69847.15461 76500 5 49 2 C2 
25828 69847.79917 75900 53 49 2 T 
25829 69849.95364 72900 3 49 1 C2 
25830 69852.68806 75900 53 49 2 T 
25831 69857.80847 75600 53 49 1 T 
25832 69860.62636 72000 4 49 2 C2 
25833 69863.10901 75600 53 49 1 T 
25834 69865.83833 73500 5 49 1 C2 
25835 69871.29315 72000 3 49 2 C2 
25836 69873.95377 72900 4 49 1 C2 
25837 69876.00578 75900 53 48 1 T 
25838 69881.56247 78900 53 49 1 T 
25839 69889.82119 72900 5 49 1 C2 
25840 69892.51693 72000 3 49 2 C2 
25841 69895.15455 72000 4 49 2 C2 
25842 69908.62642 79800 5 49 2 C2 
25843 69916.51686 72900 3 49 1 C2 
25844 69921.80559 72900 4 49 1 C2 
25845 69924.07876 75600 53 50 4 T 
25846 69926.95634 73500 5 49 2 C2 
25847 69929.40271 76200 3 49 1 C2 
25848 69931.88359 72900 4 49 1 C2 
25849 69932.00579 75900 53 49 1 T 
25850 69940.62045 72900 5 49 1 C2 
25851 69943.15445 72900 3 49 1 C2 
25852 69948.62036 79800 4 49 2 C2 
25853 69954.21337 73500 5 49 1 C2 
25854 69964.51691 76200 3 49 1 C2 
25855 69969.95988 78900 4 49 1 C2 
25856 69975.1544 82500 5 49 2 C2 
25857 69976.65199 76200 53 49 2 T 
25858 69980.62034 76800 3 49 2 C2 
25859 69981.98523 73500 53 49 2 T 
25860 69982.68913 75600 53 49 1 T 
25861 69983.15449 75600 4 49 1 C2 
25862 69985.82115 75600 5 49 1 C2 
25863 69987.31864 76800 53 49 2 T 
25864 69988.51705 72600 3 49 2 C2 
25865 69993.5908 75600 53 50 4 T 
25866 69999.23836 75600 4 49 1 C2 
25867 70000.65164 73500 53 50 3 T 
25868 70003.31857 73200 53 50 2 T 
25869 70007.29315 72600 5 49 2 C2 
25870 70023.34123 81300 3 49 1 C2 
25871 70026.24484 72600 4 49 2 C2 
25872 70031.21907 72600 5 49 2 C2 
25873 70036.62033 72600 3 49 2 C2 
25874 70037.98532 75300 53 49 2 T 
25875 70039.15458 75000 4 49 1 C2 
25876 70041.52447 75900 53 49 2 T 
25877 70043.31856 75000 53 49 1 T 
25878 70044.6204 72600 5 49 2 C2 
25879 70045.18117 73500 53 49 1 T 
25880 70048.89933 73200 3 48 4 D1 
25881 70049.95982 72600 3 49 2 C2 
25882 70050.09104 83400 2 49 1 B1 
25883 70054.06893 73500 4 48 5 D1 
25884 70055.2177 73200 0 50 2 B1 
25885 70056.65219 77100 53 49 2 T 
25886 70056.73545 75900 5 48 1 D1 
25887 70057.10821 73200 4 48 3 C1 
25888 70057.62209 75600 1 50 4 B2 
25889 70057.88432 79800 1 49 1 B1 
25890 70060.14303 79200 2 50 1 B2 
25891 70060.51697 77100 4 49 2 C2 
25892 70062.44154 73500 5 48 5 C1 
25893 70062.94492 72900 5 49 1 C2 
25894 70062.96372 79800 0 50 2 B2 
25895 70063.42437 73500 2 50 3 B1 
25896 70064.8995 75900 3 49 2 D1 
25897 70065.24253 73500 3 48 5 C1 
25898 70065.51832 73200 1 50 2 B2 
25899 70065.8503 72600 3 49 2 C2 
25900 70066.13733 73500 53 48 5 T 
25901 70067.75988 73200 2 50 2 B2 
25902 70067.90502 73500 4 48 5 C1 
25903 70068.80397 73200 53 48 4 T 
25904 70070.23283 73500 4 49 1 D1 
25905 70071.47062 73200 53 48 3 T 
25906 70072.63037 73500 0 50 3 B2 
25907 70073.24272 73500 5 48 5 C1 
25908 70075.48242 73200 1 50 2 B2 
25909 70075.9093 75900 3 48 1 C1 
25910 70076.62031 75000 4 49 1 C2 
25911 70078.57167 75900 4 48 1 C1 
25912 70080.64709 73500 2 50 3 B2 
25913 70081.10795 75900 5 48 1 C1 
25914 70082.80651 72900 5 49 1 C2 
25915 70083.52042 73500 0 50 3 B2 
25916 70083.90928 75900 3 48 1 C1 
25917 70085.63057 75300 3 49 2 C2 
25918 70086.14909 80100 1 50 3 B2 
25919 70086.46927 75900 4 48 1 C1 
25920 70088.08319 75300 4 49 2 C2 
25921 70088.85377 73200 2 50 2 B2 
25922 70089.10811 73500 5 48 5 C1 
25923 70089.7956 75600 2 50 4 A1 
25924 70090.39244 77700 5 49 1 C2 
25925 70093.18871 76200 0 50 5 A1 
25926 70095.3478 76500 3 49 1 C2 
25927 70096.12204 73200 1 50 2 A1 
25928 70097.9598 76500 4 49 1 C2 
25929 70098.21573 76800 53 49 1 T 
25930 70108.31205 73500 2 50 3 A1 
25931 70111.18358 75300 5 49 2 C2 
25932 70111.38637 76200 0 50 5 B1 
25933 70113.82115 75000 3 49 1 C2 
25934 70115.90506 77400 3 48 2 C1 
25935 70116.53437 75600 1 50 4 B1 
25936 70118.0689 76800 5 49 1 D1 
25937 70118.57587 73200 4 48 4 C1 
25938 70120.8461 76800 3 49 2 D1 
25939 70121.1361 77400 5 48 2 C1 
25940 70123.51289 75900 4 49 1 D1 
25941 70123.52042 76200 0 50 5 B2 
25942 70124.48793 75300 4 49 2 C2 
25943 70131.48242 75600 1 50 4 B2 
25944 70131.80262 80100 3 48 4 C1 
25945 70133.98037 76200 2 50 5 B2 
25946 70134.2906 73500 5 49 2 D1 
25947 70134.57593 73200 4 48 3 C1 
25948 70137.13604 73200 5 48 3 C1 
25949 70139.52043 75600 0 50 4 B2 
25950 70139.90492 73200 3 48 3 C1 
25951 70140.48785 75000 5 49 1 C2 
25952 70142.46949 73200 4 48 4 C1 
25953 70143.18357 73500 3 49 2 C2 
25954 70144.63041 75600 1 50 4 B2 
25955 70145.10795 73200 5 48 4 C1 
25956 70145.85019 73500 4 49 2 C2 
25957 70147.80274 73200 3 48 4 C1 
25958 70148.62638 73500 5 49 2 C2 
25959 70150.57166 73200 4 48 4 C1 
25960 70151.18363 73500 3 49 2 C2 
25961 70153.95986 72600 4 49 1 C2 
25962 70156.4036 79800 5 49 1 C2 
25963 70159.65441 73500 53 49 2 T 
25964 70164.48783 73500 3 49 2 C2 
25965 70168.89943 75000 3 49 1 D1 
25966 70171.62379 76500 4 49 1 D1 
25967 70175.287 73500 4 49 2 C2 
25968 70177.95376 73500 5 49 2 C2 
25969 70179.62388 75300 5 49 2 D1 
25970 70180.35087 72600 3 49 2 C2 
25971 70191.15437 72600 4 49 1 C2 
25972 70196.62034 73500 5 49 2 C2 
25973 70199.18358 72600 3 49 1 C2 
25974 70201.58311 72600 4 49 2 C2 
25975 70204.59472 73200 5 48 3 C1 
25976 70207.1545 72600 5 49 1 C2 
25977 70208.10044 82200 2 49 2 B1 
25978 70212.51705 72300 3 49 1 C2 
25979 70215.29319 72600 4 49 1 C2 
25980 70219.51281 77100 3 49 2 D1 
25981 70220.62034 72600 5 49 1 C2 
25982 70224.73542 76200 4 49 1 D1 
25983 70228.62655 72600 3 49 1 C2 
25984 70231.2931 72600 4 49 1 C2 
25985 70232.17335 73500 2 50 3 B2 
25986 70240.89945 75600 5 49 1 D1 
25987 70242.91462 73200 3 48 3 D1 
25988 70247.61519 73500 5 49 2 C2 
25989 70250.73844 76800 3 49 1 C2 
25990 70255.28701 76800 4 49 1 C2 
25991 70257.95982 72600 5 49 1 C2 
25992 70257.99288 76500 4 49 2 D1 
25993 70260.48778 72300 3 49 1 C2 
25994 70268.62036 75900 4 49 1 C2 
25995 70273.82127 72900 5 49 2 C2 
25996 70275.86895 73500 5 49 2 D1 
25997 70276.62646 75900 3 49 1 C2 
25998 70279.18369 75900 4 49 1 C2 
25999 70280.93827 76200 0 50 5 B2 
26000 70281.85034 72300 5 49 1 C2 
26001 70292.51694 72300 3 49 1 C2 
26002 70303.29301 75900 4 49 2 C2 
26003 70308.62647 75900 5 49 2 C2 
26004 70313.9955 73500 3 49 2 C2 
26005 70316.98269 72300 4 49 1 C2 
26006 70321.95367 72900 5 49 2 C2 
26007 70327.18362 76200 3 49 2 C2 
26008 70329.82122 76200 4 49 2 C2 
26009 70332.62646 76200 5 49 2 C2 
26010 70335.15456 75900 3 49 2 C2 
26011 70337.95374 76200 4 49 2 C2 
26012 70359.57238 72600 5 49 1 C2 
26013 70364.51687 72900 3 49 2 C2 
26014 70369.82232 72900 4 49 2 C2 
26015 70374.31105 76200 3 49 2 D1 
26016 70377.99227 79200 53 48 3 T 
26017 70380.62043 72900 5 49 2 C2 
26018 70383.08134 79200 53 48 3 T 
26019 70383.29306 73500 3 49 2 C2 
26020 70385.8503 72900 4 49 2 C2 
26021 70387.95708 76200 53 50 5 T 
26022 70388.62652 73500 5 49 2 C2 
26023 70391.15451 72900 3 49 2 C2 
26024 70393.05901 76200 53 50 5 T 
26025 70398.39227 79200 53 50 1 T 
26026 70403.48134 79200 53 50 1 T 
26027 70408.35708 79200 53 50 1 T 
26028 70412.62032 76200 4 49 2 C2 
26029 70413.45901 79200 53 50 1 T 
26030 70417.59089 76200 53 49 2 T 
26031 70422.29918 76500 53 49 1 T 
26032 70427.18804 76500 53 49 1 T 
26033 70428.46994 73500 5 49 2 C2 
26034 70430.86951 76500 53 49 2 T 
26035 70432.30844 79500 53 49 2 T 
26036 70433.8433 76200 53 49 1 T 
26037 70433.95986 76200 3 49 2 C2 
26038 70436.994 76200 53 50 5 T 
26039 70437.60899 79500 53 49 2 T 
26040 70441.82119 76200 4 49 2 C2 
26041 70442.6992 79500 53 49 2 T 
26042 70444.49193 75900 5 49 1 C2 
26043 70447.58807 79500 53 49 2 T 
26044 70449.95369 73500 3 49 2 C2 
26045 70452.62652 73500 4 49 2 C2 
26046 70452.70844 79500 53 49 1 T 
26047 70458.00901 79500 53 49 1 T 
26048 70463.09919 76200 53 49 1 T 
26049 70467.98806 76200 53 49 1 T 
26050 70473.10846 79500 53 49 1 T 
26051 70473.35578 79200 53 50 1 T 
26052 70476.22914 79500 53 49 2 T 
26053 70478.40899 76500 53 49 2 T 
26054 70479.29315 73500 5 49 2 C2 
26055 70481.35578 79200 53 48 3 T 
26056 70483.49919 76500 53 49 2 T 
26057 70487.1837 73500 3 49 2 C2 
26058 70488.38805 76200 53 49 2 T 
26059 70489.90648 75300 4 49 2 C2 
26060 70493.50845 76200 53 49 2 T 
26061 70497.82128 72900 5 49 1 C2 
26062 70498.80903 76200 53 49 2 T 
26063 70500.62034 73500 3 49 2 C2 
26064 70503.56344 72900 4 49 2 C2 
26065 70503.89918 76200 53 49 2 T 
26066 70508.48784 72900 5 49 1 C2 
26067 70511.29313 75300 3 49 2 C2 
26068 70513.85039 75300 4 49 2 C2 
26069 70527.18363 75900 5 49 1 C2 
26070 70529.33913 79500 53 49 2 T 
26071 70529.57361 72900 3 49 2 C2 
26072 70532.51695 75900 4 49 1 C2 
26073 70540.19111 79200 53 50 1 T 
26074 70540.62637 75900 5 49 2 C2 
26075 70548.62648 76500 3 49 1 C2 
26076 70551.31236 72900 4 49 2 C2 
26077 70554.26334 75900 5 49 2 C2 
26078 70561.95984 75300 3 49 2 C2 
26079 70564.48793 75900 4 49 2 C2 
26080 70567.287 75900 5 49 2 C2 
26081 70572.51696 76500 3 49 1 C2 
26082 70573.98532 75600 53 49 1 T 
26083 70576.65197 76800 53 49 1 T 
26084 70580.64933 76200 4 49 2 C2 
26085 70581.98531 75900 53 49 1 T 
26086 70585.80323 72900 5 49 1 C2 
26087 70588.02247 76200 53 49 2 T 
26088 70591.18352 76800 3 49 1 C2 
26089 70593.95377 72900 4 49 1 C2 
26090 70595.31855 75900 53 49 2 T 
26091 70598.89579 76200 53 50 5 T 
26092 70598.92408 76500 53 49 1 T 
26093 70602.86425 73500 5 49 2 C2 
26094 70607.18359 76800 3 49 1 C2 
26095 70609.95988 72900 4 49 2 C2 
26096 70612.62044 72900 5 49 2 C2 
26097 70613.98523 75600 53 50 4 T 
26098 70617.85037 76500 3 49 1 C2 
26099 70624.68349 75900 4 49 1 C2 
26100 70631.29312 72900 5 49 2 C2 
26101 70633.82114 76800 3 49 1 C2 
26102 70636.62035 75600 4 49 1 C2 
26103 70639.28701 75600 5 49 1 C2 
26104 70643.3186 76200 53 49 2 T 
26105 70644.55099 83100 0 49 3 B1 
26106 70646.35576 73500 3 49 2 C2 
26107 70646.8578 76200 53 49 2 T 
26108 70649.95985 75600 4 49 1 C2 
26109 70652.7577 75600 1 50 4 B1 
26110 70653.96377 79200 1 50 1 B2 
26111 70655.15441 73500 5 49 1 C2 
26112 70659.29709 75600 2 50 4 B2 
26113 70659.31856 77700 53 49 1 T 
26114 70659.56608 77400 4 48 2 D1 
26115 70662.29044 75900 5 48 1 D1 
26116 70662.57599 75900 3 48 1 C1 
26117 70662.95538 79200 0 50 1 B2 
26118 70663.21771 76200 2 50 5 B1 
26119 70665.10817 75900 4 48 1 C1 
26120 70667.62387 75900 3 49 1 D1 
26121 70667.78957 75600 1 50 4 B2 
26122 70667.90505 81600 5 48 5 C1 
26123 70668.34773 75300 3 49 2 C2 
26124 70668.80396 77400 53 48 2 T 
26125 70670.44118 77400 3 48 2 C1 
26126 70671.271 73500 4 49 1 C2 
26127 70672.89937 76800 4 49 1 D1 
26128 70673.10272 75900 4 48 1 C1 
26129 70673.95987 73500 5 49 1 C2 
26130 70674.13726 75900 53 48 1 T 
26131 70675.29709 75600 2 50 4 B2 
26132 70675.4023 76200 5 49 2 D1 
26133 70676.48782 75600 3 49 1 C2 
26134 70678.17959 77100 3 49 2 D1 
26135 70678.44147 75900 5 48 1 C1 
26136 70679.18369 73500 4 49 1 C2 
26137 70680.81571 76200 0 50 5 B2 
26138 70681.13603 79200 3 48 3 C1 
26139 70683.90917 77400 4 48 2 C1 
26140 70684.51696 73500 5 49 1 C2 
26141 70685.98041 76200 1 50 5 B2 
26142 70686.44141 77400 5 48 2 C1 
26143 70689.13591 75900 3 48 1 C1 
26144 70691.52042 76200 2 50 5 B2 
26145 70692.62647 72900 3 49 2 C2 
26146 70695.00016 79500 4 49 2 C2 
26147 70695.12095 75600 0 50 4 A1 
26148 70697.95975 72900 5 49 2 C2 
26149 70700.30893 76200 1 50 5 A1 
26150 70700.62032 73500 3 49 1 C2 
26151 70711.18371 77700 4 49 1 C2 
26152 70713.95359 73500 5 49 2 C2 
26153 70726.17936 76800 4 49 2 D1 
26154 70727.28702 73500 3 49 1 C2 
26155 70728.73562 75900 5 49 2 D1 
26156 70732.62035 76500 4 49 2 C2 
26157 70735.18371 73500 5 49 2 C2 
26158 70737.82109 73500 3 49 2 C2 
26159 70739.6239 76200 3 49 2 D1 
26160 70743.56439 72900 4 49 1 C2 
26161 70745.4143 76500 53 49 2 T 
26162 70746.12828 73500 5 49 1 C2 
26163 70748.62671 76500 3 49 2 C2 
26164 70750.67246 79500 53 49 1 T 
26165 70753.85033 73500 4 49 1 C2 
26166 70764.48791 73500 5 49 1 C2 
26167 70767.29303 75000 3 49 1 C2 
26168 70779.5661 77700 4 49 1 D1 
26169 70783.29316 76500 4 49 2 C2 
26170 70784.95709 76500 5 49 2 D1 
26171 70785.95377 75000 5 49 1 C2 
26172 70788.48793 75000 3 49 1 C2 
26173 70790.17947 76500 3 49 1 D1 
26174 70793.90613 73500 4 49 2 C2 
26175 70804.51696 73500 5 49 2 C2 
26176 70806.06895 75300 4 49 2 D1 
26177 70807.15451 73500 3 49 2 C2 
26178 70815.15454 73500 4 49 2 C2 
26179 70817.3558 76500 53 49 1 T 
26180 70820.37592 75600 0 50 4 B2 
26181 70825.94245 75900 4 48 1 C1 
26182 70828.51685 72600 5 49 2 C2 
26183 70830.1795 75000 5 49 1 D1 
26184 70831.28709 73500 3 49 2 C2 
26185 70841.85031 73500 4 49 2 C2 
26186 70843.24126 75600 1 50 4 B2 
26187 70846.0688 75000 3 49 1 D1 
26188 70847.23846 72600 5 49 2 C2 
26189 70851.62389 76200 4 49 1 D1 
26190 70852.51699 72600 3 49 2 C2 
26191 70855.29318 76200 4 49 1 C2 
26192 70856.89945 75600 5 49 1 D1 
26193 70860.48786 72600 5 49 2 C2 
26194 70863.287 75000 3 49 1 C2 
26195 70865.45535 76200 2 50 5 B2 
26196 70870.8578 76200 53 49 1 T 
26197 70871.28702 79800 4 49 2 C2 
26198 70879.15443 72600 5 49 1 C2 
26199 70881.55439 73500 3 49 2 C2 
26200 70892.55012 79500 4 49 2 C2 
26201 70903.29323 77100 5 49 2 C2 
26202 70908.4879 72600 3 49 1 C2 
26203 70911.18368 77100 4 49 2 C2 
26204 70913.85024 76800 5 49 2 C2 
26205 70919.29318 76200 3 49 1 C2 
26206 70921.95366 72600 4 49 1 C2 
26207 70924.62647 79500 5 49 1 C2 
26208 70931.49134 75300 3 49 2 D1 
26209 70945.85037 72600 3 49 1 C2 
26210 70948.62037 72600 4 49 1 C2 
26211 70951.31234 75000 5 49 1 C2 
26212 70961.82125 73500 3 49 2 C2 
26213 70964.51701 81300 4 49 1 C2 
26214 70967.15444 73500 5 49 2 C2 
26215 70975.18361 76800 3 49 2 C2 
26216 70977.99227 80100 53 48 4 T 
26217 70983.08134 80100 53 48 4 T 
26218 70983.21902 76500 4 49 2 C2 
26219 70987.95708 79800 53 49 1 T 
26220 70993.05901 79800 53 49 1 T 
26221 70998.39227 79800 53 50 2 T 
26222 70999.29302 76500 5 49 2 C2 
26223 71003.48134 79800 53 50 2 T 
26224 71004.62649 76500 3 49 2 C2 
26225 71007.00784 76200 4 49 1 C2 
26226 71008.35708 80100 53 50 3 T 
26227 71013.45901 80100 53 50 3 T 
26228 71015.28711 76800 5 49 2 C2 
26229 71020.20287 76800 53 49 1 T 
26230 71020.48792 75900 3 49 2 C2 
26231 71022.08807 76800 53 49 2 T 
26232 71023.29311 76500 4 49 2 C2 
26233 71025.9537 73500 5 49 2 C2 
26234 71027.20845 76800 53 49 2 T 
26235 71032.50899 79800 53 49 1 T 
26236 71033.59062 76800 53 49 2 T 
26237 71037.5992 79800 53 49 1 T 
26238 71038.86934 77100 53 49 2 T 
26239 71042.48806 79800 53 49 2 T 
26240 71044.5169 75900 3 49 2 C2 
26241 71047.60843 79800 53 49 2 T 
26242 71049.8212 73500 4 49 2 C2 
26243 71052.22116 72600 5 49 2 C2 
26244 71052.909 76800 53 49 1 T 
26245 71057.95377 73500 3 49 2 C2 
26246 71057.99916 76800 53 49 1 T 
26247 71060.51694 75900 4 49 2 C2 
26248 71062.88807 76800 53 49 1 T 
26249 71063.1835 75900 5 49 2 C2 
26250 71068.00848 76800 53 49 1 T 
26251 71073.30898 79800 53 49 2 T 
26252 71073.95988 75900 3 49 1 C2 
26253 71076.19111 80100 53 48 4 T 
26254 71076.62641 76800 4 49 2 C2 
26255 71078.39922 79800 53 49 2 T 
26256 71078.89581 79800 53 49 1 T 
26257 71081.52445 79800 53 49 1 T 
26258 71081.83959 75900 5 49 2 C2 
26259 71083.28802 79800 53 49 2 T 
26260 71088.40844 79800 53 49 2 T 
26261 71092.62035 76800 3 49 2 C2 
26262 71093.70901 77100 53 49 2 T 
26263 71095.32741 73500 4 49 2 C2 
26264 71098.79917 77100 53 49 2 T 
26265 71105.82114 76800 5 49 1 C2 
26266 71108.62032 79800 3 49 1 C2 
26267 71111.15435 76800 4 49 1 C2 
26268 71116.62656 76800 5 49 1 C2 
26269 71118.74372 80100 53 50 3 T 
26270 71119.15447 76800 3 49 1 C2 
26271 71121.85039 79800 4 49 2 C2 
26272 71127.31421 73500 5 49 2 C2 
26273 71132.02245 79800 53 50 2 T 
26274 71140.00579 76800 53 49 2 T 
26275 71140.62654 82500 3 49 2 C2 
26276 71143.15446 76800 4 49 1 C2 
26277 71148.62648 75900 5 49 1 C2 
26278 71151.01597 73500 3 49 2 C2 
26279 71159.28699 75600 4 49 1 C2 
26280 71167.29315 75900 5 49 1 C2 
26281 71169.95359 75600 3 49 1 C2 
26282 71172.35368 73500 4 49 2 C2 
26283 71175.18367 75600 5 49 1 C2 
26284 71180.62039 75600 3 49 1 C2 
26285 71181.98532 76500 53 49 2 T 
26286 71183.15454 76200 4 49 2 C2 
26287 71184.65197 76200 53 49 2 T 
26288 71187.31864 76500 53 49 1 T 
26289 71189.98529 76200 53 49 1 T 
26290 71193.95364 75600 5 49 1 C2 
26291 71196.35072 73500 3 49 2 C2 
26292 71198.74655 76200 4 49 2 C2 
26293 71200.65195 76200 53 50 5 T 
26294 71201.85026 75000 5 49 1 C2 
26295 71204.02247 76800 53 49 1 T 
26296 71204.48775 75000 3 49 1 C2 
26297 71211.31828 79200 53 50 1 T 
26298 71217.95978 75000 4 49 1 C2 
26299 71220.51692 75000 5 49 1 C2 
26300 71223.29303 76200 3 49 2 C2 
26301 71233.95377 77700 4 49 1 C2 
26302 71239.15458 75000 5 49 1 C2 
26303 71241.60029 75900 3 49 1 C2 
26304 71244.62647 75000 4 49 1 C2 
26305 71246.8711 76200 0 50 5 B2 
26306 71248.65194 76800 53 49 1 T 
26307 71248.84613 75900 4 48 1 D1 
26308 71249.8677 76200 0 50 5 B1 
26309 71251.51272 77400 5 48 2 D1 
26310 71251.9051 77400 5 48 2 C1 
26311 71252.48789 73500 5 49 1 C2 
26312 71252.71965 79800 1 49 1 B1 
26313 71254.87105 79200 1 50 1 B2 
26314 71255.20129 83400 2 49 1 B1 
26315 71256.73547 75900 3 48 1 D1 
26316 71257.00653 76800 53 49 1 T 
26317 71257.13612 77400 3 48 2 C1 
26318 71257.9598 78900 3 49 1 C2 
26319 71259.31377 79200 2 50 1 B2 
26320 71259.90497 75900 4 48 1 C1 
26321 71260.48781 76200 4 49 2 C2 
26322 71260.71971 75600 0 50 4 B1 
26323 71262.57173 77400 5 48 2 C1 
26324 71263.28703 76200 5 49 2 C2 
26325 71263.38632 82200 1 49 2 B1 
26326 71264.73563 77100 4 49 2 D1 
26327 71267.5129 76200 5 49 2 D1 
26328 71267.90516 75900 3 48 1 C1 
26329 71270.1871 75600 0 50 4 B2 
26330 71270.29063 76500 3 49 1 D1 
26331 71270.57585 75900 4 48 1 C1 
26332 71271.15452 76200 3 49 2 C2 
26333 71272.65085 75600 1 50 4 B2 
26334 71273.108 75900 5 48 1 C1 
26335 71275.31376 75600 2 50 4 B2 
26336 71275.8027 75900 3 48 1 C1 
26337 71277.98043 75600 0 50 4 B2 
26338 71278.57166 75900 4 48 1 C1 
26339 71280.63042 75600 1 50 4 B2 
26340 71281.13597 75900 5 48 1 C1 
26341 71283.48242 75600 2 50 4 B2 
26342 71283.56607 76200 4 49 2 D1 
26343 71283.77468 75900 3 48 1 C1 
26344 71284.51684 73500 4 49 1 C2 
26345 71286.18704 75600 0 50 4 B2 
26346 71286.57175 75900 4 48 1 C1 
26347 71288.63976 75600 1 50 4 B2 
26348 71291.31376 79800 2 50 2 B2 
26349 71292.46226 76200 2 50 5 A1 
26350 71292.62044 76200 5 49 2 C2 
26351 71295.04212 75900 3 49 1 C2 
26352 71297.95983 75300 4 49 2 C2 
26353 71300.51697 73500 5 49 1 C2 
26354 71302.97872 75600 0 50 4 A1 
26355 71303.28708 75300 3 49 2 C2 
26356 71305.56247 79800 53 49 2 T 
26357 71313.95366 77100 4 49 2 C2 
26358 71316.6264 77700 5 49 1 C2 
26359 71318.23276 75900 5 49 1 D1 
26360 71319.18359 73500 3 49 1 C2 
26361 71320.73562 76800 3 49 2 D1 
26362 71323.2971 84600 0 50 4 B2 
26363 71323.62389 75300 4 49 2 D1 
26364 71328.81575 80100 1 50 3 B2 
26365 71337.10794 80100 5 48 4 C1 
26366 71340.4877 76500 4 49 1 C2 
26367 71341.96371 76200 2 50 5 B2 
26368 71342.1794 75300 5 49 2 D1 
26369 71343.29321 77100 5 49 2 C2 
26370 71344.64709 76200 0 50 5 B2 
26371 71345.82117 76500 3 49 1 C2 
26372 71347.52042 76200 1 50 5 B2 
26373 71347.90929 79200 3 48 3 C1 
26374 71359.15448 76500 4 49 1 C2 
26375 71361.33913 79800 53 49 2 T 
26376 71361.85034 78900 5 49 1 C2 
26377 71369.88568 75300 3 49 2 C2 
26378 71374.17944 76500 3 49 2 D1 
26379 71380.48784 76500 4 49 1 C2 
26380 71384.73557 75900 4 49 1 D1 
26381 71387.56616 76800 5 49 1 D1 
26382 71391.29312 75300 5 49 2 C2 
26383 71393.95358 76200 3 49 1 C2 
26384 71400.95714 76800 3 49 1 D1 
26385 71404.51702 75300 4 49 2 C2 
26386 71407.28697 76200 5 49 1 C2 
26387 71420.62037 79800 3 49 2 C2 
26388 71423.15442 75900 4 49 1 C2 
26389 71425.3558 79800 53 49 2 T 
26390 71425.85028 79500 5 49 1 C2 
26391 71428.48789 75900 3 49 1 C2 
26392 71432.95721 75900 4 49 2 D1 
26393 71437.11551 73500 4 49 1 C2 
26394 71439.83002 76200 5 49 1 C2 
26395 71440.84622 75600 5 49 1 D1 
26396 71442.23005 79800 3 49 2 C2 
26397 71444.74476 75900 4 49 2 C2 
26398 71460.62647 75900 5 49 1 C2 
26399 71464.73547 75600 3 49 1 D1 
26400 71465.82124 75900 3 49 2 C2 
26401 71468.48788 75900 4 49 1 C2 
26402 71476.62043 75900 5 49 2 C2 
26403 71479.1545 75900 3 49 1 C2 
26404 71481.95364 75900 4 49 2 C2 
26405 71484.64721 77100 5 49 2 C2 
26406 71488.12017 75600 1 50 4 A1 
26407 71491.40224 77700 4 49 1 D1 
26408 71492.19113 77100 53 49 2 T 
26409 71495.28606 77400 4 48 2 C1 
26410 71497.95979 76500 3 49 1 C2 
26411 71499.51283 75900 5 49 2 D1 
26412 71500.51683 76200 4 49 1 C2 
26413 71502.29063 75000 3 49 1 D1 
26414 71505.30047 76200 2 50 5 B2 
26415 71511.67694 76200 5 49 1 C2 
26416 71519.18361 76500 3 49 1 C2 
26417 71521.95379 76200 4 49 1 C2 
26418 71523.56602 75000 4 49 1 D1 
26419 71527.29326 76200 5 49 1 C2 
26420 71529.95377 76500 3 49 1 C2 
26421 71533.80396 75300 4 49 2 C2 
26422 71537.95979 76200 5 49 1 C2 
26423 71540.51698 77700 3 49 1 C2 
26424 71543.28707 75900 4 49 2 C2 
26425 71551.15442 76500 5 49 2 C2 
26426 71559.28702 75900 3 49 2 C2 
26427 71561.85025 76200 4 49 1 C2 
26428 71569.82119 77700 5 49 1 C2 
26429 71572.23196 75900 3 49 1 C2 
26430 71577.99227 77400 53 48 2 T 
26431 71580.51706 76500 4 49 2 C2 
26432 71583.08134 77400 53 48 2 T 
26433 71583.29322 76500 5 49 2 C2 
26434 71588.62657 77700 3 49 1 C2 
26435 71593.95984 76800 4 49 2 C2 
26436 71596.48785 76800 5 49 2 C2 
26437 71599.18357 76200 3 49 2 C2 
26438 71615.15452 76500 4 49 2 C2 
26439 71617.95978 76800 5 49 2 C2 
26440 71620.62029 76200 3 49 2 C2 
26441 71622.08807 77700 53 49 1 T 
26442 71622.86957 77400 53 48 2 T 
26443 71627.20845 77700 53 49 1 T 
26444 71627.50569 76200 5 49 1 D1 
26445 71628.25728 77700 53 49 1 T 
26446 71631.12506 76500 4 49 1 C2 
26447 71647.18374 76200 5 49 2 C2 
26448 71649.85037 76800 3 49 2 C2 
26449 71652.4879 76800 4 49 1 C2 
26450 71655.18364 76200 5 49 2 C2 
26451 71657.95377 76200 3 49 2 C2 
26452 71660.48778 76800 4 49 1 C2 
26453 71663.57607 76500 5 49 1 C2 
26454 71673.95367 76200 3 49 2 C2 
26455 71676.22914 77700 53 49 1 T 
26456 71679.29304 75300 4 49 2 C2 
26457 71681.56245 77400 53 48 2 T 
26458 71681.8503 76200 5 49 2 C2 
26459 71692.62647 76200 3 49 2 C2 
26460 71703.15458 76200 4 49 2 C2 
26461 71705.82125 75300 5 49 2 C2 
26462 71708.62046 75300 3 49 2 C2 
26463 71713.95983 76800 4 49 1 C2 
26464 71716.48784 76800 5 49 1 C2 
26465 71719.28699 75300 3 49 2 C2 
26466 71735.29316 75300 4 49 2 C2 
26467 71740.48784 76800 5 49 1 C2 
26468 71743.1835 77100 3 49 2 C2 
26469 71756.51691 76800 4 49 1 C2 
26470 71764.62657 77100 5 49 2 C2 
26471 71767.28709 76800 3 49 1 C2 
26472 71769.85035 75300 4 49 2 C2 
26473 71772.62044 77100 5 49 2 C2 
26474 71775.29306 79500 3 49 2 C2 
26475 71776.65199 75300 53 49 2 T 
26476 71780.62035 75300 4 49 2 C2 
26477 71781.98531 76800 53 49 2 T 
26478 71783.28704 76500 5 49 2 C2 
26479 71791.28702 75300 3 49 2 C2 
26480 71792.65189 77100 53 49 2 T 
26481 71795.31864 79800 53 49 2 T 
26482 71799.1544 75000 4 49 1 C2 
26483 71800.65196 79200 53 50 1 T 
26484 71815.15453 79500 5 49 2 C2 
26485 71820.62658 75000 3 49 1 C2 
26486 71823.29319 75300 4 49 2 C2 
26487 71825.85036 75000 5 49 1 C2 
26488 71827.31865 78900 53 49 1 T 
26489 71831.15455 75000 3 49 1 C2 
26490 71833.95982 75000 4 49 1 C2 
26491 71836.51689 75600 5 49 1 C2 
26492 71839.15453 75000 3 49 1 C2 
26493 71846.23268 77400 3 48 2 D1 
26494 71848.95723 75900 4 48 1 D1 
26495 71851.31856 76800 53 49 1 T 
26496 71851.62383 75900 5 48 1 D1 
26497 71851.90933 80100 5 48 4 C1 
26498 71852.62026 79800 4 49 1 C2 
26499 71852.75765 83100 2 49 3 B1 
26500 71853.98531 76200 53 49 2 T 
26501 71857.24263 75900 3 48 1 C1 
26502 71857.51872 75600 0 50 4 B2 
26503 71858.09104 75600 0 50 4 B1 
26504 71859.81742 75600 1 50 4 B2 
26505 71860.75765 79800 1 49 1 B1 
26506 71862.49939 75900 4 48 1 C1 
26507 71862.8521 75600 2 50 4 B2 
26508 71863.22145 76200 2 50 5 B1 
26509 71867.48243 75600 0 50 4 B2 
26510 71867.51274 75900 3 49 2 D1 
26511 71867.90941 75900 5 48 1 C1 
26512 71869.98043 75600 1 50 4 B2 
26513 71870.4414 75900 3 48 1 C1 
26514 71871.18374 75300 5 49 2 C2 
26515 71872.6471 75600 2 50 4 B2 
26516 71872.95726 75900 4 49 2 D1 
26517 71873.13611 75900 4 48 1 C1 
26518 71875.31371 79800 0 50 2 B2 
26519 71875.56616 75000 5 49 1 D1 
26520 71875.80259 75900 5 48 1 C1 
26521 71876.62037 75000 3 49 1 C2 
26522 71878.06897 77700 3 49 1 D1 
26523 71878.18709 75600 1 50 4 B2 
26524 71878.57156 75900 3 48 1 C1 
26525 71878.97874 79200 2 50 1 A1 
26526 71879.13893 75300 4 49 2 C2 
26527 71880.81575 79200 2 50 1 B2 
26528 71881.23828 79200 4 48 3 C1 
26529 71882.2774 75000 53 49 1 T 
26530 71883.48243 75600 0 50 4 B2 
26531 71883.90926 75900 5 48 1 C1 
26532 71887.28704 75600 5 49 1 C2 
26533 71888.63041 79200 1 50 1 B2 
26534 71889.78764 75600 0 50 4 A1 
26535 71889.82111 75300 3 49 2 C2 
26536 71891.52043 79200 2 50 1 B2 
26537 71892.51695 75600 4 49 1 C2 
26538 71895.12095 76200 1 50 5 A1 
26539 71898.60732 75600 2 50 4 A1 
26540 71901.5475 76200 0 50 5 A1 
26541 71903.28701 75300 5 49 2 C2 
26542 71911.29304 75300 3 49 2 C2 
26543 71920.81577 80100 0 50 3 B2 
26544 71921.1362 77400 3 48 2 C1 
26545 71923.77484 77400 4 48 2 C1 
26546 71926.06891 76500 4 49 1 D1 
26547 71928.63042 76200 1 50 5 B2 
26548 71929.10811 77400 5 48 2 C1 
26549 71931.51282 76200 5 49 2 D1 
26550 71931.52043 76200 2 50 5 B2 
26551 71932.62649 75600 4 49 1 C2 
26552 71934.1491 76200 0 50 5 B2 
26553 71935.14942 76800 5 49 2 C2 
26554 71936.85377 76200 1 50 5 B2 
26555 71937.13599 77400 3 48 2 C1 
26556 71939.48238 76200 2 50 5 B2 
26557 71939.56614 78900 3 49 1 D1 
26558 71940.62045 76800 3 49 2 C2 
26559 71942.18709 76200 0 50 5 B2 
26560 71943.04214 77100 4 49 2 C2 
26561 71945.13604 81600 4 48 5 C1 
26562 71945.38312 75600 5 49 1 C2 
26563 71947.31375 76200 1 50 5 B2 
26564 71947.90922 77400 5 48 2 C1 
26565 71947.99132 76800 3 49 2 C2 
26566 71952.63043 76200 2 50 5 B2 
26567 71959.15452 75300 4 49 2 C2 
26568 71961.95981 76800 5 49 2 C2 
26569 71964.51689 76800 3 49 2 C2 
26570 71979.5661 76200 4 49 2 D1 
26571 71982.06883 76200 5 49 2 D1 
26572 71990.29057 76800 3 49 1 D1 
26573 71993.8503 78900 4 49 1 C2 
26574 71995.51288 76800 4 49 1 D1 
26575 71996.62044 79500 5 49 2 C2 
26576 71999.18361 78900 3 49 1 C2 
26577 72001.62303 75000 4 49 1 C2 
26578 72004.06938 79800 5 49 2 C2 
26579 72006.58363 79800 3 49 2 C2 
26580 72009.05011 78600 4 49 2 C2 
26581 72011.61053 79800 5 49 2 C2 
26582 72015.25907 75900 3 48 1 C1 
26583 72015.70454 75300 3 49 2 C2 
26584 72023.57189 77700 4 49 1 C2 
26585 72026.26774 77700 5 49 1 C2 
26586 72037.1296 75000 3 49 1 C2 
26587 72039.26202 79200 4 48 3 C1 
26588 72040.89934 75900 5 49 1 D1 
26589 72043.51288 75900 3 49 1 D1 
26590 72046.06895 75600 4 49 1 D1 
26591 72050.23866 77700 4 49 1 C2 
26592 72052.88973 77700 5 49 1 C2 
26593 72054.29059 75600 5 49 1 D1 
26594 72058.37739 75900 3 49 1 C2 
26595 72060.75901 75600 4 49 1 C2 
26596 72066.32173 81300 5 49 1 C2 
26597 72071.71071 79500 3 49 1 C2 
26598 72082.37105 75900 4 49 1 C2 
26599 72087.57198 75900 5 49 1 C2 
26600 72092.02045 75300 3 49 2 C2 
26601 72094.17936 76200 3 49 1 D1 
26602 72103.70453 77100 4 49 2 C2 
26603 72106.37116 77100 5 49 2 C2 
26604 72107.62388 75300 4 49 2 D1 
26605 72110.06896 76200 5 49 1 D1 
26606 72112.35475 76500 3 49 1 D1 
26607 72114.26785 75000 3 49 1 C2 
26608 72116.65783 75300 4 49 2 C2 
26609 72119.05781 75000 5 49 1 C2 
26610 72122.23859 75000 3 49 1 C2 
26611 72124.93444 77100 4 49 2 C2 
26612 72132.90941 75900 5 49 1 C2 
26613 72140.98915 79500 3 49 2 C2 
26614 72150.29043 76500 4 49 2 D1 
26615 72154.37724 75900 4 49 1 C2 
26616 72158.06891 76500 5 49 2 D1 
26617 72159.71063 82500 5 49 2 C2 
26618 72163.56608 77100 3 49 2 D1 
26619 72172.90554 76800 3 49 1 C2 
26620 72175.57193 75900 4 49 1 C2 
26621 72178.3711 76800 5 49 1 C2 
26622 72186.23866 75000 3 49 1 C2 
26623 72191.57209 75900 4 49 1 C2 
26624 72196.93434 76800 5 49 1 C2 
26625 72205.04395 76800 3 49 1 C2 
26626 72210.19864 75900 4 49 1 C2 
26627 72220.93442 75000 5 49 1 C2 
26628 72222.30902 81300 53 49 1 T 
26629 72223.7107 76200 3 49 2 C2 
26630 72226.37123 76200 4 49 2 C2 
26631 72227.39919 81300 53 49 1 T 
26632 72232.07589 75900 5 49 1 C2 
26633 72234.72397 75000 3 49 1 C2 
26634 72237.22331 76800 4 49 1 C2 
26635 72239.74913 76200 5 49 2 C2 
26636 72250.37123 75000 3 49 1 C2 
26637 72252.90518 76200 4 49 2 C2 
26638 72255.36171 77100 5 49 2 C2 
26639 72257.7232 76200 3 49 2 C2 
26640 72276.00579 81300 53 49 1 T 
26641 72276.90533 76800 4 49 1 C2 
26642 72282.23869 76200 5 49 2 C2 
26643 72286.17067 76800 4 49 2 D1 
26644 72287.71075 76500 3 49 2 C2 
26645 72290.26788 76500 4 49 2 C2 
26646 72292.66791 77100 5 49 2 C2 
26647 72295.09816 76200 3 49 2 C2 
26648 72297.56104 76800 4 49 1 C2 
26649 72300.93439 76500 5 49 2 C2 
26650 72303.71069 76800 3 49 1 C2 
26651 72308.90537 76500 4 49 2 C2 
26652 72311.70439 76500 5 49 2 C2 
26653 72314.20839 75000 3 49 1 C2 
26654 72335.70455 76200 4 49 2 C2 
26655 72338.20133 76800 5 49 1 C2 
26656 72340.93449 76200 3 49 1 C2 
26657 72343.60111 76500 4 49 1 C2 
26658 72346.37117 76200 5 49 2 C2 
26659 72348.93441 76200 3 49 2 C2 
26660 72351.57205 76200 4 49 1 C2 
26661 72354.23853 76200 5 49 1 C2 
26662 72356.92379 76200 3 49 2 C2 
26663 72365.04384 76500 4 49 1 C2 
26664 72370.86736 75000 5 49 1 C2 
26665 72379.3186 76800 53 49 1 T 
26666 72381.98532 79500 53 49 2 T 
26667 72384.65192 79800 53 49 2 T 
26668 72387.31873 79500 53 49 2 T 
26669 72389.04398 76500 3 49 1 C2 
26670 72399.57197 76200 4 49 1 C2 
26671 72400.65189 75600 53 50 4 T 
26672 72402.37727 76500 5 49 1 C2 
26673 72403.31829 79200 53 50 1 T 
26674 72404.90542 75600 3 49 1 C2 
26675 72407.57197 76500 4 49 2 C2 
26676 72410.37729 75600 5 49 1 C2 
26677 72412.90541 76500 3 49 1 C2 
26678 72415.70448 75600 4 49 1 C2 
26679 72418.37124 75600 5 49 1 C2 
26680 72426.26769 75600 3 49 1 C2 
26681 72437.98527 76200 53 49 2 T 
26682 72440.65192 79500 53 49 1 T 
26683 72443.31868 75600 53 49 1 T 
26684 72448.73542 77400 5 48 2 D1 
26685 72449.13611 75900 5 48 1 C1 
26686 72451.80273 80100 3 48 4 C1 
26687 72452.29709 76200 0 50 5 B2 
26688 72452.53432 83400 0 49 1 B1 
26689 72454.06885 79200 3 48 3 D1 
26690 72455.20104 75600 1 50 4 B1 
26691 72456.84619 83100 4 49 3 D1 
26692 72456.85377 76200 1 50 5 B2 
26693 72457.23838 80100 4 48 4 C1 
26694 72457.88437 79800 2 49 1 B1 
26695 72458.37127 75900 4 49 2 C2 
26696 72459.51278 75900 5 48 1 D1 
26697 72460.29705 76200 2 50 5 B2 
26698 72460.7197 76200 0 50 5 B1 
26699 72461.03779 75600 5 49 1 C2 
26700 72462.1796 76200 3 49 2 D1 
26701 72462.57165 77400 5 48 2 C1 
26702 72463.21766 82200 1 49 2 B1 
26703 72463.70451 76200 3 49 1 C2 
26704 72466.13725 77400 53 48 2 T 
26705 72466.37122 76200 4 49 1 C2 
26706 72467.5129 76200 4 49 2 D1 
26707 72467.52043 84600 0 50 4 B2 
26708 72468.93439 75600 5 49 1 C2 
26709 72469.9731 76200 1 50 5 B2 
26710 72470.23291 75900 5 49 2 D1 
26711 72470.57163 77400 3 48 2 C1 
26712 72471.71056 75900 3 49 2 C2 
26713 72473.24254 77400 4 48 2 C1 
26714 72474.1373 79200 53 48 3 T 
26715 72474.26772 75900 4 49 2 C2 
26716 72475.31375 76200 2 50 5 B2 
26717 72475.8027 77400 5 48 2 C1 
26718 72476.804 75900 53 48 1 T 
26719 72477.04403 75900 5 49 2 C2 
26720 72477.96377 76200 0 50 5 B2 
26721 72478.44163 77400 3 48 2 C1 
26722 72479.6726 77700 53 49 1 T 
26723 72480.73555 79800 3 49 2 D1 
26724 72481.23846 79200 4 48 3 C1 
26725 72482.23857 75900 3 49 2 C2 
26726 72483.48242 75600 1 50 4 B2 
26727 72483.77468 77400 5 48 2 C1 
26728 72486.46932 79200 3 48 3 C1 
26729 72487.12895 75600 1 50 4 A1 
26730 72488.64709 75600 2 50 4 B2 
26731 72491.29709 75600 0 50 4 B2 
26732 72491.31858 75900 53 49 2 T 
26733 72491.77482 79200 4 48 3 C1 
26734 72494.05029 76200 2 50 5 A1 
26735 72494.18704 75600 1 50 4 B2 
26736 72496.65191 75900 53 49 1 T 
26737 72503.572 75900 4 49 2 C2 
26738 72508.55762 76200 0 50 5 A1 
26739 72509.04404 76800 5 49 2 C2 
26740 72511.21771 79200 2 50 1 B1 
26741 72514.3964 76500 3 49 1 C2 
26742 72517.37488 75900 4 49 2 C2 
26743 72519.79577 75600 5 49 1 C2 
26744 72520.63043 79200 2 50 1 B2 
26745 72520.95721 75600 4 49 1 D1 
26746 72522.37726 79500 3 49 1 C2 
26747 72523.62396 76500 5 49 1 D1 
26748 72525.04401 75900 4 49 2 C2 
26749 72527.60105 76800 5 49 2 C2 
26750 72528.81575 79200 0 50 1 B2 
26751 72530.23863 76800 3 49 2 C2 
26752 72531.31376 80100 1 50 3 B2 
26753 72531.51285 76200 3 49 2 D1 
26754 72534.23272 79500 4 49 2 D1 
26755 72538.37106 76500 4 49 2 C2 
26756 72539.29704 79200 2 50 1 B2 
26757 72539.90496 75900 5 48 1 C1 
26758 72540.93449 76800 5 49 2 C2 
26759 72542.43718 75900 3 48 1 C1 
26760 72544.65085 79200 0 50 1 B2 
26761 72547.90929 75900 4 48 1 C1 
26762 72555.48243 76200 1 50 5 B2 
26763 72557.98042 79800 2 50 2 B2 
26764 72562.30941 76500 3 49 2 C2 
26765 72567.64277 76500 4 49 2 C2 
26766 72574.0689 76200 5 49 1 D1 
26767 72576.7356 76800 3 49 1 D1 
26768 72578.2386 76500 5 49 2 C2 
26769 72580.93446 76800 3 49 2 C2 
26770 72583.70447 76500 4 49 2 C2 
26771 72584.95725 76500 4 49 1 D1 
26772 72587.51276 76200 5 49 1 D1 
26773 72588.93451 76800 5 49 2 C2 
26774 72594.23876 76500 3 49 2 C2 
26775 72596.6495 75600 4 49 1 C2 
26776 72597.4184 79800 0 49 1 B1 
26777 72613.04393 75900 5 49 1 C2 
26778 72620.20242 76200 0 50 5 B2 
26779 72623.71058 75900 3 49 1 C2 
26780 72626.2387 75900 4 49 1 C2 
26781 72629.03779 75900 5 49 1 C2 
26782 72637.04393 75900 3 49 1 C2 
26783 72638.0689 76800 3 49 1 D1 
26784 72639.57195 76500 4 49 2 C2 
26785 72640.89945 76800 4 49 2 D1 
26786 72642.23873 75900 5 49 1 C2 
26787 72643.5661 75900 5 49 1 D1 
26788 72646.29048 76800 3 49 1 D1 
26789 72650.37125 75900 3 49 1 C2 
26790 72660.93432 76800 4 49 1 C2 
26791 72671.60109 76800 5 49 1 C2 
26792 72676.93442 76800 3 49 1 C2 
26793 72678.2604 80100 1 50 3 B2 
26794 72680.92834 79200 1 50 1 A1 
26795 72682.32259 76800 4 49 1 C2 
26796 72687.60107 76800 5 49 1 C2 
26797 72691.51286 77100 4 49 2 D1 
26798 72695.28025 75900 5 48 1 C1 
26799 72701.03777 75900 3 49 1 C2 
26800 72701.21212 79800 2 50 2 B2 
26801 72703.70446 76800 4 49 1 C2 
26802 72706.37128 76800 5 49 1 C2 
26803 72710.06885 77100 5 49 2 D1 
26804 72711.7107 76800 3 49 1 C2 
26805 72720.21361 76500 4 49 2 C2 
26806 72724.90523 79800 5 49 2 C2 
26807 72735.57196 78900 3 49 1 C2 
26808 72738.23863 78900 4 49 1 C2 
26809 72740.90527 79800 5 49 2 C2 
26810 72743.31602 75900 3 49 2 C2 
26811 72745.76219 79800 4 49 2 C2 
26812 72747.62387 77700 3 49 1 D1 
26813 72748.93432 77700 5 49 1 C2 
26814 72752.95721 76500 4 49 2 D1 
26815 72754.37728 76800 3 49 1 C2 
26816 72757.04399 78900 4 49 1 C2 
26817 72758.17952 78900 5 49 1 D1 
26818 72759.71059 76800 5 49 1 C2 
26819 72763.56607 76500 3 49 2 D1 
26820 72763.81811 75900 3 49 1 C2 
26821 72775.70442 75000 4 49 1 C2 
26822 72777.75708 81600 53 48 5 T 
26823 72782.85901 81600 53 48 5 T 
26824 72789.03784 77700 5 49 1 C2 
26825 72791.43497 76500 3 49 2 C2 
26826 72797.0378 75000 4 49 1 C2 
26827 72799.70451 75000 5 49 1 C2 
26828 72802.26785 75000 3 49 1 C2 
26829 72807.60116 77700 4 49 1 C2 
26830 72810.26787 77700 5 49 1 C2 
26831 72811.62388 79500 4 49 2 D1 
26832 72812.90529 76200 3 49 2 C2 
26833 72818.2678 77700 4 49 1 C2 
26834 72822.08807 78900 53 49 1 T 
26835 72823.71054 76200 5 49 2 C2 
26836 72826.23875 75000 3 49 1 C2 
26837 72827.20845 78900 53 49 1 T 
26838 72828.20267 78600 53 49 2 T 
26839 72832.50899 78600 53 49 2 T 
26840 72833.59058 78900 53 49 1 T 
26841 72839.79173 76800 4 49 1 C2 
26842 72847.71065 76200 5 49 2 C2 
26843 72850.37726 76200 3 49 2 C2 
26844 72853.04393 76200 4 49 2 C2 
26845 72855.57204 76200 5 49 2 C2 
26846 72863.57199 76200 3 49 2 C2 
26847 72869.03784 76200 4 49 2 C2 
26848 72870.68913 78900 53 49 1 T 
26849 72876.90539 76200 5 49 2 C2 
26850 72878.27424 79500 5 49 1 D1 
26851 72879.57305 79500 3 49 2 C2 
26852 72881.33911 81600 53 48 5 T 
26853 72885.03794 76200 4 49 2 C2 
26854 72895.71926 76800 3 49 2 D1 
26855 72903.60112 78600 5 49 2 C2 
26856 72911.7046 79500 3 49 2 C2 
26857 72914.26777 76200 4 49 2 C2 
26858 72916.93443 76200 5 49 2 C2 
26859 72922.37119 76200 3 49 2 C2 
26860 72924.79285 79800 4 49 1 C2 
26861 72930.37129 76200 5 49 2 C2 
26862 72933.04391 79500 3 49 2 C2 
26863 72938.37117 76200 4 49 2 C2 
26864 72940.9052 75900 5 49 2 C2 
26865 72943.7107 79500 3 49 2 C2 
26866 72965.04407 75900 4 49 2 C2 
26867 72967.57197 75900 5 49 2 C2 
26868 72975.57202 75900 3 49 2 C2 
26869 72976.65198 76500 53 49 2 T 
26870 72978.23864 75900 4 49 2 C2 
26871 72981.04403 75900 5 49 2 C2 
26872 72986.37732 79500 3 49 1 C2 
26873 72987.31855 79800 53 49 2 T 
26874 72989.9853 76500 53 49 1 T 
26875 72991.60128 75900 4 49 2 C2 
26876 72994.37106 76200 5 49 1 C2 
26877 72997.04393 79500 3 49 1 C2 
26878 72999.60107 75900 4 49 2 C2 
26879 73000.65188 79800 53 50 2 T 
26880 73003.31871 76200 53 50 5 T 
26881 73005.9852 79200 53 50 1 T 
26882 73008.6517 80100 53 50 3 T 
26883 73020.77922 76200 53 49 1 T 
26884 73026.26789 76200 5 49 1 C2 
26885 73029.03782 76200 3 49 1 C2 
26886 73029.98526 79800 53 49 1 T 
26887 73031.70457 76200 4 49 1 C2 
26888 73037.03784 76200 5 49 1 C2 
26889 73037.98526 76800 53 49 1 T 
26890 73039.38638 79800 1 49 1 B1 
26891 73039.43493 76200 3 49 2 C2 
26892 73043.56601 79200 4 48 3 D1 
26893 73046.29043 77400 5 48 2 D1 
26894 73047.60116 76200 4 49 1 C2 
26895 73048.65192 79800 53 49 2 T 
26896 73050.05304 76200 2 50 5 B1 
26897 73050.26778 75900 5 49 2 C2 
26898 73051.31858 76200 53 49 2 T 
26899 73051.56601 80100 3 48 4 D1 
26900 73052.7577 79200 0 50 1 B1 
26901 73053.04384 76500 3 49 1 C2 
26902 73055.22142 83100 1 49 3 B1 
26903 73057.10821 80100 3 48 4 C1 
26904 73057.62209 79200 0 50 1 B2 
26905 73058.05299 79800 2 49 1 B1 
26906 73058.26782 76200 4 49 1 C2 
26907 73059.6239 83400 4 49 1 D1 
26908 73060.28872 79200 1 50 1 B2 
26909 73060.90529 76200 5 49 1 C2 
26910 73062.29061 79800 5 49 1 D1 
26911 73062.44151 80100 4 48 4 C1 
26912 73062.82435 79200 2 50 1 B2 
26913 73063.47092 79800 53 49 1 T 
26914 73064.73566 76200 3 49 1 D1 
26915 73065.37115 79200 0 50 1 B2 
26916 73067.40236 76800 4 49 1 D1 
26917 73067.90919 77400 5 48 2 C1 
26918 73070.17949 76800 5 49 1 D1 
26919 73070.18709 76200 1 50 5 B2 
26920 73070.57588 77400 3 48 2 C1 
26921 73072.65085 76200 2 50 5 B2 
26922 73072.89948 77400 3 48 2 D1 
26923 73073.108 77400 4 48 2 C1 
26924 73074.13725 80100 53 48 4 T 
26925 73075.48243 79200 0 50 1 B2 
26926 73075.80275 77400 5 48 2 C1 
26927 73078.1491 76200 1 50 5 B2 
26928 73078.57581 77400 3 48 2 C1 
26929 73080.64704 76200 2 50 5 B2 
26930 73080.73564 76800 4 49 1 D1 
26931 73081.23848 77400 4 48 2 C1 
26932 73083.29708 79800 0 50 2 B2 
26933 73083.80262 77400 5 48 2 C1 
26934 73086.18709 79800 1 50 2 B2 
26935 73086.57576 81600 3 48 5 C1 
26936 73089.23834 77400 4 48 2 C1 
26937 73090.37731 76500 3 49 1 C2 
26938 73091.48242 79800 2 50 2 B2 
26939 73092.65843 79200 2 50 1 A1 
26940 73093.04397 76500 4 49 1 C2 
26941 73095.71062 76500 5 49 1 C2 
26942 73095.85337 79800 0 50 2 A1 
26943 73098.23874 76500 3 49 1 C2 
26944 73099.24648 80100 1 50 3 A1 
26945 73102.18926 76200 2 50 5 A1 
26946 73111.57206 76500 4 49 1 C2 
26947 73114.23864 76500 5 49 1 C2 
26948 73116.93435 75300 3 49 2 C2 
26949 73119.70448 77100 4 49 2 C2 
26950 73120.89943 76800 5 49 2 D1 
26951 73123.62379 77700 3 49 1 D1 
26952 73124.90533 76500 5 49 1 C2 
26953 73126.2328 77700 4 49 1 D1 
26954 73131.31375 80100 0 50 3 B2 
26955 73131.77486 79200 5 48 3 C1 
26956 73134.4693 79200 3 48 3 C1 
26957 73136.81571 80100 1 50 3 B2 
26958 73136.89945 78600 5 49 2 D1 
26959 73137.13594 79200 4 48 3 C1 
26960 73139.80272 80100 5 48 4 C1 
26961 73140.93445 77100 3 49 2 C2 
26962 73142.57566 79200 3 48 3 C1 
26963 73144.85375 80100 2 50 3 B2 
26964 73147.30643 79200 0 50 1 B2 
26965 73148.93448 77100 4 49 2 C2 
26966 73151.60107 75300 5 49 2 C2 
26967 73154.37124 75300 3 49 2 C2 
26968 73170.37726 75300 4 49 2 C2 
26969 73175.70449 77100 5 49 2 C2 
26970 73176.84611 78900 3 49 1 D1 
26971 73178.37126 77100 3 49 2 C2 
26972 73179.40214 79500 4 49 1 D1 
26973 73180.90523 75600 4 49 1 C2 
26974 73187.51283 76800 5 49 2 D1 
26975 73194.43889 79800 0 49 1 B1 
26976 73199.97987 76200 5 49 1 C2 
26977 73204.59505 77400 4 48 2 C1 
26978 73207.57201 75600 3 49 1 C2 
26979 73210.23864 75600 4 49 1 C2 
26980 73213.04402 75600 5 49 1 C2 
26981 73218.37731 75600 3 49 1 C2 
26982 73223.60123 75600 4 49 1 C2 
26983 73227.62387 77100 3 49 2 D1 
26984 73231.70441 79500 5 49 2 C2 
26985 73234.3773 75600 3 49 1 C2 
26986 73237.044 75600 4 49 1 C2 
26987 73238.29057 76500 4 49 2 D1 
26988 73239.60108 76500 5 49 1 C2 
26989 73240.89942 79800 5 49 2 D1 
26990 73243.62389 79500 3 49 2 D1 
26991 73255.7045 76500 3 49 1 C2 
26992 73261.03783 76500 4 49 1 C2 
26993 73263.53466 76500 5 49 1 C2 
26994 73274.26779 76500 3 49 1 C2 
26995 73277.03781 79500 4 49 2 C2 
26996 73284.90543 81300 5 49 1 C2 
26997 73290.26781 79500 3 49 2 C2 
26998 73291.40226 79500 4 49 2 D1 
26999 73293.04385 76500 4 49 1 C2 
27000 73295.57192 79800 5 49 1 C2 
27001 73296.84614 76500 5 49 1 D1 
27002 73300.93456 76500 3 49 1 C2 
27003 73309.04395 76500 4 49 2 C2 
27004 73314.37731 76500 5 49 2 C2 
27005 73317.09483 75300 3 49 2 C2 
27006 73335.57201 79800 4 49 1 C2 
27007 73338.37729 76500 5 49 1 C2 
27008 73340.82645 77100 3 49 2 C2 
27009 73343.19199 76500 4 49 2 C2 
27010 73345.79837 76500 5 49 2 C2 
27011 73347.5661 79800 3 49 1 D1 
27012 73354.23866 76500 3 49 1 C2 
27013 73356.93431 76500 4 49 2 C2 
27014 73359.70448 76500 5 49 2 C2 
27015 73362.23869 76500 3 49 2 C2 
27016 73364.63875 75600 4 49 1 C2 
27017 73367.04945 77100 5 49 2 C2 
27018 73371.46401 76200 4 49 2 D1 
27019 73377.99227 79200 53 48 3 T 
27020 73380.90936 77100 3 49 2 C2 
27021 73383.08134 79200 53 48 3 T 
27022 73387.95708 82200 53 49 2 T 
27023 73393.05901 82200 53 49 2 T 
27024 73394.37113 77100 4 49 2 C2 
27025 73397.03791 77100 5 49 2 C2 
27026 73398.39227 79200 53 50 1 T 
27027 73399.7107 77100 3 49 2 C2 
27028 73403.48134 79200 53 50 1 T 
27029 73408.35708 79200 53 50 1 T 
27030 73413.04392 78900 4 49 1 C2 
27031 73413.45901 79200 53 50 1 T 
27032 73415.70446 76500 5 49 2 C2 
27033 73418.23864 75600 3 49 1 C2 
27034 73420.90516 77100 4 49 2 C2 
27035 73422.29918 79500 53 49 2 T 
27036 73422.86957 79500 53 49 1 T 
27037 73425.8281 79500 53 49 1 T 
27038 73426.37127 77100 5 49 2 C2 
27039 73427.18804 79500 53 49 2 T 
27040 73428.79297 76500 3 49 1 C2 
27041 73431.12273 79500 53 49 2 T 
27042 73432.30844 82500 53 49 2 T 
27043 73434.23867 75600 4 49 1 C2 
27044 73436.25734 79200 53 48 3 T 
27045 73437.60899 82500 53 49 2 T 
27046 73439.57202 77100 5 49 2 C2 
27047 73442.6992 79500 53 49 2 T 
27048 73447.58807 79500 53 49 2 T 
27049 73447.60122 79800 3 49 2 C2 
27050 73452.70844 79500 53 49 1 T 
27051 73452.98842 78900 4 49 1 C2 
27052 73458.00901 79500 53 49 1 T 
27053 73463.09919 79500 53 49 1 T 
27054 73468.19113 79500 53 49 1 T 
27055 73471.6011 79800 5 49 2 C2 
27056 73476.02245 79200 53 48 3 T 
27057 73477.04397 77100 3 49 2 C2 
27058 73478.44 77100 5 49 2 D1 
27059 73478.85778 79200 53 50 1 T 
27060 73479.70446 77700 4 49 1 C2 
27061 73481.56245 82200 53 49 2 T 
27062 73481.59065 79200 53 50 1 T 
27063 73482.37737 78900 5 49 1 C2 
27064 73485.03775 75600 3 49 1 C2 
27065 73487.70447 77700 4 49 1 C2 
27066 73489.53612 79500 53 49 2 T 
27067 73496.05079 79800 3 49 2 D1 
27068 73501.03786 75600 5 49 1 C2 
27069 73503.57206 76200 3 49 2 C2 
27070 73508.93456 76200 4 49 2 C2 
27071 73511.60114 79800 5 49 2 C2 
27072 73526.89581 79500 53 49 2 T 
27073 73527.71054 77700 3 49 1 C2 
27074 73529.56245 79200 53 50 1 T 
27075 73530.25575 78900 4 49 1 C2 
27076 73535.6012 77700 5 49 1 C2 
27077 73538.23862 76200 3 49 2 C2 
27078 73540.64937 76500 4 49 2 C2 
27079 73543.7106 76200 5 49 2 C2 
27080 73551.70461 76200 3 49 2 C2 
27081 73572.90531 76200 4 49 2 C2 
27082 73573.98532 78900 53 49 1 T 
27083 73575.57203 76200 5 49 2 C2 
27084 73576.65197 77100 53 49 2 T 
27085 73583.57206 76200 3 49 2 C2 
27086 73586.37112 76200 4 49 2 C2 
27087 73587.31862 78600 53 49 2 T 
27088 73588.00579 79500 53 49 2 T 
27089 73588.90527 77700 5 49 1 C2 
27090 73589.98529 76800 53 49 2 T 
27091 73591.60099 76200 3 49 2 C2 
27092 73596.93445 76800 4 49 2 C2 
27093 73605.98523 79200 53 50 1 T 
27094 73610.37734 76800 5 49 2 C2 
27095 73612.8351 75600 3 49 1 C2 
27096 73623.70449 76200 4 49 2 C2 
27097 73629.98532 76800 53 49 1 T 
27098 73634.37124 76800 5 49 2 C2 
27099 73635.31864 79800 53 49 2 T 
27100 73637.0379 76200 3 49 2 C2 
27101 73639.42437 79800 1 49 1 B1 
27102 73642.37725 76800 4 49 2 C2 
27103 73643.31856 76200 53 49 2 T 
27104 73646.17934 80100 4 48 4 D1 
27105 73647.38632 79800 2 49 1 B1 
27106 73647.7045 76200 5 49 2 C2 
27107 73648.73548 77400 5 48 2 D1 
27108 73649.3558 82500 53 49 2 T 
27109 73650.09099 79800 0 49 1 B1 
27110 73651.51278 79200 3 48 3 D1 
27111 73652.20438 79200 1 50 1 B2 
27112 73652.54369 79800 1 49 1 B1 
27113 73652.90531 79800 3 49 2 C2 
27114 73654.57179 77400 5 48 2 C1 
27115 73655.42431 83400 2 49 1 B1 
27116 73655.57187 76800 4 49 2 C2 
27117 73656.6471 79200 2 50 1 B2 
27118 73656.73562 79800 4 49 1 D1 
27119 73657.23839 77400 3 48 2 C1 
27120 73657.87702 80100 0 50 3 B1 
27121 73660.20443 79200 0 50 1 B2 
27122 73660.75771 79800 1 50 2 B1 
27123 73662.46937 79200 4 48 3 C1 
27124 73663.38632 82200 2 49 2 B1 
27125 73665.13595 79200 5 48 3 C1 
27126 73667.56619 77700 5 49 1 D1 
27127 73667.77063 79200 3 48 3 C1 
27128 73670.18709 79200 1 50 1 B2 
27129 73671.60121 79500 5 49 1 C2 
27130 73672.85377 80100 2 50 3 B2 
27131 73672.95715 77700 3 49 1 D1 
27132 73673.23839 80100 4 48 4 C1 
27133 73674.22069 76200 3 49 2 C2 
27134 73675.48243 79200 0 50 1 B2 
27135 73675.56619 77100 4 49 2 D1 
27136 73675.90939 79200 5 48 3 C1 
27137 73678.44134 80100 3 48 4 C1 
27138 73681.1081 80100 4 48 4 C1 
27139 73683.29709 79800 1 50 2 B2 
27140 73685.04809 79500 4 49 1 C2 
27141 73687.71466 76800 5 49 2 C2 
27142 73688.81575 79800 2 50 2 B2 
27143 73689.10782 80100 5 48 4 C1 
27144 73690.17248 76200 3 49 2 C2 
27145 73693.97308 80100 0 50 3 B2 
27146 73695.22429 79200 0 50 1 A1 
27147 73698.19803 80100 1 50 3 A1 
27148 73698.38136 76200 4 49 2 C2 
27149 73701.0481 76800 5 49 2 C2 
27150 73701.59114 79800 2 50 2 A1 
27151 73703.60511 79500 3 49 1 C2 
27152 73714.37512 82500 4 49 2 C2 
27153 73715.77478 77400 3 48 2 C1 
27154 73716.87914 77700 5 49 1 C2 
27155 73719.70853 76800 3 49 1 C2 
27156 73721.8677 79200 0 50 1 B1 
27157 73723.51281 76800 5 49 2 D1 
27158 73723.80284 77400 4 48 2 C1 
27159 73726.06882 79800 3 49 2 D1 
27160 73727.70859 79800 4 49 2 C2 
27161 73730.24278 76800 5 49 1 C2 
27162 73731.90932 77400 5 48 2 C1 
27163 73734.18708 79200 1 50 1 B2 
27164 73734.57163 77400 3 48 2 C1 
27165 73736.84612 79500 4 49 2 D1 
27166 73738.37521 76800 3 49 1 C2 
27167 73740.91303 78600 4 49 2 C2 
27168 73742.57159 77400 4 48 2 C1 
27169 73744.64709 79200 2 50 1 B2 
27170 73744.95727 79800 5 49 2 D1 
27171 73747.90503 77400 5 48 2 C1 
27172 73748.93859 76800 5 49 1 C2 
27173 73750.14909 79200 0 50 1 B2 
27174 73753.10799 77400 3 48 2 C1 
27175 73756.93852 76800 3 49 2 C2 
27176 73759.57599 76800 4 49 1 C2 
27177 73762.88545 76800 5 49 2 C2 
27178 73770.38127 76800 3 49 1 C2 
27179 73773.048 76800 4 49 1 C2 
27180 73784.76221 76200 5 49 2 C2 
27181 73787.566 79500 3 49 1 D1 
27182 73787.58626 76800 3 49 1 C2 
27183 73789.95995 75900 4 49 2 C2 
27184 73790.29059 79500 4 49 1 D1 
27185 73792.29486 76800 5 49 1 C2 
27186 73794.82556 75900 3 49 2 C2 
27187 73797.35601 76800 4 49 1 C2 
27188 73798.06894 78900 5 49 1 D1 
27189 73810.50687 76800 5 49 1 C2 
27190 73815.97268 75900 3 49 2 C2 
27191 73820.62941 79200 4 48 3 C1 
27192 73821.90169 80100 1 50 3 B2 
27193 73826.53587 76800 4 49 1 C2 
27194 73831.32762 79500 5 49 1 C2 
27195 73837.20264 76800 3 49 1 C2 
27196 73839.86928 75900 4 49 1 C2 
27197 73842.63945 79500 5 49 2 C2 
27198 73843.99522 81600 5 48 5 C1 
27199 73844.094 84600 2 50 4 B2 
27200 73845.31222 79500 3 49 2 C2 
27201 73846.23276 76800 3 49 1 D1 
27202 73848.79769 77400 4 48 2 D1 
27203 73853.306 75900 4 49 2 C2 
27204 73861.20261 75900 5 49 1 C2 
27205 73863.97265 76800 3 49 1 C2 
27206 73866.63942 75900 4 49 1 C2 
27207 73867.04102 79800 0 50 2 B2 
27208 73871.04625 79800 5 49 1 D1 
27209 73877.69102 79200 0 50 1 A1 
27210 73879.84006 75900 5 49 1 C2 
27211 73882.6454 79500 3 49 2 C2 
27212 73895.84015 76200 4 49 1 C2 
27213 73898.53601 76200 5 49 1 C2 
27214 73900.93601 76800 3 49 1 C2 
27215 73903.31182 75900 4 49 1 C2 
27216 73906.64556 76200 5 49 1 C2 
27217 73911.97882 76200 3 49 1 C2 
27218 73914.64545 75900 4 49 2 C2 
27219 73919.84017 76200 5 49 1 C2 
27220 73930.64555 76200 3 49 1 C2 
27221 73938.53593 79500 4 49 2 C2 
27222 73946.63926 76200 5 49 1 C2 
27223 73954.63938 76200 3 49 1 C2 
27224 73957.17356 76800 4 49 2 C2 
27225 73959.97266 79800 5 49 1 C2 
27226 73962.36978 76800 3 49 1 C2 
27227 73964.76557 79500 4 49 2 C2 
27228 73966.11077 79500 3 49 2 D1 
27229 73973.20264 76200 5 49 1 C2 
27230 73975.85813 79800 3 49 1 C2 
27231 73977.99227 83100 53 49 3 T 
27232 73983.08134 83100 53 49 3 T 
27233 73983.86937 79800 4 49 1 C2 
27234 73987.95708 83100 53 49 3 T 
27235 73993.05901 79800 53 50 2 T 
27236 73997.17343 76800 5 49 2 C2 
27237 73998.39227 79800 53 50 2 T 
27238 74003.48134 80100 53 50 3 T 
27239 74005.31215 76800 3 49 2 C2 
27240 74007.97867 76800 4 49 2 C2 
27241 74008.35708 80100 53 50 3 T 
27242 74013.17361 76800 5 49 2 C2 
27243 74013.45901 79800 53 49 1 T 
27244 74014.86953 79800 53 50 2 T 
27245 74015.9728 79800 3 49 2 C2 
27246 74018.79227 79800 53 49 1 T 
27247 74021.31215 76800 4 49 2 C2 
27248 74022.08807 79800 53 49 1 T 
27249 74023.88134 80100 53 48 4 T 
27250 74025.59053 79800 53 49 2 T 
27251 74027.20845 79800 53 49 1 T 
27252 74028.75708 80100 53 48 4 T 
27253 74029.17352 76800 5 49 2 C2 
27254 74032.50899 79800 53 49 2 T 
27255 74033.53628 80100 53 50 3 T 
27256 74034.50686 79500 3 49 2 C2 
27257 74037.31213 76800 4 49 2 C2 
27258 74037.5992 79800 53 49 2 T 
27259 74042.48806 79800 53 49 2 T 
27260 74047.60843 79800 53 49 2 T 
27261 74047.84026 76800 5 49 2 C2 
27262 74050.6393 79800 3 49 2 C2 
27263 74052.909 79800 53 49 2 T 
27264 74055.86935 76500 4 49 1 C2 
27265 74057.99916 79800 53 49 2 T 
27266 74061.20254 79800 5 49 2 C2 
27267 74066.6395 79800 3 49 2 C2 
27268 74068.19113 79800 53 49 2 T 
27269 74073.33911 79800 53 49 1 T 
27270 74074.64556 76800 4 49 1 C2 
27271 74076.00578 80100 53 50 3 T 
27272 74078.92422 79800 53 49 1 T 
27273 74079.97269 76500 5 49 1 C2 
27274 74082.53592 76500 3 49 1 C2 
27275 74084.19111 80100 53 48 4 T 
27276 74089.59069 80100 53 48 4 T 
27277 74093.30601 76500 4 49 1 C2 
27278 74098.53599 79800 5 49 2 C2 
27279 74100.20264 79800 53 49 1 T 
27280 74111.97277 76500 3 49 1 C2 
27281 74114.64542 76800 4 49 1 C2 
27282 74117.17347 76800 5 49 1 C2 
27283 74119.97887 76800 3 49 1 C2 
27284 74122.5067 76800 4 49 1 C2 
27285 74127.8694 76200 5 49 1 C2 
27286 74129.56247 79800 53 49 2 T 
27287 74130.50683 76800 3 49 1 C2 
27288 74132.02245 83100 53 49 3 T 
27289 74133.32029 79500 4 49 2 C2 
27290 74134.92413 79800 53 49 2 T 
27291 74142.68911 79800 53 50 2 T 
27292 74154.64549 76800 5 49 1 C2 
27293 74162.50684 76800 3 49 1 C2 
27294 74170.53593 76200 4 49 1 C2 
27295 74173.30594 76800 5 49 1 C2 
27296 74175.9727 76800 3 49 1 C2 
27297 74179.3186 79500 53 49 1 T 
27298 74181.20275 76200 4 49 1 C2 
27299 74181.98527 79500 53 49 1 T 
27300 74184.65208 79500 53 49 2 T 
27301 74189.98526 79500 53 49 2 T 
27302 74191.86928 76800 5 49 1 C2 
27303 74193.33913 79800 53 49 2 T 
27304 74194.63934 76800 3 49 1 C2 
27305 74197.17357 77100 4 49 2 C2 
27306 74218.536 76800 5 49 1 C2 
27307 74226.63935 76800 3 49 1 C2 
27308 74229.17432 76800 4 49 1 C2 
27309 74234.64538 77100 5 49 2 C2 
27310 74235.31865 81300 53 49 1 T 
27311 74237.31213 77100 3 49 2 C2 
27312 74237.44165 79800 1 49 1 B1 
27313 74239.8175 79800 2 49 1 B1 
27314 74239.84026 77100 4 49 2 C2 
27315 74242.28624 79800 0 49 1 B1 
27316 74243.62377 77400 4 48 2 D1 
27317 74245.30615 77700 5 49 1 C2 
27318 74245.98523 79800 53 49 2 T 
27319 74247.42432 82200 1 49 2 B1 
27320 74249.24264 79200 3 48 3 C1 
27321 74250.09099 83100 2 49 3 B1 
27322 74251.31864 76800 53 49 1 T 
27323 74251.56606 80100 5 48 4 D1 
27324 74252.02247 79800 53 49 1 T 
27325 74252.55479 79800 0 50 2 B1 
27326 74253.17354 76200 3 49 1 C2 
27327 74254.43619 79200 4 48 3 C1 
27328 74255.20104 79800 1 49 1 B1 
27329 74255.9788 77100 4 49 2 C2 
27330 74256.81577 79200 1 50 1 B2 
27331 74256.95725 79200 3 48 3 D1 
27332 74257.88437 79200 2 50 1 B1 
27333 74260.70323 79200 53 50 1 T 
27334 74262.06891 78900 4 49 1 D1 
27335 74262.8521 79200 2 50 1 B2 
27336 74265.1083 77400 5 48 2 C1 
27337 74265.2408 79200 0 50 1 B2 
27338 74267.40227 81300 5 49 1 D1 
27339 74267.9092 77400 3 48 2 C1 
27340 74268.18538 79200 1 50 1 B2 
27341 74270.46838 79200 2 50 1 B2 
27342 74270.57589 77400 4 48 2 C1 
27343 74271.47063 77400 53 48 2 T 
27344 74272.84623 78600 3 49 2 D1 
27345 74272.91987 79200 0 50 1 B2 
27346 74273.23828 77400 5 48 2 C1 
27347 74275.38774 79800 1 50 2 B2 
27348 74275.90499 79200 3 48 3 C1 
27349 74277.99857 79200 2 50 1 B2 
27350 74279.4706 79200 53 48 3 T 
27351 74279.97883 77100 5 49 2 C2 
27352 74280.63043 79200 0 50 1 B2 
27353 74280.84611 78900 4 49 1 D1 
27354 74281.1888 81600 4 48 5 C1 
27355 74282.50681 76200 3 49 1 C2 
27356 74284.77306 77700 53 49 1 T 
27357 74285.17355 81300 4 49 1 C2 
27358 74286.18709 79800 1 50 2 B2 
27359 74287.86917 77700 5 49 1 C2 
27360 74288.63976 79800 2 50 2 B2 
27361 74289.13604 77400 5 48 2 C1 
27362 74290.53601 77700 3 49 1 C2 
27363 74291.48242 79800 0 50 2 B2 
27364 74292.69985 79200 1 50 1 A1 
27365 74292.97536 76800 4 49 1 C2 
27366 74295.41664 77700 5 49 1 C2 
27367 74296.18622 79800 2 50 2 A1 
27368 74297.94872 77700 3 49 1 C2 
27369 74300.55765 80100 0 50 3 A1 
27370 74301.31223 78900 4 49 1 C2 
27371 74305.88783 79200 1 50 1 A1 
27372 74308.71971 79200 0 50 1 B1 
27373 74314.63934 77100 5 49 2 C2 
27374 74317.20261 77700 3 49 1 C2 
27375 74321.23851 80100 3 48 4 C1 
27376 74322.70687 76800 4 49 1 C2 
27377 74323.56609 79800 5 49 2 D1 
27378 74323.80261 80100 4 48 4 C1 
27379 74326.23279 79500 3 49 1 D1 
27380 74328.95721 77700 4 49 1 D1 
27381 74329.13595 80100 5 48 4 C1 
27382 74330.53597 77700 5 49 1 C2 
27383 74335.97281 79500 3 49 1 C2 
27384 74336.95714 79500 5 49 2 D1 
27385 74337.24253 80100 3 48 4 C1 
27386 74338.5902 77100 4 49 2 C2 
27387 74342.18709 80100 1 50 3 B2 
27388 74342.46943 79200 4 48 3 C1 
27389 74343.84008 78900 5 49 1 C2 
27390 74345.10817 80100 5 48 4 C1 
27391 74346.50685 79500 3 49 2 C2 
27392 74347.31371 80100 2 50 3 B2 
27393 74359.9789 78900 4 49 1 C2 
27394 74362.53604 76200 5 49 2 C2 
27395 74365.1735 79500 3 49 2 C2 
27396 74367.42437 80100 1 50 3 B1 
27397 74379.51278 79800 3 49 1 D1 
27398 74384.84617 79800 4 49 2 D1 
27399 74386.64554 79500 4 49 2 C2 
27400 74389.01924 77100 5 49 2 C2 
27401 74390.06889 79500 5 49 2 D1 
27402 74391.35273 79500 3 49 2 C2 
27403 74391.92233 79800 2 49 1 B1 
27404 74394.64548 77700 4 49 1 C2 
27405 74396.59118 79200 3 48 3 C1 
27406 74397.30594 76200 5 49 2 C2 
27407 74399.86929 76200 3 49 2 C2 
27408 74400.73552 79800 3 49 2 D1 
27409 74413.30914 76500 4 49 2 C2 
27410 74415.84337 78600 5 49 2 C2 
27411 74419.87685 79200 4 48 3 C1 
27412 74423.87238 76500 3 49 2 C2 
27413 74426.64241 76500 4 49 2 C2 
27414 74443.02596 81600 5 48 5 C1 
27415 74443.49459 79800 4 49 1 D1 
27416 74445.2057 78900 5 49 1 C2 
27417 74447.87242 76500 3 49 2 C2 
27418 74450.64245 76500 4 49 2 C2 
27419 74453.17658 79500 5 49 1 C2 
27420 74461.3151 79800 3 49 2 C2 
27421 74461.69129 79200 0 50 1 B1 
27422 74463.84335 78600 4 49 2 C2 
27423 74474.59376 76200 5 49 2 C2 
27424 74482.51001 76200 3 49 2 C2 
27425 74485.31523 79800 4 49 2 C2 
27426 74493.49806 80100 0 50 3 B2 
27427 74495.84332 76200 5 49 2 C2 
27428 74498.29982 78900 3 49 1 C2 
27429 74503.84342 76200 4 49 2 C2 
27430 74509.3152 79800 5 49 2 C2 
27431 74514.64259 79500 3 49 2 C2 
27432 74516.17686 80100 1 50 3 B2 
27433 74517.3091 79500 4 49 2 C2 
27434 74522.53893 76800 5 49 2 C2 
27435 74527.8724 76800 3 49 2 C2 
27436 74530.31175 77700 4 49 1 C2 
27437 74532.75811 79500 5 49 2 C2 
27438 74538.64245 79500 3 49 1 C2 
27439 74549.30908 79500 4 49 1 C2 
27440 74551.87232 76800 5 49 2 C2 
27441 74562.64249 79500 3 49 1 C2 
27442 74565.82117 76200 4 49 2 C2 
27443 74568.5685 76800 5 49 1 C2 
27444 74573.20567 76800 3 49 2 C2 
27445 74575.98181 76800 4 49 1 C2 
27446 74577.75901 83400 53 49 1 T 
27447 74581.1767 76800 5 49 1 C2 
27448 74583.09227 83400 53 49 1 T 
27449 74583.84318 76800 3 49 1 C2 
27450 74588.18134 83400 53 49 1 T 
27451 74591.90679 79500 4 49 2 C2 
27452 74610.57197 79500 5 49 2 C2 
27453 74618.6486 76800 3 49 1 C2 
27454 74631.87242 77700 4 49 1 C2 
27455 74634.30042 76800 5 49 2 C2 
27456 74636.66316 76800 3 49 1 C2 
27457 74639.86093 77700 4 49 1 C2 
27458 74645.20568 78900 5 49 1 C2 
27459 74647.9757 77700 3 49 1 C2 
27460 74650.51005 77700 4 49 1 C2 
27461 74663.87235 78900 5 49 1 C2 
27462 74677.20576 78900 3 49 1 C2 
27463 74678.85778 83400 53 49 1 T 
27464 74679.97578 78900 4 49 1 C2 
27465 74685.30912 78900 5 49 1 C2 
27466 74693.17673 79500 3 49 2 C2 
27467 74695.98189 77700 4 49 1 C2 
27468 74698.50999 77700 5 49 1 C2 
27469 74701.31507 79500 3 49 2 C2 
27470 74703.84329 79500 4 49 2 C2 
27471 74711.9759 79500 5 49 2 C2 
27472 74717.17667 77700 3 49 1 C2 
27473 74727.84341 77700 4 49 1 C2 
27474 74741.31516 77700 5 49 1 C2 
27475 74749.30911 78600 3 49 2 C2 
27476 74751.73081 76800 4 49 1 C2 
27477 74754.23231 79500 5 49 1 C2 
27478 74756.80281 79500 3 49 1 C2 
27479 74759.2422 79500 4 49 2 C2 
27480 74761.70707 79800 5 49 2 C2 
27481 74764.28188 79800 3 49 2 C2 
27482 74766.67243 79800 4 49 2 C2 
27483 74771.74121 76800 5 49 1 C2 
27484 74773.98532 79800 53 49 2 T 
27485 74774.30845 79500 3 49 1 C2 
27486 74779.41923 79500 4 49 1 C2 
27487 74787.31856 79800 53 49 1 T 
27488 74792.65197 79800 53 49 2 T 
27489 74795.31872 80100 53 50 3 T 
27490 74796.67202 78900 5 49 1 C2 
27491 74803.42511 77100 3 49 2 C2 
27492 74805.95323 77100 4 49 2 C2 
27493 74805.98521 79800 53 50 2 T 
27494 74808.6489 79500 5 49 1 C2 
27495 74808.65172 79200 53 50 1 T 
27496 74811.31559 79800 3 49 2 C2 
27497 74813.95311 79800 4 49 2 C2 
27498 74816.75852 79800 5 49 2 C2 
27499 74819.42507 79800 3 49 2 C2 
27500 74824.64906 79800 4 49 2 C2 
27501 74832.1927 79800 1 49 1 B1 
27502 74835.42509 78600 5 49 2 C2 
27503 74836.7197 79800 2 49 1 B1 
27504 74838.09184 77100 3 49 2 C2 
27505 74840.06765 79800 0 49 1 B1 
27506 74846.17936 81600 5 48 5 D1 
27507 74847.20099 83100 1 49 3 B1 
27508 74847.47092 79800 53 49 1 T 
27509 74849.86765 83400 2 49 1 B1 
27510 74851.40222 79200 3 48 3 D1 
27511 74851.80274 79200 3 48 3 C1 
27512 74852.55099 82200 0 49 2 B1 
27513 74854.06883 79200 4 48 3 D1 
27514 74854.46942 79200 4 48 3 C1 
27515 74855.21764 79800 1 49 1 B1 
27516 74857.8677 79200 2 50 1 B1 
27517 74859.31563 79800 4 49 2 C2 
27518 74860.29705 79200 2 50 1 B2 
27519 74860.7577 79200 0 50 1 B1 
27520 74861.95322 77100 5 49 2 C2 
27521 74862.45844 80100 5 48 4 C1 
27522 74862.96376 79200 0 50 1 B2 
27523 74863.22146 82200 1 49 2 B1 
27524 74864.95728 78900 5 49 1 D1 
27525 74866.13734 80100 53 48 4 T 
27526 74867.31377 79200 1 50 1 B2 
27527 74867.90941 80100 3 48 4 C1 
27528 74869.96376 79200 2 50 1 B2 
27529 74870.03772 79500 3 49 1 C2 
27530 74870.29059 81300 3 49 1 D1 
27531 74870.57587 80100 4 48 4 C1 
27532 74871.47063 81600 53 48 5 T 
27533 74872.89955 79500 4 49 2 D1 
27534 74875.31571 79800 4 49 1 C2 
27535 74875.48238 79200 0 50 1 B2 
27536 74875.5661 79500 5 49 2 D1 
27537 74875.90507 81600 5 48 5 C1 
27538 74877.98042 79200 1 50 1 B2 
27539 74877.98221 81300 5 49 1 C2 
27540 74878.17953 79800 3 49 1 D1 
27541 74878.46931 81600 3 48 5 C1 
27542 74880.63042 79200 2 50 1 B2 
27543 74881.10804 81600 4 48 5 C1 
27544 74883.28667 79800 3 49 1 C2 
27545 74883.77465 80100 5 48 4 C1 
27546 74886.14908 79200 0 50 1 B2 
27547 74886.44135 80100 3 48 4 C1 
27548 74887.36654 79200 2 50 1 A1 
27549 74888.63069 79200 1 50 1 B2 
27550 74888.64897 79800 4 49 2 C2 
27551 74891.52043 79200 2 50 1 B2 
27552 74892.69985 79200 0 50 1 A1 
27553 74893.9824 79800 5 49 2 C2 
27554 74896.19451 79200 1 50 1 A1 
27555 74900.55099 79800 2 49 1 B1 
27556 74900.84759 80100 2 50 3 A1 
27557 74908.53437 79800 0 50 2 B1 
27558 74908.69737 79800 0 50 2 A1 
27559 74910.95538 80100 0 50 3 B2 
27560 74911.21771 79200 1 50 1 B1 
27561 74913.88432 79800 2 49 1 B1 
27562 74917.95326 82500 3 49 2 C2 
27563 74920.75237 79500 4 49 1 C2 
27564 74920.81576 80100 1 50 3 B2 
27565 74923.42515 79500 5 49 2 C2 
27566 74923.48243 79800 2 50 2 B2 
27567 74926.0689 78600 4 49 2 D1 
27568 74926.08573 79800 3 49 1 C2 
27569 74926.18704 79800 0 50 2 B2 
27570 74926.44145 79200 4 48 3 C1 
27571 74928.61998 79500 4 49 2 C2 
27572 74928.85375 79800 1 50 2 B2 
27573 74929.13617 79200 5 48 3 C1 
27574 74931.31752 79800 2 50 2 B2 
27575 74931.425 79500 5 49 2 C2 
27576 74931.51284 78900 5 49 1 D1 
27577 74931.90918 79200 3 48 3 C1 
27578 74934.14909 79200 0 50 1 B2 
27579 74934.17942 79800 3 49 1 D1 
27580 74934.57167 79200 4 48 3 C1 
27581 74936.64709 84600 1 50 4 B2 
27582 74936.73564 79800 4 49 2 D1 
27583 74939.28654 79500 3 49 2 C2 
27584 74939.31377 80100 2 50 3 B2 
27585 74939.90497 79200 5 48 3 C1 
27586 74942.08579 78900 4 49 1 C2 
27587 74942.18708 79800 0 50 2 B2 
27588 74945.6221 80100 1 50 3 B2 
27589 74947.90505 79200 3 48 3 C1 
27590 74948.15773 80100 2 50 3 B2 
27591 74949.95331 79500 5 49 2 C2 
27592 74952.61989 81300 3 49 1 C2 
27593 74972.71971 80100 0 50 3 B1 
27594 74973.98231 81300 4 49 1 C2 
27595 74976.75845 81300 5 49 1 C2 
27596 74979.36956 79500 3 49 2 C2 
27597 74984.75248 78900 4 49 1 C2 
27598 74984.95729 79500 5 49 1 D1 
27599 74987.31546 78900 5 49 1 C2 
27600 74990.0857 78900 3 49 1 C2 
27601 74990.23279 79500 3 49 2 D1 
27602 75008.75246 78900 4 49 1 C2 
27603 75009.94114 80100 4 48 4 C1 
27604 75014.08571 78900 5 49 1 C2 
27605 75022.36575 77100 3 49 2 C2 
27606 75027.22752 79200 0 50 1 B2 
27607 75027.42523 79500 4 49 1 C2 
27608 75030.11027 80100 4 48 4 D1 
27609 75033.18403 79200 5 48 3 C1 
27610 75033.70934 79800 5 49 2 D1 
27611 75040.61992 78900 5 49 1 C2 
27612 75043.31558 78900 3 49 1 C2 
27613 75045.74359 79800 4 49 1 C2 
27614 75047.04283 79500 3 49 1 D1 
27615 75048.13643 82500 5 49 2 C2 
27616 75049.58701 79200 1 50 1 B2 
27617 75050.67407 79500 3 49 1 C2 
27618 75056.68331 79500 4 49 1 C2 
27619 75064.75855 79800 5 49 2 C2 
27620 75078.09175 79500 3 49 1 C2 
27621 75080.64904 79800 4 49 2 C2 
27622 75091.41906 79800 5 49 2 C2 
27623 75093.95323 79800 3 49 2 C2 
27624 75096.60371 79800 4 49 2 C2 
27625 75102.08567 79800 5 49 2 C2 
27626 75112.64892 79800 3 49 2 C2 
27627 75115.28666 79800 4 49 1 C2 
27628 75117.98236 79800 5 49 2 C2 
27629 75133.95335 79500 3 49 1 C2 
27630 75136.64891 79800 4 49 2 C2 
27631 75139.08835 81300 5 49 1 C2 
27632 75147.42516 79800 3 49 2 C2 
27633 75149.95323 79800 4 49 2 C2 
27634 75152.7524 79800 5 49 2 C2 
27635 75155.41905 79800 3 49 2 C2 
27636 75158.09168 79500 4 49 1 C2 
27637 75160.82776 79500 5 49 1 C2 
27638 75163.73718 79500 3 49 2 C2 
27639 75171.44358 79500 4 49 1 D1 
27640 75173.93478 79800 4 49 1 C2 
27641 75184.61993 79800 5 49 1 C2 
27642 75189.15489 79500 5 49 2 D1 
27643 75190.08586 77700 3 49 1 C2 
27644 75192.83781 78900 4 49 1 C2 
27645 75200.75848 77700 5 49 1 C2 
27646 75203.31564 77700 3 49 1 C2 
27647 75206.09182 77700 4 49 1 C2 
27648 75211.31557 77700 5 49 1 C2 
27649 75214.08571 79800 3 49 1 C2 
27650 75216.50737 79800 4 49 2 C2 
27651 75219.01121 79500 5 49 2 C2 
27652 75222.08807 81300 53 49 1 T 
27653 75222.92399 81300 53 49 1 T 
27654 75227.20845 81300 53 49 1 T 
27655 75232.7524 79500 3 49 2 C2 
27656 75233.77076 79800 3 49 2 D1 
27657 75238.08583 79500 4 49 2 C2 
27658 75253.9823 78600 5 49 2 C2 
27659 75256.33189 79500 3 49 1 C2 
27660 75261.22199 79500 4 49 2 C2 
27661 75264.75852 79500 5 49 2 C2 
27662 75267.26799 79500 3 49 2 C2 
27663 75272.64905 79500 4 49 2 C2 
27664 75296.75846 79500 5 49 2 C2 
27665 75299.4252 79500 3 49 2 C2 
27666 75307.35004 79500 4 49 2 C2 
27667 75315.28662 79800 5 49 2 C2 
27668 75318.08577 79800 3 49 2 C2 
27669 75320.61991 79800 4 49 2 C2 
27670 75323.28668 81300 5 49 1 C2 
27671 75323.99681 81300 53 49 1 T 
27672 75326.08565 79800 3 49 2 C2 
27673 75328.64898 79500 4 49 2 C2 
27674 75331.70052 79800 5 49 1 C2 
27675 75363.41907 78900 3 49 1 C2 
27676 75365.98225 81300 4 49 1 C2 
27677 75371.31564 79500 5 49 2 C2 
27678 75373.95335 78900 3 49 1 C2 
27679 75376.75846 78900 4 49 1 C2 
27680 75379.41908 78900 5 49 1 C2 
27681 75381.98527 82500 53 49 2 T 
27682 75382.09168 78900 3 49 1 C2 
27683 75384.65192 78900 53 49 1 T 
27684 75387.31868 79800 53 49 2 T 
27685 75387.41917 78900 4 49 1 C2 
27686 75403.44936 79500 5 49 2 C2 
27687 75413.95332 78900 3 49 1 C2 
27688 75416.61985 78900 4 49 1 C2 
27689 75419.42515 79500 5 49 1 C2 
27690 75425.59526 78600 3 49 2 C2 
27691 75429.42265 83100 1 49 3 B1 
27692 75432.75254 79800 4 49 2 C2 
27693 75434.77504 79800 2 49 1 B1 
27694 75435.31563 78600 5 49 2 C2 
27695 75437.06015 83100 0 49 3 B1 
27696 75437.95324 81300 3 49 1 C2 
27697 75439.50836 83100 1 49 3 B1 
27698 75440.68335 79500 4 49 1 C2 
27699 75442.05299 82200 2 49 2 B1 
27700 75446.44156 81600 3 48 5 C1 
27701 75448.75858 79800 5 49 2 C2 
27702 75451.13229 78600 3 49 2 C2 
27703 75452.37595 80100 4 48 4 D1 
27704 75452.75771 79800 0 50 2 B1 
27705 75452.79478 79200 53 50 1 T 
27706 75452.80426 82200 53 49 2 T 
27707 75454.08571 81300 4 49 1 C2 
27708 75454.8711 79200 2 50 1 B2 
27709 75455.04275 83100 5 49 3 D1 
27710 75457.15667 79200 0 50 1 B2 
27711 75457.88437 79200 1 50 1 B1 
27712 75457.93097 79200 3 48 3 D1 
27713 75460.4867 79500 4 49 2 D1 
27714 75460.71971 82200 2 49 2 B1 
27715 75461.98043 79200 1 50 1 B2 
27716 75462.44143 79200 4 48 3 C1 
27717 75463.26444 82200 5 49 2 D1 
27718 75463.38632 83400 0 49 1 B1 
27719 75464.75239 79800 5 49 2 C2 
27720 75464.85376 79800 2 50 2 B2 
27721 75465.10817 81600 5 48 5 C1 
27722 75465.93111 79500 3 49 2 D1 
27723 75467.90919 81600 3 48 5 C1 
27724 75468.53987 80100 4 48 4 D1 
27725 75469.35942 79800 3 49 2 C2 
27726 75470.1871 79800 0 50 2 B2 
27727 75470.57583 79200 4 48 3 C1 
27728 75471.20667 79200 5 48 3 D1 
27729 75472.63976 79800 1 50 2 B2 
27730 75472.75251 78600 4 49 2 C2 
27731 75473.24256 79200 5 48 3 C1 
27732 75473.70925 81600 3 48 5 D1 
27733 75475.48243 79800 2 50 2 B2 
27734 75475.80272 79200 3 48 3 C1 
27735 75478.44142 79200 4 48 3 C1 
27736 75481.13589 79200 5 48 3 C1 
27737 75481.87341 79500 4 49 1 D1 
27738 75482.18094 79200 1 50 1 A1 
27739 75483.29708 79800 0 50 2 B2 
27740 75483.80271 79200 3 48 3 C1 
27741 75485.53432 79800 1 49 1 B1 
27742 75485.98227 79800 5 49 2 C2 
27743 75486.14909 79800 1 50 2 B2 
27744 75487.51427 79200 2 50 1 A1 
27745 75488.63063 79800 2 50 2 B2 
27746 75489.23832 79200 4 48 3 C1 
27747 75491.41909 78900 3 49 1 C2 
27748 75491.52043 79800 0 50 2 B2 
27749 75491.90924 79200 5 48 3 C1 
27750 75494.3676 79200 0 50 1 A1 
27751 75495.42437 79800 2 49 1 B1 
27752 75497.76072 80100 1 50 3 A1 
27753 75499.28663 79800 4 49 2 C2 
27754 75500.7276 79800 2 50 2 A1 
27755 75501.98227 79800 5 49 2 C2 
27756 75502.8521 80100 1 50 3 B2 
27757 75504.13016 80100 0 50 3 A1 
27758 75504.75851 78600 3 49 2 C2 
27759 75506.09098 79800 0 49 1 B1 
27760 75507.42525 79800 4 49 2 C2 
27761 75508.75771 79800 1 49 1 B1 
27762 75509.95316 79800 5 49 2 C2 
27763 75510.1871 79200 2 50 1 B2 
27764 75512.6491 79800 3 49 1 C2 
27765 75513.87327 79800 5 49 1 D1 
27766 75514.09099 79800 2 49 1 B1 
27767 75515.23583 79800 4 49 2 C2 
27768 75516.18538 80100 0 50 3 B2 
27769 75516.37613 78900 3 49 1 D1 
27770 75516.5437 79200 0 50 1 B1 
27771 75519.38637 79200 1 50 1 B1 
27772 75521.23831 80100 3 48 4 C1 
27773 75523.2971 79200 1 50 1 B2 
27774 75523.77478 80100 4 48 4 C1 
27775 75525.96376 79200 2 50 1 B2 
27776 75526.42337 80100 5 48 4 C1 
27777 75527.26443 79500 4 49 2 D1 
27778 75528.75844 79800 5 49 1 C2 
27779 75528.85376 79200 0 50 1 B2 
27780 75531.42521 79800 3 49 2 C2 
27781 75531.90515 80100 3 48 4 C1 
27782 75533.98041 79200 1 50 1 B2 
27783 75534.46928 80100 4 48 4 C1 
27784 75536.81577 79200 2 50 1 B2 
27785 75537.13612 80100 5 48 4 C1 
27786 75537.82003 79500 5 49 1 D1 
27787 75539.80266 80100 3 48 4 C1 
27788 75540.48663 81300 3 49 1 D1 
27789 75541.98037 79200 0 50 1 B2 
27790 75544.63043 79200 1 50 1 B2 
27791 75547.28661 79500 4 49 2 C2 
27792 75547.52042 79200 2 50 1 B2 
27793 75549.68659 79500 5 49 2 C2 
27794 75552.61995 79500 3 49 2 C2 
27795 75553.24252 80100 4 48 4 C1 
27796 75555.42516 79800 4 49 2 C2 
27797 75555.80271 81600 5 48 5 C1 
27798 75557.98239 79500 5 49 2 C2 
27799 75563.31567 79800 3 49 2 C2 
27800 75566.08578 79800 4 49 1 C2 
27801 75568.75236 79500 5 49 2 C2 
27802 75569.88437 80100 2 50 3 B1 
27803 75571.28671 79500 3 49 2 C2 
27804 75585.70941 79800 4 49 2 D1 
27805 75587.2971 80100 0 50 3 B2 
27806 75589.98241 79800 4 49 1 C2 
27807 75591.26438 79500 5 49 2 D1 
27808 75592.81575 80100 1 50 3 B2 
27809 75595.31376 80100 2 50 3 B2 
27810 75595.31563 79500 5 49 2 C2 
27811 75596.59766 79800 3 49 1 D1 
27812 75598.14909 80100 0 50 3 B2 
27813 75598.60259 79500 3 49 1 C2 
27814 75600.81571 80100 1 50 3 B2 
27815 75603.12016 82200 0 49 2 B1 
27816 75605.96375 80100 2 50 3 B2 
27817 75606.08574 79500 4 49 1 C2 
27818 75608.52427 79200 0 50 1 B2 
27819 75608.64897 79800 5 49 1 C2 
27820 75611.41906 82500 3 49 2 C2 
27821 75613.95335 79500 4 49 1 C2 
27822 75616.75837 79500 5 49 1 C2 
27823 75619.41918 79500 3 49 1 C2 
27824 75621.95327 79800 4 49 1 C2 
27825 75624.75847 82500 5 49 2 C2 
27826 75636.48665 82500 4 49 2 D1 
27827 75639.20665 79800 5 49 2 D1 
27828 75640.3807 79800 1 49 1 B1 
27829 75641.70948 79800 3 49 2 D1 
27830 75653.95326 79500 3 49 1 C2 
27831 75655.04268 79800 4 49 2 D1 
27832 75656.61998 79500 4 49 2 C2 
27833 75662.0859 78600 5 49 2 C2 
27834 75663.03939 79800 2 49 1 B1 
27835 75664.75847 79500 3 49 1 C2 
27836 75668.48657 79500 5 49 1 D1 
27837 75670.09184 79500 4 49 1 C2 
27838 75672.61993 79500 5 49 2 C2 
27839 75675.31566 79500 3 49 1 C2 
27840 75678.08578 79500 4 49 2 C2 
27841 75679.51206 80100 3 48 4 C1 
27842 75680.6488 79500 5 49 1 C2 
27843 75681.46239 79800 1 50 2 A1 
27844 75683.42523 79800 3 49 2 C2 
27845 75685.61429 79800 0 49 1 B1 
27846 75686.25457 79200 1 50 1 B2 
27847 75692.53994 79800 3 49 2 D1 
27848 75708.7466 79800 4 49 1 D1 
27849 75712.75253 79500 4 49 1 C2 
27850 75715.42524 79800 5 49 2 C2 
27851 75718.08567 79800 3 49 2 C2 
27852 75723.31572 79800 4 49 2 C2 
27853 75725.95329 79800 5 49 2 C2 
27854 75728.75847 79500 3 49 1 C2 
27855 75731.3156 79800 4 49 2 C2 
27856 75734.08573 79500 5 49 1 C2 
27857 75736.64897 79800 3 49 2 C2 
27858 75739.28647 79800 4 49 2 C2 
27859 75765.98243 79800 5 49 2 C2 
27860 75767.13237 79800 5 49 1 D1 
27861 75776.75854 79800 3 49 2 C2 
27862 75777.75708 81600 53 48 5 T 
27863 75779.37096 79800 4 49 2 C2 
27864 75782.85901 81600 53 48 5 T 
27865 75784.62022 79800 5 49 2 C2 
27866 75787.31564 79800 3 49 2 C2 
27867 75788.19227 84600 53 50 4 T 
27868 75790.09177 79500 4 49 2 C2 
27869 75792.7585 79800 5 49 2 C2 
27870 75793.28134 84600 53 50 4 T 
27871 75795.26801 79800 3 49 2 C2 
27872 75824.62004 79500 4 49 2 C2 
27873 75825.536 81600 53 48 5 T 
27874 75837.98232 79800 5 49 1 C2 
27875 75840.75254 78900 3 49 1 C2 
27876 75843.31567 79500 4 49 2 C2 
27877 75846.09186 79500 5 49 2 C2 
27878 75848.61994 79500 3 49 2 C2 
27879 75851.4191 79500 4 49 2 C2 
27880 75854.0858 79500 5 49 2 C2 
27881 75856.7584 79500 3 49 2 C2 
27882 75878.89579 81600 53 48 5 T 
27883 75886.0859 78900 4 49 1 C2 
27884 75886.85778 84600 53 50 4 T 
27885 75891.28675 79800 5 49 1 C2 
27886 75894.09191 81300 3 49 1 C2 
27887 75896.61995 79800 4 49 1 C2 
27888 75899.28656 78900 5 49 1 C2 
27889 75902.08581 79800 3 49 1 C2 
27890 75904.75854 79800 4 49 1 C2 
27891 75907.31557 79800 5 49 1 C2 
27892 75909.98237 79800 3 49 1 C2 
27893 75912.75852 79800 4 49 1 C2 
27894 75936.78695 79800 5 49 2 C2 
27895 75944.64913 79800 3 49 2 C2 
27896 75947.41911 81300 4 49 1 C2 
27897 75950.09195 81300 5 49 1 C2 
27898 75952.75249 78900 3 49 1 C2 
27899 75955.42518 78900 4 49 1 C2 
27900 75958.08587 82500 5 49 2 C2 
27901 75960.48298 79800 3 49 1 C2 
27902 75962.87877 81300 4 49 1 C2 
27903 75968.64898 82500 5 49 2 C2 
27904 75971.28652 81300 3 49 1 C2 
27905 75973.98526 79500 53 49 1 T 
27906 75981.98534 81300 53 49 1 T 
27907 75990.16138 79500 4 49 2 C2 
27908 75992.65192 79800 53 49 2 T 
27909 75995.31858 79500 53 49 2 T 
27910 76008.75854 79800 5 49 2 C2 
27911 76011.31569 79800 3 49 2 C2 
27912 76011.31856 79200 53 50 1 T 
27913 76014.09193 79800 4 49 2 C2 
27914 76016.62038 79800 5 49 2 C2 
27915 76022.09184 79500 3 49 2 C2 
27916 76024.61995 79800 4 49 2 C2 
27917 76027.41915 79800 5 49 2 C2 
27918 76030.08574 79800 3 49 2 C2 
27919 76032.08937 83100 1 49 3 B1 
27920 76039.42431 83400 2 49 1 B1 
27921 76041.87703 82200 0 49 2 B1 
27922 76044.53436 83400 1 49 1 B1 
27923 76046.96376 80100 2 50 3 B2 
27924 76047.15319 80100 3 48 4 D1 
27925 76052.48666 79800 4 49 1 D1 
27926 76052.71971 79800 2 50 2 B1 
27927 76055.15339 81600 5 48 5 D1 
27928 76055.20124 82200 0 49 2 B1 
27929 76056.75257 79800 4 49 2 C2 
27930 76057.70931 79200 3 48 3 D1 
27931 76058.09103 80100 1 50 3 B1 
27932 76058.13759 83100 53 49 3 T 
27933 76059.31376 79800 0 50 2 B2 
27934 76059.77489 81600 4 48 5 C1 
27935 76060.53983 80100 4 48 4 D1 
27936 76060.54367 82200 2 49 2 B1 
27937 76061.95335 79500 5 49 2 C2 
27938 76062.52211 81600 5 48 5 C1 
27939 76062.96372 80100 1 50 3 B2 
27940 76063.20099 82200 0 49 2 B1 
27941 76064.62005 79500 3 49 2 C2 
27942 76065.53109 79800 2 50 2 B2 
27943 76067.31563 79500 4 49 1 C2 
27944 76067.905 81600 3 48 5 C1 
27945 76068.04257 80100 0 50 3 B2 
27946 76068.54002 83100 5 49 3 D1 
27947 76069.98237 79500 5 49 2 C2 
27948 76070.44145 79200 4 48 3 C1 
27949 76070.57704 79800 1 50 2 B2 
27950 76072.64912 79500 3 49 2 C2 
27951 76073.07508 80100 2 50 3 B2 
27952 76073.23843 79200 5 48 3 C1 
27953 76073.82003 79800 3 49 2 D1 
27954 76075.37112 79500 4 49 2 C2 
27955 76075.80262 79200 3 48 3 C1 
27956 76076.59782 79800 4 49 2 D1 
27957 76078.44136 79200 4 48 3 C1 
27958 76079.15347 79800 5 49 1 D1 
27959 76079.47065 79200 53 48 3 T 
27960 76080.85375 79800 0 50 2 B2 
27961 76081.23833 81600 5 48 5 C1 
27962 76082.23917 79200 2 50 1 A1 
27963 76083.42511 79500 5 49 2 C2 
27964 76083.76954 79200 3 48 3 C1 
27965 76084.53989 79800 3 49 1 D1 
27966 76085.53437 79800 1 49 1 B1 
27967 76086.18704 79800 1 50 2 B2 
27968 76087.57248 80100 0 50 3 A1 
27969 76088.85375 79800 2 50 2 B2 
27970 76091.42521 79500 3 49 2 C2 
27971 76091.48243 79800 0 50 2 B2 
27972 76092.55104 83100 2 49 3 B1 
27973 76093.98042 79800 1 50 2 B2 
27974 76095.59532 79500 53 49 2 T 
27975 76096.10832 79800 0 49 1 B1 
27976 76098.34308 80100 1 50 3 A1 
27977 76098.48416 79800 1 49 1 B1 
27978 76101.53802 79800 2 50 2 A1 
27979 76102.95543 79200 2 50 1 B2 
27980 76104.93229 79800 0 50 2 A1 
27981 76105.88432 83100 2 49 3 B1 
27982 76108.75771 79200 0 50 1 B1 
27983 76111.22146 79800 1 49 1 B1 
27984 76111.26439 83400 4 49 1 D1 
27985 76112.70388 79800 4 49 2 C2 
27986 76113.62205 79200 0 50 1 B2 
27987 76113.88432 79800 2 49 1 B1 
27988 76117.96377 79200 1 50 1 B2 
27989 76119.21765 83100 0 49 3 B1 
27990 76120.62009 79500 5 49 1 C2 
27991 76120.6471 79200 2 50 1 B2 
27992 76121.23834 80100 4 48 4 C1 
27993 76123.02004 82500 3 49 2 C2 
27994 76123.48243 79200 0 50 1 B2 
27995 76124.3761 79800 5 49 2 D1 
27996 76125.9533 79500 4 49 1 C2 
27997 76126.1491 84600 1 50 4 B2 
27998 76128.75253 79800 5 49 2 C2 
27999 76129.93107 79800 3 49 2 D1 
28000 76131.4252 79500 3 49 1 C2 
28001 76131.48243 79200 2 50 1 B2 
28002 76131.90921 80100 5 48 4 C1 
28003 76132.48667 79800 4 49 1 D1 
28004 76133.95328 79800 4 49 2 C2 
28005 76133.96401 79200 0 50 1 B2 
28006 76135.15334 79500 5 49 1 D1 
28007 76136.75855 79500 5 49 1 C2 
28008 76137.24265 80100 3 48 4 C1 
28009 76139.77061 80100 4 48 4 C1 
28010 76145.23839 80100 5 48 4 C1 
28011 76147.31559 79500 3 49 1 C2 
28012 76147.80284 80100 3 48 4 C1 
28013 76150.18709 80100 1 50 3 B2 
28014 76151.38638 79800 1 49 1 B1 
28015 76152.63973 80100 2 50 3 B2 
28016 76152.64909 79500 4 49 1 C2 
28017 76155.48242 80100 0 50 3 B2 
28018 76157.964 80100 1 50 3 B2 
28019 76161.03193 79500 5 49 1 C2 
28020 76162.05298 79800 2 49 1 B1 
28021 76164.71966 79800 0 49 1 B1 
28022 76165.98248 81300 3 49 1 C2 
28023 76168.75852 79800 4 49 2 C2 
28024 76176.75863 81300 5 49 1 C2 
28025 76177.87327 81300 3 49 1 D1 
28026 76180.71965 79800 1 49 1 B1 
28027 76182.08591 79800 3 49 2 C2 
28028 76183.13388 83400 2 49 1 B1 
28029 76184.48302 79800 4 49 2 C2 
28030 76185.93096 82500 4 49 2 D1 
28031 76187.00881 79800 5 49 2 C2 
28032 76188.59779 82200 5 49 2 D1 
28033 76189.58883 81300 3 49 1 C2 
28034 76192.03712 81300 4 49 1 C2 
28035 76193.70942 79500 3 49 2 D1 
28036 76199.0428 79800 4 49 2 D1 
28037 76201.31167 79800 5 49 2 C2 
28038 76204.626 80100 4 48 4 C1 
28039 76209.28265 79800 3 49 2 C2 
28040 76211.9492 81300 4 49 1 C2 
28041 76227.8793 80100 5 48 4 C1 
28042 76230.61608 79800 5 49 2 C2 
28043 76233.31168 82500 3 49 2 C2 
28044 76235.73967 79500 4 49 2 C2 
28045 76238.26459 82500 5 49 2 C2 
28046 76240.81324 81300 3 49 1 C2 
28047 76243.2086 79800 4 49 2 C2 
28048 76251.0366 81600 3 48 5 C1 
28049 76252.44384 79800 5 49 2 C2 
28050 76255.11049 82500 3 49 2 C2 
28051 76271.24301 82500 4 49 2 C2 
28052 76273.73984 79500 5 49 1 C2 
28053 76284.57641 79800 3 49 2 C2 
28054 76287.09426 79800 4 49 2 C2 
28055 76292.44721 79800 5 49 2 C2 
28056 76292.62668 80100 4 48 4 C1 
28057 76297.7773 79800 3 49 2 C2 
28058 76303.24301 79800 4 49 2 C2 
28059 76316.5823 79800 5 49 2 C2 
28060 76327.08527 79500 5 49 2 D1 
28061 76332.58244 79800 3 49 2 C2 
28062 76343.11054 79800 4 49 2 C2 
28063 76345.77726 79800 5 49 1 C2 
28064 76348.58248 79800 3 49 1 C2 
28065 76351.24304 79800 4 49 2 C2 
28066 76353.90977 79800 5 49 1 C2 
28067 76356.4438 79800 3 49 1 C2 
28068 76359.24907 79800 4 49 1 C2 
28069 76375.24911 79800 5 49 1 C2 
28070 76377.75708 82200 53 49 2 T 
28071 76380.47282 79800 3 49 1 C2 
28072 76382.85901 82200 53 49 2 T 
28073 76391.13959 79800 4 49 1 C2 
28074 76393.90966 79800 5 49 1 C2 
28075 76396.47296 79500 3 49 2 C2 
28076 76399.24313 79500 4 49 2 C2 
28077 76401.91578 79500 5 49 2 C2 
28078 76404.30531 79800 3 49 2 C2 
28079 76409.86015 79500 4 49 2 C2 
28080 76422.30902 82500 53 49 2 T 
28081 76422.57924 79800 5 49 2 C2 
28082 76422.92399 82200 53 49 2 T 
28083 76425.80622 79500 3 49 2 C2 
28084 76427.39919 82500 53 49 2 T 
28085 76430.86959 82500 53 49 2 T 
28086 76433.80622 79500 4 49 2 C2 
28087 76444.44387 79500 5 49 2 C2 
28088 76446.85462 79800 3 49 2 C2 
28089 76449.21046 79500 4 49 2 C2 
28090 76454.11132 79500 5 49 1 C2 
28091 76466.63569 79800 3 49 2 C2 
28092 76470.89581 82500 53 49 2 T 
28093 76476.22912 82200 53 49 2 T 
28094 76481.98164 79500 4 49 1 C2 
28095 76488.35787 79800 5 49 2 C2 
28096 76492.64828 79500 3 49 1 C2 
28097 76506.11405 79500 4 49 1 C2 
28098 76508.78063 79500 5 49 1 C2 
28099 76567.30314 79500 3 49 2 C2 
28100 76581.98532 79800 53 49 2 T 
28101 76587.31864 79800 53 49 1 T 
28102 76589.98523 79800 53 49 2 T 
28103 76597.98522 80100 53 50 3 T 
28104 76605.98513 79800 53 50 2 T 
28105 76606.41616 79500 4 49 2 C2 
28106 76608.65204 79200 53 50 1 T 
28107 76626.73432 83100 0 49 3 B1 
28108 76628.35712 79500 5 49 1 C2 
28109 76636.64834 82500 3 49 2 C2 
28110 76640.1927 83100 1 49 3 B1 
28111 76642.12007 82500 4 49 2 C2 
28112 76644.75771 82200 2 49 2 B1 
28113 76644.80404 83400 53 49 1 T 
28114 76647.47095 79800 53 49 1 T 
28115 76650.05303 82200 0 49 2 B1 
28116 76652.53462 80100 1 50 3 B1 
28117 76655.26437 80100 3 48 4 D1 
28118 76655.42432 82200 2 49 2 B1 
28119 76657.70942 83400 4 49 1 D1 
28120 76658.09099 82200 0 49 2 B1 
28121 76658.11408 82500 5 49 2 C2 
28122 76659.85638 81600 5 48 5 C1 
28123 76660.3761 79800 5 49 1 D1 
28124 76660.78686 79800 3 49 1 C2 
28125 76662.18709 80100 2 50 3 B2 
28126 76663.20655 81600 3 48 5 D1 
28127 76663.42432 82200 1 49 2 B1 
28128 76663.44744 79800 4 49 1 C2 
28129 76665.13594 81600 3 48 5 C1 
28130 76665.87331 79800 4 49 2 D1 
28131 76666.01072 82500 5 49 2 C2 
28132 76667.80263 81600 4 48 5 C1 
28133 76668.67739 79800 3 49 1 C2 
28134 76668.80405 81600 53 48 5 T 
28135 76669.98042 80100 0 50 3 B2 
28136 76670.57568 80100 5 48 4 C1 
28137 76671.20671 79800 5 49 2 D1 
28138 76671.29871 79800 4 49 1 C2 
28139 76673.10805 80100 3 48 4 C1 
28140 76674.1373 80100 53 48 4 T 
28141 76675.52043 80100 1 50 3 B2 
28142 76676.48678 79800 3 49 1 D1 
28143 76678.18709 79800 2 50 2 B2 
28144 76678.52217 80100 4 48 4 C1 
28145 76680.85376 84600 0 50 4 B2 
28146 76682.75599 79800 2 49 1 B1 
28147 76683.9092 80100 5 48 4 C1 
28148 76684.7808 79800 5 49 2 C2 
28149 76685.98041 79800 1 50 2 B2 
28150 76688.64704 79800 2 50 2 B2 
28151 76692.67723 79800 3 49 2 C2 
28152 76693.96376 79800 0 50 2 B2 
28153 76695.34395 79800 4 49 2 C2 
28154 76695.38631 79800 0 49 1 B1 
28155 76700.53437 79800 1 49 1 B1 
28156 76706.77504 83400 2 49 1 B1 
28157 76708.53995 82200 4 49 2 D1 
28158 76709.18193 80100 1 50 3 A1 
28159 76711.54317 83100 0 49 3 B1 
28160 76714.02664 83100 1 49 3 B1 
28161 76716.55469 79800 2 49 1 B1 
28162 76719.20663 83100 5 49 3 D1 
28163 76719.34403 79800 5 49 2 C2 
28164 76722.12015 79800 3 49 2 C2 
28165 76724.64837 79800 4 49 2 C2 
28166 76727.20655 81300 3 49 1 D1 
28167 76729.9817 79800 5 49 2 C2 
28168 76735.44742 79800 3 49 2 C2 
28169 76737.98161 79800 4 49 2 C2 
28170 76740.78691 81300 5 49 1 C2 
28171 76751.21771 83400 0 49 1 B1 
28172 76753.98148 81300 3 49 1 C2 
28173 76756.6482 81300 4 49 1 C2 
28174 76759.21765 83400 1 49 1 B1 
28175 76767.21765 83400 2 49 1 B1 
28176 76772.78087 81300 5 49 1 C2 
28177 76777.98486 81300 3 49 1 C2 
28178 76783.31497 81300 4 49 1 C2 
28179 76784.1009 83100 0 49 3 B1 
28180 76786.11419 79800 5 49 2 C2 
28181 76788.65848 82500 3 49 2 C2 
28182 76796.78686 79800 4 49 2 C2 
28183 76799.44739 79800 5 49 2 C2 
28184 76804.59036 81600 3 48 5 C1 
28185 76808.31415 79800 1 50 2 B1 
28186 76822.62103 80100 1 50 3 B2 
28187 76827.86178 81600 4 48 5 C1 
28188 76829.27986 79800 3 49 1 C2 
28189 76851.20521 81600 5 48 5 C1 
28190 76855.45353 81300 4 49 1 C2 
28191 76856.77706 79800 2 49 1 B1 
28192 76858.01062 81300 5 49 1 C2 
28193 76863.41511 82500 4 49 2 D1 
28194 76868.8444 79800 3 49 2 C2 
28195 76874.11443 80100 3 48 4 C1 
28196 76896.72776 79800 2 50 2 A1 
28197 76921.90091 81300 5 49 1 D1 
28198 76935.95166 81300 4 49 1 C2 
28199 76977.99227 83100 53 49 3 T 
28200 76983.08134 83100 53 49 3 T 
28201 76987.95708 83100 53 49 3 T 
28202 77028.20267 83100 53 49 3 T 
28203 77068.00578 83100 53 49 3 T 
28204 77187.3186 79800 53 49 2 T 
28205 77189.98525 82500 53 49 2 T 
28206 77234.11408 82500 5 49 2 C2 
28207 77237.53432 83400 0 49 1 B1 
28208 77239.9167 82200 1 49 2 B1 
28209 77242.30903 82200 2 49 2 B1 
28210 77244.78066 81300 3 49 1 C2 
28211 77244.78565 82200 0 49 2 B1 
28212 77247.24603 82200 1 49 2 B1 
28213 77247.45359 81300 4 49 1 C2 
28214 77249.70938 81600 3 48 5 D1 
28215 77250.01073 81300 5 49 1 C2 
28216 77250.05298 82200 2 49 2 B1 
28217 77252.71912 81300 3 49 1 C2 
28218 77253.40104 83400 0 49 1 B1 
28219 77255.47092 82200 53 49 2 T 
28220 77257.81991 81600 4 48 5 D1 
28221 77257.98163 81300 4 49 1 C2 
28222 77258.05299 82200 1 49 2 B1 
28223 77260.4867 83100 5 49 3 D1 
28224 77260.64829 81300 5 49 1 C2 
28225 77262.44145 81600 4 48 5 C1 
28226 77263.45359 81300 3 49 1 C2 
28227 77265.13598 81600 5 48 5 C1 
28228 77265.82006 83400 3 49 1 D1 
28229 77267.7747 81600 3 48 5 C1 
28230 77270.46936 81600 4 48 5 C1 
28231 77271.26446 82500 4 49 2 D1 
28232 77273.17672 81600 5 48 5 C1 
28233 77274.01066 81300 4 49 1 C2 
28234 77276.48669 81300 5 49 1 D1 
28235 77281.13596 81600 3 48 5 C1 
28236 77283.90919 81600 4 48 5 C1 
28237 77286.46942 81600 5 48 5 C1 
28238 77291.31376 84600 2 50 4 B2 
28239 77300.75771 83400 2 49 1 B1 
28240 77303.38632 83100 0 49 3 B1 
28241 77306.09098 83400 1 49 1 B1 
28242 77306.11411 82500 5 49 2 C2 
28243 77308.54369 83100 2 49 3 B1 
28244 77311.42431 83100 0 49 3 B1 
28245 77314.09099 83400 1 49 1 B1 
28246 77314.11412 82500 3 49 2 C2 
28247 77316.5977 82200 3 49 2 D1 
28248 77316.67739 82500 4 49 2 C2 
28249 77317.4227 83100 2 49 3 B1 
28250 77319.45352 82500 5 49 2 C2 
28251 77337.98163 82500 3 49 2 C2 
28252 77361.86765 83100 0 49 3 B1 
28253 77364.53432 83100 1 49 3 B1 
28254 77410.3967 81300 4 49 1 C2 
28255 77426.17648 81600 3 48 5 C1 
28256 77440.75764 83100 2 49 3 B1 
28257 77443.55368 84600 0 50 4 B2 
28258 77463.08368 81300 4 49 1 D1 
28259 77577.75901 83400 53 49 1 T 
28260 77583.09227 83400 53 49 1 T 
28261 77588.18134 83400 53 49 1 T 
28262 77630.92399 83400 53 49 1 T 
28263 77678.68912 83400 53 49 1 T 
28264 77787.3186 81300 53 49 1 T 
28265 77808.65186 84600 53 50 4 T 
28266 77837.53437 82200 0 49 2 B1 
28267 77842.12015 82500 5 49 2 C2 
28268 77844.55103 83400 1 49 1 B1 
28269 77844.67741 82500 3 49 2 C2 
28270 77847.20098 83400 2 49 1 B1 
28271 77847.315 82500 4 49 2 C2 
28272 77849.8677 83400 0 49 1 B1 
28273 77850.12019 81300 5 49 1 C2 
28274 77852.55099 83400 1 49 1 B1 
28275 77852.5976 81600 5 48 5 D1 
28276 77852.78671 82500 3 49 2 C2 
28277 77855.21765 83400 2 49 1 B1 
28278 77857.9311 83400 3 49 1 D1 
28279 77858.09099 83400 0 49 1 B1 
28280 77858.13759 83100 53 49 3 T 
28281 77860.78076 82500 4 49 2 C2 
28282 77862.44146 81600 4 48 5 C1 
28283 77863.04279 81300 4 49 1 D1 
28284 77865.23833 81600 5 48 5 C1 
28285 77865.70944 83100 5 49 3 D1 
28286 77866.1141 81300 5 49 1 C2 
28287 77867.90502 81600 3 48 5 C1 
28288 77868.78684 81300 3 49 1 C2 
28289 77871.26432 82500 3 49 2 D1 
28290 77871.31499 81300 4 49 1 C2 
28291 77873.10802 81600 4 48 5 C1 
28292 77873.70953 82500 4 49 2 D1 
28293 77875.90507 81600 5 48 5 C1 
28294 77878.57604 81600 3 48 5 C1 
28295 77881.13601 81600 4 48 5 C1 
28296 77883.7746 81600 5 48 5 C1 
28297 77885.98042 84600 1 50 4 B2 
28298 77888.81575 84600 2 50 4 B2 
28299 77889.10817 81600 3 48 5 C1 
28300 77893.40099 82200 1 49 2 B1 
28301 77894.14909 84600 0 50 4 B2 
28302 77897.88431 82200 2 49 2 B1 
28303 77901.52604 82200 0 49 2 B1 
28304 77903.86888 82200 1 49 2 B1 
28305 77906.24227 84600 0 50 4 A1 
28306 77906.35443 82200 2 49 2 B1 
28307 77908.7943 82200 0 49 2 B1 
28308 77911.38637 82200 1 49 2 B1 
28309 77914.05298 82200 2 49 2 B1 
28310 77916.64832 82500 5 49 2 C2 
28311 77921.87335 82200 5 49 2 D1 
28312 77922.1202 82500 3 49 2 C2 
28313 77924.78083 82500 4 49 2 C2 
28314 77930.01068 82500 5 49 2 C2 
28315 77948.71964 83100 0 49 3 B1 
28316 77954.75599 83100 1 49 3 B1 
28317 77962.13437 83100 2 49 3 B1 
28318 77965.4417 83100 0 49 3 B1 
28319 77967.71178 83100 1 49 3 B1 
28320 77972.62432 83100 2 49 3 B1 
28321 77975.38638 83100 0 49 3 B1 
28322 77987.49994 83400 1 49 1 B1 
28323 78013.284 81300 3 49 1 C2 
28324 78044.48012 81600 3 48 5 D1 
28325 78108.74738 82200 4 49 2 D1 
28326 78117.84041 83100 2 49 3 B1 
28327 78432.20098 83100 0 49 3 B1 
28328 78436.80098 83100 1 49 3 B1 
28329 78442.09104 83100 2 49 3 B1 
28330 78444.64839 82500 4 49 2 C2 
28331 78444.7577 83100 0 49 3 B1 
28332 78447.39801 82500 5 49 2 C2 
28333 78448.0677 83100 1 49 3 B1 
28334 78449.70928 81600 5 48 5 D1 
28335 78450.46775 84600 2 50 4 B1 
28336 78452.67725 82500 3 49 2 C2 
28337 78452.90497 83100 0 49 3 B1 
28338 78455.39894 83100 1 49 3 B1 
28339 78455.44744 82500 4 49 2 C2 
28340 78455.47092 83400 53 49 1 T 
28341 78457.87069 83100 2 49 3 B1 
28342 78463.20662 83100 3 49 3 D1 
28343 78463.31498 82500 5 49 2 C2 
28344 78466.04509 82500 3 49 2 C2 
28345 78468.48665 83400 4 49 1 D1 
28346 78471.34398 82500 4 49 2 C2 
28347 78475.52042 84600 1 50 4 B2 
28348 78475.77478 81600 4 48 5 C1 
28349 78476.53998 82500 5 49 2 D1 
28350 78478.18709 84600 2 50 4 B2 
28351 78478.57598 81600 5 48 5 C1 
28352 78481.23835 81600 3 48 5 C1 
28353 78481.70927 82500 3 49 2 D1 
28354 78483.48242 84600 0 50 4 B2 
28355 78483.90501 81600 4 48 5 C1 
28356 78486.57159 81600 5 48 5 C1 
28357 78492.53437 83100 0 49 3 B1 
28358 78495.42431 83400 1 49 1 B1 
28359 78503.21765 83100 2 49 3 B1 
28360 78506.09099 83100 0 49 3 B1 
28361 78506.3845 84600 1 50 4 A1 
28362 78508.54369 83400 1 49 1 B1 
28363 78510.97036 81600 53 48 5 T 
28364 78514.75604 83400 2 49 1 B1 
28365 78524.5977 83100 4 49 3 D1 
28366 78527.15337 82200 5 49 2 D1 
28367 78541.44165 82200 0 49 2 B1 
28368 78553.88437 83400 1 49 1 B1 
28369 78556.53432 83400 2 49 1 B1 
28370 78559.20097 82200 0 49 2 B1 
28371 78562.05299 83400 1 49 1 B1 
28372 78564.71965 83400 2 49 1 B1 
28373 78567.2177 82200 0 49 2 B1 
28374 78570.8677 82200 1 49 2 B1 
28375 78588.37605 82200 3 49 2 D1 
28376 78604.85559 82500 5 49 2 C2 
28377 78610.05303 82200 2 49 2 B1 
28378 78618.05304 82200 0 49 2 B1 
28379 78620.55099 82200 1 49 2 B1 
28380 78626.99865 82500 3 49 2 C2 
28381 78628.75765 82200 2 49 2 B1 
28382 78631.17901 83400 0 49 1 B1 
28383 78658.47958 83100 1 49 3 B1 
28384 78773.77476 82200 2 49 2 B1 
28385 78777.75708 84600 53 50 4 T 
28386 78782.85901 84600 53 50 4 T 
28387 78836.20267 84600 53 50 4 T 
28388 78878.89579 84600 53 50 4 T 
28389 78992.65194 82500 53 49 2 T 
28390 79029.52604 83100 0 49 3 B1 
28391 79034.13437 83100 1 49 3 B1 
28392 79042.73432 83100 2 49 3 B1 
28393 79045.13436 83100 0 49 3 B1 
28394 79049.86765 83100 1 49 3 B1 
28395 79052.53432 83100 2 49 3 B1 
28396 79052.64253 82500 4 49 2 C2 
28397 79057.87329 83400 4 49 1 D1 
28398 79058.13759 82200 53 49 2 T 
28399 79060.59775 83400 5 49 1 D1 
28400 79060.71971 84600 0 50 4 B1 
28401 79063.34411 82500 5 49 2 C2 
28402 79071.44747 82500 3 49 2 C2 
28403 79073.98164 82500 4 49 2 C2 
28404 79075.48238 84600 1 50 4 B2 
28405 79079.15335 82500 3 49 2 D1 
28406 79082.77504 82200 1 49 2 B1 
28407 79083.52042 84600 2 50 4 B2 
28408 79087.42437 83100 2 49 3 B1 
28409 79088.63043 84600 0 50 4 B2 
28410 79097.8677 83100 0 49 3 B1 
28411 79103.21765 83100 1 49 3 B1 
28412 79103.72582 84600 2 50 4 A1 
28413 79106.09099 83100 2 49 3 B1 
28414 79108.48664 83100 4 49 3 D1 
28415 79109.42265 82200 0 49 2 B1 
28416 79111.80275 83100 1 49 3 B1 
28417 79119.04274 83100 5 49 3 D1 
28418 79143.20103 83400 2 49 1 B1 
28419 79151.21771 83400 0 49 1 B1 
28420 79156.71965 82200 1 49 2 B1 
28421 79159.20124 83400 2 49 1 B1 
28422 79161.93104 82200 3 49 2 D1 
28423 79162.13431 83400 0 49 1 B1 
28424 79165.53432 83400 1 49 1 B1 
28425 79170.05299 82200 2 49 2 B1 
28426 79187.10474 83100 0 49 3 B1 
28427 79201.88437 83400 1 49 1 B1 
28428 79209.52876 82500 5 49 2 C2 
28429 79210.05304 83400 2 49 1 B1 
28430 79212.40158 83100 0 49 3 B1 
28431 79214.81264 83400 1 49 1 B1 
28432 79217.31 83400 2 49 1 B1 
28433 79219.96337 83400 0 49 1 B1 
28434 79225.2967 83400 1 49 1 B1 
28435 79246.2169 84600 1 50 4 B2 
28436 79248.06127 82200 2 49 2 B1 
28437 79283.29213 83400 0 49 1 B1 
28438 79611.31857 84600 53 50 4 T 
28439 79631.39837 83400 1 49 1 B1 
28440 79633.96175 83400 2 49 1 B1 
28441 79638.59208 83100 0 49 3 B1 
28442 79641.25871 83100 1 49 3 B1 
28443 79643.96342 83100 2 49 3 B1 
28444 79646.41605 83100 0 49 3 B1 
28445 79650.13759 83100 53 49 3 T 
28446 79654.4067 83100 1 49 3 B1 
28447 79655.20661 83400 4 49 1 D1 
28448 79657.07337 83100 2 49 3 B1 
28449 79659.96342 84600 0 50 4 B1 
28450 79668.37606 83400 5 49 1 D1 
28451 79678.18704 84600 2 50 4 B2 
28452 79680.65083 84600 0 50 4 B2 
28453 79685.96375 84600 1 50 4 B2 
28454 79688.64709 84600 2 50 4 B2 
28455 79692.64737 83400 1 49 1 B1 
28456 79694.91744 83400 2 49 1 B1 
28457 79697.37725 83400 0 49 1 B1 
28458 79700.74008 83400 1 49 1 B1 
28459 79703.20744 83400 2 49 1 B1 
28460 79705.64128 83400 0 49 1 B1 
28461 79708.90582 84600 0 50 4 A1 
28462 79715.7567 83400 1 49 1 B1 
28463 79718.42337 83400 2 49 1 B1 
28464 79724.53995 83100 3 49 3 D1 
28465 79753.09009 83400 0 49 1 B1 
28466 79771.92537 83400 1 49 1 B1 
28467 79774.59204 83400 2 49 1 B1 
28468 79838.21565 84600 0 50 4 B2 
28469 80238.59203 83400 0 49 1 B1 
28470 80241.29675 83400 1 49 1 B1 
28471 80249.25876 83400 2 49 1 B1 
28472 80251.74029 83400 0 49 1 B1 
28473 80254.40675 84600 1 50 4 B1 
28474 80255.1533 83400 4 49 1 D1 
28475 80257.2967 83400 2 49 1 B1 
28476 80259.96337 83400 0 49 1 B1 
28477 80260.80426 83400 53 49 1 T 
28478 80272.63043 84600 1 50 4 B2 
28479 80275.2971 84600 2 50 4 B2 
28480 80277.96371 84600 0 50 4 B2 
28481 80280.6471 84600 1 50 4 B2 
28482 80283.48242 84600 2 50 4 B2 
28483 80285.98042 84600 0 50 4 B2 
28484 80288.81575 84600 1 50 4 B2 
28485 80291.48243 84600 2 50 4 B2 
28486 80293.05915 84600 1 50 4 A1 
28487 80298.24227 84600 2 50 4 A1 
28488 80854.42342 84600 1 50 4 B1 
28489 80864.64709 84600 0 50 4 B2 
28490 80875.48243 84600 1 50 4 B2 
28491 80878.14909 84600 2 50 4 B2 
28492 80880.85376 84600 0 50 4 B2 
28493 80883.52042 84600 1 50 4 B2 
28494 80885.98414 84600 2 50 4 B2 
28495 80888.85375 84600 0 50 4 B2 
28496 80891.31752 84600 1 50 4 B2 
28497 80895.57248 84600 0 50 4 A1 
28498 80906.3845 84600 1 50 4 A1 
28499 81408.6519 84600 53 50 4 T 
28500 81451.92542 84600 2 50 4 B1 
28501 81475.48238 84600 2 50 4 B2 
28502 81483.52042 84600 0 50 4 B2 
28503 81485.97309 84600 1 50 4 B2 
28504 81488.63077 84600 2 50 4 B2 
28505 81503.72582 84600 2 50 4 A1 