release_300s_bin,count,historical_dh_seconds_min,historical_dh_seconds_p01,historical_dh_seconds_p05,historical_dh_seconds_median,historical_dh_seconds_mean,historical_dh_seconds_p95,historical_dh_seconds_p99,historical_dh_seconds_max,historical_hca_seconds_min,historical_hca_seconds_p01,historical_hca_seconds_p05,historical_hca_seconds_median,historical_hca_seconds_mean,historical_hca_seconds_p95,historical_hca_seconds_p99,historical_hca_seconds_max,current_dh_seconds_min,current_dh_seconds_p01,current_dh_seconds_p05,current_dh_seconds_median,current_dh_seconds_mean,current_dh_seconds_p95,current_dh_seconds_p99,current_dh_seconds_max,historical_minus_current_seconds_min,historical_minus_current_seconds_p01,historical_minus_current_seconds_p05,historical_minus_current_seconds_median,historical_minus_current_seconds_mean,historical_minus_current_seconds_p95,historical_minus_current_seconds_p99,historical_minus_current_seconds_max,historical_excess_over_current_free_flow_min,historical_excess_over_current_free_flow_p01,historical_excess_over_current_free_flow_p05,historical_excess_over_current_free_flow_median,historical_excess_over_current_free_flow_mean,historical_excess_over_current_free_flow_p95,historical_excess_over_current_free_flow_p99,historical_excess_over_current_free_flow_max,current_excess_over_free_flow_min,current_excess_over_free_flow_p01,current_excess_over_free_flow_p05,current_excess_over_free_flow_median,current_excess_over_free_flow_mean,current_excess_over_free_flow_p95,current_excess_over_free_flow_p99,current_excess_over_free_flow_max,current_source_wait_seconds_min,current_source_wait_seconds_p01,current_source_wait_seconds_p05,current_source_wait_seconds_median,current_source_wait_seconds_mean,current_source_wait_seconds_p95,current_source_wait_seconds_p99,current_source_wait_seconds_max
27,1,65.800000000,65.800000000,65.800000000,65.800000000,65.800000000,65.800000000,65.800000000,65.800000000,54.000000000,54.000000000,54.000000000,54.000000000,54.000000000,54.000000000,54.000000000,54.000000000,65.000000000,65.000000000,65.000000000,65.000000000,65.000000000,65.000000000,65.000000000,65.000000000,0.800000000,0.800000000,0.800000000,0.800000000,0.800000000,0.800000000,0.800000000,0.800000000,0.800000000,0.800000000,0.800000000,0.800000000,0.800000000,0.800000000,0.800000000,0.800000000,0.000000000,0.000000000,0.000000000,0.000000000,0.000000000,0.000000000,0.000000000,0.000000000,2.000000000,2.000000000,2.000000000,2.000000000,2.000000000,2.000000000,2.000000000,2.000000000
29,3,60.200000000,60.218000000,60.290000000,61.100000000,62.366666667,65.330000000,65.706000000,65.800000000,46.000000000,46.020000000,46.100000000,47.000000000,49.000000000,53.300000000,53.860000000,54.000000000,59.600000000,59.616000000,59.680000000,60.400000000,61.666666667,64.540000000,64.908000000,65.000000000,0.600000000,0.602000000,0.610000000,0.700000000,0.700000000,0.790000000,0.798000000,0.800000000,0.600000000,0.602000000,0.610000000,0.700000000,0.700000000,0.790000000,0.798000000,0.800000000,-0.000000000,-0.000000000,-0.000000000,0.000000000,-0.000000000,0.000000000,0.000000000,0.000000000,2.000000000,2.000000000,2.000000000,2.000000000,2.000000000,2.000000000,2.000000000,2.000000000
31,2,61.100000000,61.147000000,61.335000000,63.450000000,63.450000000,65.565000000,65.753000000,65.800000000,47.000000000,47.070000000,47.350000000,50.500000000,50.500000000,53.650000000,53.930000000,54.000000000,60.400000000,60.446000000,60.630000000,62.700000000,62.700000000,64.770000000,64.954000000,65.000000000,0.700000000,0.701000000,0.705000000,0.750000000,0.750000000,0.795000000,0.799000000,0.800000000,0.700000000,0.701000000,0.705000000,0.750000000,0.750000000,0.795000000,0.799000000,0.800000000,-0.000000000,-0.000000000,-0.000000000,-0.000000000,-0.000000000,-0.000000000,-0.000000000,0.000000000,2.000000000,2.000000000,2.000000000,2.000000000,2.000000000,2.000000000,2.000000000,2.000000000
33,6,60.300000000,60.395000000,60.775000000,72.300000000,75.516666667,94.950000000,96.510000000,96.900000000,46.000000000,46.000000000,46.000000000,46.500000000,48.333333333,53.250000000,53.850000000,54.000000000,59.600000000,59.680000000,60.000000000,61.600000000,62.833333333,67.250000000,67.850000000,68.000000000,0.700000000,0.705000000,0.725000000,9.200000000,12.683333333,28.500000000,28.820000000,28.900000000,0.700000000,0.705000000,0.725000000,10.000000000,13.183333333,28.850000000,28.890000000,28.900000000,-0.000000000,-0.000000000,-0.000000000,0.000000000,0.500000000,1.550000000,1.590000000,1.600000000,2.000000000,2.000000000,2.000000000,2.000000000,2.000000000,2.000000000,2.000000000,2.000000000
35,10,60.200000000,60.281000000,60.605000000,69.700000000,80.640000000,120.850000000,133.450000000,136.600000000,46.000000000,46.000000000,46.000000000,50.000000000,52.100000000,65.550000000,73.110000000,75.000000000,59.600000000,59.672000000,59.960000000,65.000000000,65.360000000,73.040000000,73.328000000,73.400000000,0.600000000,0.609000000,0.645000000,0.900000000,15.280000000,52.070000000,67.694000000,71.600000000,0.600000000,0.609000000,0.645000000,0.900000000,15.540000000,52.430000000,67.766000000,71.600000000,-0.000000000,-0.000000000,-0.000000000,0.000000000,0.260000000,1.350000000,1.710000000,1.800000000,2.000000000,2.000000000,2.000000000,2.000000000,2.000000000,2.000000000,2.000000000,2.000000000
36,1,61.100000000,61.100000000,61.100000000,61.100000000,61.100000000,61.100000000,61.100000000,61.100000000,47.000000000,47.000000000,47.000000000,47.000000000,47.000000000,47.000000000,47.000000000,47.000000000,60.400000000,60.400000000,60.400000000,60.400000000,60.400000000,60.400000000,60.400000000,60.400000000,0.700000000,0.700000000,0.700000000,0.700000000,0.700000000,0.700000000,0.700000000,0.700000000,0.700000000,0.700000000,0.700000000,0.700000000,0.700000000,0.700000000,0.700000000,0.700000000,-0.000000000,-0.000000000,-0.000000000,-0.000000000,-0.000000000,-0.000000000,-0.000000000,-0.000000000,2.000000000,2.000000000,2.000000000,2.000000000,2.000000000,2.000000000,2.000000000,2.000000000
37,18,60.300000000,60.436000000,60.980000000,82.700000000,85.705555556,113.640000000,122.888000000,125.200000000,46.000000000,46.000000000,46.000000000,53.000000000,55.166666667,77.450000000,79.490000000,80.000000000,59.600000000,59.600000000,59.600000000,61.700000000,64.022222222,72.600000000,72.600000000,72.600000000,0.700000000,0.700000000,0.700000000,21.300000000,21.683333333,46.510000000,56.982000000,59.600000000,0.700000000,0.700000000,0.700000000,21.300000000,22.094444444,47.620000000,57.684000000,60.200000000,-0.000000000,-0.000000000,-0.000000000,0.000000000,0.411111111,1.230000000,1.366000000,1.400000000,2.000000000,2.000000000,2.000000000,2.000000000,2.000000000,2.000000000,2.000000000,2.000000000
39,15,60.300000000,60.412000000,60.860000000,81.600000000,85.860000000,119.040000000,132.928000000,136.400000000,46.000000000,46.000000000,46.000000000,51.000000000,52.800000000,74.100000000,78.020000000,79.000000000,59.600000000,59.628000000,59.740000000,61.400000000,64.666666667,72.960000000,73.632000000,73.800000000,0.700000000,0.700000000,0.700000000,21.200000000,21.193333333,55.570000000,67.274000000,70.200000000,0.700000000,0.700000000,0.700000000,21.200000000,21.606666667,55.930000000,68.306000000,71.400000000,-0.000000000,-0.000000000,-0.000000000,0.000000000,0.413333333,1.920000000,3.264000000,3.600000000,2.000000000,2.000000000,2.000000000,2.000000000,2.000000000,2.000000000,2.000000000,2.000000000
40,1,61.100000000,61.100000000,61.100000000,61.100000000,61.100000000,61.100000000,61.100000000,61.100000000,47.000000000,47.000000000,47.000000000,47.000000000,47.000000000,47.000000000,47.000000000,47.000000000,60.400000000,60.400000000,60.400000000,60.400000000,60.400000000,60.400000000,60.400000000,60.400000000,0.700000000,0.700000000,0.700000000,0.700000000,0.700000000,0.700000000,0.700000000,0.700000000,0.700000000,0.700000000,0.700000000,0.700000000,0.700000000,0.700000000,0.700000000,0.700000000,-0.000000000,-0.000000000,-0.000000000,-0.000000000,-0.000000000,-0.000000000,-0.000000000,-0.000000000,2.000000000,2.000000000,2.000000000,2.000000000,2.000000000,2.000000000,2.000000000,2.000000000
41,20,60.200000000,60.219000000,60.295000000,84.750000000,84.395000000,104.120000000,115.064000000,117.800000000,46.000000000,46.000000000,46.000000000,53.000000000,56.200000000,79.050000000,79.810000000,80.000000000,59.600000000,59.638000000,59.790000000,63.800000000,64.770000000,72.600000000,72.600000000,72.600000000,-0.400000000,-0.191000000,0.645000000,23.000000000,19.625000000,41.590000000,50.558000000,52.800000000,0.600000000,0.619000000,0.695000000,24.750000000,20.205000000,42.540000000,50.748000000,52.800000000,-0.000000000,-0.000000000,-0.000000000,0.200000000,0.580000000,1.720000000,3.544000000,4.000000000,2.000000000,2.000000000,2.000000000,2.000000000,2.000000000,2.000000000,2.000000000,2.000000000
42,1,65.800000000,65.800000000,65.800000000,65.800000000,65.800000000,65.800000000,65.800000000,65.800000000,54.000000000,54.000000000,54.000000000,54.000000000,54.000000000,54.000000000,54.000000000,54.000000000,65.000000000,65.000000000,65.000000000,65.000000000,65.000000000,65.000000000,65.000000000,65.000000000,0.800000000,0.800000000,0.800000000,0.800000000,0.800000000,0.800000000,0.800000000,0.800000000,0.800000000,0.800000000,0.800000000,0.800000000,0.800000000,0.800000000,0.800000000,0.800000000,0.000000000,0.000000000,0.000000000,0.000000000,0.000000000,0.000000000,0.000000000,0.000000000,2.000000000,2.000000000,2.000000000,2.000000000,2.000000000,2.000000000,2.000000000,2.000000000
43,27,61.100000000,61.100000000,61.100000000,93.700000000,93.307407407,120.690000000,121.718000000,121.900000000,46.000000000,46.000000000,46.000000000,51.000000000,54.851851852,79.700000000,80.000000000,80.000000000,59.600000000,59.600000000,59.660000000,62.600000000,64.792592593,72.880000000,73.592000000,73.800000000,-1.500000000,-0.928000000,0.700000000,29.000000000,28.514814815,54.700000000,55.810000000,56.200000000,0.700000000,0.700000000,0.700000000,29.000000000,28.981481481,55.750000000,56.718000000,56.900000000,-0.000000000,-0.000000000,-0.000000000,0.000000000,0.466666667,2.020000000,2.200000000,2.200000000,2.000000000,2.000000000,2.000000000,2.000000000,2.000000000,2.000000000,2.000000000,2.000000000
44,11,61.400000000,61.400000000,61.400000000,61.400000000,62.536363636,67.550000000,72.390000000,73.600000000,47.000000000,47.000000000,47.000000000,47.000000000,47.545454545,50.000000000,52.400000000,53.000000000,60.800000000,60.800000000,60.800000000,60.800000000,61.872727273,66.700000000,71.420000000,72.600000000,0.600000000,0.600000000,0.600000000,0.600000000,0.663636364,0.850000000,0.970000000,1.000000000,0.600000000,0.600000000,0.600000000,0.600000000,0.663636364,0.850000000,0.970000000,1.000000000,-0.000000000,-0.000000000,-0.000000000,-0.000000000,-0.000000000,-0.000000000,0.000000000,0.000000000,2.000000000,2.000000000,2.000000000,2.000000000,2.000000000,2.000000000,2.000000000,2.000000000
45,31,60.300000000,60.540000000,61.300000000,77.100000000,81.474193548,115.300000000,118.140000000,118.200000000,46.000000000,46.000000000,46.000000000,51.000000000,54.290322581,79.500000000,80.000000000,80.000000000,59.600000000,59.600000000,59.600000000,61.400000000,64.277419355,72.800000000,73.280000000,73.400000000,0.400000000,0.490000000,0.700000000,9.100000000,17.196774194,45.650000000,49.620000000,49.800000000,0.700000000,0.700000000,0.700000000,12.700000000,17.874193548,46.850000000,50.140000000,50.200000000,-0.000000000,-0.000000000,-0.000000000,0.400000000,0.677419355,3.000000000,3.420000000,3.600000000,2.000000000,2.000000000,2.000000000,2.000000000,2.000000000,2.000000000,2.000000000,2.000000000
46,5,61.100000000,61.112000000,61.160000000,61.500000000,61.540000000,62.060000000,62.172000000,62.200000000,46.000000000,46.040000000,46.200000000,47.000000000,46.800000000,47.000000000,47.000000000,47.000000000,60.400000000,60.416000000,60.480000000,60.800000000,60.840000000,61.280000000,61.376000000,61.400000000,0.600000000,0.604000000,0.620000000,0.700000000,0.700000000,0.780000000,0.796000000,0.800000000,0.600000000,0.604000000,0.620000000,0.700000000,0.700000000,0.780000000,0.796000000,0.800000000,-0.000000000,-0.000000000,-0.000000000,-0.000000000,-0.000000000,-0.000000000,-0.000000000,-0.000000000,2.000000000,2.000000000,2.000000000,2.000000000,2.000000000,2.000000000,2.000000000,2.000000000
47,39,60.300000000,60.756000000,62.130000000,83.000000000,87.323076923,115.500000000,139.376000000,150.700000000,46.000000000,46.000000000,46.000000000,53.000000000,58.615384615,80.000000000,80.000000000,80.000000000,59.600000000,59.600000000,59.780000000,65.000000000,65.717948718,73.040000000,76.564000000,77.400000000,0.400000000,0.514000000,0.700000000,16.800000000,21.605128205,46.570000000,71.694000000,84.500000000,0.700000000,0.700000000,0.790000000,19.200000000,23.148717949,48.770000000,73.274000000,85.700000000,-0.000000000,-0.000000000,-0.000000000,0.800000000,1.543589744,5.620000000,7.040000000,7.800000000,2.000000000,2.000000000,2.000000000,2.000000000,2.000000000,2.000000000,2.000000000,2.000000000
48,10,61.400000000,61.400000000,61.400000000,61.400000000,65.410000000,82.125000000,87.705000000,89.100000000,47.000000000,47.000000000,47.000000000,47.000000000,47.600000000,50.300000000,52.460000000,53.000000000,60.800000000,60.800000000,60.800000000,60.800000000,62.000000000,67.380000000,71.556000000,72.600000000,0.600000000,0.600000000,0.600000000,0.600000000,3.410000000,15.905000000,25.661000000,28.100000000,0.600000000,0.600000000,0.600000000,0.600000000,3.470000000,16.235000000,26.207000000,28.700000000,-0.000000000,-0.000000000,-0.000000000,-0.000000000,0.060000000,0.330000000,0.546000000,0.600000000,2.000000000,2.000000000,2.000000000,2.000000000,2.000000000,2.000000000,2.000000000,2.000000000
49,40,60.200000000,60.239000000,60.300000000,78.500000000,83.005000000,118.695000000,132.300000000,136.200000000,46.000000000,46.000000000,46.000000000,53.000000000,57.100000000,80.000000000,80.000000000,80.000000000,59.600000000,59.600000000,59.600000000,62.500000000,64.395000000,74.010000000,74.322000000,74.400000000,0.600000000,0.639000000,0.700000000,16.450000000,18.610000000,50.385000000,62.736000000,69.600000000,0.600000000,0.639000000,0.700000000,17.800000000,19.760000000,50.465000000,64.336000000,71.200000000,-0.000000000,-0.000000000,-0.000000000,0.900000000,1.150000000,3.620000000,4.488000000,4.800000000,2.000000000,2.000000000,2.000000000,2.000000000,2.000000000,2.000000000,2.000000000,2.000000000
50,16,61.100000000,61.145000000,61.325000000,61.400000000,62.768750000,69.075000000,76.935000000,78.900000000,47.000000000,47.000000000,47.000000000,47.000000000,49.875000000,60.500000000,76.100000000,80.000000000,60.400000000,60.460000000,60.700000000,60.800000000,61.775000000,66.900000000,71.460000000,72.600000000,0.600000000,0.600000000,0.600000000,0.600000000,0.993750000,2.175000000,5.475000000,6.300000000,0.600000000,0.600000000,0.600000000,0.600000000,0.993750000,2.175000000,5.475000000,6.300000000,-0.000000000,-0.000000000,-0.000000000,-0.000000000,-0.000000000,0.000000000,0.000000000,0.000000000,2.000000000,2.000000000,2.000000000,2.000000000,2.000000000,2.000000000,2.000000000,2.000000000
51,69,60.300000000,60.844000000,61.440000000,91.600000000,89.855072464,121.660000000,152.852000000,172.300000000,46.000000000,46.000000000,46.000000000,53.000000000,57.130434783,80.000000000,80.000000000,80.000000000,59.600000000,59.600000000,60.280000000,65.200000000,66.255072464,74.840000000,78.328000000,78.600000000,-2.600000000,-1.512000000,0.700000000,25.800000000,23.600000000,50.960000000,90.564000000,111.100000000,0.600000000,0.668000000,0.700000000,28.600000000,25.817391304,53.600000000,92.180000000,111.900000000,-0.000000000,-0.000000000,-0.000000000,0.800000000,2.217391304,7.920000000,9.592000000,10.000000000,2.000000000,2.000000000,2.000000000,2.000000000,2.000000000,2.000000000,2.000000000,2.000000000
52,39,61.100000000,61.214000000,61.400000000,61.400000000,63.274358974,70.920000000,92.014000000,93.800000000,46.000000000,46.000000000,46.900000000,47.000000000,47.230769231,47.400000000,52.860000000,54.000000000,59.600000000,59.904000000,60.400000000,60.800000000,61.056410256,61.760000000,66.860000000,68.000000000,0.600000000,0.600000000,0.600000000,0.600000000,2.217948718,8.900000000,28.762000000,28.800000000,0.600000000,0.600000000,0.600000000,0.600000000,2.217948718,8.900000000,28.762000000,28.800000000,-0.000000000,-0.000000000,-0.000000000,-0.000000000,-0.000000000,0.000000000,0.000000000,0.000000000,2.000000000,2.000000000,2.000000000,2.000000000,2.000000000,2.000000000,2.000000000,2.000000000
53,82,60.200000000,60.200000000,61.400000000,83.900000000,83.710975610,118.285000000,131.949000000,145.800000000,46.000000000,46.000000000,46.000000000,53.000000000,56.695121951,80.000000000,80.000000000,80.000000000,59.600000000,59.600000000,59.620000000,62.000000000,64.087804878,72.790000000,74.352000000,75.000000000,-0.600000000,-0.519000000,0.600000000,21.200000000,19.623170732,50.295000000,61.084000000,80.200000000,0.600000000,0.600000000,0.600000000,22.050000000,20.510975610,50.395000000,61.360000000,80.800000000,-0.000000000,-0.000000000,-0.000000000,0.200000000,0.887804878,3.780000000,4.800000000,4.800000000,2.000000000,2.000000000,2.000000000,2.000000000,2.000000000,2.000000000,2.000000000,2.000000000
54,36,60.200000000,60.235000000,61.125000000,61.400000000,64.097222222,78.450000000,89.100000000,89.100000000,46.000000000,46.000000000,46.000000000,47.000000000,48.472222222,54.000000000,66.350000000,73.000000000,59.600000000,59.600000000,60.200000000,60.800000000,61.644444444,66.350000000,70.990000000,72.600000000,0.600000000,0.600000000,0.600000000,0.600000000,2.452777778,14.000000000,28.700000000,28.700000000,0.600000000,0.600000000,0.600000000,0.600000000,2.475000000,14.600000000,28.700000000,28.700000000,-0.000000000,-0.000000000,-0.000000000,-0.000000000,0.022222222,0.000000000,0.520000000,0.800000000,2.000000000,2.000000000,2.000000000,2.000000000,2.000000000,2.000000000,2.000000000,2.000000000
55,113,61.100000000,61.136000000,61.400000000,91.600000000,92.431858407,129.120000000,152.056000000,159.600000000,46.000000000,46.000000000,46.000000000,53.000000000,58.707964602,80.000000000,81.760000000,82.000000000,59.600000000,59.800000000,60.520000000,72.600000000,72.350442478,86.760000000,89.976000000,90.400000000,-12.400000000,-11.760000000,-7.360000000,20.600000000,20.081415929,51.960000000,75.552000000,94.000000000,0.600000000,0.600000000,0.600000000,28.700000000,28.791150442,59.920000000,84.056000000,98.800000000,-0.000000000,-0.000000000,-0.000000000,10.000000000,8.709734513,21.160000000,23.600000000,24.400000000,2.000000000,2.000000000,2.000000000,2.000000000,2.000000000,2.000000000,2.000000000,2.000000000
56,31,60.300000000,60.540000000,61.100000000,68.900000000,76.829032258,119.050000000,134.750000000,140.300000000,46.000000000,46.000000000,46.000000000,47.000000000,50.612903226,66.500000000,79.700000000,80.000000000,59.600000000,59.600000000,59.600000000,60.800000000,63.406451613,72.600000000,72.600000000,72.600000000,0.100000000,0.250000000,0.600000000,1.000000000,13.422580645,56.750000000,73.530000000,80.700000000,0.600000000,0.600000000,0.600000000,1.000000000,13.532258065,56.750000000,73.530000000,80.700000000,-0.000000000,-0.000000000,-0.000000000,-0.000000000,0.109677419,0.900000000,1.000000000,1.000000000,2.000000000,2.000000000,2.000000000,2.000000000,2.000000000,2.000000000,2.000000000,2.000000000
57,127,60.200000000,60.508000000,61.400000000,96.300000000,97.359842520,135.920000000,148.456000000,190.000000000,46.000000000,46.000000000,46.000000000,54.000000000,60.259842520,80.000000000,80.000000000,82.000000000,59.600000000,59.956000000,60.800000000,76.400000000,76.253543307,90.680000000,93.680000000,96.600000000,-18.500000000,-16.784000000,-7.960000000,20.100000000,21.106299213,53.070000000,68.562000000,103.400000000,0.600000000,0.600000000,0.600000000,31.100000000,33.740944882,68.340000000,87.162000000,125.000000000,-0.000000000,-0.000000000,-0.000000000,14.600000000,12.634645669,24.740000000,26.540000000,28.400000000,2.000000000,2.000000000,2.000000000,2.000000000,2.000000000,2.000000000,2.000000000,2.000000000
58,72,60.200000000,60.839000000,61.400000000,61.450000000,87.462500000,217.690000000,257.694000000,270.900000000,46.000000000,46.000000000,46.000000000,47.000000000,62.319444444,194.000000000,196.000000000,196.000000000,59.600000000,59.600000000,60.040000000,60.800000000,75.263888889,213.990000000,217.600000000,217.600000000,0.600000000,0.600000000,0.600000000,0.700000000,12.198611111,53.025000000,82.382000000,86.500000000,0.600000000,0.600000000,0.600000000,0.700000000,12.487500000,53.025000000,83.774000000,91.300000000,-0.000000000,-0.000000000,-0.000000000,-0.000000000,0.288888889,2.230000000,3.522000000,4.800000000,2.000000000,2.000000000,2.000000000,2.000000000,2.000000000,2.000000000,2.000000000,2.000000000
59,160,61.400000000,61.400000000,61.400000000,108.050000000,123.835625000,258.125000000,281.606000000,303.100000000,46.000000000,46.000000000,47.000000000,54.000000000,79.150000000,196.000000000,245.500000000,275.000000000,59.600000000,60.800000000,60.800000000,85.200000000,99.598750000,224.460000000,249.040000000,261.000000000,-4.300000000,-4.064000000,0.100000000,21.050000000,24.236875000,61.355000000,78.946000000,79.900000000,0.600000000,0.600000000,0.600000000,38.450000000,39.570625000,82.395000000,86.320000000,99.100000000,-0.000000000,-0.000000000,-0.000000000,18.100000000,15.333750000,29.820000000,31.902000000,34.200000000,2.000000000,2.000000000,2.000000000,2.000000000,2.000000000,2.000000000,2.000000000,2.000000000
60,118,60.200000000,61.400000000,61.400000000,88.150000000,114.666949153,258.200000000,317.148000000,335.400000000,46.000000000,46.000000000,46.000000000,50.000000000,82.254237288,225.000000000,275.490000000,276.000000000,59.600000000,59.800000000,60.400000000,67.700000000,95.713559322,232.780000000,246.260000000,249.200000000,-11.500000000,-6.264000000,-4.345000000,12.550000000,18.953389831,62.355000000,120.429000000,144.900000000,0.600000000,0.600000000,0.600000000,19.850000000,23.494067797,62.865000000,120.497000000,145.500000000,-0.000000000,-0.000000000,-0.000000000,0.900000000,4.540677966,15.690000000,24.256000000,26.000000000,2.000000000,2.000000000,2.000000000,2.000000000,2.000000000,2.000000000,2.000000000,2.000000000
61,166,61.100000000,61.295000000,61.400000000,125.550000000,143.687951807,307.125000000,335.195000000,359.300000000,46.000000000,46.000000000,47.000000000,54.000000000,85.650602410,223.250000000,275.350000000,278.000000000,60.200000000,60.400000000,60.800000000,94.400000000,112.310843373,254.250000000,267.730000000,279.400000000,-17.700000000,-14.310000000,-8.400000000,30.400000000,31.377108434,76.175000000,104.660000000,122.400000000,0.600000000,0.600000000,0.600000000,56.700000000,54.254216867,104.950000000,126.345000000,129.000000000,-0.000000000,-0.000000000,-0.000000000,25.300000000,22.877108434,41.200000000,42.800000000,43.200000000,2.000000000,2.000000000,2.000000000,2.000000000,2.000000000,2.000000000,2.000000000,2.000000000
62,158,61.100000000,61.400000000,61.400000000,95.250000000,124.915189873,264.720000000,288.655000000,346.100000000,46.000000000,46.000000000,46.000000000,53.000000000,87.835443038,218.000000000,275.000000000,276.000000000,60.200000000,60.400000000,60.800000000,69.300000000,105.330379747,242.880000000,258.692000000,271.800000000,-12.600000000,-9.675000000,-2.350000000,13.550000000,19.584810127,58.395000000,121.158000000,164.100000000,0.600000000,0.600000000,0.600000000,22.750000000,27.139240506,67.945000000,124.510000000,164.700000000,-0.000000000,-0.000000000,-0.000000000,2.600000000,7.554430380,27.230000000,35.888000000,39.400000000,2.000000000,2.000000000,2.000000000,2.000000000,2.000000000,2.000000000,2.000000000,2.000000000
63,190,60.200000000,61.367000000,61.400000000,117.200000000,132.870000000,274.060000000,328.522000000,360.100000000,46.000000000,46.000000000,46.000000000,54.000000000,87.210526316,225.000000000,275.110000000,276.000000000,59.600000000,59.778000000,60.800000000,90.500000000,109.366315789,237.170000000,268.014000000,281.400000000,-32.500000000,-25.685000000,-13.355000000,19.650000000,23.503684211,71.465000000,83.606000000,107.500000000,0.600000000,0.600000000,0.600000000,39.100000000,40.670000000,97.885000000,116.650000000,127.700000000,-6.600000000,-0.726000000,-0.000000000,18.700000000,17.166315789,37.910000000,44.266000000,46.600000000,2.000000000,2.000000000,2.000000000,2.000000000,2.000000000,2.000000000,2.000000000,2.000000000
64,180,60.200000000,60.200000000,61.400000000,97.600000000,127.733888889,254.030000000,306.432000000,395.000000000,46.000000000,46.000000000,46.000000000,54.000000000,96.400000000,227.250000000,275.000000000,276.000000000,59.800000000,60.358000000,60.800000000,72.200000000,107.743333333,231.240000000,247.904000000,254.400000000,-15.400000000,-13.747000000,-4.040000000,13.650000000,19.990555556,59.810000000,95.271000000,177.200000000,0.600000000,0.600000000,0.600000000,21.150000000,25.071666667,61.265000000,103.971000000,177.400000000,-0.000000000,-0.000000000,-0.000000000,1.700000000,5.081111111,18.220000000,26.642000000,27.000000000,2.000000000,2.000000000,2.000000000,2.000000000,2.000000000,2.000000000,2.000000000,2.000000000
65,359,60.200000000,61.400000000,61.490000000,158.000000000,160.576601671,298.050000000,329.108000000,368.100000000,46.000000000,46.000000000,47.000000000,146.000000000,124.103064067,225.700000000,250.000000000,276.000000000,59.600000000,60.800000000,60.800000000,157.400000000,135.612813370,217.480000000,247.156000000,252.200000000,-40.700000000,-29.288000000,-0.320000000,3.800000000,24.963788301,98.350000000,114.584000000,121.600000000,0.300000000,0.300000000,0.400000000,12.600000000,37.396657382,121.860000000,149.356000000,154.200000000,-14.200000000,-12.568000000,-0.000000000,0.800000000,12.432869081,52.220000000,54.968000000,60.800000000,2.000000000,2.000000000,2.000000000,2.000000000,2.000000000,2.000000000,2.000000000,2.000000000
66,202,61.400000000,61.400000000,61.400000000,153.600000000,162.236138614,268.445000000,311.667000000,338.600000000,46.000000000,46.000000000,47.000000000,77.500000000,121.217821782,240.700000000,276.000000000,278.000000000,60.400000000,60.800000000,60.800000000,111.600000000,143.294059406,263.340000000,287.386000000,293.800000000,-46.400000000,-33.360000000,-12.760000000,14.850000000,18.942079208,70.185000000,108.519000000,135.200000000,0.600000000,0.600000000,0.600000000,27.900000000,37.272772277,118.800000000,139.278000000,188.400000000,-0.000000000,-0.000000000,-0.000000000,5.500000000,18.330693069,52.790000000,57.194000000,60.400000000,2.000000000,2.000000000,2.000000000,2.000000000,2.000000000,2.000000000,2.000000000,2.000000000
67,237,60.300000000,61.400000000,62.060000000,217.700000000,169.581856540,281.720000000,296.460000000,424.200000000,46.000000000,46.000000000,47.000000000,189.000000000,143.270042194,275.000000000,278.000000000,279.000000000,59.600000000,60.800000000,60.800000000,211.600000000,148.616877637,241.760000000,254.424000000,257.000000000,-13.200000000,-10.840000000,-1.660000000,15.500000000,20.964978903,59.020000000,91.516000000,192.400000000,0.600000000,0.600000000,0.700000000,22.000000000,26.549789030,64.040000000,102.144000000,193.000000000,-13.600000000,-13.400000000,-0.000000000,3.000000000,5.584810127,18.040000000,21.584000000,25.000000000,2.000000000,2.000000000,2.000000000,2.000000000,2.000000000,2.000000000,2.000000000,2.000000000
68,284,60.200000000,62.645000000,68.130000000,192.650000000,176.718309859,272.410000000,296.730000000,324.700000000,46.000000000,46.000000000,47.000000000,196.000000000,160.017605634,276.000000000,278.000000000,327.000000000,59.600000000,60.732000000,61.800000000,187.900000000,161.086619718,239.570000000,246.834000000,258.400000000,-20.700000000,-10.291000000,-3.070000000,10.200000000,15.631690141,54.875000000,79.891000000,109.500000000,0.500000000,0.500000000,0.600000000,15.500000000,20.917605634,64.510000000,82.691000000,112.500000000,-0.000000000,-0.000000000,0.000000000,2.200000000,5.285915493,21.800000000,24.400000000,25.400000000,2.000000000,2.000000000,2.000000000,2.000000000,2.000000000,2.000000000,2.000000000,2.000000000
69,367,61.400000000,61.400000000,69.340000000,206.500000000,189.358310627,292.830000000,331.674000000,355.600000000,46.000000000,47.000000000,47.000000000,199.000000000,167.373297003,275.000000000,278.340000000,282.000000000,60.800000000,60.800000000,67.060000000,198.800000000,167.895912807,250.140000000,257.868000000,259.800000000,-21.200000000,-14.544000000,-3.900000000,12.600000000,21.462397820,68.230000000,118.796000000,197.100000000,0.300000000,0.300000000,0.400000000,22.400000000,28.557220708,81.350000000,122.030000000,216.700000000,-14.200000000,-6.600000000,-0.000000000,1.400000000,7.094822888,23.940000000,26.868000000,29.200000000,2.000000000,2.000000000,2.000000000,2.000000000,2.000000000,2.000000000,2.000000000,2.000000000
70,262,60.200000000,62.254000000,67.135000000,140.950000000,166.591984733,287.725000000,302.195000000,344.700000000,46.000000000,46.000000000,47.000000000,80.000000000,140.343511450,275.950000000,278.000000000,284.000000000,59.600000000,60.800000000,62.200000000,97.200000000,148.177099237,251.150000000,265.512000000,270.800000000,-13.900000000,-12.473000000,-7.935000000,14.850000000,18.414885496,56.235000000,77.773000000,122.100000000,0.600000000,0.700000000,0.800000000,23.450000000,28.704198473,73.280000000,90.097000000,131.700000000,-14.200000000,-0.000000000,0.000000000,6.600000000,10.289312977,31.590000000,35.112000000,36.600000000,2.000000000,2.000000000,2.000000000,2.000000000,2.000000000,2.000000000,2.000000000,2.000000000
71,400,61.400000000,62.794000000,77.590000000,160.250000000,176.212250000,299.430000000,336.832000000,346.200000000,46.000000000,46.000000000,47.000000000,171.000000000,150.860000000,275.000000000,279.010000000,327.000000000,59.800000000,60.800000000,62.590000000,157.800000000,153.862000000,254.030000000,281.000000000,291.400000000,-39.300000000,-6.401000000,-0.205000000,14.850000000,22.350250000,73.965000000,105.047000000,129.000000000,0.500000000,0.500000000,0.500000000,27.500000000,31.661250000,92.990000000,119.634000000,128.800000000,-6.600000000,-0.000000000,0.000000000,1.500000000,9.311000000,39.640000000,54.002000000,55.000000000,2.000000000,2.000000000,2.000000000,2.000000000,2.000000000,2.000000000,2.000000000,2.000000000
72,287,60.200000000,61.400000000,68.490000000,160.300000000,175.745296167,297.030000000,319.428000000,345.100000000,46.000000000,46.000000000,47.000000000,189.000000000,148.954703833,275.000000000,279.000000000,320.000000000,66.600000000,67.544000000,68.860000000,158.200000000,163.064808362,276.740000000,283.856000000,287.800000000,-29.800000000,-24.960000000,-14.310000000,4.800000000,12.680487805,55.220000000,87.442000000,129.900000000,0.500000000,0.500000000,0.530000000,21.100000000,28.277700348,81.270000000,107.672000000,145.200000000,-0.000000000,0.000000000,0.000000000,9.400000000,15.597212544,46.740000000,48.828000000,55.800000000,2.000000000,2.000000000,2.000000000,2.000000000,2.000000000,2.000000000,2.000000000,2.000000000
73,440,60.300000000,61.400000000,74.435000000,201.500000000,190.122727273,306.425000000,346.510000000,362.600000000,46.000000000,46.000000000,50.000000000,196.000000000,163.956818182,275.000000000,278.000000000,284.000000000,59.600000000,60.800000000,64.770000000,198.800000000,166.125454545,251.440000000,267.210000000,276.600000000,-31.100000000,-22.564000000,-0.105000000,14.000000000,23.997272727,90.050000000,118.676000000,156.400000000,0.300000000,0.300000000,0.400000000,24.400000000,32.662272727,96.255000000,135.220000000,166.600000000,-0.000000000,-0.000000000,0.000000000,0.800000000,8.665000000,36.410000000,40.322000000,42.400000000,2.000000000,2.000000000,2.000000000,2.000000000,2.000000000,2.000000000,2.000000000,2.000000000
74,393,60.200000000,63.660000000,69.500000000,201.800000000,184.037404580,291.960000000,317.716000000,358.200000000,46.000000000,46.000000000,47.000000000,196.000000000,166.552162850,276.000000000,286.880000000,351.000000000,59.800000000,60.800000000,63.240000000,198.600000000,165.835623410,252.840000000,268.416000000,276.000000000,-21.000000000,-16.636000000,-9.500000000,8.900000000,18.201781170,68.440000000,92.952000000,144.100000000,0.300000000,0.400000000,0.500000000,21.800000000,25.677608142,79.860000000,95.536000000,144.700000000,-0.000000000,-0.000000000,0.000000000,1.600000000,7.475826972,34.000000000,39.216000000,42.200000000,2.000000000,2.000000000,2.000000000,2.000000000,2.000000000,2.000000000,2.000000000,2.000000000
75,427,61.400000000,61.682000000,73.600000000,201.200000000,184.870960187,302.650000000,346.436000000,383.900000000,46.000000000,46.000000000,49.300000000,194.000000000,156.936768150,275.000000000,279.000000000,323.000000000,59.800000000,60.800000000,63.400000000,198.400000000,158.472131148,234.340000000,264.992000000,271.000000000,-26.000000000,-16.522000000,-1.540000000,15.900000000,26.398829040,87.450000000,122.902000000,138.500000000,0.300000000,0.300000000,0.400000000,26.900000000,34.145901639,102.410000000,134.606000000,152.700000000,-0.000000000,-0.000000000,0.000000000,1.200000000,7.747072600,31.800000000,37.696000000,39.600000000,2.000000000,2.000000000,2.000000000,2.000000000,2.000000000,2.000000000,2.000000000,2.000000000
76,410,60.200000000,62.390000000,68.745000000,213.850000000,204.859024390,301.250000000,325.292000000,373.600000000,46.000000000,47.000000000,47.000000000,199.000000000,182.424390244,276.000000000,281.730000000,350.000000000,60.400000000,60.800000000,62.090000000,206.200000000,180.409268293,251.930000000,263.528000000,270.400000000,-26.900000000,-13.202000000,-0.355000000,16.600000000,24.449756098,80.755000000,112.614000000,147.000000000,0.300000000,0.300000000,0.400000000,22.550000000,30.050731707,82.455000000,124.248000000,156.000000000,-0.000000000,-0.000000000,0.000000000,1.000000000,5.600975610,29.200000000,32.982000000,35.800000000,2.000000000,2.000000000,2.000000000,2.000000000,2.000000000,2.000000000,2.000000000,2.000000000
77,445,61.400000000,61.400000000,66.720000000,206.600000000,188.203595506,290.160000000,351.900000000,436.900000000,46.000000000,47.000000000,47.000000000,199.000000000,172.516853933,276.000000000,280.000000000,350.000000000,59.800000000,60.800000000,60.800000000,206.200000000,166.428764045,243.360000000,251.936000000,260.400000000,-14.700000000,-9.492000000,-0.080000000,10.000000000,21.774831461,74.980000000,114.516000000,215.700000000,0.300000000,0.300000000,0.300000000,16.100000000,26.729438202,82.700000000,127.396000000,219.300000000,-6.600000000,-0.000000000,-0.000000000,0.800000000,4.954606742,20.600000000,25.024000000,26.800000000,2.000000000,2.000000000,2.000000000,2.000000000,2.000000000,2.000000000,2.000000000,2.000000000
78,279,60.200000000,61.400000000,64.500000000,222.800000000,182.345878136,276.440000000,305.034000000,353.500000000,46.000000000,46.000000000,47.000000000,196.000000000,158.272401434,276.000000000,279.000000000,282.000000000,60.400000000,60.756000000,61.580000000,217.000000000,165.007885305,244.480000000,254.888000000,261.800000000,-12.400000000,-10.154000000,-1.610000000,11.800000000,17.337992832,50.520000000,80.630000000,126.700000000,0.600000000,0.600000000,0.700000000,19.600000000,24.015412186,65.430000000,90.962000000,135.900000000,-0.000000000,-0.000000000,0.000000000,2.400000000,6.677419355,21.800000000,23.800000000,26.200000000,2.000000000,2.000000000,2.000000000,2.000000000,2.000000000,2.000000000,2.000000000,2.000000000
79,392,60.200000000,61.491000000,68.285000000,203.000000000,190.351530612,303.745000000,327.032000000,346.700000000,46.000000000,46.000000000,47.000000000,196.000000000,167.716836735,275.000000000,280.180000000,327.000000000,59.600000000,59.782000000,61.200000000,198.400000000,162.627040816,236.690000000,244.054000000,249.400000000,-3.400000000,-1.545000000,-0.100000000,19.650000000,27.724489796,96.075000000,116.596000000,130.700000000,0.400000000,0.400000000,0.500000000,21.100000000,29.069897959,92.230000000,119.344000000,132.700000000,-14.200000000,-13.618000000,-0.000000000,0.800000000,1.345408163,7.400000000,10.818000000,12.800000000,2.000000000,2.000000000,2.000000000,2.000000000,2.000000000,2.000000000,2.000000000,2.000000000
80,407,60.200000000,61.400000000,68.790000000,206.600000000,192.236363636,301.980000000,323.688000000,423.100000000,46.000000000,47.000000000,47.000000000,199.000000000,171.230958231,276.000000000,317.540000000,327.000000000,59.600000000,59.824000000,61.400000000,199.000000000,167.165110565,245.800000000,254.528000000,258.000000000,-6.000000000,-2.082000000,0.100000000,19.200000000,25.071253071,81.020000000,117.294000000,179.500000000,0.400000000,0.500000000,0.600000000,24.700000000,29.697788698,84.840000000,119.022000000,186.500000000,-0.000000000,-0.000000000,0.000000000,1.200000000,4.626535627,17.940000000,21.388000000,23.600000000,2.000000000,2.000000000,2.000000000,2.000000000,2.000000000,2.000000000,2.000000000,2.000000000
81,379,61.400000000,66.434000000,74.050000000,226.500000000,214.472559367,301.620000000,343.452000000,378.900000000,46.000000000,46.000000000,47.000000000,204.000000000,189.844327177,275.000000000,279.220000000,327.000000000,59.600000000,60.268000000,61.400000000,206.200000000,186.216358839,235.200000000,239.220000000,244.000000000,-2.400000000,-1.144000000,0.200000000,21.300000000,28.256200528,85.350000000,136.716000000,175.000000000,0.300000000,0.300000000,0.400000000,23.700000000,29.301055409,84.840000000,138.266000000,175.000000000,-14.200000000,-13.600000000,-0.000000000,0.600000000,1.044854881,6.040000000,9.444000000,11.800000000,2.000000000,2.000000000,2.000000000,2.000000000,2.000000000,2.000000000,2.000000000,2.000000000
82,391,61.100000000,63.830000000,77.250000000,234.600000000,214.702046036,306.750000000,332.090000000,391.600000000,46.000000000,46.900000000,49.500000000,199.000000000,187.593350384,276.000000000,279.500000000,327.000000000,59.800000000,60.580000000,61.600000000,207.000000000,182.776470588,236.500000000,239.660000000,243.400000000,-6.900000000,-2.060000000,0.300000000,28.200000000,31.925575448,91.850000000,124.700000000,156.000000000,0.300000000,0.300000000,0.600000000,28.600000000,33.138363171,89.050000000,125.600000000,156.600000000,-14.200000000,-13.800000000,0.000000000,0.800000000,1.212787724,6.800000000,7.840000000,9.000000000,2.000000000,2.000000000,2.000000000,2.000000000,2.000000000,2.000000000,2.000000000,2.000000000
83,379,60.200000000,61.400000000,72.350000000,206.600000000,197.352770449,286.780000000,333.286000000,385.600000000,46.000000000,47.000000000,50.000000000,200.000000000,185.678100264,275.000000000,280.440000000,327.000000000,59.600000000,60.068000000,60.800000000,206.200000000,175.653298153,233.400000000,238.020000000,243.400000000,-2.900000000,-1.100000000,0.000000000,11.600000000,21.699472296,76.810000000,119.296000000,170.800000000,0.300000000,0.300000000,0.400000000,12.700000000,22.367546174,76.850000000,117.076000000,172.600000000,-14.200000000,-13.244000000,-0.000000000,0.400000000,0.668073879,4.600000000,7.644000000,8.400000000,2.000000000,2.000000000,2.000000000,2.000000000,2.000000000,2.000000000,2.000000000,2.000000000
84,376,61.400000000,61.400000000,70.900000000,222.700000000,199.675265957,289.950000000,318.625000000,343.700000000,46.000000000,46.750000000,47.000000000,200.000000000,186.968085106,273.000000000,276.500000000,320.000000000,59.600000000,59.800000000,60.800000000,206.200000000,174.435638298,233.000000000,238.900000000,241.800000000,-2.700000000,-0.825000000,0.175000000,21.000000000,25.239627660,77.225000000,105.200000000,131.700000000,0.300000000,0.400000000,0.500000000,21.200000000,25.947074468,77.425000000,105.875000000,120.600000000,-14.200000000,-13.200000000,-0.000000000,0.400000000,0.707446809,3.800000000,7.250000000,10.400000000,2.000000000,2.000000000,2.000000000,2.000000000,2.000000000,2.000000000,2.000000000,2.000000000
85,368,60.200000000,61.400000000,72.170000000,217.700000000,201.880163043,287.000000000,320.256000000,387.200000000,46.000000000,46.000000000,47.000000000,201.500000000,186.076086957,265.850000000,279.330000000,320.000000000,59.600000000,60.334000000,61.000000000,206.200000000,178.844021739,232.400000000,238.398000000,245.600000000,-7.700000000,-1.300000000,0.200000000,14.750000000,23.036141304,75.470000000,107.091000000,169.200000000,0.300000000,0.300000000,0.500000000,15.850000000,24.272010870,77.155000000,103.879000000,169.800000000,-13.800000000,-6.600000000,-0.000000000,0.800000000,1.235869565,4.200000000,7.932000000,11.200000000,2.000000000,2.000000000,2.000000000,2.000000000,2.000000000,2.000000000,2.000000000,2.000000000
86,361,61.400000000,61.400000000,78.900000000,213.300000000,202.325484765,282.300000000,340.800000000,392.500000000,46.000000000,46.000000000,47.000000000,200.000000000,191.016620499,275.000000000,279.400000000,327.000000000,59.600000000,60.800000000,60.800000000,206.600000000,180.427700831,224.800000000,237.120000000,242.200000000,-4.700000000,-1.780000000,0.000000000,15.200000000,21.897783934,69.500000000,124.800000000,187.300000000,0.300000000,0.300000000,0.400000000,15.800000000,23.100554017,71.300000000,125.320000000,188.900000000,-13.600000000,-4.400000000,-0.000000000,0.600000000,1.202770083,5.400000000,8.160000000,10.000000000,2.000000000,2.000000000,2.000000000,2.000000000,2.000000000,2.000000000,2.000000000,2.000000000
87,358,61.100000000,61.500000000,75.030000000,225.250000000,214.544972067,300.745000000,327.430000000,354.900000000,46.000000000,47.000000000,50.000000000,199.000000000,190.497206704,257.000000000,276.000000000,282.000000000,59.600000000,60.400000000,61.800000000,206.700000000,187.093854749,223.690000000,235.258000000,241.200000000,-2.700000000,-0.700000000,-0.015000000,20.650000000,27.451117318,82.820000000,121.800000000,156.500000000,0.300000000,0.300000000,0.400000000,21.550000000,28.281843575,83.615000000,121.800000000,156.500000000,-14.200000000,-11.944000000,-0.000000000,0.600000000,0.830726257,3.600000000,5.372000000,7.000000000,2.000000000,2.000000000,2.000000000,2.000000000,2.000000000,2.000000000,2.000000000,2.000000000
88,320,61.400000000,61.400000000,71.360000000,212.450000000,212.696562500,306.325000000,352.900000000,363.900000000,46.000000000,47.000000000,47.000000000,200.000000000,192.175000000,250.000000000,279.000000000,284.000000000,60.400000000,60.800000000,60.800000000,206.200000000,189.170000000,222.000000000,223.562000000,231.200000000,-2.600000000,-1.881000000,0.095000000,10.350000000,23.526562500,92.925000000,140.241000000,143.100000000,0.300000000,0.300000000,0.300000000,11.100000000,24.345312500,93.805000000,140.565000000,149.900000000,-13.400000000,-12.534000000,-0.000000000,0.600000000,0.818750000,3.600000000,5.362000000,6.800000000,2.000000000,2.000000000,2.000000000,2.000000000,2.000000000,2.000000000,2.000000000,2.000000000
89,348,61.400000000,63.494000000,76.705000000,218.300000000,205.001724138,290.130000000,321.753000000,373.000000000,46.000000000,47.000000000,53.000000000,200.000000000,186.939655172,244.000000000,250.000000000,279.000000000,59.600000000,59.800000000,61.400000000,206.200000000,179.798275862,222.800000000,225.906000000,227.400000000,-2.300000000,-1.500000000,0.000000000,18.650000000,25.203448276,79.050000000,122.912000000,173.800000000,0.300000000,0.300000000,0.400000000,19.150000000,26.317816092,78.610000000,123.353000000,174.600000000,-13.800000000,-6.412000000,0.000000000,0.600000000,1.114367816,5.330000000,10.012000000,11.400000000,2.000000000,2.000000000,2.000000000,2.000000000,2.000000000,2.000000000,2.000000000,2.000000000
90,307,60.300000000,61.400000000,73.780000000,207.100000000,202.751140065,290.850000000,331.386000000,392.700000000,46.000000000,46.000000000,47.600000000,200.000000000,187.045602606,241.000000000,249.880000000,257.000000000,59.600000000,59.836000000,61.400000000,200.600000000,179.562214984,222.540000000,224.400000000,232.000000000,-4.300000000,-2.300000000,-0.440000000,9.200000000,23.188925081,82.250000000,127.186000000,179.700000000,0.300000000,0.400000000,0.400000000,10.700000000,24.258631922,80.570000000,128.598000000,179.700000000,-14.200000000,-0.000000000,0.000000000,0.600000000,1.069706840,4.600000000,6.740000000,11.800000000,2.000000000,2.000000000,2.000000000,2.000000000,2.000000000,2.000000000,2.000000000,2.000000000
91,337,61.400000000,64.156000000,74.160000000,209.000000000,202.239465875,291.520000000,335.160000000,376.400000000,46.000000000,46.360000000,53.000000000,200.000000000,186.706231454,250.000000000,276.000000000,284.000000000,59.800000000,60.400000000,61.560000000,199.800000000,178.085459941,223.880000000,233.712000000,240.600000000,-2.900000000,-1.628000000,0.100000000,15.000000000,24.154005935,82.360000000,129.408000000,164.800000000,0.300000000,0.300000000,0.500000000,16.200000000,24.736795252,81.240000000,131.840000000,154.300000000,-14.200000000,-13.728000000,-0.000000000,0.400000000,0.582789318,5.000000000,7.712000000,12.600000000,2.000000000,2.000000000,2.000000000,2.000000000,2.000000000,2.000000000,2.000000000,2.000000000
92,256,61.400000000,61.400000000,77.900000000,202.400000000,201.433203125,300.200000000,321.385000000,372.400000000,46.000000000,46.550000000,50.000000000,210.000000000,195.703125000,240.000000000,252.850000000,276.000000000,60.800000000,60.800000000,61.400000000,198.400000000,180.142968750,222.000000000,229.540000000,237.400000000,-1.800000000,-1.135000000,0.300000000,7.500000000,21.290234375,83.700000000,111.135000000,173.600000000,0.500000000,0.500000000,0.500000000,8.800000000,21.428515625,82.900000000,107.105000000,174.000000000,-14.200000000,-13.980000000,-0.000000000,0.200000000,0.138281250,2.800000000,4.200000000,5.400000000,2.000000000,2.000000000,2.000000000,2.000000000,2.000000000,2.000000000,2.000000000,2.000000000
93,350,60.200000000,61.500000000,69.605000000,206.600000000,200.341714286,297.615000000,334.600000000,394.200000000,46.000000000,46.490000000,51.350000000,199.000000000,186.508571429,275.000000000,278.510000000,284.000000000,59.600000000,60.400000000,61.690000000,206.200000000,178.536571429,222.800000000,237.404000000,242.600000000,-1.400000000,-0.900000000,0.300000000,5.700000000,21.805142857,82.265000000,126.953000000,157.600000000,0.300000000,0.300000000,0.300000000,7.100000000,22.475428571,82.395000000,120.681000000,157.600000000,-14.200000000,-13.502000000,-0.000000000,0.400000000,0.670285714,5.400000000,6.902000000,9.600000000,2.000000000,2.000000000,2.000000000,2.000000000,2.000000000,2.000000000,2.000000000,2.000000000
94,266,61.400000000,61.400000000,61.400000000,160.700000000,171.958270677,272.850000000,311.850000000,369.900000000,46.000000000,46.000000000,47.000000000,197.000000000,172.744360902,235.000000000,247.350000000,327.000000000,59.800000000,60.400000000,60.800000000,159.500000000,158.640601504,222.150000000,232.470000000,238.400000000,-4.500000000,-2.170000000,-0.450000000,2.300000000,13.317669173,58.675000000,94.410000000,153.500000000,0.500000000,0.500000000,0.500000000,3.300000000,13.810902256,56.775000000,89.310000000,157.700000000,-14.200000000,-14.200000000,-0.000000000,0.400000000,0.493233083,4.200000000,6.800000000,7.200000000,2.000000000,2.000000000,2.000000000,2.000000000,2.000000000,2.000000000,2.000000000,2.000000000
95,301,60.200000000,61.400000000,67.400000000,163.500000000,170.185382060,274.200000000,325.500000000,340.100000000,46.000000000,46.000000000,47.000000000,197.000000000,160.697674419,240.000000000,275.000000000,276.000000000,59.600000000,60.200000000,60.800000000,159.400000000,154.084385382,231.400000000,238.800000000,243.600000000,-2.400000000,-0.200000000,0.300000000,2.500000000,16.100996678,62.000000000,110.900000000,124.700000000,0.500000000,0.500000000,0.500000000,3.700000000,16.567441860,61.300000000,104.300000000,127.900000000,-14.200000000,-13.600000000,-0.000000000,0.200000000,0.466445183,4.200000000,6.000000000,7.800000000,2.000000000,2.000000000,2.000000000,2.000000000,2.000000000,2.000000000,2.000000000,2.000000000
96,194,60.200000000,60.300000000,61.400000000,161.100000000,160.860824742,214.905000000,277.324000000,326.900000000,46.000000000,46.000000000,47.000000000,185.000000000,163.886597938,222.000000000,235.000000000,235.000000000,59.600000000,59.600000000,60.400000000,158.000000000,155.064948454,199.470000000,222.028000000,231.400000000,-0.800000000,-0.307000000,0.200000000,0.800000000,5.795876289,32.000000000,84.719000000,111.900000000,0.500000000,0.500000000,0.500000000,0.850000000,6.049484536,32.000000000,71.513000000,112.900000000,-14.200000000,-0.000000000,-0.000000000,0.000000000,0.253608247,1.200000000,3.000000000,3.400000000,2.000000000,2.000000000,2.000000000,2.000000000,2.000000000,2.000000000,2.000000000,2.000000000
97,180,61.400000000,61.400000000,65.735000000,113.250000000,141.525555556,240.840000000,259.842000000,281.600000000,46.000000000,46.000000000,47.000000000,79.000000000,115.311111111,250.000000000,269.840000000,275.000000000,59.600000000,60.400000000,60.800000000,85.000000000,124.486666667,222.000000000,247.042000000,253.400000000,-17.100000000,-13.157000000,-7.730000000,10.950000000,17.038888889,52.700000000,77.797000000,123.400000000,0.400000000,0.600000000,0.800000000,23.250000000,28.734444444,74.025000000,96.299000000,139.400000000,-0.000000000,-0.000000000,0.000000000,10.700000000,11.695555556,27.010000000,32.178000000,34.400000000,2.000000000,2.000000000,2.000000000,2.000000000,2.422222222,6.020000000,8.884000000,9.600000000
98,184,61.400000000,61.400000000,61.400000000,157.900000000,148.413586957,236.100000000,278.977000000,328.200000000,46.000000000,47.000000000,47.000000000,171.000000000,147.239130435,218.000000000,233.500000000,278.000000000,59.600000000,60.800000000,60.800000000,157.400000000,144.955434783,231.970000000,236.600000000,237.600000000,-4.900000000,-3.802000000,-0.670000000,0.600000000,3.458152174,22.470000000,47.606000000,96.500000000,0.500000000,0.500000000,0.500000000,0.600000000,4.652717391,25.715000000,48.440000000,96.900000000,-0.000000000,-0.000000000,-0.000000000,0.000000000,1.194565217,7.600000000,9.434000000,10.000000000,2.000000000,2.000000000,2.000000000,2.000000000,2.089130435,2.400000000,4.234000000,4.800000000
99,214,61.100000000,61.400000000,63.695000000,199.000000000,171.707943925,295.350000000,312.796000000,342.200000000,46.000000000,46.000000000,47.000000000,185.000000000,148.000000000,275.000000000,277.740000000,278.000000000,60.400000000,60.800000000,61.190000000,198.400000000,157.803738318,262.100000000,270.548000000,272.400000000,-25.400000000,-19.327000000,-10.670000000,4.750000000,13.904205607,51.145000000,68.061000000,124.800000000,0.300000000,0.300000000,0.300000000,20.900000000,26.281775701,74.170000000,89.709000000,124.800000000,-0.000000000,-0.000000000,-0.000000000,8.200000000,12.377570093,33.090000000,38.548000000,40.800000000,2.000000000,2.000000000,2.000000000,2.000000000,2.000000000,2.000000000,2.000000000,2.000000000
100,62,60.200000000,60.749000000,61.400000000,218.000000000,161.061290323,270.800000000,286.070000000,287.900000000,46.000000000,46.000000000,46.050000000,201.500000000,141.596774194,225.000000000,276.000000000,276.000000000,59.600000000,60.088000000,60.610000000,217.200000000,152.909677419,239.510000000,247.312000000,247.800000000,-14.600000000,-12.038000000,-4.580000000,0.800000000,8.151612903,38.800000000,54.382000000,56.700000000,0.600000000,0.600000000,0.600000000,0.800000000,9.367741935,39.600000000,54.382000000,56.700000000,-0.000000000,-0.000000000,-0.000000000,0.000000000,1.216129032,10.910000000,15.556000000,15.800000000,2.000000000,2.000000000,2.000000000,2.000000000,2.000000000,2.000000000,2.000000000,2.000000000
101,149,61.400000000,61.400000000,68.900000000,222.700000000,181.526174497,285.720000000,308.008000000,311.900000000,46.000000000,46.000000000,46.400000000,194.000000000,153.979865772,276.000000000,278.000000000,278.000000000,59.600000000,60.592000000,60.880000000,217.000000000,158.702013423,243.960000000,248.016000000,248.800000000,-4.400000000,-3.816000000,-0.160000000,20.400000000,22.824161074,60.600000000,88.940000000,126.600000000,0.500000000,0.600000000,0.700000000,25.400000000,26.861744966,62.500000000,86.932000000,128.000000000,-14.200000000,-6.864000000,-0.000000000,3.200000000,4.037583893,11.520000000,14.136000000,15.400000000,2.000000000,2.000000000,2.000000000,2.000000000,2.000000000,2.000000000,2.000000000,2.000000000
102,82,60.200000000,60.929000000,61.400000000,217.800000000,161.704878049,260.655000000,270.933000000,271.500000000,46.000000000,46.000000000,47.000000000,194.000000000,146.585365854,275.000000000,276.380000000,278.000000000,59.600000000,59.600000000,60.400000000,214.200000000,149.641463415,236.600000000,237.990000000,238.800000000,-1.700000000,-1.457000000,0.600000000,4.100000000,12.063414634,36.970000000,42.152000000,42.800000000,0.600000000,0.600000000,0.600000000,4.800000000,12.531707317,39.320000000,43.038000000,43.200000000,-0.000000000,-0.000000000,-0.000000000,0.000000000,0.468292683,2.200000000,3.000000000,3.000000000,2.000000000,2.000000000,2.000000000,2.000000000,2.000000000,2.000000000,2.000000000,2.000000000
103,204,61.400000000,61.521000000,74.760000000,218.350000000,197.124019608,276.485000000,291.734000000,378.500000000,46.000000000,46.000000000,47.000000000,198.500000000,172.808823529,275.000000000,276.000000000,276.000000000,60.400000000,60.800000000,62.800000000,213.700000000,176.681372549,240.280000000,243.800000000,247.800000000,-7.200000000,-5.255000000,-0.055000000,14.950000000,20.442647059,50.890000000,71.691000000,161.500000000,0.600000000,0.603000000,0.800000000,21.050000000,23.858333333,56.620000000,74.116000000,161.500000000,-14.200000000,-13.594000000,-0.000000000,3.000000000,3.415686275,10.370000000,11.200000000,11.400000000,2.000000000,2.000000000,2.000000000,2.000000000,2.080392157,2.340000000,4.194000000,4.800000000
104,82,60.200000000,60.929000000,61.400000000,217.800000000,168.330487805,257.815000000,269.716000000,274.900000000,46.000000000,46.000000000,47.000000000,194.000000000,144.963414634,232.000000000,276.000000000,276.000000000,59.600000000,59.600000000,60.400000000,213.000000000,156.019512195,232.000000000,236.790000000,237.600000000,-1.900000000,-0.037000000,0.600000000,1.200000000,12.310975610,39.130000000,52.050000000,56.100000000,0.600000000,0.600000000,0.600000000,1.200000000,12.293902439,37.700000000,52.278000000,57.300000000,-14.200000000,-12.580000000,-0.000000000,0.000000000,-0.017073171,1.990000000,2.676000000,3.000000000,2.000000000,2.000000000,2.000000000,2.000000000,2.000000000,2.000000000,2.000000000,2.000000000
105,308,60.200000000,61.400000000,65.800000000,211.850000000,196.361688312,252.620000000,320.444000000,358.100000000,46.000000000,50.000000000,72.000000000,250.000000000,209.256493506,275.000000000,278.000000000,350.000000000,59.600000000,60.214000000,61.000000000,210.400000000,183.301298701,233.800000000,236.572000000,241.800000000,-18.100000000,-16.586000000,-11.695000000,5.850000000,13.060389610,58.110000000,103.580000000,142.800000000,0.300000000,0.300000000,0.300000000,12.650000000,19.432467532,58.705000000,100.447000000,147.800000000,-14.200000000,-14.200000000,-0.000000000,1.600000000,6.372077922,26.660000000,29.572000000,30.400000000,2.000000000,2.000000000,2.000000000,2.000000000,5.636363636,21.460000000,24.372000000,25.200000000
106,126,60.200000000,61.400000000,61.400000000,208.700000000,178.448412698,249.500000000,315.675000000,386.200000000,47.000000000,47.000000000,47.000000000,197.500000000,174.380952381,275.000000000,278.750000000,279.000000000,59.600000000,59.950000000,60.800000000,206.600000000,167.007936508,219.800000000,222.600000000,237.200000000,-0.900000000,0.100000000,0.300000000,1.300000000,11.440476190,39.900000000,107.675000000,149.000000000,0.300000000,0.300000000,0.300000000,1.300000000,11.510317460,39.875000000,108.775000000,149.600000000,-14.200000000,-10.500000000,-0.000000000,0.000000000,0.069841270,1.400000000,2.350000000,2.800000000,2.000000000,2.000000000,2.000000000,2.000000000,2.000000000,2.000000000,2.000000000,2.000000000
107,201,61.400000000,61.400000000,63.200000000,199.000000000,174.164179104,268.500000000,299.800000000,334.700000000,46.000000000,46.000000000,47.000000000,194.000000000,156.358208955,241.000000000,276.000000000,284.000000000,59.600000000,59.600000000,60.800000000,199.000000000,157.658706468,231.400000000,244.400000000,245.200000000,-6.600000000,-4.800000000,-2.500000000,4.900000000,16.505472637,54.900000000,87.100000000,118.900000000,0.600000000,0.600000000,0.600000000,9.900000000,18.975124378,57.900000000,89.700000000,122.500000000,-14.200000000,-13.600000000,-0.000000000,1.200000000,2.469651741,10.600000000,11.800000000,15.200000000,2.000000000,2.000000000,2.000000000,2.000000000,2.081592040,2.400000000,4.200000000,4.800000000
108,157,60.200000000,61.400000000,61.400000000,161.300000000,152.043312102,250.260000000,305.300000000,311.700000000,46.000000000,46.000000000,47.000000000,171.000000000,148.675159236,224.600000000,244.080000000,248.000000000,59.600000000,59.600000000,60.800000000,160.200000000,144.785987261,220.520000000,225.176000000,225.400000000,-8.900000000,-6.296000000,-4.100000000,1.000000000,7.257324841,41.100000000,82.044000000,92.100000000,0.500000000,0.500000000,0.500000000,4.100000000,10.370700637,42.740000000,90.276000000,94.100000000,-0.000000000,-0.000000000,-0.000000000,1.800000000,3.113375796,10.440000000,11.888000000,12.400000000,2.000000000,2.000000000,2.000000000,2.000000000,2.026751592,2.000000000,2.888000000,3.400000000
109,231,60.200000000,61.400000000,64.500000000,163.600000000,161.310822511,251.150000000,309.720000000,315.600000000,46.000000000,46.000000000,47.000000000,171.000000000,148.528138528,235.000000000,275.700000000,279.000000000,59.600000000,60.400000000,60.700000000,160.600000000,146.348917749,219.100000000,236.860000000,242.600000000,-5.200000000,-3.850000000,-0.700000000,4.100000000,14.961904762,56.550000000,98.690000000,108.100000000,0.500000000,0.500000000,0.500000000,6.400000000,16.528138528,60.000000000,96.220000000,108.100000000,-14.200000000,-14.200000000,0.000000000,0.800000000,1.566233766,7.400000000,9.340000000,10.000000000,2.000000000,2.000000000,2.000000000,2.000000000,2.070995671,2.000000000,4.140000000,4.800000000
110,125,60.200000000,60.224000000,61.160000000,160.100000000,143.422400000,235.360000000,305.836000000,312.700000000,46.000000000,46.000000000,46.200000000,171.000000000,139.536000000,222.000000000,236.440000000,275.000000000,59.600000000,59.600000000,59.920000000,158.000000000,136.425600000,219.000000000,225.256000000,231.400000000,-3.300000000,-2.404000000,-1.500000000,0.800000000,6.996800000,40.160000000,95.484000000,110.100000000,0.500000000,0.500000000,0.500000000,2.900000000,8.382400000,44.640000000,99.300000000,110.100000000,-14.200000000,-0.000000000,-0.000000000,0.400000000,1.385600000,5.000000000,7.704000000,7.800000000,2.000000000,2.000000000,2.000000000,2.000000000,2.000000000,2.000000000,2.000000000,2.000000000
111,198,60.300000000,61.391000000,62.945000000,128.000000000,149.596969697,242.200000000,279.518000000,300.500000000,46.000000000,46.000000000,46.000000000,80.000000000,129.328282828,250.000000000,275.000000000,275.000000000,59.600000000,59.600000000,60.800000000,86.100000000,135.125252525,218.200000000,223.992000000,231.000000000,-11.900000000,-5.078000000,0.255000000,5.000000000,14.471717172,50.530000000,68.164000000,77.200000000,0.300000000,0.300000000,0.300000000,8.550000000,19.184848485,56.105000000,75.842000000,87.500000000,-13.600000000,-6.792000000,-0.000000000,0.400000000,4.713131313,17.830000000,20.842000000,24.800000000,2.000000000,2.000000000,2.000000000,2.000000000,2.000000000,2.000000000,2.000000000,2.000000000
112,69,60.200000000,60.268000000,61.400000000,93.800000000,142.605797101,249.260000000,323.784000000,416.400000000,46.000000000,46.000000000,46.000000000,54.000000000,111.724637681,199.000000000,214.480000000,241.000000000,59.600000000,59.600000000,60.400000000,65.000000000,126.063768116,217.600000000,217.600000000,217.600000000,-0.200000000,0.344000000,0.600000000,4.100000000,16.542028986,56.260000000,107.592000000,203.200000000,0.600000000,0.600000000,0.600000000,4.100000000,16.524637681,56.260000000,107.912000000,204.200000000,-14.200000000,-4.544000000,-0.000000000,0.000000000,-0.017391304,1.200000000,1.456000000,2.000000000,2.000000000,2.000000000,2.000000000,2.000000000,2.000000000,2.000000000,2.000000000,2.000000000
113,212,61.100000000,61.400000000,61.885000000,157.900000000,147.550471698,254.380000000,276.767000000,286.800000000,46.000000000,46.000000000,46.000000000,146.000000000,130.683962264,232.000000000,275.000000000,276.000000000,60.000000000,60.400000000,60.800000000,157.400000000,134.062264151,232.190000000,249.134000000,252.000000000,-11.600000000,-6.967000000,-3.700000000,4.050000000,13.488207547,53.025000000,80.038000000,145.100000000,0.500000000,0.500000000,0.500000000,9.500000000,17.567452830,56.095000000,80.794000000,152.900000000,-0.000000000,-0.000000000,0.000000000,2.300000000,4.079245283,11.580000000,15.334000000,18.000000000,2.000000000,2.000000000,2.000000000,2.000000000,2.077358491,2.180000000,4.178000000,4.800000000
114,106,60.200000000,61.400000000,61.400000000,86.100000000,148.179245283,275.875000000,347.840000000,480.400000000,46.000000000,46.000000000,46.250000000,73.000000000,116.377358491,196.000000000,240.300000000,241.000000000,59.600000000,59.600000000,60.400000000,65.000000000,130.084905660,219.950000000,221.180000000,222.000000000,0.600000000,0.600000000,0.600000000,6.350000000,18.094339623,55.975000000,134.760000000,259.200000000,0.600000000,0.600000000,0.600000000,7.100000000,18.750943396,58.275000000,135.480000000,262.800000000,-0.000000000,-0.000000000,-0.000000000,0.000000000,0.656603774,3.000000000,6.660000000,7.600000000,2.000000000,2.000000000,2.000000000,2.000000000,2.000000000,2.000000000,2.000000000,2.000000000
115,187,61.400000000,61.400000000,61.430000000,202.100000000,169.266310160,268.570000000,289.254000000,322.300000000,46.000000000,46.000000000,47.000000000,185.000000000,142.058823529,240.700000000,276.000000000,276.000000000,60.400000000,60.744000000,60.800000000,204.400000000,149.628877005,234.200000000,240.684000000,243.200000000,-11.200000000,-9.328000000,-1.770000000,15.200000000,19.637433155,58.980000000,81.956000000,103.900000000,0.600000000,0.600000000,0.600000000,19.600000000,23.631016043,61.200000000,91.932000000,104.700000000,-14.200000000,-14.200000000,-0.000000000,4.000000000,3.993582888,11.940000000,15.456000000,17.000000000,2.000000000,2.000000000,2.000000000,2.000000000,2.049197861,2.000000000,3.428000000,4.000000000
116,103,61.400000000,61.400000000,61.400000000,89.400000000,140.394174757,275.600000000,327.414000000,335.600000000,46.000000000,46.000000000,46.100000000,54.000000000,106.980582524,196.000000000,240.720000000,275.000000000,59.600000000,59.600000000,59.840000000,65.000000000,119.580582524,219.720000000,225.156000000,231.200000000,-2.300000000,-0.988000000,0.150000000,10.000000000,20.813592233,79.880000000,105.600000000,115.600000000,0.600000000,0.600000000,0.600000000,10.000000000,21.601941748,80.560000000,109.814000000,118.000000000,-0.000000000,-0.000000000,-0.000000000,0.000000000,0.788349515,3.600000000,6.780000000,7.600000000,2.000000000,2.000000000,2.000000000,2.000000000,2.000000000,2.000000000,2.000000000,2.000000000
117,202,61.100000000,61.400000000,63.615000000,128.500000000,150.336138614,271.070000000,297.289000000,334.900000000,46.000000000,46.000000000,47.000000000,80.000000000,123.811881188,226.750000000,275.990000000,276.000000000,59.600000000,60.404000000,60.830000000,79.400000000,130.747524752,225.350000000,240.168000000,248.000000000,-11.500000000,-9.898000000,-5.590000000,15.750000000,19.588613861,57.880000000,85.068000000,107.500000000,0.500000000,0.501000000,0.700000000,21.050000000,24.920297030,59.685000000,85.062000000,117.300000000,-14.200000000,-13.594000000,0.000000000,5.200000000,5.331683168,12.590000000,13.600000000,14.600000000,2.000000000,2.000000000,2.000000000,2.000000000,2.000000000,2.000000000,2.000000000,2.000000000
118,125,61.100000000,61.400000000,61.400000000,157.900000000,134.388800000,241.960000000,268.832000000,350.400000000,46.000000000,46.000000000,46.000000000,146.000000000,118.160000000,222.000000000,243.280000000,248.000000000,59.600000000,59.600000000,59.880000000,157.400000000,122.251200000,218.240000000,221.472000000,232.000000000,-9.500000000,-7.196000000,-1.980000000,4.100000000,12.137600000,47.560000000,75.092000000,137.200000000,0.500000000,0.524000000,0.600000000,9.100000000,14.296000000,47.600000000,75.548000000,137.400000000,-14.200000000,-0.000000000,-0.000000000,0.400000000,2.158400000,9.800000000,10.352000000,10.600000000,2.000000000,2.000000000,2.000000000,2.000000000,2.000000000,2.000000000,2.000000000,2.000000000
119,291,61.400000000,61.400000000,69.200000000,170.200000000,175.459106529,288.700000000,323.750000000,354.700000000,46.000000000,46.000000000,47.000000000,185.000000000,148.752577320,235.000000000,275.000000000,276.000000000,59.600000000,60.800000000,62.300000000,165.800000000,151.637800687,226.100000000,240.160000000,251.600000000,-6.600000000,-4.720000000,-0.500000000,7.700000000,23.821305842,79.000000000,101.140000000,129.300000000,0.500000000,0.500000000,0.500000000,13.100000000,28.085223368,82.150000000,105.850000000,137.100000000,-14.200000000,-13.820000000,0.000000000,3.600000000,4.263917526,16.300000000,20.800000000,22.000000000,2.000000000,2.000000000,2.000000000,2.000000000,2.056357388,2.000000000,4.020000000,4.800000000
120,171,60.200000000,60.200000000,61.400000000,160.200000000,156.030409357,245.900000000,301.780000000,326.300000000,46.000000000,46.000000000,46.000000000,171.000000000,148.076023392,250.000000000,275.000000000,275.000000000,59.600000000,59.600000000,60.000000000,157.800000000,143.755555556,220.300000000,224.920000000,242.800000000,-2.300000000,-0.330000000,0.100000000,2.100000000,12.274853801,52.500000000,85.300000000,87.300000000,0.300000000,0.300000000,0.400000000,2.700000000,13.102923977,56.100000000,86.200000000,94.100000000,-14.200000000,-3.720000000,-0.000000000,0.000000000,0.828070175,6.800000000,8.120000000,9.200000000,2.000000000,2.000000000,2.000000000,2.000000000,2.000000000,2.000000000,2.000000000,2.000000000
121,213,61.100000000,61.400000000,64.740000000,160.400000000,162.923474178,277.740000000,342.016000000,350.800000000,46.000000000,46.000000000,47.000000000,146.000000000,137.976525822,235.000000000,275.880000000,276.000000000,59.600000000,60.400000000,60.800000000,160.600000000,140.286384977,228.520000000,236.432000000,239.000000000,-5.300000000,-4.040000000,-1.440000000,12.500000000,22.637089202,72.800000000,128.568000000,140.100000000,0.500000000,0.500000000,0.600000000,15.200000000,24.868075117,73.920000000,120.864000000,133.200000000,-14.200000000,-14.200000000,-5.040000000,2.200000000,2.230985915,8.800000000,10.000000000,12.200000000,2.000000000,2.000000000,2.000000000,2.000000000,2.076995305,2.160000000,4.176000000,4.800000000
122,217,60.200000000,61.148000000,61.400000000,160.100000000,145.927188940,254.540000000,294.732000000,356.200000000,46.000000000,46.000000000,46.000000000,146.000000000,138.806451613,240.000000000,247.360000000,248.000000000,59.600000000,59.600000000,60.400000000,158.200000000,133.294009217,218.640000000,225.072000000,236.600000000,-6.300000000,-4.540000000,-2.140000000,2.100000000,12.633179724,54.600000000,88.492000000,165.700000000,0.500000000,0.500000000,0.500000000,4.000000000,13.970506912,54.200000000,84.084000000,166.700000000,-14.200000000,-10.752000000,-0.000000000,0.600000000,1.337327189,5.400000000,6.800000000,7.600000000,2.000000000,2.000000000,2.000000000,2.000000000,2.000000000,2.000000000,2.000000000,2.000000000
123,170,60.300000000,61.400000000,63.160000000,133.250000000,164.086470588,268.240000000,278.723000000,322.200000000,46.000000000,46.000000000,46.000000000,80.000000000,134.288235294,258.200000000,276.930000000,282.000000000,59.600000000,59.600000000,60.800000000,77.500000000,141.770588235,235.860000000,242.758000000,247.600000000,-2.900000000,-1.017000000,0.600000000,19.850000000,22.315882353,53.010000000,96.938000000,195.700000000,0.600000000,0.600000000,0.700000000,23.150000000,25.247647059,55.490000000,97.558000000,201.300000000,-14.200000000,-13.786000000,-0.000000000,2.600000000,2.931764706,8.800000000,10.800000000,11.000000000,2.000000000,2.000000000,2.000000000,2.000000000,2.000000000,2.000000000,2.000000000,2.000000000
124,155,60.200000000,61.100000000,61.400000000,93.200000000,140.810322581,253.460000000,269.952000000,313.400000000,46.000000000,46.000000000,46.000000000,72.000000000,109.890322581,227.000000000,242.840000000,275.000000000,59.600000000,59.600000000,60.400000000,65.200000000,119.994838710,222.000000000,234.484000000,239.600000000,-1.600000000,-0.046000000,0.600000000,15.400000000,20.815483871,58.040000000,121.386000000,176.900000000,0.600000000,0.600000000,0.600000000,16.200000000,21.314838710,56.990000000,122.478000000,177.100000000,-13.200000000,-12.492000000,-0.000000000,0.200000000,0.499354839,3.060000000,4.200000000,9.400000000,2.000000000,2.000000000,2.000000000,2.000000000,2.000000000,2.000000000,2.000000000,2.000000000
125,268,61.100000000,61.400000000,62.200000000,158.500000000,162.698507463,284.580000000,310.766000000,357.100000000,46.000000000,46.000000000,47.000000000,171.000000000,135.899253731,235.000000000,275.330000000,276.000000000,59.600000000,59.734000000,60.800000000,157.800000000,140.917910448,228.800000000,245.520000000,249.200000000,-7.900000000,-4.898000000,-1.430000000,10.650000000,21.780597015,76.090000000,108.272000000,136.500000000,0.500000000,0.500000000,0.500000000,16.600000000,26.574626866,84.075000000,121.692000000,144.100000000,-14.200000000,-13.600000000,0.000000000,4.000000000,4.794029851,13.930000000,17.196000000,18.200000000,2.000000000,2.000000000,2.000000000,2.000000000,2.061194030,2.000000000,4.066000000,4.800000000
126,225,60.200000000,60.416000000,61.400000000,160.100000000,154.925333333,244.660000000,273.924000000,289.700000000,46.000000000,46.000000000,46.000000000,171.000000000,154.777777778,250.000000000,269.000000000,275.000000000,59.600000000,59.600000000,59.800000000,158.000000000,145.933333333,218.760000000,222.656000000,236.600000000,-2.100000000,-1.452000000,-0.100000000,1.700000000,8.992000000,39.280000000,61.076000000,70.900000000,0.300000000,0.300000000,0.400000000,2.700000000,9.644444444,39.760000000,61.532000000,72.100000000,-0.000000000,-0.000000000,-0.000000000,0.000000000,0.652444444,2.560000000,6.800000000,8.200000000,2.000000000,2.000000000,2.000000000,2.000000000,2.000000000,2.000000000,2.000000000,2.000000000
127,207,60.200000000,61.400000000,62.890000000,163.600000000,163.683091787,266.070000000,302.558000000,336.600000000,46.000000000,46.000000000,47.000000000,146.000000000,138.260869565,240.700000000,272.760000000,279.000000000,59.600000000,59.612000000,60.800000000,161.000000000,144.376811594,228.060000000,247.020000000,255.200000000,-14.300000000,-5.958000000,-2.900000000,13.100000000,19.306280193,64.410000000,97.680000000,128.400000000,0.500000000,0.500000000,0.600000000,18.800000000,25.294685990,75.530000000,109.820000000,138.600000000,-6.600000000,-0.000000000,0.000000000,4.400000000,5.988405797,17.440000000,19.388000000,22.400000000,2.000000000,2.000000000,2.000000000,2.000000000,2.079227053,2.280000000,4.188000000,4.800000000
128,283,60.200000000,61.346000000,64.500000000,202.000000000,191.621908127,292.870000000,329.088000000,379.100000000,46.000000000,46.000000000,47.000000000,197.000000000,178.378091873,235.000000000,249.620000000,276.000000000,59.600000000,59.600000000,60.400000000,199.200000000,175.440282686,224.340000000,234.468000000,237.400000000,-5.600000000,-4.218000000,-1.100000000,4.800000000,16.181625442,78.260000000,116.172000000,159.900000000,0.500000000,0.500000000,0.600000000,6.800000000,18.296819788,81.120000000,118.940000000,161.500000000,-12.200000000,-0.000000000,0.000000000,1.200000000,2.115194346,7.400000000,8.672000000,9.800000000,2.000000000,2.000000000,2.000000000,2.000000000,2.000000000,2.000000000,2.000000000,2.000000000
129,296,60.200000000,61.480000000,77.250000000,208.950000000,199.823648649,279.275000000,304.970000000,339.800000000,46.000000000,46.950000000,54.000000000,197.000000000,184.510135135,273.500000000,276.000000000,276.000000000,59.600000000,60.190000000,61.400000000,206.500000000,181.862162162,233.000000000,238.020000000,239.800000000,-3.700000000,-1.720000000,-0.225000000,7.250000000,17.961486486,62.050000000,88.615000000,118.400000000,0.300000000,0.300000000,0.400000000,10.050000000,19.228378378,59.575000000,91.485000000,122.200000000,-14.200000000,-13.630000000,-0.000000000,0.800000000,1.266891892,6.650000000,8.600000000,10.000000000,2.000000000,2.000000000,2.000000000,2.000000000,2.000000000,2.000000000,2.000000000,2.000000000
130,167,60.200000000,60.200000000,61.400000000,178.400000000,176.106586826,270.440000000,291.344000000,330.900000000,46.000000000,46.000000000,47.000000000,194.000000000,161.820359281,248.000000000,276.680000000,279.000000000,59.600000000,59.600000000,60.260000000,163.400000000,162.244311377,232.000000000,238.400000000,238.800000000,-4.600000000,-2.134000000,-0.810000000,6.000000000,13.862275449,46.210000000,70.752000000,110.700000000,0.500000000,0.500000000,0.600000000,9.000000000,15.307784431,51.040000000,73.592000000,113.300000000,-0.000000000,-0.000000000,-0.000000000,0.600000000,1.445508982,5.400000000,8.472000000,10.600000000,2.000000000,2.000000000,2.000000000,2.000000000,2.000000000,2.000000000,2.000000000,2.000000000
131,177,61.400000000,61.476000000,71.380000000,228.100000000,203.895480226,277.140000000,300.036000000,377.100000000,46.000000000,47.000000000,47.000000000,196.000000000,171.790960452,275.000000000,276.480000000,282.000000000,59.800000000,60.352000000,61.360000000,217.400000000,179.675706215,238.600000000,242.072000000,246.400000000,-1.000000000,-0.140000000,0.600000000,22.700000000,24.219774011,64.180000000,88.600000000,140.500000000,0.600000000,0.600000000,0.700000000,24.900000000,26.031073446,63.240000000,88.480000000,140.500000000,-14.200000000,-14.048000000,-6.600000000,1.200000000,1.811299435,9.120000000,11.448000000,12.800000000,2.000000000,2.000000000,2.000000000,2.000000000,2.000000000,2.000000000,2.000000000,2.000000000
132,172,60.200000000,60.200000000,61.400000000,216.350000000,182.301162791,267.725000000,308.680000000,340.900000000,46.000000000,46.000000000,47.000000000,195.000000000,162.319767442,247.450000000,275.290000000,276.000000000,59.600000000,59.600000000,60.400000000,212.200000000,166.588372093,236.600000000,238.658000000,238.800000000,-5.600000000,-2.796000000,-0.300000000,7.650000000,15.712790698,52.155000000,91.297000000,120.100000000,0.500000000,0.600000000,0.600000000,12.300000000,18.087209302,53.545000000,92.646000000,127.900000000,-13.600000000,-0.000000000,-0.000000000,1.000000000,2.374418605,11.270000000,12.716000000,13.400000000,2.000000000,2.000000000,2.000000000,2.000000000,2.000000000,2.000000000,2.000000000,2.000000000
133,346,60.200000000,60.200000000,65.800000000,175.450000000,186.568208092,294.000000000,320.425000000,393.700000000,46.000000000,46.000000000,47.000000000,196.000000000,173.667630058,248.000000000,319.550000000,327.000000000,59.600000000,59.600000000,60.800000000,174.500000000,168.784393064,236.600000000,239.440000000,244.000000000,-14.100000000,-12.960000000,-4.750000000,4.600000000,17.783815029,77.650000000,108.115000000,185.100000000,0.500000000,0.500000000,0.525000000,9.750000000,21.395375723,82.075000000,108.875000000,180.300000000,-14.200000000,-10.450000000,-0.000000000,2.200000000,3.611560694,14.350000000,16.910000000,17.400000000,2.000000000,2.000000000,2.000000000,2.000000000,2.199421965,4.000000000,5.800000000,6.600000000
134,240,60.200000000,61.100000000,61.400000000,161.300000000,166.506250000,274.470000000,321.850000000,336.900000000,46.000000000,46.000000000,47.000000000,197.000000000,171.754166667,241.000000000,319.610000000,327.000000000,59.600000000,59.600000000,60.400000000,158.600000000,157.332500000,231.430000000,236.600000000,237.800000000,-4.500000000,-2.400000000,-0.525000000,2.300000000,9.173750000,48.250000000,96.498000000,117.100000000,0.500000000,0.500000000,0.500000000,3.200000000,10.274583333,48.440000000,104.250000000,120.100000000,-13.800000000,-0.000000000,-0.000000000,0.400000000,1.100833333,4.610000000,7.644000000,9.600000000,2.000000000,2.000000000,2.000000000,2.000000000,2.000000000,2.000000000,2.000000000,2.000000000
135,320,61.100000000,61.157000000,66.180000000,160.450000000,167.506250000,263.325000000,317.915000000,391.900000000,46.000000000,46.000000000,47.000000000,185.000000000,159.318750000,250.000000000,275.000000000,276.000000000,59.800000000,60.400000000,61.580000000,158.800000000,156.269375000,226.080000000,238.610000000,243.600000000,-18.100000000,-7.268000000,-0.505000000,2.000000000,11.236875000,56.110000000,102.809000000,170.300000000,0.300000000,0.300000000,0.400000000,2.900000000,13.994375000,58.980000000,105.563000000,178.900000000,-6.600000000,-0.000000000,-0.000000000,0.800000000,2.757500000,15.810000000,19.162000000,20.400000000,2.000000000,2.000000000,2.000000000,2.000000000,2.000000000,2.000000000,2.000000000,2.000000000
136,239,60.200000000,61.214000000,61.400000000,201.300000000,178.682426778,255.900000000,273.396000000,310.900000000,46.000000000,46.000000000,47.000000000,197.000000000,183.225941423,275.000000000,275.000000000,275.000000000,59.600000000,59.876000000,60.800000000,198.400000000,170.757322176,217.680000000,220.496000000,232.200000000,-5.600000000,-1.862000000,-0.310000000,1.000000000,7.925104603,49.190000000,59.520000000,93.300000000,0.300000000,0.300000000,0.300000000,2.600000000,8.592050209,49.370000000,60.624000000,93.300000000,-0.000000000,-0.000000000,-0.000000000,0.000000000,0.666945607,3.000000000,6.800000000,7.800000000,2.000000000,2.000000000,2.000000000,2.000000000,2.000000000,2.000000000,2.000000000,2.000000000
137,161,61.400000000,61.400000000,65.800000000,149.800000000,162.501863354,263.700000000,295.280000000,337.200000000,46.000000000,46.000000000,46.000000000,80.000000000,139.602484472,275.000000000,276.000000000,276.000000000,59.800000000,60.160000000,60.800000000,88.200000000,144.544099379,241.400000000,248.760000000,251.200000000,-20.000000000,-8.600000000,-2.200000000,9.600000000,17.957763975,56.400000000,78.840000000,100.400000000,0.400000000,0.600000000,0.700000000,19.100000000,25.611180124,67.000000000,87.360000000,100.600000000,-0.000000000,-0.000000000,0.000000000,8.000000000,7.653416149,17.800000000,19.720000000,20.800000000,2.000000000,2.000000000,2.000000000,2.000000000,2.254658385,4.400000000,5.200000000,5.600000000
138,144,60.200000000,61.229000000,61.400000000,215.350000000,185.457638889,251.160000000,273.202000000,403.000000000,46.000000000,46.000000000,47.000000000,199.000000000,187.381944444,275.000000000,276.000000000,351.000000000,59.600000000,59.686000000,60.800000000,213.000000000,178.988888889,223.770000000,235.568000000,238.200000000,-13.500000000,-10.754000000,-3.970000000,0.800000000,6.468750000,32.215000000,61.986000000,171.600000000,0.300000000,0.429000000,0.600000000,8.600000000,11.727083333,32.215000000,63.126000000,171.800000000,-0.000000000,-0.000000000,-0.000000000,2.400000000,5.258333333,16.970000000,17.514000000,17.800000000,2.000000000,2.000000000,2.000000000,2.000000000,2.927777778,7.970000000,8.514000000,8.800000000
139,172,61.400000000,61.400000000,63.195000000,133.200000000,149.153488372,257.270000000,279.348000000,286.800000000,46.000000000,46.000000000,47.000000000,80.000000000,124.406976744,235.000000000,275.290000000,276.000000000,59.600000000,59.800000000,60.800000000,78.000000000,131.889534884,236.230000000,242.064000000,247.000000000,-6.900000000,-6.487000000,-4.030000000,9.000000000,17.263953488,50.320000000,60.012000000,66.200000000,0.500000000,0.600000000,0.700000000,15.500000000,22.120930233,55.440000000,69.490000000,72.600000000,-0.000000000,-0.000000000,0.000000000,4.500000000,4.856976744,11.090000000,12.374000000,13.000000000,2.000000000,2.000000000,2.000000000,2.000000000,2.140697674,3.180000000,4.858000000,5.400000000
140,62,61.100000000,61.283000000,61.400000000,163.300000000,151.211290323,254.940000000,265.868000000,266.600000000,46.000000000,46.000000000,46.050000000,134.500000000,132.693548387,275.000000000,276.000000000,276.000000000,59.600000000,60.088000000,60.800000000,140.300000000,141.500000000,233.770000000,238.800000000,238.800000000,-1.900000000,-1.595000000,-0.070000000,1.300000000,9.711290323,34.105000000,45.766000000,51.500000000,0.600000000,0.600000000,0.600000000,1.300000000,10.291935484,35.255000000,48.142000000,52.900000000,-0.000000000,-0.000000000,-0.000000000,0.000000000,0.580645161,2.200000000,3.000000000,3.000000000,2.000000000,2.000000000,2.000000000,2.000000000,2.000000000,2.000000000,2.000000000,2.000000000
141,174,60.300000000,61.319000000,64.220000000,160.300000000,154.536781609,262.670000000,289.851000000,343.800000000,46.000000000,46.000000000,46.650000000,146.000000000,129.178160920,232.000000000,270.080000000,278.000000000,59.600000000,60.238000000,60.730000000,158.400000000,136.882758621,232.460000000,247.588000000,251.200000000,-8.000000000,-6.943000000,-2.670000000,11.600000000,17.654022989,58.215000000,77.914000000,128.200000000,0.500000000,0.600000000,0.700000000,15.550000000,22.154022989,60.105000000,84.517000000,131.600000000,-0.000000000,-0.000000000,0.000000000,3.400000000,4.500000000,14.600000000,16.508000000,17.400000000,2.000000000,2.000000000,2.000000000,2.000000000,2.139080460,3.140000000,4.854000000,5.400000000
142,139,61.100000000,61.214000000,61.400000000,157.900000000,136.610791367,222.900000000,260.700000000,321.700000000,46.000000000,46.000000000,46.900000000,171.000000000,133.949640288,222.000000000,223.860000000,225.000000000,59.600000000,59.600000000,60.360000000,157.800000000,130.864748201,222.000000000,235.384000000,238.800000000,-7.200000000,-6.582000000,-2.940000000,0.900000000,5.746043165,28.700000000,54.124000000,106.500000000,0.500000000,0.500000000,0.500000000,3.100000000,7.675539568,28.720000000,54.124000000,109.500000000,-0.000000000,-0.000000000,0.000000000,0.400000000,1.929496403,7.640000000,9.724000000,10.400000000,2.000000000,2.000000000,2.000000000,2.000000000,2.000000000,2.000000000,2.000000000,2.000000000
143,188,60.200000000,61.361000000,61.400000000,125.900000000,145.501595745,257.795000000,293.726000000,442.200000000,46.000000000,46.000000000,46.000000000,80.000000000,120.026595745,232.000000000,275.130000000,278.000000000,59.600000000,60.322000000,60.800000000,79.300000000,127.151063830,225.910000000,241.502000000,252.200000000,-11.000000000,-7.538000000,-3.925000000,9.150000000,18.350531915,63.935000000,77.730000000,203.000000000,0.500000000,0.500000000,0.600000000,16.300000000,23.511170213,62.530000000,83.170000000,205.600000000,-14.200000000,-14.200000000,0.000000000,4.600000000,5.160638298,14.530000000,17.626000000,18.000000000,2.000000000,2.000000000,2.000000000,2.000000000,2.087234043,2.400000000,4.226000000,4.800000000
144,152,60.200000000,60.659000000,61.400000000,215.100000000,174.578289474,263.490000000,309.764000000,322.600000000,46.000000000,46.510000000,47.000000000,199.000000000,177.052631579,275.000000000,278.000000000,278.000000000,59.600000000,59.600000000,60.400000000,217.400000000,169.097368421,232.180000000,238.086000000,240.800000000,-17.900000000,-15.598000000,-9.990000000,0.600000000,5.480921053,47.575000000,77.033000000,88.000000000,0.300000000,0.453000000,0.600000000,9.000000000,12.861184211,47.890000000,78.111000000,91.400000000,-0.000000000,-0.000000000,-0.000000000,2.600000000,7.380263158,20.090000000,21.298000000,21.800000000,2.000000000,2.000000000,2.000000000,2.000000000,3.292105263,7.090000000,8.098000000,8.600000000
145,193,61.400000000,61.400000000,61.500000000,131.300000000,158.592746114,274.120000000,324.532000000,359.700000000,46.000000000,46.000000000,47.000000000,80.000000000,129.108808290,232.000000000,276.000000000,276.000000000,59.800000000,60.768000000,60.800000000,83.000000000,137.532642487,242.600000000,251.296000000,254.000000000,-13.300000000,-6.264000000,-3.000000000,13.000000000,21.060103627,63.660000000,117.364000000,144.500000000,0.600000000,0.600000000,0.600000000,24.500000000,28.271502591,74.880000000,116.812000000,147.500000000,-14.200000000,-13.432000000,0.000000000,5.600000000,7.211398964,19.480000000,22.096000000,23.600000000,2.000000000,2.000000000,2.000000000,2.000000000,2.084974093,2.400000000,4.216000000,4.800000000
146,133,60.200000000,61.100000000,61.400000000,160.100000000,153.107518797,260.820000000,281.916000000,288.700000000,46.000000000,46.000000000,47.000000000,171.000000000,139.624060150,225.000000000,274.360000000,275.000000000,59.600000000,59.792000000,60.400000000,159.200000000,143.362406015,236.600000000,238.480000000,238.800000000,-2.000000000,-1.900000000,-1.380000000,0.800000000,9.745112782,35.480000000,71.700000000,108.900000000,0.500000000,0.500000000,0.500000000,3.100000000,10.701503759,37.160000000,72.660000000,109.500000000,-14.200000000,-9.248000000,-0.000000000,0.800000000,0.956390977,3.280000000,3.936000000,4.400000000,2.000000000,2.000000000,2.000000000,2.000000000,2.000000000,2.000000000,2.000000000,2.000000000
147,238,61.100000000,61.400000000,77.200000000,199.000000000,189.525210084,290.015000000,315.901000000,355.100000000,46.000000000,46.000000000,47.000000000,197.500000000,162.172268908,275.000000000,276.000000000,278.000000000,60.800000000,60.800000000,71.340000000,198.600000000,170.119327731,252.030000000,257.052000000,261.800000000,-16.300000000,-9.634000000,-2.875000000,12.550000000,19.405882353,58.815000000,79.449000000,103.500000000,0.600000000,0.600000000,0.600000000,24.300000000,28.743697479,78.125000000,90.678000000,122.700000000,-6.600000000,0.000000000,0.000000000,8.000000000,9.337815126,22.090000000,24.830000000,26.600000000,2.000000000,2.000000000,2.000000000,2.000000000,2.068907563,2.000000000,4.126000000,4.800000000
148,98,60.200000000,60.200000000,61.400000000,91.150000000,146.165306122,268.035000000,270.806000000,271.000000000,46.000000000,46.000000000,47.000000000,63.000000000,127.112244898,276.000000000,276.060000000,278.000000000,59.600000000,59.600000000,60.400000000,71.000000000,134.575510204,237.950000000,244.406000000,244.600000000,-7.000000000,-4.866000000,-0.550000000,0.850000000,11.589795918,38.800000000,45.841000000,89.200000000,0.600000000,0.600000000,0.600000000,3.050000000,13.359183673,40.520000000,50.063000000,100.600000000,-14.200000000,-0.426000000,-0.000000000,0.000000000,1.769387755,11.600000000,13.272000000,15.600000000,2.000000000,2.000000000,2.000000000,2.000000000,2.000000000,2.000000000,2.000000000,2.000000000
149,201,61.400000000,61.400000000,71.800000000,218.200000000,197.930348259,299.400000000,316.100000000,398.000000000,46.000000000,46.000000000,47.000000000,196.000000000,160.905472637,276.000000000,278.000000000,278.000000000,60.800000000,60.800000000,61.400000000,213.000000000,171.801990050,258.600000000,266.600000000,273.800000000,-18.600000000,-17.600000000,-1.700000000,20.100000000,26.128358209,74.300000000,108.800000000,124.200000000,0.400000000,0.600000000,0.700000000,33.900000000,39.871641791,90.700000000,126.800000000,161.400000000,-14.200000000,-14.200000000,0.000000000,12.800000000,13.743283582,30.600000000,37.600000000,41.200000000,2.000000000,2.000000000,2.000000000,2.000000000,2.378109453,5.600000000,8.800000000,9.600000000
150,172,60.200000000,60.839000000,61.400000000,188.650000000,175.970348837,285.895000000,346.725000000,369.400000000,46.000000000,46.000000000,47.000000000,196.000000000,167.889534884,276.000000000,333.960000000,351.000000000,59.600000000,59.600000000,60.400000000,160.800000000,159.679069767,236.600000000,239.728000000,245.000000000,-1.700000000,-0.832000000,-0.145000000,2.450000000,16.291279070,68.200000000,110.033000000,132.200000000,0.300000000,0.300000000,0.455000000,3.200000000,17.109883721,68.200000000,115.293000000,132.800000000,-13.600000000,-3.944000000,-0.000000000,0.300000000,0.818604651,3.580000000,10.658000000,13.000000000,2.000000000,2.000000000,2.000000000,2.000000000,2.000000000,2.000000000,2.000000000,2.000000000
151,239,61.400000000,61.400000000,65.670000000,199.000000000,178.697907950,275.130000000,341.236000000,396.000000000,46.000000000,46.000000000,47.000000000,185.000000000,161.305439331,275.000000000,276.000000000,279.000000000,60.400000000,60.800000000,61.880000000,198.400000000,163.922175732,246.660000000,251.620000000,257.000000000,-12.200000000,-7.874000000,-3.420000000,4.300000000,14.775732218,56.470000000,106.236000000,156.000000000,0.500000000,0.500000000,0.500000000,12.800000000,20.532217573,62.520000000,115.848000000,164.800000000,-14.200000000,-10.940000000,0.000000000,4.200000000,5.756485356,18.220000000,21.000000000,24.200000000,2.000000000,2.000000000,2.000000000,2.000000000,2.068619247,2.000000000,4.124000000,4.800000000
152,128,60.200000000,61.400000000,61.400000000,218.150000000,179.108593750,271.140000000,294.624000000,300.600000000,46.000000000,46.000000000,47.000000000,199.000000000,166.937500000,277.000000000,278.000000000,282.000000000,59.600000000,59.600000000,60.800000000,213.000000000,164.625000000,232.800000000,237.838000000,238.000000000,-8.300000000,-5.912000000,-0.195000000,9.550000000,14.483593750,47.000000000,80.920000000,97.800000000,0.300000000,0.600000000,0.600000000,14.900000000,17.071093750,47.130000000,81.190000000,97.800000000,-0.000000000,-0.000000000,-0.000000000,0.200000000,2.587500000,11.000000000,12.346000000,12.800000000,2.000000000,2.000000000,2.000000000,2.000000000,2.000000000,2.000000000,2.000000000,2.000000000
153,264,60.300000000,61.400000000,68.650000000,223.950000000,199.766666667,270.160000000,291.307000000,464.900000000,46.000000000,47.000000000,50.000000000,199.000000000,189.954545455,275.000000000,276.740000000,279.000000000,59.600000000,60.400000000,63.290000000,218.200000000,182.842424242,234.970000000,240.170000000,248.600000000,-18.100000000,-16.711000000,-12.610000000,10.400000000,16.924242424,54.395000000,76.143000000,246.300000000,0.300000000,0.300000000,0.600000000,24.150000000,25.722727273,57.910000000,78.107000000,251.900000000,-14.200000000,-13.474000000,0.000000000,6.000000000,8.798484848,27.140000000,29.674000000,30.400000000,2.000000000,2.000000000,2.000000000,2.000000000,6.171969697,21.940000000,24.474000000,25.200000000
154,161,60.200000000,61.400000000,61.400000000,166.400000000,172.758385093,280.700000000,323.040000000,402.300000000,46.000000000,46.000000000,47.000000000,194.000000000,166.118012422,241.000000000,248.000000000,273.000000000,59.600000000,60.160000000,60.800000000,164.000000000,158.752795031,222.000000000,232.000000000,236.600000000,-12.700000000,-10.720000000,-6.100000000,3.400000000,14.005590062,67.700000000,105.800000000,190.100000000,0.500000000,0.500000000,0.600000000,8.800000000,17.085093168,64.300000000,102.400000000,177.100000000,-13.600000000,-13.160000000,-0.000000000,1.600000000,3.079503106,12.600000000,13.480000000,13.800000000,2.000000000,2.000000000,2.000000000,2.000000000,2.000000000,2.000000000,2.000000000,2.000000000
155,282,61.400000000,61.400000000,68.770000000,201.400000000,177.280496454,261.490000000,303.840000000,372.900000000,46.000000000,46.000000000,47.000000000,193.000000000,163.893617021,250.000000000,275.000000000,279.000000000,59.600000000,60.400000000,60.800000000,198.800000000,161.717730496,219.580000000,223.628000000,237.000000000,-4.800000000,-1.419000000,0.300000000,2.200000000,15.562765957,57.890000000,86.261000000,154.500000000,0.300000000,0.300000000,0.300000000,3.000000000,16.522340426,59.100000000,85.493000000,155.300000000,-14.200000000,-14.200000000,-0.000000000,0.400000000,0.959574468,7.000000000,9.552000000,10.600000000,2.000000000,2.000000000,2.000000000,2.000000000,2.000000000,2.000000000,2.000000000,2.000000000
156,125,60.200000000,61.100000000,61.400000000,212.500000000,174.977600000,256.000000000,265.120000000,274.900000000,46.000000000,46.000000000,47.000000000,196.000000000,156.616000000,250.000000000,250.000000000,250.000000000,59.600000000,59.600000000,60.400000000,211.200000000,161.713600000,218.800000000,222.608000000,226.400000000,-2.900000000,-2.508000000,-0.660000000,2.900000000,13.264000000,44.020000000,56.632000000,84.500000000,0.300000000,0.448000000,0.600000000,6.700000000,15.019200000,43.720000000,57.180000000,84.900000000,-14.200000000,-14.008000000,-0.000000000,0.800000000,1.755200000,8.560000000,9.552000000,9.800000000,2.000000000,2.000000000,2.000000000,2.000000000,2.142400000,3.360000000,4.352000000,4.600000000
157,238,61.400000000,61.400000000,67.520000000,157.900000000,163.651260504,279.620000000,307.313000000,356.300000000,46.000000000,46.000000000,47.000000000,171.000000000,137.306722689,232.000000000,275.630000000,278.000000000,60.200000000,60.800000000,61.310000000,157.400000000,143.642016807,233.920000000,252.008000000,253.800000000,-10.900000000,-5.678000000,-2.290000000,7.050000000,20.009243697,67.775000000,91.544000000,126.700000000,0.500000000,0.500000000,0.500000000,15.050000000,25.754621849,76.545000000,97.460000000,142.300000000,-14.200000000,-11.010000000,0.000000000,4.400000000,5.745378151,16.660000000,19.800000000,21.600000000,2.000000000,2.000000000,2.000000000,2.000000000,2.068907563,2.000000000,4.126000000,4.800000000
158,117,61.400000000,61.400000000,61.400000000,206.400000000,176.435042735,260.840000000,338.452000000,400.600000000,46.000000000,46.000000000,47.000000000,189.000000000,151.598290598,235.000000000,240.840000000,245.000000000,59.600000000,59.728000000,60.800000000,200.600000000,159.275213675,219.440000000,221.336000000,222.000000000,-4.100000000,-1.768000000,0.360000000,8.300000000,17.159829060,61.860000000,121.900000000,187.400000000,0.600000000,0.600000000,0.600000000,8.400000000,17.467521368,61.360000000,123.972000000,188.400000000,-14.200000000,-14.200000000,-2.720000000,0.000000000,0.307692308,3.640000000,6.136000000,7.400000000,2.000000000,2.000000000,2.000000000,2.000000000,2.000000000,2.000000000,2.000000000,2.000000000
159,249,60.200000000,61.244000000,73.400000000,160.100000000,168.118072289,263.360000000,298.192000000,311.800000000,46.000000000,46.000000000,47.000000000,171.000000000,153.004016064,233.800000000,276.000000000,282.000000000,59.600000000,60.400000000,61.400000000,159.800000000,152.330120482,224.800000000,242.624000000,249.400000000,-7.100000000,-5.200000000,-1.820000000,5.600000000,15.787951807,54.000000000,88.080000000,94.000000000,0.500000000,0.500000000,0.500000000,11.600000000,18.261044177,60.240000000,80.580000000,94.200000000,-14.200000000,-14.200000000,0.000000000,1.800000000,2.473092369,9.040000000,11.512000000,12.800000000,2.000000000,2.000000000,2.000000000,2.000000000,2.066666667,2.000000000,4.104000000,4.800000000
160,162,60.200000000,60.749000000,61.400000000,160.400000000,142.524691358,270.105000000,314.620000000,359.700000000,46.000000000,46.000000000,47.000000000,158.500000000,140.753086420,239.600000000,244.000000000,248.000000000,59.600000000,59.600000000,60.400000000,158.900000000,132.745679012,219.660000000,224.478000000,224.800000000,-9.900000000,-8.056000000,-6.290000000,1.150000000,9.779012346,51.005000000,97.100000000,147.500000000,0.500000000,0.500000000,0.600000000,5.950000000,12.619753086,56.875000000,100.620000000,134.500000000,-14.200000000,-13.756000000,-0.000000000,0.800000000,2.840740741,10.600000000,11.278000000,11.600000000,2.000000000,2.000000000,2.000000000,2.000000000,2.000000000,2.000000000,2.000000000,2.000000000
161,237,61.400000000,61.400000000,68.500000000,157.900000000,158.051898734,277.420000000,307.316000000,317.300000000,46.000000000,46.000000000,47.000000000,171.000000000,133.054852321,232.000000000,275.000000000,276.000000000,59.600000000,60.800000000,62.120000000,157.400000000,140.383122363,239.880000000,257.552000000,262.400000000,-19.000000000,-7.676000000,-3.700000000,5.600000000,17.668776371,65.560000000,89.364000000,108.600000000,0.500000000,0.500000000,0.500000000,15.600000000,25.587763713,75.960000000,92.984000000,127.200000000,-14.200000000,-13.984000000,0.000000000,6.000000000,7.918987342,22.440000000,24.896000000,26.200000000,2.000000000,2.000000000,2.000000000,2.000000000,2.069198312,2.000000000,4.128000000,4.800000000
162,89,60.200000000,60.288000000,61.400000000,87.100000000,141.753932584,262.940000000,276.700000000,281.100000000,46.000000000,46.880000000,47.000000000,54.000000000,119.865168539,233.800000000,275.120000000,276.000000000,59.600000000,59.600000000,60.400000000,65.000000000,130.737078652,230.280000000,235.632000000,238.800000000,-1.400000000,-0.344000000,0.600000000,0.900000000,11.016853933,49.340000000,62.948000000,63.300000000,0.600000000,0.600000000,0.600000000,0.900000000,10.803370787,49.740000000,57.980000000,63.700000000,-14.200000000,-14.200000000,-0.000000000,0.000000000,-0.213483146,2.520000000,3.120000000,4.000000000,2.000000000,2.000000000,2.000000000,2.000000000,2.000000000,2.000000000,2.000000000,2.000000000
163,159,60.200000000,61.274000000,61.400000000,122.100000000,167.436477987,273.590000000,285.070000000,440.200000000,46.000000000,46.000000000,46.900000000,80.000000000,135.201257862,275.000000000,276.000000000,279.000000000,59.600000000,59.600000000,60.800000000,76.400000000,141.838993711,237.220000000,241.368000000,248.600000000,-6.300000000,-3.852000000,0.600000000,23.100000000,25.597484277,59.410000000,86.776000000,208.800000000,0.600000000,0.600000000,0.600000000,24.700000000,27.518238994,59.960000000,78.876000000,209.000000000,-14.200000000,-14.200000000,-12.400000000,1.400000000,1.920754717,10.000000000,11.884000000,12.800000000,2.000000000,2.000000000,2.000000000,2.000000000,2.000000000,2.000000000,2.000000000,2.000000000
164,106,60.200000000,61.100000000,61.175000000,213.300000000,172.778301887,250.950000000,264.270000000,299.700000000,46.000000000,46.000000000,47.000000000,196.000000000,159.820754717,250.000000000,276.900000000,277.000000000,59.600000000,59.600000000,59.950000000,207.900000000,159.856603774,219.550000000,231.200000000,236.600000000,-1.500000000,-0.275000000,0.700000000,5.400000000,12.921698113,47.550000000,68.390000000,87.500000000,0.300000000,0.315000000,0.700000000,8.700000000,13.523584906,39.600000000,68.780000000,87.500000000,-14.200000000,-13.600000000,-0.000000000,0.200000000,0.601886792,5.700000000,6.580000000,6.600000000,2.000000000,2.000000000,2.000000000,2.000000000,2.000000000,2.000000000,2.000000000,2.000000000
165,283,61.100000000,61.400000000,68.030000000,163.500000000,179.210954064,287.470000000,326.126000000,401.200000000,46.000000000,46.000000000,47.000000000,171.000000000,163.699646643,235.000000000,275.000000000,276.000000000,59.600000000,60.364000000,61.220000000,160.600000000,158.965371025,226.580000000,238.036000000,242.800000000,-5.500000000,-4.408000000,-1.500000000,5.400000000,20.245583039,83.050000000,118.288000000,188.200000000,0.500000000,0.500000000,0.500000000,9.200000000,21.700000000,80.350000000,110.990000000,188.200000000,-14.200000000,-13.708000000,-0.000000000,0.600000000,1.454416961,7.560000000,9.236000000,10.000000000,2.000000000,2.000000000,2.000000000,2.000000000,2.057950530,2.000000000,4.036000000,4.800000000
166,165,61.100000000,61.100000000,61.400000000,201.200000000,169.783636364,291.320000000,333.896000000,351.800000000,46.000000000,46.000000000,46.000000000,189.000000000,154.660606061,235.000000000,235.000000000,235.000000000,59.600000000,59.600000000,60.400000000,199.400000000,156.010909091,221.640000000,234.040000000,236.600000000,-6.600000000,-4.248000000,-2.360000000,2.100000000,13.772727273,76.620000000,117.288000000,134.600000000,0.600000000,0.600000000,0.600000000,4.000000000,15.359393939,78.260000000,118.368000000,134.800000000,-14.200000000,-4.896000000,-0.000000000,0.400000000,1.586666667,8.120000000,9.144000000,9.600000000,2.000000000,2.000000000,2.000000000,2.000000000,2.000000000,2.000000000,2.000000000,2.000000000
167,157,60.200000000,61.268000000,62.060000000,219.500000000,181.538216561,282.160000000,318.896000000,335.300000000,46.000000000,46.000000000,46.000000000,193.000000000,146.375796178,275.000000000,279.000000000,279.000000000,59.600000000,60.400000000,60.800000000,213.400000000,154.163057325,236.320000000,243.640000000,244.800000000,-4.700000000,-1.160000000,0.600000000,24.300000000,27.375159236,72.960000000,98.572000000,100.400000000,0.600000000,0.600000000,0.700000000,28.700000000,30.889808917,75.920000000,103.244000000,109.200000000,-14.200000000,-13.976000000,-0.000000000,3.400000000,3.514649682,10.400000000,12.264000000,13.000000000,2.000000000,2.000000000,2.000000000,2.000000000,2.000000000,2.000000000,2.000000000,2.000000000
168,168,60.200000000,61.301000000,61.400000000,206.600000000,178.722023810,258.955000000,276.134000000,342.200000000,46.000000000,46.000000000,47.000000000,196.000000000,171.696428571,250.000000000,275.000000000,275.000000000,59.600000000,60.068000000,60.800000000,206.200000000,165.316666667,221.790000000,234.456000000,237.800000000,-3.900000000,-1.331000000,-0.130000000,4.700000000,13.405357143,49.060000000,67.422000000,105.600000000,0.300000000,0.300000000,0.400000000,5.000000000,14.148214286,50.350000000,67.958000000,105.600000000,-14.200000000,-0.000000000,-0.000000000,0.000000000,0.742857143,3.330000000,7.730000000,9.000000000,2.000000000,2.000000000,2.000000000,2.000000000,2.000000000,2.000000000,2.000000000,2.000000000
169,241,60.300000000,61.400000000,65.800000000,160.100000000,168.887136929,281.900000000,308.860000000,324.300000000,46.000000000,46.000000000,47.000000000,171.000000000,142.087136929,250.000000000,275.000000000,276.000000000,59.600000000,60.080000000,61.400000000,157.800000000,146.630705394,228.400000000,236.080000000,243.400000000,-9.900000000,-6.180000000,-0.900000000,10.100000000,22.256431535,69.100000000,95.460000000,113.800000000,0.300000000,0.300000000,0.400000000,16.300000000,27.435684647,83.500000000,105.060000000,115.100000000,-14.200000000,-13.600000000,-0.000000000,2.000000000,5.179253112,17.600000000,19.400000000,20.600000000,2.000000000,2.000000000,2.000000000,2.000000000,2.000000000,2.000000000,2.000000000,2.000000000
170,164,61.100000000,61.400000000,61.400000000,181.700000000,174.234756098,262.570000000,314.085000000,352.600000000,46.000000000,46.000000000,47.000000000,188.500000000,156.695121951,235.000000000,251.330000000,279.000000000,59.800000000,60.200000000,60.400000000,168.500000000,157.469512195,224.910000000,234.206000000,236.600000000,-10.500000000,-6.914000000,-0.200000000,14.000000000,16.765243902,47.265000000,110.306000000,135.600000000,0.500000000,0.600000000,0.600000000,18.300000000,19.967682927,51.295000000,113.810000000,135.600000000,-0.000000000,-0.000000000,-0.000000000,2.100000000,3.202439024,10.310000000,12.074000000,12.800000000,2.000000000,2.000000000,2.000000000,2.000000000,2.000000000,2.000000000,2.000000000,2.000000000
171,261,60.200000000,61.400000000,66.500000000,199.000000000,173.434482759,282.700000000,303.840000000,310.800000000,46.000000000,46.000000000,47.000000000,185.000000000,152.333333333,235.000000000,276.000000000,278.000000000,59.600000000,60.800000000,61.800000000,198.400000000,154.637547893,237.600000000,250.960000000,259.000000000,-7.000000000,-5.300000000,-2.200000000,6.000000000,18.796934866,70.900000000,92.160000000,103.700000000,0.500000000,0.500000000,0.500000000,12.600000000,23.105747126,71.800000000,93.660000000,122.500000000,-14.200000000,-13.480000000,0.000000000,2.800000000,4.308812261,16.800000000,20.000000000,22.400000000,2.000000000,2.000000000,2.000000000,2.000000000,2.062835249,2.000000000,4.080000000,4.800000000
172,121,61.400000000,61.400000000,61.400000000,160.700000000,138.871074380,255.100000000,271.120000000,274.900000000,46.000000000,46.000000000,47.000000000,146.000000000,124.636363636,225.000000000,269.600000000,276.000000000,59.600000000,59.800000000,60.400000000,157.800000000,130.778512397,232.000000000,237.560000000,237.800000000,-3.900000000,-1.780000000,-0.500000000,1.300000000,8.092561983,39.300000000,54.460000000,136.900000000,0.500000000,0.520000000,0.600000000,4.100000000,10.297520661,39.600000000,55.060000000,137.500000000,-13.200000000,-0.000000000,-0.000000000,0.000000000,2.204958678,13.200000000,13.760000000,14.000000000,2.000000000,2.000000000,2.000000000,2.000000000,2.000000000,2.000000000,2.000000000,2.000000000
173,269,61.400000000,61.400000000,74.420000000,160.100000000,169.290706320,293.220000000,325.164000000,348.800000000,46.000000000,46.000000000,47.000000000,171.000000000,144.223048327,265.000000000,276.000000000,278.000000000,59.600000000,60.800000000,64.800000000,157.400000000,151.015613383,247.600000000,259.120000000,263.400000000,-28.100000000,-6.784000000,0.300000000,4.700000000,18.275092937,74.520000000,92.300000000,136.800000000,0.300000000,0.300000000,0.400000000,9.500000000,26.397769517,89.100000000,116.596000000,123.600000000,-14.200000000,-13.600000000,-0.000000000,1.200000000,8.122676580,27.720000000,30.712000000,34.200000000,2.000000000,2.000000000,2.000000000,2.000000000,2.000000000,2.000000000,2.000000000,2.000000000
174,184,60.200000000,61.349000000,61.415000000,160.150000000,153.453260870,240.645000000,289.094000000,327.700000000,46.000000000,46.000000000,47.000000000,171.000000000,151.956521739,222.000000000,225.000000000,232.000000000,59.600000000,59.766000000,60.800000000,158.200000000,148.097826087,231.910000000,239.272000000,240.800000000,-14.500000000,-12.134000000,-9.235000000,0.700000000,5.355434783,34.380000000,66.670000000,112.300000000,0.500000000,0.500000000,0.500000000,3.100000000,8.751086957,40.340000000,70.202000000,115.500000000,-14.200000000,-2.278000000,-0.000000000,0.800000000,3.395652174,14.570000000,15.234000000,15.600000000,2.000000000,2.000000000,2.000000000,2.000000000,2.193478261,3.800000000,4.668000000,5.200000000
175,159,61.100000000,61.400000000,62.670000000,222.800000000,191.333962264,300.560000000,342.172000000,359.900000000,46.000000000,46.000000000,47.000000000,193.000000000,148.295597484,276.000000000,276.000000000,278.000000000,59.600000000,60.632000000,60.800000000,211.800000000,159.649056604,251.700000000,259.168000000,260.800000000,-12.300000000,-9.226000000,0.540000000,26.700000000,31.684905660,77.830000000,105.228000000,112.300000000,0.600000000,0.600000000,0.700000000,34.900000000,40.977987421,93.170000000,122.284000000,123.300000000,-14.200000000,-14.200000000,-1.200000000,10.800000000,9.293081761,22.420000000,24.000000000,24.200000000,2.000000000,2.000000000,2.000000000,2.000000000,2.000000000,2.000000000,2.000000000,2.000000000
176,70,60.200000000,61.028000000,61.400000000,218.150000000,166.220000000,274.785000000,293.164000000,303.100000000,46.000000000,46.000000000,46.450000000,198.500000000,143.914285714,253.950000000,276.000000000,276.000000000,59.600000000,59.600000000,59.870000000,217.000000000,152.231428571,236.930000000,239.510000000,240.200000000,-2.100000000,-0.306000000,0.600000000,4.100000000,13.988571429,46.895000000,59.621000000,65.900000000,0.600000000,0.600000000,0.600000000,4.100000000,14.154285714,47.255000000,59.807000000,66.500000000,-14.200000000,-4.402000000,-0.000000000,0.000000000,0.165714286,1.510000000,6.130000000,8.200000000,2.000000000,2.000000000,2.000000000,2.000000000,2.000000000,2.000000000,2.000000000,2.000000000
177,243,60.200000000,61.400000000,69.760000000,206.500000000,192.947736626,278.260000000,305.104000000,363.200000000,46.000000000,46.000000000,50.000000000,199.000000000,177.893004115,275.000000000,276.000000000,278.000000000,60.800000000,60.800000000,62.040000000,206.200000000,176.828806584,241.140000000,245.948000000,251.000000000,-3.800000000,-1.400000000,0.300000000,4.700000000,16.118930041,51.310000000,83.946000000,126.800000000,0.300000000,0.300000000,0.300000000,9.700000000,17.957613169,54.760000000,80.154000000,131.200000000,-14.200000000,-13.600000000,-0.000000000,0.400000000,1.838683128,9.580000000,13.348000000,14.400000000,2.000000000,2.000000000,2.000000000,2.000000000,2.000000000,2.000000000,2.000000000,2.000000000
178,131,60.200000000,60.540000000,61.400000000,208.700000000,166.412977099,264.200000000,289.400000000,379.300000000,46.000000000,46.000000000,47.000000000,199.000000000,157.015267176,277.000000000,278.000000000,282.000000000,59.600000000,59.600000000,60.100000000,207.200000000,154.450381679,236.900000000,243.020000000,243.800000000,-4.300000000,-3.060000000,-0.650000000,1.700000000,11.962595420,48.750000000,73.430000000,139.100000000,0.300000000,0.300000000,0.400000000,4.100000000,13.582442748,50.750000000,73.430000000,142.700000000,-0.000000000,-0.000000000,-0.000000000,0.000000000,1.619847328,6.200000000,7.080000000,7.200000000,2.000000000,2.000000000,2.000000000,2.000000000,2.000000000,2.000000000,2.000000000,2.000000000
179,277,60.200000000,61.328000000,65.380000000,158.000000000,164.722743682,264.320000000,315.152000000,352.200000000,46.000000000,46.000000000,47.000000000,171.000000000,153.332129964,275.000000000,276.000000000,278.000000000,59.600000000,59.600000000,60.800000000,157.400000000,151.565342960,240.160000000,248.984000000,253.200000000,-3.400000000,-0.824000000,0.300000000,2.200000000,13.157400722,53.700000000,99.048000000,114.300000000,0.300000000,0.300000000,0.400000000,2.900000000,16.219494585,61.160000000,92.500000000,115.600000000,-14.200000000,-8.232000000,-0.000000000,0.400000000,3.062093863,14.240000000,16.600000000,19.000000000,2.000000000,2.000000000,2.000000000,2.000000000,2.000000000,2.000000000,2.000000000,2.000000000
180,75,60.200000000,60.200000000,61.400000000,218.200000000,171.366666667,247.350000000,261.342000000,266.300000000,46.000000000,46.000000000,47.000000000,201.000000000,152.333333333,228.500000000,245.400000000,275.000000000,59.600000000,59.600000000,60.340000000,217.000000000,162.666666667,231.200000000,233.196000000,236.600000000,0.100000000,0.322000000,0.570000000,0.800000000,8.700000000,30.600000000,40.434000000,48.500000000,0.600000000,0.600000000,0.600000000,0.800000000,8.708000000,31.300000000,40.538000000,48.900000000,-14.200000000,-3.692000000,-0.000000000,0.000000000,0.008000000,1.200000000,1.452000000,1.600000000,2.000000000,2.000000000,2.000000000,2.000000000,2.000000000,2.000000000,2.000000000,2.000000000
181,251,60.300000000,61.400000000,73.600000000,206.500000000,169.044223108,258.450000000,282.250000000,306.700000000,46.000000000,46.000000000,49.000000000,189.000000000,161.956175299,275.000000000,275.000000000,276.000000000,59.600000000,60.400000000,61.600000000,206.200000000,155.831872510,223.700000000,242.100000000,252.200000000,-8.700000000,-3.000000000,-0.050000000,2.200000000,13.212350598,55.250000000,74.650000000,83.900000000,0.300000000,0.300000000,0.300000000,3.000000000,16.790039841,63.450000000,86.000000000,93.700000000,-6.600000000,-0.000000000,-0.000000000,0.800000000,3.577689243,14.300000000,16.500000000,17.000000000,2.000000000,2.000000000,2.000000000,2.000000000,2.000000000,2.000000000,2.000000000,2.000000000
182,173,60.200000000,60.272000000,61.400000000,203.500000000,162.901734104,269.400000000,302.472000000,336.600000000,46.000000000,46.000000000,47.000000000,199.000000000,152.554913295,250.000000000,279.000000000,279.000000000,59.600000000,59.600000000,59.800000000,198.400000000,149.884393064,218.800000000,222.400000000,224.400000000,0.100000000,0.272000000,0.300000000,1.900000000,13.017341040,61.260000000,95.520000000,140.700000000,0.300000000,0.300000000,0.300000000,2.600000000,13.321387283,61.420000000,95.520000000,140.700000000,-0.000000000,-0.000000000,-0.000000000,0.000000000,0.304046243,1.400000000,2.112000000,3.000000000,2.000000000,2.000000000,2.000000000,2.000000000,2.000000000,2.000000000,2.000000000,2.000000000
183,297,60.200000000,61.400000000,64.500000000,201.300000000,183.156228956,270.580000000,338.212000000,359.000000000,46.000000000,46.000000000,47.000000000,199.000000000,171.218855219,250.000000000,276.000000000,279.000000000,59.600000000,59.800000000,60.800000000,198.800000000,166.942760943,222.480000000,239.616000000,242.200000000,-3.800000000,-0.416000000,0.300000000,2.700000000,16.213468013,58.680000000,120.428000000,141.200000000,0.300000000,0.300000000,0.400000000,3.600000000,16.899663300,57.960000000,120.332000000,141.200000000,-14.200000000,-13.624000000,-0.000000000,0.400000000,0.686195286,3.840000000,6.032000000,9.400000000,2.000000000,2.000000000,2.000000000,2.000000000,2.000000000,2.000000000,2.000000000,2.000000000
184,111,60.200000000,61.100000000,61.400000000,116.200000000,123.436936937,225.900000000,251.640000000,259.800000000,46.000000000,46.000000000,46.000000000,72.000000000,109.819819820,222.000000000,231.300000000,241.000000000,59.600000000,59.600000000,60.400000000,70.400000000,113.268468468,217.600000000,230.280000000,240.200000000,-4.900000000,-4.640000000,-3.000000000,1.100000000,10.168468468,48.000000000,64.790000000,136.900000000,0.500000000,0.500000000,0.500000000,3.600000000,11.950450450,51.000000000,65.690000000,137.700000000,-0.000000000,-0.000000000,-0.000000000,0.400000000,1.781981982,6.300000000,6.800000000,7.200000000,2.000000000,2.000000000,2.000000000,2.000000000,2.000000000,2.000000000,2.000000000,2.000000000
185,159,61.400000000,61.400000000,61.400000000,115.400000000,145.115094340,307.170000000,341.942000000,365.600000000,46.000000000,46.000000000,46.000000000,54.000000000,97.566037736,273.200000000,276.000000000,276.000000000,59.600000000,60.316000000,60.800000000,85.600000000,116.715723270,251.800000000,263.176000000,267.200000000,-14.800000000,-13.540000000,-6.610000000,23.800000000,28.399371069,76.940000000,127.274000000,197.000000000,0.600000000,0.600000000,0.600000000,41.200000000,43.341509434,94.810000000,144.894000000,217.600000000,-14.200000000,-13.600000000,0.000000000,17.800000000,14.942138365,29.620000000,30.968000000,32.600000000,2.000000000,2.000000000,2.000000000,2.000000000,2.000000000,2.000000000,2.000000000,2.000000000
186,110,60.200000000,60.200000000,61.400000000,203.200000000,166.473636364,254.685000000,310.953000000,349.800000000,46.000000000,46.000000000,47.000000000,185.000000000,144.990909091,235.000000000,235.000000000,275.000000000,59.600000000,59.600000000,60.070000000,199.200000000,153.423636364,220.600000000,232.856000000,249.400000000,-8.300000000,-6.082000000,-2.200000000,3.900000000,13.050000000,54.515000000,94.171000000,132.800000000,0.600000000,0.600000000,0.600000000,8.450000000,15.302727273,55.045000000,95.081000000,132.800000000,-0.000000000,-0.000000000,-0.000000000,0.600000000,2.252727273,10.650000000,17.346000000,18.400000000,2.000000000,2.000000000,2.000000000,2.000000000,2.000000000,2.000000000,2.000000000,2.000000000
187,215,61.400000000,61.400000000,77.620000000,207.900000000,198.032093023,278.970000000,305.902000000,324.900000000,46.000000000,46.000000000,47.000000000,196.000000000,169.130232558,275.000000000,276.000000000,279.000000000,59.600000000,60.400000000,62.780000000,204.800000000,175.442790698,239.060000000,247.632000000,251.400000000,-5.200000000,-3.758000000,-1.390000000,19.700000000,22.589302326,66.060000000,105.006000000,143.200000000,0.600000000,0.600000000,0.600000000,22.800000000,26.338139535,71.380000000,94.346000000,152.800000000,-14.200000000,-13.916000000,-8.160000000,3.600000000,3.748837209,12.980000000,14.800000000,16.400000000,2.000000000,2.000000000,2.000000000,2.000000000,2.076279070,2.120000000,4.172000000,4.800000000
188,142,61.100000000,61.223000000,61.400000000,163.900000000,157.000000000,246.900000000,283.091000000,324.700000000,46.000000000,46.000000000,47.000000000,188.500000000,144.795774648,247.950000000,248.000000000,248.000000000,59.600000000,59.600000000,60.400000000,158.500000000,140.412676056,219.800000000,224.872000000,232.000000000,-5.900000000,-2.962000000,0.100000000,11.000000000,16.587323944,48.775000000,92.407000000,140.700000000,0.500000000,0.500000000,0.600000000,12.450000000,17.891549296,49.480000000,98.121000000,140.700000000,-14.200000000,-0.000000000,-0.000000000,0.400000000,1.304225352,6.800000000,7.600000000,7.800000000,2.000000000,2.000000000,2.000000000,2.000000000,2.000000000,2.000000000,2.000000000,2.000000000
189,209,60.200000000,61.400000000,71.540000000,218.900000000,191.154545455,265.180000000,275.360000000,337.700000000,46.000000000,46.000000000,47.000000000,196.000000000,168.880382775,275.000000000,276.000000000,276.000000000,59.600000000,60.616000000,60.800000000,213.600000000,172.146411483,240.160000000,245.384000000,248.800000000,-11.500000000,-6.356000000,0.600000000,11.100000000,19.008133971,57.340000000,75.732000000,125.500000000,0.400000000,0.600000000,0.700000000,20.200000000,23.626315789,58.700000000,83.068000000,112.500000000,-14.200000000,-14.104000000,-0.000000000,3.600000000,4.618181818,14.240000000,17.568000000,18.400000000,2.000000000,2.000000000,2.000000000,2.000000000,2.814354067,9.040000000,12.368000000,13.200000000
190,147,61.100000000,61.238000000,61.400000000,166.600000000,162.963265306,252.300000000,295.470000000,380.000000000,46.000000000,46.000000000,47.000000000,171.000000000,147.197278912,241.000000000,248.000000000,248.000000000,59.600000000,59.692000000,60.400000000,163.400000000,148.144217687,221.640000000,226.216000000,237.400000000,-5.300000000,-4.056000000,-2.540000000,6.400000000,14.819047619,43.420000000,119.750000000,164.800000000,0.500000000,0.546000000,0.600000000,10.800000000,16.847619048,47.510000000,122.506000000,167.800000000,-14.200000000,-0.000000000,-0.000000000,0.800000000,2.028571429,7.540000000,8.800000000,9.200000000,2.000000000,2.000000000,2.000000000,2.000000000,2.000000000,2.000000000,2.000000000,2.000000000
191,202,60.200000000,61.400000000,61.405000000,163.300000000,162.964356436,278.880000000,295.882000000,322.700000000,46.000000000,47.000000000,47.000000000,146.000000000,136.925742574,235.000000000,276.000000000,276.000000000,59.800000000,60.400000000,60.800000000,163.600000000,145.148514851,243.150000000,247.196000000,251.000000000,-13.800000000,-9.493000000,-3.950000000,10.400000000,17.815841584,61.580000000,79.596000000,107.300000000,0.500000000,0.600000000,0.600000000,18.300000000,24.543564356,63.470000000,92.079000000,113.100000000,-14.200000000,-14.124000000,0.000000000,6.800000000,6.727722772,17.770000000,19.400000000,21.800000000,2.000000000,2.000000000,2.000000000,2.000000000,2.182178218,3.780000000,5.598000000,6.200000000
192,136,60.200000000,60.200000000,61.400000000,162.900000000,145.971323529,247.650000000,293.300000000,327.900000000,46.000000000,46.000000000,46.000000000,146.000000000,123.279411765,219.000000000,226.300000000,232.000000000,59.600000000,59.600000000,60.250000000,161.000000000,132.295588235,219.900000000,234.780000000,236.800000000,-8.300000000,-5.950000000,-3.250000000,4.300000000,13.675735294,53.225000000,83.660000000,112.700000000,0.500000000,0.600000000,0.600000000,9.300000000,15.937500000,53.225000000,83.660000000,115.700000000,-0.000000000,-0.000000000,-0.000000000,0.200000000,2.261764706,9.250000000,10.530000000,10.800000000,2.000000000,2.000000000,2.000000000,2.000000000,2.000000000,2.000000000,2.000000000,2.000000000
193,333,60.200000000,61.400000000,68.980000000,160.100000000,165.995195195,265.520000000,307.524000000,326.400000000,46.000000000,46.000000000,47.000000000,171.000000000,156.567567568,232.000000000,275.680000000,279.000000000,59.600000000,60.400000000,60.800000000,157.800000000,152.293093093,225.520000000,236.600000000,242.000000000,-6.400000000,-2.168000000,-0.340000000,2.100000000,13.702102102,58.360000000,88.276000000,121.500000000,0.300000000,0.332000000,0.400000000,2.900000000,15.266666667,61.200000000,91.268000000,121.500000000,-6.600000000,-0.000000000,-0.000000000,0.400000000,1.564564565,9.000000000,12.136000000,13.600000000,2.000000000,2.000000000,2.000000000,2.000000000,2.000000000,2.000000000,2.000000000,2.000000000
194,254,60.200000000,61.400000000,61.400000000,160.100000000,154.062204724,256.070000000,326.964000000,397.700000000,46.000000000,46.000000000,47.000000000,171.000000000,149.688976378,222.000000000,241.110000000,275.000000000,59.600000000,59.600000000,60.800000000,158.200000000,144.477165354,217.400000000,227.690000000,236.600000000,-1.700000000,-1.300000000,-0.300000000,1.750000000,9.585039370,42.820000000,105.532000000,178.300000000,0.300000000,0.400000000,0.500000000,2.800000000,10.396062992,44.065000000,109.364000000,180.100000000,-0.000000000,-0.000000000,-0.000000000,0.400000000,0.811023622,2.400000000,5.210000000,7.400000000,2.000000000,2.000000000,2.000000000,2.000000000,2.000000000,2.000000000,2.000000000,2.000000000
195,223,60.300000000,61.166000000,61.800000000,199.100000000,166.575336323,255.880000000,282.068000000,353.700000000,46.000000000,46.000000000,47.000000000,185.000000000,147.147982063,250.000000000,275.000000000,276.000000000,60.000000000,60.444000000,60.800000000,198.400000000,151.208071749,233.680000000,247.692000000,255.600000000,-10.100000000,-6.378000000,-0.080000000,3.100000000,15.367264574,54.590000000,66.478000000,131.300000000,0.300000000,0.300000000,0.400000000,10.800000000,19.684753363,60.540000000,72.760000000,140.700000000,-0.000000000,-0.000000000,-0.000000000,1.000000000,4.317488789,13.580000000,16.512000000,20.400000000,2.000000000,2.000000000,2.000000000,2.000000000,2.000000000,2.000000000,2.000000000,2.000000000
196,137,60.300000000,61.400000000,61.400000000,137.100000000,136.933576642,242.200000000,255.440000000,270.200000000,46.000000000,46.000000000,46.000000000,80.000000000,119.262773723,222.600000000,232.000000000,232.000000000,59.600000000,59.600000000,59.800000000,72.800000000,123.792700730,222.000000000,222.000000000,236.600000000,-11.100000000,-6.928000000,-2.400000000,4.100000000,13.140875912,53.180000000,73.368000000,77.300000000,0.500000000,0.600000000,0.600000000,9.200000000,15.511678832,53.180000000,73.496000000,78.300000000,-0.000000000,-0.000000000,-0.000000000,0.200000000,2.370802920,10.040000000,11.384000000,11.600000000,2.000000000,2.000000000,2.000000000,2.000000000,2.026277372,2.000000000,2.728000000,3.200000000
197,191,60.300000000,61.400000000,61.500000000,134.400000000,151.543455497,260.850000000,284.440000000,313.500000000,46.000000000,46.000000000,46.000000000,79.000000000,117.382198953,227.000000000,269.700000000,276.000000000,59.600000000,60.800000000,60.800000000,89.400000000,132.075392670,232.300000000,259.220000000,266.200000000,-15.700000000,-13.040000000,-9.000000000,11.100000000,19.468062827,65.700000000,90.000000000,108.300000000,0.600000000,0.600000000,0.600000000,26.500000000,31.322513089,86.350000000,110.190000000,128.000000000,-0.000000000,-0.000000000,0.000000000,9.800000000,11.854450262,26.100000000,28.140000000,29.600000000,2.000000000,2.000000000,2.000000000,2.000000000,2.085863874,2.400000000,4.220000000,4.800000000
198,123,60.200000000,61.166000000,61.400000000,101.600000000,145.970731707,251.950000000,274.158000000,292.600000000,46.000000000,46.000000000,46.000000000,73.000000000,118.512195122,227.000000000,241.000000000,273.000000000,59.600000000,59.600000000,60.220000000,69.800000000,129.905691057,222.000000000,231.824000000,236.600000000,-4.100000000,-1.460000000,0.600000000,10.200000000,16.065040650,55.500000000,65.864000000,122.700000000,0.600000000,0.600000000,0.600000000,10.400000000,16.679674797,55.710000000,66.396000000,122.700000000,-0.000000000,-0.000000000,-0.000000000,0.000000000,0.614634146,3.000000000,7.892000000,8.400000000,2.000000000,2.000000000,2.000000000,2.000000000,2.000000000,2.000000000,2.000000000,2.000000000
199,290,60.200000000,61.400000000,64.775000000,199.000000000,167.248275862,258.290000000,299.438000000,341.600000000,46.000000000,46.000000000,47.000000000,185.000000000,151.393103448,250.000000000,275.000000000,284.000000000,59.600000000,60.400000000,60.890000000,198.400000000,153.155862069,226.420000000,246.088000000,248.800000000,-7.500000000,-6.166000000,-0.355000000,2.400000000,14.092413793,55.980000000,95.842000000,120.800000000,0.300000000,0.300000000,0.400000000,3.400000000,17.020000000,60.435000000,92.718000000,120.800000000,-6.600000000,-0.000000000,-0.000000000,0.800000000,2.927586207,12.930000000,15.822000000,17.200000000,2.000000000,2.000000000,2.000000000,2.000000000,2.000000000,2.000000000,2.000000000,2.000000000
200,125,60.200000000,61.172000000,61.400000000,214.200000000,158.590400000,252.460000000,266.452000000,310.200000000,46.000000000,46.000000000,47.000000000,189.000000000,132.808000000,232.000000000,241.000000000,241.000000000,59.600000000,60.248000000,60.400000000,212.200000000,143.264000000,222.000000000,230.552000000,236.600000000,-0.100000000,0.220000000,0.600000000,4.600000000,15.326400000,50.300000000,91.664000000,106.200000000,0.600000000,0.600000000,0.600000000,4.600000000,15.700800000,50.300000000,93.944000000,108.800000000,-0.000000000,-0.000000000,-0.000000000,0.000000000,0.374400000,1.920000000,2.904000000,3.200000000,2.000000000,2.000000000,2.000000000,2.000000000,2.000000000,2.000000000,2.000000000,2.000000000
201,239,60.200000000,61.400000000,62.290000000,157.900000000,163.937656904,256.630000000,283.694000000,310.700000000,46.000000000,46.000000000,47.000000000,171.000000000,149.652719665,235.000000000,276.000000000,284.000000000,59.600000000,59.800000000,60.800000000,159.600000000,149.869456067,232.800000000,242.268000000,247.600000000,-6.800000000,-5.872000000,-3.110000000,4.400000000,14.068200837,51.330000000,81.130000000,90.900000000,0.500000000,0.500000000,0.500000000,9.800000000,17.010460251,53.100000000,81.282000000,97.700000000,-6.600000000,-0.000000000,0.000000000,1.400000000,2.942259414,9.800000000,11.000000000,11.400000000,2.000000000,2.000000000,2.000000000,2.000000000,2.101255230,2.420000000,4.724000000,5.400000000
202,194,61.100000000,61.100000000,61.400000000,210.300000000,177.852577320,271.810000000,298.543000000,312.900000000,46.000000000,46.000000000,46.650000000,196.000000000,158.005154639,250.000000000,279.210000000,282.000000000,59.600000000,59.600000000,60.400000000,200.900000000,159.403092784,222.140000000,232.508000000,236.600000000,-1.400000000,-0.249000000,0.400000000,11.200000000,18.449484536,56.270000000,91.962000000,104.700000000,0.300000000,0.300000000,0.600000000,12.400000000,19.221649485,56.680000000,95.496000000,104.700000000,-0.000000000,-0.000000000,-0.000000000,0.100000000,0.772164948,3.000000000,4.056000000,5.200000000,2.000000000,2.000000000,2.000000000,2.000000000,2.000000000,2.000000000,2.000000000,2.000000000
203,164,61.400000000,61.463000000,65.415000000,126.050000000,163.837804878,271.395000000,300.068000000,344.600000000,46.000000000,46.630000000,47.000000000,80.000000000,131.304878049,232.000000000,237.220000000,269.000000000,59.600000000,60.400000000,60.400000000,75.200000000,138.402439024,222.800000000,235.592000000,240.400000000,-4.000000000,-1.262000000,0.600000000,22.750000000,25.435365854,64.725000000,88.974000000,136.800000000,0.500000000,0.600000000,0.700000000,23.300000000,26.807317073,63.310000000,90.610000000,124.000000000,-14.200000000,-14.074000000,-0.000000000,1.000000000,1.371951220,7.400000000,8.696000000,10.600000000,2.000000000,2.000000000,2.000000000,2.000000000,2.000000000,2.000000000,2.000000000,2.000000000
204,212,60.200000000,60.299000000,61.400000000,206.550000000,185.433962264,279.150000000,314.272000000,349.400000000,46.000000000,46.000000000,47.000000000,200.000000000,170.754716981,242.350000000,275.890000000,278.000000000,59.600000000,60.200000000,60.800000000,199.800000000,166.559433962,232.000000000,236.778000000,238.200000000,-3.100000000,-1.389000000,-0.045000000,9.750000000,18.874528302,76.610000000,109.532000000,118.100000000,0.500000000,0.500000000,0.600000000,11.050000000,20.344339623,76.700000000,109.983000000,119.700000000,-0.000000000,-0.000000000,0.000000000,0.700000000,1.469811321,7.200000000,8.578000000,8.800000000,2.000000000,2.000000000,2.000000000,2.000000000,2.000000000,2.000000000,2.000000000,2.000000000
205,340,61.400000000,61.400000000,73.755000000,201.400000000,195.559705882,298.550000000,336.310000000,354.900000000,46.000000000,47.000000000,49.850000000,199.000000000,180.438235294,275.000000000,278.610000000,327.000000000,59.600000000,60.400000000,60.800000000,198.800000000,174.687647059,234.410000000,239.644000000,242.000000000,-2.600000000,-0.961000000,0.195000000,5.300000000,20.872058824,80.225000000,121.944000000,135.400000000,0.300000000,0.300000000,0.400000000,6.400000000,22.029705882,80.865000000,119.736000000,135.800000000,-14.200000000,-13.922000000,-0.000000000,0.400000000,1.157647059,6.800000000,8.122000000,10.600000000,2.000000000,2.000000000,2.000000000,2.000000000,2.000000000,2.000000000,2.000000000,2.000000000
206,195,60.300000000,61.400000000,61.400000000,163.800000000,175.205641026,279.730000000,309.368000000,323.400000000,46.000000000,46.000000000,47.000000000,197.000000000,173.594871795,273.600000000,286.580000000,327.000000000,59.600000000,59.800000000,60.680000000,160.200000000,162.473846154,232.600000000,238.800000000,239.200000000,-4.100000000,-2.912000000,-1.330000000,3.800000000,12.731794872,56.950000000,94.772000000,125.000000000,0.500000000,0.500000000,0.500000000,5.900000000,14.087692308,57.980000000,96.844000000,125.000000000,-0.000000000,-0.000000000,0.000000000,0.600000000,1.355897436,5.060000000,8.436000000,10.800000000,2.000000000,2.000000000,2.000000000,2.000000000,2.000000000,2.000000000,2.000000000,2.000000000
207,229,60.200000000,61.400000000,65.020000000,206.500000000,191.164628821,279.860000000,314.500000000,329.200000000,46.000000000,46.000000000,47.000000000,199.000000000,171.131004367,275.000000000,276.000000000,278.000000000,59.600000000,60.112000000,60.800000000,206.200000000,172.325764192,245.640000000,250.640000000,253.600000000,-9.400000000,-2.104000000,0.300000000,5.400000000,18.838864629,65.260000000,90.800000000,111.200000000,0.300000000,0.300000000,0.340000000,11.400000000,22.727074236,69.120000000,98.980000000,111.800000000,-14.200000000,-14.032000000,-0.000000000,0.800000000,3.888209607,14.600000000,16.576000000,17.000000000,2.000000000,2.000000000,2.000000000,2.000000000,2.000000000,2.000000000,2.000000000,2.000000000
208,204,60.200000000,60.200000000,61.400000000,185.650000000,176.143137255,287.600000000,335.960000000,361.700000000,46.000000000,46.000000000,47.000000000,189.000000000,162.441176471,234.550000000,273.000000000,276.000000000,59.600000000,59.600000000,60.800000000,182.300000000,162.480392157,232.000000000,237.182000000,239.200000000,-7.900000000,-6.376000000,-3.370000000,2.550000000,13.662745098,75.180000000,115.159000000,146.300000000,0.500000000,0.500000000,0.600000000,4.850000000,15.732352941,75.790000000,118.366000000,148.700000000,-0.000000000,-0.000000000,-0.000000000,0.600000000,2.069607843,8.000000000,8.800000000,10.000000000,2.000000000,2.000000000,2.000000000,2.000000000,2.000000000,2.000000000,2.000000000,2.000000000
209,282,60.200000000,61.100000000,64.500000000,172.500000000,177.365602837,274.645000000,300.675000000,322.800000000,46.000000000,46.810000000,47.000000000,194.000000000,169.695035461,274.900000000,279.000000000,282.000000000,59.600000000,60.400000000,60.800000000,168.300000000,164.768085106,236.390000000,241.238000000,244.200000000,-7.500000000,-5.376000000,-3.095000000,2.300000000,12.597517730,58.975000000,95.284000000,105.000000000,0.500000000,0.500000000,0.500000000,4.150000000,15.343617021,66.235000000,99.800000000,105.000000000,-6.600000000,-0.000000000,0.000000000,1.100000000,2.746099291,9.790000000,11.676000000,14.600000000,2.000000000,2.000000000,2.000000000,2.000000000,2.088652482,2.000000000,4.438000000,5.000000000
210,120,60.200000000,60.200000000,61.385000000,157.950000000,150.673333333,262.740000000,280.292000000,296.900000000,46.000000000,46.000000000,47.000000000,171.000000000,138.750000000,225.000000000,234.430000000,273.000000000,59.600000000,59.600000000,60.400000000,157.400000000,141.530000000,232.000000000,236.600000000,237.800000000,-5.600000000,-0.362000000,0.490000000,1.750000000,9.143333333,32.485000000,63.148000000,77.100000000,0.500000000,0.500000000,0.500000000,2.750000000,9.938333333,35.955000000,65.082000000,79.300000000,-0.000000000,-0.000000000,-0.000000000,0.000000000,0.795000000,3.030000000,9.716000000,10.600000000,2.000000000,2.000000000,2.000000000,2.000000000,2.000000000,2.000000000,2.000000000,2.000000000
211,341,60.300000000,61.400000000,65.800000000,206.500000000,174.673313783,262.600000000,310.800000000,386.400000000,46.000000000,47.000000000,50.000000000,199.000000000,175.692082111,275.000000000,277.200000000,345.000000000,59.600000000,59.800000000,60.800000000,199.200000000,161.977126100,222.000000000,242.080000000,244.000000000,-6.300000000,-4.460000000,-0.200000000,1.900000000,12.696187683,56.400000000,100.200000000,143.000000000,0.300000000,0.300000000,0.300000000,2.700000000,14.343108504,59.700000000,100.800000000,149.800000000,-6.600000000,-0.000000000,-0.000000000,0.400000000,1.646920821,8.800000000,10.760000000,12.000000000,2.000000000,2.000000000,2.000000000,2.000000000,2.000000000,2.000000000,2.000000000,2.000000000
212,81,60.200000000,60.200000000,61.400000000,65.800000000,109.820987654,247.500000000,275.160000000,325.400000000,46.000000000,46.000000000,46.000000000,47.000000000,86.543209877,204.000000000,276.600000000,279.000000000,59.600000000,59.600000000,59.600000000,61.400000000,97.019753086,222.000000000,232.000000000,232.000000000,-0.400000000,-0.080000000,0.400000000,0.900000000,12.801234568,40.200000000,117.940000000,136.900000000,0.600000000,0.600000000,0.600000000,1.000000000,13.043209877,40.200000000,118.180000000,138.100000000,-0.000000000,-0.000000000,-0.000000000,0.000000000,0.241975309,1.200000000,1.560000000,2.200000000,2.000000000,2.000000000,2.000000000,2.000000000,2.000000000,2.000000000,2.000000000,2.000000000
213,243,60.200000000,61.400000000,61.570000000,157.900000000,147.655555556,240.170000000,297.856000000,415.600000000,46.000000000,46.000000000,47.000000000,146.000000000,134.341563786,250.000000000,275.000000000,276.000000000,60.400000000,60.568000000,60.800000000,157.400000000,136.131687243,221.680000000,240.064000000,245.200000000,-5.700000000,-4.600000000,0.010000000,2.200000000,11.523868313,43.490000000,77.130000000,183.200000000,0.300000000,0.300000000,0.400000000,3.200000000,14.297530864,49.920000000,78.390000000,184.400000000,-0.000000000,-0.000000000,-0.000000000,0.600000000,2.773662551,10.380000000,12.064000000,13.400000000,2.000000000,2.000000000,2.000000000,2.000000000,2.000000000,2.000000000,2.000000000,2.000000000
214,145,60.200000000,60.652000000,61.400000000,88.200000000,134.651724138,232.540000000,279.504000000,297.200000000,46.000000000,46.000000000,47.000000000,79.000000000,123.503448276,250.000000000,275.560000000,277.000000000,59.600000000,59.600000000,59.920000000,65.000000000,124.328275862,220.920000000,232.600000000,237.800000000,-4.100000000,-3.812000000,-2.660000000,0.900000000,10.323448276,48.800000000,85.308000000,136.900000000,0.300000000,0.344000000,0.600000000,4.100000000,12.381379310,49.040000000,86.284000000,137.100000000,-0.000000000,-0.000000000,-0.000000000,0.200000000,2.057931034,11.920000000,14.224000000,14.800000000,2.000000000,2.000000000,2.000000000,2.000000000,2.166896552,3.320000000,5.624000000,6.200000000
215,147,60.300000000,61.400000000,61.400000000,109.800000000,129.814285714,298.040000000,331.660000000,401.700000000,46.000000000,46.000000000,46.000000000,54.000000000,83.176870748,225.000000000,276.000000000,276.000000000,59.600000000,60.076000000,60.800000000,85.400000000,105.989115646,261.760000000,271.500000000,274.000000000,-26.000000000,-18.362000000,-11.740000000,20.300000000,23.825170068,63.010000000,133.954000000,181.500000000,0.600000000,0.600000000,0.600000000,41.400000000,42.538095238,91.170000000,156.242000000,188.700000000,-0.000000000,0.000000000,0.000000000,21.000000000,18.712925170,34.220000000,36.464000000,37.400000000,2.000000000,2.000000000,2.000000000,2.000000000,2.000000000,2.000000000,2.000000000,2.000000000
216,213,60.200000000,60.308000000,61.400000000,199.000000000,167.478873239,258.540000000,314.992000000,327.200000000,46.000000000,46.000000000,46.600000000,194.000000000,156.469483568,235.000000000,235.000000000,275.000000000,59.600000000,59.600000000,60.400000000,198.400000000,156.655399061,217.960000000,232.176000000,252.600000000,-13.600000000,-4.656000000,-0.760000000,3.000000000,10.823474178,56.040000000,97.392000000,112.700000000,0.600000000,0.600000000,0.600000000,4.000000000,12.288262911,56.740000000,98.276000000,112.700000000,-0.000000000,-0.000000000,0.000000000,0.400000000,1.464788732,6.160000000,13.888000000,20.200000000,2.000000000,2.000000000,2.000000000,2.000000000,2.000000000,2.000000000,2.000000000,2.000000000
217,170,60.200000000,61.307000000,61.400000000,131.400000000,162.646470588,291.120000000,326.053000000,337.700000000,46.000000000,46.000000000,46.450000000,78.000000000,118.352941176,275.550000000,276.000000000,276.000000000,60.400000000,60.800000000,60.800000000,94.200000000,138.764705882,258.310000000,264.984000000,270.400000000,-24.800000000,-21.696000000,-2.095000000,20.500000000,23.881764706,69.730000000,86.412000000,99.000000000,0.600000000,0.600000000,0.645000000,38.050000000,40.658235294,90.335000000,113.417000000,132.000000000,-6.600000000,-0.000000000,0.000000000,20.800000000,16.776470588,32.910000000,34.248000000,35.600000000,2.000000000,2.000000000,2.000000000,2.000000000,2.000000000,2.000000000,2.000000000,2.000000000
218,98,60.200000000,60.200000000,61.100000000,80.200000000,101.286734694,261.405000000,272.894000000,340.600000000,46.000000000,46.000000000,46.000000000,54.000000000,76.000000000,225.000000000,273.060000000,275.000000000,59.600000000,59.600000000,59.600000000,62.900000000,84.540816327,232.060000000,238.466000000,260.000000000,-12.700000000,-9.790000000,-1.730000000,8.950000000,16.745918367,50.225000000,116.627000000,127.200000000,0.600000000,0.600000000,0.600000000,10.250000000,19.345918367,59.120000000,127.783000000,133.700000000,-0.000000000,-0.000000000,-0.000000000,0.100000000,2.600000000,17.670000000,24.460000000,26.400000000,2.000000000,2.000000000,2.000000000,2.000000000,2.000000000,2.000000000,2.000000000,2.000000000
219,225,61.100000000,61.400000000,65.000000000,162.500000000,169.411555556,295.220000000,318.516000000,341.100000000,46.000000000,46.000000000,46.000000000,146.000000000,135.684444444,275.000000000,277.520000000,278.000000000,59.600000000,59.600000000,60.800000000,160.200000000,143.915555556,244.680000000,250.960000000,259.800000000,-14.400000000,-6.080000000,-1.580000000,18.100000000,25.496000000,75.280000000,105.676000000,166.000000000,0.500000000,0.600000000,0.700000000,28.600000000,32.017777778,84.200000000,114.836000000,181.600000000,-14.200000000,-14.200000000,-5.280000000,6.000000000,6.521777778,20.000000000,22.408000000,27.800000000,2.000000000,2.000000000,2.000000000,2.000000000,2.073777778,2.160000000,4.152000000,4.800000000
220,203,61.100000000,61.100000000,61.400000000,160.800000000,161.399507389,258.640000000,299.190000000,325.400000000,46.000000000,46.000000000,46.100000000,171.000000000,146.467980296,251.000000000,276.980000000,279.000000000,59.600000000,59.812000000,60.400000000,158.600000000,147.600000000,221.940000000,232.392000000,236.800000000,-2.200000000,-1.400000000,0.300000000,4.000000000,13.799507389,51.830000000,77.078000000,113.200000000,0.300000000,0.300000000,0.400000000,4.600000000,14.806403941,53.080000000,81.450000000,113.200000000,-0.000000000,-0.000000000,-0.000000000,0.200000000,1.006896552,5.660000000,9.184000000,9.800000000,2.000000000,2.000000000,2.000000000,2.000000000,2.000000000,2.000000000,2.000000000,2.000000000
221,237,60.200000000,61.208000000,65.380000000,209.400000000,184.673839662,321.180000000,344.124000000,401.900000000,46.000000000,46.000000000,47.000000000,190.000000000,144.029535865,251.000000000,276.000000000,276.000000000,59.600000000,59.600000000,60.800000000,207.000000000,151.848945148,245.320000000,254.800000000,256.200000000,-10.600000000,-5.224000000,0.080000000,28.700000000,32.824894515,87.760000000,128.556000000,190.300000000,0.400000000,0.600000000,0.700000000,31.500000000,40.287341772,101.160000000,125.512000000,176.700000000,-14.200000000,-14.200000000,-7.240000000,7.600000000,7.462447257,20.120000000,22.912000000,28.400000000,2.000000000,2.000000000,2.000000000,2.000000000,2.202531646,3.280000000,7.056000000,8.000000000
222,197,61.100000000,61.100000000,61.400000000,160.500000000,153.507614213,256.760000000,310.428000000,350.900000000,46.000000000,46.000000000,46.000000000,146.000000000,132.532994924,232.000000000,249.120000000,276.000000000,59.600000000,59.600000000,60.400000000,160.600000000,138.314720812,222.000000000,234.472000000,253.800000000,-6.100000000,-3.908000000,-1.160000000,4.600000000,15.192893401,60.280000000,81.908000000,133.300000000,0.500000000,0.500000000,0.600000000,6.700000000,17.625380711,68.500000000,100.124000000,133.300000000,-12.800000000,-0.000000000,-0.000000000,0.800000000,2.432487310,11.600000000,18.208000000,18.600000000,2.000000000,2.000000000,2.000000000,2.000000000,2.000000000,2.000000000,2.000000000,2.000000000
223,194,61.400000000,61.400000000,68.330000000,214.750000000,187.865463918,306.970000000,338.870000000,351.700000000,46.000000000,46.000000000,47.000000000,189.000000000,139.170103093,273.000000000,276.000000000,276.000000000,59.600000000,59.600000000,60.800000000,206.700000000,151.474226804,245.670000000,255.270000000,260.600000000,-17.400000000,-4.534000000,0.700000000,32.000000000,36.391237113,88.790000000,106.311000000,115.100000000,0.600000000,0.600000000,0.865000000,41.050000000,44.132474227,92.940000000,115.106000000,132.300000000,-14.200000000,-14.000000000,-6.600000000,6.800000000,7.741237113,21.000000000,21.954000000,24.000000000,2.000000000,2.000000000,2.000000000,2.000000000,2.000000000,2.000000000,2.000000000,2.000000000
224,233,61.100000000,61.400000000,61.400000000,206.600000000,187.399141631,283.060000000,372.540000000,434.600000000,46.000000000,46.000000000,47.000000000,196.000000000,166.248927039,251.000000000,279.000000000,282.000000000,59.600000000,59.928000000,60.800000000,206.200000000,166.486695279,222.000000000,224.480000000,231.200000000,-2.200000000,-1.172000000,0.300000000,5.800000000,20.912446352,79.820000000,152.568000000,210.800000000,0.300000000,0.300000000,0.300000000,6.700000000,21.741630901,80.720000000,154.940000000,217.000000000,-0.000000000,-0.000000000,-0.000000000,0.200000000,0.829184549,3.000000000,7.344000000,8.800000000,2.000000000,2.000000000,2.000000000,2.000000000,2.000000000,2.000000000,2.000000000,2.000000000
225,339,60.200000000,61.100000000,65.880000000,161.300000000,168.033333333,264.380000000,309.140000000,329.900000000,46.000000000,46.000000000,47.000000000,196.000000000,163.466076696,251.000000000,275.000000000,285.000000000,59.600000000,59.800000000,60.780000000,158.200000000,152.289085546,222.000000000,234.744000000,243.000000000,-2.900000000,-1.148000000,0.090000000,5.500000000,15.744247788,58.330000000,102.216000000,125.700000000,0.300000000,0.300000000,0.400000000,6.400000000,16.641002950,59.650000000,98.258000000,125.700000000,-13.200000000,-11.724000000,-0.000000000,0.400000000,0.896755162,5.200000000,7.800000000,9.400000000,2.000000000,2.000000000,2.000000000,2.000000000,2.000000000,2.000000000,2.000000000,2.000000000
226,281,61.400000000,62.200000000,70.600000000,201.200000000,188.671530249,298.700000000,336.640000000,361.900000000,46.000000000,46.000000000,47.000000000,197.000000000,175.384341637,241.000000000,273.400000000,276.000000000,59.800000000,60.200000000,60.800000000,198.600000000,168.612811388,221.000000000,232.800000000,239.200000000,-5.100000000,-3.000000000,-1.300000000,7.300000000,20.058718861,85.700000000,121.340000000,142.100000000,0.500000000,0.500000000,0.500000000,9.100000000,21.748398577,88.100000000,120.240000000,148.900000000,-13.800000000,-0.000000000,-0.000000000,1.200000000,1.689679715,5.200000000,7.640000000,8.200000000,2.000000000,2.000000000,2.000000000,2.000000000,2.000000000,2.000000000,2.000000000,2.000000000
227,282,60.200000000,61.400000000,72.545000000,202.000000000,189.502482270,271.315000000,316.289000000,349.700000000,46.000000000,46.000000000,47.000000000,196.000000000,175.471631206,275.000000000,276.380000000,327.000000000,59.600000000,59.800000000,60.800000000,203.800000000,173.263120567,236.140000000,240.742000000,248.000000000,-12.700000000,-8.952000000,-4.995000000,7.300000000,16.239361702,59.585000000,100.614000000,127.900000000,0.500000000,0.581000000,0.700000000,13.600000000,20.797517730,60.475000000,104.347000000,136.700000000,-14.200000000,-13.600000000,-0.000000000,4.800000000,4.558156028,11.590000000,12.876000000,13.800000000,2.000000000,2.000000000,2.000000000,2.000000000,2.000000000,2.000000000,2.000000000,2.000000000
228,275,60.200000000,61.100000000,67.800000000,162.500000000,180.445818182,273.830000000,312.870000000,336.700000000,46.000000000,46.000000000,47.000000000,200.000000000,186.850909091,248.000000000,254.500000000,276.000000000,59.600000000,59.600000000,60.400000000,160.000000000,167.868363636,222.000000000,234.084000000,238.800000000,-5.500000000,-3.700000000,-1.500000000,2.700000000,12.577454545,55.300000000,95.426000000,115.900000000,0.500000000,0.500000000,0.500000000,3.900000000,14.389818182,63.600000000,99.722000000,123.700000000,-0.000000000,-0.000000000,-0.000000000,0.800000000,1.812363636,7.000000000,8.104000000,9.600000000,2.000000000,2.000000000,2.000000000,2.000000000,2.000000000,2.000000000,2.000000000,2.000000000
229,201,61.100000000,61.500000000,72.000000000,222.800000000,204.361194030,272.700000000,297.600000000,331.300000000,46.000000000,47.000000000,47.000000000,218.000000000,199.855721393,276.000000000,278.000000000,279.000000000,59.600000000,60.400000000,61.800000000,217.000000000,189.387064677,236.600000000,238.600000000,240.400000000,-1.900000000,-1.000000000,-0.200000000,6.900000000,14.974129353,47.700000000,77.500000000,110.500000000,0.500000000,0.500000000,0.600000000,8.300000000,16.157213930,49.100000000,84.600000000,118.300000000,-6.600000000,-0.000000000,-0.000000000,0.600000000,1.183084577,4.600000000,9.400000000,10.600000000,2.000000000,2.000000000,2.000000000,2.000000000,2.000000000,2.000000000,2.000000000,2.000000000
230,297,61.100000000,61.400000000,80.320000000,206.600000000,199.926936027,286.700000000,315.012000000,358.600000000,46.000000000,46.000000000,50.000000000,199.000000000,190.606060606,251.000000000,276.120000000,327.000000000,59.600000000,59.792000000,60.800000000,202.800000000,181.552188552,232.000000000,237.224000000,238.800000000,-3.900000000,-3.604000000,-1.460000000,5.700000000,18.374747475,71.520000000,99.628000000,134.200000000,0.300000000,0.300000000,0.400000000,7.300000000,19.757912458,72.480000000,102.780000000,141.000000000,-0.000000000,-0.000000000,-0.000000000,0.400000000,1.383164983,5.680000000,7.600000000,9.800000000,2.000000000,2.000000000,2.000000000,2.000000000,2.000000000,2.000000000,2.000000000,2.000000000
231,274,60.200000000,61.319000000,71.715000000,216.950000000,207.691605839,275.075000000,324.136000000,356.700000000,46.000000000,47.000000000,53.000000000,210.000000000,196.686131387,275.000000000,278.270000000,285.000000000,59.600000000,59.946000000,61.790000000,211.200000000,191.745255474,235.140000000,239.508000000,241.000000000,-10.400000000,-7.427000000,-3.405000000,7.550000000,15.946350365,58.230000000,107.976000000,137.700000000,0.400000000,0.573000000,0.600000000,11.800000000,19.018613139,59.870000000,108.706000000,139.100000000,-6.600000000,-5.870000000,-0.000000000,1.600000000,3.072262774,11.940000000,13.600000000,14.000000000,2.000000000,2.000000000,2.000000000,2.000000000,2.000000000,2.000000000,2.000000000,2.000000000
232,137,60.200000000,60.588000000,61.400000000,169.700000000,174.670802920,259.900000000,320.244000000,375.600000000,46.000000000,46.000000000,47.000000000,194.000000000,157.386861314,241.000000000,276.000000000,327.000000000,59.600000000,59.600000000,60.400000000,164.000000000,162.259854015,232.480000000,238.296000000,238.800000000,-5.500000000,-3.304000000,-0.780000000,4.600000000,12.410948905,39.320000000,113.340000000,161.400000000,0.500000000,0.600000000,0.600000000,6.000000000,14.057664234,39.720000000,118.124000000,162.600000000,-0.000000000,-0.000000000,-0.000000000,0.600000000,1.646715328,6.800000000,7.656000000,8.400000000,2.000000000,2.000000000,2.000000000,2.000000000,2.000000000,2.000000000,2.000000000,2.000000000
233,230,60.200000000,60.619000000,64.500000000,163.700000000,170.904347826,274.585000000,301.256000000,361.900000000,46.000000000,46.000000000,47.000000000,185.000000000,161.934782609,272.300000000,276.000000000,278.000000000,59.600000000,59.600000000,60.800000000,164.800000000,157.019130435,233.600000000,237.342000000,240.600000000,-9.200000000,-6.694000000,-2.665000000,4.000000000,13.885217391,54.180000000,88.476000000,143.700000000,0.500000000,0.500000000,0.600000000,6.500000000,16.287826087,54.785000000,85.294000000,144.300000000,-6.600000000,-4.686000000,-0.000000000,1.400000000,2.402608696,8.110000000,9.800000000,11.000000000,2.000000000,2.000000000,2.000000000,2.000000000,2.000000000,2.000000000,2.000000000,2.000000000
234,292,60.200000000,61.100000000,61.400000000,201.200000000,179.535616438,283.170000000,337.244000000,418.900000000,46.000000000,46.000000000,47.000000000,196.000000000,173.592465753,251.000000000,275.000000000,275.000000000,59.600000000,59.782000000,60.800000000,198.400000000,168.046575342,216.610000000,224.400000000,236.600000000,-2.200000000,-0.636000000,0.100000000,2.200000000,11.489041096,64.640000000,122.044000000,200.500000000,0.300000000,0.300000000,0.300000000,2.800000000,12.065068493,66.335000000,125.044000000,201.300000000,-0.000000000,-0.000000000,-0.000000000,0.000000000,0.576027397,3.000000000,6.800000000,7.400000000,2.000000000,2.000000000,2.000000000,2.000000000,2.000000000,2.000000000,2.000000000,2.000000000
235,258,60.200000000,61.100000000,63.285000000,206.500000000,176.981782946,257.135000000,300.438000000,317.600000000,46.000000000,46.000000000,47.000000000,199.000000000,170.875968992,275.000000000,275.000000000,275.000000000,59.600000000,59.800000000,60.400000000,200.000000000,164.306201550,217.600000000,221.344000000,225.600000000,-2.100000000,-0.600000000,0.185000000,2.200000000,12.675581395,50.820000000,86.303000000,101.100000000,0.300000000,0.300000000,0.300000000,2.900000000,13.706589147,54.510000000,88.238000000,102.500000000,-0.000000000,-0.000000000,-0.000000000,0.400000000,1.031007752,5.200000000,7.886000000,8.800000000,2.000000000,2.000000000,2.000000000,2.000000000,2.000000000,2.000000000,2.000000000,2.000000000
236,269,60.300000000,61.100000000,61.400000000,163.100000000,167.434944238,250.140000000,300.900000000,313.900000000,46.000000000,46.000000000,47.000000000,185.000000000,164.665427509,248.000000000,258.680000000,275.000000000,59.600000000,59.736000000,60.400000000,161.400000000,158.086245353,218.560000000,224.400000000,226.200000000,-5.100000000,-3.748000000,-1.220000000,1.500000000,9.348698885,49.780000000,84.824000000,87.700000000,0.300000000,0.300000000,0.400000000,3.100000000,10.866171004,52.180000000,85.856000000,96.300000000,-0.000000000,-0.000000000,-0.000000000,0.800000000,1.517472119,5.920000000,7.400000000,8.600000000,2.000000000,2.000000000,2.000000000,2.000000000,2.000000000,2.000000000,2.000000000,2.000000000
237,119,60.200000000,61.100000000,61.400000000,99.200000000,148.521848739,266.380000000,279.634000000,293.300000000,46.000000000,46.000000000,46.000000000,77.000000000,121.436974790,232.000000000,269.700000000,276.000000000,59.600000000,59.600000000,60.340000000,72.600000000,132.596638655,239.420000000,243.604000000,245.000000000,-1.800000000,-0.900000000,0.600000000,11.800000000,15.925210084,47.540000000,58.744000000,81.100000000,0.600000000,0.600000000,0.690000000,14.800000000,17.484873950,48.940000000,59.454000000,81.100000000,-0.000000000,-0.000000000,-0.000000000,0.000000000,1.559663866,7.660000000,10.240000000,12.200000000,2.000000000,2.000000000,2.000000000,2.000000000,2.000000000,2.000000000,2.000000000,2.000000000
238,76,60.200000000,60.200000000,61.325000000,213.350000000,156.363157895,247.500000000,255.825000000,266.400000000,46.000000000,46.000000000,46.000000000,190.000000000,129.750000000,202.750000000,241.000000000,241.000000000,59.600000000,59.600000000,59.750000000,212.200000000,144.289473684,218.400000000,219.600000000,222.000000000,-1.800000000,-1.800000000,0.000000000,4.600000000,12.073684211,37.075000000,42.775000000,53.200000000,0.600000000,0.600000000,0.700000000,4.700000000,12.360526316,37.600000000,43.425000000,53.400000000,-0.000000000,-0.000000000,-0.000000000,0.000000000,0.286842105,1.050000000,2.700000000,3.000000000,2.000000000,2.000000000,2.000000000,2.000000000,2.000000000,2.000000000,2.000000000,2.000000000
239,117,60.200000000,60.216000000,62.040000000,218.200000000,172.673504274,255.300000000,271.644000000,282.400000000,46.000000000,46.000000000,46.000000000,190.000000000,148.188034188,235.200000000,275.840000000,276.000000000,59.600000000,59.600000000,59.760000000,213.000000000,156.329914530,233.000000000,238.784000000,240.400000000,-0.100000000,-0.084000000,0.600000000,13.500000000,16.343589744,40.820000000,55.620000000,79.200000000,0.600000000,0.600000000,0.700000000,12.500000000,16.835897436,41.660000000,56.820000000,79.200000000,-6.600000000,-6.112000000,-0.000000000,0.000000000,0.492307692,2.840000000,3.800000000,4.200000000,2.000000000,2.000000000,2.000000000,2.000000000,2.000000000,2.000000000,2.000000000,2.000000000
240,72,60.200000000,60.839000000,61.100000000,217.600000000,181.276388889,252.480000000,297.877000000,305.900000000,46.000000000,46.000000000,46.000000000,190.000000000,153.069444444,209.050000000,242.160000000,245.000000000,59.600000000,59.600000000,59.600000000,213.000000000,168.555555556,219.470000000,228.648000000,236.600000000,-1.900000000,-0.835000000,0.555000000,4.550000000,12.720833333,37.770000000,78.251000000,86.700000000,0.600000000,0.671000000,0.700000000,4.600000000,13.398611111,40.280000000,83.543000000,88.300000000,-0.000000000,-0.000000000,-0.000000000,0.000000000,0.677777778,3.000000000,7.090000000,7.800000000,2.000000000,2.000000000,2.000000000,2.000000000,2.000000000,2.000000000,2.000000000,2.000000000
241,156,61.400000000,61.400000000,68.525000000,217.650000000,188.534615385,265.025000000,313.305000000,338.200000000,46.000000000,46.000000000,47.000000000,190.000000000,163.724358974,241.000000000,270.800000000,273.000000000,59.600000000,60.620000000,61.400000000,213.000000000,172.303846154,225.150000000,235.170000000,237.000000000,-6.700000000,-5.390000000,-2.950000000,7.350000000,16.230769231,54.750000000,99.685000000,125.200000000,0.500000000,0.600000000,0.700000000,13.000000000,19.156410256,58.275000000,99.775000000,125.200000000,-6.600000000,-5.140000000,-0.000000000,2.000000000,2.925641026,9.200000000,10.340000000,11.600000000,2.000000000,2.000000000,2.000000000,2.000000000,2.012820513,2.000000000,2.380000000,3.200000000
242,107,60.200000000,61.118000000,61.400000000,173.600000000,173.254205607,257.240000000,296.580000000,336.900000000,46.000000000,46.000000000,47.000000000,194.000000000,156.878504673,240.700000000,247.580000000,248.000000000,59.600000000,59.600000000,59.980000000,165.400000000,161.263551402,220.920000000,225.152000000,231.200000000,-6.300000000,-5.428000000,-0.250000000,4.300000000,11.990654206,40.840000000,83.292000000,115.500000000,0.600000000,0.600000000,0.600000000,7.300000000,13.970093458,44.480000000,83.394000000,119.300000000,-0.000000000,-0.000000000,-0.000000000,0.800000000,1.979439252,7.600000000,8.952000000,10.800000000,2.000000000,2.000000000,2.000000000,2.000000000,2.000000000,2.000000000,2.000000000,2.000000000
243,186,60.200000000,60.965000000,63.300000000,206.150000000,181.023118280,262.425000000,285.700000000,290.200000000,46.000000000,46.000000000,47.000000000,194.000000000,161.844086022,241.000000000,276.000000000,276.000000000,59.600000000,59.600000000,60.800000000,206.700000000,167.862365591,230.800000000,243.660000000,244.400000000,-11.300000000,-9.285000000,-6.450000000,4.150000000,13.160752688,51.725000000,77.355000000,99.200000000,0.500000000,0.500000000,0.625000000,9.550000000,17.534946237,54.650000000,79.440000000,101.200000000,-6.600000000,-5.920000000,-0.000000000,3.000000000,4.374193548,13.900000000,15.430000000,15.600000000,2.000000000,2.000000000,2.000000000,2.000000000,2.120430108,2.900000000,4.600000000,4.800000000
244,192,60.200000000,61.100000000,61.400000000,167.900000000,173.078645833,258.325000000,305.393000000,338.400000000,46.000000000,47.000000000,47.000000000,190.000000000,164.104166667,251.000000000,275.000000000,275.000000000,59.600000000,59.600000000,60.620000000,160.600000000,161.463541667,220.490000000,224.598000000,232.000000000,-6.400000000,-5.518000000,-1.100000000,2.200000000,11.615104167,55.930000000,85.773000000,125.400000000,0.300000000,0.300000000,0.400000000,3.050000000,12.991145833,56.700000000,91.979000000,126.200000000,-0.000000000,-0.000000000,-0.000000000,0.500000000,1.376041667,6.800000000,7.618000000,9.000000000,2.000000000,2.000000000,2.000000000,2.000000000,2.000000000,2.000000000,2.000000000,2.000000000
245,238,61.100000000,61.437000000,69.200000000,169.700000000,176.131512605,277.420000000,320.404000000,349.700000000,46.000000000,46.000000000,47.000000000,190.000000000,162.815126050,241.000000000,248.000000000,275.000000000,59.800000000,60.400000000,60.800000000,163.700000000,160.244537815,225.630000000,236.600000000,239.000000000,-12.200000000,-7.605000000,-3.215000000,6.650000000,15.886974790,53.195000000,99.532000000,134.500000000,0.500000000,0.500000000,0.600000000,10.300000000,19.144957983,55.955000000,102.804000000,137.500000000,-6.400000000,-6.000000000,-0.000000000,2.400000000,3.257983193,10.490000000,12.326000000,12.800000000,2.000000000,2.000000000,2.000000000,2.000000000,2.068907563,2.000000000,4.126000000,4.800000000
246,155,60.200000000,60.686000000,61.400000000,163.800000000,155.721935484,269.330000000,302.890000000,347.500000000,46.000000000,46.000000000,46.700000000,171.000000000,144.064516129,241.000000000,248.000000000,248.000000000,59.600000000,59.600000000,60.400000000,166.600000000,145.101935484,219.800000000,224.860000000,232.000000000,-15.900000000,-13.960000000,-7.990000000,2.400000000,10.620000000,54.990000000,96.692000000,131.300000000,0.500000000,0.500000000,0.600000000,8.500000000,15.452258065,57.200000000,100.916000000,134.500000000,-0.000000000,-0.000000000,-0.000000000,3.000000000,4.832258065,14.720000000,16.400000000,16.400000000,2.000000000,2.000000000,2.000000000,2.000000000,2.000000000,2.000000000,2.000000000,2.000000000
247,216,60.200000000,61.145000000,64.675000000,164.100000000,166.110648148,284.700000000,326.390000000,389.700000000,46.000000000,46.000000000,47.000000000,171.000000000,147.671296296,242.750000000,274.100000000,275.000000000,59.600000000,60.460000000,60.800000000,166.100000000,148.419444444,224.950000000,241.470000000,243.200000000,-12.900000000,-11.070000000,-6.925000000,5.300000000,17.691203704,59.975000000,111.865000000,174.500000000,0.500000000,0.500000000,0.600000000,12.900000000,23.531018519,67.700000000,113.165000000,177.500000000,-6.600000000,-0.000000000,0.000000000,5.800000000,5.839814815,12.850000000,13.600000000,14.000000000,2.000000000,2.000000000,2.000000000,2.000000000,2.054629630,2.400000000,3.000000000,3.600000000
248,94,60.200000000,60.293000000,61.465000000,164.100000000,166.990425532,243.075000000,250.254000000,252.300000000,46.000000000,46.000000000,46.650000000,180.000000000,155.457446809,241.000000000,248.000000000,248.000000000,59.600000000,59.600000000,60.400000000,165.300000000,161.025531915,219.150000000,224.932000000,232.000000000,-5.600000000,-5.507000000,-2.770000000,1.200000000,5.964893617,30.420000000,39.307000000,39.400000000,0.500000000,0.500000000,0.665000000,4.050000000,8.192553191,30.420000000,39.635000000,40.100000000,-0.000000000,-0.000000000,-0.000000000,0.300000000,2.227659574,8.600000000,9.428000000,9.800000000,2.000000000,2.000000000,2.000000000,2.000000000,2.019148936,2.000000000,2.642000000,3.200000000
249,172,61.100000000,61.313000000,64.710000000,215.700000000,177.161046512,258.145000000,285.730000000,315.900000000,46.000000000,46.000000000,46.550000000,196.000000000,154.819767442,251.000000000,276.000000000,278.000000000,59.600000000,59.742000000,60.800000000,212.800000000,160.704651163,233.400000000,239.716000000,243.000000000,-1.900000000,-1.161000000,0.600000000,8.550000000,16.456395349,46.705000000,76.106000000,93.500000000,0.400000000,0.600000000,0.800000000,15.500000000,19.950581395,50.625000000,77.952000000,98.300000000,-0.000000000,-0.000000000,-0.000000000,2.500000000,3.494186047,10.780000000,13.258000000,13.800000000,2.000000000,2.000000000,2.000000000,2.000000000,2.412790698,5.580000000,8.058000000,8.600000000
250,97,61.100000000,61.100000000,85.580000000,214.200000000,193.095876289,242.700000000,262.772000000,266.900000000,46.000000000,46.000000000,47.000000000,194.000000000,177.134020619,240.000000000,241.000000000,241.000000000,59.600000000,60.368000000,60.800000000,212.200000000,186.183505155,219.000000000,224.672000000,231.200000000,-5.600000000,-5.504000000,-2.300000000,1.200000000,6.912371134,32.500000000,50.368000000,68.800000000,0.500000000,0.500000000,0.700000000,3.200000000,8.992783505,32.500000000,50.368000000,68.800000000,-0.000000000,-0.000000000,-0.000000000,0.800000000,2.080412371,6.920000000,9.424000000,10.000000000,2.000000000,2.000000000,2.000000000,2.000000000,2.000000000,2.000000000,2.000000000,2.000000000
251,148,61.100000000,63.599000000,79.780000000,226.800000000,214.489864865,268.890000000,278.327000000,300.800000000,46.000000000,46.000000000,47.000000000,196.000000000,192.790540541,276.000000000,278.000000000,278.000000000,59.600000000,60.082000000,61.620000000,217.400000000,197.862162162,235.330000000,240.200000000,240.400000000,-5.500000000,-2.471000000,0.035000000,11.050000000,16.627702703,41.790000000,58.266000000,65.800000000,0.700000000,0.700000000,0.700000000,14.150000000,17.529054054,43.965000000,55.379000000,68.800000000,-13.200000000,-12.506000000,-0.000000000,0.200000000,0.901351351,4.200000000,7.012000000,12.800000000,2.000000000,2.000000000,2.000000000,2.000000000,2.000000000,2.000000000,2.000000000,2.000000000
252,75,61.100000000,61.322000000,63.810000000,218.900000000,205.942666667,252.300000000,278.586000000,279.400000000,46.000000000,46.740000000,47.000000000,194.000000000,180.560000000,241.000000000,256.060000000,279.000000000,59.600000000,60.192000000,60.800000000,213.000000000,190.746666667,220.040000000,225.796000000,236.600000000,-5.600000000,-2.862000000,0.100000000,9.600000000,15.196000000,36.820000000,52.776000000,58.400000000,0.600000000,0.674000000,0.700000000,10.400000000,15.476000000,40.100000000,53.660000000,61.800000000,-14.200000000,-14.200000000,-0.000000000,0.000000000,0.280000000,3.400000000,5.616000000,6.800000000,2.000000000,2.000000000,2.000000000,2.000000000,2.000000000,2.000000000,2.000000000,2.000000000
253,157,61.100000000,63.136000000,67.720000000,222.900000000,201.568789809,272.220000000,314.680000000,332.500000000,46.000000000,46.000000000,46.800000000,196.000000000,174.980891720,253.400000000,277.320000000,279.000000000,59.600000000,60.048000000,60.400000000,216.800000000,182.347770701,234.920000000,239.864000000,241.600000000,-6.000000000,-5.688000000,-2.400000000,15.500000000,19.221019108,57.860000000,85.384000000,108.100000000,0.600000000,0.656000000,0.780000000,17.500000000,21.042675159,57.000000000,86.560000000,114.900000000,-14.200000000,-13.800000000,-0.000000000,1.400000000,1.821656051,8.480000000,9.928000000,12.800000000,2.000000000,2.000000000,2.000000000,2.000000000,2.000000000,2.000000000,2.000000000,2.000000000
254,88,61.100000000,61.361000000,61.435000000,213.300000000,183.842045455,249.890000000,313.567000000,344.800000000,46.000000000,46.870000000,47.000000000,194.000000000,166.988636364,241.000000000,248.000000000,248.000000000,59.600000000,60.296000000,60.800000000,212.200000000,172.402272727,223.350000000,232.078000000,232.600000000,-6.300000000,-5.778000000,-1.900000000,4.600000000,11.439772727,33.690000000,93.155000000,131.000000000,0.500000000,0.500000000,0.600000000,5.450000000,13.135227273,33.865000000,96.565000000,131.800000000,-0.000000000,-0.000000000,-0.000000000,0.300000000,1.695454545,6.530000000,7.078000000,7.600000000,2.000000000,2.000000000,2.000000000,2.000000000,2.000000000,2.000000000,2.000000000,2.000000000
255,199,62.200000000,65.532000000,77.260000000,206.500000000,199.198492462,269.480000000,283.522000000,352.000000000,46.000000000,46.000000000,52.800000000,199.000000000,187.899497487,251.000000000,275.000000000,276.000000000,59.600000000,60.392000000,61.400000000,203.000000000,186.983919598,222.080000000,240.204000000,244.600000000,-4.000000000,-2.200000000,-0.620000000,2.000000000,12.214572864,53.700000000,84.722000000,133.200000000,0.300000000,0.300000000,0.400000000,3.200000000,13.340201005,54.780000000,85.126000000,134.400000000,-14.200000000,-13.404000000,-0.000000000,0.200000000,1.125628141,6.860000000,10.604000000,11.600000000,2.000000000,2.000000000,2.000000000,2.000000000,2.000000000,2.000000000,2.000000000,2.000000000
256,119,61.400000000,61.418000000,150.840000000,160.700000000,166.852100840,237.400000000,291.374000000,301.400000000,47.000000000,47.000000000,136.100000000,171.000000000,181.394957983,222.000000000,240.820000000,248.000000000,60.400000000,60.800000000,147.740000000,163.000000000,164.495798319,222.240000000,235.772000000,236.600000000,-12.700000000,-11.064000000,-8.200000000,0.600000000,2.356302521,13.040000000,67.056000000,89.200000000,0.500000000,0.500000000,0.500000000,3.100000000,6.759663866,17.000000000,74.602000000,89.200000000,-13.400000000,-0.000000000,-0.000000000,2.200000000,4.403361345,12.220000000,13.564000000,13.800000000,2.000000000,2.000000000,2.000000000,2.000000000,2.045378151,2.040000000,3.164000000,3.600000000
257,221,60.300000000,62.200000000,77.400000000,158.000000000,166.445248869,246.500000000,323.720000000,367.700000000,46.000000000,46.000000000,50.000000000,171.000000000,165.524886878,222.000000000,243.400000000,276.000000000,59.600000000,60.480000000,62.800000000,157.800000000,158.363800905,222.000000000,236.400000000,239.600000000,-5.300000000,-4.000000000,-1.100000000,0.600000000,8.081447964,48.200000000,112.900000000,147.100000000,0.500000000,0.500000000,0.500000000,2.700000000,9.642533937,49.300000000,117.140000000,150.100000000,-6.600000000,-0.000000000,-0.000000000,0.200000000,1.561085973,7.600000000,9.360000000,10.000000000,2.000000000,2.000000000,2.000000000,2.000000000,2.074208145,2.000000000,4.160000000,4.800000000
258,103,61.400000000,61.402000000,66.140000000,201.300000000,192.841747573,209.930000000,265.016000000,282.700000000,46.000000000,47.000000000,47.600000000,210.000000000,198.679611650,251.000000000,275.000000000,275.000000000,60.800000000,60.800000000,62.520000000,198.800000000,189.848543689,207.400000000,214.176000000,236.600000000,-0.300000000,0.006000000,0.300000000,0.700000000,2.993203883,7.240000000,31.940000000,69.700000000,0.300000000,0.300000000,0.310000000,0.700000000,3.249514563,7.600000000,33.116000000,69.700000000,-0.000000000,-0.000000000,-0.000000000,-0.000000000,0.256310680,1.200000000,1.592000000,2.200000000,2.000000000,2.000000000,2.000000000,2.000000000,2.000000000,2.000000000,2.000000000,2.000000000
259,59,61.500000000,61.906000000,68.050000000,221.300000000,186.598305085,281.550000000,304.252000000,330.700000000,46.000000000,46.000000000,46.000000000,193.000000000,150.355932203,275.000000000,276.000000000,276.000000000,60.800000000,61.148000000,61.400000000,212.200000000,163.322033898,237.600000000,240.228000000,242.200000000,-0.200000000,0.206000000,0.790000000,25.300000000,23.276271186,55.210000000,89.906000000,118.500000000,0.700000000,0.758000000,0.890000000,27.000000000,23.723728814,55.720000000,83.816000000,118.500000000,-14.200000000,-13.852000000,-13.600000000,0.000000000,0.447457627,7.860000000,10.136000000,10.600000000,2.000000000,2.000000000,2.000000000,2.000000000,2.000000000,2.000000000,2.000000000,2.000000000
260,4,73.600000000,77.818000000,94.690000000,216.550000000,186.025000000,234.625000000,236.845000000,237.400000000,53.000000000,57.110000000,73.550000000,193.000000000,166.000000000,220.650000000,224.130000000,225.000000000,72.600000000,76.812000000,93.660000000,215.300000000,184.950000000,233.750000000,236.030000000,236.600000000,0.800000000,0.806000000,0.830000000,1.100000000,1.075000000,1.285000000,1.297000000,1.300000000,0.800000000,0.806000000,0.830000000,1.100000000,1.075000000,1.285000000,1.297000000,1.300000000,0.000000000,0.000000000,0.000000000,0.000000000,0.000000000,0.000000000,0.000000000,0.000000000,2.000000000,2.000000000,2.000000000,2.000000000,2.000000000,2.000000000,2.000000000,2.000000000
261,49,68.900000000,70.532000000,79.800000000,232.700000000,204.765306122,283.820000000,310.080000000,320.400000000,46.000000000,46.480000000,48.600000000,190.000000000,161.367346939,272.600000000,275.520000000,276.000000000,61.400000000,62.072000000,65.240000000,214.000000000,176.020408163,232.640000000,236.224000000,239.200000000,-1.400000000,-0.920000000,0.340000000,27.700000000,28.744897959,73.100000000,93.104000000,106.400000000,0.600000000,0.648000000,0.940000000,28.900000000,28.459183673,68.980000000,94.352000000,106.400000000,-14.200000000,-14.008000000,-13.720000000,0.000000000,-0.285714286,2.720000000,5.184000000,7.200000000,2.000000000,2.000000000,2.000000000,2.000000000,2.000000000,2.000000000,2.000000000,2.000000000
262,52,61.500000000,61.500000000,76.845000000,163.100000000,170.201923077,254.700000000,288.754000000,311.500000000,47.000000000,47.000000000,47.000000000,171.000000000,161.846153846,200.000000000,210.780000000,222.000000000,60.800000000,60.800000000,60.800000000,163.400000000,163.746153846,216.250000000,224.792000000,225.200000000,-7.500000000,-6.480000000,-4.900000000,0.850000000,6.455769231,42.770000000,67.561000000,92.500000000,0.500000000,0.500000000,0.555000000,5.700000000,9.501923077,29.500000000,73.800000000,99.300000000,-14.200000000,-14.200000000,-13.870000000,5.300000000,3.046153846,8.690000000,9.098000000,9.200000000,2.000000000,2.000000000,2.000000000,2.000000000,2.000000000,2.000000000,2.000000000,2.000000000
263,74,68.900000000,72.842000000,108.720000000,221.700000000,219.621621622,264.220000000,287.455000000,321.400000000,46.000000000,48.920000000,66.000000000,199.000000000,201.229729730,251.000000000,251.000000000,251.000000000,61.400000000,61.546000000,72.600000000,213.000000000,203.524324324,220.340000000,225.200000000,225.200000000,0.400000000,0.765000000,1.265000000,6.300000000,16.097297297,55.345000000,74.525000000,109.200000000,0.400000000,0.765000000,1.265000000,13.850000000,17.648648649,43.080000000,71.313000000,109.200000000,-14.200000000,-14.200000000,-14.200000000,0.500000000,1.551351351,12.540000000,13.708000000,14.000000000,2.000000000,2.000000000,2.000000000,2.000000000,2.827027027,7.340000000,8.508000000,8.800000000
264,11,68.900000000,83.540000000,142.100000000,232.000000000,220.027272727,254.700000000,254.700000000,254.700000000,51.000000000,64.800000000,120.000000000,193.000000000,179.909090909,196.000000000,196.000000000,196.000000000,68.000000000,82.300000000,139.500000000,214.000000000,201.800000000,221.400000000,222.040000000,222.200000000,-0.200000000,-0.090000000,0.350000000,15.700000000,18.227272727,43.100000000,43.580000000,43.700000000,0.900000000,0.940000000,1.100000000,11.400000000,14.609090909,30.200000000,30.760000000,30.900000000,-14.200000000,-14.200000000,-14.200000000,0.000000000,-3.618181818,0.800000000,1.440000000,1.600000000,2.000000000,2.000000000,2.000000000,2.000000000,2.000000000,2.000000000,2.000000000,2.000000000
265,69,61.500000000,61.976000000,68.800000000,167.200000000,185.333333333,279.580000000,325.144000000,331.400000000,46.000000000,46.000000000,50.400000000,171.000000000,161.333333333,196.000000000,196.000000000,196.000000000,60.800000000,61.208000000,64.040000000,164.600000000,170.173913043,223.680000000,226.528000000,226.800000000,-5.300000000,-4.892000000,-3.560000000,4.200000000,15.159420290,65.580000000,109.456000000,110.000000000,0.500000000,0.500000000,0.500000000,9.200000000,16.585507246,57.420000000,109.712000000,110.800000000,-14.200000000,-14.200000000,-14.200000000,1.600000000,1.426086957,9.040000000,9.728000000,10.000000000,2.000000000,2.000000000,2.000000000,2.000000000,2.237681159,3.840000000,4.528000000,4.800000000
266,40,157.900000000,157.900000000,157.900000000,163.550000000,164.865000000,170.230000000,205.398000000,217.800000000,146.000000000,146.000000000,146.000000000,171.000000000,164.900000000,171.000000000,189.910000000,202.000000000,157.400000000,157.556000000,158.180000000,163.800000000,164.370000000,166.610000000,197.422000000,217.000000000,-7.100000000,-6.710000000,-5.530000000,1.400000000,0.495000000,3.420000000,18.928000000,28.600000000,0.500000000,0.500000000,0.500000000,6.050000000,5.975000000,12.000000000,22.126000000,28.600000000,-0.000000000,-0.000000000,0.380000000,6.100000000,5.480000000,8.820000000,9.322000000,9.400000000,2.000000000,2.000000000,2.000000000,2.000000000,2.115000000,2.810000000,3.244000000,3.400000000
267,19,215.300000000,215.300000000,215.300000000,240.500000000,239.289473684,267.250000000,274.810000000,276.700000000,189.000000000,189.000000000,189.000000000,202.000000000,198.526315789,205.000000000,205.000000000,205.000000000,212.000000000,212.180000000,212.900000000,217.400000000,217.978947368,223.200000000,226.080000000,226.800000000,0.000000000,0.126000000,0.630000000,23.100000000,21.310526316,54.350000000,62.630000000,64.700000000,0.700000000,0.700000000,0.700000000,23.100000000,20.952631579,51.670000000,52.894000000,53.200000000,-13.200000000,-10.824000000,-1.320000000,0.000000000,-0.357894737,1.060000000,1.492000000,1.600000000,2.000000000,2.000000000,2.000000000,2.000000000,2.000000000,2.000000000,2.000000000,2.000000000
268,50,157.900000000,157.900000000,157.900000000,161.000000000,163.048000000,172.510000000,172.902000000,173.000000000,146.000000000,146.000000000,146.000000000,171.000000000,164.500000000,171.000000000,171.000000000,171.000000000,157.400000000,157.400000000,157.400000000,161.400000000,161.568000000,166.710000000,167.204000000,167.400000000,-5.300000000,-5.006000000,-3.875000000,1.900000000,1.480000000,5.710000000,6.102000000,6.200000000,0.500000000,0.500000000,0.500000000,3.600000000,5.648000000,15.110000000,15.502000000,15.600000000,-0.000000000,-0.000000000,-0.000000000,4.000000000,4.168000000,9.310000000,9.804000000,10.000000000,2.000000000,2.000000000,2.000000000,2.000000000,2.328000000,4.110000000,4.604000000,4.800000000
269,60,157.900000000,157.900000000,157.900000000,163.900000000,174.698333333,226.865000000,246.100000000,246.100000000,146.000000000,146.000000000,146.000000000,171.000000000,171.800000000,202.150000000,214.430000000,228.000000000,157.400000000,157.400000000,157.400000000,162.800000000,172.016666667,217.450000000,222.000000000,222.000000000,-5.300000000,-4.946000000,-3.625000000,1.900000000,2.681666667,6.765000000,28.110000000,28.700000000,0.500000000,0.500000000,0.500000000,3.600000000,6.171666667,15.695000000,28.700000000,28.700000000,-0.000000000,-0.000000000,-0.000000000,2.800000000,3.490000000,9.210000000,9.764000000,10.000000000,2.000000000,2.000000000,2.000000000,2.000000000,2.273333333,4.010000000,4.564000000,4.800000000
271,7,217.700000000,217.754000000,217.970000000,222.900000000,221.700000000,223.740000000,224.028000000,224.100000000,202.000000000,202.000000000,202.000000000,205.000000000,203.714285714,205.000000000,205.000000000,205.000000000,217.000000000,217.024000000,217.120000000,222.000000000,220.028571429,222.000000000,222.000000000,222.000000000,0.700000000,0.706000000,0.730000000,0.900000000,1.671428571,4.960000000,6.352000000,6.700000000,0.700000000,0.706000000,0.730000000,0.900000000,1.671428571,4.960000000,6.352000000,6.700000000,-0.000000000,-0.000000000,-0.000000000,0.000000000,-0.000000000,0.000000000,0.000000000,0.000000000,2.000000000,2.000000000,2.000000000,2.000000000,2.000000000,2.000000000,2.000000000,2.000000000
273,38,199.000000000,199.000000000,199.000000000,205.000000000,205.773684211,213.730000000,214.026000000,214.100000000,185.000000000,185.000000000,185.000000000,210.000000000,201.447368421,210.000000000,210.000000000,210.000000000,198.400000000,198.548000000,199.140000000,203.800000000,203.747368421,207.830000000,208.252000000,208.400000000,-5.200000000,-4.978000000,-4.090000000,3.200000000,2.026315789,5.930000000,6.226000000,6.300000000,0.600000000,0.600000000,0.600000000,6.600000000,7.373684211,15.330000000,15.626000000,15.700000000,-0.000000000,0.148000000,0.740000000,5.400000000,5.347368421,9.430000000,9.852000000,10.000000000,2.000000000,2.000000000,2.000000000,2.000000000,2.431578947,4.230000000,4.652000000,4.800000000
