0 6       0 6 ==8.0
0 8       0 6 8 ==15.0
0 11       0 6 8 11 ==23.0
0 12       0 6 12 ==33.0
0 13       0 6 12 13 ==43.0
0 14       0 6 8 11 14 ==55.0
0 15       0 6 12 13 23 24 27 28 29 30 31 43 15 ==157.0
0 23       0 6 12 13 23 ==51.0
0 24       0 6 12 13 23 24 ==55.0
0 25       0 6 8 11 14 46 36 38 39 40 41 42 25 ==203.0
0 26       0 6 8 11 14 46 36 38 39 40 41 42 25 26 ==211.0
0 27       0 6 12 13 23 24 27 ==59.0
0 28       0 6 12 13 23 24 27 28 ==86.0
0 29       0 6 12 13 23 24 27 28 29 ==99.0
0 30       0 6 12 13 23 24 27 28 29 30 ==105.0
0 31       0 6 12 13 23 24 27 28 29 30 31 ==109.0
0 32       0 6 12 13 23 24 27 28 29 30 31 32 ==113.0
0 33       0 6 12 13 23 24 27 28 29 30 31 32 33 ==141.0
0 34       0 6 12 13 23 24 27 28 29 30 31 32 33 34 ==163.0
0 35       0 6 8 11 14 46 35 ==86.0
0 36       0 6 8 11 14 46 36 ==96.0
0 37       0 6 8 11 14 46 36 38 37 ==150.0
0 38       0 6 8 11 14 46 36 38 ==128.0
0 39       0 6 8 11 14 46 36 38 39 ==149.0
0 40       0 6 8 11 14 46 36 38 39 40 ==163.0
0 41       0 6 8 11 14 46 36 38 39 40 41 ==167.0
0 42       0 6 8 11 14 46 36 38 39 40 41 42 ==193.0
0 43       0 6 12 13 23 24 27 28 29 30 31 43 ==149.0
0 44       0 6 8 11 14 46 36 44 ==115.0
0 45       0 6 12 13 23 24 27 45 ==75.0
0 46       0 6 8 11 14 46 ==59.0
0 47       0 6 12 13 23 24 27 28 47 ==96.0
0 48       0 6 12 13 23 24 27 45 48 ==85.0
0 49       0 6 12 13 23 24 27 28 29 30 31 32 37 49 ==160.0
0 50       0 6 8 11 14 46 36 44 50 ==125.0
0 51       0 6 8 11 14 46 35 51 ==96.0
1 7       1 7 ==12.0
1 8       1 7 8 ==16.0
1 11       1 7 8 11 ==24.0
1 12       1 7 8 11 13 23 24 27 28 29 30 31 32 33 34 12 ==201.0
1 13       1 7 8 11 13 ==52.0
1 14       1 7 8 11 14 ==56.0
1 15       1 7 8 11 13 23 24 27 28 29 30 31 43 15 ==166.0
1 23       1 7 8 11 13 23 ==60.0
1 24       1 7 8 11 13 23 24 ==64.0
1 25       1 7 8 11 14 46 36 38 39 40 41 42 25 ==204.0
1 26       1 7 8 11 14 46 36 38 39 40 41 42 25 26 ==212.0
1 27       1 7 8 11 13 23 24 27 ==68.0
1 28       1 7 8 11 13 23 24 27 28 ==95.0
1 29       1 7 8 11 13 23 24 27 28 29 ==108.0
1 30       1 7 8 11 13 23 24 27 28 29 30 ==114.0
1 31       1 7 8 11 13 23 24 27 28 29 30 31 ==118.0
1 32       1 7 8 11 13 23 24 27 28 29 30 31 32 ==122.0
1 33       1 7 8 11 13 23 24 27 28 29 30 31 32 33 ==150.0
1 34       1 7 8 11 13 23 24 27 28 29 30 31 32 33 34 ==172.0
1 35       1 7 8 11 14 46 35 ==87.0
1 36       1 7 8 11 14 46 36 ==97.0
1 37       1 7 8 11 14 46 36 38 37 ==159.0
1 38       1 7 8 11 14 46 36 38 ==129.0
1 39       1 7 8 11 14 46 36 38 39 ==150.0
1 40       1 7 8 11 14 46 36 38 39 40 ==164.0
1 41       1 7 8 11 14 46 36 38 39 40 41 ==168.0
1 42       1 7 8 11 14 46 36 38 39 40 41 42 ==194.0
1 43       1 7 8 11 13 23 24 27 28 29 30 31 43 ==158.0
1 44       1 7 8 11 14 46 36 44 ==116.0
1 45       1 7 8 11 13 23 24 27 45 ==84.0
1 46       1 7 8 11 14 46 ==60.0
1 47       1 7 8 11 13 23 24 27 28 47 ==105.0
1 48       1 7 8 11 13 23 24 27 45 48 ==94.0
1 49       1 7 8 11 13 23 24 27 28 29 30 31 32 37 49 ==169.0
1 50       1 7 8 11 14 46 36 44 50 ==126.0
1 51       1 7 8 11 14 46 35 51 ==97.0
2 7       2 9 7 ==16.0
2 8       2 9 7 8 ==20.0
2 9       2 9 ==9.0
2 10       2 9 10 ==29.0
2 11       2 9 7 8 11 ==28.0
2 12       2 9 7 8 11 13 23 24 27 28 29 30 31 32 33 34 12 ==205.0
2 13       2 9 7 8 11 13 ==56.0
2 14       2 9 7 8 11 14 ==60.0
2 15       2 9 10 15 ==65.0
2 23       2 9 7 8 11 13 23 ==64.0
2 24       2 9 7 8 11 13 23 24 ==68.0
2 25       2 9 7 8 11 14 46 36 38 39 40 41 42 25 ==208.0
2 26       2 9 7 8 11 14 46 36 38 39 40 41 42 25 26 ==216.0
2 27       2 9 7 8 11 13 23 24 27 ==72.0
2 28       2 9 7 8 11 13 23 24 27 28 ==99.0
2 29       2 9 7 8 11 13 23 24 27 28 29 ==112.0
2 30       2 9 7 8 11 13 23 24 27 28 29 30 ==118.0
2 31       2 9 7 8 11 13 23 24 27 28 29 30 31 ==122.0
2 32       2 9 7 8 11 13 23 24 27 28 29 30 31 32 ==126.0
2 33       2 9 7 8 11 13 23 24 27 28 29 30 31 32 33 ==154.0
2 34       2 9 7 8 11 13 23 24 27 28 29 30 31 32 33 34 ==176.0
2 35       2 9 7 8 11 14 46 35 ==91.0
2 36       2 9 7 8 11 14 46 36 ==101.0
2 37       2 9 7 8 11 14 46 36 38 37 ==163.0
2 38       2 9 7 8 11 14 46 36 38 ==133.0
2 39       2 9 7 8 11 14 46 36 38 39 ==154.0
2 40       2 9 7 8 11 14 46 36 38 39 40 ==168.0
2 41       2 9 7 8 11 14 46 36 38 39 40 41 ==172.0
2 42       2 9 7 8 11 14 46 36 38 39 40 41 42 ==198.0
2 43       2 9 7 8 11 13 23 24 27 28 29 30 31 43 ==162.0
2 44       2 9 7 8 11 14 46 36 44 ==120.0
2 45       2 9 7 8 11 13 23 24 27 45 ==88.0
2 46       2 9 7 8 11 14 46 ==64.0
2 47       2 9 7 8 11 13 23 24 27 28 47 ==109.0
2 48       2 9 7 8 11 13 23 24 27 45 48 ==98.0
2 49       2 9 7 8 11 13 23 24 27 28 29 30 31 32 37 49 ==173.0
2 50       2 9 7 8 11 14 46 36 44 50 ==130.0
2 51       2 9 7 8 11 14 46 35 51 ==101.0
3 12       3 16 21 23 24 27 28 29 30 31 32 33 34 12 ==201.0
3 13       3 16 21 23 24 27 28 29 30 31 32 33 34 12 13 ==211.0
3 14       3 16 17 18 22 26 43 15 14 ==71.0
3 15       3 16 17 18 22 26 43 15 ==67.0
3 16       3 16 ==4.0
3 17       3 16 17 ==13.0
3 18       3 16 17 18 ==17.0
3 21       3 16 21 ==61.0
3 22       3 16 17 18 22 ==38.0
3 23       3 16 21 23 ==73.0
3 24       3 16 17 18 22 24 ==64.0
3 25       3 16 17 18 22 26 43 15 14 46 36 38 39 40 41 42 25 ==219.0
3 26       3 16 17 18 22 26 ==55.0
3 27       3 16 21 23 24 27 ==68.0
3 28       3 16 21 23 24 27 28 ==95.0
3 29       3 16 21 23 24 27 28 29 ==108.0
3 30       3 16 21 23 24 27 28 29 30 ==114.0
3 31       3 16 21 23 24 27 28 29 30 31 ==118.0
3 32       3 16 21 23 24 27 28 29 30 31 32 ==122.0
3 33       3 16 21 23 24 27 28 29 30 31 32 33 ==150.0
3 34       3 16 21 23 24 27 28 29 30 31 32 33 34 ==172.0
3 35       3 16 17 18 22 26 43 15 14 46 35 ==102.0
3 36       3 16 17 18 22 26 43 15 14 46 36 ==112.0
3 37       3 16 21 23 24 27 28 29 30 31 32 37 ==159.0
3 38       3 16 17 18 22 26 43 15 14 46 36 38 ==144.0
3 39       3 16 17 18 22 26 43 15 14 46 36 38 39 ==165.0
3 40       3 16 17 18 22 26 43 15 14 46 36 38 39 40 ==179.0
3 41       3 16 17 18 22 26 43 15 14 46 36 38 39 40 41 ==183.0
3 42       3 16 17 18 22 26 43 15 14 46 36 38 39 40 41 42 ==209.0
3 43       3 16 17 18 22 26 43 ==59.0
3 44       3 16 17 18 22 26 43 15 14 46 36 44 ==131.0
3 45       3 16 21 23 24 27 45 ==84.0
3 46       3 16 17 18 22 26 43 15 14 46 ==75.0
3 47       3 16 21 23 24 27 28 47 ==105.0
3 48       3 16 21 23 24 27 45 48 ==94.0
3 49       3 16 21 23 24 27 28 29 30 31 32 37 49 ==169.0
3 50       3 16 17 18 22 26 43 15 14 46 36 44 50 ==141.0
3 51       3 16 17 18 22 26 43 15 14 46 35 51 ==112.0
4 12       4 17 18 22 24 27 28 29 30 31 32 33 34 12 ==197.0
4 13       4 17 18 22 24 27 28 29 30 31 32 33 34 12 13 ==207.0
4 14       4 17 18 22 26 43 15 14 ==67.0
4 15       4 17 18 22 26 43 15 ==63.0
4 17       4 17 ==9.0
4 18       4 17 18 ==13.0
4 22       4 17 18 22 ==34.0
4 23       4 17 18 22 24 27 28 29 30 31 32 33 34 12 13 23 ==215.0
4 24       4 17 18 22 24 ==60.0
4 25       4 17 18 22 26 43 15 14 46 36 38 39 40 41 42 25 ==215.0
4 26       4 17 18 22 26 ==51.0
4 27       4 17 18 22 24 27 ==64.0
4 28       4 17 18 22 24 27 28 ==91.0
4 29       4 17 18 22 24 27 28 29 ==104.0
4 30       4 17 18 22 24 27 28 29 30 ==110.0
4 31       4 17 18 22 24 27 28 29 30 31 ==114.0
4 32       4 17 18 22 24 27 28 29 30 31 32 ==118.0
4 33       4 17 18 22 24 27 28 29 30 31 32 33 ==146.0
4 34       4 17 18 22 24 27 28 29 30 31 32 33 34 ==168.0
4 35       4 17 18 22 26 43 15 14 46 35 ==98.0
4 36       4 17 18 22 26 43 15 14 46 36 ==108.0
4 37       4 17 18 22 24 27 28 29 30 31 32 37 ==155.0
4 38       4 17 18 22 26 43 15 14 46 36 38 ==140.0
4 39       4 17 18 22 26 43 15 14 46 36 38 39 ==161.0
4 40       4 17 18 22 26 43 15 14 46 36 38 39 40 ==175.0
4 41       4 17 18 22 26 43 15 14 46 36 38 39 40 41 ==179.0
4 42       4 17 18 22 26 43 15 14 46 36 38 39 40 41 42 ==205.0
4 43       4 17 18 22 26 43 ==55.0
4 44       4 17 18 22 26 43 15 14 46 36 44 ==127.0
4 45       4 17 18 22 24 27 45 ==80.0
4 46       4 17 18 22 26 43 15 14 46 ==71.0
4 47       4 17 18 22 24 27 28 47 ==101.0
4 48       4 17 18 22 24 27 45 48 ==90.0
4 49       4 17 18 22 24 27 28 29 30 31 32 37 49 ==165.0
4 50       4 17 18 22 26 43 15 14 46 36 44 50 ==137.0
4 51       4 17 18 22 26 43 15 14 46 35 51 ==108.0
5 12       5 19 18 22 24 27 28 29 30 31 32 33 34 12 ==195.0
5 13       5 19 18 22 24 27 28 29 30 31 32 33 34 12 13 ==205.0
5 14       5 19 25 26 43 15 14 ==63.0
5 15       5 19 25 26 43 15 ==59.0
5 18       5 19 18 ==11.0
5 19       5 19 ==4.0
5 22       5 19 18 22 ==32.0
5 23       5 19 18 22 24 27 28 29 30 31 32 33 34 12 13 23 ==213.0
5 24       5 19 18 22 24 ==58.0
5 25       5 19 25 ==39.0
5 26       5 19 25 26 ==47.0
5 27       5 19 18 22 24 27 ==62.0
5 28       5 19 18 22 24 27 28 ==89.0
5 29       5 19 18 22 24 27 28 29 ==102.0
5 30       5 19 18 22 24 27 28 29 30 ==108.0
5 31       5 19 18 22 24 27 28 29 30 31 ==112.0
5 32       5 19 18 22 24 27 28 29 30 31 32 ==116.0
5 33       5 19 18 22 24 27 28 29 30 31 32 33 ==144.0
5 34       5 19 18 22 24 27 28 29 30 31 32 33 34 ==166.0
5 35       5 19 25 26 43 15 14 46 35 ==94.0
5 36       5 19 25 26 43 15 14 46 36 ==104.0
5 37       5 19 18 22 24 27 28 29 30 31 32 37 ==153.0
5 38       5 19 25 26 43 15 14 46 36 38 ==136.0
5 39       5 19 25 26 43 15 14 46 36 38 39 ==157.0
5 40       5 19 25 26 43 15 14 46 36 38 39 40 ==171.0
5 41       5 19 25 26 43 15 14 46 36 38 39 40 41 ==175.0
5 42       5 19 25 26 43 15 14 46 36 38 39 40 41 42 ==201.0
5 43       5 19 25 26 43 ==51.0
5 44       5 19 25 26 43 15 14 46 36 44 ==123.0
5 45       5 19 18 22 24 27 45 ==78.0
5 46       5 19 25 26 43 15 14 46 ==67.0
5 47       5 19 18 22 24 27 28 47 ==99.0
5 48       5 19 18 22 24 27 45 48 ==88.0
5 49       5 19 25 26 43 15 14 46 36 38 37 49 ==163.0
5 50       5 19 25 26 43 15 14 46 36 44 50 ==133.0
5 51       5 19 25 26 43 15 14 46 35 51 ==104.0
6 8       6 8 ==7.0
6 11       6 8 11 ==15.0
6 12       6 12 ==25.0
6 13       6 12 13 ==35.0
6 14       6 8 11 14 ==47.0
6 15       6 12 13 23 24 27 28 29 30 31 43 15 ==149.0
6 23       6 12 13 23 ==43.0
6 24       6 12 13 23 24 ==47.0
6 25       6 8 11 14 46 36 38 39 40 41 42 25 ==195.0
6 26       6 8 11 14 46 36 38 39 40 41 42 25 26 ==203.0
6 27       6 12 13 23 24 27 ==51.0
6 28       6 12 13 23 24 27 28 ==78.0
6 29       6 12 13 23 24 27 28 29 ==91.0
6 30       6 12 13 23 24 27 28 29 30 ==97.0
6 31       6 12 13 23 24 27 28 29 30 31 ==101.0
6 32       6 12 13 23 24 27 28 29 30 31 32 ==105.0
6 33       6 12 13 23 24 27 28 29 30 31 32 33 ==133.0
6 34       6 12 13 23 24 27 28 29 30 31 32 33 34 ==155.0
6 35       6 8 11 14 46 35 ==78.0
6 36       6 8 11 14 46 36 ==88.0
6 37       6 8 11 14 46 36 38 37 ==142.0
6 38       6 8 11 14 46 36 38 ==120.0
6 39       6 8 11 14 46 36 38 39 ==141.0
6 40       6 8 11 14 46 36 38 39 40 ==155.0
6 41       6 8 11 14 46 36 38 39 40 41 ==159.0
6 42       6 8 11 14 46 36 38 39 40 41 42 ==185.0
6 43       6 12 13 23 24 27 28 29 30 31 43 ==141.0
6 44       6 8 11 14 46 36 44 ==107.0
6 45       6 12 13 23 24 27 45 ==67.0
6 46       6 8 11 14 46 ==51.0
6 47       6 12 13 23 24 27 28 47 ==88.0
6 48       6 12 13 23 24 27 45 48 ==77.0
6 49       6 12 13 23 24 27 28 29 30 31 32 37 49 ==152.0
6 50       6 8 11 14 46 36 44 50 ==117.0
6 51       6 8 11 14 46 35 51 ==88.0
7 8       7 8 ==4.0
7 11       7 8 11 ==12.0
7 12       7 8 11 13 23 24 27 28 29 30 31 32 33 34 12 ==189.0
7 13       7 8 11 13 ==40.0
7 14       7 8 11 14 ==44.0
7 15       7 8 11 13 23 24 27 28 29 30 31 43 15 ==154.0
7 23       7 8 11 13 23 ==48.0
7 24       7 8 11 13 23 24 ==52.0
7 25       7 8 11 14 46 36 38 39 40 41 42 25 ==192.0
7 26       7 8 11 14 46 36 38 39 40 41 42 25 26 ==200.0
7 27       7 8 11 13 23 24 27 ==56.0
7 28       7 8 11 13 23 24 27 28 ==83.0
7 29       7 8 11 13 23 24 27 28 29 ==96.0
7 30       7 8 11 13 23 24 27 28 29 30 ==102.0
7 31       7 8 11 13 23 24 27 28 29 30 31 ==106.0
7 32       7 8 11 13 23 24 27 28 29 30 31 32 ==110.0
7 33       7 8 11 13 23 24 27 28 29 30 31 32 33 ==138.0
7 34       7 8 11 13 23 24 27 28 29 30 31 32 33 34 ==160.0
7 35       7 8 11 14 46 35 ==75.0
7 36       7 8 11 14 46 36 ==85.0
7 37       7 8 11 14 46 36 38 37 ==147.0
7 38       7 8 11 14 46 36 38 ==117.0
7 39       7 8 11 14 46 36 38 39 ==138.0
7 40       7 8 11 14 46 36 38 39 40 ==152.0
7 41       7 8 11 14 46 36 38 39 40 41 ==156.0
7 42       7 8 11 14 46 36 38 39 40 41 42 ==182.0
7 43       7 8 11 13 23 24 27 28 29 30 31 43 ==146.0
7 44       7 8 11 14 46 36 44 ==104.0
7 45       7 8 11 13 23 24 27 45 ==72.0
7 46       7 8 11 14 46 ==48.0
7 47       7 8 11 13 23 24 27 28 47 ==93.0
7 48       7 8 11 13 23 24 27 45 48 ==82.0
7 49       7 8 11 13 23 24 27 28 29 30 31 32 37 49 ==157.0
7 50       7 8 11 14 46 36 44 50 ==114.0
7 51       7 8 11 14 46 35 51 ==85.0
8 11       8 11 ==8.0
8 12       8 11 13 23 24 27 28 29 30 31 32 33 34 12 ==185.0
8 13       8 11 13 ==36.0
8 14       8 11 14 ==40.0
8 15       8 11 13 23 24 27 28 29 30 31 43 15 ==150.0
8 23       8 11 13 23 ==44.0
8 24       8 11 13 23 24 ==48.0
8 25       8 11 14 46 36 38 39 40 41 42 25 ==188.0
8 26       8 11 14 46 36 38 39 40 41 42 25 26 ==196.0
8 27       8 11 13 23 24 27 ==52.0
8 28       8 11 13 23 24 27 28 ==79.0
8 29       8 11 13 23 24 27 28 29 ==92.0
8 30       8 11 13 23 24 27 28 29 30 ==98.0
8 31       8 11 13 23 24 27 28 29 30 31 ==102.0
8 32       8 11 13 23 24 27 28 29 30 31 32 ==106.0
8 33       8 11 13 23 24 27 28 29 30 31 32 33 ==134.0
8 34       8 11 13 23 24 27 28 29 30 31 32 33 34 ==156.0
8 35       8 11 14 46 35 ==71.0
8 36       8 11 14 46 36 ==81.0
8 37       8 11 14 46 36 38 37 ==143.0
8 38       8 11 14 46 36 38 ==113.0
8 39       8 11 14 46 36 38 39 ==134.0
8 40       8 11 14 46 36 38 39 40 ==148.0
8 41       8 11 14 46 36 38 39 40 41 ==152.0
8 42       8 11 14 46 36 38 39 40 41 42 ==178.0
8 43       8 11 13 23 24 27 28 29 30 31 43 ==142.0
8 44       8 11 14 46 36 44 ==100.0
8 45       8 11 13 23 24 27 45 ==68.0
8 46       8 11 14 46 ==44.0
8 47       8 11 13 23 24 27 28 47 ==89.0
8 48       8 11 13 23 24 27 45 48 ==78.0
8 49       8 11 13 23 24 27 28 29 30 31 32 37 49 ==153.0
8 50       8 11 14 46 36 44 50 ==110.0
8 51       8 11 14 46 35 51 ==81.0
9 7       9 7 ==7.0
9 8       9 7 8 ==11.0
9 10       9 10 ==20.0
9 11       9 7 8 11 ==19.0
9 12       9 7 8 11 13 23 24 27 28 29 30 31 32 33 34 12 ==196.0
9 13       9 7 8 11 13 ==47.0
9 14       9 7 8 11 14 ==51.0
9 15       9 10 15 ==56.0
9 23       9 7 8 11 13 23 ==55.0
9 24       9 7 8 11 13 23 24 ==59.0
9 25       9 7 8 11 14 46 36 38 39 40 41 42 25 ==199.0
9 26       9 7 8 11 14 46 36 38 39 40 41 42 25 26 ==207.0
9 27       9 7 8 11 13 23 24 27 ==63.0
9 28       9 7 8 11 13 23 24 27 28 ==90.0
9 29       9 7 8 11 13 23 24 27 28 29 ==103.0
9 30       9 7 8 11 13 23 24 27 28 29 30 ==109.0
9 31       9 7 8 11 13 23 24 27 28 29 30 31 ==113.0
9 32       9 7 8 11 13 23 24 27 28 29 30 31 32 ==117.0
9 33       9 7 8 11 13 23 24 27 28 29 30 31 32 33 ==145.0
9 34       9 7 8 11 13 23 24 27 28 29 30 31 32 33 34 ==167.0
9 35       9 7 8 11 14 46 35 ==82.0
9 36       9 7 8 11 14 46 36 ==92.0
9 37       9 7 8 11 14 46 36 38 37 ==154.0
9 38       9 7 8 11 14 46 36 38 ==124.0
9 39       9 7 8 11 14 46 36 38 39 ==145.0
9 40       9 7 8 11 14 46 36 38 39 40 ==159.0
9 41       9 7 8 11 14 46 36 38 39 40 41 ==163.0
9 42       9 7 8 11 14 46 36 38 39 40 41 42 ==189.0
9 43       9 7 8 11 13 23 24 27 28 29 30 31 43 ==153.0
9 44       9 7 8 11 14 46 36 44 ==111.0
9 45       9 7 8 11 13 23 24 27 45 ==79.0
9 46       9 7 8 11 14 46 ==55.0
9 47       9 7 8 11 13 23 24 27 28 47 ==100.0
9 48       9 7 8 11 13 23 24 27 45 48 ==89.0
9 49       9 7 8 11 13 23 24 27 28 29 30 31 32 37 49 ==164.0
9 50       9 7 8 11 14 46 36 44 50 ==121.0
9 51       9 7 8 11 14 46 35 51 ==92.0
10 12       10 15 14 46 36 38 39 40 41 42 30 31 32 33 34 12 ==298.0
10 13       10 15 14 46 36 38 39 40 41 42 30 31 32 33 34 12 13 ==308.0
10 14       10 15 14 ==40.0
10 15       10 15 ==36.0
10 23       10 15 14 46 36 38 39 40 41 42 30 31 32 33 34 12 13 23 ==316.0
10 24       10 15 14 46 36 38 39 40 41 42 30 31 32 33 34 12 13 23 24 ==320.0
10 25       10 15 14 46 36 38 39 40 41 42 25 ==188.0
10 26       10 15 14 46 36 38 39 40 41 42 25 26 ==196.0
10 27       10 15 14 46 36 38 39 40 41 42 30 31 32 33 34 12 13 23 24 27 ==324.0
10 28       10 15 14 46 36 38 39 40 41 42 30 31 32 33 34 12 13 23 24 27 28 ==351.0
10 29       10 15 14 46 36 38 39 40 41 42 30 31 32 33 34 12 13 23 24 27 28 29 ==364.0
10 30       10 15 14 46 36 38 39 40 41 42 30 ==211.0
10 31       10 15 14 46 36 38 39 40 41 42 30 31 ==215.0
10 32       10 15 14 46 36 38 39 40 41 42 30 31 32 ==219.0
10 33       10 15 14 46 36 38 39 40 41 42 30 31 32 33 ==247.0
10 34       10 15 14 46 36 38 39 40 41 42 30 31 32 33 34 ==269.0
10 35       10 15 14 46 35 ==71.0
10 36       10 15 14 46 36 ==81.0
10 37       10 15 14 46 36 38 37 ==145.0
10 38       10 15 14 46 36 38 ==113.0
10 39       10 15 14 46 36 38 39 ==134.0
10 40       10 15 14 46 36 38 39 40 ==148.0
10 41       10 15 14 46 36 38 39 40 41 ==152.0
10 42       10 15 14 46 36 38 39 40 41 42 ==178.0
10 43       10 15 14 46 36 38 39 40 41 42 25 26 43 ==200.0
10 44       10 15 14 46 36 44 ==100.0
10 45       10 15 14 46 36 38 39 40 41 45 ==176.0
10 46       10 15 14 46 ==44.0
10 47       10 15 14 46 36 38 39 47 ==144.0
10 48       10 15 14 46 36 38 39 40 41 45 48 ==186.0
10 49       10 15 14 46 36 38 37 49 ==155.0
10 50       10 15 14 46 36 44 50 ==110.0
10 51       10 15 14 46 35 51 ==81.0
11 12       11 13 23 24 27 28 29 30 31 32 33 34 12 ==177.0
11 13       11 13 ==28.0
11 14       11 14 ==32.0
11 15       11 13 23 24 27 28 29 30 31 43 15 ==142.0
11 23       11 13 23 ==36.0
11 24       11 13 23 24 ==40.0
11 25       11 14 46 36 38 39 40 41 42 25 ==180.0
11 26       11 14 46 36 38 39 40 41 42 25 26 ==188.0
11 27       11 13 23 24 27 ==44.0
11 28       11 13 23 24 27 28 ==71.0
11 29       11 13 23 24 27 28 29 ==84.0
11 30       11 13 23 24 27 28 29 30 ==90.0
11 31       11 13 23 24 27 28 29 30 31 ==94.0
11 32       11 13 23 24 27 28 29 30 31 32 ==98.0
11 33       11 13 23 24 27 28 29 30 31 32 33 ==126.0
11 34       11 13 23 24 27 28 29 30 31 32 33 34 ==148.0
11 35       11 14 46 35 ==63.0
11 36       11 14 46 36 ==73.0
11 37       11 14 46 36 38 37 ==135.0
11 38       11 14 46 36 38 ==105.0
11 39       11 14 46 36 38 39 ==126.0
11 40       11 14 46 36 38 39 40 ==140.0
11 41       11 14 46 36 38 39 40 41 ==144.0
11 42       11 14 46 36 38 39 40 41 42 ==170.0
11 43       11 13 23 24 27 28 29 30 31 43 ==134.0
11 44       11 14 46 36 44 ==92.0
11 45       11 13 23 24 27 45 ==60.0
11 46       11 14 46 ==36.0
11 47       11 13 23 24 27 28 47 ==81.0
11 48       11 13 23 24 27 45 48 ==70.0
11 49       11 13 23 24 27 28 29 30 31 32 37 49 ==145.0
11 50       11 14 46 36 44 50 ==102.0
11 51       11 14 46 35 51 ==73.0
12 13       12 13 ==10.0
12 14       12 13 23 24 27 28 29 30 31 43 15 14 ==128.0
12 15       12 13 23 24 27 28 29 30 31 43 15 ==124.0
12 23       12 13 23 ==18.0
12 24       12 13 23 24 ==22.0
12 25       12 13 23 24 27 28 29 30 31 43 15 14 46 36 38 39 40 41 42 25 ==276.0
12 26       12 13 23 24 27 28 29 30 31 43 15 14 46 36 38 39 40 41 42 25 26 ==284.0
12 27       12 13 23 24 27 ==26.0
12 28       12 13 23 24 27 28 ==53.0
12 29       12 13 23 24 27 28 29 ==66.0
12 30       12 13 23 24 27 28 29 30 ==72.0
12 31       12 13 23 24 27 28 29 30 31 ==76.0
12 32       12 13 23 24 27 28 29 30 31 32 ==80.0
12 33       12 13 23 24 27 28 29 30 31 32 33 ==108.0
12 34       12 13 23 24 27 28 29 30 31 32 33 34 ==130.0
12 35       12 13 23 24 27 28 29 30 31 32 33 34 35 ==149.0
12 36       12 13 23 24 27 28 29 30 31 43 15 14 46 36 ==169.0
12 37       12 13 23 24 27 28 29 30 31 32 37 ==117.0
12 38       12 13 23 24 27 28 29 30 31 43 15 14 46 36 38 ==201.0
12 39       12 13 23 24 27 28 29 30 31 43 15 14 46 36 38 39 ==222.0
12 40       12 13 23 24 27 28 29 30 31 43 15 14 46 36 38 39 40 ==236.0
12 41       12 13 23 24 27 28 29 30 31 43 15 14 46 36 38 39 40 41 ==240.0
12 42       12 13 23 24 27 28 29 30 31 43 15 14 46 36 38 39 40 41 42 ==266.0
12 43       12 13 23 24 27 28 29 30 31 43 ==116.0
12 44       12 13 23 24 27 28 29 30 31 32 33 44 ==132.0
12 45       12 13 23 24 27 45 ==42.0
12 46       12 13 23 24 27 28 29 30 31 43 15 14 46 ==132.0
12 47       12 13 23 24 27 28 47 ==63.0
12 48       12 13 23 24 27 45 48 ==52.0
12 49       12 13 23 24 27 28 29 30 31 32 37 49 ==127.0
12 50       12 13 23 24 27 28 29 30 31 32 33 44 50 ==142.0
12 51       12 13 23 24 27 28 29 30 31 43 15 14 46 35 51 ==159.0
13 12       13 23 24 27 28 29 30 31 32 33 34 12 ==149.0
13 14       13 23 24 27 28 29 30 31 43 15 14 ==118.0
13 15       13 23 24 27 28 29 30 31 43 15 ==114.0
13 23       13 23 ==8.0
13 24       13 23 24 ==12.0
13 25       13 23 24 27 28 29 30 31 43 15 14 46 36 38 39 40 41 42 25 ==266.0
13 26       13 23 24 27 28 29 30 31 43 15 14 46 36 38 39 40 41 42 25 26 ==274.0
13 27       13 23 24 27 ==16.0
13 28       13 23 24 27 28 ==43.0
13 29       13 23 24 27 28 29 ==56.0
13 30       13 23 24 27 28 29 30 ==62.0
13 31       13 23 24 27 28 29 30 31 ==66.0
13 32       13 23 24 27 28 29 30 31 32 ==70.0
13 33       13 23 24 27 28 29 30 31 32 33 ==98.0
13 34       13 23 24 27 28 29 30 31 32 33 34 ==120.0
13 35       13 23 24 27 28 29 30 31 32 33 34 35 ==139.0
13 36       13 23 24 27 28 29 30 31 43 15 14 46 36 ==159.0
13 37       13 23 24 27 28 29 30 31 32 37 ==107.0
13 38       13 23 24 27 28 29 30 31 43 15 14 46 36 38 ==191.0
13 39       13 23 24 27 28 29 30 31 43 15 14 46 36 38 39 ==212.0
13 40       13 23 24 27 28 29 30 31 43 15 14 46 36 38 39 40 ==226.0
13 41       13 23 24 27 28 29 30 31 43 15 14 46 36 38 39 40 41 ==230.0
13 42       13 23 24 27 28 29 30 31 43 15 14 46 36 38 39 40 41 42 ==256.0
13 43       13 23 24 27 28 29 30 31 43 ==106.0
13 44       13 23 24 27 28 29 30 31 32 33 44 ==122.0
13 45       13 23 24 27 45 ==32.0
13 46       13 23 24 27 28 29 30 31 43 15 14 46 ==122.0
13 47       13 23 24 27 28 47 ==53.0
13 48       13 23 24 27 45 48 ==42.0
13 49       13 23 24 27 28 29 30 31 32 37 49 ==117.0
13 50       13 23 24 27 28 29 30 31 32 33 44 50 ==132.0
13 51       13 23 24 27 28 29 30 31 43 15 14 46 35 51 ==149.0
14 12       14 46 36 38 39 40 41 42 30 31 32 33 34 12 ==258.0
14 13       14 46 36 38 39 40 41 42 30 31 32 33 34 12 13 ==268.0
14 15       14 46 36 38 39 40 41 42 25 26 43 15 ==168.0
14 23       14 46 36 38 39 40 41 42 30 31 32 33 34 12 13 23 ==276.0
14 24       14 46 36 38 39 40 41 42 30 31 32 33 34 12 13 23 24 ==280.0
14 25       14 46 36 38 39 40 41 42 25 ==148.0
14 26       14 46 36 38 39 40 41 42 25 26 ==156.0
14 27       14 46 36 38 39 40 41 42 30 31 32 33 34 12 13 23 24 27 ==284.0
14 28       14 46 36 38 39 40 41 42 30 31 32 33 34 12 13 23 24 27 28 ==311.0
14 29       14 46 36 38 39 40 41 42 30 31 32 33 34 12 13 23 24 27 28 29 ==324.0
14 30       14 46 36 38 39 40 41 42 30 ==171.0
14 31       14 46 36 38 39 40 41 42 30 31 ==175.0
14 32       14 46 36 38 39 40 41 42 30 31 32 ==179.0
14 33       14 46 36 38 39 40 41 42 30 31 32 33 ==207.0
14 34       14 46 36 38 39 40 41 42 30 31 32 33 34 ==229.0
14 35       14 46 35 ==31.0
14 36       14 46 36 ==41.0
14 37       14 46 36 38 37 ==105.0
14 38       14 46 36 38 ==73.0
14 39       14 46 36 38 39 ==94.0
14 40       14 46 36 38 39 40 ==108.0
14 41       14 46 36 38 39 40 41 ==112.0
14 42       14 46 36 38 39 40 41 42 ==138.0
14 43       14 46 36 38 39 40 41 42 25 26 43 ==160.0
14 44       14 46 36 44 ==60.0
14 45       14 46 36 38 39 40 41 45 ==136.0
14 46       14 46 ==4.0
14 47       14 46 36 38 39 47 ==104.0
14 48       14 46 36 38 39 40 41 45 48 ==146.0
14 49       14 46 36 38 37 49 ==115.0
14 50       14 46 36 44 50 ==70.0
14 51       14 46 35 51 ==41.0
15 12       15 14 46 36 38 39 40 41 42 30 31 32 33 34 12 ==262.0
15 13       15 14 46 36 38 39 40 41 42 30 31 32 33 34 12 13 ==272.0
15 14       15 14 ==4.0
15 23       15 14 46 36 38 39 40 41 42 30 31 32 33 34 12 13 23 ==280.0
15 24       15 14 46 36 38 39 40 41 42 30 31 32 33 34 12 13 23 24 ==284.0
15 25       15 14 46 36 38 39 40 41 42 25 ==152.0
15 26       15 14 46 36 38 39 40 41 42 25 26 ==160.0
15 27       15 14 46 36 38 39 40 41 42 30 31 32 33 34 12 13 23 24 27 ==288.0
15 28       15 14 46 36 38 39 40 41 42 30 31 32 33 34 12 13 23 24 27 28 ==315.0
15 29       15 14 46 36 38 39 40 41 42 30 31 32 33 34 12 13 23 24 27 28 29 ==328.0
15 30       15 14 46 36 38 39 40 41 42 30 ==175.0
15 31       15 14 46 36 38 39 40 41 42 30 31 ==179.0
15 32       15 14 46 36 38 39 40 41 42 30 31 32 ==183.0
15 33       15 14 46 36 38 39 40 41 42 30 31 32 33 ==211.0
15 34       15 14 46 36 38 39 40 41 42 30 31 32 33 34 ==233.0
15 35       15 14 46 35 ==35.0
15 36       15 14 46 36 ==45.0
15 37       15 14 46 36 38 37 ==109.0
15 38       15 14 46 36 38 ==77.0
15 39       15 14 46 36 38 39 ==98.0
15 40       15 14 46 36 38 39 40 ==112.0
15 41       15 14 46 36 38 39 40 41 ==116.0
15 42       15 14 46 36 38 39 40 41 42 ==142.0
15 43       15 14 46 36 38 39 40 41 42 25 26 43 ==164.0
15 44       15 14 46 36 44 ==64.0
15 45       15 14 46 36 38 39 40 41 45 ==140.0
15 46       15 14 46 ==8.0
15 47       15 14 46 36 38 39 47 ==108.0
15 48       15 14 46 36 38 39 40 41 45 48 ==150.0
15 49       15 14 46 36 38 37 49 ==119.0
15 50       15 14 46 36 44 50 ==74.0
15 51       15 14 46 35 51 ==45.0
16 12       16 21 23 24 27 28 29 30 31 32 33 34 12 ==197.0
16 13       16 21 23 24 27 28 29 30 31 32 33 34 12 13 ==207.0
16 14       16 17 18 22 26 43 15 14 ==67.0
16 15       16 17 18 22 26 43 15 ==63.0
16 17       16 17 ==9.0
16 18       16 17 18 ==13.0
16 21       16 21 ==57.0
16 22       16 17 18 22 ==34.0
16 23       16 21 23 ==69.0
16 24       16 17 18 22 24 ==60.0
16 25       16 17 18 22 26 43 15 14 46 36 38 39 40 41 42 25 ==215.0
16 26       16 17 18 22 26 ==51.0
16 27       16 21 23 24 27 ==64.0
16 28       16 21 23 24 27 28 ==91.0
16 29       16 21 23 24 27 28 29 ==104.0
16 30       16 21 23 24 27 28 29 30 ==110.0
16 31       16 21 23 24 27 28 29 30 31 ==114.0
16 32       16 21 23 24 27 28 29 30 31 32 ==118.0
16 33       16 21 23 24 27 28 29 30 31 32 33 ==146.0
16 34       16 21 23 24 27 28 29 30 31 32 33 34 ==168.0
16 35       16 17 18 22 26 43 15 14 46 35 ==98.0
16 36       16 17 18 22 26 43 15 14 46 36 ==108.0
16 37       16 21 23 24 27 28 29 30 31 32 37 ==155.0
16 38       16 17 18 22 26 43 15 14 46 36 38 ==140.0
16 39       16 17 18 22 26 43 15 14 46 36 38 39 ==161.0
16 40       16 17 18 22 26 43 15 14 46 36 38 39 40 ==175.0
16 41       16 17 18 22 26 43 15 14 46 36 38 39 40 41 ==179.0
16 42       16 17 18 22 26 43 15 14 46 36 38 39 40 41 42 ==205.0
16 43       16 17 18 22 26 43 ==55.0
16 44       16 17 18 22 26 43 15 14 46 36 44 ==127.0
16 45       16 21 23 24 27 45 ==80.0
16 46       16 17 18 22 26 43 15 14 46 ==71.0
16 47       16 21 23 24 27 28 47 ==101.0
16 48       16 21 23 24 27 45 48 ==90.0
16 49       16 21 23 24 27 28 29 30 31 32 37 49 ==165.0
16 50       16 17 18 22 26 43 15 14 46 36 44 50 ==137.0
16 51       16 17 18 22 26 43 15 14 46 35 51 ==108.0
17 12       17 18 22 24 27 28 29 30 31 32 33 34 12 ==188.0
17 13       17 18 22 24 27 28 29 30 31 32 33 34 12 13 ==198.0
17 14       17 18 22 26 43 15 14 ==58.0
17 15       17 18 22 26 43 15 ==54.0
17 18       17 18 ==4.0
17 22       17 18 22 ==25.0
17 23       17 18 22 24 27 28 29 30 31 32 33 34 12 13 23 ==206.0
17 24       17 18 22 24 ==51.0
17 25       17 18 22 26 43 15 14 46 36 38 39 40 41 42 25 ==206.0
17 26       17 18 22 26 ==42.0
17 27       17 18 22 24 27 ==55.0
17 28       17 18 22 24 27 28 ==82.0
17 29       17 18 22 24 27 28 29 ==95.0
17 30       17 18 22 24 27 28 29 30 ==101.0
17 31       17 18 22 24 27 28 29 30 31 ==105.0
17 32       17 18 22 24 27 28 29 30 31 32 ==109.0
17 33       17 18 22 24 27 28 29 30 31 32 33 ==137.0
17 34       17 18 22 24 27 28 29 30 31 32 33 34 ==159.0
17 35       17 18 22 26 43 15 14 46 35 ==89.0
17 36       17 18 22 26 43 15 14 46 36 ==99.0
17 37       17 18 22 24 27 28 29 30 31 32 37 ==146.0
17 38       17 18 22 26 43 15 14 46 36 38 ==131.0
17 39       17 18 22 26 43 15 14 46 36 38 39 ==152.0
17 40       17 18 22 26 43 15 14 46 36 38 39 40 ==166.0
17 41       17 18 22 26 43 15 14 46 36 38 39 40 41 ==170.0
17 42       17 18 22 26 43 15 14 46 36 38 39 40 41 42 ==196.0
17 43       17 18 22 26 43 ==46.0
17 44       17 18 22 26 43 15 14 46 36 44 ==118.0
17 45       17 18 22 24 27 45 ==71.0
17 46       17 18 22 26 43 15 14 46 ==62.0
17 47       17 18 22 24 27 28 47 ==92.0
17 48       17 18 22 24 27 45 48 ==81.0
17 49       17 18 22 24 27 28 29 30 31 32 37 49 ==156.0
17 50       17 18 22 26 43 15 14 46 36 44 50 ==128.0
17 51       17 18 22 26 43 15 14 46 35 51 ==99.0
18 12       18 22 24 27 28 29 30 31 32 33 34 12 ==184.0
18 13       18 22 24 27 28 29 30 31 32 33 34 12 13 ==194.0
18 14       18 22 26 43 15 14 ==54.0
18 15       18 22 26 43 15 ==50.0
18 22       18 22 ==21.0
18 23       18 22 24 27 28 29 30 31 32 33 34 12 13 23 ==202.0
18 24       18 22 24 ==47.0
18 25       18 22 26 43 15 14 46 36 38 39 40 41 42 25 ==202.0
18 26       18 22 26 ==38.0
18 27       18 22 24 27 ==51.0
18 28       18 22 24 27 28 ==78.0
18 29       18 22 24 27 28 29 ==91.0
18 30       18 22 24 27 28 29 30 ==97.0
18 31       18 22 24 27 28 29 30 31 ==101.0
18 32       18 22 24 27 28 29 30 31 32 ==105.0
18 33       18 22 24 27 28 29 30 31 32 33 ==133.0
18 34       18 22 24 27 28 29 30 31 32 33 34 ==155.0
18 35       18 22 26 43 15 14 46 35 ==85.0
18 36       18 22 26 43 15 14 46 36 ==95.0
18 37       18 22 24 27 28 29 30 31 32 37 ==142.0
18 38       18 22 26 43 15 14 46 36 38 ==127.0
18 39       18 22 26 43 15 14 46 36 38 39 ==148.0
18 40       18 22 26 43 15 14 46 36 38 39 40 ==162.0
18 41       18 22 26 43 15 14 46 36 38 39 40 41 ==166.0
18 42       18 22 26 43 15 14 46 36 38 39 40 41 42 ==192.0
18 43       18 22 26 43 ==42.0
18 44       18 22 26 43 15 14 46 36 44 ==114.0
18 45       18 22 24 27 45 ==67.0
18 46       18 22 26 43 15 14 46 ==58.0
18 47       18 22 24 27 28 47 ==88.0
18 48       18 22 24 27 45 48 ==77.0
18 49       18 22 24 27 28 29 30 31 32 37 49 ==152.0
18 50       18 22 26 43 15 14 46 36 44 50 ==124.0
18 51       18 22 26 43 15 14 46 35 51 ==95.0
19 12       19 18 22 24 27 28 29 30 31 32 33 34 12 ==191.0
19 13       19 18 22 24 27 28 29 30 31 32 33 34 12 13 ==201.0
19 14       19 25 26 43 15 14 ==59.0
19 15       19 25 26 43 15 ==55.0
19 18       19 18 ==7.0
19 22       19 18 22 ==28.0
19 23       19 18 22 24 27 28 29 30 31 32 33 34 12 13 23 ==209.0
19 24       19 18 22 24 ==54.0
19 25       19 25 ==35.0
19 26       19 25 26 ==43.0
19 27       19 18 22 24 27 ==58.0
19 28       19 18 22 24 27 28 ==85.0
19 29       19 18 22 24 27 28 29 ==98.0
19 30       19 18 22 24 27 28 29 30 ==104.0
19 31       19 18 22 24 27 28 29 30 31 ==108.0
19 32       19 18 22 24 27 28 29 30 31 32 ==112.0
19 33       19 18 22 24 27 28 29 30 31 32 33 ==140.0
19 34       19 18 22 24 27 28 29 30 31 32 33 34 ==162.0
19 35       19 25 26 43 15 14 46 35 ==90.0
19 36       19 25 26 43 15 14 46 36 ==100.0
19 37       19 18 22 24 27 28 29 30 31 32 37 ==149.0
19 38       19 25 26 43 15 14 46 36 38 ==132.0
19 39       19 25 26 43 15 14 46 36 38 39 ==153.0
19 40       19 25 26 43 15 14 46 36 38 39 40 ==167.0
19 41       19 25 26 43 15 14 46 36 38 39 40 41 ==171.0
19 42       19 25 26 43 15 14 46 36 38 39 40 41 42 ==197.0
19 43       19 25 26 43 ==47.0
19 44       19 25 26 43 15 14 46 36 44 ==119.0
19 45       19 18 22 24 27 45 ==74.0
19 46       19 25 26 43 15 14 46 ==63.0
19 47       19 18 22 24 27 28 47 ==95.0
19 48       19 18 22 24 27 45 48 ==84.0
19 49       19 25 26 43 15 14 46 36 38 37 49 ==159.0
19 50       19 25 26 43 15 14 46 36 44 50 ==129.0
19 51       19 25 26 43 15 14 46 35 51 ==100.0
20 10       20 10 ==7.0
20 12       20 21 23 24 27 28 29 30 31 32 33 34 12 ==188.0
20 13       20 21 23 24 27 28 29 30 31 32 33 34 12 13 ==198.0
20 14       20 10 15 14 ==47.0
20 15       20 10 15 ==43.0
20 21       20 21 ==35.0
20 23       20 21 23 ==47.0
20 24       20 21 23 24 ==51.0
20 25       20 10 15 14 46 36 38 39 40 41 42 25 ==195.0
20 26       20 10 15 14 46 36 38 39 40 41 42 25 26 ==203.0
20 27       20 21 23 24 27 ==55.0
20 28       20 21 23 24 27 28 ==82.0
20 29       20 21 23 24 27 28 29 ==95.0
20 30       20 21 23 24 27 28 29 30 ==101.0
20 31       20 21 23 24 27 28 29 30 31 ==105.0
20 32       20 21 23 24 27 28 29 30 31 32 ==109.0
20 33       20 21 23 24 27 28 29 30 31 32 33 ==137.0
20 34       20 21 23 24 27 28 29 30 31 32 33 34 ==159.0
20 35       20 10 15 14 46 35 ==78.0
20 36       20 10 15 14 46 36 ==88.0
20 37       20 10 15 14 46 36 38 37 ==146.0
20 38       20 10 15 14 46 36 38 ==120.0
20 39       20 10 15 14 46 36 38 39 ==141.0
20 40       20 10 15 14 46 36 38 39 40 ==155.0
20 41       20 10 15 14 46 36 38 39 40 41 ==159.0
20 42       20 10 15 14 46 36 38 39 40 41 42 ==185.0
20 43       20 21 23 24 27 28 29 30 31 43 ==145.0
20 44       20 10 15 14 46 36 44 ==107.0
20 45       20 21 23 24 27 45 ==71.0
20 46       20 10 15 14 46 ==51.0
20 47       20 21 23 24 27 28 47 ==92.0
20 48       20 21 23 24 27 45 48 ==81.0
20 49       20 21 23 24 27 28 29 30 31 32 37 49 ==156.0
20 50       20 10 15 14 46 36 44 50 ==117.0
20 51       20 10 15 14 46 35 51 ==88.0
21 12       21 23 24 27 28 29 30 31 32 33 34 12 ==153.0
21 13       21 23 24 27 28 29 30 31 32 33 34 12 13 ==163.0
21 14       21 23 24 27 28 29 30 31 43 15 14 ==122.0
21 15       21 23 24 27 28 29 30 31 43 15 ==118.0
21 23       21 23 ==12.0
21 24       21 23 24 ==16.0
21 25       21 23 24 27 28 29 30 31 43 15 14 46 36 38 39 40 41 42 25 ==270.0
21 26       21 23 24 27 28 29 30 31 43 15 14 46 36 38 39 40 41 42 25 26 ==278.0
21 27       21 23 24 27 ==20.0
21 28       21 23 24 27 28 ==47.0
21 29       21 23 24 27 28 29 ==60.0
21 30       21 23 24 27 28 29 30 ==66.0
21 31       21 23 24 27 28 29 30 31 ==70.0
21 32       21 23 24 27 28 29 30 31 32 ==74.0
21 33       21 23 24 27 28 29 30 31 32 33 ==102.0
21 34       21 23 24 27 28 29 30 31 32 33 34 ==124.0
21 35       21 23 24 27 28 29 30 31 32 33 34 35 ==143.0
21 36       21 23 24 27 28 29 30 31 43 15 14 46 36 ==163.0
21 37       21 23 24 27 28 29 30 31 32 37 ==111.0
21 38       21 23 24 27 28 29 30 31 43 15 14 46 36 38 ==195.0
21 39       21 23 24 27 28 29 30 31 43 15 14 46 36 38 39 ==216.0
21 40       21 23 24 27 28 29 30 31 43 15 14 46 36 38 39 40 ==230.0
21 41       21 23 24 27 28 29 30 31 43 15 14 46 36 38 39 40 41 ==234.0
21 42       21 23 24 27 28 29 30 31 43 15 14 46 36 38 39 40 41 42 ==260.0
21 43       21 23 24 27 28 29 30 31 43 ==110.0
21 44       21 23 24 27 28 29 30 31 32 33 44 ==126.0
21 45       21 23 24 27 45 ==36.0
21 46       21 23 24 27 28 29 30 31 43 15 14 46 ==126.0
21 47       21 23 24 27 28 47 ==57.0
21 48       21 23 24 27 45 48 ==46.0
21 49       21 23 24 27 28 29 30 31 32 37 49 ==121.0
21 50       21 23 24 27 28 29 30 31 32 33 44 50 ==136.0
21 51       21 23 24 27 28 29 30 31 43 15 14 46 35 51 ==153.0
22 12       22 24 27 28 29 30 31 32 33 34 12 ==163.0
22 13       22 24 27 28 29 30 31 32 33 34 12 13 ==173.0
22 14       22 26 43 15 14 ==33.0
22 15       22 26 43 15 ==29.0
22 23       22 24 27 28 29 30 31 32 33 34 12 13 23 ==181.0
22 24       22 24 ==26.0
22 25       22 26 43 15 14 46 36 38 39 40 41 42 25 ==181.0
22 26       22 26 ==17.0
22 27       22 24 27 ==30.0
22 28       22 24 27 28 ==57.0
22 29       22 24 27 28 29 ==70.0
22 30       22 24 27 28 29 30 ==76.0
22 31       22 24 27 28 29 30 31 ==80.0
22 32       22 24 27 28 29 30 31 32 ==84.0
22 33       22 24 27 28 29 30 31 32 33 ==112.0
22 34       22 24 27 28 29 30 31 32 33 34 ==134.0
22 35       22 26 43 15 14 46 35 ==64.0
22 36       22 26 43 15 14 46 36 ==74.0
22 37       22 24 27 28 29 30 31 32 37 ==121.0
22 38       22 26 43 15 14 46 36 38 ==106.0
22 39       22 26 43 15 14 46 36 38 39 ==127.0
22 40       22 26 43 15 14 46 36 38 39 40 ==141.0
22 41       22 26 43 15 14 46 36 38 39 40 41 ==145.0
22 42       22 26 43 15 14 46 36 38 39 40 41 42 ==171.0
22 43       22 26 43 ==21.0
22 44       22 26 43 15 14 46 36 44 ==93.0
22 45       22 24 27 45 ==46.0
22 46       22 26 43 15 14 46 ==37.0
22 47       22 24 27 28 47 ==67.0
22 48       22 24 27 45 48 ==56.0
22 49       22 24 27 28 29 30 31 32 37 49 ==131.0
22 50       22 26 43 15 14 46 36 44 50 ==103.0
22 51       22 26 43 15 14 46 35 51 ==74.0
23 12       23 24 27 28 29 30 31 32 33 34 12 ==141.0
23 13       23 24 27 28 29 30 31 32 33 34 12 13 ==151.0
23 14       23 24 27 28 29 30 31 43 15 14 ==110.0
23 15       23 24 27 28 29 30 31 43 15 ==106.0
23 24       23 24 ==4.0
23 25       23 24 27 28 29 30 31 43 15 14 46 36 38 39 40 41 42 25 ==258.0
23 26       23 24 27 28 29 30 31 43 15 14 46 36 38 39 40 41 42 25 26 ==266.0
23 27       23 24 27 ==8.0
23 28       23 24 27 28 ==35.0
23 29       23 24 27 28 29 ==48.0
23 30       23 24 27 28 29 30 ==54.0
23 31       23 24 27 28 29 30 31 ==58.0
23 32       23 24 27 28 29 30 31 32 ==62.0
23 33       23 24 27 28 29 30 31 32 33 ==90.0
23 34       23 24 27 28 29 30 31 32 33 34 ==112.0
23 35       23 24 27 28 29 30 31 32 33 34 35 ==131.0
23 36       23 24 27 28 29 30 31 43 15 14 46 36 ==151.0
23 37       23 24 27 28 29 30 31 32 37 ==99.0
23 38       23 24 27 28 29 30 31 43 15 14 46 36 38 ==183.0
23 39       23 24 27 28 29 30 31 43 15 14 46 36 38 39 ==204.0
23 40       23 24 27 28 29 30 31 43 15 14 46 36 38 39 40 ==218.0
23 41       23 24 27 28 29 30 31 43 15 14 46 36 38 39 40 41 ==222.0
23 42       23 24 27 28 29 30 31 43 15 14 46 36 38 39 40 41 42 ==248.0
23 43       23 24 27 28 29 30 31 43 ==98.0
23 44       23 24 27 28 29 30 31 32 33 44 ==114.0
23 45       23 24 27 45 ==24.0
23 46       23 24 27 28 29 30 31 43 15 14 46 ==114.0
23 47       23 24 27 28 47 ==45.0
23 48       23 24 27 45 48 ==34.0
23 49       23 24 27 28 29 30 31 32 37 49 ==109.0
23 50       23 24 27 28 29 30 31 32 33 44 50 ==124.0
23 51       23 24 27 28 29 30 31 43 15 14 46 35 51 ==141.0
24 12       24 27 28 29 30 31 32 33 34 12 ==137.0
24 13       24 27 28 29 30 31 32 33 34 12 13 ==147.0
24 14       24 27 28 29 30 31 43 15 14 ==106.0
24 15       24 27 28 29 30 31 43 15 ==102.0
24 23       24 27 28 29 30 31 32 33 34 12 13 23 ==155.0
24 25       24 27 28 29 30 31 43 15 14 46 36 38 39 40 41 42 25 ==254.0
24 26       24 27 28 29 30 31 43 15 14 46 36 38 39 40 41 42 25 26 ==262.0
24 27       24 27 ==4.0
24 28       24 27 28 ==31.0
24 29       24 27 28 29 ==44.0
24 30       24 27 28 29 30 ==50.0
24 31       24 27 28 29 30 31 ==54.0
24 32       24 27 28 29 30 31 32 ==58.0
24 33       24 27 28 29 30 31 32 33 ==86.0
24 34       24 27 28 29 30 31 32 33 34 ==108.0
24 35       24 27 28 29 30 31 32 33 34 35 ==127.0
24 36       24 27 28 29 30 31 43 15 14 46 36 ==147.0
24 37       24 27 28 29 30 31 32 37 ==95.0
24 38       24 27 28 29 30 31 43 15 14 46 36 38 ==179.0
24 39       24 27 28 29 30 31 43 15 14 46 36 38 39 ==200.0
24 40       24 27 28 29 30 31 43 15 14 46 36 38 39 40 ==214.0
24 41       24 27 28 29 30 31 43 15 14 46 36 38 39 40 41 ==218.0
24 42       24 27 28 29 30 31 43 15 14 46 36 38 39 40 41 42 ==244.0
24 43       24 27 28 29 30 31 43 ==94.0
24 44       24 27 28 29 30 31 32 33 44 ==110.0
24 45       24 27 45 ==20.0
24 46       24 27 28 29 30 31 43 15 14 46 ==110.0
24 47       24 27 28 47 ==41.0
24 48       24 27 45 48 ==30.0
24 49       24 27 28 29 30 31 32 37 49 ==105.0
24 50       24 27 28 29 30 31 32 33 44 50 ==120.0
24 51       24 27 28 29 30 31 43 15 14 46 35 51 ==137.0
25 12       25 26 43 15 14 46 36 38 39 40 41 42 30 31 32 33 34 12 ==282.0
25 13       25 26 43 15 14 46 36 38 39 40 41 42 30 31 32 33 34 12 13 ==292.0
25 14       25 26 43 15 14 ==24.0
25 15       25 26 43 15 ==20.0
25 23       25 26 43 15 14 46 36 38 39 40 41 42 30 31 32 33 34 12 13 23 ==300.0
25 24       25 26 43 15 14 46 36 38 39 40 41 42 30 31 32 33 34 12 13 23 24 ==304.0
25 26       25 26 ==8.0
25 27       25 26 43 15 14 46 36 38 39 40 41 42 30 31 32 33 34 12 13 23 24 27 ==308.0
25 28       25 26 43 15 14 46 36 38 39 40 41 42 30 31 32 33 34 12 13 23 24 27 28 ==335.0
25 29       25 26 43 15 14 46 36 38 39 40 41 42 30 31 32 33 34 12 13 23 24 27 28 29 ==348.0
25 30       25 26 43 15 14 46 36 38 39 40 41 42 30 ==195.0
25 31       25 26 43 15 14 46 36 38 39 40 41 42 30 31 ==199.0
25 32       25 26 43 15 14 46 36 38 39 40 41 42 30 31 32 ==203.0
25 33       25 26 43 15 14 46 36 38 39 40 41 42 30 31 32 33 ==231.0
25 34       25 26 43 15 14 46 36 38 39 40 41 42 30 31 32 33 34 ==253.0
25 35       25 26 43 15 14 46 35 ==55.0
25 36       25 26 43 15 14 46 36 ==65.0
25 37       25 26 43 15 14 46 36 38 37 ==129.0
25 38       25 26 43 15 14 46 36 38 ==97.0
25 39       25 26 43 15 14 46 36 38 39 ==118.0
25 40       25 26 43 15 14 46 36 38 39 40 ==132.0
25 41       25 26 43 15 14 46 36 38 39 40 41 ==136.0
25 42       25 26 43 15 14 46 36 38 39 40 41 42 ==162.0
25 43       25 26 43 ==12.0
25 44       25 26 43 15 14 46 36 44 ==84.0
25 45       25 26 43 15 14 46 36 38 39 40 41 45 ==160.0
25 46       25 26 43 15 14 46 ==28.0
25 47       25 26 43 15 14 46 36 38 39 47 ==128.0
25 48       25 26 43 15 14 46 36 38 39 40 41 45 48 ==170.0
25 49       25 26 43 15 14 46 36 38 37 49 ==139.0
25 50       25 26 43 15 14 46 36 44 50 ==94.0
25 51       25 26 43 15 14 46 35 51 ==65.0
26 12       26 43 15 14 46 36 38 39 40 41 42 30 31 32 33 34 12 ==274.0
26 13       26 43 15 14 46 36 38 39 40 41 42 30 31 32 33 34 12 13 ==284.0
26 14       26 43 15 14 ==16.0
26 15       26 43 15 ==12.0
26 23       26 43 15 14 46 36 38 39 40 41 42 30 31 32 33 34 12 13 23 ==292.0
26 24       26 43 15 14 46 36 38 39 40 41 42 30 31 32 33 34 12 13 23 24 ==296.0
26 25       26 43 15 14 46 36 38 39 40 41 42 25 ==164.0
26 27       26 43 15 14 46 36 38 39 40 41 42 30 31 32 33 34 12 13 23 24 27 ==300.0
26 28       26 43 15 14 46 36 38 39 40 41 42 30 31 32 33 34 12 13 23 24 27 28 ==327.0
26 29       26 43 15 14 46 36 38 39 40 41 42 30 31 32 33 34 12 13 23 24 27 28 29 ==340.0
26 30       26 43 15 14 46 36 38 39 40 41 42 30 ==187.0
26 31       26 43 15 14 46 36 38 39 40 41 42 30 31 ==191.0
26 32       26 43 15 14 46 36 38 39 40 41 42 30 31 32 ==195.0
26 33       26 43 15 14 46 36 38 39 40 41 42 30 31 32 33 ==223.0
26 34       26 43 15 14 46 36 38 39 40 41 42 30 31 32 33 34 ==245.0
26 35       26 43 15 14 46 35 ==47.0
26 36       26 43 15 14 46 36 ==57.0
26 37       26 43 15 14 46 36 38 37 ==121.0
26 38       26 43 15 14 46 36 38 ==89.0
26 39       26 43 15 14 46 36 38 39 ==110.0
26 40       26 43 15 14 46 36 38 39 40 ==124.0
26 41       26 43 15 14 46 36 38 39 40 41 ==128.0
26 42       26 43 15 14 46 36 38 39 40 41 42 ==154.0
26 43       26 43 ==4.0
26 44       26 43 15 14 46 36 44 ==76.0
26 45       26 43 15 14 46 36 38 39 40 41 45 ==152.0
26 46       26 43 15 14 46 ==20.0
26 47       26 43 15 14 46 36 38 39 47 ==120.0
26 48       26 43 15 14 46 36 38 39 40 41 45 48 ==162.0
26 49       26 43 15 14 46 36 38 37 49 ==131.0
26 50       26 43 15 14 46 36 44 50 ==86.0
26 51       26 43 15 14 46 35 51 ==57.0
27 12       27 28 29 30 31 32 33 34 12 ==133.0
27 13       27 28 29 30 31 32 33 34 12 13 ==143.0
27 14       27 28 29 30 31 43 15 14 ==102.0
27 15       27 28 29 30 31 43 15 ==98.0
27 23       27 28 29 30 31 32 33 34 12 13 23 ==151.0
27 24       27 28 29 30 31 32 33 34 12 13 23 24 ==155.0
27 25       27 28 29 30 31 43 15 14 46 36 38 39 40 41 42 25 ==250.0
27 26       27 28 29 30 31 43 15 14 46 36 38 39 40 41 42 25 26 ==258.0
27 28       27 28 ==27.0
27 29       27 28 29 ==40.0
27 30       27 28 29 30 ==46.0
27 31       27 28 29 30 31 ==50.0
27 32       27 28 29 30 31 32 ==54.0
27 33       27 28 29 30 31 32 33 ==82.0
27 34       27 28 29 30 31 32 33 34 ==104.0
27 35       27 28 29 30 31 32 33 34 35 ==123.0
27 36       27 28 29 30 31 43 15 14 46 36 ==143.0
27 37       27 28 29 30 31 32 37 ==91.0
27 38       27 28 29 30 31 43 15 14 46 36 38 ==175.0
27 39       27 28 29 30 31 43 15 14 46 36 38 39 ==196.0
27 40       27 28 29 30 31 43 15 14 46 36 38 39 40 ==210.0
27 41       27 28 29 30 31 43 15 14 46 36 38 39 40 41 ==214.0
27 42       27 28 29 30 31 43 15 14 46 36 38 39 40 41 42 ==240.0
27 43       27 28 29 30 31 43 ==90.0
27 44       27 28 29 30 31 32 33 44 ==106.0
27 45       27 45 ==16.0
27 46       27 28 29 30 31 43 15 14 46 ==106.0
27 47       27 28 47 ==37.0
27 48       27 45 48 ==26.0
27 49       27 28 29 30 31 32 37 49 ==101.0
27 50       27 28 29 30 31 32 33 44 50 ==116.0
27 51       27 28 29 30 31 43 15 14 46 35 51 ==133.0
28 12       28 29 30 31 32 33 34 12 ==106.0
28 13       28 29 30 31 32 33 34 12 13 ==116.0
28 14       28 29 30 31 43 15 14 ==75.0
28 15       28 29 30 31 43 15 ==71.0
28 23       28 29 30 31 32 33 34 12 13 23 ==124.0
28 24       28 29 30 31 32 33 34 12 13 23 24 ==128.0
28 25       28 29 30 31 43 15 14 46 36 38 39 40 41 42 25 ==223.0
28 26       28 29 30 31 43 15 14 46 36 38 39 40 41 42 25 26 ==231.0
28 27       28 29 30 31 32 33 34 12 13 23 24 27 ==132.0
28 29       28 29 ==13.0
28 30       28 29 30 ==19.0
28 31       28 29 30 31 ==23.0
28 32       28 29 30 31 32 ==27.0
28 33       28 29 30 31 32 33 ==55.0
28 34       28 29 30 31 32 33 34 ==77.0
28 35       28 29 30 31 32 33 34 35 ==96.0
28 36       28 29 30 31 43 15 14 46 36 ==116.0
28 37       28 29 30 31 32 37 ==64.0
28 38       28 29 30 31 43 15 14 46 36 38 ==148.0
28 39       28 29 30 31 43 15 14 46 36 38 39 ==169.0
28 40       28 29 30 31 43 15 14 46 36 38 39 40 ==183.0
28 41       28 29 30 31 43 15 14 46 36 38 39 40 41 ==187.0
28 42       28 29 30 31 43 15 14 46 36 38 39 40 41 42 ==213.0
28 43       28 29 30 31 43 ==63.0
28 44       28 29 30 31 32 33 44 ==79.0
28 45       28 29 30 31 32 33 34 12 13 23 24 27 45 ==148.0
28 46       28 29 30 31 43 15 14 46 ==79.0
28 47       28 47 ==10.0
28 48       28 29 30 31 32 33 34 12 13 23 24 27 45 48 ==158.0
28 49       28 29 30 31 32 37 49 ==74.0
28 50       28 29 30 31 32 33 44 50 ==89.0
28 51       28 29 30 31 43 15 14 46 35 51 ==106.0
29 12       29 30 31 32 33 34 12 ==93.0
29 13       29 30 31 32 33 34 12 13 ==103.0
29 14       29 30 31 43 15 14 ==62.0
29 15       29 30 31 43 15 ==58.0
29 23       29 30 31 32 33 34 12 13 23 ==111.0
29 24       29 30 31 32 33 34 12 13 23 24 ==115.0
29 25       29 30 31 43 15 14 46 36 38 39 40 41 42 25 ==210.0
29 26       29 30 31 43 15 14 46 36 38 39 40 41 42 25 26 ==218.0
29 27       29 30 31 32 33 34 12 13 23 24 27 ==119.0
29 28       29 30 31 32 33 34 12 13 23 24 27 28 ==146.0
29 30       29 30 ==6.0
29 31       29 30 31 ==10.0
29 32       29 30 31 32 ==14.0
29 33       29 30 31 32 33 ==42.0
29 34       29 30 31 32 33 34 ==64.0
29 35       29 30 31 32 33 34 35 ==83.0
29 36       29 30 31 43 15 14 46 36 ==103.0
29 37       29 30 31 32 37 ==51.0
29 38       29 30 31 43 15 14 46 36 38 ==135.0
29 39       29 30 31 43 15 14 46 36 38 39 ==156.0
29 40       29 30 31 43 15 14 46 36 38 39 40 ==170.0
29 41       29 30 31 43 15 14 46 36 38 39 40 41 ==174.0
29 42       29 30 31 43 15 14 46 36 38 39 40 41 42 ==200.0
29 43       29 30 31 43 ==50.0
29 44       29 30 31 32 33 44 ==66.0
29 45       29 30 31 32 33 34 12 13 23 24 27 45 ==135.0
29 46       29 30 31 43 15 14 46 ==66.0
29 47       29 30 31 32 33 34 12 13 23 24 27 28 47 ==156.0
29 48       29 30 31 32 33 34 12 13 23 24 27 45 48 ==145.0
29 49       29 30 31 32 37 49 ==61.0
29 50       29 30 31 32 33 44 50 ==76.0
29 51       29 30 31 43 15 14 46 35 51 ==93.0
30 12       30 31 32 33 34 12 ==87.0
30 13       30 31 32 33 34 12 13 ==97.0
30 14       30 31 43 15 14 ==56.0
30 15       30 31 43 15 ==52.0
30 23       30 31 32 33 34 12 13 23 ==105.0
30 24       30 31 32 33 34 12 13 23 24 ==109.0
30 25       30 31 43 15 14 46 36 38 39 40 41 42 25 ==204.0
30 26       30 31 43 15 14 46 36 38 39 40 41 42 25 26 ==212.0
30 27       30 31 32 33 34 12 13 23 24 27 ==113.0
30 28       30 31 32 33 34 12 13 23 24 27 28 ==140.0
30 29       30 31 32 33 34 12 13 23 24 27 28 29 ==153.0
30 31       30 31 ==4.0
30 32       30 31 32 ==8.0
30 33       30 31 32 33 ==36.0
30 34       30 31 32 33 34 ==58.0
30 35       30 31 32 33 34 35 ==77.0
30 36       30 31 43 15 14 46 36 ==97.0
30 37       30 31 32 37 ==45.0
30 38       30 31 43 15 14 46 36 38 ==129.0
30 39       30 31 43 15 14 46 36 38 39 ==150.0
30 40       30 31 43 15 14 46 36 38 39 40 ==164.0
30 41       30 31 43 15 14 46 36 38 39 40 41 ==168.0
30 42       30 31 43 15 14 46 36 38 39 40 41 42 ==194.0
30 43       30 31 43 ==44.0
30 44       30 31 32 33 44 ==60.0
30 45       30 31 32 33 34 12 13 23 24 27 45 ==129.0
30 46       30 31 43 15 14 46 ==60.0
30 47       30 31 32 33 34 12 13 23 24 27 28 47 ==150.0
30 48       30 31 32 33 34 12 13 23 24 27 45 48 ==139.0
30 49       30 31 32 37 49 ==55.0
30 50       30 31 32 33 44 50 ==70.0
30 51       30 31 43 15 14 46 35 51 ==87.0
31 12       31 32 33 34 12 ==83.0
31 13       31 32 33 34 12 13 ==93.0
31 14       31 43 15 14 ==52.0
31 15       31 43 15 ==48.0
31 23       31 32 33 34 12 13 23 ==101.0
31 24       31 32 33 34 12 13 23 24 ==105.0
31 25       31 43 15 14 46 36 38 39 40 41 42 25 ==200.0
31 26       31 43 15 14 46 36 38 39 40 41 42 25 26 ==208.0
31 27       31 32 33 34 12 13 23 24 27 ==109.0
31 28       31 32 33 34 12 13 23 24 27 28 ==136.0
31 29       31 32 33 34 12 13 23 24 27 28 29 ==149.0
31 30       31 32 33 34 12 13 23 24 27 28 29 30 ==155.0
31 32       31 32 ==4.0
31 33       31 32 33 ==32.0
31 34       31 32 33 34 ==54.0
31 35       31 32 33 34 35 ==73.0
31 36       31 43 15 14 46 36 ==93.0
31 37       31 32 37 ==41.0
31 38       31 43 15 14 46 36 38 ==125.0
31 39       31 43 15 14 46 36 38 39 ==146.0
31 40       31 43 15 14 46 36 38 39 40 ==160.0
31 41       31 43 15 14 46 36 38 39 40 41 ==164.0
31 42       31 43 15 14 46 36 38 39 40 41 42 ==190.0
31 43       31 43 ==40.0
31 44       31 32 33 44 ==56.0
31 45       31 32 33 34 12 13 23 24 27 45 ==125.0
31 46       31 43 15 14 46 ==56.0
31 47       31 32 33 34 12 13 23 24 27 28 47 ==146.0
31 48       31 32 33 34 12 13 23 24 27 45 48 ==135.0
31 49       31 32 37 49 ==51.0
31 50       31 32 33 44 50 ==66.0
31 51       31 43 15 14 46 35 51 ==83.0
32 12       32 33 34 12 ==79.0
32 13       32 33 34 12 13 ==89.0
32 14       32 33 34 12 13 23 24 27 28 29 30 31 43 15 14 ==207.0
32 15       32 33 34 12 13 23 24 27 28 29 30 31 43 15 ==203.0
32 23       32 33 34 12 13 23 ==97.0
32 24       32 33 34 12 13 23 24 ==101.0
32 25       32 33 34 12 13 23 24 27 28 29 30 31 43 15 14 46 36 38 39 40 41 42 25 ==355.0
32 26       32 33 34 12 13 23 24 27 28 29 30 31 43 15 14 46 36 38 39 40 41 42 25 26 ==363.0
32 27       32 33 34 12 13 23 24 27 ==105.0
32 28       32 33 34 12 13 23 24 27 28 ==132.0
32 29       32 33 34 12 13 23 24 27 28 29 ==145.0
32 30       32 33 34 12 13 23 24 27 28 29 30 ==151.0
32 31       32 33 34 12 13 23 24 27 28 29 30 31 ==155.0
32 33       32 33 ==28.0
32 34       32 33 34 ==50.0
32 35       32 33 34 35 ==69.0
32 36       32 33 34 12 13 23 24 27 28 29 30 31 43 15 14 46 36 ==248.0
32 37       32 37 ==37.0
32 38       32 33 34 12 13 23 24 27 28 29 30 31 43 15 14 46 36 38 ==280.0
32 39       32 33 34 12 13 23 24 27 28 29 30 31 43 15 14 46 36 38 39 ==301.0
32 40       32 33 34 12 13 23 24 27 28 29 30 31 43 15 14 46 36 38 39 40 ==315.0
32 41       32 33 34 12 13 23 24 27 28 29 30 31 43 15 14 46 36 38 39 40 41 ==319.0
32 42       32 33 34 12 13 23 24 27 28 29 30 31 43 15 14 46 36 38 39 40 41 42 ==345.0
32 43       32 33 34 12 13 23 24 27 28 29 30 31 43 ==195.0
32 44       32 33 44 ==52.0
32 45       32 33 34 12 13 23 24 27 45 ==121.0
32 46       32 33 34 12 13 23 24 27 28 29 30 31 43 15 14 46 ==211.0
32 47       32 33 34 12 13 23 24 27 28 47 ==142.0
32 48       32 33 34 12 13 23 24 27 45 48 ==131.0
32 49       32 37 49 ==47.0
32 50       32 33 44 50 ==62.0
32 51       32 33 34 35 51 ==79.0
33 12       33 34 12 ==51.0
33 13       33 34 12 13 ==61.0
33 14       33 34 12 13 23 24 27 28 29 30 31 43 15 14 ==179.0
33 15       33 34 12 13 23 24 27 28 29 30 31 43 15 ==175.0
33 23       33 34 12 13 23 ==69.0
33 24       33 34 12 13 23 24 ==73.0
33 25       33 34 12 13 23 24 27 28 29 30 31 43 15 14 46 36 38 39 40 41 42 25 ==327.0
33 26       33 34 12 13 23 24 27 28 29 30 31 43 15 14 46 36 38 39 40 41 42 25 26 ==335.0
33 27       33 34 12 13 23 24 27 ==77.0
33 28       33 34 12 13 23 24 27 28 ==104.0
33 29       33 34 12 13 23 24 27 28 29 ==117.0
33 30       33 34 12 13 23 24 27 28 29 30 ==123.0
33 31       33 34 12 13 23 24 27 28 29 30 31 ==127.0
33 32       33 34 12 13 23 24 27 28 29 30 31 32 ==131.0
33 34       33 34 ==22.0
33 35       33 34 35 ==41.0
33 36       33 34 12 13 23 24 27 28 29 30 31 43 15 14 46 36 ==220.0
33 37       33 34 12 13 23 24 27 28 29 30 31 32 37 ==168.0
33 38       33 34 12 13 23 24 27 28 29 30 31 43 15 14 46 36 38 ==252.0
33 39       33 34 12 13 23 24 27 28 29 30 31 43 15 14 46 36 38 39 ==273.0
33 40       33 34 12 13 23 24 27 28 29 30 31 43 15 14 46 36 38 39 40 ==287.0
33 41       33 34 12 13 23 24 27 28 29 30 31 43 15 14 46 36 38 39 40 41 ==291.0
33 42       33 34 12 13 23 24 27 28 29 30 31 43 15 14 46 36 38 39 40 41 42 ==317.0
33 43       33 34 12 13 23 24 27 28 29 30 31 43 ==167.0
33 44       33 44 ==24.0
33 45       33 34 12 13 23 24 27 45 ==93.0
33 46       33 34 12 13 23 24 27 28 29 30 31 43 15 14 46 ==183.0
33 47       33 34 12 13 23 24 27 28 47 ==114.0
33 48       33 34 12 13 23 24 27 45 48 ==103.0
33 49       33 34 12 13 23 24 27 28 29 30 31 32 37 49 ==178.0
33 50       33 44 50 ==34.0
33 51       33 34 35 51 ==51.0
34 12       34 12 ==29.0
34 13       34 12 13 ==39.0
34 14       34 12 13 23 24 27 28 29 30 31 43 15 14 ==157.0
34 15       34 12 13 23 24 27 28 29 30 31 43 15 ==153.0
34 23       34 12 13 23 ==47.0
34 24       34 12 13 23 24 ==51.0
34 25       34 12 13 23 24 27 28 29 30 31 43 15 14 46 36 38 39 40 41 42 25 ==305.0
34 26       34 12 13 23 24 27 28 29 30 31 43 15 14 46 36 38 39 40 41 42 25 26 ==313.0
34 27       34 12 13 23 24 27 ==55.0
34 28       34 12 13 23 24 27 28 ==82.0
34 29       34 12 13 23 24 27 28 29 ==95.0
34 30       34 12 13 23 24 27 28 29 30 ==101.0
34 31       34 12 13 23 24 27 28 29 30 31 ==105.0
34 32       34 12 13 23 24 27 28 29 30 31 32 ==109.0
34 33       34 12 13 23 24 27 28 29 30 31 32 33 ==137.0
34 35       34 35 ==19.0
34 36       34 12 13 23 24 27 28 29 30 31 43 15 14 46 36 ==198.0
34 37       34 12 13 23 24 27 28 29 30 31 32 37 ==146.0
34 38       34 12 13 23 24 27 28 29 30 31 43 15 14 46 36 38 ==230.0
34 39       34 12 13 23 24 27 28 29 30 31 43 15 14 46 36 38 39 ==251.0
34 40       34 12 13 23 24 27 28 29 30 31 43 15 14 46 36 38 39 40 ==265.0
34 41       34 12 13 23 24 27 28 29 30 31 43 15 14 46 36 38 39 40 41 ==269.0
34 42       34 12 13 23 24 27 28 29 30 31 43 15 14 46 36 38 39 40 41 42 ==295.0
34 43       34 12 13 23 24 27 28 29 30 31 43 ==145.0
34 44       34 12 13 23 24 27 28 29 30 31 32 33 44 ==161.0
34 45       34 12 13 23 24 27 45 ==71.0
34 46       34 12 13 23 24 27 28 29 30 31 43 15 14 46 ==161.0
34 47       34 12 13 23 24 27 28 47 ==92.0
34 48       34 12 13 23 24 27 45 48 ==81.0
34 49       34 12 13 23 24 27 28 29 30 31 32 37 49 ==156.0
34 50       34 12 13 23 24 27 28 29 30 31 32 33 44 50 ==171.0
34 51       34 35 51 ==29.0
35 51       35 51 ==10.0
36 12       36 38 39 40 41 42 30 31 32 33 34 12 ==217.0
36 13       36 38 39 40 41 42 30 31 32 33 34 12 13 ==227.0
36 14       36 38 39 40 41 42 25 26 43 15 14 ==131.0
36 15       36 38 39 40 41 42 25 26 43 15 ==127.0
36 23       36 38 39 40 41 42 30 31 32 33 34 12 13 23 ==235.0
36 24       36 38 39 40 41 42 30 31 32 33 34 12 13 23 24 ==239.0
36 25       36 38 39 40 41 42 25 ==107.0
36 26       36 38 39 40 41 42 25 26 ==115.0
36 27       36 38 39 40 41 42 30 31 32 33 34 12 13 23 24 27 ==243.0
36 28       36 38 39 40 41 42 30 31 32 33 34 12 13 23 24 27 28 ==270.0
36 29       36 38 39 40 41 42 30 31 32 33 34 12 13 23 24 27 28 29 ==283.0
36 30       36 38 39 40 41 42 30 ==130.0
36 31       36 38 39 40 41 42 30 31 ==134.0
36 32       36 38 39 40 41 42 30 31 32 ==138.0
36 33       36 38 39 40 41 42 30 31 32 33 ==166.0
36 34       36 38 39 40 41 42 30 31 32 33 34 ==188.0
36 35       36 38 39 40 41 42 25 26 43 15 14 46 35 ==162.0
36 37       36 38 37 ==64.0
36 38       36 38 ==32.0
36 39       36 38 39 ==53.0
36 40       36 38 39 40 ==67.0
36 41       36 38 39 40 41 ==71.0
36 42       36 38 39 40 41 42 ==97.0
36 43       36 38 39 40 41 42 25 26 43 ==119.0
36 44       36 44 ==19.0
36 45       36 38 39 40 41 45 ==95.0
36 46       36 38 39 40 41 42 25 26 43 15 14 46 ==135.0
36 47       36 38 39 47 ==63.0
36 48       36 38 39 40 41 45 48 ==105.0
36 49       36 38 37 49 ==74.0
36 50       36 44 50 ==29.0
36 51       36 38 39 40 41 42 25 26 43 15 14 46 35 51 ==172.0
37 49       37 49 ==10.0
38 12       38 39 40 41 42 30 31 32 33 34 12 ==185.0
38 13       38 39 40 41 42 30 31 32 33 34 12 13 ==195.0
38 14       38 39 40 41 42 25 26 43 15 14 ==99.0
38 15       38 39 40 41 42 25 26 43 15 ==95.0
38 23       38 39 40 41 42 30 31 32 33 34 12 13 23 ==203.0
38 24       38 39 40 41 42 30 31 32 33 34 12 13 23 24 ==207.0
38 25       38 39 40 41 42 25 ==75.0
38 26       38 39 40 41 42 25 26 ==83.0
38 27       38 39 40 41 42 30 31 32 33 34 12 13 23 24 27 ==211.0
38 28       38 39 40 41 42 30 31 32 33 34 12 13 23 24 27 28 ==238.0
38 29       38 39 40 41 42 30 31 32 33 34 12 13 23 24 27 28 29 ==251.0
38 30       38 39 40 41 42 30 ==98.0
38 31       38 39 40 41 42 30 31 ==102.0
38 32       38 39 40 41 42 30 31 32 ==106.0
38 33       38 39 40 41 42 30 31 32 33 ==134.0
38 34       38 39 40 41 42 30 31 32 33 34 ==156.0
38 35       38 39 40 41 42 25 26 43 15 14 46 35 ==130.0
38 36       38 39 40 41 42 25 26 43 15 14 46 36 ==140.0
38 37       38 37 ==32.0
38 39       38 39 ==21.0
38 40       38 39 40 ==35.0
38 41       38 39 40 41 ==39.0
38 42       38 39 40 41 42 ==65.0
38 43       38 39 40 41 42 25 26 43 ==87.0
38 44       38 39 40 41 42 30 31 32 33 44 ==158.0
38 45       38 39 40 41 45 ==63.0
38 46       38 39 40 41 42 25 26 43 15 14 46 ==103.0
38 47       38 39 47 ==31.0
38 48       38 39 40 41 45 48 ==73.0
38 49       38 37 49 ==42.0
38 50       38 39 40 41 42 30 31 32 33 44 50 ==168.0
38 51       38 39 40 41 42 25 26 43 15 14 46 35 51 ==140.0
39 12       39 40 41 42 30 31 32 33 34 12 ==164.0
39 13       39 40 41 42 30 31 32 33 34 12 13 ==174.0
39 14       39 40 41 42 25 26 43 15 14 ==78.0
39 15       39 40 41 42 25 26 43 15 ==74.0
39 23       39 40 41 42 30 31 32 33 34 12 13 23 ==182.0
39 24       39 40 41 42 30 31 32 33 34 12 13 23 24 ==186.0
39 25       39 40 41 42 25 ==54.0
39 26       39 40 41 42 25 26 ==62.0
39 27       39 40 41 42 30 31 32 33 34 12 13 23 24 27 ==190.0
39 28       39 40 41 42 30 31 32 33 34 12 13 23 24 27 28 ==217.0
39 29       39 40 41 42 30 31 32 33 34 12 13 23 24 27 28 29 ==230.0
39 30       39 40 41 42 30 ==77.0
39 31       39 40 41 42 30 31 ==81.0
39 32       39 40 41 42 30 31 32 ==85.0
39 33       39 40 41 42 30 31 32 33 ==113.0
39 34       39 40 41 42 30 31 32 33 34 ==135.0
39 35       39 40 41 42 25 26 43 15 14 46 35 ==109.0
39 36       39 40 41 42 25 26 43 15 14 46 36 ==119.0
39 37       39 40 41 42 30 31 32 37 ==122.0
39 38       39 40 41 42 25 26 43 15 14 46 36 38 ==151.0
39 40       39 40 ==14.0
39 41       39 40 41 ==18.0
39 42       39 40 41 42 ==44.0
39 43       39 40 41 42 25 26 43 ==66.0
39 44       39 40 41 42 30 31 32 33 44 ==137.0
39 45       39 40 41 45 ==42.0
39 46       39 40 41 42 25 26 43 15 14 46 ==82.0
39 47       39 47 ==10.0
39 48       39 40 41 45 48 ==52.0
39 49       39 40 41 42 30 31 32 37 49 ==132.0
39 50       39 40 41 42 30 31 32 33 44 50 ==147.0
39 51       39 40 41 42 25 26 43 15 14 46 35 51 ==119.0
40 12       40 41 42 30 31 32 33 34 12 ==150.0
40 13       40 41 42 30 31 32 33 34 12 13 ==160.0
40 14       40 41 42 25 26 43 15 14 ==64.0
40 15       40 41 42 25 26 43 15 ==60.0
40 23       40 41 42 30 31 32 33 34 12 13 23 ==168.0
40 24       40 41 42 30 31 32 33 34 12 13 23 24 ==172.0
40 25       40 41 42 25 ==40.0
40 26       40 41 42 25 26 ==48.0
40 27       40 41 42 30 31 32 33 34 12 13 23 24 27 ==176.0
40 28       40 41 42 30 31 32 33 34 12 13 23 24 27 28 ==203.0
40 29       40 41 42 30 31 32 33 34 12 13 23 24 27 28 29 ==216.0
40 30       40 41 42 30 ==63.0
40 31       40 41 42 30 31 ==67.0
40 32       40 41 42 30 31 32 ==71.0
40 33       40 41 42 30 31 32 33 ==99.0
40 34       40 41 42 30 31 32 33 34 ==121.0
40 35       40 41 42 25 26 43 15 14 46 35 ==95.0
40 36       40 41 42 25 26 43 15 14 46 36 ==105.0
40 37       40 41 42 30 31 32 37 ==108.0
40 38       40 41 42 25 26 43 15 14 46 36 38 ==137.0
40 39       40 41 42 25 26 43 15 14 46 36 38 39 ==158.0
40 41       40 41 ==4.0
40 42       40 41 42 ==30.0
40 43       40 41 42 25 26 43 ==52.0
40 44       40 41 42 30 31 32 33 44 ==123.0
40 45       40 41 45 ==28.0
40 46       40 41 42 25 26 43 15 14 46 ==68.0
40 47       40 41 42 25 26 43 15 14 46 36 38 39 47 ==168.0
40 48       40 41 45 48 ==38.0
40 49       40 41 42 30 31 32 37 49 ==118.0
40 50       40 41 42 30 31 32 33 44 50 ==133.0
40 51       40 41 42 25 26 43 15 14 46 35 51 ==105.0
41 12       41 42 30 31 32 33 34 12 ==146.0
41 13       41 42 30 31 32 33 34 12 13 ==156.0
41 14       41 42 25 26 43 15 14 ==60.0
41 15       41 42 25 26 43 15 ==56.0
41 23       41 42 30 31 32 33 34 12 13 23 ==164.0
41 24       41 42 30 31 32 33 34 12 13 23 24 ==168.0
41 25       41 42 25 ==36.0
41 26       41 42 25 26 ==44.0
41 27       41 42 30 31 32 33 34 12 13 23 24 27 ==172.0
41 28       41 42 30 31 32 33 34 12 13 23 24 27 28 ==199.0
41 29       41 42 30 31 32 33 34 12 13 23 24 27 28 29 ==212.0
41 30       41 42 30 ==59.0
41 31       41 42 30 31 ==63.0
41 32       41 42 30 31 32 ==67.0
41 33       41 42 30 31 32 33 ==95.0
41 34       41 42 30 31 32 33 34 ==117.0
41 35       41 42 25 26 43 15 14 46 35 ==91.0
41 36       41 42 25 26 43 15 14 46 36 ==101.0
41 37       41 42 30 31 32 37 ==104.0
41 38       41 42 25 26 43 15 14 46 36 38 ==133.0
41 39       41 42 25 26 43 15 14 46 36 38 39 ==154.0
41 40       41 42 25 26 43 15 14 46 36 38 39 40 ==168.0
41 42       41 42 ==26.0
41 43       41 42 25 26 43 ==48.0
41 44       41 42 30 31 32 33 44 ==119.0
41 45       41 45 ==24.0
41 46       41 42 25 26 43 15 14 46 ==64.0
41 47       41 42 25 26 43 15 14 46 36 38 39 47 ==164.0
41 48       41 45 48 ==34.0
41 49       41 42 30 31 32 37 49 ==114.0
41 50       41 42 30 31 32 33 44 50 ==129.0
41 51       41 42 25 26 43 15 14 46 35 51 ==101.0
42 12       42 30 31 32 33 34 12 ==120.0
42 13       42 30 31 32 33 34 12 13 ==130.0
42 14       42 25 26 43 15 14 ==34.0
42 15       42 25 26 43 15 ==30.0
42 23       42 30 31 32 33 34 12 13 23 ==138.0
42 24       42 30 31 32 33 34 12 13 23 24 ==142.0
42 25       42 25 ==10.0
42 26       42 25 26 ==18.0
42 27       42 30 31 32 33 34 12 13 23 24 27 ==146.0
42 28       42 30 31 32 33 34 12 13 23 24 27 28 ==173.0
42 29       42 30 31 32 33 34 12 13 23 24 27 28 29 ==186.0
42 30       42 30 ==33.0
42 31       42 30 31 ==37.0
42 32       42 30 31 32 ==41.0
42 33       42 30 31 32 33 ==69.0
42 34       42 30 31 32 33 34 ==91.0
42 35       42 25 26 43 15 14 46 35 ==65.0
42 36       42 25 26 43 15 14 46 36 ==75.0
42 37       42 30 31 32 37 ==78.0
42 38       42 25 26 43 15 14 46 36 38 ==107.0
42 39       42 25 26 43 15 14 46 36 38 39 ==128.0
42 40       42 25 26 43 15 14 46 36 38 39 40 ==142.0
42 41       42 25 26 43 15 14 46 36 38 39 40 41 ==146.0
42 43       42 25 26 43 ==22.0
42 44       42 30 31 32 33 44 ==93.0
42 45       42 30 31 32 33 34 12 13 23 24 27 45 ==162.0
42 46       42 25 26 43 15 14 46 ==38.0
42 47       42 25 26 43 15 14 46 36 38 39 47 ==138.0
42 48       42 30 31 32 33 34 12 13 23 24 27 45 48 ==172.0
42 49       42 30 31 32 37 49 ==88.0
42 50       42 30 31 32 33 44 50 ==103.0
42 51       42 25 26 43 15 14 46 35 51 ==75.0
43 12       43 15 14 46 36 38 39 40 41 42 30 31 32 33 34 12 ==270.0
43 13       43 15 14 46 36 38 39 40 41 42 30 31 32 33 34 12 13 ==280.0
43 14       43 15 14 ==12.0
43 15       43 15 ==8.0
43 23       43 15 14 46 36 38 39 40 41 42 30 31 32 33 34 12 13 23 ==288.0
43 24       43 15 14 46 36 38 39 40 41 42 30 31 32 33 34 12 13 23 24 ==292.0
43 25       43 15 14 46 36 38 39 40 41 42 25 ==160.0
43 26       43 15 14 46 36 38 39 40 41 42 25 26 ==168.0
43 27       43 15 14 46 36 38 39 40 41 42 30 31 32 33 34 12 13 23 24 27 ==296.0
43 28       43 15 14 46 36 38 39 40 41 42 30 31 32 33 34 12 13 23 24 27 28 ==323.0
43 29       43 15 14 46 36 38 39 40 41 42 30 31 32 33 34 12 13 23 24 27 28 29 ==336.0
43 30       43 15 14 46 36 38 39 40 41 42 30 ==183.0
43 31       43 15 14 46 36 38 39 40 41 42 30 31 ==187.0
43 32       43 15 14 46 36 38 39 40 41 42 30 31 32 ==191.0
43 33       43 15 14 46 36 38 39 40 41 42 30 31 32 33 ==219.0
43 34       43 15 14 46 36 38 39 40 41 42 30 31 32 33 34 ==241.0
43 35       43 15 14 46 35 ==43.0
43 36       43 15 14 46 36 ==53.0
43 37       43 15 14 46 36 38 37 ==117.0
43 38       43 15 14 46 36 38 ==85.0
43 39       43 15 14 46 36 38 39 ==106.0
43 40       43 15 14 46 36 38 39 40 ==120.0
43 41       43 15 14 46 36 38 39 40 41 ==124.0
43 42       43 15 14 46 36 38 39 40 41 42 ==150.0
43 44       43 15 14 46 36 44 ==72.0
43 45       43 15 14 46 36 38 39 40 41 45 ==148.0
43 46       43 15 14 46 ==16.0
43 47       43 15 14 46 36 38 39 47 ==116.0
43 48       43 15 14 46 36 38 39 40 41 45 48 ==158.0
43 49       43 15 14 46 36 38 37 49 ==127.0
43 50       43 15 14 46 36 44 50 ==82.0
43 51       43 15 14 46 35 51 ==53.0
44 50       44 50 ==10.0
45 48       45 48 ==10.0
46 12       46 36 38 39 40 41 42 30 31 32 33 34 12 ==254.0
46 13       46 36 38 39 40 41 42 30 31 32 33 34 12 13 ==264.0
46 14       46 36 38 39 40 41 42 25 26 43 15 14 ==168.0
46 15       46 36 38 39 40 41 42 25 26 43 15 ==164.0
46 23       46 36 38 39 40 41 42 30 31 32 33 34 12 13 23 ==272.0
46 24       46 36 38 39 40 41 42 30 31 32 33 34 12 13 23 24 ==276.0
46 25       46 36 38 39 40 41 42 25 ==144.0
46 26       46 36 38 39 40 41 42 25 26 ==152.0
46 27       46 36 38 39 40 41 42 30 31 32 33 34 12 13 23 24 27 ==280.0
46 28       46 36 38 39 40 41 42 30 31 32 33 34 12 13 23 24 27 28 ==307.0
46 29       46 36 38 39 40 41 42 30 31 32 33 34 12 13 23 24 27 28 29 ==320.0
46 30       46 36 38 39 40 41 42 30 ==167.0
46 31       46 36 38 39 40 41 42 30 31 ==171.0
46 32       46 36 38 39 40 41 42 30 31 32 ==175.0
46 33       46 36 38 39 40 41 42 30 31 32 33 ==203.0
46 34       46 36 38 39 40 41 42 30 31 32 33 34 ==225.0
46 35       46 35 ==27.0
46 36       46 36 ==37.0
46 37       46 36 38 37 ==101.0
46 38       46 36 38 ==69.0
46 39       46 36 38 39 ==90.0
46 40       46 36 38 39 40 ==104.0
46 41       46 36 38 39 40 41 ==108.0
46 42       46 36 38 39 40 41 42 ==134.0
46 43       46 36 38 39 40 41 42 25 26 43 ==156.0
46 44       46 36 44 ==56.0
46 45       46 36 38 39 40 41 45 ==132.0
46 47       46 36 38 39 47 ==100.0
46 48       46 36 38 39 40 41 45 48 ==142.0
46 49       46 36 38 37 49 ==111.0
46 50       46 36 44 50 ==66.0
46 51       46 35 51 ==37.0
52 12       52 29 30 31 32 33 34 12 ==103.0
52 13       52 29 30 31 32 33 34 12 13 ==113.0
52 14       52 29 30 31 43 15 14 ==72.0
52 15       52 29 30 31 43 15 ==68.0
52 23       52 29 30 31 32 33 34 12 13 23 ==121.0
52 24       52 29 30 31 32 33 34 12 13 23 24 ==125.0
52 25       52 40 41 42 25 ==50.0
52 26       52 40 41 42 25 26 ==58.0
52 27       52 29 30 31 32 33 34 12 13 23 24 27 ==129.0
52 28       52 29 30 31 32 33 34 12 13 23 24 27 28 ==156.0
52 29       52 29 ==10.0
52 30       52 29 30 ==16.0
52 31       52 29 30 31 ==20.0
52 32       52 29 30 31 32 ==24.0
52 33       52 29 30 31 32 33 ==52.0
52 34       52 29 30 31 32 33 34 ==74.0
52 35       52 29 30 31 32 33 34 35 ==93.0
52 36       52 29 30 31 43 15 14 46 36 ==113.0
52 37       52 29 30 31 32 37 ==61.0
52 38       52 29 30 31 43 15 14 46 36 38 ==145.0
52 39       52 29 30 31 43 15 14 46 36 38 39 ==166.0
52 40       52 40 ==10.0
52 41       52 40 41 ==14.0
52 42       52 40 41 42 ==40.0
52 43       52 29 30 31 43 ==60.0
52 44       52 29 30 31 32 33 44 ==76.0
52 45       52 40 41 45 ==38.0
52 46       52 29 30 31 43 15 14 46 ==76.0
52 47       52 29 30 31 32 33 34 12 13 23 24 27 28 47 ==166.0
52 48       52 40 41 45 48 ==48.0
52 49       52 29 30 31 32 37 49 ==71.0
52 50       52 29 30 31 32 33 44 50 ==86.0
52 51       52 29 30 31 43 15 14 46 35 51 ==103.0
53 10       53 20 10 ==17.0
53 12       53 20 21 23 24 27 28 29 30 31 32 33 34 12 ==198.0
53 13       53 20 21 23 24 27 28 29 30 31 32 33 34 12 13 ==208.0
53 14       53 20 10 15 14 ==57.0
53 15       53 20 10 15 ==53.0
53 20       53 20 ==10.0
53 21       53 20 21 ==45.0
53 23       53 20 21 23 ==57.0
53 24       53 20 21 23 24 ==61.0
53 25       53 20 10 15 14 46 36 38 39 40 41 42 25 ==205.0
53 26       53 20 10 15 14 46 36 38 39 40 41 42 25 26 ==213.0
53 27       53 20 21 23 24 27 ==65.0
53 28       53 20 21 23 24 27 28 ==92.0
53 29       53 20 21 23 24 27 28 29 ==105.0
53 30       53 20 21 23 24 27 28 29 30 ==111.0
53 31       53 20 21 23 24 27 28 29 30 31 ==115.0
53 32       53 20 21 23 24 27 28 29 30 31 32 ==119.0
53 33       53 20 21 23 24 27 28 29 30 31 32 33 ==147.0
53 34       53 20 21 23 24 27 28 29 30 31 32 33 34 ==169.0
53 35       53 20 10 15 14 46 35 ==88.0
53 36       53 20 10 15 14 46 36 ==98.0
53 37       53 20 10 15 14 46 36 38 37 ==156.0
53 38       53 20 10 15 14 46 36 38 ==130.0
53 39       53 20 10 15 14 46 36 38 39 ==151.0
53 40       53 20 10 15 14 46 36 38 39 40 ==165.0
53 41       53 20 10 15 14 46 36 38 39 40 41 ==169.0
53 42       53 20 10 15 14 46 36 38 39 40 41 42 ==195.0
53 43       53 20 21 23 24 27 28 29 30 31 43 ==155.0
53 44       53 20 10 15 14 46 36 44 ==117.0
53 45       53 20 21 23 24 27 45 ==81.0
53 46       53 20 10 15 14 46 ==61.0
53 47       53 20 21 23 24 27 28 47 ==102.0
53 48       53 20 21 23 24 27 45 48 ==91.0
53 49       53 20 21 23 24 27 28 29 30 31 32 37 49 ==166.0
53 50       53 20 10 15 14 46 36 44 50 ==127.0
53 51       53 20 10 15 14 46 35 51 ==98.0
0 6       0 6 ==8.0
0 8       0 6 8 ==15.0
0 11       0 6 8 11 ==23.0
0 12       0 6 12 ==33.0
0 13       0 6 12 13 ==43.0
0 14       0 6 8 11 14 ==55.0
0 15       0 6 12 13 23 24 27 28 29 30 31 43 15 ==157.0
0 23       0 6 12 13 23 ==51.0
0 24       0 6 12 13 23 24 ==55.0
0 25       0 6 8 11 14 46 36 38 39 40 41 42 25 ==203.0
0 26       0 6 8 11 14 46 36 38 39 40 41 42 25 26 ==211.0
0 27       0 6 12 13 23 24 27 ==59.0
0 28       0 6 12 13 23 24 27 28 ==86.0
0 29       0 6 12 13 23 24 27 28 29 ==99.0
0 30       0 6 12 13 23 24 27 28 29 30 ==105.0
0 31       0 6 12 13 23 24 27 28 29 30 31 ==109.0
0 32       0 6 12 13 23 24 27 28 29 30 31 32 ==113.0
0 33       0 6 12 13 23 24 27 28 29 30 31 32 33 ==141.0
0 34       0 6 12 13 23 24 27 28 29 30 31 32 33 34 ==163.0
0 35       0 6 8 11 14 46 35 ==86.0
0 36       0 6 8 11 14 46 36 ==96.0
0 37       0 6 8 11 14 46 36 38 37 ==150.0
0 38       0 6 8 11 14 46 36 38 ==128.0
0 39       0 6 8 11 14 46 36 38 39 ==149.0
0 40       0 6 8 11 14 46 36 38 39 40 ==163.0
0 41       0 6 8 11 14 46 36 38 39 40 41 ==167.0
0 42       0 6 8 11 14 46 36 38 39 40 41 42 ==193.0
0 43       0 6 12 13 23 24 27 28 29 30 31 43 ==149.0
0 44       0 6 8 11 14 46 36 44 ==115.0
0 45       0 6 12 13 23 24 27 45 ==75.0
0 46       0 6 8 11 14 46 ==59.0
0 47       0 6 12 13 23 24 27 28 47 ==96.0
0 48       0 6 12 13 23 24 27 45 48 ==85.0
0 49       0 6 12 13 23 24 27 28 29 30 31 32 37 49 ==160.0
0 50       0 6 8 11 14 46 36 44 50 ==125.0
0 51       0 6 8 11 14 46 35 51 ==96.0
1 7       1 7 ==12.0
1 8       1 7 8 ==16.0
1 11       1 7 8 11 ==24.0
1 12       1 7 8 11 13 23 24 27 28 29 30 31 32 33 34 12 ==201.0
1 13       1 7 8 11 13 ==52.0
1 14       1 7 8 11 14 ==56.0
1 15       1 7 8 11 13 23 24 27 28 29 30 31 43 15 ==166.0
1 23       1 7 8 11 13 23 ==60.0
1 24       1 7 8 11 13 23 24 ==64.0
1 25       1 7 8 11 14 46 36 38 39 40 41 42 25 ==204.0
1 26       1 7 8 11 14 46 36 38 39 40 41 42 25 26 ==212.0
1 27       1 7 8 11 13 23 24 27 ==68.0
1 28       1 7 8 11 13 23 24 27 28 ==95.0
1 29       1 7 8 11 13 23 24 27 28 29 ==108.0
1 30       1 7 8 11 13 23 24 27 28 29 30 ==114.0
1 31       1 7 8 11 13 23 24 27 28 29 30 31 ==118.0
1 32       1 7 8 11 13 23 24 27 28 29 30 31 32 ==122.0
1 33       1 7 8 11 13 23 24 27 28 29 30 31 32 33 ==150.0
1 34       1 7 8 11 13 23 24 27 28 29 30 31 32 33 34 ==172.0
1 35       1 7 8 11 14 46 35 ==87.0
1 36       1 7 8 11 14 46 36 ==97.0
1 37       1 7 8 11 14 46 36 38 37 ==159.0
1 38       1 7 8 11 14 46 36 38 ==129.0
1 39       1 7 8 11 14 46 36 38 39 ==150.0
1 40       1 7 8 11 14 46 36 38 39 40 ==164.0
1 41       1 7 8 11 14 46 36 38 39 40 41 ==168.0
1 42       1 7 8 11 14 46 36 38 39 40 41 42 ==194.0
1 43       1 7 8 11 13 23 24 27 28 29 30 31 43 ==158.0
1 44       1 7 8 11 14 46 36 44 ==116.0
1 45       1 7 8 11 13 23 24 27 45 ==84.0
1 46       1 7 8 11 14 46 ==60.0
1 47       1 7 8 11 13 23 24 27 28 47 ==105.0
1 48       1 7 8 11 13 23 24 27 45 48 ==94.0
1 49       1 7 8 11 13 23 24 27 28 29 30 31 32 37 49 ==169.0
1 50       1 7 8 11 14 46 36 44 50 ==126.0
1 51       1 7 8 11 14 46 35 51 ==97.0
2 7       2 9 7 ==16.0
2 8       2 9 7 8 ==20.0
2 9       2 9 ==9.0
2 10       2 9 10 ==29.0
2 11       2 9 7 8 11 ==28.0
2 12       2 9 7 8 11 13 23 24 27 28 29 30 31 32 33 34 12 ==205.0
2 13       2 9 7 8 11 13 ==56.0
2 14       2 9 7 8 11 14 ==60.0
2 15       2 9 10 15 ==65.0
2 23       2 9 7 8 11 13 23 ==64.0
2 24       2 9 7 8 11 13 23 24 ==68.0
2 25       2 9 7 8 11 14 46 36 38 39 40 41 42 25 ==208.0
2 26       2 9 7 8 11 14 46 36 38 39 40 41 42 25 26 ==216.0
2 27       2 9 7 8 11 13 23 24 27 ==72.0
2 28       2 9 7 8 11 13 23 24 27 28 ==99.0
2 29       2 9 7 8 11 13 23 24 27 28 29 ==112.0
2 30       2 9 7 8 11 13 23 24 27 28 29 30 ==118.0
2 31       2 9 7 8 11 13 23 24 27 28 29 30 31 ==122.0
2 32       2 9 7 8 11 13 23 24 27 28 29 30 31 32 ==126.0
2 33       2 9 7 8 11 13 23 24 27 28 29 30 31 32 33 ==154.0
2 34       2 9 7 8 11 13 23 24 27 28 29 30 31 32 33 34 ==176.0
2 35       2 9 7 8 11 14 46 35 ==91.0
2 36       2 9 7 8 11 14 46 36 ==101.0
2 37       2 9 7 8 11 14 46 36 38 37 ==163.0
2 38       2 9 7 8 11 14 46 36 38 ==133.0
2 39       2 9 7 8 11 14 46 36 38 39 ==154.0
2 40       2 9 7 8 11 14 46 36 38 39 40 ==168.0
2 41       2 9 7 8 11 14 46 36 38 39 40 41 ==172.0
2 42       2 9 7 8 11 14 46 36 38 39 40 41 42 ==198.0
2 43       2 9 7 8 11 13 23 24 27 28 29 30 31 43 ==162.0
2 44       2 9 7 8 11 14 46 36 44 ==120.0
2 45       2 9 7 8 11 13 23 24 27 45 ==88.0
2 46       2 9 7 8 11 14 46 ==64.0
2 47       2 9 7 8 11 13 23 24 27 28 47 ==109.0
2 48       2 9 7 8 11 13 23 24 27 45 48 ==98.0
2 49       2 9 7 8 11 13 23 24 27 28 29 30 31 32 37 49 ==173.0
2 50       2 9 7 8 11 14 46 36 44 50 ==130.0
2 51       2 9 7 8 11 14 46 35 51 ==101.0
3 12       3 16 21 23 24 27 28 29 30 31 32 33 34 12 ==201.0
3 13       3 16 21 23 24 27 28 29 30 31 32 33 34 12 13 ==211.0
3 14       3 16 17 18 22 26 43 15 14 ==71.0
3 15       3 16 17 18 22 26 43 15 ==67.0
3 16       3 16 ==4.0
3 17       3 16 17 ==13.0
3 18       3 16 17 18 ==17.0
3 21       3 16 21 ==61.0
3 22       3 16 17 18 22 ==38.0
3 23       3 16 21 23 ==73.0
3 24       3 16 17 18 22 24 ==64.0
3 25       3 16 17 18 22 26 43 15 14 46 36 38 39 40 41 42 25 ==219.0
3 26       3 16 17 18 22 26 ==55.0
3 27       3 16 21 23 24 27 ==68.0
3 28       3 16 21 23 24 27 28 ==95.0
3 29       3 16 21 23 24 27 28 29 ==108.0
3 30       3 16 21 23 24 27 28 29 30 ==114.0
3 31       3 16 21 23 24 27 28 29 30 31 ==118.0
3 32       3 16 21 23 24 27 28 29 30 31 32 ==122.0
3 33       3 16 21 23 24 27 28 29 30 31 32 33 ==150.0
3 34       3 16 21 23 24 27 28 29 30 31 32 33 34 ==172.0
3 35       3 16 17 18 22 26 43 15 14 46 35 ==102.0
3 36       3 16 17 18 22 26 43 15 14 46 36 ==112.0
3 37       3 16 21 23 24 27 28 29 30 31 32 37 ==159.0
3 38       3 16 17 18 22 26 43 15 14 46 36 38 ==144.0
3 39       3 16 17 18 22 26 43 15 14 46 36 38 39 ==165.0
3 40       3 16 17 18 22 26 43 15 14 46 36 38 39 40 ==179.0
3 41       3 16 17 18 22 26 43 15 14 46 36 38 39 40 41 ==183.0
3 42       3 16 17 18 22 26 43 15 14 46 36 38 39 40 41 42 ==209.0
3 43       3 16 17 18 22 26 43 ==59.0
3 44       3 16 17 18 22 26 43 15 14 46 36 44 ==131.0
3 45       3 16 21 23 24 27 45 ==84.0
3 46       3 16 17 18 22 26 43 15 14 46 ==75.0
3 47       3 16 21 23 24 27 28 47 ==105.0
3 48       3 16 21 23 24 27 45 48 ==94.0
3 49       3 16 21 23 24 27 28 29 30 31 32 37 49 ==169.0
3 50       3 16 17 18 22 26 43 15 14 46 36 44 50 ==141.0
3 51       3 16 17 18 22 26 43 15 14 46 35 51 ==112.0
4 12       4 17 18 22 24 27 28 29 30 31 32 33 34 12 ==197.0
4 13       4 17 18 22 24 27 28 29 30 31 32 33 34 12 13 ==207.0
4 14       4 17 18 22 26 43 15 14 ==67.0
4 15       4 17 18 22 26 43 15 ==63.0
4 17       4 17 ==9.0
4 18       4 17 18 ==13.0
4 22       4 17 18 22 ==34.0
4 23       4 17 18 22 24 27 28 29 30 31 32 33 34 12 13 23 ==215.0
4 24       4 17 18 22 24 ==60.0
4 25       4 17 18 22 26 43 15 14 46 36 38 39 40 41 42 25 ==215.0
4 26       4 17 18 22 26 ==51.0
4 27       4 17 18 22 24 27 ==64.0
4 28       4 17 18 22 24 27 28 ==91.0
4 29       4 17 18 22 24 27 28 29 ==104.0
4 30       4 17 18 22 24 27 28 29 30 ==110.0
4 31       4 17 18 22 24 27 28 29 30 31 ==114.0
4 32       4 17 18 22 24 27 28 29 30 31 32 ==118.0
4 33       4 17 18 22 24 27 28 29 30 31 32 33 ==146.0
4 34       4 17 18 22 24 27 28 29 30 31 32 33 34 ==168.0
4 35       4 17 18 22 26 43 15 14 46 35 ==98.0
4 36       4 17 18 22 26 43 15 14 46 36 ==108.0
4 37       4 17 18 22 24 27 28 29 30 31 32 37 ==155.0
4 38       4 17 18 22 26 43 15 14 46 36 38 ==140.0
4 39       4 17 18 22 26 43 15 14 46 36 38 39 ==161.0
4 40       4 17 18 22 26 43 15 14 46 36 38 39 40 ==175.0
4 41       4 17 18 22 26 43 15 14 46 36 38 39 40 41 ==179.0
4 42       4 17 18 22 26 43 15 14 46 36 38 39 40 41 42 ==205.0
4 43       4 17 18 22 26 43 ==55.0
4 44       4 17 18 22 26 43 15 14 46 36 44 ==127.0
4 45       4 17 18 22 24 27 45 ==80.0
4 46       4 17 18 22 26 43 15 14 46 ==71.0
4 47       4 17 18 22 24 27 28 47 ==101.0
4 48       4 17 18 22 24 27 45 48 ==90.0
4 49       4 17 18 22 24 27 28 29 30 31 32 37 49 ==165.0
4 50       4 17 18 22 26 43 15 14 46 36 44 50 ==137.0
4 51       4 17 18 22 26 43 15 14 46 35 51 ==108.0
5 12       5 19 18 22 24 27 28 29 30 31 32 33 34 12 ==195.0
5 13       5 19 18 22 24 27 28 29 30 31 32 33 34 12 13 ==205.0
5 14       5 19 25 26 43 15 14 ==63.0
5 15       5 19 25 26 43 15 ==59.0
5 18       5 19 18 ==11.0
5 19       5 19 ==4.0
5 22       5 19 18 22 ==32.0
5 23       5 19 18 22 24 27 28 29 30 31 32 33 34 12 13 23 ==213.0
5 24       5 19 18 22 24 ==58.0
5 25       5 19 25 ==39.0
5 26       5 19 25 26 ==47.0
5 27       5 19 18 22 24 27 ==62.0
5 28       5 19 18 22 24 27 28 ==89.0
5 29       5 19 18 22 24 27 28 29 ==102.0
5 30       5 19 18 22 24 27 28 29 30 ==108.0
5 31       5 19 18 22 24 27 28 29 30 31 ==112.0
5 32       5 19 18 22 24 27 28 29 30 31 32 ==116.0
5 33       5 19 18 22 24 27 28 29 30 31 32 33 ==144.0
5 34       5 19 18 22 24 27 28 29 30 31 32 33 34 ==166.0
5 35       5 19 25 26 43 15 14 46 35 ==94.0
5 36       5 19 25 26 43 15 14 46 36 ==104.0
5 37       5 19 18 22 24 27 28 29 30 31 32 37 ==153.0
5 38       5 19 25 26 43 15 14 46 36 38 ==136.0
5 39       5 19 25 26 43 15 14 46 36 38 39 ==157.0
5 40       5 19 25 26 43 15 14 46 36 38 39 40 ==171.0
5 41       5 19 25 26 43 15 14 46 36 38 39 40 41 ==175.0
5 42       5 19 25 26 43 15 14 46 36 38 39 40 41 42 ==201.0
5 43       5 19 25 26 43 ==51.0
5 44       5 19 25 26 43 15 14 46 36 44 ==123.0
5 45       5 19 18 22 24 27 45 ==78.0
5 46       5 19 25 26 43 15 14 46 ==67.0
5 47       5 19 18 22 24 27 28 47 ==99.0
5 48       5 19 18 22 24 27 45 48 ==88.0
5 49       5 19 25 26 43 15 14 46 36 38 37 49 ==163.0
5 50       5 19 25 26 43 15 14 46 36 44 50 ==133.0
5 51       5 19 25 26 43 15 14 46 35 51 ==104.0
6 8       6 8 ==7.0
6 11       6 8 11 ==15.0
6 12       6 12 ==25.0
6 13       6 12 13 ==35.0
6 14       6 8 11 14 ==47.0
6 15       6 12 13 23 24 27 28 29 30 31 43 15 ==149.0
6 23       6 12 13 23 ==43.0
6 24       6 12 13 23 24 ==47.0
6 25       6 8 11 14 46 36 38 39 40 41 42 25 ==195.0
6 26       6 8 11 14 46 36 38 39 40 41 42 25 26 ==203.0
6 27       6 12 13 23 24 27 ==51.0
6 28       6 12 13 23 24 27 28 ==78.0
6 29       6 12 13 23 24 27 28 29 ==91.0
6 30       6 12 13 23 24 27 28 29 30 ==97.0
6 31       6 12 13 23 24 27 28 29 30 31 ==101.0
6 32       6 12 13 23 24 27 28 29 30 31 32 ==105.0
6 33       6 12 13 23 24 27 28 29 30 31 32 33 ==133.0
6 34       6 12 13 23 24 27 28 29 30 31 32 33 34 ==155.0
6 35       6 8 11 14 46 35 ==78.0
6 36       6 8 11 14 46 36 ==88.0
6 37       6 8 11 14 46 36 38 37 ==142.0
6 38       6 8 11 14 46 36 38 ==120.0
6 39       6 8 11 14 46 36 38 39 ==141.0
6 40       6 8 11 14 46 36 38 39 40 ==155.0
6 41       6 8 11 14 46 36 38 39 40 41 ==159.0
6 42       6 8 11 14 46 36 38 39 40 41 42 ==185.0
6 43       6 12 13 23 24 27 28 29 30 31 43 ==141.0
6 44       6 8 11 14 46 36 44 ==107.0
6 45       6 12 13 23 24 27 45 ==67.0
6 46       6 8 11 14 46 ==51.0
6 47       6 12 13 23 24 27 28 47 ==88.0
6 48       6 12 13 23 24 27 45 48 ==77.0
6 49       6 12 13 23 24 27 28 29 30 31 32 37 49 ==152.0
6 50       6 8 11 14 46 36 44 50 ==117.0
6 51       6 8 11 14 46 35 51 ==88.0
7 8       7 8 ==4.0
7 11       7 8 11 ==12.0
7 12       7 8 11 13 23 24 27 28 29 30 31 32 33 34 12 ==189.0
7 13       7 8 11 13 ==40.0
7 14       7 8 11 14 ==44.0
7 15       7 8 11 13 23 24 27 28 29 30 31 43 15 ==154.0
7 23       7 8 11 13 23 ==48.0
7 24       7 8 11 13 23 24 ==52.0
7 25       7 8 11 14 46 36 38 39 40 41 42 25 ==192.0
7 26       7 8 11 14 46 36 38 39 40 41 42 25 26 ==200.0
7 27       7 8 11 13 23 24 27 ==56.0
7 28       7 8 11 13 23 24 27 28 ==83.0
7 29       7 8 11 13 23 24 27 28 29 ==96.0
7 30       7 8 11 13 23 24 27 28 29 30 ==102.0
7 31       7 8 11 13 23 24 27 28 29 30 31 ==106.0
7 32       7 8 11 13 23 24 27 28 29 30 31 32 ==110.0
7 33       7 8 11 13 23 24 27 28 29 30 31 32 33 ==138.0
7 34       7 8 11 13 23 24 27 28 29 30 31 32 33 34 ==160.0
7 35       7 8 11 14 46 35 ==75.0
7 36       7 8 11 14 46 36 ==85.0
7 37       7 8 11 14 46 36 38 37 ==147.0
7 38       7 8 11 14 46 36 38 ==117.0
7 39       7 8 11 14 46 36 38 39 ==138.0
7 40       7 8 11 14 46 36 38 39 40 ==152.0
7 41       7 8 11 14 46 36 38 39 40 41 ==156.0
7 42       7 8 11 14 46 36 38 39 40 41 42 ==182.0
7 43       7 8 11 13 23 24 27 28 29 30 31 43 ==146.0
7 44       7 8 11 14 46 36 44 ==104.0
7 45       7 8 11 13 23 24 27 45 ==72.0
7 46       7 8 11 14 46 ==48.0
7 47       7 8 11 13 23 24 27 28 47 ==93.0
7 48       7 8 11 13 23 24 27 45 48 ==82.0
7 49       7 8 11 13 23 24 27 28 29 30 31 32 37 49 ==157.0
7 50       7 8 11 14 46 36 44 50 ==114.0
7 51       7 8 11 14 46 35 51 ==85.0
8 11       8 11 ==8.0
8 12       8 11 13 23 24 27 28 29 30 31 32 33 34 12 ==185.0
8 13       8 11 13 ==36.0
8 14       8 11 14 ==40.0
8 15       8 11 13 23 24 27 28 29 30 31 43 15 ==150.0
8 23       8 11 13 23 ==44.0
8 24       8 11 13 23 24 ==48.0
8 25       8 11 14 46 36 38 39 40 41 42 25 ==188.0
8 26       8 11 14 46 36 38 39 40 41 42 25 26 ==196.0
8 27       8 11 13 23 24 27 ==52.0
8 28       8 11 13 23 24 27 28 ==79.0
8 29       8 11 13 23 24 27 28 29 ==92.0
8 30       8 11 13 23 24 27 28 29 30 ==98.0
8 31       8 11 13 23 24 27 28 29 30 31 ==102.0
8 32       8 11 13 23 24 27 28 29 30 31 32 ==106.0
8 33       8 11 13 23 24 27 28 29 30 31 32 33 ==134.0
8 34       8 11 13 23 24 27 28 29 30 31 32 33 34 ==156.0
8 35       8 11 14 46 35 ==71.0
8 36       8 11 14 46 36 ==81.0
8 37       8 11 14 46 36 38 37 ==143.0
8 38       8 11 14 46 36 38 ==113.0
8 39       8 11 14 46 36 38 39 ==134.0
8 40       8 11 14 46 36 38 39 40 ==148.0
8 41       8 11 14 46 36 38 39 40 41 ==152.0
8 42       8 11 14 46 36 38 39 40 41 42 ==178.0
8 43       8 11 13 23 24 27 28 29 30 31 43 ==142.0
8 44       8 11 14 46 36 44 ==100.0
8 45       8 11 13 23 24 27 45 ==68.0
8 46       8 11 14 46 ==44.0
8 47       8 11 13 23 24 27 28 47 ==89.0
8 48       8 11 13 23 24 27 45 48 ==78.0
8 49       8 11 13 23 24 27 28 29 30 31 32 37 49 ==153.0
8 50       8 11 14 46 36 44 50 ==110.0
8 51       8 11 14 46 35 51 ==81.0
9 7       9 7 ==7.0
9 8       9 7 8 ==11.0
9 10       9 10 ==20.0
9 11       9 7 8 11 ==19.0
9 12       9 7 8 11 13 23 24 27 28 29 30 31 32 33 34 12 ==196.0
9 13       9 7 8 11 13 ==47.0
9 14       9 7 8 11 14 ==51.0
9 15       9 10 15 ==56.0
9 23       9 7 8 11 13 23 ==55.0
9 24       9 7 8 11 13 23 24 ==59.0
9 25       9 7 8 11 14 46 36 38 39 40 41 42 25 ==199.0
9 26       9 7 8 11 14 46 36 38 39 40 41 42 25 26 ==207.0
9 27       9 7 8 11 13 23 24 27 ==63.0
9 28       9 7 8 11 13 23 24 27 28 ==90.0
9 29       9 7 8 11 13 23 24 27 28 29 ==103.0
9 30       9 7 8 11 13 23 24 27 28 29 30 ==109.0
9 31       9 7 8 11 13 23 24 27 28 29 30 31 ==113.0
9 32       9 7 8 11 13 23 24 27 28 29 30 31 32 ==117.0
9 33       9 7 8 11 13 23 24 27 28 29 30 31 32 33 ==145.0
9 34       9 7 8 11 13 23 24 27 28 29 30 31 32 33 34 ==167.0
9 35       9 7 8 11 14 46 35 ==82.0
9 36       9 7 8 11 14 46 36 ==92.0
9 37       9 7 8 11 14 46 36 38 37 ==154.0
9 38       9 7 8 11 14 46 36 38 ==124.0
9 39       9 7 8 11 14 46 36 38 39 ==145.0
9 40       9 7 8 11 14 46 36 38 39 40 ==159.0
9 41       9 7 8 11 14 46 36 38 39 40 41 ==163.0
9 42       9 7 8 11 14 46 36 38 39 40 41 42 ==189.0
9 43       9 7 8 11 13 23 24 27 28 29 30 31 43 ==153.0
9 44       9 7 8 11 14 46 36 44 ==111.0
9 45       9 7 8 11 13 23 24 27 45 ==79.0
9 46       9 7 8 11 14 46 ==55.0
9 47       9 7 8 11 13 23 24 27 28 47 ==100.0
9 48       9 7 8 11 13 23 24 27 45 48 ==89.0
9 49       9 7 8 11 13 23 24 27 28 29 30 31 32 37 49 ==164.0
9 50       9 7 8 11 14 46 36 44 50 ==121.0
9 51       9 7 8 11 14 46 35 51 ==92.0
10 12       10 15 14 46 36 38 39 40 41 42 30 31 32 33 34 12 ==298.0
10 13       10 15 14 46 36 38 39 40 41 42 30 31 32 33 34 12 13 ==308.0
10 14       10 15 14 ==40.0
10 15       10 15 ==36.0
10 23       10 15 14 46 36 38 39 40 41 42 30 31 32 33 34 12 13 23 ==316.0
10 24       10 15 14 46 36 38 39 40 41 42 30 31 32 33 34 12 13 23 24 ==320.0
10 25       10 15 14 46 36 38 39 40 41 42 25 ==188.0
10 26       10 15 14 46 36 38 39 40 41 42 25 26 ==196.0
10 27       10 15 14 46 36 38 39 40 41 42 30 31 32 33 34 12 13 23 24 27 ==324.0
10 28       10 15 14 46 36 38 39 40 41 42 30 31 32 33 34 12 13 23 24 27 28 ==351.0
10 29       10 15 14 46 36 38 39 40 41 42 30 31 32 33 34 12 13 23 24 27 28 29 ==364.0
10 30       10 15 14 46 36 38 39 40 41 42 30 ==211.0
10 31       10 15 14 46 36 38 39 40 41 42 30 31 ==215.0
10 32       10 15 14 46 36 38 39 40 41 42 30 31 32 ==219.0
10 33       10 15 14 46 36 38 39 40 41 42 30 31 32 33 ==247.0
10 34       10 15 14 46 36 38 39 40 41 42 30 31 32 33 34 ==269.0
10 35       10 15 14 46 35 ==71.0
10 36       10 15 14 46 36 ==81.0
10 37       10 15 14 46 36 38 37 ==145.0
10 38       10 15 14 46 36 38 ==113.0
10 39       10 15 14 46 36 38 39 ==134.0
10 40       10 15 14 46 36 38 39 40 ==148.0
10 41       10 15 14 46 36 38 39 40 41 ==152.0
10 42       10 15 14 46 36 38 39 40 41 42 ==178.0
10 43       10 15 14 46 36 38 39 40 41 42 25 26 43 ==200.0
10 44       10 15 14 46 36 44 ==100.0
10 45       10 15 14 46 36 38 39 40 41 45 ==176.0
10 46       10 15 14 46 ==44.0
10 47       10 15 14 46 36 38 39 47 ==144.0
10 48       10 15 14 46 36 38 39 40 41 45 48 ==186.0
10 49       10 15 14 46 36 38 37 49 ==155.0
10 50       10 15 14 46 36 44 50 ==110.0
10 51       10 15 14 46 35 51 ==81.0
11 12       11 13 23 24 27 28 29 30 31 32 33 34 12 ==177.0
11 13       11 13 ==28.0
11 14       11 14 ==32.0
11 15       11 13 23 24 27 28 29 30 31 43 15 ==142.0
11 23       11 13 23 ==36.0
11 24       11 13 23 24 ==40.0
11 25       11 14 46 36 38 39 40 41 42 25 ==180.0
11 26       11 14 46 36 38 39 40 41 42 25 26 ==188.0
11 27       11 13 23 24 27 ==44.0
11 28       11 13 23 24 27 28 ==71.0
11 29       11 13 23 24 27 28 29 ==84.0
11 30       11 13 23 24 27 28 29 30 ==90.0
11 31       11 13 23 24 27 28 29 30 31 ==94.0
11 32       11 13 23 24 27 28 29 30 31 32 ==98.0
11 33       11 13 23 24 27 28 29 30 31 32 33 ==126.0
11 34       11 13 23 24 27 28 29 30 31 32 33 34 ==148.0
11 35       11 14 46 35 ==63.0
11 36       11 14 46 36 ==73.0
11 37       11 14 46 36 38 37 ==135.0
11 38       11 14 46 36 38 ==105.0
11 39       11 14 46 36 38 39 ==126.0
11 40       11 14 46 36 38 39 40 ==140.0
11 41       11 14 46 36 38 39 40 41 ==144.0
11 42       11 14 46 36 38 39 40 41 42 ==170.0
11 43       11 13 23 24 27 28 29 30 31 43 ==134.0
11 44       11 14 46 36 44 ==92.0
11 45       11 13 23 24 27 45 ==60.0
11 46       11 14 46 ==36.0
11 47       11 13 23 24 27 28 47 ==81.0
11 48       11 13 23 24 27 45 48 ==70.0
11 49       11 13 23 24 27 28 29 30 31 32 37 49 ==145.0
11 50       11 14 46 36 44 50 ==102.0
11 51       11 14 46 35 51 ==73.0
12 13       12 13 ==10.0
12 14       12 13 23 24 27 28 29 30 31 43 15 14 ==128.0
12 15       12 13 23 24 27 28 29 30 31 43 15 ==124.0
12 23       12 13 23 ==18.0
12 24       12 13 23 24 ==22.0
12 25       12 13 23 24 27 28 29 30 31 43 15 14 46 36 38 39 40 41 42 25 ==276.0
12 26       12 13 23 24 27 28 29 30 31 43 15 14 46 36 38 39 40 41 42 25 26 ==284.0
12 27       12 13 23 24 27 ==26.0
12 28       12 13 23 24 27 28 ==53.0
12 29       12 13 23 24 27 28 29 ==66.0
12 30       12 13 23 24 27 28 29 30 ==72.0
12 31       12 13 23 24 27 28 29 30 31 ==76.0
12 32       12 13 23 24 27 28 29 30 31 32 ==80.0
12 33       12 13 23 24 27 28 29 30 31 32 33 ==108.0
12 34       12 13 23 24 27 28 29 30 31 32 33 34 ==130.0
12 35       12 13 23 24 27 28 29 30 31 32 33 34 35 ==149.0
12 36       12 13 23 24 27 28 29 30 31 43 15 14 46 36 ==169.0
12 37       12 13 23 24 27 28 29 30 31 32 37 ==117.0
12 38       12 13 23 24 27 28 29 30 31 43 15 14 46 36 38 ==201.0
12 39       12 13 23 24 27 28 29 30 31 43 15 14 46 36 38 39 ==222.0
12 40       12 13 23 24 27 28 29 30 31 43 15 14 46 36 38 39 40 ==236.0
12 41       12 13 23 24 27 28 29 30 31 43 15 14 46 36 38 39 40 41 ==240.0
12 42       12 13 23 24 27 28 29 30 31 43 15 14 46 36 38 39 40 41 42 ==266.0
12 43       12 13 23 24 27 28 29 30 31 43 ==116.0
12 44       12 13 23 24 27 28 29 30 31 32 33 44 ==132.0
12 45       12 13 23 24 27 45 ==42.0
12 46       12 13 23 24 27 28 29 30 31 43 15 14 46 ==132.0
12 47       12 13 23 24 27 28 47 ==63.0
12 48       12 13 23 24 27 45 48 ==52.0
12 49       12 13 23 24 27 28 29 30 31 32 37 49 ==127.0
12 50       12 13 23 24 27 28 29 30 31 32 33 44 50 ==142.0
12 51       12 13 23 24 27 28 29 30 31 43 15 14 46 35 51 ==159.0
13 12       13 23 24 27 28 29 30 31 32 33 34 12 ==149.0
13 14       13 23 24 27 28 29 30 31 43 15 14 ==118.0
13 15       13 23 24 27 28 29 30 31 43 15 ==114.0
13 23       13 23 ==8.0
13 24       13 23 24 ==12.0
13 25       13 23 24 27 28 29 30 31 43 15 14 46 36 38 39 40 41 42 25 ==266.0
13 26       13 23 24 27 28 29 30 31 43 15 14 46 36 38 39 40 41 42 25 26 ==274.0
13 27       13 23 24 27 ==16.0
13 28       13 23 24 27 28 ==43.0
13 29       13 23 24 27 28 29 ==56.0
13 30       13 23 24 27 28 29 30 ==62.0
13 31       13 23 24 27 28 29 30 31 ==66.0
13 32       13 23 24 27 28 29 30 31 32 ==70.0
13 33       13 23 24 27 28 29 30 31 32 33 ==98.0
13 34       13 23 24 27 28 29 30 31 32 33 34 ==120.0
13 35       13 23 24 27 28 29 30 31 32 33 34 35 ==139.0
13 36       13 23 24 27 28 29 30 31 43 15 14 46 36 ==159.0
13 37       13 23 24 27 28 29 30 31 32 37 ==107.0
13 38       13 23 24 27 28 29 30 31 43 15 14 46 36 38 ==191.0
13 39       13 23 24 27 28 29 30 31 43 15 14 46 36 38 39 ==212.0
13 40       13 23 24 27 28 29 30 31 43 15 14 46 36 38 39 40 ==226.0
13 41       13 23 24 27 28 29 30 31 43 15 14 46 36 38 39 40 41 ==230.0
13 42       13 23 24 27 28 29 30 31 43 15 14 46 36 38 39 40 41 42 ==256.0
13 43       13 23 24 27 28 29 30 31 43 ==106.0
13 44       13 23 24 27 28 29 30 31 32 33 44 ==122.0
13 45       13 23 24 27 45 ==32.0
13 46       13 23 24 27 28 29 30 31 43 15 14 46 ==122.0
13 47       13 23 24 27 28 47 ==53.0
13 48       13 23 24 27 45 48 ==42.0
13 49       13 23 24 27 28 29 30 31 32 37 49 ==117.0
13 50       13 23 24 27 28 29 30 31 32 33 44 50 ==132.0
13 51       13 23 24 27 28 29 30 31 43 15 14 46 35 51 ==149.0
14 12       14 46 36 38 39 40 41 42 30 31 32 33 34 12 ==258.0
14 13       14 46 36 38 39 40 41 42 30 31 32 33 34 12 13 ==268.0
14 15       14 46 36 38 39 40 41 42 25 26 43 15 ==168.0
14 23       14 46 36 38 39 40 41 42 30 31 32 33 34 12 13 23 ==276.0
14 24       14 46 36 38 39 40 41 42 30 31 32 33 34 12 13 23 24 ==280.0
14 25       14 46 36 38 39 40 41 42 25 ==148.0
14 26       14 46 36 38 39 40 41 42 25 26 ==156.0
14 27       14 46 36 38 39 40 41 42 30 31 32 33 34 12 13 23 24 27 ==284.0
14 28       14 46 36 38 39 40 41 42 30 31 32 33 34 12 13 23 24 27 28 ==311.0
14 29       14 46 36 38 39 40 41 42 30 31 32 33 34 12 13 23 24 27 28 29 ==324.0
14 30       14 46 36 38 39 40 41 42 30 ==171.0
14 31       14 46 36 38 39 40 41 42 30 31 ==175.0
14 32       14 46 36 38 39 40 41 42 30 31 32 ==179.0
14 33       14 46 36 38 39 40 41 42 30 31 32 33 ==207.0
14 34       14 46 36 38 39 40 41 42 30 31 32 33 34 ==229.0
14 35       14 46 35 ==31.0
14 36       14 46 36 ==41.0
14 37       14 46 36 38 37 ==105.0
14 38       14 46 36 38 ==73.0
14 39       14 46 36 38 39 ==94.0
14 40       14 46 36 38 39 40 ==108.0
14 41       14 46 36 38 39 40 41 ==112.0
14 42       14 46 36 38 39 40 41 42 ==138.0
14 43       14 46 36 38 39 40 41 42 25 26 43 ==160.0
14 44       14 46 36 44 ==60.0
14 45       14 46 36 38 39 40 41 45 ==136.0
14 46       14 46 ==4.0
14 47       14 46 36 38 39 47 ==104.0
14 48       14 46 36 38 39 40 41 45 48 ==146.0
14 49       14 46 36 38 37 49 ==115.0
14 50       14 46 36 44 50 ==70.0
14 51       14 46 35 51 ==41.0
15 12       15 14 46 36 38 39 40 41 42 30 31 32 33 34 12 ==262.0
15 13       15 14 46 36 38 39 40 41 42 30 31 32 33 34 12 13 ==272.0
15 14       15 14 ==4.0
15 23       15 14 46 36 38 39 40 41 42 30 31 32 33 34 12 13 23 ==280.0
15 24       15 14 46 36 38 39 40 41 42 30 31 32 33 34 12 13 23 24 ==284.0
15 25       15 14 46 36 38 39 40 41 42 25 ==152.0
15 26       15 14 46 36 38 39 40 41 42 25 26 ==160.0
15 27       15 14 46 36 38 39 40 41 42 30 31 32 33 34 12 13 23 24 27 ==288.0
15 28       15 14 46 36 38 39 40 41 42 30 31 32 33 34 12 13 23 24 27 28 ==315.0
15 29       15 14 46 36 38 39 40 41 42 30 31 32 33 34 12 13 23 24 27 28 29 ==328.0
15 30       15 14 46 36 38 39 40 41 42 30 ==175.0
15 31       15 14 46 36 38 39 40 41 42 30 31 ==179.0
15 32       15 14 46 36 38 39 40 41 42 30 31 32 ==183.0
15 33       15 14 46 36 38 39 40 41 42 30 31 32 33 ==211.0
15 34       15 14 46 36 38 39 40 41 42 30 31 32 33 34 ==233.0
15 35       15 14 46 35 ==35.0
15 36       15 14 46 36 ==45.0
15 37       15 14 46 36 38 37 ==109.0
15 38       15 14 46 36 38 ==77.0
15 39       15 14 46 36 38 39 ==98.0
15 40       15 14 46 36 38 39 40 ==112.0
15 41       15 14 46 36 38 39 40 41 ==116.0
15 42       15 14 46 36 38 39 40 41 42 ==142.0
15 43       15 14 46 36 38 39 40 41 42 25 26 43 ==164.0
15 44       15 14 46 36 44 ==64.0
15 45       15 14 46 36 38 39 40 41 45 ==140.0
15 46       15 14 46 ==8.0
15 47       15 14 46 36 38 39 47 ==108.0
15 48       15 14 46 36 38 39 40 41 45 48 ==150.0
15 49       15 14 46 36 38 37 49 ==119.0
15 50       15 14 46 36 44 50 ==74.0
15 51       15 14 46 35 51 ==45.0
16 12       16 21 23 24 27 28 29 30 31 32 33 34 12 ==197.0
16 13       16 21 23 24 27 28 29 30 31 32 33 34 12 13 ==207.0
16 14       16 17 18 22 26 43 15 14 ==67.0
16 15       16 17 18 22 26 43 15 ==63.0
16 17       16 17 ==9.0
16 18       16 17 18 ==13.0
16 21       16 21 ==57.0
16 22       16 17 18 22 ==34.0
16 23       16 21 23 ==69.0
16 24       16 17 18 22 24 ==60.0
16 25       16 17 18 22 26 43 15 14 46 36 38 39 40 41 42 25 ==215.0
16 26       16 17 18 22 26 ==51.0
16 27       16 21 23 24 27 ==64.0
16 28       16 21 23 24 27 28 ==91.0
16 29       16 21 23 24 27 28 29 ==104.0
16 30       16 21 23 24 27 28 29 30 ==110.0
16 31       16 21 23 24 27 28 29 30 31 ==114.0
16 32       16 21 23 24 27 28 29 30 31 32 ==118.0
16 33       16 21 23 24 27 28 29 30 31 32 33 ==146.0
16 34       16 21 23 24 27 28 29 30 31 32 33 34 ==168.0
16 35       16 17 18 22 26 43 15 14 46 35 ==98.0
16 36       16 17 18 22 26 43 15 14 46 36 ==108.0
16 37       16 21 23 24 27 28 29 30 31 32 37 ==155.0
16 38       16 17 18 22 26 43 15 14 46 36 38 ==140.0
16 39       16 17 18 22 26 43 15 14 46 36 38 39 ==161.0
16 40       16 17 18 22 26 43 15 14 46 36 38 39 40 ==175.0
16 41       16 17 18 22 26 43 15 14 46 36 38 39 40 41 ==179.0
16 42       16 17 18 22 26 43 15 14 46 36 38 39 40 41 42 ==205.0
16 43       16 17 18 22 26 43 ==55.0
16 44       16 17 18 22 26 43 15 14 46 36 44 ==127.0
16 45       16 21 23 24 27 45 ==80.0
16 46       16 17 18 22 26 43 15 14 46 ==71.0
16 47       16 21 23 24 27 28 47 ==101.0
16 48       16 21 23 24 27 45 48 ==90.0
16 49       16 21 23 24 27 28 29 30 31 32 37 49 ==165.0
16 50       16 17 18 22 26 43 15 14 46 36 44 50 ==137.0
16 51       16 17 18 22 26 43 15 14 46 35 51 ==108.0
17 12       17 18 22 24 27 28 29 30 31 32 33 34 12 ==188.0
17 13       17 18 22 24 27 28 29 30 31 32 33 34 12 13 ==198.0
17 14       17 18 22 26 43 15 14 ==58.0
17 15       17 18 22 26 43 15 ==54.0
17 18       17 18 ==4.0
17 22       17 18 22 ==25.0
17 23       17 18 22 24 27 28 29 30 31 32 33 34 12 13 23 ==206.0
17 24       17 18 22 24 ==51.0
17 25       17 18 22 26 43 15 14 46 36 38 39 40 41 42 25 ==206.0
17 26       17 18 22 26 ==42.0
17 27       17 18 22 24 27 ==55.0
17 28       17 18 22 24 27 28 ==82.0
17 29       17 18 22 24 27 28 29 ==95.0
17 30       17 18 22 24 27 28 29 30 ==101.0
17 31       17 18 22 24 27 28 29 30 31 ==105.0
17 32       17 18 22 24 27 28 29 30 31 32 ==109.0
17 33       17 18 22 24 27 28 29 30 31 32 33 ==137.0
17 34       17 18 22 24 27 28 29 30 31 32 33 34 ==159.0
17 35       17 18 22 26 43 15 14 46 35 ==89.0
17 36       17 18 22 26 43 15 14 46 36 ==99.0
17 37       17 18 22 24 27 28 29 30 31 32 37 ==146.0
17 38       17 18 22 26 43 15 14 46 36 38 ==131.0
17 39       17 18 22 26 43 15 14 46 36 38 39 ==152.0
17 40       17 18 22 26 43 15 14 46 36 38 39 40 ==166.0
17 41       17 18 22 26 43 15 14 46 36 38 39 40 41 ==170.0
17 42       17 18 22 26 43 15 14 46 36 38 39 40 41 42 ==196.0
17 43       17 18 22 26 43 ==46.0
17 44       17 18 22 26 43 15 14 46 36 44 ==118.0
17 45       17 18 22 24 27 45 ==71.0
17 46       17 18 22 26 43 15 14 46 ==62.0
17 47       17 18 22 24 27 28 47 ==92.0
17 48       17 18 22 24 27 45 48 ==81.0
17 49       17 18 22 24 27 28 29 30 31 32 37 49 ==156.0
17 50       17 18 22 26 43 15 14 46 36 44 50 ==128.0
17 51       17 18 22 26 43 15 14 46 35 51 ==99.0
18 12       18 22 24 27 28 29 30 31 32 33 34 12 ==184.0
18 13       18 22 24 27 28 29 30 31 32 33 34 12 13 ==194.0
18 14       18 22 26 43 15 14 ==54.0
18 15       18 22 26 43 15 ==50.0
18 22       18 22 ==21.0
18 23       18 22 24 27 28 29 30 31 32 33 34 12 13 23 ==202.0
18 24       18 22 24 ==47.0
18 25       18 22 26 43 15 14 46 36 38 39 40 41 42 25 ==202.0
18 26       18 22 26 ==38.0
18 27       18 22 24 27 ==51.0
18 28       18 22 24 27 28 ==78.0
18 29       18 22 24 27 28 29 ==91.0
18 30       18 22 24 27 28 29 30 ==97.0
18 31       18 22 24 27 28 29 30 31 ==101.0
18 32       18 22 24 27 28 29 30 31 32 ==105.0
18 33       18 22 24 27 28 29 30 31 32 33 ==133.0
18 34       18 22 24 27 28 29 30 31 32 33 34 ==155.0
18 35       18 22 26 43 15 14 46 35 ==85.0
18 36       18 22 26 43 15 14 46 36 ==95.0
18 37       18 22 24 27 28 29 30 31 32 37 ==142.0
18 38       18 22 26 43 15 14 46 36 38 ==127.0
18 39       18 22 26 43 15 14 46 36 38 39 ==148.0
18 40       18 22 26 43 15 14 46 36 38 39 40 ==162.0
18 41       18 22 26 43 15 14 46 36 38 39 40 41 ==166.0
18 42       18 22 26 43 15 14 46 36 38 39 40 41 42 ==192.0
18 43       18 22 26 43 ==42.0
18 44       18 22 26 43 15 14 46 36 44 ==114.0
18 45       18 22 24 27 45 ==67.0
18 46       18 22 26 43 15 14 46 ==58.0
18 47       18 22 24 27 28 47 ==88.0
18 48       18 22 24 27 45 48 ==77.0
18 49       18 22 24 27 28 29 30 31 32 37 49 ==152.0
18 50       18 22 26 43 15 14 46 36 44 50 ==124.0
18 51       18 22 26 43 15 14 46 35 51 ==95.0
19 12       19 18 22 24 27 28 29 30 31 32 33 34 12 ==191.0
19 13       19 18 22 24 27 28 29 30 31 32 33 34 12 13 ==201.0
19 14       19 25 26 43 15 14 ==59.0
19 15       19 25 26 43 15 ==55.0
19 18       19 18 ==7.0
19 22       19 18 22 ==28.0
19 23       19 18 22 24 27 28 29 30 31 32 33 34 12 13 23 ==209.0
19 24       19 18 22 24 ==54.0
19 25       19 25 ==35.0
19 26       19 25 26 ==43.0
19 27       19 18 22 24 27 ==58.0
19 28       19 18 22 24 27 28 ==85.0
19 29       19 18 22 24 27 28 29 ==98.0
19 30       19 18 22 24 27 28 29 30 ==104.0
19 31       19 18 22 24 27 28 29 30 31 ==108.0
19 32       19 18 22 24 27 28 29 30 31 32 ==112.0
19 33       19 18 22 24 27 28 29 30 31 32 33 ==140.0
19 34       19 18 22 24 27 28 29 30 31 32 33 34 ==162.0
19 35       19 25 26 43 15 14 46 35 ==90.0
19 36       19 25 26 43 15 14 46 36 ==100.0
19 37       19 18 22 24 27 28 29 30 31 32 37 ==149.0
19 38       19 25 26 43 15 14 46 36 38 ==132.0
19 39       19 25 26 43 15 14 46 36 38 39 ==153.0
19 40       19 25 26 43 15 14 46 36 38 39 40 ==167.0
19 41       19 25 26 43 15 14 46 36 38 39 40 41 ==171.0
19 42       19 25 26 43 15 14 46 36 38 39 40 41 42 ==197.0
19 43       19 25 26 43 ==47.0
19 44       19 25 26 43 15 14 46 36 44 ==119.0
19 45       19 18 22 24 27 45 ==74.0
19 46       19 25 26 43 15 14 46 ==63.0
19 47       19 18 22 24 27 28 47 ==95.0
19 48       19 18 22 24 27 45 48 ==84.0
19 49       19 25 26 43 15 14 46 36 38 37 49 ==159.0
19 50       19 25 26 43 15 14 46 36 44 50 ==129.0
19 51       19 25 26 43 15 14 46 35 51 ==100.0
20 10       20 10 ==7.0
20 12       20 21 23 24 27 28 29 30 31 32 33 34 12 ==188.0
20 13       20 21 23 24 27 28 29 30 31 32 33 34 12 13 ==198.0
20 14       20 10 15 14 ==47.0
20 15       20 10 15 ==43.0
20 21       20 21 ==35.0
20 23       20 21 23 ==47.0
20 24       20 21 23 24 ==51.0
20 25       20 10 15 14 46 36 38 39 40 41 42 25 ==195.0
20 26       20 10 15 14 46 36 38 39 40 41 42 25 26 ==203.0
20 27       20 21 23 24 27 ==55.0
20 28       20 21 23 24 27 28 ==82.0
20 29       20 21 23 24 27 28 29 ==95.0
20 30       20 21 23 24 27 28 29 30 ==101.0
20 31       20 21 23 24 27 28 29 30 31 ==105.0
20 32       20 21 23 24 27 28 29 30 31 32 ==109.0
20 33       20 21 23 24 27 28 29 30 31 32 33 ==137.0
20 34       20 21 23 24 27 28 29 30 31 32 33 34 ==159.0
20 35       20 10 15 14 46 35 ==78.0
20 36       20 10 15 14 46 36 ==88.0
20 37       20 10 15 14 46 36 38 37 ==146.0
20 38       20 10 15 14 46 36 38 ==120.0
20 39       20 10 15 14 46 36 38 39 ==141.0
20 40       20 10 15 14 46 36 38 39 40 ==155.0
20 41       20 10 15 14 46 36 38 39 40 41 ==159.0
20 42       20 10 15 14 46 36 38 39 40 41 42 ==185.0
20 43       20 21 23 24 27 28 29 30 31 43 ==145.0
20 44       20 10 15 14 46 36 44 ==107.0
20 45       20 21 23 24 27 45 ==71.0
20 46       20 10 15 14 46 ==51.0
20 47       20 21 23 24 27 28 47 ==92.0
20 48       20 21 23 24 27 45 48 ==81.0
20 49       20 21 23 24 27 28 29 30 31 32 37 49 ==156.0
20 50       20 10 15 14 46 36 44 50 ==117.0
20 51       20 10 15 14 46 35 51 ==88.0
21 12       21 23 24 27 28 29 30 31 32 33 34 12 ==153.0
21 13       21 23 24 27 28 29 30 31 32 33 34 12 13 ==163.0
21 14       21 23 24 27 28 29 30 31 43 15 14 ==122.0
21 15       21 23 24 27 28 29 30 31 43 15 ==118.0
21 23       21 23 ==12.0
21 24       21 23 24 ==16.0
21 25       21 23 24 27 28 29 30 31 43 15 14 46 36 38 39 40 41 42 25 ==270.0
21 26       21 23 24 27 28 29 30 31 43 15 14 46 36 38 39 40 41 42 25 26 ==278.0
21 27       21 23 24 27 ==20.0
21 28       21 23 24 27 28 ==47.0
21 29       21 23 24 27 28 29 ==60.0
21 30       21 23 24 27 28 29 30 ==66.0
21 31       21 23 24 27 28 29 30 31 ==70.0
21 32       21 23 24 27 28 29 30 31 32 ==74.0
21 33       21 23 24 27 28 29 30 31 32 33 ==102.0
21 34       21 23 24 27 28 29 30 31 32 33 34 ==124.0
21 35       21 23 24 27 28 29 30 31 32 33 34 35 ==143.0
21 36       21 23 24 27 28 29 30 31 43 15 14 46 36 ==163.0
21 37       21 23 24 27 28 29 30 31 32 37 ==111.0
21 38       21 23 24 27 28 29 30 31 43 15 14 46 36 38 ==195.0
21 39       21 23 24 27 28 29 30 31 43 15 14 46 36 38 39 ==216.0
21 40       21 23 24 27 28 29 30 31 43 15 14 46 36 38 39 40 ==230.0
21 41       21 23 24 27 28 29 30 31 43 15 14 46 36 38 39 40 41 ==234.0
21 42       21 23 24 27 28 29 30 31 43 15 14 46 36 38 39 40 41 42 ==260.0
21 43       21 23 24 27 28 29 30 31 43 ==110.0
21 44       21 23 24 27 28 29 30 31 32 33 44 ==126.0
21 45       21 23 24 27 45 ==36.0
21 46       21 23 24 27 28 29 30 31 43 15 14 46 ==126.0
21 47       21 23 24 27 28 47 ==57.0
21 48       21 23 24 27 45 48 ==46.0
21 49       21 23 24 27 28 29 30 31 32 37 49 ==121.0
21 50       21 23 24 27 28 29 30 31 32 33 44 50 ==136.0
21 51       21 23 24 27 28 29 30 31 43 15 14 46 35 51 ==153.0
22 12       22 24 27 28 29 30 31 32 33 34 12 ==163.0
22 13       22 24 27 28 29 30 31 32 33 34 12 13 ==173.0
22 14       22 26 43 15 14 ==33.0
22 15       22 26 43 15 ==29.0
22 23       22 24 27 28 29 30 31 32 33 34 12 13 23 ==181.0
22 24       22 24 ==26.0
22 25       22 26 43 15 14 46 36 38 39 40 41 42 25 ==181.0
22 26       22 26 ==17.0
22 27       22 24 27 ==30.0
22 28       22 24 27 28 ==57.0
22 29       22 24 27 28 29 ==70.0
22 30       22 24 27 28 29 30 ==76.0
22 31       22 24 27 28 29 30 31 ==80.0
22 32       22 24 27 28 29 30 31 32 ==84.0
22 33       22 24 27 28 29 30 31 32 33 ==112.0
22 34       22 24 27 28 29 30 31 32 33 34 ==134.0
22 35       22 26 43 15 14 46 35 ==64.0
22 36       22 26 43 15 14 46 36 ==74.0
22 37       22 24 27 28 29 30 31 32 37 ==121.0
22 38       22 26 43 15 14 46 36 38 ==106.0
22 39       22 26 43 15 14 46 36 38 39 ==127.0
22 40       22 26 43 15 14 46 36 38 39 40 ==141.0
22 41       22 26 43 15 14 46 36 38 39 40 41 ==145.0
22 42       22 26 43 15 14 46 36 38 39 40 41 42 ==171.0
22 43       22 26 43 ==21.0
22 44       22 26 43 15 14 46 36 44 ==93.0
22 45       22 24 27 45 ==46.0
22 46       22 26 43 15 14 46 ==37.0
22 47       22 24 27 28 47 ==67.0
22 48       22 24 27 45 48 ==56.0
22 49       22 24 27 28 29 30 31 32 37 49 ==131.0
22 50       22 26 43 15 14 46 36 44 50 ==103.0
22 51       22 26 43 15 14 46 35 51 ==74.0
23 12       23 24 27 28 29 30 31 32 33 34 12 ==141.0
23 13       23 24 27 28 29 30 31 32 33 34 12 13 ==151.0
23 14       23 24 27 28 29 30 31 43 15 14 ==110.0
23 15       23 24 27 28 29 30 31 43 15 ==106.0
23 24       23 24 ==4.0
23 25       23 24 27 28 29 30 31 43 15 14 46 36 38 39 40 41 42 25 ==258.0
23 26       23 24 27 28 29 30 31 43 15 14 46 36 38 39 40 41 42 25 26 ==266.0
23 27       23 24 27 ==8.0
23 28       23 24 27 28 ==35.0
23 29       23 24 27 28 29 ==48.0
23 30       23 24 27 28 29 30 ==54.0
23 31       23 24 27 28 29 30 31 ==58.0
23 32       23 24 27 28 29 30 31 32 ==62.0
23 33       23 24 27 28 29 30 31 32 33 ==90.0
23 34       23 24 27 28 29 30 31 32 33 34 ==112.0
23 35       23 24 27 28 29 30 31 32 33 34 35 ==131.0
23 36       23 24 27 28 29 30 31 43 15 14 46 36 ==151.0
23 37       23 24 27 28 29 30 31 32 37 ==99.0
23 38       23 24 27 28 29 30 31 43 15 14 46 36 38 ==183.0
23 39       23 24 27 28 29 30 31 43 15 14 46 36 38 39 ==204.0
23 40       23 24 27 28 29 30 31 43 15 14 46 36 38 39 40 ==218.0
23 41       23 24 27 28 29 30 31 43 15 14 46 36 38 39 40 41 ==222.0
23 42       23 24 27 28 29 30 31 43 15 14 46 36 38 39 40 41 42 ==248.0
23 43       23 24 27 28 29 30 31 43 ==98.0
23 44       23 24 27 28 29 30 31 32 33 44 ==114.0
23 45       23 24 27 45 ==24.0
23 46       23 24 27 28 29 30 31 43 15 14 46 ==114.0
23 47       23 24 27 28 47 ==45.0
23 48       23 24 27 45 48 ==34.0
23 49       23 24 27 28 29 30 31 32 37 49 ==109.0
23 50       23 24 27 28 29 30 31 32 33 44 50 ==124.0
23 51       23 24 27 28 29 30 31 43 15 14 46 35 51 ==141.0
24 12       24 27 28 29 30 31 32 33 34 12 ==137.0
24 13       24 27 28 29 30 31 32 33 34 12 13 ==147.0
24 14       24 27 28 29 30 31 43 15 14 ==106.0
24 15       24 27 28 29 30 31 43 15 ==102.0
24 23       24 27 28 29 30 31 32 33 34 12 13 23 ==155.0
24 25       24 27 28 29 30 31 43 15 14 46 36 38 39 40 41 42 25 ==254.0
24 26       24 27 28 29 30 31 43 15 14 46 36 38 39 40 41 42 25 26 ==262.0
24 27       24 27 ==4.0
24 28       24 27 28 ==31.0
24 29       24 27 28 29 ==44.0
24 30       24 27 28 29 30 ==50.0
24 31       24 27 28 29 30 31 ==54.0
24 32       24 27 28 29 30 31 32 ==58.0
24 33       24 27 28 29 30 31 32 33 ==86.0
24 34       24 27 28 29 30 31 32 33 34 ==108.0
24 35       24 27 28 29 30 31 32 33 34 35 ==127.0
24 36       24 27 28 29 30 31 43 15 14 46 36 ==147.0
24 37       24 27 28 29 30 31 32 37 ==95.0
24 38       24 27 28 29 30 31 43 15 14 46 36 38 ==179.0
24 39       24 27 28 29 30 31 43 15 14 46 36 38 39 ==200.0
24 40       24 27 28 29 30 31 43 15 14 46 36 38 39 40 ==214.0
24 41       24 27 28 29 30 31 43 15 14 46 36 38 39 40 41 ==218.0
24 42       24 27 28 29 30 31 43 15 14 46 36 38 39 40 41 42 ==244.0
24 43       24 27 28 29 30 31 43 ==94.0
24 44       24 27 28 29 30 31 32 33 44 ==110.0
24 45       24 27 45 ==20.0
24 46       24 27 28 29 30 31 43 15 14 46 ==110.0
24 47       24 27 28 47 ==41.0
24 48       24 27 45 48 ==30.0
24 49       24 27 28 29 30 31 32 37 49 ==105.0
24 50       24 27 28 29 30 31 32 33 44 50 ==120.0
24 51       24 27 28 29 30 31 43 15 14 46 35 51 ==137.0
25 12       25 26 43 15 14 46 36 38 39 40 41 42 30 31 32 33 34 12 ==282.0
25 13       25 26 43 15 14 46 36 38 39 40 41 42 30 31 32 33 34 12 13 ==292.0
25 14       25 26 43 15 14 ==24.0
25 15       25 26 43 15 ==20.0
25 23       25 26 43 15 14 46 36 38 39 40 41 42 30 31 32 33 34 12 13 23 ==300.0
25 24       25 26 43 15 14 46 36 38 39 40 41 42 30 31 32 33 34 12 13 23 24 ==304.0
25 26       25 26 ==8.0
25 27       25 26 43 15 14 46 36 38 39 40 41 42 30 31 32 33 34 12 13 23 24 27 ==308.0
25 28       25 26 43 15 14 46 36 38 39 40 41 42 30 31 32 33 34 12 13 23 24 27 28 ==335.0
25 29       25 26 43 15 14 46 36 38 39 40 41 42 30 31 32 33 34 12 13 23 24 27 28 29 ==348.0
25 30       25 26 43 15 14 46 36 38 39 40 41 42 30 ==195.0
25 31       25 26 43 15 14 46 36 38 39 40 41 42 30 31 ==199.0
25 32       25 26 43 15 14 46 36 38 39 40 41 42 30 31 32 ==203.0
25 33       25 26 43 15 14 46 36 38 39 40 41 42 30 31 32 33 ==231.0
25 34       25 26 43 15 14 46 36 38 39 40 41 42 30 31 32 33 34 ==253.0
25 35       25 26 43 15 14 46 35 ==55.0
25 36       25 26 43 15 14 46 36 ==65.0
25 37       25 26 43 15 14 46 36 38 37 ==129.0
25 38       25 26 43 15 14 46 36 38 ==97.0
25 39       25 26 43 15 14 46 36 38 39 ==118.0
25 40       25 26 43 15 14 46 36 38 39 40 ==132.0
25 41       25 26 43 15 14 46 36 38 39 40 41 ==136.0
25 42       25 26 43 15 14 46 36 38 39 40 41 42 ==162.0
25 43       25 26 43 ==12.0
25 44       25 26 43 15 14 46 36 44 ==84.0
25 45       25 26 43 15 14 46 36 38 39 40 41 45 ==160.0
25 46       25 26 43 15 14 46 ==28.0
25 47       25 26 43 15 14 46 36 38 39 47 ==128.0
25 48       25 26 43 15 14 46 36 38 39 40 41 45 48 ==170.0
25 49       25 26 43 15 14 46 36 38 37 49 ==139.0
25 50       25 26 43 15 14 46 36 44 50 ==94.0
25 51       25 26 43 15 14 46 35 51 ==65.0
26 12       26 43 15 14 46 36 38 39 40 41 42 30 31 32 33 34 12 ==274.0
26 13       26 43 15 14 46 36 38 39 40 41 42 30 31 32 33 34 12 13 ==284.0
26 14       26 43 15 14 ==16.0
26 15       26 43 15 ==12.0
26 23       26 43 15 14 46 36 38 39 40 41 42 30 31 32 33 34 12 13 23 ==292.0
26 24       26 43 15 14 46 36 38 39 40 41 42 30 31 32 33 34 12 13 23 24 ==296.0
26 25       26 43 15 14 46 36 38 39 40 41 42 25 ==164.0
26 27       26 43 15 14 46 36 38 39 40 41 42 30 31 32 33 34 12 13 23 24 27 ==300.0
26 28       26 43 15 14 46 36 38 39 40 41 42 30 31 32 33 34 12 13 23 24 27 28 ==327.0
26 29       26 43 15 14 46 36 38 39 40 41 42 30 31 32 33 34 12 13 23 24 27 28 29 ==340.0
26 30       26 43 15 14 46 36 38 39 40 41 42 30 ==187.0
26 31       26 43 15 14 46 36 38 39 40 41 42 30 31 ==191.0
26 32       26 43 15 14 46 36 38 39 40 41 42 30 31 32 ==195.0
26 33       26 43 15 14 46 36 38 39 40 41 42 30 31 32 33 ==223.0
26 34       26 43 15 14 46 36 38 39 40 41 42 30 31 32 33 34 ==245.0
26 35       26 43 15 14 46 35 ==47.0
26 36       26 43 15 14 46 36 ==57.0
26 37       26 43 15 14 46 36 38 37 ==121.0
26 38       26 43 15 14 46 36 38 ==89.0
26 39       26 43 15 14 46 36 38 39 ==110.0
26 40       26 43 15 14 46 36 38 39 40 ==124.0
26 41       26 43 15 14 46 36 38 39 40 41 ==128.0
26 42       26 43 15 14 46 36 38 39 40 41 42 ==154.0
26 43       26 43 ==4.0
26 44       26 43 15 14 46 36 44 ==76.0
26 45       26 43 15 14 46 36 38 39 40 41 45 ==152.0
26 46       26 43 15 14 46 ==20.0
26 47       26 43 15 14 46 36 38 39 47 ==120.0
26 48       26 43 15 14 46 36 38 39 40 41 45 48 ==162.0
26 49       26 43 15 14 46 36 38 37 49 ==131.0
26 50       26 43 15 14 46 36 44 50 ==86.0
26 51       26 43 15 14 46 35 51 ==57.0
27 12       27 28 29 30 31 32 33 34 12 ==133.0
27 13       27 28 29 30 31 32 33 34 12 13 ==143.0
27 14       27 28 29 30 31 43 15 14 ==102.0
27 15       27 28 29 30 31 43 15 ==98.0
27 23       27 28 29 30 31 32 33 34 12 13 23 ==151.0
27 24       27 28 29 30 31 32 33 34 12 13 23 24 ==155.0
27 25       27 28 29 30 31 43 15 14 46 36 38 39 40 41 42 25 ==250.0
27 26       27 28 29 30 31 43 15 14 46 36 38 39 40 41 42 25 26 ==258.0
27 28       27 28 ==27.0
27 29       27 28 29 ==40.0
27 30       27 28 29 30 ==46.0
27 31       27 28 29 30 31 ==50.0
27 32       27 28 29 30 31 32 ==54.0
27 33       27 28 29 30 31 32 33 ==82.0
27 34       27 28 29 30 31 32 33 34 ==104.0
27 35       27 28 29 30 31 32 33 34 35 ==123.0
27 36       27 28 29 30 31 43 15 14 46 36 ==143.0
27 37       27 28 29 30 31 32 37 ==91.0
27 38       27 28 29 30 31 43 15 14 46 36 38 ==175.0
27 39       27 28 29 30 31 43 15 14 46 36 38 39 ==196.0
27 40       27 28 29 30 31 43 15 14 46 36 38 39 40 ==210.0
27 41       27 28 29 30 31 43 15 14 46 36 38 39 40 41 ==214.0
27 42       27 28 29 30 31 43 15 14 46 36 38 39 40 41 42 ==240.0
27 43       27 28 29 30 31 43 ==90.0
27 44       27 28 29 30 31 32 33 44 ==106.0
27 45       27 45 ==16.0
27 46       27 28 29 30 31 43 15 14 46 ==106.0
27 47       27 28 47 ==37.0
27 48       27 45 48 ==26.0
27 49       27 28 29 30 31 32 37 49 ==101.0
27 50       27 28 29 30 31 32 33 44 50 ==116.0
27 51       27 28 29 30 31 43 15 14 46 35 51 ==133.0
28 12       28 29 30 31 32 33 34 12 ==106.0
28 13       28 29 30 31 32 33 34 12 13 ==116.0
28 14       28 29 30 31 43 15 14 ==75.0
28 15       28 29 30 31 43 15 ==71.0
28 23       28 29 30 31 32 33 34 12 13 23 ==124.0
28 24       28 29 30 31 32 33 34 12 13 23 24 ==128.0
28 25       28 29 30 31 43 15 14 46 36 38 39 40 41 42 25 ==223.0
28 26       28 29 30 31 43 15 14 46 36 38 39 40 41 42 25 26 ==231.0
28 27       28 29 30 31 32 33 34 12 13 23 24 27 ==132.0
28 29       28 29 ==13.0
28 30       28 29 30 ==19.0
28 31       28 29 30 31 ==23.0
28 32       28 29 30 31 32 ==27.0
28 33       28 29 30 31 32 33 ==55.0
28 34       28 29 30 31 32 33 34 ==77.0
28 35       28 29 30 31 32 33 34 35 ==96.0
28 36       28 29 30 31 43 15 14 46 36 ==116.0
28 37       28 29 30 31 32 37 ==64.0
28 38       28 29 30 31 43 15 14 46 36 38 ==148.0
28 39       28 29 30 31 43 15 14 46 36 38 39 ==169.0
28 40       28 29 30 31 43 15 14 46 36 38 39 40 ==183.0
28 41       28 29 30 31 43 15 14 46 36 38 39 40 41 ==187.0
28 42       28 29 30 31 43 15 14 46 36 38 39 40 41 42 ==213.0
28 43       28 29 30 31 43 ==63.0
28 44       28 29 30 31 32 33 44 ==79.0
28 45       28 29 30 31 32 33 34 12 13 23 24 27 45 ==148.0
28 46       28 29 30 31 43 15 14 46 ==79.0
28 47       28 47 ==10.0
28 48       28 29 30 31 32 33 34 12 13 23 24 27 45 48 ==158.0
28 49       28 29 30 31 32 37 49 ==74.0
28 50       28 29 30 31 32 33 44 50 ==89.0
28 51       28 29 30 31 43 15 14 46 35 51 ==106.0
29 12       29 30 31 32 33 34 12 ==93.0
29 13       29 30 31 32 33 34 12 13 ==103.0
29 14       29 30 31 43 15 14 ==62.0
29 15       29 30 31 43 15 ==58.0
29 23       29 30 31 32 33 34 12 13 23 ==111.0
29 24       29 30 31 32 33 34 12 13 23 24 ==115.0
29 25       29 30 31 43 15 14 46 36 38 39 40 41 42 25 ==210.0
29 26       29 30 31 43 15 14 46 36 38 39 40 41 42 25 26 ==218.0
29 27       29 30 31 32 33 34 12 13 23 24 27 ==119.0
29 28       29 30 31 32 33 34 12 13 23 24 27 28 ==146.0
29 30       29 30 ==6.0
29 31       29 30 31 ==10.0
29 32       29 30 31 32 ==14.0
29 33       29 30 31 32 33 ==42.0
29 34       29 30 31 32 33 34 ==64.0
29 35       29 30 31 32 33 34 35 ==83.0
29 36       29 30 31 43 15 14 46 36 ==103.0
29 37       29 30 31 32 37 ==51.0
29 38       29 30 31 43 15 14 46 36 38 ==135.0
29 39       29 30 31 43 15 14 46 36 38 39 ==156.0
29 40       29 30 31 43 15 14 46 36 38 39 40 ==170.0
29 41       29 30 31 43 15 14 46 36 38 39 40 41 ==174.0
29 42       29 30 31 43 15 14 46 36 38 39 40 41 42 ==200.0
29 43       29 30 31 43 ==50.0
29 44       29 30 31 32 33 44 ==66.0
29 45       29 30 31 32 33 34 12 13 23 24 27 45 ==135.0
29 46       29 30 31 43 15 14 46 ==66.0
29 47       29 30 31 32 33 34 12 13 23 24 27 28 47 ==156.0
29 48       29 30 31 32 33 34 12 13 23 24 27 45 48 ==145.0
29 49       29 30 31 32 37 49 ==61.0
29 50       29 30 31 32 33 44 50 ==76.0
29 51       29 30 31 43 15 14 46 35 51 ==93.0
30 12       30 31 32 33 34 12 ==87.0
30 13       30 31 32 33 34 12 13 ==97.0
30 14       30 31 43 15 14 ==56.0
30 15       30 31 43 15 ==52.0
30 23       30 31 32 33 34 12 13 23 ==105.0
30 24       30 31 32 33 34 12 13 23 24 ==109.0
30 25       30 31 43 15 14 46 36 38 39 40 41 42 25 ==204.0
30 26       30 31 43 15 14 46 36 38 39 40 41 42 25 26 ==212.0
30 27       30 31 32 33 34 12 13 23 24 27 ==113.0
30 28       30 31 32 33 34 12 13 23 24 27 28 ==140.0
30 29       30 31 32 33 34 12 13 23 24 27 28 29 ==153.0
30 31       30 31 ==4.0
30 32       30 31 32 ==8.0
30 33       30 31 32 33 ==36.0
30 34       30 31 32 33 34 ==58.0
30 35       30 31 32 33 34 35 ==77.0
30 36       30 31 43 15 14 46 36 ==97.0
30 37       30 31 32 37 ==45.0
30 38       30 31 43 15 14 46 36 38 ==129.0
30 39       30 31 43 15 14 46 36 38 39 ==150.0
30 40       30 31 43 15 14 46 36 38 39 40 ==164.0
30 41       30 31 43 15 14 46 36 38 39 40 41 ==168.0
30 42       30 31 43 15 14 46 36 38 39 40 41 42 ==194.0
30 43       30 31 43 ==44.0
30 44       30 31 32 33 44 ==60.0
30 45       30 31 32 33 34 12 13 23 24 27 45 ==129.0
30 46       30 31 43 15 14 46 ==60.0
30 47       30 31 32 33 34 12 13 23 24 27 28 47 ==150.0
30 48       30 31 32 33 34 12 13 23 24 27 45 48 ==139.0
30 49       30 31 32 37 49 ==55.0
30 50       30 31 32 33 44 50 ==70.0
30 51       30 31 43 15 14 46 35 51 ==87.0
31 12       31 32 33 34 12 ==83.0
31 13       31 32 33 34 12 13 ==93.0
31 14       31 43 15 14 ==52.0
31 15       31 43 15 ==48.0
31 23       31 32 33 34 12 13 23 ==101.0
31 24       31 32 33 34 12 13 23 24 ==105.0
31 25       31 43 15 14 46 36 38 39 40 41 42 25 ==200.0
31 26       31 43 15 14 46 36 38 39 40 41 42 25 26 ==208.0
31 27       31 32 33 34 12 13 23 24 27 ==109.0
31 28       31 32 33 34 12 13 23 24 27 28 ==136.0
31 29       31 32 33 34 12 13 23 24 27 28 29 ==149.0
31 30       31 32 33 34 12 13 23 24 27 28 29 30 ==155.0
31 32       31 32 ==4.0
31 33       31 32 33 ==32.0
31 34       31 32 33 34 ==54.0
31 35       31 32 33 34 35 ==73.0
31 36       31 43 15 14 46 36 ==93.0
31 37       31 32 37 ==41.0
31 38       31 43 15 14 46 36 38 ==125.0
31 39       31 43 15 14 46 36 38 39 ==146.0
31 40       31 43 15 14 46 36 38 39 40 ==160.0
31 41       31 43 15 14 46 36 38 39 40 41 ==164.0
31 42       31 43 15 14 46 36 38 39 40 41 42 ==190.0
31 43       31 43 ==40.0
31 44       31 32 33 44 ==56.0
31 45       31 32 33 34 12 13 23 24 27 45 ==125.0
31 46       31 43 15 14 46 ==56.0
31 47       31 32 33 34 12 13 23 24 27 28 47 ==146.0
31 48       31 32 33 34 12 13 23 24 27 45 48 ==135.0
31 49       31 32 37 49 ==51.0
31 50       31 32 33 44 50 ==66.0
31 51       31 43 15 14 46 35 51 ==83.0
32 12       32 33 34 12 ==79.0
32 13       32 33 34 12 13 ==89.0
32 14       32 33 34 12 13 23 24 27 28 29 30 31 43 15 14 ==207.0
32 15       32 33 34 12 13 23 24 27 28 29 30 31 43 15 ==203.0
32 23       32 33 34 12 13 23 ==97.0
32 24       32 33 34 12 13 23 24 ==101.0
32 25       32 33 34 12 13 23 24 27 28 29 30 31 43 15 14 46 36 38 39 40 41 42 25 ==355.0
32 26       32 33 34 12 13 23 24 27 28 29 30 31 43 15 14 46 36 38 39 40 41 42 25 26 ==363.0
32 27       32 33 34 12 13 23 24 27 ==105.0
32 28       32 33 34 12 13 23 24 27 28 ==132.0
32 29       32 33 34 12 13 23 24 27 28 29 ==145.0
32 30       32 33 34 12 13 23 24 27 28 29 30 ==151.0
32 31       32 33 34 12 13 23 24 27 28 29 30 31 ==155.0
32 33       32 33 ==28.0
32 34       32 33 34 ==50.0
32 35       32 33 34 35 ==69.0
32 36       32 33 34 12 13 23 24 27 28 29 30 31 43 15 14 46 36 ==248.0
32 37       32 37 ==37.0
32 38       32 33 34 12 13 23 24 27 28 29 30 31 43 15 14 46 36 38 ==280.0
32 39       32 33 34 12 13 23 24 27 28 29 30 31 43 15 14 46 36 38 39 ==301.0
32 40       32 33 34 12 13 23 24 27 28 29 30 31 43 15 14 46 36 38 39 40 ==315.0
32 41       32 33 34 12 13 23 24 27 28 29 30 31 43 15 14 46 36 38 39 40 41 ==319.0
32 42       32 33 34 12 13 23 24 27 28 29 30 31 43 15 14 46 36 38 39 40 41 42 ==345.0
32 43       32 33 34 12 13 23 24 27 28 29 30 31 43 ==195.0
32 44       32 33 44 ==52.0
32 45       32 33 34 12 13 23 24 27 45 ==121.0
32 46       32 33 34 12 13 23 24 27 28 29 30 31 43 15 14 46 ==211.0
32 47       32 33 34 12 13 23 24 27 28 47 ==142.0
32 48       32 33 34 12 13 23 24 27 45 48 ==131.0
32 49       32 37 49 ==47.0
32 50       32 33 44 50 ==62.0
32 51       32 33 34 35 51 ==79.0
33 12       33 34 12 ==51.0
33 13       33 34 12 13 ==61.0
33 14       33 34 12 13 23 24 27 28 29 30 31 43 15 14 ==179.0
33 15       33 34 12 13 23 24 27 28 29 30 31 43 15 ==175.0
33 23       33 34 12 13 23 ==69.0
33 24       33 34 12 13 23 24 ==73.0
33 25       33 34 12 13 23 24 27 28 29 30 31 43 15 14 46 36 38 39 40 41 42 25 ==327.0
33 26       33 34 12 13 23 24 27 28 29 30 31 43 15 14 46 36 38 39 40 41 42 25 26 ==335.0
33 27       33 34 12 13 23 24 27 ==77.0
33 28       33 34 12 13 23 24 27 28 ==104.0
33 29       33 34 12 13 23 24 27 28 29 ==117.0
33 30       33 34 12 13 23 24 27 28 29 30 ==123.0
33 31       33 34 12 13 23 24 27 28 29 30 31 ==127.0
33 32       33 34 12 13 23 24 27 28 29 30 31 32 ==131.0
33 34       33 34 ==22.0
33 35       33 34 35 ==41.0
33 36       33 34 12 13 23 24 27 28 29 30 31 43 15 14 46 36 ==220.0
33 37       33 34 12 13 23 24 27 28 29 30 31 32 37 ==168.0
33 38       33 34 12 13 23 24 27 28 29 30 31 43 15 14 46 36 38 ==252.0
33 39       33 34 12 13 23 24 27 28 29 30 31 43 15 14 46 36 38 39 ==273.0
33 40       33 34 12 13 23 24 27 28 29 30 31 43 15 14 46 36 38 39 40 ==287.0
33 41       33 34 12 13 23 24 27 28 29 30 31 43 15 14 46 36 38 39 40 41 ==291.0
33 42       33 34 12 13 23 24 27 28 29 30 31 43 15 14 46 36 38 39 40 41 42 ==317.0
33 43       33 34 12 13 23 24 27 28 29 30 31 43 ==167.0
33 44       33 44 ==24.0
33 45       33 34 12 13 23 24 27 45 ==93.0
33 46       33 34 12 13 23 24 27 28 29 30 31 43 15 14 46 ==183.0
33 47       33 34 12 13 23 24 27 28 47 ==114.0
33 48       33 34 12 13 23 24 27 45 48 ==103.0
33 49       33 34 12 13 23 24 27 28 29 30 31 32 37 49 ==178.0
33 50       33 44 50 ==34.0
33 51       33 34 35 51 ==51.0
34 12       34 12 ==29.0
34 13       34 12 13 ==39.0
34 14       34 12 13 23 24 27 28 29 30 31 43 15 14 ==157.0
34 15       34 12 13 23 24 27 28 29 30 31 43 15 ==153.0
34 23       34 12 13 23 ==47.0
34 24       34 12 13 23 24 ==51.0
34 25       34 12 13 23 24 27 28 29 30 31 43 15 14 46 36 38 39 40 41 42 25 ==305.0
34 26       34 12 13 23 24 27 28 29 30 31 43 15 14 46 36 38 39 40 41 42 25 26 ==313.0
34 27       34 12 13 23 24 27 ==55.0
34 28       34 12 13 23 24 27 28 ==82.0
34 29       34 12 13 23 24 27 28 29 ==95.0
34 30       34 12 13 23 24 27 28 29 30 ==101.0
34 31       34 12 13 23 24 27 28 29 30 31 ==105.0
34 32       34 12 13 23 24 27 28 29 30 31 32 ==109.0
34 33       34 12 13 23 24 27 28 29 30 31 32 33 ==137.0
34 35       34 35 ==19.0
34 36       34 12 13 23 24 27 28 29 30 31 43 15 14 46 36 ==198.0
34 37       34 12 13 23 24 27 28 29 30 31 32 37 ==146.0
34 38       34 12 13 23 24 27 28 29 30 31 43 15 14 46 36 38 ==230.0
34 39       34 12 13 23 24 27 28 29 30 31 43 15 14 46 36 38 39 ==251.0
34 40       34 12 13 23 24 27 28 29 30 31 43 15 14 46 36 38 39 40 ==265.0
34 41       34 12 13 23 24 27 28 29 30 31 43 15 14 46 36 38 39 40 41 ==269.0
34 42       34 12 13 23 24 27 28 29 30 31 43 15 14 46 36 38 39 40 41 42 ==295.0
34 43       34 12 13 23 24 27 28 29 30 31 43 ==145.0
34 44       34 12 13 23 24 27 28 29 30 31 32 33 44 ==161.0
34 45       34 12 13 23 24 27 45 ==71.0
34 46       34 12 13 23 24 27 28 29 30 31 43 15 14 46 ==161.0
34 47       34 12 13 23 24 27 28 47 ==92.0
34 48       34 12 13 23 24 27 45 48 ==81.0
34 49       34 12 13 23 24 27 28 29 30 31 32 37 49 ==156.0
34 50       34 12 13 23 24 27 28 29 30 31 32 33 44 50 ==171.0
34 51       34 35 51 ==29.0
35 51       35 51 ==10.0
36 12       36 38 39 40 41 42 30 31 32 33 34 12 ==217.0
36 13       36 38 39 40 41 42 30 31 32 33 34 12 13 ==227.0
36 14       36 38 39 40 41 42 25 26 43 15 14 ==131.0
36 15       36 38 39 40 41 42 25 26 43 15 ==127.0
36 23       36 38 39 40 41 42 30 31 32 33 34 12 13 23 ==235.0
36 24       36 38 39 40 41 42 30 31 32 33 34 12 13 23 24 ==239.0
36 25       36 38 39 40 41 42 25 ==107.0
36 26       36 38 39 40 41 42 25 26 ==115.0
36 27       36 38 39 40 41 42 30 31 32 33 34 12 13 23 24 27 ==243.0
36 28       36 38 39 40 41 42 30 31 32 33 34 12 13 23 24 27 28 ==270.0
36 29       36 38 39 40 41 42 30 31 32 33 34 12 13 23 24 27 28 29 ==283.0
36 30       36 38 39 40 41 42 30 ==130.0
36 31       36 38 39 40 41 42 30 31 ==134.0
36 32       36 38 39 40 41 42 30 31 32 ==138.0
36 33       36 38 39 40 41 42 30 31 32 33 ==166.0
36 34       36 38 39 40 41 42 30 31 32 33 34 ==188.0
36 35       36 38 39 40 41 42 25 26 43 15 14 46 35 ==162.0
36 37       36 38 37 ==64.0
36 38       36 38 ==32.0
36 39       36 38 39 ==53.0
36 40       36 38 39 40 ==67.0
36 41       36 38 39 40 41 ==71.0
36 42       36 38 39 40 41 42 ==97.0
36 43       36 38 39 40 41 42 25 26 43 ==119.0
36 44       36 44 ==19.0
36 45       36 38 39 40 41 45 ==95.0
36 46       36 38 39 40 41 42 25 26 43 15 14 46 ==135.0
36 47       36 38 39 47 ==63.0
36 48       36 38 39 40 41 45 48 ==105.0
36 49       36 38 37 49 ==74.0
36 50       36 44 50 ==29.0
36 51       36 38 39 40 41 42 25 26 43 15 14 46 35 51 ==172.0
37 49       37 49 ==10.0
38 12       38 39 40 41 42 30 31 32 33 34 12 ==185.0
38 13       38 39 40 41 42 30 31 32 33 34 12 13 ==195.0
38 14       38 39 40 41 42 25 26 43 15 14 ==99.0
38 15       38 39 40 41 42 25 26 43 15 ==95.0
38 23       38 39 40 41 42 30 31 32 33 34 12 13 23 ==203.0
38 24       38 39 40 41 42 30 31 32 33 34 12 13 23 24 ==207.0
38 25       38 39 40 41 42 25 ==75.0
38 26       38 39 40 41 42 25 26 ==83.0
38 27       38 39 40 41 42 30 31 32 33 34 12 13 23 24 27 ==211.0
38 28       38 39 40 41 42 30 31 32 33 34 12 13 23 24 27 28 ==238.0
38 29       38 39 40 41 42 30 31 32 33 34 12 13 23 24 27 28 29 ==251.0
38 30       38 39 40 41 42 30 ==98.0
38 31       38 39 40 41 42 30 31 ==102.0
38 32       38 39 40 41 42 30 31 32 ==106.0
38 33       38 39 40 41 42 30 31 32 33 ==134.0
38 34       38 39 40 41 42 30 31 32 33 34 ==156.0
38 35       38 39 40 41 42 25 26 43 15 14 46 35 ==130.0
38 36       38 39 40 41 42 25 26 43 15 14 46 36 ==140.0
38 37       38 37 ==32.0
38 39       38 39 ==21.0
38 40       38 39 40 ==35.0
38 41       38 39 40 41 ==39.0
38 42       38 39 40 41 42 ==65.0
38 43       38 39 40 41 42 25 26 43 ==87.0
38 44       38 39 40 41 42 30 31 32 33 44 ==158.0
38 45       38 39 40 41 45 ==63.0
38 46       38 39 40 41 42 25 26 43 15 14 46 ==103.0
38 47       38 39 47 ==31.0
38 48       38 39 40 41 45 48 ==73.0
38 49       38 37 49 ==42.0
38 50       38 39 40 41 42 30 31 32 33 44 50 ==168.0
38 51       38 39 40 41 42 25 26 43 15 14 46 35 51 ==140.0
39 12       39 40 41 42 30 31 32 33 34 12 ==164.0
39 13       39 40 41 42 30 31 32 33 34 12 13 ==174.0
39 14       39 40 41 42 25 26 43 15 14 ==78.0
39 15       39 40 41 42 25 26 43 15 ==74.0
39 23       39 40 41 42 30 31 32 33 34 12 13 23 ==182.0
39 24       39 40 41 42 30 31 32 33 34 12 13 23 24 ==186.0
39 25       39 40 41 42 25 ==54.0
39 26       39 40 41 42 25 26 ==62.0
39 27       39 40 41 42 30 31 32 33 34 12 13 23 24 27 ==190.0
39 28       39 40 41 42 30 31 32 33 34 12 13 23 24 27 28 ==217.0
39 29       39 40 41 42 30 31 32 33 34 12 13 23 24 27 28 29 ==230.0
39 30       39 40 41 42 30 ==77.0
39 31       39 40 41 42 30 31 ==81.0
39 32       39 40 41 42 30 31 32 ==85.0
39 33       39 40 41 42 30 31 32 33 ==113.0
39 34       39 40 41 42 30 31 32 33 34 ==135.0
39 35       39 40 41 42 25 26 43 15 14 46 35 ==109.0
39 36       39 40 41 42 25 26 43 15 14 46 36 ==119.0
39 37       39 40 41 42 30 31 32 37 ==122.0
39 38       39 40 41 42 25 26 43 15 14 46 36 38 ==151.0
39 40       39 40 ==14.0
39 41       39 40 41 ==18.0
39 42       39 40 41 42 ==44.0
39 43       39 40 41 42 25 26 43 ==66.0
39 44       39 40 41 42 30 31 32 33 44 ==137.0
39 45       39 40 41 45 ==42.0
39 46       39 40 41 42 25 26 43 15 14 46 ==82.0
39 47       39 47 ==10.0
39 48       39 40 41 45 48 ==52.0
39 49       39 40 41 42 30 31 32 37 49 ==132.0
39 50       39 40 41 42 30 31 32 33 44 50 ==147.0
39 51       39 40 41 42 25 26 43 15 14 46 35 51 ==119.0
40 12       40 41 42 30 31 32 33 34 12 ==150.0
40 13       40 41 42 30 31 32 33 34 12 13 ==160.0
40 14       40 41 42 25 26 43 15 14 ==64.0
40 15       40 41 42 25 26 43 15 ==60.0
40 23       40 41 42 30 31 32 33 34 12 13 23 ==168.0
40 24       40 41 42 30 31 32 33 34 12 13 23 24 ==172.0
40 25       40 41 42 25 ==40.0
40 26       40 41 42 25 26 ==48.0
40 27       40 41 42 30 31 32 33 34 12 13 23 24 27 ==176.0
40 28       40 41 42 30 31 32 33 34 12 13 23 24 27 28 ==203.0
40 29       40 41 42 30 31 32 33 34 12 13 23 24 27 28 29 ==216.0
40 30       40 41 42 30 ==63.0
40 31       40 41 42 30 31 ==67.0
40 32       40 41 42 30 31 32 ==71.0
40 33       40 41 42 30 31 32 33 ==99.0
40 34       40 41 42 30 31 32 33 34 ==121.0
40 35       40 41 42 25 26 43 15 14 46 35 ==95.0
40 36       40 41 42 25 26 43 15 14 46 36 ==105.0
40 37       40 41 42 30 31 32 37 ==108.0
40 38       40 41 42 25 26 43 15 14 46 36 38 ==137.0
40 39       40 41 42 25 26 43 15 14 46 36 38 39 ==158.0
40 41       40 41 ==4.0
40 42       40 41 42 ==30.0
40 43       40 41 42 25 26 43 ==52.0
40 44       40 41 42 30 31 32 33 44 ==123.0
40 45       40 41 45 ==28.0
40 46       40 41 42 25 26 43 15 14 46 ==68.0
40 47       40 41 42 25 26 43 15 14 46 36 38 39 47 ==168.0
40 48       40 41 45 48 ==38.0
40 49       40 41 42 30 31 32 37 49 ==118.0
40 50       40 41 42 30 31 32 33 44 50 ==133.0
40 51       40 41 42 25 26 43 15 14 46 35 51 ==105.0
41 12       41 42 30 31 32 33 34 12 ==146.0
41 13       41 42 30 31 32 33 34 12 13 ==156.0
41 14       41 42 25 26 43 15 14 ==60.0
41 15       41 42 25 26 43 15 ==56.0
41 23       41 42 30 31 32 33 34 12 13 23 ==164.0
41 24       41 42 30 31 32 33 34 12 13 23 24 ==168.0
41 25       41 42 25 ==36.0
41 26       41 42 25 26 ==44.0
41 27       41 42 30 31 32 33 34 12 13 23 24 27 ==172.0
41 28       41 42 30 31 32 33 34 12 13 23 24 27 28 ==199.0
41 29       41 42 30 31 32 33 34 12 13 23 24 27 28 29 ==212.0
41 30       41 42 30 ==59.0
41 31       41 42 30 31 ==63.0
41 32       41 42 30 31 32 ==67.0
41 33       41 42 30 31 32 33 ==95.0
41 34       41 42 30 31 32 33 34 ==117.0
41 35       41 42 25 26 43 15 14 46 35 ==91.0
41 36       41 42 25 26 43 15 14 46 36 ==101.0
41 37       41 42 30 31 32 37 ==104.0
41 38       41 42 25 26 43 15 14 46 36 38 ==133.0
41 39       41 42 25 26 43 15 14 46 36 38 39 ==154.0
41 40       41 42 25 26 43 15 14 46 36 38 39 40 ==168.0
41 42       41 42 ==26.0
41 43       41 42 25 26 43 ==48.0
41 44       41 42 30 31 32 33 44 ==119.0
41 45       41 45 ==24.0
41 46       41 42 25 26 43 15 14 46 ==64.0
41 47       41 42 25 26 43 15 14 46 36 38 39 47 ==164.0
41 48       41 45 48 ==34.0
41 49       41 42 30 31 32 37 49 ==114.0
41 50       41 42 30 31 32 33 44 50 ==129.0
41 51       41 42 25 26 43 15 14 46 35 51 ==101.0
42 12       42 30 31 32 33 34 12 ==120.0
42 13       42 30 31 32 33 34 12 13 ==130.0
42 14       42 25 26 43 15 14 ==34.0
42 15       42 25 26 43 15 ==30.0
42 23       42 30 31 32 33 34 12 13 23 ==138.0
42 24       42 30 31 32 33 34 12 13 23 24 ==142.0
42 25       42 25 ==10.0
42 26       42 25 26 ==18.0
42 27       42 30 31 32 33 34 12 13 23 24 27 ==146.0
42 28       42 30 31 32 33 34 12 13 23 24 27 28 ==173.0
42 29       42 30 31 32 33 34 12 13 23 24 27 28 29 ==186.0
42 30       42 30 ==33.0
42 31       42 30 31 ==37.0
42 32       42 30 31 32 ==41.0
42 33       42 30 31 32 33 ==69.0
42 34       42 30 31 32 33 34 ==91.0
42 35       42 25 26 43 15 14 46 35 ==65.0
42 36       42 25 26 43 15 14 46 36 ==75.0
42 37       42 30 31 32 37 ==78.0
42 38       42 25 26 43 15 14 46 36 38 ==107.0
42 39       42 25 26 43 15 14 46 36 38 39 ==128.0
42 40       42 25 26 43 15 14 46 36 38 39 40 ==142.0
42 41       42 25 26 43 15 14 46 36 38 39 40 41 ==146.0
42 43       42 25 26 43 ==22.0
42 44       42 30 31 32 33 44 ==93.0
42 45       42 30 31 32 33 34 12 13 23 24 27 45 ==162.0
42 46       42 25 26 43 15 14 46 ==38.0
42 47       42 25 26 43 15 14 46 36 38 39 47 ==138.0
42 48       42 30 31 32 33 34 12 13 23 24 27 45 48 ==172.0
42 49       42 30 31 32 37 49 ==88.0
42 50       42 30 31 32 33 44 50 ==103.0
42 51       42 25 26 43 15 14 46 35 51 ==75.0
43 12       43 15 14 46 36 38 39 40 41 42 30 31 32 33 34 12 ==270.0
43 13       43 15 14 46 36 38 39 40 41 42 30 31 32 33 34 12 13 ==280.0
43 14       43 15 14 ==12.0
43 15       43 15 ==8.0
43 23       43 15 14 46 36 38 39 40 41 42 30 31 32 33 34 12 13 23 ==288.0
43 24       43 15 14 46 36 38 39 40 41 42 30 31 32 33 34 12 13 23 24 ==292.0
43 25       43 15 14 46 36 38 39 40 41 42 25 ==160.0
43 26       43 15 14 46 36 38 39 40 41 42 25 26 ==168.0
43 27       43 15 14 46 36 38 39 40 41 42 30 31 32 33 34 12 13 23 24 27 ==296.0
43 28       43 15 14 46 36 38 39 40 41 42 30 31 32 33 34 12 13 23 24 27 28 ==323.0
43 29       43 15 14 46 36 38 39 40 41 42 30 31 32 33 34 12 13 23 24 27 28 29 ==336.0
43 30       43 15 14 46 36 38 39 40 41 42 30 ==183.0
43 31       43 15 14 46 36 38 39 40 41 42 30 31 ==187.0
43 32       43 15 14 46 36 38 39 40 41 42 30 31 32 ==191.0
43 33       43 15 14 46 36 38 39 40 41 42 30 31 32 33 ==219.0
43 34       43 15 14 46 36 38 39 40 41 42 30 31 32 33 34 ==241.0
43 35       43 15 14 46 35 ==43.0
43 36       43 15 14 46 36 ==53.0
43 37       43 15 14 46 36 38 37 ==117.0
43 38       43 15 14 46 36 38 ==85.0
43 39       43 15 14 46 36 38 39 ==106.0
43 40       43 15 14 46 36 38 39 40 ==120.0
43 41       43 15 14 46 36 38 39 40 41 ==124.0
43 42       43 15 14 46 36 38 39 40 41 42 ==150.0
43 44       43 15 14 46 36 44 ==72.0
43 45       43 15 14 46 36 38 39 40 41 45 ==148.0
43 46       43 15 14 46 ==16.0
43 47       43 15 14 46 36 38 39 47 ==116.0
43 48       43 15 14 46 36 38 39 40 41 45 48 ==158.0
43 49       43 15 14 46 36 38 37 49 ==127.0
43 50       43 15 14 46 36 44 50 ==82.0
43 51       43 15 14 46 35 51 ==53.0
44 50       44 50 ==10.0
45 48       45 48 ==10.0
46 12       46 36 38 39 40 41 42 30 31 32 33 34 12 ==254.0
46 13       46 36 38 39 40 41 42 30 31 32 33 34 12 13 ==264.0
46 14       46 36 38 39 40 41 42 25 26 43 15 14 ==168.0
46 15       46 36 38 39 40 41 42 25 26 43 15 ==164.0
46 23       46 36 38 39 40 41 42 30 31 32 33 34 12 13 23 ==272.0
46 24       46 36 38 39 40 41 42 30 31 32 33 34 12 13 23 24 ==276.0
46 25       46 36 38 39 40 41 42 25 ==144.0
46 26       46 36 38 39 40 41 42 25 26 ==152.0
46 27       46 36 38 39 40 41 42 30 31 32 33 34 12 13 23 24 27 ==280.0
46 28       46 36 38 39 40 41 42 30 31 32 33 34 12 13 23 24 27 28 ==307.0
46 29       46 36 38 39 40 41 42 30 31 32 33 34 12 13 23 24 27 28 29 ==320.0
46 30       46 36 38 39 40 41 42 30 ==167.0
46 31       46 36 38 39 40 41 42 30 31 ==171.0
46 32       46 36 38 39 40 41 42 30 31 32 ==175.0
46 33       46 36 38 39 40 41 42 30 31 32 33 ==203.0
46 34       46 36 38 39 40 41 42 30 31 32 33 34 ==225.0
46 35       46 35 ==27.0
46 36       46 36 ==37.0
46 37       46 36 38 37 ==101.0
46 38       46 36 38 ==69.0
46 39       46 36 38 39 ==90.0
46 40       46 36 38 39 40 ==104.0
46 41       46 36 38 39 40 41 ==108.0
46 42       46 36 38 39 40 41 42 ==134.0
46 43       46 36 38 39 40 41 42 25 26 43 ==156.0
46 44       46 36 44 ==56.0
46 45       46 36 38 39 40 41 45 ==132.0
46 47       46 36 38 39 47 ==100.0
46 48       46 36 38 39 40 41 45 48 ==142.0
46 49       46 36 38 37 49 ==111.0
46 50       46 36 44 50 ==66.0
46 51       46 35 51 ==37.0
52 12       52 29 30 31 32 33 34 12 ==103.0
52 13       52 29 30 31 32 33 34 12 13 ==113.0
52 14       52 29 30 31 43 15 14 ==72.0
52 15       52 29 30 31 43 15 ==68.0
52 23       52 29 30 31 32 33 34 12 13 23 ==121.0
52 24       52 29 30 31 32 33 34 12 13 23 24 ==125.0
52 25       52 40 41 42 25 ==50.0
52 26       52 40 41 42 25 26 ==58.0
52 27       52 29 30 31 32 33 34 12 13 23 24 27 ==129.0
52 28       52 29 30 31 32 33 34 12 13 23 24 27 28 ==156.0
52 29       52 29 ==10.0
52 30       52 29 30 ==16.0
52 31       52 29 30 31 ==20.0
52 32       52 29 30 31 32 ==24.0
52 33       52 29 30 31 32 33 ==52.0
52 34       52 29 30 31 32 33 34 ==74.0
52 35       52 29 30 31 32 33 34 35 ==93.0
52 36       52 29 30 31 43 15 14 46 36 ==113.0
52 37       52 29 30 31 32 37 ==61.0
52 38       52 29 30 31 43 15 14 46 36 38 ==145.0
52 39       52 29 30 31 43 15 14 46 36 38 39 ==166.0
52 40       52 40 ==10.0
52 41       52 40 41 ==14.0
52 42       52 40 41 42 ==40.0
52 43       52 29 30 31 43 ==60.0
52 44       52 29 30 31 32 33 44 ==76.0
52 45       52 40 41 45 ==38.0
52 46       52 29 30 31 43 15 14 46 ==76.0
52 47       52 29 30 31 32 33 34 12 13 23 24 27 28 47 ==166.0
52 48       52 40 41 45 48 ==48.0
52 49       52 29 30 31 32 37 49 ==71.0
52 50       52 29 30 31 32 33 44 50 ==86.0
52 51       52 29 30 31 43 15 14 46 35 51 ==103.0
53 10       53 20 10 ==17.0
53 12       53 20 21 23 24 27 28 29 30 31 32 33 34 12 ==198.0
53 13       53 20 21 23 24 27 28 29 30 31 32 33 34 12 13 ==208.0
53 14       53 20 10 15 14 ==57.0
53 15       53 20 10 15 ==53.0
53 20       53 20 ==10.0
53 21       53 20 21 ==45.0
53 23       53 20 21 23 ==57.0
53 24       53 20 21 23 24 ==61.0
53 25       53 20 10 15 14 46 36 38 39 40 41 42 25 ==205.0
53 26       53 20 10 15 14 46 36 38 39 40 41 42 25 26 ==213.0
53 27       53 20 21 23 24 27 ==65.0
53 28       53 20 21 23 24 27 28 ==92.0
53 29       53 20 21 23 24 27 28 29 ==105.0
53 30       53 20 21 23 24 27 28 29 30 ==111.0
53 31       53 20 21 23 24 27 28 29 30 31 ==115.0
53 32       53 20 21 23 24 27 28 29 30 31 32 ==119.0
53 33       53 20 21 23 24 27 28 29 30 31 32 33 ==147.0
53 34       53 20 21 23 24 27 28 29 30 31 32 33 34 ==169.0
53 35       53 20 10 15 14 46 35 ==88.0
53 36       53 20 10 15 14 46 36 ==98.0
53 37       53 20 10 15 14 46 36 38 37 ==156.0
53 38       53 20 10 15 14 46 36 38 ==130.0
53 39       53 20 10 15 14 46 36 38 39 ==151.0
53 40       53 20 10 15 14 46 36 38 39 40 ==165.0
53 41       53 20 10 15 14 46 36 38 39 40 41 ==169.0
53 42       53 20 10 15 14 46 36 38 39 40 41 42 ==195.0
53 43       53 20 21 23 24 27 28 29 30 31 43 ==155.0
53 44       53 20 10 15 14 46 36 44 ==117.0
53 45       53 20 21 23 24 27 45 ==81.0
53 46       53 20 10 15 14 46 ==61.0
53 47       53 20 21 23 24 27 28 47 ==102.0
53 48       53 20 21 23 24 27 45 48 ==91.0
53 49       53 20 21 23 24 27 28 29 30 31 32 37 49 ==166.0
53 50       53 20 10 15 14 46 36 44 50 ==127.0
53 51       53 20 10 15 14 46 35 51 ==98.0
0 6       0 6 ==8.0
0 6       0 6 ==8.0
0 6       0 6 ==8.0
0 8       0 6 8 ==15.0
0 11       0 6 8 11 ==23.0
0 12       0 6 12 ==33.0
0 13       0 6 12 13 ==43.0
0 14       0 6 8 11 14 ==55.0
0 15       0 6 12 13 23 24 27 28 29 30 31 43 15 ==157.0
0 23       0 6 12 13 23 ==51.0
0 24       0 6 12 13 23 24 ==55.0
0 25       0 6 8 11 14 46 36 38 39 40 41 42 25 ==203.0
0 26       0 6 8 11 14 46 36 38 39 40 41 42 25 26 ==211.0
0 27       0 6 12 13 23 24 27 ==59.0
0 28       0 6 12 13 23 24 27 28 ==86.0
0 29       0 6 12 13 23 24 27 28 29 ==99.0
0 30       0 6 12 13 23 24 27 28 29 30 ==105.0
0 31       0 6 12 13 23 24 27 28 29 30 31 ==109.0
0 32       0 6 12 13 23 24 27 28 29 30 31 32 ==113.0
0 33       0 6 12 13 23 24 27 28 29 30 31 32 33 ==141.0
0 34       0 6 12 13 23 24 27 28 29 30 31 32 33 34 ==163.0
0 35       0 6 8 11 14 46 35 ==86.0
0 36       0 6 8 11 14 46 36 ==96.0
0 37       0 6 8 11 14 46 36 38 37 ==150.0
0 38       0 6 8 11 14 46 36 38 ==128.0
0 39       0 6 8 11 14 46 36 38 39 ==149.0
0 40       0 6 8 11 14 46 36 38 39 40 ==163.0
0 41       0 6 8 11 14 46 36 38 39 40 41 ==167.0
0 42       0 6 8 11 14 46 36 38 39 40 41 42 ==193.0
0 43       0 6 12 13 23 24 27 28 29 30 31 43 ==149.0
0 44       0 6 8 11 14 46 36 44 ==115.0
0 45       0 6 12 13 23 24 27 45 ==75.0
0 46       0 6 8 11 14 46 ==59.0
0 47       0 6 12 13 23 24 27 28 47 ==96.0
0 48       0 6 12 13 23 24 27 45 48 ==85.0
0 49       0 6 12 13 23 24 27 28 29 30 31 32 37 49 ==160.0
0 50       0 6 8 11 14 46 36 44 50 ==125.0
0 51       0 6 8 11 14 46 35 51 ==96.0
1 7       1 7 ==12.0
1 8       1 7 8 ==16.0
1 11       1 7 8 11 ==24.0
1 12       1 7 8 11 13 23 24 27 28 29 30 31 32 33 34 12 ==201.0
1 13       1 7 8 11 13 ==52.0
1 14       1 7 8 11 14 ==56.0
1 15       1 7 8 11 13 23 24 27 28 29 30 31 43 15 ==166.0
1 23       1 7 8 11 13 23 ==60.0
1 24       1 7 8 11 13 23 24 ==64.0
1 25       1 7 8 11 14 46 36 38 39 40 41 42 25 ==204.0
1 26       1 7 8 11 14 46 36 38 39 40 41 42 25 26 ==212.0
1 27       1 7 8 11 13 23 24 27 ==68.0
1 28       1 7 8 11 13 23 24 27 28 ==95.0
1 29       1 7 8 11 13 23 24 27 28 29 ==108.0
1 30       1 7 8 11 13 23 24 27 28 29 30 ==114.0
1 31       1 7 8 11 13 23 24 27 28 29 30 31 ==118.0
1 32       1 7 8 11 13 23 24 27 28 29 30 31 32 ==122.0
1 33       1 7 8 11 13 23 24 27 28 29 30 31 32 33 ==150.0
1 34       1 7 8 11 13 23 24 27 28 29 30 31 32 33 34 ==172.0
1 35       1 7 8 11 14 46 35 ==87.0
1 36       1 7 8 11 14 46 36 ==97.0
1 37       1 7 8 11 14 46 36 38 37 ==159.0
1 38       1 7 8 11 14 46 36 38 ==129.0
1 39       1 7 8 11 14 46 36 38 39 ==150.0
1 40       1 7 8 11 14 46 36 38 39 40 ==164.0
1 41       1 7 8 11 14 46 36 38 39 40 41 ==168.0
1 42       1 7 8 11 14 46 36 38 39 40 41 42 ==194.0
1 43       1 7 8 11 13 23 24 27 28 29 30 31 43 ==158.0
1 44       1 7 8 11 14 46 36 44 ==116.0
1 45       1 7 8 11 13 23 24 27 45 ==84.0
1 46       1 7 8 11 14 46 ==60.0
1 47       1 7 8 11 13 23 24 27 28 47 ==105.0
1 48       1 7 8 11 13 23 24 27 45 48 ==94.0
1 49       1 7 8 11 13 23 24 27 28 29 30 31 32 37 49 ==169.0
1 50       1 7 8 11 14 46 36 44 50 ==126.0
1 51       1 7 8 11 14 46 35 51 ==97.0
2 7       2 9 7 ==16.0
2 8       2 9 7 8 ==20.0
2 9       2 9 ==9.0
2 10       2 9 10 ==29.0
2 11       2 9 7 8 11 ==28.0
2 12       2 9 7 8 11 13 23 24 27 28 29 30 31 32 33 34 12 ==205.0
2 13       2 9 7 8 11 13 ==56.0
2 14       2 9 7 8 11 14 ==60.0
2 15       2 9 10 15 ==65.0
2 23       2 9 7 8 11 13 23 ==64.0
2 24       2 9 7 8 11 13 23 24 ==68.0
2 25       2 9 7 8 11 14 46 36 38 39 40 41 42 25 ==208.0
2 26       2 9 7 8 11 14 46 36 38 39 40 41 42 25 26 ==216.0
2 27       2 9 7 8 11 13 23 24 27 ==72.0
2 28       2 9 7 8 11 13 23 24 27 28 ==99.0
2 29       2 9 7 8 11 13 23 24 27 28 29 ==112.0
2 30       2 9 7 8 11 13 23 24 27 28 29 30 ==118.0
2 31       2 9 7 8 11 13 23 24 27 28 29 30 31 ==122.0
2 32       2 9 7 8 11 13 23 24 27 28 29 30 31 32 ==126.0
2 33       2 9 7 8 11 13 23 24 27 28 29 30 31 32 33 ==154.0
2 34       2 9 7 8 11 13 23 24 27 28 29 30 31 32 33 34 ==176.0
2 35       2 9 7 8 11 14 46 35 ==91.0
2 36       2 9 7 8 11 14 46 36 ==101.0
2 37       2 9 7 8 11 14 46 36 38 37 ==163.0
2 38       2 9 7 8 11 14 46 36 38 ==133.0
2 39       2 9 7 8 11 14 46 36 38 39 ==154.0
2 40       2 9 7 8 11 14 46 36 38 39 40 ==168.0
2 41       2 9 7 8 11 14 46 36 38 39 40 41 ==172.0
2 42       2 9 7 8 11 14 46 36 38 39 40 41 42 ==198.0
2 43       2 9 7 8 11 13 23 24 27 28 29 30 31 43 ==162.0
2 44       2 9 7 8 11 14 46 36 44 ==120.0
2 45       2 9 7 8 11 13 23 24 27 45 ==88.0
2 46       2 9 7 8 11 14 46 ==64.0
2 47       2 9 7 8 11 13 23 24 27 28 47 ==109.0
2 48       2 9 7 8 11 13 23 24 27 45 48 ==98.0
2 49       2 9 7 8 11 13 23 24 27 28 29 30 31 32 37 49 ==173.0
2 50       2 9 7 8 11 14 46 36 44 50 ==130.0
2 51       2 9 7 8 11 14 46 35 51 ==101.0
3 12       3 16 21 23 24 27 28 29 30 31 32 33 34 12 ==201.0
3 13       3 16 21 23 24 27 28 29 30 31 32 33 34 12 13 ==211.0
3 14       3 16 17 18 22 26 43 15 14 ==71.0
3 15       3 16 17 18 22 26 43 15 ==67.0
3 16       3 16 ==4.0
3 17       3 16 17 ==13.0
3 18       3 16 17 18 ==17.0
3 21       3 16 21 ==61.0
3 22       3 16 17 18 22 ==38.0
3 23       3 16 21 23 ==73.0
3 24       3 16 17 18 22 24 ==64.0
3 25       3 16 17 18 22 26 43 15 14 46 36 38 39 40 41 42 25 ==219.0
3 26       3 16 17 18 22 26 ==55.0
3 27       3 16 21 23 24 27 ==68.0
3 28       3 16 21 23 24 27 28 ==95.0
3 29       3 16 21 23 24 27 28 29 ==108.0
3 30       3 16 21 23 24 27 28 29 30 ==114.0
3 31       3 16 21 23 24 27 28 29 30 31 ==118.0
3 32       3 16 21 23 24 27 28 29 30 31 32 ==122.0
3 33       3 16 21 23 24 27 28 29 30 31 32 33 ==150.0
3 34       3 16 21 23 24 27 28 29 30 31 32 33 34 ==172.0
3 35       3 16 17 18 22 26 43 15 14 46 35 ==102.0
3 36       3 16 17 18 22 26 43 15 14 46 36 ==112.0
3 37       3 16 21 23 24 27 28 29 30 31 32 37 ==159.0
3 38       3 16 17 18 22 26 43 15 14 46 36 38 ==144.0
3 39       3 16 17 18 22 26 43 15 14 46 36 38 39 ==165.0
3 40       3 16 17 18 22 26 43 15 14 46 36 38 39 40 ==179.0
3 41       3 16 17 18 22 26 43 15 14 46 36 38 39 40 41 ==183.0
3 42       3 16 17 18 22 26 43 15 14 46 36 38 39 40 41 42 ==209.0
3 43       3 16 17 18 22 26 43 ==59.0
3 44       3 16 17 18 22 26 43 15 14 46 36 44 ==131.0
3 45       3 16 21 23 24 27 45 ==84.0
3 46       3 16 17 18 22 26 43 15 14 46 ==75.0
3 47       3 16 21 23 24 27 28 47 ==105.0
3 48       3 16 21 23 24 27 45 48 ==94.0
3 49       3 16 21 23 24 27 28 29 30 31 32 37 49 ==169.0
3 50       3 16 17 18 22 26 43 15 14 46 36 44 50 ==141.0
3 51       3 16 17 18 22 26 43 15 14 46 35 51 ==112.0
4 12       4 17 18 22 24 27 28 29 30 31 32 33 34 12 ==197.0
4 13       4 17 18 22 24 27 28 29 30 31 32 33 34 12 13 ==207.0
4 14       4 17 18 22 26 43 15 14 ==67.0
4 15       4 17 18 22 26 43 15 ==63.0
4 17       4 17 ==9.0
4 18       4 17 18 ==13.0
4 22       4 17 18 22 ==34.0
4 23       4 17 18 22 24 27 28 29 30 31 32 33 34 12 13 23 ==215.0
4 24       4 17 18 22 24 ==60.0
4 25       4 17 18 22 26 43 15 14 46 36 38 39 40 41 42 25 ==215.0
4 26       4 17 18 22 26 ==51.0
4 27       4 17 18 22 24 27 ==64.0
4 28       4 17 18 22 24 27 28 ==91.0
4 29       4 17 18 22 24 27 28 29 ==104.0
4 30       4 17 18 22 24 27 28 29 30 ==110.0
4 31       4 17 18 22 24 27 28 29 30 31 ==114.0
4 32       4 17 18 22 24 27 28 29 30 31 32 ==118.0
4 33       4 17 18 22 24 27 28 29 30 31 32 33 ==146.0
4 34       4 17 18 22 24 27 28 29 30 31 32 33 34 ==168.0
4 35       4 17 18 22 26 43 15 14 46 35 ==98.0
4 36       4 17 18 22 26 43 15 14 46 36 ==108.0
4 37       4 17 18 22 24 27 28 29 30 31 32 37 ==155.0
4 38       4 17 18 22 26 43 15 14 46 36 38 ==140.0
4 39       4 17 18 22 26 43 15 14 46 36 38 39 ==161.0
4 40       4 17 18 22 26 43 15 14 46 36 38 39 40 ==175.0
4 41       4 17 18 22 26 43 15 14 46 36 38 39 40 41 ==179.0
4 42       4 17 18 22 26 43 15 14 46 36 38 39 40 41 42 ==205.0
4 43       4 17 18 22 26 43 ==55.0
4 44       4 17 18 22 26 43 15 14 46 36 44 ==127.0
4 45       4 17 18 22 24 27 45 ==80.0
4 46       4 17 18 22 26 43 15 14 46 ==71.0
4 47       4 17 18 22 24 27 28 47 ==101.0
4 48       4 17 18 22 24 27 45 48 ==90.0
4 49       4 17 18 22 24 27 28 29 30 31 32 37 49 ==165.0
4 50       4 17 18 22 26 43 15 14 46 36 44 50 ==137.0
4 51       4 17 18 22 26 43 15 14 46 35 51 ==108.0
5 12       5 19 18 22 24 27 28 29 30 31 32 33 34 12 ==195.0
5 13       5 19 18 22 24 27 28 29 30 31 32 33 34 12 13 ==205.0
5 14       5 19 25 26 43 15 14 ==63.0
5 15       5 19 25 26 43 15 ==59.0
5 18       5 19 18 ==11.0
5 19       5 19 ==4.0
5 22       5 19 18 22 ==32.0
5 23       5 19 18 22 24 27 28 29 30 31 32 33 34 12 13 23 ==213.0
5 24       5 19 18 22 24 ==58.0
5 25       5 19 25 ==39.0
5 26       5 19 25 26 ==47.0
5 27       5 19 18 22 24 27 ==62.0
5 28       5 19 18 22 24 27 28 ==89.0
5 29       5 19 18 22 24 27 28 29 ==102.0
5 30       5 19 18 22 24 27 28 29 30 ==108.0
5 31       5 19 18 22 24 27 28 29 30 31 ==112.0
5 32       5 19 18 22 24 27 28 29 30 31 32 ==116.0
5 33       5 19 18 22 24 27 28 29 30 31 32 33 ==144.0
5 34       5 19 18 22 24 27 28 29 30 31 32 33 34 ==166.0
5 35       5 19 25 26 43 15 14 46 35 ==94.0
5 36       5 19 25 26 43 15 14 46 36 ==104.0
5 37       5 19 18 22 24 27 28 29 30 31 32 37 ==153.0
5 38       5 19 25 26 43 15 14 46 36 38 ==136.0
5 39       5 19 25 26 43 15 14 46 36 38 39 ==157.0
5 40       5 19 25 26 43 15 14 46 36 38 39 40 ==171.0
5 41       5 19 25 26 43 15 14 46 36 38 39 40 41 ==175.0
5 42       5 19 25 26 43 15 14 46 36 38 39 40 41 42 ==201.0
5 43       5 19 25 26 43 ==51.0
5 44       5 19 25 26 43 15 14 46 36 44 ==123.0
5 45       5 19 18 22 24 27 45 ==78.0
5 46       5 19 25 26 43 15 14 46 ==67.0
5 47       5 19 18 22 24 27 28 47 ==99.0
5 48       5 19 18 22 24 27 45 48 ==88.0
5 49       5 19 25 26 43 15 14 46 36 38 37 49 ==163.0
5 50       5 19 25 26 43 15 14 46 36 44 50 ==133.0
5 51       5 19 25 26 43 15 14 46 35 51 ==104.0
6 8       6 8 ==7.0
6 11       6 8 11 ==15.0
6 12       6 12 ==25.0
6 13       6 12 13 ==35.0
6 14       6 8 11 14 ==47.0
6 15       6 12 13 23 24 27 28 29 30 31 43 15 ==149.0
6 23       6 12 13 23 ==43.0
6 24       6 12 13 23 24 ==47.0
6 25       6 8 11 14 46 36 38 39 40 41 42 25 ==195.0
6 26       6 8 11 14 46 36 38 39 40 41 42 25 26 ==203.0
6 27       6 12 13 23 24 27 ==51.0
6 28       6 12 13 23 24 27 28 ==78.0
6 29       6 12 13 23 24 27 28 29 ==91.0
6 30       6 12 13 23 24 27 28 29 30 ==97.0
6 31       6 12 13 23 24 27 28 29 30 31 ==101.0
6 32       6 12 13 23 24 27 28 29 30 31 32 ==105.0
6 33       6 12 13 23 24 27 28 29 30 31 32 33 ==133.0
6 34       6 12 13 23 24 27 28 29 30 31 32 33 34 ==155.0
6 35       6 8 11 14 46 35 ==78.0
6 36       6 8 11 14 46 36 ==88.0
6 37       6 8 11 14 46 36 38 37 ==142.0
6 38       6 8 11 14 46 36 38 ==120.0
6 39       6 8 11 14 46 36 38 39 ==141.0
6 40       6 8 11 14 46 36 38 39 40 ==155.0
6 41       6 8 11 14 46 36 38 39 40 41 ==159.0
6 42       6 8 11 14 46 36 38 39 40 41 42 ==185.0
6 43       6 12 13 23 24 27 28 29 30 31 43 ==141.0
6 44       6 8 11 14 46 36 44 ==107.0
6 45       6 12 13 23 24 27 45 ==67.0
6 46       6 8 11 14 46 ==51.0
6 47       6 12 13 23 24 27 28 47 ==88.0
6 48       6 12 13 23 24 27 45 48 ==77.0
6 49       6 12 13 23 24 27 28 29 30 31 32 37 49 ==152.0
6 50       6 8 11 14 46 36 44 50 ==117.0
6 51       6 8 11 14 46 35 51 ==88.0
7 8       7 8 ==4.0
7 11       7 8 11 ==12.0
7 12       7 8 11 13 23 24 27 28 29 30 31 32 33 34 12 ==189.0
7 13       7 8 11 13 ==40.0
7 14       7 8 11 14 ==44.0
7 15       7 8 11 13 23 24 27 28 29 30 31 43 15 ==154.0
7 23       7 8 11 13 23 ==48.0
7 24       7 8 11 13 23 24 ==52.0
7 25       7 8 11 14 46 36 38 39 40 41 42 25 ==192.0
7 26       7 8 11 14 46 36 38 39 40 41 42 25 26 ==200.0
7 27       7 8 11 13 23 24 27 ==56.0
7 28       7 8 11 13 23 24 27 28 ==83.0
7 29       7 8 11 13 23 24 27 28 29 ==96.0
7 30       7 8 11 13 23 24 27 28 29 30 ==102.0
7 31       7 8 11 13 23 24 27 28 29 30 31 ==106.0
7 32       7 8 11 13 23 24 27 28 29 30 31 32 ==110.0
7 33       7 8 11 13 23 24 27 28 29 30 31 32 33 ==138.0
7 34       7 8 11 13 23 24 27 28 29 30 31 32 33 34 ==160.0
7 35       7 8 11 14 46 35 ==75.0
7 36       7 8 11 14 46 36 ==85.0
7 37       7 8 11 14 46 36 38 37 ==147.0
7 38       7 8 11 14 46 36 38 ==117.0
7 39       7 8 11 14 46 36 38 39 ==138.0
7 40       7 8 11 14 46 36 38 39 40 ==152.0
7 41       7 8 11 14 46 36 38 39 40 41 ==156.0
7 42       7 8 11 14 46 36 38 39 40 41 42 ==182.0
7 43       7 8 11 13 23 24 27 28 29 30 31 43 ==146.0
7 44       7 8 11 14 46 36 44 ==104.0
7 45       7 8 11 13 23 24 27 45 ==72.0
7 46       7 8 11 14 46 ==48.0
7 47       7 8 11 13 23 24 27 28 47 ==93.0
7 48       7 8 11 13 23 24 27 45 48 ==82.0
7 49       7 8 11 13 23 24 27 28 29 30 31 32 37 49 ==157.0
7 50       7 8 11 14 46 36 44 50 ==114.0
7 51       7 8 11 14 46 35 51 ==85.0
8 11       8 11 ==8.0
8 12       8 11 13 23 24 27 28 29 30 31 32 33 34 12 ==185.0
8 13       8 11 13 ==36.0
8 14       8 11 14 ==40.0
8 15       8 11 13 23 24 27 28 29 30 31 43 15 ==150.0
8 23       8 11 13 23 ==44.0
8 24       8 11 13 23 24 ==48.0
8 25       8 11 14 46 36 38 39 40 41 42 25 ==188.0
8 26       8 11 14 46 36 38 39 40 41 42 25 26 ==196.0
8 27       8 11 13 23 24 27 ==52.0
8 28       8 11 13 23 24 27 28 ==79.0
8 29       8 11 13 23 24 27 28 29 ==92.0
8 30       8 11 13 23 24 27 28 29 30 ==98.0
8 31       8 11 13 23 24 27 28 29 30 31 ==102.0
8 32       8 11 13 23 24 27 28 29 30 31 32 ==106.0
8 33       8 11 13 23 24 27 28 29 30 31 32 33 ==134.0
8 34       8 11 13 23 24 27 28 29 30 31 32 33 34 ==156.0
8 35       8 11 14 46 35 ==71.0
8 36       8 11 14 46 36 ==81.0
8 37       8 11 14 46 36 38 37 ==143.0
8 38       8 11 14 46 36 38 ==113.0
8 39       8 11 14 46 36 38 39 ==134.0
8 40       8 11 14 46 36 38 39 40 ==148.0
8 41       8 11 14 46 36 38 39 40 41 ==152.0
8 42       8 11 14 46 36 38 39 40 41 42 ==178.0
8 43       8 11 13 23 24 27 28 29 30 31 43 ==142.0
8 44       8 11 14 46 36 44 ==100.0
8 45       8 11 13 23 24 27 45 ==68.0
8 46       8 11 14 46 ==44.0
8 47       8 11 13 23 24 27 28 47 ==89.0
8 48       8 11 13 23 24 27 45 48 ==78.0
8 49       8 11 13 23 24 27 28 29 30 31 32 37 49 ==153.0
8 50       8 11 14 46 36 44 50 ==110.0
8 51       8 11 14 46 35 51 ==81.0
9 7       9 7 ==7.0
9 8       9 7 8 ==11.0
9 10       9 10 ==20.0
9 11       9 7 8 11 ==19.0
9 12       9 7 8 11 13 23 24 27 28 29 30 31 32 33 34 12 ==196.0
9 13       9 7 8 11 13 ==47.0
9 14       9 7 8 11 14 ==51.0
9 15       9 10 15 ==56.0
9 23       9 7 8 11 13 23 ==55.0
9 24       9 7 8 11 13 23 24 ==59.0
9 25       9 7 8 11 14 46 36 38 39 40 41 42 25 ==199.0
9 26       9 7 8 11 14 46 36 38 39 40 41 42 25 26 ==207.0
9 27       9 7 8 11 13 23 24 27 ==63.0
9 28       9 7 8 11 13 23 24 27 28 ==90.0
9 29       9 7 8 11 13 23 24 27 28 29 ==103.0
9 30       9 7 8 11 13 23 24 27 28 29 30 ==109.0
9 31       9 7 8 11 13 23 24 27 28 29 30 31 ==113.0
9 32       9 7 8 11 13 23 24 27 28 29 30 31 32 ==117.0
9 33       9 7 8 11 13 23 24 27 28 29 30 31 32 33 ==145.0
9 34       9 7 8 11 13 23 24 27 28 29 30 31 32 33 34 ==167.0
9 35       9 7 8 11 14 46 35 ==82.0
9 36       9 7 8 11 14 46 36 ==92.0
9 37       9 7 8 11 14 46 36 38 37 ==154.0
9 38       9 7 8 11 14 46 36 38 ==124.0
9 39       9 7 8 11 14 46 36 38 39 ==145.0
9 40       9 7 8 11 14 46 36 38 39 40 ==159.0
9 41       9 7 8 11 14 46 36 38 39 40 41 ==163.0
9 42       9 7 8 11 14 46 36 38 39 40 41 42 ==189.0
9 43       9 7 8 11 13 23 24 27 28 29 30 31 43 ==153.0
9 44       9 7 8 11 14 46 36 44 ==111.0
9 45       9 7 8 11 13 23 24 27 45 ==79.0
9 46       9 7 8 11 14 46 ==55.0
9 47       9 7 8 11 13 23 24 27 28 47 ==100.0
9 48       9 7 8 11 13 23 24 27 45 48 ==89.0
9 49       9 7 8 11 13 23 24 27 28 29 30 31 32 37 49 ==164.0
9 50       9 7 8 11 14 46 36 44 50 ==121.0
9 51       9 7 8 11 14 46 35 51 ==92.0
10 12       10 15 14 46 36 38 39 40 41 42 30 31 32 33 34 12 ==298.0
10 13       10 15 14 46 36 38 39 40 41 42 30 31 32 33 34 12 13 ==308.0
10 14       10 15 14 ==40.0
10 15       10 15 ==36.0
10 23       10 15 14 46 36 38 39 40 41 42 30 31 32 33 34 12 13 23 ==316.0
10 24       10 15 14 46 36 38 39 40 41 42 30 31 32 33 34 12 13 23 24 ==320.0
10 25       10 15 14 46 36 38 39 40 41 42 25 ==188.0
10 26       10 15 14 46 36 38 39 40 41 42 25 26 ==196.0
10 27       10 15 14 46 36 38 39 40 41 42 30 31 32 33 34 12 13 23 24 27 ==324.0
10 28       10 15 14 46 36 38 39 40 41 42 30 31 32 33 34 12 13 23 24 27 28 ==351.0
10 29       10 15 14 46 36 38 39 40 41 42 30 31 32 33 34 12 13 23 24 27 28 29 ==364.0
10 30       10 15 14 46 36 38 39 40 41 42 30 ==211.0
10 31       10 15 14 46 36 38 39 40 41 42 30 31 ==215.0
10 32       10 15 14 46 36 38 39 40 41 42 30 31 32 ==219.0
10 33       10 15 14 46 36 38 39 40 41 42 30 31 32 33 ==247.0
10 34       10 15 14 46 36 38 39 40 41 42 30 31 32 33 34 ==269.0
10 35       10 15 14 46 35 ==71.0
10 36       10 15 14 46 36 ==81.0
10 37       10 15 14 46 36 38 37 ==145.0
10 38       10 15 14 46 36 38 ==113.0
10 39       10 15 14 46 36 38 39 ==134.0
10 40       10 15 14 46 36 38 39 40 ==148.0
10 41       10 15 14 46 36 38 39 40 41 ==152.0
10 42       10 15 14 46 36 38 39 40 41 42 ==178.0
10 43       10 15 14 46 36 38 39 40 41 42 25 26 43 ==200.0
10 44       10 15 14 46 36 44 ==100.0
10 45       10 15 14 46 36 38 39 40 41 45 ==176.0
10 46       10 15 14 46 ==44.0
10 47       10 15 14 46 36 38 39 47 ==144.0
10 48       10 15 14 46 36 38 39 40 41 45 48 ==186.0
10 49       10 15 14 46 36 38 37 49 ==155.0
10 50       10 15 14 46 36 44 50 ==110.0
10 51       10 15 14 46 35 51 ==81.0
11 12       11 13 23 24 27 28 29 30 31 32 33 34 12 ==177.0
11 13       11 13 ==28.0
11 14       11 14 ==32.0
11 15       11 13 23 24 27 28 29 30 31 43 15 ==142.0
11 23       11 13 23 ==36.0
11 24       11 13 23 24 ==40.0
11 25       11 14 46 36 38 39 40 41 42 25 ==180.0
11 26       11 14 46 36 38 39 40 41 42 25 26 ==188.0
11 27       11 13 23 24 27 ==44.0
11 28       11 13 23 24 27 28 ==71.0
11 29       11 13 23 24 27 28 29 ==84.0
11 30       11 13 23 24 27 28 29 30 ==90.0
11 31       11 13 23 24 27 28 29 30 31 ==94.0
11 32       11 13 23 24 27 28 29 30 31 32 ==98.0
11 33       11 13 23 24 27 28 29 30 31 32 33 ==126.0
11 34       11 13 23 24 27 28 29 30 31 32 33 34 ==148.0
11 35       11 14 46 35 ==63.0
11 36       11 14 46 36 ==73.0
11 37       11 14 46 36 38 37 ==135.0
11 38       11 14 46 36 38 ==105.0
11 39       11 14 46 36 38 39 ==126.0
11 40       11 14 46 36 38 39 40 ==140.0
11 41       11 14 46 36 38 39 40 41 ==144.0
11 42       11 14 46 36 38 39 40 41 42 ==170.0
11 43       11 13 23 24 27 28 29 30 31 43 ==134.0
11 44       11 14 46 36 44 ==92.0
11 45       11 13 23 24 27 45 ==60.0
11 46       11 14 46 ==36.0
11 47       11 13 23 24 27 28 47 ==81.0
11 48       11 13 23 24 27 45 48 ==70.0
11 49       11 13 23 24 27 28 29 30 31 32 37 49 ==145.0
11 50       11 14 46 36 44 50 ==102.0
11 51       11 14 46 35 51 ==73.0
12 13       12 13 ==10.0
12 14       12 13 23 24 27 28 29 30 31 43 15 14 ==128.0
12 15       12 13 23 24 27 28 29 30 31 43 15 ==124.0
12 23       12 13 23 ==18.0
12 24       12 13 23 24 ==22.0
12 25       12 13 23 24 27 28 29 30 31 43 15 14 46 36 38 39 40 41 42 25 ==276.0
12 26       12 13 23 24 27 28 29 30 31 43 15 14 46 36 38 39 40 41 42 25 26 ==284.0
12 27       12 13 23 24 27 ==26.0
12 28       12 13 23 24 27 28 ==53.0
12 29       12 13 23 24 27 28 29 ==66.0
12 30       12 13 23 24 27 28 29 30 ==72.0
12 31       12 13 23 24 27 28 29 30 31 ==76.0
12 32       12 13 23 24 27 28 29 30 31 32 ==80.0
12 33       12 13 23 24 27 28 29 30 31 32 33 ==108.0
12 34       12 13 23 24 27 28 29 30 31 32 33 34 ==130.0
12 35       12 13 23 24 27 28 29 30 31 32 33 34 35 ==149.0
12 36       12 13 23 24 27 28 29 30 31 43 15 14 46 36 ==169.0
12 37       12 13 23 24 27 28 29 30 31 32 37 ==117.0
12 38       12 13 23 24 27 28 29 30 31 43 15 14 46 36 38 ==201.0
12 39       12 13 23 24 27 28 29 30 31 43 15 14 46 36 38 39 ==222.0
12 40       12 13 23 24 27 28 29 30 31 43 15 14 46 36 38 39 40 ==236.0
12 41       12 13 23 24 27 28 29 30 31 43 15 14 46 36 38 39 40 41 ==240.0
12 42       12 13 23 24 27 28 29 30 31 43 15 14 46 36 38 39 40 41 42 ==266.0
12 43       12 13 23 24 27 28 29 30 31 43 ==116.0
12 44       12 13 23 24 27 28 29 30 31 32 33 44 ==132.0
12 45       12 13 23 24 27 45 ==42.0
12 46       12 13 23 24 27 28 29 30 31 43 15 14 46 ==132.0
12 47       12 13 23 24 27 28 47 ==63.0
12 48       12 13 23 24 27 45 48 ==52.0
12 49       12 13 23 24 27 28 29 30 31 32 37 49 ==127.0
12 50       12 13 23 24 27 28 29 30 31 32 33 44 50 ==142.0
12 51       12 13 23 24 27 28 29 30 31 43 15 14 46 35 51 ==159.0
13 12       13 23 24 27 28 29 30 31 32 33 34 12 ==149.0
13 14       13 23 24 27 28 29 30 31 43 15 14 ==118.0
13 15       13 23 24 27 28 29 30 31 43 15 ==114.0
13 23       13 23 ==8.0
13 24       13 23 24 ==12.0
13 25       13 23 24 27 28 29 30 31 43 15 14 46 36 38 39 40 41 42 25 ==266.0
13 26       13 23 24 27 28 29 30 31 43 15 14 46 36 38 39 40 41 42 25 26 ==274.0
13 27       13 23 24 27 ==16.0
13 28       13 23 24 27 28 ==43.0
13 29       13 23 24 27 28 29 ==56.0
13 30       13 23 24 27 28 29 30 ==62.0
13 31       13 23 24 27 28 29 30 31 ==66.0
13 32       13 23 24 27 28 29 30 31 32 ==70.0
13 33       13 23 24 27 28 29 30 31 32 33 ==98.0
13 34       13 23 24 27 28 29 30 31 32 33 34 ==120.0
13 35       13 23 24 27 28 29 30 31 32 33 34 35 ==139.0
13 36       13 23 24 27 28 29 30 31 43 15 14 46 36 ==159.0
13 37       13 23 24 27 28 29 30 31 32 37 ==107.0
13 38       13 23 24 27 28 29 30 31 43 15 14 46 36 38 ==191.0
13 39       13 23 24 27 28 29 30 31 43 15 14 46 36 38 39 ==212.0
13 40       13 23 24 27 28 29 30 31 43 15 14 46 36 38 39 40 ==226.0
13 41       13 23 24 27 28 29 30 31 43 15 14 46 36 38 39 40 41 ==230.0
13 42       13 23 24 27 28 29 30 31 43 15 14 46 36 38 39 40 41 42 ==256.0
13 43       13 23 24 27 28 29 30 31 43 ==106.0
13 44       13 23 24 27 28 29 30 31 32 33 44 ==122.0
13 45       13 23 24 27 45 ==32.0
13 46       13 23 24 27 28 29 30 31 43 15 14 46 ==122.0
13 47       13 23 24 27 28 47 ==53.0
13 48       13 23 24 27 45 48 ==42.0
13 49       13 23 24 27 28 29 30 31 32 37 49 ==117.0
13 50       13 23 24 27 28 29 30 31 32 33 44 50 ==132.0
13 51       13 23 24 27 28 29 30 31 43 15 14 46 35 51 ==149.0
14 12       14 46 36 38 39 40 41 42 30 31 32 33 34 12 ==258.0
14 13       14 46 36 38 39 40 41 42 30 31 32 33 34 12 13 ==268.0
14 15       14 46 36 38 39 40 41 42 25 26 43 15 ==168.0
14 23       14 46 36 38 39 40 41 42 30 31 32 33 34 12 13 23 ==276.0
14 24       14 46 36 38 39 40 41 42 30 31 32 33 34 12 13 23 24 ==280.0
14 25       14 46 36 38 39 40 41 42 25 ==148.0
14 26       14 46 36 38 39 40 41 42 25 26 ==156.0
14 27       14 46 36 38 39 40 41 42 30 31 32 33 34 12 13 23 24 27 ==284.0
14 28       14 46 36 38 39 40 41 42 30 31 32 33 34 12 13 23 24 27 28 ==311.0
14 29       14 46 36 38 39 40 41 42 30 31 32 33 34 12 13 23 24 27 28 29 ==324.0
14 30       14 46 36 38 39 40 41 42 30 ==171.0
14 31       14 46 36 38 39 40 41 42 30 31 ==175.0
14 32       14 46 36 38 39 40 41 42 30 31 32 ==179.0
14 33       14 46 36 38 39 40 41 42 30 31 32 33 ==207.0
14 34       14 46 36 38 39 40 41 42 30 31 32 33 34 ==229.0
14 35       14 46 35 ==31.0
14 36       14 46 36 ==41.0
14 37       14 46 36 38 37 ==105.0
14 38       14 46 36 38 ==73.0
14 39       14 46 36 38 39 ==94.0
14 40       14 46 36 38 39 40 ==108.0
14 41       14 46 36 38 39 40 41 ==112.0
14 42       14 46 36 38 39 40 41 42 ==138.0
14 43       14 46 36 38 39 40 41 42 25 26 43 ==160.0
14 44       14 46 36 44 ==60.0
14 45       14 46 36 38 39 40 41 45 ==136.0
14 46       14 46 ==4.0
14 47       14 46 36 38 39 47 ==104.0
14 48       14 46 36 38 39 40 41 45 48 ==146.0
14 49       14 46 36 38 37 49 ==115.0
14 50       14 46 36 44 50 ==70.0
14 51       14 46 35 51 ==41.0
15 12       15 14 46 36 38 39 40 41 42 30 31 32 33 34 12 ==262.0
15 13       15 14 46 36 38 39 40 41 42 30 31 32 33 34 12 13 ==272.0
15 14       15 14 ==4.0
15 23       15 14 46 36 38 39 40 41 42 30 31 32 33 34 12 13 23 ==280.0
15 24       15 14 46 36 38 39 40 41 42 30 31 32 33 34 12 13 23 24 ==284.0
15 25       15 14 46 36 38 39 40 41 42 25 ==152.0
15 26       15 14 46 36 38 39 40 41 42 25 26 ==160.0
15 27       15 14 46 36 38 39 40 41 42 30 31 32 33 34 12 13 23 24 27 ==288.0
15 28       15 14 46 36 38 39 40 41 42 30 31 32 33 34 12 13 23 24 27 28 ==315.0
15 29       15 14 46 36 38 39 40 41 42 30 31 32 33 34 12 13 23 24 27 28 29 ==328.0
15 30       15 14 46 36 38 39 40 41 42 30 ==175.0
15 31       15 14 46 36 38 39 40 41 42 30 31 ==179.0
15 32       15 14 46 36 38 39 40 41 42 30 31 32 ==183.0
15 33       15 14 46 36 38 39 40 41 42 30 31 32 33 ==211.0
15 34       15 14 46 36 38 39 40 41 42 30 31 32 33 34 ==233.0
15 35       15 14 46 35 ==35.0
15 36       15 14 46 36 ==45.0
15 37       15 14 46 36 38 37 ==109.0
15 38       15 14 46 36 38 ==77.0
15 39       15 14 46 36 38 39 ==98.0
15 40       15 14 46 36 38 39 40 ==112.0
15 41       15 14 46 36 38 39 40 41 ==116.0
15 42       15 14 46 36 38 39 40 41 42 ==142.0
15 43       15 14 46 36 38 39 40 41 42 25 26 43 ==164.0
15 44       15 14 46 36 44 ==64.0
15 45       15 14 46 36 38 39 40 41 45 ==140.0
15 46       15 14 46 ==8.0
15 47       15 14 46 36 38 39 47 ==108.0
15 48       15 14 46 36 38 39 40 41 45 48 ==150.0
15 49       15 14 46 36 38 37 49 ==119.0
15 50       15 14 46 36 44 50 ==74.0
15 51       15 14 46 35 51 ==45.0
16 12       16 21 23 24 27 28 29 30 31 32 33 34 12 ==197.0
16 13       16 21 23 24 27 28 29 30 31 32 33 34 12 13 ==207.0
16 14       16 17 18 22 26 43 15 14 ==67.0
16 15       16 17 18 22 26 43 15 ==63.0
16 17       16 17 ==9.0
16 18       16 17 18 ==13.0
16 21       16 21 ==57.0
16 22       16 17 18 22 ==34.0
16 23       16 21 23 ==69.0
16 24       16 17 18 22 24 ==60.0
16 25       16 17 18 22 26 43 15 14 46 36 38 39 40 41 42 25 ==215.0
16 26       16 17 18 22 26 ==51.0
16 27       16 21 23 24 27 ==64.0
16 28       16 21 23 24 27 28 ==91.0
16 29       16 21 23 24 27 28 29 ==104.0
16 30       16 21 23 24 27 28 29 30 ==110.0
16 31       16 21 23 24 27 28 29 30 31 ==114.0
16 32       16 21 23 24 27 28 29 30 31 32 ==118.0
16 33       16 21 23 24 27 28 29 30 31 32 33 ==146.0
16 34       16 21 23 24 27 28 29 30 31 32 33 34 ==168.0
16 35       16 17 18 22 26 43 15 14 46 35 ==98.0
16 36       16 17 18 22 26 43 15 14 46 36 ==108.0
16 37       16 21 23 24 27 28 29 30 31 32 37 ==155.0
16 38       16 17 18 22 26 43 15 14 46 36 38 ==140.0
16 39       16 17 18 22 26 43 15 14 46 36 38 39 ==161.0
16 40       16 17 18 22 26 43 15 14 46 36 38 39 40 ==175.0
16 41       16 17 18 22 26 43 15 14 46 36 38 39 40 41 ==179.0
16 42       16 17 18 22 26 43 15 14 46 36 38 39 40 41 42 ==205.0
16 43       16 17 18 22 26 43 ==55.0
16 44       16 17 18 22 26 43 15 14 46 36 44 ==127.0
16 45       16 21 23 24 27 45 ==80.0
16 46       16 17 18 22 26 43 15 14 46 ==71.0
16 47       16 21 23 24 27 28 47 ==101.0
16 48       16 21 23 24 27 45 48 ==90.0
16 49       16 21 23 24 27 28 29 30 31 32 37 49 ==165.0
16 50       16 17 18 22 26 43 15 14 46 36 44 50 ==137.0
16 51       16 17 18 22 26 43 15 14 46 35 51 ==108.0
17 12       17 18 22 24 27 28 29 30 31 32 33 34 12 ==188.0
17 13       17 18 22 24 27 28 29 30 31 32 33 34 12 13 ==198.0
17 14       17 18 22 26 43 15 14 ==58.0
17 15       17 18 22 26 43 15 ==54.0
17 18       17 18 ==4.0
17 22       17 18 22 ==25.0
17 23       17 18 22 24 27 28 29 30 31 32 33 34 12 13 23 ==206.0
17 24       17 18 22 24 ==51.0
17 25       17 18 22 26 43 15 14 46 36 38 39 40 41 42 25 ==206.0
17 26       17 18 22 26 ==42.0
17 27       17 18 22 24 27 ==55.0
17 28       17 18 22 24 27 28 ==82.0
17 29       17 18 22 24 27 28 29 ==95.0
17 30       17 18 22 24 27 28 29 30 ==101.0
17 31       17 18 22 24 27 28 29 30 31 ==105.0
17 32       17 18 22 24 27 28 29 30 31 32 ==109.0
17 33       17 18 22 24 27 28 29 30 31 32 33 ==137.0
17 34       17 18 22 24 27 28 29 30 31 32 33 34 ==159.0
17 35       17 18 22 26 43 15 14 46 35 ==89.0
17 36       17 18 22 26 43 15 14 46 36 ==99.0
17 37       17 18 22 24 27 28 29 30 31 32 37 ==146.0
17 38       17 18 22 26 43 15 14 46 36 38 ==131.0
17 39       17 18 22 26 43 15 14 46 36 38 39 ==152.0
17 40       17 18 22 26 43 15 14 46 36 38 39 40 ==166.0
17 41       17 18 22 26 43 15 14 46 36 38 39 40 41 ==170.0
17 42       17 18 22 26 43 15 14 46 36 38 39 40 41 42 ==196.0
17 43       17 18 22 26 43 ==46.0
17 44       17 18 22 26 43 15 14 46 36 44 ==118.0
17 45       17 18 22 24 27 45 ==71.0
17 46       17 18 22 26 43 15 14 46 ==62.0
17 47       17 18 22 24 27 28 47 ==92.0
17 48       17 18 22 24 27 45 48 ==81.0
17 49       17 18 22 24 27 28 29 30 31 32 37 49 ==156.0
17 50       17 18 22 26 43 15 14 46 36 44 50 ==128.0
17 51       17 18 22 26 43 15 14 46 35 51 ==99.0
18 12       18 22 24 27 28 29 30 31 32 33 34 12 ==184.0
18 13       18 22 24 27 28 29 30 31 32 33 34 12 13 ==194.0
18 14       18 22 26 43 15 14 ==54.0
18 15       18 22 26 43 15 ==50.0
18 22       18 22 ==21.0
18 23       18 22 24 27 28 29 30 31 32 33 34 12 13 23 ==202.0
18 24       18 22 24 ==47.0
18 25       18 22 26 43 15 14 46 36 38 39 40 41 42 25 ==202.0
18 26       18 22 26 ==38.0
18 27       18 22 24 27 ==51.0
18 28       18 22 24 27 28 ==78.0
18 29       18 22 24 27 28 29 ==91.0
18 30       18 22 24 27 28 29 30 ==97.0
18 31       18 22 24 27 28 29 30 31 ==101.0
18 32       18 22 24 27 28 29 30 31 32 ==105.0
18 33       18 22 24 27 28 29 30 31 32 33 ==133.0
18 34       18 22 24 27 28 29 30 31 32 33 34 ==155.0
18 35       18 22 26 43 15 14 46 35 ==85.0
18 36       18 22 26 43 15 14 46 36 ==95.0
18 37       18 22 24 27 28 29 30 31 32 37 ==142.0
18 38       18 22 26 43 15 14 46 36 38 ==127.0
18 39       18 22 26 43 15 14 46 36 38 39 ==148.0
18 40       18 22 26 43 15 14 46 36 38 39 40 ==162.0
18 41       18 22 26 43 15 14 46 36 38 39 40 41 ==166.0
18 42       18 22 26 43 15 14 46 36 38 39 40 41 42 ==192.0
18 43       18 22 26 43 ==42.0
18 44       18 22 26 43 15 14 46 36 44 ==114.0
18 45       18 22 24 27 45 ==67.0
18 46       18 22 26 43 15 14 46 ==58.0
18 47       18 22 24 27 28 47 ==88.0
18 48       18 22 24 27 45 48 ==77.0
18 49       18 22 24 27 28 29 30 31 32 37 49 ==152.0
18 50       18 22 26 43 15 14 46 36 44 50 ==124.0
18 51       18 22 26 43 15 14 46 35 51 ==95.0
19 12       19 18 22 24 27 28 29 30 31 32 33 34 12 ==191.0
19 13       19 18 22 24 27 28 29 30 31 32 33 34 12 13 ==201.0
19 14       19 25 26 43 15 14 ==59.0
19 15       19 25 26 43 15 ==55.0
19 18       19 18 ==7.0
19 22       19 18 22 ==28.0
19 23       19 18 22 24 27 28 29 30 31 32 33 34 12 13 23 ==209.0
19 24       19 18 22 24 ==54.0
19 25       19 25 ==35.0
19 26       19 25 26 ==43.0
19 27       19 18 22 24 27 ==58.0
19 28       19 18 22 24 27 28 ==85.0
19 29       19 18 22 24 27 28 29 ==98.0
19 30       19 18 22 24 27 28 29 30 ==104.0
19 31       19 18 22 24 27 28 29 30 31 ==108.0
19 32       19 18 22 24 27 28 29 30 31 32 ==112.0
19 33       19 18 22 24 27 28 29 30 31 32 33 ==140.0
19 34       19 18 22 24 27 28 29 30 31 32 33 34 ==162.0
19 35       19 25 26 43 15 14 46 35 ==90.0
19 36       19 25 26 43 15 14 46 36 ==100.0
19 37       19 18 22 24 27 28 29 30 31 32 37 ==149.0
19 38       19 25 26 43 15 14 46 36 38 ==132.0
19 39       19 25 26 43 15 14 46 36 38 39 ==153.0
19 40       19 25 26 43 15 14 46 36 38 39 40 ==167.0
19 41       19 25 26 43 15 14 46 36 38 39 40 41 ==171.0
19 42       19 25 26 43 15 14 46 36 38 39 40 41 42 ==197.0
19 43       19 25 26 43 ==47.0
19 44       19 25 26 43 15 14 46 36 44 ==119.0
19 45       19 18 22 24 27 45 ==74.0
19 46       19 25 26 43 15 14 46 ==63.0
19 47       19 18 22 24 27 28 47 ==95.0
19 48       19 18 22 24 27 45 48 ==84.0
19 49       19 25 26 43 15 14 46 36 38 37 49 ==159.0
19 50       19 25 26 43 15 14 46 36 44 50 ==129.0
19 51       19 25 26 43 15 14 46 35 51 ==100.0
20 10       20 10 ==7.0
20 12       20 21 23 24 27 28 29 30 31 32 33 34 12 ==188.0
20 13       20 21 23 24 27 28 29 30 31 32 33 34 12 13 ==198.0
20 14       20 10 15 14 ==47.0
20 15       20 10 15 ==43.0
20 21       20 21 ==35.0
20 23       20 21 23 ==47.0
20 24       20 21 23 24 ==51.0
20 25       20 10 15 14 46 36 38 39 40 41 42 25 ==195.0
20 26       20 10 15 14 46 36 38 39 40 41 42 25 26 ==203.0
20 27       20 21 23 24 27 ==55.0
20 28       20 21 23 24 27 28 ==82.0
20 29       20 21 23 24 27 28 29 ==95.0
20 30       20 21 23 24 27 28 29 30 ==101.0
20 31       20 21 23 24 27 28 29 30 31 ==105.0
20 32       20 21 23 24 27 28 29 30 31 32 ==109.0
20 33       20 21 23 24 27 28 29 30 31 32 33 ==137.0
20 34       20 21 23 24 27 28 29 30 31 32 33 34 ==159.0
20 35       20 10 15 14 46 35 ==78.0
20 36       20 10 15 14 46 36 ==88.0
20 37       20 10 15 14 46 36 38 37 ==146.0
20 38       20 10 15 14 46 36 38 ==120.0
20 39       20 10 15 14 46 36 38 39 ==141.0
20 40       20 10 15 14 46 36 38 39 40 ==155.0
20 41       20 10 15 14 46 36 38 39 40 41 ==159.0
20 42       20 10 15 14 46 36 38 39 40 41 42 ==185.0
20 43       20 21 23 24 27 28 29 30 31 43 ==145.0
20 44       20 10 15 14 46 36 44 ==107.0
20 45       20 21 23 24 27 45 ==71.0
20 46       20 10 15 14 46 ==51.0
20 47       20 21 23 24 27 28 47 ==92.0
20 48       20 21 23 24 27 45 48 ==81.0
20 49       20 21 23 24 27 28 29 30 31 32 37 49 ==156.0
20 50       20 10 15 14 46 36 44 50 ==117.0
20 51       20 10 15 14 46 35 51 ==88.0
21 12       21 23 24 27 28 29 30 31 32 33 34 12 ==153.0
21 13       21 23 24 27 28 29 30 31 32 33 34 12 13 ==163.0
21 14       21 23 24 27 28 29 30 31 43 15 14 ==122.0
21 15       21 23 24 27 28 29 30 31 43 15 ==118.0
21 23       21 23 ==12.0
21 24       21 23 24 ==16.0
21 25       21 23 24 27 28 29 30 31 43 15 14 46 36 38 39 40 41 42 25 ==270.0
21 26       21 23 24 27 28 29 30 31 43 15 14 46 36 38 39 40 41 42 25 26 ==278.0
21 27       21 23 24 27 ==20.0
21 28       21 23 24 27 28 ==47.0
21 29       21 23 24 27 28 29 ==60.0
21 30       21 23 24 27 28 29 30 ==66.0
21 31       21 23 24 27 28 29 30 31 ==70.0
21 32       21 23 24 27 28 29 30 31 32 ==74.0
21 33       21 23 24 27 28 29 30 31 32 33 ==102.0
21 34       21 23 24 27 28 29 30 31 32 33 34 ==124.0
21 35       21 23 24 27 28 29 30 31 32 33 34 35 ==143.0
21 36       21 23 24 27 28 29 30 31 43 15 14 46 36 ==163.0
21 37       21 23 24 27 28 29 30 31 32 37 ==111.0
21 38       21 23 24 27 28 29 30 31 43 15 14 46 36 38 ==195.0
21 39       21 23 24 27 28 29 30 31 43 15 14 46 36 38 39 ==216.0
21 40       21 23 24 27 28 29 30 31 43 15 14 46 36 38 39 40 ==230.0
21 41       21 23 24 27 28 29 30 31 43 15 14 46 36 38 39 40 41 ==234.0
21 42       21 23 24 27 28 29 30 31 43 15 14 46 36 38 39 40 41 42 ==260.0
21 43       21 23 24 27 28 29 30 31 43 ==110.0
21 44       21 23 24 27 28 29 30 31 32 33 44 ==126.0
21 45       21 23 24 27 45 ==36.0
21 46       21 23 24 27 28 29 30 31 43 15 14 46 ==126.0
21 47       21 23 24 27 28 47 ==57.0
21 48       21 23 24 27 45 48 ==46.0
21 49       21 23 24 27 28 29 30 31 32 37 49 ==121.0
21 50       21 23 24 27 28 29 30 31 32 33 44 50 ==136.0
21 51       21 23 24 27 28 29 30 31 43 15 14 46 35 51 ==153.0
22 12       22 24 27 28 29 30 31 32 33 34 12 ==163.0
22 13       22 24 27 28 29 30 31 32 33 34 12 13 ==173.0
22 14       22 26 43 15 14 ==33.0
22 15       22 26 43 15 ==29.0
22 23       22 24 27 28 29 30 31 32 33 34 12 13 23 ==181.0
22 24       22 24 ==26.0
22 25       22 26 43 15 14 46 36 38 39 40 41 42 25 ==181.0
22 26       22 26 ==17.0
22 27       22 24 27 ==30.0
22 28       22 24 27 28 ==57.0
22 29       22 24 27 28 29 ==70.0
22 30       22 24 27 28 29 30 ==76.0
22 31       22 24 27 28 29 30 31 ==80.0
22 32       22 24 27 28 29 30 31 32 ==84.0
22 33       22 24 27 28 29 30 31 32 33 ==112.0
22 34       22 24 27 28 29 30 31 32 33 34 ==134.0
22 35       22 26 43 15 14 46 35 ==64.0
22 36       22 26 43 15 14 46 36 ==74.0
22 37       22 24 27 28 29 30 31 32 37 ==121.0
22 38       22 26 43 15 14 46 36 38 ==106.0
22 39       22 26 43 15 14 46 36 38 39 ==127.0
22 40       22 26 43 15 14 46 36 38 39 40 ==141.0
22 41       22 26 43 15 14 46 36 38 39 40 41 ==145.0
22 42       22 26 43 15 14 46 36 38 39 40 41 42 ==171.0
22 43       22 26 43 ==21.0
22 44       22 26 43 15 14 46 36 44 ==93.0
22 45       22 24 27 45 ==46.0
22 46       22 26 43 15 14 46 ==37.0
22 47       22 24 27 28 47 ==67.0
22 48       22 24 27 45 48 ==56.0
22 49       22 24 27 28 29 30 31 32 37 49 ==131.0
22 50       22 26 43 15 14 46 36 44 50 ==103.0
22 51       22 26 43 15 14 46 35 51 ==74.0
23 12       23 24 27 28 29 30 31 32 33 34 12 ==141.0
23 13       23 24 27 28 29 30 31 32 33 34 12 13 ==151.0
23 14       23 24 27 28 29 30 31 43 15 14 ==110.0
23 15       23 24 27 28 29 30 31 43 15 ==106.0
23 24       23 24 ==4.0
23 25       23 24 27 28 29 30 31 43 15 14 46 36 38 39 40 41 42 25 ==258.0
23 26       23 24 27 28 29 30 31 43 15 14 46 36 38 39 40 41 42 25 26 ==266.0
23 27       23 24 27 ==8.0
23 28       23 24 27 28 ==35.0
23 29       23 24 27 28 29 ==48.0
23 30       23 24 27 28 29 30 ==54.0
23 31       23 24 27 28 29 30 31 ==58.0
23 32       23 24 27 28 29 30 31 32 ==62.0
23 33       23 24 27 28 29 30 31 32 33 ==90.0
23 34       23 24 27 28 29 30 31 32 33 34 ==112.0
23 35       23 24 27 28 29 30 31 32 33 34 35 ==131.0
23 36       23 24 27 28 29 30 31 43 15 14 46 36 ==151.0
23 37       23 24 27 28 29 30 31 32 37 ==99.0
23 38       23 24 27 28 29 30 31 43 15 14 46 36 38 ==183.0
23 39       23 24 27 28 29 30 31 43 15 14 46 36 38 39 ==204.0
23 40       23 24 27 28 29 30 31 43 15 14 46 36 38 39 40 ==218.0
23 41       23 24 27 28 29 30 31 43 15 14 46 36 38 39 40 41 ==222.0
23 42       23 24 27 28 29 30 31 43 15 14 46 36 38 39 40 41 42 ==248.0
23 43       23 24 27 28 29 30 31 43 ==98.0
23 44       23 24 27 28 29 30 31 32 33 44 ==114.0
23 45       23 24 27 45 ==24.0
23 46       23 24 27 28 29 30 31 43 15 14 46 ==114.0
23 47       23 24 27 28 47 ==45.0
23 48       23 24 27 45 48 ==34.0
23 49       23 24 27 28 29 30 31 32 37 49 ==109.0
23 50       23 24 27 28 29 30 31 32 33 44 50 ==124.0
23 51       23 24 27 28 29 30 31 43 15 14 46 35 51 ==141.0
24 12       24 27 28 29 30 31 32 33 34 12 ==137.0
24 13       24 27 28 29 30 31 32 33 34 12 13 ==147.0
24 14       24 27 28 29 30 31 43 15 14 ==106.0
24 15       24 27 28 29 30 31 43 15 ==102.0
24 23       24 27 28 29 30 31 32 33 34 12 13 23 ==155.0
24 25       24 27 28 29 30 31 43 15 14 46 36 38 39 40 41 42 25 ==254.0
24 26       24 27 28 29 30 31 43 15 14 46 36 38 39 40 41 42 25 26 ==262.0
24 27       24 27 ==4.0
24 28       24 27 28 ==31.0
24 29       24 27 28 29 ==44.0
24 30       24 27 28 29 30 ==50.0
24 31       24 27 28 29 30 31 ==54.0
24 32       24 27 28 29 30 31 32 ==58.0
24 33       24 27 28 29 30 31 32 33 ==86.0
24 34       24 27 28 29 30 31 32 33 34 ==108.0
24 35       24 27 28 29 30 31 32 33 34 35 ==127.0
24 36       24 27 28 29 30 31 43 15 14 46 36 ==147.0
24 37       24 27 28 29 30 31 32 37 ==95.0
24 38       24 27 28 29 30 31 43 15 14 46 36 38 ==179.0
24 39       24 27 28 29 30 31 43 15 14 46 36 38 39 ==200.0
24 40       24 27 28 29 30 31 43 15 14 46 36 38 39 40 ==214.0
24 41       24 27 28 29 30 31 43 15 14 46 36 38 39 40 41 ==218.0
24 42       24 27 28 29 30 31 43 15 14 46 36 38 39 40 41 42 ==244.0
24 43       24 27 28 29 30 31 43 ==94.0
24 44       24 27 28 29 30 31 32 33 44 ==110.0
24 45       24 27 45 ==20.0
24 46       24 27 28 29 30 31 43 15 14 46 ==110.0
24 47       24 27 28 47 ==41.0
24 48       24 27 45 48 ==30.0
24 49       24 27 28 29 30 31 32 37 49 ==105.0
24 50       24 27 28 29 30 31 32 33 44 50 ==120.0
24 51       24 27 28 29 30 31 43 15 14 46 35 51 ==137.0
25 12       25 26 43 15 14 46 36 38 39 40 41 42 30 31 32 33 34 12 ==282.0
25 13       25 26 43 15 14 46 36 38 39 40 41 42 30 31 32 33 34 12 13 ==292.0
25 14       25 26 43 15 14 ==24.0
25 15       25 26 43 15 ==20.0
25 23       25 26 43 15 14 46 36 38 39 40 41 42 30 31 32 33 34 12 13 23 ==300.0
25 24       25 26 43 15 14 46 36 38 39 40 41 42 30 31 32 33 34 12 13 23 24 ==304.0
25 26       25 26 ==8.0
25 27       25 26 43 15 14 46 36 38 39 40 41 42 30 31 32 33 34 12 13 23 24 27 ==308.0
25 28       25 26 43 15 14 46 36 38 39 40 41 42 30 31 32 33 34 12 13 23 24 27 28 ==335.0
25 29       25 26 43 15 14 46 36 38 39 40 41 42 30 31 32 33 34 12 13 23 24 27 28 29 ==348.0
25 30       25 26 43 15 14 46 36 38 39 40 41 42 30 ==195.0
25 31       25 26 43 15 14 46 36 38 39 40 41 42 30 31 ==199.0
25 32       25 26 43 15 14 46 36 38 39 40 41 42 30 31 32 ==203.0
25 33       25 26 43 15 14 46 36 38 39 40 41 42 30 31 32 33 ==231.0
25 34       25 26 43 15 14 46 36 38 39 40 41 42 30 31 32 33 34 ==253.0
25 35       25 26 43 15 14 46 35 ==55.0
25 36       25 26 43 15 14 46 36 ==65.0
25 37       25 26 43 15 14 46 36 38 37 ==129.0
25 38       25 26 43 15 14 46 36 38 ==97.0
25 39       25 26 43 15 14 46 36 38 39 ==118.0
25 40       25 26 43 15 14 46 36 38 39 40 ==132.0
25 41       25 26 43 15 14 46 36 38 39 40 41 ==136.0
25 42       25 26 43 15 14 46 36 38 39 40 41 42 ==162.0
25 43       25 26 43 ==12.0
25 44       25 26 43 15 14 46 36 44 ==84.0
25 45       25 26 43 15 14 46 36 38 39 40 41 45 ==160.0
25 46       25 26 43 15 14 46 ==28.0
25 47       25 26 43 15 14 46 36 38 39 47 ==128.0
25 48       25 26 43 15 14 46 36 38 39 40 41 45 48 ==170.0
25 49       25 26 43 15 14 46 36 38 37 49 ==139.0
25 50       25 26 43 15 14 46 36 44 50 ==94.0
25 51       25 26 43 15 14 46 35 51 ==65.0
26 12       26 43 15 14 46 36 38 39 40 41 42 30 31 32 33 34 12 ==274.0
26 13       26 43 15 14 46 36 38 39 40 41 42 30 31 32 33 34 12 13 ==284.0
26 14       26 43 15 14 ==16.0
26 15       26 43 15 ==12.0
26 23       26 43 15 14 46 36 38 39 40 41 42 30 31 32 33 34 12 13 23 ==292.0
26 24       26 43 15 14 46 36 38 39 40 41 42 30 31 32 33 34 12 13 23 24 ==296.0
26 25       26 43 15 14 46 36 38 39 40 41 42 25 ==164.0
26 27       26 43 15 14 46 36 38 39 40 41 42 30 31 32 33 34 12 13 23 24 27 ==300.0
26 28       26 43 15 14 46 36 38 39 40 41 42 30 31 32 33 34 12 13 23 24 27 28 ==327.0
26 29       26 43 15 14 46 36 38 39 40 41 42 30 31 32 33 34 12 13 23 24 27 28 29 ==340.0
26 30       26 43 15 14 46 36 38 39 40 41 42 30 ==187.0
26 31       26 43 15 14 46 36 38 39 40 41 42 30 31 ==191.0
26 32       26 43 15 14 46 36 38 39 40 41 42 30 31 32 ==195.0
26 33       26 43 15 14 46 36 38 39 40 41 42 30 31 32 33 ==223.0
26 34       26 43 15 14 46 36 38 39 40 41 42 30 31 32 33 34 ==245.0
26 35       26 43 15 14 46 35 ==47.0
26 36       26 43 15 14 46 36 ==57.0
26 37       26 43 15 14 46 36 38 37 ==121.0
26 38       26 43 15 14 46 36 38 ==89.0
26 39       26 43 15 14 46 36 38 39 ==110.0
26 40       26 43 15 14 46 36 38 39 40 ==124.0
26 41       26 43 15 14 46 36 38 39 40 41 ==128.0
26 42       26 43 15 14 46 36 38 39 40 41 42 ==154.0
26 43       26 43 ==4.0
26 44       26 43 15 14 46 36 44 ==76.0
26 45       26 43 15 14 46 36 38 39 40 41 45 ==152.0
26 46       26 43 15 14 46 ==20.0
26 47       26 43 15 14 46 36 38 39 47 ==120.0
26 48       26 43 15 14 46 36 38 39 40 41 45 48 ==162.0
26 49       26 43 15 14 46 36 38 37 49 ==131.0
26 50       26 43 15 14 46 36 44 50 ==86.0
26 51       26 43 15 14 46 35 51 ==57.0
27 12       27 28 29 30 31 32 33 34 12 ==133.0
27 13       27 28 29 30 31 32 33 34 12 13 ==143.0
27 14       27 28 29 30 31 43 15 14 ==102.0
27 15       27 28 29 30 31 43 15 ==98.0
27 23       27 28 29 30 31 32 33 34 12 13 23 ==151.0
27 24       27 28 29 30 31 32 33 34 12 13 23 24 ==155.0
27 25       27 28 29 30 31 43 15 14 46 36 38 39 40 41 42 25 ==250.0
27 26       27 28 29 30 31 43 15 14 46 36 38 39 40 41 42 25 26 ==258.0
27 28       27 28 ==27.0
27 29       27 28 29 ==40.0
27 30       27 28 29 30 ==46.0
27 31       27 28 29 30 31 ==50.0
27 32       27 28 29 30 31 32 ==54.0
27 33       27 28 29 30 31 32 33 ==82.0
27 34       27 28 29 30 31 32 33 34 ==104.0
27 35       27 28 29 30 31 32 33 34 35 ==123.0
27 36       27 28 29 30 31 43 15 14 46 36 ==143.0
27 37       27 28 29 30 31 32 37 ==91.0
27 38       27 28 29 30 31 43 15 14 46 36 38 ==175.0
27 39       27 28 29 30 31 43 15 14 46 36 38 39 ==196.0
27 40       27 28 29 30 31 43 15 14 46 36 38 39 40 ==210.0
27 41       27 28 29 30 31 43 15 14 46 36 38 39 40 41 ==214.0
27 42       27 28 29 30 31 43 15 14 46 36 38 39 40 41 42 ==240.0
27 43       27 28 29 30 31 43 ==90.0
27 44       27 28 29 30 31 32 33 44 ==106.0
27 45       27 45 ==16.0
27 46       27 28 29 30 31 43 15 14 46 ==106.0
27 47       27 28 47 ==37.0
27 48       27 45 48 ==26.0
27 49       27 28 29 30 31 32 37 49 ==101.0
27 50       27 28 29 30 31 32 33 44 50 ==116.0
27 51       27 28 29 30 31 43 15 14 46 35 51 ==133.0
28 12       28 29 30 31 32 33 34 12 ==106.0
28 13       28 29 30 31 32 33 34 12 13 ==116.0
28 14       28 29 30 31 43 15 14 ==75.0
28 15       28 29 30 31 43 15 ==71.0
28 23       28 29 30 31 32 33 34 12 13 23 ==124.0
28 24       28 29 30 31 32 33 34 12 13 23 24 ==128.0
28 25       28 29 30 31 43 15 14 46 36 38 39 40 41 42 25 ==223.0
28 26       28 29 30 31 43 15 14 46 36 38 39 40 41 42 25 26 ==231.0
28 27       28 29 30 31 32 33 34 12 13 23 24 27 ==132.0
28 29       28 29 ==13.0
28 30       28 29 30 ==19.0
28 31       28 29 30 31 ==23.0
28 32       28 29 30 31 32 ==27.0
28 33       28 29 30 31 32 33 ==55.0
28 34       28 29 30 31 32 33 34 ==77.0
28 35       28 29 30 31 32 33 34 35 ==96.0
28 36       28 29 30 31 43 15 14 46 36 ==116.0
28 37       28 29 30 31 32 37 ==64.0
28 38       28 29 30 31 43 15 14 46 36 38 ==148.0
28 39       28 29 30 31 43 15 14 46 36 38 39 ==169.0
28 40       28 29 30 31 43 15 14 46 36 38 39 40 ==183.0
28 41       28 29 30 31 43 15 14 46 36 38 39 40 41 ==187.0
28 42       28 29 30 31 43 15 14 46 36 38 39 40 41 42 ==213.0
28 43       28 29 30 31 43 ==63.0
28 44       28 29 30 31 32 33 44 ==79.0
28 45       28 29 30 31 32 33 34 12 13 23 24 27 45 ==148.0
28 46       28 29 30 31 43 15 14 46 ==79.0
28 47       28 47 ==10.0
28 48       28 29 30 31 32 33 34 12 13 23 24 27 45 48 ==158.0
28 49       28 29 30 31 32 37 49 ==74.0
28 50       28 29 30 31 32 33 44 50 ==89.0
28 51       28 29 30 31 43 15 14 46 35 51 ==106.0
29 12       29 30 31 32 33 34 12 ==93.0
29 13       29 30 31 32 33 34 12 13 ==103.0
29 14       29 30 31 43 15 14 ==62.0
29 15       29 30 31 43 15 ==58.0
29 23       29 30 31 32 33 34 12 13 23 ==111.0
29 24       29 30 31 32 33 34 12 13 23 24 ==115.0
29 25       29 30 31 43 15 14 46 36 38 39 40 41 42 25 ==210.0
29 26       29 30 31 43 15 14 46 36 38 39 40 41 42 25 26 ==218.0
29 27       29 30 31 32 33 34 12 13 23 24 27 ==119.0
29 28       29 30 31 32 33 34 12 13 23 24 27 28 ==146.0
29 30       29 30 ==6.0
29 31       29 30 31 ==10.0
29 32       29 30 31 32 ==14.0
29 33       29 30 31 32 33 ==42.0
29 34       29 30 31 32 33 34 ==64.0
29 35       29 30 31 32 33 34 35 ==83.0
29 36       29 30 31 43 15 14 46 36 ==103.0
29 37       29 30 31 32 37 ==51.0
29 38       29 30 31 43 15 14 46 36 38 ==135.0
29 39       29 30 31 43 15 14 46 36 38 39 ==156.0
29 40       29 30 31 43 15 14 46 36 38 39 40 ==170.0
29 41       29 30 31 43 15 14 46 36 38 39 40 41 ==174.0
29 42       29 30 31 43 15 14 46 36 38 39 40 41 42 ==200.0
29 43       29 30 31 43 ==50.0
29 44       29 30 31 32 33 44 ==66.0
29 45       29 30 31 32 33 34 12 13 23 24 27 45 ==135.0
29 46       29 30 31 43 15 14 46 ==66.0
29 47       29 30 31 32 33 34 12 13 23 24 27 28 47 ==156.0
29 48       29 30 31 32 33 34 12 13 23 24 27 45 48 ==145.0
29 49       29 30 31 32 37 49 ==61.0
29 50       29 30 31 32 33 44 50 ==76.0
29 51       29 30 31 43 15 14 46 35 51 ==93.0
30 12       30 31 32 33 34 12 ==87.0
30 13       30 31 32 33 34 12 13 ==97.0
30 14       30 31 43 15 14 ==56.0
30 15       30 31 43 15 ==52.0
30 23       30 31 32 33 34 12 13 23 ==105.0
30 24       30 31 32 33 34 12 13 23 24 ==109.0
30 25       30 31 43 15 14 46 36 38 39 40 41 42 25 ==204.0
30 26       30 31 43 15 14 46 36 38 39 40 41 42 25 26 ==212.0
30 27       30 31 32 33 34 12 13 23 24 27 ==113.0
30 28       30 31 32 33 34 12 13 23 24 27 28 ==140.0
30 29       30 31 32 33 34 12 13 23 24 27 28 29 ==153.0
30 31       30 31 ==4.0
30 32       30 31 32 ==8.0
30 33       30 31 32 33 ==36.0
30 34       30 31 32 33 34 ==58.0
30 35       30 31 32 33 34 35 ==77.0
30 36       30 31 43 15 14 46 36 ==97.0
30 37       30 31 32 37 ==45.0
30 38       30 31 43 15 14 46 36 38 ==129.0
30 39       30 31 43 15 14 46 36 38 39 ==150.0
30 40       30 31 43 15 14 46 36 38 39 40 ==164.0
30 41       30 31 43 15 14 46 36 38 39 40 41 ==168.0
30 42       30 31 43 15 14 46 36 38 39 40 41 42 ==194.0
30 43       30 31 43 ==44.0
30 44       30 31 32 33 44 ==60.0
30 45       30 31 32 33 34 12 13 23 24 27 45 ==129.0
30 46       30 31 43 15 14 46 ==60.0
30 47       30 31 32 33 34 12 13 23 24 27 28 47 ==150.0
30 48       30 31 32 33 34 12 13 23 24 27 45 48 ==139.0
30 49       30 31 32 37 49 ==55.0
30 50       30 31 32 33 44 50 ==70.0
30 51       30 31 43 15 14 46 35 51 ==87.0
31 12       31 32 33 34 12 ==83.0
31 13       31 32 33 34 12 13 ==93.0
31 14       31 43 15 14 ==52.0
31 15       31 43 15 ==48.0
31 23       31 32 33 34 12 13 23 ==101.0
31 24       31 32 33 34 12 13 23 24 ==105.0
31 25       31 43 15 14 46 36 38 39 40 41 42 25 ==200.0
31 26       31 43 15 14 46 36 38 39 40 41 42 25 26 ==208.0
31 27       31 32 33 34 12 13 23 24 27 ==109.0
31 28       31 32 33 34 12 13 23 24 27 28 ==136.0
31 29       31 32 33 34 12 13 23 24 27 28 29 ==149.0
31 30       31 32 33 34 12 13 23 24 27 28 29 30 ==155.0
31 32       31 32 ==4.0
31 33       31 32 33 ==32.0
31 34       31 32 33 34 ==54.0
31 35       31 32 33 34 35 ==73.0
31 36       31 43 15 14 46 36 ==93.0
31 37       31 32 37 ==41.0
31 38       31 43 15 14 46 36 38 ==125.0
31 39       31 43 15 14 46 36 38 39 ==146.0
31 40       31 43 15 14 46 36 38 39 40 ==160.0
31 41       31 43 15 14 46 36 38 39 40 41 ==164.0
31 42       31 43 15 14 46 36 38 39 40 41 42 ==190.0
31 43       31 43 ==40.0
31 44       31 32 33 44 ==56.0
31 45       31 32 33 34 12 13 23 24 27 45 ==125.0
31 46       31 43 15 14 46 ==56.0
31 47       31 32 33 34 12 13 23 24 27 28 47 ==146.0
31 48       31 32 33 34 12 13 23 24 27 45 48 ==135.0
31 49       31 32 37 49 ==51.0
31 50       31 32 33 44 50 ==66.0
31 51       31 43 15 14 46 35 51 ==83.0
32 12       32 33 34 12 ==79.0
32 13       32 33 34 12 13 ==89.0
32 14       32 33 34 12 13 23 24 27 28 29 30 31 43 15 14 ==207.0
32 15       32 33 34 12 13 23 24 27 28 29 30 31 43 15 ==203.0
32 23       32 33 34 12 13 23 ==97.0
32 24       32 33 34 12 13 23 24 ==101.0
32 25       32 33 34 12 13 23 24 27 28 29 30 31 43 15 14 46 36 38 39 40 41 42 25 ==355.0
32 26       32 33 34 12 13 23 24 27 28 29 30 31 43 15 14 46 36 38 39 40 41 42 25 26 ==363.0
32 27       32 33 34 12 13 23 24 27 ==105.0
32 28       32 33 34 12 13 23 24 27 28 ==132.0
32 29       32 33 34 12 13 23 24 27 28 29 ==145.0
32 30       32 33 34 12 13 23 24 27 28 29 30 ==151.0
32 31       32 33 34 12 13 23 24 27 28 29 30 31 ==155.0
32 33       32 33 ==28.0
32 34       32 33 34 ==50.0
32 35       32 33 34 35 ==69.0
32 36       32 33 34 12 13 23 24 27 28 29 30 31 43 15 14 46 36 ==248.0
32 37       32 37 ==37.0
32 38       32 33 34 12 13 23 24 27 28 29 30 31 43 15 14 46 36 38 ==280.0
32 39       32 33 34 12 13 23 24 27 28 29 30 31 43 15 14 46 36 38 39 ==301.0
32 40       32 33 34 12 13 23 24 27 28 29 30 31 43 15 14 46 36 38 39 40 ==315.0
32 41       32 33 34 12 13 23 24 27 28 29 30 31 43 15 14 46 36 38 39 40 41 ==319.0
32 42       32 33 34 12 13 23 24 27 28 29 30 31 43 15 14 46 36 38 39 40 41 42 ==345.0
32 43       32 33 34 12 13 23 24 27 28 29 30 31 43 ==195.0
32 44       32 33 44 ==52.0
32 45       32 33 34 12 13 23 24 27 45 ==121.0
32 46       32 33 34 12 13 23 24 27 28 29 30 31 43 15 14 46 ==211.0
32 47       32 33 34 12 13 23 24 27 28 47 ==142.0
32 48       32 33 34 12 13 23 24 27 45 48 ==131.0
32 49       32 37 49 ==47.0
32 50       32 33 44 50 ==62.0
32 51       32 33 34 35 51 ==79.0
33 12       33 34 12 ==51.0
33 13       33 34 12 13 ==61.0
33 14       33 34 12 13 23 24 27 28 29 30 31 43 15 14 ==179.0
33 15       33 34 12 13 23 24 27 28 29 30 31 43 15 ==175.0
33 23       33 34 12 13 23 ==69.0
33 24       33 34 12 13 23 24 ==73.0
33 25       33 34 12 13 23 24 27 28 29 30 31 43 15 14 46 36 38 39 40 41 42 25 ==327.0
33 26       33 34 12 13 23 24 27 28 29 30 31 43 15 14 46 36 38 39 40 41 42 25 26 ==335.0
33 27       33 34 12 13 23 24 27 ==77.0
33 28       33 34 12 13 23 24 27 28 ==104.0
33 29       33 34 12 13 23 24 27 28 29 ==117.0
33 30       33 34 12 13 23 24 27 28 29 30 ==123.0
33 31       33 34 12 13 23 24 27 28 29 30 31 ==127.0
33 32       33 34 12 13 23 24 27 28 29 30 31 32 ==131.0
33 34       33 34 ==22.0
33 35       33 34 35 ==41.0
33 36       33 34 12 13 23 24 27 28 29 30 31 43 15 14 46 36 ==220.0
33 37       33 34 12 13 23 24 27 28 29 30 31 32 37 ==168.0
33 38       33 34 12 13 23 24 27 28 29 30 31 43 15 14 46 36 38 ==252.0
33 39       33 34 12 13 23 24 27 28 29 30 31 43 15 14 46 36 38 39 ==273.0
33 40       33 34 12 13 23 24 27 28 29 30 31 43 15 14 46 36 38 39 40 ==287.0
33 41       33 34 12 13 23 24 27 28 29 30 31 43 15 14 46 36 38 39 40 41 ==291.0
33 42       33 34 12 13 23 24 27 28 29 30 31 43 15 14 46 36 38 39 40 41 42 ==317.0
33 43       33 34 12 13 23 24 27 28 29 30 31 43 ==167.0
33 44       33 44 ==24.0
33 45       33 34 12 13 23 24 27 45 ==93.0
33 46       33 34 12 13 23 24 27 28 29 30 31 43 15 14 46 ==183.0
33 47       33 34 12 13 23 24 27 28 47 ==114.0
33 48       33 34 12 13 23 24 27 45 48 ==103.0
33 49       33 34 12 13 23 24 27 28 29 30 31 32 37 49 ==178.0
33 50       33 44 50 ==34.0
33 51       33 34 35 51 ==51.0
34 12       34 12 ==29.0
34 13       34 12 13 ==39.0
34 14       34 12 13 23 24 27 28 29 30 31 43 15 14 ==157.0
34 15       34 12 13 23 24 27 28 29 30 31 43 15 ==153.0
34 23       34 12 13 23 ==47.0
34 24       34 12 13 23 24 ==51.0
34 25       34 12 13 23 24 27 28 29 30 31 43 15 14 46 36 38 39 40 41 42 25 ==305.0
34 26       34 12 13 23 24 27 28 29 30 31 43 15 14 46 36 38 39 40 41 42 25 26 ==313.0
34 27       34 12 13 23 24 27 ==55.0
34 28       34 12 13 23 24 27 28 ==82.0
34 29       34 12 13 23 24 27 28 29 ==95.0
34 30       34 12 13 23 24 27 28 29 30 ==101.0
34 31       34 12 13 23 24 27 28 29 30 31 ==105.0
34 32       34 12 13 23 24 27 28 29 30 31 32 ==109.0
34 33       34 12 13 23 24 27 28 29 30 31 32 33 ==137.0
34 35       34 35 ==19.0
34 36       34 12 13 23 24 27 28 29 30 31 43 15 14 46 36 ==198.0
34 37       34 12 13 23 24 27 28 29 30 31 32 37 ==146.0
34 38       34 12 13 23 24 27 28 29 30 31 43 15 14 46 36 38 ==230.0
34 39       34 12 13 23 24 27 28 29 30 31 43 15 14 46 36 38 39 ==251.0
34 40       34 12 13 23 24 27 28 29 30 31 43 15 14 46 36 38 39 40 ==265.0
34 41       34 12 13 23 24 27 28 29 30 31 43 15 14 46 36 38 39 40 41 ==269.0
34 42       34 12 13 23 24 27 28 29 30 31 43 15 14 46 36 38 39 40 41 42 ==295.0
34 43       34 12 13 23 24 27 28 29 30 31 43 ==145.0
34 44       34 12 13 23 24 27 28 29 30 31 32 33 44 ==161.0
34 45       34 12 13 23 24 27 45 ==71.0
34 46       34 12 13 23 24 27 28 29 30 31 43 15 14 46 ==161.0
34 47       34 12 13 23 24 27 28 47 ==92.0
34 48       34 12 13 23 24 27 45 48 ==81.0
34 49       34 12 13 23 24 27 28 29 30 31 32 37 49 ==156.0
34 50       34 12 13 23 24 27 28 29 30 31 32 33 44 50 ==171.0
34 51       34 35 51 ==29.0
35 51       35 51 ==10.0
36 12       36 38 39 40 41 42 30 31 32 33 34 12 ==217.0
36 13       36 38 39 40 41 42 30 31 32 33 34 12 13 ==227.0
36 14       36 38 39 40 41 42 25 26 43 15 14 ==131.0
36 15       36 38 39 40 41 42 25 26 43 15 ==127.0
36 23       36 38 39 40 41 42 30 31 32 33 34 12 13 23 ==235.0
36 24       36 38 39 40 41 42 30 31 32 33 34 12 13 23 24 ==239.0
36 25       36 38 39 40 41 42 25 ==107.0
36 26       36 38 39 40 41 42 25 26 ==115.0
36 27       36 38 39 40 41 42 30 31 32 33 34 12 13 23 24 27 ==243.0
36 28       36 38 39 40 41 42 30 31 32 33 34 12 13 23 24 27 28 ==270.0
36 29       36 38 39 40 41 42 30 31 32 33 34 12 13 23 24 27 28 29 ==283.0
36 30       36 38 39 40 41 42 30 ==130.0
36 31       36 38 39 40 41 42 30 31 ==134.0
36 32       36 38 39 40 41 42 30 31 32 ==138.0
36 33       36 38 39 40 41 42 30 31 32 33 ==166.0
36 34       36 38 39 40 41 42 30 31 32 33 34 ==188.0
36 35       36 38 39 40 41 42 25 26 43 15 14 46 35 ==162.0
36 37       36 38 37 ==64.0
36 38       36 38 ==32.0
36 39       36 38 39 ==53.0
36 40       36 38 39 40 ==67.0
36 41       36 38 39 40 41 ==71.0
36 42       36 38 39 40 41 42 ==97.0
36 43       36 38 39 40 41 42 25 26 43 ==119.0
36 44       36 44 ==19.0
36 45       36 38 39 40 41 45 ==95.0
36 46       36 38 39 40 41 42 25 26 43 15 14 46 ==135.0
36 47       36 38 39 47 ==63.0
36 48       36 38 39 40 41 45 48 ==105.0
36 49       36 38 37 49 ==74.0
36 50       36 44 50 ==29.0
36 51       36 38 39 40 41 42 25 26 43 15 14 46 35 51 ==172.0
37 49       37 49 ==10.0
38 12       38 39 40 41 42 30 31 32 33 34 12 ==185.0
38 13       38 39 40 41 42 30 31 32 33 34 12 13 ==195.0
38 14       38 39 40 41 42 25 26 43 15 14 ==99.0
38 15       38 39 40 41 42 25 26 43 15 ==95.0
38 23       38 39 40 41 42 30 31 32 33 34 12 13 23 ==203.0
38 24       38 39 40 41 42 30 31 32 33 34 12 13 23 24 ==207.0
38 25       38 39 40 41 42 25 ==75.0
38 26       38 39 40 41 42 25 26 ==83.0
38 27       38 39 40 41 42 30 31 32 33 34 12 13 23 24 27 ==211.0
38 28       38 39 40 41 42 30 31 32 33 34 12 13 23 24 27 28 ==238.0
38 29       38 39 40 41 42 30 31 32 33 34 12 13 23 24 27 28 29 ==251.0
38 30       38 39 40 41 42 30 ==98.0
38 31       38 39 40 41 42 30 31 ==102.0
38 32       38 39 40 41 42 30 31 32 ==106.0
38 33       38 39 40 41 42 30 31 32 33 ==134.0
38 34       38 39 40 41 42 30 31 32 33 34 ==156.0
38 35       38 39 40 41 42 25 26 43 15 14 46 35 ==130.0
38 36       38 39 40 41 42 25 26 43 15 14 46 36 ==140.0
38 37       38 37 ==32.0
38 39       38 39 ==21.0
38 40       38 39 40 ==35.0
38 41       38 39 40 41 ==39.0
38 42       38 39 40 41 42 ==65.0
38 43       38 39 40 41 42 25 26 43 ==87.0
38 44       38 39 40 41 42 30 31 32 33 44 ==158.0
38 45       38 39 40 41 45 ==63.0
38 46       38 39 40 41 42 25 26 43 15 14 46 ==103.0
38 47       38 39 47 ==31.0
38 48       38 39 40 41 45 48 ==73.0
38 49       38 37 49 ==42.0
38 50       38 39 40 41 42 30 31 32 33 44 50 ==168.0
38 51       38 39 40 41 42 25 26 43 15 14 46 35 51 ==140.0
39 12       39 40 41 42 30 31 32 33 34 12 ==164.0
39 13       39 40 41 42 30 31 32 33 34 12 13 ==174.0
39 14       39 40 41 42 25 26 43 15 14 ==78.0
39 15       39 40 41 42 25 26 43 15 ==74.0
39 23       39 40 41 42 30 31 32 33 34 12 13 23 ==182.0
39 24       39 40 41 42 30 31 32 33 34 12 13 23 24 ==186.0
39 25       39 40 41 42 25 ==54.0
39 26       39 40 41 42 25 26 ==62.0
39 27       39 40 41 42 30 31 32 33 34 12 13 23 24 27 ==190.0
39 28       39 40 41 42 30 31 32 33 34 12 13 23 24 27 28 ==217.0
39 29       39 40 41 42 30 31 32 33 34 12 13 23 24 27 28 29 ==230.0
39 30       39 40 41 42 30 ==77.0
39 31       39 40 41 42 30 31 ==81.0
39 32       39 40 41 42 30 31 32 ==85.0
39 33       39 40 41 42 30 31 32 33 ==113.0
39 34       39 40 41 42 30 31 32 33 34 ==135.0
39 35       39 40 41 42 25 26 43 15 14 46 35 ==109.0
39 36       39 40 41 42 25 26 43 15 14 46 36 ==119.0
39 37       39 40 41 42 30 31 32 37 ==122.0
39 38       39 40 41 42 25 26 43 15 14 46 36 38 ==151.0
39 40       39 40 ==14.0
39 41       39 40 41 ==18.0
39 42       39 40 41 42 ==44.0
39 43       39 40 41 42 25 26 43 ==66.0
39 44       39 40 41 42 30 31 32 33 44 ==137.0
39 45       39 40 41 45 ==42.0
39 46       39 40 41 42 25 26 43 15 14 46 ==82.0
39 47       39 47 ==10.0
39 48       39 40 41 45 48 ==52.0
39 49       39 40 41 42 30 31 32 37 49 ==132.0
39 50       39 40 41 42 30 31 32 33 44 50 ==147.0
39 51       39 40 41 42 25 26 43 15 14 46 35 51 ==119.0
40 12       40 41 42 30 31 32 33 34 12 ==150.0
40 13       40 41 42 30 31 32 33 34 12 13 ==160.0
40 14       40 41 42 25 26 43 15 14 ==64.0
40 15       40 41 42 25 26 43 15 ==60.0
40 23       40 41 42 30 31 32 33 34 12 13 23 ==168.0
40 24       40 41 42 30 31 32 33 34 12 13 23 24 ==172.0
40 25       40 41 42 25 ==40.0
40 26       40 41 42 25 26 ==48.0
40 27       40 41 42 30 31 32 33 34 12 13 23 24 27 ==176.0
40 28       40 41 42 30 31 32 33 34 12 13 23 24 27 28 ==203.0
40 29       40 41 42 30 31 32 33 34 12 13 23 24 27 28 29 ==216.0
40 30       40 41 42 30 ==63.0
40 31       40 41 42 30 31 ==67.0
40 32       40 41 42 30 31 32 ==71.0
40 33       40 41 42 30 31 32 33 ==99.0
40 34       40 41 42 30 31 32 33 34 ==121.0
40 35       40 41 42 25 26 43 15 14 46 35 ==95.0
40 36       40 41 42 25 26 43 15 14 46 36 ==105.0
40 37       40 41 42 30 31 32 37 ==108.0
40 38       40 41 42 25 26 43 15 14 46 36 38 ==137.0
40 39       40 41 42 25 26 43 15 14 46 36 38 39 ==158.0
40 41       40 41 ==4.0
40 42       40 41 42 ==30.0
40 43       40 41 42 25 26 43 ==52.0
40 44       40 41 42 30 31 32 33 44 ==123.0
40 45       40 41 45 ==28.0
40 46       40 41 42 25 26 43 15 14 46 ==68.0
40 47       40 41 42 25 26 43 15 14 46 36 38 39 47 ==168.0
40 48       40 41 45 48 ==38.0
40 49       40 41 42 30 31 32 37 49 ==118.0
40 50       40 41 42 30 31 32 33 44 50 ==133.0
40 51       40 41 42 25 26 43 15 14 46 35 51 ==105.0
41 12       41 42 30 31 32 33 34 12 ==146.0
41 13       41 42 30 31 32 33 34 12 13 ==156.0
41 14       41 42 25 26 43 15 14 ==60.0
41 15       41 42 25 26 43 15 ==56.0
41 23       41 42 30 31 32 33 34 12 13 23 ==164.0
41 24       41 42 30 31 32 33 34 12 13 23 24 ==168.0
41 25       41 42 25 ==36.0
41 26       41 42 25 26 ==44.0
41 27       41 42 30 31 32 33 34 12 13 23 24 27 ==172.0
41 28       41 42 30 31 32 33 34 12 13 23 24 27 28 ==199.0
41 29       41 42 30 31 32 33 34 12 13 23 24 27 28 29 ==212.0
41 30       41 42 30 ==59.0
41 31       41 42 30 31 ==63.0
41 32       41 42 30 31 32 ==67.0
41 33       41 42 30 31 32 33 ==95.0
41 34       41 42 30 31 32 33 34 ==117.0
41 35       41 42 25 26 43 15 14 46 35 ==91.0
41 36       41 42 25 26 43 15 14 46 36 ==101.0
41 37       41 42 30 31 32 37 ==104.0
41 38       41 42 25 26 43 15 14 46 36 38 ==133.0
41 39       41 42 25 26 43 15 14 46 36 38 39 ==154.0
41 40       41 42 25 26 43 15 14 46 36 38 39 40 ==168.0
41 42       41 42 ==26.0
41 43       41 42 25 26 43 ==48.0
41 44       41 42 30 31 32 33 44 ==119.0
41 45       41 45 ==24.0
41 46       41 42 25 26 43 15 14 46 ==64.0
41 47       41 42 25 26 43 15 14 46 36 38 39 47 ==164.0
41 48       41 45 48 ==34.0
41 49       41 42 30 31 32 37 49 ==114.0
41 50       41 42 30 31 32 33 44 50 ==129.0
41 51       41 42 25 26 43 15 14 46 35 51 ==101.0
42 12       42 30 31 32 33 34 12 ==120.0
42 13       42 30 31 32 33 34 12 13 ==130.0
42 14       42 25 26 43 15 14 ==34.0
42 15       42 25 26 43 15 ==30.0
42 23       42 30 31 32 33 34 12 13 23 ==138.0
42 24       42 30 31 32 33 34 12 13 23 24 ==142.0
42 25       42 25 ==10.0
42 26       42 25 26 ==18.0
42 27       42 30 31 32 33 34 12 13 23 24 27 ==146.0
42 28       42 30 31 32 33 34 12 13 23 24 27 28 ==173.0
42 29       42 30 31 32 33 34 12 13 23 24 27 28 29 ==186.0
42 30       42 30 ==33.0
42 31       42 30 31 ==37.0
42 32       42 30 31 32 ==41.0
42 33       42 30 31 32 33 ==69.0
42 34       42 30 31 32 33 34 ==91.0
42 35       42 25 26 43 15 14 46 35 ==65.0
42 36       42 25 26 43 15 14 46 36 ==75.0
42 37       42 30 31 32 37 ==78.0
42 38       42 25 26 43 15 14 46 36 38 ==107.0
42 39       42 25 26 43 15 14 46 36 38 39 ==128.0
42 40       42 25 26 43 15 14 46 36 38 39 40 ==142.0
42 41       42 25 26 43 15 14 46 36 38 39 40 41 ==146.0
42 43       42 25 26 43 ==22.0
42 44       42 30 31 32 33 44 ==93.0
42 45       42 30 31 32 33 34 12 13 23 24 27 45 ==162.0
42 46       42 25 26 43 15 14 46 ==38.0
42 47       42 25 26 43 15 14 46 36 38 39 47 ==138.0
42 48       42 30 31 32 33 34 12 13 23 24 27 45 48 ==172.0
42 49       42 30 31 32 37 49 ==88.0
42 50       42 30 31 32 33 44 50 ==103.0
42 51       42 25 26 43 15 14 46 35 51 ==75.0
43 12       43 15 14 46 36 38 39 40 41 42 30 31 32 33 34 12 ==270.0
43 13       43 15 14 46 36 38 39 40 41 42 30 31 32 33 34 12 13 ==280.0
43 14       43 15 14 ==12.0
43 15       43 15 ==8.0
43 23       43 15 14 46 36 38 39 40 41 42 30 31 32 33 34 12 13 23 ==288.0
43 24       43 15 14 46 36 38 39 40 41 42 30 31 32 33 34 12 13 23 24 ==292.0
43 25       43 15 14 46 36 38 39 40 41 42 25 ==160.0
43 26       43 15 14 46 36 38 39 40 41 42 25 26 ==168.0
43 27       43 15 14 46 36 38 39 40 41 42 30 31 32 33 34 12 13 23 24 27 ==296.0
43 28       43 15 14 46 36 38 39 40 41 42 30 31 32 33 34 12 13 23 24 27 28 ==323.0
43 29       43 15 14 46 36 38 39 40 41 42 30 31 32 33 34 12 13 23 24 27 28 29 ==336.0
43 30       43 15 14 46 36 38 39 40 41 42 30 ==183.0
43 31       43 15 14 46 36 38 39 40 41 42 30 31 ==187.0
43 32       43 15 14 46 36 38 39 40 41 42 30 31 32 ==191.0
43 33       43 15 14 46 36 38 39 40 41 42 30 31 32 33 ==219.0
43 34       43 15 14 46 36 38 39 40 41 42 30 31 32 33 34 ==241.0
43 35       43 15 14 46 35 ==43.0
43 36       43 15 14 46 36 ==53.0
43 37       43 15 14 46 36 38 37 ==117.0
43 38       43 15 14 46 36 38 ==85.0
43 39       43 15 14 46 36 38 39 ==106.0
43 40       43 15 14 46 36 38 39 40 ==120.0
43 41       43 15 14 46 36 38 39 40 41 ==124.0
43 42       43 15 14 46 36 38 39 40 41 42 ==150.0
43 44       43 15 14 46 36 44 ==72.0
43 45       43 15 14 46 36 38 39 40 41 45 ==148.0
43 46       43 15 14 46 ==16.0
43 47       43 15 14 46 36 38 39 47 ==116.0
43 48       43 15 14 46 36 38 39 40 41 45 48 ==158.0
43 49       43 15 14 46 36 38 37 49 ==127.0
43 50       43 15 14 46 36 44 50 ==82.0
43 51       43 15 14 46 35 51 ==53.0
44 50       44 50 ==10.0
45 48       45 48 ==10.0
46 12       46 36 38 39 40 41 42 30 31 32 33 34 12 ==254.0
46 13       46 36 38 39 40 41 42 30 31 32 33 34 12 13 ==264.0
46 14       46 36 38 39 40 41 42 25 26 43 15 14 ==168.0
46 15       46 36 38 39 40 41 42 25 26 43 15 ==164.0
46 23       46 36 38 39 40 41 42 30 31 32 33 34 12 13 23 ==272.0
46 24       46 36 38 39 40 41 42 30 31 32 33 34 12 13 23 24 ==276.0
46 25       46 36 38 39 40 41 42 25 ==144.0
46 26       46 36 38 39 40 41 42 25 26 ==152.0
46 27       46 36 38 39 40 41 42 30 31 32 33 34 12 13 23 24 27 ==280.0
46 28       46 36 38 39 40 41 42 30 31 32 33 34 12 13 23 24 27 28 ==307.0
46 29       46 36 38 39 40 41 42 30 31 32 33 34 12 13 23 24 27 28 29 ==320.0
46 30       46 36 38 39 40 41 42 30 ==167.0
46 31       46 36 38 39 40 41 42 30 31 ==171.0
46 32       46 36 38 39 40 41 42 30 31 32 ==175.0
46 33       46 36 38 39 40 41 42 30 31 32 33 ==203.0
46 34       46 36 38 39 40 41 42 30 31 32 33 34 ==225.0
46 35       46 35 ==27.0
46 36       46 36 ==37.0
46 37       46 36 38 37 ==101.0
46 38       46 36 38 ==69.0
46 39       46 36 38 39 ==90.0
46 40       46 36 38 39 40 ==104.0
46 41       46 36 38 39 40 41 ==108.0
46 42       46 36 38 39 40 41 42 ==134.0
46 43       46 36 38 39 40 41 42 25 26 43 ==156.0
46 44       46 36 44 ==56.0
46 45       46 36 38 39 40 41 45 ==132.0
46 47       46 36 38 39 47 ==100.0
46 48       46 36 38 39 40 41 45 48 ==142.0
46 49       46 36 38 37 49 ==111.0
46 50       46 36 44 50 ==66.0
46 51       46 35 51 ==37.0
52 12       52 29 30 31 32 33 34 12 ==103.0
52 13       52 29 30 31 32 33 34 12 13 ==113.0
52 14       52 29 30 31 43 15 14 ==72.0
52 15       52 29 30 31 43 15 ==68.0
52 23       52 29 30 31 32 33 34 12 13 23 ==121.0
52 24       52 29 30 31 32 33 34 12 13 23 24 ==125.0
52 25       52 40 41 42 25 ==50.0
52 26       52 40 41 42 25 26 ==58.0
52 27       52 29 30 31 32 33 34 12 13 23 24 27 ==129.0
52 28       52 29 30 31 32 33 34 12 13 23 24 27 28 ==156.0
52 29       52 29 ==10.0
52 30       52 29 30 ==16.0
52 31       52 29 30 31 ==20.0
52 32       52 29 30 31 32 ==24.0
52 33       52 29 30 31 32 33 ==52.0
52 34       52 29 30 31 32 33 34 ==74.0
52 35       52 29 30 31 32 33 34 35 ==93.0
52 36       52 29 30 31 43 15 14 46 36 ==113.0
52 37       52 29 30 31 32 37 ==61.0
52 38       52 29 30 31 43 15 14 46 36 38 ==145.0
52 39       52 29 30 31 43 15 14 46 36 38 39 ==166.0
52 40       52 40 ==10.0
52 41       52 40 41 ==14.0
52 42       52 40 41 42 ==40.0
52 43       52 29 30 31 43 ==60.0
52 44       52 29 30 31 32 33 44 ==76.0
52 45       52 40 41 45 ==38.0
52 46       52 29 30 31 43 15 14 46 ==76.0
52 47       52 29 30 31 32 33 34 12 13 23 24 27 28 47 ==166.0
52 48       52 40 41 45 48 ==48.0
52 49       52 29 30 31 32 37 49 ==71.0
52 50       52 29 30 31 32 33 44 50 ==86.0
52 51       52 29 30 31 43 15 14 46 35 51 ==103.0
53 10       53 20 10 ==17.0
53 12       53 20 21 23 24 27 28 29 30 31 32 33 34 12 ==198.0
53 13       53 20 21 23 24 27 28 29 30 31 32 33 34 12 13 ==208.0
53 14       53 20 10 15 14 ==57.0
53 15       53 20 10 15 ==53.0
53 20       53 20 ==10.0
53 21       53 20 21 ==45.0
53 23       53 20 21 23 ==57.0
53 24       53 20 21 23 24 ==61.0
53 25       53 20 10 15 14 46 36 38 39 40 41 42 25 ==205.0
53 26       53 20 10 15 14 46 36 38 39 40 41 42 25 26 ==213.0
53 27       53 20 21 23 24 27 ==65.0
53 28       53 20 21 23 24 27 28 ==92.0
53 29       53 20 21 23 24 27 28 29 ==105.0
53 30       53 20 21 23 24 27 28 29 30 ==111.0
53 31       53 20 21 23 24 27 28 29 30 31 ==115.0
53 32       53 20 21 23 24 27 28 29 30 31 32 ==119.0
53 33       53 20 21 23 24 27 28 29 30 31 32 33 ==147.0
53 34       53 20 21 23 24 27 28 29 30 31 32 33 34 ==169.0
53 35       53 20 10 15 14 46 35 ==88.0
53 36       53 20 10 15 14 46 36 ==98.0
53 37       53 20 10 15 14 46 36 38 37 ==156.0
53 38       53 20 10 15 14 46 36 38 ==130.0
53 39       53 20 10 15 14 46 36 38 39 ==151.0
53 40       53 20 10 15 14 46 36 38 39 40 ==165.0
53 41       53 20 10 15 14 46 36 38 39 40 41 ==169.0
53 42       53 20 10 15 14 46 36 38 39 40 41 42 ==195.0
53 43       53 20 21 23 24 27 28 29 30 31 43 ==155.0
53 44       53 20 10 15 14 46 36 44 ==117.0
53 45       53 20 21 23 24 27 45 ==81.0
53 46       53 20 10 15 14 46 ==61.0
53 47       53 20 21 23 24 27 28 47 ==102.0
53 48       53 20 21 23 24 27 45 48 ==91.0
53 49       53 20 21 23 24 27 28 29 30 31 32 37 49 ==166.0
53 50       53 20 10 15 14 46 36 44 50 ==127.0
53 51       53 20 10 15 14 46 35 51 ==98.0
0 6       0 6 ==8.0
0 8       0 6 8 ==15.0
0 11       0 6 8 11 ==23.0
0 12       0 6 12 ==33.0
0 13       0 6 12 13 ==43.0
0 14       0 6 8 11 14 ==55.0
0 15       0 6 12 13 23 24 27 28 29 30 31 43 15 ==157.0
0 23       0 6 12 13 23 ==51.0
0 24       0 6 12 13 23 24 ==55.0
0 25       0 6 8 11 14 46 36 38 39 40 41 42 25 ==203.0
0 26       0 6 8 11 14 46 36 38 39 40 41 42 25 26 ==211.0
0 27       0 6 12 13 23 24 27 ==59.0
0 28       0 6 12 13 23 24 27 28 ==86.0
0 29       0 6 12 13 23 24 27 28 29 ==99.0
0 30       0 6 12 13 23 24 27 28 29 30 ==105.0
0 31       0 6 12 13 23 24 27 28 29 30 31 ==109.0
0 32       0 6 12 13 23 24 27 28 29 30 31 32 ==113.0
0 33       0 6 12 13 23 24 27 28 29 30 31 32 33 ==141.0
0 34       0 6 12 13 23 24 27 28 29 30 31 32 33 34 ==163.0
0 35       0 6 8 11 14 46 35 ==86.0
0 36       0 6 8 11 14 46 36 ==96.0
0 37       0 6 8 11 14 46 36 38 37 ==150.0
0 38       0 6 8 11 14 46 36 38 ==128.0
0 39       0 6 8 11 14 46 36 38 39 ==149.0
0 40       0 6 8 11 14 46 36 38 39 40 ==163.0
0 41       0 6 8 11 14 46 36 38 39 40 41 ==167.0
0 42       0 6 8 11 14 46 36 38 39 40 41 42 ==193.0
0 43       0 6 12 13 23 24 27 28 29 30 31 43 ==149.0
0 44       0 6 8 11 14 46 36 44 ==115.0
0 45       0 6 12 13 23 24 27 45 ==75.0
0 46       0 6 8 11 14 46 ==59.0
0 47       0 6 12 13 23 24 27 28 47 ==96.0
0 48       0 6 12 13 23 24 27 45 48 ==85.0
0 49       0 6 12 13 23 24 27 28 29 30 31 32 37 49 ==160.0
0 50       0 6 8 11 14 46 36 44 50 ==125.0
0 51       0 6 8 11 14 46 35 51 ==96.0
1 7       1 7 ==12.0
1 8       1 7 8 ==16.0
1 11       1 7 8 11 ==24.0
1 12       1 7 8 11 13 23 24 27 28 29 30 31 32 33 34 12 ==201.0
1 13       1 7 8 11 13 ==52.0
1 14       1 7 8 11 14 ==56.0
1 15       1 7 8 11 13 23 24 27 28 29 30 31 43 15 ==166.0
1 23       1 7 8 11 13 23 ==60.0
1 24       1 7 8 11 13 23 24 ==64.0
1 25       1 7 8 11 14 46 36 38 39 40 41 42 25 ==204.0
1 26       1 7 8 11 14 46 36 38 39 40 41 42 25 26 ==212.0
1 27       1 7 8 11 13 23 24 27 ==68.0
1 28       1 7 8 11 13 23 24 27 28 ==95.0
1 29       1 7 8 11 13 23 24 27 28 29 ==108.0
1 30       1 7 8 11 13 23 24 27 28 29 30 ==114.0
1 31       1 7 8 11 13 23 24 27 28 29 30 31 ==118.0
1 32       1 7 8 11 13 23 24 27 28 29 30 31 32 ==122.0
1 33       1 7 8 11 13 23 24 27 28 29 30 31 32 33 ==150.0
1 34       1 7 8 11 13 23 24 27 28 29 30 31 32 33 34 ==172.0
1 35       1 7 8 11 14 46 35 ==87.0
1 36       1 7 8 11 14 46 36 ==97.0
1 37       1 7 8 11 14 46 36 38 37 ==159.0
1 38       1 7 8 11 14 46 36 38 ==129.0
1 39       1 7 8 11 14 46 36 38 39 ==150.0
1 40       1 7 8 11 14 46 36 38 39 40 ==164.0
1 41       1 7 8 11 14 46 36 38 39 40 41 ==168.0
1 42       1 7 8 11 14 46 36 38 39 40 41 42 ==194.0
1 43       1 7 8 11 13 23 24 27 28 29 30 31 43 ==158.0
1 44       1 7 8 11 14 46 36 44 ==116.0
1 45       1 7 8 11 13 23 24 27 45 ==84.0
1 46       1 7 8 11 14 46 ==60.0
1 47       1 7 8 11 13 23 24 27 28 47 ==105.0
1 48       1 7 8 11 13 23 24 27 45 48 ==94.0
1 49       1 7 8 11 13 23 24 27 28 29 30 31 32 37 49 ==169.0
1 50       1 7 8 11 14 46 36 44 50 ==126.0
1 51       1 7 8 11 14 46 35 51 ==97.0
2 7       2 9 7 ==16.0
2 8       2 9 7 8 ==20.0
2 9       2 9 ==9.0
2 10       2 9 10 ==29.0
2 11       2 9 7 8 11 ==28.0
2 12       2 9 7 8 11 13 23 24 27 28 29 30 31 32 33 34 12 ==205.0
2 13       2 9 7 8 11 13 ==56.0
2 14       2 9 7 8 11 14 ==60.0
2 15       2 9 10 15 ==65.0
2 23       2 9 7 8 11 13 23 ==64.0
2 24       2 9 7 8 11 13 23 24 ==68.0
2 25       2 9 7 8 11 14 46 36 38 39 40 41 42 25 ==208.0
2 26       2 9 7 8 11 14 46 36 38 39 40 41 42 25 26 ==216.0
2 27       2 9 7 8 11 13 23 24 27 ==72.0
2 28       2 9 7 8 11 13 23 24 27 28 ==99.0
2 29       2 9 7 8 11 13 23 24 27 28 29 ==112.0
2 30       2 9 7 8 11 13 23 24 27 28 29 30 ==118.0
2 31       2 9 7 8 11 13 23 24 27 28 29 30 31 ==122.0
2 32       2 9 7 8 11 13 23 24 27 28 29 30 31 32 ==126.0
2 33       2 9 7 8 11 13 23 24 27 28 29 30 31 32 33 ==154.0
2 34       2 9 7 8 11 13 23 24 27 28 29 30 31 32 33 34 ==176.0
2 35       2 9 7 8 11 14 46 35 ==91.0
2 36       2 9 7 8 11 14 46 36 ==101.0
2 37       2 9 7 8 11 14 46 36 38 37 ==163.0
2 38       2 9 7 8 11 14 46 36 38 ==133.0
2 39       2 9 7 8 11 14 46 36 38 39 ==154.0
2 40       2 9 7 8 11 14 46 36 38 39 40 ==168.0
2 41       2 9 7 8 11 14 46 36 38 39 40 41 ==172.0
2 42       2 9 7 8 11 14 46 36 38 39 40 41 42 ==198.0
2 43       2 9 7 8 11 13 23 24 27 28 29 30 31 43 ==162.0
2 44       2 9 7 8 11 14 46 36 44 ==120.0
2 45       2 9 7 8 11 13 23 24 27 45 ==88.0
2 46       2 9 7 8 11 14 46 ==64.0
2 47       2 9 7 8 11 13 23 24 27 28 47 ==109.0
2 48       2 9 7 8 11 13 23 24 27 45 48 ==98.0
2 49       2 9 7 8 11 13 23 24 27 28 29 30 31 32 37 49 ==173.0
2 50       2 9 7 8 11 14 46 36 44 50 ==130.0
2 51       2 9 7 8 11 14 46 35 51 ==101.0
3 12       3 16 21 23 24 27 28 29 30 31 32 33 34 12 ==201.0
3 13       3 16 21 23 24 27 28 29 30 31 32 33 34 12 13 ==211.0
3 14       3 16 17 18 22 26 43 15 14 ==71.0
3 15       3 16 17 18 22 26 43 15 ==67.0
3 16       3 16 ==4.0
3 17       3 16 17 ==13.0
3 18       3 16 17 18 ==17.0
3 21       3 16 21 ==61.0
3 22       3 16 17 18 22 ==38.0
3 23       3 16 21 23 ==73.0
3 24       3 16 17 18 22 24 ==64.0
3 25       3 16 17 18 22 26 43 15 14 46 36 38 39 40 41 42 25 ==219.0
3 26       3 16 17 18 22 26 ==55.0
3 27       3 16 21 23 24 27 ==68.0
3 28       3 16 21 23 24 27 28 ==95.0
3 29       3 16 21 23 24 27 28 29 ==108.0
3 30       3 16 21 23 24 27 28 29 30 ==114.0
3 31       3 16 21 23 24 27 28 29 30 31 ==118.0
3 32       3 16 21 23 24 27 28 29 30 31 32 ==122.0
3 33       3 16 21 23 24 27 28 29 30 31 32 33 ==150.0
3 34       3 16 21 23 24 27 28 29 30 31 32 33 34 ==172.0
3 35       3 16 17 18 22 26 43 15 14 46 35 ==102.0
3 36       3 16 17 18 22 26 43 15 14 46 36 ==112.0
3 37       3 16 21 23 24 27 28 29 30 31 32 37 ==159.0
3 38       3 16 17 18 22 26 43 15 14 46 36 38 ==144.0
3 39       3 16 17 18 22 26 43 15 14 46 36 38 39 ==165.0
3 40       3 16 17 18 22 26 43 15 14 46 36 38 39 40 ==179.0
3 41       3 16 17 18 22 26 43 15 14 46 36 38 39 40 41 ==183.0
3 42       3 16 17 18 22 26 43 15 14 46 36 38 39 40 41 42 ==209.0
3 43       3 16 17 18 22 26 43 ==59.0
3 44       3 16 17 18 22 26 43 15 14 46 36 44 ==131.0
3 45       3 16 21 23 24 27 45 ==84.0
3 46       3 16 17 18 22 26 43 15 14 46 ==75.0
3 47       3 16 21 23 24 27 28 47 ==105.0
3 48       3 16 21 23 24 27 45 48 ==94.0
3 49       3 16 21 23 24 27 28 29 30 31 32 37 49 ==169.0
3 50       3 16 17 18 22 26 43 15 14 46 36 44 50 ==141.0
3 51       3 16 17 18 22 26 43 15 14 46 35 51 ==112.0
4 12       4 17 18 22 24 27 28 29 30 31 32 33 34 12 ==197.0
4 13       4 17 18 22 24 27 28 29 30 31 32 33 34 12 13 ==207.0
4 14       4 17 18 22 26 43 15 14 ==67.0
4 15       4 17 18 22 26 43 15 ==63.0
4 17       4 17 ==9.0
4 18       4 17 18 ==13.0
4 22       4 17 18 22 ==34.0
4 23       4 17 18 22 24 27 28 29 30 31 32 33 34 12 13 23 ==215.0
4 24       4 17 18 22 24 ==60.0
4 25       4 17 18 22 26 43 15 14 46 36 38 39 40 41 42 25 ==215.0
4 26       4 17 18 22 26 ==51.0
4 27       4 17 18 22 24 27 ==64.0
4 28       4 17 18 22 24 27 28 ==91.0
4 29       4 17 18 22 24 27 28 29 ==104.0
4 30       4 17 18 22 24 27 28 29 30 ==110.0
4 31       4 17 18 22 24 27 28 29 30 31 ==114.0
4 32       4 17 18 22 24 27 28 29 30 31 32 ==118.0
4 33       4 17 18 22 24 27 28 29 30 31 32 33 ==146.0
4 34       4 17 18 22 24 27 28 29 30 31 32 33 34 ==168.0
4 35       4 17 18 22 26 43 15 14 46 35 ==98.0
4 36       4 17 18 22 26 43 15 14 46 36 ==108.0
4 37       4 17 18 22 24 27 28 29 30 31 32 37 ==155.0
4 38       4 17 18 22 26 43 15 14 46 36 38 ==140.0
4 39       4 17 18 22 26 43 15 14 46 36 38 39 ==161.0
4 40       4 17 18 22 26 43 15 14 46 36 38 39 40 ==175.0
4 41       4 17 18 22 26 43 15 14 46 36 38 39 40 41 ==179.0
4 42       4 17 18 22 26 43 15 14 46 36 38 39 40 41 42 ==205.0
4 43       4 17 18 22 26 43 ==55.0
4 44       4 17 18 22 26 43 15 14 46 36 44 ==127.0
4 45       4 17 18 22 24 27 45 ==80.0
4 46       4 17 18 22 26 43 15 14 46 ==71.0
4 47       4 17 18 22 24 27 28 47 ==101.0
4 48       4 17 18 22 24 27 45 48 ==90.0
4 49       4 17 18 22 24 27 28 29 30 31 32 37 49 ==165.0
4 50       4 17 18 22 26 43 15 14 46 36 44 50 ==137.0
4 51       4 17 18 22 26 43 15 14 46 35 51 ==108.0
5 12       5 19 18 22 24 27 28 29 30 31 32 33 34 12 ==195.0
5 13       5 19 18 22 24 27 28 29 30 31 32 33 34 12 13 ==205.0
5 14       5 19 25 26 43 15 14 ==63.0
5 15       5 19 25 26 43 15 ==59.0
5 18       5 19 18 ==11.0
5 19       5 19 ==4.0
5 22       5 19 18 22 ==32.0
5 23       5 19 18 22 24 27 28 29 30 31 32 33 34 12 13 23 ==213.0
5 24       5 19 18 22 24 ==58.0
5 25       5 19 25 ==39.0
5 26       5 19 25 26 ==47.0
5 27       5 19 18 22 24 27 ==62.0
5 28       5 19 18 22 24 27 28 ==89.0
5 29       5 19 18 22 24 27 28 29 ==102.0
5 30       5 19 18 22 24 27 28 29 30 ==108.0
5 31       5 19 18 22 24 27 28 29 30 31 ==112.0
5 32       5 19 18 22 24 27 28 29 30 31 32 ==116.0
5 33       5 19 18 22 24 27 28 29 30 31 32 33 ==144.0
5 34       5 19 18 22 24 27 28 29 30 31 32 33 34 ==166.0
5 35       5 19 25 26 43 15 14 46 35 ==94.0
5 36       5 19 25 26 43 15 14 46 36 ==104.0
5 37       5 19 18 22 24 27 28 29 30 31 32 37 ==153.0
5 38       5 19 25 26 43 15 14 46 36 38 ==136.0
5 39       5 19 25 26 43 15 14 46 36 38 39 ==157.0
5 40       5 19 25 26 43 15 14 46 36 38 39 40 ==171.0
5 41       5 19 25 26 43 15 14 46 36 38 39 40 41 ==175.0
5 42       5 19 25 26 43 15 14 46 36 38 39 40 41 42 ==201.0
5 43       5 19 25 26 43 ==51.0
5 44       5 19 25 26 43 15 14 46 36 44 ==123.0
5 45       5 19 18 22 24 27 45 ==78.0
5 46       5 19 25 26 43 15 14 46 ==67.0
5 47       5 19 18 22 24 27 28 47 ==99.0
5 48       5 19 18 22 24 27 45 48 ==88.0
5 49       5 19 25 26 43 15 14 46 36 38 37 49 ==163.0
5 50       5 19 25 26 43 15 14 46 36 44 50 ==133.0
5 51       5 19 25 26 43 15 14 46 35 51 ==104.0
6 8       6 8 ==7.0
6 11       6 8 11 ==15.0
6 12       6 12 ==25.0
6 13       6 12 13 ==35.0
6 14       6 8 11 14 ==47.0
6 15       6 12 13 23 24 27 28 29 30 31 43 15 ==149.0
6 23       6 12 13 23 ==43.0
6 24       6 12 13 23 24 ==47.0
6 25       6 8 11 14 46 36 38 39 40 41 42 25 ==195.0
6 26       6 8 11 14 46 36 38 39 40 41 42 25 26 ==203.0
6 27       6 12 13 23 24 27 ==51.0
6 28       6 12 13 23 24 27 28 ==78.0
6 29       6 12 13 23 24 27 28 29 ==91.0
6 30       6 12 13 23 24 27 28 29 30 ==97.0
6 31       6 12 13 23 24 27 28 29 30 31 ==101.0
6 32       6 12 13 23 24 27 28 29 30 31 32 ==105.0
6 33       6 12 13 23 24 27 28 29 30 31 32 33 ==133.0
6 34       6 12 13 23 24 27 28 29 30 31 32 33 34 ==155.0
6 35       6 8 11 14 46 35 ==78.0
6 36       6 8 11 14 46 36 ==88.0
6 37       6 8 11 14 46 36 38 37 ==142.0
6 38       6 8 11 14 46 36 38 ==120.0
6 39       6 8 11 14 46 36 38 39 ==141.0
6 40       6 8 11 14 46 36 38 39 40 ==155.0
6 41       6 8 11 14 46 36 38 39 40 41 ==159.0
6 42       6 8 11 14 46 36 38 39 40 41 42 ==185.0
6 43       6 12 13 23 24 27 28 29 30 31 43 ==141.0
6 44       6 8 11 14 46 36 44 ==107.0
6 45       6 12 13 23 24 27 45 ==67.0
6 46       6 8 11 14 46 ==51.0
6 47       6 12 13 23 24 27 28 47 ==88.0
6 48       6 12 13 23 24 27 45 48 ==77.0
6 49       6 12 13 23 24 27 28 29 30 31 32 37 49 ==152.0
6 50       6 8 11 14 46 36 44 50 ==117.0
6 51       6 8 11 14 46 35 51 ==88.0
7 8       7 8 ==4.0
7 11       7 8 11 ==12.0
7 12       7 8 11 13 23 24 27 28 29 30 31 32 33 34 12 ==189.0
7 13       7 8 11 13 ==40.0
7 14       7 8 11 14 ==44.0
7 15       7 8 11 13 23 24 27 28 29 30 31 43 15 ==154.0
7 23       7 8 11 13 23 ==48.0
7 24       7 8 11 13 23 24 ==52.0
7 25       7 8 11 14 46 36 38 39 40 41 42 25 ==192.0
7 26       7 8 11 14 46 36 38 39 40 41 42 25 26 ==200.0
7 27       7 8 11 13 23 24 27 ==56.0
7 28       7 8 11 13 23 24 27 28 ==83.0
7 29       7 8 11 13 23 24 27 28 29 ==96.0
7 30       7 8 11 13 23 24 27 28 29 30 ==102.0
7 31       7 8 11 13 23 24 27 28 29 30 31 ==106.0
7 32       7 8 11 13 23 24 27 28 29 30 31 32 ==110.0
7 33       7 8 11 13 23 24 27 28 29 30 31 32 33 ==138.0
7 34       7 8 11 13 23 24 27 28 29 30 31 32 33 34 ==160.0
7 35       7 8 11 14 46 35 ==75.0
7 36       7 8 11 14 46 36 ==85.0
7 37       7 8 11 14 46 36 38 37 ==147.0
7 38       7 8 11 14 46 36 38 ==117.0
7 39       7 8 11 14 46 36 38 39 ==138.0
7 40       7 8 11 14 46 36 38 39 40 ==152.0
7 41       7 8 11 14 46 36 38 39 40 41 ==156.0
7 42       7 8 11 14 46 36 38 39 40 41 42 ==182.0
7 43       7 8 11 13 23 24 27 28 29 30 31 43 ==146.0
7 44       7 8 11 14 46 36 44 ==104.0
7 45       7 8 11 13 23 24 27 45 ==72.0
7 46       7 8 11 14 46 ==48.0
7 47       7 8 11 13 23 24 27 28 47 ==93.0
7 48       7 8 11 13 23 24 27 45 48 ==82.0
7 49       7 8 11 13 23 24 27 28 29 30 31 32 37 49 ==157.0
7 50       7 8 11 14 46 36 44 50 ==114.0
7 51       7 8 11 14 46 35 51 ==85.0
8 11       8 11 ==8.0
8 12       8 11 13 23 24 27 28 29 30 31 32 33 34 12 ==185.0
8 13       8 11 13 ==36.0
8 14       8 11 14 ==40.0
8 15       8 11 13 23 24 27 28 29 30 31 43 15 ==150.0
8 23       8 11 13 23 ==44.0
8 24       8 11 13 23 24 ==48.0
8 25       8 11 14 46 36 38 39 40 41 42 25 ==188.0
8 26       8 11 14 46 36 38 39 40 41 42 25 26 ==196.0
8 27       8 11 13 23 24 27 ==52.0
8 28       8 11 13 23 24 27 28 ==79.0
8 29       8 11 13 23 24 27 28 29 ==92.0
8 30       8 11 13 23 24 27 28 29 30 ==98.0
8 31       8 11 13 23 24 27 28 29 30 31 ==102.0
8 32       8 11 13 23 24 27 28 29 30 31 32 ==106.0
8 33       8 11 13 23 24 27 28 29 30 31 32 33 ==134.0
8 34       8 11 13 23 24 27 28 29 30 31 32 33 34 ==156.0
8 35       8 11 14 46 35 ==71.0
8 36       8 11 14 46 36 ==81.0
8 37       8 11 14 46 36 38 37 ==143.0
8 38       8 11 14 46 36 38 ==113.0
8 39       8 11 14 46 36 38 39 ==134.0
8 40       8 11 14 46 36 38 39 40 ==148.0
8 41       8 11 14 46 36 38 39 40 41 ==152.0
8 42       8 11 14 46 36 38 39 40 41 42 ==178.0
8 43       8 11 13 23 24 27 28 29 30 31 43 ==142.0
8 44       8 11 14 46 36 44 ==100.0
8 45       8 11 13 23 24 27 45 ==68.0
8 46       8 11 14 46 ==44.0
8 47       8 11 13 23 24 27 28 47 ==89.0
8 48       8 11 13 23 24 27 45 48 ==78.0
8 49       8 11 13 23 24 27 28 29 30 31 32 37 49 ==153.0
8 50       8 11 14 46 36 44 50 ==110.0
8 51       8 11 14 46 35 51 ==81.0
9 7       9 7 ==7.0
9 8       9 7 8 ==11.0
9 10       9 10 ==20.0
9 11       9 7 8 11 ==19.0
9 12       9 7 8 11 13 23 24 27 28 29 30 31 32 33 34 12 ==196.0
9 13       9 7 8 11 13 ==47.0
9 14       9 7 8 11 14 ==51.0
9 15       9 10 15 ==56.0
9 23       9 7 8 11 13 23 ==55.0
9 24       9 7 8 11 13 23 24 ==59.0
9 25       9 7 8 11 14 46 36 38 39 40 41 42 25 ==199.0
9 26       9 7 8 11 14 46 36 38 39 40 41 42 25 26 ==207.0
9 27       9 7 8 11 13 23 24 27 ==63.0
9 28       9 7 8 11 13 23 24 27 28 ==90.0
9 29       9 7 8 11 13 23 24 27 28 29 ==103.0
9 30       9 7 8 11 13 23 24 27 28 29 30 ==109.0
9 31       9 7 8 11 13 23 24 27 28 29 30 31 ==113.0
9 32       9 7 8 11 13 23 24 27 28 29 30 31 32 ==117.0
9 33       9 7 8 11 13 23 24 27 28 29 30 31 32 33 ==145.0
9 34       9 7 8 11 13 23 24 27 28 29 30 31 32 33 34 ==167.0
9 35       9 7 8 11 14 46 35 ==82.0
9 36       9 7 8 11 14 46 36 ==92.0
9 37       9 7 8 11 14 46 36 38 37 ==154.0
9 38       9 7 8 11 14 46 36 38 ==124.0
9 39       9 7 8 11 14 46 36 38 39 ==145.0
9 40       9 7 8 11 14 46 36 38 39 40 ==159.0
9 41       9 7 8 11 14 46 36 38 39 40 41 ==163.0
9 42       9 7 8 11 14 46 36 38 39 40 41 42 ==189.0
9 43       9 7 8 11 13 23 24 27 28 29 30 31 43 ==153.0
9 44       9 7 8 11 14 46 36 44 ==111.0
9 45       9 7 8 11 13 23 24 27 45 ==79.0
9 46       9 7 8 11 14 46 ==55.0
9 47       9 7 8 11 13 23 24 27 28 47 ==100.0
9 48       9 7 8 11 13 23 24 27 45 48 ==89.0
9 49       9 7 8 11 13 23 24 27 28 29 30 31 32 37 49 ==164.0
9 50       9 7 8 11 14 46 36 44 50 ==121.0
9 51       9 7 8 11 14 46 35 51 ==92.0
10 12       10 15 14 46 36 38 39 40 41 42 30 31 32 33 34 12 ==298.0
10 13       10 15 14 46 36 38 39 40 41 42 30 31 32 33 34 12 13 ==308.0
10 14       10 15 14 ==40.0
10 15       10 15 ==36.0
10 23       10 15 14 46 36 38 39 40 41 42 30 31 32 33 34 12 13 23 ==316.0
10 24       10 15 14 46 36 38 39 40 41 42 30 31 32 33 34 12 13 23 24 ==320.0
10 25       10 15 14 46 36 38 39 40 41 42 25 ==188.0
10 26       10 15 14 46 36 38 39 40 41 42 25 26 ==196.0
10 27       10 15 14 46 36 38 39 40 41 42 30 31 32 33 34 12 13 23 24 27 ==324.0
10 28       10 15 14 46 36 38 39 40 41 42 30 31 32 33 34 12 13 23 24 27 28 ==351.0
10 29       10 15 14 46 36 38 39 40 41 42 30 31 32 33 34 12 13 23 24 27 28 29 ==364.0
10 30       10 15 14 46 36 38 39 40 41 42 30 ==211.0
10 31       10 15 14 46 36 38 39 40 41 42 30 31 ==215.0
10 32       10 15 14 46 36 38 39 40 41 42 30 31 32 ==219.0
10 33       10 15 14 46 36 38 39 40 41 42 30 31 32 33 ==247.0
10 34       10 15 14 46 36 38 39 40 41 42 30 31 32 33 34 ==269.0
10 35       10 15 14 46 35 ==71.0
10 36       10 15 14 46 36 ==81.0
10 37       10 15 14 46 36 38 37 ==145.0
10 38       10 15 14 46 36 38 ==113.0
10 39       10 15 14 46 36 38 39 ==134.0
10 40       10 15 14 46 36 38 39 40 ==148.0
10 41       10 15 14 46 36 38 39 40 41 ==152.0
10 42       10 15 14 46 36 38 39 40 41 42 ==178.0
10 43       10 15 14 46 36 38 39 40 41 42 25 26 43 ==200.0
10 44       10 15 14 46 36 44 ==100.0
10 45       10 15 14 46 36 38 39 40 41 45 ==176.0
10 46       10 15 14 46 ==44.0
10 47       10 15 14 46 36 38 39 47 ==144.0
10 48       10 15 14 46 36 38 39 40 41 45 48 ==186.0
10 49       10 15 14 46 36 38 37 49 ==155.0
10 50       10 15 14 46 36 44 50 ==110.0
10 51       10 15 14 46 35 51 ==81.0
11 12       11 13 23 24 27 28 29 30 31 32 33 34 12 ==177.0
11 13       11 13 ==28.0
11 14       11 14 ==32.0
11 15       11 13 23 24 27 28 29 30 31 43 15 ==142.0
11 23       11 13 23 ==36.0
11 24       11 13 23 24 ==40.0
11 25       11 14 46 36 38 39 40 41 42 25 ==180.0
11 26       11 14 46 36 38 39 40 41 42 25 26 ==188.0
11 27       11 13 23 24 27 ==44.0
11 28       11 13 23 24 27 28 ==71.0
11 29       11 13 23 24 27 28 29 ==84.0
11 30       11 13 23 24 27 28 29 30 ==90.0
11 31       11 13 23 24 27 28 29 30 31 ==94.0
11 32       11 13 23 24 27 28 29 30 31 32 ==98.0
11 33       11 13 23 24 27 28 29 30 31 32 33 ==126.0
11 34       11 13 23 24 27 28 29 30 31 32 33 34 ==148.0
11 35       11 14 46 35 ==63.0
11 36       11 14 46 36 ==73.0
11 37       11 14 46 36 38 37 ==135.0
11 38       11 14 46 36 38 ==105.0
11 39       11 14 46 36 38 39 ==126.0
11 40       11 14 46 36 38 39 40 ==140.0
11 41       11 14 46 36 38 39 40 41 ==144.0
11 42       11 14 46 36 38 39 40 41 42 ==170.0
11 43       11 13 23 24 27 28 29 30 31 43 ==134.0
11 44       11 14 46 36 44 ==92.0
11 45       11 13 23 24 27 45 ==60.0
11 46       11 14 46 ==36.0
11 47       11 13 23 24 27 28 47 ==81.0
11 48       11 13 23 24 27 45 48 ==70.0
11 49       11 13 23 24 27 28 29 30 31 32 37 49 ==145.0
11 50       11 14 46 36 44 50 ==102.0
11 51       11 14 46 35 51 ==73.0
12 13       12 13 ==10.0
12 14       12 13 23 24 27 28 29 30 31 43 15 14 ==128.0
12 15       12 13 23 24 27 28 29 30 31 43 15 ==124.0
12 23       12 13 23 ==18.0
12 24       12 13 23 24 ==22.0
12 25       12 13 23 24 27 28 29 30 31 43 15 14 46 36 38 39 40 41 42 25 ==276.0
12 26       12 13 23 24 27 28 29 30 31 43 15 14 46 36 38 39 40 41 42 25 26 ==284.0
12 27       12 13 23 24 27 ==26.0
12 28       12 13 23 24 27 28 ==53.0
12 29       12 13 23 24 27 28 29 ==66.0
12 30       12 13 23 24 27 28 29 30 ==72.0
12 31       12 13 23 24 27 28 29 30 31 ==76.0
12 32       12 13 23 24 27 28 29 30 31 32 ==80.0
12 33       12 13 23 24 27 28 29 30 31 32 33 ==108.0
12 34       12 13 23 24 27 28 29 30 31 32 33 34 ==130.0
12 35       12 13 23 24 27 28 29 30 31 32 33 34 35 ==149.0
12 36       12 13 23 24 27 28 29 30 31 43 15 14 46 36 ==169.0
12 37       12 13 23 24 27 28 29 30 31 32 37 ==117.0
12 38       12 13 23 24 27 28 29 30 31 43 15 14 46 36 38 ==201.0
12 39       12 13 23 24 27 28 29 30 31 43 15 14 46 36 38 39 ==222.0
12 40       12 13 23 24 27 28 29 30 31 43 15 14 46 36 38 39 40 ==236.0
12 41       12 13 23 24 27 28 29 30 31 43 15 14 46 36 38 39 40 41 ==240.0
12 42       12 13 23 24 27 28 29 30 31 43 15 14 46 36 38 39 40 41 42 ==266.0
12 43       12 13 23 24 27 28 29 30 31 43 ==116.0
12 44       12 13 23 24 27 28 29 30 31 32 33 44 ==132.0
12 45       12 13 23 24 27 45 ==42.0
12 46       12 13 23 24 27 28 29 30 31 43 15 14 46 ==132.0
12 47       12 13 23 24 27 28 47 ==63.0
12 48       12 13 23 24 27 45 48 ==52.0
12 49       12 13 23 24 27 28 29 30 31 32 37 49 ==127.0
12 50       12 13 23 24 27 28 29 30 31 32 33 44 50 ==142.0
12 51       12 13 23 24 27 28 29 30 31 43 15 14 46 35 51 ==159.0
13 12       13 23 24 27 28 29 30 31 32 33 34 12 ==149.0
13 14       13 23 24 27 28 29 30 31 43 15 14 ==118.0
13 15       13 23 24 27 28 29 30 31 43 15 ==114.0
13 23       13 23 ==8.0
13 24       13 23 24 ==12.0
13 25       13 23 24 27 28 29 30 31 43 15 14 46 36 38 39 40 41 42 25 ==266.0
13 26       13 23 24 27 28 29 30 31 43 15 14 46 36 38 39 40 41 42 25 26 ==274.0
13 27       13 23 24 27 ==16.0
13 28       13 23 24 27 28 ==43.0
13 29       13 23 24 27 28 29 ==56.0
13 30       13 23 24 27 28 29 30 ==62.0
13 31       13 23 24 27 28 29 30 31 ==66.0
13 32       13 23 24 27 28 29 30 31 32 ==70.0
13 33       13 23 24 27 28 29 30 31 32 33 ==98.0
13 34       13 23 24 27 28 29 30 31 32 33 34 ==120.0
13 35       13 23 24 27 28 29 30 31 32 33 34 35 ==139.0
13 36       13 23 24 27 28 29 30 31 43 15 14 46 36 ==159.0
13 37       13 23 24 27 28 29 30 31 32 37 ==107.0
13 38       13 23 24 27 28 29 30 31 43 15 14 46 36 38 ==191.0
13 39       13 23 24 27 28 29 30 31 43 15 14 46 36 38 39 ==212.0
13 40       13 23 24 27 28 29 30 31 43 15 14 46 36 38 39 40 ==226.0
13 41       13 23 24 27 28 29 30 31 43 15 14 46 36 38 39 40 41 ==230.0
13 42       13 23 24 27 28 29 30 31 43 15 14 46 36 38 39 40 41 42 ==256.0
13 43       13 23 24 27 28 29 30 31 43 ==106.0
13 44       13 23 24 27 28 29 30 31 32 33 44 ==122.0
13 45       13 23 24 27 45 ==32.0
13 46       13 23 24 27 28 29 30 31 43 15 14 46 ==122.0
13 47       13 23 24 27 28 47 ==53.0
13 48       13 23 24 27 45 48 ==42.0
13 49       13 23 24 27 28 29 30 31 32 37 49 ==117.0
13 50       13 23 24 27 28 29 30 31 32 33 44 50 ==132.0
13 51       13 23 24 27 28 29 30 31 43 15 14 46 35 51 ==149.0
14 12       14 46 36 38 39 40 41 42 30 31 32 33 34 12 ==258.0
14 13       14 46 36 38 39 40 41 42 30 31 32 33 34 12 13 ==268.0
14 15       14 46 36 38 39 40 41 42 25 26 43 15 ==168.0
14 23       14 46 36 38 39 40 41 42 30 31 32 33 34 12 13 23 ==276.0
14 24       14 46 36 38 39 40 41 42 30 31 32 33 34 12 13 23 24 ==280.0
14 25       14 46 36 38 39 40 41 42 25 ==148.0
14 26       14 46 36 38 39 40 41 42 25 26 ==156.0
14 27       14 46 36 38 39 40 41 42 30 31 32 33 34 12 13 23 24 27 ==284.0
14 28       14 46 36 38 39 40 41 42 30 31 32 33 34 12 13 23 24 27 28 ==311.0
14 29       14 46 36 38 39 40 41 42 30 31 32 33 34 12 13 23 24 27 28 29 ==324.0
14 30       14 46 36 38 39 40 41 42 30 ==171.0
14 31       14 46 36 38 39 40 41 42 30 31 ==175.0
14 32       14 46 36 38 39 40 41 42 30 31 32 ==179.0
14 33       14 46 36 38 39 40 41 42 30 31 32 33 ==207.0
14 34       14 46 36 38 39 40 41 42 30 31 32 33 34 ==229.0
14 35       14 46 35 ==31.0
14 36       14 46 36 ==41.0
14 37       14 46 36 38 37 ==105.0
14 38       14 46 36 38 ==73.0
14 39       14 46 36 38 39 ==94.0
14 40       14 46 36 38 39 40 ==108.0
14 41       14 46 36 38 39 40 41 ==112.0
14 42       14 46 36 38 39 40 41 42 ==138.0
14 43       14 46 36 38 39 40 41 42 25 26 43 ==160.0
14 44       14 46 36 44 ==60.0
14 45       14 46 36 38 39 40 41 45 ==136.0
14 46       14 46 ==4.0
14 47       14 46 36 38 39 47 ==104.0
14 48       14 46 36 38 39 40 41 45 48 ==146.0
14 49       14 46 36 38 37 49 ==115.0
14 50       14 46 36 44 50 ==70.0
14 51       14 46 35 51 ==41.0
15 12       15 14 46 36 38 39 40 41 42 30 31 32 33 34 12 ==262.0
15 13       15 14 46 36 38 39 40 41 42 30 31 32 33 34 12 13 ==272.0
15 14       15 14 ==4.0
15 23       15 14 46 36 38 39 40 41 42 30 31 32 33 34 12 13 23 ==280.0
15 24       15 14 46 36 38 39 40 41 42 30 31 32 33 34 12 13 23 24 ==284.0
15 25       15 14 46 36 38 39 40 41 42 25 ==152.0
15 26       15 14 46 36 38 39 40 41 42 25 26 ==160.0
15 27       15 14 46 36 38 39 40 41 42 30 31 32 33 34 12 13 23 24 27 ==288.0
15 28       15 14 46 36 38 39 40 41 42 30 31 32 33 34 12 13 23 24 27 28 ==315.0
15 29       15 14 46 36 38 39 40 41 42 30 31 32 33 34 12 13 23 24 27 28 29 ==328.0
15 30       15 14 46 36 38 39 40 41 42 30 ==175.0
15 31       15 14 46 36 38 39 40 41 42 30 31 ==179.0
15 32       15 14 46 36 38 39 40 41 42 30 31 32 ==183.0
15 33       15 14 46 36 38 39 40 41 42 30 31 32 33 ==211.0
15 34       15 14 46 36 38 39 40 41 42 30 31 32 33 34 ==233.0
15 35       15 14 46 35 ==35.0
15 36       15 14 46 36 ==45.0
15 37       15 14 46 36 38 37 ==109.0
15 38       15 14 46 36 38 ==77.0
15 39       15 14 46 36 38 39 ==98.0
15 40       15 14 46 36 38 39 40 ==112.0
15 41       15 14 46 36 38 39 40 41 ==116.0
15 42       15 14 46 36 38 39 40 41 42 ==142.0
15 43       15 14 46 36 38 39 40 41 42 25 26 43 ==164.0
15 44       15 14 46 36 44 ==64.0
15 45       15 14 46 36 38 39 40 41 45 ==140.0
15 46       15 14 46 ==8.0
15 47       15 14 46 36 38 39 47 ==108.0
15 48       15 14 46 36 38 39 40 41 45 48 ==150.0
15 49       15 14 46 36 38 37 49 ==119.0
15 50       15 14 46 36 44 50 ==74.0
15 51       15 14 46 35 51 ==45.0
16 12       16 21 23 24 27 28 29 30 31 32 33 34 12 ==197.0
16 13       16 21 23 24 27 28 29 30 31 32 33 34 12 13 ==207.0
16 14       16 17 18 22 26 43 15 14 ==67.0
16 15       16 17 18 22 26 43 15 ==63.0
16 17       16 17 ==9.0
16 18       16 17 18 ==13.0
16 21       16 21 ==57.0
16 22       16 17 18 22 ==34.0
16 23       16 21 23 ==69.0
16 24       16 17 18 22 24 ==60.0
16 25       16 17 18 22 26 43 15 14 46 36 38 39 40 41 42 25 ==215.0
16 26       16 17 18 22 26 ==51.0
16 27       16 21 23 24 27 ==64.0
16 28       16 21 23 24 27 28 ==91.0
16 29       16 21 23 24 27 28 29 ==104.0
16 30       16 21 23 24 27 28 29 30 ==110.0
16 31       16 21 23 24 27 28 29 30 31 ==114.0
16 32       16 21 23 24 27 28 29 30 31 32 ==118.0
16 33       16 21 23 24 27 28 29 30 31 32 33 ==146.0
16 34       16 21 23 24 27 28 29 30 31 32 33 34 ==168.0
16 35       16 17 18 22 26 43 15 14 46 35 ==98.0
16 36       16 17 18 22 26 43 15 14 46 36 ==108.0
16 37       16 21 23 24 27 28 29 30 31 32 37 ==155.0
16 38       16 17 18 22 26 43 15 14 46 36 38 ==140.0
16 39       16 17 18 22 26 43 15 14 46 36 38 39 ==161.0
16 40       16 17 18 22 26 43 15 14 46 36 38 39 40 ==175.0
16 41       16 17 18 22 26 43 15 14 46 36 38 39 40 41 ==179.0
16 42       16 17 18 22 26 43 15 14 46 36 38 39 40 41 42 ==205.0
16 43       16 17 18 22 26 43 ==55.0
16 44       16 17 18 22 26 43 15 14 46 36 44 ==127.0
16 45       16 21 23 24 27 45 ==80.0
16 46       16 17 18 22 26 43 15 14 46 ==71.0
16 47       16 21 23 24 27 28 47 ==101.0
16 48       16 21 23 24 27 45 48 ==90.0
16 49       16 21 23 24 27 28 29 30 31 32 37 49 ==165.0
16 50       16 17 18 22 26 43 15 14 46 36 44 50 ==137.0
16 51       16 17 18 22 26 43 15 14 46 35 51 ==108.0
17 12       17 18 22 24 27 28 29 30 31 32 33 34 12 ==188.0
17 13       17 18 22 24 27 28 29 30 31 32 33 34 12 13 ==198.0
17 14       17 18 22 26 43 15 14 ==58.0
17 15       17 18 22 26 43 15 ==54.0
17 18       17 18 ==4.0
17 22       17 18 22 ==25.0
17 23       17 18 22 24 27 28 29 30 31 32 33 34 12 13 23 ==206.0
17 24       17 18 22 24 ==51.0
17 25       17 18 22 26 43 15 14 46 36 38 39 40 41 42 25 ==206.0
17 26       17 18 22 26 ==42.0
17 27       17 18 22 24 27 ==55.0
17 28       17 18 22 24 27 28 ==82.0
17 29       17 18 22 24 27 28 29 ==95.0
17 30       17 18 22 24 27 28 29 30 ==101.0
17 31       17 18 22 24 27 28 29 30 31 ==105.0
17 32       17 18 22 24 27 28 29 30 31 32 ==109.0
17 33       17 18 22 24 27 28 29 30 31 32 33 ==137.0
17 34       17 18 22 24 27 28 29 30 31 32 33 34 ==159.0
17 35       17 18 22 26 43 15 14 46 35 ==89.0
17 36       17 18 22 26 43 15 14 46 36 ==99.0
17 37       17 18 22 24 27 28 29 30 31 32 37 ==146.0
17 38       17 18 22 26 43 15 14 46 36 38 ==131.0
17 39       17 18 22 26 43 15 14 46 36 38 39 ==152.0
17 40       17 18 22 26 43 15 14 46 36 38 39 40 ==166.0
17 41       17 18 22 26 43 15 14 46 36 38 39 40 41 ==170.0
17 42       17 18 22 26 43 15 14 46 36 38 39 40 41 42 ==196.0
17 43       17 18 22 26 43 ==46.0
17 44       17 18 22 26 43 15 14 46 36 44 ==118.0
17 45       17 18 22 24 27 45 ==71.0
17 46       17 18 22 26 43 15 14 46 ==62.0
17 47       17 18 22 24 27 28 47 ==92.0
17 48       17 18 22 24 27 45 48 ==81.0
17 49       17 18 22 24 27 28 29 30 31 32 37 49 ==156.0
17 50       17 18 22 26 43 15 14 46 36 44 50 ==128.0
17 51       17 18 22 26 43 15 14 46 35 51 ==99.0
18 12       18 22 24 27 28 29 30 31 32 33 34 12 ==184.0
18 13       18 22 24 27 28 29 30 31 32 33 34 12 13 ==194.0
18 14       18 22 26 43 15 14 ==54.0
18 15       18 22 26 43 15 ==50.0
18 22       18 22 ==21.0
18 23       18 22 24 27 28 29 30 31 32 33 34 12 13 23 ==202.0
18 24       18 22 24 ==47.0
18 25       18 22 26 43 15 14 46 36 38 39 40 41 42 25 ==202.0
18 26       18 22 26 ==38.0
18 27       18 22 24 27 ==51.0
18 28       18 22 24 27 28 ==78.0
18 29       18 22 24 27 28 29 ==91.0
18 30       18 22 24 27 28 29 30 ==97.0
18 31       18 22 24 27 28 29 30 31 ==101.0
18 32       18 22 24 27 28 29 30 31 32 ==105.0
18 33       18 22 24 27 28 29 30 31 32 33 ==133.0
18 34       18 22 24 27 28 29 30 31 32 33 34 ==155.0
18 35       18 22 26 43 15 14 46 35 ==85.0
18 36       18 22 26 43 15 14 46 36 ==95.0
18 37       18 22 24 27 28 29 30 31 32 37 ==142.0
18 38       18 22 26 43 15 14 46 36 38 ==127.0
18 39       18 22 26 43 15 14 46 36 38 39 ==148.0
18 40       18 22 26 43 15 14 46 36 38 39 40 ==162.0
18 41       18 22 26 43 15 14 46 36 38 39 40 41 ==166.0
18 42       18 22 26 43 15 14 46 36 38 39 40 41 42 ==192.0
18 43       18 22 26 43 ==42.0
18 44       18 22 26 43 15 14 46 36 44 ==114.0
18 45       18 22 24 27 45 ==67.0
18 46       18 22 26 43 15 14 46 ==58.0
18 47       18 22 24 27 28 47 ==88.0
18 48       18 22 24 27 45 48 ==77.0
18 49       18 22 24 27 28 29 30 31 32 37 49 ==152.0
18 50       18 22 26 43 15 14 46 36 44 50 ==124.0
18 51       18 22 26 43 15 14 46 35 51 ==95.0
19 12       19 18 22 24 27 28 29 30 31 32 33 34 12 ==191.0
19 13       19 18 22 24 27 28 29 30 31 32 33 34 12 13 ==201.0
19 14       19 25 26 43 15 14 ==59.0
19 15       19 25 26 43 15 ==55.0
19 18       19 18 ==7.0
19 22       19 18 22 ==28.0
19 23       19 18 22 24 27 28 29 30 31 32 33 34 12 13 23 ==209.0
19 24       19 18 22 24 ==54.0
19 25       19 25 ==35.0
19 26       19 25 26 ==43.0
19 27       19 18 22 24 27 ==58.0
19 28       19 18 22 24 27 28 ==85.0
19 29       19 18 22 24 27 28 29 ==98.0
19 30       19 18 22 24 27 28 29 30 ==104.0
19 31       19 18 22 24 27 28 29 30 31 ==108.0
19 32       19 18 22 24 27 28 29 30 31 32 ==112.0
19 33       19 18 22 24 27 28 29 30 31 32 33 ==140.0
19 34       19 18 22 24 27 28 29 30 31 32 33 34 ==162.0
19 35       19 25 26 43 15 14 46 35 ==90.0
19 36       19 25 26 43 15 14 46 36 ==100.0
19 37       19 18 22 24 27 28 29 30 31 32 37 ==149.0
19 38       19 25 26 43 15 14 46 36 38 ==132.0
19 39       19 25 26 43 15 14 46 36 38 39 ==153.0
19 40       19 25 26 43 15 14 46 36 38 39 40 ==167.0
19 41       19 25 26 43 15 14 46 36 38 39 40 41 ==171.0
19 42       19 25 26 43 15 14 46 36 38 39 40 41 42 ==197.0
19 43       19 25 26 43 ==47.0
19 44       19 25 26 43 15 14 46 36 44 ==119.0
19 45       19 18 22 24 27 45 ==74.0
19 46       19 25 26 43 15 14 46 ==63.0
19 47       19 18 22 24 27 28 47 ==95.0
19 48       19 18 22 24 27 45 48 ==84.0
19 49       19 25 26 43 15 14 46 36 38 37 49 ==159.0
19 50       19 25 26 43 15 14 46 36 44 50 ==129.0
19 51       19 25 26 43 15 14 46 35 51 ==100.0
20 10       20 10 ==7.0
20 12       20 21 23 24 27 28 29 30 31 32 33 34 12 ==188.0
20 13       20 21 23 24 27 28 29 30 31 32 33 34 12 13 ==198.0
20 14       20 10 15 14 ==47.0
20 15       20 10 15 ==43.0
20 21       20 21 ==35.0
20 23       20 21 23 ==47.0
20 24       20 21 23 24 ==51.0
20 25       20 10 15 14 46 36 38 39 40 41 42 25 ==195.0
20 26       20 10 15 14 46 36 38 39 40 41 42 25 26 ==203.0
20 27       20 21 23 24 27 ==55.0
20 28       20 21 23 24 27 28 ==82.0
20 29       20 21 23 24 27 28 29 ==95.0
20 30       20 21 23 24 27 28 29 30 ==101.0
20 31       20 21 23 24 27 28 29 30 31 ==105.0
20 32       20 21 23 24 27 28 29 30 31 32 ==109.0
20 33       20 21 23 24 27 28 29 30 31 32 33 ==137.0
20 34       20 21 23 24 27 28 29 30 31 32 33 34 ==159.0
20 35       20 10 15 14 46 35 ==78.0
20 36       20 10 15 14 46 36 ==88.0
20 37       20 10 15 14 46 36 38 37 ==146.0
20 38       20 10 15 14 46 36 38 ==120.0
20 39       20 10 15 14 46 36 38 39 ==141.0
20 40       20 10 15 14 46 36 38 39 40 ==155.0
20 41       20 10 15 14 46 36 38 39 40 41 ==159.0
20 42       20 10 15 14 46 36 38 39 40 41 42 ==185.0
20 43       20 21 23 24 27 28 29 30 31 43 ==145.0
20 44       20 10 15 14 46 36 44 ==107.0
20 45       20 21 23 24 27 45 ==71.0
20 46       20 10 15 14 46 ==51.0
20 47       20 21 23 24 27 28 47 ==92.0
20 48       20 21 23 24 27 45 48 ==81.0
20 49       20 21 23 24 27 28 29 30 31 32 37 49 ==156.0
20 50       20 10 15 14 46 36 44 50 ==117.0
20 51       20 10 15 14 46 35 51 ==88.0
21 12       21 23 24 27 28 29 30 31 32 33 34 12 ==153.0
21 13       21 23 24 27 28 29 30 31 32 33 34 12 13 ==163.0
21 14       21 23 24 27 28 29 30 31 43 15 14 ==122.0
21 15       21 23 24 27 28 29 30 31 43 15 ==118.0
21 23       21 23 ==12.0
21 24       21 23 24 ==16.0
21 25       21 23 24 27 28 29 30 31 43 15 14 46 36 38 39 40 41 42 25 ==270.0
21 26       21 23 24 27 28 29 30 31 43 15 14 46 36 38 39 40 41 42 25 26 ==278.0
21 27       21 23 24 27 ==20.0
21 28       21 23 24 27 28 ==47.0
21 29       21 23 24 27 28 29 ==60.0
21 30       21 23 24 27 28 29 30 ==66.0
21 31       21 23 24 27 28 29 30 31 ==70.0
21 32       21 23 24 27 28 29 30 31 32 ==74.0
21 33       21 23 24 27 28 29 30 31 32 33 ==102.0
21 34       21 23 24 27 28 29 30 31 32 33 34 ==124.0
21 35       21 23 24 27 28 29 30 31 32 33 34 35 ==143.0
21 36       21 23 24 27 28 29 30 31 43 15 14 46 36 ==163.0
21 37       21 23 24 27 28 29 30 31 32 37 ==111.0
21 38       21 23 24 27 28 29 30 31 43 15 14 46 36 38 ==195.0
21 39       21 23 24 27 28 29 30 31 43 15 14 46 36 38 39 ==216.0
21 40       21 23 24 27 28 29 30 31 43 15 14 46 36 38 39 40 ==230.0
21 41       21 23 24 27 28 29 30 31 43 15 14 46 36 38 39 40 41 ==234.0
21 42       21 23 24 27 28 29 30 31 43 15 14 46 36 38 39 40 41 42 ==260.0
21 43       21 23 24 27 28 29 30 31 43 ==110.0
21 44       21 23 24 27 28 29 30 31 32 33 44 ==126.0
21 45       21 23 24 27 45 ==36.0
21 46       21 23 24 27 28 29 30 31 43 15 14 46 ==126.0
21 47       21 23 24 27 28 47 ==57.0
21 48       21 23 24 27 45 48 ==46.0
21 49       21 23 24 27 28 29 30 31 32 37 49 ==121.0
21 50       21 23 24 27 28 29 30 31 32 33 44 50 ==136.0
21 51       21 23 24 27 28 29 30 31 43 15 14 46 35 51 ==153.0
22 12       22 24 27 28 29 30 31 32 33 34 12 ==163.0
22 13       22 24 27 28 29 30 31 32 33 34 12 13 ==173.0
22 14       22 26 43 15 14 ==33.0
22 15       22 26 43 15 ==29.0
22 23       22 24 27 28 29 30 31 32 33 34 12 13 23 ==181.0
22 24       22 24 ==26.0
22 25       22 26 43 15 14 46 36 38 39 40 41 42 25 ==181.0
22 26       22 26 ==17.0
22 27       22 24 27 ==30.0
22 28       22 24 27 28 ==57.0
22 29       22 24 27 28 29 ==70.0
22 30       22 24 27 28 29 30 ==76.0
22 31       22 24 27 28 29 30 31 ==80.0
22 32       22 24 27 28 29 30 31 32 ==84.0
22 33       22 24 27 28 29 30 31 32 33 ==112.0
22 34       22 24 27 28 29 30 31 32 33 34 ==134.0
22 35       22 26 43 15 14 46 35 ==64.0
22 36       22 26 43 15 14 46 36 ==74.0
22 37       22 24 27 28 29 30 31 32 37 ==121.0
22 38       22 26 43 15 14 46 36 38 ==106.0
22 39       22 26 43 15 14 46 36 38 39 ==127.0
22 40       22 26 43 15 14 46 36 38 39 40 ==141.0
22 41       22 26 43 15 14 46 36 38 39 40 41 ==145.0
22 42       22 26 43 15 14 46 36 38 39 40 41 42 ==171.0
22 43       22 26 43 ==21.0
22 44       22 26 43 15 14 46 36 44 ==93.0
22 45       22 24 27 45 ==46.0
22 46       22 26 43 15 14 46 ==37.0
22 47       22 24 27 28 47 ==67.0
22 48       22 24 27 45 48 ==56.0
22 49       22 24 27 28 29 30 31 32 37 49 ==131.0
22 50       22 26 43 15 14 46 36 44 50 ==103.0
22 51       22 26 43 15 14 46 35 51 ==74.0
23 12       23 24 27 28 29 30 31 32 33 34 12 ==141.0
23 13       23 24 27 28 29 30 31 32 33 34 12 13 ==151.0
23 14       23 24 27 28 29 30 31 43 15 14 ==110.0
23 15       23 24 27 28 29 30 31 43 15 ==106.0
23 24       23 24 ==4.0
23 25       23 24 27 28 29 30 31 43 15 14 46 36 38 39 40 41 42 25 ==258.0
23 26       23 24 27 28 29 30 31 43 15 14 46 36 38 39 40 41 42 25 26 ==266.0
23 27       23 24 27 ==8.0
23 28       23 24 27 28 ==35.0
23 29       23 24 27 28 29 ==48.0
23 30       23 24 27 28 29 30 ==54.0
23 31       23 24 27 28 29 30 31 ==58.0
23 32       23 24 27 28 29 30 31 32 ==62.0
23 33       23 24 27 28 29 30 31 32 33 ==90.0
23 34       23 24 27 28 29 30 31 32 33 34 ==112.0
23 35       23 24 27 28 29 30 31 32 33 34 35 ==131.0
23 36       23 24 27 28 29 30 31 43 15 14 46 36 ==151.0
23 37       23 24 27 28 29 30 31 32 37 ==99.0
23 38       23 24 27 28 29 30 31 43 15 14 46 36 38 ==183.0
23 39       23 24 27 28 29 30 31 43 15 14 46 36 38 39 ==204.0
23 40       23 24 27 28 29 30 31 43 15 14 46 36 38 39 40 ==218.0
23 41       23 24 27 28 29 30 31 43 15 14 46 36 38 39 40 41 ==222.0
23 42       23 24 27 28 29 30 31 43 15 14 46 36 38 39 40 41 42 ==248.0
23 43       23 24 27 28 29 30 31 43 ==98.0
23 44       23 24 27 28 29 30 31 32 33 44 ==114.0
23 45       23 24 27 45 ==24.0
23 46       23 24 27 28 29 30 31 43 15 14 46 ==114.0
23 47       23 24 27 28 47 ==45.0
23 48       23 24 27 45 48 ==34.0
23 49       23 24 27 28 29 30 31 32 37 49 ==109.0
23 50       23 24 27 28 29 30 31 32 33 44 50 ==124.0
23 51       23 24 27 28 29 30 31 43 15 14 46 35 51 ==141.0
24 12       24 27 28 29 30 31 32 33 34 12 ==137.0
24 13       24 27 28 29 30 31 32 33 34 12 13 ==147.0
24 14       24 27 28 29 30 31 43 15 14 ==106.0
24 15       24 27 28 29 30 31 43 15 ==102.0
24 23       24 27 28 29 30 31 32 33 34 12 13 23 ==155.0
24 25       24 27 28 29 30 31 43 15 14 46 36 38 39 40 41 42 25 ==254.0
24 26       24 27 28 29 30 31 43 15 14 46 36 38 39 40 41 42 25 26 ==262.0
24 27       24 27 ==4.0
24 28       24 27 28 ==31.0
24 29       24 27 28 29 ==44.0
24 30       24 27 28 29 30 ==50.0
24 31       24 27 28 29 30 31 ==54.0
24 32       24 27 28 29 30 31 32 ==58.0
24 33       24 27 28 29 30 31 32 33 ==86.0
24 34       24 27 28 29 30 31 32 33 34 ==108.0
24 35       24 27 28 29 30 31 32 33 34 35 ==127.0
24 36       24 27 28 29 30 31 43 15 14 46 36 ==147.0
24 37       24 27 28 29 30 31 32 37 ==95.0
24 38       24 27 28 29 30 31 43 15 14 46 36 38 ==179.0
24 39       24 27 28 29 30 31 43 15 14 46 36 38 39 ==200.0
24 40       24 27 28 29 30 31 43 15 14 46 36 38 39 40 ==214.0
24 41       24 27 28 29 30 31 43 15 14 46 36 38 39 40 41 ==218.0
24 42       24 27 28 29 30 31 43 15 14 46 36 38 39 40 41 42 ==244.0
24 43       24 27 28 29 30 31 43 ==94.0
24 44       24 27 28 29 30 31 32 33 44 ==110.0
24 45       24 27 45 ==20.0
24 46       24 27 28 29 30 31 43 15 14 46 ==110.0
24 47       24 27 28 47 ==41.0
24 48       24 27 45 48 ==30.0
24 49       24 27 28 29 30 31 32 37 49 ==105.0
24 50       24 27 28 29 30 31 32 33 44 50 ==120.0
24 51       24 27 28 29 30 31 43 15 14 46 35 51 ==137.0
25 12       25 26 43 15 14 46 36 38 39 40 41 42 30 31 32 33 34 12 ==282.0
25 13       25 26 43 15 14 46 36 38 39 40 41 42 30 31 32 33 34 12 13 ==292.0
25 14       25 26 43 15 14 ==24.0
25 15       25 26 43 15 ==20.0
25 23       25 26 43 15 14 46 36 38 39 40 41 42 30 31 32 33 34 12 13 23 ==300.0
25 24       25 26 43 15 14 46 36 38 39 40 41 42 30 31 32 33 34 12 13 23 24 ==304.0
25 26       25 26 ==8.0
25 27       25 26 43 15 14 46 36 38 39 40 41 42 30 31 32 33 34 12 13 23 24 27 ==308.0
25 28       25 26 43 15 14 46 36 38 39 40 41 42 30 31 32 33 34 12 13 23 24 27 28 ==335.0
25 29       25 26 43 15 14 46 36 38 39 40 41 42 30 31 32 33 34 12 13 23 24 27 28 29 ==348.0
25 30       25 26 43 15 14 46 36 38 39 40 41 42 30 ==195.0
25 31       25 26 43 15 14 46 36 38 39 40 41 42 30 31 ==199.0
25 32       25 26 43 15 14 46 36 38 39 40 41 42 30 31 32 ==203.0
25 33       25 26 43 15 14 46 36 38 39 40 41 42 30 31 32 33 ==231.0
25 34       25 26 43 15 14 46 36 38 39 40 41 42 30 31 32 33 34 ==253.0
25 35       25 26 43 15 14 46 35 ==55.0
25 36       25 26 43 15 14 46 36 ==65.0
25 37       25 26 43 15 14 46 36 38 37 ==129.0
25 38       25 26 43 15 14 46 36 38 ==97.0
25 39       25 26 43 15 14 46 36 38 39 ==118.0
25 40       25 26 43 15 14 46 36 38 39 40 ==132.0
25 41       25 26 43 15 14 46 36 38 39 40 41 ==136.0
25 42       25 26 43 15 14 46 36 38 39 40 41 42 ==162.0
25 43       25 26 43 ==12.0
25 44       25 26 43 15 14 46 36 44 ==84.0
25 45       25 26 43 15 14 46 36 38 39 40 41 45 ==160.0
25 46       25 26 43 15 14 46 ==28.0
25 47       25 26 43 15 14 46 36 38 39 47 ==128.0
25 48       25 26 43 15 14 46 36 38 39 40 41 45 48 ==170.0
25 49       25 26 43 15 14 46 36 38 37 49 ==139.0
25 50       25 26 43 15 14 46 36 44 50 ==94.0
25 51       25 26 43 15 14 46 35 51 ==65.0
26 12       26 43 15 14 46 36 38 39 40 41 42 30 31 32 33 34 12 ==274.0
26 13       26 43 15 14 46 36 38 39 40 41 42 30 31 32 33 34 12 13 ==284.0
26 14       26 43 15 14 ==16.0
26 15       26 43 15 ==12.0
26 23       26 43 15 14 46 36 38 39 40 41 42 30 31 32 33 34 12 13 23 ==292.0
26 24       26 43 15 14 46 36 38 39 40 41 42 30 31 32 33 34 12 13 23 24 ==296.0
26 25       26 43 15 14 46 36 38 39 40 41 42 25 ==164.0
26 27       26 43 15 14 46 36 38 39 40 41 42 30 31 32 33 34 12 13 23 24 27 ==300.0
26 28       26 43 15 14 46 36 38 39 40 41 42 30 31 32 33 34 12 13 23 24 27 28 ==327.0
26 29       26 43 15 14 46 36 38 39 40 41 42 30 31 32 33 34 12 13 23 24 27 28 29 ==340.0
26 30       26 43 15 14 46 36 38 39 40 41 42 30 ==187.0
26 31       26 43 15 14 46 36 38 39 40 41 42 30 31 ==191.0
26 32       26 43 15 14 46 36 38 39 40 41 42 30 31 32 ==195.0
26 33       26 43 15 14 46 36 38 39 40 41 42 30 31 32 33 ==223.0
26 34       26 43 15 14 46 36 38 39 40 41 42 30 31 32 33 34 ==245.0
26 35       26 43 15 14 46 35 ==47.0
26 36       26 43 15 14 46 36 ==57.0
26 37       26 43 15 14 46 36 38 37 ==121.0
26 38       26 43 15 14 46 36 38 ==89.0
26 39       26 43 15 14 46 36 38 39 ==110.0
26 40       26 43 15 14 46 36 38 39 40 ==124.0
26 41       26 43 15 14 46 36 38 39 40 41 ==128.0
26 42       26 43 15 14 46 36 38 39 40 41 42 ==154.0
26 43       26 43 ==4.0
26 44       26 43 15 14 46 36 44 ==76.0
26 45       26 43 15 14 46 36 38 39 40 41 45 ==152.0
26 46       26 43 15 14 46 ==20.0
26 47       26 43 15 14 46 36 38 39 47 ==120.0
26 48       26 43 15 14 46 36 38 39 40 41 45 48 ==162.0
26 49       26 43 15 14 46 36 38 37 49 ==131.0
26 50       26 43 15 14 46 36 44 50 ==86.0
26 51       26 43 15 14 46 35 51 ==57.0
27 12       27 28 29 30 31 32 33 34 12 ==133.0
27 13       27 28 29 30 31 32 33 34 12 13 ==143.0
27 14       27 28 29 30 31 43 15 14 ==102.0
27 15       27 28 29 30 31 43 15 ==98.0
27 23       27 28 29 30 31 32 33 34 12 13 23 ==151.0
27 24       27 28 29 30 31 32 33 34 12 13 23 24 ==155.0
27 25       27 28 29 30 31 43 15 14 46 36 38 39 40 41 42 25 ==250.0
27 26       27 28 29 30 31 43 15 14 46 36 38 39 40 41 42 25 26 ==258.0
27 28       27 28 ==27.0
27 29       27 28 29 ==40.0
27 30       27 28 29 30 ==46.0
27 31       27 28 29 30 31 ==50.0
27 32       27 28 29 30 31 32 ==54.0
27 33       27 28 29 30 31 32 33 ==82.0
27 34       27 28 29 30 31 32 33 34 ==104.0
27 35       27 28 29 30 31 32 33 34 35 ==123.0
27 36       27 28 29 30 31 43 15 14 46 36 ==143.0
27 37       27 28 29 30 31 32 37 ==91.0
27 38       27 28 29 30 31 43 15 14 46 36 38 ==175.0
27 39       27 28 29 30 31 43 15 14 46 36 38 39 ==196.0
27 40       27 28 29 30 31 43 15 14 46 36 38 39 40 ==210.0
27 41       27 28 29 30 31 43 15 14 46 36 38 39 40 41 ==214.0
27 42       27 28 29 30 31 43 15 14 46 36 38 39 40 41 42 ==240.0
27 43       27 28 29 30 31 43 ==90.0
27 44       27 28 29 30 31 32 33 44 ==106.0
27 45       27 45 ==16.0
27 46       27 28 29 30 31 43 15 14 46 ==106.0
27 47       27 28 47 ==37.0
27 48       27 45 48 ==26.0
27 49       27 28 29 30 31 32 37 49 ==101.0
27 50       27 28 29 30 31 32 33 44 50 ==116.0
27 51       27 28 29 30 31 43 15 14 46 35 51 ==133.0
28 12       28 29 30 31 32 33 34 12 ==106.0
28 13       28 29 30 31 32 33 34 12 13 ==116.0
28 14       28 29 30 31 43 15 14 ==75.0
28 15       28 29 30 31 43 15 ==71.0
28 23       28 29 30 31 32 33 34 12 13 23 ==124.0
28 24       28 29 30 31 32 33 34 12 13 23 24 ==128.0
28 25       28 29 30 31 43 15 14 46 36 38 39 40 41 42 25 ==223.0
28 26       28 29 30 31 43 15 14 46 36 38 39 40 41 42 25 26 ==231.0
28 27       28 29 30 31 32 33 34 12 13 23 24 27 ==132.0
28 29       28 29 ==13.0
28 30       28 29 30 ==19.0
28 31       28 29 30 31 ==23.0
28 32       28 29 30 31 32 ==27.0
28 33       28 29 30 31 32 33 ==55.0
28 34       28 29 30 31 32 33 34 ==77.0
28 35       28 29 30 31 32 33 34 35 ==96.0
28 36       28 29 30 31 43 15 14 46 36 ==116.0
28 37       28 29 30 31 32 37 ==64.0
28 38       28 29 30 31 43 15 14 46 36 38 ==148.0
28 39       28 29 30 31 43 15 14 46 36 38 39 ==169.0
28 40       28 29 30 31 43 15 14 46 36 38 39 40 ==183.0
28 41       28 29 30 31 43 15 14 46 36 38 39 40 41 ==187.0
28 42       28 29 30 31 43 15 14 46 36 38 39 40 41 42 ==213.0
28 43       28 29 30 31 43 ==63.0
28 44       28 29 30 31 32 33 44 ==79.0
28 45       28 29 30 31 32 33 34 12 13 23 24 27 45 ==148.0
28 46       28 29 30 31 43 15 14 46 ==79.0
28 47       28 47 ==10.0
28 48       28 29 30 31 32 33 34 12 13 23 24 27 45 48 ==158.0
28 49       28 29 30 31 32 37 49 ==74.0
28 50       28 29 30 31 32 33 44 50 ==89.0
28 51       28 29 30 31 43 15 14 46 35 51 ==106.0
29 12       29 30 31 32 33 34 12 ==93.0
29 13       29 30 31 32 33 34 12 13 ==103.0
29 14       29 30 31 43 15 14 ==62.0
29 15       29 30 31 43 15 ==58.0
29 23       29 30 31 32 33 34 12 13 23 ==111.0
29 24       29 30 31 32 33 34 12 13 23 24 ==115.0
29 25       29 30 31 43 15 14 46 36 38 39 40 41 42 25 ==210.0
29 26       29 30 31 43 15 14 46 36 38 39 40 41 42 25 26 ==218.0
29 27       29 30 31 32 33 34 12 13 23 24 27 ==119.0
29 28       29 30 31 32 33 34 12 13 23 24 27 28 ==146.0
29 30       29 30 ==6.0
29 31       29 30 31 ==10.0
29 32       29 30 31 32 ==14.0
29 33       29 30 31 32 33 ==42.0
29 34       29 30 31 32 33 34 ==64.0
29 35       29 30 31 32 33 34 35 ==83.0
29 36       29 30 31 43 15 14 46 36 ==103.0
29 37       29 30 31 32 37 ==51.0
29 38       29 30 31 43 15 14 46 36 38 ==135.0
29 39       29 30 31 43 15 14 46 36 38 39 ==156.0
29 40       29 30 31 43 15 14 46 36 38 39 40 ==170.0
29 41       29 30 31 43 15 14 46 36 38 39 40 41 ==174.0
29 42       29 30 31 43 15 14 46 36 38 39 40 41 42 ==200.0
29 43       29 30 31 43 ==50.0
29 44       29 30 31 32 33 44 ==66.0
29 45       29 30 31 32 33 34 12 13 23 24 27 45 ==135.0
29 46       29 30 31 43 15 14 46 ==66.0
29 47       29 30 31 32 33 34 12 13 23 24 27 28 47 ==156.0
29 48       29 30 31 32 33 34 12 13 23 24 27 45 48 ==145.0
29 49       29 30 31 32 37 49 ==61.0
29 50       29 30 31 32 33 44 50 ==76.0
29 51       29 30 31 43 15 14 46 35 51 ==93.0
30 12       30 31 32 33 34 12 ==87.0
30 13       30 31 32 33 34 12 13 ==97.0
30 14       30 31 43 15 14 ==56.0
30 15       30 31 43 15 ==52.0
30 23       30 31 32 33 34 12 13 23 ==105.0
30 24       30 31 32 33 34 12 13 23 24 ==109.0
30 25       30 31 43 15 14 46 36 38 39 40 41 42 25 ==204.0
30 26       30 31 43 15 14 46 36 38 39 40 41 42 25 26 ==212.0
30 27       30 31 32 33 34 12 13 23 24 27 ==113.0
30 28       30 31 32 33 34 12 13 23 24 27 28 ==140.0
30 29       30 31 32 33 34 12 13 23 24 27 28 29 ==153.0
30 31       30 31 ==4.0
30 32       30 31 32 ==8.0
30 33       30 31 32 33 ==36.0
30 34       30 31 32 33 34 ==58.0
30 35       30 31 32 33 34 35 ==77.0
30 36       30 31 43 15 14 46 36 ==97.0
30 37       30 31 32 37 ==45.0
30 38       30 31 43 15 14 46 36 38 ==129.0
30 39       30 31 43 15 14 46 36 38 39 ==150.0
30 40       30 31 43 15 14 46 36 38 39 40 ==164.0
30 41       30 31 43 15 14 46 36 38 39 40 41 ==168.0
30 42       30 31 43 15 14 46 36 38 39 40 41 42 ==194.0
30 43       30 31 43 ==44.0
30 44       30 31 32 33 44 ==60.0
30 45       30 31 32 33 34 12 13 23 24 27 45 ==129.0
30 46       30 31 43 15 14 46 ==60.0
30 47       30 31 32 33 34 12 13 23 24 27 28 47 ==150.0
30 48       30 31 32 33 34 12 13 23 24 27 45 48 ==139.0
30 49       30 31 32 37 49 ==55.0
30 50       30 31 32 33 44 50 ==70.0
30 51       30 31 43 15 14 46 35 51 ==87.0
31 12       31 32 33 34 12 ==83.0
31 13       31 32 33 34 12 13 ==93.0
31 14       31 43 15 14 ==52.0
31 15       31 43 15 ==48.0
31 23       31 32 33 34 12 13 23 ==101.0
31 24       31 32 33 34 12 13 23 24 ==105.0
31 25       31 43 15 14 46 36 38 39 40 41 42 25 ==200.0
31 26       31 43 15 14 46 36 38 39 40 41 42 25 26 ==208.0
31 27       31 32 33 34 12 13 23 24 27 ==109.0
31 28       31 32 33 34 12 13 23 24 27 28 ==136.0
31 29       31 32 33 34 12 13 23 24 27 28 29 ==149.0
31 30       31 32 33 34 12 13 23 24 27 28 29 30 ==155.0
31 32       31 32 ==4.0
31 33       31 32 33 ==32.0
31 34       31 32 33 34 ==54.0
31 35       31 32 33 34 35 ==73.0
31 36       31 43 15 14 46 36 ==93.0
31 37       31 32 37 ==41.0
31 38       31 43 15 14 46 36 38 ==125.0
31 39       31 43 15 14 46 36 38 39 ==146.0
31 40       31 43 15 14 46 36 38 39 40 ==160.0
31 41       31 43 15 14 46 36 38 39 40 41 ==164.0
31 42       31 43 15 14 46 36 38 39 40 41 42 ==190.0
31 43       31 43 ==40.0
31 44       31 32 33 44 ==56.0
31 45       31 32 33 34 12 13 23 24 27 45 ==125.0
31 46       31 43 15 14 46 ==56.0
31 47       31 32 33 34 12 13 23 24 27 28 47 ==146.0
31 48       31 32 33 34 12 13 23 24 27 45 48 ==135.0
31 49       31 32 37 49 ==51.0
31 50       31 32 33 44 50 ==66.0
31 51       31 43 15 14 46 35 51 ==83.0
32 12       32 33 34 12 ==79.0
32 13       32 33 34 12 13 ==89.0
32 14       32 33 34 12 13 23 24 27 28 29 30 31 43 15 14 ==207.0
32 15       32 33 34 12 13 23 24 27 28 29 30 31 43 15 ==203.0
32 23       32 33 34 12 13 23 ==97.0
32 24       32 33 34 12 13 23 24 ==101.0
32 25       32 33 34 12 13 23 24 27 28 29 30 31 43 15 14 46 36 38 39 40 41 42 25 ==355.0
32 26       32 33 34 12 13 23 24 27 28 29 30 31 43 15 14 46 36 38 39 40 41 42 25 26 ==363.0
32 27       32 33 34 12 13 23 24 27 ==105.0
32 28       32 33 34 12 13 23 24 27 28 ==132.0
32 29       32 33 34 12 13 23 24 27 28 29 ==145.0
32 30       32 33 34 12 13 23 24 27 28 29 30 ==151.0
32 31       32 33 34 12 13 23 24 27 28 29 30 31 ==155.0
32 33       32 33 ==28.0
32 34       32 33 34 ==50.0
32 35       32 33 34 35 ==69.0
32 36       32 33 34 12 13 23 24 27 28 29 30 31 43 15 14 46 36 ==248.0
32 37       32 37 ==37.0
32 38       32 33 34 12 13 23 24 27 28 29 30 31 43 15 14 46 36 38 ==280.0
32 39       32 33 34 12 13 23 24 27 28 29 30 31 43 15 14 46 36 38 39 ==301.0
32 40       32 33 34 12 13 23 24 27 28 29 30 31 43 15 14 46 36 38 39 40 ==315.0
32 41       32 33 34 12 13 23 24 27 28 29 30 31 43 15 14 46 36 38 39 40 41 ==319.0
32 42       32 33 34 12 13 23 24 27 28 29 30 31 43 15 14 46 36 38 39 40 41 42 ==345.0
32 43       32 33 34 12 13 23 24 27 28 29 30 31 43 ==195.0
32 44       32 33 44 ==52.0
32 45       32 33 34 12 13 23 24 27 45 ==121.0
32 46       32 33 34 12 13 23 24 27 28 29 30 31 43 15 14 46 ==211.0
32 47       32 33 34 12 13 23 24 27 28 47 ==142.0
32 48       32 33 34 12 13 23 24 27 45 48 ==131.0
32 49       32 37 49 ==47.0
32 50       32 33 44 50 ==62.0
32 51       32 33 34 35 51 ==79.0
33 12       33 34 12 ==51.0
33 13       33 34 12 13 ==61.0
33 14       33 34 12 13 23 24 27 28 29 30 31 43 15 14 ==179.0
33 15       33 34 12 13 23 24 27 28 29 30 31 43 15 ==175.0
33 23       33 34 12 13 23 ==69.0
33 24       33 34 12 13 23 24 ==73.0
33 25       33 34 12 13 23 24 27 28 29 30 31 43 15 14 46 36 38 39 40 41 42 25 ==327.0
33 26       33 34 12 13 23 24 27 28 29 30 31 43 15 14 46 36 38 39 40 41 42 25 26 ==335.0
33 27       33 34 12 13 23 24 27 ==77.0
33 28       33 34 12 13 23 24 27 28 ==104.0
33 29       33 34 12 13 23 24 27 28 29 ==117.0
33 30       33 34 12 13 23 24 27 28 29 30 ==123.0
33 31       33 34 12 13 23 24 27 28 29 30 31 ==127.0
33 32       33 34 12 13 23 24 27 28 29 30 31 32 ==131.0
33 34       33 34 ==22.0
33 35       33 34 35 ==41.0
33 36       33 34 12 13 23 24 27 28 29 30 31 43 15 14 46 36 ==220.0
33 37       33 34 12 13 23 24 27 28 29 30 31 32 37 ==168.0
33 38       33 34 12 13 23 24 27 28 29 30 31 43 15 14 46 36 38 ==252.0
33 39       33 34 12 13 23 24 27 28 29 30 31 43 15 14 46 36 38 39 ==273.0
33 40       33 34 12 13 23 24 27 28 29 30 31 43 15 14 46 36 38 39 40 ==287.0
33 41       33 34 12 13 23 24 27 28 29 30 31 43 15 14 46 36 38 39 40 41 ==291.0
33 42       33 34 12 13 23 24 27 28 29 30 31 43 15 14 46 36 38 39 40 41 42 ==317.0
33 43       33 34 12 13 23 24 27 28 29 30 31 43 ==167.0
33 44       33 44 ==24.0
33 45       33 34 12 13 23 24 27 45 ==93.0
33 46       33 34 12 13 23 24 27 28 29 30 31 43 15 14 46 ==183.0
33 47       33 34 12 13 23 24 27 28 47 ==114.0
33 48       33 34 12 13 23 24 27 45 48 ==103.0
33 49       33 34 12 13 23 24 27 28 29 30 31 32 37 49 ==178.0
33 50       33 44 50 ==34.0
33 51       33 34 35 51 ==51.0
34 12       34 12 ==29.0
34 13       34 12 13 ==39.0
34 14       34 12 13 23 24 27 28 29 30 31 43 15 14 ==157.0
34 15       34 12 13 23 24 27 28 29 30 31 43 15 ==153.0
34 23       34 12 13 23 ==47.0
34 24       34 12 13 23 24 ==51.0
34 25       34 12 13 23 24 27 28 29 30 31 43 15 14 46 36 38 39 40 41 42 25 ==305.0
34 26       34 12 13 23 24 27 28 29 30 31 43 15 14 46 36 38 39 40 41 42 25 26 ==313.0
34 27       34 12 13 23 24 27 ==55.0
34 28       34 12 13 23 24 27 28 ==82.0
34 29       34 12 13 23 24 27 28 29 ==95.0
34 30       34 12 13 23 24 27 28 29 30 ==101.0
34 31       34 12 13 23 24 27 28 29 30 31 ==105.0
34 32       34 12 13 23 24 27 28 29 30 31 32 ==109.0
34 33       34 12 13 23 24 27 28 29 30 31 32 33 ==137.0
34 35       34 35 ==19.0
34 36       34 12 13 23 24 27 28 29 30 31 43 15 14 46 36 ==198.0
34 37       34 12 13 23 24 27 28 29 30 31 32 37 ==146.0
34 38       34 12 13 23 24 27 28 29 30 31 43 15 14 46 36 38 ==230.0
34 39       34 12 13 23 24 27 28 29 30 31 43 15 14 46 36 38 39 ==251.0
34 40       34 12 13 23 24 27 28 29 30 31 43 15 14 46 36 38 39 40 ==265.0
34 41       34 12 13 23 24 27 28 29 30 31 43 15 14 46 36 38 39 40 41 ==269.0
34 42       34 12 13 23 24 27 28 29 30 31 43 15 14 46 36 38 39 40 41 42 ==295.0
34 43       34 12 13 23 24 27 28 29 30 31 43 ==145.0
34 44       34 12 13 23 24 27 28 29 30 31 32 33 44 ==161.0
34 45       34 12 13 23 24 27 45 ==71.0
34 46       34 12 13 23 24 27 28 29 30 31 43 15 14 46 ==161.0
34 47       34 12 13 23 24 27 28 47 ==92.0
34 48       34 12 13 23 24 27 45 48 ==81.0
34 49       34 12 13 23 24 27 28 29 30 31 32 37 49 ==156.0
34 50       34 12 13 23 24 27 28 29 30 31 32 33 44 50 ==171.0
34 51       34 35 51 ==29.0
35 51       35 51 ==10.0
36 12       36 38 39 40 41 42 30 31 32 33 34 12 ==217.0
36 13       36 38 39 40 41 42 30 31 32 33 34 12 13 ==227.0
36 14       36 38 39 40 41 42 25 26 43 15 14 ==131.0
36 15       36 38 39 40 41 42 25 26 43 15 ==127.0
36 23       36 38 39 40 41 42 30 31 32 33 34 12 13 23 ==235.0
36 24       36 38 39 40 41 42 30 31 32 33 34 12 13 23 24 ==239.0
36 25       36 38 39 40 41 42 25 ==107.0
36 26       36 38 39 40 41 42 25 26 ==115.0
36 27       36 38 39 40 41 42 30 31 32 33 34 12 13 23 24 27 ==243.0
36 28       36 38 39 40 41 42 30 31 32 33 34 12 13 23 24 27 28 ==270.0
36 29       36 38 39 40 41 42 30 31 32 33 34 12 13 23 24 27 28 29 ==283.0
36 30       36 38 39 40 41 42 30 ==130.0
36 31       36 38 39 40 41 42 30 31 ==134.0
36 32       36 38 39 40 41 42 30 31 32 ==138.0
36 33       36 38 39 40 41 42 30 31 32 33 ==166.0
36 34       36 38 39 40 41 42 30 31 32 33 34 ==188.0
36 35       36 38 39 40 41 42 25 26 43 15 14 46 35 ==162.0
36 37       36 38 37 ==64.0
36 38       36 38 ==32.0
36 39       36 38 39 ==53.0
36 40       36 38 39 40 ==67.0
36 41       36 38 39 40 41 ==71.0
36 42       36 38 39 40 41 42 ==97.0
36 43       36 38 39 40 41 42 25 26 43 ==119.0
36 44       36 44 ==19.0
36 45       36 38 39 40 41 45 ==95.0
36 46       36 38 39 40 41 42 25 26 43 15 14 46 ==135.0
36 47       36 38 39 47 ==63.0
36 48       36 38 39 40 41 45 48 ==105.0
36 49       36 38 37 49 ==74.0
36 50       36 44 50 ==29.0
36 51       36 38 39 40 41 42 25 26 43 15 14 46 35 51 ==172.0
37 49       37 49 ==10.0
38 12       38 39 40 41 42 30 31 32 33 34 12 ==185.0
38 13       38 39 40 41 42 30 31 32 33 34 12 13 ==195.0
38 14       38 39 40 41 42 25 26 43 15 14 ==99.0
38 15       38 39 40 41 42 25 26 43 15 ==95.0
38 23       38 39 40 41 42 30 31 32 33 34 12 13 23 ==203.0
38 24       38 39 40 41 42 30 31 32 33 34 12 13 23 24 ==207.0
38 25       38 39 40 41 42 25 ==75.0
38 26       38 39 40 41 42 25 26 ==83.0
38 27       38 39 40 41 42 30 31 32 33 34 12 13 23 24 27 ==211.0
38 28       38 39 40 41 42 30 31 32 33 34 12 13 23 24 27 28 ==238.0
38 29       38 39 40 41 42 30 31 32 33 34 12 13 23 24 27 28 29 ==251.0
38 30       38 39 40 41 42 30 ==98.0
38 31       38 39 40 41 42 30 31 ==102.0
38 32       38 39 40 41 42 30 31 32 ==106.0
38 33       38 39 40 41 42 30 31 32 33 ==134.0
38 34       38 39 40 41 42 30 31 32 33 34 ==156.0
38 35       38 39 40 41 42 25 26 43 15 14 46 35 ==130.0
38 36       38 39 40 41 42 25 26 43 15 14 46 36 ==140.0
38 37       38 37 ==32.0
38 39       38 39 ==21.0
38 40       38 39 40 ==35.0
38 41       38 39 40 41 ==39.0
38 42       38 39 40 41 42 ==65.0
38 43       38 39 40 41 42 25 26 43 ==87.0
38 44       38 39 40 41 42 30 31 32 33 44 ==158.0
38 45       38 39 40 41 45 ==63.0
38 46       38 39 40 41 42 25 26 43 15 14 46 ==103.0
38 47       38 39 47 ==31.0
38 48       38 39 40 41 45 48 ==73.0
38 49       38 37 49 ==42.0
38 50       38 39 40 41 42 30 31 32 33 44 50 ==168.0
38 51       38 39 40 41 42 25 26 43 15 14 46 35 51 ==140.0
39 12       39 40 41 42 30 31 32 33 34 12 ==164.0
39 13       39 40 41 42 30 31 32 33 34 12 13 ==174.0
39 14       39 40 41 42 25 26 43 15 14 ==78.0
39 15       39 40 41 42 25 26 43 15 ==74.0
39 23       39 40 41 42 30 31 32 33 34 12 13 23 ==182.0
39 24       39 40 41 42 30 31 32 33 34 12 13 23 24 ==186.0
39 25       39 40 41 42 25 ==54.0
39 26       39 40 41 42 25 26 ==62.0
39 27       39 40 41 42 30 31 32 33 34 12 13 23 24 27 ==190.0
39 28       39 40 41 42 30 31 32 33 34 12 13 23 24 27 28 ==217.0
39 29       39 40 41 42 30 31 32 33 34 12 13 23 24 27 28 29 ==230.0
39 30       39 40 41 42 30 ==77.0
39 31       39 40 41 42 30 31 ==81.0
39 32       39 40 41 42 30 31 32 ==85.0
39 33       39 40 41 42 30 31 32 33 ==113.0
39 34       39 40 41 42 30 31 32 33 34 ==135.0
39 35       39 40 41 42 25 26 43 15 14 46 35 ==109.0
39 36       39 40 41 42 25 26 43 15 14 46 36 ==119.0
39 37       39 40 41 42 30 31 32 37 ==122.0
39 38       39 40 41 42 25 26 43 15 14 46 36 38 ==151.0
39 40       39 40 ==14.0
39 41       39 40 41 ==18.0
39 42       39 40 41 42 ==44.0
39 43       39 40 41 42 25 26 43 ==66.0
39 44       39 40 41 42 30 31 32 33 44 ==137.0
39 45       39 40 41 45 ==42.0
39 46       39 40 41 42 25 26 43 15 14 46 ==82.0
39 47       39 47 ==10.0
39 48       39 40 41 45 48 ==52.0
39 49       39 40 41 42 30 31 32 37 49 ==132.0
39 50       39 40 41 42 30 31 32 33 44 50 ==147.0
39 51       39 40 41 42 25 26 43 15 14 46 35 51 ==119.0
40 12       40 41 42 30 31 32 33 34 12 ==150.0
40 13       40 41 42 30 31 32 33 34 12 13 ==160.0
40 14       40 41 42 25 26 43 15 14 ==64.0
40 15       40 41 42 25 26 43 15 ==60.0
40 23       40 41 42 30 31 32 33 34 12 13 23 ==168.0
40 24       40 41 42 30 31 32 33 34 12 13 23 24 ==172.0
40 25       40 41 42 25 ==40.0
40 26       40 41 42 25 26 ==48.0
40 27       40 41 42 30 31 32 33 34 12 13 23 24 27 ==176.0
40 28       40 41 42 30 31 32 33 34 12 13 23 24 27 28 ==203.0
40 29       40 41 42 30 31 32 33 34 12 13 23 24 27 28 29 ==216.0
40 30       40 41 42 30 ==63.0
40 31       40 41 42 30 31 ==67.0
40 32       40 41 42 30 31 32 ==71.0
40 33       40 41 42 30 31 32 33 ==99.0
40 34       40 41 42 30 31 32 33 34 ==121.0
40 35       40 41 42 25 26 43 15 14 46 35 ==95.0
40 36       40 41 42 25 26 43 15 14 46 36 ==105.0
40 37       40 41 42 30 31 32 37 ==108.0
40 38       40 41 42 25 26 43 15 14 46 36 38 ==137.0
40 39       40 41 42 25 26 43 15 14 46 36 38 39 ==158.0
40 41       40 41 ==4.0
40 42       40 41 42 ==30.0
40 43       40 41 42 25 26 43 ==52.0
40 44       40 41 42 30 31 32 33 44 ==123.0
40 45       40 41 45 ==28.0
40 46       40 41 42 25 26 43 15 14 46 ==68.0
40 47       40 41 42 25 26 43 15 14 46 36 38 39 47 ==168.0
40 48       40 41 45 48 ==38.0
40 49       40 41 42 30 31 32 37 49 ==118.0
40 50       40 41 42 30 31 32 33 44 50 ==133.0
40 51       40 41 42 25 26 43 15 14 46 35 51 ==105.0
41 12       41 42 30 31 32 33 34 12 ==146.0
41 13       41 42 30 31 32 33 34 12 13 ==156.0
41 14       41 42 25 26 43 15 14 ==60.0
41 15       41 42 25 26 43 15 ==56.0
41 23       41 42 30 31 32 33 34 12 13 23 ==164.0
41 24       41 42 30 31 32 33 34 12 13 23 24 ==168.0
41 25       41 42 25 ==36.0
41 26       41 42 25 26 ==44.0
41 27       41 42 30 31 32 33 34 12 13 23 24 27 ==172.0
41 28       41 42 30 31 32 33 34 12 13 23 24 27 28 ==199.0
41 29       41 42 30 31 32 33 34 12 13 23 24 27 28 29 ==212.0
41 30       41 42 30 ==59.0
41 31       41 42 30 31 ==63.0
41 32       41 42 30 31 32 ==67.0
41 33       41 42 30 31 32 33 ==95.0
41 34       41 42 30 31 32 33 34 ==117.0
41 35       41 42 25 26 43 15 14 46 35 ==91.0
41 36       41 42 25 26 43 15 14 46 36 ==101.0
41 37       41 42 30 31 32 37 ==104.0
41 38       41 42 25 26 43 15 14 46 36 38 ==133.0
41 39       41 42 25 26 43 15 14 46 36 38 39 ==154.0
41 40       41 42 25 26 43 15 14 46 36 38 39 40 ==168.0
41 42       41 42 ==26.0
41 43       41 42 25 26 43 ==48.0
41 44       41 42 30 31 32 33 44 ==119.0
41 45       41 45 ==24.0
41 46       41 42 25 26 43 15 14 46 ==64.0
41 47       41 42 25 26 43 15 14 46 36 38 39 47 ==164.0
41 48       41 45 48 ==34.0
41 49       41 42 30 31 32 37 49 ==114.0
41 50       41 42 30 31 32 33 44 50 ==129.0
41 51       41 42 25 26 43 15 14 46 35 51 ==101.0
42 12       42 30 31 32 33 34 12 ==120.0
42 13       42 30 31 32 33 34 12 13 ==130.0
42 14       42 25 26 43 15 14 ==34.0
42 15       42 25 26 43 15 ==30.0
42 23       42 30 31 32 33 34 12 13 23 ==138.0
42 24       42 30 31 32 33 34 12 13 23 24 ==142.0
42 25       42 25 ==10.0
42 26       42 25 26 ==18.0
42 27       42 30 31 32 33 34 12 13 23 24 27 ==146.0
42 28       42 30 31 32 33 34 12 13 23 24 27 28 ==173.0
42 29       42 30 31 32 33 34 12 13 23 24 27 28 29 ==186.0
42 30       42 30 ==33.0
42 31       42 30 31 ==37.0
42 32       42 30 31 32 ==41.0
42 33       42 30 31 32 33 ==69.0
42 34       42 30 31 32 33 34 ==91.0
42 35       42 25 26 43 15 14 46 35 ==65.0
42 36       42 25 26 43 15 14 46 36 ==75.0
42 37       42 30 31 32 37 ==78.0
42 38       42 25 26 43 15 14 46 36 38 ==107.0
42 39       42 25 26 43 15 14 46 36 38 39 ==128.0
42 40       42 25 26 43 15 14 46 36 38 39 40 ==142.0
42 41       42 25 26 43 15 14 46 36 38 39 40 41 ==146.0
42 43       42 25 26 43 ==22.0
42 44       42 30 31 32 33 44 ==93.0
42 45       42 30 31 32 33 34 12 13 23 24 27 45 ==162.0
42 46       42 25 26 43 15 14 46 ==38.0
42 47       42 25 26 43 15 14 46 36 38 39 47 ==138.0
42 48       42 30 31 32 33 34 12 13 23 24 27 45 48 ==172.0
42 49       42 30 31 32 37 49 ==88.0
42 50       42 30 31 32 33 44 50 ==103.0
42 51       42 25 26 43 15 14 46 35 51 ==75.0
43 12       43 15 14 46 36 38 39 40 41 42 30 31 32 33 34 12 ==270.0
43 13       43 15 14 46 36 38 39 40 41 42 30 31 32 33 34 12 13 ==280.0
43 14       43 15 14 ==12.0
43 15       43 15 ==8.0
43 23       43 15 14 46 36 38 39 40 41 42 30 31 32 33 34 12 13 23 ==288.0
43 24       43 15 14 46 36 38 39 40 41 42 30 31 32 33 34 12 13 23 24 ==292.0
43 25       43 15 14 46 36 38 39 40 41 42 25 ==160.0
43 26       43 15 14 46 36 38 39 40 41 42 25 26 ==168.0
43 27       43 15 14 46 36 38 39 40 41 42 30 31 32 33 34 12 13 23 24 27 ==296.0
43 28       43 15 14 46 36 38 39 40 41 42 30 31 32 33 34 12 13 23 24 27 28 ==323.0
43 29       43 15 14 46 36 38 39 40 41 42 30 31 32 33 34 12 13 23 24 27 28 29 ==336.0
43 30       43 15 14 46 36 38 39 40 41 42 30 ==183.0
43 31       43 15 14 46 36 38 39 40 41 42 30 31 ==187.0
43 32       43 15 14 46 36 38 39 40 41 42 30 31 32 ==191.0
43 33       43 15 14 46 36 38 39 40 41 42 30 31 32 33 ==219.0
43 34       43 15 14 46 36 38 39 40 41 42 30 31 32 33 34 ==241.0
43 35       43 15 14 46 35 ==43.0
43 36       43 15 14 46 36 ==53.0
43 37       43 15 14 46 36 38 37 ==117.0
43 38       43 15 14 46 36 38 ==85.0
43 39       43 15 14 46 36 38 39 ==106.0
43 40       43 15 14 46 36 38 39 40 ==120.0
43 41       43 15 14 46 36 38 39 40 41 ==124.0
43 42       43 15 14 46 36 38 39 40 41 42 ==150.0
43 44       43 15 14 46 36 44 ==72.0
43 45       43 15 14 46 36 38 39 40 41 45 ==148.0
43 46       43 15 14 46 ==16.0
43 47       43 15 14 46 36 38 39 47 ==116.0
43 48       43 15 14 46 36 38 39 40 41 45 48 ==158.0
43 49       43 15 14 46 36 38 37 49 ==127.0
43 50       43 15 14 46 36 44 50 ==82.0
43 51       43 15 14 46 35 51 ==53.0
44 50       44 50 ==10.0
45 48       45 48 ==10.0
46 12       46 36 38 39 40 41 42 30 31 32 33 34 12 ==254.0
46 13       46 36 38 39 40 41 42 30 31 32 33 34 12 13 ==264.0
46 14       46 36 38 39 40 41 42 25 26 43 15 14 ==168.0
46 15       46 36 38 39 40 41 42 25 26 43 15 ==164.0
46 23       46 36 38 39 40 41 42 30 31 32 33 34 12 13 23 ==272.0
46 24       46 36 38 39 40 41 42 30 31 32 33 34 12 13 23 24 ==276.0
46 25       46 36 38 39 40 41 42 25 ==144.0
46 26       46 36 38 39 40 41 42 25 26 ==152.0
46 27       46 36 38 39 40 41 42 30 31 32 33 34 12 13 23 24 27 ==280.0
46 28       46 36 38 39 40 41 42 30 31 32 33 34 12 13 23 24 27 28 ==307.0
46 29       46 36 38 39 40 41 42 30 31 32 33 34 12 13 23 24 27 28 29 ==320.0
46 30       46 36 38 39 40 41 42 30 ==167.0
46 31       46 36 38 39 40 41 42 30 31 ==171.0
46 32       46 36 38 39 40 41 42 30 31 32 ==175.0
46 33       46 36 38 39 40 41 42 30 31 32 33 ==203.0
46 34       46 36 38 39 40 41 42 30 31 32 33 34 ==225.0
46 35       46 35 ==27.0
46 36       46 36 ==37.0
46 37       46 36 38 37 ==101.0
46 38       46 36 38 ==69.0
46 39       46 36 38 39 ==90.0
46 40       46 36 38 39 40 ==104.0
46 41       46 36 38 39 40 41 ==108.0
46 42       46 36 38 39 40 41 42 ==134.0
46 43       46 36 38 39 40 41 42 25 26 43 ==156.0
46 44       46 36 44 ==56.0
46 45       46 36 38 39 40 41 45 ==132.0
46 47       46 36 38 39 47 ==100.0
46 48       46 36 38 39 40 41 45 48 ==142.0
46 49       46 36 38 37 49 ==111.0
46 50       46 36 44 50 ==66.0
46 51       46 35 51 ==37.0
52 12       52 29 30 31 32 33 34 12 ==103.0
52 13       52 29 30 31 32 33 34 12 13 ==113.0
52 14       52 29 30 31 43 15 14 ==72.0
52 15       52 29 30 31 43 15 ==68.0
52 23       52 29 30 31 32 33 34 12 13 23 ==121.0
52 24       52 29 30 31 32 33 34 12 13 23 24 ==125.0
52 25       52 40 41 42 25 ==50.0
52 26       52 40 41 42 25 26 ==58.0
52 27       52 29 30 31 32 33 34 12 13 23 24 27 ==129.0
52 28       52 29 30 31 32 33 34 12 13 23 24 27 28 ==156.0
52 29       52 29 ==10.0
52 30       52 29 30 ==16.0
52 31       52 29 30 31 ==20.0
52 32       52 29 30 31 32 ==24.0
52 33       52 29 30 31 32 33 ==52.0
52 34       52 29 30 31 32 33 34 ==74.0
52 35       52 29 30 31 32 33 34 35 ==93.0
52 36       52 29 30 31 43 15 14 46 36 ==113.0
52 37       52 29 30 31 32 37 ==61.0
52 38       52 29 30 31 43 15 14 46 36 38 ==145.0
52 39       52 29 30 31 43 15 14 46 36 38 39 ==166.0
52 40       52 40 ==10.0
52 41       52 40 41 ==14.0
52 42       52 40 41 42 ==40.0
52 43       52 29 30 31 43 ==60.0
52 44       52 29 30 31 32 33 44 ==76.0
52 45       52 40 41 45 ==38.0
52 46       52 29 30 31 43 15 14 46 ==76.0
52 47       52 29 30 31 32 33 34 12 13 23 24 27 28 47 ==166.0
52 48       52 40 41 45 48 ==48.0
52 49       52 29 30 31 32 37 49 ==71.0
52 50       52 29 30 31 32 33 44 50 ==86.0
52 51       52 29 30 31 43 15 14 46 35 51 ==103.0
53 10       53 20 10 ==17.0
53 12       53 20 21 23 24 27 28 29 30 31 32 33 34 12 ==198.0
53 13       53 20 21 23 24 27 28 29 30 31 32 33 34 12 13 ==208.0
53 14       53 20 10 15 14 ==57.0
53 15       53 20 10 15 ==53.0
53 20       53 20 ==10.0
53 21       53 20 21 ==45.0
53 23       53 20 21 23 ==57.0
53 24       53 20 21 23 24 ==61.0
53 25       53 20 10 15 14 46 36 38 39 40 41 42 25 ==205.0
53 26       53 20 10 15 14 46 36 38 39 40 41 42 25 26 ==213.0
53 27       53 20 21 23 24 27 ==65.0
53 28       53 20 21 23 24 27 28 ==92.0
53 29       53 20 21 23 24 27 28 29 ==105.0
53 30       53 20 21 23 24 27 28 29 30 ==111.0
53 31       53 20 21 23 24 27 28 29 30 31 ==115.0
53 32       53 20 21 23 24 27 28 29 30 31 32 ==119.0
53 33       53 20 21 23 24 27 28 29 30 31 32 33 ==147.0
53 34       53 20 21 23 24 27 28 29 30 31 32 33 34 ==169.0
53 35       53 20 10 15 14 46 35 ==88.0
53 36       53 20 10 15 14 46 36 ==98.0
53 37       53 20 10 15 14 46 36 38 37 ==156.0
53 38       53 20 10 15 14 46 36 38 ==130.0
53 39       53 20 10 15 14 46 36 38 39 ==151.0
53 40       53 20 10 15 14 46 36 38 39 40 ==165.0
53 41       53 20 10 15 14 46 36 38 39 40 41 ==169.0
53 42       53 20 10 15 14 46 36 38 39 40 41 42 ==195.0
53 43       53 20 21 23 24 27 28 29 30 31 43 ==155.0
53 44       53 20 10 15 14 46 36 44 ==117.0
53 45       53 20 21 23 24 27 45 ==81.0
53 46       53 20 10 15 14 46 ==61.0
53 47       53 20 21 23 24 27 28 47 ==102.0
53 48       53 20 21 23 24 27 45 48 ==91.0
53 49       53 20 21 23 24 27 28 29 30 31 32 37 49 ==166.0
53 50       53 20 10 15 14 46 36 44 50 ==127.0
53 51       53 20 10 15 14 46 35 51 ==98.0
0 6       0 6 ==8.0
0 8       0 6 8 ==15.0
0 11       0 6 8 11 ==23.0
0 12       0 6 12 ==33.0
0 13       0 6 12 13 ==43.0
0 14       0 6 8 11 14 ==55.0
0 15       0 6 12 13 23 24 27 28 29 30 31 43 15 ==157.0
0 23       0 6 12 13 23 ==51.0
0 24       0 6 12 13 23 24 ==55.0
0 25       0 6 8 11 14 46 36 38 39 40 41 42 25 ==203.0
0 26       0 6 8 11 14 46 36 38 39 40 41 42 25 26 ==211.0
0 27       0 6 12 13 23 24 27 ==59.0
0 28       0 6 12 13 23 24 27 28 ==86.0
0 29       0 6 12 13 23 24 27 28 29 ==99.0
0 30       0 6 12 13 23 24 27 28 29 30 ==105.0
0 31       0 6 12 13 23 24 27 28 29 30 31 ==109.0
0 32       0 6 12 13 23 24 27 28 29 30 31 32 ==113.0
0 33       0 6 12 13 23 24 27 28 29 30 31 32 33 ==141.0
0 34       0 6 12 13 23 24 27 28 29 30 31 32 33 34 ==163.0
0 35       0 6 8 11 14 46 35 ==86.0
0 36       0 6 8 11 14 46 36 ==96.0
0 37       0 6 8 11 14 46 36 38 37 ==150.0
0 38       0 6 8 11 14 46 36 38 ==128.0
0 39       0 6 8 11 14 46 36 38 39 ==149.0
0 40       0 6 8 11 14 46 36 38 39 40 ==163.0
0 41       0 6 8 11 14 46 36 38 39 40 41 ==167.0
0 42       0 6 8 11 14 46 36 38 39 40 41 42 ==193.0
0 43       0 6 12 13 23 24 27 28 29 30 31 43 ==149.0
0 44       0 6 8 11 14 46 36 44 ==115.0
0 45       0 6 12 13 23 24 27 45 ==75.0
0 46       0 6 8 11 14 46 ==59.0
0 47       0 6 12 13 23 24 27 28 47 ==96.0
0 48       0 6 12 13 23 24 27 45 48 ==85.0
0 49       0 6 12 13 23 24 27 28 29 30 31 32 37 49 ==160.0
0 50       0 6 8 11 14 46 36 44 50 ==125.0
0 51       0 6 8 11 14 46 35 51 ==96.0
1 7       1 7 ==12.0
1 8       1 7 8 ==16.0
1 11       1 7 8 11 ==24.0
1 12       1 7 8 11 13 23 24 27 28 29 30 31 32 33 34 12 ==201.0
1 13       1 7 8 11 13 ==52.0
1 14       1 7 8 11 14 ==56.0
1 15       1 7 8 11 13 23 24 27 28 29 30 31 43 15 ==166.0
1 23       1 7 8 11 13 23 ==60.0
1 24       1 7 8 11 13 23 24 ==64.0
1 25       1 7 8 11 14 46 36 38 39 40 41 42 25 ==204.0
1 26       1 7 8 11 14 46 36 38 39 40 41 42 25 26 ==212.0
1 27       1 7 8 11 13 23 24 27 ==68.0
1 28       1 7 8 11 13 23 24 27 28 ==95.0
1 29       1 7 8 11 13 23 24 27 28 29 ==108.0
1 30       1 7 8 11 13 23 24 27 28 29 30 ==114.0
1 31       1 7 8 11 13 23 24 27 28 29 30 31 ==118.0
1 32       1 7 8 11 13 23 24 27 28 29 30 31 32 ==122.0
1 33       1 7 8 11 13 23 24 27 28 29 30 31 32 33 ==150.0
1 34       1 7 8 11 13 23 24 27 28 29 30 31 32 33 34 ==172.0
1 35       1 7 8 11 14 46 35 ==87.0
1 36       1 7 8 11 14 46 36 ==97.0
1 37       1 7 8 11 14 46 36 38 37 ==159.0
1 38       1 7 8 11 14 46 36 38 ==129.0
1 39       1 7 8 11 14 46 36 38 39 ==150.0
1 40       1 7 8 11 14 46 36 38 39 40 ==164.0
1 41       1 7 8 11 14 46 36 38 39 40 41 ==168.0
1 42       1 7 8 11 14 46 36 38 39 40 41 42 ==194.0
1 43       1 7 8 11 13 23 24 27 28 29 30 31 43 ==158.0
1 44       1 7 8 11 14 46 36 44 ==116.0
1 45       1 7 8 11 13 23 24 27 45 ==84.0
1 46       1 7 8 11 14 46 ==60.0
1 47       1 7 8 11 13 23 24 27 28 47 ==105.0
1 48       1 7 8 11 13 23 24 27 45 48 ==94.0
1 49       1 7 8 11 13 23 24 27 28 29 30 31 32 37 49 ==169.0
1 50       1 7 8 11 14 46 36 44 50 ==126.0
1 51       1 7 8 11 14 46 35 51 ==97.0
2 7       2 9 7 ==16.0
2 8       2 9 7 8 ==20.0
2 9       2 9 ==9.0
2 10       2 9 10 ==29.0
2 11       2 9 7 8 11 ==28.0
2 12       2 9 7 8 11 13 23 24 27 28 29 30 31 32 33 34 12 ==205.0
2 13       2 9 7 8 11 13 ==56.0
2 14       2 9 7 8 11 14 ==60.0
2 15       2 9 10 15 ==65.0
2 23       2 9 7 8 11 13 23 ==64.0
2 24       2 9 7 8 11 13 23 24 ==68.0
2 25       2 9 7 8 11 14 46 36 38 39 40 41 42 25 ==208.0
2 26       2 9 7 8 11 14 46 36 38 39 40 41 42 25 26 ==216.0
2 27       2 9 7 8 11 13 23 24 27 ==72.0
2 28       2 9 7 8 11 13 23 24 27 28 ==99.0
2 29       2 9 7 8 11 13 23 24 27 28 29 ==112.0
2 30       2 9 7 8 11 13 23 24 27 28 29 30 ==118.0
2 31       2 9 7 8 11 13 23 24 27 28 29 30 31 ==122.0
2 32       2 9 7 8 11 13 23 24 27 28 29 30 31 32 ==126.0
2 33       2 9 7 8 11 13 23 24 27 28 29 30 31 32 33 ==154.0
2 34       2 9 7 8 11 13 23 24 27 28 29 30 31 32 33 34 ==176.0
2 35       2 9 7 8 11 14 46 35 ==91.0
2 36       2 9 7 8 11 14 46 36 ==101.0
2 37       2 9 7 8 11 14 46 36 38 37 ==163.0
2 38       2 9 7 8 11 14 46 36 38 ==133.0
2 39       2 9 7 8 11 14 46 36 38 39 ==154.0
2 40       2 9 7 8 11 14 46 36 38 39 40 ==168.0
2 41       2 9 7 8 11 14 46 36 38 39 40 41 ==172.0
2 42       2 9 7 8 11 14 46 36 38 39 40 41 42 ==198.0
2 43       2 9 7 8 11 13 23 24 27 28 29 30 31 43 ==162.0
2 44       2 9 7 8 11 14 46 36 44 ==120.0
2 45       2 9 7 8 11 13 23 24 27 45 ==88.0
2 46       2 9 7 8 11 14 46 ==64.0
2 47       2 9 7 8 11 13 23 24 27 28 47 ==109.0
2 48       2 9 7 8 11 13 23 24 27 45 48 ==98.0
2 49       2 9 7 8 11 13 23 24 27 28 29 30 31 32 37 49 ==173.0
2 50       2 9 7 8 11 14 46 36 44 50 ==130.0
2 51       2 9 7 8 11 14 46 35 51 ==101.0
3 12       3 16 21 23 24 27 28 29 30 31 32 33 34 12 ==201.0
3 13       3 16 21 23 24 27 28 29 30 31 32 33 34 12 13 ==211.0
3 14       3 16 17 18 22 26 43 15 14 ==71.0
3 15       3 16 17 18 22 26 43 15 ==67.0
3 16       3 16 ==4.0
3 17       3 16 17 ==13.0
3 18       3 16 17 18 ==17.0
3 21       3 16 21 ==61.0
3 22       3 16 17 18 22 ==38.0
3 23       3 16 21 23 ==73.0
3 24       3 16 17 18 22 24 ==64.0
3 25       3 16 17 18 22 26 43 15 14 46 36 38 39 40 41 42 25 ==219.0
3 26       3 16 17 18 22 26 ==55.0
3 27       3 16 21 23 24 27 ==68.0
3 28       3 16 21 23 24 27 28 ==95.0
3 29       3 16 21 23 24 27 28 29 ==108.0
3 30       3 16 21 23 24 27 28 29 30 ==114.0
3 31       3 16 21 23 24 27 28 29 30 31 ==118.0
3 32       3 16 21 23 24 27 28 29 30 31 32 ==122.0
3 33       3 16 21 23 24 27 28 29 30 31 32 33 ==150.0
3 34       3 16 21 23 24 27 28 29 30 31 32 33 34 ==172.0
3 35       3 16 17 18 22 26 43 15 14 46 35 ==102.0
3 36       3 16 17 18 22 26 43 15 14 46 36 ==112.0
3 37       3 16 21 23 24 27 28 29 30 31 32 37 ==159.0
3 38       3 16 17 18 22 26 43 15 14 46 36 38 ==144.0
3 39       3 16 17 18 22 26 43 15 14 46 36 38 39 ==165.0
3 40       3 16 17 18 22 26 43 15 14 46 36 38 39 40 ==179.0
3 41       3 16 17 18 22 26 43 15 14 46 36 38 39 40 41 ==183.0
3 42       3 16 17 18 22 26 43 15 14 46 36 38 39 40 41 42 ==209.0
3 43       3 16 17 18 22 26 43 ==59.0
3 44       3 16 17 18 22 26 43 15 14 46 36 44 ==131.0
3 45       3 16 21 23 24 27 45 ==84.0
3 46       3 16 17 18 22 26 43 15 14 46 ==75.0
3 47       3 16 21 23 24 27 28 47 ==105.0
3 48       3 16 21 23 24 27 45 48 ==94.0
3 49       3 16 21 23 24 27 28 29 30 31 32 37 49 ==169.0
3 50       3 16 17 18 22 26 43 15 14 46 36 44 50 ==141.0
3 51       3 16 17 18 22 26 43 15 14 46 35 51 ==112.0
4 12       4 17 18 22 24 27 28 29 30 31 32 33 34 12 ==197.0
4 13       4 17 18 22 24 27 28 29 30 31 32 33 34 12 13 ==207.0
4 14       4 17 18 22 26 43 15 14 ==67.0
4 15       4 17 18 22 26 43 15 ==63.0
4 17       4 17 ==9.0
4 18       4 17 18 ==13.0
4 22       4 17 18 22 ==34.0
4 23       4 17 18 22 24 27 28 29 30 31 32 33 34 12 13 23 ==215.0
4 24       4 17 18 22 24 ==60.0
4 25       4 17 18 22 26 43 15 14 46 36 38 39 40 41 42 25 ==215.0
4 26       4 17 18 22 26 ==51.0
4 27       4 17 18 22 24 27 ==64.0
4 28       4 17 18 22 24 27 28 ==91.0
4 29       4 17 18 22 24 27 28 29 ==104.0
4 30       4 17 18 22 24 27 28 29 30 ==110.0
4 31       4 17 18 22 24 27 28 29 30 31 ==114.0
4 32       4 17 18 22 24 27 28 29 30 31 32 ==118.0
4 33       4 17 18 22 24 27 28 29 30 31 32 33 ==146.0
4 34       4 17 18 22 24 27 28 29 30 31 32 33 34 ==168.0
4 35       4 17 18 22 26 43 15 14 46 35 ==98.0
4 36       4 17 18 22 26 43 15 14 46 36 ==108.0
4 37       4 17 18 22 24 27 28 29 30 31 32 37 ==155.0
4 38       4 17 18 22 26 43 15 14 46 36 38 ==140.0
4 39       4 17 18 22 26 43 15 14 46 36 38 39 ==161.0
4 40       4 17 18 22 26 43 15 14 46 36 38 39 40 ==175.0
4 41       4 17 18 22 26 43 15 14 46 36 38 39 40 41 ==179.0
4 42       4 17 18 22 26 43 15 14 46 36 38 39 40 41 42 ==205.0
4 43       4 17 18 22 26 43 ==55.0
4 44       4 17 18 22 26 43 15 14 46 36 44 ==127.0
4 45       4 17 18 22 24 27 45 ==80.0
4 46       4 17 18 22 26 43 15 14 46 ==71.0
4 47       4 17 18 22 24 27 28 47 ==101.0
4 48       4 17 18 22 24 27 45 48 ==90.0
4 49       4 17 18 22 24 27 28 29 30 31 32 37 49 ==165.0
4 50       4 17 18 22 26 43 15 14 46 36 44 50 ==137.0
4 51       4 17 18 22 26 43 15 14 46 35 51 ==108.0
5 12       5 19 18 22 24 27 28 29 30 31 32 33 34 12 ==195.0
5 13       5 19 18 22 24 27 28 29 30 31 32 33 34 12 13 ==205.0
5 14       5 19 25 26 43 15 14 ==63.0
5 15       5 19 25 26 43 15 ==59.0
5 18       5 19 18 ==11.0
5 19       5 19 ==4.0
5 22       5 19 18 22 ==32.0
5 23       5 19 18 22 24 27 28 29 30 31 32 33 34 12 13 23 ==213.0
5 24       5 19 18 22 24 ==58.0
5 25       5 19 25 ==39.0
5 26       5 19 25 26 ==47.0
5 27       5 19 18 22 24 27 ==62.0
5 28       5 19 18 22 24 27 28 ==89.0
5 29       5 19 18 22 24 27 28 29 ==102.0
5 30       5 19 18 22 24 27 28 29 30 ==108.0
5 31       5 19 18 22 24 27 28 29 30 31 ==112.0
5 32       5 19 18 22 24 27 28 29 30 31 32 ==116.0
5 33       5 19 18 22 24 27 28 29 30 31 32 33 ==144.0
5 34       5 19 18 22 24 27 28 29 30 31 32 33 34 ==166.0
5 35       5 19 25 26 43 15 14 46 35 ==94.0
5 36       5 19 25 26 43 15 14 46 36 ==104.0
5 37       5 19 18 22 24 27 28 29 30 31 32 37 ==153.0
5 38       5 19 25 26 43 15 14 46 36 38 ==136.0
5 39       5 19 25 26 43 15 14 46 36 38 39 ==157.0
5 40       5 19 25 26 43 15 14 46 36 38 39 40 ==171.0
5 41       5 19 25 26 43 15 14 46 36 38 39 40 41 ==175.0
5 42       5 19 25 26 43 15 14 46 36 38 39 40 41 42 ==201.0
5 43       5 19 25 26 43 ==51.0
5 44       5 19 25 26 43 15 14 46 36 44 ==123.0
5 45       5 19 18 22 24 27 45 ==78.0
5 46       5 19 25 26 43 15 14 46 ==67.0
5 47       5 19 18 22 24 27 28 47 ==99.0
5 48       5 19 18 22 24 27 45 48 ==88.0
5 49       5 19 25 26 43 15 14 46 36 38 37 49 ==163.0
5 50       5 19 25 26 43 15 14 46 36 44 50 ==133.0
5 51       5 19 25 26 43 15 14 46 35 51 ==104.0
6 8       6 8 ==7.0
6 11       6 8 11 ==15.0
6 12       6 12 ==25.0
6 13       6 12 13 ==35.0
6 14       6 8 11 14 ==47.0
6 15       6 12 13 23 24 27 28 29 30 31 43 15 ==149.0
6 23       6 12 13 23 ==43.0
6 24       6 12 13 23 24 ==47.0
6 25       6 8 11 14 46 36 38 39 40 41 42 25 ==195.0
6 26       6 8 11 14 46 36 38 39 40 41 42 25 26 ==203.0
6 27       6 12 13 23 24 27 ==51.0
6 28       6 12 13 23 24 27 28 ==78.0
6 29       6 12 13 23 24 27 28 29 ==91.0
6 30       6 12 13 23 24 27 28 29 30 ==97.0
6 31       6 12 13 23 24 27 28 29 30 31 ==101.0
6 32       6 12 13 23 24 27 28 29 30 31 32 ==105.0
6 33       6 12 13 23 24 27 28 29 30 31 32 33 ==133.0
6 34       6 12 13 23 24 27 28 29 30 31 32 33 34 ==155.0
6 35       6 8 11 14 46 35 ==78.0
6 36       6 8 11 14 46 36 ==88.0
6 37       6 8 11 14 46 36 38 37 ==142.0
6 38       6 8 11 14 46 36 38 ==120.0
6 39       6 8 11 14 46 36 38 39 ==141.0
6 40       6 8 11 14 46 36 38 39 40 ==155.0
6 41       6 8 11 14 46 36 38 39 40 41 ==159.0
6 42       6 8 11 14 46 36 38 39 40 41 42 ==185.0
6 43       6 12 13 23 24 27 28 29 30 31 43 ==141.0
6 44       6 8 11 14 46 36 44 ==107.0
6 45       6 12 13 23 24 27 45 ==67.0
6 46       6 8 11 14 46 ==51.0
6 47       6 12 13 23 24 27 28 47 ==88.0
6 48       6 12 13 23 24 27 45 48 ==77.0
6 49       6 12 13 23 24 27 28 29 30 31 32 37 49 ==152.0
6 50       6 8 11 14 46 36 44 50 ==117.0
6 51       6 8 11 14 46 35 51 ==88.0
7 8       7 8 ==4.0
7 11       7 8 11 ==12.0
7 12       7 8 11 13 23 24 27 28 29 30 31 32 33 34 12 ==189.0
7 13       7 8 11 13 ==40.0
7 14       7 8 11 14 ==44.0
7 15       7 8 11 13 23 24 27 28 29 30 31 43 15 ==154.0
7 23       7 8 11 13 23 ==48.0
7 24       7 8 11 13 23 24 ==52.0
7 25       7 8 11 14 46 36 38 39 40 41 42 25 ==192.0
7 26       7 8 11 14 46 36 38 39 40 41 42 25 26 ==200.0
7 27       7 8 11 13 23 24 27 ==56.0
7 28       7 8 11 13 23 24 27 28 ==83.0
7 29       7 8 11 13 23 24 27 28 29 ==96.0
7 30       7 8 11 13 23 24 27 28 29 30 ==102.0
7 31       7 8 11 13 23 24 27 28 29 30 31 ==106.0
7 32       7 8 11 13 23 24 27 28 29 30 31 32 ==110.0
7 33       7 8 11 13 23 24 27 28 29 30 31 32 33 ==138.0
7 34       7 8 11 13 23 24 27 28 29 30 31 32 33 34 ==160.0
7 35       7 8 11 14 46 35 ==75.0
7 36       7 8 11 14 46 36 ==85.0
7 37       7 8 11 14 46 36 38 37 ==147.0
7 38       7 8 11 14 46 36 38 ==117.0
7 39       7 8 11 14 46 36 38 39 ==138.0
7 40       7 8 11 14 46 36 38 39 40 ==152.0
7 41       7 8 11 14 46 36 38 39 40 41 ==156.0
7 42       7 8 11 14 46 36 38 39 40 41 42 ==182.0
7 43       7 8 11 13 23 24 27 28 29 30 31 43 ==146.0
7 44       7 8 11 14 46 36 44 ==104.0
7 45       7 8 11 13 23 24 27 45 ==72.0
7 46       7 8 11 14 46 ==48.0
7 47       7 8 11 13 23 24 27 28 47 ==93.0
7 48       7 8 11 13 23 24 27 45 48 ==82.0
7 49       7 8 11 13 23 24 27 28 29 30 31 32 37 49 ==157.0
7 50       7 8 11 14 46 36 44 50 ==114.0
7 51       7 8 11 14 46 35 51 ==85.0
8 11       8 11 ==8.0
8 12       8 11 13 23 24 27 28 29 30 31 32 33 34 12 ==185.0
8 13       8 11 13 ==36.0
8 14       8 11 14 ==40.0
8 15       8 11 13 23 24 27 28 29 30 31 43 15 ==150.0
8 23       8 11 13 23 ==44.0
8 24       8 11 13 23 24 ==48.0
8 25       8 11 14 46 36 38 39 40 41 42 25 ==188.0
8 26       8 11 14 46 36 38 39 40 41 42 25 26 ==196.0
8 27       8 11 13 23 24 27 ==52.0
8 28       8 11 13 23 24 27 28 ==79.0
8 29       8 11 13 23 24 27 28 29 ==92.0
8 30       8 11 13 23 24 27 28 29 30 ==98.0
8 31       8 11 13 23 24 27 28 29 30 31 ==102.0
8 32       8 11 13 23 24 27 28 29 30 31 32 ==106.0
8 33       8 11 13 23 24 27 28 29 30 31 32 33 ==134.0
8 34       8 11 13 23 24 27 28 29 30 31 32 33 34 ==156.0
8 35       8 11 14 46 35 ==71.0
8 36       8 11 14 46 36 ==81.0
8 37       8 11 14 46 36 38 37 ==143.0
8 38       8 11 14 46 36 38 ==113.0
8 39       8 11 14 46 36 38 39 ==134.0
8 40       8 11 14 46 36 38 39 40 ==148.0
8 41       8 11 14 46 36 38 39 40 41 ==152.0
8 42       8 11 14 46 36 38 39 40 41 42 ==178.0
8 43       8 11 13 23 24 27 28 29 30 31 43 ==142.0
8 44       8 11 14 46 36 44 ==100.0
8 45       8 11 13 23 24 27 45 ==68.0
8 46       8 11 14 46 ==44.0
8 47       8 11 13 23 24 27 28 47 ==89.0
8 48       8 11 13 23 24 27 45 48 ==78.0
8 49       8 11 13 23 24 27 28 29 30 31 32 37 49 ==153.0
8 50       8 11 14 46 36 44 50 ==110.0
8 51       8 11 14 46 35 51 ==81.0
9 7       9 7 ==7.0
9 8       9 7 8 ==11.0
9 10       9 10 ==20.0
9 11       9 7 8 11 ==19.0
9 12       9 7 8 11 13 23 24 27 28 29 30 31 32 33 34 12 ==196.0
9 13       9 7 8 11 13 ==47.0
9 14       9 7 8 11 14 ==51.0
9 15       9 10 15 ==56.0
9 23       9 7 8 11 13 23 ==55.0
9 24       9 7 8 11 13 23 24 ==59.0
9 25       9 7 8 11 14 46 36 38 39 40 41 42 25 ==199.0
9 26       9 7 8 11 14 46 36 38 39 40 41 42 25 26 ==207.0
9 27       9 7 8 11 13 23 24 27 ==63.0
9 28       9 7 8 11 13 23 24 27 28 ==90.0
9 29       9 7 8 11 13 23 24 27 28 29 ==103.0
9 30       9 7 8 11 13 23 24 27 28 29 30 ==109.0
9 31       9 7 8 11 13 23 24 27 28 29 30 31 ==113.0
9 32       9 7 8 11 13 23 24 27 28 29 30 31 32 ==117.0
9 33       9 7 8 11 13 23 24 27 28 29 30 31 32 33 ==145.0
9 34       9 7 8 11 13 23 24 27 28 29 30 31 32 33 34 ==167.0
9 35       9 7 8 11 14 46 35 ==82.0
9 36       9 7 8 11 14 46 36 ==92.0
9 37       9 7 8 11 14 46 36 38 37 ==154.0
9 38       9 7 8 11 14 46 36 38 ==124.0
9 39       9 7 8 11 14 46 36 38 39 ==145.0
9 40       9 7 8 11 14 46 36 38 39 40 ==159.0
9 41       9 7 8 11 14 46 36 38 39 40 41 ==163.0
9 42       9 7 8 11 14 46 36 38 39 40 41 42 ==189.0
9 43       9 7 8 11 13 23 24 27 28 29 30 31 43 ==153.0
9 44       9 7 8 11 14 46 36 44 ==111.0
9 45       9 7 8 11 13 23 24 27 45 ==79.0
9 46       9 7 8 11 14 46 ==55.0
9 47       9 7 8 11 13 23 24 27 28 47 ==100.0
9 48       9 7 8 11 13 23 24 27 45 48 ==89.0
9 49       9 7 8 11 13 23 24 27 28 29 30 31 32 37 49 ==164.0
9 50       9 7 8 11 14 46 36 44 50 ==121.0
9 51       9 7 8 11 14 46 35 51 ==92.0
10 12       10 15 14 46 36 38 39 40 41 42 30 31 32 33 34 12 ==298.0
10 13       10 15 14 46 36 38 39 40 41 42 30 31 32 33 34 12 13 ==308.0
10 14       10 15 14 ==40.0
10 15       10 15 ==36.0
10 23       10 15 14 46 36 38 39 40 41 42 30 31 32 33 34 12 13 23 ==316.0
10 24       10 15 14 46 36 38 39 40 41 42 30 31 32 33 34 12 13 23 24 ==320.0
10 25       10 15 14 46 36 38 39 40 41 42 25 ==188.0
10 26       10 15 14 46 36 38 39 40 41 42 25 26 ==196.0
10 27       10 15 14 46 36 38 39 40 41 42 30 31 32 33 34 12 13 23 24 27 ==324.0
10 28       10 15 14 46 36 38 39 40 41 42 30 31 32 33 34 12 13 23 24 27 28 ==351.0
10 29       10 15 14 46 36 38 39 40 41 42 30 31 32 33 34 12 13 23 24 27 28 29 ==364.0
10 30       10 15 14 46 36 38 39 40 41 42 30 ==211.0
10 31       10 15 14 46 36 38 39 40 41 42 30 31 ==215.0
10 32       10 15 14 46 36 38 39 40 41 42 30 31 32 ==219.0
10 33       10 15 14 46 36 38 39 40 41 42 30 31 32 33 ==247.0
10 34       10 15 14 46 36 38 39 40 41 42 30 31 32 33 34 ==269.0
10 35       10 15 14 46 35 ==71.0
10 36       10 15 14 46 36 ==81.0
10 37       10 15 14 46 36 38 37 ==145.0
10 38       10 15 14 46 36 38 ==113.0
10 39       10 15 14 46 36 38 39 ==134.0
10 40       10 15 14 46 36 38 39 40 ==148.0
10 41       10 15 14 46 36 38 39 40 41 ==152.0
10 42       10 15 14 46 36 38 39 40 41 42 ==178.0
10 43       10 15 14 46 36 38 39 40 41 42 25 26 43 ==200.0
10 44       10 15 14 46 36 44 ==100.0
10 45       10 15 14 46 36 38 39 40 41 45 ==176.0
10 46       10 15 14 46 ==44.0
10 47       10 15 14 46 36 38 39 47 ==144.0
10 48       10 15 14 46 36 38 39 40 41 45 48 ==186.0
10 49       10 15 14 46 36 38 37 49 ==155.0
10 50       10 15 14 46 36 44 50 ==110.0
10 51       10 15 14 46 35 51 ==81.0
11 12       11 13 23 24 27 28 29 30 31 32 33 34 12 ==177.0
11 13       11 13 ==28.0
11 14       11 14 ==32.0
11 15       11 13 23 24 27 28 29 30 31 43 15 ==142.0
11 23       11 13 23 ==36.0
11 24       11 13 23 24 ==40.0
11 25       11 14 46 36 38 39 40 41 42 25 ==180.0
11 26       11 14 46 36 38 39 40 41 42 25 26 ==188.0
11 27       11 13 23 24 27 ==44.0
11 28       11 13 23 24 27 28 ==71.0
11 29       11 13 23 24 27 28 29 ==84.0
11 30       11 13 23 24 27 28 29 30 ==90.0
11 31       11 13 23 24 27 28 29 30 31 ==94.0
11 32       11 13 23 24 27 28 29 30 31 32 ==98.0
11 33       11 13 23 24 27 28 29 30 31 32 33 ==126.0
11 34       11 13 23 24 27 28 29 30 31 32 33 34 ==148.0
11 35       11 14 46 35 ==63.0
11 36       11 14 46 36 ==73.0
11 37       11 14 46 36 38 37 ==135.0
11 38       11 14 46 36 38 ==105.0
11 39       11 14 46 36 38 39 ==126.0
11 40       11 14 46 36 38 39 40 ==140.0
11 41       11 14 46 36 38 39 40 41 ==144.0
11 42       11 14 46 36 38 39 40 41 42 ==170.0
11 43       11 13 23 24 27 28 29 30 31 43 ==134.0
11 44       11 14 46 36 44 ==92.0
11 45       11 13 23 24 27 45 ==60.0
11 46       11 14 46 ==36.0
11 47       11 13 23 24 27 28 47 ==81.0
11 48       11 13 23 24 27 45 48 ==70.0
11 49       11 13 23 24 27 28 29 30 31 32 37 49 ==145.0
11 50       11 14 46 36 44 50 ==102.0
11 51       11 14 46 35 51 ==73.0
12 13       12 13 ==10.0
12 14       12 13 23 24 27 28 29 30 31 43 15 14 ==128.0
12 15       12 13 23 24 27 28 29 30 31 43 15 ==124.0
12 23       12 13 23 ==18.0
12 24       12 13 23 24 ==22.0
12 25       12 13 23 24 27 28 29 30 31 43 15 14 46 36 38 39 40 41 42 25 ==276.0
12 26       12 13 23 24 27 28 29 30 31 43 15 14 46 36 38 39 40 41 42 25 26 ==284.0
12 27       12 13 23 24 27 ==26.0
12 28       12 13 23 24 27 28 ==53.0
12 29       12 13 23 24 27 28 29 ==66.0
12 30       12 13 23 24 27 28 29 30 ==72.0
12 31       12 13 23 24 27 28 29 30 31 ==76.0
12 32       12 13 23 24 27 28 29 30 31 32 ==80.0
12 33       12 13 23 24 27 28 29 30 31 32 33 ==108.0
12 34       12 13 23 24 27 28 29 30 31 32 33 34 ==130.0
12 35       12 13 23 24 27 28 29 30 31 32 33 34 35 ==149.0
12 36       12 13 23 24 27 28 29 30 31 43 15 14 46 36 ==169.0
12 37       12 13 23 24 27 28 29 30 31 32 37 ==117.0
12 38       12 13 23 24 27 28 29 30 31 43 15 14 46 36 38 ==201.0
12 39       12 13 23 24 27 28 29 30 31 43 15 14 46 36 38 39 ==222.0
12 40       12 13 23 24 27 28 29 30 31 43 15 14 46 36 38 39 40 ==236.0
12 41       12 13 23 24 27 28 29 30 31 43 15 14 46 36 38 39 40 41 ==240.0
12 42       12 13 23 24 27 28 29 30 31 43 15 14 46 36 38 39 40 41 42 ==266.0
12 43       12 13 23 24 27 28 29 30 31 43 ==116.0
12 44       12 13 23 24 27 28 29 30 31 32 33 44 ==132.0
12 45       12 13 23 24 27 45 ==42.0
12 46       12 13 23 24 27 28 29 30 31 43 15 14 46 ==132.0
12 47       12 13 23 24 27 28 47 ==63.0
12 48       12 13 23 24 27 45 48 ==52.0
12 49       12 13 23 24 27 28 29 30 31 32 37 49 ==127.0
12 50       12 13 23 24 27 28 29 30 31 32 33 44 50 ==142.0
12 51       12 13 23 24 27 28 29 30 31 43 15 14 46 35 51 ==159.0
13 12       13 23 24 27 28 29 30 31 32 33 34 12 ==149.0
13 14       13 23 24 27 28 29 30 31 43 15 14 ==118.0
13 15       13 23 24 27 28 29 30 31 43 15 ==114.0
13 23       13 23 ==8.0
13 24       13 23 24 ==12.0
13 25       13 23 24 27 28 29 30 31 43 15 14 46 36 38 39 40 41 42 25 ==266.0
13 26       13 23 24 27 28 29 30 31 43 15 14 46 36 38 39 40 41 42 25 26 ==274.0
13 27       13 23 24 27 ==16.0
13 28       13 23 24 27 28 ==43.0
13 29       13 23 24 27 28 29 ==56.0
13 30       13 23 24 27 28 29 30 ==62.0
13 31       13 23 24 27 28 29 30 31 ==66.0
13 32       13 23 24 27 28 29 30 31 32 ==70.0
13 33       13 23 24 27 28 29 30 31 32 33 ==98.0
13 34       13 23 24 27 28 29 30 31 32 33 34 ==120.0
13 35       13 23 24 27 28 29 30 31 32 33 34 35 ==139.0
13 36       13 23 24 27 28 29 30 31 43 15 14 46 36 ==159.0
13 37       13 23 24 27 28 29 30 31 32 37 ==107.0
13 38       13 23 24 27 28 29 30 31 43 15 14 46 36 38 ==191.0
13 39       13 23 24 27 28 29 30 31 43 15 14 46 36 38 39 ==212.0
13 40       13 23 24 27 28 29 30 31 43 15 14 46 36 38 39 40 ==226.0
13 41       13 23 24 27 28 29 30 31 43 15 14 46 36 38 39 40 41 ==230.0
13 42       13 23 24 27 28 29 30 31 43 15 14 46 36 38 39 40 41 42 ==256.0
13 43       13 23 24 27 28 29 30 31 43 ==106.0
13 44       13 23 24 27 28 29 30 31 32 33 44 ==122.0
13 45       13 23 24 27 45 ==32.0
13 46       13 23 24 27 28 29 30 31 43 15 14 46 ==122.0
13 47       13 23 24 27 28 47 ==53.0
13 48       13 23 24 27 45 48 ==42.0
13 49       13 23 24 27 28 29 30 31 32 37 49 ==117.0
13 50       13 23 24 27 28 29 30 31 32 33 44 50 ==132.0
13 51       13 23 24 27 28 29 30 31 43 15 14 46 35 51 ==149.0
14 12       14 46 36 38 39 40 41 42 30 31 32 33 34 12 ==258.0
14 13       14 46 36 38 39 40 41 42 30 31 32 33 34 12 13 ==268.0
14 15       14 46 36 38 39 40 41 42 25 26 43 15 ==168.0
14 23       14 46 36 38 39 40 41 42 30 31 32 33 34 12 13 23 ==276.0
14 24       14 46 36 38 39 40 41 42 30 31 32 33 34 12 13 23 24 ==280.0
14 25       14 46 36 38 39 40 41 42 25 ==148.0
14 26       14 46 36 38 39 40 41 42 25 26 ==156.0
14 27       14 46 36 38 39 40 41 42 30 31 32 33 34 12 13 23 24 27 ==284.0
14 28       14 46 36 38 39 40 41 42 30 31 32 33 34 12 13 23 24 27 28 ==311.0
14 29       14 46 36 38 39 40 41 42 30 31 32 33 34 12 13 23 24 27 28 29 ==324.0
14 30       14 46 36 38 39 40 41 42 30 ==171.0
14 31       14 46 36 38 39 40 41 42 30 31 ==175.0
14 32       14 46 36 38 39 40 41 42 30 31 32 ==179.0
14 33       14 46 36 38 39 40 41 42 30 31 32 33 ==207.0
14 34       14 46 36 38 39 40 41 42 30 31 32 33 34 ==229.0
14 35       14 46 35 ==31.0
14 36       14 46 36 ==41.0
14 37       14 46 36 38 37 ==105.0
14 38       14 46 36 38 ==73.0
14 39       14 46 36 38 39 ==94.0
14 40       14 46 36 38 39 40 ==108.0
14 41       14 46 36 38 39 40 41 ==112.0
14 42       14 46 36 38 39 40 41 42 ==138.0
14 43       14 46 36 38 39 40 41 42 25 26 43 ==160.0
14 44       14 46 36 44 ==60.0
14 45       14 46 36 38 39 40 41 45 ==136.0
14 46       14 46 ==4.0
14 47       14 46 36 38 39 47 ==104.0
14 48       14 46 36 38 39 40 41 45 48 ==146.0
14 49       14 46 36 38 37 49 ==115.0
14 50       14 46 36 44 50 ==70.0
14 51       14 46 35 51 ==41.0
15 12       15 14 46 36 38 39 40 41 42 30 31 32 33 34 12 ==262.0
15 13       15 14 46 36 38 39 40 41 42 30 31 32 33 34 12 13 ==272.0
15 14       15 14 ==4.0
15 23       15 14 46 36 38 39 40 41 42 30 31 32 33 34 12 13 23 ==280.0
15 24       15 14 46 36 38 39 40 41 42 30 31 32 33 34 12 13 23 24 ==284.0
15 25       15 14 46 36 38 39 40 41 42 25 ==152.0
15 26       15 14 46 36 38 39 40 41 42 25 26 ==160.0
15 27       15 14 46 36 38 39 40 41 42 30 31 32 33 34 12 13 23 24 27 ==288.0
15 28       15 14 46 36 38 39 40 41 42 30 31 32 33 34 12 13 23 24 27 28 ==315.0
15 29       15 14 46 36 38 39 40 41 42 30 31 32 33 34 12 13 23 24 27 28 29 ==328.0
15 30       15 14 46 36 38 39 40 41 42 30 ==175.0
15 31       15 14 46 36 38 39 40 41 42 30 31 ==179.0
15 32       15 14 46 36 38 39 40 41 42 30 31 32 ==183.0
15 33       15 14 46 36 38 39 40 41 42 30 31 32 33 ==211.0
15 34       15 14 46 36 38 39 40 41 42 30 31 32 33 34 ==233.0
15 35       15 14 46 35 ==35.0
15 36       15 14 46 36 ==45.0
15 37       15 14 46 36 38 37 ==109.0
15 38       15 14 46 36 38 ==77.0
15 39       15 14 46 36 38 39 ==98.0
15 40       15 14 46 36 38 39 40 ==112.0
15 41       15 14 46 36 38 39 40 41 ==116.0
15 42       15 14 46 36 38 39 40 41 42 ==142.0
15 43       15 14 46 36 38 39 40 41 42 25 26 43 ==164.0
15 44       15 14 46 36 44 ==64.0
15 45       15 14 46 36 38 39 40 41 45 ==140.0
15 46       15 14 46 ==8.0
15 47       15 14 46 36 38 39 47 ==108.0
15 48       15 14 46 36 38 39 40 41 45 48 ==150.0
15 49       15 14 46 36 38 37 49 ==119.0
15 50       15 14 46 36 44 50 ==74.0
15 51       15 14 46 35 51 ==45.0
16 12       16 21 23 24 27 28 29 30 31 32 33 34 12 ==197.0
16 13       16 21 23 24 27 28 29 30 31 32 33 34 12 13 ==207.0
16 14       16 17 18 22 26 43 15 14 ==67.0
16 15       16 17 18 22 26 43 15 ==63.0
16 17       16 17 ==9.0
16 18       16 17 18 ==13.0
16 21       16 21 ==57.0
16 22       16 17 18 22 ==34.0
16 23       16 21 23 ==69.0
16 24       16 17 18 22 24 ==60.0
16 25       16 17 18 22 26 43 15 14 46 36 38 39 40 41 42 25 ==215.0
16 26       16 17 18 22 26 ==51.0
16 27       16 21 23 24 27 ==64.0
16 28       16 21 23 24 27 28 ==91.0
16 29       16 21 23 24 27 28 29 ==104.0
16 30       16 21 23 24 27 28 29 30 ==110.0
16 31       16 21 23 24 27 28 29 30 31 ==114.0
16 32       16 21 23 24 27 28 29 30 31 32 ==118.0
16 33       16 21 23 24 27 28 29 30 31 32 33 ==146.0
16 34       16 21 23 24 27 28 29 30 31 32 33 34 ==168.0
16 35       16 17 18 22 26 43 15 14 46 35 ==98.0
16 36       16 17 18 22 26 43 15 14 46 36 ==108.0
16 37       16 21 23 24 27 28 29 30 31 32 37 ==155.0
16 38       16 17 18 22 26 43 15 14 46 36 38 ==140.0
16 39       16 17 18 22 26 43 15 14 46 36 38 39 ==161.0
16 40       16 17 18 22 26 43 15 14 46 36 38 39 40 ==175.0
16 41       16 17 18 22 26 43 15 14 46 36 38 39 40 41 ==179.0
16 42       16 17 18 22 26 43 15 14 46 36 38 39 40 41 42 ==205.0
16 43       16 17 18 22 26 43 ==55.0
16 44       16 17 18 22 26 43 15 14 46 36 44 ==127.0
16 45       16 21 23 24 27 45 ==80.0
16 46       16 17 18 22 26 43 15 14 46 ==71.0
16 47       16 21 23 24 27 28 47 ==101.0
16 48       16 21 23 24 27 45 48 ==90.0
16 49       16 21 23 24 27 28 29 30 31 32 37 49 ==165.0
16 50       16 17 18 22 26 43 15 14 46 36 44 50 ==137.0
16 51       16 17 18 22 26 43 15 14 46 35 51 ==108.0
17 12       17 18 22 24 27 28 29 30 31 32 33 34 12 ==188.0
17 13       17 18 22 24 27 28 29 30 31 32 33 34 12 13 ==198.0
17 14       17 18 22 26 43 15 14 ==58.0
17 15       17 18 22 26 43 15 ==54.0
17 18       17 18 ==4.0
17 22       17 18 22 ==25.0
17 23       17 18 22 24 27 28 29 30 31 32 33 34 12 13 23 ==206.0
17 24       17 18 22 24 ==51.0
17 25       17 18 22 26 43 15 14 46 36 38 39 40 41 42 25 ==206.0
17 26       17 18 22 26 ==42.0
17 27       17 18 22 24 27 ==55.0
17 28       17 18 22 24 27 28 ==82.0
17 29       17 18 22 24 27 28 29 ==95.0
17 30       17 18 22 24 27 28 29 30 ==101.0
17 31       17 18 22 24 27 28 29 30 31 ==105.0
17 32       17 18 22 24 27 28 29 30 31 32 ==109.0
17 33       17 18 22 24 27 28 29 30 31 32 33 ==137.0
17 34       17 18 22 24 27 28 29 30 31 32 33 34 ==159.0
17 35       17 18 22 26 43 15 14 46 35 ==89.0
17 36       17 18 22 26 43 15 14 46 36 ==99.0
17 37       17 18 22 24 27 28 29 30 31 32 37 ==146.0
17 38       17 18 22 26 43 15 14 46 36 38 ==131.0
17 39       17 18 22 26 43 15 14 46 36 38 39 ==152.0
17 40       17 18 22 26 43 15 14 46 36 38 39 40 ==166.0
17 41       17 18 22 26 43 15 14 46 36 38 39 40 41 ==170.0
17 42       17 18 22 26 43 15 14 46 36 38 39 40 41 42 ==196.0
17 43       17 18 22 26 43 ==46.0
17 44       17 18 22 26 43 15 14 46 36 44 ==118.0
17 45       17 18 22 24 27 45 ==71.0
17 46       17 18 22 26 43 15 14 46 ==62.0
17 47       17 18 22 24 27 28 47 ==92.0
17 48       17 18 22 24 27 45 48 ==81.0
17 49       17 18 22 24 27 28 29 30 31 32 37 49 ==156.0
17 50       17 18 22 26 43 15 14 46 36 44 50 ==128.0
17 51       17 18 22 26 43 15 14 46 35 51 ==99.0
18 12       18 22 24 27 28 29 30 31 32 33 34 12 ==184.0
18 13       18 22 24 27 28 29 30 31 32 33 34 12 13 ==194.0
18 14       18 22 26 43 15 14 ==54.0
18 15       18 22 26 43 15 ==50.0
18 22       18 22 ==21.0
18 23       18 22 24 27 28 29 30 31 32 33 34 12 13 23 ==202.0
18 24       18 22 24 ==47.0
18 25       18 22 26 43 15 14 46 36 38 39 40 41 42 25 ==202.0
18 26       18 22 26 ==38.0
18 27       18 22 24 27 ==51.0
18 28       18 22 24 27 28 ==78.0
18 29       18 22 24 27 28 29 ==91.0
18 30       18 22 24 27 28 29 30 ==97.0
18 31       18 22 24 27 28 29 30 31 ==101.0
18 32       18 22 24 27 28 29 30 31 32 ==105.0
18 33       18 22 24 27 28 29 30 31 32 33 ==133.0
18 34       18 22 24 27 28 29 30 31 32 33 34 ==155.0
18 35       18 22 26 43 15 14 46 35 ==85.0
18 36       18 22 26 43 15 14 46 36 ==95.0
18 37       18 22 24 27 28 29 30 31 32 37 ==142.0
18 38       18 22 26 43 15 14 46 36 38 ==127.0
18 39       18 22 26 43 15 14 46 36 38 39 ==148.0
18 40       18 22 26 43 15 14 46 36 38 39 40 ==162.0
18 41       18 22 26 43 15 14 46 36 38 39 40 41 ==166.0
18 42       18 22 26 43 15 14 46 36 38 39 40 41 42 ==192.0
18 43       18 22 26 43 ==42.0
18 44       18 22 26 43 15 14 46 36 44 ==114.0
18 45       18 22 24 27 45 ==67.0
18 46       18 22 26 43 15 14 46 ==58.0
18 47       18 22 24 27 28 47 ==88.0
18 48       18 22 24 27 45 48 ==77.0
18 49       18 22 24 27 28 29 30 31 32 37 49 ==152.0
18 50       18 22 26 43 15 14 46 36 44 50 ==124.0
18 51       18 22 26 43 15 14 46 35 51 ==95.0
19 12       19 18 22 24 27 28 29 30 31 32 33 34 12 ==191.0
19 13       19 18 22 24 27 28 29 30 31 32 33 34 12 13 ==201.0
19 14       19 25 26 43 15 14 ==59.0
19 15       19 25 26 43 15 ==55.0
19 18       19 18 ==7.0
19 22       19 18 22 ==28.0
19 23       19 18 22 24 27 28 29 30 31 32 33 34 12 13 23 ==209.0
19 24       19 18 22 24 ==54.0
19 25       19 25 ==35.0
19 26       19 25 26 ==43.0
19 27       19 18 22 24 27 ==58.0
19 28       19 18 22 24 27 28 ==85.0
19 29       19 18 22 24 27 28 29 ==98.0
19 30       19 18 22 24 27 28 29 30 ==104.0
19 31       19 18 22 24 27 28 29 30 31 ==108.0
19 32       19 18 22 24 27 28 29 30 31 32 ==112.0
19 33       19 18 22 24 27 28 29 30 31 32 33 ==140.0
19 34       19 18 22 24 27 28 29 30 31 32 33 34 ==162.0
19 35       19 25 26 43 15 14 46 35 ==90.0
19 36       19 25 26 43 15 14 46 36 ==100.0
19 37       19 18 22 24 27 28 29 30 31 32 37 ==149.0
19 38       19 25 26 43 15 14 46 36 38 ==132.0
19 39       19 25 26 43 15 14 46 36 38 39 ==153.0
19 40       19 25 26 43 15 14 46 36 38 39 40 ==167.0
19 41       19 25 26 43 15 14 46 36 38 39 40 41 ==171.0
19 42       19 25 26 43 15 14 46 36 38 39 40 41 42 ==197.0
19 43       19 25 26 43 ==47.0
19 44       19 25 26 43 15 14 46 36 44 ==119.0
19 45       19 18 22 24 27 45 ==74.0
19 46       19 25 26 43 15 14 46 ==63.0
19 47       19 18 22 24 27 28 47 ==95.0
19 48       19 18 22 24 27 45 48 ==84.0
19 49       19 25 26 43 15 14 46 36 38 37 49 ==159.0
19 50       19 25 26 43 15 14 46 36 44 50 ==129.0
19 51       19 25 26 43 15 14 46 35 51 ==100.0
20 10       20 10 ==7.0
20 12       20 21 23 24 27 28 29 30 31 32 33 34 12 ==188.0
20 13       20 21 23 24 27 28 29 30 31 32 33 34 12 13 ==198.0
20 14       20 10 15 14 ==47.0
20 15       20 10 15 ==43.0
20 21       20 21 ==35.0
20 23       20 21 23 ==47.0
20 24       20 21 23 24 ==51.0
20 25       20 10 15 14 46 36 38 39 40 41 42 25 ==195.0
20 26       20 10 15 14 46 36 38 39 40 41 42 25 26 ==203.0
20 27       20 21 23 24 27 ==55.0
20 28       20 21 23 24 27 28 ==82.0
20 29       20 21 23 24 27 28 29 ==95.0
20 30       20 21 23 24 27 28 29 30 ==101.0
20 31       20 21 23 24 27 28 29 30 31 ==105.0
20 32       20 21 23 24 27 28 29 30 31 32 ==109.0
20 33       20 21 23 24 27 28 29 30 31 32 33 ==137.0
20 34       20 21 23 24 27 28 29 30 31 32 33 34 ==159.0
20 35       20 10 15 14 46 35 ==78.0
20 36       20 10 15 14 46 36 ==88.0
20 37       20 10 15 14 46 36 38 37 ==146.0
20 38       20 10 15 14 46 36 38 ==120.0
20 39       20 10 15 14 46 36 38 39 ==141.0
20 40       20 10 15 14 46 36 38 39 40 ==155.0
20 41       20 10 15 14 46 36 38 39 40 41 ==159.0
20 42       20 10 15 14 46 36 38 39 40 41 42 ==185.0
20 43       20 21 23 24 27 28 29 30 31 43 ==145.0
20 44       20 10 15 14 46 36 44 ==107.0
20 45       20 21 23 24 27 45 ==71.0
20 46       20 10 15 14 46 ==51.0
20 47       20 21 23 24 27 28 47 ==92.0
20 48       20 21 23 24 27 45 48 ==81.0
20 49       20 21 23 24 27 28 29 30 31 32 37 49 ==156.0
20 50       20 10 15 14 46 36 44 50 ==117.0
20 51       20 10 15 14 46 35 51 ==88.0
21 12       21 23 24 27 28 29 30 31 32 33 34 12 ==153.0
21 13       21 23 24 27 28 29 30 31 32 33 34 12 13 ==163.0
21 14       21 23 24 27 28 29 30 31 43 15 14 ==122.0
21 15       21 23 24 27 28 29 30 31 43 15 ==118.0
21 23       21 23 ==12.0
21 24       21 23 24 ==16.0
21 25       21 23 24 27 28 29 30 31 43 15 14 46 36 38 39 40 41 42 25 ==270.0
21 26       21 23 24 27 28 29 30 31 43 15 14 46 36 38 39 40 41 42 25 26 ==278.0
21 27       21 23 24 27 ==20.0
21 28       21 23 24 27 28 ==47.0
21 29       21 23 24 27 28 29 ==60.0
21 30       21 23 24 27 28 29 30 ==66.0
21 31       21 23 24 27 28 29 30 31 ==70.0
21 32       21 23 24 27 28 29 30 31 32 ==74.0
21 33       21 23 24 27 28 29 30 31 32 33 ==102.0
21 34       21 23 24 27 28 29 30 31 32 33 34 ==124.0
21 35       21 23 24 27 28 29 30 31 32 33 34 35 ==143.0
21 36       21 23 24 27 28 29 30 31 43 15 14 46 36 ==163.0
21 37       21 23 24 27 28 29 30 31 32 37 ==111.0
21 38       21 23 24 27 28 29 30 31 43 15 14 46 36 38 ==195.0
21 39       21 23 24 27 28 29 30 31 43 15 14 46 36 38 39 ==216.0
21 40       21 23 24 27 28 29 30 31 43 15 14 46 36 38 39 40 ==230.0
21 41       21 23 24 27 28 29 30 31 43 15 14 46 36 38 39 40 41 ==234.0
21 42       21 23 24 27 28 29 30 31 43 15 14 46 36 38 39 40 41 42 ==260.0
21 43       21 23 24 27 28 29 30 31 43 ==110.0
21 44       21 23 24 27 28 29 30 31 32 33 44 ==126.0
21 45       21 23 24 27 45 ==36.0
21 46       21 23 24 27 28 29 30 31 43 15 14 46 ==126.0
21 47       21 23 24 27 28 47 ==57.0
21 48       21 23 24 27 45 48 ==46.0
21 49       21 23 24 27 28 29 30 31 32 37 49 ==121.0
21 50       21 23 24 27 28 29 30 31 32 33 44 50 ==136.0
21 51       21 23 24 27 28 29 30 31 43 15 14 46 35 51 ==153.0
22 12       22 24 27 28 29 30 31 32 33 34 12 ==163.0
22 13       22 24 27 28 29 30 31 32 33 34 12 13 ==173.0
22 14       22 26 43 15 14 ==33.0
22 15       22 26 43 15 ==29.0
22 23       22 24 27 28 29 30 31 32 33 34 12 13 23 ==181.0
22 24       22 24 ==26.0
22 25       22 26 43 15 14 46 36 38 39 40 41 42 25 ==181.0
22 26       22 26 ==17.0
22 27       22 24 27 ==30.0
22 28       22 24 27 28 ==57.0
22 29       22 24 27 28 29 ==70.0
22 30       22 24 27 28 29 30 ==76.0
22 31       22 24 27 28 29 30 31 ==80.0
22 32       22 24 27 28 29 30 31 32 ==84.0
22 33       22 24 27 28 29 30 31 32 33 ==112.0
22 34       22 24 27 28 29 30 31 32 33 34 ==134.0
22 35       22 26 43 15 14 46 35 ==64.0
22 36       22 26 43 15 14 46 36 ==74.0
22 37       22 24 27 28 29 30 31 32 37 ==121.0
22 38       22 26 43 15 14 46 36 38 ==106.0
22 39       22 26 43 15 14 46 36 38 39 ==127.0
22 40       22 26 43 15 14 46 36 38 39 40 ==141.0
22 41       22 26 43 15 14 46 36 38 39 40 41 ==145.0
22 42       22 26 43 15 14 46 36 38 39 40 41 42 ==171.0
22 43       22 26 43 ==21.0
22 44       22 26 43 15 14 46 36 44 ==93.0
22 45       22 24 27 45 ==46.0
22 46       22 26 43 15 14 46 ==37.0
22 47       22 24 27 28 47 ==67.0
22 48       22 24 27 45 48 ==56.0
22 49       22 24 27 28 29 30 31 32 37 49 ==131.0
22 50       22 26 43 15 14 46 36 44 50 ==103.0
22 51       22 26 43 15 14 46 35 51 ==74.0
23 12       23 24 27 28 29 30 31 32 33 34 12 ==141.0
23 13       23 24 27 28 29 30 31 32 33 34 12 13 ==151.0
23 14       23 24 27 28 29 30 31 43 15 14 ==110.0
23 15       23 24 27 28 29 30 31 43 15 ==106.0
23 24       23 24 ==4.0
23 25       23 24 27 28 29 30 31 43 15 14 46 36 38 39 40 41 42 25 ==258.0
23 26       23 24 27 28 29 30 31 43 15 14 46 36 38 39 40 41 42 25 26 ==266.0
23 27       23 24 27 ==8.0
23 28       23 24 27 28 ==35.0
23 29       23 24 27 28 29 ==48.0
23 30       23 24 27 28 29 30 ==54.0
23 31       23 24 27 28 29 30 31 ==58.0
23 32       23 24 27 28 29 30 31 32 ==62.0
23 33       23 24 27 28 29 30 31 32 33 ==90.0
23 34       23 24 27 28 29 30 31 32 33 34 ==112.0
23 35       23 24 27 28 29 30 31 32 33 34 35 ==131.0
23 36       23 24 27 28 29 30 31 43 15 14 46 36 ==151.0
23 37       23 24 27 28 29 30 31 32 37 ==99.0
23 38       23 24 27 28 29 30 31 43 15 14 46 36 38 ==183.0
23 39       23 24 27 28 29 30 31 43 15 14 46 36 38 39 ==204.0
23 40       23 24 27 28 29 30 31 43 15 14 46 36 38 39 40 ==218.0
23 41       23 24 27 28 29 30 31 43 15 14 46 36 38 39 40 41 ==222.0
23 42       23 24 27 28 29 30 31 43 15 14 46 36 38 39 40 41 42 ==248.0
23 43       23 24 27 28 29 30 31 43 ==98.0
23 44       23 24 27 28 29 30 31 32 33 44 ==114.0
23 45       23 24 27 45 ==24.0
23 46       23 24 27 28 29 30 31 43 15 14 46 ==114.0
23 47       23 24 27 28 47 ==45.0
23 48       23 24 27 45 48 ==34.0
23 49       23 24 27 28 29 30 31 32 37 49 ==109.0
23 50       23 24 27 28 29 30 31 32 33 44 50 ==124.0
23 51       23 24 27 28 29 30 31 43 15 14 46 35 51 ==141.0
24 12       24 27 28 29 30 31 32 33 34 12 ==137.0
24 13       24 27 28 29 30 31 32 33 34 12 13 ==147.0
24 14       24 27 28 29 30 31 43 15 14 ==106.0
24 15       24 27 28 29 30 31 43 15 ==102.0
24 23       24 27 28 29 30 31 32 33 34 12 13 23 ==155.0
24 25       24 27 28 29 30 31 43 15 14 46 36 38 39 40 41 42 25 ==254.0
24 26       24 27 28 29 30 31 43 15 14 46 36 38 39 40 41 42 25 26 ==262.0
24 27       24 27 ==4.0
24 28       24 27 28 ==31.0
24 29       24 27 28 29 ==44.0
24 30       24 27 28 29 30 ==50.0
24 31       24 27 28 29 30 31 ==54.0
24 32       24 27 28 29 30 31 32 ==58.0
24 33       24 27 28 29 30 31 32 33 ==86.0
24 34       24 27 28 29 30 31 32 33 34 ==108.0
24 35       24 27 28 29 30 31 32 33 34 35 ==127.0
24 36       24 27 28 29 30 31 43 15 14 46 36 ==147.0
24 37       24 27 28 29 30 31 32 37 ==95.0
24 38       24 27 28 29 30 31 43 15 14 46 36 38 ==179.0
24 39       24 27 28 29 30 31 43 15 14 46 36 38 39 ==200.0
24 40       24 27 28 29 30 31 43 15 14 46 36 38 39 40 ==214.0
24 41       24 27 28 29 30 31 43 15 14 46 36 38 39 40 41 ==218.0
24 42       24 27 28 29 30 31 43 15 14 46 36 38 39 40 41 42 ==244.0
24 43       24 27 28 29 30 31 43 ==94.0
24 44       24 27 28 29 30 31 32 33 44 ==110.0
24 45       24 27 45 ==20.0
24 46       24 27 28 29 30 31 43 15 14 46 ==110.0
24 47       24 27 28 47 ==41.0
24 48       24 27 45 48 ==30.0
24 49       24 27 28 29 30 31 32 37 49 ==105.0
24 50       24 27 28 29 30 31 32 33 44 50 ==120.0
24 51       24 27 28 29 30 31 43 15 14 46 35 51 ==137.0
25 12       25 26 43 15 14 46 36 38 39 40 41 42 30 31 32 33 34 12 ==282.0
25 13       25 26 43 15 14 46 36 38 39 40 41 42 30 31 32 33 34 12 13 ==292.0
25 14       25 26 43 15 14 ==24.0
25 15       25 26 43 15 ==20.0
25 23       25 26 43 15 14 46 36 38 39 40 41 42 30 31 32 33 34 12 13 23 ==300.0
25 24       25 26 43 15 14 46 36 38 39 40 41 42 30 31 32 33 34 12 13 23 24 ==304.0
25 26       25 26 ==8.0
25 27       25 26 43 15 14 46 36 38 39 40 41 42 30 31 32 33 34 12 13 23 24 27 ==308.0
25 28       25 26 43 15 14 46 36 38 39 40 41 42 30 31 32 33 34 12 13 23 24 27 28 ==335.0
25 29       25 26 43 15 14 46 36 38 39 40 41 42 30 31 32 33 34 12 13 23 24 27 28 29 ==348.0
25 30       25 26 43 15 14 46 36 38 39 40 41 42 30 ==195.0
25 31       25 26 43 15 14 46 36 38 39 40 41 42 30 31 ==199.0
25 32       25 26 43 15 14 46 36 38 39 40 41 42 30 31 32 ==203.0
25 33       25 26 43 15 14 46 36 38 39 40 41 42 30 31 32 33 ==231.0
25 34       25 26 43 15 14 46 36 38 39 40 41 42 30 31 32 33 34 ==253.0
25 35       25 26 43 15 14 46 35 ==55.0
25 36       25 26 43 15 14 46 36 ==65.0
25 37       25 26 43 15 14 46 36 38 37 ==129.0
25 38       25 26 43 15 14 46 36 38 ==97.0
25 39       25 26 43 15 14 46 36 38 39 ==118.0
25 40       25 26 43 15 14 46 36 38 39 40 ==132.0
25 41       25 26 43 15 14 46 36 38 39 40 41 ==136.0
25 42       25 26 43 15 14 46 36 38 39 40 41 42 ==162.0
25 43       25 26 43 ==12.0
25 44       25 26 43 15 14 46 36 44 ==84.0
25 45       25 26 43 15 14 46 36 38 39 40 41 45 ==160.0
25 46       25 26 43 15 14 46 ==28.0
25 47       25 26 43 15 14 46 36 38 39 47 ==128.0
25 48       25 26 43 15 14 46 36 38 39 40 41 45 48 ==170.0
25 49       25 26 43 15 14 46 36 38 37 49 ==139.0
25 50       25 26 43 15 14 46 36 44 50 ==94.0
25 51       25 26 43 15 14 46 35 51 ==65.0
26 12       26 43 15 14 46 36 38 39 40 41 42 30 31 32 33 34 12 ==274.0
26 13       26 43 15 14 46 36 38 39 40 41 42 30 31 32 33 34 12 13 ==284.0
26 14       26 43 15 14 ==16.0
26 15       26 43 15 ==12.0
26 23       26 43 15 14 46 36 38 39 40 41 42 30 31 32 33 34 12 13 23 ==292.0
26 24       26 43 15 14 46 36 38 39 40 41 42 30 31 32 33 34 12 13 23 24 ==296.0
26 25       26 43 15 14 46 36 38 39 40 41 42 25 ==164.0
26 27       26 43 15 14 46 36 38 39 40 41 42 30 31 32 33 34 12 13 23 24 27 ==300.0
26 28       26 43 15 14 46 36 38 39 40 41 42 30 31 32 33 34 12 13 23 24 27 28 ==327.0
26 29       26 43 15 14 46 36 38 39 40 41 42 30 31 32 33 34 12 13 23 24 27 28 29 ==340.0
26 30       26 43 15 14 46 36 38 39 40 41 42 30 ==187.0
26 31       26 43 15 14 46 36 38 39 40 41 42 30 31 ==191.0
26 32       26 43 15 14 46 36 38 39 40 41 42 30 31 32 ==195.0
26 33       26 43 15 14 46 36 38 39 40 41 42 30 31 32 33 ==223.0
26 34       26 43 15 14 46 36 38 39 40 41 42 30 31 32 33 34 ==245.0
26 35       26 43 15 14 46 35 ==47.0
26 36       26 43 15 14 46 36 ==57.0
26 37       26 43 15 14 46 36 38 37 ==121.0
26 38       26 43 15 14 46 36 38 ==89.0
26 39       26 43 15 14 46 36 38 39 ==110.0
26 40       26 43 15 14 46 36 38 39 40 ==124.0
26 41       26 43 15 14 46 36 38 39 40 41 ==128.0
26 42       26 43 15 14 46 36 38 39 40 41 42 ==154.0
26 43       26 43 ==4.0
26 44       26 43 15 14 46 36 44 ==76.0
26 45       26 43 15 14 46 36 38 39 40 41 45 ==152.0
26 46       26 43 15 14 46 ==20.0
26 47       26 43 15 14 46 36 38 39 47 ==120.0
26 48       26 43 15 14 46 36 38 39 40 41 45 48 ==162.0
26 49       26 43 15 14 46 36 38 37 49 ==131.0
26 50       26 43 15 14 46 36 44 50 ==86.0
26 51       26 43 15 14 46 35 51 ==57.0
27 12       27 28 29 30 31 32 33 34 12 ==133.0
27 13       27 28 29 30 31 32 33 34 12 13 ==143.0
27 14       27 28 29 30 31 43 15 14 ==102.0
27 15       27 28 29 30 31 43 15 ==98.0
27 23       27 28 29 30 31 32 33 34 12 13 23 ==151.0
27 24       27 28 29 30 31 32 33 34 12 13 23 24 ==155.0
27 25       27 28 29 30 31 43 15 14 46 36 38 39 40 41 42 25 ==250.0
27 26       27 28 29 30 31 43 15 14 46 36 38 39 40 41 42 25 26 ==258.0
27 28       27 28 ==27.0
27 29       27 28 29 ==40.0
27 30       27 28 29 30 ==46.0
27 31       27 28 29 30 31 ==50.0
27 32       27 28 29 30 31 32 ==54.0
27 33       27 28 29 30 31 32 33 ==82.0
27 34       27 28 29 30 31 32 33 34 ==104.0
27 35       27 28 29 30 31 32 33 34 35 ==123.0
27 36       27 28 29 30 31 43 15 14 46 36 ==143.0
27 37       27 28 29 30 31 32 37 ==91.0
27 38       27 28 29 30 31 43 15 14 46 36 38 ==175.0
27 39       27 28 29 30 31 43 15 14 46 36 38 39 ==196.0
27 40       27 28 29 30 31 43 15 14 46 36 38 39 40 ==210.0
27 41       27 28 29 30 31 43 15 14 46 36 38 39 40 41 ==214.0
27 42       27 28 29 30 31 43 15 14 46 36 38 39 40 41 42 ==240.0
27 43       27 28 29 30 31 43 ==90.0
27 44       27 28 29 30 31 32 33 44 ==106.0
27 45       27 45 ==16.0
27 46       27 28 29 30 31 43 15 14 46 ==106.0
27 47       27 28 47 ==37.0
27 48       27 45 48 ==26.0
27 49       27 28 29 30 31 32 37 49 ==101.0
27 50       27 28 29 30 31 32 33 44 50 ==116.0
27 51       27 28 29 30 31 43 15 14 46 35 51 ==133.0
28 12       28 29 30 31 32 33 34 12 ==106.0
28 13       28 29 30 31 32 33 34 12 13 ==116.0
28 14       28 29 30 31 43 15 14 ==75.0
28 15       28 29 30 31 43 15 ==71.0
28 23       28 29 30 31 32 33 34 12 13 23 ==124.0
28 24       28 29 30 31 32 33 34 12 13 23 24 ==128.0
28 25       28 29 30 31 43 15 14 46 36 38 39 40 41 42 25 ==223.0
28 26       28 29 30 31 43 15 14 46 36 38 39 40 41 42 25 26 ==231.0
28 27       28 29 30 31 32 33 34 12 13 23 24 27 ==132.0
28 29       28 29 ==13.0
28 30       28 29 30 ==19.0
28 31       28 29 30 31 ==23.0
28 32       28 29 30 31 32 ==27.0
28 33       28 29 30 31 32 33 ==55.0
28 34       28 29 30 31 32 33 34 ==77.0
28 35       28 29 30 31 32 33 34 35 ==96.0
28 36       28 29 30 31 43 15 14 46 36 ==116.0
28 37       28 29 30 31 32 37 ==64.0
28 38       28 29 30 31 43 15 14 46 36 38 ==148.0
28 39       28 29 30 31 43 15 14 46 36 38 39 ==169.0
28 40       28 29 30 31 43 15 14 46 36 38 39 40 ==183.0
28 41       28 29 30 31 43 15 14 46 36 38 39 40 41 ==187.0
28 42       28 29 30 31 43 15 14 46 36 38 39 40 41 42 ==213.0
28 43       28 29 30 31 43 ==63.0
28 44       28 29 30 31 32 33 44 ==79.0
28 45       28 29 30 31 32 33 34 12 13 23 24 27 45 ==148.0
28 46       28 29 30 31 43 15 14 46 ==79.0
28 47       28 47 ==10.0
28 48       28 29 30 31 32 33 34 12 13 23 24 27 45 48 ==158.0
28 49       28 29 30 31 32 37 49 ==74.0
28 50       28 29 30 31 32 33 44 50 ==89.0
28 51       28 29 30 31 43 15 14 46 35 51 ==106.0
29 12       29 30 31 32 33 34 12 ==93.0
29 13       29 30 31 32 33 34 12 13 ==103.0
29 14       29 30 31 43 15 14 ==62.0
29 15       29 30 31 43 15 ==58.0
29 23       29 30 31 32 33 34 12 13 23 ==111.0
29 24       29 30 31 32 33 34 12 13 23 24 ==115.0
29 25       29 30 31 43 15 14 46 36 38 39 40 41 42 25 ==210.0
29 26       29 30 31 43 15 14 46 36 38 39 40 41 42 25 26 ==218.0
29 27       29 30 31 32 33 34 12 13 23 24 27 ==119.0
29 28       29 30 31 32 33 34 12 13 23 24 27 28 ==146.0
29 30       29 30 ==6.0
29 31       29 30 31 ==10.0
29 32       29 30 31 32 ==14.0
29 33       29 30 31 32 33 ==42.0
29 34       29 30 31 32 33 34 ==64.0
29 35       29 30 31 32 33 34 35 ==83.0
29 36       29 30 31 43 15 14 46 36 ==103.0
29 37       29 30 31 32 37 ==51.0
29 38       29 30 31 43 15 14 46 36 38 ==135.0
29 39       29 30 31 43 15 14 46 36 38 39 ==156.0
29 40       29 30 31 43 15 14 46 36 38 39 40 ==170.0
29 41       29 30 31 43 15 14 46 36 38 39 40 41 ==174.0
29 42       29 30 31 43 15 14 46 36 38 39 40 41 42 ==200.0
29 43       29 30 31 43 ==50.0
29 44       29 30 31 32 33 44 ==66.0
29 45       29 30 31 32 33 34 12 13 23 24 27 45 ==135.0
29 46       29 30 31 43 15 14 46 ==66.0
29 47       29 30 31 32 33 34 12 13 23 24 27 28 47 ==156.0
29 48       29 30 31 32 33 34 12 13 23 24 27 45 48 ==145.0
29 49       29 30 31 32 37 49 ==61.0
29 50       29 30 31 32 33 44 50 ==76.0
29 51       29 30 31 43 15 14 46 35 51 ==93.0
30 12       30 31 32 33 34 12 ==87.0
30 13       30 31 32 33 34 12 13 ==97.0
30 14       30 31 43 15 14 ==56.0
30 15       30 31 43 15 ==52.0
30 23       30 31 32 33 34 12 13 23 ==105.0
30 24       30 31 32 33 34 12 13 23 24 ==109.0
30 25       30 31 43 15 14 46 36 38 39 40 41 42 25 ==204.0
30 26       30 31 43 15 14 46 36 38 39 40 41 42 25 26 ==212.0
30 27       30 31 32 33 34 12 13 23 24 27 ==113.0
30 28       30 31 32 33 34 12 13 23 24 27 28 ==140.0
30 29       30 31 32 33 34 12 13 23 24 27 28 29 ==153.0
30 31       30 31 ==4.0
30 32       30 31 32 ==8.0
30 33       30 31 32 33 ==36.0
30 34       30 31 32 33 34 ==58.0
30 35       30 31 32 33 34 35 ==77.0
30 36       30 31 43 15 14 46 36 ==97.0
30 37       30 31 32 37 ==45.0
30 38       30 31 43 15 14 46 36 38 ==129.0
30 39       30 31 43 15 14 46 36 38 39 ==150.0
30 40       30 31 43 15 14 46 36 38 39 40 ==164.0
30 41       30 31 43 15 14 46 36 38 39 40 41 ==168.0
30 42       30 31 43 15 14 46 36 38 39 40 41 42 ==194.0
30 43       30 31 43 ==44.0
30 44       30 31 32 33 44 ==60.0
30 45       30 31 32 33 34 12 13 23 24 27 45 ==129.0
30 46       30 31 43 15 14 46 ==60.0
30 47       30 31 32 33 34 12 13 23 24 27 28 47 ==150.0
30 48       30 31 32 33 34 12 13 23 24 27 45 48 ==139.0
30 49       30 31 32 37 49 ==55.0
30 50       30 31 32 33 44 50 ==70.0
30 51       30 31 43 15 14 46 35 51 ==87.0
31 12       31 32 33 34 12 ==83.0
31 13       31 32 33 34 12 13 ==93.0
31 14       31 43 15 14 ==52.0
31 15       31 43 15 ==48.0
31 23       31 32 33 34 12 13 23 ==101.0
31 24       31 32 33 34 12 13 23 24 ==105.0
31 25       31 43 15 14 46 36 38 39 40 41 42 25 ==200.0
31 26       31 43 15 14 46 36 38 39 40 41 42 25 26 ==208.0
31 27       31 32 33 34 12 13 23 24 27 ==109.0
31 28       31 32 33 34 12 13 23 24 27 28 ==136.0
31 29       31 32 33 34 12 13 23 24 27 28 29 ==149.0
31 30       31 32 33 34 12 13 23 24 27 28 29 30 ==155.0
31 32       31 32 ==4.0
31 33       31 32 33 ==32.0
31 34       31 32 33 34 ==54.0
31 35       31 32 33 34 35 ==73.0
31 36       31 43 15 14 46 36 ==93.0
31 37       31 32 37 ==41.0
31 38       31 43 15 14 46 36 38 ==125.0
31 39       31 43 15 14 46 36 38 39 ==146.0
31 40       31 43 15 14 46 36 38 39 40 ==160.0
31 41       31 43 15 14 46 36 38 39 40 41 ==164.0
31 42       31 43 15 14 46 36 38 39 40 41 42 ==190.0
31 43       31 43 ==40.0
31 44       31 32 33 44 ==56.0
31 45       31 32 33 34 12 13 23 24 27 45 ==125.0
31 46       31 43 15 14 46 ==56.0
31 47       31 32 33 34 12 13 23 24 27 28 47 ==146.0
31 48       31 32 33 34 12 13 23 24 27 45 48 ==135.0
31 49       31 32 37 49 ==51.0
31 50       31 32 33 44 50 ==66.0
31 51       31 43 15 14 46 35 51 ==83.0
32 12       32 33 34 12 ==79.0
32 13       32 33 34 12 13 ==89.0
32 14       32 33 34 12 13 23 24 27 28 29 30 31 43 15 14 ==207.0
32 15       32 33 34 12 13 23 24 27 28 29 30 31 43 15 ==203.0
32 23       32 33 34 12 13 23 ==97.0
32 24       32 33 34 12 13 23 24 ==101.0
32 25       32 33 34 12 13 23 24 27 28 29 30 31 43 15 14 46 36 38 39 40 41 42 25 ==355.0
32 26       32 33 34 12 13 23 24 27 28 29 30 31 43 15 14 46 36 38 39 40 41 42 25 26 ==363.0
32 27       32 33 34 12 13 23 24 27 ==105.0
32 28       32 33 34 12 13 23 24 27 28 ==132.0
32 29       32 33 34 12 13 23 24 27 28 29 ==145.0
32 30       32 33 34 12 13 23 24 27 28 29 30 ==151.0
32 31       32 33 34 12 13 23 24 27 28 29 30 31 ==155.0
32 33       32 33 ==28.0
32 34       32 33 34 ==50.0
32 35       32 33 34 35 ==69.0
32 36       32 33 34 12 13 23 24 27 28 29 30 31 43 15 14 46 36 ==248.0
32 37       32 37 ==37.0
32 38       32 33 34 12 13 23 24 27 28 29 30 31 43 15 14 46 36 38 ==280.0
32 39       32 33 34 12 13 23 24 27 28 29 30 31 43 15 14 46 36 38 39 ==301.0
32 40       32 33 34 12 13 23 24 27 28 29 30 31 43 15 14 46 36 38 39 40 ==315.0
32 41       32 33 34 12 13 23 24 27 28 29 30 31 43 15 14 46 36 38 39 40 41 ==319.0
32 42       32 33 34 12 13 23 24 27 28 29 30 31 43 15 14 46 36 38 39 40 41 42 ==345.0
32 43       32 33 34 12 13 23 24 27 28 29 30 31 43 ==195.0
32 44       32 33 44 ==52.0
32 45       32 33 34 12 13 23 24 27 45 ==121.0
32 46       32 33 34 12 13 23 24 27 28 29 30 31 43 15 14 46 ==211.0
32 47       32 33 34 12 13 23 24 27 28 47 ==142.0
32 48       32 33 34 12 13 23 24 27 45 48 ==131.0
32 49       32 37 49 ==47.0
32 50       32 33 44 50 ==62.0
32 51       32 33 34 35 51 ==79.0
33 12       33 34 12 ==51.0
33 13       33 34 12 13 ==61.0
33 14       33 34 12 13 23 24 27 28 29 30 31 43 15 14 ==179.0
33 15       33 34 12 13 23 24 27 28 29 30 31 43 15 ==175.0
33 23       33 34 12 13 23 ==69.0
33 24       33 34 12 13 23 24 ==73.0
33 25       33 34 12 13 23 24 27 28 29 30 31 43 15 14 46 36 38 39 40 41 42 25 ==327.0
33 26       33 34 12 13 23 24 27 28 29 30 31 43 15 14 46 36 38 39 40 41 42 25 26 ==335.0
33 27       33 34 12 13 23 24 27 ==77.0
33 28       33 34 12 13 23 24 27 28 ==104.0
33 29       33 34 12 13 23 24 27 28 29 ==117.0
33 30       33 34 12 13 23 24 27 28 29 30 ==123.0
33 31       33 34 12 13 23 24 27 28 29 30 31 ==127.0
33 32       33 34 12 13 23 24 27 28 29 30 31 32 ==131.0
33 34       33 34 ==22.0
33 35       33 34 35 ==41.0
33 36       33 34 12 13 23 24 27 28 29 30 31 43 15 14 46 36 ==220.0
33 37       33 34 12 13 23 24 27 28 29 30 31 32 37 ==168.0
33 38       33 34 12 13 23 24 27 28 29 30 31 43 15 14 46 36 38 ==252.0
33 39       33 34 12 13 23 24 27 28 29 30 31 43 15 14 46 36 38 39 ==273.0
33 40       33 34 12 13 23 24 27 28 29 30 31 43 15 14 46 36 38 39 40 ==287.0
33 41       33 34 12 13 23 24 27 28 29 30 31 43 15 14 46 36 38 39 40 41 ==291.0
33 42       33 34 12 13 23 24 27 28 29 30 31 43 15 14 46 36 38 39 40 41 42 ==317.0
33 43       33 34 12 13 23 24 27 28 29 30 31 43 ==167.0
33 44       33 44 ==24.0
33 45       33 34 12 13 23 24 27 45 ==93.0
33 46       33 34 12 13 23 24 27 28 29 30 31 43 15 14 46 ==183.0
33 47       33 34 12 13 23 24 27 28 47 ==114.0
33 48       33 34 12 13 23 24 27 45 48 ==103.0
33 49       33 34 12 13 23 24 27 28 29 30 31 32 37 49 ==178.0
33 50       33 44 50 ==34.0
33 51       33 34 35 51 ==51.0
34 12       34 12 ==29.0
34 13       34 12 13 ==39.0
34 14       34 12 13 23 24 27 28 29 30 31 43 15 14 ==157.0
34 15       34 12 13 23 24 27 28 29 30 31 43 15 ==153.0
34 23       34 12 13 23 ==47.0
34 24       34 12 13 23 24 ==51.0
34 25       34 12 13 23 24 27 28 29 30 31 43 15 14 46 36 38 39 40 41 42 25 ==305.0
34 26       34 12 13 23 24 27 28 29 30 31 43 15 14 46 36 38 39 40 41 42 25 26 ==313.0
34 27       34 12 13 23 24 27 ==55.0
34 28       34 12 13 23 24 27 28 ==82.0
34 29       34 12 13 23 24 27 28 29 ==95.0
34 30       34 12 13 23 24 27 28 29 30 ==101.0
34 31       34 12 13 23 24 27 28 29 30 31 ==105.0
34 32       34 12 13 23 24 27 28 29 30 31 32 ==109.0
34 33       34 12 13 23 24 27 28 29 30 31 32 33 ==137.0
34 35       34 35 ==19.0
34 36       34 12 13 23 24 27 28 29 30 31 43 15 14 46 36 ==198.0
34 37       34 12 13 23 24 27 28 29 30 31 32 37 ==146.0
34 38       34 12 13 23 24 27 28 29 30 31 43 15 14 46 36 38 ==230.0
34 39       34 12 13 23 24 27 28 29 30 31 43 15 14 46 36 38 39 ==251.0
34 40       34 12 13 23 24 27 28 29 30 31 43 15 14 46 36 38 39 40 ==265.0
34 41       34 12 13 23 24 27 28 29 30 31 43 15 14 46 36 38 39 40 41 ==269.0
34 42       34 12 13 23 24 27 28 29 30 31 43 15 14 46 36 38 39 40 41 42 ==295.0
34 43       34 12 13 23 24 27 28 29 30 31 43 ==145.0
34 44       34 12 13 23 24 27 28 29 30 31 32 33 44 ==161.0
34 45       34 12 13 23 24 27 45 ==71.0
34 46       34 12 13 23 24 27 28 29 30 31 43 15 14 46 ==161.0
34 47       34 12 13 23 24 27 28 47 ==92.0
34 48       34 12 13 23 24 27 45 48 ==81.0
34 49       34 12 13 23 24 27 28 29 30 31 32 37 49 ==156.0
34 50       34 12 13 23 24 27 28 29 30 31 32 33 44 50 ==171.0
34 51       34 35 51 ==29.0
35 51       35 51 ==10.0
36 12       36 38 39 40 41 42 30 31 32 33 34 12 ==217.0
36 13       36 38 39 40 41 42 30 31 32 33 34 12 13 ==227.0
36 14       36 38 39 40 41 42 25 26 43 15 14 ==131.0
36 15       36 38 39 40 41 42 25 26 43 15 ==127.0
36 23       36 38 39 40 41 42 30 31 32 33 34 12 13 23 ==235.0
36 24       36 38 39 40 41 42 30 31 32 33 34 12 13 23 24 ==239.0
36 25       36 38 39 40 41 42 25 ==107.0
36 26       36 38 39 40 41 42 25 26 ==115.0
36 27       36 38 39 40 41 42 30 31 32 33 34 12 13 23 24 27 ==243.0
36 28       36 38 39 40 41 42 30 31 32 33 34 12 13 23 24 27 28 ==270.0
36 29       36 38 39 40 41 42 30 31 32 33 34 12 13 23 24 27 28 29 ==283.0
36 30       36 38 39 40 41 42 30 ==130.0
36 31       36 38 39 40 41 42 30 31 ==134.0
36 32       36 38 39 40 41 42 30 31 32 ==138.0
36 33       36 38 39 40 41 42 30 31 32 33 ==166.0
36 34       36 38 39 40 41 42 30 31 32 33 34 ==188.0
36 35       36 38 39 40 41 42 25 26 43 15 14 46 35 ==162.0
36 37       36 38 37 ==64.0
36 38       36 38 ==32.0
36 39       36 38 39 ==53.0
36 40       36 38 39 40 ==67.0
36 41       36 38 39 40 41 ==71.0
36 42       36 38 39 40 41 42 ==97.0
36 43       36 38 39 40 41 42 25 26 43 ==119.0
36 44       36 44 ==19.0
36 45       36 38 39 40 41 45 ==95.0
36 46       36 38 39 40 41 42 25 26 43 15 14 46 ==135.0
36 47       36 38 39 47 ==63.0
36 48       36 38 39 40 41 45 48 ==105.0
36 49       36 38 37 49 ==74.0
36 50       36 44 50 ==29.0
36 51       36 38 39 40 41 42 25 26 43 15 14 46 35 51 ==172.0
37 49       37 49 ==10.0
38 12       38 39 40 41 42 30 31 32 33 34 12 ==185.0
38 13       38 39 40 41 42 30 31 32 33 34 12 13 ==195.0
38 14       38 39 40 41 42 25 26 43 15 14 ==99.0
38 15       38 39 40 41 42 25 26 43 15 ==95.0
38 23       38 39 40 41 42 30 31 32 33 34 12 13 23 ==203.0
38 24       38 39 40 41 42 30 31 32 33 34 12 13 23 24 ==207.0
38 25       38 39 40 41 42 25 ==75.0
38 26       38 39 40 41 42 25 26 ==83.0
38 27       38 39 40 41 42 30 31 32 33 34 12 13 23 24 27 ==211.0
38 28       38 39 40 41 42 30 31 32 33 34 12 13 23 24 27 28 ==238.0
38 29       38 39 40 41 42 30 31 32 33 34 12 13 23 24 27 28 29 ==251.0
38 30       38 39 40 41 42 30 ==98.0
38 31       38 39 40 41 42 30 31 ==102.0
38 32       38 39 40 41 42 30 31 32 ==106.0
38 33       38 39 40 41 42 30 31 32 33 ==134.0
38 34       38 39 40 41 42 30 31 32 33 34 ==156.0
38 35       38 39 40 41 42 25 26 43 15 14 46 35 ==130.0
38 36       38 39 40 41 42 25 26 43 15 14 46 36 ==140.0
38 37       38 37 ==32.0
38 39       38 39 ==21.0
38 40       38 39 40 ==35.0
38 41       38 39 40 41 ==39.0
38 42       38 39 40 41 42 ==65.0
38 43       38 39 40 41 42 25 26 43 ==87.0
38 44       38 39 40 41 42 30 31 32 33 44 ==158.0
38 45       38 39 40 41 45 ==63.0
38 46       38 39 40 41 42 25 26 43 15 14 46 ==103.0
38 47       38 39 47 ==31.0
38 48       38 39 40 41 45 48 ==73.0
38 49       38 37 49 ==42.0
38 50       38 39 40 41 42 30 31 32 33 44 50 ==168.0
38 51       38 39 40 41 42 25 26 43 15 14 46 35 51 ==140.0
39 12       39 40 41 42 30 31 32 33 34 12 ==164.0
39 13       39 40 41 42 30 31 32 33 34 12 13 ==174.0
39 14       39 40 41 42 25 26 43 15 14 ==78.0
39 15       39 40 41 42 25 26 43 15 ==74.0
39 23       39 40 41 42 30 31 32 33 34 12 13 23 ==182.0
39 24       39 40 41 42 30 31 32 33 34 12 13 23 24 ==186.0
39 25       39 40 41 42 25 ==54.0
39 26       39 40 41 42 25 26 ==62.0
39 27       39 40 41 42 30 31 32 33 34 12 13 23 24 27 ==190.0
39 28       39 40 41 42 30 31 32 33 34 12 13 23 24 27 28 ==217.0
39 29       39 40 41 42 30 31 32 33 34 12 13 23 24 27 28 29 ==230.0
39 30       39 40 41 42 30 ==77.0
39 31       39 40 41 42 30 31 ==81.0
39 32       39 40 41 42 30 31 32 ==85.0
39 33       39 40 41 42 30 31 32 33 ==113.0
39 34       39 40 41 42 30 31 32 33 34 ==135.0
39 35       39 40 41 42 25 26 43 15 14 46 35 ==109.0
39 36       39 40 41 42 25 26 43 15 14 46 36 ==119.0
39 37       39 40 41 42 30 31 32 37 ==122.0
39 38       39 40 41 42 25 26 43 15 14 46 36 38 ==151.0
39 40       39 40 ==14.0
39 41       39 40 41 ==18.0
39 42       39 40 41 42 ==44.0
39 43       39 40 41 42 25 26 43 ==66.0
39 44       39 40 41 42 30 31 32 33 44 ==137.0
39 45       39 40 41 45 ==42.0
39 46       39 40 41 42 25 26 43 15 14 46 ==82.0
39 47       39 47 ==10.0
39 48       39 40 41 45 48 ==52.0
39 49       39 40 41 42 30 31 32 37 49 ==132.0
39 50       39 40 41 42 30 31 32 33 44 50 ==147.0
39 51       39 40 41 42 25 26 43 15 14 46 35 51 ==119.0
40 12       40 41 42 30 31 32 33 34 12 ==150.0
40 13       40 41 42 30 31 32 33 34 12 13 ==160.0
40 14       40 41 42 25 26 43 15 14 ==64.0
40 15       40 41 42 25 26 43 15 ==60.0
40 23       40 41 42 30 31 32 33 34 12 13 23 ==168.0
40 24       40 41 42 30 31 32 33 34 12 13 23 24 ==172.0
40 25       40 41 42 25 ==40.0
40 26       40 41 42 25 26 ==48.0
40 27       40 41 42 30 31 32 33 34 12 13 23 24 27 ==176.0
40 28       40 41 42 30 31 32 33 34 12 13 23 24 27 28 ==203.0
40 29       40 41 42 30 31 32 33 34 12 13 23 24 27 28 29 ==216.0
40 30       40 41 42 30 ==63.0
40 31       40 41 42 30 31 ==67.0
40 32       40 41 42 30 31 32 ==71.0
40 33       40 41 42 30 31 32 33 ==99.0
40 34       40 41 42 30 31 32 33 34 ==121.0
40 35       40 41 42 25 26 43 15 14 46 35 ==95.0
40 36       40 41 42 25 26 43 15 14 46 36 ==105.0
40 37       40 41 42 30 31 32 37 ==108.0
40 38       40 41 42 25 26 43 15 14 46 36 38 ==137.0
40 39       40 41 42 25 26 43 15 14 46 36 38 39 ==158.0
40 41       40 41 ==4.0
40 42       40 41 42 ==30.0
40 43       40 41 42 25 26 43 ==52.0
40 44       40 41 42 30 31 32 33 44 ==123.0
40 45       40 41 45 ==28.0
40 46       40 41 42 25 26 43 15 14 46 ==68.0
40 47       40 41 42 25 26 43 15 14 46 36 38 39 47 ==168.0
40 48       40 41 45 48 ==38.0
40 49       40 41 42 30 31 32 37 49 ==118.0
40 50       40 41 42 30 31 32 33 44 50 ==133.0
40 51       40 41 42 25 26 43 15 14 46 35 51 ==105.0
41 12       41 42 30 31 32 33 34 12 ==146.0
41 13       41 42 30 31 32 33 34 12 13 ==156.0
41 14       41 42 25 26 43 15 14 ==60.0
41 15       41 42 25 26 43 15 ==56.0
41 23       41 42 30 31 32 33 34 12 13 23 ==164.0
41 24       41 42 30 31 32 33 34 12 13 23 24 ==168.0
41 25       41 42 25 ==36.0
41 26       41 42 25 26 ==44.0
41 27       41 42 30 31 32 33 34 12 13 23 24 27 ==172.0
41 28       41 42 30 31 32 33 34 12 13 23 24 27 28 ==199.0
41 29       41 42 30 31 32 33 34 12 13 23 24 27 28 29 ==212.0
41 30       41 42 30 ==59.0
41 31       41 42 30 31 ==63.0
41 32       41 42 30 31 32 ==67.0
41 33       41 42 30 31 32 33 ==95.0
41 34       41 42 30 31 32 33 34 ==117.0
41 35       41 42 25 26 43 15 14 46 35 ==91.0
41 36       41 42 25 26 43 15 14 46 36 ==101.0
41 37       41 42 30 31 32 37 ==104.0
41 38       41 42 25 26 43 15 14 46 36 38 ==133.0
41 39       41 42 25 26 43 15 14 46 36 38 39 ==154.0
41 40       41 42 25 26 43 15 14 46 36 38 39 40 ==168.0
41 42       41 42 ==26.0
41 43       41 42 25 26 43 ==48.0
41 44       41 42 30 31 32 33 44 ==119.0
41 45       41 45 ==24.0
41 46       41 42 25 26 43 15 14 46 ==64.0
41 47       41 42 25 26 43 15 14 46 36 38 39 47 ==164.0
41 48       41 45 48 ==34.0
41 49       41 42 30 31 32 37 49 ==114.0
41 50       41 42 30 31 32 33 44 50 ==129.0
41 51       41 42 25 26 43 15 14 46 35 51 ==101.0
42 12       42 30 31 32 33 34 12 ==120.0
42 13       42 30 31 32 33 34 12 13 ==130.0
42 14       42 25 26 43 15 14 ==34.0
42 15       42 25 26 43 15 ==30.0
42 23       42 30 31 32 33 34 12 13 23 ==138.0
42 24       42 30 31 32 33 34 12 13 23 24 ==142.0
42 25       42 25 ==10.0
42 26       42 25 26 ==18.0
42 27       42 30 31 32 33 34 12 13 23 24 27 ==146.0
42 28       42 30 31 32 33 34 12 13 23 24 27 28 ==173.0
42 29       42 30 31 32 33 34 12 13 23 24 27 28 29 ==186.0
42 30       42 30 ==33.0
42 31       42 30 31 ==37.0
42 32       42 30 31 32 ==41.0
42 33       42 30 31 32 33 ==69.0
42 34       42 30 31 32 33 34 ==91.0
42 35       42 25 26 43 15 14 46 35 ==65.0
42 36       42 25 26 43 15 14 46 36 ==75.0
42 37       42 30 31 32 37 ==78.0
42 38       42 25 26 43 15 14 46 36 38 ==107.0
42 39       42 25 26 43 15 14 46 36 38 39 ==128.0
42 40       42 25 26 43 15 14 46 36 38 39 40 ==142.0
42 41       42 25 26 43 15 14 46 36 38 39 40 41 ==146.0
42 43       42 25 26 43 ==22.0
42 44       42 30 31 32 33 44 ==93.0
42 45       42 30 31 32 33 34 12 13 23 24 27 45 ==162.0
42 46       42 25 26 43 15 14 46 ==38.0
42 47       42 25 26 43 15 14 46 36 38 39 47 ==138.0
42 48       42 30 31 32 33 34 12 13 23 24 27 45 48 ==172.0
42 49       42 30 31 32 37 49 ==88.0
42 50       42 30 31 32 33 44 50 ==103.0
42 51       42 25 26 43 15 14 46 35 51 ==75.0
43 12       43 15 14 46 36 38 39 40 41 42 30 31 32 33 34 12 ==270.0
43 13       43 15 14 46 36 38 39 40 41 42 30 31 32 33 34 12 13 ==280.0
43 14       43 15 14 ==12.0
43 15       43 15 ==8.0
43 23       43 15 14 46 36 38 39 40 41 42 30 31 32 33 34 12 13 23 ==288.0
43 24       43 15 14 46 36 38 39 40 41 42 30 31 32 33 34 12 13 23 24 ==292.0
43 25       43 15 14 46 36 38 39 40 41 42 25 ==160.0
43 26       43 15 14 46 36 38 39 40 41 42 25 26 ==168.0
43 27       43 15 14 46 36 38 39 40 41 42 30 31 32 33 34 12 13 23 24 27 ==296.0
43 28       43 15 14 46 36 38 39 40 41 42 30 31 32 33 34 12 13 23 24 27 28 ==323.0
43 29       43 15 14 46 36 38 39 40 41 42 30 31 32 33 34 12 13 23 24 27 28 29 ==336.0
43 30       43 15 14 46 36 38 39 40 41 42 30 ==183.0
43 31       43 15 14 46 36 38 39 40 41 42 30 31 ==187.0
43 32       43 15 14 46 36 38 39 40 41 42 30 31 32 ==191.0
43 33       43 15 14 46 36 38 39 40 41 42 30 31 32 33 ==219.0
43 34       43 15 14 46 36 38 39 40 41 42 30 31 32 33 34 ==241.0
43 35       43 15 14 46 35 ==43.0
43 36       43 15 14 46 36 ==53.0
43 37       43 15 14 46 36 38 37 ==117.0
43 38       43 15 14 46 36 38 ==85.0
43 39       43 15 14 46 36 38 39 ==106.0
43 40       43 15 14 46 36 38 39 40 ==120.0
43 41       43 15 14 46 36 38 39 40 41 ==124.0
43 42       43 15 14 46 36 38 39 40 41 42 ==150.0
43 44       43 15 14 46 36 44 ==72.0
43 45       43 15 14 46 36 38 39 40 41 45 ==148.0
43 46       43 15 14 46 ==16.0
43 47       43 15 14 46 36 38 39 47 ==116.0
43 48       43 15 14 46 36 38 39 40 41 45 48 ==158.0
43 49       43 15 14 46 36 38 37 49 ==127.0
43 50       43 15 14 46 36 44 50 ==82.0
43 51       43 15 14 46 35 51 ==53.0
44 50       44 50 ==10.0
45 48       45 48 ==10.0
46 12       46 36 38 39 40 41 42 30 31 32 33 34 12 ==254.0
46 13       46 36 38 39 40 41 42 30 31 32 33 34 12 13 ==264.0
46 14       46 36 38 39 40 41 42 25 26 43 15 14 ==168.0
46 15       46 36 38 39 40 41 42 25 26 43 15 ==164.0
46 23       46 36 38 39 40 41 42 30 31 32 33 34 12 13 23 ==272.0
46 24       46 36 38 39 40 41 42 30 31 32 33 34 12 13 23 24 ==276.0
46 25       46 36 38 39 40 41 42 25 ==144.0
46 26       46 36 38 39 40 41 42 25 26 ==152.0
46 27       46 36 38 39 40 41 42 30 31 32 33 34 12 13 23 24 27 ==280.0
46 28       46 36 38 39 40 41 42 30 31 32 33 34 12 13 23 24 27 28 ==307.0
46 29       46 36 38 39 40 41 42 30 31 32 33 34 12 13 23 24 27 28 29 ==320.0
46 30       46 36 38 39 40 41 42 30 ==167.0
46 31       46 36 38 39 40 41 42 30 31 ==171.0
46 32       46 36 38 39 40 41 42 30 31 32 ==175.0
46 33       46 36 38 39 40 41 42 30 31 32 33 ==203.0
46 34       46 36 38 39 40 41 42 30 31 32 33 34 ==225.0
46 35       46 35 ==27.0
46 36       46 36 ==37.0
46 37       46 36 38 37 ==101.0
46 38       46 36 38 ==69.0
46 39       46 36 38 39 ==90.0
46 40       46 36 38 39 40 ==104.0
46 41       46 36 38 39 40 41 ==108.0
46 42       46 36 38 39 40 41 42 ==134.0
46 43       46 36 38 39 40 41 42 25 26 43 ==156.0
46 44       46 36 44 ==56.0
46 45       46 36 38 39 40 41 45 ==132.0
46 47       46 36 38 39 47 ==100.0
46 48       46 36 38 39 40 41 45 48 ==142.0
46 49       46 36 38 37 49 ==111.0
46 50       46 36 44 50 ==66.0
46 51       46 35 51 ==37.0
52 12       52 29 30 31 32 33 34 12 ==103.0
52 13       52 29 30 31 32 33 34 12 13 ==113.0
52 14       52 29 30 31 43 15 14 ==72.0
52 15       52 29 30 31 43 15 ==68.0
52 23       52 29 30 31 32 33 34 12 13 23 ==121.0
52 24       52 29 30 31 32 33 34 12 13 23 24 ==125.0
52 25       52 40 41 42 25 ==50.0
52 26       52 40 41 42 25 26 ==58.0
52 27       52 29 30 31 32 33 34 12 13 23 24 27 ==129.0
52 28       52 29 30 31 32 33 34 12 13 23 24 27 28 ==156.0
52 29       52 29 ==10.0
52 30       52 29 30 ==16.0
52 31       52 29 30 31 ==20.0
52 32       52 29 30 31 32 ==24.0
52 33       52 29 30 31 32 33 ==52.0
52 34       52 29 30 31 32 33 34 ==74.0
52 35       52 29 30 31 32 33 34 35 ==93.0
52 36       52 29 30 31 43 15 14 46 36 ==113.0
52 37       52 29 30 31 32 37 ==61.0
52 38       52 29 30 31 43 15 14 46 36 38 ==145.0
52 39       52 29 30 31 43 15 14 46 36 38 39 ==166.0
52 40       52 40 ==10.0
52 41       52 40 41 ==14.0
52 42       52 40 41 42 ==40.0
52 43       52 29 30 31 43 ==60.0
52 44       52 29 30 31 32 33 44 ==76.0
52 45       52 40 41 45 ==38.0
52 46       52 29 30 31 43 15 14 46 ==76.0
52 47       52 29 30 31 32 33 34 12 13 23 24 27 28 47 ==166.0
52 48       52 40 41 45 48 ==48.0
52 49       52 29 30 31 32 37 49 ==71.0
52 50       52 29 30 31 32 33 44 50 ==86.0
52 51       52 29 30 31 43 15 14 46 35 51 ==103.0
53 10       53 20 10 ==17.0
53 12       53 20 21 23 24 27 28 29 30 31 32 33 34 12 ==198.0
53 13       53 20 21 23 24 27 28 29 30 31 32 33 34 12 13 ==208.0
53 14       53 20 10 15 14 ==57.0
53 15       53 20 10 15 ==53.0
53 20       53 20 ==10.0
53 21       53 20 21 ==45.0
53 23       53 20 21 23 ==57.0
53 24       53 20 21 23 24 ==61.0
53 25       53 20 10 15 14 46 36 38 39 40 41 42 25 ==205.0
53 26       53 20 10 15 14 46 36 38 39 40 41 42 25 26 ==213.0
53 27       53 20 21 23 24 27 ==65.0
53 28       53 20 21 23 24 27 28 ==92.0
53 29       53 20 21 23 24 27 28 29 ==105.0
53 30       53 20 21 23 24 27 28 29 30 ==111.0
53 31       53 20 21 23 24 27 28 29 30 31 ==115.0
53 32       53 20 21 23 24 27 28 29 30 31 32 ==119.0
53 33       53 20 21 23 24 27 28 29 30 31 32 33 ==147.0
53 34       53 20 21 23 24 27 28 29 30 31 32 33 34 ==169.0
53 35       53 20 10 15 14 46 35 ==88.0
53 36       53 20 10 15 14 46 36 ==98.0
53 37       53 20 10 15 14 46 36 38 37 ==156.0
53 38       53 20 10 15 14 46 36 38 ==130.0
53 39       53 20 10 15 14 46 36 38 39 ==151.0
53 40       53 20 10 15 14 46 36 38 39 40 ==165.0
53 41       53 20 10 15 14 46 36 38 39 40 41 ==169.0
53 42       53 20 10 15 14 46 36 38 39 40 41 42 ==195.0
53 43       53 20 21 23 24 27 28 29 30 31 43 ==155.0
53 44       53 20 10 15 14 46 36 44 ==117.0
53 45       53 20 21 23 24 27 45 ==81.0
53 46       53 20 10 15 14 46 ==61.0
53 47       53 20 21 23 24 27 28 47 ==102.0
53 48       53 20 21 23 24 27 45 48 ==91.0
53 49       53 20 21 23 24 27 28 29 30 31 32 37 49 ==166.0
53 50       53 20 10 15 14 46 36 44 50 ==127.0
53 51       53 20 10 15 14 46 35 51 ==98.0
0 6       0 6 ==8.0
0 8       0 6 8 ==15.0
0 11       0 6 8 11 ==23.0
0 12       0 6 12 ==33.0
0 13       0 6 12 13 ==43.0
0 14       0 6 8 11 14 ==55.0
0 15       0 6 12 13 23 24 27 28 29 30 31 43 15 ==157.0
0 23       0 6 12 13 23 ==51.0
0 24       0 6 12 13 23 24 ==55.0
0 25       0 6 8 11 14 46 36 38 39 40 41 42 25 ==203.0
0 26       0 6 8 11 14 46 36 38 39 40 41 42 25 26 ==211.0
0 27       0 6 12 13 23 24 27 ==59.0
0 28       0 6 12 13 23 24 27 28 ==86.0
0 29       0 6 12 13 23 24 27 28 29 ==99.0
0 30       0 6 12 13 23 24 27 28 29 30 ==105.0
0 31       0 6 12 13 23 24 27 28 29 30 31 ==109.0
0 32       0 6 12 13 23 24 27 28 29 30 31 32 ==113.0
0 33       0 6 12 13 23 24 27 28 29 30 31 32 33 ==141.0
0 34       0 6 12 13 23 24 27 28 29 30 31 32 33 34 ==163.0
0 35       0 6 8 11 14 46 35 ==86.0
0 36       0 6 8 11 14 46 36 ==96.0
0 37       0 6 8 11 14 46 36 38 37 ==150.0
0 38       0 6 8 11 14 46 36 38 ==128.0
0 39       0 6 8 11 14 46 36 38 39 ==149.0
0 40       0 6 8 11 14 46 36 38 39 40 ==163.0
0 41       0 6 8 11 14 46 36 38 39 40 41 ==167.0
0 42       0 6 8 11 14 46 36 38 39 40 41 42 ==193.0
0 43       0 6 12 13 23 24 27 28 29 30 31 43 ==149.0
0 44       0 6 8 11 14 46 36 44 ==115.0
0 45       0 6 12 13 23 24 27 45 ==75.0
0 46       0 6 8 11 14 46 ==59.0
0 47       0 6 12 13 23 24 27 28 47 ==96.0
0 48       0 6 12 13 23 24 27 45 48 ==85.0
0 49       0 6 12 13 23 24 27 28 29 30 31 32 37 49 ==160.0
0 50       0 6 8 11 14 46 36 44 50 ==125.0
0 51       0 6 8 11 14 46 35 51 ==96.0
1 7       1 7 ==12.0
1 8       1 7 8 ==16.0
1 11       1 7 8 11 ==24.0
1 12       1 7 8 11 13 23 24 27 28 29 30 31 32 33 34 12 ==201.0
1 13       1 7 8 11 13 ==52.0
1 14       1 7 8 11 14 ==56.0
1 15       1 7 8 11 13 23 24 27 28 29 30 31 43 15 ==166.0
1 23       1 7 8 11 13 23 ==60.0
1 24       1 7 8 11 13 23 24 ==64.0
1 25       1 7 8 11 14 46 36 38 39 40 41 42 25 ==204.0
1 26       1 7 8 11 14 46 36 38 39 40 41 42 25 26 ==212.0
1 27       1 7 8 11 13 23 24 27 ==68.0
1 28       1 7 8 11 13 23 24 27 28 ==95.0
1 29       1 7 8 11 13 23 24 27 28 29 ==108.0
1 30       1 7 8 11 13 23 24 27 28 29 30 ==114.0
1 31       1 7 8 11 13 23 24 27 28 29 30 31 ==118.0
1 32       1 7 8 11 13 23 24 27 28 29 30 31 32 ==122.0
1 33       1 7 8 11 13 23 24 27 28 29 30 31 32 33 ==150.0
1 34       1 7 8 11 13 23 24 27 28 29 30 31 32 33 34 ==172.0
1 35       1 7 8 11 14 46 35 ==87.0
1 36       1 7 8 11 14 46 36 ==97.0
1 37       1 7 8 11 14 46 36 38 37 ==159.0
1 38       1 7 8 11 14 46 36 38 ==129.0
1 39       1 7 8 11 14 46 36 38 39 ==150.0
1 40       1 7 8 11 14 46 36 38 39 40 ==164.0
1 41       1 7 8 11 14 46 36 38 39 40 41 ==168.0
1 42       1 7 8 11 14 46 36 38 39 40 41 42 ==194.0
1 43       1 7 8 11 13 23 24 27 28 29 30 31 43 ==158.0
1 44       1 7 8 11 14 46 36 44 ==116.0
1 45       1 7 8 11 13 23 24 27 45 ==84.0
1 46       1 7 8 11 14 46 ==60.0
1 47       1 7 8 11 13 23 24 27 28 47 ==105.0
1 48       1 7 8 11 13 23 24 27 45 48 ==94.0
1 49       1 7 8 11 13 23 24 27 28 29 30 31 32 37 49 ==169.0
1 50       1 7 8 11 14 46 36 44 50 ==126.0
1 51       1 7 8 11 14 46 35 51 ==97.0
2 7       2 9 7 ==16.0
2 8       2 9 7 8 ==20.0
2 9       2 9 ==9.0
2 10       2 9 10 ==29.0
2 11       2 9 7 8 11 ==28.0
2 12       2 9 7 8 11 13 23 24 27 28 29 30 31 32 33 34 12 ==205.0
2 13       2 9 7 8 11 13 ==56.0
2 14       2 9 7 8 11 14 ==60.0
2 15       2 9 10 15 ==65.0
2 23       2 9 7 8 11 13 23 ==64.0
2 24       2 9 7 8 11 13 23 24 ==68.0
2 25       2 9 7 8 11 14 46 36 38 39 40 41 42 25 ==208.0
2 26       2 9 7 8 11 14 46 36 38 39 40 41 42 25 26 ==216.0
2 27       2 9 7 8 11 13 23 24 27 ==72.0
2 28       2 9 7 8 11 13 23 24 27 28 ==99.0
2 29       2 9 7 8 11 13 23 24 27 28 29 ==112.0
2 30       2 9 7 8 11 13 23 24 27 28 29 30 ==118.0
2 31       2 9 7 8 11 13 23 24 27 28 29 30 31 ==122.0
2 32       2 9 7 8 11 13 23 24 27 28 29 30 31 32 ==126.0
2 33       2 9 7 8 11 13 23 24 27 28 29 30 31 32 33 ==154.0
2 34       2 9 7 8 11 13 23 24 27 28 29 30 31 32 33 34 ==176.0
2 35       2 9 7 8 11 14 46 35 ==91.0
2 36       2 9 7 8 11 14 46 36 ==101.0
2 37       2 9 7 8 11 14 46 36 38 37 ==163.0
2 38       2 9 7 8 11 14 46 36 38 ==133.0
2 39       2 9 7 8 11 14 46 36 38 39 ==154.0
2 40       2 9 7 8 11 14 46 36 38 39 40 ==168.0
2 41       2 9 7 8 11 14 46 36 38 39 40 41 ==172.0
2 42       2 9 7 8 11 14 46 36 38 39 40 41 42 ==198.0
2 43       2 9 7 8 11 13 23 24 27 28 29 30 31 43 ==162.0
2 44       2 9 7 8 11 14 46 36 44 ==120.0
2 45       2 9 7 8 11 13 23 24 27 45 ==88.0
2 46       2 9 7 8 11 14 46 ==64.0
2 47       2 9 7 8 11 13 23 24 27 28 47 ==109.0
2 48       2 9 7 8 11 13 23 24 27 45 48 ==98.0
2 49       2 9 7 8 11 13 23 24 27 28 29 30 31 32 37 49 ==173.0
2 50       2 9 7 8 11 14 46 36 44 50 ==130.0
2 51       2 9 7 8 11 14 46 35 51 ==101.0
3 12       3 16 21 23 24 27 28 29 30 31 32 33 34 12 ==201.0
3 13       3 16 21 23 24 27 28 29 30 31 32 33 34 12 13 ==211.0
3 14       3 16 17 18 22 26 43 15 14 ==71.0
3 15       3 16 17 18 22 26 43 15 ==67.0
3 16       3 16 ==4.0
3 17       3 16 17 ==13.0
3 18       3 16 17 18 ==17.0
3 21       3 16 21 ==61.0
3 22       3 16 17 18 22 ==38.0
3 23       3 16 21 23 ==73.0
3 24       3 16 17 18 22 24 ==64.0
3 25       3 16 17 18 22 26 43 15 14 46 36 38 39 40 41 42 25 ==219.0
3 26       3 16 17 18 22 26 ==55.0
3 27       3 16 21 23 24 27 ==68.0
3 28       3 16 21 23 24 27 28 ==95.0
3 29       3 16 21 23 24 27 28 29 ==108.0
3 30       3 16 21 23 24 27 28 29 30 ==114.0
3 31       3 16 21 23 24 27 28 29 30 31 ==118.0
3 32       3 16 21 23 24 27 28 29 30 31 32 ==122.0
3 33       3 16 21 23 24 27 28 29 30 31 32 33 ==150.0
3 34       3 16 21 23 24 27 28 29 30 31 32 33 34 ==172.0
3 35       3 16 17 18 22 26 43 15 14 46 35 ==102.0
3 36       3 16 17 18 22 26 43 15 14 46 36 ==112.0
3 37       3 16 21 23 24 27 28 29 30 31 32 37 ==159.0
3 38       3 16 17 18 22 26 43 15 14 46 36 38 ==144.0
3 39       3 16 17 18 22 26 43 15 14 46 36 38 39 ==165.0
3 40       3 16 17 18 22 26 43 15 14 46 36 38 39 40 ==179.0
3 41       3 16 17 18 22 26 43 15 14 46 36 38 39 40 41 ==183.0
3 42       3 16 17 18 22 26 43 15 14 46 36 38 39 40 41 42 ==209.0
3 43       3 16 17 18 22 26 43 ==59.0
3 44       3 16 17 18 22 26 43 15 14 46 36 44 ==131.0
3 45       3 16 21 23 24 27 45 ==84.0
3 46       3 16 17 18 22 26 43 15 14 46 ==75.0
3 47       3 16 21 23 24 27 28 47 ==105.0
3 48       3 16 21 23 24 27 45 48 ==94.0
3 49       3 16 21 23 24 27 28 29 30 31 32 37 49 ==169.0
3 50       3 16 17 18 22 26 43 15 14 46 36 44 50 ==141.0
3 51       3 16 17 18 22 26 43 15 14 46 35 51 ==112.0
4 12       4 17 18 22 24 27 28 29 30 31 32 33 34 12 ==197.0
4 13       4 17 18 22 24 27 28 29 30 31 32 33 34 12 13 ==207.0
4 14       4 17 18 22 26 43 15 14 ==67.0
4 15       4 17 18 22 26 43 15 ==63.0
4 17       4 17 ==9.0
4 18       4 17 18 ==13.0
4 22       4 17 18 22 ==34.0
4 23       4 17 18 22 24 27 28 29 30 31 32 33 34 12 13 23 ==215.0
4 24       4 17 18 22 24 ==60.0
4 25       4 17 18 22 26 43 15 14 46 36 38 39 40 41 42 25 ==215.0
4 26       4 17 18 22 26 ==51.0
4 27       4 17 18 22 24 27 ==64.0
4 28       4 17 18 22 24 27 28 ==91.0
4 29       4 17 18 22 24 27 28 29 ==104.0
4 30       4 17 18 22 24 27 28 29 30 ==110.0
4 31       4 17 18 22 24 27 28 29 30 31 ==114.0
4 32       4 17 18 22 24 27 28 29 30 31 32 ==118.0
4 33       4 17 18 22 24 27 28 29 30 31 32 33 ==146.0
4 34       4 17 18 22 24 27 28 29 30 31 32 33 34 ==168.0
4 35       4 17 18 22 26 43 15 14 46 35 ==98.0
4 36       4 17 18 22 26 43 15 14 46 36 ==108.0
4 37       4 17 18 22 24 27 28 29 30 31 32 37 ==155.0
4 38       4 17 18 22 26 43 15 14 46 36 38 ==140.0
4 39       4 17 18 22 26 43 15 14 46 36 38 39 ==161.0
4 40       4 17 18 22 26 43 15 14 46 36 38 39 40 ==175.0
4 41       4 17 18 22 26 43 15 14 46 36 38 39 40 41 ==179.0
4 42       4 17 18 22 26 43 15 14 46 36 38 39 40 41 42 ==205.0
4 43       4 17 18 22 26 43 ==55.0
4 44       4 17 18 22 26 43 15 14 46 36 44 ==127.0
4 45       4 17 18 22 24 27 45 ==80.0
4 46       4 17 18 22 26 43 15 14 46 ==71.0
4 47       4 17 18 22 24 27 28 47 ==101.0
4 48       4 17 18 22 24 27 45 48 ==90.0
4 49       4 17 18 22 24 27 28 29 30 31 32 37 49 ==165.0
4 50       4 17 18 22 26 43 15 14 46 36 44 50 ==137.0
4 51       4 17 18 22 26 43 15 14 46 35 51 ==108.0
5 12       5 19 18 22 24 27 28 29 30 31 32 33 34 12 ==195.0
5 13       5 19 18 22 24 27 28 29 30 31 32 33 34 12 13 ==205.0
5 14       5 19 25 26 43 15 14 ==63.0
5 15       5 19 25 26 43 15 ==59.0
5 18       5 19 18 ==11.0
5 19       5 19 ==4.0
5 22       5 19 18 22 ==32.0
5 23       5 19 18 22 24 27 28 29 30 31 32 33 34 12 13 23 ==213.0
5 24       5 19 18 22 24 ==58.0
5 25       5 19 25 ==39.0
5 26       5 19 25 26 ==47.0
5 27       5 19 18 22 24 27 ==62.0
5 28       5 19 18 22 24 27 28 ==89.0
5 29       5 19 18 22 24 27 28 29 ==102.0
5 30       5 19 18 22 24 27 28 29 30 ==108.0
5 31       5 19 18 22 24 27 28 29 30 31 ==112.0
5 32       5 19 18 22 24 27 28 29 30 31 32 ==116.0
5 33       5 19 18 22 24 27 28 29 30 31 32 33 ==144.0
5 34       5 19 18 22 24 27 28 29 30 31 32 33 34 ==166.0
5 35       5 19 25 26 43 15 14 46 35 ==94.0
5 36       5 19 25 26 43 15 14 46 36 ==104.0
5 37       5 19 18 22 24 27 28 29 30 31 32 37 ==153.0
5 38       5 19 25 26 43 15 14 46 36 38 ==136.0
5 39       5 19 25 26 43 15 14 46 36 38 39 ==157.0
5 40       5 19 25 26 43 15 14 46 36 38 39 40 ==171.0
5 41       5 19 25 26 43 15 14 46 36 38 39 40 41 ==175.0
5 42       5 19 25 26 43 15 14 46 36 38 39 40 41 42 ==201.0
5 43       5 19 25 26 43 ==51.0
5 44       5 19 25 26 43 15 14 46 36 44 ==123.0
5 45       5 19 18 22 24 27 45 ==78.0
5 46       5 19 25 26 43 15 14 46 ==67.0
5 47       5 19 18 22 24 27 28 47 ==99.0
5 48       5 19 18 22 24 27 45 48 ==88.0
5 49       5 19 25 26 43 15 14 46 36 38 37 49 ==163.0
5 50       5 19 25 26 43 15 14 46 36 44 50 ==133.0
5 51       5 19 25 26 43 15 14 46 35 51 ==104.0
6 8       6 8 ==7.0
6 11       6 8 11 ==15.0
6 12       6 12 ==25.0
6 13       6 12 13 ==35.0
6 14       6 8 11 14 ==47.0
6 15       6 12 13 23 24 27 28 29 30 31 43 15 ==149.0
6 23       6 12 13 23 ==43.0
6 24       6 12 13 23 24 ==47.0
6 25       6 8 11 14 46 36 38 39 40 41 42 25 ==195.0
6 26       6 8 11 14 46 36 38 39 40 41 42 25 26 ==203.0
6 27       6 12 13 23 24 27 ==51.0
6 28       6 12 13 23 24 27 28 ==78.0
6 29       6 12 13 23 24 27 28 29 ==91.0
6 30       6 12 13 23 24 27 28 29 30 ==97.0
6 31       6 12 13 23 24 27 28 29 30 31 ==101.0
6 32       6 12 13 23 24 27 28 29 30 31 32 ==105.0
6 33       6 12 13 23 24 27 28 29 30 31 32 33 ==133.0
6 34       6 12 13 23 24 27 28 29 30 31 32 33 34 ==155.0
6 35       6 8 11 14 46 35 ==78.0
6 36       6 8 11 14 46 36 ==88.0
6 37       6 8 11 14 46 36 38 37 ==142.0
6 38       6 8 11 14 46 36 38 ==120.0
6 39       6 8 11 14 46 36 38 39 ==141.0
6 40       6 8 11 14 46 36 38 39 40 ==155.0
6 41       6 8 11 14 46 36 38 39 40 41 ==159.0
6 42       6 8 11 14 46 36 38 39 40 41 42 ==185.0
6 43       6 12 13 23 24 27 28 29 30 31 43 ==141.0
6 44       6 8 11 14 46 36 44 ==107.0
6 45       6 12 13 23 24 27 45 ==67.0
6 46       6 8 11 14 46 ==51.0
6 47       6 12 13 23 24 27 28 47 ==88.0
6 48       6 12 13 23 24 27 45 48 ==77.0
6 49       6 12 13 23 24 27 28 29 30 31 32 37 49 ==152.0
6 50       6 8 11 14 46 36 44 50 ==117.0
6 51       6 8 11 14 46 35 51 ==88.0
7 8       7 8 ==4.0
7 11       7 8 11 ==12.0
7 12       7 8 11 13 23 24 27 28 29 30 31 32 33 34 12 ==189.0
7 13       7 8 11 13 ==40.0
7 14       7 8 11 14 ==44.0
7 15       7 8 11 13 23 24 27 28 29 30 31 43 15 ==154.0
7 23       7 8 11 13 23 ==48.0
7 24       7 8 11 13 23 24 ==52.0
7 25       7 8 11 14 46 36 38 39 40 41 42 25 ==192.0
7 26       7 8 11 14 46 36 38 39 40 41 42 25 26 ==200.0
7 27       7 8 11 13 23 24 27 ==56.0
7 28       7 8 11 13 23 24 27 28 ==83.0
7 29       7 8 11 13 23 24 27 28 29 ==96.0
7 30       7 8 11 13 23 24 27 28 29 30 ==102.0
7 31       7 8 11 13 23 24 27 28 29 30 31 ==106.0
7 32       7 8 11 13 23 24 27 28 29 30 31 32 ==110.0
7 33       7 8 11 13 23 24 27 28 29 30 31 32 33 ==138.0
7 34       7 8 11 13 23 24 27 28 29 30 31 32 33 34 ==160.0
7 35       7 8 11 14 46 35 ==75.0
7 36       7 8 11 14 46 36 ==85.0
7 37       7 8 11 14 46 36 38 37 ==147.0
7 38       7 8 11 14 46 36 38 ==117.0
7 39       7 8 11 14 46 36 38 39 ==138.0
7 40       7 8 11 14 46 36 38 39 40 ==152.0
7 41       7 8 11 14 46 36 38 39 40 41 ==156.0
7 42       7 8 11 14 46 36 38 39 40 41 42 ==182.0
7 43       7 8 11 13 23 24 27 28 29 30 31 43 ==146.0
7 44       7 8 11 14 46 36 44 ==104.0
7 45       7 8 11 13 23 24 27 45 ==72.0
7 46       7 8 11 14 46 ==48.0
7 47       7 8 11 13 23 24 27 28 47 ==93.0
7 48       7 8 11 13 23 24 27 45 48 ==82.0
7 49       7 8 11 13 23 24 27 28 29 30 31 32 37 49 ==157.0
7 50       7 8 11 14 46 36 44 50 ==114.0
7 51       7 8 11 14 46 35 51 ==85.0
8 11       8 11 ==8.0
8 12       8 11 13 23 24 27 28 29 30 31 32 33 34 12 ==185.0
8 13       8 11 13 ==36.0
8 14       8 11 14 ==40.0
8 15       8 11 13 23 24 27 28 29 30 31 43 15 ==150.0
8 23       8 11 13 23 ==44.0
8 24       8 11 13 23 24 ==48.0
8 25       8 11 14 46 36 38 39 40 41 42 25 ==188.0
8 26       8 11 14 46 36 38 39 40 41 42 25 26 ==196.0
8 27       8 11 13 23 24 27 ==52.0
8 28       8 11 13 23 24 27 28 ==79.0
8 29       8 11 13 23 24 27 28 29 ==92.0
8 30       8 11 13 23 24 27 28 29 30 ==98.0
8 31       8 11 13 23 24 27 28 29 30 31 ==102.0
8 32       8 11 13 23 24 27 28 29 30 31 32 ==106.0
8 33       8 11 13 23 24 27 28 29 30 31 32 33 ==134.0
8 34       8 11 13 23 24 27 28 29 30 31 32 33 34 ==156.0
8 35       8 11 14 46 35 ==71.0
8 36       8 11 14 46 36 ==81.0
8 37       8 11 14 46 36 38 37 ==143.0
8 38       8 11 14 46 36 38 ==113.0
8 39       8 11 14 46 36 38 39 ==134.0
8 40       8 11 14 46 36 38 39 40 ==148.0
8 41       8 11 14 46 36 38 39 40 41 ==152.0
8 42       8 11 14 46 36 38 39 40 41 42 ==178.0
8 43       8 11 13 23 24 27 28 29 30 31 43 ==142.0
8 44       8 11 14 46 36 44 ==100.0
8 45       8 11 13 23 24 27 45 ==68.0
8 46       8 11 14 46 ==44.0
8 47       8 11 13 23 24 27 28 47 ==89.0
8 48       8 11 13 23 24 27 45 48 ==78.0
8 49       8 11 13 23 24 27 28 29 30 31 32 37 49 ==153.0
8 50       8 11 14 46 36 44 50 ==110.0
8 51       8 11 14 46 35 51 ==81.0
9 7       9 7 ==7.0
9 8       9 7 8 ==11.0
9 10       9 10 ==20.0
9 11       9 7 8 11 ==19.0
9 12       9 7 8 11 13 23 24 27 28 29 30 31 32 33 34 12 ==196.0
9 13       9 7 8 11 13 ==47.0
9 14       9 7 8 11 14 ==51.0
9 15       9 10 15 ==56.0
9 23       9 7 8 11 13 23 ==55.0
9 24       9 7 8 11 13 23 24 ==59.0
9 25       9 7 8 11 14 46 36 38 39 40 41 42 25 ==199.0
9 26       9 7 8 11 14 46 36 38 39 40 41 42 25 26 ==207.0
9 27       9 7 8 11 13 23 24 27 ==63.0
9 28       9 7 8 11 13 23 24 27 28 ==90.0
9 29       9 7 8 11 13 23 24 27 28 29 ==103.0
9 30       9 7 8 11 13 23 24 27 28 29 30 ==109.0
9 31       9 7 8 11 13 23 24 27 28 29 30 31 ==113.0
9 32       9 7 8 11 13 23 24 27 28 29 30 31 32 ==117.0
9 33       9 7 8 11 13 23 24 27 28 29 30 31 32 33 ==145.0
9 34       9 7 8 11 13 23 24 27 28 29 30 31 32 33 34 ==167.0
9 35       9 7 8 11 14 46 35 ==82.0
9 36       9 7 8 11 14 46 36 ==92.0
9 37       9 7 8 11 14 46 36 38 37 ==154.0
9 38       9 7 8 11 14 46 36 38 ==124.0
9 39       9 7 8 11 14 46 36 38 39 ==145.0
9 40       9 7 8 11 14 46 36 38 39 40 ==159.0
9 41       9 7 8 11 14 46 36 38 39 40 41 ==163.0
9 42       9 7 8 11 14 46 36 38 39 40 41 42 ==189.0
9 43       9 7 8 11 13 23 24 27 28 29 30 31 43 ==153.0
9 44       9 7 8 11 14 46 36 44 ==111.0
9 45       9 7 8 11 13 23 24 27 45 ==79.0
9 46       9 7 8 11 14 46 ==55.0
9 47       9 7 8 11 13 23 24 27 28 47 ==100.0
9 48       9 7 8 11 13 23 24 27 45 48 ==89.0
9 49       9 7 8 11 13 23 24 27 28 29 30 31 32 37 49 ==164.0
9 50       9 7 8 11 14 46 36 44 50 ==121.0
9 51       9 7 8 11 14 46 35 51 ==92.0
10 12       10 15 14 46 36 38 39 40 41 42 30 31 32 33 34 12 ==298.0
10 13       10 15 14 46 36 38 39 40 41 42 30 31 32 33 34 12 13 ==308.0
10 14       10 15 14 ==40.0
10 15       10 15 ==36.0
10 23       10 15 14 46 36 38 39 40 41 42 30 31 32 33 34 12 13 23 ==316.0
10 24       10 15 14 46 36 38 39 40 41 42 30 31 32 33 34 12 13 23 24 ==320.0
10 25       10 15 14 46 36 38 39 40 41 42 25 ==188.0
10 26       10 15 14 46 36 38 39 40 41 42 25 26 ==196.0
10 27       10 15 14 46 36 38 39 40 41 42 30 31 32 33 34 12 13 23 24 27 ==324.0
10 28       10 15 14 46 36 38 39 40 41 42 30 31 32 33 34 12 13 23 24 27 28 ==351.0
10 29       10 15 14 46 36 38 39 40 41 42 30 31 32 33 34 12 13 23 24 27 28 29 ==364.0
10 30       10 15 14 46 36 38 39 40 41 42 30 ==211.0
10 31       10 15 14 46 36 38 39 40 41 42 30 31 ==215.0
10 32       10 15 14 46 36 38 39 40 41 42 30 31 32 ==219.0
10 33       10 15 14 46 36 38 39 40 41 42 30 31 32 33 ==247.0
10 34       10 15 14 46 36 38 39 40 41 42 30 31 32 33 34 ==269.0
10 35       10 15 14 46 35 ==71.0
10 36       10 15 14 46 36 ==81.0
10 37       10 15 14 46 36 38 37 ==145.0
10 38       10 15 14 46 36 38 ==113.0
10 39       10 15 14 46 36 38 39 ==134.0
10 40       10 15 14 46 36 38 39 40 ==148.0
10 41       10 15 14 46 36 38 39 40 41 ==152.0
10 42       10 15 14 46 36 38 39 40 41 42 ==178.0
10 43       10 15 14 46 36 38 39 40 41 42 25 26 43 ==200.0
10 44       10 15 14 46 36 44 ==100.0
10 45       10 15 14 46 36 38 39 40 41 45 ==176.0
10 46       10 15 14 46 ==44.0
10 47       10 15 14 46 36 38 39 47 ==144.0
10 48       10 15 14 46 36 38 39 40 41 45 48 ==186.0
10 49       10 15 14 46 36 38 37 49 ==155.0
10 50       10 15 14 46 36 44 50 ==110.0
10 51       10 15 14 46 35 51 ==81.0
11 12       11 13 23 24 27 28 29 30 31 32 33 34 12 ==177.0
11 13       11 13 ==28.0
11 14       11 14 ==32.0
11 15       11 13 23 24 27 28 29 30 31 43 15 ==142.0
11 23       11 13 23 ==36.0
11 24       11 13 23 24 ==40.0
11 25       11 14 46 36 38 39 40 41 42 25 ==180.0
11 26       11 14 46 36 38 39 40 41 42 25 26 ==188.0
11 27       11 13 23 24 27 ==44.0
11 28       11 13 23 24 27 28 ==71.0
11 29       11 13 23 24 27 28 29 ==84.0
11 30       11 13 23 24 27 28 29 30 ==90.0
11 31       11 13 23 24 27 28 29 30 31 ==94.0
11 32       11 13 23 24 27 28 29 30 31 32 ==98.0
11 33       11 13 23 24 27 28 29 30 31 32 33 ==126.0
11 34       11 13 23 24 27 28 29 30 31 32 33 34 ==148.0
11 35       11 14 46 35 ==63.0
11 36       11 14 46 36 ==73.0
11 37       11 14 46 36 38 37 ==135.0
11 38       11 14 46 36 38 ==105.0
11 39       11 14 46 36 38 39 ==126.0
11 40       11 14 46 36 38 39 40 ==140.0
11 41       11 14 46 36 38 39 40 41 ==144.0
11 42       11 14 46 36 38 39 40 41 42 ==170.0
11 43       11 13 23 24 27 28 29 30 31 43 ==134.0
11 44       11 14 46 36 44 ==92.0
11 45       11 13 23 24 27 45 ==60.0
11 46       11 14 46 ==36.0
11 47       11 13 23 24 27 28 47 ==81.0
11 48       11 13 23 24 27 45 48 ==70.0
11 49       11 13 23 24 27 28 29 30 31 32 37 49 ==145.0
11 50       11 14 46 36 44 50 ==102.0
11 51       11 14 46 35 51 ==73.0
12 13       12 13 ==10.0
12 14       12 13 23 24 27 28 29 30 31 43 15 14 ==128.0
12 15       12 13 23 24 27 28 29 30 31 43 15 ==124.0
12 23       12 13 23 ==18.0
12 24       12 13 23 24 ==22.0
12 25       12 13 23 24 27 28 29 30 31 43 15 14 46 36 38 39 40 41 42 25 ==276.0
12 26       12 13 23 24 27 28 29 30 31 43 15 14 46 36 38 39 40 41 42 25 26 ==284.0
12 27       12 13 23 24 27 ==26.0
12 28       12 13 23 24 27 28 ==53.0
12 29       12 13 23 24 27 28 29 ==66.0
12 30       12 13 23 24 27 28 29 30 ==72.0
12 31       12 13 23 24 27 28 29 30 31 ==76.0
12 32       12 13 23 24 27 28 29 30 31 32 ==80.0
12 33       12 13 23 24 27 28 29 30 31 32 33 ==108.0
12 34       12 13 23 24 27 28 29 30 31 32 33 34 ==130.0
12 35       12 13 23 24 27 28 29 30 31 32 33 34 35 ==149.0
12 36       12 13 23 24 27 28 29 30 31 43 15 14 46 36 ==169.0
12 37       12 13 23 24 27 28 29 30 31 32 37 ==117.0
12 38       12 13 23 24 27 28 29 30 31 43 15 14 46 36 38 ==201.0
12 39       12 13 23 24 27 28 29 30 31 43 15 14 46 36 38 39 ==222.0
12 40       12 13 23 24 27 28 29 30 31 43 15 14 46 36 38 39 40 ==236.0
12 41       12 13 23 24 27 28 29 30 31 43 15 14 46 36 38 39 40 41 ==240.0
12 42       12 13 23 24 27 28 29 30 31 43 15 14 46 36 38 39 40 41 42 ==266.0
12 43       12 13 23 24 27 28 29 30 31 43 ==116.0
12 44       12 13 23 24 27 28 29 30 31 32 33 44 ==132.0
12 45       12 13 23 24 27 45 ==42.0
12 46       12 13 23 24 27 28 29 30 31 43 15 14 46 ==132.0
12 47       12 13 23 24 27 28 47 ==63.0
12 48       12 13 23 24 27 45 48 ==52.0
12 49       12 13 23 24 27 28 29 30 31 32 37 49 ==127.0
12 50       12 13 23 24 27 28 29 30 31 32 33 44 50 ==142.0
12 51       12 13 23 24 27 28 29 30 31 43 15 14 46 35 51 ==159.0
13 12       13 23 24 27 28 29 30 31 32 33 34 12 ==149.0
13 14       13 23 24 27 28 29 30 31 43 15 14 ==118.0
13 15       13 23 24 27 28 29 30 31 43 15 ==114.0
13 23       13 23 ==8.0
13 24       13 23 24 ==12.0
13 25       13 23 24 27 28 29 30 31 43 15 14 46 36 38 39 40 41 42 25 ==266.0
13 26       13 23 24 27 28 29 30 31 43 15 14 46 36 38 39 40 41 42 25 26 ==274.0
13 27       13 23 24 27 ==16.0
13 28       13 23 24 27 28 ==43.0
13 29       13 23 24 27 28 29 ==56.0
13 30       13 23 24 27 28 29 30 ==62.0
13 31       13 23 24 27 28 29 30 31 ==66.0
13 32       13 23 24 27 28 29 30 31 32 ==70.0
13 33       13 23 24 27 28 29 30 31 32 33 ==98.0
13 34       13 23 24 27 28 29 30 31 32 33 34 ==120.0
13 35       13 23 24 27 28 29 30 31 32 33 34 35 ==139.0
13 36       13 23 24 27 28 29 30 31 43 15 14 46 36 ==159.0
13 37       13 23 24 27 28 29 30 31 32 37 ==107.0
13 38       13 23 24 27 28 29 30 31 43 15 14 46 36 38 ==191.0
13 39       13 23 24 27 28 29 30 31 43 15 14 46 36 38 39 ==212.0
13 40       13 23 24 27 28 29 30 31 43 15 14 46 36 38 39 40 ==226.0
13 41       13 23 24 27 28 29 30 31 43 15 14 46 36 38 39 40 41 ==230.0
13 42       13 23 24 27 28 29 30 31 43 15 14 46 36 38 39 40 41 42 ==256.0
13 43       13 23 24 27 28 29 30 31 43 ==106.0
13 44       13 23 24 27 28 29 30 31 32 33 44 ==122.0
13 45       13 23 24 27 45 ==32.0
13 46       13 23 24 27 28 29 30 31 43 15 14 46 ==122.0
13 47       13 23 24 27 28 47 ==53.0
13 48       13 23 24 27 45 48 ==42.0
13 49       13 23 24 27 28 29 30 31 32 37 49 ==117.0
13 50       13 23 24 27 28 29 30 31 32 33 44 50 ==132.0
13 51       13 23 24 27 28 29 30 31 43 15 14 46 35 51 ==149.0
14 12       14 46 36 38 39 40 41 42 30 31 32 33 34 12 ==258.0
14 13       14 46 36 38 39 40 41 42 30 31 32 33 34 12 13 ==268.0
14 15       14 46 36 38 39 40 41 42 25 26 43 15 ==168.0
14 23       14 46 36 38 39 40 41 42 30 31 32 33 34 12 13 23 ==276.0
14 24       14 46 36 38 39 40 41 42 30 31 32 33 34 12 13 23 24 ==280.0
14 25       14 46 36 38 39 40 41 42 25 ==148.0
14 26       14 46 36 38 39 40 41 42 25 26 ==156.0
14 27       14 46 36 38 39 40 41 42 30 31 32 33 34 12 13 23 24 27 ==284.0
14 28       14 46 36 38 39 40 41 42 30 31 32 33 34 12 13 23 24 27 28 ==311.0
14 29       14 46 36 38 39 40 41 42 30 31 32 33 34 12 13 23 24 27 28 29 ==324.0
14 30       14 46 36 38 39 40 41 42 30 ==171.0
14 31       14 46 36 38 39 40 41 42 30 31 ==175.0
14 32       14 46 36 38 39 40 41 42 30 31 32 ==179.0
14 33       14 46 36 38 39 40 41 42 30 31 32 33 ==207.0
14 34       14 46 36 38 39 40 41 42 30 31 32 33 34 ==229.0
14 35       14 46 35 ==31.0
14 36       14 46 36 ==41.0
14 37       14 46 36 38 37 ==105.0
14 38       14 46 36 38 ==73.0
14 39       14 46 36 38 39 ==94.0
14 40       14 46 36 38 39 40 ==108.0
14 41       14 46 36 38 39 40 41 ==112.0
14 42       14 46 36 38 39 40 41 42 ==138.0
14 43       14 46 36 38 39 40 41 42 25 26 43 ==160.0
14 44       14 46 36 44 ==60.0
14 45       14 46 36 38 39 40 41 45 ==136.0
14 46       14 46 ==4.0
14 47       14 46 36 38 39 47 ==104.0
14 48       14 46 36 38 39 40 41 45 48 ==146.0
14 49       14 46 36 38 37 49 ==115.0
14 50       14 46 36 44 50 ==70.0
14 51       14 46 35 51 ==41.0
15 12       15 14 46 36 38 39 40 41 42 30 31 32 33 34 12 ==262.0
15 13       15 14 46 36 38 39 40 41 42 30 31 32 33 34 12 13 ==272.0
15 14       15 14 ==4.0
15 23       15 14 46 36 38 39 40 41 42 30 31 32 33 34 12 13 23 ==280.0
15 24       15 14 46 36 38 39 40 41 42 30 31 32 33 34 12 13 23 24 ==284.0
15 25       15 14 46 36 38 39 40 41 42 25 ==152.0
15 26       15 14 46 36 38 39 40 41 42 25 26 ==160.0
15 27       15 14 46 36 38 39 40 41 42 30 31 32 33 34 12 13 23 24 27 ==288.0
15 28       15 14 46 36 38 39 40 41 42 30 31 32 33 34 12 13 23 24 27 28 ==315.0
15 29       15 14 46 36 38 39 40 41 42 30 31 32 33 34 12 13 23 24 27 28 29 ==328.0
15 30       15 14 46 36 38 39 40 41 42 30 ==175.0
15 31       15 14 46 36 38 39 40 41 42 30 31 ==179.0
15 32       15 14 46 36 38 39 40 41 42 30 31 32 ==183.0
15 33       15 14 46 36 38 39 40 41 42 30 31 32 33 ==211.0
15 34       15 14 46 36 38 39 40 41 42 30 31 32 33 34 ==233.0
15 35       15 14 46 35 ==35.0
15 36       15 14 46 36 ==45.0
15 37       15 14 46 36 38 37 ==109.0
15 38       15 14 46 36 38 ==77.0
15 39       15 14 46 36 38 39 ==98.0
15 40       15 14 46 36 38 39 40 ==112.0
15 41       15 14 46 36 38 39 40 41 ==116.0
15 42       15 14 46 36 38 39 40 41 42 ==142.0
15 43       15 14 46 36 38 39 40 41 42 25 26 43 ==164.0
15 44       15 14 46 36 44 ==64.0
15 45       15 14 46 36 38 39 40 41 45 ==140.0
15 46       15 14 46 ==8.0
15 47       15 14 46 36 38 39 47 ==108.0
15 48       15 14 46 36 38 39 40 41 45 48 ==150.0
15 49       15 14 46 36 38 37 49 ==119.0
15 50       15 14 46 36 44 50 ==74.0
15 51       15 14 46 35 51 ==45.0
16 12       16 21 23 24 27 28 29 30 31 32 33 34 12 ==197.0
16 13       16 21 23 24 27 28 29 30 31 32 33 34 12 13 ==207.0
16 14       16 17 18 22 26 43 15 14 ==67.0
16 15       16 17 18 22 26 43 15 ==63.0
16 17       16 17 ==9.0
16 18       16 17 18 ==13.0
16 21       16 21 ==57.0
16 22       16 17 18 22 ==34.0
16 23       16 21 23 ==69.0
16 24       16 17 18 22 24 ==60.0
16 25       16 17 18 22 26 43 15 14 46 36 38 39 40 41 42 25 ==215.0
16 26       16 17 18 22 26 ==51.0
16 27       16 21 23 24 27 ==64.0
16 28       16 21 23 24 27 28 ==91.0
16 29       16 21 23 24 27 28 29 ==104.0
16 30       16 21 23 24 27 28 29 30 ==110.0
16 31       16 21 23 24 27 28 29 30 31 ==114.0
16 32       16 21 23 24 27 28 29 30 31 32 ==118.0
16 33       16 21 23 24 27 28 29 30 31 32 33 ==146.0
16 34       16 21 23 24 27 28 29 30 31 32 33 34 ==168.0
16 35       16 17 18 22 26 43 15 14 46 35 ==98.0
16 36       16 17 18 22 26 43 15 14 46 36 ==108.0
16 37       16 21 23 24 27 28 29 30 31 32 37 ==155.0
16 38       16 17 18 22 26 43 15 14 46 36 38 ==140.0
16 39       16 17 18 22 26 43 15 14 46 36 38 39 ==161.0
16 40       16 17 18 22 26 43 15 14 46 36 38 39 40 ==175.0
16 41       16 17 18 22 26 43 15 14 46 36 38 39 40 41 ==179.0
16 42       16 17 18 22 26 43 15 14 46 36 38 39 40 41 42 ==205.0
16 43       16 17 18 22 26 43 ==55.0
16 44       16 17 18 22 26 43 15 14 46 36 44 ==127.0
16 45       16 21 23 24 27 45 ==80.0
16 46       16 17 18 22 26 43 15 14 46 ==71.0
16 47       16 21 23 24 27 28 47 ==101.0
16 48       16 21 23 24 27 45 48 ==90.0
16 49       16 21 23 24 27 28 29 30 31 32 37 49 ==165.0
16 50       16 17 18 22 26 43 15 14 46 36 44 50 ==137.0
16 51       16 17 18 22 26 43 15 14 46 35 51 ==108.0
17 12       17 18 22 24 27 28 29 30 31 32 33 34 12 ==188.0
17 13       17 18 22 24 27 28 29 30 31 32 33 34 12 13 ==198.0
17 14       17 18 22 26 43 15 14 ==58.0
17 15       17 18 22 26 43 15 ==54.0
17 18       17 18 ==4.0
17 22       17 18 22 ==25.0
17 23       17 18 22 24 27 28 29 30 31 32 33 34 12 13 23 ==206.0
17 24       17 18 22 24 ==51.0
17 25       17 18 22 26 43 15 14 46 36 38 39 40 41 42 25 ==206.0
17 26       17 18 22 26 ==42.0
17 27       17 18 22 24 27 ==55.0
17 28       17 18 22 24 27 28 ==82.0
17 29       17 18 22 24 27 28 29 ==95.0
17 30       17 18 22 24 27 28 29 30 ==101.0
17 31       17 18 22 24 27 28 29 30 31 ==105.0
17 32       17 18 22 24 27 28 29 30 31 32 ==109.0
17 33       17 18 22 24 27 28 29 30 31 32 33 ==137.0
17 34       17 18 22 24 27 28 29 30 31 32 33 34 ==159.0
17 35       17 18 22 26 43 15 14 46 35 ==89.0
17 36       17 18 22 26 43 15 14 46 36 ==99.0
17 37       17 18 22 24 27 28 29 30 31 32 37 ==146.0
17 38       17 18 22 26 43 15 14 46 36 38 ==131.0
17 39       17 18 22 26 43 15 14 46 36 38 39 ==152.0
17 40       17 18 22 26 43 15 14 46 36 38 39 40 ==166.0
17 41       17 18 22 26 43 15 14 46 36 38 39 40 41 ==170.0
17 42       17 18 22 26 43 15 14 46 36 38 39 40 41 42 ==196.0
17 43       17 18 22 26 43 ==46.0
17 44       17 18 22 26 43 15 14 46 36 44 ==118.0
17 45       17 18 22 24 27 45 ==71.0
17 46       17 18 22 26 43 15 14 46 ==62.0
17 47       17 18 22 24 27 28 47 ==92.0
17 48       17 18 22 24 27 45 48 ==81.0
17 49       17 18 22 24 27 28 29 30 31 32 37 49 ==156.0
17 50       17 18 22 26 43 15 14 46 36 44 50 ==128.0
17 51       17 18 22 26 43 15 14 46 35 51 ==99.0
18 12       18 22 24 27 28 29 30 31 32 33 34 12 ==184.0
18 13       18 22 24 27 28 29 30 31 32 33 34 12 13 ==194.0
18 14       18 22 26 43 15 14 ==54.0
18 15       18 22 26 43 15 ==50.0
18 22       18 22 ==21.0
18 23       18 22 24 27 28 29 30 31 32 33 34 12 13 23 ==202.0
18 24       18 22 24 ==47.0
18 25       18 22 26 43 15 14 46 36 38 39 40 41 42 25 ==202.0
18 26       18 22 26 ==38.0
18 27       18 22 24 27 ==51.0
18 28       18 22 24 27 28 ==78.0
18 29       18 22 24 27 28 29 ==91.0
18 30       18 22 24 27 28 29 30 ==97.0
18 31       18 22 24 27 28 29 30 31 ==101.0
18 32       18 22 24 27 28 29 30 31 32 ==105.0
18 33       18 22 24 27 28 29 30 31 32 33 ==133.0
18 34       18 22 24 27 28 29 30 31 32 33 34 ==155.0
18 35       18 22 26 43 15 14 46 35 ==85.0
18 36       18 22 26 43 15 14 46 36 ==95.0
18 37       18 22 24 27 28 29 30 31 32 37 ==142.0
18 38       18 22 26 43 15 14 46 36 38 ==127.0
18 39       18 22 26 43 15 14 46 36 38 39 ==148.0
18 40       18 22 26 43 15 14 46 36 38 39 40 ==162.0
18 41       18 22 26 43 15 14 46 36 38 39 40 41 ==166.0
18 42       18 22 26 43 15 14 46 36 38 39 40 41 42 ==192.0
18 43       18 22 26 43 ==42.0
18 44       18 22 26 43 15 14 46 36 44 ==114.0
18 45       18 22 24 27 45 ==67.0
18 46       18 22 26 43 15 14 46 ==58.0
18 47       18 22 24 27 28 47 ==88.0
18 48       18 22 24 27 45 48 ==77.0
18 49       18 22 24 27 28 29 30 31 32 37 49 ==152.0
18 50       18 22 26 43 15 14 46 36 44 50 ==124.0
18 51       18 22 26 43 15 14 46 35 51 ==95.0
19 12       19 18 22 24 27 28 29 30 31 32 33 34 12 ==191.0
19 13       19 18 22 24 27 28 29 30 31 32 33 34 12 13 ==201.0
19 14       19 25 26 43 15 14 ==59.0
19 15       19 25 26 43 15 ==55.0
19 18       19 18 ==7.0
19 22       19 18 22 ==28.0
19 23       19 18 22 24 27 28 29 30 31 32 33 34 12 13 23 ==209.0
19 24       19 18 22 24 ==54.0
19 25       19 25 ==35.0
19 26       19 25 26 ==43.0
19 27       19 18 22 24 27 ==58.0
19 28       19 18 22 24 27 28 ==85.0
19 29       19 18 22 24 27 28 29 ==98.0
19 30       19 18 22 24 27 28 29 30 ==104.0
19 31       19 18 22 24 27 28 29 30 31 ==108.0
19 32       19 18 22 24 27 28 29 30 31 32 ==112.0
19 33       19 18 22 24 27 28 29 30 31 32 33 ==140.0
19 34       19 18 22 24 27 28 29 30 31 32 33 34 ==162.0
19 35       19 25 26 43 15 14 46 35 ==90.0
19 36       19 25 26 43 15 14 46 36 ==100.0
19 37       19 18 22 24 27 28 29 30 31 32 37 ==149.0
19 38       19 25 26 43 15 14 46 36 38 ==132.0
19 39       19 25 26 43 15 14 46 36 38 39 ==153.0
19 40       19 25 26 43 15 14 46 36 38 39 40 ==167.0
19 41       19 25 26 43 15 14 46 36 38 39 40 41 ==171.0
19 42       19 25 26 43 15 14 46 36 38 39 40 41 42 ==197.0
19 43       19 25 26 43 ==47.0
19 44       19 25 26 43 15 14 46 36 44 ==119.0
19 45       19 18 22 24 27 45 ==74.0
19 46       19 25 26 43 15 14 46 ==63.0
19 47       19 18 22 24 27 28 47 ==95.0
19 48       19 18 22 24 27 45 48 ==84.0
19 49       19 25 26 43 15 14 46 36 38 37 49 ==159.0
19 50       19 25 26 43 15 14 46 36 44 50 ==129.0
19 51       19 25 26 43 15 14 46 35 51 ==100.0
20 10       20 10 ==7.0
20 12       20 21 23 24 27 28 29 30 31 32 33 34 12 ==188.0
20 13       20 21 23 24 27 28 29 30 31 32 33 34 12 13 ==198.0
20 14       20 10 15 14 ==47.0
20 15       20 10 15 ==43.0
20 21       20 21 ==35.0
20 23       20 21 23 ==47.0
20 24       20 21 23 24 ==51.0
20 25       20 10 15 14 46 36 38 39 40 41 42 25 ==195.0
20 26       20 10 15 14 46 36 38 39 40 41 42 25 26 ==203.0
20 27       20 21 23 24 27 ==55.0
20 28       20 21 23 24 27 28 ==82.0
20 29       20 21 23 24 27 28 29 ==95.0
20 30       20 21 23 24 27 28 29 30 ==101.0
20 31       20 21 23 24 27 28 29 30 31 ==105.0
20 32       20 21 23 24 27 28 29 30 31 32 ==109.0
20 33       20 21 23 24 27 28 29 30 31 32 33 ==137.0
20 34       20 21 23 24 27 28 29 30 31 32 33 34 ==159.0
20 35       20 10 15 14 46 35 ==78.0
20 36       20 10 15 14 46 36 ==88.0
20 37       20 10 15 14 46 36 38 37 ==146.0
20 38       20 10 15 14 46 36 38 ==120.0
20 39       20 10 15 14 46 36 38 39 ==141.0
20 40       20 10 15 14 46 36 38 39 40 ==155.0
20 41       20 10 15 14 46 36 38 39 40 41 ==159.0
20 42       20 10 15 14 46 36 38 39 40 41 42 ==185.0
20 43       20 21 23 24 27 28 29 30 31 43 ==145.0
20 44       20 10 15 14 46 36 44 ==107.0
20 45       20 21 23 24 27 45 ==71.0
20 46       20 10 15 14 46 ==51.0
20 47       20 21 23 24 27 28 47 ==92.0
20 48       20 21 23 24 27 45 48 ==81.0
20 49       20 21 23 24 27 28 29 30 31 32 37 49 ==156.0
20 50       20 10 15 14 46 36 44 50 ==117.0
20 51       20 10 15 14 46 35 51 ==88.0
21 12       21 23 24 27 28 29 30 31 32 33 34 12 ==153.0
21 13       21 23 24 27 28 29 30 31 32 33 34 12 13 ==163.0
21 14       21 23 24 27 28 29 30 31 43 15 14 ==122.0
21 15       21 23 24 27 28 29 30 31 43 15 ==118.0
21 23       21 23 ==12.0
21 24       21 23 24 ==16.0
21 25       21 23 24 27 28 29 30 31 43 15 14 46 36 38 39 40 41 42 25 ==270.0
21 26       21 23 24 27 28 29 30 31 43 15 14 46 36 38 39 40 41 42 25 26 ==278.0
21 27       21 23 24 27 ==20.0
21 28       21 23 24 27 28 ==47.0
21 29       21 23 24 27 28 29 ==60.0
21 30       21 23 24 27 28 29 30 ==66.0
21 31       21 23 24 27 28 29 30 31 ==70.0
21 32       21 23 24 27 28 29 30 31 32 ==74.0
21 33       21 23 24 27 28 29 30 31 32 33 ==102.0
21 34       21 23 24 27 28 29 30 31 32 33 34 ==124.0
21 35       21 23 24 27 28 29 30 31 32 33 34 35 ==143.0
21 36       21 23 24 27 28 29 30 31 43 15 14 46 36 ==163.0
21 37       21 23 24 27 28 29 30 31 32 37 ==111.0
21 38       21 23 24 27 28 29 30 31 43 15 14 46 36 38 ==195.0
21 39       21 23 24 27 28 29 30 31 43 15 14 46 36 38 39 ==216.0
21 40       21 23 24 27 28 29 30 31 43 15 14 46 36 38 39 40 ==230.0
21 41       21 23 24 27 28 29 30 31 43 15 14 46 36 38 39 40 41 ==234.0
21 42       21 23 24 27 28 29 30 31 43 15 14 46 36 38 39 40 41 42 ==260.0
21 43       21 23 24 27 28 29 30 31 43 ==110.0
21 44       21 23 24 27 28 29 30 31 32 33 44 ==126.0
21 45       21 23 24 27 45 ==36.0
21 46       21 23 24 27 28 29 30 31 43 15 14 46 ==126.0
21 47       21 23 24 27 28 47 ==57.0
21 48       21 23 24 27 45 48 ==46.0
21 49       21 23 24 27 28 29 30 31 32 37 49 ==121.0
21 50       21 23 24 27 28 29 30 31 32 33 44 50 ==136.0
21 51       21 23 24 27 28 29 30 31 43 15 14 46 35 51 ==153.0
22 12       22 24 27 28 29 30 31 32 33 34 12 ==163.0
22 13       22 24 27 28 29 30 31 32 33 34 12 13 ==173.0
22 14       22 26 43 15 14 ==33.0
22 15       22 26 43 15 ==29.0
22 23       22 24 27 28 29 30 31 32 33 34 12 13 23 ==181.0
22 24       22 24 ==26.0
22 25       22 26 43 15 14 46 36 38 39 40 41 42 25 ==181.0
22 26       22 26 ==17.0
22 27       22 24 27 ==30.0
22 28       22 24 27 28 ==57.0
22 29       22 24 27 28 29 ==70.0
22 30       22 24 27 28 29 30 ==76.0
22 31       22 24 27 28 29 30 31 ==80.0
22 32       22 24 27 28 29 30 31 32 ==84.0
22 33       22 24 27 28 29 30 31 32 33 ==112.0
22 34       22 24 27 28 29 30 31 32 33 34 ==134.0
22 35       22 26 43 15 14 46 35 ==64.0
22 36       22 26 43 15 14 46 36 ==74.0
22 37       22 24 27 28 29 30 31 32 37 ==121.0
22 38       22 26 43 15 14 46 36 38 ==106.0
22 39       22 26 43 15 14 46 36 38 39 ==127.0
22 40       22 26 43 15 14 46 36 38 39 40 ==141.0
22 41       22 26 43 15 14 46 36 38 39 40 41 ==145.0
22 42       22 26 43 15 14 46 36 38 39 40 41 42 ==171.0
22 43       22 26 43 ==21.0
22 44       22 26 43 15 14 46 36 44 ==93.0
22 45       22 24 27 45 ==46.0
22 46       22 26 43 15 14 46 ==37.0
22 47       22 24 27 28 47 ==67.0
22 48       22 24 27 45 48 ==56.0
22 49       22 24 27 28 29 30 31 32 37 49 ==131.0
22 50       22 26 43 15 14 46 36 44 50 ==103.0
22 51       22 26 43 15 14 46 35 51 ==74.0
23 12       23 24 27 28 29 30 31 32 33 34 12 ==141.0
23 13       23 24 27 28 29 30 31 32 33 34 12 13 ==151.0
23 14       23 24 27 28 29 30 31 43 15 14 ==110.0
23 15       23 24 27 28 29 30 31 43 15 ==106.0
23 24       23 24 ==4.0
23 25       23 24 27 28 29 30 31 43 15 14 46 36 38 39 40 41 42 25 ==258.0
23 26       23 24 27 28 29 30 31 43 15 14 46 36 38 39 40 41 42 25 26 ==266.0
23 27       23 24 27 ==8.0
23 28       23 24 27 28 ==35.0
23 29       23 24 27 28 29 ==48.0
23 30       23 24 27 28 29 30 ==54.0
23 31       23 24 27 28 29 30 31 ==58.0
23 32       23 24 27 28 29 30 31 32 ==62.0
23 33       23 24 27 28 29 30 31 32 33 ==90.0
23 34       23 24 27 28 29 30 31 32 33 34 ==112.0
23 35       23 24 27 28 29 30 31 32 33 34 35 ==131.0
23 36       23 24 27 28 29 30 31 43 15 14 46 36 ==151.0
23 37       23 24 27 28 29 30 31 32 37 ==99.0
23 38       23 24 27 28 29 30 31 43 15 14 46 36 38 ==183.0
23 39       23 24 27 28 29 30 31 43 15 14 46 36 38 39 ==204.0
23 40       23 24 27 28 29 30 31 43 15 14 46 36 38 39 40 ==218.0
23 41       23 24 27 28 29 30 31 43 15 14 46 36 38 39 40 41 ==222.0
23 42       23 24 27 28 29 30 31 43 15 14 46 36 38 39 40 41 42 ==248.0
23 43       23 24 27 28 29 30 31 43 ==98.0
23 44       23 24 27 28 29 30 31 32 33 44 ==114.0
23 45       23 24 27 45 ==24.0
23 46       23 24 27 28 29 30 31 43 15 14 46 ==114.0
23 47       23 24 27 28 47 ==45.0
23 48       23 24 27 45 48 ==34.0
23 49       23 24 27 28 29 30 31 32 37 49 ==109.0
23 50       23 24 27 28 29 30 31 32 33 44 50 ==124.0
23 51       23 24 27 28 29 30 31 43 15 14 46 35 51 ==141.0
24 12       24 27 28 29 30 31 32 33 34 12 ==137.0
24 13       24 27 28 29 30 31 32 33 34 12 13 ==147.0
24 14       24 27 28 29 30 31 43 15 14 ==106.0
24 15       24 27 28 29 30 31 43 15 ==102.0
24 23       24 27 28 29 30 31 32 33 34 12 13 23 ==155.0
24 25       24 27 28 29 30 31 43 15 14 46 36 38 39 40 41 42 25 ==254.0
24 26       24 27 28 29 30 31 43 15 14 46 36 38 39 40 41 42 25 26 ==262.0
24 27       24 27 ==4.0
24 28       24 27 28 ==31.0
24 29       24 27 28 29 ==44.0
24 30       24 27 28 29 30 ==50.0
24 31       24 27 28 29 30 31 ==54.0
24 32       24 27 28 29 30 31 32 ==58.0
24 33       24 27 28 29 30 31 32 33 ==86.0
24 34       24 27 28 29 30 31 32 33 34 ==108.0
24 35       24 27 28 29 30 31 32 33 34 35 ==127.0
24 36       24 27 28 29 30 31 43 15 14 46 36 ==147.0
24 37       24 27 28 29 30 31 32 37 ==95.0
24 38       24 27 28 29 30 31 43 15 14 46 36 38 ==179.0
24 39       24 27 28 29 30 31 43 15 14 46 36 38 39 ==200.0
24 40       24 27 28 29 30 31 43 15 14 46 36 38 39 40 ==214.0
24 41       24 27 28 29 30 31 43 15 14 46 36 38 39 40 41 ==218.0
24 42       24 27 28 29 30 31 43 15 14 46 36 38 39 40 41 42 ==244.0
24 43       24 27 28 29 30 31 43 ==94.0
24 44       24 27 28 29 30 31 32 33 44 ==110.0
24 45       24 27 45 ==20.0
24 46       24 27 28 29 30 31 43 15 14 46 ==110.0
24 47       24 27 28 47 ==41.0
24 48       24 27 45 48 ==30.0
24 49       24 27 28 29 30 31 32 37 49 ==105.0
24 50       24 27 28 29 30 31 32 33 44 50 ==120.0
24 51       24 27 28 29 30 31 43 15 14 46 35 51 ==137.0
25 12       25 26 43 15 14 46 36 38 39 40 41 42 30 31 32 33 34 12 ==282.0
25 13       25 26 43 15 14 46 36 38 39 40 41 42 30 31 32 33 34 12 13 ==292.0
25 14       25 26 43 15 14 ==24.0
25 15       25 26 43 15 ==20.0
25 23       25 26 43 15 14 46 36 38 39 40 41 42 30 31 32 33 34 12 13 23 ==300.0
25 24       25 26 43 15 14 46 36 38 39 40 41 42 30 31 32 33 34 12 13 23 24 ==304.0
25 26       25 26 ==8.0
25 27       25 26 43 15 14 46 36 38 39 40 41 42 30 31 32 33 34 12 13 23 24 27 ==308.0
25 28       25 26 43 15 14 46 36 38 39 40 41 42 30 31 32 33 34 12 13 23 24 27 28 ==335.0
25 29       25 26 43 15 14 46 36 38 39 40 41 42 30 31 32 33 34 12 13 23 24 27 28 29 ==348.0
25 30       25 26 43 15 14 46 36 38 39 40 41 42 30 ==195.0
25 31       25 26 43 15 14 46 36 38 39 40 41 42 30 31 ==199.0
25 32       25 26 43 15 14 46 36 38 39 40 41 42 30 31 32 ==203.0
25 33       25 26 43 15 14 46 36 38 39 40 41 42 30 31 32 33 ==231.0
25 34       25 26 43 15 14 46 36 38 39 40 41 42 30 31 32 33 34 ==253.0
25 35       25 26 43 15 14 46 35 ==55.0
25 36       25 26 43 15 14 46 36 ==65.0
25 37       25 26 43 15 14 46 36 38 37 ==129.0
25 38       25 26 43 15 14 46 36 38 ==97.0
25 39       25 26 43 15 14 46 36 38 39 ==118.0
25 40       25 26 43 15 14 46 36 38 39 40 ==132.0
25 41       25 26 43 15 14 46 36 38 39 40 41 ==136.0
25 42       25 26 43 15 14 46 36 38 39 40 41 42 ==162.0
25 43       25 26 43 ==12.0
25 44       25 26 43 15 14 46 36 44 ==84.0
25 45       25 26 43 15 14 46 36 38 39 40 41 45 ==160.0
25 46       25 26 43 15 14 46 ==28.0
25 47       25 26 43 15 14 46 36 38 39 47 ==128.0
25 48       25 26 43 15 14 46 36 38 39 40 41 45 48 ==170.0
25 49       25 26 43 15 14 46 36 38 37 49 ==139.0
25 50       25 26 43 15 14 46 36 44 50 ==94.0
25 51       25 26 43 15 14 46 35 51 ==65.0
26 12       26 43 15 14 46 36 38 39 40 41 42 30 31 32 33 34 12 ==274.0
26 13       26 43 15 14 46 36 38 39 40 41 42 30 31 32 33 34 12 13 ==284.0
26 14       26 43 15 14 ==16.0
26 15       26 43 15 ==12.0
26 23       26 43 15 14 46 36 38 39 40 41 42 30 31 32 33 34 12 13 23 ==292.0
26 24       26 43 15 14 46 36 38 39 40 41 42 30 31 32 33 34 12 13 23 24 ==296.0
26 25       26 43 15 14 46 36 38 39 40 41 42 25 ==164.0
26 27       26 43 15 14 46 36 38 39 40 41 42 30 31 32 33 34 12 13 23 24 27 ==300.0
26 28       26 43 15 14 46 36 38 39 40 41 42 30 31 32 33 34 12 13 23 24 27 28 ==327.0
26 29       26 43 15 14 46 36 38 39 40 41 42 30 31 32 33 34 12 13 23 24 27 28 29 ==340.0
26 30       26 43 15 14 46 36 38 39 40 41 42 30 ==187.0
26 31       26 43 15 14 46 36 38 39 40 41 42 30 31 ==191.0
26 32       26 43 15 14 46 36 38 39 40 41 42 30 31 32 ==195.0
26 33       26 43 15 14 46 36 38 39 40 41 42 30 31 32 33 ==223.0
26 34       26 43 15 14 46 36 38 39 40 41 42 30 31 32 33 34 ==245.0
26 35       26 43 15 14 46 35 ==47.0
26 36       26 43 15 14 46 36 ==57.0
26 37       26 43 15 14 46 36 38 37 ==121.0
26 38       26 43 15 14 46 36 38 ==89.0
26 39       26 43 15 14 46 36 38 39 ==110.0
26 40       26 43 15 14 46 36 38 39 40 ==124.0
26 41       26 43 15 14 46 36 38 39 40 41 ==128.0
26 42       26 43 15 14 46 36 38 39 40 41 42 ==154.0
26 43       26 43 ==4.0
26 44       26 43 15 14 46 36 44 ==76.0
26 45       26 43 15 14 46 36 38 39 40 41 45 ==152.0
26 46       26 43 15 14 46 ==20.0
26 47       26 43 15 14 46 36 38 39 47 ==120.0
26 48       26 43 15 14 46 36 38 39 40 41 45 48 ==162.0
26 49       26 43 15 14 46 36 38 37 49 ==131.0
26 50       26 43 15 14 46 36 44 50 ==86.0
26 51       26 43 15 14 46 35 51 ==57.0
27 12       27 28 29 30 31 32 33 34 12 ==133.0
27 13       27 28 29 30 31 32 33 34 12 13 ==143.0
27 14       27 28 29 30 31 43 15 14 ==102.0
27 15       27 28 29 30 31 43 15 ==98.0
27 23       27 28 29 30 31 32 33 34 12 13 23 ==151.0
27 24       27 28 29 30 31 32 33 34 12 13 23 24 ==155.0
27 25       27 28 29 30 31 43 15 14 46 36 38 39 40 41 42 25 ==250.0
27 26       27 28 29 30 31 43 15 14 46 36 38 39 40 41 42 25 26 ==258.0
27 28       27 28 ==27.0
27 29       27 28 29 ==40.0
27 30       27 28 29 30 ==46.0
27 31       27 28 29 30 31 ==50.0
27 32       27 28 29 30 31 32 ==54.0
27 33       27 28 29 30 31 32 33 ==82.0
27 34       27 28 29 30 31 32 33 34 ==104.0
27 35       27 28 29 30 31 32 33 34 35 ==123.0
27 36       27 28 29 30 31 43 15 14 46 36 ==143.0
27 37       27 28 29 30 31 32 37 ==91.0
27 38       27 28 29 30 31 43 15 14 46 36 38 ==175.0
27 39       27 28 29 30 31 43 15 14 46 36 38 39 ==196.0
27 40       27 28 29 30 31 43 15 14 46 36 38 39 40 ==210.0
27 41       27 28 29 30 31 43 15 14 46 36 38 39 40 41 ==214.0
27 42       27 28 29 30 31 43 15 14 46 36 38 39 40 41 42 ==240.0
27 43       27 28 29 30 31 43 ==90.0
27 44       27 28 29 30 31 32 33 44 ==106.0
27 45       27 45 ==16.0
27 46       27 28 29 30 31 43 15 14 46 ==106.0
27 47       27 28 47 ==37.0
27 48       27 45 48 ==26.0
27 49       27 28 29 30 31 32 37 49 ==101.0
27 50       27 28 29 30 31 32 33 44 50 ==116.0
27 51       27 28 29 30 31 43 15 14 46 35 51 ==133.0
28 12       28 29 30 31 32 33 34 12 ==106.0
28 13       28 29 30 31 32 33 34 12 13 ==116.0
28 14       28 29 30 31 43 15 14 ==75.0
28 15       28 29 30 31 43 15 ==71.0
28 23       28 29 30 31 32 33 34 12 13 23 ==124.0
28 24       28 29 30 31 32 33 34 12 13 23 24 ==128.0
28 25       28 29 30 31 43 15 14 46 36 38 39 40 41 42 25 ==223.0
28 26       28 29 30 31 43 15 14 46 36 38 39 40 41 42 25 26 ==231.0
28 27       28 29 30 31 32 33 34 12 13 23 24 27 ==132.0
28 29       28 29 ==13.0
28 30       28 29 30 ==19.0
28 31       28 29 30 31 ==23.0
28 32       28 29 30 31 32 ==27.0
28 33       28 29 30 31 32 33 ==55.0
28 34       28 29 30 31 32 33 34 ==77.0
28 35       28 29 30 31 32 33 34 35 ==96.0
28 36       28 29 30 31 43 15 14 46 36 ==116.0
28 37       28 29 30 31 32 37 ==64.0
28 38       28 29 30 31 43 15 14 46 36 38 ==148.0
28 39       28 29 30 31 43 15 14 46 36 38 39 ==169.0
28 40       28 29 30 31 43 15 14 46 36 38 39 40 ==183.0
28 41       28 29 30 31 43 15 14 46 36 38 39 40 41 ==187.0
28 42       28 29 30 31 43 15 14 46 36 38 39 40 41 42 ==213.0
28 43       28 29 30 31 43 ==63.0
28 44       28 29 30 31 32 33 44 ==79.0
28 45       28 29 30 31 32 33 34 12 13 23 24 27 45 ==148.0
28 46       28 29 30 31 43 15 14 46 ==79.0
28 47       28 47 ==10.0
28 48       28 29 30 31 32 33 34 12 13 23 24 27 45 48 ==158.0
28 49       28 29 30 31 32 37 49 ==74.0
28 50       28 29 30 31 32 33 44 50 ==89.0
28 51       28 29 30 31 43 15 14 46 35 51 ==106.0
29 12       29 30 31 32 33 34 12 ==93.0
29 13       29 30 31 32 33 34 12 13 ==103.0
29 14       29 30 31 43 15 14 ==62.0
29 15       29 30 31 43 15 ==58.0
29 23       29 30 31 32 33 34 12 13 23 ==111.0
29 24       29 30 31 32 33 34 12 13 23 24 ==115.0
29 25       29 30 31 43 15 14 46 36 38 39 40 41 42 25 ==210.0
29 26       29 30 31 43 15 14 46 36 38 39 40 41 42 25 26 ==218.0
29 27       29 30 31 32 33 34 12 13 23 24 27 ==119.0
29 28       29 30 31 32 33 34 12 13 23 24 27 28 ==146.0
29 30       29 30 ==6.0
29 31       29 30 31 ==10.0
29 32       29 30 31 32 ==14.0
29 33       29 30 31 32 33 ==42.0
29 34       29 30 31 32 33 34 ==64.0
29 35       29 30 31 32 33 34 35 ==83.0
29 36       29 30 31 43 15 14 46 36 ==103.0
29 37       29 30 31 32 37 ==51.0
29 38       29 30 31 43 15 14 46 36 38 ==135.0
29 39       29 30 31 43 15 14 46 36 38 39 ==156.0
29 40       29 30 31 43 15 14 46 36 38 39 40 ==170.0
29 41       29 30 31 43 15 14 46 36 38 39 40 41 ==174.0
29 42       29 30 31 43 15 14 46 36 38 39 40 41 42 ==200.0
29 43       29 30 31 43 ==50.0
29 44       29 30 31 32 33 44 ==66.0
29 45       29 30 31 32 33 34 12 13 23 24 27 45 ==135.0
29 46       29 30 31 43 15 14 46 ==66.0
29 47       29 30 31 32 33 34 12 13 23 24 27 28 47 ==156.0
29 48       29 30 31 32 33 34 12 13 23 24 27 45 48 ==145.0
29 49       29 30 31 32 37 49 ==61.0
29 50       29 30 31 32 33 44 50 ==76.0
29 51       29 30 31 43 15 14 46 35 51 ==93.0
30 12       30 31 32 33 34 12 ==87.0
30 13       30 31 32 33 34 12 13 ==97.0
30 14       30 31 43 15 14 ==56.0
30 15       30 31 43 15 ==52.0
30 23       30 31 32 33 34 12 13 23 ==105.0
30 24       30 31 32 33 34 12 13 23 24 ==109.0
30 25       30 31 43 15 14 46 36 38 39 40 41 42 25 ==204.0
30 26       30 31 43 15 14 46 36 38 39 40 41 42 25 26 ==212.0
30 27       30 31 32 33 34 12 13 23 24 27 ==113.0
30 28       30 31 32 33 34 12 13 23 24 27 28 ==140.0
30 29       30 31 32 33 34 12 13 23 24 27 28 29 ==153.0
30 31       30 31 ==4.0
30 32       30 31 32 ==8.0
30 33       30 31 32 33 ==36.0
30 34       30 31 32 33 34 ==58.0
30 35       30 31 32 33 34 35 ==77.0
30 36       30 31 43 15 14 46 36 ==97.0
30 37       30 31 32 37 ==45.0
30 38       30 31 43 15 14 46 36 38 ==129.0
30 39       30 31 43 15 14 46 36 38 39 ==150.0
30 40       30 31 43 15 14 46 36 38 39 40 ==164.0
30 41       30 31 43 15 14 46 36 38 39 40 41 ==168.0
30 42       30 31 43 15 14 46 36 38 39 40 41 42 ==194.0
30 43       30 31 43 ==44.0
30 44       30 31 32 33 44 ==60.0
30 45       30 31 32 33 34 12 13 23 24 27 45 ==129.0
30 46       30 31 43 15 14 46 ==60.0
30 47       30 31 32 33 34 12 13 23 24 27 28 47 ==150.0
30 48       30 31 32 33 34 12 13 23 24 27 45 48 ==139.0
30 49       30 31 32 37 49 ==55.0
30 50       30 31 32 33 44 50 ==70.0
30 51       30 31 43 15 14 46 35 51 ==87.0
31 12       31 32 33 34 12 ==83.0
31 13       31 32 33 34 12 13 ==93.0
31 14       31 43 15 14 ==52.0
31 15       31 43 15 ==48.0
31 23       31 32 33 34 12 13 23 ==101.0
31 24       31 32 33 34 12 13 23 24 ==105.0
31 25       31 43 15 14 46 36 38 39 40 41 42 25 ==200.0
31 26       31 43 15 14 46 36 38 39 40 41 42 25 26 ==208.0
31 27       31 32 33 34 12 13 23 24 27 ==109.0
31 28       31 32 33 34 12 13 23 24 27 28 ==136.0
31 29       31 32 33 34 12 13 23 24 27 28 29 ==149.0
31 30       31 32 33 34 12 13 23 24 27 28 29 30 ==155.0
31 32       31 32 ==4.0
31 33       31 32 33 ==32.0
31 34       31 32 33 34 ==54.0
31 35       31 32 33 34 35 ==73.0
31 36       31 43 15 14 46 36 ==93.0
31 37       31 32 37 ==41.0
31 38       31 43 15 14 46 36 38 ==125.0
31 39       31 43 15 14 46 36 38 39 ==146.0
31 40       31 43 15 14 46 36 38 39 40 ==160.0
31 41       31 43 15 14 46 36 38 39 40 41 ==164.0
31 42       31 43 15 14 46 36 38 39 40 41 42 ==190.0
31 43       31 43 ==40.0
31 44       31 32 33 44 ==56.0
31 45       31 32 33 34 12 13 23 24 27 45 ==125.0
31 46       31 43 15 14 46 ==56.0
31 47       31 32 33 34 12 13 23 24 27 28 47 ==146.0
31 48       31 32 33 34 12 13 23 24 27 45 48 ==135.0
31 49       31 32 37 49 ==51.0
31 50       31 32 33 44 50 ==66.0
31 51       31 43 15 14 46 35 51 ==83.0
32 12       32 33 34 12 ==79.0
32 13       32 33 34 12 13 ==89.0
32 14       32 33 34 12 13 23 24 27 28 29 30 31 43 15 14 ==207.0
32 15       32 33 34 12 13 23 24 27 28 29 30 31 43 15 ==203.0
32 23       32 33 34 12 13 23 ==97.0
32 24       32 33 34 12 13 23 24 ==101.0
32 25       32 33 34 12 13 23 24 27 28 29 30 31 43 15 14 46 36 38 39 40 41 42 25 ==355.0
32 26       32 33 34 12 13 23 24 27 28 29 30 31 43 15 14 46 36 38 39 40 41 42 25 26 ==363.0
32 27       32 33 34 12 13 23 24 27 ==105.0
32 28       32 33 34 12 13 23 24 27 28 ==132.0
32 29       32 33 34 12 13 23 24 27 28 29 ==145.0
32 30       32 33 34 12 13 23 24 27 28 29 30 ==151.0
32 31       32 33 34 12 13 23 24 27 28 29 30 31 ==155.0
32 33       32 33 ==28.0
32 34       32 33 34 ==50.0
32 35       32 33 34 35 ==69.0
32 36       32 33 34 12 13 23 24 27 28 29 30 31 43 15 14 46 36 ==248.0
32 37       32 37 ==37.0
32 38       32 33 34 12 13 23 24 27 28 29 30 31 43 15 14 46 36 38 ==280.0
32 39       32 33 34 12 13 23 24 27 28 29 30 31 43 15 14 46 36 38 39 ==301.0
32 40       32 33 34 12 13 23 24 27 28 29 30 31 43 15 14 46 36 38 39 40 ==315.0
32 41       32 33 34 12 13 23 24 27 28 29 30 31 43 15 14 46 36 38 39 40 41 ==319.0
32 42       32 33 34 12 13 23 24 27 28 29 30 31 43 15 14 46 36 38 39 40 41 42 ==345.0
32 43       32 33 34 12 13 23 24 27 28 29 30 31 43 ==195.0
32 44       32 33 44 ==52.0
32 45       32 33 34 12 13 23 24 27 45 ==121.0
32 46       32 33 34 12 13 23 24 27 28 29 30 31 43 15 14 46 ==211.0
32 47       32 33 34 12 13 23 24 27 28 47 ==142.0
32 48       32 33 34 12 13 23 24 27 45 48 ==131.0
32 49       32 37 49 ==47.0
32 50       32 33 44 50 ==62.0
32 51       32 33 34 35 51 ==79.0
33 12       33 34 12 ==51.0
33 13       33 34 12 13 ==61.0
33 14       33 34 12 13 23 24 27 28 29 30 31 43 15 14 ==179.0
33 15       33 34 12 13 23 24 27 28 29 30 31 43 15 ==175.0
33 23       33 34 12 13 23 ==69.0
33 24       33 34 12 13 23 24 ==73.0
33 25       33 34 12 13 23 24 27 28 29 30 31 43 15 14 46 36 38 39 40 41 42 25 ==327.0
33 26       33 34 12 13 23 24 27 28 29 30 31 43 15 14 46 36 38 39 40 41 42 25 26 ==335.0
33 27       33 34 12 13 23 24 27 ==77.0
33 28       33 34 12 13 23 24 27 28 ==104.0
33 29       33 34 12 13 23 24 27 28 29 ==117.0
33 30       33 34 12 13 23 24 27 28 29 30 ==123.0
33 31       33 34 12 13 23 24 27 28 29 30 31 ==127.0
33 32       33 34 12 13 23 24 27 28 29 30 31 32 ==131.0
33 34       33 34 ==22.0
33 35       33 34 35 ==41.0
33 36       33 34 12 13 23 24 27 28 29 30 31 43 15 14 46 36 ==220.0
33 37       33 34 12 13 23 24 27 28 29 30 31 32 37 ==168.0
33 38       33 34 12 13 23 24 27 28 29 30 31 43 15 14 46 36 38 ==252.0
33 39       33 34 12 13 23 24 27 28 29 30 31 43 15 14 46 36 38 39 ==273.0
33 40       33 34 12 13 23 24 27 28 29 30 31 43 15 14 46 36 38 39 40 ==287.0
33 41       33 34 12 13 23 24 27 28 29 30 31 43 15 14 46 36 38 39 40 41 ==291.0
33 42       33 34 12 13 23 24 27 28 29 30 31 43 15 14 46 36 38 39 40 41 42 ==317.0
33 43       33 34 12 13 23 24 27 28 29 30 31 43 ==167.0
33 44       33 44 ==24.0
33 45       33 34 12 13 23 24 27 45 ==93.0
33 46       33 34 12 13 23 24 27 28 29 30 31 43 15 14 46 ==183.0
33 47       33 34 12 13 23 24 27 28 47 ==114.0
33 48       33 34 12 13 23 24 27 45 48 ==103.0
33 49       33 34 12 13 23 24 27 28 29 30 31 32 37 49 ==178.0
33 50       33 44 50 ==34.0
33 51       33 34 35 51 ==51.0
34 12       34 12 ==29.0
34 13       34 12 13 ==39.0
34 14       34 12 13 23 24 27 28 29 30 31 43 15 14 ==157.0
34 15       34 12 13 23 24 27 28 29 30 31 43 15 ==153.0
34 23       34 12 13 23 ==47.0
34 24       34 12 13 23 24 ==51.0
34 25       34 12 13 23 24 27 28 29 30 31 43 15 14 46 36 38 39 40 41 42 25 ==305.0
34 26       34 12 13 23 24 27 28 29 30 31 43 15 14 46 36 38 39 40 41 42 25 26 ==313.0
34 27       34 12 13 23 24 27 ==55.0
34 28       34 12 13 23 24 27 28 ==82.0
34 29       34 12 13 23 24 27 28 29 ==95.0
34 30       34 12 13 23 24 27 28 29 30 ==101.0
34 31       34 12 13 23 24 27 28 29 30 31 ==105.0
34 32       34 12 13 23 24 27 28 29 30 31 32 ==109.0
34 33       34 12 13 23 24 27 28 29 30 31 32 33 ==137.0
34 35       34 35 ==19.0
34 36       34 12 13 23 24 27 28 29 30 31 43 15 14 46 36 ==198.0
34 37       34 12 13 23 24 27 28 29 30 31 32 37 ==146.0
34 38       34 12 13 23 24 27 28 29 30 31 43 15 14 46 36 38 ==230.0
34 39       34 12 13 23 24 27 28 29 30 31 43 15 14 46 36 38 39 ==251.0
34 40       34 12 13 23 24 27 28 29 30 31 43 15 14 46 36 38 39 40 ==265.0
34 41       34 12 13 23 24 27 28 29 30 31 43 15 14 46 36 38 39 40 41 ==269.0
34 42       34 12 13 23 24 27 28 29 30 31 43 15 14 46 36 38 39 40 41 42 ==295.0
34 43       34 12 13 23 24 27 28 29 30 31 43 ==145.0
34 44       34 12 13 23 24 27 28 29 30 31 32 33 44 ==161.0
34 45       34 12 13 23 24 27 45 ==71.0
34 46       34 12 13 23 24 27 28 29 30 31 43 15 14 46 ==161.0
34 47       34 12 13 23 24 27 28 47 ==92.0
34 48       34 12 13 23 24 27 45 48 ==81.0
34 49       34 12 13 23 24 27 28 29 30 31 32 37 49 ==156.0
34 50       34 12 13 23 24 27 28 29 30 31 32 33 44 50 ==171.0
34 51       34 35 51 ==29.0
35 51       35 51 ==10.0
36 12       36 38 39 40 41 42 30 31 32 33 34 12 ==217.0
36 13       36 38 39 40 41 42 30 31 32 33 34 12 13 ==227.0
36 14       36 38 39 40 41 42 25 26 43 15 14 ==131.0
36 15       36 38 39 40 41 42 25 26 43 15 ==127.0
36 23       36 38 39 40 41 42 30 31 32 33 34 12 13 23 ==235.0
36 24       36 38 39 40 41 42 30 31 32 33 34 12 13 23 24 ==239.0
36 25       36 38 39 40 41 42 25 ==107.0
36 26       36 38 39 40 41 42 25 26 ==115.0
36 27       36 38 39 40 41 42 30 31 32 33 34 12 13 23 24 27 ==243.0
36 28       36 38 39 40 41 42 30 31 32 33 34 12 13 23 24 27 28 ==270.0
36 29       36 38 39 40 41 42 30 31 32 33 34 12 13 23 24 27 28 29 ==283.0
36 30       36 38 39 40 41 42 30 ==130.0
36 31       36 38 39 40 41 42 30 31 ==134.0
36 32       36 38 39 40 41 42 30 31 32 ==138.0
36 33       36 38 39 40 41 42 30 31 32 33 ==166.0
36 34       36 38 39 40 41 42 30 31 32 33 34 ==188.0
36 35       36 38 39 40 41 42 25 26 43 15 14 46 35 ==162.0
36 37       36 38 37 ==64.0
36 38       36 38 ==32.0
36 39       36 38 39 ==53.0
36 40       36 38 39 40 ==67.0
36 41       36 38 39 40 41 ==71.0
36 42       36 38 39 40 41 42 ==97.0
36 43       36 38 39 40 41 42 25 26 43 ==119.0
36 44       36 44 ==19.0
36 45       36 38 39 40 41 45 ==95.0
36 46       36 38 39 40 41 42 25 26 43 15 14 46 ==135.0
36 47       36 38 39 47 ==63.0
36 48       36 38 39 40 41 45 48 ==105.0
36 49       36 38 37 49 ==74.0
36 50       36 44 50 ==29.0
36 51       36 38 39 40 41 42 25 26 43 15 14 46 35 51 ==172.0
37 49       37 49 ==10.0
38 12       38 39 40 41 42 30 31 32 33 34 12 ==185.0
38 13       38 39 40 41 42 30 31 32 33 34 12 13 ==195.0
38 14       38 39 40 41 42 25 26 43 15 14 ==99.0
38 15       38 39 40 41 42 25 26 43 15 ==95.0
38 23       38 39 40 41 42 30 31 32 33 34 12 13 23 ==203.0
38 24       38 39 40 41 42 30 31 32 33 34 12 13 23 24 ==207.0
38 25       38 39 40 41 42 25 ==75.0
38 26       38 39 40 41 42 25 26 ==83.0
38 27       38 39 40 41 42 30 31 32 33 34 12 13 23 24 27 ==211.0
38 28       38 39 40 41 42 30 31 32 33 34 12 13 23 24 27 28 ==238.0
38 29       38 39 40 41 42 30 31 32 33 34 12 13 23 24 27 28 29 ==251.0
38 30       38 39 40 41 42 30 ==98.0
38 31       38 39 40 41 42 30 31 ==102.0
38 32       38 39 40 41 42 30 31 32 ==106.0
38 33       38 39 40 41 42 30 31 32 33 ==134.0
38 34       38 39 40 41 42 30 31 32 33 34 ==156.0
38 35       38 39 40 41 42 25 26 43 15 14 46 35 ==130.0
38 36       38 39 40 41 42 25 26 43 15 14 46 36 ==140.0
38 37       38 37 ==32.0
38 39       38 39 ==21.0
38 40       38 39 40 ==35.0
38 41       38 39 40 41 ==39.0
38 42       38 39 40 41 42 ==65.0
38 43       38 39 40 41 42 25 26 43 ==87.0
38 44       38 39 40 41 42 30 31 32 33 44 ==158.0
38 45       38 39 40 41 45 ==63.0
38 46       38 39 40 41 42 25 26 43 15 14 46 ==103.0
38 47       38 39 47 ==31.0
38 48       38 39 40 41 45 48 ==73.0
38 49       38 37 49 ==42.0
38 50       38 39 40 41 42 30 31 32 33 44 50 ==168.0
38 51       38 39 40 41 42 25 26 43 15 14 46 35 51 ==140.0
39 12       39 40 41 42 30 31 32 33 34 12 ==164.0
39 13       39 40 41 42 30 31 32 33 34 12 13 ==174.0
39 14       39 40 41 42 25 26 43 15 14 ==78.0
39 15       39 40 41 42 25 26 43 15 ==74.0
39 23       39 40 41 42 30 31 32 33 34 12 13 23 ==182.0
39 24       39 40 41 42 30 31 32 33 34 12 13 23 24 ==186.0
39 25       39 40 41 42 25 ==54.0
39 26       39 40 41 42 25 26 ==62.0
39 27       39 40 41 42 30 31 32 33 34 12 13 23 24 27 ==190.0
39 28       39 40 41 42 30 31 32 33 34 12 13 23 24 27 28 ==217.0
39 29       39 40 41 42 30 31 32 33 34 12 13 23 24 27 28 29 ==230.0
39 30       39 40 41 42 30 ==77.0
39 31       39 40 41 42 30 31 ==81.0
39 32       39 40 41 42 30 31 32 ==85.0
39 33       39 40 41 42 30 31 32 33 ==113.0
39 34       39 40 41 42 30 31 32 33 34 ==135.0
39 35       39 40 41 42 25 26 43 15 14 46 35 ==109.0
39 36       39 40 41 42 25 26 43 15 14 46 36 ==119.0
39 37       39 40 41 42 30 31 32 37 ==122.0
39 38       39 40 41 42 25 26 43 15 14 46 36 38 ==151.0
39 40       39 40 ==14.0
39 41       39 40 41 ==18.0
39 42       39 40 41 42 ==44.0
39 43       39 40 41 42 25 26 43 ==66.0
39 44       39 40 41 42 30 31 32 33 44 ==137.0
39 45       39 40 41 45 ==42.0
39 46       39 40 41 42 25 26 43 15 14 46 ==82.0
39 47       39 47 ==10.0
39 48       39 40 41 45 48 ==52.0
39 49       39 40 41 42 30 31 32 37 49 ==132.0
39 50       39 40 41 42 30 31 32 33 44 50 ==147.0
39 51       39 40 41 42 25 26 43 15 14 46 35 51 ==119.0
40 12       40 41 42 30 31 32 33 34 12 ==150.0
40 13       40 41 42 30 31 32 33 34 12 13 ==160.0
40 14       40 41 42 25 26 43 15 14 ==64.0
40 15       40 41 42 25 26 43 15 ==60.0
40 23       40 41 42 30 31 32 33 34 12 13 23 ==168.0
40 24       40 41 42 30 31 32 33 34 12 13 23 24 ==172.0
40 25       40 41 42 25 ==40.0
40 26       40 41 42 25 26 ==48.0
40 27       40 41 42 30 31 32 33 34 12 13 23 24 27 ==176.0
40 28       40 41 42 30 31 32 33 34 12 13 23 24 27 28 ==203.0
40 29       40 41 42 30 31 32 33 34 12 13 23 24 27 28 29 ==216.0
40 30       40 41 42 30 ==63.0
40 31       40 41 42 30 31 ==67.0
40 32       40 41 42 30 31 32 ==71.0
40 33       40 41 42 30 31 32 33 ==99.0
40 34       40 41 42 30 31 32 33 34 ==121.0
40 35       40 41 42 25 26 43 15 14 46 35 ==95.0
40 36       40 41 42 25 26 43 15 14 46 36 ==105.0
40 37       40 41 42 30 31 32 37 ==108.0
40 38       40 41 42 25 26 43 15 14 46 36 38 ==137.0
40 39       40 41 42 25 26 43 15 14 46 36 38 39 ==158.0
40 41       40 41 ==4.0
40 42       40 41 42 ==30.0
40 43       40 41 42 25 26 43 ==52.0
40 44       40 41 42 30 31 32 33 44 ==123.0
40 45       40 41 45 ==28.0
40 46       40 41 42 25 26 43 15 14 46 ==68.0
40 47       40 41 42 25 26 43 15 14 46 36 38 39 47 ==168.0
40 48       40 41 45 48 ==38.0
40 49       40 41 42 30 31 32 37 49 ==118.0
40 50       40 41 42 30 31 32 33 44 50 ==133.0
40 51       40 41 42 25 26 43 15 14 46 35 51 ==105.0
41 12       41 42 30 31 32 33 34 12 ==146.0
41 13       41 42 30 31 32 33 34 12 13 ==156.0
41 14       41 42 25 26 43 15 14 ==60.0
41 15       41 42 25 26 43 15 ==56.0
41 23       41 42 30 31 32 33 34 12 13 23 ==164.0
41 24       41 42 30 31 32 33 34 12 13 23 24 ==168.0
41 25       41 42 25 ==36.0
41 26       41 42 25 26 ==44.0
41 27       41 42 30 31 32 33 34 12 13 23 24 27 ==172.0
41 28       41 42 30 31 32 33 34 12 13 23 24 27 28 ==199.0
41 29       41 42 30 31 32 33 34 12 13 23 24 27 28 29 ==212.0
41 30       41 42 30 ==59.0
41 31       41 42 30 31 ==63.0
41 32       41 42 30 31 32 ==67.0
41 33       41 42 30 31 32 33 ==95.0
41 34       41 42 30 31 32 33 34 ==117.0
41 35       41 42 25 26 43 15 14 46 35 ==91.0
41 36       41 42 25 26 43 15 14 46 36 ==101.0
41 37       41 42 30 31 32 37 ==104.0
41 38       41 42 25 26 43 15 14 46 36 38 ==133.0
41 39       41 42 25 26 43 15 14 46 36 38 39 ==154.0
41 40       41 42 25 26 43 15 14 46 36 38 39 40 ==168.0
41 42       41 42 ==26.0
41 43       41 42 25 26 43 ==48.0
41 44       41 42 30 31 32 33 44 ==119.0
41 45       41 45 ==24.0
41 46       41 42 25 26 43 15 14 46 ==64.0
41 47       41 42 25 26 43 15 14 46 36 38 39 47 ==164.0
41 48       41 45 48 ==34.0
41 49       41 42 30 31 32 37 49 ==114.0
41 50       41 42 30 31 32 33 44 50 ==129.0
41 51       41 42 25 26 43 15 14 46 35 51 ==101.0
42 12       42 30 31 32 33 34 12 ==120.0
42 13       42 30 31 32 33 34 12 13 ==130.0
42 14       42 25 26 43 15 14 ==34.0
42 15       42 25 26 43 15 ==30.0
42 23       42 30 31 32 33 34 12 13 23 ==138.0
42 24       42 30 31 32 33 34 12 13 23 24 ==142.0
42 25       42 25 ==10.0
42 26       42 25 26 ==18.0
42 27       42 30 31 32 33 34 12 13 23 24 27 ==146.0
42 28       42 30 31 32 33 34 12 13 23 24 27 28 ==173.0
42 29       42 30 31 32 33 34 12 13 23 24 27 28 29 ==186.0
42 30       42 30 ==33.0
42 31       42 30 31 ==37.0
42 32       42 30 31 32 ==41.0
42 33       42 30 31 32 33 ==69.0
42 34       42 30 31 32 33 34 ==91.0
42 35       42 25 26 43 15 14 46 35 ==65.0
42 36       42 25 26 43 15 14 46 36 ==75.0
42 37       42 30 31 32 37 ==78.0
42 38       42 25 26 43 15 14 46 36 38 ==107.0
42 39       42 25 26 43 15 14 46 36 38 39 ==128.0
42 40       42 25 26 43 15 14 46 36 38 39 40 ==142.0
42 41       42 25 26 43 15 14 46 36 38 39 40 41 ==146.0
42 43       42 25 26 43 ==22.0
42 44       42 30 31 32 33 44 ==93.0
42 45       42 30 31 32 33 34 12 13 23 24 27 45 ==162.0
42 46       42 25 26 43 15 14 46 ==38.0
42 47       42 25 26 43 15 14 46 36 38 39 47 ==138.0
42 48       42 30 31 32 33 34 12 13 23 24 27 45 48 ==172.0
42 49       42 30 31 32 37 49 ==88.0
42 50       42 30 31 32 33 44 50 ==103.0
42 51       42 25 26 43 15 14 46 35 51 ==75.0
43 12       43 15 14 46 36 38 39 40 41 42 30 31 32 33 34 12 ==270.0
43 13       43 15 14 46 36 38 39 40 41 42 30 31 32 33 34 12 13 ==280.0
43 14       43 15 14 ==12.0
43 15       43 15 ==8.0
43 23       43 15 14 46 36 38 39 40 41 42 30 31 32 33 34 12 13 23 ==288.0
43 24       43 15 14 46 36 38 39 40 41 42 30 31 32 33 34 12 13 23 24 ==292.0
43 25       43 15 14 46 36 38 39 40 41 42 25 ==160.0
43 26       43 15 14 46 36 38 39 40 41 42 25 26 ==168.0
43 27       43 15 14 46 36 38 39 40 41 42 30 31 32 33 34 12 13 23 24 27 ==296.0
43 28       43 15 14 46 36 38 39 40 41 42 30 31 32 33 34 12 13 23 24 27 28 ==323.0
43 29       43 15 14 46 36 38 39 40 41 42 30 31 32 33 34 12 13 23 24 27 28 29 ==336.0
43 30       43 15 14 46 36 38 39 40 41 42 30 ==183.0
43 31       43 15 14 46 36 38 39 40 41 42 30 31 ==187.0
43 32       43 15 14 46 36 38 39 40 41 42 30 31 32 ==191.0
43 33       43 15 14 46 36 38 39 40 41 42 30 31 32 33 ==219.0
43 34       43 15 14 46 36 38 39 40 41 42 30 31 32 33 34 ==241.0
43 35       43 15 14 46 35 ==43.0
43 36       43 15 14 46 36 ==53.0
43 37       43 15 14 46 36 38 37 ==117.0
43 38       43 15 14 46 36 38 ==85.0
43 39       43 15 14 46 36 38 39 ==106.0
43 40       43 15 14 46 36 38 39 40 ==120.0
43 41       43 15 14 46 36 38 39 40 41 ==124.0
43 42       43 15 14 46 36 38 39 40 41 42 ==150.0
43 44       43 15 14 46 36 44 ==72.0
43 45       43 15 14 46 36 38 39 40 41 45 ==148.0
43 46       43 15 14 46 ==16.0
43 47       43 15 14 46 36 38 39 47 ==116.0
43 48       43 15 14 46 36 38 39 40 41 45 48 ==158.0
43 49       43 15 14 46 36 38 37 49 ==127.0
43 50       43 15 14 46 36 44 50 ==82.0
43 51       43 15 14 46 35 51 ==53.0
44 50       44 50 ==10.0
45 48       45 48 ==10.0
46 12       46 36 38 39 40 41 42 30 31 32 33 34 12 ==254.0
46 13       46 36 38 39 40 41 42 30 31 32 33 34 12 13 ==264.0
46 14       46 36 38 39 40 41 42 25 26 43 15 14 ==168.0
46 15       46 36 38 39 40 41 42 25 26 43 15 ==164.0
46 23       46 36 38 39 40 41 42 30 31 32 33 34 12 13 23 ==272.0
46 24       46 36 38 39 40 41 42 30 31 32 33 34 12 13 23 24 ==276.0
46 25       46 36 38 39 40 41 42 25 ==144.0
46 26       46 36 38 39 40 41 42 25 26 ==152.0
46 27       46 36 38 39 40 41 42 30 31 32 33 34 12 13 23 24 27 ==280.0
46 28       46 36 38 39 40 41 42 30 31 32 33 34 12 13 23 24 27 28 ==307.0
46 29       46 36 38 39 40 41 42 30 31 32 33 34 12 13 23 24 27 28 29 ==320.0
46 30       46 36 38 39 40 41 42 30 ==167.0
46 31       46 36 38 39 40 41 42 30 31 ==171.0
46 32       46 36 38 39 40 41 42 30 31 32 ==175.0
46 33       46 36 38 39 40 41 42 30 31 32 33 ==203.0
46 34       46 36 38 39 40 41 42 30 31 32 33 34 ==225.0
46 35       46 35 ==27.0
46 36       46 36 ==37.0
46 37       46 36 38 37 ==101.0
46 38       46 36 38 ==69.0
46 39       46 36 38 39 ==90.0
46 40       46 36 38 39 40 ==104.0
46 41       46 36 38 39 40 41 ==108.0
46 42       46 36 38 39 40 41 42 ==134.0
46 43       46 36 38 39 40 41 42 25 26 43 ==156.0
46 44       46 36 44 ==56.0
46 45       46 36 38 39 40 41 45 ==132.0
46 47       46 36 38 39 47 ==100.0
46 48       46 36 38 39 40 41 45 48 ==142.0
46 49       46 36 38 37 49 ==111.0
46 50       46 36 44 50 ==66.0
46 51       46 35 51 ==37.0
52 12       52 29 30 31 32 33 34 12 ==103.0
52 13       52 29 30 31 32 33 34 12 13 ==113.0
52 14       52 29 30 31 43 15 14 ==72.0
52 15       52 29 30 31 43 15 ==68.0
52 23       52 29 30 31 32 33 34 12 13 23 ==121.0
52 24       52 29 30 31 32 33 34 12 13 23 24 ==125.0
52 25       52 40 41 42 25 ==50.0
52 26       52 40 41 42 25 26 ==58.0
52 27       52 29 30 31 32 33 34 12 13 23 24 27 ==129.0
52 28       52 29 30 31 32 33 34 12 13 23 24 27 28 ==156.0
52 29       52 29 ==10.0
52 30       52 29 30 ==16.0
52 31       52 29 30 31 ==20.0
52 32       52 29 30 31 32 ==24.0
52 33       52 29 30 31 32 33 ==52.0
52 34       52 29 30 31 32 33 34 ==74.0
52 35       52 29 30 31 32 33 34 35 ==93.0
52 36       52 29 30 31 43 15 14 46 36 ==113.0
52 37       52 29 30 31 32 37 ==61.0
52 38       52 29 30 31 43 15 14 46 36 38 ==145.0
52 39       52 29 30 31 43 15 14 46 36 38 39 ==166.0
52 40       52 40 ==10.0
52 41       52 40 41 ==14.0
52 42       52 40 41 42 ==40.0
52 43       52 29 30 31 43 ==60.0
52 44       52 29 30 31 32 33 44 ==76.0
52 45       52 40 41 45 ==38.0
52 46       52 29 30 31 43 15 14 46 ==76.0
52 47       52 29 30 31 32 33 34 12 13 23 24 27 28 47 ==166.0
52 48       52 40 41 45 48 ==48.0
52 49       52 29 30 31 32 37 49 ==71.0
52 50       52 29 30 31 32 33 44 50 ==86.0
52 51       52 29 30 31 43 15 14 46 35 51 ==103.0
53 10       53 20 10 ==17.0
53 12       53 20 21 23 24 27 28 29 30 31 32 33 34 12 ==198.0
53 13       53 20 21 23 24 27 28 29 30 31 32 33 34 12 13 ==208.0
53 14       53 20 10 15 14 ==57.0
53 15       53 20 10 15 ==53.0
53 20       53 20 ==10.0
53 21       53 20 21 ==45.0
53 23       53 20 21 23 ==57.0
53 24       53 20 21 23 24 ==61.0
53 25       53 20 10 15 14 46 36 38 39 40 41 42 25 ==205.0
53 26       53 20 10 15 14 46 36 38 39 40 41 42 25 26 ==213.0
53 27       53 20 21 23 24 27 ==65.0
53 28       53 20 21 23 24 27 28 ==92.0
53 29       53 20 21 23 24 27 28 29 ==105.0
53 30       53 20 21 23 24 27 28 29 30 ==111.0
53 31       53 20 21 23 24 27 28 29 30 31 ==115.0
53 32       53 20 21 23 24 27 28 29 30 31 32 ==119.0
53 33       53 20 21 23 24 27 28 29 30 31 32 33 ==147.0
53 34       53 20 21 23 24 27 28 29 30 31 32 33 34 ==169.0
53 35       53 20 10 15 14 46 35 ==88.0
53 36       53 20 10 15 14 46 36 ==98.0
53 37       53 20 10 15 14 46 36 38 37 ==156.0
53 38       53 20 10 15 14 46 36 38 ==130.0
53 39       53 20 10 15 14 46 36 38 39 ==151.0
53 40       53 20 10 15 14 46 36 38 39 40 ==165.0
53 41       53 20 10 15 14 46 36 38 39 40 41 ==169.0
53 42       53 20 10 15 14 46 36 38 39 40 41 42 ==195.0
53 43       53 20 21 23 24 27 28 29 30 31 43 ==155.0
53 44       53 20 10 15 14 46 36 44 ==117.0
53 45       53 20 21 23 24 27 45 ==81.0
53 46       53 20 10 15 14 46 ==61.0
53 47       53 20 21 23 24 27 28 47 ==102.0
53 48       53 20 21 23 24 27 45 48 ==91.0
53 49       53 20 21 23 24 27 28 29 30 31 32 37 49 ==166.0
53 50       53 20 10 15 14 46 36 44 50 ==127.0
53 51       53 20 10 15 14 46 35 51 ==98.0
0 6       0 6 ==8.0
0 8       0 6 8 ==15.0
0 11       0 6 8 11 ==23.0
0 12       0 6 12 ==33.0
0 13       0 6 12 13 ==43.0
0 14       0 6 8 11 14 ==55.0
0 15       0 6 12 13 23 24 27 28 29 30 31 43 15 ==157.0
0 23       0 6 12 13 23 ==51.0
0 24       0 6 12 13 23 24 ==55.0
0 25       0 6 8 11 14 46 36 38 39 40 41 42 25 ==203.0
0 26       0 6 8 11 14 46 36 38 39 40 41 42 25 26 ==211.0
0 27       0 6 12 13 23 24 27 ==59.0
0 28       0 6 12 13 23 24 27 28 ==86.0
0 29       0 6 12 13 23 24 27 28 29 ==99.0
0 30       0 6 12 13 23 24 27 28 29 30 ==105.0
0 31       0 6 12 13 23 24 27 28 29 30 31 ==109.0
0 32       0 6 12 13 23 24 27 28 29 30 31 32 ==113.0
0 33       0 6 12 13 23 24 27 28 29 30 31 32 33 ==141.0
0 34       0 6 12 13 23 24 27 28 29 30 31 32 33 34 ==163.0
0 35       0 6 8 11 14 46 35 ==86.0
0 36       0 6 8 11 14 46 36 ==96.0
0 37       0 6 8 11 14 46 36 38 37 ==150.0
0 38       0 6 8 11 14 46 36 38 ==128.0
0 39       0 6 8 11 14 46 36 38 39 ==149.0
0 40       0 6 8 11 14 46 36 38 39 40 ==163.0
0 41       0 6 8 11 14 46 36 38 39 40 41 ==167.0
0 42       0 6 8 11 14 46 36 38 39 40 41 42 ==193.0
0 43       0 6 12 13 23 24 27 28 29 30 31 43 ==149.0
0 44       0 6 8 11 14 46 36 44 ==115.0
0 45       0 6 12 13 23 24 27 45 ==75.0
0 46       0 6 8 11 14 46 ==59.0
0 47       0 6 12 13 23 24 27 28 47 ==96.0
0 48       0 6 12 13 23 24 27 45 48 ==85.0
0 49       0 6 12 13 23 24 27 28 29 30 31 32 37 49 ==160.0
0 50       0 6 8 11 14 46 36 44 50 ==125.0
0 51       0 6 8 11 14 46 35 51 ==96.0
1 7       1 7 ==12.0
1 8       1 7 8 ==16.0
1 11       1 7 8 11 ==24.0
1 12       1 7 8 11 13 23 24 27 28 29 30 31 32 33 34 12 ==201.0
1 13       1 7 8 11 13 ==52.0
1 14       1 7 8 11 14 ==56.0
1 15       1 7 8 11 13 23 24 27 28 29 30 31 43 15 ==166.0
1 23       1 7 8 11 13 23 ==60.0
1 24       1 7 8 11 13 23 24 ==64.0
1 25       1 7 8 11 14 46 36 38 39 40 41 42 25 ==204.0
1 26       1 7 8 11 14 46 36 38 39 40 41 42 25 26 ==212.0
1 27       1 7 8 11 13 23 24 27 ==68.0
1 28       1 7 8 11 13 23 24 27 28 ==95.0
1 29       1 7 8 11 13 23 24 27 28 29 ==108.0
1 30       1 7 8 11 13 23 24 27 28 29 30 ==114.0
1 31       1 7 8 11 13 23 24 27 28 29 30 31 ==118.0
1 32       1 7 8 11 13 23 24 27 28 29 30 31 32 ==122.0
1 33       1 7 8 11 13 23 24 27 28 29 30 31 32 33 ==150.0
1 34       1 7 8 11 13 23 24 27 28 29 30 31 32 33 34 ==172.0
1 35       1 7 8 11 14 46 35 ==87.0
1 36       1 7 8 11 14 46 36 ==97.0
1 37       1 7 8 11 14 46 36 38 37 ==159.0
1 38       1 7 8 11 14 46 36 38 ==129.0
1 39       1 7 8 11 14 46 36 38 39 ==150.0
1 40       1 7 8 11 14 46 36 38 39 40 ==164.0
1 41       1 7 8 11 14 46 36 38 39 40 41 ==168.0
1 42       1 7 8 11 14 46 36 38 39 40 41 42 ==194.0
1 43       1 7 8 11 13 23 24 27 28 29 30 31 43 ==158.0
1 44       1 7 8 11 14 46 36 44 ==116.0
1 45       1 7 8 11 13 23 24 27 45 ==84.0
1 46       1 7 8 11 14 46 ==60.0
1 47       1 7 8 11 13 23 24 27 28 47 ==105.0
1 48       1 7 8 11 13 23 24 27 45 48 ==94.0
1 49       1 7 8 11 13 23 24 27 28 29 30 31 32 37 49 ==169.0
1 50       1 7 8 11 14 46 36 44 50 ==126.0
1 51       1 7 8 11 14 46 35 51 ==97.0
2 7       2 9 7 ==16.0
2 8       2 9 7 8 ==20.0
2 9       2 9 ==9.0
2 10       2 9 10 ==29.0
2 11       2 9 7 8 11 ==28.0
2 12       2 9 7 8 11 13 23 24 27 28 29 30 31 32 33 34 12 ==205.0
2 13       2 9 7 8 11 13 ==56.0
2 14       2 9 7 8 11 14 ==60.0
2 15       2 9 10 15 ==65.0
2 23       2 9 7 8 11 13 23 ==64.0
2 24       2 9 7 8 11 13 23 24 ==68.0
2 25       2 9 7 8 11 14 46 36 38 39 40 41 42 25 ==208.0
2 26       2 9 7 8 11 14 46 36 38 39 40 41 42 25 26 ==216.0
2 27       2 9 7 8 11 13 23 24 27 ==72.0
2 28       2 9 7 8 11 13 23 24 27 28 ==99.0
2 29       2 9 7 8 11 13 23 24 27 28 29 ==112.0
2 30       2 9 7 8 11 13 23 24 27 28 29 30 ==118.0
2 31       2 9 7 8 11 13 23 24 27 28 29 30 31 ==122.0
2 32       2 9 7 8 11 13 23 24 27 28 29 30 31 32 ==126.0
2 33       2 9 7 8 11 13 23 24 27 28 29 30 31 32 33 ==154.0
2 34       2 9 7 8 11 13 23 24 27 28 29 30 31 32 33 34 ==176.0
2 35       2 9 7 8 11 14 46 35 ==91.0
2 36       2 9 7 8 11 14 46 36 ==101.0
2 37       2 9 7 8 11 14 46 36 38 37 ==163.0
2 38       2 9 7 8 11 14 46 36 38 ==133.0
2 39       2 9 7 8 11 14 46 36 38 39 ==154.0
2 40       2 9 7 8 11 14 46 36 38 39 40 ==168.0
2 41       2 9 7 8 11 14 46 36 38 39 40 41 ==172.0
2 42       2 9 7 8 11 14 46 36 38 39 40 41 42 ==198.0
2 43       2 9 7 8 11 13 23 24 27 28 29 30 31 43 ==162.0
2 44       2 9 7 8 11 14 46 36 44 ==120.0
2 45       2 9 7 8 11 13 23 24 27 45 ==88.0
2 46       2 9 7 8 11 14 46 ==64.0
2 47       2 9 7 8 11 13 23 24 27 28 47 ==109.0
2 48       2 9 7 8 11 13 23 24 27 45 48 ==98.0
2 49       2 9 7 8 11 13 23 24 27 28 29 30 31 32 37 49 ==173.0
2 50       2 9 7 8 11 14 46 36 44 50 ==130.0
2 51       2 9 7 8 11 14 46 35 51 ==101.0
3 12       3 16 21 23 24 27 28 29 30 31 32 33 34 12 ==201.0
3 13       3 16 21 23 24 27 28 29 30 31 32 33 34 12 13 ==211.0
3 14       3 16 17 18 22 26 43 15 14 ==71.0
3 15       3 16 17 18 22 26 43 15 ==67.0
3 16       3 16 ==4.0
3 17       3 16 17 ==13.0
3 18       3 16 17 18 ==17.0
3 21       3 16 21 ==61.0
3 22       3 16 17 18 22 ==38.0
3 23       3 16 21 23 ==73.0
3 24       3 16 17 18 22 24 ==64.0
3 25       3 16 17 18 22 26 43 15 14 46 36 38 39 40 41 42 25 ==219.0
3 26       3 16 17 18 22 26 ==55.0
3 27       3 16 21 23 24 27 ==68.0
3 28       3 16 21 23 24 27 28 ==95.0
3 29       3 16 21 23 24 27 28 29 ==108.0
3 30       3 16 21 23 24 27 28 29 30 ==114.0
3 31       3 16 21 23 24 27 28 29 30 31 ==118.0
3 32       3 16 21 23 24 27 28 29 30 31 32 ==122.0
3 33       3 16 21 23 24 27 28 29 30 31 32 33 ==150.0
3 34       3 16 21 23 24 27 28 29 30 31 32 33 34 ==172.0
3 35       3 16 17 18 22 26 43 15 14 46 35 ==102.0
3 36       3 16 17 18 22 26 43 15 14 46 36 ==112.0
3 37       3 16 21 23 24 27 28 29 30 31 32 37 ==159.0
3 38       3 16 17 18 22 26 43 15 14 46 36 38 ==144.0
3 39       3 16 17 18 22 26 43 15 14 46 36 38 39 ==165.0
3 40       3 16 17 18 22 26 43 15 14 46 36 38 39 40 ==179.0
3 41       3 16 17 18 22 26 43 15 14 46 36 38 39 40 41 ==183.0
3 42       3 16 17 18 22 26 43 15 14 46 36 38 39 40 41 42 ==209.0
3 43       3 16 17 18 22 26 43 ==59.0
3 44       3 16 17 18 22 26 43 15 14 46 36 44 ==131.0
3 45       3 16 21 23 24 27 45 ==84.0
3 46       3 16 17 18 22 26 43 15 14 46 ==75.0
3 47       3 16 21 23 24 27 28 47 ==105.0
3 48       3 16 21 23 24 27 45 48 ==94.0
3 49       3 16 21 23 24 27 28 29 30 31 32 37 49 ==169.0
3 50       3 16 17 18 22 26 43 15 14 46 36 44 50 ==141.0
3 51       3 16 17 18 22 26 43 15 14 46 35 51 ==112.0
4 12       4 17 18 22 24 27 28 29 30 31 32 33 34 12 ==197.0
4 13       4 17 18 22 24 27 28 29 30 31 32 33 34 12 13 ==207.0
4 14       4 17 18 22 26 43 15 14 ==67.0
4 15       4 17 18 22 26 43 15 ==63.0
4 17       4 17 ==9.0
4 18       4 17 18 ==13.0
4 22       4 17 18 22 ==34.0
4 23       4 17 18 22 24 27 28 29 30 31 32 33 34 12 13 23 ==215.0
4 24       4 17 18 22 24 ==60.0
4 25       4 17 18 22 26 43 15 14 46 36 38 39 40 41 42 25 ==215.0
4 26       4 17 18 22 26 ==51.0
4 27       4 17 18 22 24 27 ==64.0
4 28       4 17 18 22 24 27 28 ==91.0
4 29       4 17 18 22 24 27 28 29 ==104.0
4 30       4 17 18 22 24 27 28 29 30 ==110.0
4 31       4 17 18 22 24 27 28 29 30 31 ==114.0
4 32       4 17 18 22 24 27 28 29 30 31 32 ==118.0
4 33       4 17 18 22 24 27 28 29 30 31 32 33 ==146.0
4 34       4 17 18 22 24 27 28 29 30 31 32 33 34 ==168.0
4 35       4 17 18 22 26 43 15 14 46 35 ==98.0
4 36       4 17 18 22 26 43 15 14 46 36 ==108.0
4 37       4 17 18 22 24 27 28 29 30 31 32 37 ==155.0
4 38       4 17 18 22 26 43 15 14 46 36 38 ==140.0
4 39       4 17 18 22 26 43 15 14 46 36 38 39 ==161.0
4 40       4 17 18 22 26 43 15 14 46 36 38 39 40 ==175.0
4 41       4 17 18 22 26 43 15 14 46 36 38 39 40 41 ==179.0
4 42       4 17 18 22 26 43 15 14 46 36 38 39 40 41 42 ==205.0
4 43       4 17 18 22 26 43 ==55.0
4 44       4 17 18 22 26 43 15 14 46 36 44 ==127.0
4 45       4 17 18 22 24 27 45 ==80.0
4 46       4 17 18 22 26 43 15 14 46 ==71.0
4 47       4 17 18 22 24 27 28 47 ==101.0
4 48       4 17 18 22 24 27 45 48 ==90.0
4 49       4 17 18 22 24 27 28 29 30 31 32 37 49 ==165.0
4 50       4 17 18 22 26 43 15 14 46 36 44 50 ==137.0
4 51       4 17 18 22 26 43 15 14 46 35 51 ==108.0
5 12       5 19 18 22 24 27 28 29 30 31 32 33 34 12 ==195.0
5 13       5 19 18 22 24 27 28 29 30 31 32 33 34 12 13 ==205.0
5 14       5 19 25 26 43 15 14 ==63.0
5 15       5 19 25 26 43 15 ==59.0
5 18       5 19 18 ==11.0
5 19       5 19 ==4.0
5 22       5 19 18 22 ==32.0
5 23       5 19 18 22 24 27 28 29 30 31 32 33 34 12 13 23 ==213.0
5 24       5 19 18 22 24 ==58.0
5 25       5 19 25 ==39.0
5 26       5 19 25 26 ==47.0
5 27       5 19 18 22 24 27 ==62.0
5 28       5 19 18 22 24 27 28 ==89.0
5 29       5 19 18 22 24 27 28 29 ==102.0
5 30       5 19 18 22 24 27 28 29 30 ==108.0
5 31       5 19 18 22 24 27 28 29 30 31 ==112.0
5 32       5 19 18 22 24 27 28 29 30 31 32 ==116.0
5 33       5 19 18 22 24 27 28 29 30 31 32 33 ==144.0
5 34       5 19 18 22 24 27 28 29 30 31 32 33 34 ==166.0
5 35       5 19 25 26 43 15 14 46 35 ==94.0
5 36       5 19 25 26 43 15 14 46 36 ==104.0
5 37       5 19 18 22 24 27 28 29 30 31 32 37 ==153.0
5 38       5 19 25 26 43 15 14 46 36 38 ==136.0
5 39       5 19 25 26 43 15 14 46 36 38 39 ==157.0
5 40       5 19 25 26 43 15 14 46 36 38 39 40 ==171.0
5 41       5 19 25 26 43 15 14 46 36 38 39 40 41 ==175.0
5 42       5 19 25 26 43 15 14 46 36 38 39 40 41 42 ==201.0
5 43       5 19 25 26 43 ==51.0
5 44       5 19 25 26 43 15 14 46 36 44 ==123.0
5 45       5 19 18 22 24 27 45 ==78.0
5 46       5 19 25 26 43 15 14 46 ==67.0
5 47       5 19 18 22 24 27 28 47 ==99.0
5 48       5 19 18 22 24 27 45 48 ==88.0
5 49       5 19 25 26 43 15 14 46 36 38 37 49 ==163.0
5 50       5 19 25 26 43 15 14 46 36 44 50 ==133.0
5 51       5 19 25 26 43 15 14 46 35 51 ==104.0
6 8       6 8 ==7.0
6 11       6 8 11 ==15.0
6 12       6 12 ==25.0
6 13       6 12 13 ==35.0
6 14       6 8 11 14 ==47.0
6 15       6 12 13 23 24 27 28 29 30 31 43 15 ==149.0
6 23       6 12 13 23 ==43.0
6 24       6 12 13 23 24 ==47.0
6 25       6 8 11 14 46 36 38 39 40 41 42 25 ==195.0
6 26       6 8 11 14 46 36 38 39 40 41 42 25 26 ==203.0
6 27       6 12 13 23 24 27 ==51.0
6 28       6 12 13 23 24 27 28 ==78.0
6 29       6 12 13 23 24 27 28 29 ==91.0
6 30       6 12 13 23 24 27 28 29 30 ==97.0
6 31       6 12 13 23 24 27 28 29 30 31 ==101.0
6 32       6 12 13 23 24 27 28 29 30 31 32 ==105.0
6 33       6 12 13 23 24 27 28 29 30 31 32 33 ==133.0
6 34       6 12 13 23 24 27 28 29 30 31 32 33 34 ==155.0
6 35       6 8 11 14 46 35 ==78.0
6 36       6 8 11 14 46 36 ==88.0
6 37       6 8 11 14 46 36 38 37 ==142.0
6 38       6 8 11 14 46 36 38 ==120.0
6 39       6 8 11 14 46 36 38 39 ==141.0
6 40       6 8 11 14 46 36 38 39 40 ==155.0
6 41       6 8 11 14 46 36 38 39 40 41 ==159.0
6 42       6 8 11 14 46 36 38 39 40 41 42 ==185.0
6 43       6 12 13 23 24 27 28 29 30 31 43 ==141.0
6 44       6 8 11 14 46 36 44 ==107.0
6 45       6 12 13 23 24 27 45 ==67.0
6 46       6 8 11 14 46 ==51.0
6 47       6 12 13 23 24 27 28 47 ==88.0
6 48       6 12 13 23 24 27 45 48 ==77.0
6 49       6 12 13 23 24 27 28 29 30 31 32 37 49 ==152.0
6 50       6 8 11 14 46 36 44 50 ==117.0
6 51       6 8 11 14 46 35 51 ==88.0
7 8       7 8 ==4.0
7 11       7 8 11 ==12.0
7 12       7 8 11 13 23 24 27 28 29 30 31 32 33 34 12 ==189.0
7 13       7 8 11 13 ==40.0
7 14       7 8 11 14 ==44.0
7 15       7 8 11 13 23 24 27 28 29 30 31 43 15 ==154.0
7 23       7 8 11 13 23 ==48.0
7 24       7 8 11 13 23 24 ==52.0
7 25       7 8 11 14 46 36 38 39 40 41 42 25 ==192.0
7 26       7 8 11 14 46 36 38 39 40 41 42 25 26 ==200.0
7 27       7 8 11 13 23 24 27 ==56.0
7 28       7 8 11 13 23 24 27 28 ==83.0
7 29       7 8 11 13 23 24 27 28 29 ==96.0
7 30       7 8 11 13 23 24 27 28 29 30 ==102.0
7 31       7 8 11 13 23 24 27 28 29 30 31 ==106.0
7 32       7 8 11 13 23 24 27 28 29 30 31 32 ==110.0
7 33       7 8 11 13 23 24 27 28 29 30 31 32 33 ==138.0
7 34       7 8 11 13 23 24 27 28 29 30 31 32 33 34 ==160.0
7 35       7 8 11 14 46 35 ==75.0
7 36       7 8 11 14 46 36 ==85.0
7 37       7 8 11 14 46 36 38 37 ==147.0
7 38       7 8 11 14 46 36 38 ==117.0
7 39       7 8 11 14 46 36 38 39 ==138.0
7 40       7 8 11 14 46 36 38 39 40 ==152.0
7 41       7 8 11 14 46 36 38 39 40 41 ==156.0
7 42       7 8 11 14 46 36 38 39 40 41 42 ==182.0
7 43       7 8 11 13 23 24 27 28 29 30 31 43 ==146.0
7 44       7 8 11 14 46 36 44 ==104.0
7 45       7 8 11 13 23 24 27 45 ==72.0
7 46       7 8 11 14 46 ==48.0
7 47       7 8 11 13 23 24 27 28 47 ==93.0
7 48       7 8 11 13 23 24 27 45 48 ==82.0
7 49       7 8 11 13 23 24 27 28 29 30 31 32 37 49 ==157.0
7 50       7 8 11 14 46 36 44 50 ==114.0
7 51       7 8 11 14 46 35 51 ==85.0
8 11       8 11 ==8.0
8 12       8 11 13 23 24 27 28 29 30 31 32 33 34 12 ==185.0
8 13       8 11 13 ==36.0
8 14       8 11 14 ==40.0
8 15       8 11 13 23 24 27 28 29 30 31 43 15 ==150.0
8 23       8 11 13 23 ==44.0
8 24       8 11 13 23 24 ==48.0
8 25       8 11 14 46 36 38 39 40 41 42 25 ==188.0
8 26       8 11 14 46 36 38 39 40 41 42 25 26 ==196.0
8 27       8 11 13 23 24 27 ==52.0
8 28       8 11 13 23 24 27 28 ==79.0
8 29       8 11 13 23 24 27 28 29 ==92.0
8 30       8 11 13 23 24 27 28 29 30 ==98.0
8 31       8 11 13 23 24 27 28 29 30 31 ==102.0
8 32       8 11 13 23 24 27 28 29 30 31 32 ==106.0
8 33       8 11 13 23 24 27 28 29 30 31 32 33 ==134.0
8 34       8 11 13 23 24 27 28 29 30 31 32 33 34 ==156.0
8 35       8 11 14 46 35 ==71.0
8 36       8 11 14 46 36 ==81.0
8 37       8 11 14 46 36 38 37 ==143.0
8 38       8 11 14 46 36 38 ==113.0
8 39       8 11 14 46 36 38 39 ==134.0
8 40       8 11 14 46 36 38 39 40 ==148.0
8 41       8 11 14 46 36 38 39 40 41 ==152.0
8 42       8 11 14 46 36 38 39 40 41 42 ==178.0
8 43       8 11 13 23 24 27 28 29 30 31 43 ==142.0
8 44       8 11 14 46 36 44 ==100.0
8 45       8 11 13 23 24 27 45 ==68.0
8 46       8 11 14 46 ==44.0
8 47       8 11 13 23 24 27 28 47 ==89.0
8 48       8 11 13 23 24 27 45 48 ==78.0
8 49       8 11 13 23 24 27 28 29 30 31 32 37 49 ==153.0
8 50       8 11 14 46 36 44 50 ==110.0
8 51       8 11 14 46 35 51 ==81.0
9 7       9 7 ==7.0
9 8       9 7 8 ==11.0
9 10       9 10 ==20.0
9 11       9 7 8 11 ==19.0
9 12       9 7 8 11 13 23 24 27 28 29 30 31 32 33 34 12 ==196.0
9 13       9 7 8 11 13 ==47.0
9 14       9 7 8 11 14 ==51.0
9 15       9 10 15 ==56.0
9 23       9 7 8 11 13 23 ==55.0
9 24       9 7 8 11 13 23 24 ==59.0
9 25       9 7 8 11 14 46 36 38 39 40 41 42 25 ==199.0
9 26       9 7 8 11 14 46 36 38 39 40 41 42 25 26 ==207.0
9 27       9 7 8 11 13 23 24 27 ==63.0
9 28       9 7 8 11 13 23 24 27 28 ==90.0
9 29       9 7 8 11 13 23 24 27 28 29 ==103.0
9 30       9 7 8 11 13 23 24 27 28 29 30 ==109.0
9 31       9 7 8 11 13 23 24 27 28 29 30 31 ==113.0
9 32       9 7 8 11 13 23 24 27 28 29 30 31 32 ==117.0
9 33       9 7 8 11 13 23 24 27 28 29 30 31 32 33 ==145.0
9 34       9 7 8 11 13 23 24 27 28 29 30 31 32 33 34 ==167.0
9 35       9 7 8 11 14 46 35 ==82.0
9 36       9 7 8 11 14 46 36 ==92.0
9 37       9 7 8 11 14 46 36 38 37 ==154.0
9 38       9 7 8 11 14 46 36 38 ==124.0
9 39       9 7 8 11 14 46 36 38 39 ==145.0
9 40       9 7 8 11 14 46 36 38 39 40 ==159.0
9 41       9 7 8 11 14 46 36 38 39 40 41 ==163.0
9 42       9 7 8 11 14 46 36 38 39 40 41 42 ==189.0
9 43       9 7 8 11 13 23 24 27 28 29 30 31 43 ==153.0
9 44       9 7 8 11 14 46 36 44 ==111.0
9 45       9 7 8 11 13 23 24 27 45 ==79.0
9 46       9 7 8 11 14 46 ==55.0
9 47       9 7 8 11 13 23 24 27 28 47 ==100.0
9 48       9 7 8 11 13 23 24 27 45 48 ==89.0
9 49       9 7 8 11 13 23 24 27 28 29 30 31 32 37 49 ==164.0
9 50       9 7 8 11 14 46 36 44 50 ==121.0
9 51       9 7 8 11 14 46 35 51 ==92.0
10 12       10 15 14 46 36 38 39 40 41 42 30 31 32 33 34 12 ==298.0
10 13       10 15 14 46 36 38 39 40 41 42 30 31 32 33 34 12 13 ==308.0
10 14       10 15 14 ==40.0
10 15       10 15 ==36.0
10 23       10 15 14 46 36 38 39 40 41 42 30 31 32 33 34 12 13 23 ==316.0
10 24       10 15 14 46 36 38 39 40 41 42 30 31 32 33 34 12 13 23 24 ==320.0
10 25       10 15 14 46 36 38 39 40 41 42 25 ==188.0
10 26       10 15 14 46 36 38 39 40 41 42 25 26 ==196.0
10 27       10 15 14 46 36 38 39 40 41 42 30 31 32 33 34 12 13 23 24 27 ==324.0
10 28       10 15 14 46 36 38 39 40 41 42 30 31 32 33 34 12 13 23 24 27 28 ==351.0
10 29       10 15 14 46 36 38 39 40 41 42 30 31 32 33 34 12 13 23 24 27 28 29 ==364.0
10 30       10 15 14 46 36 38 39 40 41 42 30 ==211.0
10 31       10 15 14 46 36 38 39 40 41 42 30 31 ==215.0
10 32       10 15 14 46 36 38 39 40 41 42 30 31 32 ==219.0
10 33       10 15 14 46 36 38 39 40 41 42 30 31 32 33 ==247.0
10 34       10 15 14 46 36 38 39 40 41 42 30 31 32 33 34 ==269.0
10 35       10 15 14 46 35 ==71.0
10 36       10 15 14 46 36 ==81.0
10 37       10 15 14 46 36 38 37 ==145.0
10 38       10 15 14 46 36 38 ==113.0
10 39       10 15 14 46 36 38 39 ==134.0
10 40       10 15 14 46 36 38 39 40 ==148.0
10 41       10 15 14 46 36 38 39 40 41 ==152.0
10 42       10 15 14 46 36 38 39 40 41 42 ==178.0
10 43       10 15 14 46 36 38 39 40 41 42 25 26 43 ==200.0
10 44       10 15 14 46 36 44 ==100.0
10 45       10 15 14 46 36 38 39 40 41 45 ==176.0
10 46       10 15 14 46 ==44.0
10 47       10 15 14 46 36 38 39 47 ==144.0
10 48       10 15 14 46 36 38 39 40 41 45 48 ==186.0
10 49       10 15 14 46 36 38 37 49 ==155.0
10 50       10 15 14 46 36 44 50 ==110.0
10 51       10 15 14 46 35 51 ==81.0
11 12       11 13 23 24 27 28 29 30 31 32 33 34 12 ==177.0
11 13       11 13 ==28.0
11 14       11 14 ==32.0
11 15       11 13 23 24 27 28 29 30 31 43 15 ==142.0
11 23       11 13 23 ==36.0
11 24       11 13 23 24 ==40.0
11 25       11 14 46 36 38 39 40 41 42 25 ==180.0
11 26       11 14 46 36 38 39 40 41 42 25 26 ==188.0
11 27       11 13 23 24 27 ==44.0
11 28       11 13 23 24 27 28 ==71.0
11 29       11 13 23 24 27 28 29 ==84.0
11 30       11 13 23 24 27 28 29 30 ==90.0
11 31       11 13 23 24 27 28 29 30 31 ==94.0
11 32       11 13 23 24 27 28 29 30 31 32 ==98.0
11 33       11 13 23 24 27 28 29 30 31 32 33 ==126.0
11 34       11 13 23 24 27 28 29 30 31 32 33 34 ==148.0
11 35       11 14 46 35 ==63.0
11 36       11 14 46 36 ==73.0
11 37       11 14 46 36 38 37 ==135.0
11 38       11 14 46 36 38 ==105.0
11 39       11 14 46 36 38 39 ==126.0
11 40       11 14 46 36 38 39 40 ==140.0
11 41       11 14 46 36 38 39 40 41 ==144.0
11 42       11 14 46 36 38 39 40 41 42 ==170.0
11 43       11 13 23 24 27 28 29 30 31 43 ==134.0
11 44       11 14 46 36 44 ==92.0
11 45       11 13 23 24 27 45 ==60.0
11 46       11 14 46 ==36.0
11 47       11 13 23 24 27 28 47 ==81.0
11 48       11 13 23 24 27 45 48 ==70.0
11 49       11 13 23 24 27 28 29 30 31 32 37 49 ==145.0
11 50       11 14 46 36 44 50 ==102.0
11 51       11 14 46 35 51 ==73.0
12 13       12 13 ==10.0
12 14       12 13 23 24 27 28 29 30 31 43 15 14 ==128.0
12 15       12 13 23 24 27 28 29 30 31 43 15 ==124.0
12 23       12 13 23 ==18.0
12 24       12 13 23 24 ==22.0
12 25       12 13 23 24 27 28 29 30 31 43 15 14 46 36 38 39 40 41 42 25 ==276.0
12 26       12 13 23 24 27 28 29 30 31 43 15 14 46 36 38 39 40 41 42 25 26 ==284.0
12 27       12 13 23 24 27 ==26.0
12 28       12 13 23 24 27 28 ==53.0
12 29       12 13 23 24 27 28 29 ==66.0
12 30       12 13 23 24 27 28 29 30 ==72.0
12 31       12 13 23 24 27 28 29 30 31 ==76.0
12 32       12 13 23 24 27 28 29 30 31 32 ==80.0
12 33       12 13 23 24 27 28 29 30 31 32 33 ==108.0
12 34       12 13 23 24 27 28 29 30 31 32 33 34 ==130.0
12 35       12 13 23 24 27 28 29 30 31 32 33 34 35 ==149.0
12 36       12 13 23 24 27 28 29 30 31 43 15 14 46 36 ==169.0
12 37       12 13 23 24 27 28 29 30 31 32 37 ==117.0
12 38       12 13 23 24 27 28 29 30 31 43 15 14 46 36 38 ==201.0
12 39       12 13 23 24 27 28 29 30 31 43 15 14 46 36 38 39 ==222.0
12 40       12 13 23 24 27 28 29 30 31 43 15 14 46 36 38 39 40 ==236.0
12 41       12 13 23 24 27 28 29 30 31 43 15 14 46 36 38 39 40 41 ==240.0
12 42       12 13 23 24 27 28 29 30 31 43 15 14 46 36 38 39 40 41 42 ==266.0
12 43       12 13 23 24 27 28 29 30 31 43 ==116.0
12 44       12 13 23 24 27 28 29 30 31 32 33 44 ==132.0
12 45       12 13 23 24 27 45 ==42.0
12 46       12 13 23 24 27 28 29 30 31 43 15 14 46 ==132.0
12 47       12 13 23 24 27 28 47 ==63.0
12 48       12 13 23 24 27 45 48 ==52.0
12 49       12 13 23 24 27 28 29 30 31 32 37 49 ==127.0
12 50       12 13 23 24 27 28 29 30 31 32 33 44 50 ==142.0
12 51       12 13 23 24 27 28 29 30 31 43 15 14 46 35 51 ==159.0
13 12       13 23 24 27 28 29 30 31 32 33 34 12 ==149.0
13 14       13 23 24 27 28 29 30 31 43 15 14 ==118.0
13 15       13 23 24 27 28 29 30 31 43 15 ==114.0
13 23       13 23 ==8.0
13 24       13 23 24 ==12.0
13 25       13 23 24 27 28 29 30 31 43 15 14 46 36 38 39 40 41 42 25 ==266.0
13 26       13 23 24 27 28 29 30 31 43 15 14 46 36 38 39 40 41 42 25 26 ==274.0
13 27       13 23 24 27 ==16.0
13 28       13 23 24 27 28 ==43.0
13 29       13 23 24 27 28 29 ==56.0
13 30       13 23 24 27 28 29 30 ==62.0
13 31       13 23 24 27 28 29 30 31 ==66.0
13 32       13 23 24 27 28 29 30 31 32 ==70.0
13 33       13 23 24 27 28 29 30 31 32 33 ==98.0
13 34       13 23 24 27 28 29 30 31 32 33 34 ==120.0
13 35       13 23 24 27 28 29 30 31 32 33 34 35 ==139.0
13 36       13 23 24 27 28 29 30 31 43 15 14 46 36 ==159.0
13 37       13 23 24 27 28 29 30 31 32 37 ==107.0
13 38       13 23 24 27 28 29 30 31 43 15 14 46 36 38 ==191.0
13 39       13 23 24 27 28 29 30 31 43 15 14 46 36 38 39 ==212.0
13 40       13 23 24 27 28 29 30 31 43 15 14 46 36 38 39 40 ==226.0
13 41       13 23 24 27 28 29 30 31 43 15 14 46 36 38 39 40 41 ==230.0
13 42       13 23 24 27 28 29 30 31 43 15 14 46 36 38 39 40 41 42 ==256.0
13 43       13 23 24 27 28 29 30 31 43 ==106.0
13 44       13 23 24 27 28 29 30 31 32 33 44 ==122.0
13 45       13 23 24 27 45 ==32.0
13 46       13 23 24 27 28 29 30 31 43 15 14 46 ==122.0
13 47       13 23 24 27 28 47 ==53.0
13 48       13 23 24 27 45 48 ==42.0
13 49       13 23 24 27 28 29 30 31 32 37 49 ==117.0
13 50       13 23 24 27 28 29 30 31 32 33 44 50 ==132.0
13 51       13 23 24 27 28 29 30 31 43 15 14 46 35 51 ==149.0
14 12       14 46 36 38 39 40 41 42 30 31 32 33 34 12 ==258.0
14 13       14 46 36 38 39 40 41 42 30 31 32 33 34 12 13 ==268.0
14 15       14 46 36 38 39 40 41 42 25 26 43 15 ==168.0
14 23       14 46 36 38 39 40 41 42 30 31 32 33 34 12 13 23 ==276.0
14 24       14 46 36 38 39 40 41 42 30 31 32 33 34 12 13 23 24 ==280.0
14 25       14 46 36 38 39 40 41 42 25 ==148.0
14 26       14 46 36 38 39 40 41 42 25 26 ==156.0
14 27       14 46 36 38 39 40 41 42 30 31 32 33 34 12 13 23 24 27 ==284.0
14 28       14 46 36 38 39 40 41 42 30 31 32 33 34 12 13 23 24 27 28 ==311.0
14 29       14 46 36 38 39 40 41 42 30 31 32 33 34 12 13 23 24 27 28 29 ==324.0
14 30       14 46 36 38 39 40 41 42 30 ==171.0
14 31       14 46 36 38 39 40 41 42 30 31 ==175.0
14 32       14 46 36 38 39 40 41 42 30 31 32 ==179.0
14 33       14 46 36 38 39 40 41 42 30 31 32 33 ==207.0
14 34       14 46 36 38 39 40 41 42 30 31 32 33 34 ==229.0
14 35       14 46 35 ==31.0
14 36       14 46 36 ==41.0
14 37       14 46 36 38 37 ==105.0
14 38       14 46 36 38 ==73.0
14 39       14 46 36 38 39 ==94.0
14 40       14 46 36 38 39 40 ==108.0
14 41       14 46 36 38 39 40 41 ==112.0
14 42       14 46 36 38 39 40 41 42 ==138.0
14 43       14 46 36 38 39 40 41 42 25 26 43 ==160.0
14 44       14 46 36 44 ==60.0
14 45       14 46 36 38 39 40 41 45 ==136.0
14 46       14 46 ==4.0
14 47       14 46 36 38 39 47 ==104.0
14 48       14 46 36 38 39 40 41 45 48 ==146.0
14 49       14 46 36 38 37 49 ==115.0
14 50       14 46 36 44 50 ==70.0
14 51       14 46 35 51 ==41.0
15 12       15 14 46 36 38 39 40 41 42 30 31 32 33 34 12 ==262.0
15 13       15 14 46 36 38 39 40 41 42 30 31 32 33 34 12 13 ==272.0
15 14       15 14 ==4.0
15 23       15 14 46 36 38 39 40 41 42 30 31 32 33 34 12 13 23 ==280.0
15 24       15 14 46 36 38 39 40 41 42 30 31 32 33 34 12 13 23 24 ==284.0
15 25       15 14 46 36 38 39 40 41 42 25 ==152.0
15 26       15 14 46 36 38 39 40 41 42 25 26 ==160.0
15 27       15 14 46 36 38 39 40 41 42 30 31 32 33 34 12 13 23 24 27 ==288.0
15 28       15 14 46 36 38 39 40 41 42 30 31 32 33 34 12 13 23 24 27 28 ==315.0
15 29       15 14 46 36 38 39 40 41 42 30 31 32 33 34 12 13 23 24 27 28 29 ==328.0
15 30       15 14 46 36 38 39 40 41 42 30 ==175.0
15 31       15 14 46 36 38 39 40 41 42 30 31 ==179.0
15 32       15 14 46 36 38 39 40 41 42 30 31 32 ==183.0
15 33       15 14 46 36 38 39 40 41 42 30 31 32 33 ==211.0
15 34       15 14 46 36 38 39 40 41 42 30 31 32 33 34 ==233.0
15 35       15 14 46 35 ==35.0
15 36       15 14 46 36 ==45.0
15 37       15 14 46 36 38 37 ==109.0
15 38       15 14 46 36 38 ==77.0
15 39       15 14 46 36 38 39 ==98.0
15 40       15 14 46 36 38 39 40 ==112.0
15 41       15 14 46 36 38 39 40 41 ==116.0
15 42       15 14 46 36 38 39 40 41 42 ==142.0
15 43       15 14 46 36 38 39 40 41 42 25 26 43 ==164.0
15 44       15 14 46 36 44 ==64.0
15 45       15 14 46 36 38 39 40 41 45 ==140.0
15 46       15 14 46 ==8.0
15 47       15 14 46 36 38 39 47 ==108.0
15 48       15 14 46 36 38 39 40 41 45 48 ==150.0
15 49       15 14 46 36 38 37 49 ==119.0
15 50       15 14 46 36 44 50 ==74.0
15 51       15 14 46 35 51 ==45.0
16 12       16 21 23 24 27 28 29 30 31 32 33 34 12 ==197.0
16 13       16 21 23 24 27 28 29 30 31 32 33 34 12 13 ==207.0
16 14       16 17 18 22 26 43 15 14 ==67.0
16 15       16 17 18 22 26 43 15 ==63.0
16 17       16 17 ==9.0
16 18       16 17 18 ==13.0
16 21       16 21 ==57.0
16 22       16 17 18 22 ==34.0
16 23       16 21 23 ==69.0
16 24       16 17 18 22 24 ==60.0
16 25       16 17 18 22 26 43 15 14 46 36 38 39 40 41 42 25 ==215.0
16 26       16 17 18 22 26 ==51.0
16 27       16 21 23 24 27 ==64.0
16 28       16 21 23 24 27 28 ==91.0
16 29       16 21 23 24 27 28 29 ==104.0
16 30       16 21 23 24 27 28 29 30 ==110.0
16 31       16 21 23 24 27 28 29 30 31 ==114.0
16 32       16 21 23 24 27 28 29 30 31 32 ==118.0
16 33       16 21 23 24 27 28 29 30 31 32 33 ==146.0
16 34       16 21 23 24 27 28 29 30 31 32 33 34 ==168.0
16 35       16 17 18 22 26 43 15 14 46 35 ==98.0
16 36       16 17 18 22 26 43 15 14 46 36 ==108.0
16 37       16 21 23 24 27 28 29 30 31 32 37 ==155.0
16 38       16 17 18 22 26 43 15 14 46 36 38 ==140.0
16 39       16 17 18 22 26 43 15 14 46 36 38 39 ==161.0
16 40       16 17 18 22 26 43 15 14 46 36 38 39 40 ==175.0
16 41       16 17 18 22 26 43 15 14 46 36 38 39 40 41 ==179.0
16 42       16 17 18 22 26 43 15 14 46 36 38 39 40 41 42 ==205.0
16 43       16 17 18 22 26 43 ==55.0
16 44       16 17 18 22 26 43 15 14 46 36 44 ==127.0
16 45       16 21 23 24 27 45 ==80.0
16 46       16 17 18 22 26 43 15 14 46 ==71.0
16 47       16 21 23 24 27 28 47 ==101.0
16 48       16 21 23 24 27 45 48 ==90.0
16 49       16 21 23 24 27 28 29 30 31 32 37 49 ==165.0
16 50       16 17 18 22 26 43 15 14 46 36 44 50 ==137.0
16 51       16 17 18 22 26 43 15 14 46 35 51 ==108.0
17 12       17 18 22 24 27 28 29 30 31 32 33 34 12 ==188.0
17 13       17 18 22 24 27 28 29 30 31 32 33 34 12 13 ==198.0
17 14       17 18 22 26 43 15 14 ==58.0
17 15       17 18 22 26 43 15 ==54.0
17 18       17 18 ==4.0
17 22       17 18 22 ==25.0
17 23       17 18 22 24 27 28 29 30 31 32 33 34 12 13 23 ==206.0
17 24       17 18 22 24 ==51.0
17 25       17 18 22 26 43 15 14 46 36 38 39 40 41 42 25 ==206.0
17 26       17 18 22 26 ==42.0
17 27       17 18 22 24 27 ==55.0
17 28       17 18 22 24 27 28 ==82.0
17 29       17 18 22 24 27 28 29 ==95.0
17 30       17 18 22 24 27 28 29 30 ==101.0
17 31       17 18 22 24 27 28 29 30 31 ==105.0
17 32       17 18 22 24 27 28 29 30 31 32 ==109.0
17 33       17 18 22 24 27 28 29 30 31 32 33 ==137.0
17 34       17 18 22 24 27 28 29 30 31 32 33 34 ==159.0
17 35       17 18 22 26 43 15 14 46 35 ==89.0
17 36       17 18 22 26 43 15 14 46 36 ==99.0
17 37       17 18 22 24 27 28 29 30 31 32 37 ==146.0
17 38       17 18 22 26 43 15 14 46 36 38 ==131.0
17 39       17 18 22 26 43 15 14 46 36 38 39 ==152.0
17 40       17 18 22 26 43 15 14 46 36 38 39 40 ==166.0
17 41       17 18 22 26 43 15 14 46 36 38 39 40 41 ==170.0
17 42       17 18 22 26 43 15 14 46 36 38 39 40 41 42 ==196.0
17 43       17 18 22 26 43 ==46.0
17 44       17 18 22 26 43 15 14 46 36 44 ==118.0
17 45       17 18 22 24 27 45 ==71.0
17 46       17 18 22 26 43 15 14 46 ==62.0
17 47       17 18 22 24 27 28 47 ==92.0
17 48       17 18 22 24 27 45 48 ==81.0
17 49       17 18 22 24 27 28 29 30 31 32 37 49 ==156.0
17 50       17 18 22 26 43 15 14 46 36 44 50 ==128.0
17 51       17 18 22 26 43 15 14 46 35 51 ==99.0
18 12       18 22 24 27 28 29 30 31 32 33 34 12 ==184.0
18 13       18 22 24 27 28 29 30 31 32 33 34 12 13 ==194.0
18 14       18 22 26 43 15 14 ==54.0
18 15       18 22 26 43 15 ==50.0
18 22       18 22 ==21.0
18 23       18 22 24 27 28 29 30 31 32 33 34 12 13 23 ==202.0
18 24       18 22 24 ==47.0
18 25       18 22 26 43 15 14 46 36 38 39 40 41 42 25 ==202.0
18 26       18 22 26 ==38.0
18 27       18 22 24 27 ==51.0
18 28       18 22 24 27 28 ==78.0
18 29       18 22 24 27 28 29 ==91.0
18 30       18 22 24 27 28 29 30 ==97.0
18 31       18 22 24 27 28 29 30 31 ==101.0
18 32       18 22 24 27 28 29 30 31 32 ==105.0
18 33       18 22 24 27 28 29 30 31 32 33 ==133.0
18 34       18 22 24 27 28 29 30 31 32 33 34 ==155.0
18 35       18 22 26 43 15 14 46 35 ==85.0
18 36       18 22 26 43 15 14 46 36 ==95.0
18 37       18 22 24 27 28 29 30 31 32 37 ==142.0
18 38       18 22 26 43 15 14 46 36 38 ==127.0
18 39       18 22 26 43 15 14 46 36 38 39 ==148.0
18 40       18 22 26 43 15 14 46 36 38 39 40 ==162.0
18 41       18 22 26 43 15 14 46 36 38 39 40 41 ==166.0
18 42       18 22 26 43 15 14 46 36 38 39 40 41 42 ==192.0
18 43       18 22 26 43 ==42.0
18 44       18 22 26 43 15 14 46 36 44 ==114.0
18 45       18 22 24 27 45 ==67.0
18 46       18 22 26 43 15 14 46 ==58.0
18 47       18 22 24 27 28 47 ==88.0
18 48       18 22 24 27 45 48 ==77.0
18 49       18 22 24 27 28 29 30 31 32 37 49 ==152.0
18 50       18 22 26 43 15 14 46 36 44 50 ==124.0
18 51       18 22 26 43 15 14 46 35 51 ==95.0
19 12       19 18 22 24 27 28 29 30 31 32 33 34 12 ==191.0
19 13       19 18 22 24 27 28 29 30 31 32 33 34 12 13 ==201.0
19 14       19 25 26 43 15 14 ==59.0
19 15       19 25 26 43 15 ==55.0
19 18       19 18 ==7.0
19 22       19 18 22 ==28.0
19 23       19 18 22 24 27 28 29 30 31 32 33 34 12 13 23 ==209.0
19 24       19 18 22 24 ==54.0
19 25       19 25 ==35.0
19 26       19 25 26 ==43.0
19 27       19 18 22 24 27 ==58.0
19 28       19 18 22 24 27 28 ==85.0
19 29       19 18 22 24 27 28 29 ==98.0
19 30       19 18 22 24 27 28 29 30 ==104.0
19 31       19 18 22 24 27 28 29 30 31 ==108.0
19 32       19 18 22 24 27 28 29 30 31 32 ==112.0
19 33       19 18 22 24 27 28 29 30 31 32 33 ==140.0
19 34       19 18 22 24 27 28 29 30 31 32 33 34 ==162.0
19 35       19 25 26 43 15 14 46 35 ==90.0
19 36       19 25 26 43 15 14 46 36 ==100.0
19 37       19 18 22 24 27 28 29 30 31 32 37 ==149.0
19 38       19 25 26 43 15 14 46 36 38 ==132.0
19 39       19 25 26 43 15 14 46 36 38 39 ==153.0
19 40       19 25 26 43 15 14 46 36 38 39 40 ==167.0
19 41       19 25 26 43 15 14 46 36 38 39 40 41 ==171.0
19 42       19 25 26 43 15 14 46 36 38 39 40 41 42 ==197.0
19 43       19 25 26 43 ==47.0
19 44       19 25 26 43 15 14 46 36 44 ==119.0
19 45       19 18 22 24 27 45 ==74.0
19 46       19 25 26 43 15 14 46 ==63.0
19 47       19 18 22 24 27 28 47 ==95.0
19 48       19 18 22 24 27 45 48 ==84.0
19 49       19 25 26 43 15 14 46 36 38 37 49 ==159.0
19 50       19 25 26 43 15 14 46 36 44 50 ==129.0
19 51       19 25 26 43 15 14 46 35 51 ==100.0
20 10       20 10 ==7.0
20 12       20 21 23 24 27 28 29 30 31 32 33 34 12 ==188.0
20 13       20 21 23 24 27 28 29 30 31 32 33 34 12 13 ==198.0
20 14       20 10 15 14 ==47.0
20 15       20 10 15 ==43.0
20 21       20 21 ==35.0
20 23       20 21 23 ==47.0
20 24       20 21 23 24 ==51.0
20 25       20 10 15 14 46 36 38 39 40 41 42 25 ==195.0
20 26       20 10 15 14 46 36 38 39 40 41 42 25 26 ==203.0
20 27       20 21 23 24 27 ==55.0
20 28       20 21 23 24 27 28 ==82.0
20 29       20 21 23 24 27 28 29 ==95.0
20 30       20 21 23 24 27 28 29 30 ==101.0
20 31       20 21 23 24 27 28 29 30 31 ==105.0
20 32       20 21 23 24 27 28 29 30 31 32 ==109.0
20 33       20 21 23 24 27 28 29 30 31 32 33 ==137.0
20 34       20 21 23 24 27 28 29 30 31 32 33 34 ==159.0
20 35       20 10 15 14 46 35 ==78.0
20 36       20 10 15 14 46 36 ==88.0
20 37       20 10 15 14 46 36 38 37 ==146.0
20 38       20 10 15 14 46 36 38 ==120.0
20 39       20 10 15 14 46 36 38 39 ==141.0
20 40       20 10 15 14 46 36 38 39 40 ==155.0
20 41       20 10 15 14 46 36 38 39 40 41 ==159.0
20 42       20 10 15 14 46 36 38 39 40 41 42 ==185.0
20 43       20 21 23 24 27 28 29 30 31 43 ==145.0
20 44       20 10 15 14 46 36 44 ==107.0
20 45       20 21 23 24 27 45 ==71.0
20 46       20 10 15 14 46 ==51.0
20 47       20 21 23 24 27 28 47 ==92.0
20 48       20 21 23 24 27 45 48 ==81.0
20 49       20 21 23 24 27 28 29 30 31 32 37 49 ==156.0
20 50       20 10 15 14 46 36 44 50 ==117.0
20 51       20 10 15 14 46 35 51 ==88.0
21 12       21 23 24 27 28 29 30 31 32 33 34 12 ==153.0
21 13       21 23 24 27 28 29 30 31 32 33 34 12 13 ==163.0
21 14       21 23 24 27 28 29 30 31 43 15 14 ==122.0
21 15       21 23 24 27 28 29 30 31 43 15 ==118.0
21 23       21 23 ==12.0
21 24       21 23 24 ==16.0
21 25       21 23 24 27 28 29 30 31 43 15 14 46 36 38 39 40 41 42 25 ==270.0
21 26       21 23 24 27 28 29 30 31 43 15 14 46 36 38 39 40 41 42 25 26 ==278.0
21 27       21 23 24 27 ==20.0
21 28       21 23 24 27 28 ==47.0
21 29       21 23 24 27 28 29 ==60.0
21 30       21 23 24 27 28 29 30 ==66.0
21 31       21 23 24 27 28 29 30 31 ==70.0
21 32       21 23 24 27 28 29 30 31 32 ==74.0
21 33       21 23 24 27 28 29 30 31 32 33 ==102.0
21 34       21 23 24 27 28 29 30 31 32 33 34 ==124.0
21 35       21 23 24 27 28 29 30 31 32 33 34 35 ==143.0
21 36       21 23 24 27 28 29 30 31 43 15 14 46 36 ==163.0
21 37       21 23 24 27 28 29 30 31 32 37 ==111.0
21 38       21 23 24 27 28 29 30 31 43 15 14 46 36 38 ==195.0
21 39       21 23 24 27 28 29 30 31 43 15 14 46 36 38 39 ==216.0
21 40       21 23 24 27 28 29 30 31 43 15 14 46 36 38 39 40 ==230.0
21 41       21 23 24 27 28 29 30 31 43 15 14 46 36 38 39 40 41 ==234.0
21 42       21 23 24 27 28 29 30 31 43 15 14 46 36 38 39 40 41 42 ==260.0
21 43       21 23 24 27 28 29 30 31 43 ==110.0
21 44       21 23 24 27 28 29 30 31 32 33 44 ==126.0
21 45       21 23 24 27 45 ==36.0
21 46       21 23 24 27 28 29 30 31 43 15 14 46 ==126.0
21 47       21 23 24 27 28 47 ==57.0
21 48       21 23 24 27 45 48 ==46.0
21 49       21 23 24 27 28 29 30 31 32 37 49 ==121.0
21 50       21 23 24 27 28 29 30 31 32 33 44 50 ==136.0
21 51       21 23 24 27 28 29 30 31 43 15 14 46 35 51 ==153.0
22 12       22 24 27 28 29 30 31 32 33 34 12 ==163.0
22 13       22 24 27 28 29 30 31 32 33 34 12 13 ==173.0
22 14       22 26 43 15 14 ==33.0
22 15       22 26 43 15 ==29.0
22 23       22 24 27 28 29 30 31 32 33 34 12 13 23 ==181.0
22 24       22 24 ==26.0
22 25       22 26 43 15 14 46 36 38 39 40 41 42 25 ==181.0
22 26       22 26 ==17.0
22 27       22 24 27 ==30.0
22 28       22 24 27 28 ==57.0
22 29       22 24 27 28 29 ==70.0
22 30       22 24 27 28 29 30 ==76.0
22 31       22 24 27 28 29 30 31 ==80.0
22 32       22 24 27 28 29 30 31 32 ==84.0
22 33       22 24 27 28 29 30 31 32 33 ==112.0
22 34       22 24 27 28 29 30 31 32 33 34 ==134.0
22 35       22 26 43 15 14 46 35 ==64.0
22 36       22 26 43 15 14 46 36 ==74.0
22 37       22 24 27 28 29 30 31 32 37 ==121.0
22 38       22 26 43 15 14 46 36 38 ==106.0
22 39       22 26 43 15 14 46 36 38 39 ==127.0
22 40       22 26 43 15 14 46 36 38 39 40 ==141.0
22 41       22 26 43 15 14 46 36 38 39 40 41 ==145.0
22 42       22 26 43 15 14 46 36 38 39 40 41 42 ==171.0
22 43       22 26 43 ==21.0
22 44       22 26 43 15 14 46 36 44 ==93.0
22 45       22 24 27 45 ==46.0
22 46       22 26 43 15 14 46 ==37.0
22 47       22 24 27 28 47 ==67.0
22 48       22 24 27 45 48 ==56.0
22 49       22 24 27 28 29 30 31 32 37 49 ==131.0
22 50       22 26 43 15 14 46 36 44 50 ==103.0
22 51       22 26 43 15 14 46 35 51 ==74.0
23 12       23 24 27 28 29 30 31 32 33 34 12 ==141.0
23 13       23 24 27 28 29 30 31 32 33 34 12 13 ==151.0
23 14       23 24 27 28 29 30 31 43 15 14 ==110.0
23 15       23 24 27 28 29 30 31 43 15 ==106.0
23 24       23 24 ==4.0
23 25       23 24 27 28 29 30 31 43 15 14 46 36 38 39 40 41 42 25 ==258.0
23 26       23 24 27 28 29 30 31 43 15 14 46 36 38 39 40 41 42 25 26 ==266.0
23 27       23 24 27 ==8.0
23 28       23 24 27 28 ==35.0
23 29       23 24 27 28 29 ==48.0
23 30       23 24 27 28 29 30 ==54.0
23 31       23 24 27 28 29 30 31 ==58.0
23 32       23 24 27 28 29 30 31 32 ==62.0
23 33       23 24 27 28 29 30 31 32 33 ==90.0
23 34       23 24 27 28 29 30 31 32 33 34 ==112.0
23 35       23 24 27 28 29 30 31 32 33 34 35 ==131.0
23 36       23 24 27 28 29 30 31 43 15 14 46 36 ==151.0
23 37       23 24 27 28 29 30 31 32 37 ==99.0
23 38       23 24 27 28 29 30 31 43 15 14 46 36 38 ==183.0
23 39       23 24 27 28 29 30 31 43 15 14 46 36 38 39 ==204.0
23 40       23 24 27 28 29 30 31 43 15 14 46 36 38 39 40 ==218.0
23 41       23 24 27 28 29 30 31 43 15 14 46 36 38 39 40 41 ==222.0
23 42       23 24 27 28 29 30 31 43 15 14 46 36 38 39 40 41 42 ==248.0
23 43       23 24 27 28 29 30 31 43 ==98.0
23 44       23 24 27 28 29 30 31 32 33 44 ==114.0
23 45       23 24 27 45 ==24.0
23 46       23 24 27 28 29 30 31 43 15 14 46 ==114.0
23 47       23 24 27 28 47 ==45.0
23 48       23 24 27 45 48 ==34.0
23 49       23 24 27 28 29 30 31 32 37 49 ==109.0
23 50       23 24 27 28 29 30 31 32 33 44 50 ==124.0
23 51       23 24 27 28 29 30 31 43 15 14 46 35 51 ==141.0
24 12       24 27 28 29 30 31 32 33 34 12 ==137.0
24 13       24 27 28 29 30 31 32 33 34 12 13 ==147.0
24 14       24 27 28 29 30 31 43 15 14 ==106.0
24 15       24 27 28 29 30 31 43 15 ==102.0
24 23       24 27 28 29 30 31 32 33 34 12 13 23 ==155.0
24 25       24 27 28 29 30 31 43 15 14 46 36 38 39 40 41 42 25 ==254.0
24 26       24 27 28 29 30 31 43 15 14 46 36 38 39 40 41 42 25 26 ==262.0
24 27       24 27 ==4.0
24 28       24 27 28 ==31.0
24 29       24 27 28 29 ==44.0
24 30       24 27 28 29 30 ==50.0
24 31       24 27 28 29 30 31 ==54.0
24 32       24 27 28 29 30 31 32 ==58.0
24 33       24 27 28 29 30 31 32 33 ==86.0
24 34       24 27 28 29 30 31 32 33 34 ==108.0
24 35       24 27 28 29 30 31 32 33 34 35 ==127.0
24 36       24 27 28 29 30 31 43 15 14 46 36 ==147.0
24 37       24 27 28 29 30 31 32 37 ==95.0
24 38       24 27 28 29 30 31 43 15 14 46 36 38 ==179.0
24 39       24 27 28 29 30 31 43 15 14 46 36 38 39 ==200.0
24 40       24 27 28 29 30 31 43 15 14 46 36 38 39 40 ==214.0
24 41       24 27 28 29 30 31 43 15 14 46 36 38 39 40 41 ==218.0
24 42       24 27 28 29 30 31 43 15 14 46 36 38 39 40 41 42 ==244.0
24 43       24 27 28 29 30 31 43 ==94.0
24 44       24 27 28 29 30 31 32 33 44 ==110.0
24 45       24 27 45 ==20.0
24 46       24 27 28 29 30 31 43 15 14 46 ==110.0
24 47       24 27 28 47 ==41.0
24 48       24 27 45 48 ==30.0
24 49       24 27 28 29 30 31 32 37 49 ==105.0
24 50       24 27 28 29 30 31 32 33 44 50 ==120.0
24 51       24 27 28 29 30 31 43 15 14 46 35 51 ==137.0
25 12       25 26 43 15 14 46 36 38 39 40 41 42 30 31 32 33 34 12 ==282.0
25 13       25 26 43 15 14 46 36 38 39 40 41 42 30 31 32 33 34 12 13 ==292.0
25 14       25 26 43 15 14 ==24.0
25 15       25 26 43 15 ==20.0
25 23       25 26 43 15 14 46 36 38 39 40 41 42 30 31 32 33 34 12 13 23 ==300.0
25 24       25 26 43 15 14 46 36 38 39 40 41 42 30 31 32 33 34 12 13 23 24 ==304.0
25 26       25 26 ==8.0
25 27       25 26 43 15 14 46 36 38 39 40 41 42 30 31 32 33 34 12 13 23 24 27 ==308.0
25 28       25 26 43 15 14 46 36 38 39 40 41 42 30 31 32 33 34 12 13 23 24 27 28 ==335.0
25 29       25 26 43 15 14 46 36 38 39 40 41 42 30 31 32 33 34 12 13 23 24 27 28 29 ==348.0
25 30       25 26 43 15 14 46 36 38 39 40 41 42 30 ==195.0
25 31       25 26 43 15 14 46 36 38 39 40 41 42 30 31 ==199.0
25 32       25 26 43 15 14 46 36 38 39 40 41 42 30 31 32 ==203.0
25 33       25 26 43 15 14 46 36 38 39 40 41 42 30 31 32 33 ==231.0
25 34       25 26 43 15 14 46 36 38 39 40 41 42 30 31 32 33 34 ==253.0
25 35       25 26 43 15 14 46 35 ==55.0
25 36       25 26 43 15 14 46 36 ==65.0
25 37       25 26 43 15 14 46 36 38 37 ==129.0
25 38       25 26 43 15 14 46 36 38 ==97.0
25 39       25 26 43 15 14 46 36 38 39 ==118.0
25 40       25 26 43 15 14 46 36 38 39 40 ==132.0
25 41       25 26 43 15 14 46 36 38 39 40 41 ==136.0
25 42       25 26 43 15 14 46 36 38 39 40 41 42 ==162.0
25 43       25 26 43 ==12.0
25 44       25 26 43 15 14 46 36 44 ==84.0
25 45       25 26 43 15 14 46 36 38 39 40 41 45 ==160.0
25 46       25 26 43 15 14 46 ==28.0
25 47       25 26 43 15 14 46 36 38 39 47 ==128.0
25 48       25 26 43 15 14 46 36 38 39 40 41 45 48 ==170.0
25 49       25 26 43 15 14 46 36 38 37 49 ==139.0
25 50       25 26 43 15 14 46 36 44 50 ==94.0
25 51       25 26 43 15 14 46 35 51 ==65.0
26 12       26 43 15 14 46 36 38 39 40 41 42 30 31 32 33 34 12 ==274.0
26 13       26 43 15 14 46 36 38 39 40 41 42 30 31 32 33 34 12 13 ==284.0
26 14       26 43 15 14 ==16.0
26 15       26 43 15 ==12.0
26 23       26 43 15 14 46 36 38 39 40 41 42 30 31 32 33 34 12 13 23 ==292.0
26 24       26 43 15 14 46 36 38 39 40 41 42 30 31 32 33 34 12 13 23 24 ==296.0
26 25       26 43 15 14 46 36 38 39 40 41 42 25 ==164.0
26 27       26 43 15 14 46 36 38 39 40 41 42 30 31 32 33 34 12 13 23 24 27 ==300.0
26 28       26 43 15 14 46 36 38 39 40 41 42 30 31 32 33 34 12 13 23 24 27 28 ==327.0
26 29       26 43 15 14 46 36 38 39 40 41 42 30 31 32 33 34 12 13 23 24 27 28 29 ==340.0
26 30       26 43 15 14 46 36 38 39 40 41 42 30 ==187.0
26 31       26 43 15 14 46 36 38 39 40 41 42 30 31 ==191.0
26 32       26 43 15 14 46 36 38 39 40 41 42 30 31 32 ==195.0
26 33       26 43 15 14 46 36 38 39 40 41 42 30 31 32 33 ==223.0
26 34       26 43 15 14 46 36 38 39 40 41 42 30 31 32 33 34 ==245.0
26 35       26 43 15 14 46 35 ==47.0
26 36       26 43 15 14 46 36 ==57.0
26 37       26 43 15 14 46 36 38 37 ==121.0
26 38       26 43 15 14 46 36 38 ==89.0
26 39       26 43 15 14 46 36 38 39 ==110.0
26 40       26 43 15 14 46 36 38 39 40 ==124.0
26 41       26 43 15 14 46 36 38 39 40 41 ==128.0
26 42       26 43 15 14 46 36 38 39 40 41 42 ==154.0
26 43       26 43 ==4.0
26 44       26 43 15 14 46 36 44 ==76.0
26 45       26 43 15 14 46 36 38 39 40 41 45 ==152.0
26 46       26 43 15 14 46 ==20.0
26 47       26 43 15 14 46 36 38 39 47 ==120.0
26 48       26 43 15 14 46 36 38 39 40 41 45 48 ==162.0
26 49       26 43 15 14 46 36 38 37 49 ==131.0
26 50       26 43 15 14 46 36 44 50 ==86.0
26 51       26 43 15 14 46 35 51 ==57.0
27 12       27 28 29 30 31 32 33 34 12 ==133.0
27 13       27 28 29 30 31 32 33 34 12 13 ==143.0
27 14       27 28 29 30 31 43 15 14 ==102.0
27 15       27 28 29 30 31 43 15 ==98.0
27 23       27 28 29 30 31 32 33 34 12 13 23 ==151.0
27 24       27 28 29 30 31 32 33 34 12 13 23 24 ==155.0
27 25       27 28 29 30 31 43 15 14 46 36 38 39 40 41 42 25 ==250.0
27 26       27 28 29 30 31 43 15 14 46 36 38 39 40 41 42 25 26 ==258.0
27 28       27 28 ==27.0
27 29       27 28 29 ==40.0
27 30       27 28 29 30 ==46.0
27 31       27 28 29 30 31 ==50.0
27 32       27 28 29 30 31 32 ==54.0
27 33       27 28 29 30 31 32 33 ==82.0
27 34       27 28 29 30 31 32 33 34 ==104.0
27 35       27 28 29 30 31 32 33 34 35 ==123.0
27 36       27 28 29 30 31 43 15 14 46 36 ==143.0
27 37       27 28 29 30 31 32 37 ==91.0
27 38       27 28 29 30 31 43 15 14 46 36 38 ==175.0
27 39       27 28 29 30 31 43 15 14 46 36 38 39 ==196.0
27 40       27 28 29 30 31 43 15 14 46 36 38 39 40 ==210.0
27 41       27 28 29 30 31 43 15 14 46 36 38 39 40 41 ==214.0
27 42       27 28 29 30 31 43 15 14 46 36 38 39 40 41 42 ==240.0
27 43       27 28 29 30 31 43 ==90.0
27 44       27 28 29 30 31 32 33 44 ==106.0
27 45       27 45 ==16.0
27 46       27 28 29 30 31 43 15 14 46 ==106.0
27 47       27 28 47 ==37.0
27 48       27 45 48 ==26.0
27 49       27 28 29 30 31 32 37 49 ==101.0
27 50       27 28 29 30 31 32 33 44 50 ==116.0
27 51       27 28 29 30 31 43 15 14 46 35 51 ==133.0
28 12       28 29 30 31 32 33 34 12 ==106.0
28 13       28 29 30 31 32 33 34 12 13 ==116.0
28 14       28 29 30 31 43 15 14 ==75.0
28 15       28 29 30 31 43 15 ==71.0
28 23       28 29 30 31 32 33 34 12 13 23 ==124.0
28 24       28 29 30 31 32 33 34 12 13 23 24 ==128.0
28 25       28 29 30 31 43 15 14 46 36 38 39 40 41 42 25 ==223.0
28 26       28 29 30 31 43 15 14 46 36 38 39 40 41 42 25 26 ==231.0
28 27       28 29 30 31 32 33 34 12 13 23 24 27 ==132.0
28 29       28 29 ==13.0
28 30       28 29 30 ==19.0
28 31       28 29 30 31 ==23.0
28 32       28 29 30 31 32 ==27.0
28 33       28 29 30 31 32 33 ==55.0
28 34       28 29 30 31 32 33 34 ==77.0
28 35       28 29 30 31 32 33 34 35 ==96.0
28 36       28 29 30 31 43 15 14 46 36 ==116.0
28 37       28 29 30 31 32 37 ==64.0
28 38       28 29 30 31 43 15 14 46 36 38 ==148.0
28 39       28 29 30 31 43 15 14 46 36 38 39 ==169.0
28 40       28 29 30 31 43 15 14 46 36 38 39 40 ==183.0
28 41       28 29 30 31 43 15 14 46 36 38 39 40 41 ==187.0
28 42       28 29 30 31 43 15 14 46 36 38 39 40 41 42 ==213.0
28 43       28 29 30 31 43 ==63.0
28 44       28 29 30 31 32 33 44 ==79.0
28 45       28 29 30 31 32 33 34 12 13 23 24 27 45 ==148.0
28 46       28 29 30 31 43 15 14 46 ==79.0
28 47       28 47 ==10.0
28 48       28 29 30 31 32 33 34 12 13 23 24 27 45 48 ==158.0
28 49       28 29 30 31 32 37 49 ==74.0
28 50       28 29 30 31 32 33 44 50 ==89.0
28 51       28 29 30 31 43 15 14 46 35 51 ==106.0
29 12       29 30 31 32 33 34 12 ==93.0
29 13       29 30 31 32 33 34 12 13 ==103.0
29 14       29 30 31 43 15 14 ==62.0
29 15       29 30 31 43 15 ==58.0
29 23       29 30 31 32 33 34 12 13 23 ==111.0
29 24       29 30 31 32 33 34 12 13 23 24 ==115.0
29 25       29 30 31 43 15 14 46 36 38 39 40 41 42 25 ==210.0
29 26       29 30 31 43 15 14 46 36 38 39 40 41 42 25 26 ==218.0
29 27       29 30 31 32 33 34 12 13 23 24 27 ==119.0
29 28       29 30 31 32 33 34 12 13 23 24 27 28 ==146.0
29 30       29 30 ==6.0
29 31       29 30 31 ==10.0
29 32       29 30 31 32 ==14.0
29 33       29 30 31 32 33 ==42.0
29 34       29 30 31 32 33 34 ==64.0
29 35       29 30 31 32 33 34 35 ==83.0
29 36       29 30 31 43 15 14 46 36 ==103.0
29 37       29 30 31 32 37 ==51.0
29 38       29 30 31 43 15 14 46 36 38 ==135.0
29 39       29 30 31 43 15 14 46 36 38 39 ==156.0
29 40       29 30 31 43 15 14 46 36 38 39 40 ==170.0
29 41       29 30 31 43 15 14 46 36 38 39 40 41 ==174.0
29 42       29 30 31 43 15 14 46 36 38 39 40 41 42 ==200.0
29 43       29 30 31 43 ==50.0
29 44       29 30 31 32 33 44 ==66.0
29 45       29 30 31 32 33 34 12 13 23 24 27 45 ==135.0
29 46       29 30 31 43 15 14 46 ==66.0
29 47       29 30 31 32 33 34 12 13 23 24 27 28 47 ==156.0
29 48       29 30 31 32 33 34 12 13 23 24 27 45 48 ==145.0
29 49       29 30 31 32 37 49 ==61.0
29 50       29 30 31 32 33 44 50 ==76.0
29 51       29 30 31 43 15 14 46 35 51 ==93.0
30 12       30 31 32 33 34 12 ==87.0
30 13       30 31 32 33 34 12 13 ==97.0
30 14       30 31 43 15 14 ==56.0
30 15       30 31 43 15 ==52.0
30 23       30 31 32 33 34 12 13 23 ==105.0
30 24       30 31 32 33 34 12 13 23 24 ==109.0
30 25       30 31 43 15 14 46 36 38 39 40 41 42 25 ==204.0
30 26       30 31 43 15 14 46 36 38 39 40 41 42 25 26 ==212.0
30 27       30 31 32 33 34 12 13 23 24 27 ==113.0
30 28       30 31 32 33 34 12 13 23 24 27 28 ==140.0
30 29       30 31 32 33 34 12 13 23 24 27 28 29 ==153.0
30 31       30 31 ==4.0
30 32       30 31 32 ==8.0
30 33       30 31 32 33 ==36.0
30 34       30 31 32 33 34 ==58.0
30 35       30 31 32 33 34 35 ==77.0
30 36       30 31 43 15 14 46 36 ==97.0
30 37       30 31 32 37 ==45.0
30 38       30 31 43 15 14 46 36 38 ==129.0
30 39       30 31 43 15 14 46 36 38 39 ==150.0
30 40       30 31 43 15 14 46 36 38 39 40 ==164.0
30 41       30 31 43 15 14 46 36 38 39 40 41 ==168.0
30 42       30 31 43 15 14 46 36 38 39 40 41 42 ==194.0
30 43       30 31 43 ==44.0
30 44       30 31 32 33 44 ==60.0
30 45       30 31 32 33 34 12 13 23 24 27 45 ==129.0
30 46       30 31 43 15 14 46 ==60.0
30 47       30 31 32 33 34 12 13 23 24 27 28 47 ==150.0
30 48       30 31 32 33 34 12 13 23 24 27 45 48 ==139.0
30 49       30 31 32 37 49 ==55.0
30 50       30 31 32 33 44 50 ==70.0
30 51       30 31 43 15 14 46 35 51 ==87.0
31 12       31 32 33 34 12 ==83.0
31 13       31 32 33 34 12 13 ==93.0
31 14       31 43 15 14 ==52.0
31 15       31 43 15 ==48.0
31 23       31 32 33 34 12 13 23 ==101.0
31 24       31 32 33 34 12 13 23 24 ==105.0
31 25       31 43 15 14 46 36 38 39 40 41 42 25 ==200.0
31 26       31 43 15 14 46 36 38 39 40 41 42 25 26 ==208.0
31 27       31 32 33 34 12 13 23 24 27 ==109.0
31 28       31 32 33 34 12 13 23 24 27 28 ==136.0
31 29       31 32 33 34 12 13 23 24 27 28 29 ==149.0
31 30       31 32 33 34 12 13 23 24 27 28 29 30 ==155.0
31 32       31 32 ==4.0
31 33       31 32 33 ==32.0
31 34       31 32 33 34 ==54.0
31 35       31 32 33 34 35 ==73.0
31 36       31 43 15 14 46 36 ==93.0
31 37       31 32 37 ==41.0
31 38       31 43 15 14 46 36 38 ==125.0
31 39       31 43 15 14 46 36 38 39 ==146.0
31 40       31 43 15 14 46 36 38 39 40 ==160.0
31 41       31 43 15 14 46 36 38 39 40 41 ==164.0
31 42       31 43 15 14 46 36 38 39 40 41 42 ==190.0
31 43       31 43 ==40.0
31 44       31 32 33 44 ==56.0
31 45       31 32 33 34 12 13 23 24 27 45 ==125.0
31 46       31 43 15 14 46 ==56.0
31 47       31 32 33 34 12 13 23 24 27 28 47 ==146.0
31 48       31 32 33 34 12 13 23 24 27 45 48 ==135.0
31 49       31 32 37 49 ==51.0
31 50       31 32 33 44 50 ==66.0
31 51       31 43 15 14 46 35 51 ==83.0
32 12       32 33 34 12 ==79.0
32 13       32 33 34 12 13 ==89.0
32 14       32 33 34 12 13 23 24 27 28 29 30 31 43 15 14 ==207.0
32 15       32 33 34 12 13 23 24 27 28 29 30 31 43 15 ==203.0
32 23       32 33 34 12 13 23 ==97.0
32 24       32 33 34 12 13 23 24 ==101.0
32 25       32 33 34 12 13 23 24 27 28 29 30 31 43 15 14 46 36 38 39 40 41 42 25 ==355.0
32 26       32 33 34 12 13 23 24 27 28 29 30 31 43 15 14 46 36 38 39 40 41 42 25 26 ==363.0
32 27       32 33 34 12 13 23 24 27 ==105.0
32 28       32 33 34 12 13 23 24 27 28 ==132.0
32 29       32 33 34 12 13 23 24 27 28 29 ==145.0
32 30       32 33 34 12 13 23 24 27 28 29 30 ==151.0
32 31       32 33 34 12 13 23 24 27 28 29 30 31 ==155.0
32 33       32 33 ==28.0
32 34       32 33 34 ==50.0
32 35       32 33 34 35 ==69.0
32 36       32 33 34 12 13 23 24 27 28 29 30 31 43 15 14 46 36 ==248.0
32 37       32 37 ==37.0
32 38       32 33 34 12 13 23 24 27 28 29 30 31 43 15 14 46 36 38 ==280.0
32 39       32 33 34 12 13 23 24 27 28 29 30 31 43 15 14 46 36 38 39 ==301.0
32 40       32 33 34 12 13 23 24 27 28 29 30 31 43 15 14 46 36 38 39 40 ==315.0
32 41       32 33 34 12 13 23 24 27 28 29 30 31 43 15 14 46 36 38 39 40 41 ==319.0
32 42       32 33 34 12 13 23 24 27 28 29 30 31 43 15 14 46 36 38 39 40 41 42 ==345.0
32 43       32 33 34 12 13 23 24 27 28 29 30 31 43 ==195.0
32 44       32 33 44 ==52.0
32 45       32 33 34 12 13 23 24 27 45 ==121.0
32 46       32 33 34 12 13 23 24 27 28 29 30 31 43 15 14 46 ==211.0
32 47       32 33 34 12 13 23 24 27 28 47 ==142.0
32 48       32 33 34 12 13 23 24 27 45 48 ==131.0
32 49       32 37 49 ==47.0
32 50       32 33 44 50 ==62.0
32 51       32 33 34 35 51 ==79.0
33 12       33 34 12 ==51.0
33 13       33 34 12 13 ==61.0
33 14       33 34 12 13 23 24 27 28 29 30 31 43 15 14 ==179.0
33 15       33 34 12 13 23 24 27 28 29 30 31 43 15 ==175.0
33 23       33 34 12 13 23 ==69.0
33 24       33 34 12 13 23 24 ==73.0
33 25       33 34 12 13 23 24 27 28 29 30 31 43 15 14 46 36 38 39 40 41 42 25 ==327.0
33 26       33 34 12 13 23 24 27 28 29 30 31 43 15 14 46 36 38 39 40 41 42 25 26 ==335.0
33 27       33 34 12 13 23 24 27 ==77.0
33 28       33 34 12 13 23 24 27 28 ==104.0
33 29       33 34 12 13 23 24 27 28 29 ==117.0
33 30       33 34 12 13 23 24 27 28 29 30 ==123.0
33 31       33 34 12 13 23 24 27 28 29 30 31 ==127.0
33 32       33 34 12 13 23 24 27 28 29 30 31 32 ==131.0
33 34       33 34 ==22.0
33 35       33 34 35 ==41.0
33 36       33 34 12 13 23 24 27 28 29 30 31 43 15 14 46 36 ==220.0
33 37       33 34 12 13 23 24 27 28 29 30 31 32 37 ==168.0
33 38       33 34 12 13 23 24 27 28 29 30 31 43 15 14 46 36 38 ==252.0
33 39       33 34 12 13 23 24 27 28 29 30 31 43 15 14 46 36 38 39 ==273.0
33 40       33 34 12 13 23 24 27 28 29 30 31 43 15 14 46 36 38 39 40 ==287.0
33 41       33 34 12 13 23 24 27 28 29 30 31 43 15 14 46 36 38 39 40 41 ==291.0
33 42       33 34 12 13 23 24 27 28 29 30 31 43 15 14 46 36 38 39 40 41 42 ==317.0
33 43       33 34 12 13 23 24 27 28 29 30 31 43 ==167.0
33 44       33 44 ==24.0
33 45       33 34 12 13 23 24 27 45 ==93.0
33 46       33 34 12 13 23 24 27 28 29 30 31 43 15 14 46 ==183.0
33 47       33 34 12 13 23 24 27 28 47 ==114.0
33 48       33 34 12 13 23 24 27 45 48 ==103.0
33 49       33 34 12 13 23 24 27 28 29 30 31 32 37 49 ==178.0
33 50       33 44 50 ==34.0
33 51       33 34 35 51 ==51.0
34 12       34 12 ==29.0
34 13       34 12 13 ==39.0
34 14       34 12 13 23 24 27 28 29 30 31 43 15 14 ==157.0
34 15       34 12 13 23 24 27 28 29 30 31 43 15 ==153.0
34 23       34 12 13 23 ==47.0
34 24       34 12 13 23 24 ==51.0
34 25       34 12 13 23 24 27 28 29 30 31 43 15 14 46 36 38 39 40 41 42 25 ==305.0
34 26       34 12 13 23 24 27 28 29 30 31 43 15 14 46 36 38 39 40 41 42 25 26 ==313.0
34 27       34 12 13 23 24 27 ==55.0
34 28       34 12 13 23 24 27 28 ==82.0
34 29       34 12 13 23 24 27 28 29 ==95.0
34 30       34 12 13 23 24 27 28 29 30 ==101.0
34 31       34 12 13 23 24 27 28 29 30 31 ==105.0
34 32       34 12 13 23 24 27 28 29 30 31 32 ==109.0
34 33       34 12 13 23 24 27 28 29 30 31 32 33 ==137.0
34 35       34 35 ==19.0
34 36       34 12 13 23 24 27 28 29 30 31 43 15 14 46 36 ==198.0
34 37       34 12 13 23 24 27 28 29 30 31 32 37 ==146.0
34 38       34 12 13 23 24 27 28 29 30 31 43 15 14 46 36 38 ==230.0
34 39       34 12 13 23 24 27 28 29 30 31 43 15 14 46 36 38 39 ==251.0
34 40       34 12 13 23 24 27 28 29 30 31 43 15 14 46 36 38 39 40 ==265.0
34 41       34 12 13 23 24 27 28 29 30 31 43 15 14 46 36 38 39 40 41 ==269.0
34 42       34 12 13 23 24 27 28 29 30 31 43 15 14 46 36 38 39 40 41 42 ==295.0
34 43       34 12 13 23 24 27 28 29 30 31 43 ==145.0
34 44       34 12 13 23 24 27 28 29 30 31 32 33 44 ==161.0
34 45       34 12 13 23 24 27 45 ==71.0
34 46       34 12 13 23 24 27 28 29 30 31 43 15 14 46 ==161.0
34 47       34 12 13 23 24 27 28 47 ==92.0
34 48       34 12 13 23 24 27 45 48 ==81.0
34 49       34 12 13 23 24 27 28 29 30 31 32 37 49 ==156.0
34 50       34 12 13 23 24 27 28 29 30 31 32 33 44 50 ==171.0
34 51       34 35 51 ==29.0
35 51       35 51 ==10.0
36 12       36 38 39 40 41 42 30 31 32 33 34 12 ==217.0
36 13       36 38 39 40 41 42 30 31 32 33 34 12 13 ==227.0
36 14       36 38 39 40 41 42 25 26 43 15 14 ==131.0
36 15       36 38 39 40 41 42 25 26 43 15 ==127.0
36 23       36 38 39 40 41 42 30 31 32 33 34 12 13 23 ==235.0
36 24       36 38 39 40 41 42 30 31 32 33 34 12 13 23 24 ==239.0
36 25       36 38 39 40 41 42 25 ==107.0
36 26       36 38 39 40 41 42 25 26 ==115.0
36 27       36 38 39 40 41 42 30 31 32 33 34 12 13 23 24 27 ==243.0
36 28       36 38 39 40 41 42 30 31 32 33 34 12 13 23 24 27 28 ==270.0
36 29       36 38 39 40 41 42 30 31 32 33 34 12 13 23 24 27 28 29 ==283.0
36 30       36 38 39 40 41 42 30 ==130.0
36 31       36 38 39 40 41 42 30 31 ==134.0
36 32       36 38 39 40 41 42 30 31 32 ==138.0
36 33       36 38 39 40 41 42 30 31 32 33 ==166.0
36 34       36 38 39 40 41 42 30 31 32 33 34 ==188.0
36 35       36 38 39 40 41 42 25 26 43 15 14 46 35 ==162.0
36 37       36 38 37 ==64.0
36 38       36 38 ==32.0
36 39       36 38 39 ==53.0
36 40       36 38 39 40 ==67.0
36 41       36 38 39 40 41 ==71.0
36 42       36 38 39 40 41 42 ==97.0
36 43       36 38 39 40 41 42 25 26 43 ==119.0
36 44       36 44 ==19.0
36 45       36 38 39 40 41 45 ==95.0
36 46       36 38 39 40 41 42 25 26 43 15 14 46 ==135.0
36 47       36 38 39 47 ==63.0
36 48       36 38 39 40 41 45 48 ==105.0
36 49       36 38 37 49 ==74.0
36 50       36 44 50 ==29.0
36 51       36 38 39 40 41 42 25 26 43 15 14 46 35 51 ==172.0
37 49       37 49 ==10.0
38 12       38 39 40 41 42 30 31 32 33 34 12 ==185.0
38 13       38 39 40 41 42 30 31 32 33 34 12 13 ==195.0
38 14       38 39 40 41 42 25 26 43 15 14 ==99.0
38 15       38 39 40 41 42 25 26 43 15 ==95.0
38 23       38 39 40 41 42 30 31 32 33 34 12 13 23 ==203.0
38 24       38 39 40 41 42 30 31 32 33 34 12 13 23 24 ==207.0
38 25       38 39 40 41 42 25 ==75.0
38 26       38 39 40 41 42 25 26 ==83.0
38 27       38 39 40 41 42 30 31 32 33 34 12 13 23 24 27 ==211.0
38 28       38 39 40 41 42 30 31 32 33 34 12 13 23 24 27 28 ==238.0
38 29       38 39 40 41 42 30 31 32 33 34 12 13 23 24 27 28 29 ==251.0
38 30       38 39 40 41 42 30 ==98.0
38 31       38 39 40 41 42 30 31 ==102.0
38 32       38 39 40 41 42 30 31 32 ==106.0
38 33       38 39 40 41 42 30 31 32 33 ==134.0
38 34       38 39 40 41 42 30 31 32 33 34 ==156.0
38 35       38 39 40 41 42 25 26 43 15 14 46 35 ==130.0
38 36       38 39 40 41 42 25 26 43 15 14 46 36 ==140.0
38 37       38 37 ==32.0
38 39       38 39 ==21.0
38 40       38 39 40 ==35.0
38 41       38 39 40 41 ==39.0
38 42       38 39 40 41 42 ==65.0
38 43       38 39 40 41 42 25 26 43 ==87.0
38 44       38 39 40 41 42 30 31 32 33 44 ==158.0
38 45       38 39 40 41 45 ==63.0
38 46       38 39 40 41 42 25 26 43 15 14 46 ==103.0
38 47       38 39 47 ==31.0
38 48       38 39 40 41 45 48 ==73.0
38 49       38 37 49 ==42.0
38 50       38 39 40 41 42 30 31 32 33 44 50 ==168.0
38 51       38 39 40 41 42 25 26 43 15 14 46 35 51 ==140.0
39 12       39 40 41 42 30 31 32 33 34 12 ==164.0
39 13       39 40 41 42 30 31 32 33 34 12 13 ==174.0
39 14       39 40 41 42 25 26 43 15 14 ==78.0
39 15       39 40 41 42 25 26 43 15 ==74.0
39 23       39 40 41 42 30 31 32 33 34 12 13 23 ==182.0
39 24       39 40 41 42 30 31 32 33 34 12 13 23 24 ==186.0
39 25       39 40 41 42 25 ==54.0
39 26       39 40 41 42 25 26 ==62.0
39 27       39 40 41 42 30 31 32 33 34 12 13 23 24 27 ==190.0
39 28       39 40 41 42 30 31 32 33 34 12 13 23 24 27 28 ==217.0
39 29       39 40 41 42 30 31 32 33 34 12 13 23 24 27 28 29 ==230.0
39 30       39 40 41 42 30 ==77.0
39 31       39 40 41 42 30 31 ==81.0
39 32       39 40 41 42 30 31 32 ==85.0
39 33       39 40 41 42 30 31 32 33 ==113.0
39 34       39 40 41 42 30 31 32 33 34 ==135.0
39 35       39 40 41 42 25 26 43 15 14 46 35 ==109.0
39 36       39 40 41 42 25 26 43 15 14 46 36 ==119.0
39 37       39 40 41 42 30 31 32 37 ==122.0
39 38       39 40 41 42 25 26 43 15 14 46 36 38 ==151.0
39 40       39 40 ==14.0
39 41       39 40 41 ==18.0
39 42       39 40 41 42 ==44.0
39 43       39 40 41 42 25 26 43 ==66.0
39 44       39 40 41 42 30 31 32 33 44 ==137.0
39 45       39 40 41 45 ==42.0
39 46       39 40 41 42 25 26 43 15 14 46 ==82.0
39 47       39 47 ==10.0
39 48       39 40 41 45 48 ==52.0
39 49       39 40 41 42 30 31 32 37 49 ==132.0
39 50       39 40 41 42 30 31 32 33 44 50 ==147.0
39 51       39 40 41 42 25 26 43 15 14 46 35 51 ==119.0
40 12       40 41 42 30 31 32 33 34 12 ==150.0
40 13       40 41 42 30 31 32 33 34 12 13 ==160.0
40 14       40 41 42 25 26 43 15 14 ==64.0
40 15       40 41 42 25 26 43 15 ==60.0
40 23       40 41 42 30 31 32 33 34 12 13 23 ==168.0
40 24       40 41 42 30 31 32 33 34 12 13 23 24 ==172.0
40 25       40 41 42 25 ==40.0
40 26       40 41 42 25 26 ==48.0
40 27       40 41 42 30 31 32 33 34 12 13 23 24 27 ==176.0
40 28       40 41 42 30 31 32 33 34 12 13 23 24 27 28 ==203.0
40 29       40 41 42 30 31 32 33 34 12 13 23 24 27 28 29 ==216.0
40 30       40 41 42 30 ==63.0
40 31       40 41 42 30 31 ==67.0
40 32       40 41 42 30 31 32 ==71.0
40 33       40 41 42 30 31 32 33 ==99.0
40 34       40 41 42 30 31 32 33 34 ==121.0
40 35       40 41 42 25 26 43 15 14 46 35 ==95.0
40 36       40 41 42 25 26 43 15 14 46 36 ==105.0
40 37       40 41 42 30 31 32 37 ==108.0
40 38       40 41 42 25 26 43 15 14 46 36 38 ==137.0
40 39       40 41 42 25 26 43 15 14 46 36 38 39 ==158.0
40 41       40 41 ==4.0
40 42       40 41 42 ==30.0
40 43       40 41 42 25 26 43 ==52.0
40 44       40 41 42 30 31 32 33 44 ==123.0
40 45       40 41 45 ==28.0
40 46       40 41 42 25 26 43 15 14 46 ==68.0
40 47       40 41 42 25 26 43 15 14 46 36 38 39 47 ==168.0
40 48       40 41 45 48 ==38.0
40 49       40 41 42 30 31 32 37 49 ==118.0
40 50       40 41 42 30 31 32 33 44 50 ==133.0
40 51       40 41 42 25 26 43 15 14 46 35 51 ==105.0
41 12       41 42 30 31 32 33 34 12 ==146.0
41 13       41 42 30 31 32 33 34 12 13 ==156.0
41 14       41 42 25 26 43 15 14 ==60.0
41 15       41 42 25 26 43 15 ==56.0
41 23       41 42 30 31 32 33 34 12 13 23 ==164.0
41 24       41 42 30 31 32 33 34 12 13 23 24 ==168.0
41 25       41 42 25 ==36.0
41 26       41 42 25 26 ==44.0
41 27       41 42 30 31 32 33 34 12 13 23 24 27 ==172.0
41 28       41 42 30 31 32 33 34 12 13 23 24 27 28 ==199.0
41 29       41 42 30 31 32 33 34 12 13 23 24 27 28 29 ==212.0
41 30       41 42 30 ==59.0
41 31       41 42 30 31 ==63.0
41 32       41 42 30 31 32 ==67.0
41 33       41 42 30 31 32 33 ==95.0
41 34       41 42 30 31 32 33 34 ==117.0
41 35       41 42 25 26 43 15 14 46 35 ==91.0
41 36       41 42 25 26 43 15 14 46 36 ==101.0
41 37       41 42 30 31 32 37 ==104.0
41 38       41 42 25 26 43 15 14 46 36 38 ==133.0
41 39       41 42 25 26 43 15 14 46 36 38 39 ==154.0
41 40       41 42 25 26 43 15 14 46 36 38 39 40 ==168.0
41 42       41 42 ==26.0
41 43       41 42 25 26 43 ==48.0
41 44       41 42 30 31 32 33 44 ==119.0
41 45       41 45 ==24.0
41 46       41 42 25 26 43 15 14 46 ==64.0
41 47       41 42 25 26 43 15 14 46 36 38 39 47 ==164.0
41 48       41 45 48 ==34.0
41 49       41 42 30 31 32 37 49 ==114.0
41 50       41 42 30 31 32 33 44 50 ==129.0
41 51       41 42 25 26 43 15 14 46 35 51 ==101.0
42 12       42 30 31 32 33 34 12 ==120.0
42 13       42 30 31 32 33 34 12 13 ==130.0
42 14       42 25 26 43 15 14 ==34.0
42 15       42 25 26 43 15 ==30.0
42 23       42 30 31 32 33 34 12 13 23 ==138.0
42 24       42 30 31 32 33 34 12 13 23 24 ==142.0
42 25       42 25 ==10.0
42 26       42 25 26 ==18.0
42 27       42 30 31 32 33 34 12 13 23 24 27 ==146.0
42 28       42 30 31 32 33 34 12 13 23 24 27 28 ==173.0
42 29       42 30 31 32 33 34 12 13 23 24 27 28 29 ==186.0
42 30       42 30 ==33.0
42 31       42 30 31 ==37.0
42 32       42 30 31 32 ==41.0
42 33       42 30 31 32 33 ==69.0
42 34       42 30 31 32 33 34 ==91.0
42 35       42 25 26 43 15 14 46 35 ==65.0
42 36       42 25 26 43 15 14 46 36 ==75.0
42 37       42 30 31 32 37 ==78.0
42 38       42 25 26 43 15 14 46 36 38 ==107.0
42 39       42 25 26 43 15 14 46 36 38 39 ==128.0
42 40       42 25 26 43 15 14 46 36 38 39 40 ==142.0
42 41       42 25 26 43 15 14 46 36 38 39 40 41 ==146.0
42 43       42 25 26 43 ==22.0
42 44       42 30 31 32 33 44 ==93.0
42 45       42 30 31 32 33 34 12 13 23 24 27 45 ==162.0
42 46       42 25 26 43 15 14 46 ==38.0
42 47       42 25 26 43 15 14 46 36 38 39 47 ==138.0
42 48       42 30 31 32 33 34 12 13 23 24 27 45 48 ==172.0
42 49       42 30 31 32 37 49 ==88.0
42 50       42 30 31 32 33 44 50 ==103.0
42 51       42 25 26 43 15 14 46 35 51 ==75.0
43 12       43 15 14 46 36 38 39 40 41 42 30 31 32 33 34 12 ==270.0
43 13       43 15 14 46 36 38 39 40 41 42 30 31 32 33 34 12 13 ==280.0
43 14       43 15 14 ==12.0
43 15       43 15 ==8.0
43 23       43 15 14 46 36 38 39 40 41 42 30 31 32 33 34 12 13 23 ==288.0
43 24       43 15 14 46 36 38 39 40 41 42 30 31 32 33 34 12 13 23 24 ==292.0
43 25       43 15 14 46 36 38 39 40 41 42 25 ==160.0
43 26       43 15 14 46 36 38 39 40 41 42 25 26 ==168.0
43 27       43 15 14 46 36 38 39 40 41 42 30 31 32 33 34 12 13 23 24 27 ==296.0
43 28       43 15 14 46 36 38 39 40 41 42 30 31 32 33 34 12 13 23 24 27 28 ==323.0
43 29       43 15 14 46 36 38 39 40 41 42 30 31 32 33 34 12 13 23 24 27 28 29 ==336.0
43 30       43 15 14 46 36 38 39 40 41 42 30 ==183.0
43 31       43 15 14 46 36 38 39 40 41 42 30 31 ==187.0
43 32       43 15 14 46 36 38 39 40 41 42 30 31 32 ==191.0
43 33       43 15 14 46 36 38 39 40 41 42 30 31 32 33 ==219.0
43 34       43 15 14 46 36 38 39 40 41 42 30 31 32 33 34 ==241.0
43 35       43 15 14 46 35 ==43.0
43 36       43 15 14 46 36 ==53.0
43 37       43 15 14 46 36 38 37 ==117.0
43 38       43 15 14 46 36 38 ==85.0
43 39       43 15 14 46 36 38 39 ==106.0
43 40       43 15 14 46 36 38 39 40 ==120.0
43 41       43 15 14 46 36 38 39 40 41 ==124.0
43 42       43 15 14 46 36 38 39 40 41 42 ==150.0
43 44       43 15 14 46 36 44 ==72.0
43 45       43 15 14 46 36 38 39 40 41 45 ==148.0
43 46       43 15 14 46 ==16.0
43 47       43 15 14 46 36 38 39 47 ==116.0
43 48       43 15 14 46 36 38 39 40 41 45 48 ==158.0
43 49       43 15 14 46 36 38 37 49 ==127.0
43 50       43 15 14 46 36 44 50 ==82.0
43 51       43 15 14 46 35 51 ==53.0
44 50       44 50 ==10.0
45 48       45 48 ==10.0
46 12       46 36 38 39 40 41 42 30 31 32 33 34 12 ==254.0
46 13       46 36 38 39 40 41 42 30 31 32 33 34 12 13 ==264.0
46 14       46 36 38 39 40 41 42 25 26 43 15 14 ==168.0
46 15       46 36 38 39 40 41 42 25 26 43 15 ==164.0
46 23       46 36 38 39 40 41 42 30 31 32 33 34 12 13 23 ==272.0
46 24       46 36 38 39 40 41 42 30 31 32 33 34 12 13 23 24 ==276.0
46 25       46 36 38 39 40 41 42 25 ==144.0
46 26       46 36 38 39 40 41 42 25 26 ==152.0
46 27       46 36 38 39 40 41 42 30 31 32 33 34 12 13 23 24 27 ==280.0
46 28       46 36 38 39 40 41 42 30 31 32 33 34 12 13 23 24 27 28 ==307.0
46 29       46 36 38 39 40 41 42 30 31 32 33 34 12 13 23 24 27 28 29 ==320.0
46 30       46 36 38 39 40 41 42 30 ==167.0
46 31       46 36 38 39 40 41 42 30 31 ==171.0
46 32       46 36 38 39 40 41 42 30 31 32 ==175.0
46 33       46 36 38 39 40 41 42 30 31 32 33 ==203.0
46 34       46 36 38 39 40 41 42 30 31 32 33 34 ==225.0
46 35       46 35 ==27.0
46 36       46 36 ==37.0
46 37       46 36 38 37 ==101.0
46 38       46 36 38 ==69.0
46 39       46 36 38 39 ==90.0
46 40       46 36 38 39 40 ==104.0
46 41       46 36 38 39 40 41 ==108.0
46 42       46 36 38 39 40 41 42 ==134.0
46 43       46 36 38 39 40 41 42 25 26 43 ==156.0
46 44       46 36 44 ==56.0
46 45       46 36 38 39 40 41 45 ==132.0
46 47       46 36 38 39 47 ==100.0
46 48       46 36 38 39 40 41 45 48 ==142.0
46 49       46 36 38 37 49 ==111.0
46 50       46 36 44 50 ==66.0
46 51       46 35 51 ==37.0
52 12       52 29 30 31 32 33 34 12 ==103.0
52 13       52 29 30 31 32 33 34 12 13 ==113.0
52 14       52 29 30 31 43 15 14 ==72.0
52 15       52 29 30 31 43 15 ==68.0
52 23       52 29 30 31 32 33 34 12 13 23 ==121.0
52 24       52 29 30 31 32 33 34 12 13 23 24 ==125.0
52 25       52 40 41 42 25 ==50.0
52 26       52 40 41 42 25 26 ==58.0
52 27       52 29 30 31 32 33 34 12 13 23 24 27 ==129.0
52 28       52 29 30 31 32 33 34 12 13 23 24 27 28 ==156.0
52 29       52 29 ==10.0
52 30       52 29 30 ==16.0
52 31       52 29 30 31 ==20.0
52 32       52 29 30 31 32 ==24.0
52 33       52 29 30 31 32 33 ==52.0
52 34       52 29 30 31 32 33 34 ==74.0
52 35       52 29 30 31 32 33 34 35 ==93.0
52 36       52 29 30 31 43 15 14 46 36 ==113.0
52 37       52 29 30 31 32 37 ==61.0
52 38       52 29 30 31 43 15 14 46 36 38 ==145.0
52 39       52 29 30 31 43 15 14 46 36 38 39 ==166.0
52 40       52 40 ==10.0
52 41       52 40 41 ==14.0
52 42       52 40 41 42 ==40.0
52 43       52 29 30 31 43 ==60.0
52 44       52 29 30 31 32 33 44 ==76.0
52 45       52 40 41 45 ==38.0
52 46       52 29 30 31 43 15 14 46 ==76.0
52 47       52 29 30 31 32 33 34 12 13 23 24 27 28 47 ==166.0
52 48       52 40 41 45 48 ==48.0
52 49       52 29 30 31 32 37 49 ==71.0
52 50       52 29 30 31 32 33 44 50 ==86.0
52 51       52 29 30 31 43 15 14 46 35 51 ==103.0
53 10       53 20 10 ==17.0
53 12       53 20 21 23 24 27 28 29 30 31 32 33 34 12 ==198.0
53 13       53 20 21 23 24 27 28 29 30 31 32 33 34 12 13 ==208.0
53 14       53 20 10 15 14 ==57.0
53 15       53 20 10 15 ==53.0
53 20       53 20 ==10.0
53 21       53 20 21 ==45.0
53 23       53 20 21 23 ==57.0
53 24       53 20 21 23 24 ==61.0
53 25       53 20 10 15 14 46 36 38 39 40 41 42 25 ==205.0
53 26       53 20 10 15 14 46 36 38 39 40 41 42 25 26 ==213.0
53 27       53 20 21 23 24 27 ==65.0
53 28       53 20 21 23 24 27 28 ==92.0
53 29       53 20 21 23 24 27 28 29 ==105.0
53 30       53 20 21 23 24 27 28 29 30 ==111.0
53 31       53 20 21 23 24 27 28 29 30 31 ==115.0
53 32       53 20 21 23 24 27 28 29 30 31 32 ==119.0
53 33       53 20 21 23 24 27 28 29 30 31 32 33 ==147.0
53 34       53 20 21 23 24 27 28 29 30 31 32 33 34 ==169.0
53 35       53 20 10 15 14 46 35 ==88.0
53 36       53 20 10 15 14 46 36 ==98.0
53 37       53 20 10 15 14 46 36 38 37 ==156.0
53 38       53 20 10 15 14 46 36 38 ==130.0
53 39       53 20 10 15 14 46 36 38 39 ==151.0
53 40       53 20 10 15 14 46 36 38 39 40 ==165.0
53 41       53 20 10 15 14 46 36 38 39 40 41 ==169.0
53 42       53 20 10 15 14 46 36 38 39 40 41 42 ==195.0
53 43       53 20 21 23 24 27 28 29 30 31 43 ==155.0
53 44       53 20 10 15 14 46 36 44 ==117.0
53 45       53 20 21 23 24 27 45 ==81.0
53 46       53 20 10 15 14 46 ==61.0
53 47       53 20 21 23 24 27 28 47 ==102.0
53 48       53 20 21 23 24 27 45 48 ==91.0
53 49       53 20 21 23 24 27 28 29 30 31 32 37 49 ==166.0
53 50       53 20 10 15 14 46 36 44 50 ==127.0
53 51       53 20 10 15 14 46 35 51 ==98.0
0 6       0 6 ==8.0
0 6       0 6 ==8.0
0 8       0 6 8 ==15.0
0 11       0 6 8 11 ==23.0
0 12       0 6 12 ==33.0
0 13       0 6 12 13 ==43.0
0 14       0 6 8 11 14 ==55.0
0 15       0 6 12 13 23 24 27 28 29 30 31 43 15 ==157.0
0 23       0 6 12 13 23 ==51.0
0 24       0 6 12 13 23 24 ==55.0
0 25       0 6 8 11 14 46 36 38 39 40 41 42 25 ==203.0
0 26       0 6 8 11 14 46 36 38 39 40 41 42 25 26 ==211.0
0 27       0 6 12 13 23 24 27 ==59.0
0 28       0 6 12 13 23 24 27 28 ==86.0
0 29       0 6 12 13 23 24 27 28 29 ==99.0
0 30       0 6 12 13 23 24 27 28 29 30 ==105.0
0 31       0 6 12 13 23 24 27 28 29 30 31 ==109.0
0 32       0 6 12 13 23 24 27 28 29 30 31 32 ==113.0
0 33       0 6 12 13 23 24 27 28 29 30 31 32 33 ==141.0
0 34       0 6 12 13 23 24 27 28 29 30 31 32 33 34 ==163.0
0 35       0 6 8 11 14 46 35 ==86.0
0 36       0 6 8 11 14 46 36 ==96.0
0 37       0 6 8 11 14 46 36 38 37 ==150.0
0 38       0 6 8 11 14 46 36 38 ==128.0
0 39       0 6 8 11 14 46 36 38 39 ==149.0
0 40       0 6 8 11 14 46 36 38 39 40 ==163.0
0 41       0 6 8 11 14 46 36 38 39 40 41 ==167.0
0 42       0 6 8 11 14 46 36 38 39 40 41 42 ==193.0
0 43       0 6 12 13 23 24 27 28 29 30 31 43 ==149.0
0 44       0 6 8 11 14 46 36 44 ==115.0
0 45       0 6 12 13 23 24 27 45 ==75.0
0 46       0 6 8 11 14 46 ==59.0
0 47       0 6 12 13 23 24 27 28 47 ==96.0
0 48       0 6 12 13 23 24 27 45 48 ==85.0
0 49       0 6 12 13 23 24 27 28 29 30 31 32 37 49 ==160.0
0 50       0 6 8 11 14 46 36 44 50 ==125.0
0 51       0 6 8 11 14 46 35 51 ==96.0
1 7       1 7 ==12.0
1 8       1 7 8 ==16.0
1 11       1 7 8 11 ==24.0
1 12       1 7 8 11 13 23 24 27 28 29 30 31 32 33 34 12 ==201.0
1 13       1 7 8 11 13 ==52.0
1 14       1 7 8 11 14 ==56.0
1 15       1 7 8 11 13 23 24 27 28 29 30 31 43 15 ==166.0
1 23       1 7 8 11 13 23 ==60.0
1 24       1 7 8 11 13 23 24 ==64.0
1 25       1 7 8 11 14 46 36 38 39 40 41 42 25 ==204.0
1 26       1 7 8 11 14 46 36 38 39 40 41 42 25 26 ==212.0
1 27       1 7 8 11 13 23 24 27 ==68.0
1 28       1 7 8 11 13 23 24 27 28 ==95.0
1 29       1 7 8 11 13 23 24 27 28 29 ==108.0
1 30       1 7 8 11 13 23 24 27 28 29 30 ==114.0
1 31       1 7 8 11 13 23 24 27 28 29 30 31 ==118.0
1 32       1 7 8 11 13 23 24 27 28 29 30 31 32 ==122.0
1 33       1 7 8 11 13 23 24 27 28 29 30 31 32 33 ==150.0
1 34       1 7 8 11 13 23 24 27 28 29 30 31 32 33 34 ==172.0
1 35       1 7 8 11 14 46 35 ==87.0
1 36       1 7 8 11 14 46 36 ==97.0
1 37       1 7 8 11 14 46 36 38 37 ==159.0
1 38       1 7 8 11 14 46 36 38 ==129.0
1 39       1 7 8 11 14 46 36 38 39 ==150.0
1 40       1 7 8 11 14 46 36 38 39 40 ==164.0
1 41       1 7 8 11 14 46 36 38 39 40 41 ==168.0
1 42       1 7 8 11 14 46 36 38 39 40 41 42 ==194.0
1 43       1 7 8 11 13 23 24 27 28 29 30 31 43 ==158.0
1 44       1 7 8 11 14 46 36 44 ==116.0
1 45       1 7 8 11 13 23 24 27 45 ==84.0
1 46       1 7 8 11 14 46 ==60.0
1 47       1 7 8 11 13 23 24 27 28 47 ==105.0
1 48       1 7 8 11 13 23 24 27 45 48 ==94.0
1 49       1 7 8 11 13 23 24 27 28 29 30 31 32 37 49 ==169.0
1 50       1 7 8 11 14 46 36 44 50 ==126.0
1 51       1 7 8 11 14 46 35 51 ==97.0
2 7       2 9 7 ==16.0
2 8       2 9 7 8 ==20.0
2 9       2 9 ==9.0
2 10       2 9 10 ==29.0
2 11       2 9 7 8 11 ==28.0
2 12       2 9 7 8 11 13 23 24 27 28 29 30 31 32 33 34 12 ==205.0
2 13       2 9 7 8 11 13 ==56.0
2 14       2 9 7 8 11 14 ==60.0
2 15       2 9 10 15 ==65.0
2 23       2 9 7 8 11 13 23 ==64.0
2 24       2 9 7 8 11 13 23 24 ==68.0
2 25       2 9 7 8 11 14 46 36 38 39 40 41 42 25 ==208.0
2 26       2 9 7 8 11 14 46 36 38 39 40 41 42 25 26 ==216.0
2 27       2 9 7 8 11 13 23 24 27 ==72.0
2 28       2 9 7 8 11 13 23 24 27 28 ==99.0
2 29       2 9 7 8 11 13 23 24 27 28 29 ==112.0
2 30       2 9 7 8 11 13 23 24 27 28 29 30 ==118.0
2 31       2 9 7 8 11 13 23 24 27 28 29 30 31 ==122.0
2 32       2 9 7 8 11 13 23 24 27 28 29 30 31 32 ==126.0
2 33       2 9 7 8 11 13 23 24 27 28 29 30 31 32 33 ==154.0
2 34       2 9 7 8 11 13 23 24 27 28 29 30 31 32 33 34 ==176.0
2 35       2 9 7 8 11 14 46 35 ==91.0
2 36       2 9 7 8 11 14 46 36 ==101.0
2 37       2 9 7 8 11 14 46 36 38 37 ==163.0
2 38       2 9 7 8 11 14 46 36 38 ==133.0
2 39       2 9 7 8 11 14 46 36 38 39 ==154.0
2 40       2 9 7 8 11 14 46 36 38 39 40 ==168.0
2 41       2 9 7 8 11 14 46 36 38 39 40 41 ==172.0
2 42       2 9 7 8 11 14 46 36 38 39 40 41 42 ==198.0
2 43       2 9 7 8 11 13 23 24 27 28 29 30 31 43 ==162.0
2 44       2 9 7 8 11 14 46 36 44 ==120.0
2 45       2 9 7 8 11 13 23 24 27 45 ==88.0
2 46       2 9 7 8 11 14 46 ==64.0
2 47       2 9 7 8 11 13 23 24 27 28 47 ==109.0
2 48       2 9 7 8 11 13 23 24 27 45 48 ==98.0
2 49       2 9 7 8 11 13 23 24 27 28 29 30 31 32 37 49 ==173.0
2 50       2 9 7 8 11 14 46 36 44 50 ==130.0
2 51       2 9 7 8 11 14 46 35 51 ==101.0
3 12       3 16 21 23 24 27 28 29 30 31 32 33 34 12 ==201.0
3 13       3 16 21 23 24 27 28 29 30 31 32 33 34 12 13 ==211.0
3 14       3 16 17 18 22 26 43 15 14 ==71.0
3 15       3 16 17 18 22 26 43 15 ==67.0
3 16       3 16 ==4.0
3 17       3 16 17 ==13.0
3 18       3 16 17 18 ==17.0
3 21       3 16 21 ==61.0
3 22       3 16 17 18 22 ==38.0
3 23       3 16 21 23 ==73.0
3 24       3 16 17 18 22 24 ==64.0
3 25       3 16 17 18 22 26 43 15 14 46 36 38 39 40 41 42 25 ==219.0
3 26       3 16 17 18 22 26 ==55.0
3 27       3 16 21 23 24 27 ==68.0
3 28       3 16 21 23 24 27 28 ==95.0
3 29       3 16 21 23 24 27 28 29 ==108.0
3 30       3 16 21 23 24 27 28 29 30 ==114.0
3 31       3 16 21 23 24 27 28 29 30 31 ==118.0
3 32       3 16 21 23 24 27 28 29 30 31 32 ==122.0
3 33       3 16 21 23 24 27 28 29 30 31 32 33 ==150.0
3 34       3 16 21 23 24 27 28 29 30 31 32 33 34 ==172.0
3 35       3 16 17 18 22 26 43 15 14 46 35 ==102.0
3 36       3 16 17 18 22 26 43 15 14 46 36 ==112.0
3 37       3 16 21 23 24 27 28 29 30 31 32 37 ==159.0
3 38       3 16 17 18 22 26 43 15 14 46 36 38 ==144.0
3 39       3 16 17 18 22 26 43 15 14 46 36 38 39 ==165.0
3 40       3 16 17 18 22 26 43 15 14 46 36 38 39 40 ==179.0
3 41       3 16 17 18 22 26 43 15 14 46 36 38 39 40 41 ==183.0
3 42       3 16 17 18 22 26 43 15 14 46 36 38 39 40 41 42 ==209.0
3 43       3 16 17 18 22 26 43 ==59.0
3 44       3 16 17 18 22 26 43 15 14 46 36 44 ==131.0
3 45       3 16 21 23 24 27 45 ==84.0
3 46       3 16 17 18 22 26 43 15 14 46 ==75.0
3 47       3 16 21 23 24 27 28 47 ==105.0
3 48       3 16 21 23 24 27 45 48 ==94.0
3 49       3 16 21 23 24 27 28 29 30 31 32 37 49 ==169.0
3 50       3 16 17 18 22 26 43 15 14 46 36 44 50 ==141.0
3 51       3 16 17 18 22 26 43 15 14 46 35 51 ==112.0
4 12       4 17 18 22 24 27 28 29 30 31 32 33 34 12 ==197.0
4 13       4 17 18 22 24 27 28 29 30 31 32 33 34 12 13 ==207.0
4 14       4 17 18 22 26 43 15 14 ==67.0
4 15       4 17 18 22 26 43 15 ==63.0
4 17       4 17 ==9.0
4 18       4 17 18 ==13.0
4 22       4 17 18 22 ==34.0
4 23       4 17 18 22 24 27 28 29 30 31 32 33 34 12 13 23 ==215.0
4 24       4 17 18 22 24 ==60.0
4 25       4 17 18 22 26 43 15 14 46 36 38 39 40 41 42 25 ==215.0
4 26       4 17 18 22 26 ==51.0
4 27       4 17 18 22 24 27 ==64.0
4 28       4 17 18 22 24 27 28 ==91.0
4 29       4 17 18 22 24 27 28 29 ==104.0
4 30       4 17 18 22 24 27 28 29 30 ==110.0
4 31       4 17 18 22 24 27 28 29 30 31 ==114.0
4 32       4 17 18 22 24 27 28 29 30 31 32 ==118.0
4 33       4 17 18 22 24 27 28 29 30 31 32 33 ==146.0
4 34       4 17 18 22 24 27 28 29 30 31 32 33 34 ==168.0
4 35       4 17 18 22 26 43 15 14 46 35 ==98.0
4 36       4 17 18 22 26 43 15 14 46 36 ==108.0
4 37       4 17 18 22 24 27 28 29 30 31 32 37 ==155.0
4 38       4 17 18 22 26 43 15 14 46 36 38 ==140.0
4 39       4 17 18 22 26 43 15 14 46 36 38 39 ==161.0
4 40       4 17 18 22 26 43 15 14 46 36 38 39 40 ==175.0
4 41       4 17 18 22 26 43 15 14 46 36 38 39 40 41 ==179.0
4 42       4 17 18 22 26 43 15 14 46 36 38 39 40 41 42 ==205.0
4 43       4 17 18 22 26 43 ==55.0
4 44       4 17 18 22 26 43 15 14 46 36 44 ==127.0
4 45       4 17 18 22 24 27 45 ==80.0
4 46       4 17 18 22 26 43 15 14 46 ==71.0
4 47       4 17 18 22 24 27 28 47 ==101.0
4 48       4 17 18 22 24 27 45 48 ==90.0
4 49       4 17 18 22 24 27 28 29 30 31 32 37 49 ==165.0
4 50       4 17 18 22 26 43 15 14 46 36 44 50 ==137.0
4 51       4 17 18 22 26 43 15 14 46 35 51 ==108.0
5 12       5 19 18 22 24 27 28 29 30 31 32 33 34 12 ==195.0
5 13       5 19 18 22 24 27 28 29 30 31 32 33 34 12 13 ==205.0
5 14       5 19 25 26 43 15 14 ==63.0
5 15       5 19 25 26 43 15 ==59.0
5 18       5 19 18 ==11.0
5 19       5 19 ==4.0
5 22       5 19 18 22 ==32.0
5 23       5 19 18 22 24 27 28 29 30 31 32 33 34 12 13 23 ==213.0
5 24       5 19 18 22 24 ==58.0
5 25       5 19 25 ==39.0
5 26       5 19 25 26 ==47.0
5 27       5 19 18 22 24 27 ==62.0
5 28       5 19 18 22 24 27 28 ==89.0
5 29       5 19 18 22 24 27 28 29 ==102.0
5 30       5 19 18 22 24 27 28 29 30 ==108.0
5 31       5 19 18 22 24 27 28 29 30 31 ==112.0
5 32       5 19 18 22 24 27 28 29 30 31 32 ==116.0
5 33       5 19 18 22 24 27 28 29 30 31 32 33 ==144.0
5 34       5 19 18 22 24 27 28 29 30 31 32 33 34 ==166.0
5 35       5 19 25 26 43 15 14 46 35 ==94.0
5 36       5 19 25 26 43 15 14 46 36 ==104.0
5 37       5 19 18 22 24 27 28 29 30 31 32 37 ==153.0
5 38       5 19 25 26 43 15 14 46 36 38 ==136.0
5 39       5 19 25 26 43 15 14 46 36 38 39 ==157.0
5 40       5 19 25 26 43 15 14 46 36 38 39 40 ==171.0
5 41       5 19 25 26 43 15 14 46 36 38 39 40 41 ==175.0
5 42       5 19 25 26 43 15 14 46 36 38 39 40 41 42 ==201.0
5 43       5 19 25 26 43 ==51.0
5 44       5 19 25 26 43 15 14 46 36 44 ==123.0
5 45       5 19 18 22 24 27 45 ==78.0
5 46       5 19 25 26 43 15 14 46 ==67.0
5 47       5 19 18 22 24 27 28 47 ==99.0
5 48       5 19 18 22 24 27 45 48 ==88.0
5 49       5 19 25 26 43 15 14 46 36 38 37 49 ==163.0
5 50       5 19 25 26 43 15 14 46 36 44 50 ==133.0
5 51       5 19 25 26 43 15 14 46 35 51 ==104.0
6 8       6 8 ==7.0
6 11       6 8 11 ==15.0
6 12       6 12 ==25.0
6 13       6 12 13 ==35.0
6 14       6 8 11 14 ==47.0
6 15       6 12 13 23 24 27 28 29 30 31 43 15 ==149.0
6 23       6 12 13 23 ==43.0
6 24       6 12 13 23 24 ==47.0
6 25       6 8 11 14 46 36 38 39 40 41 42 25 ==195.0
6 26       6 8 11 14 46 36 38 39 40 41 42 25 26 ==203.0
6 27       6 12 13 23 24 27 ==51.0
6 28       6 12 13 23 24 27 28 ==78.0
6 29       6 12 13 23 24 27 28 29 ==91.0
6 30       6 12 13 23 24 27 28 29 30 ==97.0
6 31       6 12 13 23 24 27 28 29 30 31 ==101.0
6 32       6 12 13 23 24 27 28 29 30 31 32 ==105.0
6 33       6 12 13 23 24 27 28 29 30 31 32 33 ==133.0
6 34       6 12 13 23 24 27 28 29 30 31 32 33 34 ==155.0
6 35       6 8 11 14 46 35 ==78.0
6 36       6 8 11 14 46 36 ==88.0
6 37       6 8 11 14 46 36 38 37 ==142.0
6 38       6 8 11 14 46 36 38 ==120.0
6 39       6 8 11 14 46 36 38 39 ==141.0
6 40       6 8 11 14 46 36 38 39 40 ==155.0
6 41       6 8 11 14 46 36 38 39 40 41 ==159.0
6 42       6 8 11 14 46 36 38 39 40 41 42 ==185.0
6 43       6 12 13 23 24 27 28 29 30 31 43 ==141.0
6 44       6 8 11 14 46 36 44 ==107.0
6 45       6 12 13 23 24 27 45 ==67.0
6 46       6 8 11 14 46 ==51.0
6 47       6 12 13 23 24 27 28 47 ==88.0
6 48       6 12 13 23 24 27 45 48 ==77.0
6 49       6 12 13 23 24 27 28 29 30 31 32 37 49 ==152.0
6 50       6 8 11 14 46 36 44 50 ==117.0
6 51       6 8 11 14 46 35 51 ==88.0
7 8       7 8 ==4.0
7 11       7 8 11 ==12.0
7 12       7 8 11 13 23 24 27 28 29 30 31 32 33 34 12 ==189.0
7 13       7 8 11 13 ==40.0
7 14       7 8 11 14 ==44.0
7 15       7 8 11 13 23 24 27 28 29 30 31 43 15 ==154.0
7 23       7 8 11 13 23 ==48.0
7 24       7 8 11 13 23 24 ==52.0
7 25       7 8 11 14 46 36 38 39 40 41 42 25 ==192.0
7 26       7 8 11 14 46 36 38 39 40 41 42 25 26 ==200.0
7 27       7 8 11 13 23 24 27 ==56.0
7 28       7 8 11 13 23 24 27 28 ==83.0
7 29       7 8 11 13 23 24 27 28 29 ==96.0
7 30       7 8 11 13 23 24 27 28 29 30 ==102.0
7 31       7 8 11 13 23 24 27 28 29 30 31 ==106.0
7 32       7 8 11 13 23 24 27 28 29 30 31 32 ==110.0
7 33       7 8 11 13 23 24 27 28 29 30 31 32 33 ==138.0
7 34       7 8 11 13 23 24 27 28 29 30 31 32 33 34 ==160.0
7 35       7 8 11 14 46 35 ==75.0
7 36       7 8 11 14 46 36 ==85.0
7 37       7 8 11 14 46 36 38 37 ==147.0
7 38       7 8 11 14 46 36 38 ==117.0
7 39       7 8 11 14 46 36 38 39 ==138.0
7 40       7 8 11 14 46 36 38 39 40 ==152.0
7 41       7 8 11 14 46 36 38 39 40 41 ==156.0
7 42       7 8 11 14 46 36 38 39 40 41 42 ==182.0
7 43       7 8 11 13 23 24 27 28 29 30 31 43 ==146.0
7 44       7 8 11 14 46 36 44 ==104.0
7 45       7 8 11 13 23 24 27 45 ==72.0
7 46       7 8 11 14 46 ==48.0
7 47       7 8 11 13 23 24 27 28 47 ==93.0
7 48       7 8 11 13 23 24 27 45 48 ==82.0
7 49       7 8 11 13 23 24 27 28 29 30 31 32 37 49 ==157.0
7 50       7 8 11 14 46 36 44 50 ==114.0
7 51       7 8 11 14 46 35 51 ==85.0
8 11       8 11 ==8.0
8 12       8 11 13 23 24 27 28 29 30 31 32 33 34 12 ==185.0
8 13       8 11 13 ==36.0
8 14       8 11 14 ==40.0
8 15       8 11 13 23 24 27 28 29 30 31 43 15 ==150.0
8 23       8 11 13 23 ==44.0
8 24       8 11 13 23 24 ==48.0
8 25       8 11 14 46 36 38 39 40 41 42 25 ==188.0
8 26       8 11 14 46 36 38 39 40 41 42 25 26 ==196.0
8 27       8 11 13 23 24 27 ==52.0
8 28       8 11 13 23 24 27 28 ==79.0
8 29       8 11 13 23 24 27 28 29 ==92.0
8 30       8 11 13 23 24 27 28 29 30 ==98.0
8 31       8 11 13 23 24 27 28 29 30 31 ==102.0
8 32       8 11 13 23 24 27 28 29 30 31 32 ==106.0
8 33       8 11 13 23 24 27 28 29 30 31 32 33 ==134.0
8 34       8 11 13 23 24 27 28 29 30 31 32 33 34 ==156.0
8 35       8 11 14 46 35 ==71.0
8 36       8 11 14 46 36 ==81.0
8 37       8 11 14 46 36 38 37 ==143.0
8 38       8 11 14 46 36 38 ==113.0
8 39       8 11 14 46 36 38 39 ==134.0
8 40       8 11 14 46 36 38 39 40 ==148.0
8 41       8 11 14 46 36 38 39 40 41 ==152.0
8 42       8 11 14 46 36 38 39 40 41 42 ==178.0
8 43       8 11 13 23 24 27 28 29 30 31 43 ==142.0
8 44       8 11 14 46 36 44 ==100.0
8 45       8 11 13 23 24 27 45 ==68.0
8 46       8 11 14 46 ==44.0
8 47       8 11 13 23 24 27 28 47 ==89.0
8 48       8 11 13 23 24 27 45 48 ==78.0
8 49       8 11 13 23 24 27 28 29 30 31 32 37 49 ==153.0
8 50       8 11 14 46 36 44 50 ==110.0
8 51       8 11 14 46 35 51 ==81.0
9 7       9 7 ==7.0
9 8       9 7 8 ==11.0
9 10       9 10 ==20.0
9 11       9 7 8 11 ==19.0
9 12       9 7 8 11 13 23 24 27 28 29 30 31 32 33 34 12 ==196.0
9 13       9 7 8 11 13 ==47.0
9 14       9 7 8 11 14 ==51.0
9 15       9 10 15 ==56.0
9 23       9 7 8 11 13 23 ==55.0
9 24       9 7 8 11 13 23 24 ==59.0
9 25       9 7 8 11 14 46 36 38 39 40 41 42 25 ==199.0
9 26       9 7 8 11 14 46 36 38 39 40 41 42 25 26 ==207.0
9 27       9 7 8 11 13 23 24 27 ==63.0
9 28       9 7 8 11 13 23 24 27 28 ==90.0
9 29       9 7 8 11 13 23 24 27 28 29 ==103.0
9 30       9 7 8 11 13 23 24 27 28 29 30 ==109.0
9 31       9 7 8 11 13 23 24 27 28 29 30 31 ==113.0
9 32       9 7 8 11 13 23 24 27 28 29 30 31 32 ==117.0
9 33       9 7 8 11 13 23 24 27 28 29 30 31 32 33 ==145.0
9 34       9 7 8 11 13 23 24 27 28 29 30 31 32 33 34 ==167.0
9 35       9 7 8 11 14 46 35 ==82.0
9 36       9 7 8 11 14 46 36 ==92.0
9 37       9 7 8 11 14 46 36 38 37 ==154.0
9 38       9 7 8 11 14 46 36 38 ==124.0
9 39       9 7 8 11 14 46 36 38 39 ==145.0
9 40       9 7 8 11 14 46 36 38 39 40 ==159.0
9 41       9 7 8 11 14 46 36 38 39 40 41 ==163.0
9 42       9 7 8 11 14 46 36 38 39 40 41 42 ==189.0
9 43       9 7 8 11 13 23 24 27 28 29 30 31 43 ==153.0
9 44       9 7 8 11 14 46 36 44 ==111.0
9 45       9 7 8 11 13 23 24 27 45 ==79.0
9 46       9 7 8 11 14 46 ==55.0
9 47       9 7 8 11 13 23 24 27 28 47 ==100.0
9 48       9 7 8 11 13 23 24 27 45 48 ==89.0
9 49       9 7 8 11 13 23 24 27 28 29 30 31 32 37 49 ==164.0
9 50       9 7 8 11 14 46 36 44 50 ==121.0
9 51       9 7 8 11 14 46 35 51 ==92.0
10 12       10 15 14 46 36 38 39 40 41 42 30 31 32 33 34 12 ==298.0
10 13       10 15 14 46 36 38 39 40 41 42 30 31 32 33 34 12 13 ==308.0
10 14       10 15 14 ==40.0
10 15       10 15 ==36.0
10 23       10 15 14 46 36 38 39 40 41 42 30 31 32 33 34 12 13 23 ==316.0
10 24       10 15 14 46 36 38 39 40 41 42 30 31 32 33 34 12 13 23 24 ==320.0
10 25       10 15 14 46 36 38 39 40 41 42 25 ==188.0
10 26       10 15 14 46 36 38 39 40 41 42 25 26 ==196.0
10 27       10 15 14 46 36 38 39 40 41 42 30 31 32 33 34 12 13 23 24 27 ==324.0
10 28       10 15 14 46 36 38 39 40 41 42 30 31 32 33 34 12 13 23 24 27 28 ==351.0
10 29       10 15 14 46 36 38 39 40 41 42 30 31 32 33 34 12 13 23 24 27 28 29 ==364.0
10 30       10 15 14 46 36 38 39 40 41 42 30 ==211.0
10 31       10 15 14 46 36 38 39 40 41 42 30 31 ==215.0
10 32       10 15 14 46 36 38 39 40 41 42 30 31 32 ==219.0
10 33       10 15 14 46 36 38 39 40 41 42 30 31 32 33 ==247.0
10 34       10 15 14 46 36 38 39 40 41 42 30 31 32 33 34 ==269.0
10 35       10 15 14 46 35 ==71.0
10 36       10 15 14 46 36 ==81.0
10 37       10 15 14 46 36 38 37 ==145.0
10 38       10 15 14 46 36 38 ==113.0
10 39       10 15 14 46 36 38 39 ==134.0
10 40       10 15 14 46 36 38 39 40 ==148.0
10 41       10 15 14 46 36 38 39 40 41 ==152.0
10 42       10 15 14 46 36 38 39 40 41 42 ==178.0
10 43       10 15 14 46 36 38 39 40 41 42 25 26 43 ==200.0
10 44       10 15 14 46 36 44 ==100.0
10 45       10 15 14 46 36 38 39 40 41 45 ==176.0
10 46       10 15 14 46 ==44.0
10 47       10 15 14 46 36 38 39 47 ==144.0
10 48       10 15 14 46 36 38 39 40 41 45 48 ==186.0
10 49       10 15 14 46 36 38 37 49 ==155.0
10 50       10 15 14 46 36 44 50 ==110.0
10 51       10 15 14 46 35 51 ==81.0
11 12       11 13 23 24 27 28 29 30 31 32 33 34 12 ==177.0
11 13       11 13 ==28.0
11 14       11 14 ==32.0
11 15       11 13 23 24 27 28 29 30 31 43 15 ==142.0
11 23       11 13 23 ==36.0
11 24       11 13 23 24 ==40.0
11 25       11 14 46 36 38 39 40 41 42 25 ==180.0
11 26       11 14 46 36 38 39 40 41 42 25 26 ==188.0
11 27       11 13 23 24 27 ==44.0
11 28       11 13 23 24 27 28 ==71.0
11 29       11 13 23 24 27 28 29 ==84.0
11 30       11 13 23 24 27 28 29 30 ==90.0
11 31       11 13 23 24 27 28 29 30 31 ==94.0
11 32       11 13 23 24 27 28 29 30 31 32 ==98.0
11 33       11 13 23 24 27 28 29 30 31 32 33 ==126.0
11 34       11 13 23 24 27 28 29 30 31 32 33 34 ==148.0
11 35       11 14 46 35 ==63.0
11 36       11 14 46 36 ==73.0
11 37       11 14 46 36 38 37 ==135.0
11 38       11 14 46 36 38 ==105.0
11 39       11 14 46 36 38 39 ==126.0
11 40       11 14 46 36 38 39 40 ==140.0
11 41       11 14 46 36 38 39 40 41 ==144.0
11 42       11 14 46 36 38 39 40 41 42 ==170.0
11 43       11 13 23 24 27 28 29 30 31 43 ==134.0
11 44       11 14 46 36 44 ==92.0
11 45       11 13 23 24 27 45 ==60.0
11 46       11 14 46 ==36.0
11 47       11 13 23 24 27 28 47 ==81.0
11 48       11 13 23 24 27 45 48 ==70.0
11 49       11 13 23 24 27 28 29 30 31 32 37 49 ==145.0
11 50       11 14 46 36 44 50 ==102.0
11 51       11 14 46 35 51 ==73.0
12 13       12 13 ==10.0
12 14       12 13 23 24 27 28 29 30 31 43 15 14 ==128.0
12 15       12 13 23 24 27 28 29 30 31 43 15 ==124.0
12 23       12 13 23 ==18.0
12 24       12 13 23 24 ==22.0
12 25       12 13 23 24 27 28 29 30 31 43 15 14 46 36 38 39 40 41 42 25 ==276.0
12 26       12 13 23 24 27 28 29 30 31 43 15 14 46 36 38 39 40 41 42 25 26 ==284.0
12 27       12 13 23 24 27 ==26.0
12 28       12 13 23 24 27 28 ==53.0
12 29       12 13 23 24 27 28 29 ==66.0
12 30       12 13 23 24 27 28 29 30 ==72.0
12 31       12 13 23 24 27 28 29 30 31 ==76.0
12 32       12 13 23 24 27 28 29 30 31 32 ==80.0
12 33       12 13 23 24 27 28 29 30 31 32 33 ==108.0
12 34       12 13 23 24 27 28 29 30 31 32 33 34 ==130.0
12 35       12 13 23 24 27 28 29 30 31 32 33 34 35 ==149.0
12 36       12 13 23 24 27 28 29 30 31 43 15 14 46 36 ==169.0
12 37       12 13 23 24 27 28 29 30 31 32 37 ==117.0
12 38       12 13 23 24 27 28 29 30 31 43 15 14 46 36 38 ==201.0
12 39       12 13 23 24 27 28 29 30 31 43 15 14 46 36 38 39 ==222.0
12 40       12 13 23 24 27 28 29 30 31 43 15 14 46 36 38 39 40 ==236.0
12 41       12 13 23 24 27 28 29 30 31 43 15 14 46 36 38 39 40 41 ==240.0
12 42       12 13 23 24 27 28 29 30 31 43 15 14 46 36 38 39 40 41 42 ==266.0
12 43       12 13 23 24 27 28 29 30 31 43 ==116.0
12 44       12 13 23 24 27 28 29 30 31 32 33 44 ==132.0
12 45       12 13 23 24 27 45 ==42.0
12 46       12 13 23 24 27 28 29 30 31 43 15 14 46 ==132.0
12 47       12 13 23 24 27 28 47 ==63.0
12 48       12 13 23 24 27 45 48 ==52.0
12 49       12 13 23 24 27 28 29 30 31 32 37 49 ==127.0
12 50       12 13 23 24 27 28 29 30 31 32 33 44 50 ==142.0
12 51       12 13 23 24 27 28 29 30 31 43 15 14 46 35 51 ==159.0
13 12       13 23 24 27 28 29 30 31 32 33 34 12 ==149.0
13 14       13 23 24 27 28 29 30 31 43 15 14 ==118.0
13 15       13 23 24 27 28 29 30 31 43 15 ==114.0
13 23       13 23 ==8.0
13 24       13 23 24 ==12.0
13 25       13 23 24 27 28 29 30 31 43 15 14 46 36 38 39 40 41 42 25 ==266.0
13 26       13 23 24 27 28 29 30 31 43 15 14 46 36 38 39 40 41 42 25 26 ==274.0
13 27       13 23 24 27 ==16.0
13 28       13 23 24 27 28 ==43.0
13 29       13 23 24 27 28 29 ==56.0
13 30       13 23 24 27 28 29 30 ==62.0
13 31       13 23 24 27 28 29 30 31 ==66.0
13 32       13 23 24 27 28 29 30 31 32 ==70.0
13 33       13 23 24 27 28 29 30 31 32 33 ==98.0
13 34       13 23 24 27 28 29 30 31 32 33 34 ==120.0
13 35       13 23 24 27 28 29 30 31 32 33 34 35 ==139.0
13 36       13 23 24 27 28 29 30 31 43 15 14 46 36 ==159.0
13 37       13 23 24 27 28 29 30 31 32 37 ==107.0
13 38       13 23 24 27 28 29 30 31 43 15 14 46 36 38 ==191.0
13 39       13 23 24 27 28 29 30 31 43 15 14 46 36 38 39 ==212.0
13 40       13 23 24 27 28 29 30 31 43 15 14 46 36 38 39 40 ==226.0
13 41       13 23 24 27 28 29 30 31 43 15 14 46 36 38 39 40 41 ==230.0
13 42       13 23 24 27 28 29 30 31 43 15 14 46 36 38 39 40 41 42 ==256.0
13 43       13 23 24 27 28 29 30 31 43 ==106.0
13 44       13 23 24 27 28 29 30 31 32 33 44 ==122.0
13 45       13 23 24 27 45 ==32.0
13 46       13 23 24 27 28 29 30 31 43 15 14 46 ==122.0
13 47       13 23 24 27 28 47 ==53.0
13 48       13 23 24 27 45 48 ==42.0
13 49       13 23 24 27 28 29 30 31 32 37 49 ==117.0
13 50       13 23 24 27 28 29 30 31 32 33 44 50 ==132.0
13 51       13 23 24 27 28 29 30 31 43 15 14 46 35 51 ==149.0
14 12       14 46 36 38 39 40 41 42 30 31 32 33 34 12 ==258.0
14 13       14 46 36 38 39 40 41 42 30 31 32 33 34 12 13 ==268.0
14 15       14 46 36 38 39 40 41 42 25 26 43 15 ==168.0
14 23       14 46 36 38 39 40 41 42 30 31 32 33 34 12 13 23 ==276.0
14 24       14 46 36 38 39 40 41 42 30 31 32 33 34 12 13 23 24 ==280.0
14 25       14 46 36 38 39 40 41 42 25 ==148.0
14 26       14 46 36 38 39 40 41 42 25 26 ==156.0
14 27       14 46 36 38 39 40 41 42 30 31 32 33 34 12 13 23 24 27 ==284.0
14 28       14 46 36 38 39 40 41 42 30 31 32 33 34 12 13 23 24 27 28 ==311.0
14 29       14 46 36 38 39 40 41 42 30 31 32 33 34 12 13 23 24 27 28 29 ==324.0
14 30       14 46 36 38 39 40 41 42 30 ==171.0
14 31       14 46 36 38 39 40 41 42 30 31 ==175.0
14 32       14 46 36 38 39 40 41 42 30 31 32 ==179.0
14 33       14 46 36 38 39 40 41 42 30 31 32 33 ==207.0
14 34       14 46 36 38 39 40 41 42 30 31 32 33 34 ==229.0
14 35       14 46 35 ==31.0
14 36       14 46 36 ==41.0
14 37       14 46 36 38 37 ==105.0
14 38       14 46 36 38 ==73.0
14 39       14 46 36 38 39 ==94.0
14 40       14 46 36 38 39 40 ==108.0
14 41       14 46 36 38 39 40 41 ==112.0
14 42       14 46 36 38 39 40 41 42 ==138.0
14 43       14 46 36 38 39 40 41 42 25 26 43 ==160.0
14 44       14 46 36 44 ==60.0
14 45       14 46 36 38 39 40 41 45 ==136.0
14 46       14 46 ==4.0
14 47       14 46 36 38 39 47 ==104.0
14 48       14 46 36 38 39 40 41 45 48 ==146.0
14 49       14 46 36 38 37 49 ==115.0
14 50       14 46 36 44 50 ==70.0
14 51       14 46 35 51 ==41.0
15 12       15 14 46 36 38 39 40 41 42 30 31 32 33 34 12 ==262.0
15 13       15 14 46 36 38 39 40 41 42 30 31 32 33 34 12 13 ==272.0
15 14       15 14 ==4.0
15 23       15 14 46 36 38 39 40 41 42 30 31 32 33 34 12 13 23 ==280.0
15 24       15 14 46 36 38 39 40 41 42 30 31 32 33 34 12 13 23 24 ==284.0
15 25       15 14 46 36 38 39 40 41 42 25 ==152.0
15 26       15 14 46 36 38 39 40 41 42 25 26 ==160.0
15 27       15 14 46 36 38 39 40 41 42 30 31 32 33 34 12 13 23 24 27 ==288.0
15 28       15 14 46 36 38 39 40 41 42 30 31 32 33 34 12 13 23 24 27 28 ==315.0
15 29       15 14 46 36 38 39 40 41 42 30 31 32 33 34 12 13 23 24 27 28 29 ==328.0
15 30       15 14 46 36 38 39 40 41 42 30 ==175.0
15 31       15 14 46 36 38 39 40 41 42 30 31 ==179.0
15 32       15 14 46 36 38 39 40 41 42 30 31 32 ==183.0
15 33       15 14 46 36 38 39 40 41 42 30 31 32 33 ==211.0
15 34       15 14 46 36 38 39 40 41 42 30 31 32 33 34 ==233.0
15 35       15 14 46 35 ==35.0
15 36       15 14 46 36 ==45.0
15 37       15 14 46 36 38 37 ==109.0
15 38       15 14 46 36 38 ==77.0
15 39       15 14 46 36 38 39 ==98.0
15 40       15 14 46 36 38 39 40 ==112.0
15 41       15 14 46 36 38 39 40 41 ==116.0
15 42       15 14 46 36 38 39 40 41 42 ==142.0
15 43       15 14 46 36 38 39 40 41 42 25 26 43 ==164.0
15 44       15 14 46 36 44 ==64.0
15 45       15 14 46 36 38 39 40 41 45 ==140.0
15 46       15 14 46 ==8.0
15 47       15 14 46 36 38 39 47 ==108.0
15 48       15 14 46 36 38 39 40 41 45 48 ==150.0
15 49       15 14 46 36 38 37 49 ==119.0
15 50       15 14 46 36 44 50 ==74.0
15 51       15 14 46 35 51 ==45.0
16 12       16 21 23 24 27 28 29 30 31 32 33 34 12 ==197.0
16 13       16 21 23 24 27 28 29 30 31 32 33 34 12 13 ==207.0
16 14       16 17 18 22 26 43 15 14 ==67.0
16 15       16 17 18 22 26 43 15 ==63.0
16 17       16 17 ==9.0
16 18       16 17 18 ==13.0
16 21       16 21 ==57.0
16 22       16 17 18 22 ==34.0
16 23       16 21 23 ==69.0
16 24       16 17 18 22 24 ==60.0
16 25       16 17 18 22 26 43 15 14 46 36 38 39 40 41 42 25 ==215.0
16 26       16 17 18 22 26 ==51.0
16 27       16 21 23 24 27 ==64.0
16 28       16 21 23 24 27 28 ==91.0
16 29       16 21 23 24 27 28 29 ==104.0
16 30       16 21 23 24 27 28 29 30 ==110.0
16 31       16 21 23 24 27 28 29 30 31 ==114.0
16 32       16 21 23 24 27 28 29 30 31 32 ==118.0
16 33       16 21 23 24 27 28 29 30 31 32 33 ==146.0
16 34       16 21 23 24 27 28 29 30 31 32 33 34 ==168.0
16 35       16 17 18 22 26 43 15 14 46 35 ==98.0
16 36       16 17 18 22 26 43 15 14 46 36 ==108.0
16 37       16 21 23 24 27 28 29 30 31 32 37 ==155.0
16 38       16 17 18 22 26 43 15 14 46 36 38 ==140.0
16 39       16 17 18 22 26 43 15 14 46 36 38 39 ==161.0
16 40       16 17 18 22 26 43 15 14 46 36 38 39 40 ==175.0
16 41       16 17 18 22 26 43 15 14 46 36 38 39 40 41 ==179.0
16 42       16 17 18 22 26 43 15 14 46 36 38 39 40 41 42 ==205.0
16 43       16 17 18 22 26 43 ==55.0
16 44       16 17 18 22 26 43 15 14 46 36 44 ==127.0
16 45       16 21 23 24 27 45 ==80.0
16 46       16 17 18 22 26 43 15 14 46 ==71.0
16 47       16 21 23 24 27 28 47 ==101.0
16 48       16 21 23 24 27 45 48 ==90.0
16 49       16 21 23 24 27 28 29 30 31 32 37 49 ==165.0
16 50       16 17 18 22 26 43 15 14 46 36 44 50 ==137.0
16 51       16 17 18 22 26 43 15 14 46 35 51 ==108.0
17 12       17 18 22 24 27 28 29 30 31 32 33 34 12 ==188.0
17 13       17 18 22 24 27 28 29 30 31 32 33 34 12 13 ==198.0
17 14       17 18 22 26 43 15 14 ==58.0
17 15       17 18 22 26 43 15 ==54.0
17 18       17 18 ==4.0
17 22       17 18 22 ==25.0
17 23       17 18 22 24 27 28 29 30 31 32 33 34 12 13 23 ==206.0
17 24       17 18 22 24 ==51.0
17 25       17 18 22 26 43 15 14 46 36 38 39 40 41 42 25 ==206.0
17 26       17 18 22 26 ==42.0
17 27       17 18 22 24 27 ==55.0
17 28       17 18 22 24 27 28 ==82.0
17 29       17 18 22 24 27 28 29 ==95.0
17 30       17 18 22 24 27 28 29 30 ==101.0
17 31       17 18 22 24 27 28 29 30 31 ==105.0
17 32       17 18 22 24 27 28 29 30 31 32 ==109.0
17 33       17 18 22 24 27 28 29 30 31 32 33 ==137.0
17 34       17 18 22 24 27 28 29 30 31 32 33 34 ==159.0
17 35       17 18 22 26 43 15 14 46 35 ==89.0
17 36       17 18 22 26 43 15 14 46 36 ==99.0
17 37       17 18 22 24 27 28 29 30 31 32 37 ==146.0
17 38       17 18 22 26 43 15 14 46 36 38 ==131.0
17 39       17 18 22 26 43 15 14 46 36 38 39 ==152.0
17 40       17 18 22 26 43 15 14 46 36 38 39 40 ==166.0
17 41       17 18 22 26 43 15 14 46 36 38 39 40 41 ==170.0
17 42       17 18 22 26 43 15 14 46 36 38 39 40 41 42 ==196.0
17 43       17 18 22 26 43 ==46.0
17 44       17 18 22 26 43 15 14 46 36 44 ==118.0
17 45       17 18 22 24 27 45 ==71.0
17 46       17 18 22 26 43 15 14 46 ==62.0
17 47       17 18 22 24 27 28 47 ==92.0
17 48       17 18 22 24 27 45 48 ==81.0
17 49       17 18 22 24 27 28 29 30 31 32 37 49 ==156.0
17 50       17 18 22 26 43 15 14 46 36 44 50 ==128.0
17 51       17 18 22 26 43 15 14 46 35 51 ==99.0
18 12       18 22 24 27 28 29 30 31 32 33 34 12 ==184.0
18 13       18 22 24 27 28 29 30 31 32 33 34 12 13 ==194.0
18 14       18 22 26 43 15 14 ==54.0
18 15       18 22 26 43 15 ==50.0
18 22       18 22 ==21.0
18 23       18 22 24 27 28 29 30 31 32 33 34 12 13 23 ==202.0
18 24       18 22 24 ==47.0
18 25       18 22 26 43 15 14 46 36 38 39 40 41 42 25 ==202.0
18 26       18 22 26 ==38.0
18 27       18 22 24 27 ==51.0
18 28       18 22 24 27 28 ==78.0
18 29       18 22 24 27 28 29 ==91.0
18 30       18 22 24 27 28 29 30 ==97.0
18 31       18 22 24 27 28 29 30 31 ==101.0
18 32       18 22 24 27 28 29 30 31 32 ==105.0
18 33       18 22 24 27 28 29 30 31 32 33 ==133.0
18 34       18 22 24 27 28 29 30 31 32 33 34 ==155.0
18 35       18 22 26 43 15 14 46 35 ==85.0
18 36       18 22 26 43 15 14 46 36 ==95.0
18 37       18 22 24 27 28 29 30 31 32 37 ==142.0
18 38       18 22 26 43 15 14 46 36 38 ==127.0
18 39       18 22 26 43 15 14 46 36 38 39 ==148.0
18 40       18 22 26 43 15 14 46 36 38 39 40 ==162.0
18 41       18 22 26 43 15 14 46 36 38 39 40 41 ==166.0
18 42       18 22 26 43 15 14 46 36 38 39 40 41 42 ==192.0
18 43       18 22 26 43 ==42.0
18 44       18 22 26 43 15 14 46 36 44 ==114.0
18 45       18 22 24 27 45 ==67.0
18 46       18 22 26 43 15 14 46 ==58.0
18 47       18 22 24 27 28 47 ==88.0
18 48       18 22 24 27 45 48 ==77.0
18 49       18 22 24 27 28 29 30 31 32 37 49 ==152.0
18 50       18 22 26 43 15 14 46 36 44 50 ==124.0
18 51       18 22 26 43 15 14 46 35 51 ==95.0
19 12       19 18 22 24 27 28 29 30 31 32 33 34 12 ==191.0
19 13       19 18 22 24 27 28 29 30 31 32 33 34 12 13 ==201.0
19 14       19 25 26 43 15 14 ==59.0
19 15       19 25 26 43 15 ==55.0
19 18       19 18 ==7.0
19 22       19 18 22 ==28.0
19 23       19 18 22 24 27 28 29 30 31 32 33 34 12 13 23 ==209.0
19 24       19 18 22 24 ==54.0
19 25       19 25 ==35.0
19 26       19 25 26 ==43.0
19 27       19 18 22 24 27 ==58.0
19 28       19 18 22 24 27 28 ==85.0
19 29       19 18 22 24 27 28 29 ==98.0
19 30       19 18 22 24 27 28 29 30 ==104.0
19 31       19 18 22 24 27 28 29 30 31 ==108.0
19 32       19 18 22 24 27 28 29 30 31 32 ==112.0
19 33       19 18 22 24 27 28 29 30 31 32 33 ==140.0
19 34       19 18 22 24 27 28 29 30 31 32 33 34 ==162.0
19 35       19 25 26 43 15 14 46 35 ==90.0
19 36       19 25 26 43 15 14 46 36 ==100.0
19 37       19 18 22 24 27 28 29 30 31 32 37 ==149.0
19 38       19 25 26 43 15 14 46 36 38 ==132.0
19 39       19 25 26 43 15 14 46 36 38 39 ==153.0
19 40       19 25 26 43 15 14 46 36 38 39 40 ==167.0
19 41       19 25 26 43 15 14 46 36 38 39 40 41 ==171.0
19 42       19 25 26 43 15 14 46 36 38 39 40 41 42 ==197.0
19 43       19 25 26 43 ==47.0
19 44       19 25 26 43 15 14 46 36 44 ==119.0
19 45       19 18 22 24 27 45 ==74.0
19 46       19 25 26 43 15 14 46 ==63.0
19 47       19 18 22 24 27 28 47 ==95.0
19 48       19 18 22 24 27 45 48 ==84.0
19 49       19 25 26 43 15 14 46 36 38 37 49 ==159.0
19 50       19 25 26 43 15 14 46 36 44 50 ==129.0
19 51       19 25 26 43 15 14 46 35 51 ==100.0
20 10       20 10 ==7.0
20 12       20 21 23 24 27 28 29 30 31 32 33 34 12 ==188.0
20 13       20 21 23 24 27 28 29 30 31 32 33 34 12 13 ==198.0
20 14       20 10 15 14 ==47.0
20 15       20 10 15 ==43.0
20 21       20 21 ==35.0
20 23       20 21 23 ==47.0
20 24       20 21 23 24 ==51.0
20 25       20 10 15 14 46 36 38 39 40 41 42 25 ==195.0
20 26       20 10 15 14 46 36 38 39 40 41 42 25 26 ==203.0
20 27       20 21 23 24 27 ==55.0
20 28       20 21 23 24 27 28 ==82.0
20 29       20 21 23 24 27 28 29 ==95.0
20 30       20 21 23 24 27 28 29 30 ==101.0
20 31       20 21 23 24 27 28 29 30 31 ==105.0
20 32       20 21 23 24 27 28 29 30 31 32 ==109.0
20 33       20 21 23 24 27 28 29 30 31 32 33 ==137.0
20 34       20 21 23 24 27 28 29 30 31 32 33 34 ==159.0
20 35       20 10 15 14 46 35 ==78.0
20 36       20 10 15 14 46 36 ==88.0
20 37       20 10 15 14 46 36 38 37 ==146.0
20 38       20 10 15 14 46 36 38 ==120.0
20 39       20 10 15 14 46 36 38 39 ==141.0
20 40       20 10 15 14 46 36 38 39 40 ==155.0
20 41       20 10 15 14 46 36 38 39 40 41 ==159.0
20 42       20 10 15 14 46 36 38 39 40 41 42 ==185.0
20 43       20 21 23 24 27 28 29 30 31 43 ==145.0
20 44       20 10 15 14 46 36 44 ==107.0
20 45       20 21 23 24 27 45 ==71.0
20 46       20 10 15 14 46 ==51.0
20 47       20 21 23 24 27 28 47 ==92.0
20 48       20 21 23 24 27 45 48 ==81.0
20 49       20 21 23 24 27 28 29 30 31 32 37 49 ==156.0
20 50       20 10 15 14 46 36 44 50 ==117.0
20 51       20 10 15 14 46 35 51 ==88.0
21 12       21 23 24 27 28 29 30 31 32 33 34 12 ==153.0
21 13       21 23 24 27 28 29 30 31 32 33 34 12 13 ==163.0
21 14       21 23 24 27 28 29 30 31 43 15 14 ==122.0
21 15       21 23 24 27 28 29 30 31 43 15 ==118.0
21 23       21 23 ==12.0
21 24       21 23 24 ==16.0
21 25       21 23 24 27 28 29 30 31 43 15 14 46 36 38 39 40 41 42 25 ==270.0
21 26       21 23 24 27 28 29 30 31 43 15 14 46 36 38 39 40 41 42 25 26 ==278.0
21 27       21 23 24 27 ==20.0
21 28       21 23 24 27 28 ==47.0
21 29       21 23 24 27 28 29 ==60.0
21 30       21 23 24 27 28 29 30 ==66.0
21 31       21 23 24 27 28 29 30 31 ==70.0
21 32       21 23 24 27 28 29 30 31 32 ==74.0
21 33       21 23 24 27 28 29 30 31 32 33 ==102.0
21 34       21 23 24 27 28 29 30 31 32 33 34 ==124.0
21 35       21 23 24 27 28 29 30 31 32 33 34 35 ==143.0
21 36       21 23 24 27 28 29 30 31 43 15 14 46 36 ==163.0
21 37       21 23 24 27 28 29 30 31 32 37 ==111.0
21 38       21 23 24 27 28 29 30 31 43 15 14 46 36 38 ==195.0
21 39       21 23 24 27 28 29 30 31 43 15 14 46 36 38 39 ==216.0
21 40       21 23 24 27 28 29 30 31 43 15 14 46 36 38 39 40 ==230.0
21 41       21 23 24 27 28 29 30 31 43 15 14 46 36 38 39 40 41 ==234.0
21 42       21 23 24 27 28 29 30 31 43 15 14 46 36 38 39 40 41 42 ==260.0
21 43       21 23 24 27 28 29 30 31 43 ==110.0
21 44       21 23 24 27 28 29 30 31 32 33 44 ==126.0
21 45       21 23 24 27 45 ==36.0
21 46       21 23 24 27 28 29 30 31 43 15 14 46 ==126.0
21 47       21 23 24 27 28 47 ==57.0
21 48       21 23 24 27 45 48 ==46.0
21 49       21 23 24 27 28 29 30 31 32 37 49 ==121.0
21 50       21 23 24 27 28 29 30 31 32 33 44 50 ==136.0
21 51       21 23 24 27 28 29 30 31 43 15 14 46 35 51 ==153.0
22 12       22 24 27 28 29 30 31 32 33 34 12 ==163.0
22 13       22 24 27 28 29 30 31 32 33 34 12 13 ==173.0
22 14       22 26 43 15 14 ==33.0
22 15       22 26 43 15 ==29.0
22 23       22 24 27 28 29 30 31 32 33 34 12 13 23 ==181.0
22 24       22 24 ==26.0
22 25       22 26 43 15 14 46 36 38 39 40 41 42 25 ==181.0
22 26       22 26 ==17.0
22 27       22 24 27 ==30.0
22 28       22 24 27 28 ==57.0
22 29       22 24 27 28 29 ==70.0
22 30       22 24 27 28 29 30 ==76.0
22 31       22 24 27 28 29 30 31 ==80.0
22 32       22 24 27 28 29 30 31 32 ==84.0
22 33       22 24 27 28 29 30 31 32 33 ==112.0
22 34       22 24 27 28 29 30 31 32 33 34 ==134.0
22 35       22 26 43 15 14 46 35 ==64.0
22 36       22 26 43 15 14 46 36 ==74.0
22 37       22 24 27 28 29 30 31 32 37 ==121.0
22 38       22 26 43 15 14 46 36 38 ==106.0
22 39       22 26 43 15 14 46 36 38 39 ==127.0
22 40       22 26 43 15 14 46 36 38 39 40 ==141.0
22 41       22 26 43 15 14 46 36 38 39 40 41 ==145.0
22 42       22 26 43 15 14 46 36 38 39 40 41 42 ==171.0
22 43       22 26 43 ==21.0
22 44       22 26 43 15 14 46 36 44 ==93.0
22 45       22 24 27 45 ==46.0
22 46       22 26 43 15 14 46 ==37.0
22 47       22 24 27 28 47 ==67.0
22 48       22 24 27 45 48 ==56.0
22 49       22 24 27 28 29 30 31 32 37 49 ==131.0
22 50       22 26 43 15 14 46 36 44 50 ==103.0
22 51       22 26 43 15 14 46 35 51 ==74.0
23 12       23 24 27 28 29 30 31 32 33 34 12 ==141.0
23 13       23 24 27 28 29 30 31 32 33 34 12 13 ==151.0
23 14       23 24 27 28 29 30 31 43 15 14 ==110.0
23 15       23 24 27 28 29 30 31 43 15 ==106.0
23 24       23 24 ==4.0
23 25       23 24 27 28 29 30 31 43 15 14 46 36 38 39 40 41 42 25 ==258.0
23 26       23 24 27 28 29 30 31 43 15 14 46 36 38 39 40 41 42 25 26 ==266.0
23 27       23 24 27 ==8.0
23 28       23 24 27 28 ==35.0
23 29       23 24 27 28 29 ==48.0
23 30       23 24 27 28 29 30 ==54.0
23 31       23 24 27 28 29 30 31 ==58.0
23 32       23 24 27 28 29 30 31 32 ==62.0
23 33       23 24 27 28 29 30 31 32 33 ==90.0
23 34       23 24 27 28 29 30 31 32 33 34 ==112.0
23 35       23 24 27 28 29 30 31 32 33 34 35 ==131.0
23 36       23 24 27 28 29 30 31 43 15 14 46 36 ==151.0
23 37       23 24 27 28 29 30 31 32 37 ==99.0
23 38       23 24 27 28 29 30 31 43 15 14 46 36 38 ==183.0
23 39       23 24 27 28 29 30 31 43 15 14 46 36 38 39 ==204.0
23 40       23 24 27 28 29 30 31 43 15 14 46 36 38 39 40 ==218.0
23 41       23 24 27 28 29 30 31 43 15 14 46 36 38 39 40 41 ==222.0
23 42       23 24 27 28 29 30 31 43 15 14 46 36 38 39 40 41 42 ==248.0
23 43       23 24 27 28 29 30 31 43 ==98.0
23 44       23 24 27 28 29 30 31 32 33 44 ==114.0
23 45       23 24 27 45 ==24.0
23 46       23 24 27 28 29 30 31 43 15 14 46 ==114.0
23 47       23 24 27 28 47 ==45.0
23 48       23 24 27 45 48 ==34.0
23 49       23 24 27 28 29 30 31 32 37 49 ==109.0
23 50       23 24 27 28 29 30 31 32 33 44 50 ==124.0
23 51       23 24 27 28 29 30 31 43 15 14 46 35 51 ==141.0
24 12       24 27 28 29 30 31 32 33 34 12 ==137.0
24 13       24 27 28 29 30 31 32 33 34 12 13 ==147.0
24 14       24 27 28 29 30 31 43 15 14 ==106.0
24 15       24 27 28 29 30 31 43 15 ==102.0
24 23       24 27 28 29 30 31 32 33 34 12 13 23 ==155.0
24 25       24 27 28 29 30 31 43 15 14 46 36 38 39 40 41 42 25 ==254.0
24 26       24 27 28 29 30 31 43 15 14 46 36 38 39 40 41 42 25 26 ==262.0
24 27       24 27 ==4.0
24 28       24 27 28 ==31.0
24 29       24 27 28 29 ==44.0
24 30       24 27 28 29 30 ==50.0
24 31       24 27 28 29 30 31 ==54.0
24 32       24 27 28 29 30 31 32 ==58.0
24 33       24 27 28 29 30 31 32 33 ==86.0
24 34       24 27 28 29 30 31 32 33 34 ==108.0
24 35       24 27 28 29 30 31 32 33 34 35 ==127.0
24 36       24 27 28 29 30 31 43 15 14 46 36 ==147.0
24 37       24 27 28 29 30 31 32 37 ==95.0
24 38       24 27 28 29 30 31 43 15 14 46 36 38 ==179.0
24 39       24 27 28 29 30 31 43 15 14 46 36 38 39 ==200.0
24 40       24 27 28 29 30 31 43 15 14 46 36 38 39 40 ==214.0
24 41       24 27 28 29 30 31 43 15 14 46 36 38 39 40 41 ==218.0
24 42       24 27 28 29 30 31 43 15 14 46 36 38 39 40 41 42 ==244.0
24 43       24 27 28 29 30 31 43 ==94.0
24 44       24 27 28 29 30 31 32 33 44 ==110.0
24 45       24 27 45 ==20.0
24 46       24 27 28 29 30 31 43 15 14 46 ==110.0
24 47       24 27 28 47 ==41.0
24 48       24 27 45 48 ==30.0
24 49       24 27 28 29 30 31 32 37 49 ==105.0
24 50       24 27 28 29 30 31 32 33 44 50 ==120.0
24 51       24 27 28 29 30 31 43 15 14 46 35 51 ==137.0
25 12       25 26 43 15 14 46 36 38 39 40 41 42 30 31 32 33 34 12 ==282.0
25 13       25 26 43 15 14 46 36 38 39 40 41 42 30 31 32 33 34 12 13 ==292.0
25 14       25 26 43 15 14 ==24.0
25 15       25 26 43 15 ==20.0
25 23       25 26 43 15 14 46 36 38 39 40 41 42 30 31 32 33 34 12 13 23 ==300.0
25 24       25 26 43 15 14 46 36 38 39 40 41 42 30 31 32 33 34 12 13 23 24 ==304.0
25 26       25 26 ==8.0
25 27       25 26 43 15 14 46 36 38 39 40 41 42 30 31 32 33 34 12 13 23 24 27 ==308.0
25 28       25 26 43 15 14 46 36 38 39 40 41 42 30 31 32 33 34 12 13 23 24 27 28 ==335.0
25 29       25 26 43 15 14 46 36 38 39 40 41 42 30 31 32 33 34 12 13 23 24 27 28 29 ==348.0
25 30       25 26 43 15 14 46 36 38 39 40 41 42 30 ==195.0
25 31       25 26 43 15 14 46 36 38 39 40 41 42 30 31 ==199.0
25 32       25 26 43 15 14 46 36 38 39 40 41 42 30 31 32 ==203.0
25 33       25 26 43 15 14 46 36 38 39 40 41 42 30 31 32 33 ==231.0
25 34       25 26 43 15 14 46 36 38 39 40 41 42 30 31 32 33 34 ==253.0
25 35       25 26 43 15 14 46 35 ==55.0
25 36       25 26 43 15 14 46 36 ==65.0
25 37       25 26 43 15 14 46 36 38 37 ==129.0
25 38       25 26 43 15 14 46 36 38 ==97.0
25 39       25 26 43 15 14 46 36 38 39 ==118.0
25 40       25 26 43 15 14 46 36 38 39 40 ==132.0
25 41       25 26 43 15 14 46 36 38 39 40 41 ==136.0
25 42       25 26 43 15 14 46 36 38 39 40 41 42 ==162.0
25 43       25 26 43 ==12.0
25 44       25 26 43 15 14 46 36 44 ==84.0
25 45       25 26 43 15 14 46 36 38 39 40 41 45 ==160.0
25 46       25 26 43 15 14 46 ==28.0
25 47       25 26 43 15 14 46 36 38 39 47 ==128.0
25 48       25 26 43 15 14 46 36 38 39 40 41 45 48 ==170.0
25 49       25 26 43 15 14 46 36 38 37 49 ==139.0
25 50       25 26 43 15 14 46 36 44 50 ==94.0
25 51       25 26 43 15 14 46 35 51 ==65.0
26 12       26 43 15 14 46 36 38 39 40 41 42 30 31 32 33 34 12 ==274.0
26 13       26 43 15 14 46 36 38 39 40 41 42 30 31 32 33 34 12 13 ==284.0
26 14       26 43 15 14 ==16.0
26 15       26 43 15 ==12.0
26 23       26 43 15 14 46 36 38 39 40 41 42 30 31 32 33 34 12 13 23 ==292.0
26 24       26 43 15 14 46 36 38 39 40 41 42 30 31 32 33 34 12 13 23 24 ==296.0
26 25       26 43 15 14 46 36 38 39 40 41 42 25 ==164.0
26 27       26 43 15 14 46 36 38 39 40 41 42 30 31 32 33 34 12 13 23 24 27 ==300.0
26 28       26 43 15 14 46 36 38 39 40 41 42 30 31 32 33 34 12 13 23 24 27 28 ==327.0
26 29       26 43 15 14 46 36 38 39 40 41 42 30 31 32 33 34 12 13 23 24 27 28 29 ==340.0
26 30       26 43 15 14 46 36 38 39 40 41 42 30 ==187.0
26 31       26 43 15 14 46 36 38 39 40 41 42 30 31 ==191.0
26 32       26 43 15 14 46 36 38 39 40 41 42 30 31 32 ==195.0
26 33       26 43 15 14 46 36 38 39 40 41 42 30 31 32 33 ==223.0
26 34       26 43 15 14 46 36 38 39 40 41 42 30 31 32 33 34 ==245.0
26 35       26 43 15 14 46 35 ==47.0
26 36       26 43 15 14 46 36 ==57.0
26 37       26 43 15 14 46 36 38 37 ==121.0
26 38       26 43 15 14 46 36 38 ==89.0
26 39       26 43 15 14 46 36 38 39 ==110.0
26 40       26 43 15 14 46 36 38 39 40 ==124.0
26 41       26 43 15 14 46 36 38 39 40 41 ==128.0
26 42       26 43 15 14 46 36 38 39 40 41 42 ==154.0
26 43       26 43 ==4.0
26 44       26 43 15 14 46 36 44 ==76.0
26 45       26 43 15 14 46 36 38 39 40 41 45 ==152.0
26 46       26 43 15 14 46 ==20.0
26 47       26 43 15 14 46 36 38 39 47 ==120.0
26 48       26 43 15 14 46 36 38 39 40 41 45 48 ==162.0
26 49       26 43 15 14 46 36 38 37 49 ==131.0
26 50       26 43 15 14 46 36 44 50 ==86.0
26 51       26 43 15 14 46 35 51 ==57.0
27 12       27 28 29 30 31 32 33 34 12 ==133.0
27 13       27 28 29 30 31 32 33 34 12 13 ==143.0
27 14       27 28 29 30 31 43 15 14 ==102.0
27 15       27 28 29 30 31 43 15 ==98.0
27 23       27 28 29 30 31 32 33 34 12 13 23 ==151.0
27 24       27 28 29 30 31 32 33 34 12 13 23 24 ==155.0
27 25       27 28 29 30 31 43 15 14 46 36 38 39 40 41 42 25 ==250.0
27 26       27 28 29 30 31 43 15 14 46 36 38 39 40 41 42 25 26 ==258.0
27 28       27 28 ==27.0
27 29       27 28 29 ==40.0
27 30       27 28 29 30 ==46.0
27 31       27 28 29 30 31 ==50.0
27 32       27 28 29 30 31 32 ==54.0
27 33       27 28 29 30 31 32 33 ==82.0
27 34       27 28 29 30 31 32 33 34 ==104.0
27 35       27 28 29 30 31 32 33 34 35 ==123.0
27 36       27 28 29 30 31 43 15 14 46 36 ==143.0
27 37       27 28 29 30 31 32 37 ==91.0
27 38       27 28 29 30 31 43 15 14 46 36 38 ==175.0
27 39       27 28 29 30 31 43 15 14 46 36 38 39 ==196.0
27 40       27 28 29 30 31 43 15 14 46 36 38 39 40 ==210.0
27 41       27 28 29 30 31 43 15 14 46 36 38 39 40 41 ==214.0
27 42       27 28 29 30 31 43 15 14 46 36 38 39 40 41 42 ==240.0
27 43       27 28 29 30 31 43 ==90.0
27 44       27 28 29 30 31 32 33 44 ==106.0
27 45       27 45 ==16.0
27 46       27 28 29 30 31 43 15 14 46 ==106.0
27 47       27 28 47 ==37.0
27 48       27 45 48 ==26.0
27 49       27 28 29 30 31 32 37 49 ==101.0
27 50       27 28 29 30 31 32 33 44 50 ==116.0
27 51       27 28 29 30 31 43 15 14 46 35 51 ==133.0
28 12       28 29 30 31 32 33 34 12 ==106.0
28 13       28 29 30 31 32 33 34 12 13 ==116.0
28 14       28 29 30 31 43 15 14 ==75.0
28 15       28 29 30 31 43 15 ==71.0
28 23       28 29 30 31 32 33 34 12 13 23 ==124.0
28 24       28 29 30 31 32 33 34 12 13 23 24 ==128.0
28 25       28 29 30 31 43 15 14 46 36 38 39 40 41 42 25 ==223.0
28 26       28 29 30 31 43 15 14 46 36 38 39 40 41 42 25 26 ==231.0
28 27       28 29 30 31 32 33 34 12 13 23 24 27 ==132.0
28 29       28 29 ==13.0
28 30       28 29 30 ==19.0
28 31       28 29 30 31 ==23.0
28 32       28 29 30 31 32 ==27.0
28 33       28 29 30 31 32 33 ==55.0
28 34       28 29 30 31 32 33 34 ==77.0
28 35       28 29 30 31 32 33 34 35 ==96.0
28 36       28 29 30 31 43 15 14 46 36 ==116.0
28 37       28 29 30 31 32 37 ==64.0
28 38       28 29 30 31 43 15 14 46 36 38 ==148.0
28 39       28 29 30 31 43 15 14 46 36 38 39 ==169.0
28 40       28 29 30 31 43 15 14 46 36 38 39 40 ==183.0
28 41       28 29 30 31 43 15 14 46 36 38 39 40 41 ==187.0
28 42       28 29 30 31 43 15 14 46 36 38 39 40 41 42 ==213.0
28 43       28 29 30 31 43 ==63.0
28 44       28 29 30 31 32 33 44 ==79.0
28 45       28 29 30 31 32 33 34 12 13 23 24 27 45 ==148.0
28 46       28 29 30 31 43 15 14 46 ==79.0
28 47       28 47 ==10.0
28 48       28 29 30 31 32 33 34 12 13 23 24 27 45 48 ==158.0
28 49       28 29 30 31 32 37 49 ==74.0
28 50       28 29 30 31 32 33 44 50 ==89.0
28 51       28 29 30 31 43 15 14 46 35 51 ==106.0
29 12       29 30 31 32 33 34 12 ==93.0
29 13       29 30 31 32 33 34 12 13 ==103.0
29 14       29 30 31 43 15 14 ==62.0
29 15       29 30 31 43 15 ==58.0
29 23       29 30 31 32 33 34 12 13 23 ==111.0
29 24       29 30 31 32 33 34 12 13 23 24 ==115.0
29 25       29 30 31 43 15 14 46 36 38 39 40 41 42 25 ==210.0
29 26       29 30 31 43 15 14 46 36 38 39 40 41 42 25 26 ==218.0
29 27       29 30 31 32 33 34 12 13 23 24 27 ==119.0
29 28       29 30 31 32 33 34 12 13 23 24 27 28 ==146.0
29 30       29 30 ==6.0
29 31       29 30 31 ==10.0
29 32       29 30 31 32 ==14.0
29 33       29 30 31 32 33 ==42.0
29 34       29 30 31 32 33 34 ==64.0
29 35       29 30 31 32 33 34 35 ==83.0
29 36       29 30 31 43 15 14 46 36 ==103.0
29 37       29 30 31 32 37 ==51.0
29 38       29 30 31 43 15 14 46 36 38 ==135.0
29 39       29 30 31 43 15 14 46 36 38 39 ==156.0
29 40       29 30 31 43 15 14 46 36 38 39 40 ==170.0
29 41       29 30 31 43 15 14 46 36 38 39 40 41 ==174.0
29 42       29 30 31 43 15 14 46 36 38 39 40 41 42 ==200.0
29 43       29 30 31 43 ==50.0
29 44       29 30 31 32 33 44 ==66.0
29 45       29 30 31 32 33 34 12 13 23 24 27 45 ==135.0
29 46       29 30 31 43 15 14 46 ==66.0
29 47       29 30 31 32 33 34 12 13 23 24 27 28 47 ==156.0
29 48       29 30 31 32 33 34 12 13 23 24 27 45 48 ==145.0
29 49       29 30 31 32 37 49 ==61.0
29 50       29 30 31 32 33 44 50 ==76.0
29 51       29 30 31 43 15 14 46 35 51 ==93.0
30 12       30 31 32 33 34 12 ==87.0
30 13       30 31 32 33 34 12 13 ==97.0
30 14       30 31 43 15 14 ==56.0
30 15       30 31 43 15 ==52.0
30 23       30 31 32 33 34 12 13 23 ==105.0
30 24       30 31 32 33 34 12 13 23 24 ==109.0
30 25       30 31 43 15 14 46 36 38 39 40 41 42 25 ==204.0
30 26       30 31 43 15 14 46 36 38 39 40 41 42 25 26 ==212.0
30 27       30 31 32 33 34 12 13 23 24 27 ==113.0
30 28       30 31 32 33 34 12 13 23 24 27 28 ==140.0
30 29       30 31 32 33 34 12 13 23 24 27 28 29 ==153.0
30 31       30 31 ==4.0
30 32       30 31 32 ==8.0
30 33       30 31 32 33 ==36.0
30 34       30 31 32 33 34 ==58.0
30 35       30 31 32 33 34 35 ==77.0
30 36       30 31 43 15 14 46 36 ==97.0
30 37       30 31 32 37 ==45.0
30 38       30 31 43 15 14 46 36 38 ==129.0
30 39       30 31 43 15 14 46 36 38 39 ==150.0
30 40       30 31 43 15 14 46 36 38 39 40 ==164.0
30 41       30 31 43 15 14 46 36 38 39 40 41 ==168.0
30 42       30 31 43 15 14 46 36 38 39 40 41 42 ==194.0
30 43       30 31 43 ==44.0
30 44       30 31 32 33 44 ==60.0
30 45       30 31 32 33 34 12 13 23 24 27 45 ==129.0
30 46       30 31 43 15 14 46 ==60.0
30 47       30 31 32 33 34 12 13 23 24 27 28 47 ==150.0
30 48       30 31 32 33 34 12 13 23 24 27 45 48 ==139.0
30 49       30 31 32 37 49 ==55.0
30 50       30 31 32 33 44 50 ==70.0
30 51       30 31 43 15 14 46 35 51 ==87.0
31 12       31 32 33 34 12 ==83.0
31 13       31 32 33 34 12 13 ==93.0
31 14       31 43 15 14 ==52.0
31 15       31 43 15 ==48.0
31 23       31 32 33 34 12 13 23 ==101.0
31 24       31 32 33 34 12 13 23 24 ==105.0
31 25       31 43 15 14 46 36 38 39 40 41 42 25 ==200.0
31 26       31 43 15 14 46 36 38 39 40 41 42 25 26 ==208.0
31 27       31 32 33 34 12 13 23 24 27 ==109.0
31 28       31 32 33 34 12 13 23 24 27 28 ==136.0
31 29       31 32 33 34 12 13 23 24 27 28 29 ==149.0
31 30       31 32 33 34 12 13 23 24 27 28 29 30 ==155.0
31 32       31 32 ==4.0
31 33       31 32 33 ==32.0
31 34       31 32 33 34 ==54.0
31 35       31 32 33 34 35 ==73.0
31 36       31 43 15 14 46 36 ==93.0
31 37       31 32 37 ==41.0
31 38       31 43 15 14 46 36 38 ==125.0
31 39       31 43 15 14 46 36 38 39 ==146.0
31 40       31 43 15 14 46 36 38 39 40 ==160.0
31 41       31 43 15 14 46 36 38 39 40 41 ==164.0
31 42       31 43 15 14 46 36 38 39 40 41 42 ==190.0
31 43       31 43 ==40.0
31 44       31 32 33 44 ==56.0
31 45       31 32 33 34 12 13 23 24 27 45 ==125.0
31 46       31 43 15 14 46 ==56.0
31 47       31 32 33 34 12 13 23 24 27 28 47 ==146.0
31 48       31 32 33 34 12 13 23 24 27 45 48 ==135.0
31 49       31 32 37 49 ==51.0
31 50       31 32 33 44 50 ==66.0
31 51       31 43 15 14 46 35 51 ==83.0
32 12       32 33 34 12 ==79.0
32 13       32 33 34 12 13 ==89.0
32 14       32 33 34 12 13 23 24 27 28 29 30 31 43 15 14 ==207.0
32 15       32 33 34 12 13 23 24 27 28 29 30 31 43 15 ==203.0
32 23       32 33 34 12 13 23 ==97.0
32 24       32 33 34 12 13 23 24 ==101.0
32 25       32 33 34 12 13 23 24 27 28 29 30 31 43 15 14 46 36 38 39 40 41 42 25 ==355.0
32 26       32 33 34 12 13 23 24 27 28 29 30 31 43 15 14 46 36 38 39 40 41 42 25 26 ==363.0
32 27       32 33 34 12 13 23 24 27 ==105.0
32 28       32 33 34 12 13 23 24 27 28 ==132.0
32 29       32 33 34 12 13 23 24 27 28 29 ==145.0
32 30       32 33 34 12 13 23 24 27 28 29 30 ==151.0
32 31       32 33 34 12 13 23 24 27 28 29 30 31 ==155.0
32 33       32 33 ==28.0
32 34       32 33 34 ==50.0
32 35       32 33 34 35 ==69.0
32 36       32 33 34 12 13 23 24 27 28 29 30 31 43 15 14 46 36 ==248.0
32 37       32 37 ==37.0
32 38       32 33 34 12 13 23 24 27 28 29 30 31 43 15 14 46 36 38 ==280.0
32 39       32 33 34 12 13 23 24 27 28 29 30 31 43 15 14 46 36 38 39 ==301.0
32 40       32 33 34 12 13 23 24 27 28 29 30 31 43 15 14 46 36 38 39 40 ==315.0
32 41       32 33 34 12 13 23 24 27 28 29 30 31 43 15 14 46 36 38 39 40 41 ==319.0
32 42       32 33 34 12 13 23 24 27 28 29 30 31 43 15 14 46 36 38 39 40 41 42 ==345.0
32 43       32 33 34 12 13 23 24 27 28 29 30 31 43 ==195.0
32 44       32 33 44 ==52.0
32 45       32 33 34 12 13 23 24 27 45 ==121.0
32 46       32 33 34 12 13 23 24 27 28 29 30 31 43 15 14 46 ==211.0
32 47       32 33 34 12 13 23 24 27 28 47 ==142.0
32 48       32 33 34 12 13 23 24 27 45 48 ==131.0
32 49       32 37 49 ==47.0
32 50       32 33 44 50 ==62.0
32 51       32 33 34 35 51 ==79.0
33 12       33 34 12 ==51.0
33 13       33 34 12 13 ==61.0
33 14       33 34 12 13 23 24 27 28 29 30 31 43 15 14 ==179.0
33 15       33 34 12 13 23 24 27 28 29 30 31 43 15 ==175.0
33 23       33 34 12 13 23 ==69.0
33 24       33 34 12 13 23 24 ==73.0
33 25       33 34 12 13 23 24 27 28 29 30 31 43 15 14 46 36 38 39 40 41 42 25 ==327.0
33 26       33 34 12 13 23 24 27 28 29 30 31 43 15 14 46 36 38 39 40 41 42 25 26 ==335.0
33 27       33 34 12 13 23 24 27 ==77.0
33 28       33 34 12 13 23 24 27 28 ==104.0
33 29       33 34 12 13 23 24 27 28 29 ==117.0
33 30       33 34 12 13 23 24 27 28 29 30 ==123.0
33 31       33 34 12 13 23 24 27 28 29 30 31 ==127.0
33 32       33 34 12 13 23 24 27 28 29 30 31 32 ==131.0
33 34       33 34 ==22.0
33 35       33 34 35 ==41.0
33 36       33 34 12 13 23 24 27 28 29 30 31 43 15 14 46 36 ==220.0
33 37       33 34 12 13 23 24 27 28 29 30 31 32 37 ==168.0
33 38       33 34 12 13 23 24 27 28 29 30 31 43 15 14 46 36 38 ==252.0
33 39       33 34 12 13 23 24 27 28 29 30 31 43 15 14 46 36 38 39 ==273.0
33 40       33 34 12 13 23 24 27 28 29 30 31 43 15 14 46 36 38 39 40 ==287.0
33 41       33 34 12 13 23 24 27 28 29 30 31 43 15 14 46 36 38 39 40 41 ==291.0
33 42       33 34 12 13 23 24 27 28 29 30 31 43 15 14 46 36 38 39 40 41 42 ==317.0
33 43       33 34 12 13 23 24 27 28 29 30 31 43 ==167.0
33 44       33 44 ==24.0
33 45       33 34 12 13 23 24 27 45 ==93.0
33 46       33 34 12 13 23 24 27 28 29 30 31 43 15 14 46 ==183.0
33 47       33 34 12 13 23 24 27 28 47 ==114.0
33 48       33 34 12 13 23 24 27 45 48 ==103.0
33 49       33 34 12 13 23 24 27 28 29 30 31 32 37 49 ==178.0
33 50       33 44 50 ==34.0
33 51       33 34 35 51 ==51.0
34 12       34 12 ==29.0
34 13       34 12 13 ==39.0
34 14       34 12 13 23 24 27 28 29 30 31 43 15 14 ==157.0
34 15       34 12 13 23 24 27 28 29 30 31 43 15 ==153.0
34 23       34 12 13 23 ==47.0
34 24       34 12 13 23 24 ==51.0
34 25       34 12 13 23 24 27 28 29 30 31 43 15 14 46 36 38 39 40 41 42 25 ==305.0
34 26       34 12 13 23 24 27 28 29 30 31 43 15 14 46 36 38 39 40 41 42 25 26 ==313.0
34 27       34 12 13 23 24 27 ==55.0
34 28       34 12 13 23 24 27 28 ==82.0
34 29       34 12 13 23 24 27 28 29 ==95.0
34 30       34 12 13 23 24 27 28 29 30 ==101.0
34 31       34 12 13 23 24 27 28 29 30 31 ==105.0
34 32       34 12 13 23 24 27 28 29 30 31 32 ==109.0
34 33       34 12 13 23 24 27 28 29 30 31 32 33 ==137.0
34 35       34 35 ==19.0
34 36       34 12 13 23 24 27 28 29 30 31 43 15 14 46 36 ==198.0
34 37       34 12 13 23 24 27 28 29 30 31 32 37 ==146.0
34 38       34 12 13 23 24 27 28 29 30 31 43 15 14 46 36 38 ==230.0
34 39       34 12 13 23 24 27 28 29 30 31 43 15 14 46 36 38 39 ==251.0
34 40       34 12 13 23 24 27 28 29 30 31 43 15 14 46 36 38 39 40 ==265.0
34 41       34 12 13 23 24 27 28 29 30 31 43 15 14 46 36 38 39 40 41 ==269.0
34 42       34 12 13 23 24 27 28 29 30 31 43 15 14 46 36 38 39 40 41 42 ==295.0
34 43       34 12 13 23 24 27 28 29 30 31 43 ==145.0
34 44       34 12 13 23 24 27 28 29 30 31 32 33 44 ==161.0
34 45       34 12 13 23 24 27 45 ==71.0
34 46       34 12 13 23 24 27 28 29 30 31 43 15 14 46 ==161.0
34 47       34 12 13 23 24 27 28 47 ==92.0
34 48       34 12 13 23 24 27 45 48 ==81.0
34 49       34 12 13 23 24 27 28 29 30 31 32 37 49 ==156.0
34 50       34 12 13 23 24 27 28 29 30 31 32 33 44 50 ==171.0
34 51       34 35 51 ==29.0
35 51       35 51 ==10.0
36 12       36 38 39 40 41 42 30 31 32 33 34 12 ==217.0
36 13       36 38 39 40 41 42 30 31 32 33 34 12 13 ==227.0
36 14       36 38 39 40 41 42 25 26 43 15 14 ==131.0
36 15       36 38 39 40 41 42 25 26 43 15 ==127.0
36 23       36 38 39 40 41 42 30 31 32 33 34 12 13 23 ==235.0
36 24       36 38 39 40 41 42 30 31 32 33 34 12 13 23 24 ==239.0
36 25       36 38 39 40 41 42 25 ==107.0
36 26       36 38 39 40 41 42 25 26 ==115.0
36 27       36 38 39 40 41 42 30 31 32 33 34 12 13 23 24 27 ==243.0
36 28       36 38 39 40 41 42 30 31 32 33 34 12 13 23 24 27 28 ==270.0
36 29       36 38 39 40 41 42 30 31 32 33 34 12 13 23 24 27 28 29 ==283.0
36 30       36 38 39 40 41 42 30 ==130.0
36 31       36 38 39 40 41 42 30 31 ==134.0
36 32       36 38 39 40 41 42 30 31 32 ==138.0
36 33       36 38 39 40 41 42 30 31 32 33 ==166.0
36 34       36 38 39 40 41 42 30 31 32 33 34 ==188.0
36 35       36 38 39 40 41 42 25 26 43 15 14 46 35 ==162.0
36 37       36 38 37 ==64.0
36 38       36 38 ==32.0
36 39       36 38 39 ==53.0
36 40       36 38 39 40 ==67.0
36 41       36 38 39 40 41 ==71.0
36 42       36 38 39 40 41 42 ==97.0
36 43       36 38 39 40 41 42 25 26 43 ==119.0
36 44       36 44 ==19.0
36 45       36 38 39 40 41 45 ==95.0
36 46       36 38 39 40 41 42 25 26 43 15 14 46 ==135.0
36 47       36 38 39 47 ==63.0
36 48       36 38 39 40 41 45 48 ==105.0
36 49       36 38 37 49 ==74.0
36 50       36 44 50 ==29.0
36 51       36 38 39 40 41 42 25 26 43 15 14 46 35 51 ==172.0
37 49       37 49 ==10.0
38 12       38 39 40 41 42 30 31 32 33 34 12 ==185.0
38 13       38 39 40 41 42 30 31 32 33 34 12 13 ==195.0
38 14       38 39 40 41 42 25 26 43 15 14 ==99.0
38 15       38 39 40 41 42 25 26 43 15 ==95.0
38 23       38 39 40 41 42 30 31 32 33 34 12 13 23 ==203.0
38 24       38 39 40 41 42 30 31 32 33 34 12 13 23 24 ==207.0
38 25       38 39 40 41 42 25 ==75.0
38 26       38 39 40 41 42 25 26 ==83.0
38 27       38 39 40 41 42 30 31 32 33 34 12 13 23 24 27 ==211.0
38 28       38 39 40 41 42 30 31 32 33 34 12 13 23 24 27 28 ==238.0
38 29       38 39 40 41 42 30 31 32 33 34 12 13 23 24 27 28 29 ==251.0
38 30       38 39 40 41 42 30 ==98.0
38 31       38 39 40 41 42 30 31 ==102.0
38 32       38 39 40 41 42 30 31 32 ==106.0
38 33       38 39 40 41 42 30 31 32 33 ==134.0
38 34       38 39 40 41 42 30 31 32 33 34 ==156.0
38 35       38 39 40 41 42 25 26 43 15 14 46 35 ==130.0
38 36       38 39 40 41 42 25 26 43 15 14 46 36 ==140.0
38 37       38 37 ==32.0
38 39       38 39 ==21.0
38 40       38 39 40 ==35.0
38 41       38 39 40 41 ==39.0
38 42       38 39 40 41 42 ==65.0
38 43       38 39 40 41 42 25 26 43 ==87.0
38 44       38 39 40 41 42 30 31 32 33 44 ==158.0
38 45       38 39 40 41 45 ==63.0
38 46       38 39 40 41 42 25 26 43 15 14 46 ==103.0
38 47       38 39 47 ==31.0
38 48       38 39 40 41 45 48 ==73.0
38 49       38 37 49 ==42.0
38 50       38 39 40 41 42 30 31 32 33 44 50 ==168.0
38 51       38 39 40 41 42 25 26 43 15 14 46 35 51 ==140.0
39 12       39 40 41 42 30 31 32 33 34 12 ==164.0
39 13       39 40 41 42 30 31 32 33 34 12 13 ==174.0
39 14       39 40 41 42 25 26 43 15 14 ==78.0
39 15       39 40 41 42 25 26 43 15 ==74.0
39 23       39 40 41 42 30 31 32 33 34 12 13 23 ==182.0
39 24       39 40 41 42 30 31 32 33 34 12 13 23 24 ==186.0
39 25       39 40 41 42 25 ==54.0
39 26       39 40 41 42 25 26 ==62.0
39 27       39 40 41 42 30 31 32 33 34 12 13 23 24 27 ==190.0
39 28       39 40 41 42 30 31 32 33 34 12 13 23 24 27 28 ==217.0
39 29       39 40 41 42 30 31 32 33 34 12 13 23 24 27 28 29 ==230.0
39 30       39 40 41 42 30 ==77.0
39 31       39 40 41 42 30 31 ==81.0
39 32       39 40 41 42 30 31 32 ==85.0
39 33       39 40 41 42 30 31 32 33 ==113.0
39 34       39 40 41 42 30 31 32 33 34 ==135.0
39 35       39 40 41 42 25 26 43 15 14 46 35 ==109.0
39 36       39 40 41 42 25 26 43 15 14 46 36 ==119.0
39 37       39 40 41 42 30 31 32 37 ==122.0
39 38       39 40 41 42 25 26 43 15 14 46 36 38 ==151.0
39 40       39 40 ==14.0
39 41       39 40 41 ==18.0
39 42       39 40 41 42 ==44.0
39 43       39 40 41 42 25 26 43 ==66.0
39 44       39 40 41 42 30 31 32 33 44 ==137.0
39 45       39 40 41 45 ==42.0
39 46       39 40 41 42 25 26 43 15 14 46 ==82.0
39 47       39 47 ==10.0
39 48       39 40 41 45 48 ==52.0
39 49       39 40 41 42 30 31 32 37 49 ==132.0
39 50       39 40 41 42 30 31 32 33 44 50 ==147.0
39 51       39 40 41 42 25 26 43 15 14 46 35 51 ==119.0
40 12       40 41 42 30 31 32 33 34 12 ==150.0
40 13       40 41 42 30 31 32 33 34 12 13 ==160.0
40 14       40 41 42 25 26 43 15 14 ==64.0
40 15       40 41 42 25 26 43 15 ==60.0
40 23       40 41 42 30 31 32 33 34 12 13 23 ==168.0
40 24       40 41 42 30 31 32 33 34 12 13 23 24 ==172.0
40 25       40 41 42 25 ==40.0
40 26       40 41 42 25 26 ==48.0
40 27       40 41 42 30 31 32 33 34 12 13 23 24 27 ==176.0
40 28       40 41 42 30 31 32 33 34 12 13 23 24 27 28 ==203.0
40 29       40 41 42 30 31 32 33 34 12 13 23 24 27 28 29 ==216.0
40 30       40 41 42 30 ==63.0
40 31       40 41 42 30 31 ==67.0
40 32       40 41 42 30 31 32 ==71.0
40 33       40 41 42 30 31 32 33 ==99.0
40 34       40 41 42 30 31 32 33 34 ==121.0
40 35       40 41 42 25 26 43 15 14 46 35 ==95.0
40 36       40 41 42 25 26 43 15 14 46 36 ==105.0
40 37       40 41 42 30 31 32 37 ==108.0
40 38       40 41 42 25 26 43 15 14 46 36 38 ==137.0
40 39       40 41 42 25 26 43 15 14 46 36 38 39 ==158.0
40 41       40 41 ==4.0
40 42       40 41 42 ==30.0
40 43       40 41 42 25 26 43 ==52.0
40 44       40 41 42 30 31 32 33 44 ==123.0
40 45       40 41 45 ==28.0
40 46       40 41 42 25 26 43 15 14 46 ==68.0
40 47       40 41 42 25 26 43 15 14 46 36 38 39 47 ==168.0
40 48       40 41 45 48 ==38.0
40 49       40 41 42 30 31 32 37 49 ==118.0
40 50       40 41 42 30 31 32 33 44 50 ==133.0
40 51       40 41 42 25 26 43 15 14 46 35 51 ==105.0
41 12       41 42 30 31 32 33 34 12 ==146.0
41 13       41 42 30 31 32 33 34 12 13 ==156.0
41 14       41 42 25 26 43 15 14 ==60.0
41 15       41 42 25 26 43 15 ==56.0
41 23       41 42 30 31 32 33 34 12 13 23 ==164.0
41 24       41 42 30 31 32 33 34 12 13 23 24 ==168.0
41 25       41 42 25 ==36.0
41 26       41 42 25 26 ==44.0
41 27       41 42 30 31 32 33 34 12 13 23 24 27 ==172.0
41 28       41 42 30 31 32 33 34 12 13 23 24 27 28 ==199.0
41 29       41 42 30 31 32 33 34 12 13 23 24 27 28 29 ==212.0
41 30       41 42 30 ==59.0
41 31       41 42 30 31 ==63.0
41 32       41 42 30 31 32 ==67.0
41 33       41 42 30 31 32 33 ==95.0
41 34       41 42 30 31 32 33 34 ==117.0
41 35       41 42 25 26 43 15 14 46 35 ==91.0
41 36       41 42 25 26 43 15 14 46 36 ==101.0
41 37       41 42 30 31 32 37 ==104.0
41 38       41 42 25 26 43 15 14 46 36 38 ==133.0
41 39       41 42 25 26 43 15 14 46 36 38 39 ==154.0
41 40       41 42 25 26 43 15 14 46 36 38 39 40 ==168.0
41 42       41 42 ==26.0
41 43       41 42 25 26 43 ==48.0
41 44       41 42 30 31 32 33 44 ==119.0
41 45       41 45 ==24.0
41 46       41 42 25 26 43 15 14 46 ==64.0
41 47       41 42 25 26 43 15 14 46 36 38 39 47 ==164.0
41 48       41 45 48 ==34.0
41 49       41 42 30 31 32 37 49 ==114.0
41 50       41 42 30 31 32 33 44 50 ==129.0
41 51       41 42 25 26 43 15 14 46 35 51 ==101.0
42 12       42 30 31 32 33 34 12 ==120.0
42 13       42 30 31 32 33 34 12 13 ==130.0
42 14       42 25 26 43 15 14 ==34.0
42 15       42 25 26 43 15 ==30.0
42 23       42 30 31 32 33 34 12 13 23 ==138.0
42 24       42 30 31 32 33 34 12 13 23 24 ==142.0
42 25       42 25 ==10.0
42 26       42 25 26 ==18.0
42 27       42 30 31 32 33 34 12 13 23 24 27 ==146.0
42 28       42 30 31 32 33 34 12 13 23 24 27 28 ==173.0
42 29       42 30 31 32 33 34 12 13 23 24 27 28 29 ==186.0
42 30       42 30 ==33.0
42 31       42 30 31 ==37.0
42 32       42 30 31 32 ==41.0
42 33       42 30 31 32 33 ==69.0
42 34       42 30 31 32 33 34 ==91.0
42 35       42 25 26 43 15 14 46 35 ==65.0
42 36       42 25 26 43 15 14 46 36 ==75.0
42 37       42 30 31 32 37 ==78.0
42 38       42 25 26 43 15 14 46 36 38 ==107.0
42 39       42 25 26 43 15 14 46 36 38 39 ==128.0
42 40       42 25 26 43 15 14 46 36 38 39 40 ==142.0
42 41       42 25 26 43 15 14 46 36 38 39 40 41 ==146.0
42 43       42 25 26 43 ==22.0
42 44       42 30 31 32 33 44 ==93.0
42 45       42 30 31 32 33 34 12 13 23 24 27 45 ==162.0
42 46       42 25 26 43 15 14 46 ==38.0
42 47       42 25 26 43 15 14 46 36 38 39 47 ==138.0
42 48       42 30 31 32 33 34 12 13 23 24 27 45 48 ==172.0
42 49       42 30 31 32 37 49 ==88.0
42 50       42 30 31 32 33 44 50 ==103.0
42 51       42 25 26 43 15 14 46 35 51 ==75.0
43 12       43 15 14 46 36 38 39 40 41 42 30 31 32 33 34 12 ==270.0
43 13       43 15 14 46 36 38 39 40 41 42 30 31 32 33 34 12 13 ==280.0
43 14       43 15 14 ==12.0
43 15       43 15 ==8.0
43 23       43 15 14 46 36 38 39 40 41 42 30 31 32 33 34 12 13 23 ==288.0
43 24       43 15 14 46 36 38 39 40 41 42 30 31 32 33 34 12 13 23 24 ==292.0
43 25       43 15 14 46 36 38 39 40 41 42 25 ==160.0
43 26       43 15 14 46 36 38 39 40 41 42 25 26 ==168.0
43 27       43 15 14 46 36 38 39 40 41 42 30 31 32 33 34 12 13 23 24 27 ==296.0
43 28       43 15 14 46 36 38 39 40 41 42 30 31 32 33 34 12 13 23 24 27 28 ==323.0
43 29       43 15 14 46 36 38 39 40 41 42 30 31 32 33 34 12 13 23 24 27 28 29 ==336.0
43 30       43 15 14 46 36 38 39 40 41 42 30 ==183.0
43 31       43 15 14 46 36 38 39 40 41 42 30 31 ==187.0
43 32       43 15 14 46 36 38 39 40 41 42 30 31 32 ==191.0
43 33       43 15 14 46 36 38 39 40 41 42 30 31 32 33 ==219.0
43 34       43 15 14 46 36 38 39 40 41 42 30 31 32 33 34 ==241.0
43 35       43 15 14 46 35 ==43.0
43 36       43 15 14 46 36 ==53.0
43 37       43 15 14 46 36 38 37 ==117.0
43 38       43 15 14 46 36 38 ==85.0
43 39       43 15 14 46 36 38 39 ==106.0
43 40       43 15 14 46 36 38 39 40 ==120.0
43 41       43 15 14 46 36 38 39 40 41 ==124.0
43 42       43 15 14 46 36 38 39 40 41 42 ==150.0
43 44       43 15 14 46 36 44 ==72.0
43 45       43 15 14 46 36 38 39 40 41 45 ==148.0
43 46       43 15 14 46 ==16.0
43 47       43 15 14 46 36 38 39 47 ==116.0
43 48       43 15 14 46 36 38 39 40 41 45 48 ==158.0
43 49       43 15 14 46 36 38 37 49 ==127.0
43 50       43 15 14 46 36 44 50 ==82.0
43 51       43 15 14 46 35 51 ==53.0
44 50       44 50 ==10.0
45 48       45 48 ==10.0
46 12       46 36 38 39 40 41 42 30 31 32 33 34 12 ==254.0
46 13       46 36 38 39 40 41 42 30 31 32 33 34 12 13 ==264.0
46 14       46 36 38 39 40 41 42 25 26 43 15 14 ==168.0
46 15       46 36 38 39 40 41 42 25 26 43 15 ==164.0
46 23       46 36 38 39 40 41 42 30 31 32 33 34 12 13 23 ==272.0
46 24       46 36 38 39 40 41 42 30 31 32 33 34 12 13 23 24 ==276.0
46 25       46 36 38 39 40 41 42 25 ==144.0
46 26       46 36 38 39 40 41 42 25 26 ==152.0
46 27       46 36 38 39 40 41 42 30 31 32 33 34 12 13 23 24 27 ==280.0
46 28       46 36 38 39 40 41 42 30 31 32 33 34 12 13 23 24 27 28 ==307.0
46 29       46 36 38 39 40 41 42 30 31 32 33 34 12 13 23 24 27 28 29 ==320.0
46 30       46 36 38 39 40 41 42 30 ==167.0
46 31       46 36 38 39 40 41 42 30 31 ==171.0
46 32       46 36 38 39 40 41 42 30 31 32 ==175.0
46 33       46 36 38 39 40 41 42 30 31 32 33 ==203.0
46 34       46 36 38 39 40 41 42 30 31 32 33 34 ==225.0
46 35       46 35 ==27.0
46 36       46 36 ==37.0
46 37       46 36 38 37 ==101.0
46 38       46 36 38 ==69.0
46 39       46 36 38 39 ==90.0
46 40       46 36 38 39 40 ==104.0
46 41       46 36 38 39 40 41 ==108.0
46 42       46 36 38 39 40 41 42 ==134.0
46 43       46 36 38 39 40 41 42 25 26 43 ==156.0
46 44       46 36 44 ==56.0
46 45       46 36 38 39 40 41 45 ==132.0
46 47       46 36 38 39 47 ==100.0
46 48       46 36 38 39 40 41 45 48 ==142.0
46 49       46 36 38 37 49 ==111.0
46 50       46 36 44 50 ==66.0
46 51       46 35 51 ==37.0
52 12       52 29 30 31 32 33 34 12 ==103.0
52 13       52 29 30 31 32 33 34 12 13 ==113.0
52 14       52 29 30 31 43 15 14 ==72.0
52 15       52 29 30 31 43 15 ==68.0
52 23       52 29 30 31 32 33 34 12 13 23 ==121.0
52 24       52 29 30 31 32 33 34 12 13 23 24 ==125.0
52 25       52 40 41 42 25 ==50.0
52 26       52 40 41 42 25 26 ==58.0
52 27       52 29 30 31 32 33 34 12 13 23 24 27 ==129.0
52 28       52 29 30 31 32 33 34 12 13 23 24 27 28 ==156.0
52 29       52 29 ==10.0
52 30       52 29 30 ==16.0
52 31       52 29 30 31 ==20.0
52 32       52 29 30 31 32 ==24.0
52 33       52 29 30 31 32 33 ==52.0
52 34       52 29 30 31 32 33 34 ==74.0
52 35       52 29 30 31 32 33 34 35 ==93.0
52 36       52 29 30 31 43 15 14 46 36 ==113.0
52 37       52 29 30 31 32 37 ==61.0
52 38       52 29 30 31 43 15 14 46 36 38 ==145.0
52 39       52 29 30 31 43 15 14 46 36 38 39 ==166.0
52 40       52 40 ==10.0
52 41       52 40 41 ==14.0
52 42       52 40 41 42 ==40.0
52 43       52 29 30 31 43 ==60.0
52 44       52 29 30 31 32 33 44 ==76.0
52 45       52 40 41 45 ==38.0
52 46       52 29 30 31 43 15 14 46 ==76.0
52 47       52 29 30 31 32 33 34 12 13 23 24 27 28 47 ==166.0
52 48       52 40 41 45 48 ==48.0
52 49       52 29 30 31 32 37 49 ==71.0
52 50       52 29 30 31 32 33 44 50 ==86.0
52 51       52 29 30 31 43 15 14 46 35 51 ==103.0
53 10       53 20 10 ==17.0
53 12       53 20 21 23 24 27 28 29 30 31 32 33 34 12 ==198.0
53 13       53 20 21 23 24 27 28 29 30 31 32 33 34 12 13 ==208.0
53 14       53 20 10 15 14 ==57.0
53 15       53 20 10 15 ==53.0
53 20       53 20 ==10.0
53 21       53 20 21 ==45.0
53 23       53 20 21 23 ==57.0
53 24       53 20 21 23 24 ==61.0
53 25       53 20 10 15 14 46 36 38 39 40 41 42 25 ==205.0
53 26       53 20 10 15 14 46 36 38 39 40 41 42 25 26 ==213.0
53 27       53 20 21 23 24 27 ==65.0
53 28       53 20 21 23 24 27 28 ==92.0
53 29       53 20 21 23 24 27 28 29 ==105.0
53 30       53 20 21 23 24 27 28 29 30 ==111.0
53 31       53 20 21 23 24 27 28 29 30 31 ==115.0
53 32       53 20 21 23 24 27 28 29 30 31 32 ==119.0
53 33       53 20 21 23 24 27 28 29 30 31 32 33 ==147.0
53 34       53 20 21 23 24 27 28 29 30 31 32 33 34 ==169.0
53 35       53 20 10 15 14 46 35 ==88.0
53 36       53 20 10 15 14 46 36 ==98.0
53 37       53 20 10 15 14 46 36 38 37 ==156.0
53 38       53 20 10 15 14 46 36 38 ==130.0
53 39       53 20 10 15 14 46 36 38 39 ==151.0
53 40       53 20 10 15 14 46 36 38 39 40 ==165.0
53 41       53 20 10 15 14 46 36 38 39 40 41 ==169.0
53 42       53 20 10 15 14 46 36 38 39 40 41 42 ==195.0
53 43       53 20 21 23 24 27 28 29 30 31 43 ==155.0
53 44       53 20 10 15 14 46 36 44 ==117.0
53 45       53 20 21 23 24 27 45 ==81.0
53 46       53 20 10 15 14 46 ==61.0
53 47       53 20 21 23 24 27 28 47 ==102.0
53 48       53 20 21 23 24 27 45 48 ==91.0
53 49       53 20 21 23 24 27 28 29 30 31 32 37 49 ==166.0
53 50       53 20 10 15 14 46 36 44 50 ==127.0
53 51       53 20 10 15 14 46 35 51 ==98.0
