runtime_bag_id,task_id,segment_id,off_tth_seconds,closed_loop_tth_seconds,closed_loop_minus_off_tth_seconds,off_completed,closed_loop_completed,off_deadline_miss,closed_loop_deadline_miss
0,0,0:storage_in,49.00200000000041,49.00200000000041,0.0,True,True,False,False
1,0,0:storage_out,145.40199999999822,145.40199999999822,0.0,True,True,False,False
2,1,1:storage_in,46.402000000000044,46.402000000000044,0.0,True,True,False,False
3,1,1:storage_out,146.40199999999822,146.40199999999822,0.0,True,True,False,False
4,2,2:storage_in,45.60199999999895,45.60199999999895,0.0,True,True,False,False
5,2,2:storage_out,147.40199999999822,147.40199999999822,0.0,True,True,False,False
6,3,3:storage_in,49.00200000000041,49.00200000000041,0.0,True,True,False,False
7,3,3:storage_out,200.4519999999975,200.4519999999975,0.0,True,True,False,False
8,4,4:storage_in,49.00200000000041,49.00200000000041,0.0,True,True,False,False
9,4,4:storage_out,148.40199999999822,148.40199999999822,0.0,True,True,False,False
10,5,5:storage_in,46.402000000000044,46.402000000000044,0.0,True,True,False,False
11,5,5:storage_out,145.40199999999822,145.40199999999822,0.0,True,True,False,False
12,6,6:storage_in,45.60199999999895,45.60199999999895,0.0,True,True,False,False
13,6,6:storage_out,149.40199999999822,149.40199999999822,0.0,True,True,False,False
14,7,7:storage_in,49.00200000000041,49.00200000000041,0.0,True,True,False,False
15,7,7:storage_out,150.40199999999822,150.40199999999822,0.0,True,True,False,False
16,8,8:storage_in,45.40200000000186,45.40200000000186,0.0,True,True,False,False
17,8,8:storage_out,184.40199999999822,184.40199999999822,0.0,True,True,False,False
18,9,9:storage_in,46.402000000000044,46.402000000000044,0.0,True,True,False,False
19,9,9:storage_out,198.4519999999975,198.4519999999975,0.0,True,True,False,False
20,10,10:storage_in,45.60199999999895,45.60199999999895,0.0,True,True,False,False
21,10,10:storage_out,203.4519999999975,203.4519999999975,0.0,True,True,False,False
22,11,11:storage_in,50.002000000002226,50.002000000002226,0.0,True,True,False,False
23,11,11:storage_out,185.40199999999822,185.40199999999822,0.0,True,True,False,False
24,12,12:storage_in,45.40200000000186,45.40200000000186,0.0,True,True,False,False
25,12,12:storage_out,145.40199999999822,145.40199999999822,0.0,True,True,False,False
26,13,13:storage_in,46.402000000000044,46.402000000000044,0.0,True,True,False,False
27,13,13:storage_out,145.40199999999822,145.40199999999822,0.0,True,True,False,False
28,14,14:storage_in,45.60199999999895,45.60199999999895,0.0,True,True,False,False
29,14,14:storage_out,151.40199999999822,151.40199999999822,0.0,True,True,False,False
30,15,15:storage_in,49.00200000000041,49.00200000000041,0.0,True,True,False,False
31,15,15:storage_out,146.40199999999822,146.40199999999822,0.0,True,True,False,False
32,16,16:storage_in,49.00200000000041,49.00200000000041,0.0,True,True,False,False
33,16,16:storage_out,152.40199999999822,152.40199999999822,0.0,True,True,False,False
34,17,17:storage_in,52.60200000000259,52.60200000000259,0.0,True,True,False,False
35,17,17:storage_out,186.40199999999822,186.40199999999822,0.0,True,True,False,False
36,18,18:storage_in,47.15200000000186,47.15200000000186,0.0,True,True,False,False
37,18,18:storage_out,187.40199999999822,187.40199999999822,0.0,True,True,False,False
38,19,19:storage_in,51.502000000002226,51.502000000002226,0.0,True,True,False,False
39,19,19:storage_out,184.40199999999822,184.40199999999822,0.0,True,True,False,False
40,20,20:storage_in,49.00200000000041,49.00200000000041,0.0,True,True,False,False
41,20,20:storage_out,198.2019999999975,198.2019999999975,0.0,True,True,False,False
42,21,21:storage_in,52.60200000000259,52.60200000000259,0.0,True,True,False,False
43,21,21:storage_out,188.90199999999822,188.90199999999822,0.0,True,True,False,False
44,22,22:storage_in,46.402000000000044,46.402000000000044,0.0,True,True,False,False
45,22,22:storage_out,146.40199999999822,146.40199999999822,0.0,True,True,False,False
46,23,23:storage_in,45.60199999999895,45.60199999999895,0.0,True,True,False,False
47,23,23:storage_out,150.90199999999822,150.90199999999822,0.0,True,True,False,False
48,24,24:storage_in,49.00200000000041,49.00200000000041,0.0,True,True,False,False
49,24,24:storage_out,146.40199999999822,146.40199999999822,0.0,True,True,False,False
50,25,25:storage_in,46.402000000000044,46.402000000000044,0.0,True,True,False,False
51,25,25:storage_out,151.90199999999822,151.90199999999822,0.0,True,True,False,False
52,26,26:storage_in,47.98402000000169,47.98402000000169,0.0,True,True,False,False
53,26,26:storage_out,199.4519999999975,199.4519999999975,0.0,True,True,False,False
54,27,27:storage_in,45.60199999999895,45.60199999999895,0.0,True,True,False,False
55,27,27:storage_out,153.40199999999822,153.40199999999822,0.0,True,True,False,False
56,28,28:storage_in,49.00200000000041,49.00200000000041,0.0,True,True,False,False
57,28,28:storage_out,154.40199999999822,154.40199999999822,0.0,True,True,False,False
58,29,29:storage_in,45.40200000000186,45.40200000000186,0.0,True,True,False,False
59,29,29:storage_out,191.90199999999822,191.90199999999822,0.0,True,True,False,False
60,30,30:storage_in,45.60199999999895,45.60199999999895,0.0,True,True,False,False
61,30,30:storage_out,205.9519999999975,205.9519999999975,0.0,True,True,False,False
62,31,31:storage_in,50.002000000002226,50.002000000002226,0.0,True,True,False,False
63,31,31:storage_out,192.90199999999822,192.90199999999822,0.0,True,True,False,False
64,32,32:storage_in,57.10200000000259,57.10200000000259,0.0,True,True,False,False
65,32,32:storage_out,193.90199999999822,193.90199999999822,0.0,True,True,False,False
66,33,33:storage_in,45.90200000000186,45.90200000000186,0.0,True,True,False,False
67,33,33:storage_out,186.40199999999822,186.40199999999822,0.0,True,True,False,False
68,34,34:storage_in,49.00200000000041,49.00200000000041,0.0,True,True,False,False
69,34,34:storage_out,207.4519999999975,207.4519999999975,0.0,True,True,False,False
70,35,35:storage_in,49.40749000000142,49.40749000000142,0.0,True,True,False,False
71,35,35:storage_out,200.4519999999975,200.4519999999975,0.0,True,True,False,False
72,36,36:storage_in,50.502000000002226,50.502000000002226,0.0,True,True,False,False
73,36,36:storage_out,187.65199999999822,187.65199999999822,0.0,True,True,False,False
74,37,37:storage_in,45.60199999999895,45.60199999999895,0.0,True,True,False,False
75,37,37:storage_out,207.9519999999975,207.9519999999975,0.0,True,True,False,False
76,38,38:storage_in,52.60200000000259,52.60200000000259,0.0,True,True,False,False
77,38,38:storage_out,187.40199999999822,187.40199999999822,0.0,True,True,False,False
78,39,39:storage_in,49.00200000000041,49.00200000000041,0.0,True,True,False,False
79,39,39:storage_out,201.4519999999975,201.4519999999975,0.0,True,True,False,False
80,40,40:storage_in,46.15200000000186,46.15200000000186,0.0,True,True,False,False
81,40,40:storage_out,188.65199999999822,188.65199999999822,0.0,True,True,False,False
82,41,41:storage_in,50.002000000002226,50.002000000002226,0.0,True,True,False,False
83,41,41:storage_out,149.40199999999822,149.40199999999822,0.0,True,True,False,False
84,42,42:storage_in,46.402000000000044,46.402000000000044,0.0,True,True,False,False
85,42,42:storage_out,146.40199999999822,146.40199999999822,0.0,True,True,False,False
86,43,43:storage_in,45.60199999999895,45.60199999999895,0.0,True,True,False,False
87,43,43:storage_out,150.40199999999822,150.40199999999822,0.0,True,True,False,False
88,44,44:storage_in,49.00200000000041,49.00200000000041,0.0,True,True,False,False
89,44,44:storage_out,155.40199999999822,155.40199999999822,0.0,True,True,False,False
90,45,45:storage_in,50.002000000002226,50.002000000002226,0.0,True,True,False,False
91,45,45:storage_out,188.40199999999822,188.40199999999822,0.0,True,True,False,False
92,46,46:storage_in,46.402000000000044,46.402000000000044,0.0,True,True,False,False
93,46,46:storage_out,147.40199999999822,147.40199999999822,0.0,True,True,False,False
94,47,47:storage_in,53.35200000000259,53.35200000000259,0.0,True,True,False,False
95,47,47:storage_out,194.90199999999822,194.90199999999822,0.0,True,True,False,False
96,48,48:storage_in,46.402000000000044,46.402000000000044,0.0,True,True,False,False
97,48,48:storage_out,198.2019999999975,198.2019999999975,0.0,True,True,False,False
98,49,49:storage_in,46.40200000000186,46.40200000000186,0.0,True,True,False,False
99,49,49:storage_out,190.40199999999822,190.40199999999822,0.0,True,True,False,False
100,50,50:storage_in,50.002000000002226,50.002000000002226,0.0,True,True,False,False
101,50,50:storage_out,191.40199999999822,191.40199999999822,0.0,True,True,False,False
102,51,51:storage_in,45.60199999999895,45.60199999999895,0.0,True,True,False,False
103,51,51:storage_out,208.9519999999975,208.9519999999975,0.0,True,True,False,False
104,52,52:storage_in,52.60200000000259,52.60200000000259,0.0,True,True,False,False
105,52,52:storage_out,184.65199999999822,184.65199999999822,0.0,True,True,False,False
106,53,53:storage_in,49.00200000000041,49.00200000000041,0.0,True,True,False,False
107,53,53:storage_out,199.2019999999975,199.2019999999975,0.0,True,True,False,False
108,54,54:storage_in,45.65200000000186,45.65200000000186,0.0,True,True,False,False
109,54,54:storage_out,185.65199999999822,185.65199999999822,0.0,True,True,False,False
110,55,55:storage_in,45.40200000000186,45.40200000000186,0.0,True,True,False,False
111,55,55:storage_out,189.40199999999822,189.40199999999822,0.0,True,True,False,False
112,56,56:storage_in,46.402000000000044,46.402000000000044,0.0,True,True,False,False
113,56,56:storage_out,200.2019999999975,200.2019999999975,0.0,True,True,False,False
114,57,57:storage_in,45.60199999999895,45.60199999999895,0.0,True,True,False,False
115,57,57:storage_out,156.40199999999822,156.40199999999822,0.0,True,True,False,False
116,58,58:storage_in,49.00200000000041,49.00200000000041,0.0,True,True,False,False
117,58,58:storage_out,156.90199999999822,156.90199999999822,0.0,True,True,False,False
118,59,59:storage_in,50.002000000002226,50.002000000002226,0.0,True,True,False,False
119,59,59:storage_out,196.90199999999822,196.90199999999822,0.0,True,True,False,False
120,60,60:storage_in,49.402000000000044,49.402000000000044,0.0,True,True,False,False
121,60,60:storage_out,157.40199999999822,157.40199999999822,0.0,True,True,False,False
122,61,61:storage_in,45.60199999999895,45.60199999999895,0.0,True,True,False,False
123,61,61:storage_out,203.4519999999975,203.4519999999975,0.0,True,True,False,False
124,62,62:storage_in,45.60199999999895,45.60199999999895,0.0,True,True,False,False
125,62,62:storage_out,151.40199999999822,151.40199999999822,0.0,True,True,False,False
126,63,63:storage_in,53.85200000000259,53.85200000000259,0.0,True,True,False,False
127,63,63:storage_out,192.65199999999822,192.65199999999822,0.0,True,True,False,False
128,64,64:storage_in,49.00200000000041,49.00200000000041,0.0,True,True,False,False
129,64,64:storage_out,210.9519999999975,210.9519999999975,0.0,True,True,False,False
130,65,65:storage_in,45.40200000000186,45.40200000000186,0.0,True,True,False,False
131,65,65:storage_out,193.65199999999822,193.65199999999822,0.0,True,True,False,False
132,66,66:storage_in,49.30522000000019,49.30522000000019,0.0,True,True,False,False
133,66,66:storage_out,198.2019999999975,198.2019999999975,0.0,True,True,False,False
134,67,67:storage_in,50.002000000002226,50.002000000002226,0.0,True,True,False,False
135,67,67:storage_out,184.40199999999822,184.40199999999822,0.0,True,True,False,False
136,68,68:storage_in,45.60199999999895,45.60199999999895,0.0,True,True,False,False
137,68,68:storage_out,211.9519999999975,211.9519999999975,0.0,True,True,False,False
138,69,69:storage_in,49.00200000000041,49.00200000000041,0.0,True,True,False,False
139,69,69:storage_out,207.7019999999975,207.7019999999975,0.0,True,True,False,False
140,70,70:storage_in,53.10200000000259,53.10200000000259,0.0,True,True,False,False
141,70,70:storage_out,189.65199999999822,189.65199999999822,0.0,True,True,False,False
142,71,71:storage_in,49.46321999999964,49.46321999999964,0.0,True,True,False,False
143,71,71:storage_out,199.2019999999975,199.2019999999975,0.0,True,True,False,False
144,72,72:storage_in,49.40200000000186,49.40200000000186,0.0,True,True,False,False
145,72,72:storage_out,190.65199999999822,190.65199999999822,0.0,True,True,False,False
146,73,73:storage_in,45.60199999999895,45.60199999999895,0.0,True,True,False,False
147,73,73:storage_out,210.4519999999975,210.4519999999975,0.0,True,True,False,False
148,74,74:storage_in,51.502000000002226,51.502000000002226,0.0,True,True,False,False
149,74,74:storage_out,198.40199999999822,198.40199999999822,0.0,True,True,False,False
150,75,75:storage_in,49.00200000000041,49.00200000000041,0.0,True,True,False,False
151,75,75:storage_out,204.7019999999975,204.7019999999975,0.0,True,True,False,False
152,76,76:storage_in,52.60200000000259,52.60200000000259,0.0,True,True,False,False
153,76,76:storage_out,199.40199999999822,199.40199999999822,0.0,True,True,False,False
154,77,77:storage_in,49.00200000000041,49.00200000000041,0.0,True,True,False,False
155,77,77:storage_out,161.40199999999822,161.40199999999822,0.0,True,True,False,False
156,78,78:storage_in,52.60200000000259,52.60200000000259,0.0,True,True,False,False
157,78,78:storage_out,153.40199999999822,153.40199999999822,0.0,True,True,False,False
158,79,79:storage_in,46.402000000000044,46.402000000000044,0.0,True,True,False,False
159,79,79:storage_out,146.40199999999822,146.40199999999822,0.0,True,True,False,False
160,80,80:storage_in,48.40200000000186,48.40200000000186,0.0,True,True,False,False
161,80,80:storage_out,186.40199999999822,186.40199999999822,0.0,True,True,False,False
162,81,81:storage_in,45.60199999999895,45.60199999999895,0.0,True,True,False,False
163,81,81:storage_out,148.40199999999822,148.40199999999822,0.0,True,True,False,False
164,82,82:storage_in,46.402000000000044,46.402000000000044,0.0,True,True,False,False
165,82,82:storage_out,214.4519999999975,214.4519999999975,0.0,True,True,False,False
166,83,83:storage_in,52.05911999999989,52.05911999999989,0.0,True,True,False,False
167,83,83:storage_out,158.40199999999822,158.40199999999822,0.0,True,True,False,False
168,84,84:storage_in,46.402000000000044,46.402000000000044,0.0,True,True,False,False
169,84,84:storage_out,157.90199999999822,157.90199999999822,0.0,True,True,False,False
170,85,85:storage_in,50.252000000002226,50.252000000002226,0.0,True,True,False,False
171,85,85:storage_out,197.90199999999822,197.90199999999822,0.0,True,True,False,False
172,86,86:storage_in,45.60199999999895,45.60199999999895,0.0,True,True,False,False
173,86,86:storage_out,149.40199999999822,149.40199999999822,0.0,True,True,False,False
174,87,87:storage_in,49.00200000000041,49.00200000000041,0.0,True,True,False,False
175,87,87:storage_out,147.40199999999822,147.40199999999822,0.0,True,True,False,False
176,88,88:storage_in,53.10200000000259,53.10200000000259,0.0,True,True,False,False
177,88,88:storage_out,186.65199999999822,186.65199999999822,0.0,True,True,False,False
178,89,89:storage_in,47.402000000000044,47.402000000000044,0.0,True,True,False,False
179,89,89:storage_out,148.40199999999822,148.40199999999822,0.0,True,True,False,False
180,90,90:storage_in,49.40200000000186,49.40200000000186,0.0,True,True,False,False
181,90,90:storage_out,187.65199999999822,187.65199999999822,0.0,True,True,False,False
182,91,91:storage_in,46.902000000000044,46.902000000000044,0.0,True,True,False,False
183,91,91:storage_out,201.7019999999975,201.7019999999975,0.0,True,True,False,False
184,92,92:storage_in,50.002000000002226,50.002000000002226,0.0,True,True,False,False
185,92,92:storage_out,184.40199999999822,184.40199999999822,0.0,True,True,False,False
186,93,93:storage_in,54.10200000000259,54.10200000000259,0.0,True,True,False,False
187,93,93:storage_out,184.40199999999822,184.40199999999822,0.0,True,True,False,False
188,94,94:storage_in,45.60199999999895,45.60199999999895,0.0,True,True,False,False
189,94,94:storage_out,202.7019999999975,202.7019999999975,0.0,True,True,False,False
190,95,95:storage_in,45.65200000000186,45.65200000000186,0.0,True,True,False,False
191,95,95:storage_out,201.40199999999822,201.40199999999822,0.0,True,True,False,False
192,96,96:storage_in,49.00200000000041,49.00200000000041,0.0,True,True,False,False
193,96,96:storage_out,203.7019999999975,203.7019999999975,0.0,True,True,False,False
194,97,97:storage_in,51.69732000000113,51.69732000000113,0.0,True,True,False,False
195,97,97:storage_out,198.90199999999822,198.90199999999822,0.0,True,True,False,False
196,98,98:storage_in,49.33299000000079,49.33299000000079,0.0,True,True,False,False
197,98,98:storage_out,202.4519999999975,202.4519999999975,0.0,True,True,False,False
198,99,99:storage_in,54.10200000000259,54.10200000000259,0.0,True,True,False,False
199,99,99:storage_out,189.40199999999822,189.40199999999822,0.0,True,True,False,False
200,100,100:storage_in,45.60199999999895,45.60199999999895,0.0,True,True,False,False
201,100,100:storage_out,198.4519999999975,198.4519999999975,0.0,True,True,False,False
202,101,101:storage_in,47.40200000000186,47.40200000000186,0.0,True,True,False,False
203,101,101:storage_out,190.40199999999822,190.40199999999822,0.0,True,True,False,False
204,102,102:storage_in,49.00200000000041,49.00200000000041,0.0,True,True,False,False
205,102,102:storage_out,215.4519999999975,215.4519999999975,0.0,True,True,False,False
206,103,103:storage_in,50.002000000002226,50.002000000002226,0.0,True,True,False,False
207,103,103:storage_out,194.65199999999822,194.65199999999822,0.0,True,True,False,False
208,104,104:storage_in,50.002000000002226,50.002000000002226,0.0,True,True,False,False
209,104,104:storage_out,202.40199999999822,202.40199999999822,0.0,True,True,False,False
210,105,105:storage_in,52.60200000000259,52.60200000000259,0.0,True,True,False,False
211,105,105:storage_out,185.40199999999822,185.40199999999822,0.0,True,True,False,False
212,106,106:storage_in,46.80199999999968,46.80199999999968,0.0,True,True,False,False
213,106,106:storage_out,211.4519999999975,211.4519999999975,0.0,True,True,False,False
214,107,107:storage_in,46.80199999999968,46.80199999999968,0.0,True,True,False,False
215,107,107:storage_out,212.4519999999975,212.4519999999975,0.0,True,True,False,False
216,108,108:storage_in,46.80199999999968,46.80199999999968,0.0,True,True,False,False
217,108,108:storage_out,159.90199999999822,159.90199999999822,0.0,True,True,False,False
218,109,109:storage_in,46.80199999999968,46.80199999999968,0.0,True,True,False,False
219,109,109:storage_out,160.90199999999822,160.90199999999822,0.0,True,True,False,False
220,110,110:storage_in,46.80199999999968,46.80199999999968,0.0,True,True,False,False
221,110,110:storage_out,161.90199999999822,161.90199999999822,0.0,True,True,False,False
222,111,111:storage_in,46.80199999999968,46.80199999999968,0.0,True,True,False,False
223,111,111:storage_out,162.90199999999822,162.90199999999822,0.0,True,True,False,False
224,112,112:storage_in,46.80199999999968,46.80199999999968,0.0,True,True,False,False
225,112,112:storage_out,163.90199999999822,163.90199999999822,0.0,True,True,False,False
226,113,113:storage_in,46.80199999999968,46.80199999999968,0.0,True,True,False,False
227,113,113:storage_out,164.90199999999822,164.90199999999822,0.0,True,True,False,False
228,114,114:storage_in,46.80199999999968,46.80199999999968,0.0,True,True,False,False
229,114,114:storage_out,165.90199999999822,165.90199999999822,0.0,True,True,False,False
230,115,115:storage_in,46.80199999999968,46.80199999999968,0.0,True,True,False,False
231,115,115:storage_out,218.9519999999975,218.9519999999975,0.0,True,True,False,False
232,116,116:storage_in,46.80199999999968,46.80199999999968,0.0,True,True,False,False
233,116,116:storage_out,166.90199999999822,166.90199999999822,0.0,True,True,False,False
234,117,117:storage_in,46.80199999999968,46.80199999999968,0.0,True,True,False,False
235,117,117:storage_out,167.90199999999822,167.90199999999822,0.0,True,True,False,False
236,118,118:storage_in,45.60199999999895,45.60199999999895,0.0,True,True,False,False
237,118,118:storage_out,164.40199999999822,164.40199999999822,0.0,True,True,False,False
238,119,119:storage_in,49.00200000000041,49.00200000000041,0.0,True,True,False,False
239,119,119:storage_out,156.65199999999822,156.65199999999822,0.0,True,True,False,False
240,120,120:storage_in,49.43549999999959,49.43549999999959,0.0,True,True,False,False
241,120,120:storage_out,145.40199999999822,145.40199999999822,0.0,True,True,False,False
242,121,121:storage_in,45.60199999999895,45.60199999999895,0.0,True,True,False,False
243,121,121:storage_out,168.90199999999822,168.90199999999822,0.0,True,True,False,False
244,122,122:storage_in,49.00200000000041,49.00200000000041,0.0,True,True,False,False
245,122,122:storage_out,169.90199999999822,169.90199999999822,0.0,True,True,False,False
246,123,123:storage_in,60.92067000000134,60.92067000000134,0.0,True,True,False,False
247,123,123:storage_out,185.40199999999822,185.40199999999822,0.0,True,True,False,False
248,124,124:storage_in,51.7811899999997,51.7811899999997,0.0,True,True,False,False
249,124,124:storage_out,146.40199999999822,146.40199999999822,0.0,True,True,False,False
250,125,125:storage_in,49.402000000000044,49.402000000000044,0.0,True,True,False,False
251,125,125:storage_out,199.4519999999975,199.4519999999975,0.0,True,True,False,False
252,126,126:storage_in,45.60199999999895,45.60199999999895,0.0,True,True,False,False
253,126,126:storage_out,147.40199999999822,147.40199999999822,0.0,True,True,False,False
254,127,127:storage_in,50.002000000002226,50.002000000002226,0.0,True,True,False,False
255,127,127:storage_out,191.40199999999822,191.40199999999822,0.0,True,True,False,False
256,128,128:storage_in,45.60199999999895,45.60199999999895,0.0,True,True,False,False
257,128,128:storage_out,222.9519999999975,222.9519999999975,0.0,True,True,False,False
258,129,129:storage_in,49.00200000000041,49.00200000000041,0.0,True,True,False,False
259,129,129:storage_out,170.90199999999822,170.90199999999822,0.0,True,True,False,False
260,130,130:storage_in,49.75200000000041,49.75200000000041,0.0,True,True,False,False
261,130,130:storage_out,200.2019999999975,200.2019999999975,0.0,True,True,False,False
262,131,131:storage_in,47.402000000000044,47.402000000000044,0.0,True,True,False,False
263,131,131:storage_out,166.65199999999822,166.65199999999822,0.0,True,True,False,False
264,132,132:storage_in,49.43543999999929,49.43543999999929,0.0,True,True,False,False
265,132,132:storage_out,205.7019999999975,205.7019999999975,0.0,True,True,False,False
266,133,133:storage_in,55.35200000000259,55.35200000000259,0.0,True,True,False,False
267,133,133:storage_out,192.15199999999822,192.15199999999822,0.0,True,True,False,False
268,134,134:storage_in,45.60199999999895,45.60199999999895,0.0,True,True,False,False
269,134,134:storage_out,201.2019999999975,201.2019999999975,0.0,True,True,False,False
270,135,135:storage_in,46.40200000000186,46.40200000000186,0.0,True,True,False,False
271,135,135:storage_out,206.65199999999822,206.65199999999822,0.0,True,True,False,False
272,136,136:storage_in,49.00200000000041,49.00200000000041,0.0,True,True,False,False
273,136,136:storage_out,209.7019999999975,209.7019999999975,0.0,True,True,False,False
274,137,137:storage_in,51.002000000002226,51.002000000002226,0.0,True,True,False,False
275,137,137:storage_out,209.40199999999822,209.40199999999822,0.0,True,True,False,False
276,138,138:storage_in,47.402000000000044,47.402000000000044,0.0,True,True,False,False
277,138,138:storage_out,223.4519999999975,223.4519999999975,0.0,True,True,False,False
278,139,139:storage_in,52.60200000000259,52.60200000000259,0.0,True,True,False,False
279,139,139:storage_out,187.40199999999822,187.40199999999822,0.0,True,True,False,False
280,140,140:storage_in,48.24167000000307,48.24167000000307,0.0,True,True,False,False
281,140,140:storage_out,193.15199999999822,193.15199999999822,0.0,True,True,False,False
282,141,141:storage_in,45.60199999999895,45.60199999999895,0.0,True,True,False,False
283,141,141:storage_out,201.4519999999975,201.4519999999975,0.0,True,True,False,False
284,142,142:storage_in,49.00200000000041,49.00200000000041,0.0,True,True,False,False
285,142,142:storage_out,210.7019999999975,210.7019999999975,0.0,True,True,False,False
286,143,143:storage_in,50.002000000002226,50.002000000002226,0.0,True,True,False,False
287,143,143:storage_out,197.15199999999822,197.15199999999822,0.0,True,True,False,False
288,144,144:storage_in,52.60200000000259,52.60200000000259,0.0,True,True,False,False
289,144,144:storage_out,198.15199999999822,198.15199999999822,0.0,True,True,False,False
290,145,145:storage_in,52.60200000000259,52.60200000000259,0.0,True,True,False,False
291,145,145:storage_out,192.40199999999822,192.40199999999822,0.0,True,True,False,False
292,146,146:storage_in,45.40200000000186,45.40200000000186,0.0,True,True,False,False
293,146,146:storage_out,199.15199999999822,199.15199999999822,0.0,True,True,False,False
294,147,147:storage_in,46.402000000000044,46.402000000000044,0.0,True,True,False,False
295,147,147:storage_out,224.4519999999975,224.4519999999975,0.0,True,True,False,False
296,148,148:storage_in,45.40200000000186,45.40200000000186,0.0,True,True,False,False
297,148,148:storage_out,210.90199999999822,210.90199999999822,0.0,True,True,False,False
298,149,149:storage_in,46.80199999999968,46.80199999999968,0.0,True,True,False,False
299,149,149:storage_out,149.40199999999822,149.40199999999822,0.0,True,True,False,False
300,150,150:storage_in,46.80199999999968,46.80199999999968,0.0,True,True,False,False
301,150,150:storage_out,150.40199999999822,150.40199999999822,0.0,True,True,False,False
302,151,151:storage_in,46.80199999999968,46.80199999999968,0.0,True,True,False,False
303,151,151:storage_out,151.40199999999822,151.40199999999822,0.0,True,True,False,False
304,152,152:storage_in,46.80199999999968,46.80199999999968,0.0,True,True,False,False
305,152,152:storage_out,171.90199999999822,171.90199999999822,0.0,True,True,False,False
306,153,153:storage_in,45.60199999999895,45.60199999999895,0.0,True,True,False,False
307,153,153:storage_out,148.40199999999822,148.40199999999822,0.0,True,True,False,False
308,154,154:storage_in,49.00200000000041,49.00200000000041,0.0,True,True,False,False
309,154,154:storage_out,145.40199999999822,145.40199999999822,0.0,True,True,False,False
310,155,155:storage_in,46.402000000000044,46.402000000000044,0.0,True,True,False,False
311,155,155:storage_out,172.90199999999822,172.90199999999822,0.0,True,True,False,False
312,156,156:storage_in,45.60199999999895,45.60199999999895,0.0,True,True,False,False
313,156,156:storage_out,173.90199999999822,173.90199999999822,0.0,True,True,False,False
314,157,157:storage_in,45.40200000000186,45.40200000000186,0.0,True,True,False,False
315,157,157:storage_out,160.90199999999822,160.90199999999822,0.0,True,True,False,False
316,158,158:storage_in,49.00200000000041,49.00200000000041,0.0,True,True,False,False
317,158,158:storage_out,174.90199999999822,174.90199999999822,0.0,True,True,False,False
318,159,159:storage_in,54.752000000002226,54.752000000002226,0.0,True,True,False,False
319,159,159:storage_out,202.90199999999822,202.90199999999822,0.0,True,True,False,False
320,160,160:storage_in,71.85456000000158,71.85456000000158,0.0,True,True,False,False
321,160,160:storage_out,145.40199999999822,145.40199999999822,0.0,True,True,False,False
322,161,161:storage_in,69.43533000000207,69.43533000000207,0.0,True,True,False,False
323,161,161:storage_out,184.40199999999822,184.40199999999822,0.0,True,True,False,False
324,162,162:storage_in,50.831820000001244,50.831820000001244,0.0,True,True,False,False
325,162,162:storage_out,146.40199999999822,146.40199999999822,0.0,True,True,False,False
326,163,163:storage_in,50.41867000000275,50.41867000000275,0.0,True,True,False,False
327,163,163:storage_out,185.40199999999822,185.40199999999822,0.0,True,True,False,False
328,164,164:storage_in,45.60199999999895,45.60199999999895,0.0,True,True,False,False
329,164,164:storage_out,154.40199999999822,154.40199999999822,0.0,True,True,False,False
330,165,165:storage_in,45.60199999999895,45.60199999999895,0.0,True,True,False,False
331,165,165:storage_out,204.7019999999975,204.7019999999975,0.0,True,True,False,False
332,166,166:storage_in,49.00200000000041,49.00200000000041,0.0,True,True,False,False
333,166,166:storage_out,147.40199999999822,147.40199999999822,0.0,True,True,False,False
334,167,167:storage_in,58.61371000000145,58.61371000000145,0.0,True,True,False,False
335,167,167:storage_out,186.40199999999822,186.40199999999822,0.0,True,True,False,False
336,168,168:storage_in,53.00200000000041,53.00200000000041,0.0,True,True,False,False
337,168,168:storage_out,200.4519999999975,200.4519999999975,0.0,True,True,False,False
338,169,169:storage_in,50.82303999999931,50.82303999999931,0.0,True,True,False,False
339,169,169:storage_out,155.40199999999822,155.40199999999822,0.0,True,True,False,False
340,170,170:storage_in,53.60200000000259,53.60200000000259,0.0,True,True,False,False
341,170,170:storage_out,195.40199999999822,195.40199999999822,0.0,True,True,False,False
342,171,171:storage_in,51.537749999999505,51.537749999999505,0.0,True,True,False,False
343,171,171:storage_out,198.2019999999975,198.2019999999975,0.0,True,True,False,False
344,172,172:storage_in,45.60199999999895,45.60199999999895,0.0,True,True,False,False
345,172,172:storage_out,152.40199999999822,152.40199999999822,0.0,True,True,False,False
346,173,173:storage_in,45.60199999999895,45.60199999999895,0.0,True,True,False,False
347,173,173:storage_out,200.4519999999975,200.4519999999975,0.0,True,True,False,False
348,174,174:storage_in,49.00200000000041,49.00200000000041,0.0,True,True,False,False
349,174,174:storage_out,225.4519999999975,225.4519999999975,0.0,True,True,False,False
350,175,175:storage_in,56.985280000002604,56.985280000002604,0.0,True,True,False,False
351,175,175:storage_out,184.65199999999822,184.65199999999822,0.0,True,True,False,False
352,176,176:storage_in,46.402000000000044,46.402000000000044,0.0,True,True,False,False
353,176,176:storage_out,205.7019999999975,205.7019999999975,0.0,True,True,False,False
354,177,177:storage_in,50.252000000002226,50.252000000002226,0.0,True,True,False,False
355,177,177:storage_out,200.15199999999822,200.15199999999822,0.0,True,True,False,False
356,178,178:storage_in,45.60199999999895,45.60199999999895,0.0,True,True,False,False
357,178,178:storage_out,206.7019999999975,206.7019999999975,0.0,True,True,False,False
358,179,179:storage_in,52.85200000000259,52.85200000000259,0.0,True,True,False,False
359,179,179:storage_out,187.40199999999822,187.40199999999822,0.0,True,True,False,False
360,180,180:storage_in,49.00200000000041,49.00200000000041,0.0,True,True,False,False
361,180,180:storage_out,227.9519999999975,227.9519999999975,0.0,True,True,False,False
362,181,181:storage_in,46.15200000000186,46.15200000000186,0.0,True,True,False,False
363,181,181:storage_out,203.90199999999822,203.90199999999822,0.0,True,True,False,False
364,182,182:storage_in,50.002000000002226,50.002000000002226,0.0,True,True,False,False
365,182,182:storage_out,211.90199999999822,211.90199999999822,0.0,True,True,False,False
366,183,183:storage_in,52.60200000000259,52.60200000000259,0.0,True,True,False,False
367,183,183:storage_out,185.65199999999822,185.65199999999822,0.0,True,True,False,False
368,184,184:storage_in,49.00200000000041,49.00200000000041,0.0,True,True,False,False
369,184,184:storage_out,157.40199999999822,157.40199999999822,0.0,True,True,False,False
370,185,185:storage_in,46.402000000000044,46.402000000000044,0.0,True,True,False,False
371,185,185:storage_out,165.90199999999822,165.90199999999822,0.0,True,True,False,False
372,186,186:storage_in,47.40200000000186,47.40200000000186,0.0,True,True,False,False
373,186,186:storage_out,193.15199999999822,193.15199999999822,0.0,True,True,False,False
374,187,187:storage_in,50.002000000002226,50.002000000002226,0.0,True,True,False,False
375,187,187:storage_out,187.40199999999822,187.40199999999822,0.0,True,True,False,False
376,188,188:storage_in,52.60200000000259,52.60200000000259,0.0,True,True,False,False
377,188,188:storage_out,188.40199999999822,188.40199999999822,0.0,True,True,False,False
378,189,189:storage_in,45.40200000000186,45.40200000000186,0.0,True,True,False,False
379,189,189:storage_out,194.15199999999822,194.15199999999822,0.0,True,True,False,False
380,190,190:storage_in,50.002000000002226,50.002000000002226,0.0,True,True,False,False
381,190,190:storage_out,197.40199999999822,197.40199999999822,0.0,True,True,False,False
382,191,191:storage_in,52.60200000000259,52.60200000000259,0.0,True,True,False,False
383,191,191:storage_out,198.40199999999822,198.40199999999822,0.0,True,True,False,False
384,192,192:storage_in,46.402000000000044,46.402000000000044,0.0,True,True,False,False
385,192,192:storage_out,212.4519999999975,212.4519999999975,0.0,True,True,False,False
386,193,193:storage_in,46.80199999999968,46.80199999999968,0.0,True,True,False,False
387,193,193:storage_out,194.15199999999822,194.15199999999822,0.0,True,True,False,False
388,194,194:storage_in,46.80199999999968,46.80199999999968,0.0,True,True,False,False
389,194,194:storage_out,195.15199999999822,195.15199999999822,0.0,True,True,False,False
390,195,195:storage_in,46.80199999999968,46.80199999999968,0.0,True,True,False,False
391,195,195:storage_out,209.2019999999975,209.2019999999975,0.0,True,True,False,False
392,196,196:storage_in,46.80199999999968,46.80199999999968,0.0,True,True,False,False
393,196,196:storage_out,210.2019999999975,210.2019999999975,0.0,True,True,False,False
394,197,197:storage_in,46.80199999999968,46.80199999999968,0.0,True,True,False,False
395,197,197:storage_out,196.65199999999822,196.65199999999822,0.0,True,True,False,False
396,198,198:storage_in,46.80199999999968,46.80199999999968,0.0,True,True,False,False
397,198,198:storage_out,197.65199999999822,197.65199999999822,0.0,True,True,False,False
398,199,199:storage_in,46.80199999999968,46.80199999999968,0.0,True,True,False,False
399,199,199:storage_out,198.65199999999822,198.65199999999822,0.0,True,True,False,False
400,200,200:storage_in,46.80199999999968,46.80199999999968,0.0,True,True,False,False
401,200,200:storage_out,212.7019999999975,212.7019999999975,0.0,True,True,False,False
402,201,201:storage_in,46.80199999999968,46.80199999999968,0.0,True,True,False,False
403,201,201:storage_out,199.65199999999822,199.65199999999822,0.0,True,True,False,False
404,202,202:storage_in,46.80199999999968,46.80199999999968,0.0,True,True,False,False
405,202,202:storage_out,175.90199999999822,175.90199999999822,0.0,True,True,False,False
406,203,203:storage_in,45.60199999999895,45.60199999999895,0.0,True,True,False,False
407,203,203:storage_out,147.40199999999822,147.40199999999822,0.0,True,True,False,False
408,204,204:storage_in,49.00200000000041,49.00200000000041,0.0,True,True,False,False
409,204,204:storage_out,173.90199999999822,173.90199999999822,0.0,True,True,False,False
410,205,205:storage_in,47.402000000000044,47.402000000000044,0.0,True,True,False,False
411,205,205:storage_out,176.90199999999822,176.90199999999822,0.0,True,True,False,False
412,206,206:storage_in,45.60199999999895,45.60199999999895,0.0,True,True,False,False
413,206,206:storage_out,177.90199999999822,177.90199999999822,0.0,True,True,False,False
414,207,207:storage_in,80.87321000000338,80.87321000000338,0.0,True,True,False,False
415,207,207:storage_out,145.40199999999822,145.40199999999822,0.0,True,True,False,False
416,208,208:storage_in,49.00200000000041,49.00200000000041,0.0,True,True,False,False
417,208,208:storage_out,178.90199999999822,178.90199999999822,0.0,True,True,False,False
418,209,209:storage_in,74.35404000000199,74.35404000000199,0.0,True,True,False,False
419,209,209:storage_out,186.65199999999822,186.65199999999822,0.0,True,True,False,False
420,210,210:storage_in,45.60199999999895,45.60199999999895,0.0,True,True,False,False
421,210,210:storage_out,213.7019999999975,213.7019999999975,0.0,True,True,False,False
422,211,211:storage_in,49.43522000000121,49.43522000000121,0.0,True,True,False,False
423,211,211:storage_out,179.90199999999822,179.90199999999822,0.0,True,True,False,False
424,212,212:storage_in,54.75134000000253,54.75134000000253,0.0,True,True,False,False
425,212,212:storage_out,199.40199999999822,199.40199999999822,0.0,True,True,False,False
426,213,213:storage_in,49.25200000000041,49.25200000000041,0.0,True,True,False,False
427,213,213:storage_out,232.9519999999975,232.9519999999975,0.0,True,True,False,False
428,214,214:storage_in,45.60199999999895,45.60199999999895,0.0,True,True,False,False
429,214,214:storage_out,153.40199999999822,153.40199999999822,0.0,True,True,False,False
430,215,215:storage_in,49.46318000000065,49.46318000000065,0.0,True,True,False,False
431,215,215:storage_out,198.4519999999975,198.4519999999975,0.0,True,True,False,False
432,216,216:storage_in,57.93084000000272,57.93084000000272,0.0,True,True,False,False
433,216,216:storage_out,189.40199999999822,189.40199999999822,0.0,True,True,False,False
434,217,217:storage_in,45.60199999999895,45.60199999999895,0.0,True,True,False,False
435,217,217:storage_out,200.7019999999975,200.7019999999975,0.0,True,True,False,False
436,218,218:storage_in,49.00200000000041,49.00200000000041,0.0,True,True,False,False
437,218,218:storage_out,180.90199999999822,180.90199999999822,0.0,True,True,False,False
438,219,219:storage_in,45.65200000000186,45.65200000000186,0.0,True,True,False,False
439,219,219:storage_out,201.15199999999822,201.15199999999822,0.0,True,True,False,False
440,220,220:storage_in,49.00200000000041,49.00200000000041,0.0,True,True,False,False
441,220,220:storage_out,203.4519999999975,203.4519999999975,0.0,True,True,False,False
442,221,221:storage_in,53.002000000002226,53.002000000002226,0.0,True,True,False,False
443,221,221:storage_out,190.40199999999822,190.40199999999822,0.0,True,True,False,False
444,222,222:storage_in,50.18960999999945,50.18960999999945,0.0,True,True,False,False
445,222,222:storage_out,199.4519999999975,199.4519999999975,0.0,True,True,False,False
446,223,223:storage_in,57.714200000002165,57.714200000002165,0.0,True,True,False,False
447,223,223:storage_out,202.15199999999822,202.15199999999822,0.0,True,True,False,False
448,224,224:storage_in,45.60199999999895,45.60199999999895,0.0,True,True,False,False
449,224,224:storage_out,216.2019999999975,216.2019999999975,0.0,True,True,False,False
450,225,225:storage_in,45.60199999999895,45.60199999999895,0.0,True,True,False,False
451,225,225:storage_out,181.90199999999822,181.90199999999822,0.0,True,True,False,False
452,226,226:storage_in,52.03853999999956,52.03853999999956,0.0,True,True,False,False
453,226,226:storage_out,202.2019999999975,202.2019999999975,0.0,True,True,False,False
454,227,227:storage_in,46.402000000000044,46.402000000000044,0.0,True,True,False,False
455,227,227:storage_out,217.2019999999975,217.2019999999975,0.0,True,True,False,False
456,228,228:storage_in,45.60199999999895,45.60199999999895,0.0,True,True,False,False
457,228,228:storage_out,203.2019999999975,203.2019999999975,0.0,True,True,False,False
458,229,229:storage_in,46.40200000000186,46.40200000000186,0.0,True,True,False,False
459,229,229:storage_out,200.65199999999822,200.65199999999822,0.0,True,True,False,False
460,230,230:storage_in,49.00200000000041,49.00200000000041,0.0,True,True,False,False
461,230,230:storage_out,226.9519999999975,226.9519999999975,0.0,True,True,False,False
462,231,231:storage_in,51.002000000002226,51.002000000002226,0.0,True,True,False,False
463,231,231:storage_out,213.90199999999822,213.90199999999822,0.0,True,True,False,False
464,232,232:storage_in,47.402000000000044,47.402000000000044,0.0,True,True,False,False
465,232,232:storage_out,227.9519999999975,227.9519999999975,0.0,True,True,False,False
466,233,233:storage_in,52.60200000000259,52.60200000000259,0.0,True,True,False,False
467,233,233:storage_out,214.90199999999822,214.90199999999822,0.0,True,True,False,False
468,234,234:storage_in,46.95204000000376,46.95204000000376,0.0,True,True,False,False
469,234,234:storage_out,201.65199999999822,201.65199999999822,0.0,True,True,False,False
470,235,235:storage_in,50.002000000002226,50.002000000002226,0.0,True,True,False,False
471,235,235:storage_out,187.65199999999822,187.65199999999822,0.0,True,True,False,False
472,236,236:storage_in,46.402000000000044,46.402000000000044,0.0,True,True,False,False
473,236,236:storage_out,164.65199999999822,164.65199999999822,0.0,True,True,False,False
474,237,237:storage_in,45.60199999999895,45.60199999999895,0.0,True,True,False,False
475,237,237:storage_out,152.40199999999822,152.40199999999822,0.0,True,True,False,False
476,238,238:storage_in,45.60199999999895,45.60199999999895,0.0,True,True,False,False
477,238,238:storage_out,234.9519999999975,234.9519999999975,0.0,True,True,False,False
478,239,239:storage_in,49.00200000000041,49.00200000000041,0.0,True,True,False,False
479,239,239:storage_out,205.4519999999975,205.4519999999975,0.0,True,True,False,False
480,240,240:storage_in,45.40200000000186,45.40200000000186,0.0,True,True,False,False
481,240,240:storage_out,146.90199999999822,146.90199999999822,0.0,True,True,False,False
482,241,241:storage_in,49.00200000000041,49.00200000000041,0.0,True,True,False,False
483,241,241:storage_out,176.90199999999822,176.90199999999822,0.0,True,True,False,False
484,242,242:storage_in,53.60200000000259,53.60200000000259,0.0,True,True,False,False
485,242,242:storage_out,216.90199999999822,216.90199999999822,0.0,True,True,False,False
486,243,243:storage_in,46.402000000000044,46.402000000000044,0.0,True,True,False,False
487,243,243:storage_out,148.40199999999822,148.40199999999822,0.0,True,True,False,False
488,244,244:storage_in,46.80199999999968,46.80199999999968,0.0,True,True,False,False
489,244,244:storage_out,205.90199999999822,205.90199999999822,0.0,True,True,False,False
490,245,245:storage_in,46.80199999999968,46.80199999999968,0.0,True,True,False,False
491,245,245:storage_out,206.90199999999822,206.90199999999822,0.0,True,True,False,False
492,246,246:storage_in,46.80199999999968,46.80199999999968,0.0,True,True,False,False
493,246,246:storage_out,168.90199999999822,168.90199999999822,0.0,True,True,False,False
494,247,247:storage_in,46.80199999999968,46.80199999999968,0.0,True,True,False,False
495,247,247:storage_out,169.90199999999822,169.90199999999822,0.0,True,True,False,False
496,248,248:storage_in,46.80199999999968,46.80199999999968,0.0,True,True,False,False
497,248,248:storage_out,209.90199999999822,209.90199999999822,0.0,True,True,False,False
498,249,249:storage_in,46.80199999999968,46.80199999999968,0.0,True,True,False,False
499,249,249:storage_out,210.90199999999822,210.90199999999822,0.0,True,True,False,False
500,250,250:storage_in,46.80199999999968,46.80199999999968,0.0,True,True,False,False
501,250,250:storage_out,149.40199999999822,149.40199999999822,0.0,True,True,False,False
502,251,251:storage_in,46.80199999999968,46.80199999999968,0.0,True,True,False,False
503,251,251:storage_out,150.40199999999822,150.40199999999822,0.0,True,True,False,False
504,252,252:storage_in,46.80199999999968,46.80199999999968,0.0,True,True,False,False
505,252,252:storage_out,172.90199999999822,172.90199999999822,0.0,True,True,False,False
506,253,253:storage_in,46.80199999999968,46.80199999999968,0.0,True,True,False,False
507,253,253:storage_out,173.90199999999822,173.90199999999822,0.0,True,True,False,False
508,254,254:storage_in,46.80199999999968,46.80199999999968,0.0,True,True,False,False
509,254,254:storage_out,174.90199999999822,174.90199999999822,0.0,True,True,False,False
510,255,255:storage_in,46.80199999999968,46.80199999999968,0.0,True,True,False,False
511,255,255:storage_out,175.90199999999822,175.90199999999822,0.0,True,True,False,False
512,256,256:storage_in,46.80199999999968,46.80199999999968,0.0,True,True,False,False
513,256,256:storage_out,215.90199999999822,215.90199999999822,0.0,True,True,False,False
514,257,257:storage_in,46.80199999999968,46.80199999999968,0.0,True,True,False,False
515,257,257:storage_out,216.90199999999822,216.90199999999822,0.0,True,True,False,False
516,258,258:storage_in,46.80199999999968,46.80199999999968,0.0,True,True,False,False
517,258,258:storage_out,151.40199999999822,151.40199999999822,0.0,True,True,False,False
518,259,259:storage_in,46.80199999999968,46.80199999999968,0.0,True,True,False,False
519,259,259:storage_out,182.90199999999822,182.90199999999822,0.0,True,True,False,False
520,260,260:storage_in,46.80199999999968,46.80199999999968,0.0,True,True,False,False
521,260,260:storage_out,183.90199999999822,183.90199999999822,0.0,True,True,False,False
522,261,261:storage_in,45.60199999999895,45.60199999999895,0.0,True,True,False,False
523,261,261:storage_out,152.40199999999822,152.40199999999822,0.0,True,True,False,False
524,262,262:storage_in,49.00200000000041,49.00200000000041,0.0,True,True,False,False
525,262,262:storage_out,184.90199999999822,184.90199999999822,0.0,True,True,False,False
526,263,263:storage_in,46.402000000000044,46.402000000000044,0.0,True,True,False,False
527,263,263:storage_out,185.90199999999822,185.90199999999822,0.0,True,True,False,False
528,264,264:storage_in,51.752000000002226,51.752000000002226,0.0,True,True,False,False
529,264,264:storage_out,147.90199999999822,147.90199999999822,0.0,True,True,False,False
530,265,265:storage_in,49.25200000000041,49.25200000000041,0.0,True,True,False,False
531,265,265:storage_out,238.9519999999975,238.9519999999975,0.0,True,True,False,False
532,266,266:storage_in,45.60199999999895,45.60199999999895,0.0,True,True,False,False
533,266,266:storage_out,186.90199999999822,186.90199999999822,0.0,True,True,False,False
534,267,267:storage_in,46.40200000000186,46.40200000000186,0.0,True,True,False,False
535,267,267:storage_out,184.40199999999822,184.40199999999822,0.0,True,True,False,False
536,268,268:storage_in,83.78048000000308,83.78048000000308,0.0,True,True,False,False
537,268,268:storage_out,146.40199999999822,146.40199999999822,0.0,True,True,False,False
538,269,269:storage_in,46.402000000000044,46.402000000000044,0.0,True,True,False,False
539,269,269:storage_out,239.9519999999975,239.9519999999975,0.0,True,True,False,False
540,270,270:storage_in,79.269650000002,79.269650000002,0.0,True,True,False,False
541,270,270:storage_out,184.40199999999822,184.40199999999822,0.0,True,True,False,False
542,271,271:storage_in,52.06535000000076,52.06535000000076,0.0,True,True,False,False
543,271,271:storage_out,187.90199999999822,187.90199999999822,0.0,True,True,False,False
544,272,272:storage_in,53.37293000000136,53.37293000000136,0.0,True,True,False,False
545,272,272:storage_out,202.65199999999822,202.65199999999822,0.0,True,True,False,False
546,273,273:storage_in,61.33987000000343,61.33987000000343,0.0,True,True,False,False
547,273,273:storage_out,178.90199999999822,178.90199999999822,0.0,True,True,False,False
548,274,274:storage_in,45.60199999999895,45.60199999999895,0.0,True,True,False,False
549,274,274:storage_out,213.4519999999975,213.4519999999975,0.0,True,True,False,False
550,275,275:storage_in,46.402000000000044,46.402000000000044,0.0,True,True,False,False
551,275,275:storage_out,188.90199999999822,188.90199999999822,0.0,True,True,False,False
552,276,276:storage_in,68.32304000000295,68.32304000000295,0.0,True,True,False,False
553,276,276:storage_out,204.65199999999822,204.65199999999822,0.0,True,True,False,False
554,277,277:storage_in,45.60199999999895,45.60199999999895,0.0,True,True,False,False
555,277,277:storage_out,189.90199999999822,189.90199999999822,0.0,True,True,False,False
556,278,278:storage_in,47.05199999999968,47.05199999999968,0.0,True,True,False,False
557,278,278:storage_out,242.9519999999975,242.9519999999975,0.0,True,True,False,False
558,279,279:storage_in,49.00200000000041,49.00200000000041,0.0,True,True,False,False
559,279,279:storage_out,208.2019999999975,208.2019999999975,0.0,True,True,False,False
560,280,280:storage_in,51.00200000000041,51.00200000000041,0.0,True,True,False,False
561,280,280:storage_out,146.40199999999822,146.40199999999822,0.0,True,True,False,False
562,281,281:storage_in,51.86427000000003,51.86427000000003,0.0,True,True,False,False
563,281,281:storage_out,199.4519999999975,199.4519999999975,0.0,True,True,False,False
564,282,282:storage_in,65.6426500000016,65.6426500000016,0.0,True,True,False,False
565,282,282:storage_out,188.65199999999822,188.65199999999822,0.0,True,True,False,False
566,283,283:storage_in,45.60199999999895,45.60199999999895,0.0,True,True,False,False
567,283,283:storage_out,201.4519999999975,201.4519999999975,0.0,True,True,False,False
568,284,284:storage_in,46.902000000000044,46.902000000000044,0.0,True,True,False,False
569,284,284:storage_out,190.90199999999822,190.90199999999822,0.0,True,True,False,False
570,285,285:storage_in,57.35200000000259,57.35200000000259,0.0,True,True,False,False
571,285,285:storage_out,218.90199999999822,218.90199999999822,0.0,True,True,False,False
572,286,286:storage_in,49.00200000000041,49.00200000000041,0.0,True,True,False,False
573,286,286:storage_out,216.7019999999975,216.7019999999975,0.0,True,True,False,False
574,287,287:storage_in,62.37133000000176,62.37133000000176,0.0,True,True,False,False
575,287,287:storage_out,186.40199999999822,186.40199999999822,0.0,True,True,False,False
576,288,288:storage_in,46.402000000000044,46.402000000000044,0.0,True,True,False,False
577,288,288:storage_out,191.90199999999822,191.90199999999822,0.0,True,True,False,False
578,289,289:storage_in,49.402000000000044,49.402000000000044,0.0,True,True,False,False
579,289,289:storage_out,209.2019999999975,209.2019999999975,0.0,True,True,False,False
580,290,290:storage_in,45.60199999999895,45.60199999999895,0.0,True,True,False,False
581,290,290:storage_out,192.90199999999822,192.90199999999822,0.0,True,True,False,False
582,291,291:storage_in,51.718400000003385,51.718400000003385,0.0,True,True,False,False
583,291,291:storage_out,195.65199999999822,195.65199999999822,0.0,True,True,False,False
584,292,292:storage_in,45.60199999999895,45.60199999999895,0.0,True,True,False,False
585,292,292:storage_out,230.9519999999975,230.9519999999975,0.0,True,True,False,False
586,293,293:storage_in,49.00200000000041,49.00200000000041,0.0,True,True,False,False
587,293,293:storage_out,200.4519999999975,200.4519999999975,0.0,True,True,False,False
588,294,294:storage_in,56.35200000000259,56.35200000000259,0.0,True,True,False,False
589,294,294:storage_out,186.40199999999822,186.40199999999822,0.0,True,True,False,False
590,295,295:storage_in,46.15200000000186,46.15200000000186,0.0,True,True,False,False
591,295,295:storage_out,188.40199999999822,188.40199999999822,0.0,True,True,False,False
592,296,296:storage_in,50.502000000002226,50.502000000002226,0.0,True,True,False,False
593,296,296:storage_out,200.40199999999822,200.40199999999822,0.0,True,True,False,False
594,297,297:storage_in,50.002000000002226,50.002000000002226,0.0,True,True,False,False
595,297,297:storage_out,201.40199999999822,201.40199999999822,0.0,True,True,False,False
596,298,298:storage_in,54.60200000000259,54.60200000000259,0.0,True,True,False,False
597,298,298:storage_out,192.40199999999822,192.40199999999822,0.0,True,True,False,False
598,299,299:storage_in,45.60199999999895,45.60199999999895,0.0,True,True,False,False
599,299,299:storage_out,149.40199999999822,149.40199999999822,0.0,True,True,False,False
600,300,300:storage_in,49.00200000000041,49.00200000000041,0.0,True,True,False,False
601,300,300:storage_out,148.40199999999822,148.40199999999822,0.0,True,True,False,False
602,301,301:storage_in,45.40200000000186,45.40200000000186,0.0,True,True,False,False
603,301,301:storage_out,205.65199999999822,205.65199999999822,0.0,True,True,False,False
604,302,302:storage_in,46.402000000000044,46.402000000000044,0.0,True,True,False,False
605,302,302:storage_out,149.40199999999822,149.40199999999822,0.0,True,True,False,False
606,303,303:storage_in,45.60199999999895,45.60199999999895,0.0,True,True,False,False
607,303,303:storage_out,163.40199999999822,163.40199999999822,0.0,True,True,False,False
608,304,304:storage_in,55.65200000000186,55.65200000000186,0.0,True,True,False,False
609,304,304:storage_out,203.65199999999822,203.65199999999822,0.0,True,True,False,False
610,305,305:storage_in,49.00200000000041,49.00200000000041,0.0,True,True,False,False
611,305,305:storage_out,150.40199999999822,150.40199999999822,0.0,True,True,False,False
612,306,306:storage_in,49.43550000000141,49.43550000000141,0.0,True,True,False,False
613,306,306:storage_out,164.40199999999822,164.40199999999822,0.0,True,True,False,False
614,307,307:storage_in,45.60199999999895,45.60199999999895,0.0,True,True,False,False
615,307,307:storage_out,151.40199999999822,151.40199999999822,0.0,True,True,False,False
616,308,308:storage_in,48.65200000000186,48.65200000000186,0.0,True,True,False,False
617,308,308:storage_out,187.40199999999822,187.40199999999822,0.0,True,True,False,False
618,309,309:storage_in,54.86656000000221,54.86656000000221,0.0,True,True,False,False
619,309,309:storage_out,204.40199999999822,204.40199999999822,0.0,True,True,False,False
620,310,310:storage_in,49.00200000000041,49.00200000000041,0.0,True,True,False,False
621,310,310:storage_out,154.40199999999822,154.40199999999822,0.0,True,True,False,False
622,311,311:storage_in,53.60200000000259,53.60200000000259,0.0,True,True,False,False
623,311,311:storage_out,219.90199999999822,219.90199999999822,0.0,True,True,False,False
624,312,312:storage_in,49.19151000000056,49.19151000000056,0.0,True,True,False,False
625,312,312:storage_out,155.40199999999822,155.40199999999822,0.0,True,True,False,False
626,313,313:storage_in,52.252000000002226,52.252000000002226,0.0,True,True,False,False
627,313,313:storage_out,191.40199999999822,191.40199999999822,0.0,True,True,False,False
628,314,314:storage_in,45.60199999999895,45.60199999999895,0.0,True,True,False,False
629,314,314:storage_out,181.90199999999822,181.90199999999822,0.0,True,True,False,False
630,315,315:storage_in,50.78835000000254,50.78835000000254,0.0,True,True,False,False
631,315,315:storage_out,196.65199999999822,196.65199999999822,0.0,True,True,False,False
632,316,316:storage_in,56.10200000000259,56.10200000000259,0.0,True,True,False,False
633,316,316:storage_out,186.40199999999822,186.40199999999822,0.0,True,True,False,False
634,317,317:storage_in,46.638380000002144,46.638380000002144,0.0,True,True,False,False
635,317,317:storage_out,189.40199999999822,189.40199999999822,0.0,True,True,False,False
636,318,318:storage_in,51.002000000002226,51.002000000002226,0.0,True,True,False,False
637,318,318:storage_out,189.65199999999822,189.65199999999822,0.0,True,True,False,False
638,319,319:storage_in,46.402000000000044,46.402000000000044,0.0,True,True,False,False
639,319,319:storage_out,245.9519999999975,245.9519999999975,0.0,True,True,False,False
640,320,320:storage_in,52.60200000000259,52.60200000000259,0.0,True,True,False,False
641,320,320:storage_out,187.40199999999822,187.40199999999822,0.0,True,True,False,False
642,321,321:storage_in,45.60199999999895,45.60199999999895,0.0,True,True,False,False
643,321,321:storage_out,203.4519999999975,203.4519999999975,0.0,True,True,False,False
644,322,322:storage_in,45.40200000000186,45.40200000000186,0.0,True,True,False,False
645,322,322:storage_out,205.40199999999822,205.40199999999822,0.0,True,True,False,False
646,323,323:storage_in,49.00200000000041,49.00200000000041,0.0,True,True,False,False
647,323,323:storage_out,167.40199999999822,167.40199999999822,0.0,True,True,False,False
648,324,324:storage_in,50.002000000002226,50.002000000002226,0.0,True,True,False,False
649,324,324:storage_out,193.40199999999822,193.40199999999822,0.0,True,True,False,False
650,325,325:storage_in,52.60200000000259,52.60200000000259,0.0,True,True,False,False
651,325,325:storage_out,217.90199999999822,217.90199999999822,0.0,True,True,False,False
652,326,326:storage_in,49.00200000000041,49.00200000000041,0.0,True,True,False,False
653,326,326:storage_out,246.9519999999975,246.9519999999975,0.0,True,True,False,False
654,327,327:storage_in,46.402000000000044,46.402000000000044,0.0,True,True,False,False
655,327,327:storage_out,194.40199999999822,194.40199999999822,0.0,True,True,False,False
656,328,328:storage_in,46.402000000000044,46.402000000000044,0.0,True,True,False,False
657,328,328:storage_out,203.7019999999975,203.7019999999975,0.0,True,True,False,False
658,329,329:storage_in,45.40200000000186,45.40200000000186,0.0,True,True,False,False
659,329,329:storage_out,188.40199999999822,188.40199999999822,0.0,True,True,False,False
660,330,330:storage_in,45.60199999999895,45.60199999999895,0.0,True,True,False,False
661,330,330:storage_out,210.7019999999975,210.7019999999975,0.0,True,True,False,False
662,331,331:storage_in,50.002000000002226,50.002000000002226,0.0,True,True,False,False
663,331,331:storage_out,189.40199999999822,189.40199999999822,0.0,True,True,False,False
664,332,332:storage_in,46.80199999999968,46.80199999999968,0.0,True,True,False,False
665,332,332:storage_out,220.65199999999822,220.65199999999822,0.0,True,True,False,False
666,333,333:storage_in,46.80199999999968,46.80199999999968,0.0,True,True,False,False
667,333,333:storage_out,221.65199999999822,221.65199999999822,0.0,True,True,False,False
668,334,334:storage_in,46.80199999999968,46.80199999999968,0.0,True,True,False,False
669,334,334:storage_out,222.65199999999822,222.65199999999822,0.0,True,True,False,False
670,335,335:storage_in,46.80199999999968,46.80199999999968,0.0,True,True,False,False
671,335,335:storage_out,223.65199999999822,223.65199999999822,0.0,True,True,False,False
672,336,336:storage_in,46.80199999999968,46.80199999999968,0.0,True,True,False,False
673,336,336:storage_out,237.7019999999975,237.7019999999975,0.0,True,True,False,False
674,337,337:storage_in,46.80199999999968,46.80199999999968,0.0,True,True,False,False
675,337,337:storage_out,238.7019999999975,238.7019999999975,0.0,True,True,False,False
676,338,338:storage_in,46.80199999999968,46.80199999999968,0.0,True,True,False,False
677,338,338:storage_out,239.7019999999975,239.7019999999975,0.0,True,True,False,False
678,339,339:storage_in,46.80199999999968,46.80199999999968,0.0,True,True,False,False
679,339,339:storage_out,240.7019999999975,240.7019999999975,0.0,True,True,False,False
680,340,340:storage_in,46.80199999999968,46.80199999999968,0.0,True,True,False,False
681,340,340:storage_out,241.7019999999975,241.7019999999975,0.0,True,True,False,False
682,341,341:storage_in,46.80199999999968,46.80199999999968,0.0,True,True,False,False
683,341,341:storage_out,189.15199999999822,189.15199999999822,0.0,True,True,False,False
684,342,342:storage_in,46.80199999999968,46.80199999999968,0.0,True,True,False,False
685,342,342:storage_out,242.7019999999975,242.7019999999975,0.0,True,True,False,False
686,343,343:storage_in,46.80199999999968,46.80199999999968,0.0,True,True,False,False
687,343,343:storage_out,190.15199999999822,190.15199999999822,0.0,True,True,False,False
688,344,344:storage_in,46.80199999999968,46.80199999999968,0.0,True,True,False,False
689,344,344:storage_out,206.65199999999822,206.65199999999822,0.0,True,True,False,False
690,345,345:storage_in,46.80199999999968,46.80199999999968,0.0,True,True,False,False
691,345,345:storage_out,168.65199999999822,168.65199999999822,0.0,True,True,False,False
692,346,346:storage_in,46.80199999999968,46.80199999999968,0.0,True,True,False,False
693,346,346:storage_out,208.65199999999822,208.65199999999822,0.0,True,True,False,False
694,347,347:storage_in,46.80199999999968,46.80199999999968,0.0,True,True,False,False
695,347,347:storage_out,170.65199999999822,170.65199999999822,0.0,True,True,False,False
696,348,348:storage_in,46.80199999999968,46.80199999999968,0.0,True,True,False,False
697,348,348:storage_out,210.65199999999822,210.65199999999822,0.0,True,True,False,False
698,349,349:storage_in,46.80199999999968,46.80199999999968,0.0,True,True,False,False
699,349,349:storage_out,193.15199999999822,193.15199999999822,0.0,True,True,False,False
700,350,350:storage_in,46.80199999999968,46.80199999999968,0.0,True,True,False,False
701,350,350:storage_out,211.65199999999822,211.65199999999822,0.0,True,True,False,False
702,351,351:storage_in,46.80199999999968,46.80199999999968,0.0,True,True,False,False
703,351,351:storage_out,194.15199999999822,194.15199999999822,0.0,True,True,False,False
704,352,352:storage_in,46.80199999999968,46.80199999999968,0.0,True,True,False,False
705,352,352:storage_out,212.65199999999822,212.65199999999822,0.0,True,True,False,False
706,353,353:storage_in,46.80199999999968,46.80199999999968,0.0,True,True,False,False
707,353,353:storage_out,213.65199999999822,213.65199999999822,0.0,True,True,False,False
708,354,354:storage_in,46.80199999999968,46.80199999999968,0.0,True,True,False,False
709,354,354:storage_out,214.65199999999822,214.65199999999822,0.0,True,True,False,False
710,355,355:storage_in,46.80199999999968,46.80199999999968,0.0,True,True,False,False
711,355,355:storage_out,228.7019999999975,228.7019999999975,0.0,True,True,False,False
712,356,356:storage_in,46.80199999999968,46.80199999999968,0.0,True,True,False,False
713,356,356:storage_out,229.7019999999975,229.7019999999975,0.0,True,True,False,False
714,357,357:storage_in,46.80199999999968,46.80199999999968,0.0,True,True,False,False
715,357,357:storage_out,177.15199999999822,177.15199999999822,0.0,True,True,False,False
716,358,358:storage_in,46.80199999999968,46.80199999999968,0.0,True,True,False,False
717,358,358:storage_out,230.7019999999975,230.7019999999975,0.0,True,True,False,False
718,359,359:storage_in,46.80199999999968,46.80199999999968,0.0,True,True,False,False
719,359,359:storage_out,217.15199999999822,217.15199999999822,0.0,True,True,False,False
720,360,360:storage_in,46.80199999999968,46.80199999999968,0.0,True,True,False,False
721,360,360:storage_out,231.7019999999975,231.7019999999975,0.0,True,True,False,False
722,361,361:storage_in,46.80199999999968,46.80199999999968,0.0,True,True,False,False
723,361,361:storage_out,247.2019999999975,247.2019999999975,0.0,True,True,False,False
724,362,362:storage_in,46.80199999999968,46.80199999999968,0.0,True,True,False,False
725,362,362:storage_out,234.15199999999822,234.15199999999822,0.0,True,True,False,False
726,363,363:storage_in,46.80199999999968,46.80199999999968,0.0,True,True,False,False
727,363,363:storage_out,235.15199999999822,235.15199999999822,0.0,True,True,False,False
728,364,364:storage_in,46.80199999999968,46.80199999999968,0.0,True,True,False,False
729,364,364:storage_out,236.15199999999822,236.15199999999822,0.0,True,True,False,False
730,365,365:storage_in,46.80199999999968,46.80199999999968,0.0,True,True,False,False
731,365,365:storage_out,237.15199999999822,237.15199999999822,0.0,True,True,False,False
732,366,366:storage_in,46.80199999999968,46.80199999999968,0.0,True,True,False,False
733,366,366:storage_out,218.15199999999822,218.15199999999822,0.0,True,True,False,False
734,367,367:storage_in,46.80199999999968,46.80199999999968,0.0,True,True,False,False
735,367,367:storage_out,219.15199999999822,219.15199999999822,0.0,True,True,False,False
736,368,368:storage_in,46.80199999999968,46.80199999999968,0.0,True,True,False,False
737,368,368:storage_out,199.15199999999822,199.15199999999822,0.0,True,True,False,False
738,369,369:storage_in,46.80199999999968,46.80199999999968,0.0,True,True,False,False
739,369,369:storage_out,220.15199999999822,220.15199999999822,0.0,True,True,False,False
740,370,370:storage_in,46.80199999999968,46.80199999999968,0.0,True,True,False,False
741,370,370:storage_out,252.2019999999975,252.2019999999975,0.0,True,True,False,False
742,371,371:storage_in,46.80199999999968,46.80199999999968,0.0,True,True,False,False
743,371,371:storage_out,200.15199999999822,200.15199999999822,0.0,True,True,False,False
744,372,372:storage_in,46.80199999999968,46.80199999999968,0.0,True,True,False,False
745,372,372:storage_out,221.15199999999822,221.15199999999822,0.0,True,True,False,False
746,373,373:storage_in,46.80199999999968,46.80199999999968,0.0,True,True,False,False
747,373,373:storage_out,156.40199999999822,156.40199999999822,0.0,True,True,False,False
748,374,374:storage_in,46.80199999999968,46.80199999999968,0.0,True,True,False,False
749,374,374:storage_out,195.40199999999822,195.40199999999822,0.0,True,True,False,False
750,375,375:storage_in,46.80199999999968,46.80199999999968,0.0,True,True,False,False
751,375,375:storage_out,253.2019999999975,253.2019999999975,0.0,True,True,False,False
752,376,376:storage_in,45.60199999999895,45.60199999999895,0.0,True,True,False,False
753,376,376:storage_out,196.40199999999822,196.40199999999822,0.0,True,True,False,False
754,377,377:storage_in,49.00200000000041,49.00200000000041,0.0,True,True,False,False
755,377,377:storage_out,197.40199999999822,197.40199999999822,0.0,True,True,False,False
756,378,378:storage_in,46.80199999999968,46.80199999999968,0.0,True,True,False,False
757,378,378:storage_out,240.15199999999822,240.15199999999822,0.0,True,True,False,False
758,379,379:storage_in,51.752000000002226,51.752000000002226,0.0,True,True,False,False
759,379,379:storage_out,182.90199999999822,182.90199999999822,0.0,True,True,False,False
760,380,380:storage_in,49.00200000000041,49.00200000000041,0.0,True,True,False,False
761,380,380:storage_out,207.4519999999975,207.4519999999975,0.0,True,True,False,False
762,381,381:storage_in,47.402000000000044,47.402000000000044,0.0,True,True,False,False
763,381,381:storage_out,250.4519999999975,250.4519999999975,0.0,True,True,False,False
764,382,382:storage_in,57.180380000001605,57.180380000001605,0.0,True,True,False,False
765,382,382:storage_out,241.15199999999822,241.15199999999822,0.0,True,True,False,False
766,383,383:storage_in,58.00655000000188,58.00655000000188,0.0,True,True,False,False
767,383,383:storage_out,148.90199999999822,148.90199999999822,0.0,True,True,False,False
768,384,384:storage_in,45.40200000000186,45.40200000000186,0.0,True,True,False,False
769,384,384:storage_out,150.40199999999822,150.40199999999822,0.0,True,True,False,False
770,385,385:storage_in,50.50200000000041,50.50200000000041,0.0,True,True,False,False
771,385,385:storage_out,251.4519999999975,251.4519999999975,0.0,True,True,False,False
772,386,386:storage_in,49.337100000000646,49.337100000000646,0.0,True,True,False,False
773,386,386:storage_out,198.90199999999822,198.90199999999822,0.0,True,True,False,False
774,387,387:storage_in,45.60199999999895,45.60199999999895,0.0,True,True,False,False
775,387,387:storage_out,252.4519999999975,252.4519999999975,0.0,True,True,False,False
776,388,388:storage_in,45.60199999999895,45.60199999999895,0.0,True,True,False,False
777,388,388:storage_out,149.40199999999822,149.40199999999822,0.0,True,True,False,False
778,389,389:storage_in,46.402000000000044,46.402000000000044,0.0,True,True,False,False
779,389,389:storage_out,199.90199999999822,199.90199999999822,0.0,True,True,False,False
780,390,390:storage_in,51.502000000002226,51.502000000002226,0.0,True,True,False,False
781,390,390:storage_out,184.40199999999822,184.40199999999822,0.0,True,True,False,False
782,391,391:storage_in,49.00200000000041,49.00200000000041,0.0,True,True,False,False
783,391,391:storage_out,253.4519999999975,253.4519999999975,0.0,True,True,False,False
784,392,392:storage_in,49.00200000000041,49.00200000000041,0.0,True,True,False,False
785,392,392:storage_out,146.40199999999822,146.40199999999822,0.0,True,True,False,False
786,393,393:storage_in,47.05199999999968,47.05199999999968,0.0,True,True,False,False
787,393,393:storage_out,235.2019999999975,235.2019999999975,0.0,True,True,False,False
788,394,394:storage_in,50.44420000000173,50.44420000000173,0.0,True,True,False,False
789,394,394:storage_out,254.4519999999975,254.4519999999975,0.0,True,True,False,False
790,395,395:storage_in,45.60199999999895,45.60199999999895,0.0,True,True,False,False
791,395,395:storage_out,157.40199999999822,157.40199999999822,0.0,True,True,False,False
792,396,396:storage_in,50.402000000000044,50.402000000000044,0.0,True,True,False,False
793,396,396:storage_out,203.15199999999822,203.15199999999822,0.0,True,True,False,False
794,397,397:storage_in,51.32042000000183,51.32042000000183,0.0,True,True,False,False
795,397,397:storage_out,204.65199999999822,204.65199999999822,0.0,True,True,False,False
796,398,398:storage_in,45.60199999999895,45.60199999999895,0.0,True,True,False,False
797,398,398:storage_out,236.2019999999975,236.2019999999975,0.0,True,True,False,False
798,399,399:storage_in,45.60199999999895,45.60199999999895,0.0,True,True,False,False
799,399,399:storage_out,155.40199999999822,155.40199999999822,0.0,True,True,False,False
800,400,400:storage_in,62.48801000000276,62.48801000000276,0.0,True,True,False,False
801,400,400:storage_out,186.40199999999822,186.40199999999822,0.0,True,True,False,False
802,401,401:storage_in,49.00200000000041,49.00200000000041,0.0,True,True,False,False
803,401,401:storage_out,218.7019999999975,218.7019999999975,0.0,True,True,False,False
804,402,402:storage_in,53.121580000000904,53.121580000000904,0.0,True,True,False,False
805,402,402:storage_out,205.65199999999822,205.65199999999822,0.0,True,True,False,False
806,403,403:storage_in,49.32861000000048,49.32861000000048,0.0,True,True,False,False
807,403,403:storage_out,201.9519999999975,201.9519999999975,0.0,True,True,False,False
808,404,404:storage_in,49.50200000000041,49.50200000000041,0.0,True,True,False,False
809,404,404:storage_out,201.90199999999822,201.90199999999822,0.0,True,True,False,False
810,405,405:storage_in,51.27861000000303,51.27861000000303,0.0,True,True,False,False
811,405,405:storage_out,206.65199999999822,206.65199999999822,0.0,True,True,False,False
812,406,406:storage_in,45.60199999999895,45.60199999999895,0.0,True,True,False,False
813,406,406:storage_out,208.4519999999975,208.4519999999975,0.0,True,True,False,False
814,407,407:storage_in,53.60200000000259,53.60200000000259,0.0,True,True,False,False
815,407,407:storage_out,243.15199999999822,243.15199999999822,0.0,True,True,False,False
816,408,408:storage_in,50.00200000000041,50.00200000000041,0.0,True,True,False,False
817,408,408:storage_out,220.7019999999975,220.7019999999975,0.0,True,True,False,False
818,409,409:storage_in,49.928060000002006,49.928060000002006,0.0,True,True,False,False
819,409,409:storage_out,244.15199999999822,244.15199999999822,0.0,True,True,False,False
820,410,410:storage_in,46.402000000000044,46.402000000000044,0.0,True,True,False,False
821,410,410:storage_out,258.2019999999975,258.2019999999975,0.0,True,True,False,False
822,411,411:storage_in,50.002000000002226,50.002000000002226,0.0,True,True,False,False
823,411,411:storage_out,245.15199999999822,245.15199999999822,0.0,True,True,False,False
824,412,412:storage_in,49.00200000000041,49.00200000000041,0.0,True,True,False,False
825,412,412:storage_out,202.90199999999822,202.90199999999822,0.0,True,True,False,False
826,413,413:storage_in,47.402000000000044,47.402000000000044,0.0,True,True,False,False
827,413,413:storage_out,148.40199999999822,148.40199999999822,0.0,True,True,False,False
828,414,414:storage_in,53.85200000000259,53.85200000000259,0.0,True,True,False,False
829,414,414:storage_out,195.40199999999822,195.40199999999822,0.0,True,True,False,False
830,415,415:storage_in,46.80199999999968,46.80199999999968,0.0,True,True,False,False
831,415,415:storage_out,246.15199999999822,246.15199999999822,0.0,True,True,False,False
832,416,416:storage_in,50.002000000002226,50.002000000002226,0.0,True,True,False,False
833,416,416:storage_out,222.65199999999822,222.65199999999822,0.0,True,True,False,False
834,417,417:storage_in,45.60199999999895,45.60199999999895,0.0,True,True,False,False
835,417,417:storage_out,149.40199999999822,149.40199999999822,0.0,True,True,False,False
836,418,418:storage_in,46.65200000000186,46.65200000000186,0.0,True,True,False,False
837,418,418:storage_out,207.40199999999822,207.40199999999822,0.0,True,True,False,False
838,419,419:storage_in,49.00200000000041,49.00200000000041,0.0,True,True,False,False
839,419,419:storage_out,153.40199999999822,153.40199999999822,0.0,True,True,False,False
840,420,420:storage_in,50.502000000002226,50.502000000002226,0.0,True,True,False,False
841,420,420:storage_out,190.65199999999822,190.65199999999822,0.0,True,True,False,False
842,421,421:storage_in,49.402000000000044,49.402000000000044,0.0,True,True,False,False
843,421,421:storage_out,158.40199999999822,158.40199999999822,0.0,True,True,False,False
844,422,422:storage_in,45.60199999999895,45.60199999999895,0.0,True,True,False,False
845,422,422:storage_out,204.2019999999975,204.2019999999975,0.0,True,True,False,False
846,423,423:storage_in,45.60199999999895,45.60199999999895,0.0,True,True,False,False
847,423,423:storage_out,159.40199999999822,159.40199999999822,0.0,True,True,False,False
848,424,424:storage_in,53.60200000000259,53.60200000000259,0.0,True,True,False,False
849,424,424:storage_out,191.65199999999822,191.65199999999822,0.0,True,True,False,False
850,425,425:storage_in,49.00200000000041,49.00200000000041,0.0,True,True,False,False
851,425,425:storage_out,160.40199999999822,160.40199999999822,0.0,True,True,False,False
852,426,426:storage_in,46.80199999999968,46.80199999999968,0.0,True,True,False,False
853,426,426:storage_out,237.2019999999975,237.2019999999975,0.0,True,True,False,False
854,427,427:storage_in,47.402000000000044,47.402000000000044,0.0,True,True,False,False
855,427,427:storage_out,203.90199999999822,203.90199999999822,0.0,True,True,False,False
856,428,428:storage_in,49.00200000000041,49.00200000000041,0.0,True,True,False,False
857,428,428:storage_out,205.2019999999975,205.2019999999975,0.0,True,True,False,False
858,429,429:storage_in,45.60199999999895,45.60199999999895,0.0,True,True,False,False
859,429,429:storage_out,204.90199999999822,204.90199999999822,0.0,True,True,False,False
860,430,430:storage_in,46.65200000000186,46.65200000000186,0.0,True,True,False,False
861,430,430:storage_out,223.65199999999822,223.65199999999822,0.0,True,True,False,False
862,431,431:storage_in,50.752000000002226,50.752000000002226,0.0,True,True,False,False
863,431,431:storage_out,224.65199999999822,224.65199999999822,0.0,True,True,False,False
864,432,432:storage_in,46.402000000000044,46.402000000000044,0.0,True,True,False,False
865,432,432:storage_out,205.7019999999975,205.7019999999975,0.0,True,True,False,False
866,433,433:storage_in,45.60199999999895,45.60199999999895,0.0,True,True,False,False
867,433,433:storage_out,260.2019999999975,260.2019999999975,0.0,True,True,False,False
868,434,434:storage_in,52.60200000000259,52.60200000000259,0.0,True,True,False,False
869,434,434:storage_out,227.65199999999822,227.65199999999822,0.0,True,True,False,False
870,435,435:storage_in,49.00200000000041,49.00200000000041,0.0,True,True,False,False
871,435,435:storage_out,202.9519999999975,202.9519999999975,0.0,True,True,False,False
872,436,436:storage_in,45.40200000000186,45.40200000000186,0.0,True,True,False,False
873,436,436:storage_out,222.90199999999822,222.90199999999822,0.0,True,True,False,False
874,437,437:storage_in,47.402000000000044,47.402000000000044,0.0,True,True,False,False
875,437,437:storage_out,241.7019999999975,241.7019999999975,0.0,True,True,False,False
876,438,438:storage_in,50.002000000002226,50.002000000002226,0.0,True,True,False,False
877,438,438:storage_out,185.40199999999822,185.40199999999822,0.0,True,True,False,False
878,439,439:storage_in,52.60200000000259,52.60200000000259,0.0,True,True,False,False
879,439,439:storage_out,223.90199999999822,223.90199999999822,0.0,True,True,False,False
880,440,440:storage_in,46.80199999999968,46.80199999999968,0.0,True,True,False,False
881,440,440:storage_out,228.65199999999822,228.65199999999822,0.0,True,True,False,False
882,441,441:storage_in,49.00200000000041,49.00200000000041,0.0,True,True,False,False
883,441,441:storage_out,190.65199999999822,190.65199999999822,0.0,True,True,False,False
884,442,442:storage_in,47.402000000000044,47.402000000000044,0.0,True,True,False,False
885,442,442:storage_out,185.90199999999822,185.90199999999822,0.0,True,True,False,False
886,443,443:storage_in,45.60199999999895,45.60199999999895,0.0,True,True,False,False
887,443,443:storage_out,205.90199999999822,205.90199999999822,0.0,True,True,False,False
888,444,444:storage_in,50.00200000000041,50.00200000000041,0.0,True,True,False,False
889,444,444:storage_out,150.40199999999822,150.40199999999822,0.0,True,True,False,False
890,445,445:storage_in,46.402000000000044,46.402000000000044,0.0,True,True,False,False
891,445,445:storage_out,206.90199999999822,206.90199999999822,0.0,True,True,False,False
892,446,446:storage_in,45.60199999999895,45.60199999999895,0.0,True,True,False,False
893,446,446:storage_out,207.90199999999822,207.90199999999822,0.0,True,True,False,False
894,447,447:storage_in,49.00200000000041,49.00200000000041,0.0,True,True,False,False
895,447,447:storage_out,208.90199999999822,208.90199999999822,0.0,True,True,False,False
896,448,448:storage_in,47.40200000000186,47.40200000000186,0.0,True,True,False,False
897,448,448:storage_out,230.65199999999822,230.65199999999822,0.0,True,True,False,False
898,449,449:storage_in,45.60199999999895,45.60199999999895,0.0,True,True,False,False
899,449,449:storage_out,199.4519999999975,199.4519999999975,0.0,True,True,False,False
900,450,450:storage_in,46.80199999999968,46.80199999999968,0.0,True,True,False,False
901,450,450:storage_out,247.15199999999822,247.15199999999822,0.0,True,True,False,False
902,451,451:storage_in,46.402000000000044,46.402000000000044,0.0,True,True,False,False
903,451,451:storage_out,209.90199999999822,209.90199999999822,0.0,True,True,False,False
904,452,452:storage_in,50.002000000002226,50.002000000002226,0.0,True,True,False,False
905,452,452:storage_out,190.40199999999822,190.40199999999822,0.0,True,True,False,False
906,453,453:storage_in,45.60199999999895,45.60199999999895,0.0,True,True,False,False
907,453,453:storage_out,150.40199999999822,150.40199999999822,0.0,True,True,False,False
908,454,454:storage_in,52.60200000000259,52.60200000000259,0.0,True,True,False,False
909,454,454:storage_out,207.65199999999822,207.65199999999822,0.0,True,True,False,False
910,455,455:storage_in,49.00200000000041,49.00200000000041,0.0,True,True,False,False
911,455,455:storage_out,209.15199999999822,209.15199999999822,0.0,True,True,False,False
912,456,456:storage_in,49.726549999999406,49.726549999999406,0.0,True,True,False,False
913,456,456:storage_out,262.2019999999975,262.2019999999975,0.0,True,True,False,False
914,457,457:storage_in,46.80199999999968,46.80199999999968,0.0,True,True,False,False
915,457,457:storage_out,249.15199999999822,249.15199999999822,0.0,True,True,False,False
916,458,458:storage_in,45.40200000000186,45.40200000000186,0.0,True,True,False,False
917,458,458:storage_out,196.40199999999822,196.40199999999822,0.0,True,True,False,False
918,459,459:storage_in,46.402000000000044,46.402000000000044,0.0,True,True,False,False
919,459,459:storage_out,200.4519999999975,200.4519999999975,0.0,True,True,False,False
920,460,460:storage_in,46.80199999999786,46.80199999999786,0.0,True,True,False,False
921,460,460:storage_out,197.65199999999822,197.65199999999822,0.0,True,True,False,False
922,461,461:storage_in,46.80199999999422,46.80199999999422,0.0,True,True,False,False
923,461,461:storage_out,198.65199999999822,198.65199999999822,0.0,True,True,False,False
924,462,462:storage_in,46.80199999999604,46.80199999999604,0.0,True,True,False,False
925,462,462:storage_out,212.7019999999975,212.7019999999975,0.0,True,True,False,False
926,463,463:storage_in,46.80199999999604,46.80199999999604,0.0,True,True,False,False
927,463,463:storage_out,213.7019999999975,213.7019999999975,0.0,True,True,False,False
928,464,464:storage_in,46.80199999999604,46.80199999999604,0.0,True,True,False,False
929,464,464:storage_out,214.7019999999975,214.7019999999975,0.0,True,True,False,False
930,465,465:storage_in,46.80199999999604,46.80199999999604,0.0,True,True,False,False
931,465,465:storage_out,215.7019999999975,215.7019999999975,0.0,True,True,False,False
932,466,466:storage_in,46.80199999999604,46.80199999999604,0.0,True,True,False,False
933,466,466:storage_out,216.7019999999975,216.7019999999975,0.0,True,True,False,False
934,467,467:storage_in,46.80199999999604,46.80199999999604,0.0,True,True,False,False
935,467,467:storage_out,217.7019999999975,217.7019999999975,0.0,True,True,False,False
936,468,468:storage_in,46.80199999999604,46.80199999999604,0.0,True,True,False,False
937,468,468:storage_out,262.9519999999975,262.9519999999975,0.0,True,True,False,False
938,469,469:storage_in,46.80199999999604,46.80199999999604,0.0,True,True,False,False
939,469,469:storage_out,210.90199999999822,210.90199999999822,0.0,True,True,False,False
940,470,470:storage_in,47.05199999999604,47.05199999999604,0.0,True,True,False,False
941,470,470:storage_out,211.90199999999822,211.90199999999822,0.0,True,True,False,False
942,471,471:storage_in,47.31915999999546,47.31915999999546,0.0,True,True,False,False
943,471,471:storage_out,264.9519999999975,264.9519999999975,0.0,True,True,False,False
944,472,472:storage_in,46.80199999999604,46.80199999999604,0.0,True,True,False,False
945,472,472:storage_out,212.90199999999822,212.90199999999822,0.0,True,True,False,False
946,473,473:storage_in,46.80199999999604,46.80199999999604,0.0,True,True,False,False
947,473,473:storage_out,213.90199999999822,213.90199999999822,0.0,True,True,False,False
948,474,474:storage_in,46.80199999999604,46.80199999999604,0.0,True,True,False,False
949,474,474:storage_out,204.15199999999822,204.15199999999822,0.0,True,True,False,False
950,475,475:storage_in,46.80199999999604,46.80199999999604,0.0,True,True,False,False
951,475,475:storage_out,266.9519999999975,266.9519999999975,0.0,True,True,False,False
952,476,476:storage_in,46.80199999999604,46.80199999999604,0.0,True,True,False,False
953,476,476:storage_out,214.90199999999822,214.90199999999822,0.0,True,True,False,False
954,477,477:storage_in,46.80199999999604,46.80199999999604,0.0,True,True,False,False
955,477,477:storage_out,205.15199999999822,205.15199999999822,0.0,True,True,False,False
956,478,478:storage_in,46.80199999999604,46.80199999999604,0.0,True,True,False,False
957,478,478:storage_out,215.90199999999822,215.90199999999822,0.0,True,True,False,False
958,479,479:storage_in,46.80199999999604,46.80199999999604,0.0,True,True,False,False
959,479,479:storage_out,216.90199999999822,216.90199999999822,0.0,True,True,False,False
960,480,480:storage_in,46.80199999999604,46.80199999999604,0.0,True,True,False,False
961,480,480:storage_out,217.90199999999822,217.90199999999822,0.0,True,True,False,False
962,481,481:storage_in,46.80199999999604,46.80199999999604,0.0,True,True,False,False
963,481,481:storage_out,206.15199999999822,206.15199999999822,0.0,True,True,False,False
964,482,482:storage_in,46.80199999999604,46.80199999999604,0.0,True,True,False,False
965,482,482:storage_out,220.2019999999975,220.2019999999975,0.0,True,True,False,False
966,483,483:storage_in,46.80199999999604,46.80199999999604,0.0,True,True,False,False
967,483,483:storage_out,207.15199999999822,207.15199999999822,0.0,True,True,False,False
968,484,484:storage_in,46.80199999999604,46.80199999999604,0.0,True,True,False,False
969,484,484:storage_out,218.90199999999822,218.90199999999822,0.0,True,True,False,False
970,485,485:storage_in,46.80199999999604,46.80199999999604,0.0,True,True,False,False
971,485,485:storage_out,219.90199999999822,219.90199999999822,0.0,True,True,False,False
972,486,486:storage_in,46.80199999999604,46.80199999999604,0.0,True,True,False,False
973,486,486:storage_out,220.90199999999822,220.90199999999822,0.0,True,True,False,False
974,487,487:storage_in,46.80199999999604,46.80199999999604,0.0,True,True,False,False
975,487,487:storage_out,273.9519999999975,273.9519999999975,0.0,True,True,False,False
976,488,488:storage_in,46.80199999999604,46.80199999999604,0.0,True,True,False,False
977,488,488:storage_out,221.90199999999822,221.90199999999822,0.0,True,True,False,False
978,489,489:storage_in,46.80199999999604,46.80199999999604,0.0,True,True,False,False
979,489,489:storage_out,208.65199999999822,208.65199999999822,0.0,True,True,False,False
980,490,490:storage_in,46.80199999999604,46.80199999999604,0.0,True,True,False,False
981,490,490:storage_out,231.65199999999822,231.65199999999822,0.0,True,True,False,False
982,491,491:storage_in,46.80199999999604,46.80199999999604,0.0,True,True,False,False
983,491,491:storage_out,221.2019999999975,221.2019999999975,0.0,True,True,False,False
984,492,492:storage_in,46.80199999999604,46.80199999999604,0.0,True,True,False,False
985,492,492:storage_out,250.15199999999822,250.15199999999822,0.0,True,True,False,False
986,493,493:storage_in,46.80199999999604,46.80199999999604,0.0,True,True,False,False
987,493,493:storage_out,209.65199999999822,209.65199999999822,0.0,True,True,False,False
988,494,494:storage_in,46.401999999998225,46.401999999998225,0.0,True,True,False,False
989,494,494:storage_out,222.90199999999822,222.90199999999822,0.0,True,True,False,False
990,495,495:storage_in,45.60199999999895,45.60199999999895,0.0,True,True,False,False
991,495,495:storage_out,223.90199999999822,223.90199999999822,0.0,True,True,False,False
992,496,496:storage_in,50.75199999999677,50.75199999999677,0.0,True,True,False,False
993,496,496:storage_out,186.90199999999822,186.90199999999822,0.0,True,True,False,False
994,497,497:storage_in,46.401999999998225,46.401999999998225,0.0,True,True,False,False
995,497,497:storage_out,276.9519999999975,276.9519999999975,0.0,True,True,False,False
996,498,498:storage_in,58.599459999994,58.599459999994,0.0,True,True,False,False
997,498,498:storage_out,226.90199999999822,226.90199999999822,0.0,True,True,False,False
998,499,499:storage_in,89.27495999999883,89.27495999999883,0.0,True,True,False,False
999,499,499:storage_out,188.90199999999822,188.90199999999822,0.0,True,True,False,False
1000,500,500:storage_in,45.60199999999895,45.60199999999895,0.0,True,True,False,False
1001,500,500:storage_out,223.7019999999975,223.7019999999975,0.0,True,True,False,False
1002,501,501:storage_in,46.80199999999604,46.80199999999604,0.0,True,True,False,False
1003,501,501:storage_out,222.2019999999975,222.2019999999975,0.0,True,True,False,False
1004,502,502:storage_in,114.97542999999132,114.97542999999132,0.0,True,True,False,False
1005,502,502:storage_out,151.40199999999822,151.40199999999822,0.0,True,True,False,False
1006,503,503:storage_in,49.00199999999677,49.00199999999677,0.0,True,True,False,False
1007,503,503:storage_out,206.7019999999975,206.7019999999975,0.0,True,True,False,False
1008,504,504:storage_in,49.88282999999501,49.88282999999501,0.0,True,True,False,False
1009,504,504:storage_out,224.90199999999822,224.90199999999822,0.0,True,True,False,False
1010,505,505:storage_in,45.60199999999895,45.60199999999895,0.0,True,True,False,False
1011,505,505:storage_out,203.4519999999975,203.4519999999975,0.0,True,True,False,False
1012,506,506:storage_in,50.47859999999855,50.47859999999855,0.0,True,True,False,False
1013,506,506:storage_out,153.40199999999822,153.40199999999822,0.0,True,True,False,False
1014,507,507:storage_in,46.901999999998225,46.901999999998225,0.0,True,True,False,False
1015,507,507:storage_out,204.4519999999975,204.4519999999975,0.0,True,True,False,False
1016,508,508:storage_in,45.60199999999895,45.60199999999895,0.0,True,True,False,False
1017,508,508:storage_out,151.40199999999822,151.40199999999822,0.0,True,True,False,False
1018,509,509:storage_in,80.02706999999646,80.02706999999646,0.0,True,True,False,False
1019,509,509:storage_out,228.90199999999822,228.90199999999822,0.0,True,True,False,False
1020,510,510:storage_in,136.438089999996,136.438089999996,0.0,True,True,False,False
1021,510,510:storage_out,145.40199999999822,145.40199999999822,0.0,True,True,False,False
1022,511,511:storage_in,52.178689999997005,52.178689999997005,0.0,True,True,False,False
1023,511,511:storage_out,205.4519999999975,205.4519999999975,0.0,True,True,False,False
1024,512,512:storage_in,53.101999999995314,53.101999999995314,0.0,True,True,False,False
1025,512,512:storage_out,154.40199999999822,154.40199999999822,0.0,True,True,False,False
1026,513,513:storage_in,90.63321999999243,90.63321999999243,0.0,True,True,False,False
1027,513,513:storage_out,150.40199999999822,150.40199999999822,0.0,True,True,False,False
1028,514,514:storage_in,53.68406999999206,53.68406999999206,0.0,True,True,False,False
1029,514,514:storage_out,204.4519999999975,204.4519999999975,0.0,True,True,False,False
1030,515,515:storage_in,45.60199999999895,45.60199999999895,0.0,True,True,False,False
1031,515,515:storage_out,161.40199999999822,161.40199999999822,0.0,True,True,False,False
1032,516,516:storage_in,49.401999999998225,49.401999999998225,0.0,True,True,False,False
1033,516,516:storage_out,212.15199999999822,212.15199999999822,0.0,True,True,False,False
1034,517,517:storage_in,45.60199999999895,45.60199999999895,0.0,True,True,False,False
1035,517,517:storage_out,245.7019999999975,245.7019999999975,0.0,True,True,False,False
1036,518,518:storage_in,49.00199999999677,49.00199999999677,0.0,True,True,False,False
1037,518,518:storage_out,169.40199999999822,169.40199999999822,0.0,True,True,False,False
1038,519,519:storage_in,63.41664999999921,63.41664999999921,0.0,True,True,False,False
1039,519,519:storage_out,210.65199999999822,210.65199999999822,0.0,True,True,False,False
1040,520,520:storage_in,52.15520000000106,52.15520000000106,0.0,True,True,False,False
1041,520,520:storage_out,222.4519999999975,222.4519999999975,0.0,True,True,False,False
1042,521,521:storage_in,81.36173999999664,81.36173999999664,0.0,True,True,False,False
1043,521,521:storage_out,188.40199999999822,188.40199999999822,0.0,True,True,False,False
1044,522,522:storage_in,65.06922999999733,65.06922999999733,0.0,True,True,False,False
1045,522,522:storage_out,224.7019999999975,224.7019999999975,0.0,True,True,False,False
1046,523,523:storage_in,51.45414999999775,51.45414999999775,0.0,True,True,False,False
1047,523,523:storage_out,207.7019999999975,207.7019999999975,0.0,True,True,False,False
1048,524,524:storage_in,49.401999999998225,49.401999999998225,0.0,True,True,False,False
1049,524,524:storage_out,151.40199999999822,151.40199999999822,0.0,True,True,False,False
1050,525,525:storage_in,45.60199999999895,45.60199999999895,0.0,True,True,False,False
1051,525,525:storage_out,170.40199999999822,170.40199999999822,0.0,True,True,False,False
1052,526,526:storage_in,65.16198999999324,65.16198999999324,0.0,True,True,False,False
1053,526,526:storage_out,212.90199999999822,212.90199999999822,0.0,True,True,False,False
1054,527,527:storage_in,67.93584999999803,67.93584999999803,0.0,True,True,False,False
1055,527,527:storage_out,265.2019999999975,265.2019999999975,0.0,True,True,False,False
1056,528,528:storage_in,45.60199999999895,45.60199999999895,0.0,True,True,False,False
1057,528,528:storage_out,277.9519999999975,277.9519999999975,0.0,True,True,False,False
1058,529,529:storage_in,49.00199999999677,49.00199999999677,0.0,True,True,False,False
1059,529,529:storage_out,145.40199999999822,145.40199999999822,0.0,True,True,False,False
1060,530,530:storage_in,61.433319999996456,61.433319999996456,0.0,True,True,False,False
1061,530,530:storage_out,213.90199999999822,213.90199999999822,0.0,True,True,False,False
1062,531,531:storage_in,53.00199999999677,53.00199999999677,0.0,True,True,False,False
1063,531,531:storage_out,278.9519999999975,278.9519999999975,0.0,True,True,False,False
1064,532,532:storage_in,49.46549999999843,49.46549999999843,0.0,True,True,False,False
1065,532,532:storage_out,279.9519999999975,279.9519999999975,0.0,True,True,False,False
1066,533,533:storage_in,45.60199999999895,45.60199999999895,0.0,True,True,False,False
1067,533,533:storage_out,227.40199999999822,227.40199999999822,0.0,True,True,False,False
1068,534,534:storage_in,91.32293999998728,91.32293999998728,0.0,True,True,False,False
1069,534,534:storage_out,191.40199999999822,191.40199999999822,0.0,True,True,False,False
1070,535,535:storage_in,45.60199999999895,45.60199999999895,0.0,True,True,False,False
1071,535,535:storage_out,280.9519999999975,280.9519999999975,0.0,True,True,False,False
1072,536,536:storage_in,49.00199999999677,49.00199999999677,0.0,True,True,False,False
1073,536,536:storage_out,228.40199999999822,228.40199999999822,0.0,True,True,False,False
1074,537,537:storage_in,71.5062699999944,71.5062699999944,0.0,True,True,False,False
1075,537,537:storage_out,194.15199999999822,194.15199999999822,0.0,True,True,False,False
1076,538,538:storage_in,49.00199999999677,49.00199999999677,0.0,True,True,False,False
1077,538,538:storage_out,281.9519999999975,281.9519999999975,0.0,True,True,False,False
1078,539,539:storage_in,56.478739999995014,56.478739999995014,0.0,True,True,False,False
1079,539,539:storage_out,252.15199999999822,252.15199999999822,0.0,True,True,False,False
1080,540,540:storage_in,76.20623999999225,76.20623999999225,0.0,True,True,False,False
1081,540,540:storage_out,195.15199999999822,195.15199999999822,0.0,True,True,False,False
1082,541,541:storage_in,47.401999999998225,47.401999999998225,0.0,True,True,False,False
1083,541,541:storage_out,246.7019999999975,246.7019999999975,0.0,True,True,False,False
1084,542,542:storage_in,82.21917999998914,82.21917999998914,0.0,True,True,False,False
1085,542,542:storage_out,191.40199999999822,191.40199999999822,0.0,True,True,False,False
1086,543,543:storage_in,53.49536999999327,53.49536999999327,0.0,True,True,False,False
1087,543,543:storage_out,253.15199999999822,253.15199999999822,0.0,True,True,False,False
1088,544,544:storage_in,51.50199999999677,51.50199999999677,0.0,True,True,False,False
1089,544,544:storage_out,233.15199999999822,233.15199999999822,0.0,True,True,False,False
1090,545,545:storage_in,50.50199999999677,50.50199999999677,0.0,True,True,False,False
1091,545,545:storage_out,214.90199999999822,214.90199999999822,0.0,True,True,False,False
1092,546,546:storage_in,53.351999999995314,53.351999999995314,0.0,True,True,False,False
1093,546,546:storage_out,215.90199999999822,215.90299999999843,0.0010000000002037268,True,True,False,False
1094,547,547:storage_in,46.401999999998225,46.401999999998225,0.0,True,True,False,False
1095,547,547:storage_out,154.40199999999822,154.40199999999822,0.0,True,True,False,False
1096,548,548:storage_in,64.42319999999017,64.42319999999017,0.0,True,True,False,False
1097,548,548:storage_out,196.15199999999822,196.15199999999822,0.0,True,True,False,False
1098,549,549:storage_in,45.60199999999895,45.60199999999895,0.0,True,True,False,False
1099,549,549:storage_out,229.40199999999822,229.40199999999822,0.0,True,True,False,False
1100,550,550:storage_in,56.87825999999404,56.87825999999404,0.0,True,True,False,False
1101,550,550:storage_out,210.40199999999822,210.40199999999822,0.0,True,True,False,False
1102,551,551:storage_in,49.00199999999677,49.00199999999677,0.0,True,True,False,False
1103,551,551:storage_out,172.40199999999822,172.40199999999822,0.0,True,True,False,False
1104,552,552:storage_in,50.93541999999434,50.93541999999434,0.0,True,True,False,False
1105,552,552:storage_out,190.90199999999822,190.90199999999822,0.0,True,True,False,False
1106,553,553:storage_in,45.60199999999895,45.60199999999895,0.0,True,True,False,False
1107,553,553:storage_out,155.40199999999822,155.40199999999822,0.0,True,True,False,False
1108,554,554:storage_in,45.60199999999895,45.60199999999895,0.0,True,True,False,False
1109,554,554:storage_out,267.2019999999975,267.2019999999975,0.0,True,True,False,False
1110,555,555:storage_in,49.00199999999677,49.00199999999677,0.0,True,True,False,False
1111,555,555:storage_out,191.90199999999822,191.90199999999822,0.0,True,True,False,False
1112,556,556:storage_in,47.401999999998225,47.401999999998225,0.0,True,True,False,False
1113,556,556:storage_out,230.40199999999822,230.40199999999822,0.0,True,True,False,False
1114,557,557:storage_in,45.60199999999895,45.60199999999895,0.0,True,True,False,False
1115,557,557:storage_out,231.40199999999822,231.40199999999822,0.0,True,True,False,False
1116,558,558:storage_in,46.34958999999071,46.34958999999071,0.0,True,True,False,False
1117,558,558:storage_out,208.65199999999822,208.65199999999822,0.0,True,True,False,False
1118,559,559:storage_in,52.93101999999635,52.93101999999635,0.0,True,True,False,False
1119,559,559:storage_out,223.2019999999975,223.2019999999975,0.0,True,True,False,False
1120,560,560:storage_in,50.75199999999677,50.75199999999677,0.0,True,True,False,False
1121,560,560:storage_out,215.15199999999822,215.15199999999822,0.0,True,True,False,False
1122,561,561:storage_in,52.75199999999677,52.75199999999677,0.0,True,True,False,False
1123,561,561:storage_out,194.40199999999822,194.40199999999822,0.0,True,True,False,False
1124,562,562:storage_in,46.401999999998225,46.401999999998225,0.0,True,True,False,False
1125,562,562:storage_out,268.2019999999975,268.2019999999975,0.0,True,True,False,False
1126,563,563:storage_in,56.351999999995314,56.351999999995314,0.0,True,True,False,False
1127,563,563:storage_out,231.90199999999822,231.90199999999822,0.0,True,True,False,False
1128,564,564:storage_in,45.60199999999895,45.60199999999895,0.0,True,True,False,False
1129,564,564:storage_out,269.2019999999975,269.2019999999975,0.0,True,True,False,False
1130,565,565:storage_in,49.00199999999677,49.00199999999677,0.0,True,True,False,False
1131,565,565:storage_out,224.2019999999975,224.2019999999975,0.0,True,True,False,False
1132,566,566:storage_in,46.401999999998225,46.401999999998225,0.0,True,True,False,False
1133,566,566:storage_out,146.40199999999822,146.40199999999822,0.0,True,True,False,False
1134,567,567:storage_in,54.11399999999776,54.11399999999776,0.0,True,True,False,False
1135,567,567:storage_out,191.90199999999822,191.90199999999822,0.0,True,True,False,False
1136,568,568:storage_in,49.33307999999306,49.33307999999306,0.0,True,True,False,False
1137,568,568:storage_out,229.9519999999975,229.9519999999975,0.0,True,True,False,False
1138,569,569:storage_in,50.25199999999677,50.25199999999677,0.0,True,True,False,False
1139,569,569:storage_out,216.90199999999822,217.15199999999822,0.25,True,True,False,False
1140,570,570:storage_in,45.60199999999895,45.60199999999895,0.0,True,True,False,False
1141,570,570:storage_out,230.9519999999975,231.2019999999975,0.25,True,True,False,False
1142,571,571:storage_in,56.45199999999386,56.45199999999386,0.0,True,True,False,False
1143,571,571:storage_out,192.40199999999822,192.40199999999822,0.0,True,True,False,False
1144,572,572:storage_in,49.00199999999677,49.00199999999677,0.0,True,True,False,False
1145,572,572:storage_out,231.9519999999975,232.2019999999975,0.25,True,True,False,False
1146,573,573:storage_in,51.685319999996864,51.685319999996864,0.0,True,True,False,False
1147,573,573:storage_out,191.40199999999822,191.40199999999822,0.0,True,True,False,False
1148,574,574:storage_in,49.189629999993485,49.189629999993485,0.0,True,True,False,False
1149,574,574:storage_out,225.2019999999975,225.2019999999975,0.0,True,True,False,False
1150,575,575:storage_in,50.25199999999677,50.25199999999677,0.0,True,True,False,False
1151,575,575:storage_out,197.40199999999822,197.40199999999822,0.0,True,True,False,False
1152,576,576:storage_in,45.60199999999895,45.60199999999895,0.0,True,True,False,False
1153,576,576:storage_out,208.4519999999975,208.4519999999975,0.0,True,True,False,False
1154,577,577:storage_in,52.601999999995314,52.601999999995314,0.0,True,True,False,False
1155,577,577:storage_out,218.40199999999822,218.65199999999822,0.25,True,True,False,False
1156,578,578:storage_in,45.401999999998225,45.401999999998225,0.0,True,True,False,False
1157,578,578:storage_out,193.40199999999822,193.40199999999822,0.0,True,True,False,False
1158,579,579:storage_in,45.60199999999895,45.60199999999895,0.0,True,True,False,False
1159,579,579:storage_out,162.40199999999822,162.40199999999822,0.0,True,True,False,False
1160,580,580:storage_in,49.00199999999677,49.00199999999677,0.0,True,True,False,False
1161,580,580:storage_out,173.40199999999822,173.40199999999822,0.0,True,True,False,False
1162,581,581:storage_in,47.401999999998225,47.401999999998225,0.0,True,True,False,False
1163,581,581:storage_out,146.40199999999822,146.40199999999822,0.0,True,True,False,False
1164,582,582:storage_in,45.60199999999895,45.60199999999895,0.0,True,True,False,False
1165,582,582:storage_out,232.40199999999822,232.40199999999822,0.0,True,True,False,False
1166,583,583:storage_in,49.00199999999677,49.00199999999677,0.0,True,True,False,False
1167,583,583:storage_out,233.40199999999822,233.40199999999822,0.0,True,True,False,False
1168,584,584:storage_in,46.401999999998225,46.401999999998225,0.0,True,True,False,False
1169,584,584:storage_out,234.40199999999822,234.40199999999822,0.0,True,True,False,False
1170,585,585:storage_in,50.00199999999677,50.00199999999677,0.0,True,True,False,False
1171,585,585:storage_out,189.40199999999822,189.40199999999822,0.0,True,True,False,False
1172,586,586:storage_in,45.60199999999895,45.60199999999895,0.0,True,True,False,False
1173,586,586:storage_out,235.40199999999822,235.40199999999822,0.0,True,True,False,False
1174,587,587:storage_in,49.00199999999677,49.00199999999677,0.0,True,True,False,False
1175,587,587:storage_out,236.40199999999822,236.40199999999822,0.0,True,True,False,False
1176,588,588:storage_in,52.601999999995314,52.601999999995314,0.0,True,True,False,False
1177,588,588:storage_out,213.40199999999822,213.40199999999822,0.0,True,True,False,False
1178,589,589:storage_in,45.401999999998225,45.401999999998225,0.0,True,True,False,False
1179,589,589:storage_out,211.65199999999822,211.65199999999822,0.0,True,True,False,False
1180,590,590:storage_in,50.00199999999677,50.00199999999677,0.0,True,True,False,False
1181,590,590:storage_out,192.40199999999822,192.40199999999822,0.0,True,True,False,False
1182,591,591:storage_in,46.401999999998225,46.401999999998225,0.0,True,True,False,False
1183,591,591:storage_out,237.40199999999822,237.40199999999822,0.0,True,True,False,False
1184,592,592:storage_in,52.601999999995314,52.601999999995314,0.0,True,True,False,False
1185,592,592:storage_out,214.40199999999822,214.40199999999822,0.0,True,True,False,False
1186,593,593:storage_in,45.401999999998225,45.401999999998225,0.0,True,True,False,False
1187,593,593:storage_out,234.15199999999822,234.15199999999822,0.0,True,True,False,False
1188,594,594:storage_in,51.25199999999677,51.25199999999677,0.0,True,True,False,False
1189,594,594:storage_out,235.15199999999822,235.15199999999822,0.0,True,True,False,False
1190,595,595:storage_in,52.601999999995314,52.601999999995314,0.0,True,True,False,False
1191,595,595:storage_out,255.65199999999822,255.65199999999822,0.0,True,True,False,False
1192,596,596:storage_in,45.60199999999895,45.60199999999895,0.0,True,True,False,False
1193,596,596:storage_out,238.40199999999822,238.40199999999822,0.0,True,True,False,False
1194,597,597:storage_in,45.401999999998225,45.401999999998225,0.0,True,True,False,False
1195,597,597:storage_out,192.90199999999822,192.90199999999822,0.0,True,True,False,False
1196,598,598:storage_in,50.00199999999677,50.00199999999677,0.0,True,True,False,False
1197,598,598:storage_out,236.15199999999822,236.15199999999822,0.0,True,True,False,False
1198,599,599:storage_in,49.00199999999677,49.00199999999677,0.0,True,True,False,False
1199,599,599:storage_out,198.15199999999822,198.15199999999822,0.0,True,True,False,False
1200,600,600:storage_in,52.601999999995314,52.601999999995314,0.0,True,True,False,False
1201,600,600:storage_out,197.15199999999822,197.15199999999822,0.0,True,True,False,False
1202,601,601:storage_in,46.401999999998225,46.401999999998225,0.0,True,True,False,False
1203,601,601:storage_out,154.40199999999822,154.40199999999822,0.0,True,True,False,False
1204,602,602:storage_in,45.60199999999895,45.60199999999895,0.0,True,True,False,False
1205,602,602:storage_out,163.40199999999822,163.40199999999822,0.0,True,True,False,False
1206,603,603:storage_in,49.00199999999677,49.00199999999677,0.0,True,True,False,False
1207,603,603:storage_out,155.40199999999822,155.40199999999822,0.0,True,True,False,False
1208,604,604:storage_in,46.901999999998225,46.901999999998225,0.0,True,True,False,False
1209,604,604:storage_out,238.15199999999822,238.15199999999822,0.0,True,True,False,False
1210,605,605:storage_in,46.401999999998225,46.401999999998225,0.0,True,True,False,False
1211,605,605:storage_out,228.4519999999975,228.4519999999975,0.0,True,True,False,False
1212,606,606:storage_in,46.401999999998225,46.401999999998225,0.0,True,True,False,False
1213,606,606:storage_out,164.40199999999822,164.40199999999822,0.0,True,True,False,False
1214,607,607:storage_in,50.00199999999677,50.00199999999677,0.0,True,True,False,False
1215,607,607:storage_out,232.90199999999822,232.90199999999822,0.0,True,True,False,False
1216,608,608:storage_in,52.601999999995314,52.601999999995314,0.0,True,True,False,False
1217,608,608:storage_out,195.40199999999822,195.40199999999822,0.0,True,True,False,False
1218,609,609:storage_in,45.401999999998225,45.401999999998225,0.0,True,True,False,False
1219,609,609:storage_out,215.40199999999822,215.40199999999822,0.0,True,True,False,False
1220,610,610:storage_in,50.00199999999677,50.00199999999677,0.0,True,True,False,False
1221,610,610:storage_out,186.40199999999822,186.40199999999822,0.0,True,True,False,False
1222,611,611:storage_in,52.601999999995314,52.601999999995314,0.0,True,True,False,False
1223,611,611:storage_out,193.90199999999822,193.90199999999822,0.0,True,True,False,False
1224,612,612:storage_in,52.601999999995314,52.601999999995314,0.0,True,True,False,False
1225,612,612:storage_out,219.40199999999822,219.65199999999822,0.25,True,True,False,False
1226,613,613:storage_in,45.60199999999895,45.60199999999895,0.0,True,True,False,False
1227,613,613:storage_out,239.40199999999822,239.40199999999822,0.0,True,True,False,False
1228,614,614:storage_in,45.60199999999895,45.60199999999895,0.0,True,True,False,False
1229,614,614:storage_out,240.40199999999822,240.40199999999822,0.0,True,True,False,False
1230,615,615:storage_in,45.401999999998225,45.401999999998225,0.0,True,True,False,False
1231,615,615:storage_out,256.6519999999982,256.6519999999982,0.0,True,True,False,False
1232,616,616:storage_in,49.00199999999677,49.00199999999677,0.0,True,True,False,False
1233,616,616:storage_out,156.40199999999822,156.40199999999822,0.0,True,True,False,False
1234,617,617:storage_in,46.80199999999604,46.80199999999604,0.0,True,True,False,False
1235,617,617:storage_out,206.2019999999975,206.2019999999975,0.0,True,True,False,False
1236,618,618:storage_in,46.80199999999604,46.80199999999604,0.0,True,True,False,False
1237,618,618:storage_out,207.2019999999975,207.2019999999975,0.0,True,True,False,False
1238,619,619:storage_in,46.80199999999604,46.80199999999604,0.0,True,True,False,False
1239,619,619:storage_out,208.2019999999975,208.2019999999975,0.0,True,True,False,False
1240,620,620:storage_in,46.80199999999604,46.80199999999604,0.0,True,True,False,False
1241,620,620:storage_out,209.2019999999975,209.2019999999975,0.0,True,True,False,False
1242,621,621:storage_in,46.401999999998225,46.401999999998225,0.0,True,True,False,False
1243,621,621:storage_out,165.40199999999822,165.40199999999822,0.0,True,True,False,False
1244,622,622:storage_in,46.80199999999604,46.80199999999604,0.0,True,True,False,False
1245,622,622:storage_out,166.40199999999822,166.40199999999822,0.0,True,True,False,False
1246,623,623:storage_in,46.80199999999604,46.80199999999604,0.0,True,True,False,False
1247,623,623:storage_out,167.40199999999822,167.40199999999822,0.0,True,True,False,False
1248,624,624:storage_in,46.80199999999604,46.80199999999604,0.0,True,True,False,False
1249,624,624:storage_out,168.40199999999822,168.40199999999822,0.0,True,True,False,False
1250,625,625:storage_in,46.80199999999604,46.80199999999604,0.0,True,True,False,False
1251,625,625:storage_out,169.40199999999822,169.40199999999822,0.0,True,True,False,False
1252,626,626:storage_in,46.80199999999604,46.80199999999604,0.0,True,True,False,False
1253,626,626:storage_out,210.2019999999975,210.2019999999975,0.0,True,True,False,False
1254,627,627:storage_in,46.80199999999604,46.80199999999604,0.0,True,True,False,False
1255,627,627:storage_out,211.2019999999975,211.2019999999975,0.0,True,True,False,False
1256,628,628:storage_in,46.80199999999604,46.80199999999604,0.0,True,True,False,False
1257,628,628:storage_out,194.90199999999822,194.90199999999822,0.0,True,True,False,False
1258,629,629:storage_in,46.80199999999604,46.80199999999604,0.0,True,True,False,False
1259,629,629:storage_out,241.40199999999822,241.40199999999822,0.0,True,True,False,False
1260,630,630:storage_in,46.80199999999604,46.80199999999604,0.0,True,True,False,False
1261,630,630:storage_out,242.40199999999822,242.40199999999822,0.0,True,True,False,False
1262,631,631:storage_in,46.80199999999604,46.80199999999604,0.0,True,True,False,False
1263,631,631:storage_out,156.40199999999822,156.40199999999822,0.0,True,True,False,False
1264,632,632:storage_in,46.80199999999604,46.80199999999604,0.0,True,True,False,False
1265,632,632:storage_out,234.90199999999822,234.90199999999822,0.0,True,True,False,False
1266,633,633:storage_in,46.80199999999604,46.80199999999604,0.0,True,True,False,False
1267,633,633:storage_out,239.15199999999822,239.15199999999822,0.0,True,True,False,False
1268,634,634:storage_in,46.80199999999604,46.80199999999604,0.0,True,True,False,False
1269,634,634:storage_out,235.90199999999822,235.90199999999822,0.0,True,True,False,False
1270,635,635:storage_in,46.80199999999604,46.80199999999604,0.0,True,True,False,False
1271,635,635:storage_out,257.6519999999982,257.6519999999982,0.0,True,True,False,False
1272,636,636:storage_in,45.60199999999895,45.60199999999895,0.0,True,True,False,False
1273,636,636:storage_out,170.40199999999822,170.40199999999822,0.0,True,True,False,False
1274,637,637:storage_in,45.401999999998225,45.401999999998225,0.0,True,True,False,False
1275,637,637:storage_out,155.40199999999822,155.40199999999822,0.0,True,True,False,False
1276,638,638:storage_in,49.00199999999677,49.00199999999677,0.0,True,True,False,False
1277,638,638:storage_out,211.4519999999975,211.4519999999975,0.0,True,True,False,False
1278,639,639:storage_in,156.00362999998833,156.00362999998833,0.0,True,True,False,False
1279,639,639:storage_out,152.40199999999822,152.40199999999822,0.0,True,True,False,False
1280,640,640:storage_in,87.9778899999983,88.22365999999602,0.24576999999771942,True,True,False,False
1281,640,640:storage_out,197.90199999999822,197.90199999999822,0.0,True,True,False,False
1282,641,641:storage_in,54.25068999999712,54.25068999999712,0.0,True,True,False,False
1283,641,641:storage_out,271.7019999999975,271.7019999999975,0.0,True,True,False,False
1284,642,642:storage_in,46.401999999998225,46.401999999998225,0.0,True,True,False,False
1285,642,642:storage_out,272.7019999999975,272.7019999999975,0.0,True,True,False,False
1286,643,643:storage_in,49.25199999999677,49.25199999999677,0.0,True,True,False,False
1287,643,643:storage_out,157.40199999999822,157.40199999999822,0.0,True,True,False,False
1288,644,644:storage_in,83.37982999999804,83.62559999999576,0.24576999999771942,True,True,False,False
1289,644,644:storage_out,198.90199999999822,198.90199999999822,0.0,True,True,False,False
1290,645,645:storage_in,45.60199999999895,45.60199999999895,0.0,True,True,False,False
1291,645,645:storage_out,295.4519999999975,295.4519999999975,0.0,True,True,False,False
1292,646,646:storage_in,49.30273999999554,49.30273999999554,0.0,True,True,False,False
1293,646,646:storage_out,173.15199999999822,173.15199999999822,0.0,True,True,False,False
1294,647,647:storage_in,82.0046699999948,82.20887999999468,0.20420999999987544,True,True,False,False
1295,647,647:storage_out,199.90199999999822,199.90199999999822,0.0,True,True,False,False
1296,648,648:storage_in,49.00199999999677,49.00199999999677,0.0,True,True,False,False
1297,648,648:storage_out,156.40199999999822,156.40199999999822,0.0,True,True,False,False
1298,649,649:storage_in,45.60199999999895,45.60199999999895,0.0,True,True,False,False
1299,649,649:storage_out,158.40199999999822,158.40199999999822,0.0,True,True,False,False
1300,650,650:storage_in,100.0991599999943,100.0991599999943,0.0,True,True,False,False
1301,650,650:storage_out,216.40199999999822,216.40199999999822,0.0,True,True,False,False
1302,651,651:storage_in,49.46215999999913,49.46215999999913,0.0,True,True,False,False
1303,651,651:storage_out,233.4519999999975,233.7019999999975,0.25,True,True,False,False
1304,652,652:storage_in,56.65347999999722,56.65347999999722,0.0,True,True,False,False
1305,652,652:storage_out,159.40199999999822,159.40199999999822,0.0,True,True,False,False
1306,653,653:storage_in,45.60199999999895,45.60199999999895,0.0,True,True,False,False
1307,653,653:storage_out,243.40199999999822,243.40199999999822,0.0,True,True,False,False
1308,654,654:storage_in,50.941839999995864,50.941839999995864,0.0,True,True,False,False
1309,654,654:storage_out,200.90199999999822,200.90199999999822,0.0,True,True,False,False
1310,655,655:storage_in,145.60074999998687,145.60074999998687,0.0,True,True,False,False
1311,655,655:storage_out,184.40199999999822,184.40199999999822,0.0,True,True,False,False
1312,656,656:storage_in,67.89447999999902,67.89447999999902,0.0,True,True,False,False
1313,656,656:storage_out,220.40199999999822,220.65199999999822,0.25,True,True,False,False
1314,657,657:storage_in,54.70750999999291,54.70750999999291,0.0,True,True,False,False
1315,657,657:storage_out,273.7019999999975,273.7019999999975,0.0,True,True,False,False
1316,658,658:storage_in,49.50199999999677,49.50199999999677,0.0,True,True,False,False
1317,658,658:storage_out,244.40199999999822,244.40199999999822,0.0,True,True,False,False
1318,659,659:storage_in,45.60199999999895,45.60199999999895,0.0,True,True,False,False
1319,659,659:storage_out,201.90199999999822,201.90199999999822,0.0,True,True,False,False
1320,660,660:storage_in,45.60199999999895,45.60199999999895,0.0,True,True,False,False
1321,660,660:storage_out,274.7019999999975,274.7019999999975,0.0,True,True,False,False
1322,661,661:storage_in,47.851849999995466,47.851849999995466,0.0,True,True,False,False
1323,661,661:storage_out,202.90199999999822,202.90199999999822,0.0,True,True,False,False
1324,662,662:storage_in,49.80855999999403,49.80855999999403,0.0,True,True,False,False
1325,662,662:storage_out,203.90199999999822,203.90199999999822,0.0,True,True,False,False
1326,663,663:storage_in,64.47161999999662,64.47161999999662,0.0,True,True,False,False
1327,663,663:storage_out,221.40199999999822,221.65199999999822,0.25,True,True,False,False
1328,664,664:storage_in,70.48320999999487,70.57319999999527,0.08999000000039814,True,True,False,False
1329,664,664:storage_out,204.90199999999822,204.90199999999822,0.0,True,True,False,False
1330,665,665:storage_in,56.602149999991525,56.602149999991525,0.0,True,True,False,False
1331,665,665:storage_out,201.4519999999975,201.4519999999975,0.0,True,True,False,False
1332,666,666:storage_in,54.29278999999224,54.29278999999224,0.0,True,True,False,False
1333,666,666:storage_out,153.40199999999822,153.40199999999822,0.0,True,True,False,False
1334,667,667:storage_in,50.45091999999204,50.45091999999204,0.0,True,True,False,False
1335,667,667:storage_out,275.7019999999975,275.7019999999975,0.0,True,True,False,False
1336,668,668:storage_in,62.10443999999552,62.308649999995396,0.20420999999987544,True,True,False,False
1337,668,668:storage_out,222.40199999999822,222.65199999999822,0.25,True,True,False,False
1338,669,669:storage_in,45.60199999999895,45.60199999999895,0.0,True,True,False,False
1339,669,669:storage_out,276.7019999999975,276.7019999999975,0.0,True,True,False,False
1340,670,670:storage_in,45.60199999999895,45.60199999999895,0.0,True,True,False,False
1341,670,670:storage_out,145.40199999999822,145.40199999999822,0.0,True,True,False,False
1342,671,671:storage_in,69.72110999999495,69.72110999999495,0.0,True,True,False,False
1343,671,671:storage_out,263.1519999999982,263.1519999999982,0.0,True,True,False,False
1344,672,672:storage_in,66.53202999999485,66.53202999999485,0.0,True,True,False,False
1345,672,672:storage_out,264.1519999999982,264.1519999999982,0.0,True,True,False,False
1346,673,673:storage_in,49.67419999999038,49.67419999999038,0.0,True,True,False,False
1347,673,673:storage_out,226.2019999999975,226.2019999999975,0.0,True,True,False,False
1348,674,674:storage_in,45.60199999999895,45.60199999999895,0.0,True,True,False,False
1349,674,674:storage_out,178.40199999999822,178.40199999999822,0.0,True,True,False,False
1350,675,675:storage_in,71.58582999999271,71.58582999999271,0.0,True,True,False,False
1351,675,675:storage_out,212.65199999999822,212.65199999999822,0.0,True,True,False,False
1352,676,676:storage_in,65.0882999999958,65.0882999999958,0.0,True,True,False,False
1353,676,676:storage_out,278.2019999999975,278.2019999999975,0.0,True,True,False,False
1354,677,677:storage_in,49.500949999986915,49.500949999986915,0.0,True,True,False,False
1355,677,677:storage_out,253.2019999999975,253.2019999999975,0.0,True,True,False,False
1356,678,678:storage_in,49.50199999999677,49.50199999999677,0.0,True,True,False,False
1357,678,678:storage_out,245.40199999999822,245.40199999999822,0.0,True,True,False,False
1358,679,679:storage_in,70.98112999998921,70.98112999998921,0.0,True,True,False,False
1359,679,679:storage_out,213.65199999999822,213.65199999999822,0.0,True,True,False,False
1360,680,680:storage_in,45.60199999999895,45.60199999999895,0.0,True,True,False,False
1361,680,680:storage_out,202.4519999999975,202.4519999999975,0.0,True,True,False,False
1362,681,681:storage_in,116.9033099999906,116.9033099999906,0.0,True,True,False,False
1363,681,681:storage_out,194.90199999999822,194.90199999999822,0.0,True,True,False,False
1364,682,682:storage_in,49.00199999999677,49.00199999999677,0.0,True,True,False,False
1365,682,682:storage_out,227.7019999999975,227.7019999999975,0.0,True,True,False,False
1366,683,683:storage_in,61.421119999995426,61.421119999995426,0.0,True,True,False,False
1367,683,683:storage_out,265.1519999999982,265.1519999999982,0.0,True,True,False,False
1368,684,684:storage_in,57.40910999999687,57.40910999999687,0.0,True,True,False,False
1369,684,684:storage_out,266.1519999999982,266.1519999999982,0.0,True,True,False,False
1370,685,685:storage_in,112.56996999998955,112.56996999998955,0.0,True,True,False,False
1371,685,685:storage_out,198.40199999999822,198.40199999999822,0.0,True,True,False,False
1372,686,686:storage_in,47.73011000000042,47.67587999999523,-0.05423000000519096,True,True,False,False
1373,686,686:storage_out,244.90199999999822,244.90199999999822,0.0,True,True,False,False
1374,687,687:storage_in,46.401999999998225,46.401999999998225,0.0,True,True,False,False
1375,687,687:storage_out,254.2019999999975,254.2019999999975,0.0,True,True,False,False
1376,688,688:storage_in,52.601999999995314,52.601999999995314,0.0,True,True,False,False
1377,688,688:storage_out,240.65199999999822,240.65199999999822,0.0,True,True,False,False
1378,689,689:storage_in,98.1752999999917,98.1752999999917,0.0,True,True,False,False
1379,689,689:storage_out,218.40199999999822,218.40199999999822,0.0,True,True,False,False
1380,690,690:storage_in,49.00199999999677,49.00199999999677,0.0,True,True,False,False
1381,690,690:storage_out,246.40199999999822,246.40199999999822,0.0,True,True,False,False
1382,691,691:storage_in,45.901999999998225,45.901999999998225,0.0,True,True,False,False
1383,691,691:storage_out,223.40199999999822,223.65199999999822,0.25,True,True,False,False
1384,692,692:storage_in,49.18533999999636,49.18533999999636,0.0,True,True,False,False
1385,692,692:storage_out,247.40199999999822,247.40199999999822,0.0,True,True,False,False
1386,693,693:storage_in,54.840849999993225,54.840849999993225,0.0,True,True,False,False
1387,693,693:storage_out,224.40199999999822,224.65199999999822,0.25,True,True,False,False
1388,694,694:storage_in,45.60199999999895,45.60199999999895,0.0,True,True,False,False
1389,694,694:storage_out,248.40199999999822,248.40199999999822,0.0,True,True,False,False
1390,695,695:storage_in,48.151999999998225,48.151999999998225,0.0,True,True,False,False
1391,695,695:storage_out,174.15199999999822,174.15199999999822,0.0,True,True,False,False
1392,696,696:storage_in,49.25199999999677,49.25199999999677,0.0,True,True,False,False
1393,696,696:storage_out,249.40199999999822,249.40199999999822,0.0,True,True,False,False
1394,697,697:storage_in,76.14856999999756,76.14856999999756,0.0,True,True,False,False
1395,697,697:storage_out,245.90199999999822,245.90199999999822,0.0,True,True,False,False
1396,698,698:storage_in,66.71704999999565,66.71704999999565,0.0,True,True,False,False
1397,698,698:storage_out,225.40199999999822,225.65199999999822,0.25,True,True,False,False
1398,699,699:storage_in,45.60199999999895,45.60199999999895,0.0,True,True,False,False
1399,699,699:storage_out,239.4519999999975,239.7019999999975,0.25,True,True,False,False
1400,700,700:storage_in,82.75574999999299,82.75574999999299,0.0,True,True,False,False
1401,700,700:storage_out,241.65199999999822,241.65199999999822,0.0,True,True,False,False
1402,701,701:storage_in,49.82315999999628,49.82315999999628,0.0,True,True,False,False
1403,701,701:storage_out,302.4519999999975,302.4519999999975,0.0,True,True,False,False
1404,702,702:storage_in,46.401999999998225,46.401999999998225,0.0,True,True,False,False
1405,702,702:storage_out,250.40199999999822,250.40199999999822,0.0,True,True,False,False
1406,703,703:storage_in,52.17540000000008,52.17540000000008,0.0,True,True,False,False
1407,703,703:storage_out,240.4519999999975,240.7019999999975,0.25,True,True,False,False
1408,704,704:storage_in,45.60199999999895,45.60199999999895,0.0,True,True,False,False
1409,704,704:storage_out,175.15199999999822,175.15199999999822,0.0,True,True,False,False
1410,705,705:storage_in,74.78690999999526,74.78690999999526,0.0,True,True,False,False
1411,705,705:storage_out,242.65199999999822,242.65199999999822,0.0,True,True,False,False
1412,706,706:storage_in,51.50199999999677,51.50199999999677,0.0,True,True,False,False
1413,706,706:storage_out,241.4519999999975,241.7019999999975,0.25,True,True,False,False
1414,707,707:storage_in,45.60199999999895,45.60199999999895,0.0,True,True,False,False
1415,707,707:storage_out,207.90199999999822,207.90199999999822,0.0,True,True,False,False
1416,708,708:storage_in,49.25199999999677,49.25199999999677,0.0,True,True,False,False
1417,708,708:storage_out,251.40199999999822,251.40199999999822,0.0,True,True,False,False
1418,709,709:storage_in,45.60199999999895,45.60199999999895,0.0,True,True,False,False
1419,709,709:storage_out,304.4519999999975,304.4519999999975,0.0,True,True,False,False
1420,710,710:storage_in,79.20374999998967,79.20374999998967,0.0,True,True,False,False
1421,710,710:storage_out,188.90199999999822,188.90199999999822,0.0,True,True,False,False
1422,711,711:storage_in,51.816259999995964,51.816259999995964,0.0,True,True,False,False
1423,711,711:storage_out,305.4519999999975,305.4519999999975,0.0,True,True,False,False
1424,712,712:storage_in,65.72214999999414,65.72214999999414,0.0,True,True,False,False
1425,712,712:storage_out,267.1519999999982,267.1519999999982,0.0,True,True,False,False
1426,713,713:storage_in,46.401999999998225,46.401999999998225,0.0,True,True,False,False
1427,713,713:storage_out,176.15199999999822,176.15199999999822,0.0,True,True,False,False
1428,714,714:storage_in,46.401999999998225,46.401999999998225,0.0,True,True,False,False
1429,714,714:storage_out,306.4519999999975,306.4519999999975,0.0,True,True,False,False
1430,715,715:storage_in,59.262039999997796,59.262039999997796,0.0,True,True,False,False
1431,715,715:storage_out,247.90199999999822,247.90199999999822,0.0,True,True,False,False
1432,716,716:storage_in,45.60199999999895,45.60199999999895,0.0,True,True,False,False
1433,716,716:storage_out,307.4519999999975,307.4519999999975,0.0,True,True,False,False
1434,717,717:storage_in,49.50199999999677,49.50199999999677,0.0,True,True,False,False
1435,717,717:storage_out,151.40199999999822,151.40199999999822,0.0,True,True,False,False
1436,718,718:storage_in,72.1657499999892,72.1657499999892,0.0,True,True,False,False
1437,718,718:storage_out,184.40199999999822,184.40199999999822,0.0,True,True,False,False
1438,719,719:storage_in,49.00199999999677,49.00199999999677,0.0,True,True,False,False
1439,719,719:storage_out,308.4519999999975,308.4519999999975,0.0,True,True,False,False
1440,720,720:storage_in,45.60199999999895,45.60199999999895,0.0,True,True,False,False
1441,720,720:storage_out,177.15199999999822,177.15199999999822,0.0,True,True,False,False
1442,721,721:storage_in,58.83156999999483,58.83156999999483,0.0,True,True,False,False
1443,721,721:storage_out,268.1519999999982,268.1519999999982,0.0,True,True,False,False
1444,722,722:storage_in,49.574799999998504,49.574799999998504,0.0,True,True,False,False
1445,722,722:storage_out,309.4519999999975,309.4519999999975,0.0,True,True,False,False
1446,723,723:storage_in,49.651999999998225,49.651999999998225,0.0,True,True,False,False
1447,723,723:storage_out,160.40199999999822,160.40199999999822,0.0,True,True,False,False
1448,724,724:storage_in,53.64997999999832,53.64997999999832,0.0,True,True,False,False
1449,724,724:storage_out,227.90199999999822,228.15199999999822,0.25,True,True,False,False
1450,725,725:storage_in,45.60199999999895,45.60199999999895,0.0,True,True,False,False
1451,725,725:storage_out,242.4519999999975,242.7019999999975,0.25,True,True,False,False
1452,726,726:storage_in,47.3724299999958,47.3724299999958,0.0,True,True,False,False
1453,726,726:storage_out,248.90199999999822,248.90199999999822,0.0,True,True,False,False
1454,727,727:storage_in,59.970419999986916,59.970419999986916,0.0,True,True,False,False
1455,727,727:storage_out,185.40199999999822,185.40199999999822,0.0,True,True,False,False
1456,728,728:storage_in,49.00199999999677,49.00199999999677,0.0,True,True,False,False
1457,728,728:storage_out,212.4519999999975,212.4519999999975,0.0,True,True,False,False
1458,729,729:storage_in,49.00199999999677,49.00199999999677,0.0,True,True,False,False
1459,729,729:storage_out,154.40199999999822,154.40199999999822,0.0,True,True,False,False
1460,730,730:storage_in,54.601999999995314,54.601999999995314,0.0,True,True,False,False
1461,730,730:storage_out,194.40199999999822,194.40199999999822,0.0,True,True,False,False
1462,731,731:storage_in,45.401999999998225,45.401999999998225,0.0,True,True,False,False
1463,731,731:storage_out,245.15199999999822,245.15199999999822,0.0,True,True,False,False
1464,732,732:storage_in,46.401999999998225,46.401999999998225,0.0,True,True,False,False
1465,732,732:storage_out,207.15199999999822,207.15199999999822,0.0,True,True,False,False
1466,733,733:storage_in,52.00199999999677,52.00199999999677,0.0,True,True,False,False
1467,733,733:storage_out,198.15199999999822,198.15199999999822,0.0,True,True,False,False
1468,734,734:storage_in,45.60199999999895,45.60199999999895,0.0,True,True,False,False
1469,734,734:storage_out,160.40199999999822,160.40199999999822,0.0,True,True,False,False
1470,735,735:storage_in,46.5118799999982,46.5118799999982,0.0,True,True,False,False
1471,735,735:storage_out,256.9019999999982,256.9019999999982,0.0,True,True,False,False
1472,736,736:storage_in,53.178179999998974,53.178179999998974,0.0,True,True,False,False
1473,736,736:storage_out,156.40199999999822,156.40199999999822,0.0,True,True,False,False
1474,737,737:storage_in,57.79532999999719,57.79532999999719,0.0,True,True,False,False
1475,737,737:storage_out,199.15199999999822,199.15199999999822,0.0,True,True,False,False
1476,738,738:storage_in,46.401999999998225,46.401999999998225,0.0,True,True,False,False
1477,738,738:storage_out,213.4519999999975,213.4519999999975,0.0,True,True,False,False
1478,739,739:storage_in,49.401999999998225,49.401999999998225,0.0,True,True,False,False
1479,739,739:storage_out,257.9019999999982,257.9019999999982,0.0,True,True,False,False
1480,740,740:storage_in,45.60199999999895,45.60199999999895,0.0,True,True,False,False
1481,740,740:storage_out,212.2019999999975,212.2019999999975,0.0,True,True,False,False
1482,741,741:storage_in,45.60199999999895,45.60199999999895,0.0,True,True,False,False
1483,741,741:storage_out,258.9019999999982,258.9019999999982,0.0,True,True,False,False
1484,742,742:storage_in,49.00199999999677,49.00199999999677,0.0,True,True,False,False
1485,742,742:storage_out,260.2019999999975,260.2019999999975,0.0,True,True,False,False
1486,743,743:storage_in,46.151999999998225,46.151999999998225,0.0,True,True,False,False
1487,743,743:storage_out,249.90199999999822,249.90199999999822,0.0,True,True,False,False
1488,744,744:storage_in,47.401999999998225,47.401999999998225,0.0,True,True,False,False
1489,744,744:storage_out,213.2019999999975,213.2019999999975,0.0,True,True,False,False
1490,745,745:storage_in,49.00199999999677,49.00199999999677,0.0,True,True,False,False
1491,745,745:storage_out,152.40199999999822,152.40199999999822,0.0,True,True,False,False
1492,746,746:storage_in,50.92940999999337,50.92940999999337,0.0,True,True,False,False
1493,746,746:storage_out,259.9019999999982,259.9019999999982,0.0,True,True,False,False
1494,747,747:storage_in,54.208669999999984,54.208669999999984,0.0,True,True,False,False
1495,747,747:storage_out,247.15199999999822,247.15199999999822,0.0,True,True,False,False
1496,748,748:storage_in,52.601999999995314,52.601999999995314,0.0,True,True,False,False
1497,748,748:storage_out,252.65199999999822,252.65199999999822,0.0,True,True,False,False
1498,749,749:storage_in,45.60199999999895,45.60199999999895,0.0,True,True,False,False
1499,749,749:storage_out,205.4519999999975,205.4519999999975,0.0,True,True,False,False
1500,750,750:storage_in,46.651999999998225,46.651999999998225,0.0,True,True,False,False
1501,750,750:storage_out,260.9019999999982,260.9019999999982,0.0,True,True,False,False
1502,751,751:storage_in,47.651999999998225,47.651999999998225,0.0,True,True,False,False
1503,751,751:storage_out,250.90199999999822,250.90199999999822,0.0,True,True,False,False
1504,752,752:storage_in,50.00199999999677,50.00199999999677,0.0,True,True,False,False
1505,752,752:storage_out,251.90199999999822,251.90199999999822,0.0,True,True,False,False
1506,753,753:storage_in,52.601999999995314,52.601999999995314,0.0,True,True,False,False
1507,753,753:storage_out,253.65199999999822,253.65199999999822,0.0,True,True,False,False
1508,754,754:storage_in,46.401999999998225,46.401999999998225,0.0,True,True,False,False
1509,754,754:storage_out,180.40199999999822,180.40199999999822,0.0,True,True,False,False
1510,755,755:storage_in,45.651999999998225,45.651999999998225,0.0,True,True,False,False
1511,755,755:storage_out,254.65199999999822,254.65199999999822,0.0,True,True,False,False
1512,756,756:storage_in,50.50199999999677,50.50199999999677,0.0,True,True,False,False
1513,756,756:storage_out,268.7019999999975,268.7019999999975,0.0,True,True,False,False
1514,757,757:storage_in,51.50199999999677,51.50199999999677,0.0,True,True,False,False
1515,757,757:storage_out,255.65199999999822,255.65299999999843,0.0010000000002037268,True,True,False,False
1516,758,758:storage_in,49.05481999999756,49.05481999999756,0.0,True,True,False,False
1517,758,758:storage_out,228.7019999999975,228.7019999999975,0.0,True,True,False,False
1518,759,759:storage_in,50.75199999999677,50.75199999999677,0.0,True,True,False,False
1519,759,759:storage_out,228.90199999999822,229.15199999999822,0.25,True,True,False,False
1520,760,760:direct,188.2019999999975,188.2019999999975,0.0,True,True,False,False
1521,761,761:storage_in,54.851999999995314,54.851999999995314,0.0,True,True,False,False
1522,761,761:storage_out,229.90199999999822,230.15199999999822,0.25,True,True,False,False
1523,762,762:direct,191.60199999999531,191.60199999999531,0.0,True,True,False,False
1524,763,763:storage_in,49.29686999999467,49.29686999999467,0.0,True,True,False,False
1525,763,763:storage_out,157.40199999999822,157.40199999999822,0.0,True,True,False,False
1526,764,764:direct,188.2019999999975,188.2019999999975,0.0,True,True,False,False
1527,765,765:storage_in,50.00199999999677,50.00199999999677,0.0,True,True,False,False
1528,765,765:storage_out,230.15199999999822,230.15199999999822,0.0,True,True,False,False
1529,766,766:storage_in,46.401999999998225,46.401999999998225,0.0,True,True,False,False
1530,766,766:storage_out,147.40199999999822,147.40199999999822,0.0,True,True,False,False
1531,767,767:storage_in,45.60199999999895,45.60199999999895,0.0,True,True,False,False
1532,767,767:storage_out,231.15199999999822,231.15199999999822,0.0,True,True,False,False
1533,768,768:storage_in,49.00199999999677,49.00199999999677,0.0,True,True,False,False
1534,768,768:storage_out,232.15199999999822,232.15199999999822,0.0,True,True,False,False
1535,769,769:storage_in,47.401999999998225,47.401999999998225,0.0,True,True,False,False
1536,769,769:storage_out,272.1519999999982,272.1519999999982,0.0,True,True,False,False
1537,770,770:storage_in,50.25199999999677,50.25199999999677,0.0,True,True,False,False
1538,770,770:storage_out,189.90199999999822,189.90199999999822,0.0,True,True,False,False
1539,771,771:storage_in,46.401999999998225,46.401999999998225,0.0,True,True,False,False
1540,771,771:storage_out,234.15199999999822,234.15199999999822,0.0,True,True,False,False
1541,772,772:storage_in,52.601999999995314,52.601999999995314,0.0,True,True,False,False
1542,772,772:storage_out,274.1519999999982,274.1519999999982,0.0,True,True,False,False
1543,773,773:storage_in,45.651999999998225,45.651999999998225,0.0,True,True,False,False
1544,773,773:storage_out,200.40199999999822,200.40199999999822,0.0,True,True,False,False
1545,774,774:storage_in,50.00199999999677,50.00199999999677,0.0,True,True,False,False
1546,774,774:storage_out,185.40199999999822,185.40199999999822,0.0,True,True,False,False
1547,775,775:storage_in,45.60199999999895,45.60199999999895,0.0,True,True,False,False
1548,775,775:storage_out,153.40199999999822,153.40199999999822,0.0,True,True,False,False
1549,776,776:storage_in,45.60199999999895,45.60199999999895,0.0,True,True,False,False
1550,776,776:storage_out,213.2019999999975,213.2019999999975,0.0,True,True,False,False
1551,777,777:storage_in,52.601999999995314,52.601999999995314,0.0,True,True,False,False
1552,777,777:storage_out,201.40199999999822,201.40199999999822,0.0,True,True,False,False
1553,778,778:storage_in,49.00199999999677,49.00199999999677,0.0,True,True,False,False
1554,778,778:storage_out,154.40199999999822,154.40199999999822,0.0,True,True,False,False
1555,779,779:storage_in,45.401999999998225,45.401999999998225,0.0,True,True,False,False
1556,779,779:storage_out,186.40199999999822,186.40199999999822,0.0,True,True,False,False
1557,780,780:storage_in,45.401999999998225,45.401999999998225,0.0,True,True,False,False
1558,780,780:storage_out,220.40199999999822,220.40199999999822,0.0,True,True,False,False
1559,781,781:storage_in,50.00199999999677,50.00199999999677,0.0,True,True,False,False
1560,781,781:storage_out,230.90199999999822,231.15199999999822,0.25,True,True,False,False
1561,782,782:direct,189.00199999999677,189.00199999999677,0.0,True,True,False,False
1562,783,783:direct,188.2019999999975,188.2019999999975,0.0,True,True,False,False
1563,784,784:direct,191.60199999999531,191.60199999999531,0.0,True,True,False,False
1564,785,785:storage_in,46.401999999998225,46.401999999998225,0.0,True,True,False,False
1565,785,785:storage_out,217.65199999999822,219.90199999999822,2.25,True,True,False,False
1566,786,786:storage_in,52.601999999995314,52.601999999995314,0.0,True,True,False,False
1567,786,786:storage_out,252.90199999999822,252.90199999999822,0.0,True,True,False,False
1568,787,787:storage_in,49.00199999999677,49.00199999999677,0.0,True,True,False,False
1569,787,787:storage_out,206.4519999999975,206.4519999999975,0.0,True,True,False,False
1570,788,788:storage_in,45.60199999999895,45.60199999999895,0.0,True,True,False,False
1571,788,788:storage_out,163.40199999999822,163.40199999999822,0.0,True,True,False,False
1572,789,789:storage_in,46.80199999999604,46.80199999999604,0.0,True,True,False,False
1573,789,789:storage_out,195.90199999999822,195.90199999999822,0.0,True,True,False,False
1574,790,790:storage_in,46.80199999999604,46.80199999999604,0.0,True,True,False,False
1575,790,790:storage_out,196.90199999999822,196.90199999999822,0.0,True,True,False,False
1576,791,791:storage_in,46.80199999999604,46.80199999999604,0.0,True,True,False,False
1577,791,791:storage_out,231.90199999999822,232.15199999999822,0.25,True,True,False,False
1578,792,792:storage_in,46.80199999999604,46.80199999999604,0.0,True,True,False,False
1579,792,792:storage_out,232.90199999999822,233.15199999999822,0.25,True,True,False,False
1580,793,793:storage_in,46.80199999999604,46.80199999999604,0.0,True,True,False,False
1581,793,793:storage_out,221.40199999999822,221.40199999999822,0.0,True,True,False,False
1582,794,794:storage_in,46.80199999999604,46.80199999999604,0.0,True,True,False,False
1583,794,794:storage_out,222.40199999999822,222.40199999999822,0.0,True,True,False,False
1584,795,795:storage_in,46.80199999999604,46.80199999999604,0.0,True,True,False,False
1585,795,795:storage_out,223.40199999999822,223.40199999999822,0.0,True,True,False,False
1586,796,796:storage_in,46.80199999999604,46.80199999999604,0.0,True,True,False,False
1587,796,796:storage_out,224.40199999999822,224.40199999999822,0.0,True,True,False,False
1588,797,797:storage_in,45.401999999998225,45.401999999998225,0.0,True,True,False,False
1589,797,797:storage_out,197.40199999999822,197.40199999999822,0.0,True,True,False,False
1590,798,798:storage_in,46.80199999999604,46.80199999999604,0.0,True,True,False,False
1591,798,798:storage_out,225.40199999999822,225.40199999999822,0.0,True,True,False,False
1592,799,799:storage_in,46.80199999999604,46.80199999999604,0.0,True,True,False,False
1593,799,799:storage_out,187.40199999999822,187.40199999999822,0.0,True,True,False,False
1594,800,800:storage_in,46.80199999999604,46.80199999999604,0.0,True,True,False,False
1595,800,800:storage_out,227.40199999999822,227.40199999999822,0.0,True,True,False,False
1596,801,801:storage_in,46.80199999999604,46.80199999999604,0.0,True,True,False,False
1597,801,801:storage_out,233.90199999999822,234.15199999999822,0.25,True,True,False,False
1598,802,802:storage_in,46.80199999999604,46.80199999999604,0.0,True,True,False,False
1599,802,802:storage_out,189.40199999999822,189.40199999999822,0.0,True,True,False,False
1600,803,803:storage_in,46.80199999999604,46.80199999999604,0.0,True,True,False,False
1601,803,803:storage_out,234.90199999999822,235.15199999999822,0.25,True,True,False,False
1602,804,804:storage_in,47.55308999999397,47.55308999999397,0.0,True,True,False,False
1603,804,804:storage_out,229.40199999999822,229.40199999999822,0.0,True,True,False,False
1604,805,805:storage_in,46.80199999999604,46.80199999999604,0.0,True,True,False,False
1605,805,805:storage_out,248.9519999999975,249.2019999999975,0.25,True,True,False,False
1606,806,806:storage_in,47.053109999997105,47.053109999997105,0.0,True,True,False,False
1607,806,806:storage_out,191.40199999999822,191.40199999999822,0.0,True,True,False,False
1608,807,807:storage_in,46.80199999999604,46.80199999999604,0.0,True,True,False,False
1609,807,807:storage_out,231.40199999999822,231.40199999999822,0.0,True,True,False,False
1610,808,808:storage_in,46.80199999999604,46.80199999999604,0.0,True,True,False,False
1611,808,808:storage_out,193.40199999999822,193.40199999999822,0.0,True,True,False,False
1612,809,809:storage_in,46.80199999999604,46.80199999999604,0.0,True,True,False,False
1613,809,809:storage_out,246.4519999999975,246.4519999999975,0.0,True,True,False,False
1614,810,810:storage_in,46.80199999999604,46.80199999999604,0.0,True,True,False,False
1615,810,810:storage_out,194.40199999999822,194.40199999999822,0.0,True,True,False,False
1616,811,811:storage_in,46.80199999999604,46.80199999999604,0.0,True,True,False,False
1617,811,811:storage_out,247.4519999999975,247.4519999999975,0.0,True,True,False,False
1618,812,812:storage_in,46.80199999999604,46.80199999999604,0.0,True,True,False,False
1619,812,812:storage_out,195.40199999999822,195.40199999999822,0.0,True,True,False,False
1620,813,813:storage_in,46.80199999999604,46.80199999999604,0.0,True,True,False,False
1621,813,813:storage_out,237.65199999999822,237.65199999999822,0.0,True,True,False,False
1622,814,814:storage_in,46.80199999999604,46.80199999999604,0.0,True,True,False,False
1623,814,814:storage_out,238.65199999999822,238.65199999999822,0.0,True,True,False,False
1624,815,815:storage_in,46.80199999999604,46.80199999999604,0.0,True,True,False,False
1625,815,815:storage_out,210.9519999999975,210.9519999999975,0.0,True,True,False,False
1626,816,816:storage_in,46.80199999999604,46.80199999999604,0.0,True,True,False,False
1627,816,816:storage_out,211.9519999999975,211.9519999999975,0.0,True,True,False,False
1628,817,817:storage_in,46.80199999999604,46.80199999999604,0.0,True,True,False,False
1629,817,817:storage_out,235.40199999999822,235.40199999999822,0.0,True,True,False,False
1630,818,818:storage_in,46.80199999999604,46.80199999999604,0.0,True,True,False,False
1631,818,818:storage_out,236.40199999999822,236.40199999999822,0.0,True,True,False,False
1632,819,819:storage_in,46.80199999999604,46.80199999999604,0.0,True,True,False,False
1633,819,819:storage_out,250.4519999999975,250.4519999999975,0.0,True,True,False,False
1634,820,820:storage_in,46.80199999999604,46.80199999999604,0.0,True,True,False,False
1635,820,820:storage_out,239.65199999999822,239.65199999999822,0.0,True,True,False,False
1636,821,821:storage_in,46.80199999999604,46.80199999999604,0.0,True,True,False,False
1637,821,821:storage_out,237.40199999999822,237.40199999999822,0.0,True,True,False,False
1638,822,822:storage_in,46.80199999999604,46.80199999999604,0.0,True,True,False,False
1639,822,822:storage_out,199.40199999999822,199.40199999999822,0.0,True,True,False,False
1640,823,823:storage_in,46.80199999999604,46.80199999999604,0.0,True,True,False,False
1641,823,823:storage_out,239.40199999999822,239.40199999999822,0.0,True,True,False,False
1642,824,824:storage_in,46.80199999999604,46.80199999999604,0.0,True,True,False,False
1643,824,824:storage_out,198.40199999999822,198.40199999999822,0.0,True,True,False,False
1644,825,825:storage_in,46.80199999999604,46.80199999999604,0.0,True,True,False,False
1645,825,825:storage_out,199.40199999999822,199.40199999999822,0.0,True,True,False,False
1646,826,826:storage_in,46.80199999999604,46.80199999999604,0.0,True,True,False,False
1647,826,826:storage_out,253.7019999999975,253.7019999999975,0.0,True,True,False,False
1648,827,827:storage_in,46.80199999999604,46.80199999999604,0.0,True,True,False,False
1649,827,827:storage_out,254.7019999999975,254.7019999999975,0.0,True,True,False,False
1650,828,828:storage_in,46.80199999999604,46.80199999999604,0.0,True,True,False,False
1651,828,828:storage_out,255.7019999999975,255.7019999999975,0.0,True,True,False,False
1652,829,829:storage_in,46.80199999999604,46.80199999999604,0.0,True,True,False,False
1653,829,829:storage_out,201.40199999999822,201.40199999999822,0.0,True,True,False,False
1654,830,830:storage_in,46.80199999999604,46.80199999999604,0.0,True,True,False,False
1655,830,830:storage_out,236.15199999999822,236.15199999999822,0.0,True,True,False,False
1656,831,831:storage_in,46.80199999999604,46.80199999999604,0.0,True,True,False,False
1657,831,831:storage_out,178.15199999999822,178.15199999999822,0.0,True,True,False,False
1658,832,832:storage_in,46.80199999999604,46.80199999999604,0.0,True,True,False,False
1659,832,832:storage_out,276.1519999999982,276.1519999999982,0.0,True,True,False,False
1660,833,833:storage_in,47.098189999996976,47.098189999996976,0.0,True,True,False,False
1661,833,833:storage_out,202.40199999999822,202.40199999999822,0.0,True,True,False,False
1662,834,834:direct,189.4019999999946,189.4019999999946,0.0,True,True,False,False
1663,835,835:storage_in,47.09820999999647,47.09820999999647,0.0,True,True,False,False
1664,835,835:storage_out,213.4519999999975,213.4519999999975,0.0,True,True,False,False
1665,836,836:storage_in,46.80199999999604,46.80199999999604,0.0,True,True,False,False
1666,836,836:storage_out,219.90199999999822,220.90299999999843,1.0010000000002037,True,True,False,False
1667,837,837:storage_in,47.05199999999604,47.05199999999604,0.0,True,True,False,False
1668,837,837:storage_out,242.40199999999822,242.40199999999822,0.0,True,True,False,False
1669,838,838:storage_in,46.80199999999604,46.80199999999604,0.0,True,True,False,False
1670,838,838:storage_out,242.15199999999822,242.15199999999822,0.0,True,True,False,False
1671,839,839:storage_in,46.80199999999604,46.80199999999604,0.0,True,True,False,False
1672,839,839:storage_out,259.9019999999982,263.1519999999982,3.25,True,True,False,False
1673,840,840:storage_in,46.80199999999604,46.80199999999604,0.0,True,True,False,False
1674,840,840:storage_out,260.9019999999982,264.1529999999984,3.2510000000002037,True,True,False,False
1675,841,841:storage_in,46.80199999999604,46.80199999999604,0.0,True,True,False,False
1676,841,841:storage_out,277.1519999999982,277.1519999999982,0.0,True,True,False,False
1677,842,842:storage_in,46.80199999999604,46.80199999999604,0.0,True,True,False,False
1678,842,842:storage_out,278.1519999999982,278.1519999999982,0.0,True,True,False,False
1679,843,843:storage_in,52.601999999995314,52.601999999995314,0.0,True,True,False,False
1680,843,843:storage_out,145.40199999999822,145.40199999999822,0.0,True,True,False,False
1681,844,844:storage_in,45.401999999998225,45.401999999998225,0.0,True,True,False,False
1682,844,844:storage_out,157.40199999999822,157.40199999999822,0.0,True,True,False,False
1683,845,845:storage_in,45.60199999999895,45.60199999999895,0.0,True,True,False,False
1684,845,845:storage_out,256.7019999999975,256.7019999999975,0.0,True,True,False,False
1685,846,846:direct,191.60199999999531,191.60199999999531,0.0,True,True,False,False
1686,847,847:storage_in,50.00199999999677,50.00199999999677,0.0,True,True,False,False
1687,847,847:storage_out,148.40199999999822,148.40199999999822,0.0,True,True,False,False
1688,848,848:direct,190.00199999999677,190.00199999999677,0.0,True,True,False,False
1689,849,849:storage_in,49.50199999999677,49.50199999999677,0.0,True,True,False,False
1690,849,849:storage_out,274.9519999999975,278.2019999999975,3.25,True,True,False,False
1691,850,850:storage_in,46.80199999999604,46.80199999999604,0.0,True,True,False,False
1692,850,850:storage_out,243.40199999999822,243.40199999999822,0.0,True,True,False,False
1693,851,851:direct,188.2019999999975,188.2019999999975,0.0,True,True,False,False
1694,852,852:storage_in,54.351999999995314,54.351999999995314,0.0,True,True,False,False
1695,852,852:storage_out,214.90199999999822,214.90199999999822,0.0,True,True,False,False
1696,853,853:storage_in,46.401999999998225,46.401999999998225,0.0,True,True,False,False
1697,853,853:storage_out,209.4519999999975,209.4519999999975,0.0,True,True,False,False
1698,854,854:direct,191.85199999999531,191.85199999999531,0.0,True,True,False,False
1699,855,855:storage_in,50.75199999999677,50.75199999999677,0.0,True,True,False,False
1700,855,855:storage_out,243.15199999999822,243.15199999999822,0.0,True,True,False,False
1701,856,856:storage_in,163.81849999999395,163.81849999999395,0.0,True,True,False,False
1702,856,856:storage_out,153.90199999999822,153.90199999999822,0.0,True,True,False,False
1703,857,857:direct,217.20200000000114,217.20200000000114,0.0,True,True,False,False
1704,858,858:storage_in,50.25199999999677,50.25199999999677,0.0,True,True,False,False
1705,858,858:storage_out,215.90199999999822,215.90199999999822,0.0,True,True,False,False
1706,859,859:storage_in,46.401999999998225,46.401999999998225,0.0,True,True,False,False
1707,859,859:storage_out,214.2019999999975,214.2019999999975,0.0,True,True,False,False
1708,860,860:storage_in,54.20089999999618,54.20089999999618,0.0,True,True,False,False
1709,860,860:storage_out,216.90199999999822,216.90199999999822,0.0,True,True,False,False
1710,861,861:storage_in,62.09983999999895,62.09983999999895,0.0,True,True,False,False
1711,861,861:storage_out,244.15199999999822,244.15199999999822,0.0,True,True,False,False
1712,862,862:direct,221.03422000000137,221.03422000000137,0.0,True,True,False,False
1713,863,863:direct,193.00199999999677,193.00199999999677,0.0,True,True,False,False
1714,864,864:storage_in,80.94002999999793,80.94002999999793,0.0,True,True,False,False
1715,864,864:storage_out,217.90199999999822,217.90199999999822,0.0,True,True,False,False
1716,865,865:storage_in,45.60199999999895,45.60199999999895,0.0,True,True,False,False
1717,865,865:storage_out,257.4519999999975,257.4519999999975,0.0,True,True,False,False
1718,866,866:storage_in,155.53732999999193,155.53732999999193,0.0,True,True,False,False
1719,866,866:storage_out,200.15199999999822,200.15199999999822,0.0,True,True,False,False
1720,867,867:direct,188.2019999999975,188.2019999999975,0.0,True,True,False,False
1721,868,868:storage_in,72.26844999999594,72.26844999999594,0.0,True,True,False,False
1722,868,868:storage_out,245.15199999999822,245.15199999999822,0.0,True,True,False,False
1723,869,869:storage_in,49.00199999999677,49.00199999999677,0.0,True,True,False,False
1724,869,869:storage_out,210.4519999999975,210.4519999999975,0.0,True,True,False,False
1725,870,870:storage_in,50.00199999999677,50.00199999999677,0.0,True,True,False,False
1726,870,870:storage_out,157.40199999999822,157.40199999999822,0.0,True,True,False,False
1727,871,871:storage_in,56.58532999999443,56.58532999999443,0.0,True,True,False,False
1728,871,871:storage_out,246.15199999999822,246.15199999999822,0.0,True,True,False,False
1729,872,872:storage_in,80.20932999999422,80.20932999999422,0.0,True,True,False,False
1730,872,872:storage_out,292.2019999999975,292.2019999999975,0.0,True,True,False,False
1731,873,873:storage_in,77.74463999999352,77.74463999999352,0.0,True,True,False,False
1732,873,873:storage_out,218.90199999999822,218.90199999999822,0.0,True,True,False,False
1733,874,874:storage_in,47.401999999998225,47.401999999998225,0.0,True,True,False,False
1734,874,874:storage_out,293.2019999999975,293.2019999999975,0.0,True,True,False,False
1735,875,875:storage_in,48.401999999998225,48.401999999998225,0.0,True,True,False,False
1736,875,875:storage_out,157.90199999999822,157.90199999999822,0.0,True,True,False,False
1737,876,876:storage_in,93.93895999999586,93.93895999999586,0.0,True,True,False,False
1738,876,876:storage_out,275.9519999999975,279.2019999999975,3.25,True,True,False,False
1739,877,877:storage_in,66.32327999999688,66.32327999999688,0.0,True,True,False,False
1740,877,877:storage_out,247.15199999999822,247.15199999999822,0.0,True,True,False,False
1741,878,878:storage_in,75.96641999999338,75.96641999999338,0.0,True,True,False,False
1742,878,878:storage_out,294.2019999999975,294.2019999999975,0.0,True,True,False,False
1743,879,879:storage_in,45.60199999999895,45.60199999999895,0.0,True,True,False,False
1744,879,879:storage_out,229.7019999999975,229.7019999999975,0.0,True,True,False,False
1745,880,880:storage_in,45.60199999999895,45.60199999999895,0.0,True,True,False,False
1746,880,880:storage_out,224.15199999999822,228.65199999999822,4.5,True,True,False,False
1747,881,881:storage_in,64.77327999999397,64.77327999999397,0.0,True,True,False,False
1748,881,881:storage_out,248.15199999999822,248.15199999999822,0.0,True,True,False,False
1749,882,882:direct,188.92605999999432,188.92605999999432,0.0,True,True,False,False
1750,883,883:storage_in,49.00199999999677,49.00199999999677,0.0,True,True,False,False
1751,883,883:storage_out,295.2019999999975,295.2019999999975,0.0,True,True,False,False
1752,884,884:storage_in,51.84712999999829,51.84712999999829,0.0,True,True,False,False
1753,884,884:storage_out,242.65199999999822,242.65199999999822,0.0,True,True,False,False
1754,885,885:storage_in,129.5520399999914,129.5520399999914,0.0,True,True,False,False
1755,885,885:storage_out,244.40199999999822,244.40199999999822,0.0,True,True,False,False
1756,886,886:storage_in,86.98137999999744,86.98137999999744,0.0,True,True,False,False
1757,886,886:storage_out,277.2019999999975,281.7019999999975,4.5,True,True,False,False
1758,887,887:storage_in,51.19458999999915,51.19458999999915,0.0,True,True,False,False
1759,887,887:storage_out,296.2019999999975,296.2019999999975,0.0,True,True,False,False
1760,888,888:storage_in,110.98949999999968,110.98949999999968,0.0,True,True,False,False
1761,888,888:storage_out,264.1519999999982,268.6519999999982,4.5,True,True,False,False
1762,889,889:storage_in,51.50199999999677,51.50199999999677,0.0,True,True,False,False
1763,889,889:storage_out,158.90199999999822,158.90199999999822,0.0,True,True,False,False
1764,890,890:storage_in,60.254599999992934,60.254599999992934,0.0,True,True,False,False
1765,890,890:storage_out,249.15199999999822,249.15199999999822,0.0,True,True,False,False
1766,891,891:storage_in,45.60199999999895,45.60199999999895,0.0,True,True,False,False
1767,891,891:storage_out,210.4519999999975,210.4519999999975,0.0,True,True,False,False
1768,892,892:storage_in,45.60199999999895,45.60199999999895,0.0,True,True,False,False
1769,892,892:storage_out,159.90199999999822,159.90199999999822,0.0,True,True,False,False
1770,893,893:storage_in,68.46133999999074,68.46133999999074,0.0,True,True,False,False
1771,893,893:storage_out,282.6519999999982,282.6519999999982,0.0,True,True,False,False
1772,894,894:storage_in,59.87301999999181,59.87301999999181,0.0,True,True,False,False
1773,894,894:storage_out,250.15199999999822,250.15199999999822,0.0,True,True,False,False
1774,895,895:storage_in,66.38801999999123,66.38801999999123,0.0,True,True,False,False
1775,895,895:storage_out,244.65199999999822,244.65199999999822,0.0,True,True,False,False
1776,896,896:storage_in,49.00199999999677,49.00199999999677,0.0,True,True,False,False
1777,896,896:storage_out,297.7019999999975,297.7019999999975,0.0,True,True,False,False
1778,897,897:storage_in,134.9806799999933,134.9806799999933,0.0,True,True,False,False
1779,897,897:storage_out,197.40199999999822,197.40199999999822,0.0,True,True,False,False
1780,898,898:storage_in,55.57659999999669,55.57659999999669,0.0,True,True,False,False
1781,898,898:storage_out,251.15199999999822,251.15199999999822,0.0,True,True,False,False
1782,899,899:storage_in,49.43562999999631,49.43562999999631,0.0,True,True,False,False
1783,899,899:storage_out,230.7019999999975,230.7019999999975,0.0,True,True,False,False
1784,900,900:storage_in,106.2351299999973,106.2351299999973,0.0,True,True,False,False
1785,900,900:storage_out,265.1519999999982,269.6519999999982,4.5,True,True,False,False
1786,901,901:storage_in,45.60199999999895,45.60199999999895,0.0,True,True,False,False
1787,901,901:storage_out,215.2019999999975,215.2019999999975,0.0,True,True,False,False
1788,902,902:storage_in,52.851999999995314,52.851999999995314,0.0,True,True,False,False
1789,902,902:storage_out,252.15199999999822,252.15199999999822,0.0,True,True,False,False
1790,903,903:storage_in,114.44956999999704,114.44956999999704,0.0,True,True,False,False
1791,903,903:storage_out,200.40199999999822,200.40199999999822,0.0,True,True,False,False
1792,904,904:storage_in,50.6924699999945,50.6924699999945,0.0,True,True,False,False
1793,904,904:storage_out,258.9019999999982,258.9019999999982,0.0,True,True,False,False
1794,905,905:storage_in,56.84194999999454,56.84194999999454,0.0,True,True,False,False
1795,905,905:storage_out,259.9019999999982,259.9019999999982,0.0,True,True,False,False
1796,906,906:storage_in,49.00199999999677,49.00199999999677,0.0,True,True,False,False
1797,906,906:storage_out,298.7019999999975,298.7019999999975,0.0,True,True,False,False
1798,907,907:storage_in,49.74797999999646,49.74797999999646,0.0,True,True,False,False
1799,907,907:storage_out,179.15199999999822,179.15199999999822,0.0,True,True,False,False
1800,908,908:storage_in,95.14054999999644,95.14054999999644,0.0,True,True,False,False
1801,908,908:storage_out,267.6519999999982,270.6519999999982,3.0,True,True,False,False
1802,909,909:storage_in,57.166779999995924,57.166779999995924,0.0,True,True,False,False
1803,909,909:storage_out,285.1519999999982,285.1519999999982,0.0,True,True,False,False
1804,910,910:storage_in,49.40375999999742,49.40375999999742,0.0,True,True,False,False
1805,910,910:storage_out,180.15199999999822,180.15199999999822,0.0,True,True,False,False
1806,911,911:storage_in,169.52644999999393,169.52644999999393,0.0,True,True,False,False
1807,911,911:storage_out,198.40199999999822,198.40199999999822,0.0,True,True,False,False
1808,912,912:storage_in,47.901999999998225,47.901999999998225,0.0,True,True,False,False
1809,912,912:storage_out,216.4519999999975,216.4519999999975,0.0,True,True,False,False
1810,913,913:storage_in,45.60199999999895,45.60199999999895,0.0,True,True,False,False
1811,913,913:storage_out,181.15199999999822,181.15199999999822,0.0,True,True,False,False
1812,914,914:storage_in,50.60199999999895,50.60199999999895,0.0,True,True,False,False
1813,914,914:storage_out,260.9019999999982,260.9019999999982,0.0,True,True,False,False
1814,915,915:storage_in,52.044379999999364,52.044379999999364,0.0,True,True,False,False
1815,915,915:storage_out,286.1519999999982,286.1519999999982,0.0,True,True,False,False
1816,916,916:storage_in,96.03159999999843,96.03159999999843,0.0,True,True,False,False
1817,916,916:storage_out,245.40199999999822,245.40199999999822,0.0,True,True,False,False
1818,917,917:storage_in,45.60199999999895,45.60199999999895,0.0,True,True,False,False
1819,917,917:storage_out,300.2019999999975,300.2019999999975,0.0,True,True,False,False
1820,918,918:storage_in,97.07942999999432,97.07942999999432,0.0,True,True,False,False
1821,918,918:storage_out,190.40199999999822,190.40199999999822,0.0,True,True,False,False
1822,919,919:storage_in,90.28225999999268,90.28225999999268,0.0,True,True,False,False
1823,919,919:storage_out,217.15199999999822,217.15199999999822,0.0,True,True,False,False
1824,920,920:storage_in,49.00199999999677,49.00199999999677,0.0,True,True,False,False
1825,920,920:storage_out,146.40199999999822,146.40199999999822,0.0,True,True,False,False
1826,921,921:storage_in,49.00199999999677,49.00199999999677,0.0,True,True,False,False
1827,921,921:storage_out,301.2019999999975,301.2019999999975,0.0,True,True,False,False
1828,922,922:storage_in,54.88907999999719,54.88907999999719,0.0,True,True,False,False
1829,922,922:storage_out,287.6519999999982,287.6519999999982,0.0,True,True,False,False
1830,923,923:storage_in,85.33497999999236,85.33497999999236,0.0,True,True,False,False
1831,923,923:storage_out,218.15199999999822,218.15199999999822,0.0,True,True,False,False
1832,924,924:storage_in,50.27946000000156,50.27946000000156,0.0,True,True,False,False
1833,924,924:storage_out,266.2019999999975,266.2019999999975,0.0,True,True,False,False
1834,925,925:storage_in,48.151999999998225,48.151999999998225,0.0,True,True,False,False
1835,925,925:storage_out,182.15199999999822,182.15199999999822,0.0,True,True,False,False
1836,926,926:storage_in,45.60199999999895,45.60199999999895,0.0,True,True,False,False
1837,926,926:storage_out,267.2019999999975,267.2019999999975,0.0,True,True,False,False
1838,927,927:storage_in,51.81183999999848,51.81183999999848,0.0,True,True,False,False
1839,927,927:storage_out,268.2019999999975,268.2019999999975,0.0,True,True,False,False
1840,928,928:storage_in,45.60199999999895,45.60199999999895,0.0,True,True,False,False
1841,928,928:storage_out,207.40199999999822,207.40199999999822,0.0,True,True,False,False
1842,929,929:storage_in,72.50398999999743,72.50398999999743,0.0,True,True,False,False
1843,929,929:storage_out,268.6519999999982,271.6519999999982,3.0,True,True,False,False
1844,930,930:storage_in,46.401999999998225,46.401999999998225,0.0,True,True,False,False
1845,930,930:storage_out,269.2019999999975,269.2019999999975,0.0,True,True,False,False
1846,931,931:direct,191.85199999999531,191.85199999999531,0.0,True,True,False,False
1847,932,932:storage_in,50.08096999999907,50.08096999999907,0.0,True,True,False,False
1848,932,932:storage_out,183.15199999999822,183.15199999999822,0.0,True,True,False,False
1849,933,933:storage_in,45.60199999999895,45.60199999999895,0.0,True,True,False,False
1850,933,933:storage_out,214.4519999999975,214.4519999999975,0.0,True,True,False,False
1851,934,934:storage_in,48.51865999999427,48.51865999999427,0.0,True,True,False,False
1852,934,934:storage_out,288.6519999999982,288.6519999999982,0.0,True,True,False,False
1853,935,935:storage_in,49.00199999999677,49.00199999999677,0.0,True,True,False,False
1854,935,935:storage_out,282.7019999999975,285.7019999999975,3.0,True,True,False,False
1855,936,936:storage_in,65.43531999999686,65.43531999999686,0.0,True,True,False,False
1856,936,936:storage_out,269.6519999999982,272.6519999999982,3.0,True,True,False,False
1857,937,937:storage_in,51.35417999999845,51.35417999999845,0.0,True,True,False,False
1858,937,937:storage_out,302.7019999999975,302.7019999999975,0.0,True,True,False,False
1859,938,938:direct,192.00199999999677,192.00199999999677,0.0,True,True,False,False
1860,939,939:storage_in,65.08070999999472,65.08070999999472,0.0,True,True,False,False
1861,939,939:storage_out,270.6519999999982,273.6519999999982,3.0,True,True,False,False
1862,940,940:storage_in,45.60199999999895,45.60199999999895,0.0,True,True,False,False
1863,940,940:storage_out,303.7019999999975,303.7019999999975,0.0,True,True,False,False
1864,941,941:direct,188.4519999999975,188.4519999999975,0.0,True,True,False,False
1865,942,942:storage_in,126.83393999999316,126.83393999999316,0.0,True,True,False,False
1866,942,942:storage_out,198.40199999999822,198.40199999999822,0.0,True,True,False,False
1867,943,943:storage_in,50.00199999999677,50.00199999999677,0.0,True,True,False,False
1868,943,943:storage_out,270.2019999999975,270.2019999999975,0.0,True,True,False,False
1869,944,944:storage_in,50.00199999999677,50.00199999999677,0.0,True,True,False,False
1870,944,944:storage_out,184.15199999999822,184.15199999999822,0.0,True,True,False,False
1871,945,945:storage_in,46.401999999998225,46.401999999998225,0.0,True,True,False,False
1872,945,945:storage_out,284.7019999999975,287.7019999999975,3.0,True,True,False,False
1873,946,946:storage_in,133.4032999999945,133.4032999999945,0.0,True,True,False,False
1874,946,946:storage_out,185.40199999999822,185.40199999999822,0.0,True,True,False,False
1875,947,947:storage_in,45.60199999999895,45.60199999999895,0.0,True,True,False,False
1876,947,947:storage_out,285.7019999999975,288.7019999999975,3.0,True,True,False,False
1877,948,948:direct,189.00199999999677,189.00199999999677,0.0,True,True,False,False
1878,949,949:storage_in,58.14930999999342,58.14930999999342,0.0,True,True,False,False
1879,949,949:storage_out,191.40199999999822,191.40199999999822,0.0,True,True,False,False
1880,950,950:storage_in,45.60199999999895,45.60199999999895,0.0,True,True,False,False
1881,950,950:storage_out,233.15199999999822,236.15199999999822,3.0,True,True,False,False
1882,951,951:storage_in,51.40468999999575,51.40468999999575,0.0,True,True,False,False
1883,951,951:storage_out,247.40199999999822,247.40199999999822,0.0,True,True,False,False
1884,952,952:storage_in,55.07999999999811,55.07999999999811,0.0,True,True,False,False
1885,952,952:storage_out,192.40199999999822,192.40199999999822,0.0,True,True,False,False
1886,953,953:direct,191.60199999999531,191.60199999999531,0.0,True,True,False,False
1887,954,954:storage_in,51.02516999999352,51.02516999999352,0.0,True,True,False,False
1888,954,954:storage_out,261.9019999999982,261.9019999999982,0.0,True,True,False,False
1889,955,955:storage_in,47.151999999998225,47.151999999998225,0.0,True,True,False,False
1890,955,955:storage_out,273.1519999999982,276.1519999999982,3.0,True,True,False,False
1891,956,956:storage_in,57.277049999993324,57.277049999993324,0.0,True,True,False,False
1892,956,956:storage_out,274.1519999999982,278.9019999999982,4.75,True,True,False,False
1893,957,957:storage_in,76.61616999999387,76.61616999999387,0.0,True,True,False,False
1894,957,957:storage_out,275.1519999999982,279.9019999999982,4.75,True,True,False,False
1895,958,958:storage_in,53.170930000000226,53.170930000000226,0.0,True,True,False,False
1896,958,958:storage_out,289.2019999999975,293.9519999999975,4.75,True,True,False,False
1897,959,959:direct,189.00199999999677,189.00199999999677,0.0,True,True,False,False
1898,960,960:direct,221.0020000000004,221.0020000000004,0.0,True,True,False,False
1899,961,961:storage_in,45.60199999999895,45.60199999999895,0.0,True,True,False,False
1900,961,961:storage_out,161.40199999999822,161.40199999999822,0.0,True,True,False,False
1901,962,962:storage_in,83.78438999999344,83.78438999999344,0.0,True,True,False,False
1902,962,962:storage_out,248.40199999999822,248.40199999999822,0.0,True,True,False,False
1903,963,963:direct,217.20200000000114,217.20200000000114,0.0,True,True,False,False
1904,964,964:storage_in,54.048539999999775,54.048539999999775,0.0,True,True,False,False
1905,964,964:storage_out,290.2019999999975,294.9519999999975,4.75,True,True,False,False
1906,965,965:storage_in,46.401999999998225,46.401999999998225,0.0,True,True,False,False
1907,965,965:storage_out,223.90199999999822,223.90199999999822,0.0,True,True,False,False
1908,966,966:storage_in,54.101999999995314,54.101999999995314,0.0,True,True,False,False
1909,966,966:storage_out,237.65199999999822,242.40199999999822,4.75,True,True,False,False
1910,967,967:storage_in,93.95366999999533,93.95366999999533,0.0,True,True,False,False
1911,967,967:storage_out,188.40199999999822,188.40199999999822,0.0,True,True,False,False
1912,968,968:storage_in,46.401999999998225,46.401999999998225,0.0,True,True,False,False
1913,968,968:storage_out,232.2019999999975,232.2019999999975,0.0,True,True,False,False
1914,969,969:storage_in,49.196719999999914,49.196719999999914,0.0,True,True,False,False
1915,969,969:storage_out,162.40199999999822,162.40199999999822,0.0,True,True,False,False
1916,970,970:storage_in,59.49750999999378,59.49750999999378,0.0,True,True,False,False
1917,970,970:storage_out,263.9019999999982,263.9019999999982,0.0,True,True,False,False
1918,971,971:storage_in,45.60199999999895,45.60199999999895,0.0,True,True,False,False
1919,971,971:storage_out,233.2019999999975,233.2019999999975,0.0,True,True,False,False
1920,972,972:storage_in,45.60199999999895,45.60199999999895,0.0,True,True,False,False
1921,972,972:storage_out,163.40199999999822,163.40199999999822,0.0,True,True,False,False
1922,973,973:storage_in,67.52332000000024,67.52332000000024,0.0,True,True,False,False
1923,973,973:storage_out,278.9019999999982,282.4019999999982,3.5,True,True,False,False
1924,974,974:storage_in,49.00199999999677,49.00199999999677,0.0,True,True,False,False
1925,974,974:storage_out,214.2019999999975,214.2019999999975,0.0,True,True,False,False
1926,975,975:storage_in,51.00199999999677,51.00199999999677,0.0,True,True,False,False
1927,975,975:storage_out,164.40199999999822,164.40199999999822,0.0,True,True,False,False
1928,976,976:storage_in,64.95483999999487,64.95483999999487,0.0,True,True,False,False
1929,976,976:storage_out,279.9019999999982,283.4019999999982,3.5,True,True,False,False
1930,977,977:storage_in,50.6228699999956,50.6228699999956,0.0,True,True,False,False
1931,977,977:storage_out,293.9519999999975,297.4519999999975,3.5,True,True,False,False
1932,978,978:storage_in,55.05949999999211,55.05949999999211,0.0,True,True,False,False
1933,978,978:storage_out,264.9019999999982,264.9019999999982,0.0,True,True,False,False
1934,979,979:storage_in,45.60199999999895,45.60199999999895,0.0,True,True,False,False
1935,979,979:storage_out,234.2019999999975,234.2019999999975,0.0,True,True,False,False
1936,980,980:storage_in,69.93711999999505,69.93711999999505,0.0,True,True,False,False
1937,980,980:storage_out,203.40199999999822,203.40199999999822,0.0,True,True,False,False
1938,981,981:direct,220.60199999999895,220.60199999999895,0.0,True,True,False,False
1939,982,982:direct,188.2019999999975,188.2019999999975,0.0,True,True,False,False
1940,983,983:storage_in,55.851999999995314,55.851999999995314,0.0,True,True,False,False
1941,983,983:storage_out,265.9019999999982,265.9019999999982,0.0,True,True,False,False
1942,984,984:storage_in,47.401999999998225,47.401999999998225,0.0,True,True,False,False
1943,984,984:storage_out,235.2019999999975,235.2019999999975,0.0,True,True,False,False
1944,985,985:direct,193.79326999999466,193.79326999999466,0.0,True,True,False,False
1945,986,986:storage_in,49.57981999999538,49.57981999999538,0.0,True,True,False,False
1946,986,986:storage_out,165.40199999999822,165.40199999999822,0.0,True,True,False,False
1947,987,987:storage_in,45.60199999999895,45.60199999999895,0.0,True,True,False,False
1948,987,987:storage_out,212.4519999999975,212.4519999999975,0.0,True,True,False,False
1949,988,988:storage_in,54.03975999999602,54.03975999999602,0.0,True,True,False,False
1950,988,988:storage_out,249.40199999999822,249.40199999999822,0.0,True,True,False,False
1951,989,989:storage_in,50.50199999999677,50.50199999999677,0.0,True,True,False,False
1952,989,989:storage_out,257.1519999999982,257.1519999999982,0.0,True,True,False,False
1953,990,990:direct,189.00199999999677,189.00199999999677,0.0,True,True,False,False
1954,991,991:direct,188.2019999999975,188.2019999999975,0.0,True,True,False,False
1955,992,992:storage_in,60.078199999996286,60.078199999996286,0.0,True,True,False,False
1956,992,992:storage_out,250.40199999999822,250.40199999999822,0.0,True,True,False,False
1957,993,993:storage_in,47.51285999999527,47.51285999999527,0.0,True,True,False,False
1958,993,993:storage_out,251.40199999999822,251.40199999999822,0.0,True,True,False,False
1959,994,994:storage_in,49.00199999999677,49.00199999999677,0.0,True,True,False,False
1960,994,994:storage_out,304.7019999999975,304.7019999999975,0.0,True,True,False,False
1961,995,995:direct,192.06016999999702,192.06016999999702,0.0,True,True,False,False
1962,996,996:storage_in,52.75199999999677,52.75199999999677,0.0,True,True,False,False
1963,996,996:storage_out,266.9019999999982,266.9019999999982,0.0,True,True,False,False
1964,997,997:direct,191.6319699999949,191.6319699999949,0.0,True,True,False,False
1965,998,998:storage_in,57.005529999994906,57.005529999994906,0.0,True,True,False,False
1966,998,998:storage_out,186.40199999999822,186.40199999999822,0.0,True,True,False,False
1967,999,999:direct,220.2520000000004,220.2520000000004,0.0,True,True,False,False
1968,1000,1000:direct,188.2019999999975,188.2019999999975,0.0,True,True,False,False
1969,1001,1001:direct,191.60199999999531,191.60199999999531,0.0,True,True,False,False
1970,1002,1002:storage_in,47.05199999999604,47.05199999999604,0.0,True,True,False,False
1971,1002,1002:storage_out,252.40199999999822,252.40199999999822,0.0,True,True,False,False
1972,1003,1003:storage_in,45.401999999998225,45.401999999998225,0.0,True,True,False,False
1973,1003,1003:storage_out,221.65199999999822,221.65199999999822,0.0,True,True,False,False
1974,1004,1004:direct,192.00199999999677,192.00199999999677,0.0,True,True,False,False
1975,1005,1005:direct,217.20200000000114,217.20200000000114,0.0,True,True,False,False
1976,1006,1006:direct,188.2019999999975,188.2019999999975,0.0,True,True,False,False
1977,1007,1007:storage_in,50.00199999999677,50.00199999999677,0.0,True,True,False,False
1978,1007,1007:storage_out,197.40199999999822,197.40199999999822,0.0,True,True,False,False
1979,1008,1008:direct,191.60199999999531,191.60199999999531,0.0,True,True,False,False
1980,1009,1009:storage_in,57.70199999999386,57.70199999999386,0.0,True,True,False,False
1981,1009,1009:storage_out,253.40199999999822,253.40199999999822,0.0,True,True,False,False
1982,1010,1010:storage_in,54.539829999994254,54.539829999994254,0.0,True,True,False,False
1983,1010,1010:storage_out,291.1519999999982,291.1519999999982,0.0,True,True,False,False
1984,1011,1011:direct,192.03531999999177,192.03531999999177,0.0,True,True,False,False
1985,1012,1012:storage_in,56.11316000000079,56.11316000000079,0.0,True,True,False,False
1986,1012,1012:storage_out,199.90199999999822,199.90199999999822,0.0,True,True,False,False
1987,1013,1013:direct,222.17433999999412,222.17433999999412,0.0,True,True,False,False
1988,1014,1014:storage_in,45.60199999999895,45.60199999999895,0.0,True,True,False,False
1989,1014,1014:storage_out,150.40199999999822,150.40199999999822,0.0,True,True,False,False
1990,1015,1015:storage_in,50.50199999999677,50.50199999999677,0.0,True,True,False,False
1991,1015,1015:storage_out,280.9019999999982,284.4019999999982,3.5,True,True,False,False
1992,1016,1016:storage_in,45.60199999999895,45.60199999999895,0.0,True,True,False,False
1993,1016,1016:storage_out,294.9519999999975,298.4519999999975,3.5,True,True,False,False
1994,1017,1017:storage_in,52.601999999995314,52.601999999995314,0.0,True,True,False,False
1995,1017,1017:storage_out,201.15199999999822,201.15199999999822,0.0,True,True,False,False
1996,1018,1018:storage_in,49.00199999999677,49.00199999999677,0.0,True,True,False,False
1997,1018,1018:storage_out,253.15199999999822,253.15199999999822,0.0,True,True,False,False
1998,1019,1019:storage_in,46.67531999999119,46.67531999999119,0.0,True,True,False,False
1999,1019,1019:storage_out,199.40199999999822,199.40199999999822,0.0,True,True,False,False
2000,1020,1020:direct,218.0020000000004,218.0020000000004,0.0,True,True,False,False
2001,1021,1021:storage_in,51.068569999995816,51.068569999995816,0.0,True,True,False,False
2002,1021,1021:storage_out,254.15199999999822,254.15199999999822,0.0,True,True,False,False
2003,1022,1022:storage_in,49.401999999998225,49.401999999998225,0.0,True,True,False,False
2004,1022,1022:storage_out,159.40199999999822,159.40199999999822,0.0,True,True,False,False
2005,1023,1023:direct,217.20200000000114,217.20200000000114,0.0,True,True,False,False
2006,1024,1024:storage_in,50.00199999999677,50.00199999999677,0.0,True,True,False,False
2007,1024,1024:storage_out,294.1519999999982,294.1519999999982,0.0,True,True,False,False
2008,1025,1025:storage_in,45.60199999999895,45.60199999999895,0.0,True,True,False,False
2009,1025,1025:storage_out,256.1519999999982,256.1519999999982,0.0,True,True,False,False
2010,1026,1026:storage_in,53.101999999995314,53.101999999995314,0.0,True,True,False,False
2011,1026,1026:storage_out,296.1519999999982,296.1519999999982,0.0,True,True,False,False
2012,1027,1027:storage_in,53.11980999999287,53.11980999999287,0.0,True,True,False,False
2013,1027,1027:storage_out,254.40199999999822,254.40199999999822,0.0,True,True,False,False
2014,1028,1028:storage_in,49.00199999999677,49.00199999999677,0.0,True,True,False,False
2015,1028,1028:storage_out,185.15199999999822,185.15199999999822,0.0,True,True,False,False
2016,1029,1029:storage_in,45.651999999998225,45.651999999998225,0.0,True,True,False,False
2017,1029,1029:storage_out,281.9019999999982,285.4019999999982,3.5,True,True,False,False
2018,1030,1030:storage_in,47.151999999998225,47.151999999998225,0.0,True,True,False,False
2019,1030,1030:storage_out,216.40199999999822,216.40199999999822,0.0,True,True,False,False
2020,1031,1031:storage_in,50.00199999999677,50.00199999999677,0.0,True,True,False,False
2021,1031,1031:storage_out,282.9019999999982,286.4019999999982,3.5,True,True,False,False
2022,1032,1032:storage_in,52.851999999995314,52.851999999995314,0.0,True,True,False,False
2023,1032,1032:storage_out,297.1519999999982,297.1519999999982,0.0,True,True,False,False
2024,1033,1033:storage_in,46.80199999999604,46.80199999999604,0.0,True,True,False,False
2025,1033,1033:storage_out,201.40199999999822,201.40199999999822,0.0,True,True,False,False
2026,1034,1034:storage_in,47.401999999998225,47.401999999998225,0.0,True,True,False,False
2027,1034,1034:storage_out,298.1519999999982,298.1519999999982,0.0,True,True,False,False
2028,1035,1035:storage_in,45.60199999999895,45.60199999999895,0.0,True,True,False,False
2029,1035,1035:storage_out,217.40199999999822,217.40199999999822,0.0,True,True,False,False
2030,1036,1036:direct,191.60199999999531,191.60199999999531,0.0,True,True,False,False
2031,1037,1037:direct,189.50199999999677,189.50199999999677,0.0,True,True,False,False
2032,1038,1038:direct,188.2019999999975,188.2019999999975,0.0,True,True,False,False
2033,1039,1039:storage_in,53.887449999994715,53.887449999994715,0.0,True,True,False,False
2034,1039,1039:storage_out,299.1519999999982,299.1519999999982,0.0,True,True,False,False
2035,1040,1040:storage_in,49.00199999999677,49.00199999999677,0.0,True,True,False,False
2036,1040,1040:storage_out,147.40199999999822,147.40199999999822,0.0,True,True,False,False
2037,1041,1041:storage_in,52.601999999995314,52.601999999995314,0.0,True,True,False,False
2038,1041,1041:storage_out,199.40199999999822,199.40199999999822,0.0,True,True,False,False
2039,1042,1042:storage_in,46.401999999998225,46.401999999998225,0.0,True,True,False,False
2040,1042,1042:storage_out,258.1519999999982,258.1519999999982,0.0,True,True,False,False
2041,1043,1043:storage_in,46.401999999998225,46.401999999998225,0.0,True,True,False,False
2042,1043,1043:storage_out,261.1519999999982,261.1519999999982,0.0,True,True,False,False
2043,1044,1044:storage_in,50.00199999999677,50.00199999999677,0.0,True,True,False,False
2044,1044,1044:storage_out,301.1519999999982,301.1519999999982,0.0,True,True,False,False
2045,1045,1045:storage_in,52.601999999995314,52.601999999995314,0.0,True,True,False,False
2046,1045,1045:storage_out,302.1519999999982,302.1519999999982,0.0,True,True,False,False
2047,1046,1046:storage_in,46.401999999998225,46.401999999998225,0.0,True,True,False,False
2048,1046,1046:storage_out,193.40199999999822,193.40199999999822,0.0,True,True,False,False
2049,1047,1047:storage_in,45.60199999999895,45.60199999999895,0.0,True,True,False,False
2050,1047,1047:storage_out,244.90199999999822,248.40199999999822,3.5,True,True,False,False
2051,1048,1048:storage_in,50.00199999999677,50.00199999999677,0.0,True,True,False,False
2052,1048,1048:storage_out,200.40199999999822,200.40199999999822,0.0,True,True,False,False
2053,1049,1049:storage_in,55.851999999995314,55.851999999995314,0.0,True,True,False,False
2054,1049,1049:storage_out,199.40199999999822,199.40199999999822,0.0,True,True,False,False
2055,1050,1050:storage_in,49.00199999999677,49.00199999999677,0.0,True,True,False,False
2056,1050,1050:storage_out,162.40199999999822,162.40199999999822,0.0,True,True,False,False
2057,1051,1051:storage_in,47.401999999998225,47.401999999998225,0.0,True,True,False,False
2058,1051,1051:storage_out,148.40199999999822,148.40199999999822,0.0,True,True,False,False
2059,1052,1052:storage_in,45.60199999999895,45.60199999999895,0.0,True,True,False,False
2060,1052,1052:storage_out,264.1519999999982,264.1519999999982,0.0,True,True,False,False
2061,1053,1053:storage_in,46.151999999998225,46.151999999998225,0.0,True,True,False,False
2062,1053,1053:storage_out,267.9019999999982,267.9019999999982,0.0,True,True,False,False
2063,1054,1054:storage_in,50.50199999999677,50.50199999999677,0.0,True,True,False,False
2064,1054,1054:storage_out,268.9019999999982,268.9019999999982,0.0,True,True,False,False
2065,1055,1055:storage_in,46.80199999999604,46.80199999999604,0.0,True,True,False,False
2066,1055,1055:storage_out,202.40199999999822,202.40199999999822,0.0,True,True,False,False
2067,1056,1056:storage_in,49.00199999999677,49.00199999999677,0.0,True,True,False,False
2068,1056,1056:storage_out,161.90199999999822,161.90199999999822,0.0,True,True,False,False
2069,1057,1057:storage_in,46.401999999998225,46.401999999998225,0.0,True,True,False,False
2070,1057,1057:storage_out,162.90199999999822,162.90199999999822,0.0,True,True,False,False
2071,1058,1058:storage_in,45.60199999999895,45.60199999999895,0.0,True,True,False,False
2072,1058,1058:storage_out,230.90199999999822,230.90199999999822,0.0,True,True,False,False
2073,1059,1059:storage_in,49.00199999999677,49.00199999999677,0.0,True,True,False,False
2074,1059,1059:storage_out,231.90199999999822,231.90199999999822,0.0,True,True,False,False
2075,1060,1060:storage_in,49.19148999999379,49.19148999999379,0.0,True,True,False,False
2076,1060,1060:storage_out,232.90199999999822,232.90199999999822,0.0,True,True,False,False
2077,1061,1061:storage_in,45.60199999999895,45.60199999999895,0.0,True,True,False,False
2078,1061,1061:storage_out,233.90199999999822,233.90199999999822,0.0,True,True,False,False
2079,1062,1062:storage_in,52.601999999995314,52.601999999995314,0.0,True,True,False,False
2080,1062,1062:storage_out,222.65199999999822,222.65199999999822,0.0,True,True,False,False
2081,1063,1063:storage_in,46.80199999999604,46.80199999999604,0.0,True,True,False,False
2082,1063,1063:storage_out,273.9019999999982,273.9019999999982,0.0,True,True,False,False
2083,1064,1064:storage_in,45.401999999998225,45.401999999998225,0.0,True,True,False,False
2084,1064,1064:storage_out,203.40199999999822,203.40199999999822,0.0,True,True,False,False
2085,1065,1065:storage_in,46.80199999999604,46.80199999999604,0.0,True,True,False,False
2086,1065,1065:storage_out,274.9019999999982,274.9019999999982,0.0,True,True,False,False
2087,1066,1066:direct,191.60199999999531,191.60199999999531,0.0,True,True,False,False
2088,1067,1067:storage_in,54.07256999999299,54.07256999999299,0.0,True,True,False,False
2089,1067,1067:storage_out,304.1519999999982,304.1519999999982,0.0,True,True,False,False
2090,1068,1068:storage_in,47.30199999999604,47.30199999999604,0.0,True,True,False,False
2091,1068,1068:storage_out,204.40199999999822,204.40199999999822,0.0,True,True,False,False
2092,1069,1069:direct,220.60199999999895,220.60199999999895,0.0,True,True,False,False
2093,1070,1070:storage_in,46.80199999999604,46.80199999999604,0.0,True,True,False,False
2094,1070,1070:storage_out,205.40199999999822,205.40199999999822,0.0,True,True,False,False
2095,1071,1071:storage_in,46.80199999999604,46.80199999999604,0.0,True,True,False,False
2096,1071,1071:storage_out,206.40199999999822,206.40199999999822,0.0,True,True,False,False
2097,1072,1072:storage_in,46.80199999999604,46.80199999999604,0.0,True,True,False,False
2098,1072,1072:storage_out,207.40199999999822,207.40199999999822,0.0,True,True,False,False
2099,1073,1073:storage_in,46.80199999999604,46.80199999999604,0.0,True,True,False,False
2100,1073,1073:storage_out,221.4519999999975,221.4519999999975,0.0,True,True,False,False
2101,1074,1074:storage_in,46.80199999999604,46.80199999999604,0.0,True,True,False,False
2102,1074,1074:storage_out,222.4519999999975,222.4519999999975,0.0,True,True,False,False
2103,1075,1075:storage_in,46.401999999998225,46.401999999998225,0.0,True,True,False,False
2104,1075,1075:storage_out,266.1519999999982,266.1519999999982,0.0,True,True,False,False
2105,1076,1076:storage_in,46.80199999999604,46.80199999999604,0.0,True,True,False,False
2106,1076,1076:storage_out,223.4519999999975,223.4519999999975,0.0,True,True,False,False
2107,1077,1077:storage_in,56.601999999995314,56.601999999995314,0.0,True,True,False,False
2108,1077,1077:storage_out,284.9019999999982,288.4019999999982,3.5,True,True,False,False
2109,1078,1078:storage_in,46.80199999999604,46.80199999999604,0.0,True,True,False,False
2110,1078,1078:storage_out,155.40199999999822,155.40199999999822,0.0,True,True,False,False
2111,1079,1079:storage_in,47.2415099999962,47.2415099999962,0.0,True,True,False,False
2112,1079,1079:storage_out,236.90199999999822,236.90199999999822,0.0,True,True,False,False
2113,1080,1080:storage_in,47.21874999999636,47.21874999999636,0.0,True,True,False,False
2114,1080,1080:storage_out,224.4519999999975,224.4519999999975,0.0,True,True,False,False
2115,1081,1081:storage_in,46.80199999999604,46.80199999999604,0.0,True,True,False,False
2116,1081,1081:storage_out,237.90199999999822,237.90199999999822,0.0,True,True,False,False
2117,1082,1082:storage_in,46.80199999999604,46.80199999999604,0.0,True,True,False,False
2118,1082,1082:storage_out,156.40199999999822,156.40199999999822,0.0,True,True,False,False
2119,1083,1083:storage_in,46.80199999999604,46.80199999999604,0.0,True,True,False,False
2120,1083,1083:storage_out,277.9019999999982,277.9019999999982,0.0,True,True,False,False
2121,1084,1084:storage_in,47.849099999995815,47.849099999995815,0.0,True,True,False,False
2122,1084,1084:storage_out,278.9019999999982,278.9019999999982,0.0,True,True,False,False
2123,1085,1085:storage_in,46.80199999999604,46.80199999999604,0.0,True,True,False,False
2124,1085,1085:storage_out,240.90199999999822,240.90199999999822,0.0,True,True,False,False
2125,1086,1086:storage_in,46.80199999999604,46.80199999999604,0.0,True,True,False,False
2126,1086,1086:storage_out,280.9019999999982,280.9019999999982,0.0,True,True,False,False
2127,1087,1087:storage_in,46.80199999999604,46.80199999999604,0.0,True,True,False,False
2128,1087,1087:storage_out,242.90199999999822,242.90199999999822,0.0,True,True,False,False
2129,1088,1088:storage_in,46.80199999999604,46.80199999999604,0.0,True,True,False,False
2130,1088,1088:storage_out,243.90199999999822,243.90199999999822,0.0,True,True,False,False
2131,1089,1089:storage_in,46.80199999999604,46.80199999999604,0.0,True,True,False,False
2132,1089,1089:storage_out,171.90199999999822,171.90199999999822,0.0,True,True,False,False
2133,1090,1090:storage_in,46.80199999999604,46.80199999999604,0.0,True,True,False,False
2134,1090,1090:storage_out,244.90199999999822,244.90199999999822,0.0,True,True,False,False
2135,1091,1091:storage_in,46.80199999999604,46.80199999999604,0.0,True,True,False,False
2136,1091,1091:storage_out,172.90199999999822,172.90199999999822,0.0,True,True,False,False
2137,1092,1092:storage_in,46.80199999999604,46.80199999999604,0.0,True,True,False,False
2138,1092,1092:storage_out,212.90199999999822,212.90199999999822,0.0,True,True,False,False
2139,1093,1093:storage_in,46.80199999999604,46.80199999999604,0.0,True,True,False,False
2140,1093,1093:storage_out,166.40199999999822,166.40199999999822,0.0,True,True,False,False
2141,1094,1094:storage_in,46.80199999999604,46.80199999999604,0.0,True,True,False,False
2142,1094,1094:storage_out,213.90199999999822,213.90199999999822,0.0,True,True,False,False
2143,1095,1095:storage_in,47.05199999999604,47.05199999999604,0.0,True,True,False,False
2144,1095,1095:storage_out,167.40199999999822,167.40199999999822,0.0,True,True,False,False
2145,1096,1096:direct,188.2019999999975,188.2019999999975,0.0,True,True,False,False
2146,1097,1097:storage_in,46.80199999999604,46.80199999999604,0.0,True,True,False,False
2147,1097,1097:storage_out,157.40199999999822,157.40199999999822,0.0,True,True,False,False
2148,1098,1098:storage_in,46.80199999999604,46.80199999999604,0.0,True,True,False,False
2149,1098,1098:storage_out,158.40199999999822,158.40199999999822,0.0,True,True,False,False
2150,1099,1099:storage_in,46.80199999999604,46.80199999999604,0.0,True,True,False,False
2151,1099,1099:storage_out,227.9519999999975,227.9519999999975,0.0,True,True,False,False
2152,1100,1100:storage_in,46.80199999999604,46.80199999999604,0.0,True,True,False,False
2153,1100,1100:storage_out,245.90199999999822,245.90199999999822,0.0,True,True,False,False
2154,1101,1101:storage_in,49.00199999999677,49.00199999999677,0.0,True,True,False,False
2155,1101,1101:storage_out,267.1519999999982,267.1519999999982,0.0,True,True,False,False
2156,1102,1102:storage_in,48.55199999999604,48.55199999999604,0.0,True,True,False,False
2157,1102,1102:storage_out,285.9019999999982,285.9019999999982,0.0,True,True,False,False
2158,1103,1103:storage_in,46.80199999999604,46.80199999999604,0.0,True,True,False,False
2159,1103,1103:storage_out,168.40199999999822,168.40199999999822,0.0,True,True,False,False
2160,1104,1104:storage_in,46.80199999999604,46.80199999999604,0.0,True,True,False,False
2161,1104,1104:storage_out,286.9019999999982,286.9019999999982,0.0,True,True,False,False
2162,1105,1105:storage_in,46.80199999999604,46.80199999999604,0.0,True,True,False,False
2163,1105,1105:storage_out,248.90199999999822,248.90199999999822,0.0,True,True,False,False
2164,1106,1106:storage_in,46.80199999999604,46.80199999999604,0.0,True,True,False,False
2165,1106,1106:storage_out,175.90199999999822,175.90199999999822,0.0,True,True,False,False
2166,1107,1107:storage_in,46.80199999999604,46.80199999999604,0.0,True,True,False,False
2167,1107,1107:storage_out,228.9519999999975,228.9519999999975,0.0,True,True,False,False
2168,1108,1108:storage_in,46.80199999999604,46.80199999999604,0.0,True,True,False,False
2169,1108,1108:storage_out,215.90199999999822,215.90199999999822,0.0,True,True,False,False
2170,1109,1109:direct,189.4019999999946,189.4019999999946,0.0,True,True,False,False
2171,1110,1110:storage_in,46.80199999999604,46.80199999999604,0.0,True,True,False,False
2172,1110,1110:storage_out,169.40199999999822,169.40199999999822,0.0,True,True,False,False
2173,1111,1111:storage_in,46.80199999999604,46.80199999999604,0.0,True,True,False,False
2174,1111,1111:storage_out,307.1519999999982,307.1519999999982,0.0,True,True,False,False
2175,1112,1112:storage_in,46.80199999999604,46.80199999999604,0.0,True,True,False,False
2176,1112,1112:storage_out,223.65199999999822,223.65199999999822,0.0,True,True,False,False
2177,1113,1113:storage_in,47.05199999999604,47.05199999999604,0.0,True,True,False,False
2178,1113,1113:storage_out,216.90199999999822,216.90199999999822,0.0,True,True,False,False
2179,1114,1114:storage_in,46.80199999999604,46.80199999999604,0.0,True,True,False,False
2180,1114,1114:storage_out,224.65199999999822,224.65199999999822,0.0,True,True,False,False
2181,1115,1115:storage_in,46.80199999999604,46.80199999999604,0.0,True,True,False,False
2182,1115,1115:storage_out,257.4019999999982,257.4019999999982,0.0,True,True,False,False
2183,1116,1116:storage_in,46.80199999999604,46.80199999999604,0.0,True,True,False,False
2184,1116,1116:storage_out,285.9019999999982,289.4019999999982,3.5,True,True,False,False
2185,1117,1117:storage_in,46.80199999999604,46.80199999999604,0.0,True,True,False,False
2186,1117,1117:storage_out,259.1519999999982,259.1519999999982,0.0,True,True,False,False
2187,1118,1118:storage_in,54.351999999995314,54.351999999995314,0.0,True,True,False,False
2188,1118,1118:storage_out,249.90199999999822,249.90199999999822,0.0,True,True,False,False
2189,1119,1119:direct,189.00199999999677,189.00199999999677,0.0,True,True,False,False
2190,1120,1120:storage_in,51.06859999999506,51.06859999999506,0.0,True,True,False,False
2191,1120,1120:storage_out,250.90199999999822,250.90199999999822,0.0,True,True,False,False
2192,1121,1121:storage_in,46.401999999998225,46.401999999998225,0.0,True,True,False,False
2193,1121,1121:storage_out,238.7019999999975,238.7019999999975,0.0,True,True,False,False
2194,1122,1122:storage_in,51.94618999999511,51.94618999999511,0.0,True,True,False,False
2195,1122,1122:storage_out,159.40199999999822,159.40199999999822,0.0,True,True,False,False
2196,1123,1123:storage_in,51.70357999999396,51.70357999999396,0.0,True,True,False,False
2197,1123,1123:storage_out,161.40199999999822,161.40199999999822,0.0,True,True,False,False
2198,1124,1124:storage_in,45.60199999999895,45.60199999999895,0.0,True,True,False,False
2199,1124,1124:storage_out,239.7019999999975,239.7019999999975,0.0,True,True,False,False
2200,1125,1125:direct,188.6270899999945,188.6270899999945,0.0,True,True,False,False
2201,1126,1126:storage_in,49.00199999999677,49.00199999999677,0.0,True,True,False,False
2202,1126,1126:storage_out,273.2019999999975,273.2019999999975,0.0,True,True,False,False
2203,1127,1127:direct,197.0854199999958,197.0854199999958,0.0,True,True,False,False
2204,1128,1128:storage_in,272.2412999999942,272.2412999999942,0.0,True,True,False,False
2205,1128,1128:storage_out,145.40199999999822,145.40199999999822,0.0,True,True,False,False
2206,1129,1129:storage_in,61.455119999998715,61.455119999998715,0.0,True,True,False,False
2207,1129,1129:storage_out,207.4519999999975,207.4519999999975,0.0,True,True,False,False
2208,1130,1130:storage_in,61.03267999999662,61.03267999999662,0.0,True,True,False,False
2209,1130,1130:storage_out,215.2019999999975,215.2019999999975,0.0,True,True,False,False
2210,1131,1131:storage_in,92.78138999999646,92.78138999999646,0.0,True,True,False,False
2211,1131,1131:storage_out,226.15199999999822,226.15199999999822,0.0,True,True,False,False
2212,1132,1132:storage_in,70.00193000000218,70.00193000000218,0.0,True,True,False,False
2213,1132,1132:storage_out,260.1519999999982,260.1519999999982,0.0,True,True,False,False
2214,1133,1133:storage_in,45.60199999999895,45.60199999999895,0.0,True,True,False,False
2215,1133,1133:storage_out,321.2019999999975,321.2019999999975,0.0,True,True,False,False
2216,1134,1134:storage_in,50.151999999998225,50.151999999998225,0.0,True,True,False,False
2217,1134,1134:storage_out,269.1519999999982,269.1519999999982,0.0,True,True,False,False
2218,1135,1135:storage_in,226.27236999998422,226.27236999998422,0.0,True,True,False,False
2219,1135,1135:storage_out,154.90199999999822,154.90199999999822,0.0,True,True,False,False
2220,1136,1136:storage_in,45.60199999999895,45.60199999999895,0.0,True,True,False,False
2221,1136,1136:storage_out,208.4519999999975,208.4519999999975,0.0,True,True,False,False
2222,1137,1137:storage_in,146.7187099999901,146.7187099999901,0.0,True,True,False,False
2223,1137,1137:storage_out,227.15199999999822,227.15199999999822,0.0,True,True,False,False
2224,1138,1138:storage_in,49.25199999999677,49.25199999999677,0.0,True,True,False,False
2225,1138,1138:storage_out,251.90199999999822,251.90199999999822,0.0,True,True,False,False
2226,1139,1139:storage_in,45.60199999999895,45.60199999999895,0.0,True,True,False,False
2227,1139,1139:storage_out,148.40199999999822,148.40199999999822,0.0,True,True,False,False
2228,1140,1140:storage_in,73.24584999999934,73.24584999999934,0.0,True,True,False,False
2229,1140,1140:storage_out,261.1519999999982,261.1519999999982,0.0,True,True,False,False
2230,1141,1141:storage_in,49.43551999999545,49.43551999999545,0.0,True,True,False,False
2231,1141,1141:storage_out,322.2019999999975,322.2019999999975,0.0,True,True,False,False
2232,1142,1142:direct,192.60199999999531,192.60199999999531,0.0,True,True,False,False
2233,1143,1143:storage_in,83.28631999999561,83.28631999999561,0.0,True,True,False,False
2234,1143,1143:storage_out,323.2019999999975,323.2019999999975,0.0,True,True,False,False
2235,1144,1144:storage_in,80.89591999999175,80.91258000000016,0.0166600000084145,True,True,False,False
2236,1144,1144:storage_out,252.90199999999822,252.90199999999822,0.0,True,True,False,False
2237,1145,1145:direct,188.2019999999975,188.2019999999975,0.0,True,True,False,False
2238,1146,1146:storage_in,208.85011999999188,208.85011999999188,0.0,True,True,False,False
2239,1146,1146:storage_out,217.90199999999822,217.90199999999822,0.0,True,True,False,False
2240,1147,1147:storage_in,49.46454999999696,49.46454999999696,0.0,True,True,False,False
2241,1147,1147:storage_out,270.6519999999982,270.6519999999982,0.0,True,True,False,False
2242,1148,1148:storage_in,61.51650000000154,61.51650000000154,0.0,True,True,False,False
2243,1148,1148:storage_out,275.2019999999975,275.2019999999975,0.0,True,True,False,False
2244,1149,1149:storage_in,67.42045999999391,67.42045999999391,0.0,True,True,False,False
2245,1149,1149:storage_out,262.1519999999982,262.1519999999982,0.0,True,True,False,False
2246,1150,1150:direct,188.2019999999975,188.2019999999975,0.0,True,True,False,False
2247,1151,1151:storage_in,140.61854999998832,140.61854999998832,0.0,True,True,False,False
2248,1151,1151:storage_out,241.2019999999975,241.2019999999975,0.0,True,True,False,False
2249,1152,1152:storage_in,52.9007799999963,52.9007799999963,0.0,True,True,False,False
2250,1152,1152:storage_out,324.2019999999975,324.2019999999975,0.0,True,True,False,False
2251,1153,1153:direct,193.60199999999531,193.60199999999531,0.0,True,True,False,False
2252,1154,1154:storage_in,141.37478999998712,141.37478999998712,0.0,True,True,False,False
2253,1154,1154:storage_out,228.15199999999822,228.15199999999822,0.0,True,True,False,False
2254,1155,1155:storage_in,53.63791999999739,53.63791999999739,0.0,True,True,False,False
2255,1155,1155:storage_out,271.6519999999982,271.6519999999982,0.0,True,True,False,False
2256,1156,1156:storage_in,46.401999999998225,46.401999999998225,0.0,True,True,False,False
2257,1156,1156:storage_out,231.9519999999975,231.9519999999975,0.0,True,True,False,False
2258,1157,1157:direct,192.92416999999477,192.92416999999477,0.0,True,True,False,False
2259,1158,1158:storage_in,66.12436999999409,66.12436999999409,0.0,True,True,False,False
2260,1158,1158:storage_out,263.1519999999982,263.1519999999982,0.0,True,True,False,False
2261,1159,1159:storage_in,52.07120999999461,52.07120999999461,0.0,True,True,False,False
2262,1159,1159:storage_out,272.6519999999982,272.6519999999982,0.0,True,True,False,False
2263,1160,1160:storage_in,138.80559999999605,138.80559999999605,0.0,True,True,False,False
2264,1160,1160:storage_out,242.2019999999975,242.2019999999975,0.0,True,True,False,False
2265,1161,1161:storage_in,45.60199999999895,45.60199999999895,0.0,True,True,False,False
2266,1161,1161:storage_out,325.7019999999975,325.7019999999975,0.0,True,True,False,False
2267,1162,1162:storage_in,148.31552999999258,148.31552999999258,0.0,True,True,False,False
2268,1162,1162:storage_out,229.15199999999822,229.15299999999843,0.0010000000002037268,True,True,False,False
2269,1163,1163:storage_in,141.21340999999666,141.21340999999666,0.0,True,True,False,False
2270,1163,1163:storage_out,243.2019999999975,243.2019999999975,0.0,True,True,False,False
2271,1164,1164:storage_in,61.07033999999476,61.07033999999476,0.0,True,True,False,False
2272,1164,1164:storage_out,264.1519999999982,264.1519999999982,0.0,True,True,False,False
2273,1165,1165:storage_in,61.99200999999084,61.99200999999084,0.0,True,True,False,False
2274,1165,1165:storage_out,265.1519999999982,265.1519999999982,0.0,True,True,False,False
2275,1166,1166:storage_in,52.06869999999617,52.06869999999617,0.0,True,True,False,False
2276,1166,1166:storage_out,326.7019999999975,326.7019999999975,0.0,True,True,False,False
2277,1167,1167:storage_in,233.68367999999464,233.68367999999464,0.0,True,True,False,False
2278,1167,1167:storage_out,190.90199999999822,190.90199999999822,0.0,True,True,False,False
2279,1168,1168:storage_in,62.92745999998806,62.887449999994715,-0.040009999993344536,True,True,False,False
2280,1168,1168:storage_out,292.9019999999982,292.9019999999982,0.0,True,True,False,False
2281,1169,1169:storage_in,50.401999999998225,50.401999999998225,0.0,True,True,False,False
2282,1169,1169:storage_out,327.7019999999975,327.7019999999975,0.0,True,True,False,False
2283,1170,1170:storage_in,45.60199999999895,45.60199999999895,0.0,True,True,False,False
2284,1170,1170:storage_out,247.90199999999822,253.15199999999822,5.25,True,True,False,False
2285,1171,1171:storage_in,58.551999999992404,58.51198999999906,-0.040009999993344536,True,True,False,False
2286,1171,1171:storage_out,266.1519999999982,266.1519999999982,0.0,True,True,False,False
2287,1172,1172:storage_in,45.60199999999895,45.60199999999895,0.0,True,True,False,False
2288,1172,1172:storage_out,328.7019999999975,328.7019999999975,0.0,True,True,False,False
2289,1173,1173:storage_in,56.440789999993285,56.440789999993285,0.0,True,True,False,False
2290,1173,1173:storage_out,267.1519999999982,267.1519999999982,0.0,True,True,False,False
2291,1174,1174:storage_in,49.00199999999677,49.00199999999677,0.0,True,True,False,False
2292,1174,1174:storage_out,232.9519999999975,232.9519999999975,0.0,True,True,False,False
2293,1175,1175:storage_in,179.73534999999174,179.73534999999174,0.0,True,True,False,False
2294,1175,1175:storage_out,258.4019999999982,258.4019999999982,0.0,True,True,False,False
2295,1176,1176:storage_in,178.0502799999922,178.0502799999922,0.0,True,True,False,False
2296,1176,1176:storage_out,259.4019999999982,259.4019999999982,0.0,True,True,False,False
2297,1177,1177:storage_in,47.401999999998225,47.401999999998225,0.0,True,True,False,False
2298,1177,1177:storage_out,329.7019999999975,329.7019999999975,0.0,True,True,False,False
2299,1178,1178:storage_in,211.380669999995,211.380669999995,0.0,True,True,False,False
2300,1178,1178:storage_out,202.15199999999822,202.15199999999822,0.0,True,True,False,False
2301,1179,1179:storage_in,54.504559999993944,54.504559999993944,0.0,True,True,False,False
2302,1179,1179:storage_out,316.1519999999982,316.1519999999982,0.0,True,True,False,False
2303,1180,1180:storage_in,216.58362999999736,216.58362999999736,0.0,True,True,False,False
2304,1180,1180:storage_out,200.40199999999822,200.40199999999822,0.0,True,True,False,False
2305,1181,1181:storage_in,46.89094999998997,46.850939999996626,-0.040009999993344536,True,True,False,False
2306,1181,1181:storage_out,287.9019999999982,293.1519999999982,5.25,True,True,False,False
2307,1182,1182:storage_in,54.75199999999677,54.75199999999677,0.0,True,True,False,False
2308,1182,1182:storage_out,209.4519999999975,209.4519999999975,0.0,True,True,False,False
2309,1183,1183:storage_in,53.52551999999923,53.56260999999722,0.03708999999798834,True,True,False,False
2310,1183,1183:storage_out,293.9019999999982,293.9019999999982,0.0,True,True,False,False
2311,1184,1184:storage_in,51.196029999999155,51.196029999999155,0.0,True,True,False,False
2312,1184,1184:storage_out,301.9519999999975,307.2019999999975,5.25,True,True,False,False
2313,1185,1185:storage_in,172.11476999998558,172.11476999998558,0.0,True,True,False,False
2314,1185,1185:storage_out,160.40199999999822,160.40199999999822,0.0,True,True,False,False
2315,1186,1186:storage_in,45.60199999999895,45.60199999999895,0.0,True,True,False,False
2316,1186,1186:storage_out,278.1519999999982,278.1519999999982,0.0,True,True,False,False
2317,1187,1187:storage_in,219.83929999999236,219.83929999999236,0.0,True,True,False,False
2318,1187,1187:storage_out,146.40199999999822,146.40199999999822,0.0,True,True,False,False
2319,1188,1188:storage_in,70.93815999999424,70.93815999999424,0.0,True,True,False,False
2320,1188,1188:storage_out,318.1519999999982,318.1519999999982,0.0,True,True,False,False
2321,1189,1189:direct,217.20200000000114,217.20200000000114,0.0,True,True,False,False
2322,1190,1190:storage_in,53.05464999999822,53.05464999999822,0.0,True,True,False,False
2323,1190,1190:storage_out,280.1519999999982,280.1519999999982,0.0,True,True,False,False
2324,1191,1191:direct,217.20200000000114,217.20200000000114,0.0,True,True,False,False
2325,1192,1192:storage_in,168.17438999998558,168.17438999998558,0.0,True,True,False,False
2326,1192,1192:storage_out,202.90199999999822,202.90199999999822,0.0,True,True,False,False
2327,1193,1193:direct,191.98789999999644,191.98789999999644,0.0,True,True,False,False
2328,1194,1194:storage_in,51.73356999999669,51.73356999999669,0.0,True,True,False,False
2329,1194,1194:storage_out,255.90199999999822,255.90199999999822,0.0,True,True,False,False
2330,1195,1195:storage_in,87.97240999999485,89.18532999999297,1.212919999998121,True,True,False,False
2331,1195,1195:storage_out,288.9019999999982,294.1519999999982,5.25,True,True,False,False
2332,1196,1196:storage_in,49.25199999999677,49.25199999999677,0.0,True,True,False,False
2333,1196,1196:storage_out,244.2019999999975,244.2019999999975,0.0,True,True,False,False
2334,1197,1197:storage_in,154.34105999999156,154.34105999999156,0.0,True,True,False,False
2335,1197,1197:storage_out,231.40199999999822,231.40199999999822,0.0,True,True,False,False
2336,1198,1198:storage_in,45.60199999999895,45.60199999999895,0.0,True,True,False,False
2337,1198,1198:storage_out,221.40199999999822,221.40199999999822,0.0,True,True,False,False
2338,1199,1199:storage_in,84.66665999999532,83.4537399999972,-1.212919999998121,True,True,False,False
2339,1199,1199:storage_out,289.9019999999982,295.1519999999982,5.25,True,True,False,False
2340,1200,1200:direct,222.10742000000027,222.10742000000027,0.0,True,True,False,False
2341,1201,1201:direct,189.00199999999677,189.00199999999677,0.0,True,True,False,False
2342,1202,1202:storage_in,49.729159999998956,49.729159999998956,0.0,True,True,False,False
2343,1202,1202:storage_out,295.9019999999982,295.9019999999982,0.0,True,True,False,False
2344,1203,1203:storage_in,79.53632999999536,79.53632999999536,0.0,True,True,False,False
2345,1203,1203:storage_out,320.1519999999982,320.1519999999982,0.0,True,True,False,False
2346,1204,1204:direct,217.20200000000114,217.20200000000114,0.0,True,True,False,False
2347,1205,1205:storage_in,49.00199999999677,49.00199999999677,0.0,True,True,False,False
2348,1205,1205:storage_out,282.1519999999982,282.1519999999982,0.0,True,True,False,False
2349,1206,1206:storage_in,80.62704999999187,80.62704999999187,0.0,True,True,False,False
2350,1206,1206:storage_out,292.6519999999982,296.1519999999982,3.5,True,True,False,False
2351,1207,1207:storage_in,49.00199999999677,49.00199999999677,0.0,True,True,False,False
2352,1207,1207:storage_out,164.90199999999822,164.90199999999822,0.0,True,True,False,False
2353,1208,1208:storage_in,47.401999999998225,47.401999999998225,0.0,True,True,False,False
2354,1208,1208:storage_out,180.40199999999822,180.40199999999822,0.0,True,True,False,False
2355,1209,1209:storage_in,55.81967999999324,55.81967999999324,0.0,True,True,False,False
2356,1209,1209:storage_out,322.1519999999982,322.1519999999982,0.0,True,True,False,False
2357,1210,1210:storage_in,79.15487999999459,79.15487999999459,0.0,True,True,False,False
2358,1210,1210:storage_out,293.6519999999982,297.1519999999982,3.5,True,True,False,False
2359,1211,1211:direct,189.75199999999677,189.75199999999677,0.0,True,True,False,False
2360,1212,1212:storage_in,49.45187999999689,49.45187999999689,0.0,True,True,False,False
2361,1212,1212:storage_out,336.2019999999975,336.2019999999975,0.0,True,True,False,False
2362,1213,1213:direct,188.2019999999975,188.2019999999975,0.0,True,True,False,False
2363,1214,1214:direct,217.20200000000114,217.20200000000114,0.0,True,True,False,False
2364,1215,1215:storage_in,46.651999999998225,46.651999999998225,0.0,True,True,False,False
2365,1215,1215:storage_out,268.1519999999982,268.1519999999982,0.0,True,True,False,False
2366,1216,1216:direct,220.60199999999895,220.60199999999895,0.0,True,True,False,False
2367,1217,1217:direct,195.4187499999971,195.4187499999971,0.0,True,True,False,False
2368,1218,1218:storage_in,59.02220999999918,59.02220999999918,0.0,True,True,False,False
2369,1218,1218:storage_out,269.1519999999982,269.1519999999982,0.0,True,True,False,False
2370,1219,1219:direct,222.0859300000011,222.0859300000011,0.0,True,True,False,False
2371,1220,1220:direct,193.85199999999531,193.85199999999531,0.0,True,True,False,False
2372,1221,1221:storage_in,57.132409999998345,57.132409999998345,0.0,True,True,False,False
2373,1221,1221:storage_out,270.1519999999982,270.1519999999982,0.0,True,True,False,False
2374,1222,1222:direct,217.20200000000114,217.20200000000114,0.0,True,True,False,False
2375,1223,1223:storage_in,45.60199999999895,45.60199999999895,0.0,True,True,False,False
2376,1223,1223:storage_out,257.9019999999982,257.9019999999982,0.0,True,True,False,False
2377,1224,1224:storage_in,132.19533999999112,132.19533999999112,0.0,True,True,False,False
2378,1224,1224:storage_out,204.40199999999822,204.40199999999822,0.0,True,True,False,False
2379,1225,1225:storage_in,49.00199999999677,49.00199999999677,0.0,True,True,False,False
2380,1225,1225:storage_out,337.2019999999975,337.2019999999975,0.0,True,True,False,False
2381,1226,1226:storage_in,53.101999999995314,53.101999999995314,0.0,True,True,False,False
2382,1226,1226:storage_out,271.1519999999982,271.1519999999982,0.0,True,True,False,False
2383,1227,1227:storage_in,49.32869999999457,49.32869999999457,0.0,True,True,False,False
2384,1227,1227:storage_out,338.2019999999975,338.2019999999975,0.0,True,True,False,False
2385,1228,1228:direct,217.20200000000114,217.20200000000114,0.0,True,True,False,False
2386,1229,1229:storage_in,126.51866999999038,126.51866999999038,0.0,True,True,False,False
2387,1229,1229:storage_out,220.40199999999822,220.40199999999822,0.0,True,True,False,False
2388,1230,1230:storage_in,49.00199999999677,49.00199999999677,0.0,True,True,False,False
2389,1230,1230:storage_out,339.2019999999975,339.2019999999975,0.0,True,True,False,False
2390,1231,1231:storage_in,45.901999999998225,45.901999999998225,0.0,True,True,False,False
2391,1231,1231:storage_out,272.1519999999982,272.1519999999982,0.0,True,True,False,False
2392,1232,1232:storage_in,52.851999999995314,52.851999999995314,0.0,True,True,False,False
2393,1232,1232:storage_out,325.6519999999982,325.6519999999982,0.0,True,True,False,False
2394,1233,1233:storage_in,48.151999999998225,48.151999999998225,0.0,True,True,False,False
2395,1233,1233:storage_out,307.7019999999975,311.2019999999975,3.5,True,True,False,False
2396,1234,1234:storage_in,45.60199999999895,45.60199999999895,0.0,True,True,False,False
2397,1234,1234:storage_out,162.40199999999822,162.40199999999822,0.0,True,True,False,False
2398,1235,1235:storage_in,51.25511999999435,51.25511999999435,0.0,True,True,False,False
2399,1235,1235:storage_out,326.6519999999982,326.6519999999982,0.0,True,True,False,False
2400,1236,1236:storage_in,49.00199999999677,49.00199999999677,0.0,True,True,False,False
2401,1236,1236:storage_out,170.40199999999822,170.40199999999822,0.0,True,True,False,False
2402,1237,1237:storage_in,45.901999999998225,45.901999999998225,0.0,True,True,False,False
2403,1237,1237:storage_out,294.6519999999982,298.1519999999982,3.5,True,True,False,False
2404,1238,1238:storage_in,49.401999999998225,49.401999999998225,0.0,True,True,False,False
2405,1238,1238:storage_out,171.40199999999822,171.40199999999822,0.0,True,True,False,False
2406,1239,1239:storage_in,70.86927999999534,70.86927999999534,0.0,True,True,False,False
2407,1239,1239:storage_out,327.6519999999982,327.6519999999982,0.0,True,True,False,False
2408,1240,1240:storage_in,45.60199999999895,45.60199999999895,0.0,True,True,False,False
2409,1240,1240:storage_out,245.4519999999975,245.4519999999975,0.0,True,True,False,False
2410,1241,1241:direct,191.60199999999531,191.60199999999531,0.0,True,True,False,False
2411,1242,1242:storage_in,45.60199999999895,45.60199999999895,0.0,True,True,False,False
2412,1242,1242:storage_out,163.40199999999822,163.40199999999822,0.0,True,True,False,False
2413,1243,1243:storage_in,52.39733999999953,52.39733999999953,0.0,True,True,False,False
2414,1243,1243:storage_out,172.40199999999822,172.40199999999822,0.0,True,True,False,False
2415,1244,1244:storage_in,73.30588999999236,73.30588999999236,0.0,True,True,False,False
2416,1244,1244:storage_out,328.6519999999982,328.6519999999982,0.0,True,True,False,False
2417,1245,1245:storage_in,54.851999999995314,54.851999999995314,0.0,True,True,False,False
2418,1245,1245:storage_out,308.7019999999975,312.2019999999975,3.5,True,True,False,False
2419,1246,1246:direct,189.00199999999677,189.00199999999677,0.0,True,True,False,False
2420,1247,1247:storage_in,54.25123999999778,54.25123999999778,0.0,True,True,False,False
2421,1247,1247:storage_out,149.40199999999822,149.40199999999822,0.0,True,True,False,False
2422,1248,1248:storage_in,64.1119899999976,64.1119899999976,0.0,True,True,False,False
2423,1248,1248:storage_out,329.6519999999982,329.6519999999982,0.0,True,True,False,False
2424,1249,1249:storage_in,49.455199999996694,49.455199999996694,0.0,True,True,False,False
2425,1249,1249:storage_out,309.7019999999975,313.2019999999975,3.5,True,True,False,False
2426,1250,1250:storage_in,45.60199999999895,45.60199999999895,0.0,True,True,False,False
2427,1250,1250:storage_out,291.6519999999982,291.6519999999982,0.0,True,True,False,False
2428,1251,1251:storage_in,45.917819999998756,45.917819999998756,0.0,True,True,False,False
2429,1251,1251:storage_out,173.40199999999822,173.40199999999822,0.0,True,True,False,False
2430,1252,1252:storage_in,70.46131999999125,70.46131999999125,0.0,True,True,False,False
2431,1252,1252:storage_out,296.1519999999982,299.6519999999982,3.5,True,True,False,False
2432,1253,1253:storage_in,87.18924999999217,87.18924999999217,0.0,True,True,False,False
2433,1253,1253:storage_out,261.4019999999982,261.4019999999982,0.0,True,True,False,False
2434,1254,1254:storage_in,50.017879999995785,50.017879999995785,0.0,True,True,False,False
2435,1254,1254:storage_out,174.40199999999822,174.40199999999822,0.0,True,True,False,False
2436,1255,1255:storage_in,45.60199999999895,45.60199999999895,0.0,True,True,False,False
2437,1255,1255:storage_out,218.4519999999975,218.4519999999975,0.0,True,True,False,False
2438,1256,1256:storage_in,65.86513999999806,65.86513999999806,0.0,True,True,False,False
2439,1256,1256:storage_out,331.6519999999982,331.6519999999982,0.0,True,True,False,False
2440,1257,1257:storage_in,48.848449999994045,48.848449999994045,0.0,True,True,False,False
2441,1257,1257:storage_out,258.9019999999982,258.9019999999982,0.0,True,True,False,False
2442,1258,1258:storage_in,49.00199999999677,49.00199999999677,0.0,True,True,False,False
2443,1258,1258:storage_out,246.4519999999975,246.4519999999975,0.0,True,True,False,False
2444,1259,1259:storage_in,63.522479999995994,63.522479999995994,0.0,True,True,False,False
2445,1259,1259:storage_out,297.1519999999982,300.6519999999982,3.5,True,True,False,False
2446,1260,1260:storage_in,49.40727999999581,49.40727999999581,0.0,True,True,False,False
2447,1260,1260:storage_out,216.2019999999975,216.2019999999975,0.0,True,True,False,False
2448,1261,1261:storage_in,61.90398999999161,61.90398999999161,0.0,True,True,False,False
2449,1261,1261:storage_out,298.1519999999982,301.6519999999982,3.5,True,True,False,False
2450,1262,1262:storage_in,45.60199999999895,45.60199999999895,0.0,True,True,False,False
2451,1262,1262:storage_out,247.4519999999975,247.4519999999975,0.0,True,True,False,False
2452,1263,1263:storage_in,46.401999999998225,46.401999999998225,0.0,True,True,False,False
2453,1263,1263:storage_out,161.40199999999822,161.40199999999822,0.0,True,True,False,False
2454,1264,1264:storage_in,62.90199999999095,62.90199999999095,0.0,True,True,False,False
2455,1264,1264:storage_out,299.1519999999982,302.6519999999982,3.5,True,True,False,False
2456,1265,1265:direct,223.63830999999846,223.63830999999846,0.0,True,True,False,False
2457,1266,1266:storage_in,59.19732999998814,59.19732999998814,0.0,True,True,False,False
2458,1266,1266:storage_out,300.1519999999982,303.6519999999982,3.5,True,True,False,False
2459,1267,1267:storage_in,46.401999999998225,46.401999999998225,0.0,True,True,False,False
2460,1267,1267:storage_out,217.2019999999975,217.2019999999975,0.0,True,True,False,False
2461,1268,1268:storage_in,49.75199999999677,49.75199999999677,0.0,True,True,False,False
2462,1268,1268:storage_out,293.6519999999982,293.6519999999982,0.0,True,True,False,False
2463,1269,1269:storage_in,58.83355999998821,58.83355999998821,0.0,True,True,False,False
2464,1269,1269:storage_out,301.1519999999982,304.6519999999982,3.5,True,True,False,False
2465,1270,1270:storage_in,45.60199999999895,45.60199999999895,0.0,True,True,False,False
2466,1270,1270:storage_out,315.2019999999975,318.7019999999975,3.5,True,True,False,False
2467,1271,1271:storage_in,117.03719999999157,117.03719999999157,0.0,True,True,False,False
2468,1271,1271:storage_out,147.40199999999822,147.40199999999822,0.0,True,True,False,False
2469,1272,1272:direct,188.2019999999975,188.2019999999975,0.0,True,True,False,False
2470,1273,1273:storage_in,53.851999999995314,53.851999999995314,0.0,True,True,False,False
2471,1273,1273:storage_out,302.1519999999982,305.6519999999982,3.5,True,True,False,False
2472,1274,1274:direct,221.60199999999895,221.60199999999895,0.0,True,True,False,False
2473,1275,1275:direct,192.35199999999531,192.35199999999531,0.0,True,True,False,False
2474,1276,1276:storage_in,50.185349999996106,50.185349999996106,0.0,True,True,False,False
2475,1276,1276:storage_out,303.1519999999982,306.6519999999982,3.5,True,True,False,False
2476,1277,1277:storage_in,46.401999999998225,46.401999999998225,0.0,True,True,False,False
2477,1277,1277:storage_out,198.2019999999975,198.2019999999975,0.0,True,True,False,False
2478,1278,1278:storage_in,105.22999999999229,105.22999999999229,0.0,True,True,False,False
2479,1278,1278:storage_out,187.40199999999822,187.40199999999822,0.0,True,True,False,False
2480,1279,1279:direct,189.00199999999677,189.00199999999677,0.0,True,True,False,False
2481,1280,1280:storage_in,55.385329999986425,55.385329999986425,0.0,True,True,False,False
2482,1280,1280:storage_out,262.4019999999982,262.4019999999982,0.0,True,True,False,False
2483,1281,1281:direct,201.00199999999677,201.00199999999677,0.0,True,True,False,False
2484,1282,1282:direct,188.2019999999975,188.2019999999975,0.0,True,True,False,False
2485,1283,1283:direct,204.00199999999313,204.00199999999313,0.0,True,True,False,False
2486,1284,1284:direct,192.60199999999531,192.60199999999531,0.0,True,True,False,False
2487,1285,1285:direct,217.20200000000114,217.20200000000114,0.0,True,True,False,False
2488,1286,1286:direct,189.00199999999677,189.00199999999677,0.0,True,True,False,False
2489,1287,1287:storage_in,52.53988000000027,52.53988000000027,0.0,True,True,False,False
2490,1287,1287:storage_out,346.7019999999975,346.7019999999975,0.0,True,True,False,False
2491,1288,1288:storage_in,52.50199999999677,52.50199999999677,0.0,True,True,False,False
2492,1288,1288:storage_out,263.4019999999982,263.4019999999982,0.0,True,True,False,False
2493,1289,1289:storage_in,45.901999999998225,45.901999999998225,0.0,True,True,False,False
2494,1289,1289:storage_out,298.9019999999982,298.9019999999982,0.0,True,True,False,False
2495,1290,1290:storage_in,50.151999999998225,50.151999999998225,0.0,True,True,False,False
2496,1290,1290:storage_out,204.9519999999975,204.9519999999975,0.0,True,True,False,False
2497,1291,1291:direct,188.2019999999975,188.2019999999975,0.0,True,True,False,False
2498,1292,1292:storage_in,63.470769999996264,63.470769999996264,0.0,True,True,False,False
2499,1292,1292:storage_out,304.1519999999982,307.6519999999982,3.5,True,True,False,False
2500,1293,1293:direct,217.20200000000114,217.20200000000114,0.0,True,True,False,False
2501,1294,1294:direct,191.60199999999531,191.60199999999531,0.0,True,True,False,False
2502,1295,1295:storage_in,57.601999999995314,57.601999999995314,0.0,True,True,False,False
2503,1295,1295:storage_out,333.6519999999982,333.6519999999982,0.0,True,True,False,False
2504,1296,1296:direct,220.60199999999895,220.60199999999895,0.0,True,True,False,False
2505,1297,1297:storage_in,47.901999999998225,47.901999999998225,0.0,True,True,False,False
2506,1297,1297:storage_out,334.6519999999982,334.6519999999982,0.0,True,True,False,False
2507,1298,1298:direct,218.0020000000004,218.0020000000004,0.0,True,True,False,False
2508,1299,1299:storage_in,46.401999999998225,46.401999999998225,0.0,True,True,False,False
2509,1299,1299:storage_out,225.40199999999822,225.40199999999822,0.0,True,True,False,False
2510,1300,1300:storage_in,50.50199999999677,50.50199999999677,0.0,True,True,False,False
2511,1300,1300:storage_out,335.6519999999982,335.6519999999982,0.0,True,True,False,False
2512,1301,1301:storage_in,45.60199999999895,45.60199999999895,0.0,True,True,False,False
2513,1301,1301:storage_out,297.6519999999982,297.6519999999982,0.0,True,True,False,False
2514,1302,1302:storage_in,52.851999999995314,52.851999999995314,0.0,True,True,False,False
2515,1302,1302:storage_out,337.6519999999982,337.6519999999982,0.0,True,True,False,False
2516,1303,1303:storage_in,45.60199999999895,45.60199999999895,0.0,True,True,False,False
2517,1303,1303:storage_out,248.4519999999975,248.4519999999975,0.0,True,True,False,False
2518,1304,1304:storage_in,46.401999999998225,46.401999999998225,0.0,True,True,False,False
2519,1304,1304:storage_out,338.6519999999982,338.6519999999982,0.0,True,True,False,False
2520,1305,1305:storage_in,49.00199999999677,49.00199999999677,0.0,True,True,False,False
2521,1305,1305:storage_out,249.4519999999975,249.4519999999975,0.0,True,True,False,False
2522,1306,1306:storage_in,52.25199999999677,52.25199999999677,0.0,True,True,False,False
2523,1306,1306:storage_out,265.4019999999982,265.4019999999982,0.0,True,True,False,False
2524,1307,1307:direct,220.78549999999814,220.78549999999814,0.0,True,True,False,False
2525,1308,1308:direct,217.20200000000114,217.20200000000114,0.0,True,True,False,False
2526,1309,1309:storage_in,56.851999999995314,56.851999999995314,0.0,True,True,False,False
2527,1309,1309:storage_out,339.6519999999982,339.6519999999982,0.0,True,True,False,False
2528,1310,1310:storage_in,49.00199999999677,49.00199999999677,0.0,True,True,False,False
2529,1310,1310:storage_out,250.4519999999975,250.4519999999975,0.0,True,True,False,False
2530,1311,1311:direct,192.60199999999531,192.60199999999531,0.0,True,True,False,False
2531,1312,1312:storage_in,49.81566999999632,49.81566999999632,0.0,True,True,False,False
2532,1312,1312:storage_out,299.9019999999982,299.9019999999982,0.0,True,True,False,False
2533,1313,1313:direct,189.00199999999677,189.00199999999677,0.0,True,True,False,False
2534,1314,1314:direct,188.2019999999975,188.2019999999975,0.0,True,True,False,False
2535,1315,1315:storage_in,50.00199999999677,50.00199999999677,0.0,True,True,False,False
2536,1315,1315:storage_out,305.1519999999982,310.6519999999982,5.5,True,True,False,False
2537,1316,1316:direct,191.60199999999531,191.60199999999531,0.0,True,True,False,False
2538,1317,1317:direct,190.00199999999677,190.00199999999677,0.0,True,True,False,False
2539,1318,1318:direct,188.2019999999975,188.2019999999975,0.0,True,True,False,False
2540,1319,1319:storage_in,46.401999999998225,46.401999999998225,0.0,True,True,False,False
2541,1319,1319:storage_out,218.2019999999975,218.2019999999975,0.0,True,True,False,False
2542,1320,1320:direct,194.7686599999979,194.7686599999979,0.0,True,True,False,False
2543,1321,1321:storage_in,45.60199999999895,45.60199999999895,0.0,True,True,False,False
2544,1321,1321:storage_out,205.9519999999975,205.9519999999975,0.0,True,True,False,False
2545,1322,1322:storage_in,46.401999999998225,46.401999999998225,0.0,True,True,False,False
2546,1322,1322:storage_out,319.2019999999975,324.7019999999975,5.5,True,True,False,False
2547,1323,1323:direct,189.50199999999677,189.50199999999677,0.0,True,True,False,False
2548,1324,1324:storage_in,50.00199999999677,50.00199999999677,0.0,True,True,False,False
2549,1324,1324:storage_out,203.15199999999822,203.15199999999822,0.0,True,True,False,False
2550,1325,1325:direct,188.2019999999975,188.2019999999975,0.0,True,True,False,False
2551,1326,1326:storage_in,53.351999999995314,53.351999999995314,0.0,True,True,False,False
2552,1326,1326:storage_out,188.40199999999822,188.40199999999822,0.0,True,True,False,False
2553,1327,1327:storage_in,49.00199999999677,49.00199999999677,0.0,True,True,False,False
2554,1327,1327:storage_out,320.2019999999975,325.7019999999975,5.5,True,True,False,False
2555,1328,1328:storage_in,54.08260999999766,54.08260999999766,0.0,True,True,False,False
2556,1328,1328:storage_out,300.9019999999982,300.9019999999982,0.0,True,True,False,False
2557,1329,1329:storage_in,49.328679999995074,49.328679999995074,0.0,True,True,False,False
2558,1329,1329:storage_out,321.2019999999975,326.7019999999975,5.5,True,True,False,False
2559,1330,1330:storage_in,54.519179999995686,54.519179999995686,0.0,True,True,False,False
2560,1330,1330:storage_out,189.40199999999822,189.40199999999822,0.0,True,True,False,False
2561,1331,1331:storage_in,50.00199999999677,50.00199999999677,0.0,True,True,False,False
2562,1331,1331:storage_out,203.40199999999822,203.40199999999822,0.0,True,True,False,False
2563,1332,1332:storage_in,45.60199999999895,45.60199999999895,0.0,True,True,False,False
2564,1332,1332:storage_out,210.4519999999975,210.4519999999975,0.0,True,True,False,False
2565,1333,1333:storage_in,61.868539999995846,61.868539999995846,0.0,True,True,False,False
2566,1333,1333:storage_out,236.90199999999822,236.90199999999822,0.0,True,True,False,False
2567,1334,1334:storage_in,46.151999999998225,46.151999999998225,0.0,True,True,False,False
2568,1334,1334:storage_out,192.40199999999822,192.40199999999822,0.0,True,True,False,False
2569,1335,1335:storage_in,49.00199999999677,49.00199999999677,0.0,True,True,False,False
2570,1335,1335:storage_out,322.2019999999975,327.7019999999975,5.5,True,True,False,False
2571,1336,1336:direct,192.85199999999531,192.85199999999531,0.0,True,True,False,False
2572,1337,1337:storage_in,58.01551999999356,58.01551999999356,0.0,True,True,False,False
2573,1337,1337:storage_out,237.90199999999822,237.90199999999822,0.0,True,True,False,False
2574,1338,1338:storage_in,50.57013000000006,50.57013000000006,0.0,True,True,False,False
2575,1338,1338:storage_out,279.4519999999975,279.4519999999975,0.0,True,True,False,False
2576,1339,1339:storage_in,56.49987999999939,56.49987999999939,0.0,True,True,False,False
2577,1339,1339:storage_out,238.90199999999822,238.90199999999822,0.0,True,True,False,False
2578,1340,1340:storage_in,51.50199999999677,51.50199999999677,0.0,True,True,False,False
2579,1340,1340:storage_out,165.40199999999822,165.40199999999822,0.0,True,True,False,False
2580,1341,1341:storage_in,45.60199999999895,45.60199999999895,0.0,True,True,False,False
2581,1341,1341:storage_out,219.2019999999975,219.2019999999975,0.0,True,True,False,False
2582,1342,1342:storage_in,46.401999999998225,46.401999999998225,0.0,True,True,False,False
2583,1342,1342:storage_out,301.9019999999982,301.9019999999982,0.0,True,True,False,False
2584,1343,1343:storage_in,49.75199999999677,49.75199999999677,0.0,True,True,False,False
2585,1343,1343:storage_out,323.2019999999975,328.7019999999975,5.5,True,True,False,False
2586,1344,1344:storage_in,45.60199999999895,45.60199999999895,0.0,True,True,False,False
2587,1344,1344:storage_out,263.9019999999982,263.9019999999982,0.0,True,True,False,False
2588,1345,1345:storage_in,52.851999999995314,52.851999999995314,0.0,True,True,False,False
2589,1345,1345:storage_out,186.40199999999822,186.40199999999822,0.0,True,True,False,False
2590,1346,1346:storage_in,52.601999999995314,52.601999999995314,0.0,True,True,False,False
2591,1346,1346:storage_out,205.40199999999822,205.40199999999822,0.0,True,True,False,False
2592,1347,1347:storage_in,46.401999999998225,46.401999999998225,0.0,True,True,False,False
2593,1347,1347:storage_out,266.4019999999982,266.4019999999982,0.0,True,True,False,False
2594,1348,1348:direct,191.60199999999531,191.60199999999531,0.0,True,True,False,False
2595,1349,1349:storage_in,46.401999999998225,46.401999999998225,0.0,True,True,False,False
2596,1349,1349:storage_out,264.9019999999982,264.9019999999982,0.0,True,True,False,False
2597,1350,1350:direct,188.2019999999975,188.2019999999975,0.0,True,True,False,False
2598,1351,1351:storage_in,50.00199999999677,50.00199999999677,0.0,True,True,False,False
2599,1351,1351:storage_out,304.9019999999982,304.9019999999982,0.0,True,True,False,False
2600,1352,1352:direct,191.60199999999531,191.60199999999531,0.0,True,True,False,False
2601,1353,1353:direct,192.00634999999238,192.00634999999238,0.0,True,True,False,False
2602,1354,1354:direct,188.2019999999975,188.2019999999975,0.0,True,True,False,False
2603,1355,1355:direct,191.85199999999531,191.85199999999531,0.0,True,True,False,False
2604,1356,1356:storage_in,46.401999999998225,46.401999999998225,0.0,True,True,False,False
2605,1356,1356:storage_out,252.9519999999975,252.9519999999975,0.0,True,True,False,False
2606,1357,1357:direct,190.50199999999677,190.50199999999677,0.0,True,True,False,False
2607,1358,1358:storage_in,52.601999999995314,52.601999999995314,0.0,True,True,False,False
2608,1358,1358:storage_out,305.9019999999982,305.9019999999982,0.0,True,True,False,False
2609,1359,1359:storage_in,45.401999999998225,45.401999999998225,0.0,True,True,False,False
2610,1359,1359:storage_out,310.6519999999982,315.1519999999982,4.5,True,True,False,False
2611,1360,1360:storage_in,50.00199999999677,50.00199999999677,0.0,True,True,False,False
2612,1360,1360:storage_out,313.6519999999982,316.1519999999982,2.5,True,True,False,False
2613,1361,1361:storage_in,54.601999999995314,54.601999999995314,0.0,True,True,False,False
2614,1361,1361:storage_out,189.40199999999822,189.40199999999822,0.0,True,True,False,False
2615,1362,1362:storage_in,45.651999999998225,45.651999999998225,0.0,True,True,False,False
2616,1362,1362:storage_out,306.9019999999982,306.9019999999982,0.0,True,True,False,False
2617,1363,1363:storage_in,50.00199999999677,50.00199999999677,0.0,True,True,False,False
2618,1363,1363:storage_out,307.9019999999982,307.9019999999982,0.0,True,True,False,False
2619,1364,1364:direct,188.2019999999975,188.2019999999975,0.0,True,True,False,False
2620,1365,1365:storage_in,52.601999999995314,52.601999999995314,0.0,True,True,False,False
2621,1365,1365:storage_out,310.4019999999982,310.4019999999982,0.0,True,True,False,False
2622,1366,1366:storage_in,46.151999999998225,46.151999999998225,0.0,True,True,False,False
2623,1366,1366:storage_out,221.40199999999822,221.40199999999822,0.0,True,True,False,False
2624,1367,1367:storage_in,50.50199999999677,50.50199999999677,0.0,True,True,False,False
2625,1367,1367:storage_out,314.6519999999982,317.1519999999982,2.5,True,True,False,False
2626,1368,1368:storage_in,46.80199999999604,46.80199999999604,0.0,True,True,False,False
2627,1368,1368:storage_out,340.6519999999982,340.6519999999982,0.0,True,True,False,False
2628,1369,1369:storage_in,56.7368999999926,56.7368999999926,0.0,True,True,False,False
2629,1369,1369:storage_out,222.40199999999822,222.40199999999822,0.0,True,True,False,False
2630,1370,1370:storage_in,46.80199999999604,46.80199999999604,0.0,True,True,False,False
2631,1370,1370:storage_out,341.6519999999982,341.6519999999982,0.0,True,True,False,False
2632,1371,1371:storage_in,49.00199999999677,49.00199999999677,0.0,True,True,False,False
2633,1371,1371:storage_out,276.6519999999982,279.1519999999982,2.5,True,True,False,False
2634,1372,1372:storage_in,46.80199999999604,46.80199999999604,0.0,True,True,False,False
2635,1372,1372:storage_out,342.6519999999982,342.6519999999982,0.0,True,True,False,False
2636,1373,1373:storage_in,46.901999999998225,46.901999999998225,0.0,True,True,False,False
2637,1373,1373:storage_out,228.40199999999822,228.40199999999822,0.0,True,True,False,False
2638,1374,1374:storage_in,50.126259999993636,50.126259999993636,0.0,True,True,False,False
2639,1374,1374:storage_out,343.6519999999982,343.6519999999982,0.0,True,True,False,False
2640,1375,1375:storage_in,45.60199999999895,45.60199999999895,0.0,True,True,False,False
2641,1375,1375:storage_out,253.9519999999975,253.9519999999975,0.0,True,True,False,False
2642,1376,1376:storage_in,45.86507999999958,45.86507999999958,0.0,True,True,False,False
2643,1376,1376:storage_out,277.6519999999982,281.4019999999982,3.75,True,True,False,False
2644,1377,1377:storage_in,46.80199999999604,46.80199999999604,0.0,True,True,False,False
2645,1377,1377:storage_out,217.9519999999975,217.9519999999975,0.0,True,True,False,False
2646,1378,1378:storage_in,45.401999999998225,45.401999999998225,0.0,True,True,False,False
2647,1378,1378:storage_out,344.6519999999982,344.6519999999982,0.0,True,True,False,False
2648,1379,1379:storage_in,49.00199999999677,49.00199999999677,0.0,True,True,False,False
2649,1379,1379:storage_out,275.1519999999982,275.1519999999982,0.0,True,True,False,False
2650,1380,1380:storage_in,46.80199999999604,46.80199999999604,0.0,True,True,False,False
2651,1380,1380:storage_out,218.9519999999975,218.9519999999975,0.0,True,True,False,False
2652,1381,1381:storage_in,50.30199999999604,50.30199999999604,0.0,True,True,False,False
2653,1381,1381:storage_out,317.6519999999982,321.4019999999982,3.75,True,True,False,False
2654,1382,1382:storage_in,46.401999999998225,46.401999999998225,0.0,True,True,False,False
2655,1382,1382:storage_out,279.6519999999982,283.4019999999982,3.75,True,True,False,False
2656,1383,1383:storage_in,45.60199999999895,45.60199999999895,0.0,True,True,False,False
2657,1383,1383:storage_out,276.1519999999982,276.1519999999982,0.0,True,True,False,False
2658,1384,1384:storage_in,46.80199999999604,46.80199999999604,0.0,True,True,False,False
2659,1384,1384:storage_out,319.6519999999982,323.4029999999984,3.7510000000002037,True,True,False,False
2660,1385,1385:storage_in,49.00199999999677,49.00199999999677,0.0,True,True,False,False
2661,1385,1385:storage_out,166.40199999999822,166.40199999999822,0.0,True,True,False,False
2662,1386,1386:storage_in,46.80199999999604,46.80199999999604,0.0,True,True,False,False
2663,1386,1386:storage_out,320.6519999999982,324.6519999999982,4.0,True,True,False,False
2664,1387,1387:storage_in,49.00199999999677,49.00199999999677,0.0,True,True,False,False
2665,1387,1387:storage_out,254.9519999999975,254.9519999999975,0.0,True,True,False,False
2666,1388,1388:storage_in,46.80199999999604,46.80199999999604,0.0,True,True,False,False
2667,1388,1388:storage_out,306.6519999999982,306.6519999999982,0.0,True,True,False,False
2668,1389,1389:storage_in,47.05199999999604,47.05199999999604,0.0,True,True,False,False
2669,1389,1389:storage_out,346.6519999999982,346.6519999999982,0.0,True,True,False,False
2670,1390,1390:storage_in,58.695369999994,58.695369999994,0.0,True,True,False,False
2671,1390,1390:storage_out,347.6519999999982,347.6519999999982,0.0,True,True,False,False
2672,1391,1391:storage_in,46.80199999999604,46.80199999999604,0.0,True,True,False,False
2673,1391,1391:storage_out,309.6519999999982,309.6519999999982,0.0,True,True,False,False
2674,1392,1392:storage_in,46.80199999999604,46.80199999999604,0.0,True,True,False,False
2675,1392,1392:storage_out,312.6519999999982,312.6519999999982,0.0,True,True,False,False
2676,1393,1393:storage_in,47.72686999999496,47.72686999999496,0.0,True,True,False,False
2677,1393,1393:storage_out,323.4019999999982,325.6519999999982,2.25,True,True,False,False
2678,1394,1394:storage_in,47.05199999999604,47.05199999999604,0.0,True,True,False,False
2679,1394,1394:storage_out,365.7019999999975,365.7019999999975,0.0,True,True,False,False
2680,1395,1395:storage_in,47.70002999999633,47.70002999999633,0.0,True,True,False,False
2681,1395,1395:storage_out,324.4019999999982,326.6519999999982,2.25,True,True,False,False
2682,1396,1396:storage_in,46.80199999999604,46.80199999999604,0.0,True,True,False,False
2683,1396,1396:storage_out,338.4519999999975,340.7019999999975,2.25,True,True,False,False
2684,1397,1397:storage_in,47.50442999999359,47.50442999999359,0.0,True,True,False,False
2685,1397,1397:storage_out,286.4019999999982,288.6529999999984,2.2510000000002037,True,True,False,False
2686,1398,1398:storage_in,47.05199999999604,47.05199999999604,0.0,True,True,False,False
2687,1398,1398:storage_out,326.4019999999982,328.9019999999982,2.5,True,True,False,False
2688,1399,1399:storage_in,46.401999999998225,46.401999999998225,0.0,True,True,False,False
2689,1399,1399:storage_out,277.1519999999982,277.1519999999982,0.0,True,True,False,False
2690,1400,1400:storage_in,47.30199999999604,47.30199999999604,0.0,True,True,False,False
2691,1400,1400:storage_out,288.4019999999982,290.9019999999982,2.5,True,True,False,False
2692,1401,1401:storage_in,47.05199999999604,47.05199999999604,0.0,True,True,False,False
2693,1401,1401:storage_out,328.4019999999982,330.9019999999982,2.5,True,True,False,False
2694,1402,1402:storage_in,46.80199999999604,46.80199999999604,0.0,True,True,False,False
2695,1402,1402:storage_out,166.40199999999822,166.40199999999822,0.0,True,True,False,False
2696,1403,1403:storage_in,48.80199999999604,48.80199999999604,0.0,True,True,False,False
2697,1403,1403:storage_out,329.4019999999982,331.9029999999984,2.5010000000002037,True,True,False,False
2698,1404,1404:storage_in,45.60199999999895,45.60199999999895,0.0,True,True,False,False
2699,1404,1404:storage_out,175.40199999999822,175.40199999999822,0.0,True,True,False,False
2700,1405,1405:storage_in,54.851999999995314,54.851999999995314,0.0,True,True,False,False
2701,1405,1405:storage_out,317.1519999999982,317.1529999999984,0.0010000000002037268,True,True,False,False
2702,1406,1406:storage_in,46.80199999999604,46.80199999999604,0.0,True,True,False,False
2703,1406,1406:storage_out,167.40199999999822,167.40199999999822,0.0,True,True,False,False
2704,1407,1407:storage_in,46.80199999999604,46.80199999999604,0.0,True,True,False,False
2705,1407,1407:storage_out,330.4019999999982,333.1519999999982,2.75,True,True,False,False
2706,1408,1408:storage_in,46.80199999999604,46.80199999999604,0.0,True,True,False,False
2707,1408,1408:storage_out,168.40199999999822,168.40199999999822,0.0,True,True,False,False
2708,1409,1409:storage_in,46.80199999999604,46.80199999999604,0.0,True,True,False,False
2709,1409,1409:storage_out,208.40199999999822,208.40199999999822,0.0,True,True,False,False
2710,1410,1410:storage_in,46.80199999999604,46.80199999999604,0.0,True,True,False,False
2711,1410,1410:storage_out,170.40199999999822,170.40199999999822,0.0,True,True,False,False
2712,1411,1411:storage_in,46.80199999999604,46.80199999999604,0.0,True,True,False,False
2713,1411,1411:storage_out,210.40199999999822,210.40199999999822,0.0,True,True,False,False
2714,1412,1412:storage_in,46.80199999999604,46.80199999999604,0.0,True,True,False,False
2715,1412,1412:storage_out,313.6519999999982,313.6519999999982,0.0,True,True,False,False
2716,1413,1413:storage_in,46.80199999999604,46.80199999999604,0.0,True,True,False,False
2717,1413,1413:storage_out,344.4519999999975,347.2019999999975,2.75,True,True,False,False
2718,1414,1414:storage_in,46.80199999999604,46.80199999999604,0.0,True,True,False,False
2719,1414,1414:storage_out,314.6519999999982,314.6519999999982,0.0,True,True,False,False
2720,1415,1415:storage_in,46.80199999999604,46.80199999999604,0.0,True,True,False,False
2721,1415,1415:storage_out,345.4519999999975,348.2019999999975,2.75,True,True,False,False
2722,1416,1416:storage_in,46.80199999999604,46.80199999999604,0.0,True,True,False,False
2723,1416,1416:storage_out,172.40199999999822,172.40199999999822,0.0,True,True,False,False
2724,1417,1417:storage_in,46.80199999999604,46.80199999999604,0.0,True,True,False,False
2725,1417,1417:storage_out,354.6519999999982,354.6519999999982,0.0,True,True,False,False
2726,1418,1418:storage_in,46.80199999999604,46.80199999999604,0.0,True,True,False,False
2727,1418,1418:storage_out,173.40199999999822,173.40199999999822,0.0,True,True,False,False
2728,1419,1419:storage_in,47.34342999999717,47.34342999999717,0.0,True,True,False,False
2729,1419,1419:storage_out,355.6519999999982,355.6519999999982,0.0,True,True,False,False
2730,1420,1420:storage_in,48.2769599999956,48.2769599999956,0.0,True,True,False,False
2731,1420,1420:storage_out,346.4519999999975,349.2019999999975,2.75,True,True,False,False
2732,1421,1421:storage_in,47.222609999997076,47.222609999997076,0.0,True,True,False,False
2733,1421,1421:storage_out,356.6519999999982,356.6519999999982,0.0,True,True,False,False
2734,1422,1422:storage_in,46.80199999999604,46.80199999999604,0.0,True,True,False,False
2735,1422,1422:storage_out,357.6519999999982,357.6519999999982,0.0,True,True,False,False
2736,1423,1423:storage_in,46.80199999999604,46.80199999999604,0.0,True,True,False,False
2737,1423,1423:storage_out,358.6519999999982,358.6519999999982,0.0,True,True,False,False
2738,1424,1424:storage_in,46.80199999999604,46.80199999999604,0.0,True,True,False,False
2739,1424,1424:storage_out,347.4519999999975,350.2029999999977,2.7510000000002037,True,True,False,False
2740,1425,1425:storage_in,47.31321999999636,47.31321999999636,0.0,True,True,False,False
2741,1425,1425:storage_out,294.9019999999982,297.6519999999982,2.75,True,True,False,False
2742,1426,1426:storage_in,46.80199999999604,46.80199999999604,0.0,True,True,False,False
2743,1426,1426:storage_out,359.6519999999982,359.6519999999982,0.0,True,True,False,False
2744,1427,1427:storage_in,46.80199999999604,46.80199999999604,0.0,True,True,False,False
2745,1427,1427:storage_out,348.4519999999975,351.4519999999975,3.0,True,True,False,False
2746,1428,1428:storage_in,46.80199999999604,46.80199999999604,0.0,True,True,False,False
2747,1428,1428:storage_out,349.4519999999975,352.4519999999975,3.0,True,True,False,False
2748,1429,1429:storage_in,46.80199999999604,46.80199999999604,0.0,True,True,False,False
2749,1429,1429:storage_out,194.40199999999822,194.40199999999822,0.0,True,True,False,False
2750,1430,1430:storage_in,46.80199999999604,46.80199999999604,0.0,True,True,False,False
2751,1430,1430:storage_out,195.40199999999822,195.40199999999822,0.0,True,True,False,False
2752,1431,1431:storage_in,46.80199999999604,46.80199999999604,0.0,True,True,False,False
2753,1431,1431:storage_out,373.7019999999975,373.7019999999975,0.0,True,True,False,False
2754,1432,1432:storage_in,46.80199999999604,46.80199999999604,0.0,True,True,False,False
2755,1432,1432:storage_out,374.7019999999975,374.7019999999975,0.0,True,True,False,False
2756,1433,1433:storage_in,46.80199999999604,46.80199999999604,0.0,True,True,False,False
2757,1433,1433:storage_out,174.40199999999822,174.40199999999822,0.0,True,True,False,False
2758,1434,1434:storage_in,47.30199999999604,47.30199999999604,0.0,True,True,False,False
2759,1434,1434:storage_out,375.7019999999975,375.7019999999975,0.0,True,True,False,False
2760,1435,1435:storage_in,47.71073999999862,47.71073999999862,0.0,True,True,False,False
2761,1435,1435:storage_out,323.1519999999982,323.1519999999982,0.0,True,True,False,False
2762,1436,1436:storage_in,45.60199999999895,45.60199999999895,0.0,True,True,False,False
2763,1436,1436:storage_out,162.40199999999822,162.40199999999822,0.0,True,True,False,False
2764,1437,1437:storage_in,47.30199999999604,47.30199999999604,0.0,True,True,False,False
2765,1437,1437:storage_out,376.7019999999975,376.7019999999975,0.0,True,True,False,False
2766,1438,1438:storage_in,46.80199999999604,46.80199999999604,0.0,True,True,False,False
2767,1438,1438:storage_out,196.40199999999822,196.40199999999822,0.0,True,True,False,False
2768,1439,1439:storage_in,46.80199999999604,46.80199999999604,0.0,True,True,False,False
2769,1439,1439:storage_out,335.9019999999982,338.9019999999982,3.0,True,True,False,False
2770,1440,1440:storage_in,46.80199999999604,46.80199999999604,0.0,True,True,False,False
2771,1440,1440:storage_out,363.1519999999982,363.1519999999982,0.0,True,True,False,False
2772,1441,1441:storage_in,47.33765999999741,47.33765999999741,0.0,True,True,False,False
2773,1441,1441:storage_out,197.40199999999822,197.40199999999822,0.0,True,True,False,False
2774,1442,1442:storage_in,46.80199999999604,46.80199999999604,0.0,True,True,False,False
2775,1442,1442:storage_out,325.1519999999982,325.1519999999982,0.0,True,True,False,False
2776,1443,1443:storage_in,47.793549999994866,47.793549999994866,0.0,True,True,False,False
2777,1443,1443:storage_out,378.2019999999975,378.2019999999975,0.0,True,True,False,False
2778,1444,1444:storage_in,46.80199999999604,46.80199999999604,0.0,True,True,False,False
2779,1444,1444:storage_out,379.2019999999975,379.2019999999975,0.0,True,True,False,False
2780,1445,1445:storage_in,46.80199999999604,46.80199999999604,0.0,True,True,False,False
2781,1445,1445:storage_out,350.4519999999975,353.4519999999975,3.0,True,True,False,False
2782,1446,1446:storage_in,46.80199999999604,46.80199999999604,0.0,True,True,False,False
2783,1446,1446:storage_out,380.2019999999975,380.2019999999975,0.0,True,True,False,False
2784,1447,1447:storage_in,49.00199999999677,49.00199999999677,0.0,True,True,False,False
2785,1447,1447:storage_out,297.9019999999982,300.9019999999982,3.0,True,True,False,False
2786,1448,1448:storage_in,46.80199999999604,46.80199999999604,0.0,True,True,False,False
2787,1448,1448:storage_out,337.9019999999982,340.9019999999982,3.0,True,True,False,False
2788,1449,1449:storage_in,46.80199999999604,46.80199999999604,0.0,True,True,False,False
2789,1449,1449:storage_out,176.40199999999822,176.40199999999822,0.0,True,True,False,False
2790,1450,1450:storage_in,46.80199999999604,46.80199999999604,0.0,True,True,False,False
2791,1450,1450:storage_out,366.6519999999982,366.6519999999982,0.0,True,True,False,False
2792,1451,1451:storage_in,46.80199999999604,46.80199999999604,0.0,True,True,False,False
2793,1451,1451:storage_out,279.1519999999982,279.4019999999982,0.25,True,True,False,False
2794,1452,1452:storage_in,46.80199999999604,46.80199999999604,0.0,True,True,False,False
2795,1452,1452:storage_out,367.6519999999982,367.6519999999982,0.0,True,True,False,False
2796,1453,1453:direct,189.4019999999946,189.4019999999946,0.0,True,True,False,False
2797,1454,1454:storage_in,46.80199999999604,46.80199999999604,0.0,True,True,False,False
2798,1454,1454:storage_out,319.1519999999982,319.4019999999982,0.25,True,True,False,False
2799,1455,1455:direct,189.4019999999946,189.4019999999946,0.0,True,True,False,False
2800,1456,1456:storage_in,47.09815999999773,47.09815999999773,0.0,True,True,False,False
2801,1456,1456:storage_out,175.40199999999822,175.40199999999822,0.0,True,True,False,False
2802,1457,1457:storage_in,46.80199999999604,46.80199999999604,0.0,True,True,False,False
2803,1457,1457:storage_out,320.1519999999982,320.4019999999982,0.25,True,True,False,False
2804,1458,1458:storage_in,46.80199999999604,46.80199999999604,0.0,True,True,False,False
2805,1458,1458:storage_out,228.4519999999975,228.4519999999975,0.0,True,True,False,False
2806,1459,1459:storage_in,46.80199999999604,46.80199999999604,0.0,True,True,False,False
2807,1459,1459:storage_out,338.9019999999982,341.9019999999982,3.0,True,True,False,False
2808,1460,1460:storage_in,46.80199999999604,46.80199999999604,0.0,True,True,False,False
2809,1460,1460:storage_out,223.40199999999822,223.40199999999822,0.0,True,True,False,False
2810,1461,1461:storage_in,45.401999999998225,45.401999999998225,0.0,True,True,False,False
2811,1461,1461:storage_out,282.1519999999982,282.4029999999984,0.2510000000002037,True,True,False,False
2812,1462,1462:storage_in,46.401999999998225,46.401999999998225,0.0,True,True,False,False
2813,1462,1462:storage_out,329.6519999999982,329.6519999999982,0.0,True,True,False,False
2814,1463,1463:direct,220.60199999999895,220.60199999999895,0.0,True,True,False,False
2815,1464,1464:storage_in,45.60199999999895,45.60199999999895,0.0,True,True,False,False
2816,1464,1464:storage_out,330.6519999999982,330.6519999999982,0.0,True,True,False,False
2817,1465,1465:storage_in,46.80199999999604,46.80199999999604,0.0,True,True,False,False
2818,1465,1465:storage_out,268.4019999999982,268.4019999999982,0.0,True,True,False,False
2819,1466,1466:storage_in,47.151999999998225,47.151999999998225,0.0,True,True,False,False
2820,1466,1466:storage_out,220.2019999999975,220.2019999999975,0.0,True,True,False,False
2821,1467,1467:storage_in,50.00199999999677,50.00199999999677,0.0,True,True,False,False
2822,1467,1467:storage_out,283.1519999999982,283.6519999999982,0.5,True,True,False,False
2823,1468,1468:storage_in,45.60199999999895,45.60199999999895,0.0,True,True,False,False
2824,1468,1468:storage_out,383.7019999999975,383.7019999999975,0.0,True,True,False,False
2825,1469,1469:storage_in,46.80199999999604,46.80199999999604,0.0,True,True,False,False
2826,1469,1469:storage_out,370.6519999999982,370.6519999999982,0.0,True,True,False,False
2827,1470,1470:storage_in,217.2873099999888,217.2873099999888,0.0,True,True,False,False
2828,1470,1470:storage_out,148.40199999999822,148.40199999999822,0.0,True,True,False,False
2829,1471,1471:storage_in,49.00199999999677,49.00199999999677,0.0,True,True,False,False
2830,1471,1471:storage_out,384.7019999999975,384.7019999999975,0.0,True,True,False,False
2831,1472,1472:storage_in,46.401999999998225,46.401999999998225,0.0,True,True,False,False
2832,1472,1472:storage_out,162.40199999999822,162.40199999999822,0.0,True,True,False,False
2833,1473,1473:storage_in,49.589390000001,49.589390000001,0.0,True,True,False,False
2834,1473,1473:storage_out,352.9519999999975,355.9519999999975,3.0,True,True,False,False
2835,1474,1474:storage_in,49.401999999998225,49.401999999998225,0.0,True,True,False,False
2836,1474,1474:storage_out,255.9519999999975,255.9519999999975,0.0,True,True,False,False
2837,1475,1475:storage_in,50.25199999999677,50.25199999999677,0.0,True,True,False,False
2838,1475,1475:storage_out,284.1519999999982,284.6519999999982,0.5,True,True,False,False
2839,1476,1476:direct,217.20200000000114,217.20200000000114,0.0,True,True,False,False
2840,1477,1477:storage_in,48.801159999995434,48.801159999995434,0.0,True,True,False,False
2841,1477,1477:storage_out,339.9019999999982,342.9019999999982,3.0,True,True,False,False
2842,1478,1478:storage_in,208.80768999999054,208.80768999999054,0.0,True,True,False,False
2843,1478,1478:storage_out,151.40199999999822,151.40199999999822,0.0,True,True,False,False
2844,1479,1479:direct,194.85797999999704,194.85797999999704,0.0,True,True,False,False
2845,1480,1480:storage_in,47.30199999999604,47.30199999999604,0.0,True,True,False,False
2846,1480,1480:storage_out,285.1519999999982,285.6519999999982,0.5,True,True,False,False
2847,1481,1481:storage_in,99.8670699999966,99.8670699999966,0.0,True,True,False,False
2848,1481,1481:storage_out,340.9019999999982,343.9019999999982,3.0,True,True,False,False
2849,1482,1482:storage_in,79.49442999999883,79.49442999999883,0.0,True,True,False,False
2850,1482,1482:storage_out,371.6519999999982,371.6519999999982,0.0,True,True,False,False
2851,1483,1483:storage_in,52.101999999995314,52.101999999995314,0.0,True,True,False,False
2852,1483,1483:storage_out,286.1519999999982,286.6529999999984,0.5010000000002037,True,True,False,False
2853,1484,1484:storage_in,76.84867999999551,76.84867999999551,0.0,True,True,False,False
2854,1484,1484:storage_out,372.6519999999982,372.6519999999982,0.0,True,True,False,False
2855,1485,1485:direct,193.08171999999468,193.08171999999468,0.0,True,True,False,False
2856,1486,1486:storage_in,45.60199999999895,45.60199999999895,0.0,True,True,False,False
2857,1486,1486:storage_out,386.7019999999975,386.7019999999975,0.0,True,True,False,False
2858,1487,1487:storage_in,197.05106999999407,197.05106999999407,0.0,True,True,False,False
2859,1487,1487:storage_out,157.90199999999822,157.90199999999822,0.0,True,True,False,False
2860,1488,1488:storage_in,200.51399999999194,200.51399999999194,0.0,True,True,False,False
2861,1488,1488:storage_out,202.40199999999822,202.40199999999822,0.0,True,True,False,False
2862,1489,1489:direct,188.2019999999975,188.2019999999975,0.0,True,True,False,False
2863,1490,1490:storage_in,49.50199999999677,49.50199999999677,0.0,True,True,False,False
2864,1490,1490:storage_out,387.7019999999975,387.7019999999975,0.0,True,True,False,False
2865,1491,1491:storage_in,135.88726999999562,135.88726999999562,0.0,True,True,False,False
2866,1491,1491:storage_out,242.40199999999822,242.40199999999822,0.0,True,True,False,False
2867,1492,1492:storage_in,76.91489999999612,75.7889799999939,-1.1259200000022247,True,True,False,False
2868,1492,1492:storage_out,374.1519999999982,374.1519999999982,0.0,True,True,False,False
2869,1493,1493:storage_in,61.102069999993546,61.102069999993546,0.0,True,True,False,False
2870,1493,1493:storage_out,163.40199999999822,163.40199999999822,0.0,True,True,False,False
2871,1494,1494:storage_in,160.17036999998163,160.17036999998163,0.0,True,True,False,False
2872,1494,1494:storage_out,221.2019999999975,221.2019999999975,0.0,True,True,False,False
2873,1495,1495:storage_in,52.314259999999194,52.314259999999194,0.0,True,True,False,False
2874,1495,1495:storage_out,388.7019999999975,388.7019999999975,0.0,True,True,False,False
2875,1496,1496:storage_in,68.1823499999955,68.1823499999955,0.0,True,True,False,False
2876,1496,1496:storage_out,287.1519999999982,287.9019999999982,0.75,True,True,False,False
2877,1497,1497:storage_in,73.3092299999953,74.43514999999752,1.1259200000022247,True,True,False,False
2878,1497,1497:storage_out,389.7019999999975,389.7019999999975,0.0,True,True,False,False
2879,1498,1498:direct,192.00199999999677,192.00199999999677,0.0,True,True,False,False
2880,1499,1499:direct,236.4684300000008,236.48083000000042,0.01239999999961583,True,True,False,False
2881,1500,1500:storage_in,45.60199999999895,45.60199999999895,0.0,True,True,False,False
2882,1500,1500:storage_out,390.7019999999975,390.7019999999975,0.0,True,True,False,False
2883,1501,1501:storage_in,180.7203999999947,180.7203999999947,0.0,True,True,False,False
2884,1501,1501:storage_out,176.40199999999822,176.40199999999822,0.0,True,True,False,False
2885,1502,1502:direct,188.2019999999975,188.2019999999975,0.0,True,True,False,False
2886,1503,1503:storage_in,156.93698999998014,156.93698999998014,0.0,True,True,False,False
2887,1503,1503:storage_out,222.2019999999975,222.2019999999975,0.0,True,True,False,False
2888,1504,1504:storage_in,52.92038999999568,52.92038999999568,0.0,True,True,False,False
2889,1504,1504:storage_out,391.7019999999975,391.7019999999975,0.0,True,True,False,False
2890,1505,1505:storage_in,73.69370999999228,73.69370999999228,0.0,True,True,False,False
2891,1505,1505:storage_out,378.1519999999982,378.1519999999982,0.0,True,True,False,False
2892,1506,1506:direct,189.25199999999677,189.25199999999677,0.0,True,True,False,False
2893,1507,1507:storage_in,52.101999999995314,52.101999999995314,0.0,True,True,False,False
2894,1507,1507:storage_out,340.1519999999982,340.1519999999982,0.0,True,True,False,False
2895,1508,1508:storage_in,49.36045999999624,49.36045999999624,0.0,True,True,False,False
2896,1508,1508:storage_out,393.2019999999975,393.2019999999975,0.0,True,True,False,False
2897,1509,1509:storage_in,73.41258999999627,73.41258999999627,0.0,True,True,False,False
2898,1509,1509:storage_out,380.1519999999982,380.1519999999982,0.0,True,True,False,False
2899,1510,1510:direct,204.81947999999466,204.81947999999466,0.0,True,True,False,False
2900,1511,1511:storage_in,45.60199999999895,45.60199999999895,0.0,True,True,False,False
2901,1511,1511:storage_out,288.1519999999982,288.9019999999982,0.75,True,True,False,False
2902,1512,1512:storage_in,123.85861999999543,123.85861999999543,0.0,True,True,False,False
2903,1512,1512:storage_out,243.40199999999822,243.40199999999822,0.0,True,True,False,False
2904,1513,1513:storage_in,66.48506999999518,66.48506999999518,0.0,True,True,False,False
2905,1513,1513:storage_out,394.2019999999975,394.2019999999975,0.0,True,True,False,False
2906,1514,1514:storage_in,45.60199999999895,45.60199999999895,0.0,True,True,False,False
2907,1514,1514:storage_out,395.2019999999975,395.2019999999975,0.0,True,True,False,False
2908,1515,1515:direct,192.10199999999531,192.10199999999531,0.0,True,True,False,False
2909,1516,1516:storage_in,52.00199999999677,52.00199999999677,0.0,True,True,False,False
2910,1516,1516:storage_out,396.2019999999975,396.2019999999975,0.0,True,True,False,False
2911,1517,1517:direct,190.50199999999677,190.50199999999677,0.0,True,True,False,False
2912,1518,1518:storage_in,50.20100999999704,50.20100999999704,0.0,True,True,False,False
2913,1518,1518:storage_out,237.4519999999975,237.4519999999975,0.0,True,True,False,False
2914,1519,1519:storage_in,52.739599999997154,52.75199999999677,0.01239999999961583,True,True,False,False
2915,1519,1519:storage_out,328.1519999999982,328.9019999999982,0.75,True,True,False,False
2916,1520,1520:storage_in,118.78738999999405,118.78738999999405,0.0,True,True,False,False
2917,1520,1520:storage_out,248.65199999999822,248.65199999999822,0.0,True,True,False,False
2918,1521,1521:storage_in,45.60199999999895,45.60199999999895,0.0,True,True,False,False
2919,1521,1521:storage_out,397.2019999999975,397.2019999999975,0.0,True,True,False,False
2920,1522,1522:direct,201.4019999999946,201.4019999999946,0.0,True,True,False,False
2921,1523,1523:storage_in,182.77066999998715,182.77066999998715,0.0,True,True,False,False
2922,1523,1523:storage_out,187.40199999999822,187.40199999999822,0.0,True,True,False,False
2923,1524,1524:storage_in,59.63143999999738,59.63143999999738,0.0,True,True,False,False
2924,1524,1524:storage_out,383.6519999999982,383.6519999999982,0.0,True,True,False,False
2925,1525,1525:storage_in,114.28534999999101,114.28534999999101,0.0,True,True,False,False
2926,1525,1525:storage_out,249.65199999999822,249.65199999999822,0.0,True,True,False,False
2927,1526,1526:storage_in,157.58733999999458,157.58733999999458,0.0,True,True,False,False
2928,1526,1526:storage_out,224.40199999999822,224.40199999999822,0.0,True,True,False,False
2929,1527,1527:storage_in,75.67715999999928,75.67715999999928,0.0,True,True,False,False
2930,1527,1527:storage_out,341.9019999999982,344.9019999999982,3.0,True,True,False,False
2931,1528,1528:storage_in,45.60199999999895,45.60199999999895,0.0,True,True,False,False
2932,1528,1528:storage_out,223.2019999999975,223.2019999999975,0.0,True,True,False,False
2933,1529,1529:direct,201.4019999999946,201.4019999999946,0.0,True,True,False,False
2934,1530,1530:storage_in,49.00199999999677,49.00199999999677,0.0,True,True,False,False
2935,1530,1530:storage_out,198.2019999999975,198.2019999999975,0.0,True,True,False,False
2936,1531,1531:storage_in,58.60418999999456,58.60418999999456,0.0,True,True,False,False
2937,1531,1531:storage_out,384.6519999999982,384.6519999999982,0.0,True,True,False,False
2938,1532,1532:storage_in,46.401999999998225,46.401999999998225,0.0,True,True,False,False
2939,1532,1532:storage_out,177.40199999999822,177.40199999999822,0.0,True,True,False,False
2940,1533,1533:storage_in,51.00199999999677,51.00199999999677,0.0,True,True,False,False
2941,1533,1533:storage_out,290.1519999999982,290.9029999999984,0.7510000000002037,True,True,False,False
2942,1534,1534:storage_in,103.00070999999298,103.00070999999298,0.0,True,True,False,False
2943,1534,1534:storage_out,250.65199999999822,250.65199999999822,0.0,True,True,False,False
2944,1535,1535:direct,218.0020000000004,218.0020000000004,0.0,True,True,False,False
2945,1536,1536:storage_in,49.00199999999677,49.00199999999677,0.0,True,True,False,False
2946,1536,1536:storage_out,355.9519999999975,358.9519999999975,3.0,True,True,False,False
2947,1537,1537:direct,201.4019999999946,201.4019999999946,0.0,True,True,False,False
2948,1538,1538:storage_in,45.60199999999895,45.60199999999895,0.0,True,True,False,False
2949,1538,1538:storage_out,303.9019999999982,306.9019999999982,3.0,True,True,False,False
2950,1539,1539:direct,218.7520000000004,218.7520000000004,0.0,True,True,False,False
2951,1540,1540:storage_in,52.601999999995314,52.601999999995314,0.0,True,True,False,False
2952,1540,1540:storage_out,330.1519999999982,331.1519999999982,1.0,True,True,False,False
2953,1541,1541:storage_in,45.60199999999895,45.60199999999895,0.0,True,True,False,False
2954,1541,1541:storage_out,398.7019999999975,398.7019999999975,0.0,True,True,False,False
2955,1542,1542:storage_in,49.00199999999677,49.00199999999677,0.0,True,True,False,False
2956,1542,1542:storage_out,304.9019999999982,309.1519999999982,4.25,True,True,False,False
2957,1543,1543:direct,204.00199999999313,204.00199999999313,0.0,True,True,False,False
2958,1544,1544:storage_in,105.03513999999632,105.03513999999632,0.0,True,True,False,False
2959,1544,1544:storage_out,253.65199999999822,253.65199999999822,0.0,True,True,False,False
2960,1545,1545:storage_in,50.00199999999677,50.00199999999677,0.0,True,True,False,False
2961,1545,1545:storage_out,267.7019999999975,267.7019999999975,0.0,True,True,False,False
2962,1546,1546:storage_in,46.401999999998225,46.401999999998225,0.0,True,True,False,False
2963,1546,1546:storage_out,268.7019999999975,268.7019999999975,0.0,True,True,False,False
2964,1547,1547:storage_in,123.12527999999656,123.12527999999656,0.0,True,True,False,False
2965,1547,1547:storage_out,269.4019999999982,269.4019999999982,0.0,True,True,False,False
2966,1548,1548:storage_in,50.50022999999419,50.50022999999419,0.0,True,True,False,False
2967,1548,1548:storage_out,305.9019999999982,310.1519999999982,4.25,True,True,False,False
2968,1549,1549:storage_in,80.28900999999678,80.28900999999678,0.0,True,True,False,False
2969,1549,1549:storage_out,345.9019999999982,350.1519999999982,4.25,True,True,False,False
2970,1550,1550:storage_in,45.60199999999895,45.60199999999895,0.0,True,True,False,False
2971,1550,1550:storage_out,152.40199999999822,152.40199999999822,0.0,True,True,False,False
2972,1551,1551:direct,217.45200000000114,217.45200000000114,0.0,True,True,False,False
2973,1552,1552:direct,201.00199999999677,201.00199999999677,0.0,True,True,False,False
2974,1553,1553:storage_in,49.00199999999677,49.00199999999677,0.0,True,True,False,False
2975,1553,1553:storage_out,346.6519999999982,346.6519999999982,0.0,True,True,False,False
2976,1554,1554:storage_in,49.25199999999677,49.25199999999677,0.0,True,True,False,False
2977,1554,1554:storage_out,269.7019999999975,269.7019999999975,0.0,True,True,False,False
2978,1555,1555:storage_in,95.3176899999853,95.3176899999853,0.0,True,True,False,False
2979,1555,1555:storage_out,256.4019999999982,256.4019999999982,0.0,True,True,False,False
2980,1556,1556:storage_in,45.60199999999895,45.60199999999895,0.0,True,True,False,False
2981,1556,1556:storage_out,347.6519999999982,347.6519999999982,0.0,True,True,False,False
2982,1557,1557:storage_in,94.92521999999371,94.92521999999371,0.0,True,True,False,False
2983,1557,1557:storage_out,257.4019999999982,257.4019999999982,0.0,True,True,False,False
2984,1558,1558:storage_in,55.26570999999967,55.26570999999967,0.0,True,True,False,False
2985,1558,1558:storage_out,309.1519999999982,312.1529999999984,3.0010000000002037,True,True,False,False
2986,1559,1559:direct,223.12014999999883,223.12014999999883,0.0,True,True,False,False
2987,1560,1560:storage_in,68.0458699999981,68.0458699999981,0.0,True,True,False,False
2988,1560,1560:storage_out,292.1519999999982,293.1519999999982,1.0,True,True,False,False
2989,1561,1561:storage_in,51.00199999999677,51.00199999999677,0.0,True,True,False,False
2990,1561,1561:storage_out,178.40199999999822,178.40199999999822,0.0,True,True,False,False
2991,1562,1562:storage_in,67.74748999999429,67.74748999999429,0.0,True,True,False,False
2992,1562,1562:storage_out,400.7019999999975,400.7019999999975,0.0,True,True,False,False
2993,1563,1563:storage_in,45.60199999999895,45.60199999999895,0.0,True,True,False,False
2994,1563,1563:storage_out,271.4519999999975,271.4519999999975,0.0,True,True,False,False
2995,1564,1564:storage_in,49.50199999999677,49.50199999999677,0.0,True,True,False,False
2996,1564,1564:storage_out,348.6519999999982,348.6519999999982,0.0,True,True,False,False
2997,1565,1565:storage_in,90.77117999998154,90.77117999998154,0.0,True,True,False,False
2998,1565,1565:storage_out,258.4019999999982,258.4019999999982,0.0,True,True,False,False
2999,1566,1566:storage_in,45.60199999999895,45.60199999999895,0.0,True,True,False,False
3000,1566,1566:storage_out,164.40199999999822,164.40199999999822,0.0,True,True,False,False
3001,1567,1567:direct,223.63851000000068,223.63851000000068,0.0,True,True,False,False
3002,1568,1568:storage_in,65.14152999999715,65.14152999999715,0.0,True,True,False,False
3003,1568,1568:storage_out,349.6519999999982,349.6519999999982,0.0,True,True,False,False
3004,1569,1569:storage_in,50.50199999999677,50.50199999999677,0.0,True,True,False,False
3005,1569,1569:storage_out,272.4519999999975,272.4519999999975,0.0,True,True,False,False
3006,1570,1570:direct,201.00199999999677,201.00199999999677,0.0,True,True,False,False
3007,1571,1571:storage_in,51.687599999997474,51.687599999997474,0.0,True,True,False,False
3008,1571,1571:storage_out,149.40199999999822,149.40199999999822,0.0,True,True,False,False
3009,1572,1572:storage_in,45.60199999999895,45.60199999999895,0.0,True,True,False,False
3010,1572,1572:storage_out,273.4519999999975,273.4519999999975,0.0,True,True,False,False
3011,1573,1573:storage_in,49.50199999999677,49.50199999999677,0.0,True,True,False,False
3012,1573,1573:storage_out,274.4519999999975,274.4519999999975,0.0,True,True,False,False
3013,1574,1574:direct,201.4019999999946,201.4019999999946,0.0,True,True,False,False
3014,1575,1575:storage_in,45.60199999999895,45.60199999999895,0.0,True,True,False,False
3015,1575,1575:storage_out,310.1519999999982,313.4019999999982,3.25,True,True,False,False
3016,1576,1576:storage_in,125.88599999998769,125.88599999998769,0.0,True,True,False,False
3017,1576,1576:storage_out,188.40199999999822,188.40199999999822,0.0,True,True,False,False
3018,1577,1577:direct,220.90506999999707,220.90506999999707,0.0,True,True,False,False
3019,1578,1578:storage_in,45.60199999999895,45.60199999999895,0.0,True,True,False,False
3020,1578,1578:storage_out,275.4519999999975,275.4519999999975,0.0,True,True,False,False
3021,1579,1579:direct,189.00199999999677,189.00199999999677,0.0,True,True,False,False
3022,1580,1580:storage_in,49.00199999999677,49.00199999999677,0.0,True,True,False,False
3023,1580,1580:storage_out,276.4519999999975,276.4519999999975,0.0,True,True,False,False
3024,1581,1581:storage_in,104.67325999999593,104.67325999999593,0.0,True,True,False,False
3025,1581,1581:storage_out,198.40199999999822,198.40199999999822,0.0,True,True,False,False
3026,1582,1582:storage_in,47.75199999999677,47.75199999999677,0.0,True,True,False,False
3027,1582,1582:storage_out,350.1519999999982,353.4019999999982,3.25,True,True,False,False
3028,1583,1583:storage_in,55.7310099999886,55.7310099999886,0.0,True,True,False,False
3029,1583,1583:storage_out,389.6519999999982,389.6519999999982,0.0,True,True,False,False
3030,1584,1584:storage_in,46.20906999999352,46.20906999999352,0.0,True,True,False,False
3031,1584,1584:storage_out,351.1519999999982,354.4019999999982,3.25,True,True,False,False
3032,1585,1585:storage_in,53.2254599999942,53.2254599999942,0.0,True,True,False,False
3033,1585,1585:storage_out,352.1519999999982,355.4029999999984,3.2510000000002037,True,True,False,False
3034,1586,1586:storage_in,55.04767999998876,55.04767999998876,0.0,True,True,False,False
3035,1586,1586:storage_out,353.1519999999982,358.1519999999982,5.0,True,True,False,False
3036,1587,1587:direct,218.0020000000004,218.0020000000004,0.0,True,True,False,False
3037,1588,1588:storage_in,48.995219999989786,48.995219999989786,0.0,True,True,False,False
3038,1588,1588:storage_out,354.1519999999982,359.1519999999982,5.0,True,True,False,False
3039,1589,1589:storage_in,53.101999999995314,53.101999999995314,0.0,True,True,False,False
3040,1589,1589:storage_out,390.6519999999982,390.6519999999982,0.0,True,True,False,False
3041,1590,1590:direct,188.2019999999975,188.2019999999975,0.0,True,True,False,False
3042,1591,1591:storage_in,49.00199999999677,49.00199999999677,0.0,True,True,False,False
3043,1591,1591:storage_out,277.4519999999975,277.4519999999975,0.0,True,True,False,False
3044,1592,1592:storage_in,95.63811999999234,95.63811999999234,0.0,True,True,False,False
3045,1592,1592:storage_out,204.40199999999822,204.40199999999822,0.0,True,True,False,False
3046,1593,1593:storage_in,50.78767999998672,50.78767999998672,0.0,True,True,False,False
3047,1593,1593:storage_out,355.1519999999982,360.1529999999984,5.001000000000204,True,True,False,False
3048,1594,1594:storage_in,52.06858999999895,52.06858999999895,0.0,True,True,False,False
3049,1594,1594:storage_out,179.40199999999822,179.40199999999822,0.0,True,True,False,False
3050,1595,1595:storage_in,50.401999999998225,50.401999999998225,0.0,True,True,False,False
3051,1595,1595:storage_out,180.40199999999822,180.40199999999822,0.0,True,True,False,False
3052,1596,1596:storage_in,72.94899999999689,72.94899999999689,0.0,True,True,False,False
3053,1596,1596:storage_out,270.4019999999982,270.4019999999982,0.0,True,True,False,False
3054,1597,1597:storage_in,45.60199999999895,45.60199999999895,0.0,True,True,False,False
3055,1597,1597:storage_out,369.2019999999975,374.2019999999975,5.0,True,True,False,False
3056,1598,1598:direct,188.2019999999975,188.2019999999975,0.0,True,True,False,False
3057,1599,1599:direct,204.25199999999313,204.25199999999313,0.0,True,True,False,False
3058,1600,1600:storage_in,56.61783999999898,56.61783999999898,0.0,True,True,False,False
3059,1600,1600:storage_out,332.1519999999982,333.1519999999982,1.0,True,True,False,False
3060,1601,1601:storage_in,49.00199999999677,49.00199999999677,0.0,True,True,False,False
3061,1601,1601:storage_out,370.2019999999975,375.2019999999975,5.0,True,True,False,False
3062,1602,1602:storage_in,46.401999999998225,46.401999999998225,0.0,True,True,False,False
3063,1602,1602:storage_out,333.1519999999982,334.1529999999984,1.0010000000002037,True,True,False,False
3064,1603,1603:storage_in,55.68858999999429,55.68858999999429,0.0,True,True,False,False
3065,1603,1603:storage_out,404.7019999999975,404.7019999999975,0.0,True,True,False,False
3066,1604,1604:direct,191.60199999999531,191.60199999999531,0.0,True,True,False,False
3067,1605,1605:storage_in,66.80231999999523,66.80231999999523,0.0,True,True,False,False
3068,1605,1605:storage_out,216.40199999999822,216.40199999999822,0.0,True,True,False,False
3069,1606,1606:storage_in,47.509759999997186,47.509759999997186,0.0,True,True,False,False
3070,1606,1606:storage_out,181.40199999999822,181.40199999999822,0.0,True,True,False,False
3071,1607,1607:storage_in,49.25199999999677,49.25199999999677,0.0,True,True,False,False
3072,1607,1607:storage_out,371.2019999999975,376.2019999999975,5.0,True,True,False,False
3073,1608,1608:storage_in,74.96481999999014,74.96481999999014,0.0,True,True,False,False
3074,1608,1608:storage_out,205.40199999999822,205.40199999999822,0.0,True,True,False,False
3075,1609,1609:storage_in,45.60199999999895,45.60199999999895,0.0,True,True,False,False
3076,1609,1609:storage_out,219.4519999999975,219.4519999999975,0.0,True,True,False,False
3077,1610,1610:storage_in,50.50199999999677,50.50199999999677,0.0,True,True,False,False
3078,1610,1610:storage_out,334.1519999999982,335.4019999999982,1.25,True,True,False,False
3079,1611,1611:storage_in,49.75199999999677,49.75199999999677,0.0,True,True,False,False
3080,1611,1611:storage_out,372.2019999999975,377.2019999999975,5.0,True,True,False,False
3081,1612,1612:direct,190.00199999999677,190.00199999999677,0.0,True,True,False,False
3082,1613,1613:direct,204.00199999999313,204.00199999999313,0.0,True,True,False,False
3083,1614,1614:storage_in,45.60199999999895,45.60199999999895,0.0,True,True,False,False
3084,1614,1614:storage_out,182.40199999999822,182.40199999999822,0.0,True,True,False,False
3085,1615,1615:storage_in,49.43094999999448,49.43094999999448,0.0,True,True,False,False
3086,1615,1615:storage_out,373.2019999999975,378.2019999999975,5.0,True,True,False,False
3087,1616,1616:storage_in,48.651999999998225,48.651999999998225,0.0,True,True,False,False
3088,1616,1616:storage_out,335.1519999999982,336.4019999999982,1.25,True,True,False,False
3089,1617,1617:storage_in,45.60199999999895,45.60199999999895,0.0,True,True,False,False
3090,1617,1617:storage_out,374.2019999999975,379.2019999999975,5.0,True,True,False,False
3091,1618,1618:direct,201.4019999999946,201.4019999999946,0.0,True,True,False,False
3092,1619,1619:storage_in,49.00199999999677,49.00199999999677,0.0,True,True,False,False
3093,1619,1619:storage_out,375.2019999999975,380.2019999999975,5.0,True,True,False,False
3094,1620,1620:direct,204.75199999999313,204.75199999999313,0.0,True,True,False,False
3095,1621,1621:storage_in,50.00199999999677,50.00199999999677,0.0,True,True,False,False
3096,1621,1621:storage_out,352.6519999999982,352.6519999999982,0.0,True,True,False,False
3097,1622,1622:storage_in,47.401999999998225,47.401999999998225,0.0,True,True,False,False
3098,1622,1622:storage_out,376.2019999999975,381.2019999999975,5.0,True,True,False,False
3099,1623,1623:direct,201.00199999999677,201.00199999999677,0.0,True,True,False,False
3100,1624,1624:storage_in,46.401999999998225,46.401999999998225,0.0,True,True,False,False
3101,1624,1624:storage_out,353.6519999999982,353.6519999999982,0.0,True,True,False,False
3102,1625,1625:storage_in,45.60199999999895,45.60199999999895,0.0,True,True,False,False
3103,1625,1625:storage_out,224.2019999999975,224.2019999999975,0.0,True,True,False,False
3104,1626,1626:storage_in,50.75199999999677,50.75199999999677,0.0,True,True,False,False
3105,1626,1626:storage_out,362.6519999999982,367.6519999999982,5.0,True,True,False,False
3106,1627,1627:storage_in,45.60199999999895,45.60199999999895,0.0,True,True,False,False
3107,1627,1627:storage_out,354.6519999999982,354.6519999999982,0.0,True,True,False,False
3108,1628,1628:storage_in,47.05199999999604,47.05199999999604,0.0,True,True,False,False
3109,1628,1628:storage_out,363.6519999999982,368.6519999999982,5.0,True,True,False,False
3110,1629,1629:direct,191.60199999999531,191.60199999999531,0.0,True,True,False,False
3111,1630,1630:storage_in,54.92667999999685,54.92667999999685,0.0,True,True,False,False
3112,1630,1630:storage_out,364.6519999999982,369.6519999999982,5.0,True,True,False,False
3113,1631,1631:direct,220.85199999999895,220.85199999999895,0.0,True,True,False,False
3114,1632,1632:storage_in,48.401999999998225,48.401999999998225,0.0,True,True,False,False
3115,1632,1632:storage_out,232.40199999999822,232.40199999999822,0.0,True,True,False,False
3116,1633,1633:storage_in,48.80199999999604,48.80199999999604,0.0,True,True,False,False
3117,1633,1633:storage_out,326.6519999999982,335.6519999999982,9.0,True,True,False,False
3118,1634,1634:storage_in,45.60199999999895,45.60199999999895,0.0,True,True,False,False
3119,1634,1634:storage_out,163.40199999999822,163.40199999999822,0.0,True,True,False,False
3120,1635,1635:storage_in,46.651999999998225,46.651999999998225,0.0,True,True,False,False
3121,1635,1635:storage_out,394.6519999999982,394.6519999999982,0.0,True,True,False,False
3122,1636,1636:direct,191.60199999999531,191.60199999999531,0.0,True,True,False,False
3123,1637,1637:direct,201.4019999999946,201.4019999999946,0.0,True,True,False,False
3124,1638,1638:storage_in,55.76872999999614,55.76872999999614,0.0,True,True,False,False
3125,1638,1638:storage_out,272.4019999999982,272.4019999999982,0.0,True,True,False,False
3126,1639,1639:direct,204.00199999999313,204.00199999999313,0.0,True,True,False,False
3127,1640,1640:storage_in,54.101999999995314,54.101999999995314,0.0,True,True,False,False
3128,1640,1640:storage_out,206.40199999999822,206.40199999999822,0.0,True,True,False,False
3129,1641,1641:direct,218.0020000000004,218.0020000000004,0.0,True,True,False,False
3130,1642,1642:storage_in,49.151999999998225,49.151999999998225,0.0,True,True,False,False
3131,1642,1642:storage_out,178.40199999999822,178.40199999999822,0.0,True,True,False,False
3132,1643,1643:storage_in,69.06665999999677,69.06665999999677,0.0,True,True,False,False
3133,1643,1643:storage_out,192.40199999999822,192.40199999999822,0.0,True,True,False,False
3134,1644,1644:direct,217.20200000000114,217.20200000000114,0.0,True,True,False,False
3135,1645,1645:storage_in,45.60199999999895,45.60199999999895,0.0,True,True,False,False
3136,1645,1645:storage_out,327.6519999999982,336.6519999999982,9.0,True,True,False,False
3137,1646,1646:direct,220.60199999999895,220.60199999999895,0.0,True,True,False,False
3138,1647,1647:storage_in,52.78363999999783,52.78363999999783,0.0,True,True,False,False
3139,1647,1647:storage_out,150.40199999999822,150.40199999999822,0.0,True,True,False,False
3140,1648,1648:storage_in,53.44532999999865,53.44532999999865,0.0,True,True,False,False
3141,1648,1648:storage_out,207.40199999999822,207.40199999999822,0.0,True,True,False,False
3142,1649,1649:storage_in,50.39310999999361,50.39310999999361,0.0,True,True,False,False
3143,1649,1649:storage_out,221.4519999999975,221.4519999999975,0.0,True,True,False,False
3144,1650,1650:storage_in,54.601999999995314,54.601999999995314,0.0,True,True,False,False
3145,1650,1650:storage_out,367.6519999999982,376.6529999999984,9.001000000000204,True,True,False,False
3146,1651,1651:direct,190.00199999999677,190.00199999999677,0.0,True,True,False,False
3147,1652,1652:direct,217.20200000000114,217.20200000000114,0.0,True,True,False,False
3148,1653,1653:storage_in,49.00199999999677,49.00199999999677,0.0,True,True,False,False
3149,1653,1653:storage_out,217.2019999999975,217.2019999999975,0.0,True,True,False,False
3150,1654,1654:storage_in,50.43734999999651,50.43734999999651,0.0,True,True,False,False
3151,1654,1654:storage_out,203.40199999999822,203.40199999999822,0.0,True,True,False,False
3152,1655,1655:storage_in,47.401999999998225,47.401999999998225,0.0,True,True,False,False
3153,1655,1655:storage_out,222.4519999999975,222.4519999999975,0.0,True,True,False,False
3154,1656,1656:storage_in,52.25199999999677,52.25199999999677,0.0,True,True,False,False
3155,1656,1656:storage_out,204.15199999999822,204.15199999999822,0.0,True,True,False,False
3156,1657,1657:storage_in,53.351999999995314,53.351999999995314,0.0,True,True,False,False
3157,1657,1657:storage_out,273.4019999999982,273.4019999999982,0.0,True,True,False,False
3158,1658,1658:direct,217.20200000000114,217.20200000000114,0.0,True,True,False,False
3159,1659,1659:direct,201.00199999999677,201.00199999999677,0.0,True,True,False,False
3160,1660,1660:storage_in,45.60199999999895,45.60199999999895,0.0,True,True,False,False
3161,1660,1660:storage_out,167.40199999999822,167.40199999999822,0.0,True,True,False,False
3162,1661,1661:storage_in,50.75199999999677,50.75199999999677,0.0,True,True,False,False
3163,1661,1661:storage_out,274.4019999999982,274.4019999999982,0.0,True,True,False,False
3164,1662,1662:direct,220.60199999999895,220.60199999999895,0.0,True,True,False,False
3165,1663,1663:storage_in,46.401999999998225,46.401999999998225,0.0,True,True,False,False
3166,1663,1663:storage_out,231.4519999999975,231.4519999999975,0.0,True,True,False,False
3167,1664,1664:storage_in,52.029859999998735,52.029859999998735,0.0,True,True,False,False
3168,1664,1664:storage_out,186.40199999999822,186.40199999999822,0.0,True,True,False,False
3169,1665,1665:storage_in,53.601999999995314,53.601999999995314,0.0,True,True,False,False
3170,1665,1665:storage_out,368.6519999999982,380.1519999999982,11.5,True,True,False,False
3171,1666,1666:storage_in,46.401999999998225,46.401999999998225,0.0,True,True,False,False
3172,1666,1666:storage_out,236.40199999999822,236.40199999999822,0.0,True,True,False,False
3173,1667,1667:storage_in,48.05199999999604,48.05199999999604,0.0,True,True,False,False
3174,1667,1667:storage_out,371.4019999999982,381.1529999999984,9.751000000000204,True,True,False,False
3175,1668,1668:storage_in,45.60199999999895,45.60199999999895,0.0,True,True,False,False
3176,1668,1668:storage_out,356.6519999999982,356.6519999999982,0.0,True,True,False,False
3177,1669,1669:storage_in,47.93369999999413,47.93369999999413,0.0,True,True,False,False
3178,1669,1669:storage_out,374.6519999999982,382.1529999999984,7.501000000000204,True,True,False,False
3179,1670,1670:storage_in,50.00199999999677,50.00199999999677,0.0,True,True,False,False
3180,1670,1670:storage_out,199.40199999999822,199.40199999999822,0.0,True,True,False,False
3181,1671,1671:storage_in,45.60199999999895,45.60199999999895,0.0,True,True,False,False
3182,1671,1671:storage_out,409.7019999999975,409.7019999999975,0.0,True,True,False,False
3183,1672,1672:storage_in,49.00199999999677,49.00199999999677,0.0,True,True,False,False
3184,1672,1672:storage_out,237.40199999999822,237.40199999999822,0.0,True,True,False,False
3185,1673,1673:storage_in,57.51530999999886,56.26530999999886,-1.25,True,True,False,False
3186,1673,1673:storage_out,375.6519999999982,384.6519999999982,9.0,True,True,False,False
3187,1674,1674:storage_in,49.38209999999526,49.38209999999526,0.0,True,True,False,False
3188,1674,1674:storage_out,225.2019999999975,225.2019999999975,0.0,True,True,False,False
3189,1675,1675:storage_in,46.901999999998225,46.901999999998225,0.0,True,True,False,False
3190,1675,1675:storage_out,277.4019999999982,277.4019999999982,0.0,True,True,False,False
3191,1676,1676:storage_in,52.72203999999692,52.72203999999692,0.0,True,True,False,False
3192,1676,1676:storage_out,376.6519999999982,385.6529999999984,9.001000000000204,True,True,False,False
3193,1677,1677:storage_in,47.901999999998225,47.901999999998225,0.0,True,True,False,False
3194,1677,1677:storage_out,226.2019999999975,226.2019999999975,0.0,True,True,False,False
3195,1678,1678:storage_in,53.8436399999955,53.861989999997604,0.018350000002101297,True,True,False,False
3196,1678,1678:storage_out,380.1519999999982,386.6529999999984,6.501000000000204,True,True,False,False
3197,1679,1679:storage_in,46.901999999998225,46.901999999998225,0.0,True,True,False,False
3198,1679,1679:storage_out,357.6519999999982,357.6519999999982,0.0,True,True,False,False
3199,1680,1680:storage_in,50.75199999999677,51.75199999999677,1.0,True,True,False,False
3200,1680,1680:storage_out,397.6519999999982,397.6519999999982,0.0,True,True,False,False
3201,1681,1681:storage_in,59.63824999999633,59.63824999999633,0.0,True,True,False,False
3202,1681,1681:storage_out,381.1519999999982,387.6529999999984,6.501000000000204,True,True,False,False
3203,1682,1682:storage_in,45.60199999999895,45.60199999999895,0.0,True,True,False,False
3204,1682,1682:storage_out,179.40199999999822,179.40199999999822,0.0,True,True,False,False
3205,1683,1683:storage_in,45.85199999999895,45.85199999999895,0.0,True,True,False,False
3206,1683,1683:storage_out,411.7019999999975,411.7019999999975,0.0,True,True,False,False
3207,1684,1684:storage_in,53.392009999995935,53.392009999995935,0.0,True,True,False,False
3208,1684,1684:storage_out,382.1519999999982,388.9019999999982,6.75,True,True,False,False
3209,1685,1685:storage_in,49.00199999999677,49.00199999999677,0.0,True,True,False,False
3210,1685,1685:storage_out,412.7019999999975,412.7019999999975,0.0,True,True,False,False
3211,1686,1686:storage_in,49.50199999999677,49.50199999999677,0.0,True,True,False,False
3212,1686,1686:storage_out,360.1519999999982,360.1519999999982,0.0,True,True,False,False
3213,1687,1687:storage_in,55.31573999999455,55.31573999999455,0.0,True,True,False,False
3214,1687,1687:storage_out,384.6519999999982,389.9029999999984,5.251000000000204,True,True,False,False
3215,1688,1688:storage_in,47.401999999998225,47.401999999998225,0.0,True,True,False,False
3216,1688,1688:storage_out,217.4519999999975,217.4519999999975,0.0,True,True,False,False
3217,1689,1689:storage_in,54.95199999999386,54.95199999999386,0.0,True,True,False,False
3218,1689,1689:storage_out,385.6519999999982,390.9029999999984,5.251000000000204,True,True,False,False
3219,1690,1690:storage_in,53.41882999999507,53.41882999999507,0.0,True,True,False,False
3220,1690,1690:storage_out,263.9019999999982,263.9019999999982,0.0,True,True,False,False
3221,1691,1691:direct,190.00199999999677,190.00199999999677,0.0,True,True,False,False
3222,1692,1692:storage_in,45.60199999999895,45.60199999999895,0.0,True,True,False,False
3223,1692,1692:storage_out,413.7019999999975,413.7019999999975,0.0,True,True,False,False
3224,1693,1693:storage_in,52.96892999999909,52.96892999999909,0.0,True,True,False,False
3225,1693,1693:storage_out,386.6519999999982,393.6519999999982,7.0,True,True,False,False
3226,1694,1694:direct,188.2019999999975,188.2019999999975,0.0,True,True,False,False
3227,1695,1695:storage_in,49.00199999999677,49.00199999999677,0.0,True,True,False,False
3228,1695,1695:storage_out,227.2019999999975,227.2019999999975,0.0,True,True,False,False
3229,1696,1696:direct,191.60199999999531,191.60199999999531,0.0,True,True,False,False
3230,1697,1697:storage_in,53.48360999999568,53.48360999999568,0.0,True,True,False,False
3231,1697,1697:storage_out,387.6519999999982,394.6529999999984,7.001000000000204,True,True,False,False
3232,1698,1698:storage_in,48.651999999998225,48.651999999998225,0.0,True,True,False,False
3233,1698,1698:storage_out,388.6519999999982,395.6529999999984,7.001000000000204,True,True,False,False
3234,1699,1699:storage_in,46.401999999998225,46.401999999998225,0.0,True,True,False,False
3235,1699,1699:storage_out,228.2019999999975,228.2019999999975,0.0,True,True,False,False
3236,1700,1700:direct,201.4019999999946,201.4019999999946,0.0,True,True,False,False
3237,1701,1701:storage_in,45.60199999999895,45.60199999999895,0.0,True,True,False,False
3238,1701,1701:storage_out,402.7019999999975,409.7019999999975,7.0,True,True,False,False
3239,1702,1702:storage_in,46.401999999998225,46.401999999998225,0.0,True,True,False,False
3240,1702,1702:storage_out,183.40199999999822,183.40199999999822,0.0,True,True,False,False
3241,1703,1703:direct,204.00199999999313,204.00199999999313,0.0,True,True,False,False
3242,1704,1704:storage_in,49.00199999999677,49.00199999999677,0.0,True,True,False,False
3243,1704,1704:storage_out,239.4519999999975,239.4519999999975,0.0,True,True,False,False
3244,1705,1705:direct,188.2019999999975,188.2019999999975,0.0,True,True,False,False
3245,1706,1706:storage_in,48.05199999999604,48.05199999999604,0.0,True,True,False,False
3246,1706,1706:storage_out,219.40199999999822,219.40199999999822,0.0,True,True,False,False
3247,1707,1707:direct,201.00199999999677,201.00199999999677,0.0,True,True,False,False
3248,1708,1708:direct,194.6591799999951,194.6591799999951,0.0,True,True,False,False
3249,1709,1709:direct,201.4019999999946,201.4019999999946,0.0,True,True,False,False
3250,1710,1710:storage_in,46.401999999998225,46.401999999998225,0.0,True,True,False,False
3251,1710,1710:storage_out,239.40199999999822,239.40199999999822,0.0,True,True,False,False
3252,1711,1711:storage_in,54.101999999995314,54.101999999995314,0.0,True,True,False,False
3253,1711,1711:storage_out,400.1519999999982,400.1519999999982,0.0,True,True,False,False
3254,1712,1712:direct,188.2019999999975,188.2019999999975,0.0,True,True,False,False
3255,1713,1713:direct,204.50199999999313,204.50199999999313,0.0,True,True,False,False
3256,1714,1714:direct,201.00199999999677,201.00199999999677,0.0,True,True,False,False
3257,1715,1715:storage_in,46.401999999998225,46.401999999998225,0.0,True,True,False,False
3258,1715,1715:storage_out,292.4519999999975,292.4519999999975,0.0,True,True,False,False
3259,1716,1716:storage_in,50.00199999999677,50.00199999999677,0.0,True,True,False,False
3260,1716,1716:storage_out,184.65199999999822,184.65199999999822,0.0,True,True,False,False
3261,1717,1717:storage_in,45.60199999999895,45.60199999999895,0.0,True,True,False,False
3262,1717,1717:storage_out,403.7019999999975,410.7019999999975,7.0,True,True,False,False
3263,1718,1718:direct,204.00199999999313,204.00199999999313,0.0,True,True,False,False
3264,1719,1719:direct,192.60199999999531,192.60199999999531,0.0,True,True,False,False
3265,1720,1720:direct,189.00199999999677,189.00199999999677,0.0,True,True,False,False
3266,1721,1721:storage_in,49.00199999999677,49.00199999999677,0.0,True,True,False,False
3267,1721,1721:storage_out,278.4519999999975,278.4519999999975,0.0,True,True,False,False
3268,1722,1722:direct,201.00199999999677,201.00199999999677,0.0,True,True,False,False
3269,1723,1723:storage_in,49.65725999999631,49.65725999999631,0.0,True,True,False,False
3270,1723,1723:storage_out,293.4519999999975,293.4519999999975,0.0,True,True,False,False
3271,1724,1724:direct,188.2019999999975,188.2019999999975,0.0,True,True,False,False
3272,1725,1725:storage_in,45.85199999999895,45.85199999999895,0.0,True,True,False,False
3273,1725,1725:storage_out,279.4519999999975,279.4519999999975,0.0,True,True,False,False
3274,1726,1726:storage_in,49.00199999999677,49.00199999999677,0.0,True,True,False,False
3275,1726,1726:storage_out,240.90199999999822,240.90199999999822,0.0,True,True,False,False
3276,1727,1727:direct,189.75199999999677,189.75199999999677,0.0,True,True,False,False
3277,1728,1728:storage_in,45.60199999999895,45.60199999999895,0.0,True,True,False,False
3278,1728,1728:storage_out,150.40199999999822,150.40199999999822,0.0,True,True,False,False
3279,1729,1729:storage_in,49.00199999999677,49.00199999999677,0.0,True,True,False,False
3280,1729,1729:storage_out,280.4519999999975,280.4519999999975,0.0,True,True,False,False
3281,1730,1730:storage_in,47.80199999999604,47.80199999999604,0.0,True,True,False,False
3282,1730,1730:storage_out,266.9019999999982,266.9019999999982,0.0,True,True,False,False
3283,1731,1731:storage_in,50.00199999999677,50.00199999999677,0.0,True,True,False,False
3284,1731,1731:storage_out,390.9019999999982,397.1519999999982,6.25,True,True,False,False
3285,1732,1732:direct,204.00199999999313,204.00199999999313,0.0,True,True,False,False
3286,1733,1733:storage_in,46.80199999999604,46.80199999999604,0.0,True,True,False,False
3287,1733,1733:storage_out,267.9019999999982,267.9019999999982,0.0,True,True,False,False
3288,1734,1734:storage_in,46.401999999998225,46.401999999998225,0.0,True,True,False,False
3289,1734,1734:storage_out,281.9519999999975,281.9519999999975,0.0,True,True,False,False
3290,1735,1735:direct,201.00199999999677,201.00199999999677,0.0,True,True,False,False
3291,1736,1736:storage_in,50.00199999999677,50.00199999999677,0.0,True,True,False,False
3292,1736,1736:storage_out,207.40199999999822,207.40199999999822,0.0,True,True,False,False
3293,1737,1737:storage_in,46.80199999999604,46.80199999999604,0.0,True,True,False,False
3294,1737,1737:storage_out,268.9019999999982,268.9019999999982,0.0,True,True,False,False
3295,1738,1738:storage_in,46.80199999999604,46.80199999999604,0.0,True,True,False,False
3296,1738,1738:storage_out,269.9019999999982,269.9019999999982,0.0,True,True,False,False
3297,1739,1739:storage_in,49.00199999999677,49.00199999999677,0.0,True,True,False,False
3298,1739,1739:storage_out,181.40199999999822,181.40199999999822,0.0,True,True,False,False
3299,1740,1740:direct,190.00199999999677,190.00199999999677,0.0,True,True,False,False
3300,1741,1741:storage_in,55.58600999999544,55.58600999999544,0.0,True,True,False,False
3301,1741,1741:storage_out,208.90199999999822,208.90199999999822,0.0,True,True,False,False
3302,1742,1742:storage_in,46.80199999999604,46.80199999999604,0.0,True,True,False,False
3303,1742,1742:storage_out,283.9519999999975,283.9519999999975,0.0,True,True,False,False
3304,1743,1743:storage_in,45.401999999998225,45.401999999998225,0.0,True,True,False,False
3305,1743,1743:storage_out,391.9019999999982,398.1519999999982,6.25,True,True,False,False
3306,1744,1744:storage_in,47.30199999999604,47.30199999999604,0.0,True,True,False,False
3307,1744,1744:storage_out,284.9519999999975,284.9519999999975,0.0,True,True,False,False
3308,1745,1745:direct,188.2019999999975,188.2019999999975,0.0,True,True,False,False
3309,1746,1746:storage_in,54.25010999999358,54.25010999999358,0.0,True,True,False,False
3310,1746,1746:storage_out,204.40199999999822,204.40199999999822,0.0,True,True,False,False
3311,1747,1747:direct,191.60199999999531,191.60199999999531,0.0,True,True,False,False
3312,1748,1748:storage_in,50.51875999999902,50.51875999999902,0.0,True,True,False,False
3313,1748,1748:storage_out,218.2019999999975,218.2019999999975,0.0,True,True,False,False
3314,1749,1749:storage_in,47.30199999999604,47.30199999999604,0.0,True,True,False,False
3315,1749,1749:storage_out,392.9019999999982,399.1529999999984,6.251000000000204,True,True,False,False
3316,1750,1750:direct,217.20200000000114,217.20200000000114,0.0,True,True,False,False
3317,1751,1751:storage_in,54.351999999995314,54.351999999995314,0.0,True,True,False,False
3318,1751,1751:storage_out,226.40199999999822,226.40199999999822,0.0,True,True,False,False
3319,1752,1752:storage_in,46.80199999999604,46.80199999999604,0.0,True,True,False,False
3320,1752,1752:storage_out,219.2019999999975,219.2019999999975,0.0,True,True,False,False
3321,1753,1753:storage_in,45.901999999998225,45.901999999998225,0.0,True,True,False,False
3322,1753,1753:storage_out,205.65199999999822,205.65199999999822,0.0,True,True,False,False
3323,1754,1754:storage_in,46.401999999998225,46.401999999998225,0.0,True,True,False,False
3324,1754,1754:storage_out,164.40199999999822,164.40199999999822,0.0,True,True,False,False
3325,1755,1755:storage_in,51.50199999999677,51.50199999999677,0.0,True,True,False,False
3326,1755,1755:storage_out,209.90199999999822,209.90199999999822,0.0,True,True,False,False
3327,1756,1756:direct,188.2019999999975,188.2019999999975,0.0,True,True,False,False
3328,1757,1757:storage_in,47.05199999999604,47.05199999999604,0.0,True,True,False,False
3329,1757,1757:storage_out,220.2019999999975,220.2019999999975,0.0,True,True,False,False
3330,1758,1758:storage_in,46.80199999999604,46.80199999999604,0.0,True,True,False,False
3331,1758,1758:storage_out,285.9519999999975,285.9519999999975,0.0,True,True,False,False
3332,1759,1759:storage_in,53.601999999995314,53.601999999995314,0.0,True,True,False,False
3333,1759,1759:storage_out,206.40199999999822,206.40199999999822,0.0,True,True,False,False
3334,1760,1760:storage_in,46.80199999999604,46.80199999999604,0.0,True,True,False,False
3335,1760,1760:storage_out,274.6519999999982,274.6519999999982,0.0,True,True,False,False
3336,1761,1761:direct,201.00199999999677,201.00199999999677,0.0,True,True,False,False
3337,1762,1762:storage_in,46.80199999999604,46.80199999999604,0.0,True,True,False,False
3338,1762,1762:storage_out,221.2019999999975,221.2019999999975,0.0,True,True,False,False
3339,1763,1763:storage_in,47.47382999999536,47.47382999999536,0.0,True,True,False,False
3340,1763,1763:storage_out,288.7019999999975,288.7019999999975,0.0,True,True,False,False
3341,1764,1764:direct,191.60199999999531,191.60199999999531,0.0,True,True,False,False
3342,1765,1765:storage_in,53.00199999999677,53.00199999999677,0.0,True,True,False,False
3343,1765,1765:storage_out,200.40199999999822,200.40199999999822,0.0,True,True,False,False
3344,1766,1766:storage_in,47.05199999999604,47.05199999999604,0.0,True,True,False,False
3345,1766,1766:storage_out,211.4519999999975,211.4519999999975,0.0,True,True,False,False
3346,1767,1767:storage_in,47.99765999999727,47.99765999999727,0.0,True,True,False,False
3347,1767,1767:storage_out,289.7019999999975,289.7019999999975,0.0,True,True,False,False
3348,1768,1768:storage_in,47.05199999999604,47.05199999999604,0.0,True,True,False,False
3349,1768,1768:storage_out,212.4519999999975,212.4519999999975,0.0,True,True,False,False
3350,1769,1769:direct,204.75199999999313,204.75199999999313,0.0,True,True,False,False
3351,1770,1770:direct,201.00199999999677,201.00199999999677,0.0,True,True,False,False
3352,1771,1771:storage_in,46.80199999999604,46.80199999999604,0.0,True,True,False,False
3353,1771,1771:storage_out,290.7019999999975,290.7019999999975,0.0,True,True,False,False
3354,1772,1772:storage_in,51.25199999999677,51.25199999999677,0.0,True,True,False,False
3355,1772,1772:storage_out,227.40199999999822,227.40199999999822,0.0,True,True,False,False
3356,1773,1773:storage_in,49.00199999999677,49.00199999999677,0.0,True,True,False,False
3357,1773,1773:storage_out,229.2019999999975,229.2019999999975,0.0,True,True,False,False
3358,1774,1774:storage_in,47.80199999999604,47.80199999999604,0.0,True,True,False,False
3359,1774,1774:storage_out,291.7019999999975,291.7019999999975,0.0,True,True,False,False
3360,1775,1775:storage_in,52.601999999995314,52.601999999995314,0.0,True,True,False,False
3361,1775,1775:storage_out,401.1519999999982,401.1519999999982,0.0,True,True,False,False
3362,1776,1776:storage_in,46.80199999999604,46.80199999999604,0.0,True,True,False,False
3363,1776,1776:storage_out,207.65199999999822,207.65199999999822,0.0,True,True,False,False
3364,1777,1777:storage_in,45.901999999998225,45.901999999998225,0.0,True,True,False,False
3365,1777,1777:storage_out,280.9019999999982,280.9019999999982,0.0,True,True,False,False
3366,1778,1778:storage_in,46.80199999999604,46.80199999999604,0.0,True,True,False,False
3367,1778,1778:storage_out,208.65199999999822,208.65199999999822,0.0,True,True,False,False
3368,1779,1779:storage_in,48.80199999999604,48.80199999999604,0.0,True,True,False,False
3369,1779,1779:storage_out,201.40199999999822,201.40199999999822,0.0,True,True,False,False
3370,1780,1780:storage_in,46.401999999998225,46.401999999998225,0.0,True,True,False,False
3371,1780,1780:storage_out,242.90199999999822,242.90199999999822,0.0,True,True,False,False
3372,1781,1781:storage_in,50.00199999999677,50.00199999999677,0.0,True,True,False,False
3373,1781,1781:storage_out,406.1519999999982,406.1519999999982,0.0,True,True,False,False
3374,1782,1782:storage_in,46.80199999999604,46.80199999999604,0.0,True,True,False,False
3375,1782,1782:storage_out,209.65199999999822,209.65199999999822,0.0,True,True,False,False
3376,1783,1783:storage_in,52.601999999995314,52.601999999995314,0.0,True,True,False,False
3377,1783,1783:storage_out,407.1519999999982,407.1519999999982,0.0,True,True,False,False
3378,1784,1784:storage_in,46.401999999998225,46.401999999998225,0.0,True,True,False,False
3379,1784,1784:storage_out,421.2019999999975,421.2019999999975,0.0,True,True,False,False
3380,1785,1785:storage_in,47.05199999999604,47.05199999999604,0.0,True,True,False,False
3381,1785,1785:storage_out,210.65199999999822,210.65199999999822,0.0,True,True,False,False
3382,1786,1786:storage_in,45.651999999998225,45.651999999998225,0.0,True,True,False,False
3383,1786,1786:storage_out,282.9019999999982,282.9019999999982,0.0,True,True,False,False
3384,1787,1787:storage_in,46.80199999999604,46.80199999999604,0.0,True,True,False,False
3385,1787,1787:storage_out,159.90199999999822,159.90199999999822,0.0,True,True,False,False
3386,1788,1788:storage_in,50.50199999999677,50.50199999999677,0.0,True,True,False,False
3387,1788,1788:storage_out,408.1519999999982,408.1519999999982,0.0,True,True,False,False
3388,1789,1789:storage_in,46.80199999999604,46.80199999999604,0.0,True,True,False,False
3389,1789,1789:storage_out,160.90199999999822,160.90199999999822,0.0,True,True,False,False
3390,1790,1790:storage_in,52.851999999995314,52.851999999995314,0.0,True,True,False,False
3391,1790,1790:storage_out,409.1519999999982,409.1519999999982,0.0,True,True,False,False
3392,1791,1791:storage_in,46.80199999999604,46.80199999999604,0.0,True,True,False,False
3393,1791,1791:storage_out,161.90199999999822,161.90199999999822,0.0,True,True,False,False
3394,1792,1792:storage_in,46.80199999999604,46.80199999999604,0.0,True,True,False,False
3395,1792,1792:storage_out,162.90199999999822,162.90199999999822,0.0,True,True,False,False
3396,1793,1793:storage_in,46.80199999999604,46.80199999999604,0.0,True,True,False,False
3397,1793,1793:storage_out,163.90199999999822,163.90199999999822,0.0,True,True,False,False
3398,1794,1794:storage_in,47.60440999999628,47.60440999999628,0.0,True,True,False,False
3399,1794,1794:storage_out,278.1519999999982,278.1519999999982,0.0,True,True,False,False
3400,1795,1795:storage_in,46.28932999999597,46.28932999999597,0.0,True,True,False,False
3401,1795,1795:storage_out,410.1519999999982,410.1519999999982,0.0,True,True,False,False
3402,1796,1796:storage_in,46.80199999999604,46.80199999999604,0.0,True,True,False,False
3403,1796,1796:storage_out,216.9519999999975,216.9519999999975,0.0,True,True,False,False
3404,1797,1797:storage_in,50.50199999999677,50.50199999999677,0.0,True,True,False,False
3405,1797,1797:storage_out,283.9019999999982,283.9019999999982,0.0,True,True,False,False
3406,1798,1798:storage_in,46.80199999999604,46.80199999999604,0.0,True,True,False,False
3407,1798,1798:storage_out,224.7019999999975,224.7019999999975,0.0,True,True,False,False
3408,1799,1799:storage_in,46.80199999999604,46.80199999999604,0.0,True,True,False,False
3409,1799,1799:storage_out,217.9519999999975,217.9519999999975,0.0,True,True,False,False
3410,1800,1800:storage_in,52.851999999995314,52.851999999995314,0.0,True,True,False,False
3411,1800,1800:storage_out,284.9019999999982,284.9019999999982,0.0,True,True,False,False
3412,1801,1801:storage_in,45.401999999998225,45.401999999998225,0.0,True,True,False,False
3413,1801,1801:storage_out,285.9019999999982,285.9019999999982,0.0,True,True,False,False
3414,1802,1802:storage_in,46.80199999999604,46.80199999999604,0.0,True,True,False,False
3415,1802,1802:storage_out,292.7019999999975,292.7019999999975,0.0,True,True,False,False
3416,1803,1803:storage_in,50.50199999999677,50.50199999999677,0.0,True,True,False,False
3417,1803,1803:storage_out,286.9019999999982,286.9019999999982,0.0,True,True,False,False
3418,1804,1804:storage_in,46.80199999999604,46.80199999999604,0.0,True,True,False,False
3419,1804,1804:storage_out,293.7019999999975,293.7019999999975,0.0,True,True,False,False
3420,1805,1805:storage_in,52.601999999995314,52.601999999995314,0.0,True,True,False,False
3421,1805,1805:storage_out,411.1519999999982,411.1519999999982,0.0,True,True,False,False
3422,1806,1806:storage_in,46.80199999999604,46.80199999999604,0.0,True,True,False,False
3423,1806,1806:storage_out,211.65199999999822,211.65199999999822,0.0,True,True,False,False
3424,1807,1807:storage_in,46.80199999999604,46.80199999999604,0.0,True,True,False,False
3425,1807,1807:storage_out,280.1519999999982,280.1519999999982,0.0,True,True,False,False
3426,1808,1808:storage_in,46.80199999999604,46.80199999999604,0.0,True,True,False,False
3427,1808,1808:storage_out,212.65199999999822,212.65199999999822,0.0,True,True,False,False
3428,1809,1809:storage_in,46.80199999999604,46.80199999999604,0.0,True,True,False,False
3429,1809,1809:storage_out,213.65199999999822,213.65199999999822,0.0,True,True,False,False
3430,1810,1810:storage_in,45.401999999998225,45.401999999998225,0.0,True,True,False,False
3431,1810,1810:storage_out,412.1519999999982,412.1519999999982,0.0,True,True,False,False
3432,1811,1811:storage_in,46.80199999999604,46.80199999999604,0.0,True,True,False,False
3433,1811,1811:storage_out,214.65199999999822,214.65199999999822,0.0,True,True,False,False
3434,1812,1812:direct,201.4019999999946,201.4019999999946,0.0,True,True,False,False
3435,1813,1813:storage_in,53.101999999995314,53.101999999995314,0.0,True,True,False,False
3436,1813,1813:storage_out,413.1519999999982,413.1519999999982,0.0,True,True,False,False
3437,1814,1814:storage_in,46.80199999999604,46.80199999999604,0.0,True,True,False,False
3438,1814,1814:storage_out,165.40199999999822,165.40199999999822,0.0,True,True,False,False
3439,1815,1815:storage_in,46.80199999999604,46.80199999999604,0.0,True,True,False,False
3440,1815,1815:storage_out,228.7019999999975,228.7019999999975,0.0,True,True,False,False
3441,1816,1816:storage_in,46.901999999998225,46.901999999998225,0.0,True,True,False,False
3442,1816,1816:storage_out,414.1519999999982,414.1519999999982,0.0,True,True,False,False
3443,1817,1817:storage_in,50.00199999999677,50.00199999999677,0.0,True,True,False,False
3444,1817,1817:storage_out,415.1519999999982,415.1519999999982,0.0,True,True,False,False
3445,1818,1818:storage_in,52.601999999995314,52.601999999995314,0.0,True,True,False,False
3446,1818,1818:storage_out,416.1519999999982,416.1519999999982,0.0,True,True,False,False
3447,1819,1819:storage_in,46.80199999999604,46.80199999999604,0.0,True,True,False,False
3448,1819,1819:storage_out,281.1519999999982,281.1519999999982,0.0,True,True,False,False
3449,1820,1820:direct,188.2019999999975,188.2019999999975,0.0,True,True,False,False
3450,1821,1821:storage_in,46.80199999999604,46.80199999999604,0.0,True,True,False,False
3451,1821,1821:storage_out,248.90199999999822,248.90199999999822,0.0,True,True,False,False
3452,1822,1822:storage_in,46.80199999999604,46.80199999999604,0.0,True,True,False,False
3453,1822,1822:storage_out,354.9019999999982,361.4019999999982,6.5,True,True,False,False
3454,1823,1823:storage_in,46.80199999999604,46.80199999999604,0.0,True,True,False,False
3455,1823,1823:storage_out,249.90199999999822,249.90199999999822,0.0,True,True,False,False
3456,1824,1824:storage_in,46.80199999999604,46.80199999999604,0.0,True,True,False,False
3457,1824,1824:storage_out,378.1519999999982,378.1519999999982,0.0,True,True,False,False
3458,1825,1825:storage_in,46.80199999999604,46.80199999999604,0.0,True,True,False,False
3459,1825,1825:storage_out,418.1519999999982,418.1519999999982,0.0,True,True,False,False
3460,1826,1826:storage_in,46.80199999999604,46.80199999999604,0.0,True,True,False,False
3461,1826,1826:storage_out,394.9019999999982,401.4019999999982,6.5,True,True,False,False
3462,1827,1827:storage_in,46.80199999999604,46.80199999999604,0.0,True,True,False,False
3463,1827,1827:storage_out,210.90199999999822,210.90199999999822,0.0,True,True,False,False
3464,1828,1828:storage_in,47.11463999999614,47.11463999999614,0.0,True,True,False,False
3465,1828,1828:storage_out,218.9519999999975,218.9519999999975,0.0,True,True,False,False
3466,1829,1829:storage_in,46.80199999999604,46.80199999999604,0.0,True,True,False,False
3467,1829,1829:storage_out,289.9019999999982,289.9019999999982,0.0,True,True,False,False
3468,1830,1830:storage_in,46.80199999999604,46.80199999999604,0.0,True,True,False,False
3469,1830,1830:storage_out,395.9019999999982,402.4019999999982,6.5,True,True,False,False
3470,1831,1831:storage_in,46.80199999999604,46.80199999999604,0.0,True,True,False,False
3471,1831,1831:storage_out,290.9019999999982,290.9019999999982,0.0,True,True,False,False
3472,1832,1832:storage_in,46.80199999999604,46.80199999999604,0.0,True,True,False,False
3473,1832,1832:storage_out,215.65199999999822,215.65199999999822,0.0,True,True,False,False
3474,1833,1833:direct,188.00199999999677,188.00199999999677,0.0,True,True,False,False
3475,1834,1834:direct,193.10199999999531,193.10199999999531,0.0,True,True,False,False
3476,1835,1835:storage_in,46.80199999999604,46.80199999999604,0.0,True,True,False,False
3477,1835,1835:storage_out,252.90199999999822,252.90199999999822,0.0,True,True,False,False
3478,1836,1836:direct,191.60199999999531,191.60199999999531,0.0,True,True,False,False
3479,1837,1837:direct,189.00199999999677,189.00199999999677,0.0,True,True,False,False
3480,1838,1838:direct,197.70199999999386,197.70199999999386,0.0,True,True,False,False
3481,1839,1839:direct,188.00199999999677,188.00199999999677,0.0,True,True,False,False
3482,1840,1840:storage_in,45.60199999999895,45.60199999999895,0.0,True,True,False,False
3483,1840,1840:storage_out,432.2019999999975,432.2019999999975,0.0,True,True,False,False
3484,1841,1841:storage_in,45.60199999999895,45.60199999999895,0.0,True,True,False,False
3485,1841,1841:storage_out,380.1519999999982,380.1519999999982,0.0,True,True,False,False
3486,1842,1842:storage_in,294.8253899999945,293.8253899999945,-1.0,True,True,False,False
3487,1842,1842:storage_out,166.40199999999822,166.40199999999822,0.0,True,True,False,False
3488,1843,1843:storage_in,45.85199999999895,45.85199999999895,0.0,True,True,False,False
3489,1843,1843:storage_out,409.9519999999975,416.4519999999975,6.5,True,True,False,False
3490,1844,1844:storage_in,47.30199999999604,47.30199999999604,0.0,True,True,False,False
3491,1844,1844:storage_out,211.90199999999822,211.90199999999822,0.0,True,True,False,False
3492,1845,1845:storage_in,59.20199999999386,59.20199999999386,0.0,True,True,False,False
3493,1845,1845:storage_out,221.4519999999975,221.4519999999975,0.0,True,True,False,False
3494,1846,1846:storage_in,55.58169999999518,55.58169999999518,0.0,True,True,False,False
3495,1846,1846:storage_out,381.1519999999982,381.1519999999982,0.0,True,True,False,False
3496,1847,1847:storage_in,55.83766999999352,55.83766999999352,0.0,True,True,False,False
3497,1847,1847:storage_out,410.9519999999975,417.4529999999977,6.501000000000204,True,True,False,False
3498,1848,1848:storage_in,324.4919999999838,323.4919999999838,-1.0,True,True,False,False
3499,1848,1848:storage_out,166.40199999999822,166.40199999999822,0.0,True,True,False,False
3500,1849,1849:direct,202.73538999999437,202.73538999999437,0.0,True,True,False,False
3501,1850,1850:direct,218.0020000000004,218.0020000000004,0.0,True,True,False,False
3502,1851,1851:direct,192.52468999999473,192.52468999999473,0.0,True,True,False,False
3503,1852,1852:storage_in,54.37340999999287,54.37340999999287,0.0,True,True,False,False
3504,1852,1852:storage_out,295.2019999999975,295.2019999999975,0.0,True,True,False,False
3505,1853,1853:storage_in,142.66151999999784,142.66151999999784,0.0,True,True,False,False
3506,1853,1853:storage_out,292.9019999999982,292.9019999999982,0.0,True,True,False,False
3507,1854,1854:storage_in,73.64977999999974,73.31145999999717,-0.3383200000025681,True,True,False,False
3508,1854,1854:storage_out,421.1519999999982,421.1519999999982,0.0,True,True,False,False
3509,1855,1855:direct,188.2019999999975,188.2019999999975,0.0,True,True,False,False
3510,1856,1856:direct,188.6345399999991,188.6345399999991,0.0,True,True,False,False
3511,1857,1857:direct,213.17732999999862,213.06130999999732,-0.1160200000012992,True,True,False,False
3512,1858,1858:storage_in,81.50738999999521,81.24486999999863,-0.2625199999965844,True,True,False,False
3513,1858,1858:storage_out,422.1519999999982,422.1519999999982,0.0,True,True,False,False
3514,1859,1859:storage_in,165.7416400000002,164.59163999999873,-1.1500000000014552,True,True,False,False
3515,1859,1859:storage_out,293.9019999999982,293.9019999999982,0.0,True,True,False,False
3516,1860,1860:storage_in,88.26915999999255,88.38594999999623,0.11679000000367523,True,True,False,False
3517,1860,1860:storage_out,411.9519999999975,418.7019999999975,6.75,True,True,False,False
3518,1861,1861:storage_in,45.60199999999895,45.60199999999895,0.0,True,True,False,False
3519,1861,1861:storage_out,296.2019999999975,296.2019999999975,0.0,True,True,False,False
3520,1862,1862:storage_in,285.2420599999932,284.1420599999947,-1.0999999999985448,True,True,False,False
3521,1862,1862:storage_out,167.40199999999822,167.40199999999822,0.0,True,True,False,False
3522,1863,1863:storage_in,81.19040999999561,81.25451999999859,0.06411000000298372,True,True,False,False
3523,1863,1863:storage_out,384.1519999999982,384.1519999999982,0.0,True,True,False,False
3524,1864,1864:direct,221.23537999999462,221.23537999999462,0.0,True,True,False,False
3525,1865,1865:storage_in,150.25098999999682,150.25098999999682,0.0,True,True,False,False
3526,1865,1865:storage_out,307.9519999999975,307.9519999999975,0.0,True,True,False,False
3527,1866,1866:storage_in,332.0503599999938,330.8076899999942,-1.2426699999996345,True,True,False,False
3528,1866,1866:storage_out,188.40199999999822,188.40199999999822,0.0,True,True,False,False
3529,1867,1867:storage_in,269.6287699999957,268.6287699999957,-1.0,True,True,False,False
3530,1867,1867:storage_out,228.40199999999822,228.40199999999822,0.0,True,True,False,False
3531,1868,1868:storage_in,47.910959999990155,47.910959999990155,0.0,True,True,False,False
3532,1868,1868:storage_out,412.9519999999975,419.7019999999975,6.75,True,True,False,False
3533,1869,1869:storage_in,78.23581999999442,78.1026099999981,-0.13320999999632477,True,True,False,False
3534,1869,1869:storage_out,437.2019999999975,437.2019999999975,0.0,True,True,False,False
3535,1870,1870:storage_in,323.58267999999225,322.58267999999225,-1.0,True,True,False,False
3536,1870,1870:storage_out,190.40199999999822,190.40199999999822,0.0,True,True,False,False
3537,1871,1871:storage_in,187.09902999999758,159.37867000000188,-27.720359999995708,True,True,False,False
3538,1871,1871:storage_out,294.9019999999982,294.9019999999982,0.0,True,True,False,False
3539,1872,1872:storage_in,157.45001000000047,154.4000100000012,-3.0499999999992724,True,True,False,False
3540,1872,1872:storage_out,295.9019999999982,295.9019999999982,0.0,True,True,False,False
3541,1873,1873:storage_in,49.00199999999677,49.00199999999677,0.0,True,True,False,False
3542,1873,1873:storage_out,385.1519999999982,385.1519999999982,0.0,True,True,False,False
3543,1874,1874:storage_in,185.8393999999971,184.8393999999971,-1.0,True,True,False,False
3544,1874,1874:storage_out,296.9019999999982,296.9019999999982,0.0,True,True,False,False
3545,1875,1875:storage_in,52.346349999996164,52.346349999996164,0.0,True,True,False,False
3546,1875,1875:storage_out,297.2019999999975,297.2019999999975,0.0,True,True,False,False
3547,1876,1876:storage_in,45.60199999999895,45.60199999999895,0.0,True,True,False,False
3548,1876,1876:storage_out,258.9019999999982,258.9019999999982,0.0,True,True,False,False
3549,1877,1877:storage_in,79.18176999999196,79.29855999999563,0.11679000000367523,True,True,False,False
3550,1877,1877:storage_out,298.2019999999975,298.2019999999975,0.0,True,True,False,False
3551,1878,1878:storage_in,49.293519999995624,49.293519999995624,0.0,True,True,False,False
3552,1878,1878:storage_out,386.1519999999982,386.1519999999982,0.0,True,True,False,False
3553,1879,1879:storage_in,253.05319999999847,249.85319999999774,-3.2000000000007276,True,True,False,False
3554,1879,1879:storage_out,225.9519999999975,225.9519999999975,0.0,True,True,False,False
3555,1880,1880:storage_in,54.601999999995314,54.601999999995314,0.0,True,True,False,False
3556,1880,1880:storage_out,299.2019999999975,299.2019999999975,0.0,True,True,False,False
3557,1881,1881:direct,201.4019999999946,201.4019999999946,0.0,True,True,False,False
3558,1882,1882:storage_in,49.25199999999677,49.25199999999677,0.0,True,True,False,False
3559,1882,1882:storage_out,360.4019999999982,367.1519999999982,6.75,True,True,False,False
3560,1883,1883:storage_in,45.60199999999895,45.60199999999895,0.0,True,True,False,False
3561,1883,1883:storage_out,387.1519999999982,387.1519999999982,0.0,True,True,False,False
3562,1884,1884:storage_in,190.7151899999917,181.1610599999949,-9.554129999996803,True,True,False,False
3563,1884,1884:storage_out,298.9019999999982,298.9019999999982,0.0,True,True,False,False
3564,1885,1885:direct,190.2336999999934,190.2336999999934,0.0,True,True,False,False
3565,1886,1886:storage_in,199.7064899999932,198.7064899999932,-1.0,True,True,False,False
3566,1886,1886:storage_out,299.9019999999982,299.9019999999982,0.0,True,True,False,False
3567,1887,1887:storage_in,70.16914999999062,70.2859399999943,0.11679000000367523,True,True,False,False
3568,1887,1887:storage_out,440.2019999999975,440.2019999999975,0.0,True,True,False,False
3569,1888,1888:storage_in,49.00199999999677,49.00199999999677,0.0,True,True,False,False
3570,1888,1888:storage_out,388.1519999999982,388.1519999999982,0.0,True,True,False,False
3571,1889,1889:storage_in,195.84046999999555,185.21582999999373,-10.624640000001818,True,True,False,False
3572,1889,1889:storage_out,300.9019999999982,300.9019999999982,0.0,True,True,False,False
3573,1890,1890:storage_in,45.60199999999895,45.60199999999895,0.0,True,True,False,False
3574,1890,1890:storage_out,230.2019999999975,230.2019999999975,0.0,True,True,False,False
3575,1891,1891:storage_in,245.54995999999664,244.4499599999981,-1.0999999999985448,True,True,False,False
3576,1891,1891:storage_out,212.90199999999822,212.90199999999822,0.0,True,True,False,False
3577,1892,1892:storage_in,320.13637999999264,317.7863799999941,-2.349999999998545,True,True,False,False
3578,1892,1892:storage_out,148.40199999999822,148.40199999999822,0.0,True,True,False,False
3579,1893,1893:storage_in,195.62985999999364,194.5298599999951,-1.0999999999985448,True,True,False,False
3580,1893,1893:storage_out,301.9019999999982,301.9019999999982,0.0,True,True,False,False
3581,1894,1894:storage_in,291.2455299999856,288.14552999998705,-3.099999999998545,True,True,False,False
3582,1894,1894:storage_out,208.40199999999822,208.40199999999822,0.0,True,True,False,False
3583,1895,1895:storage_in,193.94743999999264,192.94743999999264,-1.0,True,True,False,False
3584,1895,1895:storage_out,302.9019999999982,302.9019999999982,0.0,True,True,False,False
3585,1896,1896:direct,197.75856000000203,197.67023999999947,-0.08832000000256812,True,True,False,False
3586,1897,1897:storage_in,49.00199999999677,49.00199999999677,0.0,True,True,False,False
3587,1897,1897:storage_out,231.2019999999975,231.2019999999975,0.0,True,True,False,False
3588,1898,1898:storage_in,107.84819000000061,107.84819000000061,0.0,True,True,False,False
3589,1898,1898:storage_out,285.6519999999982,285.6519999999982,0.0,True,True,False,False
3590,1899,1899:storage_in,45.60199999999895,45.60199999999895,0.0,True,True,False,False
3591,1899,1899:storage_out,264.9019999999982,264.9019999999982,0.0,True,True,False,False
3592,1900,1900:storage_in,277.036319999992,260.43631999999343,-16.599999999998545,True,True,False,False
3593,1900,1900:storage_out,216.65199999999822,216.65199999999822,0.0,True,True,False,False
3594,1901,1901:storage_in,49.30505999999514,49.30505999999514,0.0,True,True,False,False
3595,1901,1901:storage_out,232.2019999999975,232.2019999999975,0.0,True,True,False,False
3596,1902,1902:storage_in,58.95199999999386,59.068789999997534,0.11679000000367523,True,True,False,False
3597,1902,1902:storage_out,428.1519999999982,428.1519999999982,0.0,True,True,False,False
3598,1903,1903:storage_in,45.60199999999895,45.60199999999895,0.0,True,True,False,False
3599,1903,1903:storage_out,233.2019999999975,233.2019999999975,0.0,True,True,False,False
3600,1904,1904:storage_in,46.401999999998225,46.401999999998225,0.0,True,True,False,False
3601,1904,1904:storage_out,165.40199999999822,165.40199999999822,0.0,True,True,False,False
3602,1905,1905:storage_in,189.81696999999622,185.74078999999256,-4.07618000000366,True,True,False,False
3603,1905,1905:storage_out,304.9019999999982,304.9019999999982,0.0,True,True,False,False
3604,1906,1906:storage_in,49.00199999999677,49.00199999999677,0.0,True,True,False,False
3605,1906,1906:storage_out,300.2019999999975,300.2019999999975,0.0,True,True,False,False
3606,1907,1907:storage_in,315.7577499999934,305.11138999999093,-10.64636000000246,True,True,False,False
3607,1907,1907:storage_out,149.40199999999822,149.40199999999822,0.0,True,True,False,False
3608,1908,1908:storage_in,278.9122099999877,277.9122099999877,-1.0,True,True,False,False
3609,1908,1908:storage_out,209.40199999999822,209.40199999999822,0.0,True,True,False,False
3610,1909,1909:storage_in,283.14138999999705,278.0720299999848,-5.069360000012239,True,True,False,False
3611,1909,1909:storage_out,206.40199999999822,206.40199999999822,0.0,True,True,False,False
3612,1910,1910:storage_in,45.60199999999895,45.60199999999895,0.0,True,True,False,False
3613,1910,1910:storage_out,168.40199999999822,168.40199999999822,0.0,True,True,False,False
3614,1911,1911:storage_in,53.00417999999627,53.00417999999627,0.0,True,True,False,False
3615,1911,1911:storage_out,442.2019999999975,442.2019999999975,0.0,True,True,False,False
3616,1912,1912:direct,194.13796999999613,194.13796999999613,0.0,True,True,False,False
3617,1913,1913:storage_in,55.98516999999629,55.98516999999629,0.0,True,True,False,False
3618,1913,1913:storage_out,400.4019999999982,407.1519999999982,6.75,True,True,False,False
3619,1914,1914:storage_in,46.401999999998225,46.401999999998225,0.0,True,True,False,False
3620,1914,1914:storage_out,220.4519999999975,220.4519999999975,0.0,True,True,False,False
3621,1915,1915:direct,193.86517999999342,193.86517999999342,0.0,True,True,False,False
3622,1916,1916:storage_in,175.7745699999905,174.5645499999955,-1.2100199999949837,True,True,False,False
3623,1916,1916:storage_out,305.9019999999982,305.9019999999982,0.0,True,True,False,False
3624,1917,1917:storage_in,45.60199999999895,45.60199999999895,0.0,True,True,False,False
3625,1917,1917:storage_out,234.2019999999975,234.2019999999975,0.0,True,True,False,False
3626,1918,1918:storage_in,48.24981999999727,48.24981999999727,0.0,True,True,False,False
3627,1918,1918:storage_out,169.40199999999822,169.40199999999822,0.0,True,True,False,False
3628,1919,1919:storage_in,49.00199999999677,49.00199999999677,0.0,True,True,False,False
3629,1919,1919:storage_out,319.9519999999975,319.9519999999975,0.0,True,True,False,False
3630,1920,1920:storage_in,53.9519999999975,53.9519999999975,0.0,True,True,False,False
3631,1920,1920:storage_out,429.1519999999982,429.1519999999982,0.0,True,True,False,False
3632,1921,1921:storage_in,64.4446699999935,61.13895999999659,-3.305709999996907,True,True,False,False
3633,1921,1921:storage_out,401.4019999999982,408.1529999999984,6.751000000000204,True,True,False,False
3634,1922,1922:storage_in,315.3076899999978,299.5076899999949,-15.80000000000291,True,True,False,False
3635,1922,1922:storage_out,150.40199999999822,150.40199999999822,0.0,True,True,False,False
3636,1923,1923:storage_in,52.45367999999871,52.45367999999871,0.0,True,True,False,False
3637,1923,1923:storage_out,415.4519999999975,422.2019999999975,6.75,True,True,False,False
3638,1924,1924:storage_in,49.47453999999561,49.47453999999561,0.0,True,True,False,False
3639,1924,1924:storage_out,301.2019999999975,301.2019999999975,0.0,True,True,False,False
3640,1925,1925:storage_in,169.99175999999716,168.8517799999936,-1.1399800000035611,True,True,False,False
3641,1925,1925:storage_out,306.9019999999982,306.9019999999982,0.0,True,True,False,False
3642,1926,1926:direct,206.39287999999215,206.39287999999215,0.0,True,True,False,False
3643,1927,1927:storage_in,52.51295999999638,52.51295999999638,0.0,True,True,False,False
3644,1927,1927:storage_out,402.4019999999982,409.4019999999982,7.0,True,True,False,False
3645,1928,1928:storage_in,45.60199999999895,45.60199999999895,0.0,True,True,False,False
3646,1928,1928:storage_out,182.40199999999822,182.40199999999822,0.0,True,True,False,False
3647,1929,1929:storage_in,45.85199999999895,45.85199999999895,0.0,True,True,False,False
3648,1929,1929:storage_out,443.2019999999975,443.2019999999975,0.0,True,True,False,False
3649,1930,1930:storage_in,65.96076999999786,57.39628999999695,-8.564480000000913,True,True,False,False
3650,1930,1930:storage_out,403.4019999999982,410.4019999999982,7.0,True,True,False,False
3651,1931,1931:direct,195.5557399999925,192.5000299999956,-3.055709999996907,True,True,False,False
3652,1932,1932:storage_in,46.401999999998225,46.401999999998225,0.0,True,True,False,False
3653,1932,1932:storage_out,444.2019999999975,444.2019999999975,0.0,True,True,False,False
3654,1933,1933:direct,191.60199999999531,191.60199999999531,0.0,True,True,False,False
3655,1934,1934:storage_in,83.24636999999711,80.89636999999857,-2.349999999998545,True,True,False,False
3656,1934,1934:storage_out,404.4019999999982,411.4019999999982,7.0,True,True,False,False
3657,1935,1935:storage_in,49.33030999999755,49.33030999999755,0.0,True,True,False,False
3658,1935,1935:storage_out,302.2019999999975,302.2019999999975,0.0,True,True,False,False
3659,1936,1936:direct,195.070409999993,195.11469999999463,0.044290000001637964,True,True,False,False
3660,1937,1937:direct,210.36617999999726,210.36617999999726,0.0,True,True,False,False
3661,1938,1938:direct,201.00199999999677,201.00199999999677,0.0,True,True,False,False
3662,1939,1939:storage_in,76.43465999999898,57.944109999996726,-18.49055000000226,True,True,False,False
3663,1939,1939:storage_out,405.4019999999982,412.4019999999982,7.0,True,True,False,False
3664,1940,1940:storage_in,46.401999999998225,46.401999999998225,0.0,True,True,False,False
3665,1940,1940:storage_out,303.2019999999975,303.2019999999975,0.0,True,True,False,False
3666,1941,1941:storage_in,80.04931999999826,75.94931999999608,-4.100000000002183,True,True,False,False
3667,1941,1941:storage_out,406.4019999999982,413.4019999999982,7.0,True,True,False,False
3668,1942,1942:storage_in,71.33486999999877,71.33486999999877,0.0,True,True,False,False
3669,1942,1942:storage_out,430.6519999999982,430.6519999999982,0.0,True,True,False,False
3670,1943,1943:direct,188.2019999999975,188.2019999999975,0.0,True,True,False,False
3671,1944,1944:storage_in,65.92702999999892,65.92702999999892,0.0,True,True,False,False
3672,1944,1944:storage_out,304.2019999999975,304.2019999999975,0.0,True,True,False,False
3673,1945,1945:direct,192.00199999999677,192.00199999999677,0.0,True,True,False,False
3674,1946,1946:storage_in,45.60199999999895,45.60199999999895,0.0,True,True,False,False
3675,1946,1946:storage_out,420.4519999999975,427.4519999999975,7.0,True,True,False,False
3676,1947,1947:storage_in,231.0628799999904,230.0628799999904,-1.0,True,True,False,False
3677,1947,1947:storage_out,217.65199999999822,217.65199999999822,0.0,True,True,False,False
3678,1948,1948:storage_in,86.33718999999837,85.33718999999837,-1.0,True,True,False,False
3679,1948,1948:storage_out,290.6519999999982,290.6519999999982,0.0,True,True,False,False
3680,1949,1949:direct,191.60199999999531,191.60199999999531,0.0,True,True,False,False
3681,1950,1950:direct,188.2019999999975,188.2019999999975,0.0,True,True,False,False
3682,1951,1951:storage_in,229.5579799999905,228.45797999999195,-1.0999999999985448,True,True,False,False
3683,1951,1951:storage_out,218.65199999999822,218.65199999999822,0.0,True,True,False,False
3684,1952,1952:storage_in,49.00199999999677,49.00199999999677,0.0,True,True,False,False
3685,1952,1952:storage_out,421.4519999999975,428.4519999999975,7.0,True,True,False,False
3686,1953,1953:storage_in,73.78517999999895,72.78517999999895,-1.0,True,True,False,False
3687,1953,1953:storage_out,407.9019999999982,414.9019999999982,7.0,True,True,False,False
3688,1954,1954:storage_in,147.1282199999987,144.7782199999965,-2.350000000002183,True,True,False,False
3689,1954,1954:storage_out,307.9019999999982,307.9019999999982,0.0,True,True,False,False
3690,1955,1955:direct,189.00199999999677,189.00199999999677,0.0,True,True,False,False
3691,1956,1956:storage_in,50.83302999999796,50.83302999999796,0.0,True,True,False,False
3692,1956,1956:storage_out,232.7019999999975,232.7019999999975,0.0,True,True,False,False
3693,1957,1957:storage_in,70.33881999999721,68.23881999999867,-2.099999999998545,True,True,False,False
3694,1957,1957:storage_out,408.9019999999982,415.9019999999982,7.0,True,True,False,False
3695,1958,1958:storage_in,45.60199999999895,45.60199999999895,0.0,True,True,False,False
3696,1958,1958:storage_out,305.2019999999975,305.2019999999975,0.0,True,True,False,False
3697,1959,1959:storage_in,195.76049999999668,191.59917999999743,-4.16131999999925,True,True,False,False
3698,1959,1959:storage_out,222.40199999999822,222.40199999999822,0.0,True,True,False,False
3699,1960,1960:direct,188.2019999999975,188.2019999999975,0.0,True,True,False,False
3700,1961,1961:storage_in,68.84360999999626,66.74360999999772,-2.099999999998545,True,True,False,False
3701,1961,1961:storage_out,409.9019999999982,416.9019999999982,7.0,True,True,False,False
3702,1962,1962:storage_in,49.00199999999677,49.00199999999677,0.0,True,True,False,False
3703,1962,1962:storage_out,423.9519999999975,430.9519999999975,7.0,True,True,False,False
3704,1963,1963:storage_in,195.96498999999312,191.36498999999458,-4.599999999998545,True,True,False,False
3705,1963,1963:storage_out,202.40199999999822,202.40199999999822,0.0,True,True,False,False
3706,1964,1964:storage_in,187.05489999999554,185.954899999997,-1.0999999999985448,True,True,False,False
3707,1964,1964:storage_out,229.40199999999822,229.40199999999822,0.0,True,True,False,False
3708,1965,1965:storage_in,47.401999999998225,47.401999999998225,0.0,True,True,False,False
3709,1965,1965:storage_out,424.9519999999975,431.9519999999975,7.0,True,True,False,False
3710,1966,1966:direct,192.60199999999531,192.60199999999531,0.0,True,True,False,False
3711,1967,1967:storage_in,231.94131999999445,230.8413199999959,-1.0999999999985448,True,True,False,False
3712,1967,1967:storage_out,207.40199999999822,207.40199999999822,0.0,True,True,False,False
3713,1968,1968:storage_in,63.731659999997646,61.434669999995094,-2.296990000002552,True,True,False,False
3714,1968,1968:storage_out,411.4019999999982,418.4019999999982,7.0,True,True,False,False
3715,1969,1969:direct,189.00199999999677,189.00199999999677,0.0,True,True,False,False
3716,1970,1970:storage_in,154.7026199999964,132.0242999999973,-22.678319999999076,True,True,False,False
3717,1970,1970:storage_out,308.9019999999982,308.9019999999982,0.0,True,True,False,False
3718,1971,1971:storage_in,228.59702999999354,225.497029999995,-3.099999999998545,True,True,False,False
3719,1971,1971:storage_out,208.40199999999822,208.40199999999822,0.0,True,True,False,False
3720,1972,1972:storage_in,50.00199999999677,50.00199999999677,0.0,True,True,False,False
3721,1972,1972:storage_out,226.9519999999975,226.9519999999975,0.0,True,True,False,False
3722,1973,1973:storage_in,45.60199999999895,45.60199999999895,0.0,True,True,False,False
3723,1973,1973:storage_out,373.4019999999982,380.4019999999982,7.0,True,True,False,False
3724,1974,1974:storage_in,46.401999999998225,46.401999999998225,0.0,True,True,False,False
3725,1974,1974:storage_out,306.2019999999975,306.2019999999975,0.0,True,True,False,False
3726,1975,1975:storage_in,49.00199999999677,49.00199999999677,0.0,True,True,False,False
3727,1975,1975:storage_out,374.4019999999982,381.4019999999982,7.0,True,True,False,False
3728,1976,1976:storage_in,163.58243999999468,162.58243999999468,-1.0,True,True,False,False
3729,1976,1976:storage_out,213.90199999999822,213.90199999999822,0.0,True,True,False,False
3730,1977,1977:storage_in,143.7352699999974,142.7352699999974,-1.0,True,True,False,False
3731,1977,1977:storage_out,309.9019999999982,309.9019999999982,0.0,True,True,False,False
3732,1978,1978:storage_in,51.901999999998225,49.35199999999895,-2.5499999999992724,True,True,False,False
3733,1978,1978:storage_out,414.4019999999982,421.4019999999982,7.0,True,True,False,False
3734,1979,1979:direct,189.00199999999677,189.00199999999677,0.0,True,True,False,False
3735,1980,1980:storage_in,51.54331000000093,50.393309999999474,-1.1500000000014552,True,True,False,False
3736,1980,1980:storage_out,292.6519999999982,292.6519999999982,0.0,True,True,False,False
3737,1981,1981:storage_in,204.83088999998654,203.730889999988,-1.0999999999985448,True,True,False,False
3738,1981,1981:storage_out,210.40199999999822,210.40199999999822,0.0,True,True,False,False
3739,1982,1982:storage_in,45.60199999999895,45.60199999999895,0.0,True,True,False,False
3740,1982,1982:storage_out,243.4519999999975,243.4519999999975,0.0,True,True,False,False
3741,1983,1983:direct,201.4019999999946,201.4019999999946,0.0,True,True,False,False
3742,1984,1984:storage_in,146.68675999999687,135.7352699999974,-10.951489999999467,True,True,False,False
3743,1984,1984:storage_out,310.9019999999982,310.9019999999982,0.0,True,True,False,False
3744,1985,1985:storage_in,57.922349999997095,57.922349999997095,0.0,True,True,False,False
3745,1985,1985:storage_out,415.4019999999982,422.4019999999982,7.0,True,True,False,False
3746,1986,1986:storage_in,45.60199999999895,45.60199999999895,0.0,True,True,False,False
3747,1986,1986:storage_out,307.2019999999975,307.2019999999975,0.0,True,True,False,False
3748,1987,1987:storage_in,46.145550000001094,46.145550000001094,0.0,True,True,False,False
3749,1987,1987:storage_out,377.4019999999982,384.4019999999982,7.0,True,True,False,False
3750,1988,1988:storage_in,74.25204999999914,74.25204999999914,0.0,True,True,False,False
3751,1988,1988:storage_out,293.6519999999982,293.6519999999982,0.0,True,True,False,False
3752,1989,1989:storage_in,49.00199999999677,49.00199999999677,0.0,True,True,False,False
3753,1989,1989:storage_out,430.4519999999975,437.4519999999975,7.0,True,True,False,False
3754,1990,1990:storage_in,70.69744999999602,70.69744999999602,0.0,True,True,False,False
3755,1990,1990:storage_out,417.4019999999982,424.4019999999982,7.0,True,True,False,False
3756,1991,1991:storage_in,49.18519999999626,49.18519999999626,0.0,True,True,False,False
3757,1991,1991:storage_out,431.4519999999975,438.4519999999975,7.0,True,True,False,False
3758,1992,1992:storage_in,49.00199999999677,49.00199999999677,0.0,True,True,False,False
3759,1992,1992:storage_out,172.40199999999822,172.40199999999822,0.0,True,True,False,False
3760,1993,1993:storage_in,49.59105999999883,49.59105999999883,0.0,True,True,False,False
3761,1993,1993:storage_out,379.4019999999982,386.4019999999982,7.0,True,True,False,False
3762,1994,1994:storage_in,45.60199999999895,45.60199999999895,0.0,True,True,False,False
3763,1994,1994:storage_out,445.2019999999975,445.2019999999975,0.0,True,True,False,False
3764,1995,1995:storage_in,49.00199999999677,49.00199999999677,0.0,True,True,False,False
3765,1995,1995:storage_out,446.2019999999975,446.2019999999975,0.0,True,True,False,False
3766,1996,1996:storage_in,52.210699999995995,52.210699999995995,0.0,True,True,False,False
3767,1996,1996:storage_out,432.4519999999975,439.4519999999975,7.0,True,True,False,False
3768,1997,1997:storage_in,49.86608999999589,49.86608999999589,0.0,True,True,False,False
3769,1997,1997:storage_out,393.6519999999982,393.6519999999982,0.0,True,True,False,False
3770,1998,1998:storage_in,51.50199999999677,51.50199999999677,0.0,True,True,False,False
3771,1998,1998:storage_out,166.40199999999822,166.40199999999822,0.0,True,True,False,False
3772,1999,1999:storage_in,45.60199999999895,45.60199999999895,0.0,True,True,False,False
3773,1999,1999:storage_out,433.4519999999975,440.4519999999975,7.0,True,True,False,False
3774,2000,2000:storage_in,45.60199999999895,45.60199999999895,0.0,True,True,False,False
3775,2000,2000:storage_out,380.9019999999982,387.9019999999982,7.0,True,True,False,False
3776,2001,2001:storage_in,49.25199999999677,49.25199999999677,0.0,True,True,False,False
3777,2001,2001:storage_out,434.4519999999975,441.4519999999975,7.0,True,True,False,False
3778,2002,2002:direct,204.00199999999313,204.00199999999313,0.0,True,True,False,False
3779,2003,2003:storage_in,198.1582999999955,197.0509699999966,-1.1073299999989104,True,True,False,False
3780,2003,2003:storage_out,190.40199999999822,190.40199999999822,0.0,True,True,False,False
3781,2004,2004:storage_in,51.5002999999997,51.5002999999997,0.0,True,True,False,False
3782,2004,2004:storage_out,381.9019999999982,388.9019999999982,7.0,True,True,False,False
3783,2005,2005:storage_in,47.651999999998225,47.651999999998225,0.0,True,True,False,False
3784,2005,2005:storage_out,447.2019999999975,447.2019999999975,0.0,True,True,False,False
3785,2006,2006:storage_in,188.95568999999523,187.95568999999523,-1.0,True,True,False,False
3786,2006,2006:storage_out,209.40199999999822,209.40199999999822,0.0,True,True,False,False
3787,2007,2007:storage_in,198.83679999999367,195.98679999999513,-2.849999999998545,True,True,False,False
3788,2007,2007:storage_out,189.40199999999822,189.40199999999822,0.0,True,True,False,False
3789,2008,2008:storage_in,45.60199999999895,45.60199999999895,0.0,True,True,False,False
3790,2008,2008:storage_out,173.40199999999822,173.40199999999822,0.0,True,True,False,False
3791,2009,2009:storage_in,169.350849999988,165.00084999998944,-4.349999999998545,True,True,False,False
3792,2009,2009:storage_out,219.65199999999822,219.65199999999822,0.0,True,True,False,False
3793,2010,2010:storage_in,47.401999999998225,47.401999999998225,0.0,True,True,False,False
3794,2010,2010:storage_out,184.40199999999822,184.40199999999822,0.0,True,True,False,False
3795,2011,2011:direct,201.4019999999946,201.4019999999946,0.0,True,True,False,False
3796,2012,2012:storage_in,56.938139999994746,56.938139999994746,0.0,True,True,False,False
3797,2012,2012:storage_out,421.9019999999982,428.9019999999982,7.0,True,True,False,False
3798,2013,2013:direct,217.20200000000114,217.20200000000114,0.0,True,True,False,False
3799,2014,2014:storage_in,55.47595999999976,55.47595999999976,0.0,True,True,False,False
3800,2014,2014:storage_out,422.9019999999982,429.9019999999982,7.0,True,True,False,False
3801,2015,2015:direct,204.00199999999313,204.00199999999313,0.0,True,True,False,False
3802,2016,2016:direct,221.60199999999895,221.60199999999895,0.0,True,True,False,False
3803,2017,2017:storage_in,58.19246999999086,58.19246999999086,0.0,True,True,False,False
3804,2017,2017:storage_out,423.9019999999982,430.9019999999982,7.0,True,True,False,False
3805,2018,2018:direct,192.35199999999531,192.35199999999531,0.0,True,True,False,False
3806,2019,2019:storage_in,52.49661999999444,52.49661999999444,0.0,True,True,False,False
3807,2019,2019:storage_out,424.9019999999982,431.9019999999982,7.0,True,True,False,False
3808,2020,2020:storage_in,46.401999999998225,46.401999999998225,0.0,True,True,False,False
3809,2020,2020:storage_out,438.9519999999975,445.9519999999975,7.0,True,True,False,False
3810,2021,2021:storage_in,54.55199999999968,54.55199999999968,0.0,True,True,False,False
3811,2021,2021:storage_out,425.9019999999982,432.9019999999982,7.0,True,True,False,False
3812,2022,2022:storage_in,54.20376000000033,54.20376000000033,0.0,True,True,False,False
3813,2022,2022:storage_out,426.9019999999982,433.9019999999982,7.0,True,True,False,False
3814,2023,2023:storage_in,54.851999999995314,54.851999999995314,0.0,True,True,False,False
3815,2023,2023:storage_out,427.9019999999982,434.9019999999982,7.0,True,True,False,False
3816,2024,2024:storage_in,45.60199999999895,45.60199999999895,0.0,True,True,False,False
3817,2024,2024:storage_out,152.40199999999822,152.40199999999822,0.0,True,True,False,False
3818,2025,2025:storage_in,49.00199999999677,49.00199999999677,0.0,True,True,False,False
3819,2025,2025:storage_out,272.9019999999982,272.9019999999982,0.0,True,True,False,False
3820,2026,2026:direct,201.00199999999677,201.00199999999677,0.0,True,True,False,False
3821,2027,2027:storage_in,47.401999999998225,47.401999999998225,0.0,True,True,False,False
3822,2027,2027:storage_out,191.40199999999822,191.40199999999822,0.0,True,True,False,False
3823,2028,2028:storage_in,47.05199999999604,47.05199999999604,0.0,True,True,False,False
3824,2028,2028:storage_out,308.2019999999975,308.2019999999975,0.0,True,True,False,False
3825,2029,2029:storage_in,54.351999999995314,54.351999999995314,0.0,True,True,False,False
3826,2029,2029:storage_out,428.9019999999982,435.9019999999982,7.0,True,True,False,False
3827,2030,2030:storage_in,45.60199999999895,45.60199999999895,0.0,True,True,False,False
3828,2030,2030:storage_out,273.9019999999982,273.9019999999982,0.0,True,True,False,False
3829,2031,2031:direct,201.4019999999946,201.4019999999946,0.0,True,True,False,False
3830,2032,2032:storage_in,97.10317999999461,96.00317999999606,-1.0999999999985448,True,True,False,False
3831,2032,2032:storage_out,214.90199999999822,214.90199999999822,0.0,True,True,False,False
3832,2033,2033:direct,217.20200000000114,217.20200000000114,0.0,True,True,False,False
3833,2034,2034:storage_in,57.684229999998934,57.684229999998934,0.0,True,True,False,False
3834,2034,2034:storage_out,429.9019999999982,438.9019999999982,9.0,True,True,False,False
3835,2035,2035:storage_in,49.00199999999677,49.00199999999677,0.0,True,True,False,False
3836,2035,2035:storage_out,220.4519999999975,220.4519999999975,0.0,True,True,False,False
3837,2036,2036:direct,201.00199999999677,201.00199999999677,0.0,True,True,False,False
3838,2037,2037:storage_in,107.71579999999085,106.71579999999085,-1.0,True,True,False,False
3839,2037,2037:storage_out,221.4519999999975,221.4519999999975,0.0,True,True,False,False
3840,2038,2038:storage_in,51.308639999999286,51.308639999999286,0.0,True,True,False,False
3841,2038,2038:storage_out,430.9019999999982,439.9019999999982,9.0,True,True,False,False
3842,2039,2039:direct,218.0020000000004,218.0020000000004,0.0,True,True,False,False
3843,2040,2040:direct,201.4019999999946,201.4019999999946,0.0,True,True,False,False
3844,2041,2041:storage_in,49.00199999999677,49.00199999999677,0.0,True,True,False,False
3845,2041,2041:storage_out,171.40199999999822,171.40199999999822,0.0,True,True,False,False
3846,2042,2042:direct,217.20200000000114,217.20200000000114,0.0,True,True,False,False
3847,2043,2043:storage_in,126.62059999998746,125.62059999998746,-1.0,True,True,False,False
3848,2043,2043:storage_out,220.65199999999822,220.65199999999822,0.0,True,True,False,False
3849,2044,2044:direct,226.42127999999866,226.42127999999866,0.0,True,True,False,False
3850,2045,2045:storage_in,46.401999999998225,46.401999999998225,0.0,True,True,False,False
3851,2045,2045:storage_out,444.9519999999975,453.9519999999975,9.0,True,True,False,False
3852,2046,2046:storage_in,47.151999999998225,47.151999999998225,0.0,True,True,False,False
3853,2046,2046:storage_out,326.9519999999975,326.9519999999975,0.0,True,True,False,False
3854,2047,2047:storage_in,76.75348999999551,75.75348999999551,-1.0,True,True,False,False
3855,2047,2047:storage_out,215.90199999999822,215.90199999999822,0.0,True,True,False,False
3856,2048,2048:storage_in,45.60199999999895,45.60199999999895,0.0,True,True,False,False
3857,2048,2048:storage_out,244.4519999999975,244.4519999999975,0.0,True,True,False,False
3858,2049,2049:direct,189.25199999999677,189.25199999999677,0.0,True,True,False,False
3859,2050,2050:direct,220.60199999999895,220.60199999999895,0.0,True,True,False,False
3860,2051,2051:storage_in,78.43700999999783,73.8801099999946,-4.556900000003225,True,True,False,False
3861,2051,2051:storage_out,216.90199999999822,216.90199999999822,0.0,True,True,False,False
3862,2052,2052:direct,188.2019999999975,188.2019999999975,0.0,True,True,False,False
3863,2053,2053:direct,220.72493999999642,220.72493999999642,0.0,True,True,False,False
3864,2054,2054:direct,205.00199999999313,205.00199999999313,0.0,True,True,False,False
3865,2055,2055:direct,188.2019999999975,188.2019999999975,0.0,True,True,False,False
3866,2056,2056:direct,201.00199999999677,201.00199999999677,0.0,True,True,False,False
3867,2057,2057:direct,217.20200000000114,217.20200000000114,0.0,True,True,False,False
3868,2058,2058:storage_in,56.083019999994576,56.083019999994576,0.0,True,True,False,False
3869,2058,2058:storage_out,294.6519999999982,294.6519999999982,0.0,True,True,False,False
3870,2059,2059:storage_in,50.00199999999677,50.00199999999677,0.0,True,True,False,False
3871,2059,2059:storage_out,274.9019999999982,274.9019999999982,0.0,True,True,False,False
3872,2060,2060:storage_in,51.00199999999677,51.00199999999677,0.0,True,True,False,False
3873,2060,2060:storage_out,431.9019999999982,442.1529999999984,10.251000000000204,True,True,False,False
3874,2061,2061:storage_in,49.00199999999677,49.00199999999677,0.0,True,True,False,False
3875,2061,2061:storage_out,327.9519999999975,327.9519999999975,0.0,True,True,False,False
3876,2062,2062:storage_in,46.401999999998225,46.401999999998225,0.0,True,True,False,False
3877,2062,2062:storage_out,153.40199999999822,153.40199999999822,0.0,True,True,False,False
3878,2063,2063:storage_in,55.5534299999963,55.5534299999963,0.0,True,True,False,False
3879,2063,2063:storage_out,295.6519999999982,295.6519999999982,0.0,True,True,False,False
3880,2064,2064:storage_in,47.901999999998225,47.901999999998225,0.0,True,True,False,False
3881,2064,2064:storage_out,234.7019999999975,234.7019999999975,0.0,True,True,False,False
3882,2065,2065:storage_in,118.05568999999377,116.95568999999523,-1.0999999999985448,True,True,False,False
3883,2065,2065:storage_out,193.40199999999822,193.40199999999822,0.0,True,True,False,False
3884,2066,2066:storage_in,45.60199999999895,45.60199999999895,0.0,True,True,False,False
3885,2066,2066:storage_out,185.40199999999822,185.40199999999822,0.0,True,True,False,False
3886,2067,2067:storage_in,49.00199999999677,49.00199999999677,0.0,True,True,False,False
3887,2067,2067:storage_out,174.40199999999822,174.40199999999822,0.0,True,True,False,False
3888,2068,2068:storage_in,49.00199999999677,49.00199999999677,0.0,True,True,False,False
3889,2068,2068:storage_out,167.40199999999822,167.40199999999822,0.0,True,True,False,False
3890,2069,2069:storage_in,110.94930999999633,107.58267999999225,-3.366630000004079,True,True,False,False
3891,2069,2069:storage_out,191.40199999999822,191.40199999999822,0.0,True,True,False,False
3892,2070,2070:direct,204.00199999999313,204.00199999999313,0.0,True,True,False,False
3893,2071,2071:storage_in,46.401999999998225,46.401999999998225,0.0,True,True,False,False
3894,2071,2071:storage_out,275.9019999999982,275.9019999999982,0.0,True,True,False,False
3895,2072,2072:storage_in,45.60199999999895,45.60199999999895,0.0,True,True,False,False
3896,2072,2072:storage_out,230.9519999999975,230.9519999999975,0.0,True,True,False,False
3897,2073,2073:direct,204.00199999999313,204.00199999999313,0.0,True,True,False,False
3898,2074,2074:direct,204.9216399999932,204.9216399999932,0.0,True,True,False,False
3899,2075,2075:storage_in,45.901999999998225,45.901999999998225,0.0,True,True,False,False
3900,2075,2075:storage_out,296.6519999999982,296.6519999999982,0.0,True,True,False,False
3901,2076,2076:storage_in,49.75199999999677,49.75199999999677,0.0,True,True,False,False
3902,2076,2076:storage_out,235.2019999999975,235.2019999999975,0.0,True,True,False,False
3903,2077,2077:direct,201.00199999999677,201.00199999999677,0.0,True,True,False,False
3904,2078,2078:direct,188.2019999999975,188.2019999999975,0.0,True,True,False,False
3905,2079,2079:storage_in,46.401999999998225,46.401999999998225,0.0,True,True,False,False
3906,2079,2079:storage_out,310.7019999999975,310.7019999999975,0.0,True,True,False,False
3907,2080,2080:direct,201.4019999999946,201.4019999999946,0.0,True,True,False,False
3908,2081,2081:storage_in,45.60199999999895,45.60199999999895,0.0,True,True,False,False
3909,2081,2081:storage_out,207.4519999999975,207.4519999999975,0.0,True,True,False,False
3910,2082,2082:direct,204.00199999999313,204.00199999999313,0.0,True,True,False,False
3911,2083,2083:storage_in,50.00199999999677,50.00199999999677,0.0,True,True,False,False
3912,2083,2083:storage_out,245.4519999999975,245.4519999999975,0.0,True,True,False,False
3913,2084,2084:storage_in,46.401999999998225,46.401999999998225,0.0,True,True,False,False
3914,2084,2084:storage_out,311.7019999999975,311.7019999999975,0.0,True,True,False,False
3915,2085,2085:storage_in,49.43518999999287,49.43518999999287,0.0,True,True,False,False
3916,2085,2085:storage_out,231.9519999999975,231.9519999999975,0.0,True,True,False,False
3917,2086,2086:storage_in,53.171629999993456,53.171629999993456,0.0,True,True,False,False
3918,2086,2086:storage_out,192.90199999999822,192.90199999999822,0.0,True,True,False,False
3919,2087,2087:direct,217.20200000000114,217.20200000000114,0.0,True,True,False,False
3920,2088,2088:storage_in,49.63745999999446,49.63745999999446,0.0,True,True,False,False
3921,2088,2088:storage_out,276.9019999999982,276.9019999999982,0.0,True,True,False,False
3922,2089,2089:storage_in,49.25199999999677,49.25199999999677,0.0,True,True,False,False
3923,2089,2089:storage_out,232.9519999999975,232.9519999999975,0.0,True,True,False,False
3924,2090,2090:storage_in,45.60199999999895,45.60199999999895,0.0,True,True,False,False
3925,2090,2090:storage_out,277.9019999999982,277.9019999999982,0.0,True,True,False,False
3926,2091,2091:storage_in,47.651999999998225,47.651999999998225,0.0,True,True,False,False
3927,2091,2091:storage_out,236.2019999999975,236.2019999999975,0.0,True,True,False,False
3928,2092,2092:direct,201.00199999999677,201.00199999999677,0.0,True,True,False,False
3929,2093,2093:storage_in,49.00199999999677,49.00199999999677,0.0,True,True,False,False
3930,2093,2093:storage_out,168.40199999999822,168.40199999999822,0.0,True,True,False,False
3931,2094,2094:direct,201.4019999999946,201.4019999999946,0.0,True,True,False,False
3932,2095,2095:storage_in,45.60199999999895,45.60199999999895,0.0,True,True,False,False
3933,2095,2095:storage_out,237.2019999999975,237.2019999999975,0.0,True,True,False,False
3934,2096,2096:direct,204.00199999999313,204.00199999999313,0.0,True,True,False,False
3935,2097,2097:storage_in,46.401999999998225,46.401999999998225,0.0,True,True,False,False
3936,2097,2097:storage_out,278.9019999999982,278.9019999999982,0.0,True,True,False,False
3937,2098,2098:storage_in,49.50199999999677,49.50199999999677,0.0,True,True,False,False
3938,2098,2098:storage_out,238.4519999999975,238.4519999999975,0.0,True,True,False,False
3939,2099,2099:direct,201.00199999999677,201.00199999999677,0.0,True,True,False,False
3940,2100,2100:storage_in,47.901999999998225,47.901999999998225,0.0,True,True,False,False
3941,2100,2100:storage_out,238.2019999999975,238.2019999999975,0.0,True,True,False,False
3942,2101,2101:direct,188.2019999999975,188.2019999999975,0.0,True,True,False,False
3943,2102,2102:direct,191.60199999999531,191.60199999999531,0.0,True,True,False,False
3944,2103,2103:direct,189.00199999999677,189.00199999999677,0.0,True,True,False,False
3945,2104,2104:direct,188.2019999999975,188.2019999999975,0.0,True,True,False,False
3946,2105,2105:storage_in,46.151999999998225,46.151999999998225,0.0,True,True,False,False
3947,2105,2105:storage_out,318.9019999999982,318.9019999999982,0.0,True,True,False,False
3948,2106,2106:direct,217.20200000000114,217.20200000000114,0.0,True,True,False,False
3949,2107,2107:storage_in,50.25199999999677,50.25199999999677,0.0,True,True,False,False
3950,2107,2107:storage_out,319.9019999999982,319.9019999999982,0.0,True,True,False,False
3951,2108,2108:storage_in,51.00199999999677,51.00199999999677,0.0,True,True,False,False
3952,2108,2108:storage_out,232.90199999999822,232.90199999999822,0.0,True,True,False,False
3953,2109,2109:direct,204.75199999999313,204.75199999999313,0.0,True,True,False,False
3954,2110,2110:direct,201.00199999999677,201.00199999999677,0.0,True,True,False,False
3955,2111,2111:direct,191.60199999999531,191.60199999999531,0.0,True,True,False,False
3956,2112,2112:direct,220.60199999999895,220.60199999999895,0.0,True,True,False,False
3957,2113,2113:direct,201.4019999999946,201.4019999999946,0.0,True,True,False,False
3958,2114,2114:direct,204.00199999999313,204.00199999999313,0.0,True,True,False,False
3959,2115,2115:storage_in,54.851999999995314,54.851999999995314,0.0,True,True,False,False
3960,2115,2115:storage_out,298.1519999999982,298.1519999999982,0.0,True,True,False,False
3961,2116,2116:direct,218.0020000000004,218.0020000000004,0.0,True,True,False,False
3962,2117,2117:direct,201.00199999999677,201.00199999999677,0.0,True,True,False,False
3963,2118,2118:direct,192.26616999999533,192.26616999999533,0.0,True,True,False,False
3964,2119,2119:storage_in,45.60199999999895,45.60199999999895,0.0,True,True,False,False
3965,2119,2119:storage_out,239.2019999999975,239.2019999999975,0.0,True,True,False,False
3966,2120,2120:direct,217.79865000000063,217.79865000000063,0.0,True,True,False,False
3967,2121,2121:direct,220.60199999999895,220.60199999999895,0.0,True,True,False,False
3968,2122,2122:direct,188.2019999999975,188.2019999999975,0.0,True,True,False,False
3969,2123,2123:direct,194.52066999999806,194.52066999999806,0.0,True,True,False,False
3970,2124,2124:storage_in,53.985390000001644,53.985390000001644,0.0,True,True,False,False
3971,2124,2124:storage_out,299.1519999999982,299.1519999999982,0.0,True,True,False,False
3972,2125,2125:storage_in,57.48359999999957,57.48359999999957,0.0,True,True,False,False
3973,2125,2125:storage_out,300.1519999999982,300.1519999999982,0.0,True,True,False,False
3974,2126,2126:direct,218.0020000000004,218.0020000000004,0.0,True,True,False,False
3975,2127,2127:storage_in,45.60199999999895,45.60199999999895,0.0,True,True,False,False
3976,2127,2127:storage_out,222.4519999999975,222.4519999999975,0.0,True,True,False,False
3977,2128,2128:direct,190.25199999999677,190.25199999999677,0.0,True,True,False,False
3978,2129,2129:storage_in,49.651999999998225,49.651999999998225,0.0,True,True,False,False
3979,2129,2129:storage_out,233.90199999999822,233.90199999999822,0.0,True,True,False,False
3980,2130,2130:direct,220.60199999999895,220.60199999999895,0.0,True,True,False,False
3981,2131,2131:storage_in,54.047349999997095,54.047349999997095,0.0,True,True,False,False
3982,2131,2131:storage_out,234.90199999999822,234.90199999999822,0.0,True,True,False,False
3983,2132,2132:direct,219.0020000000004,219.0020000000004,0.0,True,True,False,False
3984,2133,2133:direct,204.00199999999313,204.00199999999313,0.0,True,True,False,False
3985,2134,2134:direct,188.2019999999975,188.2019999999975,0.0,True,True,False,False
3986,2135,2135:storage_in,47.651999999998225,47.651999999998225,0.0,True,True,False,False
3987,2135,2135:storage_out,301.1519999999982,301.1519999999982,0.0,True,True,False,False
3988,2136,2136:storage_in,47.66540999999779,46.80199999999604,-0.8634100000017497,True,True,False,False
3989,2136,2136:storage_out,214.40199999999822,214.40199999999822,0.0,True,True,False,False
3990,2137,2137:storage_in,50.50199999999677,50.50199999999677,0.0,True,True,False,False
3991,2137,2137:storage_out,235.90199999999822,235.90199999999822,0.0,True,True,False,False
3992,2138,2138:storage_in,46.80199999999604,46.80199999999604,0.0,True,True,False,False
3993,2138,2138:storage_out,215.40199999999822,215.40199999999822,0.0,True,True,False,False
3994,2139,2139:direct,204.00199999999313,204.00199999999313,0.0,True,True,False,False
3995,2140,2140:storage_in,45.60199999999895,45.60199999999895,0.0,True,True,False,False
3996,2140,2140:storage_out,333.9519999999975,333.9519999999975,0.0,True,True,False,False
3997,2141,2141:storage_in,46.80199999999604,46.80199999999604,0.0,True,True,False,False
3998,2141,2141:storage_out,216.40199999999822,216.40199999999822,0.0,True,True,False,False
3999,2142,2142:storage_in,49.00199999999677,49.00199999999677,0.0,True,True,False,False
4000,2142,2142:storage_out,281.9019999999982,281.9019999999982,0.0,True,True,False,False
4001,2143,2143:direct,201.00199999999677,201.00199999999677,0.0,True,True,False,False
4002,2144,2144:direct,201.00199999999677,201.00199999999677,0.0,True,True,False,False
4003,2145,2145:storage_in,46.80199999999604,46.80199999999604,0.0,True,True,False,False
4004,2145,2145:storage_out,217.40199999999822,217.40199999999822,0.0,True,True,False,False
4005,2146,2146:storage_in,49.00199999999677,49.00199999999677,0.0,True,True,False,False
4006,2146,2146:storage_out,315.2019999999975,315.2019999999975,0.0,True,True,False,False
4007,2147,2147:direct,201.4019999999946,201.4019999999946,0.0,True,True,False,False
4008,2148,2148:storage_in,47.30199999999604,47.30199999999604,0.0,True,True,False,False
4009,2148,2148:storage_out,218.40199999999822,218.40199999999822,0.0,True,True,False,False
4010,2149,2149:storage_in,51.75199999999677,51.75199999999677,0.0,True,True,False,False
4011,2149,2149:storage_out,302.1519999999982,302.1519999999982,0.0,True,True,False,False
4012,2150,2150:direct,204.00199999999313,204.00199999999313,0.0,True,True,False,False
4013,2151,2151:direct,189.00199999999677,189.00199999999677,0.0,True,True,False,False
4014,2152,2152:storage_in,49.041849999997794,49.041849999997794,0.0,True,True,False,False
4015,2152,2152:storage_out,219.40199999999822,219.40199999999822,0.0,True,True,False,False
4016,2153,2153:storage_in,46.401999999998225,46.401999999998225,0.0,True,True,False,False
4017,2153,2153:storage_out,199.2019999999975,199.2019999999975,0.0,True,True,False,False
4018,2154,2154:direct,201.00199999999677,201.00199999999677,0.0,True,True,False,False
4019,2155,2155:storage_in,47.05199999999604,47.05199999999604,0.0,True,True,False,False
4020,2155,2155:storage_out,170.40199999999822,170.40199999999822,0.0,True,True,False,False
4021,2156,2156:direct,188.2019999999975,188.2019999999975,0.0,True,True,False,False
4022,2157,2157:direct,217.20200000000114,217.20200000000114,0.0,True,True,False,False
4023,2158,2158:storage_in,49.00199999999677,49.00199999999677,0.0,True,True,False,False
4024,2158,2158:storage_out,172.40199999999822,172.40199999999822,0.0,True,True,False,False
4025,2159,2159:storage_in,58.177899999991496,58.177899999991496,0.0,True,True,False,False
4026,2159,2159:storage_out,236.90199999999822,236.90199999999822,0.0,True,True,False,False
4027,2160,2160:storage_in,47.80199999999604,47.80199999999604,0.0,True,True,False,False
4028,2160,2160:storage_out,171.40199999999822,171.40199999999822,0.0,True,True,False,False
4029,2161,2161:storage_in,51.67832999999882,51.67832999999882,0.0,True,True,False,False
4030,2161,2161:storage_out,208.4519999999975,208.4519999999975,0.0,True,True,False,False
4031,2162,2162:storage_in,59.2257599999939,59.2257599999939,0.0,True,True,False,False
4032,2162,2162:storage_out,172.40199999999822,172.40199999999822,0.0,True,True,False,False
4033,2163,2163:storage_in,46.401999999998225,46.401999999998225,0.0,True,True,False,False
4034,2163,2163:storage_out,316.2019999999975,316.2019999999975,0.0,True,True,False,False
4035,2164,2164:direct,204.00199999999313,204.00199999999313,0.0,True,True,False,False
4036,2165,2165:storage_in,45.60199999999895,45.60199999999895,0.0,True,True,False,False
4037,2165,2165:storage_out,317.2019999999975,317.2019999999975,0.0,True,True,False,False
4038,2166,2166:storage_in,47.55199999999604,47.55199999999604,0.0,True,True,False,False
4039,2166,2166:storage_out,240.2019999999975,240.2019999999975,0.0,True,True,False,False
4040,2167,2167:storage_in,61.3877399999983,61.3877399999983,0.0,True,True,False,False
4041,2167,2167:storage_out,237.90199999999822,237.90199999999822,0.0,True,True,False,False
4042,2168,2168:storage_in,49.787829999997484,49.787829999997484,0.0,True,True,False,False
4043,2168,2168:storage_out,181.40199999999822,181.40199999999822,0.0,True,True,False,False
4044,2169,2169:direct,189.00199999999677,189.00199999999677,0.0,True,True,False,False
4045,2170,2170:storage_in,61.911099999993894,61.911099999993894,0.0,True,True,False,False
4046,2170,2170:storage_out,173.40199999999822,173.40199999999822,0.0,True,True,False,False
4047,2171,2171:storage_in,48.163129999993544,48.163129999993544,0.0,True,True,False,False
4048,2171,2171:storage_out,182.40199999999822,182.40199999999822,0.0,True,True,False,False
4049,2172,2172:storage_in,47.55199999999604,47.55199999999604,0.0,True,True,False,False
4050,2172,2172:storage_out,241.2019999999975,241.2019999999975,0.0,True,True,False,False
4051,2173,2173:storage_in,46.80199999999604,46.80199999999604,0.0,True,True,False,False
4052,2173,2173:storage_out,242.2019999999975,242.2019999999975,0.0,True,True,False,False
4053,2174,2174:direct,201.4019999999946,201.4019999999946,0.0,True,True,False,False
4054,2175,2175:storage_in,49.00199999999677,49.00199999999677,0.0,True,True,False,False
4055,2175,2175:storage_out,282.9019999999982,282.9019999999982,0.0,True,True,False,False
4056,2176,2176:storage_in,49.851019999994605,49.851019999994605,0.0,True,True,False,False
4057,2176,2176:storage_out,318.2019999999975,318.2019999999975,0.0,True,True,False,False
4058,2177,2177:storage_in,50.02833999999348,50.02833999999348,0.0,True,True,False,False
4059,2177,2177:storage_out,243.2019999999975,243.2019999999975,0.0,True,True,False,False
4060,2178,2178:storage_in,45.60199999999895,45.60199999999895,0.0,True,True,False,False
4061,2178,2178:storage_out,283.9019999999982,283.9019999999982,0.0,True,True,False,False
4062,2179,2179:storage_in,51.15199999999459,51.15199999999459,0.0,True,True,False,False
4063,2179,2179:storage_out,183.40199999999822,183.40199999999822,0.0,True,True,False,False
4064,2180,2180:direct,204.25199999999313,204.25199999999313,0.0,True,True,False,False
4065,2181,2181:storage_in,49.65199999999459,49.65199999999459,0.0,True,True,False,False
4066,2181,2181:storage_out,184.40199999999822,184.40199999999822,0.0,True,True,False,False
4067,2182,2182:direct,201.00199999999677,201.00199999999677,0.0,True,True,False,False
4068,2183,2183:storage_in,49.40199999999459,49.40199999999459,0.0,True,True,False,False
4069,2183,2183:storage_out,213.40199999999822,213.40199999999822,0.0,True,True,False,False
4070,2184,2184:storage_in,47.05199999999604,47.05199999999604,0.0,True,True,False,False
4071,2184,2184:storage_out,185.40199999999822,185.40199999999822,0.0,True,True,False,False
4072,2185,2185:storage_in,47.60874999999214,47.60874999999214,0.0,True,True,False,False
4073,2185,2185:storage_out,214.40199999999822,214.40199999999822,0.0,True,True,False,False
4074,2186,2186:storage_in,46.80199999999604,46.80199999999604,0.0,True,True,False,False
4075,2186,2186:storage_out,186.40199999999822,186.40199999999822,0.0,True,True,False,False
4076,2187,2187:storage_in,50.50199999999677,50.50199999999677,0.0,True,True,False,False
4077,2187,2187:storage_out,219.40199999999822,219.40199999999822,0.0,True,True,False,False
4078,2188,2188:direct,204.00199999999313,204.00199999999313,0.0,True,True,False,False
4079,2189,2189:storage_in,46.80199999999604,46.80199999999604,0.0,True,True,False,False
4080,2189,2189:storage_out,244.2019999999975,244.2019999999975,0.0,True,True,False,False
4081,2190,2190:storage_in,46.80199999999604,46.80199999999604,0.0,True,True,False,False
4082,2190,2190:storage_out,245.2019999999975,245.2019999999975,0.0,True,True,False,False
4083,2191,2191:direct,204.75199999999313,204.75199999999313,0.0,True,True,False,False
4084,2192,2192:storage_in,46.401999999998225,46.401999999998225,0.0,True,True,False,False
4085,2192,2192:storage_out,251.9519999999975,251.9519999999975,0.0,True,True,False,False
4086,2193,2193:direct,201.00199999999677,201.00199999999677,0.0,True,True,False,False
4087,2194,2194:storage_in,46.80199999999604,46.80199999999604,0.0,True,True,False,False
4088,2194,2194:storage_out,215.40199999999822,215.40199999999822,0.0,True,True,False,False
4089,2195,2195:direct,201.00199999999677,201.00199999999677,0.0,True,True,False,False
4090,2196,2196:storage_in,50.00199999999677,50.00199999999677,0.0,True,True,False,False
4091,2196,2196:storage_out,220.40199999999822,220.40199999999822,0.0,True,True,False,False
4092,2197,2197:storage_in,46.80199999999604,46.80199999999604,0.0,True,True,False,False
4093,2197,2197:storage_out,216.40199999999822,216.40199999999822,0.0,True,True,False,False
4094,2198,2198:storage_in,54.601999999995314,54.601999999995314,0.0,True,True,False,False
4095,2198,2198:storage_out,221.40199999999822,221.40199999999822,0.0,True,True,False,False
4096,2199,2199:storage_in,46.80199999999604,46.80199999999604,0.0,True,True,False,False
4097,2199,2199:storage_out,239.4519999999975,239.4519999999975,0.0,True,True,False,False
4098,2200,2200:storage_in,46.80199999999604,46.80199999999604,0.0,True,True,False,False
4099,2200,2200:storage_out,217.40199999999822,217.40199999999822,0.0,True,True,False,False
4100,2201,2201:storage_in,46.80199999999604,46.80199999999604,0.0,True,True,False,False
4101,2201,2201:storage_out,240.4519999999975,240.4519999999975,0.0,True,True,False,False
4102,2202,2202:storage_in,46.80199999999604,46.80199999999604,0.0,True,True,False,False
4103,2202,2202:storage_out,187.90199999999822,187.90199999999822,0.0,True,True,False,False
4104,2203,2203:storage_in,46.80199999999604,46.80199999999604,0.0,True,True,False,False
4105,2203,2203:storage_out,179.40199999999822,179.40199999999822,0.0,True,True,False,False
4106,2204,2204:storage_in,46.80199999999604,46.80199999999604,0.0,True,True,False,False
4107,2204,2204:storage_out,219.40199999999822,219.40199999999822,0.0,True,True,False,False
4108,2205,2205:direct,201.00199999999677,201.00199999999677,0.0,True,True,False,False
4109,2206,2206:storage_in,46.80199999999604,46.80199999999604,0.0,True,True,False,False
4110,2206,2206:storage_out,220.40199999999822,220.40199999999822,0.0,True,True,False,False
4111,2207,2207:direct,201.4019999999946,201.4019999999946,0.0,True,True,False,False
4112,2208,2208:storage_in,46.80199999999604,46.80199999999604,0.0,True,True,False,False
4113,2208,2208:storage_out,234.4519999999975,234.4519999999975,0.0,True,True,False,False
4114,2209,2209:storage_in,46.80199999999604,46.80199999999604,0.0,True,True,False,False
4115,2209,2209:storage_out,246.2019999999975,246.2019999999975,0.0,True,True,False,False
4116,2210,2210:direct,201.4019999999946,201.4019999999946,0.0,True,True,False,False
4117,2211,2211:direct,204.00199999999313,204.00199999999313,0.0,True,True,False,False
4118,2212,2212:direct,217.20200000000114,217.20200000000114,0.0,True,True,False,False
4119,2213,2213:storage_in,46.80199999999604,46.80199999999604,0.0,True,True,False,False
4120,2213,2213:storage_out,235.4519999999975,235.4519999999975,0.0,True,True,False,False
4121,2214,2214:direct,201.00199999999677,201.00199999999677,0.0,True,True,False,False
4122,2215,2215:direct,201.4019999999946,201.4019999999946,0.0,True,True,False,False
4123,2216,2216:storage_in,52.601999999995314,52.601999999995314,0.0,True,True,False,False
4124,2216,2216:storage_out,221.65199999999822,221.65199999999822,0.0,True,True,False,False
4125,2217,2217:storage_in,45.401999999998225,45.401999999998225,0.0,True,True,False,False
4126,2217,2217:storage_out,222.65199999999822,222.65199999999822,0.0,True,True,False,False
4127,2218,2218:direct,201.4019999999946,201.4019999999946,0.0,True,True,False,False
4128,2219,2219:storage_in,54.601999999995314,54.601999999995314,0.0,True,True,False,False
4129,2219,2219:storage_out,192.40199999999822,192.40199999999822,0.0,True,True,False,False
4130,2220,2220:direct,204.00199999999313,204.00199999999313,0.0,True,True,False,False
4131,2221,2221:direct,191.60199999999531,191.60199999999531,0.0,True,True,False,False
4132,2222,2222:direct,201.00199999999677,201.00199999999677,0.0,True,True,False,False
4133,2223,2223:direct,220.60199999999895,220.60199999999895,0.0,True,True,False,False
4134,2224,2224:storage_in,46.80199999999604,46.80199999999604,0.0,True,True,False,False
4135,2224,2224:storage_out,227.90199999999822,227.90199999999822,0.0,True,True,False,False
4136,2225,2225:direct,201.4019999999946,201.4019999999946,0.0,True,True,False,False
4137,2226,2226:storage_in,46.80199999999604,46.80199999999604,0.0,True,True,False,False
4138,2226,2226:storage_out,189.90199999999822,189.90199999999822,0.0,True,True,False,False
4139,2227,2227:direct,204.00199999999313,204.00199999999313,0.0,True,True,False,False
4140,2228,2228:storage_in,46.80199999999604,46.80199999999604,0.0,True,True,False,False
4141,2228,2228:storage_out,182.90199999999822,182.90199999999822,0.0,True,True,False,False
4142,2229,2229:direct,201.00199999999677,201.00199999999677,0.0,True,True,False,False
4143,2230,2230:direct,201.4019999999946,201.4019999999946,0.0,True,True,False,False
4144,2231,2231:direct,204.75199999999313,204.75199999999313,0.0,True,True,False,False
4145,2232,2232:direct,201.00199999999677,201.00199999999677,0.0,True,True,False,False
4146,2233,2233:direct,218.0020000000004,218.0020000000004,0.0,True,True,False,False
4147,2234,2234:storage_in,46.80199999999604,46.80199999999604,0.0,True,True,False,False
4148,2234,2234:storage_out,242.9519999999975,242.9519999999975,0.0,True,True,False,False
4149,2235,2235:direct,201.4019999999946,201.4019999999946,0.0,True,True,False,False
4150,2236,2236:direct,204.00199999999313,204.00199999999313,0.0,True,True,False,False
4151,2237,2237:direct,201.00199999999677,201.00199999999677,0.0,True,True,False,False
4152,2238,2238:direct,201.25199999999677,201.25199999999677,0.0,True,True,False,False
4153,2239,2239:direct,201.4019999999946,201.4019999999946,0.0,True,True,False,False
4154,2240,2240:storage_in,52.601999999995314,52.601999999995314,0.0,True,True,False,False
4155,2240,2240:storage_out,194.90199999999822,194.90199999999822,0.0,True,True,False,False
4156,2241,2241:storage_in,45.60199999999895,45.60199999999895,0.0,True,True,False,False
4157,2241,2241:storage_out,319.2019999999975,319.2019999999975,0.0,True,True,False,False
4158,2242,2242:direct,189.00199999999677,189.00199999999677,0.0,True,True,False,False
4159,2243,2243:direct,201.00199999999677,201.00199999999677,0.0,True,True,False,False
4160,2244,2244:storage_in,46.80199999999604,46.80199999999604,0.0,True,True,False,False
4161,2244,2244:storage_out,190.90199999999822,190.90199999999822,0.0,True,True,False,False
4162,2245,2245:direct,201.4019999999946,201.4019999999946,0.0,True,True,False,False
4163,2246,2246:storage_in,46.80199999999604,46.80199999999604,0.0,True,True,False,False
4164,2246,2246:storage_out,169.40199999999822,169.40199999999822,0.0,True,True,False,False
4165,2247,2247:direct,204.00199999999313,204.00199999999313,0.0,True,True,False,False
4166,2248,2248:storage_in,46.80199999999604,46.80199999999604,0.0,True,True,False,False
4167,2248,2248:storage_out,305.6519999999982,305.6519999999982,0.0,True,True,False,False
4168,2249,2249:storage_in,47.05199999999604,47.05199999999604,0.0,True,True,False,False
4169,2249,2249:storage_out,222.90199999999822,222.90199999999822,0.0,True,True,False,False
4170,2250,2250:direct,201.80199999999604,201.80199999999604,0.0,True,True,False,False
4171,2251,2251:storage_in,46.80199999999604,46.80199999999604,0.0,True,True,False,False
4172,2251,2251:storage_out,199.90199999999822,199.90199999999822,0.0,True,True,False,False
4173,2252,2252:storage_in,45.401999999998225,45.401999999998225,0.0,True,True,False,False
4174,2252,2252:storage_out,323.9019999999982,323.9019999999982,0.0,True,True,False,False
4175,2253,2253:direct,201.4019999999946,201.4019999999946,0.0,True,True,False,False
4176,2254,2254:direct,201.80199999999604,201.80199999999604,0.0,True,True,False,False
4177,2255,2255:direct,204.00199999999313,204.00199999999313,0.0,True,True,False,False
4178,2256,2256:storage_in,46.80199999999604,46.80199999999604,0.0,True,True,False,False
4179,2256,2256:storage_out,223.65199999999822,223.65199999999822,0.0,True,True,False,False
4180,2257,2257:storage_in,47.3371199999965,47.3371199999965,0.0,True,True,False,False
4181,2257,2257:storage_out,247.2019999999975,247.2019999999975,0.0,True,True,False,False
4182,2258,2258:storage_in,46.80199999999604,46.80199999999604,0.0,True,True,False,False
4183,2258,2258:storage_out,239.90199999999822,239.90199999999822,0.0,True,True,False,False
4184,2259,2259:storage_in,47.151999999998225,47.151999999998225,0.0,True,True,False,False
4185,2259,2259:storage_out,212.40199999999822,212.40199999999822,0.0,True,True,False,False
4186,2260,2260:storage_in,46.80199999999604,46.80199999999604,0.0,True,True,False,False
4187,2260,2260:storage_out,306.6519999999982,306.6519999999982,0.0,True,True,False,False
4188,2261,2261:storage_in,50.00199999999677,50.00199999999677,0.0,True,True,False,False
4189,2261,2261:storage_out,324.9019999999982,324.9019999999982,0.0,True,True,False,False
4190,2262,2262:direct,205.25199999999313,205.25199999999313,0.0,True,True,False,False
4191,2263,2263:direct,201.00199999999677,201.00199999999677,0.0,True,True,False,False
4192,2264,2264:storage_in,46.80199999999604,46.80199999999604,0.0,True,True,False,False
4193,2264,2264:storage_out,170.40199999999822,170.40199999999822,0.0,True,True,False,False
4194,2265,2265:direct,192.60199999999531,192.60199999999531,0.0,True,True,False,False
4195,2266,2266:direct,195.70199999999386,195.70199999999386,0.0,True,True,False,False
4196,2267,2267:direct,201.4019999999946,201.4019999999946,0.0,True,True,False,False
4197,2268,2268:direct,188.00199999999677,188.00199999999677,0.0,True,True,False,False
4198,2269,2269:direct,199.10626999999295,199.10626999999295,0.0,True,True,False,False
4199,2270,2270:storage_in,101.79649999999674,101.79649999999674,0.0,True,True,False,False
4200,2270,2270:storage_out,169.90199999999822,169.90199999999822,0.0,True,True,False,False
4201,2271,2271:storage_in,46.80199999999604,46.80199999999604,0.0,True,True,False,False
4202,2271,2271:storage_out,230.90199999999822,230.90199999999822,0.0,True,True,False,False
4203,2272,2272:storage_in,49.401999999998225,49.401999999998225,0.0,True,True,False,False
4204,2272,2272:storage_out,338.9519999999975,338.9519999999975,0.0,True,True,False,False
4205,2273,2273:direct,188.2019999999975,188.2019999999975,0.0,True,True,False,False
4206,2274,2274:storage_in,204.99261999999362,204.99261999999362,0.0,True,True,False,False
4207,2274,2274:storage_out,154.40199999999822,154.40199999999822,0.0,True,True,False,False
4208,2275,2275:storage_in,45.60199999999895,45.60199999999895,0.0,True,True,False,False
4209,2275,2275:storage_out,248.2019999999975,248.2019999999975,0.0,True,True,False,False
4210,2276,2276:storage_in,49.00199999999677,49.00199999999677,0.0,True,True,False,False
4211,2276,2276:storage_out,239.4519999999975,239.4519999999975,0.0,True,True,False,False
4212,2277,2277:direct,192.26008999999613,192.26008999999613,0.0,True,True,False,False
4213,2278,2278:storage_in,89.62464999999429,89.62464999999429,0.0,True,True,False,False
4214,2278,2278:storage_out,240.90199999999822,240.90199999999822,0.0,True,True,False,False
4215,2279,2279:storage_in,53.027759999997215,53.027759999997215,0.0,True,True,False,False
4216,2279,2279:storage_out,320.7019999999975,320.7019999999975,0.0,True,True,False,False
4217,2280,2280:storage_in,53.58220999999685,53.58220999999685,0.0,True,True,False,False
4218,2280,2280:storage_out,286.9019999999982,286.9019999999982,0.0,True,True,False,False
4219,2281,2281:storage_in,81.08924999999726,81.08924999999726,0.0,True,True,False,False
4220,2281,2281:storage_out,321.7019999999975,321.7019999999975,0.0,True,True,False,False
4221,2282,2282:storage_in,92.61887999999453,92.61887999999453,0.0,True,True,False,False
4222,2282,2282:storage_out,170.90199999999822,170.90199999999822,0.0,True,True,False,False
4223,2283,2283:direct,220.79723999999987,220.79723999999987,0.0,True,True,False,False
4224,2284,2284:direct,188.2019999999975,188.2019999999975,0.0,True,True,False,False
4225,2285,2285:storage_in,95.09813999999824,95.09813999999824,0.0,True,True,False,False
4226,2285,2285:storage_out,237.7019999999975,237.7019999999975,0.0,True,True,False,False
4227,2286,2286:direct,217.20200000000114,217.20200000000114,0.0,True,True,False,False
4228,2287,2287:direct,194.5563099999963,194.5563099999963,0.0,True,True,False,False
4229,2288,2288:direct,204.00199999999313,204.00199999999313,0.0,True,True,False,False
4230,2289,2289:direct,201.80199999999604,201.80199999999604,0.0,True,True,False,False
4231,2290,2290:storage_in,54.101999999995314,54.101999999995314,0.0,True,True,False,False
4232,2290,2290:storage_out,174.40199999999822,174.40199999999822,0.0,True,True,False,False
4233,2291,2291:direct,204.75199999999313,204.75199999999313,0.0,True,True,False,False
4234,2292,2292:direct,189.25199999999677,189.25199999999677,0.0,True,True,False,False
4235,2293,2293:direct,241.58928000000014,241.58928000000014,0.0,True,True,False,False
4236,2294,2294:storage_in,192.7212899999904,192.7212899999904,0.0,True,True,False,False
4237,2294,2294:storage_out,151.40199999999822,151.40199999999822,0.0,True,True,False,False
4238,2295,2295:direct,203.80199999999604,203.80199999999604,0.0,True,True,False,False
4239,2296,2296:storage_in,53.535369999994145,53.535369999994145,0.0,True,True,False,False
4240,2296,2296:storage_out,155.40199999999822,155.40199999999822,0.0,True,True,False,False
4241,2297,2297:direct,201.00199999999677,201.00199999999677,0.0,True,True,False,False
4242,2298,2298:storage_in,50.31482999999571,50.31482999999571,0.0,True,True,False,False
4243,2298,2298:storage_out,223.9519999999975,223.9519999999975,0.0,True,True,False,False
4244,2299,2299:direct,188.2019999999975,188.2019999999975,0.0,True,True,False,False
4245,2300,2300:storage_in,83.39766999999483,83.39766999999483,0.0,True,True,False,False
4246,2300,2300:storage_out,171.90199999999822,171.90199999999822,0.0,True,True,False,False
4247,2301,2301:direct,188.2019999999975,188.2019999999975,0.0,True,True,False,False
4248,2302,2302:storage_in,46.481339999998454,46.481339999998454,0.0,True,True,False,False
4249,2302,2302:storage_out,322.7019999999975,322.7019999999975,0.0,True,True,False,False
4250,2303,2303:direct,192.11574999999357,192.11574999999357,0.0,True,True,False,False
4251,2304,2304:storage_in,49.50199999999677,49.50199999999677,0.0,True,True,False,False
4252,2304,2304:storage_out,287.9019999999982,287.9019999999982,0.0,True,True,False,False
4253,2305,2305:storage_in,54.05217999999877,54.05217999999877,0.0,True,True,False,False
4254,2305,2305:storage_out,254.9519999999975,254.9519999999975,0.0,True,True,False,False
4255,2306,2306:direct,201.4019999999946,201.4019999999946,0.0,True,True,False,False
4256,2307,2307:storage_in,68.93921999999657,68.93921999999657,0.0,True,True,False,False
4257,2307,2307:storage_out,323.7019999999975,323.7019999999975,0.0,True,True,False,False
4258,2308,2308:storage_in,81.58348999999725,81.58348999999725,0.0,True,True,False,False
4259,2308,2308:storage_out,224.65199999999822,224.65199999999822,0.0,True,True,False,False
4260,2309,2309:storage_in,52.58788999999888,52.58788999999888,0.0,True,True,False,False
4261,2309,2309:storage_out,255.9519999999975,255.9519999999975,0.0,True,True,False,False
4262,2310,2310:direct,204.50199999999313,204.50199999999313,0.0,True,True,False,False
4263,2311,2311:direct,192.75199999999677,192.75199999999677,0.0,True,True,False,False
4264,2312,2312:direct,201.4019999999946,201.4019999999946,0.0,True,True,False,False
4265,2313,2313:direct,229.9225800000022,229.9225800000022,0.0,True,True,False,False
4266,2314,2314:direct,201.00199999999677,201.00199999999677,0.0,True,True,False,False
4267,2315,2315:storage_in,45.60199999999895,45.60199999999895,0.0,True,True,False,False
4268,2315,2315:storage_out,324.7019999999975,324.7019999999975,0.0,True,True,False,False
4269,2316,2316:direct,188.99861999999484,188.99861999999484,0.0,True,True,False,False
4270,2317,2317:storage_in,68.03131999999823,68.03131999999823,0.0,True,True,False,False
4271,2317,2317:storage_out,256.9519999999975,256.9519999999975,0.0,True,True,False,False
4272,2318,2318:storage_in,63.5249199999962,63.5249199999962,0.0,True,True,False,False
4273,2318,2318:storage_out,327.9019999999982,327.9019999999982,0.0,True,True,False,False
4274,2319,2319:direct,201.4019999999946,201.4019999999946,0.0,True,True,False,False
4275,2320,2320:storage_in,48.37513999999646,48.37513999999646,0.0,True,True,False,False
4276,2320,2320:storage_out,171.40199999999822,171.40199999999822,0.0,True,True,False,False
4277,2321,2321:storage_in,49.50199999999677,49.50199999999677,0.0,True,True,False,False
4278,2321,2321:storage_out,325.7019999999975,325.7019999999975,0.0,True,True,False,False
4279,2322,2322:direct,204.00199999999313,204.00199999999313,0.0,True,True,False,False
4280,2323,2323:storage_in,50.15737999999692,50.15737999999692,0.0,True,True,False,False
4281,2323,2323:storage_out,326.7019999999975,326.7019999999975,0.0,True,True,False,False
4282,2324,2324:direct,204.50199999999313,204.50199999999313,0.0,True,True,False,False
4283,2325,2325:storage_in,63.90199999999095,63.90199999999095,0.0,True,True,False,False
4284,2325,2325:storage_out,243.40199999999822,243.40199999999822,0.0,True,True,False,False
4285,2326,2326:storage_in,45.60199999999895,45.60199999999895,0.0,True,True,False,False
4286,2326,2326:storage_out,175.40199999999822,175.40199999999822,0.0,True,True,False,False
4287,2327,2327:direct,201.00199999999677,201.00199999999677,0.0,True,True,False,False
4288,2328,2328:storage_in,46.32132999999885,46.32132999999885,0.0,True,True,False,False
4289,2328,2328:storage_out,257.9519999999975,257.9519999999975,0.0,True,True,False,False
4290,2329,2329:direct,201.4019999999946,201.4019999999946,0.0,True,True,False,False
4291,2330,2330:storage_in,49.00199999999677,49.00199999999677,0.0,True,True,False,False
4292,2330,2330:storage_out,327.7019999999975,327.7019999999975,0.0,True,True,False,False
4293,2331,2331:direct,203.31845999999496,203.31845999999496,0.0,True,True,False,False
4294,2332,2332:direct,194.35992999999507,194.35992999999507,0.0,True,True,False,False
4295,2333,2333:direct,204.50199999999313,204.50199999999313,0.0,True,True,False,False
4296,2334,2334:direct,204.50199999999313,204.50199999999313,0.0,True,True,False,False
4297,2335,2335:direct,206.6007899999895,206.6007899999895,0.0,True,True,False,False
4298,2336,2336:direct,201.00199999999677,201.00199999999677,0.0,True,True,False,False
4299,2337,2337:storage_in,46.401999999998225,46.401999999998225,0.0,True,True,False,False
4300,2337,2337:storage_out,224.9519999999975,224.9519999999975,0.0,True,True,False,False
4301,2338,2338:direct,201.9019999999946,201.9019999999946,0.0,True,True,False,False
4302,2339,2339:storage_in,47.159759999995,47.159759999995,0.0,True,True,False,False
4303,2339,2339:storage_out,222.40199999999822,222.40199999999822,0.0,True,True,False,False
4304,2340,2340:storage_in,150.86107999999513,150.86107999999513,0.0,True,True,False,False
4305,2340,2340:storage_out,195.90199999999822,195.90199999999822,0.0,True,True,False,False
4306,2341,2341:storage_in,113.2944299999981,113.2944299999981,0.0,True,True,False,False
4307,2341,2341:storage_out,184.90199999999822,184.90199999999822,0.0,True,True,False,False
4308,2342,2342:direct,205.00199999999313,205.00199999999313,0.0,True,True,False,False
4309,2343,2343:storage_in,136.77260999999635,136.77260999999635,0.0,True,True,False,False
4310,2343,2343:storage_out,185.90199999999822,185.90199999999822,0.0,True,True,False,False
4311,2344,2344:storage_in,49.25199999999677,49.25199999999677,0.0,True,True,False,False
4312,2344,2344:storage_out,192.90199999999822,192.90199999999822,0.0,True,True,False,False
4313,2345,2345:storage_in,52.439699999995355,52.439699999995355,0.0,True,True,False,False
4314,2345,2345:storage_out,232.90199999999822,232.90199999999822,0.0,True,True,False,False
4315,2346,2346:direct,201.00199999999677,201.00199999999677,0.0,True,True,False,False
4316,2347,2347:storage_in,108.5721099999937,108.5721099999937,0.0,True,True,False,False
4317,2347,2347:storage_out,238.9519999999975,238.9519999999975,0.0,True,True,False,False
4318,2348,2348:direct,217.20200000000114,217.20200000000114,0.0,True,True,False,False
4319,2349,2349:direct,219.48926999999094,219.48926999999094,0.0,True,True,False,False
4320,2350,2350:direct,201.4019999999946,201.4019999999946,0.0,True,True,False,False
4321,2351,2351:storage_in,49.00199999999677,49.00199999999677,0.0,True,True,False,False
4322,2351,2351:storage_out,236.4519999999975,236.4519999999975,0.0,True,True,False,False
4323,2352,2352:direct,220.96861999999965,220.96861999999965,0.0,True,True,False,False
4324,2353,2353:direct,204.00199999999313,204.00199999999313,0.0,True,True,False,False
4325,2354,2354:storage_in,52.00199999999677,52.00199999999677,0.0,True,True,False,False
4326,2354,2354:storage_out,186.90199999999822,186.90199999999822,0.0,True,True,False,False
4327,2355,2355:direct,210.332649999993,210.332649999993,0.0,True,True,False,False
4328,2356,2356:direct,217.20200000000114,217.20200000000114,0.0,True,True,False,False
4329,2357,2357:direct,220.60199999999895,220.60199999999895,0.0,True,True,False,False
4330,2358,2358:storage_in,45.60199999999895,45.60199999999895,0.0,True,True,False,False
4331,2358,2358:storage_out,187.90199999999822,187.90199999999822,0.0,True,True,False,False
4332,2359,2359:direct,201.4019999999946,201.4019999999946,0.0,True,True,False,False
4333,2360,2360:direct,205.50199999999313,205.50199999999313,0.0,True,True,False,False
4334,2361,2361:storage_in,47.401999999998225,47.401999999998225,0.0,True,True,False,False
4335,2361,2361:storage_out,328.7019999999975,328.7019999999975,0.0,True,True,False,False
4336,2362,2362:storage_in,49.00199999999677,49.00199999999677,0.0,True,True,False,False
4337,2362,2362:storage_out,237.4519999999975,237.4519999999975,0.0,True,True,False,False
4338,2363,2363:storage_in,52.35375999999815,52.35375999999815,0.0,True,True,False,False
4339,2363,2363:storage_out,289.9019999999982,289.9019999999982,0.0,True,True,False,False
4340,2364,2364:direct,212.32064999999056,212.32064999999056,0.0,True,True,False,False
4341,2365,2365:direct,201.00199999999677,201.00199999999677,0.0,True,True,False,False
4342,2366,2366:storage_in,51.780949999996665,51.780949999996665,0.0,True,True,False,False
4343,2366,2366:storage_out,172.40199999999822,172.40199999999822,0.0,True,True,False,False
4344,2367,2367:storage_in,45.60199999999895,45.60199999999895,0.0,True,True,False,False
4345,2367,2367:storage_out,176.40199999999822,176.40199999999822,0.0,True,True,False,False
4346,2368,2368:storage_in,48.401999999998225,48.401999999998225,0.0,True,True,False,False
4347,2368,2368:storage_out,238.4519999999975,238.4519999999975,0.0,True,True,False,False
4348,2369,2369:storage_in,46.039450000000215,46.039450000000215,0.0,True,True,False,False
4349,2369,2369:storage_out,173.40199999999822,173.40199999999822,0.0,True,True,False,False
4350,2370,2370:direct,201.6519999999946,201.6519999999946,0.0,True,True,False,False
4351,2371,2371:direct,206.1726599999929,206.1726599999929,0.0,True,True,False,False
4352,2372,2372:storage_in,50.75199999999677,50.75199999999677,0.0,True,True,False,False
4353,2372,2372:storage_out,290.9019999999982,290.9019999999982,0.0,True,True,False,False
4354,2373,2373:direct,201.4019999999946,201.4019999999946,0.0,True,True,False,False
4355,2374,2374:storage_in,64.44550999999774,64.44550999999774,0.0,True,True,False,False
4356,2374,2374:storage_out,244.40199999999822,244.40199999999822,0.0,True,True,False,False
4357,2375,2375:direct,189.75199999999677,189.75199999999677,0.0,True,True,False,False
4358,2376,2376:direct,217.20200000000114,217.20200000000114,0.0,True,True,False,False
4359,2377,2377:storage_in,49.00199999999677,49.00199999999677,0.0,True,True,False,False
4360,2377,2377:storage_out,174.40199999999822,174.40199999999822,0.0,True,True,False,False
4361,2378,2378:storage_in,60.58542999999554,60.58542999999554,0.0,True,True,False,False
4362,2378,2378:storage_out,329.7019999999975,329.7019999999975,0.0,True,True,False,False
4363,2379,2379:storage_in,74.77094999999827,74.77094999999827,0.0,True,True,False,False
4364,2379,2379:storage_out,225.65199999999822,225.65199999999822,0.0,True,True,False,False
4365,2380,2380:storage_in,49.00199999999677,49.00199999999677,0.0,True,True,False,False
4366,2380,2380:storage_out,239.4519999999975,239.4519999999975,0.0,True,True,False,False
4367,2381,2381:direct,201.38819999999396,201.38819999999396,0.0,True,True,False,False
4368,2382,2382:storage_in,59.101999999991676,59.101999999991676,0.0,True,True,False,False
4369,2382,2382:storage_out,258.9519999999975,258.9519999999975,0.0,True,True,False,False
4370,2383,2383:storage_in,77.48431999999593,77.48431999999593,0.0,True,True,False,False
4371,2383,2383:storage_out,226.65199999999822,226.65199999999822,0.0,True,True,False,False
4372,2384,2384:storage_in,47.401999999998225,47.401999999998225,0.0,True,True,False,False
4373,2384,2384:storage_out,240.4519999999975,240.4519999999975,0.0,True,True,False,False
4374,2385,2385:storage_in,58.7788399999954,58.7788399999954,0.0,True,True,False,False
4375,2385,2385:storage_out,245.40199999999822,245.40199999999822,0.0,True,True,False,False
4376,2386,2386:direct,201.4019999999946,201.4019999999946,0.0,True,True,False,False
4377,2387,2387:direct,201.00199999999677,201.00199999999677,0.0,True,True,False,False
4378,2388,2388:storage_in,45.60199999999895,45.60199999999895,0.0,True,True,False,False
4379,2388,2388:storage_out,177.40199999999822,177.40199999999822,0.0,True,True,False,False
4380,2389,2389:storage_in,46.28773000000001,46.28773000000001,0.0,True,True,False,False
4381,2389,2389:storage_out,199.2019999999975,199.2019999999975,0.0,True,True,False,False
4382,2390,2390:storage_in,47.151999999998225,47.151999999998225,0.0,True,True,False,False
4383,2390,2390:storage_out,291.9019999999982,291.9019999999982,0.0,True,True,False,False
4384,2391,2391:direct,206.50199999999313,206.50199999999313,0.0,True,True,False,False
4385,2392,2392:direct,205.3767699999953,205.3767699999953,0.0,True,True,False,False
4386,2393,2393:direct,201.4019999999946,201.4019999999946,0.0,True,True,False,False
4387,2394,2394:direct,201.00199999999677,201.00199999999677,0.0,True,True,False,False
4388,2395,2395:storage_in,56.26469999999608,56.26469999999608,0.0,True,True,False,False
4389,2395,2395:storage_out,246.40199999999822,246.40199999999822,0.0,True,True,False,False
4390,2396,2396:storage_in,49.00199999999677,49.00199999999677,0.0,True,True,False,False
4391,2396,2396:storage_out,246.9519999999975,246.9519999999975,0.0,True,True,False,False
4392,2397,2397:storage_in,55.83784999999625,55.83784999999625,0.0,True,True,False,False
4393,2397,2397:storage_out,203.40199999999822,203.40199999999822,0.0,True,True,False,False
4394,2398,2398:storage_in,49.00199999999677,49.00199999999677,0.0,True,True,False,False
4395,2398,2398:storage_out,175.40199999999822,175.40199999999822,0.0,True,True,False,False
4396,2399,2399:storage_in,51.86204999999609,51.86204999999609,0.0,True,True,False,False
4397,2399,2399:storage_out,226.90199999999822,226.90199999999822,0.0,True,True,False,False
4398,2400,2400:storage_in,51.75924999999552,51.75924999999552,0.0,True,True,False,False
4399,2400,2400:storage_out,247.40199999999822,247.40199999999822,0.0,True,True,False,False
4400,2401,2401:direct,219.03278000000137,219.03278000000137,0.0,True,True,False,False
4401,2402,2402:storage_in,48.151999999998225,48.151999999998225,0.0,True,True,False,False
4402,2402,2402:storage_out,198.2019999999975,198.2019999999975,0.0,True,True,False,False
4403,2403,2403:storage_in,52.601999999995314,52.601999999995314,0.0,True,True,False,False
4404,2403,2403:storage_out,248.40199999999822,248.40199999999822,0.0,True,True,False,False
4405,2404,2404:storage_in,91.05724999999802,91.05724999999802,0.0,True,True,False,False
4406,2404,2404:storage_out,225.90199999999822,225.90199999999822,0.0,True,True,False,False
4407,2405,2405:storage_in,89.16885999999431,89.16885999999431,0.0,True,True,False,False
4408,2405,2405:storage_out,217.40199999999822,217.40199999999822,0.0,True,True,False,False
4409,2406,2406:storage_in,45.60199999999895,45.60199999999895,0.0,True,True,False,False
4410,2406,2406:storage_out,240.9519999999975,240.9519999999975,0.0,True,True,False,False
4411,2407,2407:storage_in,46.56220999999641,46.56220999999641,0.0,True,True,False,False
4412,2407,2407:storage_out,331.9019999999982,331.9019999999982,0.0,True,True,False,False
4413,2408,2408:direct,217.20200000000114,217.20200000000114,0.0,True,True,False,False
4414,2409,2409:storage_in,46.13793000000078,46.13793000000078,0.0,True,True,False,False
4415,2409,2409:storage_out,188.90199999999822,188.90199999999822,0.0,True,True,False,False
4416,2410,2410:storage_in,90.25085999999283,90.25085999999283,0.0,True,True,False,False
4417,2410,2410:storage_out,196.90199999999822,196.90199999999822,0.0,True,True,False,False
4418,2411,2411:direct,220.60199999999895,220.60199999999895,0.0,True,True,False,False
4419,2412,2412:storage_in,49.762479999997595,49.762479999997595,0.0,True,True,False,False
4420,2412,2412:storage_out,293.9019999999982,293.9019999999982,0.0,True,True,False,False
4421,2413,2413:storage_in,66.95539999999528,66.95539999999528,0.0,True,True,False,False
4422,2413,2413:storage_out,333.9019999999982,333.9019999999982,0.0,True,True,False,False
4423,2414,2414:direct,201.00199999999677,201.00199999999677,0.0,True,True,False,False
4424,2415,2415:direct,223.50848999999653,223.50848999999653,0.0,True,True,False,False
4425,2416,2416:storage_in,53.55188999999518,53.55188999999518,0.0,True,True,False,False
4426,2416,2416:storage_out,151.40199999999822,151.40199999999822,0.0,True,True,False,False
4427,2417,2417:direct,201.00199999999677,201.00199999999677,0.0,True,True,False,False
4428,2418,2418:storage_in,50.352899999994406,50.352899999994406,0.0,True,True,False,False
4429,2418,2418:storage_out,262.4519999999975,262.4519999999975,0.0,True,True,False,False
4430,2419,2419:storage_in,45.60199999999895,45.60199999999895,0.0,True,True,False,False
4431,2419,2419:storage_out,189.90199999999822,189.90199999999822,0.0,True,True,False,False
4432,2420,2420:storage_in,85.27718999998979,85.27718999998979,0.0,True,True,False,False
4433,2420,2420:storage_out,191.40199999999822,191.40199999999822,0.0,True,True,False,False
4434,2421,2421:storage_in,45.60199999999895,45.60199999999895,0.0,True,True,False,False
4435,2421,2421:storage_out,330.7019999999975,330.7019999999975,0.0,True,True,False,False
4436,2422,2422:storage_in,49.50199999999677,49.50199999999677,0.0,True,True,False,False
4437,2422,2422:storage_out,194.90199999999822,194.90199999999822,0.0,True,True,False,False
4438,2423,2423:storage_in,60.25199999999677,60.25199999999677,0.0,True,True,False,False
4439,2423,2423:storage_out,334.9019999999982,334.9019999999982,0.0,True,True,False,False
4440,2424,2424:storage_in,49.50199999999677,49.50199999999677,0.0,True,True,False,False
4441,2424,2424:storage_out,296.9019999999982,296.9019999999982,0.0,True,True,False,False
4442,2425,2425:storage_in,47.901999999998225,47.901999999998225,0.0,True,True,False,False
4443,2425,2425:storage_out,190.90199999999822,190.90199999999822,0.0,True,True,False,False
4444,2426,2426:direct,204.00199999999313,204.00199999999313,0.0,True,True,False,False
4445,2427,2427:direct,194.78913999999713,194.78913999999713,0.0,True,True,False,False
4446,2428,2428:direct,201.00199999999677,201.00199999999677,0.0,True,True,False,False
4447,2429,2429:direct,201.92536999998993,201.92536999998993,0.0,True,True,False,False
4448,2430,2430:direct,217.20200000000114,217.20200000000114,0.0,True,True,False,False
4449,2431,2431:direct,222.0020000000004,222.0020000000004,0.0,True,True,False,False
4450,2432,2432:storage_in,46.166989999997895,46.166989999997895,0.0,True,True,False,False
4451,2432,2432:storage_out,191.90199999999822,191.90199999999822,0.0,True,True,False,False
4452,2433,2433:direct,217.20200000000114,217.20200000000114,0.0,True,True,False,False
4453,2434,2434:direct,201.4019999999946,201.4019999999946,0.0,True,True,False,False
4454,2435,2435:direct,204.75199999999313,204.75199999999313,0.0,True,True,False,False
4455,2436,2436:storage_in,49.00199999999677,49.00199999999677,0.0,True,True,False,False
4456,2436,2436:storage_out,297.9019999999982,297.9019999999982,0.0,True,True,False,False
4457,2437,2437:direct,201.00199999999677,201.00199999999677,0.0,True,True,False,False
4458,2438,2438:direct,220.60199999999895,220.60199999999895,0.0,True,True,False,False
4459,2439,2439:storage_in,53.00199999999677,53.00199999999677,0.0,True,True,False,False
4460,2439,2439:storage_out,317.1519999999982,317.1519999999982,0.0,True,True,False,False
4461,2440,2440:direct,201.9019999999946,201.9019999999946,0.0,True,True,False,False
4462,2441,2441:direct,220.9915899999978,220.9915899999978,0.0,True,True,False,False
4463,2442,2442:storage_in,50.151999999998225,50.151999999998225,0.0,True,True,False,False
4464,2442,2442:storage_out,298.9019999999982,298.9019999999982,0.0,True,True,False,False
4465,2443,2443:storage_in,53.15921999999409,53.15921999999409,0.0,True,True,False,False
4466,2443,2443:storage_out,338.9019999999982,338.9019999999982,0.0,True,True,False,False
4467,2444,2444:direct,204.377829999994,204.377829999994,0.0,True,True,False,False
4468,2445,2445:direct,217.20200000000114,217.20200000000114,0.0,True,True,False,False
4469,2446,2446:direct,201.00199999999677,201.00199999999677,0.0,True,True,False,False
4470,2447,2447:direct,201.25199999999677,201.25199999999677,0.0,True,True,False,False
4471,2448,2448:direct,220.60199999999895,220.60199999999895,0.0,True,True,False,False
4472,2449,2449:direct,201.4019999999946,201.4019999999946,0.0,True,True,False,False
4473,2450,2450:direct,221.03949999999895,221.03949999999895,0.0,True,True,False,False
4474,2451,2451:direct,204.75199999999313,204.75199999999313,0.0,True,True,False,False
4475,2452,2452:direct,217.20200000000114,217.20200000000114,0.0,True,True,False,False
4476,2453,2453:direct,204.01677999999447,204.01677999999447,0.0,True,True,False,False
4477,2454,2454:direct,201.00199999999677,201.00199999999677,0.0,True,True,False,False
4478,2455,2455:direct,220.60199999999895,220.60199999999895,0.0,True,True,False,False
4479,2456,2456:storage_in,49.00199999999677,49.00199999999677,0.0,True,True,False,False
4480,2456,2456:storage_out,210.40199999999822,210.40199999999822,0.0,True,True,False,False
4481,2457,2457:storage_in,56.851999999995314,56.851999999995314,0.0,True,True,False,False
4482,2457,2457:storage_out,339.9019999999982,339.9019999999982,0.0,True,True,False,False
4483,2458,2458:storage_in,47.151999999998225,47.151999999998225,0.0,True,True,False,False
4484,2458,2458:storage_out,353.9519999999975,353.9519999999975,0.0,True,True,False,False
4485,2459,2459:direct,201.00199999999677,201.00199999999677,0.0,True,True,False,False
4486,2460,2460:direct,201.4019999999946,201.4019999999946,0.0,True,True,False,False
4487,2461,2461:storage_in,46.401999999998225,46.401999999998225,0.0,True,True,False,False
4488,2461,2461:storage_out,210.9519999999975,210.9519999999975,0.0,True,True,False,False
4489,2462,2462:direct,201.6519999999946,201.6519999999946,0.0,True,True,False,False
4490,2463,2463:storage_in,45.60199999999895,45.60199999999895,0.0,True,True,False,False
4491,2463,2463:storage_out,263.4519999999975,263.4519999999975,0.0,True,True,False,False
4492,2464,2464:direct,188.87804999999935,188.87804999999935,0.0,True,True,False,False
4493,2465,2465:direct,191.60199999999531,191.60199999999531,0.0,True,True,False,False
4494,2466,2466:storage_in,66.07495999999446,66.07495999999446,0.0,True,True,False,False
4495,2466,2466:storage_out,340.9019999999982,340.9019999999982,0.0,True,True,False,False
4496,2467,2467:direct,205.33471999999165,205.33471999999165,0.0,True,True,False,False
4497,2468,2468:storage_in,67.00694999999178,67.00694999999178,0.0,True,True,False,False
4498,2468,2468:storage_out,227.90199999999822,227.90199999999822,0.0,True,True,False,False
4499,2469,2469:direct,191.7914199999941,191.7914199999941,0.0,True,True,False,False
4500,2470,2470:direct,201.00199999999677,201.00199999999677,0.0,True,True,False,False
4501,2471,2471:storage_in,63.24027999999453,63.24027999999453,0.0,True,True,False,False
4502,2471,2471:storage_out,228.90199999999822,228.90199999999822,0.0,True,True,False,False
4503,2472,2472:direct,191.60199999999531,191.60199999999531,0.0,True,True,False,False
4504,2473,2473:direct,188.2019999999975,188.2019999999975,0.0,True,True,False,False
4505,2474,2474:direct,219.0020000000004,219.0020000000004,0.0,True,True,False,False
4506,2475,2475:direct,192.85199999999531,192.85199999999531,0.0,True,True,False,False
4507,2476,2476:storage_in,66.78194999998959,66.78194999998959,0.0,True,True,False,False
4508,2476,2476:storage_out,226.90199999999822,226.90199999999822,0.0,True,True,False,False
4509,2477,2477:direct,217.20200000000114,217.20200000000114,0.0,True,True,False,False
4510,2478,2478:storage_in,45.85199999999895,45.85199999999895,0.0,True,True,False,False
4511,2478,2478:storage_out,211.9519999999975,211.9519999999975,0.0,True,True,False,False
4512,2479,2479:direct,223.91238000000158,223.91238000000158,0.0,True,True,False,False
4513,2480,2480:direct,189.00199999999677,189.00199999999677,0.0,True,True,False,False
4514,2481,2481:storage_in,60.551999999992404,60.551999999992404,0.0,True,True,False,False
4515,2481,2481:storage_out,229.90199999999822,229.90199999999822,0.0,True,True,False,False
4516,2482,2482:direct,219.0020000000004,219.0020000000004,0.0,True,True,False,False
4517,2483,2483:direct,201.00199999999677,201.00199999999677,0.0,True,True,False,False
4518,2484,2484:direct,188.2019999999975,188.2019999999975,0.0,True,True,False,False
4519,2485,2485:direct,201.4019999999946,201.4019999999946,0.0,True,True,False,False
4520,2486,2486:direct,217.20200000000114,217.20200000000114,0.0,True,True,False,False
4521,2487,2487:direct,223.20118999999613,223.20118999999613,0.0,True,True,False,False
4522,2488,2488:direct,204.50199999999313,204.50199999999313,0.0,True,True,False,False
4523,2489,2489:direct,218.0020000000004,218.0020000000004,0.0,True,True,False,False
4524,2490,2490:direct,201.00199999999677,201.00199999999677,0.0,True,True,False,False
4525,2491,2491:direct,217.20200000000114,217.20200000000114,0.0,True,True,False,False
4526,2492,2492:direct,220.60199999999895,220.60199999999895,0.0,True,True,False,False
4527,2493,2493:direct,193.60199999999531,193.60199999999531,0.0,True,True,False,False
4528,2494,2494:direct,221.8040899999978,221.8040899999978,0.0,True,True,False,False
4529,2495,2495:direct,201.4019999999946,201.4019999999946,0.0,True,True,False,False
4530,2496,2496:direct,217.20200000000114,217.20200000000114,0.0,True,True,False,False
4531,2497,2497:direct,204.00199999999313,204.00199999999313,0.0,True,True,False,False
4532,2498,2498:direct,220.60199999999895,220.60199999999895,0.0,True,True,False,False
4533,2499,2499:storage_in,46.401999999998225,46.401999999998225,0.0,True,True,False,False
4534,2499,2499:storage_out,302.9019999999982,302.9019999999982,0.0,True,True,False,False
4535,2500,2500:direct,191.60199999999531,191.60199999999531,0.0,True,True,False,False
4536,2501,2501:direct,220.98433999999543,220.98433999999543,0.0,True,True,False,False
4537,2502,2502:direct,201.00199999999677,201.00199999999677,0.0,True,True,False,False
4538,2503,2503:direct,188.2019999999975,188.2019999999975,0.0,True,True,False,False
4539,2504,2504:direct,217.20200000000114,217.20200000000114,0.0,True,True,False,False
4540,2505,2505:direct,220.60199999999895,220.60199999999895,0.0,True,True,False,False
4541,2506,2506:storage_in,52.00199999999677,52.00199999999677,0.0,True,True,False,False
4542,2506,2506:storage_out,195.40199999999822,195.40199999999822,0.0,True,True,False,False
4543,2507,2507:direct,192.60199999999531,192.60199999999531,0.0,True,True,False,False
4544,2508,2508:direct,189.00199999999677,189.00199999999677,0.0,True,True,False,False
4545,2509,2509:direct,188.2019999999975,188.2019999999975,0.0,True,True,False,False
4546,2510,2510:storage_in,51.56945999999516,51.56945999999516,0.0,True,True,False,False
4547,2510,2510:storage_out,249.2019999999975,249.2019999999975,0.0,True,True,False,False
4548,2511,2511:direct,201.00199999999677,201.00199999999677,0.0,True,True,False,False
4549,2512,2512:storage_in,46.401999999998225,46.401999999998225,0.0,True,True,False,False
4550,2512,2512:storage_out,303.9019999999982,303.9019999999982,0.0,True,True,False,False
4551,2513,2513:direct,188.2019999999975,188.2019999999975,0.0,True,True,False,False
4552,2514,2514:direct,197.20199999999386,197.20199999999386,0.0,True,True,False,False
4553,2515,2515:direct,218.0020000000004,218.0020000000004,0.0,True,True,False,False
4554,2516,2516:direct,192.7086999999956,192.7086999999956,0.0,True,True,False,False
4555,2517,2517:direct,204.50199999999313,204.50199999999313,0.0,True,True,False,False
4556,2518,2518:direct,192.12349999999424,192.12349999999424,0.0,True,True,False,False
4557,2519,2519:direct,188.2019999999975,188.2019999999975,0.0,True,True,False,False
4558,2520,2520:direct,217.88191000000006,217.88191000000006,0.0,True,True,False,False
4559,2521,2521:direct,201.00199999999677,201.00199999999677,0.0,True,True,False,False
4560,2522,2522:direct,201.4019999999946,201.4019999999946,0.0,True,True,False,False
4561,2523,2523:direct,191.60199999999531,191.60199999999531,0.0,True,True,False,False
4562,2524,2524:direct,221.45219999999972,221.45219999999972,0.0,True,True,False,False
4563,2525,2525:direct,201.4019999999946,201.4019999999946,0.0,True,True,False,False
4564,2526,2526:direct,220.78380999999717,220.78380999999717,0.0,True,True,False,False
4565,2527,2527:direct,204.00199999999313,204.00199999999313,0.0,True,True,False,False
4566,2528,2528:storage_in,45.60199999999895,45.60199999999895,0.0,True,True,False,False
4567,2528,2528:storage_out,356.9519999999975,356.9519999999975,0.0,True,True,False,False
4568,2529,2529:direct,223.4322400000019,223.4322400000019,0.0,True,True,False,False
4569,2530,2530:storage_in,45.401999999998225,45.401999999998225,0.0,True,True,False,False
4570,2530,2530:storage_out,234.90199999999822,234.90199999999822,0.0,True,True,False,False
4571,2531,2531:direct,218.0020000000004,218.0020000000004,0.0,True,True,False,False
4572,2532,2532:direct,201.4019999999946,201.4019999999946,0.0,True,True,False,False
4573,2533,2533:direct,191.25199999999677,191.25199999999677,0.0,True,True,False,False
4574,2534,2534:storage_in,45.60199999999895,45.60199999999895,0.0,True,True,False,False
4575,2534,2534:storage_out,357.9519999999975,357.9519999999975,0.0,True,True,False,False
4576,2535,2535:direct,204.50199999999313,204.50199999999313,0.0,True,True,False,False
4577,2536,2536:direct,221.60199999999895,221.60199999999895,0.0,True,True,False,False
4578,2537,2537:direct,201.00199999999677,201.00199999999677,0.0,True,True,False,False
4579,2538,2538:direct,218.0020000000004,218.0020000000004,0.0,True,True,False,False
4580,2539,2539:direct,201.4019999999946,201.4019999999946,0.0,True,True,False,False
4581,2540,2540:direct,204.25199999999313,204.25199999999313,0.0,True,True,False,False
4582,2541,2541:storage_in,50.00199999999677,50.00199999999677,0.0,True,True,False,False
4583,2541,2541:storage_out,230.90199999999822,230.90199999999822,0.0,True,True,False,False
4584,2542,2542:direct,188.2019999999975,188.2019999999975,0.0,True,True,False,False
4585,2543,2543:storage_in,46.0121599999984,46.0121599999984,0.0,True,True,False,False
4586,2543,2543:storage_out,358.9519999999975,358.9519999999975,0.0,True,True,False,False
4587,2544,2544:storage_in,49.00199999999677,49.00199999999677,0.0,True,True,False,False
4588,2544,2544:storage_out,157.40199999999822,157.40199999999822,0.0,True,True,False,False
4589,2545,2545:direct,220.85199999999895,220.85199999999895,0.0,True,True,False,False
4590,2546,2546:direct,219.5020000000004,219.5020000000004,0.0,True,True,False,False
4591,2547,2547:direct,189.25199999999677,189.25199999999677,0.0,True,True,False,False
4592,2548,2548:storage_in,53.351999999995314,53.351999999995314,0.0,True,True,False,False
4593,2548,2548:storage_out,250.40199999999822,250.40199999999822,0.0,True,True,False,False
4594,2549,2549:direct,188.2019999999975,188.2019999999975,0.0,True,True,False,False
4595,2550,2550:storage_in,55.44897999999739,55.44897999999739,0.0,True,True,False,False
4596,2550,2550:storage_out,251.40199999999822,251.40199999999822,0.0,True,True,False,False
4597,2551,2551:direct,191.60199999999531,191.60199999999531,0.0,True,True,False,False
4598,2552,2552:direct,217.20200000000114,217.20200000000114,0.0,True,True,False,False
4599,2553,2553:direct,201.00199999999677,201.00199999999677,0.0,True,True,False,False
4600,2554,2554:direct,220.60199999999895,220.60199999999895,0.0,True,True,False,False
4601,2555,2555:storage_in,46.901999999998225,46.901999999998225,0.0,True,True,False,False
4602,2555,2555:storage_out,204.40199999999822,204.40199999999822,0.0,True,True,False,False
4603,2556,2556:direct,201.4019999999946,201.4019999999946,0.0,True,True,False,False
4604,2557,2557:direct,218.0020000000004,218.0020000000004,0.0,True,True,False,False
4605,2558,2558:storage_in,57.101999999995314,57.101999999995314,0.0,True,True,False,False
4606,2558,2558:storage_out,205.40199999999822,205.40199999999822,0.0,True,True,False,False
4607,2559,2559:direct,192.00199999999677,192.00199999999677,0.0,True,True,False,False
4608,2560,2560:direct,217.20200000000114,217.20200000000114,0.0,True,True,False,False
4609,2561,2561:direct,188.2019999999975,188.2019999999975,0.0,True,True,False,False
4610,2562,2562:direct,221.60199999999895,221.60199999999895,0.0,True,True,False,False
4611,2563,2563:direct,201.00199999999677,201.00199999999677,0.0,True,True,False,False
4612,2564,2564:direct,201.38085999999385,201.38085999999385,0.0,True,True,False,False
4613,2565,2565:direct,218.0020000000004,218.0020000000004,0.0,True,True,False,False
4614,2566,2566:direct,201.4019999999946,201.4019999999946,0.0,True,True,False,False
4615,2567,2567:storage_in,45.60199999999895,45.60199999999895,0.0,True,True,False,False
4616,2567,2567:storage_out,240.7019999999975,240.7019999999975,0.0,True,True,False,False
4617,2568,2568:direct,195.3132899999946,195.3132899999946,0.0,True,True,False,False
4618,2569,2569:storage_in,52.75199999999677,52.75199999999677,0.0,True,True,False,False
4619,2569,2569:storage_out,241.7019999999975,241.7019999999975,0.0,True,True,False,False
4620,2570,2570:direct,189.00199999999677,189.00199999999677,0.0,True,True,False,False
4621,2571,2571:direct,218.0020000000004,218.0020000000004,0.0,True,True,False,False
4622,2572,2572:direct,217.20200000000114,217.20200000000114,0.0,True,True,False,False
4623,2573,2573:direct,205.00199999999313,205.00199999999313,0.0,True,True,False,False
4624,2574,2574:direct,222.35199999999895,222.35199999999895,0.0,True,True,False,False
4625,2575,2575:direct,201.00199999999677,201.00199999999677,0.0,True,True,False,False
4626,2576,2576:storage_in,48.55199999999604,48.55199999999604,0.0,True,True,False,False
4627,2576,2576:storage_out,198.40199999999822,198.40199999999822,0.0,True,True,False,False
4628,2577,2577:direct,188.2019999999975,188.2019999999975,0.0,True,True,False,False
4629,2578,2578:direct,201.4019999999946,201.4019999999946,0.0,True,True,False,False
4630,2579,2579:direct,204.00199999999313,204.00199999999313,0.0,True,True,False,False
4631,2580,2580:direct,188.2019999999975,188.2019999999975,0.0,True,True,False,False
4632,2581,2581:direct,218.0020000000004,218.0020000000004,0.0,True,True,False,False
4633,2582,2582:storage_in,47.30199999999604,47.30199999999604,0.0,True,True,False,False
4634,2582,2582:storage_out,199.40199999999822,199.40199999999822,0.0,True,True,False,False
4635,2583,2583:storage_in,46.80199999999604,46.80199999999604,0.0,True,True,False,False
4636,2583,2583:storage_out,200.40199999999822,200.40199999999822,0.0,True,True,False,False
4637,2584,2584:direct,201.4019999999946,201.4019999999946,0.0,True,True,False,False
4638,2585,2585:direct,193.9754799999937,193.9754799999937,0.0,True,True,False,False
4639,2586,2586:storage_in,50.55199999999604,50.55199999999604,0.0,True,True,False,False
4640,2586,2586:storage_out,201.40199999999822,201.40199999999822,0.0,True,True,False,False
4641,2587,2587:direct,189.00199999999677,189.00199999999677,0.0,True,True,False,False
4642,2588,2588:storage_in,45.60199999999895,45.60199999999895,0.0,True,True,False,False
4643,2588,2588:storage_out,213.40199999999822,213.40199999999822,0.0,True,True,False,False
4644,2589,2589:storage_in,46.80199999999604,46.80199999999604,0.0,True,True,False,False
4645,2589,2589:storage_out,345.4019999999982,345.4019999999982,0.0,True,True,False,False
4646,2590,2590:storage_in,49.75199999999677,49.75199999999677,0.0,True,True,False,False
4647,2590,2590:storage_out,214.40199999999822,214.40199999999822,0.0,True,True,False,False
4648,2591,2591:storage_in,56.075379999994766,56.075379999994766,0.0,True,True,False,False
4649,2591,2591:storage_out,346.4019999999982,346.4019999999982,0.0,True,True,False,False
4650,2592,2592:storage_in,48.151999999998225,48.151999999998225,0.0,True,True,False,False
4651,2592,2592:storage_out,308.4019999999982,308.4019999999982,0.0,True,True,False,False
4652,2593,2593:direct,217.20200000000114,217.20200000000114,0.0,True,True,False,False
4653,2594,2594:storage_in,47.901999999998225,47.901999999998225,0.0,True,True,False,False
4654,2594,2594:storage_out,348.4019999999982,348.4019999999982,0.0,True,True,False,False
4655,2595,2595:direct,220.60199999999895,220.60199999999895,0.0,True,True,False,False
4656,2596,2596:storage_in,46.80199999999604,46.80199999999604,0.0,True,True,False,False
4657,2596,2596:storage_out,349.4019999999982,349.4019999999982,0.0,True,True,False,False
4658,2597,2597:direct,219.0020000000004,219.0020000000004,0.0,True,True,False,False
4659,2598,2598:storage_in,52.1513300000006,52.1513300000006,0.0,True,True,False,False
4660,2598,2598:storage_out,350.4019999999982,350.4019999999982,0.0,True,True,False,False
4661,2599,2599:direct,201.00199999999677,201.00199999999677,0.0,True,True,False,False
4662,2600,2600:storage_in,52.196719999996276,52.196719999996276,0.0,True,True,False,False
4663,2600,2600:storage_out,218.40199999999822,218.40199999999822,0.0,True,True,False,False
4664,2601,2601:direct,188.2019999999975,188.2019999999975,0.0,True,True,False,False
4665,2602,2602:direct,204.00199999999313,204.00199999999313,0.0,True,True,False,False
4666,2603,2603:direct,217.7607399999979,217.7607399999979,0.0,True,True,False,False
4667,2604,2604:direct,201.4019999999946,201.4019999999946,0.0,True,True,False,False
4668,2605,2605:storage_in,46.401999999998225,46.401999999998225,0.0,True,True,False,False
4669,2605,2605:storage_out,351.4019999999982,351.4019999999982,0.0,True,True,False,False
4670,2606,2606:direct,220.60199999999895,220.60199999999895,0.0,True,True,False,False
4671,2607,2607:direct,192.35199999999531,192.35199999999531,0.0,True,True,False,False
4672,2608,2608:storage_in,70.44742999999289,70.44742999999289,0.0,True,True,False,False
4673,2608,2608:storage_out,219.40199999999822,219.40199999999822,0.0,True,True,False,False
4674,2609,2609:direct,196.76481999999305,196.76481999999305,0.0,True,True,False,False
4675,2610,2610:direct,219.0020000000004,219.0020000000004,0.0,True,True,False,False
4676,2611,2611:storage_in,57.78954999999769,57.78954999999769,0.0,True,True,False,False
4677,2611,2611:storage_out,352.4019999999982,352.4019999999982,0.0,True,True,False,False
4678,2612,2612:storage_in,52.93960999999399,52.93960999999399,0.0,True,True,False,False
4679,2612,2612:storage_out,314.4019999999982,314.4019999999982,0.0,True,True,False,False
4680,2613,2613:direct,193.23682999999437,193.23682999999437,0.0,True,True,False,False
4681,2614,2614:storage_in,66.53212999999596,66.53212999999596,0.0,True,True,False,False
4682,2614,2614:storage_out,220.40199999999822,220.40199999999822,0.0,True,True,False,False
4683,2615,2615:storage_in,95.7921399999941,95.7921399999941,0.0,True,True,False,False
4684,2615,2615:storage_out,182.40199999999822,182.40199999999822,0.0,True,True,False,False
4685,2616,2616:storage_in,45.60199999999895,45.60199999999895,0.0,True,True,False,False
4686,2616,2616:storage_out,215.40199999999822,215.40199999999822,0.0,True,True,False,False
4687,2617,2617:direct,217.20200000000114,217.20200000000114,0.0,True,True,False,False
4688,2618,2618:storage_in,59.11253999999826,59.11253999999826,0.0,True,True,False,False
4689,2618,2618:storage_out,354.4019999999982,354.4019999999982,0.0,True,True,False,False
4690,2619,2619:storage_in,53.20828999999503,53.20828999999503,0.0,True,True,False,False
4691,2619,2619:storage_out,355.4019999999982,355.4019999999982,0.0,True,True,False,False
4692,2620,2620:direct,220.60199999999895,220.60199999999895,0.0,True,True,False,False
4693,2621,2621:storage_in,92.62182999999641,92.62182999999641,0.0,True,True,False,False
4694,2621,2621:storage_out,222.40199999999822,222.40199999999822,0.0,True,True,False,False
4695,2622,2622:storage_in,124.15930999999546,124.15930999999546,0.0,True,True,False,False
4696,2622,2622:storage_out,184.40199999999822,184.40199999999822,0.0,True,True,False,False
4697,2623,2623:storage_in,57.09508999999525,57.09508999999525,0.0,True,True,False,False
4698,2623,2623:storage_out,231.90199999999822,231.90199999999822,0.0,True,True,False,False
4699,2624,2624:storage_in,149.0849499999931,149.0849499999931,0.0,True,True,False,False
4700,2624,2624:storage_out,215.4519999999975,215.4519999999975,0.0,True,True,False,False
4701,2625,2625:direct,218.2520000000004,218.2520000000004,0.0,True,True,False,False
4702,2626,2626:direct,194.01508999999714,194.01508999999714,0.0,True,True,False,False
4703,2627,2627:direct,201.00199999999677,201.00199999999677,0.0,True,True,False,False
4704,2628,2628:storage_in,120.65324999999211,120.65324999999211,0.0,True,True,False,False
4705,2628,2628:storage_out,185.40199999999822,185.40199999999822,0.0,True,True,False,False
4706,2629,2629:storage_in,53.00199999999677,53.00199999999677,0.0,True,True,False,False
4707,2629,2629:storage_out,356.4019999999982,356.4019999999982,0.0,True,True,False,False
4708,2630,2630:direct,217.20200000000114,217.20200000000114,0.0,True,True,False,False
4709,2631,2631:direct,189.25199999999677,189.25199999999677,0.0,True,True,False,False
4710,2632,2632:storage_in,48.30199999999604,48.30199999999604,0.0,True,True,False,False
4711,2632,2632:storage_out,357.4019999999982,357.4019999999982,0.0,True,True,False,False
4712,2633,2633:storage_in,142.58662999999433,142.58662999999433,0.0,True,True,False,False
4713,2633,2633:storage_out,216.4519999999975,216.4519999999975,0.0,True,True,False,False
4714,2634,2634:storage_in,119.76166999999259,119.76166999999259,0.0,True,True,False,False
4715,2634,2634:storage_out,186.40199999999822,186.40199999999822,0.0,True,True,False,False
4716,2635,2635:storage_in,53.40072999999393,53.40072999999393,0.0,True,True,False,False
4717,2635,2635:storage_out,235.90199999999822,235.90199999999822,0.0,True,True,False,False
4718,2636,2636:direct,201.00199999999677,201.00199999999677,0.0,True,True,False,False
4719,2637,2637:storage_in,47.30199999999604,47.30199999999604,0.0,True,True,False,False
4720,2637,2637:storage_out,319.4019999999982,319.4019999999982,0.0,True,True,False,False
4721,2638,2638:storage_in,48.05990999999631,48.05990999999631,0.0,True,True,False,False
4722,2638,2638:storage_out,232.90199999999822,232.90199999999822,0.0,True,True,False,False
4723,2639,2639:direct,222.60199999999895,222.60199999999895,0.0,True,True,False,False
4724,2640,2640:storage_in,53.99562999999762,53.99562999999762,0.0,True,True,False,False
4725,2640,2640:storage_out,359.4019999999982,359.4019999999982,0.0,True,True,False,False
4726,2641,2641:storage_in,46.401999999998225,46.401999999998225,0.0,True,True,False,False
4727,2641,2641:storage_out,321.4019999999982,321.4019999999982,0.0,True,True,False,False
4728,2642,2642:storage_in,55.01655999999639,55.01655999999639,0.0,True,True,False,False
4729,2642,2642:storage_out,233.90199999999822,233.90199999999822,0.0,True,True,False,False
4730,2643,2643:direct,218.5020000000004,218.5020000000004,0.0,True,True,False,False
4731,2644,2644:storage_in,47.55199999999604,47.55199999999604,0.0,True,True,False,False
4732,2644,2644:storage_out,322.4019999999982,322.4019999999982,0.0,True,True,False,False
4733,2645,2645:direct,204.00199999999313,204.00199999999313,0.0,True,True,False,False
4734,2646,2646:direct,201.4019999999946,201.4019999999946,0.0,True,True,False,False
4735,2647,2647:storage_in,48.41924999999537,48.41924999999537,0.0,True,True,False,False
4736,2647,2647:storage_out,375.4519999999975,375.4519999999975,0.0,True,True,False,False
4737,2648,2648:storage_in,45.60199999999895,45.60199999999895,0.0,True,True,False,False
4738,2648,2648:storage_out,152.40199999999822,152.40199999999822,0.0,True,True,False,False
4739,2649,2649:storage_in,48.784749999995256,48.784749999995256,0.0,True,True,False,False
4740,2649,2649:storage_out,323.4019999999982,323.4019999999982,0.0,True,True,False,False
4741,2650,2650:direct,201.00199999999677,201.00199999999677,0.0,True,True,False,False
4742,2651,2651:direct,192.60199999999531,192.60199999999531,0.0,True,True,False,False
4743,2652,2652:storage_in,51.57344999999623,51.57344999999623,0.0,True,True,False,False
4744,2652,2652:storage_out,376.4519999999975,376.4519999999975,0.0,True,True,False,False
4745,2653,2653:storage_in,49.951899999996385,49.951899999996385,0.0,True,True,False,False
4746,2653,2653:storage_out,176.40199999999822,176.40199999999822,0.0,True,True,False,False
4747,2654,2654:storage_in,45.60199999999895,45.60199999999895,0.0,True,True,False,False
4748,2654,2654:storage_out,250.2019999999975,250.2019999999975,0.0,True,True,False,False
4749,2655,2655:storage_in,54.93055999999706,54.93055999999706,0.0,True,True,False,False
4750,2655,2655:storage_out,363.4019999999982,363.4019999999982,0.0,True,True,False,False
4751,2656,2656:storage_in,54.83976999999504,54.83976999999504,0.0,True,True,False,False
4752,2656,2656:storage_out,247.9519999999975,247.9519999999975,0.0,True,True,False,False
4753,2657,2657:storage_in,52.22473999999784,52.22473999999784,0.0,True,True,False,False
4754,2657,2657:storage_out,325.4019999999982,325.4019999999982,0.0,True,True,False,False
4755,2658,2658:storage_in,45.60199999999895,45.60199999999895,0.0,True,True,False,False
4756,2658,2658:storage_out,177.40199999999822,177.40199999999822,0.0,True,True,False,False
4757,2659,2659:storage_in,49.50199999999677,49.50199999999677,0.0,True,True,False,False
4758,2659,2659:storage_out,251.2019999999975,251.2019999999975,0.0,True,True,False,False
4759,2660,2660:storage_in,46.401999999998225,46.401999999998225,0.0,True,True,False,False
4760,2660,2660:storage_out,252.2019999999975,252.2019999999975,0.0,True,True,False,False
4761,2661,2661:direct,201.4019999999946,201.4019999999946,0.0,True,True,False,False
4762,2662,2662:storage_in,97.14011999999639,97.14011999999639,0.0,True,True,False,False
4763,2662,2662:storage_out,187.40199999999822,187.40199999999822,0.0,True,True,False,False
4764,2663,2663:storage_in,48.371109999996406,48.371109999996406,0.0,True,True,False,False
4765,2663,2663:storage_out,248.9519999999975,248.9519999999975,0.0,True,True,False,False
4766,2664,2664:storage_in,95.43272999999317,95.43272999999317,0.0,True,True,False,False
4767,2664,2664:storage_out,188.40199999999822,188.40199999999822,0.0,True,True,False,False
4768,2665,2665:direct,204.00199999999313,204.00199999999313,0.0,True,True,False,False
4769,2666,2666:storage_in,52.02998999999909,52.02998999999909,0.0,True,True,False,False
4770,2666,2666:storage_out,197.90199999999822,197.90199999999822,0.0,True,True,False,False
4771,2667,2667:storage_in,45.60199999999895,45.60199999999895,0.0,True,True,False,False
4772,2667,2667:storage_out,253.2019999999975,253.2019999999975,0.0,True,True,False,False
4773,2668,2668:storage_in,110.5641799999903,110.5641799999903,0.0,True,True,False,False
4774,2668,2668:storage_out,217.4519999999975,217.4519999999975,0.0,True,True,False,False
4775,2669,2669:storage_in,51.15416999999434,51.15416999999434,0.0,True,True,False,False
4776,2669,2669:storage_out,326.4019999999982,326.4019999999982,0.0,True,True,False,False
4777,2670,2670:storage_in,46.401999999998225,46.401999999998225,0.0,True,True,False,False
4778,2670,2670:storage_out,327.4019999999982,327.4019999999982,0.0,True,True,False,False
4779,2671,2671:storage_in,92.21216999999524,92.21216999999524,0.0,True,True,False,False
4780,2671,2671:storage_out,189.40199999999822,189.40199999999822,0.0,True,True,False,False
4781,2672,2672:storage_in,45.60199999999895,45.60199999999895,0.0,True,True,False,False
4782,2672,2672:storage_out,328.4019999999982,328.4019999999982,0.0,True,True,False,False
4783,2673,2673:direct,220.60199999999895,220.60199999999895,0.0,True,True,False,False
4784,2674,2674:storage_in,107.62381999998979,107.62381999998979,0.0,True,True,False,False
4785,2674,2674:storage_out,218.4519999999975,218.4519999999975,0.0,True,True,False,False
4786,2675,2675:storage_in,54.612709999997605,54.612709999997605,0.0,True,True,False,False
4787,2675,2675:storage_out,329.4019999999982,329.4019999999982,0.0,True,True,False,False
4788,2676,2676:storage_in,51.851999999995314,51.851999999995314,0.0,True,True,False,False
4789,2676,2676:storage_out,178.40199999999822,178.40199999999822,0.0,True,True,False,False
4790,2677,2677:direct,201.00199999999677,201.00199999999677,0.0,True,True,False,False
4791,2678,2678:direct,220.05193000000145,220.05193000000145,0.0,True,True,False,False
4792,2679,2679:storage_in,50.185209999996005,50.185209999996005,0.0,True,True,False,False
4793,2679,2679:storage_out,153.40199999999822,153.40199999999822,0.0,True,True,False,False
4794,2680,2680:storage_in,86.40792999999394,86.40792999999394,0.0,True,True,False,False
4795,2680,2680:storage_out,229.40199999999822,229.40199999999822,0.0,True,True,False,False
4796,2681,2681:storage_in,45.60199999999895,45.60199999999895,0.0,True,True,False,False
4797,2681,2681:storage_out,254.2019999999975,254.2019999999975,0.0,True,True,False,False
4798,2682,2682:storage_in,54.118509999992966,54.118509999992966,0.0,True,True,False,False
4799,2682,2682:storage_out,382.4519999999975,382.4519999999975,0.0,True,True,False,False
4800,2683,2683:storage_in,86.55076999999073,86.55076999999073,0.0,True,True,False,False
4801,2683,2683:storage_out,191.40199999999822,191.40199999999822,0.0,True,True,False,False
4802,2684,2684:storage_in,63.56488999999783,63.56488999999783,0.0,True,True,False,False
4803,2684,2684:storage_out,249.9519999999975,249.9519999999975,0.0,True,True,False,False
4804,2685,2685:direct,188.2019999999975,188.2019999999975,0.0,True,True,False,False
4805,2686,2686:storage_in,49.25199999999677,49.25199999999677,0.0,True,True,False,False
4806,2686,2686:storage_out,255.2019999999975,255.2019999999975,0.0,True,True,False,False
4807,2687,2687:storage_in,56.571249999997235,56.571249999997235,0.0,True,True,False,False
4808,2687,2687:storage_out,369.4019999999982,369.4019999999982,0.0,True,True,False,False
4809,2688,2688:storage_in,62.80872999999701,62.80872999999701,0.0,True,True,False,False
4810,2688,2688:storage_out,250.9519999999975,250.9519999999975,0.0,True,True,False,False
4811,2689,2689:storage_in,46.401999999998225,46.401999999998225,0.0,True,True,False,False
4812,2689,2689:storage_out,256.2019999999975,256.2019999999975,0.0,True,True,False,False
4813,2690,2690:storage_in,82.99384999999529,82.99384999999529,0.0,True,True,False,False
4814,2690,2690:storage_out,231.40199999999822,231.40199999999822,0.0,True,True,False,False
4815,2691,2691:storage_in,87.00657999999385,87.00657999999385,0.0,True,True,False,False
4816,2691,2691:storage_out,193.40199999999822,193.40199999999822,0.0,True,True,False,False
4817,2692,2692:storage_in,48.90090999999302,48.90090999999302,0.0,True,True,False,False
4818,2692,2692:storage_out,331.4019999999982,331.4019999999982,0.0,True,True,False,False
4819,2693,2693:storage_in,49.37351999999737,49.37351999999737,0.0,True,True,False,False
4820,2693,2693:storage_out,371.4019999999982,371.4019999999982,0.0,True,True,False,False
4821,2694,2694:storage_in,45.60199999999895,45.60199999999895,0.0,True,True,False,False
4822,2694,2694:storage_out,257.2019999999975,257.2019999999975,0.0,True,True,False,False
4823,2695,2695:storage_in,49.00199999999677,49.00199999999677,0.0,True,True,False,False
4824,2695,2695:storage_out,258.2019999999975,258.2019999999975,0.0,True,True,False,False
4825,2696,2696:direct,218.1324699999932,218.1324699999932,0.0,True,True,False,False
4826,2697,2697:storage_in,49.81866999999693,49.81866999999693,0.0,True,True,False,False
4827,2697,2697:storage_out,372.4019999999982,372.4019999999982,0.0,True,True,False,False
4828,2698,2698:storage_in,53.43402999999671,53.43402999999671,0.0,True,True,False,False
4829,2698,2698:storage_out,237.40199999999822,237.40199999999822,0.0,True,True,False,False
4830,2699,2699:storage_in,46.401999999998225,46.401999999998225,0.0,True,True,False,False
4831,2699,2699:storage_out,259.2019999999975,259.2019999999975,0.0,True,True,False,False
4832,2700,2700:storage_in,48.151999999998225,48.151999999998225,0.0,True,True,False,False
4833,2700,2700:storage_out,373.4019999999982,373.4019999999982,0.0,True,True,False,False
4834,2701,2701:storage_in,47.585329999998066,47.585329999998066,0.0,True,True,False,False
4835,2701,2701:storage_out,374.4019999999982,374.4019999999982,0.0,True,True,False,False
4836,2702,2702:direct,222.64807999999903,222.89807999999903,0.25,True,True,False,False
4837,2703,2703:direct,191.60199999999531,191.60199999999531,0.0,True,True,False,False
4838,2704,2704:storage_in,49.618659999992815,49.618659999992815,0.0,True,True,False,False
4839,2704,2704:storage_out,375.4019999999982,375.4019999999982,0.0,True,True,False,False
4840,2705,2705:storage_in,52.851999999995314,52.851999999995314,0.0,True,True,False,False
4841,2705,2705:storage_out,227.90199999999822,227.90199999999822,0.0,True,True,False,False
4842,2706,2706:storage_in,47.30199999999604,47.30199999999604,0.0,True,True,False,False
4843,2706,2706:storage_out,376.4019999999982,376.4019999999982,0.0,True,True,False,False
4844,2707,2707:storage_in,75.21372999999221,75.21372999999221,0.0,True,True,False,False
4845,2707,2707:storage_out,185.65199999999822,185.65199999999822,0.0,True,True,False,False
4846,2708,2708:direct,188.2019999999975,188.2019999999975,0.0,True,True,False,False
4847,2709,2709:storage_in,46.151999999998225,46.151999999998225,0.0,True,True,False,False
4848,2709,2709:storage_out,377.4019999999982,377.4019999999982,0.0,True,True,False,False
4849,2710,2710:storage_in,50.75199999999677,50.75199999999677,0.0,True,True,False,False
4850,2710,2710:storage_out,378.4019999999982,378.4019999999982,0.0,True,True,False,False
4851,2711,2711:storage_in,47.30199999999604,47.30199999999604,0.0,True,True,False,False
4852,2711,2711:storage_out,379.4019999999982,379.4019999999982,0.0,True,True,False,False
4853,2712,2712:direct,216.24950999999783,216.49950999999783,0.25,True,True,False,False
4854,2713,2713:direct,220.42387999999846,220.42387999999846,0.0,True,True,False,False
4855,2714,2714:storage_in,47.30199999999604,47.30199999999604,0.0,True,True,False,False
4856,2714,2714:storage_out,380.4019999999982,380.4019999999982,0.0,True,True,False,False
4857,2715,2715:direct,258.15791999999055,258.15791999999055,0.0,True,True,False,False
4858,2716,2716:storage_in,48.30199999999604,48.30199999999604,0.0,True,True,False,False
4859,2716,2716:storage_out,381.4019999999982,381.4019999999982,0.0,True,True,False,False
4860,2717,2717:storage_in,45.60199999999895,45.60199999999895,0.0,True,True,False,False
4861,2717,2717:storage_out,268.4519999999975,268.4519999999975,0.0,True,True,False,False
4862,2718,2718:direct,189.00199999999677,189.00199999999677,0.0,True,True,False,False
4863,2719,2719:direct,223.52331999999296,223.52331999999296,0.0,True,True,False,False
4864,2720,2720:storage_in,47.62722999999096,47.62722999999096,0.0,True,True,False,False
4865,2720,2720:storage_out,382.4019999999982,382.4019999999982,0.0,True,True,False,False
4866,2721,2721:storage_in,49.00199999999677,49.00199999999677,0.0,True,True,False,False
4867,2721,2721:storage_out,269.4519999999975,269.4519999999975,0.0,True,True,False,False
4868,2722,2722:storage_in,51.77633999999307,51.77633999999307,0.0,True,True,False,False
4869,2722,2722:storage_out,219.4519999999975,219.4519999999975,0.0,True,True,False,False
4870,2723,2723:storage_in,47.55199999999604,47.55199999999604,0.0,True,True,False,False
4871,2723,2723:storage_out,383.4019999999982,383.4019999999982,0.0,True,True,False,False
4872,2724,2724:direct,215.02423999999155,215.02423999999155,0.0,True,True,False,False
4873,2725,2725:storage_in,46.401999999998225,46.401999999998225,0.0,True,True,False,False
4874,2725,2725:storage_out,241.9519999999975,241.9519999999975,0.0,True,True,False,False
4875,2726,2726:storage_in,47.55199999999604,47.55199999999604,0.0,True,True,False,False
4876,2726,2726:storage_out,384.4019999999982,384.4019999999982,0.0,True,True,False,False
4877,2727,2727:storage_in,46.80199999999604,46.80199999999604,0.0,True,True,False,False
4878,2727,2727:storage_out,385.4019999999982,385.4019999999982,0.0,True,True,False,False
4879,2728,2728:direct,208.4615699999922,208.4615699999922,0.0,True,True,False,False
4880,2729,2729:storage_in,50.655999999991764,50.655999999991764,0.0,True,True,False,False
4881,2729,2729:storage_out,238.40199999999822,238.40199999999822,0.0,True,True,False,False
4882,2730,2730:direct,221.79610999999204,221.79610999999204,0.0,True,True,False,False
4883,2731,2731:direct,221.8118299999951,221.8118299999951,0.0,True,True,False,False
4884,2732,2732:storage_in,47.48272999999244,47.48272999999244,0.0,True,True,False,False
4885,2732,2732:storage_out,386.4019999999982,386.4019999999982,0.0,True,True,False,False
4886,2733,2733:storage_in,48.456789999996545,48.456789999996545,0.0,True,True,False,False
4887,2733,2733:storage_out,239.40199999999822,239.40199999999822,0.0,True,True,False,False
4888,2734,2734:storage_in,47.41414999999688,47.41414999999688,0.0,True,True,False,False
4889,2734,2734:storage_out,194.40199999999822,194.40199999999822,0.0,True,True,False,False
4890,2735,2735:storage_in,47.74861999999848,47.74861999999848,0.0,True,True,False,False
4891,2735,2735:storage_out,348.4019999999982,348.4019999999982,0.0,True,True,False,False
4892,2736,2736:storage_in,49.00199999999677,49.00199999999677,0.0,True,True,False,False
4893,2736,2736:storage_out,270.4519999999975,270.4519999999975,0.0,True,True,False,False
4894,2737,2737:direct,216.84620999999242,216.84620999999242,0.0,True,True,False,False
4895,2738,2738:direct,213.17953999999372,213.17953999999372,0.0,True,True,False,False
4896,2739,2739:direct,188.2019999999975,188.2019999999975,0.0,True,True,False,False
4897,2740,2740:direct,212.54903999999806,212.54903999999806,0.0,True,True,False,False
4898,2741,2741:direct,211.5881699999918,211.5881699999918,0.0,True,True,False,False
4899,2742,2742:direct,216.03183999999237,216.03183999999237,0.0,True,True,False,False
4900,2743,2743:storage_in,51.75199999999677,51.75199999999677,0.0,True,True,False,False
4901,2743,2743:storage_out,190.40199999999822,190.40199999999822,0.0,True,True,False,False
4902,2744,2744:direct,207.1374999999971,207.1374999999971,0.0,True,True,False,False
4903,2745,2745:direct,189.4019999999946,189.4019999999946,0.0,True,True,False,False
4904,2746,2746:direct,203.33533999999054,203.33533999999054,0.0,True,True,False,False
4905,2747,2747:direct,205.00199999999313,205.00199999999313,0.0,True,True,False,False
4906,2748,2748:direct,204.2803299999905,204.2803299999905,0.0,True,True,False,False
4907,2749,2749:direct,189.4019999999946,189.4019999999946,0.0,True,True,False,False
4908,2750,2750:storage_in,52.851999999995314,52.851999999995314,0.0,True,True,False,False
4909,2750,2750:storage_out,388.4019999999982,388.4019999999982,0.0,True,True,False,False
4910,2751,2751:storage_in,46.80199999999604,46.80199999999604,0.0,True,True,False,False
4911,2751,2751:storage_out,220.4519999999975,220.4519999999975,0.0,True,True,False,False
4912,2752,2752:storage_in,46.80199999999604,46.80199999999604,0.0,True,True,False,False
4913,2752,2752:storage_out,192.90199999999822,192.90199999999822,0.0,True,True,False,False
4914,2753,2753:direct,201.00199999999677,201.00199999999677,0.0,True,True,False,False
4915,2754,2754:storage_in,46.80199999999604,46.80199999999604,0.0,True,True,False,False
4916,2754,2754:storage_out,389.4019999999982,389.4019999999982,0.0,True,True,False,False
4917,2755,2755:storage_in,47.53794999999445,47.53794999999445,0.0,True,True,False,False
4918,2755,2755:storage_out,193.90199999999822,193.90199999999822,0.0,True,True,False,False
4919,2756,2756:direct,201.4019999999946,201.4019999999946,0.0,True,True,False,False
4920,2757,2757:direct,201.80199999999604,201.80199999999604,0.0,True,True,False,False
4921,2758,2758:direct,204.75199999999313,204.75199999999313,0.0,True,True,False,False
4922,2759,2759:storage_in,46.80199999999604,46.80199999999604,0.0,True,True,False,False
4923,2759,2759:storage_out,390.4019999999982,390.4019999999982,0.0,True,True,False,False
4924,2760,2760:direct,201.00199999999677,201.00199999999677,0.0,True,True,False,False
4925,2761,2761:storage_in,46.80199999999604,46.80199999999604,0.0,True,True,False,False
4926,2761,2761:storage_out,228.15199999999822,228.15199999999822,0.0,True,True,False,False
4927,2762,2762:direct,201.4019999999946,201.4019999999946,0.0,True,True,False,False
4928,2763,2763:storage_in,46.80199999999604,46.80199999999604,0.0,True,True,False,False
4929,2763,2763:storage_out,206.40199999999822,206.40199999999822,0.0,True,True,False,False
4930,2764,2764:storage_in,46.80199999999604,46.80199999999604,0.0,True,True,False,False
4931,2764,2764:storage_out,352.4019999999982,352.4019999999982,0.0,True,True,False,False
4932,2765,2765:direct,202.589299999996,202.589299999996,0.0,True,True,False,False
4933,2766,2766:direct,204.50199999999313,204.50199999999313,0.0,True,True,False,False
4934,2767,2767:storage_in,46.80199999999604,46.80199999999604,0.0,True,True,False,False
4935,2767,2767:storage_out,207.40199999999822,207.40199999999822,0.0,True,True,False,False
4936,2768,2768:direct,201.00199999999677,201.00199999999677,0.0,True,True,False,False
4937,2769,2769:direct,201.4019999999946,201.4019999999946,0.0,True,True,False,False
4938,2770,2770:direct,204.75199999999313,204.75199999999313,0.0,True,True,False,False
4939,2771,2771:direct,201.00199999999677,201.00199999999677,0.0,True,True,False,False
4940,2772,2772:storage_in,45.401999999998225,45.401999999998225,0.0,True,True,False,False
4941,2772,2772:storage_out,392.4019999999982,392.4019999999982,0.0,True,True,False,False
4942,2773,2773:storage_in,302.3528599999954,302.3528599999954,0.0,True,True,False,False
4943,2773,2773:storage_out,151.40199999999822,151.40199999999822,0.0,True,True,False,False
4944,2774,2774:direct,192.60199999999531,192.60199999999531,0.0,True,True,False,False
4945,2775,2775:storage_in,59.45318999999654,59.45318999999654,0.0,True,True,False,False
4946,2775,2775:storage_out,393.4019999999982,393.4019999999982,0.0,True,True,False,False
4947,2776,2776:storage_in,302.1698599999945,302.1698599999945,0.0,True,True,False,False
4948,2776,2776:storage_out,152.40199999999822,152.40199999999822,0.0,True,True,False,False
4949,2777,2777:direct,189.00199999999677,189.00199999999677,0.0,True,True,False,False
4950,2778,2778:storage_in,47.151999999998225,47.151999999998225,0.0,True,True,False,False
4951,2778,2778:storage_out,189.90199999999822,189.90199999999822,0.0,True,True,False,False
4952,2779,2779:storage_in,47.55199999999604,47.55199999999604,0.0,True,True,False,False
4953,2779,2779:storage_out,407.4519999999975,407.4519999999975,0.0,True,True,False,False
4954,2780,2780:direct,223.4080900000008,223.4080900000008,0.0,True,True,False,False
4955,2781,2781:storage_in,300.58373999999094,300.58373999999094,0.0,True,True,False,False
4956,2781,2781:storage_out,153.40199999999822,153.40199999999822,0.0,True,True,False,False
4957,2782,2782:storage_in,55.19199999999546,55.19199999999546,0.0,True,True,False,False
4958,2782,2782:storage_out,394.4019999999982,394.4019999999982,0.0,True,True,False,False
4959,2783,2783:storage_in,46.401999999998225,46.401999999998225,0.0,True,True,False,False
4960,2783,2783:storage_out,246.9519999999975,246.9519999999975,0.0,True,True,False,False
4961,2784,2784:storage_in,51.954219999995985,51.954219999995985,0.0,True,True,False,False
4962,2784,2784:storage_out,256.9019999999982,256.9019999999982,0.0,True,True,False,False
4963,2785,2785:storage_in,288.7853499999983,288.7853499999983,0.0,True,True,False,False
4964,2785,2785:storage_out,206.90199999999822,206.90199999999822,0.0,True,True,False,False
4965,2786,2786:direct,188.2019999999975,188.2019999999975,0.0,True,True,False,False
4966,2787,2787:direct,201.00199999999677,201.00199999999677,0.0,True,True,False,False
4967,2788,2788:direct,217.20200000000114,217.20200000000114,0.0,True,True,False,False
4968,2789,2789:storage_in,49.90199999999459,49.90199999999459,0.0,True,True,False,False
4969,2789,2789:storage_out,190.90199999999822,190.90199999999822,0.0,True,True,False,False
4970,2790,2790:storage_in,212.0987299999979,212.0987299999979,0.0,True,True,False,False
4971,2790,2790:storage_out,172.90199999999822,172.90199999999822,0.0,True,True,False,False
4972,2791,2791:storage_in,265.8765799999892,265.8765799999892,0.0,True,True,False,False
4973,2791,2791:storage_out,195.40199999999822,195.40199999999822,0.0,True,True,False,False
4974,2792,2792:direct,220.60199999999895,220.60199999999895,0.0,True,True,False,False
4975,2793,2793:direct,195.65440999999555,195.65440999999555,0.0,True,True,False,False
4976,2794,2794:storage_in,180.73963999998887,180.73963999998887,0.0,True,True,False,False
4977,2794,2794:storage_out,173.90199999999822,173.90199999999822,0.0,True,True,False,False
4978,2795,2795:storage_in,154.386509999993,154.386509999993,0.0,True,True,False,False
4979,2795,2795:storage_out,233.90199999999822,233.90199999999822,0.0,True,True,False,False
4980,2796,2796:storage_in,54.87290999999823,54.87290999999823,0.0,True,True,False,False
4981,2796,2796:storage_out,195.90199999999822,195.90199999999822,0.0,True,True,False,False
4982,2797,2797:storage_in,51.151999999998225,51.151999999998225,0.0,True,True,False,False
4983,2797,2797:storage_out,408.4519999999975,408.4519999999975,0.0,True,True,False,False
4984,2798,2798:storage_in,208.07205999999496,208.07205999999496,0.0,True,True,False,False
4985,2798,2798:storage_out,174.90199999999822,174.90199999999822,0.0,True,True,False,False
4986,2799,2799:direct,201.80199999999604,201.80199999999604,0.0,True,True,False,False
4987,2800,2800:direct,204.00199999999313,204.00199999999313,0.0,True,True,False,False
4988,2801,2801:direct,188.2019999999975,188.2019999999975,0.0,True,True,False,False
4989,2802,2802:direct,210.4517499999929,210.4517499999929,0.0,True,True,False,False
4990,2803,2803:storage_in,46.26396999999997,46.26396999999997,0.0,True,True,False,False
4991,2803,2803:storage_out,221.4519999999975,221.4519999999975,0.0,True,True,False,False
4992,2804,2804:storage_in,206.4220599999935,206.4220599999935,0.0,True,True,False,False
4993,2804,2804:storage_out,175.90199999999822,175.90199999999822,0.0,True,True,False,False
4994,2805,2805:storage_in,207.5200299999924,207.5200299999924,0.0,True,True,False,False
4995,2805,2805:storage_out,229.15199999999822,229.15199999999822,0.0,True,True,False,False
4996,2806,2806:storage_in,72.69289999999819,72.69289999999819,0.0,True,True,False,False
4997,2806,2806:storage_out,395.4019999999982,395.4019999999982,0.0,True,True,False,False
4998,2807,2807:direct,193.10199999999531,193.10199999999531,0.0,True,True,False,False
4999,2808,2808:direct,189.63554999999542,189.63554999999542,0.0,True,True,False,False
5000,2809,2809:storage_in,51.3005299999968,51.3005299999968,0.0,True,True,False,False
5001,2809,2809:storage_out,409.4519999999975,409.4519999999975,0.0,True,True,False,False
5002,2810,2810:storage_in,250.70365999999194,250.70365999999194,0.0,True,True,False,False
5003,2810,2810:storage_out,230.90199999999822,230.90199999999822,0.0,True,True,False,False
5004,2811,2811:storage_in,56.923909999994066,56.923909999994066,0.0,True,True,False,False
5005,2811,2811:storage_out,196.90199999999822,196.90199999999822,0.0,True,True,False,False
5006,2812,2812:storage_in,45.60199999999895,45.60199999999895,0.0,True,True,False,False
5007,2812,2812:storage_out,176.90199999999822,176.90199999999822,0.0,True,True,False,False
5008,2813,2813:storage_in,66.54279999999562,66.54279999999562,0.0,True,True,False,False
5009,2813,2813:storage_out,260.2019999999975,260.2019999999975,0.0,True,True,False,False
5010,2814,2814:direct,226.05588999999964,226.05588999999964,0.0,True,True,False,False
5011,2815,2815:storage_in,73.42289999999775,73.42289999999775,0.0,True,True,False,False
5012,2815,2815:storage_out,396.4019999999982,396.4019999999982,0.0,True,True,False,False
5013,2816,2816:storage_in,55.059269999994285,55.059269999994285,0.0,True,True,False,False
5014,2816,2816:storage_out,197.90199999999822,197.90199999999822,0.0,True,True,False,False
5015,2817,2817:storage_in,145.20597999999518,145.20597999999518,0.0,True,True,False,False
5016,2817,2817:storage_out,250.9519999999975,250.9519999999975,0.0,True,True,False,False
5017,2818,2818:storage_in,145.0250799999958,145.0250799999958,0.0,True,True,False,False
5018,2818,2818:storage_out,237.90199999999822,237.90199999999822,0.0,True,True,False,False
5019,2819,2819:storage_in,45.60199999999895,45.60199999999895,0.0,True,True,False,False
5020,2819,2819:storage_out,198.90199999999822,198.90199999999822,0.0,True,True,False,False
5021,2820,2820:storage_in,50.40315999999439,50.40315999999439,0.0,True,True,False,False
5022,2820,2820:storage_out,358.4019999999982,358.4019999999982,0.0,True,True,False,False
5023,2821,2821:direct,217.8447300000007,217.8447300000007,0.0,True,True,False,False
5024,2822,2822:storage_in,197.03434999999445,197.03434999999445,0.0,True,True,False,False
5025,2822,2822:storage_out,177.90199999999822,177.90199999999822,0.0,True,True,False,False
5026,2823,2823:storage_in,67.75534999999945,67.75534999999945,0.0,True,True,False,False
5027,2823,2823:storage_out,398.4019999999982,398.4019999999982,0.0,True,True,False,False
5028,2824,2824:direct,201.80199999999604,201.80199999999604,0.0,True,True,False,False
5029,2825,2825:storage_in,45.60199999999895,45.60199999999895,0.0,True,True,False,False
5030,2825,2825:storage_out,261.2019999999975,261.2019999999975,0.0,True,True,False,False
5031,2826,2826:storage_in,196.46800999999323,196.46800999999323,0.0,True,True,False,False
5032,2826,2826:storage_out,243.2019999999975,243.2019999999975,0.0,True,True,False,False
5033,2827,2827:storage_in,49.00199999999677,49.00199999999677,0.0,True,True,False,False
5034,2827,2827:storage_out,199.90199999999822,199.90199999999822,0.0,True,True,False,False
5035,2828,2828:direct,221.2640399999982,221.2640399999982,0.0,True,True,False,False
5036,2829,2829:storage_in,66.9451599999993,66.9451599999993,0.0,True,True,False,False
5037,2829,2829:storage_out,399.4019999999982,399.4019999999982,0.0,True,True,False,False
5038,2830,2830:storage_in,70.12080999999671,70.12080999999671,0.0,True,True,False,False
5039,2830,2830:storage_out,257.9019999999982,257.9019999999982,0.0,True,True,False,False
5040,2831,2831:direct,219.7520000000004,219.7520000000004,0.0,True,True,False,False
5041,2832,2832:storage_in,54.36098999999376,54.36098999999376,0.0,True,True,False,False
5042,2832,2832:storage_out,262.2019999999975,262.2019999999975,0.0,True,True,False,False
5043,2833,2833:storage_in,135.38043999999354,135.38043999999354,0.0,True,True,False,False
5044,2833,2833:storage_out,239.90199999999822,239.90199999999822,0.0,True,True,False,False
5045,2834,2834:direct,201.00199999999677,201.00199999999677,0.0,True,True,False,False
5046,2835,2835:direct,192.35199999999531,192.35199999999531,0.0,True,True,False,False
5047,2836,2836:direct,217.20200000000114,217.20200000000114,0.0,True,True,False,False
5048,2837,2837:storage_in,59.77078999999867,59.77078999999867,0.0,True,True,False,False
5049,2837,2837:storage_out,400.4019999999982,400.4019999999982,0.0,True,True,False,False
5050,2838,2838:storage_in,190.94570999998905,190.94570999998905,0.0,True,True,False,False
5051,2838,2838:storage_out,230.15199999999822,230.15199999999822,0.0,True,True,False,False
5052,2839,2839:direct,221.35199999999895,221.35199999999895,0.0,True,True,False,False
5053,2840,2840:storage_in,46.401999999998225,46.401999999998225,0.0,True,True,False,False
5054,2840,2840:storage_out,362.4019999999982,362.4019999999982,0.0,True,True,False,False
5055,2841,2841:direct,219.7520000000004,219.7520000000004,0.0,True,True,False,False
5056,2842,2842:storage_in,54.601999999995314,54.601999999995314,0.0,True,True,False,False
5057,2842,2842:storage_out,402.4019999999982,402.4019999999982,0.0,True,True,False,False
5058,2843,2843:direct,218.0020000000004,218.0020000000004,0.0,True,True,False,False
5059,2844,2844:direct,201.00199999999677,201.00199999999677,0.0,True,True,False,False
5060,2845,2845:storage_in,119.31310999999187,119.31310999999187,0.0,True,True,False,False
5061,2845,2845:storage_out,201.90199999999822,201.90199999999822,0.0,True,True,False,False
5062,2846,2846:direct,217.20200000000114,217.20200000000114,0.0,True,True,False,False
5063,2847,2847:storage_in,127.41478999999163,127.41478999999163,0.0,True,True,False,False
5064,2847,2847:storage_out,208.40199999999822,208.40199999999822,0.0,True,True,False,False
5065,2848,2848:storage_in,49.00199999999677,49.00199999999677,0.0,True,True,False,False
5066,2848,2848:storage_out,263.2019999999975,263.2019999999975,0.0,True,True,False,False
5067,2849,2849:direct,195.22452999999587,195.22452999999587,0.0,True,True,False,False
5068,2850,2850:storage_in,54.719759999992675,54.719759999992675,0.0,True,True,False,False
5069,2850,2850:storage_out,240.40199999999822,240.40199999999822,0.0,True,True,False,False
5070,2851,2851:direct,223.5766999999978,223.5766999999978,0.0,True,True,False,False
5071,2852,2852:storage_in,244.3186699999933,244.3186699999933,0.0,True,True,False,False
5072,2852,2852:storage_out,184.40199999999822,184.40199999999822,0.0,True,True,False,False
5073,2853,2853:direct,220.7851599999958,220.7851599999958,0.0,True,True,False,False
5074,2854,2854:storage_in,73.17846999999529,73.17846999999529,0.0,True,True,False,False
5075,2854,2854:storage_out,403.4019999999982,403.4019999999982,0.0,True,True,False,False
5076,2855,2855:storage_in,216.34965999998894,216.34965999998894,0.0,True,True,False,False
5077,2855,2855:storage_out,235.40199999999822,235.40199999999822,0.0,True,True,False,False
5078,2856,2856:storage_in,45.60199999999895,45.60199999999895,0.0,True,True,False,False
5079,2856,2856:storage_out,365.4019999999982,365.4019999999982,0.0,True,True,False,False
5080,2857,2857:direct,203.10199999999168,203.13804999999775,0.03605000000607106,True,True,False,False
5081,2858,2858:direct,201.00199999999677,201.00199999999677,0.0,True,True,False,False
5082,2859,2859:storage_in,93.23198999999659,93.23198999999659,0.0,True,True,False,False
5083,2859,2859:storage_out,258.9019999999982,258.9019999999982,0.0,True,True,False,False
5084,2860,2860:storage_in,49.75199999999677,49.75199999999677,0.0,True,True,False,False
5085,2860,2860:storage_out,202.90199999999822,202.90199999999822,0.0,True,True,False,False
5086,2861,2861:storage_in,64.63233999999284,64.63233999999284,0.0,True,True,False,False
5087,2861,2861:storage_out,366.4019999999982,366.4019999999982,0.0,True,True,False,False
5088,2862,2862:storage_in,49.546809999996185,49.546809999996185,0.0,True,True,False,False
5089,2862,2862:storage_out,197.40199999999822,197.40199999999822,0.0,True,True,False,False
5090,2863,2863:direct,201.4019999999946,201.4019999999946,0.0,True,True,False,False
5091,2864,2864:direct,217.20200000000114,217.20200000000114,0.0,True,True,False,False
5092,2865,2865:direct,195.3537899999901,195.38983999999618,0.03605000000607106,True,True,False,False
5093,2866,2866:storage_in,71.26608000000124,71.26608000000124,0.0,True,True,False,False
5094,2866,2866:storage_out,241.40199999999822,241.40199999999822,0.0,True,True,False,False
5095,2867,2867:direct,217.20200000000114,217.20200000000114,0.0,True,True,False,False
5096,2868,2868:direct,220.85199999999895,220.85199999999895,0.0,True,True,False,False
5097,2869,2869:direct,205.75199999999313,205.75199999999313,0.0,True,True,False,False
5098,2870,2870:direct,188.2019999999975,188.2019999999975,0.0,True,True,False,False
5099,2871,2871:storage_in,161.91278999999122,161.91278999999122,0.0,True,True,False,False
5100,2871,2871:storage_out,231.15199999999822,231.15199999999822,0.0,True,True,False,False
5101,2872,2872:direct,199.19239999999263,199.19239999999263,0.0,True,True,False,False
5102,2873,2873:storage_in,49.00199999999677,49.00199999999677,0.0,True,True,False,False
5103,2873,2873:storage_out,203.90199999999822,203.90199999999822,0.0,True,True,False,False
5104,2874,2874:storage_in,115.15097999999125,115.15097999999125,0.0,True,True,False,False
5105,2874,2874:storage_out,209.40199999999822,209.40199999999822,0.0,True,True,False,False
5106,2875,2875:direct,221.37996999999814,221.37996999999814,0.0,True,True,False,False
5107,2876,2876:direct,218.0020000000004,218.0020000000004,0.0,True,True,False,False
5108,2877,2877:storage_in,63.46495000000141,63.46495000000141,0.0,True,True,False,False
5109,2877,2877:storage_out,242.40199999999822,242.40199999999822,0.0,True,True,False,False
5110,2878,2878:storage_in,50.7868899999994,50.7868899999994,0.0,True,True,False,False
5111,2878,2878:storage_out,204.90199999999822,204.90199999999822,0.0,True,True,False,False
5112,2879,2879:direct,192.2164799999955,192.2164799999955,0.0,True,True,False,False
5113,2880,2880:storage_in,197.3391099999899,197.3391099999899,0.0,True,True,False,False
5114,2880,2880:storage_out,192.90199999999822,192.90199999999822,0.0,True,True,False,False
5115,2881,2881:direct,201.00199999999677,201.00199999999677,0.0,True,True,False,False
5116,2882,2882:direct,217.20200000000114,217.20200000000114,0.0,True,True,False,False
5117,2883,2883:storage_in,68.48365999999805,68.48365999999805,0.0,True,True,False,False
5118,2883,2883:storage_out,243.40199999999822,243.40199999999822,0.0,True,True,False,False
5119,2884,2884:storage_in,49.00199999999677,49.00199999999677,0.0,True,True,False,False
5120,2884,2884:storage_out,419.4519999999975,419.4519999999975,0.0,True,True,False,False
5121,2885,2885:storage_in,102.89763999999195,102.89763999999195,0.0,True,True,False,False
5122,2885,2885:storage_out,210.40199999999822,210.40199999999822,0.0,True,True,False,False
5123,2886,2886:storage_in,46.401999999998225,46.401999999998225,0.0,True,True,False,False
5124,2886,2886:storage_out,199.2019999999975,199.2019999999975,0.0,True,True,False,False
5125,2887,2887:direct,201.00199999999677,201.00199999999677,0.0,True,True,False,False
5126,2888,2888:storage_in,190.7461899999871,190.7461899999871,0.0,True,True,False,False
5127,2888,2888:storage_out,237.40199999999822,237.40199999999822,0.0,True,True,False,False
5128,2889,2889:direct,188.2019999999975,188.2019999999975,0.0,True,True,False,False
5129,2890,2890:storage_in,46.483229999998,46.483229999998,0.0,True,True,False,False
5130,2890,2890:storage_out,367.4019999999982,367.4019999999982,0.0,True,True,False,False
5131,2891,2891:storage_in,47.36631999999736,47.36631999999736,0.0,True,True,False,False
5132,2891,2891:storage_out,420.4519999999975,420.4519999999975,0.0,True,True,False,False
5133,2892,2892:direct,191.60199999999531,191.60199999999531,0.0,True,True,False,False
5134,2893,2893:storage_in,49.66563999999562,49.66563999999562,0.0,True,True,False,False
5135,2893,2893:storage_out,421.4519999999975,421.4519999999975,0.0,True,True,False,False
5136,2894,2894:direct,201.4019999999946,201.4019999999946,0.0,True,True,False,False
5137,2895,2895:storage_in,68.32868999999482,68.32868999999482,0.0,True,True,False,False
5138,2895,2895:storage_out,259.9019999999982,259.9019999999982,0.0,True,True,False,False
5139,2896,2896:direct,192.10199999999531,192.10199999999531,0.0,True,True,False,False
5140,2897,2897:direct,222.01266000000032,222.01266000000032,0.0,True,True,False,False
5141,2898,2898:direct,205.00199999999313,205.00199999999313,0.0,True,True,False,False
5142,2899,2899:direct,217.20200000000114,217.20200000000114,0.0,True,True,False,False
5143,2900,2900:direct,201.00199999999677,201.00199999999677,0.0,True,True,False,False
5144,2901,2901:direct,206.66757999999027,206.66757999999027,0.0,True,True,False,False
5145,2902,2902:direct,189.00199999999677,189.00199999999677,0.0,True,True,False,False
5146,2903,2903:storage_in,53.8406199999954,53.8406199999954,0.0,True,True,False,False
5147,2903,2903:storage_out,422.4519999999975,422.4519999999975,0.0,True,True,False,False
5148,2904,2904:direct,202.4019999999946,202.4019999999946,0.0,True,True,False,False
5149,2905,2905:direct,201.00199999999677,201.00199999999677,0.0,True,True,False,False
5150,2906,2906:storage_in,46.401999999998225,46.401999999998225,0.0,True,True,False,False
5151,2906,2906:storage_out,179.40199999999822,179.40199999999822,0.0,True,True,False,False
5152,2907,2907:direct,221.76948999999877,221.76948999999877,0.0,True,True,False,False
5153,2908,2908:direct,202.1519999999946,202.1519999999946,0.0,True,True,False,False
5154,2909,2909:storage_in,45.60199999999895,45.60199999999895,0.0,True,True,False,False
5155,2909,2909:storage_out,180.40199999999822,180.40199999999822,0.0,True,True,False,False
5156,2910,2910:direct,218.13667999999961,218.13667999999961,0.0,True,True,False,False
5157,2911,2911:direct,204.00199999999313,204.00199999999313,0.0,True,True,False,False
5158,2912,2912:storage_in,49.00199999999677,49.00199999999677,0.0,True,True,False,False
5159,2912,2912:storage_out,273.9519999999975,273.9519999999975,0.0,True,True,False,False
5160,2913,2913:direct,205.75199999999313,205.75199999999313,0.0,True,True,False,False
5161,2914,2914:storage_in,50.13991999999416,50.13991999999416,0.0,True,True,False,False
5162,2914,2914:storage_out,205.90199999999822,205.90199999999822,0.0,True,True,False,False
5163,2915,2915:direct,219.0020000000004,219.0020000000004,0.0,True,True,False,False
5164,2916,2916:storage_in,49.05199999999604,49.05199999999604,0.0,True,True,False,False
5165,2916,2916:storage_out,369.9019999999982,369.9019999999982,0.0,True,True,False,False
5166,2917,2917:storage_in,46.401999999998225,46.401999999998225,0.0,True,True,False,False
5167,2917,2917:storage_out,206.90199999999822,206.90199999999822,0.0,True,True,False,False
5168,2918,2918:direct,201.00199999999677,201.00199999999677,0.0,True,True,False,False
5169,2919,2919:direct,201.9019999999946,201.9019999999946,0.0,True,True,False,False
5170,2920,2920:direct,201.4019999999946,201.4019999999946,0.0,True,True,False,False
5171,2921,2921:direct,204.00199999999313,204.00199999999313,0.0,True,True,False,False
5172,2922,2922:direct,217.20200000000114,217.20200000000114,0.0,True,True,False,False
5173,2923,2923:storage_in,167.07312999999704,167.07312999999704,0.0,True,True,False,False
5174,2923,2923:storage_out,238.40199999999822,238.40199999999822,0.0,True,True,False,False
5175,2924,2924:direct,205.50199999999313,205.50199999999313,0.0,True,True,False,False
5176,2925,2925:storage_in,45.60199999999895,45.60199999999895,0.0,True,True,False,False
5177,2925,2925:storage_out,199.90199999999822,199.90199999999822,0.0,True,True,False,False
5178,2926,2926:direct,201.00199999999677,201.00199999999677,0.0,True,True,False,False
5179,2927,2927:direct,201.00199999999677,201.00199999999677,0.0,True,True,False,False
5180,2928,2928:direct,220.60199999999895,220.60199999999895,0.0,True,True,False,False
5181,2929,2929:direct,202.1519999999946,202.1519999999946,0.0,True,True,False,False
5182,2930,2930:storage_in,49.75199999999677,49.75199999999677,0.0,True,True,False,False
5183,2930,2930:storage_out,370.9019999999982,370.9019999999982,0.0,True,True,False,False
5184,2931,2931:direct,201.4019999999946,201.4019999999946,0.0,True,True,False,False
5185,2932,2932:direct,204.25199999999313,204.25199999999313,0.0,True,True,False,False
5186,2933,2933:direct,201.00199999999677,201.00199999999677,0.0,True,True,False,False
5187,2934,2934:storage_in,45.60199999999895,45.60199999999895,0.0,True,True,False,False
5188,2934,2934:storage_out,259.9519999999975,259.9519999999975,0.0,True,True,False,False
5189,2935,2935:direct,218.0020000000004,218.0020000000004,0.0,True,True,False,False
5190,2936,2936:direct,226.4519999999975,226.4519999999975,0.0,True,True,False,False
5191,2937,2937:storage_in,46.401999999998225,46.401999999998225,0.0,True,True,False,False
5192,2937,2937:storage_out,207.90199999999822,207.90199999999822,0.0,True,True,False,False
5193,2938,2938:direct,221.53763999999865,221.53763999999865,0.0,True,True,False,False
5194,2939,2939:direct,203.1519999999946,203.1519999999946,0.0,True,True,False,False
5195,2940,2940:direct,201.00199999999677,201.00199999999677,0.0,True,True,False,False
5196,2941,2941:storage_in,45.60199999999895,45.60199999999895,0.0,True,True,False,False
5197,2941,2941:storage_out,200.40199999999822,200.40199999999822,0.0,True,True,False,False
5198,2942,2942:direct,189.14368999999715,189.14368999999715,0.0,True,True,False,False
5199,2943,2943:direct,204.50199999999313,204.50199999999313,0.0,True,True,False,False
5200,2944,2944:direct,201.00199999999677,201.00199999999677,0.0,True,True,False,False
5201,2945,2945:direct,217.20200000000114,217.20200000000114,0.0,True,True,False,False
5202,2946,2946:direct,201.4019999999946,201.4019999999946,0.0,True,True,False,False
5203,2947,2947:storage_in,55.40912999999273,55.40912999999273,0.0,True,True,False,False
5204,2947,2947:storage_out,371.9019999999982,371.9019999999982,0.0,True,True,False,False
5205,2948,2948:direct,221.37256999999954,221.37256999999954,0.0,True,True,False,False
5206,2949,2949:storage_in,62.45199999999386,62.45199999999386,0.0,True,True,False,False
5207,2949,2949:storage_out,247.90199999999822,247.90199999999822,0.0,True,True,False,False
5208,2950,2950:storage_in,46.401999999998225,46.401999999998225,0.0,True,True,False,False
5209,2950,2950:storage_out,372.9019999999982,372.9019999999982,0.0,True,True,False,False
5210,2951,2951:direct,194.22610999999597,194.22610999999597,0.0,True,True,False,False
5211,2952,2952:direct,221.91052999999738,221.91052999999738,0.0,True,True,False,False
5212,2953,2953:direct,204.75199999999313,204.75199999999313,0.0,True,True,False,False
5213,2954,2954:storage_in,53.19743999999628,53.19743999999628,0.0,True,True,False,False
5214,2954,2954:storage_out,412.9019999999982,412.9019999999982,0.0,True,True,False,False
5215,2955,2955:direct,189.50199999999677,189.50199999999677,0.0,True,True,False,False
5216,2956,2956:direct,217.20200000000114,217.20200000000114,0.0,True,True,False,False
5217,2957,2957:direct,201.00199999999677,201.00199999999677,0.0,True,True,False,False
5218,2958,2958:direct,220.60199999999895,220.60199999999895,0.0,True,True,False,False
5219,2959,2959:direct,201.4019999999946,201.4019999999946,0.0,True,True,False,False
5220,2960,2960:direct,201.9019999999946,201.9019999999946,0.0,True,True,False,False
5221,2961,2961:direct,218.0020000000004,218.0020000000004,0.0,True,True,False,False
5222,2962,2962:storage_in,54.71202999999514,54.71202999999514,0.0,True,True,False,False
5223,2962,2962:storage_out,260.9019999999982,260.9019999999982,0.0,True,True,False,False
5224,2963,2963:direct,217.20200000000114,217.20200000000114,0.0,True,True,False,False
5225,2964,2964:storage_in,51.00199999999677,51.00199999999677,0.0,True,True,False,False
5226,2964,2964:storage_out,413.9019999999982,413.9019999999982,0.0,True,True,False,False
5227,2965,2965:storage_in,45.60199999999895,45.60199999999895,0.0,True,True,False,False
5228,2965,2965:storage_out,375.9019999999982,375.9019999999982,0.0,True,True,False,False
5229,2966,2966:storage_in,46.43171000000075,46.43171000000075,0.0,True,True,False,False
5230,2966,2966:storage_out,274.9519999999975,274.9519999999975,0.0,True,True,False,False
5231,2967,2967:storage_in,47.151999999998225,47.151999999998225,0.0,True,True,False,False
5232,2967,2967:storage_out,244.40199999999822,244.40199999999822,0.0,True,True,False,False
5233,2968,2968:direct,204.00199999999313,204.00199999999313,0.0,True,True,False,False
5234,2969,2969:storage_in,50.00199999999677,50.00199999999677,0.0,True,True,False,False
5235,2969,2969:storage_out,376.9019999999982,376.9019999999982,0.0,True,True,False,False
5236,2970,2970:storage_in,53.154929999996966,53.154929999996966,0.0,True,True,False,False
5237,2970,2970:storage_out,245.2019999999975,245.2019999999975,0.0,True,True,False,False
5238,2971,2971:storage_in,53.00199999999677,53.00199999999677,0.0,True,True,False,False
5239,2971,2971:storage_out,416.9019999999982,416.9019999999982,0.0,True,True,False,False
5240,2972,2972:storage_in,122.0900399999955,122.0900399999955,0.0,True,True,False,False
5241,2972,2972:storage_out,201.40199999999822,201.40199999999822,0.0,True,True,False,False
5242,2973,2973:direct,189.00199999999677,189.00199999999677,0.0,True,True,False,False
5243,2974,2974:storage_in,49.651999999998225,49.651999999998225,0.0,True,True,False,False
5244,2974,2974:storage_out,181.40199999999822,181.40199999999822,0.0,True,True,False,False
5245,2975,2975:direct,204.00199999999313,204.00199999999313,0.0,True,True,False,False
5246,2976,2976:storage_in,57.36866999999256,57.36866999999256,0.0,True,True,False,False
5247,2976,2976:storage_out,211.40199999999822,211.40199999999822,0.0,True,True,False,False
5248,2977,2977:direct,201.00199999999677,201.00199999999677,0.0,True,True,False,False
5249,2978,2978:direct,217.20200000000114,217.20200000000114,0.0,True,True,False,False
5250,2979,2979:direct,201.00199999999677,201.00199999999677,0.0,True,True,False,False
5251,2980,2980:direct,201.6519999999946,201.6519999999946,0.0,True,True,False,False
5252,2981,2981:storage_in,73.45084999999017,73.45084999999017,0.0,True,True,False,False
5253,2981,2981:storage_out,232.15199999999822,232.15199999999822,0.0,True,True,False,False
5254,2982,2982:direct,204.00199999999313,204.00199999999313,0.0,True,True,False,False
5255,2983,2983:storage_in,116.32867999999507,116.32867999999507,0.0,True,True,False,False
5256,2983,2983:storage_out,207.90199999999822,207.90199999999822,0.0,True,True,False,False
5257,2984,2984:direct,205.25199999999313,205.25199999999313,0.0,True,True,False,False
5258,2985,2985:direct,220.60199999999895,220.60199999999895,0.0,True,True,False,False
5259,2986,2986:storage_in,87.76949999999124,87.76949999999124,0.0,True,True,False,False
5260,2986,2986:storage_out,239.90199999999822,239.90199999999822,0.0,True,True,False,False
5261,2987,2987:storage_in,49.00199999999677,49.00199999999677,0.0,True,True,False,False
5262,2987,2987:storage_out,258.4519999999975,258.4519999999975,0.0,True,True,False,False
5263,2988,2988:direct,201.00199999999677,201.00199999999677,0.0,True,True,False,False
5264,2989,2989:direct,188.2019999999975,188.2019999999975,0.0,True,True,False,False
5265,2990,2990:direct,201.00199999999677,201.00199999999677,0.0,True,True,False,False
5266,2991,2991:direct,192.35199999999531,192.35199999999531,0.0,True,True,False,False
5267,2992,2992:storage_in,46.401999999998225,46.401999999998225,0.0,True,True,False,False
5268,2992,2992:storage_out,246.2019999999975,246.2019999999975,0.0,True,True,False,False
5269,2993,2993:direct,201.4019999999946,201.4019999999946,0.0,True,True,False,False
5270,2994,2994:direct,191.7914399999936,191.7914399999936,0.0,True,True,False,False
5271,2995,2995:storage_in,45.60199999999895,45.60199999999895,0.0,True,True,False,False
5272,2995,2995:storage_out,247.2019999999975,247.2019999999975,0.0,True,True,False,False
5273,2996,2996:direct,205.75199999999313,205.75199999999313,0.0,True,True,False,False
5274,2997,2997:direct,188.2019999999975,188.2019999999975,0.0,True,True,False,False
5275,2998,2998:storage_in,53.10754999999699,53.10754999999699,0.0,True,True,False,False
5276,2998,2998:storage_out,248.2019999999975,248.2019999999975,0.0,True,True,False,False
5277,2999,2999:storage_in,47.401999999998225,47.401999999998225,0.0,True,True,False,False
5278,2999,2999:storage_out,430.9519999999975,430.9519999999975,0.0,True,True,False,False
5279,3000,3000:direct,220.90633999999773,220.90633999999773,0.0,True,True,False,False
5280,3001,3001:direct,201.00199999999677,201.00199999999677,0.0,True,True,False,False
5281,3002,3002:storage_in,45.60199999999895,45.60199999999895,0.0,True,True,False,False
5282,3002,3002:storage_out,182.40199999999822,182.40199999999822,0.0,True,True,False,False
5283,3003,3003:direct,217.20200000000114,217.20200000000114,0.0,True,True,False,False
5284,3004,3004:storage_in,64.48149999999441,64.48149999999441,0.0,True,True,False,False
5285,3004,3004:storage_out,417.9019999999982,417.9019999999982,0.0,True,True,False,False
5286,3005,3005:storage_in,49.00199999999677,49.00199999999677,0.0,True,True,False,False
5287,3005,3005:storage_out,209.90199999999822,209.90199999999822,0.0,True,True,False,False
5288,3006,3006:storage_in,55.97998999999254,55.97998999999254,0.0,True,True,False,False
5289,3006,3006:storage_out,183.40199999999822,183.40199999999822,0.0,True,True,False,False
5290,3007,3007:direct,204.50199999999313,204.50199999999313,0.0,True,True,False,False
5291,3008,3008:direct,223.94059999999808,223.94059999999808,0.0,True,True,False,False
5292,3009,3009:storage_in,53.63408999999592,53.63408999999592,0.0,True,True,False,False
5293,3009,3009:storage_out,222.90199999999822,222.90199999999822,0.0,True,True,False,False
5294,3010,3010:storage_in,51.479959999996936,51.479959999996936,0.0,True,True,False,False
5295,3010,3010:storage_out,379.9019999999982,379.9019999999982,0.0,True,True,False,False
5296,3011,3011:direct,201.00199999999677,201.00199999999677,0.0,True,True,False,False
5297,3012,3012:direct,219.5020000000004,219.5020000000004,0.0,True,True,False,False
5298,3013,3013:direct,217.20200000000114,217.20200000000114,0.0,True,True,False,False
5299,3014,3014:direct,217.20200000000114,217.20200000000114,0.0,True,True,False,False
5300,3015,3015:storage_in,55.29326999999466,55.29326999999466,0.0,True,True,False,False
5301,3015,3015:storage_out,419.9019999999982,419.9019999999982,0.0,True,True,False,False
5302,3016,3016:storage_in,51.42909999999756,51.42909999999756,0.0,True,True,False,False
5303,3016,3016:storage_out,262.9519999999975,262.9519999999975,0.0,True,True,False,False
5304,3017,3017:direct,194.10199999999531,194.10199999999531,0.0,True,True,False,False
5305,3018,3018:direct,204.00199999999313,204.00199999999313,0.0,True,True,False,False
5306,3019,3019:direct,218.0020000000004,218.0020000000004,0.0,True,True,False,False
5307,3020,3020:storage_in,45.60199999999895,45.60199999999895,0.0,True,True,False,False
5308,3020,3020:storage_out,245.9519999999975,245.9519999999975,0.0,True,True,False,False
5309,3021,3021:storage_in,54.799069999990024,54.799069999990024,0.0,True,True,False,False
5310,3021,3021:storage_out,245.40199999999822,245.40199999999822,0.0,True,True,False,False
5311,3022,3022:storage_in,49.00199999999677,49.00199999999677,0.0,True,True,False,False
5312,3022,3022:storage_out,263.9519999999975,263.9519999999975,0.0,True,True,False,False
5313,3023,3023:direct,188.2019999999975,188.2019999999975,0.0,True,True,False,False
5314,3024,3024:direct,201.00199999999677,201.00199999999677,0.0,True,True,False,False
5315,3025,3025:storage_in,49.00199999999677,49.00199999999677,0.0,True,True,False,False
5316,3025,3025:storage_out,202.40199999999822,202.40199999999822,0.0,True,True,False,False
5317,3026,3026:direct,201.4019999999946,201.4019999999946,0.0,True,True,False,False
5318,3027,3027:storage_in,49.50199999999677,49.50199999999677,0.0,True,True,False,False
5319,3027,3027:storage_out,211.40199999999822,211.40199999999822,0.0,True,True,False,False
5320,3028,3028:direct,205.50199999999313,205.50199999999313,0.0,True,True,False,False
5321,3029,3029:direct,189.00199999999677,189.00199999999677,0.0,True,True,False,False
5322,3030,3030:direct,201.00199999999677,201.00199999999677,0.0,True,True,False,False
5323,3031,3031:storage_in,47.80199999999604,47.80199999999604,0.0,True,True,False,False
5324,3031,3031:storage_out,420.9019999999982,420.9019999999982,0.0,True,True,False,False
5325,3032,3032:storage_in,51.50199999999677,51.50199999999677,0.0,True,True,False,False
5326,3032,3032:storage_out,421.9019999999982,421.9019999999982,0.0,True,True,False,False
5327,3033,3033:storage_in,50.476709999999,50.476709999999,0.0,True,True,False,False
5328,3033,3033:storage_out,262.9019999999982,262.9019999999982,0.0,True,True,False,False
5329,3034,3034:direct,189.00199999999677,189.00199999999677,0.0,True,True,False,False
5330,3035,3035:direct,188.2019999999975,188.2019999999975,0.0,True,True,False,False
5331,3036,3036:storage_in,50.25199999999677,50.25199999999677,0.0,True,True,False,False
5332,3036,3036:storage_out,422.9019999999982,422.9019999999982,0.0,True,True,False,False
5333,3037,3037:storage_in,49.00199999999677,49.00199999999677,0.0,True,True,False,False
5334,3037,3037:storage_out,384.9019999999982,384.9019999999982,0.0,True,True,False,False
5335,3038,3038:direct,204.00199999999313,204.00199999999313,0.0,True,True,False,False
5336,3039,3039:storage_in,46.0058499999941,46.0058499999941,0.0,True,True,False,False
5337,3039,3039:storage_out,191.40199999999822,191.40199999999822,0.0,True,True,False,False
5338,3040,3040:storage_in,46.401999999998225,46.401999999998225,0.0,True,True,False,False
5339,3040,3040:storage_out,222.4519999999975,222.4519999999975,0.0,True,True,False,False
5340,3041,3041:storage_in,52.729689999989205,52.729689999989205,0.0,True,True,False,False
5341,3041,3041:storage_out,424.9019999999982,424.9019999999982,0.0,True,True,False,False
5342,3042,3042:direct,189.75199999999677,189.75199999999677,0.0,True,True,False,False
5343,3043,3043:storage_in,52.601999999995314,52.601999999995314,0.0,True,True,False,False
5344,3043,3043:storage_out,234.65199999999822,234.65199999999822,0.0,True,True,False,False
5345,3044,3044:storage_in,45.60199999999895,45.60199999999895,0.0,True,True,False,False
5346,3044,3044:storage_out,230.9519999999975,230.9519999999975,0.0,True,True,False,False
5347,3045,3045:storage_in,46.11524999999892,46.11524999999892,0.0,True,True,False,False
5348,3045,3045:storage_out,386.9019999999982,386.9019999999982,0.0,True,True,False,False
5349,3046,3046:direct,224.67032000000108,224.67032000000108,0.0,True,True,False,False
5350,3047,3047:direct,204.75199999999313,204.75199999999313,0.0,True,True,False,False
5351,3048,3048:direct,194.2178199999944,194.2178199999944,0.0,True,True,False,False
5352,3049,3049:direct,218.0020000000004,218.0020000000004,0.0,True,True,False,False
5353,3050,3050:direct,201.00199999999677,201.00199999999677,0.0,True,True,False,False
5354,3051,3051:storage_in,51.18367999999464,51.18367999999464,0.0,True,True,False,False
5355,3051,3051:storage_out,387.9019999999982,387.9019999999982,0.0,True,True,False,False
5356,3052,3052:storage_in,45.60199999999895,45.60199999999895,0.0,True,True,False,False
5357,3052,3052:storage_out,249.2019999999975,249.2019999999975,0.0,True,True,False,False
5358,3053,3053:direct,220.60199999999895,220.60199999999895,0.0,True,True,False,False
5359,3054,3054:direct,201.4019999999946,201.4019999999946,0.0,True,True,False,False
5360,3055,3055:storage_in,49.305069999994885,49.305069999994885,0.0,True,True,False,False
5361,3055,3055:storage_out,231.9519999999975,231.9519999999975,0.0,True,True,False,False
5362,3056,3056:direct,217.20200000000114,217.20200000000114,0.0,True,True,False,False
5363,3057,3057:storage_in,50.00199999999677,50.00199999999677,0.0,True,True,False,False
5364,3057,3057:storage_out,246.40199999999822,246.40199999999822,0.0,True,True,False,False
5365,3058,3058:direct,220.60199999999895,220.60199999999895,0.0,True,True,False,False
5366,3059,3059:storage_in,58.351999999995314,58.351999999995314,0.0,True,True,False,False
5367,3059,3059:storage_out,247.40199999999822,247.40199999999822,0.0,True,True,False,False
5368,3060,3060:storage_in,45.60199999999895,45.60199999999895,0.0,True,True,False,False
5369,3060,3060:storage_out,224.90199999999822,224.90199999999822,0.0,True,True,False,False
5370,3061,3061:direct,194.8094099999944,194.8094099999944,0.0,True,True,False,False
5371,3062,3062:direct,223.77822999999626,223.77822999999626,0.0,True,True,False,False
5372,3063,3063:direct,193.25199999999677,193.25199999999677,0.0,True,True,False,False
5373,3064,3064:storage_in,53.601999999995314,53.601999999995314,0.0,True,True,False,False
5374,3064,3064:storage_out,427.9019999999982,427.9019999999982,0.0,True,True,False,False
5375,3065,3065:storage_in,45.60199999999895,45.60199999999895,0.0,True,True,False,False
5376,3065,3065:storage_out,389.9019999999982,389.9019999999982,0.0,True,True,False,False
5377,3066,3066:storage_in,45.60199999999895,45.60199999999895,0.0,True,True,False,False
5378,3066,3066:storage_out,232.9519999999975,232.9519999999975,0.0,True,True,False,False
5379,3067,3067:direct,201.00199999999677,201.00199999999677,0.0,True,True,False,False
5380,3068,3068:direct,201.4019999999946,201.4019999999946,0.0,True,True,False,False
5381,3069,3069:storage_in,46.80199999999604,46.80199999999604,0.0,True,True,False,False
5382,3069,3069:storage_out,248.40199999999822,248.40199999999822,0.0,True,True,False,False
5383,3070,3070:direct,204.00199999999313,204.00199999999313,0.0,True,True,False,False
5384,3071,3071:direct,201.00199999999677,201.00199999999677,0.0,True,True,False,False
5385,3072,3072:direct,188.2019999999975,188.2019999999975,0.0,True,True,False,False
5386,3073,3073:direct,201.00199999999677,201.00199999999677,0.0,True,True,False,False
5387,3074,3074:direct,191.60199999999531,191.60199999999531,0.0,True,True,False,False
5388,3075,3075:storage_in,50.00199999999677,50.00199999999677,0.0,True,True,False,False
5389,3075,3075:storage_out,249.40199999999822,249.40199999999822,0.0,True,True,False,False
5390,3076,3076:storage_in,54.351999999995314,54.351999999995314,0.0,True,True,False,False
5391,3076,3076:storage_out,250.40199999999822,250.40199999999822,0.0,True,True,False,False
5392,3077,3077:direct,201.00199999999677,201.00199999999677,0.0,True,True,False,False
5393,3078,3078:direct,189.00199999999677,189.00199999999677,0.0,True,True,False,False
5394,3079,3079:storage_in,49.00199999999677,49.00199999999677,0.0,True,True,False,False
5395,3079,3079:storage_out,277.9519999999975,277.9519999999975,0.0,True,True,False,False
5396,3080,3080:storage_in,52.75199999999677,52.75199999999677,0.0,True,True,False,False
5397,3080,3080:storage_out,251.40199999999822,251.40199999999822,0.0,True,True,False,False
5398,3081,3081:direct,188.2019999999975,188.2019999999975,0.0,True,True,False,False
5399,3082,3082:storage_in,49.18526999999449,49.18526999999449,0.0,True,True,False,False
5400,3082,3082:storage_out,265.4519999999975,265.4519999999975,0.0,True,True,False,False
5401,3083,3083:direct,217.20200000000114,217.20200000000114,0.0,True,True,False,False
5402,3084,3084:direct,191.60199999999531,191.60199999999531,0.0,True,True,False,False
5403,3085,3085:storage_in,53.61492999999609,53.61492999999609,0.0,True,True,False,False
5404,3085,3085:storage_out,278.9519999999975,278.9519999999975,0.0,True,True,False,False
5405,3086,3086:direct,204.50199999999313,204.50199999999313,0.0,True,True,False,False
5406,3087,3087:direct,193.53616999999576,193.53616999999576,0.0,True,True,False,False
5407,3088,3088:direct,221.7520000000004,221.7520000000004,0.0,True,True,False,False
5408,3089,3089:direct,201.00199999999677,201.00199999999677,0.0,True,True,False,False
5409,3090,3090:direct,188.2019999999975,188.2019999999975,0.0,True,True,False,False
5410,3091,3091:storage_in,45.60199999999895,45.60199999999895,0.0,True,True,False,False
5411,3091,3091:storage_out,279.9519999999975,279.9519999999975,0.0,True,True,False,False
5412,3092,3092:direct,191.60199999999531,191.60199999999531,0.0,True,True,False,False
5413,3093,3093:direct,201.00199999999677,201.00199999999677,0.0,True,True,False,False
5414,3094,3094:storage_in,51.75199999999677,51.75199999999677,0.0,True,True,False,False
5415,3094,3094:storage_out,280.9519999999975,280.9519999999975,0.0,True,True,False,False
5416,3095,3095:storage_in,53.00199999999677,53.00199999999677,0.0,True,True,False,False
5417,3095,3095:storage_out,212.40199999999822,212.40199999999822,0.0,True,True,False,False
5418,3096,3096:storage_in,47.401999999998225,47.401999999998225,0.0,True,True,False,False
5419,3096,3096:storage_out,390.9019999999982,390.9019999999982,0.0,True,True,False,False
5420,3097,3097:storage_in,50.339179999995395,50.339179999995395,0.0,True,True,False,False
5421,3097,3097:storage_out,200.2019999999975,200.2019999999975,0.0,True,True,False,False
5422,3098,3098:storage_in,45.60199999999895,45.60199999999895,0.0,True,True,False,False
5423,3098,3098:storage_out,253.9519999999975,253.9519999999975,0.0,True,True,False,False
5424,3099,3099:direct,223.60199999999895,223.60199999999895,0.0,True,True,False,False
5425,3100,3100:storage_in,46.80199999999604,46.80199999999604,0.0,True,True,False,False
5426,3100,3100:storage_out,267.4019999999982,267.4019999999982,0.0,True,True,False,False
5427,3101,3101:storage_in,50.469929999999295,50.469929999999295,0.0,True,True,False,False
5428,3101,3101:storage_out,266.4519999999975,266.4519999999975,0.0,True,True,False,False
5429,3102,3102:direct,188.2019999999975,188.2019999999975,0.0,True,True,False,False
5430,3103,3103:storage_in,54.851999999995314,54.851999999995314,0.0,True,True,False,False
5431,3103,3103:storage_out,213.40199999999822,213.40199999999822,0.0,True,True,False,False
5432,3104,3104:direct,217.20200000000114,217.20200000000114,0.0,True,True,False,False
5433,3105,3105:direct,191.60199999999531,191.60199999999531,0.0,True,True,False,False
5434,3106,3106:direct,201.00199999999677,201.00199999999677,0.0,True,True,False,False
5435,3107,3107:storage_in,49.00199999999677,49.00199999999677,0.0,True,True,False,False
5436,3107,3107:storage_out,200.2019999999975,200.2019999999975,0.0,True,True,False,False
5437,3108,3108:storage_in,48.859929999995074,48.859929999995074,0.0,True,True,False,False
5438,3108,3108:storage_out,268.4019999999982,268.4019999999982,0.0,True,True,False,False
5439,3109,3109:direct,201.4019999999946,201.4019999999946,0.0,True,True,False,False
5440,3110,3110:direct,201.6519999999946,201.6519999999946,0.0,True,True,False,False
5441,3111,3111:storage_in,46.80199999999604,46.80199999999604,0.0,True,True,False,False
5442,3111,3111:storage_out,269.4019999999982,269.4019999999982,0.0,True,True,False,False
5443,3112,3112:direct,204.00199999999313,204.00199999999313,0.0,True,True,False,False
5444,3113,3113:storage_in,46.401999999998225,46.401999999998225,0.0,True,True,False,False
5445,3113,3113:storage_out,184.40199999999822,184.40199999999822,0.0,True,True,False,False
5446,3114,3114:storage_in,46.80199999999604,46.80199999999604,0.0,True,True,False,False
5447,3114,3114:storage_out,270.4019999999982,270.4019999999982,0.0,True,True,False,False
5448,3115,3115:direct,201.00199999999677,201.00199999999677,0.0,True,True,False,False
5449,3116,3116:storage_in,50.00199999999677,50.00199999999677,0.0,True,True,False,False
5450,3116,3116:storage_out,235.65199999999822,235.65199999999822,0.0,True,True,False,False
5451,3117,3117:storage_in,45.60199999999895,45.60199999999895,0.0,True,True,False,False
5452,3117,3117:storage_out,232.40199999999822,232.40199999999822,0.0,True,True,False,False
5453,3118,3118:storage_in,46.80199999999604,46.80199999999604,0.0,True,True,False,False
5454,3118,3118:storage_out,285.4519999999975,285.4519999999975,0.0,True,True,False,False
5455,3119,3119:storage_in,49.00199999999677,49.00199999999677,0.0,True,True,False,False
5456,3119,3119:storage_out,154.40199999999822,154.40199999999822,0.0,True,True,False,False
5457,3120,3120:storage_in,46.80199999999604,46.80199999999604,0.0,True,True,False,False
5458,3120,3120:storage_out,252.90199999999822,252.90199999999822,0.0,True,True,False,False
5459,3121,3121:storage_in,53.407439999995404,53.407439999995404,0.0,True,True,False,False
5460,3121,3121:storage_out,286.4519999999975,286.4519999999975,0.0,True,True,False,False
5461,3122,3122:direct,190.00199999999677,190.00199999999677,0.0,True,True,False,False
5462,3123,3123:direct,222.47262000000046,222.47262000000046,0.0,True,True,False,False
5463,3124,3124:storage_in,59.842619999995804,59.842619999995804,0.0,True,True,False,False
5464,3124,3124:storage_out,214.40199999999822,214.40199999999822,0.0,True,True,False,False
5465,3125,3125:direct,217.20200000000114,217.20200000000114,0.0,True,True,False,False
5466,3126,3126:storage_in,49.80199999999604,49.80199999999604,0.0,True,True,False,False
5467,3126,3126:storage_out,158.40199999999822,158.40199999999822,0.0,True,True,False,False
5468,3127,3127:direct,188.2019999999975,188.2019999999975,0.0,True,True,False,False
5469,3128,3128:direct,220.60199999999895,220.60199999999895,0.0,True,True,False,False
5470,3129,3129:direct,201.00199999999677,201.00199999999677,0.0,True,True,False,False
5471,3130,3130:direct,194.528199999997,194.528199999997,0.0,True,True,False,False
5472,3131,3131:direct,201.4019999999946,201.4019999999946,0.0,True,True,False,False
5473,3132,3132:direct,218.5020000000004,218.5020000000004,0.0,True,True,False,False
5474,3133,3133:storage_in,50.151999999998225,50.151999999998225,0.0,True,True,False,False
5475,3133,3133:storage_out,233.90199999999822,233.90199999999822,0.0,True,True,False,False
5476,3134,3134:storage_in,83.89338999999381,83.89338999999381,0.0,True,True,False,False
5477,3134,3134:storage_out,159.40199999999822,159.40199999999822,0.0,True,True,False,False
5478,3135,3135:direct,217.20200000000114,217.20200000000114,0.0,True,True,False,False
5479,3136,3136:storage_in,45.60199999999895,45.60199999999895,0.0,True,True,False,False
5480,3136,3136:storage_out,234.90199999999822,234.90199999999822,0.0,True,True,False,False
5481,3137,3137:direct,204.00199999999313,204.00199999999313,0.0,True,True,False,False
5482,3138,3138:storage_in,49.00199999999677,49.00199999999677,0.0,True,True,False,False
5483,3138,3138:storage_out,267.4519999999975,267.4519999999975,0.0,True,True,False,False
5484,3139,3139:storage_in,65.87498999999661,65.87498999999661,0.0,True,True,False,False
5485,3139,3139:storage_out,185.40199999999822,185.40199999999822,0.0,True,True,False,False
5486,3140,3140:storage_in,48.62684999999692,48.62684999999692,0.0,True,True,False,False
5487,3140,3140:storage_out,274.9019999999982,274.9019999999982,0.0,True,True,False,False
5488,3141,3141:storage_in,52.74304999999731,52.74304999999731,0.0,True,True,False,False
5489,3141,3141:storage_out,236.90199999999822,236.90199999999822,0.0,True,True,False,False
5490,3142,3142:direct,204.00199999999313,204.00199999999313,0.0,True,True,False,False
5491,3143,3143:storage_in,48.52724999999555,48.52724999999555,0.0,True,True,False,False
5492,3143,3143:storage_out,268.4519999999975,268.4519999999975,0.0,True,True,False,False
5493,3144,3144:direct,201.00199999999677,201.00199999999677,0.0,True,True,False,False
5494,3145,3145:storage_in,49.00199999999677,49.00199999999677,0.0,True,True,False,False
5495,3145,3145:storage_out,155.40199999999822,155.40199999999822,0.0,True,True,False,False
5496,3146,3146:direct,217.20200000000114,217.20200000000114,0.0,True,True,False,False
5497,3147,3147:storage_in,49.21244999999544,49.21244999999544,0.0,True,True,False,False
5498,3147,3147:storage_out,276.9019999999982,276.9019999999982,0.0,True,True,False,False
5499,3148,3148:storage_in,64.13811999999598,64.13811999999598,0.0,True,True,False,False
5500,3148,3148:storage_out,186.40199999999822,186.40199999999822,0.0,True,True,False,False
5501,3149,3149:storage_in,49.33694999999716,49.33694999999716,0.0,True,True,False,False
5502,3149,3149:storage_out,238.90199999999822,238.90199999999822,0.0,True,True,False,False
5503,3150,3150:direct,201.4019999999946,201.4019999999946,0.0,True,True,False,False
5504,3151,3151:storage_in,48.11704999999347,48.11704999999347,0.0,True,True,False,False
5505,3151,3151:storage_out,291.9519999999975,291.9519999999975,0.0,True,True,False,False
5506,3152,3152:storage_in,49.00199999999677,49.00199999999677,0.0,True,True,False,False
5507,3152,3152:storage_out,269.4519999999975,269.4519999999975,0.0,True,True,False,False
5508,3153,3153:storage_in,47.05199999999604,47.05199999999604,0.0,True,True,False,False
5509,3153,3153:storage_out,292.9519999999975,292.9519999999975,0.0,True,True,False,False
5510,3154,3154:storage_in,60.90111999999499,60.90111999999499,0.0,True,True,False,False
5511,3154,3154:storage_out,187.40199999999822,187.40199999999822,0.0,True,True,False,False
5512,3155,3155:storage_in,61.59563999999227,61.59563999999227,0.0,True,True,False,False
5513,3155,3155:storage_out,215.40199999999822,215.40199999999822,0.0,True,True,False,False
5514,3156,3156:direct,220.15935999999783,220.15935999999783,0.0,True,True,False,False
5515,3157,3157:storage_in,50.04015999999683,50.04015999999683,0.0,True,True,False,False
5516,3157,3157:storage_out,293.9519999999975,293.9519999999975,0.0,True,True,False,False
5517,3158,3158:storage_in,45.60199999999895,45.60199999999895,0.0,True,True,False,False
5518,3158,3158:storage_out,270.4519999999975,270.4519999999975,0.0,True,True,False,False
5519,3159,3159:storage_in,46.401999999998225,46.401999999998225,0.0,True,True,False,False
5520,3159,3159:storage_out,391.9019999999982,391.9019999999982,0.0,True,True,False,False
5521,3160,3160:storage_in,46.901999999998225,46.901999999998225,0.0,True,True,False,False
5522,3160,3160:storage_out,431.9019999999982,431.9019999999982,0.0,True,True,False,False
5523,3161,3161:storage_in,56.121659999993426,56.121659999993426,0.0,True,True,False,False
5524,3161,3161:storage_out,188.40199999999822,188.40199999999822,0.0,True,True,False,False
5525,3162,3162:storage_in,62.15665999999328,62.15665999999328,0.0,True,True,False,False
5526,3162,3162:storage_out,199.40199999999822,199.40199999999822,0.0,True,True,False,False
5527,3163,3163:direct,221.10199999999895,221.10199999999895,0.0,True,True,False,False
5528,3164,3164:storage_in,54.630209999992076,54.630209999992076,0.0,True,True,False,False
5529,3164,3164:storage_out,153.40199999999822,153.40199999999822,0.0,True,True,False,False
5530,3165,3165:storage_in,60.51241999999547,60.51241999999547,0.0,True,True,False,False
5531,3165,3165:storage_out,200.40199999999822,200.40199999999822,0.0,True,True,False,False
5532,3166,3166:storage_in,45.60199999999895,45.60199999999895,0.0,True,True,False,False
5533,3166,3166:storage_out,393.9019999999982,393.9019999999982,0.0,True,True,False,False
5534,3167,3167:direct,201.4019999999946,201.4019999999946,0.0,True,True,False,False
5535,3168,3168:storage_in,46.401999999998225,46.401999999998225,0.0,True,True,False,False
5536,3168,3168:storage_out,233.9519999999975,233.9519999999975,0.0,True,True,False,False
5537,3169,3169:storage_in,50.85033999999723,50.85033999999723,0.0,True,True,False,False
5538,3169,3169:storage_out,154.40199999999822,154.40199999999822,0.0,True,True,False,False
5539,3170,3170:direct,204.00199999999313,204.00199999999313,0.0,True,True,False,False
5540,3171,3171:direct,201.00199999999677,201.00199999999677,0.0,True,True,False,False
5541,3172,3172:storage_in,49.00199999999677,49.00199999999677,0.0,True,True,False,False
5542,3172,3172:storage_out,394.9019999999982,394.9019999999982,0.0,True,True,False,False
5543,3173,3173:storage_in,53.25199999999313,53.25199999999313,0.0,True,True,False,False
5544,3173,3173:storage_out,162.40199999999822,162.40199999999822,0.0,True,True,False,False
5545,3174,3174:storage_in,45.95999999999185,45.95999999999185,0.0,True,True,False,False
5546,3174,3174:storage_out,251.40199999999822,251.40199999999822,0.0,True,True,False,False
5547,3175,3175:direct,201.4019999999946,201.4019999999946,0.0,True,True,False,False
5548,3176,3176:storage_in,49.40199999999459,49.40199999999459,0.0,True,True,False,False
5549,3176,3176:storage_out,163.40199999999822,163.40199999999822,0.0,True,True,False,False
5550,3177,3177:direct,204.00199999999313,204.00199999999313,0.0,True,True,False,False
5551,3178,3178:storage_in,47.79432999998971,47.79432999998971,0.0,True,True,False,False
5552,3178,3178:storage_out,434.9019999999982,434.9019999999982,0.0,True,True,False,False
5553,3179,3179:storage_in,46.94681999999739,46.94681999999739,0.0,True,True,False,False
5554,3179,3179:storage_out,216.40199999999822,216.40199999999822,0.0,True,True,False,False
5555,3180,3180:storage_in,52.42240999999558,52.42240999999558,0.0,True,True,False,False
5556,3180,3180:storage_out,155.40199999999822,155.40199999999822,0.0,True,True,False,False
5557,3181,3181:direct,217.20200000000114,217.20200000000114,0.0,True,True,False,False
5558,3182,3182:direct,189.00199999999677,189.00199999999677,0.0,True,True,False,False
5559,3183,3183:storage_in,48.30199999999604,48.30199999999604,0.0,True,True,False,False
5560,3183,3183:storage_out,156.40199999999822,156.40199999999822,0.0,True,True,False,False
5561,3184,3184:direct,188.2019999999975,188.2019999999975,0.0,True,True,False,False
5562,3185,3185:storage_in,46.80199999999604,46.80199999999604,0.0,True,True,False,False
5563,3185,3185:storage_out,157.40199999999822,157.40199999999822,0.0,True,True,False,False
5564,3186,3186:direct,191.60199999999531,191.60199999999531,0.0,True,True,False,False
5565,3187,3187:direct,224.35199999999895,224.35199999999895,0.0,True,True,False,False
5566,3188,3188:storage_in,75.4266299999872,75.4266299999872,0.0,True,True,False,False
5567,3188,3188:storage_out,242.40199999999822,242.40199999999822,0.0,True,True,False,False
5568,3189,3189:storage_in,53.45166999999492,53.45166999999492,0.0,True,True,False,False
5569,3189,3189:storage_out,396.9019999999982,396.9019999999982,0.0,True,True,False,False
5570,3190,3190:storage_in,67.20249999999214,67.20249999999214,0.0,True,True,False,False
5571,3190,3190:storage_out,189.40199999999822,189.40199999999822,0.0,True,True,False,False
5572,3191,3191:direct,201.6519999999946,201.6519999999946,0.0,True,True,False,False
5573,3192,3192:direct,221.81157000000167,221.81157000000167,0.0,True,True,False,False
5574,3193,3193:storage_in,71.67657999998846,71.67657999998846,0.0,True,True,False,False
5575,3193,3193:storage_out,240.90199999999822,240.90199999999822,0.0,True,True,False,False
5576,3194,3194:storage_in,45.60199999999895,45.60199999999895,0.0,True,True,False,False
5577,3194,3194:storage_out,397.9019999999982,397.9019999999982,0.0,True,True,False,False
5578,3195,3195:direct,217.20200000000114,217.20200000000114,0.0,True,True,False,False
5579,3196,3196:storage_in,67.99324999998862,67.99324999998862,0.0,True,True,False,False
5580,3196,3196:storage_out,236.65199999999822,236.65199999999822,0.0,True,True,False,False
5581,3197,3197:storage_in,49.00199999999677,49.00199999999677,0.0,True,True,False,False
5582,3197,3197:storage_out,398.9019999999982,398.9019999999982,0.0,True,True,False,False
5583,3198,3198:storage_in,62.350329999993846,62.350329999993846,0.0,True,True,False,False
5584,3198,3198:storage_out,190.40199999999822,190.40199999999822,0.0,True,True,False,False
5585,3199,3199:storage_in,68.5540699999874,68.5540699999874,0.0,True,True,False,False
5586,3199,3199:storage_out,164.40199999999822,164.40199999999822,0.0,True,True,False,False
5587,3200,3200:direct,222.26966000000175,222.26966000000175,0.0,True,True,False,False
5588,3201,3201:direct,218.0020000000004,218.0020000000004,0.0,True,True,False,False
5589,3202,3202:storage_in,69.0937599999852,69.0937599999852,0.0,True,True,False,False
5590,3202,3202:storage_out,195.40199999999822,195.40199999999822,0.0,True,True,False,False
5591,3203,3203:storage_in,49.53479999999399,49.53479999999399,0.0,True,True,False,False
5592,3203,3203:storage_out,280.4019999999982,280.4019999999982,0.0,True,True,False,False
5593,3204,3204:direct,217.20200000000114,217.20200000000114,0.0,True,True,False,False
5594,3205,3205:storage_in,48.55666999999812,48.55666999999812,0.0,True,True,False,False
5595,3205,3205:storage_out,294.9519999999975,294.9519999999975,0.0,True,True,False,False
5596,3206,3206:storage_in,48.64732999999251,48.64732999999251,0.0,True,True,False,False
5597,3206,3206:storage_out,242.40199999999822,242.40199999999822,0.0,True,True,False,False
5598,3207,3207:direct,223.51759999999922,223.51759999999922,0.0,True,True,False,False
5599,3208,3208:storage_in,54.79842999999164,54.79842999999164,0.0,True,True,False,False
5600,3208,3208:storage_out,252.40199999999822,252.40199999999822,0.0,True,True,False,False
5601,3209,3209:direct,218.0020000000004,218.0020000000004,0.0,True,True,False,False
5602,3210,3210:direct,201.50199999999677,201.50199999999677,0.0,True,True,False,False
5603,3211,3211:direct,217.20200000000114,217.20200000000114,0.0,True,True,False,False
5604,3212,3212:direct,220.60199999999895,220.60199999999895,0.0,True,True,False,False
5605,3213,3213:direct,219.0020000000004,219.0020000000004,0.0,True,True,False,False
5606,3214,3214:storage_in,50.691239999985555,50.691239999985555,0.0,True,True,False,False
5607,3214,3214:storage_out,237.65199999999822,237.65199999999822,0.0,True,True,False,False
5608,3215,3215:storage_in,54.101999999995314,54.101999999995314,0.0,True,True,False,False
5609,3215,3215:storage_out,243.40199999999822,243.40199999999822,0.0,True,True,False,False
5610,3216,3216:storage_in,46.401999999998225,46.401999999998225,0.0,True,True,False,False
5611,3216,3216:storage_out,205.40199999999822,205.40199999999822,0.0,True,True,False,False
5612,3217,3217:direct,201.50199999999677,201.50199999999677,0.0,True,True,False,False
5613,3218,3218:direct,207.2157599999955,207.2157599999955,0.0,True,True,False,False
5614,3219,3219:direct,208.6726799999924,208.6726799999924,0.0,True,True,False,False
5615,3220,3220:storage_in,45.60199999999895,45.60199999999895,0.0,True,True,False,False
5616,3220,3220:storage_out,202.90199999999822,202.90199999999822,0.0,True,True,False,False
5617,3221,3221:direct,212.9313199999924,212.9313199999924,0.0,True,True,False,False
5618,3222,3222:storage_in,45.401999999998225,45.401999999998225,0.0,True,True,False,False
5619,3222,3222:storage_out,282.4019999999982,282.4019999999982,0.0,True,True,False,False
5620,3223,3223:storage_in,46.80199999999604,46.80199999999604,0.0,True,True,False,False
5621,3223,3223:storage_out,296.4519999999975,296.4519999999975,0.0,True,True,False,False
5622,3224,3224:storage_in,47.05199999999604,47.05199999999604,0.0,True,True,False,False
5623,3224,3224:storage_out,245.40199999999822,245.40199999999822,0.0,True,True,False,False
5624,3225,3225:storage_in,54.85127999999895,54.85127999999895,0.0,True,True,False,False
5625,3225,3225:storage_out,208.90199999999822,208.90199999999822,0.0,True,True,False,False
5626,3226,3226:storage_in,50.00199999999677,50.00199999999677,0.0,True,True,False,False
5627,3226,3226:storage_out,191.40199999999822,191.40199999999822,0.0,True,True,False,False
5628,3227,3227:direct,209.42457999999897,209.42457999999897,0.0,True,True,False,False
5629,3228,3228:storage_in,51.151999999998225,51.151999999998225,0.0,True,True,False,False
5630,3228,3228:storage_out,193.40199999999822,193.40199999999822,0.0,True,True,False,False
5631,3229,3229:direct,217.20200000000114,217.20200000000114,0.0,True,True,False,False
5632,3230,3230:storage_in,46.401999999998225,46.401999999998225,0.0,True,True,False,False
5633,3230,3230:storage_out,192.40199999999822,192.40199999999822,0.0,True,True,False,False
5634,3231,3231:direct,205.74908999999025,205.74908999999025,0.0,True,True,False,False
5635,3232,3232:storage_in,47.44141999999556,47.44141999999556,0.0,True,True,False,False
5636,3232,3232:storage_out,165.40199999999822,165.40199999999822,0.0,True,True,False,False
5637,3233,3233:direct,203.58798999998908,203.58798999998908,0.0,True,True,False,False
5638,3234,3234:direct,220.60199999999895,220.60199999999895,0.0,True,True,False,False
5639,3235,3235:storage_in,52.601999999995314,52.601999999995314,0.0,True,True,False,False
5640,3235,3235:storage_out,283.4019999999982,283.4019999999982,0.0,True,True,False,False
5641,3236,3236:direct,221.03522999999768,221.03522999999768,0.0,True,True,False,False
5642,3237,3237:direct,217.20200000000114,217.20200000000114,0.0,True,True,False,False
5643,3238,3238:storage_in,46.151999999998225,46.151999999998225,0.0,True,True,False,False
5644,3238,3238:storage_out,284.4019999999982,284.4019999999982,0.0,True,True,False,False
5645,3239,3239:direct,220.60199999999895,220.60199999999895,0.0,True,True,False,False
5646,3240,3240:storage_in,51.55199999999604,51.55199999999604,0.0,True,True,False,False
5647,3240,3240:storage_out,298.4519999999975,298.4519999999975,0.0,True,True,False,False
5648,3241,3241:direct,221.00734999999986,221.00734999999986,0.0,True,True,False,False
5649,3242,3242:direct,217.20200000000114,217.20200000000114,0.0,True,True,False,False
5650,3243,3243:direct,220.60199999999895,220.60199999999895,0.0,True,True,False,False
5651,3244,3244:direct,210.9019999999946,210.9019999999946,0.0,True,True,False,False
5652,3245,3245:storage_in,52.601999999995314,52.601999999995314,0.0,True,True,False,False
5653,3245,3245:storage_out,209.90199999999822,209.90199999999822,0.0,True,True,False,False
5654,3246,3246:storage_in,45.401999999998225,45.401999999998225,0.0,True,True,False,False
5655,3246,3246:storage_out,285.4019999999982,285.4019999999982,0.0,True,True,False,False
5656,3247,3247:storage_in,50.00199999999677,50.00199999999677,0.0,True,True,False,False
5657,3247,3247:storage_out,286.4019999999982,286.4019999999982,0.0,True,True,False,False
5658,3248,3248:direct,201.9019999999946,201.9019999999946,0.0,True,True,False,False
5659,3249,3249:storage_in,55.601999999995314,55.601999999995314,0.0,True,True,False,False
5660,3249,3249:storage_out,287.4019999999982,287.4019999999982,0.0,True,True,False,False
5661,3250,3250:storage_in,45.401999999998225,45.401999999998225,0.0,True,True,False,False
5662,3250,3250:storage_out,232.90199999999822,232.90199999999822,0.0,True,True,False,False
5663,3251,3251:direct,193.70384999999442,193.70384999999442,0.0,True,True,False,False
5664,3252,3252:storage_in,45.60199999999895,45.60199999999895,0.0,True,True,False,False
5665,3252,3252:storage_out,193.40199999999822,193.40199999999822,0.0,True,True,False,False
5666,3253,3253:direct,218.2520000000004,218.2520000000004,0.0,True,True,False,False
5667,3254,3254:storage_in,45.60199999999895,45.60199999999895,0.0,True,True,False,False
5668,3254,3254:storage_out,201.2019999999975,201.2019999999975,0.0,True,True,False,False
5669,3255,3255:direct,201.4019999999946,201.4019999999946,0.0,True,True,False,False
5670,3256,3256:direct,190.4705299999914,190.4705299999914,0.0,True,True,False,False
5671,3257,3257:direct,220.60199999999895,220.60199999999895,0.0,True,True,False,False
5672,3258,3258:storage_in,56.70199999999386,56.70199999999386,0.0,True,True,False,False
5673,3258,3258:storage_out,288.4019999999982,288.4019999999982,0.0,True,True,False,False
5674,3259,3259:direct,189.4019999999946,189.4019999999946,0.0,True,True,False,False
5675,3260,3260:storage_in,47.96315999999206,47.96315999999206,0.0,True,True,False,False
5676,3260,3260:storage_out,289.4019999999982,289.4019999999982,0.0,True,True,False,False
5677,3261,3261:storage_in,61.822929999991175,61.822929999991175,0.0,True,True,False,False
5678,3261,3261:storage_out,205.40199999999822,205.40199999999822,0.0,True,True,False,False
5679,3262,3262:storage_in,52.07629999999699,52.07629999999699,0.0,True,True,False,False
5680,3262,3262:storage_out,256.9019999999982,256.9019999999982,0.0,True,True,False,False
5681,3263,3263:storage_in,58.1959499999939,58.1959499999939,0.0,True,True,False,False
5682,3263,3263:storage_out,217.40199999999822,217.40199999999822,0.0,True,True,False,False
5683,3264,3264:storage_in,46.401999999998225,46.401999999998225,0.0,True,True,False,False
5684,3264,3264:storage_out,202.2019999999975,202.2019999999975,0.0,True,True,False,False
5685,3265,3265:storage_in,48.40954999999667,48.40954999999667,0.0,True,True,False,False
5686,3265,3265:storage_out,399.9019999999982,399.9019999999982,0.0,True,True,False,False
5687,3266,3266:direct,205.9019999999946,205.9019999999946,0.0,True,True,False,False
5688,3267,3267:direct,217.20200000000114,217.20200000000114,0.0,True,True,False,False
5689,3268,3268:storage_in,48.320529999997234,48.320529999997234,0.0,True,True,False,False
5690,3268,3268:storage_out,251.40199999999822,251.40199999999822,0.0,True,True,False,False
5691,3269,3269:direct,220.60199999999895,220.60199999999895,0.0,True,True,False,False
5692,3270,3270:storage_in,49.27629999999408,49.27629999999408,0.0,True,True,False,False
5693,3270,3270:storage_out,439.9019999999982,439.9019999999982,0.0,True,True,False,False
5694,3271,3271:direct,206.11033999999563,206.11033999999563,0.0,True,True,False,False
5695,3272,3272:direct,212.88728999999512,212.88728999999512,0.0,True,True,False,False
5696,3273,3273:direct,218.0020000000004,218.0020000000004,0.0,True,True,False,False
5697,3274,3274:direct,208.42970999999307,208.42970999999307,0.0,True,True,False,False
5698,3275,3275:storage_in,48.55199999999604,48.55199999999604,0.0,True,True,False,False
5699,3275,3275:storage_out,291.4019999999982,291.4019999999982,0.0,True,True,False,False
5700,3276,3276:direct,217.20200000000114,217.20200000000114,0.0,True,True,False,False
5701,3277,3277:direct,220.60199999999895,220.60199999999895,0.0,True,True,False,False
5702,3278,3278:direct,202.90216999999393,202.90216999999393,0.0,True,True,False,False
5703,3279,3279:direct,221.03116999999838,221.03116999999838,0.0,True,True,False,False
5704,3280,3280:storage_in,49.80199999999604,49.80199999999604,0.0,True,True,False,False
5705,3280,3280:storage_out,238.65199999999822,238.65199999999822,0.0,True,True,False,False
5706,3281,3281:direct,217.20200000000114,217.20200000000114,0.0,True,True,False,False
5707,3282,3282:direct,203.55506999999125,203.80506999999125,0.25,True,True,False,False
5708,3283,3283:direct,221.60199999999895,221.60199999999895,0.0,True,True,False,False
5709,3284,3284:storage_in,50.75199999999677,50.75199999999677,0.0,True,True,False,False
5710,3284,3284:storage_out,253.40199999999822,253.40199999999822,0.0,True,True,False,False
5711,3285,3285:direct,218.0020000000004,218.0020000000004,0.0,True,True,False,False
5712,3286,3286:storage_in,46.151999999998225,46.151999999998225,0.0,True,True,False,False
5713,3286,3286:storage_out,440.9019999999982,440.9019999999982,0.0,True,True,False,False
5714,3287,3287:direct,210.50198999999338,204.25199999999313,-6.249990000000253,True,True,False,False
5715,3288,3288:storage_in,52.00199999999677,52.00199999999677,0.0,True,True,False,False
5716,3288,3288:storage_out,181.40199999999822,181.40199999999822,0.0,True,True,False,False
5717,3289,3289:direct,203.50199999999677,203.75199999999677,0.25,True,True,False,False
5718,3290,3290:direct,202.1519999999946,202.4019999999946,0.25,True,True,False,False
5719,3291,3291:storage_in,46.80199999999604,46.80199999999604,0.0,True,True,False,False
5720,3291,3291:storage_out,292.4019999999982,292.4019999999982,0.0,True,True,False,False
5721,3292,3292:direct,204.00199999999313,204.00199999999313,0.0,True,True,False,False
5722,3293,3293:storage_in,54.95662999999695,54.95662999999695,0.0,True,True,False,False
5723,3293,3293:storage_out,254.40199999999822,254.40199999999822,0.0,True,True,False,False
5724,3294,3294:storage_in,52.818599999998696,52.818599999998696,0.0,True,True,False,False
5725,3294,3294:storage_out,454.9519999999975,454.9519999999975,0.0,True,True,False,False
5726,3295,3295:storage_in,45.401999999998225,45.401999999998225,0.0,True,True,False,False
5727,3295,3295:storage_out,257.9019999999982,257.9019999999982,0.0,True,True,False,False
5728,3296,3296:storage_in,46.401999999998225,46.401999999998225,0.0,True,True,False,False
5729,3296,3296:storage_out,255.40199999999822,255.40199999999822,0.0,True,True,False,False
5730,3297,3297:storage_in,55.10613999999259,55.10613999999259,0.0,True,True,False,False
5731,3297,3297:storage_out,182.40199999999822,182.40199999999822,0.0,True,True,False,False
5732,3298,3298:direct,220.7520000000004,220.7520000000004,0.0,True,True,False,False
5733,3299,3299:storage_in,297.58500999999524,297.58500999999524,0.0,True,True,False,False
5734,3299,3299:storage_out,233.90199999999822,233.90199999999822,0.0,True,True,False,False
5735,3300,3300:storage_in,45.60199999999895,45.60199999999895,0.0,True,True,False,False
5736,3300,3300:storage_out,256.4019999999982,256.4019999999982,0.0,True,True,False,False
5737,3301,3301:storage_in,278.69697999998607,278.69697999998607,0.0,True,True,False,False
5738,3301,3301:storage_out,195.90199999999822,195.90199999999822,0.0,True,True,False,False
5739,3302,3302:storage_in,45.970689999998285,45.970689999998285,0.0,True,True,False,False
5740,3302,3302:storage_out,309.4519999999975,309.4519999999975,0.0,True,True,False,False
5741,3303,3303:direct,204.50199999999313,204.50199999999313,0.0,True,True,False,False
5742,3304,3304:storage_in,49.287649999994755,49.287649999994755,0.0,True,True,False,False
5743,3304,3304:storage_out,402.9019999999982,402.9019999999982,0.0,True,True,False,False
5744,3305,3305:storage_in,48.96433999999863,48.96433999999863,0.0,True,True,False,False
5745,3305,3305:storage_out,183.40199999999822,183.40199999999822,0.0,True,True,False,False
5746,3306,3306:storage_in,318.76870999999664,318.76870999999664,0.0,True,True,False,False
5747,3306,3306:storage_out,167.40199999999822,167.40199999999822,0.0,True,True,False,False
5748,3307,3307:storage_in,92.9952899999953,92.9952899999953,0.0,True,True,False,False
5749,3307,3307:storage_out,258.9019999999982,258.9019999999982,0.0,True,True,False,False
5750,3308,3308:direct,206.55199999999604,206.55199999999604,0.0,True,True,False,False
5751,3309,3309:storage_in,279.83350999999675,279.83350999999675,0.0,True,True,False,False
5752,3309,3309:storage_out,196.90199999999822,196.90199999999822,0.0,True,True,False,False
5753,3310,3310:storage_in,241.48314999998547,241.48314999998547,0.0,True,True,False,False
5754,3310,3310:storage_out,184.40199999999822,184.40199999999822,0.0,True,True,False,False
5755,3311,3311:direct,201.4019999999946,201.4019999999946,0.0,True,True,False,False
5756,3312,3312:storage_in,48.96901999999682,48.96901999999682,0.0,True,True,False,False
5757,3312,3312:storage_out,442.9019999999982,442.9019999999982,0.0,True,True,False,False
5758,3313,3313:direct,201.00199999999677,201.00199999999677,0.0,True,True,False,False
5759,3314,3314:storage_in,55.06624000000011,55.06624000000011,0.0,True,True,False,False
5760,3314,3314:storage_out,310.4519999999975,310.4519999999975,0.0,True,True,False,False
5761,3315,3315:storage_in,209.6809399999911,209.6809399999911,0.0,True,True,False,False
5762,3315,3315:storage_out,194.40199999999822,194.40199999999822,0.0,True,True,False,False
5763,3316,3316:direct,217.20200000000114,217.20200000000114,0.0,True,True,False,False
5764,3317,3317:storage_in,80.5989499999996,80.5989499999996,0.0,True,True,False,False
5765,3317,3317:storage_out,404.9019999999982,404.9019999999982,0.0,True,True,False,False
5766,3318,3318:storage_in,77.02328999999372,77.02328999999372,0.0,True,True,False,False
5767,3318,3318:storage_out,145.40199999999822,145.40199999999822,0.0,True,True,False,False
5768,3319,3319:storage_in,233.99577999998655,233.99577999998655,0.0,True,True,False,False
5769,3319,3319:storage_out,237.4519999999975,237.4519999999975,0.0,True,True,False,False
5770,3320,3320:storage_in,46.401999999998225,46.401999999998225,0.0,True,True,False,False
5771,3320,3320:storage_out,272.9519999999975,272.9519999999975,0.0,True,True,False,False
5772,3321,3321:storage_in,290.502999999997,290.502999999997,0.0,True,True,False,False
5773,3321,3321:storage_out,197.90199999999822,197.90199999999822,0.0,True,True,False,False
5774,3322,3322:storage_in,54.78031999999803,54.78031999999803,0.0,True,True,False,False
5775,3322,3322:storage_out,311.4519999999975,311.4519999999975,0.0,True,True,False,False
5776,3323,3323:storage_in,80.59529999999722,80.59529999999722,0.0,True,True,False,False
5777,3323,3323:storage_out,444.9019999999982,444.9019999999982,0.0,True,True,False,False
5778,3324,3324:storage_in,57.65401999999813,57.65401999999813,0.0,True,True,False,False
5779,3324,3324:storage_out,215.40199999999822,215.40199999999822,0.0,True,True,False,False
5780,3325,3325:storage_in,80.14689999999973,80.14689999999973,0.0,True,True,False,False
5781,3325,3325:storage_out,458.9519999999975,458.9519999999975,0.0,True,True,False,False
5782,3326,3326:storage_in,45.60199999999895,45.60199999999895,0.0,True,True,False,False
5783,3326,3326:storage_out,312.4519999999975,312.4519999999975,0.0,True,True,False,False
5784,3327,3327:storage_in,288.8362799999959,288.8362799999959,0.0,True,True,False,False
5785,3327,3327:storage_out,198.90199999999822,198.90199999999822,0.0,True,True,False,False
5786,3328,3328:direct,220.0635399999992,220.0635399999992,0.0,True,True,False,False
5787,3329,3329:direct,201.80199999999604,201.80199999999604,0.0,True,True,False,False
5788,3330,3330:storage_in,45.60199999999895,45.60199999999895,0.0,True,True,False,False
5789,3330,3330:storage_out,216.40199999999822,216.40199999999822,0.0,True,True,False,False
5790,3331,3331:storage_in,53.061879999993835,53.061879999993835,0.0,True,True,False,False
5791,3331,3331:storage_out,313.4519999999975,313.4519999999975,0.0,True,True,False,False
5792,3332,3332:storage_in,62.13204999999289,62.13204999999289,0.0,True,True,False,False
5793,3332,3332:storage_out,217.40199999999822,217.40199999999822,0.0,True,True,False,False
5794,3333,3333:storage_in,247.60961999999563,247.60961999999563,0.0,True,True,False,False
5795,3333,3333:storage_out,252.7019999999975,252.7019999999975,0.0,True,True,False,False
5796,3334,3334:storage_in,49.50199999999677,49.50199999999677,0.0,True,True,False,False
5797,3334,3334:storage_out,314.4519999999975,314.4519999999975,0.0,True,True,False,False
5798,3335,3335:storage_in,45.60199999999895,45.60199999999895,0.0,True,True,False,False
5799,3335,3335:storage_out,199.90199999999822,199.90199999999822,0.0,True,True,False,False
5800,3336,3336:direct,205.75199999999313,205.75199999999313,0.0,True,True,False,False
5801,3337,3337:storage_in,76.34688999999707,76.34688999999707,0.0,True,True,False,False
5802,3337,3337:storage_out,273.9519999999975,273.9519999999975,0.0,True,True,False,False
5803,3338,3338:storage_in,45.60199999999895,45.60199999999895,0.0,True,True,False,False
5804,3338,3338:storage_out,315.4519999999975,315.4519999999975,0.0,True,True,False,False
5805,3339,3339:direct,221.36419999999998,221.36419999999998,0.0,True,True,False,False
5806,3340,3340:storage_in,243.74604999999428,243.74604999999428,0.0,True,True,False,False
5807,3340,3340:storage_out,239.65199999999822,239.65199999999822,0.0,True,True,False,False
5808,3341,3341:storage_in,62.65199999999095,62.65199999999095,0.0,True,True,False,False
5809,3341,3341:storage_out,207.40199999999822,207.40199999999822,0.0,True,True,False,False
5810,3342,3342:direct,201.4019999999946,201.4019999999946,0.0,True,True,False,False
5811,3343,3343:direct,236.1806800000013,236.1806800000013,0.0,True,True,False,False
5812,3344,3344:storage_in,55.14687999999296,55.14687999999296,0.0,True,True,False,False
5813,3344,3344:storage_out,316.4519999999975,316.4519999999975,0.0,True,True,False,False
5814,3345,3345:storage_in,48.151999999998225,48.151999999998225,0.0,True,True,False,False
5815,3345,3345:storage_out,195.40199999999822,195.40199999999822,0.0,True,True,False,False
5816,3346,3346:storage_in,244.31158999999388,244.31158999999388,0.0,True,True,False,False
5817,3346,3346:storage_out,240.65199999999822,240.65199999999822,0.0,True,True,False,False
5818,3347,3347:storage_in,221.5957999999846,221.5957999999846,0.0,True,True,False,False
5819,3347,3347:storage_out,238.4519999999975,238.4519999999975,0.0,True,True,False,False
5820,3348,3348:storage_in,49.8802499999947,49.8802499999947,0.0,True,True,False,False
5821,3348,3348:storage_out,274.9519999999975,274.9519999999975,0.0,True,True,False,False
5822,3349,3349:storage_in,45.60199999999895,45.60199999999895,0.0,True,True,False,False
5823,3349,3349:storage_out,196.40199999999822,196.40199999999822,0.0,True,True,False,False
5824,3350,3350:storage_in,45.967390000001615,45.967390000001615,0.0,True,True,False,False
5825,3350,3350:storage_out,275.9519999999975,275.9519999999975,0.0,True,True,False,False
5826,3351,3351:storage_in,79.86206999999558,79.86206999999558,0.0,True,True,False,False
5827,3351,3351:storage_out,262.4019999999982,262.4019999999982,0.0,True,True,False,False
5828,3352,3352:storage_in,51.94913999998971,51.94913999998971,0.0,True,True,False,False
5829,3352,3352:storage_out,317.4519999999975,317.4519999999975,0.0,True,True,False,False
5830,3353,3353:storage_in,77.23721999999543,77.23721999999543,0.0,True,True,False,False
5831,3353,3353:storage_out,263.4019999999982,263.4019999999982,0.0,True,True,False,False
5832,3354,3354:direct,188.2019999999975,188.2019999999975,0.0,True,True,False,False
5833,3355,3355:storage_in,60.72469999999521,60.72469999999521,0.0,True,True,False,False
5834,3355,3355:storage_out,445.9019999999982,445.9019999999982,0.0,True,True,False,False
5835,3356,3356:direct,218.5903199999957,218.5903199999957,0.0,True,True,False,False
5836,3357,3357:storage_in,50.00199999999677,50.00199999999677,0.0,True,True,False,False
5837,3357,3357:storage_out,407.9019999999982,407.9019999999982,0.0,True,True,False,False
5838,3358,3358:direct,201.4019999999946,201.4019999999946,0.0,True,True,False,False
5839,3359,3359:storage_in,45.60199999999895,45.60199999999895,0.0,True,True,False,False
5840,3359,3359:storage_out,277.4519999999975,277.4519999999975,0.0,True,True,False,False
5841,3360,3360:storage_in,57.50154999999722,57.50154999999722,0.0,True,True,False,False
5842,3360,3360:storage_out,447.9019999999982,447.9019999999982,0.0,True,True,False,False
5843,3361,3361:storage_in,73.77166999999827,73.77166999999827,0.0,True,True,False,False
5844,3361,3361:storage_out,264.4019999999982,264.4019999999982,0.0,True,True,False,False
5845,3362,3362:storage_in,228.43497999999454,228.43497999999454,0.0,True,True,False,False
5846,3362,3362:storage_out,241.65199999999822,241.65199999999822,0.0,True,True,False,False
5847,3363,3363:storage_in,49.00199999999677,49.00199999999677,0.0,True,True,False,False
5848,3363,3363:storage_out,158.40199999999822,158.40199999999822,0.0,True,True,False,False
5849,3364,3364:storage_in,109.4289199999912,109.4289199999912,0.0,True,True,False,False
5850,3364,3364:storage_out,303.9019999999982,303.9019999999982,0.0,True,True,False,False
5851,3365,3365:direct,204.00199999999313,204.00199999999313,0.0,True,True,False,False
5852,3366,3366:storage_in,67.67685999999594,67.67685999999594,0.0,True,True,False,False
5853,3366,3366:storage_out,265.4019999999982,265.4019999999982,0.0,True,True,False,False
5854,3367,3367:storage_in,273.6835499999943,273.6835499999943,0.0,True,True,False,False
5855,3367,3367:storage_out,194.40199999999822,194.40199999999822,0.0,True,True,False,False
5856,3368,3368:storage_in,47.091239999994286,47.091239999994286,0.0,True,True,False,False
5857,3368,3368:storage_out,448.9019999999982,448.9019999999982,0.0,True,True,False,False
5858,3369,3369:direct,220.60199999999895,220.60199999999895,0.0,True,True,False,False
5859,3370,3370:direct,201.00199999999677,201.00199999999677,0.0,True,True,False,False
5860,3371,3371:direct,218.0020000000004,218.0020000000004,0.0,True,True,False,False
5861,3372,3372:storage_in,52.25199999999677,52.25199999999677,0.0,True,True,False,False
5862,3372,3372:storage_out,449.9019999999982,449.9019999999982,0.0,True,True,False,False
5863,3373,3373:storage_in,46.401999999998225,46.401999999998225,0.0,True,True,False,False
5864,3373,3373:storage_out,279.4519999999975,279.4519999999975,0.0,True,True,False,False
5865,3374,3374:storage_in,94.25469999999405,94.25469999999405,0.0,True,True,False,False
5866,3374,3374:storage_out,266.4019999999982,266.4019999999982,0.0,True,True,False,False
5867,3375,3375:storage_in,45.60199999999895,45.60199999999895,0.0,True,True,False,False
5868,3375,3375:storage_out,255.7019999999975,255.7019999999975,0.0,True,True,False,False
5869,3376,3376:direct,217.83590000000186,217.83590000000186,0.0,True,True,False,False
5870,3377,3377:storage_in,210.9523399999889,210.9523399999889,0.0,True,True,False,False
5871,3377,3377:storage_out,242.65199999999822,242.65199999999822,0.0,True,True,False,False
5872,3378,3378:storage_in,46.401999999998225,46.401999999998225,0.0,True,True,False,False
5873,3378,3378:storage_out,265.9019999999982,265.9019999999982,0.0,True,True,False,False
5874,3379,3379:direct,201.00199999999677,201.00199999999677,0.0,True,True,False,False
5875,3380,3380:storage_in,188.62652999998318,188.62652999998318,0.0,True,True,False,False
5876,3380,3380:storage_out,185.90199999999822,185.90199999999822,0.0,True,True,False,False
5877,3381,3381:direct,204.00199999999313,204.00199999999313,0.0,True,True,False,False
5878,3382,3382:storage_in,91.54659999999058,91.54659999999058,0.0,True,True,False,False
5879,3382,3382:storage_out,305.9019999999982,305.9019999999982,0.0,True,True,False,False
5880,3383,3383:storage_in,262.8853699999927,262.8853699999927,0.0,True,True,False,False
5881,3383,3383:storage_out,154.40199999999822,154.40199999999822,0.0,True,True,False,False
5882,3384,3384:storage_in,246.4187499999971,246.4187499999971,0.0,True,True,False,False
5883,3384,3384:storage_out,247.40199999999822,247.40199999999822,0.0,True,True,False,False
5884,3385,3385:storage_in,253.19218999999794,253.19218999999794,0.0,True,True,False,False
5885,3385,3385:storage_out,159.40199999999822,159.40199999999822,0.0,True,True,False,False
5886,3386,3386:direct,188.2019999999975,188.2019999999975,0.0,True,True,False,False
5887,3387,3387:storage_in,153.68092999999135,153.68092999999135,0.0,True,True,False,False
5888,3387,3387:storage_out,218.40199999999822,218.40199999999822,0.0,True,True,False,False
5889,3388,3388:storage_in,189.09672999999748,189.09672999999748,0.0,True,True,False,False
5890,3388,3388:storage_out,186.90199999999822,186.90199999999822,0.0,True,True,False,False
5891,3389,3389:direct,220.60199999999895,220.60199999999895,0.0,True,True,False,False
5892,3390,3390:storage_in,84.67638999999326,84.67638999999326,0.0,True,True,False,False
5893,3390,3390:storage_out,267.4019999999982,267.4019999999982,0.0,True,True,False,False
5894,3391,3391:storage_in,64.53291999999419,64.53291999999419,0.0,True,True,False,False
5895,3391,3391:storage_out,187.90199999999822,187.90199999999822,0.0,True,True,False,False
5896,3392,3392:direct,194.6687099999981,194.6687099999981,0.0,True,True,False,False
5897,3393,3393:storage_in,259.8373299999912,259.8373299999912,0.0,True,True,False,False
5898,3393,3393:storage_out,146.40199999999822,146.40199999999822,0.0,True,True,False,False
5899,3394,3394:storage_in,54.55744999999661,54.55744999999661,0.0,True,True,False,False
5900,3394,3394:storage_out,281.4519999999975,281.4519999999975,0.0,True,True,False,False
5901,3395,3395:direct,195.51618999999482,195.51618999999482,0.0,True,True,False,False
5902,3396,3396:direct,193.00199999999677,193.00199999999677,0.0,True,True,False,False
5903,3397,3397:direct,204.00199999999313,204.00199999999313,0.0,True,True,False,False
5904,3398,3398:direct,247.80329999999958,247.80329999999958,0.0,True,True,False,False
5905,3399,3399:direct,217.20200000000114,217.20200000000114,0.0,True,True,False,False
5906,3400,3400:direct,217.63853999999992,217.63853999999992,0.0,True,True,False,False
5907,3401,3401:storage_in,45.60199999999895,45.60199999999895,0.0,True,True,False,False
5908,3401,3401:storage_out,203.90199999999822,203.90199999999822,0.0,True,True,False,False
5909,3402,3402:storage_in,56.05417999999554,56.05417999999554,0.0,True,True,False,False
5910,3402,3402:storage_out,282.4519999999975,282.4519999999975,0.0,True,True,False,False
5911,3403,3403:direct,224.99068999999872,224.99068999999872,0.0,True,True,False,False
5912,3404,3404:direct,238.87005000000136,238.87005000000136,0.0,True,True,False,False
5913,3405,3405:direct,201.4019999999946,201.4019999999946,0.0,True,True,False,False
5914,3406,3406:direct,221.75282999999763,221.75282999999763,0.0,True,True,False,False
5915,3407,3407:direct,223.42407999999705,223.42407999999705,0.0,True,True,False,False
5916,3408,3408:direct,203.30199999999604,203.30199999999604,0.0,True,True,False,False
5917,3409,3409:direct,201.00199999999677,201.00199999999677,0.0,True,True,False,False
5918,3410,3410:direct,238.80331999999908,238.80331999999908,0.0,True,True,False,False
5919,3411,3411:direct,217.20200000000114,217.20200000000114,0.0,True,True,False,False
5920,3412,3412:storage_in,45.85199999999895,45.85199999999895,0.0,True,True,False,False
5921,3412,3412:storage_out,319.9519999999975,319.9519999999975,0.0,True,True,False,False
5922,3413,3413:direct,222.4392499999958,222.4392499999958,0.0,True,True,False,False
5923,3414,3414:storage_in,53.65668000000005,53.65668000000005,0.0,True,True,False,False
5924,3414,3414:storage_out,267.9019999999982,267.9019999999982,0.0,True,True,False,False
5925,3415,3415:direct,201.4019999999946,201.4019999999946,0.0,True,True,False,False
5926,3416,3416:storage_in,47.350949999992736,47.350949999992736,0.0,True,True,False,False
5927,3416,3416:storage_out,270.4519999999975,270.4519999999975,0.0,True,True,False,False
5928,3417,3417:direct,204.00199999999313,204.00199999999313,0.0,True,True,False,False
5929,3418,3418:storage_in,47.442459999991115,47.442459999991115,0.0,True,True,False,False
5930,3418,3418:storage_out,160.40199999999822,160.40199999999822,0.0,True,True,False,False
5931,3419,3419:direct,204.00199999999313,204.00199999999313,0.0,True,True,False,False
5932,3420,3420:storage_in,53.50485999999728,53.50485999999728,0.0,True,True,False,False
5933,3420,3420:storage_out,155.40199999999822,155.40199999999822,0.0,True,True,False,False
5934,3421,3421:direct,217.20200000000114,217.20200000000114,0.0,True,True,False,False
5935,3422,3422:direct,189.00199999999677,189.00199999999677,0.0,True,True,False,False
5936,3423,3423:storage_in,57.53506999999445,57.53506999999445,0.0,True,True,False,False
5937,3423,3423:storage_out,450.9019999999982,450.9019999999982,0.0,True,True,False,False
5938,3424,3424:storage_in,49.75199999999677,49.75199999999677,0.0,True,True,False,False
5939,3424,3424:storage_out,271.4519999999975,271.4519999999975,0.0,True,True,False,False
5940,3425,3425:storage_in,45.60199999999895,45.60199999999895,0.0,True,True,False,False
5941,3425,3425:storage_out,412.9019999999982,412.9019999999982,0.0,True,True,False,False
5942,3426,3426:storage_in,54.41892999999618,54.41892999999618,0.0,True,True,False,False
5943,3426,3426:storage_out,452.9019999999982,452.9019999999982,0.0,True,True,False,False
5944,3427,3427:storage_in,63.05133999999816,63.05133999999816,0.0,True,True,False,False
5945,3427,3427:storage_out,307.9019999999982,307.9019999999982,0.0,True,True,False,False
5946,3428,3428:storage_in,45.60199999999895,45.60199999999895,0.0,True,True,False,False
5947,3428,3428:storage_out,197.40199999999822,197.40199999999822,0.0,True,True,False,False
5948,3429,3429:direct,218.0020000000004,218.0020000000004,0.0,True,True,False,False
5949,3430,3430:storage_in,51.62555999999677,51.62555999999677,0.0,True,True,False,False
5950,3430,3430:storage_out,453.9019999999982,453.9019999999982,0.0,True,True,False,False
5951,3431,3431:storage_in,55.738439999997354,55.738439999997354,0.0,True,True,False,False
5952,3431,3431:storage_out,308.9019999999982,308.9019999999982,0.0,True,True,False,False
5953,3432,3432:direct,220.60199999999895,220.60199999999895,0.0,True,True,False,False
5954,3433,3433:storage_in,54.101999999995314,54.101999999995314,0.0,True,True,False,False
5955,3433,3433:storage_out,454.9019999999982,454.9019999999982,0.0,True,True,False,False
5956,3434,3434:storage_in,101.99803999999494,101.99803999999494,0.0,True,True,False,False
5957,3434,3434:storage_out,309.9019999999982,309.9019999999982,0.0,True,True,False,False
5958,3435,3435:direct,201.00199999999677,201.00199999999677,0.0,True,True,False,False
5959,3436,3436:storage_in,51.851999999995314,51.851999999995314,0.0,True,True,False,False
5960,3436,3436:storage_out,310.9019999999982,310.9019999999982,0.0,True,True,False,False
5961,3437,3437:storage_in,80.52636999999595,80.50819999999658,-0.01816999999937252,True,True,False,False
5962,3437,3437:storage_out,455.9019999999982,455.9019999999982,0.0,True,True,False,False
5963,3438,3438:direct,217.20200000000114,217.20200000000114,0.0,True,True,False,False
5964,3439,3439:direct,201.4019999999946,201.4019999999946,0.0,True,True,False,False
5965,3440,3440:storage_in,211.5007999999907,211.5007999999907,0.0,True,True,False,False
5966,3440,3440:storage_out,184.40199999999822,184.40199999999822,0.0,True,True,False,False
5967,3441,3441:storage_in,49.00199999999677,49.00199999999677,0.0,True,True,False,False
5968,3441,3441:storage_out,198.40199999999822,198.40199999999822,0.0,True,True,False,False
5969,3442,3442:direct,204.00199999999313,204.00199999999313,0.0,True,True,False,False
5970,3443,3443:storage_in,87.65675999999803,87.65675999999803,0.0,True,True,False,False
5971,3443,3443:storage_out,456.9019999999982,456.9019999999982,0.0,True,True,False,False
5972,3444,3444:storage_in,51.528229999996256,51.528229999996256,0.0,True,True,False,False
5973,3444,3444:storage_out,204.90199999999822,204.90199999999822,0.0,True,True,False,False
5974,3445,3445:storage_in,51.851999999995314,51.851999999995314,0.0,True,True,False,False
5975,3445,3445:storage_out,257.9519999999975,257.9519999999975,0.0,True,True,False,False
5976,3446,3446:storage_in,49.38047999999617,49.38047999999617,0.0,True,True,False,False
5977,3446,3446:storage_out,240.9519999999975,240.9519999999975,0.0,True,True,False,False
5978,3447,3447:storage_in,97.3440099999898,97.3440099999898,0.0,True,True,False,False
5979,3447,3447:storage_out,199.40199999999822,199.40199999999822,0.0,True,True,False,False
5980,3448,3448:storage_in,99.41058999998859,99.41058999998859,0.0,True,True,False,False
5981,3448,3448:storage_out,219.40199999999822,219.40199999999822,0.0,True,True,False,False
5982,3449,3449:storage_in,45.60199999999895,45.60199999999895,0.0,True,True,False,False
5983,3449,3449:storage_out,200.40199999999822,200.40199999999822,0.0,True,True,False,False
5984,3450,3450:storage_in,67.60494999999355,67.60494999999355,0.0,True,True,False,False
5985,3450,3450:storage_out,203.2019999999975,203.2019999999975,0.0,True,True,False,False
5986,3451,3451:storage_in,45.60199999999895,45.60199999999895,0.0,True,True,False,False
5987,3451,3451:storage_out,201.40199999999822,201.40199999999822,0.0,True,True,False,False
5988,3452,3452:storage_in,83.60877999999866,83.60877999999866,0.0,True,True,False,False
5989,3452,3452:storage_out,457.9019999999982,457.9019999999982,0.0,True,True,False,False
5990,3453,3453:storage_in,57.95922999999675,57.95922999999675,0.0,True,True,False,False
5991,3453,3453:storage_out,202.40199999999822,202.40199999999822,0.0,True,True,False,False
5992,3454,3454:direct,224.66879999999946,224.66879999999946,0.0,True,True,False,False
5993,3455,3455:storage_in,83.73202999999558,83.73202999999558,0.0,True,True,False,False
5994,3455,3455:storage_out,268.9019999999982,268.9019999999982,0.0,True,True,False,False
5995,3456,3456:storage_in,85.19165999999313,85.19165999999313,0.0,True,True,False,False
5996,3456,3456:storage_out,458.9019999999982,458.9019999999982,0.0,True,True,False,False
5997,3457,3457:storage_in,56.4527199999975,56.4527199999975,0.0,True,True,False,False
5998,3457,3457:storage_out,203.40199999999822,203.40199999999822,0.0,True,True,False,False
5999,3458,3458:storage_in,45.60199999999895,45.60199999999895,0.0,True,True,False,False
6000,3458,3458:storage_out,324.9519999999975,324.9519999999975,0.0,True,True,False,False
6001,3459,3459:direct,221.0020000000004,221.0020000000004,0.0,True,True,False,False
6002,3460,3460:storage_in,79.61385999999766,79.61385999999766,0.0,True,True,False,False
6003,3460,3460:storage_out,459.9019999999982,459.9019999999982,0.0,True,True,False,False
6004,3461,3461:storage_in,45.60199999999895,45.60199999999895,0.0,True,True,False,False
6005,3461,3461:storage_out,209.40199999999822,209.40199999999822,0.0,True,True,False,False
6006,3462,3462:direct,220.85199999999895,220.85199999999895,0.0,True,True,False,False
6007,3463,3463:storage_in,45.60199999999895,45.60199999999895,0.0,True,True,False,False
6008,3463,3463:storage_out,272.4519999999975,272.4519999999975,0.0,True,True,False,False
6009,3464,3464:direct,201.4019999999946,201.4019999999946,0.0,True,True,False,False
6010,3465,3465:storage_in,52.447879999996076,52.447879999996076,0.0,True,True,False,False
6011,3465,3465:storage_out,204.40199999999822,204.40199999999822,0.0,True,True,False,False
6012,3466,3466:storage_in,83.59981999999218,83.59981999999218,0.0,True,True,False,False
6013,3466,3466:storage_out,311.9019999999982,311.9019999999982,0.0,True,True,False,False
6014,3467,3467:storage_in,52.8115299999954,52.8115299999954,0.0,True,True,False,False
6015,3467,3467:storage_out,273.4519999999975,273.4519999999975,0.0,True,True,False,False
6016,3468,3468:storage_in,52.101999999995314,52.101999999995314,0.0,True,True,False,False
6017,3468,3468:storage_out,205.90199999999822,205.90199999999822,0.0,True,True,False,False
6018,3469,3469:direct,217.20200000000114,217.20200000000114,0.0,True,True,False,False
6019,3470,3470:storage_in,127.07319999999527,127.07319999999527,0.0,True,True,False,False
6020,3470,3470:storage_out,188.90199999999822,188.90199999999822,0.0,True,True,False,False
6021,3471,3471:storage_in,74.11488999999347,74.11488999999347,0.0,True,True,False,False
6022,3471,3471:storage_out,460.9019999999982,460.9019999999982,0.0,True,True,False,False
6023,3472,3472:direct,204.00199999999313,204.00199999999313,0.0,True,True,False,False
6024,3473,3473:direct,221.60199999999895,221.60199999999895,0.0,True,True,False,False
6025,3474,3474:storage_in,45.60199999999895,45.60199999999895,0.0,True,True,False,False
6026,3474,3474:storage_out,273.9019999999982,273.9019999999982,0.0,True,True,False,False
6027,3475,3475:direct,221.03557999999612,221.03557999999612,0.0,True,True,False,False
6028,3476,3476:direct,217.20200000000114,217.20200000000114,0.0,True,True,False,False
6029,3477,3477:storage_in,49.00199999999677,49.00199999999677,0.0,True,True,False,False
6030,3477,3477:storage_out,220.90199999999822,220.90199999999822,0.0,True,True,False,False
6031,3478,3478:storage_in,51.50199999999677,51.50199999999677,0.0,True,True,False,False
6032,3478,3478:storage_out,422.9019999999982,422.9019999999982,0.0,True,True,False,False
6033,3479,3479:direct,221.57444999999643,221.57444999999643,0.0,True,True,False,False
6034,3480,3480:direct,201.00199999999677,201.00199999999677,0.0,True,True,False,False
6035,3481,3481:storage_in,52.51071999999476,52.51071999999476,0.0,True,True,False,False
6036,3481,3481:storage_out,221.90199999999822,221.90199999999822,0.0,True,True,False,False
6037,3482,3482:storage_in,52.13884999999209,52.13884999999209,0.0,True,True,False,False
6038,3482,3482:storage_out,206.90199999999822,206.90199999999822,0.0,True,True,False,False
6039,3483,3483:storage_in,62.351999999991676,62.351999999991676,0.0,True,True,False,False
6040,3483,3483:storage_out,313.9019999999982,313.9019999999982,0.0,True,True,False,False
6041,3484,3484:direct,220.97982999999658,220.97982999999658,0.0,True,True,False,False
6042,3485,3485:direct,188.2019999999975,188.2019999999975,0.0,True,True,False,False
6043,3486,3486:direct,201.4019999999946,201.4019999999946,0.0,True,True,False,False
6044,3487,3487:storage_in,115.46206999999777,115.46206999999777,0.0,True,True,False,False
6045,3487,3487:storage_out,243.65199999999822,243.65199999999822,0.0,True,True,False,False
6046,3488,3488:direct,201.00199999999677,201.00199999999677,0.0,True,True,False,False
6047,3489,3489:direct,217.20200000000114,217.20200000000114,0.0,True,True,False,False
6048,3490,3490:direct,201.4019999999946,201.4019999999946,0.0,True,True,False,False
6049,3491,3491:direct,204.25199999999313,204.25199999999313,0.0,True,True,False,False
6050,3492,3492:direct,201.00199999999677,201.00199999999677,0.0,True,True,False,False
6051,3493,3493:storage_in,156.68533999999272,156.68533999999272,0.0,True,True,False,False
6052,3493,3493:storage_out,195.40199999999822,195.40199999999822,0.0,True,True,False,False
6053,3494,3494:storage_in,104.02017999998861,104.02017999998861,0.0,True,True,False,False
6054,3494,3494:storage_out,244.65199999999822,244.65199999999822,0.0,True,True,False,False
6055,3495,3495:direct,188.2019999999975,188.2019999999975,0.0,True,True,False,False
6056,3496,3496:direct,204.00199999999313,204.00199999999313,0.0,True,True,False,False
6057,3497,3497:direct,220.60199999999895,220.60199999999895,0.0,True,True,False,False
6058,3498,3498:direct,192.10199999999531,192.10199999999531,0.0,True,True,False,False
6059,3499,3499:direct,224.20066999999835,224.20066999999835,0.0,True,True,False,False
6060,3500,3500:direct,219.0020000000004,219.0020000000004,0.0,True,True,False,False
6061,3501,3501:direct,201.00199999999677,201.00199999999677,0.0,True,True,False,False
6062,3502,3502:storage_in,52.696469999995315,52.696469999995315,0.0,True,True,False,False
6063,3502,3502:storage_out,205.40199999999822,205.40199999999822,0.0,True,True,False,False
6064,3503,3503:storage_in,45.60199999999895,45.60199999999895,0.0,True,True,False,False
6065,3503,3503:storage_out,206.40199999999822,206.40199999999822,0.0,True,True,False,False
6066,3504,3504:storage_in,50.50199999999677,50.50199999999677,0.0,True,True,False,False
6067,3504,3504:storage_out,252.9519999999975,252.9519999999975,0.0,True,True,False,False
6068,3505,3505:direct,201.00199999999677,201.00199999999677,0.0,True,True,False,False
6069,3506,3506:direct,217.20200000000114,217.20200000000114,0.0,True,True,False,False
6070,3507,3507:storage_in,55.84647999999652,55.84647999999652,0.0,True,True,False,False
6071,3507,3507:storage_out,222.90199999999822,222.90199999999822,0.0,True,True,False,False
6072,3508,3508:direct,217.20200000000114,217.20200000000114,0.0,True,True,False,False
6073,3509,3509:direct,201.4019999999946,201.4019999999946,0.0,True,True,False,False
6074,3510,3510:direct,191.86734999999317,191.86734999999317,0.0,True,True,False,False
6075,3511,3511:direct,220.85199999999895,220.85199999999895,0.0,True,True,False,False
6076,3512,3512:direct,204.00199999999313,204.00199999999313,0.0,True,True,False,False
6077,3513,3513:storage_in,49.7610199999981,49.7610199999981,0.0,True,True,False,False
6078,3513,3513:storage_out,283.4519999999975,283.4519999999975,0.0,True,True,False,False
6079,3514,3514:storage_in,45.60199999999895,45.60199999999895,0.0,True,True,False,False
6080,3514,3514:storage_out,207.40199999999822,207.40199999999822,0.0,True,True,False,False
6081,3515,3515:direct,220.2520000000004,220.2520000000004,0.0,True,True,False,False
6082,3516,3516:storage_in,49.00199999999677,49.00199999999677,0.0,True,True,False,False
6083,3516,3516:storage_out,208.40199999999822,208.40199999999822,0.0,True,True,False,False
6084,3517,3517:storage_in,45.60199999999895,45.60199999999895,0.0,True,True,False,False
6085,3517,3517:storage_out,253.9519999999975,253.9519999999975,0.0,True,True,False,False
6086,3518,3518:storage_in,46.401999999998225,46.401999999998225,0.0,True,True,False,False
6087,3518,3518:storage_out,156.40199999999822,156.40199999999822,0.0,True,True,False,False
6088,3519,3519:direct,201.00199999999677,201.00199999999677,0.0,True,True,False,False
6089,3520,3520:storage_in,46.401999999998225,46.401999999998225,0.0,True,True,False,False
6090,3520,3520:storage_out,209.40199999999822,209.40199999999822,0.0,True,True,False,False
6091,3521,3521:direct,201.00199999999677,201.00199999999677,0.0,True,True,False,False
6092,3522,3522:direct,220.60199999999895,220.60199999999895,0.0,True,True,False,False
6093,3523,3523:direct,201.4019999999946,201.4019999999946,0.0,True,True,False,False
6094,3524,3524:storage_in,73.85199999998804,73.85199999998804,0.0,True,True,False,False
6095,3524,3524:storage_out,246.90199999999822,246.90199999999822,0.0,True,True,False,False
6096,3525,3525:direct,221.0353599999944,221.0353599999944,0.0,True,True,False,False
6097,3526,3526:direct,217.20200000000114,217.20200000000114,0.0,True,True,False,False
6098,3527,3527:direct,188.2019999999975,188.2019999999975,0.0,True,True,False,False
6099,3528,3528:direct,220.60199999999895,220.60199999999895,0.0,True,True,False,False
6100,3529,3529:storage_in,45.94535999999789,45.94535999999789,0.0,True,True,False,False
6101,3529,3529:storage_out,223.90199999999822,223.90199999999822,0.0,True,True,False,False
6102,3530,3530:storage_in,66.96872999998595,66.96872999998595,0.0,True,True,False,False
6103,3530,3530:storage_out,247.90199999999822,247.90199999999822,0.0,True,True,False,False
6104,3531,3531:direct,219.0020000000004,219.0020000000004,0.0,True,True,False,False
6105,3532,3532:storage_in,49.00199999999677,49.00199999999677,0.0,True,True,False,False
6106,3532,3532:storage_out,210.40199999999822,210.40199999999822,0.0,True,True,False,False
6107,3533,3533:storage_in,49.75199999999677,49.75199999999677,0.0,True,True,False,False
6108,3533,3533:storage_out,275.9019999999982,275.9019999999982,0.0,True,True,False,False
6109,3534,3534:direct,201.00199999999677,201.00199999999677,0.0,True,True,False,False
6110,3535,3535:storage_in,48.151999999998225,48.151999999998225,0.0,True,True,False,False
6111,3535,3535:storage_out,210.40199999999822,210.40199999999822,0.0,True,True,False,False
6112,3536,3536:storage_in,45.60199999999895,45.60199999999895,0.0,True,True,False,False
6113,3536,3536:storage_out,261.9519999999975,261.9519999999975,0.0,True,True,False,False
6114,3537,3537:direct,201.4019999999946,201.4019999999946,0.0,True,True,False,False
6115,3538,3538:storage_in,50.50199999999677,50.50199999999677,0.0,True,True,False,False
6116,3538,3538:storage_out,315.9019999999982,315.9019999999982,0.0,True,True,False,False
6117,3539,3539:storage_in,55.96494999998686,55.96494999998686,0.0,True,True,False,False
6118,3539,3539:storage_out,245.65199999999822,245.65199999999822,0.0,True,True,False,False
6119,3540,3540:direct,204.75199999999313,204.75199999999313,0.0,True,True,False,False
6120,3541,3541:direct,201.00199999999677,201.00199999999677,0.0,True,True,False,False
6121,3542,3542:direct,188.2019999999975,188.2019999999975,0.0,True,True,False,False
6122,3543,3543:direct,193.97550999999658,193.97550999999658,0.0,True,True,False,False
6123,3544,3544:storage_in,51.00199999999677,51.00199999999677,0.0,True,True,False,False
6124,3544,3544:storage_out,246.65199999999822,246.65199999999822,0.0,True,True,False,False
6125,3545,3545:direct,189.00199999999677,189.00199999999677,0.0,True,True,False,False
6126,3546,3546:direct,204.00199999999313,204.00199999999313,0.0,True,True,False,False
6127,3547,3547:direct,188.2019999999975,188.2019999999975,0.0,True,True,False,False
6128,3548,3548:storage_in,56.851999999995314,56.851999999995314,0.0,True,True,False,False
6129,3548,3548:storage_out,263.9019999999982,263.9019999999982,0.0,True,True,False,False
6130,3549,3549:direct,220.60199999999895,220.60199999999895,0.0,True,True,False,False
6131,3550,3550:storage_in,53.851999999995314,53.851999999995314,0.0,True,True,False,False
6132,3550,3550:storage_out,157.40199999999822,157.40199999999822,0.0,True,True,False,False
6133,3551,3551:direct,220.75910999999905,220.75910999999905,0.0,True,True,False,False
6134,3552,3552:direct,192.09446999999273,192.09446999999273,0.0,True,True,False,False
6135,3553,3553:direct,201.00199999999677,201.00199999999677,0.0,True,True,False,False
6136,3554,3554:storage_in,45.60199999999895,45.60199999999895,0.0,True,True,False,False
6137,3554,3554:storage_out,277.9519999999975,277.9519999999975,0.0,True,True,False,False
6138,3555,3555:direct,188.2019999999975,188.2019999999975,0.0,True,True,False,False
6139,3556,3556:direct,201.4019999999946,201.4019999999946,0.0,True,True,False,False
6140,3557,3557:direct,220.60199999999895,220.60199999999895,0.0,True,True,False,False
6141,3558,3558:storage_in,55.20199999999386,55.20199999999386,0.0,True,True,False,False
6142,3558,3558:storage_out,240.40199999999822,240.40199999999822,0.0,True,True,False,False
6143,3559,3559:direct,192.85199999999531,192.85199999999531,0.0,True,True,False,False
6144,3560,3560:direct,218.0020000000004,218.0020000000004,0.0,True,True,False,False
6145,3561,3561:direct,201.00199999999677,201.00199999999677,0.0,True,True,False,False
6146,3562,3562:direct,217.20200000000114,217.20200000000114,0.0,True,True,False,False
6147,3563,3563:direct,223.67741999999998,223.67741999999998,0.0,True,True,False,False
6148,3564,3564:storage_in,61.50705999999627,61.50705999999627,0.0,True,True,False,False
6149,3564,3564:storage_out,250.40199999999822,250.40199999999822,0.0,True,True,False,False
6150,3565,3565:direct,201.00199999999677,201.00199999999677,0.0,True,True,False,False
6151,3566,3566:direct,218.0020000000004,218.0020000000004,0.0,True,True,False,False
6152,3567,3567:direct,191.00199999999677,191.00199999999677,0.0,True,True,False,False
6153,3568,3568:storage_in,48.901999999998225,48.901999999998225,0.0,True,True,False,False
6154,3568,3568:storage_out,247.65199999999822,247.65199999999822,0.0,True,True,False,False
6155,3569,3569:direct,217.20200000000114,217.20200000000114,0.0,True,True,False,False
6156,3570,3570:storage_in,49.00199999999677,49.00199999999677,0.0,True,True,False,False
6157,3570,3570:storage_out,329.9519999999975,329.9519999999975,0.0,True,True,False,False
6158,3571,3571:direct,220.8642899999977,220.8642899999977,0.0,True,True,False,False
6159,3572,3572:direct,188.2019999999975,188.2019999999975,0.0,True,True,False,False
6160,3573,3573:direct,201.4019999999946,201.4019999999946,0.0,True,True,False,False
6161,3574,3574:direct,217.20200000000114,217.20200000000114,0.0,True,True,False,False
6162,3575,3575:direct,191.60199999999531,191.60199999999531,0.0,True,True,False,False
6163,3576,3576:direct,205.00199999999313,205.00199999999313,0.0,True,True,False,False
6164,3577,3577:direct,220.60199999999895,220.60199999999895,0.0,True,True,False,False
6165,3578,3578:direct,201.4019999999946,201.4019999999946,0.0,True,True,False,False
6166,3579,3579:storage_in,46.567449999995006,46.567449999995006,0.0,True,True,False,False
6167,3579,3579:storage_out,248.90199999999822,248.90199999999822,0.0,True,True,False,False
6168,3580,3580:direct,201.4019999999946,201.4019999999946,0.0,True,True,False,False
6169,3581,3581:storage_in,46.401999999998225,46.401999999998225,0.0,True,True,False,False
6170,3581,3581:storage_out,210.90199999999822,210.90199999999822,0.0,True,True,False,False
6171,3582,3582:storage_in,56.99337999999625,56.99337999999625,0.0,True,True,False,False
6172,3582,3582:storage_out,250.90199999999822,250.90199999999822,0.0,True,True,False,False
6173,3583,3583:direct,188.2019999999975,188.2019999999975,0.0,True,True,False,False
6174,3584,3584:storage_in,45.901999999998225,45.901999999998225,0.0,True,True,False,False
6175,3584,3584:storage_out,186.65199999999822,186.65199999999822,0.0,True,True,False,False
6176,3585,3585:direct,192.60199999999531,192.60199999999531,0.0,True,True,False,False
6177,3586,3586:storage_in,46.401999999998225,46.401999999998225,0.0,True,True,False,False
6178,3586,3586:storage_out,330.9519999999975,330.9519999999975,0.0,True,True,False,False
6179,3587,3587:storage_in,52.25199999999677,52.25199999999677,0.0,True,True,False,False
6180,3587,3587:storage_out,210.90199999999822,210.90199999999822,0.0,True,True,False,False
6181,3588,3588:direct,189.00199999999677,189.00199999999677,0.0,True,True,False,False
6182,3589,3589:storage_in,45.60199999999895,45.60199999999895,0.0,True,True,False,False
6183,3589,3589:storage_out,331.9519999999975,331.9519999999975,0.0,True,True,False,False
6184,3590,3590:direct,204.00199999999313,204.00199999999313,0.0,True,True,False,False
6185,3591,3591:storage_in,49.00199999999677,49.00199999999677,0.0,True,True,False,False
6186,3591,3591:storage_out,332.9519999999975,332.9519999999975,0.0,True,True,False,False
6187,3592,3592:storage_in,54.601999999995314,54.601999999995314,0.0,True,True,False,False
6188,3592,3592:storage_out,248.65199999999822,248.65199999999822,0.0,True,True,False,False
6189,3593,3593:storage_in,48.68540999999459,48.68540999999459,0.0,True,True,False,False
6190,3593,3593:storage_out,333.9519999999975,333.9519999999975,0.0,True,True,False,False
6191,3594,3594:storage_in,45.60199999999895,45.60199999999895,0.0,True,True,False,False
6192,3594,3594:storage_out,212.90199999999822,212.90199999999822,0.0,True,True,False,False
6193,3595,3595:storage_in,45.60199999999895,45.60199999999895,0.0,True,True,False,False
6194,3595,3595:storage_out,334.9519999999975,334.9519999999975,0.0,True,True,False,False
6195,3596,3596:storage_in,49.00199999999677,49.00199999999677,0.0,True,True,False,False
6196,3596,3596:storage_out,225.90199999999822,225.90199999999822,0.0,True,True,False,False
6197,3597,3597:direct,221.04639999999927,221.04639999999927,0.0,True,True,False,False
6198,3598,3598:storage_in,45.401999999998225,45.401999999998225,0.0,True,True,False,False
6199,3598,3598:storage_out,249.65199999999822,249.65199999999822,0.0,True,True,False,False
6200,3599,3599:direct,221.00754999999845,221.00754999999845,0.0,True,True,False,False
6201,3600,3600:direct,201.4019999999946,201.4019999999946,0.0,True,True,False,False
6202,3601,3601:direct,217.20200000000114,217.20200000000114,0.0,True,True,False,False
6203,3602,3602:direct,222.97357999999804,222.97357999999804,0.0,True,True,False,False
6204,3603,3603:direct,189.00199999999677,189.00199999999677,0.0,True,True,False,False
6205,3604,3604:storage_in,45.60199999999895,45.60199999999895,0.0,True,True,False,False
6206,3604,3604:storage_out,226.90199999999822,226.90199999999822,0.0,True,True,False,False
6207,3605,3605:direct,204.00199999999313,204.00199999999313,0.0,True,True,False,False
6208,3606,3606:direct,204.8735999999917,204.8735999999917,0.0,True,True,False,False
6209,3607,3607:direct,218.7520000000004,218.7520000000004,0.0,True,True,False,False
6210,3608,3608:storage_in,49.17517999999836,49.17517999999836,0.0,True,True,False,False
6211,3608,3608:storage_out,241.9519999999975,241.9519999999975,0.0,True,True,False,False
6212,3609,3609:storage_in,45.60199999999895,45.60199999999895,0.0,True,True,False,False
6213,3609,3609:storage_out,224.9519999999975,224.9519999999975,0.0,True,True,False,False
6214,3610,3610:storage_in,49.00199999999677,49.00199999999677,0.0,True,True,False,False
6215,3610,3610:storage_out,227.90199999999822,227.90199999999822,0.0,True,True,False,False
6216,3611,3611:direct,221.05251999999746,221.05251999999746,0.0,True,True,False,False
6217,3612,3612:storage_in,49.449720000000525,49.449720000000525,0.0,True,True,False,False
6218,3612,3612:storage_out,267.9019999999982,267.9019999999982,0.0,True,True,False,False
6219,3613,3613:storage_in,47.901999999998225,47.901999999998225,0.0,True,True,False,False
6220,3613,3613:storage_out,269.9019999999982,269.9019999999982,0.0,True,True,False,False
6221,3614,3614:direct,201.00199999999677,201.00199999999677,0.0,True,True,False,False
6222,3615,3615:direct,201.4019999999946,201.4019999999946,0.0,True,True,False,False
6223,3616,3616:storage_in,46.80199999999604,46.80199999999604,0.0,True,True,False,False
6224,3616,3616:storage_out,268.9019999999982,268.9019999999982,0.0,True,True,False,False
6225,3617,3617:direct,204.00199999999313,204.00199999999313,0.0,True,True,False,False
6226,3618,3618:storage_in,49.80199999999604,49.80199999999604,0.0,True,True,False,False
6227,3618,3618:storage_out,220.40199999999822,220.40199999999822,0.0,True,True,False,False
6228,3619,3619:storage_in,46.401999999998225,46.401999999998225,0.0,True,True,False,False
6229,3619,3619:storage_out,230.90199999999822,230.90199999999822,0.0,True,True,False,False
6230,3620,3620:direct,201.00199999999677,201.00199999999677,0.0,True,True,False,False
6231,3621,3621:direct,188.2019999999975,188.2019999999975,0.0,True,True,False,False
6232,3622,3622:storage_in,46.80199999999604,46.80199999999604,0.0,True,True,False,False
6233,3622,3622:storage_out,221.40199999999822,221.40199999999822,0.0,True,True,False,False
6234,3623,3623:storage_in,50.09768999999869,50.09768999999869,0.0,True,True,False,False
6235,3623,3623:storage_out,231.90199999999822,231.90199999999822,0.0,True,True,False,False
6236,3624,3624:storage_in,46.401999999998225,46.401999999998225,0.0,True,True,False,False
6237,3624,3624:storage_out,242.9519999999975,242.9519999999975,0.0,True,True,False,False
6238,3625,3625:storage_in,50.75199999999677,50.75199999999677,0.0,True,True,False,False
6239,3625,3625:storage_out,321.4019999999982,321.4019999999982,0.0,True,True,False,False
6240,3626,3626:storage_in,48.401999999998225,48.401999999998225,0.0,True,True,False,False
6241,3626,3626:storage_out,232.90199999999822,232.90199999999822,0.0,True,True,False,False
6242,3627,3627:storage_in,45.60199999999895,45.60199999999895,0.0,True,True,False,False
6243,3627,3627:storage_out,263.7019999999975,263.7019999999975,0.0,True,True,False,False
6244,3628,3628:storage_in,49.642149999996036,49.642149999996036,0.0,True,True,False,False
6245,3628,3628:storage_out,196.40199999999822,196.40199999999822,0.0,True,True,False,False
6246,3629,3629:direct,204.00199999999313,204.00199999999313,0.0,True,True,False,False
6247,3630,3630:storage_in,49.00199999999677,49.00199999999677,0.0,True,True,False,False
6248,3630,3630:storage_out,243.9519999999975,243.9519999999975,0.0,True,True,False,False
6249,3631,3631:storage_in,48.59654999999475,48.59654999999475,0.0,True,True,False,False
6250,3631,3631:storage_out,322.4019999999982,322.4019999999982,0.0,True,True,False,False
6251,3632,3632:storage_in,47.401999999998225,47.401999999998225,0.0,True,True,False,False
6252,3632,3632:storage_out,200.7019999999975,200.7019999999975,0.0,True,True,False,False
6253,3633,3633:storage_in,49.77987999999459,49.77987999999459,0.0,True,True,False,False
6254,3633,3633:storage_out,197.40199999999822,197.40199999999822,0.0,True,True,False,False
6255,3634,3634:storage_in,53.75199999999677,53.75199999999677,0.0,True,True,False,False
6256,3634,3634:storage_out,241.40199999999822,241.40199999999822,0.0,True,True,False,False
6257,3635,3635:direct,188.2019999999975,188.2019999999975,0.0,True,True,False,False
6258,3636,3636:direct,201.00199999999677,201.00199999999677,0.0,True,True,False,False
6259,3637,3637:direct,217.45200000000114,217.45200000000114,0.0,True,True,False,False
6260,3638,3638:storage_in,46.80199999999604,46.80199999999604,0.0,True,True,False,False
6261,3638,3638:storage_out,285.9519999999975,285.9519999999975,0.0,True,True,False,False
6262,3639,3639:storage_in,49.00199999999677,49.00199999999677,0.0,True,True,False,False
6263,3639,3639:storage_out,233.90199999999822,233.90199999999822,0.0,True,True,False,False
6264,3640,3640:storage_in,49.25199999999677,49.25199999999677,0.0,True,True,False,False
6265,3640,3640:storage_out,244.9519999999975,244.9519999999975,0.0,True,True,False,False
6266,3641,3641:direct,204.00199999999313,204.00199999999313,0.0,True,True,False,False
6267,3642,3642:storage_in,47.55199999999604,47.55199999999604,0.0,True,True,False,False
6268,3642,3642:storage_out,286.9519999999975,286.9519999999975,0.0,True,True,False,False
6269,3643,3643:storage_in,46.151999999998225,46.151999999998225,0.0,True,True,False,False
6270,3643,3643:storage_out,242.40199999999822,242.40199999999822,0.0,True,True,False,False
6271,3644,3644:storage_in,46.401999999998225,46.401999999998225,0.0,True,True,False,False
6272,3644,3644:storage_out,168.40199999999822,168.40199999999822,0.0,True,True,False,False
6273,3645,3645:storage_in,46.901999999998225,46.901999999998225,0.0,True,True,False,False
6274,3645,3645:storage_out,204.2019999999975,204.2019999999975,0.0,True,True,False,False
6275,3646,3646:storage_in,47.30199999999604,47.30199999999604,0.0,True,True,False,False
6276,3646,3646:storage_out,198.40199999999822,198.40199999999822,0.0,True,True,False,False
6277,3647,3647:storage_in,49.60921999999846,49.60921999999846,0.0,True,True,False,False
6278,3647,3647:storage_out,234.90199999999822,234.90199999999822,0.0,True,True,False,False
6279,3648,3648:direct,201.4019999999946,201.4019999999946,0.0,True,True,False,False
6280,3649,3649:storage_in,45.60199999999895,45.60199999999895,0.0,True,True,False,False
6281,3649,3649:storage_out,264.7019999999975,264.7019999999975,0.0,True,True,False,False
6282,3650,3650:storage_in,48.05199999999604,48.05199999999604,0.0,True,True,False,False
6283,3650,3650:storage_out,222.40199999999822,222.40199999999822,0.0,True,True,False,False
6284,3651,3651:direct,188.2019999999975,188.2019999999975,0.0,True,True,False,False
6285,3652,3652:direct,204.00199999999313,204.00199999999313,0.0,True,True,False,False
6286,3653,3653:storage_in,47.479779999997845,47.479779999997845,0.0,True,True,False,False
6287,3653,3653:storage_out,235.90199999999822,235.90199999999822,0.0,True,True,False,False
6288,3654,3654:storage_in,47.30199999999604,47.30199999999604,0.0,True,True,False,False
6289,3654,3654:storage_out,275.9019999999982,275.9019999999982,0.0,True,True,False,False
6290,3655,3655:storage_in,48.224599999997736,48.224599999997736,0.0,True,True,False,False
6291,3655,3655:storage_out,199.40199999999822,199.40199999999822,0.0,True,True,False,False
6292,3656,3656:storage_in,47.05199999999604,47.05199999999604,0.0,True,True,False,False
6293,3656,3656:storage_out,200.40199999999822,200.40199999999822,0.0,True,True,False,False
6294,3657,3657:direct,191.60199999999531,191.60199999999531,0.0,True,True,False,False
6295,3658,3658:storage_in,49.370929999997315,49.370929999997315,0.0,True,True,False,False
6296,3658,3658:storage_out,265.7019999999975,265.7019999999975,0.0,True,True,False,False
6297,3659,3659:direct,201.00199999999677,201.00199999999677,0.0,True,True,False,False
6298,3660,3660:storage_in,55.95045999999638,55.95045999999638,0.0,True,True,False,False
6299,3660,3660:storage_out,157.40199999999822,157.40199999999822,0.0,True,True,False,False
6300,3661,3661:direct,191.1124299999974,191.1124299999974,0.0,True,True,False,False
6301,3662,3662:storage_in,52.53446999999505,52.53446999999505,0.0,True,True,False,False
6302,3662,3662:storage_out,237.90199999999822,237.90199999999822,0.0,True,True,False,False
6303,3663,3663:storage_in,47.901999999998225,47.901999999998225,0.0,True,True,False,False
6304,3663,3663:storage_out,266.7019999999975,266.7019999999975,0.0,True,True,False,False
6305,3664,3664:storage_in,53.06427999999505,53.06427999999505,0.0,True,True,False,False
6306,3664,3664:storage_out,201.40199999999822,201.40199999999822,0.0,True,True,False,False
6307,3665,3665:storage_in,50.50199999999677,50.50199999999677,0.0,True,True,False,False
6308,3665,3665:storage_out,323.4019999999982,323.4019999999982,0.0,True,True,False,False
6309,3666,3666:storage_in,54.090409999993426,54.090409999993426,0.0,True,True,False,False
6310,3666,3666:storage_out,158.40199999999822,158.40199999999822,0.0,True,True,False,False
6311,3667,3667:storage_in,45.60199999999895,45.60199999999895,0.0,True,True,False,False
6312,3667,3667:storage_out,337.4519999999975,337.4519999999975,0.0,True,True,False,False
6313,3668,3668:direct,201.4019999999946,201.4019999999946,0.0,True,True,False,False
6314,3669,3669:storage_in,50.41358999999284,50.41358999999284,0.0,True,True,False,False
6315,3669,3669:storage_out,198.40199999999822,198.40199999999822,0.0,True,True,False,False
6316,3670,3670:storage_in,48.11313999999402,48.11313999999402,0.0,True,True,False,False
6317,3670,3670:storage_out,238.90199999999822,238.90199999999822,0.0,True,True,False,False
6318,3671,3671:direct,204.00199999999313,204.00199999999313,0.0,True,True,False,False
6319,3672,3672:direct,222.10199999999895,222.10199999999895,0.0,True,True,False,False
6320,3673,3673:storage_in,46.80199999999604,46.80199999999604,0.0,True,True,False,False
6321,3673,3673:storage_out,199.40199999999822,199.40199999999822,0.0,True,True,False,False
6322,3674,3674:storage_in,50.01386999999522,50.01386999999522,0.0,True,True,False,False
6323,3674,3674:storage_out,239.90199999999822,239.90199999999822,0.0,True,True,False,False
6324,3675,3675:direct,201.00199999999677,201.00199999999677,0.0,True,True,False,False
6325,3676,3676:direct,188.2019999999975,188.2019999999975,0.0,True,True,False,False
6326,3677,3677:storage_in,49.58416999999463,49.58416999999463,0.0,True,True,False,False
6327,3677,3677:storage_out,223.40199999999822,223.40199999999822,0.0,True,True,False,False
6328,3678,3678:direct,194.60199999999531,194.60199999999531,0.0,True,True,False,False
6329,3679,3679:direct,218.0020000000004,218.0020000000004,0.0,True,True,False,False
6330,3680,3680:direct,201.4019999999946,201.4019999999946,0.0,True,True,False,False
6331,3681,3681:storage_in,55.970769999996264,55.970769999996264,0.0,True,True,False,False
6332,3681,3681:storage_out,240.90199999999822,240.90199999999822,0.0,True,True,False,False
6333,3682,3682:direct,191.07404999999562,191.07404999999562,0.0,True,True,False,False
6334,3683,3683:direct,204.00199999999313,204.00199999999313,0.0,True,True,False,False
6335,3684,3684:direct,217.20200000000114,217.20200000000114,0.0,True,True,False,False
6336,3685,3685:storage_in,54.62801999999283,54.62801999999283,0.0,True,True,False,False
6337,3685,3685:storage_out,224.40199999999822,224.40199999999822,0.0,True,True,False,False
6338,3686,3686:direct,220.60199999999895,220.60199999999895,0.0,True,True,False,False
6339,3687,3687:storage_in,51.55199999999604,51.55199999999604,0.0,True,True,False,False
6340,3687,3687:storage_out,241.90199999999822,241.90199999999822,0.0,True,True,False,False
6341,3688,3688:direct,188.2019999999975,188.2019999999975,0.0,True,True,False,False
6342,3689,3689:direct,201.00199999999677,201.00199999999677,0.0,True,True,False,False
6343,3690,3690:direct,218.0020000000004,218.0020000000004,0.0,True,True,False,False
6344,3691,3691:direct,201.4019999999946,201.4019999999946,0.0,True,True,False,False
6345,3692,3692:direct,217.20200000000114,217.20200000000114,0.0,True,True,False,False
6346,3693,3693:storage_in,53.351999999995314,53.351999999995314,0.0,True,True,False,False
6347,3693,3693:storage_out,324.4019999999982,324.4019999999982,0.0,True,True,False,False
6348,3694,3694:storage_in,47.86440999999468,47.86440999999468,0.0,True,True,False,False
6349,3694,3694:storage_out,161.40199999999822,161.40199999999822,0.0,True,True,False,False
6350,3695,3695:storage_in,47.42762999999468,47.42762999999468,0.0,True,True,False,False
6351,3695,3695:storage_out,325.4019999999982,325.4019999999982,0.0,True,True,False,False
6352,3696,3696:storage_in,49.00199999999677,49.00199999999677,0.0,True,True,False,False
6353,3696,3696:storage_out,267.7019999999975,267.7019999999975,0.0,True,True,False,False
6354,3697,3697:storage_in,48.05199999999604,48.05199999999604,0.0,True,True,False,False
6355,3697,3697:storage_out,162.40199999999822,162.40199999999822,0.0,True,True,False,False
6356,3698,3698:storage_in,49.69267999999283,49.69267999999283,0.0,True,True,False,False
6357,3698,3698:storage_out,163.40199999999822,163.40199999999822,0.0,True,True,False,False
6358,3699,3699:storage_in,51.00199999999677,51.00199999999677,0.0,True,True,False,False
6359,3699,3699:storage_out,326.4019999999982,326.4019999999982,0.0,True,True,False,False
6360,3700,3700:direct,191.60199999999531,191.60199999999531,0.0,True,True,False,False
6361,3701,3701:storage_in,46.401999999998225,46.401999999998225,0.0,True,True,False,False
6362,3701,3701:storage_out,225.9519999999975,225.9519999999975,0.0,True,True,False,False
6363,3702,3702:direct,204.00199999999313,204.00199999999313,0.0,True,True,False,False
6364,3703,3703:storage_in,51.8789699999943,51.8789699999943,0.0,True,True,False,False
6365,3703,3703:storage_out,203.40199999999822,203.40199999999822,0.0,True,True,False,False
6366,3704,3704:storage_in,49.081279999998515,49.081279999998515,0.0,True,True,False,False
6367,3704,3704:storage_out,294.9519999999975,294.9519999999975,0.0,True,True,False,False
6368,3705,3705:direct,190.25199999999677,190.25199999999677,0.0,True,True,False,False
6369,3706,3706:storage_in,45.60199999999895,45.60199999999895,0.0,True,True,False,False
6370,3706,3706:storage_out,245.9519999999975,245.9519999999975,0.0,True,True,False,False
6371,3707,3707:storage_in,48.151999999998225,48.151999999998225,0.0,True,True,False,False
6372,3707,3707:storage_out,254.15199999999822,254.15199999999822,0.0,True,True,False,False
6373,3708,3708:direct,220.60199999999895,220.60199999999895,0.0,True,True,False,False
6374,3709,3709:direct,220.64686999999685,220.64686999999685,0.0,True,True,False,False
6375,3710,3710:storage_in,46.80199999999604,46.80199999999604,0.0,True,True,False,False
6376,3710,3710:storage_out,242.90199999999822,242.90199999999822,0.0,True,True,False,False
6377,3711,3711:direct,202.33532999999443,202.33532999999443,0.0,True,True,False,False
6378,3712,3712:direct,213.02860999999757,213.02860999999757,0.0,True,True,False,False
6379,3713,3713:storage_in,50.30199999999604,50.30199999999604,0.0,True,True,False,False
6380,3713,3713:storage_out,243.90199999999822,243.90199999999822,0.0,True,True,False,False
6381,3714,3714:direct,188.2019999999975,188.2019999999975,0.0,True,True,False,False
6382,3715,3715:storage_in,46.401999999998225,46.401999999998225,0.0,True,True,False,False
6383,3715,3715:storage_out,246.9519999999975,246.9519999999975,0.0,True,True,False,False
6384,3716,3716:storage_in,52.601999999995314,52.601999999995314,0.0,True,True,False,False
6385,3716,3716:storage_out,252.90199999999822,252.90199999999822,0.0,True,True,False,False
6386,3717,3717:direct,217.20200000000114,217.20200000000114,0.0,True,True,False,False
6387,3718,3718:direct,206.25199999999677,206.25199999999677,0.0,True,True,False,False
6388,3719,3719:direct,220.60199999999895,220.60199999999895,0.0,True,True,False,False
6389,3720,3720:direct,191.60199999999531,191.60199999999531,0.0,True,True,False,False
6390,3721,3721:storage_in,50.50199999999677,50.50199999999677,0.0,True,True,False,False
6391,3721,3721:storage_out,185.40199999999822,185.40199999999822,0.0,True,True,False,False
6392,3722,3722:storage_in,47.401999999998225,47.401999999998225,0.0,True,True,False,False
6393,3722,3722:storage_out,244.90199999999822,244.90199999999822,0.0,True,True,False,False
6394,3723,3723:storage_in,53.601999999995314,53.601999999995314,0.0,True,True,False,False
6395,3723,3723:storage_out,192.40199999999822,192.40199999999822,0.0,True,True,False,False
6396,3724,3724:storage_in,45.901999999998225,45.901999999998225,0.0,True,True,False,False
6397,3724,3724:storage_out,253.90199999999822,253.90199999999822,0.0,True,True,False,False
6398,3725,3725:direct,209.97956999999587,209.97956999999587,0.0,True,True,False,False
6399,3726,3726:direct,219.9133799999945,219.9133799999945,0.0,True,True,False,False
6400,3727,3727:direct,212.80937999999514,212.80937999999514,0.0,True,True,False,False
6401,3728,3728:direct,209.47600999999486,209.47600999999486,0.0,True,True,False,False
6402,3729,3729:direct,217.20200000000114,217.20200000000114,0.0,True,True,False,False
6403,3730,3730:direct,207.02798999999504,207.02798999999504,0.0,True,True,False,False
6404,3731,3731:storage_in,58.38280999999188,58.38280999999188,0.0,True,True,False,False
6405,3731,3731:storage_out,255.15199999999822,255.15199999999822,0.0,True,True,False,False
6406,3732,3732:direct,221.35199999999895,221.35199999999895,0.0,True,True,False,False
6407,3733,3733:direct,202.68295999999464,202.68295999999464,0.0,True,True,False,False
6408,3734,3734:storage_in,49.328679999995074,49.328679999995074,0.0,True,True,False,False
6409,3734,3734:storage_out,247.9519999999975,247.9519999999975,0.0,True,True,False,False
6410,3735,3735:storage_in,48.30199999999604,48.30199999999604,0.0,True,True,False,False
6411,3735,3735:storage_out,245.90199999999822,245.90199999999822,0.0,True,True,False,False
6412,3736,3736:direct,217.20200000000114,217.20200000000114,0.0,True,True,False,False
6413,3737,3737:storage_in,47.30199999999604,47.30199999999604,0.0,True,True,False,False
6414,3737,3737:storage_out,298.9519999999975,298.9519999999975,0.0,True,True,False,False
6415,3738,3738:storage_in,48.16542999999365,48.16542999999365,0.0,True,True,False,False
6416,3738,3738:storage_out,225.40199999999822,225.40199999999822,0.0,True,True,False,False
6417,3739,3739:direct,220.60199999999895,220.60199999999895,0.0,True,True,False,False
6418,3740,3740:direct,205.91069999999308,205.91069999999308,0.0,True,True,False,False
6419,3741,3741:storage_in,48.637629999993806,48.637629999993806,0.0,True,True,False,False
6420,3741,3741:storage_out,202.40199999999822,202.40199999999822,0.0,True,True,False,False
6421,3742,3742:direct,218.5020000000004,218.5020000000004,0.0,True,True,False,False
6422,3743,3743:direct,217.28754999999364,217.28754999999364,0.0,True,True,False,False
6423,3744,3744:direct,222.32358999999633,222.32358999999633,0.0,True,True,False,False
6424,3745,3745:direct,218.50198999999338,218.50198999999338,0.0,True,True,False,False
6425,3746,3746:direct,210.43541999999434,210.43541999999434,0.0,True,True,False,False
6426,3747,3747:direct,212.85199999999168,212.85199999999168,0.0,True,True,False,False
6427,3748,3748:storage_in,50.00199999999677,50.00199999999677,0.0,True,True,False,False
6428,3748,3748:storage_out,197.40199999999822,197.40199999999822,0.0,True,True,False,False
6429,3749,3749:storage_in,45.60199999999895,45.60199999999895,0.0,True,True,False,False
6430,3749,3749:storage_out,212.40199999999822,212.40199999999822,0.0,True,True,False,False
6431,3750,3750:storage_in,55.601999999995314,55.601999999995314,0.0,True,True,False,False
6432,3750,3750:storage_out,226.40199999999822,226.40199999999822,0.0,True,True,False,False
6433,3751,3751:direct,222.10199999999895,222.10199999999895,0.0,True,True,False,False
6434,3752,3752:direct,201.75199999999677,201.75199999999677,0.0,True,True,False,False
6435,3753,3753:direct,218.0020000000004,218.0020000000004,0.0,True,True,False,False
6436,3754,3754:direct,217.20200000000114,217.20200000000114,0.0,True,True,False,False
6437,3755,3755:storage_in,51.75199999999677,51.75199999999677,0.0,True,True,False,False
6438,3755,3755:storage_out,243.40199999999822,243.40199999999822,0.0,True,True,False,False
6439,3756,3756:storage_in,49.00199999999677,49.00199999999677,0.0,True,True,False,False
6440,3756,3756:storage_out,269.2019999999975,269.2019999999975,0.0,True,True,False,False
6441,3757,3757:direct,204.50199999999313,204.50199999999313,0.0,True,True,False,False
6442,3758,3758:direct,203.25199999999677,203.25199999999677,0.0,True,True,False,False
6443,3759,3759:storage_in,46.80199999999604,46.80199999999604,0.0,True,True,False,False
6444,3759,3759:storage_out,215.90199999999822,215.90199999999822,0.0,True,True,False,False
6445,3760,3760:storage_in,46.80199999999604,46.80199999999604,0.0,True,True,False,False
6446,3760,3760:storage_out,216.90199999999822,216.90199999999822,0.0,True,True,False,False
6447,3761,3761:direct,224.61437999999907,224.61437999999907,0.0,True,True,False,False
6448,3762,3762:storage_in,57.69997999999396,57.69997999999396,0.0,True,True,False,False
6449,3762,3762:storage_out,244.40199999999822,244.40199999999822,0.0,True,True,False,False
6450,3763,3763:direct,222.95265999999538,222.95265999999538,0.0,True,True,False,False
6451,3764,3764:storage_in,52.2247399999942,52.2247399999942,0.0,True,True,False,False
6452,3764,3764:storage_out,246.90199999999822,246.90199999999822,0.0,True,True,False,False
6453,3765,3765:direct,221.60199999999895,221.60199999999895,0.0,True,True,False,False
6454,3766,3766:storage_in,51.468589999996766,51.468589999996766,0.0,True,True,False,False
6455,3766,3766:storage_out,256.9019999999982,256.9019999999982,0.0,True,True,False,False
6456,3767,3767:direct,220.03705999999875,220.03705999999875,0.0,True,True,False,False
6457,3768,3768:storage_in,49.80199999999604,49.80199999999604,0.0,True,True,False,False
6458,3768,3768:storage_out,257.9019999999982,257.9019999999982,0.0,True,True,False,False
6459,3769,3769:storage_in,53.061989999994694,53.061989999994694,0.0,True,True,False,False
6460,3769,3769:storage_out,208.40199999999822,208.40199999999822,0.0,True,True,False,False
6461,3770,3770:storage_in,48.72766999999658,48.72766999999658,0.0,True,True,False,False
6462,3770,3770:storage_out,203.40199999999822,203.40199999999822,0.0,True,True,False,False
6463,3771,3771:direct,217.20200000000114,217.20200000000114,0.0,True,True,False,False
6464,3772,3772:storage_in,47.76675999999861,47.76675999999861,0.0,True,True,False,False
6465,3772,3772:storage_out,211.40199999999822,211.40199999999822,0.0,True,True,False,False
6466,3773,3773:direct,214.1185499999956,214.1185499999956,0.0,True,True,False,False
6467,3774,3774:direct,220.60199999999895,220.60199999999895,0.0,True,True,False,False
6468,3775,3775:storage_in,47.20192999999563,47.20192999999563,0.0,True,True,False,False
6469,3775,3775:storage_out,212.40199999999822,212.40199999999822,0.0,True,True,False,False
6470,3776,3776:direct,205.33052999999927,205.33052999999927,0.0,True,True,False,False
6471,3777,3777:direct,208.71858999999313,208.71858999999313,0.0,True,True,False,False
6472,3778,3778:direct,205.05199999999604,205.05199999999604,0.0,True,True,False,False
6473,3779,3779:direct,207.1185499999956,207.1185499999956,0.0,True,True,False,False
6474,3780,3780:storage_in,46.80199999999604,46.80199999999604,0.0,True,True,False,False
6475,3780,3780:storage_out,327.4019999999982,327.4019999999982,0.0,True,True,False,False
6476,3781,3781:storage_in,50.00199999999677,50.00199999999677,0.0,True,True,False,False
6477,3781,3781:storage_out,328.4019999999982,328.4019999999982,0.0,True,True,False,False
6478,3782,3782:storage_in,46.80199999999604,46.80199999999604,0.0,True,True,False,False
6479,3782,3782:storage_out,256.1519999999982,256.1519999999982,0.0,True,True,False,False
6480,3783,3783:direct,204.75199999999313,204.75199999999313,0.0,True,True,False,False
6481,3784,3784:direct,201.00199999999677,201.00199999999677,0.0,True,True,False,False
6482,3785,3785:direct,218.0020000000004,218.0020000000004,0.0,True,True,False,False
6483,3786,3786:direct,233.6677499999969,233.6677499999969,0.0,True,True,False,False
6484,3787,3787:direct,207.40458999999464,207.40458999999464,0.0,True,True,False,False
6485,3788,3788:storage_in,52.601999999995314,52.601999999995314,0.0,True,True,False,False
6486,3788,3788:storage_out,329.4019999999982,329.4019999999982,0.0,True,True,False,False
6487,3789,3789:direct,193.5288199999959,193.5288199999959,0.0,True,True,False,False
6488,3790,3790:direct,218.97645999999804,218.97645999999804,0.0,True,True,False,False
6489,3791,3791:direct,201.25199999999677,201.25199999999677,0.0,True,True,False,False
6490,3792,3792:direct,220.60199999999895,220.60199999999895,0.0,True,True,False,False
6491,3793,3793:storage_in,50.00199999999677,50.00199999999677,0.0,True,True,False,False
6492,3793,3793:storage_out,227.40199999999822,227.40199999999822,0.0,True,True,False,False
6493,3794,3794:storage_in,45.401999999998225,45.401999999998225,0.0,True,True,False,False
6494,3794,3794:storage_out,195.40199999999822,195.40199999999822,0.0,True,True,False,False
6495,3795,3795:storage_in,54.101999999995314,54.101999999995314,0.0,True,True,False,False
6496,3795,3795:storage_out,330.4019999999982,330.4019999999982,0.0,True,True,False,False
6497,3796,3796:storage_in,67.47889999999461,67.47889999999461,0.0,True,True,False,False
6498,3796,3796:storage_out,196.40199999999822,196.40199999999822,0.0,True,True,False,False
6499,3797,3797:direct,221.14716000000044,221.14716000000044,0.0,True,True,False,False
6500,3798,3798:direct,217.20200000000114,217.20200000000114,0.0,True,True,False,False
6501,3799,3799:storage_in,48.401999999998225,48.401999999998225,0.0,True,True,False,False
6502,3799,3799:storage_out,145.4019999999946,145.4019999999946,0.0,True,True,False,False
6503,3800,3800:storage_in,153.9639900000002,153.9639900000002,0.0,True,True,False,False
6504,3800,3800:storage_out,197.40199999999822,197.40199999999822,0.0,True,True,False,False
6505,3801,3801:direct,217.20200000000114,217.20200000000114,0.0,True,True,False,False
6506,3802,3802:storage_in,51.08093999999619,51.08093999999619,0.0,True,True,False,False
6507,3802,3802:storage_out,344.4519999999975,344.4519999999975,0.0,True,True,False,False
6508,3803,3803:storage_in,213.06039999999484,213.06039999999484,0.0,True,True,False,False
6509,3803,3803:storage_out,245.40199999999822,245.40199999999822,0.0,True,True,False,False
6510,3804,3804:storage_in,48.36465999999564,48.36465999999564,0.0,True,True,False,False
6511,3804,3804:storage_out,247.90199999999822,247.90199999999822,0.0,True,True,False,False
6512,3805,3805:storage_in,45.60199999999895,45.60199999999895,0.0,True,True,False,False
6513,3805,3805:storage_out,248.90199999999822,248.90199999999822,0.0,True,True,False,False
6514,3806,3806:storage_in,147.63070999999763,147.63070999999763,0.0,True,True,False,False
6515,3806,3806:storage_out,198.40199999999822,198.40199999999822,0.0,True,True,False,False
6516,3807,3807:storage_in,47.55199999999604,47.55199999999604,0.0,True,True,False,False
6517,3807,3807:storage_out,292.4019999999982,292.4019999999982,0.0,True,True,False,False
6518,3808,3808:storage_in,48.04799999999523,48.04799999999523,0.0,True,True,False,False
6519,3808,3808:storage_out,228.40199999999822,228.40199999999822,0.0,True,True,False,False
6520,3809,3809:storage_in,49.00199999999677,49.00199999999677,0.0,True,True,False,False
6521,3809,3809:storage_out,249.90199999999822,249.90199999999822,0.0,True,True,False,False
6522,3810,3810:storage_in,144.0599399999992,144.0599399999992,0.0,True,True,False,False
6523,3810,3810:storage_out,199.40199999999822,199.40199999999822,0.0,True,True,False,False
6524,3811,3811:storage_in,148.6073699999979,148.6073699999979,0.0,True,True,False,False
6525,3811,3811:storage_out,200.40199999999822,200.40199999999822,0.0,True,True,False,False
6526,3812,3812:storage_in,49.00199999999677,49.00199999999677,0.0,True,True,False,False
6527,3812,3812:storage_out,226.9519999999975,226.9519999999975,0.0,True,True,False,False
6528,3813,3813:storage_in,150.83580000000075,150.83580000000075,0.0,True,True,False,False
6529,3813,3813:storage_out,201.40199999999822,201.40199999999822,0.0,True,True,False,False
6530,3814,3814:direct,218.0020000000004,218.0020000000004,0.0,True,True,False,False
6531,3815,3815:direct,201.00199999999677,201.00199999999677,0.0,True,True,False,False
6532,3816,3816:storage_in,254.87360999999146,253.87360999999146,-1.0,True,True,False,False
6533,3816,3816:storage_out,170.40199999999822,170.40199999999822,0.0,True,True,False,False
6534,3817,3817:direct,218.2520000000004,218.2520000000004,0.0,True,True,False,False
6535,3818,3818:storage_in,164.3446599999952,164.3446599999952,0.0,True,True,False,False
6536,3818,3818:storage_out,257.1519999999982,257.1519999999982,0.0,True,True,False,False
6537,3819,3819:storage_in,146.59706999999617,146.59706999999617,0.0,True,True,False,False
6538,3819,3819:storage_out,202.40199999999822,202.40199999999822,0.0,True,True,False,False
6539,3820,3820:storage_in,45.60199999999895,45.60199999999895,0.0,True,True,False,False
6540,3820,3820:storage_out,154.40199999999822,154.40199999999822,0.0,True,True,False,False
6541,3821,3821:storage_in,237.27485999999772,237.27485999999772,0.0,True,True,False,False
6542,3821,3821:storage_out,252.40199999999822,252.40199999999822,0.0,True,True,False,False
6543,3822,3822:storage_in,47.401999999998225,47.401999999998225,0.0,True,True,False,False
6544,3822,3822:storage_out,250.90199999999822,250.90199999999822,0.0,True,True,False,False
6545,3823,3823:storage_in,45.60199999999895,45.60199999999895,0.0,True,True,False,False
6546,3823,3823:storage_out,205.2019999999975,205.2019999999975,0.0,True,True,False,False
6547,3824,3824:storage_in,52.05793999999878,52.05793999999878,0.0,True,True,False,False
6548,3824,3824:storage_out,203.40199999999822,203.40199999999822,0.0,True,True,False,False
6549,3825,3825:storage_in,77.85031999999774,77.85031999999774,0.0,True,True,False,False
6550,3825,3825:storage_out,332.4019999999982,332.4019999999982,0.0,True,True,False,False
6551,3826,3826:storage_in,80.99275999999372,80.99275999999372,0.0,True,True,False,False
6552,3826,3826:storage_out,229.40199999999822,229.40199999999822,0.0,True,True,False,False
6553,3827,3827:storage_in,45.60199999999895,45.60199999999895,0.0,True,True,False,False
6554,3827,3827:storage_out,165.40199999999822,165.40199999999822,0.0,True,True,False,False
6555,3828,3828:direct,242.23989000000074,242.23989000000074,0.0,True,True,False,False
6556,3829,3829:direct,204.00199999999313,204.00199999999313,0.0,True,True,False,False
6557,3830,3830:storage_in,46.401999999998225,46.401999999998225,0.0,True,True,False,False
6558,3830,3830:storage_out,256.4519999999975,256.4519999999975,0.0,True,True,False,False
6559,3831,3831:storage_in,174.48380999999063,174.48380999999063,0.0,True,True,False,False
6560,3831,3831:storage_out,219.90199999999822,219.90199999999822,0.0,True,True,False,False
6561,3832,3832:storage_in,49.00199999999677,49.00199999999677,0.0,True,True,False,False
6562,3832,3832:storage_out,146.4019999999946,146.4019999999946,0.0,True,True,False,False
6563,3833,3833:storage_in,183.59837999999218,183.59837999999218,0.0,True,True,False,False
6564,3833,3833:storage_out,272.9519999999975,272.9519999999975,0.0,True,True,False,False
6565,3834,3834:direct,211.54514999999083,211.54514999999083,0.0,True,True,False,False
6566,3835,3835:direct,217.20200000000114,217.20200000000114,0.0,True,True,False,False
6567,3836,3836:direct,204.140109999993,204.140109999993,0.0,True,True,False,False
6568,3837,3837:storage_in,49.44135999999344,49.44135999999344,0.0,True,True,False,False
6569,3837,3837:storage_out,251.90199999999822,251.90199999999822,0.0,True,True,False,False
6570,3838,3838:storage_in,228.8650099999868,228.8650099999868,0.0,True,True,False,False
6571,3838,3838:storage_out,253.40199999999822,253.40199999999822,0.0,True,True,False,False
6572,3839,3839:storage_in,72.03135999999722,72.03135999999722,0.0,True,True,False,False
6573,3839,3839:storage_out,346.4519999999975,346.4519999999975,0.0,True,True,False,False
6574,3840,3840:storage_in,52.101999999995314,52.101999999995314,0.0,True,True,False,False
6575,3840,3840:storage_out,227.9519999999975,227.9519999999975,0.0,True,True,False,False
6576,3841,3841:storage_in,49.466279999996914,49.466279999996914,0.0,True,True,False,False
6577,3841,3841:storage_out,294.4019999999982,294.4019999999982,0.0,True,True,False,False
6578,3842,3842:storage_in,45.60199999999895,45.60199999999895,0.0,True,True,False,False
6579,3842,3842:storage_out,252.90199999999822,252.90199999999822,0.0,True,True,False,False
6580,3843,3843:direct,232.90934999999445,232.90934999999445,0.0,True,True,False,False
6581,3844,3844:storage_in,150.44651999999405,150.44651999999405,0.0,True,True,False,False
6582,3844,3844:storage_out,258.1519999999982,258.1519999999982,0.0,True,True,False,False
6583,3845,3845:storage_in,50.332839999995485,50.332839999995485,0.0,True,True,False,False
6584,3845,3845:storage_out,228.9519999999975,228.9519999999975,0.0,True,True,False,False
6585,3846,3846:storage_in,187.49360999999044,187.49360999999044,0.0,True,True,False,False
6586,3846,3846:storage_out,246.40199999999822,246.40199999999822,0.0,True,True,False,False
6587,3847,3847:storage_in,232.838579999996,232.838579999996,0.0,True,True,False,False
6588,3847,3847:storage_out,254.40199999999822,254.40199999999822,0.0,True,True,False,False
6589,3848,3848:direct,234.25285000000076,234.25285000000076,0.0,True,True,False,False
6590,3849,3849:storage_in,45.60199999999895,45.60199999999895,0.0,True,True,False,False
6591,3849,3849:storage_out,229.9519999999975,229.9519999999975,0.0,True,True,False,False
6592,3850,3850:storage_in,65.37689999999566,65.37689999999566,0.0,True,True,False,False
6593,3850,3850:storage_out,334.4019999999982,334.4019999999982,0.0,True,True,False,False
6594,3851,3851:direct,189.00199999999677,189.00199999999677,0.0,True,True,False,False
6595,3852,3852:storage_in,53.23534999999174,53.23534999999174,0.0,True,True,False,False
6596,3852,3852:storage_out,348.4519999999975,348.4519999999975,0.0,True,True,False,False
6597,3853,3853:direct,188.2019999999975,188.2019999999975,0.0,True,True,False,False
6598,3854,3854:storage_in,184.99842999998873,184.99842999998873,0.0,True,True,False,False
6599,3854,3854:storage_out,260.4519999999975,260.4519999999975,0.0,True,True,False,False
6600,3855,3855:storage_in,52.649029999996856,52.649029999996856,0.0,True,True,False,False
6601,3855,3855:storage_out,349.4519999999975,349.4519999999975,0.0,True,True,False,False
6602,3856,3856:storage_in,54.78056999999899,54.78056999999899,0.0,True,True,False,False
6603,3856,3856:storage_out,213.40199999999822,213.40199999999822,0.0,True,True,False,False
6604,3857,3857:storage_in,58.37684999999692,58.37684999999692,0.0,True,True,False,False
6605,3857,3857:storage_out,335.9019999999982,335.9019999999982,0.0,True,True,False,False
6606,3858,3858:storage_in,48.90191999999297,48.90191999999297,0.0,True,True,False,False
6607,3858,3858:storage_out,350.4519999999975,350.4519999999975,0.0,True,True,False,False
6608,3859,3859:direct,201.9019999999946,201.9019999999946,0.0,True,True,False,False
6609,3860,3860:direct,202.6519999999946,202.6519999999946,0.0,True,True,False,False
6610,3861,3861:storage_in,50.938279999998485,50.938279999998485,0.0,True,True,False,False
6611,3861,3861:storage_out,351.4519999999975,351.4519999999975,0.0,True,True,False,False
6612,3862,3862:storage_in,186.49284999999145,186.49284999999145,0.0,True,True,False,False
6613,3862,3862:storage_out,247.40199999999822,247.40199999999822,0.0,True,True,False,False
6614,3863,3863:storage_in,46.401999999998225,46.401999999998225,0.0,True,True,False,False
6615,3863,3863:storage_out,352.4519999999975,352.4519999999975,0.0,True,True,False,False
6616,3864,3864:storage_in,231.00714999998672,225.65714999998818,-5.349999999998545,True,True,False,False
6617,3864,3864:storage_out,155.40199999999822,155.40199999999822,0.0,True,True,False,False
6618,3865,3865:direct,201.50199999999677,201.50199999999677,0.0,True,True,False,False
6619,3866,3866:storage_in,229.43319999998857,224.18319999998857,-5.25,True,True,False,False
6620,3866,3866:storage_out,156.40199999999822,156.40199999999822,0.0,True,True,False,False
6621,3867,3867:storage_in,62.23950999999943,62.23950999999943,0.0,True,True,False,False
6622,3867,3867:storage_out,338.9019999999982,338.9019999999982,0.0,True,True,False,False
6623,3868,3868:direct,202.6519999999946,202.6519999999946,0.0,True,True,False,False
6624,3869,3869:storage_in,171.96000999998796,171.96000999998796,0.0,True,True,False,False
6625,3869,3869:storage_out,209.40199999999822,209.40199999999822,0.0,True,True,False,False
6626,3870,3870:storage_in,177.51751999999397,177.51751999999397,0.0,True,True,False,False
6627,3870,3870:storage_out,210.40199999999822,210.40199999999822,0.0,True,True,False,False
6628,3871,3871:storage_in,49.00199999999677,49.00199999999677,0.0,True,True,False,False
6629,3871,3871:storage_out,214.40199999999822,214.40199999999822,0.0,True,True,False,False
6630,3872,3872:direct,203.00199999999677,203.00199999999677,0.0,True,True,False,False
6631,3873,3873:storage_in,46.51198999999178,46.51198999999178,0.0,True,True,False,False
6632,3873,3873:storage_out,353.4519999999975,353.4519999999975,0.0,True,True,False,False
6633,3874,3874:direct,218.5020000000004,218.5020000000004,0.0,True,True,False,False
6634,3875,3875:direct,205.75199999999313,205.75199999999313,0.0,True,True,False,False
6635,3876,3876:storage_in,52.69043999999485,52.69043999999485,0.0,True,True,False,False
6636,3876,3876:storage_out,215.40199999999822,215.40199999999822,0.0,True,True,False,False
6637,3877,3877:storage_in,218.22997999998915,214.8799799999906,-3.349999999998545,True,True,False,False
6638,3877,3877:storage_out,166.40199999999822,166.40199999999822,0.0,True,True,False,False
6639,3878,3878:storage_in,50.89473999999245,50.89473999999245,0.0,True,True,False,False
6640,3878,3878:storage_out,354.4519999999975,354.4519999999975,0.0,True,True,False,False
6641,3879,3879:storage_in,65.50271999999313,65.50271999999313,0.0,True,True,False,False
6642,3879,3879:storage_out,230.40199999999822,230.40199999999822,0.0,True,True,False,False
6643,3880,3880:storage_in,45.60199999999895,45.60199999999895,0.0,True,True,False,False
6644,3880,3880:storage_out,216.40199999999822,216.40199999999822,0.0,True,True,False,False
6645,3881,3881:storage_in,83.03138999999646,83.03138999999646,0.0,True,True,False,False
6646,3881,3881:storage_out,231.40199999999822,231.40199999999822,0.0,True,True,False,False
6647,3882,3882:storage_in,47.151999999998225,47.151999999998225,0.0,True,True,False,False
6648,3882,3882:storage_out,355.4519999999975,355.4519999999975,0.0,True,True,False,False
6649,3883,3883:storage_in,45.60199999999895,45.60199999999895,0.0,True,True,False,False
6650,3883,3883:storage_out,273.9519999999975,273.9519999999975,0.0,True,True,False,False
6651,3884,3884:storage_in,175.79631999998674,175.79631999998674,0.0,True,True,False,False
6652,3884,3884:storage_out,250.40199999999822,250.40199999999822,0.0,True,True,False,False
6653,3885,3885:storage_in,49.00199999999677,49.00199999999677,0.0,True,True,False,False
6654,3885,3885:storage_out,217.40199999999822,217.40199999999822,0.0,True,True,False,False
6655,3886,3886:storage_in,175.46862999999212,175.46862999999212,0.0,True,True,False,False
6656,3886,3886:storage_out,212.40199999999822,212.40199999999822,0.0,True,True,False,False
6657,3887,3887:direct,220.3541799999948,220.3541799999948,0.0,True,True,False,False
6658,3888,3888:storage_in,49.00199999999677,49.00199999999677,0.0,True,True,False,False
6659,3888,3888:storage_out,265.4519999999975,265.4519999999975,0.0,True,True,False,False
6660,3889,3889:storage_in,145.26723999999012,145.26723999999012,0.0,True,True,False,False
6661,3889,3889:storage_out,260.4019999999982,260.4019999999982,0.0,True,True,False,False
6662,3890,3890:storage_in,57.27919999999358,57.27919999999358,0.0,True,True,False,False
6663,3890,3890:storage_out,292.9019999999982,292.9019999999982,0.0,True,True,False,False
6664,3891,3891:storage_in,181.42062999998961,181.42062999998961,0.0,True,True,False,False
6665,3891,3891:storage_out,213.40199999999822,213.40199999999822,0.0,True,True,False,False
6666,3892,3892:storage_in,55.24737999999343,55.24737999999343,0.0,True,True,False,False
6667,3892,3892:storage_out,341.9019999999982,341.9019999999982,0.0,True,True,False,False
6668,3893,3893:direct,217.02186999999685,217.02186999999685,0.0,True,True,False,False
6669,3894,3894:storage_in,174.42062999998961,174.42062999998961,0.0,True,True,False,False
6670,3894,3894:storage_out,214.40199999999822,214.40199999999822,0.0,True,True,False,False
6671,3895,3895:storage_in,46.901999999998225,46.901999999998225,0.0,True,True,False,False
6672,3895,3895:storage_out,157.40199999999822,157.40199999999822,0.0,True,True,False,False
6673,3896,3896:direct,217.20200000000114,217.20200000000114,0.0,True,True,False,False
6674,3897,3897:storage_in,198.16802999999345,197.268029999992,-0.9000000000014552,True,True,False,False
6675,3897,3897:storage_out,204.40199999999822,204.40199999999822,0.0,True,True,False,False
6676,3898,3898:storage_in,49.2343899999978,49.2343899999978,0.0,True,True,False,False
6677,3898,3898:storage_out,218.40199999999822,218.40199999999822,0.0,True,True,False,False
6678,3899,3899:storage_in,180.203919999989,180.203919999989,0.0,True,True,False,False
6679,3899,3899:storage_out,215.40199999999822,215.40199999999822,0.0,True,True,False,False
6680,3900,3900:direct,227.0366799999938,227.0366799999938,0.0,True,True,False,False
6681,3901,3901:direct,217.20200000000114,217.20200000000114,0.0,True,True,False,False
6682,3902,3902:storage_in,169.75216999998884,169.75216999998884,0.0,True,True,False,False
6683,3902,3902:storage_out,255.40199999999822,255.40199999999822,0.0,True,True,False,False
6684,3903,3903:storage_in,45.60199999999895,45.60199999999895,0.0,True,True,False,False
6685,3903,3903:storage_out,219.40199999999822,219.40199999999822,0.0,True,True,False,False
6686,3904,3904:direct,217.3873899999926,217.3873899999926,0.0,True,True,False,False
6687,3905,3905:direct,220.60199999999895,220.60199999999895,0.0,True,True,False,False
6688,3906,3906:direct,225.94997999999396,225.94997999999396,0.0,True,True,False,False
6689,3907,3907:direct,208.05199999999604,208.05199999999604,0.0,True,True,False,False
6690,3908,3908:direct,202.8810599999997,202.8810599999997,0.0,True,True,False,False
6691,3909,3909:direct,217.73288999999204,217.73288999999204,0.0,True,True,False,False
6692,3910,3910:storage_in,49.00199999999677,49.00199999999677,0.0,True,True,False,False
6693,3910,3910:storage_out,220.40199999999822,220.40199999999822,0.0,True,True,False,False
6694,3911,3911:direct,229.91472000000067,229.91472000000067,0.0,True,True,False,False
6695,3912,3912:direct,228.48391999999876,228.48391999999876,0.0,True,True,False,False
6696,3913,3913:direct,218.0020000000004,218.0020000000004,0.0,True,True,False,False
6697,3914,3914:direct,204.75199999999313,204.75199999999313,0.0,True,True,False,False
6698,3915,3915:storage_in,57.476159999998345,57.476159999998345,0.0,True,True,False,False
6699,3915,3915:storage_out,356.4519999999975,356.4519999999975,0.0,True,True,False,False
6700,3916,3916:storage_in,62.76050999999643,62.76050999999643,0.0,True,True,False,False
6701,3916,3916:storage_out,232.40199999999822,232.40199999999822,0.0,True,True,False,False
6702,3917,3917:storage_in,57.4686399999955,57.4686399999955,0.0,True,True,False,False
6703,3917,3917:storage_out,221.40199999999822,221.40199999999822,0.0,True,True,False,False
6704,3918,3918:storage_in,65.53066000000035,65.53066000000035,0.0,True,True,False,False
6705,3918,3918:storage_out,342.9019999999982,342.9019999999982,0.0,True,True,False,False
6706,3919,3919:direct,207.73550999999497,207.73550999999497,0.0,True,True,False,False
6707,3920,3920:direct,205.6279499999946,205.6279499999946,0.0,True,True,False,False
6708,3921,3921:storage_in,55.69393999999738,55.69393999999738,0.0,True,True,False,False
6709,3921,3921:storage_out,222.40199999999822,222.40199999999822,0.0,True,True,False,False
6710,3922,3922:direct,220.09727000000203,220.09727000000203,0.0,True,True,False,False
6711,3923,3923:direct,204.25199999999313,204.25199999999313,0.0,True,True,False,False
6712,3924,3924:direct,190.7044599999972,190.7044599999972,0.0,True,True,False,False
6713,3925,3925:storage_in,48.13358999999764,48.13358999999764,0.0,True,True,False,False
6714,3925,3925:storage_out,357.4519999999975,357.4519999999975,0.0,True,True,False,False
6715,3926,3926:direct,220.60199999999895,220.60199999999895,0.0,True,True,False,False
6716,3927,3927:direct,194.92876999999498,194.92876999999498,0.0,True,True,False,False
6717,3928,3928:direct,203.3379099999911,203.3379099999911,0.0,True,True,False,False
6718,3929,3929:direct,202.00199999999677,202.00199999999677,0.0,True,True,False,False
6719,3930,3930:storage_in,51.77260999999635,51.77260999999635,0.0,True,True,False,False
6720,3930,3930:storage_out,254.90199999999822,254.90199999999822,0.0,True,True,False,False
6721,3931,3931:direct,204.75199999999313,204.75199999999313,0.0,True,True,False,False
6722,3932,3932:direct,202.48548999999184,202.48548999999184,0.0,True,True,False,False
6723,3933,3933:direct,188.70608999999604,188.70608999999604,0.0,True,True,False,False
6724,3934,3934:direct,218.55446999999913,218.55446999999913,0.0,True,True,False,False
6725,3935,3935:direct,206.00199999999313,206.00199999999313,0.0,True,True,False,False
6726,3936,3936:storage_in,89.28332999999475,89.28332999999475,0.0,True,True,False,False
6727,3936,3936:storage_out,259.1519999999982,259.1519999999982,0.0,True,True,False,False
6728,3937,3937:storage_in,89.79845999999452,89.79845999999452,0.0,True,True,False,False
6729,3937,3937:storage_out,273.2019999999975,273.2019999999975,0.0,True,True,False,False
6730,3938,3938:direct,217.20200000000114,217.20200000000114,0.0,True,True,False,False
6731,3939,3939:direct,201.00199999999677,201.00199999999677,0.0,True,True,False,False
6732,3940,3940:storage_in,88.44199999999182,88.44199999999182,0.0,True,True,False,False
6733,3940,3940:storage_out,260.1519999999982,260.1519999999982,0.0,True,True,False,False
6734,3941,3941:direct,220.60199999999895,220.60199999999895,0.0,True,True,False,False
6735,3942,3942:direct,201.9019999999946,201.9019999999946,0.0,True,True,False,False
6736,3943,3943:storage_in,102.05066999998962,102.05066999998962,0.0,True,True,False,False
6737,3943,3943:storage_out,261.4019999999982,261.4019999999982,0.0,True,True,False,False
6738,3944,3944:direct,220.90078999999605,220.90078999999605,0.0,True,True,False,False
6739,3945,3945:storage_in,49.00199999999677,49.00199999999677,0.0,True,True,False,False
6740,3945,3945:storage_out,216.40199999999822,216.40199999999822,0.0,True,True,False,False
6741,3946,3946:direct,204.00199999999313,204.00199999999313,0.0,True,True,False,False
6742,3947,3947:storage_in,141.01176999998643,141.01176999998643,0.0,True,True,False,False
6743,3947,3947:storage_out,256.4019999999982,256.4019999999982,0.0,True,True,False,False
6744,3948,3948:direct,217.20200000000114,217.20200000000114,0.0,True,True,False,False
6745,3949,3949:direct,225.6730400000015,225.6730400000015,0.0,True,True,False,False
6746,3950,3950:storage_in,96.77436999998827,96.77436999998827,0.0,True,True,False,False
6747,3950,3950:storage_out,262.4019999999982,262.4019999999982,0.0,True,True,False,False
6748,3951,3951:direct,218.0020000000004,218.0020000000004,0.0,True,True,False,False
6749,3952,3952:storage_in,94.27969999998822,94.27969999998822,0.0,True,True,False,False
6750,3952,3952:storage_out,263.4019999999982,263.4019999999982,0.0,True,True,False,False
6751,3953,3953:direct,201.00199999999677,201.00199999999677,0.0,True,True,False,False
6752,3954,3954:direct,193.20668999999543,193.20668999999543,0.0,True,True,False,False
6753,3955,3955:direct,217.20200000000114,217.20200000000114,0.0,True,True,False,False
6754,3956,3956:storage_in,51.80761999999595,51.80761999999595,0.0,True,True,False,False
6755,3956,3956:storage_out,257.4519999999975,257.4519999999975,0.0,True,True,False,False
6756,3957,3957:storage_in,55.80199999999604,55.80199999999604,0.0,True,True,False,False
6757,3957,3957:storage_out,233.40199999999822,233.40199999999822,0.0,True,True,False,False
6758,3958,3958:storage_in,45.60199999999895,45.60199999999895,0.0,True,True,False,False
6759,3958,3958:storage_out,171.40199999999822,171.40199999999822,0.0,True,True,False,False
6760,3959,3959:storage_in,67.94332999999824,67.94332999999824,0.0,True,True,False,False
6761,3959,3959:storage_out,343.9019999999982,343.9019999999982,0.0,True,True,False,False
6762,3960,3960:storage_in,186.4592399999965,178.5039599999982,-7.955279999998311,True,True,False,False
6763,3960,3960:storage_out,145.4019999999946,145.4019999999946,0.0,True,True,False,False
6764,3961,3961:storage_in,50.25199999999677,50.25199999999677,0.0,True,True,False,False
6765,3961,3961:storage_out,218.40199999999822,218.40199999999822,0.0,True,True,False,False
6766,3962,3962:storage_in,49.85573999999542,49.85573999999542,0.0,True,True,False,False
6767,3962,3962:storage_out,217.40199999999822,217.40199999999822,0.0,True,True,False,False
6768,3963,3963:storage_in,66.00199999999677,66.00199999999677,0.0,True,True,False,False
6769,3963,3963:storage_out,234.40199999999822,234.40199999999822,0.0,True,True,False,False
6770,3964,3964:storage_in,45.60199999999895,45.60199999999895,0.0,True,True,False,False
6771,3964,3964:storage_out,274.2019999999975,274.2019999999975,0.0,True,True,False,False
6772,3965,3965:direct,201.4019999999946,201.4019999999946,0.0,True,True,False,False
6773,3966,3966:direct,204.00199999999313,204.00199999999313,0.0,True,True,False,False
6774,3967,3967:direct,204.00199999999313,204.00199999999313,0.0,True,True,False,False
6775,3968,3968:direct,204.6603599999944,204.6603599999944,0.0,True,True,False,False
6776,3969,3969:storage_in,46.401999999998225,46.401999999998225,0.0,True,True,False,False
6777,3969,3969:storage_out,225.40199999999822,225.40199999999822,0.0,True,True,False,False
6778,3970,3970:storage_in,50.75199999999677,50.75199999999677,0.0,True,True,False,False
6779,3970,3970:storage_out,358.4519999999975,358.4519999999975,0.0,True,True,False,False
6780,3971,3971:direct,221.35199999999895,221.35199999999895,0.0,True,True,False,False
6781,3972,3972:direct,201.00199999999677,201.00199999999677,0.0,True,True,False,False
6782,3973,3973:storage_in,45.60199999999895,45.60199999999895,0.0,True,True,False,False
6783,3973,3973:storage_out,223.40199999999822,223.40199999999822,0.0,True,True,False,False
6784,3974,3974:direct,219.4218899999978,219.4218899999978,0.0,True,True,False,False
6785,3975,3975:direct,201.00199999999677,201.00199999999677,0.0,True,True,False,False
6786,3976,3976:storage_in,57.700709999993705,57.700709999993705,0.0,True,True,False,False
6787,3976,3976:storage_out,344.9019999999982,344.9019999999982,0.0,True,True,False,False
6788,3977,3977:storage_in,51.25199999999677,51.25199999999677,0.0,True,True,False,False
6789,3977,3977:storage_out,226.40199999999822,226.40199999999822,0.0,True,True,False,False
6790,3978,3978:storage_in,46.651999999998225,46.651999999998225,0.0,True,True,False,False
6791,3978,3978:storage_out,206.2019999999975,206.2019999999975,0.0,True,True,False,False
6792,3979,3979:storage_in,45.60199999999895,45.60199999999895,0.0,True,True,False,False
6793,3979,3979:storage_out,271.4519999999975,271.4519999999975,0.0,True,True,False,False
6794,3980,3980:storage_in,46.16866999999911,46.16866999999911,0.0,True,True,False,False
6795,3980,3980:storage_out,227.40199999999822,227.40199999999822,0.0,True,True,False,False
6796,3981,3981:direct,206.58153999999558,206.58153999999558,0.0,True,True,False,False
6797,3982,3982:direct,214.97700999999142,214.97700999999142,0.0,True,True,False,False
6798,3983,3983:storage_in,50.00199999999677,50.00199999999677,0.0,True,True,False,False
6799,3983,3983:storage_out,359.4519999999975,359.4519999999975,0.0,True,True,False,False
6800,3984,3984:direct,204.61575999999332,204.61575999999332,0.0,True,True,False,False
6801,3985,3985:direct,260.06468999999197,260.06468999999197,0.0,True,True,False,False
6802,3986,3986:storage_in,46.401999999998225,46.401999999998225,0.0,True,True,False,False
6803,3986,3986:storage_out,272.4519999999975,272.4519999999975,0.0,True,True,False,False
6804,3987,3987:direct,195.3162699999957,195.3162699999957,0.0,True,True,False,False
6805,3988,3988:storage_in,46.901999999998225,46.901999999998225,0.0,True,True,False,False
6806,3988,3988:storage_out,224.40199999999822,224.40199999999822,0.0,True,True,False,False
6807,3989,3989:direct,232.16491999999198,232.16491999999198,0.0,True,True,False,False
6808,3990,3990:storage_in,51.04971999999543,51.04971999999543,0.0,True,True,False,False
6809,3990,3990:storage_out,225.40199999999822,225.40199999999822,0.0,True,True,False,False
6810,3991,3991:storage_in,45.60199999999895,45.60199999999895,0.0,True,True,False,False
6811,3991,3991:storage_out,226.40199999999822,226.40199999999822,0.0,True,True,False,False
6812,3992,3992:direct,260.5103699999927,260.5103699999927,0.0,True,True,False,False
6813,3993,3993:storage_in,45.60199999999895,45.60199999999895,0.0,True,True,False,False
6814,3993,3993:storage_out,273.4519999999975,273.4519999999975,0.0,True,True,False,False
6815,3994,3994:storage_in,46.1151899999968,46.1151899999968,0.0,True,True,False,False
6816,3994,3994:storage_out,255.90199999999822,255.90199999999822,0.0,True,True,False,False
6817,3995,3995:storage_in,56.056339999991906,56.056339999991906,0.0,True,True,False,False
6818,3995,3995:storage_out,345.9019999999982,345.9019999999982,0.0,True,True,False,False
6819,3996,3996:direct,256.98820999999225,256.98820999999225,0.0,True,True,False,False
6820,3997,3997:storage_in,49.00199999999677,49.00199999999677,0.0,True,True,False,False
6821,3997,3997:storage_out,201.2019999999975,201.2019999999975,0.0,True,True,False,False
6822,3998,3998:direct,213.73783999999432,213.73783999999432,0.0,True,True,False,False
6823,3999,3999:direct,255.89593999999124,255.89593999999124,0.0,True,True,False,False
6824,4000,4000:direct,258.7038499999944,256.4705199999953,-2.233329999999114,True,True,False,False
6825,4001,4001:direct,255.84260999999242,253.4692699999905,-2.3733400000019174,True,True,False,False
6826,4002,4002:direct,242.29998999999225,242.29998999999225,0.0,True,True,False,False
6827,4003,4003:direct,218.0020000000004,218.0020000000004,0.0,True,True,False,False
6828,4004,4004:direct,195.15715999998793,195.15715999998793,0.0,True,True,False,False
6829,4005,4005:storage_in,96.56343999999444,95.56343999999444,-1.0,True,True,False,False
6830,4005,4005:storage_out,257.4019999999982,257.4019999999982,0.0,True,True,False,False
6831,4006,4006:direct,255.8803199999893,251.65365999999267,-4.2266599999966274,True,True,False,False
6832,4007,4007:storage_in,50.89062999998714,50.89062999998714,0.0,True,True,False,False
6833,4007,4007:storage_out,161.40199999999822,161.40199999999822,0.0,True,True,False,False
6834,4008,4008:direct,219.58427999999185,219.58427999999185,0.0,True,True,False,False
6835,4009,4009:storage_in,46.432869999989634,46.432869999989634,0.0,True,True,False,False
6836,4009,4009:storage_out,256.9019999999982,256.9019999999982,0.0,True,True,False,False
6837,4010,4010:direct,333.3743599999907,321.71203999999125,-11.662319999999454,True,True,False,False
6838,4011,4011:direct,191.60199999999531,191.60199999999531,0.0,True,True,False,False
6839,4012,4012:direct,220.94293999999718,220.94293999999718,0.0,True,True,False,False
6840,4013,4013:direct,255.903999999995,246.08531999999104,-9.818680000003951,True,True,False,False
6841,4014,4014:direct,192.06450999999288,192.06450999999288,0.0,True,True,False,False
6842,4015,4015:direct,250.7581699999937,244.38482999999178,-6.373340000001917,True,True,False,False
6843,4016,4016:direct,221.7520000000004,221.7520000000004,0.0,True,True,False,False
6844,4017,4017:direct,227.26199999999153,227.26199999999153,0.0,True,True,False,False
6845,4018,4018:direct,188.2019999999975,188.2019999999975,0.0,True,True,False,False
6846,4019,4019:direct,219.91865999999573,219.91865999999573,0.0,True,True,False,False
6847,4020,4020:storage_in,103.83733999999458,103.83733999999458,0.0,True,True,False,False
6848,4020,4020:storage_out,185.40199999999822,185.40199999999822,0.0,True,True,False,False
6849,4021,4021:direct,192.96340999998574,192.96340999998574,0.0,True,True,False,False
6850,4022,4022:storage_in,49.715569999989384,49.715569999989384,0.0,True,True,False,False
6851,4022,4022:storage_out,296.9019999999982,296.9019999999982,0.0,True,True,False,False
6852,4023,4023:direct,218.6574299999993,218.6574299999993,0.0,True,True,False,False
6853,4024,4024:storage_in,49.50199999999677,49.50199999999677,0.0,True,True,False,False
6854,4024,4024:storage_out,207.2019999999975,207.2019999999975,0.0,True,True,False,False
6855,4025,4025:direct,257.31863999999405,241.10197999998854,-16.216660000005504,True,True,False,False
6856,4026,4026:direct,189.00199999999677,189.00199999999677,0.0,True,True,False,False
6857,4027,4027:direct,213.84722999999212,213.84722999999212,0.0,True,True,False,False
6858,4028,4028:direct,240.90400999999474,231.0853299999908,-9.818680000003951,True,True,False,False
6859,4029,4029:storage_in,49.00199999999677,49.00199999999677,0.0,True,True,False,False
6860,4029,4029:storage_out,310.9519999999975,310.9519999999975,0.0,True,True,False,False
6861,4030,4030:direct,188.2019999999975,188.2019999999975,0.0,True,True,False,False
6862,4031,4031:storage_in,46.401999999998225,46.401999999998225,0.0,True,True,False,False
6863,4031,4031:storage_out,228.40199999999822,228.40199999999822,0.0,True,True,False,False
6864,4032,4032:direct,263.1667699999962,232.92067999999563,-30.24609000000055,True,True,False,False
6865,4033,4033:direct,217.20200000000114,217.20200000000114,0.0,True,True,False,False
6866,4034,4034:storage_in,53.101999999995314,53.101999999995314,0.0,True,True,False,False
6867,4034,4034:storage_out,235.40199999999822,235.40199999999822,0.0,True,True,False,False
6868,4035,4035:direct,191.60199999999531,191.60199999999531,0.0,True,True,False,False
6869,4036,4036:storage_in,73.13226999998733,70.38630999999441,-2.7459599999929196,True,True,False,False
6870,4036,4036:storage_out,158.40199999999822,158.40199999999822,0.0,True,True,False,False
6871,4037,4037:storage_in,51.05189999999493,51.05189999999493,0.0,True,True,False,False
6872,4037,4037:storage_out,261.1519999999982,261.1519999999982,0.0,True,True,False,False
6873,4038,4038:direct,219.30527999999686,219.30527999999686,0.0,True,True,False,False
6874,4039,4039:direct,255.94951999999466,228.4534299999941,-27.49609000000055,True,True,False,False
6875,4040,4040:direct,217.95200000000114,217.95200000000114,0.0,True,True,False,False
6876,4041,4041:storage_in,49.00199999999677,49.00199999999677,0.0,True,True,False,False
6877,4041,4041:storage_out,229.40199999999822,229.40199999999822,0.0,True,True,False,False
6878,4042,4042:direct,256.7767599999934,236.52864999999292,-20.24811000000045,True,True,False,False
6879,4043,4043:direct,222.46326000000408,220.60199999999895,-1.8612600000051316,True,True,False,False
6880,4044,4044:direct,251.64809999999488,232.75200999999288,-18.896090000002005,True,True,False,False
6881,4045,4045:direct,255.34397999999783,251.44342999999571,-3.900550000002113,True,True,False,False
6882,4046,4046:direct,189.32154999998966,189.00199999999677,-0.319549999992887,True,True,False,False
6883,4047,4047:storage_in,54.847959999988234,54.101999999995314,-0.7459599999929196,True,True,False,False
6884,4047,4047:storage_out,216.40199999999822,216.40199999999822,0.0,True,True,False,False
6885,4048,4048:direct,223.00560999999288,218.8672000000006,-4.138409999992291,True,True,False,False
6886,4049,4049:direct,221.43908999998894,217.20200000000114,-4.237089999987802,True,True,False,False
6887,4050,4050:direct,265.0334299999922,246.33342999999513,-18.69999999999709,True,True,False,False
6888,4051,4051:storage_in,46.59439999998722,45.60199999999895,-0.9923999999882653,True,True,False,False
6889,4051,4051:storage_out,227.40199999999822,227.40199999999822,0.0,True,True,False,False
6890,4052,4052:direct,220.60199999999895,220.60199999999895,0.0,True,True,False,False
6891,4053,4053:direct,258.8480899999922,240.14808999999514,-18.69999999999709,True,True,False,False
6892,4054,4054:storage_in,49.00199999999677,49.00199999999677,0.0,True,True,False,False
6893,4054,4054:storage_out,258.9019999999982,258.9019999999982,0.0,True,True,False,False
6894,4055,4055:direct,194.16105999999854,194.16105999999854,0.0,True,True,False,False
6895,4056,4056:direct,221.5020000000004,222.43663000000015,0.9346299999997427,True,True,False,False
6896,4057,4057:storage_in,45.60199999999895,45.60199999999895,0.0,True,True,False,False
6897,4057,4057:storage_out,259.9019999999982,259.9019999999982,0.0,True,True,False,False
6898,4058,4058:storage_in,45.950019999996584,45.950019999996584,0.0,True,True,False,False
6899,4058,4058:storage_out,208.2019999999975,208.2019999999975,0.0,True,True,False,False
6900,4059,4059:direct,191.60199999999531,191.60199999999531,0.0,True,True,False,False
6901,4060,4060:direct,229.47774999999456,226.81371999999828,-2.6640299999962735,True,True,False,False
6902,4061,4061:direct,198.58260999999038,195.7582899999943,-2.824319999996078,True,True,False,False
6903,4062,4062:storage_in,56.577849999994214,53.922569999998814,-2.6552799999954004,True,True,False,False
6904,4062,4062:storage_out,236.40199999999822,236.40199999999822,0.0,True,True,False,False
6905,4063,4063:direct,225.52103999999963,223.0020000000004,-2.5190399999992223,True,True,False,False
6906,4064,4064:direct,246.70010999999067,232.43778999999267,-14.262319999997999,True,True,False,False
6907,4065,4065:storage_in,45.60199999999895,45.60199999999895,0.0,True,True,False,False
6908,4065,4065:storage_out,260.9019999999982,260.9019999999982,0.0,True,True,False,False
6909,4066,4066:direct,217.20200000000114,217.20200000000114,0.0,True,True,False,False
6910,4067,4067:storage_in,52.807279999993625,50.151999999998225,-2.6552799999954004,True,True,False,False
6911,4067,4067:storage_out,262.1519999999982,262.1519999999982,0.0,True,True,False,False
6912,4068,4068:storage_in,53.385340000000724,52.93533999999636,-0.4500000000043656,True,True,False,False
6913,4068,4068:storage_out,263.1519999999982,263.1519999999982,0.0,True,True,False,False
6914,4069,4069:storage_in,50.43316999999297,49.00199999999677,-1.4311699999962002,True,True,False,False
6915,4069,4069:storage_out,282.4519999999975,282.4519999999975,0.0,True,True,False,False
6916,4070,4070:storage_in,49.31604999999399,49.00199999999677,-0.3140499999972235,True,True,False,False
6917,4070,4070:storage_out,261.9019999999982,261.9019999999982,0.0,True,True,False,False
6918,4071,4071:direct,210.75199999999313,213.25199999999313,2.5,True,True,False,False
6919,4072,4072:storage_in,50.693759999994654,46.901999999998225,-3.7917599999964295,True,True,False,False
6920,4072,4072:storage_out,159.40199999999822,159.40199999999822,0.0,True,True,False,False
6921,4073,4073:storage_in,47.38267999999516,46.401999999998225,-0.9806799999969371,True,True,False,False
6922,4073,4073:storage_out,262.9019999999982,262.9019999999982,0.0,True,True,False,False
6923,4074,4074:storage_in,55.601999999995314,55.601999999995314,0.0,True,True,False,False
6924,4074,4074:storage_out,302.9019999999982,302.9019999999982,0.0,True,True,False,False
6925,4075,4075:storage_in,45.401999999998225,45.401999999998225,0.0,True,True,False,False
6926,4075,4075:storage_out,264.1519999999982,264.1519999999982,0.0,True,True,False,False
6927,4076,4076:direct,218.0020000000004,220.7631599999986,2.761159999998199,True,True,False,False
6928,4077,4077:storage_in,51.99704999999449,52.39704999999594,0.4000000000014552,True,True,False,False
6929,4077,4077:storage_out,269.4019999999982,269.4019999999982,0.0,True,True,False,False
6930,4078,4078:direct,210.32984999999462,206.91752999999517,-3.412319999999454,True,True,False,False
6931,4079,4079:storage_in,45.60199999999895,47.77429999999731,2.1722999999983585,True,True,False,False
6932,4079,4079:storage_out,231.40199999999822,231.40199999999822,0.0,True,True,False,False
6933,4080,4080:direct,220.55144999999175,213.6391299999923,-6.912319999999454,True,True,False,False
6934,4081,4081:storage_in,45.60199999999895,46.08701999999539,0.48501999999643886,True,True,False,False
6935,4081,4081:storage_out,284.4519999999975,284.4519999999975,0.0,True,True,False,False
6936,4082,4082:storage_in,49.00199999999677,49.00199999999677,0.0,True,True,False,False
6937,4082,4082:storage_out,264.9019999999982,264.9019999999982,0.0,True,True,False,False
6938,4083,4083:direct,226.51431999999113,217.75199999999313,-8.762319999997999,True,True,False,False
6939,4084,4084:direct,222.35199999999895,221.10199999999895,-1.25,True,True,False,False
6940,4085,4085:direct,189.00199999999677,189.00199999999677,0.0,True,True,False,False
6941,4086,4086:direct,224.82680999999138,216.06448999999338,-8.762319999997999,True,True,False,False
6942,4087,4087:storage_in,45.401999999998225,45.401999999998225,0.0,True,True,False,False
6943,4087,4087:storage_out,271.4019999999982,271.4019999999982,0.0,True,True,False,False
6944,4088,4088:direct,221.87081999998918,211.20849999998973,-10.662319999999454,True,True,False,False
6945,4089,4089:direct,188.2019999999975,188.2019999999975,0.0,True,True,False,False
6946,4090,4090:direct,221.12295000000086,224.12295000000086,3.0,True,True,False,False
6947,4091,4091:direct,220.95200000000114,223.74131000000125,2.789310000000114,True,True,False,False
6948,4092,4092:storage_in,57.25195999999778,57.25195999999778,0.0,True,True,False,False
6949,4092,4092:storage_out,317.9519999999975,317.9519999999975,0.0,True,True,False,False
6950,4093,4093:direct,196.70199999999386,196.70199999999386,0.0,True,True,False,False
6951,4094,4094:direct,209.61865999998918,207.80633999998827,-1.8123200000009092,True,True,False,False
6952,4095,4095:direct,222.94998000000123,222.94998000000123,0.0,True,True,False,False
6953,4096,4096:direct,217.95200000000114,221.05615000000398,3.1041500000028464,True,True,False,False
6954,4097,4097:direct,193.0738099999944,193.0738099999944,0.0,True,True,False,False
6955,4098,4098:storage_in,45.60199999999895,47.60199999999895,2.0,True,True,False,False
6956,4098,4098:storage_out,318.9519999999975,318.9519999999975,0.0,True,True,False,False
6957,4099,4099:direct,188.2019999999975,189.20094999999856,0.9989500000010594,True,True,False,False
6958,4100,4100:storage_in,50.453309999997145,50.453309999997145,0.0,True,True,False,False
6959,4100,4100:storage_out,319.9519999999975,319.9519999999975,0.0,True,True,False,False
6960,4101,4101:direct,210.6500999999953,205.75199999999313,-4.8981000000021595,True,True,False,False
6961,4102,4102:direct,194.1418399999966,194.1418399999966,0.0,True,True,False,False
6962,4103,4103:storage_in,52.87608999999793,52.87608999999793,0.0,True,True,False,False
6963,4103,4103:storage_out,320.9519999999975,320.9519999999975,0.0,True,True,False,False
6964,4104,4104:storage_in,50.151999999998225,50.151999999998225,0.0,True,True,False,False
6965,4104,4104:storage_out,228.40199999999822,228.40199999999822,0.0,True,True,False,False
6966,4105,4105:storage_in,52.151999999998225,52.151999999998225,0.0,True,True,False,False
6967,4105,4105:storage_out,307.4019999999982,307.4019999999982,0.0,True,True,False,False
6968,4106,4106:direct,188.2019999999975,188.2019999999975,0.0,True,True,False,False
6969,4107,4107:direct,191.60199999999531,191.60199999999531,0.0,True,True,False,False
6970,4108,4108:direct,202.96866999998747,202.1519999999946,-0.8166699999928824,True,True,False,False
6971,4109,4109:direct,221.10199999999895,224.65267999999924,3.550680000000284,True,True,False,False
6972,4110,4110:direct,191.65778999999384,194.45846999999412,2.800680000000284,True,True,False,False
6973,4111,4111:direct,217.20200000000114,222.99036999999953,5.788369999998395,True,True,False,False
6974,4112,4112:direct,204.1480999999876,201.4019999999946,-2.746099999993021,True,True,False,False
6975,4113,4113:storage_in,56.75399999999718,56.75399999999718,0.0,True,True,False,False
6976,4113,4113:storage_out,308.4019999999982,308.4019999999982,0.0,True,True,False,False
6977,4114,4114:direct,202.75199999999677,203.75199999999677,1.0,True,True,False,False
6978,4115,4115:storage_in,49.00199999999677,49.00199999999677,0.0,True,True,False,False
6979,4115,4115:storage_out,258.4519999999975,258.4519999999975,0.0,True,True,False,False
6980,4116,4116:storage_in,52.25199999999677,52.25199999999677,0.0,True,True,False,False
6981,4116,4116:storage_out,258.4019999999982,258.4019999999982,0.0,True,True,False,False
6982,4117,4117:storage_in,49.300899999998364,49.300899999998364,0.0,True,True,False,False
6983,4117,4117:storage_out,322.4519999999975,322.4519999999975,0.0,True,True,False,False
6984,4118,4118:storage_in,45.60199999999895,45.60199999999895,0.0,True,True,False,False
6985,4118,4118:storage_out,259.4519999999975,259.4519999999975,0.0,True,True,False,False
6986,4119,4119:storage_in,57.6981099999939,57.6981099999939,0.0,True,True,False,False
6987,4119,4119:storage_out,259.9019999999982,259.9019999999982,0.0,True,True,False,False
6988,4120,4120:direct,220.60199999999895,220.60199999999895,0.0,True,True,False,False
6989,4121,4121:storage_in,45.651999999998225,45.651999999998225,0.0,True,True,False,False
6990,4121,4121:storage_out,259.4019999999982,259.4019999999982,0.0,True,True,False,False
6991,4122,4122:storage_in,47.401999999998225,47.401999999998225,0.0,True,True,False,False
6992,4122,4122:storage_out,260.4519999999975,260.4519999999975,0.0,True,True,False,False
6993,4123,4123:storage_in,47.05199999999604,47.05199999999604,0.0,True,True,False,False
6994,4123,4123:storage_out,207.90199999999822,207.90199999999822,0.0,True,True,False,False
6995,4124,4124:direct,207.4019999999946,209.6519999999946,2.25,True,True,False,False
6996,4125,4125:storage_in,45.60199999999895,45.60199999999895,0.0,True,True,False,False
6997,4125,4125:storage_out,270.4019999999982,270.4019999999982,0.0,True,True,False,False
6998,4126,4126:storage_in,46.04634000000078,46.04634000000078,0.0,True,True,False,False
6999,4126,4126:storage_out,261.4519999999975,261.4519999999975,0.0,True,True,False,False
7000,4127,4127:storage_in,57.282549999992625,57.282549999992625,0.0,True,True,False,False
7001,4127,4127:storage_out,217.40199999999822,217.40199999999822,0.0,True,True,False,False
7002,4128,4128:storage_in,50.00199999999677,50.00199999999677,0.0,True,True,False,False
7003,4128,4128:storage_out,262.4519999999975,262.4519999999975,0.0,True,True,False,False
7004,4129,4129:storage_in,46.80199999999604,46.80199999999604,0.0,True,True,False,False
7005,4129,4129:storage_out,209.90199999999822,209.90199999999822,0.0,True,True,False,False
7006,4130,4130:direct,218.0020000000004,218.0020000000004,0.0,True,True,False,False
7007,4131,4131:storage_in,50.43322999999509,50.43322999999509,0.0,True,True,False,False
7008,4131,4131:storage_out,260.9019999999982,260.9019999999982,0.0,True,True,False,False
7009,4132,4132:storage_in,47.30199999999604,47.30199999999604,0.0,True,True,False,False
7010,4132,4132:storage_out,210.90199999999822,210.90199999999822,0.0,True,True,False,False
7011,4133,4133:storage_in,45.60199999999895,45.60199999999895,0.0,True,True,False,False
7012,4133,4133:storage_out,263.9519999999975,263.9519999999975,0.0,True,True,False,False
7013,4134,4134:storage_in,46.80199999999604,46.80199999999604,0.0,True,True,False,False
7014,4134,4134:storage_out,211.90199999999822,211.90199999999822,0.0,True,True,False,False
7015,4135,4135:direct,222.6854899999962,225.8395500000006,3.1540600000043924,True,True,False,False
7016,4136,4136:direct,201.4019999999946,203.34287999999287,1.9408799999982875,True,True,False,False
7017,4137,4137:direct,219.21080000000075,218.0020000000004,-1.2088000000003376,True,True,False,False
7018,4138,4138:storage_in,47.05199999999604,63.30359999999928,16.251600000003236,True,True,False,False
7019,4138,4138:storage_out,198.40199999999822,198.40199999999822,0.0,True,True,False,False
7020,4139,4139:storage_in,52.98957999999766,52.73957999999766,-0.25,True,True,False,False
7021,4139,4139:storage_out,271.4019999999982,271.4019999999982,0.0,True,True,False,False
7022,4140,4140:direct,212.60263999999006,204.00199999999313,-8.600639999996929,True,True,False,False
7023,4141,4141:storage_in,53.689559999991616,55.57183999999688,1.8822800000052666,True,True,False,False
7024,4141,4141:storage_out,260.4019999999982,260.4019999999982,0.0,True,True,False,False
7025,4142,4142:storage_in,51.473889999993844,52.176509999997506,0.7026200000036624,True,True,False,False
7026,4142,4142:storage_out,222.40199999999822,222.40199999999822,0.0,True,True,False,False
7027,4143,4143:direct,219.9623799999972,220.76499999999942,0.8026200000022072,True,True,False,False
7028,4144,4144:storage_in,57.9893299999967,59.3993399999963,1.4100099999996019,True,True,False,False
7029,4144,4144:storage_out,199.40199999999822,199.40199999999822,0.0,True,True,False,False
7030,4145,4145:storage_in,46.73624999999447,48.53886999999668,1.8026200000022072,True,True,False,False
7031,4145,4145:storage_out,223.40199999999822,223.40199999999822,0.0,True,True,False,False
7032,4146,4146:storage_in,47.37417999999161,48.07679999999527,0.7026200000036624,True,True,False,False
7033,4146,4146:storage_out,261.9019999999982,261.9019999999982,0.0,True,True,False,False
7034,4147,4147:direct,194.25185999999667,194.87219999999797,0.6203400000013062,True,True,False,False
7035,4148,4148:storage_in,50.55199999999604,50.97552999999607,0.42353000000002794,True,True,False,False
7036,4148,4148:storage_out,265.1519999999982,265.1519999999982,0.0,True,True,False,False
7037,4149,4149:direct,189.3697199999915,189.25199999999677,-0.11771999999473337,True,True,False,False
7038,4150,4150:storage_in,45.60199999999895,46.47219999999652,0.8701999999975669,True,True,False,False
7039,4150,4150:storage_out,224.40199999999822,224.40199999999822,0.0,True,True,False,False
7040,4151,4151:storage_in,47.55199999999604,47.91967999999906,0.3676800000030198,True,True,False,False
7041,4151,4151:storage_out,266.1519999999982,266.1519999999982,0.0,True,True,False,False
7042,4152,4152:storage_in,49.00199999999677,50.25199999999677,1.25,True,True,False,False
7043,4152,4152:storage_out,272.4019999999982,272.4019999999982,0.0,True,True,False,False
7044,4153,4153:storage_in,55.514149999995425,55.514149999995425,0.0,True,True,False,False
7045,4153,4153:storage_out,262.9019999999982,262.9019999999982,0.0,True,True,False,False
7046,4154,4154:storage_in,104.1439799999971,104.1439799999971,0.0,True,True,False,False
7047,4154,4154:storage_out,272.4019999999982,272.4019999999982,0.0,True,True,False,False
7048,4155,4155:storage_in,46.80199999999604,46.80199999999604,0.0,True,True,False,False
7049,4155,4155:storage_out,267.1519999999982,267.1519999999982,0.0,True,True,False,False
7050,4156,4156:direct,221.10199999999895,221.35199999999895,0.25,True,True,False,False
7051,4157,4157:storage_in,45.651999999998225,45.651999999998225,0.0,True,True,False,False
7052,4157,4157:storage_out,273.4019999999982,273.4019999999982,0.0,True,True,False,False
7053,4158,4158:storage_in,253.51681999999346,253.51681999999346,0.0,True,True,False,False
7054,4158,4158:storage_out,161.40199999999822,161.40199999999822,0.0,True,True,False,False
7055,4159,4159:direct,189.00199999999677,189.00199999999677,0.0,True,True,False,False
7056,4160,4160:storage_in,51.80199999999604,51.80199999999604,0.0,True,True,False,False
7057,4160,4160:storage_out,268.1519999999982,268.1519999999982,0.0,True,True,False,False
7058,4161,4161:direct,219.60311999999976,218.0020000000004,-1.601119999999355,True,True,False,False
7059,4162,4162:storage_in,246.1568599999955,246.1568599999955,0.0,True,True,False,False
7060,4162,4162:storage_out,211.40199999999822,211.40199999999822,0.0,True,True,False,False
7061,4163,4163:storage_in,250.1929499999933,250.1929499999933,0.0,True,True,False,False
7062,4163,4163:storage_out,162.40199999999822,162.40199999999822,0.0,True,True,False,False
7063,4164,4164:storage_in,49.7583099999938,49.7583099999938,0.0,True,True,False,False
7064,4164,4164:storage_out,282.2019999999975,282.2019999999975,0.0,True,True,False,False
7065,4165,4165:direct,188.9519999999975,188.2019999999975,-0.75,True,True,False,False
7066,4166,4166:storage_in,213.15700999999535,213.15700999999535,0.0,True,True,False,False
7067,4166,4166:storage_out,264.4019999999982,264.4019999999982,0.0,True,True,False,False
7068,4167,4167:direct,217.20200000000114,217.20200000000114,0.0,True,True,False,False
7069,4168,4168:storage_in,47.30199999999604,47.30199999999604,0.0,True,True,False,False
7070,4168,4168:storage_out,269.1519999999982,269.1519999999982,0.0,True,True,False,False
7071,4169,4169:direct,221.35199999999895,222.3898999999983,1.037899999999354,True,True,False,False
7072,4170,4170:storage_in,53.13496999999552,53.13496999999552,0.0,True,True,False,False
7073,4170,4170:storage_out,264.9519999999975,264.9519999999975,0.0,True,True,False,False
7074,4171,4171:direct,192.10199999999531,192.10199999999531,0.0,True,True,False,False
7075,4172,4172:storage_in,90.23326999999335,90.23326999999335,0.0,True,True,False,False
7076,4172,4172:storage_out,263.9019999999982,263.9019999999982,0.0,True,True,False,False
7077,4173,4173:direct,218.0020000000004,218.0020000000004,0.0,True,True,False,False
7078,4174,4174:storage_in,53.38532999999734,53.38532999999734,0.0,True,True,False,False
7079,4174,4174:storage_out,270.1519999999982,270.1519999999982,0.0,True,True,False,False
7080,4175,4175:storage_in,50.471599999997125,50.471599999997125,0.0,True,True,False,False
7081,4175,4175:storage_out,212.90199999999822,212.90199999999822,0.0,True,True,False,False
7082,4176,4176:storage_in,281.01564999999755,281.01564999999755,0.0,True,True,False,False
7083,4176,4176:storage_out,186.40199999999822,186.40199999999822,0.0,True,True,False,False
7084,4177,4177:storage_in,45.60199999999895,45.60199999999895,0.0,True,True,False,False
7085,4177,4177:storage_out,325.4519999999975,325.4519999999975,0.0,True,True,False,False
7086,4178,4178:storage_in,54.43018999999549,54.43018999999549,0.0,True,True,False,False
7087,4178,4178:storage_out,271.1519999999982,271.1519999999982,0.0,True,True,False,False
7088,4179,4179:storage_in,46.401999999998225,46.401999999998225,0.0,True,True,False,False
7089,4179,4179:storage_out,162.40199999999822,162.40199999999822,0.0,True,True,False,False
7090,4180,4180:storage_in,226.4673799999946,226.4673799999946,0.0,True,True,False,False
7091,4180,4180:storage_out,218.40199999999822,218.40199999999822,0.0,True,True,False,False
7092,4181,4181:direct,220.60199999999895,220.60199999999895,0.0,True,True,False,False
7093,4182,4182:storage_in,46.401999999998225,46.401999999998225,0.0,True,True,False,False
7094,4182,4182:storage_out,273.4019999999982,273.4019999999982,0.0,True,True,False,False
7095,4183,4183:storage_in,53.759399999999005,53.759399999999005,0.0,True,True,False,False
7096,4183,4183:storage_out,272.1519999999982,272.1519999999982,0.0,True,True,False,False
7097,4184,4184:direct,219.0020000000004,219.0020000000004,0.0,True,True,False,False
7098,4185,4185:storage_in,52.02248999999938,52.02248999999938,0.0,True,True,False,False
7099,4185,4185:storage_out,286.2019999999975,286.2019999999975,0.0,True,True,False,False
7100,4186,4186:storage_in,49.766509999994014,49.766509999994014,0.0,True,True,False,False
7101,4186,4186:storage_out,273.1519999999982,273.1519999999982,0.0,True,True,False,False
7102,4187,4187:storage_in,45.60199999999895,45.60199999999895,0.0,True,True,False,False
7103,4187,4187:storage_out,235.40199999999822,235.40199999999822,0.0,True,True,False,False
7104,4188,4188:direct,217.54575000000114,217.54575000000114,0.0,True,True,False,False
7105,4189,4189:storage_in,48.5374899999988,48.5374899999988,0.0,True,True,False,False
7106,4189,4189:storage_out,287.2019999999975,287.2019999999975,0.0,True,True,False,False
7107,4190,4190:direct,220.60199999999895,220.60199999999895,0.0,True,True,False,False
7108,4191,4191:storage_in,216.62843999999313,216.62843999999313,0.0,True,True,False,False
7109,4191,4191:storage_out,205.40199999999822,205.40199999999822,0.0,True,True,False,False
7110,4192,4192:direct,220.90504999999757,220.90504999999757,0.0,True,True,False,False
7111,4193,4193:storage_in,176.448419999997,176.448419999997,0.0,True,True,False,False
7112,4193,4193:storage_out,264.9019999999982,264.9019999999982,0.0,True,True,False,False
7113,4194,4194:storage_in,47.837219999997615,47.837219999997615,0.0,True,True,False,False
7114,4194,4194:storage_out,237.40199999999822,237.40199999999822,0.0,True,True,False,False
7115,4195,4195:direct,217.20200000000114,217.20200000000114,0.0,True,True,False,False
7116,4196,4196:storage_in,47.55199999999604,47.55199999999604,0.0,True,True,False,False
7117,4196,4196:storage_out,288.2019999999975,288.2019999999975,0.0,True,True,False,False
7118,4197,4197:storage_in,52.00199999999677,52.00199999999677,0.0,True,True,False,False
7119,4197,4197:storage_out,236.40199999999822,236.40199999999822,0.0,True,True,False,False
7120,4198,4198:storage_in,52.55907999999545,52.55907999999545,0.0,True,True,False,False
7121,4198,4198:storage_out,289.4519999999975,289.4519999999975,0.0,True,True,False,False
7122,4199,4199:storage_in,51.74798999999621,51.74798999999621,0.0,True,True,False,False
7123,4199,4199:storage_out,274.6519999999982,274.6519999999982,0.0,True,True,False,False
7124,4200,4200:storage_in,46.401999999998225,46.401999999998225,0.0,True,True,False,False
7125,4200,4200:storage_out,237.40199999999822,237.40199999999822,0.0,True,True,False,False
7126,4201,4201:storage_in,50.37857999999687,50.37857999999687,0.0,True,True,False,False
7127,4201,4201:storage_out,289.2019999999975,289.2019999999975,0.0,True,True,False,False
7128,4202,4202:storage_in,45.60199999999895,45.60199999999895,0.0,True,True,False,False
7129,4202,4202:storage_out,274.4019999999982,274.4019999999982,0.0,True,True,False,False
7130,4203,4203:storage_in,208.56251999999222,208.56251999999222,0.0,True,True,False,False
7131,4203,4203:storage_out,163.40199999999822,163.40199999999822,0.0,True,True,False,False
7132,4204,4204:storage_in,49.00199999999677,49.00199999999677,0.0,True,True,False,False
7133,4204,4204:storage_out,226.40199999999822,226.40199999999822,0.0,True,True,False,False
7134,4205,4205:storage_in,214.67237000000023,214.67237000000023,0.0,True,True,False,False
7135,4205,4205:storage_out,193.40199999999822,193.40199999999822,0.0,True,True,False,False
7136,4206,4206:storage_in,47.401999999998225,47.401999999998225,0.0,True,True,False,False
7137,4206,4206:storage_out,227.40199999999822,227.40199999999822,0.0,True,True,False,False
7138,4207,4207:storage_in,50.25199999999677,50.25199999999677,0.0,True,True,False,False
7139,4207,4207:storage_out,275.6519999999982,275.6519999999982,0.0,True,True,False,False
7140,4208,4208:direct,218.0020000000004,218.0020000000004,0.0,True,True,False,False
7141,4209,4209:storage_in,214.99596999999994,214.99596999999994,0.0,True,True,False,False
7142,4209,4209:storage_out,194.40199999999822,194.40199999999822,0.0,True,True,False,False
7143,4210,4210:storage_in,200.26288999999815,200.26288999999815,0.0,True,True,False,False
7144,4210,4210:storage_out,203.40199999999822,203.40199999999822,0.0,True,True,False,False
7145,4211,4211:storage_in,45.60199999999895,45.60199999999895,0.0,True,True,False,False
7146,4211,4211:storage_out,275.4019999999982,275.4019999999982,0.0,True,True,False,False
7147,4212,4212:direct,253.97104000000036,253.97104000000036,0.0,True,True,False,False
7148,4213,4213:storage_in,212.19119999999748,212.19119999999748,0.0,True,True,False,False
7149,4213,4213:storage_out,195.40199999999822,195.40199999999822,0.0,True,True,False,False
7150,4214,4214:storage_in,102.41419999999925,102.41419999999925,0.0,True,True,False,False
7151,4214,4214:storage_out,276.4019999999982,276.4019999999982,0.0,True,True,False,False
7152,4215,4215:storage_in,103.01656999999614,103.01656999999614,0.0,True,True,False,False
7153,4215,4215:storage_out,213.90199999999822,213.90199999999822,0.0,True,True,False,False
7154,4216,4216:direct,252.31921000000148,252.31921000000148,0.0,True,True,False,False
7155,4217,4217:storage_in,133.18959999999788,133.18959999999788,0.0,True,True,False,False
7156,4217,4217:storage_out,276.6519999999982,276.6519999999982,0.0,True,True,False,False
7157,4218,4218:direct,231.27486999999383,231.27486999999383,0.0,True,True,False,False
7158,4219,4219:storage_in,128.0633899999957,128.0633899999957,0.0,True,True,False,False
7159,4219,4219:storage_out,277.6519999999982,277.6519999999982,0.0,True,True,False,False
7160,4220,4220:storage_in,206.69920999999522,206.69920999999522,0.0,True,True,False,False
7161,4220,4220:storage_out,196.40199999999822,196.40199999999822,0.0,True,True,False,False
7162,4221,4221:direct,261.0898399999969,261.0898399999969,0.0,True,True,False,False
7163,4222,4222:storage_in,126.45015999999669,126.45015999999669,0.0,True,True,False,False
7164,4222,4222:storage_out,278.6519999999982,278.6519999999982,0.0,True,True,False,False
7165,4223,4223:storage_in,94.59436999999889,94.59436999999889,0.0,True,True,False,False
7166,4223,4223:storage_out,266.9519999999975,266.9519999999975,0.0,True,True,False,False
7167,4224,4224:storage_in,97.930129999997,97.930129999997,0.0,True,True,False,False
7168,4224,4224:storage_out,267.9519999999975,267.9519999999975,0.0,True,True,False,False
7169,4225,4225:storage_in,180.28472999999212,180.28472999999212,0.0,True,True,False,False
7170,4225,4225:storage_out,167.40199999999822,167.40199999999822,0.0,True,True,False,False
7171,4226,4226:storage_in,122.87573999999586,122.87573999999586,0.0,True,True,False,False
7172,4226,4226:storage_out,292.7019999999975,292.7019999999975,0.0,True,True,False,False
7173,4227,4227:storage_in,95.28599999999642,95.28599999999642,0.0,True,True,False,False
7174,4227,4227:storage_out,268.9519999999975,268.9519999999975,0.0,True,True,False,False
7175,4228,4228:storage_in,95.41542999999729,95.41542999999729,0.0,True,True,False,False
7176,4228,4228:storage_out,269.9519999999975,269.9519999999975,0.0,True,True,False,False
7177,4229,4229:storage_in,119.58209999999599,119.58209999999599,0.0,True,True,False,False
7178,4229,4229:storage_out,279.6519999999982,279.6519999999982,0.0,True,True,False,False
7179,4230,4230:direct,188.2019999999975,188.2019999999975,0.0,True,True,False,False
7180,4231,4231:direct,253.3289500000028,253.3289500000028,0.0,True,True,False,False
7181,4232,4232:storage_in,91.5821999999971,91.5821999999971,0.0,True,True,False,False
7182,4232,4232:storage_out,270.9519999999975,270.9519999999975,0.0,True,True,False,False
7183,4233,4233:storage_in,117.27193999999508,117.27193999999508,0.0,True,True,False,False
7184,4233,4233:storage_out,280.6519999999982,280.6519999999982,0.0,True,True,False,False
7185,4234,4234:storage_in,114.05193999999756,114.05193999999756,0.0,True,True,False,False
7186,4234,4234:storage_out,281.6519999999982,281.6519999999982,0.0,True,True,False,False
7187,4235,4235:storage_in,87.75397999999768,87.75397999999768,0.0,True,True,False,False
7188,4235,4235:storage_out,271.9519999999975,271.9519999999975,0.0,True,True,False,False
7189,4236,4236:storage_in,104.38526999999522,104.38526999999522,0.0,True,True,False,False
7190,4236,4236:storage_out,272.9519999999975,272.9519999999975,0.0,True,True,False,False
7191,4237,4237:direct,203.12757999999303,203.12757999999303,0.0,True,True,False,False
7192,4238,4238:direct,246.30704999999944,246.30704999999944,0.0,True,True,False,False
7193,4239,4239:direct,202.4019999999946,202.4019999999946,0.0,True,True,False,False
7194,4240,4240:direct,191.60199999999531,191.60199999999531,0.0,True,True,False,False
7195,4241,4241:storage_in,167.10755999999674,167.10755999999674,0.0,True,True,False,False
7196,4241,4241:storage_out,165.40199999999822,165.40199999999822,0.0,True,True,False,False
7197,4242,4242:direct,191.93211999999403,191.93211999999403,0.0,True,True,False,False
7198,4243,4243:storage_in,119.87342999999964,119.87342999999964,0.0,True,True,False,False
7199,4243,4243:storage_out,265.9019999999982,265.9019999999982,0.0,True,True,False,False
7200,4244,4244:storage_in,105.78448999999819,105.78448999999819,0.0,True,True,False,False
7201,4244,4244:storage_out,282.6519999999982,282.6519999999982,0.0,True,True,False,False
7202,4245,4245:direct,188.2019999999975,188.2019999999975,0.0,True,True,False,False
7203,4246,4246:storage_in,164.33082999999533,164.33082999999533,0.0,True,True,False,False
7204,4246,4246:storage_out,166.40199999999822,166.40199999999822,0.0,True,True,False,False
7205,4247,4247:direct,191.60199999999531,191.60199999999531,0.0,True,True,False,False
7206,4248,4248:direct,209.6417499999916,209.6417499999916,0.0,True,True,False,False
7207,4249,4249:storage_in,100.69158999999854,100.69158999999854,0.0,True,True,False,False
7208,4249,4249:storage_out,283.6519999999982,283.6519999999982,0.0,True,True,False,False
7209,4250,4250:direct,205.25199999999313,205.25199999999313,0.0,True,True,False,False
7210,4251,4251:direct,189.00199999999677,189.00199999999677,0.0,True,True,False,False
7211,4252,4252:storage_in,99.07491999999547,99.07491999999547,0.0,True,True,False,False
7212,4252,4252:storage_out,284.6519999999982,284.6519999999982,0.0,True,True,False,False
7213,4253,4253:storage_in,174.15652999999656,174.15652999999656,0.0,True,True,False,False
7214,4253,4253:storage_out,197.40199999999822,197.40199999999822,0.0,True,True,False,False
7215,4254,4254:direct,201.25199999999677,201.25199999999677,0.0,True,True,False,False
7216,4255,4255:direct,188.2019999999975,188.2019999999975,0.0,True,True,False,False
7217,4256,4256:storage_in,81.58532999999807,81.58532999999807,0.0,True,True,False,False
7218,4256,4256:storage_out,220.40199999999822,220.40199999999822,0.0,True,True,False,False
7219,4257,4257:direct,197.2149999999965,197.2149999999965,0.0,True,True,False,False
7220,4258,4258:direct,202.6519999999946,202.6519999999946,0.0,True,True,False,False
7221,4259,4259:direct,195.5422599999947,195.5422599999947,0.0,True,True,False,False
7222,4260,4260:storage_in,90.27064999999493,90.27064999999493,0.0,True,True,False,False
7223,4260,4260:storage_out,298.7019999999975,298.7019999999975,0.0,True,True,False,False
7224,4261,4261:direct,204.50199999999313,204.50199999999313,0.0,True,True,False,False
7225,4262,4262:storage_in,86.47370999999475,86.47370999999475,0.0,True,True,False,False
7226,4262,4262:storage_out,299.7019999999975,299.7019999999975,0.0,True,True,False,False
7227,4263,4263:direct,191.20890999999756,191.20890999999756,0.0,True,True,False,False
7228,4264,4264:storage_in,85.90941999999632,85.90941999999632,0.0,True,True,False,False
7229,4264,4264:storage_out,300.7019999999975,300.7019999999975,0.0,True,True,False,False
7230,4265,4265:storage_in,125.7394999999924,125.7394999999924,0.0,True,True,False,False
7231,4265,4265:storage_out,219.40199999999822,219.40199999999822,0.0,True,True,False,False
7232,4266,4266:storage_in,84.24255999999514,84.24255999999514,0.0,True,True,False,False
7233,4266,4266:storage_out,301.7019999999975,301.7019999999975,0.0,True,True,False,False
7234,4267,4267:storage_in,123.96176999999443,123.96176999999443,0.0,True,True,False,False
7235,4267,4267:storage_out,220.40199999999822,220.40199999999822,0.0,True,True,False,False
7236,4268,4268:storage_in,95.99407999999312,95.99407999999312,0.0,True,True,False,False
7237,4268,4268:storage_out,228.40199999999822,228.40199999999822,0.0,True,True,False,False
7238,4269,4269:direct,236.8777799999989,236.8777799999989,0.0,True,True,False,False
7239,4270,4270:storage_in,81.15375999999742,81.15375999999742,0.0,True,True,False,False
7240,4270,4270:storage_out,302.7019999999975,302.7019999999975,0.0,True,True,False,False
7241,4271,4271:direct,206.50199999999313,206.50199999999313,0.0,True,True,False,False
7242,4272,4272:direct,204.17779999999402,204.17779999999402,0.0,True,True,False,False
7243,4273,4273:storage_in,75.57635999999547,75.57635999999547,0.0,True,True,False,False
7244,4273,4273:storage_out,289.1519999999982,289.1519999999982,0.0,True,True,False,False
7245,4274,4274:storage_in,155.81377999999677,155.81377999999677,0.0,True,True,False,False
7246,4274,4274:storage_out,209.2019999999975,209.2019999999975,0.0,True,True,False,False
7247,4275,4275:storage_in,71.14026999999624,71.14026999999624,0.0,True,True,False,False
7248,4275,4275:storage_out,303.7019999999975,303.7019999999975,0.0,True,True,False,False
7249,4276,4276:storage_in,67.47378999999637,67.47378999999637,0.0,True,True,False,False
7250,4276,4276:storage_out,304.7019999999975,304.7019999999975,0.0,True,True,False,False
7251,4277,4277:direct,205.1891699999942,205.1891699999942,0.0,True,True,False,False
7252,4278,4278:direct,206.25199999999313,206.25199999999313,0.0,True,True,False,False
7253,4279,4279:storage_in,65.13607999999658,65.13607999999658,0.0,True,True,False,False
7254,4279,4279:storage_out,305.7019999999975,305.7019999999975,0.0,True,True,False,False
7255,4280,4280:direct,201.00199999999677,201.00199999999677,0.0,True,True,False,False
7256,4281,4281:direct,201.4019999999946,201.4019999999946,0.0,True,True,False,False
7257,4282,4282:direct,201.4019999999946,201.4019999999946,0.0,True,True,False,False
7258,4283,4283:direct,216.85594999999012,216.85594999999012,0.0,True,True,False,False
7259,4284,4284:storage_in,55.95199999999386,55.95199999999386,0.0,True,True,False,False
7260,4284,4284:storage_out,238.40199999999822,238.40199999999822,0.0,True,True,False,False
7261,4285,4285:storage_in,56.22238999999172,56.22238999999172,0.0,True,True,False,False
7262,4285,4285:storage_out,268.4019999999982,268.4019999999982,0.0,True,True,False,False
7263,4286,4286:storage_in,49.70042999999714,49.70042999999714,0.0,True,True,False,False
7264,4286,4286:storage_out,239.40199999999822,239.40199999999822,0.0,True,True,False,False
7265,4287,4287:storage_in,47.651999999998225,47.651999999998225,0.0,True,True,False,False
7266,4287,4287:storage_out,238.40199999999822,238.40199999999822,0.0,True,True,False,False
7267,4288,4288:storage_in,49.205849999994825,49.205849999994825,0.0,True,True,False,False
7268,4288,4288:storage_out,240.40199999999822,240.40199999999822,0.0,True,True,False,False
7269,4289,4289:storage_in,74.01035999999294,74.01035999999294,0.0,True,True,False,False
7270,4289,4289:storage_out,278.4019999999982,278.4019999999982,0.0,True,True,False,False
7271,4290,4290:storage_in,45.98533999999927,45.98533999999927,0.0,True,True,False,False
7272,4290,4290:storage_out,240.40199999999822,240.40199999999822,0.0,True,True,False,False
7273,4291,4291:direct,208.8707599999907,208.8707599999907,0.0,True,True,False,False
7274,4292,4292:storage_in,90.12998999999763,90.12998999999763,0.0,True,True,False,False
7275,4292,4292:storage_out,167.40199999999822,167.40199999999822,0.0,True,True,False,False
7276,4293,4293:storage_in,69.79177999999592,69.79177999999592,0.0,True,True,False,False
7277,4293,4293:storage_out,241.40199999999822,241.40199999999822,0.0,True,True,False,False
7278,4294,4294:direct,210.25199999999313,210.25199999999313,0.0,True,True,False,False
7279,4295,4295:direct,210.7038899999934,210.7038899999934,0.0,True,True,False,False
7280,4296,4296:storage_in,61.7031899999929,61.7031899999929,0.0,True,True,False,False
7281,4296,4296:storage_out,241.40199999999822,241.40199999999822,0.0,True,True,False,False
7282,4297,4297:direct,231.19771999999648,231.19771999999648,0.0,True,True,False,False
7283,4298,4298:storage_in,67.71839999999429,67.71839999999429,0.0,True,True,False,False
7284,4298,4298:storage_out,230.40199999999822,230.40199999999822,0.0,True,True,False,False
7285,4299,4299:storage_in,60.15129999999408,60.15129999999408,0.0,True,True,False,False
7286,4299,4299:storage_out,242.40199999999822,242.40199999999822,0.0,True,True,False,False
7287,4300,4300:storage_in,66.05161999999473,66.05161999999473,0.0,True,True,False,False
7288,4300,4300:storage_out,231.40199999999822,231.40199999999822,0.0,True,True,False,False
7289,4301,4301:direct,205.00199999999313,205.00199999999313,0.0,True,True,False,False
7290,4302,4302:storage_in,54.38499999999476,54.38499999999476,0.0,True,True,False,False
7291,4302,4302:storage_out,277.4019999999982,277.4019999999982,0.0,True,True,False,False
7292,4303,4303:storage_in,56.01471999999558,56.01471999999558,0.0,True,True,False,False
7293,4303,4303:storage_out,273.9519999999975,273.9519999999975,0.0,True,True,False,False
7294,4304,4304:storage_in,55.718379999994795,55.718379999994795,0.0,True,True,False,False
7295,4304,4304:storage_out,292.1519999999982,292.1519999999982,0.0,True,True,False,False
7296,4305,4305:direct,201.00199999999677,201.00199999999677,0.0,True,True,False,False
7297,4306,4306:storage_in,54.05199999999604,54.05199999999604,0.0,True,True,False,False
7298,4306,4306:storage_out,293.1519999999982,293.1519999999982,0.0,True,True,False,False
7299,4307,4307:direct,203.1519999999946,203.1519999999946,0.0,True,True,False,False
7300,4308,4308:direct,201.00199999999677,201.00199999999677,0.0,True,True,False,False
7301,4309,4309:direct,204.00199999999313,204.00199999999313,0.0,True,True,False,False
7302,4310,4310:storage_in,46.20210999999472,46.20210999999472,0.0,True,True,False,False
7303,4310,4310:storage_out,266.9019999999982,266.9019999999982,0.0,True,True,False,False
7304,4311,4311:direct,201.4019999999946,201.4019999999946,0.0,True,True,False,False
7305,4312,4312:storage_in,74.616909999997,74.616909999997,0.0,True,True,False,False
7306,4312,4312:storage_out,198.40199999999822,198.40199999999822,0.0,True,True,False,False
7307,4313,4313:storage_in,49.77151999999478,49.77151999999478,0.0,True,True,False,False
7308,4313,4313:storage_out,232.40199999999822,232.40199999999822,0.0,True,True,False,False
7309,4314,4314:direct,190.36790999999357,190.36790999999357,0.0,True,True,False,False
7310,4315,4315:storage_in,57.32109999999739,57.32109999999739,0.0,True,True,False,False
7311,4315,4315:storage_out,221.40199999999822,221.40199999999822,0.0,True,True,False,False
7312,4316,4316:direct,201.4019999999946,201.4019999999946,0.0,True,True,False,False
7313,4317,4317:direct,206.75199999999313,206.75199999999313,0.0,True,True,False,False
7314,4318,4318:storage_in,46.02444999999716,46.02444999999716,0.0,True,True,False,False
7315,4318,4318:storage_out,222.40199999999822,222.40199999999822,0.0,True,True,False,False
7316,4319,4319:storage_in,50.00239999999758,50.00239999999758,0.0,True,True,False,False
7317,4319,4319:storage_out,278.4019999999982,278.4019999999982,0.0,True,True,False,False
7318,4320,4320:direct,189.4519999999975,189.4519999999975,0.0,True,True,False,False
7319,4321,4321:direct,202.4019999999946,202.4019999999946,0.0,True,True,False,False
7320,4322,4322:storage_in,46.59979999999996,46.59979999999996,0.0,True,True,False,False
7321,4322,4322:storage_out,331.4519999999975,331.4519999999975,0.0,True,True,False,False
7322,4323,4323:direct,201.00199999999677,201.00199999999677,0.0,True,True,False,False
7323,4324,4324:direct,193.85199999999531,193.85199999999531,0.0,True,True,False,False
7324,4325,4325:storage_in,64.03577999999834,64.03577999999834,0.0,True,True,False,False
7325,4325,4325:storage_out,223.40199999999822,223.40199999999822,0.0,True,True,False,False
7326,4326,4326:storage_in,53.330589999997756,53.330589999997756,0.0,True,True,False,False
7327,4326,4326:storage_out,307.2019999999975,307.2019999999975,0.0,True,True,False,False
7328,4327,4327:direct,201.9019999999946,201.9019999999946,0.0,True,True,False,False
7329,4328,4328:storage_in,274.60960999999224,274.60960999999224,0.0,True,True,False,False
7330,4328,4328:storage_out,272.4019999999982,272.4019999999982,0.0,True,True,False,False
7331,4329,4329:direct,189.25199999999677,189.25199999999677,0.0,True,True,False,False
7332,4330,4330:storage_in,59.24594999999681,59.24594999999681,0.0,True,True,False,False
7333,4330,4330:storage_out,224.40199999999822,224.40199999999822,0.0,True,True,False,False
7334,4331,4331:direct,206.20418999998947,206.20418999998947,0.0,True,True,False,False
7335,4332,4332:storage_in,52.57051999999749,52.57051999999749,0.0,True,True,False,False
7336,4332,4332:storage_out,234.4519999999975,234.4519999999975,0.0,True,True,False,False
7337,4333,4333:storage_in,272.94293999999354,272.94293999999354,0.0,True,True,False,False
7338,4333,4333:storage_out,234.40199999999822,234.40199999999822,0.0,True,True,False,False
7339,4334,4334:storage_in,139.88248999999996,139.88248999999996,0.0,True,True,False,False
7340,4334,4334:storage_out,294.1519999999982,294.1519999999982,0.0,True,True,False,False
7341,4335,4335:storage_in,214.5232199999955,214.5232199999955,0.0,True,True,False,False
7342,4335,4335:storage_out,228.90199999999822,228.90199999999822,0.0,True,True,False,False
7343,4336,4336:storage_in,49.262229999996634,49.262229999996634,0.0,True,True,False,False
7344,4336,4336:storage_out,294.4519999999975,294.4519999999975,0.0,True,True,False,False
7345,4337,4337:storage_in,46.886759999997594,46.886759999997594,0.0,True,True,False,False
7346,4337,4337:storage_out,308.2019999999975,308.2019999999975,0.0,True,True,False,False
7347,4338,4338:storage_in,92.66176999999516,92.66176999999516,0.0,True,True,False,False
7348,4338,4338:storage_out,225.40199999999822,225.40199999999822,0.0,True,True,False,False
7349,4339,4339:direct,201.00199999999677,201.00199999999677,0.0,True,True,False,False
7350,4340,4340:storage_in,49.45889999999781,49.45889999999781,0.0,True,True,False,False
7351,4340,4340:storage_out,281.9519999999975,281.9519999999975,0.0,True,True,False,False
7352,4341,4341:storage_in,320.56209999997736,320.56209999997736,0.0,True,True,False,False
7353,4341,4341:storage_out,168.40199999999822,168.40199999999822,0.0,True,True,False,False
7354,4342,4342:storage_in,278.7595399999882,278.7595399999882,0.0,True,True,False,False
7355,4342,4342:storage_out,221.40199999999822,221.40199999999822,0.0,True,True,False,False
7356,4343,4343:storage_in,136.41289999999572,136.41289999999572,0.0,True,True,False,False
7357,4343,4343:storage_out,295.1519999999982,295.1519999999982,0.0,True,True,False,False
7358,4344,4344:direct,189.4519999999975,189.4519999999975,0.0,True,True,False,False
7359,4345,4345:storage_in,82.98913999999786,82.98913999999786,0.0,True,True,False,False
7360,4345,4345:storage_out,226.40199999999822,226.40199999999822,0.0,True,True,False,False
7361,4346,4346:storage_in,50.20174999999654,50.20174999999654,0.0,True,True,False,False
7362,4346,4346:storage_out,295.4519999999975,295.4519999999975,0.0,True,True,False,False
7363,4347,4347:storage_in,86.91605999999592,86.91605999999592,0.0,True,True,False,False
7364,4347,4347:storage_out,227.40199999999822,227.40199999999822,0.0,True,True,False,False
7365,4348,4348:storage_in,48.93243999999686,48.93243999999686,0.0,True,True,False,False
7366,4348,4348:storage_out,228.40199999999822,228.40199999999822,0.0,True,True,False,False
7367,4349,4349:storage_in,107.36620000000039,107.30290999999852,-0.0632900000018708,True,True,False,False
7368,4349,4349:storage_out,229.40199999999822,229.40199999999822,0.0,True,True,False,False
7369,4350,4350:direct,217.20200000000114,217.20200000000114,0.0,True,True,False,False
7370,4351,4351:storage_in,274.42629999998826,274.42629999998826,0.0,True,True,False,False
7371,4351,4351:storage_out,222.40199999999822,222.40199999999822,0.0,True,True,False,False
7372,4352,4352:direct,192.4869999999937,192.4869999999937,0.0,True,True,False,False
7373,4353,4353:storage_in,274.0408999999854,274.0408999999854,0.0,True,True,False,False
7374,4353,4353:storage_out,236.4519999999975,236.4519999999975,0.0,True,True,False,False
7375,4354,4354:storage_in,139.72362999999677,139.72362999999677,0.0,True,True,False,False
7376,4354,4354:storage_out,281.9019999999982,281.9019999999982,0.0,True,True,False,False
7377,4355,4355:storage_in,50.37080999999671,50.37080999999671,0.0,True,True,False,False
7378,4355,4355:storage_out,318.4019999999982,318.4019999999982,0.0,True,True,False,False
7379,4356,4356:storage_in,48.24943999999596,48.24943999999596,0.0,True,True,False,False
7380,4356,4356:storage_out,235.40199999999822,235.40199999999822,0.0,True,True,False,False
7381,4357,4357:storage_in,98.63786999999866,98.57457999999679,-0.0632900000018708,True,True,False,False
7382,4357,4357:storage_out,282.4519999999975,282.4519999999975,0.0,True,True,False,False
7383,4358,4358:storage_in,272.3741899999877,272.3741899999877,0.0,True,True,False,False
7384,4358,4358:storage_out,237.4519999999975,237.4519999999975,0.0,True,True,False,False
7385,4359,4359:direct,191.85199999999531,191.85199999999531,0.0,True,True,False,False
7386,4360,4360:direct,201.00199999999677,201.00199999999677,0.0,True,True,False,False
7387,4361,4361:storage_in,47.55371999999625,47.55371999999625,0.0,True,True,False,False
7388,4361,4361:storage_out,229.90199999999822,229.90199999999822,0.0,True,True,False,False
7389,4362,4362:storage_in,69.9405599999991,69.9405599999991,0.0,True,True,False,False
7390,4362,4362:storage_out,243.40199999999822,243.40199999999822,0.0,True,True,False,False
7391,4363,4363:storage_in,127.07112000000052,127.07112000000052,0.0,True,True,False,False
7392,4363,4363:storage_out,309.2019999999975,309.2019999999975,0.0,True,True,False,False
7393,4364,4364:storage_in,47.37814999999682,47.37814999999682,0.0,True,True,False,False
7394,4364,4364:storage_out,332.4519999999975,332.4519999999975,0.0,True,True,False,False
7395,4365,4365:storage_in,51.623539999996865,51.623539999996865,0.0,True,True,False,False
7396,4365,4365:storage_out,244.40199999999822,244.40199999999822,0.0,True,True,False,False
7397,4366,4366:storage_in,46.50187999999616,46.50187999999616,0.0,True,True,False,False
7398,4366,4366:storage_out,236.40199999999822,236.40199999999822,0.0,True,True,False,False
7399,4367,4367:direct,220.9878299999982,219.8841399999983,-1.103689999999915,True,True,False,False
7400,4368,4368:direct,204.00199999999313,204.00199999999313,0.0,True,True,False,False
7401,4369,4369:storage_in,46.84179999999833,46.84179999999833,0.0,True,True,False,False
7402,4369,4369:storage_out,333.4519999999975,333.4519999999975,0.0,True,True,False,False
7403,4370,4370:direct,189.9314699999959,189.9314699999959,0.0,True,True,False,False
7404,4371,4371:storage_in,49.00199999999677,49.00199999999677,0.0,True,True,False,False
7405,4371,4371:storage_out,237.40199999999822,237.40199999999822,0.0,True,True,False,False
7406,4372,4372:direct,225.31610999999975,225.16753000000244,-0.14857999999730964,True,True,False,False
7407,4373,4373:storage_in,127.38061999999627,127.38061999999627,0.0,True,True,False,False
7408,4373,4373:storage_out,282.9019999999982,282.9019999999982,0.0,True,True,False,False
7409,4374,4374:storage_in,49.25199999999677,49.25199999999677,0.0,True,True,False,False
7410,4374,4374:storage_out,210.2019999999975,210.2019999999975,0.0,True,True,False,False
7411,4375,4375:storage_in,59.599999999998545,59.599999999998545,0.0,True,True,False,False
7412,4375,4375:storage_out,334.4519999999975,334.4519999999975,0.0,True,True,False,False
7413,4376,4376:storage_in,49.570019999995566,49.570019999995566,0.0,True,True,False,False
7414,4376,4376:storage_out,335.4519999999975,335.4519999999975,0.0,True,True,False,False
7415,4377,4377:storage_in,243.8968099999911,243.8968099999911,0.0,True,True,False,False
7416,4377,4377:storage_out,277.4019999999982,277.4019999999982,0.0,True,True,False,False
7417,4378,4378:storage_in,45.60199999999895,45.60199999999895,0.0,True,True,False,False
7418,4378,4378:storage_out,336.4519999999975,336.4519999999975,0.0,True,True,False,False
7419,4379,4379:direct,191.60199999999531,191.60199999999531,0.0,True,True,False,False
7420,4380,4380:direct,201.00199999999677,201.00199999999677,0.0,True,True,False,False
7421,4381,4381:storage_in,138.3873399999975,138.3873399999975,0.0,True,True,False,False
7422,4381,4381:storage_out,283.9019999999982,283.9019999999982,0.0,True,True,False,False
7423,4382,4382:storage_in,49.00199999999677,49.00199999999677,0.0,True,True,False,False
7424,4382,4382:storage_out,337.4519999999975,337.4519999999975,0.0,True,True,False,False
7425,4383,4383:direct,190.00199999999677,190.00199999999677,0.0,True,True,False,False
7426,4384,4384:storage_in,50.81430999999793,50.81430999999793,0.0,True,True,False,False
7427,4384,4384:storage_out,245.90199999999822,245.90199999999822,0.0,True,True,False,False
7428,4385,4385:direct,201.4019999999946,201.4019999999946,0.0,True,True,False,False
7429,4386,4386:storage_in,49.151999999998225,49.151999999998225,0.0,True,True,False,False
7430,4386,4386:storage_out,338.4519999999975,338.4519999999975,0.0,True,True,False,False
7431,4387,4387:storage_in,53.101999999995314,53.101999999995314,0.0,True,True,False,False
7432,4387,4387:storage_out,324.9019999999982,324.9019999999982,0.0,True,True,False,False
7433,4388,4388:storage_in,45.60199999999895,45.60199999999895,0.0,True,True,False,False
7434,4388,4388:storage_out,339.4519999999975,339.4519999999975,0.0,True,True,False,False
7435,4389,4389:direct,204.646759999996,204.646759999996,0.0,True,True,False,False
7436,4390,4390:storage_in,49.00199999999677,49.00199999999677,0.0,True,True,False,False
7437,4390,4390:storage_out,298.9519999999975,298.9519999999975,0.0,True,True,False,False
7438,4391,4391:storage_in,177.50859999999375,177.50859999999375,0.0,True,True,False,False
7439,4391,4391:storage_out,230.90199999999822,230.90199999999822,0.0,True,True,False,False
7440,4392,4392:storage_in,59.5505099999973,59.5505099999973,0.0,True,True,False,False
7441,4392,4392:storage_out,245.40199999999822,245.40199999999822,0.0,True,True,False,False
7442,4393,4393:storage_in,286.2367699999777,286.2367699999777,0.0,True,True,False,False
7443,4393,4393:storage_out,199.40199999999822,199.40199999999822,0.0,True,True,False,False
7444,4394,4394:direct,201.4019999999946,201.4019999999946,0.0,True,True,False,False
7445,4395,4395:storage_in,101.43711999999869,101.43711999999869,0.0,True,True,False,False
7446,4395,4395:storage_out,296.1519999999982,296.1519999999982,0.0,True,True,False,False
7447,4396,4396:storage_in,178.19263999999384,178.19263999999384,0.0,True,True,False,False
7448,4396,4396:storage_out,270.9019999999982,270.9019999999982,0.0,True,True,False,False
7449,4397,4397:storage_in,182.01038999999219,182.01038999999219,0.0,True,True,False,False
7450,4397,4397:storage_out,232.90199999999822,232.90199999999822,0.0,True,True,False,False
7451,4398,4398:direct,217.20200000000114,217.20200000000114,0.0,True,True,False,False
7452,4399,4399:storage_in,52.11236999999892,52.11236999999892,0.0,True,True,False,False
7453,4399,4399:storage_out,286.9019999999982,286.9019999999982,0.0,True,True,False,False
7454,4400,4400:storage_in,284.5582899999754,284.5582899999754,0.0,True,True,False,False
7455,4400,4400:storage_out,185.4019999999946,185.4019999999946,0.0,True,True,False,False
7456,4401,4401:direct,220.60199999999895,220.60199999999895,0.0,True,True,False,False
7457,4402,4402:storage_in,177.44567999999344,177.44567999999344,0.0,True,True,False,False
7458,4402,4402:storage_out,233.90199999999822,233.90199999999822,0.0,True,True,False,False
7459,4403,4403:storage_in,45.60199999999895,45.60199999999895,0.0,True,True,False,False
7460,4403,4403:storage_out,163.40199999999822,163.40199999999822,0.0,True,True,False,False
7461,4404,4404:storage_in,266.7411199999806,266.7411199999806,0.0,True,True,False,False
7462,4404,4404:storage_out,206.40199999999822,206.40199999999822,0.0,True,True,False,False
7463,4405,4405:storage_in,60.16200000000026,60.09870999999839,-0.0632900000018708,True,True,False,False
7464,4405,4405:storage_out,326.9019999999982,326.9019999999982,0.0,True,True,False,False
7465,4406,4406:storage_in,47.151999999998225,47.151999999998225,0.0,True,True,False,False
7466,4406,4406:storage_out,283.4519999999975,283.4519999999975,0.0,True,True,False,False
7467,4407,4407:storage_in,94.6487799999959,94.6487799999959,0.0,True,True,False,False
7468,4407,4407:storage_out,297.1519999999982,297.1519999999982,0.0,True,True,False,False
7469,4408,4408:storage_in,233.17094999998517,233.17094999998517,0.0,True,True,False,False
7470,4408,4408:storage_out,223.90199999999822,223.90199999999822,0.0,True,True,False,False
7471,4409,4409:storage_in,62.72871999999552,62.59542999999758,-0.13328999999794178,True,True,False,False
7472,4409,4409:storage_out,230.90199999999822,230.90199999999822,0.0,True,True,False,False
7473,4410,4410:storage_in,49.00199999999677,49.00199999999677,0.0,True,True,False,False
7474,4410,4410:storage_out,246.90199999999822,246.90199999999822,0.0,True,True,False,False
7475,4411,4411:storage_in,115.89216999999553,115.89216999999553,0.0,True,True,False,False
7476,4411,4411:storage_out,286.9019999999982,286.9019999999982,0.0,True,True,False,False
7477,4412,4412:storage_in,74.20260999999664,74.3193199999987,0.11671000000205822,True,True,False,False
7478,4412,4412:storage_out,231.90199999999822,231.90199999999822,0.0,True,True,False,False
7479,4413,4413:direct,217.20200000000114,217.20200000000114,0.0,True,True,False,False
7480,4414,4414:storage_in,171.6026299999903,171.6026299999903,0.0,True,True,False,False
7481,4414,4414:storage_out,273.9019999999982,273.9019999999982,0.0,True,True,False,False
7482,4415,4415:storage_in,143.85733999999866,143.85733999999866,0.0,True,True,False,False
7483,4415,4415:storage_out,287.9019999999982,287.9019999999982,0.0,True,True,False,False
7484,4416,4416:storage_in,170.56768999998894,170.56768999998894,0.0,True,True,False,False
7485,4416,4416:storage_out,235.90199999999822,235.90199999999822,0.0,True,True,False,False
7486,4417,4417:storage_in,46.651999999998225,46.651999999998225,0.0,True,True,False,False
7487,4417,4417:storage_out,311.2019999999975,311.2019999999975,0.0,True,True,False,False
7488,4418,4418:direct,220.60199999999895,220.60199999999895,0.0,True,True,False,False
7489,4419,4419:storage_in,112.72861999999441,112.72861999999441,0.0,True,True,False,False
7490,4419,4419:storage_out,288.9019999999982,288.9019999999982,0.0,True,True,False,False
7491,4420,4420:direct,217.20200000000114,217.20200000000114,0.0,True,True,False,False
7492,4421,4421:direct,219.00640999999814,219.00640999999814,0.0,True,True,False,False
7493,4422,4422:storage_in,226.6578299999819,226.6578299999819,0.0,True,True,False,False
7494,4422,4422:storage_out,224.90199999999822,224.90199999999822,0.0,True,True,False,False
7495,4423,4423:storage_in,46.401999999998225,46.401999999998225,0.0,True,True,False,False
7496,4423,4423:storage_out,164.40199999999822,164.40199999999822,0.0,True,True,False,False
7497,4424,4424:direct,188.2019999999975,188.2019999999975,0.0,True,True,False,False
7498,4425,4425:storage_in,49.00199999999677,49.00199999999677,0.0,True,True,False,False
7499,4425,4425:storage_out,312.2019999999975,312.2019999999975,0.0,True,True,False,False
7500,4426,4426:storage_in,66.53499999999985,66.53499999999985,0.0,True,True,False,False
7501,4426,4426:storage_out,232.90199999999822,232.90199999999822,0.0,True,True,False,False
7502,4427,4427:direct,201.00199999999677,201.00199999999677,0.0,True,True,False,False
7503,4428,4428:storage_in,50.32864999999583,50.32864999999583,0.0,True,True,False,False
7504,4428,4428:storage_out,313.2019999999975,313.2019999999975,0.0,True,True,False,False
7505,4429,4429:storage_in,49.50199999999677,49.50199999999677,0.0,True,True,False,False
7506,4429,4429:storage_out,250.90199999999822,250.90199999999822,0.0,True,True,False,False
7507,4430,4430:direct,217.20200000000114,217.20200000000114,0.0,True,True,False,False
7508,4431,4431:storage_in,46.20231000000058,46.20231000000058,0.0,True,True,False,False
7509,4431,4431:storage_out,233.90199999999822,233.90199999999822,0.0,True,True,False,False
7510,4432,4432:storage_in,258.1601099999716,258.1601099999716,0.0,True,True,False,False
7511,4432,4432:storage_out,186.4019999999946,186.4019999999946,0.0,True,True,False,False
7512,4433,4433:direct,191.9029399999963,191.9029399999963,0.0,True,True,False,False
7513,4434,4434:storage_in,50.00199999999677,50.00199999999677,0.0,True,True,False,False
7514,4434,4434:storage_out,314.2019999999975,314.2019999999975,0.0,True,True,False,False
7515,4435,4435:direct,204.00199999999313,204.00199999999313,0.0,True,True,False,False
7516,4436,4436:storage_in,45.60199999999895,45.60199999999895,0.0,True,True,False,False
7517,4436,4436:storage_out,251.90199999999822,251.90199999999822,0.0,True,True,False,False
7518,4437,4437:direct,201.00199999999677,201.00199999999677,0.0,True,True,False,False
7519,4438,4438:storage_in,49.30508999999438,49.30508999999438,0.0,True,True,False,False
7520,4438,4438:storage_out,315.2019999999975,315.2019999999975,0.0,True,True,False,False
7521,4439,4439:storage_in,131.9296699999977,131.9296699999977,0.0,True,True,False,False
7522,4439,4439:storage_out,291.9019999999982,291.9019999999982,0.0,True,True,False,False
7523,4440,4440:storage_in,45.60199999999895,45.60199999999895,0.0,True,True,False,False
7524,4440,4440:storage_out,316.2019999999975,316.2019999999975,0.0,True,True,False,False
7525,4441,4441:direct,191.60199999999531,191.60199999999531,0.0,True,True,False,False
7526,4442,4442:direct,192.10199999999531,192.10199999999531,0.0,True,True,False,False
7527,4443,4443:direct,201.4019999999946,201.4019999999946,0.0,True,True,False,False
7528,4444,4444:storage_in,49.81394999999611,49.81394999999611,0.0,True,True,False,False
7529,4444,4444:storage_out,317.2019999999975,317.2019999999975,0.0,True,True,False,False
7530,4445,4445:storage_in,47.151999999998225,47.151999999998225,0.0,True,True,False,False
7531,4445,4445:storage_out,253.90199999999822,253.90199999999822,0.0,True,True,False,False
7532,4446,4446:direct,201.4019999999946,201.4019999999946,0.0,True,True,False,False
7533,4447,4447:storage_in,49.24732999999469,49.24732999999469,0.0,True,True,False,False
7534,4447,4447:storage_out,318.2019999999975,318.2019999999975,0.0,True,True,False,False
7535,4448,4448:storage_in,184.7087099999917,184.7087099999917,0.0,True,True,False,False
7536,4448,4448:storage_out,278.4019999999982,278.4019999999982,0.0,True,True,False,False
7537,4449,4449:direct,204.00199999999313,204.00199999999313,0.0,True,True,False,False
7538,4450,4450:direct,204.85366999999314,204.85366999999314,0.0,True,True,False,False
7539,4451,4451:storage_in,45.60199999999895,45.60199999999895,0.0,True,True,False,False
7540,4451,4451:storage_out,319.2019999999975,319.2019999999975,0.0,True,True,False,False
7541,4452,4452:storage_in,50.75199999999677,50.75199999999677,0.0,True,True,False,False
7542,4452,4452:storage_out,320.2019999999975,320.2019999999975,0.0,True,True,False,False
7543,4453,4453:direct,190.3373799999972,190.3373799999972,0.0,True,True,False,False
7544,4454,4454:direct,201.00199999999677,201.00199999999677,0.0,True,True,False,False
7545,4455,4455:direct,188.2019999999975,188.2019999999975,0.0,True,True,False,False
7546,4456,4456:storage_in,116.5814599999976,116.5814599999976,0.0,True,True,False,False
7547,4456,4456:storage_out,293.9019999999982,293.9019999999982,0.0,True,True,False,False
7548,4457,4457:storage_in,191.7948799999831,191.7948799999831,0.0,True,True,False,False
7549,4457,4457:storage_out,173.40199999999822,173.40199999999822,0.0,True,True,False,False
7550,4458,4458:storage_in,132.14661999998862,132.14661999998862,0.0,True,True,False,False
7551,4458,4458:storage_out,275.9019999999982,275.9019999999982,0.0,True,True,False,False
7552,4459,4459:storage_in,54.63337999999203,54.63337999999203,0.0,True,True,False,False
7553,4459,4459:storage_out,306.6519999999982,306.6519999999982,0.0,True,True,False,False
7554,4460,4460:storage_in,51.65329999999449,51.65329999999449,0.0,True,True,False,False
7555,4460,4460:storage_out,327.9019999999982,327.9019999999982,0.0,True,True,False,False
7556,4461,4461:direct,205.00199999999313,205.00199999999313,0.0,True,True,False,False
7557,4462,4462:direct,188.2019999999975,188.2019999999975,0.0,True,True,False,False
7558,4463,4463:storage_in,48.480369999993854,48.480369999993854,0.0,True,True,False,False
7559,4463,4463:storage_out,307.6519999999982,307.6519999999982,0.0,True,True,False,False
7560,4464,4464:direct,201.00199999999677,201.00199999999677,0.0,True,True,False,False
7561,4465,4465:direct,204.75199999999313,204.75199999999313,0.0,True,True,False,False
7562,4466,4466:direct,220.60199999999895,220.60199999999895,0.0,True,True,False,False
7563,4467,4467:storage_in,60.814229999996314,60.814229999996314,0.0,True,True,False,False
7564,4467,4467:storage_out,308.6519999999982,308.6519999999982,0.0,True,True,False,False
7565,4468,4468:storage_in,132.29291999998895,132.29291999998895,0.0,True,True,False,False
7566,4468,4468:storage_out,276.9019999999982,276.9019999999982,0.0,True,True,False,False
7567,4469,4469:storage_in,49.43519999999262,49.43519999999262,0.0,True,True,False,False
7568,4469,4469:storage_out,211.2019999999975,211.2019999999975,0.0,True,True,False,False
7569,4470,4470:direct,205.25199999999313,205.25199999999313,0.0,True,True,False,False
7570,4471,4471:storage_in,68.86667999999554,68.86667999999554,0.0,True,True,False,False
7571,4471,4471:storage_out,328.9019999999982,328.9019999999982,0.0,True,True,False,False
7572,4472,4472:storage_in,140.794329999997,140.794329999997,0.0,True,True,False,False
7573,4472,4472:storage_out,238.90199999999822,238.90199999999822,0.0,True,True,False,False
7574,4473,4473:storage_in,45.60199999999895,45.60199999999895,0.0,True,True,False,False
7575,4473,4473:storage_out,238.9519999999975,238.9519999999975,0.0,True,True,False,False
7576,4474,4474:direct,206.75448999999207,206.75448999999207,0.0,True,True,False,False
7577,4475,4475:direct,218.0020000000004,218.0020000000004,0.0,True,True,False,False
7578,4476,4476:direct,201.00199999999677,201.00199999999677,0.0,True,True,False,False
7579,4477,4477:storage_in,176.9382599999808,176.9382599999808,0.0,True,True,False,False
7580,4477,4477:storage_out,174.40199999999822,174.40199999999822,0.0,True,True,False,False
7581,4478,4478:direct,224.48709999999846,224.48709999999846,0.0,True,True,False,False
7582,4479,4479:direct,193.10199999999531,193.10199999999531,0.0,True,True,False,False
7583,4480,4480:storage_in,214.2244599999758,214.2244599999758,0.0,True,True,False,False
7584,4480,4480:storage_out,147.40199999999822,147.40199999999822,0.0,True,True,False,False
7585,4481,4481:direct,217.20200000000114,217.20200000000114,0.0,True,True,False,False
7586,4482,4482:storage_in,46.401999999998225,46.401999999998225,0.0,True,True,False,False
7587,4482,4482:storage_out,307.9519999999975,307.9519999999975,0.0,True,True,False,False
7588,4483,4483:direct,202.1519999999946,202.1519999999946,0.0,True,True,False,False
7589,4484,4484:storage_in,45.60199999999895,45.60199999999895,0.0,True,True,False,False
7590,4484,4484:storage_out,286.9519999999975,286.9519999999975,0.0,True,True,False,False
7591,4485,4485:storage_in,58.901999999998225,58.901999999998225,0.0,True,True,False,False
7592,4485,4485:storage_out,246.40199999999822,246.40199999999822,0.0,True,True,False,False
7593,4486,4486:direct,204.00199999999313,204.00199999999313,0.0,True,True,False,False
7594,4487,4487:storage_in,136.3109899999945,136.3109899999945,0.0,True,True,False,False
7595,4487,4487:storage_out,239.90199999999822,239.90199999999822,0.0,True,True,False,False
7596,4488,4488:direct,225.74075000000084,225.74075000000084,0.0,True,True,False,False
7597,4489,4489:direct,189.00199999999677,189.00199999999677,0.0,True,True,False,False
7598,4490,4490:direct,218.5020000000004,218.5020000000004,0.0,True,True,False,False
7599,4491,4491:direct,217.20200000000114,217.20200000000114,0.0,True,True,False,False
7600,4492,4492:storage_in,131.25116999999227,131.25116999999227,0.0,True,True,False,False
7601,4492,4492:storage_out,279.9019999999982,279.9019999999982,0.0,True,True,False,False
7602,4493,4493:storage_in,45.60199999999895,45.60199999999895,0.0,True,True,False,False
7603,4493,4493:storage_out,255.90199999999822,255.90199999999822,0.0,True,True,False,False
7604,4494,4494:storage_in,50.00199999999677,50.00199999999677,0.0,True,True,False,False
7605,4494,4494:storage_out,290.9019999999982,290.9019999999982,0.0,True,True,False,False
7606,4495,4495:storage_in,57.241619999997056,57.241619999997056,0.0,True,True,False,False
7607,4495,4495:storage_out,256.9019999999982,256.9019999999982,0.0,True,True,False,False
7608,4496,4496:direct,226.08965999999782,226.08965999999782,0.0,True,True,False,False
7609,4497,4497:storage_in,46.401999999998225,46.401999999998225,0.0,True,True,False,False
7610,4497,4497:storage_out,240.40199999999822,240.40199999999822,0.0,True,True,False,False
7611,4498,4498:direct,189.50199999999677,189.50199999999677,0.0,True,True,False,False
7612,4499,4499:storage_in,71.62582999999722,71.62582999999722,0.0,True,True,False,False
7613,4499,4499:storage_out,247.40199999999822,247.40199999999822,0.0,True,True,False,False
7614,4500,4500:storage_in,55.151999999998225,55.151999999998225,0.0,True,True,False,False
7615,4500,4500:storage_out,248.40199999999822,248.40199999999822,0.0,True,True,False,False
7616,4501,4501:direct,188.2019999999975,188.2019999999975,0.0,True,True,False,False
7617,4502,4502:direct,221.7520000000004,221.7520000000004,0.0,True,True,False,False
7618,4503,4503:storage_in,45.60199999999895,45.60199999999895,0.0,True,True,False,False
7619,4503,4503:storage_out,291.9019999999982,291.9019999999982,0.0,True,True,False,False
7620,4504,4504:storage_in,122.63627999999517,122.63627999999517,0.0,True,True,False,False
7621,4504,4504:storage_out,280.9019999999982,280.9019999999982,0.0,True,True,False,False
7622,4505,4505:storage_in,57.119159999998374,57.119159999998374,0.0,True,True,False,False
7623,4505,4505:storage_out,249.40199999999822,249.40199999999822,0.0,True,True,False,False
7624,4506,4506:direct,217.20200000000114,217.20200000000114,0.0,True,True,False,False
7625,4507,4507:storage_in,49.00199999999677,49.00199999999677,0.0,True,True,False,False
7626,4507,4507:storage_out,257.9019999999982,257.9019999999982,0.0,True,True,False,False
7627,4508,4508:direct,221.07430000000022,221.07430000000022,0.0,True,True,False,False
7628,4509,4509:direct,201.00199999999677,201.00199999999677,0.0,True,True,False,False
7629,4510,4510:direct,202.1519999999946,202.1519999999946,0.0,True,True,False,False
7630,4511,4511:direct,220.87321999999767,220.87321999999767,0.0,True,True,False,False
7631,4512,4512:storage_in,50.00199999999677,50.00199999999677,0.0,True,True,False,False
7632,4512,4512:storage_out,241.40199999999822,241.40199999999822,0.0,True,True,False,False
7633,4513,4513:direct,204.50199999999313,204.50199999999313,0.0,True,True,False,False
7634,4514,4514:direct,201.4019999999946,201.4019999999946,0.0,True,True,False,False
7635,4515,4515:direct,217.20200000000114,217.20200000000114,0.0,True,True,False,False
7636,4516,4516:storage_in,60.80917999999656,60.80917999999656,0.0,True,True,False,False
7637,4516,4516:storage_out,250.40199999999822,250.40199999999822,0.0,True,True,False,False
7638,4517,4517:direct,220.60199999999895,220.60199999999895,0.0,True,True,False,False
7639,4518,4518:direct,201.00199999999677,201.00199999999677,0.0,True,True,False,False
7640,4519,4519:direct,201.56605999999738,201.56605999999738,0.0,True,True,False,False
7641,4520,4520:direct,189.00199999999677,189.00199999999677,0.0,True,True,False,False
7642,4521,4521:direct,201.4019999999946,201.4019999999946,0.0,True,True,False,False
7643,4522,4522:direct,202.4019999999946,202.4019999999946,0.0,True,True,False,False
7644,4523,4523:storage_in,48.10863999999856,48.10863999999856,0.0,True,True,False,False
7645,4523,4523:storage_out,310.9519999999975,310.9519999999975,0.0,True,True,False,False
7646,4524,4524:direct,188.2019999999975,188.2019999999975,0.0,True,True,False,False
7647,4525,4525:direct,206.00199999999313,206.00199999999313,0.0,True,True,False,False
7648,4526,4526:storage_in,113.96015999999145,113.96015999999145,0.0,True,True,False,False
7649,4526,4526:storage_out,281.4019999999982,281.4019999999982,0.0,True,True,False,False
7650,4527,4527:direct,217.20200000000114,217.20200000000114,0.0,True,True,False,False
7651,4528,4528:direct,201.00199999999677,201.00199999999677,0.0,True,True,False,False
7652,4529,4529:direct,201.83916999999565,201.83916999999565,0.0,True,True,False,False
7653,4530,4530:direct,191.60199999999531,191.60199999999531,0.0,True,True,False,False
7654,4531,4531:direct,202.21788999999262,202.21788999999262,0.0,True,True,False,False
7655,4532,4532:storage_in,50.028559999995196,50.028559999995196,0.0,True,True,False,False
7656,4532,4532:storage_out,309.6519999999982,309.6519999999982,0.0,True,True,False,False
7657,4533,4533:direct,201.4019999999946,201.4019999999946,0.0,True,True,False,False
7658,4534,4534:direct,189.00199999999677,189.00199999999677,0.0,True,True,False,False
7659,4535,4535:direct,205.50199999999313,205.50199999999313,0.0,True,True,False,False
7660,4536,4536:direct,220.0020000000004,220.0020000000004,0.0,True,True,False,False
7661,4537,4537:storage_in,148.4183099999791,148.4183099999791,0.0,True,True,False,False
7662,4537,4537:storage_out,207.40199999999822,207.40199999999822,0.0,True,True,False,False
7663,4538,4538:direct,188.2019999999975,188.2019999999975,0.0,True,True,False,False
7664,4539,4539:direct,220.60199999999895,220.60199999999895,0.0,True,True,False,False
7665,4540,4540:direct,201.00199999999677,201.00199999999677,0.0,True,True,False,False
7666,4541,4541:storage_in,50.9180699999888,50.9180699999888,0.0,True,True,False,False
7667,4541,4541:storage_out,310.6519999999982,310.6519999999982,0.0,True,True,False,False
7668,4542,4542:direct,196.65914999999586,196.65914999999586,0.0,True,True,False,False
7669,4543,4543:storage_in,46.401999999998225,46.401999999998225,0.0,True,True,False,False
7670,4543,4543:storage_out,294.9519999999975,294.9519999999975,0.0,True,True,False,False
7671,4544,4544:storage_in,92.40277999998943,92.40277999998943,0.0,True,True,False,False
7672,4544,4544:storage_out,282.4019999999982,282.4019999999982,0.0,True,True,False,False
7673,4545,4545:direct,189.00199999999677,189.00199999999677,0.0,True,True,False,False
7674,4546,4546:storage_in,45.60199999999895,45.60199999999895,0.0,True,True,False,False
7675,4546,4546:storage_out,169.40199999999822,169.40199999999822,0.0,True,True,False,False
7676,4547,4547:direct,217.45200000000114,217.45200000000114,0.0,True,True,False,False
7677,4548,4548:storage_in,46.418729999997595,46.418729999997595,0.0,True,True,False,False
7678,4548,4548:storage_out,244.40199999999822,244.40199999999822,0.0,True,True,False,False
7679,4549,4549:direct,191.60199999999531,191.60199999999531,0.0,True,True,False,False
7680,4550,4550:direct,220.94284999999945,220.94284999999945,0.0,True,True,False,False
7681,4551,4551:direct,192.21386999999595,192.21386999999595,0.0,True,True,False,False
7682,4552,4552:storage_in,54.502059999995254,54.502059999995254,0.0,True,True,False,False
7683,4552,4552:storage_out,251.40199999999822,251.40199999999822,0.0,True,True,False,False
7684,4553,4553:storage_in,53.00199999999677,53.00199999999677,0.0,True,True,False,False
7685,4553,4553:storage_out,295.9519999999975,295.9519999999975,0.0,True,True,False,False
7686,4554,4554:storage_in,51.57242999999653,51.57242999999653,0.0,True,True,False,False
7687,4554,4554:storage_out,258.9019999999982,258.9019999999982,0.0,True,True,False,False
7688,4555,4555:storage_in,68.46926999999414,68.46926999999414,0.0,True,True,False,False
7689,4555,4555:storage_out,243.40199999999822,243.40199999999822,0.0,True,True,False,False
7690,4556,4556:direct,188.2019999999975,188.2019999999975,0.0,True,True,False,False
7691,4557,4557:direct,204.35950999999477,204.35950999999477,0.0,True,True,False,False
7692,4558,4558:storage_in,117.24343999998018,117.24343999998018,0.0,True,True,False,False
7693,4558,4558:storage_out,207.40199999999822,207.40199999999822,0.0,True,True,False,False
7694,4559,4559:storage_in,45.60199999999895,45.60199999999895,0.0,True,True,False,False
7695,4559,4559:storage_out,296.9519999999975,296.9519999999975,0.0,True,True,False,False
7696,4560,4560:direct,201.4019999999946,201.4019999999946,0.0,True,True,False,False
7697,4561,4561:storage_in,55.142269999993005,55.142269999993005,0.0,True,True,False,False
7698,4561,4561:storage_out,311.6519999999982,311.6519999999982,0.0,True,True,False,False
7699,4562,4562:direct,220.60199999999895,220.60199999999895,0.0,True,True,False,False
7700,4563,4563:storage_in,50.75199999999677,50.75199999999677,0.0,True,True,False,False
7701,4563,4563:storage_out,259.9019999999982,259.9019999999982,0.0,True,True,False,False
7702,4564,4564:direct,204.00199999999313,204.00199999999313,0.0,True,True,False,False
7703,4565,4565:direct,201.4019999999946,201.4019999999946,0.0,True,True,False,False
7704,4566,4566:storage_in,51.38185999999405,51.38185999999405,0.0,True,True,False,False
7705,4566,4566:storage_out,201.7019999999975,201.7019999999975,0.0,True,True,False,False
7706,4567,4567:direct,191.50199999999677,191.50199999999677,0.0,True,True,False,False
7707,4568,4568:direct,217.20200000000114,217.20200000000114,0.0,True,True,False,False
7708,4569,4569:storage_in,54.351999999995314,54.351999999995314,0.0,True,True,False,False
7709,4569,4569:storage_out,299.9019999999982,299.9019999999982,0.0,True,True,False,False
7710,4570,4570:direct,201.00199999999677,201.00199999999677,0.0,True,True,False,False
7711,4571,4571:direct,201.4019999999946,201.4019999999946,0.0,True,True,False,False
7712,4572,4572:direct,189.00199999999677,189.00199999999677,0.0,True,True,False,False
7713,4573,4573:direct,204.00199999999313,204.00199999999313,0.0,True,True,False,False
7714,4574,4574:storage_in,45.60199999999895,45.60199999999895,0.0,True,True,False,False
7715,4574,4574:storage_out,175.40199999999822,175.40199999999822,0.0,True,True,False,False
7716,4575,4575:direct,191.60199999999531,191.60199999999531,0.0,True,True,False,False
7717,4576,4576:direct,201.00199999999677,201.00199999999677,0.0,True,True,False,False
7718,4577,4577:storage_in,47.401999999998225,47.401999999998225,0.0,True,True,False,False
7719,4577,4577:storage_out,169.40199999999822,169.40199999999822,0.0,True,True,False,False
7720,4578,4578:direct,220.60199999999895,220.60199999999895,0.0,True,True,False,False
7721,4579,4579:direct,201.00199999999677,201.00199999999677,0.0,True,True,False,False
7722,4580,4580:direct,218.0020000000004,218.0020000000004,0.0,True,True,False,False
7723,4581,4581:direct,201.4019999999946,201.4019999999946,0.0,True,True,False,False
7724,4582,4582:direct,217.20200000000114,217.20200000000114,0.0,True,True,False,False
7725,4583,4583:direct,220.60199999999895,220.60199999999895,0.0,True,True,False,False
7726,4584,4584:direct,204.00199999999313,204.00199999999313,0.0,True,True,False,False
7727,4585,4585:storage_in,45.60199999999895,45.60199999999895,0.0,True,True,False,False
7728,4585,4585:storage_out,176.40199999999822,176.40199999999822,0.0,True,True,False,False
7729,4586,4586:direct,221.03543999999965,221.03543999999965,0.0,True,True,False,False
7730,4587,4587:direct,193.15685999999187,193.15685999999187,0.0,True,True,False,False
7731,4588,4588:direct,201.00199999999677,201.00199999999677,0.0,True,True,False,False
7732,4589,4589:direct,217.20200000000114,217.20200000000114,0.0,True,True,False,False
7733,4590,4590:direct,223.947659999998,223.947659999998,0.0,True,True,False,False
7734,4591,4591:direct,188.2019999999975,188.2019999999975,0.0,True,True,False,False
7735,4592,4592:direct,189.00199999999677,189.00199999999677,0.0,True,True,False,False
7736,4593,4593:direct,201.4019999999946,201.4019999999946,0.0,True,True,False,False
7737,4594,4594:direct,222.4155499999979,222.4155499999979,0.0,True,True,False,False
7738,4595,4595:direct,193.95199999999386,193.95199999999386,0.0,True,True,False,False
7739,4596,4596:direct,188.2019999999975,188.2019999999975,0.0,True,True,False,False
7740,4597,4597:direct,204.75199999999313,204.75199999999313,0.0,True,True,False,False
7741,4598,4598:direct,217.45200000000114,217.45200000000114,0.0,True,True,False,False
7742,4599,4599:direct,191.85199999999531,191.85199999999531,0.0,True,True,False,False
7743,4600,4600:direct,201.00199999999677,201.00199999999677,0.0,True,True,False,False
7744,4601,4601:direct,221.3397100000002,221.3397100000002,0.0,True,True,False,False
7745,4602,4602:storage_in,46.96093999999357,46.96093999999357,0.0,True,True,False,False
7746,4602,4602:storage_out,245.40199999999822,245.40199999999822,0.0,True,True,False,False
7747,4603,4603:direct,201.4019999999946,201.4019999999946,0.0,True,True,False,False
7748,4604,4604:direct,192.33899999999267,192.33899999999267,0.0,True,True,False,False
7749,4605,4605:storage_in,45.60199999999895,45.60199999999895,0.0,True,True,False,False
7750,4605,4605:storage_out,261.9019999999982,261.9019999999982,0.0,True,True,False,False
7751,4606,4606:storage_in,45.60199999999895,45.60199999999895,0.0,True,True,False,False
7752,4606,4606:storage_out,246.40199999999822,246.40199999999822,0.0,True,True,False,False
7753,4607,4607:direct,205.50199999999313,205.50199999999313,0.0,True,True,False,False
7754,4608,4608:direct,206.35342999999557,206.35342999999557,0.0,True,True,False,False
7755,4609,4609:direct,218.0020000000004,218.0020000000004,0.0,True,True,False,False
7756,4610,4610:direct,191.60199999999531,191.60199999999531,0.0,True,True,False,False
7757,4611,4611:direct,201.00199999999677,201.00199999999677,0.0,True,True,False,False
7758,4612,4612:storage_in,50.00199999999677,50.00199999999677,0.0,True,True,False,False
7759,4612,4612:storage_out,165.40199999999822,165.40199999999822,0.0,True,True,False,False
7760,4613,4613:direct,201.4019999999946,201.4019999999946,0.0,True,True,False,False
7761,4614,4614:storage_in,48.401999999998225,48.401999999998225,0.0,True,True,False,False
7762,4614,4614:storage_out,247.40199999999822,247.40199999999822,0.0,True,True,False,False
7763,4615,4615:direct,217.20200000000114,217.20200000000114,0.0,True,True,False,False
7764,4616,4616:direct,204.75199999999313,204.75199999999313,0.0,True,True,False,False
7765,4617,4617:storage_in,45.60199999999895,45.60199999999895,0.0,True,True,False,False
7766,4617,4617:storage_out,248.40199999999822,248.40199999999822,0.0,True,True,False,False
7767,4618,4618:direct,201.00199999999677,201.00199999999677,0.0,True,True,False,False
7768,4619,4619:storage_in,49.00199999999677,49.00199999999677,0.0,True,True,False,False
7769,4619,4619:storage_out,249.40199999999822,249.40199999999822,0.0,True,True,False,False
7770,4620,4620:direct,201.4019999999946,201.4019999999946,0.0,True,True,False,False
7771,4621,4621:direct,220.60199999999895,220.60199999999895,0.0,True,True,False,False
7772,4622,4622:direct,204.00199999999313,204.00199999999313,0.0,True,True,False,False
7773,4623,4623:direct,222.8630200000007,222.8630200000007,0.0,True,True,False,False
7774,4624,4624:direct,192.75199999999677,192.75199999999677,0.0,True,True,False,False
7775,4625,4625:direct,217.20200000000114,217.20200000000114,0.0,True,True,False,False
7776,4626,4626:direct,188.2019999999975,188.2019999999975,0.0,True,True,False,False
7777,4627,4627:direct,220.60199999999895,220.60199999999895,0.0,True,True,False,False
7778,4628,4628:storage_in,52.05732999999964,52.05732999999964,0.0,True,True,False,False
7779,4628,4628:storage_out,166.40199999999822,166.40199999999822,0.0,True,True,False,False
7780,4629,4629:direct,201.00199999999677,201.00199999999677,0.0,True,True,False,False
7781,4630,4630:direct,220.766770000002,220.766770000002,0.0,True,True,False,False
7782,4631,4631:direct,190.79666999999245,190.79666999999245,0.0,True,True,False,False
7783,4632,4632:direct,201.4019999999946,201.4019999999946,0.0,True,True,False,False
7784,4633,4633:direct,217.20200000000114,217.20200000000114,0.0,True,True,False,False
7785,4634,4634:direct,204.75199999999313,204.75199999999313,0.0,True,True,False,False
7786,4635,4635:direct,220.60199999999895,220.60199999999895,0.0,True,True,False,False
7787,4636,4636:direct,188.2019999999975,188.2019999999975,0.0,True,True,False,False
7788,4637,4637:direct,201.00199999999677,201.00199999999677,0.0,True,True,False,False
7789,4638,4638:direct,220.78949999999895,220.78949999999895,0.0,True,True,False,False
7790,4639,4639:direct,217.20200000000114,217.20200000000114,0.0,True,True,False,False
7791,4640,4640:direct,192.85199999999531,192.85199999999531,0.0,True,True,False,False
7792,4641,4641:direct,223.65237999999954,223.65237999999954,0.0,True,True,False,False
7793,4642,4642:direct,189.00199999999677,189.00199999999677,0.0,True,True,False,False
7794,4643,4643:direct,201.4019999999946,201.4019999999946,0.0,True,True,False,False
7795,4644,4644:storage_in,50.56144999999378,50.56144999999378,0.0,True,True,False,False
7796,4644,4644:storage_out,312.6519999999982,312.6519999999982,0.0,True,True,False,False
7797,4645,4645:direct,219.83488999999827,219.83488999999827,0.0,True,True,False,False
7798,4646,4646:direct,188.2019999999975,188.2019999999975,0.0,True,True,False,False
7799,4647,4647:direct,204.75199999999313,204.75199999999313,0.0,True,True,False,False
7800,4648,4648:storage_in,50.00199999999677,50.00199999999677,0.0,True,True,False,False
7801,4648,4648:storage_out,313.6519999999982,313.6519999999982,0.0,True,True,False,False
7802,4649,4649:storage_in,48.55199999999604,48.55199999999604,0.0,True,True,False,False
7803,4649,4649:storage_out,283.4019999999982,283.4019999999982,0.0,True,True,False,False
7804,4650,4650:storage_in,47.33731999999509,47.33731999999509,0.0,True,True,False,False
7805,4650,4650:storage_out,284.4019999999982,284.4019999999982,0.0,True,True,False,False
7806,4651,4651:storage_in,45.60199999999895,45.60199999999895,0.0,True,True,False,False
7807,4651,4651:storage_out,239.9519999999975,239.9519999999975,0.0,True,True,False,False
7808,4652,4652:direct,189.00199999999677,189.00199999999677,0.0,True,True,False,False
7809,4653,4653:direct,201.00199999999677,201.00199999999677,0.0,True,True,False,False
7810,4654,4654:direct,188.2019999999975,188.2019999999975,0.0,True,True,False,False
7811,4655,4655:direct,201.4019999999946,201.4019999999946,0.0,True,True,False,False
7812,4656,4656:storage_in,49.00199999999677,49.00199999999677,0.0,True,True,False,False
7813,4656,4656:storage_out,298.4519999999975,298.4519999999975,0.0,True,True,False,False
7814,4657,4657:storage_in,48.80199999999604,48.80199999999604,0.0,True,True,False,False
7815,4657,4657:storage_out,160.40199999999822,160.40199999999822,0.0,True,True,False,False
7816,4658,4658:storage_in,50.75199999999677,50.75199999999677,0.0,True,True,False,False
7817,4658,4658:storage_out,314.6519999999982,314.6519999999982,0.0,True,True,False,False
7818,4659,4659:direct,204.00199999999313,204.00199999999313,0.0,True,True,False,False
7819,4660,4660:storage_in,46.80199999999604,46.80199999999604,0.0,True,True,False,False
7820,4660,4660:storage_out,161.40199999999822,161.40199999999822,0.0,True,True,False,False
7821,4661,4661:storage_in,50.80145999999513,50.80145999999513,0.0,True,True,False,False
7822,4661,4661:storage_out,285.4019999999982,285.4019999999982,0.0,True,True,False,False
7823,4662,4662:direct,191.60199999999531,191.60199999999531,0.0,True,True,False,False
7824,4663,4663:storage_in,46.401999999998225,46.401999999998225,0.0,True,True,False,False
7825,4663,4663:storage_out,240.9519999999975,240.9519999999975,0.0,True,True,False,False
7826,4664,4664:storage_in,48.26949999999488,48.26949999999488,0.0,True,True,False,False
7827,4664,4664:storage_out,286.4019999999982,286.4019999999982,0.0,True,True,False,False
7828,4665,4665:direct,217.20200000000114,217.20200000000114,0.0,True,True,False,False
7829,4666,4666:direct,224.10199999999895,224.10199999999895,0.0,True,True,False,False
7830,4667,4667:direct,225.79001999999673,225.79001999999673,0.0,True,True,False,False
7831,4668,4668:storage_in,46.80199999999604,46.80199999999604,0.0,True,True,False,False
7832,4668,4668:storage_out,248.40199999999822,248.40199999999822,0.0,True,True,False,False
7833,4669,4669:storage_in,46.401999999998225,46.401999999998225,0.0,True,True,False,False
7834,4669,4669:storage_out,250.40199999999822,250.40199999999822,0.0,True,True,False,False
7835,4670,4670:direct,222.3287199999977,222.3287199999977,0.0,True,True,False,False
7836,4671,4671:direct,188.2019999999975,188.2019999999975,0.0,True,True,False,False
7837,4672,4672:direct,201.00199999999677,201.00199999999677,0.0,True,True,False,False
7838,4673,4673:direct,217.54399000000194,217.54399000000194,0.0,True,True,False,False
7839,4674,4674:storage_in,51.30199999999604,51.30199999999604,0.0,True,True,False,False
7840,4674,4674:storage_out,314.9519999999975,314.9519999999975,0.0,True,True,False,False
7841,4675,4675:direct,191.60199999999531,191.60199999999531,0.0,True,True,False,False
7842,4676,4676:storage_in,64.80223999999362,64.80223999999362,0.0,True,True,False,False
7843,4676,4676:storage_out,249.40199999999822,249.40199999999822,0.0,True,True,False,False
7844,4677,4677:storage_in,49.373719999995956,49.373719999995956,0.0,True,True,False,False
7845,4677,4677:storage_out,198.20199999999022,198.20199999999022,0.0,True,True,False,False
7846,4678,4678:direct,201.4019999999946,201.4019999999946,0.0,True,True,False,False
7847,4679,4679:direct,222.41240000000107,222.41240000000107,0.0,True,True,False,False
7848,4680,4680:direct,204.00199999999313,204.00199999999313,0.0,True,True,False,False
7849,4681,4681:storage_in,51.83200999999826,51.83200999999826,0.0,True,True,False,False
7850,4681,4681:storage_out,301.9019999999982,301.9019999999982,0.0,True,True,False,False
7851,4682,4682:direct,193.00199999999677,193.00199999999677,0.0,True,True,False,False
7852,4683,4683:storage_in,45.60199999999895,45.60199999999895,0.0,True,True,False,False
7853,4683,4683:storage_out,241.9519999999975,241.9519999999975,0.0,True,True,False,False
7854,4684,4684:storage_in,61.422819999996136,61.422819999996136,0.0,True,True,False,False
7855,4684,4684:storage_out,250.40199999999822,250.40199999999822,0.0,True,True,False,False
7856,4685,4685:direct,188.2019999999975,188.2019999999975,0.0,True,True,False,False
7857,4686,4686:storage_in,52.4673599999951,52.4673599999951,0.0,True,True,False,False
7858,4686,4686:storage_out,263.9019999999982,263.9019999999982,0.0,True,True,False,False
7859,4687,4687:direct,201.00199999999677,201.00199999999677,0.0,True,True,False,False
7860,4688,4688:direct,220.85199999999895,220.85199999999895,0.0,True,True,False,False
7861,4689,4689:storage_in,64.9371299999948,64.9371299999948,0.0,True,True,False,False
7862,4689,4689:storage_out,251.40199999999822,251.40199999999822,0.0,True,True,False,False
7863,4690,4690:direct,218.0020000000004,218.0020000000004,0.0,True,True,False,False
7864,4691,4691:storage_in,49.50199999999677,49.50199999999677,0.0,True,True,False,False
7865,4691,4691:storage_out,251.40199999999822,251.40199999999822,0.0,True,True,False,False
7866,4692,4692:direct,204.00199999999313,204.00199999999313,0.0,True,True,False,False
7867,4693,4693:direct,201.4019999999946,201.4019999999946,0.0,True,True,False,False
7868,4694,4694:storage_in,49.882869999994,49.882869999994,0.0,True,True,False,False
7869,4694,4694:storage_out,264.9019999999982,264.9019999999982,0.0,True,True,False,False
7870,4695,4695:storage_in,66.19424999999683,66.19424999999683,0.0,True,True,False,False
7871,4695,4695:storage_out,291.4019999999982,291.4019999999982,0.0,True,True,False,False
7872,4696,4696:storage_in,78.92112999999154,78.92112999999154,0.0,True,True,False,False
7873,4696,4696:storage_out,162.40199999999822,162.40199999999822,0.0,True,True,False,False
7874,4697,4697:direct,217.20200000000114,217.20200000000114,0.0,True,True,False,False
7875,4698,4698:storage_in,49.463159999995696,49.463159999995696,0.0,True,True,False,False
7876,4698,4698:storage_out,265.9019999999982,265.9019999999982,0.0,True,True,False,False
7877,4699,4699:storage_in,75.36596999999165,75.36596999999165,0.0,True,True,False,False
7878,4699,4699:storage_out,208.40199999999822,208.40199999999822,0.0,True,True,False,False
7879,4700,4700:direct,189.00199999999677,189.00199999999677,0.0,True,True,False,False
7880,4701,4701:storage_in,75.41478999998799,75.41478999998799,0.0,True,True,False,False
7881,4701,4701:storage_out,163.40199999999822,163.40199999999822,0.0,True,True,False,False
7882,4702,4702:storage_in,50.94725999999355,50.94725999999355,0.0,True,True,False,False
7883,4702,4702:storage_out,266.9019999999982,266.9019999999982,0.0,True,True,False,False
7884,4703,4703:storage_in,59.74892999999429,59.74892999999429,0.0,True,True,False,False
7885,4703,4703:storage_out,291.4019999999982,291.4019999999982,0.0,True,True,False,False
7886,4704,4704:direct,189.00199999999677,189.00199999999677,0.0,True,True,False,False
7887,4705,4705:storage_in,65.30292999999438,65.30292999999438,0.0,True,True,False,False
7888,4705,4705:storage_out,292.4019999999982,292.4019999999982,0.0,True,True,False,False
7889,4706,4706:direct,188.2019999999975,188.2019999999975,0.0,True,True,False,False
7890,4707,4707:direct,201.00199999999677,201.00199999999677,0.0,True,True,False,False
7891,4708,4708:storage_in,47.30199999999604,47.30199999999604,0.0,True,True,False,False
7892,4708,4708:storage_out,267.9019999999982,267.9019999999982,0.0,True,True,False,False
7893,4709,4709:storage_in,47.565899999994144,47.565899999994144,0.0,True,True,False,False
7894,4709,4709:storage_out,307.9019999999982,307.9019999999982,0.0,True,True,False,False
7895,4710,4710:storage_in,49.00199999999677,49.00199999999677,0.0,True,True,False,False
7896,4710,4710:storage_out,287.9519999999975,287.9519999999975,0.0,True,True,False,False
7897,4711,4711:storage_in,62.52672999999049,62.52672999999049,0.0,True,True,False,False
7898,4711,4711:storage_out,293.4019999999982,293.4019999999982,0.0,True,True,False,False
7899,4712,4712:storage_in,47.30199999999604,47.30199999999604,0.0,True,True,False,False
7900,4712,4712:storage_out,269.9019999999982,269.9019999999982,0.0,True,True,False,False
7901,4713,4713:storage_in,47.84339999999793,47.84339999999793,0.0,True,True,False,False
7902,4713,4713:storage_out,309.9019999999982,309.9019999999982,0.0,True,True,False,False
7903,4714,4714:direct,201.00199999999677,201.00199999999677,0.0,True,True,False,False
7904,4715,4715:direct,192.60199999999531,192.60199999999531,0.0,True,True,False,False
7905,4716,4716:storage_in,52.612969999994675,52.612969999994675,0.0,True,True,False,False
7906,4716,4716:storage_out,292.4019999999982,292.4019999999982,0.0,True,True,False,False
7907,4717,4717:storage_in,46.401999999998225,46.401999999998225,0.0,True,True,False,False
7908,4717,4717:storage_out,288.9519999999975,288.9519999999975,0.0,True,True,False,False
7909,4718,4718:direct,201.4019999999946,201.4019999999946,0.0,True,True,False,False
7910,4719,4719:direct,189.00199999999677,189.00199999999677,0.0,True,True,False,False
7911,4720,4720:direct,204.00199999999313,204.00199999999313,0.0,True,True,False,False
7912,4721,4721:storage_in,45.60199999999895,45.60199999999895,0.0,True,True,False,False
7913,4721,4721:storage_out,289.9519999999975,289.9519999999975,0.0,True,True,False,False
7914,4722,4722:storage_in,47.37367999999333,47.37367999999333,0.0,True,True,False,False
7915,4722,4722:storage_out,293.4019999999982,293.4019999999982,0.0,True,True,False,False
7916,4723,4723:storage_in,76.15094999999565,76.15094999999565,0.0,True,True,False,False
7917,4723,4723:storage_out,294.4019999999982,294.4019999999982,0.0,True,True,False,False
7918,4724,4724:direct,201.00199999999677,201.00199999999677,0.0,True,True,False,False
7919,4725,4725:storage_in,52.533949999997276,52.533949999997276,0.0,True,True,False,False
7920,4725,4725:storage_out,290.9519999999975,290.9519999999975,0.0,True,True,False,False
7921,4726,4726:storage_in,52.34831999999369,52.34831999999369,0.0,True,True,False,False
7922,4726,4726:storage_out,310.9019999999982,310.9019999999982,0.0,True,True,False,False
7923,4727,4727:storage_in,46.401999999998225,46.401999999998225,0.0,True,True,False,False
7924,4727,4727:storage_out,291.9519999999975,291.9519999999975,0.0,True,True,False,False
7925,4728,4728:direct,201.4019999999946,201.4019999999946,0.0,True,True,False,False
7926,4729,4729:direct,217.20200000000114,217.20200000000114,0.0,True,True,False,False
7927,4730,4730:direct,189.098829999999,189.098829999999,0.0,True,True,False,False
7928,4731,4731:storage_in,49.05199999999604,49.05199999999604,0.0,True,True,False,False
7929,4731,4731:storage_out,311.9019999999982,311.9019999999982,0.0,True,True,False,False
7930,4732,4732:direct,204.00199999999313,204.00199999999313,0.0,True,True,False,False
7931,4733,4733:direct,194.45814999999493,194.45814999999493,0.0,True,True,False,False
7932,4734,4734:storage_in,62.49128999999448,62.49128999999448,0.0,True,True,False,False
7933,4734,4734:storage_out,307.4519999999975,307.4519999999975,0.0,True,True,False,False
7934,4735,4735:storage_in,51.56318999999348,51.56318999999348,0.0,True,True,False,False
7935,4735,4735:storage_out,292.9519999999975,292.9519999999975,0.0,True,True,False,False
7936,4736,4736:storage_in,67.71472999999605,67.71472999999605,0.0,True,True,False,False
7937,4736,4736:storage_out,202.2019999999975,202.2019999999975,0.0,True,True,False,False
7938,4737,4737:direct,189.00199999999677,189.00199999999677,0.0,True,True,False,False
7939,4738,4738:storage_in,48.190810000000056,48.190810000000056,0.0,True,True,False,False
7940,4738,4738:storage_out,293.9519999999975,293.9519999999975,0.0,True,True,False,False
7941,4739,4739:storage_in,55.11943999999494,55.11943999999494,0.0,True,True,False,False
7942,4739,4739:storage_out,312.9019999999982,312.9019999999982,0.0,True,True,False,False
7943,4740,4740:direct,188.2019999999975,188.2019999999975,0.0,True,True,False,False
7944,4741,4741:storage_in,66.99805999999444,66.99805999999444,0.0,True,True,False,False
7945,4741,4741:storage_out,203.2019999999975,203.2019999999975,0.0,True,True,False,False
7946,4742,4742:direct,191.60199999999531,191.60199999999531,0.0,True,True,False,False
7947,4743,4743:direct,201.00199999999677,201.00199999999677,0.0,True,True,False,False
7948,4744,4744:storage_in,45.60199999999895,45.60199999999895,0.0,True,True,False,False
7949,4744,4744:storage_out,294.9519999999975,294.9519999999975,0.0,True,True,False,False
7950,4745,4745:storage_in,47.401999999998225,47.401999999998225,0.0,True,True,False,False
7951,4745,4745:storage_out,170.40199999999822,170.40199999999822,0.0,True,True,False,False
7952,4746,4746:storage_in,65.75114999999641,65.75114999999641,0.0,True,True,False,False
7953,4746,4746:storage_out,164.40199999999822,164.40199999999822,0.0,True,True,False,False
7954,4747,4747:storage_in,49.00199999999677,49.00199999999677,0.0,True,True,False,False
7955,4747,4747:storage_out,242.9519999999975,242.9519999999975,0.0,True,True,False,False
7956,4748,4748:direct,188.2019999999975,188.2019999999975,0.0,True,True,False,False
7957,4749,4749:direct,204.00199999999313,204.00199999999313,0.0,True,True,False,False
7958,4750,4750:storage_in,49.58150999999634,49.58150999999634,0.0,True,True,False,False
7959,4750,4750:storage_out,274.9019999999982,274.9019999999982,0.0,True,True,False,False
7960,4751,4751:storage_in,47.54259999999704,47.54259999999704,0.0,True,True,False,False
7961,4751,4751:storage_out,295.9519999999975,295.9519999999975,0.0,True,True,False,False
7962,4752,4752:storage_in,62.74551999999676,62.74551999999676,0.0,True,True,False,False
7963,4752,4752:storage_out,165.40199999999822,165.40199999999822,0.0,True,True,False,False
7964,4753,4753:direct,201.4019999999946,201.4019999999946,0.0,True,True,False,False
7965,4754,4754:storage_in,47.49880999999368,47.49880999999368,0.0,True,True,False,False
7966,4754,4754:storage_out,275.9019999999982,275.9019999999982,0.0,True,True,False,False
7967,4755,4755:storage_in,47.05199999999604,47.05199999999604,0.0,True,True,False,False
7968,4755,4755:storage_out,308.4519999999975,308.4519999999975,0.0,True,True,False,False
7969,4756,4756:storage_in,47.735179999996035,47.735179999996035,0.0,True,True,False,False
7970,4756,4756:storage_out,315.9019999999982,315.9019999999982,0.0,True,True,False,False
7971,4757,4757:storage_in,47.49168999999529,47.49168999999529,0.0,True,True,False,False
7972,4757,4757:storage_out,316.9019999999982,316.9019999999982,0.0,True,True,False,False
7973,4758,4758:storage_in,49.00199999999677,49.00199999999677,0.0,True,True,False,False
7974,4758,4758:storage_out,278.9019999999982,278.9019999999982,0.0,True,True,False,False
7975,4759,4759:storage_in,53.851999999995314,53.851999999995314,0.0,True,True,False,False
7976,4759,4759:storage_out,295.4019999999982,295.4019999999982,0.0,True,True,False,False
7977,4760,4760:storage_in,47.80199999999604,47.80199999999604,0.0,True,True,False,False
7978,4760,4760:storage_out,318.9019999999982,318.9019999999982,0.0,True,True,False,False
7979,4761,4761:storage_in,46.401999999998225,46.401999999998225,0.0,True,True,False,False
7980,4761,4761:storage_out,280.9019999999982,280.9019999999982,0.0,True,True,False,False
7981,4762,4762:storage_in,51.812309999993886,51.812309999993886,0.0,True,True,False,False
7982,4762,4762:storage_out,166.40199999999822,166.40199999999822,0.0,True,True,False,False
7983,4763,4763:direct,201.00199999999677,201.00199999999677,0.0,True,True,False,False
7984,4764,4764:storage_in,47.05199999999604,47.05199999999604,0.0,True,True,False,False
7985,4764,4764:storage_out,333.9519999999975,333.9519999999975,0.0,True,True,False,False
7986,4765,4765:storage_in,45.901999999998225,45.901999999998225,0.0,True,True,False,False
7987,4765,4765:storage_out,320.9019999999982,320.9019999999982,0.0,True,True,False,False
7988,4766,4766:storage_in,50.25199999999677,50.25199999999677,0.0,True,True,False,False
7989,4766,4766:storage_out,321.9019999999982,321.9019999999982,0.0,True,True,False,False
7990,4767,4767:storage_in,45.60199999999895,45.60199999999895,0.0,True,True,False,False
7991,4767,4767:storage_out,148.40199999999822,148.40199999999822,0.0,True,True,False,False
7992,4768,4768:storage_in,46.80199999999604,46.80199999999604,0.0,True,True,False,False
7993,4768,4768:storage_out,335.9519999999975,335.9519999999975,0.0,True,True,False,False
7994,4769,4769:storage_in,52.601999999995314,52.601999999995314,0.0,True,True,False,False
7995,4769,4769:storage_out,296.4019999999982,296.4019999999982,0.0,True,True,False,False
7996,4770,4770:storage_in,46.80199999999604,46.80199999999604,0.0,True,True,False,False
7997,4770,4770:storage_out,309.4519999999975,309.4519999999975,0.0,True,True,False,False
7998,4771,4771:direct,201.00199999999677,201.00199999999677,0.0,True,True,False,False
7999,4772,4772:storage_in,46.80199999999604,46.80199999999604,0.0,True,True,False,False
8000,4772,4772:storage_out,310.4519999999975,310.4519999999975,0.0,True,True,False,False
8001,4773,4773:direct,191.60199999999531,191.60199999999531,0.0,True,True,False,False
8002,4774,4774:storage_in,50.00199999999677,50.00199999999677,0.0,True,True,False,False
8003,4774,4774:storage_out,297.4019999999982,297.4019999999982,0.0,True,True,False,False
8004,4775,4775:direct,204.50199999999313,204.50199999999313,0.0,True,True,False,False
8005,4776,4776:storage_in,50.93526999999449,50.93526999999449,0.0,True,True,False,False
8006,4776,4776:storage_out,283.9019999999982,283.9019999999982,0.0,True,True,False,False
8007,4777,4777:direct,201.00199999999677,201.00199999999677,0.0,True,True,False,False
8008,4778,4778:storage_in,49.55199999999604,49.55199999999604,0.0,True,True,False,False
8009,4778,4778:storage_out,284.9019999999982,284.9019999999982,0.0,True,True,False,False
8010,4779,4779:storage_in,45.60199999999895,45.60199999999895,0.0,True,True,False,False
8011,4779,4779:storage_out,259.4019999999982,259.4019999999982,0.0,True,True,False,False
8012,4780,4780:storage_in,45.60199999999895,45.60199999999895,0.0,True,True,False,False
8013,4780,4780:storage_out,296.9519999999975,296.9519999999975,0.0,True,True,False,False
8014,4781,4781:direct,201.4019999999946,201.4019999999946,0.0,True,True,False,False
8015,4782,4782:direct,204.00199999999313,204.00199999999313,0.0,True,True,False,False
8016,4783,4783:storage_in,49.00199999999677,49.00199999999677,0.0,True,True,False,False
8017,4783,4783:storage_out,285.9019999999982,285.9019999999982,0.0,True,True,False,False
8018,4784,4784:storage_in,46.80199999999604,46.80199999999604,0.0,True,True,False,False
8019,4784,4784:storage_out,204.2019999999975,204.2019999999975,0.0,True,True,False,False
8020,4785,4785:storage_in,50.50199999999677,50.50199999999677,0.0,True,True,False,False
8021,4785,4785:storage_out,297.9519999999975,297.9519999999975,0.0,True,True,False,False
8022,4786,4786:storage_in,47.55812999999762,47.55812999999762,0.0,True,True,False,False
8023,4786,4786:storage_out,325.9019999999982,325.9019999999982,0.0,True,True,False,False
8024,4787,4787:storage_in,50.627989999997226,50.627989999997226,0.0,True,True,False,False
8025,4787,4787:storage_out,260.4019999999982,260.4019999999982,0.0,True,True,False,False
8026,4788,4788:direct,201.4019999999946,201.4019999999946,0.0,True,True,False,False
8027,4789,4789:storage_in,51.60435999999754,51.60435999999754,0.0,True,True,False,False
8028,4789,4789:storage_out,300.4019999999982,300.4019999999982,0.0,True,True,False,False
8029,4790,4790:direct,188.2019999999975,188.2019999999975,0.0,True,True,False,False
8030,4791,4791:storage_in,48.30199999999604,48.30199999999604,0.0,True,True,False,False
8031,4791,4791:storage_out,287.9019999999982,287.9019999999982,0.0,True,True,False,False
8032,4792,4792:storage_in,58.901999999998225,58.901999999998225,0.0,True,True,False,False
8033,4792,4792:storage_out,301.4019999999982,301.4019999999982,0.0,True,True,False,False
8034,4793,4793:storage_in,49.00199999999677,49.00199999999677,0.0,True,True,False,False
8035,4793,4793:storage_out,263.4019999999982,263.4019999999982,0.0,True,True,False,False
8036,4794,4794:storage_in,46.80199999999604,46.80199999999604,0.0,True,True,False,False
8037,4794,4794:storage_out,257.9019999999982,257.9019999999982,0.0,True,True,False,False
8038,4795,4795:storage_in,47.80199999999604,47.80199999999604,0.0,True,True,False,False
8039,4795,4795:storage_out,297.9019999999982,297.9019999999982,0.0,True,True,False,False
8040,4796,4796:direct,204.00199999999313,204.00199999999313,0.0,True,True,False,False
8041,4797,4797:direct,189.00199999999677,189.00199999999677,0.0,True,True,False,False
8042,4798,4798:storage_in,50.46226000000024,50.46226000000024,0.0,True,True,False,False
8043,4798,4798:storage_out,288.9019999999982,288.9019999999982,0.0,True,True,False,False
8044,4799,4799:storage_in,48.901999999998225,48.901999999998225,0.0,True,True,False,False
8045,4799,4799:storage_out,315.6519999999982,315.6519999999982,0.0,True,True,False,False
8046,4800,4800:direct,188.2019999999975,188.2019999999975,0.0,True,True,False,False
8047,4801,4801:storage_in,50.00199999999677,50.00199999999677,0.0,True,True,False,False
8048,4801,4801:storage_out,316.6519999999982,316.6519999999982,0.0,True,True,False,False
8049,4802,4802:direct,204.50199999999313,204.50199999999313,0.0,True,True,False,False
8050,4803,4803:direct,201.00199999999677,201.00199999999677,0.0,True,True,False,False
8051,4804,4804:direct,201.4019999999946,201.4019999999946,0.0,True,True,False,False
8052,4805,4805:storage_in,52.601999999995314,52.601999999995314,0.0,True,True,False,False
8053,4805,4805:storage_out,317.6519999999982,317.6519999999982,0.0,True,True,False,False
8054,4806,4806:storage_in,45.401999999998225,45.401999999998225,0.0,True,True,False,False
8055,4806,4806:storage_out,318.6519999999982,318.6519999999982,0.0,True,True,False,False
8056,4807,4807:direct,191.60199999999531,191.60199999999531,0.0,True,True,False,False
8057,4808,4808:storage_in,50.50199999999677,50.50199999999677,0.0,True,True,False,False
8058,4808,4808:storage_out,319.6519999999982,319.6519999999982,0.0,True,True,False,False
8059,4809,4809:storage_in,49.6432599999971,49.6432599999971,0.0,True,True,False,False
8060,4809,4809:storage_out,298.9019999999982,298.9019999999982,0.0,True,True,False,False
8061,4810,4810:direct,189.75199999999677,189.75199999999677,0.0,True,True,False,False
8062,4811,4811:direct,204.00199999999313,204.00199999999313,0.0,True,True,False,False
8063,4812,4812:storage_in,47.446909999995114,47.446909999995114,0.0,True,True,False,False
8064,4812,4812:storage_out,299.9019999999982,299.9019999999982,0.0,True,True,False,False
8065,4813,4813:storage_in,47.34879999999612,47.34879999999612,0.0,True,True,False,False
8066,4813,4813:storage_out,167.40199999999822,167.40199999999822,0.0,True,True,False,False
8067,4814,4814:storage_in,48.38659999999436,48.38659999999436,0.0,True,True,False,False
8068,4814,4814:storage_out,320.6519999999982,320.6519999999982,0.0,True,True,False,False
8069,4815,4815:storage_in,46.401999999998225,46.401999999998225,0.0,True,True,False,False
8070,4815,4815:storage_out,243.9519999999975,243.9519999999975,0.0,True,True,False,False
8071,4816,4816:storage_in,47.30199999999604,47.30199999999604,0.0,True,True,False,False
8072,4816,4816:storage_out,289.9019999999982,289.9019999999982,0.0,True,True,False,False
8073,4817,4817:direct,188.2019999999975,188.2019999999975,0.0,True,True,False,False
8074,4818,4818:direct,189.4019999999946,189.4019999999946,0.0,True,True,False,False
8075,4819,4819:direct,191.60199999999531,191.60199999999531,0.0,True,True,False,False
8076,4820,4820:direct,192.31865999999354,192.31865999999354,0.0,True,True,False,False
8077,4821,4821:storage_in,55.851999999995314,55.851999999995314,0.0,True,True,False,False
8078,4821,4821:storage_out,188.15199999999822,188.15199999999822,0.0,True,True,False,False
8079,4822,4822:direct,190.00199999999677,190.00199999999677,0.0,True,True,False,False
8080,4823,4823:storage_in,51.665249999998196,51.665249999998196,0.0,True,True,False,False
8081,4823,4823:storage_out,216.40199999999822,216.40199999999822,0.0,True,True,False,False
8082,4824,4824:storage_in,47.96582999999737,47.96582999999737,0.0,True,True,False,False
8083,4824,4824:storage_out,300.9019999999982,300.9019999999982,0.0,True,True,False,False
8084,4825,4825:storage_in,47.98549999999523,47.98549999999523,0.0,True,True,False,False
8085,4825,4825:storage_out,321.6519999999982,321.6519999999982,0.0,True,True,False,False
8086,4826,4826:direct,204.00199999999313,204.00199999999313,0.0,True,True,False,False
8087,4827,4827:direct,188.2019999999975,188.2019999999975,0.0,True,True,False,False
8088,4828,4828:storage_in,47.42739999999321,47.42739999999321,0.0,True,True,False,False
8089,4828,4828:storage_out,342.9519999999975,342.9519999999975,0.0,True,True,False,False
8090,4829,4829:direct,191.60199999999531,191.60199999999531,0.0,True,True,False,False
8091,4830,4830:storage_in,51.86222999999882,51.86222999999882,0.0,True,True,False,False
8092,4830,4830:storage_out,262.9019999999982,262.9019999999982,0.0,True,True,False,False
8093,4831,4831:storage_in,46.901999999998225,46.901999999998225,0.0,True,True,False,False
8094,4831,4831:storage_out,322.6519999999982,322.6519999999982,0.0,True,True,False,False
8095,4832,4832:direct,204.75199999999313,204.75199999999313,0.0,True,True,False,False
8096,4833,4833:direct,189.00199999999677,189.00199999999677,0.0,True,True,False,False
8097,4834,4834:direct,201.4019999999946,201.4019999999946,0.0,True,True,False,False
8098,4835,4835:storage_in,47.05199999999604,47.05199999999604,0.0,True,True,False,False
8099,4835,4835:storage_out,200.40199999999822,200.40199999999822,0.0,True,True,False,False
8100,4836,4836:direct,204.50199999999313,204.50199999999313,0.0,True,True,False,False
8101,4837,4837:storage_in,46.80199999999604,46.80199999999604,0.0,True,True,False,False
8102,4837,4837:storage_out,303.4019999999982,303.4019999999982,0.0,True,True,False,False
8103,4838,4838:direct,201.00199999999677,201.00199999999677,0.0,True,True,False,False
8104,4839,4839:storage_in,47.80199999999604,47.80199999999604,0.0,True,True,False,False
8105,4839,4839:storage_out,323.6519999999982,323.6519999999982,0.0,True,True,False,False
8106,4840,4840:direct,188.2019999999975,188.2019999999975,0.0,True,True,False,False
8107,4841,4841:direct,201.4019999999946,201.4019999999946,0.0,True,True,False,False
8108,4842,4842:direct,201.80199999999604,201.80199999999604,0.0,True,True,False,False
8109,4843,4843:direct,204.75199999999313,204.75199999999313,0.0,True,True,False,False
8110,4844,4844:direct,201.00199999999677,201.00199999999677,0.0,True,True,False,False
8111,4845,4845:direct,192.60199999999531,192.60199999999531,0.0,True,True,False,False
8112,4846,4846:direct,203.4019999999946,203.4019999999946,0.0,True,True,False,False
8113,4847,4847:direct,191.00199999999677,191.00199999999677,0.0,True,True,False,False
8114,4848,4848:direct,201.00199999999677,201.00199999999677,0.0,True,True,False,False
8115,4849,4849:storage_in,45.60199999999895,45.60199999999895,0.0,True,True,False,False
8116,4849,4849:storage_out,244.9519999999975,244.9519999999975,0.0,True,True,False,False
8117,4850,4850:storage_in,53.25199999999677,53.25199999999677,0.0,True,True,False,False
8118,4850,4850:storage_out,245.40199999999822,245.40199999999822,0.0,True,True,False,False
8119,4851,4851:direct,204.00199999999313,204.00199999999313,0.0,True,True,False,False
8120,4852,4852:direct,189.4019999999946,189.4019999999946,0.0,True,True,False,False
8121,4853,4853:storage_in,46.80199999999604,46.80199999999604,0.0,True,True,False,False
8122,4853,4853:storage_out,263.9019999999982,263.9019999999982,0.0,True,True,False,False
8123,4854,4854:storage_in,48.9166699999987,48.9166699999987,0.0,True,True,False,False
8124,4854,4854:storage_out,178.40199999999822,178.40199999999822,0.0,True,True,False,False
8125,4855,4855:direct,188.2019999999975,188.2019999999975,0.0,True,True,False,False
8126,4856,4856:storage_in,54.351999999995314,54.351999999995314,0.0,True,True,False,False
8127,4856,4856:storage_out,246.40199999999822,246.40199999999822,0.0,True,True,False,False
8128,4857,4857:direct,191.60199999999531,191.60199999999531,0.0,True,True,False,False
8129,4858,4858:storage_in,54.10672999999224,54.10672999999224,0.0,True,True,False,False
8130,4858,4858:storage_out,168.40199999999822,168.40199999999822,0.0,True,True,False,False
8131,4859,4859:direct,190.00199999999677,190.00199999999677,0.0,True,True,False,False
8132,4860,4860:storage_in,47.3753299999953,47.3753299999953,0.0,True,True,False,False
8133,4860,4860:storage_out,247.40199999999822,247.40199999999822,0.0,True,True,False,False
8134,4861,4861:storage_in,49.760019999994256,49.760019999994256,0.0,True,True,False,False
8135,4861,4861:storage_out,324.6519999999982,324.6519999999982,0.0,True,True,False,False
8136,4862,4862:storage_in,47.85462999999436,47.85462999999436,0.0,True,True,False,False
8137,4862,4862:storage_out,264.9019999999982,264.9019999999982,0.0,True,True,False,False
8138,4863,4863:storage_in,82.61203999998907,82.61203999998907,0.0,True,True,False,False
8139,4863,4863:storage_out,201.40199999999822,201.40199999999822,0.0,True,True,False,False
8140,4864,4864:storage_in,52.00199999999677,52.00199999999677,0.0,True,True,False,False
8141,4864,4864:storage_out,300.4519999999975,300.4519999999975,0.0,True,True,False,False
8142,4865,4865:storage_in,67.12066999999297,67.12066999999297,0.0,True,True,False,False
8143,4865,4865:storage_out,248.40199999999822,248.40199999999822,0.0,True,True,False,False
8144,4866,4866:storage_in,81.56093999999212,81.56093999999212,0.0,True,True,False,False
8145,4866,4866:storage_out,167.40199999999822,167.40199999999822,0.0,True,True,False,False
8146,4867,4867:storage_in,72.23476999999548,72.23476999999548,0.0,True,True,False,False
8147,4867,4867:storage_out,325.6519999999982,325.6519999999982,0.0,True,True,False,False
8148,4868,4868:direct,217.20200000000114,217.20200000000114,0.0,True,True,False,False
8149,4869,4869:storage_in,45.60199999999895,45.60199999999895,0.0,True,True,False,False
8150,4869,4869:storage_out,265.4019999999982,265.4019999999982,0.0,True,True,False,False
8151,4870,4870:storage_in,72.29012999999395,72.29012999999395,0.0,True,True,False,False
8152,4870,4870:storage_out,329.9019999999982,329.9019999999982,0.0,True,True,False,False
8153,4871,4871:storage_in,66.54661999999735,66.54661999999735,0.0,True,True,False,False
8154,4871,4871:storage_out,249.40199999999822,249.40199999999822,0.0,True,True,False,False
8155,4872,4872:storage_in,49.00199999999677,49.00199999999677,0.0,True,True,False,False
8156,4872,4872:storage_out,245.9519999999975,245.9519999999975,0.0,True,True,False,False
8157,4873,4873:direct,201.80199999999604,201.80199999999604,0.0,True,True,False,False
8158,4874,4874:storage_in,46.401999999998225,46.401999999998225,0.0,True,True,False,False
8159,4874,4874:storage_out,317.9519999999975,317.9519999999975,0.0,True,True,False,False
8160,4875,4875:storage_in,71.18383999999423,71.18383999999423,0.0,True,True,False,False
8161,4875,4875:storage_out,330.9019999999982,330.9019999999982,0.0,True,True,False,False
8162,4876,4876:direct,195.162639999995,195.162639999995,0.0,True,True,False,False
8163,4877,4877:direct,219.66186999999627,219.66186999999627,0.0,True,True,False,False
8164,4878,4878:storage_in,53.57744999999704,53.57744999999704,0.0,True,True,False,False
8165,4878,4878:storage_out,250.40199999999822,250.40199999999822,0.0,True,True,False,False
8166,4879,4879:direct,201.4019999999946,201.4019999999946,0.0,True,True,False,False
8167,4880,4880:direct,193.50199999999677,193.50199999999677,0.0,True,True,False,False
8168,4881,4881:storage_in,68.97788999999102,68.97788999999102,0.0,True,True,False,False
8169,4881,4881:storage_out,179.40199999999822,179.40199999999822,0.0,True,True,False,False
8170,4882,4882:storage_in,60.21334999999817,60.21334999999817,0.0,True,True,False,False
8171,4882,4882:storage_out,251.40199999999822,251.40199999999822,0.0,True,True,False,False
8172,4883,4883:direct,217.20200000000114,217.20200000000114,0.0,True,True,False,False
8173,4884,4884:direct,217.69510000000082,217.69510000000082,0.0,True,True,False,False
8174,4885,4885:storage_in,64.07721999999558,64.07721999999558,0.0,True,True,False,False
8175,4885,4885:storage_out,326.6519999999982,326.6519999999982,0.0,True,True,False,False
8176,4886,4886:direct,188.684449999997,188.684449999997,0.0,True,True,False,False
8177,4887,4887:storage_in,60.646679999998014,60.646679999998014,0.0,True,True,False,False
8178,4887,4887:storage_out,252.40199999999822,252.40199999999822,0.0,True,True,False,False
8179,4888,4888:direct,221.10199999999895,221.10199999999895,0.0,True,True,False,False
8180,4889,4889:direct,201.00199999999677,201.00199999999677,0.0,True,True,False,False
8181,4890,4890:storage_in,57.34434999999576,57.34434999999576,0.0,True,True,False,False
8182,4890,4890:storage_out,253.40199999999822,253.40199999999822,0.0,True,True,False,False
8183,4891,4891:direct,204.00199999999313,204.00199999999313,0.0,True,True,False,False
8184,4892,4892:direct,192.03516999999192,192.03516999999192,0.0,True,True,False,False
8185,4893,4893:storage_in,45.60199999999895,45.60199999999895,0.0,True,True,False,False
8186,4893,4893:storage_out,266.4019999999982,266.4019999999982,0.0,True,True,False,False
8187,4894,4894:direct,201.80199999999604,201.80199999999604,0.0,True,True,False,False
8188,4895,4895:direct,220.60199999999895,220.60199999999895,0.0,True,True,False,False
8189,4896,4896:storage_in,60.40199999999095,60.40199999999095,0.0,True,True,False,False
8190,4896,4896:storage_out,209.40199999999822,209.40199999999822,0.0,True,True,False,False
8191,4897,4897:storage_in,49.00199999999677,49.00199999999677,0.0,True,True,False,False
