151 1 0 4
0 1 1 0 0 1
1 4 2 0 0 2 27
2 4 2 0 0 3 16
3 4 2 0 0 4 17
4 4 2 0 0 5 18
5 4 2 0 0 6 33
6 4 2 0 0 7 19
7 4 2 0 0 8
8 4 2 0 0 9 53
9 4 2 0 0 10 56
10 4 2 0 0 11 20
11 4 2 0 0 12 21
12 4 2 0 0 13 22
13 4 2 0 0 14 23
14 4 2 0 0 15
15 4 2 0 0 2 54
16 2 1 0 0 3
17 2 1 0 0 5
18 2 1 0 0 5
19 2 1 0 0 7
20 2 1 0 0 11
21 2 1 0 0 13
22 2 1 0 0 13
23 2 1 0 0 15
24 1 1 0 0 25
25 4 2 0 0 9 34 94
26 1 1 0 0 27
27 4 2 0 0 28 2
28 4 2 0 0 29
29 4 2 0 0 30 41 112 146
30 4 2 0 0 31 42
31 4 2 0 0 32 43
32 4 2 0 0 33 44
33 4 2 0 0 34 51
34 4 2 0 0 35 55
35 4 2 0 0 36 11
36 4 2 0 0 37 45
37 4 2 0 0 38 46
38 4 2 0 0 39 47
39 4 2 0 0 40 48
40 4 2 0 0 28 52
41 2 1 0 0 30
42 2 1 0 0 32
43 2 1 0 0 32
44 2 1 0 0 33
45 2 1 0 0 37
46 2 1 0 0 39
47 2 1 0 0 39
48 2 1 0 0 40
49 1 1 0 0 50
50 4 2 0 0 34 25
51 7 0 0 0 24
52 7 0 0 0 26
53 7 0 0 0 49
54 7 0 0 0 0
55 11 0 0 0 35
56 11 0 0 0 10
57 1 0 0 0 58
58 4 1.5 0 0 59 96
59 4 1.5 0 0 60 61
60 2 3 0 0 61
61 4 1.5 0 0 62 63
62 2 3 0 0 65
63 4 1.5 0 0 64 65
64 2 3 0 0 65
65 5 1.5 0 0 66
66 4 1.5 0 0 67 68
67 2 3 0 0 70
68 4 1.5 0 0 69 70
69 2 3 0 0 70
70 4 1.5 0 0 71 72
71 2 3 0 0 74
72 4 1.5 0 0 73 74
73 2 3 0 0 74
74 4 1.5 0 0 75 140
75 4 1.5 0 0 76 133
76 4 1.5 0 0 77 78
77 2 3 0 0 78
78 4 1.5 0 0 79 80
79 2 3 0 0 82
80 4 1.5 0 0 81 82
81 2 3 0 0 82
82 4 1.5 0 0 83 84
83 2 3 0 0 86
84 4 1.5 0 0 85 86
85 2 3 0 0 88
86 4 1.5 0 0 88 87
87 2 3 0 0 89
88 4 1.5 0 0 89 127
89 4 1.5 0 0 90 132
90 4 1.5 0 0 91 59
91 11 0 0 0 59
92 1 0 0 0 93
93 4 1.5 0 0 94 150
94 4 1.5 0 0 76 25
95 1 0 0 0 96
96 4 1.5 0 0 97 59
97 4 1.5 0 0 98 61
98 4 1.5 0 0 99 100
99 2 3 0 0 100
100 4 1.5 0 0 101 102
101 2 3 0 0 104
102 4 1.5 0 0 103 104
103 2 3 0 0 104
104 5 1.5 0 0 105
105 4 1.5 0 0 106 107
106 2 3 0 0 109
107 4 1.5 0 0 108 109
108 2 3 0 0 109
109 4 1.5 0 0 110 111
110 2 3 0 0 111
111 4 1.5 0 0 112 131
112 4 1.5 0 0 113 53
113 4 1.5 0 0 114 115
114 2 3 0 0 117
115 4 1.5 0 0 116 117
116 2 3 0 0 119
117 4 1.5 0 0 118 119
118 2 3 0 0 121
119 4 1.5 0 0 120 121
120 2 3 0 0 121
121 4 1.5 0 0 122 123
122 2 3 0 0 125
123 4 1.5 0 0 124 125
124 2 3 0 0 127
125 4 1.5 0 0 126 127
126 2 3 0 0 127
127 4 1.5 0 0 128 130
128 4 1.5 0 0 129 97
129 11 0 0 0 97
130 7 0 0 0 57
131 7 0 0 0 92
132 7 0 0 0 95
133 7 0 0 0 149
134 1 0 0 0 135
135 12 3 0 0 94
136 1 0 0 0 137
137 12 3 0 0 112
138 1 0 0 0 139
139 12 3 0 0 112
140 12 3 0 0 141
141 4 1.5 0 0 142 145
142 7 0 0 0 143
143 4 1.5 0 0 144 148
144 4 1.5 0 0 136 138
145 10 0 0 0 135
146 12 3 0 0 147
147 7 0 0 0 148
148 4 1.5 0 0 144 134
149 1 0 0 0 150
150 4 1.5 0 0 94 112
0 19.93 114.31 131.33 137.33 154.85 158.85 177.87 179.87 194.39 225.77 237.77 239.77 266.99 276.49 291.51 120.12 137.14 142.64 166.56 231.48 245.48 248.48 278.8 574.56 517.09 455.94 30.03 100.81 105.81 122.33 126.33 151.85 169.37 183.07 210.85 212.85 229.77 236.77 266.59 287.31 111.12 128.14 131.64 157.16 218.56 240.48 245.38 274.6 454.26 495.19 430.11 396.57 304.01 400.97 199.72 214.64 519.71 552.71 561.81 567.11 315.21 320.51 319.71 324.71 336.01 338.31 343.61 342.81 347.51 358.71 363.41 360.71 365.81 377.21 381.71 415.01 422.61 437.21 446.31 439.91 447.61 460.11 465.41 464.91 472.41 478.81 484.71 486.81 511.91 523.41 533.01 675.21 703.11 528.61 768.51 560.31 293.11 293.71 298.61 315.81 321.11 320.41 325.11 336.01 338.01 343.51 343.01 347.91 368.31 373.81 390.01 164.51 167.51 172.81 171.51 179.41 181.51 188.31 191.01 200.81 213.51 218.81 218.11 225.21 232.31 237.61 259.71 265.51 279.31 437.61 592.51 688.81 580.21 450.11 500.71 444.71 508.01 442.31 519.61 419.51 471.01 545.31 596.61 427.71 582.51 212.71 351.31 419.91 632.41 663.71
445.51 0 94.38 111.4 117.4 134.92 138.92 157.94 159.94 174.46 205.84 217.84 219.84 247.06 256.56 271.58 100.19 117.21 122.71 146.63 211.55 225.55 228.55 258.87 554.63 497.16 436.01 10.1 80.88 85.88 102.4 106.4 131.92 149.44 163.14 190.92 192.92 209.84 216.84 246.66 267.38 91.19 108.21 111.71 137.23 198.63 220.55 225.45 254.67 434.33 475.26 410.18 376.64 284.08 381.04 179.79 194.71 499.78 532.78 541.88 547.18 295.28 300.58 299.78 304.78 316.08 318.38 323.68 322.88 327.58 338.78 343.48 340.78 345.88 357.28 361.78 395.08 402.68 417.28 426.38 419.98 427.68 440.18 445.48 444.98 452.48 458.88 464.78 466.88 491.98 503.48 513.08 655.28 683.18 508.68 748.58 540.38 273.18 273.78 278.68 295.88 301.18 300.48 305.18 316.08 318.08 323.58 323.08 327.98 348.38 353.88 370.08 144.58 147.58 152.88 151.58 159.48 161.58 168.38 171.08 180.88 193.58 198.88 198.18 205.28 212.38 217.68 239.78 245.58 259.38 417.68 572.58 668.88 560.28 430.18 480.78 424.78 488.08 422.38 499.68 399.58 451.08 525.38 576.68 407.78 562.58 192.78 331.38 399.98 612.48 643.78
364.85 384.78 0 17.02 23.02 40.54 44.54 63.56 65.56 80.08 111.46 137.18 139.18 166.4 175.9 190.92 5.81 22.83 28.33 52.25 117.17 144.89 147.89 178.21 479.95 537.08 361.33 384.76 208.44 213.44 229.96 233.96 259.48 74.76 88.46 116.24 118.24 135.16 142.16 171.98 192.7 218.75 235.77 239.27 264.79 123.95 145.87 150.77 179.99 476.05 516.98 335.5 301.96 325.8 300.38 105.11 100.33 627.34 660.34 669.44 674.74 422.84 428.14 427.34 432.34 443.64 445.94 451.24 450.44 455.14 466.34 471.04 468.34 473.44 484.84 489.34 522.64 530.24 544.84 553.94 547.54 555.24 567.74 573.04 572.54 580.04 586.44 592.34 594.44 619.54 631.04 640.64 782.84 810.74 636.24 876.14 667.94 400.74 401.34 406.24 423.44 428.74 428.04 432.74 443.64 445.64 451.14 450.64 455.54 475.94 481.44 497.64 272.14 275.14 280.44 279.14 287.04 289.14 295.94 298.64 308.44 321.14 326.44 325.74 332.84 339.94 345.24 367.34 373.14 386.94 545.24 700.14 796.44 687.84 557.74 608.34 552.34 615.64 549.94 627.24 527.14 578.64 652.94 704.24 535.34 690.14 320.34 458.94 527.54 740.04 771.34
347.83 367.76 190.64 0 6 23.52 27.52 46.54 48.54 63.06 94.44 120.16 122.16 149.38 158.88 173.9 196.45 5.81 11.31 35.23 100.15 127.87 130.87 161.19 462.93 520.06 344.31 367.74 191.42 196.42 212.94 216.94 242.46 57.74 71.44 99.22 101.22 118.14 125.14 154.96 175.68 201.73 218.75 222.25 247.77 106.93 128.85 133.75 162.97 459.03 499.96 318.48 284.94 308.78 283.36 88.09 83.31 610.32 643.32 652.42 657.72 405.82 411.12 410.32 415.32 426.62 428.92 434.22 433.42 438.12 449.32 454.02 451.32 456.42 467.82 472.32 505.62 513.22 527.82 536.92 530.52 538.22 550.72 556.02 555.52 563.02 569.42 575.32 577.42 602.52 614.02 623.62 765.82 793.72 619.22 859.12 650.92 383.72 384.32 389.22 406.42 411.72 411.02 415.72 426.62 428.62 434.12 433.62 438.52 458.92 464.42 480.62 255.12 258.12 263.42 262.12 270.02 272.12 278.92 281.62 291.42 304.12 309.42 308.72 315.82 322.92 328.22 350.32 356.12 369.92 528.22 683.12 779.42 670.82 540.72 591.32 535.32 598.62 532.92 610.22 510.12 561.62 635.92 687.22 518.32 673.12 303.32 441.92 510.52 723.02 754.32
341.83 361.76 184.64 201.66 0 17.52 21.52 40.54 42.54 57.06 88.44 114.16 116.16 143.38 152.88 167.9 190.45 207.47 5.31 29.23 94.15 121.87 124.87 155.19 456.93 514.06 338.31 361.74 185.42 190.42 206.94 210.94 236.46 51.74 65.44 93.22 95.22 112.14 119.14 148.96 169.68 195.73 212.75 216.25 241.77 100.93 122.85 127.75 156.97 453.03 493.96 312.48 278.94 302.78 277.36 82.09 77.31 604.32 637.32 646.42 651.72 399.82 405.12 404.32 409.32 420.62 422.92 428.22 427.42 432.12 443.32 448.02 445.32 450.42 461.82 466.32 499.62 507.22 521.82 530.92 524.52 532.22 544.72 550.02 549.52 557.02 563.42 569.32 571.42 596.52 608.02 617.62 759.82 787.72 613.22 853.12 644.92 377.72 378.32 383.22 400.42 405.72 405.02 409.72 420.62 422.62 428.12 427.62 432.52 452.92 458.42 474.62 249.12 252.12 257.42 256.12 264.02 266.12 272.92 275.62 285.42 298.12 303.42 302.72 309.82 316.92 322.22 344.32 350.12 363.92 522.22 677.12 773.42 664.82 534.72 585.32 529.32 592.62 526.92 604.22 504.12 555.62 629.92 681.22 512.32 667.12 297.32 435.92 504.52 717.02 748.32
324.31 344.24 167.12 184.14 190.14 0 4 23.02 25.02 39.54 70.92 96.64 98.64 125.86 135.36 150.38 172.93 189.95 195.45 11.71 76.63 104.35 107.35 137.67 439.41 496.54 320.79 344.22 167.9 172.9 189.42 193.42 218.94 34.22 47.92 75.7 77.7 94.62 101.62 131.44 152.16 178.21 195.23 198.73 224.25 83.41 105.33 110.23 139.45 435.51 476.44 294.96 261.42 285.26 259.84 64.57 59.79 586.8 619.8 628.9 634.2 382.3 387.6 386.8 391.8 403.1 405.4 410.7 409.9 414.6 425.8 430.5 427.8 432.9 444.3 448.8 482.1 489.7 504.3 513.4 507 514.7 527.2 532.5 532 539.5 545.9 551.8 553.9 579 590.5 600.1 742.3 770.2 595.7 835.6 627.4 360.2 360.8 365.7 382.9 388.2 387.5 392.2 403.1 405.1 410.6 410.1 415 435.4 440.9 457.1 231.6 234.6 239.9 238.6 246.5 248.6 255.4 258.1 267.9 280.6 285.9 285.2 292.3 299.4 304.7 326.8 332.6 346.4 504.7 659.6 755.9 647.3 517.2 567.8 511.8 575.1 509.4 586.7 486.6 538.1 612.4 663.7 494.8 649.6 279.8 418.4 487 699.5 730.8
320.31 340.24 163.12 180.14 186.14 203.66 0 19.02 21.02 35.54 66.92 92.64 94.64 121.86 131.36 146.38 168.93 185.95 191.45 7.71 72.63 100.35 103.35 133.67 643.07 494.34 524.45 350.34 371.56 376.56 393.08 397.08 422.6 237.88 251.58 279.36 281.36 298.28 305.28 335.1 355.82 381.87 398.89 402.39 427.91 287.07 308.99 313.89 343.11 431.51 472.44 498.62 465.08 281.26 255.84 268.23 55.79 790.46 823.46 786.24 791.54 585.96 591.26 590.46 595.46 606.76 609.06 614.36 613.56 618.26 629.46 634.16 631.46 636.56 647.96 652.46 639.44 647.04 661.64 670.74 664.34 672.04 684.54 689.84 689.34 696.84 703.24 709.14 711.24 736.34 747.84 757.44 945.96 973.86 619.54 992.94 831.06 563.86 564.46 569.36 586.56 591.86 591.16 595.86 606.76 608.76 614.26 613.76 618.66 639.06 644.56 660.76 435.26 438.26 443.56 442.26 450.16 452.26 459.06 461.76 471.56 484.26 489.56 488.86 495.96 503.06 508.36 530.46 536.26 550.06 708.36 863.26 913.24 850.96 720.86 771.46 715.46 778.76 713.06 790.36 690.26 741.76 816.06 867.36 698.46 853.26 483.46 622.06 690.66 903.16 934.46
301.29 321.22 144.1 161.12 167.12 184.64 188.64 0 2 16.52 47.9 73.62 75.62 102.84 112.34 127.36 149.91 166.93 172.43 196.35 53.61 81.33 84.33 114.65 624.05 475.32 505.43 331.32 352.54 357.54 374.06 378.06 403.58 218.86 232.56 260.34 262.34 279.26 286.26 316.08 336.8 362.85 379.87 383.37 408.89 268.05 289.97 294.87 324.09 412.49 453.42 479.6 446.06 262.24 236.82 249.21 36.77 771.44 804.44 767.22 772.52 566.94 572.24 571.44 576.44 587.74 590.04 595.34 594.54 599.24 610.44 615.14 612.44 617.54 628.94 633.44 620.42 628.02 642.62 651.72 645.32 653.02 665.52 670.82 670.32 677.82 684.22 690.12 692.22 717.32 728.82 738.42 926.94 954.84 600.52 973.92 812.04 544.84 545.44 550.34 567.54 572.84 572.14 576.84 587.74 589.74 595.24 594.74 599.64 620.04 625.54 641.74 416.24 419.24 424.54 423.24 431.14 433.24 440.04 442.74 452.54 465.24 470.54 469.84 476.94 484.04 489.34 511.44 517.24 531.04 689.34 844.24 894.22 831.94 701.84 752.44 696.44 759.74 694.04 771.34 671.24 722.74 797.04 848.34 679.44 834.24 464.44 603.04 671.64 884.14 915.44
299.29 319.22 142.1 159.12 165.12 182.64 186.64 205.66 0 14.52 45.9 71.62 73.62 100.84 110.34 125.36 147.91 164.93 170.43 194.35 51.61 79.33 82.33 112.65 622.05 473.32 503.43 329.32 350.54 355.54 372.06 376.06 401.58 216.86 230.56 258.34 260.34 277.26 284.26 314.08 334.8 360.85 377.87 381.37 406.89 266.05 287.97 292.87 322.09 410.49 451.42 477.6 444.06 260.24 234.82 247.21 34.77 769.44 802.44 765.22 770.52 564.94 570.24 569.44 574.44 585.74 588.04 593.34 592.54 597.24 608.44 613.14 610.44 615.54 626.94 631.44 618.42 626.02 640.62 649.72 643.32 651.02 663.52 668.82 668.32 675.82 682.22 688.12 690.22 715.32 726.82 736.42 924.94 952.84 598.52 971.92 810.04 542.84 543.44 548.34 565.54 570.84 570.14 574.84 585.74 587.74 593.24 592.74 597.64 618.04 623.54 639.74 414.24 417.24 422.54 421.24 429.14 431.24 438.04 440.74 450.54 463.24 468.54 467.84 474.94 482.04 487.34 509.44 515.24 529.04 687.34 842.24 892.22 829.94 699.84 750.44 694.44 757.74 692.04 769.34 669.24 720.74 795.04 846.34 677.44 832.24 462.44 601.04 669.64 882.14 913.44
284.77 304.7 127.58 144.6 150.6 168.12 172.12 191.14 193.14 0 31.38 57.1 59.1 86.32 95.82 110.84 133.39 150.41 155.91 179.83 37.09 64.81 67.81 98.13 607.53 664.66 488.91 314.8 336.02 341.02 357.54 361.54 387.06 202.34 216.04 243.82 245.82 262.74 269.74 299.56 320.28 346.33 363.35 366.85 392.37 251.53 273.45 278.35 307.57 603.63 644.56 463.08 429.54 453.38 220.3 232.69 20.25 754.92 787.92 797.02 802.32 550.42 555.72 554.92 559.92 571.22 573.52 578.82 578.02 582.72 593.92 598.62 595.92 601.02 612.42 616.92 650.22 657.82 672.42 681.52 675.12 682.82 695.32 700.62 700.12 707.62 714.02 719.92 722.02 747.12 758.62 768.22 910.42 938.32 763.82 1003.72 795.52 528.32 528.92 533.82 551.02 556.32 555.62 560.32 571.22 573.22 578.72 578.22 583.12 603.52 609.02 625.22 399.72 402.72 408.02 406.72 414.62 416.72 423.52 426.22 436.02 448.72 454.02 453.32 460.42 467.52 472.82 494.92 500.72 514.52 672.82 827.72 924.02 815.42 685.32 735.92 679.92 743.22 677.52 754.82 654.72 706.22 780.52 831.82 662.92 817.72 447.92 586.52 655.12 867.62 898.92
253.39 273.32 96.2 113.22 119.22 136.74 140.74 159.76 161.76 176.28 0 25.72 27.72 54.94 64.44 79.46 102.01 119.03 124.53 148.45 5.71 33.43 36.43 66.75 576.15 633.28 457.53 283.42 304.64 309.64 326.16 330.16 355.68 170.96 184.66 212.44 214.44 231.36 238.36 268.18 288.9 314.95 331.97 335.47 360.99 220.15 242.07 246.97 276.19 572.25 613.18 431.7 398.16 422 188.92 201.31 196.53 723.54 756.54 765.64 770.94 519.04 524.34 523.54 528.54 539.84 542.14 547.44 546.64 551.34 562.54 567.24 564.54 569.64 581.04 585.54 618.84 626.44 641.04 650.14 643.74 651.44 663.94 669.24 668.74 676.24 682.64 688.54 690.64 715.74 727.24 736.84 879.04 906.94 732.44 972.34 764.14 496.94 497.54 502.44 519.64 524.94 524.24 528.94 539.84 541.84 547.34 546.84 551.74 572.14 577.64 593.84 368.34 371.34 376.64 375.34 383.24 385.34 392.14 394.84 404.64 417.34 422.64 421.94 429.04 436.14 441.44 463.54 469.34 483.14 641.44 796.34 892.64 784.04 653.94 704.54 648.54 711.84 646.14 723.44 623.34 674.84 749.14 800.44 631.54 786.34 416.54 555.14 623.74 836.24 867.54
227.67 247.6 70.48 87.5 93.5 111.02 115.02 134.04 136.04 150.56 181.94 0 2 29.22 38.72 53.74 76.29 93.31 98.81 122.73 187.65 7.71 10.71 41.03 550.43 607.56 431.81 257.7 278.92 283.92 300.44 304.44 329.96 145.24 158.94 186.72 188.72 205.64 212.64 242.46 263.18 289.23 306.25 309.75 335.27 194.43 216.35 221.25 250.47 546.53 587.46 405.98 372.44 396.28 163.2 175.59 170.81 697.82 730.82 739.92 745.22 493.32 498.62 497.82 502.82 514.12 516.42 521.72 520.92 525.62 536.82 541.52 538.82 543.92 555.32 559.82 593.12 600.72 615.32 624.42 618.02 625.72 638.22 643.52 643.02 650.52 656.92 662.82 664.92 690.02 701.52 711.12 853.32 881.22 706.72 946.62 738.42 471.22 471.82 476.72 493.92 499.22 498.52 503.22 514.12 516.12 521.62 521.12 526.02 546.42 551.92 568.12 342.62 345.62 350.92 349.62 357.52 359.62 366.42 369.12 378.92 391.62 396.92 396.22 403.32 410.42 415.72 437.82 443.62 457.42 615.72 770.62 866.92 758.32 628.22 678.82 622.82 686.12 620.42 697.72 597.62 649.12 723.42 774.72 605.82 760.62 390.82 529.42 598.02 810.52 841.82
225.67 245.6 68.48 85.5 91.5 109.02 113.02 132.04 134.04 148.56 179.94 205.66 0 27.22 36.72 51.74 74.29 91.31 96.81 120.73 185.65 213.37 8.71 39.03 548.43 605.56 429.81 255.7 276.92 281.92 298.44 302.44 327.96 143.24 156.94 184.72 186.72 203.64 210.64 240.46 261.18 287.23 304.25 307.75 333.27 192.43 214.35 219.25 248.47 544.53 585.46 403.98 370.44 394.28 161.2 173.59 168.81 695.82 728.82 737.92 743.22 491.32 496.62 495.82 500.82 512.12 514.42 519.72 518.92 523.62 534.82 539.52 536.82 541.92 553.32 557.82 591.12 598.72 613.32 622.42 616.02 623.72 636.22 641.52 641.02 648.52 654.92 660.82 662.92 688.02 699.52 709.12 851.32 879.22 704.72 944.62 736.42 469.22 469.82 474.72 491.92 497.22 496.52 501.22 512.12 514.12 519.62 519.12 524.02 544.42 549.92 566.12 340.62 343.62 348.92 347.62 355.52 357.62 364.42 367.12 376.92 389.62 394.92 394.22 401.32 408.42 413.72 435.82 441.62 455.42 613.72 768.62 864.92 756.32 626.22 676.82 620.82 684.12 618.42 695.72 595.62 647.12 721.42 772.72 603.82 758.62 388.82 527.42 596.02 808.52 839.82
198.45 218.38 41.26 58.28 64.28 81.8 85.8 104.82 106.82 121.34 152.72 178.44 180.44 0 9.5 24.52 47.07 64.09 69.59 93.51 158.43 186.15 189.15 11.81 521.21 578.34 402.59 228.48 249.7 254.7 271.22 275.22 300.74 116.02 129.72 157.5 159.5 176.42 183.42 213.24 233.96 260.01 277.03 280.53 306.05 165.21 187.13 192.03 221.25 517.31 558.24 376.76 343.22 367.06 133.98 146.37 141.59 668.6 701.6 710.7 716 464.1 469.4 468.6 473.6 484.9 487.2 492.5 491.7 496.4 507.6 512.3 509.6 514.7 526.1 530.6 563.9 571.5 586.1 595.2 588.8 596.5 609 614.3 613.8 621.3 627.7 633.6 635.7 660.8 672.3 681.9 824.1 852 677.5 917.4 709.2 442 442.6 447.5 464.7 470 469.3 474 484.9 486.9 492.4 491.9 496.8 517.2 522.7 538.9 313.4 316.4 321.7 320.4 328.3 330.4 337.2 339.9 349.7 362.4 367.7 367 374.1 381.2 386.5 408.6 414.4 428.2 586.5 741.4 837.7 729.1 599 649.6 593.6 656.9 591.2 668.5 568.4 619.9 694.2 745.5 576.6 731.4 361.6 500.2 568.8 781.3 812.6
190.65 210.58 33.46 50.48 56.48 74 78 97.02 99.02 113.54 144.92 170.64 172.64 199.86 0 16.72 39.27 56.29 61.79 85.71 150.63 178.35 181.35 211.67 513.41 570.54 394.79 220.68 241.9 246.9 263.42 267.42 292.94 108.22 121.92 149.7 151.7 168.62 175.62 205.44 226.16 252.21 269.23 272.73 298.25 157.41 179.33 184.23 213.45 509.51 550.44 368.96 335.42 359.26 126.18 138.57 133.79 660.8 693.8 702.9 708.2 456.3 461.6 460.8 465.8 477.1 479.4 484.7 483.9 488.6 499.8 504.5 501.8 506.9 518.3 522.8 556.1 563.7 578.3 587.4 581 588.7 601.2 606.5 606 613.5 619.9 625.8 627.9 653 664.5 674.1 816.3 844.2 669.7 909.6 701.4 434.2 434.8 439.7 456.9 462.2 461.5 466.2 477.1 479.1 484.6 484.1 489 509.4 514.9 531.1 305.6 308.6 313.9 312.6 320.5 322.6 329.4 332.1 341.9 354.6 359.9 359.2 366.3 373.4 378.7 400.8 406.6 420.4 578.7 733.6 829.9 721.3 591.2 641.8 585.8 649.1 583.4 660.7 560.6 612.1 686.4 737.7 568.8 723.6 353.8 492.4 561 773.5 804.8
173.93 193.86 16.74 33.76 39.76 57.28 61.28 80.3 82.3 96.82 128.2 153.92 155.92 183.14 192.64 0 22.55 39.57 45.07 68.99 133.91 161.63 164.63 194.95 496.69 553.82 378.07 203.96 225.18 230.18 246.7 250.7 276.22 91.5 105.2 132.98 134.98 151.9 158.9 188.72 209.44 235.49 252.51 256.01 281.53 140.69 162.61 167.51 196.73 492.79 533.72 352.24 318.7 342.54 109.46 121.85 117.07 644.08 677.08 686.18 691.48 439.58 444.88 444.08 449.08 460.38 462.68 467.98 467.18 471.88 483.08 487.78 485.08 490.18 501.58 506.08 539.38 546.98 561.58 570.68 564.28 571.98 584.48 589.78 589.28 596.78 603.18 609.08 611.18 636.28 647.78 657.38 799.58 827.48 652.98 892.88 684.68 417.48 418.08 422.98 440.18 445.48 444.78 449.48 460.38 462.38 467.88 467.38 472.28 492.68 498.18 514.38 288.88 291.88 297.18 295.88 303.78 305.88 312.68 315.38 325.18 337.88 343.18 342.48 349.58 356.68 361.98 384.08 389.88 403.68 561.98 716.88 813.18 704.58 574.48 625.08 569.08 632.38 566.68 643.98 543.88 595.38 669.68 720.98 552.08 706.88 337.08 475.68 544.28 756.78 788.08
359.04 378.97 201.85 11.21 17.21 34.73 38.73 57.75 59.75 74.27 105.65 131.37 133.37 160.59 170.09 185.11 0 17.02 22.52 46.44 111.36 139.08 142.08 172.4 474.14 531.27 355.52 378.95 202.63 207.63 224.15 228.15 253.67 68.95 82.65 110.43 112.43 129.35 136.35 166.17 186.89 212.94 229.96 233.46 258.98 118.14 140.06 144.96 174.18 470.24 511.17 329.69 296.15 319.99 294.57 99.3 94.52 621.53 654.53 663.63 668.93 417.03 422.33 421.53 426.53 437.83 440.13 445.43 444.63 449.33 460.53 465.23 462.53 467.63 479.03 483.53 516.83 524.43 539.03 548.13 541.73 549.43 561.93 567.23 566.73 574.23 580.63 586.53 588.63 613.73 625.23 634.83 777.03 804.93 630.43 870.33 662.13 394.93 395.53 400.43 417.63 422.93 422.23 426.93 437.83 439.83 445.33 444.83 449.73 470.13 475.63 491.83 266.33 269.33 274.63 273.33 281.23 283.33 290.13 292.83 302.63 315.33 320.63 319.93 327.03 334.13 339.43 361.53 367.33 381.13 539.43 694.33 790.63 682.03 551.93 602.53 546.53 609.83 544.13 621.43 521.33 572.83 647.13 698.43 529.53 684.33 314.53 453.13 521.73 734.23 765.53
346.62 366.55 189.43 206.45 212.45 22.31 26.31 45.33 47.33 61.85 93.23 118.95 120.95 148.17 157.67 172.69 195.24 0 217.76 34.02 98.94 126.66 129.66 159.98 461.72 518.85 343.1 366.53 190.21 195.21 211.73 215.73 241.25 56.53 70.23 98.01 100.01 116.93 123.93 153.75 174.47 200.52 217.54 221.04 246.56 105.72 127.64 132.54 161.76 457.82 498.75 317.27 283.73 307.57 282.15 86.88 82.1 609.11 642.11 651.21 656.51 404.61 409.91 409.11 414.11 425.41 427.71 433.01 432.21 436.91 448.11 452.81 450.11 455.21 466.61 471.11 504.41 512.01 526.61 535.71 529.31 537.01 549.51 554.81 554.31 561.81 568.21 574.11 576.21 601.31 612.81 622.41 764.61 792.51 618.01 857.91 649.71 382.51 383.11 388.01 405.21 410.51 409.81 414.51 425.41 427.41 432.91 432.41 437.31 457.71 463.21 479.41 253.91 256.91 262.21 260.91 268.81 270.91 277.71 280.41 290.21 302.91 308.21 307.51 314.61 321.71 327.01 349.11 354.91 368.71 527.01 681.91 778.21 669.61 539.51 590.11 534.11 597.41 531.71 609.01 508.91 560.41 634.71 686.01 517.11 671.91 302.11 440.71 509.31 721.81 753.11
336.52 356.45 179.33 196.35 202.35 12.21 16.21 35.23 37.23 51.75 83.13 108.85 110.85 138.07 147.57 162.59 185.14 202.16 0 23.92 88.84 116.56 119.56 149.88 451.62 508.75 333 356.43 180.11 185.11 201.63 205.63 231.15 46.43 60.13 87.91 89.91 106.83 113.83 143.65 164.37 190.42 207.44 210.94 236.46 95.62 117.54 122.44 151.66 447.72 488.65 307.17 273.63 297.47 272.05 76.78 72 599.01 632.01 641.11 646.41 394.51 399.81 399.01 404.01 415.31 417.61 422.91 422.11 426.81 438.01 442.71 440.01 445.11 456.51 461.01 494.31 501.91 516.51 525.61 519.21 526.91 539.41 544.71 544.21 551.71 558.11 564.01 566.11 591.21 602.71 612.31 754.51 782.41 607.91 847.81 639.61 372.41 373.01 377.91 395.11 400.41 399.71 404.41 415.31 417.31 422.81 422.31 427.21 447.61 453.11 469.31 243.81 246.81 252.11 250.81 258.71 260.81 267.61 270.31 280.11 292.81 298.11 297.41 304.51 311.61 316.91 339.01 344.81 358.61 516.91 671.81 768.11 659.51 529.41 580.01 524.01 587.31 521.61 598.91 498.81 550.31 624.61 675.91 507.01 661.81 292.01 430.61 499.21 711.71 743.01
312.6 332.53 155.41 172.43 178.43 195.95 199.95 11.31 13.31 27.83 59.21 84.93 86.93 114.15 123.65 138.67 161.22 178.24 183.74 0 64.92 92.64 95.64 125.96 635.36 486.63 516.74 342.63 363.85 368.85 385.37 389.37 414.89 230.17 243.87 271.65 273.65 290.57 297.57 327.39 348.11 374.16 391.18 394.68 420.2 279.36 301.28 306.18 335.4 423.8 464.73 490.91 457.37 273.55 248.13 260.52 48.08 782.75 815.75 778.53 783.83 578.25 583.55 582.75 587.75 599.05 601.35 606.65 605.85 610.55 621.75 626.45 623.75 628.85 640.25 644.75 631.73 639.33 653.93 663.03 656.63 664.33 676.83 682.13 681.63 689.13 695.53 701.43 703.53 728.63 740.13 749.73 938.25 966.15 611.83 985.23 823.35 556.15 556.75 561.65 578.85 584.15 583.45 588.15 599.05 601.05 606.55 606.05 610.95 631.35 636.85 653.05 427.55 430.55 435.85 434.55 442.45 444.55 451.35 454.05 463.85 476.55 481.85 481.15 488.25 495.35 500.65 522.75 528.55 542.35 700.65 855.55 905.53 843.25 713.15 763.75 707.75 771.05 705.35 782.65 682.55 734.05 808.35 859.65 690.75 845.55 475.75 614.35 682.95 895.45 926.75
247.68 267.61 90.49 107.51 113.51 131.03 135.03 154.05 156.05 170.57 201.95 20.01 22.01 49.23 58.73 73.75 96.3 113.32 118.82 142.74 0 27.72 30.72 61.04 570.44 627.57 451.82 277.71 298.93 303.93 320.45 324.45 349.97 165.25 178.95 206.73 208.73 225.65 232.65 262.47 283.19 309.24 326.26 329.76 355.28 214.44 236.36 241.26 270.48 566.54 607.47 425.99 392.45 416.29 183.21 195.6 190.82 717.83 750.83 759.93 765.23 513.33 518.63 517.83 522.83 534.13 536.43 541.73 540.93 545.63 556.83 561.53 558.83 563.93 575.33 579.83 613.13 620.73 635.33 644.43 638.03 645.73 658.23 663.53 663.03 670.53 676.93 682.83 684.93 710.03 721.53 731.13 873.33 901.23 726.73 966.63 758.43 491.23 491.83 496.73 513.93 519.23 518.53 523.23 534.13 536.13 541.63 541.13 546.03 566.43 571.93 588.13 362.63 365.63 370.93 369.63 377.53 379.63 386.43 389.13 398.93 411.63 416.93 416.23 423.33 430.43 435.73 457.83 463.63 477.43 635.73 790.63 886.93 778.33 648.23 698.83 642.83 706.13 640.43 717.73 617.63 669.13 743.43 794.73 625.83 780.63 410.83 549.43 618.03 830.53 861.83
223.66 243.59 66.47 83.49 89.49 107.01 111.01 130.03 132.03 146.55 177.93 203.65 205.65 25.21 34.71 49.73 72.28 89.3 94.8 118.72 183.64 0 214.36 37.02 546.42 603.55 427.8 253.69 274.91 279.91 296.43 300.43 325.95 141.23 154.93 182.71 184.71 201.63 208.63 238.45 259.17 285.22 302.24 305.74 331.26 190.42 212.34 217.24 246.46 542.52 583.45 401.97 368.43 392.27 159.19 171.58 166.8 693.81 726.81 735.91 741.21 489.31 494.61 493.81 498.81 510.11 512.41 517.71 516.91 521.61 532.81 537.51 534.81 539.91 551.31 555.81 589.11 596.71 611.31 620.41 614.01 621.71 634.21 639.51 639.01 646.51 652.91 658.81 660.91 686.01 697.51 707.11 849.31 877.21 702.71 942.61 734.41 467.21 467.81 472.71 489.91 495.21 494.51 499.21 510.11 512.11 517.61 517.11 522.01 542.41 547.91 564.11 338.61 341.61 346.91 345.61 353.51 355.61 362.41 365.11 374.91 387.61 392.91 392.21 399.31 406.41 411.71 433.81 439.61 453.41 611.71 766.61 862.91 754.31 624.21 674.81 618.81 682.11 616.41 693.71 593.61 645.11 719.41 770.71 601.81 756.61 386.81 525.41 594.01 806.51 837.81
216.96 236.89 59.77 76.79 82.79 100.31 104.31 123.33 125.33 139.85 171.23 196.95 198.95 18.51 28.01 43.03 65.58 82.6 88.1 112.02 176.94 204.66 0 30.32 539.72 596.85 421.1 246.99 268.21 273.21 289.73 293.73 319.25 134.53 148.23 176.01 178.01 194.93 201.93 231.75 252.47 278.52 295.54 299.04 324.56 183.72 205.64 210.54 239.76 535.82 576.75 395.27 361.73 385.57 152.49 164.88 160.1 687.11 720.11 729.21 734.51 482.61 487.91 487.11 492.11 503.41 505.71 511.01 510.21 514.91 526.11 530.81 528.11 533.21 544.61 549.11 582.41 590.01 604.61 613.71 607.31 615.01 627.51 632.81 632.31 639.81 646.21 652.11 654.21 679.31 690.81 700.41 842.61 870.51 696.01 935.91 727.71 460.51 461.11 466.01 483.21 488.51 487.81 492.51 503.41 505.41 510.91 510.41 515.31 535.71 541.21 557.41 331.91 334.91 340.21 338.91 346.81 348.91 355.71 358.41 368.21 380.91 386.21 385.51 392.61 399.71 405.01 427.11 432.91 446.71 605.01 759.91 856.21 747.61 617.51 668.11 612.11 675.41 609.71 687.01 586.91 638.41 712.71 764.01 595.11 749.91 380.11 518.71 587.31 799.81 831.11
186.64 206.57 29.45 46.47 52.47 69.99 73.99 93.01 95.01 109.53 140.91 166.63 168.63 195.85 205.35 12.71 35.26 52.28 57.78 81.7 146.62 174.34 177.34 0 509.4 566.53 390.78 216.67 237.89 242.89 259.41 263.41 288.93 104.21 117.91 145.69 147.69 164.61 171.61 201.43 222.15 248.2 265.22 268.72 294.24 153.4 175.32 180.22 209.44 505.5 546.43 364.95 331.41 355.25 122.17 134.56 129.78 656.79 689.79 698.89 704.19 452.29 457.59 456.79 461.79 473.09 475.39 480.69 479.89 484.59 495.79 500.49 497.79 502.89 514.29 518.79 552.09 559.69 574.29 583.39 576.99 584.69 597.19 602.49 601.99 609.49 615.89 621.79 623.89 648.99 660.49 670.09 812.29 840.19 665.69 905.59 697.39 430.19 430.79 435.69 452.89 458.19 457.49 462.19 473.09 475.09 480.59 480.09 484.99 505.39 510.89 527.09 301.59 304.59 309.89 308.59 316.49 318.59 325.39 328.09 337.89 350.59 355.89 355.19 362.29 369.39 374.69 396.79 402.59 416.39 574.69 729.59 825.89 717.29 587.19 637.79 581.79 645.09 579.39 656.69 556.59 608.09 682.39 733.69 564.79 719.59 349.79 488.39 556.99 769.49 800.79
408.12 428.05 250.93 267.95 273.95 291.47 295.47 314.49 316.49 127.15 158.53 180.45 182.45 209.67 219.17 234.19 256.74 273.76 279.26 303.18 164.24 188.16 191.16 221.48 0 57.13 398.62 422.05 245.73 250.73 267.25 271.25 296.77 314.29 125.75 153.53 155.53 172.45 179.45 209.27 229.99 256.04 273.06 276.56 302.08 161.24 183.16 188.06 217.28 599.18 640.11 575.03 339.25 448.93 343.65 142.4 147.4 558.13 591.13 349.03 354.33 353.63 358.93 358.13 363.13 374.43 376.73 382.03 381.23 385.93 397.13 401.83 399.13 404.23 415.63 420.13 202.23 209.83 224.43 233.53 227.13 234.83 247.33 252.63 252.13 259.63 266.03 271.93 274.03 299.13 310.63 320.23 713.63 741.53 182.33 555.73 592.93 331.53 332.13 337.03 354.23 359.53 358.83 363.53 374.43 376.43 381.93 381.43 386.33 406.73 412.23 428.43 309.43 312.43 317.73 316.43 324.33 326.43 333.23 335.93 345.73 358.43 363.73 363.03 370.13 377.23 382.53 298.13 303.93 317.73 476.03 630.93 476.03 618.63 595.03 645.63 589.63 652.93 587.23 664.53 457.93 509.43 583.73 635.03 572.63 620.93 357.63 496.23 564.83 670.83 702.13
350.99 370.92 193.8 210.82 216.82 234.34 238.34 257.36 259.36 70.02 101.4 123.32 125.32 152.54 162.04 177.06 199.61 216.63 222.13 246.05 107.11 131.03 134.03 164.35 662.35 0 341.49 364.92 188.6 193.6 210.12 214.12 239.64 257.16 68.62 96.4 98.4 115.32 122.32 152.14 172.86 198.91 215.93 219.43 244.95 104.11 126.03 130.93 160.15 542.05 582.98 517.9 282.12 391.8 286.52 85.27 90.27 501 534 291.9 297.2 296.5 301.8 301 306 317.3 319.6 324.9 324.1 328.8 340 344.7 342 347.1 358.5 363 145.1 152.7 167.3 176.4 170 177.7 190.2 195.5 195 202.5 208.9 214.8 216.9 242 253.5 263.1 656.5 684.4 125.2 498.6 535.8 274.4 275 279.9 297.1 302.4 301.7 306.4 317.3 319.3 324.8 324.3 329.2 349.6 355.1 371.3 252.3 255.3 260.6 259.3 267.2 269.3 276.1 278.8 288.6 301.3 306.6 305.9 313 320.1 325.4 241 246.8 260.6 418.9 573.8 418.9 561.5 537.9 588.5 532.5 595.8 530.1 607.4 400.8 452.3 526.6 577.9 515.5 563.8 300.5 439.1 507.7 613.7 645
458.84 478.77 107.71 124.73 130.73 148.25 152.25 171.27 173.27 187.79 219.17 231.17 233.17 260.39 269.89 284.91 113.52 130.54 136.04 159.96 224.88 238.88 241.88 272.2 567.96 510.49 0 23.43 94.21 99.21 115.73 119.73 145.25 162.77 176.47 204.25 206.25 223.17 230.17 259.99 280.71 104.52 121.54 125.04 150.56 211.96 233.88 238.78 268 447.66 488.59 423.51 389.97 297.41 394.37 193.12 208.04 513.11 546.11 555.21 560.51 308.61 313.91 313.11 318.11 329.41 331.71 337.01 336.21 340.91 352.11 356.81 354.11 359.21 370.61 375.11 408.41 416.01 430.61 439.71 433.31 441.01 453.51 458.81 458.31 465.81 472.21 478.11 480.21 505.31 516.81 526.41 668.61 696.51 522.01 761.91 553.71 286.51 287.11 292.01 309.21 314.51 313.81 318.51 329.41 331.41 336.91 336.41 341.31 361.71 367.21 383.41 157.91 160.91 166.21 164.91 172.81 174.91 181.71 184.41 194.21 206.91 212.21 211.51 218.61 225.71 231.01 253.11 258.91 272.71 431.01 585.91 682.21 573.61 443.51 494.11 438.11 501.41 435.71 513.01 412.91 464.41 538.71 590.01 421.11 575.91 206.11 344.71 413.31 625.81 657.11
435.41 455.34 84.28 101.3 107.3 124.82 128.82 147.84 149.84 164.36 195.74 207.74 209.74 236.96 246.46 261.48 90.09 107.11 112.61 136.53 201.45 215.45 218.45 248.77 544.53 487.06 425.91 0 70.78 75.78 92.3 96.3 121.82 139.34 153.04 180.82 182.82 199.74 206.74 236.56 257.28 81.09 98.11 101.61 127.13 188.53 210.45 215.35 244.57 424.23 465.16 400.08 366.54 273.98 370.94 169.69 184.61 489.68 522.68 531.78 537.08 285.18 290.48 289.68 294.68 305.98 308.28 313.58 312.78 317.48 328.68 333.38 330.68 335.78 347.18 351.68 384.98 392.58 407.18 416.28 409.88 417.58 430.08 435.38 434.88 442.38 448.78 454.68 456.78 481.88 493.38 502.98 645.18 673.08 498.58 738.48 530.28 263.08 263.68 268.58 285.78 291.08 290.38 295.08 305.98 307.98 313.48 312.98 317.88 338.28 343.78 359.98 134.48 137.48 142.78 141.48 149.38 151.48 158.28 160.98 170.78 183.48 188.78 188.08 195.18 202.28 207.58 229.68 235.48 249.28 407.58 562.48 658.78 550.18 420.08 470.68 414.68 477.98 412.28 489.58 389.48 440.98 515.28 566.58 397.68 552.48 182.68 321.28 389.88 602.38 633.68
364.63 384.56 207.44 224.46 230.46 247.98 251.98 271 273 287.52 318.9 136.96 138.96 166.18 175.68 190.7 213.25 230.27 235.77 259.69 324.61 144.67 147.67 177.99 473.75 416.28 355.13 378.56 0 5 21.52 25.52 51.04 68.56 82.26 110.04 112.04 128.96 135.96 165.78 186.5 10.31 27.33 30.83 56.35 117.75 139.67 144.57 173.79 353.45 394.38 329.3 295.76 203.2 300.16 98.91 307.77 418.9 451.9 461 466.3 214.4 219.7 218.9 223.9 235.2 237.5 242.8 242 246.7 257.9 262.6 259.9 265 276.4 280.9 314.2 321.8 336.4 345.5 339.1 346.8 359.3 364.6 364.1 371.6 378 383.9 386 411.1 422.6 432.2 574.4 602.3 427.8 667.7 459.5 192.3 192.9 197.8 215 220.3 219.6 224.3 235.2 237.2 242.7 242.2 247.1 267.5 273 289.2 63.7 66.7 72 70.7 78.6 80.7 87.5 90.2 100 112.7 118 117.3 124.4 131.5 136.8 158.9 164.7 178.5 336.8 491.7 588 479.4 349.3 399.9 343.9 407.2 341.5 418.8 318.7 370.2 444.5 495.8 326.9 481.7 111.9 250.5 319.1 531.6 562.9
359.63 379.56 202.44 219.46 225.46 242.98 246.98 266 268 282.52 313.9 131.96 133.96 161.18 170.68 185.7 208.25 225.27 230.77 254.69 319.61 139.67 142.67 172.99 468.75 411.28 350.13 373.56 197.24 0 16.52 20.52 46.04 63.56 77.26 105.04 107.04 123.96 130.96 160.78 181.5 5.31 22.33 25.83 51.35 112.75 134.67 139.57 168.79 348.45 389.38 324.3 290.76 198.2 295.16 93.91 302.77 413.9 446.9 456 461.3 209.4 214.7 213.9 218.9 230.2 232.5 237.8 237 241.7 252.9 257.6 254.9 260 271.4 275.9 309.2 316.8 331.4 340.5 334.1 341.8 354.3 359.6 359.1 366.6 373 378.9 381 406.1 417.6 427.2 569.4 597.3 422.8 662.7 454.5 187.3 187.9 192.8 210 215.3 214.6 219.3 230.2 232.2 237.7 237.2 242.1 262.5 268 284.2 58.7 61.7 67 65.7 73.6 75.7 82.5 85.2 95 107.7 113 112.3 119.4 126.5 131.8 153.9 159.7 173.5 331.8 486.7 583 474.4 344.3 394.9 338.9 402.2 336.5 413.8 313.7 365.2 439.5 490.8 321.9 476.7 106.9 245.5 314.1 526.6 557.9
343.11 363.04 185.92 202.94 208.94 226.46 230.46 249.48 251.48 266 297.38 115.44 117.44 144.66 154.16 169.18 191.73 208.75 214.25 238.17 303.09 123.15 126.15 156.47 452.23 509.36 333.61 357.04 180.72 185.72 0 4 29.52 47.04 60.74 88.52 90.52 107.44 114.44 144.26 164.98 191.03 5.81 9.31 34.83 96.23 118.15 123.05 152.27 534.17 575.1 307.78 274.24 383.92 278.64 77.39 286.25 599.62 632.62 641.72 647.02 395.12 400.42 399.62 404.62 415.92 418.22 423.52 422.72 427.42 438.62 443.32 440.62 445.72 457.12 461.62 494.92 502.52 517.12 526.22 519.82 527.52 540.02 545.32 544.82 552.32 558.72 564.62 566.72 591.82 603.32 612.92 755.12 783.02 608.52 848.42 640.22 373.02 373.62 378.52 395.72 401.02 400.32 405.02 415.92 417.92 423.42 422.92 427.82 448.22 453.72 469.92 244.42 247.42 252.72 251.42 259.32 261.42 268.22 270.92 280.72 293.42 298.72 298.02 305.12 312.22 317.52 339.62 345.42 359.22 517.52 672.42 768.72 660.12 530.02 580.62 524.62 587.92 522.22 599.52 499.42 550.92 625.22 676.52 507.62 662.42 292.62 431.22 499.82 712.32 743.62
339.11 359.04 181.92 198.94 204.94 222.46 226.46 245.48 247.48 262 293.38 111.44 113.44 140.66 150.16 165.18 187.73 204.75 210.25 234.17 299.09 119.15 122.15 152.47 448.23 505.36 329.61 353.04 176.72 181.72 198.24 0 25.52 43.04 56.74 84.52 86.52 103.44 110.44 140.26 160.98 187.03 204.05 5.31 30.83 92.23 114.15 119.05 148.27 530.17 571.1 303.78 270.24 379.92 274.64 73.39 282.25 595.62 628.62 637.72 643.02 391.12 396.42 395.62 400.62 411.92 414.22 419.52 418.72 423.42 434.62 439.32 436.62 441.72 453.12 457.62 490.92 498.52 513.12 522.22 515.82 523.52 536.02 541.32 540.82 548.32 554.72 560.62 562.72 587.82 599.32 608.92 751.12 779.02 604.52 844.42 636.22 369.02 369.62 374.52 391.72 397.02 396.32 401.02 411.92 413.92 419.42 418.92 423.82 444.22 449.72 465.92 240.42 243.42 248.72 247.42 255.32 257.42 264.22 266.92 276.72 289.42 294.72 294.02 301.12 308.22 313.52 335.62 341.42 355.22 513.52 668.42 764.72 656.12 526.02 576.62 520.62 583.92 518.22 595.52 495.42 546.92 621.22 672.52 503.62 658.42 288.62 427.22 495.82 708.32 739.62
313.59 333.52 156.4 173.42 179.42 196.94 200.94 219.96 221.96 236.48 267.86 85.92 87.92 115.14 124.64 139.66 162.21 179.23 184.73 208.65 273.57 93.63 96.63 126.95 422.71 479.84 304.09 327.52 151.2 156.2 172.72 176.72 0 17.52 31.22 59 61 77.92 84.92 114.74 135.46 161.51 178.53 182.03 5.31 66.71 88.63 93.53 122.75 504.65 545.58 278.26 244.72 354.4 249.12 47.87 256.73 570.1 603.1 612.2 617.5 365.6 370.9 370.1 375.1 386.4 388.7 394 393.2 397.9 409.1 413.8 411.1 416.2 427.6 432.1 465.4 473 487.6 496.7 490.3 498 510.5 515.8 515.3 522.8 529.2 535.1 537.2 562.3 573.8 583.4 725.6 753.5 579 818.9 610.7 343.5 344.1 349 366.2 371.5 370.8 375.5 386.4 388.4 393.9 393.4 398.3 418.7 424.2 440.4 214.9 217.9 223.2 221.9 229.8 231.9 238.7 241.4 251.2 263.9 269.2 268.5 275.6 282.7 288 310.1 315.9 329.7 488 642.9 739.2 630.6 500.5 551.1 495.1 558.4 492.7 570 469.9 521.4 595.7 647 478.1 632.9 263.1 401.7 470.3 682.8 714.1
296.07 316 138.88 155.9 161.9 179.42 183.42 202.44 204.44 218.96 250.34 68.4 70.4 97.62 107.12 122.14 144.69 161.71 167.21 191.13 256.05 76.11 79.11 109.43 405.19 462.32 286.57 310 133.68 138.68 155.2 159.2 184.72 0 13.7 41.48 43.48 60.4 67.4 97.22 117.94 143.99 161.01 164.51 190.03 49.19 71.11 76.01 105.23 487.13 528.06 260.74 227.2 336.88 231.6 30.35 239.21 552.58 585.58 594.68 599.98 348.08 353.38 352.58 357.58 368.88 371.18 376.48 375.68 380.38 391.58 396.28 393.58 398.68 410.08 414.58 447.88 455.48 470.08 479.18 472.78 480.48 492.98 498.28 497.78 505.28 511.68 517.58 519.68 544.78 556.28 565.88 708.08 735.98 561.48 801.38 593.18 325.98 326.58 331.48 348.68 353.98 353.28 357.98 368.88 370.88 376.38 375.88 380.78 401.18 406.68 422.88 197.38 200.38 205.68 204.38 212.28 214.38 221.18 223.88 233.68 246.38 251.68 250.98 258.08 265.18 270.48 292.58 298.38 312.18 470.48 625.38 721.68 613.08 482.98 533.58 477.58 540.88 475.18 552.48 452.38 503.88 578.18 629.48 460.58 615.38 245.58 384.18 452.78 665.28 696.58
282.37 302.3 125.18 142.2 148.2 165.72 169.72 188.74 190.74 205.26 236.64 54.7 56.7 83.92 93.42 108.44 130.99 148.01 153.51 177.43 242.35 62.41 65.41 95.73 593.73 536.26 272.87 296.3 119.98 124.98 141.5 145.5 171.02 188.54 0 27.78 29.78 46.7 53.7 83.52 104.24 130.29 147.31 150.81 176.33 35.49 57.41 62.31 91.53 473.43 514.36 449.28 213.5 323.18 217.9 16.65 225.51 538.88 571.88 580.98 586.28 334.38 339.68 338.88 343.88 355.18 357.48 362.78 361.98 366.68 377.88 382.58 379.88 384.98 396.38 400.88 434.18 441.78 456.38 465.48 459.08 466.78 479.28 484.58 484.08 491.58 497.98 503.88 505.98 531.08 542.58 552.18 694.38 722.28 547.78 787.68 579.48 312.28 312.88 317.78 334.98 340.28 339.58 344.28 355.18 357.18 362.68 362.18 367.08 387.48 392.98 409.18 183.68 186.68 191.98 190.68 198.58 200.68 207.48 210.18 219.98 232.68 237.98 237.28 244.38 251.48 256.78 278.88 284.68 298.48 456.78 611.68 707.98 599.38 469.28 519.88 463.88 527.18 461.48 538.78 438.68 490.18 564.48 615.78 446.88 601.68 231.88 370.48 439.08 651.58 682.88
254.59 274.52 97.4 114.42 120.42 137.94 141.94 160.96 162.96 177.48 208.86 26.92 28.92 56.14 65.64 80.66 103.21 120.23 125.73 149.65 214.57 34.63 37.63 67.95 565.95 508.48 245.09 268.52 92.2 97.2 113.72 117.72 143.24 160.76 174.46 0 2 18.92 25.92 55.74 76.46 102.51 119.53 123.03 148.55 7.71 29.63 34.53 63.75 445.65 486.58 421.5 185.72 295.4 190.12 191.11 197.73 511.1 544.1 553.2 558.5 306.6 311.9 311.1 316.1 327.4 329.7 335 334.2 338.9 350.1 354.8 352.1 357.2 368.6 373.1 406.4 414 428.6 437.7 431.3 439 451.5 456.8 456.3 463.8 470.2 476.1 478.2 503.3 514.8 524.4 666.6 694.5 520 759.9 551.7 284.5 285.1 290 307.2 312.5 311.8 316.5 327.4 329.4 334.9 334.4 339.3 359.7 365.2 381.4 155.9 158.9 164.2 162.9 170.8 172.9 179.7 182.4 192.2 204.9 210.2 209.5 216.6 223.7 229 251.1 256.9 270.7 429 583.9 680.2 571.6 441.5 492.1 436.1 499.4 433.7 511 410.9 462.4 536.7 588 419.1 573.9 204.1 342.7 411.3 623.8 655.1
454.83 474.76 297.64 314.66 320.66 338.18 342.18 361.2 363.2 377.72 409.1 227.16 229.16 256.38 265.88 280.9 303.45 320.47 325.97 349.89 414.81 234.87 237.87 268.19 563.95 506.48 243.09 266.52 90.2 95.2 111.72 115.72 141.24 158.76 172.46 200.24 0 16.92 23.92 53.74 74.46 100.51 117.53 121.03 146.55 5.71 27.63 32.53 61.75 443.65 484.58 419.5 183.72 293.4 390.36 189.11 397.97 509.1 542.1 551.2 556.5 304.6 309.9 309.1 314.1 325.4 327.7 333 332.2 336.9 348.1 352.8 350.1 355.2 366.6 371.1 404.4 412 426.6 435.7 429.3 437 449.5 454.8 454.3 461.8 468.2 474.1 476.2 501.3 512.8 522.4 664.6 692.5 518 757.9 549.7 282.5 283.1 288 305.2 310.5 309.8 314.5 325.4 327.4 332.9 332.4 337.3 357.7 363.2 379.4 153.9 156.9 162.2 160.9 168.8 170.9 177.7 180.4 190.2 202.9 208.2 207.5 214.6 221.7 227 249.1 254.9 268.7 427 581.9 678.2 569.6 439.5 490.1 434.1 497.4 431.7 509 408.9 460.4 534.7 586 417.1 571.9 202.1 340.7 409.3 621.8 653.1
437.91 457.84 280.72 297.74 303.74 321.26 325.26 344.28 346.28 360.8 392.18 210.24 212.24 239.46 248.96 263.98 286.53 303.55 309.05 332.97 397.89 217.95 220.95 251.27 547.03 489.56 226.17 249.6 73.28 78.28 94.8 98.8 124.32 141.84 155.54 183.32 185.32 0 7 36.82 57.54 83.59 100.61 104.11 129.63 191.03 10.71 15.61 44.83 426.73 467.66 402.58 166.8 276.48 373.44 172.19 381.05 492.18 525.18 534.28 539.58 287.68 292.98 292.18 297.18 308.48 310.78 316.08 315.28 319.98 331.18 335.88 333.18 338.28 349.68 354.18 387.48 395.08 409.68 418.78 412.38 420.08 432.58 437.88 437.38 444.88 451.28 457.18 459.28 484.38 495.88 505.48 647.68 675.58 501.08 740.98 532.78 265.58 266.18 271.08 288.28 293.58 292.88 297.58 308.48 310.48 315.98 315.48 320.38 340.78 346.28 362.48 136.98 139.98 145.28 143.98 151.88 153.98 160.78 163.48 173.28 185.98 191.28 190.58 197.68 204.78 210.08 232.18 237.98 251.78 410.08 564.98 661.28 552.68 422.58 473.18 417.18 480.48 414.78 492.08 391.98 443.48 517.78 569.08 400.18 554.98 185.18 323.78 392.38 604.88 636.18
430.91 450.84 273.72 290.74 296.74 314.26 318.26 337.28 339.28 353.8 385.18 203.24 205.24 232.46 241.96 256.98 279.53 296.55 302.05 325.97 390.89 210.95 213.95 244.27 540.03 482.56 219.17 242.6 66.28 71.28 87.8 91.8 117.32 134.84 148.54 176.32 178.32 195.24 0 29.82 50.54 76.59 93.61 97.11 122.63 184.03 205.95 8.61 37.83 419.73 460.66 395.58 159.8 269.48 366.44 165.19 374.05 485.18 518.18 527.28 532.58 280.68 285.98 285.18 290.18 301.48 303.78 309.08 308.28 312.98 324.18 328.88 326.18 331.28 342.68 347.18 380.48 388.08 402.68 411.78 405.38 413.08 425.58 430.88 430.38 437.88 444.28 450.18 452.28 477.38 488.88 498.48 640.68 668.58 494.08 733.98 525.78 258.58 259.18 264.08 281.28 286.58 285.88 290.58 301.48 303.48 308.98 308.48 313.38 333.78 339.28 355.48 129.98 132.98 138.28 136.98 144.88 146.98 153.78 156.48 166.28 178.98 184.28 183.58 190.68 197.78 203.08 225.18 230.98 244.78 403.08 557.98 654.28 545.68 415.58 466.18 410.18 473.48 407.78 485.08 384.98 436.48 510.78 562.08 393.18 547.98 178.18 316.78 385.38 597.88 629.18
401.09 421.02 243.9 260.92 266.92 284.44 288.44 307.46 309.46 323.98 355.36 173.42 175.42 202.64 212.14 227.16 249.71 266.73 272.23 296.15 361.07 181.13 184.13 214.45 510.21 452.74 189.35 212.78 36.46 41.46 57.98 61.98 87.5 105.02 118.72 146.5 148.5 165.42 172.42 0 20.72 46.77 63.79 67.29 92.81 154.21 176.13 181.03 8.01 389.91 430.84 365.76 129.98 239.66 336.62 135.37 344.23 455.36 488.36 497.46 502.76 250.86 256.16 255.36 260.36 271.66 273.96 279.26 278.46 283.16 294.36 299.06 296.36 301.46 312.86 317.36 350.66 358.26 372.86 381.96 375.56 383.26 395.76 401.06 400.56 408.06 414.46 420.36 422.46 447.56 459.06 468.66 610.86 638.76 464.26 704.16 495.96 228.76 229.36 234.26 251.46 256.76 256.06 260.76 271.66 273.66 279.16 278.66 283.56 303.96 309.46 325.66 100.16 103.16 108.46 107.16 115.06 117.16 123.96 126.66 136.46 149.16 154.46 153.76 160.86 167.96 173.26 195.36 201.16 214.96 373.26 528.16 624.46 515.86 385.76 436.36 380.36 443.66 377.96 455.26 355.16 406.66 480.96 532.26 363.36 518.16 148.36 286.96 355.56 568.06 599.36
380.37 400.3 223.18 240.2 246.2 263.72 267.72 286.74 288.74 303.26 334.64 152.7 154.7 181.92 191.42 206.44 228.99 246.01 251.51 275.43 340.35 160.41 163.41 193.73 489.49 432.02 168.63 192.06 15.74 20.74 37.26 41.26 66.78 84.3 98 125.78 127.78 144.7 151.7 181.52 0 26.05 43.07 46.57 72.09 133.49 155.41 160.31 189.53 369.19 410.12 345.04 109.26 218.94 315.9 114.65 323.51 434.64 467.64 476.74 482.04 230.14 235.44 234.64 239.64 250.94 253.24 258.54 257.74 262.44 273.64 278.34 275.64 280.74 292.14 296.64 329.94 337.54 352.14 361.24 354.84 362.54 375.04 380.34 379.84 387.34 393.74 399.64 401.74 426.84 438.34 447.94 590.14 618.04 443.54 683.44 475.24 208.04 208.64 213.54 230.74 236.04 235.34 240.04 250.94 252.94 258.44 257.94 262.84 283.24 288.74 304.94 79.44 82.44 87.74 86.44 94.34 96.44 103.24 105.94 115.74 128.44 133.74 133.04 140.14 147.24 152.54 174.64 180.44 194.24 352.54 507.44 603.74 495.14 365.04 415.64 359.64 422.94 357.24 434.54 334.44 385.94 460.24 511.54 342.64 497.44 127.64 266.24 334.84 547.34 578.64
354.32 374.25 197.13 214.15 220.15 237.67 241.67 260.69 262.69 277.21 308.59 126.65 128.65 155.87 165.37 180.39 202.94 219.96 225.46 249.38 314.3 134.36 137.36 167.68 463.44 520.57 344.82 368.25 191.93 196.93 11.21 15.21 40.73 58.25 71.95 99.73 101.73 118.65 125.65 155.47 176.19 0 17.02 20.52 46.04 107.44 129.36 134.26 163.48 545.38 586.31 318.99 285.45 395.13 289.85 88.6 297.46 610.83 643.83 652.93 658.23 406.33 411.63 410.83 415.83 427.13 429.43 434.73 433.93 438.63 449.83 454.53 451.83 456.93 468.33 472.83 506.13 513.73 528.33 537.43 531.03 538.73 551.23 556.53 556.03 563.53 569.93 575.83 577.93 603.03 614.53 624.13 766.33 794.23 619.73 859.63 651.43 384.23 384.83 389.73 406.93 412.23 411.53 416.23 427.13 429.13 434.63 434.13 439.03 459.43 464.93 481.13 255.63 258.63 263.93 262.63 270.53 272.63 279.43 282.13 291.93 304.63 309.93 309.23 316.33 323.43 328.73 350.83 356.63 370.43 528.73 683.63 779.93 671.33 541.23 591.83 535.83 599.13 533.43 610.73 510.63 562.13 636.43 687.73 518.83 673.63 303.83 442.43 511.03 723.53 754.83
341.9 361.83 184.71 201.73 207.73 225.25 229.25 248.27 250.27 264.79 296.17 114.23 116.23 143.45 152.95 167.97 190.52 207.54 213.04 236.96 301.88 121.94 124.94 155.26 451.02 508.15 332.4 355.83 179.51 184.51 201.03 205.03 28.31 45.83 59.53 87.31 89.31 106.23 113.23 143.05 163.77 189.82 0 210.34 33.62 95.02 116.94 121.84 151.06 532.96 573.89 306.57 273.03 382.71 277.43 76.18 285.04 598.41 631.41 640.51 645.81 393.91 399.21 398.41 403.41 414.71 417.01 422.31 421.51 426.21 437.41 442.11 439.41 444.51 455.91 460.41 493.71 501.31 515.91 525.01 518.61 526.31 538.81 544.11 543.61 551.11 557.51 563.41 565.51 590.61 602.11 611.71 753.91 781.81 607.31 847.21 639.01 371.81 372.41 377.31 394.51 399.81 399.11 403.81 414.71 416.71 422.21 421.71 426.61 447.01 452.51 468.71 243.21 246.21 251.51 250.21 258.11 260.21 267.01 269.71 279.51 292.21 297.51 296.81 303.91 311.01 316.31 338.41 344.21 358.01 516.31 671.21 767.51 658.91 528.81 579.41 523.41 586.71 521.01 598.31 498.21 549.71 624.01 675.31 506.41 661.21 291.41 430.01 498.61 711.11 742.41
333.8 353.73 176.61 193.63 199.63 217.15 221.15 240.17 242.17 256.69 288.07 106.13 108.13 135.35 144.85 159.87 182.42 199.44 204.94 228.86 293.78 113.84 116.84 147.16 442.92 500.05 324.3 347.73 171.41 176.41 192.93 196.93 20.21 37.73 51.43 79.21 81.21 98.13 105.13 134.95 155.67 181.72 198.74 0 25.52 86.92 108.84 113.74 142.96 524.86 565.79 298.47 264.93 374.61 269.33 68.08 276.94 590.31 623.31 632.41 637.71 385.81 391.11 390.31 395.31 406.61 408.91 414.21 413.41 418.11 429.31 434.01 431.31 436.41 447.81 452.31 485.61 493.21 507.81 516.91 510.51 518.21 530.71 536.01 535.51 543.01 549.41 555.31 557.41 582.51 594.01 603.61 745.81 773.71 599.21 839.11 630.91 363.71 364.31 369.21 386.41 391.71 391.01 395.71 406.61 408.61 414.11 413.61 418.51 438.91 444.41 460.61 235.11 238.11 243.41 242.11 250.01 252.11 258.91 261.61 271.41 284.11 289.41 288.71 295.81 302.91 308.21 330.31 336.11 349.91 508.21 663.11 759.41 650.81 520.71 571.31 515.31 578.61 512.91 590.21 490.11 541.61 615.91 667.21 498.31 653.11 283.31 421.91 490.51 703.01 734.31
308.28 328.21 151.09 168.11 174.11 191.63 195.63 214.65 216.65 231.17 262.55 80.61 82.61 109.83 119.33 134.35 156.9 173.92 179.42 203.34 268.26 88.32 91.32 121.64 417.4 474.53 298.78 322.21 145.89 150.89 167.41 171.41 196.93 12.21 25.91 53.69 55.69 72.61 79.61 109.43 130.15 156.2 173.22 176.72 0 61.4 83.32 88.22 117.44 499.34 540.27 272.95 239.41 349.09 243.81 42.56 251.42 564.79 597.79 606.89 612.19 360.29 365.59 364.79 369.79 381.09 383.39 388.69 387.89 392.59 403.79 408.49 405.79 410.89 422.29 426.79 460.09 467.69 482.29 491.39 484.99 492.69 505.19 510.49 509.99 517.49 523.89 529.79 531.89 556.99 568.49 578.09 720.29 748.19 573.69 813.59 605.39 338.19 338.79 343.69 360.89 366.19 365.49 370.19 381.09 383.09 388.59 388.09 392.99 413.39 418.89 435.09 209.59 212.59 217.89 216.59 224.49 226.59 233.39 236.09 245.89 258.59 263.89 263.19 270.29 277.39 282.69 304.79 310.59 324.39 482.69 637.59 733.89 625.29 495.19 545.79 489.79 553.09 487.39 564.69 464.59 516.09 590.39 641.69 472.79 627.59 257.79 396.39 464.99 677.49 708.79
449.12 469.05 291.93 308.95 314.95 332.47 336.47 355.49 357.49 372.01 403.39 221.45 223.45 250.67 260.17 275.19 297.74 314.76 320.26 344.18 409.1 229.16 232.16 262.48 558.24 500.77 237.38 260.81 84.49 89.49 106.01 110.01 135.53 153.05 166.75 194.53 196.53 11.21 18.21 48.03 68.75 94.8 111.82 115.32 140.84 0 21.92 26.82 56.04 437.94 478.87 413.79 178.01 287.69 384.65 183.4 392.26 503.39 536.39 545.49 550.79 298.89 304.19 303.39 308.39 319.69 321.99 327.29 326.49 331.19 342.39 347.09 344.39 349.49 360.89 365.39 398.69 406.29 420.89 429.99 423.59 431.29 443.79 449.09 448.59 456.09 462.49 468.39 470.49 495.59 507.09 516.69 658.89 686.79 512.29 752.19 543.99 276.79 277.39 282.29 299.49 304.79 304.09 308.79 319.69 321.69 327.19 326.69 331.59 351.99 357.49 373.69 148.19 151.19 156.49 155.19 163.09 165.19 171.99 174.69 184.49 197.19 202.49 201.79 208.89 215.99 221.29 243.39 249.19 262.99 421.29 576.19 672.49 563.89 433.79 484.39 428.39 491.69 425.99 503.29 403.19 454.69 528.99 580.29 411.39 566.19 196.39 334.99 403.59 616.09 647.39
430.9 450.83 273.71 290.73 296.73 314.25 318.25 337.27 339.27 353.79 385.17 203.23 205.23 232.45 241.95 256.97 279.52 296.54 302.04 325.96 390.88 210.94 213.94 244.26 540.02 482.55 219.16 242.59 66.27 71.27 87.79 91.79 117.31 134.83 148.53 176.31 178.31 195.23 202.23 29.81 50.53 76.58 93.6 97.1 122.62 184.02 0 210.84 37.82 419.72 460.65 395.57 159.79 269.47 366.43 165.18 374.04 485.17 518.17 527.27 532.57 280.67 285.97 285.17 290.17 301.47 303.77 309.07 308.27 312.97 324.17 328.87 326.17 331.27 342.67 347.17 380.47 388.07 402.67 411.77 405.37 413.07 425.57 430.87 430.37 437.87 444.27 450.17 452.27 477.37 488.87 498.47 640.67 668.57 494.07 733.97 525.77 258.57 259.17 264.07 281.27 286.57 285.87 290.57 301.47 303.47 308.97 308.47 313.37 333.77 339.27 355.47 129.97 132.97 138.27 136.97 144.87 146.97 153.77 156.47 166.27 178.97 184.27 183.57 190.67 197.77 203.07 225.17 230.97 244.77 403.07 557.97 654.27 545.67 415.57 466.17 410.17 473.47 407.77 485.07 384.97 436.47 510.77 562.07 393.17 547.97 178.17 316.77 385.37 597.87 629.17
422.3 442.23 265.11 282.13 288.13 305.65 309.65 328.67 330.67 345.19 376.57 194.63 196.63 223.85 233.35 248.37 270.92 287.94 293.44 317.36 382.28 202.34 205.34 235.66 531.42 473.95 210.56 233.99 57.67 62.67 79.19 83.19 108.71 126.23 139.93 167.71 169.71 186.63 193.63 21.21 41.93 67.98 85 88.5 114.02 175.42 197.34 0 29.22 411.12 452.05 386.97 151.19 260.87 357.83 156.58 365.44 476.57 509.57 518.67 523.97 272.07 277.37 276.57 281.57 292.87 295.17 300.47 299.67 304.37 315.57 320.27 317.57 322.67 334.07 338.57 371.87 379.47 394.07 403.17 396.77 404.47 416.97 422.27 421.77 429.27 435.67 441.57 443.67 468.77 480.27 489.87 632.07 659.97 485.47 725.37 517.17 249.97 250.57 255.47 272.67 277.97 277.27 281.97 292.87 294.87 300.37 299.87 304.77 325.17 330.67 346.87 121.37 124.37 129.67 128.37 136.27 138.37 145.17 147.87 157.67 170.37 175.67 174.97 182.07 189.17 194.47 216.57 222.37 236.17 394.47 549.37 645.67 537.07 406.97 457.57 401.57 464.87 399.17 476.47 376.37 427.87 502.17 553.47 384.57 539.37 169.57 308.17 376.77 589.27 620.57
393.08 413.01 235.89 252.91 258.91 276.43 280.43 299.45 301.45 315.97 347.35 165.41 167.41 194.63 204.13 219.15 241.7 258.72 264.22 288.14 353.06 173.12 176.12 206.44 502.2 444.73 181.34 204.77 28.45 33.45 49.97 53.97 79.49 97.01 110.71 138.49 140.49 157.41 164.41 194.23 12.71 38.76 55.78 59.28 84.8 146.2 168.12 173.02 0 381.9 422.83 357.75 121.97 231.65 328.61 127.36 336.22 447.35 480.35 489.45 494.75 242.85 248.15 247.35 252.35 263.65 265.95 271.25 270.45 275.15 286.35 291.05 288.35 293.45 304.85 309.35 342.65 350.25 364.85 373.95 367.55 375.25 387.75 393.05 392.55 400.05 406.45 412.35 414.45 439.55 451.05 460.65 602.85 630.75 456.25 696.15 487.95 220.75 221.35 226.25 243.45 248.75 248.05 252.75 263.65 265.65 271.15 270.65 275.55 295.95 301.45 317.65 92.15 95.15 100.45 99.15 107.05 109.15 115.95 118.65 128.45 141.15 146.45 145.75 152.85 159.95 165.25 187.35 193.15 206.95 365.25 520.15 616.45 507.85 377.75 428.35 372.35 435.65 369.95 447.25 347.15 398.65 472.95 524.25 355.35 510.15 140.35 278.95 347.55 560.05 591.35
413.82 433.75 256.63 273.65 279.65 297.17 301.17 320.19 322.19 132.85 164.23 186.15 188.15 215.37 224.87 239.89 262.44 279.46 284.96 308.88 169.94 193.86 196.86 227.18 725.18 62.83 404.32 427.75 251.43 256.43 272.95 276.95 302.47 319.99 131.45 159.23 161.23 178.15 185.15 214.97 235.69 261.74 278.76 282.26 307.78 166.94 188.86 193.76 222.98 0 40.93 580.73 344.95 454.63 349.35 148.1 153.1 563.83 596.83 354.73 360.03 359.33 364.63 363.83 368.83 380.13 382.43 387.73 386.93 391.63 402.83 407.53 404.83 409.93 421.33 425.83 207.93 215.53 230.13 239.23 232.83 240.53 253.03 258.33 257.83 265.33 271.73 277.63 279.73 304.83 316.33 325.93 719.33 747.23 188.03 561.43 598.63 337.23 337.83 342.73 359.93 365.23 364.53 369.23 380.13 382.13 387.63 387.13 392.03 412.43 417.93 434.13 315.13 318.13 323.43 322.13 330.03 332.13 338.93 341.63 351.43 364.13 369.43 368.73 375.83 382.93 388.23 303.83 309.63 323.43 481.73 636.63 481.73 624.33 600.73 651.33 595.33 658.63 592.93 670.23 463.63 515.13 589.43 640.73 578.33 626.63 363.33 501.93 570.53 676.53 707.83
372.89 392.82 215.7 232.72 238.72 256.24 260.24 279.26 281.26 91.92 123.3 145.22 147.22 174.44 183.94 198.96 221.51 238.53 244.03 267.95 129.01 152.93 155.93 186.25 684.25 21.9 363.39 386.82 210.5 215.5 232.02 236.02 261.54 279.06 90.52 118.3 120.3 137.22 144.22 174.04 194.76 220.81 237.83 241.33 266.85 126.01 147.93 152.83 182.05 563.95 0 539.8 304.02 413.7 308.42 107.17 112.17 522.9 555.9 313.8 319.1 318.4 323.7 322.9 327.9 339.2 341.5 346.8 346 350.7 361.9 366.6 363.9 369 380.4 384.9 167 174.6 189.2 198.3 191.9 199.6 212.1 217.4 216.9 224.4 230.8 236.7 238.8 263.9 275.4 285 678.4 706.3 147.1 520.5 557.7 296.3 296.9 301.8 319 324.3 323.6 328.3 339.2 341.2 346.7 346.2 351.1 371.5 377 393.2 274.2 277.2 282.5 281.2 289.1 291.2 298 300.7 310.5 323.2 328.5 327.8 334.9 342 347.3 262.9 268.7 282.5 440.8 595.7 440.8 583.4 559.8 610.4 554.4 617.7 552 629.3 422.7 474.2 548.5 599.8 537.4 585.7 322.4 461 529.6 635.6 666.9
552.57 572.5 395.38 412.4 418.4 435.92 439.92 458.94 460.94 271.6 302.98 324.9 326.9 354.12 363.62 378.64 401.19 418.21 423.71 447.63 308.69 332.61 335.61 365.93 144.45 201.58 543.07 566.5 390.18 395.18 411.7 415.7 441.22 458.74 270.2 297.98 299.98 316.9 323.9 353.72 374.44 400.49 417.51 421.01 446.53 305.69 327.61 332.51 361.73 743.63 784.56 0 483.7 593.38 488.1 286.85 291.85 702.58 735.58 493.48 498.78 498.08 503.38 502.58 507.58 518.88 521.18 526.48 525.68 530.38 541.58 546.28 543.58 548.68 560.08 564.58 346.68 354.28 368.88 377.98 371.58 379.28 391.78 397.08 396.58 404.08 410.48 416.38 418.48 443.58 455.08 464.68 858.08 885.98 326.78 700.18 737.38 475.98 476.58 481.48 498.68 503.98 503.28 507.98 518.88 520.88 526.38 525.88 530.78 551.18 556.68 572.88 453.88 456.88 462.18 460.88 468.78 470.88 477.68 480.38 490.18 502.88 508.18 507.48 514.58 521.68 526.98 442.58 448.38 462.18 620.48 775.38 620.48 763.08 739.48 790.08 734.08 797.38 731.68 808.98 602.38 653.88 728.18 779.48 717.08 765.38 502.08 640.68 709.28 815.28 846.58
518.21 538.14 167.08 184.1 190.1 207.62 211.62 230.64 232.64 247.16 278.54 290.54 292.54 319.76 329.26 344.28 172.89 189.91 195.41 219.33 284.25 298.25 301.25 331.57 627.33 569.86 59.37 82.8 153.58 158.58 175.1 179.1 204.62 222.14 235.84 263.62 265.62 282.54 289.54 319.36 340.08 163.89 180.91 184.41 209.93 271.33 293.25 298.15 327.37 507.03 547.96 482.88 0 356.78 453.74 252.49 267.41 572.48 605.48 614.58 619.88 367.98 373.28 372.48 377.48 388.78 391.08 396.38 395.58 400.28 411.48 416.18 413.48 418.58 429.98 434.48 467.78 475.38 489.98 499.08 492.68 500.38 512.88 518.18 517.68 525.18 531.58 537.48 539.58 564.68 576.18 585.78 727.98 755.88 581.38 821.28 613.08 345.88 346.48 351.38 368.58 373.88 373.18 377.88 388.78 390.78 396.28 395.78 400.68 421.08 426.58 442.78 217.28 220.28 225.58 224.28 232.18 234.28 241.08 243.78 253.58 266.28 271.58 270.88 277.98 285.08 290.38 312.48 318.28 332.08 490.38 645.28 741.58 632.98 502.88 553.48 497.48 560.78 495.08 572.38 472.28 523.78 598.08 649.38 480.48 635.28 265.48 404.08 472.68 685.18 716.48
564.07 584 406.88 423.9 429.9 447.42 451.42 470.44 472.44 283.1 314.48 336.4 338.4 365.62 375.12 390.14 412.69 429.71 435.21 459.13 320.19 344.11 347.11 377.43 875.43 213.08 554.57 578 401.68 406.68 423.2 427.2 452.72 470.24 281.7 309.48 311.48 328.4 335.4 365.22 385.94 411.99 429.01 432.51 458.03 317.19 339.11 344.01 373.23 150.25 191.18 730.98 495.2 0 499.6 298.35 303.35 714.08 747.08 504.98 510.28 509.58 514.88 514.08 519.08 530.38 532.68 537.98 537.18 541.88 553.08 557.78 555.08 560.18 571.58 576.08 358.18 365.78 380.38 389.48 383.08 390.78 403.28 408.58 408.08 415.58 421.98 427.88 429.98 455.08 466.58 476.18 869.58 897.48 338.28 711.68 748.88 487.48 488.08 492.98 510.18 515.48 514.78 519.48 530.38 532.38 537.88 537.38 542.28 562.68 568.18 584.38 465.38 468.38 473.68 472.38 480.28 482.38 489.18 491.88 501.68 514.38 519.68 518.98 526.08 533.18 538.48 454.08 459.88 473.68 631.98 786.88 631.98 774.58 750.98 801.58 745.58 808.88 743.18 820.48 613.88 665.38 739.68 790.98 728.58 776.88 513.58 652.18 720.78 826.78 858.08
64.47 84.4 178.78 195.8 201.8 219.32 223.32 242.34 244.34 258.86 290.24 302.24 304.24 331.46 340.96 355.98 184.59 201.61 207.11 231.03 295.95 309.95 312.95 343.27 639.03 581.56 520.41 94.5 165.28 170.28 186.8 190.8 216.32 233.84 247.54 275.32 277.32 294.24 301.24 331.06 351.78 175.59 192.61 196.11 221.63 283.03 304.95 309.85 339.07 518.73 559.66 494.58 461.04 368.48 0 264.19 279.11 584.18 617.18 626.28 631.58 379.68 384.98 384.18 389.18 400.48 402.78 408.08 407.28 411.98 423.18 427.88 425.18 430.28 441.68 446.18 479.48 487.08 501.68 510.78 504.38 512.08 524.58 529.88 529.38 536.88 543.28 549.18 551.28 576.38 587.88 597.48 739.68 767.58 593.08 832.98 624.78 357.58 358.18 363.08 380.28 385.58 384.88 389.58 400.48 402.48 407.98 407.48 412.38 432.78 438.28 454.48 228.98 231.98 237.28 235.98 243.88 245.98 252.78 255.48 265.28 277.98 283.28 282.58 289.68 296.78 302.08 324.18 329.98 343.78 502.08 656.98 753.28 644.68 514.58 565.18 509.18 572.48 506.78 584.08 483.98 535.48 609.78 661.08 492.18 646.98 277.18 415.78 484.38 696.88 728.18
265.72 285.65 108.53 125.55 131.55 149.07 153.07 172.09 174.09 188.61 219.99 38.05 40.05 67.27 76.77 91.79 114.34 131.36 136.86 160.78 225.7 45.76 48.76 79.08 577.08 519.61 256.22 279.65 103.33 108.33 124.85 128.85 154.37 171.89 185.59 11.13 13.13 30.05 37.05 66.87 87.59 113.64 130.66 134.16 159.68 18.84 40.76 45.66 74.88 456.78 497.71 432.63 196.85 306.53 201.25 0 208.86 522.23 555.23 564.33 569.63 317.73 323.03 322.23 327.23 338.53 340.83 346.13 345.33 350.03 361.23 365.93 363.23 368.33 379.73 384.23 417.53 425.13 439.73 448.83 442.43 450.13 462.63 467.93 467.43 474.93 481.33 487.23 489.33 514.43 525.93 535.53 677.73 705.63 531.13 771.03 562.83 295.63 296.23 301.13 318.33 323.63 322.93 327.63 338.53 340.53 346.03 345.53 350.43 370.83 376.33 392.53 167.03 170.03 175.33 174.03 181.93 184.03 190.83 193.53 203.33 216.03 221.33 220.63 227.73 234.83 240.13 262.23 268.03 281.83 440.13 595.03 691.33 582.73 452.63 503.23 447.23 510.53 444.83 522.13 422.03 473.53 547.83 599.13 430.23 585.03 215.23 353.83 422.43 634.93 666.23
264.52 284.45 107.33 124.35 130.35 147.87 151.87 170.89 172.89 187.41 11.13 36.85 38.85 66.07 75.57 90.59 113.14 130.16 135.66 159.58 16.84 44.56 47.56 77.88 587.28 644.41 468.66 294.55 315.77 320.77 337.29 341.29 366.81 182.09 195.79 223.57 225.57 242.49 249.49 279.31 300.03 326.08 343.1 346.6 372.12 231.28 253.2 258.1 287.32 583.38 624.31 442.83 409.29 433.13 200.05 212.44 0 734.67 767.67 776.77 782.07 530.17 535.47 534.67 539.67 550.97 553.27 558.57 557.77 562.47 573.67 578.37 575.67 580.77 592.17 596.67 629.97 637.57 652.17 661.27 654.87 662.57 675.07 680.37 679.87 687.37 693.77 699.67 701.77 726.87 738.37 747.97 890.17 918.07 743.57 983.47 775.27 508.07 508.67 513.57 530.77 536.07 535.37 540.07 550.97 552.97 558.47 557.97 562.87 583.27 588.77 604.97 379.47 382.47 387.77 386.47 394.37 396.47 403.27 405.97 415.77 428.47 433.77 433.07 440.17 447.27 452.57 474.67 480.47 494.27 652.57 807.47 903.77 795.17 665.07 715.67 659.67 722.97 657.27 734.57 634.47 685.97 760.27 811.57 642.67 797.47 427.67 566.27 634.87 847.37 878.67
985.57 1005.5 828.38 845.4 851.4 868.92 872.92 891.94 893.94 704.6 735.98 757.9 759.9 787.12 796.62 811.64 834.19 851.21 856.71 880.63 741.69 765.61 768.61 798.93 1296.93 634.58 976.07 999.5 823.18 828.18 844.7 848.7 874.22 891.74 703.2 730.98 732.98 749.9 756.9 786.72 807.44 833.49 850.51 854.01 879.53 738.69 760.61 765.51 794.73 571.75 612.68 1152.48 916.7 421.5 921.1 719.85 724.85 0 33 169 174.3 179.3 184.6 183.8 188.8 200.1 202.4 207.7 206.9 211.6 222.8 227.5 224.8 229.9 241.3 245.8 279.1 286.7 301.3 310.4 304 311.7 324.2 329.5 329 336.5 342.9 348.8 350.9 376 387.5 397.1 539.3 567.2 549.4 632.6 40.6 157.2 157.8 162.7 179.9 185.2 184.5 189.2 200.1 202.1 207.6 207.1 212 232.4 237.9 254.1 282 285 290.3 289 296.9 299 305.8 308.5 318.3 331 336.3 335.6 342.7 349.8 355.1 375 380.8 394.6 552.9 456.6 552.9 444.3 498.7 521.5 493.3 556.6 490.9 568.2 283.6 335.1 409.4 460.7 476.3 446.6 935.08 1073.68 468.5 496.5 527.8
952.57 972.5 795.38 812.4 818.4 835.92 839.92 858.94 860.94 671.6 702.98 724.9 726.9 754.12 763.62 778.64 801.19 818.21 823.71 847.63 708.69 732.61 735.61 765.93 1263.93 601.58 943.07 966.5 790.18 795.18 811.7 815.7 841.22 858.74 670.2 697.98 699.98 716.9 723.9 753.72 774.44 800.49 817.51 821.01 846.53 705.69 727.61 732.51 761.73 538.75 579.68 1119.48 883.7 388.5 888.1 686.85 691.85 602 0 136 141.3 146.3 151.6 150.8 155.8 167.1 169.4 174.7 173.9 178.6 189.8 194.5 191.8 196.9 208.3 212.8 246.1 253.7 268.3 277.4 271 278.7 291.2 296.5 296 303.5 309.9 315.8 317.9 343 354.5 364.1 506.3 534.2 516.4 599.6 7.6 124.2 124.8 129.7 146.9 152.2 151.5 156.2 167.1 169.1 174.6 174.1 179 199.4 204.9 221.1 249 252 257.3 256 263.9 266 272.8 275.5 285.3 298 303.3 302.6 309.7 316.8 322.1 342 347.8 361.6 519.9 423.6 519.9 411.3 465.7 488.5 460.3 523.6 457.9 535.2 250.6 302.1 376.4 427.7 443.3 413.6 902.08 1040.68 435.5 463.5 494.8
941.79 961.72 784.6 801.62 807.62 825.14 829.14 848.16 850.16 660.82 692.2 714.12 716.12 743.34 752.84 767.86 790.41 807.43 812.93 836.85 697.91 721.83 724.83 755.15 1253.15 590.8 932.29 955.72 779.4 784.4 800.92 804.92 830.44 847.96 659.42 687.2 689.2 706.12 713.12 742.94 763.66 789.71 806.73 810.23 835.75 694.91 716.83 721.73 750.95 670.45 711.38 1108.7 872.92 520.2 877.32 676.07 681.07 482.5 515.5 0 5.3 26.8 32.1 31.3 36.3 47.6 49.9 55.2 54.4 59.1 70.3 75 72.3 77.4 88.8 93.3 126.6 134.2 148.8 157.9 151.5 159.2 171.7 177 176.5 184 190.4 196.3 198.4 223.5 235 244.6 638 665.9 396.9 480.1 517.3 255.9 256.5 261.4 278.6 283.9 283.2 287.9 298.8 300.8 306.3 305.8 310.7 331.1 336.6 352.8 380.7 383.7 389 387.7 395.6 397.7 404.5 407.2 417 429.7 435 434.3 441.4 448.5 453.8 222.5 228.3 242.1 400.4 555.3 400.4 291.8 346.2 369 340.8 404.1 338.4 415.7 131.1 182.6 256.9 308.2 323.8 294.1 891.3 1029.9 316 344 375.3
936.49 956.42 779.3 796.32 802.32 819.84 823.84 842.86 844.86 655.52 686.9 708.82 710.82 738.04 747.54 762.56 785.11 802.13 807.63 831.55 692.61 716.53 719.53 749.85 1247.85 585.5 926.99 950.42 774.1 779.1 795.62 799.62 825.14 842.66 654.12 681.9 683.9 700.82 707.82 737.64 758.36 784.41 801.43 804.93 830.45 689.61 711.53 716.43 745.65 665.15 706.08 1103.4 867.62 514.9 872.02 670.77 675.77 477.2 510.2 268.1 0 21.5 26.8 26 31 42.3 44.6 49.9 49.1 53.8 65 69.7 67 72.1 83.5 88 121.3 128.9 143.5 152.6 146.2 153.9 166.4 171.7 171.2 178.7 185.1 191 193.1 218.2 229.7 239.3 632.7 660.6 391.6 474.8 512 250.6 251.2 256.1 273.3 278.6 277.9 282.6 293.5 295.5 301 300.5 305.4 325.8 331.3 347.5 375.4 378.4 383.7 382.4 390.3 392.4 399.2 401.9 411.7 424.4 429.7 429 436.1 443.2 448.5 217.2 223 236.8 395.1 550 395.1 286.5 340.9 363.7 335.5 398.8 333.1 410.4 125.8 177.3 251.6 302.9 318.5 288.8 886 1024.6 310.7 338.7 370
914.99 934.92 757.8 774.82 780.82 798.34 802.34 821.36 823.36 634.02 665.4 687.32 689.32 716.54 726.04 741.06 763.61 780.63 786.13 810.05 671.11 695.03 698.03 728.35 1226.35 564 905.49 928.92 752.6 757.6 774.12 778.12 803.64 821.16 632.62 660.4 662.4 679.32 686.32 716.14 736.86 762.91 779.93 783.43 808.95 668.11 690.03 694.93 724.15 643.65 684.58 1081.9 846.12 493.4 850.52 649.27 654.27 455.7 488.7 246.6 251.9 0 5.3 4.5 9.5 20.8 23.1 28.4 27.6 32.3 43.5 48.2 45.5 50.6 62 66.5 99.8 107.4 122 131.1 124.7 132.4 144.9 150.2 149.7 157.2 163.6 169.5 171.6 196.7 208.2 217.8 611.2 639.1 370.1 453.3 490.5 229.1 229.7 234.6 251.8 257.1 256.4 261.1 272 274 279.5 279 283.9 304.3 309.8 326 353.9 356.9 362.2 360.9 368.8 370.9 377.7 380.4 390.2 402.9 408.2 407.5 414.6 421.7 427 195.7 201.5 215.3 373.6 528.5 373.6 265 319.4 342.2 314 377.3 311.6 388.9 104.3 155.8 230.1 281.4 297 267.3 864.5 1003.1 289.2 317.2 348.5
912.49 932.42 755.3 772.32 778.32 795.84 799.84 818.86 820.86 631.52 662.9 684.82 686.82 714.04 723.54 738.56 761.11 778.13 783.63 807.55 668.61 692.53 695.53 725.85 1223.85 561.5 902.99 926.42 750.1 755.1 771.62 775.62 801.14 818.66 630.12 657.9 659.9 676.82 683.82 713.64 734.36 760.41 777.43 780.93 806.45 665.61 687.53 692.43 721.65 641.15 682.08 1079.4 843.62 490.9 848.02 646.77 651.77 453.2 486.2 244.1 249.4 248.7 0 253.2 258.2 18.3 20.6 25.9 25.1 29.8 41 45.7 43 48.1 59.5 64 97.3 104.9 119.5 128.6 122.2 129.9 142.4 147.7 147.2 154.7 161.1 167 169.1 194.2 205.7 215.3 608.7 636.6 367.6 450.8 488 226.6 227.2 232.1 249.3 254.6 253.9 258.6 269.5 271.5 277 276.5 281.4 301.8 307.3 323.5 351.4 354.4 359.7 358.4 366.3 368.4 375.2 377.9 387.7 400.4 405.7 405 412.1 419.2 424.5 193.2 199 212.8 371.1 526 371.1 262.5 316.9 339.7 311.5 374.8 309.1 386.4 101.8 153.3 227.6 278.9 294.5 264.8 862 1000.6 286.7 314.7 346
910.49 930.42 753.3 770.32 776.32 793.84 797.84 816.86 818.86 629.52 660.9 682.82 684.82 712.04 721.54 736.56 759.11 776.13 781.63 805.55 666.61 690.53 693.53 723.85 1221.85 559.5 900.99 924.42 748.1 753.1 769.62 773.62 799.14 816.66 628.12 655.9 657.9 674.82 681.82 711.64 732.36 758.41 775.43 778.93 804.45 663.61 685.53 690.43 719.65 639.15 680.08 1077.4 841.62 488.9 846.02 644.77 649.77 451.2 484.2 242.1 247.4 246.7 252 0 5 16.3 18.6 23.9 23.1 27.8 39 43.7 41 46.1 57.5 62 95.3 102.9 117.5 126.6 120.2 127.9 140.4 145.7 145.2 152.7 159.1 165 167.1 192.2 203.7 213.3 606.7 634.6 365.6 448.8 486 224.6 225.2 230.1 247.3 252.6 251.9 256.6 267.5 269.5 275 274.5 279.4 299.8 305.3 321.5 349.4 352.4 357.7 356.4 364.3 366.4 373.2 375.9 385.7 398.4 403.7 403 410.1 417.2 422.5 191.2 197 210.8 369.1 524 369.1 260.5 314.9 337.7 309.5 372.8 307.1 384.4 99.8 151.3 225.6 276.9 292.5 262.8 860 998.6 284.7 312.7 344
905.49 925.42 748.3 765.32 771.32 788.84 792.84 811.86 813.86 624.52 655.9 677.82 679.82 707.04 716.54 731.56 754.11 771.13 776.63 800.55 661.61 685.53 688.53 718.85 1216.85 554.5 895.99 919.42 743.1 748.1 764.62 768.62 794.14 811.66 623.12 650.9 652.9 669.82 676.82 706.64 727.36 753.41 770.43 773.93 799.45 658.61 680.53 685.43 714.65 634.15 675.08 1072.4 836.62 483.9 841.02 639.77 644.77 446.2 479.2 237.1 242.4 241.7 247 246.2 0 11.3 13.6 18.9 18.1 22.8 34 38.7 36 41.1 52.5 57 90.3 97.9 112.5 121.6 115.2 122.9 135.4 140.7 140.2 147.7 154.1 160 162.1 187.2 198.7 208.3 601.7 629.6 360.6 443.8 481 219.6 220.2 225.1 242.3 247.6 246.9 251.6 262.5 264.5 270 269.5 274.4 294.8 300.3 316.5 344.4 347.4 352.7 351.4 359.3 361.4 368.2 370.9 380.7 393.4 398.7 398 405.1 412.2 417.5 186.2 192 205.8 364.1 519 364.1 255.5 309.9 332.7 304.5 367.8 302.1 379.4 94.8 146.3 220.6 271.9 287.5 257.8 855 993.6 279.7 307.7 339
894.19 914.12 737 754.02 760.02 777.54 781.54 800.56 802.56 613.22 644.6 666.52 668.52 695.74 705.24 720.26 742.81 759.83 765.33 789.25 650.31 674.23 677.23 707.55 1205.55 543.2 884.69 908.12 731.8 736.8 753.32 757.32 782.84 800.36 611.82 639.6 641.6 658.52 665.52 695.34 716.06 742.11 759.13 762.63 788.15 647.31 669.23 674.13 703.35 622.85 663.78 1061.1 825.32 472.6 829.72 628.47 633.47 434.9 467.9 225.8 231.1 230.4 235.7 234.9 239.9 0 2.3 7.6 6.8 11.5 22.7 27.4 24.7 29.8 41.2 45.7 79 86.6 101.2 110.3 103.9 111.6 124.1 129.4 128.9 136.4 142.8 148.7 150.8 175.9 187.4 197 590.4 618.3 349.3 432.5 469.7 208.3 208.9 213.8 231 236.3 235.6 240.3 251.2 253.2 258.7 258.2 263.1 283.5 289 305.2 333.1 336.1 341.4 340.1 348 350.1 356.9 359.6 369.4 382.1 387.4 386.7 393.8 400.9 406.2 174.9 180.7 194.5 352.8 507.7 352.8 244.2 298.6 321.4 293.2 356.5 290.8 368.1 83.5 135 209.3 260.6 276.2 246.5 843.7 982.3 268.4 296.4 327.7
891.89 911.82 734.7 751.72 757.72 775.24 779.24 798.26 800.26 610.92 642.3 664.22 666.22 693.44 702.94 717.96 740.51 757.53 763.03 786.95 648.01 671.93 674.93 705.25 1203.25 540.9 882.39 905.82 729.5 734.5 751.02 755.02 780.54 798.06 609.52 637.3 639.3 656.22 663.22 693.04 713.76 739.81 756.83 760.33 785.85 645.01 666.93 671.83 701.05 620.55 661.48 1058.8 823.02 470.3 827.42 626.17 631.17 432.6 465.6 223.5 228.8 228.1 233.4 232.6 237.6 248.9 0 5.3 4.5 9.2 20.4 25.1 22.4 27.5 38.9 43.4 76.7 84.3 98.9 108 101.6 109.3 121.8 127.1 126.6 134.1 140.5 146.4 148.5 173.6 185.1 194.7 588.1 616 347 430.2 467.4 206 206.6 211.5 228.7 234 233.3 238 248.9 250.9 256.4 255.9 260.8 281.2 286.7 302.9 330.8 333.8 339.1 337.8 345.7 347.8 354.6 357.3 367.1 379.8 385.1 384.4 391.5 398.6 403.9 172.6 178.4 192.2 350.5 505.4 350.5 241.9 296.3 319.1 290.9 354.2 288.5 365.8 81.2 132.7 207 258.3 273.9 244.2 841.4 980 266.1 294.1 325.4
889.79 909.72 732.6 749.62 755.62 773.14 777.14 796.16 798.16 608.82 640.2 662.12 664.12 691.34 700.84 715.86 738.41 755.43 760.93 784.85 645.91 669.83 672.83 703.15 1201.15 538.8 880.29 903.72 727.4 732.4 748.92 752.92 778.44 795.96 607.42 635.2 637.2 654.12 661.12 690.94 711.66 737.71 754.73 758.23 783.75 642.91 664.83 669.73 698.95 618.45 659.38 1056.7 820.92 468.2 825.32 624.07 629.07 430.5 463.5 221.4 226.7 226 231.3 230.5 235.5 246.8 249.1 0 253.6 258.3 18.3 23 20.3 25.4 36.8 41.3 74.6 82.2 96.8 105.9 99.5 107.2 119.7 125 124.5 132 138.4 144.3 146.4 171.5 183 192.6 586 613.9 344.9 428.1 465.3 203.9 204.5 209.4 226.6 231.9 231.2 235.9 246.8 248.8 254.3 253.8 258.7 279.1 284.6 300.8 328.7 331.7 337 335.7 343.6 345.7 352.5 355.2 365 377.7 383 382.3 389.4 396.5 401.8 170.5 176.3 190.1 348.4 503.3 348.4 239.8 294.2 317 288.8 352.1 286.4 363.7 79.1 130.6 204.9 256.2 271.8 242.1 839.3 977.9 264 292 323.3
887.39 907.32 730.2 747.22 753.22 770.74 774.74 793.76 795.76 606.42 637.8 659.72 661.72 688.94 698.44 713.46 736.01 753.03 758.53 782.45 643.51 667.43 670.43 700.75 1198.75 536.4 877.89 901.32 725 730 746.52 750.52 776.04 793.56 605.02 632.8 634.8 651.72 658.72 688.54 709.26 735.31 752.33 755.83 781.35 640.51 662.43 667.33 696.55 616.05 656.98 1054.3 818.52 465.8 822.92 621.67 626.67 428.1 461.1 219 224.3 223.6 228.9 228.1 233.1 244.4 246.7 252 0 4.7 15.9 20.6 17.9 23 34.4 38.9 72.2 79.8 94.4 103.5 97.1 104.8 117.3 122.6 122.1 129.6 136 141.9 144 169.1 180.6 190.2 583.6 611.5 342.5 425.7 462.9 201.5 202.1 207 224.2 229.5 228.8 233.5 244.4 246.4 251.9 251.4 256.3 276.7 282.2 298.4 326.3 329.3 334.6 333.3 341.2 343.3 350.1 352.8 362.6 375.3 380.6 379.9 387 394.1 399.4 168.1 173.9 187.7 346 500.9 346 237.4 291.8 314.6 286.4 349.7 284 361.3 76.7 128.2 202.5 253.8 269.4 239.7 836.9 975.5 261.6 289.6 320.9
882.69 902.62 725.5 742.52 748.52 766.04 770.04 789.06 791.06 601.72 633.1 655.02 657.02 684.24 693.74 708.76 731.31 748.33 753.83 777.75 638.81 662.73 665.73 696.05 1194.05 531.7 873.19 896.62 720.3 725.3 741.82 745.82 771.34 788.86 600.32 628.1 630.1 647.02 654.02 683.84 704.56 730.61 747.63 751.13 776.65 635.81 657.73 662.63 691.85 611.35 652.28 1049.6 813.82 461.1 818.22 616.97 621.97 423.4 456.4 214.3 219.6 218.9 224.2 223.4 228.4 239.7 242 247.3 246.5 0 11.2 15.9 13.2 18.3 29.7 34.2 67.5 75.1 89.7 98.8 92.4 100.1 112.6 117.9 117.4 124.9 131.3 137.2 139.3 164.4 175.9 185.5 578.9 606.8 337.8 421 458.2 196.8 197.4 202.3 219.5 224.8 224.1 228.8 239.7 241.7 247.2 246.7 251.6 272 277.5 293.7 321.6 324.6 329.9 328.6 336.5 338.6 345.4 348.1 357.9 370.6 375.9 375.2 382.3 389.4 394.7 163.4 169.2 183 341.3 496.2 341.3 232.7 287.1 309.9 281.7 345 279.3 356.6 72 123.5 197.8 249.1 264.7 235 832.2 970.8 256.9 284.9 316.2
871.49 891.42 714.3 731.32 737.32 754.84 758.84 777.86 779.86 590.52 621.9 643.82 645.82 673.04 682.54 697.56 720.11 737.13 742.63 766.55 627.61 651.53 654.53 684.85 1182.85 520.5 861.99 885.42 709.1 714.1 730.62 734.62 760.14 777.66 589.12 616.9 618.9 635.82 642.82 672.64 693.36 719.41 736.43 739.93 765.45 624.61 646.53 651.43 680.65 600.15 641.08 1038.4 802.62 449.9 807.02 605.77 610.77 412.2 445.2 203.1 208.4 207.7 213 212.2 217.2 228.5 230.8 236.1 235.3 240 0 4.7 2 7.1 18.5 23 56.3 63.9 78.5 87.6 81.2 88.9 101.4 106.7 106.2 113.7 120.1 126 128.1 153.2 164.7 174.3 567.7 595.6 326.6 409.8 447 185.6 186.2 191.1 208.3 213.6 212.9 217.6 228.5 230.5 236 235.5 240.4 260.8 266.3 282.5 310.4 313.4 318.7 317.4 325.3 327.4 334.2 336.9 346.7 359.4 364.7 364 371.1 378.2 383.5 152.2 158 171.8 330.1 485 330.1 221.5 275.9 298.7 270.5 333.8 268.1 345.4 60.8 112.3 186.6 237.9 253.5 223.8 821 959.6 245.7 273.7 305
869.99 889.92 712.8 729.82 735.82 753.34 757.34 776.36 778.36 589.02 620.4 642.32 644.32 671.54 681.04 696.06 718.61 735.63 741.13 765.05 626.11 650.03 653.03 683.35 1181.35 519 860.49 883.92 707.6 712.6 729.12 733.12 758.64 776.16 587.62 615.4 617.4 634.32 641.32 671.14 691.86 717.91 734.93 738.43 763.95 623.11 645.03 649.93 679.15 598.65 639.58 1036.9 801.12 448.4 805.52 604.27 609.27 410.7 443.7 201.6 206.9 206.2 211.5 210.7 215.7 227 229.3 234.6 233.8 238.5 249.7 0 251.7 256.8 17 21.5 54.8 62.4 77 86.1 79.7 87.4 99.9 105.2 104.7 112.2 118.6 124.5 126.6 151.7 163.2 172.8 566.2 594.1 325.1 408.3 445.5 184.1 184.7 189.6 206.8 212.1 211.4 216.1 227 229 234.5 234 238.9 259.3 264.8 281 308.9 311.9 317.2 315.9 323.8 325.9 332.7 335.4 345.2 357.9 363.2 362.5 369.6 376.7 382 150.7 156.5 170.3 328.6 483.5 328.6 220 274.4 297.2 269 332.3 266.6 343.9 59.3 110.8 185.1 236.4 252 222.3 819.5 958.1 244.2 272.2 303.5
869.49 889.42 712.3 729.32 735.32 752.84 756.84 775.86 777.86 588.52 619.9 641.82 643.82 671.04 680.54 695.56 718.11 735.13 740.63 764.55 625.61 649.53 652.53 682.85 1180.85 518.5 859.99 883.42 707.1 712.1 728.62 732.62 758.14 775.66 587.12 614.9 616.9 633.82 640.82 670.64 691.36 717.41 734.43 737.93 763.45 622.61 644.53 649.43 678.65 598.15 639.08 1036.4 800.62 447.9 805.02 603.77 608.77 410.2 443.2 201.1 206.4 205.7 211 210.2 215.2 226.5 228.8 234.1 233.3 238 249.2 253.9 0 5.1 16.5 21 54.3 61.9 76.5 85.6 79.2 86.9 99.4 104.7 104.2 111.7 118.1 124 126.1 151.2 162.7 172.3 565.7 593.6 324.6 407.8 445 183.6 184.2 189.1 206.3 211.6 210.9 215.6 226.5 228.5 234 233.5 238.4 258.8 264.3 280.5 308.4 311.4 316.7 315.4 323.3 325.4 332.2 334.9 344.7 357.4 362.7 362 369.1 376.2 381.5 150.2 156 169.8 328.1 483 328.1 219.5 273.9 296.7 268.5 331.8 266.1 343.4 58.8 110.3 184.6 235.9 251.5 221.8 819 957.6 243.7 271.7 303
864.39 884.32 707.2 724.22 730.22 747.74 751.74 770.76 772.76 583.42 614.8 636.72 638.72 665.94 675.44 690.46 713.01 730.03 735.53 759.45 620.51 644.43 647.43 677.75 1175.75 513.4 854.89 878.32 702 707 723.52 727.52 753.04 770.56 582.02 609.8 611.8 628.72 635.72 665.54 686.26 712.31 729.33 732.83 758.35 617.51 639.43 644.33 673.55 593.05 633.98 1031.3 795.52 442.8 799.92 598.67 603.67 405.1 438.1 196 201.3 200.6 205.9 205.1 210.1 221.4 223.7 229 228.2 232.9 244.1 248.8 246.1 0 11.4 15.9 49.2 56.8 71.4 80.5 74.1 81.8 94.3 99.6 99.1 106.6 113 118.9 121 146.1 157.6 167.2 560.6 588.5 319.5 402.7 439.9 178.5 179.1 184 201.2 206.5 205.8 210.5 221.4 223.4 228.9 228.4 233.3 253.7 259.2 275.4 303.3 306.3 311.6 310.3 318.2 320.3 327.1 329.8 339.6 352.3 357.6 356.9 364 371.1 376.4 145.1 150.9 164.7 323 477.9 323 214.4 268.8 291.6 263.4 326.7 261 338.3 53.7 105.2 179.5 230.8 246.4 216.7 813.9 952.5 238.6 266.6 297.9
852.99 872.92 695.8 712.82 718.82 736.34 740.34 759.36 761.36 572.02 603.4 625.32 627.32 654.54 664.04 679.06 701.61 718.63 724.13 748.05 609.11 633.03 636.03 666.35 1164.35 502 843.49 866.92 690.6 695.6 712.12 716.12 741.64 759.16 570.62 598.4 600.4 617.32 624.32 654.14 674.86 700.91 717.93 721.43 746.95 606.11 628.03 632.93 662.15 581.65 622.58 1019.9 784.12 431.4 788.52 587.27 592.27 393.7 426.7 184.6 189.9 189.2 194.5 193.7 198.7 210 212.3 217.6 216.8 221.5 232.7 237.4 234.7 239.8 0 4.5 37.8 45.4 60 69.1 62.7 70.4 82.9 88.2 87.7 95.2 101.6 107.5 109.6 134.7 146.2 155.8 549.2 577.1 308.1 391.3 428.5 167.1 167.7 172.6 189.8 195.1 194.4 199.1 210 212 217.5 217 221.9 242.3 247.8 264 291.9 294.9 300.2 298.9 306.8 308.9 315.7 318.4 328.2 340.9 346.2 345.5 352.6 359.7 365 133.7 139.5 153.3 311.6 466.5 311.6 203 257.4 280.2 252 315.3 249.6 326.9 42.3 93.8 168.1 219.4 235 205.3 802.5 941.1 227.2 255.2 286.5
952.29 972.22 795.1 812.12 818.12 835.64 839.64 858.66 860.66 671.32 702.7 724.62 726.62 753.84 763.34 778.36 800.91 817.93 823.43 847.35 708.41 732.33 735.33 765.65 1263.65 601.3 942.79 966.22 789.9 794.9 811.42 815.42 840.94 858.46 669.92 697.7 699.7 716.62 723.62 753.44 774.16 800.21 817.23 820.73 846.25 705.41 727.33 732.23 761.45 577.15 618.08 1119.2 883.42 426.9 887.82 686.57 691.57 389.2 422.2 180.1 185.4 184.7 190 189.2 194.2 205.5 207.8 213.1 212.3 217 228.2 232.9 230.2 235.3 246.7 0 33.3 40.9 55.5 64.6 58.2 65.9 78.4 83.7 83.2 90.7 97.1 103 105.1 130.2 141.7 151.3 544.7 572.6 407.4 386.8 424 162.6 163.2 168.1 185.3 190.6 189.9 194.6 205.5 207.5 213 212.5 217.4 237.8 243.3 259.5 287.4 290.4 295.7 294.4 302.3 304.4 311.2 313.9 323.7 336.4 341.7 341 348.1 355.2 360.5 129.2 135 148.8 307.1 462 307.1 198.5 504.1 526.9 498.7 562 496.3 573.6 289 340.5 414.8 466.1 481.7 452 901.8 1040.4 473.9 250.7 282
957.67 977.6 800.48 817.5 823.5 841.02 845.02 864.04 866.04 676.7 708.08 730 732 759.22 768.72 783.74 806.29 823.31 828.81 852.73 713.79 737.71 740.71 771.03 1269.03 606.68 948.17 971.6 795.28 800.28 816.8 820.8 846.32 863.84 675.3 703.08 705.08 722 729 758.82 779.54 805.59 822.61 826.11 851.63 710.79 732.71 737.61 766.83 543.85 584.78 1124.58 888.8 393.6 893.2 691.95 696.95 355.9 388.9 146.8 152.1 151.4 156.7 155.9 160.9 172.2 174.5 179.8 179 183.7 194.9 199.6 196.9 202 213.4 217.9 0 7.6 22.2 31.3 24.9 32.6 45.1 50.4 49.9 57.4 63.8 69.7 71.8 96.9 108.4 118 511.4 539.3 521.5 353.5 390.7 129.3 129.9 134.8 152 157.3 156.6 161.3 172.2 174.2 179.7 179.2 184.1 204.5 210 226.2 254.1 257.1 262.4 261.1 269 271.1 277.9 280.6 290.4 303.1 308.4 307.7 314.8 321.9 327.2 95.9 101.7 115.5 273.8 428.7 273.8 416.4 470.8 493.6 465.4 528.7 463 540.3 255.7 307.2 381.5 432.8 448.4 418.7 907.18 1045.78 440.6 468.6 499.9
950.07 970 792.88 809.9 815.9 833.42 837.42 856.44 858.44 669.1 700.48 722.4 724.4 751.62 761.12 776.14 798.69 815.71 821.21 845.13 706.19 730.11 733.11 763.43 1261.43 599.08 940.57 964 787.68 792.68 809.2 813.2 838.72 856.24 667.7 695.48 697.48 714.4 721.4 751.22 771.94 797.99 815.01 818.51 844.03 703.19 725.11 730.01 759.23 536.25 577.18 1116.98 881.2 386 885.6 684.35 689.35 348.3 381.3 139.2 144.5 143.8 149.1 148.3 153.3 164.6 166.9 172.2 171.4 176.1 187.3 192 189.3 194.4 205.8 210.3 243.6 0 14.6 23.7 17.3 25 37.5 42.8 42.3 49.8 56.2 62.1 64.2 89.3 100.8 110.4 503.8 531.7 513.9 345.9 383.1 121.7 122.3 127.2 144.4 149.7 149 153.7 164.6 166.6 172.1 171.6 176.5 196.9 202.4 218.6 246.5 249.5 254.8 253.5 261.4 263.5 270.3 273 282.8 295.5 300.8 300.1 307.2 314.3 319.6 88.3 94.1 107.9 266.2 421.1 266.2 408.8 463.2 486 457.8 521.1 455.4 532.7 248.1 299.6 373.9 425.2 440.8 411.1 899.58 1038.18 433 461 492.3
935.47 955.4 778.28 795.3 801.3 818.82 822.82 841.84 843.84 654.5 685.88 707.8 709.8 737.02 746.52 761.54 784.09 801.11 806.61 830.53 691.59 715.51 718.51 748.83 1246.83 584.48 925.97 949.4 773.08 778.08 794.6 798.6 824.12 841.64 653.1 680.88 682.88 699.8 706.8 736.62 757.34 783.39 800.41 803.91 829.43 688.59 710.51 715.41 744.63 521.65 562.58 1102.38 866.6 371.4 871 669.75 674.75 333.7 366.7 124.6 129.9 129.2 134.5 133.7 138.7 150 152.3 157.6 156.8 161.5 172.7 177.4 174.7 179.8 191.2 195.7 229 236.6 0 9.1 2.7 10.4 22.9 28.2 27.7 35.2 41.6 47.5 49.6 74.7 86.2 95.8 489.2 517.1 499.3 331.3 368.5 107.1 107.7 112.6 129.8 135.1 134.4 139.1 150 152 157.5 157 161.9 182.3 187.8 204 231.9 234.9 240.2 238.9 246.8 248.9 255.7 258.4 268.2 280.9 286.2 285.5 292.6 299.7 305 73.7 79.5 93.3 251.6 406.5 251.6 394.2 448.6 471.4 443.2 506.5 440.8 518.1 233.5 285 359.3 410.6 426.2 396.5 884.98 1023.58 418.4 446.4 477.7
928.87 948.8 771.68 788.7 794.7 812.22 816.22 835.24 837.24 647.9 679.28 701.2 703.2 730.42 739.92 754.94 777.49 794.51 800.01 823.93 684.99 708.91 711.91 742.23 1240.23 577.88 919.37 942.8 766.48 771.48 788 792 817.52 835.04 646.5 674.28 676.28 693.2 700.2 730.02 750.74 776.79 793.81 797.31 822.83 681.99 703.91 708.81 738.03 515.05 555.98 1095.78 860 364.8 864.4 663.15 668.15 327.1 360.1 118 123.3 122.6 127.9 127.1 132.1 143.4 145.7 151 150.2 154.9 166.1 170.8 168.1 173.2 184.6 189.1 222.4 230 244.6 0 247.3 255 16.3 21.6 21.1 28.6 35 40.9 43 68.1 79.6 89.2 482.6 510.5 492.7 324.7 361.9 100.5 101.1 106 123.2 128.5 127.8 132.5 143.4 145.4 150.9 150.4 155.3 175.7 181.2 197.4 225.3 228.3 233.6 232.3 240.2 242.3 249.1 251.8 261.6 274.3 279.6 278.9 286 293.1 298.4 67.1 72.9 86.7 245 399.9 245 387.6 442 464.8 436.6 499.9 434.2 511.5 226.9 278.4 352.7 404 419.6 389.9 878.38 1016.98 411.8 439.8 471.1
932.77 952.7 775.58 792.6 798.6 816.12 820.12 839.14 841.14 651.8 683.18 705.1 707.1 734.32 743.82 758.84 781.39 798.41 803.91 827.83 688.89 712.81 715.81 746.13 1244.13 581.78 923.27 946.7 770.38 775.38 791.9 795.9 821.42 838.94 650.4 678.18 680.18 697.1 704.1 733.92 754.64 780.69 797.71 801.21 826.73 685.89 707.81 712.71 741.93 518.95 559.88 1099.68 863.9 368.7 868.3 667.05 672.05 331 364 121.9 127.2 126.5 131.8 131 136 147.3 149.6 154.9 154.1 158.8 170 174.7 172 177.1 188.5 193 226.3 233.9 248.5 257.6 0 7.7 20.2 25.5 25 32.5 38.9 44.8 46.9 72 83.5 93.1 486.5 514.4 496.6 328.6 365.8 104.4 105 109.9 127.1 132.4 131.7 136.4 147.3 149.3 154.8 154.3 159.2 179.6 185.1 201.3 229.2 232.2 237.5 236.2 244.1 246.2 253 255.7 265.5 278.2 283.5 282.8 289.9 297 302.3 71 76.8 90.6 248.9 403.8 248.9 391.5 445.9 468.7 440.5 503.8 438.1 515.4 230.8 282.3 356.6 407.9 423.5 393.8 882.28 1020.88 415.7 443.7 475
925.07 945 767.88 784.9 790.9 808.42 812.42 831.44 833.44 644.1 675.48 697.4 699.4 726.62 736.12 751.14 773.69 790.71 796.21 820.13 681.19 705.11 708.11 738.43 1236.43 574.08 915.57 939 762.68 767.68 784.2 788.2 813.72 831.24 642.7 670.48 672.48 689.4 696.4 726.22 746.94 772.99 790.01 793.51 819.03 678.19 700.11 705.01 734.23 511.25 552.18 1091.98 856.2 361 860.6 659.35 664.35 323.3 356.3 114.2 119.5 118.8 124.1 123.3 128.3 139.6 141.9 147.2 146.4 151.1 162.3 167 164.3 169.4 180.8 185.3 218.6 226.2 240.8 249.9 243.5 0 12.5 17.8 17.3 24.8 31.2 37.1 39.2 64.3 75.8 85.4 478.8 506.7 488.9 320.9 358.1 96.7 97.3 102.2 119.4 124.7 124 128.7 139.6 141.6 147.1 146.6 151.5 171.9 177.4 193.6 221.5 224.5 229.8 228.5 236.4 238.5 245.3 248 257.8 270.5 275.8 275.1 282.2 289.3 294.6 63.3 69.1 82.9 241.2 396.1 241.2 383.8 438.2 461 432.8 496.1 430.4 507.7 223.1 274.6 348.9 400.2 415.8 386.1 874.58 1013.18 408 436 467.3
912.57 932.5 755.38 772.4 778.4 795.92 799.92 818.94 820.94 631.6 662.98 684.9 686.9 714.12 723.62 738.64 761.19 778.21 783.71 807.63 668.69 692.61 695.61 725.93 1223.93 561.58 903.07 926.5 750.18 755.18 771.7 775.7 801.22 818.74 630.2 657.98 659.98 676.9 683.9 713.72 734.44 760.49 777.51 781.01 806.53 665.69 687.61 692.51 721.73 498.75 539.68 1079.48 843.7 348.5 848.1 646.85 651.85 310.8 343.8 101.7 107 106.3 111.6 110.8 115.8 127.1 129.4 134.7 133.9 138.6 149.8 154.5 151.8 156.9 168.3 172.8 206.1 213.7 228.3 237.4 231 238.7 0 5.3 4.8 12.3 18.7 24.6 26.7 51.8 63.3 72.9 466.3 494.2 476.4 308.4 345.6 84.2 84.8 89.7 106.9 112.2 111.5 116.2 127.1 129.1 134.6 134.1 139 159.4 164.9 181.1 209 212 217.3 216 223.9 226 232.8 235.5 245.3 258 263.3 262.6 269.7 276.8 282.1 50.8 56.6 70.4 228.7 383.6 228.7 371.3 425.7 448.5 420.3 483.6 417.9 495.2 210.6 262.1 336.4 387.7 403.3 373.6 862.08 1000.68 395.5 423.5 454.8
908.77 928.7 751.58 768.6 774.6 792.12 796.12 815.14 817.14 627.8 659.18 681.1 683.1 710.32 719.82 734.84 757.39 774.41 779.91 803.83 664.89 688.81 691.81 722.13 1220.13 557.78 899.27 922.7 746.38 751.38 767.9 771.9 797.42 814.94 626.4 654.18 656.18 673.1 680.1 709.92 730.64 756.69 773.71 777.21 802.73 661.89 683.81 688.71 717.93 494.95 535.88 1075.68 839.9 344.7 844.3 643.05 648.05 307 340 97.9 103.2 102.5 107.8 107 112 123.3 125.6 130.9 130.1 134.8 146 150.7 148 153.1 164.5 169 202.3 209.9 224.5 233.6 227.2 234.9 247.4 0 252.2 259.7 14.9 20.8 22.9 48 59.5 69.1 462.5 490.4 472.6 304.6 341.8 80.4 81 85.9 103.1 108.4 107.7 112.4 123.3 125.3 130.8 130.3 135.2 155.6 161.1 177.3 205.2 208.2 213.5 212.2 220.1 222.2 229 231.7 241.5 254.2 259.5 258.8 265.9 273 278.3 47 52.8 66.6 224.9 379.8 224.9 367.5 421.9 444.7 416.5 479.8 414.1 491.4 206.8 258.3 332.6 383.9 399.5 369.8 858.28 996.88 391.7 419.7 451
907.77 927.7 750.58 767.6 773.6 791.12 795.12 814.14 816.14 626.8 658.18 680.1 682.1 709.32 718.82 733.84 756.39 773.41 778.91 802.83 663.89 687.81 690.81 721.13 1219.13 556.78 898.27 921.7 745.38 750.38 766.9 770.9 796.42 813.94 625.4 653.18 655.18 672.1 679.1 708.92 729.64 755.69 772.71 776.21 801.73 660.89 682.81 687.71 716.93 493.95 534.88 1074.68 838.9 343.7 843.3 642.05 647.05 306 339 96.9 102.2 101.5 106.8 106 111 122.3 124.6 129.9 129.1 133.8 145 149.7 147 152.1 163.5 168 201.3 208.9 223.5 232.6 226.2 233.9 246.4 251.7 0 7.5 13.9 19.8 21.9 47 58.5 68.1 461.5 489.4 471.6 303.6 340.8 79.4 80 84.9 102.1 107.4 106.7 111.4 122.3 124.3 129.8 129.3 134.2 154.6 160.1 176.3 204.2 207.2 212.5 211.2 219.1 221.2 228 230.7 240.5 253.2 258.5 257.8 264.9 272 277.3 46 51.8 65.6 223.9 378.8 223.9 366.5 420.9 443.7 415.5 478.8 413.1 490.4 205.8 257.3 331.6 382.9 398.5 368.8 857.28 995.88 390.7 418.7 450
902.67 922.6 745.48 762.5 768.5 786.02 790.02 809.04 811.04 621.7 653.08 675 677 704.22 713.72 728.74 751.29 768.31 773.81 797.73 658.79 682.71 685.71 716.03 1214.03 551.68 893.17 916.6 740.28 745.28 761.8 765.8 791.32 808.84 620.3 648.08 650.08 667 674 703.82 724.54 750.59 767.61 771.11 796.63 655.79 677.71 682.61 711.83 488.85 529.78 1069.58 833.8 338.6 838.2 636.95 641.95 300.9 333.9 91.8 97.1 96.4 101.7 100.9 105.9 117.2 119.5 124.8 124 128.7 139.9 144.6 141.9 147 158.4 162.9 196.2 203.8 218.4 227.5 221.1 228.8 241.3 246.6 246.1 0 260 265.9 16.8 41.9 53.4 63 456.4 484.3 466.5 298.5 335.7 74.3 74.9 79.8 97 102.3 101.6 106.3 117.2 119.2 124.7 124.2 129.1 149.5 155 171.2 199.1 202.1 207.4 206.1 214 216.1 222.9 225.6 235.4 248.1 253.4 252.7 259.8 266.9 272.2 40.9 46.7 60.5 218.8 373.7 218.8 361.4 415.8 438.6 410.4 473.7 408 485.3 200.7 252.2 326.5 377.8 393.4 363.7 852.18 990.78 385.6 413.6 444.9
893.87 913.8 736.68 753.7 759.7 777.22 781.22 800.24 802.24 612.9 644.28 666.2 668.2 695.42 704.92 719.94 742.49 759.51 765.01 788.93 649.99 673.91 676.91 707.23 1205.23 542.88 884.37 907.8 731.48 736.48 753 757 782.52 800.04 611.5 639.28 641.28 658.2 665.2 695.02 715.74 741.79 758.81 762.31 787.83 646.99 668.91 673.81 703.03 480.05 520.98 1060.78 825 329.8 829.4 628.15 633.15 292.1 325.1 83 88.3 87.6 92.9 92.1 97.1 108.4 110.7 116 115.2 119.9 131.1 135.8 133.1 138.2 149.6 154.1 187.4 195 209.6 218.7 212.3 220 232.5 237.8 237.3 244.8 0 5.9 8 33.1 44.6 54.2 447.6 475.5 457.7 289.7 326.9 65.5 66.1 71 88.2 93.5 92.8 97.5 108.4 110.4 115.9 115.4 120.3 140.7 146.2 162.4 190.3 193.3 198.6 197.3 205.2 207.3 214.1 216.8 226.6 239.3 244.6 243.9 251 258.1 263.4 32.1 37.9 51.7 210 364.9 210 352.6 407 429.8 401.6 464.9 399.2 476.5 191.9 243.4 317.7 369 384.6 354.9 843.38 981.98 376.8 404.8 436.1
1020.49 1040.42 863.3 880.32 886.32 903.84 907.84 926.86 928.86 739.52 770.9 792.82 794.82 822.04 831.54 846.56 869.11 886.13 891.63 915.55 776.61 800.53 803.53 833.85 1331.85 669.5 1010.99 1034.42 858.1 863.1 879.62 883.62 909.14 926.66 738.12 765.9 767.9 784.82 791.82 821.64 842.36 868.41 885.43 888.93 914.45 773.61 795.53 800.43 829.65 749.15 790.08 1187.4 951.62 598.9 956.02 754.77 759.77 561.2 594.2 78.7 84 105.5 110.8 110 115 126.3 128.6 133.9 133.1 137.8 149 153.7 151 156.1 167.5 172 205.3 212.9 227.5 236.6 230.2 237.9 250.4 255.7 255.2 262.7 269.1 0 277.1 28.8 40.3 49.9 716.7 744.6 475.6 285.4 322.6 334.6 335.2 340.1 357.3 362.6 361.9 366.6 377.5 379.5 385 384.5 389.4 409.8 415.3 431.5 459.4 462.4 467.7 466.4 474.3 476.4 483.2 485.9 495.7 508.4 513.7 513 520.1 527.2 532.5 301.2 307 320.8 479.1 634 205.7 370.5 424.9 447.7 419.5 482.8 417.1 494.4 209.8 261.3 335.6 386.9 402.5 372.8 970 1108.6 394.7 422.7 454
885.87 905.8 728.68 745.7 751.7 769.22 773.22 792.24 794.24 604.9 636.28 658.2 660.2 687.42 696.92 711.94 734.49 751.51 757.01 780.93 641.99 665.91 668.91 699.23 1197.23 534.88 876.37 899.8 723.48 728.48 745 749 774.52 792.04 603.5 631.28 633.28 650.2 657.2 687.02 707.74 733.79 750.81 754.31 779.83 638.99 660.91 665.81 695.03 472.05 512.98 1052.78 817 321.8 821.4 620.15 625.15 284.1 317.1 75 80.3 79.6 84.9 84.1 89.1 100.4 102.7 108 107.2 111.9 123.1 127.8 125.1 130.2 141.6 146.1 179.4 187 201.6 210.7 204.3 212 224.5 229.8 229.3 236.8 243.2 249.1 0 25.1 36.6 46.2 439.6 467.5 449.7 281.7 318.9 57.5 58.1 63 80.2 85.5 84.8 89.5 100.4 102.4 107.9 107.4 112.3 132.7 138.2 154.4 182.3 185.3 190.6 189.3 197.2 199.3 206.1 208.8 218.6 231.3 236.6 235.9 243 250.1 255.4 24.1 29.9 43.7 202 356.9 202 344.6 399 421.8 393.6 456.9 391.2 468.5 183.9 235.4 309.7 361 376.6 346.9 835.38 973.98 368.8 396.8 428.1
991.69 1011.62 834.5 851.52 857.52 875.04 879.04 898.06 900.06 710.72 742.1 764.02 766.02 793.24 802.74 817.76 840.31 857.33 862.83 886.75 747.81 771.73 774.73 805.05 1303.05 640.7 982.19 1005.62 829.3 834.3 850.82 854.82 880.34 897.86 709.32 737.1 739.1 756.02 763.02 792.84 813.56 839.61 856.63 860.13 885.65 744.81 766.73 771.63 800.85 720.35 761.28 1158.6 922.82 570.1 927.22 725.97 730.97 532.4 565.4 49.9 55.2 76.7 82 81.2 86.2 97.5 99.8 105.1 104.3 109 120.2 124.9 122.2 127.3 138.7 143.2 176.5 184.1 198.7 207.8 201.4 209.1 221.6 226.9 226.4 233.9 240.3 246.2 248.3 0 11.5 21.1 687.9 715.8 446.8 256.6 293.8 305.8 306.4 311.3 328.5 333.8 333.1 337.8 348.7 350.7 356.2 355.7 360.6 381 386.5 402.7 430.6 433.6 438.9 437.6 445.5 447.6 454.4 457.1 466.9 479.6 484.9 484.2 491.3 498.4 503.7 272.4 278.2 292 450.3 605.2 176.9 341.7 396.1 418.9 390.7 454 388.3 465.6 181 232.5 306.8 358.1 373.7 344 941.2 1079.8 365.9 393.9 425.2
980.19 1000.12 823 840.02 846.02 863.54 867.54 886.56 888.56 699.22 730.6 752.52 754.52 781.74 791.24 806.26 828.81 845.83 851.33 875.25 736.31 760.23 763.23 793.55 1291.55 629.2 970.69 994.12 817.8 822.8 839.32 843.32 868.84 886.36 697.82 725.6 727.6 744.52 751.52 781.34 802.06 828.11 845.13 848.63 874.15 733.31 755.23 760.13 789.35 708.85 749.78 1147.1 911.32 558.6 915.72 714.47 719.47 520.9 553.9 38.4 43.7 65.2 70.5 69.7 74.7 86 88.3 93.6 92.8 97.5 108.7 113.4 110.7 115.8 127.2 131.7 165 172.6 187.2 196.3 189.9 197.6 210.1 215.4 214.9 222.4 228.8 234.7 236.8 261.9 0 9.6 676.4 704.3 435.3 518.5 555.7 294.3 294.9 299.8 317 322.3 321.6 326.3 337.2 339.2 344.7 344.2 349.1 369.5 375 391.2 419.1 422.1 427.4 426.1 434 436.1 442.9 445.6 455.4 468.1 473.4 472.7 479.8 486.9 492.2 260.9 266.7 280.5 438.8 593.7 438.8 330.2 384.6 407.4 379.2 442.5 376.8 454.1 169.5 221 295.3 346.6 362.2 332.5 929.7 1068.3 354.4 382.4 413.7
970.59 990.52 813.4 830.42 836.42 853.94 857.94 876.96 878.96 689.62 721 742.92 744.92 772.14 781.64 796.66 819.21 836.23 841.73 865.65 726.71 750.63 753.63 783.95 1281.95 619.6 961.09 984.52 808.2 813.2 829.72 833.72 859.24 876.76 688.22 716 718 734.92 741.92 771.74 792.46 818.51 835.53 839.03 864.55 723.71 745.63 750.53 779.75 699.25 740.18 1137.5 901.72 549 906.12 704.87 709.87 511.3 544.3 28.8 34.1 55.6 60.9 60.1 65.1 76.4 78.7 84 83.2 87.9 99.1 103.8 101.1 106.2 117.6 122.1 155.4 163 177.6 186.7 180.3 188 200.5 205.8 205.3 212.8 219.2 225.1 227.2 252.3 263.8 0 666.8 694.7 425.7 508.9 546.1 284.7 285.3 290.2 307.4 312.7 312 316.7 327.6 329.6 335.1 334.6 339.5 359.9 365.4 381.6 409.5 412.5 417.8 416.5 424.4 426.5 433.3 436 445.8 458.5 463.8 463.1 470.2 477.3 482.6 251.3 257.1 270.9 429.2 584.1 429.2 320.6 375 397.8 369.6 432.9 367.2 444.5 159.9 211.4 285.7 337 352.6 322.9 920.1 1058.7 344.8 372.8 404.1
707.49 727.42 550.3 567.32 573.32 590.84 594.84 613.86 615.86 426.52 457.9 479.82 481.82 509.04 518.54 533.56 556.11 573.13 578.63 602.55 463.61 487.53 490.53 520.85 1018.85 356.5 697.99 721.42 545.1 550.1 566.62 570.62 596.14 613.66 425.12 452.9 454.9 471.82 478.82 508.64 529.36 555.41 572.43 575.93 601.45 460.61 482.53 487.43 516.65 477.45 518.38 874.4 638.62 327.2 643.02 441.77 446.77 538.4 571.4 329.3 334.6 333.9 339.2 338.4 343.4 354.7 357 362.3 361.5 366.2 377.4 382.1 379.4 384.5 395.9 400.4 182.5 190.1 204.7 213.8 207.4 215.1 227.6 232.9 232.4 239.9 246.3 252.2 254.3 279.4 290.9 300.5 0 27.9 162.6 536 573.2 311.8 312.4 317.3 334.5 339.8 339.1 343.8 354.7 356.7 362.2 361.7 366.6 387 392.5 408.7 187.7 190.7 196 194.7 202.6 204.7 211.5 214.2 224 236.7 242 241.3 248.4 255.5 260.8 278.4 284.2 298 456.3 611.2 456.3 598.9 653.3 676.1 647.9 711.2 645.5 722.8 438.2 489.7 564 615.3 630.9 601.2 657 795.6 623.1 651.1 37.2
679.59 699.52 522.4 539.42 545.42 562.94 566.94 585.96 587.96 398.62 430 451.92 453.92 481.14 490.64 505.66 528.21 545.23 550.73 574.65 435.71 459.63 462.63 492.95 990.95 328.6 670.09 693.52 517.2 522.2 538.72 542.72 568.24 585.76 397.22 425 427 443.92 450.92 480.74 501.46 527.51 544.53 548.03 573.55 432.71 454.63 459.53 488.75 449.55 490.48 846.5 610.72 299.3 615.12 413.87 418.87 510.5 543.5 301.4 306.7 306 311.3 310.5 315.5 326.8 329.1 334.4 333.6 338.3 349.5 354.2 351.5 356.6 368 372.5 154.6 162.2 176.8 185.9 179.5 187.2 199.7 205 204.5 212 218.4 224.3 226.4 251.5 263 272.6 666 0 134.7 508.1 545.3 283.9 284.5 289.4 306.6 311.9 311.2 315.9 326.8 328.8 334.3 333.8 338.7 359.1 364.6 380.8 159.8 162.8 168.1 166.8 174.7 176.8 183.6 186.3 196.1 208.8 214.1 213.4 220.5 227.6 232.9 250.5 256.3 270.1 428.4 583.3 428.4 571 625.4 648.2 620 683.3 617.6 694.9 410.3 461.8 536.1 587.4 603 573.3 629.1 767.7 595.2 623.2 9.3
544.89 564.82 387.7 404.72 410.72 428.24 432.24 451.26 453.26 263.92 295.3 317.22 319.22 346.44 355.94 370.96 393.51 410.53 416.03 439.95 301.01 324.93 327.93 358.25 856.25 193.9 535.39 558.82 382.5 387.5 404.02 408.02 433.54 451.06 262.52 290.3 292.3 309.22 316.22 346.04 366.76 392.81 409.83 413.33 438.85 298.01 319.93 324.83 354.05 563.75 604.68 711.8 476.02 413.5 480.42 279.17 284.17 375.8 408.8 166.7 172 171.3 176.6 175.8 180.8 192.1 194.4 199.7 198.9 203.6 214.8 219.5 216.8 221.9 233.3 237.8 19.9 27.5 42.1 51.2 44.8 52.5 65 70.3 69.8 77.3 83.7 89.6 91.7 116.8 128.3 137.9 531.3 559.2 0 373.4 410.6 149.2 149.8 154.7 171.9 177.2 176.5 181.2 192.1 194.1 199.6 199.1 204 224.4 229.9 246.1 274 277 282.3 281 288.9 291 297.8 300.5 310.3 323 328.3 327.6 334.7 341.8 347.1 115.8 121.6 135.4 293.7 448.6 293.7 436.3 490.7 513.5 485.3 548.6 482.9 560.2 275.6 327.1 401.4 452.7 468.3 438.6 494.4 633 460.5 488.5 519.8
982.17 1002.1 824.98 842 848 865.52 869.52 888.54 890.54 701.2 732.58 754.5 756.5 783.72 793.22 808.24 830.79 847.81 853.31 877.23 738.29 762.21 765.21 795.53 1293.53 631.18 972.67 996.1 819.78 824.78 841.3 845.3 870.82 888.34 699.8 727.58 729.58 746.5 753.5 783.32 804.04 830.09 847.11 850.61 876.13 735.29 757.21 762.11 791.33 568.35 609.28 1149.08 913.3 418.1 917.7 716.45 721.45 631.6 664.6 165.6 170.9 175.9 181.2 180.4 185.4 196.7 199 204.3 203.5 208.2 219.4 224.1 221.4 226.5 237.9 242.4 275.7 283.3 297.9 307 300.6 308.3 320.8 326.1 325.6 333.1 339.5 345.4 347.5 372.6 384.1 393.7 535.9 563.8 546 0 37.2 153.8 154.4 159.3 176.5 181.8 181.1 185.8 196.7 198.7 204.2 203.7 208.6 229 234.5 250.7 278.6 281.6 286.9 285.6 293.5 295.6 302.4 305.1 314.9 327.6 332.9 332.2 339.3 346.4 351.7 371.6 377.4 391.2 549.5 453.2 549.5 440.9 495.3 518.1 489.9 553.2 487.5 564.8 280.2 331.7 406 457.3 472.9 443.2 931.68 1070.28 465.1 493.1 524.4
944.97 964.9 787.78 804.8 810.8 828.32 832.32 851.34 853.34 664 695.38 717.3 719.3 746.52 756.02 771.04 793.59 810.61 816.11 840.03 701.09 725.01 728.01 758.33 1256.33 593.98 935.47 958.9 782.58 787.58 804.1 808.1 833.62 851.14 662.6 690.38 692.38 709.3 716.3 746.12 766.84 792.89 809.91 813.41 838.93 698.09 720.01 724.91 754.13 531.15 572.08 1111.88 876.1 380.9 880.5 679.25 684.25 594.4 627.4 128.4 133.7 138.7 144 143.2 148.2 159.5 161.8 167.1 166.3 171 182.2 186.9 184.2 189.3 200.7 205.2 238.5 246.1 260.7 269.8 263.4 271.1 283.6 288.9 288.4 295.9 302.3 308.2 310.3 335.4 346.9 356.5 498.7 526.6 508.8 592 0 116.6 117.2 122.1 139.3 144.6 143.9 148.6 159.5 161.5 167 166.5 171.4 191.8 197.3 213.5 241.4 244.4 249.7 248.4 256.3 258.4 265.2 267.9 277.7 290.4 295.7 295 302.1 309.2 314.5 334.4 340.2 354 512.3 416 512.3 403.7 458.1 480.9 452.7 516 450.3 527.6 243 294.5 368.8 420.1 435.7 406 894.48 1033.08 427.9 455.9 487.2
828.37 848.3 671.18 688.2 694.2 711.72 715.72 734.74 736.74 547.4 578.78 600.7 602.7 629.92 639.42 654.44 676.99 694.01 699.51 723.43 584.49 608.41 611.41 641.73 1139.73 477.38 818.87 842.3 665.98 670.98 687.5 691.5 717.02 734.54 546 573.78 575.78 592.7 599.7 629.52 650.24 676.29 693.31 696.81 722.33 581.49 603.41 608.31 637.53 414.55 455.48 995.28 759.5 264.3 763.9 562.65 567.65 477.8 510.8 268.7 274 22.1 27.4 26.6 31.6 42.9 45.2 50.5 49.7 54.4 65.6 70.3 67.6 72.7 84.1 88.6 121.9 129.5 144.1 153.2 146.8 154.5 167 172.3 171.8 179.3 185.7 191.6 193.7 218.8 230.3 239.9 382.1 410 392.2 475.4 512.6 0 0.6 5.5 22.7 28 27.3 32 42.9 44.9 50.4 49.9 54.8 75.2 80.7 96.9 124.8 127.8 133.1 131.8 139.7 141.8 148.6 151.3 161.1 173.8 179.1 178.4 185.5 192.6 197.9 217.8 223.6 237.4 395.7 299.4 395.7 287.1 341.5 364.3 336.1 399.4 333.7 411 126.4 177.9 252.2 303.5 319.1 289.4 777.88 916.48 311.3 339.3 370.6
827.77 847.7 670.58 687.6 693.6 711.12 715.12 734.14 736.14 546.8 578.18 600.1 602.1 629.32 638.82 653.84 676.39 693.41 698.91 722.83 583.89 607.81 610.81 641.13 1139.13 476.78 818.27 841.7 665.38 670.38 686.9 690.9 716.42 733.94 545.4 573.18 575.18 592.1 599.1 628.92 649.64 675.69 692.71 696.21 721.73 580.89 602.81 607.71 636.93 413.95 454.88 994.68 758.9 263.7 763.3 562.05 567.05 479.4 512.4 521.5 526.8 274.9 280.2 279.4 284.4 295.7 298 303.3 302.5 307.2 318.4 323.1 320.4 325.5 336.9 341.4 374.7 382.3 396.9 406 399.6 407.3 419.8 425.1 424.6 432.1 438.5 444.4 446.5 471.6 483.1 492.7 381.5 409.4 544.1 728.2 520 252.8 0 4.9 22.1 27.4 26.7 31.4 42.3 44.3 49.8 49.3 54.2 74.6 80.1 96.3 124.2 127.2 132.5 131.2 139.1 141.2 148 150.7 160.5 173.2 178.5 177.8 184.9 192 197.3 219.4 225.2 239 397.3 298.8 648.5 539.9 594.3 617.1 588.9 652.2 586.5 663.8 379.2 430.7 505 556.3 571.9 542.2 777.28 915.88 564.1 592.1 418.7
822.87 842.8 665.68 682.7 688.7 706.22 710.22 729.24 731.24 541.9 573.28 595.2 597.2 624.42 633.92 648.94 671.49 688.51 694.01 717.93 578.99 602.91 605.91 636.23 1134.23 471.88 813.37 836.8 660.48 665.48 682 686 711.52 729.04 540.5 568.28 570.28 587.2 594.2 624.02 644.74 670.79 687.81 691.31 716.83 575.99 597.91 602.81 632.03 409.05 449.98 989.78 754 258.8 758.4 557.15 562.15 474.5 507.5 516.6 521.9 270 275.3 274.5 279.5 290.8 293.1 298.4 297.6 302.3 313.5 318.2 315.5 320.6 332 336.5 369.8 377.4 392 401.1 394.7 402.4 414.9 420.2 419.7 427.2 433.6 439.5 441.6 466.7 478.2 487.8 376.6 404.5 539.2 723.3 515.1 247.9 248.5 0 17.2 22.5 21.8 26.5 37.4 39.4 44.9 44.4 49.3 69.7 75.2 91.4 119.3 122.3 127.6 126.3 134.2 136.3 143.1 145.8 155.6 168.3 173.6 172.9 180 187.1 192.4 214.5 220.3 234.1 392.4 293.9 643.6 535 589.4 612.2 584 647.3 581.6 658.9 374.3 425.8 500.1 551.4 567 537.3 772.38 910.98 559.2 587.2 413.8
805.67 825.6 648.48 665.5 671.5 689.02 693.02 712.04 714.04 524.7 556.08 578 580 607.22 616.72 631.74 654.29 671.31 676.81 700.73 561.79 585.71 588.71 619.03 1117.03 454.68 796.17 819.6 643.28 648.28 664.8 668.8 694.32 711.84 523.3 551.08 553.08 570 577 606.82 627.54 653.59 670.61 674.11 699.63 558.79 580.71 585.61 614.83 391.85 432.78 972.58 736.8 241.6 741.2 539.95 544.95 457.3 490.3 499.4 504.7 252.8 258.1 257.3 262.3 273.6 275.9 281.2 280.4 285.1 296.3 301 298.3 303.4 314.8 319.3 352.6 360.2 374.8 383.9 377.5 385.2 397.7 403 402.5 410 416.4 422.3 424.4 449.5 461 470.6 359.4 387.3 522 706.1 497.9 230.7 231.3 236.2 0 5.3 4.6 9.3 20.2 22.2 27.7 27.2 32.1 52.5 58 74.2 102.1 105.1 110.4 109.1 117 119.1 125.9 128.6 138.4 151.1 156.4 155.7 162.8 169.9 175.2 197.3 203.1 216.9 375.2 276.7 626.4 517.8 572.2 595 566.8 630.1 564.4 641.7 357.1 408.6 482.9 534.2 549.8 520.1 755.18 893.78 542 570 396.6
803.77 823.7 646.58 663.6 669.6 687.12 691.12 710.14 712.14 522.8 554.18 576.1 578.1 605.32 614.82 629.84 652.39 669.41 674.91 698.83 559.89 583.81 586.81 617.13 1115.13 452.78 794.27 817.7 641.38 646.38 662.9 666.9 692.42 709.94 521.4 549.18 551.18 568.1 575.1 604.92 625.64 651.69 668.71 672.21 697.73 556.89 578.81 583.71 612.93 389.95 430.88 970.68 734.9 239.7 739.3 538.05 543.05 455.4 488.4 497.5 502.8 250.9 256.2 255.4 260.4 271.7 274 279.3 278.5 283.2 294.4 299.1 296.4 301.5 312.9 317.4 350.7 358.3 372.9 382 375.6 383.3 395.8 401.1 400.6 408.1 414.5 420.4 422.5 447.6 459.1 468.7 357.5 385.4 520.1 704.2 496 228.8 229.4 234.3 251.5 0 256.1 260.8 18.3 20.3 25.8 25.3 30.2 50.6 56.1 72.3 100.2 103.2 108.5 107.2 115.1 117.2 124 126.7 136.5 149.2 154.5 153.8 160.9 168 173.3 195.4 201.2 215 373.3 274.8 624.5 515.9 570.3 593.1 564.9 628.2 562.5 639.8 355.2 406.7 481 532.3 547.9 518.2 753.28 891.88 540.1 568.1 394.7
801.07 821 643.88 660.9 666.9 684.42 688.42 707.44 709.44 520.1 551.48 573.4 575.4 602.62 612.12 627.14 649.69 666.71 672.21 696.13 557.19 581.11 584.11 614.43 1112.43 450.08 791.57 815 638.68 643.68 660.2 664.2 689.72 707.24 518.7 546.48 548.48 565.4 572.4 602.22 622.94 648.99 666.01 669.51 695.03 554.19 576.11 581.01 610.23 387.25 428.18 967.98 732.2 237 736.6 535.35 540.35 452.7 485.7 494.8 500.1 248.2 253.5 252.7 257.7 269 271.3 276.6 275.8 280.5 291.7 296.4 293.7 298.8 310.2 314.7 348 355.6 370.2 379.3 372.9 380.6 393.1 398.4 397.9 405.4 411.8 417.7 419.8 444.9 456.4 466 354.8 382.7 517.4 701.5 493.3 226.1 226.7 231.6 248.8 254.1 0 4.7 15.6 17.6 23.1 22.6 27.5 47.9 53.4 69.6 97.5 100.5 105.8 104.5 112.4 114.5 121.3 124 133.8 146.5 151.8 151.1 158.2 165.3 170.6 192.7 198.5 212.3 370.6 272.1 621.8 513.2 567.6 590.4 562.2 625.5 559.8 637.1 352.5 404 478.3 529.6 545.2 515.5 750.58 889.18 537.4 565.4 392
796.37 816.3 639.18 656.2 662.2 679.72 683.72 702.74 704.74 515.4 546.78 568.7 570.7 597.92 607.42 622.44 644.99 662.01 667.51 691.43 552.49 576.41 579.41 609.73 1107.73 445.38 786.87 810.3 633.98 638.98 655.5 659.5 685.02 702.54 514 541.78 543.78 560.7 567.7 597.52 618.24 644.29 661.31 664.81 690.33 549.49 571.41 576.31 605.53 382.55 423.48 963.28 727.5 232.3 731.9 530.65 535.65 448 481 490.1 495.4 243.5 248.8 248 253 264.3 266.6 271.9 271.1 275.8 287 291.7 289 294.1 305.5 310 343.3 350.9 365.5 374.6 368.2 375.9 388.4 393.7 393.2 400.7 407.1 413 415.1 440.2 451.7 461.3 350.1 378 512.7 696.8 488.6 221.4 222 226.9 244.1 249.4 248.7 0 10.9 12.9 18.4 17.9 22.8 43.2 48.7 64.9 92.8 95.8 101.1 99.8 107.7 109.8 116.6 119.3 129.1 141.8 147.1 146.4 153.5 160.6 165.9 188 193.8 207.6 365.9 267.4 617.1 508.5 562.9 585.7 557.5 620.8 555.1 632.4 347.8 399.3 473.6 524.9 540.5 510.8 745.88 884.48 532.7 560.7 387.3
785.47 805.4 628.28 645.3 651.3 668.82 672.82 691.84 693.84 504.5 535.88 557.8 559.8 587.02 596.52 611.54 634.09 651.11 656.61 680.53 541.59 565.51 568.51 598.83 1096.83 434.48 775.97 799.4 623.08 628.08 644.6 648.6 674.12 691.64 503.1 530.88 532.88 549.8 556.8 586.62 607.34 633.39 650.41 653.91 679.43 538.59 560.51 565.41 594.63 371.65 412.58 952.38 716.6 221.4 721 519.75 524.75 437.1 470.1 479.2 484.5 232.6 237.9 237.1 242.1 253.4 255.7 261 260.2 264.9 276.1 280.8 278.1 283.2 294.6 299.1 332.4 340 354.6 363.7 357.3 365 377.5 382.8 382.3 389.8 396.2 402.1 404.2 429.3 440.8 450.4 339.2 367.1 501.8 685.9 477.7 210.5 211.1 216 233.2 238.5 237.8 242.5 0 2 7.5 7 11.9 32.3 37.8 54 81.9 84.9 90.2 88.9 96.8 98.9 105.7 108.4 118.2 130.9 136.2 135.5 142.6 149.7 155 177.1 182.9 196.7 355 256.5 606.2 497.6 552 574.8 546.6 609.9 544.2 621.5 336.9 388.4 462.7 514 529.6 499.9 734.98 873.58 521.8 549.8 376.4
783.47 803.4 626.28 643.3 649.3 666.82 670.82 689.84 691.84 502.5 533.88 555.8 557.8 585.02 594.52 609.54 632.09 649.11 654.61 678.53 539.59 563.51 566.51 596.83 1094.83 432.48 773.97 797.4 621.08 626.08 642.6 646.6 672.12 689.64 501.1 528.88 530.88 547.8 554.8 584.62 605.34 631.39 648.41 651.91 677.43 536.59 558.51 563.41 592.63 369.65 410.58 950.38 714.6 219.4 719 517.75 522.75 435.1 468.1 477.2 482.5 230.6 235.9 235.1 240.1 251.4 253.7 259 258.2 262.9 274.1 278.8 276.1 281.2 292.6 297.1 330.4 338 352.6 361.7 355.3 363 375.5 380.8 380.3 387.8 394.2 400.1 402.2 427.3 438.8 448.4 337.2 365.1 499.8 683.9 475.7 208.5 209.1 214 231.2 236.5 235.8 240.5 251.4 0 5.5 5 9.9 30.3 35.8 52 79.9 82.9 88.2 86.9 94.8 96.9 103.7 106.4 116.2 128.9 134.2 133.5 140.6 147.7 153 175.1 180.9 194.7 353 254.5 604.2 495.6 550 572.8 544.6 607.9 542.2 619.5 334.9 386.4 460.7 512 527.6 497.9 732.98 871.58 519.8 547.8 374.4
781.17 801.1 623.98 641 647 664.52 668.52 687.54 689.54 500.2 531.58 553.5 555.5 582.72 592.22 607.24 629.79 646.81 652.31 676.23 537.29 561.21 564.21 594.53 1092.53 430.18 771.67 795.1 618.78 623.78 640.3 644.3 669.82 687.34 498.8 526.58 528.58 545.5 552.5 582.32 603.04 629.09 646.11 649.61 675.13 534.29 556.21 561.11 590.33 367.35 408.28 948.08 712.3 217.1 716.7 515.45 520.45 432.8 465.8 474.9 480.2 228.3 233.6 232.8 237.8 249.1 251.4 256.7 255.9 260.6 271.8 276.5 273.8 278.9 290.3 294.8 328.1 335.7 350.3 359.4 353 360.7 373.2 378.5 378 385.5 391.9 397.8 399.9 425 436.5 446.1 334.9 362.8 497.5 681.6 473.4 206.2 206.8 211.7 228.9 234.2 233.5 238.2 249.1 251.1 0 256.1 261 28 33.5 49.7 77.6 80.6 85.9 84.6 92.5 94.6 101.4 104.1 113.9 126.6 131.9 131.2 138.3 145.4 150.7 172.8 178.6 192.4 350.7 252.2 601.9 493.3 547.7 570.5 542.3 605.6 539.9 617.2 332.6 384.1 458.4 509.7 525.3 495.6 730.68 869.28 517.5 545.5 372.1
778.47 798.4 621.28 638.3 644.3 661.82 665.82 684.84 686.84 497.5 528.88 550.8 552.8 580.02 589.52 604.54 627.09 644.11 649.61 673.53 534.59 558.51 561.51 591.83 1089.83 427.48 768.97 792.4 616.08 621.08 637.6 641.6 667.12 684.64 496.1 523.88 525.88 542.8 549.8 579.62 600.34 626.39 643.41 646.91 672.43 531.59 553.51 558.41 587.63 364.65 405.58 945.38 709.6 214.4 714 512.75 517.75 430.1 463.1 472.2 477.5 225.6 230.9 230.1 235.1 246.4 248.7 254 253.2 257.9 269.1 273.8 271.1 276.2 287.6 292.1 325.4 333 347.6 356.7 350.3 358 370.5 375.8 375.3 382.8 389.2 395.1 397.2 422.3 433.8 443.4 332.2 360.1 494.8 678.9 470.7 203.5 204.1 209 226.2 231.5 230.8 235.5 246.4 248.4 253.9 0 4.9 25.3 30.8 47 74.9 77.9 83.2 81.9 89.8 91.9 98.7 101.4 111.2 123.9 129.2 128.5 135.6 142.7 148 170.1 175.9 189.7 348 249.5 599.2 490.6 545 567.8 539.6 602.9 537.2 614.5 329.9 381.4 455.7 507 522.6 492.9 727.98 866.58 514.8 542.8 369.4
773.57 793.5 616.38 633.4 639.4 656.92 660.92 679.94 681.94 492.6 523.98 545.9 547.9 575.12 584.62 599.64 622.19 639.21 644.71 668.63 529.69 553.61 556.61 586.93 1084.93 422.58 764.07 787.5 611.18 616.18 632.7 636.7 662.22 679.74 491.2 518.98 520.98 537.9 544.9 574.72 595.44 621.49 638.51 642.01 667.53 526.69 548.61 553.51 582.73 359.75 400.68 940.48 704.7 209.5 709.1 507.85 512.85 425.2 458.2 467.3 472.6 220.7 226 225.2 230.2 241.5 243.8 249.1 248.3 253 264.2 268.9 266.2 271.3 282.7 287.2 320.5 328.1 342.7 351.8 345.4 353.1 365.6 370.9 370.4 377.9 384.3 390.2 392.3 417.4 428.9 438.5 327.3 355.2 489.9 674 465.8 198.6 199.2 204.1 221.3 226.6 225.9 230.6 241.5 243.5 249 248.5 0 20.4 25.9 42.1 70 73 78.3 77 84.9 87 93.8 96.5 106.3 119 124.3 123.6 130.7 137.8 143.1 165.2 171 184.8 343.1 244.6 594.3 485.7 540.1 562.9 534.7 598 532.3 609.6 325 376.5 450.8 502.1 517.7 488 723.08 861.68 509.9 537.9 364.5
753.17 773.1 595.98 613 619 636.52 640.52 659.54 661.54 472.2 503.58 525.5 527.5 554.72 564.22 579.24 601.79 618.81 624.31 648.23 509.29 533.21 536.21 566.53 1064.53 402.18 743.67 767.1 590.78 595.78 612.3 616.3 641.82 659.34 470.8 498.58 500.58 517.5 524.5 554.32 575.04 601.09 618.11 621.61 647.13 506.29 528.21 533.11 562.33 339.35 380.28 920.08 684.3 189.1 688.7 487.45 492.45 404.8 437.8 446.9 452.2 200.3 205.6 204.8 209.8 221.1 223.4 228.7 227.9 232.6 243.8 248.5 245.8 250.9 262.3 266.8 300.1 307.7 322.3 331.4 325 332.7 345.2 350.5 350 357.5 363.9 369.8 371.9 397 408.5 418.1 306.9 334.8 469.5 653.6 445.4 178.2 178.8 183.7 200.9 206.2 205.5 210.2 221.1 223.1 228.6 228.1 233 0 5.5 21.7 49.6 52.6 57.9 56.6 64.5 66.6 73.4 76.1 85.9 98.6 103.9 103.2 110.3 117.4 122.7 144.8 150.6 164.4 322.7 224.2 573.9 465.3 519.7 542.5 514.3 577.6 511.9 589.2 304.6 356.1 430.4 481.7 497.3 467.6 702.68 841.28 489.5 517.5 344.1
747.67 767.6 590.48 607.5 613.5 631.02 635.02 654.04 656.04 466.7 498.08 520 522 549.22 558.72 573.74 596.29 613.31 618.81 642.73 503.79 527.71 530.71 561.03 1059.03 396.68 738.17 761.6 585.28 590.28 606.8 610.8 636.32 653.84 465.3 493.08 495.08 512 519 548.82 569.54 595.59 612.61 616.11 641.63 500.79 522.71 527.61 556.83 333.85 374.78 914.58 678.8 183.6 683.2 481.95 486.95 399.3 432.3 441.4 446.7 194.8 200.1 199.3 204.3 215.6 217.9 223.2 222.4 227.1 238.3 243 240.3 245.4 256.8 261.3 294.6 302.2 316.8 325.9 319.5 327.2 339.7 345 344.5 352 358.4 364.3 366.4 391.5 403 412.6 301.4 329.3 464 648.1 439.9 172.7 173.3 178.2 195.4 200.7 200 204.7 215.6 217.6 223.1 222.6 227.5 247.9 0 16.2 44.1 47.1 52.4 51.1 59 61.1 67.9 70.6 80.4 93.1 98.4 97.7 104.8 111.9 117.2 139.3 145.1 158.9 317.2 218.7 568.4 459.8 514.2 537 508.8 572.1 506.4 583.7 299.1 350.6 424.9 476.2 491.8 462.1 697.18 835.78 484 512 338.6
731.47 751.4 574.28 591.3 597.3 614.82 618.82 637.84 639.84 450.5 481.88 503.8 505.8 533.02 542.52 557.54 580.09 597.11 602.61 626.53 487.59 511.51 514.51 544.83 1042.83 380.48 721.97 745.4 569.08 574.08 590.6 594.6 620.12 637.64 449.1 476.88 478.88 495.8 502.8 532.62 553.34 579.39 596.41 599.91 625.43 484.59 506.51 511.41 540.63 317.65 358.58 898.38 662.6 167.4 667 465.75 470.75 383.1 416.1 425.2 430.5 178.6 183.9 183.1 188.1 199.4 201.7 207 206.2 210.9 222.1 226.8 224.1 229.2 240.6 245.1 278.4 286 300.6 309.7 303.3 311 323.5 328.8 328.3 335.8 342.2 348.1 350.2 375.3 386.8 396.4 285.2 313.1 447.8 631.9 423.7 156.5 157.1 162 179.2 184.5 183.8 188.5 199.4 201.4 206.9 206.4 211.3 231.7 237.2 0 27.9 30.9 36.2 34.9 42.8 44.9 51.7 54.4 64.2 76.9 82.2 81.5 88.6 95.7 101 123.1 128.9 142.7 301 202.5 552.2 443.6 498 520.8 492.6 555.9 490.2 567.5 282.9 334.4 408.7 460 475.6 445.9 680.98 819.58 467.8 495.8 322.4
703.57 723.5 546.38 563.4 569.4 586.92 590.92 609.94 611.94 422.6 453.98 475.9 477.9 505.12 514.62 529.64 552.19 569.21 574.71 598.63 459.69 483.61 486.61 516.93 1014.93 352.58 694.07 717.5 541.18 546.18 562.7 566.7 592.22 609.74 421.2 448.98 450.98 467.9 474.9 504.72 525.44 551.49 568.51 572.01 597.53 456.69 478.61 483.51 512.73 289.75 330.68 870.48 634.7 139.5 639.1 437.85 442.85 355.2 388.2 397.3 402.6 150.7 156 155.2 160.2 171.5 173.8 179.1 178.3 183 194.2 198.9 196.2 201.3 212.7 217.2 250.5 258.1 272.7 281.8 275.4 283.1 295.6 300.9 300.4 307.9 314.3 320.2 322.3 347.4 358.9 368.5 510.7 538.6 477.78 604 395.8 128.6 129.2 134.1 151.3 156.6 155.9 160.6 171.5 173.5 179 178.5 183.4 203.8 209.3 225.5 0 3 8.3 7 14.9 17 23.8 26.5 36.3 49 54.3 53.6 60.7 67.8 73.1 95.2 101 114.8 273.1 428 524.3 415.7 470.1 492.9 464.7 528 462.3 539.6 255 306.5 380.8 432.1 447.7 418 653.08 791.68 439.9 467.9 499.2
953.97 973.9 796.78 813.8 819.8 837.32 841.32 860.34 862.34 673 704.38 726.3 728.3 755.52 765.02 780.04 802.59 819.61 825.11 849.03 710.09 734.01 737.01 767.33 1265.33 602.98 944.47 967.9 791.58 796.58 813.1 817.1 842.62 860.14 671.6 699.38 701.38 718.3 725.3 755.12 775.84 801.89 818.91 822.41 847.93 707.09 729.01 733.91 763.13 540.15 581.08 1120.88 885.1 389.9 889.5 688.25 693.25 352.2 385.2 394.3 399.6 147.7 153 152.2 157.2 168.5 170.8 176.1 175.3 180 191.2 195.9 193.2 198.3 209.7 214.2 247.5 255.1 269.7 278.8 272.4 280.1 292.6 297.9 297.4 304.9 311.3 317.2 319.3 344.4 355.9 365.5 507.7 535.6 517.8 601 392.8 125.6 126.2 131.1 148.3 153.6 152.9 157.6 168.5 170.5 176 175.5 180.4 200.8 206.3 222.5 250.4 0 5.3 4 11.9 14 20.8 23.5 33.3 46 51.3 50.6 57.7 64.8 70.1 92.2 98 111.8 270.1 425 521.3 412.7 467.1 489.9 461.7 525 459.3 536.6 252 303.5 377.8 429.1 444.7 415 903.48 1042.08 436.9 464.9 496.2
950.87 970.8 793.68 810.7 816.7 834.22 838.22 857.24 859.24 669.9 701.28 723.2 725.2 752.42 761.92 776.94 799.49 816.51 822.01 845.93 706.99 730.91 733.91 764.23 1262.23 599.88 941.37 964.8 788.48 793.48 810 814 839.52 857.04 668.5 696.28 698.28 715.2 722.2 752.02 772.74 798.79 815.81 819.31 844.83 703.99 725.91 730.81 760.03 537.05 577.98 1117.78 882 386.8 886.4 685.15 690.15 349.1 382.1 391.2 396.5 144.6 149.9 149.1 154.1 165.4 167.7 173 172.2 176.9 188.1 192.8 190.1 195.2 206.6 211.1 244.4 252 266.6 275.7 269.3 277 289.5 294.8 294.3 301.8 308.2 314.1 316.2 341.3 352.8 362.4 504.6 532.5 514.7 597.9 389.7 122.5 123.1 128 145.2 150.5 149.8 154.5 165.4 167.4 172.9 172.4 177.3 197.7 203.2 219.4 247.3 250.3 0 254.3 262.2 10.9 17.7 20.4 30.2 42.9 48.2 47.5 54.6 61.7 67 89.1 94.9 108.7 267 421.9 518.2 409.6 464 486.8 458.6 521.9 456.2 533.5 248.9 300.4 374.7 426 441.6 411.9 900.38 1038.98 433.8 461.8 493.1
949.97 969.9 792.78 809.8 815.8 833.32 837.32 856.34 858.34 669 700.38 722.3 724.3 751.52 761.02 776.04 798.59 815.61 821.11 845.03 706.09 730.01 733.01 763.33 1261.33 598.98 940.47 963.9 787.58 792.58 809.1 813.1 838.62 856.14 667.6 695.38 697.38 714.3 721.3 751.12 771.84 797.89 814.91 818.41 843.93 703.09 725.01 729.91 759.13 536.15 577.08 1116.88 881.1 385.9 885.5 684.25 689.25 348.2 381.2 390.3 395.6 143.7 149 148.2 153.2 164.5 166.8 172.1 171.3 176 187.2 191.9 189.2 194.3 205.7 210.2 243.5 251.1 265.7 274.8 268.4 276.1 288.6 293.9 293.4 300.9 307.3 313.2 315.3 340.4 351.9 361.5 503.7 531.6 513.8 597 388.8 121.6 122.2 127.1 144.3 149.6 148.9 153.6 164.5 166.5 172 171.5 176.4 196.8 202.3 218.5 246.4 249.4 254.7 0 7.9 10 16.8 19.5 29.3 42 47.3 46.6 53.7 60.8 66.1 88.2 94 107.8 266.1 421 517.3 408.7 463.1 485.9 457.7 521 455.3 532.6 248 299.5 373.8 425.1 440.7 411 899.48 1038.08 432.9 460.9 492.2
945.17 965.1 787.98 805 811 828.52 832.52 851.54 853.54 664.2 695.58 717.5 719.5 746.72 756.22 771.24 793.79 810.81 816.31 840.23 701.29 725.21 728.21 758.53 1256.53 594.18 935.67 959.1 782.78 787.78 804.3 808.3 833.82 851.34 662.8 690.58 692.58 709.5 716.5 746.32 767.04 793.09 810.11 813.61 839.13 698.29 720.21 725.11 754.33 531.35 572.28 1112.08 876.3 381.1 880.7 679.45 684.45 343.4 376.4 385.5 390.8 138.9 144.2 143.4 148.4 159.7 162 167.3 166.5 171.2 182.4 187.1 184.4 189.5 200.9 205.4 238.7 246.3 260.9 270 263.6 271.3 283.8 289.1 288.6 296.1 302.5 308.4 310.5 335.6 347.1 356.7 498.9 526.8 509 592.2 384 116.8 117.4 122.3 139.5 144.8 144.1 148.8 159.7 161.7 167.2 166.7 171.6 192 197.5 213.7 241.6 244.6 249.9 248.6 0 258.6 265.4 14.7 24.5 37.2 42.5 41.8 48.9 56 61.3 83.4 89.2 103 261.3 416.2 512.5 403.9 458.3 481.1 452.9 516.2 450.5 527.8 243.2 294.7 369 420.3 435.9 406.2 894.68 1033.28 428.1 456.1 487.4
939.97 959.9 782.78 799.8 805.8 823.32 827.32 846.34 848.34 659 690.38 712.3 714.3 741.52 751.02 766.04 788.59 805.61 811.11 835.03 696.09 720.01 723.01 753.33 1251.33 588.98 930.47 953.9 777.58 782.58 799.1 803.1 828.62 846.14 657.6 685.38 687.38 704.3 711.3 741.12 761.84 787.89 804.91 808.41 833.93 693.09 715.01 719.91 749.13 526.15 567.08 1106.88 871.1 375.9 875.5 674.25 679.25 338.2 371.2 380.3 385.6 133.7 139 138.2 143.2 154.5 156.8 162.1 161.3 166 177.2 181.9 179.2 184.3 195.7 200.2 233.5 241.1 255.7 264.8 258.4 266.1 278.6 283.9 283.4 290.9 297.3 303.2 305.3 330.4 341.9 351.5 493.7 521.6 503.8 587 378.8 111.6 112.2 117.1 134.3 139.6 138.9 143.6 154.5 156.5 162 161.5 166.4 186.8 192.3 208.5 236.4 239.4 244.7 243.4 251.3 0 6.8 9.5 19.3 32 37.3 36.6 43.7 50.8 56.1 78.2 84 97.8 256.1 411 507.3 398.7 453.1 475.9 447.7 511 445.3 522.6 238 289.5 363.8 415.1 430.7 401 889.48 1028.08 422.9 450.9 482.2
935.77 955.7 778.58 795.6 801.6 819.12 823.12 842.14 844.14 654.8 686.18 708.1 710.1 737.32 746.82 761.84 784.39 801.41 806.91 830.83 691.89 715.81 718.81 749.13 1247.13 584.78 926.27 949.7 773.38 778.38 794.9 798.9 824.42 841.94 653.4 681.18 683.18 700.1 707.1 736.92 757.64 783.69 800.71 804.21 829.73 688.89 710.81 715.71 744.93 521.95 562.88 1102.68 866.9 371.7 871.3 670.05 675.05 334 367 376.1 381.4 129.5 134.8 134 139 150.3 152.6 157.9 157.1 161.8 173 177.7 175 180.1 191.5 196 229.3 236.9 251.5 260.6 254.2 261.9 274.4 279.7 279.2 286.7 293.1 299 301.1 326.2 337.7 347.3 489.5 517.4 499.6 582.8 374.6 107.4 108 112.9 130.1 135.4 134.7 139.4 150.3 152.3 157.8 157.3 162.2 182.6 188.1 204.3 232.2 235.2 240.5 239.2 247.1 249.2 0 258.7 268.5 27.8 33.1 32.4 39.5 46.6 51.9 74 79.8 93.6 251.9 406.8 503.1 394.5 448.9 471.7 443.5 506.8 441.1 518.4 233.8 285.3 359.6 410.9 426.5 396.8 885.28 1023.88 418.7 446.7 478
930.47 950.4 773.28 790.3 796.3 813.82 817.82 836.84 838.84 649.5 680.88 702.8 704.8 732.02 741.52 756.54 779.09 796.11 801.61 825.53 686.59 710.51 713.51 743.83 1241.83 579.48 920.97 944.4 768.08 773.08 789.6 793.6 819.12 836.64 648.1 675.88 677.88 694.8 701.8 731.62 752.34 778.39 795.41 798.91 824.43 683.59 705.51 710.41 739.63 516.65 557.58 1097.38 861.6 366.4 866 664.75 669.75 328.7 361.7 370.8 376.1 124.2 129.5 128.7 133.7 145 147.3 152.6 151.8 156.5 167.7 172.4 169.7 174.8 186.2 190.7 224 231.6 246.2 255.3 248.9 256.6 269.1 274.4 273.9 281.4 287.8 293.7 295.8 320.9 332.4 342 484.2 512.1 494.3 577.5 369.3 102.1 102.7 107.6 124.8 130.1 129.4 134.1 145 147 152.5 152 156.9 177.3 182.8 199 226.9 229.9 235.2 233.9 241.8 243.9 250.7 0 9.8 22.5 27.8 27.1 34.2 41.3 46.6 68.7 74.5 88.3 246.6 401.5 497.8 389.2 443.6 466.4 438.2 501.5 435.8 513.1 228.5 280 354.3 405.6 421.2 391.5 879.98 1018.58 413.4 441.4 472.7
920.67 940.6 763.48 780.5 786.5 804.02 808.02 827.04 829.04 639.7 671.08 693 695 722.22 731.72 746.74 769.29 786.31 791.81 815.73 676.79 700.71 703.71 734.03 1232.03 569.68 911.17 934.6 758.28 763.28 779.8 783.8 809.32 826.84 638.3 666.08 668.08 685 692 721.82 742.54 768.59 785.61 789.11 814.63 673.79 695.71 700.61 729.83 506.85 547.78 1087.58 851.8 356.6 856.2 654.95 659.95 318.9 351.9 361 366.3 114.4 119.7 118.9 123.9 135.2 137.5 142.8 142 146.7 157.9 162.6 159.9 165 176.4 180.9 214.2 221.8 236.4 245.5 239.1 246.8 259.3 264.6 264.1 271.6 278 283.9 286 311.1 322.6 332.2 474.4 502.3 484.5 567.7 359.5 92.3 92.9 97.8 115 120.3 119.6 124.3 135.2 137.2 142.7 142.2 147.1 167.5 173 189.2 217.1 220.1 225.4 224.1 232 234.1 240.9 243.6 0 12.7 18 17.3 24.4 31.5 36.8 58.9 64.7 78.5 236.8 391.7 488 379.4 433.8 456.6 428.4 491.7 426 503.3 218.7 270.2 344.5 395.8 411.4 381.7 870.18 1008.78 403.6 431.6 462.9
907.97 927.9 750.78 767.8 773.8 791.32 795.32 814.34 816.34 627 658.38 680.3 682.3 709.52 719.02 734.04 756.59 773.61 779.11 803.03 664.09 688.01 691.01 721.33 1219.33 556.98 898.47 921.9 745.58 750.58 767.1 771.1 796.62 814.14 625.6 653.38 655.38 672.3 679.3 709.12 729.84 755.89 772.91 776.41 801.93 661.09 683.01 687.91 717.13 494.15 535.08 1074.88 839.1 343.9 843.5 642.25 647.25 306.2 339.2 348.3 353.6 101.7 107 106.2 111.2 122.5 124.8 130.1 129.3 134 145.2 149.9 147.2 152.3 163.7 168.2 201.5 209.1 223.7 232.8 226.4 234.1 246.6 251.9 251.4 258.9 265.3 271.2 273.3 298.4 309.9 319.5 461.7 489.6 471.8 555 346.8 79.6 80.2 85.1 102.3 107.6 106.9 111.6 122.5 124.5 130 129.5 134.4 154.8 160.3 176.5 204.4 207.4 212.7 211.4 219.3 221.4 228.2 230.9 240.7 0 5.3 4.6 11.7 18.8 24.1 46.2 52 65.8 224.1 379 475.3 366.7 421.1 443.9 415.7 479 413.3 490.6 206 257.5 331.8 383.1 398.7 369 857.48 996.08 390.9 418.9 450.2
903.97 923.9 746.78 763.8 769.8 787.32 791.32 810.34 812.34 623 654.38 676.3 678.3 705.52 715.02 730.04 752.59 769.61 775.11 799.03 660.09 684.01 687.01 717.33 1215.33 552.98 894.47 917.9 741.58 746.58 763.1 767.1 792.62 810.14 621.6 649.38 651.38 668.3 675.3 705.12 725.84 751.89 768.91 772.41 797.93 657.09 679.01 683.91 713.13 490.15 531.08 1070.88 835.1 339.9 839.5 638.25 643.25 302.2 335.2 344.3 349.6 97.7 103 102.2 107.2 118.5 120.8 126.1 125.3 130 141.2 145.9 143.2 148.3 159.7 164.2 197.5 205.1 219.7 228.8 222.4 230.1 242.6 247.9 247.4 254.9 261.3 267.2 269.3 294.4 305.9 315.5 457.7 485.6 467.8 551 342.8 75.6 76.2 81.1 98.3 103.6 102.9 107.6 118.5 120.5 126 125.5 130.4 150.8 156.3 172.5 200.4 203.4 208.7 207.4 215.3 217.4 224.2 226.9 236.7 249.4 0 254 261.1 14.8 20.1 42.2 48 61.8 220.1 375 471.3 362.7 417.1 439.9 411.7 475 409.3 486.6 202 253.5 327.8 379.1 394.7 365 853.48 992.08 386.9 414.9 446.2
903.37 923.3 746.18 763.2 769.2 786.72 790.72 809.74 811.74 622.4 653.78 675.7 677.7 704.92 714.42 729.44 751.99 769.01 774.51 798.43 659.49 683.41 686.41 716.73 1214.73 552.38 893.87 917.3 740.98 745.98 762.5 766.5 792.02 809.54 621 648.78 650.78 667.7 674.7 704.52 725.24 751.29 768.31 771.81 797.33 656.49 678.41 683.31 712.53 489.55 530.48 1070.28 834.5 339.3 838.9 637.65 642.65 301.6 334.6 343.7 349 97.1 102.4 101.6 106.6 117.9 120.2 125.5 124.7 129.4 140.6 145.3 142.6 147.7 159.1 163.6 196.9 204.5 219.1 228.2 221.8 229.5 242 247.3 246.8 254.3 260.7 266.6 268.7 293.8 305.3 314.9 457.1 485 467.2 550.4 342.2 75 75.6 80.5 97.7 103 102.3 107 117.9 119.9 125.4 124.9 129.8 150.2 155.7 171.9 199.8 202.8 208.1 206.8 214.7 216.8 223.6 226.3 236.1 248.8 254.1 0 7.1 14.2 19.5 41.6 47.4 61.2 219.5 374.4 470.7 362.1 416.5 439.3 411.1 474.4 408.7 486 201.4 252.9 327.2 378.5 394.1 364.4 852.88 991.48 386.3 414.3 445.6
900.57 920.5 743.38 760.4 766.4 783.92 787.92 806.94 808.94 619.6 650.98 672.9 674.9 702.12 711.62 726.64 749.19 766.21 771.71 795.63 656.69 680.61 683.61 713.93 1211.93 549.58 891.07 914.5 738.18 743.18 759.7 763.7 789.22 806.74 618.2 645.98 647.98 664.9 671.9 701.72 722.44 748.49 765.51 769.01 794.53 653.69 675.61 680.51 709.73 486.75 527.68 1067.48 831.7 336.5 836.1 634.85 639.85 298.8 331.8 340.9 346.2 94.3 99.6 98.8 103.8 115.1 117.4 122.7 121.9 126.6 137.8 142.5 139.8 144.9 156.3 160.8 194.1 201.7 216.3 225.4 219 226.7 239.2 244.5 244 251.5 257.9 263.8 265.9 291 302.5 312.1 454.3 482.2 464.4 547.6 339.4 72.2 72.8 77.7 94.9 100.2 99.5 104.2 115.1 117.1 122.6 122.1 127 147.4 152.9 169.1 197 200 205.3 204 211.9 214 220.8 223.5 233.3 246 251.3 250.6 0 264.8 270.1 38.8 44.6 58.4 216.7 371.6 467.9 359.3 413.7 436.5 408.3 471.6 405.9 483.2 198.6 250.1 324.4 375.7 391.3 361.6 850.08 988.68 383.5 411.5 442.8
889.17 909.1 731.98 749 755 772.52 776.52 795.54 797.54 608.2 639.58 661.5 663.5 690.72 700.22 715.24 737.79 754.81 760.31 784.23 645.29 669.21 672.21 702.53 1200.53 538.18 879.67 903.1 726.78 731.78 748.3 752.3 777.82 795.34 606.8 634.58 636.58 653.5 660.5 690.32 711.04 737.09 754.11 757.61 783.13 642.29 664.21 669.11 698.33 475.35 516.28 1056.08 820.3 325.1 824.7 623.45 628.45 287.4 320.4 329.5 334.8 82.9 88.2 87.4 92.4 103.7 106 111.3 110.5 115.2 126.4 131.1 128.4 133.5 144.9 149.4 182.7 190.3 204.9 214 207.6 215.3 227.8 233.1 232.6 240.1 246.5 252.4 254.5 279.6 291.1 300.7 442.9 470.8 453 536.2 328 60.8 61.4 66.3 83.5 88.8 88.1 92.8 103.7 105.7 111.2 110.7 115.6 136 141.5 157.7 185.6 188.6 193.9 192.6 200.5 202.6 209.4 212.1 221.9 234.6 239.9 239.2 246.3 0 5.3 27.4 33.2 47 205.3 360.2 456.5 347.9 402.3 425.1 396.9 460.2 394.5 471.8 187.2 238.7 313 364.3 379.9 350.2 838.68 977.28 372.1 400.1 431.4
883.87 903.8 726.68 743.7 749.7 767.22 771.22 790.24 792.24 602.9 634.28 656.2 658.2 685.42 694.92 709.94 732.49 749.51 755.01 778.93 639.99 663.91 666.91 697.23 1195.23 532.88 874.37 897.8 721.48 726.48 743 747 772.52 790.04 601.5 629.28 631.28 648.2 655.2 685.02 705.74 731.79 748.81 752.31 777.83 636.99 658.91 663.81 693.03 470.05 510.98 1050.78 815 319.8 819.4 618.15 623.15 282.1 315.1 324.2 329.5 77.6 82.9 82.1 87.1 98.4 100.7 106 105.2 109.9 121.1 125.8 123.1 128.2 139.6 144.1 177.4 185 199.6 208.7 202.3 210 222.5 227.8 227.3 234.8 241.2 247.1 249.2 274.3 285.8 295.4 437.6 465.5 447.7 530.9 322.7 55.5 56.1 61 78.2 83.5 82.8 87.5 98.4 100.4 105.9 105.4 110.3 130.7 136.2 152.4 180.3 183.3 188.6 187.3 195.2 197.3 204.1 206.8 216.6 229.3 234.6 233.9 241 248.1 0 22.1 27.9 41.7 200 354.9 451.2 342.6 397 419.8 391.6 454.9 389.2 466.5 181.9 233.4 307.7 359 374.6 344.9 833.38 971.98 366.8 394.8 426.1
861.77 881.7 704.58 721.6 727.6 745.12 749.12 768.14 770.14 580.8 612.18 634.1 636.1 663.32 672.82 687.84 710.39 727.41 732.91 756.83 617.89 641.81 644.81 675.13 1173.13 510.78 852.27 875.7 699.38 704.38 720.9 724.9 750.42 767.94 579.4 607.18 609.18 626.1 633.1 662.92 683.64 709.69 726.71 730.21 755.73 614.89 636.81 641.71 670.93 447.95 488.88 1028.68 792.9 297.7 797.3 596.05 601.05 260 293 302.1 307.4 55.5 60.8 60 65 76.3 78.6 83.9 83.1 87.8 99 103.7 101 106.1 117.5 122 155.3 162.9 177.5 186.6 180.2 187.9 200.4 205.7 205.2 212.7 219.1 225 227.1 252.2 263.7 273.3 415.5 443.4 425.6 508.8 300.6 33.4 34 38.9 56.1 61.4 60.7 65.4 76.3 78.3 83.8 83.3 88.2 108.6 114.1 130.3 158.2 161.2 166.5 165.2 173.1 175.2 182 184.7 194.5 207.2 212.5 211.8 218.9 226 231.3 0 5.8 19.6 177.9 332.8 429.1 320.5 374.9 397.7 369.5 432.8 367.1 444.4 159.8 211.3 285.6 336.9 352.5 322.8 811.28 949.88 344.7 372.7 404
855.97 875.9 698.78 715.8 721.8 739.32 743.32 762.34 764.34 575 606.38 628.3 630.3 657.52 667.02 682.04 704.59 721.61 727.11 751.03 612.09 636.01 639.01 669.33 1167.33 504.98 846.47 869.9 693.58 698.58 715.1 719.1 744.62 762.14 573.6 601.38 603.38 620.3 627.3 657.12 677.84 703.89 720.91 724.41 749.93 609.09 631.01 635.91 665.13 442.15 483.08 1022.88 787.1 291.9 791.5 590.25 595.25 505.4 538.4 296.3 301.6 49.7 55 54.2 59.2 70.5 72.8 78.1 77.3 82 93.2 97.9 95.2 100.3 111.7 116.2 149.5 157.1 171.7 180.8 174.4 182.1 194.6 199.9 199.4 206.9 213.3 219.2 221.3 246.4 257.9 267.5 409.7 437.6 419.8 503 540.2 27.6 28.2 33.1 50.3 55.6 54.9 59.6 70.5 72.5 78 77.5 82.4 102.8 108.3 124.5 152.4 155.4 160.7 159.4 167.3 169.4 176.2 178.9 188.7 201.4 206.7 206 213.1 220.2 225.5 245.4 0 13.8 423.3 327 423.3 314.7 369.1 391.9 363.7 427 361.3 438.6 154 205.5 279.8 331.1 346.7 317 805.48 944.08 338.9 366.9 398.2
842.17 862.1 684.98 702 708 725.52 729.52 748.54 750.54 561.2 592.58 614.5 616.5 643.72 653.22 668.24 690.79 707.81 713.31 737.23 598.29 622.21 625.21 655.53 1153.53 491.18 832.67 856.1 679.78 684.78 701.3 705.3 730.82 748.34 559.8 587.58 589.58 606.5 613.5 643.32 664.04 690.09 707.11 710.61 736.13 595.29 617.21 622.11 651.33 428.35 469.28 1009.08 773.3 278.1 777.7 576.45 581.45 491.6 524.6 282.5 287.8 35.9 41.2 40.4 45.4 56.7 59 64.3 63.5 68.2 79.4 84.1 81.4 86.5 97.9 102.4 135.7 143.3 157.9 167 160.6 168.3 180.8 186.1 185.6 193.1 199.5 205.4 207.5 232.6 244.1 253.7 395.9 423.8 406 489.2 526.4 13.8 14.4 19.3 36.5 41.8 41.1 45.8 56.7 58.7 64.2 63.7 68.6 89 94.5 110.7 138.6 141.6 146.9 145.6 153.5 155.6 162.4 165.1 174.9 187.6 192.9 192.2 199.3 206.4 211.7 231.6 237.4 0 409.5 313.2 409.5 300.9 355.3 378.1 349.9 413.2 347.5 424.8 140.2 191.7 266 317.3 332.9 303.2 791.68 930.28 325.1 353.1 384.4
1067.67 1087.6 910.48 927.5 933.5 951.02 955.02 974.04 976.04 786.7 818.08 840 842 869.22 878.72 893.74 916.29 933.31 938.81 962.73 823.79 847.71 850.71 881.03 1379.03 716.68 1058.17 1081.6 905.28 910.28 926.8 930.8 956.32 973.84 785.3 813.08 815.08 832 839 868.82 889.54 915.59 932.61 936.11 961.63 820.79 842.71 847.61 876.83 653.85 694.78 1234.58 998.8 503.6 1003.2 801.95 806.95 82.1 115.1 251.1 256.4 261.4 266.7 265.9 270.9 282.2 284.5 289.8 289 293.7 304.9 309.6 306.9 312 323.4 327.9 361.2 368.8 383.4 392.5 386.1 393.8 406.3 411.6 411.1 418.6 425 430.9 433 458.1 469.6 479.2 621.4 649.3 631.5 714.7 122.7 239.3 239.9 244.8 262 267.3 266.6 271.3 282.2 284.2 289.7 289.2 294.1 314.5 320 336.2 364.1 367.1 372.4 371.1 379 381.1 387.9 390.6 400.4 413.1 418.4 417.7 424.8 431.9 437.2 457.1 462.9 476.7 0 538.7 635 526.4 580.8 603.6 575.4 638.7 573 650.3 365.7 417.2 491.5 542.8 558.4 528.7 1017.18 1155.78 550.6 578.6 609.9
790.19 810.12 633 650.02 656.02 673.54 677.54 696.56 698.56 509.22 540.6 562.52 564.52 591.74 601.24 616.26 638.81 655.83 661.33 685.25 546.31 570.23 573.23 603.55 1101.55 439.2 780.69 804.12 627.8 632.8 649.32 653.32 678.84 696.36 507.82 535.6 537.6 554.52 561.52 591.34 612.06 638.11 655.13 658.63 684.15 543.31 565.23 570.13 599.35 560.15 601.08 957.1 721.32 409.9 725.72 524.47 529.47 621.1 654.1 412 417.3 416.6 421.9 421.1 426.1 437.4 439.7 445 444.2 448.9 460.1 464.8 462.1 467.2 478.6 483.1 265.2 272.8 287.4 296.5 290.1 297.8 310.3 315.6 315.1 322.6 329 334.9 337 362.1 373.6 383.2 82.7 110.6 245.3 618.7 655.9 394.5 395.1 400 417.2 422.5 421.8 426.5 437.4 439.4 444.9 444.4 449.3 469.7 475.2 491.4 270.4 273.4 278.7 277.4 285.3 287.4 294.2 296.9 306.7 319.4 324.7 324 331.1 338.2 343.5 361.1 366.9 380.7 539 0 539 681.6 736 758.8 730.6 793.9 728.2 805.5 520.9 572.4 646.7 698 713.6 683.9 739.7 878.3 705.8 733.8 119.9
1061.87 1081.8 904.68 921.7 927.7 945.22 949.22 968.24 970.24 780.9 812.28 834.2 836.2 863.42 872.92 887.94 910.49 927.51 933.01 956.93 817.99 841.91 844.91 875.23 1373.23 710.88 1052.37 1075.8 899.48 904.48 921 925 950.52 968.04 779.5 807.28 809.28 826.2 833.2 863.02 883.74 909.79 926.81 930.31 955.83 814.99 836.91 841.81 871.03 648.05 688.98 1228.78 993 497.8 997.4 796.15 801.15 711.3 744.3 245.3 250.6 255.6 260.9 260.1 265.1 276.4 278.7 284 283.2 287.9 299.1 303.8 301.1 306.2 317.6 322.1 355.4 363 377.6 386.7 380.3 388 400.5 405.8 405.3 412.8 419.2 425.1 427.2 452.3 463.8 473.4 615.6 643.5 625.7 79.7 116.9 233.5 234.1 239 256.2 261.5 260.8 265.5 276.4 278.4 283.9 283.4 288.3 308.7 314.2 330.4 358.3 361.3 366.6 365.3 373.2 375.3 382.1 384.8 394.6 407.3 412.6 411.9 419 426.1 431.4 451.3 457.1 470.9 629.2 532.9 0 520.6 575 597.8 569.6 632.9 567.2 644.5 359.9 411.4 485.7 537 552.6 522.9 1011.38 1149.98 544.8 572.8 604.1
753.79 773.72 596.6 613.62 619.62 637.14 641.14 660.16 662.16 472.82 504.2 526.12 528.12 555.34 564.84 579.86 602.41 619.43 624.93 648.85 509.91 533.83 536.83 567.15 1065.15 402.8 744.29 767.72 591.4 596.4 612.92 616.92 642.44 659.96 471.42 499.2 501.2 518.12 525.12 554.94 575.66 601.71 618.73 622.23 647.75 506.91 528.83 533.73 562.95 523.75 564.68 920.7 684.92 373.5 689.32 488.07 493.07 584.7 617.7 375.6 380.9 380.2 385.5 384.7 389.7 401 403.3 408.6 407.8 412.5 423.7 428.4 425.7 430.8 442.2 446.7 228.8 236.4 251 260.1 253.7 261.4 273.9 279.2 278.7 286.2 292.6 298.5 300.6 325.7 337.2 346.8 740.2 768.1 208.9 582.3 619.5 358.1 358.7 363.6 380.8 386.1 385.4 390.1 401 403 408.5 408 412.9 433.3 438.8 455 234 237 242.3 241 248.9 251 257.8 260.5 270.3 283 288.3 287.6 294.7 301.8 307.1 324.7 330.5 344.3 502.6 657.5 502.6 0 699.6 722.4 694.2 757.5 691.8 769.1 484.5 536 610.3 661.6 677.2 647.5 703.3 841.9 669.4 52.2 83.5
623.39 643.32 466.2 483.22 489.22 506.74 510.74 529.76 531.76 342.42 373.8 395.72 397.72 424.94 434.44 449.46 472.01 489.03 494.53 518.45 379.51 403.43 406.43 436.75 934.75 272.4 613.89 637.32 461 466 482.52 486.52 512.04 529.56 341.02 368.8 370.8 387.72 394.72 424.54 445.26 471.31 488.33 491.83 517.35 376.51 398.43 403.33 432.55 642.25 683.18 790.3 554.52 492 558.92 357.67 362.67 454.3 487.3 245.2 250.5 249.8 255.1 254.3 259.3 270.6 272.9 278.2 277.4 282.1 293.3 298 295.3 300.4 311.8 316.3 98.4 106 120.6 129.7 123.3 131 143.5 148.8 148.3 155.8 162.2 168.1 170.2 195.3 206.8 216.4 609.8 637.7 78.5 451.9 489.1 227.7 228.3 233.2 250.4 255.7 255 259.7 270.6 272.6 278.1 277.6 282.5 302.9 308.4 324.6 352.5 355.5 360.8 359.5 367.4 369.5 376.3 379 388.8 401.5 406.8 406.1 413.2 420.3 425.6 194.3 200.1 213.9 372.2 527.1 372.2 514.8 0 50.6 563.8 627.1 561.4 638.7 354.1 405.6 479.9 531.2 546.8 517.1 572.9 711.5 539 567 598.3
572.79 592.72 415.6 432.62 438.62 456.14 460.14 479.16 481.16 291.82 323.2 345.12 347.12 374.34 383.84 398.86 421.41 438.43 443.93 467.85 328.91 352.83 355.83 386.15 884.15 221.8 563.29 586.72 410.4 415.4 431.92 435.92 461.44 478.96 290.42 318.2 320.2 337.12 344.12 373.94 394.66 420.71 437.73 441.23 466.75 325.91 347.83 352.73 381.95 591.65 632.58 739.7 503.92 441.4 508.32 307.07 312.07 403.7 436.7 194.6 199.9 199.2 204.5 203.7 208.7 220 222.3 227.6 226.8 231.5 242.7 247.4 244.7 249.8 261.2 265.7 47.8 55.4 70 79.1 72.7 80.4 92.9 98.2 97.7 105.2 111.6 117.5 119.6 144.7 156.2 165.8 559.2 587.1 27.9 401.3 438.5 177.1 177.7 182.6 199.8 205.1 204.4 209.1 220 222 227.5 227 231.9 252.3 257.8 274 301.9 304.9 310.2 308.9 316.8 318.9 325.7 328.4 338.2 350.9 356.2 355.5 362.6 369.7 375 143.7 149.5 163.3 321.6 476.5 321.6 464.2 518.6 0 513.2 576.5 510.8 588.1 303.5 355 429.3 480.6 496.2 466.5 522.3 660.9 488.4 516.4 547.7
831.57 851.5 674.38 691.4 697.4 714.92 718.92 737.94 739.94 550.6 581.98 603.9 605.9 633.12 642.62 657.64 680.19 697.21 702.71 726.63 587.69 611.61 614.61 644.93 1142.93 480.58 822.07 845.5 669.18 674.18 690.7 694.7 720.22 737.74 549.2 576.98 578.98 595.9 602.9 632.72 653.44 679.49 696.51 700.01 725.53 584.69 606.61 611.51 640.73 417.75 458.68 998.48 762.7 267.5 767.1 565.85 570.85 483.2 516.2 525.3 530.6 278.7 284 283.2 288.2 299.5 301.8 307.1 306.3 311 322.2 326.9 324.2 329.3 340.7 345.2 378.5 386.1 400.7 409.8 403.4 411.1 423.6 428.9 428.4 435.9 442.3 448.2 450.3 475.4 486.9 496.5 638.7 666.6 605.78 732 523.8 256.6 257.2 262.1 279.3 284.6 283.9 288.6 299.5 301.5 307 306.5 311.4 331.8 337.3 353.5 128 131 136.3 135 142.9 145 151.8 154.5 164.3 177 182.3 181.6 188.7 195.8 201.1 223.2 229 242.8 401.1 556 652.3 543.7 598.1 620.9 0 63.3 590.3 667.6 383 434.5 508.8 560.1 575.7 546 781.08 919.68 567.9 595.9 627.2
768.27 788.2 611.08 628.1 634.1 651.62 655.62 674.64 676.64 487.3 518.68 540.6 542.6 569.82 579.32 594.34 616.89 633.91 639.41 663.33 524.39 548.31 551.31 581.63 1079.63 417.28 758.77 782.2 605.88 610.88 627.4 631.4 656.92 674.44 485.9 513.68 515.68 532.6 539.6 569.42 590.14 616.19 633.21 636.71 662.23 521.39 543.31 548.21 577.43 354.45 395.38 935.18 699.4 204.2 703.8 502.55 507.55 419.9 452.9 462 467.3 215.4 220.7 219.9 224.9 236.2 238.5 243.8 243 247.7 258.9 263.6 260.9 266 277.4 281.9 315.2 322.8 337.4 346.5 340.1 347.8 360.3 365.6 365.1 372.6 379 384.9 387 412.1 423.6 433.2 575.4 603.3 542.48 668.7 460.5 193.3 193.9 198.8 216 221.3 220.6 225.3 236.2 238.2 243.7 243.2 248.1 268.5 274 290.2 64.7 67.7 73 71.7 79.6 81.7 88.5 91.2 101 113.7 119 118.3 125.4 132.5 137.8 159.9 165.7 179.5 337.8 492.7 589 480.4 534.8 557.6 529.4 0 527 604.3 319.7 371.2 445.5 496.8 512.4 482.7 717.78 856.38 504.6 532.6 563.9
867.17 887.1 709.98 727 733 750.52 754.52 773.54 775.54 586.2 617.58 639.5 641.5 668.72 678.22 693.24 715.79 732.81 738.31 762.23 623.29 647.21 650.21 680.53 1178.53 516.18 857.67 881.1 704.78 709.78 726.3 730.3 755.82 773.34 584.8 612.58 614.58 631.5 638.5 668.32 689.04 715.09 732.11 735.61 761.13 620.29 642.21 647.11 676.33 453.35 494.28 1034.08 798.3 303.1 802.7 601.45 606.45 518.8 551.8 560.9 566.2 314.3 319.6 318.8 323.8 335.1 337.4 342.7 341.9 346.6 357.8 362.5 359.8 364.9 376.3 380.8 414.1 421.7 436.3 445.4 439 446.7 459.2 464.5 464 471.5 477.9 483.8 485.9 511 522.5 532.1 674.3 702.2 641.38 767.6 559.4 292.2 292.8 297.7 314.9 320.2 319.5 324.2 335.1 337.1 342.6 342.1 347 367.4 372.9 389.1 163.6 166.6 171.9 170.6 178.5 180.6 187.4 190.1 199.9 212.6 217.9 217.2 224.3 231.4 236.7 258.8 264.6 278.4 436.7 591.6 687.9 579.3 633.7 656.5 628.3 691.6 0 77.3 418.6 470.1 544.4 595.7 611.3 581.6 816.68 955.28 603.5 631.5 662.8
789.87 809.8 632.68 649.7 655.7 673.22 677.22 696.24 698.24 508.9 540.28 562.2 564.2 591.42 600.92 615.94 638.49 655.51 661.01 684.93 545.99 569.91 572.91 603.23 1101.23 438.88 780.37 803.8 627.48 632.48 649 653 678.52 696.04 507.5 535.28 537.28 554.2 561.2 591.02 611.74 637.79 654.81 658.31 683.83 542.99 564.91 569.81 599.03 376.05 416.98 956.78 721 225.8 725.4 524.15 529.15 441.5 474.5 483.6 488.9 237 242.3 241.5 246.5 257.8 260.1 265.4 264.6 269.3 280.5 285.2 282.5 287.6 299 303.5 336.8 344.4 359 368.1 361.7 369.4 381.9 387.2 386.7 394.2 400.6 406.5 408.6 433.7 445.2 454.8 597 624.9 564.08 690.3 482.1 214.9 215.5 220.4 237.6 242.9 242.2 246.9 257.8 259.8 265.3 264.8 269.7 290.1 295.6 311.8 86.3 89.3 94.6 93.3 101.2 103.3 110.1 112.8 122.6 135.3 140.6 139.9 147 154.1 159.4 181.5 187.3 201.1 359.4 514.3 610.6 502 556.4 579.2 551 614.3 548.6 0 341.3 392.8 467.1 518.4 534 504.3 739.38 877.98 526.2 554.2 585.5
810.69 830.62 653.5 670.52 676.52 694.04 698.04 717.06 719.06 529.72 561.1 583.02 585.02 612.24 621.74 636.76 659.31 676.33 681.83 705.75 566.81 590.73 593.73 624.05 1122.05 459.7 801.19 824.62 648.3 653.3 669.82 673.82 699.34 716.86 528.32 556.1 558.1 575.02 582.02 611.84 632.56 658.61 675.63 679.13 704.65 563.81 585.73 590.63 619.85 627.45 668.38 977.6 741.82 477.2 746.22 544.97 549.97 641.6 674.6 432.5 437.8 437.1 442.4 441.6 446.6 457.9 460.2 465.5 464.7 469.4 480.6 485.3 482.6 487.7 499.1 503.6 285.7 293.3 307.9 317 310.6 318.3 330.8 336.1 335.6 343.1 349.5 355.4 357.5 382.6 394.1 403.7 797.1 825 265.8 639.2 676.4 415 415.6 420.5 437.7 443 442.3 447 457.9 459.9 465.4 464.9 469.8 490.2 495.7 511.9 337.7 340.7 346 344.7 352.6 354.7 361.5 364.2 374 386.7 392 391.3 398.4 405.5 410.8 381.6 387.4 401.2 559.5 714.4 559.5 702.1 215.1 237.9 209.7 273 207.3 284.6 0 51.5 125.8 177.1 192.7 163 760.2 898.8 184.9 754.3 785.6
759.19 779.12 602 619.02 625.02 642.54 646.54 665.56 667.56 478.22 509.6 531.52 533.52 560.74 570.24 585.26 607.81 624.83 630.33 654.25 515.31 539.23 542.23 572.55 1070.55 408.2 749.69 773.12 596.8 601.8 618.32 622.32 647.84 665.36 476.82 504.6 506.6 523.52 530.52 560.34 581.06 607.11 624.13 627.63 653.15 512.31 534.23 539.13 568.35 575.95 616.88 926.1 690.32 425.7 694.72 493.47 498.47 590.1 623.1 381 386.3 385.6 390.9 390.1 395.1 406.4 408.7 414 413.2 417.9 429.1 433.8 431.1 436.2 447.6 452.1 234.2 241.8 256.4 265.5 259.1 266.8 279.3 284.6 284.1 291.6 298 303.9 306 331.1 342.6 352.2 745.6 773.5 214.3 587.7 624.9 363.5 364.1 369 386.2 391.5 390.8 395.5 406.4 408.4 413.9 413.4 418.3 438.7 444.2 460.4 286.2 289.2 294.5 293.2 301.1 303.2 310 312.7 322.5 335.2 340.5 339.8 346.9 354 359.3 330.1 335.9 349.7 508 662.9 508 650.6 163.6 186.4 158.2 221.5 155.8 233.1 489.9 0 74.3 125.6 141.2 111.5 708.7 847.3 133.4 702.8 734.1
712.69 732.62 555.5 572.52 578.52 596.04 600.04 619.06 621.06 431.72 463.1 485.02 487.02 514.24 523.74 538.76 561.31 578.33 583.83 607.75 468.81 492.73 495.73 526.05 1024.05 361.7 703.19 726.62 550.3 555.3 571.82 575.82 601.34 618.86 430.32 458.1 460.1 477.02 484.02 513.84 534.56 560.61 577.63 581.13 606.65 465.81 487.73 492.63 521.85 501.65 542.58 879.6 643.82 351.4 648.22 446.97 451.97 543.6 576.6 334.5 339.8 339.1 344.4 343.6 348.6 359.9 362.2 367.5 366.7 371.4 382.6 387.3 384.6 389.7 401.1 405.6 187.7 195.3 209.9 219 212.6 220.3 232.8 238.1 237.6 245.1 251.5 257.4 259.5 284.6 296.1 305.7 699.1 727 167.8 541.2 578.4 317 317.6 322.5 339.7 345 344.3 349 359.9 361.9 367.4 366.9 371.8 392.2 397.7 413.9 211.9 214.9 220.2 218.9 226.8 228.9 235.7 238.4 248.2 260.9 266.2 265.5 272.6 279.7 285 283.6 289.4 303.2 461.5 616.4 461.5 604.1 89.3 139.9 83.9 147.2 81.5 158.8 443.4 494.9 0 51.3 66.9 606.4 662.2 800.8 59.1 656.3 687.6
661.39 681.32 504.2 521.22 527.22 544.74 548.74 567.76 569.76 380.42 411.8 433.72 435.72 462.94 472.44 487.46 510.01 527.03 532.53 556.45 417.51 441.43 444.43 474.75 972.75 310.4 651.89 675.32 499 504 520.52 524.52 550.04 567.56 379.02 406.8 408.8 425.72 432.72 462.54 483.26 509.31 526.33 529.83 555.35 414.51 436.43 441.33 470.55 450.35 491.28 828.3 592.52 300.1 596.92 395.67 400.67 492.3 525.3 283.2 288.5 287.8 293.1 292.3 297.3 308.6 310.9 316.2 315.4 320.1 331.3 336 333.3 338.4 349.8 354.3 136.4 144 158.6 167.7 161.3 169 181.5 186.8 186.3 193.8 200.2 206.1 208.2 233.3 244.8 254.4 647.8 675.7 116.5 489.9 527.1 265.7 266.3 271.2 288.4 293.7 293 297.7 308.6 310.6 316.1 315.6 320.5 340.9 346.4 362.6 160.6 163.6 168.9 167.6 175.5 177.6 184.4 187.1 196.9 209.6 214.9 214.2 221.3 228.4 233.7 232.3 238.1 251.9 410.2 565.1 410.2 552.8 38 88.6 32.6 95.9 30.2 107.5 392.1 443.6 517.9 0 15.6 555.1 610.9 749.5 7.8 605 636.3
848.57 868.5 691.38 708.4 714.4 731.92 735.92 754.94 756.94 567.6 598.98 620.9 622.9 650.12 659.62 674.64 697.19 714.21 719.71 743.63 604.69 628.61 631.61 661.93 1159.93 497.58 839.07 862.5 686.18 691.18 707.7 711.7 737.22 754.74 566.2 593.98 595.98 612.9 619.9 649.72 670.44 696.49 713.51 717.01 742.53 601.69 623.61 628.51 657.73 434.75 475.68 1015.48 779.7 284.5 784.1 582.85 587.85 500.2 533.2 542.3 547.6 295.7 301 300.2 305.2 316.5 318.8 324.1 323.3 328 339.2 343.9 341.2 346.3 357.7 362.2 395.5 403.1 417.7 426.8 420.4 428.1 440.6 445.9 445.4 452.9 459.3 465.2 467.3 492.4 503.9 513.5 655.7 683.6 622.78 749 540.8 273.6 274.2 279.1 296.3 301.6 300.9 305.6 316.5 318.5 324 323.5 328.4 348.8 354.3 370.5 145 148 153.3 152 159.9 162 168.8 171.5 181.3 194 199.3 198.6 205.7 212.8 218.1 240.2 246 259.8 418.1 573 669.3 560.7 615.1 637.9 17 80.3 14.6 91.9 400 451.5 525.8 577.1 0 563 798.08 936.68 584.9 612.9 644.2
647.69 667.62 490.5 507.52 513.52 531.04 535.04 554.06 556.06 366.72 398.1 420.02 422.02 449.24 458.74 473.76 496.31 513.33 518.83 542.75 403.81 427.73 430.73 461.05 959.05 296.7 638.19 661.62 485.3 490.3 506.82 510.82 536.34 553.86 365.32 393.1 395.1 412.02 419.02 448.84 469.56 495.61 512.63 516.13 541.65 400.81 422.73 427.63 456.85 666.55 707.48 814.6 578.82 516.3 583.22 381.97 386.97 478.6 511.6 269.5 274.8 274.1 279.4 278.6 283.6 294.9 297.2 302.5 301.7 306.4 317.6 322.3 319.6 324.7 336.1 340.6 122.7 130.3 144.9 154 147.6 155.3 167.8 173.1 172.6 180.1 186.5 192.4 194.5 219.6 231.1 240.7 634.1 662 102.8 476.2 513.4 252 252.6 257.5 274.7 280 279.3 284 294.9 296.9 302.4 301.9 306.8 327.2 332.7 348.9 376.8 379.8 385.1 383.8 391.7 393.8 400.6 403.3 413.1 425.8 431.1 430.4 437.5 444.6 449.9 218.6 224.4 238.2 396.5 551.4 396.5 539.1 593.5 74.9 588.1 651.4 585.7 663 378.4 429.9 504.2 555.5 571.1 0 597.2 735.8 563.3 591.3 622.6
860.79 880.72 703.6 720.62 726.62 744.14 748.14 767.16 769.16 579.82 611.2 633.12 635.12 662.34 671.84 686.86 709.41 726.43 731.93 755.85 616.91 640.83 643.83 674.15 1172.15 509.8 851.29 874.72 698.4 703.4 719.92 723.92 749.44 766.96 578.42 606.2 608.2 625.12 632.12 661.94 682.66 708.71 725.73 729.23 754.75 613.91 635.83 640.73 669.95 649.75 690.68 1027.7 791.92 499.5 796.32 595.07 600.07 691.7 724.7 482.6 487.9 487.2 492.5 491.7 496.7 508 510.3 515.6 514.8 519.5 530.7 535.4 532.7 537.8 549.2 553.7 335.8 343.4 358 367.1 360.7 368.4 380.9 386.2 385.7 393.2 399.6 405.5 407.6 432.7 444.2 453.8 847.2 875.1 315.9 689.3 726.5 465.1 465.7 470.6 487.8 493.1 492.4 497.1 508 510 515.5 515 519.9 540.3 545.8 562 360 363 368.3 367 374.9 377 383.8 386.5 396.3 409 414.3 413.6 420.7 427.8 433.1 431.7 437.5 451.3 609.6 764.5 609.6 752.2 237.4 288 232 295.3 229.6 306.9 591.5 643 717.3 768.6 215 754.5 0 138.6 207.2 804.4 835.7
722.19 742.12 565 582.02 588.02 605.54 609.54 628.56 630.56 441.22 472.6 494.52 496.52 523.74 533.24 548.26 570.81 587.83 593.33 617.25 478.31 502.23 505.23 535.55 1033.55 371.2 712.69 736.12 559.8 564.8 581.32 585.32 610.84 628.36 439.82 467.6 469.6 486.52 493.52 523.34 544.06 570.11 587.13 590.63 616.15 475.31 497.23 502.13 531.35 511.15 552.08 889.1 653.32 360.9 657.72 456.47 461.47 553.1 586.1 344 349.3 348.6 353.9 353.1 358.1 369.4 371.7 377 376.2 380.9 392.1 396.8 394.1 399.2 410.6 415.1 197.2 204.8 219.4 228.5 222.1 229.8 242.3 247.6 247.1 254.6 261 266.9 269 294.1 305.6 315.2 708.6 736.5 177.3 550.7 587.9 326.5 327.1 332 349.2 354.5 353.8 358.5 369.4 371.4 376.9 376.4 381.3 401.7 407.2 423.4 221.4 224.4 229.7 228.4 236.3 238.4 245.2 247.9 257.7 270.4 275.7 275 282.1 289.2 294.5 293.1 298.9 312.7 471 625.9 471 613.6 98.8 149.4 93.4 156.7 91 168.3 452.9 504.4 578.7 630 76.4 615.9 671.7 0 68.6 665.8 697.1
653.59 673.52 496.4 513.42 519.42 536.94 540.94 559.96 561.96 372.62 404 425.92 427.92 455.14 464.64 479.66 502.21 519.23 524.73 548.65 409.71 433.63 436.63 466.95 964.95 302.6 644.09 667.52 491.2 496.2 512.72 516.72 542.24 559.76 371.22 399 401 417.92 424.92 454.74 475.46 501.51 518.53 522.03 547.55 406.71 428.63 433.53 462.75 442.55 483.48 820.5 584.72 292.3 589.12 387.87 392.87 484.5 517.5 275.4 280.7 280 285.3 284.5 289.5 300.8 303.1 308.4 307.6 312.3 323.5 328.2 325.5 330.6 342 346.5 128.6 136.2 150.8 159.9 153.5 161.2 173.7 179 178.5 186 192.4 198.3 200.4 225.5 237 246.6 640 667.9 108.7 482.1 519.3 257.9 258.5 263.4 280.6 285.9 285.2 289.9 300.8 302.8 308.3 307.8 312.7 333.1 338.6 354.8 152.8 155.8 161.1 159.8 167.7 169.8 176.6 179.3 189.1 201.8 207.1 206.4 213.5 220.6 225.9 224.5 230.3 244.1 402.4 557.3 402.4 545 30.2 80.8 24.8 88.1 22.4 99.7 384.3 435.8 510.1 561.4 7.8 547.3 603.1 741.7 0 597.2 628.5
701.59 721.52 544.4 561.42 567.42 584.94 588.94 607.96 609.96 420.62 452 473.92 475.92 503.14 512.64 527.66 550.21 567.23 572.73 596.65 457.71 481.63 484.63 514.95 1012.95 350.6 692.09 715.52 539.2 544.2 560.72 564.72 590.24 607.76 419.22 447 449 465.92 472.92 502.74 523.46 549.51 566.53 570.03 595.55 454.71 476.63 481.53 510.75 471.55 512.48 868.5 632.72 321.3 637.12 435.87 440.87 532.5 565.5 323.4 328.7 328 333.3 332.5 337.5 348.8 351.1 356.4 355.6 360.3 371.5 376.2 373.5 378.6 390 394.5 176.6 184.2 198.8 207.9 201.5 209.2 221.7 227 226.5 234 240.4 246.3 248.4 273.5 285 294.6 688 715.9 156.7 530.1 567.3 305.9 306.5 311.4 328.6 333.9 333.2 337.9 348.8 350.8 356.3 355.8 360.7 381.1 386.6 402.8 181.8 184.8 190.1 188.8 196.7 198.8 205.6 208.3 218.1 230.8 236.1 235.4 242.5 249.6 254.9 272.5 278.3 292.1 450.4 605.3 450.4 593 647.4 670.2 642 705.3 639.6 716.9 432.3 483.8 558.1 609.4 625 595.3 651.1 789.7 617.2 0 31.3
670.29 690.22 513.1 530.12 536.12 553.64 557.64 576.66 578.66 389.32 420.7 442.62 444.62 471.84 481.34 496.36 518.91 535.93 541.43 565.35 426.41 450.33 453.33 483.65 981.65 319.3 660.79 684.22 507.9 512.9 529.42 533.42 558.94 576.46 387.92 415.7 417.7 434.62 441.62 471.44 492.16 518.21 535.23 538.73 564.25 423.41 445.33 450.23 479.45 440.25 481.18 837.2 601.42 290 605.82 404.57 409.57 501.2 534.2 292.1 297.4 296.7 302 301.2 306.2 317.5 319.8 325.1 324.3 329 340.2 344.9 342.2 347.3 358.7 363.2 145.3 152.9 167.5 176.6 170.2 177.9 190.4 195.7 195.2 202.7 209.1 215 217.1 242.2 253.7 263.3 656.7 684.6 125.4 498.8 536 274.6 275.2 280.1 297.3 302.6 301.9 306.6 317.5 319.5 325 324.5 329.4 349.8 355.3 371.5 150.5 153.5 158.8 157.5 165.4 167.5 174.3 177 186.8 199.5 204.8 204.1 211.2 218.3 223.6 241.2 247 260.8 419.1 574 419.1 561.7 616.1 638.9 610.7 674 608.3 685.6 401 452.5 526.8 578.1 593.7 564 619.8 758.4 585.9 613.9 0
0 1 19.93
9 10 38.28
9 56 20.25
10 11 27.8
10 20 5.71
11 12 2
11 21 7.71
12 13 30
12 22 8.71
13 14 9.5
13 23 11.81
14 15 16.72
55 35 11.13
56 10 11.13
15 2 16.74
15 54 109.46
16 3 11.21
17 5 22.31
18 5 12.21
1 2 95.38
1 27 10.1
19 7 11.31
20 11 20.01
21 13 25.21
22 13 18.51
23 15 12.71
24 25 57.13
25 9 70.02
25 34 68.62
26 27 23.43
27 28 70.78
27 2 84.28
28 29 5
2 3 19
2 16 5.81
29 30 19
29 41 5.31
30 31 4
30 42 5.81
31 32 29.1
31 43 5.31
32 33 21.1
32 44 5.31
33 34 13.7
33 51 260.74
34 35 34.48
34 55 16.65
35 36 2
35 11 26.92
36 37 19
36 45 5.71
37 38 7
37 46 10.71
38 39 32.6
38 47 8.61
3 4 6
3 17 5.81
39 40 23.92
39 48 8.01
40 28 15.74
40 52 109.26
41 30 11.21
42 32 28.31
43 32 20.21
44 33 12.21
45 37 11.21
46 39 29.81
47 39 21.21
48 40 12.71
4 5 21.1
4 18 5.31
49 50 40.93
50 34 92.72
50 25 21.9
51 24 144.45
52 26 59.37
53 49 150.25
54 0 64.47
5 6 4
5 33 34.22
6 7 21.1
6 19 7.71
7 8 2
8 9 14.52
8 53 260.24
94 76 19.9
94 25 193.9
95 96 37.2
96 97 116.6
96 59 128.4
97 98 0.6
97 61 22.1
98 99 4.9
98 100 23.7
99 100 17.2
100 101 5.3
100 102 4.6
101 104 18.3
102 103 4.7
102 104 17.5
103 104 10.9
104 105 2
105 106 5.5
105 107 5
106 109 28
107 108 4.9
107 109 27
108 109 20.4
109 110 5.5
109 111 23.1
110 111 16.2
111 112 27.9
111 131 202.5
112 113 3
112 53 139.5
113 114 5.3
113 115 4
114 117 10.9
115 116 7.9
115 117 10
116 119 14.7
117 118 6.8
117 119 9.5
118 121 27.8
119 120 9.8
119 121 23.3
120 121 12.7
121 122 5.3
121 123 4.6
122 125 14.8
123 124 7.1
123 125 14.2
124 127 38.8
125 126 5.3
125 127 29.8
126 127 22.1
127 128 5.8
127 130 177.9
128 129 13.8
128 97 85.6
129 97 13.8
130 57 82.1
131 92 82.7
132 95 79.7
133 149 52.2
134 135 50.6
135 94 27.9
136 137 63.3
137 112 64.7
138 139 77.3
139 112 86.3
140 141 51.5
141 142 74.3
141 145 111.5
142 143 51.3
143 144 19.4
143 148 7.8
144 136 17
144 138 14.6
145 135 74.9
146 147 138.6
147 148 68.6
148 144 7.8
148 134 30.2
149 150 31.3
150 94 125.4
150 112 150.5
25 94 125.2
29 112 58.7
29 146 106.9
57 58 33
58 59 138.9
58 96 7.6
59 60 5.3
59 61 27.2
60 61 21.5
61 62 5.3
61 63 4.5
62 65 18.3
63 64 5
63 65 17.7
64 65 11.3
65 66 2.3
66 67 5.3
66 68 4.5
67 70 18.3
68 69 4.7
68 70 17.7
69 70 11.2
70 71 4.7
70 72 2
71 74 17
72 73 5.1
72 74 18.2
73 74 11.4
74 75 4.5
74 140 42.3
75 76 33.3
75 133 198.5
76 77 7.6
76 78 23.2
77 78 14.6
78 79 9.1
78 80 2.7
79 82 16.3
80 81 7.7
80 82 21.2
81 82 12.5
82 83 5.3
82 84 4.8
83 86 14.9
84 85 7.5
84 86 13.9
85 88 16.8
86 88 8
86 87 5.9
87 89 28.8
88 89 25.1
88 127 24.1
89 90 11.5
89 132 176.9
90 91 9.6
90 59 73.8
91 59 28.8
92 93 27.9
93 94 135.6
93 150 9.3
